latitude,longitude,bright_ti4,scan,track,acq_date,acq_time,satellite,instrument,confidence,version,bright_ti5,frp,daynight
14.42548,97.98492,341.49,0.39,0.36,2026-05-03,642,N21,VIIRS,l,2.0NRT,302.33,7.55,D
14.75179,97.95919,337.06,0.39,0.36,2026-05-03,642,N21,VIIRS,l,2.0NRT,305.4,7.42,D
15.09617,97.8981,339.68,0.39,0.36,2026-05-03,642,N21,VIIRS,l,2.0NRT,301.66,6.49,D
15.96413,94.61282,332.45,0.49,0.4,2026-05-03,644,N21,VIIRS,l,2.0NRT,296.66,9.33,D
16.03329,97.92303,336.37,0.39,0.36,2026-05-03,644,N21,VIIRS,l,2.0NRT,310.71,8.38,D
16.05299,97.81013,332.2,0.39,0.36,2026-05-03,644,N21,VIIRS,l,2.0NRT,299.56,3.05,D
16.05573,97.80602,350.13,0.39,0.36,2026-05-03,644,N21,VIIRS,l,2.0NRT,302.85,18.15,D
16.09596,94.7234,340.09,0.48,0.4,2026-05-03,644,N21,VIIRS,l,2.0NRT,298.67,8.77,D
16.20244,97.96395,341.34,0.38,0.36,2026-05-03,644,N21,VIIRS,n,2.0NRT,307.97,9.86,D
16.22543,94.84198,331.65,0.47,0.4,2026-05-03,644,N21,VIIRS,l,2.0NRT,297.87,9.87,D
16.25815,97.83708,342.91,0.39,0.36,2026-05-03,644,N21,VIIRS,n,2.0NRT,310.14,9.32,D
16.5164,96.36373,335.72,0.41,0.37,2026-05-03,644,N21,VIIRS,n,2.0NRT,294.14,7.32,D
16.73938,97.95783,341.62,0.38,0.36,2026-05-03,644,N21,VIIRS,n,2.0NRT,309.61,13.6,D
16.9281,97.83382,341.6,0.38,0.36,2026-05-03,644,N21,VIIRS,n,2.0NRT,302.52,4.16,D
17.03373,94.95052,336.55,0.46,0.39,2026-05-03,644,N21,VIIRS,l,2.0NRT,299.29,16.74,D
17.1752,94.99056,341.62,0.45,0.39,2026-05-03,644,N21,VIIRS,l,2.0NRT,299.93,12.56,D
17.34379,97.52854,331.41,0.39,0.36,2026-05-03,644,N21,VIIRS,l,2.0NRT,302.61,6.7,D
17.47261,97.81168,334.13,0.38,0.36,2026-05-03,644,N21,VIIRS,n,2.0NRT,299.36,4.31,D
17.48244,97.92014,330.15,0.38,0.36,2026-05-03,644,N21,VIIRS,n,2.0NRT,297.16,1.03,D
17.51551,97.31757,333.2,0.39,0.36,2026-05-03,644,N21,VIIRS,l,2.0NRT,307.88,8.55,D
17.52894,97.96014,348.46,0.38,0.36,2026-05-03,644,N21,VIIRS,n,2.0NRT,300.73,11.54,D
17.9328,97.70762,345.48,0.38,0.36,2026-05-03,644,N21,VIIRS,n,2.0NRT,303.04,9.09,D
17.93335,97.71121,331.73,0.38,0.36,2026-05-03,644,N21,VIIRS,n,2.0NRT,298.95,9.09,D
18.03641,95.53831,337.07,0.42,0.38,2026-05-03,644,N21,VIIRS,l,2.0NRT,306.93,4.79,D
18.06367,97.91777,340.71,0.38,0.36,2026-05-03,644,N21,VIIRS,n,2.0NRT,302.3,3.78,D
18.16101,97.88643,344.74,0.38,0.36,2026-05-03,644,N21,VIIRS,n,2.0NRT,302.05,6.23,D
18.23052,97.80416,334.06,0.38,0.36,2026-05-03,644,N21,VIIRS,n,2.0NRT,302.25,2.44,D
18.2349,97.8108,351.7,0.38,0.36,2026-05-03,644,N21,VIIRS,n,2.0NRT,306.3,13.65,D
18.23929,97.79533,332.23,0.38,0.36,2026-05-03,644,N21,VIIRS,l,2.0NRT,305.42,5.74,D
18.23983,97.79893,332.33,0.38,0.36,2026-05-03,644,N21,VIIRS,l,2.0NRT,303.39,5.74,D
18.58085,94.30511,335.33,0.47,0.4,2026-05-03,644,N21,VIIRS,n,2.0NRT,300.68,5.8,D
18.7201,95.22195,339.25,0.43,0.38,2026-05-03,644,N21,VIIRS,n,2.0NRT,307.37,14.76,D
18.80355,95.02438,342.09,0.43,0.38,2026-05-03,644,N21,VIIRS,n,2.0NRT,305.58,5.03,D
18.83892,94.96791,332.53,0.44,0.38,2026-05-03,644,N21,VIIRS,l,2.0NRT,305.68,3.54,D
18.86347,93.60766,333.4,0.5,0.41,2026-05-03,644,N21,VIIRS,n,2.0NRT,300.07,4.44,D
18.90899,95.96478,336.47,0.4,0.37,2026-05-03,644,N21,VIIRS,n,2.0NRT,302.21,11.29,D
18.94152,95.11186,342.49,0.43,0.38,2026-05-03,644,N21,VIIRS,n,2.0NRT,307.25,6.52,D
18.94218,95.11587,338.92,0.43,0.38,2026-05-03,644,N21,VIIRS,l,2.0NRT,308.96,6.45,D
18.99415,94.12327,330.31,0.47,0.4,2026-05-03,644,N21,VIIRS,l,2.0NRT,301.63,3.09,D
19.01712,94.97412,338.27,0.43,0.38,2026-05-03,644,N21,VIIRS,l,2.0NRT,306.86,11.31,D
19.05035,95.19624,341.08,0.43,0.38,2026-05-03,644,N21,VIIRS,l,2.0NRT,307.29,11.27,D
19.07501,94.13184,337.07,0.47,0.4,2026-05-03,644,N21,VIIRS,l,2.0NRT,303.07,4.64,D
19.07577,94.13625,330.84,0.47,0.4,2026-05-03,644,N21,VIIRS,l,2.0NRT,300.76,4.64,D
19.10126,95.59193,342.93,0.41,0.37,2026-05-03,644,N21,VIIRS,l,2.0NRT,306.36,3.67,D
19.34975,95.28191,337.77,0.42,0.38,2026-05-03,644,N21,VIIRS,l,2.0NRT,306.92,4.21,D
20.09535,94.89259,336.75,0.43,0.38,2026-05-03,644,N21,VIIRS,l,2.0NRT,309.4,7.02,D
20.35781,96.15347,333.48,0.39,0.36,2026-05-03,644,N21,VIIRS,n,2.0NRT,300.35,3.35,D
21.10155,97.06079,335.29,0.38,0.36,2026-05-03,644,N21,VIIRS,l,2.0NRT,308.31,3.48,D
21.49582,94.62798,342.15,0.42,0.38,2026-05-03,644,N21,VIIRS,l,2.0NRT,310.28,7.37,D
21.54991,94.55226,335.4,0.43,0.38,2026-05-03,644,N21,VIIRS,l,2.0NRT,307.55,3.72,D
21.58667,97.20174,333.43,0.38,0.36,2026-05-03,644,N21,VIIRS,n,2.0NRT,304.02,2.39,D
21.27013,82.95731,333.46,0.7,0.75,2026-05-03,646,N21,VIIRS,l,2.0NRT,303.5,7.67,D
21.30318,82.99419,331.62,0.7,0.75,2026-05-03,646,N21,VIIRS,l,2.0NRT,303.58,4.51,D
21.38094,82.8774,337.13,0.71,0.75,2026-05-03,646,N21,VIIRS,n,2.0NRT,301.86,7.26,D
21.38383,82.87929,332.66,0.7,0.75,2026-05-03,646,N21,VIIRS,n,2.0NRT,301.44,6.14,D
21.61044,83.18255,339.06,0.67,0.73,2026-05-03,646,N21,VIIRS,n,2.0NRT,301.56,10.89,D
21.66553,83.80183,333.21,0.61,0.71,2026-05-03,646,N21,VIIRS,n,2.0NRT,298.31,5.04,D
21.67926,84.03879,333.66,0.59,0.7,2026-05-03,646,N21,VIIRS,n,2.0NRT,302.97,6.45,D
21.68141,83.67088,334.28,0.62,0.71,2026-05-03,646,N21,VIIRS,n,2.0NRT,298.08,6.07,D
21.75536,84.02515,331.17,0.58,0.7,2026-05-03,646,N21,VIIRS,l,2.0NRT,302.91,4.31,D
21.77559,84.47986,330.07,0.55,0.68,2026-05-03,646,N21,VIIRS,n,2.0NRT,299.34,8.73,D
21.78517,82.8334,334.39,0.69,0.75,2026-05-03,646,N21,VIIRS,n,2.0NRT,301.3,12.39,D
21.78789,82.83172,340.03,0.69,0.75,2026-05-03,646,N21,VIIRS,n,2.0NRT,301.98,6.9,D
21.80695,83.31744,331.45,0.65,0.73,2026-05-03,646,N21,VIIRS,n,2.0NRT,300.71,5.67,D
21.80749,83.31464,330.72,0.65,0.73,2026-05-03,646,N21,VIIRS,n,2.0NRT,300.54,3.22,D
21.84054,83.39476,332.18,0.64,0.72,2026-05-03,646,N21,VIIRS,n,2.0NRT,301.6,4.88,D
21.91792,83.35053,332.71,0.64,0.72,2026-05-03,646,N21,VIIRS,n,2.0NRT,300.82,3.81,D
21.91862,83.35185,332.97,0.64,0.72,2026-05-03,646,N21,VIIRS,n,2.0NRT,300.98,4.55,D
21.99988,83.2073,332.07,0.65,0.73,2026-05-03,646,N21,VIIRS,n,2.0NRT,301.01,8.03,D
22.00437,83.203,334,0.65,0.73,2026-05-03,646,N21,VIIRS,n,2.0NRT,299.96,4.88,D
22.2432,82.76131,336.07,0.68,0.74,2026-05-03,646,N21,VIIRS,n,2.0NRT,301.1,5.18,D
22.79432,86.20686,352.09,0.4,0.6,2026-05-03,646,N21,VIIRS,n,2.0NRT,300.18,12.39,D
22.97552,96.00518,331.12,0.39,0.36,2026-05-03,646,N21,VIIRS,l,2.0NRT,301.93,3.35,D
22.9794,96.00832,331.55,0.39,0.36,2026-05-03,646,N21,VIIRS,l,2.0NRT,303.57,3.31,D
23.23657,83.42827,330.06,0.59,0.7,2026-05-03,646,N21,VIIRS,l,2.0NRT,304.52,6.78,D
23.64731,85.43927,338.14,0.43,0.62,2026-05-03,646,N21,VIIRS,n,2.0NRT,301.13,5.19,D
23.73808,86.43375,336.75,0.37,0.58,2026-05-03,646,N21,VIIRS,n,2.0NRT,300.08,3.86,D
23.75147,86.41759,337.82,0.37,0.58,2026-05-03,646,N21,VIIRS,n,2.0NRT,300.44,2.85,D
23.76466,86.40479,335.85,0.37,0.58,2026-05-03,646,N21,VIIRS,n,2.0NRT,300.4,3.85,D
23.76987,86.40342,330.28,0.37,0.58,2026-05-03,646,N21,VIIRS,n,2.0NRT,298.66,3.85,D
23.77797,86.39024,338.63,0.37,0.58,2026-05-03,646,N21,VIIRS,n,2.0NRT,300.57,7.8,D
23.78215,86.21017,331.2,0.38,0.59,2026-05-03,646,N21,VIIRS,n,2.0NRT,301.01,7.7,D
23.79693,86.35136,338.56,0.38,0.58,2026-05-03,646,N21,VIIRS,n,2.0NRT,300.05,5.47,D
23.80346,86.33092,330.68,0.38,0.59,2026-05-03,646,N21,VIIRS,l,2.0NRT,301.45,4.59,D
23.82782,84.57378,337.39,0.49,0.65,2026-05-03,646,N21,VIIRS,n,2.0NRT,301.36,7.42,D
24.72084,80.82372,339.64,0.79,0.78,2026-05-03,646,N21,VIIRS,n,2.0NRT,292.57,9.13,D
24.73858,83.10345,332.36,0.57,0.69,2026-05-03,646,N21,VIIRS,n,2.0NRT,294.05,6.43,D
24.75682,83.00011,338.55,0.58,0.7,2026-05-03,646,N21,VIIRS,n,2.0NRT,294.34,8.37,D
24.78914,84.12934,338.92,0.49,0.65,2026-05-03,646,N21,VIIRS,n,2.0NRT,291.6,4.41,D
24.95083,83.63005,344.44,0.52,0.67,2026-05-03,646,N21,VIIRS,n,2.0NRT,292.18,7.5,D
24.95188,83.62859,341.32,0.52,0.67,2026-05-03,646,N21,VIIRS,n,2.0NRT,292.05,8.46,D
25.02622,84.25097,330.27,0.48,0.65,2026-05-03,646,N21,VIIRS,n,2.0NRT,292.63,4.27,D
25.32519,84.29993,330.06,0.47,0.64,2026-05-03,646,N21,VIIRS,n,2.0NRT,287.6,5.75,D
25.45409,83.59652,367,0.51,0.66,2026-05-03,646,N21,VIIRS,h,2.0NRT,294.02,14.51,D
26.28836,81.04073,336.61,0.7,0.75,2026-05-03,646,N21,VIIRS,n,2.0NRT,292.42,10.94,D
26.38755,80.96344,333.33,0.7,0.75,2026-05-03,646,N21,VIIRS,n,2.0NRT,293.57,6.04,D
26.3926,80.96497,336.08,0.7,0.75,2026-05-03,646,N21,VIIRS,n,2.0NRT,293.4,8.51,D
26.73082,80.30978,331.65,0.76,0.77,2026-05-03,646,N21,VIIRS,n,2.0NRT,297.47,7.57,D
26.73132,80.30849,338.91,0.76,0.77,2026-05-03,646,N21,VIIRS,n,2.0NRT,297.25,10.18,D
26.93532,83.03318,341.25,0.51,0.66,2026-05-03,646,N21,VIIRS,n,2.0NRT,293.05,5.83,D
29.55547,90.96362,339.24,0.48,0.4,2026-05-03,646,N21,VIIRS,n,2.0NRT,303.65,7.54,D
28.12463,80.0517,334.45,0.72,0.76,2026-05-03,648,N21,VIIRS,n,2.0NRT,293.82,7.03,D
28.1259,80.05103,333.31,0.72,0.76,2026-05-03,648,N21,VIIRS,n,2.0NRT,293.84,6.05,D
28.6583,79.58096,329.07,0.75,0.77,2026-05-03,648,N21,VIIRS,n,2.0NRT,291.16,6.9,D
28.65843,79.58136,329.42,0.75,0.77,2026-05-03,648,N21,VIIRS,n,2.0NRT,291,3.77,D
28.8939,79.44675,334.52,0.75,0.77,2026-05-03,648,N21,VIIRS,n,2.0NRT,290.73,9.77,D
28.9082,79.39438,328.34,0.75,0.77,2026-05-03,648,N21,VIIRS,n,2.0NRT,290.51,5.54,D
28.94151,79.40707,327.69,0.75,0.77,2026-05-03,648,N21,VIIRS,n,2.0NRT,290.17,9.73,D
28.94377,79.4136,329.61,0.75,0.77,2026-05-03,648,N21,VIIRS,n,2.0NRT,290.42,6.37,D
9.50398,78.00838,338.16,0.48,0.4,2026-05-03,822,N21,VIIRS,n,2.0NRT,286.07,3.96,D
10.46727,77.10046,346.62,0.45,0.39,2026-05-03,822,N21,VIIRS,n,2.0NRT,295.99,15.86,D
10.47081,77.09998,333.56,0.45,0.39,2026-05-03,822,N21,VIIRS,n,2.0NRT,294.03,8.04,D
10.47141,77.10413,336.54,0.45,0.39,2026-05-03,822,N21,VIIRS,n,2.0NRT,295.28,8.04,D
10.76248,77.14001,330.75,0.45,0.39,2026-05-03,822,N21,VIIRS,n,2.0NRT,294.28,2.96,D
10.92629,76.82317,335.91,0.44,0.38,2026-05-03,822,N21,VIIRS,n,2.0NRT,298.47,3.37,D
11.01167,79.0201,343.48,0.38,0.43,2026-05-03,822,N21,VIIRS,n,2.0NRT,295.47,4,D
11.01233,79.14207,336.98,0.39,0.44,2026-05-03,822,N21,VIIRS,n,2.0NRT,295.93,3.02,D
11.01446,76.90527,335.06,0.45,0.39,2026-05-03,822,N21,VIIRS,n,2.0NRT,299.94,3.46,D
11.22345,79.10449,337.69,0.39,0.44,2026-05-03,822,N21,VIIRS,n,2.0NRT,300.72,4.79,D
11.22659,79.7182,344.45,0.43,0.46,2026-05-03,822,N21,VIIRS,n,2.0NRT,294.57,7.9,D
11.22912,79.71668,341.85,0.43,0.46,2026-05-03,822,N21,VIIRS,n,2.0NRT,294.7,9.57,D
11.42159,79.03214,337.61,0.39,0.44,2026-05-03,822,N21,VIIRS,n,2.0NRT,303.67,5.61,D
11.45182,78.18774,332.89,0.52,0.42,2026-05-03,822,N21,VIIRS,n,2.0NRT,300.96,2.16,D
11.45185,78.18981,333.25,0.52,0.42,2026-05-03,822,N21,VIIRS,n,2.0NRT,300.69,1.51,D
11.46129,79.26192,344.08,0.4,0.44,2026-05-03,822,N21,VIIRS,n,2.0NRT,298.81,7.48,D
11.46535,79.26134,354.8,0.4,0.44,2026-05-03,822,N21,VIIRS,n,2.0NRT,299.71,7.48,D
11.47957,79.27431,333.53,0.4,0.45,2026-05-03,822,N21,VIIRS,n,2.0NRT,297.41,2.21,D
11.53241,79.1114,337.8,0.4,0.44,2026-05-03,822,N21,VIIRS,n,2.0NRT,296.32,1.76,D
11.48501,76.70207,337.93,0.44,0.38,2026-05-03,824,N21,VIIRS,n,2.0NRT,306.17,8.54,D
11.80268,75.81501,333.59,0.41,0.37,2026-05-03,824,N21,VIIRS,n,2.0NRT,266.48,9.86,D
11.82439,79.33184,333.45,0.41,0.45,2026-05-03,824,N21,VIIRS,n,2.0NRT,302.69,1.87,D
11.91432,77.25803,335.74,0.47,0.4,2026-05-03,824,N21,VIIRS,n,2.0NRT,302.1,8.73,D
11.91859,79.50876,340.4,0.42,0.45,2026-05-03,824,N21,VIIRS,n,2.0NRT,301.21,7.56,D
11.94121,76.73218,350.06,0.45,0.39,2026-05-03,824,N21,VIIRS,n,2.0NRT,311,8.99,D
11.94179,76.73626,348.65,0.45,0.39,2026-05-03,824,N21,VIIRS,n,2.0NRT,310.71,7.22,D
12.04922,76.96087,341.34,0.46,0.39,2026-05-03,824,N21,VIIRS,l,2.0NRT,312.43,5.67,D
12.05279,76.96034,347.65,0.46,0.39,2026-05-03,824,N21,VIIRS,n,2.0NRT,311.75,5.67,D
12.05637,76.95982,342.87,0.46,0.39,2026-05-03,824,N21,VIIRS,n,2.0NRT,311.55,5.38,D
12.05994,76.9593,345.77,0.46,0.39,2026-05-03,824,N21,VIIRS,n,2.0NRT,311.5,5.38,D
12.07824,79.60682,342.63,0.43,0.46,2026-05-03,824,N21,VIIRS,n,2.0NRT,303.49,3.61,D
12.07933,79.60702,343.52,0.43,0.46,2026-05-03,824,N21,VIIRS,n,2.0NRT,303.12,3.83,D
12.08265,76.91339,337.8,0.46,0.39,2026-05-03,824,N21,VIIRS,l,2.0NRT,310.21,4.19,D
12.12658,79.51259,336.89,0.43,0.46,2026-05-03,824,N21,VIIRS,n,2.0NRT,302.16,4.71,D
12.15439,77.13496,331.97,0.47,0.4,2026-05-03,824,N21,VIIRS,l,2.0NRT,306.36,3.19,D
12.27979,79.78775,334.47,0.45,0.47,2026-05-03,824,N21,VIIRS,n,2.0NRT,303.16,3.52,D
12.29038,79.76965,336.31,0.45,0.47,2026-05-03,824,N21,VIIRS,n,2.0NRT,302.73,3.38,D
12.29616,79.9112,342.84,0.46,0.47,2026-05-03,824,N21,VIIRS,n,2.0NRT,302.36,15.55,D
12.31169,77.29156,339.73,0.48,0.4,2026-05-03,824,N21,VIIRS,n,2.0NRT,309.55,6.44,D
12.31869,79.55886,332.9,0.43,0.46,2026-05-03,824,N21,VIIRS,l,2.0NRT,303.78,3.59,D
12.32099,79.93326,350.23,0.46,0.47,2026-05-03,824,N21,VIIRS,n,2.0NRT,302.05,18.42,D
12.3226,77.28967,348.85,0.48,0.4,2026-05-03,824,N21,VIIRS,n,2.0NRT,311.53,7.56,D
12.32624,77.28906,355.93,0.48,0.4,2026-05-03,824,N21,VIIRS,n,2.0NRT,311.01,10.98,D
12.37357,79.74734,345.19,0.45,0.47,2026-05-03,824,N21,VIIRS,n,2.0NRT,309.68,38.5,D
12.39711,78.73192,337.27,0.39,0.44,2026-05-03,824,N21,VIIRS,n,2.0NRT,306.34,2.43,D
12.40146,77.83777,334.66,0.51,0.41,2026-05-03,824,N21,VIIRS,l,2.0NRT,307.16,7.54,D
12.40397,77.828,337.8,0.51,0.41,2026-05-03,824,N21,VIIRS,n,2.0NRT,304.39,5.46,D
12.44641,79.9483,343.08,0.46,0.47,2026-05-03,824,N21,VIIRS,n,2.0NRT,300.88,12.08,D
12.44823,79.9473,342.42,0.46,0.47,2026-05-03,824,N21,VIIRS,n,2.0NRT,301.49,8.54,D
12.4488,79.95151,343.4,0.46,0.47,2026-05-03,824,N21,VIIRS,n,2.0NRT,300.93,9.02,D
12.44985,79.70404,343.41,0.44,0.46,2026-05-03,824,N21,VIIRS,n,2.0NRT,304.23,6.37,D
12.48065,79.70809,334.7,0.44,0.46,2026-05-03,824,N21,VIIRS,n,2.0NRT,302.13,4.96,D
12.48084,78.69216,333.11,0.38,0.43,2026-05-03,824,N21,VIIRS,l,2.0NRT,304.11,3.28,D
12.51021,79.21367,335.08,0.41,0.45,2026-05-03,824,N21,VIIRS,n,2.0NRT,303.66,3.48,D
12.6329,79.94518,335.3,0.46,0.47,2026-05-03,824,N21,VIIRS,n,2.0NRT,303.98,6.37,D
12.66721,79.85223,342.34,0.46,0.47,2026-05-03,824,N21,VIIRS,n,2.0NRT,302.19,2.79,D
12.69201,79.90874,335.53,0.46,0.47,2026-05-03,824,N21,VIIRS,n,2.0NRT,301.06,5.42,D
12.69633,79.90815,345.57,0.46,0.47,2026-05-03,824,N21,VIIRS,n,2.0NRT,301.04,5.42,D
12.74361,77.68525,341.12,0.51,0.41,2026-05-03,824,N21,VIIRS,n,2.0NRT,307.82,4.9,D
12.76997,79.01094,341.56,0.4,0.45,2026-05-03,824,N21,VIIRS,n,2.0NRT,301.68,5.06,D
12.79763,77.67926,336.54,0.51,0.41,2026-05-03,824,N21,VIIRS,n,2.0NRT,305.62,4.02,D
12.81146,79.89751,335.6,0.46,0.47,2026-05-03,824,N21,VIIRS,n,2.0NRT,288.04,2.93,D
12.8571,79.8234,352.9,0.46,0.47,2026-05-03,824,N21,VIIRS,n,2.0NRT,302.78,10.42,D
12.85866,79.8225,346.88,0.46,0.47,2026-05-03,824,N21,VIIRS,n,2.0NRT,303.49,12.37,D
12.8663,79.79237,345.16,0.46,0.47,2026-05-03,824,N21,VIIRS,n,2.0NRT,303.12,6.73,D
12.87383,79.78286,338.83,0.45,0.47,2026-05-03,824,N21,VIIRS,n,2.0NRT,301.77,3.65,D
12.89686,78.09816,337.45,0.54,0.42,2026-05-03,824,N21,VIIRS,n,2.0NRT,303.08,6.32,D
12.91867,79.65895,336.17,0.45,0.47,2026-05-03,824,N21,VIIRS,n,2.0NRT,302.42,5.75,D
12.91921,79.66306,335.78,0.45,0.47,2026-05-03,824,N21,VIIRS,n,2.0NRT,300.43,3.04,D
12.91929,79.6965,332.4,0.45,0.47,2026-05-03,824,N21,VIIRS,n,2.0NRT,302.37,3.16,D
12.91983,79.70061,339.38,0.45,0.47,2026-05-03,824,N21,VIIRS,n,2.0NRT,305.62,3.16,D
12.92347,79.66248,332.97,0.45,0.47,2026-05-03,824,N21,VIIRS,n,2.0NRT,300.66,3.04,D
12.93569,78.32645,335.8,0.55,0.43,2026-05-03,824,N21,VIIRS,n,2.0NRT,302.02,5.63,D
12.9676,79.74213,341.29,0.45,0.47,2026-05-03,824,N21,VIIRS,n,2.0NRT,306.04,4.59,D
12.96813,79.7463,334.98,0.45,0.47,2026-05-03,824,N21,VIIRS,n,2.0NRT,304.81,4.59,D
12.99761,79.67072,341.85,0.45,0.47,2026-05-03,824,N21,VIIRS,n,2.0NRT,303.1,7.89,D
13.00384,74.8521,336.05,0.39,0.37,2026-05-03,824,N21,VIIRS,n,2.0NRT,301.12,3.55,D
13.00841,79.85598,341.28,0.46,0.47,2026-05-03,824,N21,VIIRS,n,2.0NRT,304.48,4.3,D
13.01925,79.87174,333.12,0.46,0.47,2026-05-03,824,N21,VIIRS,l,2.0NRT,304.18,2.99,D
13.05022,80.07816,341.89,0.48,0.48,2026-05-03,824,N21,VIIRS,n,2.0NRT,296.35,7.91,D
13.10037,78.87164,353.03,0.4,0.44,2026-05-03,824,N21,VIIRS,n,2.0NRT,305.99,11.12,D
13.11016,79.80867,336.25,0.46,0.47,2026-05-03,824,N21,VIIRS,n,2.0NRT,302.21,4.53,D
13.1107,79.81288,336.75,0.46,0.47,2026-05-03,824,N21,VIIRS,n,2.0NRT,300.93,4.53,D
13.11448,79.80808,344.03,0.46,0.47,2026-05-03,824,N21,VIIRS,n,2.0NRT,301.22,4.53,D
13.1631,79.48316,334.39,0.44,0.46,2026-05-03,824,N21,VIIRS,n,2.0NRT,300.08,2.55,D
13.17322,79.69875,341.41,0.45,0.47,2026-05-03,824,N21,VIIRS,n,2.0NRT,297.5,13.71,D
13.19241,79.78133,334.13,0.46,0.47,2026-05-03,824,N21,VIIRS,n,2.0NRT,299.84,2.77,D
13.21581,74.81491,334.48,0.4,0.37,2026-05-03,824,N21,VIIRS,n,2.0NRT,303.37,5.84,D
13.2444,78.71034,335.04,0.39,0.44,2026-05-03,824,N21,VIIRS,l,2.0NRT,307.5,3.13,D
13.27309,78.82533,331.65,0.4,0.44,2026-05-03,824,N21,VIIRS,l,2.0NRT,304.65,1.08,D
13.33104,80.13486,332.31,0.49,0.48,2026-05-03,824,N21,VIIRS,n,2.0NRT,297.79,1.53,D
13.33109,80.13267,332.28,0.49,0.48,2026-05-03,824,N21,VIIRS,n,2.0NRT,298.21,4.13,D
13.42707,78.82911,343.07,0.4,0.44,2026-05-03,824,N21,VIIRS,n,2.0NRT,308.09,5.17,D
13.43111,78.82845,340.36,0.4,0.44,2026-05-03,824,N21,VIIRS,n,2.0NRT,306.41,7.22,D
13.44822,80.16924,342.13,0.49,0.49,2026-05-03,824,N21,VIIRS,n,2.0NRT,297.37,6.58,D
13.45195,80.17032,341.61,0.49,0.49,2026-05-03,824,N21,VIIRS,n,2.0NRT,296.68,8.05,D
13.55881,79.63908,351.08,0.45,0.47,2026-05-03,824,N21,VIIRS,n,2.0NRT,310.25,33.66,D
13.55927,79.64266,344.97,0.45,0.47,2026-05-03,824,N21,VIIRS,n,2.0NRT,309.63,33.66,D
13.56236,79.1348,348.49,0.42,0.45,2026-05-03,824,N21,VIIRS,n,2.0NRT,308.15,5.27,D
13.56311,79.63854,332.52,0.45,0.47,2026-05-03,824,N21,VIIRS,l,2.0NRT,305.6,6.74,D
13.56601,79.13036,335.33,0.42,0.45,2026-05-03,824,N21,VIIRS,l,2.0NRT,306.85,5.27,D
13.5665,79.13413,339.99,0.42,0.45,2026-05-03,824,N21,VIIRS,n,2.0NRT,306.57,5.27,D
13.56932,79.6526,338.48,0.46,0.47,2026-05-03,824,N21,VIIRS,n,2.0NRT,304.98,9.74,D
13.57365,79.65233,334.62,0.46,0.47,2026-05-03,824,N21,VIIRS,n,2.0NRT,304.39,6.33,D
13.57406,77.34187,347.64,0.5,0.41,2026-05-03,824,N21,VIIRS,n,2.0NRT,308.3,7.65,D
13.70403,79.53268,341.88,0.45,0.47,2026-05-03,824,N21,VIIRS,n,2.0NRT,302.74,10.57,D
13.94495,79.05051,330.17,0.42,0.45,2026-05-03,824,N21,VIIRS,n,2.0NRT,295.36,2.93,D
14.05873,76.00713,337.33,0.44,0.38,2026-05-03,824,N21,VIIRS,l,2.0NRT,309.19,2.89,D
14.14818,79.39695,336.41,0.45,0.47,2026-05-03,824,N21,VIIRS,n,2.0NRT,290.58,4.95,D
14.15763,76.01379,342.06,0.44,0.38,2026-05-03,824,N21,VIIRS,n,2.0NRT,310.88,8.06,D
14.16826,75.85015,336.24,0.43,0.38,2026-05-03,824,N21,VIIRS,l,2.0NRT,308.54,8.17,D
14.21369,75.62344,338.11,0.42,0.38,2026-05-03,824,N21,VIIRS,l,2.0NRT,310.08,8.38,D
14.22232,78.06713,339.62,0.56,0.43,2026-05-03,824,N21,VIIRS,n,2.0NRT,308.57,7.45,D
14.24852,77.46506,335.31,0.51,0.41,2026-05-03,824,N21,VIIRS,n,2.0NRT,304.83,1.86,D
14.2497,77.44568,338.34,0.51,0.41,2026-05-03,824,N21,VIIRS,n,2.0NRT,306.57,2.76,D
14.25035,77.45039,337.69,0.51,0.41,2026-05-03,824,N21,VIIRS,n,2.0NRT,305.31,3.66,D
14.25099,77.45509,337.82,0.51,0.41,2026-05-03,824,N21,VIIRS,n,2.0NRT,304.13,3.66,D
14.27408,79.43711,344.82,0.45,0.47,2026-05-03,824,N21,VIIRS,n,2.0NRT,291.41,9.71,D
14.27635,79.42096,338.94,0.45,0.47,2026-05-03,824,N21,VIIRS,n,2.0NRT,289.86,3.47,D
14.27691,79.42532,347,0.45,0.47,2026-05-03,824,N21,VIIRS,n,2.0NRT,289.91,9.61,D
14.27754,79.43021,352.18,0.45,0.47,2026-05-03,824,N21,VIIRS,n,2.0NRT,292.27,9.61,D
14.28778,79.40858,332.57,0.45,0.47,2026-05-03,824,N21,VIIRS,n,2.0NRT,293.92,3.15,D
14.28823,79.41203,335.26,0.45,0.47,2026-05-03,824,N21,VIIRS,n,2.0NRT,294.65,3.15,D
14.29206,79.40808,332.45,0.45,0.47,2026-05-03,824,N21,VIIRS,n,2.0NRT,295.89,3.15,D
14.32077,76.37369,345.79,0.45,0.39,2026-05-03,824,N21,VIIRS,n,2.0NRT,313.84,8.95,D
14.35014,76.22215,340.68,0.45,0.39,2026-05-03,824,N21,VIIRS,l,2.0NRT,314.16,5.77,D
14.37471,79.24731,330.77,0.44,0.46,2026-05-03,824,N21,VIIRS,n,2.0NRT,294.2,3,D
14.40053,76.61372,344.46,0.47,0.39,2026-05-03,824,N21,VIIRS,n,2.0NRT,303.24,4.17,D
14.40473,76.61749,336.25,0.47,0.39,2026-05-03,824,N21,VIIRS,n,2.0NRT,302.58,2.39,D
14.42908,75.31643,337.77,0.41,0.37,2026-05-03,824,N21,VIIRS,n,2.0NRT,311.5,4.76,D
14.45211,79.04671,330.52,0.43,0.46,2026-05-03,824,N21,VIIRS,n,2.0NRT,293.84,2.92,D
14.45213,75.45403,340.49,0.42,0.38,2026-05-03,824,N21,VIIRS,l,2.0NRT,313.61,9.65,D
14.47653,78.25892,349.33,0.38,0.43,2026-05-03,824,N21,VIIRS,n,2.0NRT,306.96,11.98,D
14.50537,79.45776,341.3,0.46,0.47,2026-05-03,824,N21,VIIRS,n,2.0NRT,297.35,4.44,D
14.51316,77.30438,339.34,0.51,0.41,2026-05-03,824,N21,VIIRS,l,2.0NRT,309.51,5.82,D
14.51379,77.30907,339.9,0.51,0.41,2026-05-03,824,N21,VIIRS,l,2.0NRT,310.39,5.82,D
14.59607,78.81793,342.99,0.42,0.45,2026-05-03,824,N21,VIIRS,n,2.0NRT,303.39,5.89,D
14.60016,78.81705,350.14,0.42,0.45,2026-05-03,824,N21,VIIRS,n,2.0NRT,304.23,8.71,D
14.60869,75.54506,343.75,0.42,0.38,2026-05-03,824,N21,VIIRS,n,2.0NRT,313.21,7.38,D
14.61451,78.83076,336.45,0.42,0.45,2026-05-03,824,N21,VIIRS,n,2.0NRT,301.07,2.24,D
14.615,78.83449,347.15,0.42,0.45,2026-05-03,824,N21,VIIRS,n,2.0NRT,303,5.35,D
14.61549,78.83832,331.38,0.42,0.45,2026-05-03,824,N21,VIIRS,n,2.0NRT,300.04,5.35,D
14.61868,78.83051,332.32,0.42,0.45,2026-05-03,824,N21,VIIRS,n,2.0NRT,301.43,1.17,D
14.61918,78.83434,340.84,0.42,0.45,2026-05-03,824,N21,VIIRS,n,2.0NRT,301.39,3.22,D
14.62874,75.93829,340.1,0.44,0.38,2026-05-03,824,N21,VIIRS,l,2.0NRT,314.3,7.84,D
14.72785,75.6439,367,0.43,0.38,2026-05-03,824,N21,VIIRS,h,2.0NRT,316.72,7.98,D
14.72842,75.64784,349.88,0.43,0.38,2026-05-03,824,N21,VIIRS,n,2.0NRT,317.14,7.98,D
14.72898,75.65179,355.57,0.43,0.38,2026-05-03,824,N21,VIIRS,l,2.0NRT,317.58,8.64,D
14.73187,75.64731,352,0.43,0.38,2026-05-03,824,N21,VIIRS,n,2.0NRT,316.81,7.98,D
14.73243,75.65126,349.2,0.43,0.38,2026-05-03,824,N21,VIIRS,n,2.0NRT,317.28,8.64,D
14.733,75.65521,349.53,0.43,0.38,2026-05-03,824,N21,VIIRS,n,2.0NRT,318.19,8.64,D
14.73356,75.65916,350.32,0.43,0.38,2026-05-03,824,N21,VIIRS,n,2.0NRT,317.79,14.69,D
14.81018,78.97272,339.84,0.43,0.46,2026-05-03,824,N21,VIIRS,n,2.0NRT,297.49,3.86,D
14.81068,78.97668,332.5,0.43,0.46,2026-05-03,824,N21,VIIRS,n,2.0NRT,296.67,2.67,D
14.81265,75.16174,336.42,0.41,0.37,2026-05-03,824,N21,VIIRS,l,2.0NRT,311.14,3.03,D
14.82477,79.63594,348.21,0.47,0.48,2026-05-03,824,N21,VIIRS,n,2.0NRT,299.67,9.9,D
14.8353,79.82838,331.57,0.49,0.48,2026-05-03,824,N21,VIIRS,n,2.0NRT,292.73,4.01,D
14.83823,79.0941,332.98,0.44,0.46,2026-05-03,824,N21,VIIRS,n,2.0NRT,300.15,1.72,D
14.87538,75.25333,344.3,0.42,0.37,2026-05-03,824,N21,VIIRS,n,2.0NRT,311.59,6.54,D
14.87631,79.19116,338.63,0.44,0.46,2026-05-03,824,N21,VIIRS,n,2.0NRT,300.53,8.76,D
14.87686,79.19551,343.57,0.44,0.46,2026-05-03,824,N21,VIIRS,n,2.0NRT,303.88,16.63,D
14.87996,79.18597,347.19,0.44,0.46,2026-05-03,824,N21,VIIRS,n,2.0NRT,302.06,4.9,D
14.88053,79.19043,339.31,0.44,0.46,2026-05-03,824,N21,VIIRS,n,2.0NRT,302.46,4.9,D
14.88109,75.02757,337.63,0.41,0.37,2026-05-03,824,N21,VIIRS,l,2.0NRT,308.86,5.51,D
14.88476,79.18976,334.3,0.44,0.46,2026-05-03,824,N21,VIIRS,n,2.0NRT,302.97,4.9,D
14.88532,79.19416,336.14,0.44,0.46,2026-05-03,824,N21,VIIRS,n,2.0NRT,301.95,5.37,D
14.88787,79.18028,338.07,0.44,0.46,2026-05-03,824,N21,VIIRS,n,2.0NRT,301.6,3.77,D
14.88843,79.1847,334.85,0.44,0.46,2026-05-03,824,N21,VIIRS,n,2.0NRT,303.02,4.11,D
14.88899,79.18912,335.73,0.44,0.46,2026-05-03,824,N21,VIIRS,n,2.0NRT,303.06,4.11,D
14.89672,76.85601,335.29,0.49,0.4,2026-05-03,824,N21,VIIRS,n,2.0NRT,303.93,3.98,D
14.8991,79.20057,338.41,0.44,0.46,2026-05-03,824,N21,VIIRS,n,2.0NRT,302.76,3.11,D
14.89964,79.20479,334,0.44,0.46,2026-05-03,824,N21,VIIRS,n,2.0NRT,302.27,3.11,D
14.90337,79.2002,339.38,0.44,0.46,2026-05-03,824,N21,VIIRS,n,2.0NRT,302.31,3.11,D
14.90871,79.20811,350.55,0.44,0.46,2026-05-03,824,N21,VIIRS,n,2.0NRT,302.19,4.56,D
14.91024,77.20837,340.39,0.51,0.41,2026-05-03,824,N21,VIIRS,l,2.0NRT,313.88,5.92,D
14.91109,75.13869,339.3,0.41,0.37,2026-05-03,824,N21,VIIRS,l,2.0NRT,313.66,8.39,D
14.9124,79.20319,336.61,0.44,0.46,2026-05-03,824,N21,VIIRS,n,2.0NRT,301.96,6.42,D
14.91296,79.20752,335.33,0.44,0.46,2026-05-03,824,N21,VIIRS,n,2.0NRT,301.01,4.56,D
14.9897,79.2352,347.82,0.45,0.47,2026-05-03,824,N21,VIIRS,n,2.0NRT,300.82,6.61,D
14.99026,79.23956,344.45,0.45,0.47,2026-05-03,824,N21,VIIRS,n,2.0NRT,300.9,6.45,D
14.99504,79.24304,346.9,0.45,0.47,2026-05-03,824,N21,VIIRS,n,2.0NRT,301.86,7.84,D
14.99521,75.87328,338.19,0.44,0.38,2026-05-03,824,N21,VIIRS,l,2.0NRT,311.62,11.54,D
14.99667,79.22176,332.69,0.45,0.47,2026-05-03,824,N21,VIIRS,n,2.0NRT,298.85,3.26,D
14.99928,79.24228,346.59,0.45,0.47,2026-05-03,824,N21,VIIRS,n,2.0NRT,300.23,7.84,D
15.00236,79.23244,332.26,0.45,0.47,2026-05-03,824,N21,VIIRS,n,2.0NRT,299.31,3.09,D
15.00286,79.23635,344.67,0.45,0.47,2026-05-03,824,N21,VIIRS,n,2.0NRT,299.68,4.56,D
15.00467,79.21661,339.05,0.45,0.47,2026-05-03,824,N21,VIIRS,n,2.0NRT,298.34,5.4,D
15.00517,79.22053,339.34,0.45,0.47,2026-05-03,824,N21,VIIRS,n,2.0NRT,298.42,4.08,D
15.00565,79.22427,333.49,0.45,0.47,2026-05-03,824,N21,VIIRS,n,2.0NRT,298.71,4.08,D
15.00664,79.23194,330.54,0.45,0.47,2026-05-03,824,N21,VIIRS,n,2.0NRT,297.08,3.09,D
15.01947,79.57783,342.51,0.47,0.48,2026-05-03,824,N21,VIIRS,n,2.0NRT,293.38,33.04,D
15.03352,75.21019,338.86,0.42,0.37,2026-05-03,824,N21,VIIRS,l,2.0NRT,313.54,7.6,D
15.06416,76.10658,339.97,0.45,0.39,2026-05-03,824,N21,VIIRS,l,2.0NRT,314.09,9.13,D
15.07601,79.96268,347.92,0.5,0.49,2026-05-03,824,N21,VIIRS,n,2.0NRT,281.25,8.04,D
15.07938,78.19106,340.72,0.39,0.44,2026-05-03,824,N21,VIIRS,n,2.0NRT,305.42,3.92,D
15.07985,78.19463,339.6,0.39,0.44,2026-05-03,824,N21,VIIRS,n,2.0NRT,304.7,3.92,D
15.08049,79.9621,333.12,0.5,0.49,2026-05-03,824,N21,VIIRS,n,2.0NRT,281.18,8.04,D
15.10117,78.48489,343.22,0.4,0.44,2026-05-03,824,N21,VIIRS,n,2.0NRT,297.37,5.5,D
15.12732,78.52687,350.47,0.41,0.45,2026-05-03,824,N21,VIIRS,n,2.0NRT,299.04,6.39,D
15.1278,78.53061,335.26,0.41,0.45,2026-05-03,824,N21,VIIRS,n,2.0NRT,298.79,6.39,D
15.13396,79.04964,336.49,0.44,0.46,2026-05-03,824,N21,VIIRS,n,2.0NRT,305.04,3.44,D
15.13469,79.05076,341.65,0.44,0.46,2026-05-03,824,N21,VIIRS,n,2.0NRT,305.13,5.5,D
15.1389,79.05013,346.3,0.44,0.46,2026-05-03,824,N21,VIIRS,n,2.0NRT,306.46,5.5,D
15.15864,74.11678,345.14,0.39,0.36,2026-05-03,824,N21,VIIRS,n,2.0NRT,306.86,5.3,D
15.16143,74.11269,341.78,0.39,0.36,2026-05-03,824,N21,VIIRS,n,2.0NRT,311.39,5.21,D
15.16196,74.11625,339.37,0.39,0.36,2026-05-03,824,N21,VIIRS,n,2.0NRT,307.34,5.3,D
15.16213,79.16808,347.32,0.45,0.47,2026-05-03,824,N21,VIIRS,n,2.0NRT,304.7,6.96,D
15.16585,76.74844,347.16,0.48,0.4,2026-05-03,824,N21,VIIRS,l,2.0NRT,317.67,13.14,D
15.16645,76.75296,347.17,0.48,0.4,2026-05-03,824,N21,VIIRS,n,2.0NRT,316.51,13.14,D
15.16706,76.75745,341.81,0.48,0.4,2026-05-03,824,N21,VIIRS,l,2.0NRT,316.28,14.16,D
15.17073,76.75698,343.03,0.48,0.4,2026-05-03,824,N21,VIIRS,l,2.0NRT,317.27,13.68,D
15.17575,75.99796,349.12,0.45,0.39,2026-05-03,824,N21,VIIRS,n,2.0NRT,318.02,14.6,D
15.17583,76.65683,344.97,0.48,0.4,2026-05-03,824,N21,VIIRS,l,2.0NRT,315.2,11.81,D
15.17947,76.65631,342.01,0.48,0.4,2026-05-03,824,N21,VIIRS,l,2.0NRT,314.85,11.61,D
15.18436,76.63762,337.54,0.48,0.4,2026-05-03,824,N21,VIIRS,l,2.0NRT,312.26,9.43,D
15.19046,76.44071,336.48,0.47,0.39,2026-05-03,824,N21,VIIRS,l,2.0NRT,309.68,5.1,D
15.23044,75.68763,340.08,0.43,0.38,2026-05-03,824,N21,VIIRS,l,2.0NRT,312.58,7.64,D
15.23099,75.69156,354.16,0.43,0.38,2026-05-03,824,N21,VIIRS,n,2.0NRT,320.67,34.61,D
15.23447,75.69101,341.09,0.43,0.38,2026-05-03,824,N21,VIIRS,l,2.0NRT,314.73,6.03,D
15.23544,76.68433,345.65,0.48,0.4,2026-05-03,824,N21,VIIRS,n,2.0NRT,314.58,15.02,D
15.25074,75.68027,348.83,0.43,0.38,2026-05-03,824,N21,VIIRS,n,2.0NRT,317.6,14.9,D
15.26288,78.12824,353.54,0.38,0.44,2026-05-03,824,N21,VIIRS,n,2.0NRT,301.79,12.29,D
15.29393,75.93893,352.3,0.44,0.39,2026-05-03,824,N21,VIIRS,n,2.0NRT,318.88,7.24,D
15.29688,75.93428,353.46,0.44,0.39,2026-05-03,824,N21,VIIRS,n,2.0NRT,319.01,8.14,D
15.29745,75.93839,344.46,0.44,0.39,2026-05-03,824,N21,VIIRS,l,2.0NRT,318.37,3.82,D
15.3004,75.93375,355.47,0.44,0.39,2026-05-03,824,N21,VIIRS,n,2.0NRT,318.97,8.14,D
15.30097,75.93786,350.73,0.44,0.39,2026-05-03,824,N21,VIIRS,n,2.0NRT,318.03,3.82,D
15.30212,75.94608,348.16,0.44,0.39,2026-05-03,824,N21,VIIRS,n,2.0NRT,317.41,3.77,D
15.30335,75.92911,346.57,0.44,0.39,2026-05-03,824,N21,VIIRS,l,2.0NRT,319.29,7.37,D
15.30393,75.93321,355.55,0.44,0.39,2026-05-03,824,N21,VIIRS,l,2.0NRT,319.54,7.37,D
15.3045,75.93732,355.55,0.44,0.39,2026-05-03,824,N21,VIIRS,l,2.0NRT,318.93,12.84,D
15.30612,75.97485,347.66,0.45,0.39,2026-05-03,824,N21,VIIRS,l,2.0NRT,318.94,5.65,D
15.30745,75.93269,347.71,0.44,0.39,2026-05-03,824,N21,VIIRS,l,2.0NRT,318.5,7.37,D
15.30908,75.97021,342.84,0.45,0.39,2026-05-03,824,N21,VIIRS,l,2.0NRT,316.15,4.73,D
15.30917,75.94502,351.74,0.44,0.39,2026-05-03,824,N21,VIIRS,n,2.0NRT,317.31,3.78,D
15.30925,75.91984,345.66,0.44,0.39,2026-05-03,824,N21,VIIRS,l,2.0NRT,317.46,5.22,D
15.30965,75.97431,355.35,0.45,0.39,2026-05-03,824,N21,VIIRS,n,2.0NRT,318.54,4.73,D
15.30974,75.94913,344.65,0.44,0.39,2026-05-03,824,N21,VIIRS,l,2.0NRT,316.43,3.78,D
15.30982,75.92394,355.5,0.44,0.39,2026-05-03,824,N21,VIIRS,l,2.0NRT,319.02,5.22,D
15.3104,75.92805,351.06,0.44,0.39,2026-05-03,824,N21,VIIRS,n,2.0NRT,320.3,4.94,D
15.31097,75.93215,355.36,0.44,0.39,2026-05-03,824,N21,VIIRS,n,2.0NRT,318.59,4.94,D
15.31154,75.93626,344.53,0.44,0.39,2026-05-03,824,N21,VIIRS,l,2.0NRT,317.83,3.68,D
15.31203,75.96557,355.25,0.45,0.39,2026-05-03,824,N21,VIIRS,l,2.0NRT,318.9,5.24,D
15.31261,75.96968,347.47,0.45,0.39,2026-05-03,824,N21,VIIRS,n,2.0NRT,317.13,4.73,D
15.31269,75.94449,343.42,0.44,0.39,2026-05-03,824,N21,VIIRS,l,2.0NRT,317.28,4.38,D
15.31318,75.97379,355.25,0.45,0.39,2026-05-03,824,N21,VIIRS,l,2.0NRT,319.01,4.73,D
15.31327,75.94859,348.49,0.44,0.39,2026-05-03,824,N21,VIIRS,n,2.0NRT,316.71,4.38,D
15.31334,75.92342,351.58,0.44,0.39,2026-05-03,824,N21,VIIRS,n,2.0NRT,317.6,5.22,D
15.31375,75.97789,349.01,0.45,0.39,2026-05-03,824,N21,VIIRS,l,2.0NRT,319.56,7.89,D
15.31391,75.92752,351.54,0.44,0.39,2026-05-03,824,N21,VIIRS,n,2.0NRT,318.65,4.94,D
15.31449,75.93163,348.19,0.44,0.39,2026-05-03,824,N21,VIIRS,n,2.0NRT,318.15,4.94,D
15.31506,75.93574,344.38,0.44,0.39,2026-05-03,824,N21,VIIRS,l,2.0NRT,317.38,3.68,D
15.31514,75.91059,345.61,0.44,0.39,2026-05-03,824,N21,VIIRS,l,2.0NRT,317.3,2.69,D
15.31556,75.96503,355.5,0.45,0.39,2026-05-03,824,N21,VIIRS,l,2.0NRT,320.03,8.95,D
15.31564,75.93985,353.02,0.44,0.39,2026-05-03,824,N21,VIIRS,n,2.0NRT,316.44,3.68,D
15.31614,75.96915,354.08,0.45,0.39,2026-05-03,824,N21,VIIRS,n,2.0NRT,319.2,4.68,D
15.31621,75.94395,351.63,0.44,0.39,2026-05-03,824,N21,VIIRS,n,2.0NRT,315.85,4.38,D
15.31671,75.97325,349.51,0.45,0.39,2026-05-03,824,N21,VIIRS,n,2.0NRT,316.5,4.68,D
15.31679,75.94807,355.3,0.44,0.39,2026-05-03,824,N21,VIIRS,n,2.0NRT,317.1,4.38,D
15.31728,75.97736,351.09,0.45,0.39,2026-05-03,824,N21,VIIRS,n,2.0NRT,319.09,4.02,D
15.31785,75.98147,349.22,0.45,0.39,2026-05-03,824,N21,VIIRS,n,2.0NRT,318.28,4.02,D
15.31909,75.96449,355.94,0.45,0.39,2026-05-03,824,N21,VIIRS,l,2.0NRT,319.91,8.95,D
15.31966,75.96861,355.97,0.45,0.39,2026-05-03,824,N21,VIIRS,l,2.0NRT,319.27,4.68,D
15.32024,75.97272,341.98,0.45,0.39,2026-05-03,824,N21,VIIRS,l,2.0NRT,315.53,4.68,D
15.32031,75.94753,350.09,0.44,0.39,2026-05-03,824,N21,VIIRS,n,2.0NRT,317.47,6.62,D
15.32069,77.9896,336.37,0.57,0.43,2026-05-03,824,N21,VIIRS,n,2.0NRT,298.61,4.33,D
15.32081,75.97684,345.8,0.45,0.39,2026-05-03,824,N21,VIIRS,l,2.0NRT,318.69,4.02,D
15.32138,75.98094,355.94,0.45,0.39,2026-05-03,824,N21,VIIRS,l,2.0NRT,318.44,4.02,D
15.32145,77.99094,335.13,0.57,0.43,2026-05-03,824,N21,VIIRS,n,2.0NRT,298.8,4.59,D
15.32261,75.96397,354.39,0.45,0.39,2026-05-03,824,N21,VIIRS,n,2.0NRT,318.61,6.6,D
15.32319,75.96808,351.45,0.45,0.39,2026-05-03,824,N21,VIIRS,n,2.0NRT,318.09,4.62,D
15.32378,78.15935,337.06,0.39,0.44,2026-05-03,824,N21,VIIRS,n,2.0NRT,305.66,4.53,D
15.32491,75.98041,350.12,0.45,0.39,2026-05-03,824,N21,VIIRS,n,2.0NRT,318.97,6.76,D
15.32614,75.96344,352.21,0.45,0.39,2026-05-03,824,N21,VIIRS,n,2.0NRT,319.03,6.6,D
15.32672,75.96755,349.57,0.45,0.39,2026-05-03,824,N21,VIIRS,n,2.0NRT,318.95,4.62,D
15.32678,75.94237,350.45,0.44,0.39,2026-05-03,824,N21,VIIRS,n,2.0NRT,318.49,5.94,D
15.32967,75.96291,350.93,0.45,0.39,2026-05-03,824,N21,VIIRS,n,2.0NRT,318.48,4.65,D
15.33024,75.96702,350.99,0.45,0.39,2026-05-03,824,N21,VIIRS,n,2.0NRT,319.1,4.87,D
15.33082,75.97113,349.03,0.45,0.39,2026-05-03,824,N21,VIIRS,n,2.0NRT,318.04,4.87,D
15.33088,75.94592,349.35,0.44,0.39,2026-05-03,824,N21,VIIRS,l,2.0NRT,319.38,5.94,D
15.33146,75.95003,349.01,0.44,0.39,2026-05-03,824,N21,VIIRS,l,2.0NRT,319.34,9.42,D
15.33261,75.95825,347.83,0.45,0.39,2026-05-03,824,N21,VIIRS,l,2.0NRT,318.94,4.65,D
15.33319,75.96237,355.72,0.45,0.39,2026-05-03,824,N21,VIIRS,n,2.0NRT,319.24,4.65,D
15.33377,75.96648,350.56,0.45,0.39,2026-05-03,824,N21,VIIRS,n,2.0NRT,320.02,4.87,D
15.33614,75.95772,355.65,0.45,0.39,2026-05-03,824,N21,VIIRS,l,2.0NRT,319.87,8.09,D
15.33851,75.94897,352.91,0.44,0.39,2026-05-03,824,N21,VIIRS,n,2.0NRT,318.07,5.58,D
15.33909,75.95309,354.19,0.45,0.39,2026-05-03,824,N21,VIIRS,n,2.0NRT,318.91,5.58,D
15.33967,75.95719,355.68,0.45,0.39,2026-05-03,824,N21,VIIRS,l,2.0NRT,319.26,8.09,D
15.34024,75.9613,348.27,0.45,0.39,2026-05-03,824,N21,VIIRS,l,2.0NRT,318.84,8.09,D
15.34145,75.94433,346.36,0.44,0.39,2026-05-03,824,N21,VIIRS,l,2.0NRT,318.2,3.05,D
15.34203,75.94844,352.65,0.44,0.39,2026-05-03,824,N21,VIIRS,n,2.0NRT,317.13,5.84,D
15.34261,75.95255,349.25,0.45,0.39,2026-05-03,824,N21,VIIRS,n,2.0NRT,318.13,5.84,D
15.34319,75.95666,355.07,0.45,0.39,2026-05-03,824,N21,VIIRS,n,2.0NRT,318.07,8.17,D
15.34498,75.94379,343.7,0.44,0.39,2026-05-03,824,N21,VIIRS,l,2.0NRT,316.66,3.05,D
15.34672,75.95612,355.71,0.45,0.39,2026-05-03,824,N21,VIIRS,l,2.0NRT,318.92,8.17,D
15.35082,75.95969,353.07,0.45,0.39,2026-05-03,824,N21,VIIRS,n,2.0NRT,318.59,6.33,D
15.35435,75.95915,346.21,0.45,0.39,2026-05-03,824,N21,VIIRS,l,2.0NRT,317.57,6.33,D
15.35817,74.01807,331.8,0.39,0.36,2026-05-03,824,N21,VIIRS,l,2.0NRT,305.07,1.79,D
15.36777,77.94991,338.25,0.57,0.43,2026-05-03,824,N21,VIIRS,n,2.0NRT,303.43,4.6,D
15.37646,78.20379,339.6,0.39,0.44,2026-05-03,824,N21,VIIRS,n,2.0NRT,303.63,4.19,D
15.37999,78.19959,336.92,0.39,0.44,2026-05-03,824,N21,VIIRS,n,2.0NRT,304,4.19,D
15.42746,76.5062,345.04,0.47,0.4,2026-05-03,824,N21,VIIRS,n,2.0NRT,311.05,10.11,D
15.43651,76.49158,340.2,0.47,0.4,2026-05-03,824,N21,VIIRS,l,2.0NRT,314.16,8.61,D
15.48025,74.03971,336.3,0.39,0.36,2026-05-03,824,N21,VIIRS,l,2.0NRT,309.5,3.48,D
15.48276,77.01688,337.15,0.5,0.41,2026-05-03,824,N21,VIIRS,l,2.0NRT,310.17,5.26,D
15.48304,74.03561,339.89,0.39,0.36,2026-05-03,824,N21,VIIRS,n,2.0NRT,310.6,3.48,D
15.49336,78.46873,331.37,0.41,0.45,2026-05-03,824,N21,VIIRS,n,2.0NRT,295.79,2.04,D
15.52849,78.93055,338.47,0.43,0.46,2026-05-03,824,N21,VIIRS,n,2.0NRT,298.51,3.14,D
15.53202,78.54419,335.85,0.41,0.45,2026-05-03,824,N21,VIIRS,n,2.0NRT,297.96,4.21,D
15.54607,78.82368,349.81,0.43,0.46,2026-05-03,824,N21,VIIRS,n,2.0NRT,293.25,10.51,D
15.54729,75.1758,343.26,0.42,0.37,2026-05-03,824,N21,VIIRS,l,2.0NRT,315.58,12.45,D
15.55025,78.82318,333.83,0.43,0.46,2026-05-03,824,N21,VIIRS,n,2.0NRT,289.91,10.51,D
15.5507,78.82678,337.02,0.43,0.46,2026-05-03,824,N21,VIIRS,n,2.0NRT,289,4.86,D
15.55564,76.48141,347.62,0.47,0.4,2026-05-03,824,N21,VIIRS,n,2.0NRT,312.62,8.12,D
15.55635,78.83797,347.54,0.43,0.46,2026-05-03,824,N21,VIIRS,n,2.0NRT,288.55,9.71,D
15.56036,78.60242,344.71,0.42,0.45,2026-05-03,824,N21,VIIRS,n,2.0NRT,296.3,7.87,D
15.56328,78.82537,331.04,0.43,0.46,2026-05-03,824,N21,VIIRS,n,2.0NRT,289.61,4.75,D
15.56583,78.54725,336.99,0.41,0.45,2026-05-03,824,N21,VIIRS,n,2.0NRT,297.86,3.48,D
15.56797,78.82884,330.22,0.43,0.46,2026-05-03,824,N21,VIIRS,n,2.0NRT,289.94,4.75,D
15.56844,76.43935,338.78,0.47,0.4,2026-05-03,824,N21,VIIRS,l,2.0NRT,312.13,8.79,D
15.56847,78.83282,331.33,0.43,0.46,2026-05-03,824,N21,VIIRS,n,2.0NRT,290.53,3.75,D
15.56896,78.83678,338.83,0.43,0.46,2026-05-03,824,N21,VIIRS,n,2.0NRT,289.84,3.75,D
15.57266,76.44315,343.59,0.47,0.4,2026-05-03,824,N21,VIIRS,n,2.0NRT,311.99,9.12,D
15.57684,78.83171,332.14,0.43,0.46,2026-05-03,824,N21,VIIRS,n,2.0NRT,290.57,2.67,D
15.58987,76.8226,339,0.49,0.4,2026-05-03,824,N21,VIIRS,l,2.0NRT,313.29,8.66,D
15.59137,76.82541,340.31,0.49,0.4,2026-05-03,824,N21,VIIRS,l,2.0NRT,313.78,9.26,D
15.59581,78.49295,331.74,0.41,0.45,2026-05-03,824,N21,VIIRS,n,2.0NRT,296,2.95,D
15.60158,77.50104,340.99,0.54,0.42,2026-05-03,824,N21,VIIRS,l,2.0NRT,312.51,12.69,D
15.62237,78.92139,333.45,0.44,0.46,2026-05-03,824,N21,VIIRS,n,2.0NRT,294.63,2.15,D
15.6283,78.51934,338.97,0.41,0.45,2026-05-03,824,N21,VIIRS,n,2.0NRT,294.03,4.3,D
15.63181,76.74239,338.85,0.49,0.4,2026-05-03,824,N21,VIIRS,l,2.0NRT,312.72,8.72,D
15.64332,78.3446,343.43,0.4,0.44,2026-05-03,824,N21,VIIRS,n,2.0NRT,300.67,7.54,D
15.66978,78.32596,342.54,0.4,0.44,2026-05-03,824,N21,VIIRS,n,2.0NRT,300.22,5.62,D
15.69162,77.18781,342.02,0.52,0.41,2026-05-03,824,N21,VIIRS,l,2.0NRT,313.15,8.1,D
15.69605,78.95773,336.8,0.44,0.46,2026-05-03,824,N21,VIIRS,n,2.0NRT,297.52,3.77,D
15.69818,74.46289,340.69,0.4,0.37,2026-05-03,824,N21,VIIRS,n,2.0NRT,312.06,4.03,D
15.70151,78.53634,342.84,0.41,0.45,2026-05-03,824,N21,VIIRS,n,2.0NRT,294.46,7.02,D
15.70935,73.86604,338.9,0.39,0.36,2026-05-03,824,N21,VIIRS,l,2.0NRT,310.18,13.14,D
15.73495,78.37823,337.18,0.4,0.45,2026-05-03,824,N21,VIIRS,n,2.0NRT,300.22,2.72,D
15.75807,78.79557,333.18,0.43,0.46,2026-05-03,824,N21,VIIRS,n,2.0NRT,289.05,4.86,D
15.79766,75.84276,340.67,0.44,0.39,2026-05-03,824,N21,VIIRS,l,2.0NRT,314.29,3.56,D
15.79822,75.84687,347.96,0.45,0.39,2026-05-03,824,N21,VIIRS,n,2.0NRT,315.54,3.56,D
15.80175,75.84634,340.7,0.45,0.39,2026-05-03,824,N21,VIIRS,l,2.0NRT,314.76,3.56,D
15.80954,78.44441,343.86,0.41,0.45,2026-05-03,824,N21,VIIRS,n,2.0NRT,300.73,7.69,D
15.80998,78.4443,344.27,0.41,0.45,2026-05-03,824,N21,VIIRS,n,2.0NRT,301.14,7.84,D
15.82141,75.78059,341.99,0.44,0.39,2026-05-03,824,N21,VIIRS,l,2.0NRT,315.22,5.33,D
15.82198,75.78468,350.75,0.44,0.39,2026-05-03,824,N21,VIIRS,n,2.0NRT,316.27,5.33,D
15.82255,75.78877,346.84,0.44,0.39,2026-05-03,824,N21,VIIRS,n,2.0NRT,317.26,7.91,D
15.82436,75.77597,343.01,0.44,0.39,2026-05-03,824,N21,VIIRS,l,2.0NRT,314.99,6.71,D
15.82493,75.78006,343.87,0.44,0.39,2026-05-03,824,N21,VIIRS,l,2.0NRT,317.35,10.58,D
15.8255,75.78415,355.51,0.44,0.39,2026-05-03,824,N21,VIIRS,l,2.0NRT,316.68,10.58,D
15.82606,75.78824,354.8,0.44,0.39,2026-05-03,824,N21,VIIRS,n,2.0NRT,316.08,6.93,D
15.827,77.36313,341.16,0.53,0.42,2026-05-03,824,N21,VIIRS,l,2.0NRT,313.78,16.76,D
15.8273,75.77136,353.61,0.44,0.39,2026-05-03,824,N21,VIIRS,n,2.0NRT,314.96,6.71,D
15.82787,75.77544,353.08,0.44,0.39,2026-05-03,824,N21,VIIRS,n,2.0NRT,315.99,6.71,D
15.82958,75.78771,349.97,0.44,0.39,2026-05-03,824,N21,VIIRS,n,2.0NRT,317.38,6.93,D
15.83082,75.77083,355.02,0.44,0.39,2026-05-03,824,N21,VIIRS,n,2.0NRT,316.02,5.74,D
15.83139,75.77491,347.05,0.44,0.39,2026-05-03,824,N21,VIIRS,l,2.0NRT,317.29,5.74,D
15.83195,75.77898,348.3,0.44,0.39,2026-05-03,824,N21,VIIRS,n,2.0NRT,318.08,7.67,D
15.83319,75.76214,350.01,0.44,0.38,2026-05-03,824,N21,VIIRS,n,2.0NRT,314.22,12.57,D
15.83376,75.76621,353.11,0.44,0.38,2026-05-03,824,N21,VIIRS,n,2.0NRT,314.74,12.57,D
15.83433,75.77029,341.79,0.44,0.39,2026-05-03,824,N21,VIIRS,l,2.0NRT,315.66,5.74,D
15.83547,75.77845,346.62,0.44,0.39,2026-05-03,824,N21,VIIRS,n,2.0NRT,318.6,7.67,D
15.83727,75.76568,341.46,0.44,0.38,2026-05-03,824,N21,VIIRS,l,2.0NRT,315.6,7.85,D
15.86593,73.7746,337.95,0.39,0.36,2026-05-03,824,N21,VIIRS,l,2.0NRT,309.16,2.56,D
15.89371,80.15602,337.72,0.53,0.5,2026-05-03,824,N21,VIIRS,n,2.0NRT,277.61,6.21,D
15.91576,80.10825,335.5,0.52,0.5,2026-05-03,824,N21,VIIRS,n,2.0NRT,286.16,6.68,D
15.91603,80.10644,333.17,0.53,0.5,2026-05-03,824,N21,VIIRS,n,2.0NRT,287.19,8.2,D
15.92292,80.12544,344.22,0.53,0.5,2026-05-03,824,N21,VIIRS,n,2.0NRT,285.3,12.42,D
15.93221,76.92893,348.52,0.5,0.41,2026-05-03,824,N21,VIIRS,n,2.0NRT,314.03,8.56,D
15.93404,76.92697,349.35,0.5,0.41,2026-05-03,824,N21,VIIRS,n,2.0NRT,315.43,12.43,D
15.93841,78.02829,343.19,0.39,0.44,2026-05-03,824,N21,VIIRS,n,2.0NRT,290.82,4.08,D
15.94857,77.73976,338.62,0.56,0.43,2026-05-03,824,N21,VIIRS,n,2.0NRT,304.33,25.13,D
15.94926,78.49889,335.57,0.41,0.45,2026-05-03,824,N21,VIIRS,n,2.0NRT,297.73,2.35,D
15.95315,77.74436,340.62,0.56,0.43,2026-05-03,824,N21,VIIRS,n,2.0NRT,307.48,15.79,D
15.96052,80.05103,335.93,0.52,0.5,2026-05-03,824,N21,VIIRS,n,2.0NRT,283.09,4.12,D
15.96111,80.05595,333.1,0.52,0.5,2026-05-03,824,N21,VIIRS,n,2.0NRT,285.08,4.12,D
15.96173,78.27049,330.58,0.4,0.44,2026-05-03,824,N21,VIIRS,n,2.0NRT,292.32,2.04,D
15.96221,78.2742,332.61,0.4,0.44,2026-05-03,824,N21,VIIRS,n,2.0NRT,292.23,2.51,D
15.96516,73.73254,337.27,0.39,0.36,2026-05-03,824,N21,VIIRS,l,2.0NRT,308.7,2.95,D
15.97965,73.69343,336.8,0.39,0.36,2026-05-03,824,N21,VIIRS,l,2.0NRT,309.19,1.45,D
16.01977,77.09897,339.48,0.51,0.41,2026-05-03,824,N21,VIIRS,l,2.0NRT,312.27,7.73,D
16.02027,77.70837,342.07,0.56,0.43,2026-05-03,824,N21,VIIRS,n,2.0NRT,312.02,28.14,D
16.02786,77.76548,342.74,0.56,0.43,2026-05-03,824,N21,VIIRS,n,2.0NRT,307.62,10.63,D
16.05332,77.14788,340.92,0.52,0.41,2026-05-03,824,N21,VIIRS,l,2.0NRT,312.78,7.87,D
16.05461,79.86613,340.57,0.51,0.49,2026-05-03,824,N21,VIIRS,n,2.0NRT,289.51,10.43,D
16.08541,77.50386,341.93,0.54,0.42,2026-05-03,824,N21,VIIRS,n,2.0NRT,311.44,11.76,D
16.08774,77.05708,339.77,0.51,0.41,2026-05-03,824,N21,VIIRS,l,2.0NRT,312.63,2.28,D
16.08928,77.5033,347.43,0.54,0.42,2026-05-03,824,N21,VIIRS,n,2.0NRT,313.67,16.54,D
16.11203,73.7388,341.14,0.39,0.36,2026-05-03,824,N21,VIIRS,n,2.0NRT,310.03,4.81,D
16.12578,76.94056,340.93,0.51,0.41,2026-05-03,824,N21,VIIRS,l,2.0NRT,312.21,12.02,D
16.13563,73.98976,341.88,0.39,0.36,2026-05-03,824,N21,VIIRS,l,2.0NRT,316.06,8.04,D
16.15809,78.89676,353.84,0.44,0.46,2026-05-03,824,N21,VIIRS,n,2.0NRT,297.11,21.43,D
16.16177,78.89185,336.27,0.44,0.46,2026-05-03,824,N21,VIIRS,n,2.0NRT,296.91,12.44,D
16.16234,78.89632,345.01,0.44,0.46,2026-05-03,824,N21,VIIRS,n,2.0NRT,304.29,20.75,D
16.16508,73.9591,343.59,0.39,0.36,2026-05-03,824,N21,VIIRS,n,2.0NRT,310.2,6.9,D
16.16741,77.33704,339.3,0.53,0.42,2026-05-03,824,N21,VIIRS,n,2.0NRT,307.34,6.66,D
16.16842,80.60046,341.02,0.57,0.52,2026-05-03,824,N21,VIIRS,n,2.0NRT,284.22,6.98,D
16.17234,80.60254,341.38,0.57,0.52,2026-05-03,824,N21,VIIRS,n,2.0NRT,285.43,6.94,D
16.18052,76.99779,336.97,0.51,0.41,2026-05-03,824,N21,VIIRS,l,2.0NRT,310.43,7.31,D
16.18937,80.70341,343.15,0.58,0.52,2026-05-03,824,N21,VIIRS,n,2.0NRT,284.59,8.3,D
16.19006,80.70628,338.17,0.58,0.52,2026-05-03,824,N21,VIIRS,n,2.0NRT,283.98,10.44,D
16.19043,78.3382,333.56,0.41,0.45,2026-05-03,824,N21,VIIRS,n,2.0NRT,299.4,1.54,D
16.19737,77.27576,339.18,0.53,0.42,2026-05-03,824,N21,VIIRS,l,2.0NRT,310.1,7.27,D
16.19777,77.27261,339.6,0.53,0.42,2026-05-03,824,N21,VIIRS,l,2.0NRT,309.82,8.31,D
16.20782,73.71931,335.86,0.39,0.36,2026-05-03,824,N21,VIIRS,l,2.0NRT,308.1,2.7,D
16.21345,78.9968,337.96,0.45,0.47,2026-05-03,824,N21,VIIRS,n,2.0NRT,295.8,3.98,D
16.23127,77.79056,338.04,0.57,0.43,2026-05-03,824,N21,VIIRS,n,2.0NRT,306.57,13.4,D
16.28548,77.09193,339.62,0.52,0.41,2026-05-03,824,N21,VIIRS,n,2.0NRT,308.3,7.62,D
16.28577,77.09464,339.43,0.52,0.41,2026-05-03,824,N21,VIIRS,n,2.0NRT,308.26,6.59,D
16.28578,80.11595,344.23,0.53,0.5,2026-05-03,824,N21,VIIRS,n,2.0NRT,295.34,7.11,D
16.28606,77.81385,337.44,0.57,0.43,2026-05-03,824,N21,VIIRS,n,2.0NRT,301.77,5.49,D
16.29626,76.85362,339.46,0.5,0.41,2026-05-03,824,N21,VIIRS,l,2.0NRT,310.98,5.12,D
16.3,76.8531,345.13,0.5,0.41,2026-05-03,824,N21,VIIRS,n,2.0NRT,312.07,5.12,D
16.30371,76.824,342.79,0.5,0.41,2026-05-03,824,N21,VIIRS,n,2.0NRT,310.73,7.83,D
16.32299,80.0759,342.69,0.53,0.5,2026-05-03,824,N21,VIIRS,n,2.0NRT,297.64,7.18,D
16.32331,80.07795,343.8,0.53,0.5,2026-05-03,824,N21,VIIRS,n,2.0NRT,298.26,11.31,D
16.33822,80.12627,331,0.53,0.5,2026-05-03,824,N21,VIIRS,n,2.0NRT,294.02,1.55,D
16.3584,76.59285,339.01,0.49,0.4,2026-05-03,824,N21,VIIRS,l,2.0NRT,312.51,7.64,D
16.36018,80.1944,331.75,0.54,0.51,2026-05-03,824,N21,VIIRS,n,2.0NRT,291.94,4.9,D
16.38328,77.07303,344.23,0.52,0.41,2026-05-03,824,N21,VIIRS,n,2.0NRT,308.62,9.33,D
16.38377,77.075,344.3,0.52,0.41,2026-05-03,824,N21,VIIRS,n,2.0NRT,307.57,8.38,D
16.39105,77.2456,341.95,0.53,0.42,2026-05-03,824,N21,VIIRS,n,2.0NRT,302.32,6.05,D
16.40074,77.17654,339.3,0.53,0.42,2026-05-03,824,N21,VIIRS,n,2.0NRT,304.64,6.78,D
16.4009,77.17435,339.85,0.52,0.42,2026-05-03,824,N21,VIIRS,n,2.0NRT,305.51,4.88,D
16.4109,74.92011,341.99,0.42,0.37,2026-05-03,824,N21,VIIRS,l,2.0NRT,315.53,7.9,D
16.41146,74.92398,344.08,0.42,0.37,2026-05-03,824,N21,VIIRS,l,2.0NRT,316.78,5.6,D
16.41468,73.71558,340.07,0.39,0.36,2026-05-03,824,N21,VIIRS,n,2.0NRT,309.81,4.1,D
16.41471,74.91969,341.62,0.42,0.37,2026-05-03,824,N21,VIIRS,l,2.0NRT,314.9,7.17,D
16.41799,73.71507,342.3,0.39,0.36,2026-05-03,824,N21,VIIRS,n,2.0NRT,309.57,3.89,D
16.42884,80.02425,336.98,0.53,0.5,2026-05-03,824,N21,VIIRS,n,2.0NRT,298.52,7.67,D
16.42927,80.02641,342.92,0.53,0.5,2026-05-03,824,N21,VIIRS,n,2.0NRT,299.06,8.72,D
16.42944,80.02917,336.18,0.53,0.5,2026-05-03,824,N21,VIIRS,n,2.0NRT,298.82,5.34,D
16.44303,76.7442,340.08,0.5,0.41,2026-05-03,824,N21,VIIRS,n,2.0NRT,314.42,26.88,D
16.44366,76.74883,339.18,0.5,0.41,2026-05-03,824,N21,VIIRS,n,2.0NRT,311.32,27.62,D
16.44468,76.74178,343.46,0.5,0.41,2026-05-03,824,N21,VIIRS,n,2.0NRT,313.4,21.9,D
16.44529,76.74641,353.17,0.5,0.41,2026-05-03,824,N21,VIIRS,n,2.0NRT,321.31,21.9,D
16.44674,76.74367,367,0.5,0.41,2026-05-03,824,N21,VIIRS,h,2.0NRT,317.95,26.88,D
16.4476,73.75473,342.3,0.39,0.36,2026-05-03,824,N21,VIIRS,n,2.0NRT,310.8,4.7,D
16.4484,76.74123,343.19,0.5,0.41,2026-05-03,824,N21,VIIRS,l,2.0NRT,313.48,21.9,D
16.44901,76.74587,351.24,0.5,0.41,2026-05-03,824,N21,VIIRS,n,2.0NRT,315.19,21.9,D
16.45046,76.74313,349.41,0.5,0.41,2026-05-03,824,N21,VIIRS,n,2.0NRT,314.77,7.79,D
16.45436,79.76874,336.36,0.51,0.49,2026-05-03,824,N21,VIIRS,n,2.0NRT,297.74,4.34,D
16.45755,78.38703,339.31,0.41,0.45,2026-05-03,824,N21,VIIRS,l,2.0NRT,310.23,8.9,D
16.46261,78.22749,340.09,0.4,0.45,2026-05-03,824,N21,VIIRS,n,2.0NRT,303.15,6.88,D
16.46308,78.23124,367,0.4,0.45,2026-05-03,824,N21,VIIRS,h,2.0NRT,306.7,6.88,D
16.46309,78.39801,336.67,0.41,0.45,2026-05-03,824,N21,VIIRS,n,2.0NRT,306.12,4.41,D
16.46715,78.23067,337.31,0.4,0.45,2026-05-03,824,N21,VIIRS,n,2.0NRT,302.61,5.24,D
16.47785,78.4157,339.09,0.42,0.45,2026-05-03,824,N21,VIIRS,n,2.0NRT,308.95,7.37,D
16.49296,76.76268,341.54,0.5,0.41,2026-05-03,824,N21,VIIRS,l,2.0NRT,316.06,9.81,D
16.49325,77.11364,342.06,0.52,0.42,2026-05-03,824,N21,VIIRS,n,2.0NRT,308.72,14.68,D
16.49426,76.71557,347.81,0.5,0.41,2026-05-03,824,N21,VIIRS,n,2.0NRT,316.43,11.11,D
16.49528,80.03281,343.26,0.53,0.5,2026-05-03,824,N21,VIIRS,n,2.0NRT,298.02,9.99,D
16.50664,76.98212,336.4,0.51,0.41,2026-05-03,824,N21,VIIRS,l,2.0NRT,307.7,10.08,D
16.51316,77.87016,340.4,0.39,0.44,2026-05-03,824,N21,VIIRS,n,2.0NRT,305.32,6.54,D
16.51361,77.87373,343.77,0.39,0.44,2026-05-03,824,N21,VIIRS,n,2.0NRT,304.68,6.54,D
16.51724,76.80225,341.71,0.5,0.41,2026-05-03,824,N21,VIIRS,l,2.0NRT,315.73,12.01,D
16.51956,77.27982,339.6,0.53,0.42,2026-05-03,824,N21,VIIRS,n,2.0NRT,307.2,9.62,D
16.52168,77.27774,339.1,0.53,0.42,2026-05-03,824,N21,VIIRS,n,2.0NRT,307.09,8.24,D
16.52491,75.95325,348.15,0.46,0.39,2026-05-03,824,N21,VIIRS,l,2.0NRT,319.32,4.62,D
16.53299,78.29092,336.87,0.41,0.45,2026-05-03,824,N21,VIIRS,n,2.0NRT,303.69,6.35,D
16.53491,79.50729,347.68,0.49,0.48,2026-05-03,824,N21,VIIRS,n,2.0NRT,303.76,12.22,D
16.55114,78.33887,348.12,0.41,0.45,2026-05-03,824,N21,VIIRS,n,2.0NRT,307.64,8.36,D
16.55173,78.33882,349.44,0.41,0.45,2026-05-03,824,N21,VIIRS,n,2.0NRT,307.75,8.27,D
16.55639,77.00914,336.71,0.52,0.41,2026-05-03,824,N21,VIIRS,n,2.0NRT,306.36,9.78,D
16.56289,73.79903,340.49,0.39,0.36,2026-05-03,824,N21,VIIRS,l,2.0NRT,311.76,7.24,D
16.56823,78.20887,343.22,0.4,0.45,2026-05-03,824,N21,VIIRS,n,2.0NRT,308.89,6.39,D
16.56999,76.52853,338.18,0.49,0.4,2026-05-03,824,N21,VIIRS,l,2.0NRT,312.3,3.41,D
16.57306,76.52344,345.23,0.49,0.4,2026-05-03,824,N21,VIIRS,n,2.0NRT,312.6,7.07,D
16.57506,79.61375,343.55,0.5,0.49,2026-05-03,824,N21,VIIRS,n,2.0NRT,303.85,11.59,D
16.60742,78.35459,342.27,0.41,0.45,2026-05-03,824,N21,VIIRS,n,2.0NRT,308.39,7.39,D
16.60935,76.82401,341.92,0.51,0.41,2026-05-03,824,N21,VIIRS,l,2.0NRT,315.55,6.38,D
16.61371,76.82816,340.71,0.51,0.41,2026-05-03,824,N21,VIIRS,l,2.0NRT,314.45,6.38,D
16.62627,77.0995,340.9,0.52,0.42,2026-05-03,824,N21,VIIRS,l,2.0NRT,312.15,11.92,D
16.62667,74.63743,336.7,0.41,0.37,2026-05-03,824,N21,VIIRS,l,2.0NRT,311.58,2.72,D
16.64893,76.97797,338.89,0.52,0.41,2026-05-03,824,N21,VIIRS,n,2.0NRT,307.05,9.47,D
16.6527,76.97742,340.51,0.52,0.41,2026-05-03,824,N21,VIIRS,n,2.0NRT,309.98,8.39,D
16.6535,76.54083,349.52,0.49,0.4,2026-05-03,824,N21,VIIRS,n,2.0NRT,316.18,20.36,D
16.65719,76.54028,347,0.49,0.4,2026-05-03,824,N21,VIIRS,l,2.0NRT,317.42,9.61,D
16.67012,77.7802,338.31,0.57,0.43,2026-05-03,824,N21,VIIRS,l,2.0NRT,308.88,4.88,D
16.67081,77.78554,338.42,0.57,0.43,2026-05-03,824,N21,VIIRS,n,2.0NRT,308.04,4.88,D
16.68101,77.16155,339.74,0.53,0.42,2026-05-03,824,N21,VIIRS,l,2.0NRT,310.81,12.01,D
16.70511,76.58916,345.15,0.49,0.4,2026-05-03,824,N21,VIIRS,l,2.0NRT,316.36,10.5,D
16.71119,76.95154,343.55,0.52,0.41,2026-05-03,824,N21,VIIRS,n,2.0NRT,311.95,13.11,D
16.73704,77.06113,341.87,0.52,0.42,2026-05-03,824,N21,VIIRS,l,2.0NRT,314.63,17.32,D
16.7586,77.07785,350.75,0.52,0.42,2026-05-03,824,N21,VIIRS,n,2.0NRT,316.63,17.37,D
16.76918,76.56821,347.51,0.49,0.4,2026-05-03,824,N21,VIIRS,n,2.0NRT,315.97,24.62,D
16.76932,77.04162,339.7,0.52,0.42,2026-05-03,824,N21,VIIRS,l,2.0NRT,312.52,12.99,D
16.76996,77.04649,345.75,0.52,0.42,2026-05-03,824,N21,VIIRS,n,2.0NRT,313.16,17.87,D
16.78194,78.32748,343.46,0.41,0.45,2026-05-03,824,N21,VIIRS,n,2.0NRT,307.06,11.83,D
16.79609,77.09727,340.22,0.53,0.42,2026-05-03,824,N21,VIIRS,l,2.0NRT,315.18,13.22,D
16.84719,79.92995,345.87,0.53,0.5,2026-05-03,824,N21,VIIRS,n,2.0NRT,298.01,5.92,D
16.8472,79.92844,341.39,0.53,0.5,2026-05-03,824,N21,VIIRS,n,2.0NRT,296.86,5.91,D
16.84777,79.93338,336.86,0.53,0.5,2026-05-03,824,N21,VIIRS,n,2.0NRT,296.99,5.91,D
16.85178,79.92939,334.41,0.53,0.5,2026-05-03,824,N21,VIIRS,n,2.0NRT,296.94,5.92,D
16.86976,78.72849,341.96,0.44,0.46,2026-05-03,824,N21,VIIRS,n,2.0NRT,308.36,11.2,D
16.87247,79.59497,330.08,0.5,0.49,2026-05-03,824,N21,VIIRS,n,2.0NRT,296.25,3.59,D
16.88118,73.62844,340.53,0.39,0.36,2026-05-03,824,N21,VIIRS,n,2.0NRT,312.73,3.37,D
16.92167,80.12657,342.03,0.54,0.51,2026-05-03,824,N21,VIIRS,n,2.0NRT,288.82,10.85,D
16.97173,75.76324,348.01,0.45,0.39,2026-05-03,824,N21,VIIRS,l,2.0NRT,322.42,24.54,D
16.97713,73.35804,337.07,0.39,0.36,2026-05-03,824,N21,VIIRS,l,2.0NRT,307.22,2.62,D
16.99222,80.09401,338.58,0.54,0.51,2026-05-03,824,N21,VIIRS,n,2.0NRT,291.64,5.66,D
17.00551,80.00566,335.02,0.53,0.5,2026-05-03,824,N21,VIIRS,n,2.0NRT,295.42,3.46,D
17.02006,78.37405,343.88,0.42,0.45,2026-05-03,824,N21,VIIRS,n,2.0NRT,311.24,5.69,D
17.03434,79.81686,341.81,0.52,0.5,2026-05-03,824,N21,VIIRS,n,2.0NRT,297.76,9.04,D
17.05113,80.15373,341.25,0.55,0.51,2026-05-03,824,N21,VIIRS,n,2.0NRT,290.07,5.03,D
17.1135,77.01415,345.81,0.52,0.42,2026-05-03,824,N21,VIIRS,l,2.0NRT,317.54,18.37,D
17.1438,79.20747,338.17,0.48,0.48,2026-05-03,824,N21,VIIRS,n,2.0NRT,307.23,10.48,D
17.14463,73.54903,337.84,0.39,0.36,2026-05-03,824,N21,VIIRS,l,2.0NRT,310.52,4.54,D
17.16236,80.02821,352.36,0.54,0.51,2026-05-03,824,N21,VIIRS,n,2.0NRT,296.05,16.28,D
17.16378,80.24099,341.57,0.56,0.51,2026-05-03,824,N21,VIIRS,n,2.0NRT,284.76,12.85,D
17.16772,79.48129,335.26,0.5,0.49,2026-05-03,824,N21,VIIRS,n,2.0NRT,303.64,1.52,D
17.26562,78.61893,341.09,0.44,0.46,2026-05-03,824,N21,VIIRS,n,2.0NRT,303.78,5.94,D
17.28242,81.37346,332.46,0.33,0.56,2026-05-03,824,N21,VIIRS,n,2.0NRT,293.15,2.4,D
17.32291,79.53816,343.44,0.5,0.49,2026-05-03,824,N21,VIIRS,n,2.0NRT,303.15,6.36,D
17.35244,81.46191,332.72,0.34,0.56,2026-05-03,824,N21,VIIRS,n,2.0NRT,294.58,2.13,D
17.35847,81.32597,338.34,0.33,0.55,2026-05-03,824,N21,VIIRS,n,2.0NRT,296.3,3.31,D
17.36557,81.29695,332.98,0.33,0.55,2026-05-03,824,N21,VIIRS,n,2.0NRT,295.85,2.7,D
17.37789,78.55196,337.22,0.44,0.46,2026-05-03,824,N21,VIIRS,n,2.0NRT,305.24,1.74,D
17.37968,81.4263,333.8,0.34,0.56,2026-05-03,824,N21,VIIRS,n,2.0NRT,294.29,2.3,D
17.44682,78.83038,341.03,0.45,0.47,2026-05-03,824,N21,VIIRS,n,2.0NRT,306.17,4.62,D
17.45914,79.62322,340.6,0.51,0.49,2026-05-03,824,N21,VIIRS,n,2.0NRT,304.4,6.15,D
17.46054,79.62144,341.49,0.51,0.49,2026-05-03,824,N21,VIIRS,n,2.0NRT,304.12,3.84,D
17.46639,78.3275,345.17,0.42,0.45,2026-05-03,824,N21,VIIRS,n,2.0NRT,309.76,8.04,D
17.47054,78.32698,347.65,0.42,0.45,2026-05-03,824,N21,VIIRS,n,2.0NRT,309.91,8.04,D
17.50298,80.03766,344.21,0.55,0.51,2026-05-03,824,N21,VIIRS,n,2.0NRT,298.42,20.83,D
17.50464,80.03864,352.07,0.55,0.51,2026-05-03,824,N21,VIIRS,n,2.0NRT,297.94,27.95,D
17.54988,77.5982,349.55,0.38,0.43,2026-05-03,824,N21,VIIRS,n,2.0NRT,314.82,6.86,D
17.56238,79.78087,339.19,0.53,0.5,2026-05-03,824,N21,VIIRS,n,2.0NRT,300.54,5.36,D
17.60935,80.09703,343.49,0.55,0.51,2026-05-03,824,N21,VIIRS,n,2.0NRT,302.65,7.38,D
17.61227,80.0992,337.04,0.55,0.51,2026-05-03,824,N21,VIIRS,n,2.0NRT,301.19,6.79,D
17.63362,80.34427,334.42,0.57,0.52,2026-05-03,824,N21,VIIRS,n,2.0NRT,292.67,3.22,D
17.64024,80.2654,337.54,0.57,0.52,2026-05-03,824,N21,VIIRS,n,2.0NRT,297.11,4.9,D
17.65357,79.84122,337.6,0.53,0.5,2026-05-03,824,N21,VIIRS,n,2.0NRT,301.9,2.79,D
17.66991,79.70416,340.93,0.52,0.5,2026-05-03,824,N21,VIIRS,n,2.0NRT,302.19,7.33,D
17.67342,80.26112,346.24,0.57,0.52,2026-05-03,824,N21,VIIRS,n,2.0NRT,297.21,5.6,D
17.67447,79.70355,346.31,0.52,0.5,2026-05-03,824,N21,VIIRS,n,2.0NRT,304.13,7.33,D
17.67491,79.70094,343.03,0.52,0.5,2026-05-03,824,N21,VIIRS,n,2.0NRT,303.44,9.99,D
17.6773,80.12716,343.66,0.56,0.51,2026-05-03,824,N21,VIIRS,n,2.0NRT,300.75,10.82,D
17.67755,80.25517,344.31,0.57,0.52,2026-05-03,824,N21,VIIRS,n,2.0NRT,298.36,15.65,D
17.68823,80.26455,351.43,0.57,0.52,2026-05-03,824,N21,VIIRS,n,2.0NRT,299.23,13.02,D
17.69358,80.26929,346.88,0.57,0.52,2026-05-03,824,N21,VIIRS,n,2.0NRT,299.88,13.02,D
17.70062,80.08199,336.73,0.55,0.51,2026-05-03,824,N21,VIIRS,n,2.0NRT,297.38,6.1,D
17.72122,80.03035,335.1,0.55,0.51,2026-05-03,824,N21,VIIRS,n,2.0NRT,299.16,3.76,D
17.73108,80.64395,337.37,0.6,0.53,2026-05-03,824,N21,VIIRS,n,2.0NRT,295.04,5.79,D
17.73594,80.64326,337.79,0.6,0.53,2026-05-03,824,N21,VIIRS,n,2.0NRT,297.25,5.79,D
17.74577,79.99615,347.7,0.55,0.51,2026-05-03,824,N21,VIIRS,n,2.0NRT,300.56,16.42,D
17.74817,78.4827,337.3,0.44,0.46,2026-05-03,824,N21,VIIRS,n,2.0NRT,306.37,7.12,D
17.74887,78.48327,341.97,0.44,0.46,2026-05-03,824,N21,VIIRS,n,2.0NRT,305.65,5.31,D
17.75102,80.34856,340.52,0.58,0.52,2026-05-03,824,N21,VIIRS,n,2.0NRT,297.82,10.13,D
17.75199,80.35191,342.09,0.58,0.52,2026-05-03,824,N21,VIIRS,n,2.0NRT,297.64,14.86,D
17.75578,80.34781,332.9,0.58,0.52,2026-05-03,824,N21,VIIRS,n,2.0NRT,297.79,9.18,D
17.75614,80.34563,332.67,0.58,0.52,2026-05-03,824,N21,VIIRS,n,2.0NRT,297.93,5.98,D
17.7628,78.53061,336.16,0.44,0.46,2026-05-03,824,N21,VIIRS,l,2.0NRT,307.16,4.2,D
17.76315,78.53128,338.08,0.44,0.46,2026-05-03,824,N21,VIIRS,n,2.0NRT,307.8,8.16,D
17.84817,80.55841,343.34,0.6,0.53,2026-05-03,824,N21,VIIRS,n,2.0NRT,298.5,10.47,D
17.86173,79.86617,336.54,0.54,0.51,2026-05-03,824,N21,VIIRS,n,2.0NRT,305.1,6.62,D
17.87054,79.98357,343.4,0.55,0.51,2026-05-03,824,N21,VIIRS,n,2.0NRT,303.36,9.06,D
17.87809,79.49568,339.52,0.51,0.49,2026-05-03,824,N21,VIIRS,n,2.0NRT,309,10.43,D
17.92025,79.85101,338.71,0.54,0.51,2026-05-03,824,N21,VIIRS,n,2.0NRT,302.72,6.42,D
17.92128,79.85342,339.1,0.54,0.51,2026-05-03,824,N21,VIIRS,n,2.0NRT,303.17,7.91,D
17.95552,79.87201,342.91,0.54,0.51,2026-05-03,824,N21,VIIRS,n,2.0NRT,305.42,9.95,D
18.04112,80.58945,342.09,0.6,0.53,2026-05-03,824,N21,VIIRS,n,2.0NRT,300.49,8.98,D
18.04174,80.59511,338.9,0.6,0.53,2026-05-03,824,N21,VIIRS,n,2.0NRT,300.02,8.98,D
17.23786,73.60417,334.27,0.39,0.36,2026-05-03,826,N21,VIIRS,l,2.0NRT,308.39,4.13,D
17.24118,73.60365,350.91,0.39,0.36,2026-05-03,826,N21,VIIRS,n,2.0NRT,312.84,4.13,D
17.2445,73.60312,334.81,0.39,0.36,2026-05-03,826,N21,VIIRS,l,2.0NRT,306.48,2.3,D
17.24503,73.60674,334.14,0.39,0.36,2026-05-03,826,N21,VIIRS,l,2.0NRT,306.76,2.3,D
17.36356,73.53539,344.33,0.39,0.36,2026-05-03,826,N21,VIIRS,n,2.0NRT,313.07,5.97,D
17.40693,73.2762,346.36,0.39,0.36,2026-05-03,826,N21,VIIRS,n,2.0NRT,313.19,8.93,D
17.44179,74.68053,351.86,0.42,0.37,2026-05-03,826,N21,VIIRS,l,2.0NRT,322.74,7.88,D
17.54599,73.55075,352.06,0.39,0.36,2026-05-03,826,N21,VIIRS,n,2.0NRT,313.05,6.96,D
17.54931,73.55022,338.68,0.39,0.36,2026-05-03,826,N21,VIIRS,l,2.0NRT,312.55,4.8,D
17.57307,76.35106,348.53,0.49,0.4,2026-05-03,826,N21,VIIRS,l,2.0NRT,323.33,5.27,D
17.61418,74.06728,346.28,0.4,0.37,2026-05-03,826,N21,VIIRS,l,2.0NRT,319.04,5.17,D
17.61874,74.05132,350.36,0.4,0.37,2026-05-03,826,N21,VIIRS,n,2.0NRT,315.72,7.51,D
17.67771,73.52168,351.03,0.39,0.36,2026-05-03,826,N21,VIIRS,n,2.0NRT,316.98,13.94,D
17.70502,73.91901,345.62,0.4,0.37,2026-05-03,826,N21,VIIRS,l,2.0NRT,318.92,11.42,D
17.70823,77.3302,345.3,0.56,0.43,2026-05-03,826,N21,VIIRS,l,2.0NRT,319.37,23.52,D
17.73293,73.64296,339.31,0.39,0.36,2026-05-03,826,N21,VIIRS,l,2.0NRT,313.16,4.67,D
17.79116,73.60038,353.63,0.39,0.36,2026-05-03,826,N21,VIIRS,n,2.0NRT,310.8,12.23,D
17.83265,73.258,336.23,0.39,0.36,2026-05-03,826,N21,VIIRS,l,2.0NRT,309.88,4.3,D
17.89552,73.38549,345.49,0.39,0.36,2026-05-03,826,N21,VIIRS,n,2.0NRT,314.53,7.98,D
17.91497,78.09754,347.57,0.41,0.45,2026-05-03,826,N21,VIIRS,n,2.0NRT,315.98,12.42,D
17.94171,79.21461,343.36,0.49,0.48,2026-05-03,826,N21,VIIRS,n,2.0NRT,307.57,14.59,D
17.94203,79.21298,340.21,0.49,0.48,2026-05-03,826,N21,VIIRS,n,2.0NRT,307.06,11.37,D
18.00292,78.00703,342.73,0.41,0.45,2026-05-03,826,N21,VIIRS,n,2.0NRT,310.93,7.22,D
18.04913,78.51109,334.62,0.44,0.46,2026-05-03,826,N21,VIIRS,l,2.0NRT,307.79,5.55,D
18.06499,73.59019,356.12,0.39,0.36,2026-05-03,826,N21,VIIRS,n,2.0NRT,319.38,15.47,D
18.08237,77.81573,342.31,0.4,0.44,2026-05-03,826,N21,VIIRS,l,2.0NRT,312.34,7.15,D
18.09193,79.67947,343.1,0.53,0.5,2026-05-03,826,N21,VIIRS,n,2.0NRT,306.77,10.17,D
18.0925,79.68436,343.06,0.53,0.5,2026-05-03,826,N21,VIIRS,n,2.0NRT,305.62,10.16,D
18.09658,74.28207,342.51,0.41,0.37,2026-05-03,826,N21,VIIRS,n,2.0NRT,314.59,9.52,D
18.09971,80.07088,337.7,0.56,0.51,2026-05-03,826,N21,VIIRS,l,2.0NRT,308.34,9.15,D
18.11525,78.55927,334.26,0.45,0.47,2026-05-03,826,N21,VIIRS,l,2.0NRT,307.32,3.18,D
18.11855,73.81953,344.21,0.4,0.37,2026-05-03,826,N21,VIIRS,l,2.0NRT,317.78,10.46,D
18.11949,77.5805,345.96,0.39,0.44,2026-05-03,826,N21,VIIRS,l,2.0NRT,320.71,2.73,D
18.12721,78.07008,344.54,0.42,0.45,2026-05-03,826,N21,VIIRS,n,2.0NRT,314.23,6,D
18.13015,78.07005,338.2,0.42,0.45,2026-05-03,826,N21,VIIRS,l,2.0NRT,309.55,4.98,D
18.15564,78.14223,343.44,0.42,0.45,2026-05-03,826,N21,VIIRS,n,2.0NRT,310.71,7.49,D
18.15611,78.14619,343,0.42,0.45,2026-05-03,826,N21,VIIRS,n,2.0NRT,309.25,7.49,D
18.1628,78.20168,343.92,0.42,0.45,2026-05-03,826,N21,VIIRS,n,2.0NRT,310.83,5.74,D
18.17094,78.16423,337.06,0.42,0.45,2026-05-03,826,N21,VIIRS,n,2.0NRT,309.16,9.45,D
18.17142,78.16817,367,0.42,0.45,2026-05-03,826,N21,VIIRS,h,2.0NRT,313.23,9.45,D
18.1719,78.17212,343.74,0.42,0.45,2026-05-03,826,N21,VIIRS,n,2.0NRT,311.79,12.81,D
18.19193,78.12918,345.85,0.42,0.45,2026-05-03,826,N21,VIIRS,n,2.0NRT,311.53,6.48,D
18.19607,78.1286,345.02,0.42,0.45,2026-05-03,826,N21,VIIRS,n,2.0NRT,313.53,6.7,D
18.20053,77.79966,346.75,0.4,0.44,2026-05-03,826,N21,VIIRS,n,2.0NRT,317.02,18.57,D
18.20103,79.53873,346.13,0.52,0.5,2026-05-03,826,N21,VIIRS,n,2.0NRT,307.5,11.08,D
18.20209,79.53689,341.86,0.52,0.5,2026-05-03,826,N21,VIIRS,n,2.0NRT,305.76,10.38,D
18.23083,73.28613,341.97,0.39,0.36,2026-05-03,826,N21,VIIRS,l,2.0NRT,314.05,4.45,D
18.23903,74.10783,345.49,0.4,0.37,2026-05-03,826,N21,VIIRS,l,2.0NRT,318.79,6.1,D
18.23958,74.11165,348.28,0.4,0.37,2026-05-03,826,N21,VIIRS,n,2.0NRT,317.27,8.97,D
18.24074,74.09589,354.77,0.4,0.37,2026-05-03,826,N21,VIIRS,n,2.0NRT,319.72,15.22,D
18.24083,73.91502,343.26,0.4,0.37,2026-05-03,826,N21,VIIRS,l,2.0NRT,316.38,10.75,D
18.24239,74.10726,352.14,0.4,0.37,2026-05-03,826,N21,VIIRS,l,2.0NRT,322.22,9.99,D
18.24356,74.09155,355.24,0.4,0.37,2026-05-03,826,N21,VIIRS,n,2.0NRT,322.74,20.03,D
18.2441,74.09528,348.86,0.4,0.37,2026-05-03,826,N21,VIIRS,l,2.0NRT,318.97,15.22,D
18.24575,74.10669,350.38,0.4,0.37,2026-05-03,826,N21,VIIRS,l,2.0NRT,320.96,9.99,D
18.24692,74.09097,344.04,0.4,0.37,2026-05-03,826,N21,VIIRS,n,2.0NRT,316.64,4.87,D
18.24746,74.09469,346.19,0.4,0.37,2026-05-03,826,N21,VIIRS,l,2.0NRT,318.89,7.39,D
18.24773,79.77689,337.07,0.54,0.51,2026-05-03,826,N21,VIIRS,n,2.0NRT,304.68,6.65,D
18.24874,77.85052,346.43,0.4,0.45,2026-05-03,826,N21,VIIRS,n,2.0NRT,314.31,8.38,D
18.2525,77.88104,346.48,0.41,0.45,2026-05-03,826,N21,VIIRS,n,2.0NRT,314.28,8.72,D
18.27161,73.77247,343.9,0.4,0.37,2026-05-03,826,N21,VIIRS,l,2.0NRT,314.25,7.99,D
18.27936,73.35994,347.67,0.39,0.36,2026-05-03,826,N21,VIIRS,n,2.0NRT,311.84,8.59,D
18.28639,73.50077,340.44,0.39,0.36,2026-05-03,826,N21,VIIRS,l,2.0NRT,313.68,9.3,D
18.30819,80.01878,336,0.56,0.51,2026-05-03,826,N21,VIIRS,n,2.0NRT,305.19,5.68,D
18.32026,78.02368,349.22,0.41,0.45,2026-05-03,826,N21,VIIRS,n,2.0NRT,313.58,9.14,D
18.32154,77.83687,342.64,0.4,0.45,2026-05-03,826,N21,VIIRS,n,2.0NRT,313.19,6.43,D
18.32179,77.83783,343.2,0.4,0.45,2026-05-03,826,N21,VIIRS,l,2.0NRT,313.21,5.51,D
18.32483,77.79475,341.21,0.4,0.44,2026-05-03,826,N21,VIIRS,l,2.0NRT,315.52,7.9,D
18.33326,77.89834,342.84,0.41,0.45,2026-05-03,826,N21,VIIRS,n,2.0NRT,311.71,6.55,D
18.33844,79.38963,342.02,0.51,0.49,2026-05-03,826,N21,VIIRS,n,2.0NRT,308.11,12.53,D
18.3504,73.54333,346.36,0.39,0.36,2026-05-03,826,N21,VIIRS,n,2.0NRT,316.35,5.99,D
18.35069,73.45258,342.63,0.39,0.36,2026-05-03,826,N21,VIIRS,n,2.0NRT,313.09,5.02,D
18.35105,77.94209,337.76,0.41,0.45,2026-05-03,826,N21,VIIRS,l,2.0NRT,310.48,4.12,D
18.38347,77.63869,347,0.39,0.44,2026-05-03,826,N21,VIIRS,l,2.0NRT,320.27,16.77,D
18.38378,73.05582,338.25,0.39,0.36,2026-05-03,826,N21,VIIRS,l,2.0NRT,313.19,5.44,D
18.38878,77.9102,337.03,0.41,0.45,2026-05-03,826,N21,VIIRS,l,2.0NRT,311.06,2.18,D
18.38925,77.91403,337.64,0.41,0.45,2026-05-03,826,N21,VIIRS,l,2.0NRT,308.86,1.99,D
18.39951,80.61258,340.46,0.61,0.54,2026-05-03,826,N21,VIIRS,n,2.0NRT,303.73,5.13,D
18.41693,77.90238,344.6,0.41,0.45,2026-05-03,826,N21,VIIRS,n,2.0NRT,313.13,11.59,D
18.42826,77.79237,350.89,0.4,0.44,2026-05-03,826,N21,VIIRS,n,2.0NRT,316.42,12.22,D
18.43087,77.7459,348.72,0.4,0.44,2026-05-03,826,N21,VIIRS,n,2.0NRT,318.28,10.76,D
18.44395,77.75178,344.97,0.4,0.44,2026-05-03,826,N21,VIIRS,l,2.0NRT,318.27,9.43,D
18.45272,77.59093,346.25,0.39,0.44,2026-05-03,826,N21,VIIRS,l,2.0NRT,320.99,15.6,D
18.45346,77.76198,347.28,0.4,0.44,2026-05-03,826,N21,VIIRS,l,2.0NRT,321.45,42.86,D
18.46841,77.88358,338.37,0.41,0.45,2026-05-03,826,N21,VIIRS,l,2.0NRT,310.86,2.89,D
18.47214,78.41299,342.8,0.44,0.46,2026-05-03,826,N21,VIIRS,l,2.0NRT,315.96,7.8,D
18.47265,78.41718,344.44,0.44,0.46,2026-05-03,826,N21,VIIRS,l,2.0NRT,315.44,7.8,D
18.48688,73.15403,344.04,0.39,0.36,2026-05-03,826,N21,VIIRS,l,2.0NRT,315.62,14.05,D
18.48956,77.62362,346.3,0.39,0.44,2026-05-03,826,N21,VIIRS,l,2.0NRT,321.03,22.26,D
18.49997,78.17753,340.85,0.43,0.46,2026-05-03,826,N21,VIIRS,l,2.0NRT,313.57,4.27,D
18.50414,78.17695,338.53,0.43,0.46,2026-05-03,826,N21,VIIRS,l,2.0NRT,312.48,4.27,D
18.50729,80.31834,332.91,0.59,0.53,2026-05-03,826,N21,VIIRS,n,2.0NRT,301.9,6.38,D
18.51426,74.23766,338.03,0.41,0.37,2026-05-03,826,N21,VIIRS,l,2.0NRT,310.56,3.73,D
18.51533,77.95948,337.74,0.41,0.45,2026-05-03,826,N21,VIIRS,n,2.0NRT,303.87,0.99,D
18.51555,77.79569,347.83,0.4,0.45,2026-05-03,826,N21,VIIRS,n,2.0NRT,315.17,10.09,D
18.51569,79.34249,335.45,0.51,0.49,2026-05-03,826,N21,VIIRS,l,2.0NRT,306.55,3.58,D
18.52326,78.40739,344.07,0.44,0.46,2026-05-03,826,N21,VIIRS,n,2.0NRT,314.06,6.26,D
18.52674,78.43658,344.49,0.44,0.46,2026-05-03,826,N21,VIIRS,n,2.0NRT,314.37,10.29,D
18.53358,78.91738,345.39,0.48,0.48,2026-05-03,826,N21,VIIRS,n,2.0NRT,314.09,26.21,D
18.54195,78.13982,343.76,0.42,0.46,2026-05-03,826,N21,VIIRS,n,2.0NRT,312.97,7.6,D
18.54196,77.97165,341.85,0.41,0.45,2026-05-03,826,N21,VIIRS,l,2.0NRT,315.3,6.81,D
18.54538,77.73389,367,0.4,0.44,2026-05-03,826,N21,VIIRS,h,2.0NRT,322.27,23.63,D
18.54806,77.98674,341.28,0.42,0.45,2026-05-03,826,N21,VIIRS,n,2.0NRT,311.24,6.75,D
18.55097,77.9866,367,0.42,0.45,2026-05-03,826,N21,VIIRS,h,2.0NRT,316.28,24.68,D
18.55169,77.9823,344.12,0.42,0.45,2026-05-03,826,N21,VIIRS,n,2.0NRT,312.2,14.3,D
18.55218,77.9862,355.21,0.42,0.45,2026-05-03,826,N21,VIIRS,n,2.0NRT,315.79,23.46,D
18.55416,77.97826,349.53,0.42,0.45,2026-05-03,826,N21,VIIRS,n,2.0NRT,318.31,23.63,D
18.55463,77.98215,367,0.42,0.45,2026-05-03,826,N21,VIIRS,h,2.0NRT,313.29,23.63,D
18.55532,77.97787,346.27,0.41,0.45,2026-05-03,826,N21,VIIRS,n,2.0NRT,319.18,14.3,D
18.55581,77.98174,350.23,0.42,0.45,2026-05-03,826,N21,VIIRS,n,2.0NRT,312.87,14.3,D
18.55601,77.821,340.65,0.41,0.45,2026-05-03,826,N21,VIIRS,l,2.0NRT,314.4,5.02,D
18.55695,77.82866,341.63,0.41,0.45,2026-05-03,826,N21,VIIRS,l,2.0NRT,313.76,4.54,D
18.55859,77.77433,343.59,0.4,0.44,2026-05-03,826,N21,VIIRS,n,2.0NRT,317.79,7.49,D
18.55906,77.77811,344.43,0.4,0.44,2026-05-03,826,N21,VIIRS,n,2.0NRT,319.23,7.49,D
18.56375,82.18527,331.28,0.39,0.59,2026-05-03,826,N21,VIIRS,n,2.0NRT,292.91,3.4,D
18.56688,77.94485,343.86,0.41,0.45,2026-05-03,826,N21,VIIRS,l,2.0NRT,313.9,11.21,D
18.56698,77.84284,348.34,0.41,0.45,2026-05-03,826,N21,VIIRS,n,2.0NRT,316.64,10.85,D
18.57188,78.97278,335.49,0.48,0.48,2026-05-03,826,N21,VIIRS,l,2.0NRT,309.57,7.74,D
18.57192,78.97604,338.95,0.48,0.48,2026-05-03,826,N21,VIIRS,l,2.0NRT,310.07,7.45,D
18.57675,80.06094,334.1,0.57,0.52,2026-05-03,826,N21,VIIRS,l,2.0NRT,306.33,3.55,D
18.57988,78.41267,343.85,0.44,0.46,2026-05-03,826,N21,VIIRS,l,2.0NRT,314.62,12.21,D
18.59597,77.90941,354.15,0.41,0.45,2026-05-03,826,N21,VIIRS,n,2.0NRT,315.82,19.29,D
18.62471,77.97268,344.88,0.42,0.45,2026-05-03,826,N21,VIIRS,l,2.0NRT,317.71,11.29,D
18.64637,80.25532,336.82,0.58,0.52,2026-05-03,826,N21,VIIRS,n,2.0NRT,302.63,6.7,D
18.64912,78.56192,343.86,0.45,0.47,2026-05-03,826,N21,VIIRS,l,2.0NRT,315.46,8.91,D
18.64942,81.22319,333.22,0.34,0.56,2026-05-03,826,N21,VIIRS,n,2.0NRT,293.11,6.9,D
18.64971,81.22594,343.45,0.34,0.56,2026-05-03,826,N21,VIIRS,n,2.0NRT,293.81,4.59,D
18.65002,81.22879,337.38,0.34,0.56,2026-05-03,826,N21,VIIRS,n,2.0NRT,294.95,4.59,D
18.65013,77.94154,353.84,0.41,0.45,2026-05-03,826,N21,VIIRS,n,2.0NRT,315.71,19.45,D
18.65695,73.1077,340.59,0.39,0.36,2026-05-03,826,N21,VIIRS,l,2.0NRT,312.16,5.47,D
18.6577,78.56086,344.08,0.45,0.47,2026-05-03,826,N21,VIIRS,n,2.0NRT,316.6,7.26,D
18.66301,78.56891,339.85,0.45,0.47,2026-05-03,826,N21,VIIRS,l,2.0NRT,312.11,4.73,D
18.67787,78.00649,344.17,0.42,0.45,2026-05-03,826,N21,VIIRS,l,2.0NRT,314.61,7.04,D
18.68032,73.03671,343.6,0.39,0.36,2026-05-03,826,N21,VIIRS,l,2.0NRT,315.56,5.1,D
18.68613,78.76434,341.14,0.47,0.48,2026-05-03,826,N21,VIIRS,l,2.0NRT,311.94,4.81,D
18.69047,78.76376,343.49,0.47,0.48,2026-05-03,826,N21,VIIRS,n,2.0NRT,313.08,4.81,D
18.6913,73.04238,341.9,0.39,0.36,2026-05-03,826,N21,VIIRS,l,2.0NRT,315.16,7.59,D
18.69171,77.81133,344.82,0.41,0.45,2026-05-03,826,N21,VIIRS,l,2.0NRT,317.95,8.2,D
18.69218,77.81514,343.53,0.41,0.45,2026-05-03,826,N21,VIIRS,l,2.0NRT,314.67,8.2,D
18.69482,78.76318,338.24,0.47,0.48,2026-05-03,826,N21,VIIRS,l,2.0NRT,312.55,5.56,D
18.69533,78.76752,338.59,0.47,0.48,2026-05-03,826,N21,VIIRS,l,2.0NRT,312.59,5.1,D
18.69584,78.77185,340.66,0.47,0.48,2026-05-03,826,N21,VIIRS,l,2.0NRT,312.06,5.1,D
18.69721,77.82224,346.41,0.41,0.45,2026-05-03,826,N21,VIIRS,l,2.0NRT,320.11,18.14,D
18.70491,77.8173,367,0.41,0.45,2026-05-03,826,N21,VIIRS,h,2.0NRT,320.81,16.44,D
18.70662,73.23808,340.71,0.39,0.36,2026-05-03,826,N21,VIIRS,l,2.0NRT,314.53,7.25,D
18.71373,79.3991,342.71,0.51,0.5,2026-05-03,826,N21,VIIRS,n,2.0NRT,310.41,8.85,D
18.71647,78.478,346.57,0.45,0.47,2026-05-03,826,N21,VIIRS,l,2.0NRT,319.05,11.71,D
18.71665,79.39665,344.05,0.51,0.5,2026-05-03,826,N21,VIIRS,n,2.0NRT,312.93,8.94,D
18.71693,78.476,346.03,0.45,0.47,2026-05-03,826,N21,VIIRS,l,2.0NRT,319.66,11.57,D
18.71918,79.53555,337.11,0.52,0.5,2026-05-03,826,N21,VIIRS,l,2.0NRT,311.98,11.85,D
18.72584,77.88503,345.24,0.41,0.45,2026-05-03,826,N21,VIIRS,l,2.0NRT,319.8,9.73,D
18.72892,79.41141,336.64,0.51,0.5,2026-05-03,826,N21,VIIRS,l,2.0NRT,311.51,4.3,D
18.73035,78.69215,344.75,0.46,0.47,2026-05-03,826,N21,VIIRS,n,2.0NRT,312.82,3.96,D
18.74567,74.94213,349.39,0.43,0.38,2026-05-03,826,N21,VIIRS,l,2.0NRT,321.87,4.83,D
18.75076,77.91718,353.52,0.41,0.45,2026-05-03,826,N21,VIIRS,n,2.0NRT,319.44,21.08,D
18.77186,78.96063,342.4,0.48,0.48,2026-05-03,826,N21,VIIRS,l,2.0NRT,314.88,9.3,D
18.77201,78.96259,346.94,0.48,0.48,2026-05-03,826,N21,VIIRS,n,2.0NRT,315.37,8.12,D
18.77834,78.06957,345.26,0.42,0.45,2026-05-03,826,N21,VIIRS,n,2.0NRT,314.39,9.1,D
18.77921,79.09727,342.41,0.49,0.49,2026-05-03,826,N21,VIIRS,n,2.0NRT,311.76,9.31,D
18.7799,78.06577,342.14,0.42,0.45,2026-05-03,826,N21,VIIRS,l,2.0NRT,314.67,8.82,D
18.78038,78.06977,345.01,0.42,0.45,2026-05-03,826,N21,VIIRS,n,2.0NRT,316.44,13.75,D
18.78155,78.26614,340.7,0.44,0.46,2026-05-03,826,N21,VIIRS,l,2.0NRT,312.12,2.66,D
18.782,78.06501,342.31,0.42,0.45,2026-05-03,826,N21,VIIRS,l,2.0NRT,315.01,8.14,D
18.78238,78.20383,347.35,0.43,0.46,2026-05-03,826,N21,VIIRS,n,2.0NRT,314.39,10.99,D
18.7825,78.06902,355.77,0.42,0.45,2026-05-03,826,N21,VIIRS,n,2.0NRT,316.54,9.1,D
18.78297,78.59933,350.48,0.46,0.47,2026-05-03,826,N21,VIIRS,n,2.0NRT,315.22,8.2,D
18.78349,78.60367,343.43,0.46,0.47,2026-05-03,826,N21,VIIRS,n,2.0NRT,311.69,8.2,D
18.78406,78.06519,341.73,0.42,0.45,2026-05-03,826,N21,VIIRS,l,2.0NRT,316.39,8.84,D
18.78453,78.06921,344.47,0.42,0.45,2026-05-03,826,N21,VIIRS,n,2.0NRT,313.95,7.98,D
18.78727,78.59875,345.58,0.46,0.47,2026-05-03,826,N21,VIIRS,n,2.0NRT,315.38,8.2,D
18.79149,81.8228,336.76,0.37,0.58,2026-05-03,826,N21,VIIRS,n,2.0NRT,295.5,6.68,D
18.79862,78.01061,347.64,0.42,0.45,2026-05-03,826,N21,VIIRS,n,2.0NRT,317.21,12.77,D
18.79943,77.9825,343.22,0.42,0.45,2026-05-03,826,N21,VIIRS,n,2.0NRT,312.41,5.36,D
18.80109,80.24487,334.72,0.59,0.52,2026-05-03,826,N21,VIIRS,n,2.0NRT,304.34,8.36,D
18.80287,78.4752,341.13,0.45,0.47,2026-05-03,826,N21,VIIRS,l,2.0NRT,315.05,9.63,D
18.8216,78.92657,340.49,0.48,0.48,2026-05-03,826,N21,VIIRS,l,2.0NRT,315.4,8.43,D
18.84498,80.07111,343.74,0.57,0.52,2026-05-03,826,N21,VIIRS,n,2.0NRT,308.48,7.02,D
18.84974,80.07056,340.2,0.57,0.52,2026-05-03,826,N21,VIIRS,n,2.0NRT,308.57,7.02,D
18.85311,78.21583,343.95,0.43,0.46,2026-05-03,826,N21,VIIRS,l,2.0NRT,314.65,12.49,D
18.86763,73.81194,349.57,0.4,0.37,2026-05-03,826,N21,VIIRS,l,2.0NRT,320.36,11.72,D
18.87519,78.47091,346.75,0.45,0.47,2026-05-03,826,N21,VIIRS,n,2.0NRT,317.86,8.34,D
18.87946,78.47033,344.87,0.45,0.47,2026-05-03,826,N21,VIIRS,l,2.0NRT,315.83,8.34,D
18.89054,74.79572,348.82,0.43,0.38,2026-05-03,826,N21,VIIRS,l,2.0NRT,323.26,17.56,D
18.90218,82.71666,332.39,0.43,0.62,2026-05-03,826,N21,VIIRS,n,2.0NRT,297.76,2.51,D
18.98701,73.50568,348.8,0.4,0.37,2026-05-03,826,N21,VIIRS,n,2.0NRT,313.73,8.24,D
19.01109,73.4603,342.12,0.39,0.37,2026-05-03,826,N21,VIIRS,l,2.0NRT,316.87,10.22,D
19.04463,73.69055,341.03,0.4,0.37,2026-05-03,826,N21,VIIRS,l,2.0NRT,314.33,8.05,D
19.04931,78.62374,339.21,0.46,0.47,2026-05-03,826,N21,VIIRS,l,2.0NRT,311.35,9.16,D
19.0558,75.01445,348.6,0.44,0.38,2026-05-03,826,N21,VIIRS,l,2.0NRT,321.45,7.38,D
19.0859,73.84319,343.1,0.4,0.37,2026-05-03,826,N21,VIIRS,l,2.0NRT,317.77,6.69,D
19.09194,79.16893,333.87,0.5,0.49,2026-05-03,826,N21,VIIRS,l,2.0NRT,308.69,3.32,D
19.10138,75.00735,343.6,0.44,0.38,2026-05-03,826,N21,VIIRS,l,2.0NRT,317.84,4.9,D
19.10196,75.01156,345.13,0.44,0.38,2026-05-03,826,N21,VIIRS,l,2.0NRT,319,4.9,D
19.11654,78.03836,347.28,0.43,0.46,2026-05-03,826,N21,VIIRS,n,2.0NRT,315.61,9.19,D
19.1207,78.03779,340.77,0.43,0.46,2026-05-03,826,N21,VIIRS,l,2.0NRT,315.06,9.24,D
19.12332,73.48462,367,0.4,0.37,2026-05-03,826,N21,VIIRS,h,2.0NRT,318.67,15.59,D
19.12508,73.44997,341,0.4,0.37,2026-05-03,826,N21,VIIRS,l,2.0NRT,314.85,7.62,D
19.16019,81.15475,331.16,0.34,0.56,2026-05-03,826,N21,VIIRS,n,2.0NRT,295.93,3.36,D
19.17238,81.22218,343.93,0.34,0.56,2026-05-03,826,N21,VIIRS,n,2.0NRT,294.67,13.22,D
19.17278,81.22604,367,0.34,0.56,2026-05-03,826,N21,VIIRS,h,2.0NRT,298.6,21.75,D
19.18056,74.95015,341.62,0.44,0.38,2026-05-03,826,N21,VIIRS,l,2.0NRT,316.42,3.72,D
19.18724,81.16487,345.4,0.34,0.56,2026-05-03,826,N21,VIIRS,n,2.0NRT,296.5,8.11,D
19.19205,81.16124,367,0.34,0.56,2026-05-03,826,N21,VIIRS,h,2.0NRT,300.03,8.11,D
19.1924,81.16458,341.14,0.34,0.56,2026-05-03,826,N21,VIIRS,n,2.0NRT,297.14,8.11,D
19.19483,77.89827,367,0.42,0.45,2026-05-03,826,N21,VIIRS,l,2.0NRT,325.27,32.84,D
19.1953,77.90225,345.45,0.42,0.45,2026-05-03,826,N21,VIIRS,l,2.0NRT,318.72,22.15,D
19.21126,77.55433,349.33,0.4,0.44,2026-05-03,826,N21,VIIRS,l,2.0NRT,319.36,5.33,D
19.21173,77.55811,346.54,0.4,0.44,2026-05-03,826,N21,VIIRS,l,2.0NRT,316.62,5.33,D
19.21426,73.38582,345.09,0.39,0.37,2026-05-03,826,N21,VIIRS,l,2.0NRT,318.46,14.83,D
19.21759,73.38528,349.06,0.39,0.37,2026-05-03,826,N21,VIIRS,n,2.0NRT,318.95,16,D
19.2246,81.22247,346.4,0.34,0.56,2026-05-03,826,N21,VIIRS,n,2.0NRT,300.46,7.99,D
19.22533,81.18071,336.26,0.34,0.56,2026-05-03,826,N21,VIIRS,n,2.0NRT,299.98,4.59,D
19.22758,73.38364,348.51,0.39,0.37,2026-05-03,826,N21,VIIRS,l,2.0NRT,320.63,13.31,D
19.23582,75.49334,342.66,0.46,0.39,2026-05-03,826,N21,VIIRS,l,2.0NRT,315.91,11.9,D
19.23694,77.86435,348.55,0.42,0.45,2026-05-03,826,N21,VIIRS,l,2.0NRT,322.07,16,D
19.23975,82.22694,344.54,0.4,0.6,2026-05-03,826,N21,VIIRS,n,2.0NRT,300.11,7.09,D
19.2402,82.22692,346.21,0.4,0.6,2026-05-03,826,N21,VIIRS,n,2.0NRT,299.85,7,D
19.24243,81.06768,367,0.34,0.56,2026-05-03,826,N21,VIIRS,h,2.0NRT,295.1,7.45,D
19.26108,81.14814,330.21,0.34,0.56,2026-05-03,826,N21,VIIRS,n,2.0NRT,298.13,3.55,D
19.27819,80.82309,367,0.32,0.55,2026-05-03,826,N21,VIIRS,h,2.0NRT,304.76,10.78,D
19.28336,81.01476,331.81,0.33,0.56,2026-05-03,826,N21,VIIRS,l,2.0NRT,302.24,3.08,D
19.29294,79.12913,339.28,0.5,0.49,2026-05-03,826,N21,VIIRS,l,2.0NRT,313.08,11.01,D
19.29989,74.69492,348.56,0.43,0.38,2026-05-03,826,N21,VIIRS,n,2.0NRT,321.2,27.69,D
19.30497,73.12479,340.9,0.39,0.36,2026-05-03,826,N21,VIIRS,l,2.0NRT,315.15,8.12,D
19.30682,80.99329,334.85,0.33,0.56,2026-05-03,826,N21,VIIRS,n,2.0NRT,302.45,5.23,D
19.30782,80.81623,345.51,0.32,0.55,2026-05-03,826,N21,VIIRS,n,2.0NRT,304.79,6.2,D
19.30797,80.81606,343.57,0.32,0.55,2026-05-03,826,N21,VIIRS,n,2.0NRT,304.67,3.32,D
19.31513,73.44952,343.33,0.4,0.37,2026-05-03,826,N21,VIIRS,l,2.0NRT,318.19,10.66,D
19.33632,79.18767,354.27,0.51,0.49,2026-05-03,826,N21,VIIRS,n,2.0NRT,317.5,19.87,D
19.33854,79.1896,343.67,0.51,0.49,2026-05-03,826,N21,VIIRS,l,2.0NRT,313.91,19.01,D
19.36995,71.35324,340.95,0.39,0.36,2026-05-03,826,N21,VIIRS,n,2.0NRT,300.71,6.34,D
19.37948,74.21449,355.11,0.41,0.37,2026-05-03,826,N21,VIIRS,n,2.0NRT,324.84,19.5,D
19.38288,74.21393,367,0.41,0.37,2026-05-03,826,N21,VIIRS,h,2.0NRT,331.04,34.75,D
19.38603,79.08496,340.26,0.5,0.49,2026-05-03,826,N21,VIIRS,l,2.0NRT,314.75,13.83,D
19.38657,79.08967,343.67,0.5,0.49,2026-05-03,826,N21,VIIRS,n,2.0NRT,315.19,13.83,D
19.42268,79.44627,344.61,0.53,0.5,2026-05-03,826,N21,VIIRS,n,2.0NRT,314.36,14.22,D
19.4271,78.12148,344.43,0.43,0.46,2026-05-03,826,N21,VIIRS,l,2.0NRT,318.12,8.58,D
19.43184,80.97229,332.53,0.33,0.56,2026-05-03,826,N21,VIIRS,l,2.0NRT,303.34,2.56,D
19.43417,74.13349,347.51,0.41,0.37,2026-05-03,826,N21,VIIRS,n,2.0NRT,321.48,9.74,D
19.44252,72.76801,342.34,0.39,0.36,2026-05-03,826,N21,VIIRS,n,2.0NRT,313.57,4.32,D
19.45376,74.44556,349.88,0.42,0.38,2026-05-03,826,N21,VIIRS,l,2.0NRT,323.41,20.56,D
19.46433,78.10513,367,0.43,0.46,2026-05-03,826,N21,VIIRS,h,2.0NRT,322.04,24.17,D
19.5179,80.73525,332.22,0.32,0.55,2026-05-03,826,N21,VIIRS,n,2.0NRT,302.21,2.52,D
19.51811,80.92458,333.03,0.33,0.55,2026-05-03,826,N21,VIIRS,n,2.0NRT,302.74,5.2,D
19.53114,72.74538,339.27,0.39,0.36,2026-05-03,826,N21,VIIRS,l,2.0NRT,312.57,4.94,D
19.5342,78.40198,347.4,0.45,0.47,2026-05-03,826,N21,VIIRS,n,2.0NRT,316.38,18.94,D
19.53607,81.04344,334.14,0.34,0.56,2026-05-03,826,N21,VIIRS,l,2.0NRT,305.24,4.36,D
19.54331,73.12708,342.65,0.39,0.36,2026-05-03,826,N21,VIIRS,l,2.0NRT,317.33,7.72,D
19.57331,73.2398,343,0.39,0.36,2026-05-03,826,N21,VIIRS,l,2.0NRT,316.45,12.9,D
19.58768,73.50505,342.61,0.4,0.37,2026-05-03,826,N21,VIIRS,l,2.0NRT,314.97,9.35,D
19.60199,79.50905,337.99,0.54,0.51,2026-05-03,826,N21,VIIRS,l,2.0NRT,310.44,12.63,D
19.60297,79.5114,336.06,0.54,0.51,2026-05-03,826,N21,VIIRS,l,2.0NRT,307.63,2.06,D
19.60866,73.27206,345.2,0.39,0.36,2026-05-03,826,N21,VIIRS,n,2.0NRT,314.47,10.84,D
19.62535,79.38261,352.44,0.53,0.5,2026-05-03,826,N21,VIIRS,n,2.0NRT,314.49,26.63,D
19.62593,79.38775,344.37,0.53,0.5,2026-05-03,826,N21,VIIRS,n,2.0NRT,314.3,24.98,D
19.62938,79.37707,367,0.53,0.5,2026-05-03,826,N21,VIIRS,h,2.0NRT,314.16,26.63,D
19.62996,79.38218,353.95,0.53,0.5,2026-05-03,826,N21,VIIRS,n,2.0NRT,316.25,26.63,D
19.63053,79.38731,346.88,0.53,0.5,2026-05-03,826,N21,VIIRS,n,2.0NRT,314.12,24.98,D
19.63341,79.37157,345.86,0.53,0.5,2026-05-03,826,N21,VIIRS,n,2.0NRT,313.58,11.97,D
19.63514,79.38689,344.22,0.53,0.5,2026-05-03,826,N21,VIIRS,n,2.0NRT,310.77,6.56,D
19.64892,79.34459,343.35,0.52,0.5,2026-05-03,826,N21,VIIRS,n,2.0NRT,311.18,10.5,D
19.65409,79.34917,345.27,0.52,0.5,2026-05-03,826,N21,VIIRS,n,2.0NRT,314.17,10.5,D
19.65885,79.11314,346.4,0.51,0.49,2026-05-03,826,N21,VIIRS,l,2.0NRT,319.64,17.39,D
19.69396,78.30096,346.29,0.45,0.47,2026-05-03,826,N21,VIIRS,n,2.0NRT,314.13,10.92,D
19.70537,78.43704,344.92,0.46,0.47,2026-05-03,826,N21,VIIRS,l,2.0NRT,315.81,37.04,D
19.70917,78.43206,348.64,0.46,0.47,2026-05-03,826,N21,VIIRS,n,2.0NRT,316.69,37.4,D
19.7299,77.62434,367,0.41,0.45,2026-05-03,826,N21,VIIRS,h,2.0NRT,318.53,24.16,D
19.73355,77.62007,343.82,0.41,0.45,2026-05-03,826,N21,VIIRS,n,2.0NRT,317.28,16.86,D
19.73401,77.62394,345.41,0.41,0.45,2026-05-03,826,N21,VIIRS,n,2.0NRT,317.83,8.53,D
19.73667,78.51771,349.83,0.46,0.47,2026-05-03,826,N21,VIIRS,n,2.0NRT,312.74,32.15,D
19.73718,78.52213,341.56,0.46,0.47,2026-05-03,826,N21,VIIRS,l,2.0NRT,313.08,21.29,D
19.73813,77.62357,343.02,0.41,0.45,2026-05-03,826,N21,VIIRS,l,2.0NRT,318.01,8.53,D
19.75948,73.11836,343.94,0.39,0.36,2026-05-03,826,N21,VIIRS,l,2.0NRT,318.61,10.95,D
19.78894,80.74859,330.79,0.33,0.55,2026-05-03,826,N21,VIIRS,l,2.0NRT,304.3,4.67,D
19.8136,80.07262,339.13,0.59,0.53,2026-05-03,826,N21,VIIRS,l,2.0NRT,312.15,13.89,D
19.81504,79.41135,342.34,0.53,0.5,2026-05-03,826,N21,VIIRS,l,2.0NRT,312.98,13.37,D
19.84002,77.75012,345.82,0.42,0.45,2026-05-03,826,N21,VIIRS,n,2.0NRT,316.05,10.88,D
19.8405,77.75415,367,0.42,0.45,2026-05-03,826,N21,VIIRS,h,2.0NRT,317.42,19.26,D
19.84416,77.74962,347.25,0.42,0.45,2026-05-03,826,N21,VIIRS,n,2.0NRT,316.2,10.88,D
19.92085,79.98605,348.13,0.58,0.52,2026-05-03,826,N21,VIIRS,n,2.0NRT,313.74,17.03,D
19.93808,78.79131,346.35,0.49,0.48,2026-05-03,826,N21,VIIRS,n,2.0NRT,315.15,17.42,D
19.93843,78.78949,342.52,0.49,0.48,2026-05-03,826,N21,VIIRS,l,2.0NRT,314.47,19.14,D
19.93984,79.44361,367,0.54,0.51,2026-05-03,826,N21,VIIRS,h,2.0NRT,311.55,14.17,D
19.94233,79.38152,354.44,0.53,0.5,2026-05-03,826,N21,VIIRS,n,2.0NRT,312.41,13.03,D
19.94446,79.44297,343.67,0.54,0.51,2026-05-03,826,N21,VIIRS,n,2.0NRT,309.75,6.55,D
19.97071,79.68201,346.77,0.56,0.51,2026-05-03,826,N21,VIIRS,l,2.0NRT,317.12,17.24,D
19.98148,79.39703,339.43,0.53,0.5,2026-05-03,826,N21,VIIRS,l,2.0NRT,311.92,6.41,D
19.98609,79.39645,350.66,0.53,0.5,2026-05-03,826,N21,VIIRS,n,2.0NRT,312.8,8.17,D
19.99069,79.39581,341.87,0.53,0.5,2026-05-03,826,N21,VIIRS,n,2.0NRT,310.92,8.17,D
20.0151,78.75773,343.75,0.49,0.48,2026-05-03,826,N21,VIIRS,l,2.0NRT,315.77,21.18,D
20.01884,79.6438,341.5,0.55,0.51,2026-05-03,826,N21,VIIRS,l,2.0NRT,315.85,12.61,D
20.02698,73.32285,349.44,0.4,0.37,2026-05-03,826,N21,VIIRS,n,2.0NRT,317.69,9.75,D
20.03706,79.98064,347.1,0.58,0.52,2026-05-03,826,N21,VIIRS,n,2.0NRT,309.12,10.81,D
20.05999,75.65962,347.9,0.48,0.4,2026-05-03,826,N21,VIIRS,l,2.0NRT,321.31,17.14,D
20.06615,73.54781,345.51,0.4,0.37,2026-05-03,826,N21,VIIRS,l,2.0NRT,319.14,18.31,D
20.11118,79.90218,341.23,0.58,0.52,2026-05-03,826,N21,VIIRS,l,2.0NRT,312.8,11.54,D
20.1237,79.83968,343.31,0.57,0.52,2026-05-03,826,N21,VIIRS,n,2.0NRT,312.69,11.37,D
20.12794,80.01244,339.83,0.59,0.53,2026-05-03,826,N21,VIIRS,l,2.0NRT,310.5,6.73,D
20.14942,79.89754,344.98,0.58,0.52,2026-05-03,826,N21,VIIRS,n,2.0NRT,314.43,14.05,D
20.15605,79.16829,343.35,0.52,0.5,2026-05-03,826,N21,VIIRS,n,2.0NRT,311.91,9.4,D
20.15827,77.97212,345.82,0.43,0.46,2026-05-03,826,N21,VIIRS,l,2.0NRT,317.74,18.8,D
20.15827,79.1879,350.11,0.52,0.5,2026-05-03,826,N21,VIIRS,n,2.0NRT,312.36,14.02,D
20.15883,79.19283,346.94,0.52,0.5,2026-05-03,826,N21,VIIRS,n,2.0NRT,311.23,27.61,D
20.16172,79.17754,345.99,0.52,0.5,2026-05-03,826,N21,VIIRS,n,2.0NRT,313.51,21.18,D
20.16227,79.18243,348.17,0.52,0.5,2026-05-03,826,N21,VIIRS,n,2.0NRT,311.13,14.02,D
20.16265,79.92934,338.92,0.58,0.52,2026-05-03,826,N21,VIIRS,l,2.0NRT,312.63,12.2,D
20.16283,79.18732,342.47,0.52,0.5,2026-05-03,826,N21,VIIRS,n,2.0NRT,310.44,14.02,D
20.16572,79.17207,348.68,0.52,0.5,2026-05-03,826,N21,VIIRS,n,2.0NRT,313.14,10.75,D
20.16684,79.18188,355.13,0.52,0.5,2026-05-03,826,N21,VIIRS,n,2.0NRT,312.77,12.64,D
20.17028,79.17151,344.82,0.52,0.5,2026-05-03,826,N21,VIIRS,n,2.0NRT,312.26,10.75,D
20.17083,79.17641,352.33,0.52,0.5,2026-05-03,826,N21,VIIRS,n,2.0NRT,312.64,10.75,D
20.17139,79.18131,350.51,0.52,0.5,2026-05-03,826,N21,VIIRS,n,2.0NRT,311.04,12.64,D
20.19458,79.90781,343.86,0.58,0.52,2026-05-03,826,N21,VIIRS,l,2.0NRT,316.07,15.56,D
20.20241,75.3242,351.05,0.47,0.39,2026-05-03,826,N21,VIIRS,l,2.0NRT,323.74,7.17,D
20.21372,79.9054,345.31,0.58,0.52,2026-05-03,826,N21,VIIRS,l,2.0NRT,315.35,14.8,D
20.21851,79.90481,350.6,0.58,0.52,2026-05-03,826,N21,VIIRS,n,2.0NRT,317.03,17.38,D
20.22328,78.50089,345.25,0.47,0.48,2026-05-03,826,N21,VIIRS,n,2.0NRT,315.03,19.1,D
20.23688,79.72043,333.65,0.56,0.52,2026-05-03,826,N21,VIIRS,l,2.0NRT,306.86,6.7,D
20.23747,79.72571,334.18,0.56,0.52,2026-05-03,826,N21,VIIRS,l,2.0NRT,306.59,3.43,D
20.24161,79.71982,345.53,0.56,0.52,2026-05-03,826,N21,VIIRS,n,2.0NRT,310.87,6.7,D
20.2422,79.72508,334.49,0.56,0.52,2026-05-03,826,N21,VIIRS,l,2.0NRT,307.53,3.43,D
20.26148,78.4097,346.99,0.46,0.47,2026-05-03,826,N21,VIIRS,n,2.0NRT,315.65,22.67,D
20.27902,80.14764,340.17,0.6,0.53,2026-05-03,826,N21,VIIRS,l,2.0NRT,311.04,7.5,D
20.32241,80.01408,340.05,0.59,0.53,2026-05-03,826,N21,VIIRS,n,2.0NRT,309.72,5.68,D
20.33093,77.5889,367,0.41,0.45,2026-05-03,826,N21,VIIRS,h,2.0NRT,320.99,19.74,D
20.34096,80.23776,346.92,0.61,0.54,2026-05-03,826,N21,VIIRS,n,2.0NRT,308.85,12.44,D
20.3541,73.59622,343.75,0.4,0.37,2026-05-03,826,N21,VIIRS,l,2.0NRT,317.87,6.55,D
20.3542,83.32834,337.59,0.49,0.65,2026-05-03,826,N21,VIIRS,n,2.0NRT,301.36,6.65,D
20.35549,77.89293,351.74,0.43,0.46,2026-05-03,826,N21,VIIRS,n,2.0NRT,318.01,22.22,D
20.39863,77.67326,350.4,0.42,0.45,2026-05-03,826,N21,VIIRS,n,2.0NRT,316.69,13.19,D
20.39911,77.67725,344.61,0.42,0.45,2026-05-03,826,N21,VIIRS,l,2.0NRT,315.92,13.19,D
20.41046,76.0008,349.28,0.51,0.41,2026-05-03,826,N21,VIIRS,n,2.0NRT,321.97,23.29,D
20.41326,78.83926,346.55,0.5,0.49,2026-05-03,826,N21,VIIRS,n,2.0NRT,313.51,17.82,D
20.41774,78.83872,348.31,0.5,0.49,2026-05-03,826,N21,VIIRS,n,2.0NRT,315.31,17.82,D
20.51111,79.68626,343.62,0.57,0.52,2026-05-03,826,N21,VIIRS,n,2.0NRT,311.61,9.84,D
20.51642,79.69101,338.98,0.57,0.52,2026-05-03,826,N21,VIIRS,l,2.0NRT,309.33,4.29,D
20.52121,73.52271,348,0.4,0.37,2026-05-03,826,N21,VIIRS,l,2.0NRT,318.72,8.87,D
20.52358,79.62466,337.55,0.56,0.52,2026-05-03,826,N21,VIIRS,l,2.0NRT,311.2,13.74,D
20.53436,73.61481,345.82,0.41,0.37,2026-05-03,826,N21,VIIRS,l,2.0NRT,319.83,11.13,D
20.53813,80.97137,337.19,0.34,0.56,2026-05-03,826,N21,VIIRS,n,2.0NRT,306.46,2.67,D
20.61747,73.72824,349.07,0.41,0.37,2026-05-03,826,N21,VIIRS,n,2.0NRT,320.5,15.73,D
20.62129,73.63271,349.03,0.41,0.37,2026-05-03,826,N21,VIIRS,n,2.0NRT,321.1,12.39,D
20.67366,73.50286,346.28,0.4,0.37,2026-05-03,826,N21,VIIRS,l,2.0NRT,316.73,7.27,D
20.6989,73.51092,349.72,0.4,0.37,2026-05-03,826,N21,VIIRS,l,2.0NRT,322.89,17.38,D
20.70606,79.59718,337.41,0.56,0.52,2026-05-03,826,N21,VIIRS,n,2.0NRT,306.46,6.85,D
20.71162,73.55196,354.08,0.41,0.37,2026-05-03,826,N21,VIIRS,n,2.0NRT,324.89,26.09,D
20.71918,82.43633,330.65,0.43,0.62,2026-05-03,826,N21,VIIRS,l,2.0NRT,303.98,2.57,D
20.72811,73.30667,350.1,0.4,0.37,2026-05-03,826,N21,VIIRS,l,2.0NRT,322.3,6.12,D
20.73119,73.56834,345.82,0.41,0.37,2026-05-03,826,N21,VIIRS,l,2.0NRT,317.27,4.2,D
20.73173,73.57211,347.97,0.41,0.37,2026-05-03,826,N21,VIIRS,l,2.0NRT,321.31,9.69,D
20.73202,73.30996,346.91,0.4,0.37,2026-05-03,826,N21,VIIRS,l,2.0NRT,319.31,6.12,D
20.73227,73.5759,346.81,0.41,0.37,2026-05-03,826,N21,VIIRS,l,2.0NRT,318.78,9.69,D
20.73742,79.1966,343.72,0.53,0.5,2026-05-03,826,N21,VIIRS,l,2.0NRT,317.05,15.22,D
20.73748,79.19799,346.09,0.53,0.5,2026-05-03,826,N21,VIIRS,l,2.0NRT,317.76,25.23,D
20.74442,79.59792,334.07,0.56,0.52,2026-05-03,826,N21,VIIRS,l,2.0NRT,307.11,9.17,D
20.74852,75.93029,348.07,0.51,0.41,2026-05-03,826,N21,VIIRS,l,2.0NRT,319.29,21.55,D
20.82365,80.07236,338.08,0.61,0.53,2026-05-03,826,N21,VIIRS,l,2.0NRT,308.39,3.06,D
20.82536,80.07266,340.21,0.6,0.53,2026-05-03,826,N21,VIIRS,n,2.0NRT,308.88,8.39,D
20.8258,79.99655,342.52,0.6,0.53,2026-05-03,826,N21,VIIRS,l,2.0NRT,314.21,26.38,D
20.82695,79.99701,347.13,0.6,0.53,2026-05-03,826,N21,VIIRS,n,2.0NRT,315.76,37.78,D
20.83459,80.08269,341.99,0.61,0.53,2026-05-03,826,N21,VIIRS,n,2.0NRT,309.83,8.46,D
20.83637,80.083,343.23,0.61,0.53,2026-05-03,826,N21,VIIRS,n,2.0NRT,310.47,8.59,D
20.839,81.16142,340.02,0.36,0.57,2026-05-03,826,N21,VIIRS,l,2.0NRT,310.52,2.89,D
20.83947,80.08212,335.83,0.61,0.53,2026-05-03,826,N21,VIIRS,l,2.0NRT,310.3,5.55,D
20.84006,80.08788,336.32,0.61,0.53,2026-05-03,826,N21,VIIRS,l,2.0NRT,310.06,5.55,D
20.84048,84.30558,339.94,0.58,0.69,2026-05-03,826,N21,VIIRS,n,2.0NRT,299.83,9.83,D
20.84093,84.31113,338.56,0.58,0.69,2026-05-03,826,N21,VIIRS,n,2.0NRT,300.44,9.88,D
20.84424,81.16082,340.47,0.36,0.57,2026-05-03,826,N21,VIIRS,l,2.0NRT,310.53,2.89,D
20.84465,81.16006,345.55,0.36,0.57,2026-05-03,826,N21,VIIRS,n,2.0NRT,310.67,7,D
20.8493,73.51425,344.02,0.4,0.37,2026-05-03,826,N21,VIIRS,l,2.0NRT,316.14,11.96,D
20.8499,81.15943,336.15,0.36,0.57,2026-05-03,826,N21,VIIRS,l,2.0NRT,310.68,4.27,D
20.85263,81.72909,336.24,0.39,0.59,2026-05-03,826,N21,VIIRS,l,2.0NRT,307.55,7.65,D
20.86993,75.09959,349.73,0.46,0.39,2026-05-03,826,N21,VIIRS,l,2.0NRT,324.5,23.01,D
20.87531,82.85104,340.25,0.46,0.64,2026-05-03,826,N21,VIIRS,n,2.0NRT,304.86,8.53,D
20.87537,82.85021,347.35,0.46,0.64,2026-05-03,826,N21,VIIRS,n,2.0NRT,304.7,6.66,D
20.88468,79.46582,334.93,0.55,0.51,2026-05-03,826,N21,VIIRS,l,2.0NRT,306.82,7.17,D
20.89218,79.16357,341.43,0.53,0.5,2026-05-03,826,N21,VIIRS,n,2.0NRT,309.66,19.41,D
20.91947,78.89635,344.87,0.51,0.49,2026-05-03,826,N21,VIIRS,n,2.0NRT,307.17,8.21,D
20.92183,78.89395,337.69,0.51,0.49,2026-05-03,826,N21,VIIRS,l,2.0NRT,309.71,10.79,D
20.94019,78.03456,343.74,0.45,0.47,2026-05-03,826,N21,VIIRS,l,2.0NRT,318.47,15.55,D
20.94038,80.17186,342.4,0.62,0.54,2026-05-03,826,N21,VIIRS,n,2.0NRT,309.74,11.58,D
20.94329,80.17316,352.48,0.62,0.54,2026-05-03,826,N21,VIIRS,n,2.0NRT,310.31,15.7,D
20.9453,80.1713,348.58,0.62,0.54,2026-05-03,826,N21,VIIRS,n,2.0NRT,312.15,11.67,D
20.94626,80.13152,336.45,0.61,0.54,2026-05-03,826,N21,VIIRS,l,2.0NRT,307.99,4.94,D
20.94768,80.16769,339.5,0.62,0.54,2026-05-03,826,N21,VIIRS,l,2.0NRT,311.12,10.6,D
20.94825,80.17293,337.82,0.62,0.54,2026-05-03,826,N21,VIIRS,l,2.0NRT,310.12,5.52,D
20.94887,80.13274,335.83,0.61,0.54,2026-05-03,826,N21,VIIRS,l,2.0NRT,308.79,8.57,D
20.94976,80.16621,339.66,0.62,0.54,2026-05-03,826,N21,VIIRS,l,2.0NRT,310.11,11.67,D
20.95275,73.77191,351.71,0.41,0.37,2026-05-03,826,N21,VIIRS,n,2.0NRT,320.57,10.81,D
20.95395,85.01048,331.1,0.64,0.72,2026-05-03,826,N21,VIIRS,n,2.0NRT,299.37,9.33,D
20.95608,85.00891,330.38,0.64,0.72,2026-05-03,826,N21,VIIRS,n,2.0NRT,299.55,7.46,D
20.95692,75.75296,351.01,0.5,0.41,2026-05-03,826,N21,VIIRS,n,2.0NRT,325.55,26.4,D
20.96002,85.18623,334.88,0.66,0.73,2026-05-03,826,N21,VIIRS,n,2.0NRT,295.57,9.57,D
20.96258,86.01028,331.52,0.75,0.77,2026-05-03,826,N21,VIIRS,n,2.0NRT,289.32,14.29,D
20.96328,85.1843,333.68,0.66,0.73,2026-05-03,826,N21,VIIRS,n,2.0NRT,295.16,15.76,D
20.96582,85.173,332.87,0.66,0.73,2026-05-03,826,N21,VIIRS,n,2.0NRT,294.78,9.42,D
20.96751,85.15242,331.17,0.66,0.73,2026-05-03,826,N21,VIIRS,n,2.0NRT,296.17,10.65,D
20.969,85.1712,335.91,0.66,0.73,2026-05-03,826,N21,VIIRS,n,2.0NRT,294.69,8.93,D
20.96962,86.00982,341.15,0.75,0.77,2026-05-03,826,N21,VIIRS,n,2.0NRT,289.43,14.29,D
20.97013,86.01706,334.12,0.75,0.77,2026-05-03,826,N21,VIIRS,n,2.0NRT,289.66,22.59,D
20.97254,85.17252,338.31,0.66,0.73,2026-05-03,826,N21,VIIRS,n,2.0NRT,295.09,9.42,D
20.97572,85.17075,330.5,0.66,0.73,2026-05-03,826,N21,VIIRS,n,2.0NRT,294.45,8.93,D
21.02299,73.72196,345.35,0.41,0.37,2026-05-03,826,N21,VIIRS,l,2.0NRT,319.69,6,D
21.0365,81.65734,340.09,0.39,0.59,2026-05-03,826,N21,VIIRS,n,2.0NRT,306.57,8.97,D
21.04514,79.40898,345.62,0.55,0.51,2026-05-03,826,N21,VIIRS,n,2.0NRT,313.43,13.31,D
21.10283,72.63714,346.61,0.39,0.36,2026-05-03,826,N21,VIIRS,n,2.0NRT,313.35,13.01,D
21.10392,72.64458,343.11,0.39,0.36,2026-05-03,826,N21,VIIRS,n,2.0NRT,308.18,10.29,D
21.13393,78.76988,346.43,0.5,0.49,2026-05-03,826,N21,VIIRS,n,2.0NRT,309.65,17.66,D
21.14892,75.39759,346.37,0.48,0.4,2026-05-03,826,N21,VIIRS,n,2.0NRT,320.11,3.76,D
21.18133,81.83164,335.76,0.4,0.6,2026-05-03,826,N21,VIIRS,l,2.0NRT,308.12,7.62,D
21.18605,75.82162,348.37,0.5,0.41,2026-05-03,826,N21,VIIRS,n,2.0NRT,321.14,4.18,D
21.19639,79.46441,342.34,0.56,0.51,2026-05-03,826,N21,VIIRS,l,2.0NRT,314.91,14.89,D
21.2301,82.9945,337.3,0.48,0.64,2026-05-03,826,N21,VIIRS,n,2.0NRT,306.5,6.99,D
21.25104,79.55334,343.39,0.57,0.52,2026-05-03,826,N21,VIIRS,n,2.0NRT,310.97,14.4,D
21.27997,79.96924,340.6,0.6,0.53,2026-05-03,826,N21,VIIRS,n,2.0NRT,313.24,8.35,D
21.29126,81.87009,345.4,0.4,0.6,2026-05-03,826,N21,VIIRS,n,2.0NRT,310.19,9.18,D
21.29266,81.48727,343.13,0.38,0.59,2026-05-03,826,N21,VIIRS,n,2.0NRT,311.09,7.7,D
21.30192,81.86507,345.18,0.4,0.6,2026-05-03,826,N21,VIIRS,n,2.0NRT,310.3,7.79,D
21.3068,81.49074,345.81,0.38,0.59,2026-05-03,826,N21,VIIRS,n,2.0NRT,310.72,7.06,D
21.34136,78.83252,345.62,0.51,0.49,2026-05-03,826,N21,VIIRS,n,2.0NRT,314.56,21.93,D
21.34432,78.83382,345.71,0.51,0.49,2026-05-03,826,N21,VIIRS,n,2.0NRT,314.06,21.81,D
21.35071,81.90858,367,0.41,0.6,2026-05-03,826,N21,VIIRS,h,2.0NRT,311.84,11.18,D
21.35259,71.73671,335.9,0.38,0.36,2026-05-03,826,N21,VIIRS,l,2.0NRT,308.75,2.08,D
21.35634,73.23687,341.99,0.4,0.37,2026-05-03,826,N21,VIIRS,l,2.0NRT,314.76,6.58,D
21.36024,73.24013,346.7,0.4,0.37,2026-05-03,826,N21,VIIRS,n,2.0NRT,313.9,6.58,D
21.36549,81.76708,337.91,0.4,0.6,2026-05-03,826,N21,VIIRS,l,2.0NRT,310.32,3.85,D
21.37943,79.57388,335.53,0.57,0.52,2026-05-03,826,N21,VIIRS,l,2.0NRT,309.86,10.1,D
21.3814,78.26582,342.32,0.47,0.48,2026-05-03,826,N21,VIIRS,l,2.0NRT,314.1,18.27,D
21.38268,78.26712,341.94,0.47,0.48,2026-05-03,826,N21,VIIRS,l,2.0NRT,313.94,16.25,D
21.38454,81.01769,354.37,0.35,0.57,2026-05-03,826,N21,VIIRS,n,2.0NRT,316.75,16,D
21.39329,82.06758,349.07,0.42,0.61,2026-05-03,826,N21,VIIRS,n,2.0NRT,309.75,11.14,D
21.39654,81.80227,338.05,0.4,0.6,2026-05-03,826,N21,VIIRS,l,2.0NRT,311.25,6.57,D
21.40821,77.57343,333.08,0.43,0.46,2026-05-03,826,N21,VIIRS,n,2.0NRT,301.22,1.95,D
21.4084,72.01706,345.53,0.38,0.36,2026-05-03,826,N21,VIIRS,n,2.0NRT,309.33,10.56,D
21.42439,77.97723,352.59,0.45,0.47,2026-05-03,826,N21,VIIRS,n,2.0NRT,314.5,14.53,D
21.43506,82.09139,342.61,0.42,0.61,2026-05-03,826,N21,VIIRS,n,2.0NRT,310.37,11.28,D
21.44512,82.07812,336.28,0.42,0.61,2026-05-03,826,N21,VIIRS,l,2.0NRT,309.1,6.81,D
21.44531,71.63068,338.52,0.38,0.36,2026-05-03,826,N21,VIIRS,l,2.0NRT,310.54,4.58,D
21.46087,81.95198,344.21,0.41,0.61,2026-05-03,826,N21,VIIRS,n,2.0NRT,312.1,8.65,D
21.47575,73.75666,347.73,0.42,0.37,2026-05-03,826,N21,VIIRS,l,2.0NRT,320.03,21.13,D
21.48862,81.76878,337.04,0.4,0.6,2026-05-03,826,N21,VIIRS,l,2.0NRT,311.71,6.05,D
21.54532,77.42781,335.87,0.42,0.45,2026-05-03,826,N21,VIIRS,l,2.0NRT,307.4,6.77,D
21.549,77.42336,350.59,0.42,0.45,2026-05-03,826,N21,VIIRS,n,2.0NRT,308.1,8.13,D
21.54947,77.42736,349.63,0.42,0.45,2026-05-03,826,N21,VIIRS,n,2.0NRT,310.65,8.13,D
21.55267,77.41884,351.05,0.42,0.45,2026-05-03,826,N21,VIIRS,n,2.0NRT,305.43,10.25,D
21.55316,77.42294,352.64,0.42,0.45,2026-05-03,826,N21,VIIRS,n,2.0NRT,309.21,8.13,D
21.55362,77.42687,341.56,0.42,0.45,2026-05-03,826,N21,VIIRS,n,2.0NRT,307.53,8.13,D
21.55448,77.12176,354.82,0.4,0.44,2026-05-03,826,N21,VIIRS,n,2.0NRT,315.96,33.08,D
21.55494,77.12553,349.31,0.4,0.44,2026-05-03,826,N21,VIIRS,l,2.0NRT,322.67,33.08,D
21.5554,77.1293,344.01,0.4,0.44,2026-05-03,826,N21,VIIRS,n,2.0NRT,312.63,8.31,D
21.55681,77.41832,340.83,0.42,0.45,2026-05-03,826,N21,VIIRS,n,2.0NRT,305.44,3,D
21.55729,77.42238,347.73,0.42,0.45,2026-05-03,826,N21,VIIRS,n,2.0NRT,309.47,10.01,D
21.55776,77.42632,337.78,0.42,0.45,2026-05-03,826,N21,VIIRS,n,2.0NRT,306.9,10.01,D
21.55808,77.11742,339.61,0.4,0.44,2026-05-03,826,N21,VIIRS,l,2.0NRT,314.18,11.65,D
21.56048,77.41383,337.97,0.42,0.45,2026-05-03,826,N21,VIIRS,n,2.0NRT,304.91,3,D
21.56096,77.41782,338.23,0.42,0.45,2026-05-03,826,N21,VIIRS,n,2.0NRT,308.19,3,D
21.57418,74.75199,367,0.45,0.39,2026-05-03,826,N21,VIIRS,l,2.0NRT,326.48,6.46,D
21.57476,74.7563,367,0.45,0.39,2026-05-03,826,N21,VIIRS,l,2.0NRT,325.16,6.46,D
21.57715,74.7471,367,0.45,0.39,2026-05-03,826,N21,VIIRS,l,2.0NRT,325.82,2.66,D
21.57773,74.75143,367,0.45,0.39,2026-05-03,826,N21,VIIRS,h,2.0NRT,328.38,6.46,D
21.57832,74.75574,352.13,0.45,0.39,2026-05-03,826,N21,VIIRS,n,2.0NRT,325.55,6.46,D
21.61975,78.2693,341.33,0.47,0.48,2026-05-03,826,N21,VIIRS,l,2.0NRT,314.19,14.35,D
21.61989,74.21441,339.3,0.43,0.38,2026-05-03,826,N21,VIIRS,l,2.0NRT,313.74,4.45,D
21.62099,74.24812,339.81,0.43,0.38,2026-05-03,826,N21,VIIRS,l,2.0NRT,313.96,4.79,D
21.62491,77.58791,346.14,0.43,0.46,2026-05-03,826,N21,VIIRS,n,2.0NRT,312.36,6.35,D
21.62538,77.59207,338.36,0.43,0.46,2026-05-03,826,N21,VIIRS,l,2.0NRT,310.81,6.35,D
21.62819,77.59129,339.16,0.43,0.46,2026-05-03,826,N21,VIIRS,l,2.0NRT,310.03,8.65,D
21.63363,81.45873,337.37,0.38,0.59,2026-05-03,826,N21,VIIRS,l,2.0NRT,309.57,12.54,D
21.66309,72.96058,340.03,0.4,0.37,2026-05-03,826,N21,VIIRS,l,2.0NRT,314.54,5.14,D
21.66722,82.1432,336.53,0.42,0.61,2026-05-03,826,N21,VIIRS,l,2.0NRT,308.59,1.88,D
21.67286,83.8688,345.06,0.55,0.68,2026-05-03,826,N21,VIIRS,n,2.0NRT,302.11,6.9,D
21.6804,84.04092,332.08,0.57,0.69,2026-05-03,826,N21,VIIRS,l,2.0NRT,304.49,3.23,D
21.68086,83.67059,367,0.54,0.67,2026-05-03,826,N21,VIIRS,h,2.0NRT,301.11,9.6,D
21.68128,83.67606,330.93,0.54,0.68,2026-05-03,826,N21,VIIRS,n,2.0NRT,299.38,9.6,D
21.68132,83.66776,341.74,0.53,0.67,2026-05-03,826,N21,VIIRS,n,2.0NRT,299.18,13.05,D
21.68178,83.67321,367,0.53,0.67,2026-05-03,826,N21,VIIRS,h,2.0NRT,301.85,13.05,D
21.68708,83.67033,347.42,0.54,0.67,2026-05-03,826,N21,VIIRS,n,2.0NRT,298.6,9.6,D
21.68832,78.20956,352.16,0.47,0.48,2026-05-03,826,N21,VIIRS,n,2.0NRT,315.66,10.1,D
21.68884,78.21407,341.54,0.47,0.48,2026-05-03,826,N21,VIIRS,l,2.0NRT,315.15,10.1,D
21.6925,78.24561,346.99,0.47,0.48,2026-05-03,826,N21,VIIRS,n,2.0NRT,316.51,21.65,D
21.69695,83.48788,338.27,0.52,0.67,2026-05-03,826,N21,VIIRS,n,2.0NRT,301.65,3.27,D
21.70602,73.52663,344.72,0.41,0.37,2026-05-03,826,N21,VIIRS,l,2.0NRT,318.32,11.52,D
21.74452,83.84303,367,0.55,0.68,2026-05-03,826,N21,VIIRS,h,2.0NRT,307.01,10.18,D
21.74495,83.97466,331.26,0.56,0.69,2026-05-03,826,N21,VIIRS,l,2.0NRT,303.8,6.58,D
21.74831,83.97176,334.42,0.56,0.69,2026-05-03,826,N21,VIIRS,n,2.0NRT,304.22,8.28,D
21.75078,83.84253,341.04,0.55,0.68,2026-05-03,826,N21,VIIRS,n,2.0NRT,305.61,10.18,D
21.75704,83.842,338.53,0.55,0.68,2026-05-03,826,N21,VIIRS,n,2.0NRT,303.65,8.9,D
21.79262,78.74384,347.38,0.51,0.49,2026-05-03,826,N21,VIIRS,n,2.0NRT,305.76,6.86,D
21.79319,78.74907,336.42,0.51,0.49,2026-05-03,826,N21,VIIRS,n,2.0NRT,304.91,6.86,D
21.82708,73.81686,345.2,0.42,0.38,2026-05-03,826,N21,VIIRS,l,2.0NRT,315.53,3.62,D
21.82941,78.95575,341.9,0.53,0.5,2026-05-03,826,N21,VIIRS,l,2.0NRT,312.32,11.39,D
21.83967,70.98215,347.43,0.39,0.36,2026-05-03,826,N21,VIIRS,n,2.0NRT,320.29,5.22,D
21.86809,72.7599,345.85,0.39,0.37,2026-05-03,826,N21,VIIRS,n,2.0NRT,313.74,4.05,D
21.87142,76.55076,343.62,0.56,0.43,2026-05-03,826,N21,VIIRS,l,2.0NRT,318.51,14.32,D
21.87354,83.3019,330.7,0.51,0.66,2026-05-03,826,N21,VIIRS,l,2.0NRT,302.76,2.64,D
21.87409,79.196,351.37,0.55,0.51,2026-05-03,826,N21,VIIRS,n,2.0NRT,311.13,24.11,D
21.87482,83.29896,332.43,0.51,0.66,2026-05-03,826,N21,VIIRS,l,2.0NRT,303.06,3.45,D
21.8855,78.2881,343.97,0.48,0.48,2026-05-03,826,N21,VIIRS,l,2.0NRT,314.36,10.76,D
21.90277,78.98721,345.11,0.53,0.5,2026-05-03,826,N21,VIIRS,n,2.0NRT,308.19,24.1,D
21.90282,78.99007,367,0.53,0.5,2026-05-03,826,N21,VIIRS,h,2.0NRT,306.62,20.04,D
21.90689,78.98435,345.29,0.53,0.5,2026-05-03,826,N21,VIIRS,n,2.0NRT,310.64,20.04,D
21.90779,78.2108,340.54,0.47,0.48,2026-05-03,826,N21,VIIRS,l,2.0NRT,315.29,10.05,D
21.90848,78.20869,344.93,0.47,0.48,2026-05-03,826,N21,VIIRS,l,2.0NRT,316.45,7.85,D
21.91237,78.20368,343.8,0.47,0.48,2026-05-03,826,N21,VIIRS,l,2.0NRT,317.21,7.85,D
21.92058,79.34495,337.91,0.56,0.52,2026-05-03,826,N21,VIIRS,n,2.0NRT,305.99,22.84,D
21.92167,83.34848,333.56,0.51,0.66,2026-05-03,826,N21,VIIRS,l,2.0NRT,304.63,7.9,D
21.9231,79.3412,346.05,0.56,0.51,2026-05-03,826,N21,VIIRS,n,2.0NRT,307.32,25.91,D
21.92369,79.3466,343.66,0.56,0.51,2026-05-03,826,N21,VIIRS,n,2.0NRT,307.6,25.91,D
21.9253,79.34438,353.39,0.56,0.52,2026-05-03,826,N21,VIIRS,n,2.0NRT,307.4,22.84,D
21.92723,78.30181,343.34,0.48,0.48,2026-05-03,826,N21,VIIRS,n,2.0NRT,311.51,3.46,D
21.92726,78.29982,342.87,0.48,0.48,2026-05-03,826,N21,VIIRS,n,2.0NRT,311.22,4.26,D
21.92834,79.43348,335.17,0.57,0.52,2026-05-03,826,N21,VIIRS,n,2.0NRT,294.43,3.29,D
21.92934,79.43148,348.51,0.57,0.52,2026-05-03,826,N21,VIIRS,n,2.0NRT,292.04,19.72,D
21.93249,79.42752,335.99,0.57,0.52,2026-05-03,826,N21,VIIRS,n,2.0NRT,297.18,3.29,D
21.93354,79.42549,335.65,0.57,0.52,2026-05-03,826,N21,VIIRS,l,2.0NRT,306.13,4.5,D
21.94076,80.32247,337.76,0.32,0.55,2026-05-03,826,N21,VIIRS,l,2.0NRT,308.45,3.51,D
21.95251,78.93194,344.66,0.53,0.5,2026-05-03,826,N21,VIIRS,l,2.0NRT,315.85,25.83,D
21.9526,75.80387,345.38,0.51,0.41,2026-05-03,826,N21,VIIRS,l,2.0NRT,319.57,18.32,D
21.9563,77.01674,344.39,0.4,0.44,2026-05-03,826,N21,VIIRS,l,2.0NRT,317.98,12.5,D
21.95926,72.99029,344.09,0.4,0.37,2026-05-03,826,N21,VIIRS,n,2.0NRT,314.49,4.64,D
21.9709,73.0237,338.32,0.4,0.37,2026-05-03,826,N21,VIIRS,l,2.0NRT,311.93,2,D
21.97179,72.81636,345.42,0.4,0.37,2026-05-03,826,N21,VIIRS,n,2.0NRT,313.16,7.59,D
21.97217,82.06074,338.25,0.42,0.61,2026-05-03,826,N21,VIIRS,n,2.0NRT,306.22,5.74,D
21.97382,82.05788,334.57,0.42,0.61,2026-05-03,826,N21,VIIRS,l,2.0NRT,304.92,3.29,D
21.97412,79.35438,340.85,0.56,0.52,2026-05-03,826,N21,VIIRS,n,2.0NRT,304.86,14.88,D
21.97634,79.02199,345.7,0.53,0.5,2026-05-03,826,N21,VIIRS,l,2.0NRT,318.43,21.73,D
21.98503,76.13304,351.77,0.54,0.42,2026-05-03,826,N21,VIIRS,l,2.0NRT,325.34,15.47,D
21.98627,76.12901,349.28,0.54,0.42,2026-05-03,826,N21,VIIRS,l,2.0NRT,323.48,7.64,D
21.98693,76.13418,354.12,0.54,0.42,2026-05-03,826,N21,VIIRS,l,2.0NRT,326.63,14.22,D
21.98757,73.06816,337.72,0.4,0.37,2026-05-03,826,N21,VIIRS,l,2.0NRT,311.42,3.14,D
21.98955,77.18951,367,0.41,0.45,2026-05-03,826,N21,VIIRS,h,2.0NRT,320.11,22.62,D
21.99319,77.18511,348.41,0.41,0.45,2026-05-03,826,N21,VIIRS,n,2.0NRT,317.51,9.9,D
21.99378,78.92651,339.1,0.53,0.5,2026-05-03,826,N21,VIIRS,n,2.0NRT,289.44,7.48,D
21.99383,78.92509,367,0.53,0.5,2026-05-03,826,N21,VIIRS,h,2.0NRT,302.8,14.57,D
21.9987,77.1963,347.8,0.41,0.45,2026-05-03,826,N21,VIIRS,n,2.0NRT,320.15,14.65,D
22.00283,83.19969,332.31,0.5,0.66,2026-05-03,826,N21,VIIRS,n,2.0NRT,301.83,2.32,D
22.00284,73.44405,339.08,0.41,0.37,2026-05-03,826,N21,VIIRS,l,2.0NRT,313.16,3.86,D
22.0034,73.448,339.11,0.41,0.37,2026-05-03,826,N21,VIIRS,l,2.0NRT,313.4,3.86,D
22.02618,78.30535,344.36,0.48,0.48,2026-05-03,826,N21,VIIRS,n,2.0NRT,307.4,5.55,D
22.02888,79.41866,341.23,0.57,0.52,2026-05-03,826,N21,VIIRS,n,2.0NRT,307.55,13.57,D
22.03025,78.30185,336.93,0.48,0.48,2026-05-03,826,N21,VIIRS,l,2.0NRT,307.39,12.88,D
22.03058,78.30476,345.58,0.48,0.48,2026-05-03,826,N21,VIIRS,n,2.0NRT,309.23,5.55,D
22.03332,77.89139,336.61,0.45,0.47,2026-05-03,826,N21,VIIRS,l,2.0NRT,307.97,8.88,D
22.03375,82.7846,333.91,0.47,0.64,2026-05-03,826,N21,VIIRS,l,2.0NRT,305.07,4.39,D
22.03839,82.78344,333.93,0.47,0.64,2026-05-03,826,N21,VIIRS,l,2.0NRT,304.81,3.84,D
22.04066,74.02563,346.71,0.43,0.38,2026-05-03,826,N21,VIIRS,l,2.0NRT,318.79,12.85,D
22.0408,81.03618,342.97,0.36,0.58,2026-05-03,826,N21,VIIRS,n,2.0NRT,311.79,6.71,D
22.05025,79.57273,348.24,0.58,0.52,2026-05-03,826,N21,VIIRS,n,2.0NRT,312.98,21.57,D
22.05036,79.57198,354.96,0.58,0.52,2026-05-03,826,N21,VIIRS,n,2.0NRT,313.12,28.13,D
22.05245,72.69417,337.87,0.39,0.36,2026-05-03,826,N21,VIIRS,l,2.0NRT,310.89,5.53,D
22.06388,73.10706,346.5,0.4,0.37,2026-05-03,826,N21,VIIRS,n,2.0NRT,313.22,3.91,D
22.06724,73.1065,338.6,0.4,0.37,2026-05-03,826,N21,VIIRS,l,2.0NRT,312.65,3.91,D
22.0678,72.84716,337.47,0.4,0.37,2026-05-03,826,N21,VIIRS,l,2.0NRT,310.84,2.51,D
22.07161,72.6637,348.48,0.39,0.36,2026-05-03,826,N21,VIIRS,n,2.0NRT,310.43,4.95,D
22.0733,72.6518,338.29,0.39,0.36,2026-05-03,826,N21,VIIRS,l,2.0NRT,310.74,10.21,D
22.07735,79.31799,342.92,0.56,0.52,2026-05-03,826,N21,VIIRS,n,2.0NRT,309.09,14.07,D
22.08703,83.11816,333.6,0.5,0.66,2026-05-03,826,N21,VIIRS,l,2.0NRT,303.92,7.23,D
22.09234,73.48242,343.18,0.41,0.37,2026-05-03,826,N21,VIIRS,n,2.0NRT,315.37,4.92,D
22.11376,79.62169,345.41,0.59,0.53,2026-05-03,826,N21,VIIRS,n,2.0NRT,312.84,13.35,D
22.11856,79.62102,347.85,0.59,0.53,2026-05-03,826,N21,VIIRS,n,2.0NRT,315.48,13.35,D
22.13741,82.70094,339.33,0.47,0.64,2026-05-03,826,N21,VIIRS,n,2.0NRT,305.31,3.19,D
22.13794,82.69996,335.35,0.47,0.64,2026-05-03,826,N21,VIIRS,l,2.0NRT,306.02,3.04,D
22.14279,79.43737,337.81,0.57,0.52,2026-05-03,826,N21,VIIRS,l,2.0NRT,311.5,18.38,D
22.15765,73.12344,336.34,0.4,0.37,2026-05-03,826,N21,VIIRS,l,2.0NRT,310.78,4.95,D
22.16551,79.32119,343.18,0.56,0.52,2026-05-03,826,N21,VIIRS,n,2.0NRT,310.95,20.75,D
22.17166,73.12511,342.11,0.4,0.37,2026-05-03,826,N21,VIIRS,l,2.0NRT,314.41,4.78,D
22.23766,79.64484,347.33,0.59,0.53,2026-05-03,826,N21,VIIRS,n,2.0NRT,314.66,19.38,D
22.24772,82.7596,333.93,0.47,0.64,2026-05-03,826,N21,VIIRS,l,2.0NRT,305.76,5.01,D
22.25158,79.63771,343.88,0.59,0.53,2026-05-03,826,N21,VIIRS,n,2.0NRT,312.44,18.75,D
22.26669,80.89578,346.44,0.36,0.57,2026-05-03,826,N21,VIIRS,n,2.0NRT,307.75,6.24,D
22.26743,78.38748,346.64,0.49,0.49,2026-05-03,826,N21,VIIRS,n,2.0NRT,314.54,8.69,D
22.26823,73.6913,349.91,0.42,0.38,2026-05-03,826,N21,VIIRS,n,2.0NRT,316.66,13.37,D
22.27501,77.63591,337.79,0.44,0.46,2026-05-03,826,N21,VIIRS,l,2.0NRT,312.33,13.76,D
22.27518,77.63668,337.57,0.44,0.46,2026-05-03,826,N21,VIIRS,l,2.0NRT,312.1,9.37,D
22.3094,79.88297,341.35,0.61,0.54,2026-05-03,826,N21,VIIRS,n,2.0NRT,306.46,15.87,D
22.312,79.88453,342.92,0.61,0.54,2026-05-03,826,N21,VIIRS,n,2.0NRT,306.82,18.26,D
22.31431,79.88239,339.21,0.61,0.54,2026-05-03,826,N21,VIIRS,n,2.0NRT,306.71,9.34,D
22.33239,82.57258,336.95,0.46,0.64,2026-05-03,826,N21,VIIRS,n,2.0NRT,303.23,3.46,D
22.33251,82.57385,332.59,0.46,0.64,2026-05-03,826,N21,VIIRS,l,2.0NRT,303.33,2.83,D
22.35215,69.8322,340.03,0.4,0.37,2026-05-03,826,N21,VIIRS,l,2.0NRT,314.66,8.14,D
22.41984,79.72101,336.56,0.6,0.53,2026-05-03,826,N21,VIIRS,l,2.0NRT,309.22,9.31,D
22.43442,80.1299,340.13,0.32,0.55,2026-05-03,826,N21,VIIRS,l,2.0NRT,314.74,6.17,D
22.45144,76.72198,341.59,0.39,0.44,2026-05-03,826,N21,VIIRS,l,2.0NRT,315.92,11.87,D
22.45542,79.44996,353.15,0.58,0.52,2026-05-03,826,N21,VIIRS,n,2.0NRT,312.71,20.64,D
22.47673,79.89261,344.75,0.62,0.54,2026-05-03,826,N21,VIIRS,l,2.0NRT,317.45,16.85,D
22.48334,80.10861,354.38,0.32,0.54,2026-05-03,826,N21,VIIRS,n,2.0NRT,309.22,4.04,D
22.48357,79.81369,336.3,0.61,0.53,2026-05-03,826,N21,VIIRS,l,2.0NRT,310.67,1.44,D
22.48832,80.10794,335.2,0.32,0.54,2026-05-03,826,N21,VIIRS,l,2.0NRT,308.63,4.04,D
22.4901,72.26977,349.41,0.39,0.36,2026-05-03,826,N21,VIIRS,n,2.0NRT,322.75,13.13,D
22.57366,74.72892,351.39,0.46,0.39,2026-05-03,826,N21,VIIRS,n,2.0NRT,325.13,4.34,D
22.57423,74.7334,367,0.46,0.39,2026-05-03,826,N21,VIIRS,l,2.0NRT,325.1,4.34,D
22.58402,72.07713,350.11,0.39,0.36,2026-05-03,826,N21,VIIRS,l,2.0NRT,321.99,21.97,D
22.60329,72.27732,346.11,0.39,0.36,2026-05-03,826,N21,VIIRS,l,2.0NRT,320.78,7.82,D
22.62028,72.02496,352.33,0.39,0.36,2026-05-03,826,N21,VIIRS,n,2.0NRT,322.8,16.36,D
22.70915,79.5069,352.83,0.59,0.53,2026-05-03,826,N21,VIIRS,n,2.0NRT,314.49,24.17,D
22.70946,79.50758,353.77,0.59,0.53,2026-05-03,826,N21,VIIRS,n,2.0NRT,314.49,20.16,D
22.7203,75.08976,349.66,0.48,0.4,2026-05-03,826,N21,VIIRS,n,2.0NRT,323.96,24.34,D
22.78904,75.45848,348.88,0.5,0.41,2026-05-03,826,N21,VIIRS,l,2.0NRT,319.16,9.28,D
22.82394,76.60703,345.47,0.39,0.44,2026-05-03,826,N21,VIIRS,l,2.0NRT,319.88,16.13,D
22.83736,76.18537,345.91,0.55,0.43,2026-05-03,826,N21,VIIRS,l,2.0NRT,319.07,4.54,D
22.86795,72.50805,347.94,0.39,0.36,2026-05-03,826,N21,VIIRS,l,2.0NRT,319.83,10.16,D
22.86823,76.77525,349.54,0.4,0.44,2026-05-03,826,N21,VIIRS,l,2.0NRT,319.88,15.69,D
22.88855,74.37544,355.07,0.45,0.39,2026-05-03,826,N21,VIIRS,n,2.0NRT,319.5,19.27,D
22.88913,74.37982,348.22,0.45,0.39,2026-05-03,826,N21,VIIRS,l,2.0NRT,318.23,6.22,D
22.92828,70.10684,343.4,0.39,0.36,2026-05-03,826,N21,VIIRS,l,2.0NRT,316.58,63.81,D
22.93342,69.69617,336.4,0.4,0.37,2026-05-03,826,N21,VIIRS,l,2.0NRT,310.62,3.75,D
22.98095,76.78345,343.92,0.4,0.44,2026-05-03,826,N21,VIIRS,l,2.0NRT,318.7,1.9,D
23.00957,70.10311,339.06,0.39,0.36,2026-05-03,826,N21,VIIRS,l,2.0NRT,312.82,7.8,D
23.03867,73.16245,343.71,0.41,0.37,2026-05-03,826,N21,VIIRS,l,2.0NRT,318.32,3.38,D
23.0506,76.77506,348.54,0.4,0.44,2026-05-03,826,N21,VIIRS,n,2.0NRT,320.15,4.09,D
23.05541,77.16965,351.92,0.42,0.45,2026-05-03,826,N21,VIIRS,n,2.0NRT,318.81,19.04,D
23.06004,77.17316,345.59,0.42,0.45,2026-05-03,826,N21,VIIRS,l,2.0NRT,316.72,15.98,D
23.06413,83.05058,330.08,0.5,0.66,2026-05-03,826,N21,VIIRS,l,2.0NRT,304.9,4.58,D
23.06478,79.98212,367,0.32,0.54,2026-05-03,826,N21,VIIRS,h,2.0NRT,314.36,18.11,D
23.06514,79.97915,342.09,0.32,0.54,2026-05-03,826,N21,VIIRS,n,2.0NRT,309.63,11.01,D
23.06543,79.98222,367,0.32,0.54,2026-05-03,826,N21,VIIRS,h,2.0NRT,313.6,14.59,D
23.07843,76.39149,349.57,0.57,0.43,2026-05-03,826,N21,VIIRS,l,2.0NRT,320.43,11.72,D
23.0962,77.26452,348.49,0.43,0.46,2026-05-03,826,N21,VIIRS,n,2.0NRT,316.17,12.51,D
23.09735,77.26202,349.92,0.43,0.46,2026-05-03,826,N21,VIIRS,n,2.0NRT,315.52,14.05,D
23.09781,77.26617,349.04,0.43,0.46,2026-05-03,826,N21,VIIRS,n,2.0NRT,316.74,14.05,D
23.10038,77.26393,350.92,0.43,0.46,2026-05-03,826,N21,VIIRS,n,2.0NRT,313.1,12.51,D
23.10543,76.92702,344.56,0.41,0.45,2026-05-03,826,N21,VIIRS,l,2.0NRT,317.18,8.05,D
23.10801,79.75152,337.45,0.62,0.54,2026-05-03,826,N21,VIIRS,l,2.0NRT,309.13,8.4,D
23.15829,77.61848,332.79,0.45,0.47,2026-05-03,826,N21,VIIRS,l,2.0NRT,304.07,2.63,D
23.18026,80.32684,339.04,0.34,0.56,2026-05-03,826,N21,VIIRS,l,2.0NRT,309.84,10.31,D
23.18957,77.58762,341.06,0.45,0.47,2026-05-03,826,N21,VIIRS,n,2.0NRT,308.33,10.66,D
23.19056,76.32832,346.41,0.57,0.43,2026-05-03,826,N21,VIIRS,l,2.0NRT,321.04,7.24,D
23.19384,77.58704,344.37,0.45,0.47,2026-05-03,826,N21,VIIRS,n,2.0NRT,310.1,10.66,D
23.21804,73.52389,342.26,0.42,0.38,2026-05-03,826,N21,VIIRS,l,2.0NRT,315.65,10.6,D
23.22226,77.84048,335.98,0.47,0.47,2026-05-03,826,N21,VIIRS,l,2.0NRT,306.54,5.88,D
23.22715,77.04929,340.56,0.42,0.45,2026-05-03,826,N21,VIIRS,l,2.0NRT,314.94,12.39,D
23.22745,77.2749,343.76,0.43,0.46,2026-05-03,826,N21,VIIRS,n,2.0NRT,311.54,12.49,D
23.23495,77.3037,351.39,0.43,0.46,2026-05-03,826,N21,VIIRS,n,2.0NRT,316.07,13.65,D
23.23542,77.30791,344.87,0.43,0.46,2026-05-03,826,N21,VIIRS,n,2.0NRT,315.35,13.65,D
23.23807,77.21841,339.47,0.43,0.46,2026-05-03,826,N21,VIIRS,l,2.0NRT,314.07,12.48,D
23.24757,73.63654,342.96,0.42,0.38,2026-05-03,826,N21,VIIRS,n,2.0NRT,312.97,5.59,D
23.2556,73.64367,348.79,0.43,0.38,2026-05-03,826,N21,VIIRS,n,2.0NRT,317.38,11.02,D
23.25832,75.29995,342.57,0.5,0.41,2026-05-03,826,N21,VIIRS,l,2.0NRT,316.51,7.92,D
23.26142,79.748,335.68,0.62,0.54,2026-05-03,826,N21,VIIRS,l,2.0NRT,305.72,5.32,D
23.26444,79.74923,344.22,0.62,0.54,2026-05-03,826,N21,VIIRS,n,2.0NRT,307.54,15.65,D
23.26635,79.74741,337.28,0.62,0.54,2026-05-03,826,N21,VIIRS,n,2.0NRT,307.16,5.32,D
23.26693,79.75344,332.2,0.62,0.54,2026-05-03,826,N21,VIIRS,l,2.0NRT,306.24,5.46,D
23.26809,79.66278,335.24,0.61,0.53,2026-05-03,826,N21,VIIRS,n,2.0NRT,303.1,3.69,D
23.27979,82.73357,341.62,0.48,0.65,2026-05-03,826,N21,VIIRS,n,2.0NRT,304.08,3.68,D
23.28517,75.48129,343.89,0.51,0.41,2026-05-03,826,N21,VIIRS,l,2.0NRT,316.81,5.87,D
23.29802,76.66241,343.33,0.4,0.44,2026-05-03,826,N21,VIIRS,l,2.0NRT,315.59,1.37,D
23.30465,76.93269,344.34,0.41,0.45,2026-05-03,826,N21,VIIRS,l,2.0NRT,314.79,3.04,D
23.31252,77.07527,345.87,0.42,0.45,2026-05-03,826,N21,VIIRS,n,2.0NRT,316.45,3.15,D
23.3205,75.32761,342.92,0.5,0.41,2026-05-03,826,N21,VIIRS,l,2.0NRT,317.75,17.65,D
23.33545,81.43368,332.02,0.4,0.6,2026-05-03,826,N21,VIIRS,n,2.0NRT,299.18,2.05,D
23.33721,73.62744,345.98,0.43,0.38,2026-05-03,826,N21,VIIRS,n,2.0NRT,317.88,9.8,D
23.34491,75.55627,346.08,0.52,0.41,2026-05-03,826,N21,VIIRS,n,2.0NRT,314.98,14.01,D
23.36023,80.19678,338.45,0.33,0.55,2026-05-03,826,N21,VIIRS,n,2.0NRT,306.01,2.54,D
23.39635,77.25257,340.96,0.43,0.46,2026-05-03,826,N21,VIIRS,l,2.0NRT,313.85,10.12,D
23.41009,78.04367,335.81,0.48,0.48,2026-05-03,826,N21,VIIRS,l,2.0NRT,308.25,5.74,D
23.4145,78.04308,344.21,0.48,0.48,2026-05-03,826,N21,VIIRS,n,2.0NRT,308.17,5.74,D
23.42299,70.10799,351.51,0.39,0.36,2026-05-03,826,N21,VIIRS,l,2.0NRT,319.77,59.43,D
23.42325,75.62714,343.33,0.52,0.42,2026-05-03,826,N21,VIIRS,l,2.0NRT,317.49,13.11,D
23.42706,75.62659,345.37,0.52,0.42,2026-05-03,826,N21,VIIRS,l,2.0NRT,317.72,11,D
23.4591,77.04898,344.29,0.42,0.45,2026-05-03,826,N21,VIIRS,n,2.0NRT,313.69,7.54,D
23.45914,80.27825,336.8,0.34,0.56,2026-05-03,826,N21,VIIRS,n,2.0NRT,306.54,3.69,D
23.48224,74.38486,339.32,0.46,0.39,2026-05-03,826,N21,VIIRS,l,2.0NRT,313.11,6.59,D
23.48835,78.79849,345.76,0.54,0.51,2026-05-03,826,N21,VIIRS,n,2.0NRT,311.88,7.54,D
23.48965,78.80099,343.75,0.54,0.51,2026-05-03,826,N21,VIIRS,n,2.0NRT,312.48,9.26,D
23.50703,79.9296,345.42,0.32,0.55,2026-05-03,826,N21,VIIRS,n,2.0NRT,303.89,2.79,D
23.53248,77.57784,347.71,0.45,0.47,2026-05-03,826,N21,VIIRS,n,2.0NRT,309.53,11.7,D
23.53298,77.58228,351.22,0.45,0.47,2026-05-03,826,N21,VIIRS,n,2.0NRT,311.99,20.58,D
23.53348,77.58671,345.45,0.45,0.47,2026-05-03,826,N21,VIIRS,n,2.0NRT,308.87,20.58,D
23.53526,77.564,336.78,0.45,0.47,2026-05-03,826,N21,VIIRS,l,2.0NRT,308.99,5.36,D
23.54005,77.56786,337.92,0.45,0.47,2026-05-03,826,N21,VIIRS,l,2.0NRT,309.79,5.36,D
23.54839,79.9912,341.88,0.32,0.55,2026-05-03,826,N21,VIIRS,n,2.0NRT,305.32,2.56,D
23.54869,79.99434,337.63,0.32,0.55,2026-05-03,826,N21,VIIRS,n,2.0NRT,305.21,2.56,D
23.57158,80.96907,330.84,0.37,0.58,2026-05-03,826,N21,VIIRS,n,2.0NRT,298.74,1.59,D
23.57966,77.46553,335.37,0.45,0.47,2026-05-03,826,N21,VIIRS,l,2.0NRT,309.68,2.66,D
23.58187,75.96007,348.73,0.55,0.43,2026-05-03,826,N21,VIIRS,n,2.0NRT,315.75,11.42,D
23.58203,74.26697,349.35,0.45,0.39,2026-05-03,826,N21,VIIRS,l,2.0NRT,320.74,19.58,D
23.58409,75.95576,339.72,0.55,0.42,2026-05-03,826,N21,VIIRS,l,2.0NRT,314.64,11.81,D
23.60136,75.19408,339.7,0.5,0.41,2026-05-03,826,N21,VIIRS,l,2.0NRT,313.62,2.6,D
23.6036,75.19641,347.45,0.5,0.41,2026-05-03,826,N21,VIIRS,n,2.0NRT,314.31,4.05,D
23.61011,77.50558,338.39,0.45,0.47,2026-05-03,826,N21,VIIRS,l,2.0NRT,311.81,5.82,D
23.65667,77.34647,344.95,0.44,0.46,2026-05-03,826,N21,VIIRS,n,2.0NRT,311.98,6.95,D
23.6653,77.64719,337.81,0.46,0.47,2026-05-03,826,N21,VIIRS,l,2.0NRT,311.18,3.96,D
23.66582,77.65168,337.18,0.46,0.47,2026-05-03,826,N21,VIIRS,l,2.0NRT,310.53,3.96,D
23.69067,78.24101,367,0.5,0.49,2026-05-03,826,N21,VIIRS,h,2.0NRT,315.73,11.36,D
23.69516,78.24046,338.52,0.5,0.49,2026-05-03,826,N21,VIIRS,n,2.0NRT,312.4,11.36,D
23.73069,78.12036,339.87,0.49,0.49,2026-05-03,826,N21,VIIRS,l,2.0NRT,310.9,6.18,D
23.7334,79.55,338.22,0.61,0.53,2026-05-03,826,N21,VIIRS,n,2.0NRT,307.07,12.75,D
23.74318,77.57936,344.69,0.46,0.47,2026-05-03,826,N21,VIIRS,n,2.0NRT,312.05,15.24,D
23.74705,78.73051,335.54,0.54,0.51,2026-05-03,826,N21,VIIRS,l,2.0NRT,306.63,9.06,D
23.74818,77.62395,340.06,0.46,0.47,2026-05-03,826,N21,VIIRS,n,2.0NRT,309.37,10.27,D
23.75204,75.60356,339.92,0.53,0.42,2026-05-03,826,N21,VIIRS,l,2.0NRT,314.27,2.8,D
23.76059,73.47327,348.88,0.42,0.38,2026-05-03,826,N21,VIIRS,n,2.0NRT,320.25,15.24,D
23.76252,74.8404,341.23,0.48,0.4,2026-05-03,826,N21,VIIRS,l,2.0NRT,315.28,6.29,D
23.763,80.68607,335.1,0.36,0.57,2026-05-03,826,N21,VIIRS,l,2.0NRT,305.87,1.88,D
23.77972,75.5812,339.81,0.53,0.42,2026-05-03,826,N21,VIIRS,l,2.0NRT,313.22,3.45,D
23.78568,74.2781,345.62,0.45,0.39,2026-05-03,826,N21,VIIRS,n,2.0NRT,314.43,4.76,D
23.80265,82.74718,367,0.49,0.65,2026-05-03,826,N21,VIIRS,h,2.0NRT,299.82,17.52,D
23.80632,80.46413,345.66,0.35,0.57,2026-05-03,826,N21,VIIRS,n,2.0NRT,307.23,3.58,D
23.80739,75.7455,341.55,0.54,0.42,2026-05-03,826,N21,VIIRS,l,2.0NRT,315.8,17.24,D
23.81073,77.4558,344.13,0.45,0.47,2026-05-03,826,N21,VIIRS,n,2.0NRT,310.92,9.03,D
23.81122,77.46024,342.94,0.45,0.47,2026-05-03,826,N21,VIIRS,n,2.0NRT,312.13,13.6,D
23.83372,78.31995,345.09,0.51,0.49,2026-05-03,826,N21,VIIRS,n,2.0NRT,314.67,12.86,D
23.83844,78.90131,338.65,0.55,0.51,2026-05-03,826,N21,VIIRS,n,2.0NRT,307.35,14.38,D
23.83984,78.86818,347,0.55,0.51,2026-05-03,826,N21,VIIRS,n,2.0NRT,310.33,38.35,D
23.84398,78.86224,345.34,0.55,0.51,2026-05-03,826,N21,VIIRS,n,2.0NRT,309.64,23.39,D
23.84453,78.86764,354.15,0.55,0.51,2026-05-03,826,N21,VIIRS,n,2.0NRT,311.08,30.6,D
23.85552,74.37362,339.34,0.46,0.39,2026-05-03,826,N21,VIIRS,l,2.0NRT,312.56,9.01,D
23.86921,74.1188,343.21,0.45,0.39,2026-05-03,826,N21,VIIRS,l,2.0NRT,317.29,13.1,D
23.87102,73.88529,340.95,0.44,0.38,2026-05-03,826,N21,VIIRS,l,2.0NRT,315.39,7.62,D
23.8847,79.26866,342.83,0.59,0.53,2026-05-03,826,N21,VIIRS,n,2.0NRT,306.8,14.62,D
23.88527,79.27438,339.44,0.59,0.53,2026-05-03,826,N21,VIIRS,n,2.0NRT,306.68,14.62,D
23.89008,79.27383,343.22,0.59,0.53,2026-05-03,826,N21,VIIRS,n,2.0NRT,304.52,14.62,D
23.8968,76.57388,340.38,0.4,0.44,2026-05-03,826,N21,VIIRS,l,2.0NRT,312.82,9.14,D
23.89725,76.57777,339.98,0.4,0.44,2026-05-03,826,N21,VIIRS,l,2.0NRT,313.28,12.78,D
23.89811,77.68912,335.22,0.47,0.47,2026-05-03,826,N21,VIIRS,l,2.0NRT,306.09,1.95,D
23.9053,76.64828,345.69,0.4,0.44,2026-05-03,826,N21,VIIRS,n,2.0NRT,313.4,12.44,D
23.9058,76.4393,352.29,0.39,0.44,2026-05-03,826,N21,VIIRS,n,2.0NRT,316.38,18.57,D
23.92916,79.27489,345,0.59,0.53,2026-05-03,826,N21,VIIRS,n,2.0NRT,308.1,9.68,D
23.92974,79.28063,343.58,0.59,0.53,2026-05-03,826,N21,VIIRS,n,2.0NRT,306.8,9.68,D
23.93935,77.52982,341.84,0.46,0.47,2026-05-03,826,N21,VIIRS,n,2.0NRT,308.6,4.03,D
23.94724,76.27599,346.19,0.38,0.43,2026-05-03,826,N21,VIIRS,n,2.0NRT,314.19,10.84,D
23.9477,76.27974,345.67,0.38,0.43,2026-05-03,826,N21,VIIRS,l,2.0NRT,315.96,10.84,D
23.94893,80.5694,339.56,0.36,0.57,2026-05-03,826,N21,VIIRS,n,2.0NRT,304.29,2.2,D
23.94976,76.2757,348.18,0.38,0.43,2026-05-03,826,N21,VIIRS,n,2.0NRT,315.05,8.41,D
23.95019,76.27944,345.5,0.38,0.44,2026-05-03,826,N21,VIIRS,n,2.0NRT,314.6,8.41,D
23.95989,76.29342,352.92,0.39,0.44,2026-05-03,826,N21,VIIRS,n,2.0NRT,315.92,10.49,D
23.96387,76.29285,349.38,0.39,0.44,2026-05-03,826,N21,VIIRS,n,2.0NRT,314.59,10.49,D
23.98034,75.58441,348.22,0.53,0.42,2026-05-03,826,N21,VIIRS,n,2.0NRT,315,5.33,D
23.98096,75.58958,341.25,0.53,0.42,2026-05-03,826,N21,VIIRS,l,2.0NRT,312.07,1.94,D
23.98142,75.58587,354.49,0.53,0.42,2026-05-03,826,N21,VIIRS,n,2.0NRT,315.97,9.28,D
24.01747,78.64941,340.87,0.54,0.51,2026-05-03,826,N21,VIIRS,l,2.0NRT,312.92,20.59,D
24.01992,81.16411,330.83,0.39,0.59,2026-05-03,826,N21,VIIRS,n,2.0NRT,299.67,1.86,D
24.02172,81.16396,332,0.39,0.59,2026-05-03,826,N21,VIIRS,n,2.0NRT,299.4,1.96,D
24.04052,78.42211,339.64,0.52,0.5,2026-05-03,826,N21,VIIRS,l,2.0NRT,312.4,12.84,D
24.04424,78.0435,333.81,0.49,0.49,2026-05-03,826,N21,VIIRS,l,2.0NRT,305.94,3.73,D
24.04473,78.04829,338.65,0.49,0.49,2026-05-03,826,N21,VIIRS,n,2.0NRT,306.34,5.1,D
24.04552,78.04642,340.74,0.49,0.49,2026-05-03,826,N21,VIIRS,n,2.0NRT,305.39,7.54,D
24.05208,77.19028,330.46,0.44,0.46,2026-05-03,826,N21,VIIRS,l,2.0NRT,302.09,2.93,D
24.05572,77.18869,340.56,0.44,0.46,2026-05-03,826,N21,VIIRS,n,2.0NRT,304.25,3.88,D
24.05629,77.18971,340.35,0.44,0.46,2026-05-03,826,N21,VIIRS,n,2.0NRT,303.02,2.93,D
24.13184,78.40273,345.73,0.52,0.5,2026-05-03,826,N21,VIIRS,n,2.0NRT,315.63,25.47,D
24.14697,73.3836,340.09,0.42,0.38,2026-05-03,826,N21,VIIRS,l,2.0NRT,314.84,7.66,D
24.14965,78.07135,349.3,0.5,0.49,2026-05-03,826,N21,VIIRS,n,2.0NRT,306.12,16.8,D
24.18911,79.897,336.92,0.32,0.55,2026-05-03,826,N21,VIIRS,l,2.0NRT,309.4,5.53,D
24.20916,74.48519,340.62,0.47,0.4,2026-05-03,826,N21,VIIRS,l,2.0NRT,313.02,7.26,D
24.21561,78.05308,337.67,0.49,0.49,2026-05-03,826,N21,VIIRS,n,2.0NRT,306.79,6.43,D
24.27879,81.24023,345.17,0.4,0.6,2026-05-03,826,N21,VIIRS,n,2.0NRT,302.99,3.31,D
24.28748,74.95216,339.81,0.49,0.41,2026-05-03,826,N21,VIIRS,l,2.0NRT,314,11.26,D
24.29601,80.22913,338.26,0.34,0.56,2026-05-03,826,N21,VIIRS,n,2.0NRT,306.56,2.74,D
24.31817,74.29308,343.6,0.46,0.39,2026-05-03,826,N21,VIIRS,l,2.0NRT,314.94,7.14,D
24.3191,78.95273,344.94,0.57,0.52,2026-05-03,826,N21,VIIRS,n,2.0NRT,309.35,16.84,D
24.33937,78.94955,336.66,0.57,0.52,2026-05-03,826,N21,VIIRS,l,2.0NRT,307.69,17.27,D
24.34279,78.94987,341.02,0.57,0.52,2026-05-03,826,N21,VIIRS,n,2.0NRT,309.23,19.78,D
24.36838,81.10987,345.54,0.39,0.59,2026-05-03,826,N21,VIIRS,n,2.0NRT,305,5.48,D
24.37382,81.10925,336.68,0.39,0.59,2026-05-03,826,N21,VIIRS,n,2.0NRT,304.73,3.25,D
24.37706,82.85863,330.09,0.51,0.66,2026-05-03,826,N21,VIIRS,n,2.0NRT,294.57,2.03,D
24.39644,80.99162,351.76,0.38,0.59,2026-05-03,826,N21,VIIRS,n,2.0NRT,304.04,4.76,D
24.40007,79.07841,354.27,0.58,0.52,2026-05-03,826,N21,VIIRS,n,2.0NRT,312.29,12.69,D
24.40063,79.08411,344.42,0.58,0.52,2026-05-03,826,N21,VIIRS,n,2.0NRT,313.54,12.69,D
24.40221,73.64426,342.92,0.43,0.38,2026-05-03,826,N21,VIIRS,l,2.0NRT,316.48,6.27,D
24.41298,74.99957,341.09,0.5,0.41,2026-05-03,826,N21,VIIRS,l,2.0NRT,315.16,14.64,D
24.41755,80.22469,335.14,0.34,0.56,2026-05-03,826,N21,VIIRS,l,2.0NRT,306.73,3.93,D
24.46356,73.80972,345.35,0.44,0.38,2026-05-03,826,N21,VIIRS,n,2.0NRT,316.57,8.22,D
24.46754,80.42578,339.02,0.35,0.57,2026-05-03,826,N21,VIIRS,n,2.0NRT,308.6,5.26,D
24.46786,80.42922,343.3,0.35,0.57,2026-05-03,826,N21,VIIRS,n,2.0NRT,308.29,4.79,D
24.47275,80.42519,346.63,0.35,0.57,2026-05-03,826,N21,VIIRS,n,2.0NRT,307.36,5.68,D
24.47321,79.22658,339.83,0.59,0.53,2026-05-03,826,N21,VIIRS,l,2.0NRT,310.75,6.09,D
24.48094,80.3443,337.36,0.35,0.57,2026-05-03,826,N21,VIIRS,l,2.0NRT,309.57,5.08,D
24.48652,81.05913,336.72,0.39,0.59,2026-05-03,826,N21,VIIRS,n,2.0NRT,302.71,3.28,D
24.51896,80.58092,367,0.36,0.58,2026-05-03,826,N21,VIIRS,h,2.0NRT,305.53,10.37,D
24.52205,80.61654,349.87,0.36,0.58,2026-05-03,826,N21,VIIRS,n,2.0NRT,304.84,4.12,D
24.52235,80.62012,337.01,0.36,0.58,2026-05-03,826,N21,VIIRS,n,2.0NRT,303.44,4.12,D
24.52392,80.57682,339.12,0.36,0.58,2026-05-03,826,N21,VIIRS,n,2.0NRT,306.16,8,D
24.52454,80.58392,354.21,0.36,0.58,2026-05-03,826,N21,VIIRS,n,2.0NRT,304.59,10.37,D
24.52919,80.57627,336.7,0.36,0.58,2026-05-03,826,N21,VIIRS,n,2.0NRT,304.44,4.86,D
24.52951,80.57982,342.84,0.36,0.58,2026-05-03,826,N21,VIIRS,n,2.0NRT,303.78,7.59,D
24.52982,80.58337,367,0.36,0.58,2026-05-03,826,N21,VIIRS,h,2.0NRT,304.56,7.59,D
24.53108,79.17688,339.21,0.59,0.53,2026-05-03,826,N21,VIIRS,n,2.0NRT,308.5,5.09,D
24.56511,78.63625,340.35,0.54,0.51,2026-05-03,826,N21,VIIRS,l,2.0NRT,311.95,14.91,D
24.56747,76.83678,339.49,0.42,0.45,2026-05-03,826,N21,VIIRS,n,2.0NRT,309.32,4.81,D
24.56976,78.63569,348.3,0.54,0.51,2026-05-03,826,N21,VIIRS,n,2.0NRT,311.26,14.4,D
24.57726,81.20341,347.47,0.4,0.6,2026-05-03,826,N21,VIIRS,n,2.0NRT,303.34,7.61,D
24.57759,81.2073,336.45,0.4,0.6,2026-05-03,826,N21,VIIRS,n,2.0NRT,303.23,7.48,D
24.58243,81.19897,367,0.4,0.6,2026-05-03,826,N21,VIIRS,h,2.0NRT,304.06,8.83,D
24.58275,81.20287,334.29,0.4,0.6,2026-05-03,826,N21,VIIRS,n,2.0NRT,301.72,8.83,D
24.61395,74.64637,346.2,0.48,0.4,2026-05-03,826,N21,VIIRS,n,2.0NRT,320.83,23.63,D
24.61405,74.64825,348.53,0.48,0.4,2026-05-03,826,N21,VIIRS,n,2.0NRT,319.31,21.12,D
24.61862,77.42854,335.47,0.46,0.47,2026-05-03,826,N21,VIIRS,n,2.0NRT,304.89,9.93,D
24.62644,76.47671,344.9,0.4,0.44,2026-05-03,826,N21,VIIRS,n,2.0NRT,314.44,6.63,D
24.62681,72.82491,355.56,0.41,0.37,2026-05-03,826,N21,VIIRS,n,2.0NRT,317.75,15.25,D
24.62738,72.82897,340.11,0.41,0.37,2026-05-03,826,N21,VIIRS,l,2.0NRT,313.97,5.83,D
24.62747,78.73775,345.59,0.55,0.51,2026-05-03,826,N21,VIIRS,n,2.0NRT,311.18,13.52,D
24.62936,78.57447,339.4,0.54,0.51,2026-05-03,826,N21,VIIRS,l,2.0NRT,310.4,10.5,D
24.63032,78.62841,338.17,0.54,0.51,2026-05-03,826,N21,VIIRS,l,2.0NRT,309.78,7.5,D
24.63332,78.62737,343.67,0.54,0.51,2026-05-03,826,N21,VIIRS,n,2.0NRT,310.46,9.41,D
24.63378,78.58398,341.36,0.54,0.51,2026-05-03,826,N21,VIIRS,l,2.0NRT,311.49,13.02,D
24.63513,78.58456,342.71,0.54,0.51,2026-05-03,826,N21,VIIRS,n,2.0NRT,311.78,17.36,D
24.65384,78.90135,344.47,0.57,0.52,2026-05-03,826,N21,VIIRS,n,2.0NRT,314.43,18.21,D
24.65496,78.90083,347.93,0.57,0.52,2026-05-03,826,N21,VIIRS,n,2.0NRT,313.91,14.27,D
24.6582,79.48938,345.39,0.62,0.54,2026-05-03,826,N21,VIIRS,n,2.0NRT,310.01,9.83,D
24.66312,79.48879,337.12,0.62,0.54,2026-05-03,826,N21,VIIRS,l,2.0NRT,308.22,6.45,D
24.68098,80.09923,345.23,0.34,0.56,2026-05-03,826,N21,VIIRS,n,2.0NRT,306.25,3.2,D
24.68381,80.0979,344.41,0.34,0.56,2026-05-03,826,N21,VIIRS,n,2.0NRT,307.29,4.5,D
24.6909,76.94392,339.23,0.43,0.46,2026-05-03,826,N21,VIIRS,l,2.0NRT,309.65,8.24,D
24.6914,77.29675,340.58,0.45,0.47,2026-05-03,826,N21,VIIRS,n,2.0NRT,304.88,7.74,D
24.69405,80.0967,351.52,0.34,0.56,2026-05-03,826,N21,VIIRS,n,2.0NRT,307.88,7.48,D
24.69435,80.10003,339.9,0.34,0.56,2026-05-03,826,N21,VIIRS,n,2.0NRT,305.88,6.42,D
24.71666,80.8273,340.31,0.38,0.59,2026-05-03,826,N21,VIIRS,n,2.0NRT,303.34,5.51,D
24.72203,80.82677,334.58,0.38,0.59,2026-05-03,826,N21,VIIRS,l,2.0NRT,305.07,6.94,D
24.72236,80.8305,341.52,0.38,0.59,2026-05-03,826,N21,VIIRS,n,2.0NRT,305.54,4.61,D
24.7227,80.83423,338.85,0.38,0.59,2026-05-03,826,N21,VIIRS,n,2.0NRT,304.27,4.61,D
24.73201,77.82753,345.26,0.49,0.48,2026-05-03,826,N21,VIIRS,n,2.0NRT,309.41,26.26,D
24.73267,76.89983,344.33,0.43,0.46,2026-05-03,826,N21,VIIRS,n,2.0NRT,308.6,10.52,D
24.73314,76.90404,344.34,0.43,0.46,2026-05-03,826,N21,VIIRS,n,2.0NRT,307.44,10.96,D
24.73556,79.66789,338.31,0.64,0.54,2026-05-03,826,N21,VIIRS,n,2.0NRT,308.04,9.3,D
24.73607,79.66673,346.74,0.32,0.54,2026-05-03,826,N21,VIIRS,n,2.0NRT,309.07,4.89,D
24.74088,77.82642,342.82,0.49,0.48,2026-05-03,826,N21,VIIRS,n,2.0NRT,308.12,24.94,D
24.74947,74.48093,346.26,0.47,0.4,2026-05-03,826,N21,VIIRS,l,2.0NRT,320.42,23.31,D
24.76286,76.90426,344.21,0.43,0.46,2026-05-03,826,N21,VIIRS,n,2.0NRT,310.03,11.47,D
24.76538,76.24895,344.11,0.39,0.44,2026-05-03,826,N21,VIIRS,n,2.0NRT,314,15.43,D
24.77373,74.76141,347.29,0.49,0.4,2026-05-03,826,N21,VIIRS,n,2.0NRT,320.79,20.56,D
24.77741,74.76083,347.97,0.49,0.4,2026-05-03,826,N21,VIIRS,n,2.0NRT,318.38,15.17,D
24.77848,78.7275,340.95,0.55,0.51,2026-05-03,826,N21,VIIRS,n,2.0NRT,308.91,9.36,D
24.78257,77.03909,343.89,0.44,0.46,2026-05-03,826,N21,VIIRS,n,2.0NRT,306.99,5.77,D
24.78318,78.72694,342.7,0.55,0.51,2026-05-03,826,N21,VIIRS,n,2.0NRT,309.34,9.2,D
24.78629,77.03424,339.7,0.44,0.46,2026-05-03,826,N21,VIIRS,n,2.0NRT,307.76,5.77,D
24.79974,77.18997,339.17,0.44,0.46,2026-05-03,826,N21,VIIRS,n,2.0NRT,306.77,9.97,D
24.8013,80.46987,343.22,0.36,0.57,2026-05-03,826,N21,VIIRS,n,2.0NRT,308.11,4.19,D
24.80163,80.47342,340.31,0.36,0.57,2026-05-03,826,N21,VIIRS,n,2.0NRT,307.14,4.19,D
24.80449,73.7409,348.4,0.44,0.38,2026-05-03,826,N21,VIIRS,n,2.0NRT,317.2,13.33,D
24.80826,74.56253,342.47,0.48,0.4,2026-05-03,826,N21,VIIRS,l,2.0NRT,317.24,13.72,D
24.81047,76.38861,342.94,0.4,0.44,2026-05-03,826,N21,VIIRS,l,2.0NRT,315.89,6.38,D
24.82438,73.24371,337.89,0.42,0.38,2026-05-03,826,N21,VIIRS,l,2.0NRT,311.64,2.2,D
24.82588,79.65652,335.6,0.32,0.54,2026-05-03,826,N21,VIIRS,l,2.0NRT,307.08,1.13,D
24.84119,76.94662,338.98,0.43,0.46,2026-05-03,826,N21,VIIRS,n,2.0NRT,308.67,9.3,D
24.84538,76.94605,340.09,0.43,0.46,2026-05-03,826,N21,VIIRS,n,2.0NRT,308.95,7.86,D
24.8549,84.0992,340.31,0.61,0.71,2026-05-03,826,N21,VIIRS,n,2.0NRT,292.59,8.8,D
24.86073,76.65,340.81,0.41,0.45,2026-05-03,826,N21,VIIRS,l,2.0NRT,312.1,5.86,D
24.86929,78.7589,344.07,0.56,0.51,2026-05-03,826,N21,VIIRS,n,2.0NRT,308.93,10.98,D
24.87174,78.7551,344.22,0.56,0.51,2026-05-03,826,N21,VIIRS,n,2.0NRT,308.52,16.84,D
24.88296,79.40127,342.87,0.61,0.54,2026-05-03,826,N21,VIIRS,n,2.0NRT,308.94,7.21,D
24.90181,76.98666,349.51,0.43,0.46,2026-05-03,826,N21,VIIRS,n,2.0NRT,312.15,12.65,D
24.90278,76.95632,345.38,0.43,0.46,2026-05-03,826,N21,VIIRS,n,2.0NRT,309.66,13.49,D
24.90324,76.96055,338.69,0.43,0.46,2026-05-03,826,N21,VIIRS,l,2.0NRT,309.06,12.62,D
24.90568,77.86887,344.3,0.49,0.49,2026-05-03,826,N21,VIIRS,n,2.0NRT,310.08,17.44,D
24.90911,76.34725,340.28,0.4,0.44,2026-05-03,826,N21,VIIRS,l,2.0NRT,315.21,7.07,D
24.90912,76.56105,342.75,0.41,0.45,2026-05-03,826,N21,VIIRS,l,2.0NRT,313.7,9.06,D
24.90915,74.23905,347.66,0.46,0.39,2026-05-03,826,N21,VIIRS,n,2.0NRT,316.7,15.72,D
24.92051,76.96251,339.84,0.43,0.46,2026-05-03,826,N21,VIIRS,l,2.0NRT,309.95,14.62,D
24.92412,76.54671,344.91,0.41,0.45,2026-05-03,826,N21,VIIRS,l,2.0NRT,316.11,11.64,D
24.95061,77.74153,355.01,0.48,0.48,2026-05-03,826,N21,VIIRS,n,2.0NRT,311.67,34.9,D
24.95239,76.50636,347.12,0.41,0.45,2026-05-03,826,N21,VIIRS,n,2.0NRT,317.02,12.62,D
24.9648,76.28798,343.35,0.4,0.44,2026-05-03,826,N21,VIIRS,l,2.0NRT,318.06,11.28,D
24.97965,76.4539,342.52,0.4,0.45,2026-05-03,826,N21,VIIRS,l,2.0NRT,315.76,9.03,D
24.98335,83.85719,331.24,0.59,0.7,2026-05-03,826,N21,VIIRS,n,2.0NRT,293.83,3.67,D
24.99808,84.08979,340.46,0.62,0.71,2026-05-03,826,N21,VIIRS,n,2.0NRT,294.79,5.9,D
24.99866,84.09198,334.01,0.61,0.71,2026-05-03,826,N21,VIIRS,n,2.0NRT,294.71,6.92,D
25.00338,79.76183,353.21,0.32,0.55,2026-05-03,826,N21,VIIRS,n,2.0NRT,311.28,6.37,D
25.00842,79.76125,337.7,0.32,0.55,2026-05-03,826,N21,VIIRS,l,2.0NRT,311.44,4.72,D
25.0098,76.35717,342.07,0.4,0.44,2026-05-03,826,N21,VIIRS,l,2.0NRT,314.56,7.28,D
25.01217,76.23785,345.33,0.39,0.44,2026-05-03,826,N21,VIIRS,l,2.0NRT,316.74,14.46,D
25.01378,76.18273,344.83,0.39,0.44,2026-05-03,826,N21,VIIRS,l,2.0NRT,317.03,8.19,D
25.01385,76.35659,352.02,0.4,0.44,2026-05-03,826,N21,VIIRS,n,2.0NRT,317.57,7.28,D
25.01557,76.1839,351.63,0.39,0.44,2026-05-03,826,N21,VIIRS,n,2.0NRT,319.25,16.55,D
25.01825,76.18601,346.2,0.39,0.44,2026-05-03,826,N21,VIIRS,l,2.0NRT,319.82,8.19,D
25.01982,76.07829,349.61,0.39,0.44,2026-05-03,826,N21,VIIRS,n,2.0NRT,319.23,11.1,D
25.02166,76.23803,352.75,0.39,0.44,2026-05-03,826,N21,VIIRS,n,2.0NRT,317.71,7.8,D
25.02193,76.21684,345.65,0.39,0.44,2026-05-03,826,N21,VIIRS,l,2.0NRT,319.12,11.65,D
25.0235,76.21809,346.39,0.39,0.44,2026-05-03,826,N21,VIIRS,l,2.0NRT,319.01,12.97,D
25.02424,76.23617,349.36,0.39,0.44,2026-05-03,826,N21,VIIRS,n,2.0NRT,319.64,8.41,D
25.0247,76.24004,345.28,0.39,0.44,2026-05-03,826,N21,VIIRS,l,2.0NRT,317.69,8.41,D
25.02568,76.23746,345.01,0.39,0.44,2026-05-03,826,N21,VIIRS,l,2.0NRT,318.82,7.8,D
25.03776,76.23575,353.76,0.39,0.44,2026-05-03,826,N21,VIIRS,n,2.0NRT,318.65,17.22,D
25.0382,76.23965,345.41,0.39,0.44,2026-05-03,826,N21,VIIRS,n,2.0NRT,316.86,17.22,D
25.0387,76.20807,354.55,0.39,0.44,2026-05-03,826,N21,VIIRS,n,2.0NRT,319.34,17.44,D
25.04134,76.23131,347.6,0.39,0.44,2026-05-03,826,N21,VIIRS,n,2.0NRT,319.52,16.78,D
25.04178,76.23519,367,0.39,0.44,2026-05-03,826,N21,VIIRS,h,2.0NRT,323.45,17.22,D
25.04183,76.19978,344.97,0.39,0.44,2026-05-03,826,N21,VIIRS,l,2.0NRT,319.94,9.46,D
25.04222,76.23908,349.11,0.39,0.44,2026-05-03,826,N21,VIIRS,n,2.0NRT,320.69,17.22,D
25.0435,79.80944,354.63,0.33,0.55,2026-05-03,826,N21,VIIRS,n,2.0NRT,309.68,8.03,D
25.0438,79.81268,367,0.33,0.55,2026-05-03,826,N21,VIIRS,h,2.0NRT,310.44,8.03,D
25.04536,79.99501,352.08,0.34,0.56,2026-05-03,826,N21,VIIRS,n,2.0NRT,310.06,4.71,D
25.05046,79.99432,338.27,0.34,0.56,2026-05-03,826,N21,VIIRS,l,2.0NRT,309.01,2.34,D
25.05089,75.79513,348.1,0.56,0.43,2026-05-03,826,N21,VIIRS,n,2.0NRT,320.6,14.04,D
25.05299,79.80188,367,0.33,0.55,2026-05-03,826,N21,VIIRS,h,2.0NRT,309.16,8.6,D
25.0533,79.8051,349.48,0.33,0.55,2026-05-03,826,N21,VIIRS,n,2.0NRT,309.11,8.6,D
25.05773,79.79813,353.94,0.33,0.55,2026-05-03,826,N21,VIIRS,n,2.0NRT,309.99,18.32,D
25.05804,79.80134,367,0.33,0.55,2026-05-03,826,N21,VIIRS,h,2.0NRT,310.51,8.6,D
25.05835,79.80453,336.12,0.33,0.55,2026-05-03,826,N21,VIIRS,n,2.0NRT,308.98,8.6,D
25.05865,79.80777,339.84,0.33,0.55,2026-05-03,826,N21,VIIRS,n,2.0NRT,309.19,7.97,D
25.06012,76.21683,345.58,0.39,0.44,2026-05-03,826,N21,VIIRS,l,2.0NRT,318.33,12.09,D
25.06492,79.28127,341.32,0.61,0.53,2026-05-03,826,N21,VIIRS,l,2.0NRT,313.21,13.02,D
25.08179,81.71216,332.59,0.43,0.62,2026-05-03,826,N21,VIIRS,n,2.0NRT,294.29,4.43,D
25.08293,79.80228,344.53,0.33,0.55,2026-05-03,826,N21,VIIRS,n,2.0NRT,310.28,4.41,D
25.08325,76.13518,354.35,0.39,0.44,2026-05-03,826,N21,VIIRS,n,2.0NRT,322.05,15.78,D
25.0946,79.93324,344.26,0.33,0.56,2026-05-03,826,N21,VIIRS,n,2.0NRT,305.91,2.65,D
25.0987,76.30247,351.72,0.4,0.44,2026-05-03,826,N21,VIIRS,n,2.0NRT,316,12.15,D
25.09915,76.3064,367,0.4,0.44,2026-05-03,826,N21,VIIRS,h,2.0NRT,317.76,19.85,D
25.09961,76.31031,352.34,0.4,0.44,2026-05-03,826,N21,VIIRS,n,2.0NRT,318.3,19.85,D
25.10257,76.6276,337.64,0.42,0.45,2026-05-03,826,N21,VIIRS,n,2.0NRT,307.25,7.66,D
25.10365,76.30975,350.96,0.4,0.44,2026-05-03,826,N21,VIIRS,n,2.0NRT,318.06,16.37,D
25.10402,79.27688,344.06,0.61,0.53,2026-05-03,826,N21,VIIRS,n,2.0NRT,310.24,14.42,D
25.1041,76.31366,341.57,0.4,0.44,2026-05-03,826,N21,VIIRS,l,2.0NRT,315.05,10.91,D
25.10916,79.48469,342.61,0.63,0.54,2026-05-03,826,N21,VIIRS,n,2.0NRT,309,10.82,D
25.10935,76.96384,339.37,0.43,0.46,2026-05-03,826,N21,VIIRS,n,2.0NRT,309.64,5.55,D
25.10984,76.9681,367,0.44,0.46,2026-05-03,826,N21,VIIRS,h,2.0NRT,312.3,15.16,D
25.1101,76.96616,352.76,0.44,0.46,2026-05-03,826,N21,VIIRS,n,2.0NRT,311.11,12.04,D
25.11057,76.97044,344.39,0.44,0.46,2026-05-03,826,N21,VIIRS,n,2.0NRT,310.09,8.51,D
25.12,76.37948,343.77,0.4,0.44,2026-05-03,826,N21,VIIRS,l,2.0NRT,315.25,7.91,D
25.12046,76.38345,342.31,0.4,0.44,2026-05-03,826,N21,VIIRS,l,2.0NRT,315.66,8,D
25.12093,76.38743,345.1,0.4,0.44,2026-05-03,826,N21,VIIRS,n,2.0NRT,314.44,8,D
25.12467,79.04607,343.1,0.59,0.53,2026-05-03,826,N21,VIIRS,n,2.0NRT,309.81,14.44,D
25.12654,76.29459,344.66,0.4,0.44,2026-05-03,826,N21,VIIRS,l,2.0NRT,314.77,9.39,D
25.13184,76.27002,341.86,0.4,0.44,2026-05-03,826,N21,VIIRS,l,2.0NRT,314.19,7.5,D
25.13289,76.27,338.55,0.4,0.44,2026-05-03,826,N21,VIIRS,l,2.0NRT,313.15,6.57,D
25.13475,79.59491,335.54,0.64,0.54,2026-05-03,826,N21,VIIRS,l,2.0NRT,308.52,6.74,D
25.13593,78.91076,338.32,0.58,0.52,2026-05-03,826,N21,VIIRS,l,2.0NRT,308.35,5.42,D
25.13601,76.30518,345.19,0.4,0.44,2026-05-03,826,N21,VIIRS,l,2.0NRT,315.19,10.02,D
25.14518,79.59854,347.38,0.32,0.54,2026-05-03,826,N21,VIIRS,n,2.0NRT,308.91,5.79,D
25.15699,79.61635,339.12,0.32,0.54,2026-05-03,826,N21,VIIRS,l,2.0NRT,310.54,6.2,D
25.1573,79.61492,339,0.32,0.55,2026-05-03,826,N21,VIIRS,l,2.0NRT,310.18,2.92,D
25.1576,79.62263,367,0.32,0.55,2026-05-03,826,N21,VIIRS,h,2.0NRT,311.27,9.56,D
25.15786,79.62122,348.29,0.32,0.55,2026-05-03,826,N21,VIIRS,n,2.0NRT,309.39,4.88,D
25.15815,79.62438,351.89,0.32,0.55,2026-05-03,826,N21,VIIRS,n,2.0NRT,309.52,4.88,D
25.15825,75.95953,344.8,0.57,0.43,2026-05-03,826,N21,VIIRS,n,2.0NRT,316.68,12.19,D
25.16287,79.34745,335.81,0.61,0.54,2026-05-03,826,N21,VIIRS,l,2.0NRT,309.09,4.66,D
25.16523,79.70378,367,0.32,0.55,2026-05-03,826,N21,VIIRS,h,2.0NRT,311.06,7.8,D
25.16555,79.70506,348.97,0.32,0.55,2026-05-03,826,N21,VIIRS,n,2.0NRT,310.86,6.96,D
25.16746,76.24933,344.97,0.4,0.44,2026-05-03,826,N21,VIIRS,n,2.0NRT,315.56,10.55,D
25.17655,79.87393,339.81,0.33,0.55,2026-05-03,826,N21,VIIRS,n,2.0NRT,308.3,2.47,D
25.17673,76.44067,348.3,0.41,0.45,2026-05-03,826,N21,VIIRS,n,2.0NRT,314.51,7.83,D
25.17719,76.44468,341.2,0.41,0.45,2026-05-03,826,N21,VIIRS,l,2.0NRT,313.73,7.83,D
25.19036,76.37807,344.25,0.4,0.44,2026-05-03,826,N21,VIIRS,n,2.0NRT,313.19,11.39,D
25.19127,77.00314,338.32,0.44,0.46,2026-05-03,826,N21,VIIRS,l,2.0NRT,310.68,5.24,D
25.19157,76.17471,351.92,0.39,0.44,2026-05-03,826,N21,VIIRS,n,2.0NRT,315.21,12.83,D
25.19262,76.01115,346.07,0.38,0.43,2026-05-03,826,N21,VIIRS,l,2.0NRT,318.71,11.79,D
25.19397,76.37351,344.26,0.4,0.44,2026-05-03,826,N21,VIIRS,l,2.0NRT,316.38,9.1,D
25.19746,83.84118,336.12,0.6,0.7,2026-05-03,826,N21,VIIRS,n,2.0NRT,296.3,5.94,D
25.19794,83.83281,340.61,0.6,0.7,2026-05-03,826,N21,VIIRS,n,2.0NRT,295.7,10.24,D
25.20128,75.98211,345.92,0.57,0.43,2026-05-03,826,N21,VIIRS,l,2.0NRT,320.01,20.86,D
25.20309,83.82895,330.75,0.59,0.7,2026-05-03,826,N21,VIIRS,n,2.0NRT,296.56,12.77,D
25.21277,77.90716,338.97,0.5,0.49,2026-05-03,826,N21,VIIRS,n,2.0NRT,308.96,17.24,D
25.21455,76.09314,343.57,0.39,0.44,2026-05-03,826,N21,VIIRS,l,2.0NRT,316.07,5.93,D
25.225,79.12297,339.7,0.59,0.53,2026-05-03,826,N21,VIIRS,l,2.0NRT,312.83,12.75,D
25.23102,77.0118,338.9,0.44,0.46,2026-05-03,826,N21,VIIRS,l,2.0NRT,310.78,5.8,D
25.27261,76.44817,342.38,0.41,0.45,2026-05-03,826,N21,VIIRS,l,2.0NRT,314.06,11.07,D
25.27665,76.48461,348.76,0.41,0.45,2026-05-03,826,N21,VIIRS,n,2.0NRT,314.49,69.38,D
25.28192,77.08406,347,0.44,0.46,2026-05-03,826,N21,VIIRS,n,2.0NRT,313.13,14.96,D
25.30317,83.3528,331.06,0.56,0.68,2026-05-03,826,N21,VIIRS,n,2.0NRT,294.58,4.14,D
25.30821,79.65734,336.48,0.32,0.55,2026-05-03,826,N21,VIIRS,l,2.0NRT,309.35,4.47,D
25.31517,79.78996,367,0.33,0.55,2026-05-03,826,N21,VIIRS,h,2.0NRT,307.6,5.55,D
25.31546,79.79321,333.64,0.33,0.55,2026-05-03,826,N21,VIIRS,n,2.0NRT,306.95,5.55,D
25.31994,79.78614,347.2,0.33,0.55,2026-05-03,826,N21,VIIRS,n,2.0NRT,307.39,6.64,D
25.32023,79.78939,348.52,0.33,0.55,2026-05-03,826,N21,VIIRS,n,2.0NRT,307.79,6.72,D
25.3357,79.51883,344.84,0.63,0.54,2026-05-03,826,N21,VIIRS,n,2.0NRT,312.11,18.59,D
25.33629,79.52508,343.4,0.63,0.54,2026-05-03,826,N21,VIIRS,n,2.0NRT,311.88,17.74,D
25.35077,78.92362,340.14,0.58,0.52,2026-05-03,826,N21,VIIRS,l,2.0NRT,313.83,13.44,D
25.35209,77.86678,340.81,0.5,0.49,2026-05-03,826,N21,VIIRS,n,2.0NRT,309.83,10.87,D
25.35554,79.31118,341.27,0.61,0.54,2026-05-03,826,N21,VIIRS,n,2.0NRT,310.16,13.8,D
25.40355,80.31088,335.7,0.36,0.57,2026-05-03,826,N21,VIIRS,n,2.0NRT,302.86,1.66,D
25.4121,78.85887,345.18,0.57,0.52,2026-05-03,826,N21,VIIRS,n,2.0NRT,311.21,10.46,D
25.4125,78.85666,337.32,0.58,0.52,2026-05-03,826,N21,VIIRS,l,2.0NRT,311.9,8.84,D
25.42322,78.92088,341.79,0.58,0.52,2026-05-03,826,N21,VIIRS,l,2.0NRT,312.66,12.84,D
25.4297,79.43947,335.81,0.63,0.54,2026-05-03,826,N21,VIIRS,l,2.0NRT,307.91,9.7,D
25.47215,79.02461,345.14,0.59,0.53,2026-05-03,826,N21,VIIRS,n,2.0NRT,314.15,18.48,D
25.49569,78.67608,338.67,0.56,0.52,2026-05-03,826,N21,VIIRS,l,2.0NRT,312.99,13.21,D
25.78243,83.11605,335.86,0.54,0.68,2026-05-03,826,N21,VIIRS,n,2.0NRT,293.73,4.5,D
25.07933,74.40735,348.32,0.47,0.4,2026-05-03,828,N21,VIIRS,n,2.0NRT,317.8,12.29,D
25.11938,73.44063,346.43,0.43,0.38,2026-05-03,828,N21,VIIRS,l,2.0NRT,318.66,8.39,D
25.1205,73.44909,354.13,0.43,0.38,2026-05-03,828,N21,VIIRS,n,2.0NRT,319.8,9.94,D
25.12288,73.44017,349.43,0.43,0.38,2026-05-03,828,N21,VIIRS,l,2.0NRT,320.98,8.39,D
25.124,73.44865,351.23,0.43,0.38,2026-05-03,828,N21,VIIRS,n,2.0NRT,320.46,9.94,D
25.15701,73.48282,347.5,0.44,0.38,2026-05-03,828,N21,VIIRS,n,2.0NRT,321.17,15.94,D
25.24235,76.03497,346.78,0.39,0.44,2026-05-03,828,N21,VIIRS,l,2.0NRT,318.42,9.12,D
25.24279,76.03877,345.82,0.39,0.44,2026-05-03,828,N21,VIIRS,l,2.0NRT,317.27,9.12,D
25.26578,76.16832,341.22,0.39,0.44,2026-05-03,828,N21,VIIRS,l,2.0NRT,315.41,7.8,D
25.27337,76.05768,343.25,0.39,0.44,2026-05-03,828,N21,VIIRS,l,2.0NRT,315.99,11.57,D
25.27381,76.0615,354.58,0.39,0.44,2026-05-03,828,N21,VIIRS,n,2.0NRT,318.36,29.38,D
25.27425,76.06531,367,0.39,0.44,2026-05-03,828,N21,VIIRS,h,2.0NRT,320.52,29.38,D
25.2778,76.06093,342.52,0.39,0.44,2026-05-03,828,N21,VIIRS,n,2.0NRT,316.97,29.38,D
25.2781,76.42298,345.43,0.41,0.45,2026-05-03,828,N21,VIIRS,n,2.0NRT,313.86,9.42,D
25.28264,76.42642,340.18,0.41,0.45,2026-05-03,828,N21,VIIRS,l,2.0NRT,312.2,7.68,D
25.29792,76.63954,343.28,0.42,0.45,2026-05-03,828,N21,VIIRS,n,2.0NRT,306.28,8.63,D
25.30257,73.03134,349.27,0.42,0.38,2026-05-03,828,N21,VIIRS,n,2.0NRT,319.82,9.96,D
25.31796,76.00195,352.6,0.38,0.44,2026-05-03,828,N21,VIIRS,n,2.0NRT,315.99,12.65,D
25.31934,76.00082,345.53,0.38,0.44,2026-05-03,828,N21,VIIRS,l,2.0NRT,316.93,14.92,D
25.32849,75.74475,344.14,0.56,0.43,2026-05-03,828,N21,VIIRS,l,2.0NRT,317.31,8.07,D
25.33354,72.97542,367,0.42,0.38,2026-05-03,828,N21,VIIRS,h,2.0NRT,323.49,20.76,D
25.33411,72.97956,355.11,0.42,0.38,2026-05-03,828,N21,VIIRS,n,2.0NRT,322.93,20.76,D
25.33697,72.97486,367,0.42,0.38,2026-05-03,828,N21,VIIRS,h,2.0NRT,320.07,15.14,D
25.34427,76.24448,342.27,0.4,0.44,2026-05-03,828,N21,VIIRS,l,2.0NRT,312.66,6.74,D
25.34532,76.28831,345.59,0.4,0.44,2026-05-03,828,N21,VIIRS,n,2.0NRT,312.9,12.87,D
25.36505,76.86427,340.91,0.43,0.46,2026-05-03,828,N21,VIIRS,n,2.0NRT,309.36,4.37,D
25.36678,76.29057,339.25,0.4,0.44,2026-05-03,828,N21,VIIRS,l,2.0NRT,311.74,9.19,D
25.36722,76.29453,339.65,0.4,0.44,2026-05-03,828,N21,VIIRS,l,2.0NRT,313.36,10.27,D
25.37396,75.59348,353.71,0.55,0.43,2026-05-03,828,N21,VIIRS,n,2.0NRT,319.82,20.64,D
25.37463,75.59132,344.6,0.55,0.43,2026-05-03,828,N21,VIIRS,l,2.0NRT,317.37,11.54,D
25.37526,75.59674,345.54,0.55,0.43,2026-05-03,828,N21,VIIRS,l,2.0NRT,318.36,11.54,D
25.38029,76.30074,348.36,0.4,0.44,2026-05-03,828,N21,VIIRS,n,2.0NRT,317.06,16.8,D
25.38073,76.3047,343.29,0.4,0.44,2026-05-03,828,N21,VIIRS,l,2.0NRT,313.87,16.8,D
25.38434,76.30016,346.14,0.4,0.44,2026-05-03,828,N21,VIIRS,n,2.0NRT,313.5,14.53,D
25.39329,76.41648,339.16,0.41,0.45,2026-05-03,828,N21,VIIRS,l,2.0NRT,312.5,7.49,D
25.3965,76.37128,339.11,0.4,0.45,2026-05-03,828,N21,VIIRS,l,2.0NRT,312.34,8.68,D
25.4087,76.5548,345.11,0.42,0.45,2026-05-03,828,N21,VIIRS,n,2.0NRT,310.36,10.16,D
25.41544,76.28374,342.35,0.4,0.44,2026-05-03,828,N21,VIIRS,l,2.0NRT,315.96,11.11,D
25.42975,76.22966,339.43,0.4,0.44,2026-05-03,828,N21,VIIRS,l,2.0NRT,313.38,6.38,D
25.43333,76.22514,339.2,0.4,0.44,2026-05-03,828,N21,VIIRS,l,2.0NRT,313.21,7.91,D
25.43567,76.10605,351.61,0.39,0.44,2026-05-03,828,N21,VIIRS,n,2.0NRT,319.77,19.86,D
25.43613,76.10992,345.88,0.39,0.44,2026-05-03,828,N21,VIIRS,l,2.0NRT,317.01,13.97,D
25.43725,76.10611,349.47,0.39,0.44,2026-05-03,828,N21,VIIRS,n,2.0NRT,319.91,18.07,D
25.43769,76.10999,343.83,0.39,0.44,2026-05-03,828,N21,VIIRS,l,2.0NRT,317.7,11.67,D
25.45952,76.12261,344.94,0.39,0.44,2026-05-03,828,N21,VIIRS,l,2.0NRT,315.63,8.47,D
25.47743,75.78898,345.1,0.56,0.43,2026-05-03,828,N21,VIIRS,l,2.0NRT,317.31,25.73,D
25.4807,75.78284,353.48,0.56,0.43,2026-05-03,828,N21,VIIRS,n,2.0NRT,318.86,18.05,D
25.48137,75.7884,345.63,0.56,0.43,2026-05-03,828,N21,VIIRS,l,2.0NRT,317.36,13.62,D
25.49077,76.07494,346.45,0.39,0.44,2026-05-03,828,N21,VIIRS,l,2.0NRT,317.64,15.35,D
25.49828,76.43132,367,0.41,0.45,2026-05-03,828,N21,VIIRS,h,2.0NRT,313.66,15.84,D
25.51493,76.14246,341.2,0.39,0.44,2026-05-03,828,N21,VIIRS,l,2.0NRT,312.19,9.76,D
25.52911,78.65855,345.19,0.56,0.52,2026-05-03,828,N21,VIIRS,n,2.0NRT,313.83,16.3,D
25.5511,78.78642,340.42,0.57,0.52,2026-05-03,828,N21,VIIRS,l,2.0NRT,314.4,15.46,D
25.55436,78.67236,344.79,0.56,0.52,2026-05-03,828,N21,VIIRS,n,2.0NRT,313.6,10.78,D
25.55908,78.67178,347.07,0.56,0.52,2026-05-03,828,N21,VIIRS,n,2.0NRT,313.56,10.78,D
25.59262,78.45551,344.12,0.55,0.51,2026-05-03,828,N21,VIIRS,n,2.0NRT,310.95,10.13,D
25.59426,78.45627,344.83,0.54,0.51,2026-05-03,828,N21,VIIRS,n,2.0NRT,311.95,12.12,D
25.59532,78.63284,343.32,0.56,0.51,2026-05-03,828,N21,VIIRS,n,2.0NRT,313.04,9.13,D
25.59766,78.62772,338.96,0.56,0.51,2026-05-03,828,N21,VIIRS,l,2.0NRT,311.77,15.46,D
25.59951,78.6267,338.31,0.56,0.51,2026-05-03,828,N21,VIIRS,l,2.0NRT,310.87,7.83,D
25.60054,78.24974,336.66,0.53,0.5,2026-05-03,828,N21,VIIRS,l,2.0NRT,310.35,11.76,D
25.60296,78.04515,344.68,0.51,0.5,2026-05-03,828,N21,VIIRS,n,2.0NRT,311.27,8.22,D
25.60798,78.81928,339.38,0.58,0.52,2026-05-03,828,N21,VIIRS,l,2.0NRT,312.14,12.52,D
25.61499,79.51795,367,0.32,0.54,2026-05-03,828,N21,VIIRS,h,2.0NRT,308.79,4.69,D
25.61998,79.51737,348.87,0.32,0.54,2026-05-03,828,N21,VIIRS,n,2.0NRT,309.93,4.69,D
25.63462,78.8974,340.43,0.58,0.52,2026-05-03,828,N21,VIIRS,l,2.0NRT,312.87,12.55,D
25.63464,78.89792,340.29,0.58,0.52,2026-05-03,828,N21,VIIRS,l,2.0NRT,313.14,14.87,D
25.63853,76.53697,338.79,0.42,0.45,2026-05-03,828,N21,VIIRS,l,2.0NRT,309.1,9.2,D
25.64128,78.00192,339.93,0.51,0.49,2026-05-03,828,N21,VIIRS,l,2.0NRT,310.76,11.69,D
25.64395,76.43626,340.07,0.41,0.45,2026-05-03,828,N21,VIIRS,n,2.0NRT,309.83,10.32,D
25.64411,78.84383,339.37,0.58,0.52,2026-05-03,828,N21,VIIRS,l,2.0NRT,312.72,11.04,D
25.64737,78.67721,339.73,0.56,0.52,2026-05-03,828,N21,VIIRS,l,2.0NRT,312.77,11.4,D
25.65442,79.61639,337.88,0.32,0.55,2026-05-03,828,N21,VIIRS,l,2.0NRT,311.07,3.22,D
25.65944,79.61582,340.87,0.32,0.55,2026-05-03,828,N21,VIIRS,n,2.0NRT,308.13,3.22,D
25.66773,78.64088,338.46,0.56,0.52,2026-05-03,828,N21,VIIRS,l,2.0NRT,310.82,6.54,D
25.67381,79.16079,336.1,0.61,0.53,2026-05-03,828,N21,VIIRS,l,2.0NRT,308.88,7.13,D
25.68653,78.9322,367,0.59,0.53,2026-05-03,828,N21,VIIRS,h,2.0NRT,314.37,27.48,D
25.68743,78.59914,347.44,0.56,0.51,2026-05-03,828,N21,VIIRS,n,2.0NRT,311.24,15.4,D
25.68774,78.64973,341.6,0.56,0.52,2026-05-03,828,N21,VIIRS,l,2.0NRT,312.8,9.21,D
25.69326,78.60967,342.07,0.56,0.51,2026-05-03,828,N21,VIIRS,l,2.0NRT,312.31,8.39,D
25.69492,78.60757,343.66,0.56,0.51,2026-05-03,828,N21,VIIRS,n,2.0NRT,311.88,7.61,D
25.70256,78.34218,344.59,0.54,0.51,2026-05-03,828,N21,VIIRS,n,2.0NRT,312.42,14.96,D
25.7027,78.60859,345.41,0.56,0.51,2026-05-03,828,N21,VIIRS,n,2.0NRT,310.94,9.23,D
25.70436,78.60648,348.07,0.56,0.51,2026-05-03,828,N21,VIIRS,n,2.0NRT,310.51,7.42,D
25.70717,79.09637,338.81,0.6,0.53,2026-05-03,828,N21,VIIRS,l,2.0NRT,309.46,8.34,D
25.70774,79.10235,336.24,0.6,0.53,2026-05-03,828,N21,VIIRS,l,2.0NRT,310.04,8.34,D
25.71345,78.71478,342.57,0.57,0.52,2026-05-03,828,N21,VIIRS,l,2.0NRT,314.22,9.97,D
25.71969,78.63469,351.27,0.56,0.52,2026-05-03,828,N21,VIIRS,n,2.0NRT,312.01,12.52,D
25.72003,78.57094,341.28,0.56,0.51,2026-05-03,828,N21,VIIRS,l,2.0NRT,312.46,4.45,D
25.72007,76.60778,344.69,0.42,0.45,2026-05-03,828,N21,VIIRS,n,2.0NRT,310.02,10.44,D
25.72022,78.87962,344.36,0.58,0.52,2026-05-03,828,N21,VIIRS,n,2.0NRT,312.64,12.23,D
25.72045,78.88126,347.8,0.58,0.52,2026-05-03,828,N21,VIIRS,n,2.0NRT,313.35,20.49,D
25.72052,76.61195,367,0.42,0.45,2026-05-03,828,N21,VIIRS,h,2.0NRT,312.85,15.8,D
25.72075,78.88541,344.44,0.58,0.52,2026-05-03,828,N21,VIIRS,n,2.0NRT,311.51,12.68,D
25.72098,76.61613,353.87,0.42,0.45,2026-05-03,828,N21,VIIRS,n,2.0NRT,309.63,15.8,D
25.72116,78.63259,344.14,0.56,0.52,2026-05-03,828,N21,VIIRS,n,2.0NRT,310.99,15.71,D
25.72143,76.62029,344.05,0.42,0.45,2026-05-03,828,N21,VIIRS,n,2.0NRT,310.62,12.1,D
25.72279,79.53144,367,0.32,0.55,2026-05-03,828,N21,VIIRS,h,2.0NRT,307.69,7.66,D
25.72441,78.71741,342.6,0.57,0.52,2026-05-03,828,N21,VIIRS,n,2.0NRT,310.93,5.26,D
25.72513,76.61555,347.36,0.42,0.45,2026-05-03,828,N21,VIIRS,n,2.0NRT,312.07,12.99,D
25.7255,78.01701,339.99,0.51,0.5,2026-05-03,828,N21,VIIRS,l,2.0NRT,312.64,16.24,D
25.72559,76.61972,340.5,0.42,0.45,2026-05-03,828,N21,VIIRS,l,2.0NRT,311.09,10.66,D
25.7264,80.00571,336.21,0.34,0.56,2026-05-03,828,N21,VIIRS,n,2.0NRT,303.99,2.37,D
25.73569,78.88946,337.96,0.58,0.52,2026-05-03,828,N21,VIIRS,l,2.0NRT,309.55,9.3,D
25.736,78.89111,337.16,0.58,0.52,2026-05-03,828,N21,VIIRS,l,2.0NRT,309.09,11.04,D
25.73993,77.97916,339.44,0.51,0.49,2026-05-03,828,N21,VIIRS,l,2.0NRT,311.57,12.81,D
25.74046,77.98425,343.53,0.51,0.49,2026-05-03,828,N21,VIIRS,n,2.0NRT,311.72,16.76,D
25.74553,77.98877,340.39,0.51,0.49,2026-05-03,828,N21,VIIRS,l,2.0NRT,312.68,18.57,D
25.74577,77.97574,348.32,0.51,0.49,2026-05-03,828,N21,VIIRS,n,2.0NRT,311.15,19.77,D
25.74677,77.9859,342.2,0.51,0.49,2026-05-03,828,N21,VIIRS,n,2.0NRT,311.75,18.43,D
25.74845,77.973,349.31,0.51,0.49,2026-05-03,828,N21,VIIRS,n,2.0NRT,312.67,19.12,D
25.74899,77.97805,350.02,0.51,0.49,2026-05-03,828,N21,VIIRS,n,2.0NRT,311.26,19.12,D
25.75031,77.97517,350.16,0.51,0.49,2026-05-03,828,N21,VIIRS,n,2.0NRT,311.21,20.06,D
25.75083,77.95219,337.56,0.51,0.49,2026-05-03,828,N21,VIIRS,l,2.0NRT,308.69,12.75,D
25.75282,77.95432,339.65,0.51,0.49,2026-05-03,828,N21,VIIRS,n,2.0NRT,309.6,8.01,D
25.76509,79.20991,336.99,0.61,0.54,2026-05-03,828,N21,VIIRS,n,2.0NRT,306.63,4.37,D
25.7711,79.22151,334.87,0.61,0.54,2026-05-03,828,N21,VIIRS,l,2.0NRT,307.29,4.54,D
25.77357,78.8791,342.23,0.58,0.52,2026-05-03,828,N21,VIIRS,n,2.0NRT,311.12,9.9,D
25.77375,79.22264,341.34,0.61,0.54,2026-05-03,828,N21,VIIRS,n,2.0NRT,306.65,9.17,D
25.77602,79.22105,341.94,0.61,0.54,2026-05-03,828,N21,VIIRS,n,2.0NRT,305.88,4.54,D
25.77955,78.54703,339.52,0.55,0.51,2026-05-03,828,N21,VIIRS,l,2.0NRT,311.08,9.85,D
25.7849,81.24511,339.13,0.41,0.61,2026-05-03,828,N21,VIIRS,n,2.0NRT,297.57,3.47,D
25.78871,76.54348,340.71,0.42,0.45,2026-05-03,828,N21,VIIRS,n,2.0NRT,307.51,8.2,D
25.79033,79.26891,341.99,0.62,0.54,2026-05-03,828,N21,VIIRS,n,2.0NRT,306.88,6.53,D
25.79397,78.78946,338.47,0.58,0.52,2026-05-03,828,N21,VIIRS,l,2.0NRT,308.64,6.77,D
25.81275,78.7354,343.06,0.57,0.52,2026-05-03,828,N21,VIIRS,n,2.0NRT,308.21,5.95,D
25.81332,78.7411,339.99,0.57,0.52,2026-05-03,828,N21,VIIRS,n,2.0NRT,307.74,5.95,D
25.81401,78.73892,347,0.57,0.52,2026-05-03,828,N21,VIIRS,n,2.0NRT,308.24,7.77,D
25.81427,78.99833,347.37,0.59,0.53,2026-05-03,828,N21,VIIRS,n,2.0NRT,310.56,17.25,D
25.81546,78.52598,338.36,0.55,0.51,2026-05-03,828,N21,VIIRS,l,2.0NRT,311.66,8.82,D
25.81569,78.96249,341.58,0.59,0.53,2026-05-03,828,N21,VIIRS,n,2.0NRT,309.34,7.67,D
25.81763,78.52337,337.57,0.55,0.51,2026-05-03,828,N21,VIIRS,l,2.0NRT,310.75,9.87,D
25.82274,78.88497,343.56,0.58,0.52,2026-05-03,828,N21,VIIRS,n,2.0NRT,310.05,9.88,D
25.823,78.68062,338.05,0.57,0.52,2026-05-03,828,N21,VIIRS,l,2.0NRT,311.24,8.81,D
25.82853,78.65364,338.44,0.56,0.52,2026-05-03,828,N21,VIIRS,l,2.0NRT,311.15,8.19,D
25.83026,79.06233,343.15,0.6,0.53,2026-05-03,828,N21,VIIRS,n,2.0NRT,308.65,9.65,D
25.83381,76.66566,345.37,0.43,0.46,2026-05-03,828,N21,VIIRS,n,2.0NRT,313.58,15.18,D
25.83799,76.66508,345.57,0.43,0.46,2026-05-03,828,N21,VIIRS,n,2.0NRT,313.17,11.4,D
25.83845,76.66932,344.35,0.43,0.46,2026-05-03,828,N21,VIIRS,l,2.0NRT,314.55,11.4,D
25.8424,78.15656,343.91,0.53,0.5,2026-05-03,828,N21,VIIRS,n,2.0NRT,311.16,9.34,D
25.84293,78.16177,339.11,0.53,0.5,2026-05-03,828,N21,VIIRS,l,2.0NRT,310.58,8.23,D
25.84593,78.87434,337.54,0.58,0.52,2026-05-03,828,N21,VIIRS,n,2.0NRT,307.44,3.35,D
25.84619,78.87636,336.86,0.58,0.52,2026-05-03,828,N21,VIIRS,l,2.0NRT,307.49,2.95,D
25.84783,78.34897,341.77,0.54,0.51,2026-05-03,828,N21,VIIRS,n,2.0NRT,308.99,8.43,D
25.85845,78.55191,335.48,0.56,0.51,2026-05-03,828,N21,VIIRS,l,2.0NRT,308.61,4.96,D
25.85974,79.99104,340.98,0.34,0.56,2026-05-03,828,N21,VIIRS,n,2.0NRT,303.84,5.42,D
25.87975,76.65942,340.37,0.43,0.46,2026-05-03,828,N21,VIIRS,l,2.0NRT,311.18,8.92,D
25.88174,78.40492,338.56,0.55,0.51,2026-05-03,828,N21,VIIRS,l,2.0NRT,308.63,5.82,D
25.88475,78.38811,338.8,0.54,0.51,2026-05-03,828,N21,VIIRS,l,2.0NRT,310.09,8.14,D
25.88511,78.07117,344.34,0.52,0.5,2026-05-03,828,N21,VIIRS,n,2.0NRT,312.55,11.04,D
25.90336,78.61965,339.74,0.56,0.52,2026-05-03,828,N21,VIIRS,n,2.0NRT,309.55,7.99,D
25.90361,78.57449,345.18,0.56,0.51,2026-05-03,828,N21,VIIRS,n,2.0NRT,310.87,8.82,D
25.90529,78.57381,343.75,0.56,0.51,2026-05-03,828,N21,VIIRS,n,2.0NRT,309.37,7.63,D
25.92531,78.10287,343.57,0.52,0.5,2026-05-03,828,N21,VIIRS,n,2.0NRT,311.9,11.09,D
25.92645,79.48312,367,0.32,0.55,2026-05-03,828,N21,VIIRS,h,2.0NRT,309.42,13.44,D
25.93424,78.98221,344.11,0.59,0.53,2026-05-03,828,N21,VIIRS,n,2.0NRT,306.59,9.34,D
25.93896,78.38063,340.5,0.54,0.51,2026-05-03,828,N21,VIIRS,n,2.0NRT,310.21,8.4,D
25.94308,78.37463,353.32,0.54,0.51,2026-05-03,828,N21,VIIRS,n,2.0NRT,310.86,14.49,D
25.95624,78.6071,343.13,0.56,0.52,2026-05-03,828,N21,VIIRS,n,2.0NRT,310.88,6.74,D
25.97114,78.6622,337.62,0.57,0.52,2026-05-03,828,N21,VIIRS,l,2.0NRT,308.92,3.33,D
25.97131,78.97179,339.39,0.59,0.53,2026-05-03,828,N21,VIIRS,n,2.0NRT,307.26,10.37,D
25.97825,78.73606,335.23,0.57,0.52,2026-05-03,828,N21,VIIRS,l,2.0NRT,307.87,9.43,D
25.982,78.38636,337.53,0.55,0.51,2026-05-03,828,N21,VIIRS,l,2.0NRT,308.63,6.3,D
25.98528,78.32564,344.05,0.54,0.51,2026-05-03,828,N21,VIIRS,n,2.0NRT,308.88,9.66,D
25.98544,79.62901,340.34,0.33,0.55,2026-05-03,828,N21,VIIRS,n,2.0NRT,304.24,4.9,D
25.98574,79.63227,336.89,0.33,0.55,2026-05-03,828,N21,VIIRS,n,2.0NRT,304.92,5.38,D
25.98834,78.74063,339.38,0.57,0.52,2026-05-03,828,N21,VIIRS,n,2.0NRT,307.35,4.5,D
25.9889,78.74636,337.24,0.57,0.52,2026-05-03,828,N21,VIIRS,l,2.0NRT,308.1,6.09,D
25.99367,78.32778,337.51,0.54,0.51,2026-05-03,828,N21,VIIRS,l,2.0NRT,310.73,11.49,D
25.99464,77.08844,335.82,0.45,0.47,2026-05-03,828,N21,VIIRS,l,2.0NRT,308.86,7.54,D
25.99894,77.08788,343.43,0.45,0.47,2026-05-03,828,N21,VIIRS,n,2.0NRT,306.7,4.51,D
26.00041,79.18081,333.72,0.61,0.54,2026-05-03,828,N21,VIIRS,l,2.0NRT,305.12,7.9,D
26.00573,78.52773,336.36,0.56,0.51,2026-05-03,828,N21,VIIRS,l,2.0NRT,308.74,7.91,D
26.01417,78.20058,347.58,0.53,0.5,2026-05-03,828,N21,VIIRS,n,2.0NRT,310.93,16.05,D
26.01774,78.18945,344.11,0.53,0.5,2026-05-03,828,N21,VIIRS,n,2.0NRT,310.79,23.63,D
26.01797,78.05174,337.87,0.52,0.5,2026-05-03,828,N21,VIIRS,l,2.0NRT,310.56,13.53,D
26.02235,78.18887,343.46,0.53,0.5,2026-05-03,828,N21,VIIRS,n,2.0NRT,309.37,12.2,D
26.02287,78.19412,349.9,0.53,0.5,2026-05-03,828,N21,VIIRS,n,2.0NRT,309.68,12.2,D
26.02422,78.11414,336.92,0.53,0.5,2026-05-03,828,N21,VIIRS,l,2.0NRT,310.11,11.64,D
26.02601,78.22592,338.48,0.53,0.5,2026-05-03,828,N21,VIIRS,l,2.0NRT,310.15,8.23,D
26.02684,78.14035,347.26,0.53,0.5,2026-05-03,828,N21,VIIRS,n,2.0NRT,313.64,29.08,D
26.02828,78.10831,350.81,0.52,0.5,2026-05-03,828,N21,VIIRS,n,2.0NRT,311.07,16.59,D
26.03234,78.10249,342.07,0.52,0.5,2026-05-03,828,N21,VIIRS,l,2.0NRT,312.14,17.34,D
26.03286,78.10772,350.41,0.52,0.5,2026-05-03,828,N21,VIIRS,n,2.0NRT,311.88,17.34,D
26.03339,78.11296,342.43,0.53,0.5,2026-05-03,828,N21,VIIRS,n,2.0NRT,309.62,11.84,D
26.03363,79.66389,343.5,0.33,0.55,2026-05-03,828,N21,VIIRS,n,2.0NRT,303.88,3.51,D
26.03426,79.06669,335.53,0.6,0.53,2026-05-03,828,N21,VIIRS,n,2.0NRT,305.06,3.12,D
26.03444,78.12343,343.86,0.53,0.5,2026-05-03,828,N21,VIIRS,n,2.0NRT,310.08,8.21,D
26.04183,78.19703,333.63,0.53,0.5,2026-05-03,828,N21,VIIRS,l,2.0NRT,307.84,5.38,D
26.04771,78.4477,345.43,0.55,0.51,2026-05-03,828,N21,VIIRS,n,2.0NRT,310.32,13.86,D
26.0524,78.44711,344.93,0.55,0.51,2026-05-03,828,N21,VIIRS,n,2.0NRT,311.17,13.86,D
26.06197,78.74718,345,0.58,0.52,2026-05-03,828,N21,VIIRS,n,2.0NRT,308.92,10.39,D
26.0621,81.15848,330.56,0.41,0.61,2026-05-03,828,N21,VIIRS,n,2.0NRT,299.42,2.09,D
26.06502,78.67746,343.76,0.57,0.52,2026-05-03,828,N21,VIIRS,n,2.0NRT,309.21,8.52,D
26.06506,79.50326,330.79,0.32,0.55,2026-05-03,828,N21,VIIRS,l,2.0NRT,301.13,1.45,D
26.08177,78.80311,340.86,0.58,0.52,2026-05-03,828,N21,VIIRS,n,2.0NRT,308.88,4.87,D
26.08657,78.80252,337.29,0.58,0.52,2026-05-03,828,N21,VIIRS,l,2.0NRT,309.37,4.87,D
26.11727,78.86946,337.8,0.59,0.53,2026-05-03,828,N21,VIIRS,l,2.0NRT,309.9,12.44,D
26.12889,78.83858,352.43,0.58,0.52,2026-05-03,828,N21,VIIRS,n,2.0NRT,311.45,10.06,D
26.12946,78.84439,339,0.59,0.52,2026-05-03,828,N21,VIIRS,l,2.0NRT,310.02,10.06,D
26.13427,78.84381,336.8,0.59,0.52,2026-05-03,828,N21,VIIRS,l,2.0NRT,308.57,8.09,D
26.16198,79.85699,340.68,0.34,0.56,2026-05-03,828,N21,VIIRS,n,2.0NRT,302.94,2.25,D
26.17709,79.85187,332.33,0.34,0.56,2026-05-03,828,N21,VIIRS,n,2.0NRT,302.19,2.93,D
26.18192,79.84792,349.37,0.34,0.56,2026-05-03,828,N21,VIIRS,n,2.0NRT,301.74,7.27,D
26.18222,79.8513,331.44,0.34,0.56,2026-05-03,828,N21,VIIRS,l,2.0NRT,302.53,2.93,D
26.19107,81.56631,339.38,0.44,0.62,2026-05-03,828,N21,VIIRS,n,2.0NRT,297.46,4.13,D
26.19309,81.56503,335.75,0.44,0.62,2026-05-03,828,N21,VIIRS,n,2.0NRT,297.51,4.19,D
26.22892,78.40622,347.01,0.55,0.51,2026-05-03,828,N21,VIIRS,n,2.0NRT,309.43,11.25,D
26.23107,78.40674,349.16,0.55,0.51,2026-05-03,828,N21,VIIRS,n,2.0NRT,310.06,13.62,D
26.24213,80.90762,336.37,0.4,0.6,2026-05-03,828,N21,VIIRS,n,2.0NRT,301.66,6.21,D
26.24247,80.91155,353.66,0.4,0.6,2026-05-03,828,N21,VIIRS,n,2.0NRT,302.68,6.21,D
26.24306,80.90765,339.26,0.4,0.6,2026-05-03,828,N21,VIIRS,n,2.0NRT,301.34,5.4,D
26.24337,80.91161,351.73,0.4,0.6,2026-05-03,828,N21,VIIRS,n,2.0NRT,302.24,5.4,D
26.24678,79.55177,344.61,0.33,0.55,2026-05-03,828,N21,VIIRS,n,2.0NRT,301.49,5.82,D
26.24707,79.55503,333.7,0.33,0.55,2026-05-03,828,N21,VIIRS,n,2.0NRT,301.71,4.67,D
26.24777,80.00311,341.15,0.35,0.57,2026-05-03,828,N21,VIIRS,n,2.0NRT,302.72,4.05,D
26.24781,78.96568,335.22,0.6,0.53,2026-05-03,828,N21,VIIRS,l,2.0NRT,307.43,4.18,D
26.25212,79.55455,346.57,0.33,0.55,2026-05-03,828,N21,VIIRS,n,2.0NRT,302.33,4.67,D
26.25695,78.9586,342.18,0.6,0.53,2026-05-03,828,N21,VIIRS,n,2.0NRT,307.91,8.46,D
26.25717,79.55405,332.27,0.33,0.55,2026-05-03,828,N21,VIIRS,n,2.0NRT,300.66,2,D
26.25767,79.44636,349.84,0.32,0.55,2026-05-03,828,N21,VIIRS,n,2.0NRT,303.55,4.53,D
26.26054,78.95801,344.24,0.6,0.53,2026-05-03,828,N21,VIIRS,n,2.0NRT,308.34,6.53,D
26.2653,80.63917,334.78,0.38,0.59,2026-05-03,828,N21,VIIRS,n,2.0NRT,304.32,3.93,D
26.28151,78.26758,335.48,0.54,0.51,2026-05-03,828,N21,VIIRS,l,2.0NRT,309.08,9.84,D
26.28183,79.43392,338.54,0.32,0.55,2026-05-03,828,N21,VIIRS,n,2.0NRT,301.7,6.66,D
26.28608,79.3708,342.72,0.63,0.54,2026-05-03,828,N21,VIIRS,n,2.0NRT,305.39,7.9,D
26.30155,79.42844,335.18,0.32,0.55,2026-05-03,828,N21,VIIRS,n,2.0NRT,302.72,2.4,D
26.31066,81.49321,342.56,0.43,0.62,2026-05-03,828,N21,VIIRS,n,2.0NRT,298.77,7.92,D
26.31364,80.82497,335.21,0.39,0.6,2026-05-03,828,N21,VIIRS,n,2.0NRT,303.62,1.92,D
26.31669,78.19803,336.35,0.54,0.5,2026-05-03,828,N21,VIIRS,l,2.0NRT,310.8,9.34,D
26.32922,81.66354,330.84,0.44,0.63,2026-05-03,828,N21,VIIRS,n,2.0NRT,294.37,2.08,D
26.34147,78.31876,337.64,0.55,0.51,2026-05-03,828,N21,VIIRS,l,2.0NRT,308.71,6.67,D
26.34199,78.32423,345.03,0.55,0.51,2026-05-03,828,N21,VIIRS,n,2.0NRT,310.65,10.69,D
26.34509,79.63373,340.64,0.33,0.55,2026-05-03,828,N21,VIIRS,n,2.0NRT,303.85,3.66,D
26.34771,78.33456,346.68,0.55,0.51,2026-05-03,828,N21,VIIRS,n,2.0NRT,311.38,7.45,D
26.34824,78.34004,344.16,0.55,0.51,2026-05-03,828,N21,VIIRS,n,2.0NRT,310.52,7.45,D
26.35238,78.33401,340.8,0.55,0.51,2026-05-03,828,N21,VIIRS,n,2.0NRT,309.84,7.45,D
26.35322,80.61837,335.23,0.38,0.59,2026-05-03,828,N21,VIIRS,n,2.0NRT,304.25,4.77,D
26.37856,81.14686,335.47,0.41,0.61,2026-05-03,828,N21,VIIRS,n,2.0NRT,299.68,3.15,D
26.38545,80.94958,339.47,0.4,0.6,2026-05-03,828,N21,VIIRS,n,2.0NRT,301.77,3.49,D
26.40095,80.73345,367,0.39,0.59,2026-05-03,828,N21,VIIRS,h,2.0NRT,303.45,12.76,D
26.41267,81.15173,337.67,0.41,0.61,2026-05-03,828,N21,VIIRS,n,2.0NRT,301.52,4.97,D
26.41393,78.28793,335.19,0.54,0.51,2026-05-03,828,N21,VIIRS,l,2.0NRT,308.5,5.82,D
26.41685,78.28506,343.79,0.54,0.51,2026-05-03,828,N21,VIIRS,n,2.0NRT,308.81,7.88,D
26.41736,78.29051,343.36,0.54,0.51,2026-05-03,828,N21,VIIRS,n,2.0NRT,308.04,7.88,D
26.41859,78.28735,350.6,0.54,0.51,2026-05-03,828,N21,VIIRS,n,2.0NRT,308.97,11.51,D
26.43421,81.57888,335.93,0.44,0.62,2026-05-03,828,N21,VIIRS,n,2.0NRT,296.12,3.59,D
26.44618,80.72683,332.54,0.39,0.59,2026-05-03,828,N21,VIIRS,n,2.0NRT,301.24,1.32,D
26.44896,80.23543,340.71,0.36,0.57,2026-05-03,828,N21,VIIRS,n,2.0NRT,305.33,4.67,D
26.45903,81.10821,367,0.41,0.61,2026-05-03,828,N21,VIIRS,h,2.0NRT,303.52,7.65,D
26.45934,81.11231,352.84,0.41,0.61,2026-05-03,828,N21,VIIRS,n,2.0NRT,301.95,7.65,D
26.45983,81.1097,367,0.41,0.61,2026-05-03,828,N21,VIIRS,h,2.0NRT,303.33,14.8,D
26.46735,81.07015,353.76,0.41,0.61,2026-05-03,828,N21,VIIRS,n,2.0NRT,303.26,5.81,D
26.47441,78.64523,337.36,0.57,0.52,2026-05-03,828,N21,VIIRS,l,2.0NRT,308.81,7.58,D
26.49404,78.64865,343.9,0.57,0.52,2026-05-03,828,N21,VIIRS,n,2.0NRT,308.4,9.49,D
26.50042,78.46442,337.08,0.56,0.51,2026-05-03,828,N21,VIIRS,l,2.0NRT,309.42,11.02,D
26.50139,79.39534,338.39,0.32,0.55,2026-05-03,828,N21,VIIRS,n,2.0NRT,305.01,3.61,D
26.52425,78.51265,346.82,0.56,0.52,2026-05-03,828,N21,VIIRS,n,2.0NRT,310.02,11.85,D
26.52873,80.73006,352.8,0.39,0.59,2026-05-03,828,N21,VIIRS,n,2.0NRT,302.34,5.9,D
26.53033,80.73044,344.22,0.39,0.59,2026-05-03,828,N21,VIIRS,n,2.0NRT,301.85,3.2,D
26.53214,77.05867,343.22,0.46,0.47,2026-05-03,828,N21,VIIRS,n,2.0NRT,310.13,9.42,D
26.53983,78.47665,336.56,0.56,0.52,2026-05-03,828,N21,VIIRS,l,2.0NRT,309.27,4.61,D
26.55812,78.40039,343.68,0.56,0.51,2026-05-03,828,N21,VIIRS,n,2.0NRT,310.95,11.34,D
26.5615,78.84698,348.01,0.59,0.53,2026-05-03,828,N21,VIIRS,n,2.0NRT,305.65,10.62,D
26.6496,78.80653,345.7,0.59,0.53,2026-05-03,828,N21,VIIRS,n,2.0NRT,305.35,10.35,D
26.65387,78.80004,334.17,0.59,0.53,2026-05-03,828,N21,VIIRS,l,2.0NRT,305,6.98,D
26.65443,78.80595,346.49,0.59,0.53,2026-05-03,828,N21,VIIRS,n,2.0NRT,305.12,6.98,D
26.73066,80.30934,346.95,0.37,0.58,2026-05-03,828,N21,VIIRS,n,2.0NRT,305.55,5.61,D
26.77895,79.10148,343.01,0.62,0.54,2026-05-03,828,N21,VIIRS,n,2.0NRT,307.56,14.66,D
26.78668,79.40937,343.18,0.32,0.55,2026-05-03,828,N21,VIIRS,n,2.0NRT,304.33,3.63,D
26.80815,78.38311,344.2,0.56,0.51,2026-05-03,828,N21,VIIRS,n,2.0NRT,303.21,8,D
26.81229,79.08517,338.01,0.62,0.54,2026-05-03,828,N21,VIIRS,n,2.0NRT,306.98,6.44,D
26.85514,80.33691,335.04,0.37,0.58,2026-05-03,828,N21,VIIRS,l,2.0NRT,306.26,2.53,D
26.99698,80.25067,339.63,0.37,0.58,2026-05-03,828,N21,VIIRS,n,2.0NRT,304.14,3.64,D
27.06007,80.0543,351.56,0.36,0.57,2026-05-03,828,N21,VIIRS,n,2.0NRT,305.84,7.3,D
27.21238,84.04973,337.69,0.64,0.72,2026-05-03,828,N21,VIIRS,n,2.0NRT,290.2,7.97,D
27.35719,77.67416,337.96,0.51,0.49,2026-05-03,828,N21,VIIRS,n,2.0NRT,306.71,9.1,D
27.39826,77.37079,342.67,0.49,0.49,2026-05-03,828,N21,VIIRS,n,2.0NRT,304.82,4.29,D
27.39945,77.37231,346.46,0.49,0.49,2026-05-03,828,N21,VIIRS,n,2.0NRT,304.57,6.32,D
27.40271,77.37022,338.93,0.49,0.49,2026-05-03,828,N21,VIIRS,n,2.0NRT,304.4,1.74,D
27.41253,82.4541,338.37,0.51,0.66,2026-05-03,828,N21,VIIRS,n,2.0NRT,295.24,6.15,D
27.42597,78.44878,344.21,0.57,0.52,2026-05-03,828,N21,VIIRS,n,2.0NRT,300.68,9.63,D
27.57103,77.44188,338.42,0.5,0.49,2026-05-03,828,N21,VIIRS,n,2.0NRT,302.74,3.04,D
27.58893,81.17162,343.22,0.43,0.62,2026-05-03,828,N21,VIIRS,n,2.0NRT,297.6,5.03,D
27.67956,77.45607,337.4,0.5,0.49,2026-05-03,828,N21,VIIRS,n,2.0NRT,301.6,3.04,D
27.72393,77.57961,341.62,0.51,0.49,2026-05-03,828,N21,VIIRS,n,2.0NRT,304.01,5.72,D
27.73899,77.45872,330.23,0.5,0.49,2026-05-03,828,N21,VIIRS,l,2.0NRT,301.16,1.57,D
27.7397,77.39607,339.37,0.5,0.49,2026-05-03,828,N21,VIIRS,n,2.0NRT,301.2,3.73,D
27.80056,78.26011,344.55,0.56,0.52,2026-05-03,828,N21,VIIRS,n,2.0NRT,302.93,7.35,D
27.80188,78.25955,341.7,0.56,0.52,2026-05-03,828,N21,VIIRS,n,2.0NRT,302.02,7.03,D
27.84699,77.49268,345.2,0.51,0.49,2026-05-03,828,N21,VIIRS,n,2.0NRT,303.55,7.82,D
27.84975,77.49496,341.08,0.51,0.49,2026-05-03,828,N21,VIIRS,n,2.0NRT,303.61,8.85,D
27.86283,80.0096,338.77,0.36,0.58,2026-05-03,828,N21,VIIRS,n,2.0NRT,298.43,5.02,D
27.86321,80.00986,340.7,0.36,0.58,2026-05-03,828,N21,VIIRS,n,2.0NRT,298.77,5.38,D
27.86841,80.01271,367,0.36,0.58,2026-05-03,828,N21,VIIRS,h,2.0NRT,300.8,13.7,D
27.9187,79.91163,335.24,0.36,0.57,2026-05-03,828,N21,VIIRS,n,2.0NRT,298.44,2.61,D
27.97276,77.54737,343.44,0.51,0.49,2026-05-03,828,N21,VIIRS,n,2.0NRT,302.74,7.77,D
28.00532,79.43627,339.15,0.33,0.56,2026-05-03,828,N21,VIIRS,n,2.0NRT,297.39,2.97,D
28.12874,77.5315,342.06,0.51,0.5,2026-05-03,828,N21,VIIRS,n,2.0NRT,301.46,4.45,D
28.13571,79.4408,331.68,0.34,0.56,2026-05-03,828,N21,VIIRS,n,2.0NRT,297.41,1.14,D
28.13617,79.97439,330.05,0.36,0.58,2026-05-03,828,N21,VIIRS,n,2.0NRT,297.08,5.62,D
28.14343,79.68234,332.61,0.35,0.57,2026-05-03,828,N21,VIIRS,n,2.0NRT,298.83,2.65,D
28.14649,81.33633,331.88,0.44,0.62,2026-05-03,828,N21,VIIRS,n,2.0NRT,297.01,3.43,D
28.15435,80.06602,332.3,0.37,0.58,2026-05-03,828,N21,VIIRS,n,2.0NRT,296.52,2.3,D
28.1808,77.68233,342.82,0.52,0.5,2026-05-03,828,N21,VIIRS,n,2.0NRT,304.31,6.17,D
28.18089,77.68447,335.39,0.52,0.5,2026-05-03,828,N21,VIIRS,n,2.0NRT,303.81,7.31,D
28.20034,76.87492,344.19,0.47,0.48,2026-05-03,828,N21,VIIRS,n,2.0NRT,306.54,18.27,D
28.20123,76.87201,331.86,0.47,0.48,2026-05-03,828,N21,VIIRS,n,2.0NRT,301.78,1.09,D
28.25225,76.47581,338.76,0.44,0.46,2026-05-03,828,N21,VIIRS,n,2.0NRT,305.51,3.71,D
28.26266,77.41557,337.83,0.51,0.49,2026-05-03,828,N21,VIIRS,n,2.0NRT,303.1,5.91,D
28.2655,77.41759,332.47,0.51,0.49,2026-05-03,828,N21,VIIRS,n,2.0NRT,302.42,3.64,D
28.26875,80.59196,330.6,0.4,0.6,2026-05-03,828,N21,VIIRS,n,2.0NRT,296.37,2.65,D
28.30175,77.48919,336.84,0.51,0.49,2026-05-03,828,N21,VIIRS,n,2.0NRT,299.05,4.66,D
28.42495,70.56802,341.43,0.39,0.36,2026-05-03,828,N21,VIIRS,l,2.0NRT,316.13,7.07,D
28.46922,76.58031,341.33,0.45,0.47,2026-05-03,828,N21,VIIRS,n,2.0NRT,303.92,11.33,D
28.4697,76.58493,367,0.45,0.47,2026-05-03,828,N21,VIIRS,h,2.0NRT,306.91,11.33,D
28.47019,76.58954,344.81,0.45,0.47,2026-05-03,828,N21,VIIRS,n,2.0NRT,304.36,7.36,D
28.4786,76.5046,347.16,0.45,0.47,2026-05-03,828,N21,VIIRS,n,2.0NRT,303.5,8.5,D
28.49083,76.5094,343.65,0.45,0.47,2026-05-03,828,N21,VIIRS,n,2.0NRT,302.86,6.49,D
28.4924,76.51204,343.78,0.45,0.47,2026-05-03,828,N21,VIIRS,n,2.0NRT,303.88,16.17,D
28.49256,76.76189,333.86,0.47,0.47,2026-05-03,828,N21,VIIRS,l,2.0NRT,304.54,2.45,D
28.49511,76.50883,344.49,0.45,0.47,2026-05-03,828,N21,VIIRS,n,2.0NRT,303.64,9.29,D
28.50808,76.78387,350.46,0.47,0.47,2026-05-03,828,N21,VIIRS,n,2.0NRT,304.28,13.83,D
28.51528,76.76849,336.12,0.47,0.47,2026-05-03,828,N21,VIIRS,n,2.0NRT,301.17,5.77,D
28.51631,76.76569,338.24,0.47,0.47,2026-05-03,828,N21,VIIRS,n,2.0NRT,301.27,6.01,D
28.52128,76.82558,332,0.47,0.48,2026-05-03,828,N21,VIIRS,n,2.0NRT,301.81,2.43,D
28.52865,76.85372,340.58,0.47,0.48,2026-05-03,828,N21,VIIRS,n,2.0NRT,299.15,4.9,D
28.52916,76.8585,367,0.47,0.48,2026-05-03,828,N21,VIIRS,h,2.0NRT,299.77,10.56,D
28.52958,76.85587,354.2,0.47,0.48,2026-05-03,828,N21,VIIRS,n,2.0NRT,300.79,11.75,D
28.52966,76.8633,346.67,0.47,0.48,2026-05-03,828,N21,VIIRS,n,2.0NRT,302.62,10.56,D
28.53005,76.86066,353.17,0.47,0.48,2026-05-03,828,N21,VIIRS,n,2.0NRT,301.63,14.29,D
28.54104,76.70493,339.11,0.46,0.47,2026-05-03,828,N21,VIIRS,n,2.0NRT,301.33,5.12,D
28.54421,76.82476,342.83,0.47,0.48,2026-05-03,828,N21,VIIRS,n,2.0NRT,301.58,8.12,D
28.54831,76.64695,352.9,0.46,0.47,2026-05-03,828,N21,VIIRS,n,2.0NRT,302.48,9.73,D
28.5627,76.70203,337.48,0.46,0.47,2026-05-03,828,N21,VIIRS,n,2.0NRT,301.92,1.35,D
28.59272,76.82316,332.46,0.47,0.48,2026-05-03,828,N21,VIIRS,n,2.0NRT,302.23,4.26,D
28.59328,80.39269,347.91,0.39,0.59,2026-05-03,828,N21,VIIRS,n,2.0NRT,295.09,7.5,D
28.59472,76.42606,332.35,0.45,0.47,2026-05-03,828,N21,VIIRS,l,2.0NRT,303.19,5.22,D
28.61226,76.88402,347.78,0.47,0.48,2026-05-03,828,N21,VIIRS,n,2.0NRT,302.54,8.81,D
28.61664,76.88345,339.21,0.47,0.48,2026-05-03,828,N21,VIIRS,n,2.0NRT,302.13,8.81,D
28.63164,76.89463,332.21,0.48,0.48,2026-05-03,828,N21,VIIRS,n,2.0NRT,300.92,2.4,D
28.636,76.45543,338.74,0.45,0.47,2026-05-03,828,N21,VIIRS,n,2.0NRT,301.84,3.53,D
28.6398,76.45029,350.29,0.45,0.47,2026-05-03,828,N21,VIIRS,n,2.0NRT,304.37,6.75,D
28.64407,76.4497,348.01,0.45,0.47,2026-05-03,828,N21,VIIRS,n,2.0NRT,302.88,6.75,D
28.64454,76.45427,331.36,0.45,0.47,2026-05-03,828,N21,VIIRS,l,2.0NRT,302.68,6.75,D
28.66497,76.48394,332.46,0.45,0.47,2026-05-03,828,N21,VIIRS,l,2.0NRT,302.74,3.44,D
28.66718,76.14287,341.14,0.43,0.46,2026-05-03,828,N21,VIIRS,n,2.0NRT,303.18,4.16,D
28.66783,76.1396,333.04,0.43,0.46,2026-05-03,828,N21,VIIRS,n,2.0NRT,302.8,4.2,D
28.66925,76.48338,339.59,0.45,0.47,2026-05-03,828,N21,VIIRS,n,2.0NRT,302.49,3.22,D
28.66962,76.40468,344.87,0.45,0.47,2026-05-03,828,N21,VIIRS,n,2.0NRT,304.36,5.66,D
28.67739,76.51958,343.48,0.45,0.47,2026-05-03,828,N21,VIIRS,n,2.0NRT,301.46,4.39,D
28.68575,76.72704,345.61,0.47,0.47,2026-05-03,828,N21,VIIRS,n,2.0NRT,303.36,5.3,D
28.68937,76.55077,343.06,0.45,0.47,2026-05-03,828,N21,VIIRS,n,2.0NRT,303.81,6.37,D
28.69946,76.49499,367,0.45,0.47,2026-05-03,828,N21,VIIRS,h,2.0NRT,302.31,10.01,D
28.69993,76.4996,338.6,0.45,0.47,2026-05-03,828,N21,VIIRS,n,2.0NRT,300.64,4.03,D
28.70068,76.49312,345.17,0.45,0.47,2026-05-03,828,N21,VIIRS,n,2.0NRT,301.6,13.49,D
28.70117,76.49772,349.74,0.45,0.47,2026-05-03,828,N21,VIIRS,n,2.0NRT,301.68,6.48,D
28.70166,76.50233,331.44,0.45,0.47,2026-05-03,828,N21,VIIRS,n,2.0NRT,300.33,6.48,D
28.70329,76.48979,345.15,0.45,0.47,2026-05-03,828,N21,VIIRS,n,2.0NRT,301,10.01,D
28.70375,76.4944,350.26,0.45,0.47,2026-05-03,828,N21,VIIRS,n,2.0NRT,301.38,10.01,D
28.70416,79.02776,331.09,0.32,0.55,2026-05-03,828,N21,VIIRS,n,2.0NRT,295.16,3.52,D
28.70421,76.49902,333.58,0.45,0.47,2026-05-03,828,N21,VIIRS,n,2.0NRT,300.61,4.03,D
28.70467,76.50363,335.12,0.45,0.47,2026-05-03,828,N21,VIIRS,n,2.0NRT,300.31,4.03,D
28.70497,76.49255,367,0.45,0.47,2026-05-03,828,N21,VIIRS,h,2.0NRT,301.6,18.44,D
28.70545,76.49715,367,0.45,0.47,2026-05-03,828,N21,VIIRS,h,2.0NRT,301.96,9.49,D
28.7056,76.51286,342.3,0.45,0.47,2026-05-03,828,N21,VIIRS,n,2.0NRT,301.42,8.39,D
28.70595,76.50175,350.11,0.45,0.47,2026-05-03,828,N21,VIIRS,n,2.0NRT,300.58,9.49,D
28.70605,76.51747,335.64,0.45,0.47,2026-05-03,828,N21,VIIRS,n,2.0NRT,301.13,3.36,D
28.70644,76.50635,337.68,0.45,0.47,2026-05-03,828,N21,VIIRS,n,2.0NRT,301.03,3.63,D
28.70693,76.51096,338.52,0.45,0.47,2026-05-03,828,N21,VIIRS,n,2.0NRT,301.24,3.63,D
28.70742,76.51555,340.39,0.45,0.47,2026-05-03,828,N21,VIIRS,n,2.0NRT,301.64,6.52,D
28.70804,76.49383,348,0.45,0.47,2026-05-03,828,N21,VIIRS,n,2.0NRT,301.76,14.11,D
28.7085,76.49844,367,0.45,0.47,2026-05-03,828,N21,VIIRS,h,2.0NRT,301.76,16.8,D
28.70974,76.49657,347.15,0.45,0.47,2026-05-03,828,N21,VIIRS,n,2.0NRT,301.09,9.49,D
28.71404,76.55392,340.31,0.46,0.47,2026-05-03,828,N21,VIIRS,n,2.0NRT,300.63,4.6,D
28.71566,76.55192,335.82,0.45,0.47,2026-05-03,828,N21,VIIRS,n,2.0NRT,300.41,4.73,D
28.72024,76.80467,336.97,0.47,0.48,2026-05-03,828,N21,VIIRS,n,2.0NRT,302,5.27,D
28.72311,76.78972,337.71,0.47,0.48,2026-05-03,828,N21,VIIRS,n,2.0NRT,301.58,14.68,D
28.72361,76.79451,354.34,0.47,0.48,2026-05-03,828,N21,VIIRS,n,2.0NRT,304.72,14.68,D
28.72411,76.7993,338.26,0.47,0.48,2026-05-03,828,N21,VIIRS,n,2.0NRT,301.91,5.27,D
28.72848,76.79873,336.82,0.47,0.48,2026-05-03,828,N21,VIIRS,n,2.0NRT,301.2,5.29,D
28.73806,76.76353,343.76,0.47,0.48,2026-05-03,828,N21,VIIRS,n,2.0NRT,302.04,6.47,D
28.73936,76.76541,346.28,0.47,0.48,2026-05-03,828,N21,VIIRS,n,2.0NRT,301.97,10.3,D
28.73985,76.55041,341.51,0.46,0.47,2026-05-03,828,N21,VIIRS,n,2.0NRT,299.71,4.57,D
28.74,76.9099,342.34,0.48,0.48,2026-05-03,828,N21,VIIRS,n,2.0NRT,300.09,4.62,D
28.74033,76.91212,341.77,0.48,0.48,2026-05-03,828,N21,VIIRS,n,2.0NRT,300.34,6.08,D
28.74079,76.55972,344.66,0.46,0.47,2026-05-03,828,N21,VIIRS,n,2.0NRT,301.02,8.94,D
28.74126,76.56437,341.56,0.46,0.47,2026-05-03,828,N21,VIIRS,n,2.0NRT,300.73,8.94,D
28.74174,76.56902,336.53,0.46,0.47,2026-05-03,828,N21,VIIRS,n,2.0NRT,299.97,2.69,D
28.74331,76.89689,336.67,0.48,0.48,2026-05-03,828,N21,VIIRS,n,2.0NRT,299.52,2.97,D
28.74466,76.77439,331.39,0.47,0.48,2026-05-03,828,N21,VIIRS,n,2.0NRT,299.49,1.85,D
28.75851,76.87023,339.88,0.48,0.48,2026-05-03,828,N21,VIIRS,n,2.0NRT,299.54,4.97,D
28.76013,76.79663,332.51,0.47,0.48,2026-05-03,828,N21,VIIRS,n,2.0NRT,300.54,16.91,D
28.7606,76.80144,345.3,0.47,0.48,2026-05-03,828,N21,VIIRS,n,2.0NRT,304.14,16.91,D
28.77041,76.46672,354.01,0.45,0.47,2026-05-03,828,N21,VIIRS,n,2.0NRT,301.92,10.67,D
28.77089,76.47131,346.13,0.45,0.47,2026-05-03,828,N21,VIIRS,n,2.0NRT,301.35,10.72,D
28.77185,76.48052,343.44,0.45,0.47,2026-05-03,828,N21,VIIRS,n,2.0NRT,302.25,6.87,D
28.77897,76.46556,334.88,0.45,0.47,2026-05-03,828,N21,VIIRS,n,2.0NRT,300.81,4.51,D
28.79404,77.00463,330.67,0.49,0.48,2026-05-03,828,N21,VIIRS,n,2.0NRT,299.57,2.64,D
28.79453,77.00958,343.22,0.49,0.48,2026-05-03,828,N21,VIIRS,n,2.0NRT,300.36,7.55,D
28.80088,71.12174,342.47,0.4,0.37,2026-05-03,828,N21,VIIRS,n,2.0NRT,312.58,5.3,D
28.80373,76.7037,338.07,0.47,0.47,2026-05-03,828,N21,VIIRS,n,2.0NRT,300.41,2.04,D
28.8058,81.37622,330.73,0.45,0.63,2026-05-03,828,N21,VIIRS,n,2.0NRT,295.57,4.37,D
28.80656,81.37706,342.15,0.45,0.63,2026-05-03,828,N21,VIIRS,n,2.0NRT,296,4.82,D
28.8077,76.50541,343.95,0.45,0.47,2026-05-03,828,N21,VIIRS,n,2.0NRT,302.08,6.83,D
28.80845,76.45692,335.33,0.45,0.47,2026-05-03,828,N21,VIIRS,n,2.0NRT,302.16,4.16,D
28.80907,76.50356,342.8,0.45,0.47,2026-05-03,828,N21,VIIRS,n,2.0NRT,302.52,8.01,D
28.81073,75.9929,342.28,0.42,0.45,2026-05-03,828,N21,VIIRS,n,2.0NRT,304.27,3.97,D
28.81399,76.3101,332.08,0.44,0.46,2026-05-03,828,N21,VIIRS,l,2.0NRT,303.59,3.71,D
28.81612,77.23107,343.88,0.5,0.49,2026-05-03,828,N21,VIIRS,n,2.0NRT,299,7.97,D
28.81618,77.00172,346.24,0.49,0.48,2026-05-03,828,N21,VIIRS,n,2.0NRT,301.04,8.94,D
28.82812,76.32188,334.12,0.44,0.46,2026-05-03,828,N21,VIIRS,n,2.0NRT,303.49,5.35,D
28.82858,76.32639,335.47,0.44,0.46,2026-05-03,828,N21,VIIRS,n,2.0NRT,302.79,3.37,D
28.83706,75.96297,332.44,0.42,0.45,2026-05-03,828,N21,VIIRS,l,2.0NRT,303.7,2.04,D
28.83924,76.47301,338.41,0.45,0.47,2026-05-03,828,N21,VIIRS,n,2.0NRT,301.5,2.5,D
28.84947,77.1547,330.86,0.5,0.49,2026-05-03,828,N21,VIIRS,n,2.0NRT,299.69,3,D
28.85144,79.63856,367,0.35,0.57,2026-05-03,828,N21,VIIRS,h,2.0NRT,292.23,9.32,D
28.86521,76.73128,337.4,0.47,0.48,2026-05-03,828,N21,VIIRS,n,2.0NRT,300,6.3,D
28.87019,79.07568,338.49,0.33,0.55,2026-05-03,828,N21,VIIRS,n,2.0NRT,295.45,3.16,D
28.87345,76.34322,344.83,0.44,0.46,2026-05-03,828,N21,VIIRS,n,2.0NRT,303.91,7.56,D
28.87523,79.07511,330.88,0.33,0.55,2026-05-03,828,N21,VIIRS,n,2.0NRT,295.69,2.8,D
28.88388,76.36021,354.88,0.45,0.47,2026-05-03,828,N21,VIIRS,n,2.0NRT,306.17,20.51,D
28.88507,76.70929,335.99,0.47,0.48,2026-05-03,828,N21,VIIRS,n,2.0NRT,300.86,6.6,D
28.8876,79.5493,333.31,0.35,0.57,2026-05-03,828,N21,VIIRS,n,2.0NRT,292.17,4.73,D
28.89674,78.96933,337.18,0.32,0.55,2026-05-03,828,N21,VIIRS,n,2.0NRT,297.38,1.38,D
28.89789,76.49323,332.97,0.45,0.47,2026-05-03,828,N21,VIIRS,n,2.0NRT,301.99,2.88,D
28.89983,76.51176,335.35,0.45,0.47,2026-05-03,828,N21,VIIRS,n,2.0NRT,302.15,4.21,D
28.90271,79.22134,332.62,0.33,0.55,2026-05-03,828,N21,VIIRS,n,2.0NRT,295.23,1.76,D
28.90723,79.21399,346.56,0.33,0.55,2026-05-03,828,N21,VIIRS,n,2.0NRT,296.8,5.37,D
28.90899,76.15015,343.17,0.43,0.46,2026-05-03,828,N21,VIIRS,n,2.0NRT,303.48,7.22,D
28.91144,79.39043,337.26,0.34,0.56,2026-05-03,828,N21,VIIRS,n,2.0NRT,294.12,2.68,D
28.91154,76.25831,337.58,0.44,0.46,2026-05-03,828,N21,VIIRS,n,2.0NRT,303.63,3.07,D
28.9187,79.10725,340.39,0.33,0.55,2026-05-03,828,N21,VIIRS,n,2.0NRT,295.09,3.42,D
28.92311,79.28109,330.47,0.34,0.56,2026-05-03,828,N21,VIIRS,n,2.0NRT,295.47,1.51,D
28.92371,79.35054,333.46,0.34,0.56,2026-05-03,828,N21,VIIRS,n,2.0NRT,294.55,2.46,D
28.92443,76.13456,367,0.43,0.46,2026-05-03,828,N21,VIIRS,h,2.0NRT,305.05,7.56,D
28.92478,79.23949,336.07,0.33,0.56,2026-05-03,828,N21,VIIRS,n,2.0NRT,295.13,2.53,D
28.9249,76.13898,335.61,0.43,0.46,2026-05-03,828,N21,VIIRS,n,2.0NRT,304.65,7.56,D
28.92498,76.52081,337.74,0.46,0.47,2026-05-03,828,N21,VIIRS,n,2.0NRT,302.36,3.28,D
28.92662,76.51759,343.06,0.46,0.47,2026-05-03,828,N21,VIIRS,n,2.0NRT,302.32,5.79,D
28.93676,79.13909,331.91,0.33,0.55,2026-05-03,828,N21,VIIRS,n,2.0NRT,295,2.09,D
28.93954,77.16617,331.79,0.5,0.49,2026-05-03,828,N21,VIIRS,n,2.0NRT,298.49,5.49,D
28.94499,76.12724,343.2,0.43,0.46,2026-05-03,828,N21,VIIRS,n,2.0NRT,303.51,3.92,D
28.94846,76.49405,342.25,0.45,0.47,2026-05-03,828,N21,VIIRS,n,2.0NRT,302.28,3.68,D
28.95261,76.57874,339.04,0.46,0.47,2026-05-03,828,N21,VIIRS,n,2.0NRT,301.68,4.56,D
28.95697,76.93556,332.94,0.48,0.48,2026-05-03,828,N21,VIIRS,n,2.0NRT,301.22,1.63,D
28.95748,76.76127,343.32,0.47,0.48,2026-05-03,828,N21,VIIRS,n,2.0NRT,301.8,7.97,D
28.95934,79.34315,330.59,0.34,0.56,2026-05-03,828,N21,VIIRS,n,2.0NRT,295.42,4.2,D
28.95963,79.3466,335.39,0.34,0.56,2026-05-03,828,N21,VIIRS,n,2.0NRT,295.91,3.85,D
28.96054,76.70252,340.82,0.47,0.48,2026-05-03,828,N21,VIIRS,n,2.0NRT,300.75,4.63,D
28.96355,76.64422,343.25,0.46,0.47,2026-05-03,828,N21,VIIRS,n,2.0NRT,302.63,7.79,D
28.97228,76.59996,336.05,0.46,0.47,2026-05-03,828,N21,VIIRS,n,2.0NRT,301.36,1.89,D
28.97509,76.67159,341.52,0.47,0.47,2026-05-03,828,N21,VIIRS,n,2.0NRT,301.12,4.91,D
28.97747,77.75725,336,0.54,0.51,2026-05-03,828,N21,VIIRS,n,2.0NRT,300.42,6.15,D
28.98186,76.6514,337.67,0.46,0.47,2026-05-03,828,N21,VIIRS,n,2.0NRT,300.89,3.68,D
28.98234,76.65614,331.49,0.46,0.47,2026-05-03,828,N21,VIIRS,l,2.0NRT,301.59,5,D
28.98461,79.11246,331.36,0.33,0.55,2026-05-03,828,N21,VIIRS,n,2.0NRT,295.75,0.82,D
28.98491,76.22099,343.49,0.44,0.46,2026-05-03,828,N21,VIIRS,n,2.0NRT,302.72,2.52,D
28.99167,76.9748,330.99,0.49,0.48,2026-05-03,828,N21,VIIRS,n,2.0NRT,299.8,1.42,D
28.99341,76.76627,338.51,0.47,0.48,2026-05-03,828,N21,VIIRS,n,2.0NRT,300.28,8.83,D
28.99384,76.22431,350.69,0.44,0.46,2026-05-03,828,N21,VIIRS,n,2.0NRT,304.23,13,D
28.99409,76.22556,346.08,0.44,0.46,2026-05-03,828,N21,VIIRS,n,2.0NRT,303.84,5.53,D
28.99872,76.10302,340.63,0.43,0.46,2026-05-03,828,N21,VIIRS,n,2.0NRT,303.64,4.16,D
29.00814,76.2373,345.79,0.44,0.46,2026-05-03,828,N21,VIIRS,n,2.0NRT,303.16,5.64,D
29.00892,76.28748,341.98,0.44,0.46,2026-05-03,828,N21,VIIRS,n,2.0NRT,301.9,6.33,D
29.00937,76.29202,343.73,0.44,0.46,2026-05-03,828,N21,VIIRS,n,2.0NRT,302.15,6.33,D
29.00944,76.88244,332.67,0.48,0.48,2026-05-03,828,N21,VIIRS,n,2.0NRT,301.04,2.91,D
29.00958,76.29064,351,0.44,0.46,2026-05-03,828,N21,VIIRS,n,2.0NRT,303.04,12.22,D
29.00993,76.88735,350.26,0.48,0.48,2026-05-03,828,N21,VIIRS,n,2.0NRT,303.13,12.85,D
29.01483,76.89169,349.45,0.48,0.48,2026-05-03,828,N21,VIIRS,n,2.0NRT,302.63,11.18,D
29.01752,79.13933,335.85,0.33,0.55,2026-05-03,828,N21,VIIRS,n,2.0NRT,298.29,2.82,D
29.01973,76.89601,333.24,0.48,0.48,2026-05-03,828,N21,VIIRS,n,2.0NRT,301.44,4.51,D
29.02263,76.53606,339.7,0.46,0.47,2026-05-03,828,N21,VIIRS,n,2.0NRT,302.32,4.5,D
29.0284,76.76164,354.02,0.47,0.48,2026-05-03,828,N21,VIIRS,n,2.0NRT,303.79,23.89,D
29.02889,76.76647,352.61,0.47,0.48,2026-05-03,828,N21,VIIRS,n,2.0NRT,302.42,8.67,D
29.03291,79.07995,344.55,0.33,0.55,2026-05-03,828,N21,VIIRS,n,2.0NRT,296.9,3.64,D
29.03327,76.7659,335.08,0.47,0.48,2026-05-03,828,N21,VIIRS,n,2.0NRT,302.15,8.67,D
29.03614,73.1445,345.32,0.46,0.39,2026-05-03,828,N21,VIIRS,l,2.0NRT,317.17,2.75,D
29.03764,76.76532,340.16,0.47,0.48,2026-05-03,828,N21,VIIRS,n,2.0NRT,302.31,7.28,D
29.03796,79.07941,339.37,0.33,0.55,2026-05-03,828,N21,VIIRS,n,2.0NRT,298.32,3.64,D
29.03814,76.77015,345.1,0.47,0.48,2026-05-03,828,N21,VIIRS,n,2.0NRT,303.52,7.28,D
29.04027,76.42693,331.08,0.45,0.47,2026-05-03,828,N21,VIIRS,l,2.0NRT,302.76,1.97,D
29.04166,76.44079,339.15,0.45,0.47,2026-05-03,828,N21,VIIRS,n,2.0NRT,303.21,4.78,D
29.04202,76.76475,339.41,0.47,0.48,2026-05-03,828,N21,VIIRS,n,2.0NRT,301.79,7.28,D
29.04241,76.72565,337.86,0.47,0.48,2026-05-03,828,N21,VIIRS,n,2.0NRT,301.43,4.58,D
29.04251,76.76958,343.87,0.47,0.48,2026-05-03,828,N21,VIIRS,n,2.0NRT,303.33,7.28,D
29.04364,76.72742,337.46,0.47,0.48,2026-05-03,828,N21,VIIRS,n,2.0NRT,301.6,3.62,D
29.04595,76.44021,342.78,0.45,0.47,2026-05-03,828,N21,VIIRS,n,2.0NRT,302.51,4.78,D
29.04639,76.76418,342.47,0.47,0.48,2026-05-03,828,N21,VIIRS,n,2.0NRT,303.52,6.75,D
29.04689,76.769,344.02,0.47,0.48,2026-05-03,828,N21,VIIRS,n,2.0NRT,303.23,6.75,D
29.04737,76.76602,343.4,0.47,0.48,2026-05-03,828,N21,VIIRS,n,2.0NRT,303.14,4.94,D
29.04783,76.77086,335.84,0.47,0.48,2026-05-03,828,N21,VIIRS,n,2.0NRT,302.11,4.94,D
29.04976,76.75395,333.18,0.47,0.48,2026-05-03,828,N21,VIIRS,n,2.0NRT,302.78,8.15,D
29.05027,76.75877,351.5,0.47,0.48,2026-05-03,828,N21,VIIRS,n,2.0NRT,303.69,8.15,D
29.05081,76.75578,345.64,0.47,0.48,2026-05-03,828,N21,VIIRS,n,2.0NRT,303.48,14.89,D
29.05128,76.7606,345.64,0.47,0.48,2026-05-03,828,N21,VIIRS,n,2.0NRT,304.35,14.89,D
29.05145,76.19946,341.82,0.44,0.46,2026-05-03,828,N21,VIIRS,n,2.0NRT,303.32,3.64,D
29.05266,76.42056,337.08,0.45,0.47,2026-05-03,828,N21,VIIRS,n,2.0NRT,302.21,6.24,D
29.05313,76.42517,344.27,0.45,0.47,2026-05-03,828,N21,VIIRS,n,2.0NRT,303.08,6.24,D
29.05414,76.75338,332.73,0.47,0.48,2026-05-03,828,N21,VIIRS,n,2.0NRT,303.19,8.67,D
29.05464,76.7582,367,0.47,0.48,2026-05-03,828,N21,VIIRS,h,2.0NRT,304.51,8.67,D
29.05474,76.14922,334.02,0.43,0.46,2026-05-03,828,N21,VIIRS,n,2.0NRT,302.73,2.84,D
29.05518,76.75519,336.83,0.47,0.48,2026-05-03,828,N21,VIIRS,n,2.0NRT,303.35,7.87,D
29.06457,76.40959,343.3,0.45,0.47,2026-05-03,828,N21,VIIRS,n,2.0NRT,304.28,9.21,D
29.07248,76.98168,345.16,0.49,0.48,2026-05-03,828,N21,VIIRS,n,2.0NRT,301.42,5.6,D
29.07295,76.97937,342.01,0.49,0.48,2026-05-03,828,N21,VIIRS,n,2.0NRT,300.73,7.3,D
29.08209,76.89499,343.08,0.48,0.48,2026-05-03,828,N21,VIIRS,n,2.0NRT,302.46,8.14,D
29.08257,76.89993,348.15,0.48,0.48,2026-05-03,828,N21,VIIRS,n,2.0NRT,303.29,11.34,D
29.08877,75.77573,338.64,0.41,0.45,2026-05-03,828,N21,VIIRS,n,2.0NRT,304.45,5.78,D
29.0938,75.78363,339.65,0.42,0.45,2026-05-03,828,N21,VIIRS,n,2.0NRT,305.29,4.55,D
29.09612,75.76608,346.16,0.41,0.45,2026-05-03,828,N21,VIIRS,n,2.0NRT,304.38,5.62,D
29.09702,75.77456,341.57,0.41,0.45,2026-05-03,828,N21,VIIRS,n,2.0NRT,303.61,9.79,D
29.09747,75.7788,350.01,0.41,0.45,2026-05-03,828,N21,VIIRS,n,2.0NRT,306.46,14.12,D
29.09899,75.63776,342.01,0.41,0.45,2026-05-03,828,N21,VIIRS,n,2.0NRT,304.67,4.63,D
29.09944,75.64193,337.21,0.41,0.45,2026-05-03,828,N21,VIIRS,n,2.0NRT,303.39,4.56,D
29.10308,75.63718,345.85,0.41,0.45,2026-05-03,828,N21,VIIRS,n,2.0NRT,304.26,4.63,D
29.1076,76.88165,339.3,0.48,0.48,2026-05-03,828,N21,VIIRS,n,2.0NRT,301.86,3.96,D
29.10779,70.28731,340.86,0.39,0.36,2026-05-03,828,N21,VIIRS,l,2.0NRT,313.65,4.34,D
29.11084,76.02647,335.63,0.43,0.46,2026-05-03,828,N21,VIIRS,n,2.0NRT,303.55,3.36,D
29.11491,79.09343,331.06,0.33,0.55,2026-05-03,828,N21,VIIRS,n,2.0NRT,296.7,2.51,D
29.12042,76.11916,338.19,0.43,0.46,2026-05-03,828,N21,VIIRS,n,2.0NRT,302.61,4.46,D
29.12435,76.24129,338.47,0.44,0.46,2026-05-03,828,N21,VIIRS,n,2.0NRT,303.11,6.18,D
29.12905,76.24524,343.17,0.44,0.46,2026-05-03,828,N21,VIIRS,n,2.0NRT,303.27,6.48,D
29.13273,76.28148,344.9,0.44,0.46,2026-05-03,828,N21,VIIRS,n,2.0NRT,304.69,13.69,D
29.13319,76.28603,367,0.44,0.46,2026-05-03,828,N21,VIIRS,h,2.0NRT,305.97,13.69,D
29.13652,76.27635,332.79,0.44,0.46,2026-05-03,828,N21,VIIRS,n,2.0NRT,302.49,2.51,D
29.13745,76.28545,344.8,0.44,0.46,2026-05-03,828,N21,VIIRS,n,2.0NRT,304.24,13.69,D
29.1388,73.51384,349.09,0.48,0.4,2026-05-03,828,N21,VIIRS,l,2.0NRT,321.76,12.61,D
29.14987,76.15577,340.58,0.44,0.46,2026-05-03,828,N21,VIIRS,n,2.0NRT,303,4.21,D
29.15842,76.81043,341.61,0.48,0.48,2026-05-03,828,N21,VIIRS,n,2.0NRT,302.14,8.19,D
29.15856,76.40808,352.92,0.45,0.47,2026-05-03,828,N21,VIIRS,n,2.0NRT,303.37,13.03,D
29.15886,76.81285,349.85,0.48,0.48,2026-05-03,828,N21,VIIRS,n,2.0NRT,303.65,7.06,D
29.15892,76.81532,336.75,0.48,0.48,2026-05-03,828,N21,VIIRS,n,2.0NRT,302.84,8.19,D
29.15933,76.81774,344.21,0.48,0.48,2026-05-03,828,N21,VIIRS,n,2.0NRT,303.36,7.06,D
29.15943,76.82021,347.73,0.48,0.48,2026-05-03,828,N21,VIIRS,n,2.0NRT,303.37,5.4,D
29.16097,76.38903,341.16,0.45,0.47,2026-05-03,828,N21,VIIRS,n,2.0NRT,302.89,4.94,D
29.16326,76.81227,343.2,0.48,0.48,2026-05-03,828,N21,VIIRS,n,2.0NRT,302.96,7.06,D
29.16332,76.81474,350.25,0.48,0.48,2026-05-03,828,N21,VIIRS,n,2.0NRT,304.48,8.19,D
29.16373,76.81716,340.27,0.48,0.48,2026-05-03,828,N21,VIIRS,n,2.0NRT,303.72,7.06,D
29.16382,76.81963,335.74,0.48,0.48,2026-05-03,828,N21,VIIRS,n,2.0NRT,303.7,5.4,D
29.16768,76.32758,336.71,0.45,0.47,2026-05-03,828,N21,VIIRS,n,2.0NRT,302.61,3.95,D
29.17147,76.1983,331.14,0.44,0.46,2026-05-03,828,N21,VIIRS,n,2.0NRT,303.02,3.17,D
29.17429,76.18423,349.32,0.44,0.46,2026-05-03,828,N21,VIIRS,n,2.0NRT,303.76,26.31,D
29.17476,76.18873,350.94,0.44,0.46,2026-05-03,828,N21,VIIRS,n,2.0NRT,309.22,26.31,D
29.17524,76.19323,367,0.44,0.46,2026-05-03,828,N21,VIIRS,h,2.0NRT,304.93,17.2,D
29.17616,76.90025,342.55,0.48,0.48,2026-05-03,828,N21,VIIRS,n,2.0NRT,302.71,6.82,D
29.17681,76.90261,337.22,0.48,0.48,2026-05-03,828,N21,VIIRS,n,2.0NRT,302.02,8.2,D
29.179,76.48076,342.14,0.46,0.47,2026-05-03,828,N21,VIIRS,n,2.0NRT,302.49,3.94,D
29.19431,76.45977,342.55,0.46,0.47,2026-05-03,828,N21,VIIRS,n,2.0NRT,302.78,7.33,D
29.19462,76.25464,341.5,0.44,0.46,2026-05-03,828,N21,VIIRS,n,2.0NRT,303.36,4.11,D
29.19509,76.25916,334.15,0.44,0.46,2026-05-03,828,N21,VIIRS,n,2.0NRT,303.48,4.11,D
29.19695,76.23596,333.64,0.44,0.46,2026-05-03,828,N21,VIIRS,n,2.0NRT,301.87,2.14,D
29.20537,76.56778,335.97,0.46,0.47,2026-05-03,828,N21,VIIRS,n,2.0NRT,301.45,4.07,D
29.20682,75.95773,336.11,0.43,0.46,2026-05-03,828,N21,VIIRS,n,2.0NRT,304.95,2.27,D
29.21099,75.95713,335.24,0.43,0.46,2026-05-03,828,N21,VIIRS,n,2.0NRT,304.86,2.27,D
29.22871,76.79868,342.2,0.48,0.48,2026-05-03,828,N21,VIIRS,n,2.0NRT,303.29,4.44,D
29.23333,76.58329,342.25,0.46,0.47,2026-05-03,828,N21,VIIRS,n,2.0NRT,303.06,7.16,D
29.23336,71.17743,339.81,0.4,0.37,2026-05-03,828,N21,VIIRS,l,2.0NRT,312.79,4.16,D
29.23393,71.1815,342.56,0.4,0.37,2026-05-03,828,N21,VIIRS,n,2.0NRT,312.32,4.16,D
29.2367,71.17681,339.66,0.4,0.37,2026-05-03,828,N21,VIIRS,l,2.0NRT,312.91,4.16,D
29.24,76.86685,341.99,0.48,0.48,2026-05-03,828,N21,VIIRS,n,2.0NRT,302.51,4.08,D
29.24023,73.1343,343.3,0.46,0.39,2026-05-03,828,N21,VIIRS,l,2.0NRT,317.22,8.34,D
29.24478,78.08495,341.51,0.57,0.52,2026-05-03,828,N21,VIIRS,n,2.0NRT,293.82,13.38,D
29.25527,76.65616,337.36,0.47,0.48,2026-05-03,828,N21,VIIRS,n,2.0NRT,301.75,1.84,D
29.25616,78.90582,331.83,0.32,0.55,2026-05-03,828,N21,VIIRS,n,2.0NRT,296.58,1.12,D
29.26608,76.90355,341.91,0.48,0.48,2026-05-03,828,N21,VIIRS,n,2.0NRT,302.04,6.98,D
29.26658,76.90852,342.32,0.48,0.48,2026-05-03,828,N21,VIIRS,n,2.0NRT,302.2,7,D
29.27033,76.40998,336.62,0.45,0.47,2026-05-03,828,N21,VIIRS,n,2.0NRT,302.38,3.15,D
29.2737,76.80119,330.86,0.48,0.48,2026-05-03,828,N21,VIIRS,l,2.0NRT,302.71,1.5,D
29.27682,76.7414,348.59,0.47,0.48,2026-05-03,828,N21,VIIRS,n,2.0NRT,303.81,6.73,D
29.28009,76.59466,340.92,0.46,0.47,2026-05-03,828,N21,VIIRS,n,2.0NRT,301.94,13.57,D
29.28056,76.59943,355.02,0.47,0.47,2026-05-03,828,N21,VIIRS,n,2.0NRT,304.99,13.57,D
29.2812,76.74082,337.06,0.47,0.48,2026-05-03,828,N21,VIIRS,n,2.0NRT,302.83,6.73,D
29.28218,76.48412,343.51,0.46,0.47,2026-05-03,828,N21,VIIRS,n,2.0NRT,304.26,15.29,D
29.28405,76.77007,343.93,0.48,0.48,2026-05-03,828,N21,VIIRS,n,2.0NRT,304.09,6.94,D
29.28678,73.62834,343.73,0.48,0.4,2026-05-03,828,N21,VIIRS,l,2.0NRT,314.15,10.5,D
29.28867,76.86408,347.03,0.48,0.48,2026-05-03,828,N21,VIIRS,n,2.0NRT,302.86,7.61,D
29.2907,76.14806,335.6,0.44,0.46,2026-05-03,828,N21,VIIRS,n,2.0NRT,304.49,5.95,D
29.29465,76.47769,336.2,0.46,0.47,2026-05-03,828,N21,VIIRS,n,2.0NRT,302.57,4.48,D
29.29513,76.48238,337.19,0.46,0.47,2026-05-03,828,N21,VIIRS,n,2.0NRT,302.86,4.48,D
29.29569,76.79828,349.16,0.48,0.48,2026-05-03,828,N21,VIIRS,n,2.0NRT,303.9,10.36,D
29.29581,76.93867,342.05,0.49,0.48,2026-05-03,828,N21,VIIRS,n,2.0NRT,301.99,11.8,D
29.29603,76.57805,344.77,0.46,0.47,2026-05-03,828,N21,VIIRS,n,2.0NRT,302.86,4.58,D
29.30493,77.03438,341.59,0.49,0.49,2026-05-03,828,N21,VIIRS,n,2.0NRT,299.92,7.77,D
29.3054,77.03944,342.19,0.49,0.49,2026-05-03,828,N21,VIIRS,n,2.0NRT,299.97,7.02,D
29.3159,75.6564,337.88,0.41,0.45,2026-05-03,828,N21,VIIRS,n,2.0NRT,306.64,3.13,D
29.33135,76.88859,342.18,0.48,0.48,2026-05-03,828,N21,VIIRS,n,2.0NRT,302.12,5.36,D
29.33545,75.5686,344.3,0.41,0.45,2026-05-03,828,N21,VIIRS,n,2.0NRT,306.41,8.24,D
29.338,73.467,341.09,0.48,0.4,2026-05-03,828,N21,VIIRS,l,2.0NRT,313.55,2.52,D
29.33941,70.30879,342.97,0.39,0.36,2026-05-03,828,N21,VIIRS,n,2.0NRT,314.15,4.39,D
29.34556,76.80663,341.62,0.48,0.48,2026-05-03,828,N21,VIIRS,n,2.0NRT,302.73,3.62,D
29.36885,75.53479,335.93,0.4,0.45,2026-05-03,828,N21,VIIRS,l,2.0NRT,306.53,2.75,D
29.3692,76.28598,344.52,0.45,0.47,2026-05-03,828,N21,VIIRS,n,2.0NRT,302.71,4.48,D
29.37864,74.04249,337.35,0.51,0.41,2026-05-03,828,N21,VIIRS,l,2.0NRT,308.13,4.56,D
29.38329,76.82893,346.15,0.48,0.48,2026-05-03,828,N21,VIIRS,n,2.0NRT,304.16,12.97,D
29.38382,76.83156,344.63,0.48,0.48,2026-05-03,828,N21,VIIRS,n,2.0NRT,304.3,12.67,D
29.38598,73.91524,337.76,0.5,0.41,2026-05-03,828,N21,VIIRS,n,2.0NRT,306.9,1.61,D
29.38913,76.84319,332.34,0.48,0.48,2026-05-03,828,N21,VIIRS,l,2.0NRT,303.3,3.91,D
29.39077,71.14179,343.87,0.4,0.37,2026-05-03,828,N21,VIIRS,n,2.0NRT,311.61,8.57,D
29.39164,76.82282,335.16,0.48,0.48,2026-05-03,828,N21,VIIRS,n,2.0NRT,302.57,3.5,D
29.39354,76.84261,338.89,0.48,0.48,2026-05-03,828,N21,VIIRS,n,2.0NRT,303.91,5.82,D
29.3979,77.10497,330.97,0.5,0.49,2026-05-03,828,N21,VIIRS,l,2.0NRT,301.05,2.16,D
29.40001,77.10221,330.01,0.5,0.49,2026-05-03,828,N21,VIIRS,l,2.0NRT,301.3,4.43,D
29.40238,76.84145,342.13,0.48,0.48,2026-05-03,828,N21,VIIRS,n,2.0NRT,303.32,6.29,D
29.40285,76.84641,348.19,0.48,0.48,2026-05-03,828,N21,VIIRS,n,2.0NRT,304.7,11.2,D
29.40372,77.04478,337.7,0.5,0.49,2026-05-03,828,N21,VIIRS,n,2.0NRT,302.73,7.36,D
29.4052,77.04195,343.68,0.5,0.49,2026-05-03,828,N21,VIIRS,n,2.0NRT,303.91,6.51,D
29.41584,76.44421,354.87,0.46,0.47,2026-05-03,828,N21,VIIRS,n,2.0NRT,305.88,13.47,D
29.43343,71.37366,341.91,0.4,0.37,2026-05-03,828,N21,VIIRS,n,2.0NRT,311.18,4.21,D
29.44063,76.9121,340.53,0.49,0.48,2026-05-03,828,N21,VIIRS,n,2.0NRT,303.52,6.36,D
29.4426,76.75138,337.26,0.48,0.48,2026-05-03,828,N21,VIIRS,n,2.0NRT,303.1,5.92,D
29.44474,71.04457,337.76,0.4,0.37,2026-05-03,828,N21,VIIRS,l,2.0NRT,308.16,2.6,D
29.44599,77.01354,339.29,0.49,0.49,2026-05-03,828,N21,VIIRS,n,2.0NRT,302.87,5.51,D
29.44702,76.79556,342,0.48,0.48,2026-05-03,828,N21,VIIRS,n,2.0NRT,304.63,5.34,D
29.45654,75.05173,337.38,0.57,0.43,2026-05-03,828,N21,VIIRS,n,2.0NRT,305.84,3.23,D
29.45738,77.0844,332.73,0.5,0.49,2026-05-03,828,N21,VIIRS,n,2.0NRT,301.36,3.6,D
29.4588,76.82401,335.11,0.48,0.48,2026-05-03,828,N21,VIIRS,n,2.0NRT,302.89,4.78,D
29.4593,76.82895,336.78,0.48,0.48,2026-05-03,828,N21,VIIRS,n,2.0NRT,305.86,5.76,D
29.45995,70.46072,338.02,0.39,0.36,2026-05-03,828,N21,VIIRS,l,2.0NRT,311.05,2.76,D
29.46684,77.04175,330.25,0.5,0.49,2026-05-03,828,N21,VIIRS,l,2.0NRT,301.68,2.64,D
29.47369,76.92812,340.75,0.49,0.48,2026-05-03,828,N21,VIIRS,n,2.0NRT,304.28,5.85,D
29.48128,75.20184,343.05,0.39,0.44,2026-05-03,828,N21,VIIRS,n,2.0NRT,305.37,6.54,D
29.48211,74.78355,332.18,0.55,0.43,2026-05-03,828,N21,VIIRS,l,2.0NRT,304.9,4.01,D
29.48292,74.78726,334.43,0.56,0.43,2026-05-03,828,N21,VIIRS,l,2.0NRT,304.88,2.81,D
29.48325,76.14243,338.38,0.44,0.46,2026-05-03,828,N21,VIIRS,n,2.0NRT,304.86,3.3,D
29.48356,75.07668,353.19,0.38,0.43,2026-05-03,828,N21,VIIRS,n,2.0NRT,305.3,6.18,D
29.49213,76.66283,336.53,0.47,0.48,2026-05-03,828,N21,VIIRS,n,2.0NRT,303.92,4.49,D
29.4965,76.66225,342.26,0.47,0.48,2026-05-03,828,N21,VIIRS,n,2.0NRT,303.42,4.49,D
29.49886,76.29302,343.22,0.45,0.47,2026-05-03,828,N21,VIIRS,n,2.0NRT,304.55,10.17,D
29.50766,74.79515,347.44,0.56,0.43,2026-05-03,828,N21,VIIRS,n,2.0NRT,305.24,11.08,D
29.51127,76.81419,335.33,0.48,0.48,2026-05-03,828,N21,VIIRS,n,2.0NRT,304.05,4.54,D
29.51966,74.65524,337,0.55,0.42,2026-05-03,828,N21,VIIRS,n,2.0NRT,303.29,7.11,D
29.52107,76.82292,341.94,0.48,0.48,2026-05-03,828,N21,VIIRS,n,2.0NRT,303.61,6.82,D
29.52155,76.82789,346.86,0.48,0.48,2026-05-03,828,N21,VIIRS,n,2.0NRT,305.14,6.82,D
29.52228,75.24065,347.58,0.39,0.44,2026-05-03,828,N21,VIIRS,n,2.0NRT,305.53,5.1,D
29.52256,75.13515,336.39,0.39,0.44,2026-05-03,828,N21,VIIRS,n,2.0NRT,305.94,1.47,D
29.52597,76.82732,345.16,0.48,0.48,2026-05-03,828,N21,VIIRS,n,2.0NRT,304.65,12.4,D
29.52691,77.14336,339.72,0.5,0.49,2026-05-03,828,N21,VIIRS,n,2.0NRT,302.53,6.4,D
29.52742,77.14854,330.56,0.5,0.49,2026-05-03,828,N21,VIIRS,l,2.0NRT,302.49,7.4,D
29.52919,77.14558,343.05,0.5,0.49,2026-05-03,828,N21,VIIRS,n,2.0NRT,303.34,6.71,D
29.52996,76.7767,342.07,0.48,0.48,2026-05-03,828,N21,VIIRS,n,2.0NRT,303.75,7.5,D
29.53044,76.78162,346.16,0.48,0.48,2026-05-03,828,N21,VIIRS,n,2.0NRT,304.76,6.4,D
29.53056,71.19188,339.09,0.4,0.37,2026-05-03,828,N21,VIIRS,l,2.0NRT,313.04,7.77,D
29.53092,76.78655,335.17,0.48,0.48,2026-05-03,828,N21,VIIRS,n,2.0NRT,304.12,6.4,D
29.53171,76.93294,343.3,0.49,0.49,2026-05-03,828,N21,VIIRS,n,2.0NRT,303.83,4.73,D
29.53537,75.32086,338.48,0.4,0.44,2026-05-03,828,N21,VIIRS,n,2.0NRT,304.65,3.54,D
29.54086,77.07607,333.36,0.5,0.49,2026-05-03,828,N21,VIIRS,n,2.0NRT,301.86,6.49,D
29.54856,76.78424,353.45,0.48,0.48,2026-05-03,828,N21,VIIRS,n,2.0NRT,304.98,8.95,D
29.54901,76.69964,335.31,0.47,0.48,2026-05-03,828,N21,VIIRS,n,2.0NRT,301.76,2.22,D
29.55199,76.86423,348,0.49,0.48,2026-05-03,828,N21,VIIRS,n,2.0NRT,305.18,11.25,D
29.55224,76.23286,336.96,0.45,0.47,2026-05-03,828,N21,VIIRS,n,2.0NRT,302.6,3.3,D
29.55651,76.23226,344.01,0.45,0.47,2026-05-03,828,N21,VIIRS,n,2.0NRT,304.35,10.45,D
29.5638,77.07831,334.12,0.5,0.49,2026-05-03,828,N21,VIIRS,n,2.0NRT,301.15,4.08,D
29.56517,72.35054,341.62,0.43,0.38,2026-05-03,828,N21,VIIRS,n,2.0NRT,309.01,9.32,D
29.57505,70.36269,338.43,0.39,0.36,2026-05-03,828,N21,VIIRS,l,2.0NRT,313.35,3.85,D
29.57692,76.75557,331.04,0.48,0.48,2026-05-03,828,N21,VIIRS,l,2.0NRT,304.89,2.5,D
29.57693,76.70959,331.78,0.48,0.48,2026-05-03,828,N21,VIIRS,l,2.0NRT,304.63,5.42,D
29.57761,75.06305,343.41,0.38,0.43,2026-05-03,828,N21,VIIRS,n,2.0NRT,304.9,5.14,D
29.57805,75.06699,341.76,0.38,0.43,2026-05-03,828,N21,VIIRS,n,2.0NRT,304.18,5.3,D
29.58315,76.9518,337.84,0.49,0.49,2026-05-03,828,N21,VIIRS,n,2.0NRT,301.47,7.59,D
29.59865,70.43169,342.05,0.39,0.36,2026-05-03,828,N21,VIIRS,n,2.0NRT,312.63,2.7,D
29.60318,74.08236,337.6,0.51,0.41,2026-05-03,828,N21,VIIRS,n,2.0NRT,305.46,4.04,D
29.60373,75.15186,343.4,0.39,0.44,2026-05-03,828,N21,VIIRS,n,2.0NRT,305.86,5.86,D
29.60673,74.54366,339.67,0.54,0.42,2026-05-03,828,N21,VIIRS,n,2.0NRT,304.35,3.91,D
29.60731,75.25736,335.71,0.39,0.44,2026-05-03,828,N21,VIIRS,n,2.0NRT,304.54,2.44,D
29.60815,76.27186,345.68,0.45,0.47,2026-05-03,828,N21,VIIRS,n,2.0NRT,301.96,12.45,D
29.60884,74.91885,337.62,0.57,0.43,2026-05-03,828,N21,VIIRS,n,2.0NRT,304.93,4.19,D
29.60977,74.92036,339.83,0.57,0.43,2026-05-03,828,N21,VIIRS,n,2.0NRT,304.8,4.3,D
29.61223,76.61617,342.51,0.47,0.48,2026-05-03,828,N21,VIIRS,n,2.0NRT,303.84,5.54,D
29.62056,75.60818,342.26,0.41,0.45,2026-05-03,828,N21,VIIRS,n,2.0NRT,306.87,3.35,D
29.62422,75.60336,342.82,0.41,0.45,2026-05-03,828,N21,VIIRS,n,2.0NRT,306.78,6.2,D
29.62885,76.87848,332.27,0.49,0.48,2026-05-03,828,N21,VIIRS,l,2.0NRT,304.55,5.12,D
29.63199,76.77213,345.33,0.48,0.48,2026-05-03,828,N21,VIIRS,n,2.0NRT,303.59,5.37,D
29.63225,70.42935,341.76,0.39,0.36,2026-05-03,828,N21,VIIRS,n,2.0NRT,311.65,3.27,D
29.6333,76.87789,339.6,0.49,0.48,2026-05-03,828,N21,VIIRS,n,2.0NRT,303.42,5.12,D
29.63555,70.42873,338.4,0.39,0.36,2026-05-03,828,N21,VIIRS,l,2.0NRT,311.61,2.43,D
29.63701,71.71008,334.78,0.41,0.37,2026-05-03,828,N21,VIIRS,n,2.0NRT,301.38,1.86,D
29.64801,76.161,339.59,0.44,0.46,2026-05-03,828,N21,VIIRS,n,2.0NRT,305.11,6.37,D
29.64847,76.16556,335.34,0.44,0.46,2026-05-03,828,N21,VIIRS,n,2.0NRT,304.9,3.85,D
29.66873,77.10576,330.34,0.5,0.49,2026-05-03,828,N21,VIIRS,l,2.0NRT,301.24,1.79,D
29.68421,75.69424,345.01,0.42,0.45,2026-05-03,828,N21,VIIRS,n,2.0NRT,307.45,5.24,D
29.68474,75.73779,333.36,0.42,0.45,2026-05-03,828,N21,VIIRS,l,2.0NRT,306.25,1.94,D
29.6852,75.74209,331.69,0.42,0.45,2026-05-03,828,N21,VIIRS,l,2.0NRT,304.91,1.94,D
29.68668,76.20209,341.25,0.45,0.47,2026-05-03,828,N21,VIIRS,n,2.0NRT,304.93,9.75,D
29.68715,76.20668,341.03,0.45,0.47,2026-05-03,828,N21,VIIRS,n,2.0NRT,304.49,5.18,D
29.68763,76.21128,343.58,0.45,0.47,2026-05-03,828,N21,VIIRS,n,2.0NRT,304.49,5.18,D
29.68841,75.73289,335.24,0.42,0.45,2026-05-03,828,N21,VIIRS,l,2.0NRT,306.55,3.74,D
29.68888,75.73721,346.6,0.42,0.45,2026-05-03,828,N21,VIIRS,n,2.0NRT,307.73,4.48,D
29.69048,76.19691,351.79,0.45,0.47,2026-05-03,828,N21,VIIRS,n,2.0NRT,305.75,9.75,D
29.69142,76.20609,346.33,0.45,0.47,2026-05-03,828,N21,VIIRS,n,2.0NRT,304.36,5.18,D
29.69898,76.23773,354.46,0.45,0.47,2026-05-03,828,N21,VIIRS,n,2.0NRT,303.3,16.38,D
29.69945,76.24235,335.06,0.45,0.47,2026-05-03,828,N21,VIIRS,n,2.0NRT,303.06,3.99,D
29.69992,76.24696,340.8,0.45,0.47,2026-05-03,828,N21,VIIRS,n,2.0NRT,303.5,3.99,D
29.7002,76.42217,342.19,0.46,0.47,2026-05-03,828,N21,VIIRS,n,2.0NRT,302.19,6.4,D
29.70067,76.4269,341.73,0.46,0.47,2026-05-03,828,N21,VIIRS,n,2.0NRT,301.74,6.4,D
29.70331,75.26466,347.22,0.39,0.44,2026-05-03,828,N21,VIIRS,n,2.0NRT,314.15,60.93,D
29.7042,76.24638,339.16,0.45,0.47,2026-05-03,828,N21,VIIRS,n,2.0NRT,303.91,3.99,D
29.7057,76.56662,337.15,0.47,0.48,2026-05-03,828,N21,VIIRS,n,2.0NRT,303.75,7.83,D
29.70594,76.43579,355.28,0.46,0.47,2026-05-03,828,N21,VIIRS,n,2.0NRT,305.62,23.34,D
29.70705,76.23196,342.78,0.45,0.47,2026-05-03,828,N21,VIIRS,n,2.0NRT,302.06,10.26,D
29.70752,76.23656,367,0.45,0.47,2026-05-03,828,N21,VIIRS,h,2.0NRT,303.54,10.26,D
29.70758,76.7695,345.03,0.48,0.48,2026-05-03,828,N21,VIIRS,n,2.0NRT,305.77,12.53,D
29.708,76.24118,348.82,0.45,0.47,2026-05-03,828,N21,VIIRS,n,2.0NRT,303.5,9.42,D
29.70847,76.2458,344.37,0.45,0.47,2026-05-03,828,N21,VIIRS,n,2.0NRT,302.62,9.42,D
29.71015,75.51937,336.12,0.41,0.45,2026-05-03,828,N21,VIIRS,n,2.0NRT,304.74,1.87,D
29.71026,76.43522,347.74,0.46,0.47,2026-05-03,828,N21,VIIRS,n,2.0NRT,302.05,7.02,D
29.7198,71.43938,335.58,0.41,0.37,2026-05-03,828,N21,VIIRS,l,2.0NRT,308.25,1.6,D
29.72231,75.59474,337.88,0.41,0.45,2026-05-03,828,N21,VIIRS,l,2.0NRT,308.1,3.74,D
29.72332,76.74735,335.35,0.48,0.48,2026-05-03,828,N21,VIIRS,n,2.0NRT,304.33,6.62,D
29.72659,76.46671,345.87,0.46,0.47,2026-05-03,828,N21,VIIRS,n,2.0NRT,308.64,40.1,D
29.73045,75.10547,344.52,0.39,0.44,2026-05-03,828,N21,VIIRS,n,2.0NRT,306.34,4.96,D
29.73053,75.59357,336.72,0.41,0.45,2026-05-03,828,N21,VIIRS,n,2.0NRT,306.43,2.79,D
29.73187,76.0576,335.37,0.44,0.46,2026-05-03,828,N21,VIIRS,n,2.0NRT,305.16,2.35,D
29.73206,76.05918,337.36,0.44,0.46,2026-05-03,828,N21,VIIRS,n,2.0NRT,305.62,5.6,D
29.73248,75.38097,333.68,0.4,0.44,2026-05-03,828,N21,VIIRS,l,2.0NRT,304.63,3.61,D
29.73744,75.38863,344.25,0.4,0.44,2026-05-03,828,N21,VIIRS,n,2.0NRT,308.28,10.28,D
29.73962,71.69277,342.03,0.41,0.37,2026-05-03,828,N21,VIIRS,n,2.0NRT,311.77,6.17,D
29.73966,75.33398,338.35,0.4,0.44,2026-05-03,828,N21,VIIRS,n,2.0NRT,306.1,3.13,D
29.74377,75.6003,337.61,0.41,0.45,2026-05-03,828,N21,VIIRS,n,2.0NRT,305.3,1.45,D
29.74445,75.80545,330.21,0.42,0.45,2026-05-03,828,N21,VIIRS,l,2.0NRT,304.3,0.74,D
29.74483,76.78472,337.36,0.48,0.48,2026-05-03,828,N21,VIIRS,n,2.0NRT,305.1,10.44,D
29.7449,75.80981,348.54,0.42,0.45,2026-05-03,828,N21,VIIRS,n,2.0NRT,308.39,10.48,D
29.74771,75.29545,342.62,0.4,0.44,2026-05-03,828,N21,VIIRS,n,2.0NRT,305.28,4.12,D
29.74876,76.77917,367,0.48,0.48,2026-05-03,828,N21,VIIRS,h,2.0NRT,307.58,10.44,D
29.74925,76.78414,341.79,0.48,0.48,2026-05-03,828,N21,VIIRS,n,2.0NRT,304.2,10.44,D
29.74971,75.61671,352.82,0.41,0.45,2026-05-03,828,N21,VIIRS,n,2.0NRT,309.4,13.41,D
29.74976,75.22951,336.61,0.39,0.44,2026-05-03,828,N21,VIIRS,n,2.0NRT,305.17,5.27,D
29.75291,75.60763,343.36,0.41,0.45,2026-05-03,828,N21,VIIRS,n,2.0NRT,306.93,9.68,D
29.75297,75.23272,339.17,0.39,0.44,2026-05-03,828,N21,VIIRS,n,2.0NRT,306.26,5.69,D
29.75494,74.55299,337.41,0.54,0.42,2026-05-03,828,N21,VIIRS,n,2.0NRT,304.93,2.81,D
29.75516,76.75319,335.77,0.48,0.48,2026-05-03,828,N21,VIIRS,n,2.0NRT,304.03,5.07,D
29.76134,74.3876,335.94,0.53,0.42,2026-05-03,828,N21,VIIRS,n,2.0NRT,305.45,2.91,D
29.76152,72.52551,340.46,0.44,0.38,2026-05-03,828,N21,VIIRS,n,2.0NRT,304.97,6.73,D
29.76718,71.28159,339.19,0.4,0.37,2026-05-03,828,N21,VIIRS,n,2.0NRT,307.91,3.22,D
29.76776,71.28574,337.69,0.4,0.37,2026-05-03,828,N21,VIIRS,n,2.0NRT,310.65,2.69,D
29.76985,75.88648,344.47,0.43,0.46,2026-05-03,828,N21,VIIRS,n,2.0NRT,305.79,9.25,D
29.77026,75.57503,347.53,0.41,0.45,2026-05-03,828,N21,VIIRS,n,2.0NRT,306.96,8.5,D
29.77077,75.89531,340.19,0.43,0.46,2026-05-03,828,N21,VIIRS,n,2.0NRT,307.02,6.95,D
29.77251,75.55752,345.82,0.41,0.45,2026-05-03,828,N21,VIIRS,n,2.0NRT,307.81,9.86,D
29.77344,75.56597,343.25,0.41,0.45,2026-05-03,828,N21,VIIRS,n,2.0NRT,307.46,6.76,D
29.77662,75.55694,367,0.41,0.45,2026-05-03,828,N21,VIIRS,h,2.0NRT,307.52,12.48,D
29.77823,75.84512,338.31,0.43,0.46,2026-05-03,828,N21,VIIRS,n,2.0NRT,306.24,4.1,D
29.77869,75.88973,341.26,0.43,0.46,2026-05-03,828,N21,VIIRS,n,2.0NRT,307.54,5.33,D
29.78008,75.90298,343.01,0.43,0.46,2026-05-03,828,N21,VIIRS,n,2.0NRT,306.76,6.2,D
29.78064,74.01852,346.46,0.51,0.41,2026-05-03,828,N21,VIIRS,n,2.0NRT,304.87,6.72,D
29.78101,71.38122,346.52,0.41,0.37,2026-05-03,828,N21,VIIRS,n,2.0NRT,313.04,8.29,D
29.78148,75.87592,347.16,0.43,0.46,2026-05-03,828,N21,VIIRS,n,2.0NRT,306.68,7.91,D
29.78294,74.93859,335.03,0.57,0.43,2026-05-03,828,N21,VIIRS,l,2.0NRT,306.68,3.3,D
29.7838,75.89799,333.55,0.43,0.46,2026-05-03,828,N21,VIIRS,l,2.0NRT,306.72,5.08,D
29.7852,75.87093,332.06,0.43,0.46,2026-05-03,828,N21,VIIRS,l,2.0NRT,305.67,2.86,D
29.78902,75.59388,338.68,0.41,0.45,2026-05-03,828,N21,VIIRS,n,2.0NRT,306.31,5.72,D
29.79031,75.87916,355.3,0.43,0.46,2026-05-03,828,N21,VIIRS,n,2.0NRT,308.21,13.5,D
29.79164,75.59002,338.07,0.41,0.45,2026-05-03,828,N21,VIIRS,n,2.0NRT,307.38,4.54,D
29.79208,75.59427,351.38,0.41,0.45,2026-05-03,828,N21,VIIRS,n,2.0NRT,308.39,6.04,D
29.7922,75.58482,336.11,0.41,0.45,2026-05-03,828,N21,VIIRS,l,2.0NRT,306.62,3.57,D
29.79252,75.59851,341.31,0.41,0.45,2026-05-03,828,N21,VIIRS,n,2.0NRT,307.87,6.04,D
29.79266,75.58906,343.66,0.41,0.45,2026-05-03,828,N21,VIIRS,n,2.0NRT,307.64,3.57,D
29.79313,75.5933,339.71,0.41,0.45,2026-05-03,828,N21,VIIRS,n,2.0NRT,306.58,5.72,D
29.7936,75.59753,352.58,0.41,0.45,2026-05-03,828,N21,VIIRS,n,2.0NRT,309.3,5.72,D
29.79406,75.60178,337.89,0.41,0.45,2026-05-03,828,N21,VIIRS,n,2.0NRT,306.87,3.73,D
29.79472,76.65559,336.28,0.48,0.48,2026-05-03,828,N21,VIIRS,n,2.0NRT,303.33,3.11,D
29.79532,75.58518,353.54,0.41,0.45,2026-05-03,828,N21,VIIRS,n,2.0NRT,306.78,11.2,D
29.79591,76.13783,337.7,0.44,0.46,2026-05-03,828,N21,VIIRS,n,2.0NRT,304.38,7.48,D
29.7962,75.59368,344.94,0.41,0.45,2026-05-03,828,N21,VIIRS,n,2.0NRT,308.42,10.2,D
29.79664,75.59793,353.33,0.41,0.45,2026-05-03,828,N21,VIIRS,n,2.0NRT,307.34,10.2,D
29.79685,76.14696,343.67,0.44,0.46,2026-05-03,828,N21,VIIRS,n,2.0NRT,304.7,5.62,D
29.79953,76.66252,340.52,0.48,0.48,2026-05-03,828,N21,VIIRS,n,2.0NRT,304.73,5.68,D
29.79958,76.6599,330.65,0.48,0.48,2026-05-03,828,N21,VIIRS,l,2.0NRT,302.96,3.11,D
29.81218,75.88507,336.19,0.43,0.46,2026-05-03,828,N21,VIIRS,n,2.0NRT,306.17,2.28,D
29.81311,75.59559,344.32,0.41,0.45,2026-05-03,828,N21,VIIRS,n,2.0NRT,309.47,13.66,D
29.81845,75.64684,335.21,0.42,0.45,2026-05-03,828,N21,VIIRS,l,2.0NRT,306.93,1.96,D
29.81989,75.38575,345.87,0.4,0.44,2026-05-03,828,N21,VIIRS,n,2.0NRT,306.79,6.51,D
29.82105,75.83581,335.72,0.43,0.46,2026-05-03,828,N21,VIIRS,l,2.0NRT,306.07,4.28,D
29.82162,75.92544,336.75,0.43,0.46,2026-05-03,828,N21,VIIRS,n,2.0NRT,306,3.25,D
29.82484,75.92377,335.1,0.43,0.46,2026-05-03,828,N21,VIIRS,l,2.0NRT,306.66,3.13,D
29.82501,76.00527,350.32,0.44,0.46,2026-05-03,828,N21,VIIRS,n,2.0NRT,306.5,9.56,D
29.82549,76.00977,335,0.44,0.46,2026-05-03,828,N21,VIIRS,l,2.0NRT,305.02,9.56,D
29.8255,75.75536,335.23,0.42,0.45,2026-05-03,828,N21,VIIRS,l,2.0NRT,305.93,2.67,D
29.82904,75.92319,336.03,0.43,0.46,2026-05-03,828,N21,VIIRS,l,2.0NRT,306.12,3.13,D
29.82952,75.92764,340.94,0.43,0.46,2026-05-03,828,N21,VIIRS,n,2.0NRT,305.91,3.13,D
29.83002,75.92426,367,0.43,0.46,2026-05-03,828,N21,VIIRS,h,2.0NRT,308.89,8.96,D
29.83421,75.92368,333.59,0.43,0.46,2026-05-03,828,N21,VIIRS,n,2.0NRT,304.47,8.96,D
29.83424,76.1744,335.46,0.45,0.47,2026-05-03,828,N21,VIIRS,n,2.0NRT,304.17,2.57,D
29.8364,75.82027,339.14,0.43,0.46,2026-05-03,828,N21,VIIRS,n,2.0NRT,306.27,3.21,D
29.852,75.52976,343.08,0.41,0.45,2026-05-03,828,N21,VIIRS,n,2.0NRT,306.96,10.99,D
29.85785,75.98835,342.9,0.44,0.46,2026-05-03,828,N21,VIIRS,n,2.0NRT,306.72,9.57,D
29.8583,75.99285,346.95,0.44,0.46,2026-05-03,828,N21,VIIRS,n,2.0NRT,306.68,13.4,D
29.86141,71.50463,335.6,0.41,0.37,2026-05-03,828,N21,VIIRS,l,2.0NRT,306.98,2.18,D
29.86201,76.66158,345.12,0.48,0.48,2026-05-03,828,N21,VIIRS,n,2.0NRT,305.56,11.5,D
29.8625,75.62753,342.49,0.42,0.45,2026-05-03,828,N21,VIIRS,n,2.0NRT,306.85,6.21,D
29.86296,75.63182,341.89,0.42,0.45,2026-05-03,828,N21,VIIRS,n,2.0NRT,306.22,6.21,D
29.8664,76.661,348.25,0.48,0.48,2026-05-03,828,N21,VIIRS,n,2.0NRT,304.33,7.31,D
29.86941,75.1153,353.15,0.39,0.44,2026-05-03,828,N21,VIIRS,n,2.0NRT,309.14,15.69,D
29.87057,75.94572,335.95,0.43,0.46,2026-05-03,828,N21,VIIRS,l,2.0NRT,306.41,2.12,D
29.87983,75.21215,337.72,0.39,0.44,2026-05-03,828,N21,VIIRS,n,2.0NRT,307.66,2.36,D
29.88015,74.7055,337,0.56,0.43,2026-05-03,828,N21,VIIRS,n,2.0NRT,306.9,3.43,D
29.88977,75.34385,345.78,0.4,0.44,2026-05-03,828,N21,VIIRS,n,2.0NRT,308.89,14.2,D
29.89064,75.35211,335.6,0.4,0.44,2026-05-03,828,N21,VIIRS,l,2.0NRT,307.67,3.28,D
29.89302,75.45324,343.92,0.41,0.45,2026-05-03,828,N21,VIIRS,n,2.0NRT,308.67,12.03,D
29.89347,75.87939,336.42,0.43,0.46,2026-05-03,828,N21,VIIRS,l,2.0NRT,307.89,2.77,D
29.89393,74.86191,337.97,0.57,0.43,2026-05-03,828,N21,VIIRS,n,2.0NRT,306.9,2.65,D
29.89403,75.42338,341.2,0.4,0.45,2026-05-03,828,N21,VIIRS,n,2.0NRT,307.15,3.54,D
29.89886,75.31322,343.36,0.4,0.44,2026-05-03,828,N21,VIIRS,n,2.0NRT,306.4,2.96,D
29.90712,74.9075,345.93,0.57,0.43,2026-05-03,828,N21,VIIRS,n,2.0NRT,305.36,14.2,D
29.91108,74.90691,341.8,0.57,0.43,2026-05-03,828,N21,VIIRS,n,2.0NRT,306.78,7.31,D
29.91213,75.5966,335.42,0.41,0.45,2026-05-03,828,N21,VIIRS,l,2.0NRT,305.91,3.01,D
29.91404,76.55293,341.17,0.47,0.48,2026-05-03,828,N21,VIIRS,n,2.0NRT,302.45,6.95,D
29.91625,75.59601,338.5,0.41,0.45,2026-05-03,828,N21,VIIRS,n,2.0NRT,306.09,3.01,D
29.92517,75.89748,340.62,0.43,0.46,2026-05-03,828,N21,VIIRS,n,2.0NRT,306.25,4.18,D
29.93292,73.80408,338.03,0.5,0.41,2026-05-03,828,N21,VIIRS,n,2.0NRT,306.36,3.64,D
29.93972,74.63072,337.49,0.55,0.43,2026-05-03,828,N21,VIIRS,n,2.0NRT,305.92,4.74,D
29.93984,75.70186,336.55,0.42,0.45,2026-05-03,828,N21,VIIRS,l,2.0NRT,306.67,4.89,D
29.94022,74.70609,342.14,0.56,0.43,2026-05-03,828,N21,VIIRS,n,2.0NRT,306.87,5.77,D
29.94324,76.07097,339.28,0.44,0.46,2026-05-03,828,N21,VIIRS,n,2.0NRT,306.17,3.82,D
29.94381,76.07276,346.43,0.44,0.46,2026-05-03,828,N21,VIIRS,n,2.0NRT,307.35,5.69,D
29.94433,76.03859,336.01,0.44,0.46,2026-05-03,828,N21,VIIRS,l,2.0NRT,306.59,3.94,D
29.95138,75.69144,367,0.42,0.45,2026-05-03,828,N21,VIIRS,h,2.0NRT,307.7,12.49,D
29.95361,75.08694,335.18,0.39,0.44,2026-05-03,828,N21,VIIRS,l,2.0NRT,306.37,2.67,D
29.95604,75.03383,337.86,0.39,0.44,2026-05-03,828,N21,VIIRS,n,2.0NRT,306.25,5.9,D
29.95646,75.03782,344.35,0.39,0.44,2026-05-03,828,N21,VIIRS,n,2.0NRT,308.58,10.07,D
29.96138,76.32376,338.3,0.46,0.47,2026-05-03,828,N21,VIIRS,n,2.0NRT,303.56,6.14,D
29.96235,76.33318,338.39,0.46,0.47,2026-05-03,828,N21,VIIRS,n,2.0NRT,305.31,7.2,D
29.96365,76.9766,341.82,0.5,0.49,2026-05-03,828,N21,VIIRS,n,2.0NRT,303.11,7.15,D
29.96448,76.75064,343.94,0.48,0.48,2026-05-03,828,N21,VIIRS,n,2.0NRT,303.99,7.99,D
29.96497,76.75562,342.7,0.48,0.48,2026-05-03,828,N21,VIIRS,n,2.0NRT,304.83,8.84,D
29.96571,75.55,342.67,0.41,0.45,2026-05-03,828,N21,VIIRS,n,2.0NRT,305.93,4.94,D
29.97085,75.96165,342.87,0.44,0.46,2026-05-03,828,N21,VIIRS,n,2.0NRT,306.75,4.88,D
29.97459,76.99608,332.71,0.5,0.49,2026-05-03,828,N21,VIIRS,n,2.0NRT,302.52,3.47,D
29.97478,75.83458,336.11,0.43,0.46,2026-05-03,828,N21,VIIRS,n,2.0NRT,305.97,2.84,D
29.97797,74.48169,341.05,0.54,0.42,2026-05-03,828,N21,VIIRS,n,2.0NRT,307.29,9.64,D
29.98001,74.74101,337.57,0.56,0.43,2026-05-03,828,N21,VIIRS,n,2.0NRT,306.35,5.46,D
29.98246,77.07923,331.13,0.51,0.49,2026-05-03,828,N21,VIIRS,l,2.0NRT,301.99,2.33,D
29.98342,76.21473,337.39,0.45,0.47,2026-05-03,828,N21,VIIRS,n,2.0NRT,305.49,5.89,D
29.98724,76.2095,335.38,0.45,0.47,2026-05-03,828,N21,VIIRS,n,2.0NRT,303.2,5.89,D
29.9877,76.21415,346.4,0.45,0.47,2026-05-03,828,N21,VIIRS,n,2.0NRT,305.96,5.89,D
29.98817,76.21879,343.61,0.45,0.47,2026-05-03,828,N21,VIIRS,n,2.0NRT,306.12,5.86,D
29.99514,76.03152,331.24,0.44,0.46,2026-05-03,828,N21,VIIRS,l,2.0NRT,302.4,2.2,D
29.99662,76.58141,339.05,0.47,0.48,2026-05-03,828,N21,VIIRS,n,2.0NRT,303.72,2.99,D
29.99701,76.57992,339.78,0.47,0.48,2026-05-03,828,N21,VIIRS,n,2.0NRT,304.45,2.36,D
30.00081,75.03532,343.16,0.39,0.44,2026-05-03,828,N21,VIIRS,n,2.0NRT,307.2,5.49,D
30.0064,76.53915,331.86,0.47,0.48,2026-05-03,828,N21,VIIRS,l,2.0NRT,304.88,3.6,D
30.00687,76.54401,330.67,0.47,0.48,2026-05-03,828,N21,VIIRS,l,2.0NRT,304.42,3.05,D
30.00738,75.94292,338.73,0.43,0.46,2026-05-03,828,N21,VIIRS,n,2.0NRT,306.12,4.04,D
30.00763,75.70554,338.69,0.42,0.45,2026-05-03,828,N21,VIIRS,n,2.0NRT,307.09,4.4,D
30.01077,76.53857,333.89,0.47,0.48,2026-05-03,828,N21,VIIRS,n,2.0NRT,303.37,3.6,D
30.01111,76.10331,337.21,0.44,0.46,2026-05-03,828,N21,VIIRS,n,2.0NRT,305.1,2.81,D
30.01131,75.70061,335.43,0.42,0.45,2026-05-03,828,N21,VIIRS,n,2.0NRT,305.14,4.07,D
30.01203,76.59777,332.63,0.47,0.48,2026-05-03,828,N21,VIIRS,l,2.0NRT,305,3,D
30.01234,75.36887,341.11,0.4,0.44,2026-05-03,828,N21,VIIRS,n,2.0NRT,307.44,3.73,D
30.01272,75.71365,350.66,0.42,0.45,2026-05-03,828,N21,VIIRS,n,2.0NRT,307.57,9.87,D
30.01482,75.71436,347.89,0.42,0.45,2026-05-03,828,N21,VIIRS,n,2.0NRT,308.63,9.49,D
30.01551,74.5945,339.39,0.55,0.43,2026-05-03,828,N21,VIIRS,n,2.0NRT,306.89,8.73,D
30.01623,75.44482,343.94,0.41,0.45,2026-05-03,828,N21,VIIRS,n,2.0NRT,306.66,5.75,D
30.01987,75.44002,342.75,0.41,0.45,2026-05-03,828,N21,VIIRS,n,2.0NRT,306.16,7.12,D
30.02031,75.13853,339.18,0.39,0.44,2026-05-03,828,N21,VIIRS,n,2.0NRT,307.44,1.65,D
30.02031,75.44422,346.86,0.41,0.45,2026-05-03,828,N21,VIIRS,n,2.0NRT,307.52,10.56,D
30.02127,76.6015,347.29,0.47,0.48,2026-05-03,828,N21,VIIRS,n,2.0NRT,304.8,11.39,D
30.02189,74.79796,340.21,0.56,0.43,2026-05-03,828,N21,VIIRS,n,2.0NRT,307.29,9.73,D
30.02226,72.31409,332.35,0.43,0.38,2026-05-03,828,N21,VIIRS,l,2.0NRT,306.83,1.88,D
30.02265,74.79934,339.28,0.56,0.43,2026-05-03,828,N21,VIIRS,n,2.0NRT,307.9,8.43,D
30.02698,73.88964,341.2,0.51,0.41,2026-05-03,828,N21,VIIRS,n,2.0NRT,304.72,4.17,D
30.02774,73.88808,342.6,0.51,0.41,2026-05-03,828,N21,VIIRS,n,2.0NRT,305.01,4.47,D
30.02949,76.99951,330.74,0.5,0.49,2026-05-03,828,N21,VIIRS,l,2.0NRT,301.96,2.22,D
30.0305,75.79996,339.53,0.43,0.46,2026-05-03,828,N21,VIIRS,n,2.0NRT,305.65,4.21,D
30.03205,75.80086,340.53,0.43,0.46,2026-05-03,828,N21,VIIRS,n,2.0NRT,305.72,2.83,D
30.04197,76.72401,333.4,0.48,0.48,2026-05-03,828,N21,VIIRS,n,2.0NRT,303.17,3.81,D
30.05104,75.08488,336.4,0.39,0.44,2026-05-03,828,N21,VIIRS,l,2.0NRT,306.5,2.91,D
30.05144,76.63734,340.41,0.48,0.48,2026-05-03,828,N21,VIIRS,n,2.0NRT,303.88,5.63,D
30.0519,74.56591,338.31,0.55,0.43,2026-05-03,828,N21,VIIRS,n,2.0NRT,305.92,10.15,D
30.05378,74.6176,337.44,0.55,0.43,2026-05-03,828,N21,VIIRS,n,2.0NRT,306.02,4.83,D
30.05449,73.50812,338.43,0.49,0.4,2026-05-03,828,N21,VIIRS,n,2.0NRT,305.13,4.59,D
30.05583,76.63676,342.23,0.48,0.48,2026-05-03,828,N21,VIIRS,n,2.0NRT,303.06,5.63,D
30.05597,76.07861,335.95,0.44,0.46,2026-05-03,828,N21,VIIRS,n,2.0NRT,303.86,4.4,D
30.05684,73.31531,331.52,0.48,0.4,2026-05-03,828,N21,VIIRS,l,2.0NRT,303.35,1.83,D
30.05997,76.07951,339.09,0.44,0.46,2026-05-03,828,N21,VIIRS,n,2.0NRT,303.53,2.5,D
30.06314,75.98216,336.09,0.44,0.46,2026-05-03,828,N21,VIIRS,n,2.0NRT,304.7,2.1,D
30.06823,76.90478,337.52,0.5,0.49,2026-05-03,828,N21,VIIRS,n,2.0NRT,301.63,4.48,D
30.07572,75.77238,355.25,0.43,0.46,2026-05-03,828,N21,VIIRS,n,2.0NRT,306.54,9.64,D
30.07644,75.27547,344.2,0.4,0.44,2026-05-03,828,N21,VIIRS,n,2.0NRT,309.68,10.73,D
30.07692,75.27639,348.95,0.4,0.44,2026-05-03,828,N21,VIIRS,n,2.0NRT,308.28,6.01,D
30.07946,76.18909,336.29,0.45,0.47,2026-05-03,828,N21,VIIRS,n,2.0NRT,305.7,3.79,D
30.08076,76.072,339.11,0.44,0.46,2026-05-03,828,N21,VIIRS,n,2.0NRT,305.05,7,D
30.08168,76.08115,348.41,0.44,0.46,2026-05-03,828,N21,VIIRS,n,2.0NRT,305.91,6.95,D
30.0846,76.5683,346.32,0.47,0.48,2026-05-03,828,N21,VIIRS,n,2.0NRT,304.05,6.61,D
30.08501,76.07141,342.82,0.44,0.46,2026-05-03,828,N21,VIIRS,n,2.0NRT,306.17,6.87,D
30.08589,74.97895,336.98,0.38,0.44,2026-05-03,828,N21,VIIRS,n,2.0NRT,306.37,2.8,D
30.08713,76.31165,334.18,0.46,0.47,2026-05-03,828,N21,VIIRS,l,2.0NRT,305.67,3.93,D
30.09052,76.6272,332.47,0.48,0.48,2026-05-03,828,N21,VIIRS,l,2.0NRT,304.05,2.14,D
30.09433,73.31648,344.96,0.48,0.4,2026-05-03,828,N21,VIIRS,n,2.0NRT,304.84,6.17,D
30.09464,74.44409,336.31,0.54,0.42,2026-05-03,828,N21,VIIRS,n,2.0NRT,305.89,8.52,D
30.09526,74.44968,338.8,0.54,0.42,2026-05-03,828,N21,VIIRS,n,2.0NRT,306.37,8.52,D
30.09537,76.08858,345.44,0.44,0.46,2026-05-03,828,N21,VIIRS,n,2.0NRT,306.24,7.3,D
30.09538,71.96788,337.6,0.42,0.38,2026-05-03,828,N21,VIIRS,l,2.0NRT,307.91,3.69,D
30.09583,76.09318,344.21,0.44,0.46,2026-05-03,828,N21,VIIRS,n,2.0NRT,305.65,9.97,D
30.09593,75.52795,341.07,0.41,0.45,2026-05-03,828,N21,VIIRS,n,2.0NRT,307.19,3.92,D
30.0963,76.09777,343.44,0.44,0.46,2026-05-03,828,N21,VIIRS,n,2.0NRT,306.96,9.97,D
30.09668,76.14444,341.67,0.45,0.47,2026-05-03,828,N21,VIIRS,n,2.0NRT,306.07,3.77,D
30.09705,75.77385,332.9,0.43,0.46,2026-05-03,828,N21,VIIRS,l,2.0NRT,305.57,5.45,D
30.0971,74.44471,342.25,0.54,0.42,2026-05-03,828,N21,VIIRS,n,2.0NRT,307.12,11.96,D
30.09934,71.94485,335.35,0.42,0.38,2026-05-03,828,N21,VIIRS,n,2.0NRT,302.81,2.34,D
30.10009,76.09258,343.07,0.44,0.46,2026-05-03,828,N21,VIIRS,n,2.0NRT,306.08,9.97,D
30.10076,75.76888,343.1,0.43,0.46,2026-05-03,828,N21,VIIRS,n,2.0NRT,306.11,6.58,D
30.10486,76.05474,335.29,0.44,0.46,2026-05-03,828,N21,VIIRS,l,2.0NRT,305.41,3.61,D
30.10768,73.75895,348.48,0.5,0.41,2026-05-03,828,N21,VIIRS,n,2.0NRT,307.24,14.21,D
30.11003,75.35584,343.64,0.4,0.45,2026-05-03,828,N21,VIIRS,n,2.0NRT,307.28,4.14,D
30.11879,76.82089,330.78,0.49,0.49,2026-05-03,828,N21,VIIRS,n,2.0NRT,300.6,4.99,D
30.12347,75.13663,341.2,0.39,0.44,2026-05-03,828,N21,VIIRS,n,2.0NRT,307.7,3.68,D
30.12462,76.20654,342.98,0.45,0.47,2026-05-03,828,N21,VIIRS,n,2.0NRT,305.96,4.33,D
30.12522,75.19015,343.52,0.4,0.44,2026-05-03,828,N21,VIIRS,n,2.0NRT,308.56,4.22,D
30.12749,75.13604,335.76,0.39,0.44,2026-05-03,828,N21,VIIRS,l,2.0NRT,307.13,2.02,D
30.12793,76.23927,342.5,0.45,0.47,2026-05-03,828,N21,VIIRS,n,2.0NRT,305.61,7.66,D
30.1289,76.20596,338.92,0.45,0.47,2026-05-03,828,N21,VIIRS,n,2.0NRT,304.44,4.33,D
30.12925,75.18955,335.43,0.4,0.44,2026-05-03,828,N21,VIIRS,l,2.0NRT,307.78,4.22,D
30.13039,74.871,341.58,0.57,0.43,2026-05-03,828,N21,VIIRS,n,2.0NRT,306.73,10.11,D
30.13042,74.14237,333.11,0.52,0.42,2026-05-03,828,N21,VIIRS,n,2.0NRT,302.57,3.24,D
30.1329,76.46538,352.54,0.47,0.48,2026-05-03,828,N21,VIIRS,n,2.0NRT,306.31,10.26,D
30.13338,76.47021,335.96,0.47,0.48,2026-05-03,828,N21,VIIRS,n,2.0NRT,305.36,5.9,D
30.13382,73.36548,333.4,0.48,0.4,2026-05-03,828,N21,VIIRS,l,2.0NRT,303.9,2.19,D
30.13385,76.47504,342.56,0.47,0.48,2026-05-03,828,N21,VIIRS,n,2.0NRT,305.56,5.9,D
30.13423,74.14178,333.07,0.52,0.42,2026-05-03,828,N21,VIIRS,n,2.0NRT,302.86,3.24,D
30.13491,75.71664,343.56,0.42,0.45,2026-05-03,828,N21,VIIRS,n,2.0NRT,305.56,4.63,D
30.13598,75.17612,343.38,0.39,0.44,2026-05-03,828,N21,VIIRS,n,2.0NRT,307.74,2.83,D
30.13607,74.2911,340.9,0.53,0.42,2026-05-03,828,N21,VIIRS,n,2.0NRT,305.43,6.49,D
30.13724,75.91249,348.78,0.43,0.46,2026-05-03,828,N21,VIIRS,n,2.0NRT,306.87,11.78,D
30.14033,76.19024,338.25,0.45,0.47,2026-05-03,828,N21,VIIRS,n,2.0NRT,306.36,3.73,D
30.14257,76.47389,351.05,0.47,0.48,2026-05-03,828,N21,VIIRS,n,2.0NRT,306.57,14.74,D
30.14519,73.61458,340.32,0.49,0.41,2026-05-03,828,N21,VIIRS,n,2.0NRT,304.78,6.34,D
30.15399,76.63599,350.02,0.48,0.48,2026-05-03,828,N21,VIIRS,n,2.0NRT,305.4,6.65,D
30.15447,76.64095,340.85,0.48,0.48,2026-05-03,828,N21,VIIRS,n,2.0NRT,304.43,6.65,D
30.1558,74.81878,346.38,0.57,0.43,2026-05-03,828,N21,VIIRS,n,2.0NRT,306.71,9.41,D
30.15903,76.46189,333.81,0.47,0.48,2026-05-03,828,N21,VIIRS,l,2.0NRT,305.71,5.21,D
30.15984,76.65028,330.63,0.48,0.48,2026-05-03,828,N21,VIIRS,l,2.0NRT,303.23,2.14,D
30.16001,75.06149,343.91,0.39,0.44,2026-05-03,828,N21,VIIRS,n,2.0NRT,307.79,3.2,D
30.16185,75.06277,343.95,0.39,0.44,2026-05-03,828,N21,VIIRS,n,2.0NRT,306.31,4.12,D
30.16242,75.57626,332.9,0.42,0.45,2026-05-03,828,N21,VIIRS,l,2.0NRT,306.09,4.68,D
30.16243,77.01028,335.74,0.5,0.49,2026-05-03,828,N21,VIIRS,n,2.0NRT,302.61,3.74,D
30.1629,76.45648,340.27,0.47,0.48,2026-05-03,828,N21,VIIRS,n,2.0NRT,305.72,5.21,D
30.16466,75.17609,343.58,0.4,0.44,2026-05-03,828,N21,VIIRS,n,2.0NRT,309.24,3.6,D
30.16579,75.93766,336.36,0.44,0.46,2026-05-03,828,N21,VIIRS,l,2.0NRT,306.43,4.28,D
30.16925,75.25463,338.43,0.4,0.44,2026-05-03,828,N21,VIIRS,n,2.0NRT,306.85,2.32,D
30.16951,75.76525,338.35,0.43,0.46,2026-05-03,828,N21,VIIRS,n,2.0NRT,304.84,4.84,D
30.16996,75.76967,343.21,0.43,0.46,2026-05-03,828,N21,VIIRS,n,2.0NRT,306.08,4.84,D
30.17742,76.17104,339.59,0.45,0.47,2026-05-03,828,N21,VIIRS,n,2.0NRT,305.38,3.48,D
30.18055,76.17265,336.33,0.45,0.47,2026-05-03,828,N21,VIIRS,n,2.0NRT,305.81,4.98,D
30.18085,75.9173,343.09,0.44,0.46,2026-05-03,828,N21,VIIRS,n,2.0NRT,306.6,7.47,D
30.18271,74.91766,339.08,0.38,0.43,2026-05-03,828,N21,VIIRS,n,2.0NRT,307.3,3.03,D
30.18666,75.45152,340.61,0.41,0.45,2026-05-03,828,N21,VIIRS,n,2.0NRT,307.9,2.75,D
30.18884,74.61372,337.62,0.55,0.43,2026-05-03,828,N21,VIIRS,n,2.0NRT,306.91,5.23,D
30.18966,73.70136,335.99,0.5,0.41,2026-05-03,828,N21,VIIRS,n,2.0NRT,304.72,3.87,D
30.19066,75.92966,343.51,0.44,0.46,2026-05-03,828,N21,VIIRS,n,2.0NRT,306.72,4.78,D
30.19112,75.93417,367,0.44,0.46,2026-05-03,828,N21,VIIRS,h,2.0NRT,309.2,9.73,D
30.19158,75.93867,335.44,0.44,0.46,2026-05-03,828,N21,VIIRS,n,2.0NRT,305.88,9.73,D
30.19211,76.31187,337.48,0.46,0.47,2026-05-03,828,N21,VIIRS,n,2.0NRT,305.51,3.2,D
30.19434,76.3138,346,0.46,0.47,2026-05-03,828,N21,VIIRS,n,2.0NRT,307.52,9.32,D
30.19448,75.1776,350.79,0.4,0.44,2026-05-03,828,N21,VIIRS,n,2.0NRT,307.97,6.51,D
30.19488,75.92908,348.27,0.44,0.46,2026-05-03,828,N21,VIIRS,n,2.0NRT,307.31,6.88,D
30.19753,74.02576,335.02,0.52,0.41,2026-05-03,828,N21,VIIRS,n,2.0NRT,302.74,3.8,D
30.19784,75.09442,338.53,0.39,0.44,2026-05-03,828,N21,VIIRS,n,2.0NRT,308.36,3.31,D
30.19835,76.09035,346.34,0.45,0.47,2026-05-03,828,N21,VIIRS,n,2.0NRT,305.73,9.16,D
30.20172,73.31122,332.5,0.48,0.4,2026-05-03,828,N21,VIIRS,l,2.0NRT,305.48,3.42,D
30.20227,76.53989,339.04,0.47,0.48,2026-05-03,828,N21,VIIRS,n,2.0NRT,304.61,2.96,D
30.20307,76.09438,336.26,0.45,0.47,2026-05-03,828,N21,VIIRS,n,2.0NRT,304.67,4.92,D
30.20567,76.20709,340.72,0.45,0.47,2026-05-03,828,N21,VIIRS,n,2.0NRT,304.71,4.8,D
30.20664,75.79592,335.42,0.43,0.46,2026-05-03,828,N21,VIIRS,l,2.0NRT,306.74,2.48,D
30.21624,75.64763,343.55,0.42,0.45,2026-05-03,828,N21,VIIRS,n,2.0NRT,307.41,5.74,D
30.22057,75.11581,345.44,0.39,0.44,2026-05-03,828,N21,VIIRS,n,2.0NRT,310.9,9.66,D
30.22122,75.43142,342.99,0.41,0.45,2026-05-03,828,N21,VIIRS,n,2.0NRT,307.48,2.83,D
30.22135,75.63594,343.69,0.42,0.45,2026-05-03,828,N21,VIIRS,n,2.0NRT,306.03,4.67,D
30.22313,75.63342,343.63,0.42,0.45,2026-05-03,828,N21,VIIRS,n,2.0NRT,307.29,6.13,D
30.2236,75.63776,343.42,0.42,0.45,2026-05-03,828,N21,VIIRS,n,2.0NRT,306.28,6.13,D
30.2255,75.63535,346.45,0.42,0.45,2026-05-03,828,N21,VIIRS,n,2.0NRT,305.89,4.67,D
30.23148,70.5774,347.28,0.39,0.36,2026-05-03,828,N21,VIIRS,n,2.0NRT,314.97,8.78,D
30.23622,71.71511,334.55,0.42,0.37,2026-05-03,828,N21,VIIRS,l,2.0NRT,308.91,2.46,D
30.23689,75.8007,340.49,0.43,0.46,2026-05-03,828,N21,VIIRS,n,2.0NRT,306.2,9.45,D
30.23707,75.92322,337.01,0.44,0.46,2026-05-03,828,N21,VIIRS,l,2.0NRT,308.14,11.18,D
30.2372,70.78499,345.03,0.4,0.37,2026-05-03,828,N21,VIIRS,n,2.0NRT,314.07,5.86,D
30.23736,75.80514,344.17,0.43,0.46,2026-05-03,828,N21,VIIRS,n,2.0NRT,308.13,9.45,D
30.23754,75.92773,346.93,0.44,0.46,2026-05-03,828,N21,VIIRS,n,2.0NRT,307.83,11.55,D
30.23819,75.803,353.23,0.43,0.46,2026-05-03,828,N21,VIIRS,n,2.0NRT,307.96,15.84,D
30.2398,75.86813,333.16,0.43,0.46,2026-05-03,828,N21,VIIRS,l,2.0NRT,304.84,2.26,D
30.24128,75.92263,343.39,0.44,0.46,2026-05-03,828,N21,VIIRS,n,2.0NRT,305.77,11.18,D
30.24176,75.92714,337.03,0.44,0.46,2026-05-03,828,N21,VIIRS,n,2.0NRT,305.5,11.55,D
30.24883,74.89481,338.81,0.57,0.43,2026-05-03,828,N21,VIIRS,n,2.0NRT,306.76,25.27,D
30.24907,76.24885,340.51,0.46,0.47,2026-05-03,828,N21,VIIRS,n,2.0NRT,304.76,2.84,D
30.2494,74.89974,335.95,0.38,0.43,2026-05-03,828,N21,VIIRS,l,2.0NRT,307.01,5.8,D
30.25173,75.64487,343.43,0.42,0.45,2026-05-03,828,N21,VIIRS,n,2.0NRT,309.11,10.97,D
30.25281,74.89423,339,0.57,0.43,2026-05-03,828,N21,VIIRS,l,2.0NRT,312.23,25.27,D
30.25337,74.89915,333.36,0.38,0.43,2026-05-03,828,N21,VIIRS,l,2.0NRT,306.26,5.8,D
30.2553,70.84031,346.72,0.4,0.37,2026-05-03,828,N21,VIIRS,n,2.0NRT,307.77,6.08,D
30.26084,73.84098,335.75,0.51,0.41,2026-05-03,828,N21,VIIRS,n,2.0NRT,304.8,2.73,D
30.26209,75.74571,340.36,0.43,0.46,2026-05-03,828,N21,VIIRS,n,2.0NRT,305.87,2.09,D
30.26337,75.9268,335.41,0.44,0.46,2026-05-03,828,N21,VIIRS,l,2.0NRT,306.26,2.74,D
30.26501,75.85809,343.19,0.43,0.46,2026-05-03,828,N21,VIIRS,n,2.0NRT,306.88,7.37,D
30.26714,75.92169,350.4,0.44,0.46,2026-05-03,828,N21,VIIRS,n,2.0NRT,307.85,9.65,D
30.2672,70.66339,350.69,0.39,0.37,2026-05-03,828,N21,VIIRS,n,2.0NRT,314.16,8.33,D
30.26759,75.92622,350.24,0.44,0.46,2026-05-03,828,N21,VIIRS,n,2.0NRT,308.25,7.34,D
30.26846,74.86612,338.97,0.57,0.43,2026-05-03,828,N21,VIIRS,n,2.0NRT,308.24,3.84,D
30.27117,73.60729,335.05,0.49,0.41,2026-05-03,828,N21,VIIRS,n,2.0NRT,303.92,4.21,D
30.27326,75.73074,354.93,0.43,0.46,2026-05-03,828,N21,VIIRS,n,2.0NRT,307.61,12.74,D
30.27444,75.825,341.73,0.43,0.46,2026-05-03,828,N21,VIIRS,n,2.0NRT,306.55,4,D
30.27645,75.76164,341.23,0.43,0.46,2026-05-03,828,N21,VIIRS,n,2.0NRT,306.59,5.73,D
30.27789,75.73455,336.61,0.43,0.46,2026-05-03,828,N21,VIIRS,l,2.0NRT,307.22,2.96,D
30.27815,74.62749,338.14,0.56,0.43,2026-05-03,828,N21,VIIRS,l,2.0NRT,308.23,4.74,D
30.28319,76.1711,342.9,0.45,0.47,2026-05-03,828,N21,VIIRS,n,2.0NRT,304.78,3.71,D
30.28477,76.17264,341.39,0.45,0.47,2026-05-03,828,N21,VIIRS,n,2.0NRT,304.71,3.61,D
30.28611,75.81433,344.54,0.43,0.46,2026-05-03,828,N21,VIIRS,n,2.0NRT,309.74,17.98,D
30.28826,75.01194,341.37,0.39,0.44,2026-05-03,828,N21,VIIRS,n,2.0NRT,304.53,2.97,D
30.29174,75.78647,344.77,0.43,0.46,2026-05-03,828,N21,VIIRS,n,2.0NRT,310.92,22.45,D
30.293,75.88149,353.35,0.43,0.46,2026-05-03,828,N21,VIIRS,n,2.0NRT,306.88,9.77,D
30.29346,75.88599,351.2,0.43,0.46,2026-05-03,828,N21,VIIRS,n,2.0NRT,306.92,10.4,D
30.29606,76.76717,342.64,0.49,0.49,2026-05-03,828,N21,VIIRS,n,2.0NRT,304.95,6.42,D
30.29944,74.36524,339.99,0.54,0.42,2026-05-03,828,N21,VIIRS,n,2.0NRT,304.22,6.25,D
30.29945,76.57436,343.23,0.48,0.48,2026-05-03,828,N21,VIIRS,n,2.0NRT,304.65,5.02,D
30.30016,75.62478,339.29,0.42,0.45,2026-05-03,828,N21,VIIRS,n,2.0NRT,308.02,3.06,D
30.30089,74.3629,343.71,0.54,0.42,2026-05-03,828,N21,VIIRS,n,2.0NRT,306.11,12.11,D
30.30329,74.36465,339.74,0.54,0.42,2026-05-03,828,N21,VIIRS,n,2.0NRT,305.88,7.39,D
30.30384,75.61983,346.36,0.42,0.45,2026-05-03,828,N21,VIIRS,n,2.0NRT,307,4.49,D
30.30384,76.57379,337.12,0.48,0.48,2026-05-03,828,N21,VIIRS,n,2.0NRT,303.41,3.75,D
30.30665,75.72604,334.64,0.43,0.46,2026-05-03,828,N21,VIIRS,l,2.0NRT,304.72,1.83,D
30.30939,75.87465,345.08,0.43,0.46,2026-05-03,828,N21,VIIRS,n,2.0NRT,306.01,6.4,D
30.31132,76.69373,335.25,0.48,0.48,2026-05-03,828,N21,VIIRS,n,2.0NRT,305.14,5.85,D
30.31309,75.24466,341.36,0.4,0.44,2026-05-03,828,N21,VIIRS,n,2.0NRT,306.59,3.32,D
30.31525,76.68815,346.29,0.48,0.48,2026-05-03,828,N21,VIIRS,n,2.0NRT,304.51,6.03,D
30.31583,73.95058,338.55,0.51,0.41,2026-05-03,828,N21,VIIRS,n,2.0NRT,304.76,5.26,D
30.31648,73.82681,336.37,0.51,0.41,2026-05-03,828,N21,VIIRS,n,2.0NRT,306.34,2.71,D
30.32365,75.58736,342.82,0.42,0.45,2026-05-03,828,N21,VIIRS,n,2.0NRT,307.94,5.2,D
30.32544,75.586,343.48,0.42,0.45,2026-05-03,828,N21,VIIRS,n,2.0NRT,308.08,4.77,D
30.3323,74.93222,353.79,0.39,0.44,2026-05-03,828,N21,VIIRS,n,2.0NRT,310.33,16.17,D
30.33609,71.88949,346.49,0.42,0.38,2026-05-03,828,N21,VIIRS,n,2.0NRT,309.5,5.12,D
30.33841,76.20159,340.11,0.45,0.47,2026-05-03,828,N21,VIIRS,n,2.0NRT,304.75,4.23,D
30.34024,74.89468,336.78,0.38,0.43,2026-05-03,828,N21,VIIRS,l,2.0NRT,308.49,14.75,D
30.34069,74.89865,345.62,0.38,0.43,2026-05-03,828,N21,VIIRS,n,2.0NRT,311.51,14.75,D
30.34202,75.16922,349.02,0.4,0.44,2026-05-03,828,N21,VIIRS,n,2.0NRT,307.27,6.59,D
30.34347,75.69976,338.08,0.42,0.46,2026-05-03,828,N21,VIIRS,n,2.0NRT,306.59,2.85,D
30.3469,70.71937,348.02,0.4,0.37,2026-05-03,828,N21,VIIRS,l,2.0NRT,319.42,28.72,D
30.35023,70.71874,343.07,0.4,0.37,2026-05-03,828,N21,VIIRS,l,2.0NRT,314.4,6.56,D
30.35065,70.69771,349.86,0.4,0.37,2026-05-03,828,N21,VIIRS,n,2.0NRT,319.24,21.32,D
30.36064,75.82796,333.79,0.43,0.46,2026-05-03,828,N21,VIIRS,l,2.0NRT,305.84,2.7,D
30.36116,74.91613,337.16,0.38,0.44,2026-05-03,828,N21,VIIRS,n,2.0NRT,307.12,2.38,D
30.36204,74.70117,334.31,0.56,0.43,2026-05-03,828,N21,VIIRS,l,2.0NRT,306.52,3.59,D
30.36222,75.27975,334,0.4,0.44,2026-05-03,828,N21,VIIRS,l,2.0NRT,305.4,3.11,D
30.36325,76.23166,343.28,0.46,0.47,2026-05-03,828,N21,VIIRS,n,2.0NRT,304.91,4.77,D
30.3665,74.98409,345.88,0.39,0.44,2026-05-03,828,N21,VIIRS,n,2.0NRT,312.5,15.65,D
30.36687,75.59883,342.27,0.42,0.45,2026-05-03,828,N21,VIIRS,n,2.0NRT,305.6,2.4,D
30.37469,74.96695,343.96,0.39,0.44,2026-05-03,828,N21,VIIRS,n,2.0NRT,309.13,6.64,D
30.3754,74.86055,335.9,0.57,0.43,2026-05-03,828,N21,VIIRS,l,2.0NRT,306.96,9,D
30.37593,74.8655,344.12,0.38,0.43,2026-05-03,828,N21,VIIRS,n,2.0NRT,307.56,10.75,D
30.38123,75.49598,335.42,0.41,0.45,2026-05-03,828,N21,VIIRS,l,2.0NRT,307.26,3.73,D
30.38473,74.83504,337.04,0.57,0.43,2026-05-03,828,N21,VIIRS,n,2.0NRT,306.6,4.9,D
30.3849,75.49111,342.43,0.41,0.45,2026-05-03,828,N21,VIIRS,n,2.0NRT,307.51,3.73,D
30.38556,70.70837,339.92,0.4,0.37,2026-05-03,828,N21,VIIRS,l,2.0NRT,310.06,3.21,D
30.38614,70.71245,337.63,0.4,0.37,2026-05-03,828,N21,VIIRS,l,2.0NRT,312.31,3.13,D
30.39012,75.19569,339.89,0.4,0.44,2026-05-03,828,N21,VIIRS,n,2.0NRT,306.71,4.31,D
30.39072,75.19623,343.64,0.4,0.44,2026-05-03,828,N21,VIIRS,n,2.0NRT,306.75,4.14,D
30.39125,75.63074,341.03,0.42,0.45,2026-05-03,828,N21,VIIRS,n,2.0NRT,306.52,5.77,D
30.39128,76.42192,335.36,0.47,0.48,2026-05-03,828,N21,VIIRS,n,2.0NRT,305.14,7.58,D
30.39377,75.10812,338.28,0.39,0.44,2026-05-03,828,N21,VIIRS,n,2.0NRT,305.64,6.01,D
30.39479,75.99792,342.33,0.44,0.46,2026-05-03,828,N21,VIIRS,n,2.0NRT,304.65,5.12,D
30.39557,74.57275,342.42,0.55,0.43,2026-05-03,828,N21,VIIRS,n,2.0NRT,308.4,10.61,D
30.39563,76.42134,335.38,0.47,0.48,2026-05-03,828,N21,VIIRS,n,2.0NRT,304.33,2.41,D
30.39786,73.73274,343.02,0.5,0.41,2026-05-03,828,N21,VIIRS,n,2.0NRT,306.92,6.44,D
30.39882,75.19504,343.31,0.4,0.44,2026-05-03,828,N21,VIIRS,n,2.0NRT,306.88,15.43,D
30.39926,75.19917,350.41,0.4,0.44,2026-05-03,828,N21,VIIRS,n,2.0NRT,315.84,40.9,D
30.40061,70.71809,345.84,0.4,0.37,2026-05-03,828,N21,VIIRS,n,2.0NRT,312.86,4.53,D
30.40925,75.60164,345.17,0.42,0.45,2026-05-03,828,N21,VIIRS,n,2.0NRT,307.25,5.29,D
30.41157,75.62344,367,0.42,0.45,2026-05-03,828,N21,VIIRS,h,2.0NRT,310.52,8.92,D
30.41191,75.91227,342.82,0.44,0.46,2026-05-03,828,N21,VIIRS,n,2.0NRT,306.3,6.19,D
30.41572,75.62286,333.38,0.42,0.45,2026-05-03,828,N21,VIIRS,n,2.0NRT,305.28,8.92,D
30.41635,75.44411,337.56,0.41,0.45,2026-05-03,828,N21,VIIRS,n,2.0NRT,306.61,2.59,D
30.41654,74.8675,336.6,0.38,0.43,2026-05-03,828,N21,VIIRS,l,2.0NRT,306.61,13.08,D
30.41697,74.87147,344.87,0.38,0.43,2026-05-03,828,N21,VIIRS,n,2.0NRT,309.03,13.08,D
30.41732,75.44308,336.19,0.41,0.45,2026-05-03,828,N21,VIIRS,l,2.0NRT,307.08,3.2,D
30.41792,76.36651,338.84,0.47,0.47,2026-05-03,828,N21,VIIRS,n,2.0NRT,305.02,3.87,D
30.4208,75.631,344.85,0.42,0.45,2026-05-03,828,N21,VIIRS,n,2.0NRT,308.98,6.07,D
30.42496,75.63041,338.01,0.42,0.45,2026-05-03,828,N21,VIIRS,l,2.0NRT,308.1,6.07,D
30.43347,75.79058,336.99,0.43,0.46,2026-05-03,828,N21,VIIRS,l,2.0NRT,310.08,17.85,D
30.43358,75.55417,337.22,0.42,0.45,2026-05-03,828,N21,VIIRS,n,2.0NRT,305.39,1.6,D
30.43394,75.79504,344.22,0.43,0.46,2026-05-03,828,N21,VIIRS,n,2.0NRT,307.63,15.4,D
30.43526,75.72717,339.22,0.43,0.46,2026-05-03,828,N21,VIIRS,n,2.0NRT,307.25,3.62,D
30.43559,75.55049,339.73,0.42,0.45,2026-05-03,828,N21,VIIRS,n,2.0NRT,306.26,1.27,D
30.43574,74.25647,330.53,0.53,0.42,2026-05-03,828,N21,VIIRS,l,2.0NRT,303.9,1.88,D
30.44406,70.73505,340.79,0.4,0.37,2026-05-03,828,N21,VIIRS,l,2.0NRT,314.36,6.86,D
30.45422,76.28864,337.16,0.46,0.47,2026-05-03,828,N21,VIIRS,n,2.0NRT,304.28,4.03,D
30.4576,75.36055,342.76,0.41,0.45,2026-05-03,828,N21,VIIRS,n,2.0NRT,306.24,5.96,D
30.45942,75.57794,346.64,0.42,0.45,2026-05-03,828,N21,VIIRS,n,2.0NRT,309.21,12.72,D
30.46088,75.27468,345.36,0.4,0.44,2026-05-03,828,N21,VIIRS,n,2.0NRT,311.22,13.83,D
30.46306,75.738,342.77,0.43,0.46,2026-05-03,828,N21,VIIRS,n,2.0NRT,306.89,7.64,D
30.46374,75.91579,340.95,0.44,0.46,2026-05-03,828,N21,VIIRS,n,2.0NRT,307.65,6.28,D
30.46393,74.19601,335.01,0.53,0.42,2026-05-03,828,N21,VIIRS,n,2.0NRT,303.98,3.53,D
30.46406,75.91888,334.25,0.44,0.46,2026-05-03,828,N21,VIIRS,l,2.0NRT,307.08,4.04,D
30.46776,74.19542,342.12,0.53,0.42,2026-05-03,828,N21,VIIRS,n,2.0NRT,305.12,6.25,D
30.46842,75.91977,343.28,0.44,0.46,2026-05-03,828,N21,VIIRS,n,2.0NRT,306.83,6.93,D
30.46877,75.92286,345,0.44,0.46,2026-05-03,828,N21,VIIRS,n,2.0NRT,308.06,11.27,D
30.46887,75.92433,339.27,0.44,0.46,2026-05-03,828,N21,VIIRS,n,2.0NRT,306.75,6.93,D
30.46991,75.32022,333.09,0.41,0.45,2026-05-03,828,N21,VIIRS,l,2.0NRT,306.67,4.16,D
30.47031,75.64291,345.61,0.42,0.45,2026-05-03,828,N21,VIIRS,n,2.0NRT,308.38,5.49,D
30.47047,72.089,330.57,0.43,0.38,2026-05-03,828,N21,VIIRS,l,2.0NRT,304.66,2.87,D
30.47288,73.97684,330.48,0.52,0.41,2026-05-03,828,N21,VIIRS,l,2.0NRT,303.42,2.4,D
30.47536,74.46705,341.77,0.55,0.43,2026-05-03,828,N21,VIIRS,n,2.0NRT,308.99,20.09,D
30.47889,75.48301,336.61,0.41,0.45,2026-05-03,828,N21,VIIRS,n,2.0NRT,306.9,3.04,D
30.47934,75.4873,367,0.41,0.45,2026-05-03,828,N21,VIIRS,h,2.0NRT,307.69,9.37,D
30.48063,71.8164,337.85,0.42,0.38,2026-05-03,828,N21,VIIRS,l,2.0NRT,308.72,6.51,D
30.49532,74.07222,339.2,0.52,0.42,2026-05-03,828,N21,VIIRS,n,2.0NRT,305.24,6.5,D
30.50114,75.77789,342.97,0.43,0.46,2026-05-03,828,N21,VIIRS,n,2.0NRT,307.18,4.7,D
30.5065,74.63752,339.13,0.56,0.43,2026-05-03,828,N21,VIIRS,n,2.0NRT,307.82,18.05,D
30.50712,75.83626,345.75,0.43,0.46,2026-05-03,828,N21,VIIRS,n,2.0NRT,306.08,5.26,D
30.50856,75.80869,344.45,0.43,0.46,2026-05-03,828,N21,VIIRS,n,2.0NRT,304.01,4.38,D
30.50868,75.68663,337.18,0.43,0.46,2026-05-03,828,N21,VIIRS,n,2.0NRT,304.51,16.76,D
30.50914,75.69105,367,0.43,0.46,2026-05-03,828,N21,VIIRS,h,2.0NRT,313.18,16.76,D
30.5127,75.40865,339.71,0.41,0.45,2026-05-03,828,N21,VIIRS,n,2.0NRT,307.34,5.63,D
30.51283,75.72652,343.61,0.43,0.46,2026-05-03,828,N21,VIIRS,n,2.0NRT,309.45,10.38,D
30.52379,75.40507,355.25,0.41,0.45,2026-05-03,828,N21,VIIRS,n,2.0NRT,308.56,13.63,D
30.52456,75.40262,338.65,0.41,0.45,2026-05-03,828,N21,VIIRS,l,2.0NRT,309.16,14.66,D
30.52497,74.16206,333.91,0.53,0.42,2026-05-03,828,N21,VIIRS,l,2.0NRT,305.41,2.33,D
30.52502,75.40688,343.69,0.41,0.45,2026-05-03,828,N21,VIIRS,n,2.0NRT,307.96,14.66,D
30.52731,75.31844,336.17,0.41,0.45,2026-05-03,828,N21,VIIRS,l,2.0NRT,306.55,2.22,D
30.52775,75.32265,335.25,0.41,0.45,2026-05-03,828,N21,VIIRS,l,2.0NRT,307.4,2.22,D
30.52789,75.40448,347.48,0.41,0.45,2026-05-03,828,N21,VIIRS,n,2.0NRT,307.72,10.64,D
30.52927,74.23434,341.7,0.53,0.42,2026-05-03,828,N21,VIIRS,n,2.0NRT,307.49,11.39,D
30.5301,73.55642,332.59,0.49,0.41,2026-05-03,828,N21,VIIRS,l,2.0NRT,305.16,3,D
30.53019,75.2668,350.06,0.4,0.45,2026-05-03,828,N21,VIIRS,n,2.0NRT,308.19,4.11,D
30.53063,75.271,337.48,0.4,0.45,2026-05-03,828,N21,VIIRS,n,2.0NRT,306.82,4.11,D
30.53242,73.55891,331.89,0.5,0.41,2026-05-03,828,N21,VIIRS,l,2.0NRT,303.03,3.88,D
30.53939,71.60267,341.54,0.42,0.37,2026-05-03,828,N21,VIIRS,n,2.0NRT,310.08,5.64,D
30.54162,74.10374,337.43,0.53,0.42,2026-05-03,828,N21,VIIRS,n,2.0NRT,306.31,3.3,D
30.54923,74.13596,345.92,0.53,0.42,2026-05-03,828,N21,VIIRS,n,2.0NRT,305.12,11.97,D
30.5494,75.13736,341.43,0.4,0.44,2026-05-03,828,N21,VIIRS,n,2.0NRT,307.81,5.12,D
30.54986,74.14143,348.77,0.53,0.42,2026-05-03,828,N21,VIIRS,n,2.0NRT,306.02,7.4,D
30.55049,74.14691,331.59,0.53,0.42,2026-05-03,828,N21,VIIRS,l,2.0NRT,303.48,7.4,D
30.55278,70.80769,338.31,0.4,0.37,2026-05-03,828,N21,VIIRS,l,2.0NRT,312.67,3.15,D
30.55584,75.35299,341.58,0.41,0.45,2026-05-03,828,N21,VIIRS,n,2.0NRT,306.51,6.39,D
30.55628,75.35722,343.49,0.41,0.45,2026-05-03,828,N21,VIIRS,n,2.0NRT,306.95,6.76,D
30.56261,74.11715,339.86,0.53,0.42,2026-05-03,828,N21,VIIRS,n,2.0NRT,304.51,5.27,D
30.56325,74.12262,344.61,0.53,0.42,2026-05-03,828,N21,VIIRS,n,2.0NRT,305.28,5.27,D
30.56539,75.56546,336.2,0.42,0.45,2026-05-03,828,N21,VIIRS,l,2.0NRT,307.4,2.61,D
30.56821,72.26494,334.09,0.44,0.38,2026-05-03,828,N21,VIIRS,l,2.0NRT,304.56,1.59,D
30.56869,75.23997,338.78,0.4,0.44,2026-05-03,828,N21,VIIRS,n,2.0NRT,307.08,2.14,D
30.56954,71.5928,336.39,0.42,0.37,2026-05-03,828,N21,VIIRS,l,2.0NRT,310.57,5.73,D
30.57165,74.6141,336.78,0.56,0.43,2026-05-03,828,N21,VIIRS,l,2.0NRT,307.71,7.07,D
30.57217,75.38947,334.48,0.41,0.45,2026-05-03,828,N21,VIIRS,l,2.0NRT,307.78,2,D
30.58086,75.3537,346.62,0.41,0.45,2026-05-03,828,N21,VIIRS,n,2.0NRT,309.51,9.13,D
30.5817,75.4402,335.72,0.41,0.45,2026-05-03,828,N21,VIIRS,n,2.0NRT,303.64,5.63,D
30.58215,75.4445,343.13,0.41,0.45,2026-05-03,828,N21,VIIRS,n,2.0NRT,307.45,5.63,D
30.5828,71.17294,340.69,0.41,0.37,2026-05-03,828,N21,VIIRS,l,2.0NRT,315.03,14.93,D
30.58686,74.50043,342.14,0.55,0.43,2026-05-03,828,N21,VIIRS,n,2.0NRT,308.21,10.81,D
30.58777,70.88577,336.35,0.4,0.37,2026-05-03,828,N21,VIIRS,l,2.0NRT,308.91,1.85,D
30.58951,75.35677,344.63,0.41,0.45,2026-05-03,828,N21,VIIRS,n,2.0NRT,308.11,6.85,D
30.59071,75.94295,343.36,0.44,0.46,2026-05-03,828,N21,VIIRS,n,2.0NRT,306.36,5.98,D
30.59111,70.88514,342.36,0.4,0.37,2026-05-03,828,N21,VIIRS,n,2.0NRT,311.03,5.82,D
30.59113,75.61066,342.99,0.42,0.45,2026-05-03,828,N21,VIIRS,n,2.0NRT,307.24,4.29,D
30.59407,75.36043,338.03,0.41,0.45,2026-05-03,828,N21,VIIRS,n,2.0NRT,306.84,14.47,D
30.59452,75.36468,343.51,0.41,0.45,2026-05-03,828,N21,VIIRS,n,2.0NRT,310.49,14.47,D
30.59469,74.36064,336.84,0.54,0.42,2026-05-03,828,N21,VIIRS,n,2.0NRT,306.01,3.11,D
30.59498,75.36893,337.23,0.41,0.45,2026-05-03,828,N21,VIIRS,n,2.0NRT,303.37,3.94,D
30.59519,70.8166,340.28,0.4,0.37,2026-05-03,828,N21,VIIRS,l,2.0NRT,312.25,8.14,D
30.59544,75.37318,335.81,0.41,0.45,2026-05-03,828,N21,VIIRS,l,2.0NRT,306.29,3.94,D
30.59632,75.30421,349.9,0.41,0.45,2026-05-03,828,N21,VIIRS,n,2.0NRT,308.19,8.06,D
30.59677,75.50369,347.42,0.42,0.45,2026-05-03,828,N21,VIIRS,n,2.0NRT,306.4,6.37,D
30.60241,74.32515,338.6,0.54,0.42,2026-05-03,828,N21,VIIRS,n,2.0NRT,306.21,4.62,D
30.60363,74.26808,337.09,0.54,0.42,2026-05-03,828,N21,VIIRS,n,2.0NRT,304.68,4.86,D
30.60428,74.27366,339.57,0.54,0.42,2026-05-03,828,N21,VIIRS,n,2.0NRT,305.83,4.86,D
30.60579,74.27148,345.1,0.54,0.42,2026-05-03,828,N21,VIIRS,n,2.0NRT,305.92,7.2,D
30.60834,71.77685,334.52,0.42,0.38,2026-05-03,828,N21,VIIRS,l,2.0NRT,306.88,1.42,D
30.60854,71.85753,334.57,0.42,0.38,2026-05-03,828,N21,VIIRS,l,2.0NRT,308.95,4.42,D
30.60914,70.77749,349.42,0.4,0.37,2026-05-03,828,N21,VIIRS,n,2.0NRT,313.64,13.89,D
30.60951,71.78558,336.32,0.42,0.38,2026-05-03,828,N21,VIIRS,l,2.0NRT,307.54,2.23,D
30.6146,74.29479,338.95,0.54,0.42,2026-05-03,828,N21,VIIRS,n,2.0NRT,305.9,6.82,D
30.61478,70.79333,344.1,0.4,0.37,2026-05-03,828,N21,VIIRS,l,2.0NRT,317.59,7.7,D
30.61598,74.29264,338.27,0.54,0.42,2026-05-03,828,N21,VIIRS,n,2.0NRT,306.77,6.13,D
30.61812,70.79269,345.09,0.4,0.37,2026-05-03,828,N21,VIIRS,n,2.0NRT,314.52,7.34,D
30.62591,71.46472,339.78,0.41,0.37,2026-05-03,828,N21,VIIRS,l,2.0NRT,313.45,6.94,D
30.62649,71.469,341.76,0.41,0.37,2026-05-03,828,N21,VIIRS,l,2.0NRT,315.75,6.94,D
30.62926,74.73631,343.81,0.57,0.43,2026-05-03,828,N21,VIIRS,n,2.0NRT,308.54,8.44,D
30.62932,71.4641,340.4,0.41,0.37,2026-05-03,828,N21,VIIRS,l,2.0NRT,314.42,11.23,D
30.63108,74.1828,335.18,0.53,0.42,2026-05-03,828,N21,VIIRS,l,2.0NRT,306.97,4.17,D
30.63415,74.39481,348.91,0.55,0.42,2026-05-03,828,N21,VIIRS,n,2.0NRT,307.49,9.26,D
30.63494,74.39285,338.73,0.55,0.42,2026-05-03,828,N21,VIIRS,n,2.0NRT,307.81,4.05,D
30.63557,74.39851,334.54,0.55,0.42,2026-05-03,828,N21,VIIRS,l,2.0NRT,305.94,4.05,D
30.63563,75.09198,353.04,0.4,0.44,2026-05-03,828,N21,VIIRS,n,2.0NRT,315.89,23.55,D
30.63607,75.09609,355.08,0.4,0.44,2026-05-03,828,N21,VIIRS,n,2.0NRT,308.54,23.55,D
30.63736,75.60862,338.92,0.42,0.45,2026-05-03,828,N21,VIIRS,n,2.0NRT,303.41,4.48,D
30.63745,74.42315,335.27,0.55,0.42,2026-05-03,828,N21,VIIRS,l,2.0NRT,307.69,3.19,D
30.63807,74.42122,353.74,0.55,0.43,2026-05-03,828,N21,VIIRS,n,2.0NRT,309.97,10.37,D
30.63916,74.78899,337.73,0.57,0.43,2026-05-03,828,N21,VIIRS,l,2.0NRT,308.93,12.32,D
30.63931,74.22098,336.87,0.53,0.42,2026-05-03,828,N21,VIIRS,n,2.0NRT,305.76,3.43,D
30.63982,74.79494,348.84,0.57,0.43,2026-05-03,828,N21,VIIRS,n,2.0NRT,308.67,12.32,D
30.64196,74.42063,345.75,0.55,0.43,2026-05-03,828,N21,VIIRS,n,2.0NRT,307.84,10.37,D
30.64259,74.42632,338.77,0.55,0.43,2026-05-03,828,N21,VIIRS,n,2.0NRT,307.25,5.99,D
30.6433,72.23017,334.42,0.44,0.38,2026-05-03,828,N21,VIIRS,l,2.0NRT,305.27,1.41,D
30.64448,74.19762,333.32,0.53,0.42,2026-05-03,828,N21,VIIRS,l,2.0NRT,304.65,2.81,D
30.64473,74.48585,341.23,0.55,0.43,2026-05-03,828,N21,VIIRS,n,2.0NRT,308.8,7.09,D
30.64499,74.48403,342,0.55,0.43,2026-05-03,828,N21,VIIRS,n,2.0NRT,308.89,7.44,D
30.64615,75.38853,343.34,0.41,0.45,2026-05-03,828,N21,VIIRS,n,2.0NRT,306.26,6.16,D
30.64937,74.52599,336.44,0.55,0.43,2026-05-03,828,N21,VIIRS,l,2.0NRT,307.7,3.25,D
30.64939,74.52424,338.74,0.55,0.43,2026-05-03,828,N21,VIIRS,n,2.0NRT,308,3.31,D
30.65024,70.75282,346.02,0.4,0.37,2026-05-03,828,N21,VIIRS,n,2.0NRT,315.53,16.11,D
30.65368,75.30114,336.46,0.41,0.45,2026-05-03,828,N21,VIIRS,n,2.0NRT,305.87,2.09,D
30.65718,74.84188,345.42,0.38,0.43,2026-05-03,828,N21,VIIRS,n,2.0NRT,308.33,6.05,D
30.65727,74.20691,334.31,0.53,0.42,2026-05-03,828,N21,VIIRS,l,2.0NRT,305.93,3.92,D
30.65775,74.31474,349.31,0.54,0.42,2026-05-03,828,N21,VIIRS,n,2.0NRT,308.18,11.79,D
30.65896,74.85785,367,0.38,0.44,2026-05-03,828,N21,VIIRS,h,2.0NRT,309.67,9.72,D
30.66048,74.20077,332.68,0.53,0.42,2026-05-03,828,N21,VIIRS,l,2.0NRT,305.45,2.35,D
30.66257,75.00072,348.75,0.39,0.44,2026-05-03,828,N21,VIIRS,n,2.0NRT,308.56,6.03,D
30.66393,74.65784,335.86,0.56,0.43,2026-05-03,828,N21,VIIRS,l,2.0NRT,307.03,4.96,D
30.66472,74.65936,339.72,0.56,0.43,2026-05-03,828,N21,VIIRS,n,2.0NRT,307.19,4.89,D
30.66703,74.50401,335.03,0.55,0.43,2026-05-03,828,N21,VIIRS,l,2.0NRT,307.61,2.39,D
30.66853,71.70457,337.91,0.42,0.38,2026-05-03,828,N21,VIIRS,l,2.0NRT,309.96,4.64,D
30.67294,74.48559,338.51,0.55,0.43,2026-05-03,828,N21,VIIRS,n,2.0NRT,307.85,3.76,D
30.68541,74.3851,344.3,0.55,0.42,2026-05-03,828,N21,VIIRS,n,2.0NRT,307.39,4.5,D
30.68701,71.79072,338.01,0.42,0.38,2026-05-03,828,N21,VIIRS,n,2.0NRT,307.32,2.6,D
30.6873,75.26628,337.58,0.41,0.45,2026-05-03,828,N21,VIIRS,n,2.0NRT,303.61,3.4,D
30.69102,73.96645,336.52,0.52,0.42,2026-05-03,828,N21,VIIRS,n,2.0NRT,305.19,3.18,D
30.69124,71.95702,341.74,0.43,0.38,2026-05-03,828,N21,VIIRS,n,2.0NRT,309.49,4.91,D
30.69154,73.96774,340.07,0.52,0.42,2026-05-03,828,N21,VIIRS,n,2.0NRT,304.34,5.51,D
30.69573,71.85664,334.18,0.43,0.38,2026-05-03,828,N21,VIIRS,l,2.0NRT,304.32,3.4,D
30.70137,75.28138,344.28,0.41,0.45,2026-05-03,828,N21,VIIRS,n,2.0NRT,304.62,4.93,D
30.7055,75.35833,340.7,0.41,0.45,2026-05-03,828,N21,VIIRS,n,2.0NRT,302.96,2.93,D
30.70732,75.82197,351.04,0.44,0.46,2026-05-03,828,N21,VIIRS,n,2.0NRT,304.45,9.72,D
30.70758,71.76013,343.85,0.42,0.38,2026-05-03,828,N21,VIIRS,n,2.0NRT,311.81,4.94,D
30.71102,71.75951,336.49,0.42,0.38,2026-05-03,828,N21,VIIRS,l,2.0NRT,309.18,4.21,D
30.71109,71.7864,342.76,0.42,0.38,2026-05-03,828,N21,VIIRS,n,2.0NRT,309.79,3.34,D
30.71287,75.1572,347.43,0.4,0.44,2026-05-03,828,N21,VIIRS,n,2.0NRT,305.48,5.04,D
30.71367,74.78243,345.86,0.57,0.43,2026-05-03,828,N21,VIIRS,n,2.0NRT,309.4,11.48,D
30.71764,74.78184,341.94,0.57,0.43,2026-05-03,828,N21,VIIRS,n,2.0NRT,308.57,13.85,D
30.72142,75.16018,339.68,0.4,0.44,2026-05-03,828,N21,VIIRS,n,2.0NRT,305.4,4.94,D
30.72435,74.51871,338.94,0.56,0.43,2026-05-03,828,N21,VIIRS,n,2.0NRT,308.45,3.75,D
30.73002,74.361,336.23,0.54,0.42,2026-05-03,828,N21,VIIRS,l,2.0NRT,307.93,3.76,D
30.73105,74.35979,339.99,0.55,0.42,2026-05-03,828,N21,VIIRS,n,2.0NRT,308.42,7.75,D
30.7333,74.38933,339.61,0.55,0.42,2026-05-03,828,N21,VIIRS,n,2.0NRT,308.31,4.6,D
30.73355,74.38249,335.75,0.55,0.42,2026-05-03,828,N21,VIIRS,l,2.0NRT,306.52,11.22,D
30.7339,74.3604,339.73,0.54,0.42,2026-05-03,828,N21,VIIRS,n,2.0NRT,307.8,3.42,D
30.73417,74.38817,344.71,0.55,0.42,2026-05-03,828,N21,VIIRS,n,2.0NRT,309.57,11.22,D
30.73604,74.40526,337.35,0.55,0.43,2026-05-03,828,N21,VIIRS,l,2.0NRT,308.43,5.38,D
30.73653,74.38306,339.49,0.55,0.42,2026-05-03,828,N21,VIIRS,n,2.0NRT,308.69,10.62,D
30.7385,74.40009,348.76,0.55,0.42,2026-05-03,828,N21,VIIRS,n,2.0NRT,308.98,7.39,D
30.73916,74.40578,338.62,0.55,0.43,2026-05-03,828,N21,VIIRS,l,2.0NRT,309.69,7.39,D
30.7393,74.39896,349.2,0.55,0.43,2026-05-03,828,N21,VIIRS,n,2.0NRT,308.76,12.47,D
30.73993,74.40466,339.93,0.55,0.43,2026-05-03,828,N21,VIIRS,n,2.0NRT,309.68,5.38,D
30.74239,74.39951,349.33,0.55,0.42,2026-05-03,828,N21,VIIRS,n,2.0NRT,308.66,7.39,D
30.74268,74.57481,336.97,0.56,0.43,2026-05-03,828,N21,VIIRS,l,2.0NRT,308.65,3.65,D
30.7474,74.29412,348.27,0.54,0.42,2026-05-03,828,N21,VIIRS,n,2.0NRT,308.93,12.53,D
30.75001,74.28229,344.46,0.54,0.42,2026-05-03,828,N21,VIIRS,n,2.0NRT,308.01,10.85,D
30.75576,74.29855,336.3,0.54,0.42,2026-05-03,828,N21,VIIRS,l,2.0NRT,307.64,2.17,D
30.76321,74.61829,336.2,0.56,0.43,2026-05-03,828,N21,VIIRS,l,2.0NRT,308.26,3.67,D
30.76337,74.73203,335.67,0.57,0.43,2026-05-03,828,N21,VIIRS,l,2.0NRT,308.08,8.62,D
30.76457,74.73256,351.22,0.57,0.43,2026-05-03,828,N21,VIIRS,n,2.0NRT,308.98,13.37,D
30.76733,74.73145,349.13,0.57,0.43,2026-05-03,828,N21,VIIRS,n,2.0NRT,308.97,8.62,D
30.76853,74.73197,339.52,0.57,0.43,2026-05-03,828,N21,VIIRS,n,2.0NRT,307.35,4.46,D
30.76961,71.78261,343.46,0.42,0.38,2026-05-03,828,N21,VIIRS,n,2.0NRT,308.97,5.29,D
30.77164,72.21849,340.8,0.44,0.38,2026-05-03,828,N21,VIIRS,n,2.0NRT,309.43,20.57,D
30.78088,74.95097,344.63,0.39,0.44,2026-05-03,828,N21,VIIRS,n,2.0NRT,305.72,4.31,D
30.78524,74.8805,337.03,0.39,0.44,2026-05-03,828,N21,VIIRS,n,2.0NRT,304.09,3.72,D
30.78628,71.80212,348.1,0.42,0.38,2026-05-03,828,N21,VIIRS,n,2.0NRT,314.42,22.69,D
30.78689,74.8776,342.46,0.39,0.44,2026-05-03,828,N21,VIIRS,n,2.0NRT,304.71,5.55,D
30.78732,74.88163,339.52,0.39,0.44,2026-05-03,828,N21,VIIRS,n,2.0NRT,304.83,5.42,D
30.78924,74.87991,343.66,0.39,0.44,2026-05-03,828,N21,VIIRS,n,2.0NRT,305.6,3.72,D
30.80144,74.49437,335.8,0.55,0.43,2026-05-03,828,N21,VIIRS,l,2.0NRT,306.21,3.72,D
30.80535,74.49377,336.41,0.55,0.43,2026-05-03,828,N21,VIIRS,n,2.0NRT,306.26,3.72,D
30.8236,74.54987,342.22,0.56,0.43,2026-05-03,828,N21,VIIRS,n,2.0NRT,306.31,8.81,D
30.82687,74.54346,338.15,0.56,0.43,2026-05-03,828,N21,VIIRS,n,2.0NRT,305.3,8.81,D
30.82752,74.54928,348.1,0.56,0.43,2026-05-03,828,N21,VIIRS,n,2.0NRT,307.61,8.81,D
30.83173,72.20589,337.72,0.44,0.38,2026-05-03,828,N21,VIIRS,l,2.0NRT,307.76,11.05,D
30.83748,74.89469,339.35,0.39,0.44,2026-05-03,828,N21,VIIRS,n,2.0NRT,303.05,3.06,D
30.84124,74.52949,336.31,0.56,0.43,2026-05-03,828,N21,VIIRS,n,2.0NRT,305.18,3.68,D
30.8579,73.81207,333.24,0.51,0.41,2026-05-03,828,N21,VIIRS,n,2.0NRT,302.76,2.56,D
30.85823,75.04932,338.24,0.4,0.44,2026-05-03,828,N21,VIIRS,n,2.0NRT,303.2,3.31,D
30.87739,74.77859,350.41,0.38,0.43,2026-05-03,828,N21,VIIRS,n,2.0NRT,311.82,23.36,D
30.87784,74.78257,344.23,0.38,0.43,2026-05-03,828,N21,VIIRS,n,2.0NRT,306.91,23.36,D
30.8796,72.21614,345.94,0.44,0.38,2026-05-03,828,N21,VIIRS,n,2.0NRT,308.44,4.74,D
30.8816,74.46275,336.82,0.55,0.43,2026-05-03,828,N21,VIIRS,n,2.0NRT,305.95,7.01,D
30.88487,74.45641,338.37,0.55,0.43,2026-05-03,828,N21,VIIRS,n,2.0NRT,306.33,7.01,D
30.88551,74.46217,348.53,0.55,0.43,2026-05-03,828,N21,VIIRS,n,2.0NRT,307.34,7.01,D
30.88674,71.93054,351.48,0.43,0.38,2026-05-03,828,N21,VIIRS,n,2.0NRT,309.93,11.3,D
30.88877,74.4558,345.47,0.55,0.43,2026-05-03,828,N21,VIIRS,n,2.0NRT,310.47,43.37,D
30.90401,71.87285,342.57,0.43,0.38,2026-05-03,828,N21,VIIRS,n,2.0NRT,308.99,7.63,D
30.90643,72.05539,331.83,0.43,0.38,2026-05-03,828,N21,VIIRS,l,2.0NRT,305.96,2.46,D
30.92493,71.97861,335.92,0.43,0.38,2026-05-03,828,N21,VIIRS,n,2.0NRT,305.91,2.61,D
30.92539,71.90088,337.15,0.43,0.38,2026-05-03,828,N21,VIIRS,l,2.0NRT,309.01,5.53,D
30.94547,72.96626,336.55,0.47,0.4,2026-05-03,828,N21,VIIRS,n,2.0NRT,302.99,3.07,D
30.94727,71.87878,339.97,0.43,0.38,2026-05-03,828,N21,VIIRS,n,2.0NRT,309.06,3.38,D
30.94917,71.94685,339.69,0.43,0.38,2026-05-03,828,N21,VIIRS,l,2.0NRT,309.86,8.2,D
30.95264,71.94624,339.07,0.43,0.38,2026-05-03,828,N21,VIIRS,l,2.0NRT,310.04,3.34,D
30.95457,70.76981,338.68,0.4,0.37,2026-05-03,828,N21,VIIRS,l,2.0NRT,312.6,3.32,D
30.98763,72.26904,339.77,0.44,0.38,2026-05-03,828,N21,VIIRS,n,2.0NRT,309.66,6.29,D
30.98919,72.17056,330.34,0.44,0.38,2026-05-03,828,N21,VIIRS,l,2.0NRT,303.93,1.07,D
30.99534,74.62761,344.57,0.57,0.43,2026-05-03,828,N21,VIIRS,n,2.0NRT,303.68,8.72,D
31.00313,71.93863,338.8,0.43,0.38,2026-05-03,828,N21,VIIRS,l,2.0NRT,309.47,4.29,D
31.00751,72.25619,335.54,0.44,0.38,2026-05-03,828,N21,VIIRS,l,2.0NRT,309.03,3.57,D
31.01181,71.95083,337.44,0.43,0.38,2026-05-03,828,N21,VIIRS,l,2.0NRT,308.07,1.69,D
31.02903,73.28262,334.74,0.49,0.4,2026-05-03,828,N21,VIIRS,l,2.0NRT,305.23,2.93,D
31.0496,72.05002,341.76,0.43,0.38,2026-05-03,828,N21,VIIRS,n,2.0NRT,308.08,7.28,D
31.05186,71.22565,339.61,0.41,0.37,2026-05-03,828,N21,VIIRS,l,2.0NRT,314.35,3.81,D
31.05276,73.47723,335.89,0.5,0.41,2026-05-03,828,N21,VIIRS,n,2.0NRT,300.98,3.97,D
31.05734,72.24911,331.21,0.44,0.38,2026-05-03,828,N21,VIIRS,l,2.0NRT,306.08,2.5,D
31.0594,74.92088,336.4,0.39,0.44,2026-05-03,828,N21,VIIRS,n,2.0NRT,300.52,2.15,D
31.0759,74.73756,351.91,0.38,0.43,2026-05-03,828,N21,VIIRS,n,2.0NRT,302.35,6.82,D
31.0774,73.41285,331.28,0.49,0.41,2026-05-03,828,N21,VIIRS,l,2.0NRT,303.93,2.89,D
31.09181,74.73518,338.72,0.38,0.43,2026-05-03,828,N21,VIIRS,n,2.0NRT,301.4,2.47,D
31.10583,73.24158,338.32,0.49,0.4,2026-05-03,828,N21,VIIRS,n,2.0NRT,307.23,4.35,D
31.11647,72.23409,340.84,0.44,0.38,2026-05-03,828,N21,VIIRS,n,2.0NRT,307.4,3.6,D
31.13895,72.54955,336.96,0.45,0.39,2026-05-03,828,N21,VIIRS,l,2.0NRT,308.34,2.87,D
31.13923,73.48721,336.87,0.5,0.41,2026-05-03,828,N21,VIIRS,l,2.0NRT,307.12,3.04,D
31.15111,74.55566,337.29,0.56,0.43,2026-05-03,828,N21,VIIRS,n,2.0NRT,304.73,4.61,D
31.15392,73.14875,336.49,0.48,0.4,2026-05-03,828,N21,VIIRS,l,2.0NRT,309.01,4.37,D
31.16003,73.1375,331.3,0.48,0.4,2026-05-03,828,N21,VIIRS,l,2.0NRT,306.13,2.37,D
31.16755,74.55917,341.6,0.56,0.43,2026-05-03,828,N21,VIIRS,n,2.0NRT,305.06,6.3,D
31.17075,74.88147,338.91,0.39,0.44,2026-05-03,828,N21,VIIRS,n,2.0NRT,301.78,4.29,D
31.19308,74.54158,332.57,0.56,0.43,2026-05-03,828,N21,VIIRS,n,2.0NRT,300.72,3.63,D
31.20285,74.26907,336.09,0.55,0.42,2026-05-03,828,N21,VIIRS,n,2.0NRT,302.87,6.83,D
31.22002,73.90863,332.62,0.52,0.42,2026-05-03,828,N21,VIIRS,n,2.0NRT,298.85,3.67,D
31.22276,73.90601,330.67,0.52,0.42,2026-05-03,828,N21,VIIRS,n,2.0NRT,299.07,3.29,D
31.2303,70.6721,341.08,0.4,0.37,2026-05-03,828,N21,VIIRS,l,2.0NRT,311.09,35.75,D
31.23173,74.94398,343.62,0.4,0.44,2026-05-03,828,N21,VIIRS,n,2.0NRT,303.93,4.64,D
31.23749,74.95993,337.9,0.4,0.44,2026-05-03,828,N21,VIIRS,n,2.0NRT,305.04,3.39,D
31.25681,72.8316,331.73,0.47,0.4,2026-05-03,828,N21,VIIRS,l,2.0NRT,305.03,1.97,D
31.27669,73.67196,339.43,0.51,0.41,2026-05-03,828,N21,VIIRS,n,2.0NRT,305.77,5.43,D
31.28238,73.72009,337.03,0.51,0.41,2026-05-03,828,N21,VIIRS,n,2.0NRT,306.54,3,D
31.28496,73.84066,340.55,0.52,0.42,2026-05-03,828,N21,VIIRS,n,2.0NRT,304.28,5.06,D
31.30052,75.20737,340.33,0.41,0.45,2026-05-03,828,N21,VIIRS,n,2.0NRT,300.43,5.13,D
31.31715,74.65913,341.79,0.38,0.43,2026-05-03,828,N21,VIIRS,n,2.0NRT,303.57,2.86,D
31.32159,74.77728,341.07,0.39,0.44,2026-05-03,828,N21,VIIRS,n,2.0NRT,300.36,3.48,D
31.32478,73.85523,331.4,0.52,0.42,2026-05-03,828,N21,VIIRS,l,2.0NRT,305.84,5.1,D
31.34122,75.00459,337,0.4,0.44,2026-05-03,828,N21,VIIRS,n,2.0NRT,303.11,1.74,D
31.3453,73.73052,333.77,0.52,0.41,2026-05-03,828,N21,VIIRS,l,2.0NRT,304.02,3.18,D
31.34939,72.16154,337.16,0.44,0.38,2026-05-03,828,N21,VIIRS,l,2.0NRT,307.29,3.61,D
31.37488,74.63319,339.87,0.57,0.43,2026-05-03,828,N21,VIIRS,n,2.0NRT,299.76,5.43,D
31.37966,72.5199,330.01,0.46,0.39,2026-05-03,828,N21,VIIRS,l,2.0NRT,304.43,1.31,D
31.38083,74.61404,336.36,0.57,0.43,2026-05-03,828,N21,VIIRS,n,2.0NRT,304.18,5.22,D
31.39395,72.22933,346.23,0.44,0.39,2026-05-03,828,N21,VIIRS,n,2.0NRT,308.45,11.01,D
31.39887,70.76637,335.8,0.4,0.37,2026-05-03,828,N21,VIIRS,l,2.0NRT,309.26,3.59,D
31.39979,74.97478,348.42,0.4,0.44,2026-05-03,828,N21,VIIRS,n,2.0NRT,305.75,10.44,D
31.401,72.2281,347.59,0.44,0.39,2026-05-03,828,N21,VIIRS,n,2.0NRT,308.31,5.81,D
31.40159,72.23274,333.69,0.44,0.39,2026-05-03,828,N21,VIIRS,l,2.0NRT,307.72,5.81,D
31.40218,72.23738,334.86,0.44,0.39,2026-05-03,828,N21,VIIRS,l,2.0NRT,305.84,4.1,D
31.40396,73.80383,346.53,0.52,0.42,2026-05-03,828,N21,VIIRS,n,2.0NRT,305.89,7.83,D
31.40853,74.62136,335.25,0.57,0.43,2026-05-03,828,N21,VIIRS,n,2.0NRT,302.8,13.96,D
31.40925,74.61584,336.89,0.57,0.43,2026-05-03,828,N21,VIIRS,n,2.0NRT,304.83,11.42,D
31.4122,72.25939,338.94,0.45,0.39,2026-05-03,828,N21,VIIRS,l,2.0NRT,309.63,7.48,D
31.41608,74.54138,334.47,0.57,0.43,2026-05-03,828,N21,VIIRS,n,2.0NRT,301.38,3.32,D
31.42383,73.97409,333.32,0.53,0.42,2026-05-03,828,N21,VIIRS,n,2.0NRT,303.18,3.26,D
31.42539,72.44895,332.63,0.45,0.39,2026-05-03,828,N21,VIIRS,l,2.0NRT,307.47,1.48,D
31.43427,72.43292,330.14,0.45,0.39,2026-05-03,828,N21,VIIRS,l,2.0NRT,304.87,2.17,D
31.44223,72.26843,336.7,0.45,0.39,2026-05-03,828,N21,VIIRS,l,2.0NRT,308.98,6.22,D
31.44283,72.27309,339.7,0.45,0.39,2026-05-03,828,N21,VIIRS,l,2.0NRT,310.09,6.22,D
31.45011,70.64079,335.38,0.4,0.37,2026-05-03,828,N21,VIIRS,l,2.0NRT,309.61,2.1,D
31.45462,72.28058,339.24,0.45,0.39,2026-05-03,828,N21,VIIRS,l,2.0NRT,310.75,3.29,D
31.45477,72.28317,335.52,0.45,0.39,2026-05-03,828,N21,VIIRS,l,2.0NRT,308.81,3.89,D
31.45899,72.14478,332.86,0.44,0.38,2026-05-03,828,N21,VIIRS,l,2.0NRT,305.45,2.14,D
31.47842,73.91859,335.49,0.53,0.42,2026-05-03,828,N21,VIIRS,n,2.0NRT,302.08,6.34,D
31.48186,72.24031,345,0.45,0.39,2026-05-03,828,N21,VIIRS,n,2.0NRT,308.82,4.05,D
31.50485,72.4235,339.05,0.45,0.39,2026-05-03,828,N21,VIIRS,n,2.0NRT,304.6,6.46,D
31.50545,72.34142,340.16,0.45,0.39,2026-05-03,828,N21,VIIRS,n,2.0NRT,308.62,6.03,D
31.50593,72.20283,337.42,0.44,0.39,2026-05-03,828,N21,VIIRS,n,2.0NRT,306.43,2.61,D
31.53231,72.18397,333.79,0.44,0.39,2026-05-03,828,N21,VIIRS,l,2.0NRT,306.64,3.14,D
31.53344,72.16482,340.04,0.44,0.39,2026-05-03,828,N21,VIIRS,n,2.0NRT,306.68,4.6,D
31.5355,70.64665,339.28,0.4,0.37,2026-05-03,828,N21,VIIRS,n,2.0NRT,310.57,4.24,D
31.54339,72.15833,335.16,0.44,0.39,2026-05-03,828,N21,VIIRS,l,2.0NRT,307.34,4.49,D
31.54984,72.1778,337.85,0.44,0.39,2026-05-03,828,N21,VIIRS,n,2.0NRT,307.44,4.39,D
31.55863,72.19051,336.7,0.44,0.39,2026-05-03,828,N21,VIIRS,n,2.0NRT,306.61,3.16,D
31.56041,72.17596,342.02,0.44,0.39,2026-05-03,828,N21,VIIRS,n,2.0NRT,307.61,4.76,D
31.56216,72.18988,341.39,0.44,0.39,2026-05-03,828,N21,VIIRS,n,2.0NRT,308,10.78,D
31.56332,72.19918,347.44,0.44,0.39,2026-05-03,828,N21,VIIRS,n,2.0NRT,308.56,4.32,D
31.56452,72.15152,333.1,0.44,0.39,2026-05-03,828,N21,VIIRS,l,2.0NRT,307.15,3.5,D
31.56511,72.15615,338.39,0.44,0.39,2026-05-03,828,N21,VIIRS,n,2.0NRT,307.81,5.89,D
31.57414,72.397,335.53,0.45,0.39,2026-05-03,828,N21,VIIRS,l,2.0NRT,305.96,4.76,D
31.57436,72.34565,337.76,0.45,0.39,2026-05-03,828,N21,VIIRS,n,2.0NRT,307.16,4.78,D
31.57665,72.39355,336.58,0.45,0.39,2026-05-03,828,N21,VIIRS,n,2.0NRT,305.52,3.69,D
31.57858,72.2346,335.41,0.45,0.39,2026-05-03,828,N21,VIIRS,l,2.0NRT,306.38,1.71,D
31.58011,72.45118,339.64,0.45,0.39,2026-05-03,828,N21,VIIRS,l,2.0NRT,309.96,14.35,D
31.58081,72.44919,342.19,0.45,0.39,2026-05-03,828,N21,VIIRS,n,2.0NRT,309.76,17.03,D
31.58484,72.46009,338.59,0.46,0.39,2026-05-03,828,N21,VIIRS,n,2.0NRT,306.46,5.71,D
31.58559,72.4581,341.53,0.45,0.39,2026-05-03,828,N21,VIIRS,n,2.0NRT,306.99,9.04,D
31.58841,72.45947,337,0.46,0.39,2026-05-03,828,N21,VIIRS,n,2.0NRT,305.82,4.29,D
31.61203,72.15739,332.98,0.44,0.39,2026-05-03,828,N21,VIIRS,l,2.0NRT,305.75,2.29,D
31.62341,72.33231,345.4,0.45,0.39,2026-05-03,828,N21,VIIRS,n,2.0NRT,307.22,3.48,D
31.63714,72.52927,333.23,0.46,0.39,2026-05-03,828,N21,VIIRS,l,2.0NRT,305.71,2.59,D
31.64212,72.2235,337.65,0.45,0.39,2026-05-03,828,N21,VIIRS,n,2.0NRT,304.81,2.08,D
31.65435,72.17847,336.25,0.44,0.39,2026-05-03,828,N21,VIIRS,n,2.0NRT,306.05,5.13,D
31.65465,72.18024,346.33,0.44,0.39,2026-05-03,828,N21,VIIRS,n,2.0NRT,307.34,4.57,D
31.65495,72.18312,344.89,0.44,0.39,2026-05-03,828,N21,VIIRS,n,2.0NRT,307.97,5.13,D
31.65523,72.18491,338.09,0.45,0.39,2026-05-03,828,N21,VIIRS,n,2.0NRT,305.82,4.57,D
31.65814,72.20826,337.55,0.45,0.39,2026-05-03,828,N21,VIIRS,n,2.0NRT,306.72,4.29,D
31.65857,72.21107,338.11,0.45,0.39,2026-05-03,828,N21,VIIRS,n,2.0NRT,306.48,4.57,D
31.65913,72.47163,330.43,0.46,0.39,2026-05-03,828,N21,VIIRS,l,2.0NRT,303.55,1.76,D
31.65935,74.96598,333.16,0.4,0.44,2026-05-03,828,N21,VIIRS,n,2.0NRT,300.68,2.31,D
31.66461,72.57376,333.71,0.46,0.39,2026-05-03,828,N21,VIIRS,l,2.0NRT,304.05,3.39,D
31.6655,72.37814,340.74,0.45,0.39,2026-05-03,828,N21,VIIRS,n,2.0NRT,304.63,6.2,D
31.66891,74.59258,331.94,0.38,0.43,2026-05-03,828,N21,VIIRS,n,2.0NRT,300.48,3.1,D
31.67812,72.44884,335.49,0.46,0.39,2026-05-03,828,N21,VIIRS,l,2.0NRT,308.45,4.5,D
31.70117,74.66576,341.87,0.39,0.44,2026-05-03,828,N21,VIIRS,n,2.0NRT,303.22,8.58,D
31.70994,72.24705,346.5,0.45,0.39,2026-05-03,828,N21,VIIRS,n,2.0NRT,305.07,9.56,D
31.7176,72.2505,335.34,0.45,0.39,2026-05-03,828,N21,VIIRS,n,2.0NRT,303.29,4.43,D
31.71819,72.2552,331.71,0.45,0.39,2026-05-03,828,N21,VIIRS,l,2.0NRT,304.92,4,D
31.7316,73.5404,338.46,0.51,0.41,2026-05-03,828,N21,VIIRS,n,2.0NRT,305.49,5.49,D
31.73267,73.25591,336.56,0.49,0.41,2026-05-03,828,N21,VIIRS,n,2.0NRT,304.76,6.45,D
31.73638,73.2553,336.62,0.49,0.41,2026-05-03,828,N21,VIIRS,n,2.0NRT,304.44,3.12,D
31.74109,73.72276,337.81,0.52,0.41,2026-05-03,828,N21,VIIRS,n,2.0NRT,304.81,2.84,D
31.74139,72.44001,342.36,0.46,0.39,2026-05-03,828,N21,VIIRS,n,2.0NRT,308.25,11.6,D
31.74312,72.3667,335.48,0.45,0.39,2026-05-03,828,N21,VIIRS,n,2.0NRT,304.77,5.24,D
31.76953,72.26067,337.72,0.45,0.39,2026-05-03,828,N21,VIIRS,n,2.0NRT,305.97,4.6,D
31.80499,73.64378,346.62,0.52,0.41,2026-05-03,828,N21,VIIRS,n,2.0NRT,302.29,6.64,D
31.81327,74.67133,335.8,0.39,0.44,2026-05-03,828,N21,VIIRS,n,2.0NRT,300.51,2.62,D
31.82838,74.1223,333.15,0.55,0.42,2026-05-03,828,N21,VIIRS,n,2.0NRT,301.46,3.78,D
31.83816,73.26803,335.45,0.5,0.41,2026-05-03,828,N21,VIIRS,n,2.0NRT,304.09,5.64,D
31.84958,73.86035,336.99,0.53,0.42,2026-05-03,828,N21,VIIRS,n,2.0NRT,305.25,5.92,D
31.85022,73.86592,335.31,0.53,0.42,2026-05-03,828,N21,VIIRS,n,2.0NRT,302.75,5.92,D
31.8524,73.86366,347.46,0.53,0.42,2026-05-03,828,N21,VIIRS,n,2.0NRT,307.37,17.69,D
31.8534,73.85976,336.71,0.53,0.42,2026-05-03,828,N21,VIIRS,n,2.0NRT,303.1,5.4,D
31.85405,73.86532,339.35,0.53,0.42,2026-05-03,828,N21,VIIRS,n,2.0NRT,305.06,5.4,D
31.85803,73.70535,337.93,0.52,0.42,2026-05-03,828,N21,VIIRS,n,2.0NRT,306.96,9.43,D
31.86164,73.94769,335.89,0.54,0.42,2026-05-03,828,N21,VIIRS,l,2.0NRT,306.81,7.35,D
31.87252,72.96253,337.43,0.48,0.4,2026-05-03,828,N21,VIIRS,n,2.0NRT,303.83,4.23,D
31.87676,74.02771,337.56,0.54,0.42,2026-05-03,828,N21,VIIRS,n,2.0NRT,305.07,4.15,D
31.87801,74.02569,336.29,0.54,0.42,2026-05-03,828,N21,VIIRS,n,2.0NRT,304.84,4.43,D
31.87969,72.36039,340.96,0.45,0.39,2026-05-03,828,N21,VIIRS,n,2.0NRT,305.85,2.95,D
31.91339,72.31786,332.74,0.45,0.39,2026-05-03,828,N21,VIIRS,l,2.0NRT,307.13,1.06,D
31.93538,73.50404,337.62,0.51,0.41,2026-05-03,828,N21,VIIRS,n,2.0NRT,307.03,3.78,D
31.97135,72.25926,335.41,0.45,0.39,2026-05-03,828,N21,VIIRS,n,2.0NRT,304.6,4.25,D
31.98596,70.88698,339.73,0.41,0.37,2026-05-03,828,N21,VIIRS,l,2.0NRT,312.64,3.84,D
31.99108,73.65504,335.64,0.52,0.41,2026-05-03,828,N21,VIIRS,n,2.0NRT,302.55,5.86,D
32.00184,73.54816,336.48,0.51,0.41,2026-05-03,828,N21,VIIRS,n,2.0NRT,305.27,5.6,D
32.02233,74.29099,339.76,0.56,0.43,2026-05-03,828,N21,VIIRS,n,2.0NRT,304.76,11.18,D
32.02248,74.29166,337.21,0.56,0.43,2026-05-03,828,N21,VIIRS,n,2.0NRT,305.07,9.21,D
32.02507,71.14957,347.57,0.41,0.37,2026-05-03,828,N21,VIIRS,n,2.0NRT,308.29,4.29,D
32.02782,74.33887,334.32,0.56,0.43,2026-05-03,828,N21,VIIRS,n,2.0NRT,302.2,6.44,D
32.03211,73.24324,330.28,0.5,0.41,2026-05-03,828,N21,VIIRS,n,2.0NRT,300.79,2.37,D
32.12202,72.37438,332.13,0.46,0.39,2026-05-03,828,N21,VIIRS,l,2.0NRT,303.41,1.65,D
32.1256,72.37376,336.06,0.46,0.39,2026-05-03,828,N21,VIIRS,n,2.0NRT,303.25,2.31,D
32.12661,74.54842,335.38,0.39,0.44,2026-05-03,828,N21,VIIRS,n,2.0NRT,302.77,2.07,D
32.139,75.38651,349.34,0.43,0.46,2026-05-03,828,N21,VIIRS,n,2.0NRT,306.18,14.43,D
32.17178,74.23662,333.1,0.56,0.43,2026-05-03,828,N21,VIIRS,l,2.0NRT,303.9,7.04,D
32.26685,72.52523,341.61,0.47,0.39,2026-05-03,828,N21,VIIRS,n,2.0NRT,303.27,10.97,D
32.27801,75.28149,341.42,0.42,0.46,2026-05-03,828,N21,VIIRS,n,2.0NRT,307.54,6.17,D
32.28765,75.33497,338.63,0.43,0.46,2026-05-03,828,N21,VIIRS,n,2.0NRT,306.62,1.7,D
32.31761,75.59132,347.02,0.44,0.46,2026-05-03,828,N21,VIIRS,n,2.0NRT,300.3,24.5,D
32.33499,74.12527,335.35,0.55,0.43,2026-05-03,828,N21,VIIRS,n,2.0NRT,303.28,5.04,D
32.33961,71.41251,337.37,0.42,0.38,2026-05-03,828,N21,VIIRS,l,2.0NRT,307.38,2.38,D
32.3517,74.34634,335.67,0.57,0.43,2026-05-03,828,N21,VIIRS,n,2.0NRT,303.76,3.99,D
32.35454,74.34525,332.25,0.57,0.43,2026-05-03,828,N21,VIIRS,n,2.0NRT,302.01,3.35,D
32.361,75.33502,342.14,0.43,0.46,2026-05-03,828,N21,VIIRS,n,2.0NRT,305.26,5.23,D
32.38861,75.44198,340.49,0.43,0.46,2026-05-03,828,N21,VIIRS,n,2.0NRT,299.5,6.43,D
32.39131,74.77998,345.86,0.4,0.44,2026-05-03,828,N21,VIIRS,n,2.0NRT,306.26,10.42,D
32.39135,74.7776,341.91,0.4,0.44,2026-05-03,828,N21,VIIRS,n,2.0NRT,305.43,10.83,D
32.42327,75.13735,340.78,0.42,0.45,2026-05-03,828,N21,VIIRS,n,2.0NRT,307.74,5.72,D
32.42548,75.13914,353.38,0.42,0.45,2026-05-03,828,N21,VIIRS,n,2.0NRT,310.43,17.95,D
32.42741,75.13673,342.28,0.42,0.45,2026-05-03,828,N21,VIIRS,n,2.0NRT,308.36,5.72,D
32.42785,75.14117,346.59,0.42,0.45,2026-05-03,828,N21,VIIRS,n,2.0NRT,311.51,16.56,D
32.42915,75.13409,330.7,0.42,0.45,2026-05-03,828,N21,VIIRS,l,2.0NRT,305.55,3.72,D
32.42962,75.13851,356.02,0.42,0.45,2026-05-03,828,N21,VIIRS,n,2.0NRT,311.51,17.95,D
32.43155,75.13611,344.96,0.42,0.45,2026-05-03,828,N21,VIIRS,n,2.0NRT,310.02,18.65,D
32.43199,75.14056,343.04,0.42,0.45,2026-05-03,828,N21,VIIRS,n,2.0NRT,305.98,12.14,D
32.43542,73.87868,331.46,0.54,0.42,2026-05-03,828,N21,VIIRS,l,2.0NRT,301.57,1.68,D
32.45824,74.94566,335.23,0.41,0.45,2026-05-03,828,N21,VIIRS,l,2.0NRT,306.34,4.47,D
32.45868,74.94999,342.8,0.41,0.45,2026-05-03,828,N21,VIIRS,n,2.0NRT,307.76,6.99,D
32.46502,74.97106,339.44,0.41,0.45,2026-05-03,828,N21,VIIRS,n,2.0NRT,303.29,3.9,D
32.46547,74.9754,335.72,0.41,0.45,2026-05-03,828,N21,VIIRS,l,2.0NRT,306.09,3.56,D
32.46592,74.97974,338.2,0.41,0.45,2026-05-03,828,N21,VIIRS,n,2.0NRT,306.28,3.56,D
32.47466,74.90385,335.06,0.41,0.45,2026-05-03,828,N21,VIIRS,l,2.0NRT,305.17,7.71,D
32.47747,75.17461,336.46,0.42,0.45,2026-05-03,828,N21,VIIRS,n,2.0NRT,305.49,2.81,D
32.47829,74.89894,338.41,0.41,0.45,2026-05-03,828,N21,VIIRS,n,2.0NRT,306.62,5,D
32.47868,74.98228,344.04,0.41,0.45,2026-05-03,828,N21,VIIRS,n,2.0NRT,306.05,15.87,D
32.4801,74.91616,334.36,0.41,0.45,2026-05-03,828,N21,VIIRS,l,2.0NRT,306.7,7.03,D
32.48055,74.92047,347.45,0.41,0.45,2026-05-03,828,N21,VIIRS,n,2.0NRT,306.93,8.75,D
32.48328,74.90694,334.68,0.41,0.45,2026-05-03,828,N21,VIIRS,l,2.0NRT,306.38,4.78,D
32.48464,74.91986,344.1,0.41,0.45,2026-05-03,828,N21,VIIRS,n,2.0NRT,306.5,4.85,D
32.48509,74.88485,343.39,0.41,0.45,2026-05-03,828,N21,VIIRS,n,2.0NRT,306.59,4.54,D
32.48509,74.92418,338.6,0.41,0.45,2026-05-03,828,N21,VIIRS,n,2.0NRT,306.23,4.85,D
32.48555,74.88914,339.23,0.41,0.45,2026-05-03,828,N21,VIIRS,n,2.0NRT,306.95,4.54,D
32.48555,74.9285,337.18,0.41,0.45,2026-05-03,828,N21,VIIRS,n,2.0NRT,306.74,3.88,D
32.486,74.89343,344.99,0.41,0.45,2026-05-03,828,N21,VIIRS,n,2.0NRT,306.32,7.57,D
32.48641,74.78068,346.03,0.4,0.44,2026-05-03,828,N21,VIIRS,n,2.0NRT,306.09,14.9,D
32.48963,74.88853,348.79,0.41,0.45,2026-05-03,828,N21,VIIRS,n,2.0NRT,307.04,9.15,D
32.49001,74.77586,342.57,0.4,0.44,2026-05-03,828,N21,VIIRS,n,2.0NRT,305.98,4.95,D
32.49009,74.89283,336.44,0.41,0.45,2026-05-03,828,N21,VIIRS,n,2.0NRT,304.96,5.54,D
32.49047,74.7801,348.47,0.4,0.44,2026-05-03,828,N21,VIIRS,n,2.0NRT,311.24,14.9,D
32.49417,74.89223,351.06,0.41,0.45,2026-05-03,828,N21,VIIRS,n,2.0NRT,306.3,5.54,D
32.49448,74.77612,342.1,0.4,0.44,2026-05-03,828,N21,VIIRS,n,2.0NRT,306.04,7.09,D
32.49453,74.7795,350.97,0.4,0.44,2026-05-03,828,N21,VIIRS,n,2.0NRT,310.95,11.69,D
32.49463,74.89652,350.51,0.41,0.45,2026-05-03,828,N21,VIIRS,n,2.0NRT,306.61,5.54,D
32.49491,74.78037,353.78,0.4,0.44,2026-05-03,828,N21,VIIRS,n,2.0NRT,308.43,9.46,D
32.4951,74.94025,342.79,0.41,0.45,2026-05-03,828,N21,VIIRS,n,2.0NRT,306.5,4.11,D
32.49554,74.90512,347.03,0.41,0.45,2026-05-03,828,N21,VIIRS,n,2.0NRT,308.13,10.05,D
32.49859,74.77892,345.48,0.4,0.44,2026-05-03,828,N21,VIIRS,n,2.0NRT,305.17,11.69,D
32.49871,74.89592,344.74,0.41,0.45,2026-05-03,828,N21,VIIRS,n,2.0NRT,307.88,8.62,D
32.49897,74.77978,342.09,0.4,0.44,2026-05-03,828,N21,VIIRS,n,2.0NRT,304.3,9.46,D
32.50241,75.04971,333.31,0.41,0.45,2026-05-03,828,N21,VIIRS,l,2.0NRT,306.73,5.64,D
32.50287,75.05408,342.97,0.41,0.45,2026-05-03,828,N21,VIIRS,n,2.0NRT,307.4,5.64,D
32.50333,75.05846,341.25,0.41,0.45,2026-05-03,828,N21,VIIRS,n,2.0NRT,305.38,2.56,D
32.50608,75.04473,343.12,0.41,0.45,2026-05-03,828,N21,VIIRS,n,2.0NRT,305.84,7.31,D
32.50785,74.90878,338.09,0.41,0.45,2026-05-03,828,N21,VIIRS,n,2.0NRT,306.05,3.3,D
32.50804,74.86945,332.14,0.41,0.45,2026-05-03,828,N21,VIIRS,l,2.0NRT,306.28,3.12,D
32.50826,74.90762,339.68,0.41,0.45,2026-05-03,828,N21,VIIRS,n,2.0NRT,306.14,4.01,D
32.5102,75.04413,353.05,0.41,0.45,2026-05-03,828,N21,VIIRS,n,2.0NRT,308.34,7.31,D
32.51212,74.86884,344.51,0.41,0.45,2026-05-03,828,N21,VIIRS,n,2.0NRT,306.97,4.91,D
32.51256,74.87314,334.63,0.41,0.45,2026-05-03,828,N21,VIIRS,l,2.0NRT,307.73,3.38,D
32.5162,74.86824,347.96,0.41,0.45,2026-05-03,828,N21,VIIRS,n,2.0NRT,305.72,4.91,D
32.51664,74.87254,336.44,0.41,0.45,2026-05-03,828,N21,VIIRS,n,2.0NRT,306.13,3.38,D
32.51665,74.75131,331.01,0.4,0.44,2026-05-03,828,N21,VIIRS,l,2.0NRT,304.32,1.74,D
32.53196,74.47005,341.35,0.39,0.44,2026-05-03,828,N21,VIIRS,n,2.0NRT,302.71,4.05,D
32.56066,74.85733,333.95,0.41,0.45,2026-05-03,828,N21,VIIRS,l,2.0NRT,305.06,3.03,D
32.56574,74.7483,337.76,0.4,0.44,2026-05-03,828,N21,VIIRS,n,2.0NRT,305.16,3.92,D
32.57746,74.74225,342.89,0.4,0.44,2026-05-03,828,N21,VIIRS,n,2.0NRT,307.16,6.47,D
32.57791,74.74648,342.28,0.4,0.44,2026-05-03,828,N21,VIIRS,n,2.0NRT,306.06,6.47,D
32.5797,74.72473,341.18,0.4,0.44,2026-05-03,828,N21,VIIRS,n,2.0NRT,306.1,8.07,D
32.58421,74.72836,355.67,0.4,0.44,2026-05-03,828,N21,VIIRS,n,2.0NRT,306.8,8.07,D
32.58466,74.73258,334.72,0.4,0.44,2026-05-03,828,N21,VIIRS,n,2.0NRT,304.01,2.45,D
32.60258,74.74411,333.35,0.4,0.44,2026-05-03,828,N21,VIIRS,l,2.0NRT,305.3,2.13,D
32.61407,74.53815,348.04,0.39,0.44,2026-05-03,828,N21,VIIRS,n,2.0NRT,305.93,4.94,D
32.62725,74.62496,330.49,0.39,0.44,2026-05-03,828,N21,VIIRS,l,2.0NRT,304.34,3.48,D
32.63855,74.77337,331.37,0.4,0.44,2026-05-03,828,N21,VIIRS,l,2.0NRT,305.13,2.13,D
32.65417,74.49433,342.59,0.39,0.44,2026-05-03,828,N21,VIIRS,n,2.0NRT,306.71,7.14,D
32.67435,74.2438,332.21,0.57,0.43,2026-05-03,828,N21,VIIRS,l,2.0NRT,304.75,5.8,D
32.52799,71.5923,335.26,0.43,0.38,2026-05-03,830,N21,VIIRS,l,2.0NRT,307.1,2.16,D
32.60696,71.64029,337.82,0.43,0.38,2026-05-03,830,N21,VIIRS,n,2.0NRT,307.18,5.48,D
32.6747,71.60229,332.88,0.43,0.38,2026-05-03,830,N21,VIIRS,l,2.0NRT,306.13,3.92,D
32.68843,73.32443,337.69,0.51,0.41,2026-05-03,830,N21,VIIRS,n,2.0NRT,303.15,4.36,D
32.69102,71.67458,338.55,0.44,0.38,2026-05-03,830,N21,VIIRS,l,2.0NRT,309.65,2.93,D
32.69451,71.67393,339.28,0.44,0.38,2026-05-03,830,N21,VIIRS,n,2.0NRT,308.99,3.13,D
32.78785,74.50938,342.96,0.39,0.44,2026-05-03,830,N21,VIIRS,n,2.0NRT,308.86,7.46,D
32.78929,74.50988,335.9,0.39,0.44,2026-05-03,830,N21,VIIRS,l,2.0NRT,309.09,3.31,D
32.8191,74.52216,333.83,0.39,0.44,2026-05-03,830,N21,VIIRS,l,2.0NRT,306.5,1.86,D
32.8265,74.39923,344.36,0.39,0.44,2026-05-03,830,N21,VIIRS,n,2.0NRT,305.01,3.13,D
32.84824,74.68442,335.74,0.4,0.44,2026-05-03,830,N21,VIIRS,l,2.0NRT,307.05,2.25,D
33.29568,71.18495,335.58,0.42,0.38,2026-05-03,830,N21,VIIRS,n,2.0NRT,305.15,2.08,D
26.28795,86.61378,304.72,0.44,0.62,2026-05-03,1910,N21,VIIRS,n,2.0NRT,287.55,1.12,N
16.33934,97.8156,304.78,0.43,0.38,2026-05-03,1913,N21,VIIRS,n,2.0NRT,293.65,0.75,N
16.71244,95.18724,303.77,0.38,0.36,2026-05-03,1913,N21,VIIRS,n,2.0NRT,288.76,0.73,N
16.99097,97.7101,312.27,0.42,0.38,2026-05-03,1913,N21,VIIRS,n,2.0NRT,293.62,1.38,N
17.20311,96.29173,322.05,0.39,0.36,2026-05-03,1913,N21,VIIRS,n,2.0NRT,292.31,1.64,N
17.26311,97.27379,308.14,0.4,0.37,2026-05-03,1913,N21,VIIRS,n,2.0NRT,291,1.01,N
17.28889,97.65424,318.55,0.41,0.37,2026-05-03,1913,N21,VIIRS,n,2.0NRT,292.6,1.17,N
17.30448,97.06174,305.8,0.4,0.37,2026-05-03,1913,N21,VIIRS,n,2.0NRT,291.85,0.7,N
17.34157,97.18628,308.54,0.4,0.37,2026-05-03,1913,N21,VIIRS,n,2.0NRT,293.25,1.07,N
17.34217,97.18262,304.84,0.4,0.37,2026-05-03,1913,N21,VIIRS,n,2.0NRT,293.07,1.07,N
17.35012,97.17628,306.06,0.4,0.37,2026-05-03,1913,N21,VIIRS,n,2.0NRT,292.59,1.49,N
17.36724,94.75513,334.32,0.39,0.36,2026-05-03,1913,N21,VIIRS,n,2.0NRT,293.92,4,N
17.37111,94.75204,328.53,0.39,0.36,2026-05-03,1913,N21,VIIRS,n,2.0NRT,293.69,2.72,N
17.61096,97.98116,303.05,0.42,0.38,2026-05-03,1913,N21,VIIRS,n,2.0NRT,286.09,1.21,N
17.89024,97.7023,313.21,0.41,0.37,2026-05-03,1913,N21,VIIRS,n,2.0NRT,292.27,1.37,N
18.15928,97.88179,305.46,0.42,0.37,2026-05-03,1913,N21,VIIRS,n,2.0NRT,292.17,1.09,N
18.15974,97.88102,308.94,0.41,0.37,2026-05-03,1913,N21,VIIRS,n,2.0NRT,292.38,1.49,N
18.18868,97.9386,316.66,0.42,0.37,2026-05-03,1913,N21,VIIRS,n,2.0NRT,292.78,1.92,N
18.19552,97.93976,308.36,0.42,0.37,2026-05-03,1913,N21,VIIRS,n,2.0NRT,292.01,1.21,N
18.22346,97.94074,306.06,0.42,0.37,2026-05-03,1913,N21,VIIRS,n,2.0NRT,292.47,1.49,N
18.22408,97.937,306.45,0.42,0.37,2026-05-03,1913,N21,VIIRS,n,2.0NRT,292.33,1.02,N
18.22908,97.80137,305.09,0.41,0.37,2026-05-03,1913,N21,VIIRS,n,2.0NRT,291.88,0.96,N
18.23183,97.80589,305.28,0.41,0.37,2026-05-03,1913,N21,VIIRS,n,2.0NRT,291.74,1.14,N
18.67325,97.77666,306.83,0.41,0.37,2026-05-03,1913,N21,VIIRS,n,2.0NRT,291.09,0.56,N
18.83907,95.98299,306.15,0.38,0.36,2026-05-03,1913,N21,VIIRS,n,2.0NRT,293.37,1.11,N
18.83963,95.97938,309.06,0.38,0.36,2026-05-03,1913,N21,VIIRS,n,2.0NRT,293.58,1.11,N
18.90281,95.96426,322.38,0.38,0.36,2026-05-03,1913,N21,VIIRS,n,2.0NRT,291.36,2.87,N
18.90676,95.96524,319.24,0.38,0.36,2026-05-03,1913,N21,VIIRS,n,2.0NRT,292.91,1.51,N
18.91005,95.96581,307.94,0.38,0.36,2026-05-03,1913,N21,VIIRS,n,2.0NRT,291.94,1.51,N
18.91871,95.99697,307.81,0.38,0.36,2026-05-03,1913,N21,VIIRS,n,2.0NRT,292.84,1.68,N
18.922,95.99753,309.49,0.38,0.36,2026-05-03,1913,N21,VIIRS,n,2.0NRT,291.18,1.38,N
19.03205,96.01246,319.5,0.38,0.36,2026-05-03,1913,N21,VIIRS,n,2.0NRT,293.97,2.42,N
19.09697,82.16484,297.38,0.72,0.76,2026-05-03,1913,N21,VIIRS,n,2.0NRT,279.83,1.68,N
20.76003,85.29635,322.12,0.47,0.64,2026-05-03,1913,N21,VIIRS,n,2.0NRT,293.25,2.8,N
20.76043,85.29173,310.07,0.47,0.64,2026-05-03,1913,N21,VIIRS,n,2.0NRT,292.66,2.8,N
20.76061,85.29881,319.37,0.47,0.64,2026-05-03,1913,N21,VIIRS,n,2.0NRT,293.11,2.84,N
20.76106,85.29412,312.47,0.47,0.64,2026-05-03,1913,N21,VIIRS,n,2.0NRT,292.92,2.84,N
20.78635,85.26701,308.54,0.47,0.64,2026-05-03,1913,N21,VIIRS,n,2.0NRT,292.6,2.05,N
20.78675,85.26254,312.15,0.47,0.64,2026-05-03,1913,N21,VIIRS,n,2.0NRT,292.57,4.01,N
20.79342,85.25428,311.94,0.47,0.64,2026-05-03,1913,N21,VIIRS,n,2.0NRT,292.7,2.69,N
20.80522,85.25536,308.88,0.47,0.64,2026-05-03,1913,N21,VIIRS,n,2.0NRT,293.17,1.98,N
20.86477,84.99371,307.24,0.49,0.65,2026-05-03,1913,N21,VIIRS,n,2.0NRT,293.79,1.52,N
20.86517,84.98921,307.38,0.49,0.65,2026-05-03,1913,N21,VIIRS,n,2.0NRT,293.72,1.52,N
20.88402,84.98141,307.91,0.49,0.65,2026-05-03,1913,N21,VIIRS,n,2.0NRT,293.29,2.85,N
20.88674,84.98177,326.37,0.49,0.65,2026-05-03,1913,N21,VIIRS,n,2.0NRT,293.26,6.04,N
20.89003,84.98186,322.87,0.49,0.65,2026-05-03,1913,N21,VIIRS,n,2.0NRT,293.02,2.85,N
20.92211,86.04191,304.64,0.42,0.61,2026-05-03,1913,N21,VIIRS,n,2.0NRT,292.43,0.81,N
20.9498,86.04907,311.43,0.42,0.61,2026-05-03,1913,N21,VIIRS,n,2.0NRT,292.9,2.4,N
20.95607,85.15195,304.66,0.48,0.65,2026-05-03,1913,N21,VIIRS,n,2.0NRT,292.75,2.04,N
20.95669,85.01159,317.82,0.49,0.65,2026-05-03,1913,N21,VIIRS,n,2.0NRT,294.06,4.11,N
20.95957,86.00561,305.18,0.42,0.61,2026-05-03,1913,N21,VIIRS,n,2.0NRT,291.77,0.67,N
20.95991,85.17545,310.15,0.48,0.64,2026-05-03,1913,N21,VIIRS,n,2.0NRT,293.46,2.46,N
20.96033,85.17086,308.42,0.48,0.65,2026-05-03,1913,N21,VIIRS,n,2.0NRT,293.44,2.38,N
20.96075,85.16625,305.26,0.48,0.65,2026-05-03,1913,N21,VIIRS,n,2.0NRT,293.5,2.38,N
20.9646,85.18958,309.51,0.48,0.64,2026-05-03,1913,N21,VIIRS,n,2.0NRT,293.02,3.52,N
20.96483,86.01015,306.09,0.42,0.61,2026-05-03,1913,N21,VIIRS,n,2.0NRT,292.96,3.1,N
20.96522,86.00612,336.09,0.42,0.61,2026-05-03,1913,N21,VIIRS,n,2.0NRT,292.95,3.1,N
20.96559,86.00212,308.12,0.42,0.61,2026-05-03,1913,N21,VIIRS,n,2.0NRT,293,2.05,N
20.96585,85.17597,309.07,0.48,0.64,2026-05-03,1913,N21,VIIRS,n,2.0NRT,293.14,2.46,N
20.96627,85.17136,310.05,0.48,0.65,2026-05-03,1913,N21,VIIRS,n,2.0NRT,293.3,2.38,N
20.96712,85.16208,305.85,0.48,0.65,2026-05-03,1913,N21,VIIRS,n,2.0NRT,292.8,3.52,N
20.96966,85.17802,320.25,0.48,0.65,2026-05-03,1913,N21,VIIRS,n,2.0NRT,293.13,3.09,N
20.96971,86.01867,313.59,0.42,0.61,2026-05-03,1913,N21,VIIRS,n,2.0NRT,292.22,3.09,N
20.97005,85.1734,311.68,0.48,0.65,2026-05-03,1913,N21,VIIRS,n,2.0NRT,293.32,3.09,N
20.97123,86.00263,306.61,0.42,0.61,2026-05-03,1913,N21,VIIRS,n,2.0NRT,293.07,2.05,N
20.97178,85.17649,315.81,0.48,0.64,2026-05-03,1913,N21,VIIRS,n,2.0NRT,292.96,3.41,N
20.97639,85.16926,305.33,0.48,0.65,2026-05-03,1913,N21,VIIRS,n,2.0NRT,292.63,2.97,N
21.00113,86.02522,312.12,0.42,0.61,2026-05-03,1913,N21,VIIRS,n,2.0NRT,292.34,1.31,N
21.00308,86.02628,308.43,0.42,0.61,2026-05-03,1913,N21,VIIRS,n,2.0NRT,292.16,1.32,N
21.07764,85.0434,309.04,0.49,0.65,2026-05-03,1913,N21,VIIRS,n,2.0NRT,292.56,2.37,N
21.07807,85.03863,314.23,0.49,0.65,2026-05-03,1913,N21,VIIRS,n,2.0NRT,293.07,2.02,N
21.07849,85.03395,305.74,0.49,0.65,2026-05-03,1913,N21,VIIRS,n,2.0NRT,292.97,2.02,N
21.60647,97.28825,328.11,0.39,0.36,2026-05-03,1913,N21,VIIRS,n,2.0NRT,288.77,3.07,N
21.67115,82.08286,304.51,0.77,0.78,2026-05-03,1913,N21,VIIRS,n,2.0NRT,291.24,4.53,N
21.78054,83.8323,302.91,0.6,0.7,2026-05-03,1913,N21,VIIRS,n,2.0NRT,287.93,2.03,N
21.92221,83.35175,300.79,0.64,0.72,2026-05-03,1913,N21,VIIRS,n,2.0NRT,284.46,2.6,N
22.03284,83.36434,303.43,0.64,0.72,2026-05-03,1913,N21,VIIRS,n,2.0NRT,288.12,3.58,N
22.03697,83.73829,307.17,0.61,0.71,2026-05-03,1913,N21,VIIRS,n,2.0NRT,289.03,2.26,N
22.03737,83.73684,310.13,0.61,0.71,2026-05-03,1913,N21,VIIRS,n,2.0NRT,289.17,4.78,N
22.0374,83.7324,303.57,0.61,0.71,2026-05-03,1913,N21,VIIRS,n,2.0NRT,289,2.26,N
22.08509,83.11885,306.81,0.67,0.74,2026-05-03,1913,N21,VIIRS,n,2.0NRT,287.96,2.52,N
22.08749,83.11993,302.92,0.67,0.74,2026-05-03,1913,N21,VIIRS,n,2.0NRT,288.09,3.75,N
22.2452,87.38863,305.52,0.35,0.57,2026-05-03,1913,N21,VIIRS,n,2.0NRT,293.16,0.84,N
22.36102,87.019,306.07,0.38,0.58,2026-05-03,1913,N21,VIIRS,n,2.0NRT,290.8,1.12,N
22.36561,87.30257,303.37,0.36,0.57,2026-05-03,1913,N21,VIIRS,n,2.0NRT,292.34,1.21,N
22.36596,87.2991,308.91,0.36,0.57,2026-05-03,1913,N21,VIIRS,n,2.0NRT,292.46,1.21,N
22.36638,87.01963,304.91,0.38,0.58,2026-05-03,1913,N21,VIIRS,n,2.0NRT,290.69,1.41,N
22.36673,87.01599,312.27,0.38,0.58,2026-05-03,1913,N21,VIIRS,n,2.0NRT,290.98,1.87,N
22.37815,87.27927,311.08,0.36,0.57,2026-05-03,1913,N21,VIIRS,n,2.0NRT,292.62,2.36,N
22.37859,87.27934,311.76,0.36,0.57,2026-05-03,1913,N21,VIIRS,n,2.0NRT,292.49,2.09,N
22.37894,87.27583,304.47,0.36,0.57,2026-05-03,1913,N21,VIIRS,n,2.0NRT,291.67,1.8,N
22.47471,91.7324,315.03,0.57,0.43,2026-05-03,1913,N21,VIIRS,n,2.0NRT,291.75,1.99,N
22.57001,85.89706,299.08,0.45,0.63,2026-05-03,1913,N21,VIIRS,n,2.0NRT,275.7,1.63,N
23.4818,87.35946,306.27,0.37,0.58,2026-05-03,1913,N21,VIIRS,n,2.0NRT,290.3,1.33,N
23.48645,87.36724,304.08,0.37,0.58,2026-05-03,1913,N21,VIIRS,n,2.0NRT,289.77,1.35,N
23.48679,87.36365,303.71,0.37,0.58,2026-05-03,1913,N21,VIIRS,n,2.0NRT,289.78,1.33,N
23.55567,87.24038,307.46,0.37,0.58,2026-05-03,1913,N21,VIIRS,n,2.0NRT,288.9,1.44,N
23.55785,87.23955,318.88,0.37,0.58,2026-05-03,1913,N21,VIIRS,n,2.0NRT,288.95,2.91,N
23.56104,87.24094,306.09,0.37,0.58,2026-05-03,1913,N21,VIIRS,n,2.0NRT,288.71,1.44,N
23.61147,86.79148,301.17,0.4,0.6,2026-05-03,1913,N21,VIIRS,n,2.0NRT,289.08,1.55,N
23.6118,86.78769,301.13,0.4,0.6,2026-05-03,1913,N21,VIIRS,n,2.0NRT,288.6,1.76,N
23.61952,86.89004,301.4,0.4,0.6,2026-05-03,1913,N21,VIIRS,n,2.0NRT,289.08,0.92,N
23.663,85.00014,304.37,0.53,0.67,2026-05-03,1913,N21,VIIRS,n,2.0NRT,285.85,2.46,N
23.66954,84.99569,302.02,0.53,0.67,2026-05-03,1913,N21,VIIRS,n,2.0NRT,284.82,2,N
23.68,86.38979,307.37,0.43,0.62,2026-05-03,1913,N21,VIIRS,n,2.0NRT,288.13,4.37,N
23.77997,86.39098,308.06,0.43,0.62,2026-05-03,1913,N21,VIIRS,n,2.0NRT,285.78,2.6,N
23.82541,84.57223,326.56,0.56,0.69,2026-05-03,1913,N21,VIIRS,n,2.0NRT,289.81,5.35,N
24.15942,82.6064,305.89,0.76,0.77,2026-05-03,1913,N21,VIIRS,n,2.0NRT,292.37,2.16,N
24.16565,82.62112,303.25,0.76,0.77,2026-05-03,1913,N21,VIIRS,n,2.0NRT,292.54,1.79,N
24.18469,82.65819,303.86,0.75,0.77,2026-05-03,1913,N21,VIIRS,n,2.0NRT,292.61,1.88,N
24.20054,82.71266,310.82,0.75,0.77,2026-05-03,1913,N21,VIIRS,n,2.0NRT,293.81,6.32,N
24.20273,82.70978,313.28,0.75,0.77,2026-05-03,1913,N21,VIIRS,n,2.0NRT,293.66,5.53,N
25.03054,87.39433,304.09,0.38,0.59,2026-05-03,1913,N21,VIIRS,n,2.0NRT,284.55,2.01,N
25.03226,87.37545,301.48,0.38,0.59,2026-05-03,1913,N21,VIIRS,n,2.0NRT,276.02,2.8,N
25.03316,87.39365,310.27,0.38,0.59,2026-05-03,1913,N21,VIIRS,n,2.0NRT,279.81,3.14,N
25.03475,87.37486,301.4,0.38,0.59,2026-05-03,1913,N21,VIIRS,n,2.0NRT,282.11,3.59,N
14.97744,97.949,305.42,0.45,0.39,2026-05-03,1915,N21,VIIRS,n,2.0NRT,292.56,1.46,N
14.9781,97.94505,313.92,0.45,0.39,2026-05-03,1915,N21,VIIRS,n,2.0NRT,293.09,2.09,N
14.98098,97.94952,305.83,0.45,0.39,2026-05-03,1915,N21,VIIRS,n,2.0NRT,292.79,1.1,N
15.86119,97.79535,311.76,0.43,0.38,2026-05-03,1915,N21,VIIRS,n,2.0NRT,291.83,1.26,N
15.9883,97.68705,328.16,0.43,0.38,2026-05-03,1915,N21,VIIRS,n,2.0NRT,293.69,2.74,N
17.60797,83.20431,305.38,0.59,0.7,2026-05-03,1915,N21,VIIRS,n,2.0NRT,272.93,1.98,N
20.75618,85.29973,302.39,0.71,0.75,2026-05-03,2053,N21,VIIRS,n,2.0NRT,289.73,2.87,N
20.75773,85.29348,309.35,0.71,0.75,2026-05-03,2053,N21,VIIRS,n,2.0NRT,290.21,4.58,N
20.76167,85.30067,305.35,0.72,0.75,2026-05-03,2053,N21,VIIRS,n,2.0NRT,289.84,4.16,N
20.78447,85.26554,303.1,0.71,0.75,2026-05-03,2053,N21,VIIRS,n,2.0NRT,289.84,3.53,N
20.78588,85.26668,303.3,0.71,0.75,2026-05-03,2053,N21,VIIRS,n,2.0NRT,289.86,2.05,N
20.80252,85.25729,302.21,0.71,0.75,2026-05-03,2053,N21,VIIRS,n,2.0NRT,289.84,2.44,N
20.86108,84.98972,304.29,0.68,0.74,2026-05-03,2053,N21,VIIRS,n,2.0NRT,288.53,3.31,N
20.86463,84.98961,309.58,0.68,0.74,2026-05-03,2053,N21,VIIRS,n,2.0NRT,288.9,4.44,N
20.9451,80.17682,309.52,0.33,0.56,2026-05-03,2053,N21,VIIRS,n,2.0NRT,295.23,0.81,N
20.94633,80.17576,311.03,0.33,0.56,2026-05-03,2053,N21,VIIRS,n,2.0NRT,294.98,1.38,N
20.95064,80.17551,311.04,0.33,0.56,2026-05-03,2053,N21,VIIRS,n,2.0NRT,295.21,1.54,N
20.95123,80.17275,313.45,0.33,0.56,2026-05-03,2053,N21,VIIRS,n,2.0NRT,295.57,1.54,N
20.95181,80.17469,310.14,0.33,0.56,2026-05-03,2053,N21,VIIRS,n,2.0NRT,295.3,1.21,N
20.95182,80.17001,319.07,0.33,0.56,2026-05-03,2053,N21,VIIRS,n,2.0NRT,296.09,2.61,N
20.95238,80.17194,317.37,0.33,0.56,2026-05-03,2053,N21,VIIRS,n,2.0NRT,295.99,1.21,N
20.95295,80.16919,308.89,0.33,0.56,2026-05-03,2053,N21,VIIRS,n,2.0NRT,295.38,1.37,N
20.96154,85.16908,309.1,0.69,0.75,2026-05-03,2053,N21,VIIRS,n,2.0NRT,288.88,3.51,N
20.96309,85.16273,303.7,0.69,0.75,2026-05-03,2053,N21,VIIRS,n,2.0NRT,288.56,5.36,N
20.96336,85.19074,302.39,0.7,0.75,2026-05-03,2053,N21,VIIRS,n,2.0NRT,289.04,3.47,N
20.96347,86.01318,317.03,0.78,0.78,2026-05-03,2053,N21,VIIRS,n,2.0NRT,290.42,8.65,N
20.96501,85.18397,315.81,0.7,0.75,2026-05-03,2053,N21,VIIRS,n,2.0NRT,287.81,3.47,N
20.9653,86.00588,327.47,0.78,0.78,2026-05-03,2053,N21,VIIRS,n,2.0NRT,290.61,8.65,N
20.96619,85.15,306.15,0.69,0.74,2026-05-03,2053,N21,VIIRS,n,2.0NRT,287.03,5.12,N
20.96813,85.17114,330.96,0.69,0.75,2026-05-03,2053,N21,VIIRS,n,2.0NRT,289.19,7.89,N
20.96853,86.02267,303.42,0.79,0.78,2026-05-03,2053,N21,VIIRS,n,2.0NRT,290.23,3.26,N
20.97473,85.17319,311.64,0.69,0.75,2026-05-03,2053,N21,VIIRS,n,2.0NRT,287.52,7.89,N
20.97748,85.13277,300.32,0.69,0.74,2026-05-03,2053,N21,VIIRS,n,2.0NRT,285.77,4.09,N
20.99984,86.01626,301.6,0.78,0.78,2026-05-03,2053,N21,VIIRS,n,2.0NRT,290,2.44,N
21.07743,85.03984,306.81,0.68,0.74,2026-05-03,2053,N21,VIIRS,n,2.0NRT,288.99,4.83,N
21.2158,82.13737,307.27,0.44,0.62,2026-05-03,2053,N21,VIIRS,n,2.0NRT,291.5,1.11,N
21.22656,79.43841,308.2,0.59,0.53,2026-05-03,2053,N21,VIIRS,n,2.0NRT,296.02,1.18,N
21.22664,79.43801,309.83,0.59,0.53,2026-05-03,2053,N21,VIIRS,n,2.0NRT,296.13,1.37,N
21.24831,79.20779,321.69,0.57,0.52,2026-05-03,2053,N21,VIIRS,n,2.0NRT,296.83,6.34,N
21.2498,79.20885,322.62,0.57,0.52,2026-05-03,2053,N21,VIIRS,n,2.0NRT,298.18,6.94,N
21.27882,78.13425,328.95,0.49,0.48,2026-05-03,2053,N21,VIIRS,n,2.0NRT,296.77,5.55,N
21.40969,77.31003,309.89,0.43,0.46,2026-05-03,2053,N21,VIIRS,n,2.0NRT,296.06,1.92,N
21.4242,77.35445,306.55,0.43,0.46,2026-05-03,2053,N21,VIIRS,n,2.0NRT,295.35,1.5,N
21.45908,77.98308,324.71,0.47,0.48,2026-05-03,2053,N21,VIIRS,n,2.0NRT,298.91,4.24,N
21.52117,77.41838,304.7,0.44,0.46,2026-05-03,2053,N21,VIIRS,n,2.0NRT,294.3,1.61,N
21.55334,77.40931,305.47,0.44,0.46,2026-05-03,2053,N21,VIIRS,n,2.0NRT,295.38,1.18,N
21.55824,77.40637,328.33,0.43,0.46,2026-05-03,2053,N21,VIIRS,n,2.0NRT,297.23,3.98,N
21.55836,77.42823,306.77,0.44,0.46,2026-05-03,2053,N21,VIIRS,n,2.0NRT,295.62,1.55,N
21.56331,77.42506,318.45,0.44,0.46,2026-05-03,2053,N21,VIIRS,n,2.0NRT,295.86,3.1,N
21.56501,78.69517,305.67,0.52,0.5,2026-05-03,2053,N21,VIIRS,n,2.0NRT,293.86,1.71,N
21.62823,78.07578,305.63,0.48,0.48,2026-05-03,2053,N21,VIIRS,n,2.0NRT,293.32,0.67,N
21.62996,77.40101,306.59,0.43,0.46,2026-05-03,2053,N21,VIIRS,n,2.0NRT,295.98,2.01,N
21.63082,77.39666,306.91,0.43,0.46,2026-05-03,2053,N21,VIIRS,n,2.0NRT,296.32,1.88,N
21.63197,82.11228,305.08,0.43,0.62,2026-05-03,2053,N21,VIIRS,n,2.0NRT,292.49,1.68,N
21.63736,77.38536,315.36,0.43,0.46,2026-05-03,2053,N21,VIIRS,n,2.0NRT,297.13,3.39,N
21.63812,77.38148,309.04,0.43,0.46,2026-05-03,2053,N21,VIIRS,n,2.0NRT,297.38,3.89,N
21.65201,78.1618,313.11,0.48,0.48,2026-05-03,2053,N21,VIIRS,n,2.0NRT,294.21,1.78,N
21.65324,78.08654,301.14,0.48,0.48,2026-05-03,2053,N21,VIIRS,n,2.0NRT,291.12,0.52,N
21.66078,77.42073,307.41,0.43,0.46,2026-05-03,2053,N21,VIIRS,n,2.0NRT,295.64,1.71,N
21.6719,82.08204,310.66,0.43,0.62,2026-05-03,2053,N21,VIIRS,n,2.0NRT,294.08,2.68,N
21.67708,84.03725,316.29,0.57,0.69,2026-05-03,2053,N21,VIIRS,n,2.0NRT,290.22,4.63,N
21.69879,78.1805,303.43,0.48,0.48,2026-05-03,2053,N21,VIIRS,n,2.0NRT,292.23,0.77,N
21.72811,82.21435,307.35,0.43,0.62,2026-05-03,2053,N21,VIIRS,n,2.0NRT,293.68,1.9,N
21.73629,83.84142,310.44,0.55,0.68,2026-05-03,2053,N21,VIIRS,n,2.0NRT,290.11,5.38,N
21.74234,83.84328,340.9,0.55,0.68,2026-05-03,2053,N21,VIIRS,n,2.0NRT,291.4,5.38,N
21.74487,83.97174,312.39,0.56,0.69,2026-05-03,2053,N21,VIIRS,n,2.0NRT,289.07,1.79,N
21.74839,83.84517,311.46,0.55,0.68,2026-05-03,2053,N21,VIIRS,n,2.0NRT,290.01,6.35,N
21.74961,83.83994,315.71,0.55,0.68,2026-05-03,2053,N21,VIIRS,n,2.0NRT,290.42,4.54,N
21.74963,83.97229,311.78,0.56,0.69,2026-05-03,2053,N21,VIIRS,n,2.0NRT,289.4,3.74,N
21.75104,83.97332,303.87,0.56,0.69,2026-05-03,2053,N21,VIIRS,n,2.0NRT,288.94,1.79,N
21.75187,77.4706,316.75,0.44,0.46,2026-05-03,2053,N21,VIIRS,n,2.0NRT,296.18,2.55,N
21.75223,84.02447,306.8,0.57,0.69,2026-05-03,2053,N21,VIIRS,n,2.0NRT,289.61,1.53,N
21.75228,78.11703,322.01,0.48,0.48,2026-05-03,2053,N21,VIIRS,n,2.0NRT,294.68,3.19,N
21.75277,76.49372,308.99,0.57,0.43,2026-05-03,2053,N21,VIIRS,n,2.0NRT,296.55,1.65,N
21.75503,83.84124,322.46,0.55,0.68,2026-05-03,2053,N21,VIIRS,n,2.0NRT,290.36,6.52,N
21.75566,83.84181,327.78,0.55,0.68,2026-05-03,2053,N21,VIIRS,n,2.0NRT,290.52,4.54,N
21.75667,84.02495,312.51,0.56,0.69,2026-05-03,2053,N21,VIIRS,n,2.0NRT,289.73,4.78,N
21.76407,84.02142,305.38,0.56,0.69,2026-05-03,2053,N21,VIIRS,n,2.0NRT,289.74,3.28,N
21.76531,84.01624,303.87,0.56,0.69,2026-05-03,2053,N21,VIIRS,n,2.0NRT,289.61,3.13,N
21.77824,83.82561,304.59,0.55,0.68,2026-05-03,2053,N21,VIIRS,n,2.0NRT,289.84,3,N
21.77873,83.82616,304.61,0.55,0.68,2026-05-03,2053,N21,VIIRS,n,2.0NRT,289.97,1.32,N
21.80511,79.08858,303.13,0.55,0.51,2026-05-03,2053,N21,VIIRS,n,2.0NRT,293.09,1.02,N
21.81495,79.06366,310.64,0.55,0.51,2026-05-03,2053,N21,VIIRS,n,2.0NRT,293.34,1.78,N
21.82641,79.12641,307.38,0.55,0.51,2026-05-03,2053,N21,VIIRS,n,2.0NRT,293.7,1.39,N
21.83012,79.12443,307.19,0.55,0.51,2026-05-03,2053,N21,VIIRS,n,2.0NRT,293.28,1.15,N
21.85785,78.43329,303.5,0.5,0.49,2026-05-03,2053,N21,VIIRS,n,2.0NRT,293.08,0.98,N
21.87409,83.49573,306.69,0.52,0.67,2026-05-03,2053,N21,VIIRS,n,2.0NRT,290.78,1.31,N
21.87498,83.55315,303.36,0.52,0.67,2026-05-03,2053,N21,VIIRS,n,2.0NRT,290.18,1.88,N
21.8757,83.49612,306.95,0.52,0.67,2026-05-03,2053,N21,VIIRS,n,2.0NRT,290.95,1.39,N
21.87989,78.37001,313.6,0.49,0.49,2026-05-03,2053,N21,VIIRS,n,2.0NRT,293.62,1.52,N
21.90179,79.10387,306.38,0.55,0.51,2026-05-03,2053,N21,VIIRS,n,2.0NRT,292.56,0.82,N
21.90802,78.04202,311.5,0.47,0.48,2026-05-03,2053,N21,VIIRS,n,2.0NRT,293.98,1.32,N
21.90994,73.83513,309.92,0.43,0.38,2026-05-03,2053,N21,VIIRS,n,2.0NRT,297.29,0.81,N
21.91992,79.2907,308.31,0.56,0.52,2026-05-03,2053,N21,VIIRS,n,2.0NRT,292.7,1.23,N
21.92265,83.34998,316.66,0.51,0.66,2026-05-03,2053,N21,VIIRS,n,2.0NRT,292.26,4.6,N
21.92467,79.52882,308.32,0.58,0.52,2026-05-03,2053,N21,VIIRS,n,2.0NRT,291.44,3.17,N
21.92486,83.3405,315.18,0.51,0.66,2026-05-03,2053,N21,VIIRS,n,2.0NRT,292.52,4.6,N
21.92565,77.70255,306.58,0.45,0.47,2026-05-03,2053,N21,VIIRS,n,2.0NRT,293.99,0.84,N
21.92579,79.52336,309.56,0.58,0.52,2026-05-03,2053,N21,VIIRS,n,2.0NRT,287.26,2.85,N
21.93926,74.13396,309.72,0.44,0.38,2026-05-03,2053,N21,VIIRS,n,2.0NRT,297.56,0.93,N
21.96903,79.33622,341.94,0.56,0.52,2026-05-03,2053,N21,VIIRS,n,2.0NRT,295.48,18.68,N
22.01398,83.75385,303.51,0.54,0.68,2026-05-03,2053,N21,VIIRS,n,2.0NRT,290.17,2.78,N
22.01449,83.75336,305.44,0.54,0.68,2026-05-03,2053,N21,VIIRS,n,2.0NRT,290.02,1.88,N
22.03449,76.99036,318.69,0.4,0.44,2026-05-03,2053,N21,VIIRS,n,2.0NRT,295.63,1.73,N
22.0372,83.35438,304.76,0.51,0.66,2026-05-03,2053,N21,VIIRS,n,2.0NRT,291.48,1.83,N
22.03831,83.3496,306.62,0.5,0.66,2026-05-03,2053,N21,VIIRS,n,2.0NRT,291.61,1.83,N
22.0385,83.73341,303.9,0.53,0.67,2026-05-03,2053,N21,VIIRS,n,2.0NRT,290.55,3.53,N
22.03858,79.27008,321.66,0.56,0.51,2026-05-03,2053,N21,VIIRS,n,2.0NRT,293.51,3.62,N
22.03899,83.72884,324.63,0.53,0.67,2026-05-03,2053,N21,VIIRS,n,2.0NRT,291.02,5.64,N
22.03968,83.72843,325.82,0.53,0.67,2026-05-03,2053,N21,VIIRS,n,2.0NRT,291.23,3.53,N
22.0546,79.35741,302.68,0.56,0.52,2026-05-03,2053,N21,VIIRS,n,2.0NRT,291.87,0.63,N
22.05854,79.50559,304.54,0.58,0.52,2026-05-03,2053,N21,VIIRS,n,2.0NRT,291.82,5.68,N
22.05965,79.50014,339.17,0.57,0.52,2026-05-03,2053,N21,VIIRS,n,2.0NRT,293.38,5.68,N
22.05996,77.93881,305.41,0.46,0.47,2026-05-03,2053,N21,VIIRS,n,2.0NRT,295.31,1.43,N
22.06192,77.9426,326.12,0.46,0.47,2026-05-03,2053,N21,VIIRS,n,2.0NRT,296.48,4.23,N
22.06322,79.50677,323.05,0.58,0.52,2026-05-03,2053,N21,VIIRS,n,2.0NRT,292.14,3.52,N
22.06337,77.94418,323.62,0.46,0.47,2026-05-03,2053,N21,VIIRS,n,2.0NRT,296.39,3,N
22.06433,79.50132,321.79,0.57,0.52,2026-05-03,2053,N21,VIIRS,n,2.0NRT,292.14,3.52,N
22.06531,79.50333,325.24,0.57,0.52,2026-05-03,2053,N21,VIIRS,n,2.0NRT,292.56,4.95,N
22.06684,77.19539,307.56,0.41,0.45,2026-05-03,2053,N21,VIIRS,n,2.0NRT,296.43,1.46,N
22.06791,79.50793,302.96,0.58,0.52,2026-05-03,2053,N21,VIIRS,n,2.0NRT,291.36,3.52,N
22.06892,78.06417,313.31,0.47,0.47,2026-05-03,2053,N21,VIIRS,n,2.0NRT,292.51,3.22,N
22.0698,78.05976,326.03,0.47,0.47,2026-05-03,2053,N21,VIIRS,n,2.0NRT,292.56,3.75,N
22.08012,77.51788,311.45,0.43,0.46,2026-05-03,2053,N21,VIIRS,n,2.0NRT,295.21,1.14,N
22.08652,83.11604,323.02,0.49,0.65,2026-05-03,2053,N21,VIIRS,n,2.0NRT,292.08,3.25,N
22.08998,76.96305,310.32,0.4,0.44,2026-05-03,2053,N21,VIIRS,n,2.0NRT,295.64,1.08,N
22.09696,79.51682,330.65,0.57,0.52,2026-05-03,2053,N21,VIIRS,n,2.0NRT,291.47,6.96,N
22.13181,79.49106,303.94,0.57,0.52,2026-05-03,2053,N21,VIIRS,n,2.0NRT,290.72,1.08,N
22.13292,79.48571,306.93,0.57,0.52,2026-05-03,2053,N21,VIIRS,n,2.0NRT,290.46,2.04,N
22.13405,79.59967,314.83,0.58,0.52,2026-05-03,2053,N21,VIIRS,n,2.0NRT,292.58,3.33,N
22.13516,79.5943,312.17,0.58,0.52,2026-05-03,2053,N21,VIIRS,n,2.0NRT,292.8,3.33,N
22.1387,79.48151,308.29,0.57,0.52,2026-05-03,2053,N21,VIIRS,n,2.0NRT,291.68,1.24,N
22.14592,76.86523,314.55,0.39,0.44,2026-05-03,2053,N21,VIIRS,n,2.0NRT,296.21,1.81,N
22.16673,79.20435,300.93,0.55,0.51,2026-05-03,2053,N21,VIIRS,n,2.0NRT,289.64,0.51,N
22.16958,79.2373,308.45,0.55,0.51,2026-05-03,2053,N21,VIIRS,n,2.0NRT,290.26,2.41,N
22.17001,75.28419,310.67,0.49,0.4,2026-05-03,2053,N21,VIIRS,n,2.0NRT,296.99,1.8,N
22.17052,79.51789,308.23,0.57,0.52,2026-05-03,2053,N21,VIIRS,n,2.0NRT,290.01,1.7,N
22.17064,79.23216,319.53,0.55,0.51,2026-05-03,2053,N21,VIIRS,n,2.0NRT,291.13,2.41,N
22.17162,79.51249,306.15,0.57,0.52,2026-05-03,2053,N21,VIIRS,n,2.0NRT,289.96,1.7,N
22.17278,79.51366,315.35,0.57,0.52,2026-05-03,2053,N21,VIIRS,n,2.0NRT,290.24,2.49,N
22.18076,75.99828,311.48,0.53,0.42,2026-05-03,2053,N21,VIIRS,n,2.0NRT,297.74,0.85,N
22.18432,76.86856,319.99,0.39,0.44,2026-05-03,2053,N21,VIIRS,n,2.0NRT,295.54,2.65,N
22.191,77.14082,322.13,0.41,0.45,2026-05-03,2053,N21,VIIRS,n,2.0NRT,294.01,2.74,N
22.21127,76.94541,308.15,0.4,0.44,2026-05-03,2053,N21,VIIRS,n,2.0NRT,294.92,0.93,N
22.22163,79.49151,311.84,0.57,0.52,2026-05-03,2053,N21,VIIRS,n,2.0NRT,291.09,3.52,N
22.22276,79.48608,319.47,0.57,0.52,2026-05-03,2053,N21,VIIRS,n,2.0NRT,291.09,3.52,N
22.22646,75.59832,309.51,0.5,0.41,2026-05-03,2053,N21,VIIRS,n,2.0NRT,297.26,0.66,N
22.23475,79.38148,302.65,0.56,0.51,2026-05-03,2053,N21,VIIRS,n,2.0NRT,291.58,1.51,N
22.24228,77.56615,327.27,0.43,0.46,2026-05-03,2053,N21,VIIRS,n,2.0NRT,296.24,3.03,N
22.24464,77.56886,324.37,0.43,0.46,2026-05-03,2053,N21,VIIRS,n,2.0NRT,295.77,3.59,N
22.24541,77.5648,324.41,0.43,0.46,2026-05-03,2053,N21,VIIRS,n,2.0NRT,296.33,3.91,N
22.24641,77.56721,317.56,0.43,0.46,2026-05-03,2053,N21,VIIRS,n,2.0NRT,295.23,3.03,N
22.24899,77.52342,306.84,0.43,0.46,2026-05-03,2053,N21,VIIRS,n,2.0NRT,295.05,0.86,N
22.25024,77.52592,307.07,0.43,0.46,2026-05-03,2053,N21,VIIRS,n,2.0NRT,294.8,0.99,N
22.2614,76.97227,305.3,0.4,0.44,2026-05-03,2053,N21,VIIRS,n,2.0NRT,294.82,0.65,N
22.26425,75.13625,310.3,0.48,0.4,2026-05-03,2053,N21,VIIRS,n,2.0NRT,299.99,2.4,N
22.26507,75.13463,317.17,0.48,0.4,2026-05-03,2053,N21,VIIRS,n,2.0NRT,300.72,2.37,N
22.27247,77.6332,308.4,0.44,0.46,2026-05-03,2053,N21,VIIRS,n,2.0NRT,296.69,1.81,N
22.28358,76.96535,312.74,0.4,0.44,2026-05-03,2053,N21,VIIRS,n,2.0NRT,296.63,1.38,N
22.2903,79.66431,306.66,0.58,0.52,2026-05-03,2053,N21,VIIRS,n,2.0NRT,291.44,1.94,N
22.29501,79.66546,314.63,0.58,0.52,2026-05-03,2053,N21,VIIRS,n,2.0NRT,291.44,1.94,N
22.30109,77.04871,319.34,0.4,0.44,2026-05-03,2053,N21,VIIRS,n,2.0NRT,295.5,2.88,N
22.31274,82.53326,306.42,0.44,0.63,2026-05-03,2053,N21,VIIRS,n,2.0NRT,291.47,1.77,N
22.31369,82.52913,309.89,0.44,0.62,2026-05-03,2053,N21,VIIRS,n,2.0NRT,292.54,3.03,N
22.31833,82.53476,310.37,0.44,0.63,2026-05-03,2053,N21,VIIRS,n,2.0NRT,291.92,3.15,N
22.32577,79.70824,302.05,0.59,0.52,2026-05-03,2053,N21,VIIRS,n,2.0NRT,290.34,0.36,N
22.3274,82.57302,321.68,0.44,0.63,2026-05-03,2053,N21,VIIRS,n,2.0NRT,291.89,3.91,N
22.32837,82.56879,304.41,0.44,0.63,2026-05-03,2053,N21,VIIRS,n,2.0NRT,291.6,3.43,N
22.33297,82.57469,309.9,0.44,0.63,2026-05-03,2053,N21,VIIRS,n,2.0NRT,291.67,1.81,N
22.35415,82.30128,304.01,0.43,0.62,2026-05-03,2053,N21,VIIRS,n,2.0NRT,292.02,1.16,N
22.36222,76.7036,313.84,0.38,0.43,2026-05-03,2053,N21,VIIRS,n,2.0NRT,297.46,0.74,N
22.39334,76.75642,309.81,0.39,0.44,2026-05-03,2053,N21,VIIRS,n,2.0NRT,298.22,2.2,N
22.41013,79.63882,305.43,0.58,0.52,2026-05-03,2053,N21,VIIRS,n,2.0NRT,291,1.29,N
22.4235,80.16867,306.22,0.62,0.54,2026-05-03,2053,N21,VIIRS,n,2.0NRT,288.49,1.08,N
22.44091,73.19299,327.34,0.4,0.37,2026-05-03,2053,N21,VIIRS,n,2.0NRT,297.89,2.04,N
22.54114,80.13019,302.99,0.62,0.54,2026-05-03,2053,N21,VIIRS,n,2.0NRT,290.13,1.91,N
22.58095,79.22993,306.35,0.54,0.51,2026-05-03,2053,N21,VIIRS,n,2.0NRT,291.48,0.69,N
22.58146,79.22912,303.67,0.54,0.51,2026-05-03,2053,N21,VIIRS,n,2.0NRT,291.29,0.87,N
22.60504,79.94597,319.28,0.6,0.53,2026-05-03,2053,N21,VIIRS,n,2.0NRT,291.96,4.65,N
22.60981,79.94713,304.01,0.6,0.53,2026-05-03,2053,N21,VIIRS,n,2.0NRT,291.74,2.44,N
22.62038,77.01058,306.61,0.39,0.44,2026-05-03,2053,N21,VIIRS,n,2.0NRT,294.67,0.76,N
22.90619,74.54655,311.98,0.44,0.39,2026-05-03,2053,N21,VIIRS,n,2.0NRT,297.09,0.99,N
22.91847,72.44199,315.83,0.39,0.36,2026-05-03,2053,N21,VIIRS,n,2.0NRT,298.52,1.14,N
22.92372,70.10625,315.71,0.4,0.37,2026-05-03,2053,N21,VIIRS,n,2.0NRT,297.78,2.21,N
22.92707,70.10682,322.05,0.4,0.37,2026-05-03,2053,N21,VIIRS,n,2.0NRT,298.68,2.21,N
23.06785,75.43324,333.73,0.48,0.4,2026-05-03,2053,N21,VIIRS,n,2.0NRT,298.57,4.47,N
23.09812,76.5399,326.01,0.55,0.43,2026-05-03,2053,N21,VIIRS,n,2.0NRT,295.39,3.08,N
23.09933,76.5414,317.07,0.55,0.43,2026-05-03,2053,N21,VIIRS,n,2.0NRT,295.52,2.22,N
23.10034,76.53613,312.14,0.55,0.42,2026-05-03,2053,N21,VIIRS,n,2.0NRT,295.14,2.22,N
23.11954,77.15649,309.41,0.39,0.44,2026-05-03,2053,N21,VIIRS,n,2.0NRT,294.74,1.36,N
23.189,77.27839,304.89,0.4,0.44,2026-05-03,2053,N21,VIIRS,n,2.0NRT,294.85,1.6,N
23.22322,75.84124,320.29,0.5,0.41,2026-05-03,2053,N21,VIIRS,n,2.0NRT,298.08,2.6,N
23.22533,75.83995,308.67,0.5,0.41,2026-05-03,2053,N21,VIIRS,n,2.0NRT,298.2,1.6,N
23.25722,75.28338,338.5,0.47,0.4,2026-05-03,2053,N21,VIIRS,n,2.0NRT,299.76,15.6,N
23.28048,76.86836,304.83,0.57,0.43,2026-05-03,2053,N21,VIIRS,n,2.0NRT,294.21,0.84,N
23.30256,75.4069,308.77,0.48,0.4,2026-05-03,2053,N21,VIIRS,n,2.0NRT,296.86,1.25,N
23.30371,75.40445,311.09,0.48,0.4,2026-05-03,2053,N21,VIIRS,n,2.0NRT,296.76,1.16,N
23.36848,78.1904,303.64,0.45,0.47,2026-05-03,2053,N21,VIIRS,n,2.0NRT,292.09,1.28,N
23.37384,77.76083,305.75,0.42,0.45,2026-05-03,2053,N21,VIIRS,n,2.0NRT,295.12,2,N
23.37712,77.76604,329.9,0.42,0.46,2026-05-03,2053,N21,VIIRS,n,2.0NRT,295.05,4.32,N
23.42826,71.63275,318.75,0.38,0.36,2026-05-03,2053,N21,VIIRS,n,2.0NRT,298.31,1.32,N
23.50469,78.05727,307.51,0.44,0.46,2026-05-03,2053,N21,VIIRS,n,2.0NRT,287.98,1.12,N
23.56567,76.71223,304.46,0.55,0.43,2026-05-03,2053,N21,VIIRS,n,2.0NRT,294.43,1.06,N
23.57079,77.80907,310.12,0.42,0.45,2026-05-03,2053,N21,VIIRS,n,2.0NRT,292.54,2.07,N
23.57158,77.805,316.43,0.42,0.45,2026-05-03,2053,N21,VIIRS,n,2.0NRT,292.93,2.07,N
23.57762,77.73019,318.23,0.42,0.45,2026-05-03,2053,N21,VIIRS,n,2.0NRT,292.88,2.1,N
23.57824,79.08134,305.38,0.51,0.49,2026-05-03,2053,N21,VIIRS,n,2.0NRT,291.33,2.1,N
23.58924,77.86893,305.86,0.43,0.46,2026-05-03,2053,N21,VIIRS,n,2.0NRT,293.06,1.16,N
23.59003,77.86483,310.72,0.43,0.46,2026-05-03,2053,N21,VIIRS,n,2.0NRT,293.15,1.42,N
23.59446,77.79762,323.47,0.42,0.45,2026-05-03,2053,N21,VIIRS,n,2.0NRT,293.07,2.86,N
23.61472,77.87068,312.36,0.43,0.46,2026-05-03,2053,N21,VIIRS,n,2.0NRT,292.15,1.56,N
23.61699,77.86918,312.03,0.43,0.46,2026-05-03,2053,N21,VIIRS,n,2.0NRT,292.17,1.38,N
23.62961,75.35049,308.33,0.47,0.4,2026-05-03,2053,N21,VIIRS,n,2.0NRT,296.44,1.47,N
23.63126,75.76257,310.73,0.49,0.4,2026-05-03,2053,N21,VIIRS,n,2.0NRT,296.48,1.65,N
23.65472,76.62943,308.74,0.54,0.42,2026-05-03,2053,N21,VIIRS,n,2.0NRT,294.3,1.38,N
23.68929,76.93908,328.95,0.56,0.43,2026-05-03,2053,N21,VIIRS,n,2.0NRT,294.65,4.27,N
23.68961,76.93721,328.36,0.56,0.43,2026-05-03,2053,N21,VIIRS,n,2.0NRT,294.68,4.36,N
23.70393,76.79462,317.73,0.55,0.43,2026-05-03,2053,N21,VIIRS,n,2.0NRT,295.21,2.96,N
23.70551,76.7915,314.37,0.55,0.43,2026-05-03,2053,N21,VIIRS,n,2.0NRT,294.88,3.15,N
23.70606,77.72086,315.99,0.42,0.45,2026-05-03,2053,N21,VIIRS,n,2.0NRT,292.37,2.2,N
23.70992,77.91072,303.99,0.43,0.46,2026-05-03,2053,N21,VIIRS,n,2.0NRT,290.59,0.62,N
23.74708,77.61816,306.67,0.41,0.45,2026-05-03,2053,N21,VIIRS,n,2.0NRT,292.22,0.66,N
23.74784,77.61418,303.32,0.41,0.45,2026-05-03,2053,N21,VIIRS,n,2.0NRT,292.91,0.94,N
23.75593,77.61607,312.41,0.41,0.45,2026-05-03,2053,N21,VIIRS,n,2.0NRT,293,1.32,N
23.77523,76.91363,304.85,0.56,0.43,2026-05-03,2053,N21,VIIRS,n,2.0NRT,293.43,1.31,N
23.81318,77.778,310.02,0.42,0.45,2026-05-03,2053,N21,VIIRS,n,2.0NRT,292.59,0.87,N
23.85379,76.69403,312.28,0.54,0.42,2026-05-03,2053,N21,VIIRS,n,2.0NRT,294.18,1.31,N
23.85876,76.66784,304.63,0.54,0.42,2026-05-03,2053,N21,VIIRS,n,2.0NRT,294.35,1.45,N
23.86024,77.51229,318.57,0.4,0.44,2026-05-03,2053,N21,VIIRS,n,2.0NRT,293.3,2.56,N
23.89427,78.03547,306.51,0.43,0.46,2026-05-03,2053,N21,VIIRS,n,2.0NRT,292.83,0.92,N
23.89831,77.66388,305.95,0.41,0.45,2026-05-03,2053,N21,VIIRS,n,2.0NRT,292.65,0.78,N
23.9449,76.37753,305.67,0.52,0.42,2026-05-03,2053,N21,VIIRS,n,2.0NRT,295.18,1.5,N
23.96246,77.57217,320.44,0.4,0.44,2026-05-03,2053,N21,VIIRS,n,2.0NRT,292.32,1.35,N
23.97943,75.92088,317.37,0.49,0.41,2026-05-03,2053,N21,VIIRS,n,2.0NRT,296.48,3.87,N
23.98011,75.92418,311.34,0.49,0.41,2026-05-03,2053,N21,VIIRS,n,2.0NRT,295.77,3.65,N
24.03821,77.46697,315.32,0.4,0.44,2026-05-03,2053,N21,VIIRS,n,2.0NRT,292.71,1.39,N
24.04717,77.48515,317.92,0.4,0.44,2026-05-03,2053,N21,VIIRS,n,2.0NRT,293.33,2.41,N
24.13941,77.90136,303.99,0.42,0.45,2026-05-03,2053,N21,VIIRS,n,2.0NRT,292.22,1.09,N
24.15686,78.1538,305.15,0.43,0.46,2026-05-03,2053,N21,VIIRS,n,2.0NRT,292.26,0.86,N
24.16561,80.69598,306.08,0.62,0.54,2026-05-03,2053,N21,VIIRS,n,2.0NRT,293.26,2.14,N
24.20877,75.80614,306.75,0.48,0.4,2026-05-03,2053,N21,VIIRS,n,2.0NRT,295.65,0.7,N
24.26718,77.61131,303,0.4,0.44,2026-05-03,2053,N21,VIIRS,n,2.0NRT,291.65,0.63,N
24.29732,77.95339,309.66,0.42,0.45,2026-05-03,2053,N21,VIIRS,n,2.0NRT,292.38,1.26,N
24.31856,76.68158,321.55,0.53,0.42,2026-05-03,2053,N21,VIIRS,n,2.0NRT,294.43,2.25,N
24.3768,77.16751,306.58,0.57,0.43,2026-05-03,2053,N21,VIIRS,n,2.0NRT,291.2,1.24,N
24.38069,77.16842,302.64,0.57,0.43,2026-05-03,2053,N21,VIIRS,n,2.0NRT,291.56,1.24,N
24.60798,76.28474,310.54,0.5,0.41,2026-05-03,2053,N21,VIIRS,n,2.0NRT,295.25,1.98,N
24.62421,72.81936,319.59,0.39,0.36,2026-05-03,2053,N21,VIIRS,n,2.0NRT,296.63,2.24,N
24.62523,77.67657,308.78,0.4,0.44,2026-05-03,2053,N21,VIIRS,n,2.0NRT,293.02,1.02,N
24.6275,72.82002,320.09,0.39,0.36,2026-05-03,2053,N21,VIIRS,n,2.0NRT,297.73,2.24,N
24.65851,73.87939,309.11,0.41,0.37,2026-05-03,2053,N21,VIIRS,n,2.0NRT,298.79,1.6,N
24.66045,74.63383,312.11,0.43,0.38,2026-05-03,2053,N21,VIIRS,n,2.0NRT,300.41,5.27,N
24.6765,77.2349,313.08,0.56,0.43,2026-05-03,2053,N21,VIIRS,n,2.0NRT,292.59,2,N
24.69016,73.00105,312.1,0.39,0.36,2026-05-03,2053,N21,VIIRS,n,2.0NRT,299.56,0.92,N
24.71321,76.12296,309.46,0.49,0.41,2026-05-03,2053,N21,VIIRS,n,2.0NRT,296.93,2.1,N
24.71362,76.12656,313.98,0.49,0.41,2026-05-03,2053,N21,VIIRS,n,2.0NRT,296.53,2.81,N
24.759,76.67146,305.35,0.52,0.42,2026-05-03,2053,N21,VIIRS,n,2.0NRT,294.65,2.29,N
24.764,74.60689,309.92,0.43,0.38,2026-05-03,2053,N21,VIIRS,n,2.0NRT,299.11,1.03,N
24.83979,72.4714,314.72,0.38,0.36,2026-05-03,2053,N21,VIIRS,n,2.0NRT,298.49,1.09,N
24.84185,76.18484,316.26,0.49,0.41,2026-05-03,2053,N21,VIIRS,n,2.0NRT,295.97,4.09,N
24.8433,76.28091,305.8,0.5,0.41,2026-05-03,2053,N21,VIIRS,n,2.0NRT,295.02,2.58,N
24.93298,74.63224,314.61,0.43,0.38,2026-05-03,2053,N21,VIIRS,n,2.0NRT,298.34,2.52,N
24.95661,76.93424,307.59,0.54,0.42,2026-05-03,2053,N21,VIIRS,n,2.0NRT,294.91,2.07,N
24.97043,76.31124,306.24,0.5,0.41,2026-05-03,2053,N21,VIIRS,n,2.0NRT,295.48,4.93,N
24.97944,76.15752,303.63,0.49,0.4,2026-05-03,2053,N21,VIIRS,n,2.0NRT,289.59,1.47,N
24.98223,76.16312,315.08,0.49,0.4,2026-05-03,2053,N21,VIIRS,n,2.0NRT,293.55,3.54,N
25.00713,76.35159,304.94,0.5,0.41,2026-05-03,2053,N21,VIIRS,n,2.0NRT,293.57,2.99,N
25.00805,76.34671,307.76,0.5,0.41,2026-05-03,2053,N21,VIIRS,n,2.0NRT,294.43,2.99,N
25.01549,76.36871,310.07,0.5,0.41,2026-05-03,2053,N21,VIIRS,n,2.0NRT,293.87,5.27,N
25.01655,77.26218,308.58,0.56,0.43,2026-05-03,2053,N21,VIIRS,n,2.0NRT,294.03,1.9,N
25.01919,76.36954,306.74,0.5,0.41,2026-05-03,2053,N21,VIIRS,n,2.0NRT,293.81,4.57,N
25.02399,76.17921,309.38,0.49,0.4,2026-05-03,2053,N21,VIIRS,n,2.0NRT,294.27,4.36,N
25.02444,76.18256,307.41,0.49,0.4,2026-05-03,2053,N21,VIIRS,n,2.0NRT,294.39,2.83,N
25.0253,76.17777,307.8,0.49,0.4,2026-05-03,2053,N21,VIIRS,n,2.0NRT,294.27,2.73,N
25.03666,77.19835,306.03,0.55,0.43,2026-05-03,2053,N21,VIIRS,n,2.0NRT,294.57,2.19,N
25.07026,76.42699,308.63,0.5,0.41,2026-05-03,2053,N21,VIIRS,n,2.0NRT,294.15,1.62,N
25.07396,76.42783,306.44,0.5,0.41,2026-05-03,2053,N21,VIIRS,n,2.0NRT,294.6,1.62,N
25.08021,77.16476,312.54,0.55,0.43,2026-05-03,2053,N21,VIIRS,n,2.0NRT,293.81,2.14,N
25.08131,76.03371,310.98,0.48,0.4,2026-05-03,2053,N21,VIIRS,n,2.0NRT,295.43,5.23,N
25.09068,77.08937,306.87,0.55,0.42,2026-05-03,2053,N21,VIIRS,n,2.0NRT,293.31,1.5,N
25.1061,76.97644,306.16,0.54,0.42,2026-05-03,2053,N21,VIIRS,n,2.0NRT,294.29,2.44,N
25.109,76.97301,305.73,0.54,0.42,2026-05-03,2053,N21,VIIRS,n,2.0NRT,293,2.77,N
25.11956,76.05201,307.96,0.48,0.4,2026-05-03,2053,N21,VIIRS,n,2.0NRT,295.26,5.66,N
25.12597,76.05836,311.72,0.48,0.4,2026-05-03,2053,N21,VIIRS,n,2.0NRT,294.87,4.76,N
25.12655,77.04807,315.86,0.54,0.42,2026-05-03,2053,N21,VIIRS,n,2.0NRT,293.92,4.25,N
25.13038,77.04897,333.53,0.54,0.42,2026-05-03,2053,N21,VIIRS,n,2.0NRT,294,4.25,N
25.13409,76.05527,325.12,0.48,0.4,2026-05-03,2053,N21,VIIRS,n,2.0NRT,292.59,7.64,N
25.13688,76.0608,338.78,0.48,0.4,2026-05-03,2053,N21,VIIRS,n,2.0NRT,297.1,10.67,N
25.13773,76.05608,329.87,0.48,0.4,2026-05-03,2053,N21,VIIRS,n,2.0NRT,293.61,10.67,N
25.14332,73.44377,307.83,0.39,0.37,2026-05-03,2053,N21,VIIRS,n,2.0NRT,293.63,5.29,N
25.14396,73.43992,325.22,0.39,0.37,2026-05-03,2053,N21,VIIRS,n,2.0NRT,295.85,5.29,N
25.14728,73.44057,340.81,0.39,0.37,2026-05-03,2053,N21,VIIRS,n,2.0NRT,297.31,5.29,N
25.15103,75.96149,306.75,0.48,0.4,2026-05-03,2053,N21,VIIRS,n,2.0NRT,293.96,4.67,N
25.15658,75.97245,313.62,0.48,0.4,2026-05-03,2053,N21,VIIRS,n,2.0NRT,294.68,5.92,N
25.1917,76.07099,307.64,0.48,0.4,2026-05-03,2053,N21,VIIRS,n,2.0NRT,288.65,2.79,N
25.19536,76.74622,313.2,0.52,0.42,2026-05-03,2053,N21,VIIRS,n,2.0NRT,294.01,7.61,N
25.1963,76.74117,341.38,0.52,0.42,2026-05-03,2053,N21,VIIRS,n,2.0NRT,295.75,13.01,N
25.22422,68.28341,329.18,0.49,0.4,2026-05-03,2053,N21,VIIRS,n,2.0NRT,298.17,4.69,N
25.2445,75.74046,321.54,0.47,0.39,2026-05-03,2053,N21,VIIRS,n,2.0NRT,295.02,4.98,N
25.25085,76.3857,313.96,0.5,0.41,2026-05-03,2053,N21,VIIRS,n,2.0NRT,287.84,2.16,N
25.25577,76.05106,312.82,0.48,0.4,2026-05-03,2053,N21,VIIRS,n,2.0NRT,293.67,3.43,N
25.29394,76.36005,310.54,0.5,0.41,2026-05-03,2053,N21,VIIRS,n,2.0NRT,291.05,2.44,N
25.38663,68.58429,312.05,0.47,0.4,2026-05-03,2053,N21,VIIRS,n,2.0NRT,297.45,1.82,N
26.75768,83.19801,301.1,0.39,0.59,2026-05-03,2053,N21,VIIRS,n,2.0NRT,290.77,0.91,N
26.75984,83.20082,303.25,0.39,0.59,2026-05-03,2053,N21,VIIRS,n,2.0NRT,290.78,0.92,N
28.4187,80.03053,310.45,0.46,0.47,2026-05-03,2053,N21,VIIRS,n,2.0NRT,289.86,1.27,N
29.36619,70.26316,320.49,0.44,0.38,2026-05-03,2053,N21,VIIRS,n,2.0NRT,295.05,2.05,N
29.54443,74.22919,306.91,0.39,0.36,2026-05-03,2053,N21,VIIRS,n,2.0NRT,294.02,1.22,N
30.09953,75.149,304.46,0.4,0.37,2026-05-03,2053,N21,VIIRS,n,2.0NRT,292.21,15.5,N
30.10218,75.15384,306.59,0.4,0.37,2026-05-03,2053,N21,VIIRS,n,2.0NRT,292.3,1.36,N
30.10287,75.14974,334.86,0.4,0.37,2026-05-03,2053,N21,VIIRS,n,2.0NRT,301.96,15.5,N
30.10355,75.14564,316.05,0.4,0.37,2026-05-03,2053,N21,VIIRS,n,2.0NRT,292.34,15.5,N
30.10551,75.15459,309.01,0.4,0.37,2026-05-03,2053,N21,VIIRS,n,2.0NRT,292.41,1,N
30.1062,75.15049,367,0.4,0.37,2026-05-03,2053,N21,VIIRS,h,2.0NRT,322.25,39.58,N
30.10689,75.14639,327.1,0.4,0.37,2026-05-03,2053,N21,VIIRS,n,2.0NRT,293.16,39.58,N
30.10885,75.15533,303,0.4,0.37,2026-05-03,2053,N21,VIIRS,n,2.0NRT,292.74,1,N
30.10954,75.15124,308.13,0.4,0.37,2026-05-03,2053,N21,VIIRS,n,2.0NRT,292.68,39.58,N
30.11023,75.14713,303.84,0.4,0.37,2026-05-03,2053,N21,VIIRS,n,2.0NRT,292.48,39.58,N
30.11288,75.15199,302.94,0.4,0.37,2026-05-03,2053,N21,VIIRS,n,2.0NRT,292.41,0.43,N
30.11621,75.15273,303,0.4,0.37,2026-05-03,2053,N21,VIIRS,n,2.0NRT,292.16,0.43,N
32.71994,72.92451,300.96,0.39,0.36,2026-05-03,2053,N21,VIIRS,n,2.0NRT,285.35,0.53,N
32.8275,71.60371,305.59,0.42,0.38,2026-05-03,2053,N21,VIIRS,n,2.0NRT,294.62,1.17,N
32.88802,71.61868,309.61,0.42,0.38,2026-05-03,2053,N21,VIIRS,n,2.0NRT,294.84,0.88,N
33.23387,71.51546,305.75,0.43,0.38,2026-05-03,2053,N21,VIIRS,n,2.0NRT,289.56,0.88,N
33.79963,72.09748,303.89,0.42,0.37,2026-05-03,2053,N21,VIIRS,n,2.0NRT,291.54,1.01,N
33.8278,72.8298,303.56,0.4,0.37,2026-05-03,2053,N21,VIIRS,n,2.0NRT,293.17,1.17,N
33.90406,71.91709,303.83,0.42,0.38,2026-05-03,2053,N21,VIIRS,n,2.0NRT,287.5,1.1,N
35.96722,68.68615,313.77,0.41,0.45,2026-05-03,2053,N21,VIIRS,n,2.0NRT,288.98,2.31,N
14.27846,79.41408,308.9,0.4,0.6,2026-05-03,2055,N21,VIIRS,n,2.0NRT,268.46,1.95,N
14.87311,78.05107,301.34,0.63,0.54,2026-05-03,2055,N21,VIIRS,n,2.0NRT,274.9,1.3,N
15.08405,78.40439,298.91,0.33,0.55,2026-05-03,2055,N21,VIIRS,n,2.0NRT,264.05,0.43,N
15.13552,78.16479,309.96,0.32,0.54,2026-05-03,2055,N21,VIIRS,n,2.0NRT,281.41,1.55,N
15.13619,78.16795,309.57,0.32,0.54,2026-05-03,2055,N21,VIIRS,n,2.0NRT,280.87,2.04,N
15.13677,78.16503,320.75,0.32,0.54,2026-05-03,2055,N21,VIIRS,n,2.0NRT,281.98,2.39,N
15.13989,78.16877,304.65,0.32,0.55,2026-05-03,2055,N21,VIIRS,n,2.0NRT,281.05,2.57,N
15.14045,78.16582,315.23,0.32,0.54,2026-05-03,2055,N21,VIIRS,n,2.0NRT,281.82,1.55,N
15.1417,78.16603,304.61,0.32,0.54,2026-05-03,2055,N21,VIIRS,n,2.0NRT,281.98,0.75,N
15.16985,76.66644,319.81,0.51,0.49,2026-05-03,2055,N21,VIIRS,n,2.0NRT,295.04,4.46,N
15.17285,76.37981,306.98,0.49,0.48,2026-05-03,2055,N21,VIIRS,n,2.0NRT,292.17,3.42,N
15.17602,76.65816,318.54,0.51,0.49,2026-05-03,2055,N21,VIIRS,n,2.0NRT,295.9,3.53,N
15.17687,76.65353,319.75,0.51,0.49,2026-05-03,2055,N21,VIIRS,n,2.0NRT,296.03,3.53,N
15.17704,76.67767,316.67,0.51,0.49,2026-05-03,2055,N21,VIIRS,n,2.0NRT,295.6,5.04,N
15.18321,76.66935,321.33,0.51,0.49,2026-05-03,2055,N21,VIIRS,n,2.0NRT,294.63,3.66,N
15.18407,76.6647,310.13,0.51,0.49,2026-05-03,2055,N21,VIIRS,n,2.0NRT,294.42,3.66,N
15.53721,78.86125,304.35,0.35,0.57,2026-05-03,2055,N21,VIIRS,n,2.0NRT,272.71,1.45,N
15.54045,78.86102,302.66,0.35,0.57,2026-05-03,2055,N21,VIIRS,n,2.0NRT,272.82,1.31,N
15.54158,78.86605,317.57,0.35,0.57,2026-05-03,2055,N21,VIIRS,n,2.0NRT,272.86,1.45,N
15.54232,78.8624,307.77,0.35,0.57,2026-05-03,2055,N21,VIIRS,n,2.0NRT,272.37,1.45,N
15.54487,78.86574,334.84,0.35,0.57,2026-05-03,2055,N21,VIIRS,n,2.0NRT,273.11,1.78,N
15.54739,78.86369,306.09,0.35,0.57,2026-05-03,2055,N21,VIIRS,n,2.0NRT,271.27,1.85,N
15.54996,78.86699,304.53,0.35,0.57,2026-05-03,2055,N21,VIIRS,n,2.0NRT,271.66,1.78,N
15.55062,78.86356,303.44,0.35,0.57,2026-05-03,2055,N21,VIIRS,n,2.0NRT,271,1.78,N
15.55246,78.86502,320.74,0.35,0.57,2026-05-03,2055,N21,VIIRS,n,2.0NRT,270.6,1.85,N
15.55951,78.85648,316.95,0.35,0.57,2026-05-03,2055,N21,VIIRS,n,2.0NRT,270.27,1.93,N
15.57234,78.8456,297.4,0.35,0.57,2026-05-03,2055,N21,VIIRS,n,2.0NRT,266.81,0.38,N
16.89602,76.84069,309.5,0.49,0.48,2026-05-03,2055,N21,VIIRS,n,2.0NRT,293.13,2.13,N
17.72163,76.62218,307.5,0.45,0.47,2026-05-03,2055,N21,VIIRS,n,2.0NRT,292.89,1.77,N
17.98544,74.05015,309.49,0.48,0.4,2026-05-03,2055,N21,VIIRS,n,2.0NRT,292.07,1.02,N
17.99384,76.61841,305.92,0.45,0.47,2026-05-03,2055,N21,VIIRS,n,2.0NRT,291.46,0.86,N
18.25277,74.09338,309.83,0.48,0.4,2026-05-03,2055,N21,VIIRS,n,2.0NRT,293.07,1.4,N
18.37084,77.69957,300.11,0.52,0.5,2026-05-03,2055,N21,VIIRS,n,2.0NRT,266.67,0.83,N
18.41869,75.98753,308.8,0.4,0.45,2026-05-03,2055,N21,VIIRS,n,2.0NRT,288.27,0.81,N
18.57673,72.24055,343.43,0.4,0.37,2026-05-03,2055,N21,VIIRS,n,2.0NRT,298.39,7.3,N
18.5801,72.24117,310.05,0.4,0.37,2026-05-03,2055,N21,VIIRS,n,2.0NRT,298.3,2.31,N
18.58764,77.75672,300.52,0.52,0.5,2026-05-03,2055,N21,VIIRS,n,2.0NRT,274.59,0.51,N
18.58867,77.75859,299.5,0.52,0.5,2026-05-03,2055,N21,VIIRS,n,2.0NRT,273.2,0.51,N
18.6036,75.04588,309.16,0.53,0.42,2026-05-03,2055,N21,VIIRS,n,2.0NRT,295.73,2.09,N
18.64477,74.26483,311.34,0.48,0.4,2026-05-03,2055,N21,VIIRS,n,2.0NRT,292.56,1.56,N
18.68062,73.03672,329.6,0.43,0.38,2026-05-03,2055,N21,VIIRS,n,2.0NRT,300.12,3.34,N
18.68129,73.03272,309.98,0.43,0.38,2026-05-03,2055,N21,VIIRS,n,2.0NRT,299.22,3.29,N
18.6834,73.04139,313.15,0.43,0.38,2026-05-03,2055,N21,VIIRS,n,2.0NRT,299.65,3.34,N
18.68541,73.02936,326.94,0.43,0.38,2026-05-03,2055,N21,VIIRS,n,2.0NRT,299.96,3.29,N
18.6903,73.04269,330.29,0.43,0.38,2026-05-03,2055,N21,VIIRS,n,2.0NRT,298.85,3.82,N
18.69098,73.03867,323.79,0.43,0.38,2026-05-03,2055,N21,VIIRS,n,2.0NRT,299.5,3.82,N
18.69274,73.04247,331.07,0.43,0.38,2026-05-03,2055,N21,VIIRS,n,2.0NRT,299.54,7.58,N
18.89886,75.98072,306.96,0.4,0.44,2026-05-03,2055,N21,VIIRS,n,2.0NRT,295.36,1.48,N
19.01446,76.51392,305.11,0.42,0.46,2026-05-03,2055,N21,VIIRS,n,2.0NRT,294.77,1.38,N
19.0152,76.50997,309.66,0.42,0.46,2026-05-03,2055,N21,VIIRS,n,2.0NRT,294.77,1.29,N
19.06042,75.5174,308.24,0.56,0.43,2026-05-03,2055,N21,VIIRS,n,2.0NRT,293.94,0.83,N
19.07426,73.85016,309,0.46,0.39,2026-05-03,2055,N21,VIIRS,n,2.0NRT,293.75,1.85,N
19.09705,82.16608,305.36,0.49,0.65,2026-05-03,2055,N21,VIIRS,n,2.0NRT,281.22,1.49,N
19.09893,82.16599,302.9,0.49,0.65,2026-05-03,2055,N21,VIIRS,n,2.0NRT,281.11,1.56,N
19.10015,73.05382,322.77,0.42,0.38,2026-05-03,2055,N21,VIIRS,n,2.0NRT,297.35,3.26,N
19.10287,82.16763,303.83,0.49,0.65,2026-05-03,2055,N21,VIIRS,n,2.0NRT,280.02,1.49,N
19.10475,82.16758,302.36,0.49,0.65,2026-05-03,2055,N21,VIIRS,n,2.0NRT,279.57,1.56,N
19.11114,73.05178,329.72,0.42,0.38,2026-05-03,2055,N21,VIIRS,n,2.0NRT,297.7,3.94,N
19.17583,75.706,309.16,0.57,0.43,2026-05-03,2055,N21,VIIRS,n,2.0NRT,295.07,1.42,N
19.1768,70.94696,319.15,0.38,0.36,2026-05-03,2055,N21,VIIRS,n,2.0NRT,300.09,1.1,N
19.21379,72.11641,312.73,0.4,0.37,2026-05-03,2055,N21,VIIRS,n,2.0NRT,299.52,2.58,N
19.23264,73.32988,313.44,0.43,0.38,2026-05-03,2055,N21,VIIRS,n,2.0NRT,296.82,1.75,N
19.23649,74.86623,317.45,0.51,0.41,2026-05-03,2055,N21,VIIRS,n,2.0NRT,297.92,3.58,N
19.23821,74.85643,306.99,0.51,0.41,2026-05-03,2055,N21,VIIRS,n,2.0NRT,296.35,1.52,N
19.37095,71.35438,326.99,0.39,0.36,2026-05-03,2055,N21,VIIRS,n,2.0NRT,298.55,2.4,N
19.52811,76.12509,311.84,0.39,0.44,2026-05-03,2055,N21,VIIRS,n,2.0NRT,295.35,0.82,N
19.58066,73.50592,318.31,0.44,0.38,2026-05-03,2055,N21,VIIRS,n,2.0NRT,296.78,4.35,N
19.69455,78.41308,303.34,0.54,0.51,2026-05-03,2055,N21,VIIRS,n,2.0NRT,281.48,1.08,N
19.72524,77.61607,328.56,0.48,0.48,2026-05-03,2055,N21,VIIRS,n,2.0NRT,293.53,3.64,N
19.72541,77.61443,332.14,0.48,0.48,2026-05-03,2055,N21,VIIRS,n,2.0NRT,293.63,6.47,N
19.7261,77.61178,315.68,0.48,0.48,2026-05-03,2055,N21,VIIRS,n,2.0NRT,292.88,3.64,N
19.73993,77.63396,318.45,0.48,0.48,2026-05-03,2055,N21,VIIRS,n,2.0NRT,292.28,4.44,N
19.74734,73.22754,309.91,0.43,0.38,2026-05-03,2055,N21,VIIRS,n,2.0NRT,296.71,2.11,N
19.75877,78.06878,302.35,0.52,0.5,2026-05-03,2055,N21,VIIRS,n,2.0NRT,274.11,1.59,N
19.84231,77.29198,332.43,0.46,0.47,2026-05-03,2055,N21,VIIRS,n,2.0NRT,287.25,4.84,N
19.85528,77.48158,307.67,0.47,0.48,2026-05-03,2055,N21,VIIRS,n,2.0NRT,287.86,1.34,N
19.85709,77.48038,305.85,0.47,0.48,2026-05-03,2055,N21,VIIRS,n,2.0NRT,287.69,1.42,N
19.93534,73.71306,307.6,0.44,0.38,2026-05-03,2055,N21,VIIRS,n,2.0NRT,294.96,0.65,N
19.96073,78.20072,301.81,0.52,0.5,2026-05-03,2055,N21,VIIRS,n,2.0NRT,270.85,0.68,N
19.96429,76.58289,310.52,0.41,0.45,2026-05-03,2055,N21,VIIRS,n,2.0NRT,295.12,0.84,N
20.02571,76.97316,306.86,0.44,0.46,2026-05-03,2055,N21,VIIRS,n,2.0NRT,291.85,1.28,N
20.12302,78.55432,308.73,0.54,0.51,2026-05-03,2055,N21,VIIRS,n,2.0NRT,290.74,1.69,N
20.23175,78.3176,304.24,0.52,0.5,2026-05-03,2055,N21,VIIRS,n,2.0NRT,291.51,0.94,N
20.24804,78.40509,312.37,0.53,0.5,2026-05-03,2055,N21,VIIRS,n,2.0NRT,296.86,3.3,N
20.28565,76.89156,307.09,0.43,0.46,2026-05-03,2055,N21,VIIRS,n,2.0NRT,295.96,1.46,N
20.40359,80.34858,312.59,0.35,0.57,2026-05-03,2055,N21,VIIRS,n,2.0NRT,293.07,2.31,N
20.52348,75.55154,311.18,0.53,0.42,2026-05-03,2055,N21,VIIRS,n,2.0NRT,297.39,4,N
20.52789,78.62256,309,0.54,0.51,2026-05-03,2055,N21,VIIRS,n,2.0NRT,293.11,1.31,N
20.53784,77.22465,304.7,0.44,0.46,2026-05-03,2055,N21,VIIRS,n,2.0NRT,293.88,0.68,N
20.55616,75.36978,308.48,0.52,0.41,2026-05-03,2055,N21,VIIRS,n,2.0NRT,294.58,1.34,N
20.65189,73.21016,308.58,0.42,0.37,2026-05-03,2055,N21,VIIRS,n,2.0NRT,297.41,2.38,N
20.70471,75.19279,328.96,0.5,0.41,2026-05-03,2055,N21,VIIRS,n,2.0NRT,294.42,6.8,N
20.70818,73.56214,317.92,0.43,0.38,2026-05-03,2055,N21,VIIRS,n,2.0NRT,296.77,3.29,N
20.71233,73.55872,311.26,0.43,0.38,2026-05-03,2055,N21,VIIRS,n,2.0NRT,296.57,2.52,N
20.713,73.55479,309.75,0.43,0.38,2026-05-03,2055,N21,VIIRS,n,2.0NRT,297.25,2.23,N
20.82221,74.56728,307.59,0.47,0.4,2026-05-03,2055,N21,VIIRS,n,2.0NRT,297.59,2.2,N
20.82955,75.2224,309.33,0.5,0.41,2026-05-03,2055,N21,VIIRS,n,2.0NRT,293.84,1.37,N
20.83143,74.57843,331.19,0.47,0.4,2026-05-03,2055,N21,VIIRS,n,2.0NRT,298.95,6.25,N
20.8322,74.574,327.68,0.47,0.4,2026-05-03,2055,N21,VIIRS,n,2.0NRT,298.66,5.75,N
20.83326,74.57633,348.41,0.47,0.4,2026-05-03,2055,N21,VIIRS,n,2.0NRT,305.61,11.48,N
20.83685,74.57707,312.27,0.47,0.4,2026-05-03,2055,N21,VIIRS,n,2.0NRT,297.5,11.48,N
20.84044,74.57784,326.04,0.47,0.4,2026-05-03,2055,N21,VIIRS,n,2.0NRT,298.26,4.49,N
20.91087,71.45907,321.63,0.38,0.36,2026-05-03,2055,N21,VIIRS,n,2.0NRT,299.82,3.33,N
20.91589,78.75119,309.82,0.54,0.51,2026-05-03,2055,N21,VIIRS,n,2.0NRT,298.05,2.27,N
20.92861,73.84377,309.87,0.44,0.38,2026-05-03,2055,N21,VIIRS,n,2.0NRT,295.55,1.86,N
21.04607,72.8764,311.36,0.4,0.37,2026-05-03,2055,N21,VIIRS,n,2.0NRT,297.84,2.79,N
21.10279,72.63841,313.92,0.4,0.37,2026-05-03,2055,N21,VIIRS,n,2.0NRT,297.91,3.98,N
21.10342,72.63461,329.55,0.4,0.37,2026-05-03,2055,N21,VIIRS,n,2.0NRT,299.4,4.7,N
21.10489,72.64665,339.83,0.4,0.37,2026-05-03,2055,N21,VIIRS,n,2.0NRT,301.47,4.43,N
21.10823,72.64728,311.32,0.4,0.37,2026-05-03,2055,N21,VIIRS,n,2.0NRT,299.72,4.43,N
21.11011,72.63586,320.57,0.4,0.37,2026-05-03,2055,N21,VIIRS,n,2.0NRT,299.14,4.25,N
21.32486,76.73585,320.54,0.4,0.44,2026-05-03,2055,N21,VIIRS,n,2.0NRT,298.56,3.18,N
21.49379,70.10116,326.24,0.39,0.36,2026-05-03,2055,N21,VIIRS,n,2.0NRT,298.81,3.52,N
21.799,72.00402,311.39,0.39,0.36,2026-05-03,2055,N21,VIIRS,n,2.0NRT,297.54,1.22,N
21.79959,72.00031,319.17,0.39,0.36,2026-05-03,2055,N21,VIIRS,n,2.0NRT,297.7,1.22,N
21.80018,71.9966,314.89,0.39,0.36,2026-05-03,2055,N21,VIIRS,n,2.0NRT,297.71,1.29,N
21.8023,72.00462,336.86,0.39,0.36,2026-05-03,2055,N21,VIIRS,n,2.0NRT,298.3,12.7,N
21.80289,72.00092,353.74,0.39,0.36,2026-05-03,2055,N21,VIIRS,n,2.0NRT,299.49,12.7,N
21.80348,71.9972,335.74,0.39,0.36,2026-05-03,2055,N21,VIIRS,n,2.0NRT,298.51,4.34,N
21.80408,71.99349,320.05,0.39,0.36,2026-05-03,2055,N21,VIIRS,n,2.0NRT,297.87,4.34,N
21.80501,72.00894,314.63,0.39,0.36,2026-05-03,2055,N21,VIIRS,n,2.0NRT,297.44,2.04,N
21.8056,72.00523,346.3,0.39,0.36,2026-05-03,2055,N21,VIIRS,n,2.0NRT,304.8,12.7,N
21.80619,72.00153,342,0.39,0.36,2026-05-03,2055,N21,VIIRS,n,2.0NRT,299.27,12.7,N
21.80678,71.99781,343.12,0.39,0.36,2026-05-03,2055,N21,VIIRS,n,2.0NRT,299.79,4.34,N
21.80859,72.00975,325.15,0.39,0.36,2026-05-03,2055,N21,VIIRS,n,2.0NRT,297.64,3.89,N
21.80919,72.00603,351.26,0.39,0.36,2026-05-03,2055,N21,VIIRS,n,2.0NRT,304.53,21.53,N
21.80978,72.00233,367,0.39,0.36,2026-05-03,2055,N21,VIIRS,h,2.0NRT,300.91,21.53,N
21.81038,71.99862,347.37,0.39,0.36,2026-05-03,2055,N21,VIIRS,n,2.0NRT,301.95,8.17,N
21.8113,72.01406,308.59,0.39,0.36,2026-05-03,2055,N21,VIIRS,n,2.0NRT,297.48,3.89,N
21.81189,72.01035,347.34,0.39,0.36,2026-05-03,2055,N21,VIIRS,n,2.0NRT,300.25,3.89,N
21.81249,72.00664,354.66,0.39,0.36,2026-05-03,2055,N21,VIIRS,n,2.0NRT,300.96,21.53,N
21.81308,72.00293,354.88,0.39,0.36,2026-05-03,2055,N21,VIIRS,n,2.0NRT,304.31,21.53,N
21.81368,71.99922,323.72,0.39,0.36,2026-05-03,2055,N21,VIIRS,n,2.0NRT,297.83,8.17,N
21.81459,72.01466,310.14,0.39,0.36,2026-05-03,2055,N21,VIIRS,n,2.0NRT,297.58,13.45,N
21.81519,72.01096,339,0.39,0.36,2026-05-03,2055,N21,VIIRS,n,2.0NRT,306.67,13.45,N
21.81578,72.00725,325.88,0.39,0.36,2026-05-03,2055,N21,VIIRS,n,2.0NRT,297.93,2.1,N
21.81638,72.00353,312,0.39,0.36,2026-05-03,2055,N21,VIIRS,n,2.0NRT,297.56,2.1,N
21.81849,72.01157,312.3,0.39,0.36,2026-05-03,2055,N21,VIIRS,n,2.0NRT,297.94,13.45,N
21.81908,72.00785,308.95,0.39,0.36,2026-05-03,2055,N21,VIIRS,n,2.0NRT,297.61,2.1,N
23.64868,85.43628,303.58,0.63,0.72,2026-05-03,2055,N21,VIIRS,n,2.0NRT,289.4,3.33,N
23.67543,86.39914,305.26,0.72,0.75,2026-05-03,2055,N21,VIIRS,n,2.0NRT,286.53,5.73,N
23.68387,86.39426,310,0.72,0.75,2026-05-03,2055,N21,VIIRS,n,2.0NRT,286.81,3.41,N
23.68566,86.39185,308.3,0.72,0.75,2026-05-03,2055,N21,VIIRS,n,2.0NRT,286.53,7.39,N
23.69313,85.36709,302.97,0.62,0.71,2026-05-03,2055,N21,VIIRS,n,2.0NRT,286.93,3.31,N
23.69348,85.3669,303.76,0.62,0.71,2026-05-03,2055,N21,VIIRS,n,2.0NRT,285.69,5.05,N
23.76268,86.40086,306.29,0.72,0.75,2026-05-03,2055,N21,VIIRS,n,2.0NRT,284.13,5.1,N
23.76434,86.40005,302.02,0.71,0.75,2026-05-03,2055,N21,VIIRS,n,2.0NRT,284.11,7.16,N
23.77531,86.21046,305.96,0.7,0.75,2026-05-03,2055,N21,VIIRS,n,2.0NRT,287.16,3.39,N
23.79628,86.3534,307.27,0.71,0.75,2026-05-03,2055,N21,VIIRS,n,2.0NRT,287.87,4.98,N
23.79826,86.35265,304.1,0.71,0.75,2026-05-03,2055,N21,VIIRS,n,2.0NRT,287.7,4.51,N
24.12848,82.62238,307.58,0.41,0.61,2026-05-03,2055,N21,VIIRS,n,2.0NRT,292.2,2.08,N
24.12948,82.61898,306.52,0.41,0.61,2026-05-03,2055,N21,VIIRS,n,2.0NRT,292.35,1.94,N
24.15211,82.59396,310.26,0.41,0.6,2026-05-03,2055,N21,VIIRS,n,2.0NRT,292.67,1.6,N
24.15387,82.63799,305.26,0.41,0.61,2026-05-03,2055,N21,VIIRS,n,2.0NRT,291.22,1.09,N
24.15823,82.66901,304.81,0.41,0.61,2026-05-03,2055,N21,VIIRS,n,2.0NRT,291.52,0.94,N
24.16212,82.62722,319.03,0.41,0.61,2026-05-03,2055,N21,VIIRS,n,2.0NRT,292.84,3.4,N
24.86936,79.81281,304.84,0.53,0.5,2026-05-03,2055,N21,VIIRS,n,2.0NRT,293.54,1.32,N
25.10344,81.6951,301.7,0.34,0.56,2026-05-03,2055,N21,VIIRS,n,2.0NRT,280.59,1.08,N
25.22925,77.00175,305.57,0.54,0.42,2026-05-03,2055,N21,VIIRS,n,2.0NRT,293.68,1.07,N
25.26739,77.77991,304.91,0.39,0.44,2026-05-03,2055,N21,VIIRS,n,2.0NRT,293.69,0.61,N
25.36776,77.07985,308.42,0.54,0.42,2026-05-03,2055,N21,VIIRS,n,2.0NRT,293.59,1.33,N
25.62741,79.43633,307.39,0.48,0.48,2026-05-03,2055,N21,VIIRS,n,2.0NRT,293.55,0.9,N
25.63175,79.43745,310.63,0.48,0.48,2026-05-03,2055,N21,VIIRS,n,2.0NRT,292.99,1.13,N
25.75269,78.97906,304.77,0.45,0.47,2026-05-03,2055,N21,VIIRS,n,2.0NRT,293.81,1.2,N
25.79192,79.19363,308.96,0.46,0.47,2026-05-03,2055,N21,VIIRS,n,2.0NRT,294.09,2.59,N
26.03209,78.12702,299.81,0.4,0.44,2026-05-03,2055,N21,VIIRS,n,2.0NRT,282.44,1.65,N
26.03532,78.1319,311.91,0.4,0.44,2026-05-03,2055,N21,VIIRS,n,2.0NRT,284.64,2.85,N
26.04705,78.20067,302.68,0.4,0.44,2026-05-03,2055,N21,VIIRS,n,2.0NRT,275.73,1.43,N
26.06755,79.67776,304.65,0.49,0.49,2026-05-03,2055,N21,VIIRS,n,2.0NRT,294.31,1.4,N
26.1734,80.04588,303.93,0.51,0.5,2026-05-03,2055,N21,VIIRS,n,2.0NRT,293.24,0.93,N
26.21824,79.04636,309.26,0.45,0.47,2026-05-03,2055,N21,VIIRS,n,2.0NRT,294.88,1.77,N
26.22962,78.41147,309.76,0.41,0.45,2026-05-03,2055,N21,VIIRS,n,2.0NRT,294.31,1.95,N
26.27058,79.28753,306.93,0.46,0.47,2026-05-03,2055,N21,VIIRS,n,2.0NRT,292.25,1.78,N
26.2853,79.81652,307.46,0.5,0.49,2026-05-03,2055,N21,VIIRS,n,2.0NRT,294.31,1.26,N
26.33829,78.3315,305.32,0.4,0.45,2026-05-03,2055,N21,VIIRS,n,2.0NRT,284.19,1.66,N
26.39112,79.66255,312.79,0.48,0.48,2026-05-03,2055,N21,VIIRS,n,2.0NRT,294.36,1.54,N
26.50816,78.45534,311.9,0.41,0.45,2026-05-03,2055,N21,VIIRS,n,2.0NRT,285.11,2.91,N
27.53465,69.31052,314.39,0.46,0.39,2026-05-03,2055,N21,VIIRS,n,2.0NRT,295.89,2.11,N
9.15432,77.98525,310.16,0.4,0.6,2026-05-03,2057,N21,VIIRS,n,2.0NRT,288.41,1.52,N
9.91831,78.14124,306.71,0.4,0.6,2026-05-03,2057,N21,VIIRS,n,2.0NRT,289.67,1.08,N
10.35905,77.03571,305.24,0.33,0.55,2026-05-03,2057,N21,VIIRS,n,2.0NRT,285.91,2.12,N
10.35949,77.03331,324.13,0.33,0.55,2026-05-03,2057,N21,VIIRS,n,2.0NRT,288.79,2.12,N
10.35993,77.03099,299.39,0.33,0.55,2026-05-03,2057,N21,VIIRS,n,2.0NRT,287.44,2.27,N
12.68226,75.04948,327.54,0.44,0.46,2026-05-03,2057,N21,VIIRS,n,2.0NRT,291.45,3.59,N