latitude,longitude,bright_ti4,scan,track,acq_date,acq_time,satellite,instrument,confidence,version,bright_ti5,frp,daynight
18.22818,96.67681,346.08,0.7,0.75,2026-04-09,553,N21,VIIRS,n,2.0NRT,299.22,8.47,D
18.22966,96.68314,341.23,0.7,0.75,2026-04-09,553,N21,VIIRS,n,2.0NRT,299.01,11.77,D
18.23141,96.67905,367,0.7,0.75,2026-04-09,553,N21,VIIRS,h,2.0NRT,300.84,33.52,D
18.23292,96.68537,332.28,0.7,0.75,2026-04-09,553,N21,VIIRS,n,2.0NRT,299.31,16.9,D
18.23487,96.6752,350.62,0.7,0.75,2026-04-09,553,N21,VIIRS,n,2.0NRT,299.03,5.27,D
18.2808,96.69081,341.25,0.7,0.75,2026-04-09,553,N21,VIIRS,n,2.0NRT,302.43,12.39,D
18.2842,96.69323,367,0.69,0.75,2026-04-09,553,N21,VIIRS,h,2.0NRT,304.42,28.1,D
18.28748,96.68921,334.06,0.7,0.75,2026-04-09,553,N21,VIIRS,n,2.0NRT,301.42,12.39,D
18.28893,96.69555,348.23,0.7,0.75,2026-04-09,553,N21,VIIRS,n,2.0NRT,302.48,26.32,D
18.30931,97.70419,345.17,0.6,0.7,2026-04-09,553,N21,VIIRS,n,2.0NRT,301.58,10.63,D
18.32972,97.00335,333.02,0.66,0.73,2026-04-09,553,N21,VIIRS,n,2.0NRT,299.97,11.94,D
18.33056,97.68081,331.29,0.6,0.7,2026-04-09,553,N21,VIIRS,n,2.0NRT,299.01,8.85,D
18.35342,96.40585,335.8,0.72,0.76,2026-04-09,553,N21,VIIRS,n,2.0NRT,297.33,9.24,D
18.41196,97.32432,330.68,0.63,0.72,2026-04-09,553,N21,VIIRS,n,2.0NRT,297.57,6.88,D
18.41556,97.45406,332.22,0.62,0.71,2026-04-09,553,N21,VIIRS,n,2.0NRT,297.88,7.62,D
18.45341,97.507,340.47,0.61,0.71,2026-04-09,553,N21,VIIRS,n,2.0NRT,298.36,14.24,D
18.454,97.50327,349.95,0.61,0.71,2026-04-09,553,N21,VIIRS,n,2.0NRT,298.26,9.89,D
18.56602,97.75795,367,0.59,0.7,2026-04-09,553,N21,VIIRS,h,2.0NRT,298.8,12.87,D
18.62571,97.88533,338.37,0.57,0.69,2026-04-09,553,N21,VIIRS,n,2.0NRT,300.45,12.36,D
18.628,97.88643,344.77,0.57,0.69,2026-04-09,553,N21,VIIRS,n,2.0NRT,300.72,10.12,D
18.65905,95.72344,338,0.79,0.78,2026-04-09,553,N21,VIIRS,n,2.0NRT,296.31,17.59,D
18.66018,95.71806,346.65,0.79,0.78,2026-04-09,553,N21,VIIRS,n,2.0NRT,296.37,11.64,D
18.66633,97.999,335.3,0.56,0.69,2026-04-09,553,N21,VIIRS,n,2.0NRT,297.41,30.58,D
18.68955,97.70558,341.42,0.59,0.7,2026-04-09,553,N21,VIIRS,n,2.0NRT,297.14,8.46,D
18.69309,97.70733,336.86,0.59,0.7,2026-04-09,553,N21,VIIRS,n,2.0NRT,297.27,9.26,D
18.93472,97.85522,337,0.57,0.69,2026-04-09,553,N21,VIIRS,n,2.0NRT,300.55,7.53,D
18.94512,97.90105,330.43,0.56,0.69,2026-04-09,553,N21,VIIRS,n,2.0NRT,297.67,6.65,D
18.94912,97.84084,331.02,0.57,0.69,2026-04-09,553,N21,VIIRS,n,2.0NRT,297.75,3.61,D
18.95418,97.89053,331.61,0.56,0.69,2026-04-09,553,N21,VIIRS,n,2.0NRT,298.13,7.95,D
18.9577,97.90563,343.49,0.56,0.69,2026-04-09,553,N21,VIIRS,n,2.0NRT,299.49,11.16,D
18.9594,97.90677,343.06,0.56,0.69,2026-04-09,553,N21,VIIRS,n,2.0NRT,299.12,11.83,D
19.08138,96.17783,341.01,0.72,0.76,2026-04-09,553,N21,VIIRS,n,2.0NRT,296.99,10.28,D
19.10218,97.91369,330.06,0.56,0.69,2026-04-09,553,N21,VIIRS,n,2.0NRT,297.05,5.4,D
19.15575,97.89673,367,0.56,0.69,2026-04-09,553,N21,VIIRS,h,2.0NRT,299.83,20.48,D
19.16391,97.04583,343.8,0.63,0.72,2026-04-09,553,N21,VIIRS,n,2.0NRT,298.48,13.94,D
19.16774,96.74642,333.43,0.66,0.73,2026-04-09,553,N21,VIIRS,n,2.0NRT,296.49,10.2,D
19.16908,96.74381,355.81,0.66,0.73,2026-04-09,553,N21,VIIRS,n,2.0NRT,298.02,28.49,D
19.1703,96.74909,338.8,0.66,0.73,2026-04-09,553,N21,VIIRS,n,2.0NRT,296.5,26.04,D
19.17471,96.74663,367,0.66,0.73,2026-04-09,553,N21,VIIRS,h,2.0NRT,298.82,28.05,D
19.20296,97.03836,338.45,0.63,0.72,2026-04-09,553,N21,VIIRS,n,2.0NRT,299.75,22.12,D
19.20349,97.04042,346.86,0.63,0.72,2026-04-09,553,N21,VIIRS,n,2.0NRT,300.47,18.55,D
19.21366,97.8158,337.9,0.56,0.69,2026-04-09,553,N21,VIIRS,n,2.0NRT,298.69,10.47,D
19.2289,96.71231,336.71,0.66,0.73,2026-04-09,553,N21,VIIRS,n,2.0NRT,295.58,5.84,D
19.26333,97.24168,342.08,0.61,0.71,2026-04-09,553,N21,VIIRS,n,2.0NRT,298.34,6.59,D
19.264,97.23832,338.2,0.61,0.71,2026-04-09,553,N21,VIIRS,n,2.0NRT,298.09,7.05,D
19.2651,97.24297,337.79,0.61,0.71,2026-04-09,553,N21,VIIRS,n,2.0NRT,298.66,7.05,D
19.26705,97.87914,339.39,0.56,0.68,2026-04-09,553,N21,VIIRS,n,2.0NRT,298.39,12.55,D
19.26959,97.23973,333.78,0.61,0.71,2026-04-09,553,N21,VIIRS,n,2.0NRT,297.62,6.59,D
19.30812,97.91805,333.65,0.55,0.68,2026-04-09,553,N21,VIIRS,n,2.0NRT,298.38,10.12,D
19.31337,97.91505,351.02,0.55,0.68,2026-04-09,553,N21,VIIRS,n,2.0NRT,298.73,7.96,D
19.35022,97.99097,367,0.54,0.68,2026-04-09,553,N21,VIIRS,h,2.0NRT,301.11,18.09,D
19.36132,97.72865,330.75,0.57,0.69,2026-04-09,553,N21,VIIRS,n,2.0NRT,296.33,5.54,D
19.37761,97.0272,351.85,0.63,0.72,2026-04-09,553,N21,VIIRS,n,2.0NRT,297.11,20.05,D
19.38083,97.59544,351.81,0.58,0.69,2026-04-09,553,N21,VIIRS,n,2.0NRT,297.94,11.12,D
19.38163,97.59892,339.8,0.58,0.69,2026-04-09,553,N21,VIIRS,n,2.0NRT,297.55,11.12,D
19.48154,95.94147,340.06,0.73,0.76,2026-04-09,553,N21,VIIRS,n,2.0NRT,294.31,14.11,D
19.56965,97.49683,333.52,0.58,0.7,2026-04-09,553,N21,VIIRS,n,2.0NRT,295.87,12.36,D
19.57127,97.50381,339.03,0.58,0.7,2026-04-09,553,N21,VIIRS,n,2.0NRT,296.46,11.21,D
19.57642,97.4977,342.15,0.58,0.7,2026-04-09,553,N21,VIIRS,n,2.0NRT,294.34,12.36,D
19.64077,96.56019,338.51,0.66,0.73,2026-04-09,553,N21,VIIRS,n,2.0NRT,295.58,8.43,D
19.64287,96.56142,344.99,0.66,0.73,2026-04-09,553,N21,VIIRS,n,2.0NRT,295.71,10.7,D
19.64547,95.39142,353.1,0.79,0.78,2026-04-09,553,N21,VIIRS,n,2.0NRT,296.09,16.5,D
19.70115,97.35207,335.19,0.59,0.7,2026-04-09,553,N21,VIIRS,n,2.0NRT,297.63,10.06,D
19.71494,97.90208,335.17,0.54,0.68,2026-04-09,553,N21,VIIRS,n,2.0NRT,296.99,6.36,D
19.74113,97.42465,333.04,0.58,0.7,2026-04-09,553,N21,VIIRS,n,2.0NRT,297.01,3.29,D
19.89008,97.43797,367,0.57,0.69,2026-04-09,553,N21,VIIRS,h,2.0NRT,299.81,22.74,D
19.89122,97.44286,339.2,0.57,0.69,2026-04-09,553,N21,VIIRS,n,2.0NRT,299.04,20.89,D
19.95509,95.94379,341.93,0.71,0.75,2026-04-09,553,N21,VIIRS,n,2.0NRT,293.91,12.59,D
19.96072,95.94585,340.74,0.71,0.75,2026-04-09,553,N21,VIIRS,n,2.0NRT,293.45,12.39,D
20.03705,97.51629,334.62,0.57,0.69,2026-04-09,553,N21,VIIRS,n,2.0NRT,295.31,4.59,D
20.07025,97.77073,350.67,0.54,0.68,2026-04-09,553,N21,VIIRS,n,2.0NRT,300.4,11.81,D
20.07187,97.77767,351.95,0.54,0.68,2026-04-09,553,N21,VIIRS,n,2.0NRT,299.85,11.81,D
20.07756,97.7746,330.87,0.54,0.68,2026-04-09,553,N21,VIIRS,l,2.0NRT,302.8,11.81,D
20.14772,97.88529,344.22,0.53,0.67,2026-04-09,553,N21,VIIRS,n,2.0NRT,305.04,9.44,D
20.15261,97.87888,347.61,0.53,0.67,2026-04-09,553,N21,VIIRS,n,2.0NRT,305.91,16.66,D
20.1537,97.88365,334.2,0.53,0.67,2026-04-09,553,N21,VIIRS,n,2.0NRT,303.81,9.44,D
20.15383,97.87861,339.41,0.53,0.67,2026-04-09,553,N21,VIIRS,n,2.0NRT,305.62,7.74,D
20.15487,97.88876,350.71,0.53,0.67,2026-04-09,553,N21,VIIRS,n,2.0NRT,305.02,9.44,D
20.15615,97.88845,343.58,0.53,0.67,2026-04-09,553,N21,VIIRS,n,2.0NRT,304.7,13.66,D
20.1673,97.41847,334.46,0.57,0.69,2026-04-09,553,N21,VIIRS,n,2.0NRT,293.38,5.55,D
20.18601,97.88602,349.75,0.53,0.67,2026-04-09,553,N21,VIIRS,n,2.0NRT,306.53,31.82,D
20.1862,97.88093,335.29,0.53,0.67,2026-04-09,553,N21,VIIRS,n,2.0NRT,300.46,26.2,D
20.18715,97.89104,347.6,0.53,0.67,2026-04-09,553,N21,VIIRS,n,2.0NRT,303.35,31.82,D
20.18851,97.89083,348.17,0.53,0.67,2026-04-09,553,N21,VIIRS,n,2.0NRT,302.72,116.69,D
20.18982,97.8747,339.1,0.53,0.67,2026-04-09,553,N21,VIIRS,n,2.0NRT,298.18,31.55,D
20.18987,97.56846,367,0.56,0.69,2026-04-09,553,N21,VIIRS,h,2.0NRT,293.5,28.52,D
20.19092,97.8796,367,0.53,0.67,2026-04-09,553,N21,VIIRS,h,2.0NRT,301.37,31.55,D
20.19109,97.87458,347.14,0.53,0.67,2026-04-09,553,N21,VIIRS,n,2.0NRT,298.9,38.49,D
20.19116,97.56954,367,0.56,0.69,2026-04-09,553,N21,VIIRS,h,2.0NRT,293.27,25.86,D
20.19202,97.88452,351.48,0.53,0.67,2026-04-09,553,N21,VIIRS,n,2.0NRT,302.38,31.82,D
20.19222,97.87946,367,0.53,0.67,2026-04-09,553,N21,VIIRS,h,2.0NRT,306.03,38.49,D
20.19314,97.88948,344.16,0.53,0.67,2026-04-09,553,N21,VIIRS,n,2.0NRT,299.13,31.82,D
20.19336,97.88435,336.42,0.53,0.67,2026-04-09,553,N21,VIIRS,n,2.0NRT,298.82,33.29,D
20.19824,97.87799,344.83,0.53,0.67,2026-04-09,553,N21,VIIRS,n,2.0NRT,299.14,38.49,D
20.36509,97.88094,344.16,0.53,0.67,2026-04-09,553,N21,VIIRS,n,2.0NRT,293.48,13.25,D
20.36612,97.88544,332.32,0.53,0.67,2026-04-09,553,N21,VIIRS,n,2.0NRT,292.69,11.64,D
20.44945,97.57751,344.12,0.55,0.68,2026-04-09,553,N21,VIIRS,n,2.0NRT,294.38,10.91,D
20.44954,97.57632,347.51,0.55,0.68,2026-04-09,553,N21,VIIRS,n,2.0NRT,294.91,9.77,D
20.54276,95.05888,351.86,0.79,0.78,2026-04-09,553,N21,VIIRS,n,2.0NRT,295.96,11.21,D
20.58127,97.69971,334.05,0.54,0.68,2026-04-09,553,N21,VIIRS,n,2.0NRT,287.88,3.66,D
20.78832,95.63781,335.68,0.72,0.75,2026-04-09,553,N21,VIIRS,n,2.0NRT,297.21,7.99,D
20.85383,94.93609,342.8,0.79,0.78,2026-04-09,553,N21,VIIRS,n,2.0NRT,296.27,6.14,D
20.85877,94.93556,351.44,0.79,0.78,2026-04-09,553,N21,VIIRS,n,2.0NRT,295.94,11.01,D
20.86072,94.93395,330.18,0.79,0.78,2026-04-09,553,N21,VIIRS,n,2.0NRT,295.61,3.52,D
21.02448,97.97897,336.53,0.5,0.66,2026-04-09,553,N21,VIIRS,n,2.0NRT,294.62,8.23,D
21.08335,97.97482,339.02,0.5,0.66,2026-04-09,553,N21,VIIRS,n,2.0NRT,292.71,7.66,D
21.08558,97.97437,328.25,0.5,0.66,2026-04-09,553,N21,VIIRS,n,2.0NRT,292.48,9.27,D
21.23952,95.5723,331.16,0.71,0.75,2026-04-09,553,N21,VIIRS,n,2.0NRT,295.41,1.14,D
16.03578,97.74364,367,0.66,0.73,2026-04-09,555,N21,VIIRS,h,2.0NRT,297.22,26.77,D
16.04235,97.74218,333.91,0.66,0.73,2026-04-09,555,N21,VIIRS,n,2.0NRT,296.86,26.77,D
16.04371,97.74821,367,0.66,0.73,2026-04-09,555,N21,VIIRS,h,2.0NRT,297.01,26.77,D
16.48132,97.97687,335.9,0.63,0.72,2026-04-09,555,N21,VIIRS,n,2.0NRT,298.22,7.54,D
16.48222,97.97813,340.05,0.62,0.72,2026-04-09,555,N21,VIIRS,n,2.0NRT,298.57,8.84,D
16.75863,97.33744,334.96,0.68,0.74,2026-04-09,555,N21,VIIRS,n,2.0NRT,300.17,5.22,D
16.76224,97.33545,347.51,0.68,0.74,2026-04-09,555,N21,VIIRS,n,2.0NRT,301.16,8.57,D
16.76526,97.33591,337.46,0.68,0.74,2026-04-09,555,N21,VIIRS,n,2.0NRT,300.98,5.22,D
16.76949,97.5387,367,0.66,0.73,2026-04-09,555,N21,VIIRS,h,2.0NRT,301.3,14.78,D
16.88518,97.90184,340.76,0.62,0.71,2026-04-09,555,N21,VIIRS,n,2.0NRT,298.78,8.7,D
16.88643,97.90746,341.61,0.62,0.71,2026-04-09,555,N21,VIIRS,n,2.0NRT,298.5,8.7,D
16.88706,97.90556,367,0.62,0.71,2026-04-09,555,N21,VIIRS,h,2.0NRT,298.92,10.73,D
16.90145,97.30348,330.71,0.68,0.74,2026-04-09,555,N21,VIIRS,l,2.0NRT,303.33,3.05,D
16.91143,97.8942,340.86,0.62,0.71,2026-04-09,555,N21,VIIRS,n,2.0NRT,296.26,5.9,D
16.94972,97.98116,335.14,0.61,0.71,2026-04-09,555,N21,VIIRS,n,2.0NRT,297.08,5.68,D
17.03587,97.57435,330.2,0.65,0.73,2026-04-09,555,N21,VIIRS,n,2.0NRT,296.74,7.04,D
17.2556,96.29178,338.61,0.78,0.78,2026-04-09,555,N21,VIIRS,n,2.0NRT,298.99,12.48,D
17.27098,97.89363,346.36,0.61,0.71,2026-04-09,555,N21,VIIRS,n,2.0NRT,298.67,10.1,D
17.33466,97.63528,335.05,0.63,0.72,2026-04-09,555,N21,VIIRS,n,2.0NRT,301.42,9.07,D
17.34113,97.63383,367,0.63,0.72,2026-04-09,555,N21,VIIRS,h,2.0NRT,301,20.2,D
17.43316,97.59116,367,0.63,0.72,2026-04-09,555,N21,VIIRS,h,2.0NRT,298.77,29.85,D
17.43967,97.5899,343.99,0.63,0.72,2026-04-09,555,N21,VIIRS,n,2.0NRT,297.04,11.56,D
17.48168,97.12894,367,0.68,0.74,2026-04-09,555,N21,VIIRS,h,2.0NRT,296.72,22.25,D
17.48504,97.12978,367,0.68,0.74,2026-04-09,555,N21,VIIRS,h,2.0NRT,296.63,30.61,D
17.59087,96.64548,336.01,0.72,0.76,2026-04-09,555,N21,VIIRS,n,2.0NRT,298.87,6.29,D
17.62173,96.68649,334.68,0.72,0.76,2026-04-09,555,N21,VIIRS,n,2.0NRT,300.94,6.24,D
17.81871,97.79292,333.08,0.6,0.71,2026-04-09,555,N21,VIIRS,n,2.0NRT,296.28,13.36,D
17.84127,97.68517,341.78,0.61,0.71,2026-04-09,555,N21,VIIRS,n,2.0NRT,298.31,11.25,D
17.8429,97.68658,347.32,0.61,0.71,2026-04-09,555,N21,VIIRS,n,2.0NRT,299.11,8.85,D
17.85193,97.91058,348.16,0.59,0.7,2026-04-09,555,N21,VIIRS,n,2.0NRT,300.21,13.74,D
17.96938,96.75294,340.28,0.7,0.75,2026-04-09,555,N21,VIIRS,n,2.0NRT,299.54,7.23,D
17.97274,96.75526,346.07,0.7,0.75,2026-04-09,555,N21,VIIRS,n,2.0NRT,299.22,9.43,D
18.06001,97.74107,355.68,0.6,0.71,2026-04-09,555,N21,VIIRS,n,2.0NRT,300.21,22.57,D
18.06139,97.74702,347.72,0.6,0.71,2026-04-09,555,N21,VIIRS,n,2.0NRT,299.08,22.57,D
18.06409,97.7389,336.29,0.6,0.71,2026-04-09,555,N21,VIIRS,n,2.0NRT,298.1,21.99,D
18.06543,97.74489,367,0.6,0.71,2026-04-09,555,N21,VIIRS,h,2.0NRT,300.02,21.99,D
18.06599,97.89458,330.08,0.59,0.7,2026-04-09,555,N21,VIIRS,l,2.0NRT,300.75,4.17,D
18.08714,97.90061,330.28,0.59,0.7,2026-04-09,555,N21,VIIRS,l,2.0NRT,302.4,8.67,D
18.08826,97.90559,353.29,0.59,0.7,2026-04-09,555,N21,VIIRS,n,2.0NRT,303.89,8.67,D
18.08937,97.8965,334.08,0.59,0.7,2026-04-09,555,N21,VIIRS,n,2.0NRT,302.54,7.43,D
18.09164,97.90636,367,0.58,0.7,2026-04-09,555,N21,VIIRS,h,2.0NRT,305.53,21.91,D
18.09232,97.74612,334.27,0.6,0.71,2026-04-09,555,N21,VIIRS,n,2.0NRT,297.11,7.68,D
18.09235,97.89442,332.48,0.59,0.7,2026-04-09,555,N21,VIIRS,l,2.0NRT,303.25,12.7,D
18.09461,97.8906,331.12,0.59,0.7,2026-04-09,555,N21,VIIRS,l,2.0NRT,301.58,10.16,D
18.09564,97.54636,367,0.62,0.71,2026-04-09,555,N21,VIIRS,h,2.0NRT,299.33,33.59,D
18.10365,97.72796,334.51,0.6,0.71,2026-04-09,555,N21,VIIRS,n,2.0NRT,296.1,6.08,D
18.1368,97.69791,341.13,0.6,0.71,2026-04-09,555,N21,VIIRS,n,2.0NRT,298.27,6.56,D
18.16588,97.72715,331.39,0.6,0.7,2026-04-09,555,N21,VIIRS,n,2.0NRT,297.52,6.42,D
22.01442,95.84903,346.45,0.65,0.73,2026-04-09,555,N21,VIIRS,n,2.0NRT,297.78,13.35,D
22.01588,95.85487,332.75,0.65,0.73,2026-04-09,555,N21,VIIRS,n,2.0NRT,297.3,11.64,D
22.27736,97.79452,345.83,0.49,0.65,2026-04-09,555,N21,VIIRS,n,2.0NRT,298.62,7.64,D
22.27917,96.58691,339.59,0.58,0.7,2026-04-09,555,N21,VIIRS,n,2.0NRT,294.86,10.6,D
22.33199,97.89805,343.95,0.48,0.64,2026-04-09,555,N21,VIIRS,n,2.0NRT,301.16,8.07,D
22.53037,97.24856,330.95,0.52,0.67,2026-04-09,555,N21,VIIRS,n,2.0NRT,294.3,6.19,D
22.81279,97.71291,344.49,0.48,0.64,2026-04-09,555,N21,VIIRS,n,2.0NRT,297.9,6,D
22.88261,97.4914,334.68,0.49,0.65,2026-04-09,555,N21,VIIRS,n,2.0NRT,296.54,5.76,D
22.97771,97.84651,329.77,0.46,0.64,2026-04-09,555,N21,VIIRS,n,2.0NRT,295.27,3.26,D
23.05132,97.35566,346.66,0.5,0.66,2026-04-09,555,N21,VIIRS,n,2.0NRT,290.1,6.91,D
23.16583,97.42693,331.49,0.49,0.65,2026-04-09,555,N21,VIIRS,n,2.0NRT,294.94,4.27,D
23.19327,97.41254,335.96,0.49,0.65,2026-04-09,555,N21,VIIRS,n,2.0NRT,296.73,8.18,D
23.37505,96.84761,331.01,0.53,0.67,2026-04-09,555,N21,VIIRS,n,2.0NRT,293.19,4.87,D
23.71262,96.34952,335.62,0.55,0.68,2026-04-09,555,N21,VIIRS,n,2.0NRT,291.55,7.65,D
23.77891,97.93754,334.82,0.44,0.62,2026-04-09,555,N21,VIIRS,n,2.0NRT,297.09,5.81,D
23.81033,97.15869,355.29,0.49,0.65,2026-04-09,555,N21,VIIRS,n,2.0NRT,293.11,19.2,D
23.81151,97.16366,351.26,0.49,0.65,2026-04-09,555,N21,VIIRS,n,2.0NRT,292.91,19.52,D
23.81256,97.98135,331.23,0.44,0.62,2026-04-09,555,N21,VIIRS,n,2.0NRT,295.83,4.88,D
23.81595,97.97977,326.34,0.44,0.62,2026-04-09,555,N21,VIIRS,n,2.0NRT,294.68,4.87,D
24.03749,96.5727,338.92,0.53,0.67,2026-04-09,555,N21,VIIRS,n,2.0NRT,295.7,8.74,D
6.06452,80.76557,332.98,0.54,0.51,2026-04-09,731,N21,VIIRS,n,2.0NRT,304.36,5.51,D
6.06485,80.76431,332.06,0.54,0.51,2026-04-09,731,N21,VIIRS,l,2.0NRT,304.42,2.98,D
7.72086,81.07092,330.73,0.49,0.48,2026-04-09,731,N21,VIIRS,l,2.0NRT,302.95,4.5,D
8.85635,80.98103,340.22,0.47,0.48,2026-04-09,731,N21,VIIRS,n,2.0NRT,300.4,17.78,D
9.4273,78.86415,335.47,0.32,0.55,2026-04-09,731,N21,VIIRS,n,2.0NRT,295.58,5.15,D
9.46135,76.46212,347.14,0.47,0.64,2026-04-09,731,N21,VIIRS,n,2.0NRT,293.61,8.33,D
9.51662,76.46878,332.52,0.47,0.64,2026-04-09,731,N21,VIIRS,n,2.0NRT,293.34,16.16,D
9.51664,76.46931,333.95,0.47,0.64,2026-04-09,731,N21,VIIRS,n,2.0NRT,293.48,18.22,D
9.56138,76.45213,339.08,0.47,0.64,2026-04-09,731,N21,VIIRS,n,2.0NRT,293.19,6.86,D
9.81068,77.38493,351.96,0.4,0.6,2026-04-09,731,N21,VIIRS,n,2.0NRT,297.88,9.88,D
9.81134,77.38855,343.46,0.4,0.6,2026-04-09,731,N21,VIIRS,n,2.0NRT,297.48,9.88,D
9.81231,77.38432,346.44,0.4,0.6,2026-04-09,731,N21,VIIRS,n,2.0NRT,297.83,8.2,D
9.81299,77.38792,350.37,0.4,0.6,2026-04-09,731,N21,VIIRS,n,2.0NRT,298.61,8.2,D
9.86204,77.93598,332.89,0.37,0.58,2026-04-09,731,N21,VIIRS,n,2.0NRT,297.61,7.42,D
10.47142,76.152,331.38,0.47,0.64,2026-04-09,731,N21,VIIRS,n,2.0NRT,292.98,11.65,D
10.47723,76.15092,367,0.47,0.64,2026-04-09,731,N21,VIIRS,h,2.0NRT,293.17,11.65,D
10.52371,76.1423,353.99,0.47,0.64,2026-04-09,731,N21,VIIRS,n,2.0NRT,292.59,12.16,D
10.79828,77.57343,342.77,0.37,0.58,2026-04-09,731,N21,VIIRS,n,2.0NRT,296.45,3.98,D
10.86604,77.64709,330.31,0.37,0.58,2026-04-09,731,N21,VIIRS,n,2.0NRT,297.17,1.18,D
11.03065,79.03513,348.15,0.59,0.53,2026-04-09,731,N21,VIIRS,n,2.0NRT,301.39,17.45,D
11.03541,79.03429,333.31,0.59,0.53,2026-04-09,731,N21,VIIRS,n,2.0NRT,300.57,2.95,D
11.06712,78.93807,334.99,0.59,0.53,2026-04-09,731,N21,VIIRS,n,2.0NRT,300.86,6.23,D
11.06796,78.94134,348.09,0.59,0.53,2026-04-09,731,N21,VIIRS,n,2.0NRT,301.66,9.01,D
11.06811,78.94335,334.54,0.59,0.53,2026-04-09,731,N21,VIIRS,n,2.0NRT,300.9,5.35,D
11.07403,78.97507,333.21,0.59,0.53,2026-04-09,731,N21,VIIRS,n,2.0NRT,302.59,4.89,D
11.26975,80.00406,332.93,0.5,0.49,2026-04-09,731,N21,VIIRS,n,2.0NRT,296.2,3.69,D
11.03915,76.19702,334.55,0.46,0.63,2026-04-09,733,N21,VIIRS,n,2.0NRT,289.93,4.36,D
11.17869,76.56677,337.89,0.43,0.62,2026-04-09,733,N21,VIIRS,n,2.0NRT,293.93,5.46,D
11.30457,79.10397,330.23,0.57,0.52,2026-04-09,733,N21,VIIRS,l,2.0NRT,302.71,5.64,D
11.30551,79.10088,334.61,0.57,0.52,2026-04-09,733,N21,VIIRS,n,2.0NRT,302.06,5.21,D
11.92015,79.27052,340.88,0.54,0.51,2026-04-09,733,N21,VIIRS,n,2.0NRT,303.1,4.42,D
12.4276,76.15012,334.07,0.44,0.62,2026-04-09,733,N21,VIIRS,l,2.0NRT,304.68,1.87,D
12.68457,77.76482,330.78,0.33,0.56,2026-04-09,733,N21,VIIRS,n,2.0NRT,300.15,2.16,D
12.74005,77.64796,338.08,0.34,0.56,2026-04-09,733,N21,VIIRS,n,2.0NRT,304.05,4.83,D
12.78626,77.43186,338.26,0.35,0.57,2026-04-09,733,N21,VIIRS,n,2.0NRT,301.42,2.45,D
13.05308,80.07771,339.96,0.46,0.47,2026-04-09,733,N21,VIIRS,n,2.0NRT,300.98,5.41,D
13.11164,79.54916,330.15,0.5,0.49,2026-04-09,733,N21,VIIRS,l,2.0NRT,304.61,3.94,D
13.12566,79.18134,339.65,0.53,0.5,2026-04-09,733,N21,VIIRS,n,2.0NRT,304.26,6.19,D
13.13107,79.18526,331.49,0.53,0.5,2026-04-09,733,N21,VIIRS,l,2.0NRT,303.34,5.22,D
13.35296,80.3139,333.98,0.44,0.46,2026-04-09,733,N21,VIIRS,n,2.0NRT,301.66,4.54,D
13.42952,79.35612,337.66,0.51,0.49,2026-04-09,733,N21,VIIRS,n,2.0NRT,302.92,6.16,D
13.43036,79.36055,330.15,0.51,0.49,2026-04-09,733,N21,VIIRS,l,2.0NRT,302.3,3.46,D
13.43169,79.35941,345.8,0.51,0.49,2026-04-09,733,N21,VIIRS,n,2.0NRT,303.31,7.59,D
13.68346,78.48182,334.31,0.57,0.52,2026-04-09,733,N21,VIIRS,l,2.0NRT,305.01,5.66,D
13.78841,78.53851,336.72,0.57,0.52,2026-04-09,733,N21,VIIRS,n,2.0NRT,301.4,5.86,D
13.81261,76.86495,334.37,0.37,0.58,2026-04-09,733,N21,VIIRS,l,2.0NRT,304.57,5.48,D
13.82243,76.52638,338.08,0.39,0.59,2026-04-09,733,N21,VIIRS,n,2.0NRT,298.88,10.65,D
13.94425,78.55769,340.32,0.56,0.52,2026-04-09,733,N21,VIIRS,n,2.0NRT,299.69,6.31,D
13.98027,77.79549,343.06,0.63,0.54,2026-04-09,733,N21,VIIRS,n,2.0NRT,304.39,11.61,D
14.02868,79.12336,337.79,0.51,0.5,2026-04-09,733,N21,VIIRS,n,2.0NRT,295.53,8.9,D
14.03837,76.14254,332.45,0.41,0.6,2026-04-09,733,N21,VIIRS,n,2.0NRT,295.17,4.35,D
14.18711,76.1153,341.92,0.41,0.6,2026-04-09,733,N21,VIIRS,n,2.0NRT,301.94,4.23,D
14.23708,79.77048,333.15,0.46,0.47,2026-04-09,733,N21,VIIRS,n,2.0NRT,301.72,2.53,D
14.34841,76.18237,337.16,0.4,0.6,2026-04-09,733,N21,VIIRS,n,2.0NRT,297.55,3.59,D
14.35001,76.17984,332.66,0.4,0.6,2026-04-09,733,N21,VIIRS,n,2.0NRT,300.75,4.97,D
14.50872,77.38573,336.86,0.33,0.55,2026-04-09,733,N21,VIIRS,n,2.0NRT,306.52,3.75,D
14.53106,75.30255,349.33,0.45,0.63,2026-04-09,733,N21,VIIRS,n,2.0NRT,301.19,11.93,D
14.5319,75.30661,352.91,0.45,0.63,2026-04-09,733,N21,VIIRS,n,2.0NRT,299.13,9.49,D
14.53862,78.74979,333.17,0.53,0.5,2026-04-09,733,N21,VIIRS,l,2.0NRT,306.98,6.62,D
14.61338,77.01331,336.23,0.35,0.56,2026-04-09,733,N21,VIIRS,l,2.0NRT,308.52,3,D
14.65471,75.40277,331.68,0.44,0.63,2026-04-09,733,N21,VIIRS,l,2.0NRT,302.43,2.35,D
14.73383,77.07433,334.69,0.34,0.56,2026-04-09,733,N21,VIIRS,l,2.0NRT,309.35,1.84,D
14.76791,76.41287,341,0.38,0.59,2026-04-09,733,N21,VIIRS,n,2.0NRT,308.15,3.34,D
14.78992,77.33949,335.45,0.33,0.55,2026-04-09,733,N21,VIIRS,l,2.0NRT,310.14,3.11,D
14.81826,78.72603,330.59,0.53,0.5,2026-04-09,733,N21,VIIRS,l,2.0NRT,304.66,7.04,D
14.85995,78.18234,337.11,0.57,0.52,2026-04-09,733,N21,VIIRS,l,2.0NRT,307.79,6.03,D
14.88046,79.21158,343.89,0.49,0.48,2026-04-09,733,N21,VIIRS,n,2.0NRT,300.04,11.3,D
14.88129,79.21608,332.25,0.49,0.48,2026-04-09,733,N21,VIIRS,n,2.0NRT,298.54,6.32,D
14.88823,79.63058,342.37,0.46,0.47,2026-04-09,733,N21,VIIRS,n,2.0NRT,305.14,6.62,D
14.88934,76.72601,332.29,0.36,0.57,2026-04-09,733,N21,VIIRS,l,2.0NRT,303.72,1.92,D
14.94812,76.82413,348.46,0.35,0.57,2026-04-09,733,N21,VIIRS,n,2.0NRT,308.22,7.44,D
14.95679,77.34268,348.93,0.32,0.55,2026-04-09,733,N21,VIIRS,n,2.0NRT,310.59,6.13,D
14.9981,76.30942,335.2,0.38,0.59,2026-04-09,733,N21,VIIRS,l,2.0NRT,306.94,3.91,D
15.01018,76.97756,336.35,0.34,0.56,2026-04-09,733,N21,VIIRS,n,2.0NRT,305.48,4.22,D
15.01078,76.98064,346.1,0.34,0.56,2026-04-09,733,N21,VIIRS,n,2.0NRT,308.44,4.22,D
15.02461,76.86164,336,0.35,0.57,2026-04-09,733,N21,VIIRS,n,2.0NRT,305.96,5.91,D
15.05454,77.31076,350.78,0.32,0.55,2026-04-09,733,N21,VIIRS,n,2.0NRT,312.07,8.2,D
15.06089,77.42175,344.62,0.32,0.54,2026-04-09,733,N21,VIIRS,n,2.0NRT,310,4.42,D
15.09899,77.27428,342.39,0.33,0.55,2026-04-09,733,N21,VIIRS,n,2.0NRT,311.55,6.69,D
15.11886,78.60844,334.4,0.53,0.5,2026-04-09,733,N21,VIIRS,n,2.0NRT,303.54,4.57,D
15.12708,75.32764,338.66,0.44,0.62,2026-04-09,733,N21,VIIRS,n,2.0NRT,307.84,3.26,D
15.1284,77.34107,339.23,0.32,0.55,2026-04-09,733,N21,VIIRS,l,2.0NRT,312.88,7.39,D
15.15181,76.85875,341.18,0.35,0.56,2026-04-09,733,N21,VIIRS,n,2.0NRT,307.73,1.13,D
15.15373,75.82952,350.78,0.41,0.6,2026-04-09,733,N21,VIIRS,n,2.0NRT,310.51,10.49,D
15.15511,75.8297,349.97,0.41,0.6,2026-04-09,733,N21,VIIRS,n,2.0NRT,310.8,9.77,D
15.16425,76.38061,339.78,0.37,0.58,2026-04-09,733,N21,VIIRS,n,2.0NRT,304.78,4.13,D
15.16426,75.53902,336.13,0.42,0.61,2026-04-09,733,N21,VIIRS,l,2.0NRT,308.94,4.42,D
15.16604,78.73651,330.05,0.52,0.5,2026-04-09,733,N21,VIIRS,l,2.0NRT,301.7,6.71,D
15.16722,76.58647,331.97,0.36,0.57,2026-04-09,733,N21,VIIRS,l,2.0NRT,304.83,2.01,D
15.16778,78.73693,340.21,0.52,0.5,2026-04-09,733,N21,VIIRS,n,2.0NRT,302.19,7.93,D
15.17335,76.99271,332.84,0.34,0.56,2026-04-09,733,N21,VIIRS,l,2.0NRT,306.1,2.88,D
15.17469,76.67896,349.06,0.36,0.57,2026-04-09,733,N21,VIIRS,n,2.0NRT,305.7,3.84,D
15.17919,76.67461,335.08,0.36,0.57,2026-04-09,733,N21,VIIRS,l,2.0NRT,306.85,4.57,D
15.18118,76.95293,335.6,0.34,0.56,2026-04-09,733,N21,VIIRS,l,2.0NRT,308.33,3.81,D
15.18307,76.6671,333.62,0.36,0.57,2026-04-09,733,N21,VIIRS,l,2.0NRT,305.63,2.86,D
15.18496,76.67671,333.77,0.36,0.57,2026-04-09,733,N21,VIIRS,l,2.0NRT,307.5,4.08,D
15.20667,77.29488,335.75,0.32,0.55,2026-04-09,733,N21,VIIRS,l,2.0NRT,309.48,2.62,D
15.21242,78.55153,334.7,0.53,0.5,2026-04-09,733,N21,VIIRS,n,2.0NRT,304.42,8.78,D
15.25576,74.54915,343.59,0.49,0.65,2026-04-09,733,N21,VIIRS,n,2.0NRT,299.7,6.6,D
15.25882,77.1612,337.78,0.33,0.55,2026-04-09,733,N21,VIIRS,l,2.0NRT,308.49,2.55,D
15.27205,76.94173,338.29,0.34,0.56,2026-04-09,733,N21,VIIRS,l,2.0NRT,309.74,5.6,D
15.32816,76.59782,332.88,0.36,0.57,2026-04-09,733,N21,VIIRS,l,2.0NRT,306.25,2.64,D
15.35202,78.21066,332.03,0.56,0.51,2026-04-09,733,N21,VIIRS,l,2.0NRT,303.9,3.53,D
15.37481,77.03812,331.76,0.33,0.56,2026-04-09,733,N21,VIIRS,l,2.0NRT,305.47,2.33,D
15.38642,77.20452,340.85,0.32,0.55,2026-04-09,733,N21,VIIRS,l,2.0NRT,312.02,6.9,D
15.41655,78.74929,330.18,0.51,0.49,2026-04-09,733,N21,VIIRS,l,2.0NRT,305.04,2.12,D
15.42148,77.09064,344.86,0.33,0.55,2026-04-09,733,N21,VIIRS,n,2.0NRT,310.99,7.89,D
15.45028,76.5566,349.75,0.36,0.57,2026-04-09,733,N21,VIIRS,n,2.0NRT,305.89,3.96,D
15.45651,76.95103,340.29,0.34,0.56,2026-04-09,733,N21,VIIRS,n,2.0NRT,305.63,1.95,D
15.48394,76.07223,337.72,0.39,0.59,2026-04-09,733,N21,VIIRS,l,2.0NRT,310.16,7.67,D
15.49902,76.66714,351.65,0.35,0.57,2026-04-09,733,N21,VIIRS,n,2.0NRT,308.28,7.09,D
15.51956,76.49275,350.3,0.36,0.57,2026-04-09,733,N21,VIIRS,n,2.0NRT,306.22,8.13,D
15.54028,76.90319,337.51,0.34,0.56,2026-04-09,733,N21,VIIRS,n,2.0NRT,307.09,1.7,D
15.5552,77.11095,337.69,0.33,0.55,2026-04-09,733,N21,VIIRS,l,2.0NRT,311.3,4.12,D
15.5665,76.98353,354.45,0.33,0.56,2026-04-09,733,N21,VIIRS,n,2.0NRT,310.87,7.91,D
15.57524,78.7658,340.46,0.51,0.49,2026-04-09,733,N21,VIIRS,n,2.0NRT,301.87,7.81,D
15.58417,78.76415,337.53,0.51,0.49,2026-04-09,733,N21,VIIRS,n,2.0NRT,300.28,7.29,D
15.58955,76.49249,344.63,0.36,0.57,2026-04-09,733,N21,VIIRS,n,2.0NRT,309.67,8.47,D
15.61295,78.70693,331.64,0.51,0.49,2026-04-09,733,N21,VIIRS,l,2.0NRT,302.3,8.03,D
15.62129,76.76116,336.51,0.34,0.56,2026-04-09,733,N21,VIIRS,l,2.0NRT,310.15,5.17,D
15.63407,76.74553,340.32,0.34,0.56,2026-04-09,733,N21,VIIRS,n,2.0NRT,307.21,1.95,D
15.64137,78.75891,334.71,0.51,0.49,2026-04-09,733,N21,VIIRS,n,2.0NRT,302.83,5.01,D
15.64195,78.49026,339.41,0.53,0.5,2026-04-09,733,N21,VIIRS,n,2.0NRT,300.29,7.25,D
15.64512,77.72143,338.73,0.59,0.53,2026-04-09,733,N21,VIIRS,l,2.0NRT,310.95,9.95,D
15.6477,78.74353,330.4,0.51,0.49,2026-04-09,733,N21,VIIRS,l,2.0NRT,302.51,9.44,D
15.65732,77.2312,339.91,0.32,0.55,2026-04-09,733,N21,VIIRS,n,2.0NRT,309.19,5.17,D
15.66779,77.73615,343.61,0.59,0.53,2026-04-09,733,N21,VIIRS,n,2.0NRT,309.92,13.18,D
15.67584,76.82436,331.95,0.34,0.56,2026-04-09,733,N21,VIIRS,l,2.0NRT,305.81,2.36,D
15.67816,80.26844,330.27,0.41,0.45,2026-04-09,733,N21,VIIRS,n,2.0NRT,299.66,2.36,D
15.67993,76.82615,331.94,0.34,0.56,2026-04-09,733,N21,VIIRS,l,2.0NRT,306.05,2.15,D
15.6822,80.26768,332.74,0.41,0.45,2026-04-09,733,N21,VIIRS,n,2.0NRT,301.72,2.36,D
15.68712,77.63097,339.61,0.6,0.53,2026-04-09,733,N21,VIIRS,n,2.0NRT,306.78,4.84,D
15.71219,78.96484,340.81,0.49,0.49,2026-04-09,733,N21,VIIRS,n,2.0NRT,299.99,6.55,D
15.71734,78.96806,333.48,0.49,0.49,2026-04-09,733,N21,VIIRS,n,2.0NRT,302.58,6.91,D
15.71878,76.07458,339.03,0.38,0.59,2026-04-09,733,N21,VIIRS,l,2.0NRT,311.48,3.5,D
15.79489,78.74865,338.16,0.5,0.49,2026-04-09,733,N21,VIIRS,n,2.0NRT,306.56,6.66,D
15.7985,78.74329,336.92,0.5,0.49,2026-04-09,733,N21,VIIRS,n,2.0NRT,304.35,6.66,D
15.81527,78.7343,332.17,0.51,0.49,2026-04-09,733,N21,VIIRS,l,2.0NRT,304.93,3.33,D
15.8164,77.17358,337.66,0.32,0.55,2026-04-09,733,N21,VIIRS,l,2.0NRT,310.45,3.31,D
15.81924,78.73938,330.66,0.5,0.49,2026-04-09,733,N21,VIIRS,l,2.0NRT,304.76,1.81,D
15.82054,78.73788,330.52,0.5,0.49,2026-04-09,733,N21,VIIRS,l,2.0NRT,305.16,2.63,D
15.82528,77.19281,367,0.32,0.55,2026-04-09,733,N21,VIIRS,h,2.0NRT,309.84,7.09,D
15.83606,95.36786,330.4,0.39,0.6,2026-04-09,733,N21,VIIRS,n,2.0NRT,301,1.84,D
15.84171,95.31934,335.77,0.39,0.59,2026-04-09,733,N21,VIIRS,n,2.0NRT,302.24,2.88,D
15.85079,76.87232,341.64,0.34,0.56,2026-04-09,733,N21,VIIRS,n,2.0NRT,307.63,4.19,D
15.8551,77.78371,334.81,0.58,0.52,2026-04-09,733,N21,VIIRS,l,2.0NRT,307.49,12.69,D
15.85565,77.78204,342.55,0.58,0.52,2026-04-09,733,N21,VIIRS,n,2.0NRT,308.21,9.76,D
15.86656,77.10848,339.19,0.32,0.55,2026-04-09,733,N21,VIIRS,l,2.0NRT,310.02,7.43,D
15.88167,77.08089,336.16,0.32,0.55,2026-04-09,733,N21,VIIRS,l,2.0NRT,308.88,4.28,D
15.88291,78.30796,343.61,0.54,0.51,2026-04-09,733,N21,VIIRS,n,2.0NRT,311.49,18.59,D
15.89024,78.7493,341.27,0.5,0.49,2026-04-09,733,N21,VIIRS,n,2.0NRT,303.95,7.57,D
15.90417,77.72807,334.54,0.59,0.53,2026-04-09,733,N21,VIIRS,l,2.0NRT,308.16,7.7,D
15.93133,95.57211,332.43,0.41,0.6,2026-04-09,733,N21,VIIRS,n,2.0NRT,300.55,2.72,D
15.93445,77.5274,343.36,0.6,0.53,2026-04-09,733,N21,VIIRS,n,2.0NRT,310.44,10.01,D
15.9346,77.5247,337.06,0.6,0.53,2026-04-09,733,N21,VIIRS,l,2.0NRT,310.08,7.98,D
15.94932,77.13123,339.77,0.32,0.55,2026-04-09,733,N21,VIIRS,n,2.0NRT,307.96,3.95,D
15.95301,77.13046,336.24,0.32,0.55,2026-04-09,733,N21,VIIRS,l,2.0NRT,311.11,5.75,D
15.95574,77.48309,349.78,0.61,0.53,2026-04-09,733,N21,VIIRS,n,2.0NRT,312.09,15.65,D
15.9697,77.50335,336.68,0.6,0.53,2026-04-09,733,N21,VIIRS,l,2.0NRT,309.74,10.04,D
15.97793,95.63967,335.39,0.41,0.61,2026-04-09,733,N21,VIIRS,n,2.0NRT,299.43,5.44,D
16.01093,94.6898,342.11,0.36,0.57,2026-04-09,733,N21,VIIRS,n,2.0NRT,304.41,3.8,D
16.01131,94.69308,338.94,0.36,0.57,2026-04-09,733,N21,VIIRS,n,2.0NRT,303.47,5.05,D
16.01685,77.79639,345.16,0.58,0.52,2026-04-09,733,N21,VIIRS,n,2.0NRT,309.55,22.19,D
16.02558,95.40503,340.58,0.4,0.6,2026-04-09,733,N21,VIIRS,n,2.0NRT,301.78,5.74,D
16.02584,78.67742,351.08,0.5,0.49,2026-04-09,733,N21,VIIRS,n,2.0NRT,314.87,95.54,D
16.02699,78.67484,337.83,0.51,0.49,2026-04-09,733,N21,VIIRS,n,2.0NRT,310.5,36.68,D
16.02783,78.67937,341.19,0.5,0.49,2026-04-09,733,N21,VIIRS,n,2.0NRT,311.33,85.3,D
16.02943,78.6721,354.09,0.5,0.49,2026-04-09,733,N21,VIIRS,n,2.0NRT,307.02,95.54,D
16.03059,78.66936,334.41,0.51,0.49,2026-04-09,733,N21,VIIRS,n,2.0NRT,304.14,36.68,D
16.03072,97.74432,354.59,0.57,0.69,2026-04-09,733,N21,VIIRS,n,2.0NRT,303.11,25.7,D
16.03125,97.7495,367,0.57,0.69,2026-04-09,733,N21,VIIRS,h,2.0NRT,301.19,25.7,D
16.03143,78.67387,367,0.51,0.49,2026-04-09,733,N21,VIIRS,h,2.0NRT,309.4,36.68,D
16.03339,97.74165,343.78,0.57,0.69,2026-04-09,733,N21,VIIRS,n,2.0NRT,304.11,35.99,D
16.03389,97.74692,367,0.57,0.69,2026-04-09,733,N21,VIIRS,h,2.0NRT,309.86,84.13,D
16.03652,97.73837,341.08,0.57,0.69,2026-04-09,733,N21,VIIRS,n,2.0NRT,304.12,23.1,D
16.03707,97.74368,345.73,0.57,0.69,2026-04-09,733,N21,VIIRS,n,2.0NRT,308.21,39.32,D
16.03761,97.7489,367,0.57,0.69,2026-04-09,733,N21,VIIRS,h,2.0NRT,306.76,39.32,D
16.03814,97.75407,337.27,0.57,0.69,2026-04-09,733,N21,VIIRS,n,2.0NRT,298.85,30.98,D
16.03973,97.74095,367,0.57,0.69,2026-04-09,733,N21,VIIRS,h,2.0NRT,304.25,37.88,D
16.04024,97.74623,367,0.57,0.69,2026-04-09,733,N21,VIIRS,h,2.0NRT,307.28,38.68,D
16.04074,97.75143,367,0.57,0.69,2026-04-09,733,N21,VIIRS,h,2.0NRT,304.54,38.68,D
16.04396,97.74822,334.31,0.57,0.69,2026-04-09,733,N21,VIIRS,n,2.0NRT,302.91,39.32,D
16.0493,78.75137,341.23,0.5,0.49,2026-04-09,733,N21,VIIRS,n,2.0NRT,304.75,8.37,D
16.04989,78.74905,335.83,0.5,0.49,2026-04-09,733,N21,VIIRS,n,2.0NRT,303.53,2.51,D
16.06242,94.30259,341.53,0.34,0.56,2026-04-09,733,N21,VIIRS,n,2.0NRT,303.93,6.44,D
16.06501,94.59931,367,0.35,0.57,2026-04-09,733,N21,VIIRS,h,2.0NRT,303.79,12.48,D
16.0775,75.63789,342.28,0.4,0.6,2026-04-09,733,N21,VIIRS,n,2.0NRT,309.87,4.92,D
16.07913,75.63804,349.43,0.4,0.6,2026-04-09,733,N21,VIIRS,n,2.0NRT,310.66,7.82,D
16.08524,97.68242,335.73,0.57,0.69,2026-04-09,733,N21,VIIRS,n,2.0NRT,304.88,4.28,D
16.09309,80.19244,334.87,0.4,0.44,2026-04-09,733,N21,VIIRS,n,2.0NRT,304.73,7.51,D
16.10539,95.57378,367,0.41,0.61,2026-04-09,733,N21,VIIRS,h,2.0NRT,305.11,20.1,D
16.10582,95.57758,336.67,0.41,0.61,2026-04-09,733,N21,VIIRS,n,2.0NRT,302.83,12.32,D
16.12358,94.543,367,0.35,0.57,2026-04-09,733,N21,VIIRS,h,2.0NRT,303.98,6.29,D
16.12685,94.54239,367,0.35,0.57,2026-04-09,733,N21,VIIRS,h,2.0NRT,304.61,13.5,D
16.12876,94.54236,355.74,0.35,0.57,2026-04-09,733,N21,VIIRS,n,2.0NRT,303.49,6.29,D
16.13871,77.96217,334.68,0.56,0.51,2026-04-09,733,N21,VIIRS,l,2.0NRT,308.94,11.55,D
16.1426,95.55813,344.42,0.41,0.61,2026-04-09,733,N21,VIIRS,n,2.0NRT,301.98,7.49,D
16.14306,97.62302,335.93,0.56,0.69,2026-04-09,733,N21,VIIRS,n,2.0NRT,304.47,6.46,D
16.14814,95.55746,332.67,0.41,0.61,2026-04-09,733,N21,VIIRS,n,2.0NRT,302.33,4.84,D
16.158,95.54476,338.93,0.41,0.6,2026-04-09,733,N21,VIIRS,n,2.0NRT,301.8,4.55,D
16.16706,95.32116,367,0.39,0.6,2026-04-09,733,N21,VIIRS,h,2.0NRT,301,8.5,D
16.18093,77.06906,367,0.32,0.55,2026-04-09,733,N21,VIIRS,h,2.0NRT,308.82,4.64,D
16.21535,77.41826,337.49,0.61,0.53,2026-04-09,733,N21,VIIRS,l,2.0NRT,309.6,6.26,D
16.21693,94.398,336.7,0.34,0.56,2026-04-09,733,N21,VIIRS,n,2.0NRT,302.27,4.2,D
16.22606,77.42175,343.86,0.61,0.53,2026-04-09,733,N21,VIIRS,n,2.0NRT,310.27,9.89,D
16.22645,77.41863,343.17,0.61,0.53,2026-04-09,733,N21,VIIRS,n,2.0NRT,311.27,5.85,D
16.23679,95.64776,331.76,0.42,0.61,2026-04-09,733,N21,VIIRS,n,2.0NRT,300.35,4.94,D
16.23961,95.52124,353.71,0.41,0.6,2026-04-09,733,N21,VIIRS,n,2.0NRT,298.93,7.41,D
16.23977,95.52359,346.16,0.41,0.6,2026-04-09,733,N21,VIIRS,n,2.0NRT,299.65,5.69,D
16.24132,94.45182,343.83,0.34,0.56,2026-04-09,733,N21,VIIRS,n,2.0NRT,304.92,6.02,D
16.25148,95.52747,336.64,0.41,0.6,2026-04-09,733,N21,VIIRS,n,2.0NRT,299.51,5.04,D
16.25269,95.53886,332.99,0.41,0.61,2026-04-09,733,N21,VIIRS,n,2.0NRT,299.83,5.05,D
16.25655,95.06763,332.42,0.38,0.59,2026-04-09,733,N21,VIIRS,n,2.0NRT,299.22,3.3,D
16.27133,80.08893,342.13,0.41,0.45,2026-04-09,733,N21,VIIRS,n,2.0NRT,302.48,3.47,D
16.29222,95.80538,333.36,0.43,0.62,2026-04-09,733,N21,VIIRS,n,2.0NRT,296.25,2.56,D
16.29619,95.52601,332.85,0.41,0.61,2026-04-09,733,N21,VIIRS,n,2.0NRT,298.91,4.23,D
16.29763,80.5113,331.83,0.38,0.43,2026-04-09,733,N21,VIIRS,l,2.0NRT,303.36,1.66,D
16.30513,95.35437,354.37,0.4,0.6,2026-04-09,733,N21,VIIRS,n,2.0NRT,300.62,8.74,D
16.30685,95.52091,335.57,0.41,0.6,2026-04-09,733,N21,VIIRS,n,2.0NRT,298.56,2.73,D
16.30848,76.16217,342.43,0.37,0.58,2026-04-09,733,N21,VIIRS,n,2.0NRT,307.51,4.28,D
16.31226,94.90104,341.05,0.37,0.58,2026-04-09,733,N21,VIIRS,n,2.0NRT,299.04,5.17,D
16.31438,95.58956,336.59,0.41,0.61,2026-04-09,733,N21,VIIRS,n,2.0NRT,299.45,6.86,D
16.32198,94.42582,330.13,0.34,0.56,2026-04-09,733,N21,VIIRS,l,2.0NRT,302.52,2.53,D
16.32593,95.59209,367,0.41,0.61,2026-04-09,733,N21,VIIRS,h,2.0NRT,301.57,14.8,D
16.35036,94.37794,341.51,0.34,0.56,2026-04-09,733,N21,VIIRS,n,2.0NRT,300.48,3.75,D
16.37403,95.84427,332.67,0.43,0.62,2026-04-09,733,N21,VIIRS,n,2.0NRT,301.33,6.6,D
16.37445,95.84827,343.7,0.43,0.62,2026-04-09,733,N21,VIIRS,n,2.0NRT,300.86,8.52,D
16.37691,95.84792,347.52,0.43,0.62,2026-04-09,733,N21,VIIRS,n,2.0NRT,301.41,10.05,D
16.38469,94.26878,331.79,0.34,0.56,2026-04-09,733,N21,VIIRS,n,2.0NRT,301.5,3.35,D
16.39067,79.37357,337.68,0.45,0.47,2026-04-09,733,N21,VIIRS,n,2.0NRT,301.44,7.7,D
16.40066,95.45586,333.11,0.41,0.6,2026-04-09,733,N21,VIIRS,n,2.0NRT,302.32,6.92,D
16.40108,95.45962,349.5,0.41,0.6,2026-04-09,733,N21,VIIRS,n,2.0NRT,301.82,11.25,D
16.40242,80.68835,330.5,0.56,0.43,2026-04-09,733,N21,VIIRS,l,2.0NRT,300.58,3.34,D
16.41993,95.58074,334.18,0.41,0.61,2026-04-09,733,N21,VIIRS,n,2.0NRT,297.93,6.01,D
16.42567,95.47945,332.2,0.41,0.6,2026-04-09,733,N21,VIIRS,n,2.0NRT,300.81,3.49,D
16.42568,95.47969,332.38,0.41,0.6,2026-04-09,733,N21,VIIRS,n,2.0NRT,300.96,4.69,D
16.43082,97.78002,331.2,0.58,0.7,2026-04-09,733,N21,VIIRS,l,2.0NRT,301.48,6.07,D
16.43135,97.78543,332.65,0.58,0.7,2026-04-09,733,N21,VIIRS,l,2.0NRT,303.89,6.07,D
16.44112,80.95982,334.94,0.54,0.42,2026-04-09,733,N21,VIIRS,n,2.0NRT,302.46,5.22,D
16.44411,95.85635,330.37,0.43,0.62,2026-04-09,733,N21,VIIRS,n,2.0NRT,298.63,3.2,D
16.44743,95.52689,336.88,0.41,0.61,2026-04-09,733,N21,VIIRS,n,2.0NRT,297.53,3.51,D
16.44778,95.52708,337.18,0.41,0.61,2026-04-09,733,N21,VIIRS,n,2.0NRT,297.75,4.52,D
16.46625,76.29457,337.99,0.36,0.57,2026-04-09,733,N21,VIIRS,l,2.0NRT,310.25,4.42,D
16.46627,95.65354,335.1,0.42,0.61,2026-04-09,733,N21,VIIRS,n,2.0NRT,300.27,8.24,D
16.46644,94.36829,367,0.34,0.56,2026-04-09,733,N21,VIIRS,h,2.0NRT,300.62,6.21,D
16.46728,79.48086,339.97,0.44,0.46,2026-04-09,733,N21,VIIRS,n,2.0NRT,308.79,6.79,D
16.46752,95.65345,333.44,0.42,0.61,2026-04-09,733,N21,VIIRS,n,2.0NRT,299.69,9.28,D
16.47774,80.79556,334.65,0.55,0.43,2026-04-09,733,N21,VIIRS,n,2.0NRT,301.89,6.83,D
16.47778,95.95476,331.31,0.44,0.62,2026-04-09,733,N21,VIIRS,n,2.0NRT,299.44,2.61,D
16.47867,97.85194,330.44,0.59,0.7,2026-04-09,733,N21,VIIRS,l,2.0NRT,303.29,2.59,D
16.48343,80.93958,333.25,0.54,0.42,2026-04-09,733,N21,VIIRS,n,2.0NRT,297.28,2.39,D
16.48506,95.51082,367,0.41,0.61,2026-04-09,733,N21,VIIRS,h,2.0NRT,302.28,16.49,D
16.48666,79.70341,336.22,0.43,0.46,2026-04-09,733,N21,VIIRS,n,2.0NRT,301.44,7.95,D
16.49525,76.82222,348.8,0.33,0.55,2026-04-09,733,N21,VIIRS,n,2.0NRT,309.95,6.48,D
16.49653,95.30811,341.79,0.4,0.6,2026-04-09,733,N21,VIIRS,n,2.0NRT,298.85,4.86,D
16.50789,95.56629,367,0.41,0.61,2026-04-09,733,N21,VIIRS,h,2.0NRT,301.89,13.71,D
16.50872,95.57397,330.78,0.41,0.61,2026-04-09,733,N21,VIIRS,l,2.0NRT,301.6,11.53,D
16.51214,79.81905,350.37,0.42,0.45,2026-04-09,733,N21,VIIRS,n,2.0NRT,304.21,9.86,D
16.52182,96.53345,352.08,0.48,0.65,2026-04-09,733,N21,VIIRS,n,2.0NRT,299.54,12.16,D
16.52339,95.34998,341.52,0.4,0.6,2026-04-09,733,N21,VIIRS,n,2.0NRT,299.77,4.63,D
16.52608,95.47521,367,0.41,0.6,2026-04-09,733,N21,VIIRS,h,2.0NRT,300.88,9.48,D
16.52869,80.85897,334.33,0.54,0.42,2026-04-09,733,N21,VIIRS,n,2.0NRT,302.45,7.56,D
16.56546,95.69571,341.95,0.42,0.61,2026-04-09,733,N21,VIIRS,n,2.0NRT,300.51,6.46,D
16.56811,96.35923,337.85,0.47,0.64,2026-04-09,733,N21,VIIRS,n,2.0NRT,300.89,2.79,D
16.57262,95.64111,338.54,0.42,0.61,2026-04-09,733,N21,VIIRS,n,2.0NRT,299.83,5.1,D
16.57577,96.37605,341.66,0.47,0.64,2026-04-09,733,N21,VIIRS,n,2.0NRT,302.24,3.79,D
16.58188,80.78877,331.36,0.55,0.43,2026-04-09,733,N21,VIIRS,l,2.0NRT,301.57,2.72,D
16.58548,95.66946,334.25,0.42,0.61,2026-04-09,733,N21,VIIRS,n,2.0NRT,301.31,4.25,D
16.59351,95.53101,333.79,0.41,0.61,2026-04-09,733,N21,VIIRS,n,2.0NRT,301.81,5.09,D
16.59464,95.38489,341.7,0.4,0.6,2026-04-09,733,N21,VIIRS,n,2.0NRT,301.36,5.18,D
16.59468,94.65522,335.7,0.36,0.57,2026-04-09,733,N21,VIIRS,n,2.0NRT,301.62,2.29,D
16.59524,96.44957,337.21,0.48,0.64,2026-04-09,733,N21,VIIRS,n,2.0NRT,300.69,6.49,D
16.59728,94.82682,367,0.37,0.58,2026-04-09,733,N21,VIIRS,h,2.0NRT,299.54,6.1,D
16.59811,95.09007,330.91,0.39,0.59,2026-04-09,733,N21,VIIRS,n,2.0NRT,298.24,1.46,D
16.61198,95.39044,333.96,0.4,0.6,2026-04-09,733,N21,VIIRS,n,2.0NRT,302.78,8.44,D
16.62243,94.66541,346.89,0.36,0.57,2026-04-09,733,N21,VIIRS,n,2.0NRT,301.61,4.24,D
16.62259,95.38539,342.5,0.4,0.6,2026-04-09,733,N21,VIIRS,n,2.0NRT,303.44,10.82,D
16.62956,94.6816,341.52,0.36,0.57,2026-04-09,733,N21,VIIRS,n,2.0NRT,302.73,12.01,D
16.63408,94.7221,348.68,0.36,0.58,2026-04-09,733,N21,VIIRS,n,2.0NRT,300.2,6.33,D
16.63445,94.6776,346.55,0.36,0.57,2026-04-09,733,N21,VIIRS,n,2.0NRT,301.92,11.15,D
16.64,95.59589,367,0.42,0.61,2026-04-09,733,N21,VIIRS,h,2.0NRT,300.72,7.75,D
16.6423,95.51684,332.94,0.41,0.61,2026-04-09,733,N21,VIIRS,n,2.0NRT,301.02,5.12,D
16.64272,95.51752,332.95,0.41,0.61,2026-04-09,733,N21,VIIRS,n,2.0NRT,301.24,4.67,D
16.65034,94.77182,367,0.37,0.58,2026-04-09,733,N21,VIIRS,h,2.0NRT,301.02,6.56,D
16.6536,95.72138,367,0.43,0.62,2026-04-09,733,N21,VIIRS,h,2.0NRT,303.12,17.54,D
16.6588,95.71677,367,0.43,0.62,2026-04-09,733,N21,VIIRS,h,2.0NRT,302.15,13.85,D
16.67202,77.8214,332.92,0.56,0.51,2026-04-09,733,N21,VIIRS,l,2.0NRT,307.33,5.15,D
16.67338,75.6568,335.9,0.39,0.59,2026-04-09,733,N21,VIIRS,l,2.0NRT,308.47,3.69,D
16.67383,73.79759,367,0.52,0.67,2026-04-09,733,N21,VIIRS,h,2.0NRT,302.22,14.52,D
16.67544,95.67432,336.98,0.42,0.61,2026-04-09,733,N21,VIIRS,n,2.0NRT,299.49,3.43,D
16.67598,73.79734,355.34,0.52,0.67,2026-04-09,733,N21,VIIRS,n,2.0NRT,302.02,13.12,D
16.67632,94.85933,341.85,0.37,0.58,2026-04-09,733,N21,VIIRS,n,2.0NRT,295.83,5.61,D
16.67699,95.67471,340.79,0.42,0.61,2026-04-09,733,N21,VIIRS,n,2.0NRT,301.56,9.26,D
16.67762,94.91909,337.82,0.38,0.58,2026-04-09,733,N21,VIIRS,n,2.0NRT,298.8,12.54,D
16.67801,94.92258,367,0.38,0.58,2026-04-09,733,N21,VIIRS,h,2.0NRT,301.19,12.54,D
16.67874,95.76225,330.12,0.43,0.62,2026-04-09,733,N21,VIIRS,n,2.0NRT,299.24,9.59,D
16.6802,75.90227,341.95,0.37,0.58,2026-04-09,733,N21,VIIRS,n,2.0NRT,310.61,5.44,D
16.68023,94.8584,333.89,0.37,0.58,2026-04-09,733,N21,VIIRS,n,2.0NRT,297.81,4.02,D
16.68091,95.76242,341.19,0.43,0.62,2026-04-09,733,N21,VIIRS,n,2.0NRT,300.27,9.35,D
16.68984,77.10052,339.16,0.62,0.54,2026-04-09,733,N21,VIIRS,n,2.0NRT,308.88,16.4,D
16.69395,95.36845,334.52,0.4,0.6,2026-04-09,733,N21,VIIRS,n,2.0NRT,301.26,9.5,D
16.69912,95.52176,337.39,0.41,0.61,2026-04-09,733,N21,VIIRS,n,2.0NRT,302.32,9.37,D
16.69988,79.85806,338.85,0.41,0.45,2026-04-09,733,N21,VIIRS,n,2.0NRT,301.93,3.55,D
16.702,94.96204,330.23,0.38,0.59,2026-04-09,733,N21,VIIRS,n,2.0NRT,296.85,1.68,D
16.70417,94.96213,330.15,0.38,0.59,2026-04-09,733,N21,VIIRS,n,2.0NRT,297.43,3.07,D
16.70474,97.28394,342.97,0.54,0.68,2026-04-09,733,N21,VIIRS,n,2.0NRT,300.95,5.49,D
16.70584,95.63892,332.14,0.42,0.61,2026-04-09,733,N21,VIIRS,n,2.0NRT,297.7,5.87,D
16.71193,94.80202,335.09,0.37,0.58,2026-04-09,733,N21,VIIRS,n,2.0NRT,300.18,2.86,D
16.71231,95.33216,351.48,0.4,0.6,2026-04-09,733,N21,VIIRS,n,2.0NRT,298.67,5.59,D
16.71272,95.33588,335.56,0.4,0.6,2026-04-09,733,N21,VIIRS,n,2.0NRT,298.7,5.59,D
16.72968,78.86143,334.52,0.48,0.48,2026-04-09,733,N21,VIIRS,l,2.0NRT,307.78,6.5,D
16.73501,95.38651,367,0.4,0.6,2026-04-09,733,N21,VIIRS,h,2.0NRT,302.06,14.06,D
16.73522,95.38665,355.9,0.41,0.6,2026-04-09,733,N21,VIIRS,n,2.0NRT,301.58,16.19,D
16.73834,97.49247,339.51,0.56,0.69,2026-04-09,733,N21,VIIRS,n,2.0NRT,302.19,6.64,D
16.74954,97.3718,349.8,0.55,0.68,2026-04-09,733,N21,VIIRS,n,2.0NRT,300.04,13.95,D
16.75147,97.37162,354,0.55,0.68,2026-04-09,733,N21,VIIRS,n,2.0NRT,300.77,14.56,D
16.7607,76.05399,335.85,0.36,0.58,2026-04-09,733,N21,VIIRS,l,2.0NRT,310.18,5.78,D
16.76604,78.73744,340.71,0.49,0.48,2026-04-09,733,N21,VIIRS,n,2.0NRT,309.38,11.69,D
16.77771,95.99377,333.83,0.45,0.63,2026-04-09,733,N21,VIIRS,n,2.0NRT,298.44,2.42,D
16.78129,95.34682,339.79,0.4,0.6,2026-04-09,733,N21,VIIRS,n,2.0NRT,302.13,8.28,D
16.79674,78.80486,342.93,0.48,0.48,2026-04-09,733,N21,VIIRS,n,2.0NRT,309.55,7.21,D
16.80545,94.5345,334.43,0.36,0.57,2026-04-09,733,N21,VIIRS,n,2.0NRT,301.31,5.79,D
16.80758,94.60225,339.87,0.36,0.57,2026-04-09,733,N21,VIIRS,n,2.0NRT,299.58,2.61,D
16.81557,95.72667,340.63,0.43,0.62,2026-04-09,733,N21,VIIRS,n,2.0NRT,300.39,4.45,D
16.81598,95.73067,338.98,0.43,0.62,2026-04-09,733,N21,VIIRS,n,2.0NRT,300.68,4.45,D
16.81692,97.28699,338.3,0.55,0.68,2026-04-09,733,N21,VIIRS,n,2.0NRT,301.59,3.68,D
16.81699,75.05168,334.66,0.42,0.61,2026-04-09,733,N21,VIIRS,l,2.0NRT,307.16,3.53,D
16.82393,74.27802,336.05,0.48,0.64,2026-04-09,733,N21,VIIRS,l,2.0NRT,309.5,7.28,D
16.82905,95.37552,344.87,0.41,0.6,2026-04-09,733,N21,VIIRS,n,2.0NRT,302.21,12.74,D
16.83187,76.71342,349.35,0.33,0.55,2026-04-09,733,N21,VIIRS,n,2.0NRT,312.09,12.19,D
16.83368,95.04483,352.37,0.39,0.59,2026-04-09,733,N21,VIIRS,n,2.0NRT,299.1,10.2,D
16.83406,95.04842,367,0.39,0.59,2026-04-09,733,N21,VIIRS,h,2.0NRT,300.41,10.2,D
16.84095,73.79671,336.09,0.51,0.66,2026-04-09,733,N21,VIIRS,n,2.0NRT,302.36,5.78,D
16.84102,77.01788,341.59,0.63,0.54,2026-04-09,733,N21,VIIRS,n,2.0NRT,308.81,8.16,D
16.84355,95.19075,333.78,0.39,0.6,2026-04-09,733,N21,VIIRS,n,2.0NRT,300.51,1.55,D
16.84635,95.43304,367,0.41,0.61,2026-04-09,733,N21,VIIRS,h,2.0NRT,301.6,8.23,D
16.84675,95.43494,367,0.41,0.61,2026-04-09,733,N21,VIIRS,h,2.0NRT,301.59,13.93,D
16.85228,95.43619,339.38,0.41,0.61,2026-04-09,733,N21,VIIRS,n,2.0NRT,300.36,8.23,D
16.85271,95.43812,339.56,0.41,0.61,2026-04-09,733,N21,VIIRS,n,2.0NRT,300.34,1.58,D
16.85607,94.99866,367,0.38,0.59,2026-04-09,733,N21,VIIRS,h,2.0NRT,300.37,9.04,D
16.86433,77.00728,343.21,0.63,0.54,2026-04-09,733,N21,VIIRS,n,2.0NRT,311.85,12.95,D
16.87407,95.42973,355.07,0.41,0.61,2026-04-09,733,N21,VIIRS,n,2.0NRT,300.67,10.19,D
16.87978,77.03412,339.42,0.63,0.54,2026-04-09,733,N21,VIIRS,n,2.0NRT,307.7,10.72,D
16.89106,94.53522,330.85,0.36,0.57,2026-04-09,733,N21,VIIRS,n,2.0NRT,297.35,2,D
16.89945,97.30518,332.98,0.55,0.68,2026-04-09,733,N21,VIIRS,l,2.0NRT,304.45,4.51,D
16.93468,94.9415,339.07,0.38,0.59,2026-04-09,733,N21,VIIRS,n,2.0NRT,298.63,5.48,D
16.94647,94.50959,332.84,0.36,0.57,2026-04-09,733,N21,VIIRS,n,2.0NRT,297.26,3.71,D
16.95213,97.98524,330.03,0.61,0.71,2026-04-09,733,N21,VIIRS,n,2.0NRT,297.5,7.28,D
16.96437,94.57424,339.51,0.36,0.57,2026-04-09,733,N21,VIIRS,n,2.0NRT,298.55,3.16,D
16.96507,76.6515,340.96,0.33,0.55,2026-04-09,733,N21,VIIRS,l,2.0NRT,311.84,2.95,D
16.96753,95.83391,367,0.44,0.62,2026-04-09,733,N21,VIIRS,h,2.0NRT,302.42,18.88,D
16.97045,76.7289,338.72,0.33,0.55,2026-04-09,733,N21,VIIRS,l,2.0NRT,312.86,6.04,D
16.97738,95.03407,349.74,0.39,0.59,2026-04-09,733,N21,VIIRS,n,2.0NRT,302.93,8.27,D
16.98728,95.80285,330.21,0.44,0.62,2026-04-09,733,N21,VIIRS,l,2.0NRT,302.8,5.16,D
16.9896,95.56082,330.77,0.42,0.61,2026-04-09,733,N21,VIIRS,n,2.0NRT,300.78,3.32,D
16.99085,95.67639,354.18,0.43,0.62,2026-04-09,733,N21,VIIRS,n,2.0NRT,305.12,7.83,D
16.99129,95.68037,340.75,0.43,0.62,2026-04-09,733,N21,VIIRS,n,2.0NRT,303.88,7.83,D
16.99386,95.56001,333.17,0.42,0.61,2026-04-09,733,N21,VIIRS,n,2.0NRT,301.05,4.02,D
16.99432,95.6758,346.9,0.43,0.62,2026-04-09,733,N21,VIIRS,n,2.0NRT,304.27,17.56,D
16.99816,74.3583,331.66,0.47,0.64,2026-04-09,733,N21,VIIRS,l,2.0NRT,303.72,3.33,D
17.01665,97.48967,367,0.57,0.69,2026-04-09,733,N21,VIIRS,h,2.0NRT,302.31,21.73,D
17.01986,76.87137,341.39,0.32,0.54,2026-04-09,733,N21,VIIRS,l,2.0NRT,312.44,17.45,D
17.02419,76.86744,339.03,0.32,0.54,2026-04-09,733,N21,VIIRS,l,2.0NRT,312.1,8.81,D
17.02647,74.15034,348.38,0.48,0.65,2026-04-09,733,N21,VIIRS,n,2.0NRT,310.87,11.17,D
17.02749,74.15506,351.31,0.48,0.65,2026-04-09,733,N21,VIIRS,n,2.0NRT,310.13,9.58,D
17.0323,74.14909,337.11,0.48,0.65,2026-04-09,733,N21,VIIRS,n,2.0NRT,309.01,6.04,D
17.03325,74.15353,367,0.48,0.65,2026-04-09,733,N21,VIIRS,h,2.0NRT,308.65,12.24,D
17.03601,77.10239,341.29,0.61,0.54,2026-04-09,733,N21,VIIRS,l,2.0NRT,311.57,15.32,D
17.03713,77.09935,340.15,0.61,0.54,2026-04-09,733,N21,VIIRS,l,2.0NRT,312.93,17.61,D
17.04523,78.23461,341.06,0.52,0.5,2026-04-09,733,N21,VIIRS,n,2.0NRT,306.09,6.37,D
17.06785,95.08862,350.35,0.39,0.59,2026-04-09,733,N21,VIIRS,n,2.0NRT,305.74,19.1,D
17.06824,95.09225,354.95,0.39,0.59,2026-04-09,733,N21,VIIRS,n,2.0NRT,299.29,19.1,D
17.07329,95.08797,338.14,0.39,0.59,2026-04-09,733,N21,VIIRS,n,2.0NRT,298.35,19.1,D
17.07751,78.57854,336.29,0.49,0.49,2026-04-09,733,N21,VIIRS,n,2.0NRT,306.86,4.11,D
17.08043,94.75272,339.61,0.37,0.58,2026-04-09,733,N21,VIIRS,n,2.0NRT,300.31,7.29,D
17.09301,95.90681,367,0.44,0.63,2026-04-09,733,N21,VIIRS,h,2.0NRT,302.16,19.39,D
17.12333,76.61076,340.55,0.33,0.55,2026-04-09,733,N21,VIIRS,l,2.0NRT,311.13,5.16,D
17.12767,76.2219,346.46,0.35,0.57,2026-04-09,733,N21,VIIRS,n,2.0NRT,310.1,3.77,D
17.12918,94.9733,335.87,0.38,0.59,2026-04-09,733,N21,VIIRS,n,2.0NRT,301.56,5.12,D
17.13188,94.97131,337.85,0.38,0.59,2026-04-09,733,N21,VIIRS,n,2.0NRT,301.59,8.08,D
17.13447,95.83967,335.28,0.44,0.62,2026-04-09,733,N21,VIIRS,n,2.0NRT,304.14,7.15,D
17.13459,94.97266,342.29,0.38,0.59,2026-04-09,733,N21,VIIRS,n,2.0NRT,301.46,5.12,D
17.13489,95.84377,349.92,0.44,0.62,2026-04-09,733,N21,VIIRS,n,2.0NRT,304.15,7.15,D
17.13531,95.84789,342.18,0.44,0.62,2026-04-09,733,N21,VIIRS,n,2.0NRT,302.81,11.72,D
17.14018,95.83901,330.99,0.44,0.62,2026-04-09,733,N21,VIIRS,l,2.0NRT,305.35,7.15,D
17.14102,95.84722,367,0.44,0.62,2026-04-09,733,N21,VIIRS,h,2.0NRT,305.14,11.72,D
17.14866,95.80905,341.1,0.44,0.62,2026-04-09,733,N21,VIIRS,n,2.0NRT,300.89,4.52,D
17.14992,95.01455,341.77,0.39,0.59,2026-04-09,733,N21,VIIRS,n,2.0NRT,298.43,7.71,D
17.15077,97.92746,331.66,0.61,0.71,2026-04-09,733,N21,VIIRS,n,2.0NRT,299.93,4.53,D
17.15287,95.85001,367,0.44,0.62,2026-04-09,733,N21,VIIRS,h,2.0NRT,303.31,15.14,D
17.15372,95.05077,335.9,0.39,0.59,2026-04-09,733,N21,VIIRS,n,2.0NRT,300.85,5.49,D
17.15857,97.4328,332.3,0.56,0.69,2026-04-09,733,N21,VIIRS,n,2.0NRT,299.57,5.5,D
17.16241,94.92589,332.66,0.38,0.59,2026-04-09,733,N21,VIIRS,n,2.0NRT,298.8,4.23,D
17.16298,97.27615,330.73,0.55,0.68,2026-04-09,733,N21,VIIRS,l,2.0NRT,302.45,7.21,D
17.16497,97.27914,349.39,0.55,0.68,2026-04-09,733,N21,VIIRS,n,2.0NRT,301.89,10.14,D
17.16677,79.22192,336.05,0.44,0.46,2026-04-09,733,N21,VIIRS,n,2.0NRT,305.57,8.45,D
17.16805,76.67958,346.45,0.33,0.55,2026-04-09,733,N21,VIIRS,n,2.0NRT,311.61,7.89,D
17.16816,76.67706,345.12,0.33,0.55,2026-04-09,733,N21,VIIRS,n,2.0NRT,313.39,8.96,D
17.1684,96.17691,349.78,0.46,0.64,2026-04-09,733,N21,VIIRS,n,2.0NRT,303.82,9.68,D
17.1722,95.70378,352.61,0.43,0.62,2026-04-09,733,N21,VIIRS,n,2.0NRT,304.06,8.52,D
17.17672,97.56049,330.25,0.58,0.69,2026-04-09,733,N21,VIIRS,l,2.0NRT,300.65,7.4,D
17.18012,97.55774,335.79,0.57,0.69,2026-04-09,733,N21,VIIRS,n,2.0NRT,300.5,4.44,D
17.18652,96.57603,330.46,0.49,0.65,2026-04-09,733,N21,VIIRS,l,2.0NRT,303.09,5.05,D
17.18972,96.57677,341.07,0.49,0.65,2026-04-09,733,N21,VIIRS,n,2.0NRT,302.61,6.89,D
17.19884,95.63189,331.71,0.43,0.62,2026-04-09,733,N21,VIIRS,l,2.0NRT,301.8,2.44,D
17.19929,96.61308,367,0.5,0.66,2026-04-09,733,N21,VIIRS,h,2.0NRT,301.88,9.87,D
17.20211,95.63017,330.76,0.43,0.62,2026-04-09,733,N21,VIIRS,l,2.0NRT,301.34,4.44,D
17.20234,96.61165,350.27,0.5,0.66,2026-04-09,733,N21,VIIRS,n,2.0NRT,302.13,6.8,D
17.20491,95.54572,338.45,0.42,0.61,2026-04-09,733,N21,VIIRS,n,2.0NRT,301.8,6.46,D
17.20767,95.46238,348.49,0.42,0.61,2026-04-09,733,N21,VIIRS,n,2.0NRT,300.7,8.9,D
17.22142,74.66286,338.85,0.44,0.63,2026-04-09,733,N21,VIIRS,l,2.0NRT,311.97,5.43,D
17.23918,95.82649,352.89,0.44,0.62,2026-04-09,733,N21,VIIRS,n,2.0NRT,304.9,9.07,D
17.2441,94.6423,347.17,0.37,0.58,2026-04-09,733,N21,VIIRS,n,2.0NRT,297.99,4.93,D
17.2514,74.61007,345.33,0.45,0.63,2026-04-09,733,N21,VIIRS,n,2.0NRT,310.17,12.94,D
17.25289,77.24038,340.1,0.6,0.53,2026-04-09,733,N21,VIIRS,l,2.0NRT,313.34,10.95,D
17.25304,74.61781,346.22,0.44,0.63,2026-04-09,733,N21,VIIRS,n,2.0NRT,308.97,12.47,D
17.25384,74.6216,367,0.44,0.63,2026-04-09,733,N21,VIIRS,h,2.0NRT,307.36,12.47,D
17.25615,96.29422,332.74,0.47,0.64,2026-04-09,733,N21,VIIRS,l,2.0NRT,303.87,11.07,D
17.25665,77.08703,342.04,0.61,0.53,2026-04-09,733,N21,VIIRS,n,2.0NRT,311.42,12.38,D
17.25842,77.08952,340.92,0.61,0.53,2026-04-09,733,N21,VIIRS,n,2.0NRT,310.27,14.5,D
17.26436,95.79039,335.98,0.44,0.62,2026-04-09,733,N21,VIIRS,n,2.0NRT,303.63,4.16,D
17.26929,77.44981,336.24,0.58,0.52,2026-04-09,733,N21,VIIRS,l,2.0NRT,307.71,5.66,D
17.27235,97.89099,340.19,0.61,0.71,2026-04-09,733,N21,VIIRS,n,2.0NRT,300.26,8.33,D
17.28412,79.6029,341.71,0.42,0.45,2026-04-09,733,N21,VIIRS,n,2.0NRT,300.3,9.47,D
17.30036,76.6627,338.71,0.32,0.55,2026-04-09,733,N21,VIIRS,l,2.0NRT,311.94,5.48,D
17.30717,80.14139,336.46,0.39,0.44,2026-04-09,733,N21,VIIRS,n,2.0NRT,301.48,7.01,D
17.31113,80.14063,342.55,0.39,0.44,2026-04-09,733,N21,VIIRS,n,2.0NRT,303.59,26.59,D
17.3172,81.3288,334.42,0.5,0.41,2026-04-09,733,N21,VIIRS,n,2.0NRT,301.07,5.41,D
17.33077,78.88309,334.84,0.46,0.47,2026-04-09,733,N21,VIIRS,l,2.0NRT,306.43,4.51,D
17.33379,77.32302,342.33,0.59,0.53,2026-04-09,733,N21,VIIRS,n,2.0NRT,312.05,14.65,D
17.33416,97.63412,337.1,0.58,0.7,2026-04-09,733,N21,VIIRS,n,2.0NRT,304,11.93,D
17.34292,96.04198,341.86,0.46,0.63,2026-04-09,733,N21,VIIRS,n,2.0NRT,300.59,9.23,D
17.34336,96.04618,339.43,0.46,0.63,2026-04-09,733,N21,VIIRS,n,2.0NRT,300.09,9.3,D
17.34368,96.04231,348.33,0.46,0.63,2026-04-09,733,N21,VIIRS,n,2.0NRT,300.93,9.81,D
17.3441,96.04651,331.42,0.46,0.63,2026-04-09,733,N21,VIIRS,n,2.0NRT,299.87,8.68,D
17.34747,97.63825,331.55,0.58,0.7,2026-04-09,733,N21,VIIRS,l,2.0NRT,303.67,5.33,D
17.34929,81.3377,330.58,0.5,0.41,2026-04-09,733,N21,VIIRS,l,2.0NRT,299.69,4.76,D
17.35859,77.37372,343.88,0.58,0.52,2026-04-09,733,N21,VIIRS,n,2.0NRT,312.15,9.35,D
17.36687,81.37322,338.26,0.5,0.41,2026-04-09,733,N21,VIIRS,n,2.0NRT,299.94,10.27,D
17.3674,94.79796,331.47,0.38,0.58,2026-04-09,733,N21,VIIRS,n,2.0NRT,297.38,2.14,D
17.37156,94.83681,340.87,0.38,0.59,2026-04-09,733,N21,VIIRS,n,2.0NRT,298.65,7.8,D
17.38752,77.34569,338.47,0.58,0.52,2026-04-09,733,N21,VIIRS,l,2.0NRT,311.29,10.24,D
17.40627,95.49043,340.19,0.42,0.61,2026-04-09,733,N21,VIIRS,n,2.0NRT,302.84,2.84,D
17.40769,95.49021,339.2,0.42,0.61,2026-04-09,733,N21,VIIRS,n,2.0NRT,302.83,2.25,D
17.41628,73.44137,336.79,0.53,0.67,2026-04-09,733,N21,VIIRS,n,2.0NRT,302.08,3.77,D
17.42207,97.38168,334.97,0.56,0.69,2026-04-09,733,N21,VIIRS,n,2.0NRT,303.18,10.07,D
17.43483,97.58483,334.47,0.58,0.7,2026-04-09,733,N21,VIIRS,n,2.0NRT,300.78,5.33,D
17.43547,94.8248,344.45,0.38,0.59,2026-04-09,733,N21,VIIRS,n,2.0NRT,297.89,6.04,D
17.43587,94.82842,339.73,0.38,0.59,2026-04-09,733,N21,VIIRS,n,2.0NRT,298.62,6.04,D
17.43804,97.90235,332.56,0.61,0.71,2026-04-09,733,N21,VIIRS,n,2.0NRT,299.4,12.13,D
17.43833,97.9063,334.65,0.61,0.71,2026-04-09,733,N21,VIIRS,n,2.0NRT,299.72,9.44,D
17.43892,94.82549,367,0.38,0.59,2026-04-09,733,N21,VIIRS,h,2.0NRT,300.98,16.87,D
17.43909,78.1065,334.03,0.52,0.5,2026-04-09,733,N21,VIIRS,l,2.0NRT,308.5,2.83,D
17.4392,78.22936,343.85,0.51,0.49,2026-04-09,733,N21,VIIRS,n,2.0NRT,309.34,8.03,D
17.44121,94.82759,330.67,0.38,0.59,2026-04-09,733,N21,VIIRS,n,2.0NRT,298.51,6.04,D
17.45252,79.13676,348.75,0.44,0.46,2026-04-09,733,N21,VIIRS,n,2.0NRT,309.35,12.12,D
17.45329,96.14034,353.21,0.47,0.64,2026-04-09,733,N21,VIIRS,n,2.0NRT,301.06,7.5,D
17.45356,96.13943,347.35,0.46,0.64,2026-04-09,733,N21,VIIRS,n,2.0NRT,300.78,8.7,D
17.45964,96.02451,333.13,0.46,0.63,2026-04-09,733,N21,VIIRS,n,2.0NRT,302.71,3.31,D
17.4641,97.90013,339.52,0.61,0.71,2026-04-09,733,N21,VIIRS,n,2.0NRT,300.45,5.72,D
17.46997,97.51796,367,0.58,0.69,2026-04-09,733,N21,VIIRS,h,2.0NRT,298.24,18.27,D
17.47191,78.71001,341.41,0.47,0.48,2026-04-09,733,N21,VIIRS,n,2.0NRT,310.13,7.09,D
17.47324,97.51514,333.18,0.58,0.69,2026-04-09,733,N21,VIIRS,n,2.0NRT,297.9,13.52,D
17.47346,97.4513,351.99,0.57,0.69,2026-04-09,733,N21,VIIRS,n,2.0NRT,305,7.63,D
17.47377,97.52058,347.17,0.58,0.69,2026-04-09,733,N21,VIIRS,n,2.0NRT,297.93,12.88,D
17.47694,97.45323,367,0.57,0.69,2026-04-09,733,N21,VIIRS,h,2.0NRT,304.25,18.45,D
17.47979,97.45061,344.06,0.57,0.69,2026-04-09,733,N21,VIIRS,n,2.0NRT,302.02,7.63,D
17.48482,76.21106,349,0.34,0.56,2026-04-09,733,N21,VIIRS,n,2.0NRT,313.09,7.26,D
17.49309,76.17319,351.36,0.35,0.56,2026-04-09,733,N21,VIIRS,n,2.0NRT,312.92,11.1,D
17.50017,96.96306,367,0.53,0.67,2026-04-09,733,N21,VIIRS,h,2.0NRT,301.17,17.54,D
17.52118,97.94732,331.63,0.62,0.71,2026-04-09,733,N21,VIIRS,n,2.0NRT,300.03,11.1,D
17.52158,97.95183,343.04,0.62,0.71,2026-04-09,733,N21,VIIRS,n,2.0NRT,300.56,9.42,D
17.52193,97.95591,346.84,0.62,0.71,2026-04-09,733,N21,VIIRS,n,2.0NRT,301.15,13.93,D
17.52225,97.95893,336.96,0.62,0.71,2026-04-09,733,N21,VIIRS,n,2.0NRT,301.11,9.42,D
17.52226,97.45872,348.22,0.57,0.69,2026-04-09,733,N21,VIIRS,n,2.0NRT,299.52,7.42,D
17.52522,77.86007,340.04,0.54,0.51,2026-04-09,733,N21,VIIRS,l,2.0NRT,311.01,5.46,D
17.5257,77.86374,335.99,0.54,0.51,2026-04-09,733,N21,VIIRS,l,2.0NRT,308.76,5.55,D
17.52992,95.96651,330.74,0.45,0.63,2026-04-09,733,N21,VIIRS,l,2.0NRT,304.5,7.55,D
17.53506,97.80882,349.3,0.6,0.71,2026-04-09,733,N21,VIIRS,n,2.0NRT,298.52,15.91,D
17.53881,96.40501,332.37,0.49,0.65,2026-04-09,733,N21,VIIRS,n,2.0NRT,298.83,4.23,D
17.53893,82.34265,333.16,0.45,0.39,2026-04-09,733,N21,VIIRS,n,2.0NRT,301.12,5.54,D
17.53987,95.37048,337.7,0.41,0.61,2026-04-09,733,N21,VIIRS,n,2.0NRT,306.37,4.26,D
17.54032,97.80541,350,0.6,0.71,2026-04-09,733,N21,VIIRS,n,2.0NRT,298.45,13.05,D
17.54089,97.94667,333.09,0.62,0.71,2026-04-09,733,N21,VIIRS,n,2.0NRT,302.35,10.17,D
17.54111,97.94925,332.87,0.62,0.71,2026-04-09,733,N21,VIIRS,n,2.0NRT,301.74,18.71,D
17.54137,97.95203,338.94,0.62,0.71,2026-04-09,733,N21,VIIRS,n,2.0NRT,301.93,22.27,D
17.54146,97.07461,345.49,0.54,0.68,2026-04-09,733,N21,VIIRS,n,2.0NRT,299.85,9.16,D
17.54164,97.95475,367,0.62,0.71,2026-04-09,733,N21,VIIRS,h,2.0NRT,303.2,18.71,D
17.54187,97.07904,334.2,0.54,0.68,2026-04-09,733,N21,VIIRS,n,2.0NRT,299.16,9.16,D
17.54191,97.95802,367,0.62,0.71,2026-04-09,733,N21,VIIRS,h,2.0NRT,302.73,22.27,D
17.54259,97.07732,367,0.54,0.68,2026-04-09,733,N21,VIIRS,h,2.0NRT,300.96,16.24,D
17.55601,76.88601,338.2,0.62,0.54,2026-04-09,733,N21,VIIRS,l,2.0NRT,311.54,12.35,D
17.55634,95.00317,333.26,0.39,0.59,2026-04-09,733,N21,VIIRS,n,2.0NRT,303.04,5.52,D
17.56096,97.59691,367,0.58,0.7,2026-04-09,733,N21,VIIRS,h,2.0NRT,300.11,18.33,D
17.5633,76.37122,338.43,0.34,0.56,2026-04-09,733,N21,VIIRS,n,2.0NRT,310.18,5.34,D
17.56617,94.86801,345.03,0.38,0.59,2026-04-09,733,N21,VIIRS,n,2.0NRT,301.28,5.56,D
17.56654,94.87154,332.93,0.38,0.59,2026-04-09,733,N21,VIIRS,n,2.0NRT,301,5.56,D
17.56896,76.37328,367,0.34,0.56,2026-04-09,733,N21,VIIRS,h,2.0NRT,311.58,5.34,D
17.57107,95.18927,338.53,0.4,0.6,2026-04-09,733,N21,VIIRS,n,2.0NRT,306.45,6.46,D
17.57157,95.18895,340.56,0.4,0.6,2026-04-09,733,N21,VIIRS,n,2.0NRT,306.4,7.68,D
17.61133,83.20505,337.59,0.41,0.37,2026-04-09,733,N21,VIIRS,l,2.0NRT,304.36,6.08,D
17.6241,96.3169,367,0.48,0.65,2026-04-09,733,N21,VIIRS,h,2.0NRT,301.93,18.09,D
17.6245,94.8521,342,0.38,0.59,2026-04-09,733,N21,VIIRS,n,2.0NRT,300.32,5.06,D
17.62459,75.74509,353.1,0.37,0.58,2026-04-09,733,N21,VIIRS,n,2.0NRT,310.02,5.61,D
17.62703,96.74023,342.73,0.51,0.66,2026-04-09,733,N21,VIIRS,n,2.0NRT,302.99,5.23,D
17.6284,96.73944,340.25,0.51,0.66,2026-04-09,733,N21,VIIRS,n,2.0NRT,302.54,3.64,D
17.62966,77.90739,333.59,0.53,0.5,2026-04-09,733,N21,VIIRS,l,2.0NRT,306.04,1.81,D
17.6299,81.50119,330.08,0.49,0.4,2026-04-09,733,N21,VIIRS,n,2.0NRT,297.37,3.21,D
17.63064,77.91233,332.93,0.53,0.5,2026-04-09,733,N21,VIIRS,l,2.0NRT,307.6,1.81,D
17.63833,95.9313,344.57,0.45,0.63,2026-04-09,733,N21,VIIRS,n,2.0NRT,301.8,5.84,D
17.63889,97.57994,333.23,0.58,0.7,2026-04-09,733,N21,VIIRS,n,2.0NRT,298.03,20.5,D
17.63929,95.93182,344.45,0.45,0.63,2026-04-09,733,N21,VIIRS,n,2.0NRT,302.25,5.5,D
17.63939,97.5853,367,0.58,0.7,2026-04-09,733,N21,VIIRS,h,2.0NRT,299.44,30.59,D
17.63979,81.51465,330.25,0.48,0.4,2026-04-09,733,N21,VIIRS,l,2.0NRT,302.19,10.21,D
17.64025,81.51779,345.26,0.48,0.4,2026-04-09,733,N21,VIIRS,n,2.0NRT,303.47,9.65,D
17.64064,97.00422,336.99,0.54,0.67,2026-04-09,733,N21,VIIRS,n,2.0NRT,297.74,6.2,D
17.64103,97.00439,337.62,0.53,0.67,2026-04-09,733,N21,VIIRS,n,2.0NRT,297.59,4.88,D
17.65368,96.31345,367,0.48,0.65,2026-04-09,733,N21,VIIRS,h,2.0NRT,301.05,11.36,D
17.65695,95.05024,331,0.39,0.6,2026-04-09,733,N21,VIIRS,l,2.0NRT,302.35,3.47,D
17.65992,95.06427,332.96,0.4,0.6,2026-04-09,733,N21,VIIRS,n,2.0NRT,300.89,1.7,D
17.67267,95.62741,367,0.43,0.62,2026-04-09,733,N21,VIIRS,h,2.0NRT,308.46,11.87,D
17.67535,81.50283,330.92,0.48,0.4,2026-04-09,733,N21,VIIRS,l,2.0NRT,303,6.29,D
17.67614,81.50739,330.93,0.48,0.4,2026-04-09,733,N21,VIIRS,l,2.0NRT,303.51,6.48,D
17.67834,95.62676,337.19,0.43,0.62,2026-04-09,733,N21,VIIRS,n,2.0NRT,305.83,3.05,D
17.67879,82.39755,330.74,0.44,0.38,2026-04-09,733,N21,VIIRS,n,2.0NRT,302.1,3.85,D
17.68439,78.80779,343.05,0.46,0.47,2026-04-09,733,N21,VIIRS,n,2.0NRT,308.63,7.28,D
17.68668,81.48141,332.63,0.49,0.4,2026-04-09,733,N21,VIIRS,l,2.0NRT,302.16,5,D
17.69311,96.36933,334.71,0.49,0.65,2026-04-09,733,N21,VIIRS,n,2.0NRT,294,4.25,D
17.69469,97.45901,332.6,0.57,0.69,2026-04-09,733,N21,VIIRS,n,2.0NRT,299.66,42.74,D
17.69518,97.46439,367,0.57,0.69,2026-04-09,733,N21,VIIRS,h,2.0NRT,305.74,72.07,D
17.69871,97.46387,367,0.57,0.69,2026-04-09,733,N21,VIIRS,h,2.0NRT,306.23,73.84,D
17.70073,81.49733,337.58,0.48,0.4,2026-04-09,733,N21,VIIRS,l,2.0NRT,302.42,5.48,D
17.72961,94.83718,331.32,0.38,0.59,2026-04-09,733,N21,VIIRS,n,2.0NRT,298.45,5.97,D
17.73661,74.67767,339.08,0.43,0.62,2026-04-09,733,N21,VIIRS,l,2.0NRT,311.77,6.98,D
17.74068,74.67576,353.52,0.43,0.62,2026-04-09,733,N21,VIIRS,n,2.0NRT,314.24,6.95,D
17.74151,95.68122,334.63,0.44,0.62,2026-04-09,733,N21,VIIRS,n,2.0NRT,304.34,5.13,D
17.74155,74.67973,342.94,0.43,0.62,2026-04-09,733,N21,VIIRS,n,2.0NRT,311.81,6.95,D
17.74222,74.67668,350.87,0.43,0.62,2026-04-09,733,N21,VIIRS,n,2.0NRT,314.69,6.98,D
17.7452,78.54784,342.84,0.48,0.48,2026-04-09,733,N21,VIIRS,n,2.0NRT,307.69,30,D
17.74636,78.9089,340.37,0.45,0.47,2026-04-09,733,N21,VIIRS,n,2.0NRT,308.27,4.54,D
17.74664,76.65737,338.73,0.32,0.54,2026-04-09,733,N21,VIIRS,l,2.0NRT,310.72,4.66,D
17.74872,78.54253,337.19,0.48,0.48,2026-04-09,733,N21,VIIRS,n,2.0NRT,306.6,5.41,D
17.76473,95.05009,336.44,0.4,0.6,2026-04-09,733,N21,VIIRS,n,2.0NRT,303.81,3.61,D
17.76804,81.60582,346.01,0.48,0.4,2026-04-09,733,N21,VIIRS,n,2.0NRT,301.9,9.67,D
17.76827,94.60906,340.2,0.37,0.58,2026-04-09,733,N21,VIIRS,n,2.0NRT,298.99,5.27,D
17.76911,81.60642,338.79,0.48,0.4,2026-04-09,733,N21,VIIRS,l,2.0NRT,301.2,9.23,D
17.77217,97.53198,332.48,0.58,0.7,2026-04-09,733,N21,VIIRS,n,2.0NRT,299.97,4.86,D
17.77878,81.82251,333.94,0.47,0.39,2026-04-09,733,N21,VIIRS,n,2.0NRT,300.11,8.53,D
17.78199,94.58655,367,0.37,0.58,2026-04-09,733,N21,VIIRS,h,2.0NRT,301.26,20.45,D
17.78232,94.5896,349.05,0.37,0.58,2026-04-09,733,N21,VIIRS,n,2.0NRT,304.1,20.45,D
17.78265,94.59261,367,0.37,0.58,2026-04-09,733,N21,VIIRS,h,2.0NRT,299.97,24.45,D
17.78727,95.21926,344.21,0.41,0.6,2026-04-09,733,N21,VIIRS,n,2.0NRT,303.88,4.33,D
17.79234,81.81535,336.84,0.47,0.4,2026-04-09,733,N21,VIIRS,l,2.0NRT,301.62,53.44,D
17.8103,97.52607,331.02,0.58,0.7,2026-04-09,733,N21,VIIRS,n,2.0NRT,298.66,2,D
17.81533,97.92461,367,0.62,0.71,2026-04-09,733,N21,VIIRS,h,2.0NRT,305.44,60.95,D
17.83435,97.01085,367,0.54,0.68,2026-04-09,733,N21,VIIRS,h,2.0NRT,300.48,14.01,D
17.83484,97.01591,337.55,0.54,0.68,2026-04-09,733,N21,VIIRS,n,2.0NRT,298.48,14.01,D
17.87244,97.02299,339.93,0.54,0.68,2026-04-09,733,N21,VIIRS,n,2.0NRT,298.42,10.01,D
17.87299,97.02897,335.38,0.54,0.68,2026-04-09,733,N21,VIIRS,n,2.0NRT,298.45,10.42,D
17.87347,97.02676,367,0.54,0.68,2026-04-09,733,N21,VIIRS,h,2.0NRT,299.72,13.91,D
17.88423,94.49493,336.28,0.36,0.58,2026-04-09,733,N21,VIIRS,n,2.0NRT,301.75,5.88,D
17.89155,95.08706,341.29,0.4,0.6,2026-04-09,733,N21,VIIRS,n,2.0NRT,305.51,2.44,D
17.90032,96.01287,331.62,0.46,0.64,2026-04-09,733,N21,VIIRS,n,2.0NRT,302.53,4,D
17.90593,94.54697,341.24,0.37,0.58,2026-04-09,733,N21,VIIRS,n,2.0NRT,303.46,4.34,D
17.9093,95.37695,367,0.42,0.61,2026-04-09,733,N21,VIIRS,h,2.0NRT,307.35,9.19,D
17.91048,95.37708,367,0.42,0.61,2026-04-09,733,N21,VIIRS,h,2.0NRT,307.15,5.87,D
17.9129,83.35258,335.81,0.41,0.37,2026-04-09,733,N21,VIIRS,l,2.0NRT,303.37,11.8,D
17.91689,83.35577,337.01,0.41,0.37,2026-04-09,733,N21,VIIRS,l,2.0NRT,304.54,15.27,D
17.92056,95.099,354.75,0.4,0.6,2026-04-09,733,N21,VIIRS,n,2.0NRT,306.24,8.38,D
17.92141,97.58488,335.54,0.59,0.7,2026-04-09,733,N21,VIIRS,n,2.0NRT,297.92,5,D
17.92587,97.76922,339.49,0.61,0.71,2026-04-09,733,N21,VIIRS,n,2.0NRT,301.7,5.32,D
17.92679,97.77187,333.65,0.61,0.71,2026-04-09,733,N21,VIIRS,n,2.0NRT,301.29,6.93,D
17.92684,95.10596,338.8,0.4,0.6,2026-04-09,733,N21,VIIRS,n,2.0NRT,304.95,6.88,D
17.93231,81.91586,331.86,0.46,0.39,2026-04-09,733,N21,VIIRS,n,2.0NRT,299.33,4.7,D
17.93595,97.4389,347.14,0.58,0.69,2026-04-09,733,N21,VIIRS,n,2.0NRT,298.02,13.22,D
17.94298,96.97504,345.85,0.54,0.68,2026-04-09,733,N21,VIIRS,n,2.0NRT,299.56,37.9,D
17.9435,96.98049,367,0.54,0.68,2026-04-09,733,N21,VIIRS,h,2.0NRT,298.87,37.19,D
17.94569,83.16239,335.15,0.41,0.37,2026-04-09,733,N21,VIIRS,n,2.0NRT,302.42,3.07,D
17.94865,97.73357,333.57,0.6,0.71,2026-04-09,733,N21,VIIRS,n,2.0NRT,300.46,7.27,D
17.94936,97.73118,330.78,0.6,0.71,2026-04-09,733,N21,VIIRS,n,2.0NRT,299.89,5.53,D
17.96305,96.98853,338.78,0.54,0.68,2026-04-09,733,N21,VIIRS,n,2.0NRT,297.96,7.31,D
17.96796,96.98317,333.38,0.54,0.68,2026-04-09,733,N21,VIIRS,n,2.0NRT,299.21,95.69,D
17.96818,79.06741,334.2,0.44,0.46,2026-04-09,733,N21,VIIRS,l,2.0NRT,305.83,3.22,D
17.96843,96.98826,354.32,0.54,0.68,2026-04-09,733,N21,VIIRS,n,2.0NRT,314.28,95.69,D
17.96902,79.06707,331.06,0.44,0.46,2026-04-09,733,N21,VIIRS,l,2.0NRT,304.57,3.33,D
17.96974,96.99301,331.51,0.54,0.68,2026-04-09,733,N21,VIIRS,n,2.0NRT,297.77,171.12,D
17.97154,96.75405,339.69,0.52,0.67,2026-04-09,733,N21,VIIRS,n,2.0NRT,303.09,3.47,D
17.97264,97.77184,331.41,0.61,0.71,2026-04-09,733,N21,VIIRS,n,2.0NRT,300.07,4.91,D
17.97302,97.7761,330.63,0.61,0.71,2026-04-09,733,N21,VIIRS,l,2.0NRT,300.97,4.91,D
17.97578,82.55759,332.65,0.43,0.38,2026-04-09,733,N21,VIIRS,n,2.0NRT,302.38,7.61,D
17.98054,97.78674,344.31,0.61,0.71,2026-04-09,733,N21,VIIRS,n,2.0NRT,301.29,9.67,D
17.98499,94.59104,337.42,0.37,0.58,2026-04-09,733,N21,VIIRS,n,2.0NRT,300.05,3.71,D
17.98499,97.48219,345.45,0.58,0.7,2026-04-09,733,N21,VIIRS,n,2.0NRT,297.47,64.64,D
17.98535,97.48598,367,0.58,0.7,2026-04-09,733,N21,VIIRS,h,2.0NRT,306.06,98.86,D
17.98645,79.99931,339.04,0.39,0.44,2026-04-09,733,N21,VIIRS,n,2.0NRT,304.8,4.73,D
17.99048,79.97633,332.79,0.39,0.44,2026-04-09,733,N21,VIIRS,l,2.0NRT,304.84,3.99,D
17.99865,76.23511,339.6,0.34,0.56,2026-04-09,733,N21,VIIRS,l,2.0NRT,313.07,4.49,D
17.99978,79.02287,336.65,0.44,0.46,2026-04-09,733,N21,VIIRS,l,2.0NRT,306.78,7.96,D
18.00055,79.02695,341.99,0.44,0.46,2026-04-09,733,N21,VIIRS,n,2.0NRT,306.24,9.18,D
18.00208,79.0351,341.65,0.44,0.46,2026-04-09,733,N21,VIIRS,n,2.0NRT,308.3,11.42,D
18.00338,96.10332,330.63,0.47,0.64,2026-04-09,733,N21,VIIRS,n,2.0NRT,299.86,4.12,D
18.005,97.8391,333.29,0.61,0.71,2026-04-09,733,N21,VIIRS,n,2.0NRT,298.39,6.62,D
18.01007,97.47488,341.62,0.58,0.7,2026-04-09,733,N21,VIIRS,n,2.0NRT,298.96,12.08,D
18.01142,75.00392,343.28,0.4,0.6,2026-04-09,733,N21,VIIRS,n,2.0NRT,309.02,6.31,D
18.01232,97.47533,348.7,0.58,0.7,2026-04-09,733,N21,VIIRS,n,2.0NRT,299.58,10.82,D
18.01605,97.47007,351.44,0.58,0.7,2026-04-09,733,N21,VIIRS,n,2.0NRT,299.47,11.67,D
18.01834,97.47061,341.54,0.58,0.7,2026-04-09,733,N21,VIIRS,n,2.0NRT,298.15,9.55,D
18.0225,78.4718,341.95,0.48,0.48,2026-04-09,733,N21,VIIRS,n,2.0NRT,308.31,11.64,D
18.02453,78.10369,332.58,0.51,0.49,2026-04-09,733,N21,VIIRS,l,2.0NRT,306.12,4.63,D
18.025,78.01073,342.03,0.51,0.5,2026-04-09,733,N21,VIIRS,n,2.0NRT,308.39,5.29,D
18.02601,78.46656,335.8,0.48,0.48,2026-04-09,733,N21,VIIRS,l,2.0NRT,307.6,3.82,D
18.02687,78.47108,336.2,0.48,0.48,2026-04-09,733,N21,VIIRS,n,2.0NRT,305.34,3.82,D
18.03358,97.51823,331.67,0.59,0.7,2026-04-09,733,N21,VIIRS,n,2.0NRT,297.99,5.88,D
18.03416,81.89346,342.18,0.46,0.39,2026-04-09,733,N21,VIIRS,n,2.0NRT,303.4,5.95,D
18.03468,81.89199,334.37,0.46,0.39,2026-04-09,733,N21,VIIRS,l,2.0NRT,302.88,4.59,D
18.03638,97.75264,333.58,0.61,0.71,2026-04-09,733,N21,VIIRS,n,2.0NRT,300.24,8.47,D
18.03684,97.75378,334.03,0.61,0.71,2026-04-09,733,N21,VIIRS,n,2.0NRT,300.69,7.11,D
18.04055,78.35179,342.59,0.49,0.48,2026-04-09,733,N21,VIIRS,n,2.0NRT,308.09,6.5,D
18.04104,81.86961,336.98,0.46,0.39,2026-04-09,733,N21,VIIRS,n,2.0NRT,300.69,3.35,D
18.04122,78.35355,352.84,0.49,0.48,2026-04-09,733,N21,VIIRS,n,2.0NRT,308.09,11.43,D
18.0414,78.35629,339.73,0.49,0.48,2026-04-09,733,N21,VIIRS,n,2.0NRT,306.35,6.5,D
18.04143,76.13535,342.62,0.34,0.56,2026-04-09,733,N21,VIIRS,n,2.0NRT,312.97,4.18,D
18.04338,80.00366,342.84,0.39,0.44,2026-04-09,733,N21,VIIRS,n,2.0NRT,302.74,3.92,D
18.04351,81.92629,334.09,0.46,0.39,2026-04-09,733,N21,VIIRS,n,2.0NRT,302.87,5.51,D
18.04663,94.51482,332.16,0.37,0.58,2026-04-09,733,N21,VIIRS,n,2.0NRT,300.35,1.38,D
18.04726,97.87344,335.58,0.62,0.71,2026-04-09,733,N21,VIIRS,n,2.0NRT,300.57,10.89,D
18.0473,80.00278,342.55,0.39,0.44,2026-04-09,733,N21,VIIRS,n,2.0NRT,300.22,3.92,D
18.04753,97.87176,334.77,0.62,0.71,2026-04-09,733,N21,VIIRS,n,2.0NRT,300.43,9.28,D
18.05483,96.91367,337.37,0.53,0.67,2026-04-09,733,N21,VIIRS,n,2.0NRT,300.91,7.95,D
18.05538,96.91705,334.11,0.53,0.67,2026-04-09,733,N21,VIIRS,n,2.0NRT,300.55,10.52,D
18.06365,95.07749,337.74,0.4,0.6,2026-04-09,733,N21,VIIRS,n,2.0NRT,302.2,2.88,D
18.07279,74.53621,367,0.43,0.62,2026-04-09,733,N21,VIIRS,h,2.0NRT,312.92,9.35,D
18.07491,97.52524,336.91,0.59,0.7,2026-04-09,733,N21,VIIRS,n,2.0NRT,298.35,4.16,D
18.07879,97.49723,367,0.58,0.7,2026-04-09,733,N21,VIIRS,h,2.0NRT,300.41,125.28,D
18.0824,82.24235,334.15,0.44,0.39,2026-04-09,733,N21,VIIRS,l,2.0NRT,301.29,7.22,D
18.08413,95.05318,336.84,0.4,0.6,2026-04-09,733,N21,VIIRS,n,2.0NRT,302.28,5.29,D
18.0857,82.71074,333.33,0.43,0.38,2026-04-09,733,N21,VIIRS,l,2.0NRT,302.17,3.76,D
18.08572,82.00151,335.78,0.45,0.39,2026-04-09,733,N21,VIIRS,l,2.0NRT,303.66,4.33,D
18.08849,97.7454,340.49,0.61,0.71,2026-04-09,733,N21,VIIRS,n,2.0NRT,298.53,9.26,D
18.09595,97.54288,334.56,0.59,0.7,2026-04-09,733,N21,VIIRS,n,2.0NRT,297.61,10.82,D
18.09644,97.5482,342.7,0.59,0.7,2026-04-09,733,N21,VIIRS,n,2.0NRT,297.98,12.08,D
18.09866,96.52805,350.35,0.5,0.66,2026-04-09,733,N21,VIIRS,n,2.0NRT,301.9,7.09,D
18.09893,96.11889,343.08,0.47,0.64,2026-04-09,733,N21,VIIRS,n,2.0NRT,299.22,8.23,D
18.09922,81.99508,333.2,0.45,0.39,2026-04-09,733,N21,VIIRS,l,2.0NRT,303.84,5.55,D
18.09982,96.11814,341.36,0.47,0.64,2026-04-09,733,N21,VIIRS,n,2.0NRT,299.11,9.47,D
18.10194,97.60743,355.43,0.59,0.7,2026-04-09,733,N21,VIIRS,n,2.0NRT,309.16,97.93,D
18.10225,83.62074,346.37,0.4,0.37,2026-04-09,733,N21,VIIRS,n,2.0NRT,303.02,7.77,D
18.1083,82.30316,342.17,0.44,0.38,2026-04-09,733,N21,VIIRS,n,2.0NRT,301.9,4.29,D
18.10844,94.54723,332.38,0.37,0.58,2026-04-09,733,N21,VIIRS,n,2.0NRT,299.2,5,D
18.10862,78.30193,339.71,0.49,0.49,2026-04-09,733,N21,VIIRS,n,2.0NRT,307.47,6.29,D
18.10882,94.5508,340.04,0.37,0.58,2026-04-09,733,N21,VIIRS,n,2.0NRT,301.76,5,D
18.11131,82.00175,331.24,0.45,0.39,2026-04-09,733,N21,VIIRS,l,2.0NRT,303.89,2.75,D
18.11154,97.40509,367,0.58,0.69,2026-04-09,733,N21,VIIRS,h,2.0NRT,299.31,52.08,D
18.11253,97.72202,332.35,0.61,0.71,2026-04-09,733,N21,VIIRS,n,2.0NRT,300.74,5.27,D
18.1149,97.40228,351.08,0.58,0.69,2026-04-09,733,N21,VIIRS,n,2.0NRT,298.94,42.6,D
18.11499,82.37362,333.86,0.44,0.38,2026-04-09,733,N21,VIIRS,l,2.0NRT,304.62,3.18,D
18.1304,97.42976,367,0.58,0.7,2026-04-09,733,N21,VIIRS,h,2.0NRT,301.58,71.73,D
18.13129,81.19642,333.23,0.5,0.41,2026-04-09,733,N21,VIIRS,l,2.0NRT,305.1,3.69,D
18.13181,95.53941,331.74,0.43,0.62,2026-04-09,733,N21,VIIRS,l,2.0NRT,304.97,7.74,D
18.13269,78.0979,341.4,0.5,0.49,2026-04-09,733,N21,VIIRS,n,2.0NRT,307.98,6.24,D
18.1327,97.42623,342.26,0.58,0.7,2026-04-09,733,N21,VIIRS,n,2.0NRT,299.17,55.33,D
18.13312,97.43086,367,0.58,0.7,2026-04-09,733,N21,VIIRS,h,2.0NRT,296.96,47.01,D
18.13358,78.1025,340.18,0.5,0.49,2026-04-09,733,N21,VIIRS,n,2.0NRT,306.25,6.24,D
18.13427,95.53661,367,0.43,0.62,2026-04-09,733,N21,VIIRS,h,2.0NRT,305.09,11.32,D
18.13708,95.53471,347.68,0.43,0.62,2026-04-09,733,N21,VIIRS,n,2.0NRT,304.18,7.47,D
18.13783,97.50713,367,0.59,0.7,2026-04-09,733,N21,VIIRS,h,2.0NRT,298.59,41.52,D
18.13834,97.51238,351.46,0.59,0.7,2026-04-09,733,N21,VIIRS,n,2.0NRT,297.99,61.46,D
18.13882,97.5174,367,0.59,0.7,2026-04-09,733,N21,VIIRS,h,2.0NRT,298.03,61.46,D
18.13967,97.50393,336.04,0.59,0.7,2026-04-09,733,N21,VIIRS,n,2.0NRT,297.31,70.94,D
18.14007,97.66706,330.46,0.6,0.71,2026-04-09,733,N21,VIIRS,n,2.0NRT,299.54,6.22,D
18.14014,97.5092,353.31,0.59,0.7,2026-04-09,733,N21,VIIRS,n,2.0NRT,307.57,70.94,D
18.14104,97.51926,367,0.59,0.7,2026-04-09,733,N21,VIIRS,h,2.0NRT,299.69,228.26,D
18.14422,97.50638,342.3,0.59,0.7,2026-04-09,733,N21,VIIRS,n,2.0NRT,300.88,41.52,D
18.14471,97.51145,367,0.59,0.7,2026-04-09,733,N21,VIIRS,h,2.0NRT,300,61.46,D
18.14482,78.63381,334.36,0.47,0.47,2026-04-09,733,N21,VIIRS,n,2.0NRT,302.25,3.08,D
18.14519,97.51641,367,0.59,0.7,2026-04-09,733,N21,VIIRS,h,2.0NRT,303.68,61.46,D
18.14577,95.87481,330.19,0.46,0.63,2026-04-09,733,N21,VIIRS,l,2.0NRT,303.23,2.05,D
18.16135,75.54301,337.73,0.37,0.58,2026-04-09,733,N21,VIIRS,l,2.0NRT,309.89,3.3,D
18.16412,82.22855,336.15,0.44,0.39,2026-04-09,733,N21,VIIRS,l,2.0NRT,303.87,4.79,D
18.16716,77.66731,338.24,0.54,0.51,2026-04-09,733,N21,VIIRS,l,2.0NRT,311.89,8.13,D
18.16864,95.56394,367,0.43,0.62,2026-04-09,733,N21,VIIRS,h,2.0NRT,305.91,8.32,D
18.17998,95.06593,367,0.4,0.6,2026-04-09,733,N21,VIIRS,h,2.0NRT,304.08,9.88,D
18.18359,79.9707,334.14,0.39,0.44,2026-04-09,733,N21,VIIRS,n,2.0NRT,299.73,3.73,D
18.18988,81.01345,333.5,0.51,0.41,2026-04-09,733,N21,VIIRS,l,2.0NRT,303.86,3.53,D
18.19101,79.89887,341.06,0.39,0.44,2026-04-09,733,N21,VIIRS,n,2.0NRT,301.91,6.02,D
18.19157,77.40898,341.07,0.56,0.51,2026-04-09,733,N21,VIIRS,l,2.0NRT,314.29,9.9,D
18.2074,97.3997,346.36,0.58,0.69,2026-04-09,733,N21,VIIRS,n,2.0NRT,297.15,9.96,D
18.21012,97.40102,331.38,0.58,0.7,2026-04-09,733,N21,VIIRS,n,2.0NRT,296.49,9.21,D
18.21346,80.20214,333.74,0.56,0.43,2026-04-09,733,N21,VIIRS,n,2.0NRT,303.34,4.58,D
18.21517,95.34781,336.55,0.42,0.61,2026-04-09,733,N21,VIIRS,n,2.0NRT,304.18,4.44,D
18.21697,82.27895,334.36,0.44,0.38,2026-04-09,733,N21,VIIRS,l,2.0NRT,304.55,4.39,D
18.21789,95.88705,332.63,0.46,0.63,2026-04-09,733,N21,VIIRS,n,2.0NRT,299.99,4.2,D
18.22001,96.88407,349.42,0.53,0.67,2026-04-09,733,N21,VIIRS,n,2.0NRT,300.58,10,D
18.22536,96.68037,344.26,0.52,0.67,2026-04-09,733,N21,VIIRS,n,2.0NRT,302.74,3.99,D
18.22902,82.32842,336.7,0.44,0.38,2026-04-09,733,N21,VIIRS,l,2.0NRT,306.02,5.24,D
18.22969,82.3324,335.74,0.44,0.38,2026-04-09,733,N21,VIIRS,l,2.0NRT,303.62,5.24,D
18.22978,97.19255,338.91,0.56,0.69,2026-04-09,733,N21,VIIRS,n,2.0NRT,299.02,45.34,D
18.23014,97.19648,367,0.56,0.69,2026-04-09,733,N21,VIIRS,h,2.0NRT,301.07,45.34,D
18.23099,96.67487,341.08,0.52,0.67,2026-04-09,733,N21,VIIRS,n,2.0NRT,303.36,4.66,D
18.23146,96.67972,349.81,0.52,0.67,2026-04-09,733,N21,VIIRS,n,2.0NRT,306.35,7.3,D
18.23166,82.25948,336.65,0.44,0.38,2026-04-09,733,N21,VIIRS,n,2.0NRT,303.29,2.5,D
18.23193,96.68459,336.22,0.52,0.67,2026-04-09,733,N21,VIIRS,n,2.0NRT,303.61,7.3,D
18.23401,95.87221,335.56,0.46,0.63,2026-04-09,733,N21,VIIRS,n,2.0NRT,300.58,9.21,D
18.23528,83.19373,339.67,0.41,0.37,2026-04-09,733,N21,VIIRS,n,2.0NRT,303.78,6.97,D
18.2372,82.27094,334.92,0.44,0.38,2026-04-09,733,N21,VIIRS,n,2.0NRT,304.74,3.65,D
18.23787,82.2749,343.07,0.44,0.38,2026-04-09,733,N21,VIIRS,n,2.0NRT,305.53,6.94,D
18.23802,96.68392,340.23,0.52,0.67,2026-04-09,733,N21,VIIRS,n,2.0NRT,305.34,7.3,D
18.23897,96.68343,330.68,0.52,0.67,2026-04-09,733,N21,VIIRS,l,2.0NRT,304.53,5.53,D
18.23941,82.26267,332.2,0.44,0.38,2026-04-09,733,N21,VIIRS,n,2.0NRT,303.27,3.08,D
18.2398,95.87148,367,0.46,0.63,2026-04-09,733,N21,VIIRS,h,2.0NRT,299.36,9.21,D
18.24007,82.26658,367,0.44,0.38,2026-04-09,733,N21,VIIRS,h,2.0NRT,303.74,6.76,D
18.24072,82.27047,338.09,0.44,0.38,2026-04-09,733,N21,VIIRS,n,2.0NRT,303.03,6.76,D
18.24139,82.27443,333.61,0.44,0.38,2026-04-09,733,N21,VIIRS,n,2.0NRT,300.96,2.22,D
18.24141,82.23202,332.43,0.44,0.39,2026-04-09,733,N21,VIIRS,l,2.0NRT,302.45,1.39,D
18.24376,80.03609,332.8,0.57,0.43,2026-04-09,733,N21,VIIRS,l,2.0NRT,303.69,5.87,D
18.24378,80.03348,338.47,0.57,0.43,2026-04-09,733,N21,VIIRS,n,2.0NRT,304.46,5.01,D
18.2441,78.62806,347.94,0.46,0.47,2026-04-09,733,N21,VIIRS,n,2.0NRT,308.56,6.55,D
18.2442,82.31217,336.59,0.44,0.38,2026-04-09,733,N21,VIIRS,n,2.0NRT,306.18,6.65,D
18.24699,82.32866,340.46,0.44,0.38,2026-04-09,733,N21,VIIRS,n,2.0NRT,305.46,15.52,D
18.24868,94.51822,367,0.37,0.58,2026-04-09,733,N21,VIIRS,h,2.0NRT,303.13,31.21,D
18.2493,94.51594,344.89,0.37,0.58,2026-04-09,733,N21,VIIRS,n,2.0NRT,302.1,20.48,D
18.24967,94.51929,367,0.37,0.58,2026-04-09,733,N21,VIIRS,h,2.0NRT,300.57,20.48,D
18.25019,97.51054,336.64,0.59,0.7,2026-04-09,733,N21,VIIRS,n,2.0NRT,297.15,9.92,D
18.25225,97.51278,335.55,0.59,0.7,2026-04-09,733,N21,VIIRS,n,2.0NRT,297.46,10.4,D
18.25365,94.51422,334.08,0.37,0.58,2026-04-09,733,N21,VIIRS,n,2.0NRT,300.28,4.86,D
18.25599,82.88706,332.69,0.42,0.38,2026-04-09,733,N21,VIIRS,l,2.0NRT,304.24,4.54,D
18.26756,96.93157,367,0.54,0.68,2026-04-09,733,N21,VIIRS,h,2.0NRT,302.78,37.09,D
18.26825,96.93153,367,0.54,0.68,2026-04-09,733,N21,VIIRS,h,2.0NRT,302.2,28.26,D
18.26857,94.50251,338.41,0.37,0.58,2026-04-09,733,N21,VIIRS,n,2.0NRT,301.63,3.84,D
18.269,96.94749,367,0.54,0.68,2026-04-09,733,N21,VIIRS,h,2.0NRT,299.79,16.26,D
18.26937,96.94313,346.43,0.54,0.68,2026-04-09,733,N21,VIIRS,n,2.0NRT,299.11,25.77,D
18.26978,96.94739,367,0.54,0.68,2026-04-09,733,N21,VIIRS,h,2.0NRT,300.84,25.77,D
18.27154,82.17526,330.18,0.44,0.39,2026-04-09,733,N21,VIIRS,l,2.0NRT,302.8,3.13,D
18.2748,96.94241,332.84,0.54,0.68,2026-04-09,733,N21,VIIRS,n,2.0NRT,298.41,14.57,D
18.2752,96.94686,367,0.54,0.68,2026-04-09,733,N21,VIIRS,h,2.0NRT,299.34,20.19,D
18.27664,77.91644,345.15,0.51,0.5,2026-04-09,733,N21,VIIRS,n,2.0NRT,308.34,8.85,D
18.28256,96.68852,336.97,0.52,0.67,2026-04-09,733,N21,VIIRS,n,2.0NRT,303.91,12.99,D
18.28324,96.43711,367,0.5,0.66,2026-04-09,733,N21,VIIRS,h,2.0NRT,303.66,31.5,D
18.28441,97.80165,339.06,0.62,0.71,2026-04-09,733,N21,VIIRS,n,2.0NRT,300.06,6.26,D
18.28663,97.67913,335.78,0.6,0.71,2026-04-09,733,N21,VIIRS,n,2.0NRT,301.82,5.74,D
18.28674,95.06963,336.76,0.4,0.6,2026-04-09,733,N21,VIIRS,n,2.0NRT,301.61,4.6,D
18.28866,96.68785,337.89,0.52,0.67,2026-04-09,733,N21,VIIRS,n,2.0NRT,301.88,11.24,D
18.28912,96.6927,367,0.52,0.67,2026-04-09,733,N21,VIIRS,h,2.0NRT,304.79,11.24,D
18.28957,96.69759,338.81,0.52,0.67,2026-04-09,733,N21,VIIRS,n,2.0NRT,302.91,13.53,D
18.29303,97.67762,332.17,0.6,0.71,2026-04-09,733,N21,VIIRS,n,2.0NRT,300.95,5.74,D
18.29327,95.9974,340.04,0.47,0.64,2026-04-09,733,N21,VIIRS,n,2.0NRT,299.89,5.15,D
18.29354,95.99609,338.55,0.47,0.64,2026-04-09,733,N21,VIIRS,n,2.0NRT,299.31,4.22,D
18.29522,96.69204,353.03,0.52,0.67,2026-04-09,733,N21,VIIRS,n,2.0NRT,302.96,11.24,D
18.299,80.9023,344.22,0.51,0.41,2026-04-09,733,N21,VIIRS,n,2.0NRT,301.8,9.28,D
18.29972,97.75207,338.75,0.61,0.71,2026-04-09,733,N21,VIIRS,n,2.0NRT,300.16,8.19,D
18.30062,80.90346,342.26,0.51,0.41,2026-04-09,733,N21,VIIRS,n,2.0NRT,301.47,5.81,D
18.31391,96.75931,346.63,0.52,0.67,2026-04-09,733,N21,VIIRS,n,2.0NRT,301.45,6.44,D
18.31518,80.07154,335.79,0.57,0.43,2026-04-09,733,N21,VIIRS,n,2.0NRT,305.12,5.12,D
18.31877,80.29068,344.84,0.55,0.43,2026-04-09,733,N21,VIIRS,n,2.0NRT,304.54,5.47,D
18.3191,80.07079,346.13,0.57,0.43,2026-04-09,733,N21,VIIRS,n,2.0NRT,306.75,5.12,D
18.31988,95.84631,337.31,0.46,0.63,2026-04-09,733,N21,VIIRS,n,2.0NRT,300.05,5.95,D
18.32151,97.15631,341.75,0.56,0.69,2026-04-09,733,N21,VIIRS,n,2.0NRT,300.35,76.42,D
18.32153,97.70332,331.17,0.61,0.71,2026-04-09,733,N21,VIIRS,l,2.0NRT,301.71,6.46,D
18.32197,97.16101,367,0.56,0.69,2026-04-09,733,N21,VIIRS,h,2.0NRT,307.84,125.42,D
18.32262,80.28992,330.19,0.55,0.43,2026-04-09,733,N21,VIIRS,l,2.0NRT,302.16,8.31,D
18.32301,80.07005,347.74,0.57,0.43,2026-04-09,733,N21,VIIRS,n,2.0NRT,307.45,18.28,D
18.32398,80.07539,336.1,0.57,0.43,2026-04-09,733,N21,VIIRS,n,2.0NRT,304.52,10.31,D
18.32556,80.28408,343.71,0.55,0.43,2026-04-09,733,N21,VIIRS,n,2.0NRT,302.71,8.31,D
18.32791,78.09483,335.99,0.5,0.49,2026-04-09,733,N21,VIIRS,l,2.0NRT,307.69,7.03,D
18.32861,78.09248,338.05,0.5,0.49,2026-04-09,733,N21,VIIRS,l,2.0NRT,309.12,6.56,D
18.32943,80.28334,338.07,0.55,0.43,2026-04-09,733,N21,VIIRS,n,2.0NRT,303.67,11.46,D
18.3359,80.90667,346.22,0.51,0.41,2026-04-09,733,N21,VIIRS,n,2.0NRT,299.36,6.75,D
18.337,80.01257,337.18,0.57,0.43,2026-04-09,733,N21,VIIRS,n,2.0NRT,306.82,10.16,D
18.34794,96.85593,340.12,0.53,0.67,2026-04-09,733,N21,VIIRS,n,2.0NRT,298.52,7.9,D
18.35737,97.52883,330,0.59,0.7,2026-04-09,733,N21,VIIRS,n,2.0NRT,297.37,6.02,D
18.35905,97.5295,330.55,0.59,0.7,2026-04-09,733,N21,VIIRS,n,2.0NRT,297.48,5.99,D
18.36503,82.25279,345,0.44,0.38,2026-04-09,733,N21,VIIRS,n,2.0NRT,306.37,8.4,D
18.36736,97.92732,335.55,0.63,0.72,2026-04-09,733,N21,VIIRS,n,2.0NRT,302.97,7.12,D
18.36758,82.37421,332.34,0.44,0.38,2026-04-09,733,N21,VIIRS,l,2.0NRT,305.38,3.46,D
18.36829,97.92619,335.39,0.63,0.72,2026-04-09,733,N21,VIIRS,n,2.0NRT,303.1,6.87,D
18.37352,97.19415,332.57,0.56,0.69,2026-04-09,733,N21,VIIRS,n,2.0NRT,307.35,4.85,D
18.37695,97.58453,367,0.6,0.7,2026-04-09,733,N21,VIIRS,h,2.0NRT,298.78,12.46,D
18.37772,95.83901,349.69,0.46,0.63,2026-04-09,733,N21,VIIRS,n,2.0NRT,300.98,9.51,D
18.37851,95.83916,352.32,0.46,0.63,2026-04-09,733,N21,VIIRS,n,2.0NRT,301.24,7.6,D
18.38489,78.48745,332.72,0.47,0.48,2026-04-09,733,N21,VIIRS,l,2.0NRT,306.63,4.22,D
18.39731,95.85861,367,0.46,0.63,2026-04-09,733,N21,VIIRS,h,2.0NRT,303.75,14.82,D
18.39776,95.86292,331.28,0.46,0.63,2026-04-09,733,N21,VIIRS,n,2.0NRT,303.21,10.2,D
18.39796,95.85876,367,0.46,0.63,2026-04-09,733,N21,VIIRS,h,2.0NRT,305.29,14.5,D
18.39966,97.06876,331.03,0.55,0.68,2026-04-09,733,N21,VIIRS,l,2.0NRT,302.5,9.19,D
18.4008,82.35907,333.31,0.44,0.38,2026-04-09,733,N21,VIIRS,l,2.0NRT,301.75,4.29,D
18.40313,95.85811,367,0.46,0.63,2026-04-09,733,N21,VIIRS,h,2.0NRT,305.58,14.82,D
18.40356,95.86228,340.46,0.46,0.63,2026-04-09,733,N21,VIIRS,n,2.0NRT,304.68,10.2,D
18.40377,95.85824,350.99,0.46,0.63,2026-04-09,733,N21,VIIRS,n,2.0NRT,304.64,14.5,D
18.40396,97.06641,347.46,0.55,0.68,2026-04-09,733,N21,VIIRS,n,2.0NRT,308.08,10.04,D
18.40404,80.2457,331.98,0.55,0.43,2026-04-09,733,N21,VIIRS,n,2.0NRT,296.74,4.64,D
18.40417,95.8624,337.94,0.46,0.63,2026-04-09,733,N21,VIIRS,n,2.0NRT,304.78,17.6,D
18.40466,95.12476,350.27,0.41,0.6,2026-04-09,733,N21,VIIRS,n,2.0NRT,302.44,5.48,D
18.40549,97.06377,334.89,0.55,0.68,2026-04-09,733,N21,VIIRS,n,2.0NRT,304.16,9.19,D
18.40882,97.41236,333.24,0.58,0.7,2026-04-09,733,N21,VIIRS,n,2.0NRT,300.74,6.12,D
18.41262,97.40791,340.96,0.58,0.7,2026-04-09,733,N21,VIIRS,n,2.0NRT,301.4,13.16,D
18.41291,97.55099,367,0.59,0.7,2026-04-09,733,N21,VIIRS,h,2.0NRT,297.67,12.75,D
18.41338,97.55611,336.69,0.59,0.7,2026-04-09,733,N21,VIIRS,n,2.0NRT,292.49,12.75,D
18.41395,80.37727,334.5,0.54,0.42,2026-04-09,733,N21,VIIRS,n,2.0NRT,303.55,7.34,D
18.41648,78.053,340.59,0.5,0.49,2026-04-09,733,N21,VIIRS,l,2.0NRT,313.99,7.33,D
18.42141,97.93803,334,0.63,0.72,2026-04-09,733,N21,VIIRS,n,2.0NRT,300.46,9.2,D
18.4233,97.59332,345.1,0.6,0.7,2026-04-09,733,N21,VIIRS,n,2.0NRT,299.09,9.41,D
18.42424,97.59202,331.89,0.6,0.71,2026-04-09,733,N21,VIIRS,n,2.0NRT,298.33,11.21,D
18.42522,97.26936,340.85,0.57,0.69,2026-04-09,733,N21,VIIRS,n,2.0NRT,305.5,6.62,D
18.43012,82.34174,335.82,0.44,0.38,2026-04-09,733,N21,VIIRS,l,2.0NRT,305.21,8.49,D
18.43727,80.3184,332.77,0.55,0.42,2026-04-09,733,N21,VIIRS,n,2.0NRT,301.84,5.66,D
18.4375,78.37823,342.77,0.48,0.48,2026-04-09,733,N21,VIIRS,n,2.0NRT,310.01,21.08,D
18.44085,96.85373,367,0.53,0.67,2026-04-09,733,N21,VIIRS,h,2.0NRT,311.62,186.7,D
18.44346,97.53035,347.66,0.59,0.7,2026-04-09,733,N21,VIIRS,n,2.0NRT,299.49,18.72,D
18.44422,97.60818,349.12,0.6,0.71,2026-04-09,733,N21,VIIRS,n,2.0NRT,297.92,11.33,D
18.4444,97.52432,339.45,0.59,0.7,2026-04-09,733,N21,VIIRS,n,2.0NRT,299.37,13.12,D
18.44473,97.52816,367,0.59,0.7,2026-04-09,733,N21,VIIRS,h,2.0NRT,300.69,13.12,D
18.44502,97.60645,341.78,0.6,0.71,2026-04-09,733,N21,VIIRS,n,2.0NRT,297.52,14.05,D
18.44548,95.08683,333.25,0.41,0.6,2026-04-09,733,N21,VIIRS,n,2.0NRT,302.74,2.5,D
18.44715,96.85451,367,0.53,0.67,2026-04-09,733,N21,VIIRS,h,2.0NRT,310.05,135.3,D
18.44948,97.52537,352.75,0.59,0.7,2026-04-09,733,N21,VIIRS,n,2.0NRT,300.05,21.23,D
18.45166,96.36382,331.62,0.5,0.65,2026-04-09,733,N21,VIIRS,n,2.0NRT,298.6,4.88,D
18.45648,80.31454,339.08,0.55,0.42,2026-04-09,733,N21,VIIRS,n,2.0NRT,300.79,6.88,D
18.46163,95.79153,344.39,0.45,0.63,2026-04-09,733,N21,VIIRS,n,2.0NRT,304.92,4.32,D
18.46178,80.14367,336.76,0.56,0.43,2026-04-09,733,N21,VIIRS,n,2.0NRT,306.29,9.85,D
18.46434,96.18008,367,0.48,0.65,2026-04-09,733,N21,VIIRS,h,2.0NRT,308.27,83.7,D
18.47027,96.17945,355.15,0.48,0.65,2026-04-09,733,N21,VIIRS,n,2.0NRT,299.07,83.7,D
18.47215,94.46338,367,0.37,0.58,2026-04-09,733,N21,VIIRS,h,2.0NRT,304.05,21.76,D
18.48677,79.72229,335.53,0.39,0.44,2026-04-09,733,N21,VIIRS,l,2.0NRT,305.91,3.1,D
18.49149,79.95012,339.98,0.57,0.43,2026-04-09,733,N21,VIIRS,n,2.0NRT,304.36,8.95,D
18.49246,79.95542,337.2,0.57,0.43,2026-04-09,733,N21,VIIRS,n,2.0NRT,303.63,8.95,D
18.49307,94.45781,344.39,0.37,0.58,2026-04-09,733,N21,VIIRS,n,2.0NRT,300.96,18.14,D
18.49344,94.46141,367,0.37,0.58,2026-04-09,733,N21,VIIRS,h,2.0NRT,307.13,18.14,D
18.49379,94.46469,332.64,0.37,0.58,2026-04-09,733,N21,VIIRS,n,2.0NRT,300.91,15.16,D
18.50084,97.25602,338.68,0.57,0.69,2026-04-09,733,N21,VIIRS,n,2.0NRT,301.88,5.31,D
18.50353,97.2526,335.01,0.57,0.69,2026-04-09,733,N21,VIIRS,n,2.0NRT,301.85,6.93,D
18.50855,80.13177,335.42,0.56,0.43,2026-04-09,733,N21,VIIRS,l,2.0NRT,307.08,4.26,D
18.5095,80.13693,334.86,0.56,0.43,2026-04-09,733,N21,VIIRS,n,2.0NRT,304.21,4.26,D
18.50981,79.87167,334.88,0.39,0.44,2026-04-09,733,N21,VIIRS,n,2.0NRT,303.66,2.43,D
18.51045,78.52714,334.95,0.47,0.47,2026-04-09,733,N21,VIIRS,l,2.0NRT,309.41,3.16,D
18.51362,97.86683,349.71,0.63,0.72,2026-04-09,733,N21,VIIRS,n,2.0NRT,302.99,22.19,D
18.51407,94.35197,338.3,0.36,0.58,2026-04-09,733,N21,VIIRS,n,2.0NRT,302.97,4.98,D
18.51442,94.35532,345.54,0.36,0.58,2026-04-09,733,N21,VIIRS,n,2.0NRT,301.81,4.98,D
18.51578,80.01647,334.72,0.57,0.43,2026-04-09,733,N21,VIIRS,n,2.0NRT,303.08,5.51,D
18.52197,94.42628,334.17,0.37,0.58,2026-04-09,733,N21,VIIRS,n,2.0NRT,300.69,2.83,D
18.52417,80.10704,331.21,0.56,0.43,2026-04-09,733,N21,VIIRS,l,2.0NRT,303.58,2.88,D
18.52618,97.18141,343.58,0.56,0.69,2026-04-09,733,N21,VIIRS,n,2.0NRT,302.37,10.01,D
18.52653,79.5911,337.96,0.4,0.44,2026-04-09,733,N21,VIIRS,n,2.0NRT,305.08,4.74,D
18.52695,79.85339,367,0.39,0.44,2026-04-09,733,N21,VIIRS,h,2.0NRT,309.54,14.97,D
18.52738,97.05322,335.83,0.55,0.68,2026-04-09,733,N21,VIIRS,n,2.0NRT,301.14,7.15,D
18.52759,79.85696,340.86,0.39,0.44,2026-04-09,733,N21,VIIRS,n,2.0NRT,305.04,2.89,D
18.52875,96.18578,355.81,0.48,0.65,2026-04-09,733,N21,VIIRS,n,2.0NRT,299.39,23.97,D
18.53047,78.17319,333.7,0.49,0.49,2026-04-09,733,N21,VIIRS,l,2.0NRT,308.5,2.11,D
18.53086,96.18644,367,0.48,0.65,2026-04-09,733,N21,VIIRS,h,2.0NRT,300.18,32.65,D
18.53786,94.42432,333.72,0.37,0.58,2026-04-09,733,N21,VIIRS,n,2.0NRT,300.6,4.46,D
18.53823,94.42776,334.98,0.37,0.58,2026-04-09,733,N21,VIIRS,n,2.0NRT,302.34,4.46,D
18.54154,94.93011,347.3,0.4,0.6,2026-04-09,733,N21,VIIRS,n,2.0NRT,298.88,6.67,D
18.54617,95.81107,367,0.46,0.63,2026-04-09,733,N21,VIIRS,h,2.0NRT,304.45,37.11,D
18.54652,94.30677,339.44,0.36,0.57,2026-04-09,733,N21,VIIRS,n,2.0NRT,302.69,2.65,D
18.55491,97.14749,330.65,0.56,0.69,2026-04-09,733,N21,VIIRS,n,2.0NRT,298.19,3.16,D
18.55573,95.84855,367,0.46,0.63,2026-04-09,733,N21,VIIRS,h,2.0NRT,301.49,10.92,D
18.5576,78.33945,340.57,0.48,0.48,2026-04-09,733,N21,VIIRS,n,2.0NRT,307.64,5.27,D
18.55838,78.20029,349.08,0.49,0.48,2026-04-09,733,N21,VIIRS,n,2.0NRT,307.14,8.38,D
18.55862,78.20113,345.39,0.49,0.48,2026-04-09,733,N21,VIIRS,n,2.0NRT,308.46,9.42,D
18.56173,97.89574,331.62,0.63,0.72,2026-04-09,733,N21,VIIRS,l,2.0NRT,304.09,6.06,D
18.56274,78.19933,343.22,0.49,0.48,2026-04-09,733,N21,VIIRS,n,2.0NRT,307.71,8.38,D
18.56298,78.20016,346.05,0.49,0.48,2026-04-09,733,N21,VIIRS,n,2.0NRT,308.35,9.42,D
18.56371,78.15745,336.79,0.49,0.49,2026-04-09,733,N21,VIIRS,l,2.0NRT,307.36,7.36,D
18.56467,78.16124,338.94,0.49,0.49,2026-04-09,733,N21,VIIRS,n,2.0NRT,307.3,7.45,D
18.56738,79.06516,331.37,0.43,0.46,2026-04-09,733,N21,VIIRS,l,2.0NRT,305.89,2.49,D
18.56956,96.83743,333.25,0.53,0.67,2026-04-09,733,N21,VIIRS,n,2.0NRT,299.9,4.43,D
18.57006,96.83742,331.45,0.53,0.67,2026-04-09,733,N21,VIIRS,n,2.0NRT,300.1,5.88,D
18.57472,96.22768,352.5,0.49,0.65,2026-04-09,733,N21,VIIRS,n,2.0NRT,313.4,165.7,D
18.57516,96.23228,367,0.49,0.65,2026-04-09,733,N21,VIIRS,h,2.0NRT,302.8,82.57,D
18.57758,78.32597,341.87,0.48,0.48,2026-04-09,733,N21,VIIRS,n,2.0NRT,307.83,12.37,D
18.58234,78.61034,333.3,0.46,0.47,2026-04-09,733,N21,VIIRS,l,2.0NRT,306.68,6.81,D
18.58413,97.91363,335.75,0.63,0.72,2026-04-09,733,N21,VIIRS,n,2.0NRT,300.66,6.58,D
18.5842,96.26395,350.67,0.49,0.65,2026-04-09,733,N21,VIIRS,n,2.0NRT,301.94,40.6,D
18.58486,96.20817,367,0.49,0.65,2026-04-09,733,N21,VIIRS,h,2.0NRT,302.51,39.55,D
18.58935,78.67037,341.37,0.45,0.47,2026-04-09,733,N21,VIIRS,n,2.0NRT,305.94,4.81,D
18.59015,96.26318,343.74,0.49,0.65,2026-04-09,733,N21,VIIRS,n,2.0NRT,299.68,72.8,D
18.59057,96.26759,355.28,0.49,0.65,2026-04-09,733,N21,VIIRS,n,2.0NRT,312.6,109.69,D
18.59099,96.27189,367,0.49,0.65,2026-04-09,733,N21,VIIRS,h,2.0NRT,303.33,109.69,D
18.59447,80.82729,336.62,0.51,0.41,2026-04-09,733,N21,VIIRS,n,2.0NRT,306.51,3.38,D
18.59706,78.66457,332.22,0.46,0.47,2026-04-09,733,N21,VIIRS,l,2.0NRT,307.05,5.08,D
18.6069,95.76665,331.99,0.45,0.63,2026-04-09,733,N21,VIIRS,l,2.0NRT,304.09,6.28,D
18.61526,96.27351,344.11,0.49,0.65,2026-04-09,733,N21,VIIRS,n,2.0NRT,307,49.11,D
18.61591,96.34232,343.75,0.5,0.65,2026-04-09,733,N21,VIIRS,n,2.0NRT,299.68,9.63,D
18.62123,96.27283,331.66,0.49,0.65,2026-04-09,733,N21,VIIRS,n,2.0NRT,299.82,49.11,D
18.62297,82.44541,336.05,0.43,0.38,2026-04-09,733,N21,VIIRS,l,2.0NRT,303.95,21.31,D
18.62731,96.17239,336.95,0.48,0.65,2026-04-09,733,N21,VIIRS,n,2.0NRT,298.32,5.17,D
18.62922,96.17094,335.48,0.48,0.65,2026-04-09,733,N21,VIIRS,n,2.0NRT,298.19,5.25,D
18.63,96.81618,367,0.53,0.67,2026-04-09,733,N21,VIIRS,h,2.0NRT,301.42,28.52,D
18.64108,96.32198,350.45,0.49,0.65,2026-04-09,733,N21,VIIRS,n,2.0NRT,298.13,32.85,D
18.64149,96.32648,367,0.5,0.65,2026-04-09,733,N21,VIIRS,h,2.0NRT,300.22,23.93,D
18.64445,96.32462,367,0.49,0.65,2026-04-09,733,N21,VIIRS,h,2.0NRT,302.6,28.85,D
18.64684,94.29561,330.17,0.36,0.58,2026-04-09,733,N21,VIIRS,n,2.0NRT,299.29,7.83,D
18.64746,96.32565,367,0.5,0.65,2026-04-09,733,N21,VIIRS,h,2.0NRT,300.34,23.93,D
18.64855,83.87876,332.48,0.39,0.36,2026-04-09,733,N21,VIIRS,n,2.0NRT,302.84,2.15,D
18.64983,94.27551,336.58,0.36,0.57,2026-04-09,733,N21,VIIRS,n,2.0NRT,301.28,2.46,D
18.65018,94.27614,337.89,0.36,0.57,2026-04-09,733,N21,VIIRS,n,2.0NRT,301.67,3.61,D
18.65045,96.32407,367,0.49,0.65,2026-04-09,733,N21,VIIRS,h,2.0NRT,299.81,28.85,D
18.65098,82.50699,333.64,0.43,0.38,2026-04-09,733,N21,VIIRS,l,2.0NRT,303.83,11.74,D
18.65142,94.28824,330.25,0.36,0.57,2026-04-09,733,N21,VIIRS,l,2.0NRT,300.91,6.79,D
18.6515,94.29084,345.13,0.36,0.57,2026-04-09,733,N21,VIIRS,n,2.0NRT,302.01,10.76,D
18.65174,94.29147,343.94,0.36,0.57,2026-04-09,733,N21,VIIRS,n,2.0NRT,301.92,7.83,D
18.65186,94.2941,367,0.36,0.57,2026-04-09,733,N21,VIIRS,h,2.0NRT,304,10.76,D
18.65208,94.29475,367,0.36,0.58,2026-04-09,733,N21,VIIRS,h,2.0NRT,304.6,7.83,D
18.65223,94.29751,343.07,0.36,0.57,2026-04-09,733,N21,VIIRS,n,2.0NRT,299.74,9.85,D
18.65347,83.86684,339.93,0.39,0.36,2026-04-09,733,N21,VIIRS,n,2.0NRT,301.4,3.08,D
18.65794,78.24538,337.74,0.48,0.48,2026-04-09,733,N21,VIIRS,l,2.0NRT,307.94,5.96,D
18.66062,82.50094,334.85,0.43,0.38,2026-04-09,733,N21,VIIRS,n,2.0NRT,302.02,6.34,D
18.66144,78.82045,339.1,0.44,0.46,2026-04-09,733,N21,VIIRS,n,2.0NRT,307.5,6.65,D
18.66823,83.08617,346.07,0.41,0.37,2026-04-09,733,N21,VIIRS,n,2.0NRT,299,5.6,D
18.66861,97.99904,334.36,0.64,0.72,2026-04-09,733,N21,VIIRS,n,2.0NRT,297.64,13.06,D
18.66969,83.08572,347.84,0.41,0.37,2026-04-09,733,N21,VIIRS,n,2.0NRT,301.25,9.38,D
18.67481,95.57198,339.09,0.44,0.62,2026-04-09,733,N21,VIIRS,n,2.0NRT,303.13,7.41,D
18.67551,94.56258,337.52,0.38,0.59,2026-04-09,733,N21,VIIRS,n,2.0NRT,298.03,4.37,D
18.67594,94.56658,331.6,0.38,0.59,2026-04-09,733,N21,VIIRS,n,2.0NRT,297.72,4.37,D
18.67647,83.08467,348.99,0.41,0.37,2026-04-09,733,N21,VIIRS,n,2.0NRT,303.71,7.58,D
18.67673,80.45415,332.13,0.53,0.42,2026-04-09,733,N21,VIIRS,l,2.0NRT,305.63,3.62,D
18.67696,95.5721,342.81,0.44,0.62,2026-04-09,733,N21,VIIRS,n,2.0NRT,303.3,6.26,D
18.67783,94.28617,348.47,0.36,0.57,2026-04-09,733,N21,VIIRS,n,2.0NRT,299.6,4.29,D
18.67911,94.5625,367,0.38,0.59,2026-04-09,733,N21,VIIRS,h,2.0NRT,298.85,8.88,D
18.67987,83.08419,335.08,0.41,0.37,2026-04-09,733,N21,VIIRS,l,2.0NRT,299.93,7.58,D
18.69189,79.44215,339.03,0.41,0.45,2026-04-09,733,N21,VIIRS,n,2.0NRT,304.23,3.24,D
18.69241,79.44148,330.7,0.41,0.45,2026-04-09,733,N21,VIIRS,l,2.0NRT,303.19,3.35,D
18.69506,93.67864,339.2,0.33,0.55,2026-04-09,733,N21,VIIRS,n,2.0NRT,299.45,4.76,D
18.69602,93.6796,344.6,0.33,0.55,2026-04-09,733,N21,VIIRS,n,2.0NRT,299.24,2.98,D
18.69657,97.70255,338.1,0.61,0.71,2026-04-09,733,N21,VIIRS,n,2.0NRT,297.88,5.95,D
18.70383,83.69155,339.14,0.4,0.37,2026-04-09,733,N21,VIIRS,n,2.0NRT,302.06,4.24,D
18.70564,79.94691,331.55,0.57,0.43,2026-04-09,733,N21,VIIRS,l,2.0NRT,302.73,7.32,D
18.7099,94.33797,347.37,0.36,0.58,2026-04-09,733,N21,VIIRS,n,2.0NRT,303.2,7.05,D
18.71095,94.29716,337.05,0.36,0.58,2026-04-09,733,N21,VIIRS,n,2.0NRT,301.93,1.83,D
18.71511,83.76193,345.74,0.39,0.36,2026-04-09,733,N21,VIIRS,l,2.0NRT,303.86,12.68,D
18.71895,80.31517,339.62,0.54,0.42,2026-04-09,733,N21,VIIRS,n,2.0NRT,306.08,5.52,D
18.72889,78.01988,334,0.5,0.49,2026-04-09,733,N21,VIIRS,l,2.0NRT,306,4.69,D
18.72992,94.52965,331.68,0.38,0.58,2026-04-09,733,N21,VIIRS,n,2.0NRT,298.27,5.02,D
18.73015,79.92558,335.3,0.57,0.43,2026-04-09,733,N21,VIIRS,n,2.0NRT,302.14,3.83,D
18.73364,95.50258,340.78,0.44,0.62,2026-04-09,733,N21,VIIRS,n,2.0NRT,304.88,5.38,D
18.73544,94.53072,367,0.38,0.58,2026-04-09,733,N21,VIIRS,h,2.0NRT,299.96,44.6,D
18.73932,95.50185,346.81,0.44,0.62,2026-04-09,733,N21,VIIRS,n,2.0NRT,306.62,8.58,D
18.76676,95.71896,355.1,0.45,0.63,2026-04-09,733,N21,VIIRS,n,2.0NRT,305.18,22.45,D
18.76765,79.86563,340.33,0.57,0.43,2026-04-09,733,N21,VIIRS,n,2.0NRT,306.13,5.08,D
18.76859,79.86828,335.9,0.57,0.43,2026-04-09,733,N21,VIIRS,l,2.0NRT,306.33,4.68,D
18.77488,95.86057,347.33,0.46,0.64,2026-04-09,733,N21,VIIRS,n,2.0NRT,299.83,36.37,D
18.77528,96.30193,332.35,0.49,0.65,2026-04-09,733,N21,VIIRS,n,2.0NRT,299.81,9.56,D
18.77531,95.86504,367,0.46,0.64,2026-04-09,733,N21,VIIRS,h,2.0NRT,304.28,52.78,D
18.77573,96.30682,348.52,0.5,0.65,2026-04-09,733,N21,VIIRS,n,2.0NRT,300.11,10.07,D
18.7775,93.54472,330.5,0.32,0.55,2026-04-09,733,N21,VIIRS,l,2.0NRT,301.42,5.07,D
18.78453,96.20769,348.88,0.49,0.65,2026-04-09,733,N21,VIIRS,n,2.0NRT,297.78,32.51,D
18.78494,96.21206,355.63,0.49,0.65,2026-04-09,733,N21,VIIRS,l,2.0NRT,290.39,32.82,D
18.78733,96.30141,367,0.49,0.65,2026-04-09,733,N21,VIIRS,h,2.0NRT,300.91,15.56,D
18.79119,83.6833,338.39,0.4,0.37,2026-04-09,733,N21,VIIRS,n,2.0NRT,303.44,7.3,D
18.79869,83.70871,338.11,0.39,0.37,2026-04-09,733,N21,VIIRS,n,2.0NRT,306.07,14.98,D
18.8033,78.55247,338.09,0.46,0.47,2026-04-09,733,N21,VIIRS,n,2.0NRT,307.55,3.93,D
18.80414,80.37973,331.36,0.54,0.42,2026-04-09,733,N21,VIIRS,l,2.0NRT,302.81,4.53,D
18.80896,95.6609,345.52,0.45,0.63,2026-04-09,733,N21,VIIRS,n,2.0NRT,303.36,6.05,D
18.80978,81.74218,330.53,0.46,0.39,2026-04-09,733,N21,VIIRS,l,2.0NRT,301.95,6.43,D
18.81252,83.14289,334.58,0.41,0.37,2026-04-09,733,N21,VIIRS,l,2.0NRT,302.17,17.24,D
18.81472,95.66022,346.72,0.45,0.63,2026-04-09,733,N21,VIIRS,n,2.0NRT,302.29,4.7,D
18.82048,95.65963,340.33,0.45,0.63,2026-04-09,733,N21,VIIRS,n,2.0NRT,303.07,4.7,D
18.82426,80.91376,333.94,0.5,0.41,2026-04-09,733,N21,VIIRS,l,2.0NRT,307.14,2.07,D
18.82606,94.37956,343.8,0.37,0.58,2026-04-09,733,N21,VIIRS,n,2.0NRT,303.87,6.73,D
18.8264,94.38283,330.8,0.37,0.58,2026-04-09,733,N21,VIIRS,n,2.0NRT,300.2,6.21,D
18.82894,80.51824,331.41,0.53,0.42,2026-04-09,733,N21,VIIRS,l,2.0NRT,305.81,3.04,D
18.83411,95.00124,337.72,0.41,0.6,2026-04-09,733,N21,VIIRS,n,2.0NRT,298.38,4,D
18.8342,95.00163,331.13,0.41,0.6,2026-04-09,733,N21,VIIRS,n,2.0NRT,298.45,4.05,D
18.83977,80.95903,346.49,0.5,0.41,2026-04-09,733,N21,VIIRS,n,2.0NRT,305.48,11.4,D
18.83998,97.8393,337.9,0.63,0.72,2026-04-09,733,N21,VIIRS,n,2.0NRT,299.25,15.34,D
18.84096,79.26873,330.82,0.41,0.45,2026-04-09,733,N21,VIIRS,l,2.0NRT,304.65,7.21,D
18.85025,78.45835,339.32,0.46,0.47,2026-04-09,733,N21,VIIRS,n,2.0NRT,309.01,3.5,D
18.85093,95.73309,367,0.45,0.63,2026-04-09,733,N21,VIIRS,h,2.0NRT,300.93,12.28,D
18.85133,95.73724,331.06,0.45,0.63,2026-04-09,733,N21,VIIRS,n,2.0NRT,302.09,12.28,D
18.85461,80.74925,345.71,0.51,0.41,2026-04-09,733,N21,VIIRS,n,2.0NRT,302.73,10.01,D
18.85663,94.26418,341.86,0.36,0.58,2026-04-09,733,N21,VIIRS,n,2.0NRT,303.39,2.28,D
18.85672,94.26534,338.47,0.36,0.58,2026-04-09,733,N21,VIIRS,n,2.0NRT,302.77,2.29,D
18.85807,80.46175,336.91,0.53,0.42,2026-04-09,733,N21,VIIRS,n,2.0NRT,306,3.86,D
18.8584,79.02695,336.9,0.43,0.46,2026-04-09,733,N21,VIIRS,l,2.0NRT,308.44,9.36,D
18.86126,80.50198,335.56,0.53,0.42,2026-04-09,733,N21,VIIRS,l,2.0NRT,306.6,5.97,D
18.86867,80.06381,336.8,0.56,0.43,2026-04-09,733,N21,VIIRS,n,2.0NRT,306.62,3.07,D
18.87068,97.82098,330.26,0.63,0.72,2026-04-09,733,N21,VIIRS,n,2.0NRT,294.36,4.86,D
18.8835,79.49995,348.74,0.4,0.44,2026-04-09,733,N21,VIIRS,n,2.0NRT,306.17,5.13,D
18.88399,79.63779,336.67,0.39,0.44,2026-04-09,733,N21,VIIRS,l,2.0NRT,308.42,7.88,D
18.88615,80.59913,338.09,0.52,0.42,2026-04-09,733,N21,VIIRS,n,2.0NRT,306.54,4.5,D
18.88664,80.624,332.48,0.52,0.41,2026-04-09,733,N21,VIIRS,l,2.0NRT,304.86,4.3,D
18.88731,79.63341,344.42,0.39,0.44,2026-04-09,733,N21,VIIRS,n,2.0NRT,309.12,7.88,D
18.89194,79.63619,332.77,0.39,0.44,2026-04-09,733,N21,VIIRS,l,2.0NRT,306.56,4.28,D
18.89802,94.25197,347.93,0.36,0.58,2026-04-09,733,N21,VIIRS,n,2.0NRT,303.18,2.6,D
18.90139,80.08968,333.96,0.55,0.43,2026-04-09,733,N21,VIIRS,l,2.0NRT,307.67,5.13,D
18.90286,94.35073,348.75,0.37,0.58,2026-04-09,733,N21,VIIRS,n,2.0NRT,299.95,4.69,D
18.90318,94.35383,333.96,0.37,0.58,2026-04-09,733,N21,VIIRS,n,2.0NRT,299.73,4.69,D
18.9078,94.34664,352.96,0.37,0.58,2026-04-09,733,N21,VIIRS,n,2.0NRT,301.29,22.84,D
18.90845,94.35292,367,0.37,0.58,2026-04-09,733,N21,VIIRS,h,2.0NRT,306.74,103.51,D
18.91376,79.36556,330.7,0.41,0.45,2026-04-09,733,N21,VIIRS,l,2.0NRT,304.84,1.71,D
18.91605,93.87717,332.96,0.34,0.56,2026-04-09,733,N21,VIIRS,n,2.0NRT,298.21,2.38,D
18.91606,82.13283,337.36,0.44,0.38,2026-04-09,733,N21,VIIRS,l,2.0NRT,300.68,4.79,D
18.91777,82.65088,340.65,0.42,0.38,2026-04-09,733,N21,VIIRS,n,2.0NRT,307.9,18.71,D
18.9192,80.67728,331.52,0.51,0.41,2026-04-09,733,N21,VIIRS,l,2.0NRT,303.62,4.47,D
18.9269,83.06847,334.6,0.41,0.37,2026-04-09,733,N21,VIIRS,n,2.0NRT,301.17,2.96,D
18.93018,93.83729,342.23,0.34,0.56,2026-04-09,733,N21,VIIRS,n,2.0NRT,298.37,4.58,D
18.93238,93.83675,331.74,0.34,0.56,2026-04-09,733,N21,VIIRS,n,2.0NRT,298.36,4.64,D
18.93453,82.60337,337.59,0.42,0.38,2026-04-09,733,N21,VIIRS,l,2.0NRT,305.01,4.11,D
18.93624,93.87154,344.33,0.34,0.56,2026-04-09,733,N21,VIIRS,n,2.0NRT,297.32,3.17,D
18.93848,78.71213,334.91,0.45,0.47,2026-04-09,733,N21,VIIRS,l,2.0NRT,307.09,4.47,D
18.93892,93.87157,352.48,0.34,0.56,2026-04-09,733,N21,VIIRS,n,2.0NRT,297.81,4.96,D
18.94195,82.10715,330.72,0.44,0.38,2026-04-09,733,N21,VIIRS,l,2.0NRT,300.91,8.94,D
18.94196,79.99854,335.76,0.56,0.43,2026-04-09,733,N21,VIIRS,n,2.0NRT,305.17,4.1,D
18.94216,83.183,344.07,0.41,0.37,2026-04-09,733,N21,VIIRS,n,2.0NRT,305.5,7.38,D
18.94401,82.10657,337.09,0.44,0.38,2026-04-09,733,N21,VIIRS,l,2.0NRT,301.17,8.7,D
18.94421,80.59449,334.36,0.52,0.41,2026-04-09,733,N21,VIIRS,n,2.0NRT,303.64,9.71,D
18.94473,82.10239,331.51,0.44,0.38,2026-04-09,733,N21,VIIRS,l,2.0NRT,300.6,3.97,D
18.94853,96.12428,342.01,0.48,0.65,2026-04-09,733,N21,VIIRS,n,2.0NRT,297.93,9.24,D
18.94882,80.59857,347.64,0.52,0.41,2026-04-09,733,N21,VIIRS,n,2.0NRT,306.42,11.11,D
18.94968,80.60339,343.13,0.52,0.41,2026-04-09,733,N21,VIIRS,n,2.0NRT,307.47,11.56,D
18.952,96.12107,351.7,0.48,0.65,2026-04-09,733,N21,VIIRS,n,2.0NRT,297.56,19.51,D
18.95202,94.15963,350.09,0.36,0.57,2026-04-09,733,N21,VIIRS,n,2.0NRT,302.21,5.06,D
18.95263,94.15987,367,0.36,0.57,2026-04-09,733,N21,VIIRS,h,2.0NRT,301.99,3.68,D
18.954,96.11894,367,0.48,0.65,2026-04-09,733,N21,VIIRS,h,2.0NRT,298.01,15.49,D
18.95437,80.04458,332.38,0.56,0.43,2026-04-09,733,N21,VIIRS,l,2.0NRT,304.58,3.78,D
18.95445,96.12354,333.68,0.48,0.65,2026-04-09,733,N21,VIIRS,n,2.0NRT,296.94,8.99,D
18.95531,80.04974,338.04,0.56,0.43,2026-04-09,733,N21,VIIRS,n,2.0NRT,305.49,3.78,D
18.95617,97.05947,330.04,0.56,0.69,2026-04-09,733,N21,VIIRS,l,2.0NRT,302.07,7.33,D
18.95706,97.89981,344.31,0.64,0.72,2026-04-09,733,N21,VIIRS,n,2.0NRT,297.3,11.88,D
18.95788,80.4961,332.55,0.53,0.42,2026-04-09,733,N21,VIIRS,l,2.0NRT,304.1,7.43,D
18.96475,94.32742,330.64,0.37,0.58,2026-04-09,733,N21,VIIRS,n,2.0NRT,300.38,2.99,D
18.96625,80.28487,338.77,0.54,0.42,2026-04-09,733,N21,VIIRS,n,2.0NRT,302.1,11.86,D
18.96628,80.49941,330.92,0.52,0.42,2026-04-09,733,N21,VIIRS,l,2.0NRT,304.84,3.78,D
18.96925,79.68475,336.18,0.39,0.44,2026-04-09,733,N21,VIIRS,l,2.0NRT,307.22,3.84,D
18.96961,79.59799,331.74,0.39,0.44,2026-04-09,733,N21,VIIRS,l,2.0NRT,303.75,7.9,D
18.97298,80.4931,341.49,0.53,0.42,2026-04-09,733,N21,VIIRS,n,2.0NRT,303.39,5.55,D
18.97359,79.59721,343.51,0.39,0.44,2026-04-09,733,N21,VIIRS,n,2.0NRT,307.8,7.9,D
18.97426,79.60085,342.05,0.39,0.44,2026-04-09,733,N21,VIIRS,n,2.0NRT,306.89,14.5,D
18.98154,80.41203,336.8,0.53,0.42,2026-04-09,733,N21,VIIRS,n,2.0NRT,304.39,5.95,D
18.98185,80.40993,332.2,0.53,0.42,2026-04-09,733,N21,VIIRS,l,2.0NRT,304.52,4.31,D
18.98271,80.48299,336.12,0.53,0.42,2026-04-09,733,N21,VIIRS,n,2.0NRT,304.46,5.48,D
18.98331,78.8811,346.71,0.43,0.46,2026-04-09,733,N21,VIIRS,n,2.0NRT,308.12,9.62,D
18.98345,80.48596,331.69,0.53,0.42,2026-04-09,733,N21,VIIRS,l,2.0NRT,303.75,4.73,D
18.98366,97.75523,330.08,0.62,0.72,2026-04-09,733,N21,VIIRS,n,2.0NRT,297.31,9.36,D
18.98367,94.30901,333.7,0.37,0.58,2026-04-09,733,N21,VIIRS,n,2.0NRT,301.77,3.66,D
18.98401,94.31245,330.97,0.37,0.58,2026-04-09,733,N21,VIIRS,l,2.0NRT,302.31,3.66,D
18.98403,80.44726,332.1,0.53,0.42,2026-04-09,733,N21,VIIRS,l,2.0NRT,304.49,2.69,D
18.98405,97.75989,350.65,0.62,0.72,2026-04-09,733,N21,VIIRS,n,2.0NRT,298.87,9.36,D
18.98422,94.05575,338.49,0.35,0.57,2026-04-09,733,N21,VIIRS,n,2.0NRT,302.27,7.13,D
18.98447,94.31159,338.08,0.37,0.58,2026-04-09,733,N21,VIIRS,n,2.0NRT,302.44,8.63,D
18.98449,97.75941,354.11,0.62,0.72,2026-04-09,733,N21,VIIRS,n,2.0NRT,299.75,14.76,D
18.98533,80.41125,335.32,0.53,0.42,2026-04-09,733,N21,VIIRS,n,2.0NRT,304.45,5.37,D
18.98624,80.41628,344.39,0.53,0.42,2026-04-09,733,N21,VIIRS,n,2.0NRT,303.59,8.96,D
18.98789,93.8916,331.59,0.34,0.56,2026-04-09,733,N21,VIIRS,n,2.0NRT,296.64,1.8,D
18.98807,80.49002,334.6,0.53,0.42,2026-04-09,733,N21,VIIRS,n,2.0NRT,304.54,4.73,D
18.98912,80.41051,340.16,0.53,0.42,2026-04-09,733,N21,VIIRS,n,2.0NRT,305.35,5.37,D
18.98987,80.43622,332.24,0.53,0.42,2026-04-09,733,N21,VIIRS,l,2.0NRT,303.31,4.06,D
18.99074,80.44104,333.8,0.53,0.42,2026-04-09,733,N21,VIIRS,n,2.0NRT,302.87,4.06,D
18.99202,80.40485,336.12,0.53,0.42,2026-04-09,733,N21,VIIRS,n,2.0NRT,304.97,4.94,D
18.99493,80.39922,332.7,0.53,0.42,2026-04-09,733,N21,VIIRS,l,2.0NRT,305.76,8.56,D
18.99504,96.06919,341.8,0.48,0.65,2026-04-09,733,N21,VIIRS,n,2.0NRT,293.11,68.31,D
18.99547,96.07374,367,0.48,0.65,2026-04-09,733,N21,VIIRS,h,2.0NRT,309.74,154.18,D
18.99582,80.40414,332.1,0.53,0.42,2026-04-09,733,N21,VIIRS,l,2.0NRT,305.34,4.94,D
18.99797,80.56879,334.51,0.52,0.42,2026-04-09,733,N21,VIIRS,n,2.0NRT,303.06,3.57,D
18.99863,80.57049,338.31,0.52,0.41,2026-04-09,733,N21,VIIRS,n,2.0NRT,302.76,7.01,D
18.99962,80.40344,337.7,0.53,0.42,2026-04-09,733,N21,VIIRS,n,2.0NRT,307.13,6.46,D
19.001,80.45435,339.69,0.53,0.42,2026-04-09,733,N21,VIIRS,n,2.0NRT,303.59,5.63,D
19.00174,80.56805,339.2,0.52,0.42,2026-04-09,733,N21,VIIRS,n,2.0NRT,302.7,3.57,D
19.00239,80.56976,344.1,0.52,0.41,2026-04-09,733,N21,VIIRS,n,2.0NRT,302.54,7.01,D
19.00255,80.39787,330.73,0.53,0.42,2026-04-09,733,N21,VIIRS,l,2.0NRT,305.6,4.86,D
19.00343,80.40276,340.23,0.53,0.42,2026-04-09,733,N21,VIIRS,n,2.0NRT,305.59,6.46,D
19.00479,80.45367,342.87,0.53,0.42,2026-04-09,733,N21,VIIRS,n,2.0NRT,304.75,5.63,D
19.00547,80.39233,340.99,0.53,0.42,2026-04-09,733,N21,VIIRS,n,2.0NRT,305.17,5.34,D
19.00635,80.39717,337.16,0.53,0.42,2026-04-09,733,N21,VIIRS,n,2.0NRT,305.42,5.34,D
19.01103,80.40133,340.43,0.53,0.42,2026-04-09,733,N21,VIIRS,n,2.0NRT,306.01,8.74,D
19.01181,93.82403,337.04,0.34,0.56,2026-04-09,733,N21,VIIRS,n,2.0NRT,299.36,6.55,D
19.01216,93.82717,336.27,0.34,0.56,2026-04-09,733,N21,VIIRS,n,2.0NRT,299.05,3.66,D
19.01232,80.45201,342.33,0.53,0.42,2026-04-09,733,N21,VIIRS,n,2.0NRT,306.15,11.49,D
19.01289,80.47691,341.54,0.53,0.42,2026-04-09,733,N21,VIIRS,n,2.0NRT,305.71,6.37,D
19.01505,82.96188,337.2,0.41,0.37,2026-04-09,733,N21,VIIRS,n,2.0NRT,303.05,3.96,D
19.01579,80.47131,332.8,0.53,0.42,2026-04-09,733,N21,VIIRS,l,2.0NRT,307.14,6.37,D
19.01666,80.47614,345.47,0.53,0.42,2026-04-09,733,N21,VIIRS,n,2.0NRT,307,6.37,D
19.01677,82.93002,336.12,0.41,0.37,2026-04-09,733,N21,VIIRS,n,2.0NRT,302.96,19.42,D
19.02271,80.09042,332.12,0.55,0.43,2026-04-09,733,N21,VIIRS,l,2.0NRT,306.86,4.56,D
19.0237,80.0879,333.36,0.55,0.43,2026-04-09,733,N21,VIIRS,l,2.0NRT,307.31,2.88,D
19.04142,94.29798,334.52,0.37,0.58,2026-04-09,733,N21,VIIRS,n,2.0NRT,300.36,3.58,D
19.04145,82.95323,337.64,0.41,0.37,2026-04-09,733,N21,VIIRS,n,2.0NRT,303.62,4.32,D
19.04554,84.32285,330.13,0.39,0.36,2026-04-09,733,N21,VIIRS,l,2.0NRT,301.36,2.41,D
19.0499,95.71989,343.84,0.46,0.63,2026-04-09,733,N21,VIIRS,n,2.0NRT,298.8,5.28,D
19.05008,80.57549,332.61,0.52,0.41,2026-04-09,733,N21,VIIRS,l,2.0NRT,302.75,4.3,D
19.05383,80.57474,345.34,0.52,0.41,2026-04-09,733,N21,VIIRS,n,2.0NRT,303.52,7.58,D
19.05469,80.57959,334.48,0.52,0.41,2026-04-09,733,N21,VIIRS,n,2.0NRT,304.36,7.58,D
19.05758,80.57399,339.55,0.52,0.41,2026-04-09,733,N21,VIIRS,n,2.0NRT,303.38,7.58,D
19.06023,97.5759,331.28,0.61,0.71,2026-04-09,733,N21,VIIRS,n,2.0NRT,300.9,6.03,D
19.06046,97.57476,332.24,0.61,0.71,2026-04-09,733,N21,VIIRS,n,2.0NRT,300.98,5.46,D
19.06047,80.56841,334.18,0.52,0.41,2026-04-09,733,N21,VIIRS,l,2.0NRT,304.41,9.4,D
19.06087,97.05312,338.75,0.56,0.69,2026-04-09,733,N21,VIIRS,n,2.0NRT,302.79,14.77,D
19.0636,94.10715,337,0.36,0.57,2026-04-09,733,N21,VIIRS,n,2.0NRT,300.91,12.53,D
19.06433,94.11384,336.74,0.36,0.57,2026-04-09,733,N21,VIIRS,n,2.0NRT,300.29,7.46,D
19.06469,94.1172,351.43,0.36,0.57,2026-04-09,733,N21,VIIRS,n,2.0NRT,300.67,7.46,D
19.06473,94.21507,334.91,0.36,0.57,2026-04-09,733,N21,VIIRS,n,2.0NRT,299.38,4.15,D
19.06474,94.21582,342.39,0.36,0.57,2026-04-09,733,N21,VIIRS,n,2.0NRT,300.06,4.93,D
19.06504,94.11288,354.38,0.36,0.57,2026-04-09,733,N21,VIIRS,n,2.0NRT,300.96,11,D
19.06506,94.12055,346.49,0.36,0.57,2026-04-09,733,N21,VIIRS,n,2.0NRT,301.66,7.4,D
19.06539,94.11623,367,0.36,0.57,2026-04-09,733,N21,VIIRS,h,2.0NRT,301.23,11,D
19.06542,94.12392,367,0.36,0.57,2026-04-09,733,N21,VIIRS,h,2.0NRT,301.8,7.4,D
19.06573,94.1196,350.97,0.36,0.57,2026-04-09,733,N21,VIIRS,n,2.0NRT,301.59,9.19,D
19.06579,94.12727,340.79,0.36,0.57,2026-04-09,733,N21,VIIRS,n,2.0NRT,300.87,10.44,D
19.06607,94.12296,367,0.36,0.57,2026-04-09,733,N21,VIIRS,h,2.0NRT,302.08,9.19,D
19.06641,94.12633,350.72,0.36,0.57,2026-04-09,733,N21,VIIRS,n,2.0NRT,301.72,15.41,D
19.06757,84.22599,331.1,0.39,0.36,2026-04-09,733,N21,VIIRS,n,2.0NRT,302.19,2.42,D
19.06885,80.57184,331.23,0.52,0.41,2026-04-09,733,N21,VIIRS,n,2.0NRT,303.12,2.89,D
19.06919,94.10988,367,0.36,0.57,2026-04-09,733,N21,VIIRS,h,2.0NRT,303.15,12.53,D
19.06955,94.11323,367,0.36,0.57,2026-04-09,733,N21,VIIRS,h,2.0NRT,302.3,7.46,D
19.06992,94.11658,337.61,0.36,0.57,2026-04-09,733,N21,VIIRS,n,2.0NRT,301.81,7.46,D
19.06993,94.10889,367,0.36,0.57,2026-04-09,733,N21,VIIRS,h,2.0NRT,303.15,22.31,D
19.07027,94.11225,367,0.36,0.57,2026-04-09,733,N21,VIIRS,h,2.0NRT,302.15,11,D
19.07029,94.11994,338.97,0.36,0.57,2026-04-09,733,N21,VIIRS,n,2.0NRT,300.94,7.4,D
19.07065,94.1233,355.16,0.36,0.57,2026-04-09,733,N21,VIIRS,n,2.0NRT,300.67,7.4,D
19.07096,94.11897,352.82,0.36,0.57,2026-04-09,733,N21,VIIRS,n,2.0NRT,301.44,9.19,D
19.0713,94.12234,350.41,0.36,0.57,2026-04-09,733,N21,VIIRS,n,2.0NRT,299.56,9.19,D
19.07516,94.10827,367,0.36,0.57,2026-04-09,733,N21,VIIRS,h,2.0NRT,304.09,16.49,D
19.07527,79.99708,336.68,0.56,0.43,2026-04-09,733,N21,VIIRS,n,2.0NRT,304.72,5.32,D
19.0755,94.11163,367,0.36,0.57,2026-04-09,733,N21,VIIRS,h,2.0NRT,303.25,34.99,D
19.07619,94.11835,350.8,0.36,0.57,2026-04-09,733,N21,VIIRS,n,2.0NRT,299.98,19.59,D
19.07653,94.12171,367,0.36,0.57,2026-04-09,733,N21,VIIRS,h,2.0NRT,299.75,19.59,D
19.07682,84.32866,344.19,0.39,0.36,2026-04-09,733,N21,VIIRS,n,2.0NRT,308.68,5.49,D
19.07746,93.92697,332.74,0.35,0.56,2026-04-09,733,N21,VIIRS,n,2.0NRT,299.68,2.74,D
19.08476,84.02854,342.78,0.39,0.36,2026-04-09,733,N21,VIIRS,n,2.0NRT,300.98,14.08,D
19.08704,96.17657,367,0.49,0.65,2026-04-09,733,N21,VIIRS,h,2.0NRT,299.32,31.2,D
19.08718,94.22636,333.17,0.36,0.58,2026-04-09,733,N21,VIIRS,n,2.0NRT,300.16,4.96,D
19.08801,80.11188,334.7,0.55,0.43,2026-04-09,733,N21,VIIRS,l,2.0NRT,308.51,6.78,D
19.08876,81.15682,330.75,0.48,0.4,2026-04-09,733,N21,VIIRS,l,2.0NRT,304.53,4.28,D
19.08894,80.11698,338.51,0.55,0.43,2026-04-09,733,N21,VIIRS,l,2.0NRT,309.79,4.96,D
19.08946,84.33782,330.95,0.39,0.36,2026-04-09,733,N21,VIIRS,l,2.0NRT,304.93,2.39,D
19.09279,80.11623,335.45,0.55,0.43,2026-04-09,733,N21,VIIRS,l,2.0NRT,308.4,4.96,D
19.10016,97.89619,330.06,0.64,0.72,2026-04-09,733,N21,VIIRS,n,2.0NRT,297.15,6.75,D
19.10163,94.05769,330.62,0.35,0.57,2026-04-09,733,N21,VIIRS,l,2.0NRT,300.89,6.67,D
19.1018,97.81959,331.6,0.63,0.72,2026-04-09,733,N21,VIIRS,n,2.0NRT,298.77,5.63,D
19.10197,94.06101,334.6,0.35,0.57,2026-04-09,733,N21,VIIRS,n,2.0NRT,300.98,7.11,D
19.10263,80.4973,334.68,0.52,0.42,2026-04-09,733,N21,VIIRS,l,2.0NRT,307.46,12.7,D
19.10284,80.49979,347.71,0.52,0.42,2026-04-09,733,N21,VIIRS,n,2.0NRT,308.43,10.87,D
19.10367,94.23109,338.06,0.36,0.58,2026-04-09,733,N21,VIIRS,n,2.0NRT,300.26,3.16,D
19.10472,82.96948,334.52,0.41,0.37,2026-04-09,733,N21,VIIRS,n,2.0NRT,302.93,4.15,D
19.10727,95.4772,334.5,0.44,0.62,2026-04-09,733,N21,VIIRS,n,2.0NRT,302.81,2.55,D
19.10823,94.0704,340.79,0.35,0.57,2026-04-09,733,N21,VIIRS,n,2.0NRT,301.23,6.93,D
19.10927,95.47515,344.03,0.44,0.62,2026-04-09,733,N21,VIIRS,n,2.0NRT,303.75,3.56,D
19.10928,94.28582,339.57,0.37,0.58,2026-04-09,733,N21,VIIRS,n,2.0NRT,297.84,4.9,D
19.11176,97.85661,332.05,0.63,0.72,2026-04-09,733,N21,VIIRS,n,2.0NRT,298.31,8.92,D
19.1156,84.11681,343.01,0.39,0.36,2026-04-09,733,N21,VIIRS,n,2.0NRT,302.21,5.91,D
19.11621,84.31461,341.5,0.39,0.36,2026-04-09,733,N21,VIIRS,n,2.0NRT,307.59,10.69,D
19.11678,84.31826,335.2,0.39,0.36,2026-04-09,733,N21,VIIRS,n,2.0NRT,303.26,2.79,D
19.11732,84.12779,333.1,0.39,0.36,2026-04-09,733,N21,VIIRS,n,2.0NRT,302.86,3.53,D
19.11784,82.79557,367,0.41,0.37,2026-04-09,733,N21,VIIRS,h,2.0NRT,341.55,388.45,D
19.12006,84.31769,336.97,0.39,0.36,2026-04-09,733,N21,VIIRS,l,2.0NRT,307.51,7.57,D
19.12058,82.79099,367,0.41,0.37,2026-04-09,733,N21,VIIRS,h,2.0NRT,335.42,277.31,D
19.12123,82.79497,367,0.41,0.37,2026-04-09,733,N21,VIIRS,h,2.0NRT,340.07,277.31,D
19.12463,82.79435,335.43,0.41,0.37,2026-04-09,733,N21,VIIRS,l,2.0NRT,307.17,277.31,D
19.12477,81.14658,333.13,0.48,0.4,2026-04-09,733,N21,VIIRS,l,2.0NRT,303.93,6.32,D
19.12825,95.80106,332.85,0.46,0.64,2026-04-09,733,N21,VIIRS,n,2.0NRT,300.09,7.91,D
19.12846,95.80244,338.76,0.46,0.64,2026-04-09,733,N21,VIIRS,n,2.0NRT,300.61,7.7,D
19.13186,95.59056,333.25,0.45,0.63,2026-04-09,733,N21,VIIRS,l,2.0NRT,305.95,4.82,D
19.13261,81.23357,338.85,0.48,0.4,2026-04-09,733,N21,VIIRS,l,2.0NRT,305.58,7.15,D
19.13515,93.88022,330.18,0.34,0.56,2026-04-09,733,N21,VIIRS,n,2.0NRT,299.61,3.33,D
19.13623,93.89011,351.01,0.34,0.56,2026-04-09,733,N21,VIIRS,n,2.0NRT,299.19,6.48,D
19.13731,93.87895,336.54,0.34,0.56,2026-04-09,733,N21,VIIRS,n,2.0NRT,299.85,5.55,D
19.13762,95.59,332.33,0.45,0.63,2026-04-09,733,N21,VIIRS,l,2.0NRT,304.75,2.25,D
19.13765,93.88225,337.84,0.34,0.56,2026-04-09,733,N21,VIIRS,n,2.0NRT,299.25,5.15,D
19.13798,93.88553,330.12,0.34,0.56,2026-04-09,733,N21,VIIRS,n,2.0NRT,298.73,5.15,D
19.13832,93.88882,367,0.34,0.56,2026-04-09,733,N21,VIIRS,h,2.0NRT,299.59,12.06,D
19.14031,93.87967,339.01,0.34,0.56,2026-04-09,733,N21,VIIRS,n,2.0NRT,296.93,3.33,D
19.14066,93.88293,340.82,0.34,0.56,2026-04-09,733,N21,VIIRS,n,2.0NRT,298.62,8.84,D
19.14102,93.88619,346.63,0.34,0.56,2026-04-09,733,N21,VIIRS,n,2.0NRT,299.45,8.84,D
19.14138,93.88947,337.14,0.34,0.56,2026-04-09,733,N21,VIIRS,n,2.0NRT,298.45,6.48,D
19.14293,80.50459,336.1,0.52,0.42,2026-04-09,733,N21,VIIRS,n,2.0NRT,303.99,12.61,D
19.14314,93.88493,338.97,0.34,0.56,2026-04-09,733,N21,VIIRS,n,2.0NRT,296.57,5.15,D
19.15139,81.16978,336.31,0.48,0.4,2026-04-09,733,N21,VIIRS,n,2.0NRT,303.61,6.41,D
19.15273,97.88688,351.85,0.64,0.72,2026-04-09,733,N21,VIIRS,n,2.0NRT,299.29,19.78,D
19.15277,80.4724,334.37,0.52,0.42,2026-04-09,733,N21,VIIRS,l,2.0NRT,306.79,12.08,D
19.15364,80.4773,335.32,0.52,0.42,2026-04-09,733,N21,VIIRS,n,2.0NRT,305.2,8.94,D
19.15715,93.91979,332.68,0.35,0.56,2026-04-09,733,N21,VIIRS,n,2.0NRT,293.02,2.89,D
19.15876,82.83224,338.81,0.41,0.37,2026-04-09,733,N21,VIIRS,n,2.0NRT,303.13,6.26,D
19.16125,82.91152,355.4,0.41,0.37,2026-04-09,733,N21,VIIRS,n,2.0NRT,303.77,74.65,D
19.1634,82.83934,331.56,0.41,0.37,2026-04-09,733,N21,VIIRS,l,2.0NRT,299.5,57.02,D
19.16541,94.78781,349.06,0.4,0.6,2026-04-09,733,N21,VIIRS,n,2.0NRT,303.79,9.97,D
19.16548,97.04317,342.03,0.56,0.69,2026-04-09,733,N21,VIIRS,n,2.0NRT,301.17,13.56,D
19.16603,97.04948,330.51,0.56,0.69,2026-04-09,733,N21,VIIRS,l,2.0NRT,301.37,6.91,D
19.16786,83.71523,332.36,0.39,0.36,2026-04-09,733,N21,VIIRS,l,2.0NRT,300.09,4.69,D
19.16998,82.8583,331.6,0.41,0.37,2026-04-09,733,N21,VIIRS,l,2.0NRT,306.32,3.95,D
19.17013,94.77968,338.51,0.4,0.6,2026-04-09,733,N21,VIIRS,n,2.0NRT,304.97,8.16,D
19.17408,97.75842,332.69,0.63,0.72,2026-04-09,733,N21,VIIRS,n,2.0NRT,299.66,4.25,D
19.17591,94.30812,334.75,0.37,0.58,2026-04-09,733,N21,VIIRS,n,2.0NRT,299.35,2.84,D
19.18506,97.57689,337.26,0.61,0.71,2026-04-09,733,N21,VIIRS,n,2.0NRT,300.01,8.62,D
19.1853,97.57475,338.51,0.61,0.71,2026-04-09,733,N21,VIIRS,n,2.0NRT,300.99,7.01,D
19.18646,96.71901,331.82,0.53,0.67,2026-04-09,733,N21,VIIRS,n,2.0NRT,298.78,8.73,D
19.1868,96.7226,337.51,0.53,0.67,2026-04-09,733,N21,VIIRS,n,2.0NRT,300.24,9.6,D
19.19118,97.57209,332.02,0.61,0.71,2026-04-09,733,N21,VIIRS,n,2.0NRT,301.07,8.62,D
19.19135,97.72694,337.02,0.62,0.72,2026-04-09,733,N21,VIIRS,n,2.0NRT,298.09,9.4,D
19.19159,97.72316,338.3,0.62,0.72,2026-04-09,733,N21,VIIRS,n,2.0NRT,297.73,11.03,D
19.19185,97.57472,330.88,0.61,0.71,2026-04-09,733,N21,VIIRS,n,2.0NRT,300.67,7.01,D
19.19368,82.91042,339.33,0.41,0.37,2026-04-09,733,N21,VIIRS,n,2.0NRT,304.23,7.29,D
19.19542,95.52808,350.62,0.44,0.63,2026-04-09,733,N21,VIIRS,n,2.0NRT,302.75,8,D
19.19706,82.90978,337.22,0.41,0.37,2026-04-09,733,N21,VIIRS,n,2.0NRT,305.54,7.29,D
19.19723,95.52865,333.26,0.44,0.63,2026-04-09,733,N21,VIIRS,n,2.0NRT,301.96,7.82,D
19.20397,94.17071,338.67,0.36,0.57,2026-04-09,733,N21,VIIRS,n,2.0NRT,301.49,3.28,D
19.20544,81.11315,330.22,0.48,0.4,2026-04-09,733,N21,VIIRS,n,2.0NRT,299.83,3.49,D
19.20545,97.73732,337.05,0.63,0.72,2026-04-09,733,N21,VIIRS,n,2.0NRT,297.84,16.21,D
19.20624,97.73907,333.85,0.62,0.72,2026-04-09,733,N21,VIIRS,n,2.0NRT,297.42,6.94,D
19.20671,84.39128,336.1,0.39,0.36,2026-04-09,733,N21,VIIRS,n,2.0NRT,308.97,5.84,D
19.20758,80.5623,334.84,0.52,0.41,2026-04-09,733,N21,VIIRS,n,2.0NRT,303.78,8.12,D
19.20919,97.86321,344.6,0.64,0.72,2026-04-09,733,N21,VIIRS,n,2.0NRT,301.38,11.53,D
19.21037,97.85986,339.94,0.64,0.72,2026-04-09,733,N21,VIIRS,n,2.0NRT,301.39,10.96,D
19.21087,97.86554,338.72,0.64,0.72,2026-04-09,733,N21,VIIRS,n,2.0NRT,301.02,14.08,D
19.21097,80.5816,334.92,0.52,0.41,2026-04-09,733,N21,VIIRS,n,2.0NRT,303.74,8.44,D
19.21135,97.80863,332.82,0.63,0.72,2026-04-09,733,N21,VIIRS,n,2.0NRT,298.96,4.26,D
19.21157,94.24494,348.57,0.36,0.58,2026-04-09,733,N21,VIIRS,n,2.0NRT,300.18,6.53,D
19.21182,80.58643,336.63,0.52,0.41,2026-04-09,733,N21,VIIRS,n,2.0NRT,304.32,11.21,D
19.21256,80.28392,332.89,0.53,0.42,2026-04-09,733,N21,VIIRS,l,2.0NRT,306.85,4.21,D
19.2154,97.85774,346.65,0.64,0.72,2026-04-09,733,N21,VIIRS,n,2.0NRT,302.26,11.53,D
19.21707,97.86026,333,0.64,0.72,2026-04-09,733,N21,VIIRS,n,2.0NRT,301.8,10.96,D
19.21726,80.59538,340.57,0.51,0.41,2026-04-09,733,N21,VIIRS,n,2.0NRT,303.52,9.26,D
19.22265,84.16914,340.54,0.39,0.36,2026-04-09,733,N21,VIIRS,n,2.0NRT,301.4,4.49,D
19.23202,81.31163,332.27,0.47,0.4,2026-04-09,733,N21,VIIRS,n,2.0NRT,302.6,5.82,D
19.24113,81.05765,339.3,0.49,0.4,2026-04-09,733,N21,VIIRS,l,2.0NRT,308.93,10.49,D
19.24353,97.87533,332.11,0.64,0.72,2026-04-09,733,N21,VIIRS,n,2.0NRT,300.21,4.37,D
19.24543,80.31345,337.87,0.53,0.42,2026-04-09,733,N21,VIIRS,n,2.0NRT,307.81,7.24,D
19.2486,80.84052,344.54,0.5,0.41,2026-04-09,733,N21,VIIRS,n,2.0NRT,303.53,17.68,D
19.25233,80.83999,354.31,0.5,0.41,2026-04-09,733,N21,VIIRS,n,2.0NRT,303.68,17.68,D
19.25314,80.84466,339.41,0.5,0.41,2026-04-09,733,N21,VIIRS,n,2.0NRT,301.62,15.48,D
19.25434,80.82967,346.6,0.5,0.41,2026-04-09,733,N21,VIIRS,n,2.0NRT,302.03,6.74,D
19.25603,80.83936,339.09,0.5,0.41,2026-04-09,733,N21,VIIRS,n,2.0NRT,302.35,8.63,D
19.26136,80.53371,333.16,0.52,0.41,2026-04-09,733,N21,VIIRS,l,2.0NRT,303.88,4.99,D
19.26193,80.4934,341.4,0.52,0.42,2026-04-09,733,N21,VIIRS,n,2.0NRT,305.86,8.09,D
19.26564,80.9383,345.44,0.49,0.41,2026-04-09,733,N21,VIIRS,n,2.0NRT,301.78,9.87,D
19.26645,80.94294,344.24,0.49,0.4,2026-04-09,733,N21,VIIRS,n,2.0NRT,302.39,9.87,D
19.26687,97.60773,346.73,0.61,0.71,2026-04-09,733,N21,VIIRS,n,2.0NRT,298.59,10.02,D
19.26696,97.60826,343.05,0.61,0.71,2026-04-09,733,N21,VIIRS,n,2.0NRT,298.17,11.08,D
19.27788,84.10619,333.76,0.39,0.36,2026-04-09,733,N21,VIIRS,n,2.0NRT,303.52,6.91,D
19.28119,84.10567,332.58,0.39,0.36,2026-04-09,733,N21,VIIRS,l,2.0NRT,303.65,6.91,D
19.28256,80.88843,335.9,0.5,0.41,2026-04-09,733,N21,VIIRS,l,2.0NRT,302.87,6.22,D
19.2857,80.90073,346.36,0.5,0.41,2026-04-09,733,N21,VIIRS,n,2.0NRT,302.46,13.4,D
19.28761,83.18769,335.43,0.4,0.37,2026-04-09,733,N21,VIIRS,l,2.0NRT,305.95,8.94,D
19.28946,96.49277,331.21,0.52,0.67,2026-04-09,733,N21,VIIRS,n,2.0NRT,298.69,7.12,D
19.29032,96.49031,345,0.52,0.67,2026-04-09,733,N21,VIIRS,n,2.0NRT,299.36,8.39,D
19.29121,84.12636,335.95,0.39,0.36,2026-04-09,733,N21,VIIRS,n,2.0NRT,304.32,6.55,D
19.29482,84.08473,339.4,0.39,0.36,2026-04-09,733,N21,VIIRS,n,2.0NRT,304.93,5.29,D
19.29566,82.93901,332.55,0.41,0.37,2026-04-09,733,N21,VIIRS,l,2.0NRT,302.42,9.52,D
19.29681,84.2264,331.94,0.39,0.36,2026-04-09,733,N21,VIIRS,l,2.0NRT,305.94,2.89,D
19.29993,80.98563,351.55,0.49,0.4,2026-04-09,733,N21,VIIRS,n,2.0NRT,307.77,12.91,D
19.30009,80.98417,347.26,0.49,0.4,2026-04-09,733,N21,VIIRS,n,2.0NRT,306.58,13.38,D
19.30089,80.98882,347.63,0.49,0.4,2026-04-09,733,N21,VIIRS,n,2.0NRT,307.57,15.46,D
19.30111,80.97102,333.79,0.49,0.4,2026-04-09,733,N21,VIIRS,l,2.0NRT,306.94,7.76,D
19.30172,94.13523,335.83,0.36,0.57,2026-04-09,733,N21,VIIRS,n,2.0NRT,302.3,3.64,D
19.30194,80.97564,341.55,0.49,0.4,2026-04-09,733,N21,VIIRS,l,2.0NRT,307.58,7.76,D
19.302,81.0172,350.63,0.49,0.4,2026-04-09,733,N21,VIIRS,n,2.0NRT,304.51,8.07,D
19.30203,81.01855,354.9,0.49,0.4,2026-04-09,733,N21,VIIRS,n,2.0NRT,304.95,9.33,D
19.30276,80.98028,346.11,0.49,0.4,2026-04-09,733,N21,VIIRS,n,2.0NRT,309.44,12.91,D
19.30278,81.02177,344.1,0.49,0.4,2026-04-09,733,N21,VIIRS,n,2.0NRT,303.6,8.07,D
19.30285,81.02315,333.77,0.49,0.4,2026-04-09,733,N21,VIIRS,l,2.0NRT,302.44,9.33,D
19.30477,80.9703,339.01,0.49,0.4,2026-04-09,733,N21,VIIRS,n,2.0NRT,309.11,14,D
19.30488,81.01204,336.28,0.49,0.4,2026-04-09,733,N21,VIIRS,l,2.0NRT,301.25,7.86,D
19.30489,81.01341,331.45,0.49,0.4,2026-04-09,733,N21,VIIRS,l,2.0NRT,300.77,6.42,D
19.3056,80.97492,341.09,0.49,0.4,2026-04-09,733,N21,VIIRS,n,2.0NRT,307.98,14,D
19.30566,81.01658,335.55,0.49,0.4,2026-04-09,733,N21,VIIRS,l,2.0NRT,301.94,8.07,D
19.30856,81.0128,333.51,0.49,0.4,2026-04-09,733,N21,VIIRS,l,2.0NRT,302.93,6.42,D
19.30891,81.40327,331.4,0.47,0.4,2026-04-09,733,N21,VIIRS,l,2.0NRT,303.85,6.19,D
19.30937,81.01734,344.79,0.49,0.4,2026-04-09,733,N21,VIIRS,n,2.0NRT,304.36,13.82,D
19.31148,81.13782,330.33,0.48,0.4,2026-04-09,733,N21,VIIRS,l,2.0NRT,302.1,5.63,D
19.31196,84.02171,337.71,0.39,0.36,2026-04-09,733,N21,VIIRS,n,2.0NRT,308.57,10.02,D
19.31225,81.14225,332.89,0.48,0.4,2026-04-09,733,N21,VIIRS,l,2.0NRT,302.13,5.63,D
19.31249,81.40259,340.6,0.47,0.4,2026-04-09,733,N21,VIIRS,l,2.0NRT,304.58,6.19,D
19.31263,82.94792,341.56,0.41,0.37,2026-04-09,733,N21,VIIRS,n,2.0NRT,306.24,4.4,D
19.31326,84.05146,330.74,0.39,0.36,2026-04-09,733,N21,VIIRS,l,2.0NRT,304.26,2.37,D
19.31601,82.94734,334.73,0.41,0.37,2026-04-09,733,N21,VIIRS,n,2.0NRT,303.34,2.87,D
19.3188,94.19812,367,0.36,0.58,2026-04-09,733,N21,VIIRS,h,2.0NRT,301.15,9.53,D
19.319,82.98649,347.34,0.41,0.37,2026-04-09,733,N21,VIIRS,n,2.0NRT,303.97,8.75,D
19.31964,82.99036,354.74,0.41,0.37,2026-04-09,733,N21,VIIRS,n,2.0NRT,305.58,8.75,D
19.32237,82.98586,342.66,0.41,0.37,2026-04-09,733,N21,VIIRS,n,2.0NRT,302.41,22.44,D
19.323,82.98972,344.34,0.41,0.37,2026-04-09,733,N21,VIIRS,l,2.0NRT,312.68,22.44,D
19.32347,83.28169,331.1,0.4,0.37,2026-04-09,733,N21,VIIRS,l,2.0NRT,302.56,8.92,D
19.32481,84.96112,343.09,0.38,0.36,2026-04-09,733,N21,VIIRS,n,2.0NRT,301.33,4.3,D
19.32809,84.96056,339.6,0.38,0.36,2026-04-09,733,N21,VIIRS,n,2.0NRT,302.12,3.16,D
19.32915,93.89268,336.15,0.35,0.56,2026-04-09,733,N21,VIIRS,n,2.0NRT,297.46,5.99,D
19.33283,94.6076,337.46,0.39,0.59,2026-04-09,733,N21,VIIRS,n,2.0NRT,304.9,4.24,D
19.33469,81.13889,337.74,0.48,0.4,2026-04-09,733,N21,VIIRS,n,2.0NRT,305.68,9.95,D
19.33574,94.60658,334.61,0.39,0.59,2026-04-09,733,N21,VIIRS,l,2.0NRT,304.75,5.07,D
19.34014,84.22269,338.33,0.39,0.36,2026-04-09,733,N21,VIIRS,n,2.0NRT,304.98,3.22,D
19.345,94.04173,367,0.35,0.57,2026-04-09,733,N21,VIIRS,h,2.0NRT,304.14,20.32,D
19.34542,95.73212,331.84,0.46,0.64,2026-04-09,733,N21,VIIRS,n,2.0NRT,296.96,1.62,D
19.35694,84.00625,335.78,0.39,0.36,2026-04-09,733,N21,VIIRS,n,2.0NRT,309.17,2.21,D
19.36745,84.00455,345.06,0.39,0.36,2026-04-09,733,N21,VIIRS,n,2.0NRT,306.57,8.04,D
19.36891,93.9212,337.37,0.35,0.57,2026-04-09,733,N21,VIIRS,n,2.0NRT,300.27,7.23,D
19.37043,93.92021,338.05,0.35,0.57,2026-04-09,733,N21,VIIRS,n,2.0NRT,298.74,7.58,D
19.37511,97.02914,367,0.56,0.69,2026-04-09,733,N21,VIIRS,h,2.0NRT,301.56,13.99,D
19.37718,82.83292,332.68,0.41,0.37,2026-04-09,733,N21,VIIRS,l,2.0NRT,301.99,3.72,D
19.38271,96.76037,341.43,0.54,0.68,2026-04-09,733,N21,VIIRS,n,2.0NRT,297.67,7.7,D
19.3839,84.06565,330.19,0.39,0.36,2026-04-09,733,N21,VIIRS,l,2.0NRT,304.75,2.14,D
19.38391,81.18467,333.44,0.48,0.4,2026-04-09,733,N21,VIIRS,l,2.0NRT,304.54,5.51,D
19.38918,84.03479,332.95,0.39,0.36,2026-04-09,733,N21,VIIRS,n,2.0NRT,301.39,8.41,D
19.39523,82.90108,331.58,0.41,0.37,2026-04-09,733,N21,VIIRS,n,2.0NRT,300.04,2.77,D
19.4031,84.05865,335.68,0.39,0.36,2026-04-09,733,N21,VIIRS,l,2.0NRT,305.81,9.88,D
19.40641,96.61132,344.18,0.53,0.67,2026-04-09,733,N21,VIIRS,n,2.0NRT,300.64,35.46,D
19.40657,96.61369,348.59,0.53,0.67,2026-04-09,733,N21,VIIRS,n,2.0NRT,302.06,30.86,D
19.40681,96.61585,367,0.53,0.67,2026-04-09,733,N21,VIIRS,h,2.0NRT,305.57,46.99,D
19.40699,96.61812,354.3,0.53,0.67,2026-04-09,733,N21,VIIRS,n,2.0NRT,299.75,30.86,D
19.40788,97.94372,332.94,0.65,0.73,2026-04-09,733,N21,VIIRS,n,2.0NRT,296.98,6.64,D
19.41253,96.61026,350.22,0.53,0.67,2026-04-09,733,N21,VIIRS,n,2.0NRT,297.59,35.46,D
19.41269,96.61276,367,0.53,0.67,2026-04-09,733,N21,VIIRS,h,2.0NRT,303.07,61.78,D
19.41293,94.3427,335.13,0.37,0.58,2026-04-09,733,N21,VIIRS,n,2.0NRT,298.23,6.65,D
19.41295,96.61507,367,0.53,0.67,2026-04-09,733,N21,VIIRS,h,2.0NRT,298.93,46.99,D
19.41322,94.3456,337.51,0.37,0.58,2026-04-09,733,N21,VIIRS,n,2.0NRT,298.68,5.64,D
19.41438,94.3427,335.17,0.37,0.58,2026-04-09,733,N21,VIIRS,n,2.0NRT,298.5,6.63,D
19.4147,94.34564,335.98,0.37,0.58,2026-04-09,733,N21,VIIRS,n,2.0NRT,298.44,5.14,D
19.42018,94.65724,332.82,0.39,0.59,2026-04-09,733,N21,VIIRS,n,2.0NRT,302.69,1.48,D
19.42384,93.78128,332.17,0.34,0.56,2026-04-09,733,N21,VIIRS,n,2.0NRT,300.04,3.77,D
19.42673,84.0583,332.63,0.39,0.36,2026-04-09,733,N21,VIIRS,n,2.0NRT,300.95,3.21,D
19.42846,84.06932,333.18,0.39,0.36,2026-04-09,733,N21,VIIRS,n,2.0NRT,302.73,7.98,D
19.43002,84.05772,333.13,0.39,0.36,2026-04-09,733,N21,VIIRS,n,2.0NRT,302.62,3.21,D
19.43688,96.67525,349.88,0.53,0.67,2026-04-09,733,N21,VIIRS,n,2.0NRT,298.17,68.22,D
19.43758,96.68317,367,0.54,0.68,2026-04-09,733,N21,VIIRS,h,2.0NRT,307.86,278.06,D
19.43783,96.68134,338.25,0.53,0.67,2026-04-09,733,N21,VIIRS,n,2.0NRT,311.2,273.43,D
19.43818,96.68508,367,0.54,0.67,2026-04-09,733,N21,VIIRS,h,2.0NRT,298.69,94.41,D
19.44446,84.08509,339.77,0.39,0.36,2026-04-09,733,N21,VIIRS,n,2.0NRT,307.42,5.04,D
19.45695,83.20407,336.02,0.4,0.37,2026-04-09,733,N21,VIIRS,n,2.0NRT,304.1,3.39,D
19.45918,96.64607,334.7,0.53,0.67,2026-04-09,733,N21,VIIRS,n,2.0NRT,296.4,7.03,D
19.45929,93.82014,367,0.34,0.56,2026-04-09,733,N21,VIIRS,h,2.0NRT,297.12,3.81,D
19.46046,84.10092,336.08,0.39,0.36,2026-04-09,733,N21,VIIRS,n,2.0NRT,305.26,2.7,D
19.46185,93.82179,337.46,0.34,0.56,2026-04-09,733,N21,VIIRS,n,2.0NRT,293.37,5.4,D
19.46906,96.5498,338.62,0.52,0.67,2026-04-09,733,N21,VIIRS,n,2.0NRT,298.44,7.45,D
19.46989,94.8105,351.82,0.4,0.6,2026-04-09,733,N21,VIIRS,n,2.0NRT,302.08,7.29,D
19.48514,93.69487,330.89,0.34,0.56,2026-04-09,733,N21,VIIRS,n,2.0NRT,299.31,4.67,D
19.49367,93.67758,331.14,0.34,0.56,2026-04-09,733,N21,VIIRS,n,2.0NRT,298.44,3.78,D
19.49395,82.92284,336.15,0.41,0.37,2026-04-09,733,N21,VIIRS,n,2.0NRT,301.26,6.36,D
19.49537,93.69365,348.4,0.34,0.56,2026-04-09,733,N21,VIIRS,n,2.0NRT,297.84,11.84,D
19.4957,93.69684,367,0.34,0.56,2026-04-09,733,N21,VIIRS,h,2.0NRT,298.78,11.84,D
19.50328,82.98024,334.83,0.41,0.37,2026-04-09,733,N21,VIIRS,n,2.0NRT,303.13,5.58,D
19.50438,96.94067,336.72,0.56,0.69,2026-04-09,733,N21,VIIRS,n,2.0NRT,297.44,6.02,D
19.50812,94.229,332.54,0.37,0.58,2026-04-09,733,N21,VIIRS,n,2.0NRT,298.3,18.97,D
19.50842,94.22637,336.04,0.37,0.58,2026-04-09,733,N21,VIIRS,n,2.0NRT,298.59,2.24,D
19.50846,94.23242,343.78,0.37,0.58,2026-04-09,733,N21,VIIRS,n,2.0NRT,298.23,18.97,D
19.50879,94.23574,367,0.37,0.58,2026-04-09,733,N21,VIIRS,h,2.0NRT,304.08,75.2,D
19.50912,94.23898,354.16,0.37,0.58,2026-04-09,733,N21,VIIRS,n,2.0NRT,307.6,75.2,D
19.50985,94.23969,367,0.37,0.58,2026-04-09,733,N21,VIIRS,h,2.0NRT,306.33,163.61,D
19.51305,94.22469,332.38,0.37,0.58,2026-04-09,733,N21,VIIRS,n,2.0NRT,297.7,6.89,D
19.51374,94.23166,287.65,0.37,0.58,2026-04-09,733,N21,VIIRS,l,2.0NRT,301.9,86.7,D
19.51437,94.23793,367,0.37,0.58,2026-04-09,733,N21,VIIRS,h,2.0NRT,299.14,174.19,D
19.51639,97.00423,336.93,0.56,0.69,2026-04-09,733,N21,VIIRS,n,2.0NRT,300.08,4.18,D
19.51832,94.22388,367,0.37,0.58,2026-04-09,733,N21,VIIRS,h,2.0NRT,299.54,6.89,D
19.52033,83.36192,336.2,0.4,0.37,2026-04-09,733,N21,VIIRS,n,2.0NRT,305.06,4.27,D
19.52094,83.36568,332.23,0.4,0.37,2026-04-09,733,N21,VIIRS,l,2.0NRT,303.36,4.27,D
19.52363,83.59464,334.94,0.39,0.36,2026-04-09,733,N21,VIIRS,l,2.0NRT,303.55,5.73,D
19.52755,96.57935,367,0.53,0.67,2026-04-09,733,N21,VIIRS,h,2.0NRT,295.63,370.2,D
19.52782,96.57827,367,0.53,0.67,2026-04-09,733,N21,VIIRS,h,2.0NRT,295.94,19.94,D
19.52795,96.5836,331.33,0.53,0.67,2026-04-09,733,N21,VIIRS,n,2.0NRT,293.38,184.06,D
19.52821,96.58263,367,0.53,0.67,2026-04-09,733,N21,VIIRS,h,2.0NRT,294.91,19.94,D
19.52987,96.60391,343.06,0.53,0.67,2026-04-09,733,N21,VIIRS,n,2.0NRT,289.59,9.41,D
19.52996,96.60261,338.07,0.53,0.67,2026-04-09,733,N21,VIIRS,n,2.0NRT,290.72,13.53,D
19.53033,96.60875,341.69,0.53,0.67,2026-04-09,733,N21,VIIRS,n,2.0NRT,286.61,9.41,D
19.5304,96.60765,341.48,0.53,0.67,2026-04-09,733,N21,VIIRS,n,2.0NRT,287.28,18.38,D
19.53329,96.57455,207.38,0.53,0.67,2026-04-09,733,N21,VIIRS,l,2.0NRT,309.61,370.2,D
19.53359,96.57342,286.5,0.53,0.67,2026-04-09,733,N21,VIIRS,l,2.0NRT,305.05,147.89,D
19.53373,96.57913,367,0.53,0.67,2026-04-09,733,N21,VIIRS,l,2.0NRT,348.53,370.2,D
19.534,96.57804,367,0.53,0.67,2026-04-09,733,N21,VIIRS,l,2.0NRT,345.31,597.44,D
19.53412,96.5833,345.48,0.53,0.67,2026-04-09,733,N21,VIIRS,n,2.0NRT,314.58,184.06,D
19.53452,96.58743,353.84,0.53,0.67,2026-04-09,733,N21,VIIRS,n,2.0NRT,295.57,184.06,D
19.53461,83.42916,337.3,0.4,0.37,2026-04-09,733,N21,VIIRS,n,2.0NRT,303.55,6.01,D
19.53474,96.5864,367,0.53,0.67,2026-04-09,733,N21,VIIRS,h,2.0NRT,298.39,112.24,D
19.53976,96.57307,330.41,0.53,0.67,2026-04-09,733,N21,VIIRS,n,2.0NRT,295.27,147.89,D
19.54015,96.57751,332.01,0.53,0.67,2026-04-09,733,N21,VIIRS,n,2.0NRT,295.63,597.44,D
19.5488,96.46696,207.38,0.52,0.67,2026-04-09,733,N21,VIIRS,l,2.0NRT,304.28,150.68,D
19.54915,96.47073,367,0.52,0.67,2026-04-09,733,N21,VIIRS,h,2.0NRT,311.17,150.68,D
19.55288,82.97552,337.1,0.41,0.37,2026-04-09,733,N21,VIIRS,l,2.0NRT,304.51,9.89,D
19.55423,94.64159,351.81,0.39,0.59,2026-04-09,733,N21,VIIRS,n,2.0NRT,304.63,12.54,D
19.5543,94.00465,346.43,0.35,0.57,2026-04-09,733,N21,VIIRS,n,2.0NRT,299.17,7.82,D
19.55466,94.00805,367,0.35,0.57,2026-04-09,733,N21,VIIRS,h,2.0NRT,301.35,7.82,D
19.56225,94.6673,344.36,0.39,0.6,2026-04-09,733,N21,VIIRS,n,2.0NRT,312.57,48.26,D
19.56479,83.78822,344.8,0.39,0.36,2026-04-09,733,N21,VIIRS,n,2.0NRT,304.24,9.91,D
19.5677,94.66661,348.95,0.39,0.6,2026-04-09,733,N21,VIIRS,n,2.0NRT,307.85,6.92,D
19.56941,94.62801,353.61,0.39,0.59,2026-04-09,733,N21,VIIRS,n,2.0NRT,304.2,11.52,D
19.57324,83.62776,335.78,0.39,0.36,2026-04-09,733,N21,VIIRS,l,2.0NRT,302.03,8.75,D
19.57681,94.75971,354.79,0.4,0.6,2026-04-09,733,N21,VIIRS,n,2.0NRT,300.69,13.87,D
19.578,84.39343,335.33,0.38,0.36,2026-04-09,733,N21,VIIRS,n,2.0NRT,305.91,3.43,D
19.60019,94.03146,367,0.36,0.57,2026-04-09,733,N21,VIIRS,h,2.0NRT,300.78,10.77,D
19.60053,94.03492,331.1,0.36,0.57,2026-04-09,733,N21,VIIRS,n,2.0NRT,297.35,10.77,D
19.60736,84.16434,348.77,0.39,0.36,2026-04-09,733,N21,VIIRS,n,2.0NRT,302.68,15.76,D
19.60915,84.37684,344.78,0.38,0.36,2026-04-09,733,N21,VIIRS,n,2.0NRT,301.75,6.36,D
19.61008,83.9239,333.7,0.39,0.36,2026-04-09,733,N21,VIIRS,n,2.0NRT,301.74,4.49,D
19.61145,83.69678,334.69,0.39,0.36,2026-04-09,733,N21,VIIRS,n,2.0NRT,305.92,5.11,D
19.62016,82.96362,341.98,0.41,0.37,2026-04-09,733,N21,VIIRS,l,2.0NRT,302.59,24.61,D
19.62353,82.96301,350.81,0.41,0.37,2026-04-09,733,N21,VIIRS,l,2.0NRT,309.18,24.61,D
19.6345,94.51308,332.74,0.38,0.59,2026-04-09,733,N21,VIIRS,n,2.0NRT,300.47,7.97,D
19.63492,94.51711,331.11,0.39,0.59,2026-04-09,733,N21,VIIRS,n,2.0NRT,300.66,4.13,D
19.64837,95.3857,339.12,0.44,0.62,2026-04-09,733,N21,VIIRS,n,2.0NRT,304.18,5.84,D
19.65409,82.9693,347.21,0.41,0.37,2026-04-09,733,N21,VIIRS,n,2.0NRT,308.46,8.28,D
19.65995,82.98394,337.3,0.41,0.37,2026-04-09,733,N21,VIIRS,n,2.0NRT,305.4,4.07,D
19.66141,83.8626,331.06,0.39,0.36,2026-04-09,733,N21,VIIRS,l,2.0NRT,304.68,3.15,D
19.66578,97.42994,330.56,0.6,0.71,2026-04-09,733,N21,VIIRS,n,2.0NRT,299.06,10.32,D
19.67559,83.01614,347.87,0.4,0.37,2026-04-09,733,N21,VIIRS,n,2.0NRT,308.63,7.62,D
19.67584,93.94559,333.69,0.35,0.57,2026-04-09,733,N21,VIIRS,n,2.0NRT,296.01,1.96,D
19.68179,94.86236,344,0.41,0.6,2026-04-09,733,N21,VIIRS,n,2.0NRT,302.97,6.37,D
19.68189,94.86223,342.79,0.41,0.6,2026-04-09,733,N21,VIIRS,n,2.0NRT,303.31,10.38,D
19.68774,95.2576,347.34,0.43,0.62,2026-04-09,733,N21,VIIRS,n,2.0NRT,300.99,2.11,D
19.68817,83.59985,337.35,0.39,0.36,2026-04-09,733,N21,VIIRS,n,2.0NRT,302.17,4.25,D
19.69175,93.88171,331.51,0.35,0.57,2026-04-09,733,N21,VIIRS,n,2.0NRT,296.39,8.74,D
19.69204,93.88462,351.29,0.35,0.57,2026-04-09,733,N21,VIIRS,n,2.0NRT,301.09,19.51,D
19.69233,93.88745,350.64,0.35,0.57,2026-04-09,733,N21,VIIRS,n,2.0NRT,295.83,19.51,D
19.71108,83.80821,333.06,0.39,0.36,2026-04-09,733,N21,VIIRS,l,2.0NRT,305.38,4.06,D
19.72092,83.61304,332.12,0.39,0.36,2026-04-09,733,N21,VIIRS,l,2.0NRT,304.48,3.6,D
19.7237,93.88587,367,0.35,0.57,2026-04-09,733,N21,VIIRS,h,2.0NRT,299.69,103.94,D
19.724,93.88883,330.84,0.35,0.57,2026-04-09,733,N21,VIIRS,n,2.0NRT,297.28,103.94,D
19.72423,83.61249,335.73,0.39,0.36,2026-04-09,733,N21,VIIRS,n,2.0NRT,304.36,4.16,D
19.72858,93.88229,207.38,0.35,0.57,2026-04-09,733,N21,VIIRS,l,2.0NRT,302.17,156.8,D
19.72888,93.88519,367,0.35,0.57,2026-04-09,733,N21,VIIRS,l,2.0NRT,330.13,103.94,D
19.72919,93.88815,367,0.35,0.57,2026-04-09,733,N21,VIIRS,h,2.0NRT,297.06,103.94,D
19.73216,97.75637,331.65,0.63,0.72,2026-04-09,733,N21,VIIRS,n,2.0NRT,297.83,5.19,D
19.73346,93.87871,352.9,0.35,0.57,2026-04-09,733,N21,VIIRS,n,2.0NRT,295.73,11,D
19.73378,93.88171,351.13,0.35,0.57,2026-04-09,733,N21,VIIRS,n,2.0NRT,295.42,11,D
19.73388,97.758,334.36,0.63,0.72,2026-04-09,733,N21,VIIRS,n,2.0NRT,298.68,9.03,D
19.73735,84.91973,346.3,0.38,0.36,2026-04-09,733,N21,VIIRS,n,2.0NRT,302.71,9.93,D
19.73881,97.75633,333.38,0.63,0.72,2026-04-09,733,N21,VIIRS,n,2.0NRT,300,13.47,D
19.74042,97.75669,333.52,0.63,0.72,2026-04-09,733,N21,VIIRS,n,2.0NRT,300.39,9.57,D
19.74634,93.85131,353.68,0.35,0.57,2026-04-09,733,N21,VIIRS,n,2.0NRT,303.81,44.36,D
19.77209,83.80488,338.16,0.39,0.36,2026-04-09,733,N21,VIIRS,n,2.0NRT,303.71,3.49,D
19.77875,83.48428,336.65,0.39,0.37,2026-04-09,733,N21,VIIRS,l,2.0NRT,308.46,5.2,D
19.7886,83.63129,334.63,0.39,0.36,2026-04-09,733,N21,VIIRS,n,2.0NRT,303.5,8.13,D
19.79268,83.82771,334.59,0.39,0.36,2026-04-09,733,N21,VIIRS,l,2.0NRT,308.26,6.08,D
19.79326,83.83138,338.48,0.39,0.36,2026-04-09,733,N21,VIIRS,l,2.0NRT,310.24,5.41,D
19.79384,83.83505,339.74,0.39,0.36,2026-04-09,733,N21,VIIRS,l,2.0NRT,308.62,5.41,D
19.79683,94.44426,339.59,0.38,0.59,2026-04-09,733,N21,VIIRS,n,2.0NRT,297.53,4.57,D
19.79995,84.09358,336.05,0.39,0.36,2026-04-09,733,N21,VIIRS,n,2.0NRT,299.48,6.66,D
19.80287,94.45011,367,0.38,0.59,2026-04-09,733,N21,VIIRS,h,2.0NRT,302.72,45.17,D
19.80652,84.09242,331.78,0.39,0.36,2026-04-09,733,N21,VIIRS,n,2.0NRT,300.39,2.91,D
19.80841,94.45096,367,0.38,0.59,2026-04-09,733,N21,VIIRS,h,2.0NRT,306.96,45.17,D
19.82199,94.01254,335.09,0.36,0.57,2026-04-09,733,N21,VIIRS,n,2.0NRT,293.29,5.29,D
19.82239,94.01649,350.12,0.36,0.57,2026-04-09,733,N21,VIIRS,n,2.0NRT,294.06,7.34,D
19.82275,94.3265,333.59,0.38,0.58,2026-04-09,733,N21,VIIRS,n,2.0NRT,296.69,9.18,D
19.82622,94.32556,344.76,0.38,0.58,2026-04-09,733,N21,VIIRS,n,2.0NRT,298.28,10.4,D
19.83157,97.13852,331.42,0.58,0.7,2026-04-09,733,N21,VIIRS,n,2.0NRT,299.91,5.33,D
19.83822,95.03115,351.2,0.42,0.61,2026-04-09,733,N21,VIIRS,n,2.0NRT,303.2,8.11,D
19.83861,95.03516,336.83,0.42,0.61,2026-04-09,733,N21,VIIRS,n,2.0NRT,302.76,7.37,D
19.84183,93.89641,344.46,0.35,0.57,2026-04-09,733,N21,VIIRS,n,2.0NRT,296.8,8.21,D
19.84216,93.89964,334.47,0.35,0.57,2026-04-09,733,N21,VIIRS,n,2.0NRT,295.75,5.94,D
19.8856,94.01193,330.58,0.36,0.57,2026-04-09,733,N21,VIIRS,n,2.0NRT,297.84,3.44,D
19.89053,95.00122,342.83,0.42,0.61,2026-04-09,733,N21,VIIRS,n,2.0NRT,302.79,3.13,D
19.89178,95.00073,337.08,0.42,0.61,2026-04-09,733,N21,VIIRS,n,2.0NRT,302.91,3.7,D
19.90357,93.92088,346.88,0.35,0.57,2026-04-09,733,N21,VIIRS,n,2.0NRT,294.53,42.15,D
19.90391,93.92432,367,0.35,0.57,2026-04-09,733,N21,VIIRS,h,2.0NRT,303.03,44.83,D
19.90427,93.92796,333.68,0.35,0.57,2026-04-09,733,N21,VIIRS,n,2.0NRT,291.36,44.83,D
19.9088,93.92046,207.38,0.35,0.57,2026-04-09,733,N21,VIIRS,l,2.0NRT,305.47,98.24,D
19.90915,93.92394,367,0.35,0.57,2026-04-09,733,N21,VIIRS,h,2.0NRT,298.91,58.69,D
19.90952,93.92759,334.26,0.35,0.57,2026-04-09,733,N21,VIIRS,n,2.0NRT,293.33,58.69,D
19.90984,93.93088,340.14,0.35,0.57,2026-04-09,733,N21,VIIRS,n,2.0NRT,291.93,6.79,D
19.91405,93.92023,353.25,0.35,0.57,2026-04-09,733,N21,VIIRS,n,2.0NRT,296.33,98.24,D
19.9144,93.92369,367,0.35,0.57,2026-04-09,733,N21,VIIRS,h,2.0NRT,295.82,58.69,D
19.91492,94.038,337.21,0.36,0.57,2026-04-09,733,N21,VIIRS,n,2.0NRT,298.79,38.5,D
19.91507,94.03642,350.28,0.36,0.57,2026-04-09,733,N21,VIIRS,n,2.0NRT,295.37,24.97,D
19.91533,94.04178,367,0.36,0.57,2026-04-09,733,N21,VIIRS,h,2.0NRT,295.83,31.02,D
19.91544,94.04018,367,0.36,0.57,2026-04-09,733,N21,VIIRS,h,2.0NRT,299.73,41.01,D
19.92033,94.0359,338.16,0.36,0.57,2026-04-09,733,N21,VIIRS,n,2.0NRT,294.22,5.48,D
19.9207,94.03957,352.06,0.36,0.57,2026-04-09,733,N21,VIIRS,n,2.0NRT,292.24,7.21,D
19.92108,94.0434,344.02,0.36,0.57,2026-04-09,733,N21,VIIRS,n,2.0NRT,291.06,7.21,D
19.9379,93.99923,351.99,0.36,0.57,2026-04-09,733,N21,VIIRS,n,2.0NRT,289.71,170.26,D
19.93819,94.00209,334.47,0.36,0.57,2026-04-09,733,N21,VIIRS,n,2.0NRT,288.07,108.91,D
19.93881,94.00816,367,0.36,0.57,2026-04-09,733,N21,VIIRS,h,2.0NRT,291.03,64.13,D
19.93914,94.01142,333.64,0.36,0.57,2026-04-09,733,N21,VIIRS,n,2.0NRT,288.47,64.13,D
19.94253,93.99253,330.5,0.36,0.57,2026-04-09,733,N21,VIIRS,n,2.0NRT,287.37,14.18,D
19.94284,93.99563,207.38,0.36,0.57,2026-04-09,733,N21,VIIRS,l,2.0NRT,301.91,170.26,D
19.94345,94.00155,335.74,0.36,0.57,2026-04-09,733,N21,VIIRS,l,2.0NRT,306.82,108.91,D
19.94375,94.00455,345.69,0.36,0.57,2026-04-09,733,N21,VIIRS,n,2.0NRT,308.3,108.91,D
19.94408,94.00776,355.29,0.36,0.57,2026-04-09,733,N21,VIIRS,n,2.0NRT,304.06,64.13,D
19.94441,94.01107,207.38,0.36,0.57,2026-04-09,733,N21,VIIRS,l,2.0NRT,303.99,64.13,D
19.94477,94.01453,367,0.36,0.57,2026-04-09,733,N21,VIIRS,h,2.0NRT,299.6,107.54,D
19.94548,94.02163,334,0.36,0.57,2026-04-09,733,N21,VIIRS,n,2.0NRT,291.91,8.17,D
19.94839,93.99795,343.69,0.36,0.57,2026-04-09,733,N21,VIIRS,n,2.0NRT,292.71,30.56,D
19.9497,94.01086,367,0.36,0.57,2026-04-09,733,N21,VIIRS,h,2.0NRT,295.9,106.15,D
19.96128,94.50884,337.29,0.39,0.59,2026-04-09,733,N21,VIIRS,n,2.0NRT,299.92,3.11,D
19.96413,94.50565,330.23,0.39,0.59,2026-04-09,733,N21,VIIRS,l,2.0NRT,300.62,3.24,D
19.96453,94.50948,331.64,0.39,0.59,2026-04-09,733,N21,VIIRS,n,2.0NRT,301.41,4.25,D
20.03469,96.55537,344.5,0.53,0.67,2026-04-09,733,N21,VIIRS,n,2.0NRT,293.59,9.34,D
20.0353,96.55789,337.08,0.53,0.67,2026-04-09,733,N21,VIIRS,n,2.0NRT,292.97,7.78,D
20.05014,93.64739,367,0.34,0.56,2026-04-09,733,N21,VIIRS,h,2.0NRT,296.06,9.24,D
20.07557,97.77561,332.75,0.64,0.72,2026-04-09,733,N21,VIIRS,n,2.0NRT,302.4,7.26,D
20.07593,97.77997,342.59,0.64,0.72,2026-04-09,733,N21,VIIRS,n,2.0NRT,301.34,7.26,D
20.07643,95.48962,339.15,0.45,0.63,2026-04-09,733,N21,VIIRS,n,2.0NRT,302.91,3.19,D
20.09311,93.58236,341.78,0.34,0.56,2026-04-09,733,N21,VIIRS,n,2.0NRT,294.33,3.94,D
20.18246,97.88573,336.58,0.65,0.73,2026-04-09,733,N21,VIIRS,n,2.0NRT,295.69,12.48,D
20.18865,97.87891,333.66,0.65,0.73,2026-04-09,733,N21,VIIRS,n,2.0NRT,296.99,10.32,D
20.20761,96.20014,332.25,0.51,0.66,2026-04-09,733,N21,VIIRS,n,2.0NRT,297.07,5.05,D
20.2612,97.0101,338.98,0.58,0.69,2026-04-09,733,N21,VIIRS,n,2.0NRT,303.31,6.66,D
20.29078,93.42765,330.51,0.33,0.55,2026-04-09,733,N21,VIIRS,n,2.0NRT,296.56,4.65,D
20.40775,97.26495,331.78,0.6,0.71,2026-04-09,733,N21,VIIRS,n,2.0NRT,299.81,8.8,D
20.40869,97.26278,343.85,0.6,0.71,2026-04-09,733,N21,VIIRS,n,2.0NRT,300.5,7.56,D
20.43774,96.68779,352.47,0.55,0.68,2026-04-09,733,N21,VIIRS,n,2.0NRT,297.67,11.72,D
20.5017,94.26127,367,0.38,0.59,2026-04-09,733,N21,VIIRS,h,2.0NRT,299.75,4.87,D
20.50214,96.29034,367,0.52,0.67,2026-04-09,733,N21,VIIRS,h,2.0NRT,295.84,27.75,D
20.51453,95.14404,343.72,0.43,0.62,2026-04-09,733,N21,VIIRS,n,2.0NRT,302.17,3.7,D
20.55042,92.5616,337.67,0.59,0.53,2026-04-09,733,N21,VIIRS,n,2.0NRT,295.66,7.58,D
20.58141,97.70471,351.85,0.65,0.73,2026-04-09,733,N21,VIIRS,n,2.0NRT,294.49,11.72,D
20.5818,97.70966,334.14,0.65,0.73,2026-04-09,733,N21,VIIRS,n,2.0NRT,294.84,11.72,D
20.58346,97.70586,355.3,0.65,0.73,2026-04-09,733,N21,VIIRS,n,2.0NRT,294.86,25.57,D
20.59625,94.19437,338.2,0.38,0.58,2026-04-09,733,N21,VIIRS,n,2.0NRT,298.73,5.05,D
20.60159,94.19363,346.92,0.38,0.58,2026-04-09,733,N21,VIIRS,n,2.0NRT,298.54,5.05,D
20.61647,95.1021,332.97,0.43,0.62,2026-04-09,733,N21,VIIRS,n,2.0NRT,300.26,2.3,D
20.62936,92.70095,330.71,0.6,0.53,2026-04-09,733,N21,VIIRS,l,2.0NRT,300.77,9.53,D
20.63991,94.36191,342.11,0.39,0.59,2026-04-09,733,N21,VIIRS,n,2.0NRT,293.45,7.82,D
20.65313,94.01669,353.05,0.37,0.58,2026-04-09,733,N21,VIIRS,n,2.0NRT,292.82,11.7,D
20.65394,94.01838,344.25,0.37,0.58,2026-04-09,733,N21,VIIRS,n,2.0NRT,290.87,12.72,D
20.65397,93.39648,338.01,0.33,0.56,2026-04-09,733,N21,VIIRS,n,2.0NRT,293.95,5.07,D
20.65689,93.18192,334.13,0.32,0.55,2026-04-09,733,N21,VIIRS,n,2.0NRT,295.61,3.7,D
20.66885,93.7452,330.21,0.35,0.57,2026-04-09,733,N21,VIIRS,n,2.0NRT,286.48,2.9,D
20.72254,93.75493,367,0.35,0.57,2026-04-09,733,N21,VIIRS,h,2.0NRT,297.72,12.09,D
20.72407,92.90543,340.02,0.62,0.54,2026-04-09,733,N21,VIIRS,n,2.0NRT,298.66,15.4,D
20.75091,92.85616,340.1,0.62,0.54,2026-04-09,733,N21,VIIRS,n,2.0NRT,296.36,17.92,D
20.75313,92.85178,338.49,0.62,0.54,2026-04-09,733,N21,VIIRS,n,2.0NRT,297.59,17.91,D
20.75374,92.85739,340.29,0.62,0.54,2026-04-09,733,N21,VIIRS,n,2.0NRT,297,24.32,D
20.75577,92.85494,344.78,0.62,0.54,2026-04-09,733,N21,VIIRS,n,2.0NRT,297.9,17.92,D
20.7613,92.86034,332.23,0.62,0.54,2026-04-09,733,N21,VIIRS,n,2.0NRT,295.42,5.77,D
20.80224,96.87982,339.96,0.57,0.69,2026-04-09,733,N21,VIIRS,n,2.0NRT,295.94,3.2,D
20.81574,94.9648,331.11,0.43,0.62,2026-04-09,733,N21,VIIRS,l,2.0NRT,301.6,1.66,D
20.82999,93.43539,331.72,0.34,0.56,2026-04-09,733,N21,VIIRS,n,2.0NRT,292.64,4.21,D
20.83002,94.52831,340.85,0.4,0.6,2026-04-09,733,N21,VIIRS,n,2.0NRT,299.99,5.91,D
20.83269,93.41093,335.07,0.34,0.56,2026-04-09,733,N21,VIIRS,n,2.0NRT,291.77,5.3,D
20.83334,93.41734,350.5,0.34,0.56,2026-04-09,733,N21,VIIRS,n,2.0NRT,296.22,7.43,D
20.83365,93.42039,342.21,0.34,0.56,2026-04-09,733,N21,VIIRS,n,2.0NRT,295.26,7.43,D
20.83393,93.42313,367,0.34,0.56,2026-04-09,733,N21,VIIRS,h,2.0NRT,296.14,13.14,D
20.83419,93.4257,367,0.34,0.56,2026-04-09,733,N21,VIIRS,h,2.0NRT,296.1,13.14,D
20.83445,93.42825,344.05,0.34,0.56,2026-04-09,733,N21,VIIRS,n,2.0NRT,294.09,7.11,D
20.83466,93.80753,355.77,0.36,0.57,2026-04-09,733,N21,VIIRS,l,2.0NRT,286.64,18.75,D
20.83472,93.43095,343.69,0.34,0.56,2026-04-09,733,N21,VIIRS,n,2.0NRT,292.66,7.11,D
20.835,93.43375,348.57,0.34,0.56,2026-04-09,733,N21,VIIRS,n,2.0NRT,288.95,4.21,D
20.83512,93.80669,367,0.36,0.57,2026-04-09,733,N21,VIIRS,h,2.0NRT,292.82,22.68,D
20.83529,93.43654,331.55,0.34,0.56,2026-04-09,733,N21,VIIRS,n,2.0NRT,293.11,4.21,D
20.83556,93.43929,346.69,0.34,0.56,2026-04-09,733,N21,VIIRS,n,2.0NRT,293.5,7.97,D
20.83584,93.44203,355.63,0.34,0.56,2026-04-09,733,N21,VIIRS,l,2.0NRT,285.27,7.97,D
20.83811,93.41344,341.16,0.34,0.56,2026-04-09,733,N21,VIIRS,n,2.0NRT,292.93,5.62,D
20.83876,93.41982,207.38,0.34,0.56,2026-04-09,733,N21,VIIRS,l,2.0NRT,323.3,152.08,D
20.83904,93.42265,367,0.34,0.56,2026-04-09,733,N21,VIIRS,l,2.0NRT,350.64,307.48,D
20.83931,93.42525,207.38,0.34,0.56,2026-04-09,733,N21,VIIRS,l,2.0NRT,318.89,307.48,D
20.8396,93.80408,352.54,0.36,0.57,2026-04-09,733,N21,VIIRS,n,2.0NRT,304.98,18.75,D
20.83997,93.8077,351.16,0.36,0.57,2026-04-09,733,N21,VIIRS,n,2.0NRT,295.1,18.75,D
20.84006,93.80312,343.52,0.36,0.57,2026-04-09,733,N21,VIIRS,n,2.0NRT,304.32,22.68,D
20.84041,93.80676,354.94,0.36,0.57,2026-04-09,733,N21,VIIRS,n,2.0NRT,295.63,22.68,D
20.84286,93.40937,330.75,0.34,0.56,2026-04-09,733,N21,VIIRS,n,2.0NRT,292.37,5.62,D
20.84315,93.41216,341.64,0.34,0.56,2026-04-09,733,N21,VIIRS,n,2.0NRT,292.12,5.62,D
20.84348,93.41545,367,0.34,0.56,2026-04-09,733,N21,VIIRS,h,2.0NRT,293.09,152.08,D
20.84383,93.41891,367,0.34,0.56,2026-04-09,733,N21,VIIRS,h,2.0NRT,294.92,152.08,D
20.84415,93.42201,355.7,0.34,0.56,2026-04-09,733,N21,VIIRS,l,2.0NRT,289,307.48,D
20.84519,93.43224,355.7,0.34,0.56,2026-04-09,733,N21,VIIRS,l,2.0NRT,282.54,16.29,D
20.84891,93.41803,333.99,0.34,0.56,2026-04-09,733,N21,VIIRS,n,2.0NRT,295.58,4.49,D
20.84925,93.4213,330.47,0.34,0.56,2026-04-09,733,N21,VIIRS,n,2.0NRT,293.43,4.09,D
20.85054,93.43391,331.98,0.34,0.56,2026-04-09,733,N21,VIIRS,n,2.0NRT,294.8,4.33,D
20.85231,93.82442,367,0.36,0.57,2026-04-09,733,N21,VIIRS,h,2.0NRT,301.33,18.29,D
20.85263,93.82354,367,0.36,0.57,2026-04-09,733,N21,VIIRS,h,2.0NRT,300.35,9.02,D
20.85293,93.82666,336.81,0.36,0.57,2026-04-09,733,N21,VIIRS,n,2.0NRT,298.72,9.02,D
20.85699,94.94056,343.21,0.43,0.62,2026-04-09,733,N21,VIIRS,n,2.0NRT,303.95,6.24,D
20.85888,94.93993,341.27,0.42,0.61,2026-04-09,733,N21,VIIRS,n,2.0NRT,304.6,5.43,D
20.85929,94.94407,335.54,0.42,0.61,2026-04-09,733,N21,VIIRS,n,2.0NRT,304.19,5.9,D
20.89861,93.96684,353.47,0.37,0.58,2026-04-09,733,N21,VIIRS,n,2.0NRT,292.58,9.37,D
20.90996,93.86633,335.49,0.36,0.57,2026-04-09,733,N21,VIIRS,n,2.0NRT,299.79,10.46,D
20.91543,93.86781,334.73,0.36,0.58,2026-04-09,733,N21,VIIRS,n,2.0NRT,299.69,4.57,D
20.92605,92.65788,343.92,0.6,0.53,2026-04-09,733,N21,VIIRS,n,2.0NRT,295.01,25.78,D
20.92921,92.65575,339.67,0.6,0.53,2026-04-09,733,N21,VIIRS,n,2.0NRT,295.95,19.47,D
20.93959,97.0259,342.94,0.59,0.7,2026-04-09,733,N21,VIIRS,n,2.0NRT,297.62,15.6,D
20.96133,92.6805,349.1,0.6,0.53,2026-04-09,733,N21,VIIRS,n,2.0NRT,295.61,23.43,D
20.96773,92.90343,330.52,0.62,0.54,2026-04-09,733,N21,VIIRS,n,2.0NRT,291.91,4.48,D
20.96915,92.90183,335.78,0.63,0.54,2026-04-09,733,N21,VIIRS,n,2.0NRT,294.58,10.15,D
20.99817,92.89196,345.39,0.62,0.54,2026-04-09,733,N21,VIIRS,n,2.0NRT,293.99,11.26,D
21.00089,92.68119,367,0.6,0.53,2026-04-09,733,N21,VIIRS,h,2.0NRT,293.68,27.21,D
21.00575,92.68049,343.41,0.6,0.53,2026-04-09,733,N21,VIIRS,n,2.0NRT,294.23,13.42,D
21.01927,93.83987,338.68,0.36,0.57,2026-04-09,733,N21,VIIRS,n,2.0NRT,291.57,6.89,D
21.02421,93.83613,332.05,0.36,0.57,2026-04-09,733,N21,VIIRS,n,2.0NRT,295.45,6.89,D
21.02446,93.83856,349.29,0.36,0.57,2026-04-09,733,N21,VIIRS,n,2.0NRT,297.01,6.89,D
21.0247,93.841,353.57,0.36,0.57,2026-04-09,733,N21,VIIRS,n,2.0NRT,297.93,13.7,D
21.02495,93.84346,367,0.36,0.58,2026-04-09,733,N21,VIIRS,h,2.0NRT,296.54,13.7,D
21.0252,93.84595,338,0.36,0.58,2026-04-09,733,N21,VIIRS,n,2.0NRT,291.9,15.84,D
21.02546,93.84849,367,0.36,0.58,2026-04-09,733,N21,VIIRS,h,2.0NRT,298.15,15.84,D
21.02572,93.85107,355.66,0.36,0.58,2026-04-09,733,N21,VIIRS,l,2.0NRT,285.13,20.7,D
21.13557,95.22928,339.72,0.45,0.63,2026-04-09,733,N21,VIIRS,n,2.0NRT,298.39,11.27,D
21.14388,96.00972,335.82,0.5,0.66,2026-04-09,733,N21,VIIRS,n,2.0NRT,301.03,1.96,D
21.23569,96.83503,367,0.57,0.69,2026-04-09,733,N21,VIIRS,h,2.0NRT,290.54,19.52,D
21.2783,96.36645,337.2,0.54,0.68,2026-04-09,733,N21,VIIRS,n,2.0NRT,294.6,7.03,D
21.27896,96.36771,341.31,0.54,0.67,2026-04-09,733,N21,VIIRS,n,2.0NRT,294.66,8.53,D
18.24294,73.39157,331.44,0.51,0.66,2026-04-09,735,N21,VIIRS,l,2.0NRT,303,4.42,D
18.24566,73.39175,339.54,0.51,0.66,2026-04-09,735,N21,VIIRS,n,2.0NRT,303.9,5.52,D
18.25176,73.39109,332.32,0.51,0.66,2026-04-09,735,N21,VIIRS,l,2.0NRT,302.35,5.52,D
18.25274,73.39547,330.33,0.51,0.66,2026-04-09,735,N21,VIIRS,l,2.0NRT,300.72,8.04,D
18.29579,73.75365,336.95,0.48,0.65,2026-04-09,735,N21,VIIRS,n,2.0NRT,303.43,4.81,D
18.2966,73.75324,335.38,0.48,0.65,2026-04-09,735,N21,VIIRS,n,2.0NRT,303.73,1.63,D
18.29796,73.3172,330.11,0.51,0.66,2026-04-09,735,N21,VIIRS,l,2.0NRT,300.6,4.63,D
18.30077,73.31852,331.38,0.51,0.66,2026-04-09,735,N21,VIIRS,n,2.0NRT,300.82,4.94,D
18.358,73.89679,367,0.47,0.64,2026-04-09,735,N21,VIIRS,h,2.0NRT,307.99,14.96,D
18.37101,73.46391,330.36,0.5,0.66,2026-04-09,735,N21,VIIRS,l,2.0NRT,300.38,4.67,D
18.38802,73.97842,334.47,0.46,0.64,2026-04-09,735,N21,VIIRS,l,2.0NRT,305.83,4.17,D
18.49418,74.65153,348.4,0.42,0.61,2026-04-09,735,N21,VIIRS,n,2.0NRT,307.87,4.64,D
18.49451,74.65236,352.07,0.42,0.61,2026-04-09,735,N21,VIIRS,n,2.0NRT,308.17,7.28,D
18.63902,73.46508,335.37,0.5,0.65,2026-04-09,735,N21,VIIRS,n,2.0NRT,301.48,9.54,D
18.65123,75.50928,347.2,0.36,0.58,2026-04-09,735,N21,VIIRS,n,2.0NRT,312.39,4.75,D
18.85985,74.79755,343.02,0.4,0.6,2026-04-09,735,N21,VIIRS,n,2.0NRT,312.53,2.98,D
18.87055,78.18986,341.92,0.48,0.48,2026-04-09,735,N21,VIIRS,n,2.0NRT,308.57,9.21,D
18.89176,75.53772,335.14,0.36,0.57,2026-04-09,735,N21,VIIRS,l,2.0NRT,308.02,2.71,D
18.92532,78.23424,338.58,0.48,0.48,2026-04-09,735,N21,VIIRS,n,2.0NRT,305.73,5.19,D
18.96939,75.43748,352.92,0.36,0.58,2026-04-09,735,N21,VIIRS,n,2.0NRT,312.78,4.44,D
18.98706,76.18128,334.41,0.32,0.55,2026-04-09,735,N21,VIIRS,l,2.0NRT,306.79,1.33,D
18.98993,75.22184,339.2,0.37,0.58,2026-04-09,735,N21,VIIRS,n,2.0NRT,311.21,1.55,D
19.02604,75.41836,342.37,0.36,0.58,2026-04-09,735,N21,VIIRS,n,2.0NRT,311.34,4.61,D
19.06146,79.14096,337.58,0.42,0.45,2026-04-09,735,N21,VIIRS,n,2.0NRT,306.42,11.71,D
19.0622,79.14499,346.02,0.42,0.45,2026-04-09,735,N21,VIIRS,n,2.0NRT,307.08,4.62,D
19.06293,79.14893,331.19,0.42,0.45,2026-04-09,735,N21,VIIRS,l,2.0NRT,304.35,4.62,D
19.06481,79.13613,367,0.42,0.45,2026-04-09,735,N21,VIIRS,h,2.0NRT,310.23,11.71,D
19.06805,79.13491,348.23,0.42,0.45,2026-04-09,735,N21,VIIRS,n,2.0NRT,309.49,18.11,D
19.06881,79.13889,342,0.42,0.45,2026-04-09,735,N21,VIIRS,n,2.0NRT,307.95,18.11,D
19.0689,79.13534,349.25,0.42,0.45,2026-04-09,735,N21,VIIRS,n,2.0NRT,309.49,14.8,D
19.06964,79.13934,342.13,0.42,0.45,2026-04-09,735,N21,VIIRS,n,2.0NRT,306.26,14.8,D
19.08553,79.18217,351.12,0.41,0.45,2026-04-09,735,N21,VIIRS,n,2.0NRT,307.91,8.88,D
19.08813,79.10651,334.74,0.42,0.45,2026-04-09,735,N21,VIIRS,l,2.0NRT,306.08,2.22,D
19.10946,78.85497,337.79,0.43,0.46,2026-04-09,735,N21,VIIRS,n,2.0NRT,308.88,2.17,D
19.10978,78.53158,339.06,0.45,0.47,2026-04-09,735,N21,VIIRS,n,2.0NRT,307.18,5.07,D
19.12195,78.64124,347.68,0.45,0.47,2026-04-09,735,N21,VIIRS,n,2.0NRT,309.4,7.94,D
19.12219,78.55048,342.13,0.45,0.47,2026-04-09,735,N21,VIIRS,n,2.0NRT,307.14,11.34,D
19.12298,78.55466,348.95,0.45,0.47,2026-04-09,735,N21,VIIRS,n,2.0NRT,309.09,17.36,D
19.12302,74.26276,335.36,0.43,0.62,2026-04-09,735,N21,VIIRS,l,2.0NRT,309.54,2.89,D
19.12326,78.67095,342.05,0.44,0.46,2026-04-09,735,N21,VIIRS,n,2.0NRT,308.72,7.89,D
19.12601,78.52423,353.12,0.45,0.47,2026-04-09,735,N21,VIIRS,n,2.0NRT,314.99,13.89,D
19.12645,78.54976,342.13,0.45,0.47,2026-04-09,735,N21,VIIRS,n,2.0NRT,306.31,2.86,D
19.14147,76.50149,342.98,0.61,0.54,2026-04-09,735,N21,VIIRS,n,2.0NRT,310.3,4.93,D
19.14243,78.86199,333.56,0.43,0.46,2026-04-09,735,N21,VIIRS,l,2.0NRT,307.51,2.27,D
19.14975,79.14116,344.93,0.42,0.45,2026-04-09,735,N21,VIIRS,n,2.0NRT,307.07,8.54,D
19.15828,78.85464,341.05,0.43,0.46,2026-04-09,735,N21,VIIRS,n,2.0NRT,307.83,4,D
19.16142,78.46014,341.81,0.46,0.47,2026-04-09,735,N21,VIIRS,n,2.0NRT,311.04,5.73,D
19.16237,78.45959,342.44,0.46,0.47,2026-04-09,735,N21,VIIRS,n,2.0NRT,310.76,7.27,D
19.1632,78.85784,336.78,0.43,0.46,2026-04-09,735,N21,VIIRS,l,2.0NRT,307.29,4,D
19.16535,79.08786,346.29,0.42,0.45,2026-04-09,735,N21,VIIRS,n,2.0NRT,308.52,9.37,D
19.16608,76.57295,336.86,0.61,0.53,2026-04-09,735,N21,VIIRS,l,2.0NRT,311.03,4.77,D
19.16705,76.70027,336.27,0.59,0.53,2026-04-09,735,N21,VIIRS,l,2.0NRT,307.09,2.65,D
19.16736,78.85703,342.44,0.43,0.46,2026-04-09,735,N21,VIIRS,n,2.0NRT,308.31,6.86,D
19.16812,78.86107,342.13,0.43,0.46,2026-04-09,735,N21,VIIRS,n,2.0NRT,306.38,3.14,D
19.17049,78.91895,353.61,0.43,0.46,2026-04-09,735,N21,VIIRS,n,2.0NRT,307.98,9.56,D
19.17209,79.01752,343.34,0.42,0.45,2026-04-09,735,N21,VIIRS,n,2.0NRT,307.71,7.21,D
19.17375,79.1796,342.39,0.41,0.45,2026-04-09,735,N21,VIIRS,n,2.0NRT,301.89,5.71,D
19.17547,79.01282,341.84,0.42,0.45,2026-04-09,735,N21,VIIRS,n,2.0NRT,307.33,10.27,D
19.17625,79.01695,341.78,0.42,0.45,2026-04-09,735,N21,VIIRS,n,2.0NRT,307.1,7.21,D
19.17961,79.01215,343.73,0.42,0.45,2026-04-09,735,N21,VIIRS,n,2.0NRT,306.07,5.42,D
19.18096,78.67616,342.06,0.44,0.46,2026-04-09,735,N21,VIIRS,n,2.0NRT,310.39,3.8,D
19.1884,78.48531,335.86,0.46,0.47,2026-04-09,735,N21,VIIRS,l,2.0NRT,310.71,1.9,D
19.1948,76.00106,336.58,0.33,0.55,2026-04-09,735,N21,VIIRS,l,2.0NRT,311.11,2.91,D
19.20042,78.47896,343.44,0.46,0.47,2026-04-09,735,N21,VIIRS,n,2.0NRT,309.51,6.67,D
19.20123,78.48317,341.73,0.46,0.47,2026-04-09,735,N21,VIIRS,n,2.0NRT,309.32,6.67,D
19.20315,78.93286,337.46,0.43,0.46,2026-04-09,735,N21,VIIRS,n,2.0NRT,306.42,5.58,D
19.22282,79.374,331.77,0.4,0.44,2026-04-09,735,N21,VIIRS,l,2.0NRT,303.37,2.55,D
19.22616,76.33054,337.09,0.63,0.54,2026-04-09,735,N21,VIIRS,l,2.0NRT,309.22,5.05,D
19.23156,73.03593,336.77,0.51,0.66,2026-04-09,735,N21,VIIRS,n,2.0NRT,298.68,5.79,D
19.23804,79.34407,334.19,0.4,0.44,2026-04-09,735,N21,VIIRS,l,2.0NRT,304.78,2.9,D
19.24104,78.66831,347.99,0.44,0.46,2026-04-09,735,N21,VIIRS,n,2.0NRT,313.12,19.53,D
19.2411,77.20822,343.37,0.55,0.51,2026-04-09,735,N21,VIIRS,n,2.0NRT,307.51,6.75,D
19.24141,79.33977,331.15,0.4,0.44,2026-04-09,735,N21,VIIRS,l,2.0NRT,303.83,3.36,D
19.24169,77.20609,342.61,0.55,0.51,2026-04-09,735,N21,VIIRS,n,2.0NRT,305.8,7.65,D
19.25028,79.04836,337.18,0.42,0.45,2026-04-09,735,N21,VIIRS,l,2.0NRT,310.09,4.82,D
19.25227,79.10492,339.54,0.42,0.45,2026-04-09,735,N21,VIIRS,l,2.0NRT,309.82,6.82,D
19.2544,78.97846,337.76,0.42,0.46,2026-04-09,735,N21,VIIRS,l,2.0NRT,311.33,7.94,D
19.25633,79.10397,355.44,0.42,0.45,2026-04-09,735,N21,VIIRS,n,2.0NRT,311.75,16.08,D
19.25858,80.10933,337.28,0.55,0.42,2026-04-09,735,N21,VIIRS,l,2.0NRT,308.97,4.85,D
19.26926,78.4291,341.74,0.46,0.47,2026-04-09,735,N21,VIIRS,l,2.0NRT,312.07,5.26,D
19.27035,78.42834,337.83,0.46,0.47,2026-04-09,735,N21,VIIRS,l,2.0NRT,312.16,4.04,D
19.27174,78.30445,342.23,0.47,0.47,2026-04-09,735,N21,VIIRS,n,2.0NRT,309.51,2.7,D
19.27595,77.09416,336.43,0.56,0.51,2026-04-09,735,N21,VIIRS,l,2.0NRT,307.4,4.28,D
19.2766,78.07304,347.01,0.48,0.48,2026-04-09,735,N21,VIIRS,n,2.0NRT,311.15,6.88,D
19.29373,80.49725,336.67,0.52,0.41,2026-04-09,735,N21,VIIRS,n,2.0NRT,304.49,8.72,D
19.30096,78.59248,337.01,0.45,0.47,2026-04-09,735,N21,VIIRS,l,2.0NRT,310.93,4.24,D
19.30132,73.36174,332.74,0.49,0.65,2026-04-09,735,N21,VIIRS,l,2.0NRT,303.95,4.5,D
19.30518,73.35854,347.12,0.49,0.65,2026-04-09,735,N21,VIIRS,n,2.0NRT,303.84,9.85,D
19.30547,78.82584,341.99,0.43,0.46,2026-04-09,735,N21,VIIRS,n,2.0NRT,309.09,3.25,D
19.30614,73.35574,336.81,0.49,0.65,2026-04-09,735,N21,VIIRS,n,2.0NRT,303.6,3.6,D
19.30713,73.36025,334.05,0.49,0.65,2026-04-09,735,N21,VIIRS,n,2.0NRT,303.21,3.6,D
19.31898,80.55256,344.64,0.52,0.41,2026-04-09,735,N21,VIIRS,n,2.0NRT,301.32,11.68,D
19.32017,78.78908,344.32,0.43,0.46,2026-04-09,735,N21,VIIRS,n,2.0NRT,311.93,4.78,D
19.33352,79.067,336.11,0.42,0.45,2026-04-09,735,N21,VIIRS,l,2.0NRT,307.56,3.03,D
19.33824,80.10989,340.72,0.54,0.42,2026-04-09,735,N21,VIIRS,n,2.0NRT,306.56,4.88,D
19.34002,80.53497,332.45,0.52,0.41,2026-04-09,735,N21,VIIRS,n,2.0NRT,302.38,4.78,D
19.3409,80.5398,335.94,0.52,0.41,2026-04-09,735,N21,VIIRS,n,2.0NRT,303.46,4.78,D
19.34122,80.28118,337.11,0.53,0.42,2026-04-09,735,N21,VIIRS,n,2.0NRT,305.65,10.9,D
19.34989,73.74748,334.61,0.46,0.63,2026-04-09,735,N21,VIIRS,n,2.0NRT,304.12,6.21,D
19.35041,80.13362,350.14,0.54,0.42,2026-04-09,735,N21,VIIRS,n,2.0NRT,309.42,13.01,D
19.35424,80.13289,349.4,0.54,0.42,2026-04-09,735,N21,VIIRS,n,2.0NRT,310.54,13.01,D
19.35473,80.77893,332.87,0.5,0.41,2026-04-09,735,N21,VIIRS,l,2.0NRT,303.2,4.48,D
19.35497,80.12526,334.46,0.54,0.42,2026-04-09,735,N21,VIIRS,l,2.0NRT,308.01,6.1,D
19.35626,80.12193,337.41,0.54,0.42,2026-04-09,735,N21,VIIRS,l,2.0NRT,308.43,8.24,D
19.35714,78.96538,339,0.42,0.45,2026-04-09,735,N21,VIIRS,l,2.0NRT,313.91,6.92,D
19.35826,80.01325,343.86,0.55,0.43,2026-04-09,735,N21,VIIRS,n,2.0NRT,309.08,7.37,D
19.36667,76.05083,340.47,0.32,0.55,2026-04-09,735,N21,VIIRS,n,2.0NRT,308.99,2.65,D
19.3671,80.18298,339.58,0.54,0.42,2026-04-09,735,N21,VIIRS,n,2.0NRT,309.15,9.7,D
19.36909,80.18037,335.25,0.54,0.42,2026-04-09,735,N21,VIIRS,l,2.0NRT,307.91,10.74,D
19.37002,80.18542,334.7,0.54,0.42,2026-04-09,735,N21,VIIRS,l,2.0NRT,307.29,9.47,D
19.37092,80.18224,337.78,0.54,0.42,2026-04-09,735,N21,VIIRS,n,2.0NRT,306.7,9.7,D
19.37569,75.94426,332.91,0.33,0.55,2026-04-09,735,N21,VIIRS,l,2.0NRT,307.45,2.52,D
19.3763,80.06818,348.43,0.55,0.42,2026-04-09,735,N21,VIIRS,n,2.0NRT,311.1,10.33,D
19.37798,78.85838,349.33,0.43,0.46,2026-04-09,735,N21,VIIRS,n,2.0NRT,312.92,8.79,D
19.37889,75.98488,332.53,0.33,0.55,2026-04-09,735,N21,VIIRS,l,2.0NRT,307.48,1.32,D
19.38015,80.06742,343.54,0.55,0.42,2026-04-09,735,N21,VIIRS,n,2.0NRT,308.43,10.33,D
19.38109,80.07254,336.17,0.55,0.42,2026-04-09,735,N21,VIIRS,n,2.0NRT,304.68,10.33,D
19.38136,79.39122,334.84,0.4,0.44,2026-04-09,735,N21,VIIRS,l,2.0NRT,308.2,2.67,D
19.38155,76.09761,346.48,0.32,0.55,2026-04-09,735,N21,VIIRS,n,2.0NRT,308.52,4.6,D
19.38761,79.93267,339.68,0.56,0.43,2026-04-09,735,N21,VIIRS,n,2.0NRT,305.59,6.19,D
19.40273,75.54836,340.23,0.35,0.57,2026-04-09,735,N21,VIIRS,n,2.0NRT,308.38,4.91,D
19.40364,80.80394,330.34,0.5,0.41,2026-04-09,735,N21,VIIRS,n,2.0NRT,299.56,4.58,D
19.40443,80.80839,334.29,0.5,0.41,2026-04-09,735,N21,VIIRS,n,2.0NRT,300.08,5.16,D
19.40572,79.4332,352.2,0.4,0.44,2026-04-09,735,N21,VIIRS,n,2.0NRT,306.15,9.87,D
19.40891,80.81217,339.72,0.5,0.41,2026-04-09,735,N21,VIIRS,n,2.0NRT,303,6.33,D
19.41044,79.11921,341.17,0.41,0.45,2026-04-09,735,N21,VIIRS,n,2.0NRT,307.68,4.28,D
19.41258,80.81139,334.93,0.5,0.41,2026-04-09,735,N21,VIIRS,n,2.0NRT,302.03,6.33,D
19.41704,79.42728,339.02,0.4,0.44,2026-04-09,735,N21,VIIRS,n,2.0NRT,305.68,3.7,D
19.41772,79.431,333.95,0.4,0.44,2026-04-09,735,N21,VIIRS,l,2.0NRT,306.1,3.7,D
19.42525,79.56162,344.36,0.39,0.44,2026-04-09,735,N21,VIIRS,n,2.0NRT,310.48,11.31,D
19.42531,80.86172,335.56,0.49,0.41,2026-04-09,735,N21,VIIRS,n,2.0NRT,304.02,6.54,D
19.42534,80.05307,335.27,0.55,0.42,2026-04-09,735,N21,VIIRS,l,2.0NRT,308.09,4.18,D
19.44281,81.11007,338.53,0.48,0.4,2026-04-09,735,N21,VIIRS,n,2.0NRT,304.15,8.16,D
19.44381,75.64357,336.39,0.34,0.56,2026-04-09,735,N21,VIIRS,n,2.0NRT,307.64,1.72,D
19.44635,79.06297,336.95,0.42,0.45,2026-04-09,735,N21,VIIRS,l,2.0NRT,310.69,3.44,D
19.44644,81.10938,337.54,0.48,0.4,2026-04-09,735,N21,VIIRS,n,2.0NRT,304.71,9.22,D
19.45148,75.36176,367,0.36,0.57,2026-04-09,735,N21,VIIRS,h,2.0NRT,307.28,5.13,D
19.45215,81.09921,342.36,0.48,0.4,2026-04-09,735,N21,VIIRS,l,2.0NRT,304.06,12.5,D
19.47192,81.10498,367,0.48,0.4,2026-04-09,735,N21,VIIRS,h,2.0NRT,304.68,20.04,D
19.47268,81.10932,367,0.48,0.4,2026-04-09,735,N21,VIIRS,h,2.0NRT,305.17,27.57,D
19.47459,74.85365,334.03,0.39,0.59,2026-04-09,735,N21,VIIRS,n,2.0NRT,308.27,2.19,D
19.47553,81.10422,353.72,0.48,0.4,2026-04-09,735,N21,VIIRS,n,2.0NRT,303.41,11.36,D
19.4763,81.10857,348.69,0.48,0.4,2026-04-09,735,N21,VIIRS,n,2.0NRT,303.39,7.51,D
19.47706,81.11294,341.32,0.48,0.4,2026-04-09,735,N21,VIIRS,n,2.0NRT,303.89,7.51,D
19.48111,73.00702,331.01,0.51,0.66,2026-04-09,735,N21,VIIRS,l,2.0NRT,302.12,5.1,D
19.48133,78.75777,347.26,0.43,0.46,2026-04-09,735,N21,VIIRS,n,2.0NRT,312.45,12.68,D
19.49204,81.09141,335.25,0.48,0.4,2026-04-09,735,N21,VIIRS,l,2.0NRT,305.12,15.56,D
19.49387,80.73993,331.81,0.5,0.41,2026-04-09,735,N21,VIIRS,l,2.0NRT,302.88,3.62,D
19.49556,80.7494,330.31,0.5,0.41,2026-04-09,735,N21,VIIRS,l,2.0NRT,302.44,3.97,D
19.4965,81.16005,335.02,0.48,0.4,2026-04-09,735,N21,VIIRS,n,2.0NRT,301.95,4.24,D
19.49685,78.54066,342.87,0.45,0.47,2026-04-09,735,N21,VIIRS,n,2.0NRT,311.45,4.28,D
19.49825,80.13612,342.06,0.54,0.42,2026-04-09,735,N21,VIIRS,n,2.0NRT,306.75,10.8,D
19.50118,74.79494,334.65,0.39,0.59,2026-04-09,735,N21,VIIRS,l,2.0NRT,306.69,3.85,D
19.50398,74.79276,345.78,0.39,0.59,2026-04-09,735,N21,VIIRS,n,2.0NRT,307.36,5.19,D
19.50485,80.73721,336.52,0.5,0.41,2026-04-09,735,N21,VIIRS,n,2.0NRT,303.41,9.13,D
19.508,80.92539,332.16,0.49,0.4,2026-04-09,735,N21,VIIRS,l,2.0NRT,306.33,9,D
19.5308,80.22844,337.28,0.53,0.42,2026-04-09,735,N21,VIIRS,l,2.0NRT,309.15,9.03,D
19.53129,74.91144,340.25,0.38,0.59,2026-04-09,735,N21,VIIRS,n,2.0NRT,308.07,3.22,D
19.53484,77.828,335.12,0.49,0.49,2026-04-09,735,N21,VIIRS,l,2.0NRT,309.82,2.74,D
19.54003,76.5774,343.17,0.6,0.53,2026-04-09,735,N21,VIIRS,l,2.0NRT,313.68,12.01,D
19.54193,76.95245,335.63,0.56,0.52,2026-04-09,735,N21,VIIRS,l,2.0NRT,310.18,6.96,D
19.54502,78.44901,335.49,0.45,0.47,2026-04-09,735,N21,VIIRS,l,2.0NRT,308.65,5.7,D
19.54591,80.02638,334.03,0.55,0.42,2026-04-09,735,N21,VIIRS,l,2.0NRT,305.86,4.35,D
19.54626,79.98373,336.98,0.55,0.43,2026-04-09,735,N21,VIIRS,l,2.0NRT,307.83,5.94,D
19.54728,79.9807,339.84,0.55,0.43,2026-04-09,735,N21,VIIRS,n,2.0NRT,309.12,7.84,D
19.54791,78.41805,339.68,0.45,0.47,2026-04-09,735,N21,VIIRS,l,2.0NRT,313.64,6.96,D
19.5608,78.69131,339.53,0.44,0.46,2026-04-09,735,N21,VIIRS,l,2.0NRT,310.26,5.55,D
19.5614,80.11311,353.94,0.54,0.42,2026-04-09,735,N21,VIIRS,n,2.0NRT,312.07,25.18,D
19.56266,78.67843,340.66,0.44,0.46,2026-04-09,735,N21,VIIRS,l,2.0NRT,311.16,5.34,D
19.56522,80.1123,340.04,0.54,0.42,2026-04-09,735,N21,VIIRS,n,2.0NRT,307.89,8.31,D
19.56714,81.0036,342.52,0.48,0.4,2026-04-09,735,N21,VIIRS,l,2.0NRT,308.89,36.46,D
19.58309,78.69485,335.17,0.44,0.46,2026-04-09,735,N21,VIIRS,l,2.0NRT,309.72,2.53,D
19.59123,79.27553,338.51,0.4,0.44,2026-04-09,735,N21,VIIRS,l,2.0NRT,310.24,3.44,D
19.59345,76.39929,340.08,0.61,0.53,2026-04-09,735,N21,VIIRS,l,2.0NRT,311.88,6.68,D
19.59452,73.13406,330.72,0.5,0.66,2026-04-09,735,N21,VIIRS,l,2.0NRT,303.08,3.2,D
19.59744,78.725,344.91,0.43,0.46,2026-04-09,735,N21,VIIRS,n,2.0NRT,310.24,5.78,D
19.59997,80.78479,330.99,0.5,0.41,2026-04-09,735,N21,VIIRS,l,2.0NRT,302.75,6.87,D
19.60031,80.13924,337.56,0.54,0.42,2026-04-09,735,N21,VIIRS,n,2.0NRT,305.53,7.23,D
19.61566,73.4139,343.57,0.48,0.64,2026-04-09,735,N21,VIIRS,n,2.0NRT,305.47,10.21,D
19.61666,73.4184,339.2,0.48,0.64,2026-04-09,735,N21,VIIRS,n,2.0NRT,304.89,8.65,D
19.62175,80.993,331.37,0.48,0.4,2026-04-09,735,N21,VIIRS,l,2.0NRT,303.52,8.21,D
19.65104,80.59801,335.3,0.51,0.41,2026-04-09,735,N21,VIIRS,n,2.0NRT,303.72,6.97,D
19.65286,80.69584,331.95,0.5,0.41,2026-04-09,735,N21,VIIRS,n,2.0NRT,299.78,3.9,D
19.65667,80.12314,335.06,0.54,0.42,2026-04-09,735,N21,VIIRS,n,2.0NRT,303.49,4.44,D
19.65744,79.94064,334.62,0.55,0.43,2026-04-09,735,N21,VIIRS,l,2.0NRT,307.8,3.25,D
19.66048,80.12238,345.22,0.54,0.42,2026-04-09,735,N21,VIIRS,n,2.0NRT,306.61,8.41,D
19.67013,78.77995,333.87,0.43,0.46,2026-04-09,735,N21,VIIRS,l,2.0NRT,306.69,2.92,D
19.68664,80.09885,333.84,0.54,0.42,2026-04-09,735,N21,VIIRS,l,2.0NRT,306.75,4.62,D
19.68757,80.1039,336.59,0.54,0.42,2026-04-09,735,N21,VIIRS,l,2.0NRT,307.41,4.62,D
19.6883,80.10105,345.12,0.54,0.42,2026-04-09,735,N21,VIIRS,n,2.0NRT,307.89,8.92,D
19.69021,77.57481,343.67,0.51,0.49,2026-04-09,735,N21,VIIRS,n,2.0NRT,310.45,9.02,D
19.70267,79.70432,340.24,0.57,0.43,2026-04-09,735,N21,VIIRS,l,2.0NRT,312.29,11.03,D
19.70279,80.16067,336.38,0.53,0.42,2026-04-09,735,N21,VIIRS,n,2.0NRT,303.28,6.03,D
19.70617,80.01063,339.26,0.54,0.42,2026-04-09,735,N21,VIIRS,n,2.0NRT,308.11,5.7,D
19.70967,78.35014,338.56,0.45,0.47,2026-04-09,735,N21,VIIRS,l,2.0NRT,313.05,5.42,D
19.71597,78.05922,337.66,0.47,0.48,2026-04-09,735,N21,VIIRS,l,2.0NRT,310.48,3.66,D
19.71629,79.33783,343.68,0.4,0.44,2026-04-09,735,N21,VIIRS,n,2.0NRT,312.29,4.03,D
19.71683,78.06371,335.2,0.47,0.48,2026-04-09,735,N21,VIIRS,l,2.0NRT,309.54,3.66,D
19.71769,80.98066,331.23,0.48,0.4,2026-04-09,735,N21,VIIRS,l,2.0NRT,298.31,6.88,D
19.72152,80.00761,338.97,0.54,0.42,2026-04-09,735,N21,VIIRS,n,2.0NRT,307.07,7.11,D
19.72338,80.01782,337.01,0.54,0.42,2026-04-09,735,N21,VIIRS,n,2.0NRT,307,4.08,D
19.72503,78.33825,334.59,0.46,0.47,2026-04-09,735,N21,VIIRS,l,2.0NRT,309.57,1.58,D
19.72532,83.08852,342.93,0.4,0.37,2026-04-09,735,N21,VIIRS,l,2.0NRT,305.55,17.05,D
19.72801,80.99688,332.75,0.48,0.4,2026-04-09,735,N21,VIIRS,n,2.0NRT,305.14,7.67,D
19.72955,81.94469,331.62,0.44,0.38,2026-04-09,735,N21,VIIRS,l,2.0NRT,303.21,5.49,D
19.73011,78.20318,346.78,0.46,0.47,2026-04-09,735,N21,VIIRS,n,2.0NRT,310.97,8.7,D
19.73024,81.9488,336.83,0.44,0.38,2026-04-09,735,N21,VIIRS,n,2.0NRT,303.64,6.72,D
19.73132,77.45138,349,0.52,0.5,2026-04-09,735,N21,VIIRS,n,2.0NRT,310.1,14.17,D
19.73241,77.44778,338.31,0.52,0.5,2026-04-09,735,N21,VIIRS,l,2.0NRT,309.17,9.91,D
19.73337,77.45255,343.67,0.52,0.5,2026-04-09,735,N21,VIIRS,n,2.0NRT,311.52,13.39,D
19.73351,78.19771,337.93,0.46,0.47,2026-04-09,735,N21,VIIRS,l,2.0NRT,310.58,7.09,D
19.73582,80.99664,337.28,0.48,0.4,2026-04-09,735,N21,VIIRS,l,2.0NRT,304.77,33.42,D
19.73903,79.97237,334.64,0.55,0.42,2026-04-09,735,N21,VIIRS,l,2.0NRT,308.03,3.65,D
19.73946,80.99596,330.12,0.48,0.4,2026-04-09,735,N21,VIIRS,l,2.0NRT,304.55,8.44,D
19.73971,80.99937,339.03,0.48,0.4,2026-04-09,735,N21,VIIRS,l,2.0NRT,304.78,32.23,D
19.73976,79.86543,333.97,0.55,0.43,2026-04-09,735,N21,VIIRS,l,2.0NRT,308.26,3.23,D
19.74437,78.50706,339.25,0.44,0.46,2026-04-09,735,N21,VIIRS,l,2.0NRT,313.45,8.88,D
19.74722,81.01842,334.59,0.48,0.4,2026-04-09,735,N21,VIIRS,n,2.0NRT,304.28,6.77,D
19.74807,79.59876,335.54,0.57,0.43,2026-04-09,735,N21,VIIRS,n,2.0NRT,308.59,2.91,D
19.74839,80.00233,335.29,0.54,0.42,2026-04-09,735,N21,VIIRS,l,2.0NRT,306.45,7.57,D
19.76017,73.89379,334.65,0.44,0.62,2026-04-09,735,N21,VIIRS,l,2.0NRT,308.85,4.27,D
19.76226,78.4865,342.69,0.45,0.47,2026-04-09,735,N21,VIIRS,l,2.0NRT,314.47,8.89,D
19.76228,73.89211,334.38,0.44,0.62,2026-04-09,735,N21,VIIRS,l,2.0NRT,307.46,4.63,D
19.76247,78.20959,348.88,0.46,0.47,2026-04-09,735,N21,VIIRS,n,2.0NRT,311.35,8.59,D
19.76575,79.98834,340.14,0.54,0.42,2026-04-09,735,N21,VIIRS,n,2.0NRT,307.56,6.55,D
19.76914,79.55813,341.88,0.38,0.43,2026-04-09,735,N21,VIIRS,n,2.0NRT,305.68,3.66,D
19.7698,79.56171,333.4,0.38,0.43,2026-04-09,735,N21,VIIRS,l,2.0NRT,305.29,3.66,D
19.76999,72.83683,343.7,0.51,0.66,2026-04-09,735,N21,VIIRS,n,2.0NRT,298.16,8.43,D
19.7707,79.97147,337.39,0.55,0.42,2026-04-09,735,N21,VIIRS,l,2.0NRT,307.63,5.7,D
19.77295,79.9734,334.71,0.55,0.42,2026-04-09,735,N21,VIIRS,l,2.0NRT,306.77,6.28,D
19.77637,83.31999,343.2,0.4,0.37,2026-04-09,735,N21,VIIRS,n,2.0NRT,307.03,8.61,D
19.77698,83.32377,335.26,0.4,0.37,2026-04-09,735,N21,VIIRS,n,2.0NRT,306.54,6.6,D
19.77713,80.0965,333.04,0.54,0.42,2026-04-09,735,N21,VIIRS,l,2.0NRT,304.41,2.98,D
19.78141,80.87065,332.62,0.49,0.4,2026-04-09,735,N21,VIIRS,l,2.0NRT,302.99,8,D
19.78221,80.87519,330.85,0.49,0.4,2026-04-09,735,N21,VIIRS,l,2.0NRT,305.8,9.26,D
19.79008,80.21324,336.93,0.53,0.42,2026-04-09,735,N21,VIIRS,n,2.0NRT,305.35,13.27,D
19.7918,81.08003,342,0.48,0.4,2026-04-09,735,N21,VIIRS,n,2.0NRT,301.18,10.74,D
19.79812,78.49142,343.78,0.44,0.46,2026-04-09,735,N21,VIIRS,l,2.0NRT,314.41,8.15,D
19.80544,75.78032,336.56,0.33,0.55,2026-04-09,735,N21,VIIRS,l,2.0NRT,309.07,0.86,D
19.8055,77.58107,340.62,0.51,0.49,2026-04-09,735,N21,VIIRS,n,2.0NRT,310.58,5.41,D
19.81263,80.53595,337.95,0.51,0.41,2026-04-09,735,N21,VIIRS,l,2.0NRT,308.94,5.77,D
19.81391,77.16692,334.61,0.54,0.51,2026-04-09,735,N21,VIIRS,l,2.0NRT,309.21,8.65,D
19.81496,83.32818,330.87,0.4,0.37,2026-04-09,735,N21,VIIRS,l,2.0NRT,304.46,3.02,D
19.82371,81.87634,342.69,0.44,0.38,2026-04-09,735,N21,VIIRS,n,2.0NRT,302.07,7,D
19.83105,80.03044,337.44,0.54,0.42,2026-04-09,735,N21,VIIRS,l,2.0NRT,308.86,4.63,D
19.83883,80.13857,337.62,0.53,0.42,2026-04-09,735,N21,VIIRS,n,2.0NRT,305.64,5.05,D
19.83958,75.07783,346.4,0.37,0.58,2026-04-09,735,N21,VIIRS,n,2.0NRT,305.56,5.69,D
19.84074,83.29691,336.83,0.4,0.37,2026-04-09,735,N21,VIIRS,l,2.0NRT,302.8,3.66,D
19.84218,83.36955,335.65,0.4,0.37,2026-04-09,735,N21,VIIRS,n,2.0NRT,306.52,2.3,D
19.84338,83.37701,342.27,0.4,0.37,2026-04-09,735,N21,VIIRS,n,2.0NRT,306.67,4.37,D
19.84342,75.19759,333.17,0.36,0.57,2026-04-09,735,N21,VIIRS,l,2.0NRT,305.19,4.27,D
19.84464,83.29992,330.39,0.4,0.37,2026-04-09,735,N21,VIIRS,l,2.0NRT,304.58,2.25,D
19.85363,80.76686,331.39,0.49,0.41,2026-04-09,735,N21,VIIRS,l,2.0NRT,301.8,6.69,D
19.85381,80.81071,330.62,0.49,0.4,2026-04-09,735,N21,VIIRS,l,2.0NRT,301.86,2.3,D
19.85457,75.96938,347.34,0.32,0.55,2026-04-09,735,N21,VIIRS,n,2.0NRT,312.85,3.92,D
19.85517,75.97236,337.54,0.32,0.55,2026-04-09,735,N21,VIIRS,l,2.0NRT,311.62,3.92,D
19.85741,83.87285,342.05,0.39,0.36,2026-04-09,735,N21,VIIRS,n,2.0NRT,305.11,5.55,D
19.86576,80.20062,341.47,0.53,0.42,2026-04-09,735,N21,VIIRS,n,2.0NRT,306.6,8.2,D
19.86703,83.26871,340.36,0.4,0.37,2026-04-09,735,N21,VIIRS,n,2.0NRT,305.86,4.17,D
19.86763,83.22983,352.09,0.4,0.37,2026-04-09,735,N21,VIIRS,n,2.0NRT,304.25,5.38,D
19.86764,80.10177,332.01,0.53,0.42,2026-04-09,735,N21,VIIRS,l,2.0NRT,306.11,3.6,D
19.86823,83.23351,344.83,0.4,0.37,2026-04-09,735,N21,VIIRS,l,2.0NRT,306.49,5.38,D
19.87095,83.22916,338.23,0.4,0.37,2026-04-09,735,N21,VIIRS,l,2.0NRT,305.91,5.38,D
19.87263,80.17337,341.05,0.53,0.42,2026-04-09,735,N21,VIIRS,n,2.0NRT,306.22,8.06,D
19.87465,78.00361,344.1,0.47,0.48,2026-04-09,735,N21,VIIRS,n,2.0NRT,312.83,9.05,D
19.87523,77.37949,343.77,0.52,0.5,2026-04-09,735,N21,VIIRS,n,2.0NRT,311.08,16.36,D
19.87528,77.74997,347.9,0.49,0.49,2026-04-09,735,N21,VIIRS,n,2.0NRT,311.07,11.44,D
19.87621,80.19334,333.37,0.53,0.42,2026-04-09,735,N21,VIIRS,l,2.0NRT,303.98,3.85,D
19.87902,80.91073,335.94,0.49,0.4,2026-04-09,735,N21,VIIRS,l,2.0NRT,306.34,6.3,D
19.87943,84.03464,333.49,0.39,0.36,2026-04-09,735,N21,VIIRS,l,2.0NRT,303.86,3.84,D
19.88274,78.72433,341.56,0.43,0.46,2026-04-09,735,N21,VIIRS,l,2.0NRT,313.15,6.43,D
19.89161,80.16976,335.68,0.53,0.42,2026-04-09,735,N21,VIIRS,n,2.0NRT,305.26,9.05,D
19.89251,80.17478,334.76,0.53,0.42,2026-04-09,735,N21,VIIRS,l,2.0NRT,304.78,7.25,D
19.90321,83.36633,330.48,0.4,0.37,2026-04-09,735,N21,VIIRS,l,2.0NRT,303.63,1.44,D
19.91059,80.14714,349.7,0.53,0.42,2026-04-09,735,N21,VIIRS,n,2.0NRT,307.23,9.3,D
19.91078,80.14506,337.69,0.53,0.42,2026-04-09,735,N21,VIIRS,n,2.0NRT,306.67,4.54,D
19.9115,80.15209,337.33,0.53,0.42,2026-04-09,735,N21,VIIRS,n,2.0NRT,305.92,4.75,D
19.91167,80.15004,350.79,0.53,0.42,2026-04-09,735,N21,VIIRS,n,2.0NRT,307.17,11.3,D
19.91191,83.80599,331.96,0.39,0.36,2026-04-09,735,N21,VIIRS,l,2.0NRT,302.76,2.86,D
19.91726,77.87358,345.25,0.48,0.48,2026-04-09,735,N21,VIIRS,n,2.0NRT,311.15,7.51,D
19.91732,83.60464,336.94,0.39,0.36,2026-04-09,735,N21,VIIRS,l,2.0NRT,303.52,94.3,D
19.91763,77.06741,338.7,0.54,0.51,2026-04-09,735,N21,VIIRS,l,2.0NRT,309.73,4.1,D
19.9179,83.60831,342.28,0.39,0.36,2026-04-09,735,N21,VIIRS,l,2.0NRT,306.61,94.3,D
19.91827,77.87497,338.52,0.48,0.48,2026-04-09,735,N21,VIIRS,l,2.0NRT,310.17,7.28,D
19.92137,80.27114,336.04,0.52,0.42,2026-04-09,735,N21,VIIRS,n,2.0NRT,301.94,4.08,D
19.92188,78.79476,339.2,0.42,0.45,2026-04-09,735,N21,VIIRS,l,2.0NRT,313.8,6.59,D
19.92242,84.18034,334,0.39,0.36,2026-04-09,735,N21,VIIRS,n,2.0NRT,301.78,4.44,D
19.92365,78.691,343.9,0.43,0.46,2026-04-09,735,N21,VIIRS,l,2.0NRT,314.56,8.28,D
19.92431,79.52264,342.99,0.38,0.43,2026-04-09,735,N21,VIIRS,n,2.0NRT,307.7,4.42,D
19.92497,79.52617,333.54,0.38,0.43,2026-04-09,735,N21,VIIRS,l,2.0NRT,306.91,2.12,D
19.93151,76.92036,341.1,0.56,0.51,2026-04-09,735,N21,VIIRS,l,2.0NRT,311.83,22.12,D
19.93257,76.3343,338.81,0.61,0.53,2026-04-09,735,N21,VIIRS,l,2.0NRT,310.33,5.06,D
19.93377,74.15413,333.25,0.42,0.61,2026-04-09,735,N21,VIIRS,l,2.0NRT,305.83,2.46,D
19.94265,78.58566,337.68,0.44,0.46,2026-04-09,735,N21,VIIRS,l,2.0NRT,310.94,3.23,D
19.95084,78.69855,339.92,0.43,0.46,2026-04-09,735,N21,VIIRS,l,2.0NRT,310.67,2.87,D
19.95246,83.29224,337.14,0.4,0.37,2026-04-09,735,N21,VIIRS,n,2.0NRT,306.35,4.51,D
19.95917,83.93369,335.66,0.39,0.36,2026-04-09,735,N21,VIIRS,n,2.0NRT,301.71,5.66,D
19.9639,83.27829,333.15,0.4,0.37,2026-04-09,735,N21,VIIRS,n,2.0NRT,303.9,1.73,D
19.97972,79.75583,337.31,0.56,0.43,2026-04-09,735,N21,VIIRS,l,2.0NRT,310.91,6.57,D
19.98221,78.26156,338.52,0.46,0.47,2026-04-09,735,N21,VIIRS,l,2.0NRT,313.29,11.49,D
19.99522,73.32014,332.17,0.47,0.64,2026-04-09,735,N21,VIIRS,n,2.0NRT,301.4,3.99,D
20.00151,83.85464,335.41,0.39,0.36,2026-04-09,735,N21,VIIRS,n,2.0NRT,305.32,4.4,D
20.00235,83.99347,330.4,0.39,0.36,2026-04-09,735,N21,VIIRS,l,2.0NRT,302.76,1.98,D
20.01199,83.92078,330.9,0.39,0.36,2026-04-09,735,N21,VIIRS,n,2.0NRT,303.2,1.51,D
20.03227,80.79661,337.74,0.49,0.4,2026-04-09,735,N21,VIIRS,l,2.0NRT,306.4,6.41,D
20.03229,80.79529,344.12,0.49,0.4,2026-04-09,735,N21,VIIRS,n,2.0NRT,308.02,6.14,D
20.03906,75.45279,367,0.34,0.56,2026-04-09,735,N21,VIIRS,h,2.0NRT,310.88,7.52,D
20.04437,82.68732,330.39,0.41,0.37,2026-04-09,735,N21,VIIRS,l,2.0NRT,304.12,4.83,D
20.04832,83.06091,334.95,0.4,0.37,2026-04-09,735,N21,VIIRS,l,2.0NRT,308.4,3.3,D
20.0487,78.88653,341.5,0.42,0.45,2026-04-09,735,N21,VIIRS,l,2.0NRT,315.42,5.4,D
20.05028,77.43954,340.62,0.51,0.49,2026-04-09,735,N21,VIIRS,n,2.0NRT,307.87,4.17,D
20.05156,79.10535,339.84,0.4,0.45,2026-04-09,735,N21,VIIRS,l,2.0NRT,313.49,6.36,D
20.05202,77.43783,345.67,0.51,0.5,2026-04-09,735,N21,VIIRS,n,2.0NRT,310.97,9.31,D
20.05224,79.1048,340.23,0.4,0.44,2026-04-09,735,N21,VIIRS,l,2.0NRT,313.4,6.94,D
20.05261,78.72662,346.18,0.43,0.46,2026-04-09,735,N21,VIIRS,n,2.0NRT,313.38,8.3,D
20.05519,83.89436,335.88,0.39,0.36,2026-04-09,735,N21,VIIRS,n,2.0NRT,302.27,3.11,D
20.06186,75.46043,343.58,0.34,0.56,2026-04-09,735,N21,VIIRS,n,2.0NRT,311.18,3.6,D
20.06251,75.46351,342.56,0.34,0.56,2026-04-09,735,N21,VIIRS,n,2.0NRT,309.67,3.6,D
20.07174,77.21889,344.19,0.53,0.5,2026-04-09,735,N21,VIIRS,n,2.0NRT,310.99,8.59,D
20.07524,79.7961,337.15,0.55,0.43,2026-04-09,735,N21,VIIRS,l,2.0NRT,311.02,2.76,D
20.08139,83.52148,332.8,0.39,0.36,2026-04-09,735,N21,VIIRS,l,2.0NRT,305.22,5.6,D
20.08552,82.93694,343.27,0.4,0.37,2026-04-09,735,N21,VIIRS,n,2.0NRT,306.85,4.25,D
20.08608,76.47539,336.71,0.59,0.53,2026-04-09,735,N21,VIIRS,l,2.0NRT,308.09,6.17,D
20.10875,83.71436,330.83,0.39,0.36,2026-04-09,735,N21,VIIRS,l,2.0NRT,304.83,3,D
20.11042,83.66081,333.7,0.39,0.36,2026-04-09,735,N21,VIIRS,l,2.0NRT,306.42,5.63,D
20.12475,83.60131,333.64,0.39,0.36,2026-04-09,735,N21,VIIRS,l,2.0NRT,304.45,2.57,D
20.13231,83.58474,342.53,0.39,0.36,2026-04-09,735,N21,VIIRS,n,2.0NRT,305.52,5.65,D
20.1329,83.58843,336.54,0.39,0.36,2026-04-09,735,N21,VIIRS,l,2.0NRT,304.61,3.8,D
20.13562,83.58414,336.46,0.39,0.36,2026-04-09,735,N21,VIIRS,l,2.0NRT,305.3,2.88,D
20.1468,78.87068,338.98,0.42,0.45,2026-04-09,735,N21,VIIRS,l,2.0NRT,313.94,3.24,D
20.15111,75.46479,333.01,0.34,0.56,2026-04-09,735,N21,VIIRS,l,2.0NRT,303.06,4.6,D
20.15513,79.9418,341.88,0.54,0.42,2026-04-09,735,N21,VIIRS,n,2.0NRT,308.93,6.6,D
20.15838,77.10495,343.79,0.54,0.5,2026-04-09,735,N21,VIIRS,n,2.0NRT,309.82,7.37,D
20.16146,78.10045,343.68,0.46,0.47,2026-04-09,735,N21,VIIRS,l,2.0NRT,314.04,13.07,D
20.18109,80.12897,332.72,0.53,0.42,2026-04-09,735,N21,VIIRS,l,2.0NRT,307.32,2.56,D
20.19551,79.80364,332.86,0.55,0.43,2026-04-09,735,N21,VIIRS,l,2.0NRT,307.66,4.69,D
20.20193,83.57207,334.18,0.39,0.36,2026-04-09,735,N21,VIIRS,l,2.0NRT,303.93,5.89,D
20.21033,83.32588,338.56,0.4,0.37,2026-04-09,735,N21,VIIRS,n,2.0NRT,305.32,1.4,D
20.21759,75.18584,335.18,0.36,0.57,2026-04-09,735,N21,VIIRS,l,2.0NRT,309.15,2.24,D
20.22424,81.89223,337,0.44,0.38,2026-04-09,735,N21,VIIRS,l,2.0NRT,305.57,6.2,D
20.22564,78.57488,345.24,0.43,0.46,2026-04-09,735,N21,VIIRS,n,2.0NRT,314.58,7.79,D
20.23036,79.75391,336.44,0.55,0.43,2026-04-09,735,N21,VIIRS,l,2.0NRT,309.07,5.13,D
20.23665,79.85406,334.85,0.54,0.42,2026-04-09,735,N21,VIIRS,n,2.0NRT,307.52,2.69,D
20.24831,80.11248,337.08,0.53,0.42,2026-04-09,735,N21,VIIRS,l,2.0NRT,308.86,4.95,D
20.25334,83.36042,343.84,0.39,0.37,2026-04-09,735,N21,VIIRS,n,2.0NRT,307.66,2.37,D
20.25781,76.51108,336.37,0.58,0.52,2026-04-09,735,N21,VIIRS,l,2.0NRT,308.06,7,D
20.28598,76.35626,334.32,0.6,0.53,2026-04-09,735,N21,VIIRS,l,2.0NRT,305.27,8.36,D
20.29366,79.90596,336.55,0.54,0.42,2026-04-09,735,N21,VIIRS,l,2.0NRT,307.95,5.96,D
20.29815,78.53857,353.78,0.43,0.46,2026-04-09,735,N21,VIIRS,n,2.0NRT,317.83,29.84,D
20.29821,78.12695,336.75,0.46,0.47,2026-04-09,735,N21,VIIRS,l,2.0NRT,311.24,5.07,D
20.29975,78.14158,341.17,0.46,0.47,2026-04-09,735,N21,VIIRS,l,2.0NRT,312.08,5.53,D
20.29987,83.80502,333.02,0.39,0.36,2026-04-09,735,N21,VIIRS,l,2.0NRT,304.9,3.62,D
20.30064,78.13978,346.16,0.46,0.47,2026-04-09,735,N21,VIIRS,n,2.0NRT,313.33,5.9,D
20.30149,78.12793,340.44,0.46,0.47,2026-04-09,735,N21,VIIRS,n,2.0NRT,313.94,5.46,D
20.30174,83.23626,337.66,0.4,0.37,2026-04-09,735,N21,VIIRS,l,2.0NRT,309.22,3.51,D
20.30189,79.84098,338.86,0.54,0.42,2026-04-09,735,N21,VIIRS,n,2.0NRT,310.37,5.06,D
20.31165,83.57542,332.35,0.39,0.36,2026-04-09,735,N21,VIIRS,l,2.0NRT,304.47,2.57,D
20.31289,83.64727,343.83,0.39,0.36,2026-04-09,735,N21,VIIRS,n,2.0NRT,307.7,8.55,D
20.31458,79.91222,336.31,0.54,0.42,2026-04-09,735,N21,VIIRS,l,2.0NRT,309.54,4.37,D
20.31515,76.81834,332.73,0.55,0.51,2026-04-09,735,N21,VIIRS,l,2.0NRT,302.9,5.23,D
20.31805,77.07053,346.17,0.53,0.5,2026-04-09,735,N21,VIIRS,n,2.0NRT,310.94,18.79,D
20.31873,77.07232,343.66,0.53,0.5,2026-04-09,735,N21,VIIRS,n,2.0NRT,310.32,15.42,D
20.32235,83.15515,335.94,0.4,0.37,2026-04-09,735,N21,VIIRS,l,2.0NRT,308.08,5.18,D
20.32299,83.60394,342.64,0.39,0.36,2026-04-09,735,N21,VIIRS,l,2.0NRT,304.57,4.44,D
20.33136,75.35728,335.4,0.34,0.56,2026-04-09,735,N21,VIIRS,l,2.0NRT,308.31,5.5,D
20.33139,80.0109,333.99,0.53,0.42,2026-04-09,735,N21,VIIRS,l,2.0NRT,307.31,2.38,D
20.33197,75.36018,332.75,0.34,0.56,2026-04-09,735,N21,VIIRS,l,2.0NRT,306.78,3.53,D
20.33232,80.01592,342.03,0.53,0.42,2026-04-09,735,N21,VIIRS,n,2.0NRT,307.88,7.16,D
20.33249,80.01314,340.2,0.53,0.42,2026-04-09,735,N21,VIIRS,n,2.0NRT,307.51,5.57,D
20.33339,80.01817,342.81,0.53,0.42,2026-04-09,735,N21,VIIRS,n,2.0NRT,307.59,5.57,D
20.33499,83.96454,332.27,0.39,0.36,2026-04-09,735,N21,VIIRS,l,2.0NRT,303.82,3.04,D
20.33519,80.01015,341.33,0.53,0.42,2026-04-09,735,N21,VIIRS,n,2.0NRT,309.05,4.49,D
20.3383,83.59341,331.98,0.39,0.36,2026-04-09,735,N21,VIIRS,l,2.0NRT,304.65,2.71,D
20.34334,73.48843,333.61,0.46,0.63,2026-04-09,735,N21,VIIRS,n,2.0NRT,302.34,2.24,D
20.35423,83.90849,334.03,0.39,0.36,2026-04-09,735,N21,VIIRS,n,2.0NRT,303.86,2.2,D
20.3558,78.4052,344.62,0.44,0.46,2026-04-09,735,N21,VIIRS,l,2.0NRT,315.12,7.71,D
20.35956,78.08466,338.98,0.46,0.47,2026-04-09,735,N21,VIIRS,l,2.0NRT,312.78,4.3,D
20.36077,78.64182,341.06,0.43,0.46,2026-04-09,735,N21,VIIRS,l,2.0NRT,313.7,6.41,D
20.36866,78.24632,343.87,0.45,0.47,2026-04-09,735,N21,VIIRS,n,2.0NRT,315.29,11.22,D
20.37779,83.18,344.66,0.4,0.37,2026-04-09,735,N21,VIIRS,l,2.0NRT,305.45,8.54,D
20.38019,83.10984,336.72,0.4,0.37,2026-04-09,735,N21,VIIRS,l,2.0NRT,308.32,2.86,D
20.3832,83.68408,333.15,0.39,0.36,2026-04-09,735,N21,VIIRS,l,2.0NRT,303.38,4.72,D
20.38649,83.68349,349.5,0.39,0.36,2026-04-09,735,N21,VIIRS,n,2.0NRT,306.66,4.72,D
20.38723,83.77426,332.39,0.39,0.36,2026-04-09,735,N21,VIIRS,l,2.0NRT,306.3,1.98,D
20.38863,77.37189,337.83,0.51,0.49,2026-04-09,735,N21,VIIRS,l,2.0NRT,312.5,4.4,D
20.39044,83.98858,330.61,0.39,0.36,2026-04-09,735,N21,VIIRS,l,2.0NRT,302.71,2.66,D
20.39798,78.55589,343.3,0.43,0.46,2026-04-09,735,N21,VIIRS,l,2.0NRT,315.65,5.98,D
20.39889,79.88251,337.8,0.54,0.42,2026-04-09,735,N21,VIIRS,n,2.0NRT,307.4,5.3,D
20.40854,74.84729,331.74,0.37,0.58,2026-04-09,735,N21,VIIRS,l,2.0NRT,306.4,1.47,D
20.41018,79.88776,332.55,0.54,0.42,2026-04-09,735,N21,VIIRS,l,2.0NRT,307.3,2.01,D
20.41047,83.79285,330.26,0.39,0.36,2026-04-09,735,N21,VIIRS,l,2.0NRT,303.13,1.04,D
20.41121,80.32059,340,0.51,0.41,2026-04-09,735,N21,VIIRS,n,2.0NRT,309.19,5.49,D
20.41322,75.67149,339.92,0.33,0.55,2026-04-09,735,N21,VIIRS,n,2.0NRT,306.57,2.25,D
20.41409,83.70477,330.3,0.39,0.36,2026-04-09,735,N21,VIIRS,l,2.0NRT,303.6,2.15,D
20.41923,83.77975,335.56,0.39,0.36,2026-04-09,735,N21,VIIRS,n,2.0NRT,304.16,2.86,D
20.42173,77.37487,335.55,0.51,0.49,2026-04-09,735,N21,VIIRS,l,2.0NRT,309.26,7.36,D
20.42505,79.73107,333.38,0.55,0.43,2026-04-09,735,N21,VIIRS,l,2.0NRT,307.91,3.13,D
20.42542,79.49122,339.01,0.57,0.43,2026-04-09,735,N21,VIIRS,l,2.0NRT,311.02,4.14,D
20.42853,83.77433,334.3,0.39,0.36,2026-04-09,735,N21,VIIRS,n,2.0NRT,302.48,2.95,D
20.43182,83.77372,346.07,0.39,0.36,2026-04-09,735,N21,VIIRS,n,2.0NRT,302.11,4.96,D
20.45431,80.47506,333.03,0.5,0.41,2026-04-09,735,N21,VIIRS,l,2.0NRT,305.14,1.9,D
20.46338,80.48299,340.43,0.5,0.41,2026-04-09,735,N21,VIIRS,n,2.0NRT,305.2,8.04,D
20.46623,80.47755,336.28,0.5,0.41,2026-04-09,735,N21,VIIRS,n,2.0NRT,305.21,3.49,D
20.46707,80.48228,340.39,0.5,0.41,2026-04-09,735,N21,VIIRS,n,2.0NRT,305.25,4.6,D
20.46993,80.47684,336,0.5,0.41,2026-04-09,735,N21,VIIRS,n,2.0NRT,304.75,3.49,D
20.47011,80.52081,346.14,0.5,0.41,2026-04-09,735,N21,VIIRS,n,2.0NRT,307.53,7.61,D
20.4707,75.5972,333.71,0.33,0.55,2026-04-09,735,N21,VIIRS,l,2.0NRT,308.04,2.18,D
20.47077,80.48155,332.1,0.5,0.41,2026-04-09,735,N21,VIIRS,l,2.0NRT,305.34,4.6,D
20.47894,79.87403,332.99,0.54,0.42,2026-04-09,735,N21,VIIRS,l,2.0NRT,307.51,3.4,D
20.48959,77.83379,340.24,0.47,0.48,2026-04-09,735,N21,VIIRS,l,2.0NRT,313.56,9.84,D
20.48987,78.1005,344.64,0.46,0.47,2026-04-09,735,N21,VIIRS,n,2.0NRT,314.28,6.63,D
20.49277,77.50149,337.9,0.5,0.49,2026-04-09,735,N21,VIIRS,l,2.0NRT,308.52,4.77,D
20.51485,78.83495,340.72,0.41,0.45,2026-04-09,735,N21,VIIRS,l,2.0NRT,314.38,5.66,D
20.51817,83.78459,341.87,0.39,0.36,2026-04-09,735,N21,VIIRS,n,2.0NRT,304.74,3.46,D
20.52719,79.75566,334.44,0.55,0.42,2026-04-09,735,N21,VIIRS,l,2.0NRT,307.6,3.4,D
20.5398,83.78799,342.75,0.39,0.36,2026-04-09,735,N21,VIIRS,n,2.0NRT,305.56,4.2,D
20.54309,83.7874,337.3,0.39,0.36,2026-04-09,735,N21,VIIRS,n,2.0NRT,305.51,2.25,D
20.54638,83.78681,331.98,0.39,0.36,2026-04-09,735,N21,VIIRS,l,2.0NRT,303.68,2.25,D
20.55618,74.34179,332.38,0.4,0.6,2026-04-09,735,N21,VIIRS,l,2.0NRT,304.7,3.13,D
20.56157,74.34063,342.51,0.4,0.6,2026-04-09,735,N21,VIIRS,n,2.0NRT,307.8,3.13,D
20.56399,80.39118,333.86,0.5,0.41,2026-04-09,735,N21,VIIRS,l,2.0NRT,307.04,2.58,D
20.57015,73.68044,342.41,0.44,0.62,2026-04-09,735,N21,VIIRS,n,2.0NRT,301.45,7.42,D
20.57159,73.67723,332.22,0.44,0.62,2026-04-09,735,N21,VIIRS,n,2.0NRT,299.78,6.2,D
20.59723,83.42112,346.96,0.39,0.36,2026-04-09,735,N21,VIIRS,n,2.0NRT,306.54,4.9,D
20.59783,83.42484,342.83,0.39,0.36,2026-04-09,735,N21,VIIRS,l,2.0NRT,306.5,4.9,D
20.60069,78.93201,340.63,0.4,0.45,2026-04-09,735,N21,VIIRS,l,2.0NRT,314.09,6.02,D
20.60702,80.46125,335.47,0.5,0.41,2026-04-09,735,N21,VIIRS,n,2.0NRT,307.37,3.92,D
20.60893,84.20811,340.36,0.38,0.36,2026-04-09,735,N21,VIIRS,n,2.0NRT,304.6,3.15,D
20.61221,84.20753,337.3,0.38,0.36,2026-04-09,735,N21,VIIRS,n,2.0NRT,303.17,3.15,D
20.63174,79.4671,347.62,0.56,0.43,2026-04-09,735,N21,VIIRS,n,2.0NRT,311.44,16.84,D
20.65358,77.88267,344.38,0.47,0.48,2026-04-09,735,N21,VIIRS,n,2.0NRT,315.15,8.67,D
20.65755,80.28019,333.73,0.51,0.41,2026-04-09,735,N21,VIIRS,l,2.0NRT,307.94,1.84,D
20.66504,83.69794,331.13,0.39,0.36,2026-04-09,735,N21,VIIRS,l,2.0NRT,305.14,1.84,D
20.6714,84.11086,337.53,0.38,0.36,2026-04-09,735,N21,VIIRS,n,2.0NRT,306.62,2.53,D
20.67411,84.10664,331.95,0.38,0.36,2026-04-09,735,N21,VIIRS,l,2.0NRT,306.18,1.92,D
20.6778,83.77887,337.04,0.39,0.36,2026-04-09,735,N21,VIIRS,l,2.0NRT,307.45,3.09,D
20.68353,81.49384,338.64,0.45,0.39,2026-04-09,735,N21,VIIRS,l,2.0NRT,306.67,5.62,D
20.68649,78.14468,339.8,0.45,0.47,2026-04-09,735,N21,VIIRS,l,2.0NRT,314.14,11.43,D
20.69104,73.70451,334.08,0.43,0.62,2026-04-09,735,N21,VIIRS,n,2.0NRT,303.63,4.23,D
20.69253,73.70306,331.85,0.43,0.62,2026-04-09,735,N21,VIIRS,l,2.0NRT,303.93,7.75,D
20.69324,73.70632,332.4,0.43,0.62,2026-04-09,735,N21,VIIRS,n,2.0NRT,301.72,4.78,D
20.70354,73.78547,330.15,0.43,0.62,2026-04-09,735,N21,VIIRS,l,2.0NRT,303.04,2.77,D
20.71161,80.33649,338.84,0.5,0.41,2026-04-09,735,N21,VIIRS,n,2.0NRT,308.66,5.26,D
20.71176,83.69339,335.68,0.39,0.36,2026-04-09,735,N21,VIIRS,l,2.0NRT,308.15,3.18,D
20.71202,84.2577,330.41,0.38,0.36,2026-04-09,735,N21,VIIRS,l,2.0NRT,304.18,1.27,D
20.71742,80.35781,333.56,0.5,0.41,2026-04-09,735,N21,VIIRS,l,2.0NRT,308.45,3.67,D
20.72823,80.34338,347.42,0.5,0.41,2026-04-09,735,N21,VIIRS,n,2.0NRT,308.5,6.84,D
20.7285,80.32365,367,0.51,0.41,2026-04-09,735,N21,VIIRS,h,2.0NRT,308.4,13.22,D
20.73108,80.33791,339.79,0.5,0.41,2026-04-09,735,N21,VIIRS,n,2.0NRT,308.88,4.11,D
20.73215,83.4118,342.98,0.39,0.36,2026-04-09,735,N21,VIIRS,n,2.0NRT,307.25,1.79,D
20.73351,78.09536,344.61,0.45,0.47,2026-04-09,735,N21,VIIRS,n,2.0NRT,317.01,7.82,D
20.73411,78.09482,347.5,0.45,0.47,2026-04-09,735,N21,VIIRS,n,2.0NRT,317.28,10.1,D
20.73448,79.1488,343.27,0.39,0.44,2026-04-09,735,N21,VIIRS,l,2.0NRT,315.7,5.9,D
20.73777,79.14439,339.37,0.39,0.44,2026-04-09,735,N21,VIIRS,l,2.0NRT,313.17,6.7,D
20.73797,80.37604,335.73,0.5,0.41,2026-04-09,735,N21,VIIRS,l,2.0NRT,309.46,1.95,D
20.73897,79.12884,341.36,0.39,0.44,2026-04-09,735,N21,VIIRS,n,2.0NRT,313.57,5.45,D
20.75934,73.72218,333.14,0.43,0.62,2026-04-09,735,N21,VIIRS,n,2.0NRT,302.73,3.97,D
20.76855,79.96338,336.39,0.53,0.42,2026-04-09,735,N21,VIIRS,l,2.0NRT,311.16,4.67,D
20.77104,84.55447,339.28,0.38,0.36,2026-04-09,735,N21,VIIRS,n,2.0NRT,309.4,5.32,D
20.7779,80.47076,337.8,0.5,0.41,2026-04-09,735,N21,VIIRS,l,2.0NRT,307.85,6,D
20.78062,83.91097,337.01,0.39,0.36,2026-04-09,735,N21,VIIRS,n,2.0NRT,306.97,5.33,D
20.78378,84.61589,334.84,0.38,0.36,2026-04-09,735,N21,VIIRS,n,2.0NRT,300.64,2.56,D
20.7888,72.9087,340.95,0.48,0.65,2026-04-09,735,N21,VIIRS,n,2.0NRT,303.1,10.55,D
20.7904,81.32991,355.82,0.45,0.39,2026-04-09,735,N21,VIIRS,l,2.0NRT,316.03,30.37,D
20.79338,81.34698,345.67,0.45,0.39,2026-04-09,735,N21,VIIRS,l,2.0NRT,310.71,9.94,D
20.79426,85.2534,344.27,0.39,0.36,2026-04-09,735,N21,VIIRS,n,2.0NRT,306.08,14.53,D
20.79463,84.24701,330.71,0.38,0.36,2026-04-09,735,N21,VIIRS,l,2.0NRT,305.11,2.97,D
20.79691,81.34631,354.11,0.45,0.39,2026-04-09,735,N21,VIIRS,n,2.0NRT,313.21,9.94,D
20.79865,85.26024,336.36,0.39,0.36,2026-04-09,735,N21,VIIRS,n,2.0NRT,304.47,4.46,D
20.80503,76.48511,343.94,0.57,0.52,2026-04-09,735,N21,VIIRS,n,2.0NRT,310.57,17.58,D
20.80526,85.25913,334.48,0.39,0.36,2026-04-09,735,N21,VIIRS,l,2.0NRT,305.47,4.09,D
20.80593,73.90636,330.72,0.42,0.61,2026-04-09,735,N21,VIIRS,l,2.0NRT,305.25,1.8,D
20.81705,84.56893,333.37,0.38,0.36,2026-04-09,735,N21,VIIRS,n,2.0NRT,301.49,3.19,D
20.82028,84.12199,349.08,0.38,0.36,2026-04-09,735,N21,VIIRS,n,2.0NRT,307.63,6.59,D
20.82085,84.12565,345.75,0.38,0.36,2026-04-09,735,N21,VIIRS,n,2.0NRT,308.29,6.59,D
20.82154,78.94148,354.15,0.4,0.44,2026-04-09,735,N21,VIIRS,n,2.0NRT,315.78,10.11,D
20.82865,83.7213,331.67,0.39,0.36,2026-04-09,735,N21,VIIRS,l,2.0NRT,306.38,1.1,D
20.84158,73.99007,339.07,0.41,0.61,2026-04-09,735,N21,VIIRS,n,2.0NRT,304.61,6.23,D
20.84509,81.49895,334.65,0.44,0.39,2026-04-09,735,N21,VIIRS,l,2.0NRT,307.69,5.45,D
20.84885,81.41537,341.36,0.45,0.39,2026-04-09,735,N21,VIIRS,n,2.0NRT,309.16,11.18,D
20.85212,81.3709,337.13,0.45,0.39,2026-04-09,735,N21,VIIRS,l,2.0NRT,305.83,4.09,D
20.85895,78.51826,344.03,0.42,0.45,2026-04-09,735,N21,VIIRS,l,2.0NRT,315.24,7.75,D
20.86218,78.7783,344.63,0.41,0.45,2026-04-09,735,N21,VIIRS,n,2.0NRT,317.11,6.82,D
20.86222,78.77867,346.63,0.41,0.45,2026-04-09,735,N21,VIIRS,n,2.0NRT,317.61,8.04,D
20.86364,84.98893,332.03,0.39,0.36,2026-04-09,735,N21,VIIRS,l,2.0NRT,304.8,3.66,D
20.86419,84.99261,335.54,0.39,0.36,2026-04-09,735,N21,VIIRS,l,2.0NRT,305.86,3.78,D
20.86664,78.10264,350.55,0.45,0.47,2026-04-09,735,N21,VIIRS,n,2.0NRT,314.81,10.66,D
20.86748,84.99204,330.91,0.39,0.36,2026-04-09,735,N21,VIIRS,l,2.0NRT,305.4,3.78,D
20.87858,84.06293,331.7,0.38,0.36,2026-04-09,735,N21,VIIRS,l,2.0NRT,305.79,2.42,D
20.88366,81.23797,334.23,0.46,0.39,2026-04-09,735,N21,VIIRS,l,2.0NRT,305.57,4.3,D
20.91587,79.48882,334.89,0.56,0.43,2026-04-09,735,N21,VIIRS,l,2.0NRT,308.92,3.3,D
20.92162,79.94498,333.7,0.53,0.42,2026-04-09,735,N21,VIIRS,l,2.0NRT,306.28,3.78,D
20.9473,86.04404,332.18,0.4,0.37,2026-04-09,735,N21,VIIRS,n,2.0NRT,299.93,2.95,D
20.95852,75.41285,336.33,0.33,0.55,2026-04-09,735,N21,VIIRS,n,2.0NRT,305.67,2.57,D
20.95857,75.4126,337.68,0.33,0.55,2026-04-09,735,N21,VIIRS,n,2.0NRT,305.6,6.99,D
20.96149,85.18728,341.19,0.39,0.36,2026-04-09,735,N21,VIIRS,n,2.0NRT,307.63,11.6,D
20.96246,86.00623,341.38,0.4,0.37,2026-04-09,735,N21,VIIRS,n,2.0NRT,302.95,7.4,D
20.96261,85.17194,342.75,0.39,0.36,2026-04-09,735,N21,VIIRS,n,2.0NRT,307.91,9.61,D
20.96481,85.16399,335.83,0.39,0.36,2026-04-09,735,N21,VIIRS,l,2.0NRT,306.98,5.12,D
20.96536,85.16769,345.27,0.39,0.36,2026-04-09,735,N21,VIIRS,n,2.0NRT,307.89,5.12,D
20.96591,85.17138,333.81,0.39,0.36,2026-04-09,735,N21,VIIRS,l,2.0NRT,306.78,5.26,D
20.96608,83.88164,342.04,0.39,0.36,2026-04-09,735,N21,VIIRS,n,2.0NRT,308.63,3.89,D
20.96647,85.15236,331.79,0.39,0.36,2026-04-09,735,N21,VIIRS,l,2.0NRT,304.6,4.17,D
20.96702,85.15606,330.64,0.39,0.36,2026-04-09,735,N21,VIIRS,l,2.0NRT,303.61,2.83,D
20.96921,85.17083,337.96,0.39,0.36,2026-04-09,735,N21,VIIRS,n,2.0NRT,307.31,5.26,D
20.96976,85.17452,353.27,0.39,0.36,2026-04-09,735,N21,VIIRS,n,2.0NRT,309.7,5.26,D
20.9703,85.17821,337.27,0.39,0.36,2026-04-09,735,N21,VIIRS,n,2.0NRT,306.51,7.11,D
20.97032,85.1555,337.8,0.39,0.36,2026-04-09,735,N21,VIIRS,n,2.0NRT,306.58,2.91,D
20.97578,83.94396,341.16,0.39,0.36,2026-04-09,735,N21,VIIRS,n,2.0NRT,305.5,2.3,D
20.97635,83.94762,331.49,0.39,0.36,2026-04-09,735,N21,VIIRS,l,2.0NRT,306.42,2.3,D
20.97636,85.17342,334.56,0.39,0.36,2026-04-09,735,N21,VIIRS,l,2.0NRT,306.07,4.84,D
20.97734,80.08182,335.4,0.52,0.41,2026-04-09,735,N21,VIIRS,l,2.0NRT,309.18,5.58,D
21.02379,73.5408,336.03,0.44,0.62,2026-04-09,735,N21,VIIRS,n,2.0NRT,305.9,3.2,D
21.02476,85.08952,338.44,0.39,0.36,2026-04-09,735,N21,VIIRS,n,2.0NRT,304.03,2.58,D
21.03009,84.04741,340.75,0.38,0.36,2026-04-09,735,N21,VIIRS,n,2.0NRT,308.64,4.49,D
21.03186,85.02404,338.57,0.39,0.36,2026-04-09,735,N21,VIIRS,n,2.0NRT,301.57,5.48,D
21.03277,75.59078,332.43,0.32,0.55,2026-04-09,735,N21,VIIRS,l,2.0NRT,305.61,1.46,D
21.03889,72.83414,355.28,0.48,0.65,2026-04-09,735,N21,VIIRS,n,2.0NRT,303.73,13.16,D
21.03993,72.83459,367,0.48,0.65,2026-04-09,735,N21,VIIRS,h,2.0NRT,304.47,13.21,D
21.04588,80.24077,342.14,0.51,0.41,2026-04-09,735,N21,VIIRS,n,2.0NRT,313.9,11.03,D
21.04782,85.06292,333.53,0.39,0.36,2026-04-09,735,N21,VIIRS,n,2.0NRT,302.85,2.49,D
21.06406,76.91714,343.28,0.53,0.5,2026-04-09,735,N21,VIIRS,n,2.0NRT,308.83,6.56,D
21.06919,83.53768,340.11,0.39,0.36,2026-04-09,735,N21,VIIRS,n,2.0NRT,305.72,6.11,D
21.07493,79.49718,345.68,0.55,0.43,2026-04-09,735,N21,VIIRS,n,2.0NRT,312.97,10.27,D
21.0786,85.0386,335.62,0.39,0.36,2026-04-09,735,N21,VIIRS,l,2.0NRT,308.38,5.51,D
21.10148,72.63385,344.36,0.5,0.66,2026-04-09,735,N21,VIIRS,n,2.0NRT,304.46,11.23,D
21.10365,72.64307,332.78,0.5,0.65,2026-04-09,735,N21,VIIRS,l,2.0NRT,303.9,12.12,D
21.10414,72.63508,353.1,0.5,0.66,2026-04-09,735,N21,VIIRS,n,2.0NRT,303.9,11.45,D
21.10472,72.64766,342.69,0.5,0.65,2026-04-09,735,N21,VIIRS,n,2.0NRT,305.18,10,D
21.10577,79.49053,336.64,0.55,0.43,2026-04-09,735,N21,VIIRS,l,2.0NRT,309.44,15.64,D
21.10623,72.64432,351.8,0.5,0.66,2026-04-09,735,N21,VIIRS,n,2.0NRT,305.08,12.53,D
21.10653,79.48739,344.72,0.55,0.43,2026-04-09,735,N21,VIIRS,n,2.0NRT,308.5,16.07,D
21.12677,79.44522,338.64,0.56,0.43,2026-04-09,735,N21,VIIRS,l,2.0NRT,313.32,13.2,D
21.13629,79.32253,341.05,0.56,0.43,2026-04-09,735,N21,VIIRS,n,2.0NRT,311.33,6.84,D
21.14886,80.22675,348.08,0.5,0.41,2026-04-09,735,N21,VIIRS,n,2.0NRT,312.33,8.38,D
21.15218,84.17597,337.7,0.38,0.36,2026-04-09,735,N21,VIIRS,n,2.0NRT,304.31,2.69,D
21.15275,84.17963,336.51,0.38,0.36,2026-04-09,735,N21,VIIRS,n,2.0NRT,303.74,2.69,D
21.159,81.91234,341.88,0.43,0.38,2026-04-09,735,N21,VIIRS,l,2.0NRT,312.18,14.73,D
21.16159,80.462,336.96,0.49,0.4,2026-04-09,735,N21,VIIRS,l,2.0NRT,308.96,4.14,D
21.17693,79.52162,340.41,0.55,0.43,2026-04-09,735,N21,VIIRS,l,2.0NRT,312.61,10.69,D
21.18218,75.60908,345.81,0.32,0.54,2026-04-09,735,N21,VIIRS,n,2.0NRT,304.07,3.41,D
21.18382,84.61005,348.78,0.38,0.36,2026-04-09,735,N21,VIIRS,n,2.0NRT,306.22,5.76,D
21.18926,77.33171,333.52,0.5,0.49,2026-04-09,735,N21,VIIRS,l,2.0NRT,307.74,5.78,D
21.18936,80.30267,344.58,0.5,0.41,2026-04-09,735,N21,VIIRS,n,2.0NRT,304.35,10.62,D
21.19262,79.40987,341.57,0.56,0.43,2026-04-09,735,N21,VIIRS,l,2.0NRT,312.21,8.43,D
21.19313,79.40787,342.06,0.56,0.43,2026-04-09,735,N21,VIIRS,l,2.0NRT,314.42,32.76,D
21.19358,79.41515,337.96,0.56,0.43,2026-04-09,735,N21,VIIRS,l,2.0NRT,311.48,5.91,D
21.19412,79.41312,341.35,0.56,0.43,2026-04-09,735,N21,VIIRS,l,2.0NRT,316.03,32.76,D
21.1965,79.40908,345.8,0.56,0.43,2026-04-09,735,N21,VIIRS,n,2.0NRT,320.34,40.57,D
21.19745,79.41436,338.65,0.56,0.43,2026-04-09,735,N21,VIIRS,l,2.0NRT,313.42,13.99,D
21.22802,84.60593,342.89,0.38,0.36,2026-04-09,735,N21,VIIRS,n,2.0NRT,306.73,3.33,D
21.23071,77.15282,338.95,0.51,0.49,2026-04-09,735,N21,VIIRS,l,2.0NRT,309.92,9.65,D
21.23319,80.46327,335.5,0.49,0.4,2026-04-09,735,N21,VIIRS,l,2.0NRT,306.38,2.78,D
21.23839,82.95377,341.35,0.4,0.37,2026-04-09,735,N21,VIIRS,l,2.0NRT,311.66,11.48,D
21.24344,70.02309,336.03,0.72,0.76,2026-04-09,735,N21,VIIRS,n,2.0NRT,297.8,6.2,D
21.24574,70.02572,333.45,0.72,0.76,2026-04-09,735,N21,VIIRS,n,2.0NRT,298.19,7.22,D
21.25286,78.3318,340.92,0.43,0.46,2026-04-09,735,N21,VIIRS,n,2.0NRT,314.04,4.09,D
21.25364,78.33585,342.1,0.43,0.46,2026-04-09,735,N21,VIIRS,l,2.0NRT,312.42,4.09,D
21.25442,78.33989,340.37,0.43,0.46,2026-04-09,735,N21,VIIRS,l,2.0NRT,311.54,2.31,D
21.25471,85.14923,335.62,0.39,0.36,2026-04-09,735,N21,VIIRS,l,2.0NRT,308.01,2.86,D
21.25698,78.33091,345.07,0.43,0.46,2026-04-09,735,N21,VIIRS,n,2.0NRT,316.69,6.34,D
21.25777,78.33499,350.46,0.43,0.46,2026-04-09,735,N21,VIIRS,n,2.0NRT,317.38,6.34,D
21.26477,79.24986,336.63,0.57,0.43,2026-04-09,735,N21,VIIRS,l,2.0NRT,310.59,2.74,D
21.26769,79.24368,339.26,0.57,0.43,2026-04-09,735,N21,VIIRS,n,2.0NRT,311.03,4.96,D
21.26867,79.24905,337.87,0.57,0.43,2026-04-09,735,N21,VIIRS,l,2.0NRT,312.32,4.56,D
21.27247,79.16123,342.36,0.57,0.43,2026-04-09,735,N21,VIIRS,n,2.0NRT,310.91,2.57,D
21.27846,93.49934,342.5,0.35,0.56,2026-04-09,735,N21,VIIRS,n,2.0NRT,273.64,7.24,D
21.28355,78.69068,337.91,0.41,0.45,2026-04-09,735,N21,VIIRS,l,2.0NRT,312.87,3.58,D
21.2838,78.69037,338.05,0.41,0.45,2026-04-09,735,N21,VIIRS,l,2.0NRT,313.01,4.66,D
21.28406,73.56808,344.4,0.43,0.62,2026-04-09,735,N21,VIIRS,n,2.0NRT,305.9,5.51,D
21.30604,79.52015,338.65,0.55,0.42,2026-04-09,735,N21,VIIRS,l,2.0NRT,312.5,5.98,D
21.30938,79.38414,340.34,0.56,0.43,2026-04-09,735,N21,VIIRS,l,2.0NRT,314.63,7.32,D
21.31291,75.26347,351.4,0.33,0.56,2026-04-09,735,N21,VIIRS,n,2.0NRT,309.59,4.31,D
21.31618,80.50539,334.57,0.49,0.4,2026-04-09,735,N21,VIIRS,l,2.0NRT,306.14,1.35,D
21.31989,83.44316,334.12,0.39,0.36,2026-04-09,735,N21,VIIRS,n,2.0NRT,303.95,1.98,D
21.32631,95.45522,338.73,0.47,0.64,2026-04-09,735,N21,VIIRS,n,2.0NRT,302.18,3.22,D
21.3265,95.45414,337.57,0.47,0.64,2026-04-09,735,N21,VIIRS,n,2.0NRT,302.28,4.43,D
21.34562,73.99977,338.35,0.4,0.6,2026-04-09,735,N21,VIIRS,n,2.0NRT,305.86,3.94,D
21.36691,79.29785,342.42,0.56,0.43,2026-04-09,735,N21,VIIRS,l,2.0NRT,315.37,28.73,D
21.36803,73.71351,333.74,0.42,0.61,2026-04-09,735,N21,VIIRS,n,2.0NRT,304.7,2.86,D
21.36809,73.71213,333.06,0.42,0.61,2026-04-09,735,N21,VIIRS,l,2.0NRT,303.98,3.77,D
21.37064,79.55732,344.93,0.54,0.42,2026-04-09,735,N21,VIIRS,n,2.0NRT,309.29,8.5,D
21.37841,80.05057,338.05,0.51,0.41,2026-04-09,735,N21,VIIRS,l,2.0NRT,310.82,6.14,D
21.3927,74.0075,340.41,0.4,0.6,2026-04-09,735,N21,VIIRS,n,2.0NRT,306.1,3.82,D
21.39473,74.6722,352.12,0.36,0.58,2026-04-09,735,N21,VIIRS,n,2.0NRT,303.26,5.85,D
21.40378,80.63973,334.13,0.48,0.4,2026-04-09,735,N21,VIIRS,l,2.0NRT,307.84,5.61,D
21.40794,81.6776,339.12,0.43,0.38,2026-04-09,735,N21,VIIRS,l,2.0NRT,313.2,7.06,D
21.41201,77.64555,334.5,0.47,0.48,2026-04-09,735,N21,VIIRS,l,2.0NRT,306.61,3.67,D
21.41808,75.49297,337.18,0.32,0.55,2026-04-09,735,N21,VIIRS,n,2.0NRT,304.46,3.89,D
21.41912,74.10249,348.59,0.39,0.6,2026-04-09,735,N21,VIIRS,n,2.0NRT,302.86,6.58,D
21.41936,75.49146,343.01,0.32,0.55,2026-04-09,735,N21,VIIRS,n,2.0NRT,306.36,5.14,D
21.43415,81.64285,339.55,0.43,0.38,2026-04-09,735,N21,VIIRS,l,2.0NRT,311.4,8.87,D
21.43734,85.48849,337.3,0.39,0.36,2026-04-09,735,N21,VIIRS,n,2.0NRT,306.38,6.68,D
21.4565,85.55096,335.46,0.4,0.37,2026-04-09,735,N21,VIIRS,n,2.0NRT,304.26,3.49,D
21.45993,71.50914,336.11,0.58,0.69,2026-04-09,735,N21,VIIRS,n,2.0NRT,305.43,4.47,D
21.48722,81.27072,336.51,0.45,0.39,2026-04-09,735,N21,VIIRS,l,2.0NRT,307.16,9.34,D
21.49385,80.08355,335.59,0.51,0.41,2026-04-09,735,N21,VIIRS,l,2.0NRT,307.79,4.69,D
21.50565,82.04661,335.66,0.42,0.38,2026-04-09,735,N21,VIIRS,l,2.0NRT,306.06,5.6,D
21.52098,73.59671,330.9,0.42,0.61,2026-04-09,735,N21,VIIRS,l,2.0NRT,302.2,2.87,D
21.52474,77.993,342.46,0.44,0.46,2026-04-09,735,N21,VIIRS,l,2.0NRT,316.12,5.97,D
21.52649,73.59543,333.59,0.42,0.61,2026-04-09,735,N21,VIIRS,l,2.0NRT,304.06,2.87,D
21.53416,85.42981,335.82,0.39,0.36,2026-04-09,735,N21,VIIRS,l,2.0NRT,306.44,4.52,D
21.54116,71.02043,334.8,0.62,0.71,2026-04-09,735,N21,VIIRS,l,2.0NRT,307.23,5.59,D
21.54128,85.43304,346.92,0.39,0.36,2026-04-09,735,N21,VIIRS,n,2.0NRT,307.23,7,D
21.56242,72.91379,331.26,0.47,0.64,2026-04-09,735,N21,VIIRS,n,2.0NRT,300.78,2.98,D
21.57584,71.67444,330.1,0.56,0.69,2026-04-09,735,N21,VIIRS,l,2.0NRT,303.4,2.86,D
21.58564,95.9744,340.67,0.51,0.66,2026-04-09,735,N21,VIIRS,n,2.0NRT,300.62,5.08,D
21.59174,85.33631,335.06,0.39,0.36,2026-04-09,735,N21,VIIRS,n,2.0NRT,303.63,2.34,D
21.59338,83.27486,335.71,0.39,0.36,2026-04-09,735,N21,VIIRS,l,2.0NRT,308.51,3.19,D
21.60863,69.70581,335.55,0.74,0.76,2026-04-09,735,N21,VIIRS,n,2.0NRT,296.79,8.16,D
21.61111,82.72863,336.83,0.4,0.37,2026-04-09,735,N21,VIIRS,l,2.0NRT,308.46,3.64,D
21.61188,77.02945,340.46,0.51,0.49,2026-04-09,735,N21,VIIRS,n,2.0NRT,309.18,4.38,D
21.63746,81.256,343.39,0.45,0.39,2026-04-09,735,N21,VIIRS,n,2.0NRT,309.43,7,D
21.63826,81.25633,338.81,0.45,0.39,2026-04-09,735,N21,VIIRS,l,2.0NRT,309.42,7.6,D
21.63898,83.07002,338.67,0.39,0.36,2026-04-09,735,N21,VIIRS,l,2.0NRT,310.9,4.2,D
21.63951,81.43805,341.09,0.44,0.38,2026-04-09,735,N21,VIIRS,n,2.0NRT,306.74,8.92,D
21.66135,76.6666,334.71,0.53,0.5,2026-04-09,735,N21,VIIRS,l,2.0NRT,307.04,2.12,D
21.6634,82.31747,355.12,0.41,0.37,2026-04-09,735,N21,VIIRS,l,2.0NRT,313.79,22.6,D
21.66573,76.1923,334.48,0.57,0.52,2026-04-09,735,N21,VIIRS,n,2.0NRT,301.86,6.52,D
21.66683,76.18886,341.14,0.57,0.52,2026-04-09,735,N21,VIIRS,n,2.0NRT,305.08,6.29,D
21.6731,82.58684,339.72,0.4,0.37,2026-04-09,735,N21,VIIRS,l,2.0NRT,313.64,22.01,D
21.67459,74.44727,337.96,0.37,0.58,2026-04-09,735,N21,VIIRS,n,2.0NRT,301.45,3.05,D
21.67506,74.59881,331.1,0.36,0.57,2026-04-09,735,N21,VIIRS,n,2.0NRT,293.62,4.11,D
21.67581,74.60221,341.52,0.36,0.57,2026-04-09,735,N21,VIIRS,n,2.0NRT,297.24,5.02,D
21.67644,82.5862,347.38,0.4,0.37,2026-04-09,735,N21,VIIRS,l,2.0NRT,317.16,22.01,D
21.69162,84.00879,336.95,0.38,0.36,2026-04-09,735,N21,VIIRS,n,2.0NRT,310.21,3.22,D
21.71804,76.75861,342.34,0.53,0.5,2026-04-09,735,N21,VIIRS,n,2.0NRT,310.54,10.32,D
21.72845,85.22453,335.35,0.39,0.36,2026-04-09,735,N21,VIIRS,n,2.0NRT,303.17,3.82,D
21.73382,83.70992,336.04,0.39,0.36,2026-04-09,735,N21,VIIRS,l,2.0NRT,306.6,2.1,D
21.73935,77.48006,347.06,0.47,0.48,2026-04-09,735,N21,VIIRS,n,2.0NRT,313.08,7.84,D
21.73947,85.23036,331.58,0.39,0.36,2026-04-09,735,N21,VIIRS,l,2.0NRT,303.72,3.24,D
21.74728,83.9763,339.71,0.38,0.36,2026-04-09,735,N21,VIIRS,l,2.0NRT,311.51,5.13,D
21.75125,83.92992,341.7,0.38,0.36,2026-04-09,735,N21,VIIRS,n,2.0NRT,306.22,7.07,D
21.75228,84.95,346.35,0.39,0.36,2026-04-09,735,N21,VIIRS,n,2.0NRT,309.86,7.91,D
21.76134,72.90481,332,0.46,0.64,2026-04-09,735,N21,VIIRS,l,2.0NRT,303.67,4,D
21.77951,82.29637,337.43,0.41,0.37,2026-04-09,735,N21,VIIRS,l,2.0NRT,310.12,5.54,D
21.78041,78.73264,336.33,0.4,0.44,2026-04-09,735,N21,VIIRS,l,2.0NRT,311.22,4.02,D
21.7865,76.91257,338.95,0.51,0.5,2026-04-09,735,N21,VIIRS,n,2.0NRT,309.56,4.64,D
21.80323,84.13577,336.86,0.38,0.36,2026-04-09,735,N21,VIIRS,n,2.0NRT,305.94,2.89,D
21.81446,77.07645,347.03,0.5,0.49,2026-04-09,735,N21,VIIRS,n,2.0NRT,313.73,8.87,D
21.818,77.07106,342.64,0.5,0.49,2026-04-09,735,N21,VIIRS,n,2.0NRT,311.1,8.87,D
21.82044,75.75861,333.12,0.61,0.53,2026-04-09,735,N21,VIIRS,l,2.0NRT,304.16,6.62,D
21.83231,83.44868,333.02,0.39,0.36,2026-04-09,735,N21,VIIRS,l,2.0NRT,306.36,2.43,D
21.83476,75.87381,340.49,0.59,0.53,2026-04-09,735,N21,VIIRS,n,2.0NRT,305.39,7.28,D
21.83719,83.32944,338.23,0.39,0.36,2026-04-09,735,N21,VIIRS,l,2.0NRT,310.66,8.33,D
21.85933,70.09375,330.18,0.69,0.74,2026-04-09,735,N21,VIIRS,l,2.0NRT,301.27,4.99,D
21.86004,79.13535,343.06,0.56,0.43,2026-04-09,735,N21,VIIRS,n,2.0NRT,312.35,6.58,D
21.86492,79.13986,345.08,0.56,0.43,2026-04-09,735,N21,VIIRS,l,2.0NRT,315.38,14.43,D
21.8678,79.13364,345.36,0.56,0.43,2026-04-09,735,N21,VIIRS,l,2.0NRT,319.38,14.43,D
21.86895,84.14682,332.48,0.38,0.36,2026-04-09,735,N21,VIIRS,l,2.0NRT,305.61,3.67,D
21.86979,79.14436,344.92,0.56,0.43,2026-04-09,735,N21,VIIRS,l,2.0NRT,316.34,12.85,D
21.87268,79.13817,337.35,0.56,0.43,2026-04-09,735,N21,VIIRS,l,2.0NRT,312.32,8.23,D
21.88573,76.1162,338.15,0.57,0.52,2026-04-09,735,N21,VIIRS,l,2.0NRT,311.12,7.65,D
21.89752,78.39645,336.86,0.41,0.45,2026-04-09,735,N21,VIIRS,l,2.0NRT,311.11,3.15,D
21.90558,84.13615,335.94,0.38,0.36,2026-04-09,735,N21,VIIRS,n,2.0NRT,305.03,0.87,D
21.91117,76.89511,343.65,0.51,0.49,2026-04-09,735,N21,VIIRS,l,2.0NRT,317.35,42.23,D
21.91289,76.89081,343.82,0.51,0.49,2026-04-09,735,N21,VIIRS,n,2.0NRT,315.79,22.68,D
21.91389,76.89565,343.96,0.51,0.49,2026-04-09,735,N21,VIIRS,n,2.0NRT,317.04,22.68,D
21.91944,83.35316,335.14,0.39,0.36,2026-04-09,735,N21,VIIRS,l,2.0NRT,306.88,7.18,D
21.92524,85.2226,333.31,0.39,0.36,2026-04-09,735,N21,VIIRS,l,2.0NRT,306.62,4.64,D
21.9429,77.00892,337.4,0.5,0.49,2026-04-09,735,N21,VIIRS,n,2.0NRT,308.52,1.8,D
21.955,76.26203,342.93,0.56,0.51,2026-04-09,735,N21,VIIRS,n,2.0NRT,310.5,11.78,D
21.95962,76.26091,336.83,0.56,0.51,2026-04-09,735,N21,VIIRS,l,2.0NRT,309.15,4.13,D
21.98238,80.21907,334.85,0.49,0.4,2026-04-09,735,N21,VIIRS,n,2.0NRT,303.35,4.99,D
21.98915,76.85314,350.32,0.51,0.5,2026-04-09,735,N21,VIIRS,n,2.0NRT,314.46,10.34,D
22.00418,82.67148,334.63,0.4,0.37,2026-04-09,735,N21,VIIRS,l,2.0NRT,308.72,8.18,D
22.00805,77.48019,337.05,0.47,0.48,2026-04-09,735,N21,VIIRS,l,2.0NRT,309.56,3.58,D
22.01356,73.86815,332.57,0.4,0.6,2026-04-09,735,N21,VIIRS,n,2.0NRT,301.68,12.07,D
22.01439,73.87189,367,0.4,0.6,2026-04-09,735,N21,VIIRS,h,2.0NRT,304.3,17.51,D
22.01529,97.06537,341.09,0.61,0.71,2026-04-09,735,N21,VIIRS,n,2.0NRT,291.49,10.72,D
22.01616,83.75407,340.4,0.39,0.36,2026-04-09,735,N21,VIIRS,n,2.0NRT,306.46,5.33,D
22.01968,73.87027,353.13,0.4,0.6,2026-04-09,735,N21,VIIRS,n,2.0NRT,303.01,6.79,D
22.02001,72.70748,346.03,0.47,0.64,2026-04-09,735,N21,VIIRS,n,2.0NRT,302.74,6.69,D
22.02018,72.70724,343.72,0.47,0.64,2026-04-09,735,N21,VIIRS,n,2.0NRT,302.67,5.84,D
22.03246,79.9502,334.97,0.51,0.41,2026-04-09,735,N21,VIIRS,l,2.0NRT,308.98,4.87,D
22.03728,80.19009,336.17,0.49,0.4,2026-04-09,735,N21,VIIRS,n,2.0NRT,307.69,2.27,D
22.03831,83.35034,335.69,0.39,0.36,2026-04-09,735,N21,VIIRS,l,2.0NRT,310,4.81,D
22.04013,83.73462,340.13,0.39,0.36,2026-04-09,735,N21,VIIRS,l,2.0NRT,314.53,5.59,D
22.04114,77.18329,350.8,0.49,0.48,2026-04-09,735,N21,VIIRS,n,2.0NRT,313.74,18.19,D
22.04284,83.73034,343.77,0.39,0.36,2026-04-09,735,N21,VIIRS,l,2.0NRT,316.18,5.59,D
22.04456,77.17757,351.94,0.49,0.48,2026-04-09,735,N21,VIIRS,n,2.0NRT,314.29,26.7,D
22.04548,77.18222,349.19,0.49,0.48,2026-04-09,735,N21,VIIRS,n,2.0NRT,316.02,26.7,D
22.06762,70.3299,332.26,0.66,0.73,2026-04-09,735,N21,VIIRS,n,2.0NRT,302.15,3.88,D
22.07363,76.08252,347.76,0.57,0.52,2026-04-09,735,N21,VIIRS,n,2.0NRT,308.63,9.97,D
22.07629,76.02538,337.76,0.58,0.52,2026-04-09,735,N21,VIIRS,l,2.0NRT,308.86,2.67,D
22.07717,76.08499,334.52,0.57,0.52,2026-04-09,735,N21,VIIRS,l,2.0NRT,308.3,12.3,D
22.07915,76.02238,345.01,0.58,0.52,2026-04-09,735,N21,VIIRS,n,2.0NRT,309.94,10.46,D
22.08098,76.02431,337.37,0.58,0.52,2026-04-09,735,N21,VIIRS,l,2.0NRT,309.51,6.94,D
22.08197,76.53182,343.47,0.53,0.5,2026-04-09,735,N21,VIIRS,n,2.0NRT,305.67,3.51,D
22.0899,76.17158,333.13,0.56,0.52,2026-04-09,735,N21,VIIRS,l,2.0NRT,307.44,5.8,D
22.12178,82.63833,338.05,0.4,0.37,2026-04-09,735,N21,VIIRS,l,2.0NRT,306.51,6.66,D
22.13198,76.29083,336.09,0.55,0.51,2026-04-09,735,N21,VIIRS,l,2.0NRT,309.68,4.41,D
22.14076,72.02101,338.98,0.52,0.67,2026-04-09,735,N21,VIIRS,n,2.0NRT,304.24,5.86,D
22.14195,77.89628,340.9,0.44,0.46,2026-04-09,735,N21,VIIRS,n,2.0NRT,308.03,4.13,D
22.15499,72.0175,336.64,0.52,0.66,2026-04-09,735,N21,VIIRS,n,2.0NRT,305.42,5.37,D
22.1586,72.0164,338.69,0.52,0.67,2026-04-09,735,N21,VIIRS,n,2.0NRT,306.44,4.97,D
22.19889,96.24432,339.13,0.54,0.68,2026-04-09,735,N21,VIIRS,n,2.0NRT,295.5,9.55,D
22.20776,76.28421,339.19,0.55,0.51,2026-04-09,735,N21,VIIRS,l,2.0NRT,312.06,16.14,D
22.20816,84.86075,340.08,0.39,0.36,2026-04-09,735,N21,VIIRS,n,2.0NRT,307.16,6.23,D
22.20883,76.28947,343.01,0.55,0.51,2026-04-09,735,N21,VIIRS,n,2.0NRT,310.53,16.14,D
22.21202,84.86391,339.85,0.39,0.36,2026-04-09,735,N21,VIIRS,n,2.0NRT,307.49,6.3,D
22.21312,84.87135,338.09,0.39,0.36,2026-04-09,735,N21,VIIRS,n,2.0NRT,307.34,6.8,D
22.21572,71.71043,332.54,0.54,0.68,2026-04-09,735,N21,VIIRS,l,2.0NRT,303.02,2.52,D
22.21623,71.71103,335.53,0.54,0.68,2026-04-09,735,N21,VIIRS,n,2.0NRT,302.56,4.75,D
22.24525,76.42186,336.39,0.54,0.51,2026-04-09,735,N21,VIIRS,l,2.0NRT,308.55,2.42,D
22.24602,75.28529,338.52,0.32,0.54,2026-04-09,735,N21,VIIRS,n,2.0NRT,307.03,1.84,D
22.24721,75.28226,331.33,0.32,0.54,2026-04-09,735,N21,VIIRS,l,2.0NRT,304.13,12.43,D
22.27197,73.92972,335.51,0.39,0.59,2026-04-09,735,N21,VIIRS,n,2.0NRT,303.03,2.61,D
22.27862,76.28212,340.32,0.55,0.51,2026-04-09,735,N21,VIIRS,n,2.0NRT,308.99,12.21,D
22.2797,76.28738,334.27,0.55,0.51,2026-04-09,735,N21,VIIRS,l,2.0NRT,307.37,12.21,D
22.28214,76.27585,336.36,0.55,0.51,2026-04-09,735,N21,VIIRS,l,2.0NRT,307.32,8.11,D
22.28323,76.28112,336.11,0.55,0.51,2026-04-09,735,N21,VIIRS,l,2.0NRT,307.32,4.84,D
22.2843,76.28635,337.02,0.55,0.51,2026-04-09,735,N21,VIIRS,l,2.0NRT,309.38,4.84,D
22.30012,77.40677,340.95,0.47,0.48,2026-04-09,735,N21,VIIRS,l,2.0NRT,312.34,6.63,D
22.30529,77.41029,343.48,0.47,0.47,2026-04-09,735,N21,VIIRS,n,2.0NRT,311.09,6.63,D
22.33161,70.12017,340.86,0.67,0.74,2026-04-09,735,N21,VIIRS,n,2.0NRT,297.72,4.57,D
22.35204,73.39367,332.61,0.42,0.61,2026-04-09,735,N21,VIIRS,l,2.0NRT,304.17,3.04,D
22.37852,87.28071,336.34,0.46,0.39,2026-04-09,735,N21,VIIRS,n,2.0NRT,302.65,8.43,D
22.41108,76.77067,342.16,0.51,0.49,2026-04-09,735,N21,VIIRS,n,2.0NRT,309.41,9.8,D
22.42051,70.25434,331.3,0.66,0.73,2026-04-09,735,N21,VIIRS,l,2.0NRT,302.9,3.12,D
22.44363,77.60185,340.84,0.45,0.47,2026-04-09,735,N21,VIIRS,l,2.0NRT,314.21,5.1,D
22.47788,75.58826,334.83,0.6,0.53,2026-04-09,735,N21,VIIRS,l,2.0NRT,308.95,5.31,D
22.48601,79.97412,350.19,0.5,0.41,2026-04-09,735,N21,VIIRS,n,2.0NRT,318.99,15.04,D
22.52417,79.10747,341.61,0.55,0.43,2026-04-09,735,N21,VIIRS,l,2.0NRT,315.04,6.98,D
22.54045,71.93703,335.08,0.51,0.66,2026-04-09,735,N21,VIIRS,n,2.0NRT,298.38,3.39,D
22.54643,75.34411,342.27,0.62,0.54,2026-04-09,735,N21,VIIRS,n,2.0NRT,308.11,11.27,D
22.56634,75.30546,336.91,0.63,0.54,2026-04-09,735,N21,VIIRS,n,2.0NRT,304.95,6.15,D
22.56924,77.59292,343.72,0.45,0.47,2026-04-09,735,N21,VIIRS,l,2.0NRT,316.39,7.29,D
22.57353,85.89751,338.34,0.41,0.37,2026-04-09,735,N21,VIIRS,l,2.0NRT,309.11,4.83,D
22.58825,74.13895,331.55,0.37,0.58,2026-04-09,735,N21,VIIRS,n,2.0NRT,298.92,5,D
22.58845,75.17057,367,0.32,0.54,2026-04-09,735,N21,VIIRS,h,2.0NRT,309.29,9.2,D
22.60052,74.9358,337.91,0.33,0.55,2026-04-09,735,N21,VIIRS,n,2.0NRT,306.91,5.39,D
22.60337,75.63882,336.08,0.59,0.53,2026-04-09,735,N21,VIIRS,l,2.0NRT,310.82,4.76,D
22.61281,75.66013,340.2,0.59,0.53,2026-04-09,735,N21,VIIRS,n,2.0NRT,308.45,4.52,D
22.62887,85.98645,333.68,0.41,0.37,2026-04-09,735,N21,VIIRS,n,2.0NRT,303.03,2.74,D
22.64264,70.77294,339.24,0.6,0.71,2026-04-09,735,N21,VIIRS,n,2.0NRT,301.9,7.94,D
22.64353,70.76852,331.74,0.6,0.71,2026-04-09,735,N21,VIIRS,n,2.0NRT,301.34,8.97,D
22.64613,78.82557,332.9,0.57,0.43,2026-04-09,735,N21,VIIRS,l,2.0NRT,307.6,4.66,D
22.65161,76.78448,344.01,0.5,0.49,2026-04-09,735,N21,VIIRS,n,2.0NRT,315.07,8.85,D
22.65995,78.1059,343.87,0.42,0.45,2026-04-09,735,N21,VIIRS,n,2.0NRT,315.38,5.55,D
22.67092,70.68871,332.73,0.61,0.71,2026-04-09,735,N21,VIIRS,n,2.0NRT,301.61,2.34,D
22.6752,78.11903,344.13,0.42,0.45,2026-04-09,735,N21,VIIRS,n,2.0NRT,316.31,5.87,D
22.685,77.86894,343.19,0.43,0.46,2026-04-09,735,N21,VIIRS,n,2.0NRT,312.22,4.38,D
22.69999,75.40888,339.18,0.61,0.54,2026-04-09,735,N21,VIIRS,l,2.0NRT,310.95,8.41,D
22.7101,78.16889,336.38,0.41,0.45,2026-04-09,735,N21,VIIRS,l,2.0NRT,310.79,6.92,D
22.71018,78.21394,341.96,0.41,0.45,2026-04-09,735,N21,VIIRS,l,2.0NRT,315.91,6.05,D
22.71019,75.22613,333.56,0.63,0.54,2026-04-09,735,N21,VIIRS,l,2.0NRT,307.73,8.17,D
22.71028,76.62343,342.29,0.51,0.5,2026-04-09,735,N21,VIIRS,n,2.0NRT,313.32,8.59,D
22.71564,78.17587,355.42,0.41,0.45,2026-04-09,735,N21,VIIRS,n,2.0NRT,314.04,10.77,D
22.73246,78.91893,339.31,0.56,0.43,2026-04-09,735,N21,VIIRS,n,2.0NRT,311.33,5.49,D
22.73509,78.14697,347.7,0.41,0.45,2026-04-09,735,N21,VIIRS,n,2.0NRT,311.6,7.67,D
22.7366,75.01157,333.95,0.32,0.55,2026-04-09,735,N21,VIIRS,l,2.0NRT,306.5,3.5,D
22.73713,75.46653,336.13,0.61,0.53,2026-04-09,735,N21,VIIRS,l,2.0NRT,308.72,5.74,D
22.73721,75.47072,345.73,0.61,0.53,2026-04-09,735,N21,VIIRS,n,2.0NRT,308.68,13.64,D
22.73767,75.01247,344.04,0.32,0.55,2026-04-09,735,N21,VIIRS,n,2.0NRT,306.5,3.49,D
22.73831,75.47224,334.21,0.61,0.53,2026-04-09,735,N21,VIIRS,l,2.0NRT,308.13,9.3,D
22.74067,75.43985,343.66,0.61,0.53,2026-04-09,735,N21,VIIRS,n,2.0NRT,306.04,21.37,D
22.74242,78.34022,343.44,0.4,0.44,2026-04-09,735,N21,VIIRS,n,2.0NRT,315.06,5.24,D
22.75043,74.99969,344.06,0.32,0.55,2026-04-09,735,N21,VIIRS,n,2.0NRT,308.09,4.58,D
22.75868,78.13766,343.94,0.41,0.45,2026-04-09,735,N21,VIIRS,n,2.0NRT,313.45,6.58,D
22.77095,72.24641,332.43,0.48,0.65,2026-04-09,735,N21,VIIRS,n,2.0NRT,301.18,3.13,D
22.77163,78.13896,344.04,0.41,0.45,2026-04-09,735,N21,VIIRS,n,2.0NRT,313.8,8.04,D
22.77254,72.24809,334.29,0.48,0.65,2026-04-09,735,N21,VIIRS,n,2.0NRT,300.19,2.71,D
22.77553,75.48556,333.46,0.6,0.53,2026-04-09,735,N21,VIIRS,l,2.0NRT,306.51,10.48,D
22.77882,77.33916,337.56,0.46,0.47,2026-04-09,735,N21,VIIRS,l,2.0NRT,310,5.79,D
22.78518,78.2096,344.24,0.41,0.45,2026-04-09,735,N21,VIIRS,n,2.0NRT,316.42,6.44,D
22.7876,75.68372,332.36,0.59,0.53,2026-04-09,735,N21,VIIRS,l,2.0NRT,306.41,6.01,D
22.79865,86.20071,336.62,0.42,0.38,2026-04-09,735,N21,VIIRS,n,2.0NRT,303.86,3.87,D
22.80554,71.77431,335.33,0.52,0.67,2026-04-09,735,N21,VIIRS,n,2.0NRT,302.22,6.69,D
22.80779,80.0647,340.22,0.49,0.4,2026-04-09,735,N21,VIIRS,l,2.0NRT,312.84,4.52,D
22.80909,76.0545,338.68,0.55,0.51,2026-04-09,735,N21,VIIRS,l,2.0NRT,311.27,5.02,D
22.80932,72.51283,332.43,0.46,0.64,2026-04-09,735,N21,VIIRS,n,2.0NRT,300.48,5.16,D
22.81721,79.86882,339.06,0.5,0.41,2026-04-09,735,N21,VIIRS,l,2.0NRT,313.6,3.39,D
22.8312,76.72454,346.34,0.5,0.49,2026-04-09,735,N21,VIIRS,n,2.0NRT,314.17,13.96,D
22.83293,78.32822,344.28,0.4,0.44,2026-04-09,735,N21,VIIRS,n,2.0NRT,315.16,6.6,D
22.85504,75.02277,336.03,0.32,0.55,2026-04-09,735,N21,VIIRS,n,2.0NRT,305.96,4.68,D
22.86142,75.91773,337.54,0.56,0.52,2026-04-09,735,N21,VIIRS,l,2.0NRT,307.68,4.21,D
22.86492,97.81738,338.32,0.69,0.74,2026-04-09,735,N21,VIIRS,n,2.0NRT,291.76,6.35,D
22.8663,78.48315,343.21,0.39,0.44,2026-04-09,735,N21,VIIRS,l,2.0NRT,314.17,5.09,D
22.87027,78.48229,343.75,0.39,0.44,2026-04-09,735,N21,VIIRS,n,2.0NRT,313.58,3.61,D
22.87094,75.72775,345.05,0.58,0.52,2026-04-09,735,N21,VIIRS,n,2.0NRT,311.4,19.46,D
22.87602,78.39381,339.4,0.4,0.44,2026-04-09,735,N21,VIIRS,l,2.0NRT,310.99,3.24,D
22.87617,75.65424,348.65,0.59,0.53,2026-04-09,735,N21,VIIRS,n,2.0NRT,306.7,14.84,D
22.88365,78.26042,349.48,0.4,0.45,2026-04-09,735,N21,VIIRS,n,2.0NRT,314.68,8.62,D
22.88378,75.31199,341.99,0.62,0.54,2026-04-09,735,N21,VIIRS,n,2.0NRT,304.59,17.54,D
22.88441,75.57628,343.2,0.59,0.53,2026-04-09,735,N21,VIIRS,n,2.0NRT,309.18,13.59,D
22.88845,75.26183,344.01,0.62,0.54,2026-04-09,735,N21,VIIRS,n,2.0NRT,310.75,76.37,D
22.88935,78.02606,344.15,0.42,0.45,2026-04-09,735,N21,VIIRS,n,2.0NRT,316,7,D
22.89214,75.26414,342.25,0.62,0.54,2026-04-09,735,N21,VIIRS,n,2.0NRT,303.33,58.48,D
22.89502,75.67301,336.02,0.58,0.52,2026-04-09,735,N21,VIIRS,l,2.0NRT,306.45,8.54,D
22.89505,75.53233,343.17,0.6,0.53,2026-04-09,735,N21,VIIRS,n,2.0NRT,308.27,15.61,D
22.89617,77.84895,337.78,0.43,0.46,2026-04-09,735,N21,VIIRS,l,2.0NRT,309.57,5.9,D
22.89697,77.85302,343.73,0.43,0.46,2026-04-09,735,N21,VIIRS,n,2.0NRT,312.26,9.44,D
22.90029,77.84807,340.69,0.43,0.46,2026-04-09,735,N21,VIIRS,n,2.0NRT,310.6,4.45,D
22.90109,77.85213,336.4,0.43,0.46,2026-04-09,735,N21,VIIRS,l,2.0NRT,310.56,5.46,D
22.90213,75.49482,342.43,0.6,0.53,2026-04-09,735,N21,VIIRS,n,2.0NRT,307.52,10.98,D
22.90357,78.36402,343.84,0.4,0.44,2026-04-09,735,N21,VIIRS,n,2.0NRT,315.05,6.57,D
22.90706,77.94795,342.65,0.42,0.45,2026-04-09,735,N21,VIIRS,n,2.0NRT,309.33,4.28,D
22.91037,77.94302,338.28,0.42,0.45,2026-04-09,735,N21,VIIRS,l,2.0NRT,311.93,7.17,D
22.91062,75.3026,340.8,0.62,0.54,2026-04-09,735,N21,VIIRS,n,2.0NRT,302.61,11.25,D
22.91115,77.94705,346.11,0.42,0.45,2026-04-09,735,N21,VIIRS,n,2.0NRT,312.73,7.17,D
22.91121,78.38218,338.93,0.4,0.44,2026-04-09,735,N21,VIIRS,l,2.0NRT,312.36,4.82,D
22.91147,75.29922,341.57,0.62,0.54,2026-04-09,735,N21,VIIRS,n,2.0NRT,303.66,11.19,D
22.91172,77.86252,346.74,0.43,0.46,2026-04-09,735,N21,VIIRS,n,2.0NRT,309.73,10.18,D
22.91304,77.91302,337.9,0.42,0.45,2026-04-09,735,N21,VIIRS,l,2.0NRT,312.88,4.61,D
22.91969,75.22684,334.34,0.62,0.54,2026-04-09,735,N21,VIIRS,l,2.0NRT,304.56,8.49,D
22.92119,75.46639,345.2,0.6,0.53,2026-04-09,735,N21,VIIRS,n,2.0NRT,312.49,22.12,D
22.92238,75.47208,340.16,0.6,0.53,2026-04-09,735,N21,VIIRS,n,2.0NRT,307.02,16.07,D
22.92793,75.35943,331.69,0.61,0.53,2026-04-09,735,N21,VIIRS,l,2.0NRT,304,5.89,D
22.92959,75.36201,339.48,0.61,0.53,2026-04-09,735,N21,VIIRS,n,2.0NRT,305.55,7.97,D
22.93041,77.89233,342.81,0.42,0.46,2026-04-09,735,N21,VIIRS,n,2.0NRT,312.1,5.91,D
22.93185,75.54135,345.91,0.59,0.53,2026-04-09,735,N21,VIIRS,n,2.0NRT,307,14.79,D
22.94346,76.00974,341.66,0.55,0.51,2026-04-09,735,N21,VIIRS,n,2.0NRT,309.56,12.05,D
22.94385,75.45498,335.12,0.6,0.53,2026-04-09,735,N21,VIIRS,l,2.0NRT,308.98,153.87,D
22.94454,76.01503,342.22,0.55,0.51,2026-04-09,735,N21,VIIRS,n,2.0NRT,307.42,11.47,D
22.94528,75.46352,343.09,0.6,0.53,2026-04-09,735,N21,VIIRS,n,2.0NRT,305.48,160.35,D
22.94613,75.51416,334.61,0.6,0.53,2026-04-09,735,N21,VIIRS,l,2.0NRT,307.62,7.96,D
22.94674,75.51684,343.97,0.6,0.53,2026-04-09,735,N21,VIIRS,n,2.0NRT,309.15,6.94,D
22.94712,76.01157,354.79,0.55,0.51,2026-04-09,735,N21,VIIRS,n,2.0NRT,309.86,17.9,D
22.94731,75.51984,344.62,0.6,0.53,2026-04-09,735,N21,VIIRS,n,2.0NRT,308.94,7.96,D
22.94796,75.52249,332.24,0.59,0.53,2026-04-09,735,N21,VIIRS,l,2.0NRT,307.17,6.94,D
22.95088,75.51301,335.37,0.6,0.53,2026-04-09,735,N21,VIIRS,l,2.0NRT,309.09,8.85,D
22.95149,75.51571,341.65,0.6,0.53,2026-04-09,735,N21,VIIRS,n,2.0NRT,308.79,5.99,D
22.95516,78.04165,350.92,0.42,0.45,2026-04-09,735,N21,VIIRS,n,2.0NRT,312.54,19.64,D
22.95977,78.06542,341.47,0.41,0.45,2026-04-09,735,N21,VIIRS,n,2.0NRT,309.03,8.01,D
22.96053,78.06937,342.87,0.41,0.45,2026-04-09,735,N21,VIIRS,n,2.0NRT,312.01,8.01,D
22.96151,76.16908,339.2,0.54,0.51,2026-04-09,735,N21,VIIRS,n,2.0NRT,306.53,9.41,D
22.96255,78.03597,342.78,0.42,0.45,2026-04-09,735,N21,VIIRS,n,2.0NRT,312.12,7.73,D
22.96332,78.03996,335.95,0.42,0.45,2026-04-09,735,N21,VIIRS,l,2.0NRT,310.82,7.25,D
22.96738,75.9234,333.6,0.56,0.52,2026-04-09,735,N21,VIIRS,l,2.0NRT,306.1,3.2,D
22.9698,75.91168,342.79,0.56,0.52,2026-04-09,735,N21,VIIRS,n,2.0NRT,309.26,5.44,D
22.97183,75.94466,336.92,0.56,0.51,2026-04-09,735,N21,VIIRS,l,2.0NRT,308.03,6.36,D
22.98702,75.92438,341.84,0.56,0.52,2026-04-09,735,N21,VIIRS,n,2.0NRT,303.95,2.35,D
22.98833,72.41715,352.03,0.47,0.64,2026-04-09,735,N21,VIIRS,n,2.0NRT,300.77,11.82,D
22.99034,76.47314,338.97,0.52,0.5,2026-04-09,735,N21,VIIRS,n,2.0NRT,308.3,4.21,D
22.99539,80.18316,337.95,0.48,0.4,2026-04-09,735,N21,VIIRS,l,2.0NRT,312.6,6.02,D
22.99777,75.49857,339.8,0.6,0.53,2026-04-09,735,N21,VIIRS,n,2.0NRT,308.29,7.78,D
23.00086,78.19112,337.05,0.41,0.45,2026-04-09,735,N21,VIIRS,l,2.0NRT,310.13,3.3,D
23.00293,78.56152,343.46,0.39,0.44,2026-04-09,735,N21,VIIRS,n,2.0NRT,312.19,4.77,D
23.00334,75.90934,367,0.56,0.52,2026-04-09,735,N21,VIIRS,h,2.0NRT,310.31,17.34,D
23.00488,75.64944,338.4,0.58,0.52,2026-04-09,735,N21,VIIRS,n,2.0NRT,306.88,7.26,D
23.00797,75.90825,367,0.56,0.52,2026-04-09,735,N21,VIIRS,h,2.0NRT,311.51,17.34,D
23.01324,75.57179,335.07,0.59,0.53,2026-04-09,735,N21,VIIRS,l,2.0NRT,308.82,7.75,D
23.01555,75.39274,335.73,0.6,0.53,2026-04-09,735,N21,VIIRS,n,2.0NRT,305.35,6.66,D
23.01796,75.57066,337.6,0.59,0.53,2026-04-09,735,N21,VIIRS,l,2.0NRT,309.46,7.75,D
23.01914,75.57628,341.68,0.59,0.53,2026-04-09,735,N21,VIIRS,n,2.0NRT,307.01,7.75,D
23.02217,78.21479,336.4,0.41,0.45,2026-04-09,735,N21,VIIRS,l,2.0NRT,309.83,4.65,D
23.02269,75.56951,332.06,0.59,0.53,2026-04-09,735,N21,VIIRS,l,2.0NRT,305.78,4.09,D
23.02298,76.09797,342.04,0.55,0.51,2026-04-09,735,N21,VIIRS,n,2.0NRT,305.59,6.76,D
23.03332,75.57285,335.89,0.59,0.53,2026-04-09,735,N21,VIIRS,n,2.0NRT,295.42,12.96,D
23.03805,75.57173,367,0.59,0.53,2026-04-09,735,N21,VIIRS,h,2.0NRT,307.56,12.96,D
23.04105,76.18562,342.92,0.54,0.51,2026-04-09,735,N21,VIIRS,n,2.0NRT,304.14,9.4,D
23.05009,78.42732,339.64,0.39,0.44,2026-04-09,735,N21,VIIRS,l,2.0NRT,311.61,3.7,D
23.05758,78.29134,339.24,0.4,0.44,2026-04-09,735,N21,VIIRS,l,2.0NRT,313.68,1.26,D
23.05783,75.85387,342.54,0.56,0.52,2026-04-09,735,N21,VIIRS,n,2.0NRT,308.38,18.73,D
23.06223,76.64468,337.36,0.5,0.49,2026-04-09,735,N21,VIIRS,l,2.0NRT,311.7,5.72,D
23.06794,76.43127,347.24,0.52,0.5,2026-04-09,735,N21,VIIRS,n,2.0NRT,305.86,9.62,D
23.06847,76.61475,338.09,0.51,0.49,2026-04-09,735,N21,VIIRS,l,2.0NRT,312.39,7.05,D
23.06973,76.61269,340.29,0.51,0.49,2026-04-09,735,N21,VIIRS,l,2.0NRT,313.17,5.28,D
23.0712,75.54014,333.24,0.59,0.53,2026-04-09,735,N21,VIIRS,l,2.0NRT,306.23,17,D
23.07204,75.54269,350.23,0.59,0.53,2026-04-09,735,N21,VIIRS,n,2.0NRT,309.6,33.49,D
23.07236,75.54577,344.16,0.59,0.53,2026-04-09,735,N21,VIIRS,n,2.0NRT,310.38,22.57,D
23.07542,77.9859,342.13,0.42,0.45,2026-04-09,735,N21,VIIRS,n,2.0NRT,312.73,6.1,D
23.08384,75.52808,338.24,0.59,0.53,2026-04-09,735,N21,VIIRS,n,2.0NRT,305.62,5.71,D
23.09726,79.8685,337.6,0.49,0.41,2026-04-09,735,N21,VIIRS,l,2.0NRT,311.84,5.36,D
23.1018,76.45932,350.93,0.52,0.5,2026-04-09,735,N21,VIIRS,n,2.0NRT,311.9,10.96,D
23.10205,76.29831,342.85,0.53,0.5,2026-04-09,735,N21,VIIRS,n,2.0NRT,308.31,48.63,D
23.10861,75.40945,340.9,0.6,0.53,2026-04-09,735,N21,VIIRS,n,2.0NRT,306.91,14.18,D
23.12013,75.768,338.68,0.57,0.52,2026-04-09,735,N21,VIIRS,n,2.0NRT,303.68,6.74,D
23.12013,76.34114,347.62,0.52,0.5,2026-04-09,735,N21,VIIRS,n,2.0NRT,312.29,10.9,D
23.12178,76.34233,343.16,0.52,0.5,2026-04-09,735,N21,VIIRS,n,2.0NRT,309.9,6.92,D
23.1221,76.30404,337.65,0.53,0.5,2026-04-09,735,N21,VIIRS,l,2.0NRT,310.75,10.17,D
23.1235,76.30533,343.03,0.53,0.5,2026-04-09,735,N21,VIIRS,n,2.0NRT,311.32,20.01,D
23.12352,75.77045,340.09,0.57,0.52,2026-04-09,735,N21,VIIRS,n,2.0NRT,304.23,7.81,D
23.12645,78.20801,344.72,0.4,0.45,2026-04-09,735,N21,VIIRS,n,2.0NRT,310.4,6.25,D
23.12662,76.30302,354.22,0.53,0.5,2026-04-09,735,N21,VIIRS,n,2.0NRT,310.94,10.17,D
23.12756,77.97431,337.59,0.42,0.45,2026-04-09,735,N21,VIIRS,n,2.0NRT,308.27,5.29,D
23.13163,77.97343,348.01,0.42,0.45,2026-04-09,735,N21,VIIRS,n,2.0NRT,310.58,5.29,D
23.13242,77.97742,342.31,0.42,0.45,2026-04-09,735,N21,VIIRS,n,2.0NRT,309.1,7.51,D
23.1329,76.58955,338.15,0.51,0.49,2026-04-09,735,N21,VIIRS,l,2.0NRT,312.07,2.9,D
23.13543,75.85247,334.04,0.56,0.52,2026-04-09,735,N21,VIIRS,l,2.0NRT,307.11,9.63,D
23.13726,75.84872,343.27,0.56,0.52,2026-04-09,735,N21,VIIRS,n,2.0NRT,308.15,13.02,D
23.1387,76.77735,338.13,0.49,0.49,2026-04-09,735,N21,VIIRS,l,2.0NRT,313.03,6.54,D
23.13973,77.88419,348.11,0.42,0.45,2026-04-09,735,N21,VIIRS,n,2.0NRT,307.66,11.64,D
23.14258,75.68857,332.42,0.58,0.52,2026-04-09,735,N21,VIIRS,l,2.0NRT,306.82,3.82,D
23.14709,78.38194,344.42,0.39,0.44,2026-04-09,735,N21,VIIRS,n,2.0NRT,310.74,4.93,D
23.14882,83.922,332.73,0.38,0.36,2026-04-09,735,N21,VIIRS,n,2.0NRT,306.99,1.68,D
23.15205,75.91012,338.04,0.56,0.51,2026-04-09,735,N21,VIIRS,n,2.0NRT,309.7,6.85,D
23.15424,76.53409,344.88,0.51,0.49,2026-04-09,735,N21,VIIRS,l,2.0NRT,315.33,11.34,D
23.15886,78.26875,336.46,0.4,0.44,2026-04-09,735,N21,VIIRS,l,2.0NRT,310.97,3.05,D
23.16049,78.16393,333.96,0.41,0.45,2026-04-09,735,N21,VIIRS,l,2.0NRT,308.37,3.77,D
23.16065,75.95234,336.77,0.55,0.51,2026-04-09,735,N21,VIIRS,l,2.0NRT,310.22,4.68,D
23.1652,76.72683,343.95,0.5,0.49,2026-04-09,735,N21,VIIRS,l,2.0NRT,315.15,10.1,D
23.16547,77.86269,334.67,0.42,0.45,2026-04-09,735,N21,VIIRS,l,2.0NRT,306.71,4.69,D
23.16907,76.54715,344.05,0.51,0.49,2026-04-09,735,N21,VIIRS,n,2.0NRT,313.2,7.94,D
23.16916,76.5924,342.92,0.5,0.49,2026-04-09,735,N21,VIIRS,n,2.0NRT,312.62,9.09,D
23.17026,76.59093,338.84,0.51,0.49,2026-04-09,735,N21,VIIRS,l,2.0NRT,312.81,6.98,D
23.17047,76.54552,338.36,0.51,0.49,2026-04-09,735,N21,VIIRS,l,2.0NRT,311.94,6.87,D
23.17486,78.26523,339.57,0.4,0.44,2026-04-09,735,N21,VIIRS,l,2.0NRT,312.87,4.25,D
23.17594,78.2646,340.55,0.4,0.44,2026-04-09,735,N21,VIIRS,n,2.0NRT,313.04,3.7,D
23.18054,76.68862,341.35,0.5,0.49,2026-04-09,735,N21,VIIRS,l,2.0NRT,315.82,11.95,D
23.18364,75.61906,340.82,0.58,0.52,2026-04-09,735,N21,VIIRS,n,2.0NRT,305.33,5.42,D
23.18624,75.61459,341.96,0.58,0.52,2026-04-09,735,N21,VIIRS,n,2.0NRT,305.93,15.2,D
23.18731,76.52283,339.81,0.51,0.49,2026-04-09,735,N21,VIIRS,l,2.0NRT,314.69,7.68,D
23.18792,77.95705,341.36,0.42,0.45,2026-04-09,735,N21,VIIRS,n,2.0NRT,311.02,4.28,D
23.1883,76.52763,346.02,0.51,0.49,2026-04-09,735,N21,VIIRS,n,2.0NRT,313.71,7.68,D
23.1885,76.15963,334.03,0.54,0.51,2026-04-09,735,N21,VIIRS,l,2.0NRT,308.03,2.72,D
23.18987,76.69247,345.03,0.5,0.49,2026-04-09,735,N21,VIIRS,n,2.0NRT,314.82,4.36,D
23.19027,76.69128,343.81,0.5,0.49,2026-04-09,735,N21,VIIRS,n,2.0NRT,313.66,6.9,D
23.19887,75.5282,342.22,0.59,0.53,2026-04-09,735,N21,VIIRS,n,2.0NRT,308.74,10.35,D
23.20006,75.53378,342.93,0.59,0.53,2026-04-09,735,N21,VIIRS,n,2.0NRT,309.94,9.27,D
23.22956,75.50905,343.55,0.59,0.53,2026-04-09,735,N21,VIIRS,n,2.0NRT,309.64,14.68,D
23.23688,75.84534,333.35,0.56,0.51,2026-04-09,735,N21,VIIRS,n,2.0NRT,302.38,7.74,D
23.24412,78.74557,339.62,0.56,0.43,2026-04-09,735,N21,VIIRS,l,2.0NRT,314.48,14.34,D
23.24494,76.71432,339.96,0.49,0.49,2026-04-09,735,N21,VIIRS,l,2.0NRT,313.53,10.26,D
23.25162,76.74728,343.94,0.49,0.49,2026-04-09,735,N21,VIIRS,n,2.0NRT,314.13,8.08,D
23.26277,79.9913,334.19,0.48,0.4,2026-04-09,735,N21,VIIRS,l,2.0NRT,307,3.06,D
23.26533,80.94617,334.61,0.44,0.38,2026-04-09,735,N21,VIIRS,l,2.0NRT,309.19,3.48,D
23.26581,75.61103,346.03,0.58,0.52,2026-04-09,735,N21,VIIRS,n,2.0NRT,304.33,14.82,D
23.26922,79.98514,335.52,0.48,0.4,2026-04-09,735,N21,VIIRS,l,2.0NRT,306.7,3.01,D
23.27009,76.74801,349.42,0.49,0.49,2026-04-09,735,N21,VIIRS,n,2.0NRT,321.11,35.98,D
23.27655,75.44794,339.13,0.59,0.53,2026-04-09,735,N21,VIIRS,n,2.0NRT,302.91,9.04,D
23.27697,75.45043,340.21,0.59,0.53,2026-04-09,735,N21,VIIRS,n,2.0NRT,302.98,10.8,D
23.29288,75.33711,338.28,0.6,0.53,2026-04-09,735,N21,VIIRS,n,2.0NRT,302.99,8.43,D
23.29414,76.77665,338.88,0.49,0.49,2026-04-09,735,N21,VIIRS,l,2.0NRT,312.49,4.02,D
23.29462,79.81167,333.33,0.49,0.41,2026-04-09,735,N21,VIIRS,l,2.0NRT,307.16,3.75,D
23.29608,79.84081,344.38,0.49,0.4,2026-04-09,735,N21,VIIRS,n,2.0NRT,309.67,10.32,D
23.30359,76.0927,350.48,0.54,0.51,2026-04-09,735,N21,VIIRS,n,2.0NRT,309.71,25.39,D
23.30392,76.09495,349.66,0.54,0.51,2026-04-09,735,N21,VIIRS,n,2.0NRT,311.53,32.32,D
23.30451,79.82434,345.11,0.49,0.4,2026-04-09,735,N21,VIIRS,n,2.0NRT,306.46,11.09,D
23.30992,79.89654,335.27,0.49,0.4,2026-04-09,735,N21,VIIRS,l,2.0NRT,308.5,7.72,D
23.32661,74.78902,333.77,0.33,0.55,2026-04-09,735,N21,VIIRS,l,2.0NRT,304.17,4.21,D
23.33484,76.12816,337.61,0.54,0.5,2026-04-09,735,N21,VIIRS,l,2.0NRT,312.13,6.39,D
23.34216,79.92871,336.24,0.49,0.4,2026-04-09,735,N21,VIIRS,n,2.0NRT,307.96,3.3,D
23.34515,77.3232,346.61,0.45,0.47,2026-04-09,735,N21,VIIRS,n,2.0NRT,310.72,79.06,D
23.3468,77.30936,351.3,0.45,0.47,2026-04-09,735,N21,VIIRS,n,2.0NRT,314.96,12.14,D
23.34851,77.31796,344.57,0.45,0.47,2026-04-09,735,N21,VIIRS,l,2.0NRT,316.07,79.06,D
23.35188,77.31271,346.87,0.45,0.47,2026-04-09,735,N21,VIIRS,l,2.0NRT,316.95,10.08,D
23.35273,77.31699,367,0.45,0.47,2026-04-09,735,N21,VIIRS,l,2.0NRT,330.93,43,D
23.35358,77.32128,345.26,0.45,0.47,2026-04-09,735,N21,VIIRS,n,2.0NRT,310.24,43,D
23.35524,77.30746,346.05,0.45,0.47,2026-04-09,735,N21,VIIRS,n,2.0NRT,313.03,10.08,D
23.35609,77.31175,344.24,0.45,0.47,2026-04-09,735,N21,VIIRS,n,2.0NRT,311.7,10.08,D
23.35695,77.31604,343.35,0.45,0.47,2026-04-09,735,N21,VIIRS,n,2.0NRT,310.01,43,D
23.36369,79.9436,340.29,0.49,0.4,2026-04-09,735,N21,VIIRS,n,2.0NRT,309.97,10.16,D
23.37111,79.52272,345.29,0.51,0.41,2026-04-09,735,N21,VIIRS,n,2.0NRT,311.73,11.02,D
23.37482,79.5219,336.22,0.51,0.41,2026-04-09,735,N21,VIIRS,l,2.0NRT,310.7,4.43,D
23.37524,76.68024,346.86,0.49,0.49,2026-04-09,735,N21,VIIRS,n,2.0NRT,312.85,13.84,D
23.37853,79.5211,341.47,0.51,0.41,2026-04-09,735,N21,VIIRS,n,2.0NRT,310.84,4.43,D
23.37868,76.67455,350.05,0.49,0.49,2026-04-09,735,N21,VIIRS,n,2.0NRT,310.76,7.69,D
23.37942,79.52602,335.71,0.51,0.41,2026-04-09,735,N21,VIIRS,l,2.0NRT,308.21,4.06,D
23.38438,75.41612,338.33,0.59,0.53,2026-04-09,735,N21,VIIRS,n,2.0NRT,305.96,6.96,D
23.38522,75.41879,341.32,0.59,0.53,2026-04-09,735,N21,VIIRS,n,2.0NRT,307.26,12.7,D
23.38679,76.4697,342.05,0.51,0.49,2026-04-09,735,N21,VIIRS,l,2.0NRT,312.81,4.69,D
23.38726,76.85313,343.42,0.48,0.48,2026-04-09,735,N21,VIIRS,n,2.0NRT,312.67,8.58,D
23.38738,76.49508,340.38,0.51,0.49,2026-04-09,735,N21,VIIRS,l,2.0NRT,312.93,5.65,D
23.38996,75.41768,341.36,0.59,0.53,2026-04-09,735,N21,VIIRS,n,2.0NRT,304.27,10.51,D
23.39872,76.86501,353.73,0.48,0.48,2026-04-09,735,N21,VIIRS,n,2.0NRT,316.74,17.31,D
23.40199,75.47391,334.82,0.59,0.53,2026-04-09,735,N21,VIIRS,n,2.0NRT,304.35,9.3,D
23.42026,76.35981,343.1,0.52,0.5,2026-04-09,735,N21,VIIRS,l,2.0NRT,313.53,9.02,D
23.42504,75.82595,339.05,0.56,0.51,2026-04-09,735,N21,VIIRS,n,2.0NRT,303.02,4.51,D
23.42661,80.25865,337.13,0.47,0.4,2026-04-09,735,N21,VIIRS,n,2.0NRT,308.19,3.89,D
23.42911,77.30462,340.03,0.45,0.47,2026-04-09,735,N21,VIIRS,n,2.0NRT,307.31,3.17,D
23.42953,77.30421,342.91,0.45,0.47,2026-04-09,735,N21,VIIRS,n,2.0NRT,307.63,9.7,D
23.43344,79.9738,334.78,0.48,0.4,2026-04-09,735,N21,VIIRS,l,2.0NRT,309.7,3.07,D
23.43593,79.34174,344.89,0.52,0.41,2026-04-09,735,N21,VIIRS,n,2.0NRT,313.55,10.11,D
23.44149,80.55475,340.42,0.45,0.39,2026-04-09,735,N21,VIIRS,n,2.0NRT,311.62,6.31,D
23.44159,80.18625,334.78,0.47,0.4,2026-04-09,735,N21,VIIRS,n,2.0NRT,309.59,1.6,D
23.44931,80.10435,334.22,0.48,0.4,2026-04-09,735,N21,VIIRS,l,2.0NRT,307.65,2.72,D
23.45132,80.24054,335.72,0.47,0.4,2026-04-09,735,N21,VIIRS,n,2.0NRT,308.74,3.55,D
23.45787,80.02634,338.85,0.48,0.4,2026-04-09,735,N21,VIIRS,n,2.0NRT,311.95,6.96,D
23.46017,77.10527,344.73,0.46,0.47,2026-04-09,735,N21,VIIRS,n,2.0NRT,314.57,10.34,D
23.46149,80.02558,340.4,0.48,0.4,2026-04-09,735,N21,VIIRS,n,2.0NRT,311.29,6.96,D
23.46192,77.11408,341.62,0.46,0.47,2026-04-09,735,N21,VIIRS,n,2.0NRT,309.34,18.96,D
23.46273,78.04948,342.29,0.41,0.45,2026-04-09,735,N21,VIIRS,l,2.0NRT,315.77,10.81,D
23.46347,78.05339,347.14,0.41,0.45,2026-04-09,735,N21,VIIRS,n,2.0NRT,314.62,9.74,D
23.46391,78.05282,348.01,0.41,0.45,2026-04-09,735,N21,VIIRS,n,2.0NRT,315.5,12.33,D
23.46421,78.05731,354.7,0.41,0.45,2026-04-09,735,N21,VIIRS,n,2.0NRT,312.9,9.74,D
23.46467,78.05673,354.52,0.41,0.45,2026-04-09,735,N21,VIIRS,n,2.0NRT,313.9,12.33,D
23.46749,78.05245,342.22,0.41,0.45,2026-04-09,735,N21,VIIRS,l,2.0NRT,313.95,9.74,D
23.46986,78.10935,338.99,0.4,0.45,2026-04-09,735,N21,VIIRS,n,2.0NRT,309.15,3.17,D
23.47988,75.41953,345.61,0.59,0.53,2026-04-09,735,N21,VIIRS,n,2.0NRT,306.9,6.45,D
23.4799,75.41815,341.58,0.59,0.53,2026-04-09,735,N21,VIIRS,n,2.0NRT,307.18,11.28,D
23.48717,80.00108,337.3,0.48,0.4,2026-04-09,735,N21,VIIRS,l,2.0NRT,310.67,4.43,D
23.49044,79.5348,340.69,0.51,0.41,2026-04-09,735,N21,VIIRS,l,2.0NRT,313.09,6.8,D
23.49958,76.3942,338.52,0.51,0.49,2026-04-09,735,N21,VIIRS,n,2.0NRT,310.75,4.53,D
23.50079,77.3332,336.73,0.45,0.47,2026-04-09,735,N21,VIIRS,l,2.0NRT,308.69,2.62,D
23.505,77.33224,337.91,0.45,0.47,2026-04-09,735,N21,VIIRS,l,2.0NRT,311.78,2.62,D
23.50583,77.33651,354.35,0.45,0.47,2026-04-09,735,N21,VIIRS,n,2.0NRT,317.28,21.55,D
23.51003,77.33554,354.74,0.45,0.47,2026-04-09,735,N21,VIIRS,n,2.0NRT,317.8,13.11,D
23.51087,77.33981,337.77,0.45,0.47,2026-04-09,735,N21,VIIRS,l,2.0NRT,311.59,13.11,D
23.51904,75.57742,333.33,0.57,0.52,2026-04-09,735,N21,VIIRS,l,2.0NRT,306.57,7.43,D
23.53268,77.36164,342.3,0.45,0.47,2026-04-09,735,N21,VIIRS,n,2.0NRT,311.17,3.2,D
23.55945,82.85822,332.59,0.39,0.36,2026-04-09,735,N21,VIIRS,l,2.0NRT,303.97,3.35,D
23.56148,77.48734,352.5,0.44,0.46,2026-04-09,735,N21,VIIRS,n,2.0NRT,310.63,7.02,D
23.57563,75.18858,332.17,0.61,0.53,2026-04-09,735,N21,VIIRS,l,2.0NRT,307.03,7.46,D
23.58041,75.18739,334.81,0.61,0.53,2026-04-09,735,N21,VIIRS,n,2.0NRT,301.86,3.41,D
23.58211,75.07727,337.13,0.62,0.54,2026-04-09,735,N21,VIIRS,n,2.0NRT,306.53,7.2,D
23.58786,78.06134,344.46,0.4,0.45,2026-04-09,735,N21,VIIRS,n,2.0NRT,314.05,8.07,D
23.58862,78.06522,345.23,0.4,0.45,2026-04-09,735,N21,VIIRS,n,2.0NRT,315.7,6.47,D
23.59188,78.06043,352.24,0.4,0.45,2026-04-09,735,N21,VIIRS,n,2.0NRT,316.9,13.18,D
23.59263,78.06431,339,0.4,0.45,2026-04-09,735,N21,VIIRS,l,2.0NRT,313.77,6.21,D
23.62633,75.33218,335.66,0.59,0.53,2026-04-09,735,N21,VIIRS,n,2.0NRT,304.44,5.44,D
23.62939,76.00721,338.47,0.54,0.51,2026-04-09,735,N21,VIIRS,l,2.0NRT,312.05,5.64,D
23.63814,75.64238,340.58,0.57,0.52,2026-04-09,735,N21,VIIRS,n,2.0NRT,309.74,6.97,D
23.63991,75.6397,337.73,0.57,0.52,2026-04-09,735,N21,VIIRS,l,2.0NRT,309.83,6.92,D
23.64046,75.65321,343.18,0.57,0.52,2026-04-09,735,N21,VIIRS,n,2.0NRT,312.84,11.79,D
23.64103,75.64515,345.33,0.57,0.52,2026-04-09,735,N21,VIIRS,n,2.0NRT,310.14,15.85,D
23.64215,75.65057,352.29,0.57,0.52,2026-04-09,735,N21,VIIRS,n,2.0NRT,314.14,15.85,D
23.64279,75.64126,341.1,0.57,0.52,2026-04-09,735,N21,VIIRS,l,2.0NRT,311.65,6.97,D
23.64394,75.64669,342.01,0.57,0.52,2026-04-09,735,N21,VIIRS,n,2.0NRT,310.58,11.79,D
23.6451,75.65207,350.23,0.57,0.52,2026-04-09,735,N21,VIIRS,n,2.0NRT,312.88,11.79,D
23.64813,85.43789,338.19,0.4,0.37,2026-04-09,735,N21,VIIRS,n,2.0NRT,305.78,3.54,D
23.64859,75.64555,339.85,0.57,0.52,2026-04-09,735,N21,VIIRS,l,2.0NRT,314.52,7.79,D
23.65032,75.64286,343.11,0.57,0.52,2026-04-09,735,N21,VIIRS,n,2.0NRT,312.41,15.23,D
23.65069,77.29128,349.52,0.45,0.47,2026-04-09,735,N21,VIIRS,n,2.0NRT,315.96,12.27,D
23.6507,77.29202,348.01,0.45,0.47,2026-04-09,735,N21,VIIRS,n,2.0NRT,315.54,10.7,D
23.65209,78.19926,339.31,0.4,0.44,2026-04-09,735,N21,VIIRS,l,2.0NRT,314.07,11.88,D
23.65335,76.07638,340.92,0.53,0.5,2026-04-09,735,N21,VIIRS,l,2.0NRT,311.29,6.45,D
23.65409,76.67907,345.11,0.49,0.48,2026-04-09,735,N21,VIIRS,n,2.0NRT,315.35,11.48,D
23.66467,76.93964,341.65,0.47,0.48,2026-04-09,735,N21,VIIRS,l,2.0NRT,312.5,6.37,D
23.66616,74.88566,341.64,0.63,0.54,2026-04-09,735,N21,VIIRS,n,2.0NRT,307.25,7.39,D
23.67642,79.18118,343.68,0.52,0.42,2026-04-09,735,N21,VIIRS,l,2.0NRT,315.27,8.93,D
23.67682,76.67861,336.81,0.49,0.48,2026-04-09,735,N21,VIIRS,l,2.0NRT,311.11,4.83,D
23.67685,79.18312,340.99,0.52,0.42,2026-04-09,735,N21,VIIRS,l,2.0NRT,315.28,7.56,D
23.67762,78.39717,344.46,0.39,0.44,2026-04-09,735,N21,VIIRS,l,2.0NRT,316.84,35.01,D
23.67832,78.40089,345.02,0.39,0.44,2026-04-09,735,N21,VIIRS,l,2.0NRT,316.65,16.04,D
23.67871,77.40983,342.43,0.44,0.46,2026-04-09,735,N21,VIIRS,n,2.0NRT,309.19,6.39,D
23.67972,86.398,337.81,0.43,0.38,2026-04-09,735,N21,VIIRS,l,2.0NRT,309.53,5.26,D
23.68061,86.09629,336.5,0.42,0.38,2026-04-09,735,N21,VIIRS,n,2.0NRT,306.07,4.28,D
23.68289,76.50446,343.36,0.5,0.49,2026-04-09,735,N21,VIIRS,n,2.0NRT,313.35,9.54,D
23.68319,86.39742,331.73,0.43,0.38,2026-04-09,735,N21,VIIRS,l,2.0NRT,306.42,5.26,D
23.68451,73.66374,337.43,0.38,0.58,2026-04-09,735,N21,VIIRS,l,2.0NRT,310.1,3.01,D
23.6861,86.39266,343.48,0.43,0.38,2026-04-09,735,N21,VIIRS,n,2.0NRT,307.7,6.57,D
23.68871,78.39086,342.48,0.39,0.44,2026-04-09,735,N21,VIIRS,n,2.0NRT,312.46,9.01,D
23.68906,76.73891,339.85,0.48,0.48,2026-04-09,735,N21,VIIRS,l,2.0NRT,312.35,5.65,D
23.70169,76.08076,355.53,0.53,0.5,2026-04-09,735,N21,VIIRS,n,2.0NRT,314.67,13.77,D
23.70424,76.8363,340.61,0.48,0.48,2026-04-09,735,N21,VIIRS,l,2.0NRT,314.71,4,D
23.70856,76.83529,339.54,0.48,0.48,2026-04-09,735,N21,VIIRS,l,2.0NRT,313.54,4,D
23.71152,86.44875,346.55,0.43,0.38,2026-04-09,735,N21,VIIRS,n,2.0NRT,309.19,5.6,D
23.71209,86.45297,338.25,0.43,0.38,2026-04-09,735,N21,VIIRS,n,2.0NRT,305.87,5.6,D
23.71782,75.83546,341.88,0.55,0.51,2026-04-09,735,N21,VIIRS,l,2.0NRT,312.38,5.65,D
23.734,82.9065,336.82,0.39,0.36,2026-04-09,735,N21,VIIRS,l,2.0NRT,309.14,3.76,D
23.73764,86.43157,335.89,0.43,0.38,2026-04-09,735,N21,VIIRS,n,2.0NRT,304.91,5.05,D
23.73822,86.43579,339.94,0.43,0.38,2026-04-09,735,N21,VIIRS,n,2.0NRT,309.23,9.31,D
23.74765,83.14333,345.73,0.39,0.36,2026-04-09,735,N21,VIIRS,n,2.0NRT,310.28,6.6,D
23.74892,77.27831,348.58,0.45,0.47,2026-04-09,735,N21,VIIRS,n,2.0NRT,319.22,22.55,D
23.7491,77.27856,351.97,0.45,0.47,2026-04-09,735,N21,VIIRS,n,2.0NRT,318.3,25.04,D
23.75521,75.76012,350.86,0.55,0.51,2026-04-09,735,N21,VIIRS,n,2.0NRT,309.86,39.6,D
23.75873,75.75375,343.1,0.55,0.51,2026-04-09,735,N21,VIIRS,n,2.0NRT,311.76,11.11,D
23.75982,75.75904,348.63,0.55,0.51,2026-04-09,735,N21,VIIRS,n,2.0NRT,314.1,11.11,D
23.76238,75.75514,344.02,0.55,0.51,2026-04-09,735,N21,VIIRS,n,2.0NRT,312.75,8.58,D
23.76351,75.76044,338.6,0.55,0.51,2026-04-09,735,N21,VIIRS,l,2.0NRT,312.45,8.58,D
23.76427,83.05545,342.02,0.39,0.36,2026-04-09,735,N21,VIIRS,n,2.0NRT,312.45,3.92,D
23.76443,75.75796,351.34,0.55,0.51,2026-04-09,735,N21,VIIRS,n,2.0NRT,315.23,11.11,D
23.76536,77.40773,349.4,0.44,0.46,2026-04-09,735,N21,VIIRS,n,2.0NRT,314.03,19.32,D
23.76698,75.75404,344.11,0.55,0.51,2026-04-09,735,N21,VIIRS,n,2.0NRT,313.76,8.58,D
23.76903,75.75683,339.05,0.55,0.51,2026-04-09,735,N21,VIIRS,l,2.0NRT,312.35,5.69,D
23.77312,82.96112,331.72,0.39,0.36,2026-04-09,735,N21,VIIRS,l,2.0NRT,306.01,2.35,D
23.78013,86.39087,346.71,0.43,0.38,2026-04-09,735,N21,VIIRS,n,2.0NRT,308.96,7.37,D
23.78045,86.21132,340.18,0.43,0.38,2026-04-09,735,N21,VIIRS,n,2.0NRT,309.25,12.14,D
23.78133,86.37349,332.5,0.43,0.38,2026-04-09,735,N21,VIIRS,l,2.0NRT,305.47,3.41,D
23.79642,86.35387,338.45,0.43,0.38,2026-04-09,735,N21,VIIRS,n,2.0NRT,305.47,3.77,D
23.79932,86.34912,335.4,0.43,0.38,2026-04-09,735,N21,VIIRS,n,2.0NRT,308.4,3.77,D
23.80396,86.33117,342.42,0.43,0.38,2026-04-09,735,N21,VIIRS,n,2.0NRT,310.73,5.72,D
23.80407,82.8745,335.85,0.39,0.36,2026-04-09,735,N21,VIIRS,l,2.0NRT,307.29,2.06,D
23.81399,78.27762,341.26,0.39,0.44,2026-04-09,735,N21,VIIRS,l,2.0NRT,313.61,7.71,D
23.81422,83.22334,340.67,0.39,0.36,2026-04-09,735,N21,VIIRS,n,2.0NRT,311.97,8.64,D
23.82008,77.86697,342.13,0.41,0.45,2026-04-09,735,N21,VIIRS,n,2.0NRT,309.95,5.72,D
23.82566,84.57351,343.19,0.39,0.36,2026-04-09,735,N21,VIIRS,l,2.0NRT,315,4.79,D
23.84689,78.28554,344.88,0.39,0.44,2026-04-09,735,N21,VIIRS,n,2.0NRT,314.58,4.74,D
23.85066,77.28241,343.88,0.44,0.46,2026-04-09,735,N21,VIIRS,n,2.0NRT,311.28,5.07,D
23.88587,81.86256,332.66,0.41,0.37,2026-04-09,735,N21,VIIRS,l,2.0NRT,305.14,3.35,D
23.91372,77.9357,341.32,0.41,0.45,2026-04-09,735,N21,VIIRS,l,2.0NRT,312.78,6.24,D
23.93335,76.92749,340.8,0.47,0.47,2026-04-09,735,N21,VIIRS,l,2.0NRT,313.05,4.92,D
23.95693,79.75603,347.96,0.49,0.4,2026-04-09,735,N21,VIIRS,n,2.0NRT,318.13,31.76,D
23.9809,82.61493,334.89,0.39,0.36,2026-04-09,735,N21,VIIRS,n,2.0NRT,307.39,2.69,D
23.99139,77.37572,351.71,0.44,0.46,2026-04-09,735,N21,VIIRS,n,2.0NRT,312.39,9.59,D
23.99187,74.62231,337.05,0.32,0.55,2026-04-09,735,N21,VIIRS,l,2.0NRT,308.47,3.8,D
23.99273,77.37538,346.6,0.44,0.46,2026-04-09,735,N21,VIIRS,n,2.0NRT,312.29,8.13,D
24.0054,75.6133,340.84,0.56,0.51,2026-04-09,735,N21,VIIRS,l,2.0NRT,313.32,3.56,D
24.02857,83.06414,337.12,0.39,0.36,2026-04-09,735,N21,VIIRS,l,2.0NRT,308.77,1.62,D
24.03072,77.86549,349.61,0.41,0.45,2026-04-09,735,N21,VIIRS,n,2.0NRT,318.83,34.46,D
24.03475,77.8646,344.05,0.41,0.45,2026-04-09,735,N21,VIIRS,l,2.0NRT,316.15,26.84,D
24.03551,77.86852,342.91,0.41,0.45,2026-04-09,735,N21,VIIRS,n,2.0NRT,309.2,19.22,D
24.03779,75.60567,342.58,0.56,0.51,2026-04-09,735,N21,VIIRS,n,2.0NRT,314.46,4.64,D
24.04434,77.8051,353.32,0.41,0.45,2026-04-09,735,N21,VIIRS,n,2.0NRT,311.21,17.31,D
24.06097,79.39598,337.65,0.5,0.41,2026-04-09,735,N21,VIIRS,l,2.0NRT,312.34,6.98,D
24.06465,83.45377,339.59,0.38,0.36,2026-04-09,735,N21,VIIRS,l,2.0NRT,311.76,6.2,D
24.07498,77.12958,344.04,0.45,0.47,2026-04-09,735,N21,VIIRS,n,2.0NRT,316.91,10.65,D
24.08319,75.43787,353.61,0.57,0.52,2026-04-09,735,N21,VIIRS,n,2.0NRT,320.43,22.13,D
24.09296,75.66734,342.94,0.55,0.51,2026-04-09,735,N21,VIIRS,n,2.0NRT,313.81,3.21,D
24.11338,82.44132,334.47,0.39,0.36,2026-04-09,735,N21,VIIRS,l,2.0NRT,308.83,3.05,D
24.11511,78.00036,351.92,0.4,0.44,2026-04-09,735,N21,VIIRS,n,2.0NRT,314.07,17.26,D
24.11647,77.9994,355.12,0.4,0.44,2026-04-09,735,N21,VIIRS,n,2.0NRT,315.41,16.47,D
24.12046,77.9985,346.04,0.4,0.44,2026-04-09,735,N21,VIIRS,n,2.0NRT,314.88,7.07,D
24.12866,77.6068,340.04,0.42,0.45,2026-04-09,735,N21,VIIRS,l,2.0NRT,313.31,8.42,D
24.14148,76.4884,353.37,0.49,0.49,2026-04-09,735,N21,VIIRS,n,2.0NRT,314.13,20.94,D
24.14158,76.48978,343.37,0.49,0.49,2026-04-09,735,N21,VIIRS,n,2.0NRT,313.9,22.87,D
24.15805,88.73299,338.51,0.57,0.43,2026-04-09,735,N21,VIIRS,n,2.0NRT,305.77,8.86,D
24.1638,83.10103,343.37,0.39,0.36,2026-04-09,735,N21,VIIRS,n,2.0NRT,309.24,5.92,D
24.17837,82.67574,335.13,0.39,0.36,2026-04-09,735,N21,VIIRS,l,2.0NRT,309.9,1.87,D
24.19056,82.49735,337.4,0.39,0.36,2026-04-09,735,N21,VIIRS,l,2.0NRT,311.54,3.01,D
24.1943,74.56616,367,0.32,0.55,2026-04-09,735,N21,VIIRS,h,2.0NRT,311.72,5.43,D
24.19505,74.56953,338.01,0.32,0.55,2026-04-09,735,N21,VIIRS,n,2.0NRT,309.26,5.43,D
24.20395,82.85751,337.35,0.39,0.36,2026-04-09,735,N21,VIIRS,l,2.0NRT,311.42,7.39,D
24.20417,82.70975,349.13,0.39,0.36,2026-04-09,735,N21,VIIRS,n,2.0NRT,316.16,5.83,D
24.20575,82.86883,337.14,0.39,0.36,2026-04-09,735,N21,VIIRS,l,2.0NRT,308.6,6.71,D
24.2066,82.72496,338.08,0.39,0.36,2026-04-09,735,N21,VIIRS,l,2.0NRT,309.22,8,D
24.21035,88.60263,330.42,0.56,0.43,2026-04-09,735,N21,VIIRS,l,2.0NRT,301.61,5.96,D
24.21259,82.71992,335.59,0.39,0.36,2026-04-09,735,N21,VIIRS,l,2.0NRT,307.86,4.32,D
24.22856,88.95413,334.64,0.39,0.44,2026-04-09,735,N21,VIIRS,n,2.0NRT,300.07,3.93,D
24.22868,74.29595,352.68,0.33,0.56,2026-04-09,735,N21,VIIRS,n,2.0NRT,309.14,4.69,D
24.22935,74.29656,367,0.33,0.56,2026-04-09,735,N21,VIIRS,h,2.0NRT,309.99,5.34,D
24.23368,74.29478,347.75,0.33,0.56,2026-04-09,735,N21,VIIRS,n,2.0NRT,310.28,4.7,D
24.23435,74.29538,342.53,0.33,0.56,2026-04-09,735,N21,VIIRS,n,2.0NRT,310.72,5.34,D
24.23595,82.73884,345.04,0.39,0.36,2026-04-09,735,N21,VIIRS,n,2.0NRT,312.17,18.46,D
24.23753,88.49281,334.31,0.55,0.43,2026-04-09,735,N21,VIIRS,n,2.0NRT,299.51,3.38,D
24.2601,87.8203,335.98,0.51,0.41,2026-04-09,735,N21,VIIRS,n,2.0NRT,300.11,4.46,D
24.26905,78.24031,343.47,0.38,0.44,2026-04-09,735,N21,VIIRS,n,2.0NRT,313.63,7.15,D
24.29195,79.22948,338.47,0.51,0.41,2026-04-09,735,N21,VIIRS,n,2.0NRT,308.76,3.2,D
24.32289,77.24875,336.84,0.44,0.46,2026-04-09,735,N21,VIIRS,l,2.0NRT,310.74,3.57,D
24.36162,87.95795,336.43,0.52,0.41,2026-04-09,735,N21,VIIRS,n,2.0NRT,299.18,3.29,D
24.3742,81.63746,336.89,0.41,0.37,2026-04-09,735,N21,VIIRS,l,2.0NRT,310.71,3.48,D
24.38565,87.90022,330.6,0.51,0.41,2026-04-09,735,N21,VIIRS,n,2.0NRT,299.61,3.38,D
24.41325,87.93711,330.57,0.52,0.41,2026-04-09,735,N21,VIIRS,l,2.0NRT,301.68,4.75,D
24.44696,78.00514,344.49,0.39,0.44,2026-04-09,735,N21,VIIRS,n,2.0NRT,312.95,9.38,D
24.46532,78.32987,336.06,0.57,0.43,2026-04-09,735,N21,VIIRS,n,2.0NRT,306.51,6.59,D
24.49037,78.5268,340.69,0.55,0.43,2026-04-09,735,N21,VIIRS,n,2.0NRT,312.59,8.65,D
24.49075,75.87621,342.87,0.53,0.5,2026-04-09,735,N21,VIIRS,n,2.0NRT,313.16,5.23,D
24.52045,78.77169,336.88,0.53,0.42,2026-04-09,735,N21,VIIRS,l,2.0NRT,310.24,5.61,D
24.5271,77.35449,341.26,0.43,0.46,2026-04-09,735,N21,VIIRS,n,2.0NRT,306.64,14.52,D
24.6137,77.09811,343.59,0.44,0.46,2026-04-09,735,N21,VIIRS,n,2.0NRT,309.42,10.08,D
24.61455,77.10237,367,0.44,0.46,2026-04-09,735,N21,VIIRS,h,2.0NRT,312.79,10.08,D
24.7154,77.07952,343.1,0.44,0.46,2026-04-09,735,N21,VIIRS,n,2.0NRT,306.98,27.85,D
24.73889,83.54192,345.66,0.38,0.36,2026-04-09,735,N21,VIIRS,n,2.0NRT,311.99,5.76,D
24.74098,80.35023,337.61,0.45,0.39,2026-04-09,735,N21,VIIRS,l,2.0NRT,310.65,6.52,D
24.74449,80.34953,338.29,0.45,0.39,2026-04-09,735,N21,VIIRS,l,2.0NRT,312.22,6.52,D
24.75204,76.38612,339.92,0.48,0.48,2026-04-09,735,N21,VIIRS,l,2.0NRT,310.9,7.53,D
24.76941,76.3819,342.97,0.48,0.48,2026-04-09,735,N21,VIIRS,n,2.0NRT,312.26,5.37,D
24.78076,80.28439,339.3,0.45,0.39,2026-04-09,735,N21,VIIRS,l,2.0NRT,313.63,6.16,D
24.78291,77.06813,339.3,0.44,0.46,2026-04-09,735,N21,VIIRS,n,2.0NRT,308.88,9.49,D
24.79213,77.72157,343.45,0.4,0.44,2026-04-09,735,N21,VIIRS,n,2.0NRT,310.93,6.46,D
24.79759,84.38485,335.35,0.39,0.36,2026-04-09,735,N21,VIIRS,n,2.0NRT,308.84,1.51,D
24.8744,80.88263,348.14,0.43,0.38,2026-04-09,735,N21,VIIRS,n,2.0NRT,314.61,18.58,D
24.91927,85.76318,338.55,0.42,0.38,2026-04-09,735,N21,VIIRS,n,2.0NRT,306.08,3.14,D
24.94108,78.18207,334.48,0.57,0.43,2026-04-09,735,N21,VIIRS,n,2.0NRT,302.43,16.49,D
24.98855,85.68137,332.4,0.42,0.38,2026-04-09,735,N21,VIIRS,n,2.0NRT,302.88,1.73,D
25.02905,85.74635,336.81,0.42,0.38,2026-04-09,735,N21,VIIRS,n,2.0NRT,304.78,6.28,D
25.03213,87.3705,330.01,0.49,0.4,2026-04-09,735,N21,VIIRS,l,2.0NRT,300.29,5.01,D
25.03243,85.87335,335.49,0.43,0.38,2026-04-09,735,N21,VIIRS,n,2.0NRT,304.15,5.79,D
25.03649,85.80025,347.02,0.42,0.38,2026-04-09,735,N21,VIIRS,n,2.0NRT,308.28,9.92,D
25.06026,85.3908,337.01,0.41,0.37,2026-04-09,735,N21,VIIRS,n,2.0NRT,301.32,2.51,D
25.07327,85.91371,335.07,0.43,0.38,2026-04-09,735,N21,VIIRS,n,2.0NRT,304.92,4.22,D
25.07369,84.06669,346.27,0.39,0.36,2026-04-09,735,N21,VIIRS,n,2.0NRT,313.92,7.6,D
25.10296,84.10435,336.27,0.39,0.36,2026-04-09,735,N21,VIIRS,l,2.0NRT,309.49,3.48,D
25.20624,78.12361,335.48,0.57,0.43,2026-04-09,735,N21,VIIRS,n,2.0NRT,306.18,3.07,D
25.28676,88.62016,340.6,0.38,0.43,2026-04-09,735,N21,VIIRS,n,2.0NRT,297.48,5.8,D
25.33662,88.43598,345.42,0.56,0.43,2026-04-09,735,N21,VIIRS,n,2.0NRT,299.28,11.24,D
25.33983,88.29566,336.84,0.55,0.43,2026-04-09,735,N21,VIIRS,n,2.0NRT,295.51,8.2,D
25.34055,88.4354,336.58,0.56,0.43,2026-04-09,735,N21,VIIRS,n,2.0NRT,301.8,11.24,D
25.34121,88.44096,347.11,0.56,0.43,2026-04-09,735,N21,VIIRS,n,2.0NRT,300.51,11.24,D
25.35022,88.28306,341.77,0.55,0.43,2026-04-09,735,N21,VIIRS,n,2.0NRT,297.79,11.62,D
25.36634,79.19351,337.67,0.49,0.41,2026-04-09,735,N21,VIIRS,n,2.0NRT,306.25,2.67,D
25.3831,96.34329,335.97,0.59,0.7,2026-04-09,735,N21,VIIRS,n,2.0NRT,284.73,7.79,D
25.43715,90.25815,338.79,0.48,0.48,2026-04-09,735,N21,VIIRS,n,2.0NRT,292.76,6.9,D
25.81243,90.38214,339.58,0.5,0.49,2026-04-09,735,N21,VIIRS,n,2.0NRT,286.73,7.56,D
25.85124,90.75069,339.28,0.52,0.5,2026-04-09,735,N21,VIIRS,n,2.0NRT,287.02,13.7,D
25.85525,90.74474,350.4,0.52,0.5,2026-04-09,735,N21,VIIRS,n,2.0NRT,287.01,13.7,D
23.26472,69.10711,351.68,0.74,0.76,2026-04-09,737,N21,VIIRS,n,2.0NRT,300.62,19.14,D
23.30848,69.19237,336.41,0.73,0.76,2026-04-09,737,N21,VIIRS,n,2.0NRT,300,3.73,D
23.30941,69.19238,336.81,0.73,0.76,2026-04-09,737,N21,VIIRS,n,2.0NRT,300.21,4.12,D
23.4259,68.88388,334.6,0.76,0.77,2026-04-09,737,N21,VIIRS,n,2.0NRT,299.19,5.6,D
24.46651,73.71883,367,0.36,0.57,2026-04-09,737,N21,VIIRS,h,2.0NRT,304.93,8.05,D
24.46728,73.72224,331.92,0.36,0.57,2026-04-09,737,N21,VIIRS,n,2.0NRT,304.05,8.05,D
24.51454,73.5175,333.8,0.37,0.58,2026-04-09,737,N21,VIIRS,l,2.0NRT,308.56,4.74,D
24.58257,73.60038,336.61,0.36,0.58,2026-04-09,737,N21,VIIRS,l,2.0NRT,308.4,5.92,D
24.61156,73.60815,344.25,0.36,0.58,2026-04-09,737,N21,VIIRS,n,2.0NRT,305.78,3.7,D
24.72677,73.338,331.11,0.38,0.58,2026-04-09,737,N21,VIIRS,l,2.0NRT,304.9,1.16,D
24.73306,73.29256,342.85,0.38,0.59,2026-04-09,737,N21,VIIRS,n,2.0NRT,310.17,4.87,D
24.92737,73.22848,338.33,0.38,0.59,2026-04-09,737,N21,VIIRS,n,2.0NRT,309.5,2.91,D
24.93124,76.14152,342.46,0.5,0.49,2026-04-09,737,N21,VIIRS,n,2.0NRT,310.58,6.34,D
25.18677,77.02132,341.87,0.44,0.46,2026-04-09,737,N21,VIIRS,n,2.0NRT,303.71,10.58,D
25.31037,76.36488,345.39,0.47,0.48,2026-04-09,737,N21,VIIRS,n,2.0NRT,310.61,10.79,D
25.34201,75.69602,344.11,0.52,0.5,2026-04-09,737,N21,VIIRS,n,2.0NRT,308.1,5.37,D
25.3526,72.99283,338.1,0.38,0.59,2026-04-09,737,N21,VIIRS,l,2.0NRT,311.66,0.87,D
25.37591,76.69231,338.82,0.45,0.47,2026-04-09,737,N21,VIIRS,l,2.0NRT,309.79,5.59,D
25.37838,76.68253,345.42,0.45,0.47,2026-04-09,737,N21,VIIRS,n,2.0NRT,309.47,5.06,D
25.38298,73.01026,367,0.38,0.59,2026-04-09,737,N21,VIIRS,h,2.0NRT,313.77,7.05,D
25.46143,71.92091,342.51,0.44,0.62,2026-04-09,737,N21,VIIRS,l,2.0NRT,312.6,7.92,D
25.47091,77.03104,333.16,0.43,0.46,2026-04-09,737,N21,VIIRS,l,2.0NRT,305.13,6.43,D
25.48507,76.75456,353.56,0.45,0.47,2026-04-09,737,N21,VIIRS,n,2.0NRT,307.61,13.59,D
25.49383,78.44433,331.62,0.54,0.42,2026-04-09,737,N21,VIIRS,l,2.0NRT,306.31,2.23,D
25.55073,78.52057,335.92,0.53,0.42,2026-04-09,737,N21,VIIRS,n,2.0NRT,306.51,4.66,D
25.59332,76.74715,340.52,0.44,0.46,2026-04-09,737,N21,VIIRS,n,2.0NRT,305.1,4.53,D
25.66949,68.53664,332.22,0.7,0.75,2026-04-09,737,N21,VIIRS,n,2.0NRT,298.66,6.06,D
25.85839,81.68872,345.62,0.4,0.37,2026-04-09,737,N21,VIIRS,n,2.0NRT,311.53,12.34,D
25.86225,76.77028,341.05,0.44,0.46,2026-04-09,737,N21,VIIRS,n,2.0NRT,304.73,7.3,D
25.8957,76.9567,341.07,0.43,0.46,2026-04-09,737,N21,VIIRS,n,2.0NRT,306.97,4.78,D
25.91736,76.82821,338.55,0.43,0.46,2026-04-09,737,N21,VIIRS,n,2.0NRT,307,3.08,D
25.92065,76.82299,332.19,0.43,0.46,2026-04-09,737,N21,VIIRS,l,2.0NRT,305.11,3.08,D
25.93886,76.82745,333.82,0.43,0.46,2026-04-09,737,N21,VIIRS,l,2.0NRT,307.01,3.78,D
25.98587,78.03575,332.24,0.55,0.43,2026-04-09,737,N21,VIIRS,l,2.0NRT,306.63,4.35,D
25.98656,78.03407,332.29,0.55,0.43,2026-04-09,737,N21,VIIRS,l,2.0NRT,307.23,3.38,D
26.35607,76.45198,339.56,0.45,0.47,2026-04-09,737,N21,VIIRS,n,2.0NRT,307.62,5.11,D
26.39806,81.62685,336.79,0.4,0.37,2026-04-09,737,N21,VIIRS,n,2.0NRT,305.69,6.58,D
26.51619,83.0921,337.58,0.38,0.36,2026-04-09,737,N21,VIIRS,n,2.0NRT,293.77,1.96,D
26.51947,83.09148,349.31,0.38,0.36,2026-04-09,737,N21,VIIRS,n,2.0NRT,313.92,9.89,D
26.71757,82.62624,337.13,0.38,0.36,2026-04-09,737,N21,VIIRS,l,2.0NRT,310.41,17.35,D
26.79231,81.80683,334.39,0.39,0.36,2026-04-09,737,N21,VIIRS,l,2.0NRT,309.31,2.32,D
26.8691,83.21846,341.55,0.38,0.36,2026-04-09,737,N21,VIIRS,l,2.0NRT,313.88,7.16,D
26.94281,87.52979,331.15,0.53,0.42,2026-04-09,737,N21,VIIRS,n,2.0NRT,294.56,5.61,D
26.95391,85.41132,331.75,0.43,0.38,2026-04-09,737,N21,VIIRS,n,2.0NRT,298.3,2,D
26.95561,85.39801,336.99,0.42,0.38,2026-04-09,737,N21,VIIRS,n,2.0NRT,299.59,3.03,D
26.96817,85.34055,335.72,0.42,0.38,2026-04-09,737,N21,VIIRS,n,2.0NRT,304.49,3.19,D
27.01579,83.03786,344.34,0.38,0.36,2026-04-09,737,N21,VIIRS,n,2.0NRT,305.03,14.92,D
27.01906,83.03724,345.9,0.38,0.36,2026-04-09,737,N21,VIIRS,n,2.0NRT,308.81,14.92,D
27.03742,84.10281,335.92,0.39,0.36,2026-04-09,737,N21,VIIRS,l,2.0NRT,308.9,1.72,D
27.05357,82.88096,339.97,0.38,0.36,2026-04-09,737,N21,VIIRS,n,2.0NRT,306.36,4.66,D
27.0689,83.54937,338.53,0.39,0.36,2026-04-09,737,N21,VIIRS,l,2.0NRT,312.93,4.45,D
27.08157,84.43638,334.39,0.4,0.37,2026-04-09,737,N21,VIIRS,l,2.0NRT,308.13,2.29,D
27.10649,84.71275,351.63,0.41,0.37,2026-04-09,737,N21,VIIRS,n,2.0NRT,307.97,12.87,D
27.13972,83.36179,344.21,0.39,0.36,2026-04-09,737,N21,VIIRS,n,2.0NRT,313.97,21.13,D
27.1403,83.36565,345.9,0.39,0.36,2026-04-09,737,N21,VIIRS,l,2.0NRT,319.67,21.13,D
27.162,82.72279,340.93,0.38,0.36,2026-04-09,737,N21,VIIRS,n,2.0NRT,310.51,5.48,D
27.16469,82.71833,348.35,0.38,0.36,2026-04-09,737,N21,VIIRS,n,2.0NRT,314.36,18.32,D
27.16521,82.76556,342,0.38,0.36,2026-04-09,737,N21,VIIRS,n,2.0NRT,310.51,13.06,D
27.16528,82.72216,342.29,0.38,0.36,2026-04-09,737,N21,VIIRS,l,2.0NRT,313.67,18.32,D
27.16646,82.72982,338.33,0.38,0.36,2026-04-09,737,N21,VIIRS,l,2.0NRT,309.42,75.1,D
27.18127,84.70373,335.65,0.41,0.37,2026-04-09,737,N21,VIIRS,n,2.0NRT,305.72,3.85,D
27.18622,84.66541,338.02,0.41,0.37,2026-04-09,737,N21,VIIRS,n,2.0NRT,307.02,7.21,D
27.20865,84.66601,341.19,0.41,0.37,2026-04-09,737,N21,VIIRS,n,2.0NRT,306.71,8.41,D
27.2246,82.84486,341.92,0.38,0.36,2026-04-09,737,N21,VIIRS,l,2.0NRT,314.95,8.09,D
27.26409,82.80974,338.84,0.38,0.36,2026-04-09,737,N21,VIIRS,l,2.0NRT,312.64,2.16,D
27.2662,82.80144,348.69,0.38,0.36,2026-04-09,737,N21,VIIRS,n,2.0NRT,316.45,7.6,D
27.26678,82.80527,351.59,0.38,0.36,2026-04-09,737,N21,VIIRS,n,2.0NRT,315.1,7.6,D
27.26737,82.80911,343.11,0.38,0.36,2026-04-09,737,N21,VIIRS,n,2.0NRT,312.6,5.65,D
27.26796,82.81294,341.54,0.38,0.36,2026-04-09,737,N21,VIIRS,n,2.0NRT,310.01,5.65,D
27.26947,82.80081,344.98,0.38,0.36,2026-04-09,737,N21,VIIRS,n,2.0NRT,313.93,7.6,D
27.29308,83.43292,346.81,0.39,0.36,2026-04-09,737,N21,VIIRS,n,2.0NRT,309.86,7.22,D
27.29365,83.43679,335.66,0.39,0.36,2026-04-09,737,N21,VIIRS,l,2.0NRT,308.28,4.58,D
27.31031,82.78111,335.92,0.38,0.36,2026-04-09,737,N21,VIIRS,n,2.0NRT,304.12,93.97,D
27.3109,82.78494,335.13,0.38,0.36,2026-04-09,737,N21,VIIRS,n,2.0NRT,303.1,1.76,D
27.31098,82.74152,335.81,0.38,0.36,2026-04-09,737,N21,VIIRS,l,2.0NRT,308.72,4.29,D
27.31384,82.80412,347.52,0.38,0.36,2026-04-09,737,N21,VIIRS,n,2.0NRT,300.54,6.94,D
27.31476,82.78815,336.3,0.38,0.36,2026-04-09,737,N21,VIIRS,l,2.0NRT,306.82,1.76,D
27.31485,82.74471,351.73,0.38,0.36,2026-04-09,737,N21,VIIRS,n,2.0NRT,313.44,8.44,D
27.31711,82.80349,343.62,0.38,0.36,2026-04-09,737,N21,VIIRS,n,2.0NRT,305.38,6.94,D
27.32027,83.32069,338.43,0.39,0.36,2026-04-09,737,N21,VIIRS,l,2.0NRT,309.26,3.35,D
27.32084,83.32455,344.87,0.39,0.36,2026-04-09,737,N21,VIIRS,n,2.0NRT,310.47,3.35,D
27.32132,82.78689,340.7,0.38,0.36,2026-04-09,737,N21,VIIRS,n,2.0NRT,306.81,4.98,D
27.32224,82.77092,347.94,0.38,0.36,2026-04-09,737,N21,VIIRS,n,2.0NRT,313.7,93.17,D
27.32283,82.77476,347.02,0.38,0.36,2026-04-09,737,N21,VIIRS,n,2.0NRT,310.01,7.96,D
27.32552,82.77029,367,0.38,0.36,2026-04-09,737,N21,VIIRS,h,2.0NRT,334.64,93.17,D
27.32703,82.75816,347.62,0.38,0.36,2026-04-09,737,N21,VIIRS,n,2.0NRT,314.91,10.05,D
27.32769,83.05029,337.42,0.38,0.36,2026-04-09,737,N21,VIIRS,l,2.0NRT,311.02,3.65,D
27.32821,82.76582,340.61,0.38,0.36,2026-04-09,737,N21,VIIRS,n,2.0NRT,311.64,6.87,D
27.32939,82.77349,335.18,0.38,0.36,2026-04-09,737,N21,VIIRS,n,2.0NRT,299.59,3.75,D
27.32988,83.33492,344.75,0.39,0.36,2026-04-09,737,N21,VIIRS,n,2.0NRT,309.67,5.28,D
27.33031,82.75752,347.7,0.38,0.36,2026-04-09,737,N21,VIIRS,n,2.0NRT,307.63,10.05,D
27.33097,83.04966,336.71,0.38,0.36,2026-04-09,737,N21,VIIRS,l,2.0NRT,310.73,3.76,D
27.33149,82.76519,352.83,0.38,0.36,2026-04-09,737,N21,VIIRS,n,2.0NRT,314.84,6.87,D
27.33273,83.44936,351.87,0.39,0.36,2026-04-09,737,N21,VIIRS,n,2.0NRT,310.05,7.95,D
27.33476,82.76456,336.84,0.38,0.36,2026-04-09,737,N21,VIIRS,n,2.0NRT,299.06,3.72,D
27.33971,82.81889,340.02,0.38,0.36,2026-04-09,737,N21,VIIRS,n,2.0NRT,308.42,2.29,D
27.34409,83.04716,341.67,0.38,0.36,2026-04-09,737,N21,VIIRS,n,2.0NRT,308.44,4.02,D
27.35822,83.16315,338.81,0.38,0.36,2026-04-09,737,N21,VIIRS,n,2.0NRT,308.8,14.27,D
27.3615,83.16253,336.45,0.38,0.36,2026-04-09,737,N21,VIIRS,n,2.0NRT,307.03,4.23,D
27.37429,80.4723,340.23,0.42,0.37,2026-04-09,737,N21,VIIRS,n,2.0NRT,304.06,2.9,D
27.44082,83.16734,333.83,0.39,0.36,2026-04-09,737,N21,VIIRS,l,2.0NRT,304.29,3.29,D
27.53233,71.21545,335.14,0.44,0.62,2026-04-09,737,N21,VIIRS,l,2.0NRT,309.07,1.39,D
27.55645,82.72237,342.58,0.38,0.36,2026-04-09,737,N21,VIIRS,n,2.0NRT,307.13,5.1,D
27.59654,71.89156,334.78,0.4,0.6,2026-04-09,737,N21,VIIRS,l,2.0NRT,309.57,1.51,D
27.67043,82.50625,350.09,0.38,0.36,2026-04-09,737,N21,VIIRS,n,2.0NRT,306.68,9.42,D
27.6707,82.86656,332.1,0.38,0.36,2026-04-09,737,N21,VIIRS,n,2.0NRT,304.69,3.41,D
27.71912,83.34592,335.56,0.39,0.36,2026-04-09,737,N21,VIIRS,n,2.0NRT,304.99,3.19,D
27.72241,83.34525,334.23,0.39,0.36,2026-04-09,737,N21,VIIRS,n,2.0NRT,302.52,4.45,D
27.72569,83.34457,339.97,0.39,0.36,2026-04-09,737,N21,VIIRS,n,2.0NRT,302.63,4.45,D
27.82306,80.00047,334.15,0.43,0.38,2026-04-09,737,N21,VIIRS,n,2.0NRT,303.71,3.86,D
27.88022,80.31207,330.99,0.42,0.37,2026-04-09,737,N21,VIIRS,n,2.0NRT,303.18,2.51,D
27.92654,82.29392,332.69,0.38,0.36,2026-04-09,737,N21,VIIRS,n,2.0NRT,303.08,2.53,D
27.92916,80.3102,332.78,0.42,0.37,2026-04-09,737,N21,VIIRS,l,2.0NRT,302.98,8.69,D
27.9312,82.1656,330.75,0.39,0.36,2026-04-09,737,N21,VIIRS,n,2.0NRT,300.69,1.66,D
27.95233,68.98036,341.66,0.58,0.7,2026-04-09,737,N21,VIIRS,n,2.0NRT,298.94,5.82,D
27.96907,82.32144,341.54,0.38,0.36,2026-04-09,737,N21,VIIRS,n,2.0NRT,303.28,3.69,D
27.96971,82.36901,342.91,0.38,0.36,2026-04-09,737,N21,VIIRS,n,2.0NRT,303.68,5.73,D
27.98341,82.37032,330.82,0.38,0.36,2026-04-09,737,N21,VIIRS,l,2.0NRT,302.47,3.57,D
28.01747,68.92269,330.91,0.58,0.7,2026-04-09,737,N21,VIIRS,n,2.0NRT,298.14,7.47,D
28.02048,68.92023,332.38,0.58,0.7,2026-04-09,737,N21,VIIRS,n,2.0NRT,297.56,4.58,D
28.05425,80.71492,331.65,0.41,0.37,2026-04-09,737,N21,VIIRS,n,2.0NRT,303.19,1.89,D
28.36481,69.7125,342.9,0.51,0.66,2026-04-09,737,N21,VIIRS,n,2.0NRT,297.59,6.64,D
28.5615,69.71474,338.38,0.51,0.66,2026-04-09,737,N21,VIIRS,n,2.0NRT,299.38,3.2,D
28.56499,69.96328,367,0.49,0.65,2026-04-09,737,N21,VIIRS,h,2.0NRT,303.06,11.25,D
28.60499,69.90715,333.96,0.49,0.65,2026-04-09,737,N21,VIIRS,n,2.0NRT,298.76,3.69,D
28.60731,69.90823,330.34,0.49,0.65,2026-04-09,737,N21,VIIRS,n,2.0NRT,298.48,3.46,D
28.61326,69.98763,334.71,0.49,0.65,2026-04-09,737,N21,VIIRS,n,2.0NRT,301.52,4.84,D
28.61449,69.99239,340.63,0.49,0.65,2026-04-09,737,N21,VIIRS,n,2.0NRT,299.76,4.84,D
28.61511,69.98895,353.71,0.49,0.65,2026-04-09,737,N21,VIIRS,n,2.0NRT,301.55,8.68,D
28.6864,70.00589,333.4,0.49,0.65,2026-04-09,737,N21,VIIRS,n,2.0NRT,298.34,3.04,D
28.71592,71.03568,367,0.42,0.61,2026-04-09,737,N21,VIIRS,h,2.0NRT,302.88,9.35,D
28.71694,71.03983,340.12,0.42,0.61,2026-04-09,737,N21,VIIRS,n,2.0NRT,302.76,9.35,D
28.75212,70.07185,352.09,0.48,0.65,2026-04-09,737,N21,VIIRS,n,2.0NRT,299.28,6.73,D
28.75257,70.07188,352.12,0.48,0.65,2026-04-09,737,N21,VIIRS,n,2.0NRT,299.31,7.08,D
28.76837,70.08701,331.73,0.48,0.65,2026-04-09,737,N21,VIIRS,n,2.0NRT,297.97,3.78,D
28.8199,70.24084,332.24,0.47,0.64,2026-04-09,737,N21,VIIRS,n,2.0NRT,299.99,16.84,D
28.82324,70.2299,367,0.47,0.64,2026-04-09,737,N21,VIIRS,h,2.0NRT,304.73,29.65,D
28.86782,70.35811,336.64,0.46,0.63,2026-04-09,737,N21,VIIRS,n,2.0NRT,300.17,4.59,D
28.87929,70.20758,332.03,0.47,0.64,2026-04-09,737,N21,VIIRS,n,2.0NRT,299.5,3.15,D
28.87996,71.10984,340.67,0.41,0.61,2026-04-09,737,N21,VIIRS,n,2.0NRT,304.65,4.29,D
28.8803,71.11265,367,0.41,0.61,2026-04-09,737,N21,VIIRS,h,2.0NRT,304.8,7.04,D
28.88098,71.11391,337.42,0.41,0.61,2026-04-09,737,N21,VIIRS,n,2.0NRT,302.76,4.29,D
28.93295,71.42564,367,0.39,0.6,2026-04-09,737,N21,VIIRS,h,2.0NRT,305,5.83,D
28.93389,71.42952,330.58,0.39,0.6,2026-04-09,737,N21,VIIRS,n,2.0NRT,305.23,5.83,D
28.95684,71.28052,332.25,0.4,0.6,2026-04-09,737,N21,VIIRS,l,2.0NRT,302.8,1.7,D
29.03406,72.17028,339.15,0.35,0.57,2026-04-09,737,N21,VIIRS,n,2.0NRT,305.66,3.04,D
29.05026,71.13925,349.33,0.41,0.6,2026-04-09,737,N21,VIIRS,n,2.0NRT,303.26,6.86,D
29.05125,71.14327,332.68,0.41,0.6,2026-04-09,737,N21,VIIRS,l,2.0NRT,303.24,4.65,D
29.0669,72.19424,341.65,0.35,0.57,2026-04-09,737,N21,VIIRS,n,2.0NRT,305.7,4.92,D
29.07397,71.02312,331.85,0.41,0.61,2026-04-09,737,N21,VIIRS,n,2.0NRT,299.98,3.32,D
29.08315,72.14831,332.08,0.35,0.57,2026-04-09,737,N21,VIIRS,l,2.0NRT,306.31,3.66,D
29.0936,72.23843,367,0.35,0.57,2026-04-09,737,N21,VIIRS,h,2.0NRT,308.46,16.42,D
29.09453,71.86997,330.04,0.37,0.58,2026-04-09,737,N21,VIIRS,l,2.0NRT,302.74,1.57,D
29.09895,72.19229,337.39,0.35,0.57,2026-04-09,737,N21,VIIRS,l,2.0NRT,307.41,5.81,D
29.13208,71.19164,334.75,0.4,0.6,2026-04-09,737,N21,VIIRS,n,2.0NRT,301.32,1.83,D
29.13321,71.19039,331.71,0.4,0.6,2026-04-09,737,N21,VIIRS,n,2.0NRT,301.57,2.22,D
29.13561,71.17686,331.93,0.4,0.6,2026-04-09,737,N21,VIIRS,n,2.0NRT,301.63,1.66,D
29.14901,71.30956,351.4,0.4,0.6,2026-04-09,737,N21,VIIRS,n,2.0NRT,303.53,7.65,D
29.15085,71.30792,349.24,0.4,0.6,2026-04-09,737,N21,VIIRS,n,2.0NRT,300.93,5.45,D
29.15155,72.23241,334.8,0.35,0.57,2026-04-09,737,N21,VIIRS,l,2.0NRT,305.1,4,D
29.15404,72.23173,334.03,0.35,0.57,2026-04-09,737,N21,VIIRS,l,2.0NRT,306.17,2.77,D
29.15654,70.57871,344.16,0.44,0.62,2026-04-09,737,N21,VIIRS,n,2.0NRT,299.25,4.32,D
29.16238,72.24404,336.99,0.35,0.57,2026-04-09,737,N21,VIIRS,n,2.0NRT,306.69,3.56,D
29.16899,70.67641,330.68,0.43,0.62,2026-04-09,737,N21,VIIRS,n,2.0NRT,297.77,3.5,D
29.17063,70.61144,332.49,0.44,0.62,2026-04-09,737,N21,VIIRS,n,2.0NRT,299.77,2.08,D
29.17866,72.62373,336.72,0.33,0.55,2026-04-09,737,N21,VIIRS,n,2.0NRT,303.82,1.76,D
29.19176,70.69667,337.13,0.43,0.62,2026-04-09,737,N21,VIIRS,n,2.0NRT,299.13,2.87,D
29.19422,72.62271,345.83,0.33,0.55,2026-04-09,737,N21,VIIRS,n,2.0NRT,303.53,2.68,D
29.20025,70.89667,338.51,0.42,0.61,2026-04-09,737,N21,VIIRS,n,2.0NRT,298.98,4.92,D
29.25076,70.46519,343.26,0.44,0.63,2026-04-09,737,N21,VIIRS,n,2.0NRT,300.12,4.79,D
29.25191,71.67374,335.37,0.37,0.58,2026-04-09,737,N21,VIIRS,n,2.0NRT,304.14,3.98,D
29.26611,70.64601,349.53,0.43,0.62,2026-04-09,737,N21,VIIRS,n,2.0NRT,298.87,4.86,D
29.2889,70.66637,367,0.43,0.62,2026-04-09,737,N21,VIIRS,h,2.0NRT,300.57,8.34,D
29.32828,70.61658,332.49,0.43,0.62,2026-04-09,737,N21,VIIRS,n,2.0NRT,299.76,3.13,D
29.40619,70.59691,330.83,0.43,0.62,2026-04-09,737,N21,VIIRS,n,2.0NRT,299.27,2.24,D
29.45862,71.74968,332.77,0.37,0.58,2026-04-09,737,N21,VIIRS,n,2.0NRT,295.95,2.04,D
29.47477,78.09846,333.97,0.49,0.4,2026-04-09,737,N21,VIIRS,n,2.0NRT,305.73,2.31,D
29.56071,78.46544,332.28,0.47,0.4,2026-04-09,737,N21,VIIRS,n,2.0NRT,301.06,7.19,D
29.63938,77.78185,335.72,0.5,0.41,2026-04-09,737,N21,VIIRS,n,2.0NRT,305.61,6.37,D
30.47877,76.10018,334.8,0.39,0.44,2026-04-09,737,N21,VIIRS,n,2.0NRT,295.11,3.27,D
16.33536,74.21507,333,0.77,0.77,2026-04-09,915,N21,VIIRS,n,2.0NRT,298.05,4.07,D
16.34061,74.22227,330.08,0.77,0.78,2026-04-09,915,N21,VIIRS,l,2.0NRT,300.46,8.43,D
16.82769,73.72126,333.53,0.72,0.76,2026-04-09,915,N21,VIIRS,n,2.0NRT,299.3,8.46,D
16.82793,73.72231,330.67,0.72,0.76,2026-04-09,915,N21,VIIRS,n,2.0NRT,299.35,7.65,D
17.02754,74.16184,331.22,0.78,0.78,2026-04-09,915,N21,VIIRS,n,2.0NRT,301.9,15.26,D
17.03406,74.1544,367,0.78,0.78,2026-04-09,915,N21,VIIRS,h,2.0NRT,303.64,31.88,D
17.40421,73.59966,367,0.72,0.76,2026-04-09,915,N21,VIIRS,h,2.0NRT,302.12,31.36,D
17.55733,73.44158,330.32,0.71,0.75,2026-04-09,915,N21,VIIRS,n,2.0NRT,300.56,2.8,D
17.6991,73.45687,330.29,0.71,0.75,2026-04-09,915,N21,VIIRS,l,2.0NRT,303.79,10.64,D
17.706,73.45638,352.24,0.71,0.75,2026-04-09,915,N21,VIIRS,n,2.0NRT,301.65,10.64,D
17.76999,73.62966,332.72,0.73,0.76,2026-04-09,915,N21,VIIRS,n,2.0NRT,299.3,10.37,D
17.77039,73.63126,334.58,0.73,0.76,2026-04-09,915,N21,VIIRS,n,2.0NRT,298.96,4.89,D
17.98402,73.75492,344.21,0.75,0.77,2026-04-09,915,N21,VIIRS,n,2.0NRT,301.21,16.26,D
17.98956,73.75282,347.81,0.75,0.77,2026-04-09,915,N21,VIIRS,n,2.0NRT,301.17,16.19,D
17.99003,73.75863,346.4,0.75,0.77,2026-04-09,915,N21,VIIRS,n,2.0NRT,301.33,16.19,D
17.9913,73.7573,342.62,0.75,0.77,2026-04-09,915,N21,VIIRS,n,2.0NRT,301.01,6.33,D
18.26264,73.67021,330.22,0.75,0.77,2026-04-09,915,N21,VIIRS,n,2.0NRT,298.62,7.47,D
18.48108,73.21115,352.48,0.7,0.75,2026-04-09,915,N21,VIIRS,n,2.0NRT,296.41,11.3,D
18.48234,73.20975,346.35,0.7,0.75,2026-04-09,915,N21,VIIRS,n,2.0NRT,295.89,10.96,D
18.60663,73.11253,334.28,0.69,0.74,2026-04-09,915,N21,VIIRS,n,2.0NRT,296.46,4.35,D
18.81009,73.54912,340.88,0.74,0.76,2026-04-09,915,N21,VIIRS,n,2.0NRT,297.77,10.99,D
18.81102,73.55026,335.11,0.74,0.76,2026-04-09,915,N21,VIIRS,n,2.0NRT,297.25,20.74,D
19.01189,73.73094,332.41,0.77,0.77,2026-04-09,915,N21,VIIRS,n,2.0NRT,300.02,8.56,D
19.01411,73.7287,342.81,0.77,0.77,2026-04-09,915,N21,VIIRS,n,2.0NRT,299.8,11.71,D
19.019,73.73076,338.51,0.77,0.77,2026-04-09,915,N21,VIIRS,n,2.0NRT,298.25,8.56,D
19.09305,72.93322,331.63,0.68,0.74,2026-04-09,915,N21,VIIRS,n,2.0NRT,296.42,5.91,D
19.09537,72.93088,344.35,0.68,0.74,2026-04-09,915,N21,VIIRS,n,2.0NRT,297.52,13.4,D
19.30418,73.35866,342.99,0.73,0.76,2026-04-09,915,N21,VIIRS,n,2.0NRT,300.13,7.66,D
19.30443,73.35588,332.27,0.73,0.76,2026-04-09,915,N21,VIIRS,n,2.0NRT,300.05,8.89,D
19.68175,73.10408,332.65,0.71,0.75,2026-04-09,915,N21,VIIRS,n,2.0NRT,299.9,5.27,D
19.76468,72.83718,331.38,0.68,0.74,2026-04-09,915,N21,VIIRS,l,2.0NRT,301.7,4.01,D
20.82102,73.57204,334.22,0.78,0.78,2026-04-09,915,N21,VIIRS,n,2.0NRT,299.78,10.45,D
21.03587,72.8356,338.48,0.7,0.75,2026-04-09,915,N21,VIIRS,n,2.0NRT,301.7,6.84,D
21.1055,72.64728,332.51,0.68,0.74,2026-04-09,915,N21,VIIRS,l,2.0NRT,304.86,13.06,D
21.2016,70.22165,346.75,0.47,0.64,2026-04-09,915,N21,VIIRS,n,2.0NRT,299.6,7.01,D
21.28161,73.57031,330.39,0.79,0.78,2026-04-09,915,N21,VIIRS,l,2.0NRT,301.02,8.64,D
21.35342,70.26893,330.01,0.48,0.65,2026-04-09,915,N21,VIIRS,n,2.0NRT,294.31,2.8,D
21.48162,69.80109,345.17,0.45,0.63,2026-04-09,915,N21,VIIRS,n,2.0NRT,299.27,4.13,D
21.61736,70.20658,337.39,0.48,0.65,2026-04-09,915,N21,VIIRS,n,2.0NRT,305.85,8.19,D
21.63614,71.10403,343.71,0.55,0.68,2026-04-09,915,N21,VIIRS,n,2.0NRT,309.81,7.83,D
21.63775,71.10351,339.3,0.55,0.68,2026-04-09,915,N21,VIIRS,l,2.0NRT,310.16,5.67,D
21.6404,71.06069,345.14,0.54,0.68,2026-04-09,915,N21,VIIRS,n,2.0NRT,310.55,6.69,D
21.64529,71.06048,338.21,0.54,0.68,2026-04-09,915,N21,VIIRS,l,2.0NRT,310.67,6.38,D
21.68983,70.34882,336.28,0.49,0.65,2026-04-09,915,N21,VIIRS,l,2.0NRT,309.31,1.25,D
21.68991,72.90667,331.45,0.72,0.76,2026-04-09,915,N21,VIIRS,n,2.0NRT,299.58,7.09,D
21.74582,73.20634,330.26,0.75,0.77,2026-04-09,915,N21,VIIRS,n,2.0NRT,297.52,5.51,D
21.74969,70.5167,334.79,0.5,0.66,2026-04-09,915,N21,VIIRS,l,2.0NRT,308.16,5.16,D
21.78882,70.83693,336.6,0.53,0.67,2026-04-09,915,N21,VIIRS,n,2.0NRT,309.24,10.34,D
21.78925,70.842,346.52,0.53,0.67,2026-04-09,915,N21,VIIRS,n,2.0NRT,313.52,9.5,D
21.89545,69.56236,330.8,0.44,0.62,2026-04-09,915,N21,VIIRS,n,2.0NRT,298.43,3.76,D
21.90382,69.59114,330.1,0.44,0.62,2026-04-09,915,N21,VIIRS,n,2.0NRT,299.17,2.48,D
22.14989,72.19452,335.83,0.65,0.73,2026-04-09,915,N21,VIIRS,n,2.0NRT,301.95,4.21,D
22.15287,72.1953,334.96,0.65,0.73,2026-04-09,915,N21,VIIRS,n,2.0NRT,302.22,5.84,D
22.26646,69.4855,335.53,0.44,0.62,2026-04-09,915,N21,VIIRS,n,2.0NRT,297.01,1.72,D
22.39148,70.25566,332.76,0.49,0.65,2026-04-09,915,N21,VIIRS,n,2.0NRT,301.23,2.98,D
22.42971,70.24412,331.14,0.49,0.65,2026-04-09,915,N21,VIIRS,l,2.0NRT,301.6,1.63,D
22.6152,70.33129,330.47,0.5,0.66,2026-04-09,915,N21,VIIRS,l,2.0NRT,301.81,3.59,D
22.64779,70.72352,354.65,0.53,0.67,2026-04-09,915,N21,VIIRS,n,2.0NRT,300.32,10.11,D
22.67081,70.7037,335.93,0.53,0.67,2026-04-09,915,N21,VIIRS,n,2.0NRT,303.89,5.6,D
22.93501,72.2628,333.75,0.67,0.74,2026-04-09,915,N21,VIIRS,n,2.0NRT,300.87,9.59,D
22.95974,72.22797,337.56,0.67,0.74,2026-04-09,915,N21,VIIRS,n,2.0NRT,300.26,8.14,D
22.99355,72.41685,341.12,0.69,0.74,2026-04-09,915,N21,VIIRS,n,2.0NRT,295.84,11.44,D
23.21661,68.6786,351.06,0.4,0.6,2026-04-09,917,N21,VIIRS,n,2.0NRT,304.62,5.83,D
23.22209,68.67802,337.21,0.4,0.6,2026-04-09,917,N21,VIIRS,n,2.0NRT,304.78,4.19,D
23.24498,68.74569,338.39,0.4,0.6,2026-04-09,917,N21,VIIRS,n,2.0NRT,305.63,2.78,D
23.24573,68.74525,338.83,0.4,0.6,2026-04-09,917,N21,VIIRS,n,2.0NRT,305.52,3.51,D
23.35046,68.79717,345.98,0.4,0.6,2026-04-09,917,N21,VIIRS,n,2.0NRT,304.51,5.48,D
23.45618,69.58115,336.92,0.46,0.63,2026-04-09,917,N21,VIIRS,n,2.0NRT,304.47,6.82,D
23.55117,70.30968,335.48,0.51,0.66,2026-04-09,917,N21,VIIRS,n,2.0NRT,302.18,3.63,D
23.59899,69.0289,349.44,0.42,0.61,2026-04-09,917,N21,VIIRS,n,2.0NRT,302.29,4.07,D
23.66598,68.8899,337.28,0.41,0.61,2026-04-09,917,N21,VIIRS,n,2.0NRT,306.08,5.07,D
24.49645,69.37305,337.61,0.45,0.63,2026-04-09,917,N21,VIIRS,n,2.0NRT,305.91,3.41,D
25.21269,68.32464,347.18,0.4,0.6,2026-04-09,917,N21,VIIRS,n,2.0NRT,309.71,5.27,D
25.62707,68.60426,339.48,0.42,0.61,2026-04-09,917,N21,VIIRS,n,2.0NRT,302.89,3.45,D
27.41845,72.17406,340.42,0.73,0.76,2026-04-09,917,N21,VIIRS,n,2.0NRT,303.94,5.38,D
27.58798,69.13851,367,0.47,0.64,2026-04-09,917,N21,VIIRS,h,2.0NRT,308.47,24.8,D
28.10221,69.8746,354.53,0.53,0.67,2026-04-09,917,N21,VIIRS,n,2.0NRT,301.83,11.5,D
28.10292,69.87666,355.87,0.53,0.67,2026-04-09,917,N21,VIIRS,n,2.0NRT,302.13,10.38,D
28.1623,70.03963,331.91,0.54,0.68,2026-04-09,917,N21,VIIRS,n,2.0NRT,300.99,4.91,D
28.30949,69.6255,341.03,0.51,0.66,2026-04-09,917,N21,VIIRS,n,2.0NRT,300.12,9.35,D
28.51075,69.78453,339.19,0.53,0.67,2026-04-09,917,N21,VIIRS,n,2.0NRT,298.55,7.14,D
28.51135,69.78713,338.09,0.53,0.67,2026-04-09,917,N21,VIIRS,n,2.0NRT,298.62,5.78,D
28.57336,69.89401,338.14,0.54,0.68,2026-04-09,917,N21,VIIRS,n,2.0NRT,299.27,10.05,D
28.57574,69.9325,367,0.54,0.68,2026-04-09,917,N21,VIIRS,h,2.0NRT,300.26,15.58,D
28.70214,70.00462,330.28,0.55,0.68,2026-04-09,917,N21,VIIRS,n,2.0NRT,298.92,6.65,D
28.77276,71.20528,367,0.65,0.73,2026-04-09,917,N21,VIIRS,h,2.0NRT,303.64,15.65,D
28.77642,71.20444,367,0.65,0.73,2026-04-09,917,N21,VIIRS,h,2.0NRT,305.16,23.89,D
28.82463,70.20956,338.04,0.57,0.69,2026-04-09,917,N21,VIIRS,n,2.0NRT,299.1,7.07,D
28.89489,71.0752,336.36,0.64,0.72,2026-04-09,917,N21,VIIRS,n,2.0NRT,300.93,2.56,D
28.89704,71.07694,335.44,0.64,0.72,2026-04-09,917,N21,VIIRS,n,2.0NRT,303.43,6.23,D
28.95963,70.29951,330.95,0.57,0.69,2026-04-09,917,N21,VIIRS,n,2.0NRT,296.27,3.81,D
28.96367,70.29832,335.09,0.57,0.69,2026-04-09,917,N21,VIIRS,n,2.0NRT,297.26,5,D
28.98757,70.97254,335.79,0.63,0.72,2026-04-09,917,N21,VIIRS,n,2.0NRT,299.19,5.2,D
29.03254,70.30348,335.48,0.58,0.69,2026-04-09,917,N21,VIIRS,n,2.0NRT,299.22,4.13,D
29.07484,71.98579,336.89,0.73,0.76,2026-04-09,917,N21,VIIRS,n,2.0NRT,300.91,3.87,D
29.22143,70.94005,343.87,0.63,0.72,2026-04-09,917,N21,VIIRS,n,2.0NRT,298.2,7.27,D
29.29273,70.66661,335.91,0.61,0.71,2026-04-09,920,N21,VIIRS,n,2.0NRT,299.07,4.37,D
29.29284,70.66785,339.46,0.61,0.71,2026-04-09,920,N21,VIIRS,n,2.0NRT,298.96,5.44,D
16.94308,97.6935,304.08,0.44,0.62,2026-04-09,1824,N21,VIIRS,n,2.0NRT,292.92,0.73,N
17.04212,96.59489,310,0.52,0.67,2026-04-09,1824,N21,VIIRS,n,2.0NRT,293.71,2.04,N
17.04223,96.59676,312.56,0.52,0.67,2026-04-09,1824,N21,VIIRS,n,2.0NRT,293.85,2.56,N
17.15638,97.92577,303.68,0.43,0.62,2026-04-09,1824,N21,VIIRS,n,2.0NRT,292.95,1.33,N
17.6511,95.06725,307.11,0.67,0.74,2026-04-09,1824,N21,VIIRS,n,2.0NRT,294.31,3.03,N
17.73189,97.77454,304.75,0.44,0.63,2026-04-09,1824,N21,VIIRS,n,2.0NRT,293.59,3.55,N
17.73811,97.77069,303.82,0.44,0.63,2026-04-09,1824,N21,VIIRS,n,2.0NRT,293.46,2.18,N
17.74189,97.98209,302.5,0.43,0.62,2026-04-09,1824,N21,VIIRS,n,2.0NRT,292.11,1.13,N
17.74658,97.91035,302.04,0.44,0.62,2026-04-09,1824,N21,VIIRS,n,2.0NRT,290.12,0.66,N
17.76965,97.80236,303.85,0.44,0.63,2026-04-09,1824,N21,VIIRS,n,2.0NRT,293.21,1.88,N
17.78033,97.99921,301.99,0.43,0.62,2026-04-09,1824,N21,VIIRS,n,2.0NRT,291.67,1.11,N
17.78076,97.99494,308.37,0.43,0.62,2026-04-09,1824,N21,VIIRS,n,2.0NRT,292,1.11,N
17.78408,94.58562,305.26,0.73,0.76,2026-04-09,1824,N21,VIIRS,n,2.0NRT,291.72,1.5,N
17.78478,94.58564,304.39,0.73,0.76,2026-04-09,1824,N21,VIIRS,n,2.0NRT,291.66,0.78,N
17.79042,97.84306,305.33,0.44,0.62,2026-04-09,1824,N21,VIIRS,n,2.0NRT,291.86,2.11,N
17.80773,97.90028,304.59,0.44,0.62,2026-04-09,1824,N21,VIIRS,n,2.0NRT,293.11,1.48,N
17.81263,97.79575,306.42,0.44,0.63,2026-04-09,1824,N21,VIIRS,n,2.0NRT,292.5,2.96,N
17.81343,97.901,305.15,0.44,0.62,2026-04-09,1824,N21,VIIRS,n,2.0NRT,292.89,1.48,N
17.8309,97.9547,303.37,0.43,0.62,2026-04-09,1824,N21,VIIRS,n,2.0NRT,292.87,1.14,N
17.84807,97.90105,304.89,0.44,0.62,2026-04-09,1824,N21,VIIRS,n,2.0NRT,293.31,1.5,N
17.8484,97.89797,307.81,0.44,0.62,2026-04-09,1824,N21,VIIRS,n,2.0NRT,293.23,1.5,N
17.85313,97.96225,304.37,0.43,0.62,2026-04-09,1824,N21,VIIRS,n,2.0NRT,293.5,1.54,N
17.85578,97.96132,304.89,0.43,0.62,2026-04-09,1824,N21,VIIRS,n,2.0NRT,293.34,1.55,N
17.8759,97.81669,303.65,0.44,0.63,2026-04-09,1824,N21,VIIRS,n,2.0NRT,292.39,1.42,N
17.87989,97.81937,306.33,0.44,0.63,2026-04-09,1824,N21,VIIRS,n,2.0NRT,292.29,1.17,N
17.94733,97.96671,310.28,0.43,0.62,2026-04-09,1824,N21,VIIRS,n,2.0NRT,293.96,3.3,N
17.95645,97.82436,306.44,0.44,0.63,2026-04-09,1824,N21,VIIRS,n,2.0NRT,292.18,1.37,N
17.95835,97.9397,307.71,0.44,0.62,2026-04-09,1824,N21,VIIRS,n,2.0NRT,293.82,2.81,N
17.96032,97.78716,306.97,0.45,0.63,2026-04-09,1824,N21,VIIRS,n,2.0NRT,293.41,1.75,N
17.96172,97.9397,307.22,0.44,0.62,2026-04-09,1824,N21,VIIRS,n,2.0NRT,293.73,2.8,N
17.96601,97.78851,304.58,0.45,0.63,2026-04-09,1824,N21,VIIRS,n,2.0NRT,293,1.75,N
17.96946,97.75547,305.02,0.45,0.63,2026-04-09,1824,N21,VIIRS,n,2.0NRT,293.11,3.09,N
17.97804,97.78486,304.21,0.45,0.63,2026-04-09,1824,N21,VIIRS,n,2.0NRT,292.99,2.86,N
17.97845,97.78098,304.48,0.45,0.63,2026-04-09,1824,N21,VIIRS,n,2.0NRT,293.36,2.67,N
17.98831,97.79798,304.4,0.45,0.63,2026-04-09,1824,N21,VIIRS,n,2.0NRT,292.68,1.47,N
17.98878,97.79353,304.96,0.45,0.63,2026-04-09,1824,N21,VIIRS,n,2.0NRT,292.99,1.47,N
17.98923,97.84406,304.78,0.44,0.63,2026-04-09,1824,N21,VIIRS,n,2.0NRT,292.81,1.47,N
17.98965,97.79865,304.86,0.45,0.63,2026-04-09,1824,N21,VIIRS,n,2.0NRT,293.04,1.8,N
17.98973,97.83938,311.8,0.44,0.63,2026-04-09,1824,N21,VIIRS,n,2.0NRT,293.08,1.47,N
17.99009,97.79419,316.07,0.45,0.63,2026-04-09,1824,N21,VIIRS,n,2.0NRT,293.52,1.8,N
17.99131,97.84053,312.19,0.44,0.63,2026-04-09,1824,N21,VIIRS,n,2.0NRT,292.99,2.44,N
17.99307,97.80801,325.91,0.45,0.63,2026-04-09,1824,N21,VIIRS,n,2.0NRT,293.77,2.44,N
17.99367,97.81681,305.34,0.45,0.63,2026-04-09,1824,N21,VIIRS,n,2.0NRT,292.97,1.86,N
17.99447,97.79486,315.39,0.45,0.63,2026-04-09,1824,N21,VIIRS,n,2.0NRT,293.4,2.51,N
17.99449,97.80856,329.76,0.45,0.63,2026-04-09,1824,N21,VIIRS,n,2.0NRT,293.81,2.66,N
17.99492,97.80424,311.18,0.45,0.63,2026-04-09,1824,N21,VIIRS,n,2.0NRT,293.21,2.66,N
17.99577,97.79562,307.52,0.45,0.63,2026-04-09,1824,N21,VIIRS,n,2.0NRT,292.9,1.54,N
17.9958,97.83689,302.88,0.44,0.63,2026-04-09,1824,N21,VIIRS,n,2.0NRT,292.25,1.73,N
17.9975,97.82104,307.84,0.44,0.63,2026-04-09,1824,N21,VIIRS,n,2.0NRT,292.88,1.64,N
17.9979,97.81724,311.05,0.44,0.63,2026-04-09,1824,N21,VIIRS,n,2.0NRT,293.56,3.13,N
17.99828,97.81367,310.86,0.44,0.63,2026-04-09,1824,N21,VIIRS,n,2.0NRT,293.15,3.13,N
17.99872,97.80955,305.02,0.45,0.63,2026-04-09,1824,N21,VIIRS,n,2.0NRT,292.75,2.44,N
17.99898,97.82183,306.54,0.44,0.63,2026-04-09,1824,N21,VIIRS,n,2.0NRT,292.87,1.52,N
17.9992,97.80508,304.64,0.45,0.63,2026-04-09,1824,N21,VIIRS,n,2.0NRT,292.84,2.44,N
17.99936,97.8181,305.75,0.45,0.63,2026-04-09,1824,N21,VIIRS,n,2.0NRT,293.51,1.86,N
17.9997,97.81463,313.56,0.45,0.63,2026-04-09,1824,N21,VIIRS,n,2.0NRT,293.09,1.86,N
18.00017,97.79597,308.22,0.45,0.63,2026-04-09,1824,N21,VIIRS,n,2.0NRT,292.93,2.51,N
18.00055,97.80612,303.97,0.45,0.63,2026-04-09,1824,N21,VIIRS,n,2.0NRT,292.56,2.66,N
18.00149,97.79668,304.69,0.45,0.63,2026-04-09,1824,N21,VIIRS,n,2.0NRT,292.82,1.54,N
18.0057,97.81281,308.51,0.45,0.63,2026-04-09,1824,N21,VIIRS,n,2.0NRT,292.71,1.51,N
18.01335,97.79455,308.27,0.45,0.63,2026-04-09,1824,N21,VIIRS,n,2.0NRT,292.87,2.65,N
18.01953,97.79104,318.52,0.45,0.63,2026-04-09,1824,N21,VIIRS,n,2.0NRT,292.76,2.82,N
18.02556,97.78902,304.64,0.45,0.63,2026-04-09,1824,N21,VIIRS,n,2.0NRT,292.9,1.86,N
18.03577,97.86011,311.34,0.44,0.63,2026-04-09,1824,N21,VIIRS,n,2.0NRT,293.45,1.81,N
18.05941,97.74314,305.73,0.45,0.63,2026-04-09,1824,N21,VIIRS,n,2.0NRT,292.01,1.82,N
18.07284,97.72641,314.33,0.45,0.63,2026-04-09,1824,N21,VIIRS,n,2.0NRT,292.57,2.97,N
18.08396,97.73205,308.58,0.45,0.63,2026-04-09,1824,N21,VIIRS,n,2.0NRT,292.15,4.48,N
18.08447,97.72715,341.39,0.45,0.63,2026-04-09,1824,N21,VIIRS,n,2.0NRT,293.76,4.48,N
18.08468,97.73037,322.46,0.45,0.63,2026-04-09,1824,N21,VIIRS,n,2.0NRT,292.56,4.47,N
18.08515,97.72552,326.87,0.45,0.63,2026-04-09,1824,N21,VIIRS,n,2.0NRT,292.94,4.47,N
18.09541,97.73448,315.4,0.45,0.63,2026-04-09,1824,N21,VIIRS,n,2.0NRT,292.11,1.63,N
18.09618,97.73245,310.8,0.45,0.63,2026-04-09,1824,N21,VIIRS,n,2.0NRT,292.35,1.53,N
18.10193,97.72819,306.37,0.45,0.63,2026-04-09,1824,N21,VIIRS,n,2.0NRT,293.07,1.63,N
18.10259,97.72672,308.92,0.45,0.63,2026-04-09,1824,N21,VIIRS,n,2.0NRT,293.45,1.53,N
18.10846,97.72186,309.37,0.45,0.63,2026-04-09,1824,N21,VIIRS,n,2.0NRT,293.22,2.47,N
18.10887,97.7179,311.84,0.45,0.63,2026-04-09,1824,N21,VIIRS,n,2.0NRT,292.82,2.28,N
18.10904,97.72069,311.22,0.45,0.63,2026-04-09,1824,N21,VIIRS,n,2.0NRT,293.08,2.77,N
18.10946,97.71648,307.36,0.45,0.63,2026-04-09,1824,N21,VIIRS,n,2.0NRT,292.69,2.03,N
18.11473,97.66272,304.69,0.46,0.63,2026-04-09,1824,N21,VIIRS,n,2.0NRT,292.65,3.34,N
18.1151,97.71442,310.71,0.45,0.63,2026-04-09,1824,N21,VIIRS,n,2.0NRT,292.9,2.28,N
18.1152,97.71769,306.35,0.45,0.63,2026-04-09,1824,N21,VIIRS,n,2.0NRT,293.14,2.03,N
18.12222,97.6469,305.95,0.46,0.63,2026-04-09,1824,N21,VIIRS,n,2.0NRT,292.27,1.77,N
18.1307,97.73849,306.46,0.45,0.63,2026-04-09,1824,N21,VIIRS,n,2.0NRT,293.65,1.41,N
18.1311,97.73444,306.92,0.45,0.63,2026-04-09,1824,N21,VIIRS,n,2.0NRT,293.38,1.41,N
18.1365,97.85455,303.96,0.44,0.63,2026-04-09,1824,N21,VIIRS,n,2.0NRT,293.18,1.73,N
18.14704,97.69237,306.21,0.46,0.63,2026-04-09,1824,N21,VIIRS,n,2.0NRT,293.59,2.43,N
18.14747,97.68807,323.97,0.46,0.63,2026-04-09,1824,N21,VIIRS,n,2.0NRT,293.75,2.43,N
18.15372,97.85664,311.53,0.44,0.63,2026-04-09,1824,N21,VIIRS,n,2.0NRT,293.29,3.79,N
18.15407,97.8532,324.68,0.44,0.63,2026-04-09,1824,N21,VIIRS,n,2.0NRT,293.56,4.08,N
18.24524,97.71313,306.94,0.46,0.63,2026-04-09,1824,N21,VIIRS,n,2.0NRT,293.05,1.29,N
18.25065,97.71772,311.26,0.46,0.63,2026-04-09,1824,N21,VIIRS,n,2.0NRT,293.11,1.94,N
18.25161,97.70815,308.48,0.46,0.63,2026-04-09,1824,N21,VIIRS,n,2.0NRT,293.47,2.43,N
18.25616,97.72132,311.28,0.45,0.63,2026-04-09,1824,N21,VIIRS,n,2.0NRT,293.09,1.94,N
18.25792,97.70382,307.36,0.46,0.63,2026-04-09,1824,N21,VIIRS,n,2.0NRT,293.58,2.65,N
18.26375,97.70426,312.13,0.46,0.63,2026-04-09,1824,N21,VIIRS,n,2.0NRT,293.25,2.44,N
18.26426,97.69917,314.37,0.46,0.63,2026-04-09,1824,N21,VIIRS,n,2.0NRT,293.48,2.44,N
18.284,97.6785,325.06,0.46,0.63,2026-04-09,1824,N21,VIIRS,n,2.0NRT,293.85,3.46,N
18.28445,97.674,318.85,0.46,0.63,2026-04-09,1824,N21,VIIRS,n,2.0NRT,293.36,3.46,N
18.29019,97.67544,309.12,0.46,0.63,2026-04-09,1824,N21,VIIRS,n,2.0NRT,293.45,3.09,N
18.29069,97.6706,321.47,0.46,0.63,2026-04-09,1824,N21,VIIRS,n,2.0NRT,293.64,4.34,N
18.29434,97.75485,303.68,0.45,0.63,2026-04-09,1824,N21,VIIRS,n,2.0NRT,292.72,1.06,N
18.29815,97.53896,315,0.47,0.64,2026-04-09,1824,N21,VIIRS,n,2.0NRT,293.76,3.69,N
18.30398,97.53997,306.56,0.47,0.64,2026-04-09,1824,N21,VIIRS,n,2.0NRT,293.69,1.48,N
18.30435,97.53631,304.47,0.47,0.64,2026-04-09,1824,N21,VIIRS,n,2.0NRT,293.09,1.48,N
18.31891,97.68276,305.74,0.46,0.63,2026-04-09,1824,N21,VIIRS,n,2.0NRT,293.25,1.98,N
18.31894,97.68215,307.81,0.46,0.63,2026-04-09,1824,N21,VIIRS,n,2.0NRT,293.48,1.91,N
18.32473,97.68347,309.42,0.46,0.63,2026-04-09,1824,N21,VIIRS,n,2.0NRT,293.64,2.48,N
18.32476,97.68278,306.57,0.46,0.63,2026-04-09,1824,N21,VIIRS,n,2.0NRT,293.58,2.41,N
18.33061,97.74348,304.32,0.45,0.63,2026-04-09,1824,N21,VIIRS,n,2.0NRT,292.52,1.51,N
18.3315,97.67442,305.05,0.46,0.63,2026-04-09,1824,N21,VIIRS,n,2.0NRT,293.81,2.07,N
18.3318,97.67134,305.23,0.46,0.64,2026-04-09,1824,N21,VIIRS,n,2.0NRT,293.24,1.52,N
18.33192,97.67051,304.46,0.46,0.63,2026-04-09,1824,N21,VIIRS,n,2.0NRT,293.09,1.43,N
18.33331,97.71597,306.88,0.46,0.63,2026-04-09,1824,N21,VIIRS,n,2.0NRT,292.79,1.52,N
18.35029,97.5422,311.25,0.47,0.64,2026-04-09,1824,N21,VIIRS,n,2.0NRT,293.11,3.46,N
18.35066,97.53839,315.28,0.47,0.64,2026-04-09,1824,N21,VIIRS,n,2.0NRT,293.27,2.84,N
18.35108,97.53413,308.56,0.47,0.64,2026-04-09,1824,N21,VIIRS,n,2.0NRT,293.19,2.84,N
18.3525,97.98882,304.28,0.44,0.62,2026-04-09,1824,N21,VIIRS,n,2.0NRT,292.2,1.49,N
18.35335,97.98059,304.66,0.44,0.62,2026-04-09,1824,N21,VIIRS,n,2.0NRT,291.97,1.74,N
18.35722,97.6526,304.19,0.46,0.64,2026-04-09,1824,N21,VIIRS,n,2.0NRT,292.85,0.98,N
18.3649,97.51426,307.01,0.47,0.64,2026-04-09,1824,N21,VIIRS,n,2.0NRT,292.66,1.73,N
18.37161,97.50657,304.48,0.47,0.64,2026-04-09,1824,N21,VIIRS,n,2.0NRT,292.65,0.64,N
18.37707,97.63101,309.13,0.46,0.64,2026-04-09,1824,N21,VIIRS,n,2.0NRT,292.91,1.71,N
18.37797,97.98734,306.59,0.44,0.62,2026-04-09,1824,N21,VIIRS,n,2.0NRT,292.86,1.31,N
18.38177,97.98528,303.46,0.44,0.62,2026-04-09,1824,N21,VIIRS,n,2.0NRT,292.91,1.48,N
18.38545,97.547,304.31,0.47,0.64,2026-04-09,1824,N21,VIIRS,n,2.0NRT,292.91,2.24,N
18.40787,97.56031,305.43,0.47,0.64,2026-04-09,1824,N21,VIIRS,n,2.0NRT,292.55,2.02,N
18.42185,97.65376,305.52,0.46,0.64,2026-04-09,1824,N21,VIIRS,n,2.0NRT,292.49,2.36,N
18.42218,97.65202,305.73,0.46,0.64,2026-04-09,1824,N21,VIIRS,n,2.0NRT,292.01,2.16,N
18.44324,97.61576,304.47,0.47,0.64,2026-04-09,1824,N21,VIIRS,n,2.0NRT,292.16,1.89,N
18.44393,97.61323,307.41,0.47,0.64,2026-04-09,1824,N21,VIIRS,n,2.0NRT,292.66,1.87,N
18.44763,97.50856,303.43,0.47,0.64,2026-04-09,1824,N21,VIIRS,n,2.0NRT,292.58,1.49,N
18.46781,97.26401,302.36,0.49,0.65,2026-04-09,1824,N21,VIIRS,n,2.0NRT,292.19,1.31,N
18.47075,97.26582,303.55,0.49,0.65,2026-04-09,1824,N21,VIIRS,n,2.0NRT,292.27,0.83,N
18.47093,97.69447,306.56,0.46,0.63,2026-04-09,1824,N21,VIIRS,n,2.0NRT,292.07,1.31,N
18.47129,97.69091,310.98,0.46,0.64,2026-04-09,1824,N21,VIIRS,n,2.0NRT,292.71,1.93,N
18.47165,97.68724,313.1,0.46,0.64,2026-04-09,1824,N21,VIIRS,n,2.0NRT,292.79,1.93,N
18.47707,97.69202,311.56,0.46,0.64,2026-04-09,1824,N21,VIIRS,n,2.0NRT,292.37,2.8,N
18.47858,97.6768,303.05,0.46,0.64,2026-04-09,1824,N21,VIIRS,n,2.0NRT,292.01,1.39,N
18.49032,97.67743,305.23,0.46,0.64,2026-04-09,1824,N21,VIIRS,n,2.0NRT,292.05,1.17,N
18.50626,97.80931,304.46,0.45,0.63,2026-04-09,1824,N21,VIIRS,n,2.0NRT,291.31,1.33,N
18.50665,97.81199,303.63,0.45,0.63,2026-04-09,1824,N21,VIIRS,n,2.0NRT,291.61,0.78,N
18.50699,97.80838,302.16,0.45,0.63,2026-04-09,1824,N21,VIIRS,n,2.0NRT,291.31,0.78,N
18.52369,97.86655,306.85,0.45,0.63,2026-04-09,1824,N21,VIIRS,n,2.0NRT,292.31,1.93,N
18.5247,97.68496,308.54,0.46,0.64,2026-04-09,1824,N21,VIIRS,n,2.0NRT,292.41,1.75,N
18.52475,97.68684,305.57,0.46,0.64,2026-04-09,1824,N21,VIIRS,n,2.0NRT,292.32,1.32,N
18.52821,97.89031,304.89,0.45,0.63,2026-04-09,1824,N21,VIIRS,n,2.0NRT,292.09,0.58,N
18.52918,96.9058,299.75,0.52,0.67,2026-04-09,1824,N21,VIIRS,n,2.0NRT,289.3,2.89,N
18.5378,97.96938,325.37,0.44,0.62,2026-04-09,1824,N21,VIIRS,n,2.0NRT,291.83,2.85,N
18.57238,97.21772,301.93,0.5,0.65,2026-04-09,1824,N21,VIIRS,n,2.0NRT,291.1,0.71,N
18.57882,97.85065,302.95,0.45,0.63,2026-04-09,1824,N21,VIIRS,n,2.0NRT,291.68,1.52,N
18.64838,97.98335,304.1,0.44,0.63,2026-04-09,1824,N21,VIIRS,n,2.0NRT,290.19,0.78,N
18.65194,94.29282,300.2,0.78,0.78,2026-04-09,1824,N21,VIIRS,n,2.0NRT,289.78,2.14,N
18.93458,97.82806,303.62,0.46,0.63,2026-04-09,1824,N21,VIIRS,n,2.0NRT,291.7,1.14,N
18.96153,97.85544,305.92,0.45,0.63,2026-04-09,1824,N21,VIIRS,n,2.0NRT,292.07,1,N
18.98034,97.78275,303.74,0.46,0.64,2026-04-09,1824,N21,VIIRS,n,2.0NRT,291.53,0.38,N
19.03282,95.92719,307.55,0.61,0.71,2026-04-09,1824,N21,VIIRS,n,2.0NRT,290.86,2.03,N
19.03296,95.92647,306.52,0.61,0.71,2026-04-09,1824,N21,VIIRS,n,2.0NRT,290.72,1.97,N
19.05726,97.58904,314.54,0.48,0.64,2026-04-09,1824,N21,VIIRS,n,2.0NRT,293.35,3.08,N
19.05888,97.5872,307.92,0.47,0.64,2026-04-09,1824,N21,VIIRS,n,2.0NRT,293.26,2.88,N
19.07107,97.58466,304.42,0.48,0.64,2026-04-09,1824,N21,VIIRS,n,2.0NRT,292.54,1.63,N
19.07997,97.72636,305.53,0.47,0.64,2026-04-09,1824,N21,VIIRS,n,2.0NRT,292.46,1,N
19.09556,97.98727,304.87,0.45,0.63,2026-04-09,1824,N21,VIIRS,n,2.0NRT,291.87,2.33,N
19.10335,97.72939,309.57,0.47,0.64,2026-04-09,1824,N21,VIIRS,n,2.0NRT,293.13,1.89,N
19.10931,97.72896,305.02,0.47,0.64,2026-04-09,1824,N21,VIIRS,n,2.0NRT,292.58,1.09,N
19.12255,97.5927,305.09,0.48,0.64,2026-04-09,1824,N21,VIIRS,n,2.0NRT,293.33,2.44,N
19.13058,97.44686,304.54,0.49,0.65,2026-04-09,1824,N21,VIIRS,n,2.0NRT,291.71,1.64,N
19.13474,97.46627,306.52,0.48,0.65,2026-04-09,1824,N21,VIIRS,n,2.0NRT,293.16,2.47,N
19.14137,97.8805,307.88,0.45,0.63,2026-04-09,1824,N21,VIIRS,n,2.0NRT,291.61,2.04,N
19.14292,97.86515,315.48,0.46,0.63,2026-04-09,1824,N21,VIIRS,n,2.0NRT,291.24,1.88,N
19.14329,97.86372,307.98,0.46,0.63,2026-04-09,1824,N21,VIIRS,n,2.0NRT,291.57,1.55,N
19.14874,97.86575,311.65,0.46,0.63,2026-04-09,1824,N21,VIIRS,n,2.0NRT,291.72,1.88,N
19.1491,97.86437,307.64,0.46,0.63,2026-04-09,1824,N21,VIIRS,n,2.0NRT,291.77,1.55,N
19.15331,97.70336,305.65,0.47,0.64,2026-04-09,1824,N21,VIIRS,n,2.0NRT,292.89,1.26,N
19.1687,97.04346,313.66,0.52,0.67,2026-04-09,1824,N21,VIIRS,n,2.0NRT,290.38,4.88,N
19.16921,97.03803,320.84,0.52,0.67,2026-04-09,1824,N21,VIIRS,n,2.0NRT,290.65,5.2,N
19.19307,97.89529,306.23,0.45,0.63,2026-04-09,1824,N21,VIIRS,n,2.0NRT,292.3,1.65,N
19.20109,97.99193,306.46,0.45,0.63,2026-04-09,1824,N21,VIIRS,n,2.0NRT,291.63,2.83,N
19.20937,97.90834,309.81,0.45,0.63,2026-04-09,1824,N21,VIIRS,n,2.0NRT,292.09,2.98,N
19.21084,97.71243,304.7,0.47,0.64,2026-04-09,1824,N21,VIIRS,n,2.0NRT,291.41,0.87,N
19.21194,97.76209,314.09,0.46,0.64,2026-04-09,1824,N21,VIIRS,n,2.0NRT,292.47,3.52,N
19.21747,97.76608,303.94,0.46,0.64,2026-04-09,1824,N21,VIIRS,n,2.0NRT,291.98,1.71,N
19.23635,97.87314,305.72,0.46,0.63,2026-04-09,1824,N21,VIIRS,n,2.0NRT,292.43,1.76,N
19.23663,97.87352,307.38,0.46,0.63,2026-04-09,1824,N21,VIIRS,n,2.0NRT,292.2,1.79,N
19.23717,97.86494,304.94,0.46,0.63,2026-04-09,1824,N21,VIIRS,n,2.0NRT,292.16,2.71,N
19.24207,97.87467,305.89,0.46,0.63,2026-04-09,1824,N21,VIIRS,n,2.0NRT,292.12,1.76,N
19.24236,97.87502,306.8,0.46,0.63,2026-04-09,1824,N21,VIIRS,n,2.0NRT,291.9,1.79,N
19.24857,97.86842,306.3,0.46,0.63,2026-04-09,1824,N21,VIIRS,n,2.0NRT,291.66,1.55,N
19.24931,97.86107,306.94,0.46,0.63,2026-04-09,1824,N21,VIIRS,n,2.0NRT,291.48,2.88,N
19.24952,97.86139,308.6,0.46,0.63,2026-04-09,1824,N21,VIIRS,n,2.0NRT,291.62,3.09,N
19.25109,97.84339,311.9,0.46,0.63,2026-04-09,1824,N21,VIIRS,n,2.0NRT,291.84,1.43,N
19.25117,97.84383,312.48,0.46,0.63,2026-04-09,1824,N21,VIIRS,n,2.0NRT,291.88,1.62,N
19.27596,97.76836,303.95,0.47,0.64,2026-04-09,1824,N21,VIIRS,n,2.0NRT,291.19,0.96,N
19.2764,97.7681,303.56,0.46,0.64,2026-04-09,1824,N21,VIIRS,n,2.0NRT,291.22,0.65,N
19.29054,97.80144,306.12,0.46,0.64,2026-04-09,1824,N21,VIIRS,n,2.0NRT,290,1.38,N
19.29091,97.79754,304.81,0.46,0.64,2026-04-09,1824,N21,VIIRS,n,2.0NRT,290.43,1.38,N
19.30572,97.88811,304.09,0.46,0.63,2026-04-09,1824,N21,VIIRS,n,2.0NRT,290.52,1.45,N
19.35429,97.98849,305.25,0.45,0.63,2026-04-09,1824,N21,VIIRS,n,2.0NRT,290.72,1.73,N
19.36241,97.54992,308.32,0.48,0.65,2026-04-09,1824,N21,VIIRS,n,2.0NRT,291.75,1.93,N
19.3677,97.7281,308.59,0.47,0.64,2026-04-09,1824,N21,VIIRS,n,2.0NRT,290.62,1.62,N
19.37367,97.59853,304.65,0.48,0.65,2026-04-09,1824,N21,VIIRS,n,2.0NRT,291.4,1.47,N
19.37397,97.59525,310.09,0.48,0.65,2026-04-09,1824,N21,VIIRS,n,2.0NRT,291.54,1.47,N
19.37458,97.58864,306.2,0.48,0.65,2026-04-09,1824,N21,VIIRS,n,2.0NRT,291,1.68,N
19.37463,97.84373,304.81,0.46,0.64,2026-04-09,1824,N21,VIIRS,n,2.0NRT,290.9,1.27,N
19.37547,97.60008,304.52,0.48,0.65,2026-04-09,1824,N21,VIIRS,n,2.0NRT,291.41,1.64,N
19.37579,97.59686,313.02,0.48,0.65,2026-04-09,1824,N21,VIIRS,n,2.0NRT,291.27,1.64,N
19.37676,97.49857,313.82,0.49,0.65,2026-04-09,1824,N21,VIIRS,n,2.0NRT,292.94,4.38,N
19.37679,97.5866,304.17,0.48,0.65,2026-04-09,1824,N21,VIIRS,n,2.0NRT,290.77,1.46,N
19.37802,97.55096,308.18,0.48,0.65,2026-04-09,1824,N21,VIIRS,n,2.0NRT,291.68,2.04,N
19.37922,97.50076,315.1,0.49,0.65,2026-04-09,1824,N21,VIIRS,n,2.0NRT,292.76,3.98,N
19.38057,97.58852,304.92,0.48,0.65,2026-04-09,1824,N21,VIIRS,n,2.0NRT,291.45,1.64,N
19.38305,97.58396,305.27,0.48,0.65,2026-04-09,1824,N21,VIIRS,n,2.0NRT,291.64,2.81,N
19.38687,97.58509,310.63,0.48,0.65,2026-04-09,1824,N21,VIIRS,n,2.0NRT,292.54,1.64,N
19.38725,97.54138,307.86,0.48,0.65,2026-04-09,1824,N21,VIIRS,n,2.0NRT,291.94,2.79,N
19.38873,97.58703,307.34,0.48,0.65,2026-04-09,1824,N21,VIIRS,n,2.0NRT,292.48,3,N
19.41763,97.94638,306.33,0.45,0.63,2026-04-09,1824,N21,VIIRS,n,2.0NRT,290.78,1.62,N
19.42706,97.72812,303.32,0.47,0.64,2026-04-09,1824,N21,VIIRS,n,2.0NRT,290.63,1.23,N
19.44374,97.80039,305.1,0.46,0.64,2026-04-09,1824,N21,VIIRS,n,2.0NRT,290.59,1.97,N
19.46009,97.81115,309.13,0.46,0.64,2026-04-09,1824,N21,VIIRS,n,2.0NRT,290.56,2.4,N
19.46019,97.81335,306.53,0.46,0.64,2026-04-09,1824,N21,VIIRS,n,2.0NRT,290.37,1.83,N
19.70164,97.80769,308.39,0.47,0.64,2026-04-09,1824,N21,VIIRS,n,2.0NRT,289.96,1.82,N
19.7021,97.80278,301.76,0.47,0.64,2026-04-09,1824,N21,VIIRS,n,2.0NRT,289.19,1.49,N
19.70692,97.81462,318.06,0.47,0.64,2026-04-09,1824,N21,VIIRS,n,2.0NRT,290.7,1.82,N
19.70744,97.80911,304.32,0.47,0.64,2026-04-09,1824,N21,VIIRS,n,2.0NRT,290.3,1.82,N
19.74065,97.8336,307.8,0.47,0.64,2026-04-09,1824,N21,VIIRS,n,2.0NRT,290.3,1.11,N
19.74253,97.81405,304.94,0.47,0.64,2026-04-09,1824,N21,VIIRS,n,2.0NRT,290.08,1.37,N
19.74646,97.77294,306.91,0.47,0.64,2026-04-09,1824,N21,VIIRS,n,2.0NRT,290.15,1.32,N
19.74702,97.76717,303.92,0.47,0.64,2026-04-09,1824,N21,VIIRS,n,2.0NRT,290.44,1.32,N
19.74709,97.82822,306.19,0.47,0.64,2026-04-09,1824,N21,VIIRS,n,2.0NRT,290.71,1.72,N
19.74748,97.82415,313.15,0.47,0.64,2026-04-09,1824,N21,VIIRS,n,2.0NRT,290.75,1.72,N
19.7481,97.75583,306.95,0.47,0.64,2026-04-09,1824,N21,VIIRS,n,2.0NRT,290.75,2.81,N
19.75409,97.81713,303.64,0.47,0.64,2026-04-09,1824,N21,VIIRS,n,2.0NRT,290.5,2.11,N
19.75611,97.00357,306.75,0.53,0.67,2026-04-09,1824,N21,VIIRS,n,2.0NRT,283.33,2.02,N
19.75637,97.00209,308.05,0.53,0.67,2026-04-09,1824,N21,VIIRS,n,2.0NRT,283.62,1.19,N
19.86625,97.75086,319.98,0.47,0.64,2026-04-09,1824,N21,VIIRS,n,2.0NRT,290.99,3.57,N
19.94682,97.89182,307.43,0.46,0.64,2026-04-09,1824,N21,VIIRS,n,2.0NRT,291.02,3.22,N
19.95247,97.89467,309.37,0.46,0.64,2026-04-09,1824,N21,VIIRS,n,2.0NRT,290.75,2.68,N
19.95284,97.89075,304.18,0.46,0.64,2026-04-09,1824,N21,VIIRS,n,2.0NRT,290.66,2.9,N
20.06664,97.61578,303.7,0.49,0.65,2026-04-09,1824,N21,VIIRS,n,2.0NRT,290.18,1.38,N
20.11344,97.73604,301.81,0.48,0.65,2026-04-09,1824,N21,VIIRS,n,2.0NRT,288.4,0.83,N
20.11531,97.73492,306.56,0.48,0.65,2026-04-09,1824,N21,VIIRS,n,2.0NRT,288.6,0.95,N
27.18645,83.32489,303.25,0.41,0.37,2026-04-09,2002,N21,VIIRS,n,2.0NRT,287.85,0.61,N
27.18711,83.32379,302.8,0.41,0.37,2026-04-09,2002,N21,VIIRS,n,2.0NRT,287.54,0.67,N
27.18896,83.45887,305.98,0.41,0.37,2026-04-09,2002,N21,VIIRS,n,2.0NRT,290.89,1.15,N
27.19177,83.46356,307.64,0.41,0.37,2026-04-09,2002,N21,VIIRS,n,2.0NRT,291.35,1.15,N
27.19457,83.46825,318.33,0.41,0.37,2026-04-09,2002,N21,VIIRS,n,2.0NRT,292.01,1.8,N
27.19796,83.46885,317.66,0.41,0.37,2026-04-09,2002,N21,VIIRS,n,2.0NRT,291.63,1.8,N
27.20569,83.36508,299.06,0.41,0.37,2026-04-09,2002,N21,VIIRS,n,2.0NRT,287.82,0.62,N
27.25605,82.70645,297.04,0.43,0.38,2026-04-09,2002,N21,VIIRS,n,2.0NRT,286.78,0.32,N
27.27002,82.72051,314.05,0.43,0.38,2026-04-09,2002,N21,VIIRS,n,2.0NRT,286.59,1.51,N
27.27163,82.72237,315.79,0.43,0.38,2026-04-09,2002,N21,VIIRS,n,2.0NRT,287.1,1.63,N
27.29382,83.21086,328.62,0.42,0.37,2026-04-09,2002,N21,VIIRS,n,2.0NRT,287.69,3.47,N
27.30293,83.09676,309.17,0.42,0.38,2026-04-09,2002,N21,VIIRS,n,2.0NRT,289.42,0.89,N
27.30915,82.82413,318.58,0.43,0.38,2026-04-09,2002,N21,VIIRS,n,2.0NRT,288.34,1.73,N
27.30974,82.81983,317.1,0.43,0.38,2026-04-09,2002,N21,VIIRS,n,2.0NRT,288.04,1.73,N
27.30979,83.09795,310.05,0.42,0.38,2026-04-09,2002,N21,VIIRS,n,2.0NRT,288.78,1.2,N
27.31055,82.73627,312.59,0.43,0.38,2026-04-09,2002,N21,VIIRS,n,2.0NRT,287.71,1.27,N
27.3175,82.73746,297.58,0.43,0.38,2026-04-09,2002,N21,VIIRS,n,2.0NRT,287,0.39,N
27.31817,82.70658,309.4,0.43,0.38,2026-04-09,2002,N21,VIIRS,n,2.0NRT,287.6,1.16,N
27.32217,82.38393,301.86,0.44,0.39,2026-04-09,2002,N21,VIIRS,n,2.0NRT,287.55,0.46,N
27.32259,82.77805,302.22,0.43,0.38,2026-04-09,2002,N21,VIIRS,n,2.0NRT,287.71,0.49,N
27.32894,82.78354,309.61,0.43,0.38,2026-04-09,2002,N21,VIIRS,n,2.0NRT,288.4,1.42,N
27.3325,82.75769,307.81,0.43,0.38,2026-04-09,2002,N21,VIIRS,n,2.0NRT,287.4,0.9,N
27.33577,82.8111,304.08,0.43,0.38,2026-04-09,2002,N21,VIIRS,n,2.0NRT,288.94,0.66,N
27.33675,82.70089,299.68,0.43,0.38,2026-04-09,2002,N21,VIIRS,n,2.0NRT,289.24,1.16,N
27.33726,82.72313,299.41,0.43,0.38,2026-04-09,2002,N21,VIIRS,n,2.0NRT,288.08,0.53,N
27.33745,82.82458,317.56,0.43,0.38,2026-04-09,2002,N21,VIIRS,n,2.0NRT,289.22,1.33,N
27.34073,82.72372,329.88,0.43,0.38,2026-04-09,2002,N21,VIIRS,n,2.0NRT,289.42,2.04,N
27.34421,82.7243,305.85,0.43,0.38,2026-04-09,2002,N21,VIIRS,n,2.0NRT,287.84,2.04,N
27.3453,82.7422,301.32,0.43,0.38,2026-04-09,2002,N21,VIIRS,n,2.0NRT,288.52,0.71,N
27.34628,82.78651,312.07,0.43,0.38,2026-04-09,2002,N21,VIIRS,n,2.0NRT,289.06,1.53,N
27.34818,82.74711,308.44,0.43,0.38,2026-04-09,2002,N21,VIIRS,n,2.0NRT,288.51,1.35,N
27.34948,82.71191,301.42,0.43,0.38,2026-04-09,2002,N21,VIIRS,n,2.0NRT,289.26,0.84,N
27.36483,82.78085,322.32,0.43,0.38,2026-04-09,2002,N21,VIIRS,n,2.0NRT,288.32,1.87,N
27.36543,82.77654,302.02,0.43,0.38,2026-04-09,2002,N21,VIIRS,n,2.0NRT,287.52,1.87,N
27.38811,82.85869,309.38,0.43,0.38,2026-04-09,2002,N21,VIIRS,n,2.0NRT,288.76,1.14,N
27.54347,83.86151,301.61,0.4,0.37,2026-04-09,2002,N21,VIIRS,n,2.0NRT,289.58,0.52,N
27.66019,83.51792,301.31,0.41,0.37,2026-04-09,2002,N21,VIIRS,n,2.0NRT,288.2,0.64,N
27.72446,84.81417,297.71,0.39,0.36,2026-04-09,2002,N21,VIIRS,n,2.0NRT,286.69,0.61,N
28.27274,77.20713,303.61,0.58,0.52,2026-04-09,2002,N21,VIIRS,n,2.0NRT,288.4,1.03,N
28.2947,77.17997,305.32,0.58,0.52,2026-04-09,2002,N21,VIIRS,n,2.0NRT,288.17,1.34,N
28.34545,77.25727,301.41,0.58,0.52,2026-04-09,2002,N21,VIIRS,n,2.0NRT,288.74,1.09,N
28.38969,80.0584,312.89,0.39,0.44,2026-04-09,2002,N21,VIIRS,n,2.0NRT,287,1.69,N
28.66538,77.57099,302.89,0.56,0.51,2026-04-09,2002,N21,VIIRS,n,2.0NRT,288.6,1.46,N
28.77517,76.69887,297.64,0.63,0.54,2026-04-09,2002,N21,VIIRS,n,2.0NRT,287.17,0.84,N
28.81785,76.85255,297.79,0.62,0.54,2026-04-09,2002,N21,VIIRS,n,2.0NRT,287.43,1.44,N
29.2255,88.34846,295.62,0.42,0.38,2026-04-09,2002,N21,VIIRS,n,2.0NRT,273.26,1.73,N
29.37522,91.15039,298.28,0.55,0.43,2026-04-09,2002,N21,VIIRS,n,2.0NRT,274.6,1.66,N
31.36952,76.35638,310.83,0.35,0.57,2026-04-09,2002,N21,VIIRS,n,2.0NRT,286.46,0.97,N
32.08831,74.16271,297.96,0.49,0.65,2026-04-09,2002,N21,VIIRS,n,2.0NRT,286.79,1.27,N
32.1296,74.17622,297.98,0.49,0.65,2026-04-09,2002,N21,VIIRS,n,2.0NRT,286.89,0.56,N
32.71859,72.77475,295.81,0.6,0.7,2026-04-09,2002,N21,VIIRS,n,2.0NRT,282.9,0.94,N
17.51604,97.07564,303.37,0.74,0.76,2026-04-09,2004,N21,VIIRS,n,2.0NRT,292.13,1.78,N
18.22199,96.68668,308.83,0.67,0.74,2026-04-09,2004,N21,VIIRS,n,2.0NRT,291.85,1.76,N
18.22855,96.68847,305.87,0.67,0.74,2026-04-09,2004,N21,VIIRS,n,2.0NRT,291.52,0.9,N
18.25578,97.70289,301.14,0.78,0.78,2026-04-09,2004,N21,VIIRS,n,2.0NRT,291.08,4.43,N
18.26571,97.70177,305.27,0.78,0.78,2026-04-09,2004,N21,VIIRS,n,2.0NRT,289.93,2.49,N
18.35275,97.5438,302.56,0.76,0.77,2026-04-09,2004,N21,VIIRS,n,2.0NRT,291.47,2.53,N
18.37855,97.55811,303.82,0.76,0.77,2026-04-09,2004,N21,VIIRS,n,2.0NRT,291.74,2.78,N
18.40446,94.95895,303.79,0.51,0.66,2026-04-09,2004,N21,VIIRS,n,2.0NRT,292.7,0.74,N
18.42882,97.52789,306.75,0.75,0.77,2026-04-09,2004,N21,VIIRS,n,2.0NRT,291.58,3.5,N
18.42889,97.52995,309.66,0.75,0.77,2026-04-09,2004,N21,VIIRS,n,2.0NRT,291.49,2.71,N
18.43094,97.57982,304.75,0.76,0.77,2026-04-09,2004,N21,VIIRS,n,2.0NRT,291.56,2.09,N
18.91854,95.92707,304.97,0.58,0.7,2026-04-09,2004,N21,VIIRS,n,2.0NRT,290.63,1.13,N
18.92225,95.92496,303.11,0.58,0.7,2026-04-09,2004,N21,VIIRS,n,2.0NRT,291,1.45,N
19.075,97.58212,302.95,0.74,0.76,2026-04-09,2004,N21,VIIRS,n,2.0NRT,290.93,1.88,N
19.11191,97.90759,306.24,0.77,0.77,2026-04-09,2004,N21,VIIRS,n,2.0NRT,290.64,2.32,N
19.11381,97.90687,303.17,0.77,0.77,2026-04-09,2004,N21,VIIRS,n,2.0NRT,290.65,2.26,N
19.13404,97.96805,305.11,0.78,0.78,2026-04-09,2004,N21,VIIRS,n,2.0NRT,290.37,1.63,N
19.16396,97.03685,303.14,0.68,0.74,2026-04-09,2004,N21,VIIRS,n,2.0NRT,288.96,3.78,N
19.17095,97.03693,302.44,0.67,0.74,2026-04-09,2004,N21,VIIRS,n,2.0NRT,289.1,3.53,N
19.20303,97.74213,302.84,0.75,0.77,2026-04-09,2004,N21,VIIRS,n,2.0NRT,290.64,3.01,N
19.20624,97.72886,303.92,0.75,0.77,2026-04-09,2004,N21,VIIRS,n,2.0NRT,290.44,3.15,N
19.24986,97.8481,304.05,0.76,0.77,2026-04-09,2004,N21,VIIRS,n,2.0NRT,290.41,1.87,N
19.25113,97.84293,304.37,0.76,0.77,2026-04-09,2004,N21,VIIRS,n,2.0NRT,290.31,1.87,N
19.28028,97.75256,304.67,0.75,0.77,2026-04-09,2004,N21,VIIRS,n,2.0NRT,290.78,2.44,N
19.34654,97.59708,303.39,0.73,0.76,2026-04-09,2004,N21,VIIRS,n,2.0NRT,290.75,2.84,N
19.34858,97.55853,307.76,0.72,0.76,2026-04-09,2004,N21,VIIRS,n,2.0NRT,291.11,2.95,N
19.35971,97.54197,308.47,0.72,0.76,2026-04-09,2004,N21,VIIRS,n,2.0NRT,291.61,3.6,N
19.38428,97.58952,309.09,0.73,0.76,2026-04-09,2004,N21,VIIRS,n,2.0NRT,291.4,2.35,N
19.38513,97.58931,306.11,0.72,0.76,2026-04-09,2004,N21,VIIRS,n,2.0NRT,291.32,3.28,N
19.38675,97.54884,307.46,0.72,0.76,2026-04-09,2004,N21,VIIRS,n,2.0NRT,290.78,3.33,N
19.38783,97.54872,307.38,0.72,0.76,2026-04-09,2004,N21,VIIRS,n,2.0NRT,291.54,3.71,N
19.44726,97.81104,309.48,0.75,0.77,2026-04-09,2004,N21,VIIRS,n,2.0NRT,289.73,4.9,N
19.44738,97.811,309.9,0.75,0.77,2026-04-09,2004,N21,VIIRS,n,2.0NRT,289.78,3.76,N
19.46212,97.80971,301.12,0.75,0.77,2026-04-09,2004,N21,VIIRS,n,2.0NRT,289.18,2.31,N
19.46223,97.80965,301.15,0.75,0.77,2026-04-09,2004,N21,VIIRS,n,2.0NRT,288.91,0.6,N
19.73595,83.95182,310.14,0.39,0.36,2026-04-09,2004,N21,VIIRS,n,2.0NRT,293.99,1.16,N
19.73641,97.81454,304.72,0.74,0.76,2026-04-09,2004,N21,VIIRS,n,2.0NRT,288.83,2.54,N
19.73661,97.75396,308.93,0.73,0.76,2026-04-09,2004,N21,VIIRS,n,2.0NRT,289.25,3.43,N
19.73754,97.81081,305.97,0.74,0.76,2026-04-09,2004,N21,VIIRS,n,2.0NRT,289.17,4.27,N
19.74326,97.81612,309.34,0.74,0.76,2026-04-09,2004,N21,VIIRS,n,2.0NRT,289.25,4.57,N
19.74403,97.75302,307.56,0.73,0.76,2026-04-09,2004,N21,VIIRS,n,2.0NRT,286.04,2.44,N
19.74952,97.76013,303.48,0.73,0.76,2026-04-09,2004,N21,VIIRS,n,2.0NRT,283.55,3.91,N
19.74954,97.82082,323.97,0.74,0.76,2026-04-09,2004,N21,VIIRS,n,2.0NRT,289.99,6.89,N
19.74966,97.76181,302.08,0.73,0.76,2026-04-09,2004,N21,VIIRS,n,2.0NRT,283.91,1.82,N
19.74972,97.81931,321.84,0.74,0.76,2026-04-09,2004,N21,VIIRS,n,2.0NRT,290.01,4.57,N
19.76545,96.6018,300.25,0.61,0.71,2026-04-09,2004,N21,VIIRS,n,2.0NRT,285.19,2.96,N
19.77557,80.81467,316.12,0.44,0.38,2026-04-09,2004,N21,VIIRS,n,2.0NRT,295.42,1.75,N
19.77958,97.87617,303.36,0.74,0.76,2026-04-09,2004,N21,VIIRS,n,2.0NRT,288.54,1.94,N
19.78001,80.9838,306.53,0.43,0.38,2026-04-09,2004,N21,VIIRS,n,2.0NRT,293.75,1.42,N
19.78057,97.87151,307.52,0.74,0.76,2026-04-09,2004,N21,VIIRS,n,2.0NRT,288.77,3.74,N
19.78059,80.97977,311.49,0.43,0.38,2026-04-09,2004,N21,VIIRS,n,2.0NRT,294.44,1.42,N
19.78099,97.87026,307.37,0.74,0.76,2026-04-09,2004,N21,VIIRS,n,2.0NRT,288.83,1.94,N
19.78908,80.71881,303.43,0.44,0.38,2026-04-09,2004,N21,VIIRS,n,2.0NRT,293.34,0.98,N
19.79735,80.9867,304.64,0.43,0.38,2026-04-09,2004,N21,VIIRS,n,2.0NRT,294.39,0.67,N
19.83208,81.10674,304.57,0.43,0.38,2026-04-09,2004,N21,VIIRS,n,2.0NRT,294.43,1.44,N
19.83498,81.11119,305.41,0.43,0.38,2026-04-09,2004,N21,VIIRS,n,2.0NRT,294.53,1.04,N
19.85056,81.0266,309.15,0.43,0.38,2026-04-09,2004,N21,VIIRS,n,2.0NRT,296.01,2.17,N
19.8527,80.80907,313.64,0.44,0.38,2026-04-09,2004,N21,VIIRS,n,2.0NRT,296.59,2.32,N
19.8562,80.80958,306.84,0.44,0.38,2026-04-09,2004,N21,VIIRS,n,2.0NRT,294.52,1.22,N
19.8562,80.83522,307.66,0.44,0.38,2026-04-09,2004,N21,VIIRS,n,2.0NRT,295.32,2.06,N
19.85969,80.83578,313.93,0.44,0.38,2026-04-09,2004,N21,VIIRS,n,2.0NRT,294.99,3.03,N
19.86028,80.83161,331.94,0.44,0.38,2026-04-09,2004,N21,VIIRS,n,2.0NRT,297.63,3.03,N
19.86062,80.15063,304.84,0.47,0.39,2026-04-09,2004,N21,VIIRS,n,2.0NRT,294.16,1.23,N
19.86323,83.22792,305.87,0.38,0.36,2026-04-09,2004,N21,VIIRS,n,2.0NRT,293.21,1.65,N
19.8667,80.83675,306.11,0.44,0.38,2026-04-09,2004,N21,VIIRS,n,2.0NRT,295.03,1.83,N
19.86786,80.82854,317.18,0.44,0.38,2026-04-09,2004,N21,VIIRS,n,2.0NRT,295.37,3.18,N
19.86967,80.79007,305.11,0.44,0.38,2026-04-09,2004,N21,VIIRS,n,2.0NRT,292.22,0.59,N
19.87723,80.83817,304.05,0.44,0.38,2026-04-09,2004,N21,VIIRS,n,2.0NRT,293.14,0.91,N
19.8774,80.18938,308.59,0.46,0.39,2026-04-09,2004,N21,VIIRS,n,2.0NRT,295.24,1.94,N
19.89488,80.16954,306.32,0.47,0.39,2026-04-09,2004,N21,VIIRS,n,2.0NRT,295.3,1.34,N
19.89787,81.0922,309.25,0.43,0.38,2026-04-09,2004,N21,VIIRS,n,2.0NRT,295.39,1.41,N
19.90396,80.15728,306.14,0.47,0.39,2026-04-09,2004,N21,VIIRS,n,2.0NRT,295.67,1.21,N
19.90582,80.14392,312.88,0.47,0.4,2026-04-09,2004,N21,VIIRS,n,2.0NRT,296.91,1.91,N
19.91129,80.74926,306.99,0.44,0.38,2026-04-09,2004,N21,VIIRS,n,2.0NRT,294.66,1.18,N
19.91359,80.75836,307.59,0.44,0.38,2026-04-09,2004,N21,VIIRS,n,2.0NRT,296.01,1.59,N
19.92218,80.82398,306.84,0.44,0.38,2026-04-09,2004,N21,VIIRS,n,2.0NRT,296.74,2.36,N
19.93216,97.90453,306.45,0.74,0.76,2026-04-09,2004,N21,VIIRS,n,2.0NRT,289.61,4.59,N
19.93256,97.90319,310.36,0.74,0.76,2026-04-09,2004,N21,VIIRS,n,2.0NRT,289.33,2.4,N
19.97143,83.94845,304.31,0.39,0.36,2026-04-09,2004,N21,VIIRS,n,2.0NRT,291.27,0.5,N
19.97472,83.94905,302.45,0.39,0.36,2026-04-09,2004,N21,VIIRS,n,2.0NRT,291.12,0.5,N
19.977,81.09947,309.82,0.43,0.38,2026-04-09,2004,N21,VIIRS,n,2.0NRT,295.74,1.9,N
20.00181,83.99141,303.71,0.39,0.36,2026-04-09,2004,N21,VIIRS,n,2.0NRT,292.48,0.61,N
20.08598,83.63586,307.31,0.38,0.36,2026-04-09,2004,N21,VIIRS,n,2.0NRT,295.06,1.58,N
20.13014,83.67722,311.44,0.38,0.36,2026-04-09,2004,N21,VIIRS,n,2.0NRT,295.02,1.14,N
20.13343,83.6778,308.29,0.38,0.36,2026-04-09,2004,N21,VIIRS,n,2.0NRT,295.1,1.14,N
20.14386,83.6759,308.87,0.38,0.36,2026-04-09,2004,N21,VIIRS,n,2.0NRT,294.7,1.15,N
20.15897,78.37608,318.67,0.39,0.44,2026-04-09,2004,N21,VIIRS,n,2.0NRT,296.52,3.11,N
20.16037,78.37951,313.73,0.39,0.44,2026-04-09,2004,N21,VIIRS,n,2.0NRT,295.99,3.55,N
20.16083,78.37582,339.8,0.39,0.44,2026-04-09,2004,N21,VIIRS,n,2.0NRT,297.88,3.55,N
20.16251,78.38028,306.24,0.39,0.44,2026-04-09,2004,N21,VIIRS,n,2.0NRT,295.53,3.11,N
20.16299,78.37659,340.41,0.39,0.44,2026-04-09,2004,N21,VIIRS,n,2.0NRT,298.8,3.11,N
20.16484,78.37632,329.31,0.39,0.44,2026-04-09,2004,N21,VIIRS,n,2.0NRT,296.93,3.55,N
20.16978,78.36939,312.08,0.39,0.44,2026-04-09,2004,N21,VIIRS,n,2.0NRT,296.17,1.52,N
20.17124,84.0845,303.08,0.39,0.36,2026-04-09,2004,N21,VIIRS,n,2.0NRT,292.21,0.52,N
20.17334,78.37364,309.27,0.39,0.44,2026-04-09,2004,N21,VIIRS,n,2.0NRT,295.87,1.52,N
20.1738,78.3699,314.64,0.39,0.44,2026-04-09,2004,N21,VIIRS,n,2.0NRT,296.3,1.52,N
20.17387,83.74814,306.83,0.38,0.36,2026-04-09,2004,N21,VIIRS,n,2.0NRT,294.1,0.73,N
20.18715,83.64209,307.16,0.38,0.36,2026-04-09,2004,N21,VIIRS,n,2.0NRT,295.56,1.82,N
20.19445,83.70321,305.58,0.38,0.36,2026-04-09,2004,N21,VIIRS,n,2.0NRT,294.58,1.17,N
20.1997,83.56203,306.09,0.38,0.36,2026-04-09,2004,N21,VIIRS,n,2.0NRT,295.31,0.99,N
20.20329,83.77574,309.39,0.38,0.36,2026-04-09,2004,N21,VIIRS,n,2.0NRT,294.33,1.51,N
20.2083,78.54733,306.35,0.57,0.43,2026-04-09,2004,N21,VIIRS,n,2.0NRT,294.42,1.37,N
20.25714,81.04469,317.7,0.43,0.38,2026-04-09,2004,N21,VIIRS,n,2.0NRT,297.17,1.83,N
20.2576,83.68811,304.51,0.38,0.36,2026-04-09,2004,N21,VIIRS,n,2.0NRT,294.33,0.87,N
20.25772,81.04058,311.4,0.43,0.38,2026-04-09,2004,N21,VIIRS,n,2.0NRT,297.53,1.83,N
20.26916,78.39075,311.5,0.39,0.44,2026-04-09,2004,N21,VIIRS,n,2.0NRT,295.12,1.11,N
20.27081,78.39068,315.29,0.39,0.44,2026-04-09,2004,N21,VIIRS,n,2.0NRT,295.45,1.45,N
20.29367,78.13692,313.34,0.4,0.45,2026-04-09,2004,N21,VIIRS,n,2.0NRT,294.52,1.31,N
20.29726,84.0209,304.75,0.38,0.36,2026-04-09,2004,N21,VIIRS,n,2.0NRT,293.88,1.03,N
20.30054,84.02147,305.35,0.38,0.36,2026-04-09,2004,N21,VIIRS,n,2.0NRT,293.44,0.85,N
20.3017,84.01417,303.81,0.38,0.36,2026-04-09,2004,N21,VIIRS,n,2.0NRT,293.66,0.95,N
20.30841,83.60744,307.81,0.38,0.36,2026-04-09,2004,N21,VIIRS,n,2.0NRT,295.79,1.22,N
20.31271,83.62318,318.62,0.38,0.36,2026-04-09,2004,N21,VIIRS,n,2.0NRT,296.2,2.61,N
20.31828,83.60918,308.15,0.38,0.36,2026-04-09,2004,N21,VIIRS,n,2.0NRT,295.38,1.03,N
20.31885,83.60553,307.45,0.38,0.36,2026-04-09,2004,N21,VIIRS,n,2.0NRT,295.27,1.61,N
20.321,83.6134,309.52,0.38,0.36,2026-04-09,2004,N21,VIIRS,n,2.0NRT,295.84,1.03,N
20.32428,83.61398,306.88,0.38,0.36,2026-04-09,2004,N21,VIIRS,n,2.0NRT,295.21,1.33,N
20.34564,83.23177,316.61,0.39,0.36,2026-04-09,2004,N21,VIIRS,n,2.0NRT,297.14,2.09,N
20.36168,80.28625,311.75,0.47,0.39,2026-04-09,2004,N21,VIIRS,n,2.0NRT,295.97,3.38,N
20.36228,80.28185,332.35,0.47,0.39,2026-04-09,2004,N21,VIIRS,n,2.0NRT,298.51,3.38,N
20.36399,83.94626,303.34,0.38,0.36,2026-04-09,2004,N21,VIIRS,n,2.0NRT,293.18,0.84,N
20.36527,80.28696,324.7,0.47,0.39,2026-04-09,2004,N21,VIIRS,n,2.0NRT,298.68,3.38,N
20.36572,83.93533,305.76,0.38,0.36,2026-04-09,2004,N21,VIIRS,n,2.0NRT,294.16,1.06,N
20.36587,80.28253,329.68,0.47,0.39,2026-04-09,2004,N21,VIIRS,n,2.0NRT,298.77,3.38,N
20.36647,80.27807,328.14,0.47,0.39,2026-04-09,2004,N21,VIIRS,n,2.0NRT,298.02,4.78,N
20.36828,80.29194,308.77,0.47,0.39,2026-04-09,2004,N21,VIIRS,n,2.0NRT,296.17,1.48,N
20.36885,80.28772,323.9,0.47,0.39,2026-04-09,2004,N21,VIIRS,n,2.0NRT,298.31,2.98,N
20.36946,80.28326,326.33,0.47,0.39,2026-04-09,2004,N21,VIIRS,n,2.0NRT,298.28,2.98,N
20.37007,80.27874,315.83,0.47,0.39,2026-04-09,2004,N21,VIIRS,n,2.0NRT,296.79,3.18,N
20.37245,80.28832,314.59,0.47,0.39,2026-04-09,2004,N21,VIIRS,n,2.0NRT,297.54,2.98,N
20.37608,80.28873,306.95,0.47,0.39,2026-04-09,2004,N21,VIIRS,n,2.0NRT,296.38,1.37,N
20.37668,80.28429,310.53,0.47,0.39,2026-04-09,2004,N21,VIIRS,n,2.0NRT,296.7,1.37,N
20.3785,80.27091,312.72,0.47,0.39,2026-04-09,2004,N21,VIIRS,n,2.0NRT,296.89,2.77,N
20.39235,83.89513,312.74,0.38,0.36,2026-04-09,2004,N21,VIIRS,n,2.0NRT,294.99,1.85,N
20.41454,83.86164,307.09,0.38,0.36,2026-04-09,2004,N21,VIIRS,n,2.0NRT,295.04,1.26,N
20.41617,83.78704,307.02,0.38,0.36,2026-04-09,2004,N21,VIIRS,n,2.0NRT,294.89,1.61,N
20.46298,80.52484,307.52,0.46,0.39,2026-04-09,2004,N21,VIIRS,n,2.0NRT,294.45,1.52,N
20.46361,80.49375,306.38,0.46,0.39,2026-04-09,2004,N21,VIIRS,n,2.0NRT,294.72,2.04,N
20.46421,80.48939,306.07,0.46,0.39,2026-04-09,2004,N21,VIIRS,n,2.0NRT,294.47,1.37,N
20.47075,80.49493,309.45,0.46,0.39,2026-04-09,2004,N21,VIIRS,n,2.0NRT,295.98,2.1,N
20.51365,83.79632,307.15,0.38,0.36,2026-04-09,2004,N21,VIIRS,n,2.0NRT,296.12,1.57,N
20.5148,83.78902,306.49,0.38,0.36,2026-04-09,2004,N21,VIIRS,n,2.0NRT,295.91,0.98,N
20.51522,83.80779,308.82,0.38,0.36,2026-04-09,2004,N21,VIIRS,n,2.0NRT,296.09,1.88,N
20.51537,83.78538,307.06,0.38,0.36,2026-04-09,2004,N21,VIIRS,n,2.0NRT,295.34,0.98,N
20.53027,85.90832,308.44,0.42,0.38,2026-04-09,2004,N21,VIIRS,n,2.0NRT,294.72,1.12,N
20.53368,85.90896,305.55,0.42,0.38,2026-04-09,2004,N21,VIIRS,n,2.0NRT,294.92,1.12,N
20.60427,84.21078,312.25,0.39,0.36,2026-04-09,2004,N21,VIIRS,n,2.0NRT,295.85,1.3,N
20.60698,84.21503,311.13,0.39,0.36,2026-04-09,2004,N21,VIIRS,n,2.0NRT,295.69,1.58,N
20.60757,84.21138,313.36,0.39,0.36,2026-04-09,2004,N21,VIIRS,n,2.0NRT,296.28,1.3,N
20.60815,84.20773,311.4,0.39,0.36,2026-04-09,2004,N21,VIIRS,n,2.0NRT,295.82,1.3,N
20.60873,84.20408,315.99,0.39,0.36,2026-04-09,2004,N21,VIIRS,n,2.0NRT,296.06,1.59,N
20.60931,84.20045,315.99,0.39,0.36,2026-04-09,2004,N21,VIIRS,n,2.0NRT,296.08,1.59,N
20.61086,84.21201,310.45,0.39,0.36,2026-04-09,2004,N21,VIIRS,n,2.0NRT,296.19,1.41,N
20.61144,84.20833,315.25,0.39,0.36,2026-04-09,2004,N21,VIIRS,n,2.0NRT,296.25,1.41,N
20.69587,78.63711,317.04,0.57,0.43,2026-04-09,2004,N21,VIIRS,n,2.0NRT,296.89,3.59,N
20.70281,80.8555,305.96,0.44,0.39,2026-04-09,2004,N21,VIIRS,n,2.0NRT,294.7,1.05,N
20.70554,78.62451,314.02,0.38,0.43,2026-04-09,2004,N21,VIIRS,n,2.0NRT,294.4,2.28,N
20.706,78.62087,312.52,0.38,0.43,2026-04-09,2004,N21,VIIRS,n,2.0NRT,295.39,3.27,N
20.73788,84.58981,311.39,0.39,0.36,2026-04-09,2004,N21,VIIRS,n,2.0NRT,295.5,1.23,N
20.73848,84.58614,312.31,0.39,0.36,2026-04-09,2004,N21,VIIRS,n,2.0NRT,294.84,1.23,N
20.74119,84.59034,331.04,0.39,0.36,2026-04-09,2004,N21,VIIRS,n,2.0NRT,297.23,3.09,N
20.74179,84.58669,328.45,0.39,0.36,2026-04-09,2004,N21,VIIRS,n,2.0NRT,296.66,3.09,N
20.74954,97.82176,300.99,0.7,0.75,2026-04-09,2004,N21,VIIRS,n,2.0NRT,285.14,1.31,N
20.75235,97.82067,299.89,0.7,0.75,2026-04-09,2004,N21,VIIRS,n,2.0NRT,285.2,1.56,N
20.75858,85.29945,313.98,0.4,0.37,2026-04-09,2004,N21,VIIRS,n,2.0NRT,296.2,1.52,N
20.7592,85.29565,319.31,0.4,0.37,2026-04-09,2004,N21,VIIRS,n,2.0NRT,297.45,1.7,N
20.75983,85.29187,310.92,0.4,0.37,2026-04-09,2004,N21,VIIRS,n,2.0NRT,296.45,1.7,N
20.77453,85.34089,307.6,0.4,0.37,2026-04-09,2004,N21,VIIRS,n,2.0NRT,295.72,0.73,N
20.78489,85.26527,309.16,0.4,0.37,2026-04-09,2004,N21,VIIRS,n,2.0NRT,296.33,1.85,N
20.78552,85.26147,319.57,0.4,0.37,2026-04-09,2004,N21,VIIRS,n,2.0NRT,297.35,2.25,N
20.78723,85.26492,311.42,0.4,0.37,2026-04-09,2004,N21,VIIRS,n,2.0NRT,296.87,2.09,N
20.79247,85.25416,343.21,0.4,0.37,2026-04-09,2004,N21,VIIRS,n,2.0NRT,297.55,4.75,N
20.7931,85.25037,308.27,0.4,0.37,2026-04-09,2004,N21,VIIRS,n,2.0NRT,295.19,4.75,N
20.79518,85.25858,312.15,0.4,0.37,2026-04-09,2004,N21,VIIRS,n,2.0NRT,295.7,1.41,N
20.79581,85.25478,310.96,0.4,0.37,2026-04-09,2004,N21,VIIRS,n,2.0NRT,295.63,2,N
20.79852,85.25921,314.23,0.4,0.37,2026-04-09,2004,N21,VIIRS,n,2.0NRT,295.9,1.41,N
20.80583,85.25668,328.74,0.4,0.37,2026-04-09,2004,N21,VIIRS,n,2.0NRT,298.68,4.49,N
20.80917,85.25731,308.2,0.4,0.37,2026-04-09,2004,N21,VIIRS,n,2.0NRT,296,1.71,N
20.81152,73.52264,322.76,0.41,0.6,2026-04-09,2004,N21,VIIRS,n,2.0NRT,292.41,2.35,N
20.8119,73.5234,323.06,0.41,0.6,2026-04-09,2004,N21,VIIRS,n,2.0NRT,292.25,2.47,N
20.82134,80.08745,307.84,0.48,0.4,2026-04-09,2004,N21,VIIRS,n,2.0NRT,296.9,2.14,N
20.8228,86.96018,304.81,0.45,0.39,2026-04-09,2004,N21,VIIRS,n,2.0NRT,294.12,0.92,N
20.84164,73.55965,303.86,0.41,0.6,2026-04-09,2004,N21,VIIRS,n,2.0NRT,292.58,1.24,N
20.86279,84.99531,306.14,0.39,0.36,2026-04-09,2004,N21,VIIRS,n,2.0NRT,295.42,0.86,N
20.86341,84.99155,305.66,0.39,0.36,2026-04-09,2004,N21,VIIRS,n,2.0NRT,295.6,0.86,N
20.86673,84.99216,305.71,0.39,0.36,2026-04-09,2004,N21,VIIRS,n,2.0NRT,295.69,2.37,N
20.87231,93.98857,302.09,0.4,0.6,2026-04-09,2004,N21,VIIRS,n,2.0NRT,289.03,1.98,N
20.88518,84.98402,327.41,0.39,0.36,2026-04-09,2004,N21,VIIRS,n,2.0NRT,296.5,2.1,N
20.8858,84.98027,309.72,0.39,0.36,2026-04-09,2004,N21,VIIRS,n,2.0NRT,295.87,2.1,N
20.9235,86.04214,307.17,0.42,0.38,2026-04-09,2004,N21,VIIRS,n,2.0NRT,294.9,1.22,N
20.94128,86.06205,325.2,0.42,0.38,2026-04-09,2004,N21,VIIRS,n,2.0NRT,295.48,2.77,N
20.94672,86.05074,306.21,0.42,0.38,2026-04-09,2004,N21,VIIRS,n,2.0NRT,295.13,0.87,N
20.95082,86.04738,312.56,0.42,0.38,2026-04-09,2004,N21,VIIRS,n,2.0NRT,294.55,1.53,N
20.95091,85.06126,319.83,0.39,0.37,2026-04-09,2004,N21,VIIRS,n,2.0NRT,294.97,2.82,N
20.95097,85.1233,305.48,0.4,0.37,2026-04-09,2004,N21,VIIRS,n,2.0NRT,294.32,0.9,N
20.95562,85.01189,328.53,0.39,0.36,2026-04-09,2004,N21,VIIRS,n,2.0NRT,298.89,3.35,N
20.95623,85.00815,318.94,0.39,0.36,2026-04-09,2004,N21,VIIRS,n,2.0NRT,297.67,3.35,N
20.95661,85.15154,311.47,0.4,0.37,2026-04-09,2004,N21,VIIRS,n,2.0NRT,295.12,2.22,N
20.95954,85.17542,315.72,0.4,0.37,2026-04-09,2004,N21,VIIRS,n,2.0NRT,297.52,2.49,N
20.96016,85.17165,315.45,0.4,0.37,2026-04-09,2004,N21,VIIRS,n,2.0NRT,296.72,2.49,N
20.96078,85.16788,311.22,0.4,0.37,2026-04-09,2004,N21,VIIRS,n,2.0NRT,297.15,2.1,N
20.96094,86.00829,310.76,0.42,0.37,2026-04-09,2004,N21,VIIRS,n,2.0NRT,294.57,1.13,N
20.961,85.18739,331.29,0.4,0.37,2026-04-09,2004,N21,VIIRS,n,2.0NRT,297.89,4.62,N
20.9614,85.16412,308.33,0.4,0.37,2026-04-09,2004,N21,VIIRS,n,2.0NRT,296.42,2.1,N
20.96161,86.00432,308.97,0.42,0.37,2026-04-09,2004,N21,VIIRS,n,2.0NRT,294.48,1.2,N
20.96162,85.18361,309.86,0.4,0.37,2026-04-09,2004,N21,VIIRS,n,2.0NRT,296.89,2.28,N
20.96349,85.17227,329.82,0.4,0.37,2026-04-09,2004,N21,VIIRS,n,2.0NRT,297.3,2.49,N
20.96368,86.01292,307.5,0.42,0.37,2026-04-09,2004,N21,VIIRS,n,2.0NRT,294.74,1.25,N
20.96371,85.19182,312.93,0.4,0.37,2026-04-09,2004,N21,VIIRS,n,2.0NRT,297.33,3.06,N
20.96411,85.1685,337.49,0.4,0.37,2026-04-09,2004,N21,VIIRS,n,2.0NRT,298.13,2.1,N
20.96433,85.18801,335.61,0.4,0.37,2026-04-09,2004,N21,VIIRS,n,2.0NRT,297.44,3.06,N
20.96435,86.00895,313.12,0.42,0.37,2026-04-09,2004,N21,VIIRS,n,2.0NRT,295.73,1.25,N
20.96447,86.05003,308.47,0.42,0.38,2026-04-09,2004,N21,VIIRS,n,2.0NRT,294.74,1.22,N
20.96474,85.16474,321.6,0.4,0.37,2026-04-09,2004,N21,VIIRS,n,2.0NRT,296.59,2.1,N
20.96496,85.18423,311.1,0.4,0.37,2026-04-09,2004,N21,VIIRS,n,2.0NRT,295.82,1.05,N
20.96502,86.00499,309.5,0.42,0.37,2026-04-09,2004,N21,VIIRS,n,2.0NRT,295.05,2.45,N
20.96558,85.18045,307.77,0.4,0.37,2026-04-09,2004,N21,VIIRS,n,2.0NRT,295.55,1.05,N
20.9662,85.17668,308.13,0.4,0.37,2026-04-09,2004,N21,VIIRS,n,2.0NRT,295.65,3.63,N
20.96644,85.02937,311.14,0.39,0.36,2026-04-09,2004,N21,VIIRS,n,2.0NRT,296.27,1.9,N
20.9666,85.15343,331.15,0.4,0.37,2026-04-09,2004,N21,VIIRS,n,2.0NRT,297.27,4.35,N
20.96682,85.17291,326.67,0.4,0.37,2026-04-09,2004,N21,VIIRS,n,2.0NRT,296.31,3.63,N
20.96709,86.0136,311.02,0.42,0.37,2026-04-09,2004,N21,VIIRS,n,2.0NRT,295.17,1.25,N
20.96745,85.16914,324.64,0.4,0.37,2026-04-09,2004,N21,VIIRS,n,2.0NRT,297.25,2.16,N
20.96901,85.07626,309.49,0.39,0.37,2026-04-09,2004,N21,VIIRS,n,2.0NRT,295.13,1.06,N
20.96953,85.17731,336.31,0.4,0.37,2026-04-09,2004,N21,VIIRS,n,2.0NRT,298.08,3.63,N
20.96993,85.15407,329.66,0.4,0.37,2026-04-09,2004,N21,VIIRS,n,2.0NRT,296.54,4.53,N
20.97016,85.17354,335.73,0.4,0.37,2026-04-09,2004,N21,VIIRS,n,2.0NRT,298.62,3.63,N
20.97078,85.16977,308.62,0.4,0.37,2026-04-09,2004,N21,VIIRS,n,2.0NRT,296.17,2.16,N
20.97156,85.12328,311,0.4,0.37,2026-04-09,2004,N21,VIIRS,n,2.0NRT,295.97,1.75,N
20.97247,85.03437,307.03,0.39,0.36,2026-04-09,2004,N21,VIIRS,n,2.0NRT,295.52,1.54,N
20.9725,86.00236,316.25,0.42,0.37,2026-04-09,2004,N21,VIIRS,n,2.0NRT,295.48,2.21,N
20.97303,85.13522,308.46,0.4,0.37,2026-04-09,2004,N21,VIIRS,n,2.0NRT,296.65,1.42,N
20.97349,85.17416,317.9,0.4,0.37,2026-04-09,2004,N21,VIIRS,n,2.0NRT,296.63,2.38,N
20.97636,85.13584,311.75,0.4,0.37,2026-04-09,2004,N21,VIIRS,n,2.0NRT,296.17,1.42,N
20.97744,85.17103,314.67,0.4,0.37,2026-04-09,2004,N21,VIIRS,n,2.0NRT,296.02,2.38,N
20.97969,85.13647,311.56,0.4,0.37,2026-04-09,2004,N21,VIIRS,n,2.0NRT,296.63,1.88,N
21.0002,86.02692,311.66,0.42,0.37,2026-04-09,2004,N21,VIIRS,n,2.0NRT,294.58,1.55,N
21.06009,94.01786,306.38,0.39,0.6,2026-04-09,2004,N21,VIIRS,n,2.0NRT,289.79,2.04,N
21.09875,72.63662,307.15,0.47,0.64,2026-04-09,2004,N21,VIIRS,n,2.0NRT,294.48,2.09,N
21.10276,72.64393,316.43,0.47,0.64,2026-04-09,2004,N21,VIIRS,n,2.0NRT,295.77,5.88,N
21.10355,72.6349,347,0.47,0.64,2026-04-09,2004,N21,VIIRS,n,2.0NRT,296.59,5.38,N
21.10379,72.64618,336.44,0.47,0.64,2026-04-09,2004,N21,VIIRS,n,2.0NRT,297.51,10.31,N
21.10464,72.63718,337.01,0.47,0.64,2026-04-09,2004,N21,VIIRS,n,2.0NRT,296.6,5.25,N
21.10865,72.64451,324.97,0.47,0.64,2026-04-09,2004,N21,VIIRS,n,2.0NRT,296.5,5.88,N
21.10944,72.63549,307.76,0.47,0.64,2026-04-09,2004,N21,VIIRS,n,2.0NRT,297.13,5.38,N
21.11095,72.63323,307.95,0.47,0.64,2026-04-09,2004,N21,VIIRS,n,2.0NRT,296.73,5.25,N
21.17536,80.28484,303.37,0.47,0.4,2026-04-09,2004,N21,VIIRS,n,2.0NRT,292.61,1.15,N
21.1817,81.38792,311.52,0.43,0.38,2026-04-09,2004,N21,VIIRS,n,2.0NRT,298.64,2.87,N
21.18227,81.38383,316.84,0.43,0.38,2026-04-09,2004,N21,VIIRS,n,2.0NRT,298.06,2.22,N
21.18285,81.37973,315.01,0.43,0.38,2026-04-09,2004,N21,VIIRS,n,2.0NRT,296.97,2.22,N
21.18516,81.38847,310.89,0.43,0.38,2026-04-09,2004,N21,VIIRS,n,2.0NRT,298.45,1.99,N
21.18805,81.39311,309.95,0.43,0.38,2026-04-09,2004,N21,VIIRS,n,2.0NRT,297.51,1.99,N
21.18901,81.20802,306.21,0.43,0.38,2026-04-09,2004,N21,VIIRS,n,2.0NRT,295.72,1.33,N
21.19016,81.19972,305.99,0.43,0.38,2026-04-09,2004,N21,VIIRS,n,2.0NRT,295.85,1.54,N
21.23268,79.62921,309.89,0.51,0.41,2026-04-09,2004,N21,VIIRS,n,2.0NRT,297.04,2.68,N
21.23286,79.27876,306.2,0.53,0.42,2026-04-09,2004,N21,VIIRS,n,2.0NRT,290.94,1.22,N
21.23515,79.27693,309.52,0.54,0.42,2026-04-09,2004,N21,VIIRS,n,2.0NRT,290.86,1.59,N
21.23671,79.27933,304.04,0.53,0.42,2026-04-09,2004,N21,VIIRS,n,2.0NRT,290.28,0.57,N
21.2442,79.22279,317.58,0.54,0.42,2026-04-09,2004,N21,VIIRS,n,2.0NRT,297.82,3.71,N
21.2461,80.20457,309.09,0.48,0.4,2026-04-09,2004,N21,VIIRS,n,2.0NRT,293.25,1.23,N
21.24614,79.22084,310.8,0.54,0.42,2026-04-09,2004,N21,VIIRS,n,2.0NRT,296.68,4.45,N
21.24744,79.21049,316.01,0.54,0.42,2026-04-09,2004,N21,VIIRS,n,2.0NRT,295.5,2.56,N
21.24943,79.21301,311.13,0.54,0.42,2026-04-09,2004,N21,VIIRS,n,2.0NRT,295.31,2.43,N
21.25011,79.20786,312.81,0.54,0.42,2026-04-09,2004,N21,VIIRS,n,2.0NRT,295.54,2.72,N
21.2513,79.21106,305.59,0.54,0.42,2026-04-09,2004,N21,VIIRS,n,2.0NRT,295.1,2.59,N
21.25432,80.63254,306.14,0.46,0.39,2026-04-09,2004,N21,VIIRS,n,2.0NRT,295.62,1.48,N
21.26924,79.25578,308.87,0.54,0.42,2026-04-09,2004,N21,VIIRS,n,2.0NRT,291.5,1.52,N
21.26947,79.1608,304.58,0.54,0.42,2026-04-09,2004,N21,VIIRS,n,2.0NRT,293.88,1.23,N
21.27079,79.15038,306.98,0.54,0.42,2026-04-09,2004,N21,VIIRS,n,2.0NRT,293.62,1.78,N
21.2729,80.72772,306.41,0.45,0.39,2026-04-09,2004,N21,VIIRS,n,2.0NRT,293.99,0.98,N
21.2731,79.25634,309.87,0.54,0.42,2026-04-09,2004,N21,VIIRS,n,2.0NRT,291.36,1.52,N
21.27335,79.16136,309.62,0.54,0.42,2026-04-09,2004,N21,VIIRS,n,2.0NRT,293.68,1.76,N
21.27905,79.39236,326.99,0.53,0.42,2026-04-09,2004,N21,VIIRS,n,2.0NRT,291,4.01,N
21.29544,79.29623,341.96,0.53,0.42,2026-04-09,2004,N21,VIIRS,n,2.0NRT,293.48,9.22,N
21.2983,81.60516,312.69,0.42,0.38,2026-04-09,2004,N21,VIIRS,n,2.0NRT,296.52,2.32,N
21.30749,79.44279,312.05,0.53,0.42,2026-04-09,2004,N21,VIIRS,n,2.0NRT,290.89,1.77,N
21.31093,81.59069,307.27,0.42,0.38,2026-04-09,2004,N21,VIIRS,n,2.0NRT,295.79,1.8,N
21.34555,81.66521,307.28,0.42,0.38,2026-04-09,2004,N21,VIIRS,n,2.0NRT,297.01,1.61,N
21.3487,79.29531,302.55,0.54,0.42,2026-04-09,2004,N21,VIIRS,n,2.0NRT,290.61,0.54,N
21.35101,80.63729,309.25,0.46,0.39,2026-04-09,2004,N21,VIIRS,n,2.0NRT,295.44,2.37,N
21.35165,80.63268,315.4,0.46,0.39,2026-04-09,2004,N21,VIIRS,n,2.0NRT,296.11,2.74,N
21.35385,82.36367,304.24,0.4,0.37,2026-04-09,2004,N21,VIIRS,n,2.0NRT,293.81,1.09,N
21.36499,81.65192,311.02,0.42,0.38,2026-04-09,2004,N21,VIIRS,n,2.0NRT,296.99,2.26,N
21.36919,80.71651,303.85,0.46,0.39,2026-04-09,2004,N21,VIIRS,n,2.0NRT,293.41,0.54,N
21.37072,81.68574,308.78,0.42,0.38,2026-04-09,2004,N21,VIIRS,n,2.0NRT,297.27,1.94,N
21.37473,81.68227,306.94,0.42,0.38,2026-04-09,2004,N21,VIIRS,n,2.0NRT,296.29,1.09,N
21.3749,80.72087,307.05,0.46,0.39,2026-04-09,2004,N21,VIIRS,n,2.0NRT,294.01,1.74,N
21.3753,81.67826,308.71,0.42,0.38,2026-04-09,2004,N21,VIIRS,n,2.0NRT,297.57,1.32,N
21.37702,81.64151,309.45,0.42,0.38,2026-04-09,2004,N21,VIIRS,n,2.0NRT,297.2,2.18,N
21.37816,81.68283,306.77,0.42,0.38,2026-04-09,2004,N21,VIIRS,n,2.0NRT,295.89,1.09,N
21.37873,81.67881,307.18,0.42,0.38,2026-04-09,2004,N21,VIIRS,n,2.0NRT,296.2,1.32,N
21.38445,81.68793,305.01,0.42,0.38,2026-04-09,2004,N21,VIIRS,n,2.0NRT,294.93,0.77,N
21.39019,81.64776,313.68,0.42,0.38,2026-04-09,2004,N21,VIIRS,n,2.0NRT,296.61,2.41,N
21.42088,80.62442,321.73,0.46,0.39,2026-04-09,2004,N21,VIIRS,n,2.0NRT,296.26,2.54,N
21.42148,80.62003,311.61,0.46,0.39,2026-04-09,2004,N21,VIIRS,n,2.0NRT,295.22,2.54,N
21.44178,80.63237,305.87,0.46,0.39,2026-04-09,2004,N21,VIIRS,n,2.0NRT,294.5,1.7,N
21.44497,80.60917,310.91,0.46,0.39,2026-04-09,2004,N21,VIIRS,n,2.0NRT,294.9,1.58,N
21.45742,80.62525,306.68,0.46,0.39,2026-04-09,2004,N21,VIIRS,n,2.0NRT,295.66,1.75,N
21.45823,81.83374,305.92,0.41,0.37,2026-04-09,2004,N21,VIIRS,n,2.0NRT,294.75,1.14,N
21.47741,78.05135,307.5,0.42,0.45,2026-04-09,2004,N21,VIIRS,n,2.0NRT,293.72,1.4,N
21.48504,81.76872,308.88,0.42,0.37,2026-04-09,2004,N21,VIIRS,n,2.0NRT,296.84,1.74,N
21.5004,81.80801,307.39,0.42,0.37,2026-04-09,2004,N21,VIIRS,n,2.0NRT,296.64,1.41,N
21.51028,80.12742,312.65,0.49,0.4,2026-04-09,2004,N21,VIIRS,n,2.0NRT,292.22,1.78,N
21.57783,82.02298,307.06,0.41,0.37,2026-04-09,2004,N21,VIIRS,n,2.0NRT,296.61,1.05,N
21.58914,80.56216,306.26,0.47,0.39,2026-04-09,2004,N21,VIIRS,n,2.0NRT,294.83,1.3,N
21.62041,83.13116,305.02,0.39,0.36,2026-04-09,2004,N21,VIIRS,n,2.0NRT,293.17,0.47,N
21.67106,82.08161,311.38,0.41,0.37,2026-04-09,2004,N21,VIIRS,n,2.0NRT,297.76,2.9,N
21.71451,84.04218,314.1,0.38,0.36,2026-04-09,2004,N21,VIIRS,n,2.0NRT,294.88,1.31,N
21.71888,93.8036,298.6,0.37,0.58,2026-04-09,2004,N21,VIIRS,n,2.0NRT,287.78,0.81,N
21.72912,82.21461,307.68,0.41,0.37,2026-04-09,2004,N21,VIIRS,n,2.0NRT,297.2,1.38,N
21.73418,83.98145,307.63,0.38,0.36,2026-04-09,2004,N21,VIIRS,n,2.0NRT,294.09,1.33,N
21.73861,80.48575,304.12,0.47,0.4,2026-04-09,2004,N21,VIIRS,n,2.0NRT,293.58,1.98,N
21.74227,83.84306,331.27,0.38,0.36,2026-04-09,2004,N21,VIIRS,n,2.0NRT,297.14,4.65,N
21.74285,83.83938,303.92,0.38,0.36,2026-04-09,2004,N21,VIIRS,n,2.0NRT,292.82,1.89,N
21.74556,83.84364,336.82,0.38,0.36,2026-04-09,2004,N21,VIIRS,n,2.0NRT,299.43,3.06,N
21.74848,83.97645,325.05,0.38,0.36,2026-04-09,2004,N21,VIIRS,n,2.0NRT,296.8,3.19,N
21.74885,83.84423,322.84,0.38,0.36,2026-04-09,2004,N21,VIIRS,n,2.0NRT,296.5,3.06,N
21.74942,83.84055,312.35,0.38,0.36,2026-04-09,2004,N21,VIIRS,n,2.0NRT,295.18,2.8,N
21.75566,84.02267,309.81,0.38,0.36,2026-04-09,2004,N21,VIIRS,n,2.0NRT,297.46,2.91,N
21.75634,73.99036,308.17,0.39,0.59,2026-04-09,2004,N21,VIIRS,n,2.0NRT,290.47,0.92,N
21.76223,84.02384,305.71,0.38,0.36,2026-04-09,2004,N21,VIIRS,n,2.0NRT,294.95,1.82,N
21.76281,84.02016,312.94,0.38,0.36,2026-04-09,2004,N21,VIIRS,n,2.0NRT,296.37,1.82,N
21.79781,83.88275,308.27,0.38,0.36,2026-04-09,2004,N21,VIIRS,n,2.0NRT,294.52,0.81,N
21.79965,84.60271,309.32,0.39,0.36,2026-04-09,2004,N21,VIIRS,n,2.0NRT,294.95,2.38,N
21.80924,75.6467,305.29,0.61,0.53,2026-04-09,2004,N21,VIIRS,n,2.0NRT,293.08,1.2,N
21.82059,83.9965,305.91,0.38,0.36,2026-04-09,2004,N21,VIIRS,n,2.0NRT,294.51,1.33,N
21.85466,79.20903,300.77,0.55,0.43,2026-04-09,2004,N21,VIIRS,n,2.0NRT,289.1,0.63,N
21.85923,83.96559,310.17,0.38,0.36,2026-04-09,2004,N21,VIIRS,n,2.0NRT,295.74,1.37,N
21.8747,83.4947,307.76,0.39,0.36,2026-04-09,2004,N21,VIIRS,n,2.0NRT,294.46,1.29,N
21.87572,76.58353,307.4,0.53,0.5,2026-04-09,2004,N21,VIIRS,n,2.0NRT,290.73,1.27,N
21.87578,76.58551,304.03,0.53,0.5,2026-04-09,2004,N21,VIIRS,n,2.0NRT,290.64,1.24,N
21.87879,83.55621,313.26,0.39,0.36,2026-04-09,2004,N21,VIIRS,n,2.0NRT,295.71,1.24,N
21.88473,83.11513,316.38,0.39,0.36,2026-04-09,2004,N21,VIIRS,n,2.0NRT,294.95,1.89,N
21.91927,76.15891,307.57,0.56,0.52,2026-04-09,2004,N21,VIIRS,n,2.0NRT,290.34,1.24,N
21.91992,83.3541,311.93,0.39,0.36,2026-04-09,2004,N21,VIIRS,n,2.0NRT,297.93,3.16,N
21.92028,76.16199,310.9,0.56,0.52,2026-04-09,2004,N21,VIIRS,n,2.0NRT,290.39,1.83,N
21.92049,83.35038,336.81,0.39,0.36,2026-04-09,2004,N21,VIIRS,n,2.0NRT,303.83,3.16,N
21.92379,83.35096,319.93,0.39,0.36,2026-04-09,2004,N21,VIIRS,n,2.0NRT,298.07,2.98,N
21.92394,85.22323,317.47,0.39,0.36,2026-04-09,2004,N21,VIIRS,n,2.0NRT,293.41,1.97,N
21.93058,85.22448,302.21,0.39,0.36,2026-04-09,2004,N21,VIIRS,n,2.0NRT,290.95,0.68,N
21.9312,85.2207,310.08,0.39,0.36,2026-04-09,2004,N21,VIIRS,n,2.0NRT,292.15,1.91,N
21.9486,93.78029,301.69,0.36,0.58,2026-04-09,2004,N21,VIIRS,n,2.0NRT,289.88,0.67,N
21.9554,83.80883,304.54,0.38,0.36,2026-04-09,2004,N21,VIIRS,n,2.0NRT,294.22,0.97,N
21.96739,85.31309,307.46,0.39,0.37,2026-04-09,2004,N21,VIIRS,n,2.0NRT,291.85,0.85,N
21.97044,79.27134,311.7,0.55,0.42,2026-04-09,2004,N21,VIIRS,n,2.0NRT,291.42,3.45,N
21.97112,79.26606,328.16,0.55,0.42,2026-04-09,2004,N21,VIIRS,n,2.0NRT,292.14,3.45,N
21.98289,83.23139,306.42,0.39,0.36,2026-04-09,2004,N21,VIIRS,n,2.0NRT,296.2,1.29,N
21.9862,83.23197,313.65,0.39,0.36,2026-04-09,2004,N21,VIIRS,n,2.0NRT,297.18,1.29,N
21.99109,77.47334,303.17,0.47,0.47,2026-04-09,2004,N21,VIIRS,n,2.0NRT,291.42,0.47,N
21.99224,77.47602,305.92,0.47,0.47,2026-04-09,2004,N21,VIIRS,n,2.0NRT,291.85,0.86,N
21.99894,76.47561,302.99,0.54,0.51,2026-04-09,2004,N21,VIIRS,n,2.0NRT,290.06,1.18,N
22.00193,78.13094,303.72,0.42,0.46,2026-04-09,2004,N21,VIIRS,n,2.0NRT,293.47,1.17,N
22.00235,82.66977,316.95,0.4,0.37,2026-04-09,2004,N21,VIIRS,n,2.0NRT,297.9,1.93,N
22.00569,82.67034,318.38,0.4,0.37,2026-04-09,2004,N21,VIIRS,n,2.0NRT,296.64,2.31,N
22.00663,78.1272,309.53,0.43,0.46,2026-04-09,2004,N21,VIIRS,n,2.0NRT,293.74,1.89,N
22.00712,78.12322,304.41,0.43,0.46,2026-04-09,2004,N21,VIIRS,n,2.0NRT,293.69,1.4,N
22.01535,83.75452,338.57,0.38,0.36,2026-04-09,2004,N21,VIIRS,n,2.0NRT,298.7,4.23,N
22.01921,83.75143,305.95,0.38,0.36,2026-04-09,2004,N21,VIIRS,n,2.0NRT,295.49,1.07,N
22.02307,76.7678,301.27,0.52,0.5,2026-04-09,2004,N21,VIIRS,n,2.0NRT,289.85,1.24,N
22.03034,83.36591,311.46,0.39,0.36,2026-04-09,2004,N21,VIIRS,n,2.0NRT,296.31,2.36,N
22.03079,83.7421,304.49,0.38,0.36,2026-04-09,2004,N21,VIIRS,n,2.0NRT,294.28,1.61,N
22.03408,83.74268,307.39,0.38,0.36,2026-04-09,2004,N21,VIIRS,n,2.0NRT,296.05,2.27,N
22.03465,83.73898,313.73,0.38,0.36,2026-04-09,2004,N21,VIIRS,n,2.0NRT,295.76,1.51,N
22.03566,83.12931,306.39,0.39,0.36,2026-04-09,2004,N21,VIIRS,n,2.0NRT,294.78,1.4,N
22.03579,83.7316,306.91,0.38,0.36,2026-04-09,2004,N21,VIIRS,n,2.0NRT,295,1.51,N
22.03794,83.73957,309.95,0.38,0.36,2026-04-09,2004,N21,VIIRS,n,2.0NRT,296.46,1.51,N
22.03851,83.73587,317.97,0.38,0.36,2026-04-09,2004,N21,VIIRS,n,2.0NRT,298.7,1.51,N
22.03908,83.73219,320.47,0.38,0.36,2026-04-09,2004,N21,VIIRS,n,2.0NRT,299.87,1.51,N
22.03922,83.3522,324.26,0.39,0.36,2026-04-09,2004,N21,VIIRS,n,2.0NRT,296.68,2.39,N
22.03965,83.72849,315.1,0.38,0.36,2026-04-09,2004,N21,VIIRS,n,2.0NRT,298.17,1.51,N
22.04123,83.74015,309.54,0.38,0.36,2026-04-09,2004,N21,VIIRS,n,2.0NRT,299.15,1.59,N
22.0418,83.73646,312.07,0.38,0.36,2026-04-09,2004,N21,VIIRS,n,2.0NRT,298.08,1.59,N
22.04237,83.73277,311.37,0.38,0.36,2026-04-09,2004,N21,VIIRS,n,2.0NRT,298.44,1.9,N
22.04294,83.72907,323.57,0.38,0.36,2026-04-09,2004,N21,VIIRS,n,2.0NRT,300.35,1.9,N
22.04703,79.30053,308.23,0.55,0.42,2026-04-09,2004,N21,VIIRS,n,2.0NRT,290.52,1.25,N
22.05344,93.65271,301.38,0.36,0.57,2026-04-09,2004,N21,VIIRS,n,2.0NRT,283.08,1.01,N
22.0551,83.71604,321.39,0.38,0.36,2026-04-09,2004,N21,VIIRS,n,2.0NRT,294.78,1.95,N
22.05953,83.70924,307.39,0.39,0.36,2026-04-09,2004,N21,VIIRS,n,2.0NRT,293.66,0.99,N
22.06224,88.12131,343.74,0.5,0.41,2026-04-09,2004,N21,VIIRS,n,2.0NRT,294.73,16.01,N
22.06592,88.1221,340.87,0.5,0.41,2026-04-09,2004,N21,VIIRS,n,2.0NRT,293.4,7.67,N
22.06668,83.70671,308.49,0.39,0.36,2026-04-09,2004,N21,VIIRS,n,2.0NRT,294.58,0.71,N
22.06725,83.70301,303.36,0.39,0.36,2026-04-09,2004,N21,VIIRS,n,2.0NRT,293.12,0.71,N
22.09805,84.37531,303.55,0.38,0.36,2026-04-09,2004,N21,VIIRS,n,2.0NRT,292.24,0.59,N
22.11518,79.30175,330.6,0.55,0.42,2026-04-09,2004,N21,VIIRS,n,2.0NRT,291.78,5.01,N
22.11907,79.30234,315.82,0.55,0.42,2026-04-09,2004,N21,VIIRS,n,2.0NRT,291.22,2.92,N
22.12379,76.90822,308.88,0.51,0.49,2026-04-09,2004,N21,VIIRS,n,2.0NRT,289.28,2.22,N
22.12435,76.90329,312.88,0.51,0.49,2026-04-09,2004,N21,VIIRS,n,2.0NRT,290.01,2.22,N
22.14302,80.10896,307.01,0.5,0.41,2026-04-09,2004,N21,VIIRS,n,2.0NRT,295.89,2.46,N
22.15271,79.31792,333.45,0.55,0.42,2026-04-09,2004,N21,VIIRS,n,2.0NRT,292.5,5.58,N
22.15338,79.31267,304.7,0.55,0.42,2026-04-09,2004,N21,VIIRS,n,2.0NRT,290.9,2.67,N
22.1566,79.31851,319.96,0.55,0.42,2026-04-09,2004,N21,VIIRS,n,2.0NRT,291.53,5.1,N
22.15667,76.91591,301.76,0.51,0.49,2026-04-09,2004,N21,VIIRS,n,2.0NRT,289.97,0.86,N
22.15914,79.32956,319.7,0.55,0.42,2026-04-09,2004,N21,VIIRS,n,2.0NRT,291.07,3.34,N
22.15942,76.91772,301.06,0.51,0.49,2026-04-09,2004,N21,VIIRS,n,2.0NRT,289.69,0.49,N
22.15981,79.32433,347.67,0.55,0.42,2026-04-09,2004,N21,VIIRS,n,2.0NRT,294.54,5.1,N
22.16048,79.31909,302.55,0.55,0.42,2026-04-09,2004,N21,VIIRS,n,2.0NRT,291.03,5.1,N
22.16664,76.43945,302.08,0.55,0.51,2026-04-09,2004,N21,VIIRS,n,2.0NRT,291.41,0.9,N
22.17927,79.20291,316.65,0.55,0.43,2026-04-09,2004,N21,VIIRS,n,2.0NRT,289.03,1.95,N
22.18318,79.20348,306.41,0.55,0.43,2026-04-09,2004,N21,VIIRS,n,2.0NRT,288.55,1.95,N
22.20223,84.57685,304.21,0.39,0.36,2026-04-09,2004,N21,VIIRS,n,2.0NRT,293.33,0.66,N
22.20635,84.55095,307.5,0.39,0.36,2026-04-09,2004,N21,VIIRS,n,2.0NRT,294.23,1.33,N
22.20819,84.86011,307.64,0.39,0.36,2026-04-09,2004,N21,VIIRS,n,2.0NRT,291.67,1.33,N
22.21089,84.86445,308.29,0.39,0.36,2026-04-09,2004,N21,VIIRS,n,2.0NRT,291.44,1.3,N
22.21238,84.87621,305.02,0.39,0.36,2026-04-09,2004,N21,VIIRS,n,2.0NRT,293.69,1.59,N
22.21836,84.75486,310.26,0.39,0.36,2026-04-09,2004,N21,VIIRS,n,2.0NRT,294.01,1.5,N
22.22106,84.75918,307.08,0.39,0.36,2026-04-09,2004,N21,VIIRS,n,2.0NRT,293.82,0.88,N
22.22225,84.75176,304.96,0.39,0.36,2026-04-09,2004,N21,VIIRS,n,2.0NRT,294.03,1.01,N
22.24228,75.09903,310.14,0.33,0.56,2026-04-09,2004,N21,VIIRS,n,2.0NRT,291.74,1.15,N
22.24261,75.09581,311.57,0.33,0.56,2026-04-09,2004,N21,VIIRS,n,2.0NRT,292.28,1.15,N
22.26318,75.13146,308.77,0.33,0.55,2026-04-09,2004,N21,VIIRS,n,2.0NRT,294.84,1.89,N
22.27198,82.12024,308.81,0.41,0.37,2026-04-09,2004,N21,VIIRS,n,2.0NRT,293.47,0.85,N
22.30733,77.45177,301.36,0.47,0.48,2026-04-09,2004,N21,VIIRS,n,2.0NRT,289.43,0.41,N
22.31148,82.52741,313.73,0.4,0.37,2026-04-09,2004,N21,VIIRS,n,2.0NRT,295,2.62,N
22.31369,82.55953,307.92,0.4,0.37,2026-04-09,2004,N21,VIIRS,n,2.0NRT,295.48,1.66,N
22.31427,82.53186,310.27,0.4,0.37,2026-04-09,2004,N21,VIIRS,n,2.0NRT,297.88,1.89,N
22.31707,82.5363,309.89,0.4,0.37,2026-04-09,2004,N21,VIIRS,n,2.0NRT,296.09,1.94,N
22.32039,82.5844,309.51,0.4,0.37,2026-04-09,2004,N21,VIIRS,n,2.0NRT,295.07,1.47,N
22.32267,82.54519,307.89,0.4,0.37,2026-04-09,2004,N21,VIIRS,n,2.0NRT,296.07,1.21,N
22.32311,76.11658,303.29,0.57,0.52,2026-04-09,2004,N21,VIIRS,n,2.0NRT,292.09,1.02,N
22.32318,82.58881,307.82,0.4,0.37,2026-04-09,2004,N21,VIIRS,n,2.0NRT,295.67,1.19,N
22.331,82.60593,325.46,0.4,0.37,2026-04-09,2004,N21,VIIRS,n,2.0NRT,296.4,3.04,N
22.33217,82.57446,309.02,0.4,0.37,2026-04-09,2004,N21,VIIRS,n,2.0NRT,294.92,1.32,N
22.33499,82.55519,322.91,0.4,0.37,2026-04-09,2004,N21,VIIRS,n,2.0NRT,296.64,1.68,N
22.33555,82.55132,305.56,0.4,0.37,2026-04-09,2004,N21,VIIRS,n,2.0NRT,294.41,1.68,N
22.35771,82.30346,315.23,0.41,0.37,2026-04-09,2004,N21,VIIRS,n,2.0NRT,298.09,1.87,N
22.3583,87.29114,314.89,0.45,0.39,2026-04-09,2004,N21,VIIRS,n,2.0NRT,294.74,1.87,N
22.3611,82.30404,313.07,0.41,0.37,2026-04-09,2004,N21,VIIRS,n,2.0NRT,295.51,1.87,N
22.36278,87.01816,314.31,0.44,0.38,2026-04-09,2004,N21,VIIRS,n,2.0NRT,294.58,2.18,N
22.36383,87.30124,322.72,0.45,0.39,2026-04-09,2004,N21,VIIRS,n,2.0NRT,295.78,3.31,N
22.36627,87.01886,320.06,0.44,0.38,2026-04-09,2004,N21,VIIRS,n,2.0NRT,295.07,1.98,N
22.36736,87.30196,321.94,0.45,0.39,2026-04-09,2004,N21,VIIRS,n,2.0NRT,294.88,2.77,N
22.36812,87.29764,315.69,0.45,0.39,2026-04-09,2004,N21,VIIRS,n,2.0NRT,294.25,2.26,N
22.3782,87.28182,318.53,0.45,0.39,2026-04-09,2004,N21,VIIRS,n,2.0NRT,295.45,2.27,N
22.37896,87.27751,316.8,0.45,0.39,2026-04-09,2004,N21,VIIRS,n,2.0NRT,294.71,2.27,N
22.38878,87.284,304.15,0.45,0.39,2026-04-09,2004,N21,VIIRS,n,2.0NRT,293.1,0.72,N
22.39152,79.71038,322.17,0.52,0.42,2026-04-09,2004,N21,VIIRS,n,2.0NRT,289.51,5.32,N
22.39533,79.71097,334.96,0.52,0.42,2026-04-09,2004,N21,VIIRS,n,2.0NRT,292.73,5.32,N
22.40608,75.37949,308.93,0.32,0.55,2026-04-09,2004,N21,VIIRS,n,2.0NRT,288.57,0.78,N
22.4064,75.3764,300.07,0.32,0.55,2026-04-09,2004,N21,VIIRS,n,2.0NRT,289.07,0.79,N
22.47965,77.66354,302.26,0.46,0.47,2026-04-09,2004,N21,VIIRS,n,2.0NRT,290.6,0.79,N
22.49544,82.803,306.93,0.4,0.37,2026-04-09,2004,N21,VIIRS,n,2.0NRT,294.01,0.73,N
22.53314,80.59913,305.41,0.47,0.4,2026-04-09,2004,N21,VIIRS,n,2.0NRT,293.05,1.11,N
22.54385,77.73331,314.43,0.46,0.47,2026-04-09,2004,N21,VIIRS,n,2.0NRT,292.04,1.8,N
22.55547,76.67249,304.64,0.53,0.5,2026-04-09,2004,N21,VIIRS,n,2.0NRT,290.15,2.25,N
22.56021,75.99129,326.43,0.59,0.53,2026-04-09,2004,N21,VIIRS,n,2.0NRT,292.01,3.9,N
22.56089,76.75107,309.58,0.53,0.5,2026-04-09,2004,N21,VIIRS,n,2.0NRT,290.53,1.76,N
22.57297,85.89873,318.4,0.4,0.37,2026-04-09,2004,N21,VIIRS,n,2.0NRT,295.3,1.55,N
22.57362,85.89487,306.26,0.4,0.37,2026-04-09,2004,N21,VIIRS,n,2.0NRT,295.12,1.55,N
22.57427,85.891,322.18,0.4,0.37,2026-04-09,2004,N21,VIIRS,n,2.0NRT,295.38,2.69,N
22.58646,76.56071,317.51,0.54,0.51,2026-04-09,2004,N21,VIIRS,n,2.0NRT,290.3,1.91,N
22.59244,85.90656,308.81,0.4,0.37,2026-04-09,2004,N21,VIIRS,n,2.0NRT,294.17,0.66,N
22.60857,85.9137,314.5,0.4,0.37,2026-04-09,2004,N21,VIIRS,n,2.0NRT,294.85,1.86,N
22.61185,79.2906,306.74,0.56,0.43,2026-04-09,2004,N21,VIIRS,n,2.0NRT,290.75,1.53,N
22.61579,79.291,316.41,0.56,0.43,2026-04-09,2004,N21,VIIRS,n,2.0NRT,291.33,2.66,N
22.62889,75.48434,311.3,0.32,0.54,2026-04-09,2004,N21,VIIRS,n,2.0NRT,287.93,0.98,N
22.63703,75.3083,298.66,0.33,0.55,2026-04-09,2004,N21,VIIRS,n,2.0NRT,286.85,0.35,N
22.63889,78.02622,307.92,0.44,0.46,2026-04-09,2004,N21,VIIRS,n,2.0NRT,291.51,0.85,N
22.64307,75.29943,300.48,0.33,0.55,2026-04-09,2004,N21,VIIRS,n,2.0NRT,287.57,0.19,N
22.64543,75.1763,305.91,0.33,0.56,2026-04-09,2004,N21,VIIRS,n,2.0NRT,287.76,0.96,N
22.6546,78.21599,302.91,0.43,0.46,2026-04-09,2004,N21,VIIRS,n,2.0NRT,289.78,0.6,N
22.65579,78.21588,304.77,0.43,0.46,2026-04-09,2004,N21,VIIRS,n,2.0NRT,289.78,0.57,N
22.65779,75.40183,298.11,0.32,0.55,2026-04-09,2004,N21,VIIRS,n,2.0NRT,286.88,0.52,N
22.67964,78.1937,318.85,0.43,0.46,2026-04-09,2004,N21,VIIRS,n,2.0NRT,290.23,1.68,N
22.68383,78.19426,319.53,0.43,0.46,2026-04-09,2004,N21,VIIRS,n,2.0NRT,291.3,2.24,N
22.6855,75.62798,312.45,0.63,0.54,2026-04-09,2004,N21,VIIRS,n,2.0NRT,289.04,1.7,N
22.6952,76.13808,303.83,0.58,0.52,2026-04-09,2004,N21,VIIRS,n,2.0NRT,289.54,1.42,N
22.69578,76.13245,303.01,0.58,0.52,2026-04-09,2004,N21,VIIRS,n,2.0NRT,289.49,1.42,N
22.69862,75.45068,298.41,0.32,0.55,2026-04-09,2004,N21,VIIRS,n,2.0NRT,287.74,0.5,N
22.70127,75.16818,303.94,0.34,0.56,2026-04-09,2004,N21,VIIRS,n,2.0NRT,287.94,0.79,N
22.71184,74.89755,301.63,0.35,0.57,2026-04-09,2004,N21,VIIRS,n,2.0NRT,288.13,0.39,N
22.71355,76.93337,307.83,0.52,0.5,2026-04-09,2004,N21,VIIRS,n,2.0NRT,291.39,1.62,N
22.71984,78.24969,305.23,0.43,0.46,2026-04-09,2004,N21,VIIRS,n,2.0NRT,290.03,1.14,N
22.71998,78.52614,316.89,0.41,0.45,2026-04-09,2004,N21,VIIRS,n,2.0NRT,290.58,1.96,N
22.72838,76.41482,298.62,0.56,0.51,2026-04-09,2004,N21,VIIRS,n,2.0NRT,287.73,0.81,N
22.73228,78.32251,302.6,0.42,0.45,2026-04-09,2004,N21,VIIRS,n,2.0NRT,289.84,0.63,N
22.73878,75.9529,332.69,0.6,0.53,2026-04-09,2004,N21,VIIRS,n,2.0NRT,290.14,7.01,N
22.73954,76.4435,312.36,0.55,0.51,2026-04-09,2004,N21,VIIRS,n,2.0NRT,289.24,2.43,N
22.7416,76.44544,316.5,0.55,0.51,2026-04-09,2004,N21,VIIRS,n,2.0NRT,289.64,1.61,N
22.75431,78.54594,307.11,0.41,0.45,2026-04-09,2004,N21,VIIRS,n,2.0NRT,290.46,1.1,N
22.77298,77.10139,309.69,0.5,0.49,2026-04-09,2004,N21,VIIRS,n,2.0NRT,293.02,2.61,N
22.77785,75.21017,300.91,0.33,0.56,2026-04-09,2004,N21,VIIRS,n,2.0NRT,288.49,0.64,N
22.77911,78.33591,322.1,0.42,0.45,2026-04-09,2004,N21,VIIRS,n,2.0NRT,290.91,2.03,N
22.78858,86.20587,311.44,0.41,0.37,2026-04-09,2004,N21,VIIRS,n,2.0NRT,294.45,1.85,N
22.7899,86.19802,333.41,0.41,0.37,2026-04-09,2004,N21,VIIRS,n,2.0NRT,296.46,3.39,N
22.79129,86.21051,318.15,0.41,0.37,2026-04-09,2004,N21,VIIRS,n,2.0NRT,294.36,2.52,N
22.79327,86.19868,306.19,0.41,0.37,2026-04-09,2004,N21,VIIRS,n,2.0NRT,293.87,3.39,N
22.79532,86.20724,305.84,0.41,0.37,2026-04-09,2004,N21,VIIRS,n,2.0NRT,294.27,1.27,N
22.79665,86.19935,304.39,0.41,0.37,2026-04-09,2004,N21,VIIRS,n,2.0NRT,294.09,0.85,N
22.79749,78.35919,301.79,0.42,0.45,2026-04-09,2004,N21,VIIRS,n,2.0NRT,290.51,0.7,N
22.80093,86.09077,307.28,0.41,0.37,2026-04-09,2004,N21,VIIRS,n,2.0NRT,294.88,0.93,N
22.80262,75.52628,310.75,0.32,0.54,2026-04-09,2004,N21,VIIRS,n,2.0NRT,287.21,0.95,N
22.80898,86.08425,309.34,0.41,0.37,2026-04-09,2004,N21,VIIRS,n,2.0NRT,293.51,2.1,N
22.81571,86.08556,309.97,0.41,0.37,2026-04-09,2004,N21,VIIRS,n,2.0NRT,293.33,1.22,N
22.81644,75.49008,297.87,0.32,0.55,2026-04-09,2004,N21,VIIRS,n,2.0NRT,287.25,0.52,N
22.82364,75.7798,299.67,0.61,0.54,2026-04-09,2004,N21,VIIRS,n,2.0NRT,287.89,1,N
22.82852,75.97626,299.92,0.6,0.53,2026-04-09,2004,N21,VIIRS,n,2.0NRT,288.66,1.47,N
22.82911,75.9705,300.58,0.6,0.53,2026-04-09,2004,N21,VIIRS,n,2.0NRT,288.57,1.47,N
22.83337,75.97684,309.52,0.6,0.53,2026-04-09,2004,N21,VIIRS,n,2.0NRT,288.03,1.47,N
22.84572,76.27583,305.6,0.57,0.52,2026-04-09,2004,N21,VIIRS,n,2.0NRT,288.57,1.1,N
22.85042,76.04872,304.13,0.59,0.53,2026-04-09,2004,N21,VIIRS,n,2.0NRT,289.95,1.27,N
22.85274,75.93223,297.43,0.6,0.53,2026-04-09,2004,N21,VIIRS,n,2.0NRT,287.34,0.77,N
22.85395,75.92052,302.51,0.6,0.53,2026-04-09,2004,N21,VIIRS,n,2.0NRT,287.34,1.16,N
22.86452,76.47445,302.31,0.55,0.51,2026-04-09,2004,N21,VIIRS,n,2.0NRT,290.49,1.43,N
22.86738,75.49036,306.42,0.32,0.55,2026-04-09,2004,N21,VIIRS,n,2.0NRT,286.53,1.23,N
22.87277,76.62095,312.53,0.54,0.51,2026-04-09,2004,N21,VIIRS,n,2.0NRT,289.26,2.42,N
22.87302,86.06361,318.03,0.41,0.37,2026-04-09,2004,N21,VIIRS,n,2.0NRT,295.36,1.62,N
22.87649,75.70093,301.25,0.62,0.54,2026-04-09,2004,N21,VIIRS,n,2.0NRT,286.83,1.65,N
22.87753,78.37732,313.59,0.42,0.45,2026-04-09,2004,N21,VIIRS,n,2.0NRT,290.2,0.98,N
22.89059,75.85352,299.58,0.61,0.53,2026-04-09,2004,N21,VIIRS,n,2.0NRT,289.38,1.41,N
22.89641,75.29887,301.19,0.33,0.55,2026-04-09,2004,N21,VIIRS,n,2.0NRT,286.94,0.72,N
22.89839,76.19188,304.12,0.58,0.52,2026-04-09,2004,N21,VIIRS,n,2.0NRT,287.12,1.74,N
22.89883,76.18905,314.66,0.58,0.52,2026-04-09,2004,N21,VIIRS,n,2.0NRT,287.44,3.29,N
22.89898,75.37672,298.02,0.33,0.55,2026-04-09,2004,N21,VIIRS,n,2.0NRT,286.71,0.43,N
22.899,76.18628,304.58,0.58,0.52,2026-04-09,2004,N21,VIIRS,n,2.0NRT,287.07,1.74,N
22.8993,75.37354,297.06,0.33,0.55,2026-04-09,2004,N21,VIIRS,n,2.0NRT,286.58,0.47,N
22.90154,75.45329,310.28,0.32,0.55,2026-04-09,2004,N21,VIIRS,n,2.0NRT,286.85,1.97,N
22.90185,75.45016,304.48,0.32,0.55,2026-04-09,2004,N21,VIIRS,n,2.0NRT,287.27,1.47,N
22.90531,75.46635,306,0.32,0.55,2026-04-09,2004,N21,VIIRS,n,2.0NRT,286.59,0.64,N
22.90558,75.25777,326.32,0.33,0.55,2026-04-09,2004,N21,VIIRS,n,2.0NRT,288.15,2.03,N
22.91068,75.25829,302.92,0.33,0.55,2026-04-09,2004,N21,VIIRS,n,2.0NRT,287.51,0.48,N
22.9156,75.51492,311.73,0.32,0.55,2026-04-09,2004,N21,VIIRS,n,2.0NRT,287.65,1.29,N
22.92278,75.2401,299.01,0.33,0.56,2026-04-09,2004,N21,VIIRS,n,2.0NRT,287.64,0.44,N
22.92562,75.51604,298.75,0.32,0.55,2026-04-09,2004,N21,VIIRS,n,2.0NRT,286.68,0.37,N
22.927,75.45297,297.88,0.32,0.55,2026-04-09,2004,N21,VIIRS,n,2.0NRT,286,1.51,N
22.92732,75.44984,322.62,0.32,0.55,2026-04-09,2004,N21,VIIRS,n,2.0NRT,287.58,1.51,N
22.92764,75.4467,326.4,0.32,0.55,2026-04-09,2004,N21,VIIRS,n,2.0NRT,288.33,2.64,N
22.93203,75.45354,301.07,0.32,0.55,2026-04-09,2004,N21,VIIRS,n,2.0NRT,286.16,0.93,N
22.93235,75.45041,311.78,0.32,0.55,2026-04-09,2004,N21,VIIRS,n,2.0NRT,287.26,0.93,N
22.93967,76.26165,301.27,0.57,0.52,2026-04-09,2004,N21,VIIRS,n,2.0NRT,286.9,1.17,N
22.94026,76.2561,301.94,0.57,0.52,2026-04-09,2004,N21,VIIRS,n,2.0NRT,286.81,1.17,N
22.94241,75.45155,312.31,0.32,0.55,2026-04-09,2004,N21,VIIRS,n,2.0NRT,286.67,1.59,N
22.94444,76.26221,312.6,0.57,0.52,2026-04-09,2004,N21,VIIRS,n,2.0NRT,286.85,3.25,N
22.94503,76.25664,313.6,0.57,0.52,2026-04-09,2004,N21,VIIRS,n,2.0NRT,286.81,3.25,N
22.95293,75.8513,300.87,0.61,0.53,2026-04-09,2004,N21,VIIRS,n,2.0NRT,287.42,1.03,N
22.95436,75.98194,304.14,0.6,0.53,2026-04-09,2004,N21,VIIRS,n,2.0NRT,287.96,1.67,N
22.95752,78.37988,301.61,0.42,0.45,2026-04-09,2004,N21,VIIRS,n,2.0NRT,290.03,0.72,N
22.96083,72.54504,304.84,0.5,0.66,2026-04-09,2004,N21,VIIRS,n,2.0NRT,291.16,0.75,N
22.96773,75.99531,307.24,0.6,0.53,2026-04-09,2004,N21,VIIRS,n,2.0NRT,288.15,1.4,N
22.97583,78.15847,300.9,0.44,0.46,2026-04-09,2004,N21,VIIRS,n,2.0NRT,289.87,0.73,N
22.97641,75.41309,297.76,0.33,0.55,2026-04-09,2004,N21,VIIRS,n,2.0NRT,286.5,0.54,N
22.97672,75.40992,304.45,0.33,0.55,2026-04-09,2004,N21,VIIRS,n,2.0NRT,286.38,0.67,N
22.97703,75.40674,297.12,0.33,0.55,2026-04-09,2004,N21,VIIRS,n,2.0NRT,286.27,0.67,N
22.98195,75.51205,305.81,0.32,0.55,2026-04-09,2004,N21,VIIRS,n,2.0NRT,287.53,1.65,N
22.98257,75.50581,306.95,0.32,0.55,2026-04-09,2004,N21,VIIRS,n,2.0NRT,287.62,1.38,N
22.98295,75.25671,299.13,0.33,0.55,2026-04-09,2004,N21,VIIRS,n,2.0NRT,287.76,1.02,N
22.98648,75.2559,299.65,0.33,0.56,2026-04-09,2004,N21,VIIRS,n,2.0NRT,287.9,0.73,N
22.98739,75.26371,304.51,0.33,0.55,2026-04-09,2004,N21,VIIRS,n,2.0NRT,288.13,0.65,N
22.99096,75.26292,310.94,0.33,0.56,2026-04-09,2004,N21,VIIRS,n,2.0NRT,288.22,0.96,N
22.9926,75.5069,299.11,0.32,0.55,2026-04-09,2004,N21,VIIRS,n,2.0NRT,286.82,0.47,N
22.99515,75.18848,299.4,0.34,0.56,2026-04-09,2004,N21,VIIRS,n,2.0NRT,288.92,0.33,N
22.9979,75.19078,299.66,0.34,0.56,2026-04-09,2004,N21,VIIRS,n,2.0NRT,288.95,0.55,N
23.00636,75.57155,299.2,0.32,0.54,2026-04-09,2004,N21,VIIRS,n,2.0NRT,287.15,0.53,N
23.00763,75.40702,300.4,0.33,0.55,2026-04-09,2004,N21,VIIRS,n,2.0NRT,286.18,0.63,N
23.00943,78.38677,308.31,0.42,0.45,2026-04-09,2004,N21,VIIRS,n,2.0NRT,289.42,1.24,N
23.01221,79.50616,318.45,0.55,0.42,2026-04-09,2004,N21,VIIRS,n,2.0NRT,288.72,1.76,N
23.02632,75.67149,311.54,0.63,0.54,2026-04-09,2004,N21,VIIRS,n,2.0NRT,288.91,1.79,N
23.02793,76.30161,302.88,0.57,0.52,2026-04-09,2004,N21,VIIRS,n,2.0NRT,288.39,1.67,N
23.02809,76.16056,302.37,0.58,0.52,2026-04-09,2004,N21,VIIRS,n,2.0NRT,288.61,0.76,N
23.03065,75.67817,299.68,0.63,0.54,2026-04-09,2004,N21,VIIRS,n,2.0NRT,287.5,1.64,N
23.03128,75.67207,303.02,0.63,0.54,2026-04-09,2004,N21,VIIRS,n,2.0NRT,288.15,1.79,N
23.03187,75.67908,297.8,0.63,0.54,2026-04-09,2004,N21,VIIRS,n,2.0NRT,287.5,1,N
23.03247,75.67297,300.24,0.63,0.54,2026-04-09,2004,N21,VIIRS,n,2.0NRT,287.93,1,N
23.03327,76.2967,305.65,0.57,0.52,2026-04-09,2004,N21,VIIRS,n,2.0NRT,290.65,1.67,N
23.03689,75.66653,303.07,0.63,0.54,2026-04-09,2004,N21,VIIRS,n,2.0NRT,288.01,1.24,N
23.03803,75.66743,302.81,0.63,0.54,2026-04-09,2004,N21,VIIRS,n,2.0NRT,288.03,2.05,N
23.04103,78.37027,302.52,0.42,0.45,2026-04-09,2004,N21,VIIRS,n,2.0NRT,289.3,0.93,N
23.04441,78.41237,308.84,0.42,0.45,2026-04-09,2004,N21,VIIRS,n,2.0NRT,289.56,1.07,N
23.04986,78.36727,311.55,0.42,0.45,2026-04-09,2004,N21,VIIRS,n,2.0NRT,289.15,1.72,N
23.05869,75.65048,298.58,0.63,0.54,2026-04-09,2004,N21,VIIRS,n,2.0NRT,287.08,0.65,N
23.05958,76.60955,299.23,0.55,0.51,2026-04-09,2004,N21,VIIRS,n,2.0NRT,287.09,0.55,N
23.0597,75.65139,299.04,0.63,0.54,2026-04-09,2004,N21,VIIRS,n,2.0NRT,286.97,1.13,N
23.06105,76.61327,297.45,0.55,0.51,2026-04-09,2004,N21,VIIRS,n,2.0NRT,287.21,0.84,N
23.06481,83.04676,306.21,0.4,0.37,2026-04-09,2004,N21,VIIRS,n,2.0NRT,292.24,1.14,N
23.07438,76.18321,300.17,0.58,0.52,2026-04-09,2004,N21,VIIRS,n,2.0NRT,288.16,0.92,N
23.07992,75.24982,313.26,0.33,0.56,2026-04-09,2004,N21,VIIRS,n,2.0NRT,289.22,0.84,N
23.08149,75.58398,307.89,0.32,0.54,2026-04-09,2004,N21,VIIRS,n,2.0NRT,287,0.56,N
23.0832,75.2506,317.2,0.33,0.56,2026-04-09,2004,N21,VIIRS,n,2.0NRT,288.41,1.56,N
23.08502,75.25041,302.42,0.33,0.56,2026-04-09,2004,N21,VIIRS,n,2.0NRT,287.66,0.84,N
23.08649,75.58456,299.4,0.32,0.54,2026-04-09,2004,N21,VIIRS,n,2.0NRT,286.54,0.56,N
23.08717,78.38808,303.57,0.42,0.45,2026-04-09,2004,N21,VIIRS,n,2.0NRT,290,0.95,N
23.09134,78.38863,328.05,0.42,0.45,2026-04-09,2004,N21,VIIRS,n,2.0NRT,290.37,3.15,N
23.09609,76.71022,298.91,0.54,0.51,2026-04-09,2004,N21,VIIRS,n,2.0NRT,288.29,0.7,N
23.09935,78.70866,304.07,0.4,0.45,2026-04-09,2004,N21,VIIRS,n,2.0NRT,290.15,0.85,N
23.10232,76.65231,303.98,0.54,0.51,2026-04-09,2004,N21,VIIRS,n,2.0NRT,287.15,1.01,N
23.12008,77.42606,318.19,0.49,0.48,2026-04-09,2004,N21,VIIRS,n,2.0NRT,289.47,3.03,N
23.12081,77.95496,304.15,0.45,0.47,2026-04-09,2004,N21,VIIRS,n,2.0NRT,289.37,0.89,N
23.13216,77.91946,304.38,0.45,0.47,2026-04-09,2004,N21,VIIRS,n,2.0NRT,289.81,0.76,N
23.13409,75.75832,304.95,0.62,0.54,2026-04-09,2004,N21,VIIRS,n,2.0NRT,288.85,1.84,N
23.13559,75.54929,305.35,0.32,0.55,2026-04-09,2004,N21,VIIRS,n,2.0NRT,287.9,0.66,N
23.1356,75.75952,305.05,0.62,0.54,2026-04-09,2004,N21,VIIRS,n,2.0NRT,288.96,1.67,N
23.13967,75.75284,300.81,0.62,0.54,2026-04-09,2004,N21,VIIRS,n,2.0NRT,289.23,1.15,N
23.14113,75.75404,306.53,0.62,0.54,2026-04-09,2004,N21,VIIRS,n,2.0NRT,289.89,1.57,N
23.14371,75.77873,300.18,0.62,0.54,2026-04-09,2004,N21,VIIRS,n,2.0NRT,289.78,0.7,N
23.15783,76.69404,303.99,0.54,0.51,2026-04-09,2004,N21,VIIRS,n,2.0NRT,288.33,1.66,N
23.15881,76.69653,298.6,0.54,0.51,2026-04-09,2004,N21,VIIRS,n,2.0NRT,288.18,0.99,N
23.15939,76.69128,301.22,0.54,0.51,2026-04-09,2004,N21,VIIRS,n,2.0NRT,288.51,0.99,N
23.15999,75.5584,298.42,0.32,0.55,2026-04-09,2004,N21,VIIRS,n,2.0NRT,287.37,0.33,N
23.16216,82.33575,309.17,0.41,0.37,2026-04-09,2004,N21,VIIRS,n,2.0NRT,293.58,1.11,N
23.16279,76.64644,303.05,0.54,0.51,2026-04-09,2004,N21,VIIRS,n,2.0NRT,288.15,1.29,N
23.16304,76.68932,299.48,0.54,0.51,2026-04-09,2004,N21,VIIRS,n,2.0NRT,287.99,1.29,N
23.16411,76.64902,302.91,0.54,0.51,2026-04-09,2004,N21,VIIRS,n,2.0NRT,287.85,0.76,N
23.16442,82.34429,302.07,0.41,0.37,2026-04-09,2004,N21,VIIRS,n,2.0NRT,291.86,2.52,N
23.16478,76.55741,313.88,0.55,0.51,2026-04-09,2004,N21,VIIRS,n,2.0NRT,287.94,2.82,N
23.16499,82.34031,334.62,0.41,0.37,2026-04-09,2004,N21,VIIRS,n,2.0NRT,296.56,2.52,N
23.16537,76.55207,314.51,0.55,0.51,2026-04-09,2004,N21,VIIRS,n,2.0NRT,289.49,2.82,N
23.16557,82.33633,311.31,0.41,0.37,2026-04-09,2004,N21,VIIRS,n,2.0NRT,293.59,1.11,N
23.16717,75.68243,301.21,0.63,0.54,2026-04-09,2004,N21,VIIRS,n,2.0NRT,288.57,1.2,N
23.1675,76.55516,332.87,0.55,0.51,2026-04-09,2004,N21,VIIRS,n,2.0NRT,289.37,6.71,N
23.16782,82.34489,313.11,0.41,0.37,2026-04-09,2004,N21,VIIRS,n,2.0NRT,292.9,1.55,N
23.16812,75.68356,306.24,0.63,0.54,2026-04-09,2004,N21,VIIRS,n,2.0NRT,288.74,2.29,N
23.16947,76.55799,310.1,0.55,0.51,2026-04-09,2004,N21,VIIRS,n,2.0NRT,287.79,2.82,N
23.1737,75.67796,303.88,0.63,0.54,2026-04-09,2004,N21,VIIRS,n,2.0NRT,287.76,1.27,N
23.19422,76.15268,298.89,0.59,0.53,2026-04-09,2004,N21,VIIRS,n,2.0NRT,288.34,0.94,N
23.1951,76.56406,301.02,0.55,0.51,2026-04-09,2004,N21,VIIRS,n,2.0NRT,288.09,1.79,N
23.19836,76.15573,302.43,0.59,0.53,2026-04-09,2004,N21,VIIRS,n,2.0NRT,288.52,1.56,N
23.19904,76.15326,300.27,0.59,0.53,2026-04-09,2004,N21,VIIRS,n,2.0NRT,288.53,1.39,N
23.20496,77.21609,304.53,0.5,0.49,2026-04-09,2004,N21,VIIRS,n,2.0NRT,289.02,1.25,N
23.20696,77.21893,304.16,0.5,0.49,2026-04-09,2004,N21,VIIRS,n,2.0NRT,288.13,0.85,N
23.20862,76.57108,312.49,0.55,0.51,2026-04-09,2004,N21,VIIRS,n,2.0NRT,287.64,2.38,N
23.20916,78.55284,338.36,0.42,0.45,2026-04-09,2004,N21,VIIRS,n,2.0NRT,291.78,7.71,N
23.20918,76.5657,303.47,0.55,0.51,2026-04-09,2004,N21,VIIRS,n,2.0NRT,287.46,2.38,N
23.21074,76.50587,306.41,0.56,0.51,2026-04-09,2004,N21,VIIRS,n,2.0NRT,287.79,1.57,N
23.21184,78.56553,323.06,0.41,0.45,2026-04-09,2004,N21,VIIRS,n,2.0NRT,290.09,2.02,N
23.22325,77.98779,303.95,0.45,0.47,2026-04-09,2004,N21,VIIRS,n,2.0NRT,290.94,0.97,N
23.22374,77.98341,302.54,0.45,0.47,2026-04-09,2004,N21,VIIRS,n,2.0NRT,290.63,0.97,N
23.22465,77.98539,310.14,0.45,0.47,2026-04-09,2004,N21,VIIRS,n,2.0NRT,291.14,1.54,N
23.23018,76.5026,302.21,0.56,0.51,2026-04-09,2004,N21,VIIRS,n,2.0NRT,288.27,1.14,N
23.26477,77.12881,322.18,0.51,0.49,2026-04-09,2004,N21,VIIRS,n,2.0NRT,288.11,4.65,N
23.27149,77.10945,302.79,0.51,0.49,2026-04-09,2004,N21,VIIRS,n,2.0NRT,287.49,0.9,N
23.27367,76.62769,309.08,0.55,0.51,2026-04-09,2004,N21,VIIRS,n,2.0NRT,288.26,2.89,N
23.27612,76.62993,305.14,0.55,0.51,2026-04-09,2004,N21,VIIRS,n,2.0NRT,287.97,1.84,N
23.2808,76.63053,302.66,0.55,0.51,2026-04-09,2004,N21,VIIRS,n,2.0NRT,287.78,1.84,N
23.28882,78.05906,316.96,0.45,0.47,2026-04-09,2004,N21,VIIRS,n,2.0NRT,289.37,1.61,N
23.28997,76.02628,306.78,0.6,0.53,2026-04-09,2004,N21,VIIRS,n,2.0NRT,287.32,1.87,N
23.30665,77.12389,318.27,0.51,0.49,2026-04-09,2004,N21,VIIRS,n,2.0NRT,288.49,3.19,N
23.32957,79.97736,298.49,0.52,0.41,2026-04-09,2004,N21,VIIRS,n,2.0NRT,288.03,0.74,N
23.33878,77.34803,298.22,0.49,0.49,2026-04-09,2004,N21,VIIRS,n,2.0NRT,288.1,0.8,N
23.33931,77.34323,300.79,0.49,0.49,2026-04-09,2004,N21,VIIRS,n,2.0NRT,288.96,0.9,N
23.34241,77.01151,300.84,0.52,0.5,2026-04-09,2004,N21,VIIRS,n,2.0NRT,287.94,1.04,N
23.34296,77.01345,298.43,0.52,0.5,2026-04-09,2004,N21,VIIRS,n,2.0NRT,287.85,1.34,N
23.34378,77.34381,298.3,0.49,0.49,2026-04-09,2004,N21,VIIRS,n,2.0NRT,287.49,1.2,N
23.3459,77.32464,298.58,0.5,0.49,2026-04-09,2004,N21,VIIRS,n,2.0NRT,287.91,0.8,N
23.34751,80.31332,299.13,0.5,0.41,2026-04-09,2004,N21,VIIRS,n,2.0NRT,287.65,0.52,N
23.34753,77.01404,304.3,0.52,0.5,2026-04-09,2004,N21,VIIRS,n,2.0NRT,288.03,1.34,N
23.34763,80.28356,316.45,0.5,0.41,2026-04-09,2004,N21,VIIRS,n,2.0NRT,288.15,1.58,N
23.3491,77.29572,304.52,0.5,0.49,2026-04-09,2004,N21,VIIRS,n,2.0NRT,288.59,4.16,N
23.34963,77.29089,341.74,0.5,0.49,2026-04-09,2004,N21,VIIRS,n,2.0NRT,291.71,4.16,N
23.35017,77.28602,338.65,0.5,0.49,2026-04-09,2004,N21,VIIRS,n,2.0NRT,292.33,6.67,N
23.35037,77.3252,305.98,0.5,0.49,2026-04-09,2004,N21,VIIRS,n,2.0NRT,288.35,0.8,N
23.35218,77.34975,303.39,0.49,0.49,2026-04-09,2004,N21,VIIRS,n,2.0NRT,288.98,1.15,N
23.35257,75.85445,314.92,0.62,0.54,2026-04-09,2004,N21,VIIRS,n,2.0NRT,289.41,3.79,N
23.35272,77.34494,300.52,0.49,0.49,2026-04-09,2004,N21,VIIRS,n,2.0NRT,289.71,1.3,N
23.35319,78.73159,307.12,0.41,0.45,2026-04-09,2004,N21,VIIRS,n,2.0NRT,292.36,1.15,N
23.35321,75.84843,316.63,0.62,0.54,2026-04-09,2004,N21,VIIRS,n,2.0NRT,290.25,3.79,N
23.35343,78.73266,304.17,0.41,0.45,2026-04-09,2004,N21,VIIRS,n,2.0NRT,292.4,1.18,N
23.35357,77.29632,300.03,0.5,0.49,2026-04-09,2004,N21,VIIRS,n,2.0NRT,288.99,4.16,N
23.35411,77.29148,325.8,0.5,0.49,2026-04-09,2004,N21,VIIRS,n,2.0NRT,290.3,4.16,N
23.35465,77.28662,303.98,0.5,0.49,2026-04-09,2004,N21,VIIRS,n,2.0NRT,289.8,6.67,N
23.35505,75.84988,336.5,0.62,0.54,2026-04-09,2004,N21,VIIRS,n,2.0NRT,290.98,5.97,N
23.3586,77.29203,301.25,0.5,0.49,2026-04-09,2004,N21,VIIRS,n,2.0NRT,288.94,1.14,N
23.35999,76.28519,310.41,0.58,0.52,2026-04-09,2004,N21,VIIRS,n,2.0NRT,288.72,3.94,N
23.36245,79.99252,307.72,0.52,0.41,2026-04-09,2004,N21,VIIRS,n,2.0NRT,288.27,1.24,N
23.36803,77.41,300.05,0.49,0.49,2026-04-09,2004,N21,VIIRS,n,2.0NRT,287.28,0.45,N
23.37522,75.23603,297.28,0.34,0.56,2026-04-09,2004,N21,VIIRS,n,2.0NRT,286.21,0.28,N
23.37562,76.50007,298.56,0.56,0.51,2026-04-09,2004,N21,VIIRS,n,2.0NRT,288.56,0.69,N
23.37672,80.06133,301.97,0.51,0.41,2026-04-09,2004,N21,VIIRS,n,2.0NRT,288.98,0.98,N
23.39141,75.17744,297.66,0.34,0.56,2026-04-09,2004,N21,VIIRS,n,2.0NRT,286.44,0.26,N
23.39217,76.90089,298.91,0.53,0.5,2026-04-09,2004,N21,VIIRS,n,2.0NRT,287.97,0.95,N
23.3927,76.62944,301.59,0.55,0.51,2026-04-09,2004,N21,VIIRS,n,2.0NRT,287.51,1.01,N
23.3931,76.48696,301.58,0.56,0.52,2026-04-09,2004,N21,VIIRS,n,2.0NRT,288.69,0.89,N
23.39569,74.8082,305.31,0.36,0.57,2026-04-09,2004,N21,VIIRS,n,2.0NRT,291.96,0.75,N
23.39677,76.90148,302.44,0.53,0.5,2026-04-09,2004,N21,VIIRS,n,2.0NRT,287.73,0.95,N
23.39874,79.95146,309.43,0.52,0.42,2026-04-09,2004,N21,VIIRS,n,2.0NRT,288.44,1.6,N
23.40255,79.95202,322.02,0.52,0.42,2026-04-09,2004,N21,VIIRS,n,2.0NRT,289.25,9.21,N
23.40635,79.95258,332,0.52,0.42,2026-04-09,2004,N21,VIIRS,n,2.0NRT,292.44,9.21,N
23.4069,80.12883,311.41,0.51,0.41,2026-04-09,2004,N21,VIIRS,n,2.0NRT,289.07,1.7,N
23.40754,80.12385,304.49,0.51,0.41,2026-04-09,2004,N21,VIIRS,n,2.0NRT,289.17,1.31,N
23.40848,78.0657,308.85,0.45,0.47,2026-04-09,2004,N21,VIIRS,n,2.0NRT,289.29,1.19,N
23.40989,75.89857,299.1,0.61,0.54,2026-04-09,2004,N21,VIIRS,n,2.0NRT,287.98,1.3,N
23.41305,80.26062,304.9,0.5,0.41,2026-04-09,2004,N21,VIIRS,n,2.0NRT,288.35,1.04,N
23.41329,76.38335,299.57,0.57,0.52,2026-04-09,2004,N21,VIIRS,n,2.0NRT,287.61,1.08,N
23.41484,76.99154,309.54,0.52,0.5,2026-04-09,2004,N21,VIIRS,n,2.0NRT,288.62,1.33,N
23.41724,75.52499,298.33,0.32,0.55,2026-04-09,2004,N21,VIIRS,n,2.0NRT,286.73,0.39,N
23.42152,80.3712,317.48,0.5,0.41,2026-04-09,2004,N21,VIIRS,n,2.0NRT,289.21,1.54,N
23.4226,78.31422,301.36,0.43,0.46,2026-04-09,2004,N21,VIIRS,n,2.0NRT,288.06,0.58,N
23.43069,78.84596,303.7,0.4,0.44,2026-04-09,2004,N21,VIIRS,n,2.0NRT,287.57,0.75,N
23.43342,75.66769,314.4,0.63,0.54,2026-04-09,2004,N21,VIIRS,n,2.0NRT,288.5,2.6,N
23.44647,78.85209,305.78,0.4,0.44,2026-04-09,2004,N21,VIIRS,n,2.0NRT,288.59,1.04,N
23.44666,80.05831,318.8,0.52,0.41,2026-04-09,2004,N21,VIIRS,n,2.0NRT,288.66,1.76,N
23.44674,78.85149,304.2,0.4,0.44,2026-04-09,2004,N21,VIIRS,n,2.0NRT,288.54,1.12,N
23.44871,79.98148,298.33,0.52,0.42,2026-04-09,2004,N21,VIIRS,n,2.0NRT,287.77,0.37,N
23.45295,80.06948,332.65,0.52,0.41,2026-04-09,2004,N21,VIIRS,n,2.0NRT,289.94,7.58,N
23.45761,76.55557,310.4,0.56,0.51,2026-04-09,2004,N21,VIIRS,n,2.0NRT,289.81,3.44,N
23.45764,80.18193,307.29,0.51,0.41,2026-04-09,2004,N21,VIIRS,n,2.0NRT,288.23,1.06,N
23.46533,76.78872,298.45,0.54,0.51,2026-04-09,2004,N21,VIIRS,n,2.0NRT,288.39,1.22,N
23.47612,75.07906,299.26,0.35,0.56,2026-04-09,2004,N21,VIIRS,n,2.0NRT,286.65,0.52,N
23.47857,79.96008,303.33,0.52,0.42,2026-04-09,2004,N21,VIIRS,n,2.0NRT,289.07,1.3,N
23.48173,79.96571,308.4,0.52,0.42,2026-04-09,2004,N21,VIIRS,n,2.0NRT,288.05,1.43,N
23.48238,79.96065,308.24,0.52,0.42,2026-04-09,2004,N21,VIIRS,n,2.0NRT,288.19,1.3,N
23.4855,76.62769,324.98,0.55,0.51,2026-04-09,2004,N21,VIIRS,n,2.0NRT,288.9,4.97,N
23.48554,79.96628,327.12,0.52,0.42,2026-04-09,2004,N21,VIIRS,n,2.0NRT,289.38,5.38,N
23.48619,79.96121,308.3,0.52,0.42,2026-04-09,2004,N21,VIIRS,n,2.0NRT,288.71,4.54,N
23.48674,87.36823,305.44,0.44,0.38,2026-04-09,2004,N21,VIIRS,n,2.0NRT,291.57,1.88,N
23.4876,76.63014,302.48,0.55,0.51,2026-04-09,2004,N21,VIIRS,n,2.0NRT,287.29,2.27,N
23.48819,76.62479,313.03,0.55,0.51,2026-04-09,2004,N21,VIIRS,n,2.0NRT,288.2,2.27,N
23.49092,80.04442,303.85,0.52,0.41,2026-04-09,2004,N21,VIIRS,n,2.0NRT,288.18,1.09,N
23.49486,76.34241,310.74,0.57,0.52,2026-04-09,2004,N21,VIIRS,n,2.0NRT,291.39,2.25,N
23.52035,75.96015,301.26,0.61,0.53,2026-04-09,2004,N21,VIIRS,n,2.0NRT,287.03,1.3,N
23.52604,75.06734,299.3,0.35,0.57,2026-04-09,2004,N21,VIIRS,n,2.0NRT,288.4,0.84,N
23.52757,77.11831,301.39,0.51,0.5,2026-04-09,2004,N21,VIIRS,n,2.0NRT,287.96,1.01,N
23.53035,74.95433,342.77,0.35,0.57,2026-04-09,2004,N21,VIIRS,n,2.0NRT,289.05,4.58,N
23.53792,76.7152,319.7,0.54,0.51,2026-04-09,2004,N21,VIIRS,n,2.0NRT,288.11,2.51,N
23.54099,80.31298,307.1,0.5,0.41,2026-04-09,2004,N21,VIIRS,n,2.0NRT,289.5,0.93,N
23.54259,76.71576,306.04,0.54,0.51,2026-04-09,2004,N21,VIIRS,n,2.0NRT,287.09,2.51,N
23.54356,79.96222,301.89,0.52,0.42,2026-04-09,2004,N21,VIIRS,n,2.0NRT,288.79,0.5,N
23.54725,76.71633,297.05,0.54,0.51,2026-04-09,2004,N21,VIIRS,n,2.0NRT,287.04,1.03,N
23.55328,75.38207,321.98,0.33,0.55,2026-04-09,2004,N21,VIIRS,n,2.0NRT,286.81,1.67,N
23.55939,87.2429,309.58,0.44,0.38,2026-04-09,2004,N21,VIIRS,n,2.0NRT,282.64,4.43,N
23.56013,87.23869,328.05,0.44,0.38,2026-04-09,2004,N21,VIIRS,n,2.0NRT,288.85,4.43,N
23.56034,82.8603,304.03,0.4,0.37,2026-04-09,2004,N21,VIIRS,n,2.0NRT,291.62,0.81,N
23.56224,87.08322,313.85,0.43,0.38,2026-04-09,2004,N21,VIIRS,n,2.0NRT,291.25,2.94,N
23.56277,76.52727,301.32,0.56,0.52,2026-04-09,2004,N21,VIIRS,n,2.0NRT,289.26,0.83,N
23.56549,74.47793,313.58,0.38,0.59,2026-04-09,2004,N21,VIIRS,n,2.0NRT,292.88,1.89,N
23.57384,78.26881,303.29,0.44,0.46,2026-04-09,2004,N21,VIIRS,n,2.0NRT,289.15,1.17,N
23.57845,75.54045,300.28,0.32,0.55,2026-04-09,2004,N21,VIIRS,n,2.0NRT,288.37,0.8,N
23.57975,77.10463,302.4,0.52,0.5,2026-04-09,2004,N21,VIIRS,n,2.0NRT,288.53,1.1,N
23.58025,79.56543,300.95,0.55,0.43,2026-04-09,2004,N21,VIIRS,n,2.0NRT,288.87,0.41,N
23.58055,79.56818,298.63,0.55,0.43,2026-04-09,2004,N21,VIIRS,n,2.0NRT,288.61,0.75,N
23.58432,82.46975,307.79,0.41,0.37,2026-04-09,2004,N21,VIIRS,n,2.0NRT,288.9,1.18,N
23.58865,77.9519,301.14,0.46,0.47,2026-04-09,2004,N21,VIIRS,n,2.0NRT,288.59,0.49,N
23.58891,75.58546,299.97,0.32,0.55,2026-04-09,2004,N21,VIIRS,n,2.0NRT,287.17,0.93,N
23.58905,75.5861,303.37,0.32,0.55,2026-04-09,2004,N21,VIIRS,n,2.0NRT,287.32,0.58,N
23.59289,76.76126,318.93,0.54,0.51,2026-04-09,2004,N21,VIIRS,n,2.0NRT,288.23,3.32,N
23.5947,75.47098,301.72,0.33,0.55,2026-04-09,2004,N21,VIIRS,n,2.0NRT,288.62,0.76,N
23.595,75.46777,300.09,0.33,0.55,2026-04-09,2004,N21,VIIRS,n,2.0NRT,288.75,1.34,N
23.59597,75.46867,309.74,0.33,0.55,2026-04-09,2004,N21,VIIRS,n,2.0NRT,289.16,1.57,N
23.59608,75.66889,309.13,0.32,0.54,2026-04-09,2004,N21,VIIRS,n,2.0NRT,287.45,1.17,N
23.59638,75.66576,298.5,0.32,0.54,2026-04-09,2004,N21,VIIRS,n,2.0NRT,286.35,0.84,N
23.59977,75.47151,303.88,0.33,0.55,2026-04-09,2004,N21,VIIRS,n,2.0NRT,288.47,0.76,N
23.60076,76.95271,332.52,0.53,0.5,2026-04-09,2004,N21,VIIRS,n,2.0NRT,289.32,5.56,N
23.60126,76.58858,316.51,0.56,0.51,2026-04-09,2004,N21,VIIRS,n,2.0NRT,290.08,3.28,N
23.60405,76.58749,308.45,0.56,0.51,2026-04-09,2004,N21,VIIRS,n,2.0NRT,289.57,1.83,N
23.60555,80.02328,299.88,0.52,0.42,2026-04-09,2004,N21,VIIRS,n,2.0NRT,287.92,0.9,N
23.60621,80.0182,303.25,0.52,0.42,2026-04-09,2004,N21,VIIRS,n,2.0NRT,288.12,0.66,N
23.60631,76.76831,311.93,0.54,0.51,2026-04-09,2004,N21,VIIRS,n,2.0NRT,288.7,1.91,N
23.609,76.60609,308,0.55,0.51,2026-04-09,2004,N21,VIIRS,n,2.0NRT,288.74,2.87,N
23.61,74.90344,302.75,0.36,0.57,2026-04-09,2004,N21,VIIRS,n,2.0NRT,286.44,0.9,N
23.61158,79.27818,310.74,0.57,0.43,2026-04-09,2004,N21,VIIRS,n,2.0NRT,291.91,1.78,N
23.61295,86.79169,306.8,0.42,0.38,2026-04-09,2004,N21,VIIRS,n,2.0NRT,289.15,1.04,N
23.61315,79.27592,304.59,0.57,0.43,2026-04-09,2004,N21,VIIRS,n,2.0NRT,291.58,1.38,N
23.61447,80.01425,327.21,0.52,0.42,2026-04-09,2004,N21,VIIRS,n,2.0NRT,288.73,3.07,N
23.61514,80.00917,306.51,0.52,0.42,2026-04-09,2004,N21,VIIRS,n,2.0NRT,288.29,1.97,N
23.61674,85.42864,301.16,0.39,0.36,2026-04-09,2004,N21,VIIRS,n,2.0NRT,290.91,0.34,N
23.61707,85.65571,301.54,0.39,0.36,2026-04-09,2004,N21,VIIRS,n,2.0NRT,290.23,0.69,N
23.61877,75.592,299.76,0.32,0.55,2026-04-09,2004,N21,VIIRS,n,2.0NRT,286.22,0.58,N
23.62295,76.87681,298.25,0.53,0.5,2026-04-09,2004,N21,VIIRS,n,2.0NRT,287.35,0.56,N
23.62588,80.04379,300.3,0.52,0.41,2026-04-09,2004,N21,VIIRS,n,2.0NRT,287.92,0.36,N
23.62636,80.04185,298.58,0.52,0.41,2026-04-09,2004,N21,VIIRS,n,2.0NRT,287.96,0.76,N
23.6272,85.67734,306.03,0.39,0.36,2026-04-09,2004,N21,VIIRS,n,2.0NRT,292.38,0.46,N
23.62807,86.28827,330.19,0.41,0.37,2026-04-09,2004,N21,VIIRS,n,2.0NRT,292.79,3.92,N
23.62935,76.5478,302.33,0.56,0.51,2026-04-09,2004,N21,VIIRS,n,2.0NRT,289.57,1.1,N
23.63408,76.54838,321.37,0.56,0.51,2026-04-09,2004,N21,VIIRS,n,2.0NRT,289.67,3.82,N
23.63452,75.63831,297.61,0.32,0.55,2026-04-09,2004,N21,VIIRS,n,2.0NRT,286.76,0.37,N
23.63465,76.54289,301.85,0.56,0.52,2026-04-09,2004,N21,VIIRS,n,2.0NRT,288.44,2.06,N
23.63765,75.65776,317.79,0.32,0.55,2026-04-09,2004,N21,VIIRS,n,2.0NRT,288.39,1.77,N
23.63997,78.4048,321.19,0.43,0.46,2026-04-09,2004,N21,VIIRS,n,2.0NRT,289.28,2.19,N
23.64046,78.40059,309.58,0.43,0.46,2026-04-09,2004,N21,VIIRS,n,2.0NRT,288.29,2.19,N
23.64215,77.39011,309.95,0.5,0.49,2026-04-09,2004,N21,VIIRS,n,2.0NRT,290.22,2.24,N
23.64268,77.38531,302.71,0.5,0.49,2026-04-09,2004,N21,VIIRS,n,2.0NRT,290.27,1.67,N
23.64586,85.43816,327.37,0.39,0.36,2026-04-09,2004,N21,VIIRS,n,2.0NRT,294.27,1.61,N
23.64916,85.4388,314.76,0.39,0.36,2026-04-09,2004,N21,VIIRS,n,2.0NRT,292.15,1.61,N
23.64978,85.43501,308.12,0.39,0.36,2026-04-09,2004,N21,VIIRS,n,2.0NRT,292.69,1.61,N
23.65173,75.66879,302.77,0.32,0.54,2026-04-09,2004,N21,VIIRS,n,2.0NRT,286.49,0.69,N
23.6552,85.5063,307.27,0.39,0.36,2026-04-09,2004,N21,VIIRS,n,2.0NRT,291.94,1,N
23.65846,79.15798,310.98,0.39,0.44,2026-04-09,2004,N21,VIIRS,n,2.0NRT,290.15,1.11,N
23.66238,84.99645,300.01,0.39,0.36,2026-04-09,2004,N21,VIIRS,n,2.0NRT,289.26,1.01,N
23.6631,86.91172,307.76,0.42,0.38,2026-04-09,2004,N21,VIIRS,n,2.0NRT,292.24,1.33,N
23.66313,79.21987,300.58,0.38,0.44,2026-04-09,2004,N21,VIIRS,n,2.0NRT,288.68,0.32,N
23.66508,85.00082,307.91,0.39,0.36,2026-04-09,2004,N21,VIIRS,n,2.0NRT,290.94,1.01,N
23.66691,79.15534,310.37,0.39,0.44,2026-04-09,2004,N21,VIIRS,n,2.0NRT,290.15,1.11,N
23.66752,86.09416,306,0.4,0.37,2026-04-09,2004,N21,VIIRS,n,2.0NRT,292.23,1.01,N
23.66966,84.99721,302.99,0.39,0.36,2026-04-09,2004,N21,VIIRS,n,2.0NRT,291.52,0.72,N
23.67152,78.42609,317.32,0.43,0.46,2026-04-09,2004,N21,VIIRS,n,2.0NRT,288.82,1.17,N
23.67347,86.39814,305.04,0.41,0.37,2026-04-09,2004,N21,VIIRS,n,2.0NRT,293.91,2.34,N
23.6755,86.08772,313.61,0.4,0.37,2026-04-09,2004,N21,VIIRS,n,2.0NRT,293.82,2.41,N
23.67615,86.08384,307.13,0.4,0.37,2026-04-09,2004,N21,VIIRS,n,2.0NRT,293.82,1.03,N
23.67626,86.10393,311.08,0.4,0.37,2026-04-09,2004,N21,VIIRS,n,2.0NRT,293.85,1.55,N
23.67684,86.3988,318.51,0.41,0.37,2026-04-09,2004,N21,VIIRS,n,2.0NRT,297.79,1.59,N
23.67752,86.39484,305.26,0.41,0.37,2026-04-09,2004,N21,VIIRS,n,2.0NRT,292.88,1.59,N
23.67809,86.07219,306.53,0.4,0.37,2026-04-09,2004,N21,VIIRS,n,2.0NRT,292.59,0.85,N
23.67818,86.39091,308.21,0.41,0.37,2026-04-09,2004,N21,VIIRS,n,2.0NRT,286.42,1.31,N
23.67949,86.08451,305.39,0.4,0.37,2026-04-09,2004,N21,VIIRS,n,2.0NRT,293.28,1.03,N
23.67991,85.31239,302.26,0.39,0.36,2026-04-09,2004,N21,VIIRS,n,2.0NRT,290.37,0.36,N
23.68025,86.10071,309.85,0.4,0.37,2026-04-09,2004,N21,VIIRS,n,2.0NRT,294.18,2.09,N
23.68089,86.09682,323.44,0.4,0.37,2026-04-09,2004,N21,VIIRS,n,2.0NRT,292.82,2.09,N
23.68089,86.39551,308.83,0.41,0.37,2026-04-09,2004,N21,VIIRS,n,2.0NRT,292.47,1.59,N
23.68154,86.09293,328.87,0.4,0.37,2026-04-09,2004,N21,VIIRS,n,2.0NRT,294.62,3.18,N
23.68187,85.36329,306.86,0.39,0.36,2026-04-09,2004,N21,VIIRS,n,2.0NRT,291.14,0.76,N
23.68243,77.39511,337.12,0.5,0.49,2026-04-09,2004,N21,VIIRS,n,2.0NRT,291.51,7.08,N
23.68262,80.11399,315.4,0.52,0.41,2026-04-09,2004,N21,VIIRS,n,2.0NRT,288.44,1.45,N
23.68283,86.08517,328.28,0.4,0.37,2026-04-09,2004,N21,VIIRS,n,2.0NRT,293.19,4.71,N
23.68426,86.39618,307.75,0.41,0.37,2026-04-09,2004,N21,VIIRS,n,2.0NRT,291.35,1.02,N
23.68493,86.39224,306.2,0.41,0.37,2026-04-09,2004,N21,VIIRS,n,2.0NRT,290.53,1.55,N
23.6864,80.11456,315.28,0.52,0.41,2026-04-09,2004,N21,VIIRS,n,2.0NRT,288.54,1.45,N
23.68678,87.12004,314.86,0.43,0.38,2026-04-09,2004,N21,VIIRS,n,2.0NRT,293.48,2.63,N
23.68897,86.38898,309.99,0.41,0.37,2026-04-09,2004,N21,VIIRS,n,2.0NRT,296.53,1.55,N
23.69023,87.12074,307.72,0.43,0.38,2026-04-09,2004,N21,VIIRS,n,2.0NRT,292.8,1.5,N
23.6904,87.09923,310.51,0.43,0.38,2026-04-09,2004,N21,VIIRS,n,2.0NRT,293.72,2.66,N
23.69368,87.12144,306.18,0.43,0.38,2026-04-09,2004,N21,VIIRS,n,2.0NRT,291.36,1.5,N
23.69446,85.36958,314.69,0.39,0.36,2026-04-09,2004,N21,VIIRS,n,2.0NRT,293.41,1.69,N
23.69457,87.09578,310.18,0.43,0.38,2026-04-09,2004,N21,VIIRS,n,2.0NRT,293.06,1.69,N
23.69776,85.37022,306.9,0.39,0.36,2026-04-09,2004,N21,VIIRS,n,2.0NRT,290.88,0.58,N
23.69837,85.36644,301.7,0.39,0.36,2026-04-09,2004,N21,VIIRS,n,2.0NRT,290.68,0.58,N
23.70385,76.38827,308.07,0.57,0.52,2026-04-09,2004,N21,VIIRS,n,2.0NRT,286.97,1.03,N
23.70804,76.39441,311.07,0.57,0.52,2026-04-09,2004,N21,VIIRS,n,2.0NRT,287.72,3.52,N
23.70887,76.39042,310.8,0.57,0.52,2026-04-09,2004,N21,VIIRS,n,2.0NRT,288.22,1.21,N
23.70929,85.42673,304.04,0.39,0.36,2026-04-09,2004,N21,VIIRS,n,2.0NRT,290.78,0.68,N
23.70938,85.40358,303.31,0.39,0.36,2026-04-09,2004,N21,VIIRS,n,2.0NRT,289.94,0.65,N
23.70994,86.45037,320.4,0.41,0.37,2026-04-09,2004,N21,VIIRS,n,2.0NRT,295.39,3.33,N
23.71061,76.9263,299.74,0.53,0.5,2026-04-09,2004,N21,VIIRS,n,2.0NRT,287.63,1.08,N
23.71061,86.44641,327.49,0.41,0.37,2026-04-09,2004,N21,VIIRS,n,2.0NRT,296.8,3.92,N
23.71117,85.28729,304.19,0.39,0.36,2026-04-09,2004,N21,VIIRS,n,2.0NRT,290.84,0.98,N
23.71332,86.45104,333.76,0.41,0.37,2026-04-09,2004,N21,VIIRS,n,2.0NRT,296.28,3.33,N
23.71365,76.39098,298.77,0.57,0.52,2026-04-09,2004,N21,VIIRS,n,2.0NRT,287.02,1.21,N
23.71371,80.20023,310.67,0.51,0.41,2026-04-09,2004,N21,VIIRS,n,2.0NRT,288.14,1.54,N
23.71389,80.20245,310.07,0.51,0.41,2026-04-09,2004,N21,VIIRS,n,2.0NRT,288.17,1.81,N
23.71396,86.42664,309.57,0.41,0.37,2026-04-09,2004,N21,VIIRS,n,2.0NRT,295.3,2.13,N
23.71463,86.42266,305.46,0.41,0.37,2026-04-09,2004,N21,VIIRS,n,2.0NRT,294.76,1.69,N
23.71839,85.01025,309.59,0.39,0.36,2026-04-09,2004,N21,VIIRS,n,2.0NRT,290.33,1.31,N
23.7187,86.43984,305.43,0.41,0.37,2026-04-09,2004,N21,VIIRS,n,2.0NRT,294.36,1.09,N
23.72274,86.43655,305.01,0.41,0.37,2026-04-09,2004,N21,VIIRS,n,2.0NRT,293.72,1.09,N
23.72475,77.53368,306.18,0.49,0.48,2026-04-09,2004,N21,VIIRS,n,2.0NRT,287.29,1.14,N
23.72545,86.44118,307.3,0.41,0.37,2026-04-09,2004,N21,VIIRS,n,2.0NRT,295.15,1.58,N
23.73353,86.43462,305.31,0.41,0.37,2026-04-09,2004,N21,VIIRS,n,2.0NRT,294.56,2.94,N
23.73649,75.8861,306.05,0.62,0.54,2026-04-09,2004,N21,VIIRS,n,2.0NRT,288.93,1.36,N
23.73691,86.4353,335.2,0.41,0.37,2026-04-09,2004,N21,VIIRS,n,2.0NRT,299.31,2.94,N
23.73757,86.43133,322.78,0.41,0.37,2026-04-09,2004,N21,VIIRS,n,2.0NRT,295.92,2.94,N
23.73837,75.81821,307.31,0.63,0.54,2026-04-09,2004,N21,VIIRS,n,2.0NRT,288.75,1.49,N
23.73956,79.21106,301.06,0.39,0.44,2026-04-09,2004,N21,VIIRS,n,2.0NRT,290.03,0.49,N
23.74319,80.33286,307.55,0.5,0.41,2026-04-09,2004,N21,VIIRS,n,2.0NRT,288.51,1.2,N
23.7438,85.50751,304.94,0.39,0.36,2026-04-09,2004,N21,VIIRS,n,2.0NRT,292.04,0.9,N
23.74567,79.26147,303.65,0.38,0.43,2026-04-09,2004,N21,VIIRS,n,2.0NRT,288.97,0.62,N
23.74622,80.70866,300.5,0.48,0.4,2026-04-09,2004,N21,VIIRS,n,2.0NRT,287.71,1.03,N
23.74693,80.70564,303.93,0.48,0.4,2026-04-09,2004,N21,VIIRS,n,2.0NRT,287.97,1.05,N
23.74838,79.23903,302.82,0.38,0.44,2026-04-09,2004,N21,VIIRS,n,2.0NRT,289.78,0.68,N
23.74908,78.31602,312.99,0.44,0.46,2026-04-09,2004,N21,VIIRS,n,2.0NRT,289.25,1.63,N
23.75035,86.4175,315.54,0.41,0.37,2026-04-09,2004,N21,VIIRS,n,2.0NRT,295.24,2.57,N
23.75141,77.3716,306.99,0.5,0.49,2026-04-09,2004,N21,VIIRS,n,2.0NRT,288.32,0.97,N
23.7533,78.50047,309.6,0.42,0.46,2026-04-09,2004,N21,VIIRS,n,2.0NRT,289.05,1.23,N
23.75367,86.39777,307.26,0.41,0.37,2026-04-09,2004,N21,VIIRS,n,2.0NRT,294.18,1.18,N
23.75433,86.39384,307.22,0.41,0.37,2026-04-09,2004,N21,VIIRS,n,2.0NRT,292.89,1.18,N
23.75519,85.85135,313.7,0.4,0.37,2026-04-09,2004,N21,VIIRS,n,2.0NRT,295.4,1.14,N
23.75572,86.40632,307.72,0.41,0.37,2026-04-09,2004,N21,VIIRS,n,2.0NRT,293.19,1.71,N
23.75638,86.40238,321.65,0.41,0.37,2026-04-09,2004,N21,VIIRS,n,2.0NRT,294.78,1.71,N
23.75788,85.85583,306.97,0.4,0.37,2026-04-09,2004,N21,VIIRS,n,2.0NRT,295.01,2.82,N
23.75852,85.852,302.75,0.4,0.37,2026-04-09,2004,N21,VIIRS,n,2.0NRT,292.33,1.14,N
23.75975,86.40305,328.87,0.41,0.37,2026-04-09,2004,N21,VIIRS,n,2.0NRT,295.94,3.37,N
23.76041,86.39912,308.86,0.41,0.37,2026-04-09,2004,N21,VIIRS,n,2.0NRT,293.88,3.36,N
23.76305,86.38332,307.13,0.41,0.37,2026-04-09,2004,N21,VIIRS,n,2.0NRT,293.75,2.57,N
23.76312,86.40372,333.33,0.41,0.37,2026-04-09,2004,N21,VIIRS,n,2.0NRT,295.8,3.37,N
23.76402,86.40672,309.4,0.41,0.37,2026-04-09,2004,N21,VIIRS,n,2.0NRT,294.55,2.17,N
23.76469,86.40279,324.02,0.41,0.37,2026-04-09,2004,N21,VIIRS,n,2.0NRT,294.74,2.17,N
23.7651,86.39188,311.53,0.41,0.37,2026-04-09,2004,N21,VIIRS,n,2.0NRT,297.05,2.03,N
23.76806,86.40347,322.09,0.41,0.37,2026-04-09,2004,N21,VIIRS,n,2.0NRT,294.87,2.17,N
23.7731,86.19868,307.08,0.4,0.37,2026-04-09,2004,N21,VIIRS,n,2.0NRT,294.52,1.06,N
23.77375,86.19478,304.01,0.4,0.37,2026-04-09,2004,N21,VIIRS,n,2.0NRT,294,1.06,N
23.7745,86.21107,313.58,0.4,0.37,2026-04-09,2004,N21,VIIRS,n,2.0NRT,294.71,1.5,N
23.77458,77.40894,315.7,0.5,0.49,2026-04-09,2004,N21,VIIRS,n,2.0NRT,290.74,2.73,N
23.77478,86.36404,330.5,0.41,0.37,2026-04-09,2004,N21,VIIRS,n,2.0NRT,295.83,3.32,N
23.7748,86.3844,307.77,0.41,0.37,2026-04-09,2004,N21,VIIRS,n,2.0NRT,294.03,1.34,N
23.77604,85.9946,302.27,0.4,0.37,2026-04-09,2004,N21,VIIRS,n,2.0NRT,291.75,0.2,N
23.77749,86.38901,326.02,0.41,0.37,2026-04-09,2004,N21,VIIRS,n,2.0NRT,296.39,4.18,N
23.77756,86.1512,304.36,0.4,0.37,2026-04-09,2004,N21,VIIRS,n,2.0NRT,290.57,0.82,N
23.77785,86.21172,321.9,0.4,0.37,2026-04-09,2004,N21,VIIRS,n,2.0NRT,294.04,1.71,N
23.77821,86.14729,308.22,0.4,0.37,2026-04-09,2004,N21,VIIRS,n,2.0NRT,290.73,0.82,N
23.7785,86.20781,331.26,0.4,0.37,2026-04-09,2004,N21,VIIRS,n,2.0NRT,298.93,3.04,N
23.78017,86.37326,313.18,0.41,0.37,2026-04-09,2004,N21,VIIRS,n,2.0NRT,293.19,1.57,N
23.78019,85.5772,306.34,0.39,0.36,2026-04-09,2004,N21,VIIRS,n,2.0NRT,295.1,1.99,N
23.78019,86.39363,309.57,0.41,0.37,2026-04-09,2004,N21,VIIRS,n,2.0NRT,296.79,2.36,N
23.78082,86.34898,306.13,0.41,0.37,2026-04-09,2004,N21,VIIRS,n,2.0NRT,291.72,0.78,N
23.78086,86.38967,329.44,0.41,0.37,2026-04-09,2004,N21,VIIRS,n,2.0NRT,295.9,2.36,N
23.7812,86.21238,305.82,0.4,0.37,2026-04-09,2004,N21,VIIRS,n,2.0NRT,293.16,1.71,N
23.78185,86.20847,319.21,0.4,0.37,2026-04-09,2004,N21,VIIRS,n,2.0NRT,296.35,3.04,N
23.78264,81.50104,304.83,0.45,0.39,2026-04-09,2004,N21,VIIRS,n,2.0NRT,290.1,0.95,N
23.78783,85.55123,313.48,0.39,0.36,2026-04-09,2004,N21,VIIRS,n,2.0NRT,291.92,1.38,N
23.79325,78.00327,311.01,0.46,0.47,2026-04-09,2004,N21,VIIRS,n,2.0NRT,289.08,2.29,N
23.79342,86.23389,313.48,0.4,0.37,2026-04-09,2004,N21,VIIRS,n,2.0NRT,294.28,1.64,N
23.79384,77.88026,305.72,0.46,0.47,2026-04-09,2004,N21,VIIRS,n,2.0NRT,289.39,1.51,N
23.79692,86.31561,309.91,0.41,0.37,2026-04-09,2004,N21,VIIRS,n,2.0NRT,293.04,1.59,N
23.80231,86.32478,306.78,0.41,0.37,2026-04-09,2004,N21,VIIRS,n,2.0NRT,284.07,1.54,N
23.80449,86.64128,302.84,0.41,0.37,2026-04-09,2004,N21,VIIRS,n,2.0NRT,292.07,0.45,N
23.8057,79.13562,310.67,0.39,0.44,2026-04-09,2004,N21,VIIRS,n,2.0NRT,288.87,0.83,N
23.80642,84.84583,301.45,0.38,0.36,2026-04-09,2004,N21,VIIRS,n,2.0NRT,291.44,0.94,N
23.80701,84.84209,301.47,0.38,0.36,2026-04-09,2004,N21,VIIRS,n,2.0NRT,290.47,1.06,N
23.8097,84.84645,304,0.38,0.36,2026-04-09,2004,N21,VIIRS,n,2.0NRT,290.36,1.03,N
23.81072,74.31893,301.15,0.39,0.59,2026-04-09,2004,N21,VIIRS,n,2.0NRT,290.92,0.88,N
23.81654,77.19432,306.58,0.51,0.49,2026-04-09,2004,N21,VIIRS,n,2.0NRT,287.44,1.3,N
23.82098,85.49432,309.06,0.39,0.36,2026-04-09,2004,N21,VIIRS,n,2.0NRT,296.72,1.24,N
23.82263,85.46341,300.44,0.39,0.36,2026-04-09,2004,N21,VIIRS,n,2.0NRT,290.44,0.54,N
23.82367,85.49874,313.86,0.39,0.36,2026-04-09,2004,N21,VIIRS,n,2.0NRT,296.95,2.95,N
23.82429,85.49496,305.48,0.39,0.36,2026-04-09,2004,N21,VIIRS,n,2.0NRT,293.72,1.24,N
23.82495,84.57279,329.85,0.38,0.36,2026-04-09,2004,N21,VIIRS,n,2.0NRT,294.31,2.83,N
23.82697,85.49938,302.62,0.39,0.36,2026-04-09,2004,N21,VIIRS,n,2.0NRT,292.31,1.55,N
23.82824,84.57339,312.72,0.38,0.36,2026-04-09,2004,N21,VIIRS,n,2.0NRT,294.32,2.83,N
23.83066,84.92733,301.67,0.39,0.36,2026-04-09,2004,N21,VIIRS,n,2.0NRT,290.03,1.18,N
23.83152,84.57401,311.77,0.38,0.36,2026-04-09,2004,N21,VIIRS,n,2.0NRT,291.96,1,N
23.83394,84.92796,314.99,0.39,0.36,2026-04-09,2004,N21,VIIRS,n,2.0NRT,290.36,1.18,N
23.84007,78.19543,301.91,0.44,0.46,2026-04-09,2004,N21,VIIRS,n,2.0NRT,288.65,1.08,N
23.8404,78.19723,299.57,0.44,0.46,2026-04-09,2004,N21,VIIRS,n,2.0NRT,288.61,0.91,N
23.84539,77.45104,324.5,0.49,0.49,2026-04-09,2004,N21,VIIRS,n,2.0NRT,291.29,3.7,N
23.87412,75.77916,301.95,0.63,0.54,2026-04-09,2004,N21,VIIRS,n,2.0NRT,288.25,1.3,N
23.87497,75.77987,303.56,0.63,0.54,2026-04-09,2004,N21,VIIRS,n,2.0NRT,288.28,1.43,N
23.88033,77.29672,318.81,0.51,0.49,2026-04-09,2004,N21,VIIRS,n,2.0NRT,288.77,1.29,N
23.92082,80.99418,312.54,0.47,0.4,2026-04-09,2004,N21,VIIRS,n,2.0NRT,288.98,1.11,N
23.92254,85.45827,298.42,0.39,0.36,2026-04-09,2004,N21,VIIRS,n,2.0NRT,285.93,0.66,N
23.92528,79.52486,304.52,0.56,0.43,2026-04-09,2004,N21,VIIRS,n,2.0NRT,289.91,0.58,N
23.92721,85.34316,303.11,0.39,0.36,2026-04-09,2004,N21,VIIRS,n,2.0NRT,289.57,0.6,N
23.94327,79.1586,299.37,0.39,0.44,2026-04-09,2004,N21,VIIRS,n,2.0NRT,288.92,0.41,N
23.94482,79.15914,301.97,0.39,0.44,2026-04-09,2004,N21,VIIRS,n,2.0NRT,288.94,0.42,N
23.9491,75.64084,301.49,0.32,0.55,2026-04-09,2004,N21,VIIRS,n,2.0NRT,287.26,0.61,N
23.95353,80.72365,319.21,0.48,0.4,2026-04-09,2004,N21,VIIRS,n,2.0NRT,288.4,1.47,N
23.97401,82.58797,317.07,0.41,0.37,2026-04-09,2004,N21,VIIRS,n,2.0NRT,291.15,2.01,N
23.99326,76.93633,331.92,0.53,0.5,2026-04-09,2004,N21,VIIRS,n,2.0NRT,290.83,3.68,N
23.99413,76.93471,327.32,0.53,0.5,2026-04-09,2004,N21,VIIRS,n,2.0NRT,290.06,4.85,N
23.99507,78.15675,298.95,0.45,0.47,2026-04-09,2004,N21,VIIRS,n,2.0NRT,288.39,0.35,N
24.00799,80.52957,303.66,0.5,0.41,2026-04-09,2004,N21,VIIRS,n,2.0NRT,293,1.3,N
24.03886,77.88526,310.6,0.47,0.47,2026-04-09,2004,N21,VIIRS,n,2.0NRT,290.05,1.87,N
24.04091,77.867,311.05,0.47,0.48,2026-04-09,2004,N21,VIIRS,n,2.0NRT,288.7,1.76,N
24.04266,75.56351,311.25,0.33,0.55,2026-04-09,2004,N21,VIIRS,n,2.0NRT,287.17,1,N
24.04322,77.88583,325.7,0.47,0.47,2026-04-09,2004,N21,VIIRS,n,2.0NRT,289.81,2,N
24.04373,77.88127,298.99,0.47,0.48,2026-04-09,2004,N21,VIIRS,n,2.0NRT,288.27,2,N
24.05309,77.42855,302,0.5,0.49,2026-04-09,2004,N21,VIIRS,n,2.0NRT,288.32,0.79,N
24.06596,74.20461,315.96,0.4,0.6,2026-04-09,2004,N21,VIIRS,n,2.0NRT,293.52,2.47,N
24.08983,75.00371,304.09,0.36,0.57,2026-04-09,2004,N21,VIIRS,n,2.0NRT,286.56,0.57,N
24.10333,73.34113,301.63,0.46,0.63,2026-04-09,2004,N21,VIIRS,n,2.0NRT,290.55,0.72,N
24.10385,77.78188,303.89,0.47,0.48,2026-04-09,2004,N21,VIIRS,n,2.0NRT,289.49,1.15,N
24.1045,77.78077,304.94,0.47,0.48,2026-04-09,2004,N21,VIIRS,n,2.0NRT,289.46,1.17,N
24.1299,82.62171,311.57,0.41,0.37,2026-04-09,2004,N21,VIIRS,n,2.0NRT,292.13,1.38,N
24.13223,75.41605,306.35,0.34,0.56,2026-04-09,2004,N21,VIIRS,n,2.0NRT,286.85,0.68,N
24.13421,75.41601,304.18,0.34,0.56,2026-04-09,2004,N21,VIIRS,n,2.0NRT,286.36,0.72,N
24.13838,75.516,302.32,0.33,0.55,2026-04-09,2004,N21,VIIRS,n,2.0NRT,286.85,0.39,N
24.14218,74.54274,305.1,0.38,0.59,2026-04-09,2004,N21,VIIRS,n,2.0NRT,291.54,1.45,N
24.14258,82.70951,303.18,0.41,0.37,2026-04-09,2004,N21,VIIRS,n,2.0NRT,291.59,1,N
24.15126,75.3782,301.23,0.34,0.56,2026-04-09,2004,N21,VIIRS,n,2.0NRT,286.68,0.37,N
24.1574,82.60561,306.16,0.41,0.37,2026-04-09,2004,N21,VIIRS,n,2.0NRT,292.34,1.17,N
24.1579,82.67521,306,0.41,0.37,2026-04-09,2004,N21,VIIRS,n,2.0NRT,291.66,1,N
24.15848,82.67119,307.97,0.41,0.37,2026-04-09,2004,N21,VIIRS,n,2.0NRT,291.33,1,N
24.15905,82.66718,321.13,0.41,0.37,2026-04-09,2004,N21,VIIRS,n,2.0NRT,294.57,1.89,N
24.16636,80.69398,301.79,0.49,0.4,2026-04-09,2004,N21,VIIRS,n,2.0NRT,291.52,1.35,N
24.16642,75.04025,295.57,0.36,0.57,2026-04-09,2004,N21,VIIRS,n,2.0NRT,285.44,0.36,N
24.16929,82.61986,308.95,0.41,0.37,2026-04-09,2004,N21,VIIRS,n,2.0NRT,290.57,0.84,N
24.18394,82.66325,308.96,0.41,0.37,2026-04-09,2004,N21,VIIRS,n,2.0NRT,292.86,0.86,N
24.18452,82.65924,304.18,0.41,0.37,2026-04-09,2004,N21,VIIRS,n,2.0NRT,291.45,0.86,N
24.19319,82.57446,303.11,0.41,0.37,2026-04-09,2004,N21,VIIRS,n,2.0NRT,292.17,0.46,N
24.1968,82.71861,308.76,0.41,0.37,2026-04-09,2004,N21,VIIRS,n,2.0NRT,292.21,1.19,N
24.19738,82.71459,305.82,0.41,0.37,2026-04-09,2004,N21,VIIRS,n,2.0NRT,292.42,0.77,N
24.20136,82.71111,316,0.41,0.37,2026-04-09,2004,N21,VIIRS,n,2.0NRT,293.46,1.34,N
24.20476,82.71164,303.51,0.41,0.37,2026-04-09,2004,N21,VIIRS,n,2.0NRT,293.41,1.34,N
24.20532,82.70773,315.57,0.41,0.37,2026-04-09,2004,N21,VIIRS,n,2.0NRT,293.71,2.28,N
24.20813,82.7123,304.36,0.41,0.37,2026-04-09,2004,N21,VIIRS,n,2.0NRT,294.03,1.3,N
24.20891,74.28917,325.01,0.4,0.6,2026-04-09,2004,N21,VIIRS,n,2.0NRT,291.29,2.56,N
24.20968,74.46235,314.41,0.39,0.59,2026-04-09,2004,N21,VIIRS,n,2.0NRT,293.12,1.52,N
24.21406,74.2935,309.58,0.4,0.6,2026-04-09,2004,N21,VIIRS,n,2.0NRT,290.37,0.81,N
24.2144,74.2897,301.45,0.4,0.6,2026-04-09,2004,N21,VIIRS,n,2.0NRT,290.33,0.81,N
24.22189,77.44814,317.55,0.5,0.49,2026-04-09,2004,N21,VIIRS,n,2.0NRT,288.65,2.3,N
24.22638,77.44874,316.2,0.5,0.49,2026-04-09,2004,N21,VIIRS,n,2.0NRT,288.4,2.18,N
24.24155,74.29623,301.86,0.4,0.6,2026-04-09,2004,N21,VIIRS,n,2.0NRT,289.38,0.75,N
24.2419,74.29239,302.27,0.4,0.6,2026-04-09,2004,N21,VIIRS,n,2.0NRT,289.81,0.75,N
24.24239,74.29533,304.01,0.4,0.6,2026-04-09,2004,N21,VIIRS,n,2.0NRT,289.5,1.06,N
24.25081,74.69797,308.93,0.37,0.58,2026-04-09,2004,N21,VIIRS,n,2.0NRT,288.67,0.96,N
24.26383,73.24461,309.23,0.47,0.64,2026-04-09,2004,N21,VIIRS,n,2.0NRT,291.4,2.05,N
24.32579,81.32681,308.15,0.46,0.39,2026-04-09,2004,N21,VIIRS,n,2.0NRT,293.52,1.69,N
24.37455,79.05692,299.12,0.4,0.44,2026-04-09,2004,N21,VIIRS,n,2.0NRT,288.5,0.58,N
24.4209,77.02972,318.47,0.53,0.5,2026-04-09,2004,N21,VIIRS,n,2.0NRT,288.93,1.65,N
24.44859,83.03931,307.45,0.4,0.37,2026-04-09,2004,N21,VIIRS,n,2.0NRT,292.78,1.25,N
24.46823,79.03696,300.57,0.4,0.44,2026-04-09,2004,N21,VIIRS,n,2.0NRT,288.49,0.7,N
24.57523,77.02495,300.91,0.54,0.51,2026-04-09,2004,N21,VIIRS,n,2.0NRT,288.94,0.48,N
24.59389,77.06976,297.62,0.53,0.5,2026-04-09,2004,N21,VIIRS,n,2.0NRT,286.87,0.87,N
24.5978,78.56287,306.28,0.43,0.46,2026-04-09,2004,N21,VIIRS,n,2.0NRT,289.01,1.08,N
24.60838,73.48191,307.83,0.45,0.63,2026-04-09,2004,N21,VIIRS,n,2.0NRT,290.09,2.85,N
24.62057,78.66007,318.26,0.43,0.46,2026-04-09,2004,N21,VIIRS,n,2.0NRT,289.77,2.17,N
24.63623,91.59483,305.85,0.47,0.48,2026-04-09,2004,N21,VIIRS,n,2.0NRT,290.04,1.74,N
24.67667,76.66459,298.76,0.57,0.52,2026-04-09,2004,N21,VIIRS,n,2.0NRT,288.45,0.76,N
24.74212,76.72858,303.51,0.56,0.52,2026-04-09,2004,N21,VIIRS,n,2.0NRT,287.84,1.46,N
24.74912,76.71959,298.87,0.56,0.52,2026-04-09,2004,N21,VIIRS,n,2.0NRT,287.91,0.96,N
24.75147,76.59348,299.47,0.57,0.52,2026-04-09,2004,N21,VIIRS,n,2.0NRT,287.95,0.88,N
24.77174,84.04397,303.43,0.39,0.36,2026-04-09,2004,N21,VIIRS,n,2.0NRT,290.93,1.09,N
24.77232,84.04017,313.65,0.39,0.36,2026-04-09,2004,N21,VIIRS,n,2.0NRT,290.91,1.09,N
24.77661,84.05656,305.39,0.39,0.36,2026-04-09,2004,N21,VIIRS,n,2.0NRT,290.26,0.56,N
24.77857,77.03717,298.59,0.54,0.51,2026-04-09,2004,N21,VIIRS,n,2.0NRT,287.94,0.9,N
24.78044,73.16187,305.24,0.48,0.64,2026-04-09,2004,N21,VIIRS,n,2.0NRT,290.84,1.22,N
24.79332,76.94133,309.69,0.55,0.51,2026-04-09,2004,N21,VIIRS,n,2.0NRT,291.95,1.89,N
24.80033,76.78179,302.21,0.56,0.51,2026-04-09,2004,N21,VIIRS,n,2.0NRT,288.27,1.03,N
24.84856,76.40274,306.6,0.59,0.53,2026-04-09,2004,N21,VIIRS,n,2.0NRT,287.93,1.24,N
24.88187,85.72654,304.23,0.39,0.36,2026-04-09,2004,N21,VIIRS,n,2.0NRT,289.24,0.85,N
24.88791,73.36366,301.1,0.46,0.64,2026-04-09,2004,N21,VIIRS,n,2.0NRT,288.75,0.98,N
24.9216,84.15634,314.88,0.39,0.36,2026-04-09,2004,N21,VIIRS,n,2.0NRT,290.43,1.54,N
24.92548,84.15314,301.43,0.39,0.36,2026-04-09,2004,N21,VIIRS,n,2.0NRT,290.65,0.9,N
24.92606,84.14935,306.02,0.39,0.36,2026-04-09,2004,N21,VIIRS,n,2.0NRT,290.55,0.75,N
24.92993,84.14616,300.83,0.39,0.36,2026-04-09,2004,N21,VIIRS,n,2.0NRT,290.55,0.75,N
24.94604,76.5919,306.34,0.58,0.52,2026-04-09,2004,N21,VIIRS,n,2.0NRT,287.89,1.69,N
25.01011,83.95328,309.2,0.39,0.36,2026-04-09,2004,N21,VIIRS,n,2.0NRT,289.41,0.89,N
25.01509,76.33047,300.34,0.6,0.53,2026-04-09,2004,N21,VIIRS,n,2.0NRT,287.79,0.96,N
25.02649,77.07319,311.85,0.54,0.51,2026-04-09,2004,N21,VIIRS,n,2.0NRT,290.1,2.32,N
25.0298,77.07517,300.41,0.54,0.51,2026-04-09,2004,N21,VIIRS,n,2.0NRT,289.06,0.83,N
25.03039,84.11288,301.8,0.39,0.36,2026-04-09,2004,N21,VIIRS,n,2.0NRT,288.6,0.64,N
25.03225,87.37861,319.29,0.43,0.38,2026-04-09,2004,N21,VIIRS,n,2.0NRT,293.72,2.39,N
25.03299,87.37444,333.2,0.43,0.38,2026-04-09,2004,N21,VIIRS,n,2.0NRT,295.06,3.47,N
25.03372,87.37026,323.41,0.43,0.38,2026-04-09,2004,N21,VIIRS,n,2.0NRT,294.72,3.47,N
25.05971,82.88293,303.89,0.41,0.37,2026-04-09,2004,N21,VIIRS,n,2.0NRT,292.58,0.6,N
25.09219,77.58275,299.81,0.5,0.49,2026-04-09,2004,N21,VIIRS,n,2.0NRT,289.08,0.54,N
25.09446,77.5815,300.07,0.5,0.49,2026-04-09,2004,N21,VIIRS,n,2.0NRT,289.07,0.69,N
25.28458,85.38817,309.44,0.39,0.36,2026-04-09,2004,N21,VIIRS,n,2.0NRT,288.76,1,N
25.28726,85.39259,316.45,0.39,0.36,2026-04-09,2004,N21,VIIRS,n,2.0NRT,290.49,1.97,N
25.35153,85.39713,318.02,0.39,0.36,2026-04-09,2004,N21,VIIRS,n,2.0NRT,288.63,1.28,N
25.54282,91.23643,300.99,0.43,0.46,2026-04-09,2004,N21,VIIRS,n,2.0NRT,283.08,0.65,N
26.26485,74.18827,307.94,0.42,0.61,2026-04-09,2004,N21,VIIRS,n,2.0NRT,295.76,1.77,N
26.26805,74.18732,307.76,0.43,0.62,2026-04-09,2004,N21,VIIRS,n,2.0NRT,295.27,2.67,N
26.27051,74.18876,308.97,0.42,0.61,2026-04-09,2004,N21,VIIRS,n,2.0NRT,296.24,2.45,N
26.32228,83.79662,308.04,0.4,0.37,2026-04-09,2004,N21,VIIRS,n,2.0NRT,288.88,1.73,N
26.32533,83.75266,314.04,0.4,0.37,2026-04-09,2004,N21,VIIRS,n,2.0NRT,288.81,1.77,N
26.32693,83.76508,320.51,0.4,0.37,2026-04-09,2004,N21,VIIRS,n,2.0NRT,289.57,1.56,N
26.32751,83.76115,305.34,0.4,0.37,2026-04-09,2004,N21,VIIRS,n,2.0NRT,288.37,1.64,N
26.33085,83.76174,314.24,0.4,0.37,2026-04-09,2004,N21,VIIRS,n,2.0NRT,288.04,0.97,N
26.33143,83.7578,300.31,0.4,0.37,2026-04-09,2004,N21,VIIRS,n,2.0NRT,288.82,0.97,N
26.48166,81.55893,310.56,0.47,0.4,2026-04-09,2004,N21,VIIRS,n,2.0NRT,292.17,1.83,N
26.57934,83.38192,299.18,0.41,0.37,2026-04-09,2004,N21,VIIRS,n,2.0NRT,286.21,0.49,N
26.63949,79.47707,304.06,0.4,0.45,2026-04-09,2004,N21,VIIRS,n,2.0NRT,289.64,0.6,N
26.64357,79.47765,300.82,0.4,0.45,2026-04-09,2004,N21,VIIRS,n,2.0NRT,288.64,0.6,N
26.6754,83.37334,308.96,0.41,0.37,2026-04-09,2004,N21,VIIRS,n,2.0NRT,287.38,1.52,N
26.75876,83.20373,303.81,0.41,0.37,2026-04-09,2004,N21,VIIRS,n,2.0NRT,293.17,1.49,N
26.75935,83.19962,307.38,0.41,0.37,2026-04-09,2004,N21,VIIRS,n,2.0NRT,294.95,1.46,N
26.84793,82.86813,314.09,0.42,0.38,2026-04-09,2004,N21,VIIRS,n,2.0NRT,287.89,1.27,N
26.88942,82.97432,301.07,0.42,0.38,2026-04-09,2004,N21,VIIRS,n,2.0NRT,287.85,0.42,N
26.89141,82.91013,297.52,0.42,0.38,2026-04-09,2004,N21,VIIRS,n,2.0NRT,285.93,0.39,N
26.89249,82.92754,304.08,0.42,0.38,2026-04-09,2004,N21,VIIRS,n,2.0NRT,288.28,1.53,N
26.89474,82.93655,332.24,0.42,0.38,2026-04-09,2004,N21,VIIRS,n,2.0NRT,290.02,3.46,N
26.89877,82.93294,298.51,0.42,0.38,2026-04-09,2004,N21,VIIRS,n,2.0NRT,286.83,0.41,N
26.90225,82.78206,317.2,0.43,0.38,2026-04-09,2004,N21,VIIRS,n,2.0NRT,289.79,1.8,N
26.92893,82.88898,300.03,0.42,0.38,2026-04-09,2004,N21,VIIRS,n,2.0NRT,288.07,1.25,N
26.92951,82.88475,317.4,0.42,0.38,2026-04-09,2004,N21,VIIRS,n,2.0NRT,288.42,1.77,N
26.93009,82.88052,324.46,0.42,0.38,2026-04-09,2004,N21,VIIRS,n,2.0NRT,287.55,1.77,N
26.93238,82.88957,318.62,0.42,0.38,2026-04-09,2004,N21,VIIRS,n,2.0NRT,288.91,1.25,N
26.93296,82.88535,311.57,0.42,0.38,2026-04-09,2004,N21,VIIRS,n,2.0NRT,288.47,1.77,N
26.93354,82.88111,301.89,0.42,0.38,2026-04-09,2004,N21,VIIRS,n,2.0NRT,287.7,1.77,N
26.9364,82.88594,300.64,0.42,0.38,2026-04-09,2004,N21,VIIRS,n,2.0NRT,287.68,1.42,N
26.93985,82.88653,307.69,0.42,0.38,2026-04-09,2004,N21,VIIRS,n,2.0NRT,288.45,1.42,N
26.94043,82.8823,321.8,0.42,0.38,2026-04-09,2004,N21,VIIRS,n,2.0NRT,287.99,1.42,N
27.02617,83.46596,299.71,0.41,0.37,2026-04-09,2004,N21,VIIRS,n,2.0NRT,287.3,0.78,N
27.05217,82.88359,309.5,0.42,0.38,2026-04-09,2004,N21,VIIRS,n,2.0NRT,287.11,1.27,N
27.06432,82.84663,298.65,0.42,0.38,2026-04-09,2004,N21,VIIRS,n,2.0NRT,286.64,0.59,N
27.06713,82.87748,303.21,0.42,0.38,2026-04-09,2004,N21,VIIRS,n,2.0NRT,289.13,1.05,N
27.07187,82.81741,301.09,0.43,0.38,2026-04-09,2004,N21,VIIRS,n,2.0NRT,288.22,0.84,N
27.07234,82.86534,341.32,0.42,0.38,2026-04-09,2004,N21,VIIRS,n,2.0NRT,290.92,7.08,N
27.0735,82.85692,303.82,0.42,0.38,2026-04-09,2004,N21,VIIRS,n,2.0NRT,286.46,0.78,N
27.07643,82.83565,310.29,0.43,0.38,2026-04-09,2004,N21,VIIRS,n,2.0NRT,289.2,1.23,N
27.08555,82.87196,304.87,0.42,0.38,2026-04-09,2004,N21,VIIRS,n,2.0NRT,287.8,0.89,N
27.09127,82.88163,310.7,0.42,0.38,2026-04-09,2004,N21,VIIRS,n,2.0NRT,287.21,1.3,N
27.10674,82.89732,302.29,0.42,0.38,2026-04-09,2004,N21,VIIRS,n,2.0NRT,287.95,0.77,N
27.10734,82.89307,301.41,0.42,0.38,2026-04-09,2004,N21,VIIRS,n,2.0NRT,288.26,0.77,N
27.11019,82.89791,306.25,0.42,0.38,2026-04-09,2004,N21,VIIRS,n,2.0NRT,287.4,0.77,N
27.11078,82.89367,304.62,0.42,0.38,2026-04-09,2004,N21,VIIRS,n,2.0NRT,287.41,0.77,N
27.1128,82.95474,306.81,0.42,0.38,2026-04-09,2004,N21,VIIRS,n,2.0NRT,288.31,2.44,N
27.11293,82.92874,305.94,0.42,0.38,2026-04-09,2004,N21,VIIRS,n,2.0NRT,288.43,0.87,N
27.11625,82.95534,334.33,0.42,0.38,2026-04-09,2004,N21,VIIRS,n,2.0NRT,289.45,2.44,N
27.11684,82.95112,301.15,0.42,0.38,2026-04-09,2004,N21,VIIRS,n,2.0NRT,287.53,1.2,N
27.12053,82.89969,310.75,0.42,0.38,2026-04-09,2004,N21,VIIRS,n,2.0NRT,288.65,1.03,N
27.12171,82.89127,336.37,0.42,0.38,2026-04-09,2004,N21,VIIRS,n,2.0NRT,289.62,5.96,N
27.12456,82.89611,297.28,0.42,0.38,2026-04-09,2004,N21,VIIRS,n,2.0NRT,287.1,1.03,N
27.1268,83.35236,302.02,0.41,0.37,2026-04-09,2004,N21,VIIRS,n,2.0NRT,288,1.04,N
27.14125,82.77679,306.18,0.43,0.38,2026-04-09,2004,N21,VIIRS,n,2.0NRT,287.61,1.07,N
27.14291,82.91051,310.92,0.42,0.38,2026-04-09,2004,N21,VIIRS,n,2.0NRT,286.48,0.94,N
27.14435,82.729,304.9,0.43,0.38,2026-04-09,2004,N21,VIIRS,n,2.0NRT,287.64,0.66,N
27.15057,82.76083,303.94,0.43,0.38,2026-04-09,2004,N21,VIIRS,n,2.0NRT,287.31,0.7,N
27.15583,82.74855,301.3,0.43,0.38,2026-04-09,2004,N21,VIIRS,n,2.0NRT,287.24,0.67,N
27.16674,82.76177,323.11,0.43,0.38,2026-04-09,2004,N21,VIIRS,n,2.0NRT,287.63,2.09,N
27.16788,82.77953,299.15,0.43,0.38,2026-04-09,2004,N21,VIIRS,n,2.0NRT,287.59,6.56,N
27.17075,82.7844,347.76,0.43,0.38,2026-04-09,2004,N21,VIIRS,n,2.0NRT,290.77,6.56,N
27.17134,82.78011,338.02,0.43,0.38,2026-04-09,2004,N21,VIIRS,n,2.0NRT,291.05,6.56,N
27.17192,82.77583,298.99,0.43,0.38,2026-04-09,2004,N21,VIIRS,n,2.0NRT,287.39,0.86,N
27.17196,82.74947,337.95,0.43,0.38,2026-04-09,2004,N21,VIIRS,n,2.0NRT,289.97,3.33,N
27.17255,82.74518,326.67,0.43,0.38,2026-04-09,2004,N21,VIIRS,n,2.0NRT,287.83,3.33,N
27.17426,82.75867,323.61,0.43,0.38,2026-04-09,2004,N21,VIIRS,n,2.0NRT,288.67,1.7,N
27.17485,82.75436,299.96,0.43,0.38,2026-04-09,2004,N21,VIIRS,n,2.0NRT,287.54,1.7,N
27.17488,82.72798,298.69,0.43,0.38,2026-04-09,2004,N21,VIIRS,n,2.0NRT,287.03,1.1,N
27.17543,82.75007,308.13,0.43,0.38,2026-04-09,2004,N21,VIIRS,n,2.0NRT,287.76,3.33,N
27.17547,82.72367,298.27,0.43,0.38,2026-04-09,2004,N21,VIIRS,n,2.0NRT,287.94,0.63,N
27.17597,82.77213,339.61,0.43,0.38,2026-04-09,2004,N21,VIIRS,n,2.0NRT,289.38,4.8,N
27.17605,82.71935,302.58,0.43,0.38,2026-04-09,2004,N21,VIIRS,n,2.0NRT,286.66,0.63,N
27.17616,82.61307,301.95,0.43,0.38,2026-04-09,2004,N21,VIIRS,n,2.0NRT,288.08,0.9,N
27.17715,82.76354,308.9,0.43,0.38,2026-04-09,2004,N21,VIIRS,n,2.0NRT,288.71,1.83,N
27.17773,82.75925,300.09,0.43,0.38,2026-04-09,2004,N21,VIIRS,n,2.0NRT,287.68,1.16,N
27.17777,82.73288,311.66,0.43,0.38,2026-04-09,2004,N21,VIIRS,n,2.0NRT,288.4,1.1,N
27.17836,82.72857,307.8,0.43,0.38,2026-04-09,2004,N21,VIIRS,n,2.0NRT,287.86,1.1,N
27.1789,82.75066,305.86,0.43,0.38,2026-04-09,2004,N21,VIIRS,n,2.0NRT,286.87,0.76,N
27.17894,82.72426,298.63,0.43,0.38,2026-04-09,2004,N21,VIIRS,n,2.0NRT,286.48,0.63,N
27.18007,82.74207,304.06,0.43,0.38,2026-04-09,2004,N21,VIIRS,n,2.0NRT,287.91,1.58,N
27.18242,82.72485,296.6,0.43,0.38,2026-04-09,2004,N21,VIIRS,n,2.0NRT,285.68,0.28,N
27.1876,82.73895,318.28,0.43,0.38,2026-04-09,2004,N21,VIIRS,n,2.0NRT,287.39,2.35,N
27.19022,82.84903,312.37,0.43,0.38,2026-04-09,2004,N21,VIIRS,n,2.0NRT,287.72,1.02,N
27.19081,82.84476,301.89,0.43,0.38,2026-04-09,2004,N21,VIIRS,n,2.0NRT,286.91,1.02,N
27.19831,82.84167,308.08,0.43,0.38,2026-04-09,2004,N21,VIIRS,n,2.0NRT,286.89,0.96,N
27.20945,82.78664,326.9,0.43,0.38,2026-04-09,2004,N21,VIIRS,n,2.0NRT,289.27,4.19,N
27.21004,82.78234,315.74,0.43,0.38,2026-04-09,2004,N21,VIIRS,n,2.0NRT,288.02,1.94,N
27.2113,82.7474,299.4,0.43,0.38,2026-04-09,2004,N21,VIIRS,n,2.0NRT,286.94,0.44,N
27.21351,82.78294,304.05,0.43,0.38,2026-04-09,2004,N21,VIIRS,n,2.0NRT,287.99,1.94,N
27.22628,82.76754,296.23,0.43,0.38,2026-04-09,2004,N21,VIIRS,n,2.0NRT,286.21,0.35,N
27.22668,82.8159,315.8,0.43,0.38,2026-04-09,2004,N21,VIIRS,n,2.0NRT,287.36,1.87,N
27.2324,82.82565,298.9,0.43,0.38,2026-04-09,2004,N21,VIIRS,n,2.0NRT,288.12,0.43,N
27.23391,82.73804,301.69,0.43,0.38,2026-04-09,2004,N21,VIIRS,n,2.0NRT,286.45,1.11,N
27.2351,82.72942,306.76,0.43,0.38,2026-04-09,2004,N21,VIIRS,n,2.0NRT,286.64,1.29,N
27.24383,82.71765,297.29,0.43,0.38,2026-04-09,2004,N21,VIIRS,n,2.0NRT,286.17,0.66,N
27.32148,82.17439,298.96,0.45,0.39,2026-04-09,2004,N21,VIIRS,n,2.0NRT,288.93,0.71,N
13.91079,78.97929,311.02,0.46,0.39,2026-04-09,2006,N21,VIIRS,n,2.0NRT,294.98,1.37,N
13.91138,78.97504,322.28,0.46,0.39,2026-04-09,2006,N21,VIIRS,n,2.0NRT,295.1,2.89,N
13.91202,78.98096,309.56,0.46,0.39,2026-04-09,2006,N21,VIIRS,n,2.0NRT,294.86,0.94,N
13.91264,78.97675,323.46,0.46,0.39,2026-04-09,2006,N21,VIIRS,n,2.0NRT,294.92,2.95,N
13.94794,78.55453,309.97,0.48,0.4,2026-04-09,2006,N21,VIIRS,n,2.0NRT,295.36,1.32,N
13.98632,78.57285,325.57,0.48,0.4,2026-04-09,2006,N21,VIIRS,n,2.0NRT,295.21,2.87,N
14.01237,79.13116,312.58,0.45,0.39,2026-04-09,2006,N21,VIIRS,n,2.0NRT,294.38,1.6,N
14.01593,79.13167,316.81,0.45,0.39,2026-04-09,2006,N21,VIIRS,n,2.0NRT,294.67,1.6,N
14.0195,79.1322,331.26,0.45,0.39,2026-04-09,2006,N21,VIIRS,n,2.0NRT,295.26,3.09,N
14.02308,79.13262,317.7,0.45,0.39,2026-04-09,2006,N21,VIIRS,n,2.0NRT,294.65,3.09,N
14.11019,79.06005,307.53,0.46,0.39,2026-04-09,2006,N21,VIIRS,n,2.0NRT,294.62,2.89,N
14.17525,77.68633,307.86,0.54,0.42,2026-04-09,2006,N21,VIIRS,n,2.0NRT,295.66,2.29,N
14.32583,77.05133,305.95,0.39,0.44,2026-04-09,2006,N21,VIIRS,n,2.0NRT,293.45,0.69,N
14.40378,79.94312,323.03,0.42,0.38,2026-04-09,2006,N21,VIIRS,n,2.0NRT,294.92,1.37,N
15.02135,78.01534,315.39,0.53,0.42,2026-04-09,2006,N21,VIIRS,n,2.0NRT,299.59,2.71,N
15.02281,78.01347,315.81,0.53,0.42,2026-04-09,2006,N21,VIIRS,n,2.0NRT,299.23,2.77,N
15.03843,76.65341,308.13,0.43,0.46,2026-04-09,2006,N21,VIIRS,n,2.0NRT,295.42,1.94,N
15.13488,76.70776,307.68,0.42,0.46,2026-04-09,2006,N21,VIIRS,n,2.0NRT,296.73,1.06,N
15.1644,76.37999,338.83,0.45,0.47,2026-04-09,2006,N21,VIIRS,n,2.0NRT,296.59,3.65,N
15.16867,76.38055,310.36,0.45,0.47,2026-04-09,2006,N21,VIIRS,n,2.0NRT,296.29,3.65,N
15.17346,76.37697,311.41,0.45,0.47,2026-04-09,2006,N21,VIIRS,n,2.0NRT,296.06,2.62,N
15.17463,77.10085,310.21,0.4,0.44,2026-04-09,2006,N21,VIIRS,n,2.0NRT,297.71,2.51,N
15.17558,76.65698,326.25,0.43,0.46,2026-04-09,2006,N21,VIIRS,n,2.0NRT,299.37,4.13,N
15.17611,76.65304,311.04,0.43,0.46,2026-04-09,2006,N21,VIIRS,n,2.0NRT,297.58,1.6,N
15.17662,76.68121,308.57,0.43,0.46,2026-04-09,2006,N21,VIIRS,n,2.0NRT,296.66,2.82,N
15.17715,76.67726,317.17,0.43,0.46,2026-04-09,2006,N21,VIIRS,n,2.0NRT,298.05,2.43,N
15.17768,76.67331,316.67,0.43,0.46,2026-04-09,2006,N21,VIIRS,n,2.0NRT,297.79,2.43,N
15.18134,76.67779,324.91,0.43,0.46,2026-04-09,2006,N21,VIIRS,n,2.0NRT,297.99,2.43,N
15.18291,76.66595,338.51,0.43,0.46,2026-04-09,2006,N21,VIIRS,n,2.0NRT,297.73,6.05,N
15.1866,76.63824,313.38,0.43,0.46,2026-04-09,2006,N21,VIIRS,n,2.0NRT,296.67,2.73,N
15.19101,77.82031,312.29,0.55,0.42,2026-04-09,2006,N21,VIIRS,n,2.0NRT,297.7,3.17,N
15.52785,73.99306,304.87,0.32,0.55,2026-04-09,2006,N21,VIIRS,n,2.0NRT,294.55,0.64,N
15.56322,78.7869,305.26,0.49,0.4,2026-04-09,2006,N21,VIIRS,n,2.0NRT,292.27,1.07,N
15.58369,78.769,312.62,0.49,0.4,2026-04-09,2006,N21,VIIRS,n,2.0NRT,292.71,2.56,N
15.58736,78.76968,305.34,0.49,0.4,2026-04-09,2006,N21,VIIRS,n,2.0NRT,292.36,1.22,N
15.62809,78.74808,307.5,0.49,0.4,2026-04-09,2006,N21,VIIRS,n,2.0NRT,292.08,1.8,N
15.65537,73.98885,306.37,0.33,0.55,2026-04-09,2006,N21,VIIRS,n,2.0NRT,293.41,0.55,N
15.91639,77.3624,307.83,0.4,0.44,2026-04-09,2006,N21,VIIRS,n,2.0NRT,296.63,1.24,N
15.92676,77.62021,303.91,0.57,0.43,2026-04-09,2006,N21,VIIRS,n,2.0NRT,293.66,0.89,N
16.76805,82.00362,307.39,0.39,0.36,2026-04-09,2006,N21,VIIRS,n,2.0NRT,293.64,1.46,N
17.02375,74.17475,306.09,0.33,0.55,2026-04-09,2006,N21,VIIRS,n,2.0NRT,292.13,1.38,N
17.06156,76.98045,308.84,0.43,0.46,2026-04-09,2006,N21,VIIRS,n,2.0NRT,296.55,2.57,N
17.1389,77.1849,309.75,0.42,0.45,2026-04-09,2006,N21,VIIRS,n,2.0NRT,295.95,2.02,N
17.13992,77.17702,306.98,0.42,0.45,2026-04-09,2006,N21,VIIRS,n,2.0NRT,296.59,1.89,N
17.30876,77.47543,305.3,0.41,0.45,2026-04-09,2006,N21,VIIRS,n,2.0NRT,294.95,1.17,N
17.46392,80.65221,308.93,0.42,0.38,2026-04-09,2006,N21,VIIRS,n,2.0NRT,293.91,2.17,N
17.60303,83.20038,316.66,0.38,0.36,2026-04-09,2006,N21,VIIRS,n,2.0NRT,294.97,2.05,N
17.60632,83.20094,315.67,0.38,0.36,2026-04-09,2006,N21,VIIRS,n,2.0NRT,294.78,2.05,N
17.60905,83.20511,331.77,0.38,0.36,2026-04-09,2006,N21,VIIRS,n,2.0NRT,295.74,5.27,N
17.69219,81.50935,307.6,0.4,0.37,2026-04-09,2006,N21,VIIRS,n,2.0NRT,294.74,1.53,N
17.7031,77.69924,307.19,0.4,0.44,2026-04-09,2006,N21,VIIRS,n,2.0NRT,293.6,1.17,N
17.71622,77.69349,310.4,0.4,0.44,2026-04-09,2006,N21,VIIRS,n,2.0NRT,294,1.51,N
17.7167,77.68973,313.4,0.4,0.44,2026-04-09,2006,N21,VIIRS,n,2.0NRT,294.31,1.51,N
17.8027,73.39194,307.77,0.38,0.59,2026-04-09,2006,N21,VIIRS,n,2.0NRT,294.34,1.17,N
17.85926,73.80121,312.51,0.36,0.57,2026-04-09,2006,N21,VIIRS,n,2.0NRT,290.95,1.08,N
17.87215,73.78082,302.4,0.36,0.57,2026-04-09,2006,N21,VIIRS,n,2.0NRT,290.32,0.93,N
17.88868,74.17233,307.39,0.34,0.56,2026-04-09,2006,N21,VIIRS,n,2.0NRT,292.7,1.55,N
17.95339,80.80228,308.5,0.42,0.38,2026-04-09,2006,N21,VIIRS,n,2.0NRT,295.51,1.9,N
17.95627,80.78249,314.53,0.42,0.38,2026-04-09,2006,N21,VIIRS,n,2.0NRT,295.87,2.68,N
17.98228,73.74989,311.57,0.36,0.58,2026-04-09,2006,N21,VIIRS,n,2.0NRT,291.08,0.87,N
18.12051,78.81132,309.87,0.52,0.42,2026-04-09,2006,N21,VIIRS,n,2.0NRT,291.83,2.42,N
18.12117,78.80644,323.5,0.52,0.42,2026-04-09,2006,N21,VIIRS,n,2.0NRT,292.81,3.09,N
18.28765,80.06108,307.02,0.45,0.39,2026-04-09,2006,N21,VIIRS,n,2.0NRT,294.12,1.87,N
18.29056,80.69871,307.67,0.43,0.38,2026-04-09,2006,N21,VIIRS,n,2.0NRT,297.1,2.02,N
18.29399,80.69949,308.32,0.43,0.38,2026-04-09,2006,N21,VIIRS,n,2.0NRT,296.31,2,N
18.30488,80.06798,308.86,0.45,0.39,2026-04-09,2006,N21,VIIRS,n,2.0NRT,294.6,1.39,N
18.33254,73.90945,310.18,0.36,0.57,2026-04-09,2006,N21,VIIRS,n,2.0NRT,290.46,0.87,N
18.33271,73.91133,313.4,0.36,0.57,2026-04-09,2006,N21,VIIRS,n,2.0NRT,290.3,1.56,N
18.38687,82.73948,304.17,0.39,0.36,2026-04-09,2006,N21,VIIRS,n,2.0NRT,290.59,0.64,N
18.39,79.94795,310.53,0.46,0.39,2026-04-09,2006,N21,VIIRS,n,2.0NRT,295.08,2.32,N
18.4256,81.31052,306.19,0.41,0.37,2026-04-09,2006,N21,VIIRS,n,2.0NRT,294.55,1.25,N
18.45853,81.27598,310.01,0.41,0.37,2026-04-09,2006,N21,VIIRS,n,2.0NRT,294.66,1.69,N
18.54261,79.97316,314.41,0.46,0.39,2026-04-09,2006,N21,VIIRS,n,2.0NRT,295.02,1.63,N
18.54464,79.97267,324.87,0.46,0.39,2026-04-09,2006,N21,VIIRS,n,2.0NRT,295.89,3.24,N
18.5462,79.97369,310.88,0.46,0.39,2026-04-09,2006,N21,VIIRS,n,2.0NRT,294.84,1.63,N
18.56679,80.0774,307.58,0.46,0.39,2026-04-09,2006,N21,VIIRS,n,2.0NRT,292.93,1.15,N
18.63293,81.04298,308.81,0.42,0.38,2026-04-09,2006,N21,VIIRS,n,2.0NRT,294.67,1.19,N
18.63612,80.87279,322.5,0.42,0.38,2026-04-09,2006,N21,VIIRS,n,2.0NRT,297.01,3.42,N
18.63689,80.96637,307.37,0.42,0.38,2026-04-09,2006,N21,VIIRS,n,2.0NRT,296.03,1.31,N
18.64057,80.22207,305.73,0.45,0.39,2026-04-09,2006,N21,VIIRS,n,2.0NRT,294.22,1.01,N
18.64319,80.94695,308.9,0.42,0.38,2026-04-09,2006,N21,VIIRS,n,2.0NRT,296.33,1.64,N
18.64375,80.94298,310.36,0.42,0.38,2026-04-09,2006,N21,VIIRS,n,2.0NRT,296.23,2.88,N
18.64434,80.9635,313.13,0.42,0.38,2026-04-09,2006,N21,VIIRS,n,2.0NRT,296.23,2.89,N
18.65119,80.9403,309.02,0.42,0.38,2026-04-09,2006,N21,VIIRS,n,2.0NRT,296.41,1.56,N
18.65277,80.80527,306.97,0.43,0.38,2026-04-09,2006,N21,VIIRS,n,2.0NRT,295.67,1.23,N
18.65407,81.04247,306.24,0.42,0.38,2026-04-09,2006,N21,VIIRS,n,2.0NRT,294.77,1.33,N
18.65465,81.03845,313.09,0.42,0.38,2026-04-09,2006,N21,VIIRS,n,2.0NRT,295.59,1.33,N
18.6552,80.93693,308.06,0.42,0.38,2026-04-09,2006,N21,VIIRS,n,2.0NRT,295.97,1.92,N
18.66323,78.826,305.44,0.53,0.42,2026-04-09,2006,N21,VIIRS,n,2.0NRT,295.25,1.6,N
18.66323,81.02771,314.98,0.42,0.38,2026-04-09,2006,N21,VIIRS,n,2.0NRT,296.15,3.43,N
18.68041,73.03346,309.9,0.41,0.61,2026-04-09,2006,N21,VIIRS,n,2.0NRT,295.66,2.01,N
18.68101,81.00211,306.47,0.42,0.38,2026-04-09,2006,N21,VIIRS,n,2.0NRT,295.9,1.75,N
18.6856,73.03801,329.93,0.41,0.61,2026-04-09,2006,N21,VIIRS,n,2.0NRT,296.87,6.7,N
18.6864,73.03017,320.22,0.41,0.61,2026-04-09,2006,N21,VIIRS,n,2.0NRT,295.48,4.72,N
18.68996,73.05043,306.17,0.41,0.61,2026-04-09,2006,N21,VIIRS,n,2.0NRT,294.94,1.79,N
18.71504,80.84028,306.3,0.43,0.38,2026-04-09,2006,N21,VIIRS,n,2.0NRT,295.3,1.37,N
18.71555,79.5372,308.8,0.49,0.4,2026-04-09,2006,N21,VIIRS,n,2.0NRT,298.21,2.31,N
18.71581,79.53951,312.34,0.49,0.4,2026-04-09,2006,N21,VIIRS,n,2.0NRT,298.86,2.71,N
18.71923,79.53779,315.91,0.49,0.4,2026-04-09,2006,N21,VIIRS,n,2.0NRT,299.49,2.31,N
18.72772,78.94872,306.87,0.52,0.42,2026-04-09,2006,N21,VIIRS,n,2.0NRT,296.75,2.9,N
18.73884,79.1527,314.5,0.51,0.41,2026-04-09,2006,N21,VIIRS,n,2.0NRT,297.23,3.68,N
18.74284,80.79516,314.83,0.43,0.38,2026-04-09,2006,N21,VIIRS,n,2.0NRT,296.91,1.45,N
18.74629,80.79578,307.19,0.43,0.38,2026-04-09,2006,N21,VIIRS,n,2.0NRT,296.61,1.45,N
18.7469,80.79163,314.36,0.43,0.38,2026-04-09,2006,N21,VIIRS,n,2.0NRT,297.16,1.45,N
18.75036,80.79221,311.42,0.43,0.38,2026-04-09,2006,N21,VIIRS,n,2.0NRT,297.03,1.84,N
18.75198,80.79621,320.28,0.43,0.38,2026-04-09,2006,N21,VIIRS,n,2.0NRT,297.26,1.31,N
18.75257,80.79205,307.22,0.43,0.38,2026-04-09,2006,N21,VIIRS,n,2.0NRT,296.74,1.31,N
18.75322,80.79691,321.3,0.43,0.38,2026-04-09,2006,N21,VIIRS,n,2.0NRT,296.83,1.84,N
18.75382,80.79278,314.56,0.43,0.38,2026-04-09,2006,N21,VIIRS,n,2.0NRT,297.04,1.84,N
18.75545,80.79675,307.06,0.43,0.38,2026-04-09,2006,N21,VIIRS,n,2.0NRT,295.39,1.31,N
18.75604,80.79259,311.95,0.43,0.38,2026-04-09,2006,N21,VIIRS,n,2.0NRT,296.94,1.31,N
18.77303,74.32215,309.98,0.34,0.56,2026-04-09,2006,N21,VIIRS,n,2.0NRT,292.59,0.88,N
18.8042,80.29347,305.52,0.45,0.39,2026-04-09,2006,N21,VIIRS,n,2.0NRT,295.44,1.44,N
18.80595,74.26035,318.79,0.34,0.56,2026-04-09,2006,N21,VIIRS,n,2.0NRT,292.95,2.05,N
18.82003,80.30831,308.57,0.45,0.39,2026-04-09,2006,N21,VIIRS,n,2.0NRT,296.95,2.52,N
18.82008,80.30914,307.02,0.45,0.39,2026-04-09,2006,N21,VIIRS,n,2.0NRT,296.77,2.53,N
18.85744,80.72946,307.92,0.43,0.38,2026-04-09,2006,N21,VIIRS,n,2.0NRT,294.76,1.17,N
18.88324,80.62501,310.28,0.44,0.38,2026-04-09,2006,N21,VIIRS,n,2.0NRT,295.1,1.27,N
18.88458,80.62406,308.43,0.44,0.38,2026-04-09,2006,N21,VIIRS,n,2.0NRT,295.06,1.14,N
18.89396,80.52576,306.03,0.44,0.38,2026-04-09,2006,N21,VIIRS,n,2.0NRT,295.04,0.95,N
18.94291,80.59096,308.69,0.44,0.38,2026-04-09,2006,N21,VIIRS,n,2.0NRT,295.47,1.58,N
18.95935,80.50025,305.88,0.44,0.38,2026-04-09,2006,N21,VIIRS,n,2.0NRT,295.31,1.59,N
18.97109,80.49355,305.94,0.44,0.39,2026-04-09,2006,N21,VIIRS,n,2.0NRT,295.26,0.82,N
18.97116,80.41659,307.82,0.45,0.39,2026-04-09,2006,N21,VIIRS,n,2.0NRT,296.34,1.76,N
18.98225,80.49098,306.89,0.44,0.39,2026-04-09,2006,N21,VIIRS,n,2.0NRT,295.36,1.9,N
18.98284,80.48683,308.94,0.44,0.39,2026-04-09,2006,N21,VIIRS,n,2.0NRT,295.89,1.28,N
18.98293,80.40992,306.22,0.45,0.39,2026-04-09,2006,N21,VIIRS,n,2.0NRT,295.82,1.48,N
18.98706,80.40624,314.57,0.45,0.39,2026-04-09,2006,N21,VIIRS,n,2.0NRT,296.74,2.68,N
18.9912,80.4026,307.16,0.45,0.39,2026-04-09,2006,N21,VIIRS,n,2.0NRT,295.87,2.22,N
18.99618,80.56949,307.91,0.44,0.38,2026-04-09,2006,N21,VIIRS,n,2.0NRT,294.74,1.19,N
19.00842,75.17429,303.6,0.6,0.53,2026-04-09,2006,N21,VIIRS,n,2.0NRT,292.89,1.02,N
19.01189,80.56636,313.43,0.44,0.38,2026-04-09,2006,N21,VIIRS,n,2.0NRT,296.39,2.08,N
19.01229,80.45723,314.17,0.44,0.39,2026-04-09,2006,N21,VIIRS,n,2.0NRT,297.14,2.46,N
19.01541,80.56689,314.03,0.44,0.38,2026-04-09,2006,N21,VIIRS,n,2.0NRT,296,1.78,N
19.01583,80.45772,310.99,0.44,0.39,2026-04-09,2006,N21,VIIRS,n,2.0NRT,295.86,1.8,N
19.01639,80.45638,309.61,0.44,0.39,2026-04-09,2006,N21,VIIRS,n,2.0NRT,295.94,1.6,N
19.05047,79.95432,309.76,0.47,0.4,2026-04-09,2006,N21,VIIRS,n,2.0NRT,298.24,2.41,N
19.06216,80.61671,306.14,0.44,0.38,2026-04-09,2006,N21,VIIRS,n,2.0NRT,295.46,1.42,N
19.07033,80.63477,305.35,0.44,0.38,2026-04-09,2006,N21,VIIRS,n,2.0NRT,294.88,0.93,N
19.08953,82.16965,308.74,0.39,0.36,2026-04-09,2006,N21,VIIRS,n,2.0NRT,292.81,1.63,N
19.09287,82.1702,321.27,0.39,0.36,2026-04-09,2006,N21,VIIRS,n,2.0NRT,295.27,1.63,N
19.09629,82.16663,318.76,0.39,0.36,2026-04-09,2006,N21,VIIRS,n,2.0NRT,293.19,2.61,N
19.09764,73.053,316,0.42,0.61,2026-04-09,2006,N21,VIIRS,n,2.0NRT,294.27,1.84,N
19.10296,82.16773,310.87,0.39,0.36,2026-04-09,2006,N21,VIIRS,n,2.0NRT,295.45,1.13,N
19.10328,73.05333,321.29,0.42,0.61,2026-04-09,2006,N21,VIIRS,n,2.0NRT,294.55,1.84,N
19.10351,82.16401,309.56,0.39,0.37,2026-04-09,2006,N21,VIIRS,n,2.0NRT,292.63,1.13,N
19.11268,81.21432,312.87,0.42,0.37,2026-04-09,2006,N21,VIIRS,n,2.0NRT,294.73,1.75,N
19.11612,81.21479,305.54,0.42,0.37,2026-04-09,2006,N21,VIIRS,n,2.0NRT,294.7,1.26,N
19.11882,80.87998,307.75,0.43,0.38,2026-04-09,2006,N21,VIIRS,n,2.0NRT,295.54,1.74,N
19.12048,80.89309,305.61,0.43,0.38,2026-04-09,2006,N21,VIIRS,n,2.0NRT,295.3,1.34,N
19.12228,80.88059,317.82,0.43,0.38,2026-04-09,2006,N21,VIIRS,n,2.0NRT,296.84,3.35,N
19.13058,81.2121,305.56,0.42,0.37,2026-04-09,2006,N21,VIIRS,n,2.0NRT,294.71,1.6,N
19.13973,81.22157,306.74,0.42,0.37,2026-04-09,2006,N21,VIIRS,n,2.0NRT,294.81,1.23,N
19.14233,78.90604,312.39,0.53,0.42,2026-04-09,2006,N21,VIIRS,n,2.0NRT,294.55,1.73,N
19.14315,81.22215,316.14,0.42,0.37,2026-04-09,2006,N21,VIIRS,n,2.0NRT,295.65,1.23,N
19.14369,81.21837,307.07,0.42,0.37,2026-04-09,2006,N21,VIIRS,n,2.0NRT,294.89,1.23,N
19.15141,80.4722,306.18,0.44,0.39,2026-04-09,2006,N21,VIIRS,n,2.0NRT,295.36,1.39,N
19.16077,80.6356,306.05,0.44,0.38,2026-04-09,2006,N21,VIIRS,n,2.0NRT,295.71,1.61,N
19.16549,80.57695,313.22,0.44,0.38,2026-04-09,2006,N21,VIIRS,n,2.0NRT,296.57,1.69,N
19.17108,81.19851,308.36,0.42,0.38,2026-04-09,2006,N21,VIIRS,n,2.0NRT,294.62,1.08,N
19.17422,80.87962,311.13,0.43,0.38,2026-04-09,2006,N21,VIIRS,n,2.0NRT,295.79,2.05,N
19.17541,80.8811,316.73,0.43,0.38,2026-04-09,2006,N21,VIIRS,n,2.0NRT,295.95,2.74,N
19.17662,80.8728,307.78,0.43,0.38,2026-04-09,2006,N21,VIIRS,n,2.0NRT,294.96,1.57,N
19.17727,80.98328,308.26,0.43,0.38,2026-04-09,2006,N21,VIIRS,n,2.0NRT,295.33,1.99,N
19.17766,80.8804,316.96,0.43,0.38,2026-04-09,2006,N21,VIIRS,n,2.0NRT,296.94,2.05,N
19.17825,80.87624,323.62,0.43,0.38,2026-04-09,2006,N21,VIIRS,n,2.0NRT,297.66,2.38,N
19.17884,80.872,314.24,0.43,0.38,2026-04-09,2006,N21,VIIRS,n,2.0NRT,296.07,2.38,N
19.1811,80.88116,309.4,0.43,0.38,2026-04-09,2006,N21,VIIRS,n,2.0NRT,295.73,1.62,N
19.18168,80.87704,307.14,0.43,0.38,2026-04-09,2006,N21,VIIRS,n,2.0NRT,295.7,1.92,N
19.19852,81.13001,315.32,0.42,0.38,2026-04-09,2006,N21,VIIRS,n,2.0NRT,294.42,2.82,N
19.19957,80.53953,306.45,0.44,0.39,2026-04-09,2006,N21,VIIRS,n,2.0NRT,295.4,1.1,N
19.20046,78.48606,308.17,0.56,0.43,2026-04-09,2006,N21,VIIRS,n,2.0NRT,296.39,2.78,N
19.20312,81.12252,317.04,0.42,0.38,2026-04-09,2006,N21,VIIRS,n,2.0NRT,295.32,1.73,N
19.20372,81.11838,309,0.42,0.38,2026-04-09,2006,N21,VIIRS,n,2.0NRT,294.85,1.48,N
19.20412,81.37957,306.08,0.41,0.37,2026-04-09,2006,N21,VIIRS,n,2.0NRT,293.39,1.12,N
19.20654,81.12318,308.63,0.42,0.38,2026-04-09,2006,N21,VIIRS,n,2.0NRT,294.59,1.73,N
19.20715,81.11903,320.49,0.42,0.38,2026-04-09,2006,N21,VIIRS,n,2.0NRT,295.33,1.48,N
19.20775,81.11487,304.39,0.42,0.38,2026-04-09,2006,N21,VIIRS,n,2.0NRT,293.6,1.48,N
19.214,81.12027,306.69,0.42,0.38,2026-04-09,2006,N21,VIIRS,n,2.0NRT,294.15,1.83,N
19.21473,80.89413,306.41,0.43,0.38,2026-04-09,2006,N21,VIIRS,n,2.0NRT,293.13,1.79,N
19.2153,80.89014,312.31,0.43,0.38,2026-04-09,2006,N21,VIIRS,n,2.0NRT,294.14,1.53,N
19.21587,80.88612,316.13,0.43,0.38,2026-04-09,2006,N21,VIIRS,n,2.0NRT,294.98,1.53,N
19.2268,80.9583,304.86,0.43,0.38,2026-04-09,2006,N21,VIIRS,n,2.0NRT,292.19,1.03,N
19.22683,80.90872,304.42,0.43,0.38,2026-04-09,2006,N21,VIIRS,n,2.0NRT,293.77,1.79,N
19.23203,80.89716,308.57,0.43,0.38,2026-04-09,2006,N21,VIIRS,n,2.0NRT,294.65,1.79,N
19.23344,78.9166,306.87,0.53,0.42,2026-04-09,2006,N21,VIIRS,n,2.0NRT,296.36,2.26,N
19.2337,80.95954,305.92,0.43,0.38,2026-04-09,2006,N21,VIIRS,n,2.0NRT,293.18,1.62,N
19.23376,80.88511,307.85,0.43,0.38,2026-04-09,2006,N21,VIIRS,n,2.0NRT,294.96,1.58,N
19.23436,80.90569,311.85,0.43,0.38,2026-04-09,2006,N21,VIIRS,n,2.0NRT,294.6,1.71,N
19.23607,80.89374,307.67,0.43,0.38,2026-04-09,2006,N21,VIIRS,n,2.0NRT,295.51,1.7,N
19.23657,80.96416,315.71,0.43,0.38,2026-04-09,2006,N21,VIIRS,n,2.0NRT,295.26,1.94,N
19.24117,80.98131,317.26,0.43,0.38,2026-04-09,2006,N21,VIIRS,n,2.0NRT,294.71,2.2,N
19.24176,80.97726,309.11,0.43,0.38,2026-04-09,2006,N21,VIIRS,n,2.0NRT,293.62,1.67,N
19.24303,80.89468,308.73,0.43,0.38,2026-04-09,2006,N21,VIIRS,n,2.0NRT,293.85,2.07,N
19.24492,80.57928,306.84,0.44,0.38,2026-04-09,2006,N21,VIIRS,n,2.0NRT,295.01,1.33,N
19.25402,80.89233,308.82,0.43,0.38,2026-04-09,2006,N21,VIIRS,n,2.0NRT,295.49,1.68,N
19.25461,80.88824,305.25,0.43,0.38,2026-04-09,2006,N21,VIIRS,n,2.0NRT,294.27,0.83,N
19.25643,80.82609,309.5,0.43,0.38,2026-04-09,2006,N21,VIIRS,n,2.0NRT,295.31,1.66,N
19.25707,81.06621,306.49,0.42,0.38,2026-04-09,2006,N21,VIIRS,n,2.0NRT,294.8,1.41,N
19.265,80.89001,315.91,0.43,0.38,2026-04-09,2006,N21,VIIRS,n,2.0NRT,295.62,3.14,N
19.26726,80.89886,311.98,0.43,0.38,2026-04-09,2006,N21,VIIRS,n,2.0NRT,295.81,2.22,N
19.26785,80.89481,316.87,0.43,0.38,2026-04-09,2006,N21,VIIRS,n,2.0NRT,296.8,2.22,N
19.27014,80.9035,317.96,0.43,0.38,2026-04-09,2006,N21,VIIRS,n,2.0NRT,296.42,1.66,N
19.27122,80.94489,308.48,0.43,0.38,2026-04-09,2006,N21,VIIRS,n,2.0NRT,295.33,2.7,N
19.27181,80.94088,320.21,0.43,0.38,2026-04-09,2006,N21,VIIRS,n,2.0NRT,296.75,3.31,N
19.27298,80.94838,308.92,0.43,0.38,2026-04-09,2006,N21,VIIRS,n,2.0NRT,294.35,2.19,N
19.27303,80.90802,313.18,0.43,0.38,2026-04-09,2006,N21,VIIRS,n,2.0NRT,296.09,1.66,N
19.27361,80.90399,308.62,0.43,0.38,2026-04-09,2006,N21,VIIRS,n,2.0NRT,296,1.66,N
19.28622,80.90464,306.95,0.43,0.38,2026-04-09,2006,N21,VIIRS,n,2.0NRT,293.11,0.81,N
19.29378,80.76468,308.22,0.43,0.38,2026-04-09,2006,N21,VIIRS,n,2.0NRT,294.31,1.32,N
19.29528,80.78948,313.03,0.43,0.38,2026-04-09,2006,N21,VIIRS,n,2.0NRT,296.83,1.78,N
19.29587,80.78528,307.16,0.43,0.38,2026-04-09,2006,N21,VIIRS,n,2.0NRT,295.8,2.36,N
19.29653,80.79492,305.64,0.43,0.38,2026-04-09,2006,N21,VIIRS,n,2.0NRT,295.29,1.25,N
19.29712,80.79083,310.02,0.43,0.38,2026-04-09,2006,N21,VIIRS,n,2.0NRT,296.57,1.25,N
19.29772,80.78671,312.9,0.43,0.38,2026-04-09,2006,N21,VIIRS,n,2.0NRT,297.11,2.34,N
19.29819,80.79413,310.67,0.43,0.38,2026-04-09,2006,N21,VIIRS,n,2.0NRT,295.89,1.78,N
19.30169,80.79463,311.95,0.43,0.38,2026-04-09,2006,N21,VIIRS,n,2.0NRT,296.12,1.35,N
19.30342,80.78226,308.37,0.43,0.38,2026-04-09,2006,N21,VIIRS,n,2.0NRT,295.92,2.59,N
19.30518,80.79511,313.59,0.43,0.38,2026-04-09,2006,N21,VIIRS,n,2.0NRT,295.66,1.35,N
19.30574,80.79113,309.77,0.43,0.38,2026-04-09,2006,N21,VIIRS,n,2.0NRT,296.37,1.35,N
19.30981,80.78757,314.65,0.43,0.38,2026-04-09,2006,N21,VIIRS,n,2.0NRT,296.47,1.57,N
19.3104,80.78331,311.38,0.43,0.38,2026-04-09,2006,N21,VIIRS,n,2.0NRT,296.4,1.57,N
19.31044,81.1795,304.13,0.42,0.38,2026-04-09,2006,N21,VIIRS,n,2.0NRT,292.5,0.65,N
19.32371,80.76476,307,0.43,0.38,2026-04-09,2006,N21,VIIRS,n,2.0NRT,296.54,2.34,N
19.33413,83.43088,306.67,0.38,0.36,2026-04-09,2006,N21,VIIRS,n,2.0NRT,295.62,1.11,N
19.33421,72.02149,306.7,0.49,0.65,2026-04-09,2006,N21,VIIRS,n,2.0NRT,293.71,1.98,N
19.33466,72.01682,319.56,0.49,0.65,2026-04-09,2006,N21,VIIRS,n,2.0NRT,293.96,1.98,N
19.34404,80.77239,315.01,0.43,0.38,2026-04-09,2006,N21,VIIRS,n,2.0NRT,296.28,2.06,N
19.34472,80.58929,306.86,0.44,0.38,2026-04-09,2006,N21,VIIRS,n,2.0NRT,296.16,1.18,N
19.34824,80.58982,305.58,0.44,0.38,2026-04-09,2006,N21,VIIRS,n,2.0NRT,295.3,1.18,N
19.35057,80.59882,306.54,0.44,0.38,2026-04-09,2006,N21,VIIRS,n,2.0NRT,295.79,1.67,N
19.35394,80.75294,308.56,0.44,0.38,2026-04-09,2006,N21,VIIRS,n,2.0NRT,295.68,1.7,N
19.35518,78.18161,309.03,0.39,0.44,2026-04-09,2006,N21,VIIRS,n,2.0NRT,295.83,2.65,N
19.36082,81.34003,305.59,0.42,0.37,2026-04-09,2006,N21,VIIRS,n,2.0NRT,294.5,1.3,N
19.36617,80.76738,305.96,0.43,0.38,2026-04-09,2006,N21,VIIRS,n,2.0NRT,295.19,1.42,N
19.36858,80.72533,307.22,0.44,0.38,2026-04-09,2006,N21,VIIRS,n,2.0NRT,295.83,1.26,N
19.36957,79.6424,311.2,0.49,0.4,2026-04-09,2006,N21,VIIRS,n,2.0NRT,297.3,3.01,N
19.37169,71.35598,326.73,0.55,0.68,2026-04-09,2006,N21,VIIRS,n,2.0NRT,294.08,9.55,N
19.37207,80.72593,311.26,0.44,0.38,2026-04-09,2006,N21,VIIRS,n,2.0NRT,295.96,1.26,N
19.37217,71.35081,347.55,0.55,0.68,2026-04-09,2006,N21,VIIRS,n,2.0NRT,294.48,11.7,N
19.37375,80.73922,308.19,0.44,0.38,2026-04-09,2006,N21,VIIRS,n,2.0NRT,295.92,3.32,N
19.37675,79.46048,306.77,0.5,0.41,2026-04-09,2006,N21,VIIRS,n,2.0NRT,296.69,2.13,N
19.37846,80.73129,315.11,0.44,0.38,2026-04-09,2006,N21,VIIRS,n,2.0NRT,297.23,1.85,N
19.37892,79.45834,306.76,0.5,0.41,2026-04-09,2006,N21,VIIRS,n,2.0NRT,295.57,2.03,N
19.37907,80.72703,309.32,0.44,0.38,2026-04-09,2006,N21,VIIRS,n,2.0NRT,296.27,1.85,N
19.38074,80.74029,308.38,0.44,0.38,2026-04-09,2006,N21,VIIRS,n,2.0NRT,296.2,1.31,N
19.38134,80.73615,308.46,0.44,0.38,2026-04-09,2006,N21,VIIRS,n,2.0NRT,295.16,1.31,N
19.38195,80.73189,314.62,0.44,0.38,2026-04-09,2006,N21,VIIRS,n,2.0NRT,296.72,2.46,N
19.38256,80.72765,315.93,0.44,0.38,2026-04-09,2006,N21,VIIRS,n,2.0NRT,297.25,2.46,N
19.38484,80.73667,308.63,0.44,0.38,2026-04-09,2006,N21,VIIRS,n,2.0NRT,295.77,1.31,N
19.38544,80.73248,331.07,0.44,0.38,2026-04-09,2006,N21,VIIRS,n,2.0NRT,297.84,2.46,N
19.39367,80.72498,317,0.44,0.38,2026-04-09,2006,N21,VIIRS,n,2.0NRT,297.19,2.65,N
19.39762,80.77212,308.59,0.43,0.38,2026-04-09,2006,N21,VIIRS,n,2.0NRT,296.17,1.35,N
19.39824,80.76785,308.22,0.43,0.38,2026-04-09,2006,N21,VIIRS,n,2.0NRT,296.48,1.87,N
19.40109,80.77277,311.57,0.43,0.38,2026-04-09,2006,N21,VIIRS,n,2.0NRT,296.34,1.35,N
19.41304,79.45892,311.29,0.5,0.41,2026-04-09,2006,N21,VIIRS,n,2.0NRT,297.96,2.39,N
19.41787,80.81615,308.1,0.43,0.38,2026-04-09,2006,N21,VIIRS,n,2.0NRT,295.92,1.73,N
19.45867,73.63151,305.95,0.39,0.59,2026-04-09,2006,N21,VIIRS,n,2.0NRT,292.67,0.47,N
19.47067,80.79588,310.89,0.43,0.38,2026-04-09,2006,N21,VIIRS,n,2.0NRT,295.32,1.77,N
19.47313,80.16432,308.42,0.46,0.39,2026-04-09,2006,N21,VIIRS,n,2.0NRT,296.01,1.82,N
19.47611,80.16925,307,0.46,0.39,2026-04-09,2006,N21,VIIRS,n,2.0NRT,295.58,1.78,N
19.48377,80.65318,307.79,0.44,0.38,2026-04-09,2006,N21,VIIRS,n,2.0NRT,295.78,2.32,N
19.48523,80.79386,314.89,0.43,0.38,2026-04-09,2006,N21,VIIRS,n,2.0NRT,296.23,2.46,N
19.48669,81.09641,304.65,0.42,0.38,2026-04-09,2006,N21,VIIRS,n,2.0NRT,294.13,1.38,N
19.48671,80.68314,310.62,0.44,0.38,2026-04-09,2006,N21,VIIRS,n,2.0NRT,295.47,1.52,N
19.48946,80.7393,310.41,0.44,0.38,2026-04-09,2006,N21,VIIRS,n,2.0NRT,296.19,1.16,N
19.49005,80.73513,309.44,0.44,0.38,2026-04-09,2006,N21,VIIRS,n,2.0NRT,296.77,1.16,N
19.49119,80.75221,309.6,0.44,0.38,2026-04-09,2006,N21,VIIRS,n,2.0NRT,296.19,1.37,N
19.49357,80.73554,309.95,0.44,0.38,2026-04-09,2006,N21,VIIRS,n,2.0NRT,296.87,1.16,N
19.49369,80.65915,307.67,0.44,0.38,2026-04-09,2006,N21,VIIRS,n,2.0NRT,296.52,2.62,N
19.49605,80.13198,305.63,0.46,0.39,2026-04-09,2006,N21,VIIRS,n,2.0NRT,295.08,1.52,N
19.50225,73.52872,309.45,0.39,0.59,2026-04-09,2006,N21,VIIRS,n,2.0NRT,293.63,0.97,N
19.52789,80.18073,308.68,0.46,0.39,2026-04-09,2006,N21,VIIRS,n,2.0NRT,297.28,1.83,N
19.52796,80.72737,307.88,0.44,0.38,2026-04-09,2006,N21,VIIRS,n,2.0NRT,296.62,1.66,N
19.52851,80.72346,317.68,0.44,0.38,2026-04-09,2006,N21,VIIRS,n,2.0NRT,296.47,1.66,N
19.52906,80.71951,313.82,0.44,0.38,2026-04-09,2006,N21,VIIRS,n,2.0NRT,295.92,2.27,N
19.53092,80.13192,306.85,0.46,0.39,2026-04-09,2006,N21,VIIRS,n,2.0NRT,295.32,1.79,N
19.53146,80.72797,312.99,0.44,0.38,2026-04-09,2006,N21,VIIRS,n,2.0NRT,296.75,1.66,N
19.53443,80.73234,310.33,0.44,0.38,2026-04-09,2006,N21,VIIRS,n,2.0NRT,295.22,1.95,N
19.53736,80.93916,314.07,0.43,0.38,2026-04-09,2006,N21,VIIRS,n,2.0NRT,294.87,2.31,N
19.54084,80.93962,313,0.43,0.38,2026-04-09,2006,N21,VIIRS,n,2.0NRT,295.04,1.93,N
19.55542,80.73582,307.72,0.44,0.38,2026-04-09,2006,N21,VIIRS,n,2.0NRT,294.87,1.4,N
19.55616,80.13558,306.29,0.46,0.39,2026-04-09,2006,N21,VIIRS,n,2.0NRT,294.88,1.68,N
19.55949,80.73234,306.89,0.44,0.38,2026-04-09,2006,N21,VIIRS,n,2.0NRT,295.08,2.15,N
19.55982,80.10913,306.33,0.47,0.39,2026-04-09,2006,N21,VIIRS,n,2.0NRT,295.83,2.33,N
19.56068,80.69839,306.67,0.44,0.38,2026-04-09,2006,N21,VIIRS,n,2.0NRT,295.65,1.81,N
19.56073,80.74899,305.34,0.44,0.38,2026-04-09,2006,N21,VIIRS,n,2.0NRT,294.22,2.08,N
19.56178,80.84248,309.64,0.43,0.38,2026-04-09,2006,N21,VIIRS,n,2.0NRT,295.62,2.11,N
19.56187,80.74089,311.56,0.44,0.38,2026-04-09,2006,N21,VIIRS,n,2.0NRT,294.18,1.55,N
19.56277,80.141,304.94,0.46,0.39,2026-04-09,2006,N21,VIIRS,n,2.0NRT,294.68,0.88,N
19.56338,80.13661,306.26,0.46,0.39,2026-04-09,2006,N21,VIIRS,n,2.0NRT,294.47,0.88,N
19.56476,80.74576,315.89,0.44,0.38,2026-04-09,2006,N21,VIIRS,n,2.0NRT,296.32,2.08,N
19.56535,80.74159,316.62,0.44,0.38,2026-04-09,2006,N21,VIIRS,n,2.0NRT,295.68,1.55,N
19.56589,80.71232,312.51,0.44,0.38,2026-04-09,2006,N21,VIIRS,n,2.0NRT,296.04,1.72,N
19.56881,80.71703,307.92,0.44,0.38,2026-04-09,2006,N21,VIIRS,n,2.0NRT,294.76,1.72,N
19.57074,73.5745,305.54,0.39,0.59,2026-04-09,2006,N21,VIIRS,n,2.0NRT,293.02,0.92,N
19.57233,80.15154,311.21,0.46,0.39,2026-04-09,2006,N21,VIIRS,n,2.0NRT,296.63,2.86,N
19.57294,80.14716,328.32,0.46,0.39,2026-04-09,2006,N21,VIIRS,n,2.0NRT,296.3,2.86,N
19.58138,73.35726,305.37,0.4,0.6,2026-04-09,2006,N21,VIIRS,n,2.0NRT,292.23,1,N
19.58182,81.00005,310.34,0.43,0.38,2026-04-09,2006,N21,VIIRS,n,2.0NRT,295.2,1.98,N
19.5828,80.79509,310.82,0.44,0.38,2026-04-09,2006,N21,VIIRS,n,2.0NRT,293.95,1.48,N
19.58585,80.99671,309.2,0.43,0.38,2026-04-09,2006,N21,VIIRS,n,2.0NRT,295.06,2.29,N
19.58632,81.04227,306.12,0.43,0.38,2026-04-09,2006,N21,VIIRS,n,2.0NRT,294.67,1.17,N
19.58685,80.79171,304.67,0.44,0.38,2026-04-09,2006,N21,VIIRS,n,2.0NRT,294.58,1.48,N
19.58701,80.98865,304.57,0.43,0.38,2026-04-09,2006,N21,VIIRS,n,2.0NRT,293.97,1.25,N
19.58931,80.99728,307.36,0.43,0.38,2026-04-09,2006,N21,VIIRS,n,2.0NRT,294.8,1.37,N
19.59035,80.7922,306.52,0.44,0.38,2026-04-09,2006,N21,VIIRS,n,2.0NRT,294.69,1.18,N
19.59047,80.98923,316.32,0.43,0.38,2026-04-09,2006,N21,VIIRS,n,2.0NRT,294.62,1.98,N
19.59106,80.98515,313.58,0.43,0.38,2026-04-09,2006,N21,VIIRS,n,2.0NRT,294.36,1.98,N
19.59115,81.00041,306.35,0.43,0.38,2026-04-09,2006,N21,VIIRS,n,2.0NRT,294.3,1.27,N
19.59341,80.98434,308.85,0.43,0.38,2026-04-09,2006,N21,VIIRS,n,2.0NRT,294.13,2.24,N
19.59792,80.78925,310,0.44,0.38,2026-04-09,2006,N21,VIIRS,n,2.0NRT,294.12,1.73,N
19.59849,80.78526,310.56,0.44,0.38,2026-04-09,2006,N21,VIIRS,n,2.0NRT,295.47,1.73,N
19.59876,80.14666,311.86,0.46,0.39,2026-04-09,2006,N21,VIIRS,n,2.0NRT,296.49,1.81,N
19.59907,80.78121,313.24,0.44,0.38,2026-04-09,2006,N21,VIIRS,n,2.0NRT,295.51,2.58,N
19.59997,80.14968,307.97,0.46,0.39,2026-04-09,2006,N21,VIIRS,n,2.0NRT,296.57,1.89,N
19.6006,80.66985,305.45,0.44,0.38,2026-04-09,2006,N21,VIIRS,n,2.0NRT,295.18,1.31,N
19.60085,80.79377,303.67,0.44,0.38,2026-04-09,2006,N21,VIIRS,n,2.0NRT,293.19,1.07,N
19.60325,80.98997,310.96,0.43,0.38,2026-04-09,2006,N21,VIIRS,n,2.0NRT,294.94,2.4,N
19.60378,80.79826,303.37,0.44,0.38,2026-04-09,2006,N21,VIIRS,n,2.0NRT,293.12,1.44,N
19.60673,80.99046,304.18,0.43,0.38,2026-04-09,2006,N21,VIIRS,n,2.0NRT,293.96,1.07,N
19.60703,80.59891,309.03,0.44,0.39,2026-04-09,2006,N21,VIIRS,n,2.0NRT,296.78,1.85,N
19.61887,80.9798,308.56,0.43,0.38,2026-04-09,2006,N21,VIIRS,n,2.0NRT,294.67,1.57,N
19.62413,81.01767,307.04,0.43,0.38,2026-04-09,2006,N21,VIIRS,n,2.0NRT,294.03,1.08,N
19.63731,81.17222,304.43,0.42,0.38,2026-04-09,2006,N21,VIIRS,n,2.0NRT,293.18,0.81,N
19.64077,81.1727,304.28,0.42,0.38,2026-04-09,2006,N21,VIIRS,n,2.0NRT,292.74,0.81,N
19.64724,80.92995,304.14,0.43,0.38,2026-04-09,2006,N21,VIIRS,n,2.0NRT,293.76,1.62,N
19.65246,80.6896,307.82,0.44,0.38,2026-04-09,2006,N21,VIIRS,n,2.0NRT,296.05,1.82,N
19.65966,81.18815,306.84,0.42,0.38,2026-04-09,2006,N21,VIIRS,n,2.0NRT,294.05,1.34,N
19.66705,80.68794,306.77,0.44,0.38,2026-04-09,2006,N21,VIIRS,n,2.0NRT,296.1,1.7,N
19.67153,81.00843,304.63,0.43,0.38,2026-04-09,2006,N21,VIIRS,n,2.0NRT,292.76,0.69,N
19.67155,80.934,309.64,0.43,0.38,2026-04-09,2006,N21,VIIRS,n,2.0NRT,293.43,2.01,N
19.67209,81.00448,303.53,0.43,0.38,2026-04-09,2006,N21,VIIRS,n,2.0NRT,293.25,0.69,N
19.67416,80.66286,309.83,0.44,0.38,2026-04-09,2006,N21,VIIRS,n,2.0NRT,295.68,1.2,N
19.6756,80.93052,320.11,0.43,0.38,2026-04-09,2006,N21,VIIRS,n,2.0NRT,294.96,2.01,N
19.67802,81.17833,306.03,0.42,0.38,2026-04-09,2006,N21,VIIRS,n,2.0NRT,294.14,1.45,N
19.67908,80.93104,304.72,0.43,0.38,2026-04-09,2006,N21,VIIRS,n,2.0NRT,294.59,1.28,N
19.72146,80.92038,308.51,0.43,0.38,2026-04-09,2006,N21,VIIRS,n,2.0NRT,294.21,2.31,N
19.7225,77.50893,312.99,0.43,0.46,2026-04-09,2006,N21,VIIRS,n,2.0NRT,294.83,1.75,N
19.73995,77.92381,305.14,0.41,0.45,2026-04-09,2006,N21,VIIRS,n,2.0NRT,294.93,1.14,N
19.74922,78.21738,307.45,0.39,0.44,2026-04-09,2006,N21,VIIRS,n,2.0NRT,295.62,1.71,N
19.75275,80.77332,305.03,0.44,0.38,2026-04-09,2006,N21,VIIRS,n,2.0NRT,293.43,1.02,N
19.7549,78.19511,308.2,0.39,0.44,2026-04-09,2006,N21,VIIRS,n,2.0NRT,295.62,1.36,N
19.7554,78.19131,309.63,0.39,0.44,2026-04-09,2006,N21,VIIRS,n,2.0NRT,295.71,1.36,N
19.756,78.19562,308.86,0.39,0.44,2026-04-09,2006,N21,VIIRS,n,2.0NRT,295.71,1.49,N
19.75647,78.19185,310.1,0.4,0.44,2026-04-09,2006,N21,VIIRS,n,2.0NRT,295.71,1.49,N
19.78558,79.06448,306.41,0.53,0.42,2026-04-09,2006,N21,VIIRS,n,2.0NRT,296.35,1.93,N
19.78658,79.14604,309.83,0.52,0.42,2026-04-09,2006,N21,VIIRS,n,2.0NRT,297.97,2.02,N
19.79584,80.18227,309.92,0.46,0.39,2026-04-09,2006,N21,VIIRS,n,2.0NRT,296.24,1.61,N
19.82645,73.42293,307.98,0.4,0.6,2026-04-09,2006,N21,VIIRS,n,2.0NRT,293.84,1.72,N
19.92891,79.12287,307.24,0.53,0.42,2026-04-09,2006,N21,VIIRS,n,2.0NRT,296.53,2.6,N
19.93644,73.71123,306.26,0.39,0.59,2026-04-09,2006,N21,VIIRS,n,2.0NRT,291,0.72,N
19.9628,79.3324,309.68,0.51,0.41,2026-04-09,2006,N21,VIIRS,n,2.0NRT,295.81,2.03,N
20.02631,73.38171,303.24,0.41,0.6,2026-04-09,2006,N21,VIIRS,n,2.0NRT,292.15,0.85,N
20.05515,72.7862,308.88,0.45,0.63,2026-04-09,2006,N21,VIIRS,n,2.0NRT,293.14,2.03,N
20.05559,72.78155,303.57,0.45,0.63,2026-04-09,2006,N21,VIIRS,n,2.0NRT,293.03,2.04,N
20.19931,76.12283,302.36,0.54,0.51,2026-04-09,2006,N21,VIIRS,n,2.0NRT,290.96,1.08,N
20.23675,74.65076,304.66,0.34,0.56,2026-04-09,2006,N21,VIIRS,n,2.0NRT,290.2,0.57,N
6.5713,81.00277,310.64,0.39,0.36,2026-04-09,2008,N21,VIIRS,n,2.0NRT,294.42,1.16,N
7.23131,81.54117,328.95,0.39,0.36,2026-04-09,2008,N21,VIIRS,n,2.0NRT,294.81,2.81,N
7.98745,79.86765,308.7,0.39,0.36,2026-04-09,2008,N21,VIIRS,n,2.0NRT,296.89,0.87,N
8.40512,77.49907,309.81,0.47,0.4,2026-04-09,2008,N21,VIIRS,n,2.0NRT,286.29,2.5,N
8.40823,77.5032,323.98,0.47,0.4,2026-04-09,2008,N21,VIIRS,n,2.0NRT,285.7,2.5,N
8.40882,77.49918,321.2,0.47,0.4,2026-04-09,2008,N21,VIIRS,n,2.0NRT,286.26,2.5,N
8.66887,77.99278,306.42,0.45,0.39,2026-04-09,2008,N21,VIIRS,n,2.0NRT,284.26,0.73,N
11.17661,79.09007,308.26,0.43,0.38,2026-04-09,2008,N21,VIIRS,n,2.0NRT,295.5,3.49,N
11.56864,77.89058,315.96,0.49,0.4,2026-04-09,2008,N21,VIIRS,n,2.0NRT,292.67,6.2,N
12.13147,78.88232,308.4,0.45,0.39,2026-04-09,2008,N21,VIIRS,n,2.0NRT,292.1,3.39,N
12.29193,79.2925,320.23,0.43,0.38,2026-04-09,2008,N21,VIIRS,n,2.0NRT,295.16,3.86,N
12.52432,75.07128,305.83,0.5,0.49,2026-04-09,2008,N21,VIIRS,n,2.0NRT,291.82,1.19,N
12.66444,78.67021,313.34,0.46,0.39,2026-04-09,2008,N21,VIIRS,n,2.0NRT,292.94,5.35,N
12.66504,78.666,330.19,0.46,0.39,2026-04-09,2008,N21,VIIRS,n,2.0NRT,293.53,6.75,N
12.668,78.67097,338.65,0.46,0.39,2026-04-09,2008,N21,VIIRS,n,2.0NRT,295.64,18.13,N
12.6686,78.66675,308.34,0.46,0.39,2026-04-09,2008,N21,VIIRS,n,2.0NRT,293.06,7.47,N
12.67157,78.67169,336.69,0.46,0.39,2026-04-09,2008,N21,VIIRS,n,2.0NRT,296.56,18.13,N
12.67513,78.67246,323.03,0.46,0.39,2026-04-09,2008,N21,VIIRS,n,2.0NRT,293.4,5.07,N
12.67573,78.66827,332.4,0.46,0.39,2026-04-09,2008,N21,VIIRS,n,2.0NRT,293.83,3.7,N
12.67928,78.66908,306.91,0.46,0.39,2026-04-09,2008,N21,VIIRS,n,2.0NRT,292.52,3.7,N
12.8034,78.81494,309.44,0.46,0.39,2026-04-09,2008,N21,VIIRS,n,2.0NRT,293.03,0.45,N
13.00157,78.71697,311.68,0.46,0.39,2026-04-09,2008,N21,VIIRS,n,2.0NRT,293.29,2.45,N
13.18948,80.2844,323.01,0.41,0.37,2026-04-09,2008,N21,VIIRS,n,2.0NRT,295.59,2.51,N
13.62602,76.72487,304.16,0.4,0.45,2026-04-09,2008,N21,VIIRS,n,2.0NRT,290.81,0.55,N
13.80747,76.52348,308.65,0.42,0.45,2026-04-09,2008,N21,VIIRS,n,2.0NRT,292.93,1.59,N
13.80797,76.51982,311.7,0.42,0.45,2026-04-09,2008,N21,VIIRS,n,2.0NRT,293.56,1.42,N
13.89693,76.56606,304.56,0.42,0.45,2026-04-09,2008,N21,VIIRS,n,2.0NRT,293.25,0.91,N
30.76263,72.20427,306.5,0.4,0.6,2026-04-09,2142,N21,VIIRS,n,2.0NRT,285.13,2.23,N
30.76361,72.20029,321.95,0.4,0.6,2026-04-09,2142,N21,VIIRS,n,2.0NRT,285.92,2.23,N
31.36857,76.36047,298.79,0.66,0.73,2026-04-09,2142,N21,VIIRS,n,2.0NRT,283.9,1.07,N
31.91971,74.2482,303.16,0.49,0.65,2026-04-09,2142,N21,VIIRS,n,2.0NRT,284.06,0.78,N
32.10593,74.17908,312.69,0.48,0.64,2026-04-09,2142,N21,VIIRS,n,2.0NRT,286.63,1.85,N
32.29082,70.73978,297.75,0.6,0.53,2026-04-09,2142,N21,VIIRS,n,2.0NRT,285.73,1.23,N
32.37686,72.13868,300.9,0.36,0.57,2026-04-09,2142,N21,VIIRS,n,2.0NRT,287.02,0.78,N
32.71885,72.92398,299.56,0.39,0.59,2026-04-09,2142,N21,VIIRS,n,2.0NRT,283.52,0.88,N
32.82654,71.6004,300.28,0.33,0.55,2026-04-09,2142,N21,VIIRS,n,2.0NRT,287.45,0.89,N
23.42868,68.71387,304.17,0.35,0.57,2026-04-09,2144,N21,VIIRS,n,2.0NRT,292.75,1.29,N
23.43051,68.71329,308.37,0.35,0.57,2026-04-09,2144,N21,VIIRS,n,2.0NRT,293.15,1.13,N
24.20916,74.46266,300.58,0.77,0.78,2026-04-09,2144,N21,VIIRS,n,2.0NRT,289.94,2.04,N
24.20987,74.46634,300.51,0.78,0.78,2026-04-09,2144,N21,VIIRS,n,2.0NRT,290.11,1.62,N
24.21158,74.29137,311.69,0.76,0.77,2026-04-09,2144,N21,VIIRS,n,2.0NRT,288.13,2.68,N
24.3448,73.25607,302.13,0.65,0.73,2026-04-09,2144,N21,VIIRS,n,2.0NRT,291.26,1.95,N
24.35032,73.25661,304.13,0.65,0.73,2026-04-09,2144,N21,VIIRS,n,2.0NRT,291.81,2.2,N
24.6012,73.47951,304.82,0.66,0.73,2026-04-09,2144,N21,VIIRS,n,2.0NRT,289.91,2.41,N
24.60299,73.48142,305.13,0.66,0.73,2026-04-09,2144,N21,VIIRS,n,2.0NRT,289.65,2.41,N
24.60608,73.48763,300.94,0.66,0.73,2026-04-09,2144,N21,VIIRS,n,2.0NRT,289.27,1.06,N
24.60783,73.48994,300.05,0.66,0.73,2026-04-09,2144,N21,VIIRS,n,2.0NRT,289.08,2.08,N
24.8178,73.09195,301.4,0.62,0.71,2026-04-09,2144,N21,VIIRS,n,2.0NRT,291.36,1.82,N
24.92131,73.22591,309.14,0.63,0.72,2026-04-09,2144,N21,VIIRS,n,2.0NRT,290.18,2.27,N
28.42596,69.7006,307.06,0.32,0.54,2026-04-09,2144,N21,VIIRS,n,2.0NRT,289.41,1.83,N
28.60933,68.63201,307.84,0.54,0.51,2026-04-09,2144,N21,VIIRS,n,2.0NRT,286.96,1.46,N
19.36576,71.35507,334.19,0.64,0.72,2026-04-09,2146,N21,VIIRS,n,2.0NRT,292.88,6.2,N
19.36715,71.3492,306.51,0.64,0.72,2026-04-09,2146,N21,VIIRS,n,2.0NRT,292.79,8.98,N
19.3722,71.35683,320.99,0.64,0.72,2026-04-09,2146,N21,VIIRS,n,2.0NRT,292.83,6.2,N
21.10226,72.64286,308.96,0.71,0.75,2026-04-09,2146,N21,VIIRS,n,2.0NRT,293.72,2.98,N
21.10293,72.64797,314.29,0.71,0.75,2026-04-09,2146,N21,VIIRS,n,2.0NRT,294.23,4.36,N
21.10385,72.63632,307.46,0.7,0.75,2026-04-09,2146,N21,VIIRS,n,2.0NRT,293.8,2.98,N
21.10456,72.64142,308.59,0.7,0.75,2026-04-09,2146,N21,VIIRS,n,2.0NRT,293.78,4.36,N
21.10891,72.64487,307.74,0.71,0.75,2026-04-09,2146,N21,VIIRS,n,2.0NRT,294.2,2.98,N
22.32952,69.73843,307.55,0.43,0.62,2026-04-09,2146,N21,VIIRS,n,2.0NRT,291.39,1.18,N
22.3314,69.74002,306.2,0.43,0.62,2026-04-09,2146,N21,VIIRS,n,2.0NRT,291.63,1.58,N
22.41367,69.03809,304.11,0.39,0.59,2026-04-09,2146,N21,VIIRS,n,2.0NRT,292.9,0.85,N
22.93246,69.70447,309.73,0.42,0.61,2026-04-09,2146,N21,VIIRS,n,2.0NRT,292.46,2.45,N
23.05797,69.73746,306.6,0.42,0.61,2026-04-09,2146,N21,VIIRS,n,2.0NRT,290.36,0.94,N