latitude,longitude,bright_ti4,scan,track,acq_date,acq_time,satellite,instrument,confidence,version,bright_ti5,frp,daynight
14.87191,97.82751,344.06,0.4,0.6,2026-05-01,612,N,VIIRS,n,2.0NRT,292.98,5.34,D
15.35468,97.76849,331.29,0.39,0.6,2026-05-01,612,N,VIIRS,n,2.0NRT,294,3.98,D
15.35532,97.76913,330.16,0.39,0.6,2026-05-01,612,N,VIIRS,n,2.0NRT,294.06,4.07,D
15.54122,97.87268,353.27,0.39,0.59,2026-05-01,612,N,VIIRS,n,2.0NRT,294.6,7.63,D
15.86101,95.14862,341.01,0.57,0.69,2026-05-01,614,N,VIIRS,n,2.0NRT,291.68,7.21,D
15.86255,95.15062,335.46,0.57,0.69,2026-05-01,614,N,VIIRS,n,2.0NRT,291.56,6.78,D
15.87079,97.87124,357.59,0.38,0.59,2026-05-01,614,N,VIIRS,n,2.0NRT,294.71,9.39,D
16.00881,94.67972,330.97,0.61,0.71,2026-05-01,614,N,VIIRS,n,2.0NRT,282.06,3.89,D
16.22098,97.60364,331.71,0.39,0.59,2026-05-01,614,N,VIIRS,n,2.0NRT,295.03,3.67,D
16.44128,97.93233,349.03,0.37,0.58,2026-05-01,614,N,VIIRS,n,2.0NRT,299.44,6.26,D
16.45554,97.80975,355.61,0.37,0.58,2026-05-01,614,N,VIIRS,n,2.0NRT,295.6,6.47,D
16.45733,97.8082,348.96,0.37,0.58,2026-05-01,614,N,VIIRS,n,2.0NRT,296.22,7.32,D
16.45805,97.8117,342.64,0.37,0.58,2026-05-01,614,N,VIIRS,n,2.0NRT,295.41,8.82,D
16.49825,97.87215,331.93,0.37,0.58,2026-05-01,614,N,VIIRS,n,2.0NRT,298.84,3.64,D
16.52989,96.3768,354.09,0.46,0.64,2026-05-01,614,N,VIIRS,n,2.0NRT,292.74,9.56,D
16.54261,95.18682,337.03,0.55,0.68,2026-05-01,614,N,VIIRS,n,2.0NRT,288.65,8.9,D
16.54565,95.18771,332.5,0.55,0.68,2026-05-01,614,N,VIIRS,n,2.0NRT,288.31,6.41,D
16.55017,97.88248,339.09,0.37,0.58,2026-05-01,614,N,VIIRS,n,2.0NRT,299.93,5.56,D
16.55086,97.88593,344.48,0.37,0.58,2026-05-01,614,N,VIIRS,n,2.0NRT,299.61,9.44,D
16.55261,97.82315,336,0.37,0.58,2026-05-01,614,N,VIIRS,n,2.0NRT,301.04,8.57,D
16.55333,97.82663,344.78,0.37,0.58,2026-05-01,614,N,VIIRS,n,2.0NRT,301.25,10.53,D
16.55498,97.82357,340.02,0.37,0.58,2026-05-01,614,N,VIIRS,n,2.0NRT,301.06,8.75,D
16.55567,97.82705,342.32,0.37,0.58,2026-05-01,614,N,VIIRS,n,2.0NRT,301.08,9.6,D
16.61026,96.67305,330.73,0.44,0.62,2026-05-01,614,N,VIIRS,n,2.0NRT,293.85,4.54,D
16.71436,97.39612,345.23,0.39,0.6,2026-05-01,614,N,VIIRS,n,2.0NRT,293.78,7.18,D
16.74192,95.99616,330.81,0.48,0.65,2026-05-01,614,N,VIIRS,n,2.0NRT,295.05,3.41,D
16.80527,95.2365,331.2,0.54,0.68,2026-05-01,614,N,VIIRS,n,2.0NRT,289.67,3.32,D
16.82753,97.97064,331.54,0.36,0.57,2026-05-01,614,N,VIIRS,n,2.0NRT,299.85,2.7,D
16.86803,95.49355,347.26,0.52,0.67,2026-05-01,614,N,VIIRS,n,2.0NRT,290.11,8.1,D
16.86994,97.93685,332.73,0.36,0.57,2026-05-01,614,N,VIIRS,n,2.0NRT,299.06,4.22,D
16.87151,97.24765,331.25,0.4,0.6,2026-05-01,614,N,VIIRS,n,2.0NRT,297.34,1.47,D
16.88193,95.88132,367,0.49,0.65,2026-05-01,614,N,VIIRS,h,2.0NRT,292.49,12.65,D
16.90303,95.30549,332.78,0.53,0.67,2026-05-01,614,N,VIIRS,n,2.0NRT,291.13,4.08,D
16.90415,95.31051,332.44,0.53,0.67,2026-05-01,614,N,VIIRS,n,2.0NRT,290.37,4.08,D
16.90515,95.30864,342.31,0.53,0.67,2026-05-01,614,N,VIIRS,n,2.0NRT,291.26,4.29,D
16.91799,95.01763,332.25,0.55,0.68,2026-05-01,614,N,VIIRS,n,2.0NRT,288.43,4.94,D
17.05974,95.41094,331.64,0.52,0.67,2026-05-01,614,N,VIIRS,n,2.0NRT,287.49,6.68,D
17.06081,95.41582,331.6,0.52,0.67,2026-05-01,614,N,VIIRS,n,2.0NRT,286.82,6.38,D
17.07848,95.78985,337.74,0.49,0.65,2026-05-01,614,N,VIIRS,n,2.0NRT,292.34,4.68,D
17.08325,97.83849,347.2,0.36,0.58,2026-05-01,614,N,VIIRS,n,2.0NRT,297.72,5.75,D
17.09998,95.91938,334.78,0.48,0.65,2026-05-01,614,N,VIIRS,n,2.0NRT,289.66,4.09,D
17.13603,95.43788,355.95,0.51,0.66,2026-05-01,614,N,VIIRS,n,2.0NRT,290.18,5.2,D
17.1362,95.43928,349.82,0.52,0.66,2026-05-01,614,N,VIIRS,n,2.0NRT,289.14,10.13,D
17.19231,95.49086,346.62,0.51,0.66,2026-05-01,614,N,VIIRS,n,2.0NRT,291.72,7.8,D
17.20011,95.79658,341.39,0.49,0.65,2026-05-01,614,N,VIIRS,n,2.0NRT,292.34,5.57,D
17.20225,95.79424,347.57,0.49,0.65,2026-05-01,614,N,VIIRS,n,2.0NRT,291.68,6.2,D
17.23391,95.76774,343.86,0.49,0.65,2026-05-01,614,N,VIIRS,n,2.0NRT,291.88,6.37,D
17.26649,96.78954,336.49,0.42,0.61,2026-05-01,614,N,VIIRS,n,2.0NRT,296.36,4.58,D
17.28314,97.75472,344.09,0.36,0.58,2026-05-01,614,N,VIIRS,n,2.0NRT,300.49,6.11,D
17.38326,97.82389,344.34,0.36,0.57,2026-05-01,614,N,VIIRS,n,2.0NRT,297.96,4.41,D
17.42409,96.67627,332.12,0.42,0.61,2026-05-01,614,N,VIIRS,n,2.0NRT,295.67,4.43,D
17.50657,94.59633,336.16,0.57,0.69,2026-05-01,614,N,VIIRS,n,2.0NRT,283.8,4.96,D
17.50682,94.5933,331.65,0.57,0.69,2026-05-01,614,N,VIIRS,n,2.0NRT,283.39,4.6,D
17.61851,97.94102,330.56,0.35,0.57,2026-05-01,614,N,VIIRS,n,2.0NRT,292.3,5.22,D
17.78562,97.42635,367,0.37,0.58,2026-05-01,614,N,VIIRS,h,2.0NRT,295.39,6.24,D
18.04907,97.55428,329.67,0.36,0.58,2026-05-01,614,N,VIIRS,n,2.0NRT,294.73,1.9,D
18.09772,97.92585,332.16,0.34,0.56,2026-05-01,614,N,VIIRS,n,2.0NRT,293.19,2.65,D
18.09934,97.9256,337.65,0.34,0.56,2026-05-01,614,N,VIIRS,n,2.0NRT,293.83,2.59,D
20.20501,97.69061,333.55,0.32,0.55,2026-05-01,614,N,VIIRS,n,2.0NRT,284.54,2.98,D
20.24566,97.86415,328.44,0.63,0.54,2026-05-01,614,N,VIIRS,n,2.0NRT,275.34,4.43,D
20.24586,97.86243,329.01,0.63,0.54,2026-05-01,614,N,VIIRS,n,2.0NRT,276.4,7.46,D
20.25488,97.68273,331.6,0.32,0.55,2026-05-01,614,N,VIIRS,n,2.0NRT,283.68,1.94,D
21.05419,97.49085,333.54,0.32,0.55,2026-05-01,614,N,VIIRS,n,2.0NRT,277.8,2.56,D
8.22479,93.1376,349.81,0.37,0.58,2026-05-01,752,N,VIIRS,n,2.0NRT,287.07,10.69,D
8.22523,93.14094,356.45,0.37,0.58,2026-05-01,752,N,VIIRS,l,2.0NRT,286.34,15.53,D
8.71665,77.97856,330.34,0.44,0.46,2026-05-01,752,N,VIIRS,n,2.0NRT,293.17,3.15,D
8.97755,77.31641,337.62,0.48,0.48,2026-05-01,752,N,VIIRS,n,2.0NRT,296.54,6.2,D
9.01382,80.08339,331.36,0.49,0.4,2026-05-01,752,N,VIIRS,n,2.0NRT,298.21,2.6,D
9.15679,77.75347,338.4,0.45,0.47,2026-05-01,752,N,VIIRS,n,2.0NRT,302.33,7.18,D
9.33234,78.80119,330.19,0.38,0.43,2026-05-01,752,N,VIIRS,n,2.0NRT,297.21,1.33,D
9.43232,78.21957,332.83,0.42,0.45,2026-05-01,752,N,VIIRS,n,2.0NRT,297.55,2.37,D
9.57678,78.74747,335.6,0.38,0.43,2026-05-01,752,N,VIIRS,n,2.0NRT,296.94,2.61,D
9.58542,77.83014,340.25,0.44,0.46,2026-05-01,752,N,VIIRS,n,2.0NRT,299.18,7.02,D
9.9137,78.32823,341.56,0.4,0.44,2026-05-01,752,N,VIIRS,n,2.0NRT,290.93,4.33,D
9.91778,78.32755,346.49,0.4,0.44,2026-05-01,752,N,VIIRS,n,2.0NRT,289.41,4.33,D
9.93863,78.25196,332.3,0.41,0.45,2026-05-01,752,N,VIIRS,n,2.0NRT,292.46,2.99,D
9.97382,76.37482,341.87,0.54,0.51,2026-05-01,752,N,VIIRS,n,2.0NRT,291.29,4.58,D
9.97552,76.37138,341.59,0.54,0.51,2026-05-01,752,N,VIIRS,n,2.0NRT,289.96,4.88,D
9.97847,76.37399,332.95,0.54,0.51,2026-05-01,752,N,VIIRS,n,2.0NRT,289.58,4.58,D
10.19382,77.76546,333.37,0.43,0.46,2026-05-01,752,N,VIIRS,n,2.0NRT,300.32,4.67,D
10.21813,77.73404,332.9,0.43,0.46,2026-05-01,752,N,VIIRS,n,2.0NRT,298.71,2.62,D
10.21875,77.73759,339.33,0.43,0.46,2026-05-01,752,N,VIIRS,n,2.0NRT,300.23,6.34,D
10.23071,77.73138,331.86,0.43,0.46,2026-05-01,752,N,VIIRS,n,2.0NRT,296.69,1.94,D
10.27053,77.86094,351.15,0.42,0.46,2026-05-01,752,N,VIIRS,n,2.0NRT,303.55,5.88,D
10.47026,79.4894,335.23,0.51,0.41,2026-05-01,752,N,VIIRS,n,2.0NRT,302.51,3.21,D
10.47403,79.48875,330.7,0.51,0.41,2026-05-01,752,N,VIIRS,l,2.0NRT,304.01,3.08,D
10.65061,79.29419,333.55,0.52,0.41,2026-05-01,752,N,VIIRS,n,2.0NRT,289.72,4.67,D
10.65139,79.29892,330.49,0.52,0.41,2026-05-01,752,N,VIIRS,n,2.0NRT,289.86,5.46,D
11.12049,77.09647,344.45,0.46,0.47,2026-05-01,752,N,VIIRS,n,2.0NRT,306.3,8.32,D
11.13845,79.73773,342.3,0.48,0.4,2026-05-01,752,N,VIIRS,n,2.0NRT,297.54,11.05,D
11.7227,78.72647,332.16,0.54,0.42,2026-05-01,752,N,VIIRS,n,2.0NRT,289.75,4.03,D
11.83861,77.89574,333.71,0.4,0.44,2026-05-01,752,N,VIIRS,l,2.0NRT,306.79,1.77,D
11.91189,78.68147,337.7,0.54,0.42,2026-05-01,752,N,VIIRS,n,2.0NRT,300.13,4.5,D
12.32309,78.43499,341.38,0.55,0.43,2026-05-01,754,N,VIIRS,n,2.0NRT,310.32,5.43,D
12.37075,77.55778,342.49,0.41,0.45,2026-05-01,754,N,VIIRS,n,2.0NRT,304.95,2.36,D
12.43043,77.89745,342.97,0.39,0.44,2026-05-01,754,N,VIIRS,n,2.0NRT,303.77,6.88,D
12.44856,77.88243,333.86,0.39,0.44,2026-05-01,754,N,VIIRS,l,2.0NRT,305.33,5.64,D
12.44889,77.73981,335.55,0.4,0.44,2026-05-01,754,N,VIIRS,l,2.0NRT,306.06,2.9,D
12.70291,77.78452,330.2,0.39,0.44,2026-05-01,754,N,VIIRS,l,2.0NRT,300.57,1.71,D
12.78432,77.42057,333.38,0.41,0.45,2026-05-01,754,N,VIIRS,l,2.0NRT,303.96,6.66,D
12.80134,75.89565,333.04,0.52,0.5,2026-05-01,754,N,VIIRS,n,2.0NRT,296.23,5.69,D
12.8018,75.89742,335.79,0.52,0.5,2026-05-01,754,N,VIIRS,n,2.0NRT,296.21,4.9,D
12.80812,77.98454,335.49,0.57,0.43,2026-05-01,754,N,VIIRS,n,2.0NRT,304.24,2.34,D
12.8397,78.42477,332.28,0.54,0.42,2026-05-01,754,N,VIIRS,l,2.0NRT,304.54,3.76,D
12.84468,78.8133,331.26,0.51,0.41,2026-05-01,754,N,VIIRS,l,2.0NRT,303.56,2.27,D
12.86702,79.86234,339.87,0.45,0.39,2026-05-01,754,N,VIIRS,n,2.0NRT,305.49,2.41,D
12.92506,78.57597,331.38,0.53,0.42,2026-05-01,754,N,VIIRS,l,2.0NRT,304.2,1.01,D
12.9691,79.75928,338.47,0.46,0.39,2026-05-01,754,N,VIIRS,n,2.0NRT,307.47,5.08,D
12.972,79.75446,343.74,0.46,0.39,2026-05-01,754,N,VIIRS,l,2.0NRT,306.39,8.84,D
12.9727,79.75867,347.43,0.46,0.39,2026-05-01,754,N,VIIRS,n,2.0NRT,306.4,8.84,D
13.01359,79.87212,336.95,0.45,0.39,2026-05-01,754,N,VIIRS,l,2.0NRT,305.45,3.27,D
13.02226,79.85777,336.61,0.45,0.39,2026-05-01,754,N,VIIRS,l,2.0NRT,304.66,8.49,D
13.07396,78.77207,352.35,0.51,0.41,2026-05-01,754,N,VIIRS,n,2.0NRT,306.54,8.82,D
13.10522,79.83568,348.65,0.45,0.39,2026-05-01,754,N,VIIRS,n,2.0NRT,307.96,7.06,D
13.13961,75.99757,333.31,0.5,0.49,2026-05-01,754,N,VIIRS,n,2.0NRT,300.87,1.84,D
13.1411,75.99984,330.56,0.5,0.49,2026-05-01,754,N,VIIRS,n,2.0NRT,299.74,3.76,D
13.14877,79.92197,335.28,0.45,0.39,2026-05-01,754,N,VIIRS,l,2.0NRT,306.49,3.01,D
13.16218,77.45471,335.17,0.41,0.45,2026-05-01,754,N,VIIRS,n,2.0NRT,302.43,5.11,D
13.1694,78.07894,330.14,0.56,0.43,2026-05-01,754,N,VIIRS,l,2.0NRT,303.78,2.03,D
13.2017,80.24682,335.19,0.44,0.38,2026-05-01,754,N,VIIRS,l,2.0NRT,304.13,2.8,D
13.23201,78.42387,333.42,0.53,0.42,2026-05-01,754,N,VIIRS,l,2.0NRT,306.82,3.44,D
13.33607,79.62975,339.46,0.46,0.39,2026-05-01,754,N,VIIRS,n,2.0NRT,305.96,1.78,D
13.38152,80.13096,342.69,0.44,0.38,2026-05-01,754,N,VIIRS,l,2.0NRT,308.99,5.06,D
13.4027,80.0609,339.11,0.44,0.38,2026-05-01,754,N,VIIRS,l,2.0NRT,307.64,5.52,D
13.40623,80.06029,336.25,0.44,0.38,2026-05-01,754,N,VIIRS,l,2.0NRT,307.25,11.47,D
13.44819,78.58346,331.17,0.52,0.41,2026-05-01,754,N,VIIRS,l,2.0NRT,304.6,4.09,D
13.49047,78.74113,336.8,0.51,0.41,2026-05-01,754,N,VIIRS,l,2.0NRT,306.12,5.94,D
13.50466,79.18648,330.9,0.48,0.4,2026-05-01,754,N,VIIRS,l,2.0NRT,303.75,5.25,D
13.5083,79.18566,336.79,0.48,0.4,2026-05-01,754,N,VIIRS,n,2.0NRT,302.8,5.25,D
13.55417,80.06084,339.8,0.44,0.38,2026-05-01,754,N,VIIRS,l,2.0NRT,300.47,4.1,D
13.71742,79.24528,330.62,0.48,0.4,2026-05-01,754,N,VIIRS,l,2.0NRT,305.46,5.17,D
13.84431,79.26821,336.09,0.47,0.4,2026-05-01,754,N,VIIRS,l,2.0NRT,303.4,8.25,D
13.84501,79.27236,335.9,0.47,0.4,2026-05-01,754,N,VIIRS,l,2.0NRT,300.73,9.92,D
13.84571,79.27652,336.18,0.47,0.4,2026-05-01,754,N,VIIRS,l,2.0NRT,301.56,9.92,D
13.84865,79.27174,351.44,0.47,0.4,2026-05-01,754,N,VIIRS,n,2.0NRT,302.1,9.92,D
13.85729,79.27852,337.04,0.47,0.4,2026-05-01,754,N,VIIRS,n,2.0NRT,304.62,10,D
13.85799,79.28267,352.77,0.47,0.4,2026-05-01,754,N,VIIRS,n,2.0NRT,305.42,10,D
13.85869,79.28684,341.43,0.47,0.4,2026-05-01,754,N,VIIRS,n,2.0NRT,302.31,13.94,D
13.89794,78.36416,338.84,0.53,0.42,2026-05-01,754,N,VIIRS,n,2.0NRT,302.72,3.52,D
13.90096,78.35886,331.32,0.53,0.42,2026-05-01,754,N,VIIRS,l,2.0NRT,303.14,3.52,D
13.90177,78.36349,336.69,0.53,0.42,2026-05-01,754,N,VIIRS,n,2.0NRT,303.1,3.52,D
13.90559,78.36283,347.16,0.53,0.42,2026-05-01,754,N,VIIRS,n,2.0NRT,302.69,9.88,D
13.95729,80.00649,340.56,0.44,0.38,2026-05-01,754,N,VIIRS,n,2.0NRT,306.67,4.6,D
13.96507,78.59361,346.71,0.51,0.41,2026-05-01,754,N,VIIRS,n,2.0NRT,303.4,6.18,D
13.97735,78.48328,339.32,0.52,0.41,2026-05-01,754,N,VIIRS,n,2.0NRT,304.36,3.42,D
13.98114,78.48259,344.81,0.52,0.41,2026-05-01,754,N,VIIRS,n,2.0NRT,304.91,6.62,D
13.98534,76.36015,333.43,0.46,0.47,2026-05-01,754,N,VIIRS,l,2.0NRT,303.8,1.88,D
14.11642,78.4622,331.96,0.52,0.41,2026-05-01,754,N,VIIRS,l,2.0NRT,305.52,3.25,D
14.13089,76.54023,337.31,0.45,0.47,2026-05-01,754,N,VIIRS,n,2.0NRT,306.31,3.65,D
14.29694,79.42295,332.7,0.46,0.39,2026-05-01,754,N,VIIRS,n,2.0NRT,303.54,129.53,D
14.29837,79.40953,335.04,0.46,0.39,2026-05-01,754,N,VIIRS,n,2.0NRT,304,8.92,D
14.29914,79.4141,367,0.46,0.39,2026-05-01,754,N,VIIRS,h,2.0NRT,309.29,8.92,D
14.29985,79.41828,367,0.46,0.39,2026-05-01,754,N,VIIRS,h,2.0NRT,329.63,129.53,D
14.30006,79.28767,336.92,0.47,0.39,2026-05-01,754,N,VIIRS,n,2.0NRT,305.2,2.03,D
14.30051,79.42223,367,0.46,0.39,2026-05-01,754,N,VIIRS,h,2.0NRT,347.36,129.53,D
14.30199,79.40906,350.62,0.46,0.39,2026-05-01,754,N,VIIRS,n,2.0NRT,306.59,7.65,D
14.30273,79.41347,345.17,0.46,0.39,2026-05-01,754,N,VIIRS,n,2.0NRT,307.64,7.65,D
14.30342,79.41753,367,0.46,0.39,2026-05-01,754,N,VIIRS,h,2.0NRT,310.52,12.76,D
14.30408,79.42145,336.13,0.46,0.39,2026-05-01,754,N,VIIRS,n,2.0NRT,303.57,12.76,D
14.3097,79.38902,333.32,0.46,0.39,2026-05-01,754,N,VIIRS,l,2.0NRT,306.39,4.75,D
14.31051,79.41574,333.89,0.46,0.39,2026-05-01,754,N,VIIRS,n,2.0NRT,306.63,4.11,D
14.31344,79.41117,367,0.46,0.39,2026-05-01,754,N,VIIRS,h,2.0NRT,309.48,16.64,D
14.31406,79.4149,338.63,0.46,0.39,2026-05-01,754,N,VIIRS,n,2.0NRT,305.07,4.11,D
14.31853,79.39742,339.8,0.46,0.39,2026-05-01,754,N,VIIRS,l,2.0NRT,307.58,5.01,D
14.34299,79.18719,334.4,0.47,0.4,2026-05-01,754,N,VIIRS,l,2.0NRT,308.12,4.16,D
14.34663,79.18655,338.66,0.47,0.4,2026-05-01,754,N,VIIRS,l,2.0NRT,308.46,5.83,D
14.37107,78.72948,337.14,0.5,0.41,2026-05-01,754,N,VIIRS,l,2.0NRT,309.37,3.72,D
14.37498,79.51471,334.77,0.45,0.39,2026-05-01,754,N,VIIRS,l,2.0NRT,306.04,7.67,D
14.37567,79.51893,338.08,0.45,0.39,2026-05-01,754,N,VIIRS,l,2.0NRT,307.05,7.67,D
14.38056,78.68732,337.98,0.5,0.41,2026-05-01,754,N,VIIRS,l,2.0NRT,309.22,5.12,D
14.38363,78.68996,338.21,0.5,0.41,2026-05-01,754,N,VIIRS,l,2.0NRT,308.07,5.84,D
14.39304,79.19699,343.36,0.47,0.4,2026-05-01,754,N,VIIRS,l,2.0NRT,307.35,6.63,D
14.39736,77.29647,337.99,0.4,0.44,2026-05-01,754,N,VIIRS,n,2.0NRT,307.71,1.95,D
14.41549,79.1749,337.99,0.47,0.4,2026-05-01,754,N,VIIRS,l,2.0NRT,309.05,4.2,D
14.41838,79.16982,333.61,0.47,0.4,2026-05-01,754,N,VIIRS,l,2.0NRT,307.27,2.91,D
14.43236,78.85495,335.74,0.49,0.4,2026-05-01,754,N,VIIRS,l,2.0NRT,309.52,5.41,D
14.45794,75.45542,336.71,0.52,0.5,2026-05-01,754,N,VIIRS,n,2.0NRT,304.82,2.02,D
14.47024,75.54416,332.64,0.51,0.49,2026-05-01,754,N,VIIRS,l,2.0NRT,306.01,1.92,D
14.53458,76.55902,336.57,0.44,0.46,2026-05-01,754,N,VIIRS,l,2.0NRT,306.74,3.26,D
14.59086,79.83769,340.85,0.44,0.38,2026-05-01,754,N,VIIRS,l,2.0NRT,306.03,4.51,D
14.61654,78.06273,341.16,0.53,0.42,2026-05-01,754,N,VIIRS,n,2.0NRT,308.85,5.16,D
14.62816,78.84228,343.83,0.48,0.4,2026-05-01,754,N,VIIRS,n,2.0NRT,308.68,5.55,D
14.67407,77.93497,355.7,0.54,0.42,2026-05-01,754,N,VIIRS,n,2.0NRT,309.5,11.04,D
14.67443,77.93221,345.76,0.54,0.42,2026-05-01,754,N,VIIRS,n,2.0NRT,309.21,9.46,D
14.6753,77.9371,344.22,0.54,0.42,2026-05-01,754,N,VIIRS,n,2.0NRT,308.06,9.46,D
14.6771,77.92932,335.91,0.54,0.42,2026-05-01,754,N,VIIRS,l,2.0NRT,307.94,7.45,D
14.67794,77.93424,356.73,0.54,0.42,2026-05-01,754,N,VIIRS,n,2.0NRT,308.67,7.45,D
14.6783,77.93148,349.55,0.54,0.42,2026-05-01,754,N,VIIRS,n,2.0NRT,308.01,9.46,D
14.67917,77.93639,339.49,0.54,0.42,2026-05-01,754,N,VIIRS,n,2.0NRT,307,9.46,D
14.81485,78.92471,338.95,0.48,0.4,2026-05-01,754,N,VIIRS,l,2.0NRT,311.82,4.33,D
14.82535,79.09854,339.06,0.47,0.4,2026-05-01,754,N,VIIRS,l,2.0NRT,308.94,5.17,D
14.82899,79.09798,347.41,0.47,0.4,2026-05-01,754,N,VIIRS,n,2.0NRT,308.76,5.84,D
14.82972,79.10233,335.17,0.47,0.4,2026-05-01,754,N,VIIRS,l,2.0NRT,307.91,5.84,D
14.86191,75.34692,333.35,0.52,0.5,2026-05-01,754,N,VIIRS,l,2.0NRT,307.71,4.82,D
14.86221,75.34992,353.69,0.52,0.5,2026-05-01,754,N,VIIRS,n,2.0NRT,307.61,6.88,D
14.86282,75.35169,342.88,0.52,0.5,2026-05-01,754,N,VIIRS,n,2.0NRT,306.07,5.62,D
14.92414,78.86084,343.01,0.48,0.4,2026-05-01,754,N,VIIRS,l,2.0NRT,313.64,15.82,D
14.92417,77.13977,346.08,0.4,0.44,2026-05-01,754,N,VIIRS,n,2.0NRT,310.66,5.95,D
14.97364,78.84872,339.38,0.48,0.4,2026-05-01,754,N,VIIRS,l,2.0NRT,310.18,3.69,D
14.97439,78.85313,337.12,0.48,0.4,2026-05-01,754,N,VIIRS,l,2.0NRT,311.07,3.69,D
14.97805,78.85245,337.16,0.48,0.4,2026-05-01,754,N,VIIRS,l,2.0NRT,311.68,3.69,D
15.00758,79.09155,334.85,0.47,0.39,2026-05-01,754,N,VIIRS,l,2.0NRT,307.1,2.17,D
15.03037,77.38097,339.44,0.38,0.43,2026-05-01,754,N,VIIRS,l,2.0NRT,310.86,5.39,D
15.03827,78.56941,348.35,0.49,0.41,2026-05-01,754,N,VIIRS,n,2.0NRT,312.06,13.18,D
15.07038,78.08548,340.51,0.52,0.42,2026-05-01,754,N,VIIRS,n,2.0NRT,309.96,8.47,D
15.07121,78.09026,345.27,0.52,0.42,2026-05-01,754,N,VIIRS,n,2.0NRT,308.93,9.96,D
15.09,75.66289,336.58,0.49,0.48,2026-05-01,754,N,VIIRS,l,2.0NRT,309.05,5.21,D
15.1169,78.19554,337.38,0.52,0.41,2026-05-01,754,N,VIIRS,l,2.0NRT,310.83,4.88,D
15.12086,75.80529,339.24,0.48,0.48,2026-05-01,754,N,VIIRS,n,2.0NRT,305.39,2.89,D
15.15527,78.15106,340.31,0.52,0.41,2026-05-01,754,N,VIIRS,l,2.0NRT,312.97,11.96,D
15.17237,76.75416,350.47,0.42,0.45,2026-05-01,754,N,VIIRS,n,2.0NRT,315.98,13.91,D
15.17306,76.758,355,0.42,0.45,2026-05-01,754,N,VIIRS,n,2.0NRT,318.25,13.91,D
15.17631,76.65693,338.82,0.42,0.45,2026-05-01,754,N,VIIRS,l,2.0NRT,311.41,3.77,D
15.17649,76.75332,350.02,0.42,0.45,2026-05-01,754,N,VIIRS,n,2.0NRT,314.98,13.91,D
15.17718,76.75717,337.04,0.42,0.45,2026-05-01,754,N,VIIRS,l,2.0NRT,310.52,13.91,D
15.18061,76.75249,351.22,0.42,0.45,2026-05-01,754,N,VIIRS,n,2.0NRT,316.24,5.7,D
15.18255,76.66778,344.54,0.42,0.45,2026-05-01,754,N,VIIRS,n,2.0NRT,310.42,4.68,D
15.18543,76.75553,339.21,0.42,0.45,2026-05-01,754,N,VIIRS,l,2.0NRT,313.73,5.7,D
15.21333,77.12205,337.27,0.39,0.44,2026-05-01,754,N,VIIRS,l,2.0NRT,312.18,6.05,D
15.23196,79.11304,338.05,0.46,0.39,2026-05-01,754,N,VIIRS,l,2.0NRT,305.01,3.89,D
15.23268,79.11729,335.3,0.46,0.39,2026-05-01,754,N,VIIRS,l,2.0NRT,304.8,3.89,D
15.24935,78.12881,338.94,0.52,0.41,2026-05-01,754,N,VIIRS,l,2.0NRT,310.11,6.55,D
15.25203,78.13021,339.92,0.52,0.41,2026-05-01,754,N,VIIRS,l,2.0NRT,311.1,9.65,D
15.25315,78.12813,337.83,0.52,0.41,2026-05-01,754,N,VIIRS,l,2.0NRT,308.92,7.74,D
15.26659,77.9893,338.4,0.53,0.42,2026-05-01,754,N,VIIRS,l,2.0NRT,310.47,4.74,D
15.28453,76.68127,333.08,0.42,0.45,2026-05-01,754,N,VIIRS,l,2.0NRT,307.64,1.66,D
15.29725,79.17078,342.05,0.46,0.39,2026-05-01,754,N,VIIRS,n,2.0NRT,307.74,8.87,D
15.33038,77.05495,341.56,0.4,0.44,2026-05-01,754,N,VIIRS,l,2.0NRT,311.73,4.2,D
15.35189,77.05846,335.14,0.4,0.44,2026-05-01,754,N,VIIRS,l,2.0NRT,309.65,2.35,D
15.3639,78.66039,334.2,0.48,0.4,2026-05-01,754,N,VIIRS,l,2.0NRT,309.01,3.97,D
15.37649,78.66737,338.03,0.48,0.4,2026-05-01,754,N,VIIRS,l,2.0NRT,308.16,5.76,D
15.37985,79.90989,337.8,0.43,0.38,2026-05-01,754,N,VIIRS,l,2.0NRT,310.96,1.68,D
15.41455,78.51086,341.15,0.49,0.4,2026-05-01,754,N,VIIRS,l,2.0NRT,311.37,10.27,D
15.42162,77.49929,343.85,0.56,0.43,2026-05-01,754,N,VIIRS,n,2.0NRT,310.45,9.09,D
15.43253,79.52866,334.38,0.44,0.38,2026-05-01,754,N,VIIRS,l,2.0NRT,308.75,4.6,D
15.43374,76.69255,346.86,0.42,0.45,2026-05-01,754,N,VIIRS,n,2.0NRT,311.56,4.88,D
15.43511,76.69209,334.02,0.42,0.45,2026-05-01,754,N,VIIRS,l,2.0NRT,308.98,2.06,D
15.44062,76.68318,341.85,0.42,0.45,2026-05-01,754,N,VIIRS,n,2.0NRT,309.89,3.31,D
15.44194,76.68275,341.66,0.42,0.45,2026-05-01,754,N,VIIRS,n,2.0NRT,309.94,3.69,D
15.46303,76.82095,339.49,0.41,0.45,2026-05-01,754,N,VIIRS,l,2.0NRT,312.13,5.4,D
15.46836,79.03073,340.54,0.46,0.39,2026-05-01,754,N,VIIRS,l,2.0NRT,310.99,4.65,D
15.51142,78.81963,334.67,0.47,0.4,2026-05-01,754,N,VIIRS,l,2.0NRT,308.14,5.61,D
15.51475,79.24136,351.65,0.45,0.39,2026-05-01,754,N,VIIRS,n,2.0NRT,309.86,8.69,D
15.51506,78.819,349.86,0.47,0.4,2026-05-01,754,N,VIIRS,n,2.0NRT,311.28,5.61,D
15.51657,78.60618,341.62,0.49,0.4,2026-05-01,754,N,VIIRS,n,2.0NRT,310.96,4.02,D
15.51902,79.2449,340.65,0.45,0.39,2026-05-01,754,N,VIIRS,l,2.0NRT,309.44,5.78,D
15.51947,78.82279,334.59,0.47,0.4,2026-05-01,754,N,VIIRS,l,2.0NRT,307.58,2.55,D
15.52025,78.6055,343.09,0.49,0.4,2026-05-01,754,N,VIIRS,l,2.0NRT,311.38,7.94,D
15.53808,77.0262,333.71,0.4,0.44,2026-05-01,754,N,VIIRS,l,2.0NRT,308.03,1.82,D
15.54083,76.78268,346.17,0.41,0.45,2026-05-01,754,N,VIIRS,n,2.0NRT,308.95,3.19,D
15.54541,77.87891,337.1,0.53,0.42,2026-05-01,754,N,VIIRS,l,2.0NRT,311.98,5.78,D
15.58025,77.14601,345.17,0.39,0.44,2026-05-01,754,N,VIIRS,n,2.0NRT,312.65,3.68,D
15.58758,79.31155,334.19,0.45,0.39,2026-05-01,754,N,VIIRS,l,2.0NRT,306.91,2.06,D
15.67169,77.95808,338.57,0.52,0.42,2026-05-01,754,N,VIIRS,l,2.0NRT,312.71,4.78,D
15.70401,78.98732,340.76,0.46,0.39,2026-05-01,754,N,VIIRS,l,2.0NRT,313.29,15.88,D
15.72546,78.82404,343.95,0.47,0.4,2026-05-01,754,N,VIIRS,n,2.0NRT,309.82,5.2,D
15.73489,78.43468,340.32,0.49,0.4,2026-05-01,754,N,VIIRS,l,2.0NRT,314.59,6.1,D
15.76574,77.80701,342.02,0.53,0.42,2026-05-01,754,N,VIIRS,l,2.0NRT,314.19,7.01,D
15.7737,78.54109,346.92,0.49,0.4,2026-05-01,754,N,VIIRS,l,2.0NRT,314.09,12.23,D
15.80344,78.22356,350.51,0.5,0.41,2026-05-01,754,N,VIIRS,n,2.0NRT,315.91,10.8,D
15.8057,77.07702,340.12,0.39,0.44,2026-05-01,754,N,VIIRS,l,2.0NRT,314.59,4.01,D
15.84169,78.56135,340.65,0.48,0.4,2026-05-01,754,N,VIIRS,l,2.0NRT,314.94,11.07,D
15.86049,74.96687,336.7,0.53,0.5,2026-05-01,754,N,VIIRS,l,2.0NRT,308.13,3.36,D
15.8784,80.19785,348.74,0.41,0.37,2026-05-01,754,N,VIIRS,n,2.0NRT,315.14,14.93,D
15.88278,78.47639,341.46,0.49,0.4,2026-05-01,754,N,VIIRS,l,2.0NRT,314.8,8.5,D
15.89521,80.1712,355.99,0.41,0.37,2026-05-01,754,N,VIIRS,n,2.0NRT,317.24,13.95,D
15.89864,80.1706,347.07,0.41,0.37,2026-05-01,754,N,VIIRS,l,2.0NRT,313.05,13.95,D
15.91895,78.75163,338.8,0.47,0.4,2026-05-01,754,N,VIIRS,l,2.0NRT,307.13,4.79,D
15.93231,77.91483,347.76,0.52,0.42,2026-05-01,754,N,VIIRS,n,2.0NRT,314.9,13.02,D
15.93423,78.75332,334.52,0.47,0.4,2026-05-01,754,N,VIIRS,l,2.0NRT,307.39,3.02,D
15.94394,77.08027,340.2,0.39,0.44,2026-05-01,754,N,VIIRS,n,2.0NRT,313.37,2.6,D
15.94398,77.38316,340.96,0.56,0.43,2026-05-01,754,N,VIIRS,n,2.0NRT,312.22,6.77,D
15.946,77.08652,339.64,0.39,0.44,2026-05-01,754,N,VIIRS,l,2.0NRT,313.66,4.28,D
15.98752,80.3089,343.71,0.41,0.37,2026-05-01,754,N,VIIRS,n,2.0NRT,313.75,8.34,D
15.994,80.37038,339.53,0.41,0.37,2026-05-01,754,N,VIIRS,l,2.0NRT,313,5.57,D
16.01273,79.06248,336.79,0.46,0.39,2026-05-01,754,N,VIIRS,n,2.0NRT,307.66,2.7,D
16.01405,77.46056,345.85,0.55,0.43,2026-05-01,754,N,VIIRS,n,2.0NRT,316.9,11.34,D
16.0281,75.52985,344.4,0.48,0.48,2026-05-01,754,N,VIIRS,n,2.0NRT,314.29,6.28,D
16.0356,79.85435,338.04,0.42,0.38,2026-05-01,754,N,VIIRS,l,2.0NRT,312.68,4.09,D
16.08898,76.97724,340.96,0.39,0.44,2026-05-01,754,N,VIIRS,n,2.0NRT,314.4,4.11,D
16.08962,76.98085,340.47,0.39,0.44,2026-05-01,754,N,VIIRS,l,2.0NRT,314.22,4.91,D
16.11411,77.09503,341,0.38,0.43,2026-05-01,754,N,VIIRS,l,2.0NRT,312.81,2.91,D
16.13161,80.40099,342.39,0.41,0.37,2026-05-01,754,N,VIIRS,l,2.0NRT,314.79,5.9,D
16.14352,80.45331,341.08,0.41,0.37,2026-05-01,754,N,VIIRS,l,2.0NRT,314.37,5.08,D
16.14579,80.61884,338.24,0.4,0.37,2026-05-01,754,N,VIIRS,l,2.0NRT,311.76,3.94,D
16.17087,79.90784,345.59,0.42,0.38,2026-05-01,754,N,VIIRS,l,2.0NRT,311.3,7.93,D
16.1834,79.8976,345.89,0.42,0.38,2026-05-01,754,N,VIIRS,l,2.0NRT,315.45,5.85,D
16.18686,79.897,344.32,0.42,0.38,2026-05-01,754,N,VIIRS,l,2.0NRT,315.97,5.85,D
16.18691,80.61562,341.95,0.4,0.37,2026-05-01,754,N,VIIRS,l,2.0NRT,311.55,8.3,D
16.18749,79.90091,343.04,0.42,0.38,2026-05-01,754,N,VIIRS,l,2.0NRT,311.73,5.85,D
16.19585,80.60641,357.09,0.4,0.37,2026-05-01,754,N,VIIRS,l,2.0NRT,314.31,24.18,D
16.19636,80.28066,339.88,0.41,0.37,2026-05-01,754,N,VIIRS,l,2.0NRT,312.12,7.14,D
16.19934,80.7588,367,0.4,0.37,2026-05-01,754,N,VIIRS,h,2.0NRT,316.07,19.78,D
16.20131,79.54366,346.29,0.43,0.38,2026-05-01,754,N,VIIRS,n,2.0NRT,314.3,7.87,D
16.20212,80.75452,367,0.4,0.37,2026-05-01,754,N,VIIRS,h,2.0NRT,317.82,19.78,D
16.20271,80.75823,355,0.4,0.37,2026-05-01,754,N,VIIRS,n,2.0NRT,313.52,19.78,D
16.2033,80.76194,341.98,0.4,0.37,2026-05-01,754,N,VIIRS,n,2.0NRT,312.61,6.07,D
16.20489,80.75023,367,0.4,0.37,2026-05-01,754,N,VIIRS,h,2.0NRT,315.58,16.14,D
16.20548,80.75394,352.8,0.4,0.37,2026-05-01,754,N,VIIRS,n,2.0NRT,314.82,10.99,D
16.21521,78.80025,332.89,0.47,0.39,2026-05-01,754,N,VIIRS,l,2.0NRT,305.85,1.68,D
16.21575,80.77505,348.1,0.4,0.37,2026-05-01,754,N,VIIRS,n,2.0NRT,312.99,7.89,D
16.21634,80.77876,356.6,0.4,0.37,2026-05-01,754,N,VIIRS,n,2.0NRT,314.21,7.89,D
16.23432,80.78329,347.71,0.4,0.37,2026-05-01,754,N,VIIRS,n,2.0NRT,312.45,5.49,D
16.2371,80.77901,346.21,0.4,0.37,2026-05-01,754,N,VIIRS,n,2.0NRT,312.24,4.68,D
16.23768,80.78271,346.94,0.4,0.37,2026-05-01,754,N,VIIRS,n,2.0NRT,310.96,4.68,D
16.25441,80.66149,337.35,0.4,0.37,2026-05-01,754,N,VIIRS,l,2.0NRT,311.65,4.57,D
16.26532,77.05938,347.47,0.38,0.43,2026-05-01,754,N,VIIRS,n,2.0NRT,314.21,10.28,D
16.26709,77.05847,350.24,0.38,0.43,2026-05-01,754,N,VIIRS,n,2.0NRT,312.12,10.44,D
16.27835,77.78168,345.85,0.52,0.42,2026-05-01,754,N,VIIRS,n,2.0NRT,314.79,7.28,D
16.27983,77.77914,337.4,0.52,0.42,2026-05-01,754,N,VIIRS,l,2.0NRT,312.12,7.46,D
16.29802,80.69608,342.07,0.4,0.37,2026-05-01,754,N,VIIRS,l,2.0NRT,313.51,5.03,D
16.29861,80.6998,350.48,0.4,0.37,2026-05-01,754,N,VIIRS,n,2.0NRT,314.83,11.9,D
16.30497,80.65283,350,0.4,0.37,2026-05-01,754,N,VIIRS,l,2.0NRT,314.89,9,D
16.31397,80.38172,347.7,0.41,0.37,2026-05-01,754,N,VIIRS,n,2.0NRT,314.01,10.31,D
16.32983,80.4797,339.4,0.4,0.37,2026-05-01,754,N,VIIRS,l,2.0NRT,313.78,3.98,D
16.3324,80.08413,349.05,0.41,0.37,2026-05-01,754,N,VIIRS,n,2.0NRT,314.04,8.23,D
16.33329,80.67857,346.18,0.4,0.37,2026-05-01,754,N,VIIRS,l,2.0NRT,312.86,9.45,D
16.3336,80.67498,350.18,0.4,0.37,2026-05-01,754,N,VIIRS,l,2.0NRT,314.5,19.62,D
16.3342,80.6787,352.75,0.4,0.37,2026-05-01,754,N,VIIRS,l,2.0NRT,313.63,13.08,D
16.34296,80.71154,343.37,0.4,0.37,2026-05-01,754,N,VIIRS,l,2.0NRT,313.03,6.59,D
16.34513,80.70354,367,0.4,0.37,2026-05-01,754,N,VIIRS,h,2.0NRT,315.84,23.12,D
16.34531,79.30121,339.67,0.44,0.38,2026-05-01,754,N,VIIRS,l,2.0NRT,313.66,7.15,D
16.34572,80.70726,354.1,0.4,0.37,2026-05-01,754,N,VIIRS,n,2.0NRT,314.76,7.96,D
16.34632,80.71097,345.95,0.4,0.37,2026-05-01,754,N,VIIRS,l,2.0NRT,312.83,7.96,D
16.36099,79.5036,340.52,0.43,0.38,2026-05-01,754,N,VIIRS,l,2.0NRT,314.46,7.06,D
16.3681,77.39439,340.34,0.55,0.43,2026-05-01,754,N,VIIRS,l,2.0NRT,312.36,7.04,D
16.372,77.39364,339,0.55,0.43,2026-05-01,754,N,VIIRS,l,2.0NRT,310.92,5.85,D
16.38679,80.11835,343.75,0.41,0.37,2026-05-01,754,N,VIIRS,n,2.0NRT,315.09,6.52,D
16.42253,80.51,338.65,0.4,0.37,2026-05-01,754,N,VIIRS,l,2.0NRT,312.02,7.31,D
16.43674,80.27472,344.16,0.41,0.37,2026-05-01,754,N,VIIRS,n,2.0NRT,314.12,5.43,D
16.44136,77.17467,338.95,0.56,0.43,2026-05-01,754,N,VIIRS,l,2.0NRT,313.62,8.8,D
16.44522,80.62897,345.33,0.4,0.37,2026-05-01,754,N,VIIRS,l,2.0NRT,312.65,7.18,D
16.47007,76.29869,355.47,0.42,0.45,2026-05-01,754,N,VIIRS,n,2.0NRT,313.75,12.25,D
16.47423,76.2979,351.3,0.42,0.45,2026-05-01,754,N,VIIRS,n,2.0NRT,315.86,9.05,D
16.47877,73.65659,333.25,0.62,0.54,2026-05-01,754,N,VIIRS,n,2.0NRT,298.17,4.64,D
16.48433,76.71446,343.97,0.4,0.44,2026-05-01,754,N,VIIRS,n,2.0NRT,312.79,5.27,D
16.4912,80.74317,343.94,0.4,0.37,2026-05-01,754,N,VIIRS,n,2.0NRT,313.28,4.6,D
16.49588,76.68532,342.03,0.4,0.44,2026-05-01,754,N,VIIRS,l,2.0NRT,314.35,3.55,D
16.49596,80.92413,337.38,0.39,0.36,2026-05-01,754,N,VIIRS,l,2.0NRT,312.22,6.15,D
16.5018,76.90434,341.38,0.39,0.44,2026-05-01,754,N,VIIRS,l,2.0NRT,315.98,5.75,D
16.50246,76.90797,342.11,0.39,0.44,2026-05-01,754,N,VIIRS,l,2.0NRT,316.64,5.92,D
16.50463,77.1926,343.49,0.56,0.43,2026-05-01,754,N,VIIRS,l,2.0NRT,317.33,11.93,D
16.50593,77.19491,346.5,0.56,0.43,2026-05-01,754,N,VIIRS,n,2.0NRT,316.42,11.12,D
16.52489,76.45719,346.01,0.41,0.45,2026-05-01,754,N,VIIRS,n,2.0NRT,315.58,15.56,D
16.52944,76.64398,338.49,0.4,0.44,2026-05-01,754,N,VIIRS,l,2.0NRT,311.54,1.16,D
16.55418,76.84945,346.91,0.39,0.44,2026-05-01,754,N,VIIRS,l,2.0NRT,317.34,9.34,D
16.55449,76.84902,349.16,0.39,0.44,2026-05-01,754,N,VIIRS,n,2.0NRT,317.42,11.16,D
16.56307,80.8485,342.38,0.39,0.37,2026-05-01,754,N,VIIRS,n,2.0NRT,309.83,3.79,D
16.56902,79.40549,341.21,0.44,0.38,2026-05-01,754,N,VIIRS,l,2.0NRT,315.16,6.78,D
16.57664,76.81103,346.81,0.39,0.44,2026-05-01,754,N,VIIRS,n,2.0NRT,315.53,5.92,D
16.5892,76.85744,339.34,0.39,0.44,2026-05-01,754,N,VIIRS,l,2.0NRT,313.76,2.17,D
16.59787,76.85955,344.38,0.39,0.44,2026-05-01,754,N,VIIRS,l,2.0NRT,314.53,5.29,D
16.59852,76.86317,355.39,0.39,0.44,2026-05-01,754,N,VIIRS,n,2.0NRT,314.74,5.29,D
16.60462,80.1236,340.94,0.41,0.37,2026-05-01,754,N,VIIRS,l,2.0NRT,315.61,6.36,D
16.60524,80.12743,340,0.41,0.37,2026-05-01,754,N,VIIRS,l,2.0NRT,314.7,7.31,D
16.60933,76.83108,346.08,0.39,0.44,2026-05-01,754,N,VIIRS,n,2.0NRT,316.83,4.89,D
16.61904,79.9745,344.38,0.42,0.37,2026-05-01,754,N,VIIRS,l,2.0NRT,313.36,5.87,D
16.63323,75.67426,339.41,0.46,0.47,2026-05-01,754,N,VIIRS,l,2.0NRT,312.81,8.1,D
16.64124,94.72526,331.67,0.6,0.7,2026-05-01,754,N,VIIRS,n,2.0NRT,282.26,2.83,D
16.64568,76.63809,341.16,0.4,0.44,2026-05-01,754,N,VIIRS,n,2.0NRT,312.2,2.48,D
16.66239,94.69032,334.04,0.6,0.7,2026-05-01,754,N,VIIRS,n,2.0NRT,287.45,9.24,D
16.71424,77.66769,337.75,0.52,0.42,2026-05-01,754,N,VIIRS,l,2.0NRT,311.55,2.61,D
16.73312,77.0745,341.21,0.56,0.43,2026-05-01,754,N,VIIRS,l,2.0NRT,314.28,8.27,D
16.73415,79.88698,353.72,0.42,0.37,2026-05-01,754,N,VIIRS,l,2.0NRT,317.58,9.78,D
16.73447,75.6815,344.53,0.46,0.47,2026-05-01,754,N,VIIRS,l,2.0NRT,314.88,7.78,D
16.7386,94.88488,335.26,0.61,0.71,2026-05-01,754,N,VIIRS,n,2.0NRT,279.6,4.75,D
16.76338,76.80575,344.79,0.39,0.44,2026-05-01,754,N,VIIRS,n,2.0NRT,319.06,4.85,D
16.76375,76.80521,344.06,0.39,0.44,2026-05-01,754,N,VIIRS,l,2.0NRT,318.97,5.74,D
16.77785,76.46786,343.24,0.41,0.45,2026-05-01,754,N,VIIRS,l,2.0NRT,316.8,6.68,D
16.77786,77.02776,343,0.57,0.43,2026-05-01,754,N,VIIRS,n,2.0NRT,314.53,9.06,D
16.78041,76.82832,345.72,0.39,0.44,2026-05-01,754,N,VIIRS,l,2.0NRT,318.54,8.76,D
16.81476,94.9078,338.72,0.62,0.71,2026-05-01,754,N,VIIRS,n,2.0NRT,285.07,7.51,D
16.82102,94.57294,338.49,0.59,0.7,2026-05-01,754,N,VIIRS,n,2.0NRT,286.71,9.95,D
16.82205,94.57127,346.86,0.59,0.7,2026-05-01,754,N,VIIRS,n,2.0NRT,287.2,8.16,D
16.8224,80.41385,348.7,0.4,0.37,2026-05-01,754,N,VIIRS,l,2.0NRT,315.48,15.43,D
16.90232,79.69653,345.81,0.42,0.38,2026-05-01,754,N,VIIRS,l,2.0NRT,314.19,4.36,D
16.91642,95.02267,341.59,0.63,0.72,2026-05-01,754,N,VIIRS,n,2.0NRT,288.49,7.9,D
16.92061,80.17495,349.13,0.41,0.37,2026-05-01,754,N,VIIRS,l,2.0NRT,318.05,37.12,D
16.92605,95.72195,330.45,0.7,0.75,2026-05-01,754,N,VIIRS,n,2.0NRT,284.56,6.02,D
16.92681,74.44927,352.96,0.54,0.51,2026-05-01,754,N,VIIRS,n,2.0NRT,307.47,9.74,D
16.93792,80.5438,345.81,0.4,0.37,2026-05-01,754,N,VIIRS,l,2.0NRT,317.51,5.61,D
16.93852,80.54754,346.67,0.4,0.37,2026-05-01,754,N,VIIRS,l,2.0NRT,315.04,5.61,D
16.93976,80.16376,349.34,0.41,0.37,2026-05-01,754,N,VIIRS,l,2.0NRT,313.13,7.53,D
16.94129,80.54322,344.01,0.4,0.37,2026-05-01,754,N,VIIRS,l,2.0NRT,317.57,5.61,D
16.94871,80.19736,350,0.41,0.37,2026-05-01,754,N,VIIRS,l,2.0NRT,319.88,28.56,D
16.95067,79.76102,343.3,0.42,0.38,2026-05-01,754,N,VIIRS,l,2.0NRT,316.08,7.65,D
16.96298,80.39298,341.35,0.4,0.37,2026-05-01,754,N,VIIRS,l,2.0NRT,315.6,5.47,D
16.96723,79.88239,349.9,0.42,0.37,2026-05-01,754,N,VIIRS,n,2.0NRT,315.1,6.51,D
16.97382,79.98449,343.09,0.41,0.37,2026-05-01,754,N,VIIRS,l,2.0NRT,311.99,12.41,D
16.97459,81.90878,336.62,0.38,0.36,2026-05-01,754,N,VIIRS,n,2.0NRT,301.73,3.11,D
16.97662,79.98003,339.57,0.41,0.37,2026-05-01,754,N,VIIRS,l,2.0NRT,313.43,2.68,D
16.97685,95.83891,340.73,0.71,0.75,2026-05-01,754,N,VIIRS,n,2.0NRT,287.13,6.94,D
16.98049,94.87404,345.06,0.62,0.71,2026-05-01,754,N,VIIRS,n,2.0NRT,290.1,16.27,D
16.98706,80.32688,344.68,0.4,0.37,2026-05-01,754,N,VIIRS,l,2.0NRT,316.7,5.71,D
16.99201,80.03276,339.32,0.41,0.37,2026-05-01,754,N,VIIRS,l,2.0NRT,313.95,6.24,D
16.99479,80.02833,341.4,0.41,0.37,2026-05-01,754,N,VIIRS,l,2.0NRT,315.15,5.15,D
16.9982,80.02773,348.47,0.41,0.37,2026-05-01,754,N,VIIRS,l,2.0NRT,315.89,5.15,D
17.01573,81.40652,336.54,0.39,0.36,2026-05-01,754,N,VIIRS,n,2.0NRT,306.18,1.6,D
17.04947,94.70773,335.58,0.6,0.71,2026-05-01,754,N,VIIRS,n,2.0NRT,283.13,3.63,D
17.07136,76.0271,345.14,0.43,0.46,2026-05-01,754,N,VIIRS,n,2.0NRT,316.47,5.11,D
17.08201,95.01774,341.31,0.63,0.72,2026-05-01,754,N,VIIRS,n,2.0NRT,286.33,5.37,D
17.09131,94.97366,340.77,0.63,0.72,2026-05-01,754,N,VIIRS,n,2.0NRT,288.73,7.53,D
17.09191,94.97977,354.19,0.63,0.72,2026-05-01,754,N,VIIRS,n,2.0NRT,288.37,7.53,D
17.09412,94.97594,338.89,0.63,0.72,2026-05-01,754,N,VIIRS,n,2.0NRT,287.76,10.87,D
17.09621,80.26523,347.14,0.4,0.37,2026-05-01,754,N,VIIRS,l,2.0NRT,320.39,21.34,D
17.09803,80.27655,350.47,0.4,0.37,2026-05-01,754,N,VIIRS,l,2.0NRT,320.17,46.51,D
17.09898,80.26086,345.6,0.4,0.37,2026-05-01,754,N,VIIRS,n,2.0NRT,317.4,21.34,D
17.09959,80.26464,367,0.4,0.37,2026-05-01,754,N,VIIRS,h,2.0NRT,318.04,21.34,D
17.10429,76.11122,346.49,0.42,0.45,2026-05-01,754,N,VIIRS,l,2.0NRT,317.91,7.19,D
17.1105,78.98598,343.94,0.45,0.39,2026-05-01,754,N,VIIRS,l,2.0NRT,318.82,4.49,D
17.12208,80.25294,340.62,0.4,0.37,2026-05-01,754,N,VIIRS,l,2.0NRT,315.37,3.51,D
17.12547,80.25234,341.43,0.4,0.37,2026-05-01,754,N,VIIRS,l,2.0NRT,315.1,3.51,D
17.13536,75.24029,340.51,0.48,0.48,2026-05-01,754,N,VIIRS,l,2.0NRT,312.86,7.43,D
17.1419,75.58553,345.02,0.46,0.47,2026-05-01,754,N,VIIRS,n,2.0NRT,314.38,7.28,D
17.14632,80.27194,343.89,0.4,0.37,2026-05-01,754,N,VIIRS,l,2.0NRT,317.18,9.93,D
17.15897,80.1997,344.77,0.41,0.37,2026-05-01,754,N,VIIRS,l,2.0NRT,317.48,7.36,D
17.17776,81.05811,340.51,0.39,0.36,2026-05-01,754,N,VIIRS,n,2.0NRT,306.32,2.97,D
17.19677,80.00092,367,0.41,0.37,2026-05-01,754,N,VIIRS,h,2.0NRT,318.69,12.83,D
17.20259,95.1158,337.41,0.64,0.72,2026-05-01,754,N,VIIRS,n,2.0NRT,285.96,4.72,D
17.21557,80.07303,353.61,0.41,0.37,2026-05-01,754,N,VIIRS,l,2.0NRT,321.59,25.4,D
17.22333,80.51292,338.05,0.4,0.37,2026-05-01,754,N,VIIRS,l,2.0NRT,312.73,4.49,D
17.22534,80.54702,346.1,0.4,0.37,2026-05-01,754,N,VIIRS,n,2.0NRT,311.18,6.76,D
17.22795,81.5518,338.64,0.38,0.36,2026-05-01,754,N,VIIRS,n,2.0NRT,302.11,3.89,D
17.23113,77.13667,342.26,0.55,0.43,2026-05-01,754,N,VIIRS,l,2.0NRT,316.71,14.5,D
17.23878,80.54471,335,0.4,0.37,2026-05-01,754,N,VIIRS,l,2.0NRT,309.44,1.38,D
17.2471,80.05178,346.64,0.41,0.37,2026-05-01,754,N,VIIRS,l,2.0NRT,317.52,13.07,D
17.2505,80.05119,345.18,0.41,0.37,2026-05-01,754,N,VIIRS,l,2.0NRT,315.67,8.17,D
17.2568,81.80561,346.39,0.38,0.36,2026-05-01,754,N,VIIRS,n,2.0NRT,305.38,5.7,D
17.26175,81.88229,351,0.38,0.36,2026-05-01,754,N,VIIRS,n,2.0NRT,302.98,7.51,D
17.26831,81.44104,337.26,0.39,0.36,2026-05-01,754,N,VIIRS,n,2.0NRT,305.24,6.49,D
17.27055,95.06943,344.9,0.64,0.72,2026-05-01,754,N,VIIRS,n,2.0NRT,288.95,7.22,D
17.27332,94.76195,330.31,0.61,0.71,2026-05-01,754,N,VIIRS,n,2.0NRT,281.64,6.3,D
17.27629,80.75889,339.49,0.39,0.36,2026-05-01,754,N,VIIRS,l,2.0NRT,308.7,2.75,D
17.27687,80.76257,340.26,0.39,0.36,2026-05-01,754,N,VIIRS,l,2.0NRT,309.26,2.75,D
17.27847,80.75095,346.74,0.39,0.36,2026-05-01,754,N,VIIRS,n,2.0NRT,308.22,4.8,D
17.27905,80.75464,344.37,0.39,0.36,2026-05-01,754,N,VIIRS,l,2.0NRT,308.31,4.8,D
17.28271,94.75124,346.36,0.61,0.71,2026-05-01,754,N,VIIRS,n,2.0NRT,280.69,7.32,D
17.28966,80.75661,333.9,0.39,0.36,2026-05-01,754,N,VIIRS,l,2.0NRT,308.27,1.93,D
17.30055,81.56152,346.9,0.38,0.36,2026-05-01,754,N,VIIRS,n,2.0NRT,304.53,4.15,D
17.30111,81.56512,331.73,0.38,0.36,2026-05-01,754,N,VIIRS,l,2.0NRT,303.48,4.15,D
17.3187,80.30064,342.79,0.4,0.37,2026-05-01,754,N,VIIRS,l,2.0NRT,312.83,4.39,D
17.3201,80.74032,348.39,0.39,0.36,2026-05-01,754,N,VIIRS,n,2.0NRT,310.18,7.34,D
17.32069,80.74401,332.67,0.39,0.36,2026-05-01,754,N,VIIRS,l,2.0NRT,306.81,2,D
17.33026,81.34121,335.44,0.39,0.36,2026-05-01,754,N,VIIRS,n,2.0NRT,303.24,2.18,D
17.33769,80.85062,339.01,0.39,0.36,2026-05-01,754,N,VIIRS,l,2.0NRT,308.93,3.95,D
17.34091,81.38775,343.24,0.39,0.36,2026-05-01,754,N,VIIRS,n,2.0NRT,305.62,4.65,D
17.39447,82.31086,347.38,0.39,0.36,2026-05-01,754,N,VIIRS,n,2.0NRT,299.83,5.51,D
17.39757,80.9043,336.53,0.39,0.36,2026-05-01,754,N,VIIRS,l,2.0NRT,307.72,2.7,D
17.40198,81.27705,339.66,0.39,0.36,2026-05-01,754,N,VIIRS,n,2.0NRT,306.55,2.65,D
17.40489,81.27672,334.44,0.39,0.36,2026-05-01,754,N,VIIRS,l,2.0NRT,306.74,2.32,D
17.40602,80.7406,338.34,0.39,0.36,2026-05-01,754,N,VIIRS,n,2.0NRT,310.16,1.63,D
17.4086,81.56142,346.06,0.38,0.36,2026-05-01,754,N,VIIRS,n,2.0NRT,300.81,4.35,D
17.40878,80.73634,341.16,0.39,0.36,2026-05-01,754,N,VIIRS,n,2.0NRT,309.87,3.68,D
17.40936,80.74003,345.83,0.39,0.36,2026-05-01,754,N,VIIRS,n,2.0NRT,310.56,3.68,D
17.41136,81.5573,331.93,0.38,0.36,2026-05-01,754,N,VIIRS,n,2.0NRT,299.25,4.35,D
17.41173,80.95073,341.91,0.39,0.36,2026-05-01,754,N,VIIRS,l,2.0NRT,308.31,4.34,D
17.41467,81.55676,344.38,0.38,0.36,2026-05-01,754,N,VIIRS,n,2.0NRT,300.54,5.5,D
17.41985,81.28529,339.26,0.39,0.36,2026-05-01,754,N,VIIRS,n,2.0NRT,308.76,3.24,D
17.42158,80.73039,354.37,0.39,0.36,2026-05-01,754,N,VIIRS,n,2.0NRT,311.04,4.72,D
17.42358,75.81511,342.18,0.44,0.46,2026-05-01,754,N,VIIRS,n,2.0NRT,316.77,4.12,D
17.42492,80.72984,339.46,0.39,0.36,2026-05-01,754,N,VIIRS,l,2.0NRT,309.73,4.72,D
17.42999,81.45798,331.95,0.39,0.36,2026-05-01,754,N,VIIRS,n,2.0NRT,301.73,3.2,D
17.43446,80.4345,340.85,0.4,0.37,2026-05-01,754,N,VIIRS,l,2.0NRT,314.77,8.72,D
17.45308,81.54295,343.12,0.38,0.36,2026-05-01,754,N,VIIRS,n,2.0NRT,303.96,3.9,D
17.45801,76.55907,344.43,0.39,0.44,2026-05-01,754,N,VIIRS,l,2.0NRT,318.71,7.99,D
17.46209,81.35983,332.7,0.39,0.36,2026-05-01,754,N,VIIRS,l,2.0NRT,306.38,2.57,D
17.46475,81.57439,331.43,0.38,0.36,2026-05-01,754,N,VIIRS,l,2.0NRT,303.13,2.1,D
17.47251,81.6027,337.81,0.38,0.36,2026-05-01,754,N,VIIRS,n,2.0NRT,300.37,4.68,D
17.47562,80.05877,338.51,0.41,0.37,2026-05-01,754,N,VIIRS,l,2.0NRT,311.54,6.16,D
17.47687,81.56494,336.17,0.38,0.36,2026-05-01,754,N,VIIRS,n,2.0NRT,303.13,4.35,D
17.47716,80.08982,336.42,0.41,0.37,2026-05-01,754,N,VIIRS,l,2.0NRT,310.8,2.51,D
17.48744,78.33878,342.05,0.47,0.4,2026-05-01,754,N,VIIRS,l,2.0NRT,314.39,5.42,D
17.48895,81.51115,333.13,0.38,0.36,2026-05-01,754,N,VIIRS,l,2.0NRT,305.21,2.38,D
17.49169,81.5069,332.9,0.38,0.36,2026-05-01,754,N,VIIRS,l,2.0NRT,304.43,2.38,D
17.49225,81.51056,336.1,0.38,0.36,2026-05-01,754,N,VIIRS,n,2.0NRT,305.33,2.38,D
17.49518,80.66425,340.65,0.39,0.36,2026-05-01,754,N,VIIRS,n,2.0NRT,309.23,2.56,D
17.49853,80.66367,334.26,0.39,0.36,2026-05-01,754,N,VIIRS,l,2.0NRT,308.95,2.97,D
17.49995,81.49445,335.32,0.38,0.36,2026-05-01,754,N,VIIRS,n,2.0NRT,301.77,1.68,D
17.50051,81.49802,351.85,0.38,0.36,2026-05-01,754,N,VIIRS,n,2.0NRT,300.5,4.2,D
17.50936,81.51133,332.08,0.38,0.36,2026-05-01,754,N,VIIRS,l,2.0NRT,304.82,4.22,D
17.5173,80.80421,341.03,0.39,0.36,2026-05-01,754,N,VIIRS,l,2.0NRT,308.22,5.86,D
17.51848,80.08645,341.44,0.41,0.37,2026-05-01,754,N,VIIRS,l,2.0NRT,312.92,4.35,D
17.52428,80.67437,343.36,0.39,0.36,2026-05-01,754,N,VIIRS,n,2.0NRT,308.57,4.44,D
17.52486,80.67806,341.63,0.39,0.36,2026-05-01,754,N,VIIRS,n,2.0NRT,307.45,4.02,D
17.52626,80.67375,338.76,0.39,0.36,2026-05-01,754,N,VIIRS,l,2.0NRT,308.78,3.49,D
17.52768,81.58609,333.2,0.38,0.36,2026-05-01,754,N,VIIRS,l,2.0NRT,303.35,2.68,D
17.53444,73.35431,334.45,0.62,0.54,2026-05-01,754,N,VIIRS,n,2.0NRT,302.38,4.38,D
17.54258,81.59468,340.39,0.38,0.36,2026-05-01,754,N,VIIRS,n,2.0NRT,303.82,8.47,D
17.54639,81.05455,336.47,0.39,0.36,2026-05-01,754,N,VIIRS,l,2.0NRT,309.39,3.69,D
17.5657,80.22606,350.58,0.4,0.37,2026-05-01,754,N,VIIRS,l,2.0NRT,315.76,7.68,D
17.56846,80.2217,343.35,0.4,0.37,2026-05-01,754,N,VIIRS,l,2.0NRT,315.82,5.46,D
17.57316,81.4669,332.3,0.38,0.36,2026-05-01,754,N,VIIRS,n,2.0NRT,305.94,1.94,D
17.57372,81.47052,367,0.38,0.36,2026-05-01,754,N,VIIRS,h,2.0NRT,307.5,11.31,D
17.57428,81.47414,352.47,0.38,0.36,2026-05-01,754,N,VIIRS,n,2.0NRT,307.12,11.31,D
17.58203,81.48029,330.67,0.38,0.36,2026-05-01,754,N,VIIRS,l,2.0NRT,304.54,2.16,D
17.58424,82.40585,332.8,0.39,0.36,2026-05-01,754,N,VIIRS,n,2.0NRT,299.39,2.36,D
17.60497,78.01628,342.55,0.49,0.4,2026-05-01,754,N,VIIRS,n,2.0NRT,316.58,9.37,D
17.61056,83.20423,349,0.4,0.37,2026-05-01,754,N,VIIRS,n,2.0NRT,300.26,6.27,D
17.61208,81.74159,336.96,0.38,0.36,2026-05-01,754,N,VIIRS,n,2.0NRT,302.36,8.73,D
17.6308,80.35002,339.05,0.4,0.37,2026-05-01,754,N,VIIRS,l,2.0NRT,311.15,3.89,D
17.6409,79.8924,351.84,0.41,0.37,2026-05-01,754,N,VIIRS,l,2.0NRT,316.33,18.92,D
17.64153,79.89625,354.61,0.41,0.37,2026-05-01,754,N,VIIRS,l,2.0NRT,318.07,18.92,D
17.64848,81.77988,332.16,0.38,0.36,2026-05-01,754,N,VIIRS,n,2.0NRT,300.49,1.83,D
17.65065,78.32809,339.36,0.47,0.4,2026-05-01,754,N,VIIRS,l,2.0NRT,312.53,4,D
17.6514,78.33251,349.38,0.47,0.4,2026-05-01,754,N,VIIRS,l,2.0NRT,316.33,13.99,D
17.66554,81.66983,336.19,0.38,0.36,2026-05-01,754,N,VIIRS,n,2.0NRT,301.74,3.43,D
17.69202,77.62234,340.23,0.51,0.41,2026-05-01,754,N,VIIRS,l,2.0NRT,314.34,2.94,D
17.70566,81.66638,345.92,0.38,0.36,2026-05-01,754,N,VIIRS,n,2.0NRT,298.67,6.04,D
17.70621,81.73651,332.54,0.38,0.36,2026-05-01,754,N,VIIRS,n,2.0NRT,300.7,3.96,D
17.70731,81.74373,335.45,0.38,0.36,2026-05-01,754,N,VIIRS,n,2.0NRT,300.2,3.51,D
17.71504,81.79424,339,0.38,0.36,2026-05-01,754,N,VIIRS,n,2.0NRT,307.77,31.55,D
17.71665,81.62753,330.25,0.38,0.36,2026-05-01,754,N,VIIRS,n,2.0NRT,300.24,1.86,D
17.72076,80.42706,340.91,0.4,0.37,2026-05-01,754,N,VIIRS,l,2.0NRT,308.6,4.93,D
17.72521,81.1614,332.2,0.39,0.36,2026-05-01,754,N,VIIRS,l,2.0NRT,307.05,1.96,D
17.72547,81.61865,345.72,0.38,0.36,2026-05-01,754,N,VIIRS,n,2.0NRT,302.83,3.5,D
17.72657,81.62586,337,0.38,0.36,2026-05-01,754,N,VIIRS,n,2.0NRT,301.63,3.77,D
17.72713,81.62946,354.46,0.38,0.36,2026-05-01,754,N,VIIRS,n,2.0NRT,300.83,9.34,D
17.72877,81.61809,343.2,0.38,0.36,2026-05-01,754,N,VIIRS,n,2.0NRT,302.08,4.21,D
17.73289,80.52408,340.76,0.4,0.37,2026-05-01,754,N,VIIRS,l,2.0NRT,309.75,6.23,D
17.74535,81.88162,334.85,0.38,0.36,2026-05-01,754,N,VIIRS,n,2.0NRT,296.53,2.3,D
17.75307,81.66583,346.18,0.38,0.36,2026-05-01,754,N,VIIRS,n,2.0NRT,297.49,9.7,D
17.75363,81.66944,331.03,0.38,0.36,2026-05-01,754,N,VIIRS,n,2.0NRT,297.47,4.11,D
17.7621,78.28072,345.3,0.47,0.4,2026-05-01,754,N,VIIRS,l,2.0NRT,317.45,10.66,D
17.76424,81.45588,334.77,0.38,0.36,2026-05-01,754,N,VIIRS,l,2.0NRT,307.4,2.01,D
17.76954,81.55193,339.23,0.38,0.36,2026-05-01,754,N,VIIRS,n,2.0NRT,305.25,2.24,D
17.79774,81.82483,335.66,0.38,0.36,2026-05-01,754,N,VIIRS,n,2.0NRT,300.11,2.53,D
17.80348,81.05497,342.54,0.39,0.36,2026-05-01,754,N,VIIRS,l,2.0NRT,312.12,9.79,D
17.81083,78.65659,346.61,0.45,0.39,2026-05-01,754,N,VIIRS,l,2.0NRT,317.39,15.77,D
17.81246,82.59565,330.37,0.39,0.36,2026-05-01,754,N,VIIRS,n,2.0NRT,299.91,3.78,D
17.81406,77.11087,344.45,0.54,0.42,2026-05-01,754,N,VIIRS,n,2.0NRT,314.25,8.72,D
17.8158,82.59515,331.05,0.39,0.36,2026-05-01,754,N,VIIRS,n,2.0NRT,300.33,2.61,D
17.81922,79.93573,353.62,0.41,0.37,2026-05-01,754,N,VIIRS,l,2.0NRT,319.51,16.34,D
17.81973,74.42853,343.96,0.52,0.5,2026-05-01,754,N,VIIRS,l,2.0NRT,314.22,7.69,D
17.82084,81.95419,333.47,0.38,0.36,2026-05-01,754,N,VIIRS,n,2.0NRT,297.2,4.67,D
17.82293,79.87197,342.06,0.41,0.37,2026-05-01,754,N,VIIRS,l,2.0NRT,314.58,7.75,D
17.83373,79.96069,367,0.41,0.37,2026-05-01,754,N,VIIRS,h,2.0NRT,318.85,15.26,D
17.84,74.53478,345.46,0.52,0.5,2026-05-01,754,N,VIIRS,n,2.0NRT,316.42,9.09,D
17.84636,74.5186,344.85,0.52,0.5,2026-05-01,754,N,VIIRS,n,2.0NRT,315.08,6.87,D
17.85745,77.79279,349.61,0.5,0.41,2026-05-01,754,N,VIIRS,l,2.0NRT,322.74,20.69,D
17.87014,82.71425,340.15,0.39,0.36,2026-05-01,754,N,VIIRS,n,2.0NRT,298.93,2.93,D
17.87709,83.07774,330.82,0.4,0.37,2026-05-01,754,N,VIIRS,l,2.0NRT,303.13,1.89,D
17.87773,80.55952,335.69,0.39,0.36,2026-05-01,754,N,VIIRS,l,2.0NRT,310.47,2.17,D
17.8931,81.76405,334.68,0.38,0.36,2026-05-01,754,N,VIIRS,n,2.0NRT,304.02,2.63,D
17.8944,82.53281,337.54,0.39,0.36,2026-05-01,754,N,VIIRS,n,2.0NRT,297.72,3.07,D
17.89504,76.84716,349.42,0.56,0.43,2026-05-01,754,N,VIIRS,n,2.0NRT,318.07,15.66,D
17.90083,77.8661,346.91,0.49,0.4,2026-05-01,754,N,VIIRS,n,2.0NRT,318.28,12.95,D
17.90784,75.68842,346.72,0.44,0.46,2026-05-01,754,N,VIIRS,n,2.0NRT,314.68,6.09,D
17.91295,81.78294,330.82,0.38,0.36,2026-05-01,754,N,VIIRS,l,2.0NRT,303.87,2.16,D
17.92528,82.6027,332.11,0.39,0.36,2026-05-01,754,N,VIIRS,n,2.0NRT,297.75,2.02,D
17.92662,81.62898,346.89,0.38,0.36,2026-05-01,754,N,VIIRS,n,2.0NRT,303.68,2.95,D
17.93493,81.70538,333.7,0.38,0.36,2026-05-01,754,N,VIIRS,n,2.0NRT,302.77,2.2,D
17.95296,80.39362,343.34,0.4,0.37,2026-05-01,754,N,VIIRS,n,2.0NRT,312.54,7.33,D
17.95844,80.78769,337.88,0.39,0.36,2026-05-01,754,N,VIIRS,l,2.0NRT,310.92,8.38,D
17.96277,82.08965,341.86,0.39,0.36,2026-05-01,754,N,VIIRS,n,2.0NRT,302.04,3.73,D
17.97753,81.41215,344.98,0.38,0.36,2026-05-01,754,N,VIIRS,n,2.0NRT,309.04,5.69,D
17.98047,82.07204,331.73,0.38,0.36,2026-05-01,754,N,VIIRS,l,2.0NRT,302.48,3.78,D
17.98065,79.93856,349.68,0.41,0.37,2026-05-01,754,N,VIIRS,n,2.0NRT,317.43,11.6,D
17.98182,81.79015,333.36,0.38,0.36,2026-05-01,754,N,VIIRS,n,2.0NRT,302.73,2.2,D
17.98347,81.80098,333.92,0.38,0.36,2026-05-01,754,N,VIIRS,n,2.0NRT,301.82,1.27,D
17.99722,81.8913,345.29,0.38,0.36,2026-05-01,754,N,VIIRS,n,2.0NRT,303.46,5.79,D
17.99881,81.61629,339.51,0.38,0.36,2026-05-01,754,N,VIIRS,n,2.0NRT,303.11,1.65,D
18.00327,81.93109,339.78,0.38,0.36,2026-05-01,754,N,VIIRS,n,2.0NRT,304.87,6.17,D
18.00381,81.9347,348.66,0.38,0.36,2026-05-01,754,N,VIIRS,n,2.0NRT,305.94,6.17,D
18.00507,79.98139,347.16,0.41,0.37,2026-05-01,754,N,VIIRS,n,2.0NRT,314.54,8.18,D
18.00658,81.93053,342.25,0.38,0.36,2026-05-01,754,N,VIIRS,n,2.0NRT,304.05,5.11,D
18.00712,81.93415,342.68,0.38,0.36,2026-05-01,754,N,VIIRS,n,2.0NRT,303.52,5.11,D
18.05621,81.83651,341.54,0.38,0.36,2026-05-01,754,N,VIIRS,n,2.0NRT,304.73,4.92,D
18.05676,81.84013,350.12,0.38,0.36,2026-05-01,754,N,VIIRS,n,2.0NRT,307.17,5.1,D
18.05731,81.84374,342.57,0.38,0.36,2026-05-01,754,N,VIIRS,n,2.0NRT,304.64,5.1,D
18.05952,81.83596,339.65,0.38,0.36,2026-05-01,754,N,VIIRS,n,2.0NRT,306.93,2.47,D
18.06117,81.84681,336.06,0.38,0.36,2026-05-01,754,N,VIIRS,l,2.0NRT,306.14,3.25,D
18.07,81.83793,333.37,0.38,0.36,2026-05-01,754,N,VIIRS,l,2.0NRT,304.86,1.5,D
18.08205,81.93954,330.64,0.38,0.36,2026-05-01,754,N,VIIRS,l,2.0NRT,304.92,1.48,D
18.09251,81.96382,337.95,0.38,0.36,2026-05-01,754,N,VIIRS,n,2.0NRT,304.26,3.42,D
18.09306,81.96746,334.24,0.38,0.36,2026-05-01,754,N,VIIRS,l,2.0NRT,305.71,3.41,D
18.09582,81.96326,347.42,0.38,0.36,2026-05-01,754,N,VIIRS,n,2.0NRT,303.22,3.42,D
18.09637,81.9669,337.25,0.38,0.36,2026-05-01,754,N,VIIRS,n,2.0NRT,305.61,3.41,D
18.09808,81.57742,332.4,0.38,0.36,2026-05-01,754,N,VIIRS,l,2.0NRT,303.6,0.77,D
18.09912,81.96271,330.33,0.38,0.36,2026-05-01,754,N,VIIRS,l,2.0NRT,302.2,1.21,D
18.09967,81.96634,338.21,0.38,0.36,2026-05-01,754,N,VIIRS,n,2.0NRT,304.52,3.79,D
18.10628,82.43462,330.73,0.39,0.36,2026-05-01,754,N,VIIRS,l,2.0NRT,301.04,4.95,D
18.10683,82.43827,334.99,0.39,0.36,2026-05-01,754,N,VIIRS,n,2.0NRT,301.1,4.95,D
18.11321,80.33086,335.28,0.4,0.37,2026-05-01,754,N,VIIRS,l,2.0NRT,309.32,1.16,D
18.11625,81.14642,335.01,0.39,0.36,2026-05-01,754,N,VIIRS,l,2.0NRT,307.89,1.73,D
18.13646,82.7756,338.33,0.39,0.36,2026-05-01,754,N,VIIRS,n,2.0NRT,298.35,3.06,D
18.16725,82.01061,331.7,0.38,0.36,2026-05-01,754,N,VIIRS,l,2.0NRT,304.23,1.47,D
18.17232,82.58833,334.13,0.39,0.36,2026-05-01,754,N,VIIRS,n,2.0NRT,299.41,4.7,D
18.17287,82.59206,345.14,0.39,0.36,2026-05-01,754,N,VIIRS,n,2.0NRT,301.42,4.7,D
18.19286,80.79181,351.14,0.39,0.36,2026-05-01,754,N,VIIRS,n,2.0NRT,315.25,9.05,D
18.19542,80.79108,346.5,0.39,0.36,2026-05-01,754,N,VIIRS,n,2.0NRT,314.73,9.67,D
18.20259,83.61484,336.57,0.41,0.37,2026-05-01,754,N,VIIRS,n,2.0NRT,299.25,3.65,D
18.20799,80.76252,337.58,0.39,0.36,2026-05-01,754,N,VIIRS,l,2.0NRT,311.8,5.08,D
18.208,82.07819,333.9,0.39,0.36,2026-05-01,754,N,VIIRS,n,2.0NRT,302.65,1.63,D
18.21697,80.77605,342.15,0.39,0.36,2026-05-01,754,N,VIIRS,l,2.0NRT,311.21,6.28,D
18.22219,80.80904,342.21,0.39,0.36,2026-05-01,754,N,VIIRS,l,2.0NRT,311.96,6.35,D
18.22579,82.28761,340.15,0.39,0.36,2026-05-01,754,N,VIIRS,n,2.0NRT,308.26,3.89,D
18.23779,78.01861,348.19,0.48,0.4,2026-05-01,754,N,VIIRS,n,2.0NRT,317.98,9.88,D
18.24196,79.84537,349.19,0.41,0.37,2026-05-01,754,N,VIIRS,l,2.0NRT,316.48,9.49,D
18.27707,77.0472,347.96,0.54,0.42,2026-05-01,754,N,VIIRS,n,2.0NRT,318.88,16.84,D
18.29072,82.00079,334.93,0.38,0.36,2026-05-01,754,N,VIIRS,l,2.0NRT,305.74,1.98,D
18.30549,80.32765,353.28,0.4,0.37,2026-05-01,754,N,VIIRS,n,2.0NRT,313.06,8.93,D
18.30831,77.4874,344.75,0.51,0.41,2026-05-01,754,N,VIIRS,l,2.0NRT,319.38,15.37,D
18.3314,83.59048,336.22,0.41,0.37,2026-05-01,754,N,VIIRS,n,2.0NRT,299.31,2.96,D
18.33946,77.22095,347.19,0.52,0.42,2026-05-01,754,N,VIIRS,l,2.0NRT,319.42,17.83,D
18.34326,77.22011,356.14,0.52,0.42,2026-05-01,754,N,VIIRS,n,2.0NRT,319.96,23.37,D
18.3441,77.22495,346.14,0.52,0.42,2026-05-01,754,N,VIIRS,l,2.0NRT,320.28,8.62,D
18.36391,80.29426,339.35,0.4,0.37,2026-05-01,754,N,VIIRS,l,2.0NRT,311.43,4.97,D
18.36451,80.29799,338.97,0.4,0.37,2026-05-01,754,N,VIIRS,l,2.0NRT,310.28,4.97,D
18.36994,82.91633,330.08,0.4,0.37,2026-05-01,754,N,VIIRS,l,2.0NRT,301.01,2.22,D
18.36999,82.41694,337.21,0.39,0.36,2026-05-01,754,N,VIIRS,n,2.0NRT,305.96,3.44,D
18.37252,82.29665,332.92,0.39,0.36,2026-05-01,754,N,VIIRS,l,2.0NRT,305.75,2.76,D
18.38859,80.29759,339.76,0.4,0.37,2026-05-01,754,N,VIIRS,l,2.0NRT,308.71,3.11,D
18.38929,82.45503,344.78,0.39,0.36,2026-05-01,754,N,VIIRS,n,2.0NRT,308.66,6.24,D
18.39195,80.297,339.08,0.4,0.37,2026-05-01,754,N,VIIRS,l,2.0NRT,308.93,3.11,D
18.40926,82.42892,337.38,0.39,0.36,2026-05-01,754,N,VIIRS,n,2.0NRT,303.78,2.34,D
18.41615,79.94785,348.87,0.4,0.37,2026-05-01,754,N,VIIRS,n,2.0NRT,315.75,11.57,D
18.41618,80.11897,340.39,0.4,0.37,2026-05-01,754,N,VIIRS,l,2.0NRT,313.93,5.37,D
18.41679,80.12274,356.28,0.4,0.37,2026-05-01,754,N,VIIRS,n,2.0NRT,320.84,36.77,D
18.41953,79.94723,348.43,0.4,0.37,2026-05-01,754,N,VIIRS,n,2.0NRT,313.31,8.76,D
18.42016,80.12215,338.52,0.4,0.37,2026-05-01,754,N,VIIRS,l,2.0NRT,313.13,5.87,D
18.42562,82.86485,330.55,0.4,0.37,2026-05-01,754,N,VIIRS,l,2.0NRT,303.71,2.49,D
18.44839,77.89307,347.42,0.48,0.4,2026-05-01,754,N,VIIRS,l,2.0NRT,315.74,8.55,D
18.45096,78.39426,348.99,0.46,0.39,2026-05-01,754,N,VIIRS,l,2.0NRT,321.29,13.76,D
18.45254,77.93922,346.12,0.48,0.4,2026-05-01,754,N,VIIRS,l,2.0NRT,320.46,9.68,D
18.45272,78.39486,350.74,0.46,0.39,2026-05-01,754,N,VIIRS,l,2.0NRT,321.52,23.31,D
18.45346,78.39915,345.97,0.46,0.39,2026-05-01,754,N,VIIRS,l,2.0NRT,318.65,6.57,D
18.45453,78.39354,351.21,0.46,0.39,2026-05-01,754,N,VIIRS,l,2.0NRT,319.72,13.76,D
18.45526,78.39786,351.05,0.46,0.39,2026-05-01,754,N,VIIRS,n,2.0NRT,320.13,12.42,D
18.45655,81.37829,345.67,0.38,0.36,2026-05-01,754,N,VIIRS,n,2.0NRT,303.69,5.82,D
18.47044,81.18219,337.78,0.39,0.36,2026-05-01,754,N,VIIRS,n,2.0NRT,307.27,2.06,D
18.47342,81.18144,334.23,0.39,0.36,2026-05-01,754,N,VIIRS,l,2.0NRT,306.01,0.88,D
18.477,78.38562,343.75,0.46,0.39,2026-05-01,754,N,VIIRS,l,2.0NRT,316.81,6.46,D
18.47719,79.72042,341.39,0.41,0.37,2026-05-01,754,N,VIIRS,l,2.0NRT,314.01,4.67,D
18.47983,78.38062,341.67,0.46,0.39,2026-05-01,754,N,VIIRS,l,2.0NRT,315.58,5.27,D
18.48042,79.93639,339.99,0.4,0.37,2026-05-01,754,N,VIIRS,l,2.0NRT,313.12,3.48,D
18.48059,79.71979,353.7,0.41,0.37,2026-05-01,754,N,VIIRS,n,2.0NRT,315.63,4.67,D
18.4838,79.93576,344.03,0.4,0.37,2026-05-01,754,N,VIIRS,l,2.0NRT,312.51,3.48,D
18.48441,79.93957,339.3,0.4,0.37,2026-05-01,754,N,VIIRS,l,2.0NRT,310.92,3.84,D
18.48598,79.88058,343.04,0.4,0.37,2026-05-01,754,N,VIIRS,n,2.0NRT,311.66,3.17,D
18.50765,79.97062,339.55,0.4,0.37,2026-05-01,754,N,VIIRS,l,2.0NRT,310.67,3.2,D
18.54236,81.14368,330.51,0.39,0.36,2026-05-01,754,N,VIIRS,l,2.0NRT,304.85,1.4,D
18.55497,81.11539,336.73,0.39,0.36,2026-05-01,754,N,VIIRS,n,2.0NRT,304.49,2.07,D
18.5686,81.24741,331.91,0.38,0.36,2026-05-01,754,N,VIIRS,l,2.0NRT,304.85,1,D
18.57191,81.24685,333.88,0.38,0.36,2026-05-01,754,N,VIIRS,l,2.0NRT,306.71,3.89,D
18.5759,82.4844,336.36,0.39,0.36,2026-05-01,754,N,VIIRS,l,2.0NRT,306.76,5.52,D
18.57867,80.26,348.73,0.4,0.37,2026-05-01,754,N,VIIRS,l,2.0NRT,311.02,5.23,D
18.57927,80.26374,352.39,0.4,0.37,2026-05-01,754,N,VIIRS,n,2.0NRT,312.25,5.68,D
18.57938,78.66434,344.7,0.44,0.39,2026-05-01,754,N,VIIRS,l,2.0NRT,319.4,5.19,D
18.58262,80.26315,342.51,0.4,0.37,2026-05-01,754,N,VIIRS,l,2.0NRT,311.4,5.68,D
18.58589,81.03477,338.09,0.39,0.36,2026-05-01,754,N,VIIRS,l,2.0NRT,308.24,14.29,D
18.58646,81.03841,341.73,0.39,0.36,2026-05-01,754,N,VIIRS,n,2.0NRT,313.24,14.29,D
18.59048,81.21708,349.68,0.38,0.36,2026-05-01,754,N,VIIRS,n,2.0NRT,305.83,7.35,D
18.59309,81.03727,335.34,0.39,0.36,2026-05-01,754,N,VIIRS,l,2.0NRT,307.1,2.49,D
18.59424,80.24957,345.96,0.4,0.37,2026-05-01,754,N,VIIRS,l,2.0NRT,311.86,5.47,D
18.59445,81.8828,343.99,0.38,0.36,2026-05-01,754,N,VIIRS,n,2.0NRT,308.82,11.75,D
18.59864,81.18216,330.29,0.39,0.36,2026-05-01,754,N,VIIRS,l,2.0NRT,300.7,3,D
18.59903,80.17168,339.26,0.4,0.37,2026-05-01,754,N,VIIRS,l,2.0NRT,314.01,2.83,D
18.6004,81.21539,336.87,0.38,0.36,2026-05-01,754,N,VIIRS,n,2.0NRT,304.93,2.89,D
18.60178,80.27516,341.55,0.4,0.37,2026-05-01,754,N,VIIRS,l,2.0NRT,311.34,6.08,D
18.6026,80.30183,336.2,0.4,0.37,2026-05-01,754,N,VIIRS,l,2.0NRT,310.95,1.04,D
18.61808,81.06668,337.43,0.39,0.36,2026-05-01,754,N,VIIRS,n,2.0NRT,306.05,3.4,D
18.61922,81.07396,334.2,0.39,0.36,2026-05-01,754,N,VIIRS,l,2.0NRT,306.24,2.87,D
18.62245,81.05099,335.02,0.39,0.36,2026-05-01,754,N,VIIRS,l,2.0NRT,306.86,2.1,D
18.62251,82.29308,331.36,0.39,0.36,2026-05-01,754,N,VIIRS,l,2.0NRT,304.73,1.56,D
18.62364,82.27785,345.85,0.39,0.36,2026-05-01,754,N,VIIRS,n,2.0NRT,305.84,7,D
18.62415,81.0619,330.51,0.39,0.36,2026-05-01,754,N,VIIRS,l,2.0NRT,304.7,1.88,D
18.62803,81.06499,333.04,0.39,0.36,2026-05-01,754,N,VIIRS,l,2.0NRT,305.9,3.11,D
18.63078,81.06078,332.92,0.39,0.36,2026-05-01,754,N,VIIRS,l,2.0NRT,304.25,1.32,D
18.63918,81.09299,332.36,0.39,0.36,2026-05-01,754,N,VIIRS,l,2.0NRT,303.16,1.77,D
18.63967,81.07421,342.22,0.39,0.36,2026-05-01,754,N,VIIRS,n,2.0NRT,304.89,3.06,D
18.64023,81.07785,337.8,0.39,0.36,2026-05-01,754,N,VIIRS,n,2.0NRT,304.21,1.78,D
18.64298,81.07365,339.67,0.39,0.36,2026-05-01,754,N,VIIRS,n,2.0NRT,303.58,3.06,D
18.68374,81.22736,331.5,0.38,0.36,2026-05-01,754,N,VIIRS,l,2.0NRT,302.24,1.95,D
18.6843,81.23095,332.98,0.38,0.36,2026-05-01,754,N,VIIRS,n,2.0NRT,303.1,1.95,D
18.71806,81.16512,348.16,0.38,0.36,2026-05-01,754,N,VIIRS,n,2.0NRT,307.53,9.5,D
18.73478,79.96956,341.53,0.4,0.37,2026-05-01,754,N,VIIRS,l,2.0NRT,312.84,3.29,D
18.7359,82.03752,331.28,0.39,0.36,2026-05-01,754,N,VIIRS,l,2.0NRT,302.56,1.68,D
18.73922,82.03699,333.7,0.39,0.36,2026-05-01,754,N,VIIRS,l,2.0NRT,305.46,3.81,D
18.75159,81.11829,332.8,0.39,0.36,2026-05-01,754,N,VIIRS,l,2.0NRT,304.82,2.82,D
18.76659,80.08047,339.15,0.4,0.37,2026-05-01,754,N,VIIRS,l,2.0NRT,313.05,3.92,D
18.7672,80.08424,348.33,0.4,0.37,2026-05-01,754,N,VIIRS,l,2.0NRT,313.51,6.38,D
18.77056,80.08365,344.88,0.4,0.37,2026-05-01,754,N,VIIRS,l,2.0NRT,314.91,6.38,D
18.77393,80.08305,346.81,0.4,0.37,2026-05-01,754,N,VIIRS,l,2.0NRT,312.36,5.67,D
18.78725,82.08521,342.12,0.39,0.36,2026-05-01,754,N,VIIRS,n,2.0NRT,306.25,3.04,D
18.79057,82.08467,330.91,0.39,0.36,2026-05-01,754,N,VIIRS,l,2.0NRT,305.53,3.04,D
18.79287,83.82578,330.31,0.42,0.38,2026-05-01,754,N,VIIRS,n,2.0NRT,300.11,2.09,D
18.79525,80.34467,339.18,0.39,0.36,2026-05-01,754,N,VIIRS,l,2.0NRT,312.39,6.39,D
18.80592,82.57888,337.48,0.39,0.36,2026-05-01,754,N,VIIRS,l,2.0NRT,307.67,4.06,D
18.8146,81.97572,339.84,0.39,0.36,2026-05-01,754,N,VIIRS,n,2.0NRT,303.8,2.26,D
18.82138,80.05531,352.04,0.4,0.37,2026-05-01,754,N,VIIRS,n,2.0NRT,314.55,6.62,D
18.82198,80.05908,350.33,0.4,0.37,2026-05-01,754,N,VIIRS,l,2.0NRT,311.79,5.81,D
18.82535,80.05849,353.15,0.4,0.37,2026-05-01,754,N,VIIRS,n,2.0NRT,315.32,22.96,D
18.84307,80.38591,342.21,0.39,0.36,2026-05-01,754,N,VIIRS,l,2.0NRT,309.52,4.41,D
18.84366,80.38962,338.44,0.39,0.36,2026-05-01,754,N,VIIRS,l,2.0NRT,308.7,4.41,D
18.84763,82.6066,340.07,0.39,0.36,2026-05-01,754,N,VIIRS,n,2.0NRT,303.35,2.97,D
18.85207,82.61347,330.86,0.39,0.36,2026-05-01,754,N,VIIRS,l,2.0NRT,303.36,2.1,D
18.86147,82.42253,332.38,0.39,0.36,2026-05-01,754,N,VIIRS,l,2.0NRT,305.15,1.43,D
18.92637,82.63898,339.35,0.39,0.36,2026-05-01,754,N,VIIRS,n,2.0NRT,306.04,2.26,D
18.92691,82.64273,332.74,0.39,0.36,2026-05-01,754,N,VIIRS,l,2.0NRT,304.91,2.26,D
18.93283,82.70689,348.08,0.39,0.37,2026-05-01,754,N,VIIRS,n,2.0NRT,304.75,4.34,D
18.96917,82.69721,340.37,0.39,0.37,2026-05-01,754,N,VIIRS,n,2.0NRT,305.08,4.02,D
18.98703,82.70203,340.34,0.39,0.37,2026-05-01,754,N,VIIRS,n,2.0NRT,306.05,7.6,D
18.98984,82.69778,333.26,0.39,0.37,2026-05-01,754,N,VIIRS,l,2.0NRT,304.78,7.6,D
18.99039,82.70148,336.68,0.39,0.37,2026-05-01,754,N,VIIRS,n,2.0NRT,305.66,7.6,D
19.05308,82.74551,337.91,0.4,0.37,2026-05-01,754,N,VIIRS,n,2.0NRT,303.39,1.43,D
19.09711,82.16872,342.2,0.39,0.36,2026-05-01,754,N,VIIRS,n,2.0NRT,309.68,7.13,D
19.10376,82.16763,337.38,0.39,0.36,2026-05-01,754,N,VIIRS,l,2.0NRT,310.69,4.13,D
17.66495,73.38865,348.36,0.61,0.54,2026-05-01,756,N,VIIRS,n,2.0NRT,306.3,65.97,D
17.8758,73.45829,343.76,0.6,0.53,2026-05-01,756,N,VIIRS,n,2.0NRT,305.68,5.2,D
17.87936,73.45943,348.85,0.6,0.53,2026-05-01,756,N,VIIRS,n,2.0NRT,304.22,10.16,D
17.90094,73.77601,346.35,0.58,0.52,2026-05-01,756,N,VIIRS,n,2.0NRT,306.39,9.02,D
17.90664,73.46046,334.47,0.6,0.53,2026-05-01,756,N,VIIRS,l,2.0NRT,304.59,5,D
18.0625,73.6702,340.39,0.58,0.52,2026-05-01,756,N,VIIRS,n,2.0NRT,302.86,4.83,D
18.1797,74.48732,367,0.51,0.5,2026-05-01,756,N,VIIRS,h,2.0NRT,312.28,10.01,D
18.18009,74.48531,342.44,0.51,0.49,2026-05-01,756,N,VIIRS,l,2.0NRT,314.51,9.87,D
18.18422,74.48635,353.41,0.51,0.5,2026-05-01,756,N,VIIRS,n,2.0NRT,310.82,10.01,D
18.26224,73.70614,333.64,0.57,0.52,2026-05-01,756,N,VIIRS,l,2.0NRT,306.38,7.99,D
18.26796,73.71001,335.54,0.57,0.52,2026-05-01,756,N,VIIRS,l,2.0NRT,306.96,4.06,D
18.31145,74.28782,338.61,0.52,0.5,2026-05-01,756,N,VIIRS,l,2.0NRT,312.87,4.29,D
18.31419,76.16629,345.24,0.4,0.44,2026-05-01,756,N,VIIRS,l,2.0NRT,317.14,7.89,D
18.40312,74.9787,339.21,0.47,0.48,2026-05-01,756,N,VIIRS,l,2.0NRT,312.46,4.53,D
18.42028,73.58148,330.98,0.58,0.52,2026-05-01,756,N,VIIRS,l,2.0NRT,303.79,3.55,D
18.49303,77.36861,350.75,0.51,0.41,2026-05-01,756,N,VIIRS,n,2.0NRT,321.39,7.63,D
18.49309,77.37072,347.28,0.51,0.41,2026-05-01,756,N,VIIRS,l,2.0NRT,320.24,20.74,D
18.49808,77.75239,349.14,0.49,0.4,2026-05-01,756,N,VIIRS,l,2.0NRT,318.36,7.52,D
18.50819,77.78851,343.11,0.49,0.4,2026-05-01,756,N,VIIRS,l,2.0NRT,314.91,8.29,D
18.51519,74.33945,350.58,0.52,0.5,2026-05-01,756,N,VIIRS,n,2.0NRT,307.84,6.74,D
18.57199,77.8942,341.96,0.48,0.4,2026-05-01,756,N,VIIRS,l,2.0NRT,316.45,6.91,D
18.57509,77.91233,342.01,0.48,0.4,2026-05-01,756,N,VIIRS,l,2.0NRT,315.86,8.12,D
18.58969,78.32496,345.03,0.46,0.39,2026-05-01,756,N,VIIRS,n,2.0NRT,317.23,7.36,D
18.60286,77.94582,338.39,0.48,0.4,2026-05-01,756,N,VIIRS,l,2.0NRT,312.25,5.75,D
18.60493,77.9361,351.96,0.48,0.4,2026-05-01,756,N,VIIRS,l,2.0NRT,314.32,17.25,D
18.61145,77.9302,343.09,0.48,0.4,2026-05-01,756,N,VIIRS,l,2.0NRT,314.43,6.92,D
18.63468,75.88437,345.09,0.41,0.45,2026-05-01,756,N,VIIRS,l,2.0NRT,316.4,19.3,D
18.64146,78.14525,343.38,0.47,0.39,2026-05-01,756,N,VIIRS,l,2.0NRT,315.66,4.96,D
18.64923,73.56605,337.19,0.58,0.52,2026-05-01,756,N,VIIRS,l,2.0NRT,309.33,7.74,D
18.64968,73.56872,336.23,0.57,0.52,2026-05-01,756,N,VIIRS,l,2.0NRT,309.57,6.09,D
18.66515,77.95713,340.68,0.48,0.4,2026-05-01,756,N,VIIRS,l,2.0NRT,312.52,7.46,D
18.66593,77.96162,341.38,0.48,0.4,2026-05-01,756,N,VIIRS,l,2.0NRT,316.34,6.69,D
18.66957,77.96094,340.64,0.48,0.4,2026-05-01,756,N,VIIRS,l,2.0NRT,314.7,6.69,D
18.67055,78.16239,348.45,0.47,0.39,2026-05-01,756,N,VIIRS,l,2.0NRT,319.16,23.14,D
18.67301,77.93703,343.61,0.48,0.4,2026-05-01,756,N,VIIRS,l,2.0NRT,316.4,10.21,D
18.67365,76.99045,345.91,0.53,0.42,2026-05-01,756,N,VIIRS,l,2.0NRT,320.1,15.13,D
18.67993,73.44686,343.3,0.58,0.52,2026-05-01,756,N,VIIRS,n,2.0NRT,305.68,19.79,D
18.68686,73.04417,335.34,0.62,0.54,2026-05-01,756,N,VIIRS,n,2.0NRT,303.58,8.22,D
18.69799,79.04869,353.64,0.43,0.38,2026-05-01,756,N,VIIRS,l,2.0NRT,319.22,8.33,D
18.69867,79.05271,345.04,0.43,0.38,2026-05-01,756,N,VIIRS,l,2.0NRT,319.3,8.33,D
18.70724,73.25468,336.41,0.6,0.53,2026-05-01,756,N,VIIRS,n,2.0NRT,304.18,2.98,D
18.71408,73.17822,332.22,0.61,0.53,2026-05-01,756,N,VIIRS,l,2.0NRT,305.35,3.75,D
18.71875,77.79398,351.32,0.48,0.4,2026-05-01,756,N,VIIRS,l,2.0NRT,321.01,28.46,D
18.71954,77.79852,350.12,0.48,0.4,2026-05-01,756,N,VIIRS,l,2.0NRT,321.09,28.46,D
18.72849,75.06575,345.94,0.46,0.47,2026-05-01,756,N,VIIRS,n,2.0NRT,315.77,7.58,D
18.73894,78.92849,345.39,0.43,0.38,2026-05-01,756,N,VIIRS,n,2.0NRT,315.82,7.63,D
18.74501,77.90141,346.53,0.48,0.4,2026-05-01,756,N,VIIRS,l,2.0NRT,317.88,8.54,D
18.7906,77.18285,349.99,0.52,0.41,2026-05-01,756,N,VIIRS,n,2.0NRT,319.28,18.22,D
18.81275,78.48794,350.83,0.45,0.39,2026-05-01,756,N,VIIRS,l,2.0NRT,317.03,14.11,D
18.81289,77.2056,341.81,0.52,0.41,2026-05-01,756,N,VIIRS,l,2.0NRT,315.53,17.75,D
18.82337,76.57148,342.66,0.56,0.43,2026-05-01,756,N,VIIRS,l,2.0NRT,317.06,12.89,D
18.85137,78.08114,343.02,0.47,0.4,2026-05-01,756,N,VIIRS,l,2.0NRT,315.53,51.28,D
18.86642,73.4912,342.16,0.58,0.52,2026-05-01,756,N,VIIRS,n,2.0NRT,303.9,3.89,D
18.8813,79.7551,338.18,0.41,0.37,2026-05-01,756,N,VIIRS,l,2.0NRT,312.29,2.75,D
18.90567,78.9071,349.07,0.43,0.38,2026-05-01,756,N,VIIRS,n,2.0NRT,315.06,5.75,D
18.91045,73.63637,337.63,0.56,0.52,2026-05-01,756,N,VIIRS,l,2.0NRT,308.93,3.34,D
18.9403,79.57826,341.14,0.41,0.37,2026-05-01,756,N,VIIRS,l,2.0NRT,314.43,3.03,D
19.00128,80.52917,339.7,0.39,0.36,2026-05-01,756,N,VIIRS,l,2.0NRT,307.99,3.14,D
19.00508,78.91519,347.08,0.43,0.38,2026-05-01,756,N,VIIRS,l,2.0NRT,315.48,8.12,D
19.01538,79.33227,351.05,0.42,0.37,2026-05-01,756,N,VIIRS,l,2.0NRT,313.89,6.39,D
19.01939,74.6489,346.31,0.48,0.48,2026-05-01,756,N,VIIRS,n,2.0NRT,315.09,11.89,D
19.09499,79.64644,341.63,0.41,0.37,2026-05-01,756,N,VIIRS,l,2.0NRT,313.2,5.29,D
19.09511,79.64971,341.79,0.41,0.37,2026-05-01,756,N,VIIRS,l,2.0NRT,312.05,3.77,D
19.1081,73.91512,337.6,0.54,0.5,2026-05-01,756,N,VIIRS,l,2.0NRT,310.6,2.73,D
19.11486,74.74377,346.94,0.47,0.48,2026-05-01,756,N,VIIRS,n,2.0NRT,312.2,5.99,D
19.13046,78.65099,342.58,0.44,0.38,2026-05-01,756,N,VIIRS,l,2.0NRT,315.26,6.38,D
19.13194,79.61602,354.4,0.41,0.37,2026-05-01,756,N,VIIRS,l,2.0NRT,320.41,12.51,D
19.15382,79.19865,344.7,0.42,0.38,2026-05-01,756,N,VIIRS,l,2.0NRT,316.08,6.84,D
19.15568,80.09234,337.94,0.4,0.37,2026-05-01,756,N,VIIRS,n,2.0NRT,307.17,1.92,D
19.15881,80.86375,334.77,0.39,0.36,2026-05-01,756,N,VIIRS,l,2.0NRT,308.14,1.59,D
19.1787,81.1675,339.27,0.38,0.36,2026-05-01,756,N,VIIRS,n,2.0NRT,307.43,2.58,D
19.17916,79.11624,348.64,0.42,0.38,2026-05-01,756,N,VIIRS,l,2.0NRT,315.44,8.54,D
19.18588,81.17002,341.21,0.38,0.36,2026-05-01,756,N,VIIRS,n,2.0NRT,310.41,17.89,D
19.18919,81.16946,342.07,0.38,0.36,2026-05-01,756,N,VIIRS,n,2.0NRT,307.64,21.84,D
19.19149,81.20641,345.12,0.38,0.36,2026-05-01,756,N,VIIRS,n,2.0NRT,306.19,7.52,D
19.1948,81.20583,342.68,0.38,0.36,2026-05-01,756,N,VIIRS,n,2.0NRT,309.93,8.47,D
19.19535,81.20947,351.49,0.38,0.36,2026-05-01,756,N,VIIRS,n,2.0NRT,309.04,8.47,D
19.19829,78.55799,343.5,0.44,0.39,2026-05-01,756,N,VIIRS,l,2.0NRT,315.32,7.36,D
19.20129,80.90115,339.46,0.39,0.36,2026-05-01,756,N,VIIRS,l,2.0NRT,311.07,35.2,D
19.20359,79.15662,338.62,0.42,0.38,2026-05-01,756,N,VIIRS,l,2.0NRT,312.52,5.85,D
19.20667,78.94954,340.5,0.43,0.38,2026-05-01,756,N,VIIRS,l,2.0NRT,313.29,3.54,D
19.20946,78.94489,342.2,0.43,0.38,2026-05-01,756,N,VIIRS,l,2.0NRT,313.92,3.77,D
19.21293,78.94426,345.49,0.43,0.38,2026-05-01,756,N,VIIRS,l,2.0NRT,313.72,3.77,D
19.21362,78.94833,343.15,0.43,0.38,2026-05-01,756,N,VIIRS,l,2.0NRT,313.91,8.22,D
19.2152,81.20609,344.9,0.38,0.36,2026-05-01,756,N,VIIRS,n,2.0NRT,305.4,34.91,D
19.21777,81.13469,332.85,0.38,0.36,2026-05-01,756,N,VIIRS,l,2.0NRT,304.34,36.93,D
19.21833,81.13832,348.24,0.38,0.36,2026-05-01,756,N,VIIRS,n,2.0NRT,315.55,36.93,D
19.21889,81.14196,342.59,0.38,0.36,2026-05-01,756,N,VIIRS,n,2.0NRT,314.99,18.48,D
19.22108,81.13412,367,0.38,0.36,2026-05-01,756,N,VIIRS,l,2.0NRT,326.93,36.93,D
19.22164,81.13776,345.01,0.38,0.36,2026-05-01,756,N,VIIRS,n,2.0NRT,317.02,36.93,D
19.2222,81.14139,338.94,0.38,0.36,2026-05-01,756,N,VIIRS,n,2.0NRT,303.16,18.48,D
19.22318,73.57015,336.38,0.56,0.51,2026-05-01,756,N,VIIRS,l,2.0NRT,306.79,6.02,D
19.2238,81.13329,353.23,0.38,0.36,2026-05-01,756,N,VIIRS,n,2.0NRT,305.43,11.55,D
19.22436,81.13692,339,0.38,0.36,2026-05-01,756,N,VIIRS,n,2.0NRT,305.99,11.55,D
19.22727,78.81623,340.25,0.43,0.38,2026-05-01,756,N,VIIRS,l,2.0NRT,314.57,2.59,D
19.22746,81.26373,343.13,0.38,0.36,2026-05-01,756,N,VIIRS,n,2.0NRT,308.61,6.94,D
19.22767,81.13635,336.08,0.38,0.36,2026-05-01,756,N,VIIRS,n,2.0NRT,305.69,11.55,D
19.22795,78.82029,338.49,0.43,0.38,2026-05-01,756,N,VIIRS,l,2.0NRT,313.44,3.1,D
19.22943,81.16966,341.48,0.38,0.36,2026-05-01,756,N,VIIRS,n,2.0NRT,303.67,3.79,D
19.22949,81.18872,336.27,0.38,0.36,2026-05-01,756,N,VIIRS,n,2.0NRT,302.25,4.65,D
19.22998,81.17329,338.72,0.38,0.36,2026-05-01,756,N,VIIRS,n,2.0NRT,303.29,3.79,D
19.23042,81.13215,343.19,0.38,0.36,2026-05-01,756,N,VIIRS,n,2.0NRT,305.64,14.22,D
19.23066,81.21839,332.97,0.38,0.36,2026-05-01,756,N,VIIRS,l,2.0NRT,305.87,1.96,D
19.23076,81.26317,335.58,0.38,0.36,2026-05-01,756,N,VIIRS,l,2.0NRT,306.06,2.75,D
19.23132,81.26681,337.57,0.38,0.36,2026-05-01,756,N,VIIRS,l,2.0NRT,311.22,5.97,D
19.23407,81.2626,336.03,0.38,0.36,2026-05-01,756,N,VIIRS,n,2.0NRT,304.58,2.75,D
19.23961,81.27657,332.96,0.38,0.36,2026-05-01,756,N,VIIRS,n,2.0NRT,302.61,2.19,D
19.24018,81.2802,337.13,0.38,0.36,2026-05-01,756,N,VIIRS,n,2.0NRT,305.15,2.77,D
19.24074,81.28384,331.98,0.38,0.36,2026-05-01,756,N,VIIRS,l,2.0NRT,304.25,2.77,D
19.24153,81.16013,331.46,0.38,0.36,2026-05-01,756,N,VIIRS,l,2.0NRT,306.26,4.36,D
19.24608,78.82123,347.24,0.43,0.38,2026-05-01,756,N,VIIRS,l,2.0NRT,314.59,5.57,D
19.24815,81.159,330.98,0.38,0.36,2026-05-01,756,N,VIIRS,l,2.0NRT,303.36,2.72,D
19.24871,81.16264,333.86,0.38,0.36,2026-05-01,756,N,VIIRS,n,2.0NRT,303.71,2.72,D
19.24921,79.32703,340.24,0.41,0.37,2026-05-01,756,N,VIIRS,l,2.0NRT,310.33,6.26,D
19.24981,73.26096,342.94,0.58,0.52,2026-05-01,756,N,VIIRS,n,2.0NRT,304.89,4.61,D
19.24985,79.33096,351.18,0.41,0.37,2026-05-01,756,N,VIIRS,l,2.0NRT,311.36,6.26,D
19.25135,73.26311,341.5,0.59,0.52,2026-05-01,756,N,VIIRS,n,2.0NRT,304.33,5.5,D
19.25754,78.26821,346.74,0.45,0.39,2026-05-01,756,N,VIIRS,l,2.0NRT,316.76,14.74,D
19.26009,80.95106,341.75,0.39,0.36,2026-05-01,756,N,VIIRS,n,2.0NRT,308.25,6.15,D
19.2634,80.95049,346.21,0.39,0.36,2026-05-01,756,N,VIIRS,n,2.0NRT,309.63,20.29,D
19.26945,80.2111,340.32,0.39,0.36,2026-05-01,756,N,VIIRS,l,2.0NRT,308.74,3.41,D
19.27091,73.46167,338.13,0.57,0.52,2026-05-01,756,N,VIIRS,l,2.0NRT,310.53,5.54,D
19.27665,77.59243,344.74,0.49,0.4,2026-05-01,756,N,VIIRS,l,2.0NRT,316.24,11.74,D
19.27991,81.29919,330.56,0.38,0.36,2026-05-01,756,N,VIIRS,l,2.0NRT,304.68,2.23,D
19.28134,81.19814,337.73,0.38,0.36,2026-05-01,756,N,VIIRS,n,2.0NRT,304.18,3.07,D
19.28541,78.90692,341.85,0.43,0.38,2026-05-01,756,N,VIIRS,l,2.0NRT,316.49,2.7,D
19.28571,81.18246,335.51,0.38,0.36,2026-05-01,756,N,VIIRS,n,2.0NRT,306.45,2.91,D
19.28627,81.18611,340.6,0.38,0.36,2026-05-01,756,N,VIIRS,n,2.0NRT,307.59,2.91,D
19.28666,79.12968,348.37,0.42,0.38,2026-05-01,756,N,VIIRS,l,2.0NRT,315,13.39,D
19.28732,79.1337,341.43,0.42,0.38,2026-05-01,756,N,VIIRS,l,2.0NRT,314.77,8.8,D
19.28858,80.04174,345.24,0.4,0.37,2026-05-01,756,N,VIIRS,n,2.0NRT,313.9,4.69,D
19.28957,81.18555,340.17,0.38,0.36,2026-05-01,756,N,VIIRS,n,2.0NRT,307.49,2.91,D
19.29578,79.09895,342.82,0.42,0.38,2026-05-01,756,N,VIIRS,l,2.0NRT,314.91,9.89,D
19.29723,77.86494,342.63,0.47,0.4,2026-05-01,756,N,VIIRS,l,2.0NRT,316.61,2.47,D
19.30286,79.16331,346.13,0.42,0.38,2026-05-01,756,N,VIIRS,l,2.0NRT,316.59,13.08,D
19.30417,81.30251,330.18,0.38,0.36,2026-05-01,756,N,VIIRS,n,2.0NRT,301.91,1.29,D
19.31188,79.15358,344.42,0.42,0.38,2026-05-01,756,N,VIIRS,l,2.0NRT,319.13,25.77,D
19.3144,81.19245,336.16,0.38,0.36,2026-05-01,756,N,VIIRS,n,2.0NRT,306.12,2.57,D
19.31448,80.82174,341.74,0.39,0.36,2026-05-01,756,N,VIIRS,n,2.0NRT,311.56,3.43,D
19.33721,79.15672,355.95,0.42,0.38,2026-05-01,756,N,VIIRS,n,2.0NRT,317.51,10.37,D
19.33886,79.09109,342.72,0.42,0.38,2026-05-01,756,N,VIIRS,l,2.0NRT,316.24,6.5,D
19.34936,79.70327,338.25,0.4,0.37,2026-05-01,756,N,VIIRS,l,2.0NRT,309.83,2.88,D
19.34998,79.70709,345.83,0.4,0.37,2026-05-01,756,N,VIIRS,l,2.0NRT,312.04,6.92,D
19.35469,81.23434,341.46,0.38,0.36,2026-05-01,756,N,VIIRS,n,2.0NRT,305.41,6.5,D
19.3561,80.97975,341.2,0.39,0.36,2026-05-01,756,N,VIIRS,n,2.0NRT,309.27,3.71,D
19.35856,81.23741,338.89,0.38,0.36,2026-05-01,756,N,VIIRS,n,2.0NRT,307.73,5.66,D
19.35975,81.06907,341.59,0.38,0.36,2026-05-01,756,N,VIIRS,n,2.0NRT,305.33,3.18,D
19.36031,81.07271,334.54,0.38,0.36,2026-05-01,756,N,VIIRS,n,2.0NRT,308.96,2.06,D
19.36403,81.03089,335.57,0.38,0.36,2026-05-01,756,N,VIIRS,l,2.0NRT,309.5,3.62,D
19.36541,73.71141,333.28,0.54,0.51,2026-05-01,756,N,VIIRS,l,2.0NRT,304.28,5.73,D
19.37146,76.77848,340.81,0.54,0.42,2026-05-01,756,N,VIIRS,l,2.0NRT,314.55,19.15,D
19.37186,76.77551,341.82,0.53,0.42,2026-05-01,756,N,VIIRS,l,2.0NRT,314.04,21.15,D
19.37895,81.03956,352.56,0.38,0.36,2026-05-01,756,N,VIIRS,n,2.0NRT,313.61,5.82,D
19.38,79.21017,346.65,0.42,0.37,2026-05-01,756,N,VIIRS,l,2.0NRT,315.63,8.27,D
19.38136,80.94547,352.03,0.39,0.36,2026-05-01,756,N,VIIRS,n,2.0NRT,308.37,7.83,D
19.38226,81.03899,338.48,0.38,0.36,2026-05-01,756,N,VIIRS,l,2.0NRT,310.52,5.82,D
19.38345,79.20963,344.57,0.42,0.37,2026-05-01,756,N,VIIRS,l,2.0NRT,318.43,6.19,D
19.38411,80.94125,346.52,0.39,0.36,2026-05-01,756,N,VIIRS,n,2.0NRT,309.25,11.28,D
19.38467,80.94489,337.71,0.39,0.36,2026-05-01,756,N,VIIRS,n,2.0NRT,306.18,11.28,D
19.38524,80.94854,346.28,0.39,0.36,2026-05-01,756,N,VIIRS,n,2.0NRT,308.51,17.59,D
19.38581,80.95219,348.65,0.39,0.36,2026-05-01,756,N,VIIRS,n,2.0NRT,310.31,17.59,D
19.38654,79.07875,345.72,0.42,0.38,2026-05-01,756,N,VIIRS,l,2.0NRT,315.4,7.12,D
19.38798,80.94432,355.36,0.39,0.36,2026-05-01,756,N,VIIRS,n,2.0NRT,310.84,11.28,D
19.38855,80.94797,355.81,0.39,0.36,2026-05-01,756,N,VIIRS,n,2.0NRT,314.9,17.59,D
19.38912,80.95162,356.29,0.39,0.36,2026-05-01,756,N,VIIRS,n,2.0NRT,312.73,17.59,D
19.38931,79.07403,340.72,0.42,0.38,2026-05-01,756,N,VIIRS,l,2.0NRT,313.67,4.19,D
19.38968,80.95528,334.88,0.39,0.36,2026-05-01,756,N,VIIRS,l,2.0NRT,305.39,3.63,D
19.39186,80.94739,348.96,0.39,0.36,2026-05-01,756,N,VIIRS,n,2.0NRT,308,6.23,D
19.39243,80.95104,351.7,0.39,0.36,2026-05-01,756,N,VIIRS,n,2.0NRT,309.49,6.23,D
19.39342,79.07742,342.77,0.42,0.38,2026-05-01,756,N,VIIRS,l,2.0NRT,315.97,4.19,D
19.39686,79.07674,344.07,0.42,0.38,2026-05-01,756,N,VIIRS,l,2.0NRT,315.04,8.12,D
19.39816,81.01006,339.27,0.38,0.36,2026-05-01,756,N,VIIRS,n,2.0NRT,314.04,3.06,D
19.40324,81.04286,331.03,0.38,0.36,2026-05-01,756,N,VIIRS,l,2.0NRT,305.64,4.41,D
19.40349,80.9566,339.36,0.39,0.36,2026-05-01,756,N,VIIRS,n,2.0NRT,304.15,4.7,D
19.4038,81.04651,350.02,0.38,0.36,2026-05-01,756,N,VIIRS,n,2.0NRT,307,4.41,D
19.40405,80.96025,342.09,0.39,0.36,2026-05-01,756,N,VIIRS,n,2.0NRT,304.43,3.83,D
19.40728,80.93722,333.86,0.39,0.36,2026-05-01,756,N,VIIRS,l,2.0NRT,306.9,2.3,D
19.41113,79.09865,340.44,0.42,0.38,2026-05-01,756,N,VIIRS,l,2.0NRT,314.33,4.38,D
19.42467,79.11626,345.78,0.42,0.38,2026-05-01,756,N,VIIRS,l,2.0NRT,316.43,6.47,D
19.44563,75.14701,343.73,0.44,0.46,2026-05-01,756,N,VIIRS,n,2.0NRT,311.14,5.03,D
19.44641,75.15118,336.86,0.44,0.46,2026-05-01,756,N,VIIRS,l,2.0NRT,309.17,4.47,D
19.45182,80.05891,338.03,0.4,0.37,2026-05-01,756,N,VIIRS,l,2.0NRT,312.58,5.1,D
19.45231,73.11371,334.37,0.59,0.53,2026-05-01,756,N,VIIRS,l,2.0NRT,307.64,4.01,D
19.45242,80.06266,343.68,0.4,0.37,2026-05-01,756,N,VIIRS,l,2.0NRT,311.95,6.09,D
19.45391,79.46657,338.06,0.41,0.37,2026-05-01,756,N,VIIRS,l,2.0NRT,312.24,3.02,D
19.45448,79.13199,344.15,0.42,0.38,2026-05-01,756,N,VIIRS,l,2.0NRT,318.61,5.72,D
19.46128,80.05336,341.45,0.4,0.37,2026-05-01,756,N,VIIRS,l,2.0NRT,311.5,8.06,D
19.463,80.94965,339.31,0.39,0.36,2026-05-01,756,N,VIIRS,l,2.0NRT,309.89,2.44,D
19.46924,79.88108,337.59,0.4,0.37,2026-05-01,756,N,VIIRS,l,2.0NRT,311.12,2.92,D
19.47951,80.68678,338.45,0.39,0.36,2026-05-01,756,N,VIIRS,n,2.0NRT,306.35,2.44,D
19.48502,79.1877,342.19,0.42,0.37,2026-05-01,756,N,VIIRS,l,2.0NRT,314.96,5.84,D
19.4993,78.80141,343.58,0.43,0.38,2026-05-01,756,N,VIIRS,l,2.0NRT,318.18,2.97,D
19.52999,77.37461,342,0.5,0.41,2026-05-01,756,N,VIIRS,l,2.0NRT,315.65,11.82,D
19.54438,79.02164,348.17,0.42,0.38,2026-05-01,756,N,VIIRS,l,2.0NRT,321.61,10.06,D
19.56875,79.41836,340.45,0.41,0.37,2026-05-01,756,N,VIIRS,l,2.0NRT,310.5,6.11,D
19.57162,81.1254,331.64,0.38,0.36,2026-05-01,756,N,VIIRS,l,2.0NRT,305.2,3.57,D
19.60257,73.07209,336.71,0.59,0.53,2026-05-01,756,N,VIIRS,l,2.0NRT,306.95,4.75,D
19.60364,79.20704,343.82,0.42,0.37,2026-05-01,756,N,VIIRS,l,2.0NRT,316.47,6.79,D
19.60669,76.76126,341.93,0.53,0.42,2026-05-01,756,N,VIIRS,l,2.0NRT,316.81,8.82,D
19.60762,76.76638,350.66,0.53,0.42,2026-05-01,756,N,VIIRS,n,2.0NRT,316.5,8.82,D
19.61145,76.76562,352.62,0.53,0.42,2026-05-01,756,N,VIIRS,n,2.0NRT,317.06,15.71,D
19.61364,79.6087,349.03,0.4,0.37,2026-05-01,756,N,VIIRS,l,2.0NRT,314.78,9.69,D
19.61426,79.61253,339.43,0.4,0.37,2026-05-01,756,N,VIIRS,l,2.0NRT,313.47,6.82,D
19.64217,80.08699,337.79,0.39,0.37,2026-05-01,756,N,VIIRS,l,2.0NRT,308.84,3.21,D
19.64277,80.09075,347.87,0.39,0.37,2026-05-01,756,N,VIIRS,n,2.0NRT,309.83,8.97,D
19.64696,79.55517,337.52,0.41,0.37,2026-05-01,756,N,VIIRS,l,2.0NRT,310.08,1.12,D
19.64972,79.5507,342.74,0.41,0.37,2026-05-01,756,N,VIIRS,l,2.0NRT,312.4,4.35,D
19.65071,78.44985,348.94,0.44,0.38,2026-05-01,756,N,VIIRS,l,2.0NRT,318.84,7.04,D
19.65248,79.54624,343.88,0.41,0.37,2026-05-01,756,N,VIIRS,l,2.0NRT,312.5,5.78,D
19.6544,78.45404,347.81,0.44,0.38,2026-05-01,756,N,VIIRS,l,2.0NRT,318.03,6.83,D
19.65492,78.45336,351.18,0.44,0.38,2026-05-01,756,N,VIIRS,n,2.0NRT,318.51,6.56,D
19.65862,79.54114,339.31,0.41,0.37,2026-05-01,756,N,VIIRS,l,2.0NRT,311.17,24.34,D
19.66012,79.52895,348.7,0.41,0.37,2026-05-01,756,N,VIIRS,l,2.0NRT,314.72,10.51,D
19.66075,79.53281,343.53,0.41,0.37,2026-05-01,756,N,VIIRS,l,2.0NRT,312.38,7.82,D
19.66351,79.52834,349.92,0.41,0.37,2026-05-01,756,N,VIIRS,n,2.0NRT,313.62,10.51,D
19.66623,78.07414,346.28,0.46,0.39,2026-05-01,756,N,VIIRS,l,2.0NRT,316.55,9.3,D
19.6669,79.52772,339.43,0.41,0.37,2026-05-01,756,N,VIIRS,l,2.0NRT,312.9,3.09,D
19.67029,79.5271,336.59,0.41,0.37,2026-05-01,756,N,VIIRS,l,2.0NRT,311.29,3.09,D
19.67058,79.20654,346.83,0.42,0.37,2026-05-01,756,N,VIIRS,l,2.0NRT,317.46,8.16,D
19.67139,79.94647,338.56,0.4,0.37,2026-05-01,756,N,VIIRS,l,2.0NRT,309.63,2.47,D
19.6775,79.9415,340.33,0.4,0.37,2026-05-01,756,N,VIIRS,l,2.0NRT,312.74,4.11,D
19.68318,81.01577,348.42,0.38,0.36,2026-05-01,756,N,VIIRS,n,2.0NRT,311.39,8.28,D
19.69856,78.28569,345.74,0.45,0.39,2026-05-01,756,N,VIIRS,l,2.0NRT,316.83,8,D
19.69928,78.28991,355.09,0.45,0.39,2026-05-01,756,N,VIIRS,l,2.0NRT,315.76,14.46,D
19.70377,72.95807,330.25,0.6,0.53,2026-05-01,756,N,VIIRS,l,2.0NRT,304.15,1.98,D
19.70406,77.63914,344.41,0.48,0.4,2026-05-01,756,N,VIIRS,l,2.0NRT,314.06,6.78,D
19.70771,77.63844,349.65,0.48,0.4,2026-05-01,756,N,VIIRS,n,2.0NRT,316.65,6.78,D
19.71127,79.73647,343.83,0.4,0.37,2026-05-01,756,N,VIIRS,l,2.0NRT,317.97,6.98,D
19.72121,79.49397,343.09,0.41,0.37,2026-05-01,756,N,VIIRS,l,2.0NRT,317.97,10.12,D
19.72142,79.49789,340.32,0.41,0.37,2026-05-01,756,N,VIIRS,l,2.0NRT,314.31,8.45,D
19.72185,79.49784,339.38,0.41,0.37,2026-05-01,756,N,VIIRS,l,2.0NRT,313.98,6.52,D
19.72613,78.66257,355.95,0.43,0.38,2026-05-01,756,N,VIIRS,n,2.0NRT,320.68,8.89,D
19.7291,74.21422,342.43,0.5,0.49,2026-05-01,756,N,VIIRS,n,2.0NRT,311.48,3.42,D
19.72962,78.66192,344.88,0.43,0.38,2026-05-01,756,N,VIIRS,l,2.0NRT,319.06,8.89,D
19.74705,81.58901,331.59,0.38,0.36,2026-05-01,756,N,VIIRS,l,2.0NRT,304.14,2.2,D
19.7494,73.21119,349.36,0.58,0.52,2026-05-01,756,N,VIIRS,n,2.0NRT,310.07,9.77,D
19.75627,75.93823,348.15,0.39,0.44,2026-05-01,756,N,VIIRS,l,2.0NRT,322.21,22.91,D
19.77206,80.80158,333.47,0.39,0.36,2026-05-01,756,N,VIIRS,l,2.0NRT,307.33,3.18,D
19.77537,80.801,336.75,0.39,0.36,2026-05-01,756,N,VIIRS,l,2.0NRT,309.82,4.03,D
19.77925,80.80408,332.82,0.39,0.36,2026-05-01,756,N,VIIRS,l,2.0NRT,307.51,2.16,D
19.77983,80.80774,337.45,0.39,0.36,2026-05-01,756,N,VIIRS,l,2.0NRT,310.33,2.16,D
19.7925,75.14187,339.39,0.44,0.46,2026-05-01,756,N,VIIRS,l,2.0NRT,314.32,8.63,D
19.79678,79.89262,342.64,0.4,0.37,2026-05-01,756,N,VIIRS,l,2.0NRT,313.09,3.75,D
19.79726,78.65763,349.22,0.43,0.38,2026-05-01,756,N,VIIRS,l,2.0NRT,323.11,6.21,D
19.8081,79.57733,344.84,0.4,0.37,2026-05-01,756,N,VIIRS,n,2.0NRT,311.66,4.52,D
19.80872,79.58116,337.56,0.4,0.37,2026-05-01,756,N,VIIRS,l,2.0NRT,310.32,4.52,D
19.81861,78.65084,344.16,0.43,0.38,2026-05-01,756,N,VIIRS,l,2.0NRT,318.8,2,D
19.81907,79.51591,337.87,0.41,0.37,2026-05-01,756,N,VIIRS,l,2.0NRT,311.31,1.49,D
19.8192,77.25137,343.09,0.5,0.41,2026-05-01,756,N,VIIRS,l,2.0NRT,314.55,12.92,D
19.81956,80.9325,331.32,0.38,0.36,2026-05-01,756,N,VIIRS,l,2.0NRT,305.36,3.04,D
19.86716,79.2753,340.68,0.41,0.37,2026-05-01,756,N,VIIRS,l,2.0NRT,315.67,7.39,D
19.92516,78.57636,346.79,0.43,0.38,2026-05-01,756,N,VIIRS,l,2.0NRT,319.08,3.89,D
19.92632,79.68169,348.43,0.4,0.37,2026-05-01,756,N,VIIRS,l,2.0NRT,314.88,6.05,D
19.92693,79.68551,348.86,0.4,0.37,2026-05-01,756,N,VIIRS,l,2.0NRT,313.43,6.05,D
19.93681,79.39986,349.63,0.41,0.37,2026-05-01,756,N,VIIRS,n,2.0NRT,313.1,8.54,D
19.93893,79.3915,351.92,0.41,0.37,2026-05-01,756,N,VIIRS,n,2.0NRT,318.47,17.71,D
19.93957,79.39539,344.26,0.41,0.37,2026-05-01,756,N,VIIRS,l,2.0NRT,313.36,8.54,D
19.94084,79.40312,337.26,0.41,0.37,2026-05-01,756,N,VIIRS,l,2.0NRT,310.2,4.35,D
19.94233,79.39089,349.87,0.41,0.37,2026-05-01,756,N,VIIRS,l,2.0NRT,317.18,6.85,D
19.9426,80.76727,341.99,0.39,0.36,2026-05-01,756,N,VIIRS,n,2.0NRT,310.54,4.5,D
19.94362,74.19972,334.04,0.5,0.49,2026-05-01,756,N,VIIRS,l,2.0NRT,308.14,2.47,D
19.94433,74.44031,338.33,0.48,0.48,2026-05-01,756,N,VIIRS,n,2.0NRT,309.95,3.37,D
19.94509,79.38639,340.12,0.41,0.37,2026-05-01,756,N,VIIRS,l,2.0NRT,313,6.85,D
19.94852,79.96973,344.2,0.4,0.37,2026-05-01,756,N,VIIRS,l,2.0NRT,314.58,4.97,D
19.9507,78.17422,344.04,0.45,0.39,2026-05-01,756,N,VIIRS,l,2.0NRT,316.07,3.04,D
19.95187,79.96913,345,0.4,0.37,2026-05-01,756,N,VIIRS,l,2.0NRT,315.32,4.97,D
19.95528,79.38454,342.98,0.41,0.37,2026-05-01,756,N,VIIRS,l,2.0NRT,314.82,4.22,D
19.95868,79.38392,346.02,0.41,0.37,2026-05-01,756,N,VIIRS,n,2.0NRT,313.41,4.22,D
19.96207,79.38329,351.09,0.41,0.37,2026-05-01,756,N,VIIRS,n,2.0NRT,315.88,8.23,D
19.96271,79.38717,340.21,0.41,0.37,2026-05-01,756,N,VIIRS,l,2.0NRT,314.68,8.23,D
19.96483,79.37878,338.63,0.41,0.37,2026-05-01,756,N,VIIRS,l,2.0NRT,313.26,4.29,D
19.96547,79.38267,354.52,0.41,0.37,2026-05-01,756,N,VIIRS,n,2.0NRT,317.78,8.23,D
19.96611,79.38654,340.93,0.41,0.37,2026-05-01,756,N,VIIRS,l,2.0NRT,314.24,8.23,D
19.96671,79.45419,338.79,0.41,0.37,2026-05-01,756,N,VIIRS,l,2.0NRT,312.55,5.01,D
19.96823,79.37816,339.18,0.41,0.37,2026-05-01,756,N,VIIRS,l,2.0NRT,313.83,5.7,D
19.96886,79.38204,351.76,0.41,0.37,2026-05-01,756,N,VIIRS,n,2.0NRT,316.21,11.78,D
19.97226,79.38142,341.42,0.41,0.37,2026-05-01,756,N,VIIRS,l,2.0NRT,312.78,11.78,D
19.9729,79.38528,353.44,0.41,0.37,2026-05-01,756,N,VIIRS,n,2.0NRT,323.27,11.78,D
19.97353,79.38918,349.31,0.41,0.37,2026-05-01,756,N,VIIRS,n,2.0NRT,315.65,12.22,D
19.97629,79.38466,355.37,0.41,0.37,2026-05-01,756,N,VIIRS,n,2.0NRT,314.65,8.03,D
19.98013,79.34394,340.22,0.41,0.37,2026-05-01,756,N,VIIRS,l,2.0NRT,312.12,3.96,D
19.98353,79.34332,349.24,0.41,0.37,2026-05-01,756,N,VIIRS,n,2.0NRT,311.68,5.07,D
20.00451,78.6419,348.53,0.43,0.38,2026-05-01,756,N,VIIRS,l,2.0NRT,319.55,17.8,D
20.00519,78.64597,347.52,0.43,0.38,2026-05-01,756,N,VIIRS,l,2.0NRT,319.21,12.36,D
20.008,78.64127,347.93,0.43,0.38,2026-05-01,756,N,VIIRS,n,2.0NRT,320.4,17.8,D
20.00868,78.64536,350.19,0.43,0.38,2026-05-01,756,N,VIIRS,n,2.0NRT,314.99,12.36,D
20.03231,79.6004,353.24,0.4,0.37,2026-05-01,756,N,VIIRS,l,2.0NRT,313.08,12.33,D
20.04683,75.58919,347.44,0.41,0.45,2026-05-01,756,N,VIIRS,n,2.0NRT,318.13,7.36,D
20.07334,79.81222,354.05,0.4,0.37,2026-05-01,756,N,VIIRS,l,2.0NRT,315.71,14.52,D
20.07427,79.79647,341.46,0.4,0.37,2026-05-01,756,N,VIIRS,l,2.0NRT,313.58,4.94,D
20.07488,79.80026,340.38,0.4,0.37,2026-05-01,756,N,VIIRS,l,2.0NRT,312.54,4.94,D
20.07725,79.85818,345.08,0.4,0.37,2026-05-01,756,N,VIIRS,l,2.0NRT,315.21,7.64,D
20.12526,79.67754,356.63,0.4,0.37,2026-05-01,756,N,VIIRS,n,2.0NRT,314.22,14.42,D
20.12588,79.68135,348.86,0.4,0.37,2026-05-01,756,N,VIIRS,l,2.0NRT,311.39,14.42,D
20.13742,77.97588,349.78,0.46,0.39,2026-05-01,756,N,VIIRS,l,2.0NRT,317.5,14.49,D
20.15173,75.83775,346.51,0.39,0.44,2026-05-01,756,N,VIIRS,n,2.0NRT,320.58,11.69,D
20.16921,80.05776,353.11,0.39,0.36,2026-05-01,756,N,VIIRS,n,2.0NRT,312.29,7.89,D
20.16981,80.06149,347.84,0.39,0.36,2026-05-01,756,N,VIIRS,n,2.0NRT,312.59,7.89,D
20.17255,80.05717,336.82,0.39,0.36,2026-05-01,756,N,VIIRS,l,2.0NRT,311.82,1.94,D
20.17315,80.06091,335.53,0.39,0.36,2026-05-01,756,N,VIIRS,l,2.0NRT,310.16,1.94,D
20.17648,80.06032,335.64,0.39,0.36,2026-05-01,756,N,VIIRS,l,2.0NRT,309.85,1.94,D
20.1813,79.93986,342.97,0.39,0.37,2026-05-01,756,N,VIIRS,l,2.0NRT,313.27,7.21,D
20.18638,81.80814,334.77,0.39,0.36,2026-05-01,756,N,VIIRS,l,2.0NRT,307.64,3.97,D
20.2149,81.19375,341.12,0.38,0.36,2026-05-01,756,N,VIIRS,n,2.0NRT,305.33,6.35,D
20.22312,81.51508,338.1,0.38,0.36,2026-05-01,756,N,VIIRS,l,2.0NRT,312.49,5.67,D
20.25121,82.43044,345.69,0.4,0.37,2026-05-01,756,N,VIIRS,n,2.0NRT,315.47,18.03,D
20.25133,75.27093,355.82,0.42,0.45,2026-05-01,756,N,VIIRS,n,2.0NRT,315.3,9.95,D
20.25456,82.42989,347.49,0.4,0.37,2026-05-01,756,N,VIIRS,n,2.0NRT,313.84,18.03,D
20.2591,78.05227,343.6,0.45,0.39,2026-05-01,756,N,VIIRS,l,2.0NRT,317.8,8.14,D
20.28689,79.68356,338.02,0.4,0.37,2026-05-01,756,N,VIIRS,l,2.0NRT,310.83,3.2,D
20.28749,79.73041,341.66,0.4,0.37,2026-05-01,756,N,VIIRS,l,2.0NRT,309.99,5.57,D
20.29087,79.68676,342.66,0.4,0.37,2026-05-01,756,N,VIIRS,l,2.0NRT,311.15,4.47,D
20.2909,82.53704,341.73,0.4,0.37,2026-05-01,756,N,VIIRS,n,2.0NRT,309.2,5.64,D
20.29426,82.5365,345.17,0.4,0.37,2026-05-01,756,N,VIIRS,n,2.0NRT,309.11,6.07,D
20.34572,79.52723,348.5,0.4,0.37,2026-05-01,756,N,VIIRS,n,2.0NRT,318.81,33.8,D
20.34587,79.11997,343.97,0.41,0.37,2026-05-01,756,N,VIIRS,l,2.0NRT,317.27,9.41,D
20.34911,81.38821,349.53,0.38,0.36,2026-05-01,756,N,VIIRS,n,2.0NRT,313.81,6.16,D
20.35113,79.7965,339.12,0.4,0.37,2026-05-01,756,N,VIIRS,l,2.0NRT,307.5,2,D
20.35174,79.80027,332.31,0.4,0.37,2026-05-01,756,N,VIIRS,l,2.0NRT,306.93,2.84,D
20.35448,79.79589,342.77,0.4,0.37,2026-05-01,756,N,VIIRS,n,2.0NRT,308.43,3.73,D
20.35594,77.1497,339.35,0.5,0.41,2026-05-01,756,N,VIIRS,l,2.0NRT,311.87,8.33,D
20.38538,74.01322,345.28,0.5,0.49,2026-05-01,756,N,VIIRS,n,2.0NRT,309.96,8.39,D
20.43861,79.91252,340.16,0.39,0.36,2026-05-01,756,N,VIIRS,l,2.0NRT,310.54,5.05,D
20.44733,80.96491,335.07,0.38,0.36,2026-05-01,756,N,VIIRS,l,2.0NRT,305.37,3.82,D
20.45033,79.4805,342.26,0.4,0.37,2026-05-01,756,N,VIIRS,l,2.0NRT,314.83,9.27,D
20.45309,79.47605,345.65,0.4,0.37,2026-05-01,756,N,VIIRS,l,2.0NRT,315.3,10.18,D
20.45863,78.04605,344.63,0.45,0.39,2026-05-01,756,N,VIIRS,l,2.0NRT,316.56,5.69,D
20.48201,73.14503,332.78,0.56,0.52,2026-05-01,756,N,VIIRS,l,2.0NRT,306.84,2.97,D
20.49325,73.17648,333.59,0.56,0.52,2026-05-01,756,N,VIIRS,l,2.0NRT,308.01,5.69,D
20.50511,77.98464,348.46,0.45,0.39,2026-05-01,756,N,VIIRS,l,2.0NRT,319.32,4.85,D
20.50849,79.15122,347.09,0.41,0.37,2026-05-01,756,N,VIIRS,l,2.0NRT,316.59,14.43,D
20.50867,77.98395,347.7,0.45,0.39,2026-05-01,756,N,VIIRS,l,2.0NRT,320.85,4.98,D
20.51189,79.15058,355.83,0.41,0.37,2026-05-01,756,N,VIIRS,n,2.0NRT,320.22,14.43,D
20.51367,79.52476,342.61,0.4,0.37,2026-05-01,756,N,VIIRS,l,2.0NRT,317.15,9.67,D
20.53751,79.89458,339.85,0.39,0.36,2026-05-01,756,N,VIIRS,l,2.0NRT,310.12,4.37,D
20.54125,79.84398,342.24,0.39,0.37,2026-05-01,756,N,VIIRS,l,2.0NRT,310.37,5.44,D
20.54447,80.71756,335.46,0.38,0.36,2026-05-01,756,N,VIIRS,l,2.0NRT,309.94,2.66,D
20.54521,79.84715,340.74,0.39,0.37,2026-05-01,756,N,VIIRS,l,2.0NRT,310.67,6.46,D
20.56558,79.60969,343.3,0.4,0.37,2026-05-01,756,N,VIIRS,l,2.0NRT,310.97,11.7,D
20.56833,79.60529,338.73,0.4,0.37,2026-05-01,756,N,VIIRS,l,2.0NRT,311.02,8.79,D
20.57017,79.61669,346.08,0.4,0.37,2026-05-01,756,N,VIIRS,l,2.0NRT,310.69,6.53,D
20.57169,79.60469,351.99,0.4,0.37,2026-05-01,756,N,VIIRS,n,2.0NRT,313.94,8.79,D
20.57292,79.61229,355.14,0.4,0.37,2026-05-01,756,N,VIIRS,n,2.0NRT,312.5,6.53,D
20.57353,79.6161,350.34,0.4,0.37,2026-05-01,756,N,VIIRS,l,2.0NRT,313.37,6.53,D
20.57506,79.6041,355.22,0.4,0.37,2026-05-01,756,N,VIIRS,n,2.0NRT,314.83,8.22,D
20.57567,79.6079,340.75,0.4,0.37,2026-05-01,756,N,VIIRS,l,2.0NRT,311.94,8.22,D
20.57842,79.60349,346.19,0.4,0.37,2026-05-01,756,N,VIIRS,l,2.0NRT,311.18,8.22,D
20.58515,79.60224,342.06,0.4,0.37,2026-05-01,756,N,VIIRS,l,2.0NRT,310.72,12.96,D
20.58789,79.59778,344.41,0.4,0.37,2026-05-01,756,N,VIIRS,l,2.0NRT,314.3,10.14,D
20.58847,81.94553,336.63,0.39,0.36,2026-05-01,756,N,VIIRS,l,2.0NRT,310.48,2.45,D
20.58851,79.60162,346.69,0.4,0.37,2026-05-01,756,N,VIIRS,l,2.0NRT,312.3,4.98,D
20.58912,79.60546,339.57,0.4,0.37,2026-05-01,756,N,VIIRS,l,2.0NRT,311.24,4.98,D
20.5918,81.94498,335.5,0.39,0.36,2026-05-01,756,N,VIIRS,l,2.0NRT,309.92,2.29,D
20.59196,78.93294,346.1,0.42,0.37,2026-05-01,756,N,VIIRS,l,2.0NRT,317.94,1.44,D
20.59261,78.93692,350.41,0.42,0.37,2026-05-01,756,N,VIIRS,l,2.0NRT,319.11,9.92,D
20.59752,79.22359,348.02,0.41,0.37,2026-05-01,756,N,VIIRS,l,2.0NRT,318.21,9,D
20.60091,79.22296,344.43,0.41,0.37,2026-05-01,756,N,VIIRS,l,2.0NRT,317.24,6.51,D
20.60896,81.20373,338.24,0.38,0.36,2026-05-01,756,N,VIIRS,l,2.0NRT,309.88,2.96,D
20.61004,78.97861,347.73,0.41,0.37,2026-05-01,756,N,VIIRS,l,2.0NRT,321.09,3.46,D
20.64309,73.97941,337.77,0.5,0.49,2026-05-01,756,N,VIIRS,n,2.0NRT,309.99,2.43,D
20.65017,79.05659,345.42,0.41,0.37,2026-05-01,756,N,VIIRS,l,2.0NRT,317.4,2.49,D
20.66583,82.0393,339.13,0.39,0.36,2026-05-01,756,N,VIIRS,l,2.0NRT,312.29,7.3,D
20.69839,81.39171,340.86,0.38,0.36,2026-05-01,756,N,VIIRS,l,2.0NRT,314.33,4.76,D
20.72002,75.9282,341.71,0.57,0.43,2026-05-01,756,N,VIIRS,l,2.0NRT,315.7,9.29,D
20.72807,81.29608,342.53,0.38,0.36,2026-05-01,756,N,VIIRS,l,2.0NRT,315.26,8.36,D
20.72828,73.97549,354.03,0.5,0.49,2026-05-01,756,N,VIIRS,n,2.0NRT,311.07,7.72,D
20.73487,82.68877,339.74,0.4,0.37,2026-05-01,756,N,VIIRS,n,2.0NRT,309.28,8.98,D
20.73731,79.03248,346.37,0.41,0.37,2026-05-01,756,N,VIIRS,l,2.0NRT,319.42,2.71,D
20.73818,79.69926,349.05,0.4,0.37,2026-05-01,756,N,VIIRS,n,2.0NRT,315.87,19.42,D
20.74843,73.53232,336.53,0.53,0.5,2026-05-01,756,N,VIIRS,l,2.0NRT,307.95,2.03,D
20.74941,78.95707,347.11,0.41,0.37,2026-05-01,756,N,VIIRS,l,2.0NRT,319.5,2.84,D
20.7499,73.51588,336.07,0.53,0.5,2026-05-01,756,N,VIIRS,l,2.0NRT,308.48,3.93,D
20.75097,73.52116,346.95,0.53,0.5,2026-05-01,756,N,VIIRS,n,2.0NRT,308.43,3.93,D
20.75296,73.53109,332.91,0.53,0.5,2026-05-01,756,N,VIIRS,l,2.0NRT,307.55,1.9,D
20.75935,85.29841,330.6,0.51,0.41,2026-05-01,756,N,VIIRS,l,2.0NRT,304.4,3.31,D
20.76071,73.54594,337.87,0.53,0.5,2026-05-01,756,N,VIIRS,l,2.0NRT,310.6,3.39,D
20.76892,73.65817,337.2,0.52,0.5,2026-05-01,756,N,VIIRS,n,2.0NRT,307,2.04,D
20.78165,73.60315,344.15,0.52,0.5,2026-05-01,756,N,VIIRS,n,2.0NRT,309.19,5.89,D
20.79586,85.2562,336.8,0.51,0.41,2026-05-01,756,N,VIIRS,n,2.0NRT,303.51,6.18,D
20.80291,81.5668,349.73,0.39,0.36,2026-05-01,756,N,VIIRS,n,2.0NRT,311.91,8.95,D
20.82304,75.86299,342.93,0.57,0.43,2026-05-01,756,N,VIIRS,l,2.0NRT,316.69,11.5,D
20.82502,75.86408,343.96,0.57,0.43,2026-05-01,756,N,VIIRS,l,2.0NRT,316.86,12.47,D
20.82803,75.80205,346.22,0.38,0.43,2026-05-01,756,N,VIIRS,l,2.0NRT,319.3,12.64,D
20.8463,84.19852,349.75,0.45,0.39,2026-05-01,756,N,VIIRS,n,2.0NRT,305.85,7.48,D
20.907,75.66628,367,0.39,0.44,2026-05-01,756,N,VIIRS,h,2.0NRT,319.24,18.63,D
20.92798,77.85457,345.7,0.45,0.39,2026-05-01,756,N,VIIRS,l,2.0NRT,319.1,28.64,D
20.95005,73.57043,337.88,0.52,0.5,2026-05-01,756,N,VIIRS,l,2.0NRT,309.76,5.37,D
20.95142,86.05109,337.99,0.57,0.43,2026-05-01,756,N,VIIRS,n,2.0NRT,304.19,6.77,D
20.96183,86.0052,330.06,0.56,0.43,2026-05-01,756,N,VIIRS,l,2.0NRT,302.77,4.73,D
20.96194,85.17381,335.76,0.51,0.41,2026-05-01,756,N,VIIRS,n,2.0NRT,305.19,5.63,D
20.96252,86.01064,332.38,0.56,0.43,2026-05-01,756,N,VIIRS,l,2.0NRT,303.75,4.73,D
20.96386,85.18853,345.89,0.51,0.41,2026-05-01,756,N,VIIRS,n,2.0NRT,306.08,9.41,D
20.96463,71.08031,334.4,0.37,0.58,2026-05-01,756,N,VIIRS,n,2.0NRT,303.41,1.63,D
20.96508,85.16841,342.4,0.51,0.41,2026-05-01,756,N,VIIRS,n,2.0NRT,305.22,5.63,D
20.96695,85.15327,335.69,0.51,0.41,2026-05-01,756,N,VIIRS,n,2.0NRT,305.45,5.55,D
20.96703,71.08046,336.12,0.37,0.58,2026-05-01,756,N,VIIRS,n,2.0NRT,304.31,1.9,D
20.96887,85.16789,331.71,0.51,0.41,2026-05-01,756,N,VIIRS,l,2.0NRT,304.1,4.12,D
20.96951,85.17275,344.27,0.51,0.41,2026-05-01,756,N,VIIRS,n,2.0NRT,305.59,4.12,D
20.97015,85.17764,344.1,0.51,0.41,2026-05-01,756,N,VIIRS,n,2.0NRT,305.08,7.3,D
20.97022,77.90852,350.79,0.45,0.39,2026-05-01,756,N,VIIRS,l,2.0NRT,320.63,6.01,D
20.97149,77.90033,345.43,0.45,0.39,2026-05-01,756,N,VIIRS,l,2.0NRT,320.25,5.62,D
20.97344,82.50459,338.88,0.4,0.37,2026-05-01,756,N,VIIRS,n,2.0NRT,308.74,3.91,D
20.97399,82.50844,339.01,0.4,0.37,2026-05-01,756,N,VIIRS,l,2.0NRT,309.17,4.68,D
20.97709,85.17171,331.1,0.51,0.41,2026-05-01,756,N,VIIRS,l,2.0NRT,303.09,2.1,D
20.97709,85.17391,333.61,0.51,0.41,2026-05-01,756,N,VIIRS,n,2.0NRT,303.6,3.55,D
20.97727,77.91243,345.02,0.45,0.39,2026-05-01,756,N,VIIRS,l,2.0NRT,319.6,5.76,D
20.97804,77.91139,353.21,0.45,0.39,2026-05-01,756,N,VIIRS,l,2.0NRT,323.12,7.46,D
20.97949,85.13161,331.48,0.5,0.41,2026-05-01,756,N,VIIRS,l,2.0NRT,305.59,3.74,D
20.97973,85.13374,337.9,0.51,0.41,2026-05-01,756,N,VIIRS,n,2.0NRT,305.36,5.88,D
20.98007,77.90746,348.01,0.45,0.39,2026-05-01,756,N,VIIRS,l,2.0NRT,321.84,4.11,D
20.98014,85.13649,335.58,0.5,0.41,2026-05-01,756,N,VIIRS,n,2.0NRT,304.86,3.42,D
20.98081,77.91174,351.18,0.45,0.39,2026-05-01,756,N,VIIRS,l,2.0NRT,320.93,4.11,D
20.98452,79.77567,355.66,0.39,0.36,2026-05-01,756,N,VIIRS,n,2.0NRT,318.14,27.04,D
20.98725,79.77128,339.05,0.39,0.36,2026-05-01,756,N,VIIRS,l,2.0NRT,312.71,7.56,D
20.98847,79.77882,338.97,0.39,0.36,2026-05-01,756,N,VIIRS,l,2.0NRT,311.35,4.42,D
20.9978,86.01953,332.65,0.56,0.43,2026-05-01,756,N,VIIRS,l,2.0NRT,303.05,5.9,D
21.01434,76.04329,349.74,0.55,0.43,2026-05-01,756,N,VIIRS,n,2.0NRT,316.48,22.29,D
21.01542,77.36341,343.76,0.47,0.4,2026-05-01,756,N,VIIRS,l,2.0NRT,317.33,5.8,D
21.05332,77.92857,345.36,0.45,0.39,2026-05-01,756,N,VIIRS,l,2.0NRT,319.59,10.29,D
21.05405,77.93285,344.44,0.45,0.39,2026-05-01,756,N,VIIRS,l,2.0NRT,319.18,10.29,D
21.0542,78.62241,348.12,0.42,0.38,2026-05-01,756,N,VIIRS,l,2.0NRT,314.3,7.99,D
21.07666,78.67196,341.12,0.42,0.38,2026-05-01,756,N,VIIRS,l,2.0NRT,314.12,5.29,D
21.07857,85.03696,333.34,0.5,0.41,2026-05-01,756,N,VIIRS,l,2.0NRT,304.65,4.06,D
21.07899,85.04024,337.13,0.5,0.41,2026-05-01,756,N,VIIRS,n,2.0NRT,303.35,7.64,D
21.07918,85.04179,341.1,0.5,0.41,2026-05-01,756,N,VIIRS,n,2.0NRT,303.13,4.06,D
21.07963,85.04506,334.15,0.5,0.41,2026-05-01,756,N,VIIRS,n,2.0NRT,303.5,4.31,D
21.08806,81.8307,341.24,0.39,0.36,2026-05-01,756,N,VIIRS,l,2.0NRT,313.89,4.79,D
21.10085,81.48177,342.1,0.39,0.36,2026-05-01,756,N,VIIRS,l,2.0NRT,313.71,7.07,D
21.10219,82.5034,338.07,0.4,0.37,2026-05-01,756,N,VIIRS,n,2.0NRT,306.87,3.65,D
21.10495,72.63418,333.08,0.59,0.53,2026-05-01,756,N,VIIRS,n,2.0NRT,296.54,2.76,D
21.10557,82.50285,349.69,0.4,0.37,2026-05-01,756,N,VIIRS,n,2.0NRT,314.82,11.36,D
21.10612,82.5067,339.63,0.4,0.37,2026-05-01,756,N,VIIRS,l,2.0NRT,310.69,11.36,D
21.13168,75.30207,343.6,0.4,0.45,2026-05-01,756,N,VIIRS,n,2.0NRT,313.4,4.24,D
21.1517,79.44801,348.98,0.4,0.37,2026-05-01,756,N,VIIRS,l,2.0NRT,315.21,9.49,D
21.20074,79.53723,348.19,0.4,0.37,2026-05-01,756,N,VIIRS,n,2.0NRT,318.59,10.58,D
21.21655,79.46365,349.88,0.4,0.37,2026-05-01,756,N,VIIRS,l,2.0NRT,320.01,18.27,D
21.21991,79.46304,350.36,0.4,0.37,2026-05-01,756,N,VIIRS,l,2.0NRT,317.98,18.27,D
21.24204,79.24924,342.53,0.4,0.37,2026-05-01,756,N,VIIRS,l,2.0NRT,315.91,9.1,D
21.2447,79.47808,354.42,0.4,0.37,2026-05-01,756,N,VIIRS,l,2.0NRT,318.14,16.33,D
21.24806,79.47747,351.25,0.4,0.37,2026-05-01,756,N,VIIRS,l,2.0NRT,318.12,16.33,D
21.24857,79.26791,344.37,0.4,0.37,2026-05-01,756,N,VIIRS,l,2.0NRT,317.15,13.25,D
21.24868,79.48129,344.19,0.4,0.37,2026-05-01,756,N,VIIRS,l,2.0NRT,316.23,22.63,D
21.2492,79.27177,342.16,0.4,0.37,2026-05-01,756,N,VIIRS,l,2.0NRT,315.35,13.25,D
21.24987,79.21193,342.4,0.4,0.37,2026-05-01,756,N,VIIRS,l,2.0NRT,315.77,7.57,D
21.25072,78.21476,345.81,0.43,0.38,2026-05-01,756,N,VIIRS,l,2.0NRT,318.82,7.3,D
21.25195,79.26729,342.25,0.4,0.37,2026-05-01,756,N,VIIRS,l,2.0NRT,316.89,9.04,D
21.2537,79.10724,341.78,0.41,0.37,2026-05-01,756,N,VIIRS,l,2.0NRT,313.96,6.93,D
21.25408,75.17997,342.97,0.41,0.45,2026-05-01,756,N,VIIRS,l,2.0NRT,315.12,4.44,D
21.25483,75.18389,340.89,0.41,0.45,2026-05-01,756,N,VIIRS,l,2.0NRT,314.24,4.44,D
21.26255,81.83965,346.43,0.39,0.36,2026-05-01,756,N,VIIRS,n,2.0NRT,312.13,7.23,D
21.26945,78.4819,352.65,0.42,0.38,2026-05-01,756,N,VIIRS,n,2.0NRT,318.64,4.81,D
21.27291,78.48122,350.41,0.42,0.38,2026-05-01,756,N,VIIRS,l,2.0NRT,318.38,7.06,D
21.27981,78.47985,348.58,0.42,0.38,2026-05-01,756,N,VIIRS,l,2.0NRT,318.4,4.63,D
21.28048,78.48389,348.37,0.42,0.38,2026-05-01,756,N,VIIRS,l,2.0NRT,316.49,4.63,D
21.28998,81.87397,349.64,0.39,0.36,2026-05-01,756,N,VIIRS,n,2.0NRT,311.82,7.82,D
21.29169,82.48825,350.67,0.4,0.37,2026-05-01,756,N,VIIRS,n,2.0NRT,311.96,6.74,D
21.29462,82.73031,337.13,0.41,0.37,2026-05-01,756,N,VIIRS,l,2.0NRT,311.4,4.28,D
21.29485,79.53163,341.13,0.4,0.37,2026-05-01,756,N,VIIRS,l,2.0NRT,315.22,5.31,D
21.29684,80.61501,339.3,0.38,0.36,2026-05-01,756,N,VIIRS,l,2.0NRT,312.39,3.83,D
21.29689,78.51833,344.28,0.42,0.38,2026-05-01,756,N,VIIRS,l,2.0NRT,318.82,4.08,D
21.29741,80.61869,335.6,0.38,0.36,2026-05-01,756,N,VIIRS,l,2.0NRT,310.04,1.74,D
21.29798,80.62238,336.78,0.38,0.36,2026-05-01,756,N,VIIRS,l,2.0NRT,310.99,1.74,D
21.29907,78.51902,344.79,0.42,0.38,2026-05-01,756,N,VIIRS,l,2.0NRT,318.75,5.64,D
21.30408,80.75009,337.7,0.38,0.36,2026-05-01,756,N,VIIRS,l,2.0NRT,311.27,2.3,D
21.31496,83.1703,337.28,0.42,0.38,2026-05-01,756,N,VIIRS,l,2.0NRT,310.66,4.37,D
21.31504,81.44547,339.52,0.39,0.36,2026-05-01,756,N,VIIRS,l,2.0NRT,312.1,3.79,D
21.31534,82.00081,339.56,0.39,0.36,2026-05-01,756,N,VIIRS,l,2.0NRT,310.2,5.94,D
21.31553,83.17433,341.61,0.42,0.38,2026-05-01,756,N,VIIRS,n,2.0NRT,311.06,4.37,D
21.31589,82.00458,339.96,0.39,0.36,2026-05-01,756,N,VIIRS,l,2.0NRT,311.09,5.94,D
21.31667,76.74339,367,0.5,0.41,2026-05-01,756,N,VIIRS,h,2.0NRT,319.9,17.36,D
21.31705,76.74521,349.75,0.5,0.41,2026-05-01,756,N,VIIRS,l,2.0NRT,317.97,18.14,D
21.31729,83.16168,349.42,0.42,0.38,2026-05-01,756,N,VIIRS,n,2.0NRT,310.96,7.65,D
21.31847,78.44395,346.95,0.43,0.38,2026-05-01,756,N,VIIRS,l,2.0NRT,317.88,2.56,D
21.33586,80.0665,350.44,0.39,0.36,2026-05-01,756,N,VIIRS,n,2.0NRT,311.99,8.2,D
21.33874,81.4489,347.67,0.39,0.36,2026-05-01,756,N,VIIRS,n,2.0NRT,316.87,12.47,D
21.34489,83.18209,344.6,0.42,0.38,2026-05-01,756,N,VIIRS,n,2.0NRT,308.29,7.48,D
21.35092,83.05801,340.66,0.42,0.37,2026-05-01,756,N,VIIRS,l,2.0NRT,311.31,7.35,D
21.35464,75.02377,344.79,0.42,0.45,2026-05-01,756,N,VIIRS,n,2.0NRT,314.57,7.46,D
21.35517,73.65487,331.62,0.5,0.49,2026-05-01,756,N,VIIRS,l,2.0NRT,302.45,1.75,D
21.35914,79.30295,350.2,0.4,0.37,2026-05-01,756,N,VIIRS,l,2.0NRT,319.17,13.79,D
21.36619,77.4575,348.95,0.46,0.39,2026-05-01,756,N,VIIRS,l,2.0NRT,317.6,10.59,D
21.37114,82.82677,341.04,0.41,0.37,2026-05-01,756,N,VIIRS,n,2.0NRT,309.84,5.08,D
21.37329,75.87251,347.03,0.56,0.43,2026-05-01,756,N,VIIRS,l,2.0NRT,317.63,10.07,D
21.3752,75.86101,352.35,0.56,0.43,2026-05-01,756,N,VIIRS,n,2.0NRT,319.44,13.42,D
21.37701,75.86328,349.59,0.56,0.43,2026-05-01,756,N,VIIRS,n,2.0NRT,317.05,12.56,D
21.38272,77.69988,337.05,0.45,0.39,2026-05-01,756,N,VIIRS,l,2.0NRT,310.78,7.31,D
21.3917,81.80685,342.76,0.39,0.36,2026-05-01,756,N,VIIRS,l,2.0NRT,313.4,6.53,D
21.39224,81.8106,340.04,0.39,0.36,2026-05-01,756,N,VIIRS,l,2.0NRT,312.66,6.22,D
21.39236,80.66611,337.24,0.38,0.36,2026-05-01,756,N,VIIRS,l,2.0NRT,308.66,3.42,D
21.39794,81.50356,338.92,0.39,0.36,2026-05-01,756,N,VIIRS,l,2.0NRT,311.76,7.63,D
21.40973,77.38613,338.8,0.47,0.4,2026-05-01,756,N,VIIRS,l,2.0NRT,313.27,7.94,D
21.41974,77.93328,345.16,0.44,0.39,2026-05-01,756,N,VIIRS,n,2.0NRT,306.04,6.86,D
21.42627,82.06752,342.88,0.39,0.36,2026-05-01,756,N,VIIRS,n,2.0NRT,309.85,5.93,D
21.43842,71.5345,339.97,0.34,0.56,2026-05-01,756,N,VIIRS,l,2.0NRT,312.42,3.17,D
21.45053,78.04837,338.97,0.44,0.38,2026-05-01,756,N,VIIRS,l,2.0NRT,310.24,8.86,D
21.46968,79.33471,339.89,0.4,0.37,2026-05-01,756,N,VIIRS,l,2.0NRT,310.24,2.8,D
21.47021,78.03634,350.55,0.44,0.38,2026-05-01,756,N,VIIRS,n,2.0NRT,316.49,17.62,D
21.47273,81.96288,347.35,0.39,0.36,2026-05-01,756,N,VIIRS,n,2.0NRT,312.78,9.2,D
21.48158,71.68732,339.53,0.33,0.55,2026-05-01,756,N,VIIRS,l,2.0NRT,312.69,8.03,D
21.49084,74.60135,342.88,0.44,0.46,2026-05-01,756,N,VIIRS,n,2.0NRT,307.98,3.95,D
21.49836,81.99735,351.36,0.39,0.36,2026-05-01,756,N,VIIRS,n,2.0NRT,311.73,4.72,D
21.50115,81.993,340.19,0.39,0.36,2026-05-01,756,N,VIIRS,n,2.0NRT,309.95,4.72,D
21.50154,74.28921,331.92,0.46,0.47,2026-05-01,756,N,VIIRS,l,2.0NRT,306.81,1.99,D
21.50171,81.99679,352.81,0.39,0.36,2026-05-01,756,N,VIIRS,n,2.0NRT,310.4,4.72,D
21.50281,74.29084,332.48,0.46,0.47,2026-05-01,756,N,VIIRS,l,2.0NRT,307.13,2.96,D
21.51288,82.86974,338.41,0.41,0.37,2026-05-01,756,N,VIIRS,l,2.0NRT,308.78,4.31,D
21.52241,73.78858,338.68,0.49,0.49,2026-05-01,756,N,VIIRS,n,2.0NRT,305.79,4.81,D
21.52446,73.78506,343.71,0.49,0.49,2026-05-01,756,N,VIIRS,n,2.0NRT,304.14,4.75,D
21.54799,73.45783,338.86,0.51,0.5,2026-05-01,756,N,VIIRS,n,2.0NRT,304.11,2.29,D
21.58252,70.40579,349.43,0.4,0.6,2026-05-01,756,N,VIIRS,n,2.0NRT,305.44,3.61,D
21.58295,70.40401,334.22,0.4,0.6,2026-05-01,756,N,VIIRS,l,2.0NRT,304.33,2.08,D
21.58378,70.40786,348.58,0.4,0.6,2026-05-01,756,N,VIIRS,n,2.0NRT,307.04,5.17,D
21.59778,78.04266,350.69,0.44,0.38,2026-05-01,756,N,VIIRS,l,2.0NRT,318.93,13.02,D
21.60918,73.17854,333.84,0.53,0.5,2026-05-01,756,N,VIIRS,n,2.0NRT,301.88,1.68,D
21.6111,73.18098,331.19,0.53,0.5,2026-05-01,756,N,VIIRS,l,2.0NRT,302.11,1.37,D
21.61504,76.87141,340.81,0.49,0.4,2026-05-01,756,N,VIIRS,l,2.0NRT,314.62,5.45,D
21.61928,73.48405,331.92,0.51,0.49,2026-05-01,756,N,VIIRS,l,2.0NRT,304.6,1.53,D
21.62426,82.40722,342.06,0.4,0.37,2026-05-01,756,N,VIIRS,n,2.0NRT,311,7.8,D
21.62482,82.41107,349.69,0.4,0.37,2026-05-01,756,N,VIIRS,n,2.0NRT,311.51,11.14,D
21.63891,77.28297,345.15,0.47,0.4,2026-05-01,756,N,VIIRS,n,2.0NRT,311.53,4.32,D
21.63972,77.2875,343.96,0.47,0.4,2026-05-01,756,N,VIIRS,n,2.0NRT,311.39,4.02,D
21.64252,77.28221,339.79,0.47,0.4,2026-05-01,756,N,VIIRS,n,2.0NRT,312.44,4.32,D
21.64333,77.28675,336.99,0.47,0.4,2026-05-01,756,N,VIIRS,l,2.0NRT,311.52,4.02,D
21.65275,77.42747,338.23,0.46,0.39,2026-05-01,756,N,VIIRS,l,2.0NRT,312.68,2.39,D
21.65349,77.42839,340.25,0.46,0.39,2026-05-01,756,N,VIIRS,l,2.0NRT,313.47,3.56,D
21.65574,82.45757,340.02,0.4,0.37,2026-05-01,756,N,VIIRS,n,2.0NRT,308.82,7.68,D
21.66099,77.54037,340.25,0.46,0.39,2026-05-01,756,N,VIIRS,l,2.0NRT,314,3.82,D
21.6626,77.26862,343.8,0.47,0.4,2026-05-01,756,N,VIIRS,l,2.0NRT,315.59,9.8,D
21.67369,74.10016,355.88,0.47,0.48,2026-05-01,756,N,VIIRS,n,2.0NRT,311.65,10.21,D
21.68486,78.95925,367,0.41,0.37,2026-05-01,756,N,VIIRS,h,2.0NRT,319.7,15.92,D
21.70735,73.78659,333.49,0.49,0.48,2026-05-01,756,N,VIIRS,l,2.0NRT,307.06,2.94,D
21.74143,83.84071,337.82,0.45,0.39,2026-05-01,756,N,VIIRS,n,2.0NRT,302.4,6.17,D
21.74559,83.84453,347.43,0.45,0.39,2026-05-01,756,N,VIIRS,n,2.0NRT,304.41,7.12,D
21.74838,83.97318,334.05,0.45,0.39,2026-05-01,756,N,VIIRS,n,2.0NRT,303.89,3.75,D
21.74916,83.84399,342.43,0.45,0.39,2026-05-01,756,N,VIIRS,n,2.0NRT,303.92,7.12,D
21.75548,84.02601,337.31,0.46,0.39,2026-05-01,756,N,VIIRS,n,2.0NRT,304.43,3.83,D
21.7563,83.84292,331.94,0.45,0.39,2026-05-01,756,N,VIIRS,n,2.0NRT,300.4,2.01,D
21.76046,83.8467,330.11,0.45,0.39,2026-05-01,756,N,VIIRS,l,2.0NRT,301.26,1.97,D
21.77223,75.54768,349.33,0.38,0.43,2026-05-01,756,N,VIIRS,n,2.0NRT,317.07,13.29,D
21.77309,75.55225,340.9,0.57,0.43,2026-05-01,756,N,VIIRS,l,2.0NRT,315.65,10.76,D
21.78418,72.06623,338.34,0.62,0.54,2026-05-01,756,N,VIIRS,n,2.0NRT,307.93,5.66,D
21.79694,73.85046,338.07,0.48,0.48,2026-05-01,756,N,VIIRS,n,2.0NRT,305.95,1.83,D
21.83238,77.55265,338.85,0.45,0.39,2026-05-01,756,N,VIIRS,l,2.0NRT,313.52,4.39,D
21.83314,77.55702,341.02,0.45,0.39,2026-05-01,756,N,VIIRS,l,2.0NRT,313.35,4.39,D
21.83596,77.552,344.96,0.45,0.39,2026-05-01,756,N,VIIRS,l,2.0NRT,311.88,4.39,D
21.84612,77.56808,343.43,0.45,0.39,2026-05-01,756,N,VIIRS,l,2.0NRT,310.98,4.73,D
21.85311,79.43709,343.54,0.4,0.37,2026-05-01,756,N,VIIRS,l,2.0NRT,310.63,4.69,D
21.87019,73.74248,351.12,0.49,0.48,2026-05-01,756,N,VIIRS,n,2.0NRT,305.52,8.97,D
21.90339,72.6664,336.6,0.57,0.52,2026-05-01,756,N,VIIRS,n,2.0NRT,303.6,4.88,D
21.91804,79.46505,341.53,0.4,0.37,2026-05-01,756,N,VIIRS,n,2.0NRT,308.18,13.12,D
21.92197,83.35026,347.18,0.43,0.38,2026-05-01,756,N,VIIRS,n,2.0NRT,311.53,5.97,D
21.92246,83.35062,346.92,0.43,0.38,2026-05-01,756,N,VIIRS,n,2.0NRT,310.45,5.98,D
21.92309,72.69028,347.7,0.56,0.52,2026-05-01,756,N,VIIRS,n,2.0NRT,305.06,7.71,D
21.92736,76.319,350.03,0.52,0.41,2026-05-01,756,N,VIIRS,n,2.0NRT,319.8,21.89,D
21.9278,72.68918,342.44,0.56,0.52,2026-05-01,756,N,VIIRS,n,2.0NRT,300.89,3.53,D
21.94663,71.01318,336.65,0.36,0.57,2026-05-01,756,N,VIIRS,l,2.0NRT,307.57,3.24,D
21.94862,74.0457,334.6,0.47,0.47,2026-05-01,756,N,VIIRS,l,2.0NRT,307.34,3.91,D
21.95208,74.04031,344.69,0.47,0.47,2026-05-01,756,N,VIIRS,n,2.0NRT,309.44,6.04,D
21.9565,75.45731,341.62,0.38,0.44,2026-05-01,756,N,VIIRS,l,2.0NRT,315.56,13.85,D
21.96453,77.90066,348.54,0.44,0.38,2026-05-01,756,N,VIIRS,l,2.0NRT,312.11,5,D
21.99729,78.00694,346,0.43,0.38,2026-05-01,756,N,VIIRS,l,2.0NRT,313.94,8.96,D
22.01103,72.61016,340.29,0.57,0.52,2026-05-01,756,N,VIIRS,n,2.0NRT,305.25,2.68,D
22.03698,69.45017,333.37,0.45,0.63,2026-05-01,756,N,VIIRS,l,2.0NRT,305.43,3.73,D
22.03871,83.73098,344.53,0.45,0.39,2026-05-01,756,N,VIIRS,n,2.0NRT,304.48,5.01,D
22.04227,83.73045,339.62,0.45,0.39,2026-05-01,756,N,VIIRS,n,2.0NRT,307.68,5.01,D
22.04667,74.27391,336.43,0.45,0.47,2026-05-01,756,N,VIIRS,l,2.0NRT,310.93,2.11,D
22.07246,76.76141,344.38,0.49,0.4,2026-05-01,756,N,VIIRS,l,2.0NRT,316.79,13.28,D
22.08593,79.01428,342.32,0.4,0.37,2026-05-01,756,N,VIIRS,l,2.0NRT,315.29,18.04,D
22.09224,78.20698,344.2,0.43,0.38,2026-05-01,756,N,VIIRS,n,2.0NRT,310.55,5.04,D
22.09226,78.18581,352.41,0.43,0.38,2026-05-01,756,N,VIIRS,n,2.0NRT,311.96,5.14,D
22.09297,78.19005,341.05,0.43,0.38,2026-05-01,756,N,VIIRS,l,2.0NRT,309.02,5.14,D
22.09367,78.19423,347.81,0.43,0.38,2026-05-01,756,N,VIIRS,n,2.0NRT,313.92,13.67,D
22.09905,77.25636,353.34,0.46,0.39,2026-05-01,756,N,VIIRS,n,2.0NRT,320,27.4,D
22.11147,76.04871,352.29,0.53,0.42,2026-05-01,756,N,VIIRS,n,2.0NRT,318.07,8.73,D
22.11964,79.07175,347.02,0.4,0.37,2026-05-01,756,N,VIIRS,l,2.0NRT,308.5,15.73,D
22.12027,79.07563,348.28,0.4,0.37,2026-05-01,756,N,VIIRS,n,2.0NRT,309.34,13.7,D
22.12301,79.07112,349.52,0.4,0.37,2026-05-01,756,N,VIIRS,l,2.0NRT,310.65,25.85,D
22.12364,79.07499,338.46,0.4,0.37,2026-05-01,756,N,VIIRS,n,2.0NRT,306.36,14.04,D
22.13727,77.36861,346.39,0.46,0.39,2026-05-01,756,N,VIIRS,l,2.0NRT,315.27,5.37,D
22.14084,77.36783,348.92,0.46,0.39,2026-05-01,756,N,VIIRS,n,2.0NRT,316.21,7.45,D
22.14466,74.76691,345.66,0.42,0.45,2026-05-01,756,N,VIIRS,n,2.0NRT,314.06,8.08,D
22.14639,74.76678,346.2,0.42,0.45,2026-05-01,756,N,VIIRS,n,2.0NRT,314.19,13.83,D
22.14879,74.76602,339.15,0.42,0.45,2026-05-01,756,N,VIIRS,l,2.0NRT,312.88,8.08,D
22.15577,73.20657,332.62,0.52,0.5,2026-05-01,756,N,VIIRS,l,2.0NRT,303.82,3.2,D
22.15587,73.21011,330.43,0.52,0.5,2026-05-01,756,N,VIIRS,l,2.0NRT,304.22,1.25,D
22.15878,79.50641,350.19,0.39,0.36,2026-05-01,756,N,VIIRS,n,2.0NRT,315.43,13.97,D
22.17384,75.75108,347.33,0.55,0.43,2026-05-01,756,N,VIIRS,n,2.0NRT,312.91,13.01,D
22.20712,82.55678,345.3,0.41,0.37,2026-05-01,756,N,VIIRS,n,2.0NRT,309.63,9.87,D
22.25485,74.00819,335.95,0.46,0.47,2026-05-01,756,N,VIIRS,l,2.0NRT,307.41,3.91,D
22.25572,74.01261,343.12,0.46,0.47,2026-05-01,756,N,VIIRS,n,2.0NRT,306.23,3.36,D
22.25938,78.33297,340.64,0.42,0.38,2026-05-01,756,N,VIIRS,l,2.0NRT,310.04,11.74,D
22.26929,79.52087,344.1,0.39,0.36,2026-05-01,756,N,VIIRS,l,2.0NRT,318.9,25.9,D
22.27141,79.51269,349.03,0.39,0.36,2026-05-01,756,N,VIIRS,l,2.0NRT,323.77,51.46,D
22.27653,79.39448,344.31,0.39,0.37,2026-05-01,756,N,VIIRS,n,2.0NRT,312.03,8.34,D
22.29692,73.94692,332.88,0.47,0.47,2026-05-01,756,N,VIIRS,l,2.0NRT,305.46,1.9,D
22.30028,76.40145,335.79,0.51,0.41,2026-05-01,756,N,VIIRS,l,2.0NRT,310,7.72,D
22.30592,79.59978,345.65,0.39,0.36,2026-05-01,756,N,VIIRS,l,2.0NRT,319.75,17.64,D
22.30985,79.60293,352.87,0.39,0.36,2026-05-01,756,N,VIIRS,l,2.0NRT,318.57,14.8,D
22.31923,82.53851,339.14,0.41,0.37,2026-05-01,756,N,VIIRS,l,2.0NRT,309.32,4.55,D
22.32948,78.26339,338.82,0.42,0.38,2026-05-01,756,N,VIIRS,l,2.0NRT,310.85,3.94,D
22.32984,73.97457,338.88,0.46,0.47,2026-05-01,756,N,VIIRS,n,2.0NRT,307.13,3.41,D
22.33113,82.57311,338.32,0.41,0.37,2026-05-01,756,N,VIIRS,n,2.0NRT,305.35,2.95,D
22.33292,78.26272,341.6,0.42,0.38,2026-05-01,756,N,VIIRS,l,2.0NRT,309.69,3.94,D
22.33569,82.55607,343.59,0.41,0.37,2026-05-01,756,N,VIIRS,n,2.0NRT,312.88,6.13,D
22.33677,70.82862,367,0.36,0.58,2026-05-01,756,N,VIIRS,h,2.0NRT,309.27,7.03,D
22.37044,75.19012,342.14,0.39,0.44,2026-05-01,756,N,VIIRS,l,2.0NRT,315.89,11.14,D
22.37446,75.18933,351.45,0.39,0.44,2026-05-01,756,N,VIIRS,n,2.0NRT,314.97,14.42,D
22.37822,87.2779,330.01,0.46,0.47,2026-05-01,756,N,VIIRS,l,2.0NRT,302.14,5.27,D
22.37874,87.28245,331.07,0.46,0.47,2026-05-01,756,N,VIIRS,l,2.0NRT,303.19,6.09,D
22.38307,73.58103,335.77,0.49,0.48,2026-05-01,756,N,VIIRS,n,2.0NRT,305.64,3.68,D
22.39791,79.75339,344.56,0.39,0.36,2026-05-01,756,N,VIIRS,l,2.0NRT,314.95,8.93,D
22.40242,79.76028,342.97,0.39,0.36,2026-05-01,756,N,VIIRS,l,2.0NRT,313.57,7.13,D
22.4107,80.11308,342.81,0.39,0.36,2026-05-01,756,N,VIIRS,l,2.0NRT,316.53,7.62,D
22.41764,79.83478,341.48,0.39,0.36,2026-05-01,756,N,VIIRS,l,2.0NRT,312.54,5.87,D
22.42096,79.83417,341.81,0.39,0.36,2026-05-01,756,N,VIIRS,l,2.0NRT,311.75,10.54,D
22.43661,79.84675,340.44,0.39,0.36,2026-05-01,756,N,VIIRS,l,2.0NRT,314.77,10.16,D
22.4372,79.8505,367,0.39,0.36,2026-05-01,756,N,VIIRS,h,2.0NRT,317.01,10.16,D
22.44288,79.86491,349.14,0.39,0.36,2026-05-01,756,N,VIIRS,n,2.0NRT,316.31,9.5,D
22.44384,79.84929,367,0.39,0.36,2026-05-01,756,N,VIIRS,l,2.0NRT,326.62,34.68,D
22.44715,79.84869,347.1,0.39,0.36,2026-05-01,756,N,VIIRS,l,2.0NRT,314.07,34.68,D
22.45566,79.05314,352.12,0.4,0.37,2026-05-01,756,N,VIIRS,l,2.0NRT,312.77,13.39,D
22.46174,79.8113,342.15,0.39,0.36,2026-05-01,756,N,VIIRS,l,2.0NRT,316.22,6.45,D
22.47072,73.69852,337.18,0.48,0.48,2026-05-01,756,N,VIIRS,n,2.0NRT,306.7,2.74,D
22.50968,79.88392,341.41,0.39,0.36,2026-05-01,756,N,VIIRS,l,2.0NRT,316.38,4.92,D
22.51919,74.99986,340.84,0.4,0.44,2026-05-01,756,N,VIIRS,l,2.0NRT,314.17,6.15,D
22.52685,79.77664,354.84,0.39,0.36,2026-05-01,756,N,VIIRS,l,2.0NRT,317.84,14.55,D
22.57343,85.89893,333.78,0.39,0.44,2026-05-01,756,N,VIIRS,l,2.0NRT,305,3.48,D
22.57425,85.89853,333.9,0.39,0.44,2026-05-01,756,N,VIIRS,n,2.0NRT,303.83,3.07,D
22.5832,79.2552,349.18,0.4,0.37,2026-05-01,756,N,VIIRS,l,2.0NRT,318.08,9.56,D
22.60385,80.51065,341.53,0.38,0.36,2026-05-01,756,N,VIIRS,l,2.0NRT,315.18,3.99,D
22.60705,75.28886,353.19,0.38,0.43,2026-05-01,756,N,VIIRS,n,2.0NRT,312.85,5.3,D
22.60715,80.51006,349.09,0.38,0.36,2026-05-01,756,N,VIIRS,n,2.0NRT,315.98,5.82,D
22.64845,79.75035,347.57,0.39,0.36,2026-05-01,756,N,VIIRS,n,2.0NRT,316.37,6.82,D
22.69773,83.68854,335.63,0.45,0.39,2026-05-01,756,N,VIIRS,n,2.0NRT,303.09,2.24,D
22.70497,79.23205,342.72,0.4,0.37,2026-05-01,756,N,VIIRS,l,2.0NRT,313.09,3.86,D
22.71305,79.20681,337.33,0.4,0.37,2026-05-01,756,N,VIIRS,l,2.0NRT,311.8,3.51,D
22.71394,72.24821,345.09,0.58,0.52,2026-05-01,756,N,VIIRS,n,2.0NRT,310.52,10.39,D
22.72441,73.29588,333.7,0.5,0.49,2026-05-01,756,N,VIIRS,l,2.0NRT,307.83,3.78,D
22.73871,70.96803,343.82,0.35,0.57,2026-05-01,756,N,VIIRS,n,2.0NRT,309.6,2.84,D
22.79636,86.20699,333,0.41,0.45,2026-05-01,756,N,VIIRS,n,2.0NRT,300.08,3.34,D
22.80306,86.08986,330.31,0.4,0.44,2026-05-01,756,N,VIIRS,l,2.0NRT,302.85,2.55,D
22.85205,80.69538,341.94,0.38,0.36,2026-05-01,756,N,VIIRS,l,2.0NRT,314.62,4.14,D
22.86197,75.48518,340.19,0.56,0.43,2026-05-01,756,N,VIIRS,l,2.0NRT,314.69,11.12,D
22.89437,75.14367,345.31,0.39,0.44,2026-05-01,756,N,VIIRS,l,2.0NRT,318.17,5.99,D
22.89586,72.43134,334.41,0.56,0.52,2026-05-01,756,N,VIIRS,l,2.0NRT,308.41,5.34,D
22.92658,70.10633,367,0.39,0.59,2026-05-01,756,N,VIIRS,h,2.0NRT,305.29,20.72,D
22.92744,70.10572,351.68,0.39,0.59,2026-05-01,756,N,VIIRS,n,2.0NRT,304.68,8.75,D
22.9283,70.1095,356.65,0.39,0.59,2026-05-01,756,N,VIIRS,n,2.0NRT,304.22,8.75,D
22.95498,79.06256,346.54,0.4,0.37,2026-05-01,756,N,VIIRS,n,2.0NRT,311.78,6.4,D
22.97184,76.50682,344.19,0.49,0.4,2026-05-01,756,N,VIIRS,l,2.0NRT,317.24,2.77,D
22.97532,77.6034,346.5,0.44,0.38,2026-05-01,756,N,VIIRS,n,2.0NRT,313.14,9.21,D
23.06063,81.29726,345.66,0.39,0.36,2026-05-01,756,N,VIIRS,n,2.0NRT,315.16,20.17,D
23.06396,81.29668,344.3,0.39,0.36,2026-05-01,756,N,VIIRS,n,2.0NRT,313.47,4.88,D
23.1239,80.14867,341.72,0.38,0.36,2026-05-01,756,N,VIIRS,l,2.0NRT,316.35,5.75,D
23.13304,75.46589,349.5,0.55,0.43,2026-05-01,756,N,VIIRS,n,2.0NRT,316.07,8.22,D
23.16775,69.25543,340.38,0.43,0.62,2026-05-01,756,N,VIIRS,n,2.0NRT,307.69,3.76,D
23.17163,69.25392,338.87,0.44,0.62,2026-05-01,756,N,VIIRS,n,2.0NRT,306.73,3.26,D
23.24513,75.39836,339.66,0.55,0.43,2026-05-01,756,N,VIIRS,l,2.0NRT,314.58,5.94,D
23.24638,75.4008,341.34,0.55,0.43,2026-05-01,756,N,VIIRS,l,2.0NRT,315.23,6.58,D
23.29077,76.09705,348.26,0.51,0.41,2026-05-01,756,N,VIIRS,l,2.0NRT,317.49,10.96,D
23.31139,69.87505,331.25,0.4,0.6,2026-05-01,756,N,VIIRS,l,2.0NRT,306.03,1.24,D
23.3161,84.23589,331.84,0.48,0.4,2026-05-01,756,N,VIIRS,l,2.0NRT,303.35,3.67,D
23.33713,77.06339,343.25,0.46,0.39,2026-05-01,756,N,VIIRS,l,2.0NRT,318.11,7.37,D
23.36665,79.75355,339.26,0.39,0.36,2026-05-01,756,N,VIIRS,l,2.0NRT,313.72,3.9,D
23.40626,77.5386,353.37,0.44,0.38,2026-05-01,756,N,VIIRS,l,2.0NRT,320.83,15.67,D
23.40698,77.54284,348.73,0.44,0.38,2026-05-01,756,N,VIIRS,l,2.0NRT,317.1,15.67,D
23.41956,79.67809,342.12,0.39,0.36,2026-05-01,756,N,VIIRS,l,2.0NRT,316.71,8.3,D
23.42871,77.54357,343.53,0.44,0.38,2026-05-01,756,N,VIIRS,l,2.0NRT,318.04,13.88,D
23.43588,77.24845,349.65,0.45,0.39,2026-05-01,756,N,VIIRS,n,2.0NRT,317.26,8.39,D
23.43664,77.25281,341.09,0.45,0.39,2026-05-01,756,N,VIIRS,l,2.0NRT,315.61,8.39,D
23.43942,77.2477,346.63,0.45,0.39,2026-05-01,756,N,VIIRS,l,2.0NRT,317.09,13.26,D
23.46295,77.19965,342.93,0.45,0.39,2026-05-01,756,N,VIIRS,l,2.0NRT,317.68,11.27,D
23.4638,77.19743,349.21,0.45,0.39,2026-05-01,756,N,VIIRS,l,2.0NRT,318.42,13.38,D
23.46495,77.19015,350.14,0.45,0.39,2026-05-01,756,N,VIIRS,l,2.0NRT,319.24,7.75,D
23.46572,77.19453,344.72,0.45,0.39,2026-05-01,756,N,VIIRS,l,2.0NRT,319.02,7.75,D
23.46649,77.19891,345.05,0.45,0.39,2026-05-01,756,N,VIIRS,l,2.0NRT,317.36,9.77,D
23.47064,77.24326,353.93,0.45,0.39,2026-05-01,756,N,VIIRS,l,2.0NRT,319.4,19.53,D
23.47129,77.24113,345.4,0.45,0.39,2026-05-01,756,N,VIIRS,l,2.0NRT,318.2,10.46,D
23.47204,77.24551,350.43,0.45,0.39,2026-05-01,756,N,VIIRS,n,2.0NRT,319.96,10.46,D
23.47419,77.24255,343.79,0.45,0.39,2026-05-01,756,N,VIIRS,l,2.0NRT,317.27,15.9,D
23.47578,74.98763,352.45,0.39,0.44,2026-05-01,756,N,VIIRS,n,2.0NRT,316.72,9.19,D
23.52932,74.34767,367,0.42,0.45,2026-05-01,756,N,VIIRS,h,2.0NRT,312.69,11.58,D
23.54373,75.5051,345.92,0.54,0.42,2026-05-01,756,N,VIIRS,n,2.0NRT,315.86,5.02,D
23.56497,77.72234,350.15,0.43,0.38,2026-05-01,756,N,VIIRS,l,2.0NRT,320.88,13.86,D
23.57316,77.28539,343.06,0.45,0.39,2026-05-01,756,N,VIIRS,l,2.0NRT,316.84,6.86,D
23.59812,79.013,343.05,0.4,0.37,2026-05-01,756,N,VIIRS,l,2.0NRT,317,11.5,D
23.60156,74.91718,344.61,0.39,0.44,2026-05-01,756,N,VIIRS,l,2.0NRT,314.96,26.18,D
23.60583,78.2084,348.17,0.41,0.37,2026-05-01,756,N,VIIRS,l,2.0NRT,318.6,9.23,D
23.61468,77.84547,348.12,0.42,0.38,2026-05-01,756,N,VIIRS,l,2.0NRT,313.81,8,D
23.63455,77.09729,340.51,0.45,0.39,2026-05-01,756,N,VIIRS,l,2.0NRT,315.18,4.96,D
23.68019,79.02108,343.64,0.39,0.37,2026-05-01,756,N,VIIRS,l,2.0NRT,316,10.73,D
23.68282,86.3952,338.88,0.43,0.46,2026-05-01,756,N,VIIRS,n,2.0NRT,302.33,9.28,D
23.68655,86.39051,333.19,0.43,0.46,2026-05-01,756,N,VIIRS,n,2.0NRT,301.15,4.26,D
23.69741,77.63129,350.98,0.43,0.38,2026-05-01,756,N,VIIRS,n,2.0NRT,319.24,9.68,D
23.71486,86.45164,335.11,0.43,0.46,2026-05-01,756,N,VIIRS,n,2.0NRT,300.76,4.68,D
23.71512,86.45088,331.46,0.43,0.46,2026-05-01,756,N,VIIRS,n,2.0NRT,300.75,6.41,D
23.71585,78.87911,345.12,0.4,0.37,2026-05-01,756,N,VIIRS,l,2.0NRT,319.74,15.33,D
23.72756,86.44987,336.31,0.43,0.46,2026-05-01,756,N,VIIRS,n,2.0NRT,302.4,4.14,D
23.73835,86.43122,330.18,0.43,0.46,2026-05-01,756,N,VIIRS,l,2.0NRT,300.97,3.42,D
23.73883,86.43548,343.51,0.43,0.46,2026-05-01,756,N,VIIRS,n,2.0NRT,303.61,3.42,D
23.75636,75.67004,348.53,0.53,0.42,2026-05-01,756,N,VIIRS,n,2.0NRT,320.99,23.23,D
23.76017,75.6692,367,0.53,0.42,2026-05-01,756,N,VIIRS,h,2.0NRT,319.63,23.23,D
23.76082,86.40234,335.49,0.43,0.46,2026-05-01,756,N,VIIRS,n,2.0NRT,302.48,2.96,D
23.76505,86.40179,333.21,0.43,0.46,2026-05-01,756,N,VIIRS,n,2.0NRT,301.48,2.96,D
23.76528,82.79721,343.74,0.43,0.38,2026-05-01,756,N,VIIRS,n,2.0NRT,309.89,5.43,D
23.76553,86.40597,330.53,0.43,0.46,2026-05-01,756,N,VIIRS,l,2.0NRT,301.39,2.96,D
23.76876,82.79664,343.73,0.43,0.38,2026-05-01,756,N,VIIRS,n,2.0NRT,308.35,5.43,D
23.7809,86.20879,344.94,0.42,0.45,2026-05-01,756,N,VIIRS,n,2.0NRT,303.99,4.91,D
23.78096,86.39098,335.09,0.43,0.46,2026-05-01,756,N,VIIRS,n,2.0NRT,302.89,5.53,D
23.78344,76.80983,351.31,0.46,0.39,2026-05-01,756,N,VIIRS,l,2.0NRT,322.15,15.43,D
23.78423,76.81435,346.91,0.46,0.39,2026-05-01,756,N,VIIRS,l,2.0NRT,320.53,14.5,D
23.80362,86.32961,334.33,0.42,0.46,2026-05-01,756,N,VIIRS,n,2.0NRT,301.2,4.19,D
23.83147,76.13977,344.75,0.5,0.41,2026-05-01,756,N,VIIRS,l,2.0NRT,318.08,14.06,D
23.83528,77.52597,339.63,0.43,0.38,2026-05-01,756,N,VIIRS,l,2.0NRT,314.57,4.84,D
23.9159,70.44302,334.31,0.35,0.57,2026-05-01,756,N,VIIRS,l,2.0NRT,306.43,3.55,D
23.92507,79.27894,342.82,0.39,0.36,2026-05-01,756,N,VIIRS,l,2.0NRT,313.1,12.55,D
23.92755,78.73911,343.47,0.4,0.37,2026-05-01,756,N,VIIRS,l,2.0NRT,317.22,9.2,D
23.9305,80.6459,339.04,0.39,0.36,2026-05-01,756,N,VIIRS,l,2.0NRT,312.76,4.92,D
23.93729,78.94897,346.84,0.39,0.37,2026-05-01,756,N,VIIRS,n,2.0NRT,317.8,5.09,D
23.9448,79.38101,342.87,0.39,0.36,2026-05-01,756,N,VIIRS,l,2.0NRT,316.47,12.12,D
23.98088,74.8202,350.52,0.39,0.44,2026-05-01,756,N,VIIRS,n,2.0NRT,314.91,5.85,D
24.06907,74.6901,345.31,0.39,0.44,2026-05-01,756,N,VIIRS,n,2.0NRT,316.63,6.16,D
24.1307,75.73362,351.08,0.52,0.41,2026-05-01,756,N,VIIRS,n,2.0NRT,321.94,35.03,D
24.20025,78.26421,347.6,0.41,0.37,2026-05-01,756,N,VIIRS,l,2.0NRT,319.93,9.58,D
24.31609,75.85401,345.48,0.51,0.41,2026-05-01,756,N,VIIRS,l,2.0NRT,315.47,7.77,D
24.3301,77.98969,348.97,0.41,0.37,2026-05-01,756,N,VIIRS,l,2.0NRT,323.19,7.78,D
24.36711,78.14894,343.99,0.41,0.37,2026-05-01,756,N,VIIRS,l,2.0NRT,318.37,3.04,D
24.41459,73.69943,340.02,0.44,0.46,2026-05-01,756,N,VIIRS,l,2.0NRT,314.96,4.02,D
24.46052,80.86313,338.72,0.39,0.36,2026-05-01,756,N,VIIRS,l,2.0NRT,312.32,2.75,D
24.51219,80.59709,337.82,0.39,0.36,2026-05-01,756,N,VIIRS,l,2.0NRT,311.77,2.09,D
24.52304,81.21795,343.58,0.39,0.36,2026-05-01,756,N,VIIRS,n,2.0NRT,315.37,4.42,D
24.52638,81.21737,343.37,0.39,0.36,2026-05-01,756,N,VIIRS,l,2.0NRT,315.47,5.72,D
24.52643,81.24114,340.02,0.39,0.36,2026-05-01,756,N,VIIRS,l,2.0NRT,313.03,3.14,D
24.56123,81.11326,343.87,0.39,0.36,2026-05-01,756,N,VIIRS,l,2.0NRT,318.03,8.62,D
24.56726,73.98991,339.64,0.42,0.45,2026-05-01,756,N,VIIRS,l,2.0NRT,312.83,5.34,D
24.57608,75.41225,346.74,0.53,0.42,2026-05-01,756,N,VIIRS,l,2.0NRT,319.01,10.27,D
24.60937,81.63965,337.02,0.4,0.37,2026-05-01,756,N,VIIRS,l,2.0NRT,311.34,2.13,D
24.61963,77.94234,342.53,0.41,0.37,2026-05-01,756,N,VIIRS,l,2.0NRT,316.8,16.52,D
24.69022,77.90341,350.48,0.41,0.37,2026-05-01,756,N,VIIRS,l,2.0NRT,321.06,8.39,D
24.71043,80.74892,339.76,0.39,0.36,2026-05-01,756,N,VIIRS,n,2.0NRT,311.88,2.47,D
24.71099,80.75275,338.43,0.39,0.36,2026-05-01,756,N,VIIRS,l,2.0NRT,310.91,2.47,D
24.73944,81.12556,342.32,0.39,0.36,2026-05-01,756,N,VIIRS,l,2.0NRT,313.72,8.74,D
24.74324,81.08936,343.17,0.39,0.36,2026-05-01,756,N,VIIRS,l,2.0NRT,316.51,27.5,D
24.7438,81.09322,353.49,0.39,0.36,2026-05-01,756,N,VIIRS,n,2.0NRT,317.6,27.5,D
24.74467,77.99695,356.91,0.41,0.37,2026-05-01,756,N,VIIRS,l,2.0NRT,318.63,10.02,D
24.74714,81.09264,352.1,0.39,0.36,2026-05-01,756,N,VIIRS,n,2.0NRT,311.5,27.5,D
24.76061,77.81776,344.53,0.42,0.37,2026-05-01,756,N,VIIRS,l,2.0NRT,317.46,4.33,D
24.76455,80.8845,357.95,0.39,0.36,2026-05-01,756,N,VIIRS,n,2.0NRT,319.08,20.85,D
24.76511,80.88833,349.48,0.39,0.36,2026-05-01,756,N,VIIRS,n,2.0NRT,316.73,20.03,D
24.76769,82.9011,336.7,0.44,0.38,2026-05-01,756,N,VIIRS,n,2.0NRT,304.66,2.78,D
24.80235,80.90928,345.26,0.39,0.36,2026-05-01,756,N,VIIRS,l,2.0NRT,316.18,4.95,D
24.81227,74.65064,347.14,0.38,0.43,2026-05-01,756,N,VIIRS,n,2.0NRT,314.93,8.19,D
24.84941,79.44218,339.65,0.39,0.36,2026-05-01,756,N,VIIRS,n,2.0NRT,309.27,2.14,D
24.85584,84.95939,336.27,0.55,0.43,2026-05-01,756,N,VIIRS,n,2.0NRT,303.55,2.8,D
24.86233,85.08138,333.3,0.56,0.43,2026-05-01,756,N,VIIRS,l,2.0NRT,304.43,4.9,D
24.86298,85.08691,343.76,0.56,0.43,2026-05-01,756,N,VIIRS,n,2.0NRT,306.87,4.9,D
24.87439,73.9297,350.42,0.42,0.45,2026-05-01,756,N,VIIRS,l,2.0NRT,321.64,18.04,D
24.92274,83.79114,335.85,0.48,0.4,2026-05-01,756,N,VIIRS,n,2.0NRT,303.97,2.68,D
24.93981,74.13406,344.7,0.41,0.45,2026-05-01,756,N,VIIRS,l,2.0NRT,318.07,11.75,D
24.95807,77.12185,343.84,0.44,0.38,2026-05-01,756,N,VIIRS,l,2.0NRT,317.75,8,D
24.96303,82.02383,336.95,0.41,0.37,2026-05-01,756,N,VIIRS,l,2.0NRT,306.97,2.37,D
24.96571,83.89201,340.85,0.49,0.4,2026-05-01,756,N,VIIRS,n,2.0NRT,303.94,6.36,D
24.96942,83.89143,344.48,0.49,0.4,2026-05-01,756,N,VIIRS,n,2.0NRT,304.03,6.36,D
25.00685,73.83007,346.59,0.42,0.45,2026-05-01,756,N,VIIRS,l,2.0NRT,320.29,33.79,D
25.03181,87.37634,331.57,0.51,0.49,2026-05-01,756,N,VIIRS,n,2.0NRT,296.35,5.27,D
25.0485,80.84286,339.68,0.39,0.36,2026-05-01,756,N,VIIRS,l,2.0NRT,312.38,3.17,D
25.05169,82.16431,337.87,0.42,0.37,2026-05-01,756,N,VIIRS,n,2.0NRT,306.41,2.77,D
25.07806,84.29973,335.04,0.51,0.41,2026-05-01,756,N,VIIRS,l,2.0NRT,305.05,1.14,D
25.07985,83.82733,347.94,0.48,0.4,2026-05-01,756,N,VIIRS,n,2.0NRT,306.64,6.59,D
25.08734,83.08822,348.96,0.45,0.39,2026-05-01,756,N,VIIRS,n,2.0NRT,311.12,20.85,D
25.11012,76.10004,348.81,0.48,0.4,2026-05-01,756,N,VIIRS,l,2.0NRT,318.93,5.3,D
25.1172,77.87843,339.04,0.41,0.37,2026-05-01,756,N,VIIRS,l,2.0NRT,312.8,4.12,D
25.12044,81.61069,347.26,0.4,0.37,2026-05-01,756,N,VIIRS,n,2.0NRT,311.11,5.89,D
25.16421,76.27985,343.35,0.47,0.4,2026-05-01,756,N,VIIRS,l,2.0NRT,313.96,7.71,D
25.20398,83.73402,342.57,0.48,0.4,2026-05-01,756,N,VIIRS,n,2.0NRT,306.46,7.22,D
25.20545,83.7321,343.02,0.48,0.4,2026-05-01,756,N,VIIRS,n,2.0NRT,307.21,6.98,D
25.21653,81.25521,348.88,0.4,0.37,2026-05-01,756,N,VIIRS,n,2.0NRT,308.97,6.47,D
25.2995,79.24327,341.86,0.39,0.36,2026-05-01,756,N,VIIRS,n,2.0NRT,310.86,6.44,D
25.33009,83.43799,338.21,0.47,0.39,2026-05-01,756,N,VIIRS,n,2.0NRT,303.85,3.49,D
25.33802,83.32834,347.83,0.46,0.39,2026-05-01,756,N,VIIRS,n,2.0NRT,304.55,5.91,D
25.34624,79.34832,338.96,0.39,0.36,2026-05-01,756,N,VIIRS,l,2.0NRT,311.57,5.65,D
25.36659,79.564,339.97,0.38,0.36,2026-05-01,756,N,VIIRS,n,2.0NRT,308.67,1.94,D
25.38359,81.37974,339.5,0.4,0.37,2026-05-01,756,N,VIIRS,n,2.0NRT,309.26,5.38,D
25.48182,76.52649,341.32,0.45,0.39,2026-05-01,756,N,VIIRS,l,2.0NRT,315.62,8.61,D
25.48459,76.52124,345.41,0.45,0.39,2026-05-01,756,N,VIIRS,l,2.0NRT,314.88,7.21,D
25.49735,81.0988,335.55,0.39,0.37,2026-05-01,756,N,VIIRS,l,2.0NRT,308.5,1.49,D
25.5073,79.77238,350.49,0.38,0.36,2026-05-01,756,N,VIIRS,n,2.0NRT,314.3,14.56,D
25.51019,76.1134,345.23,0.47,0.4,2026-05-01,756,N,VIIRS,l,2.0NRT,317.81,14.32,D
25.5106,79.77176,350.17,0.38,0.36,2026-05-01,756,N,VIIRS,n,2.0NRT,312.04,14.56,D
25.5154,79.76287,345.17,0.38,0.36,2026-05-01,756,N,VIIRS,n,2.0NRT,313.19,12.64,D
25.51599,79.76668,343.89,0.38,0.36,2026-05-01,756,N,VIIRS,n,2.0NRT,313.7,12.67,D
25.5639,79.05043,336.98,0.39,0.36,2026-05-01,756,N,VIIRS,n,2.0NRT,306.32,2.23,D
25.57264,80.38334,341.76,0.39,0.36,2026-05-01,756,N,VIIRS,l,2.0NRT,313.12,5.58,D
25.58414,81.17619,338.64,0.4,0.37,2026-05-01,756,N,VIIRS,n,2.0NRT,308.42,3.33,D
25.6354,81.09089,337.88,0.39,0.37,2026-05-01,756,N,VIIRS,l,2.0NRT,309.26,4.69,D
25.63596,81.09481,340.53,0.39,0.37,2026-05-01,756,N,VIIRS,l,2.0NRT,310.99,5.59,D
25.6419,75.98892,344.89,0.48,0.4,2026-05-01,756,N,VIIRS,l,2.0NRT,317.73,9.3,D
25.64824,79.05053,334.04,0.39,0.36,2026-05-01,756,N,VIIRS,l,2.0NRT,306.89,1.52,D
25.74016,81.26249,343.44,0.4,0.37,2026-05-01,756,N,VIIRS,n,2.0NRT,309.35,4.58,D
25.75253,77.86137,340.11,0.41,0.37,2026-05-01,756,N,VIIRS,l,2.0NRT,310.82,6.39,D
25.8334,80.7997,340.37,0.39,0.36,2026-05-01,756,N,VIIRS,n,2.0NRT,309.89,2.37,D
25.84251,79.03676,342.59,0.39,0.36,2026-05-01,756,N,VIIRS,n,2.0NRT,310.56,3.63,D
25.84338,81.03438,337.85,0.39,0.37,2026-05-01,756,N,VIIRS,l,2.0NRT,310.71,2.96,D
25.84708,80.91728,341.8,0.39,0.36,2026-05-01,756,N,VIIRS,l,2.0NRT,313.02,5.62,D
25.8664,78.3599,340.26,0.4,0.37,2026-05-01,756,N,VIIRS,l,2.0NRT,312.59,5.41,D
25.86874,81.16323,336.11,0.4,0.37,2026-05-01,756,N,VIIRS,l,2.0NRT,307.17,1.94,D
25.90305,78.05042,345.35,0.4,0.37,2026-05-01,756,N,VIIRS,l,2.0NRT,313.51,10.3,D
25.93048,82.95168,336.39,0.45,0.39,2026-05-01,756,N,VIIRS,n,2.0NRT,302.4,1.71,D
25.9422,80.85299,341.59,0.39,0.36,2026-05-01,756,N,VIIRS,n,2.0NRT,310.03,3.78,D
25.95059,83.33316,340.67,0.47,0.4,2026-05-01,756,N,VIIRS,n,2.0NRT,303.26,3.52,D
25.95424,83.33259,335.23,0.47,0.4,2026-05-01,756,N,VIIRS,n,2.0NRT,301.22,2.55,D
25.967,80.56166,335.04,0.39,0.36,2026-05-01,756,N,VIIRS,l,2.0NRT,307.6,1.28,D
25.98236,80.69022,335.54,0.39,0.36,2026-05-01,756,N,VIIRS,l,2.0NRT,309.1,1.76,D
26.04894,78.90557,339.37,0.39,0.36,2026-05-01,756,N,VIIRS,l,2.0NRT,311.82,4.87,D
26.05393,78.98003,334.01,0.39,0.36,2026-05-01,756,N,VIIRS,l,2.0NRT,308.57,2.87,D
26.0634,80.65974,339.48,0.39,0.36,2026-05-01,756,N,VIIRS,l,2.0NRT,309.64,4.35,D
26.06397,80.66364,341.23,0.39,0.36,2026-05-01,756,N,VIIRS,n,2.0NRT,310.07,4.35,D
26.08385,79.06136,337.77,0.39,0.36,2026-05-01,756,N,VIIRS,l,2.0NRT,310.89,4.03,D
26.13317,78.98451,339.61,0.39,0.36,2026-05-01,756,N,VIIRS,l,2.0NRT,310.51,4.32,D
26.14456,83.05482,335.58,0.46,0.39,2026-05-01,756,N,VIIRS,n,2.0NRT,301.46,2.59,D
26.16283,82.51491,337.67,0.44,0.38,2026-05-01,756,N,VIIRS,n,2.0NRT,305.65,2.8,D
26.20573,81.67503,336.69,0.41,0.37,2026-05-01,756,N,VIIRS,l,2.0NRT,307.43,2.14,D
26.24498,82.008,338.35,0.42,0.38,2026-05-01,756,N,VIIRS,l,2.0NRT,309.85,5.3,D
26.2625,81.81334,346.57,0.41,0.37,2026-05-01,756,N,VIIRS,n,2.0NRT,308.36,3.82,D
26.27689,82.42624,337.3,0.43,0.38,2026-05-01,756,N,VIIRS,n,2.0NRT,305.97,2.68,D
26.30565,82.18446,340.05,0.43,0.38,2026-05-01,756,N,VIIRS,n,2.0NRT,308.7,6.13,D
26.30572,81.54517,336.47,0.41,0.37,2026-05-01,756,N,VIIRS,n,2.0NRT,304.65,1.24,D
26.33298,82.09731,336.48,0.42,0.38,2026-05-01,756,N,VIIRS,l,2.0NRT,306.72,2.57,D
26.33999,80.82693,343.1,0.39,0.36,2026-05-01,756,N,VIIRS,n,2.0NRT,306.51,3.62,D
26.34841,81.45094,348.92,0.41,0.37,2026-05-01,756,N,VIIRS,n,2.0NRT,308.71,4.66,D
26.3536,82.62981,338.49,0.44,0.39,2026-05-01,756,N,VIIRS,n,2.0NRT,303.7,2.46,D
26.50828,80.05911,345.92,0.39,0.36,2026-05-01,756,N,VIIRS,n,2.0NRT,309.73,4.06,D
26.22424,68.11116,350.64,0.44,0.62,2026-05-01,758,N,VIIRS,n,2.0NRT,310.83,5.15,D
26.36524,78.37522,343.21,0.39,0.36,2026-05-01,758,N,VIIRS,l,2.0NRT,313.86,7.81,D
26.72482,80.26564,346.46,0.39,0.36,2026-05-01,758,N,VIIRS,n,2.0NRT,306.92,3.87,D
27.35487,79.83936,342.62,0.39,0.36,2026-05-01,758,N,VIIRS,n,2.0NRT,306.06,2.92,D
27.48275,81.34986,335.67,0.41,0.37,2026-05-01,758,N,VIIRS,n,2.0NRT,300.55,2.7,D
27.53153,79.9144,348.98,0.39,0.36,2026-05-01,758,N,VIIRS,n,2.0NRT,306.49,11.96,D
27.63791,79.65052,337.1,0.38,0.36,2026-05-01,758,N,VIIRS,n,2.0NRT,304.36,6.14,D
27.86871,80.11432,337.54,0.39,0.36,2026-05-01,758,N,VIIRS,n,2.0NRT,301.38,4.61,D
27.86929,80.11826,336.92,0.39,0.36,2026-05-01,758,N,VIIRS,n,2.0NRT,298.53,6.31,D
27.93836,82.31715,332.86,0.44,0.39,2026-05-01,758,N,VIIRS,n,2.0NRT,299.98,2.38,D
27.94691,68.94698,339.38,0.36,0.57,2026-05-01,758,N,VIIRS,l,2.0NRT,312.02,2.83,D
27.95879,77.42885,339.77,0.4,0.37,2026-05-01,758,N,VIIRS,l,2.0NRT,312.31,4.21,D
28.05091,69.37028,347.56,0.34,0.56,2026-05-01,758,N,VIIRS,n,2.0NRT,310.99,2.15,D
28.05595,69.36881,334.03,0.34,0.56,2026-05-01,758,N,VIIRS,l,2.0NRT,308.43,2.15,D
28.09273,68.61063,349.67,0.37,0.58,2026-05-01,758,N,VIIRS,n,2.0NRT,311.59,4.07,D
28.12788,77.30534,342.57,0.4,0.37,2026-05-01,758,N,VIIRS,l,2.0NRT,313.15,8.38,D
28.19371,77.53544,338.08,0.4,0.37,2026-05-01,758,N,VIIRS,l,2.0NRT,312.52,7.63,D
28.19388,77.53147,340.32,0.4,0.37,2026-05-01,758,N,VIIRS,l,2.0NRT,308.67,4.15,D
28.20788,69.96724,337.97,0.61,0.54,2026-05-01,758,N,VIIRS,l,2.0NRT,308.57,4.11,D
28.26775,70.02179,334.14,0.61,0.53,2026-05-01,758,N,VIIRS,l,2.0NRT,305.64,2.05,D
28.27138,70.02126,333.05,0.61,0.53,2026-05-01,758,N,VIIRS,l,2.0NRT,307.14,2.54,D
28.30852,79.63742,344.84,0.39,0.36,2026-05-01,758,N,VIIRS,n,2.0NRT,303.9,6.95,D
28.32123,77.01418,338.97,0.41,0.37,2026-05-01,758,N,VIIRS,l,2.0NRT,310.36,2.27,D
28.3548,80.58395,350.75,0.4,0.37,2026-05-01,758,N,VIIRS,n,2.0NRT,302.5,8.33,D
28.3828,76.71972,346.33,0.42,0.37,2026-05-01,758,N,VIIRS,l,2.0NRT,317.17,13.38,D
28.38362,76.71871,352.06,0.42,0.38,2026-05-01,758,N,VIIRS,l,2.0NRT,319.26,11.63,D
28.38622,76.71897,351.29,0.42,0.37,2026-05-01,758,N,VIIRS,l,2.0NRT,316.77,13.38,D
28.45575,78.99787,333.94,0.38,0.36,2026-05-01,758,N,VIIRS,l,2.0NRT,307.21,2.25,D
28.47128,76.48009,340.93,0.42,0.38,2026-05-01,758,N,VIIRS,l,2.0NRT,312.95,6.17,D
28.48189,76.50001,339.2,0.42,0.38,2026-05-01,758,N,VIIRS,l,2.0NRT,312.86,7.59,D
28.50478,76.5704,341.53,0.42,0.38,2026-05-01,758,N,VIIRS,l,2.0NRT,315.6,7.05,D
28.50552,76.57466,343.39,0.42,0.38,2026-05-01,758,N,VIIRS,l,2.0NRT,315.06,9.25,D
28.51734,76.88646,343.16,0.41,0.37,2026-05-01,758,N,VIIRS,l,2.0NRT,315.86,7.19,D
28.51945,76.89899,352.92,0.41,0.37,2026-05-01,758,N,VIIRS,n,2.0NRT,314.87,14.97,D
28.51948,69.35941,367,0.33,0.55,2026-05-01,758,N,VIIRS,h,2.0NRT,313.43,9.33,D
28.52023,69.3627,344.84,0.33,0.55,2026-05-01,758,N,VIIRS,n,2.0NRT,311.93,9.33,D
28.52574,76.93654,339.02,0.41,0.37,2026-05-01,758,N,VIIRS,l,2.0NRT,311.02,6.56,D
28.55147,76.48906,351.62,0.42,0.38,2026-05-01,758,N,VIIRS,n,2.0NRT,317.28,12.13,D
28.56696,80.90704,333.29,0.41,0.37,2026-05-01,758,N,VIIRS,n,2.0NRT,302.58,5.53,D
28.57384,76.68303,345,0.42,0.37,2026-05-01,758,N,VIIRS,l,2.0NRT,311.52,7.7,D
28.58927,76.73222,349.69,0.42,0.37,2026-05-01,758,N,VIIRS,n,2.0NRT,313.91,7.68,D
28.59859,81.47033,336.86,0.42,0.38,2026-05-01,758,N,VIIRS,n,2.0NRT,298.57,3.41,D
28.60714,76.85894,338.56,0.41,0.37,2026-05-01,758,N,VIIRS,l,2.0NRT,312.56,5.85,D
28.61315,76.50384,340.66,0.42,0.38,2026-05-01,758,N,VIIRS,l,2.0NRT,313.48,7.38,D
28.61389,76.50812,349.82,0.42,0.38,2026-05-01,758,N,VIIRS,l,2.0NRT,315.07,11.99,D
28.61496,78.99554,332.88,0.38,0.36,2026-05-01,758,N,VIIRS,l,2.0NRT,306.35,2.2,D
28.62444,76.52797,340.65,0.42,0.38,2026-05-01,758,N,VIIRS,l,2.0NRT,314.08,3.4,D
28.6266,69.19646,346.05,0.33,0.56,2026-05-01,758,N,VIIRS,n,2.0NRT,310.92,2.6,D
28.62714,76.52293,341.1,0.42,0.38,2026-05-01,758,N,VIIRS,l,2.0NRT,312.08,3.4,D
28.62907,76.57565,346.52,0.42,0.38,2026-05-01,758,N,VIIRS,l,2.0NRT,315.44,10.18,D
28.63671,76.51639,355.93,0.42,0.38,2026-05-01,758,N,VIIRS,l,2.0NRT,315.21,21.67,D
28.63694,76.53851,351.77,0.42,0.38,2026-05-01,758,N,VIIRS,n,2.0NRT,314.02,8.59,D
28.64088,76.5199,347.29,0.42,0.38,2026-05-01,758,N,VIIRS,l,2.0NRT,313.07,9.12,D
28.64504,76.52342,336.96,0.42,0.38,2026-05-01,758,N,VIIRS,l,2.0NRT,310.88,3.8,D
28.64647,76.3588,340.86,0.43,0.38,2026-05-01,758,N,VIIRS,l,2.0NRT,313.42,5.3,D
28.65455,81.46538,341.92,0.42,0.38,2026-05-01,758,N,VIIRS,n,2.0NRT,304.56,6.6,D
28.66215,76.93492,342.11,0.41,0.37,2026-05-01,758,N,VIIRS,l,2.0NRT,312.41,5.04,D
28.66299,81.39786,336.6,0.42,0.38,2026-05-01,758,N,VIIRS,n,2.0NRT,302.28,4.75,D
28.6632,79.70041,330.2,0.39,0.36,2026-05-01,758,N,VIIRS,l,2.0NRT,304.68,0.67,D
28.672,76.53519,341.65,0.42,0.38,2026-05-01,758,N,VIIRS,l,2.0NRT,312.29,4.23,D
28.67636,76.56078,343.69,0.42,0.38,2026-05-01,758,N,VIIRS,l,2.0NRT,315.39,5.33,D
28.67683,70.77856,339.23,0.54,0.51,2026-05-01,758,N,VIIRS,l,2.0NRT,310.04,5.04,D
28.70273,76.59984,339.43,0.42,0.38,2026-05-01,758,N,VIIRS,l,2.0NRT,311.04,4.11,D
28.70761,76.54578,338.87,0.42,0.38,2026-05-01,758,N,VIIRS,l,2.0NRT,311.61,2.67,D
28.71913,76.52995,338.93,0.42,0.38,2026-05-01,758,N,VIIRS,l,2.0NRT,312.42,4.93,D
28.75674,80.20181,336.77,0.39,0.36,2026-05-01,758,N,VIIRS,n,2.0NRT,304.56,6.28,D
28.76008,80.20119,352.41,0.39,0.36,2026-05-01,758,N,VIIRS,n,2.0NRT,306.07,6.28,D
28.7614,81.40415,337.13,0.42,0.38,2026-05-01,758,N,VIIRS,n,2.0NRT,304.85,8.93,D
28.76486,81.40356,337.84,0.42,0.38,2026-05-01,758,N,VIIRS,n,2.0NRT,302.69,8.13,D
28.76852,77.90229,332.87,0.39,0.36,2026-05-01,758,N,VIIRS,l,2.0NRT,305.84,0.74,D
28.77398,81.30193,332.64,0.42,0.37,2026-05-01,758,N,VIIRS,n,2.0NRT,301.84,1.31,D
28.79299,76.65032,335.76,0.42,0.37,2026-05-01,758,N,VIIRS,l,2.0NRT,310,2.69,D
28.79687,76.92343,338.52,0.41,0.37,2026-05-01,758,N,VIIRS,l,2.0NRT,310.66,3.17,D
28.80328,76.85725,337.02,0.41,0.37,2026-05-01,758,N,VIIRS,l,2.0NRT,308.39,2.93,D
28.80913,76.50209,339.85,0.42,0.38,2026-05-01,758,N,VIIRS,l,2.0NRT,310.62,3.67,D
28.80968,76.79079,343.39,0.41,0.37,2026-05-01,758,N,VIIRS,l,2.0NRT,311.29,5.42,D
28.81868,81.29366,347.84,0.42,0.37,2026-05-01,758,N,VIIRS,n,2.0NRT,303.19,3.82,D
28.8205,76.73257,342.69,0.41,0.37,2026-05-01,758,N,VIIRS,l,2.0NRT,312.32,18.62,D
28.82075,70.82217,337.46,0.53,0.5,2026-05-01,758,N,VIIRS,n,2.0NRT,309.39,4.07,D
28.82091,76.73172,348.1,0.41,0.37,2026-05-01,758,N,VIIRS,l,2.0NRT,314.46,32.82,D
28.82318,76.72762,339.11,0.41,0.37,2026-05-01,758,N,VIIRS,l,2.0NRT,309.99,18.62,D
28.82782,81.28313,346.41,0.42,0.37,2026-05-01,758,N,VIIRS,n,2.0NRT,304.46,6.53,D
28.83175,78.69077,331.5,0.38,0.36,2026-05-01,758,N,VIIRS,l,2.0NRT,304.05,1.71,D
28.83289,79.06989,330.33,0.38,0.36,2026-05-01,758,N,VIIRS,l,2.0NRT,302.7,1.56,D
28.83835,78.97198,332.09,0.38,0.36,2026-05-01,758,N,VIIRS,l,2.0NRT,304.28,1.28,D
28.8422,77.06809,337.57,0.41,0.37,2026-05-01,758,N,VIIRS,l,2.0NRT,310.95,3.93,D
28.84557,77.06736,339.94,0.41,0.37,2026-05-01,758,N,VIIRS,l,2.0NRT,311.5,4.19,D
28.85431,76.62009,367,0.42,0.37,2026-05-01,758,N,VIIRS,h,2.0NRT,314.29,18.14,D
28.85719,78.85532,333.38,0.38,0.36,2026-05-01,758,N,VIIRS,l,2.0NRT,307.41,1.95,D
28.86309,76.40111,342.76,0.42,0.38,2026-05-01,758,N,VIIRS,l,2.0NRT,312.03,5.18,D
28.86924,76.39528,333.63,0.42,0.38,2026-05-01,758,N,VIIRS,l,2.0NRT,308.48,2.61,D
28.86981,79.06667,342.21,0.38,0.36,2026-05-01,758,N,VIIRS,n,2.0NRT,307.78,4.32,D
28.87003,76.39156,338.57,0.42,0.38,2026-05-01,758,N,VIIRS,l,2.0NRT,310.55,3.21,D
28.8986,76.41196,345.83,0.42,0.38,2026-05-01,758,N,VIIRS,l,2.0NRT,312.24,10.94,D
28.90045,76.19582,343.77,0.43,0.38,2026-05-01,758,N,VIIRS,l,2.0NRT,314.62,6.16,D
28.92022,79.00031,347.38,0.38,0.36,2026-05-01,758,N,VIIRS,n,2.0NRT,307.76,6.62,D
28.9209,76.37576,340.87,0.42,0.38,2026-05-01,758,N,VIIRS,l,2.0NRT,313.09,6.5,D
28.92117,76.39803,343.76,0.42,0.38,2026-05-01,758,N,VIIRS,n,2.0NRT,309.85,4.92,D
28.92758,76.41444,339.94,0.42,0.38,2026-05-01,758,N,VIIRS,l,2.0NRT,312.96,3.47,D
28.94564,76.20037,345.45,0.43,0.38,2026-05-01,758,N,VIIRS,l,2.0NRT,313.13,8.7,D
28.94985,76.56458,336.05,0.42,0.37,2026-05-01,758,N,VIIRS,l,2.0NRT,310.59,3.8,D
28.95985,79.35228,348.58,0.39,0.36,2026-05-01,758,N,VIIRS,n,2.0NRT,303.24,5.69,D
28.96169,76.44689,342.34,0.42,0.38,2026-05-01,758,N,VIIRS,l,2.0NRT,311.5,6.17,D
28.97028,78.99538,354.03,0.38,0.36,2026-05-01,758,N,VIIRS,n,2.0NRT,309.76,13.25,D
28.97358,78.99474,346.8,0.38,0.36,2026-05-01,758,N,VIIRS,n,2.0NRT,307.63,13.25,D
28.97754,78.44786,330.36,0.39,0.36,2026-05-01,758,N,VIIRS,l,2.0NRT,303.13,0.64,D
28.98322,79.25869,337.01,0.38,0.36,2026-05-01,758,N,VIIRS,n,2.0NRT,305.03,2.54,D
28.98443,76.60094,341.67,0.42,0.37,2026-05-01,758,N,VIIRS,l,2.0NRT,310.82,9.42,D
28.9889,79.93291,342.01,0.39,0.36,2026-05-01,758,N,VIIRS,n,2.0NRT,304.74,2.62,D
28.98949,79.9369,335.09,0.39,0.36,2026-05-01,758,N,VIIRS,l,2.0NRT,305.42,2.17,D
28.99678,76.18433,341.25,0.43,0.38,2026-05-01,758,N,VIIRS,l,2.0NRT,313.5,4.98,D
29.00592,76.33989,340.89,0.42,0.38,2026-05-01,758,N,VIIRS,l,2.0NRT,313.66,5.96,D
29.0155,76.33327,346.88,0.42,0.38,2026-05-01,758,N,VIIRS,l,2.0NRT,314.8,26.13,D
29.02504,76.55322,344.63,0.42,0.37,2026-05-01,758,N,VIIRS,l,2.0NRT,312.93,8.13,D
29.03138,76.50768,340.37,0.42,0.38,2026-05-01,758,N,VIIRS,l,2.0NRT,310.59,6.06,D
29.04221,79.26837,331.08,0.38,0.36,2026-05-01,758,N,VIIRS,l,2.0NRT,302.44,1.29,D
29.0627,79.51996,331.16,0.39,0.36,2026-05-01,758,N,VIIRS,l,2.0NRT,304.95,2.28,D
29.08195,77.03445,333.79,0.4,0.37,2026-05-01,758,N,VIIRS,l,2.0NRT,306.75,1.46,D
29.08581,78.08393,335.38,0.39,0.36,2026-05-01,758,N,VIIRS,n,2.0NRT,302.22,2.31,D
29.08853,76.53033,346.11,0.42,0.37,2026-05-01,758,N,VIIRS,l,2.0NRT,310.04,5.98,D
29.08967,71.11616,345.34,0.5,0.49,2026-05-01,758,N,VIIRS,n,2.0NRT,312.64,13.13,D
29.09267,76.53383,341.37,0.42,0.37,2026-05-01,758,N,VIIRS,l,2.0NRT,311.41,5.98,D
29.0966,76.19519,340.11,0.43,0.38,2026-05-01,758,N,VIIRS,l,2.0NRT,312.41,3.06,D
29.10582,76.54853,340.54,0.42,0.37,2026-05-01,758,N,VIIRS,l,2.0NRT,312.65,6.57,D
29.11624,76.47258,341.81,0.42,0.38,2026-05-01,758,N,VIIRS,l,2.0NRT,310.68,6.12,D
29.12371,78.4752,336.93,0.38,0.36,2026-05-01,758,N,VIIRS,n,2.0NRT,304.37,3.06,D
29.125,76.19331,354.35,0.43,0.38,2026-05-01,758,N,VIIRS,n,2.0NRT,311.78,7.96,D
29.14656,76.48355,345.9,0.42,0.38,2026-05-01,758,N,VIIRS,l,2.0NRT,313.64,6.68,D
29.14852,76.47426,346.34,0.42,0.38,2026-05-01,758,N,VIIRS,l,2.0NRT,311.55,9.84,D
29.15168,76.51334,342.94,0.42,0.37,2026-05-01,758,N,VIIRS,l,2.0NRT,312.47,4.52,D
29.1551,76.51258,340.8,0.42,0.37,2026-05-01,758,N,VIIRS,l,2.0NRT,310.78,4.52,D
29.16857,73.30669,340.58,0.57,0.43,2026-05-01,758,N,VIIRS,l,2.0NRT,314.34,5.38,D
29.16878,76.65447,340.6,0.41,0.37,2026-05-01,758,N,VIIRS,l,2.0NRT,311.08,3.37,D
29.19389,78.08231,344.9,0.39,0.36,2026-05-01,758,N,VIIRS,n,2.0NRT,307.48,3.83,D
29.20193,78.06838,332.13,0.39,0.36,2026-05-01,758,N,VIIRS,l,2.0NRT,304.94,2.15,D
29.221,76.30336,354.2,0.42,0.38,2026-05-01,758,N,VIIRS,n,2.0NRT,314.79,13.96,D
29.22175,76.30767,343.67,0.42,0.38,2026-05-01,758,N,VIIRS,l,2.0NRT,312.82,7.9,D
29.24101,75.38464,350.76,0.46,0.39,2026-05-01,758,N,VIIRS,n,2.0NRT,314.15,4.32,D
29.2415,78.08065,339.38,0.39,0.36,2026-05-01,758,N,VIIRS,n,2.0NRT,309.26,4.98,D
29.24913,70.25483,343.43,0.56,0.52,2026-05-01,758,N,VIIRS,n,2.0NRT,307.13,6.44,D
29.24986,76.47041,349.6,0.42,0.37,2026-05-01,758,N,VIIRS,l,2.0NRT,312.83,7.8,D
29.25103,70.37455,338.77,0.55,0.51,2026-05-01,758,N,VIIRS,n,2.0NRT,306.54,3.28,D
29.25228,70.38015,332.87,0.55,0.51,2026-05-01,758,N,VIIRS,l,2.0NRT,306.27,3.28,D
29.25625,75.39735,340.92,0.45,0.39,2026-05-01,758,N,VIIRS,l,2.0NRT,314.04,4.54,D
29.2721,78.06233,335.74,0.39,0.36,2026-05-01,758,N,VIIRS,l,2.0NRT,308.37,1.89,D
29.27212,71.16219,335.93,0.5,0.49,2026-05-01,758,N,VIIRS,l,2.0NRT,309.86,3.51,D
29.27892,76.15614,336.76,0.43,0.38,2026-05-01,758,N,VIIRS,l,2.0NRT,310.56,4.84,D
29.28013,78.04839,342.98,0.39,0.36,2026-05-01,758,N,VIIRS,n,2.0NRT,308.88,5.55,D
29.29099,76.33682,342.99,0.42,0.38,2026-05-01,758,N,VIIRS,l,2.0NRT,312.22,4.57,D
29.31211,71.08656,336.44,0.5,0.49,2026-05-01,758,N,VIIRS,l,2.0NRT,308.24,4.09,D
29.3238,78.04343,332.27,0.39,0.36,2026-05-01,758,N,VIIRS,l,2.0NRT,306.23,2.58,D
29.3257,76.28062,348.02,0.42,0.38,2026-05-01,758,N,VIIRS,l,2.0NRT,315.07,8.01,D
29.3528,76.60216,343.45,0.41,0.37,2026-05-01,758,N,VIIRS,l,2.0NRT,312.62,6.86,D
29.36843,70.77573,336.82,0.52,0.5,2026-05-01,758,N,VIIRS,l,2.0NRT,307.01,1.99,D
29.40019,71.0968,336.82,0.5,0.49,2026-05-01,758,N,VIIRS,n,2.0NRT,306.33,3.66,D
29.40275,74.44485,340.71,0.5,0.41,2026-05-01,758,N,VIIRS,l,2.0NRT,315.48,8.02,D
29.40731,76.44481,352.09,0.42,0.37,2026-05-01,758,N,VIIRS,n,2.0NRT,315.66,9.7,D
29.41141,76.78071,340.53,0.41,0.37,2026-05-01,758,N,VIIRS,n,2.0NRT,309.61,2.85,D
29.44301,74.73041,349.27,0.48,0.4,2026-05-01,758,N,VIIRS,n,2.0NRT,315.06,8.91,D
29.46278,74.4143,340.78,0.5,0.41,2026-05-01,758,N,VIIRS,l,2.0NRT,314.33,5.8,D
29.46906,70.4334,332.82,0.54,0.51,2026-05-01,758,N,VIIRS,l,2.0NRT,306.57,2.17,D
29.47103,74.84825,340.83,0.48,0.4,2026-05-01,758,N,VIIRS,l,2.0NRT,314.03,3.21,D
29.47347,71.04405,336.14,0.5,0.49,2026-05-01,758,N,VIIRS,l,2.0NRT,308.12,4.92,D
29.47484,71.04225,335.52,0.5,0.49,2026-05-01,758,N,VIIRS,l,2.0NRT,308.08,4.63,D
29.49175,70.40347,333.69,0.54,0.51,2026-05-01,758,N,VIIRS,l,2.0NRT,306.55,3.46,D
29.49669,71.198,339.86,0.49,0.49,2026-05-01,758,N,VIIRS,n,2.0NRT,308.64,3.04,D
29.50137,71.12077,343.18,0.49,0.49,2026-05-01,758,N,VIIRS,n,2.0NRT,308.95,6.24,D
29.50459,74.46496,344.95,0.49,0.41,2026-05-01,758,N,VIIRS,n,2.0NRT,316.92,9.4,D
29.50731,74.46697,348.68,0.49,0.41,2026-05-01,758,N,VIIRS,n,2.0NRT,316.21,8.01,D
29.5265,76.81667,342.98,0.41,0.37,2026-05-01,758,N,VIIRS,l,2.0NRT,312.6,5.24,D
29.54256,74.11411,346.14,0.51,0.41,2026-05-01,758,N,VIIRS,l,2.0NRT,317.88,8.07,D
29.54298,74.07557,350.09,0.51,0.41,2026-05-01,758,N,VIIRS,n,2.0NRT,317.4,7.69,D
29.54583,74.65613,340.39,0.48,0.4,2026-05-01,758,N,VIIRS,l,2.0NRT,312.89,3.92,D
29.54835,75.26668,340.04,0.46,0.39,2026-05-01,758,N,VIIRS,l,2.0NRT,313.95,7.67,D
29.55074,71.49892,339.14,0.47,0.48,2026-05-01,758,N,VIIRS,n,2.0NRT,309.34,4.32,D
29.56771,74.01978,344.24,0.52,0.41,2026-05-01,758,N,VIIRS,l,2.0NRT,316.13,2.59,D
29.57147,74.01885,344.93,0.52,0.41,2026-05-01,758,N,VIIRS,n,2.0NRT,315.89,4.03,D
29.57355,74.1937,347.38,0.51,0.41,2026-05-01,758,N,VIIRS,n,2.0NRT,318.5,9.32,D
29.60062,72.37741,340.47,0.42,0.45,2026-05-01,758,N,VIIRS,l,2.0NRT,314.69,8.9,D
29.60322,75.36501,338.59,0.45,0.39,2026-05-01,758,N,VIIRS,l,2.0NRT,312.88,2.6,D
29.61358,74.61628,340.96,0.49,0.4,2026-05-01,758,N,VIIRS,l,2.0NRT,315.31,7.6,D
29.61715,71.50923,354.65,0.47,0.48,2026-05-01,758,N,VIIRS,n,2.0NRT,311.54,8.45,D
29.62453,74.50935,341,0.49,0.4,2026-05-01,758,N,VIIRS,l,2.0NRT,314.42,5.29,D
29.63118,71.19291,343.54,0.49,0.48,2026-05-01,758,N,VIIRS,n,2.0NRT,307.1,4.44,D
29.63181,71.53544,341.53,0.47,0.47,2026-05-01,758,N,VIIRS,n,2.0NRT,309.28,3.96,D
29.63282,71.54019,343.96,0.47,0.47,2026-05-01,758,N,VIIRS,n,2.0NRT,309.58,6.2,D
29.64282,80.52752,336.1,0.4,0.37,2026-05-01,758,N,VIIRS,l,2.0NRT,306.46,3.69,D
29.64619,80.52678,334.83,0.4,0.37,2026-05-01,758,N,VIIRS,n,2.0NRT,304.8,2.13,D
29.6521,74.19601,347.86,0.51,0.41,2026-05-01,758,N,VIIRS,n,2.0NRT,317.42,10.41,D
29.65225,74.21762,341.64,0.51,0.41,2026-05-01,758,N,VIIRS,l,2.0NRT,315.04,9.16,D
29.6535,74.26583,342.98,0.5,0.41,2026-05-01,758,N,VIIRS,l,2.0NRT,316.32,9.27,D
29.65862,71.66267,340.49,0.46,0.47,2026-05-01,758,N,VIIRS,n,2.0NRT,310.32,3.44,D
29.66043,75.15907,345.47,0.46,0.39,2026-05-01,758,N,VIIRS,n,2.0NRT,313.69,10.23,D
29.66593,72.31105,336.78,0.42,0.45,2026-05-01,758,N,VIIRS,l,2.0NRT,308.57,2.21,D
29.67099,74.42141,349.91,0.49,0.41,2026-05-01,758,N,VIIRS,n,2.0NRT,317.28,9.03,D
29.67196,76.5782,335.33,0.41,0.37,2026-05-01,758,N,VIIRS,l,2.0NRT,309.02,4.06,D
29.67268,76.58242,348.12,0.41,0.37,2026-05-01,758,N,VIIRS,l,2.0NRT,313.94,9.5,D
29.67409,76.69452,337.21,0.41,0.37,2026-05-01,758,N,VIIRS,l,2.0NRT,311.59,4.27,D
29.67671,74.4727,341.56,0.49,0.4,2026-05-01,758,N,VIIRS,l,2.0NRT,315.96,5.52,D
29.68948,75.70491,341.92,0.44,0.38,2026-05-01,758,N,VIIRS,l,2.0NRT,314.34,7.13,D
29.69139,75.69513,347.31,0.44,0.38,2026-05-01,758,N,VIIRS,l,2.0NRT,314.87,8.76,D
29.69297,75.70409,348.49,0.44,0.38,2026-05-01,758,N,VIIRS,l,2.0NRT,315.83,9.48,D
29.69616,75.98921,341.71,0.43,0.38,2026-05-01,758,N,VIIRS,l,2.0NRT,313.26,8.35,D
29.69859,71.35615,336.74,0.48,0.48,2026-05-01,758,N,VIIRS,l,2.0NRT,310.76,3.47,D
29.70784,74.94659,341.79,0.47,0.4,2026-05-01,758,N,VIIRS,l,2.0NRT,312.97,6.13,D
29.71611,76.02106,345.69,0.43,0.38,2026-05-01,758,N,VIIRS,l,2.0NRT,313.55,9.11,D
29.72964,76.18063,342.99,0.42,0.38,2026-05-01,758,N,VIIRS,l,2.0NRT,315.11,6.13,D
29.73307,76.17985,341.61,0.42,0.38,2026-05-01,758,N,VIIRS,l,2.0NRT,314.7,9.76,D
29.73548,75.36929,338.94,0.45,0.39,2026-05-01,758,N,VIIRS,l,2.0NRT,311.29,2.47,D
29.737,76.46275,339.71,0.41,0.37,2026-05-01,758,N,VIIRS,l,2.0NRT,311.61,7.4,D
29.73713,75.37851,340.09,0.45,0.39,2026-05-01,758,N,VIIRS,l,2.0NRT,313.2,3.72,D
29.73731,75.83303,343.12,0.43,0.38,2026-05-01,758,N,VIIRS,l,2.0NRT,315.34,6.44,D
29.74273,71.28201,335.5,0.48,0.48,2026-05-01,758,N,VIIRS,l,2.0NRT,309.58,1.18,D
29.74391,76.11887,342.7,0.42,0.38,2026-05-01,758,N,VIIRS,l,2.0NRT,315.36,5.58,D
29.74452,75.41985,342.56,0.45,0.39,2026-05-01,758,N,VIIRS,l,2.0NRT,314.07,6.39,D
29.74735,76.11808,350.65,0.42,0.38,2026-05-01,758,N,VIIRS,n,2.0NRT,315.32,5.58,D
29.75079,76.1173,352.47,0.42,0.38,2026-05-01,758,N,VIIRS,n,2.0NRT,315.06,8.43,D
29.75154,76.12164,338.56,0.42,0.38,2026-05-01,758,N,VIIRS,l,2.0NRT,310.4,5.01,D
29.75344,71.37688,338.91,0.47,0.48,2026-05-01,758,N,VIIRS,l,2.0NRT,309.38,3.27,D
29.75466,75.87048,339.15,0.43,0.38,2026-05-01,758,N,VIIRS,l,2.0NRT,313.49,6.69,D
29.75736,75.86526,339.13,0.43,0.38,2026-05-01,758,N,VIIRS,l,2.0NRT,312.44,4.1,D
29.75813,75.86968,342.22,0.43,0.38,2026-05-01,758,N,VIIRS,l,2.0NRT,315.09,4.1,D
29.75834,74.62463,339.58,0.48,0.4,2026-05-01,758,N,VIIRS,l,2.0NRT,312.65,1.26,D
29.75852,75.86632,346.21,0.43,0.38,2026-05-01,758,N,VIIRS,n,2.0NRT,312.31,6.59,D
29.7604,76.37873,340.33,0.42,0.37,2026-05-01,758,N,VIIRS,l,2.0NRT,310.7,4.44,D
29.76108,75.49213,340.99,0.44,0.39,2026-05-01,758,N,VIIRS,l,2.0NRT,313.39,4.56,D
29.77906,76.11537,339.82,0.42,0.38,2026-05-01,758,N,VIIRS,l,2.0NRT,311.73,4.53,D
29.78408,75.92924,339.39,0.43,0.38,2026-05-01,758,N,VIIRS,l,2.0NRT,311.37,7.06,D
29.78495,75.79107,344.22,0.43,0.38,2026-05-01,758,N,VIIRS,l,2.0NRT,314.71,6.34,D
29.78574,75.79552,343.28,0.43,0.38,2026-05-01,758,N,VIIRS,l,2.0NRT,313.67,5.94,D
29.78754,75.92844,339.29,0.43,0.38,2026-05-01,758,N,VIIRS,l,2.0NRT,312.35,7.06,D
29.79894,74.70524,339.59,0.48,0.4,2026-05-01,758,N,VIIRS,l,2.0NRT,312.94,3.55,D
29.816,75.96757,346.73,0.43,0.38,2026-05-01,758,N,VIIRS,l,2.0NRT,316.79,20.26,D
29.81638,72.78063,338.56,0.4,0.44,2026-05-01,758,N,VIIRS,n,2.0NRT,307.44,3.31,D
29.81869,75.96239,350.68,0.43,0.38,2026-05-01,758,N,VIIRS,l,2.0NRT,321.53,33.01,D
29.81945,75.96677,350.6,0.43,0.38,2026-05-01,758,N,VIIRS,l,2.0NRT,317.97,33.01,D
29.82022,75.97116,350.92,0.43,0.38,2026-05-01,758,N,VIIRS,l,2.0NRT,316.76,8.34,D
29.82099,75.97554,340.1,0.43,0.38,2026-05-01,758,N,VIIRS,l,2.0NRT,313.71,8.34,D
29.82368,75.97037,348.37,0.43,0.38,2026-05-01,758,N,VIIRS,l,2.0NRT,315.7,8.34,D
29.82627,75.75835,348,0.43,0.38,2026-05-01,758,N,VIIRS,n,2.0NRT,316.02,8.9,D
29.82664,78.05229,349.99,0.39,0.36,2026-05-01,758,N,VIIRS,n,2.0NRT,310.55,5.99,D
29.82932,78.04763,336.57,0.39,0.36,2026-05-01,758,N,VIIRS,n,2.0NRT,306.31,5.99,D
29.82994,78.05161,353.44,0.39,0.36,2026-05-01,758,N,VIIRS,n,2.0NRT,305.96,5.99,D
29.83214,75.93649,340.18,0.43,0.38,2026-05-01,758,N,VIIRS,l,2.0NRT,311.93,7.89,D
29.83375,72.02032,355.25,0.43,0.46,2026-05-01,758,N,VIIRS,n,2.0NRT,306.87,7.11,D
29.83829,75.93051,339.64,0.43,0.38,2026-05-01,758,N,VIIRS,l,2.0NRT,312.24,6.65,D
29.85158,74.96981,344.11,0.46,0.39,2026-05-01,758,N,VIIRS,n,2.0NRT,311.52,5.54,D
29.85167,75.98672,341.92,0.43,0.38,2026-05-01,758,N,VIIRS,l,2.0NRT,314.82,5.52,D
29.85353,76.0181,340.48,0.43,0.38,2026-05-01,758,N,VIIRS,l,2.0NRT,315.1,29.79,D
29.86279,76.52315,339.2,0.41,0.37,2026-05-01,758,N,VIIRS,l,2.0NRT,312.87,8.08,D
29.87431,75.97243,356.01,0.43,0.38,2026-05-01,758,N,VIIRS,l,2.0NRT,313.08,14.4,D
29.89459,72.05988,336.34,0.43,0.46,2026-05-01,758,N,VIIRS,l,2.0NRT,306.55,2.89,D
29.90323,72.08077,333.81,0.43,0.46,2026-05-01,758,N,VIIRS,l,2.0NRT,305.92,1.51,D
29.91341,75.5524,337.79,0.44,0.38,2026-05-01,758,N,VIIRS,l,2.0NRT,312.54,3.44,D
29.91384,75.02431,348.49,0.46,0.39,2026-05-01,758,N,VIIRS,n,2.0NRT,314.08,15.26,D
29.91806,74.5135,345.75,0.49,0.4,2026-05-01,758,N,VIIRS,n,2.0NRT,314.95,6.31,D
29.91875,75.64497,340.42,0.44,0.38,2026-05-01,758,N,VIIRS,l,2.0NRT,312.5,4.21,D
29.92328,74.88968,348.46,0.47,0.4,2026-05-01,758,N,VIIRS,l,2.0NRT,311.62,8.92,D
29.92688,74.8888,349.01,0.47,0.4,2026-05-01,758,N,VIIRS,n,2.0NRT,312.33,8.92,D
29.92983,76.56593,341.07,0.41,0.37,2026-05-01,758,N,VIIRS,l,2.0NRT,307.84,7.53,D
29.93226,77.90323,333.78,0.39,0.36,2026-05-01,758,N,VIIRS,n,2.0NRT,300.96,2.35,D
29.96069,71.99643,333.83,0.43,0.46,2026-05-01,758,N,VIIRS,l,2.0NRT,308.15,2.59,D
29.96182,73.10889,356.98,0.57,0.43,2026-05-01,758,N,VIIRS,n,2.0NRT,316.38,15.53,D
29.96241,75.72538,345.42,0.43,0.38,2026-05-01,758,N,VIIRS,l,2.0NRT,312.83,5.2,D
29.96272,72.94541,335.14,0.39,0.44,2026-05-01,758,N,VIIRS,l,2.0NRT,307.81,2.32,D
29.9635,72.94936,333.45,0.38,0.44,2026-05-01,758,N,VIIRS,l,2.0NRT,305.9,2.32,D
29.96454,71.78796,342.17,0.44,0.46,2026-05-01,758,N,VIIRS,n,2.0NRT,310.64,4.24,D
29.96574,73.10786,337.5,0.57,0.43,2026-05-01,758,N,VIIRS,l,2.0NRT,310.21,5.91,D
29.96611,71.78618,343.19,0.44,0.46,2026-05-01,758,N,VIIRS,n,2.0NRT,311.81,4.66,D
29.96706,73.46556,339.44,0.54,0.42,2026-05-01,758,N,VIIRS,l,2.0NRT,311.47,7.02,D
29.96832,73.84913,337.98,0.52,0.42,2026-05-01,758,N,VIIRS,l,2.0NRT,312.81,5.39,D
29.97056,73.46585,346.3,0.54,0.42,2026-05-01,758,N,VIIRS,n,2.0NRT,311.89,14.62,D
29.97091,73.46458,344.54,0.54,0.42,2026-05-01,758,N,VIIRS,n,2.0NRT,311.97,9.63,D
29.97093,75.96487,339.2,0.43,0.38,2026-05-01,758,N,VIIRS,l,2.0NRT,312.61,3.62,D
29.97551,76.30094,337.71,0.42,0.37,2026-05-01,758,N,VIIRS,l,2.0NRT,312.63,7.08,D
29.97876,71.97745,344.86,0.43,0.46,2026-05-01,758,N,VIIRS,n,2.0NRT,310.45,4.28,D
29.98111,71.96742,347.83,0.43,0.46,2026-05-01,758,N,VIIRS,n,2.0NRT,311.62,7.34,D
29.98312,74.9501,341.1,0.46,0.39,2026-05-01,758,N,VIIRS,l,2.0NRT,311.03,7.73,D
29.98563,77.306,333.07,0.39,0.37,2026-05-01,758,N,VIIRS,l,2.0NRT,307.14,2.78,D
30.00311,71.84444,344.94,0.44,0.46,2026-05-01,758,N,VIIRS,n,2.0NRT,309.35,6.08,D
30.00452,72.48288,335.97,0.41,0.45,2026-05-01,758,N,VIIRS,n,2.0NRT,304.95,1.4,D
30.00993,76.68729,343.16,0.41,0.37,2026-05-01,758,N,VIIRS,l,2.0NRT,309.57,4.19,D
30.01476,75.79646,342.07,0.43,0.38,2026-05-01,758,N,VIIRS,l,2.0NRT,314.31,5.07,D
30.0165,68.84623,343.41,0.33,0.55,2026-05-01,758,N,VIIRS,n,2.0NRT,307.71,1.92,D
30.04224,71.9473,343.05,0.43,0.46,2026-05-01,758,N,VIIRS,n,2.0NRT,307.44,2.97,D
30.04479,75.76183,345.61,0.43,0.38,2026-05-01,758,N,VIIRS,l,2.0NRT,309.75,6.5,D
30.04914,75.23327,337.07,0.45,0.39,2026-05-01,758,N,VIIRS,l,2.0NRT,311.18,0.91,D
30.04959,73.53744,343.57,0.54,0.42,2026-05-01,758,N,VIIRS,n,2.0NRT,311.69,5.74,D
30.05268,75.23243,343.87,0.45,0.39,2026-05-01,758,N,VIIRS,n,2.0NRT,308.69,3.02,D
30.05309,73.24614,339.36,0.56,0.43,2026-05-01,758,N,VIIRS,l,2.0NRT,310.24,8.98,D
30.05478,75.20288,349.47,0.45,0.39,2026-05-01,758,N,VIIRS,n,2.0NRT,312.84,7.78,D
30.05697,73.24513,346.56,0.56,0.43,2026-05-01,758,N,VIIRS,n,2.0NRT,311.68,8.98,D
30.05906,75.78159,367,0.43,0.38,2026-05-01,758,N,VIIRS,h,2.0NRT,315.85,9.7,D
30.05984,75.78603,347.03,0.43,0.38,2026-05-01,758,N,VIIRS,l,2.0NRT,314.91,9.7,D
30.06056,73.84118,342.06,0.52,0.41,2026-05-01,758,N,VIIRS,n,2.0NRT,311.12,53.52,D
30.0633,75.78522,356.19,0.43,0.38,2026-05-01,758,N,VIIRS,n,2.0NRT,314.24,10.29,D
30.06408,75.78965,342.48,0.43,0.38,2026-05-01,758,N,VIIRS,l,2.0NRT,312.75,6.08,D
30.06908,75.79771,338,0.43,0.38,2026-05-01,758,N,VIIRS,l,2.0NRT,310.94,4.06,D
30.07204,75.66867,344.63,0.43,0.38,2026-05-01,758,N,VIIRS,n,2.0NRT,312.8,5.75,D
30.07384,73.66318,345.38,0.53,0.42,2026-05-01,758,N,VIIRS,n,2.0NRT,312.8,6.91,D
30.08645,72.3289,339.37,0.41,0.45,2026-05-01,758,N,VIIRS,n,2.0NRT,306.34,3.18,D
30.09002,72.7785,337.02,0.39,0.44,2026-05-01,758,N,VIIRS,n,2.0NRT,306.4,0.91,D
30.09098,75.77541,341.24,0.43,0.38,2026-05-01,758,N,VIIRS,l,2.0NRT,313.68,8.33,D
30.09215,73.67556,347.3,0.53,0.42,2026-05-01,758,N,VIIRS,n,2.0NRT,313.67,14.12,D
30.09445,75.77462,339.7,0.43,0.38,2026-05-01,758,N,VIIRS,l,2.0NRT,312.46,8.33,D
30.09523,75.77905,339.79,0.43,0.38,2026-05-01,758,N,VIIRS,l,2.0NRT,311.07,8.33,D
30.09859,75.10651,334.94,0.46,0.39,2026-05-01,758,N,VIIRS,l,2.0NRT,308.99,1.2,D
30.10705,75.96843,340.12,0.42,0.38,2026-05-01,758,N,VIIRS,l,2.0NRT,312.97,4.31,D
30.11028,75.19132,346.6,0.45,0.39,2026-05-01,758,N,VIIRS,l,2.0NRT,310.66,5.56,D
30.11096,71.64275,332.72,0.45,0.47,2026-05-01,758,N,VIIRS,l,2.0NRT,307.57,2.73,D
30.11872,75.76899,342.62,0.43,0.38,2026-05-01,758,N,VIIRS,n,2.0NRT,312.02,5.17,D
30.12292,70.60167,343.85,0.51,0.5,2026-05-01,758,N,VIIRS,n,2.0NRT,309.58,8.77,D
30.12406,70.60693,344.1,0.51,0.5,2026-05-01,758,N,VIIRS,n,2.0NRT,309.89,8.77,D
30.12974,70.63317,345.53,0.51,0.5,2026-05-01,758,N,VIIRS,n,2.0NRT,311.84,7.57,D
30.13106,74.26958,339.81,0.49,0.41,2026-05-01,758,N,VIIRS,l,2.0NRT,310.37,4.25,D
30.13203,74.27465,338.47,0.49,0.41,2026-05-01,758,N,VIIRS,l,2.0NRT,309.24,4.49,D
30.13485,75.73753,337.54,0.43,0.38,2026-05-01,758,N,VIIRS,l,2.0NRT,310.09,1.82,D
30.13737,72.53531,343.46,0.4,0.44,2026-05-01,758,N,VIIRS,n,2.0NRT,307.78,2.54,D
30.14134,75.26122,338.93,0.45,0.39,2026-05-01,758,N,VIIRS,l,2.0NRT,312.94,4.36,D
30.14412,75.74924,341.98,0.43,0.38,2026-05-01,758,N,VIIRS,n,2.0NRT,312.4,6.03,D
30.1479,75.05066,347.57,0.46,0.39,2026-05-01,758,N,VIIRS,n,2.0NRT,312.13,10.54,D
30.14912,74.34442,341.09,0.49,0.4,2026-05-01,758,N,VIIRS,l,2.0NRT,311.49,6.27,D
30.16138,74.12295,338.5,0.5,0.41,2026-05-01,758,N,VIIRS,l,2.0NRT,309.21,5.53,D
30.16331,75.40424,343.64,0.44,0.39,2026-05-01,758,N,VIIRS,l,2.0NRT,312.27,4.48,D
30.1665,72.23559,340.52,0.42,0.45,2026-05-01,758,N,VIIRS,n,2.0NRT,309.46,3.23,D
30.16757,75.20189,337.33,0.45,0.39,2026-05-01,758,N,VIIRS,l,2.0NRT,311.38,2.94,D
30.16932,76.54945,339.94,0.41,0.37,2026-05-01,758,N,VIIRS,l,2.0NRT,311.28,7.76,D
30.17025,73.72111,342.26,0.52,0.42,2026-05-01,758,N,VIIRS,l,2.0NRT,313.47,10.32,D
30.17033,75.77545,337.09,0.43,0.38,2026-05-01,758,N,VIIRS,l,2.0NRT,310.73,6.33,D
30.17199,76.54448,349.09,0.41,0.37,2026-05-01,758,N,VIIRS,l,2.0NRT,312.17,34.19,D
30.1727,76.54869,349.61,0.41,0.37,2026-05-01,758,N,VIIRS,l,2.0NRT,315.65,34.19,D
30.17304,75.10825,337.04,0.45,0.39,2026-05-01,758,N,VIIRS,l,2.0NRT,310.31,3.07,D
30.17457,75.77907,354.8,0.43,0.38,2026-05-01,758,N,VIIRS,l,2.0NRT,315.03,6.33,D
30.17467,75.10952,338.69,0.45,0.39,2026-05-01,758,N,VIIRS,l,2.0NRT,311.31,6.7,D
30.178,74.108,337.87,0.5,0.41,2026-05-01,758,N,VIIRS,l,2.0NRT,309.59,4.06,D
30.1806,76.72062,333.61,0.4,0.37,2026-05-01,758,N,VIIRS,l,2.0NRT,306.81,1.69,D
30.19135,73.49871,339.16,0.54,0.42,2026-05-01,758,N,VIIRS,l,2.0NRT,312.7,3.46,D
30.19211,73.49616,335.98,0.54,0.42,2026-05-01,758,N,VIIRS,l,2.0NRT,309.58,3.97,D
30.19375,75.22464,341.45,0.45,0.39,2026-05-01,758,N,VIIRS,l,2.0NRT,310.82,3.5,D
30.20201,70.61518,334.35,0.51,0.49,2026-05-01,758,N,VIIRS,l,2.0NRT,309.34,3.38,D
30.21246,75.39262,350.38,0.44,0.39,2026-05-01,758,N,VIIRS,n,2.0NRT,315.78,10.4,D
30.21537,73.56171,338.11,0.53,0.42,2026-05-01,758,N,VIIRS,l,2.0NRT,310.86,2.41,D
30.21859,72.45751,343.73,0.4,0.45,2026-05-01,758,N,VIIRS,n,2.0NRT,306.85,5.29,D
30.22411,73.33039,335.25,0.55,0.42,2026-05-01,758,N,VIIRS,l,2.0NRT,309.2,1.47,D
30.22433,72.46472,332.16,0.4,0.44,2026-05-01,758,N,VIIRS,l,2.0NRT,306.66,1.12,D
30.22517,75.20423,341.54,0.45,0.39,2026-05-01,758,N,VIIRS,l,2.0NRT,314.83,7.31,D
30.22728,76.25091,340.05,0.42,0.37,2026-05-01,758,N,VIIRS,l,2.0NRT,311.74,2.75,D
30.23333,73.68567,345.73,0.52,0.42,2026-05-01,758,N,VIIRS,n,2.0NRT,312.06,7.99,D
30.23476,71.94488,345.2,0.43,0.46,2026-05-01,758,N,VIIRS,n,2.0NRT,307.84,4.09,D
30.238,75.39751,340.75,0.44,0.39,2026-05-01,758,N,VIIRS,l,2.0NRT,311.21,4.21,D
30.23972,75.32568,348.63,0.45,0.39,2026-05-01,758,N,VIIRS,n,2.0NRT,315.12,8.05,D
30.24572,74.45139,339.33,0.48,0.4,2026-05-01,758,N,VIIRS,l,2.0NRT,311.26,3.47,D
30.24684,70.64671,344.96,0.51,0.49,2026-05-01,758,N,VIIRS,n,2.0NRT,310.26,6.15,D
30.24947,74.23737,334.33,0.49,0.41,2026-05-01,758,N,VIIRS,l,2.0NRT,308.77,1.8,D
30.25502,74.1237,337.9,0.5,0.41,2026-05-01,758,N,VIIRS,l,2.0NRT,309.56,4.17,D
30.25677,74.92051,340.03,0.46,0.39,2026-05-01,758,N,VIIRS,l,2.0NRT,312.41,4.47,D
30.2577,73.91072,344.15,0.51,0.41,2026-05-01,758,N,VIIRS,l,2.0NRT,315.07,10.67,D
30.26459,75.30065,343.28,0.45,0.39,2026-05-01,758,N,VIIRS,l,2.0NRT,312.2,4.97,D
30.26575,75.34815,340.25,0.44,0.39,2026-05-01,758,N,VIIRS,l,2.0NRT,311.82,5.8,D
30.26926,75.34732,348.38,0.44,0.39,2026-05-01,758,N,VIIRS,l,2.0NRT,313.6,34,D
30.2714,70.62863,340.18,0.51,0.49,2026-05-01,758,N,VIIRS,n,2.0NRT,307.55,5.68,D
30.27284,70.63105,341.49,0.51,0.49,2026-05-01,758,N,VIIRS,n,2.0NRT,309.07,10.29,D
30.27616,70.62459,342.42,0.51,0.49,2026-05-01,758,N,VIIRS,n,2.0NRT,306.25,8.09,D
30.2773,70.62978,347.99,0.51,0.49,2026-05-01,758,N,VIIRS,n,2.0NRT,309.25,10.29,D
30.28019,73.82504,341.45,0.52,0.41,2026-05-01,758,N,VIIRS,n,2.0NRT,311.21,5.33,D
30.29888,76.27991,347.71,0.41,0.37,2026-05-01,758,N,VIIRS,n,2.0NRT,308.96,7.29,D
30.3017,72.42656,347.02,0.4,0.45,2026-05-01,758,N,VIIRS,n,2.0NRT,308.82,3.17,D
30.30301,75.43428,349.8,0.44,0.38,2026-05-01,758,N,VIIRS,l,2.0NRT,315.03,13.17,D
30.30451,73.74635,336.89,0.52,0.41,2026-05-01,758,N,VIIRS,l,2.0NRT,309.51,2.3,D
30.30637,73.87936,335.91,0.51,0.41,2026-05-01,758,N,VIIRS,l,2.0NRT,310.86,9.48,D
30.30653,74.21255,334.92,0.49,0.41,2026-05-01,758,N,VIIRS,l,2.0NRT,309.14,6.81,D
30.30879,70.68686,347.82,0.5,0.49,2026-05-01,758,N,VIIRS,n,2.0NRT,309.76,5.99,D
30.31786,73.75416,336.1,0.52,0.41,2026-05-01,758,N,VIIRS,l,2.0NRT,307.75,2.24,D
30.31987,74.8156,343.67,0.47,0.39,2026-05-01,758,N,VIIRS,l,2.0NRT,312.38,4.89,D
30.32259,74.80993,340.18,0.47,0.39,2026-05-01,758,N,VIIRS,l,2.0NRT,314.43,4.12,D
30.32477,74.43414,347.49,0.48,0.4,2026-05-01,758,N,VIIRS,n,2.0NRT,309.53,5.89,D
30.32564,74.41831,345.98,0.48,0.4,2026-05-01,758,N,VIIRS,n,2.0NRT,312.52,5.44,D
30.32862,74.57758,348.67,0.48,0.4,2026-05-01,758,N,VIIRS,n,2.0NRT,315.06,6.52,D
30.33061,73.71727,339.23,0.52,0.42,2026-05-01,758,N,VIIRS,l,2.0NRT,310.87,5.05,D
30.33394,74.46301,341.34,0.48,0.4,2026-05-01,758,N,VIIRS,l,2.0NRT,311.75,5.65,D
30.33554,75.43365,345.19,0.44,0.38,2026-05-01,758,N,VIIRS,l,2.0NRT,313.87,3.73,D
30.33709,75.48286,340.54,0.44,0.38,2026-05-01,758,N,VIIRS,l,2.0NRT,313.6,3.69,D
30.33904,75.43282,338.61,0.44,0.38,2026-05-01,758,N,VIIRS,l,2.0NRT,313.55,3.73,D
30.34059,75.48205,342.64,0.44,0.38,2026-05-01,758,N,VIIRS,l,2.0NRT,315.41,3.69,D
30.3408,75.19852,341.22,0.45,0.39,2026-05-01,758,N,VIIRS,l,2.0NRT,310.05,4.65,D
30.34301,74.73659,349.97,0.47,0.4,2026-05-01,758,N,VIIRS,n,2.0NRT,313.05,8.95,D
30.34406,73.89189,338.2,0.51,0.41,2026-05-01,758,N,VIIRS,l,2.0NRT,309.25,5.09,D
30.3443,73.91383,342.01,0.51,0.41,2026-05-01,758,N,VIIRS,l,2.0NRT,312.64,9.31,D
30.34599,75.28856,343.88,0.45,0.39,2026-05-01,758,N,VIIRS,l,2.0NRT,309.74,6.33,D
30.35244,71.87672,333.41,0.43,0.46,2026-05-01,758,N,VIIRS,l,2.0NRT,306.54,2.87,D
30.35534,75.1564,339.79,0.45,0.39,2026-05-01,758,N,VIIRS,l,2.0NRT,311.83,5.61,D
30.3644,70.682,340.71,0.5,0.49,2026-05-01,758,N,VIIRS,n,2.0NRT,308.59,14.57,D
30.36551,70.68716,347.39,0.5,0.49,2026-05-01,758,N,VIIRS,n,2.0NRT,311.99,14.57,D
30.36925,74.93962,338.88,0.46,0.39,2026-05-01,758,N,VIIRS,l,2.0NRT,312.21,4.43,D
30.36945,74.23132,345.49,0.49,0.4,2026-05-01,758,N,VIIRS,n,2.0NRT,312.35,5.52,D
30.37015,76.20678,353.54,0.42,0.37,2026-05-01,758,N,VIIRS,n,2.0NRT,314.65,27.64,D
30.37659,75.64653,337,0.43,0.38,2026-05-01,758,N,VIIRS,l,2.0NRT,312,1.3,D
30.37802,74.96709,349.38,0.46,0.39,2026-05-01,758,N,VIIRS,l,2.0NRT,316.02,18.21,D
30.38404,74.36977,346.38,0.48,0.4,2026-05-01,758,N,VIIRS,n,2.0NRT,315.01,29.98,D
30.38465,73.61633,340.18,0.53,0.42,2026-05-01,758,N,VIIRS,n,2.0NRT,310.1,5.81,D
30.39034,75.24924,342.29,0.45,0.39,2026-05-01,758,N,VIIRS,l,2.0NRT,314.58,11.28,D
30.39902,75.25677,346.02,0.45,0.39,2026-05-01,758,N,VIIRS,l,2.0NRT,315.78,12.34,D
30.40578,73.89018,342.62,0.51,0.41,2026-05-01,758,N,VIIRS,n,2.0NRT,311.68,10.99,D
30.40594,72.09314,339.02,0.42,0.45,2026-05-01,758,N,VIIRS,n,2.0NRT,307.84,3.15,D
30.41196,73.8611,335.7,0.51,0.41,2026-05-01,758,N,VIIRS,l,2.0NRT,308.84,5.6,D
30.41335,74.3834,339.71,0.48,0.4,2026-05-01,758,N,VIIRS,l,2.0NRT,310.57,3.52,D
30.41448,76.19667,336.63,0.42,0.37,2026-05-01,758,N,VIIRS,l,2.0NRT,308.94,4.72,D
30.417,74.38249,341.85,0.48,0.4,2026-05-01,758,N,VIIRS,n,2.0NRT,311.11,3.52,D
30.41982,75.27723,348.65,0.44,0.39,2026-05-01,758,N,VIIRS,n,2.0NRT,313.57,13.67,D
30.42069,75.27556,350.16,0.45,0.39,2026-05-01,758,N,VIIRS,n,2.0NRT,312.76,11.91,D
30.42444,76.1721,338.75,0.42,0.37,2026-05-01,758,N,VIIRS,l,2.0NRT,308.7,3.72,D
30.43193,73.88358,339.11,0.51,0.41,2026-05-01,758,N,VIIRS,n,2.0NRT,309.84,3.7,D
30.43446,74.14583,340.09,0.5,0.41,2026-05-01,758,N,VIIRS,l,2.0NRT,312.62,5.22,D
30.43473,74.14299,339.58,0.5,0.41,2026-05-01,758,N,VIIRS,l,2.0NRT,312.41,5.13,D
30.43474,73.73313,337.97,0.52,0.41,2026-05-01,758,N,VIIRS,l,2.0NRT,310.2,3.41,D
30.43512,71.72742,337.57,0.44,0.46,2026-05-01,758,N,VIIRS,l,2.0NRT,307.6,4.7,D
30.43575,76.46554,338.54,0.41,0.37,2026-05-01,758,N,VIIRS,l,2.0NRT,312.01,1.96,D
30.43851,73.73218,339.67,0.52,0.41,2026-05-01,758,N,VIIRS,n,2.0NRT,310.28,5.02,D
30.43985,76.46899,339.81,0.41,0.37,2026-05-01,758,N,VIIRS,l,2.0NRT,314.36,4.82,D
30.44171,76.12793,341.98,0.42,0.37,2026-05-01,758,N,VIIRS,n,2.0NRT,313.97,6.28,D
30.45089,74.46236,347.32,0.48,0.4,2026-05-01,758,N,VIIRS,n,2.0NRT,313.98,13.93,D
30.45992,72.48222,348.75,0.4,0.44,2026-05-01,758,N,VIIRS,n,2.0NRT,306.86,5.34,D
30.46706,74.94558,339.93,0.46,0.39,2026-05-01,758,N,VIIRS,l,2.0NRT,312.35,4.22,D
30.46907,73.85216,348.09,0.51,0.41,2026-05-01,758,N,VIIRS,n,2.0NRT,310.91,16,D
30.46934,76.35254,344.98,0.41,0.37,2026-05-01,758,N,VIIRS,n,2.0NRT,315.45,7.76,D
30.47106,73.86267,342.52,0.51,0.41,2026-05-01,758,N,VIIRS,l,2.0NRT,313.29,10.24,D
30.48329,74.21597,339.17,0.49,0.4,2026-05-01,758,N,VIIRS,l,2.0NRT,313.01,4.89,D
30.48424,74.22103,339.93,0.49,0.4,2026-05-01,758,N,VIIRS,l,2.0NRT,313.65,4.89,D
30.48502,73.85361,340.58,0.51,0.41,2026-05-01,758,N,VIIRS,l,2.0NRT,312.33,5.13,D
30.48541,73.85639,338.63,0.51,0.41,2026-05-01,758,N,VIIRS,l,2.0NRT,311.87,7.52,D
30.48696,74.21505,339.19,0.49,0.4,2026-05-01,758,N,VIIRS,l,2.0NRT,310.52,4.89,D
30.48792,74.22011,347.05,0.49,0.4,2026-05-01,758,N,VIIRS,n,2.0NRT,313.27,4.89,D
30.5026,75.09042,347.01,0.45,0.39,2026-05-01,758,N,VIIRS,n,2.0NRT,314.29,19.7,D
30.50604,74.35749,338.72,0.48,0.4,2026-05-01,758,N,VIIRS,l,2.0NRT,310.61,3.2,D
30.5161,70.759,335.53,0.49,0.49,2026-05-01,758,N,VIIRS,n,2.0NRT,307.52,2.54,D
30.51661,72.03631,339.29,0.42,0.45,2026-05-01,758,N,VIIRS,n,2.0NRT,308.54,2.45,D
30.5175,74.25499,344.48,0.49,0.4,2026-05-01,758,N,VIIRS,n,2.0NRT,311.29,10.63,D
30.51774,75.354,349.7,0.44,0.38,2026-05-01,758,N,VIIRS,n,2.0NRT,318.23,24.63,D
30.52654,74.22105,340.62,0.49,0.4,2026-05-01,758,N,VIIRS,l,2.0NRT,314.55,4.63,D
30.52824,74.18884,338.3,0.49,0.4,2026-05-01,758,N,VIIRS,l,2.0NRT,312.56,3.03,D
30.53209,71.79198,342.75,0.43,0.46,2026-05-01,758,N,VIIRS,n,2.0NRT,306.42,5.49,D
30.53352,74.04572,339.76,0.5,0.41,2026-05-01,758,N,VIIRS,n,2.0NRT,308.81,4.36,D
30.53521,71.59554,335.16,0.44,0.46,2026-05-01,758,N,VIIRS,l,2.0NRT,306.47,1.41,D
30.53958,74.27055,343.63,0.49,0.4,2026-05-01,758,N,VIIRS,n,2.0NRT,311.84,5.49,D
30.54328,71.45454,347.05,0.45,0.47,2026-05-01,758,N,VIIRS,n,2.0NRT,311.63,8.84,D
30.54364,71.78409,340.29,0.43,0.46,2026-05-01,758,N,VIIRS,n,2.0NRT,305.52,3.3,D
30.5454,71.45134,337.3,0.45,0.47,2026-05-01,758,N,VIIRS,l,2.0NRT,310.37,10.54,D
30.54659,73.72446,339.24,0.52,0.41,2026-05-01,758,N,VIIRS,n,2.0NRT,305.63,6.09,D
30.55205,71.34816,346.85,0.46,0.47,2026-05-01,758,N,VIIRS,n,2.0NRT,312.17,7.83,D
30.56164,74.30704,343.56,0.49,0.4,2026-05-01,758,N,VIIRS,n,2.0NRT,313.54,4.61,D
30.56286,71.62161,336.56,0.44,0.46,2026-05-01,758,N,VIIRS,l,2.0NRT,306.69,3.5,D
30.56761,74.02098,335.52,0.5,0.41,2026-05-01,758,N,VIIRS,l,2.0NRT,310.45,4.01,D
30.5733,74.2751,344.79,0.49,0.4,2026-05-01,758,N,VIIRS,n,2.0NRT,312.86,6.43,D
30.57463,74.3428,341.73,0.48,0.4,2026-05-01,758,N,VIIRS,l,2.0NRT,311.89,4.96,D
30.57492,74.24316,353.18,0.49,0.4,2026-05-01,758,N,VIIRS,n,2.0NRT,313.15,48.9,D
30.57587,74.24818,337.27,0.49,0.4,2026-05-01,758,N,VIIRS,l,2.0NRT,309.95,19.18,D
30.57631,74.34522,337.81,0.48,0.4,2026-05-01,758,N,VIIRS,l,2.0NRT,311.22,4.04,D
30.57697,76.871,336.48,0.4,0.37,2026-05-01,758,N,VIIRS,l,2.0NRT,307.08,4.92,D
30.57719,74.17384,339.21,0.49,0.4,2026-05-01,758,N,VIIRS,n,2.0NRT,308.93,4.32,D
30.57783,74.13643,341.1,0.49,0.41,2026-05-01,758,N,VIIRS,l,2.0NRT,312.25,4,D
30.57815,74.17889,349.02,0.49,0.4,2026-05-01,758,N,VIIRS,n,2.0NRT,311.74,4.32,D
30.57911,74.18396,340.72,0.49,0.4,2026-05-01,758,N,VIIRS,l,2.0NRT,311.66,5.96,D
30.57954,74.24727,348.52,0.49,0.4,2026-05-01,758,N,VIIRS,n,2.0NRT,312.35,19.18,D
30.58006,74.18903,351.56,0.49,0.4,2026-05-01,758,N,VIIRS,n,2.0NRT,314.38,5.96,D
30.58102,74.19409,340.54,0.49,0.4,2026-05-01,758,N,VIIRS,l,2.0NRT,313.32,5.23,D
30.58112,70.7566,346.64,0.49,0.49,2026-05-01,758,N,VIIRS,n,2.0NRT,309.75,7.35,D
30.58179,74.37511,348.35,0.48,0.4,2026-05-01,758,N,VIIRS,n,2.0NRT,311.27,4.74,D
30.5827,74.38008,343.09,0.48,0.4,2026-05-01,758,N,VIIRS,n,2.0NRT,312.06,7.81,D
30.58278,74.18304,336.19,0.49,0.4,2026-05-01,758,N,VIIRS,l,2.0NRT,310.51,5.96,D
30.58469,74.19317,344.31,0.49,0.4,2026-05-01,758,N,VIIRS,n,2.0NRT,313.16,5.23,D
30.58486,74.37669,346.53,0.48,0.4,2026-05-01,758,N,VIIRS,l,2.0NRT,312.2,9.36,D
30.58544,74.37421,347.08,0.48,0.4,2026-05-01,758,N,VIIRS,n,2.0NRT,311.14,4.74,D
30.5866,74.20329,342.67,0.49,0.4,2026-05-01,758,N,VIIRS,l,2.0NRT,313.75,5.34,D
30.58741,74.18719,350.22,0.49,0.4,2026-05-01,758,N,VIIRS,n,2.0NRT,315.9,35.24,D
30.58811,74.49244,342.24,0.48,0.4,2026-05-01,758,N,VIIRS,l,2.0NRT,312.97,8.39,D
30.59027,74.20238,339.66,0.49,0.4,2026-05-01,758,N,VIIRS,l,2.0NRT,311.34,4.94,D
30.59252,75.01521,340.16,0.45,0.39,2026-05-01,758,N,VIIRS,l,2.0NRT,312.64,4.86,D
30.59798,74.26373,344.33,0.49,0.4,2026-05-01,758,N,VIIRS,n,2.0NRT,311.89,5.84,D
30.59879,72.13268,333.96,0.41,0.45,2026-05-01,758,N,VIIRS,l,2.0NRT,305.62,2.12,D
30.60018,74.33647,341.6,0.48,0.4,2026-05-01,758,N,VIIRS,l,2.0NRT,312.38,6.51,D
30.60129,74.19962,337.98,0.49,0.4,2026-05-01,758,N,VIIRS,l,2.0NRT,312.69,3.26,D
30.60172,71.8525,336.64,0.43,0.46,2026-05-01,758,N,VIIRS,n,2.0NRT,305.83,2.52,D
30.60442,71.7412,342.18,0.43,0.46,2026-05-01,758,N,VIIRS,n,2.0NRT,308.69,4.62,D
30.60472,71.73885,338.4,0.43,0.46,2026-05-01,758,N,VIIRS,n,2.0NRT,308.13,2.72,D
30.60495,74.19871,341.51,0.49,0.4,2026-05-01,758,N,VIIRS,n,2.0NRT,310.26,7.32,D
30.60906,74.28196,340.44,0.49,0.4,2026-05-01,758,N,VIIRS,l,2.0NRT,310.86,4.51,D
30.61447,72.08331,334.72,0.42,0.45,2026-05-01,758,N,VIIRS,l,2.0NRT,305.13,3.19,D
30.61479,71.79018,335.12,0.43,0.46,2026-05-01,758,N,VIIRS,l,2.0NRT,306.03,2.15,D
30.61569,71.79244,333.56,0.43,0.46,2026-05-01,758,N,VIIRS,l,2.0NRT,305.89,2.8,D
30.61574,74.15355,335.9,0.49,0.4,2026-05-01,758,N,VIIRS,l,2.0NRT,309.39,3.35,D
30.62497,71.79676,335.91,0.43,0.46,2026-05-01,758,N,VIIRS,l,2.0NRT,306.54,3.93,D
30.62533,70.36823,337.29,0.52,0.5,2026-05-01,758,N,VIIRS,n,2.0NRT,306.21,1.86,D
30.62582,71.79903,335.15,0.43,0.46,2026-05-01,758,N,VIIRS,l,2.0NRT,306.53,3.6,D
30.62597,74.41316,344.46,0.48,0.4,2026-05-01,758,N,VIIRS,l,2.0NRT,315.14,6.59,D
30.6273,72.06167,335.26,0.42,0.45,2026-05-01,758,N,VIIRS,n,2.0NRT,306.35,2.59,D
30.62763,72.14729,337.19,0.41,0.45,2026-05-01,758,N,VIIRS,n,2.0NRT,307.11,2.31,D
30.63442,74.21248,339.13,0.49,0.4,2026-05-01,758,N,VIIRS,l,2.0NRT,312.32,3.23,D
30.63535,74.21753,337.07,0.49,0.4,2026-05-01,758,N,VIIRS,l,2.0NRT,311.9,3.23,D
30.63808,74.21156,343.64,0.49,0.4,2026-05-01,758,N,VIIRS,n,2.0NRT,310.8,11.18,D
30.64247,74.50174,342.79,0.47,0.4,2026-05-01,758,N,VIIRS,l,2.0NRT,316.34,11.5,D
30.6448,71.78662,343.57,0.43,0.46,2026-05-01,758,N,VIIRS,n,2.0NRT,308.48,6.25,D
30.64523,71.76769,334.14,0.43,0.46,2026-05-01,758,N,VIIRS,l,2.0NRT,306.6,2.58,D
30.65269,71.84521,334.15,0.43,0.46,2026-05-01,758,N,VIIRS,l,2.0NRT,307.6,2.09,D
30.65302,72.01823,343.69,0.42,0.45,2026-05-01,758,N,VIIRS,n,2.0NRT,308.94,6.8,D
30.65604,75.29551,349.4,0.44,0.38,2026-05-01,758,N,VIIRS,n,2.0NRT,314.81,8.79,D
30.65655,74.24911,343.64,0.49,0.4,2026-05-01,758,N,VIIRS,n,2.0NRT,311.05,4.82,D
30.65787,74.54398,346.15,0.47,0.4,2026-05-01,758,N,VIIRS,l,2.0NRT,313.82,13.41,D
30.65872,74.44634,348.63,0.48,0.4,2026-05-01,758,N,VIIRS,n,2.0NRT,314.9,11.38,D
30.66031,74.29015,350,0.48,0.4,2026-05-01,758,N,VIIRS,n,2.0NRT,310.56,8.54,D
30.67777,74.48791,342.58,0.47,0.4,2026-05-01,758,N,VIIRS,l,2.0NRT,311.42,4.92,D
30.67802,72.20506,335.04,0.41,0.45,2026-05-01,758,N,VIIRS,l,2.0NRT,307.89,1.96,D
30.68351,74.24023,341.1,0.49,0.4,2026-05-01,758,N,VIIRS,n,2.0NRT,310.05,2.65,D
30.68377,74.28214,345.89,0.48,0.4,2026-05-01,758,N,VIIRS,n,2.0NRT,311,6.28,D
30.68403,74.563,340.58,0.47,0.4,2026-05-01,758,N,VIIRS,l,2.0NRT,312.73,6.71,D
30.69202,74.28531,339.89,0.48,0.4,2026-05-01,758,N,VIIRS,l,2.0NRT,310.51,2.72,D
30.69259,74.22743,339.15,0.49,0.4,2026-05-01,758,N,VIIRS,l,2.0NRT,310.47,6.1,D
30.69354,74.23247,340.72,0.49,0.4,2026-05-01,758,N,VIIRS,l,2.0NRT,312.3,8.03,D
30.70174,74.68008,342.46,0.47,0.39,2026-05-01,758,N,VIIRS,l,2.0NRT,314.14,6.84,D
30.70832,74.47296,342.73,0.47,0.4,2026-05-01,758,N,VIIRS,l,2.0NRT,310.58,5.71,D
30.70856,74.47002,339.4,0.48,0.4,2026-05-01,758,N,VIIRS,l,2.0NRT,311.41,6,D
30.70918,74.45734,337.46,0.48,0.4,2026-05-01,758,N,VIIRS,l,2.0NRT,310.45,5.56,D
30.7101,74.46225,340.72,0.48,0.4,2026-05-01,758,N,VIIRS,l,2.0NRT,314.88,5.56,D
30.71038,74.45928,349.38,0.48,0.4,2026-05-01,758,N,VIIRS,n,2.0NRT,313.44,9.82,D
30.71217,74.46912,340.52,0.48,0.4,2026-05-01,758,N,VIIRS,l,2.0NRT,312.98,6,D
30.71555,74.57047,341.2,0.47,0.4,2026-05-01,758,N,VIIRS,l,2.0NRT,314.67,11.09,D
30.71567,74.5121,338.45,0.47,0.4,2026-05-01,758,N,VIIRS,l,2.0NRT,310.06,4.17,D
30.7166,74.51414,345.62,0.47,0.4,2026-05-01,758,N,VIIRS,n,2.0NRT,311.84,8.13,D
30.71785,74.34148,339.92,0.48,0.4,2026-05-01,758,N,VIIRS,n,2.0NRT,310.48,3.55,D
30.71915,74.56959,341.8,0.47,0.4,2026-05-01,758,N,VIIRS,l,2.0NRT,313.4,9.73,D
30.71978,74.37215,344.93,0.48,0.4,2026-05-01,758,N,VIIRS,l,2.0NRT,311.43,22.37,D
30.72047,74.31477,352.59,0.48,0.4,2026-05-01,758,N,VIIRS,n,2.0NRT,311.19,13.04,D
30.72149,74.34056,337.51,0.48,0.4,2026-05-01,758,N,VIIRS,l,2.0NRT,308.57,3.55,D
30.72217,74.28303,334.22,0.48,0.4,2026-05-01,758,N,VIIRS,l,2.0NRT,309.16,3.73,D
30.72234,74.32474,337.05,0.48,0.4,2026-05-01,758,N,VIIRS,l,2.0NRT,310.55,32.72,D
30.72355,74.41258,343.53,0.48,0.4,2026-05-01,758,N,VIIRS,l,2.0NRT,312.77,5.31,D
30.72412,74.31387,339.03,0.48,0.4,2026-05-01,758,N,VIIRS,l,2.0NRT,309.49,13.04,D
30.72505,74.31885,351.27,0.48,0.4,2026-05-01,758,N,VIIRS,n,2.0NRT,314.05,32.72,D
30.72598,74.32384,341.73,0.48,0.4,2026-05-01,758,N,VIIRS,l,2.0NRT,313.52,32.72,D
30.7281,74.4166,348.21,0.48,0.4,2026-05-01,758,N,VIIRS,n,2.0NRT,312.48,5.31,D
30.72902,74.42154,340.31,0.48,0.4,2026-05-01,758,N,VIIRS,l,2.0NRT,310.95,6.1,D
30.73265,74.42063,339.7,0.48,0.4,2026-05-01,758,N,VIIRS,l,2.0NRT,313.59,5.25,D
30.73297,74.62469,340.25,0.47,0.4,2026-05-01,758,N,VIIRS,l,2.0NRT,312.77,7.72,D
30.73335,74.62693,347.07,0.47,0.4,2026-05-01,758,N,VIIRS,n,2.0NRT,314.01,10.26,D
30.73653,71.76243,335.21,0.43,0.46,2026-05-01,758,N,VIIRS,l,2.0NRT,307.8,2.32,D
30.73698,74.34192,335.45,0.48,0.4,2026-05-01,758,N,VIIRS,l,2.0NRT,310.33,2.27,D
30.73746,71.76687,341.96,0.43,0.46,2026-05-01,758,N,VIIRS,n,2.0NRT,308.51,3.57,D
30.73894,74.39326,339.9,0.48,0.4,2026-05-01,758,N,VIIRS,l,2.0NRT,310.84,3.01,D
30.73986,74.39821,335.97,0.48,0.4,2026-05-01,758,N,VIIRS,l,2.0NRT,309.72,3.76,D
30.74055,74.32021,341.34,0.48,0.4,2026-05-01,758,N,VIIRS,n,2.0NRT,311.19,5.46,D
30.74661,71.72673,336.73,0.43,0.46,2026-05-01,758,N,VIIRS,l,2.0NRT,307.45,1.94,D
30.74813,75.17947,336.93,0.44,0.39,2026-05-01,758,N,VIIRS,l,2.0NRT,311.74,1.54,D
30.74971,71.42294,345.34,0.45,0.47,2026-05-01,758,N,VIIRS,n,2.0NRT,310.66,6.05,D
30.75184,74.56432,343.27,0.47,0.4,2026-05-01,758,N,VIIRS,l,2.0NRT,312.74,6.27,D
30.75479,72.83672,333.36,0.57,0.43,2026-05-01,758,N,VIIRS,l,2.0NRT,304.74,2.17,D
30.75634,72.51083,331.85,0.39,0.44,2026-05-01,758,N,VIIRS,l,2.0NRT,305.56,1.63,D
30.75674,75.10519,340.14,0.45,0.39,2026-05-01,758,N,VIIRS,l,2.0NRT,313.18,11.7,D
30.75943,75.09972,352.44,0.45,0.39,2026-05-01,758,N,VIIRS,l,2.0NRT,313.3,11.7,D
30.76194,71.86264,331.1,0.42,0.46,2026-05-01,758,N,VIIRS,l,2.0NRT,305.03,1.35,D
30.76328,71.76441,353.14,0.43,0.46,2026-05-01,758,N,VIIRS,n,2.0NRT,310.71,7.64,D
30.76515,71.81533,343.5,0.43,0.46,2026-05-01,758,N,VIIRS,n,2.0NRT,307.78,4.68,D
30.76978,72.7461,335.23,0.57,0.43,2026-05-01,758,N,VIIRS,n,2.0NRT,304.52,4.72,D
30.77295,71.83177,344.31,0.43,0.46,2026-05-01,758,N,VIIRS,n,2.0NRT,310.21,5.01,D
30.7751,72.85593,339.15,0.56,0.43,2026-05-01,758,N,VIIRS,n,2.0NRT,308.31,7.77,D
30.7765,71.93234,331.87,0.42,0.45,2026-05-01,758,N,VIIRS,l,2.0NRT,303.52,0.56,D
30.77709,71.83065,339.39,0.43,0.46,2026-05-01,758,N,VIIRS,n,2.0NRT,305.53,3.55,D
30.77709,74.41476,340.47,0.48,0.4,2026-05-01,758,N,VIIRS,l,2.0NRT,308.9,52.99,D
30.78162,74.4188,344.75,0.48,0.4,2026-05-01,758,N,VIIRS,l,2.0NRT,313.06,50.23,D
30.78434,74.41297,344.24,0.48,0.4,2026-05-01,758,N,VIIRS,n,2.0NRT,309.97,6.59,D
30.78586,71.76754,340.19,0.43,0.46,2026-05-01,758,N,VIIRS,n,2.0NRT,308.81,4.01,D
30.78769,71.77641,344.49,0.43,0.46,2026-05-01,758,N,VIIRS,n,2.0NRT,308.68,8.52,D
30.78963,75.22697,342.18,0.44,0.39,2026-05-01,758,N,VIIRS,l,2.0NRT,312.32,6.25,D
30.79187,71.733,345.98,0.43,0.46,2026-05-01,758,N,VIIRS,n,2.0NRT,313.41,13.12,D
30.79851,71.06673,339.35,0.47,0.48,2026-05-01,758,N,VIIRS,l,2.0NRT,309.7,5.15,D
30.81011,74.65614,344.66,0.47,0.39,2026-05-01,758,N,VIIRS,n,2.0NRT,313,6.61,D
30.81023,71.77953,353.54,0.43,0.46,2026-05-01,758,N,VIIRS,n,2.0NRT,312.17,17.42,D
30.81369,74.65526,350.43,0.47,0.39,2026-05-01,758,N,VIIRS,n,2.0NRT,312.91,12.72,D
30.81437,71.77838,350.84,0.43,0.46,2026-05-01,758,N,VIIRS,n,2.0NRT,308.63,17.42,D
30.81653,74.60918,343,0.47,0.4,2026-05-01,758,N,VIIRS,l,2.0NRT,313.8,6.27,D
30.82395,71.8037,334.65,0.43,0.46,2026-05-01,758,N,VIIRS,l,2.0NRT,308.25,2.78,D
30.83479,74.89375,345.58,0.45,0.39,2026-05-01,758,N,VIIRS,l,2.0NRT,311.65,5.87,D
30.83546,74.58932,339.39,0.47,0.4,2026-05-01,758,N,VIIRS,l,2.0NRT,312.83,5.7,D
30.83565,74.89845,342.81,0.45,0.39,2026-05-01,758,N,VIIRS,l,2.0NRT,312.44,5.16,D
30.84913,76.39777,346.04,0.41,0.37,2026-05-01,758,N,VIIRS,l,2.0NRT,313.41,3.49,D
30.858,72.9437,332,0.56,0.43,2026-05-01,758,N,VIIRS,l,2.0NRT,303.9,3.51,D
30.85979,74.86797,341.51,0.46,0.39,2026-05-01,758,N,VIIRS,l,2.0NRT,314.13,6.31,D
30.86049,72.94183,335.89,0.56,0.43,2026-05-01,758,N,VIIRS,n,2.0NRT,303.86,2.68,D
30.86182,75.30693,351.76,0.44,0.38,2026-05-01,758,N,VIIRS,l,2.0NRT,314.04,69.26,D
30.86263,75.30938,350.82,0.44,0.38,2026-05-01,758,N,VIIRS,l,2.0NRT,311.98,51.87,D
30.86951,74.56812,343.14,0.47,0.4,2026-05-01,758,N,VIIRS,l,2.0NRT,311.07,3.75,D
30.87583,74.45957,343.03,0.47,0.4,2026-05-01,758,N,VIIRS,n,2.0NRT,312.83,6.58,D
30.87833,71.89592,340.38,0.42,0.45,2026-05-01,758,N,VIIRS,n,2.0NRT,306.84,3.05,D
30.87835,72.11272,335.68,0.41,0.45,2026-05-01,758,N,VIIRS,n,2.0NRT,305.48,4.16,D
30.87923,71.90026,337.01,0.42,0.45,2026-05-01,758,N,VIIRS,l,2.0NRT,309.82,3.05,D
30.88241,72.1116,343.92,0.41,0.45,2026-05-01,758,N,VIIRS,n,2.0NRT,307.75,4.16,D
30.88606,74.79945,349.43,0.46,0.39,2026-05-01,758,N,VIIRS,n,2.0NRT,313.19,11.01,D
30.88811,74.70942,341.22,0.46,0.39,2026-05-01,758,N,VIIRS,l,2.0NRT,313.66,11.08,D
30.89854,71.82577,344.81,0.42,0.46,2026-05-01,758,N,VIIRS,n,2.0NRT,310.43,4.56,D
30.89918,74.56585,337.74,0.47,0.4,2026-05-01,758,N,VIIRS,l,2.0NRT,309.93,5.73,D
30.91263,74.57771,350.44,0.47,0.4,2026-05-01,758,N,VIIRS,l,2.0NRT,311.3,26.79,D
30.91796,72.16913,332.5,0.41,0.45,2026-05-01,758,N,VIIRS,l,2.0NRT,305.81,2.34,D
30.91915,71.82005,343.83,0.42,0.46,2026-05-01,758,N,VIIRS,n,2.0NRT,309.1,6.67,D
30.9195,72.16824,340.93,0.41,0.45,2026-05-01,758,N,VIIRS,n,2.0NRT,306.49,2.97,D
30.92201,72.16803,331.45,0.41,0.45,2026-05-01,758,N,VIIRS,l,2.0NRT,306.3,2.53,D
30.93851,71.89307,341.65,0.42,0.45,2026-05-01,758,N,VIIRS,n,2.0NRT,308.93,4.88,D
30.93921,75.7701,336.95,0.42,0.38,2026-05-01,758,N,VIIRS,l,2.0NRT,310.06,3.97,D
30.94046,72.216,337.1,0.4,0.44,2026-05-01,758,N,VIIRS,l,2.0NRT,308.26,2.41,D
30.94594,72.20129,333.86,0.4,0.45,2026-05-01,758,N,VIIRS,l,2.0NRT,307.39,2.58,D
30.94681,72.20547,332.89,0.4,0.45,2026-05-01,758,N,VIIRS,l,2.0NRT,306.78,2.58,D
30.96493,71.95885,343.85,0.42,0.45,2026-05-01,758,N,VIIRS,n,2.0NRT,307.22,2.74,D
30.96866,72.06165,335.22,0.41,0.45,2026-05-01,758,N,VIIRS,l,2.0NRT,306.11,2.68,D
30.96914,73.52278,336.92,0.52,0.42,2026-05-01,758,N,VIIRS,l,2.0NRT,309.49,4.54,D
30.96952,72.0659,332.95,0.41,0.45,2026-05-01,758,N,VIIRS,l,2.0NRT,306.81,2.68,D
30.9826,75.12708,340.49,0.44,0.39,2026-05-01,758,N,VIIRS,l,2.0NRT,313.15,7.21,D
30.98612,75.12624,349.07,0.44,0.39,2026-05-01,758,N,VIIRS,l,2.0NRT,312.05,8.19,D
31.00816,72.19313,339.74,0.4,0.44,2026-05-01,758,N,VIIRS,n,2.0NRT,308.67,3.88,D
31.01471,72.20454,337.21,0.4,0.44,2026-05-01,758,N,VIIRS,l,2.0NRT,307.58,2.52,D
31.01713,74.81853,339.46,0.46,0.39,2026-05-01,758,N,VIIRS,l,2.0NRT,310.2,3.12,D
31.03113,74.67106,348.68,0.46,0.39,2026-05-01,758,N,VIIRS,l,2.0NRT,310.4,20.5,D
31.0347,74.67017,335.2,0.46,0.39,2026-05-01,758,N,VIIRS,l,2.0NRT,307.83,26.81,D
31.03668,72.22929,336.01,0.4,0.44,2026-05-01,758,N,VIIRS,l,2.0NRT,306.56,2.06,D
31.04098,74.66363,354.93,0.46,0.39,2026-05-01,758,N,VIIRS,l,2.0NRT,312.3,21.69,D
31.04354,71.97453,340.1,0.41,0.45,2026-05-01,758,N,VIIRS,n,2.0NRT,307.31,3.16,D
31.04578,72.27565,347.45,0.4,0.44,2026-05-01,758,N,VIIRS,n,2.0NRT,305.43,4.34,D
31.0458,72.27488,344.06,0.4,0.44,2026-05-01,758,N,VIIRS,n,2.0NRT,306.6,2.5,D
31.05961,74.68403,339.96,0.46,0.39,2026-05-01,758,N,VIIRS,l,2.0NRT,311.25,3.92,D
31.06458,72.30531,343.05,0.4,0.44,2026-05-01,758,N,VIIRS,n,2.0NRT,304.77,4.33,D
31.06543,72.30941,346.32,0.4,0.44,2026-05-01,758,N,VIIRS,n,2.0NRT,307.19,8.15,D
31.07644,74.94134,338.17,0.45,0.39,2026-05-01,758,N,VIIRS,l,2.0NRT,311.67,6.09,D
31.078,74.28991,335.5,0.48,0.4,2026-05-01,758,N,VIIRS,l,2.0NRT,309.49,2.86,D
31.08633,72.22533,333.96,0.4,0.44,2026-05-01,758,N,VIIRS,l,2.0NRT,307.2,2.14,D
31.09397,73.34399,342.19,0.53,0.42,2026-05-01,758,N,VIIRS,n,2.0NRT,305.91,9.62,D
31.09539,72.95966,334.18,0.55,0.43,2026-05-01,758,N,VIIRS,l,2.0NRT,306.12,4.37,D
31.10507,74.89528,352.99,0.45,0.39,2026-05-01,758,N,VIIRS,n,2.0NRT,313.61,10.18,D
31.11969,73.82596,340.36,0.5,0.41,2026-05-01,758,N,VIIRS,n,2.0NRT,309.01,6.5,D
31.12621,74.67465,351.71,0.46,0.39,2026-05-01,758,N,VIIRS,l,2.0NRT,315.43,7.09,D
31.13464,73.32764,334.61,0.53,0.42,2026-05-01,758,N,VIIRS,l,2.0NRT,307.08,2.8,D
31.13699,74.83539,352.8,0.45,0.39,2026-05-01,758,N,VIIRS,l,2.0NRT,313.64,12.69,D
31.13901,70.63305,330.47,0.49,0.48,2026-05-01,758,N,VIIRS,l,2.0NRT,305.36,3.32,D
31.14061,73.76888,337.7,0.5,0.41,2026-05-01,758,N,VIIRS,l,2.0NRT,310.73,3.46,D
31.14107,74.73566,349.91,0.46,0.39,2026-05-01,758,N,VIIRS,l,2.0NRT,311.88,14.14,D
31.14644,72.50136,333.36,0.39,0.44,2026-05-01,758,N,VIIRS,l,2.0NRT,304.71,1.16,D
31.15235,73.60583,337.21,0.51,0.41,2026-05-01,758,N,VIIRS,l,2.0NRT,309.74,3.4,D
31.15388,73.71612,334.13,0.51,0.41,2026-05-01,758,N,VIIRS,l,2.0NRT,308.33,2.94,D
31.16265,74.83402,343.36,0.45,0.39,2026-05-01,758,N,VIIRS,l,2.0NRT,312.16,4.48,D
31.16696,74.7144,341.54,0.46,0.39,2026-05-01,758,N,VIIRS,l,2.0NRT,311.46,7.37,D
31.17397,72.26392,337.89,0.4,0.44,2026-05-01,758,N,VIIRS,n,2.0NRT,306.5,2.11,D
31.19102,74.82712,341.98,0.45,0.39,2026-05-01,758,N,VIIRS,l,2.0NRT,311.39,4.41,D
31.19605,73.73272,344.99,0.5,0.41,2026-05-01,758,N,VIIRS,n,2.0NRT,310.69,7.22,D
31.20183,72.54951,344.29,0.38,0.43,2026-05-01,758,N,VIIRS,n,2.0NRT,307.58,3.18,D
31.20577,72.54845,336.78,0.38,0.43,2026-05-01,758,N,VIIRS,l,2.0NRT,308.28,3.18,D
31.20842,72.16277,341.92,0.4,0.44,2026-05-01,758,N,VIIRS,n,2.0NRT,304.79,4.05,D
31.22765,74.55198,350.19,0.46,0.39,2026-05-01,758,N,VIIRS,n,2.0NRT,315.48,14.01,D
31.23005,74.6467,343.41,0.46,0.39,2026-05-01,758,N,VIIRS,l,2.0NRT,313.78,5.02,D
31.23532,73.85878,332.42,0.5,0.41,2026-05-01,758,N,VIIRS,l,2.0NRT,306.95,4.16,D
31.25772,74.79849,356.04,0.45,0.39,2026-05-01,758,N,VIIRS,n,2.0NRT,313.61,11.14,D
31.26468,74.81647,344.48,0.45,0.39,2026-05-01,758,N,VIIRS,n,2.0NRT,311.73,5.75,D
31.26696,70.96731,343.91,0.46,0.47,2026-05-01,758,N,VIIRS,n,2.0NRT,307.24,3.47,D
31.27705,74.67994,342.89,0.46,0.39,2026-05-01,758,N,VIIRS,l,2.0NRT,313.82,29.61,D
31.28171,74.64389,341.77,0.46,0.39,2026-05-01,758,N,VIIRS,l,2.0NRT,310.31,5.69,D
31.28333,74.64545,349.29,0.46,0.39,2026-05-01,758,N,VIIRS,n,2.0NRT,311.8,8.17,D
31.28576,74.70759,348.86,0.46,0.39,2026-05-01,758,N,VIIRS,l,2.0NRT,314.05,6.58,D
31.28662,74.71234,343.85,0.46,0.39,2026-05-01,758,N,VIIRS,l,2.0NRT,313.48,6.58,D
31.28905,74.74639,344.12,0.46,0.39,2026-05-01,758,N,VIIRS,l,2.0NRT,308.34,5.02,D
31.29772,74.56181,340.64,0.46,0.39,2026-05-01,758,N,VIIRS,l,2.0NRT,311.76,6.16,D
31.29805,73.73659,341.48,0.5,0.41,2026-05-01,758,N,VIIRS,n,2.0NRT,311.3,2.47,D
31.30203,74.64584,342.03,0.46,0.39,2026-05-01,758,N,VIIRS,l,2.0NRT,312.45,5.96,D
31.30756,73.84828,338.57,0.5,0.41,2026-05-01,758,N,VIIRS,l,2.0NRT,310.33,3.15,D
31.30919,72.2015,333.43,0.4,0.44,2026-05-01,758,N,VIIRS,l,2.0NRT,305.21,3.74,D
31.30932,72.42922,342.84,0.39,0.44,2026-05-01,758,N,VIIRS,n,2.0NRT,302.05,4.72,D
31.31002,72.20563,343.1,0.4,0.44,2026-05-01,758,N,VIIRS,n,2.0NRT,305.31,3.74,D
31.31055,73.12598,334.9,0.54,0.42,2026-05-01,758,N,VIIRS,l,2.0NRT,305.8,1.94,D
31.31704,73.56934,340.57,0.51,0.41,2026-05-01,758,N,VIIRS,n,2.0NRT,310.29,4.58,D
31.32038,75.14639,351.03,0.44,0.38,2026-05-01,758,N,VIIRS,n,2.0NRT,314.1,18.23,D
31.32776,73.83231,346.9,0.5,0.41,2026-05-01,758,N,VIIRS,n,2.0NRT,307.89,5.48,D
31.32911,73.77769,337.58,0.5,0.41,2026-05-01,758,N,VIIRS,l,2.0NRT,309.6,2.98,D
31.33168,75.70597,349.43,0.42,0.38,2026-05-01,758,N,VIIRS,n,2.0NRT,311.86,5.31,D
31.34313,73.79039,335.53,0.5,0.41,2026-05-01,758,N,VIIRS,l,2.0NRT,309.53,2.3,D
31.34716,73.95628,338.41,0.49,0.4,2026-05-01,758,N,VIIRS,l,2.0NRT,310.48,4.25,D
31.34893,73.94517,335.11,0.49,0.4,2026-05-01,758,N,VIIRS,l,2.0NRT,306.45,4.5,D
31.35464,72.46765,342.8,0.38,0.44,2026-05-01,758,N,VIIRS,n,2.0NRT,304.27,3.28,D
31.35661,73.71363,344.48,0.5,0.41,2026-05-01,758,N,VIIRS,n,2.0NRT,309.98,6.94,D
31.36387,76.03705,338.07,0.41,0.37,2026-05-01,758,N,VIIRS,l,2.0NRT,311.25,4,D
31.36738,73.91115,341.58,0.49,0.4,2026-05-01,758,N,VIIRS,n,2.0NRT,311.46,4.33,D
31.36892,73.90792,335.68,0.49,0.4,2026-05-01,758,N,VIIRS,l,2.0NRT,310.21,2.67,D
31.37707,75.07691,337.71,0.44,0.38,2026-05-01,758,N,VIIRS,l,2.0NRT,308.91,2.48,D
31.37992,72.4692,346.31,0.38,0.44,2026-05-01,758,N,VIIRS,n,2.0NRT,303.79,3.85,D
31.38284,73.72873,336.66,0.5,0.41,2026-05-01,758,N,VIIRS,l,2.0NRT,309.76,3.65,D
31.40408,73.7178,339.32,0.5,0.41,2026-05-01,758,N,VIIRS,n,2.0NRT,307.02,2.53,D
31.41543,72.48058,339.44,0.38,0.43,2026-05-01,758,N,VIIRS,n,2.0NRT,303.22,2.37,D
31.41678,72.48035,339.96,0.38,0.43,2026-05-01,758,N,VIIRS,n,2.0NRT,303.38,2.16,D
31.42304,73.96101,338.92,0.49,0.4,2026-05-01,758,N,VIIRS,l,2.0NRT,309,5.94,D
31.42838,72.43514,344.14,0.39,0.44,2026-05-01,758,N,VIIRS,n,2.0NRT,306.13,4.26,D
31.43429,72.13261,331.29,0.4,0.44,2026-05-01,758,N,VIIRS,l,2.0NRT,303.94,1.87,D
31.44347,72.17812,346.05,0.4,0.44,2026-05-01,758,N,VIIRS,n,2.0NRT,307.25,4.8,D
31.44711,75.66222,349.78,0.42,0.38,2026-05-01,758,N,VIIRS,n,2.0NRT,313.41,7.9,D
31.45096,72.36119,332.29,0.39,0.44,2026-05-01,758,N,VIIRS,n,2.0NRT,301.67,1.41,D
31.4563,72.17894,338.41,0.4,0.44,2026-05-01,758,N,VIIRS,n,2.0NRT,304.25,1.27,D
31.46134,73.79552,339.06,0.5,0.41,2026-05-01,758,N,VIIRS,l,2.0NRT,311.9,4.42,D
31.4623,73.80068,342.02,0.5,0.41,2026-05-01,758,N,VIIRS,n,2.0NRT,313.02,7.02,D
31.4627,73.79866,352.56,0.5,0.41,2026-05-01,758,N,VIIRS,n,2.0NRT,315.08,13.67,D
31.46456,71.21284,344.35,0.45,0.47,2026-05-01,758,N,VIIRS,n,2.0NRT,309.65,3.86,D
31.46538,72.22421,333.31,0.39,0.44,2026-05-01,758,N,VIIRS,l,2.0NRT,305.74,3.27,D
31.47235,72.15321,330.96,0.4,0.44,2026-05-01,758,N,VIIRS,l,2.0NRT,303.85,1.17,D
31.47488,72.39711,345.74,0.39,0.44,2026-05-01,758,N,VIIRS,n,2.0NRT,306.43,7,D
31.47568,72.40112,331.07,0.39,0.44,2026-05-01,758,N,VIIRS,n,2.0NRT,304.89,7,D
31.47672,73.81126,339,0.49,0.41,2026-05-01,758,N,VIIRS,l,2.0NRT,309.81,3.26,D
31.48038,73.89095,336.83,0.49,0.4,2026-05-01,758,N,VIIRS,l,2.0NRT,311.22,1.26,D
31.4864,72.51691,331.7,0.57,0.43,2026-05-01,758,N,VIIRS,l,2.0NRT,303.53,2.45,D
31.49836,74.56609,341.39,0.46,0.39,2026-05-01,758,N,VIIRS,l,2.0NRT,312.49,9.29,D
31.50396,72.18371,336.22,0.4,0.44,2026-05-01,758,N,VIIRS,l,2.0NRT,306.7,1.94,D
31.50473,72.26984,342.23,0.39,0.44,2026-05-01,758,N,VIIRS,n,2.0NRT,306.49,3,D
31.5051,74.09332,332.13,0.48,0.4,2026-05-01,758,N,VIIRS,l,2.0NRT,307.08,2.28,D
31.50819,74.01677,338.93,0.48,0.4,2026-05-01,758,N,VIIRS,l,2.0NRT,311.01,3.18,D
31.51136,72.30229,330.45,0.39,0.44,2026-05-01,758,N,VIIRS,l,2.0NRT,304.08,1.94,D
31.51313,73.75861,339.12,0.5,0.41,2026-05-01,758,N,VIIRS,l,2.0NRT,311.01,3.2,D
31.51555,72.13698,331.1,0.4,0.44,2026-05-01,758,N,VIIRS,l,2.0NRT,305.27,3.92,D
31.51583,72.26249,331.95,0.39,0.44,2026-05-01,758,N,VIIRS,l,2.0NRT,303.68,0.98,D
31.516,72.28391,335.71,0.39,0.44,2026-05-01,758,N,VIIRS,n,2.0NRT,303.74,1.34,D
31.51682,73.75765,336.4,0.5,0.41,2026-05-01,758,N,VIIRS,l,2.0NRT,311.12,3.2,D
31.5178,73.76282,335.76,0.5,0.41,2026-05-01,758,N,VIIRS,l,2.0NRT,310.18,3.2,D
31.51863,73.95053,337.45,0.49,0.4,2026-05-01,758,N,VIIRS,l,2.0NRT,311.64,2.32,D
31.5188,73.97173,336.89,0.49,0.4,2026-05-01,758,N,VIIRS,l,2.0NRT,311.27,2.1,D
31.51981,72.26141,338.07,0.39,0.44,2026-05-01,758,N,VIIRS,n,2.0NRT,303.53,0.98,D
31.52226,72.16998,341.84,0.4,0.44,2026-05-01,758,N,VIIRS,n,2.0NRT,306.91,6.05,D
31.5225,74.14643,339.15,0.48,0.4,2026-05-01,758,N,VIIRS,n,2.0NRT,310.3,4.1,D
31.52362,72.23885,350.14,0.39,0.44,2026-05-01,758,N,VIIRS,n,2.0NRT,307,5.74,D
31.52458,72.16064,331.29,0.4,0.44,2026-05-01,758,N,VIIRS,l,2.0NRT,305.24,3.2,D
31.52704,74.09612,338.37,0.48,0.4,2026-05-01,758,N,VIIRS,l,2.0NRT,309.94,3.49,D
31.5276,72.23776,331.02,0.39,0.44,2026-05-01,758,N,VIIRS,l,2.0NRT,305.34,1.84,D
31.53159,73.75384,337.45,0.5,0.41,2026-05-01,758,N,VIIRS,l,2.0NRT,309.67,3.69,D
31.53528,73.75288,341.29,0.5,0.41,2026-05-01,758,N,VIIRS,l,2.0NRT,312.48,15.41,D
31.53994,73.98224,339.68,0.49,0.4,2026-05-01,758,N,VIIRS,l,2.0NRT,312.11,3.09,D
31.54023,74.02446,337.68,0.48,0.4,2026-05-01,758,N,VIIRS,l,2.0NRT,310.36,5.45,D
31.54038,74.04549,344.2,0.48,0.4,2026-05-01,758,N,VIIRS,n,2.0NRT,310.82,4.79,D
31.54392,73.90144,338.93,0.49,0.4,2026-05-01,758,N,VIIRS,l,2.0NRT,311.3,3.44,D
31.54678,72.86195,332.64,0.55,0.42,2026-05-01,758,N,VIIRS,n,2.0NRT,302.35,4.01,D
31.5479,72.86764,337.2,0.55,0.42,2026-05-01,758,N,VIIRS,n,2.0NRT,301.88,7,D
31.55061,73.93704,338.05,0.49,0.4,2026-05-01,758,N,VIIRS,l,2.0NRT,308.43,2.8,D
31.55102,73.75423,345.27,0.5,0.41,2026-05-01,758,N,VIIRS,n,2.0NRT,309.06,6.33,D
31.55143,74.06371,332.97,0.48,0.4,2026-05-01,758,N,VIIRS,l,2.0NRT,306.42,1.97,D
31.55672,75.62367,339.55,0.42,0.38,2026-05-01,758,N,VIIRS,l,2.0NRT,310.79,3.1,D
31.55863,72.22491,335.67,0.39,0.44,2026-05-01,758,N,VIIRS,n,2.0NRT,305.12,3.91,D
31.56015,72.21153,330.08,0.39,0.44,2026-05-01,758,N,VIIRS,l,2.0NRT,301.9,1.61,D
31.56362,73.96558,337.44,0.49,0.4,2026-05-01,758,N,VIIRS,l,2.0NRT,310.43,3.58,D
31.56433,74.09188,341.24,0.48,0.4,2026-05-01,758,N,VIIRS,n,2.0NRT,306.78,4.85,D
31.56774,75.66682,339.77,0.42,0.38,2026-05-01,758,N,VIIRS,l,2.0NRT,310.82,5.75,D
31.57045,75.6204,339.62,0.42,0.38,2026-05-01,758,N,VIIRS,l,2.0NRT,311.7,3.85,D
31.57216,75.62101,341.03,0.42,0.38,2026-05-01,758,N,VIIRS,l,2.0NRT,310.12,4.07,D
31.57483,72.16011,343.36,0.4,0.44,2026-05-01,758,N,VIIRS,n,2.0NRT,305.12,3.55,D
31.57503,72.15974,340.94,0.4,0.44,2026-05-01,758,N,VIIRS,n,2.0NRT,304.4,2.68,D
31.57585,72.16386,332.71,0.4,0.44,2026-05-01,758,N,VIIRS,l,2.0NRT,305.4,2.75,D
31.57722,72.27567,341.28,0.39,0.44,2026-05-01,758,N,VIIRS,n,2.0NRT,305.75,2.19,D
31.57802,72.27974,332.97,0.39,0.44,2026-05-01,758,N,VIIRS,l,2.0NRT,305.84,2.19,D
31.58017,72.43611,345.14,0.38,0.43,2026-05-01,758,N,VIIRS,n,2.0NRT,306.59,6.75,D
31.5808,75.56846,352.3,0.42,0.38,2026-05-01,758,N,VIIRS,l,2.0NRT,319.66,33.95,D
31.58501,75.57206,347.06,0.42,0.38,2026-05-01,758,N,VIIRS,l,2.0NRT,319.28,37.33,D
31.5871,75.50245,338.49,0.42,0.38,2026-05-01,758,N,VIIRS,l,2.0NRT,309.03,3.5,D
31.59055,75.50163,349.01,0.42,0.38,2026-05-01,758,N,VIIRS,l,2.0NRT,313.95,23.45,D
31.59642,75.55554,342.46,0.42,0.38,2026-05-01,758,N,VIIRS,l,2.0NRT,311.83,5.51,D
31.59865,75.52738,342.15,0.42,0.38,2026-05-01,758,N,VIIRS,l,2.0NRT,313.19,7.06,D
31.5988,72.23563,340.24,0.39,0.44,2026-05-01,758,N,VIIRS,n,2.0NRT,305.75,2.6,D
31.60209,75.52657,351.37,0.42,0.38,2026-05-01,758,N,VIIRS,n,2.0NRT,313.06,7.13,D
31.60596,75.54868,341.69,0.42,0.38,2026-05-01,758,N,VIIRS,l,2.0NRT,313.99,7.57,D
31.61352,75.51,345.5,0.42,0.38,2026-05-01,758,N,VIIRS,l,2.0NRT,309.95,6.33,D
31.62378,72.17266,331.53,0.39,0.44,2026-05-01,758,N,VIIRS,l,2.0NRT,304.42,1.05,D
31.63027,72.18385,330.16,0.39,0.44,2026-05-01,758,N,VIIRS,l,2.0NRT,304.47,1.52,D
31.63481,73.2713,334.64,0.52,0.42,2026-05-01,758,N,VIIRS,n,2.0NRT,301.9,2.2,D
31.63547,72.44305,339.32,0.57,0.43,2026-05-01,758,N,VIIRS,n,2.0NRT,305.47,5.09,D
31.63774,72.44661,332.89,0.57,0.43,2026-05-01,758,N,VIIRS,l,2.0NRT,304.75,3.35,D
31.64485,75.48402,337.53,0.42,0.38,2026-05-01,758,N,VIIRS,l,2.0NRT,310.15,3.69,D
31.64562,75.48846,339.07,0.42,0.38,2026-05-01,758,N,VIIRS,l,2.0NRT,308.57,3.69,D
31.65344,74.81672,337.77,0.45,0.39,2026-05-01,758,N,VIIRS,l,2.0NRT,310.17,1.65,D
31.65368,75.51426,346.76,0.42,0.38,2026-05-01,758,N,VIIRS,n,2.0NRT,310.66,5.7,D
31.66462,72.18734,339.51,0.39,0.44,2026-05-01,758,N,VIIRS,n,2.0NRT,301.72,3,D
31.67458,73.78199,335.74,0.49,0.4,2026-05-01,758,N,VIIRS,l,2.0NRT,308.76,2.88,D
31.67944,72.44781,334.23,0.57,0.43,2026-05-01,758,N,VIIRS,l,2.0NRT,307.02,5.13,D
31.68108,70.89174,330,0.46,0.47,2026-05-01,758,N,VIIRS,l,2.0NRT,304.29,3.18,D
31.68868,75.58091,348.58,0.42,0.38,2026-05-01,758,N,VIIRS,l,2.0NRT,311.2,10.57,D
31.69466,73.54207,334.98,0.51,0.41,2026-05-01,758,N,VIIRS,n,2.0NRT,304.83,3.32,D
31.69468,72.33733,335.13,0.39,0.44,2026-05-01,758,N,VIIRS,n,2.0NRT,304.04,3.11,D
31.69611,75.50093,348.94,0.42,0.38,2026-05-01,758,N,VIIRS,n,2.0NRT,309.23,5.68,D
31.69836,72.25114,345.44,0.39,0.44,2026-05-01,758,N,VIIRS,n,2.0NRT,301.97,4.72,D
31.69966,72.25218,342.54,0.39,0.44,2026-05-01,758,N,VIIRS,n,2.0NRT,303.81,2.69,D
31.70197,75.55478,345.84,0.42,0.38,2026-05-01,758,N,VIIRS,l,2.0NRT,312.03,6.03,D
31.70618,75.55839,348.17,0.42,0.38,2026-05-01,758,N,VIIRS,l,2.0NRT,308.54,6.03,D
31.7142,73.19636,337.31,0.52,0.42,2026-05-01,758,N,VIIRS,n,2.0NRT,302.6,3.59,D
31.7196,75.61478,341,0.42,0.38,2026-05-01,758,N,VIIRS,l,2.0NRT,314.55,7.43,D
31.72045,73.75938,333.81,0.49,0.41,2026-05-01,758,N,VIIRS,l,2.0NRT,304.68,1.67,D
31.72202,74.06474,336.24,0.48,0.4,2026-05-01,758,N,VIIRS,l,2.0NRT,306.97,3.83,D
31.72404,74.06131,349.08,0.48,0.4,2026-05-01,758,N,VIIRS,n,2.0NRT,312.78,10.42,D
31.72474,74.05881,333.26,0.48,0.4,2026-05-01,758,N,VIIRS,l,2.0NRT,307.42,3.1,D
31.72565,74.0638,338.43,0.48,0.4,2026-05-01,758,N,VIIRS,l,2.0NRT,309.29,3.1,D
31.72569,75.60875,351.62,0.42,0.38,2026-05-01,758,N,VIIRS,l,2.0NRT,315.3,7.05,D
31.72721,75.61755,346.26,0.42,0.38,2026-05-01,758,N,VIIRS,l,2.0NRT,319.1,25.06,D
31.72798,75.62193,338.15,0.42,0.38,2026-05-01,758,N,VIIRS,l,2.0NRT,310.71,10.66,D
31.72911,75.60794,347.63,0.42,0.38,2026-05-01,758,N,VIIRS,l,2.0NRT,314.84,7.05,D
31.73064,75.61673,348.07,0.42,0.38,2026-05-01,758,N,VIIRS,l,2.0NRT,315.8,25.06,D
31.73141,75.62112,349.06,0.42,0.38,2026-05-01,758,N,VIIRS,l,2.0NRT,315.6,10.66,D
31.73254,75.60712,349.96,0.42,0.38,2026-05-01,758,N,VIIRS,l,2.0NRT,310.74,6.93,D
31.73407,75.61591,356.54,0.42,0.38,2026-05-01,758,N,VIIRS,l,2.0NRT,320.2,34.04,D
31.7352,75.60191,343.84,0.42,0.38,2026-05-01,758,N,VIIRS,n,2.0NRT,313.43,6.93,D
31.73594,75.56506,350.29,0.42,0.38,2026-05-01,758,N,VIIRS,l,2.0NRT,311.62,8.73,D
31.73597,75.60631,367,0.42,0.38,2026-05-01,758,N,VIIRS,h,2.0NRT,310.86,6.93,D
31.73673,75.61071,352.53,0.42,0.38,2026-05-01,758,N,VIIRS,n,2.0NRT,310.35,34.04,D
31.73746,73.70625,343.62,0.5,0.41,2026-05-01,758,N,VIIRS,n,2.0NRT,307.21,3.92,D
31.73749,75.6151,357.79,0.42,0.38,2026-05-01,758,N,VIIRS,l,2.0NRT,309.24,34.04,D
31.73786,75.5967,346.17,0.42,0.38,2026-05-01,758,N,VIIRS,l,2.0NRT,312.96,4.85,D
31.73937,75.56424,349.88,0.42,0.38,2026-05-01,758,N,VIIRS,l,2.0NRT,314.24,17.19,D
31.73939,75.60549,342.66,0.42,0.38,2026-05-01,758,N,VIIRS,n,2.0NRT,314.32,14.53,D
31.74015,75.60989,345.79,0.42,0.38,2026-05-01,758,N,VIIRS,n,2.0NRT,311.46,16.28,D
31.74052,75.59148,349.96,0.42,0.38,2026-05-01,758,N,VIIRS,n,2.0NRT,312.92,4.85,D
31.74129,75.59589,345.19,0.42,0.38,2026-05-01,758,N,VIIRS,l,2.0NRT,313.75,4.85,D
31.74279,75.56343,347.43,0.42,0.38,2026-05-01,758,N,VIIRS,n,2.0NRT,311.6,17.19,D
31.74282,75.60468,355.2,0.42,0.38,2026-05-01,758,N,VIIRS,n,2.0NRT,314.78,14.53,D
31.74434,75.61347,345.87,0.42,0.38,2026-05-01,758,N,VIIRS,l,2.0NRT,307.93,16.28,D
31.74544,72.20958,339.3,0.39,0.44,2026-05-01,758,N,VIIRS,n,2.0NRT,302.41,1.4,D
31.74622,75.56261,351.77,0.42,0.38,2026-05-01,758,N,VIIRS,n,2.0NRT,311.43,6.85,D
31.74624,75.60387,351.59,0.42,0.38,2026-05-01,758,N,VIIRS,n,2.0NRT,315.26,15.15,D
31.74698,73.7363,337.09,0.49,0.41,2026-05-01,758,N,VIIRS,l,2.0NRT,308.07,3.21,D
31.74801,72.36626,333.77,0.38,0.43,2026-05-01,758,N,VIIRS,n,2.0NRT,303.85,1.35,D
31.74814,75.59425,339.13,0.42,0.38,2026-05-01,758,N,VIIRS,l,2.0NRT,309.39,5.89,D
31.74966,75.56179,343.06,0.42,0.38,2026-05-01,758,N,VIIRS,l,2.0NRT,310.66,6.85,D
31.74967,75.60305,347.16,0.42,0.38,2026-05-01,758,N,VIIRS,l,2.0NRT,309.94,15.15,D
31.75066,75.42316,349.64,0.43,0.38,2026-05-01,758,N,VIIRS,n,2.0NRT,312.85,7.24,D
31.75232,75.55656,338.22,0.42,0.38,2026-05-01,758,N,VIIRS,l,2.0NRT,307.85,2.4,D
31.75308,75.56097,344.04,0.42,0.38,2026-05-01,758,N,VIIRS,n,2.0NRT,310.17,10.42,D
31.75651,75.56016,349.57,0.42,0.38,2026-05-01,758,N,VIIRS,n,2.0NRT,310.44,10.42,D
31.76381,75.49128,335.15,0.42,0.38,2026-05-01,758,N,VIIRS,l,2.0NRT,309.01,3.21,D
31.76642,75.49342,338.84,0.42,0.38,2026-05-01,758,N,VIIRS,l,2.0NRT,309.79,4.39,D
31.7668,75.59897,336.89,0.42,0.38,2026-05-01,758,N,VIIRS,l,2.0NRT,308.44,6.78,D
31.76725,75.49046,345.46,0.42,0.38,2026-05-01,758,N,VIIRS,n,2.0NRT,309.54,3.21,D
31.76983,75.61655,351.25,0.42,0.38,2026-05-01,758,N,VIIRS,n,2.0NRT,309.21,6.61,D
31.77007,74.00237,336.46,0.48,0.4,2026-05-01,758,N,VIIRS,l,2.0NRT,308.42,1.85,D
31.77059,75.62094,333.36,0.42,0.38,2026-05-01,758,N,VIIRS,l,2.0NRT,307.95,2.66,D
31.77203,75.71185,336.41,0.42,0.37,2026-05-01,758,N,VIIRS,l,2.0NRT,307.73,3.47,D
31.7725,75.61134,337.05,0.42,0.38,2026-05-01,758,N,VIIRS,l,2.0NRT,307.64,6.61,D
31.77325,75.61574,344,0.42,0.38,2026-05-01,758,N,VIIRS,n,2.0NRT,310.89,6.61,D
31.80761,73.78262,334.48,0.49,0.4,2026-05-01,758,N,VIIRS,l,2.0NRT,308.06,2.93,D
31.81219,72.47935,331.19,0.57,0.43,2026-05-01,758,N,VIIRS,l,2.0NRT,305.47,2.27,D
31.82756,72.34863,332.01,0.38,0.43,2026-05-01,758,N,VIIRS,l,2.0NRT,303.69,2.03,D
31.82788,73.99001,344.34,0.48,0.4,2026-05-01,758,N,VIIRS,n,2.0NRT,310.29,3.96,D
31.8375,73.3093,330.37,0.52,0.41,2026-05-01,758,N,VIIRS,l,2.0NRT,304.78,1.48,D
31.84461,74.03818,333.49,0.48,0.4,2026-05-01,758,N,VIIRS,l,2.0NRT,307.74,1.43,D
31.85932,75.62903,334.22,0.42,0.38,2026-05-01,758,N,VIIRS,l,2.0NRT,308.97,2.16,D
31.85937,73.32047,332.9,0.51,0.41,2026-05-01,758,N,VIIRS,l,2.0NRT,306.11,1.99,D
31.86464,73.14237,338.37,0.52,0.42,2026-05-01,758,N,VIIRS,n,2.0NRT,303.07,6.85,D
31.87099,73.33991,331.98,0.51,0.41,2026-05-01,758,N,VIIRS,l,2.0NRT,305.42,2.83,D
31.87944,75.6425,352.15,0.42,0.38,2026-05-01,758,N,VIIRS,n,2.0NRT,314.03,8.93,D
31.88281,75.68272,350.83,0.42,0.37,2026-05-01,758,N,VIIRS,n,2.0NRT,314.3,7.15,D
31.88631,75.54609,337.35,0.42,0.38,2026-05-01,758,N,VIIRS,l,2.0NRT,311.04,3.24,D
31.88666,73.38069,332.91,0.51,0.41,2026-05-01,758,N,VIIRS,l,2.0NRT,306.29,2.99,D
31.88838,75.47662,335.88,0.42,0.38,2026-05-01,758,N,VIIRS,l,2.0NRT,308.08,3.57,D
31.88884,75.49954,343.76,0.42,0.38,2026-05-01,758,N,VIIRS,l,2.0NRT,311.86,10.53,D
31.88945,73.93206,347.34,0.48,0.4,2026-05-01,758,N,VIIRS,n,2.0NRT,311.14,13.18,D
31.88969,75.64006,347.25,0.42,0.38,2026-05-01,758,N,VIIRS,l,2.0NRT,311.22,5.75,D
31.89125,75.60771,349.52,0.42,0.38,2026-05-01,758,N,VIIRS,n,2.0NRT,315.16,11.59,D
31.89155,75.67154,349.55,0.42,0.37,2026-05-01,758,N,VIIRS,l,2.0NRT,314.12,10,D
31.89209,73.36806,333.37,0.51,0.41,2026-05-01,758,N,VIIRS,l,2.0NRT,306.16,2.06,D
31.8937,75.60844,344.5,0.42,0.38,2026-05-01,758,N,VIIRS,n,2.0NRT,309.57,8.97,D
31.89415,73.95724,349.55,0.48,0.4,2026-05-01,758,N,VIIRS,n,2.0NRT,309.85,7.67,D
31.89445,74.02018,335.28,0.48,0.4,2026-05-01,758,N,VIIRS,l,2.0NRT,305.86,3,D
31.89583,73.36707,331,0.51,0.41,2026-05-01,758,N,VIIRS,l,2.0NRT,305.24,2.06,D
31.89746,75.44681,334.82,0.42,0.38,2026-05-01,758,N,VIIRS,l,2.0NRT,308.92,9.48,D
31.89985,74.00832,339.13,0.48,0.4,2026-05-01,758,N,VIIRS,n,2.0NRT,305.36,4.65,D
31.90038,73.29107,339.22,0.51,0.41,2026-05-01,758,N,VIIRS,n,2.0NRT,306.99,3.13,D
31.90038,73.92924,338.9,0.48,0.4,2026-05-01,758,N,VIIRS,n,2.0NRT,308.13,4.45,D
31.90125,73.2924,339.98,0.52,0.41,2026-05-01,758,N,VIIRS,n,2.0NRT,307.3,3.97,D
31.90356,73.73337,334.32,0.49,0.4,2026-05-01,758,N,VIIRS,l,2.0NRT,307.69,1.46,D
31.90533,73.83234,345.89,0.49,0.4,2026-05-01,758,N,VIIRS,n,2.0NRT,309.55,3.42,D
31.90743,73.8342,342.99,0.49,0.4,2026-05-01,758,N,VIIRS,n,2.0NRT,309.4,8.08,D
31.91047,73.9425,339.96,0.48,0.4,2026-05-01,758,N,VIIRS,n,2.0NRT,308.76,3.66,D
31.91163,73.49104,333.15,0.5,0.41,2026-05-01,758,N,VIIRS,l,2.0NRT,306.77,1.76,D
31.91263,73.4963,332.62,0.5,0.41,2026-05-01,758,N,VIIRS,l,2.0NRT,307.33,1.76,D
31.91535,73.49006,345.16,0.5,0.41,2026-05-01,758,N,VIIRS,n,2.0NRT,309.64,3.81,D
31.91556,73.73564,344.96,0.49,0.4,2026-05-01,758,N,VIIRS,n,2.0NRT,308.89,3.78,D
31.91635,73.49532,335.51,0.5,0.41,2026-05-01,758,N,VIIRS,l,2.0NRT,308.25,3.81,D
31.9204,75.4551,337.99,0.42,0.38,2026-05-01,758,N,VIIRS,l,2.0NRT,309.52,2.54,D
31.9291,75.66844,336.8,0.42,0.37,2026-05-01,758,N,VIIRS,l,2.0NRT,311.68,6.32,D
31.93149,72.42597,330.27,0.57,0.43,2026-05-01,758,N,VIIRS,l,2.0NRT,304.36,3.7,D
31.93214,75.68591,342.12,0.42,0.37,2026-05-01,758,N,VIIRS,l,2.0NRT,312.98,4.96,D
31.93251,75.66763,343.83,0.42,0.37,2026-05-01,758,N,VIIRS,l,2.0NRT,315.72,8.64,D
31.93543,74.07755,339.8,0.47,0.4,2026-05-01,758,N,VIIRS,l,2.0NRT,310.11,2.46,D
31.93853,75.57948,339.86,0.42,0.38,2026-05-01,758,N,VIIRS,l,2.0NRT,311.97,3.73,D
31.94356,72.24945,342.96,0.39,0.44,2026-05-01,758,N,VIIRS,n,2.0NRT,303.9,2.9,D
31.94485,74.05125,336.69,0.48,0.4,2026-05-01,758,N,VIIRS,l,2.0NRT,308.79,2.91,D
31.94522,75.45374,334.76,0.42,0.38,2026-05-01,758,N,VIIRS,l,2.0NRT,308.66,1.65,D
31.94533,74.04897,341.88,0.48,0.4,2026-05-01,758,N,VIIRS,n,2.0NRT,308.37,3.66,D
31.94605,73.4875,335.62,0.5,0.41,2026-05-01,758,N,VIIRS,l,2.0NRT,307.65,4.77,D
31.94654,75.64609,346.16,0.42,0.37,2026-05-01,758,N,VIIRS,n,2.0NRT,313.36,5.77,D
31.94871,72.34595,337.81,0.57,0.43,2026-05-01,758,N,VIIRS,n,2.0NRT,304.29,3.95,D
31.97458,75.68493,335.23,0.42,0.37,2026-05-01,758,N,VIIRS,l,2.0NRT,309.33,2.38,D
31.97684,75.40113,337.39,0.42,0.38,2026-05-01,758,N,VIIRS,l,2.0NRT,311.24,2.7,D
31.99148,73.95554,345.28,0.48,0.4,2026-05-01,758,N,VIIRS,n,2.0NRT,309.19,3.12,D
31.99762,73.63133,339.19,0.5,0.41,2026-05-01,758,N,VIIRS,n,2.0NRT,308.61,3.41,D
32.00145,73.94771,339.63,0.48,0.4,2026-05-01,758,N,VIIRS,n,2.0NRT,309.21,3.6,D
32.00158,73.65202,334.61,0.49,0.41,2026-05-01,758,N,VIIRS,l,2.0NRT,306.6,2.85,D
32.00368,74.04141,340.91,0.48,0.4,2026-05-01,758,N,VIIRS,n,2.0NRT,309.99,3.96,D
32.00792,75.67244,342.21,0.42,0.37,2026-05-01,758,N,VIIRS,l,2.0NRT,308.65,5.35,D
32.01071,75.26726,337.15,0.43,0.38,2026-05-01,758,N,VIIRS,l,2.0NRT,310.28,3.43,D
32.01379,73.59442,335.37,0.5,0.41,2026-05-01,758,N,VIIRS,l,2.0NRT,309.05,3.81,D
32.01846,76.38177,338.41,0.4,0.37,2026-05-01,758,N,VIIRS,n,2.0NRT,306.24,5.58,D
32.02709,73.62363,338.7,0.5,0.41,2026-05-01,758,N,VIIRS,n,2.0NRT,309.31,3.08,D
32.03224,73.58961,343.9,0.5,0.41,2026-05-01,758,N,VIIRS,n,2.0NRT,308.44,4.67,D
32.03372,73.63821,336.65,0.49,0.41,2026-05-01,758,N,VIIRS,l,2.0NRT,307.93,4.81,D
32.03519,73.60519,333.28,0.5,0.41,2026-05-01,758,N,VIIRS,l,2.0NRT,307.68,4.06,D
32.03839,73.64243,341.94,0.49,0.41,2026-05-01,758,N,VIIRS,n,2.0NRT,309.17,4.66,D
32.03981,73.9936,335.86,0.48,0.4,2026-05-01,758,N,VIIRS,l,2.0NRT,308.07,3.35,D
32.04472,75.33832,340.25,0.43,0.38,2026-05-01,758,N,VIIRS,l,2.0NRT,310.2,3.5,D
32.04738,73.71034,349.11,0.49,0.4,2026-05-01,758,N,VIIRS,n,2.0NRT,312.22,11.05,D
32.04802,73.0202,336.53,0.53,0.42,2026-05-01,758,N,VIIRS,n,2.0NRT,303.76,3.39,D
32.04897,75.65002,344.1,0.42,0.37,2026-05-01,758,N,VIIRS,l,2.0NRT,311.47,7.72,D
32.04932,73.72061,341.02,0.49,0.4,2026-05-01,758,N,VIIRS,n,2.0NRT,310.27,2.51,D
32.04972,75.65439,349.02,0.42,0.37,2026-05-01,758,N,VIIRS,l,2.0NRT,310.78,7.72,D
32.05138,73.64988,339.36,0.49,0.41,2026-05-01,758,N,VIIRS,n,2.0NRT,309.06,3.43,D
32.05492,73.7299,339.33,0.49,0.4,2026-05-01,758,N,VIIRS,n,2.0NRT,308.12,3.18,D
32.05859,73.72896,336.69,0.49,0.4,2026-05-01,758,N,VIIRS,l,2.0NRT,309.01,3.18,D
32.06792,73.429,333.17,0.5,0.41,2026-05-01,758,N,VIIRS,l,2.0NRT,305.75,2.15,D
32.06861,75.43452,339.43,0.42,0.38,2026-05-01,758,N,VIIRS,l,2.0NRT,310.63,3.89,D
32.07022,74.07436,341.96,0.47,0.4,2026-05-01,758,N,VIIRS,n,2.0NRT,308.39,4.22,D
32.07163,73.42802,335.46,0.5,0.41,2026-05-01,758,N,VIIRS,l,2.0NRT,305.79,2.15,D
32.07204,75.43369,349.1,0.42,0.38,2026-05-01,758,N,VIIRS,l,2.0NRT,311.35,15.19,D
32.07367,73.43858,333.32,0.5,0.41,2026-05-01,758,N,VIIRS,l,2.0NRT,305.66,3.41,D
32.07882,75.35919,342.22,0.42,0.38,2026-05-01,758,N,VIIRS,l,2.0NRT,312.47,5.89,D
32.07961,73.65053,333.47,0.49,0.4,2026-05-01,758,N,VIIRS,l,2.0NRT,307.89,2.11,D
32.08226,75.35836,338.57,0.42,0.38,2026-05-01,758,N,VIIRS,l,2.0NRT,313.01,31.56,D
32.08508,73.33531,330.89,0.51,0.41,2026-05-01,758,N,VIIRS,l,2.0NRT,304.69,3.66,D
32.08631,74.03907,336.98,0.47,0.4,2026-05-01,758,N,VIIRS,l,2.0NRT,309.64,1.1,D
32.08703,74.0024,333.53,0.48,0.4,2026-05-01,758,N,VIIRS,l,2.0NRT,307.52,1.56,D
32.0987,73.6293,335.11,0.49,0.41,2026-05-01,758,N,VIIRS,l,2.0NRT,305.44,0.81,D
32.09901,74.04622,335.51,0.47,0.4,2026-05-01,758,N,VIIRS,l,2.0NRT,309.97,1.48,D
32.09912,73.59115,338.08,0.5,0.41,2026-05-01,758,N,VIIRS,l,2.0NRT,308.43,3.08,D
32.10323,71.0554,356.06,0.44,0.46,2026-05-01,758,N,VIIRS,n,2.0NRT,307.73,30.19,D
32.10346,73.71445,334.84,0.49,0.4,2026-05-01,758,N,VIIRS,l,2.0NRT,307.36,2.75,D
32.10568,75.4913,345,0.42,0.38,2026-05-01,758,N,VIIRS,l,2.0NRT,313.24,10.33,D
32.11342,73.62546,337.2,0.49,0.41,2026-05-01,758,N,VIIRS,n,2.0NRT,307,2.75,D
32.13785,73.75378,337.34,0.49,0.4,2026-05-01,758,N,VIIRS,n,2.0NRT,307.47,2.63,D
32.13819,73.61356,331.49,0.49,0.41,2026-05-01,758,N,VIIRS,l,2.0NRT,305.38,1.03,D
32.14089,73.60742,336.69,0.49,0.41,2026-05-01,758,N,VIIRS,l,2.0NRT,306.77,4.62,D
32.14187,73.61259,332.25,0.49,0.41,2026-05-01,758,N,VIIRS,l,2.0NRT,306.63,4.96,D
32.14558,75.45409,347.84,0.42,0.38,2026-05-01,758,N,VIIRS,n,2.0NRT,312.37,5.26,D
32.19916,72.81689,331.24,0.54,0.42,2026-05-01,758,N,VIIRS,n,2.0NRT,299.88,2.69,D
32.21052,75.64449,338.19,0.42,0.37,2026-05-01,758,N,VIIRS,l,2.0NRT,312.43,6,D
32.21127,73.23752,330.04,0.51,0.41,2026-05-01,758,N,VIIRS,l,2.0NRT,302.45,1.79,D
32.2116,72.20279,330.22,0.38,0.43,2026-05-01,758,N,VIIRS,l,2.0NRT,304.4,0.87,D
32.22138,73.79073,336.23,0.48,0.4,2026-05-01,758,N,VIIRS,l,2.0NRT,306.8,1.46,D
32.23331,74.01913,332.54,0.47,0.4,2026-05-01,758,N,VIIRS,l,2.0NRT,306.17,1,D
32.23527,75.40584,332.69,0.42,0.38,2026-05-01,758,N,VIIRS,l,2.0NRT,307.68,1.74,D
32.25585,75.40088,334.64,0.42,0.38,2026-05-01,758,N,VIIRS,n,2.0NRT,308.69,1.14,D
32.25756,73.96596,333.91,0.48,0.4,2026-05-01,758,N,VIIRS,l,2.0NRT,307.02,3.12,D
32.25759,73.9684,339,0.47,0.4,2026-05-01,758,N,VIIRS,n,2.0NRT,307.56,3.38,D
32.25977,73.28973,335.05,0.51,0.41,2026-05-01,758,N,VIIRS,n,2.0NRT,305.02,5.18,D
32.29339,73.34223,335.96,0.5,0.41,2026-05-01,758,N,VIIRS,n,2.0NRT,305.85,4.52,D
32.32476,72.56973,332.24,0.55,0.43,2026-05-01,758,N,VIIRS,n,2.0NRT,301.84,2.62,D
32.33495,75.45294,337.24,0.42,0.38,2026-05-01,758,N,VIIRS,l,2.0NRT,307.82,2.77,D
32.34246,75.41429,345.6,0.42,0.38,2026-05-01,758,N,VIIRS,l,2.0NRT,312.33,7.57,D
32.34324,75.41871,343.28,0.42,0.38,2026-05-01,758,N,VIIRS,l,2.0NRT,311.29,6.64,D
32.3439,75.38163,338.03,0.42,0.38,2026-05-01,758,N,VIIRS,l,2.0NRT,310.48,3.25,D
32.34408,74.43092,334.37,0.45,0.39,2026-05-01,758,N,VIIRS,l,2.0NRT,305.19,1.2,D
32.34655,75.37637,340.07,0.42,0.38,2026-05-01,758,N,VIIRS,l,2.0NRT,308.4,3.01,D
32.35267,71.8357,343.06,0.4,0.44,2026-05-01,758,N,VIIRS,n,2.0NRT,303.62,1.5,D
32.35667,71.83456,341.4,0.4,0.44,2026-05-01,758,N,VIIRS,n,2.0NRT,302.78,3.69,D
32.36071,74.52109,334.96,0.45,0.39,2026-05-01,758,N,VIIRS,l,2.0NRT,309.34,3.4,D
32.36615,75.46844,341.59,0.42,0.38,2026-05-01,758,N,VIIRS,n,2.0NRT,310.39,2.91,D
32.36935,75.34309,332.97,0.42,0.38,2026-05-01,758,N,VIIRS,l,2.0NRT,306.44,1.48,D
32.37013,75.34755,337.56,0.42,0.38,2026-05-01,758,N,VIIRS,l,2.0NRT,309.75,2.47,D
32.3835,75.36286,339.45,0.42,0.38,2026-05-01,758,N,VIIRS,l,2.0NRT,308.28,5.52,D
32.38566,75.29273,342.96,0.42,0.38,2026-05-01,758,N,VIIRS,l,2.0NRT,309.49,4.94,D
32.39613,75.32389,340.13,0.42,0.38,2026-05-01,758,N,VIIRS,l,2.0NRT,309.26,5.12,D
32.39828,75.29553,339.87,0.42,0.38,2026-05-01,758,N,VIIRS,n,2.0NRT,308.6,2.53,D
32.40908,75.31616,338.45,0.42,0.38,2026-05-01,758,N,VIIRS,l,2.0NRT,310.02,4.1,D
32.45044,74.67052,346.81,0.44,0.39,2026-05-01,758,N,VIIRS,n,2.0NRT,311.17,5.2,D
32.4893,74.96922,338.19,0.43,0.38,2026-05-01,758,N,VIIRS,l,2.0NRT,310.82,5.46,D
32.49277,74.96837,343.01,0.43,0.38,2026-05-01,758,N,VIIRS,l,2.0NRT,310.98,3.52,D
32.49611,74.74179,341.72,0.44,0.38,2026-05-01,758,N,VIIRS,l,2.0NRT,313.02,8.87,D
32.49624,74.96751,340.77,0.43,0.38,2026-05-01,758,N,VIIRS,l,2.0NRT,309.45,3.52,D
32.50132,74.97576,340.41,0.43,0.38,2026-05-01,758,N,VIIRS,l,2.0NRT,309.57,4.44,D
32.50214,74.98032,352.17,0.43,0.38,2026-05-01,758,N,VIIRS,l,2.0NRT,312.34,8.08,D
32.50398,74.97035,338.94,0.43,0.38,2026-05-01,758,N,VIIRS,l,2.0NRT,310.71,4.44,D
32.50641,74.98403,350.78,0.43,0.38,2026-05-01,758,N,VIIRS,n,2.0NRT,313.1,8.08,D
32.50896,74.91669,336.12,0.43,0.38,2026-05-01,758,N,VIIRS,l,2.0NRT,309.51,2.78,D
32.50985,74.83973,343.65,0.44,0.38,2026-05-01,758,N,VIIRS,l,2.0NRT,311.86,6.23,D
32.51163,74.91124,344.95,0.43,0.38,2026-05-01,758,N,VIIRS,l,2.0NRT,313.36,8.67,D
32.51334,74.83886,344.19,0.44,0.38,2026-05-01,758,N,VIIRS,l,2.0NRT,307.9,4.55,D
32.5182,75.07112,337.05,0.43,0.38,2026-05-01,758,N,VIIRS,l,2.0NRT,310.6,6.54,D
32.51947,74.83414,340.85,0.44,0.38,2026-05-01,758,N,VIIRS,l,2.0NRT,308.47,2.82,D
32.51949,74.83252,338.92,0.44,0.38,2026-05-01,758,N,VIIRS,n,2.0NRT,309.16,2.93,D
32.51951,71.72327,344.87,0.4,0.44,2026-05-01,758,N,VIIRS,n,2.0NRT,306.08,12.08,D
32.52801,74.98347,334.61,0.43,0.38,2026-05-01,758,N,VIIRS,l,2.0NRT,306.82,2.29,D
32.53247,74.90604,338.6,0.43,0.38,2026-05-01,758,N,VIIRS,l,2.0NRT,310.24,5.1,D
32.53275,74.90756,341.08,0.43,0.38,2026-05-01,758,N,VIIRS,l,2.0NRT,311.07,5.66,D
32.53402,74.75338,340.96,0.44,0.38,2026-05-01,758,N,VIIRS,l,2.0NRT,309.34,7.02,D
32.54634,74.8419,340.48,0.44,0.38,2026-05-01,758,N,VIIRS,l,2.0NRT,312.27,6.16,D
32.56125,73.74001,338.45,0.48,0.4,2026-05-01,758,N,VIIRS,n,2.0NRT,307.18,4.98,D
32.56144,74.80447,341.72,0.44,0.38,2026-05-01,758,N,VIIRS,l,2.0NRT,312.18,8.52,D
32.56245,74.78976,346.39,0.44,0.38,2026-05-01,758,N,VIIRS,n,2.0NRT,312.93,6.91,D
32.56457,74.84216,337.26,0.44,0.38,2026-05-01,758,N,VIIRS,l,2.0NRT,312.21,6.72,D
32.56528,74.76493,351.62,0.44,0.38,2026-05-01,758,N,VIIRS,l,2.0NRT,312.95,8.5,D
32.56562,74.72613,340.65,0.44,0.38,2026-05-01,758,N,VIIRS,l,2.0NRT,311.74,9.6,D
32.56611,74.76955,341.57,0.44,0.38,2026-05-01,758,N,VIIRS,l,2.0NRT,311.97,8.5,D
32.57042,74.77331,341.32,0.44,0.38,2026-05-01,758,N,VIIRS,l,2.0NRT,312.18,5.45,D
32.57208,73.34487,331.32,0.5,0.41,2026-05-01,758,N,VIIRS,l,2.0NRT,304.3,2.36,D
32.57342,71.70076,331.11,0.4,0.44,2026-05-01,758,N,VIIRS,l,2.0NRT,305.01,1.24,D
32.57391,74.77244,350.08,0.44,0.38,2026-05-01,758,N,VIIRS,n,2.0NRT,311.79,8.44,D
32.58235,74.79926,338.52,0.44,0.38,2026-05-01,758,N,VIIRS,l,2.0NRT,309.4,3.95,D
32.58254,74.77994,342.62,0.44,0.38,2026-05-01,758,N,VIIRS,l,2.0NRT,313.12,5.7,D
32.58584,74.79841,338.12,0.44,0.38,2026-05-01,758,N,VIIRS,l,2.0NRT,309.09,5.96,D
32.58686,74.78369,341.15,0.44,0.38,2026-05-01,758,N,VIIRS,l,2.0NRT,310.84,5.7,D
32.60313,73.73968,337.64,0.48,0.4,2026-05-01,758,N,VIIRS,n,2.0NRT,307.39,2.93,D
32.60715,74.75447,340.93,0.44,0.38,2026-05-01,758,N,VIIRS,l,2.0NRT,311.31,6.68,D
32.60857,74.70081,340.4,0.44,0.38,2026-05-01,758,N,VIIRS,l,2.0NRT,311.63,5.07,D
32.60899,74.82632,341.24,0.44,0.38,2026-05-01,758,N,VIIRS,l,2.0NRT,313.17,10.55,D
32.61591,73.62431,334.53,0.49,0.4,2026-05-01,758,N,VIIRS,n,2.0NRT,306.91,2.76,D
32.6254,71.51913,337.37,0.41,0.45,2026-05-01,758,N,VIIRS,l,2.0NRT,307.93,5.26,D
32.62654,73.32482,340.18,0.5,0.41,2026-05-01,758,N,VIIRS,n,2.0NRT,305.72,6.45,D
32.62768,71.50934,341.37,0.41,0.45,2026-05-01,758,N,VIIRS,n,2.0NRT,304.79,1.73,D
32.64294,71.60471,332.33,0.4,0.45,2026-05-01,758,N,VIIRS,l,2.0NRT,304.3,2.69,D
32.64939,73.66646,334.25,0.48,0.4,2026-05-01,758,N,VIIRS,n,2.0NRT,307.7,1.58,D
32.66721,74.80472,332.67,0.44,0.38,2026-05-01,758,N,VIIRS,l,2.0NRT,307.51,2.23,D
32.66796,71.60201,337.51,0.4,0.44,2026-05-01,758,N,VIIRS,n,2.0NRT,305.72,2.16,D
32.70272,74.03243,338.31,0.47,0.39,2026-05-01,758,N,VIIRS,l,2.0NRT,310.34,3.15,D
32.70296,74.02961,337.42,0.47,0.39,2026-05-01,758,N,VIIRS,l,2.0NRT,309.96,3.34,D
32.7998,74.53197,344.6,0.44,0.39,2026-05-01,758,N,VIIRS,l,2.0NRT,314.97,14.25,D
32.86189,74.67243,335.33,0.44,0.38,2026-05-01,758,N,VIIRS,l,2.0NRT,309.47,4.04,D
32.8924,71.5261,346.92,0.4,0.44,2026-05-01,758,N,VIIRS,n,2.0NRT,306.86,20.82,D
22.09083,69.51535,345.29,0.7,0.75,2026-05-01,934,N,VIIRS,n,2.0NRT,302.35,4.37,D
22.09245,69.51668,338.5,0.7,0.75,2026-05-01,934,N,VIIRS,n,2.0NRT,302.27,5.62,D
22.92724,70.10304,334.67,0.78,0.78,2026-05-01,937,N,VIIRS,n,2.0NRT,297.77,9,D
22.92771,70.11095,334.06,0.78,0.78,2026-05-01,937,N,VIIRS,n,2.0NRT,297.48,12.17,D
26.09712,68.88067,331.34,0.69,0.75,2026-05-01,937,N,VIIRS,l,2.0NRT,305.91,3.19,D
28.14352,68.65796,335.94,0.7,0.75,2026-05-01,937,N,VIIRS,l,2.0NRT,308.09,3.13,D
28.14794,68.65544,332.84,0.7,0.75,2026-05-01,937,N,VIIRS,l,2.0NRT,306.74,2.1,D
17.30612,97.05872,304.22,0.57,0.52,2026-05-01,1843,N,VIIRS,n,2.0NRT,291.88,0.82,N
17.76652,94.86118,308.26,0.41,0.6,2026-05-01,1843,N,VIIRS,n,2.0NRT,287.23,1.21,N
17.91087,97.69254,303.18,0.53,0.5,2026-05-01,1843,N,VIIRS,n,2.0NRT,286.89,2.09,N
17.91318,97.68892,302.34,0.53,0.5,2026-05-01,1843,N,VIIRS,n,2.0NRT,288.01,1.82,N
19.20929,96.46358,342.68,0.33,0.55,2026-05-01,1843,N,VIIRS,n,2.0NRT,282.5,3.44,N
15.13273,97.99033,316.51,0.47,0.48,2026-05-01,1845,N,VIIRS,n,2.0NRT,289.28,1.3,N
15.13826,97.98198,312.83,0.47,0.48,2026-05-01,1845,N,VIIRS,n,2.0NRT,288.76,1.54,N
27.01203,81.034,308.31,0.39,0.36,2026-05-01,2021,N,VIIRS,n,2.0NRT,292.75,0.74,N
27.72613,84.81707,303.6,0.43,0.38,2026-05-01,2021,N,VIIRS,n,2.0NRT,287.1,0.82,N
27.76273,79.51141,310.78,0.43,0.38,2026-05-01,2021,N,VIIRS,n,2.0NRT,293.37,0.95,N
28.05244,69.36385,306.7,0.53,0.67,2026-05-01,2021,N,VIIRS,n,2.0NRT,295.46,1.13,N
28.22345,77.2768,305.9,0.54,0.42,2026-05-01,2021,N,VIIRS,n,2.0NRT,293.42,0.82,N
28.22381,77.27588,306.48,0.54,0.42,2026-05-01,2021,N,VIIRS,n,2.0NRT,293.85,1.12,N
28.29859,77.21462,304.54,0.55,0.43,2026-05-01,2021,N,VIIRS,n,2.0NRT,293.28,0.74,N
28.71117,76.83348,305.74,0.39,0.44,2026-05-01,2021,N,VIIRS,n,2.0NRT,293.66,0.5,N
28.74531,76.92733,305.14,0.38,0.43,2026-05-01,2021,N,VIIRS,n,2.0NRT,294.19,1,N
28.77175,76.69946,304.52,0.39,0.44,2026-05-01,2021,N,VIIRS,n,2.0NRT,293.63,0.71,N
28.85211,80.28908,305.5,0.41,0.37,2026-05-01,2021,N,VIIRS,n,2.0NRT,291.62,0.69,N
28.86999,76.37032,309.4,0.41,0.45,2026-05-01,2021,N,VIIRS,n,2.0NRT,293.47,0.58,N
29.02769,76.29081,305,0.42,0.45,2026-05-01,2021,N,VIIRS,n,2.0NRT,293.23,0.99,N
29.16652,76.04018,307.91,0.43,0.46,2026-05-01,2021,N,VIIRS,n,2.0NRT,293.67,0.66,N
29.25553,75.32929,305.8,0.48,0.48,2026-05-01,2021,N,VIIRS,n,2.0NRT,293.94,0.6,N
30.28178,76.95687,306.2,0.4,0.44,2026-05-01,2021,N,VIIRS,n,2.0NRT,292.79,0.9,N
30.44754,70.5667,304.05,0.47,0.64,2026-05-01,2021,N,VIIRS,n,2.0NRT,292.65,0.79,N
33.27675,72.14481,307.49,0.41,0.6,2026-05-01,2021,N,VIIRS,n,2.0NRT,291.08,0.79,N
20.25632,86.59896,309.91,0.45,0.47,2026-05-01,2023,N,VIIRS,n,2.0NRT,295.4,2.36,N
20.25984,82.40683,305.68,0.42,0.37,2026-05-01,2023,N,VIIRS,n,2.0NRT,292.01,1.57,N
20.55728,79.62105,315.6,0.39,0.36,2026-05-01,2023,N,VIIRS,n,2.0NRT,296.91,1.3,N
20.57195,79.60764,309.96,0.39,0.36,2026-05-01,2023,N,VIIRS,n,2.0NRT,298.86,1.24,N
20.60792,79.22482,318.72,0.39,0.36,2026-05-01,2023,N,VIIRS,n,2.0NRT,297.31,1.12,N
20.61126,79.22538,309.84,0.39,0.36,2026-05-01,2023,N,VIIRS,n,2.0NRT,296.53,1.12,N
20.70269,78.6199,312.05,0.4,0.37,2026-05-01,2023,N,VIIRS,n,2.0NRT,300.03,1.5,N
20.75997,85.29984,311.53,0.55,0.43,2026-05-01,2023,N,VIIRS,n,2.0NRT,296.25,1.61,N
20.76094,85.29465,317.13,0.55,0.43,2026-05-01,2023,N,VIIRS,n,2.0NRT,297.23,3.71,N
20.78624,85.26725,307.58,0.55,0.43,2026-05-01,2023,N,VIIRS,n,2.0NRT,296.35,3.17,N
20.78694,85.26344,308.84,0.55,0.43,2026-05-01,2023,N,VIIRS,n,2.0NRT,296.93,3.52,N
20.79284,85.25372,312.51,0.55,0.43,2026-05-01,2023,N,VIIRS,n,2.0NRT,296.07,3.26,N
20.79304,85.25224,312.51,0.55,0.43,2026-05-01,2023,N,VIIRS,n,2.0NRT,295.96,3.41,N
20.79914,77.99054,316.11,0.42,0.38,2026-05-01,2023,N,VIIRS,n,2.0NRT,298.78,0.96,N
20.80449,85.25624,311.1,0.55,0.43,2026-05-01,2023,N,VIIRS,n,2.0NRT,296.42,2.73,N
20.82581,80.00341,307.07,0.39,0.36,2026-05-01,2023,N,VIIRS,n,2.0NRT,295.11,0.83,N
20.82912,80.00399,315.81,0.39,0.36,2026-05-01,2023,N,VIIRS,n,2.0NRT,295.58,0.83,N
20.86285,84.98957,308.98,0.53,0.42,2026-05-01,2023,N,VIIRS,n,2.0NRT,295.76,1.81,N
20.86571,84.9955,316.49,0.53,0.42,2026-05-01,2023,N,VIIRS,n,2.0NRT,296.77,3.6,N
20.86668,84.99035,315.22,0.53,0.42,2026-05-01,2023,N,VIIRS,n,2.0NRT,297.08,3.91,N
20.88386,84.98349,307.5,0.53,0.42,2026-05-01,2023,N,VIIRS,n,2.0NRT,296.51,1.74,N
20.88767,84.98434,314.78,0.53,0.42,2026-05-01,2023,N,VIIRS,n,2.0NRT,296.55,1.74,N
20.88861,84.97926,318.07,0.53,0.42,2026-05-01,2023,N,VIIRS,n,2.0NRT,295.88,1.74,N
20.92218,86.04151,307.93,0.4,0.45,2026-05-01,2023,N,VIIRS,n,2.0NRT,294.07,0.86,N
20.93954,86.06145,313.86,0.41,0.45,2026-05-01,2023,N,VIIRS,n,2.0NRT,294.71,1.32,N
20.94028,86.05756,306.11,0.41,0.45,2026-05-01,2023,N,VIIRS,n,2.0NRT,294.46,1.32,N
20.95063,86.0476,314.6,0.4,0.45,2026-05-01,2023,N,VIIRS,n,2.0NRT,294.68,1.98,N
20.95077,85.12133,307.54,0.54,0.42,2026-05-01,2023,N,VIIRS,n,2.0NRT,295.26,1.89,N
20.95364,85.01429,306.92,0.53,0.42,2026-05-01,2023,N,VIIRS,n,2.0NRT,295.93,1.6,N
20.95457,85.00924,317.24,0.53,0.42,2026-05-01,2023,N,VIIRS,n,2.0NRT,297,3.49,N
20.9556,85.01102,328.34,0.53,0.42,2026-05-01,2023,N,VIIRS,n,2.0NRT,298.38,2.89,N
20.95942,85.01184,309.58,0.53,0.42,2026-05-01,2023,N,VIIRS,n,2.0NRT,296.71,2.89,N
20.96036,85.1769,307.83,0.54,0.42,2026-05-01,2023,N,VIIRS,n,2.0NRT,297.26,2.63,N
20.96132,85.17175,321.97,0.54,0.42,2026-05-01,2023,N,VIIRS,n,2.0NRT,297.72,2.63,N
20.96199,86.00992,310.09,0.4,0.44,2026-05-01,2023,N,VIIRS,n,2.0NRT,294.64,2.74,N
20.96227,85.18813,340.52,0.54,0.42,2026-05-01,2023,N,VIIRS,n,2.0NRT,299.05,3.69,N
20.96229,85.1666,320.52,0.54,0.42,2026-05-01,2023,N,VIIRS,n,2.0NRT,297.61,2.53,N
20.96272,86.00607,343.81,0.4,0.44,2026-05-01,2023,N,VIIRS,n,2.0NRT,295.33,2.74,N
20.96282,86.05027,314.65,0.4,0.45,2026-05-01,2023,N,VIIRS,n,2.0NRT,294.32,1.85,N
20.96325,85.16147,310.03,0.54,0.42,2026-05-01,2023,N,VIIRS,n,2.0NRT,296.81,2.53,N
20.96325,85.1829,314.23,0.54,0.42,2026-05-01,2023,N,VIIRS,n,2.0NRT,296.76,3.69,N
20.96327,85.07604,314.76,0.53,0.42,2026-05-01,2023,N,VIIRS,n,2.0NRT,295.85,2.24,N
20.96518,85.17258,315.23,0.54,0.42,2026-05-01,2023,N,VIIRS,n,2.0NRT,296.81,5.69,N
20.96531,86.01469,308.12,0.4,0.44,2026-05-01,2023,N,VIIRS,n,2.0NRT,294.13,1.36,N
20.96575,86.05069,306.15,0.4,0.45,2026-05-01,2023,N,VIIRS,n,2.0NRT,294.16,1.02,N
20.96604,86.01085,324.21,0.4,0.44,2026-05-01,2023,N,VIIRS,n,2.0NRT,294.72,3,N
20.96613,85.18893,309.46,0.54,0.42,2026-05-01,2023,N,VIIRS,n,2.0NRT,296.38,3.69,N
20.96614,85.16744,323.6,0.54,0.42,2026-05-01,2023,N,VIIRS,n,2.0NRT,296.99,3.25,N
20.96863,86.01946,310.97,0.4,0.44,2026-05-01,2023,N,VIIRS,n,2.0NRT,295.26,1.36,N
20.96903,85.15201,323.57,0.54,0.42,2026-05-01,2023,N,VIIRS,n,2.0NRT,297.05,4.68,N
20.96903,85.17342,342.14,0.54,0.42,2026-05-01,2023,N,VIIRS,n,2.0NRT,298.41,5.69,N
20.96936,86.01559,309.4,0.4,0.44,2026-05-01,2023,N,VIIRS,n,2.0NRT,295.42,1.36,N
20.96999,85.16829,314.93,0.54,0.42,2026-05-01,2023,N,VIIRS,n,2.0NRT,296.74,3.25,N
20.97008,86.01176,322.47,0.4,0.44,2026-05-01,2023,N,VIIRS,n,2.0NRT,295.57,3,N
20.97154,86.00405,311.78,0.4,0.44,2026-05-01,2023,N,VIIRS,n,2.0NRT,296.04,2.66,N
20.97289,85.17426,332.33,0.54,0.42,2026-05-01,2023,N,VIIRS,n,2.0NRT,297.86,5.76,N
20.97672,85.13226,313.56,0.54,0.42,2026-05-01,2023,N,VIIRS,n,2.0NRT,296.71,4.55,N
20.9777,85.16998,311.89,0.54,0.42,2026-05-01,2023,N,VIIRS,n,2.0NRT,296.31,3.53,N
20.98056,85.1331,314.35,0.54,0.42,2026-05-01,2023,N,VIIRS,n,2.0NRT,296.86,4.09,N
21.00014,86.02609,310.87,0.4,0.44,2026-05-01,2023,N,VIIRS,n,2.0NRT,294.48,1.4,N
21.07078,85.04266,306.05,0.53,0.42,2026-05-01,2023,N,VIIRS,n,2.0NRT,295.32,1.36,N
21.07842,85.04431,311.17,0.53,0.42,2026-05-01,2023,N,VIIRS,n,2.0NRT,295.91,3.17,N
21.07936,85.03927,332.18,0.53,0.42,2026-05-01,2023,N,VIIRS,n,2.0NRT,297.47,4.06,N
21.08032,85.0342,308.34,0.53,0.42,2026-05-01,2023,N,VIIRS,n,2.0NRT,297.93,4.06,N
21.18101,81.38495,314.56,0.39,0.36,2026-05-01,2023,N,VIIRS,n,2.0NRT,299.55,1.29,N
21.18162,81.38123,313.28,0.39,0.36,2026-05-01,2023,N,VIIRS,n,2.0NRT,297.74,1.29,N
21.18433,81.38557,319.07,0.39,0.36,2026-05-01,2023,N,VIIRS,n,2.0NRT,299.55,1.29,N
21.18704,81.38992,319.06,0.39,0.36,2026-05-01,2023,N,VIIRS,n,2.0NRT,300.64,3.28,N
21.18909,81.21025,308.89,0.39,0.36,2026-05-01,2023,N,VIIRS,n,2.0NRT,297.2,1.62,N
21.1909,81.19912,312.64,0.39,0.36,2026-05-01,2023,N,VIIRS,n,2.0NRT,297.39,1.76,N
21.19334,81.41417,331.19,0.39,0.36,2026-05-01,2023,N,VIIRS,n,2.0NRT,297.6,3.43,N
21.19369,81.39117,313.05,0.39,0.36,2026-05-01,2023,N,VIIRS,n,2.0NRT,299.2,3.24,N
21.21357,82.1358,309.35,0.4,0.37,2026-05-01,2023,N,VIIRS,n,2.0NRT,297.13,2.19,N
21.23217,79.62823,308.98,0.39,0.36,2026-05-01,2023,N,VIIRS,n,2.0NRT,297,2.16,N
21.23955,79.22915,311.29,0.39,0.37,2026-05-01,2023,N,VIIRS,n,2.0NRT,297.57,1.6,N
21.24405,79.22215,315.57,0.4,0.37,2026-05-01,2023,N,VIIRS,n,2.0NRT,297.93,1.46,N
21.2474,79.22272,311.96,0.4,0.37,2026-05-01,2023,N,VIIRS,n,2.0NRT,298.66,1.46,N
21.24912,79.21133,319.4,0.4,0.37,2026-05-01,2023,N,VIIRS,n,2.0NRT,297.75,1.84,N
21.24969,79.20755,321.32,0.4,0.37,2026-05-01,2023,N,VIIRS,n,2.0NRT,297.57,1.84,N
21.2519,79.21571,308.13,0.4,0.37,2026-05-01,2023,N,VIIRS,n,2.0NRT,296.38,0.84,N
21.26038,79.51029,306.27,0.39,0.36,2026-05-01,2023,N,VIIRS,n,2.0NRT,294.93,1.85,N
21.27149,78.47337,307.94,0.41,0.37,2026-05-01,2023,N,VIIRS,n,2.0NRT,295.88,1.8,N
21.27182,78.47382,310.14,0.41,0.37,2026-05-01,2023,N,VIIRS,n,2.0NRT,296.01,1.47,N
21.27548,78.46997,314.11,0.41,0.37,2026-05-01,2023,N,VIIRS,n,2.0NRT,296.43,2.02,N
21.27891,78.47054,322.55,0.41,0.37,2026-05-01,2023,N,VIIRS,n,2.0NRT,297.31,3.24,N
21.28176,78.47505,324.17,0.41,0.37,2026-05-01,2023,N,VIIRS,n,2.0NRT,298.23,3.27,N
21.28518,78.4756,312.29,0.41,0.37,2026-05-01,2023,N,VIIRS,n,2.0NRT,297.26,1.79,N
21.29059,80.81409,309.44,0.38,0.36,2026-05-01,2023,N,VIIRS,n,2.0NRT,297.83,1.22,N
21.29118,80.81041,310.69,0.38,0.36,2026-05-01,2023,N,VIIRS,n,2.0NRT,297.6,1.73,N
21.29308,81.5943,308.78,0.39,0.36,2026-05-01,2023,N,VIIRS,n,2.0NRT,297.01,1.25,N
21.2939,80.8147,308.17,0.38,0.36,2026-05-01,2023,N,VIIRS,n,2.0NRT,297.13,1.22,N
21.29449,80.81101,307.97,0.38,0.36,2026-05-01,2023,N,VIIRS,n,2.0NRT,297.1,1.26,N
21.31097,81.58992,311.95,0.39,0.36,2026-05-01,2023,N,VIIRS,n,2.0NRT,297.98,1.96,N
21.34255,79.42043,346.11,0.39,0.36,2026-05-01,2023,N,VIIRS,n,2.0NRT,298.74,9.34,N
21.34497,81.66592,309.78,0.39,0.36,2026-05-01,2023,N,VIIRS,n,2.0NRT,296.55,1.61,N
21.34589,79.42101,347.1,0.39,0.36,2026-05-01,2023,N,VIIRS,n,2.0NRT,297.41,9.34,N
21.34817,79.42071,308.75,0.39,0.36,2026-05-01,2023,N,VIIRS,n,2.0NRT,295.2,1.17,N
21.35724,79.54186,308.79,0.39,0.36,2026-05-01,2023,N,VIIRS,n,2.0NRT,295.28,2.51,N
21.35768,81.67218,315.99,0.39,0.36,2026-05-01,2023,N,VIIRS,n,2.0NRT,297.76,2.02,N
21.36413,81.654,314.13,0.39,0.36,2026-05-01,2023,N,VIIRS,n,2.0NRT,298.96,2.07,N
21.36537,81.64648,311.88,0.39,0.36,2026-05-01,2023,N,VIIRS,n,2.0NRT,298.3,2.76,N
21.36707,81.67783,311.12,0.39,0.36,2026-05-01,2023,N,VIIRS,n,2.0NRT,298.34,2.37,N
21.36992,77.28635,322.13,0.46,0.39,2026-05-01,2023,N,VIIRS,n,2.0NRT,299.43,1.83,N
21.3705,77.28214,317.35,0.46,0.39,2026-05-01,2023,N,VIIRS,n,2.0NRT,299.11,1.83,N
21.37436,81.67532,309.33,0.39,0.36,2026-05-01,2023,N,VIIRS,n,2.0NRT,297.77,1.64,N
21.37475,81.65212,308.56,0.39,0.36,2026-05-01,2023,N,VIIRS,n,2.0NRT,297.72,1.98,N
21.37661,81.64085,312.89,0.39,0.36,2026-05-01,2023,N,VIIRS,n,2.0NRT,299.01,2.8,N
21.37707,81.67972,316.04,0.39,0.36,2026-05-01,2023,N,VIIRS,n,2.0NRT,299.47,2.61,N
21.38079,75.24835,306.65,0.39,0.44,2026-05-01,2023,N,VIIRS,n,2.0NRT,295.88,0.39,N
21.38932,81.64712,312.36,0.39,0.36,2026-05-01,2023,N,VIIRS,n,2.0NRT,298.82,2.09,N
21.39396,77.02908,314.38,0.47,0.4,2026-05-01,2023,N,VIIRS,n,2.0NRT,298.32,1.82,N
21.41843,80.65117,306.74,0.38,0.36,2026-05-01,2023,N,VIIRS,n,2.0NRT,293.73,1.2,N
21.41902,80.64748,309.97,0.38,0.36,2026-05-01,2023,N,VIIRS,n,2.0NRT,294.97,1.2,N
21.42017,77.9553,310.17,0.43,0.38,2026-05-01,2023,N,VIIRS,n,2.0NRT,298.8,1.44,N
21.42243,77.93954,317.19,0.43,0.38,2026-05-01,2023,N,VIIRS,n,2.0NRT,298,1.79,N
21.42301,77.93545,323.67,0.43,0.38,2026-05-01,2023,N,VIIRS,n,2.0NRT,298.28,1.79,N
21.42363,77.93117,312.78,0.43,0.38,2026-05-01,2023,N,VIIRS,n,2.0NRT,298.1,1.17,N
21.42425,77.92685,312.98,0.43,0.38,2026-05-01,2023,N,VIIRS,n,2.0NRT,297.87,1.17,N
21.42591,77.94016,309.61,0.43,0.38,2026-05-01,2023,N,VIIRS,n,2.0NRT,297.01,1.36,N
21.42773,77.92747,314.44,0.43,0.38,2026-05-01,2023,N,VIIRS,n,2.0NRT,298,2.39,N
21.43244,77.91957,310.63,0.43,0.38,2026-05-01,2023,N,VIIRS,n,2.0NRT,297.97,0.91,N
21.43471,77.9287,312.47,0.43,0.38,2026-05-01,2023,N,VIIRS,n,2.0NRT,297.44,0.98,N
21.43532,77.92442,318.22,0.43,0.38,2026-05-01,2023,N,VIIRS,n,2.0NRT,297.83,1.98,N
21.48816,81.76998,313.08,0.39,0.36,2026-05-01,2023,N,VIIRS,n,2.0NRT,298.53,2.16,N
21.54296,81.94761,312.06,0.4,0.37,2026-05-01,2023,N,VIIRS,n,2.0NRT,299.16,1.82,N
21.56109,81.75558,311.31,0.39,0.36,2026-05-01,2023,N,VIIRS,n,2.0NRT,298.74,1.41,N
21.57574,82.02077,309.29,0.4,0.37,2026-05-01,2023,N,VIIRS,n,2.0NRT,299.21,1.58,N
21.57992,81.33519,314.55,0.39,0.36,2026-05-01,2023,N,VIIRS,n,2.0NRT,295.29,1.42,N
21.59677,77.74981,307.56,0.44,0.38,2026-05-01,2023,N,VIIRS,n,2.0NRT,296.42,0.72,N
21.62229,81.79384,311.41,0.39,0.36,2026-05-01,2023,N,VIIRS,n,2.0NRT,297.34,0.87,N
21.63102,82.11362,307.59,0.4,0.37,2026-05-01,2023,N,VIIRS,n,2.0NRT,297.02,1.08,N
21.63267,78.95592,315.24,0.4,0.37,2026-05-01,2023,N,VIIRS,n,2.0NRT,296.63,4.33,N
21.63362,78.95526,313.98,0.4,0.37,2026-05-01,2023,N,VIIRS,n,2.0NRT,296.39,3.97,N
21.63382,78.94823,308.97,0.4,0.37,2026-05-01,2023,N,VIIRS,n,2.0NRT,296.48,4.82,N
21.65348,77.88378,308.57,0.43,0.38,2026-05-01,2023,N,VIIRS,n,2.0NRT,296.63,0.59,N
21.67159,76.95557,313.67,0.48,0.4,2026-05-01,2023,N,VIIRS,n,2.0NRT,298.67,0.69,N
21.6728,84.04081,304.42,0.46,0.39,2026-05-01,2023,N,VIIRS,n,2.0NRT,294.26,1.95,N
21.675,82.07854,311.08,0.4,0.37,2026-05-01,2023,N,VIIRS,n,2.0NRT,298.97,2.44,N
21.6772,84.03711,321.07,0.46,0.39,2026-05-01,2023,N,VIIRS,n,2.0NRT,295.14,1.95,N
21.67999,84.0423,305.18,0.46,0.39,2026-05-01,2023,N,VIIRS,n,2.0NRT,294.74,1.24,N
21.6808,84.03786,312.43,0.46,0.39,2026-05-01,2023,N,VIIRS,n,2.0NRT,295.22,1.24,N
21.68431,72.53543,311.27,0.57,0.52,2026-05-01,2023,N,VIIRS,n,2.0NRT,296.05,2.96,N
21.68608,78.9521,316.01,0.4,0.37,2026-05-01,2023,N,VIIRS,n,2.0NRT,295.81,4.09,N
21.68876,78.01566,317.39,0.43,0.38,2026-05-01,2023,N,VIIRS,n,2.0NRT,294.79,1.18,N
21.69226,78.01624,318.35,0.43,0.38,2026-05-01,2023,N,VIIRS,n,2.0NRT,294.71,1.18,N
21.6968,84.03189,304.3,0.46,0.39,2026-05-01,2023,N,VIIRS,n,2.0NRT,294,0.96,N
21.69693,78.00847,309.06,0.43,0.38,2026-05-01,2023,N,VIIRS,n,2.0NRT,293.77,0.49,N
21.71478,78.78117,309.35,0.41,0.37,2026-05-01,2023,N,VIIRS,n,2.0NRT,295.39,1.84,N
21.71819,78.7817,309.59,0.41,0.37,2026-05-01,2023,N,VIIRS,n,2.0NRT,294.96,1.84,N
21.73884,83.83949,315.21,0.45,0.39,2026-05-01,2023,N,VIIRS,n,2.0NRT,294.64,2.61,N
21.74161,83.8446,313.56,0.46,0.39,2026-05-01,2023,N,VIIRS,n,2.0NRT,294.33,2.61,N
21.7424,83.84023,333.13,0.45,0.39,2026-05-01,2023,N,VIIRS,n,2.0NRT,296.67,2.61,N
21.74419,77.97792,322.23,0.43,0.38,2026-05-01,2023,N,VIIRS,n,2.0NRT,294.17,2.3,N
21.74517,83.84535,329.7,0.46,0.39,2026-05-01,2023,N,VIIRS,n,2.0NRT,295.13,4.13,N
21.74596,83.84097,331.38,0.45,0.39,2026-05-01,2023,N,VIIRS,n,2.0NRT,296.62,4.13,N
21.74825,83.97342,319.25,0.46,0.39,2026-05-01,2023,N,VIIRS,n,2.0NRT,294.99,2.82,N
21.74952,83.84172,337.04,0.45,0.39,2026-05-01,2023,N,VIIRS,n,2.0NRT,296.9,4.13,N
21.75183,83.97414,305.11,0.46,0.39,2026-05-01,2023,N,VIIRS,n,2.0NRT,294.66,0.87,N
21.75392,84.02513,305.91,0.46,0.39,2026-05-01,2023,N,VIIRS,n,2.0NRT,295.21,0.97,N
21.75542,83.97486,307.41,0.46,0.39,2026-05-01,2023,N,VIIRS,n,2.0NRT,294.49,0.87,N
21.75664,83.8432,333.49,0.45,0.39,2026-05-01,2023,N,VIIRS,n,2.0NRT,295.46,4.73,N
21.75751,84.02588,307.99,0.46,0.39,2026-05-01,2023,N,VIIRS,n,2.0NRT,295.34,1.57,N
21.75775,83.81624,306.13,0.45,0.39,2026-05-01,2023,N,VIIRS,n,2.0NRT,293.97,1.06,N
21.7583,84.02144,320.96,0.46,0.39,2026-05-01,2023,N,VIIRS,n,2.0NRT,296.65,4,N
21.7602,83.84394,322.44,0.45,0.39,2026-05-01,2023,N,VIIRS,n,2.0NRT,295.11,2.73,N
21.76627,84.01849,318.97,0.46,0.39,2026-05-01,2023,N,VIIRS,n,2.0NRT,296.92,2.23,N
21.76986,84.01923,311.4,0.46,0.39,2026-05-01,2023,N,VIIRS,n,2.0NRT,296.34,2.23,N
21.77755,83.82935,306.5,0.45,0.39,2026-05-01,2023,N,VIIRS,n,2.0NRT,295.17,1.76,N
21.7825,77.88577,305.97,0.44,0.38,2026-05-01,2023,N,VIIRS,n,2.0NRT,295.87,1.36,N
21.78266,80.44652,308.44,0.38,0.36,2026-05-01,2023,N,VIIRS,n,2.0NRT,296.93,1.84,N
21.78601,77.88636,320.71,0.44,0.38,2026-05-01,2023,N,VIIRS,n,2.0NRT,296.82,2.25,N
21.78645,77.88489,319.17,0.44,0.38,2026-05-01,2023,N,VIIRS,n,2.0NRT,296.55,2.23,N
21.79226,80.01859,309.4,0.39,0.36,2026-05-01,2023,N,VIIRS,n,2.0NRT,292.43,1.66,N
21.79429,83.99065,308.39,0.46,0.39,2026-05-01,2023,N,VIIRS,n,2.0NRT,295,1.18,N
21.80213,82.0386,312.5,0.4,0.37,2026-05-01,2023,N,VIIRS,n,2.0NRT,298.79,1.87,N
21.80986,76.47589,325.43,0.5,0.41,2026-05-01,2023,N,VIIRS,n,2.0NRT,299.15,2.08,N
21.82297,83.99654,305.26,0.46,0.39,2026-05-01,2023,N,VIIRS,n,2.0NRT,294.65,1.46,N
21.82955,79.01639,308.09,0.4,0.37,2026-05-01,2023,N,VIIRS,n,2.0NRT,293.27,0.62,N
21.83767,78.79785,307.73,0.41,0.37,2026-05-01,2023,N,VIIRS,n,2.0NRT,295.34,1.28,N
21.84047,83.98183,304.8,0.46,0.39,2026-05-01,2023,N,VIIRS,n,2.0NRT,294.79,0.68,N
21.85614,77.90043,307.08,0.44,0.38,2026-05-01,2023,N,VIIRS,n,2.0NRT,295.21,1.13,N
21.85625,77.53651,306.65,0.45,0.39,2026-05-01,2023,N,VIIRS,n,2.0NRT,295.64,1.03,N
21.85701,79.04792,306.72,0.4,0.37,2026-05-01,2023,N,VIIRS,n,2.0NRT,292.72,0.76,N
21.85793,83.96713,308.84,0.46,0.39,2026-05-01,2023,N,VIIRS,n,2.0NRT,295.7,1.79,N
21.87648,83.49445,311.05,0.44,0.38,2026-05-01,2023,N,VIIRS,n,2.0NRT,295.38,1.68,N
21.87842,79.22921,310.71,0.4,0.37,2026-05-01,2023,N,VIIRS,n,2.0NRT,292.3,0.73,N
21.87984,83.55529,305.82,0.44,0.38,2026-05-01,2023,N,VIIRS,n,2.0NRT,294.92,1.06,N
21.88178,79.22978,306.96,0.4,0.37,2026-05-01,2023,N,VIIRS,n,2.0NRT,292.16,0.73,N
21.88398,79.37518,317.99,0.4,0.37,2026-05-01,2023,N,VIIRS,n,2.0NRT,292.82,1.74,N
21.89771,79.1695,325.32,0.4,0.37,2026-05-01,2023,N,VIIRS,n,2.0NRT,292.41,3.3,N
21.89829,79.16566,329.48,0.4,0.37,2026-05-01,2023,N,VIIRS,n,2.0NRT,293.79,3.3,N
21.90009,79.9987,314.33,0.39,0.36,2026-05-01,2023,N,VIIRS,n,2.0NRT,294.08,1.35,N
21.91796,77.13716,312.64,0.47,0.4,2026-05-01,2023,N,VIIRS,n,2.0NRT,299.02,1.51,N
21.91976,83.35043,325.34,0.43,0.38,2026-05-01,2023,N,VIIRS,n,2.0NRT,299.01,3.66,N
21.92324,83.35113,320.51,0.43,0.38,2026-05-01,2023,N,VIIRS,n,2.0NRT,297.28,3.66,N
21.92498,85.22169,309.55,0.53,0.42,2026-05-01,2023,N,VIIRS,n,2.0NRT,293.09,1.9,N
21.92649,79.13888,312.24,0.4,0.37,2026-05-01,2023,N,VIIRS,n,2.0NRT,292.22,0.79,N
21.92936,76.29414,311,0.52,0.41,2026-05-01,2023,N,VIIRS,n,2.0NRT,298.77,0.91,N
21.92975,85.21738,302.77,0.53,0.42,2026-05-01,2023,N,VIIRS,n,2.0NRT,291.38,1.86,N
21.93001,76.28912,314.28,0.52,0.41,2026-05-01,2023,N,VIIRS,n,2.0NRT,298.66,1.34,N
21.93083,79.37052,308.59,0.4,0.37,2026-05-01,2023,N,VIIRS,n,2.0NRT,287.16,0.59,N
21.95477,83.80823,306.21,0.45,0.39,2026-05-01,2023,N,VIIRS,n,2.0NRT,294.15,0.6,N
21.96294,77.85621,305.47,0.44,0.38,2026-05-01,2023,N,VIIRS,n,2.0NRT,294.62,0.97,N
21.96646,77.85678,310.43,0.44,0.38,2026-05-01,2023,N,VIIRS,n,2.0NRT,296.05,0.97,N
21.96708,85.31529,302.54,0.53,0.42,2026-05-01,2023,N,VIIRS,n,2.0NRT,291.52,0.86,N
21.97397,78.93916,315.44,0.4,0.37,2026-05-01,2023,N,VIIRS,n,2.0NRT,293.52,0.84,N
21.97454,78.93526,317.48,0.4,0.37,2026-05-01,2023,N,VIIRS,n,2.0NRT,292.95,1.64,N
21.97736,78.93974,304.6,0.4,0.37,2026-05-01,2023,N,VIIRS,n,2.0NRT,293.76,0.84,N
21.97955,78.97216,306.07,0.4,0.37,2026-05-01,2023,N,VIIRS,n,2.0NRT,293.92,0.79,N
21.98139,78.88842,306.06,0.41,0.37,2026-05-01,2023,N,VIIRS,n,2.0NRT,294.79,0.91,N
21.98723,82.01411,307.42,0.4,0.37,2026-05-01,2023,N,VIIRS,n,2.0NRT,296.98,0.84,N
21.99662,78.00193,308.96,0.43,0.38,2026-05-01,2023,N,VIIRS,n,2.0NRT,296.7,2.06,N
21.9973,78.85094,304.41,0.41,0.37,2026-05-01,2023,N,VIIRS,n,2.0NRT,294.17,0.81,N
21.99787,78.84701,303.76,0.41,0.37,2026-05-01,2023,N,VIIRS,n,2.0NRT,293.04,0.81,N
22.00127,78.84759,315.49,0.41,0.37,2026-05-01,2023,N,VIIRS,n,2.0NRT,293.64,1.05,N
22.00243,78.0117,307.76,0.43,0.38,2026-05-01,2023,N,VIIRS,n,2.0NRT,296.86,1.95,N
22.00302,78.00743,313.59,0.43,0.38,2026-05-01,2023,N,VIIRS,n,2.0NRT,297.76,3.35,N
22.00371,82.66867,314.75,0.41,0.37,2026-05-01,2023,N,VIIRS,n,2.0NRT,296.27,2.09,N
22.01589,83.75353,325.69,0.45,0.39,2026-05-01,2023,N,VIIRS,n,2.0NRT,296.05,4.37,N
22.02578,79.25289,314.82,0.4,0.37,2026-05-01,2023,N,VIIRS,n,2.0NRT,291.97,1.5,N
22.02957,83.3666,307.14,0.43,0.38,2026-05-01,2023,N,VIIRS,n,2.0NRT,295.55,2.21,N
22.03659,83.73994,308.76,0.45,0.39,2026-05-01,2023,N,VIIRS,n,2.0NRT,295.2,1.99,N
22.0381,83.73135,345.41,0.45,0.39,2026-05-01,2023,N,VIIRS,n,2.0NRT,297.31,4,N
22.03885,83.72705,305.23,0.45,0.39,2026-05-01,2023,N,VIIRS,n,2.0NRT,294.43,4,N
22.03946,83.35132,316.15,0.43,0.38,2026-05-01,2023,N,VIIRS,n,2.0NRT,296.13,2.48,N
22.04012,83.74068,307.07,0.45,0.39,2026-05-01,2023,N,VIIRS,n,2.0NRT,296.73,1.85,N
22.04088,83.73637,318.41,0.45,0.39,2026-05-01,2023,N,VIIRS,n,2.0NRT,297.25,1.85,N
22.04163,83.73207,316.46,0.45,0.39,2026-05-01,2023,N,VIIRS,n,2.0NRT,298.31,2.25,N
22.04238,83.72778,316.58,0.45,0.39,2026-05-01,2023,N,VIIRS,n,2.0NRT,296.66,2.25,N
22.05422,88.12704,305.94,0.52,0.5,2026-05-01,2023,N,VIIRS,n,2.0NRT,293.05,1.58,N
22.05523,88.12206,307.31,0.52,0.5,2026-05-01,2023,N,VIIRS,n,2.0NRT,293.42,1.8,N
22.06236,79.51379,329.77,0.39,0.36,2026-05-01,2023,N,VIIRS,n,2.0NRT,292.5,3.32,N
22.06513,79.51817,301.17,0.39,0.36,2026-05-01,2023,N,VIIRS,n,2.0NRT,285.77,0.51,N
22.06544,78.81409,318.92,0.41,0.37,2026-05-01,2023,N,VIIRS,n,2.0NRT,292.62,1.75,N
22.06738,83.70422,307.08,0.45,0.39,2026-05-01,2023,N,VIIRS,n,2.0NRT,294.21,0.82,N
22.0677,78.0816,316.27,0.43,0.38,2026-05-01,2023,N,VIIRS,n,2.0NRT,295.99,1.91,N
22.0712,78.08215,313.51,0.43,0.38,2026-05-01,2023,N,VIIRS,n,2.0NRT,296.43,1.91,N
22.07181,79.63199,299.94,0.39,0.36,2026-05-01,2023,N,VIIRS,n,2.0NRT,286.62,0.57,N
22.08458,83.11384,312.31,0.42,0.38,2026-05-01,2023,N,VIIRS,n,2.0NRT,294.62,1.76,N
22.08733,83.11858,330.21,0.42,0.38,2026-05-01,2023,N,VIIRS,n,2.0NRT,296.07,1.76,N
22.08803,83.11452,314.5,0.42,0.38,2026-05-01,2023,N,VIIRS,n,2.0NRT,295.24,1.76,N
22.10425,76.94238,324.01,0.48,0.4,2026-05-01,2023,N,VIIRS,n,2.0NRT,298.95,3.79,N
22.10616,76.92832,308.71,0.48,0.4,2026-05-01,2023,N,VIIRS,n,2.0NRT,297.28,2.05,N
22.12698,78.84786,306.82,0.41,0.37,2026-05-01,2023,N,VIIRS,n,2.0NRT,293.21,0.88,N
22.1298,78.85237,305.12,0.41,0.37,2026-05-01,2023,N,VIIRS,n,2.0NRT,292.58,0.35,N
22.13077,77.37424,311.18,0.46,0.39,2026-05-01,2023,N,VIIRS,n,2.0NRT,298.09,1.65,N
22.13263,85.3825,305.22,0.53,0.42,2026-05-01,2023,N,VIIRS,n,2.0NRT,292.36,1.03,N
22.14393,79.30042,309.66,0.4,0.37,2026-05-01,2023,N,VIIRS,n,2.0NRT,292.79,1.1,N
22.16795,79.32426,339.78,0.4,0.37,2026-05-01,2023,N,VIIRS,n,2.0NRT,294.77,3.16,N
22.16852,79.32044,312.38,0.4,0.37,2026-05-01,2023,N,VIIRS,n,2.0NRT,293.31,3.16,N
22.1713,79.32484,335.7,0.4,0.37,2026-05-01,2023,N,VIIRS,n,2.0NRT,295.22,3.16,N
22.19385,79.42686,320.37,0.4,0.37,2026-05-01,2023,N,VIIRS,n,2.0NRT,293.07,1.93,N
22.19443,79.42304,315.39,0.4,0.37,2026-05-01,2023,N,VIIRS,n,2.0NRT,289.44,2.2,N
22.19568,79.06752,307.37,0.4,0.37,2026-05-01,2023,N,VIIRS,n,2.0NRT,291.77,0.52,N
22.20293,78.77933,310.27,0.41,0.37,2026-05-01,2023,N,VIIRS,n,2.0NRT,294.92,1.3,N
22.20744,84.55102,308.03,0.48,0.4,2026-05-01,2023,N,VIIRS,n,2.0NRT,293.96,0.98,N
22.20959,84.86395,310.86,0.5,0.41,2026-05-01,2023,N,VIIRS,n,2.0NRT,294.03,2.26,N
22.21048,84.85913,312.42,0.5,0.41,2026-05-01,2023,N,VIIRS,n,2.0NRT,292.95,2.21,N
22.21242,84.86954,325.97,0.5,0.41,2026-05-01,2023,N,VIIRS,n,2.0NRT,293.36,4.27,N
22.21761,79.71461,305.68,0.39,0.36,2026-05-01,2023,N,VIIRS,n,2.0NRT,292.61,1.43,N
22.21793,84.75643,309.28,0.49,0.41,2026-05-01,2023,N,VIIRS,n,2.0NRT,293.8,0.97,N
22.22163,84.75722,304.68,0.49,0.41,2026-05-01,2023,N,VIIRS,n,2.0NRT,293.69,0.97,N
22.22347,79.49385,323.52,0.39,0.37,2026-05-01,2023,N,VIIRS,n,2.0NRT,292.26,1.81,N
22.22796,76.85332,325.82,0.49,0.4,2026-05-01,2023,N,VIIRS,n,2.0NRT,299.56,3.46,N
22.23201,78.74746,303.96,0.41,0.37,2026-05-01,2023,N,VIIRS,n,2.0NRT,292.29,0.93,N
22.24387,87.38819,318.09,0.46,0.47,2026-05-01,2023,N,VIIRS,n,2.0NRT,292.81,1.88,N
22.2473,76.93331,314,0.48,0.4,2026-05-01,2023,N,VIIRS,n,2.0NRT,298.18,1.32,N
22.24883,76.93544,311.76,0.48,0.4,2026-05-01,2023,N,VIIRS,n,2.0NRT,298.82,0.89,N
22.2647,75.13286,317.25,0.4,0.44,2026-05-01,2023,N,VIIRS,n,2.0NRT,299.4,1.07,N
22.26491,76.89944,309.41,0.49,0.4,2026-05-01,2023,N,VIIRS,n,2.0NRT,298.56,0.82,N
22.2742,79.36166,323.75,0.4,0.37,2026-05-01,2023,N,VIIRS,n,2.0NRT,294.55,2.33,N
22.28373,76.07671,323.61,0.54,0.42,2026-05-01,2023,N,VIIRS,n,2.0NRT,298.96,2.78,N
22.28761,76.07728,313.24,0.54,0.42,2026-05-01,2023,N,VIIRS,n,2.0NRT,299.01,1.51,N
22.30058,78.49174,309.18,0.42,0.38,2026-05-01,2023,N,VIIRS,n,2.0NRT,297.45,1,N
22.31418,82.53192,312.7,0.41,0.37,2026-05-01,2023,N,VIIRS,n,2.0NRT,295.87,1.44,N
22.31682,82.5163,307,0.4,0.37,2026-05-01,2023,N,VIIRS,n,2.0NRT,295.73,1.28,N
22.3169,82.53648,308.75,0.41,0.37,2026-05-01,2023,N,VIIRS,n,2.0NRT,295.48,1.44,N
22.31837,82.56906,313.12,0.41,0.37,2026-05-01,2023,N,VIIRS,n,2.0NRT,297.47,2.39,N
22.32028,82.53715,323.7,0.41,0.37,2026-05-01,2023,N,VIIRS,n,2.0NRT,296.91,2.19,N
22.32043,82.57755,308.02,0.41,0.37,2026-05-01,2023,N,VIIRS,n,2.0NRT,296.5,1.63,N
22.32341,82.66337,308.88,0.41,0.37,2026-05-01,2023,N,VIIRS,n,2.0NRT,295.71,1.05,N
22.3285,82.57111,319.34,0.41,0.37,2026-05-01,2023,N,VIIRS,n,2.0NRT,295.69,2.67,N
22.32892,82.69296,320.92,0.41,0.37,2026-05-01,2023,N,VIIRS,n,2.0NRT,295.71,2.21,N
22.32998,82.60377,314.14,0.41,0.37,2026-05-01,2023,N,VIIRS,n,2.0NRT,296.21,1.91,N
22.33009,78.26117,308.63,0.43,0.38,2026-05-01,2023,N,VIIRS,n,2.0NRT,296.91,0.71,N
22.33113,79.28082,307.83,0.4,0.37,2026-05-01,2023,N,VIIRS,n,2.0NRT,293.46,0.84,N
22.33173,82.53133,306.65,0.41,0.37,2026-05-01,2023,N,VIIRS,n,2.0NRT,295.72,0.88,N
22.33189,82.57179,332.62,0.41,0.37,2026-05-01,2023,N,VIIRS,n,2.0NRT,297.34,2.67,N
22.33454,82.55608,319.17,0.41,0.37,2026-05-01,2023,N,VIIRS,n,2.0NRT,296.78,1.55,N
22.33461,82.57637,308.53,0.41,0.37,2026-05-01,2023,N,VIIRS,n,2.0NRT,296.38,1.51,N
22.33511,77.042,314.99,0.48,0.4,2026-05-01,2023,N,VIIRS,n,2.0NRT,297.07,1.79,N
22.3352,82.55217,311.88,0.41,0.37,2026-05-01,2023,N,VIIRS,n,2.0NRT,295.66,1.55,N
22.33527,82.57246,307.03,0.41,0.37,2026-05-01,2023,N,VIIRS,n,2.0NRT,295.38,1.38,N
22.33642,77.03988,312.23,0.48,0.4,2026-05-01,2023,N,VIIRS,n,2.0NRT,297.1,1.87,N
22.33697,82.66604,310.04,0.41,0.37,2026-05-01,2023,N,VIIRS,n,2.0NRT,295.31,1.34,N
22.33924,82.54892,307.29,0.41,0.37,2026-05-01,2023,N,VIIRS,n,2.0NRT,295.58,0.99,N
22.34156,79.21121,308.81,0.4,0.37,2026-05-01,2023,N,VIIRS,n,2.0NRT,293.05,0.65,N
22.34599,79.69353,342.2,0.39,0.36,2026-05-01,2023,N,VIIRS,n,2.0NRT,294.32,5.96,N
22.35613,82.30373,309.26,0.4,0.37,2026-05-01,2023,N,VIIRS,n,2.0NRT,296.46,1.48,N
22.35753,87.29037,307.27,0.45,0.47,2026-05-01,2023,N,VIIRS,n,2.0NRT,293.61,1,N
22.35949,82.30437,312.22,0.4,0.37,2026-05-01,2023,N,VIIRS,n,2.0NRT,296.48,1.87,N
22.36251,87.01808,308.91,0.44,0.46,2026-05-01,2023,N,VIIRS,n,2.0NRT,293.08,1.81,N
22.36257,87.29848,303.99,0.45,0.47,2026-05-01,2023,N,VIIRS,n,2.0NRT,292.6,1.74,N
22.36379,79.57587,302.96,0.39,0.36,2026-05-01,2023,N,VIIRS,n,2.0NRT,289.28,0.64,N
22.36435,87.30112,319.74,0.45,0.47,2026-05-01,2023,N,VIIRS,n,2.0NRT,294.48,2.8,N
22.36595,87.30384,304.25,0.45,0.47,2026-05-01,2023,N,VIIRS,n,2.0NRT,293.4,1.74,N
22.36671,87.019,310.07,0.44,0.46,2026-05-01,2023,N,VIIRS,n,2.0NRT,293.59,1.81,N
22.36684,87.29948,333.78,0.45,0.47,2026-05-01,2023,N,VIIRS,n,2.0NRT,294.79,1.74,N
22.37013,79.75986,345.52,0.39,0.36,2026-05-01,2023,N,VIIRS,n,2.0NRT,295.58,6.71,N
22.37551,87.27869,317.59,0.45,0.47,2026-05-01,2023,N,VIIRS,n,2.0NRT,294.09,2.23,N
22.37977,87.27968,313.06,0.45,0.47,2026-05-01,2023,N,VIIRS,n,2.0NRT,293.98,2.23,N
22.3927,79.7166,317.66,0.39,0.36,2026-05-01,2023,N,VIIRS,n,2.0NRT,294.18,1.18,N
22.39327,79.71282,333.27,0.39,0.36,2026-05-01,2023,N,VIIRS,n,2.0NRT,293.88,2.18,N
22.39603,79.71719,315.93,0.39,0.36,2026-05-01,2023,N,VIIRS,n,2.0NRT,294.67,1.18,N
22.3966,79.71341,310.65,0.39,0.36,2026-05-01,2023,N,VIIRS,n,2.0NRT,294.11,2.18,N
22.41959,79.18001,310.66,0.4,0.37,2026-05-01,2023,N,VIIRS,n,2.0NRT,295.36,1.05,N
22.42177,79.68285,303.88,0.39,0.36,2026-05-01,2023,N,VIIRS,n,2.0NRT,293.7,0.67,N
22.4236,80.0738,305.73,0.39,0.36,2026-05-01,2023,N,VIIRS,n,2.0NRT,292.09,0.64,N
22.42511,79.68341,308.81,0.39,0.36,2026-05-01,2023,N,VIIRS,n,2.0NRT,293.08,1.98,N
22.42844,79.68399,330.89,0.39,0.36,2026-05-01,2023,N,VIIRS,n,2.0NRT,294.46,1.98,N
22.42906,79.79289,341.28,0.39,0.36,2026-05-01,2023,N,VIIRS,n,2.0NRT,294.39,6.04,N
22.43627,79.67757,306.58,0.39,0.36,2026-05-01,2023,N,VIIRS,n,2.0NRT,292.59,0.48,N
22.44227,79.81849,311.27,0.39,0.36,2026-05-01,2023,N,VIIRS,n,2.0NRT,292.76,1.05,N
22.46344,79.90355,313.53,0.39,0.36,2026-05-01,2023,N,VIIRS,n,2.0NRT,293.01,0.78,N
22.46868,80.23929,308.9,0.39,0.36,2026-05-01,2023,N,VIIRS,n,2.0NRT,292.68,1.14,N
22.4692,79.66383,302.33,0.39,0.36,2026-05-01,2023,N,VIIRS,n,2.0NRT,292.2,0.3,N
22.47199,80.23988,318.94,0.39,0.36,2026-05-01,2023,N,VIIRS,n,2.0NRT,293.46,1.14,N
22.48014,79.45441,305.76,0.4,0.37,2026-05-01,2023,N,VIIRS,n,2.0NRT,292.71,0.61,N
22.49126,79.47203,316.39,0.4,0.37,2026-05-01,2023,N,VIIRS,n,2.0NRT,293.03,1.29,N
22.543,79.43357,309.21,0.4,0.37,2026-05-01,2023,N,VIIRS,n,2.0NRT,292.72,0.84,N
22.55237,76.66943,308.34,0.5,0.41,2026-05-01,2023,N,VIIRS,n,2.0NRT,298.28,0.63,N
22.55836,81.574,303.64,0.39,0.36,2026-05-01,2023,N,VIIRS,n,2.0NRT,293.12,0.98,N
22.56371,79.8204,317.25,0.39,0.36,2026-05-01,2023,N,VIIRS,n,2.0NRT,293.1,1.14,N
22.57247,85.89411,314.99,0.56,0.43,2026-05-01,2023,N,VIIRS,n,2.0NRT,294.51,2.97,N
22.59099,85.90393,307.18,0.56,0.43,2026-05-01,2023,N,VIIRS,n,2.0NRT,293.8,2.02,N
22.60308,78.16171,316.21,0.43,0.38,2026-05-01,2023,N,VIIRS,n,2.0NRT,295.94,0.72,N
22.72252,79.37252,309.14,0.4,0.37,2026-05-01,2023,N,VIIRS,n,2.0NRT,296.1,1.2,N
22.75539,75.03419,335.29,0.41,0.45,2026-05-01,2023,N,VIIRS,n,2.0NRT,296.19,2.82,N
22.77477,81.26409,304.31,0.39,0.36,2026-05-01,2023,N,VIIRS,n,2.0NRT,293.22,0.52,N
22.7848,86.20422,312.5,0.39,0.44,2026-05-01,2023,N,VIIRS,n,2.0NRT,293.65,1.81,N
22.78876,86.20513,304.99,0.39,0.44,2026-05-01,2023,N,VIIRS,n,2.0NRT,293.58,1.66,N
22.7898,86.20855,309.9,0.38,0.44,2026-05-01,2023,N,VIIRS,n,2.0NRT,293.73,1.52,N
22.79016,86.19774,310.1,0.38,0.44,2026-05-01,2023,N,VIIRS,n,2.0NRT,294.94,1.19,N
22.79201,86.20981,309.31,0.39,0.44,2026-05-01,2023,N,VIIRS,n,2.0NRT,293.62,1.6,N
22.79412,86.19862,304.99,0.38,0.44,2026-05-01,2023,N,VIIRS,n,2.0NRT,293.24,1.19,N
22.79594,86.19834,307.45,0.38,0.44,2026-05-01,2023,N,VIIRS,n,2.0NRT,293.43,1.75,N
22.79837,86.089,303.65,0.57,0.43,2026-05-01,2023,N,VIIRS,n,2.0NRT,293.4,1.05,N
22.80231,86.08988,315.14,0.57,0.43,2026-05-01,2023,N,VIIRS,n,2.0NRT,293.87,2.15,N
22.80945,86.08706,306.4,0.57,0.43,2026-05-01,2023,N,VIIRS,n,2.0NRT,293.34,1.31,N
22.85972,93.59219,296.05,0.54,0.68,2026-05-01,2023,N,VIIRS,n,2.0NRT,283.45,0.89,N
22.92668,70.10513,367,0.42,0.61,2026-05-01,2023,N,VIIRS,h,2.0NRT,300.89,6.46,N
22.92705,70.10088,313.16,0.43,0.62,2026-05-01,2023,N,VIIRS,n,2.0NRT,297.08,6.46,N
22.93203,69.70096,309.18,0.45,0.63,2026-05-01,2023,N,VIIRS,n,2.0NRT,297.96,2.54,N
22.9324,70.10574,307.93,0.42,0.61,2026-05-01,2023,N,VIIRS,n,2.0NRT,296.92,0.39,N
23.05372,77.08855,316.51,0.49,0.4,2026-05-01,2023,N,VIIRS,n,2.0NRT,297.69,1.08,N
23.06355,83.05175,304.58,0.41,0.37,2026-05-01,2023,N,VIIRS,n,2.0NRT,293.42,1.07,N
23.06376,76.4215,312.12,0.52,0.42,2026-05-01,2023,N,VIIRS,n,2.0NRT,297.97,0.9,N
23.06424,83.04774,312.91,0.41,0.37,2026-05-01,2023,N,VIIRS,n,2.0NRT,295.13,1.07,N
23.06586,76.42001,324.36,0.52,0.42,2026-05-01,2023,N,VIIRS,n,2.0NRT,298.27,2.92,N
23.0676,76.42207,315.87,0.52,0.42,2026-05-01,2023,N,VIIRS,n,2.0NRT,298.24,0.9,N
23.0797,82.7327,302.41,0.41,0.37,2026-05-01,2023,N,VIIRS,n,2.0NRT,292.19,1.02,N
23.111,76.83212,310.43,0.5,0.41,2026-05-01,2023,N,VIIRS,n,2.0NRT,296.16,0.99,N
23.11155,76.82884,315.48,0.5,0.41,2026-05-01,2023,N,VIIRS,n,2.0NRT,296.76,0.79,N
23.11471,70.08456,309.21,0.43,0.62,2026-05-01,2023,N,VIIRS,n,2.0NRT,297.63,0.6,N
23.1161,70.08289,307.95,0.43,0.62,2026-05-01,2023,N,VIIRS,n,2.0NRT,297.76,1.03,N
23.16418,82.3391,331.47,0.4,0.37,2026-05-01,2023,N,VIIRS,n,2.0NRT,296.61,3.74,N
23.16483,82.33524,327.13,0.4,0.37,2026-05-01,2023,N,VIIRS,n,2.0NRT,296.68,2.97,N
23.16688,82.34358,327.19,0.4,0.37,2026-05-01,2023,N,VIIRS,n,2.0NRT,296.29,2.48,N
23.16753,82.33974,325.62,0.4,0.37,2026-05-01,2023,N,VIIRS,n,2.0NRT,296.48,2.48,N
23.17438,77.88758,313.69,0.45,0.39,2026-05-01,2023,N,VIIRS,n,2.0NRT,297.45,2.24,N
23.22369,77.23001,316.24,0.48,0.4,2026-05-01,2023,N,VIIRS,n,2.0NRT,296.31,2.57,N
23.31102,77.18298,308.22,0.48,0.4,2026-05-01,2023,N,VIIRS,n,2.0NRT,296.06,1.65,N
23.31697,76.87268,312.88,0.5,0.41,2026-05-01,2023,N,VIIRS,n,2.0NRT,297.39,1.03,N
23.34672,77.47401,317.12,0.47,0.4,2026-05-01,2023,N,VIIRS,n,2.0NRT,295.32,2.22,N
23.35437,75.52947,308.57,0.39,0.44,2026-05-01,2023,N,VIIRS,n,2.0NRT,297.11,0.55,N
23.38,78.01149,308.19,0.45,0.39,2026-05-01,2023,N,VIIRS,n,2.0NRT,294.75,1.04,N
23.39944,77.60648,315.77,0.46,0.39,2026-05-01,2023,N,VIIRS,n,2.0NRT,296.1,2.5,N
23.42386,77.53603,314.52,0.47,0.39,2026-05-01,2023,N,VIIRS,n,2.0NRT,295.74,1.46,N
23.42749,77.53659,308.22,0.47,0.39,2026-05-01,2023,N,VIIRS,n,2.0NRT,295.39,1.46,N
23.45379,76.73879,313.78,0.51,0.41,2026-05-01,2023,N,VIIRS,n,2.0NRT,297.71,2.73,N
23.46013,77.15599,306.69,0.49,0.4,2026-05-01,2023,N,VIIRS,n,2.0NRT,294.5,1.27,N
23.46421,77.78422,311.75,0.46,0.39,2026-05-01,2023,N,VIIRS,n,2.0NRT,296.29,1.69,N
23.48161,87.36155,304.51,0.44,0.46,2026-05-01,2023,N,VIIRS,n,2.0NRT,293.38,0.92,N
23.48201,77.9992,306.16,0.45,0.39,2026-05-01,2023,N,VIIRS,n,2.0NRT,294.43,1.02,N
23.48262,77.99483,306.69,0.45,0.39,2026-05-01,2023,N,VIIRS,n,2.0NRT,294.24,1.02,N
23.48892,78.78483,313.15,0.42,0.38,2026-05-01,2023,N,VIIRS,n,2.0NRT,295,1.27,N
23.48951,78.78076,310.71,0.42,0.38,2026-05-01,2023,N,VIIRS,n,2.0NRT,295.13,1.27,N
23.49007,77.10201,321.35,0.49,0.4,2026-05-01,2023,N,VIIRS,n,2.0NRT,294.71,2.08,N
23.49072,77.09718,312.3,0.49,0.4,2026-05-01,2023,N,VIIRS,n,2.0NRT,294.2,2.19,N
23.49878,77.82624,309.36,0.45,0.39,2026-05-01,2023,N,VIIRS,n,2.0NRT,296.13,1.42,N
23.50343,78.91889,310.79,0.41,0.37,2026-05-01,2023,N,VIIRS,n,2.0NRT,293.21,0.58,N
23.50625,82.24454,305.96,0.39,0.36,2026-05-01,2023,N,VIIRS,n,2.0NRT,293.82,0.96,N
23.51453,78.79176,315.23,0.42,0.38,2026-05-01,2023,N,VIIRS,n,2.0NRT,294.19,1.49,N
23.51466,75.66801,309.96,0.39,0.44,2026-05-01,2023,N,VIIRS,n,2.0NRT,297.02,0.49,N
23.51681,87.27292,306.01,0.43,0.46,2026-05-01,2023,N,VIIRS,n,2.0NRT,293.15,1.21,N
23.52084,78.05271,306.98,0.45,0.39,2026-05-01,2023,N,VIIRS,n,2.0NRT,294.47,1.19,N
23.52144,78.04835,310.31,0.45,0.39,2026-05-01,2023,N,VIIRS,n,2.0NRT,294.1,1.28,N
23.52148,78.02158,307.61,0.45,0.39,2026-05-01,2023,N,VIIRS,n,2.0NRT,294.56,1,N
23.52358,77.4554,310.34,0.47,0.4,2026-05-01,2023,N,VIIRS,n,2.0NRT,295.21,1.6,N
23.52421,77.45078,310.63,0.47,0.4,2026-05-01,2023,N,VIIRS,n,2.0NRT,294.92,1.6,N
23.52756,78.39173,302.97,0.43,0.38,2026-05-01,2023,N,VIIRS,n,2.0NRT,292.2,0.72,N
23.53106,78.39234,308.31,0.43,0.38,2026-05-01,2023,N,VIIRS,n,2.0NRT,293.69,0.72,N
23.53463,77.42885,310.12,0.47,0.4,2026-05-01,2023,N,VIIRS,n,2.0NRT,295.39,1.93,N
23.54258,77.78556,308.95,0.46,0.39,2026-05-01,2023,N,VIIRS,n,2.0NRT,296.16,1.66,N
23.54774,77.16168,304.98,0.49,0.4,2026-05-01,2023,N,VIIRS,n,2.0NRT,294.68,0.86,N
23.55103,86.54129,304,0.39,0.44,2026-05-01,2023,N,VIIRS,n,2.0NRT,291.85,1.44,N
23.55337,87.24224,306.92,0.43,0.46,2026-05-01,2023,N,VIIRS,n,2.0NRT,293.92,1.03,N
23.55633,77.18253,315.09,0.49,0.4,2026-05-01,2023,N,VIIRS,n,2.0NRT,294.66,2.3,N
23.55835,87.23907,312.13,0.43,0.46,2026-05-01,2023,N,VIIRS,n,2.0NRT,293.09,1.03,N
23.56264,87.08514,313.31,0.42,0.45,2026-05-01,2023,N,VIIRS,n,2.0NRT,294.45,1.73,N
23.57133,77.79022,309.59,0.46,0.39,2026-05-01,2023,N,VIIRS,n,2.0NRT,295.02,1.48,N
23.57194,77.78575,305.58,0.46,0.39,2026-05-01,2023,N,VIIRS,n,2.0NRT,294.39,1.01,N
23.57493,77.79081,306.85,0.46,0.39,2026-05-01,2023,N,VIIRS,n,2.0NRT,294.51,1.04,N
23.57826,82.74969,317.57,0.4,0.37,2026-05-01,2023,N,VIIRS,n,2.0NRT,295.59,1.13,N
23.57893,82.74575,306.73,0.4,0.37,2026-05-01,2023,N,VIIRS,n,2.0NRT,294.7,1.13,N
23.58163,82.75037,305.32,0.4,0.37,2026-05-01,2023,N,VIIRS,n,2.0NRT,294.28,0.85,N
23.58229,82.74645,316.32,0.4,0.37,2026-05-01,2023,N,VIIRS,n,2.0NRT,295.11,0.85,N
23.58278,86.7241,303.61,0.4,0.44,2026-05-01,2023,N,VIIRS,n,2.0NRT,292.7,0.92,N
23.58945,77.7382,310.75,0.46,0.39,2026-05-01,2023,N,VIIRS,n,2.0NRT,294.38,1.27,N
23.59007,77.7337,306.99,0.46,0.39,2026-05-01,2023,N,VIIRS,n,2.0NRT,294.18,1.68,N
23.59105,78.4004,308.15,0.43,0.38,2026-05-01,2023,N,VIIRS,n,2.0NRT,292.82,1.16,N
23.59367,77.73427,331.15,0.46,0.39,2026-05-01,2023,N,VIIRS,n,2.0NRT,295.49,1.68,N
23.59429,77.72977,305.43,0.46,0.39,2026-05-01,2023,N,VIIRS,n,2.0NRT,294.64,1.68,N
23.59455,78.40098,317.43,0.43,0.38,2026-05-01,2023,N,VIIRS,n,2.0NRT,293.89,1.16,N
23.59543,77.74834,308.67,0.46,0.39,2026-05-01,2023,N,VIIRS,n,2.0NRT,294.89,1.59,N
23.59728,77.73484,316.19,0.46,0.39,2026-05-01,2023,N,VIIRS,n,2.0NRT,295.48,1.79,N
23.59789,77.73035,316.63,0.46,0.39,2026-05-01,2023,N,VIIRS,n,2.0NRT,295.19,1.79,N
23.60774,77.38087,311.03,0.48,0.4,2026-05-01,2023,N,VIIRS,n,2.0NRT,294.74,1.65,N
23.6098,78.69439,305.32,0.42,0.38,2026-05-01,2023,N,VIIRS,n,2.0NRT,294.06,0.7,N
23.6104,78.69025,309.09,0.42,0.38,2026-05-01,2023,N,VIIRS,n,2.0NRT,292.96,0.7,N
23.61071,78.23351,315.91,0.44,0.38,2026-05-01,2023,N,VIIRS,n,2.0NRT,296.22,4.83,N
23.61086,78.41233,322.54,0.43,0.38,2026-05-01,2023,N,VIIRS,n,2.0NRT,293.12,2.24,N
23.61188,87.14628,308.84,0.42,0.45,2026-05-01,2023,N,VIIRS,n,2.0NRT,293.94,0.93,N
23.61246,86.78777,304.83,0.4,0.44,2026-05-01,2023,N,VIIRS,n,2.0NRT,292.47,0.9,N
23.61297,77.50972,317.79,0.47,0.4,2026-05-01,2023,N,VIIRS,n,2.0NRT,296.07,2.15,N
23.61651,86.78864,308.7,0.4,0.44,2026-05-01,2023,N,VIIRS,n,2.0NRT,293.06,1.44,N
23.62752,82.49827,303.24,0.4,0.37,2026-05-01,2023,N,VIIRS,n,2.0NRT,293.21,0.46,N
23.62779,85.67366,305.35,0.52,0.42,2026-05-01,2023,N,VIIRS,n,2.0NRT,291.74,0.71,N
23.6331,86.83382,303.42,0.4,0.45,2026-05-01,2023,N,VIIRS,n,2.0NRT,292.42,0.58,N
23.63817,77.73227,307.68,0.46,0.39,2026-05-01,2023,N,VIIRS,n,2.0NRT,294.75,1.36,N
23.64146,79.0288,317.01,0.41,0.37,2026-05-01,2023,N,VIIRS,n,2.0NRT,294.43,1.44,N
23.64819,78.63654,330.41,0.42,0.38,2026-05-01,2023,N,VIIRS,n,2.0NRT,293.84,4.24,N
23.64834,85.43753,327.16,0.51,0.41,2026-05-01,2023,N,VIIRS,n,2.0NRT,294.18,3.57,N
23.64877,78.63239,306.67,0.42,0.38,2026-05-01,2023,N,VIIRS,n,2.0NRT,292.69,1.28,N
23.65107,78.64127,319.01,0.42,0.38,2026-05-01,2023,N,VIIRS,n,2.0NRT,293.67,4.01,N
23.65166,78.63713,344.55,0.42,0.38,2026-05-01,2023,N,VIIRS,n,2.0NRT,295.85,4.01,N
23.65507,85.50629,305.06,0.51,0.41,2026-05-01,2023,N,VIIRS,n,2.0NRT,292.01,0.89,N
23.66141,77.5616,312.77,0.47,0.4,2026-05-01,2023,N,VIIRS,n,2.0NRT,295.9,2.12,N
23.66198,77.55967,308.98,0.47,0.4,2026-05-01,2023,N,VIIRS,n,2.0NRT,295.83,1.99,N
23.66224,87.15378,318.22,0.42,0.45,2026-05-01,2023,N,VIIRS,n,2.0NRT,293.67,1.83,N
23.66368,77.79357,306.79,0.46,0.39,2026-05-01,2023,N,VIIRS,n,2.0NRT,294.81,1.22,N
23.66428,77.7891,315.63,0.46,0.39,2026-05-01,2023,N,VIIRS,n,2.0NRT,294.98,1.93,N
23.66557,87.15883,307.52,0.42,0.45,2026-05-01,2023,N,VIIRS,n,2.0NRT,293.11,1.5,N
23.66637,87.15475,308.86,0.42,0.45,2026-05-01,2023,N,VIIRS,n,2.0NRT,293.99,1.83,N
23.66965,86.09311,303.13,0.55,0.43,2026-05-01,2023,N,VIIRS,n,2.0NRT,292.32,1.04,N
23.67177,86.39735,306.44,0.57,0.43,2026-05-01,2023,N,VIIRS,n,2.0NRT,293.01,1.23,N
23.67465,86.40379,305.58,0.57,0.43,2026-05-01,2023,N,VIIRS,n,2.0NRT,293.14,1.61,N
23.67555,86.08327,305.32,0.55,0.43,2026-05-01,2023,N,VIIRS,n,2.0NRT,292.26,1.49,N
23.67573,86.3982,312.31,0.57,0.43,2026-05-01,2023,N,VIIRS,n,2.0NRT,294.98,1.61,N
23.67681,86.39265,306.36,0.57,0.43,2026-05-01,2023,N,VIIRS,n,2.0NRT,292.39,1.95,N
23.67927,86.08567,303.68,0.55,0.43,2026-05-01,2023,N,VIIRS,n,2.0NRT,292.97,2.07,N
23.67942,86.08417,304.08,0.55,0.43,2026-05-01,2023,N,VIIRS,n,2.0NRT,293.16,1.49,N
23.67969,86.39906,311.67,0.57,0.43,2026-05-01,2023,N,VIIRS,n,2.0NRT,294.17,1.61,N
23.68076,86.3935,307.8,0.57,0.43,2026-05-01,2023,N,VIIRS,n,2.0NRT,293.63,1.95,N
23.68128,86.09578,307.74,0.55,0.43,2026-05-01,2023,N,VIIRS,n,2.0NRT,292.14,1.24,N
23.6821,86.09191,309.02,0.55,0.43,2026-05-01,2023,N,VIIRS,n,2.0NRT,292.63,2.19,N
23.68436,87.12902,304.7,0.42,0.45,2026-05-01,2023,N,VIIRS,n,2.0NRT,293.19,0.77,N
23.68471,86.39437,324.61,0.57,0.43,2026-05-01,2023,N,VIIRS,n,2.0NRT,294.29,3.31,N
23.68577,86.38889,316.84,0.57,0.43,2026-05-01,2023,N,VIIRS,n,2.0NRT,292.81,3.31,N
23.68595,87.1209,309.67,0.42,0.45,2026-05-01,2023,N,VIIRS,n,2.0NRT,293.69,1.49,N
23.68629,76.86718,308.33,0.51,0.41,2026-05-01,2023,N,VIIRS,n,2.0NRT,296.14,0.97,N
23.68995,87.10046,309.49,0.42,0.45,2026-05-01,2023,N,VIIRS,n,2.0NRT,293.39,2.24,N
23.69007,87.12185,312.07,0.42,0.45,2026-05-01,2023,N,VIIRS,n,2.0NRT,294.15,1.49,N
23.69247,87.10958,310.1,0.42,0.45,2026-05-01,2023,N,VIIRS,n,2.0NRT,293.51,1,N
23.69291,77.84859,305.87,0.46,0.39,2026-05-01,2023,N,VIIRS,n,2.0NRT,293.61,0.58,N
23.69326,87.1055,305.44,0.42,0.45,2026-05-01,2023,N,VIIRS,n,2.0NRT,292.93,1,N
23.69419,87.1228,318.63,0.42,0.45,2026-05-01,2023,N,VIIRS,n,2.0NRT,294.66,1.92,N
23.69483,85.37583,309.8,0.51,0.41,2026-05-01,2023,N,VIIRS,n,2.0NRT,292.7,1.39,N
23.69565,87.09328,308.23,0.42,0.45,2026-05-01,2023,N,VIIRS,n,2.0NRT,293.62,0.92,N
23.69574,85.3709,318.58,0.51,0.41,2026-05-01,2023,N,VIIRS,n,2.0NRT,293.47,1.93,N
23.69578,87.11464,304.5,0.42,0.45,2026-05-01,2023,N,VIIRS,n,2.0NRT,293.03,2.03,N
23.69665,85.36596,307.23,0.5,0.41,2026-05-01,2023,N,VIIRS,n,2.0NRT,292.22,1.93,N
23.69683,86.07858,326.05,0.55,0.43,2026-05-01,2023,N,VIIRS,n,2.0NRT,291.8,4.31,N
23.69693,86.07708,327.42,0.55,0.43,2026-05-01,2023,N,VIIRS,n,2.0NRT,291.86,3.71,N
23.7076,86.44703,303.76,0.38,0.43,2026-05-01,2023,N,VIIRS,n,2.0NRT,292.17,1.34,N
23.70914,85.42488,302.77,0.51,0.41,2026-05-01,2023,N,VIIRS,n,2.0NRT,292.09,0.58,N
23.71085,86.45163,310.91,0.38,0.43,2026-05-01,2023,N,VIIRS,n,2.0NRT,291.7,1.22,N
23.71156,86.44791,318.07,0.38,0.43,2026-05-01,2023,N,VIIRS,n,2.0NRT,293.25,1.34,N
23.71481,86.45252,306.75,0.38,0.43,2026-05-01,2023,N,VIIRS,n,2.0NRT,292.37,0.79,N
23.71511,86.42937,303.61,0.38,0.43,2026-05-01,2023,N,VIIRS,n,2.0NRT,292.24,1.44,N
23.716,86.42471,305.55,0.57,0.43,2026-05-01,2023,N,VIIRS,n,2.0NRT,292.95,1.87,N
23.71694,86.44137,305.57,0.38,0.43,2026-05-01,2023,N,VIIRS,n,2.0NRT,292.37,0.9,N
23.71849,78.5672,312.21,0.43,0.38,2026-05-01,2023,N,VIIRS,n,2.0NRT,293.05,0.81,N
23.71927,77.46233,312.06,0.47,0.4,2026-05-01,2023,N,VIIRS,n,2.0NRT,295.72,0.73,N
23.71984,85.01051,303.1,0.48,0.4,2026-05-01,2023,N,VIIRS,n,2.0NRT,291.75,0.63,N
23.72161,86.43854,305.46,0.38,0.43,2026-05-01,2023,N,VIIRS,n,2.0NRT,292.92,0.9,N
23.72572,77.9164,321.48,0.45,0.39,2026-05-01,2023,N,VIIRS,n,2.0NRT,295.3,2.67,N
23.72727,77.91789,327.32,0.45,0.39,2026-05-01,2023,N,VIIRS,n,2.0NRT,295.63,3.78,N
23.72811,86.44775,324.63,0.38,0.43,2026-05-01,2023,N,VIIRS,n,2.0NRT,293.58,3.19,N
23.72822,85.02712,310.23,0.49,0.4,2026-05-01,2023,N,VIIRS,n,2.0NRT,292.19,1.72,N
23.7293,77.91698,310.71,0.45,0.39,2026-05-01,2023,N,VIIRS,n,2.0NRT,294.24,1.49,N
23.72963,86.44724,326.37,0.38,0.43,2026-05-01,2023,N,VIIRS,n,2.0NRT,293.32,3.37,N
23.73083,76.39409,307.99,0.54,0.42,2026-05-01,2023,N,VIIRS,n,2.0NRT,296.96,0.69,N
23.73476,77.73147,305.46,0.46,0.39,2026-05-01,2023,N,VIIRS,n,2.0NRT,293.68,1.38,N
23.73577,86.42913,306.61,0.57,0.43,2026-05-01,2023,N,VIIRS,n,2.0NRT,291.7,3.27,N
23.73595,86.4361,315.26,0.57,0.43,2026-05-01,2023,N,VIIRS,n,2.0NRT,294.86,3.56,N
23.73705,86.43051,326.18,0.57,0.43,2026-05-01,2023,N,VIIRS,n,2.0NRT,293.41,3.56,N
23.73729,85.01923,302.36,0.49,0.4,2026-05-01,2023,N,VIIRS,n,2.0NRT,292.25,1.89,N
23.73837,77.73206,313.96,0.46,0.39,2026-05-01,2023,N,VIIRS,n,2.0NRT,294.31,1.38,N
23.73903,85.00974,307.27,0.48,0.4,2026-05-01,2023,N,VIIRS,n,2.0NRT,293.3,1.39,N
23.7399,85.005,302.63,0.48,0.4,2026-05-01,2023,N,VIIRS,n,2.0NRT,292.6,1.39,N
23.74412,85.50661,302.15,0.51,0.41,2026-05-01,2023,N,VIIRS,n,2.0NRT,292.07,0.45,N
23.75218,86.41646,305.95,0.57,0.43,2026-05-01,2023,N,VIIRS,n,2.0NRT,292.87,1.5,N
23.75282,85.87148,301.81,0.53,0.42,2026-05-01,2023,N,VIIRS,n,2.0NRT,291.49,0.91,N
23.75435,86.40538,302.68,0.57,0.43,2026-05-01,2023,N,VIIRS,n,2.0NRT,291.44,1.61,N
23.75663,85.87238,304.33,0.53,0.42,2026-05-01,2023,N,VIIRS,n,2.0NRT,292.41,0.91,N
23.75679,85.85069,308.44,0.53,0.42,2026-05-01,2023,N,VIIRS,n,2.0NRT,293.67,1.62,N
23.7583,86.40626,303.2,0.57,0.43,2026-05-01,2023,N,VIIRS,n,2.0NRT,291.62,2.55,N
23.75937,86.40075,321.89,0.57,0.43,2026-05-01,2023,N,VIIRS,n,2.0NRT,293.2,2.55,N
23.76332,86.40163,324.04,0.57,0.43,2026-05-01,2023,N,VIIRS,n,2.0NRT,293.09,2.55,N
23.76425,78.03546,306.46,0.45,0.39,2026-05-01,2023,N,VIIRS,n,2.0NRT,294.92,1.46,N
23.76726,86.40252,318.9,0.57,0.43,2026-05-01,2023,N,VIIRS,n,2.0NRT,293.54,3.36,N
23.77159,86.19654,303.88,0.56,0.43,2026-05-01,2023,N,VIIRS,n,2.0NRT,292.06,1.92,N
23.77345,86.20825,305.45,0.56,0.43,2026-05-01,2023,N,VIIRS,n,2.0NRT,292.73,2.07,N
23.77478,86.36385,317.04,0.57,0.43,2026-05-01,2023,N,VIIRS,n,2.0NRT,293.28,3.25,N
23.7761,86.21009,310.48,0.56,0.43,2026-05-01,2023,N,VIIRS,n,2.0NRT,293.07,2.07,N
23.77735,86.20909,315.32,0.56,0.43,2026-05-01,2023,N,VIIRS,n,2.0NRT,293.84,4.33,N
23.77839,86.38763,317,0.57,0.43,2026-05-01,2023,N,VIIRS,n,2.0NRT,292.73,1.71,N
23.7787,78.14074,334.9,0.44,0.39,2026-05-01,2023,N,VIIRS,n,2.0NRT,296.68,9.49,N
23.78001,86.21092,330.77,0.56,0.43,2026-05-01,2023,N,VIIRS,n,2.0NRT,294.37,3.74,N
23.78106,86.20553,303.79,0.56,0.43,2026-05-01,2023,N,VIIRS,n,2.0NRT,293.26,2.65,N
23.78125,86.39408,305.24,0.57,0.43,2026-05-01,2023,N,VIIRS,n,2.0NRT,293.86,2.12,N
23.78126,86.20992,329.84,0.56,0.43,2026-05-01,2023,N,VIIRS,n,2.0NRT,294.86,4.33,N
23.78159,86.37112,310.94,0.57,0.43,2026-05-01,2023,N,VIIRS,n,2.0NRT,292.87,1.91,N
23.78183,85.57764,305.19,0.52,0.41,2026-05-01,2023,N,VIIRS,n,2.0NRT,294.01,1.31,N
23.78193,85.5743,310.03,0.52,0.41,2026-05-01,2023,N,VIIRS,n,2.0NRT,294.35,2.32,N
23.78233,86.3885,308.62,0.57,0.43,2026-05-01,2023,N,VIIRS,n,2.0NRT,292.55,1.71,N
23.78276,85.57257,304.4,0.52,0.41,2026-05-01,2023,N,VIIRS,n,2.0NRT,293.02,2.15,N
23.78299,86.34274,307.88,0.57,0.43,2026-05-01,2023,N,VIIRS,n,2.0NRT,292.19,2.14,N
23.78648,85.55246,305.56,0.51,0.41,2026-05-01,2023,N,VIIRS,n,2.0NRT,292.05,1.1,N
23.78918,78.03954,306.92,0.45,0.39,2026-05-01,2023,N,VIIRS,n,2.0NRT,294.6,1.82,N
23.79025,81.27261,304.81,0.38,0.36,2026-05-01,2023,N,VIIRS,n,2.0NRT,293.76,0.8,N
23.79047,85.55007,304.25,0.51,0.41,2026-05-01,2023,N,VIIRS,n,2.0NRT,292.79,1.04,N
23.79372,86.35088,309.76,0.57,0.43,2026-05-01,2023,N,VIIRS,n,2.0NRT,293,2.62,N
23.79634,86.23167,303.58,0.56,0.43,2026-05-01,2023,N,VIIRS,n,2.0NRT,291.42,0.84,N
23.79765,86.35176,319.94,0.57,0.43,2026-05-01,2023,N,VIIRS,n,2.0NRT,293.09,2.62,N
23.8019,86.32972,309.9,0.56,0.43,2026-05-01,2023,N,VIIRS,n,2.0NRT,293.35,1.9,N
23.80378,78.52389,327.48,0.43,0.38,2026-05-01,2023,N,VIIRS,n,2.0NRT,294.11,2.91,N
23.80583,86.33061,310.88,0.56,0.43,2026-05-01,2023,N,VIIRS,n,2.0NRT,293.5,1.61,N
23.80878,77.70967,311.62,0.46,0.39,2026-05-01,2023,N,VIIRS,n,2.0NRT,294.64,3.76,N
23.81026,84.84283,320.37,0.47,0.4,2026-05-01,2023,N,VIIRS,n,2.0NRT,292.37,3.48,N
23.8105,84.84563,324.71,0.48,0.4,2026-05-01,2023,N,VIIRS,n,2.0NRT,292.52,2.9,N
23.81076,77.64021,309.63,0.47,0.39,2026-05-01,2023,N,VIIRS,n,2.0NRT,295.26,3.01,N
23.81389,84.84361,307.14,0.47,0.4,2026-05-01,2023,N,VIIRS,n,2.0NRT,292.14,1.05,N
23.81819,78.83548,305.96,0.42,0.38,2026-05-01,2023,N,VIIRS,n,2.0NRT,294.59,1.03,N
23.8231,76.93552,309.75,0.5,0.41,2026-05-01,2023,N,VIIRS,n,2.0NRT,295.72,0.97,N
23.82341,85.50018,304.66,0.51,0.41,2026-05-01,2023,N,VIIRS,n,2.0NRT,293.03,1.61,N
23.82356,86.54704,308.22,0.39,0.44,2026-05-01,2023,N,VIIRS,n,2.0NRT,291.03,0.52,N
23.82375,76.93057,311.43,0.5,0.41,2026-05-01,2023,N,VIIRS,n,2.0NRT,295.65,1.34,N
23.82434,85.49521,306.26,0.51,0.41,2026-05-01,2023,N,VIIRS,n,2.0NRT,294.05,1.79,N
23.82554,84.57477,302.45,0.46,0.39,2026-05-01,2023,N,VIIRS,n,2.0NRT,292.43,1.16,N
23.82635,84.57028,318.11,0.46,0.39,2026-05-01,2023,N,VIIRS,n,2.0NRT,293.99,2.02,N
23.82993,84.57103,312.59,0.46,0.39,2026-05-01,2023,N,VIIRS,n,2.0NRT,294,1.36,N
23.88305,78.31766,304.74,0.44,0.38,2026-05-01,2023,N,VIIRS,n,2.0NRT,294.1,1.81,N
23.8835,78.31511,306.08,0.44,0.38,2026-05-01,2023,N,VIIRS,n,2.0NRT,294.3,2.05,N
23.88526,77.77505,314.29,0.46,0.39,2026-05-01,2023,N,VIIRS,n,2.0NRT,288.83,1.62,N
23.88957,77.71551,317.11,0.46,0.39,2026-05-01,2023,N,VIIRS,n,2.0NRT,294.2,3.81,N
23.91897,78.88452,315.76,0.42,0.38,2026-05-01,2023,N,VIIRS,n,2.0NRT,294.81,1.98,N
23.92649,85.34282,301.91,0.5,0.41,2026-05-01,2023,N,VIIRS,n,2.0NRT,290.65,0.79,N
23.93185,77.7038,311.38,0.46,0.39,2026-05-01,2023,N,VIIRS,n,2.0NRT,294.89,2.49,N
23.93547,77.70439,312.78,0.46,0.39,2026-05-01,2023,N,VIIRS,n,2.0NRT,295.1,2.49,N
23.93909,77.70498,327.78,0.46,0.39,2026-05-01,2023,N,VIIRS,n,2.0NRT,295.24,6.52,N
23.94906,78.56374,317.93,0.43,0.38,2026-05-01,2023,N,VIIRS,n,2.0NRT,294.37,1.26,N
23.95017,77.65085,309.59,0.47,0.4,2026-05-01,2023,N,VIIRS,n,2.0NRT,293.4,2.47,N
23.98948,79.39115,315.96,0.41,0.37,2026-05-01,2023,N,VIIRS,n,2.0NRT,297.11,1.59,N
23.99494,77.95122,308.91,0.45,0.39,2026-05-01,2023,N,VIIRS,n,2.0NRT,295.1,3.01,N
24.03995,78.16843,313.87,0.45,0.39,2026-05-01,2023,N,VIIRS,n,2.0NRT,295.01,1.43,N
24.04383,78.29804,309.14,0.44,0.38,2026-05-01,2023,N,VIIRS,n,2.0NRT,294.85,1.33,N
24.0452,78.71944,314.21,0.42,0.38,2026-05-01,2023,N,VIIRS,n,2.0NRT,293.58,1.2,N
24.04696,78.71822,305.6,0.43,0.38,2026-05-01,2023,N,VIIRS,n,2.0NRT,293.44,0.83,N
24.05325,80.61334,308.75,0.39,0.36,2026-05-01,2023,N,VIIRS,n,2.0NRT,296.32,1.08,N
24.06579,78.244,306.4,0.44,0.39,2026-05-01,2023,N,VIIRS,n,2.0NRT,294.46,1.35,N
24.10229,77.56628,319.25,0.47,0.4,2026-05-01,2023,N,VIIRS,n,2.0NRT,295.44,3.43,N
24.11459,86.85841,307.02,0.4,0.44,2026-05-01,2023,N,VIIRS,n,2.0NRT,291.86,0.94,N
24.12924,77.94326,308.28,0.46,0.39,2026-05-01,2023,N,VIIRS,n,2.0NRT,293.98,1.53,N
24.12988,82.62202,317.05,0.4,0.37,2026-05-01,2023,N,VIIRS,n,2.0NRT,296.04,1.24,N
24.13053,82.61815,307.4,0.4,0.37,2026-05-01,2023,N,VIIRS,n,2.0NRT,295.57,1.24,N
24.13283,77.94385,307.48,0.46,0.39,2026-05-01,2023,N,VIIRS,n,2.0NRT,294.31,1.53,N
24.13636,82.72762,308.19,0.4,0.37,2026-05-01,2023,N,VIIRS,n,2.0NRT,295.13,0.94,N
24.14298,82.70884,309.8,0.4,0.37,2026-05-01,2023,N,VIIRS,n,2.0NRT,295.05,1.25,N
24.14531,82.63309,307.37,0.4,0.37,2026-05-01,2023,N,VIIRS,n,2.0NRT,296.28,0.76,N
24.14544,77.99853,311.31,0.45,0.39,2026-05-01,2023,N,VIIRS,n,2.0NRT,295.14,2.18,N
24.15969,82.56783,339.11,0.4,0.37,2026-05-01,2023,N,VIIRS,n,2.0NRT,297.36,4.91,N
24.16018,82.66817,310.91,0.4,0.37,2026-05-01,2023,N,VIIRS,n,2.0NRT,296.13,1.02,N
24.16055,82.60395,324.8,0.4,0.37,2026-05-01,2023,N,VIIRS,n,2.0NRT,295.59,1.69,N
24.1612,82.60007,308.91,0.4,0.37,2026-05-01,2023,N,VIIRS,n,2.0NRT,294.59,1.69,N
24.16335,82.62859,329.75,0.4,0.37,2026-05-01,2023,N,VIIRS,n,2.0NRT,297.85,3.03,N
24.16938,78.25037,306.27,0.44,0.39,2026-05-01,2023,N,VIIRS,n,2.0NRT,294.08,0.81,N
24.18007,75.81937,311.47,0.39,0.44,2026-05-01,2023,N,VIIRS,n,2.0NRT,295.4,2.64,N
24.18556,82.66119,309.51,0.4,0.37,2026-05-01,2023,N,VIIRS,n,2.0NRT,295.71,1.53,N
24.196,78.24136,329,0.44,0.39,2026-05-01,2023,N,VIIRS,n,2.0NRT,294.56,2.25,N
24.19743,80.79731,309.46,0.39,0.36,2026-05-01,2023,N,VIIRS,n,2.0NRT,296.09,1.22,N
24.1984,82.71485,317.15,0.4,0.37,2026-05-01,2023,N,VIIRS,n,2.0NRT,296.49,1.64,N
24.19954,78.24195,324.2,0.44,0.39,2026-05-01,2023,N,VIIRS,n,2.0NRT,295.16,2.25,N
24.20015,78.23758,307.43,0.44,0.39,2026-05-01,2023,N,VIIRS,n,2.0NRT,293.32,1.97,N
24.2024,82.71169,317.1,0.4,0.37,2026-05-01,2023,N,VIIRS,n,2.0NRT,296.58,1.64,N
24.20306,82.70777,312.54,0.4,0.37,2026-05-01,2023,N,VIIRS,n,2.0NRT,296.01,1.83,N
24.20641,82.70844,319.21,0.4,0.37,2026-05-01,2023,N,VIIRS,n,2.0NRT,296.79,2.3,N
24.21568,78.20439,307.02,0.45,0.39,2026-05-01,2023,N,VIIRS,n,2.0NRT,293.32,1.43,N
24.29696,78.02624,311.54,0.45,0.39,2026-05-01,2023,N,VIIRS,n,2.0NRT,294.74,1.7,N
24.34575,78.07063,308.94,0.45,0.39,2026-05-01,2023,N,VIIRS,n,2.0NRT,294.42,1.46,N
24.35562,78.11996,305.99,0.45,0.39,2026-05-01,2023,N,VIIRS,n,2.0NRT,293.5,0.87,N
24.35976,78.14326,313.99,0.45,0.39,2026-05-01,2023,N,VIIRS,n,2.0NRT,294.16,1.25,N
24.36333,78.14385,309.09,0.45,0.39,2026-05-01,2023,N,VIIRS,n,2.0NRT,293.89,1.25,N
24.36693,78.11728,309.15,0.45,0.39,2026-05-01,2023,N,VIIRS,n,2.0NRT,293.2,0.81,N
24.448,83.03896,303.98,0.4,0.37,2026-05-01,2023,N,VIIRS,n,2.0NRT,293.88,0.81,N
24.45758,77.07684,306.98,0.5,0.41,2026-05-01,2023,N,VIIRS,n,2.0NRT,295.92,1.63,N
24.52407,77.74707,308.65,0.47,0.4,2026-05-01,2023,N,VIIRS,n,2.0NRT,294.53,1.48,N
24.52904,81.16763,310.5,0.38,0.36,2026-05-01,2023,N,VIIRS,n,2.0NRT,297.43,1.6,N
24.54923,77.86382,306.55,0.46,0.39,2026-05-01,2023,N,VIIRS,n,2.0NRT,294.73,1.22,N
24.54948,78.51836,310.31,0.44,0.38,2026-05-01,2023,N,VIIRS,n,2.0NRT,293.66,1.03,N
24.57281,77.68863,324.98,0.47,0.4,2026-05-01,2023,N,VIIRS,n,2.0NRT,295.74,3.37,N
24.57531,77.44286,323.66,0.48,0.4,2026-05-01,2023,N,VIIRS,n,2.0NRT,294.47,1.98,N
24.57594,77.43807,316.29,0.49,0.4,2026-05-01,2023,N,VIIRS,n,2.0NRT,293.64,1.98,N
24.60274,77.91209,305.78,0.46,0.39,2026-05-01,2023,N,VIIRS,n,2.0NRT,294.14,0.87,N
24.6193,74.75632,313.22,0.45,0.47,2026-05-01,2023,N,VIIRS,n,2.0NRT,293.55,1.05,N
24.61982,74.75179,317.62,0.45,0.47,2026-05-01,2023,N,VIIRS,n,2.0NRT,293.5,2.41,N
24.6304,77.07637,321,0.51,0.41,2026-05-01,2023,N,VIIRS,n,2.0NRT,296.53,3.41,N
24.63105,77.07134,316.22,0.51,0.41,2026-05-01,2023,N,VIIRS,n,2.0NRT,296.08,3.25,N
24.6429,76.69032,308.74,0.53,0.42,2026-05-01,2023,N,VIIRS,n,2.0NRT,295.24,0.92,N
24.66085,77.58492,330.02,0.48,0.4,2026-05-01,2023,N,VIIRS,n,2.0NRT,295.62,3.88,N
24.66148,77.58018,309.4,0.48,0.4,2026-05-01,2023,N,VIIRS,n,2.0NRT,294.92,3.8,N
24.66967,78.04333,315.78,0.46,0.39,2026-05-01,2023,N,VIIRS,n,2.0NRT,294.8,1.59,N
24.67029,78.03882,307.24,0.46,0.39,2026-05-01,2023,N,VIIRS,n,2.0NRT,294.77,1.59,N
24.67326,78.04392,331.39,0.46,0.39,2026-05-01,2023,N,VIIRS,n,2.0NRT,296.02,1.59,N
24.67389,78.03941,306.18,0.46,0.39,2026-05-01,2023,N,VIIRS,n,2.0NRT,294.58,1.59,N
24.67449,78.04237,321.33,0.46,0.39,2026-05-01,2023,N,VIIRS,n,2.0NRT,295.62,1.85,N
24.73287,77.02744,310.18,0.51,0.41,2026-05-01,2023,N,VIIRS,n,2.0NRT,295.15,3.69,N
24.74215,76.83047,314.19,0.52,0.42,2026-05-01,2023,N,VIIRS,n,2.0NRT,294.71,6.45,N
24.75306,76.80567,325.08,0.52,0.42,2026-05-01,2023,N,VIIRS,n,2.0NRT,295.53,8.15,N
24.75608,76.87479,306.62,0.52,0.41,2026-05-01,2023,N,VIIRS,n,2.0NRT,294.12,5.55,N
24.75814,78.33194,314.12,0.45,0.39,2026-05-01,2023,N,VIIRS,n,2.0NRT,294.77,1.06,N
24.76726,77.92773,307.49,0.46,0.39,2026-05-01,2023,N,VIIRS,n,2.0NRT,294.68,1.27,N
24.77191,76.90349,342,0.52,0.41,2026-05-01,2023,N,VIIRS,n,2.0NRT,295.09,12.97,N
24.81325,77.66973,307.73,0.48,0.4,2026-05-01,2023,N,VIIRS,n,2.0NRT,294.55,1.14,N
24.82262,78.17921,305.19,0.45,0.39,2026-05-01,2023,N,VIIRS,n,2.0NRT,294.34,1.73,N
24.82323,78.17473,306.67,0.45,0.39,2026-05-01,2023,N,VIIRS,n,2.0NRT,294.09,1.94,N
24.85063,76.94425,308.75,0.52,0.41,2026-05-01,2023,N,VIIRS,n,2.0NRT,295.02,0.77,N
24.87428,77.06241,309.01,0.51,0.41,2026-05-01,2023,N,VIIRS,n,2.0NRT,294.46,4.07,N
24.89681,74.26931,327.83,0.49,0.49,2026-05-01,2023,N,VIIRS,n,2.0NRT,295.05,2.46,N
24.90129,74.26992,309.39,0.49,0.49,2026-05-01,2023,N,VIIRS,n,2.0NRT,294.85,0.8,N
24.90996,77.11425,316.67,0.51,0.41,2026-05-01,2023,N,VIIRS,n,2.0NRT,291.5,1.49,N
24.91014,77.11111,313.52,0.51,0.41,2026-05-01,2023,N,VIIRS,n,2.0NRT,288.84,2.81,N
24.91373,77.11486,312.5,0.51,0.41,2026-05-01,2023,N,VIIRS,n,2.0NRT,289.52,1.49,N
24.91391,77.11172,319.63,0.51,0.41,2026-05-01,2023,N,VIIRS,n,2.0NRT,287.81,2.81,N
24.91721,76.97035,308.47,0.52,0.41,2026-05-01,2023,N,VIIRS,n,2.0NRT,295.56,4.97,N
24.91788,76.96523,340.07,0.52,0.41,2026-05-01,2023,N,VIIRS,n,2.0NRT,297.13,10.34,N
24.92034,76.9675,315.66,0.52,0.41,2026-05-01,2023,N,VIIRS,n,2.0NRT,295.63,4.47,N
24.92445,84.15327,301.95,0.43,0.38,2026-05-01,2023,N,VIIRS,n,2.0NRT,291.46,0.85,N
24.92479,83.75641,301.97,0.42,0.38,2026-05-01,2023,N,VIIRS,n,2.0NRT,291.54,0.52,N
24.93239,76.54374,307.6,0.54,0.42,2026-05-01,2023,N,VIIRS,n,2.0NRT,294.57,4.25,N
24.93322,84.12436,301.29,0.43,0.38,2026-05-01,2023,N,VIIRS,n,2.0NRT,290.97,0.44,N
24.94545,76.53476,313.27,0.54,0.42,2026-05-01,2023,N,VIIRS,n,2.0NRT,294.68,4.54,N
24.94612,76.52935,314.9,0.54,0.42,2026-05-01,2023,N,VIIRS,n,2.0NRT,294.86,4.95,N
24.95479,76.71034,342.97,0.53,0.42,2026-05-01,2023,N,VIIRS,n,2.0NRT,296.53,11.51,N
24.95572,76.71221,335.45,0.53,0.42,2026-05-01,2023,N,VIIRS,n,2.0NRT,292.12,12.91,N
25.00355,77.30987,314.22,0.5,0.41,2026-05-01,2023,N,VIIRS,n,2.0NRT,294.37,4.59,N
25.29387,76.12128,297.77,0.39,0.44,2026-05-01,2023,N,VIIRS,n,2.0NRT,270.27,0.39,N
25.31281,76.26665,313.38,0.57,0.43,2026-05-01,2023,N,VIIRS,n,2.0NRT,290.58,4.21,N
25.35239,79.55984,306.65,0.41,0.37,2026-05-01,2023,N,VIIRS,n,2.0NRT,295.3,0.63,N
25.36105,79.52386,306.07,0.41,0.37,2026-05-01,2023,N,VIIRS,n,2.0NRT,295.24,0.75,N
25.39067,68.58018,314.8,0.56,0.69,2026-05-01,2023,N,VIIRS,n,2.0NRT,294.79,1.81,N
25.39452,79.41249,307.02,0.41,0.37,2026-05-01,2023,N,VIIRS,n,2.0NRT,295.21,1.94,N
25.42423,76.61457,303.83,0.55,0.42,2026-05-01,2023,N,VIIRS,n,2.0NRT,280.66,1.06,N
25.42489,76.60912,298.87,0.55,0.42,2026-05-01,2023,N,VIIRS,n,2.0NRT,279.85,1.06,N
25.47372,76.1348,310.58,0.39,0.44,2026-05-01,2023,N,VIIRS,n,2.0NRT,275.51,1.78,N
25.50794,82.31866,304.1,0.39,0.36,2026-05-01,2023,N,VIIRS,n,2.0NRT,293.19,0.57,N
25.53873,78.32251,308.82,0.45,0.39,2026-05-01,2023,N,VIIRS,n,2.0NRT,295.01,2.04,N
25.6422,79.43638,332,0.41,0.37,2026-05-01,2023,N,VIIRS,n,2.0NRT,296.53,4.92,N
25.64279,79.43226,333.36,0.41,0.37,2026-05-01,2023,N,VIIRS,n,2.0NRT,296.48,4.92,N
25.64339,79.42813,307.21,0.41,0.37,2026-05-01,2023,N,VIIRS,n,2.0NRT,295.66,4.64,N
25.66689,79.03806,309.13,0.43,0.38,2026-05-01,2023,N,VIIRS,n,2.0NRT,295.61,1.15,N
25.67751,76.52618,312.82,0.56,0.43,2026-05-01,2023,N,VIIRS,n,2.0NRT,293.89,4.46,N
25.68688,78.97167,306.95,0.43,0.38,2026-05-01,2023,N,VIIRS,n,2.0NRT,295.4,1.12,N
25.91323,78.04845,309.8,0.47,0.4,2026-05-01,2023,N,VIIRS,n,2.0NRT,294.39,1.2,N
25.91687,78.04903,310.2,0.47,0.4,2026-05-01,2023,N,VIIRS,n,2.0NRT,294.21,0.93,N
25.91939,79.7874,307.98,0.41,0.37,2026-05-01,2023,N,VIIRS,n,2.0NRT,294.41,1.27,N
26.18267,80.90121,310.56,0.39,0.36,2026-05-01,2023,N,VIIRS,n,2.0NRT,293.25,0.68,N
26.25927,79.82252,318.5,0.41,0.37,2026-05-01,2023,N,VIIRS,n,2.0NRT,294.13,1.09,N
26.25987,79.81844,307.98,0.41,0.37,2026-05-01,2023,N,VIIRS,n,2.0NRT,293.88,1.09,N
26.27231,74.18673,307.85,0.52,0.5,2026-05-01,2023,N,VIIRS,n,2.0NRT,294,3.73,N
26.30333,79.32006,306.26,0.42,0.38,2026-05-01,2023,N,VIIRS,n,2.0NRT,293.27,0.67,N
26.30354,79.39349,317.35,0.42,0.38,2026-05-01,2023,N,VIIRS,n,2.0NRT,294.01,1.89,N
26.6424,79.47662,307.18,0.42,0.38,2026-05-01,2023,N,VIIRS,n,2.0NRT,293.35,0.72,N
12.84326,78.62868,308.44,0.38,0.36,2026-05-01,2025,N,VIIRS,n,2.0NRT,291.63,0.99,N
13.06924,78.76323,306.75,0.38,0.36,2026-05-01,2025,N,VIIRS,n,2.0NRT,291.72,1.24,N
13.12935,79.88569,309.2,0.4,0.37,2026-05-01,2025,N,VIIRS,n,2.0NRT,293.08,0.56,N
13.30443,79.99355,310.44,0.4,0.37,2026-05-01,2025,N,VIIRS,n,2.0NRT,291.51,0.69,N
13.39133,80.10287,315.62,0.4,0.37,2026-05-01,2025,N,VIIRS,n,2.0NRT,292.21,1.03,N
13.56331,79.63069,310.74,0.39,0.36,2026-05-01,2025,N,VIIRS,n,2.0NRT,294.22,3.48,N
13.57788,79.45638,311.31,0.39,0.36,2026-05-01,2025,N,VIIRS,n,2.0NRT,293.97,2.02,N
13.7819,78.64537,313.58,0.38,0.36,2026-05-01,2025,N,VIIRS,n,2.0NRT,294.32,1.33,N
13.78465,78.64945,309.5,0.38,0.36,2026-05-01,2025,N,VIIRS,n,2.0NRT,294.32,1.15,N
13.83797,79.29416,339.17,0.39,0.36,2026-05-01,2025,N,VIIRS,n,2.0NRT,290.94,2.43,N
13.84071,79.29829,311.24,0.39,0.36,2026-05-01,2025,N,VIIRS,n,2.0NRT,290.32,2.43,N
13.84128,79.29472,316.97,0.39,0.36,2026-05-01,2025,N,VIIRS,n,2.0NRT,290.88,2.43,N
13.84141,79.27271,307.23,0.39,0.36,2026-05-01,2025,N,VIIRS,n,2.0NRT,289.77,1.58,N
13.84199,79.26913,312.87,0.39,0.36,2026-05-01,2025,N,VIIRS,n,2.0NRT,289.76,1.25,N
13.84256,79.26555,309.51,0.39,0.36,2026-05-01,2025,N,VIIRS,n,2.0NRT,289.21,1.25,N
13.85467,79.27499,316.25,0.39,0.36,2026-05-01,2025,N,VIIRS,n,2.0NRT,290.65,2.28,N
13.85798,79.27555,329.62,0.39,0.36,2026-05-01,2025,N,VIIRS,n,2.0NRT,291.56,2.28,N
13.86129,79.27612,322.61,0.39,0.36,2026-05-01,2025,N,VIIRS,n,2.0NRT,291.08,2.94,N
13.86403,79.28028,309.28,0.39,0.36,2026-05-01,2025,N,VIIRS,n,2.0NRT,291.01,2.94,N
13.8646,79.2767,332.62,0.39,0.36,2026-05-01,2025,N,VIIRS,n,2.0NRT,292.18,2.94,N
13.86562,79.2916,350.79,0.39,0.36,2026-05-01,2025,N,VIIRS,n,2.0NRT,294.96,6.83,N
13.8662,79.28802,310.09,0.39,0.36,2026-05-01,2025,N,VIIRS,n,2.0NRT,291.35,1.47,N
13.86677,79.28444,308.67,0.39,0.36,2026-05-01,2025,N,VIIRS,n,2.0NRT,291.5,1.47,N
13.86734,79.28086,328.11,0.39,0.36,2026-05-01,2025,N,VIIRS,n,2.0NRT,292.11,2.26,N
13.86894,79.29218,338.04,0.39,0.36,2026-05-01,2025,N,VIIRS,n,2.0NRT,293.93,6.83,N
13.86951,79.2886,313.42,0.39,0.36,2026-05-01,2025,N,VIIRS,n,2.0NRT,291.92,1.47,N
13.87066,79.28144,315,0.39,0.36,2026-05-01,2025,N,VIIRS,n,2.0NRT,291.43,2.26,N
14.29147,79.42484,311.68,0.39,0.36,2026-05-01,2025,N,VIIRS,n,2.0NRT,296.51,0.69,N
14.29205,79.42117,309.2,0.39,0.36,2026-05-01,2025,N,VIIRS,n,2.0NRT,294.97,0.69,N
14.29262,79.4176,319.9,0.39,0.36,2026-05-01,2025,N,VIIRS,n,2.0NRT,294.25,1.86,N
14.2942,79.42909,327.47,0.39,0.36,2026-05-01,2025,N,VIIRS,n,2.0NRT,297.46,2.96,N
14.29478,79.42542,309.42,0.39,0.36,2026-05-01,2025,N,VIIRS,n,2.0NRT,295.36,0.69,N
14.29651,79.4146,333.85,0.39,0.36,2026-05-01,2025,N,VIIRS,n,2.0NRT,295.67,1.86,N
14.29751,79.42968,333.51,0.39,0.36,2026-05-01,2025,N,VIIRS,n,2.0NRT,297.57,2.23,N
14.29809,79.426,310.6,0.39,0.36,2026-05-01,2025,N,VIIRS,n,2.0NRT,295.37,1.22,N
14.30083,79.43025,318.98,0.39,0.36,2026-05-01,2025,N,VIIRS,n,2.0NRT,298.11,2.23,N
14.30141,79.4266,316.73,0.39,0.36,2026-05-01,2025,N,VIIRS,n,2.0NRT,295.72,1.22,N
14.30153,79.40458,318.9,0.39,0.36,2026-05-01,2025,N,VIIRS,n,2.0NRT,296.01,0.99,N
14.30209,79.40108,314.6,0.39,0.36,2026-05-01,2025,N,VIIRS,n,2.0NRT,296.16,0.99,N
14.30266,79.39761,312.69,0.39,0.36,2026-05-01,2025,N,VIIRS,n,2.0NRT,296.74,1.51,N
14.30371,79.41217,323.07,0.39,0.36,2026-05-01,2025,N,VIIRS,n,2.0NRT,294.53,1.55,N
14.30404,79.4266,336.4,0.39,0.36,2026-05-01,2025,N,VIIRS,n,2.0NRT,298.32,2.37,N
14.3058,79.41579,322.36,0.39,0.36,2026-05-01,2025,N,VIIRS,n,2.0NRT,295.77,1.75,N
14.30638,79.41219,332.75,0.39,0.36,2026-05-01,2025,N,VIIRS,n,2.0NRT,295.5,2.05,N
14.30733,79.42724,315.47,0.39,0.36,2026-05-01,2025,N,VIIRS,n,2.0NRT,297.29,2.37,N
14.30882,79.38052,318.81,0.39,0.36,2026-05-01,2025,N,VIIRS,n,2.0NRT,297.21,1.57,N
14.30909,79.41642,309.66,0.39,0.36,2026-05-01,2025,N,VIIRS,n,2.0NRT,295.83,1.75,N
14.31239,79.41705,309.86,0.39,0.36,2026-05-01,2025,N,VIIRS,n,2.0NRT,296.45,1.03,N
14.31415,79.40621,309.22,0.39,0.36,2026-05-01,2025,N,VIIRS,n,2.0NRT,294.44,1.22,N
14.31569,79.41769,315.44,0.39,0.36,2026-05-01,2025,N,VIIRS,n,2.0NRT,297.18,1.03,N
14.31687,79.41042,312.38,0.39,0.36,2026-05-01,2025,N,VIIRS,n,2.0NRT,295.47,1.24,N
14.31746,79.40681,327.07,0.39,0.36,2026-05-01,2025,N,VIIRS,n,2.0NRT,296.17,1.22,N
14.31899,79.4183,319.16,0.39,0.36,2026-05-01,2025,N,VIIRS,n,2.0NRT,297.84,1.82,N
14.32307,79.39311,318.44,0.39,0.36,2026-05-01,2025,N,VIIRS,n,2.0NRT,294.94,1.26,N
14.32581,79.39725,335.11,0.39,0.36,2026-05-01,2025,N,VIIRS,n,2.0NRT,296.69,2.78,N
14.32638,79.39368,317.73,0.39,0.36,2026-05-01,2025,N,VIIRS,n,2.0NRT,294.98,1.26,N
14.32911,79.39787,313.31,0.39,0.36,2026-05-01,2025,N,VIIRS,n,2.0NRT,296.27,1.09,N
14.36308,78.71932,311.69,0.38,0.36,2026-05-01,2025,N,VIIRS,n,2.0NRT,294.42,1.3,N
14.36471,78.7305,312.88,0.38,0.36,2026-05-01,2025,N,VIIRS,n,2.0NRT,294.44,1.46,N
14.52124,77.19639,313.38,0.4,0.37,2026-05-01,2025,N,VIIRS,n,2.0NRT,294.83,1.11,N
14.65983,79.85227,341.14,0.39,0.36,2026-05-01,2025,N,VIIRS,n,2.0NRT,298.88,3.57,N
14.66042,79.84867,312.1,0.39,0.36,2026-05-01,2025,N,VIIRS,n,2.0NRT,297.87,1.55,N
14.66375,79.84924,309.17,0.39,0.36,2026-05-01,2025,N,VIIRS,n,2.0NRT,297.12,1.05,N
14.66513,77.93014,313.52,0.39,0.36,2026-05-01,2025,N,VIIRS,n,2.0NRT,299.2,0.9,N
14.66708,79.8498,318.93,0.39,0.36,2026-05-01,2025,N,VIIRS,n,2.0NRT,298.15,1.05,N
14.66916,79.84966,319.59,0.39,0.36,2026-05-01,2025,N,VIIRS,n,2.0NRT,298.22,2.14,N
14.71509,79.55167,315.41,0.39,0.36,2026-05-01,2025,N,VIIRS,n,2.0NRT,297.53,0.74,N
14.75328,79.0571,316.11,0.38,0.36,2026-05-01,2025,N,VIIRS,n,2.0NRT,295.48,0.57,N
14.8316,79.09538,316.16,0.38,0.36,2026-05-01,2025,N,VIIRS,n,2.0NRT,298.74,1.12,N
14.87318,78.05201,328.38,0.39,0.36,2026-05-01,2025,N,VIIRS,n,2.0NRT,299.08,2.47,N
14.88951,78.70763,311.13,0.38,0.36,2026-05-01,2025,N,VIIRS,n,2.0NRT,294.11,2.2,N
15.01211,79.08918,310.1,0.38,0.36,2026-05-01,2025,N,VIIRS,n,2.0NRT,293.74,1.71,N
15.02146,78.01277,316.04,0.39,0.36,2026-05-01,2025,N,VIIRS,n,2.0NRT,298.04,1.24,N
15.07648,78.7461,327.81,0.38,0.36,2026-05-01,2025,N,VIIRS,n,2.0NRT,296.19,3.18,N
15.1339,78.72643,320.78,0.38,0.36,2026-05-01,2025,N,VIIRS,n,2.0NRT,294.98,3.04,N
15.16637,76.37984,312.11,0.44,0.38,2026-05-01,2025,N,VIIRS,n,2.0NRT,296.7,1.35,N
15.1669,76.67302,310.14,0.43,0.38,2026-05-01,2025,N,VIIRS,n,2.0NRT,297.23,0.91,N
15.16805,76.66509,318.86,0.43,0.38,2026-05-01,2025,N,VIIRS,n,2.0NRT,297.14,1.94,N
15.16989,76.38038,311.61,0.44,0.38,2026-05-01,2025,N,VIIRS,n,2.0NRT,297.11,1.35,N
15.17153,76.66561,317.18,0.43,0.38,2026-05-01,2025,N,VIIRS,n,2.0NRT,298.38,1.94,N
15.174,76.37686,312.55,0.44,0.38,2026-05-01,2025,N,VIIRS,n,2.0NRT,296.63,1.77,N
15.17502,76.69038,309.55,0.42,0.38,2026-05-01,2025,N,VIIRS,n,2.0NRT,297.53,1.86,N
15.17616,76.65824,328.89,0.43,0.38,2026-05-01,2025,N,VIIRS,n,2.0NRT,298.82,3.08,N
15.17674,76.65429,325.49,0.43,0.38,2026-05-01,2025,N,VIIRS,n,2.0NRT,300.05,4.87,N
15.17723,77.10329,308.84,0.41,0.37,2026-05-01,2025,N,VIIRS,n,2.0NRT,298.13,1.03,N
15.17733,76.67457,313.02,0.43,0.38,2026-05-01,2025,N,VIIRS,n,2.0NRT,299.17,2.18,N
15.18023,76.67905,319.66,0.43,0.38,2026-05-01,2025,N,VIIRS,n,2.0NRT,299.04,2.39,N
15.18081,76.6751,318.93,0.43,0.38,2026-05-01,2025,N,VIIRS,n,2.0NRT,299.03,2.39,N
15.18196,76.66721,322.11,0.43,0.38,2026-05-01,2025,N,VIIRS,n,2.0NRT,297.79,3.15,N
15.1866,76.65984,312.44,0.43,0.38,2026-05-01,2025,N,VIIRS,n,2.0NRT,298.38,1.61,N
15.19663,78.12633,318.34,0.39,0.36,2026-05-01,2025,N,VIIRS,n,2.0NRT,296.1,1.35,N
15.19719,78.1227,322.41,0.39,0.36,2026-05-01,2025,N,VIIRS,n,2.0NRT,296.11,1.35,N
15.22471,76.7625,314.29,0.42,0.38,2026-05-01,2025,N,VIIRS,n,2.0NRT,299.29,1.43,N
15.23214,79.11111,325.98,0.38,0.36,2026-05-01,2025,N,VIIRS,n,2.0NRT,294.14,2.85,N
15.33989,76.24942,307.04,0.44,0.39,2026-05-01,2025,N,VIIRS,n,2.0NRT,295.87,1.43,N
15.43041,78.82256,315.69,0.38,0.36,2026-05-01,2025,N,VIIRS,n,2.0NRT,294.46,1.79,N
15.50488,78.82062,316.69,0.38,0.36,2026-05-01,2025,N,VIIRS,n,2.0NRT,293.73,2.58,N
15.50544,78.81705,316.79,0.38,0.36,2026-05-01,2025,N,VIIRS,n,2.0NRT,293.14,1.89,N
15.50875,78.81761,321.59,0.38,0.36,2026-05-01,2025,N,VIIRS,n,2.0NRT,294.38,1.89,N
15.51261,78.81458,310.49,0.38,0.36,2026-05-01,2025,N,VIIRS,n,2.0NRT,293.47,1.43,N
15.51592,78.81515,310.33,0.38,0.36,2026-05-01,2025,N,VIIRS,n,2.0NRT,293.49,1.43,N
15.51867,78.81927,310.59,0.38,0.36,2026-05-01,2025,N,VIIRS,n,2.0NRT,293.02,3.94,N
15.52086,78.82696,322.89,0.38,0.36,2026-05-01,2025,N,VIIRS,n,2.0NRT,293.92,2.14,N
15.52142,78.82339,324.4,0.38,0.36,2026-05-01,2025,N,VIIRS,n,2.0NRT,294.34,2.14,N
15.52198,78.81982,346.7,0.38,0.36,2026-05-01,2025,N,VIIRS,n,2.0NRT,296.19,3.94,N
15.52473,78.82395,338.72,0.38,0.36,2026-05-01,2025,N,VIIRS,n,2.0NRT,294.92,2.93,N
15.52529,78.82037,317.4,0.38,0.36,2026-05-01,2025,N,VIIRS,n,2.0NRT,293.01,1.44,N
15.63789,77.81551,308.69,0.4,0.37,2026-05-01,2025,N,VIIRS,n,2.0NRT,296.14,0.53,N
15.63907,77.81563,309.97,0.4,0.37,2026-05-01,2025,N,VIIRS,n,2.0NRT,296.51,0.81,N
15.65784,73.98795,314.78,0.39,0.44,2026-05-01,2025,N,VIIRS,n,2.0NRT,296.1,1.69,N
15.66494,78.37977,313.18,0.39,0.36,2026-05-01,2025,N,VIIRS,n,2.0NRT,292.82,1.75,N
15.68372,78.45677,310.07,0.39,0.36,2026-05-01,2025,N,VIIRS,n,2.0NRT,295.94,1.91,N
15.72122,78.82316,317.3,0.38,0.36,2026-05-01,2025,N,VIIRS,n,2.0NRT,295.32,1.75,N
15.72509,78.82014,311.56,0.38,0.36,2026-05-01,2025,N,VIIRS,n,2.0NRT,294.82,1.75,N
15.72784,78.82423,309.08,0.38,0.36,2026-05-01,2025,N,VIIRS,n,2.0NRT,294.22,0.88,N
15.7284,78.82067,310.36,0.38,0.36,2026-05-01,2025,N,VIIRS,n,2.0NRT,294.19,0.88,N
15.72896,78.8171,307.88,0.38,0.36,2026-05-01,2025,N,VIIRS,n,2.0NRT,293.09,1.54,N
15.73171,78.82121,308.48,0.38,0.36,2026-05-01,2025,N,VIIRS,n,2.0NRT,293.46,0.88,N
15.75347,78.94216,314.05,0.38,0.36,2026-05-01,2025,N,VIIRS,n,2.0NRT,293.36,1.82,N
15.75403,78.9386,310.91,0.38,0.36,2026-05-01,2025,N,VIIRS,n,2.0NRT,292.83,2.19,N
15.79688,78.53415,317.31,0.39,0.36,2026-05-01,2025,N,VIIRS,n,2.0NRT,293.11,1.92,N
15.80021,78.5347,311.99,0.39,0.36,2026-05-01,2025,N,VIIRS,n,2.0NRT,292.91,1.34,N
16.19199,78.82396,312.92,0.39,0.36,2026-05-01,2025,N,VIIRS,n,2.0NRT,295.55,0.58,N
16.20417,78.81127,331.01,0.39,0.36,2026-05-01,2025,N,VIIRS,n,2.0NRT,297.35,3.7,N
16.20472,78.8077,355.76,0.39,0.36,2026-05-01,2025,N,VIIRS,n,2.0NRT,299.97,4.99,N
16.20528,78.80412,348.52,0.39,0.36,2026-05-01,2025,N,VIIRS,n,2.0NRT,297.73,4.99,N
16.20585,78.80051,318.52,0.39,0.36,2026-05-01,2025,N,VIIRS,n,2.0NRT,295.89,1.29,N
16.20641,78.79689,311.58,0.39,0.36,2026-05-01,2025,N,VIIRS,n,2.0NRT,295.91,1.29,N
16.20803,78.80827,318.46,0.39,0.36,2026-05-01,2025,N,VIIRS,n,2.0NRT,295.53,4.99,N
16.20972,78.79748,315.44,0.39,0.36,2026-05-01,2025,N,VIIRS,n,2.0NRT,296.48,1.29,N
16.21746,78.79147,309.46,0.39,0.36,2026-05-01,2025,N,VIIRS,n,2.0NRT,295.38,1.03,N
16.43508,78.38921,331.85,0.39,0.36,2026-05-01,2025,N,VIIRS,n,2.0NRT,291.8,3.89,N
16.60403,76.84019,309.23,0.43,0.38,2026-05-01,2025,N,VIIRS,n,2.0NRT,295.58,0.94,N
16.70877,77.66275,311.12,0.41,0.37,2026-05-01,2025,N,VIIRS,n,2.0NRT,296.64,1.12,N
16.95676,75.86008,306.28,0.48,0.4,2026-05-01,2025,N,VIIRS,n,2.0NRT,294.91,1.47,N
17.06225,76.978,315.41,0.43,0.38,2026-05-01,2025,N,VIIRS,n,2.0NRT,299.13,1.44,N
17.06246,76.98078,309.82,0.43,0.38,2026-05-01,2025,N,VIIRS,n,2.0NRT,299.53,0.82,N
17.06304,76.97673,310.92,0.43,0.38,2026-05-01,2025,N,VIIRS,n,2.0NRT,299.39,0.82,N
17.08193,79.32545,330.78,0.38,0.36,2026-05-01,2025,N,VIIRS,n,2.0NRT,295.39,2.75,N
17.08515,80.21712,316.06,0.39,0.36,2026-05-01,2025,N,VIIRS,n,2.0NRT,282.29,1.24,N
17.11557,79.32749,319.29,0.38,0.36,2026-05-01,2025,N,VIIRS,n,2.0NRT,293.74,1.95,N
17.11821,80.24117,306.24,0.39,0.36,2026-05-01,2025,N,VIIRS,n,2.0NRT,282.65,0.59,N
17.13637,80.25554,306.33,0.39,0.36,2026-05-01,2025,N,VIIRS,n,2.0NRT,283.12,0.5,N
17.13934,77.18511,310.94,0.42,0.38,2026-05-01,2025,N,VIIRS,n,2.0NRT,298.25,0.6,N
17.14116,77.18507,313.52,0.42,0.38,2026-05-01,2025,N,VIIRS,n,2.0NRT,298.89,0.6,N
17.20969,80.30216,311.22,0.39,0.36,2026-05-01,2025,N,VIIRS,n,2.0NRT,286.13,1.19,N
17.45069,76.55289,312.04,0.45,0.39,2026-05-01,2025,N,VIIRS,n,2.0NRT,297.84,1.12,N
17.47463,73.43333,315.28,0.44,0.46,2026-05-01,2025,N,VIIRS,n,2.0NRT,294.86,1.81,N
17.5018,81.49406,298.27,0.41,0.37,2026-05-01,2025,N,VIIRS,n,2.0NRT,266.64,0.66,N
17.5172,80.20605,312.27,0.39,0.36,2026-05-01,2025,N,VIIRS,n,2.0NRT,289.34,1.22,N
17.51895,81.64365,295.89,0.41,0.37,2026-05-01,2025,N,VIIRS,n,2.0NRT,265.42,1,N
17.5627,80.49052,305.91,0.39,0.36,2026-05-01,2025,N,VIIRS,n,2.0NRT,287.38,0.8,N
17.57597,80.98611,307.23,0.4,0.37,2026-05-01,2025,N,VIIRS,n,2.0NRT,280.79,0.87,N
17.71275,80.29601,306.23,0.39,0.36,2026-05-01,2025,N,VIIRS,n,2.0NRT,280.05,0.95,N
17.71607,80.29659,303.23,0.39,0.36,2026-05-01,2025,N,VIIRS,n,2.0NRT,280.52,0.62,N
17.72426,81.63137,299.6,0.41,0.37,2026-05-01,2025,N,VIIRS,n,2.0NRT,267.04,0.71,N
17.74558,81.67019,301.52,0.41,0.37,2026-05-01,2025,N,VIIRS,n,2.0NRT,273.07,0.59,N
17.92392,81.63109,303.38,0.41,0.37,2026-05-01,2025,N,VIIRS,n,2.0NRT,274.55,0.84,N
17.95151,77.10072,317.29,0.43,0.38,2026-05-01,2025,N,VIIRS,n,2.0NRT,297.45,1.58,N
17.95569,80.7853,310.1,0.39,0.36,2026-05-01,2025,N,VIIRS,n,2.0NRT,286.21,1.93,N
17.97411,81.79118,303.37,0.42,0.37,2026-05-01,2025,N,VIIRS,n,2.0NRT,280.76,0.46,N
17.9866,75.3895,311.43,0.52,0.42,2026-05-01,2025,N,VIIRS,n,2.0NRT,295.53,1.46,N
18.04291,78.73823,310.66,0.39,0.36,2026-05-01,2025,N,VIIRS,n,2.0NRT,288.73,1.79,N
18.04624,78.7388,324.71,0.39,0.36,2026-05-01,2025,N,VIIRS,n,2.0NRT,290.74,1.79,N
18.10499,76.65474,308.02,0.45,0.39,2026-05-01,2025,N,VIIRS,n,2.0NRT,296.34,0.33,N
18.16446,81.63809,304.65,0.41,0.37,2026-05-01,2025,N,VIIRS,n,2.0NRT,284.58,0.68,N
18.356,80.67715,312.53,0.39,0.36,2026-05-01,2025,N,VIIRS,n,2.0NRT,285.94,2.16,N
18.35933,80.67772,312.24,0.39,0.36,2026-05-01,2025,N,VIIRS,n,2.0NRT,285.72,1.23,N
18.40292,80.00896,309.02,0.38,0.36,2026-05-01,2025,N,VIIRS,n,2.0NRT,290.27,2.8,N
18.43068,79.89858,309.9,0.38,0.36,2026-05-01,2025,N,VIIRS,n,2.0NRT,289.53,1.29,N
18.43125,79.89497,309.54,0.38,0.36,2026-05-01,2025,N,VIIRS,n,2.0NRT,289.72,1.29,N
18.47264,81.18138,308.27,0.4,0.37,2026-05-01,2025,N,VIIRS,n,2.0NRT,288.44,1.43,N
18.48274,79.9334,308.22,0.38,0.36,2026-05-01,2025,N,VIIRS,n,2.0NRT,290.4,0.85,N
18.48475,79.87798,309.82,0.38,0.36,2026-05-01,2025,N,VIIRS,n,2.0NRT,290.32,2.12,N
18.51631,77.12881,311.33,0.44,0.38,2026-05-01,2025,N,VIIRS,n,2.0NRT,296.96,0.77,N
18.57394,77.75632,319.78,0.42,0.37,2026-05-01,2025,N,VIIRS,n,2.0NRT,295.14,1.83,N
18.5816,81.04371,310.27,0.39,0.37,2026-05-01,2025,N,VIIRS,n,2.0NRT,287.2,1.29,N
18.60479,77.83352,306.62,0.41,0.37,2026-05-01,2025,N,VIIRS,n,2.0NRT,296.24,1.07,N
18.65468,78.69328,308.65,0.39,0.36,2026-05-01,2025,N,VIIRS,n,2.0NRT,295.99,0.72,N
18.66004,79.34173,309.48,0.39,0.36,2026-05-01,2025,N,VIIRS,n,2.0NRT,295.02,1.1,N
18.66336,79.34229,307.29,0.39,0.36,2026-05-01,2025,N,VIIRS,n,2.0NRT,295.31,1.1,N
18.68076,73.04098,322.48,0.49,0.48,2026-05-01,2025,N,VIIRS,n,2.0NRT,299.05,5.02,N
18.68131,73.03631,317.09,0.49,0.48,2026-05-01,2025,N,VIIRS,n,2.0NRT,298.09,2.59,N
18.68187,73.03162,318.29,0.49,0.49,2026-05-01,2025,N,VIIRS,n,2.0NRT,297.86,2.59,N
18.68423,79.98701,308.98,0.38,0.36,2026-05-01,2025,N,VIIRS,n,2.0NRT,293.76,1.7,N
18.6848,79.98339,318.28,0.38,0.36,2026-05-01,2025,N,VIIRS,n,2.0NRT,294.02,1.7,N
18.68635,73.03223,315.78,0.49,0.49,2026-05-01,2025,N,VIIRS,n,2.0NRT,297.71,2.59,N
18.68691,73.02755,308.96,0.49,0.49,2026-05-01,2025,N,VIIRS,n,2.0NRT,297.71,3.19,N
18.68753,79.98759,319.74,0.38,0.36,2026-05-01,2025,N,VIIRS,n,2.0NRT,294.24,2.3,N
18.68811,79.98397,330.54,0.38,0.36,2026-05-01,2025,N,VIIRS,n,2.0NRT,294.49,2.3,N
18.6886,73.0516,308.62,0.49,0.48,2026-05-01,2025,N,VIIRS,n,2.0NRT,297.22,1.84,N
18.69026,79.9918,308.81,0.38,0.36,2026-05-01,2025,N,VIIRS,n,2.0NRT,293.51,2.06,N
18.69028,73.03755,313.41,0.49,0.48,2026-05-01,2025,N,VIIRS,n,2.0NRT,297.55,1.84,N
18.69084,79.98817,326.45,0.38,0.36,2026-05-01,2025,N,VIIRS,n,2.0NRT,294.89,2.3,N
18.69476,73.03817,307.04,0.49,0.48,2026-05-01,2025,N,VIIRS,n,2.0NRT,296.54,1.84,N
18.70452,77.86455,314.66,0.41,0.37,2026-05-01,2025,N,VIIRS,n,2.0NRT,296.43,1.31,N
18.70795,77.8651,317.16,0.41,0.37,2026-05-01,2025,N,VIIRS,n,2.0NRT,297,2.16,N
18.70852,77.86121,350.45,0.41,0.37,2026-05-01,2025,N,VIIRS,n,2.0NRT,298.94,4.89,N
18.7091,77.8573,330.93,0.41,0.37,2026-05-01,2025,N,VIIRS,n,2.0NRT,297.19,4.89,N
18.7178,79.53825,314.38,0.38,0.36,2026-05-01,2025,N,VIIRS,n,2.0NRT,298.26,2.17,N
18.72111,79.53883,327.77,0.38,0.36,2026-05-01,2025,N,VIIRS,n,2.0NRT,299.25,2.17,N
18.72784,77.9202,312.37,0.41,0.37,2026-05-01,2025,N,VIIRS,n,2.0NRT,295.65,1.7,N
18.73068,77.92464,336.28,0.41,0.37,2026-05-01,2025,N,VIIRS,n,2.0NRT,297.49,5.11,N
18.7423,77.8226,316.63,0.41,0.37,2026-05-01,2025,N,VIIRS,n,2.0NRT,298.22,1.22,N
18.8444,80.38373,312.82,0.39,0.36,2026-05-01,2025,N,VIIRS,n,2.0NRT,289.66,1.76,N
18.88584,78.77698,319.91,0.39,0.36,2026-05-01,2025,N,VIIRS,n,2.0NRT,294.47,0.94,N
18.98217,80.53884,306.95,0.39,0.36,2026-05-01,2025,N,VIIRS,n,2.0NRT,289.4,3.19,N
19.01078,79.33008,311.63,0.39,0.36,2026-05-01,2025,N,VIIRS,n,2.0NRT,299.24,1.39,N
19.09771,82.16814,327.72,0.42,0.38,2026-05-01,2025,N,VIIRS,n,2.0NRT,291.46,4.35,N
19.10244,77.88176,311.12,0.42,0.37,2026-05-01,2025,N,VIIRS,n,2.0NRT,298.64,0.86,N
19.10249,79.22176,311.48,0.39,0.36,2026-05-01,2025,N,VIIRS,n,2.0NRT,298.79,1.05,N
19.10305,79.21812,316.22,0.39,0.36,2026-05-01,2025,N,VIIRS,n,2.0NRT,298.8,1.05,N
19.11188,79.30937,316.53,0.39,0.36,2026-05-01,2025,N,VIIRS,n,2.0NRT,299.25,1.15,N
19.13342,74.17785,319.86,0.42,0.45,2026-05-01,2025,N,VIIRS,n,2.0NRT,293.92,1.46,N
19.17368,81.13237,306.49,0.39,0.36,2026-05-01,2025,N,VIIRS,n,2.0NRT,289.24,1.17,N
19.18574,80.2413,310.68,0.38,0.36,2026-05-01,2025,N,VIIRS,n,2.0NRT,289.45,2.06,N
19.19778,79.12807,309.53,0.39,0.36,2026-05-01,2025,N,VIIRS,n,2.0NRT,297.13,0.53,N
19.21856,81.19387,305.38,0.39,0.36,2026-05-01,2025,N,VIIRS,n,2.0NRT,287.56,1.23,N
19.22224,81.12949,311.7,0.39,0.36,2026-05-01,2025,N,VIIRS,n,2.0NRT,289.42,1.79,N
19.22693,80.84926,312.61,0.39,0.36,2026-05-01,2025,N,VIIRS,n,2.0NRT,294,1.47,N
19.23135,79.17165,314.4,0.39,0.36,2026-05-01,2025,N,VIIRS,n,2.0NRT,298.28,1.17,N
19.23211,79.29985,309.76,0.39,0.36,2026-05-01,2025,N,VIIRS,n,2.0NRT,297.73,1.1,N
19.24434,78.82395,310.58,0.39,0.36,2026-05-01,2025,N,VIIRS,n,2.0NRT,296.54,0.5,N
19.24499,80.82231,313.01,0.39,0.36,2026-05-01,2025,N,VIIRS,n,2.0NRT,294.28,0.74,N
19.24548,78.8165,313.61,0.39,0.36,2026-05-01,2025,N,VIIRS,n,2.0NRT,297.66,1.02,N
19.24769,78.82453,310.03,0.39,0.36,2026-05-01,2025,N,VIIRS,n,2.0NRT,297.16,0.72,N
19.24882,78.81708,311.38,0.39,0.36,2026-05-01,2025,N,VIIRS,n,2.0NRT,297.16,1.07,N
19.25858,79.32701,317.85,0.39,0.36,2026-05-01,2025,N,VIIRS,n,2.0NRT,298.83,1.81,N
19.27626,79.82023,312.56,0.38,0.36,2026-05-01,2025,N,VIIRS,n,2.0NRT,297.02,4.04,N
19.28401,79.8141,312.75,0.38,0.36,2026-05-01,2025,N,VIIRS,n,2.0NRT,297.13,1.88,N
19.28732,79.81467,312.05,0.38,0.36,2026-05-01,2025,N,VIIRS,n,2.0NRT,297.36,1.88,N
19.29266,78.17857,309.84,0.41,0.37,2026-05-01,2025,N,VIIRS,n,2.0NRT,296.27,1.53,N
19.29309,77.87167,324.85,0.42,0.37,2026-05-01,2025,N,VIIRS,n,2.0NRT,299.05,2.36,N
19.29606,78.17915,310.23,0.41,0.37,2026-05-01,2025,N,VIIRS,n,2.0NRT,296.62,1.99,N
19.29755,78.87158,308.75,0.39,0.36,2026-05-01,2025,N,VIIRS,n,2.0NRT,296.42,0.72,N
19.33871,79.09519,314.5,0.39,0.36,2026-05-01,2025,N,VIIRS,n,2.0NRT,298.6,0.81,N
19.33928,79.09148,311.45,0.39,0.36,2026-05-01,2025,N,VIIRS,n,2.0NRT,297.88,0.81,N
19.34146,79.09116,311.94,0.39,0.36,2026-05-01,2025,N,VIIRS,n,2.0NRT,298.72,0.92,N
19.3773,79.19187,315.69,0.39,0.36,2026-05-01,2025,N,VIIRS,n,2.0NRT,298.97,1.5,N
19.39091,79.08077,312.56,0.39,0.36,2026-05-01,2025,N,VIIRS,n,2.0NRT,297.88,1.13,N
19.39425,79.08133,316.95,0.39,0.36,2026-05-01,2025,N,VIIRS,n,2.0NRT,298.77,1.13,N
19.39659,80.95064,315.39,0.39,0.36,2026-05-01,2025,N,VIIRS,n,2.0NRT,293.46,2.51,N
19.40921,79.0952,312.22,0.39,0.36,2026-05-01,2025,N,VIIRS,n,2.0NRT,298.6,1.57,N
19.41312,79.09203,310.53,0.39,0.36,2026-05-01,2025,N,VIIRS,n,2.0NRT,298.26,1.2,N
19.44073,78.97871,314.47,0.39,0.36,2026-05-01,2025,N,VIIRS,n,2.0NRT,298.13,1.22,N
19.4635,79.87808,308.84,0.38,0.36,2026-05-01,2025,N,VIIRS,n,2.0NRT,296.28,1.19,N
19.51511,79.08972,309.25,0.39,0.36,2026-05-01,2025,N,VIIRS,n,2.0NRT,297.36,1,N
19.52693,76.69171,310.8,0.47,0.39,2026-05-01,2025,N,VIIRS,n,2.0NRT,298.86,1.06,N
19.53547,78.97882,309.79,0.39,0.36,2026-05-01,2025,N,VIIRS,n,2.0NRT,296.85,0.85,N
19.53603,78.97512,307.74,0.39,0.36,2026-05-01,2025,N,VIIRS,n,2.0NRT,296.62,0.59,N
19.53906,79.41483,310.01,0.39,0.36,2026-05-01,2025,N,VIIRS,n,2.0NRT,297.2,1.41,N
19.56952,78.75445,309.09,0.4,0.37,2026-05-01,2025,N,VIIRS,n,2.0NRT,296.62,0.83,N
19.59981,79.30826,327.12,0.39,0.36,2026-05-01,2025,N,VIIRS,n,2.0NRT,298.05,3.29,N
19.60314,79.30882,327.99,0.39,0.36,2026-05-01,2025,N,VIIRS,n,2.0NRT,298.87,3.29,N
19.6037,79.30515,324.56,0.39,0.36,2026-05-01,2025,N,VIIRS,n,2.0NRT,297.56,5.16,N
19.60646,79.30936,321.5,0.39,0.36,2026-05-01,2025,N,VIIRS,n,2.0NRT,299.01,3.69,N
19.6134,78.69218,308.74,0.4,0.37,2026-05-01,2025,N,VIIRS,n,2.0NRT,295.97,1.36,N
19.61595,79.29209,317.91,0.39,0.36,2026-05-01,2025,N,VIIRS,n,2.0NRT,299.11,4.23,N
19.61678,78.69267,313.98,0.4,0.37,2026-05-01,2025,N,VIIRS,n,2.0NRT,297.28,1.36,N
19.63501,77.83746,311.44,0.42,0.38,2026-05-01,2025,N,VIIRS,n,2.0NRT,300.27,1.71,N
19.65775,79.52508,322.95,0.39,0.36,2026-05-01,2025,N,VIIRS,n,2.0NRT,296.68,1.38,N
19.66356,78.07725,311.14,0.41,0.37,2026-05-01,2025,N,VIIRS,n,2.0NRT,298.74,1.82,N
19.71693,78.00125,314.13,0.42,0.37,2026-05-01,2025,N,VIIRS,n,2.0NRT,298.05,0.89,N
19.7193,78.00037,316.88,0.42,0.37,2026-05-01,2025,N,VIIRS,n,2.0NRT,298.69,0.77,N
19.72038,78.00174,310.3,0.42,0.37,2026-05-01,2025,N,VIIRS,n,2.0NRT,297.96,0.89,N
19.74452,77.89864,307.47,0.42,0.38,2026-05-01,2025,N,VIIRS,n,2.0NRT,297.15,1.64,N
19.78654,79.1459,312.57,0.39,0.36,2026-05-01,2025,N,VIIRS,n,2.0NRT,300.33,1.6,N
19.78895,79.0623,311.66,0.39,0.36,2026-05-01,2025,N,VIIRS,n,2.0NRT,299.56,1.18,N
19.8257,74.98938,306.77,0.38,0.43,2026-05-01,2025,N,VIIRS,n,2.0NRT,294.59,0.85,N
19.84221,77.73772,311.65,0.42,0.38,2026-05-01,2025,N,VIIRS,n,2.0NRT,298.87,1.25,N
19.86946,78.73306,310.61,0.4,0.37,2026-05-01,2025,N,VIIRS,n,2.0NRT,296,0.53,N
19.89271,72.87835,305.91,0.52,0.5,2026-05-01,2025,N,VIIRS,n,2.0NRT,295.79,2.23,N
19.92976,79.12006,316.79,0.39,0.36,2026-05-01,2025,N,VIIRS,n,2.0NRT,300.65,1.63,N
19.93069,75.59198,308.42,0.53,0.42,2026-05-01,2025,N,VIIRS,n,2.0NRT,297.59,2.32,N
19.96413,79.33482,316,0.39,0.36,2026-05-01,2025,N,VIIRS,n,2.0NRT,298.36,2.13,N
19.97756,78.73508,309.03,0.4,0.37,2026-05-01,2025,N,VIIRS,n,2.0NRT,297.37,1.26,N
19.97813,78.73132,308.89,0.4,0.37,2026-05-01,2025,N,VIIRS,n,2.0NRT,297.84,1.35,N
20.06502,80.27477,315.55,0.38,0.36,2026-05-01,2025,N,VIIRS,n,2.0NRT,292.2,4.52,N
20.13003,74.96082,309.99,0.39,0.44,2026-05-01,2025,N,VIIRS,n,2.0NRT,295.33,1.24,N
20.15432,75.98276,307.51,0.51,0.41,2026-05-01,2025,N,VIIRS,n,2.0NRT,296.8,1.65,N
20.26164,75.67757,312.09,0.53,0.42,2026-05-01,2025,N,VIIRS,n,2.0NRT,295.42,2.37,N
20.2628,75.67496,308.04,0.53,0.42,2026-05-01,2025,N,VIIRS,n,2.0NRT,295.35,2.22,N
20.35715,79.79488,311.01,0.39,0.36,2026-05-01,2025,N,VIIRS,n,2.0NRT,295.39,1,N
20.45214,78.04939,322.05,0.42,0.38,2026-05-01,2025,N,VIIRS,n,2.0NRT,301.65,2.24,N
20.45535,78.12361,319.19,0.42,0.37,2026-05-01,2025,N,VIIRS,n,2.0NRT,300.9,1.19,N
20.46265,75.57534,310.36,0.54,0.42,2026-05-01,2025,N,VIIRS,n,2.0NRT,295.91,1.94,N
20.62932,74.48195,318.28,0.42,0.45,2026-05-01,2025,N,VIIRS,n,2.0NRT,294.26,1.79,N
20.62956,74.48438,316.29,0.42,0.45,2026-05-01,2025,N,VIIRS,n,2.0NRT,294.55,1.69,N
20.68246,77.92695,317.4,0.43,0.38,2026-05-01,2025,N,VIIRS,n,2.0NRT,299.59,1.25,N
21.10582,72.64449,333.73,0.56,0.51,2026-05-01,2025,N,VIIRS,n,2.0NRT,297.54,8.69,N
6.95984,79.95584,309.08,0.45,0.39,2026-05-01,2027,N,VIIRS,n,2.0NRT,289.89,1.35,N
7.01356,80.84921,307.24,0.49,0.41,2026-05-01,2027,N,VIIRS,n,2.0NRT,285.63,1.78,N
7.0155,80.84808,311.06,0.49,0.4,2026-05-01,2027,N,VIIRS,n,2.0NRT,285.87,1.69,N
9.9639,76.39447,303.83,0.4,0.37,2026-05-01,2027,N,VIIRS,n,2.0NRT,284.43,0.4,N
10.48146,77.33179,314.87,0.39,0.36,2026-05-01,2027,N,VIIRS,n,2.0NRT,292.96,1.8,N
11.18216,79.10004,318.21,0.39,0.36,2026-05-01,2027,N,VIIRS,n,2.0NRT,294.78,1.43,N
11.40696,78.96515,307.42,0.39,0.36,2026-05-01,2027,N,VIIRS,n,2.0NRT,293.87,0.53,N
11.45407,76.50941,304.64,0.4,0.37,2026-05-01,2027,N,VIIRS,n,2.0NRT,289.76,0.56,N
11.45511,79.25501,314.44,0.39,0.36,2026-05-01,2027,N,VIIRS,n,2.0NRT,292.18,1.06,N
11.81017,77.92272,309.78,0.38,0.36,2026-05-01,2027,N,VIIRS,n,2.0NRT,294.4,2.68,N
12.61065,77.80236,307.63,0.39,0.36,2026-05-01,2027,N,VIIRS,n,2.0NRT,290.62,0.36,N
12.71592,77.08715,312.68,0.4,0.37,2026-05-01,2027,N,VIIRS,n,2.0NRT,293.79,1.19,N
12.87484,77.53818,306.37,0.39,0.36,2026-05-01,2027,N,VIIRS,n,2.0NRT,291.18,0.64,N
32.2889,70.73845,305.06,0.46,0.63,2026-05-01,2201,N,VIIRS,n,2.0NRT,292.48,0.91,N
32.83004,71.60204,304.63,0.5,0.65,2026-05-01,2201,N,VIIRS,n,2.0NRT,291.67,1.38,N
33.23362,71.51513,301.46,0.48,0.65,2026-05-01,2201,N,VIIRS,n,2.0NRT,287.77,0.29,N
33.80046,72.09739,302.79,0.5,0.66,2026-05-01,2201,N,VIIRS,n,2.0NRT,291.28,0.68,N
22.92223,70.1091,308.6,0.7,0.75,2026-05-01,2203,N,VIIRS,n,2.0NRT,296.25,2.91,N