latitude,longitude,bright_ti4,scan,track,acq_date,acq_time,satellite,instrument,confidence,version,bright_ti5,frp,daynight,type
6.44842,80.17161,331.47,0.6,0.71,2026-03-01,713,N20,VIIRS,n,2,297.14,3.4,D,0
6.81531,80.70459,327.68,0.55,0.68,2026-03-01,713,N20,VIIRS,l,2,298.04,5.42,D,0
6.81643,80.70579,341.28,0.55,0.68,2026-03-01,713,N20,VIIRS,n,2,297.97,7.09,D,0
6.87864,81.15153,336.99,0.51,0.66,2026-03-01,713,N20,VIIRS,n,2,297.61,3.67,D,0
6.88263,81.15209,340.9,0.51,0.66,2026-03-01,713,N20,VIIRS,n,2,296.06,4.37,D,0
6.92655,80.55214,330.05,0.56,0.68,2026-03-01,714,N20,VIIRS,n,2,296.78,2.72,D,0
7.80151,80.19914,335.12,0.56,0.69,2026-03-01,714,N20,VIIRS,n,2,300.01,2.8,D,0
7.82937,80.10449,332.81,0.57,0.69,2026-03-01,714,N20,VIIRS,n,2,301.21,9.11,D,0
7.83031,80.10954,351.99,0.57,0.69,2026-03-01,714,N20,VIIRS,n,2,299.37,9.66,D,0
7.90189,80.09359,342.41,0.57,0.69,2026-03-01,714,N20,VIIRS,n,2,299.83,5.24,D,0
7.92653,80.32812,337.81,0.55,0.68,2026-03-01,714,N20,VIIRS,n,2,300.59,7.2,D,0
7.92745,80.33302,332.09,0.55,0.68,2026-03-01,714,N20,VIIRS,n,2,298.93,7.01,D,0
7.92889,80.33042,367,0.55,0.68,2026-03-01,714,N20,VIIRS,h,2,301.23,9.33,D,0
9.76147,77.81389,331.89,0.76,0.77,2026-03-01,714,N20,VIIRS,n,2,298.53,8.78,D,0
9.78577,77.83567,336.52,0.75,0.77,2026-03-01,714,N20,VIIRS,n,2,298.36,6.6,D,0
9.78764,77.83646,335.25,0.75,0.77,2026-03-01,714,N20,VIIRS,n,2,298.04,7.12,D,0
9.80799,77.83817,330.72,0.75,0.77,2026-03-01,714,N20,VIIRS,n,2,297.56,4.7,D,0
9.80981,77.83889,338.18,0.75,0.77,2026-03-01,714,N20,VIIRS,n,2,298.33,9.8,D,0
9.82538,77.92425,337.49,0.74,0.76,2026-03-01,714,N20,VIIRS,n,2,295.96,5.36,D,0
9.82666,77.9252,336.96,0.74,0.76,2026-03-01,714,N20,VIIRS,n,2,295.89,3.15,D,0
11.42828,79.25408,349.21,0.56,0.69,2026-03-01,715,N20,VIIRS,n,2,297.6,5.19,D,0
11.42837,78.74653,330.74,0.61,0.71,2026-03-01,715,N20,VIIRS,l,2,300.96,6.09,D,0
11.4363,78.9511,349.55,0.59,0.7,2026-03-01,715,N20,VIIRS,n,2,302.54,11.26,D,0
11.43737,78.95641,337.15,0.59,0.7,2026-03-01,715,N20,VIIRS,n,2,301.28,11.14,D,0
11.5087,79.08277,367,0.58,0.69,2026-03-01,715,N20,VIIRS,h,2,303.17,11.07,D,0
11.51715,79.04634,334.59,0.58,0.7,2026-03-01,715,N20,VIIRS,n,2,302.05,3.32,D,0
11.52145,79.0479,338.68,0.58,0.7,2026-03-01,715,N20,VIIRS,n,2,299.43,2.37,D,0
11.96814,78.9502,332.76,0.58,0.69,2026-03-01,715,N20,VIIRS,n,2,300.02,3.26,D,0
12.63998,79.19114,331.49,0.54,0.68,2026-03-01,715,N20,VIIRS,n,2,300.07,4.02,D,0
12.7391,78.60928,350.27,0.59,0.7,2026-03-01,715,N20,VIIRS,n,2,301.4,12.58,D,0
12.7401,78.61427,354.1,0.59,0.7,2026-03-01,715,N20,VIIRS,n,2,299.28,12.58,D,0
12.74073,78.60749,342.54,0.59,0.7,2026-03-01,715,N20,VIIRS,n,2,300.37,13.77,D,0
12.74177,78.61248,367,0.59,0.7,2026-03-01,715,N20,VIIRS,h,2,300.65,17.33,D,0
12.85765,79.2332,331.56,0.53,0.67,2026-03-01,715,N20,VIIRS,l,2,302.48,7.31,D,0
12.85829,79.2362,331.33,0.53,0.67,2026-03-01,715,N20,VIIRS,l,2,302.28,5.03,D,0
13.0739,78.66773,331.24,0.57,0.69,2026-03-01,715,N20,VIIRS,n,2,300.15,5.27,D,0
13.07692,78.66589,335.67,0.57,0.69,2026-03-01,715,N20,VIIRS,n,2,299.04,4.14,D,0
13.11755,79.29228,335.52,0.52,0.67,2026-03-01,715,N20,VIIRS,n,2,300.48,3.94,D,0
13.16349,77.44962,342.09,0.69,0.74,2026-03-01,715,N20,VIIRS,n,2,296.33,10.48,D,0
13.1684,77.44987,335.06,0.69,0.74,2026-03-01,715,N20,VIIRS,n,2,296.21,6.52,D,0
13.19842,78.81367,331.61,0.56,0.69,2026-03-01,715,N20,VIIRS,n,2,297.18,8.87,D,0
13.20256,78.81313,343.09,0.56,0.69,2026-03-01,715,N20,VIIRS,n,2,298.68,7.87,D,0
13.25854,79.45216,330.16,0.5,0.66,2026-03-01,715,N20,VIIRS,n,2,299.81,3.94,D,0
13.29537,79.38811,340.59,0.51,0.66,2026-03-01,715,N20,VIIRS,n,2,300.77,4.94,D,0
13.3012,79.3861,332.09,0.51,0.66,2026-03-01,715,N20,VIIRS,n,2,300.54,3.12,D,0
13.35923,79.64511,344.25,0.49,0.65,2026-03-01,715,N20,VIIRS,n,2,302.18,5.81,D,0
13.36184,79.63961,339.72,0.49,0.65,2026-03-01,715,N20,VIIRS,n,2,300.97,5.45,D,0
13.36273,79.64393,342.28,0.49,0.65,2026-03-01,715,N20,VIIRS,n,2,301.27,5.45,D,0
13.36406,79.34863,367,0.51,0.66,2026-03-01,715,N20,VIIRS,h,2,301.8,5.89,D,0
13.36462,79.64142,347.71,0.49,0.65,2026-03-01,715,N20,VIIRS,n,2,300.91,8.08,D,0
13.36745,79.33458,367,0.51,0.66,2026-03-01,715,N20,VIIRS,h,2,302.72,23.23,D,0
13.37016,79.3479,332.05,0.51,0.66,2026-03-01,715,N20,VIIRS,n,2,301.11,5.89,D,0
13.37443,79.33817,367,0.51,0.66,2026-03-01,715,N20,VIIRS,h,2,301.44,9.12,D,0
13.37529,79.34241,342.5,0.51,0.66,2026-03-01,715,N20,VIIRS,n,2,302.96,9.12,D,0
13.37616,79.34668,337.27,0.51,0.66,2026-03-01,715,N20,VIIRS,n,2,301.05,6.42,D,0
13.38121,79.34082,350.4,0.51,0.66,2026-03-01,715,N20,VIIRS,n,2,299.81,9.12,D,0
13.45979,79.00912,339.99,0.53,0.67,2026-03-01,715,N20,VIIRS,n,2,300.23,5.98,D,0
13.45981,79.00748,342.82,0.54,0.67,2026-03-01,715,N20,VIIRS,n,2,300.1,7.04,D,0
13.46522,79.00463,335.39,0.53,0.67,2026-03-01,715,N20,VIIRS,n,2,297.52,5.98,D,0
13.466,79.00662,332.46,0.54,0.67,2026-03-01,715,N20,VIIRS,n,2,297.56,4.11,D,0
13.58747,78.82533,331.15,0.55,0.68,2026-03-01,715,N20,VIIRS,n,2,299.1,3.42,D,0
13.58849,78.83025,330.01,0.55,0.68,2026-03-01,715,N20,VIIRS,n,2,298.93,3.77,D,0
13.60749,78.4651,335.08,0.58,0.7,2026-03-01,715,N20,VIIRS,n,2,301.8,5.07,D,0
13.71121,78.72185,342.06,0.55,0.68,2026-03-01,715,N20,VIIRS,n,2,301.69,6.32,D,0
13.71239,78.7206,330.38,0.55,0.68,2026-03-01,715,N20,VIIRS,l,2,301.08,2.92,D,0
13.7134,78.72552,330.39,0.55,0.68,2026-03-01,715,N20,VIIRS,l,2,300.84,2.92,D,0
13.72674,78.23274,336.82,0.6,0.7,2026-03-01,715,N20,VIIRS,n,2,302.15,4.3,D,0
13.87983,78.94866,342.56,0.53,0.67,2026-03-01,715,N20,VIIRS,n,2,301.33,4.46,D,0
13.88593,78.94745,343.62,0.53,0.67,2026-03-01,715,N20,VIIRS,n,2,300.96,5.05,D,0
13.91412,79.68707,332.07,0.47,0.64,2026-03-01,715,N20,VIIRS,n,2,299.78,5.94,D,0
14.77084,97.91747,344.45,0.55,0.51,2026-03-01,715,N20,VIIRS,n,2,297.42,6.78,D,0
15.82158,97.74886,341.56,0.56,0.51,2026-03-01,715,N20,VIIRS,n,2,300.5,18.63,D,0
15.84358,95.37036,333.62,0.39,0.44,2026-03-01,715,N20,VIIRS,l,2,304.51,2.19,D,0
15.8525,94.68207,334.51,0.54,0.42,2026-03-01,715,N20,VIIRS,n,2,303.23,4.27,D,0
15.87049,95.54445,346.8,0.4,0.44,2026-03-01,715,N20,VIIRS,n,2,309.25,7.78,D,0
15.91066,94.93914,341.6,0.56,0.43,2026-03-01,715,N20,VIIRS,n,2,305.28,8.1,D,0
15.91761,95.42798,347.19,0.4,0.44,2026-03-01,715,N20,VIIRS,n,2,309.77,5.29,D,0
15.92069,95.13627,334.07,0.57,0.43,2026-03-01,715,N20,VIIRS,n,2,303.67,5.58,D,0
15.94905,95.57639,351.88,0.41,0.45,2026-03-01,715,N20,VIIRS,n,2,313.28,19.96,D,0
15.94953,95.58018,343.21,0.41,0.45,2026-03-01,715,N20,VIIRS,n,2,307.75,13.59,D,0
15.95245,94.95634,334.38,0.56,0.43,2026-03-01,715,N20,VIIRS,l,2,305.15,7.79,D,0
15.9594,95.55959,335.4,0.4,0.45,2026-03-01,715,N20,VIIRS,l,2,306.78,1.85,D,0
15.96399,95.56282,341.88,0.41,0.45,2026-03-01,715,N20,VIIRS,n,2,308.21,6.74,D,0
15.96497,95.5704,349.4,0.41,0.45,2026-03-01,715,N20,VIIRS,n,2,310.59,12.17,D,0
15.96546,95.5742,353.35,0.41,0.45,2026-03-01,715,N20,VIIRS,n,2,311.43,12.17,D,0
15.98059,94.92595,336.51,0.56,0.43,2026-03-01,715,N20,VIIRS,l,2,307.53,10.1,D,0
16.01244,97.71507,334.45,0.56,0.51,2026-03-01,715,N20,VIIRS,n,2,303.1,3.94,D,0
16.01453,95.57408,340.04,0.41,0.45,2026-03-01,715,N20,VIIRS,n,2,310.45,3.33,D,0
16.01501,95.57788,337.74,0.41,0.45,2026-03-01,715,N20,VIIRS,l,2,307.85,3.08,D,0
16.01864,95.57352,335.34,0.41,0.45,2026-03-01,715,N20,VIIRS,l,2,309.06,3.33,D,0
16.02129,97.70869,332.56,0.56,0.51,2026-03-01,715,N20,VIIRS,l,2,303.97,3.84,D,0
16.02192,97.71391,333.62,0.56,0.51,2026-03-01,715,N20,VIIRS,n,2,301.11,3.84,D,0
16.04126,94.53796,341.2,0.53,0.42,2026-03-01,715,N20,VIIRS,n,2,311.17,10.61,D,0
16.04272,97.648,345,0.55,0.51,2026-03-01,715,N20,VIIRS,n,2,303.15,11.51,D,0
16.04335,97.65318,332.53,0.55,0.51,2026-03-01,715,N20,VIIRS,n,2,300.04,3.57,D,0
16.04395,97.64487,345.69,0.55,0.51,2026-03-01,715,N20,VIIRS,n,2,303.1,7.08,D,0
16.04455,97.65007,335.63,0.55,0.51,2026-03-01,715,N20,VIIRS,n,2,300.7,7.08,D,0
16.07536,95.4318,338.81,0.4,0.44,2026-03-01,715,N20,VIIRS,n,2,308.2,2.85,D,0
16.08155,95.4158,350.74,0.4,0.44,2026-03-01,715,N20,VIIRS,n,2,318.62,30.8,D,0
16.08204,95.41953,352.28,0.4,0.44,2026-03-01,715,N20,VIIRS,n,2,310.91,30.8,D,0
16.0831,97.69287,331.67,0.56,0.51,2026-03-01,715,N20,VIIRS,l,2,303.55,5.19,D,0
16.0832,94.30509,338.04,0.52,0.41,2026-03-01,715,N20,VIIRS,n,2,308.21,4.66,D,0
16.08371,97.6981,351.53,0.56,0.51,2026-03-01,715,N20,VIIRS,n,2,304.56,5.19,D,0
16.08428,94.53703,340.93,0.53,0.42,2026-03-01,715,N20,VIIRS,n,2,310.51,10.3,D,0
16.08576,94.53387,349.59,0.53,0.42,2026-03-01,715,N20,VIIRS,n,2,312.16,11.47,D,0
16.11393,95.3436,347.2,0.39,0.44,2026-03-01,715,N20,VIIRS,n,2,307.24,5.4,D,0
16.12202,95.50591,341.3,0.4,0.45,2026-03-01,715,N20,VIIRS,n,2,308.36,5.13,D,0
16.14775,95.28661,335.19,0.39,0.44,2026-03-01,715,N20,VIIRS,n,2,305.44,2.1,D,0
16.15623,95.22604,337.77,0.39,0.44,2026-03-01,715,N20,VIIRS,n,2,303.53,2.11,D,0
16.15705,95.32651,342.39,0.39,0.44,2026-03-01,715,N20,VIIRS,n,2,303.85,3.83,D,0
16.16026,95.22549,338.74,0.39,0.44,2026-03-01,715,N20,VIIRS,n,2,305.85,4,D,0
16.25925,94.43666,342.7,0.53,0.42,2026-03-01,715,N20,VIIRS,n,2,307.93,5.9,D,0
16.28483,97.58777,333.27,0.55,0.51,2026-03-01,715,N20,VIIRS,l,2,304.74,7.69,D,0
16.32098,96.06935,347.67,0.44,0.46,2026-03-01,715,N20,VIIRS,n,2,309.73,5.5,D,0
16.33149,94.43367,330.05,0.53,0.42,2026-03-01,715,N20,VIIRS,n,2,304.76,2.4,D,0
16.36132,94.54089,331.25,0.54,0.42,2026-03-01,715,N20,VIIRS,n,2,305.98,4.16,D,0
16.37971,94.24458,339.72,0.52,0.41,2026-03-01,715,N20,VIIRS,l,2,311.05,4.26,D,0
16.38033,94.2494,352.25,0.52,0.41,2026-03-01,715,N20,VIIRS,n,2,311.91,16.32,D,0
16.38051,94.24788,353.31,0.52,0.41,2026-03-01,715,N20,VIIRS,n,2,313.85,19.34,D,0
16.38054,97.78461,339.62,0.57,0.52,2026-03-01,715,N20,VIIRS,n,2,302.17,4.22,D,0
16.38121,97.78798,333.76,0.57,0.52,2026-03-01,715,N20,VIIRS,n,2,302.13,6.61,D,0
16.38946,97.77811,336.06,0.57,0.52,2026-03-01,715,N20,VIIRS,n,2,303.34,10.69,D,0
16.39011,97.78346,340.86,0.57,0.52,2026-03-01,715,N20,VIIRS,n,2,300.18,10.69,D,0
16.39017,97.78146,343.82,0.57,0.52,2026-03-01,715,N20,VIIRS,n,2,303.71,20.76,D,0
16.39033,97.74552,342.58,0.57,0.52,2026-03-01,715,N20,VIIRS,n,2,303.77,8.83,D,0
16.39068,97.74345,336.42,0.57,0.52,2026-03-01,715,N20,VIIRS,n,2,304.29,7.52,D,0
16.39098,97.75083,355.66,0.57,0.52,2026-03-01,715,N20,VIIRS,n,2,303.65,8.83,D,0
16.39129,97.74878,352.76,0.57,0.52,2026-03-01,715,N20,VIIRS,n,2,305.33,14.02,D,0
16.3919,97.75411,342.3,0.57,0.52,2026-03-01,715,N20,VIIRS,n,2,303.69,14.02,D,0
16.39576,97.75027,345.27,0.57,0.52,2026-03-01,715,N20,VIIRS,n,2,307.04,8.83,D,0
16.40792,96.31023,339.99,0.46,0.47,2026-03-01,715,N20,VIIRS,n,2,301.33,5.54,D,3
16.41907,94.39736,338.71,0.53,0.42,2026-03-01,715,N20,VIIRS,n,2,308.09,5.98,D,0
16.42115,97.51128,333.67,0.55,0.51,2026-03-01,715,N20,VIIRS,n,2,301.91,5.63,D,0
16.45693,94.65823,336.23,0.55,0.42,2026-03-01,715,N20,VIIRS,n,2,310.82,3.73,D,0
16.45749,95.78861,335.07,0.42,0.46,2026-03-01,715,N20,VIIRS,n,2,302.82,3.62,D,0
16.47259,94.33031,339.34,0.52,0.42,2026-03-01,715,N20,VIIRS,n,2,306.96,5.68,D,0
16.47643,94.32985,339.02,0.52,0.42,2026-03-01,715,N20,VIIRS,n,2,307.91,5.68,D,0
16.52654,96.50441,342.16,0.47,0.48,2026-03-01,715,N20,VIIRS,n,2,305.58,3.52,D,0
16.59213,96.2057,348.16,0.45,0.47,2026-03-01,715,N20,VIIRS,n,2,312.36,5.68,D,0
16.59266,96.20995,344.33,0.45,0.47,2026-03-01,715,N20,VIIRS,n,2,313.55,5.68,D,0
16.64054,97.8453,342.59,0.58,0.52,2026-03-01,715,N20,VIIRS,n,2,301.02,7.7,D,0
16.65324,97.40176,343.9,0.54,0.51,2026-03-01,715,N20,VIIRS,n,2,308.4,10.74,D,0
16.65383,97.40687,367,0.54,0.51,2026-03-01,715,N20,VIIRS,h,2,309.79,11.8,D,0
16.65519,97.39936,338.08,0.54,0.51,2026-03-01,715,N20,VIIRS,n,2,307.58,7.64,D,0
16.65581,97.40445,367,0.54,0.51,2026-03-01,715,N20,VIIRS,h,2,311.7,14.79,D,0
16.65643,97.40955,343.57,0.54,0.51,2026-03-01,715,N20,VIIRS,n,2,307.46,14.79,D,0
16.65792,97.40118,353.21,0.54,0.51,2026-03-01,715,N20,VIIRS,n,2,309.32,10.74,D,0
16.65909,97.41141,347.12,0.54,0.51,2026-03-01,715,N20,VIIRS,n,2,305.28,11.8,D,0
16.66049,97.40387,337.35,0.54,0.51,2026-03-01,715,N20,VIIRS,n,2,307.97,7.96,D,0
16.66174,97.41409,348.37,0.54,0.51,2026-03-01,715,N20,VIIRS,n,2,307.16,7.72,D,0
16.67368,97.67179,336.22,0.57,0.52,2026-03-01,715,N20,VIIRS,n,2,301.93,6.33,D,0
16.73534,97.9998,346.15,0.6,0.53,2026-03-01,715,N20,VIIRS,n,2,299.78,13.76,D,0
16.78805,97.94244,330.43,0.59,0.53,2026-03-01,715,N20,VIIRS,n,2,298.28,2.3,D,0
13.72764,78.23007,343.11,0.6,0.7,2026-03-01,716,N20,VIIRS,n,2,302.49,4.55,D,0
13.87593,77.85133,331.47,0.63,0.72,2026-03-01,716,N20,VIIRS,n,2,301.39,7.87,D,0
13.87931,78.94589,335.56,0.53,0.67,2026-03-01,716,N20,VIIRS,n,2,301.35,4.31,D,0
13.8854,78.94465,336.51,0.53,0.67,2026-03-01,716,N20,VIIRS,n,2,299.27,4.31,D,0
13.89202,78.24477,345.61,0.59,0.7,2026-03-01,716,N20,VIIRS,n,2,300.5,7.77,D,0
13.89385,78.48935,338.57,0.57,0.69,2026-03-01,716,N20,VIIRS,n,2,299.73,2.3,D,0
13.89635,77.94643,331.67,0.62,0.71,2026-03-01,716,N20,VIIRS,l,2,302.6,5.66,D,0
13.89685,77.94833,338.21,0.62,0.71,2026-03-01,716,N20,VIIRS,n,2,302.63,5.36,D,0
13.89719,78.48705,367,0.57,0.69,2026-03-01,716,N20,VIIRS,h,2,301.02,11.56,D,0
13.90001,78.4876,348.92,0.57,0.69,2026-03-01,716,N20,VIIRS,n,2,300.39,6.93,D,0
13.992,78.20772,331.54,0.59,0.7,2026-03-01,716,N20,VIIRS,l,2,304.92,2.78,D,0
14.04566,78.13831,332.01,0.6,0.7,2026-03-01,716,N20,VIIRS,n,2,302.46,4.15,D,0
14.06552,78.95476,334.4,0.52,0.67,2026-03-01,716,N20,VIIRS,n,2,302.98,5.02,D,0
14.07463,78.93753,330.48,0.53,0.67,2026-03-01,716,N20,VIIRS,l,2,301.92,2.72,D,0
14.17006,77.99683,330.47,0.6,0.71,2026-03-01,716,N20,VIIRS,l,2,301.27,2.46,D,0
14.18441,78.76147,332.29,0.54,0.68,2026-03-01,716,N20,VIIRS,l,2,302.46,2.56,D,0
14.18601,76.50274,343.58,0.76,0.77,2026-03-01,716,N20,VIIRS,n,2,298.82,8.92,D,0
14.23353,78.23489,338.69,0.58,0.7,2026-03-01,716,N20,VIIRS,n,2,300.81,7.49,D,0
14.23975,78.23315,346.51,0.58,0.7,2026-03-01,716,N20,VIIRS,n,2,301.44,8.12,D,0
14.3313,78.34071,333.81,0.57,0.69,2026-03-01,716,N20,VIIRS,n,2,300.3,4.16,D,0
14.34762,78.90364,344.72,0.52,0.67,2026-03-01,716,N20,VIIRS,n,2,299.56,6.23,D,0
14.38422,77.66924,336.73,0.63,0.72,2026-03-01,716,N20,VIIRS,n,2,299.46,5.36,D,0
14.39001,77.6673,335.92,0.63,0.72,2026-03-01,716,N20,VIIRS,n,2,300.15,4.65,D,0
14.62876,77.96571,339.22,0.6,0.7,2026-03-01,716,N20,VIIRS,n,2,297.35,4.31,D,0
14.68569,77.88102,338.4,0.6,0.71,2026-03-01,716,N20,VIIRS,n,2,299.67,2.38,D,0
14.90246,77.759,367,0.61,0.71,2026-03-01,716,N20,VIIRS,h,2,300.5,5.26,D,0
14.90366,77.76466,336.88,0.61,0.71,2026-03-01,716,N20,VIIRS,n,2,299.41,5.26,D,0
15.11776,76.98064,333.06,0.68,0.74,2026-03-01,716,N20,VIIRS,n,2,299.23,3.98,D,0
15.1538,77.82352,336.09,0.59,0.7,2026-03-01,716,N20,VIIRS,n,2,296.51,4.35,D,0
15.15854,77.82217,330.83,0.59,0.7,2026-03-01,716,N20,VIIRS,n,2,299,3.49,D,0
15.1594,77.57222,330.5,0.62,0.71,2026-03-01,716,N20,VIIRS,l,2,301.45,4.38,D,0
15.21122,78.95,336.51,0.5,0.66,2026-03-01,716,N20,VIIRS,n,2,298.42,4.57,D,0
15.3383,77.77608,333.09,0.59,0.7,2026-03-01,716,N20,VIIRS,n,2,297.19,2.05,D,0
15.53567,76.05262,334.44,0.76,0.77,2026-03-01,716,N20,VIIRS,n,2,301.59,7.16,D,0
15.53853,76.05821,337.91,0.76,0.77,2026-03-01,716,N20,VIIRS,n,2,304.05,8.87,D,0
15.77408,79.21891,338.73,0.47,0.64,2026-03-01,716,N20,VIIRS,n,2,304.29,3.99,D,0
15.77461,79.2213,330.46,0.47,0.64,2026-03-01,716,N20,VIIRS,l,2,304.25,3.43,D,0
15.83029,80.0304,331.91,0.41,0.61,2026-03-01,716,N20,VIIRS,n,2,298.12,3.32,D,0
15.83071,80.0304,333.91,0.41,0.61,2026-03-01,716,N20,VIIRS,n,2,298.29,2.85,D,0
15.84273,78.29207,339.9,0.54,0.67,2026-03-01,716,N20,VIIRS,n,2,303.03,4.02,D,0
15.87507,78.08175,331.13,0.55,0.68,2026-03-01,716,N20,VIIRS,l,2,303.04,2.58,D,0
15.903,77.85796,351.5,0.57,0.69,2026-03-01,716,N20,VIIRS,n,2,297.62,9.24,D,0
15.90627,77.85594,346.98,0.57,0.69,2026-03-01,716,N20,VIIRS,n,2,297.68,6.18,D,0
15.92832,78.06718,348.33,0.55,0.68,2026-03-01,716,N20,VIIRS,n,2,303.39,19.16,D,0
15.92914,79.38223,331.02,0.45,0.63,2026-03-01,716,N20,VIIRS,n,2,298.92,1.3,D,0
15.92941,78.07224,367,0.55,0.68,2026-03-01,716,N20,VIIRS,h,2,302.8,17.79,D,0
15.93048,78.07726,367,0.55,0.68,2026-03-01,716,N20,VIIRS,h,2,303.7,17.79,D,0
15.93556,78.07081,341.41,0.55,0.68,2026-03-01,716,N20,VIIRS,n,2,303.07,6.93,D,0
15.98953,77.90792,332.17,0.56,0.69,2026-03-01,716,N20,VIIRS,l,2,302.68,2.85,D,0
16.00514,76.66262,333.1,0.68,0.74,2026-03-01,716,N20,VIIRS,n,2,302.5,2.38,D,0
16.00882,76.65984,330.77,0.68,0.74,2026-03-01,716,N20,VIIRS,l,2,302.26,3.03,D,0
16.03057,76.92918,344.27,0.65,0.73,2026-03-01,716,N20,VIIRS,n,2,299.6,7.01,D,0
16.0326,76.92728,349.29,0.65,0.73,2026-03-01,716,N20,VIIRS,n,2,300.48,8.47,D,0
16.05699,77.01572,330.22,0.64,0.72,2026-03-01,716,N20,VIIRS,n,2,299.75,6.62,D,0
16.05848,77.01413,367,0.64,0.72,2026-03-01,716,N20,VIIRS,h,2,300.46,18.46,D,0
16.06222,77.00845,339.49,0.64,0.72,2026-03-01,716,N20,VIIRS,n,2,300.04,6.62,D,0
16.06352,77.01424,343.48,0.64,0.72,2026-03-01,716,N20,VIIRS,n,2,299.76,6.62,D,0
16.14049,77.02117,330.38,0.64,0.72,2026-03-01,716,N20,VIIRS,n,2,299.65,5.58,D,0
16.19615,79.01877,367,0.47,0.64,2026-03-01,716,N20,VIIRS,h,2,298.74,8.72,D,0
16.19705,79.02303,331.74,0.47,0.64,2026-03-01,716,N20,VIIRS,n,2,296.35,8.19,D,0
16.20201,79.01779,340.31,0.47,0.64,2026-03-01,716,N20,VIIRS,n,2,298.09,8.72,D,0
16.38683,79.89924,335.25,0.41,0.61,2026-03-01,716,N20,VIIRS,n,2,296.56,2.69,D,0
16.55658,80.78004,336.24,0.35,0.57,2026-03-01,716,N20,VIIRS,n,2,298.36,3.41,D,0
16.55724,80.7833,340.06,0.35,0.57,2026-03-01,716,N20,VIIRS,n,2,298.04,3.41,D,0
16.57051,94.5511,335.03,0.54,0.42,2026-03-01,716,N20,VIIRS,l,2,306.34,5.18,D,0
16.5744,94.55065,331.49,0.54,0.42,2026-03-01,716,N20,VIIRS,l,2,305.52,5.18,D,0
16.58775,76.90661,338.81,0.64,0.72,2026-03-01,716,N20,VIIRS,n,2,299.31,6.14,D,0
16.58951,76.9097,336.49,0.64,0.72,2026-03-01,716,N20,VIIRS,n,2,299.91,6.32,D,0
16.62394,76.60595,332.69,0.67,0.73,2026-03-01,716,N20,VIIRS,n,2,299.94,6.93,D,0
16.63231,95.25236,342.39,0.4,0.44,2026-03-01,716,N20,VIIRS,n,2,307.65,7.04,D,0
16.63662,77.39995,351.6,0.59,0.7,2026-03-01,716,N20,VIIRS,n,2,299.49,5.81,D,0
16.64506,78.75125,330.31,0.48,0.65,2026-03-01,716,N20,VIIRS,n,2,299.44,3.29,D,0
16.64751,94.62383,336.62,0.55,0.42,2026-03-01,716,N20,VIIRS,l,2,308.77,16.52,D,0
16.64793,94.62147,348.2,0.55,0.42,2026-03-01,716,N20,VIIRS,n,2,311.23,12.5,D,0
16.65183,94.62093,350.29,0.55,0.42,2026-03-01,716,N20,VIIRS,n,2,311.77,12.5,D,0
16.74322,76.04405,334.24,0.72,0.76,2026-03-01,716,N20,VIIRS,n,2,301.36,1.49,D,0
16.74334,76.04305,333.17,0.72,0.76,2026-03-01,716,N20,VIIRS,n,2,301.46,3.97,D,0
16.77592,76.43036,334.57,0.68,0.74,2026-03-01,716,N20,VIIRS,n,2,300.11,9.17,D,0
16.77734,76.43649,334.25,0.68,0.74,2026-03-01,716,N20,VIIRS,n,2,298.88,7.62,D,0
16.77811,95.25926,340.94,0.4,0.44,2026-03-01,716,N20,VIIRS,n,2,304.67,3.39,D,0
16.7802,76.43095,344.34,0.68,0.74,2026-03-01,716,N20,VIIRS,n,2,300.59,11.71,D,0
16.83121,94.43088,337.69,0.54,0.42,2026-03-01,716,N20,VIIRS,n,2,306.29,5.82,D,0
16.83369,94.43289,335.09,0.53,0.42,2026-03-01,716,N20,VIIRS,n,2,305.09,3.39,D,0
16.84093,78.15659,334.85,0.52,0.67,2026-03-01,716,N20,VIIRS,n,2,300.2,3.53,D,0
16.8473,94.40315,335.89,0.53,0.42,2026-03-01,716,N20,VIIRS,n,2,306.85,7.17,D,0
16.86764,95.34634,332.74,0.4,0.45,2026-03-01,716,N20,VIIRS,n,2,306.17,3.04,D,0
16.86818,79.57389,334.31,0.42,0.61,2026-03-01,716,N20,VIIRS,n,2,297.59,3.07,D,0
16.8977,80.3467,332.6,0.37,0.58,2026-03-01,716,N20,VIIRS,n,2,298.1,4.3,D,0
16.90685,95.29495,343.14,0.4,0.44,2026-03-01,716,N20,VIIRS,n,2,311.58,4.32,D,0
16.91927,80.80067,337.23,0.35,0.57,2026-03-01,716,N20,VIIRS,n,2,298.92,3.9,D,0
16.91992,80.80392,337.43,0.35,0.57,2026-03-01,716,N20,VIIRS,n,2,298.12,3.9,D,0
16.95482,95.98089,340.75,0.44,0.46,2026-03-01,716,N20,VIIRS,n,2,315.67,12.99,D,0
16.95533,95.98506,341.56,0.44,0.46,2026-03-01,716,N20,VIIRS,n,2,307.43,12.99,D,0
16.97964,95.5667,334.84,0.42,0.45,2026-03-01,716,N20,VIIRS,n,2,307.08,2.08,D,0
16.98644,97.68437,337.11,0.57,0.52,2026-03-01,716,N20,VIIRS,n,2,301.92,5.46,D,0
16.98706,97.68961,343,0.57,0.52,2026-03-01,716,N20,VIIRS,n,2,299.79,4.92,D,0
17.01644,97.89804,340.31,0.59,0.53,2026-03-01,716,N20,VIIRS,n,2,301.15,7.43,D,0
17.0738,96.03893,334.26,0.45,0.47,2026-03-01,716,N20,VIIRS,n,2,307.34,2.09,D,0
17.08722,79.03782,337.62,0.45,0.63,2026-03-01,716,N20,VIIRS,n,2,303.09,4.13,D,0
17.10545,78.11294,330.45,0.52,0.67,2026-03-01,716,N20,VIIRS,l,2,303.91,6.28,D,0
17.13549,96.07803,334.01,0.45,0.47,2026-03-01,716,N20,VIIRS,l,2,304.68,5.4,D,0
17.15388,77.98525,334.98,0.53,0.67,2026-03-01,716,N20,VIIRS,n,2,302.41,7.82,D,0
17.16934,95.04636,343.42,0.39,0.44,2026-03-01,716,N20,VIIRS,n,2,308.83,5.99,D,0
17.18143,96.26025,334.79,0.47,0.47,2026-03-01,716,N20,VIIRS,n,2,307.65,2.54,D,0
17.19549,94.82009,331.94,0.57,0.43,2026-03-01,716,N20,VIIRS,l,2,305.94,2.41,D,0
17.1974,94.82242,334.4,0.57,0.43,2026-03-01,716,N20,VIIRS,l,2,305.86,4.02,D,0
17.21051,82.22685,332.3,0.55,0.51,2026-03-01,716,N20,VIIRS,n,2,297.83,2.41,D,0
17.258,95.15838,346.72,0.4,0.44,2026-03-01,716,N20,VIIRS,n,2,312.68,6.34,D,0
17.38148,81.16614,344.18,0.32,0.55,2026-03-01,716,N20,VIIRS,n,2,299.58,2.04,D,0
17.38165,81.16772,333.73,0.32,0.55,2026-03-01,716,N20,VIIRS,n,2,299.37,2.66,D,0
17.39596,79.04052,330.94,0.44,0.63,2026-03-01,716,N20,VIIRS,n,2,300.52,3.71,D,0
17.42024,79.36417,334.21,0.42,0.61,2026-03-01,716,N20,VIIRS,n,2,299.46,3.98,D,0
17.48374,95.94897,333.96,0.45,0.47,2026-03-01,716,N20,VIIRS,n,2,308.46,2.34,D,0
17.50336,81.15251,334.05,0.32,0.55,2026-03-01,716,N20,VIIRS,n,2,299.47,3.93,D,0
17.50936,95.98003,337.58,0.45,0.47,2026-03-01,716,N20,VIIRS,l,2,311.38,4.63,D,0
17.52846,95.8877,346.38,0.44,0.46,2026-03-01,716,N20,VIIRS,n,2,314.92,12.42,D,0
17.52899,95.89188,342.54,0.44,0.46,2026-03-01,716,N20,VIIRS,n,2,312.15,7.91,D,0
17.54625,95.65103,345.54,0.43,0.46,2026-03-01,716,N20,VIIRS,n,2,317.36,6.4,D,0
17.5654,95.99049,330.5,0.45,0.47,2026-03-01,716,N20,VIIRS,n,2,305.46,1.27,D,0
17.57346,96.90356,339.27,0.52,0.5,2026-03-01,716,N20,VIIRS,n,2,308.7,15.47,D,0
17.57404,96.90598,352.67,0.52,0.5,2026-03-01,716,N20,VIIRS,n,2,313.92,17.47,D,0
17.57405,96.90842,354.98,0.52,0.5,2026-03-01,716,N20,VIIRS,n,2,314.01,15.47,D,0
17.5746,96.91087,341.94,0.52,0.5,2026-03-01,716,N20,VIIRS,n,2,309.43,17.47,D,0
17.57678,94.99278,339.72,0.39,0.44,2026-03-01,716,N20,VIIRS,n,2,308.49,3.08,D,0
17.57863,96.90782,347.64,0.52,0.5,2026-03-01,716,N20,VIIRS,n,2,308.35,15.47,D,0
17.57864,95.00763,353.81,0.39,0.44,2026-03-01,716,N20,VIIRS,n,2,311.63,10.38,D,0
17.57918,96.91026,340.83,0.52,0.5,2026-03-01,716,N20,VIIRS,n,2,305.61,10.91,D,0
17.60169,95.02728,346.23,0.39,0.44,2026-03-01,716,N20,VIIRS,n,2,311.49,5.63,D,0
17.60547,83.20483,332.92,0.47,0.48,2026-03-01,716,N20,VIIRS,n,2,302.79,5.18,D,2
17.60669,95.03416,343.99,0.4,0.44,2026-03-01,716,N20,VIIRS,n,2,313.64,6.44,D,0
17.60716,95.0379,342.46,0.4,0.44,2026-03-01,716,N20,VIIRS,n,2,308.51,3.66,D,0
17.60979,83.2039,340.25,0.47,0.48,2026-03-01,716,N20,VIIRS,n,2,302.15,4.21,D,2
17.61074,95.03362,354.38,0.4,0.44,2026-03-01,716,N20,VIIRS,n,2,316.1,29.58,D,0
17.68065,96.10632,336.09,0.46,0.47,2026-03-01,716,N20,VIIRS,n,2,307.96,3.09,D,0
17.7027,94.78325,342.4,0.38,0.43,2026-03-01,716,N20,VIIRS,n,2,302.7,4.32,D,0
17.71146,96.09355,335.29,0.46,0.47,2026-03-01,716,N20,VIIRS,l,2,307.69,5.22,D,0
17.717,82.95493,330.14,0.49,0.48,2026-03-01,716,N20,VIIRS,n,2,300.67,2.97,D,0
17.719,80.58103,333.91,0.35,0.56,2026-03-01,716,N20,VIIRS,n,2,301.06,2.51,D,0
17.73956,95.99828,332.89,0.45,0.47,2026-03-01,716,N20,VIIRS,n,2,306.05,5.45,D,0
17.74389,95.99773,349.7,0.45,0.47,2026-03-01,716,N20,VIIRS,n,2,305.96,5.45,D,0
17.76114,95.0776,342.69,0.4,0.44,2026-03-01,716,N20,VIIRS,n,2,309.96,4.38,D,0
17.77454,96.0678,338.47,0.46,0.47,2026-03-01,716,N20,VIIRS,n,2,308.24,4.37,D,0
17.77971,80.53783,332.22,0.35,0.57,2026-03-01,716,N20,VIIRS,n,2,298.69,1.56,D,0
17.78489,80.53703,330.24,0.35,0.57,2026-03-01,716,N20,VIIRS,n,2,298.4,1.53,D,0
17.80015,95.19257,338.54,0.41,0.45,2026-03-01,716,N20,VIIRS,l,2,308.84,4.17,D,0
17.80225,95.04157,338.78,0.4,0.44,2026-03-01,716,N20,VIIRS,n,2,312.85,8.22,D,0
17.8031,94.50898,335.74,0.56,0.43,2026-03-01,716,N20,VIIRS,n,2,303.82,5.5,D,0
17.80359,94.48241,332.07,0.55,0.43,2026-03-01,716,N20,VIIRS,n,2,304.85,1.94,D,3
17.80373,94.48496,337.99,0.55,0.43,2026-03-01,716,N20,VIIRS,n,2,305.96,6.69,D,0
17.80428,94.48756,332.92,0.55,0.43,2026-03-01,716,N20,VIIRS,n,2,303.09,3.5,D,0
17.80581,80.10036,330.64,0.37,0.58,2026-03-01,716,N20,VIIRS,n,2,297.52,2.31,D,0
17.80584,95.03723,350.38,0.4,0.44,2026-03-01,716,N20,VIIRS,n,2,315.76,7.23,D,0
17.80631,95.041,367,0.4,0.44,2026-03-01,716,N20,VIIRS,h,2,316.22,8.22,D,0
17.8099,95.03666,351.37,0.4,0.44,2026-03-01,716,N20,VIIRS,n,2,311.95,7.23,D,0
17.81038,95.04044,335.63,0.4,0.44,2026-03-01,716,N20,VIIRS,n,2,309.76,2.06,D,0
17.81673,94.92764,333.83,0.39,0.44,2026-03-01,716,N20,VIIRS,l,2,305.59,3.83,D,0
17.82209,95.03497,337.04,0.4,0.44,2026-03-01,716,N20,VIIRS,l,2,310.21,3.28,D,0
17.83146,80.30758,337.18,0.36,0.57,2026-03-01,716,N20,VIIRS,n,2,299.73,3.56,D,0
17.83369,95.50307,341.33,0.42,0.46,2026-03-01,716,N20,VIIRS,l,2,313.84,4.88,D,0
17.83659,96.84196,347.98,0.52,0.5,2026-03-01,716,N20,VIIRS,n,2,307.54,8.42,D,0
17.84362,95.07427,342.63,0.4,0.44,2026-03-01,716,N20,VIIRS,n,2,310.63,2.68,D,0
17.84769,95.0737,337.77,0.4,0.44,2026-03-01,716,N20,VIIRS,l,2,309.85,1.7,D,0
17.85066,95.53764,344.57,0.43,0.46,2026-03-01,716,N20,VIIRS,l,2,314.75,3.6,D,0
17.85351,95.31927,344.57,0.41,0.45,2026-03-01,716,N20,VIIRS,n,2,311.53,1.8,D,0
17.86012,80.36906,334.04,0.36,0.57,2026-03-01,716,N20,VIIRS,n,2,299.37,2.21,D,0
17.86278,95.39397,342.52,0.42,0.45,2026-03-01,716,N20,VIIRS,n,2,314.2,4.15,D,0
17.86529,80.36795,331.12,0.36,0.57,2026-03-01,716,N20,VIIRS,n,2,300.32,2.21,D,0
17.86695,95.39341,350.7,0.42,0.45,2026-03-01,716,N20,VIIRS,n,2,313.05,4.15,D,0
17.87541,95.29255,338.66,0.41,0.45,2026-03-01,716,N20,VIIRS,n,2,312.44,3.02,D,0
17.88102,95.3037,343.13,0.41,0.45,2026-03-01,716,N20,VIIRS,n,2,310.66,3.99,D,0
17.88516,95.30315,342.5,0.41,0.45,2026-03-01,716,N20,VIIRS,n,2,313.39,4.41,D,0
17.90188,94.94537,330.82,0.39,0.44,2026-03-01,716,N20,VIIRS,n,2,303.13,2.36,D,0
17.90558,94.90941,335,0.39,0.44,2026-03-01,716,N20,VIIRS,n,2,304.76,3.11,D,0
17.92607,95.30952,337.94,0.41,0.45,2026-03-01,716,N20,VIIRS,l,2,312.24,4.86,D,0
17.9725,95.17686,346.22,0.41,0.45,2026-03-01,716,N20,VIIRS,n,2,313.4,4.64,D,0
17.9815,95.2149,345.87,0.41,0.45,2026-03-01,716,N20,VIIRS,n,2,312.18,8.13,D,0
17.98826,95.20217,344.52,0.41,0.45,2026-03-01,716,N20,VIIRS,n,2,310.29,2.34,D,0
17.99237,95.20159,336.73,0.41,0.45,2026-03-01,716,N20,VIIRS,l,2,308.98,2.34,D,0
17.99926,82.08741,333,0.55,0.51,2026-03-01,716,N20,VIIRS,n,2,300.08,3.17,D,0
18.00208,95.21199,337.47,0.41,0.45,2026-03-01,716,N20,VIIRS,l,2,309.12,2.3,D,0
18.0034,95.55889,348.37,0.43,0.46,2026-03-01,716,N20,VIIRS,n,2,312.2,6.36,D,0
18.02858,95.06428,336.08,0.4,0.44,2026-03-01,716,N20,VIIRS,l,2,309.8,3.7,D,0
18.02888,94.93488,330.76,0.39,0.44,2026-03-01,716,N20,VIIRS,l,2,303.26,1.66,D,0
18.05812,95.06796,339.68,0.4,0.44,2026-03-01,716,N20,VIIRS,l,2,312.17,4.77,D,0
18.08083,95.11578,348.56,0.4,0.45,2026-03-01,716,N20,VIIRS,n,2,312.28,6.29,D,0
18.08334,96.84072,345.52,0.52,0.5,2026-03-01,716,N20,VIIRS,n,2,309.17,7.8,D,0
18.09141,95.9001,334.7,0.45,0.47,2026-03-01,716,N20,VIIRS,n,2,307.8,5.26,D,0
18.09192,95.90438,341.25,0.45,0.47,2026-03-01,716,N20,VIIRS,n,2,307.67,5.26,D,0
18.09322,95.87822,341.46,0.45,0.47,2026-03-01,716,N20,VIIRS,n,2,308.97,2.53,D,0
18.09385,95.90285,347.87,0.45,0.47,2026-03-01,716,N20,VIIRS,n,2,308.03,8.03,D,0
18.0955,95.88103,341.38,0.45,0.47,2026-03-01,716,N20,VIIRS,n,2,309.32,4.57,D,0
18.09939,95.10431,342.29,0.4,0.45,2026-03-01,716,N20,VIIRS,n,2,312.01,2.45,D,0
18.09985,95.10815,345.17,0.41,0.45,2026-03-01,716,N20,VIIRS,n,2,312.31,5.63,D,0
18.10035,95.10542,348.17,0.4,0.45,2026-03-01,716,N20,VIIRS,n,2,313.72,5.18,D,0
18.10084,95.10925,349.31,0.4,0.45,2026-03-01,716,N20,VIIRS,n,2,311.94,6.27,D,0
18.10113,97.95048,339.29,0.62,0.54,2026-03-01,716,N20,VIIRS,n,2,303.47,5.6,D,0
18.10169,97.95534,330.02,0.62,0.54,2026-03-01,716,N20,VIIRS,l,2,300.59,5.6,D,0
18.10978,95.27757,340.64,0.41,0.45,2026-03-01,716,N20,VIIRS,l,2,313.85,2.5,D,0
18.12167,95.21899,341.92,0.41,0.45,2026-03-01,716,N20,VIIRS,n,2,310.27,3.26,D,0
18.13327,94.94245,332.91,0.4,0.44,2026-03-01,716,N20,VIIRS,l,2,306.85,3.97,D,0
18.13732,94.94181,350.19,0.4,0.44,2026-03-01,716,N20,VIIRS,n,2,310.09,7.36,D,0
18.13774,94.94521,330.24,0.4,0.44,2026-03-01,716,N20,VIIRS,l,2,304.99,2.38,D,0
18.14509,94.90559,341.73,0.39,0.44,2026-03-01,716,N20,VIIRS,n,2,309.96,5.66,D,0
18.19641,95.01594,331.93,0.4,0.44,2026-03-01,716,N20,VIIRS,l,2,306.7,1.47,D,0
18.20529,95.11742,345.36,0.41,0.45,2026-03-01,716,N20,VIIRS,n,2,313.37,4.05,D,0
18.21763,83.6084,340.44,0.43,0.46,2026-03-01,716,N20,VIIRS,n,2,301.83,2.87,D,0
18.2296,96.27562,330.19,0.48,0.48,2026-03-01,716,N20,VIIRS,n,2,303.06,4.31,D,0
18.26377,95.89432,331.24,0.46,0.47,2026-03-01,716,N20,VIIRS,n,2,305.75,2.63,D,0
18.26744,95.92448,333.91,0.46,0.47,2026-03-01,716,N20,VIIRS,n,2,307.66,3.09,D,0
18.27722,94.47346,338.55,0.56,0.43,2026-03-01,716,N20,VIIRS,n,2,305.97,12.91,D,0
18.28327,95.41991,341.97,0.43,0.46,2026-03-01,716,N20,VIIRS,n,2,311.54,1.67,D,0
18.31795,94.99642,335.9,0.4,0.44,2026-03-01,716,N20,VIIRS,l,2,306.42,3.17,D,0
18.31862,95.03594,340.33,0.4,0.44,2026-03-01,716,N20,VIIRS,l,2,313.93,3.08,D,0
18.33789,95.79963,348.5,0.45,0.47,2026-03-01,716,N20,VIIRS,n,2,317.15,27.88,D,0
18.34048,95.89436,337.34,0.46,0.47,2026-03-01,716,N20,VIIRS,l,2,307.74,3.49,D,0
18.34193,95.05629,350.76,0.4,0.45,2026-03-01,716,N20,VIIRS,n,2,315.87,9.88,D,0
18.34481,95.8938,334.23,0.46,0.47,2026-03-01,716,N20,VIIRS,l,2,309.11,2.77,D,0
18.3508,83.29606,332.18,0.45,0.47,2026-03-01,716,N20,VIIRS,n,2,303,1.3,D,0
18.38708,95.91602,338.03,0.46,0.47,2026-03-01,716,N20,VIIRS,n,2,308.02,6.79,D,0
18.3875,95.91949,334.44,0.46,0.47,2026-03-01,716,N20,VIIRS,l,2,306.31,3.42,D,0
18.38988,95.83138,336.58,0.45,0.47,2026-03-01,716,N20,VIIRS,n,2,306.36,3.61,D,0
18.40783,95.81673,336.33,0.45,0.47,2026-03-01,716,N20,VIIRS,n,2,308.65,2.89,D,0
18.42252,95.10851,341.93,0.41,0.45,2026-03-01,716,N20,VIIRS,n,2,311.79,4.4,D,0
18.42299,95.11242,345.56,0.41,0.45,2026-03-01,716,N20,VIIRS,n,2,311.4,4.66,D,0
18.42337,95.08093,343.38,0.41,0.45,2026-03-01,716,N20,VIIRS,n,2,310.27,1.53,D,0
18.42408,95.11183,347.46,0.41,0.45,2026-03-01,716,N20,VIIRS,n,2,313.61,6.55,D,0
18.42425,95.08047,349.97,0.41,0.45,2026-03-01,716,N20,VIIRS,n,2,312.25,4.51,D,0
18.42749,95.08044,344.86,0.41,0.45,2026-03-01,716,N20,VIIRS,n,2,313.07,3.33,D,0
18.4323,94.81677,338.34,0.39,0.44,2026-03-01,716,N20,VIIRS,n,2,302.64,4.13,D,0
18.44664,95.81181,347.29,0.45,0.47,2026-03-01,716,N20,VIIRS,n,2,314.83,10.81,D,0
18.45855,95.80164,342.82,0.45,0.47,2026-03-01,716,N20,VIIRS,n,2,311.84,21.14,D,0
18.46285,95.80106,354.89,0.45,0.47,2026-03-01,716,N20,VIIRS,n,2,319.2,21.14,D,0
18.46663,95.79617,367,0.45,0.47,2026-03-01,716,N20,VIIRS,l,2,345.35,118.98,D,0
18.46716,95.80051,351.46,0.45,0.47,2026-03-01,716,N20,VIIRS,n,2,316.7,83.43,D,0
18.46871,95.28176,348.24,0.42,0.45,2026-03-01,716,N20,VIIRS,n,2,313.57,6.89,D,0
18.46937,95.78268,342.73,0.45,0.47,2026-03-01,716,N20,VIIRS,n,2,311.34,6.86,D,0
18.47041,95.79124,341.32,0.45,0.47,2026-03-01,716,N20,VIIRS,l,2,311.83,118.98,D,0
18.47525,95.79507,345.15,0.45,0.47,2026-03-01,716,N20,VIIRS,n,2,314.29,59.86,D,0
18.49813,95.31447,351.38,0.42,0.45,2026-03-01,716,N20,VIIRS,n,2,313.71,6.55,D,0
18.50749,96.68599,332.47,0.51,0.5,2026-03-01,716,N20,VIIRS,l,2,306.9,2.08,D,0
18.50866,95.2284,342.98,0.42,0.45,2026-03-01,716,N20,VIIRS,n,2,313.11,4.57,D,0
18.51864,95.20703,342.89,0.42,0.45,2026-03-01,716,N20,VIIRS,l,2,313.03,3.6,D,0
18.51936,96.70612,337.76,0.52,0.5,2026-03-01,716,N20,VIIRS,n,2,305.89,11.06,D,0
18.51957,96.70924,354.14,0.52,0.5,2026-03-01,716,N20,VIIRS,n,2,307.35,14.17,D,0
18.51991,96.71099,350.38,0.52,0.5,2026-03-01,716,N20,VIIRS,n,2,306.96,11.06,D,0
18.52016,96.71411,343.02,0.52,0.5,2026-03-01,716,N20,VIIRS,n,2,306.27,6.89,D,0
18.52555,95.26215,343.65,0.42,0.45,2026-03-01,716,N20,VIIRS,l,2,314.1,3.9,D,0
18.52604,95.2661,340.91,0.42,0.45,2026-03-01,716,N20,VIIRS,l,2,312.16,4.21,D,0
18.52654,95.27006,342.92,0.42,0.45,2026-03-01,716,N20,VIIRS,l,2,313.35,4.21,D,0
18.52703,95.37639,340.34,0.43,0.46,2026-03-01,716,N20,VIIRS,l,2,315.33,4.09,D,0
18.53219,95.2814,344.31,0.42,0.45,2026-03-01,716,N20,VIIRS,n,2,312.64,6.82,D,0
18.53924,94.97918,341.11,0.4,0.44,2026-03-01,716,N20,VIIRS,l,2,312.29,12.18,D,0
18.54993,94.86464,333.58,0.4,0.44,2026-03-01,716,N20,VIIRS,l,2,305.07,4.14,D,0
18.57626,95.88664,335.04,0.46,0.47,2026-03-01,716,N20,VIIRS,n,2,305.06,4.46,D,0
18.5806,95.81335,347.43,0.45,0.47,2026-03-01,716,N20,VIIRS,n,2,312.68,9.95,D,0
18.58704,95.90289,345.1,0.46,0.47,2026-03-01,716,N20,VIIRS,n,2,308.19,5.22,D,0
18.59297,94.28841,334.86,0.55,0.43,2026-03-01,716,N20,VIIRS,n,2,304.22,5.58,D,0
18.59841,95.81544,340.4,0.45,0.47,2026-03-01,716,N20,VIIRS,n,2,309.24,4.61,D,0
18.61089,94.82027,342.46,0.4,0.44,2026-03-01,716,N20,VIIRS,n,2,305.34,5.02,D,0
18.64826,95.28236,342.78,0.42,0.45,2026-03-01,716,N20,VIIRS,n,2,309.34,8.74,D,0
18.65253,95.88583,336.06,0.46,0.47,2026-03-01,716,N20,VIIRS,n,2,304.48,4.41,D,0
18.65504,95.50877,342.81,0.44,0.46,2026-03-01,716,N20,VIIRS,n,2,311.91,4.87,D,0
18.65751,94.99808,339.58,0.41,0.45,2026-03-01,716,N20,VIIRS,l,2,312.18,4.5,D,0
18.66402,95.87115,342.61,0.46,0.47,2026-03-01,716,N20,VIIRS,n,2,304.04,6.1,D,0
18.66524,94.99312,342.82,0.41,0.45,2026-03-01,716,N20,VIIRS,l,2,314.1,5.81,D,0
18.66641,95.32524,343.45,0.42,0.46,2026-03-01,716,N20,VIIRS,n,2,312.36,10.1,D,0
18.66752,95.32479,345.21,0.42,0.46,2026-03-01,716,N20,VIIRS,n,2,313.23,6.86,D,0
18.66956,95.31651,349.75,0.42,0.45,2026-03-01,716,N20,VIIRS,n,2,316.22,5.93,D,0
18.67073,95.31602,367,0.42,0.46,2026-03-01,716,N20,VIIRS,h,2,317.81,16.03,D,0
18.67122,95.32014,340.74,0.42,0.46,2026-03-01,716,N20,VIIRS,n,2,315.47,5.52,D,0
18.67333,95.94965,335.52,0.46,0.47,2026-03-01,716,N20,VIIRS,n,2,302.49,3.26,D,0
18.68142,96.54061,343.23,0.51,0.49,2026-03-01,716,N20,VIIRS,n,2,310.79,4.27,D,0
18.69819,97.92165,350.71,0.63,0.54,2026-03-01,716,N20,VIIRS,n,2,303.3,14.84,D,0
18.71925,95.78271,337.34,0.45,0.47,2026-03-01,716,N20,VIIRS,n,2,311,2.12,D,0
18.72119,95.27656,339.09,0.42,0.45,2026-03-01,716,N20,VIIRS,l,2,314.01,7.59,D,0
18.72142,95.78267,338.47,0.45,0.47,2026-03-01,716,N20,VIIRS,n,2,311.39,3.9,D,0
18.74059,95.2618,347.95,0.42,0.45,2026-03-01,716,N20,VIIRS,n,2,314.52,7.63,D,0
18.74067,95.79716,351.15,0.46,0.47,2026-03-01,716,N20,VIIRS,n,2,309.38,6.19,D,0
18.74345,96.51003,336,0.51,0.49,2026-03-01,716,N20,VIIRS,l,2,310.21,1.72,D,0
18.74499,95.79659,339.74,0.46,0.47,2026-03-01,716,N20,VIIRS,n,2,306.99,3.69,D,0
18.75253,97.5348,336.9,0.59,0.53,2026-03-01,716,N20,VIIRS,n,2,303.58,5.62,D,0
18.76659,95.50629,339.87,0.44,0.46,2026-03-01,716,N20,VIIRS,n,2,314.55,3.21,D,0
18.78256,96.49055,341.05,0.5,0.49,2026-03-01,716,N20,VIIRS,n,2,311.36,4.42,D,0
18.81626,95.62757,343.55,0.44,0.46,2026-03-01,716,N20,VIIRS,n,2,313.16,5.09,D,0
18.81872,95.62342,344.41,0.45,0.47,2026-03-01,716,N20,VIIRS,n,2,317.13,15.32,D,0
18.82599,95.64822,346.79,0.45,0.47,2026-03-01,716,N20,VIIRS,n,2,310.3,4.26,D,0
18.8406,95.55203,340.45,0.44,0.46,2026-03-01,716,N20,VIIRS,n,2,309.8,2.91,D,0
18.84533,97.32179,344.7,0.57,0.52,2026-03-01,716,N20,VIIRS,n,2,303.82,12.91,D,0
18.85267,94.76901,332.44,0.4,0.44,2026-03-01,716,N20,VIIRS,l,2,307.18,4.14,D,0
18.8611,95.68696,334.93,0.45,0.47,2026-03-01,716,N20,VIIRS,n,2,309.55,2.34,D,0
18.86336,95.6694,342.06,0.45,0.47,2026-03-01,716,N20,VIIRS,n,2,310.02,5.26,D,0
18.87298,94.29559,332.68,0.56,0.43,2026-03-01,716,N20,VIIRS,l,2,305.68,5.56,D,0
18.88516,95.70535,340.95,0.45,0.47,2026-03-01,716,N20,VIIRS,n,2,310.56,7.52,D,0
18.88567,95.70958,342.09,0.45,0.47,2026-03-01,716,N20,VIIRS,n,2,309.12,7.52,D,0
18.90961,94.26871,336.23,0.56,0.43,2026-03-01,716,N20,VIIRS,n,2,303.17,6.31,D,0
18.91352,94.26798,338.97,0.56,0.43,2026-03-01,716,N20,VIIRS,n,2,303.64,8.02,D,0
18.91616,94.97889,336.5,0.41,0.45,2026-03-01,716,N20,VIIRS,l,2,311.02,2.53,D,0
18.92777,95.00481,343.77,0.41,0.45,2026-03-01,716,N20,VIIRS,n,2,312.49,3.11,D,0
18.93153,95.78257,332.62,0.46,0.47,2026-03-01,716,N20,VIIRS,l,2,304.94,2.26,D,0
18.93405,95.80438,343.87,0.46,0.47,2026-03-01,716,N20,VIIRS,n,2,304.57,6.12,D,0
18.9365,95.80256,335.6,0.46,0.47,2026-03-01,716,N20,VIIRS,n,2,304.14,3.83,D,0
18.93705,95.80699,330.88,0.46,0.47,2026-03-01,716,N20,VIIRS,l,2,302.7,3.83,D,0
18.93727,94.14295,331.45,0.55,0.42,2026-03-01,716,N20,VIIRS,l,2,303.69,4.25,D,0
18.93768,94.98383,346.31,0.41,0.45,2026-03-01,716,N20,VIIRS,n,2,311.2,4.72,D,0
18.93842,95.69114,346.91,0.45,0.47,2026-03-01,716,N20,VIIRS,n,2,317.41,17.02,D,0
18.93874,95.65667,337.58,0.45,0.47,2026-03-01,716,N20,VIIRS,n,2,308.31,4.26,D,0
18.93891,95.69534,346.24,0.45,0.47,2026-03-01,716,N20,VIIRS,n,2,307.41,17.02,D,0
18.93924,95.6609,342.52,0.45,0.47,2026-03-01,716,N20,VIIRS,n,2,309.66,4.26,D,0
18.9413,94.97944,340.42,0.41,0.45,2026-03-01,716,N20,VIIRS,l,2,310.53,4.72,D,0
18.94273,95.69061,339.91,0.45,0.47,2026-03-01,716,N20,VIIRS,n,2,306.65,17.02,D,0
18.94323,95.69481,344.65,0.45,0.47,2026-03-01,716,N20,VIIRS,n,2,306.6,17.02,D,0
18.94407,94.16096,337.06,0.55,0.43,2026-03-01,716,N20,VIIRS,n,2,307.05,7.33,D,0
18.94704,95.69006,345.87,0.45,0.47,2026-03-01,716,N20,VIIRS,n,2,309.32,10.37,D,0
18.94754,95.69429,353.87,0.45,0.47,2026-03-01,716,N20,VIIRS,n,2,308.8,10.37,D,0
18.94778,97.36897,333.8,0.58,0.52,2026-03-01,716,N20,VIIRS,n,2,303.57,6.07,D,0
18.94804,95.06587,337.16,0.41,0.45,2026-03-01,716,N20,VIIRS,n,2,310.54,1.79,D,0
18.94829,97.37352,343.38,0.58,0.52,2026-03-01,716,N20,VIIRS,n,2,303.86,8.64,D,0
18.95134,95.6895,340.49,0.45,0.47,2026-03-01,716,N20,VIIRS,n,2,305.76,10.37,D,0
18.95185,95.69376,338.34,0.45,0.47,2026-03-01,716,N20,VIIRS,n,2,305.93,10.37,D,0
18.95264,97.36879,350.85,0.58,0.52,2026-03-01,716,N20,VIIRS,n,2,309.34,14.58,D,0
18.95312,97.3731,339.05,0.58,0.52,2026-03-01,716,N20,VIIRS,n,2,305.92,8.38,D,0
18.96568,95.5544,337.67,0.44,0.46,2026-03-01,716,N20,VIIRS,n,2,310.54,0.82,D,0
18.9673,95.46091,342.03,0.44,0.46,2026-03-01,716,N20,VIIRS,l,2,313.15,3.85,D,0
18.96806,95.75674,331.77,0.46,0.47,2026-03-01,716,N20,VIIRS,n,2,303.25,1.83,D,0
18.97219,95.00278,343.3,0.41,0.45,2026-03-01,716,N20,VIIRS,n,2,309.48,2.83,D,0
18.97614,95.67745,345.93,0.45,0.47,2026-03-01,716,N20,VIIRS,n,2,311.91,5.32,D,0
18.97631,95.00227,336.4,0.41,0.45,2026-03-01,716,N20,VIIRS,l,2,311.18,2.83,D,0
18.97666,95.68179,347.53,0.45,0.47,2026-03-01,716,N20,VIIRS,n,2,311.47,5.32,D,0
18.97718,95.68614,346.28,0.45,0.47,2026-03-01,716,N20,VIIRS,n,2,310.79,6.69,D,0
18.97992,95.67253,348.64,0.45,0.47,2026-03-01,716,N20,VIIRS,n,2,308.29,5.3,D,0
18.98095,95.68113,345.39,0.45,0.47,2026-03-01,716,N20,VIIRS,n,2,312.87,10.97,D,0
18.98148,95.68551,346.44,0.45,0.47,2026-03-01,716,N20,VIIRS,n,2,306.55,9.22,D,0
18.98153,94.87482,337.55,0.4,0.44,2026-03-01,716,N20,VIIRS,l,2,309.04,3.54,D,0
18.98357,95.7764,334.42,0.46,0.47,2026-03-01,716,N20,VIIRS,n,2,303.42,3.94,D,0
18.98474,95.67632,337.85,0.45,0.47,2026-03-01,716,N20,VIIRS,n,2,306.75,10.97,D,0
18.98496,95.53472,342.69,0.44,0.46,2026-03-01,716,N20,VIIRS,n,2,311.98,3.71,D,0
18.99126,95.16055,352.7,0.42,0.45,2026-03-01,716,N20,VIIRS,n,2,314.72,23.44,D,0
18.99604,95.20029,339.44,0.42,0.45,2026-03-01,716,N20,VIIRS,l,2,311.7,4.49,D,0
18.99955,95.72646,339.37,0.45,0.47,2026-03-01,716,N20,VIIRS,n,2,304.4,5.08,D,0
19.01091,94.06229,335.75,0.54,0.42,2026-03-01,716,N20,VIIRS,n,2,308.9,7.05,D,0
19.01157,94.06744,355.02,0.54,0.42,2026-03-01,716,N20,VIIRS,n,2,311.82,16.99,D,0
19.01546,94.06689,335.93,0.54,0.42,2026-03-01,716,N20,VIIRS,l,2,306.13,16.99,D,0
19.02466,95.62383,343.78,0.45,0.47,2026-03-01,716,N20,VIIRS,n,2,308.89,2.73,D,0
19.02626,95.62311,339.46,0.45,0.47,2026-03-01,716,N20,VIIRS,n,2,308.62,3.37,D,0
19.03277,95.61858,345.18,0.45,0.47,2026-03-01,716,N20,VIIRS,n,2,309.51,4.62,D,0
19.03705,95.618,345.41,0.45,0.47,2026-03-01,716,N20,VIIRS,n,2,309.06,10.21,D,0
19.03778,95.26416,347.57,0.43,0.46,2026-03-01,716,N20,VIIRS,n,2,313.84,9.42,D,0
19.04123,93.91938,343.13,0.53,0.42,2026-03-01,716,N20,VIIRS,n,2,309.68,5.78,D,0
19.042,95.6602,353.61,0.45,0.47,2026-03-01,716,N20,VIIRS,n,2,311.4,6.92,D,0
19.0468,95.66386,330.62,0.45,0.47,2026-03-01,716,N20,VIIRS,l,2,305.19,6.92,D,0
19.04801,94.97295,367,0.41,0.45,2026-03-01,716,N20,VIIRS,h,2,311.61,5.39,D,0
19.04825,95.42102,343.25,0.44,0.46,2026-03-01,716,N20,VIIRS,n,2,312.73,7.33,D,0
19.04846,94.97654,333.87,0.41,0.45,2026-03-01,716,N20,VIIRS,n,2,307.81,5.39,D,0
19.05103,94.97271,336.98,0.41,0.45,2026-03-01,716,N20,VIIRS,l,2,308.94,2.38,D,0
19.05424,95.47066,333.29,0.44,0.46,2026-03-01,716,N20,VIIRS,l,2,308.16,2,D,0
19.05504,97.37391,355.78,0.58,0.52,2026-03-01,716,N20,VIIRS,n,2,307.15,33.23,D,0
19.06175,96.3249,336.82,0.5,0.49,2026-03-01,716,N20,VIIRS,n,2,308.54,2.96,D,0
19.06277,97.35542,332.56,0.58,0.52,2026-03-01,716,N20,VIIRS,l,2,305.66,3.78,D,0
19.06449,95.66563,336.48,0.45,0.47,2026-03-01,716,N20,VIIRS,l,2,310.06,5.26,D,0
19.07128,97.34421,332.93,0.58,0.52,2026-03-01,716,N20,VIIRS,l,2,306.35,4.22,D,0
19.07391,95.78265,331.43,0.46,0.47,2026-03-01,716,N20,VIIRS,n,2,303.81,1.59,D,0
19.0764,94.90637,342.31,0.41,0.45,2026-03-01,716,N20,VIIRS,n,2,308.66,2.8,D,0
19.07822,97.36263,341.61,0.58,0.52,2026-03-01,716,N20,VIIRS,n,2,304.17,4.83,D,0
19.08092,97.34312,353.84,0.58,0.52,2026-03-01,716,N20,VIIRS,n,2,309.88,19.17,D,0
19.08264,94.15412,344.24,0.55,0.43,2026-03-01,716,N20,VIIRS,n,2,306.65,7.85,D,0
19.08308,97.36234,333.68,0.58,0.52,2026-03-01,716,N20,VIIRS,l,2,304.68,4.83,D,0
19.08684,94.992,334.21,0.41,0.45,2026-03-01,716,N20,VIIRS,n,2,308.75,3.96,D,0
19.08731,94.75958,336.01,0.4,0.44,2026-03-01,716,N20,VIIRS,n,2,305.8,2.08,D,0
19.09047,94.98738,341.6,0.41,0.45,2026-03-01,716,N20,VIIRS,n,2,310.31,4.99,D,0
19.09097,94.99148,345.44,0.41,0.45,2026-03-01,716,N20,VIIRS,n,2,310.07,3.96,D,0
19.09145,94.99544,343.11,0.41,0.45,2026-03-01,716,N20,VIIRS,n,2,309.39,3.96,D,0
19.09199,95.46158,334.46,0.44,0.46,2026-03-01,716,N20,VIIRS,n,2,305.94,3.31,D,0
19.09228,97.35725,343.45,0.58,0.52,2026-03-01,716,N20,VIIRS,n,2,307,8.66,D,0
19.09712,97.35684,350.08,0.58,0.52,2026-03-01,716,N20,VIIRS,n,2,308.5,9.13,D,0
19.09763,97.36143,341.23,0.58,0.52,2026-03-01,716,N20,VIIRS,n,2,305.84,9.05,D,0
19.09838,95.30556,341.31,0.43,0.46,2026-03-01,716,N20,VIIRS,n,2,310.5,1.68,D,0
19.09913,95.30621,341.33,0.43,0.46,2026-03-01,716,N20,VIIRS,n,2,308.48,2.39,D,0
19.10195,97.35638,333.93,0.58,0.52,2026-03-01,716,N20,VIIRS,l,2,305.39,9.13,D,0
19.10327,95.55353,338.76,0.44,0.46,2026-03-01,716,N20,VIIRS,n,2,307.86,3.73,D,0
19.10334,95.3056,341.21,0.43,0.46,2026-03-01,716,N20,VIIRS,n,2,308.08,2.39,D,0
19.10487,95.85788,339.78,0.46,0.47,2026-03-01,716,N20,VIIRS,n,2,302.46,3.75,D,0
19.10903,95.10529,355.01,0.42,0.45,2026-03-01,716,N20,VIIRS,n,2,312.99,7.44,D,0
19.11269,94.76427,344.52,0.4,0.44,2026-03-01,716,N20,VIIRS,n,2,307.87,6.56,D,0
19.11878,94.74715,332.42,0.4,0.44,2026-03-01,716,N20,VIIRS,l,2,306.63,2.59,D,0
19.12839,95.44473,339.56,0.44,0.46,2026-03-01,716,N20,VIIRS,n,2,307.03,3.67,D,0
19.13051,95.07403,343.39,0.42,0.45,2026-03-01,716,N20,VIIRS,n,2,313.23,6.49,D,0
19.134,96.38029,343.99,0.5,0.49,2026-03-01,716,N20,VIIRS,l,2,314.67,7,D,0
19.13798,96.37494,348.94,0.5,0.49,2026-03-01,716,N20,VIIRS,n,2,314.48,7,D,0
19.14177,94.92883,335.25,0.41,0.45,2026-03-01,716,N20,VIIRS,l,2,309.79,3.09,D,0
19.14565,95.66581,348.13,0.45,0.47,2026-03-01,716,N20,VIIRS,n,2,312.88,6.07,D,0
19.14635,95.09986,352.72,0.42,0.45,2026-03-01,716,N20,VIIRS,n,2,308.84,4.72,D,0
19.14685,95.10384,339.33,0.42,0.45,2026-03-01,716,N20,VIIRS,l,2,309.72,3.66,D,0
19.14887,93.82483,345.4,0.53,0.42,2026-03-01,716,N20,VIIRS,n,2,307.29,7.8,D,0
19.1505,95.09926,346.56,0.42,0.45,2026-03-01,716,N20,VIIRS,n,2,310.26,3.66,D,0
19.15564,95.10664,334.33,0.42,0.45,2026-03-01,716,N20,VIIRS,l,2,308.1,3.96,D,0
19.16287,94.76865,336.75,0.4,0.44,2026-03-01,716,N20,VIIRS,n,2,308.66,2.06,D,0
19.16696,94.76831,336.77,0.4,0.44,2026-03-01,716,N20,VIIRS,n,2,309.76,3.31,D,0
19.16744,94.77226,346.46,0.4,0.44,2026-03-01,716,N20,VIIRS,n,2,309.54,3.31,D,0
19.16821,94.88073,339.37,0.4,0.45,2026-03-01,716,N20,VIIRS,n,2,309.23,10.75,D,0
19.16869,94.88464,341.82,0.41,0.45,2026-03-01,716,N20,VIIRS,n,2,310.03,12.78,D,0
19.17471,97.31278,333.74,0.58,0.52,2026-03-01,716,N20,VIIRS,l,2,307.86,3.92,D,0
19.1865,93.75339,338.09,0.52,0.42,2026-03-01,716,N20,VIIRS,l,2,310.03,10.19,D,0
19.1875,95.39877,343.09,0.44,0.46,2026-03-01,716,N20,VIIRS,n,2,308.78,6.66,D,0
19.18953,95.41531,339.44,0.44,0.46,2026-03-01,716,N20,VIIRS,n,2,306.65,4.34,D,0
19.19378,95.41486,345.89,0.44,0.46,2026-03-01,716,N20,VIIRS,n,2,307.93,4.34,D,0
19.19433,95.31494,341.5,0.43,0.46,2026-03-01,716,N20,VIIRS,n,2,312.54,1.6,D,0
19.19824,93.84366,333.78,0.53,0.42,2026-03-01,716,N20,VIIRS,n,2,306.44,4.7,D,0
19.20292,94.89199,341.71,0.41,0.45,2026-03-01,716,N20,VIIRS,n,2,307.63,4.21,D,0
19.20497,95.01115,345.58,0.41,0.45,2026-03-01,716,N20,VIIRS,n,2,311.74,5.06,D,0
19.20729,94.92738,355.3,0.41,0.45,2026-03-01,716,N20,VIIRS,n,2,310.96,7.37,D,0
19.20777,94.93134,347.74,0.41,0.45,2026-03-01,716,N20,VIIRS,n,2,307.22,7.37,D,0
19.21141,94.92693,353.34,0.41,0.45,2026-03-01,716,N20,VIIRS,n,2,310.39,6.26,D,0
19.2119,94.93088,350.44,0.41,0.45,2026-03-01,716,N20,VIIRS,n,2,312.08,6.26,D,0
19.21464,95.02155,343.91,0.41,0.45,2026-03-01,716,N20,VIIRS,n,2,315.55,6.11,D,0
19.21553,94.92641,340.64,0.41,0.45,2026-03-01,716,N20,VIIRS,n,2,311.46,6.26,D,0
19.21601,94.93035,347.4,0.41,0.45,2026-03-01,716,N20,VIIRS,n,2,308,6.26,D,0
19.21646,96.41801,334.63,0.51,0.49,2026-03-01,716,N20,VIIRS,n,2,303.88,2.69,D,0
19.21808,94.61758,330.33,0.39,0.44,2026-03-01,716,N20,VIIRS,l,2,303.1,1.59,D,0
19.21927,95.02498,335.83,0.41,0.45,2026-03-01,716,N20,VIIRS,l,2,309.23,6.11,D,0
19.22123,94.61012,343.22,0.39,0.44,2026-03-01,716,N20,VIIRS,n,2,304.8,5.52,D,0
19.22147,94.58011,338.9,0.39,0.44,2026-03-01,716,N20,VIIRS,n,2,303.77,5.98,D,0
19.22167,94.6136,338.27,0.39,0.44,2026-03-01,716,N20,VIIRS,n,2,302.28,3.19,D,0
19.2224,94.61019,342.41,0.39,0.44,2026-03-01,716,N20,VIIRS,n,2,303.98,5.14,D,0
19.22283,94.61372,332.09,0.39,0.44,2026-03-01,716,N20,VIIRS,n,2,301.04,2.15,D,0
19.22771,95.12871,338.45,0.42,0.45,2026-03-01,716,N20,VIIRS,l,2,310.62,3.51,D,0
19.22841,95.09972,346.51,0.42,0.45,2026-03-01,716,N20,VIIRS,n,2,308.01,7.6,D,0
19.2289,95.10373,345.46,0.42,0.45,2026-03-01,716,N20,VIIRS,n,2,309.07,7.6,D,0
19.23098,94.61342,333.43,0.39,0.44,2026-03-01,716,N20,VIIRS,l,2,305.94,3.47,D,0
19.23119,95.44354,333.22,0.44,0.46,2026-03-01,716,N20,VIIRS,l,2,307.2,4.06,D,0
19.24298,95.70959,345.22,0.46,0.47,2026-03-01,716,N20,VIIRS,n,2,306,5.73,D,0
19.24445,94.82452,343.93,0.4,0.44,2026-03-01,716,N20,VIIRS,n,2,309.32,3.17,D,0
19.24466,95.70902,350.55,0.46,0.47,2026-03-01,716,N20,VIIRS,n,2,306.38,6.82,D,0
19.24666,95.72643,333.29,0.46,0.47,2026-03-01,716,N20,VIIRS,n,2,302.6,5.07,D,0
19.24813,94.58614,337.52,0.39,0.44,2026-03-01,716,N20,VIIRS,n,2,302.81,7.98,D,0
19.24898,95.061,337.11,0.42,0.45,2026-03-01,716,N20,VIIRS,n,2,310.15,1.38,D,0
19.24913,95.74786,348.28,0.46,0.47,2026-03-01,716,N20,VIIRS,n,2,310.33,23.51,D,0
19.24942,95.72633,340.02,0.46,0.47,2026-03-01,716,N20,VIIRS,n,2,304.64,6.36,D,0
19.24949,95.71278,353.26,0.46,0.47,2026-03-01,716,N20,VIIRS,n,2,306.65,9.52,D,0
19.24962,95.75212,345.18,0.46,0.47,2026-03-01,716,N20,VIIRS,n,2,302.47,23.51,D,0
19.24999,95.71712,343.47,0.46,0.47,2026-03-01,716,N20,VIIRS,n,2,307.69,9.52,D,0
19.25049,95.72144,340.24,0.46,0.47,2026-03-01,716,N20,VIIRS,n,2,305.64,5.07,D,0
19.25099,95.72577,339.65,0.46,0.47,2026-03-01,716,N20,VIIRS,n,2,304.99,5.07,D,0
19.25216,95.71278,354.79,0.46,0.47,2026-03-01,716,N20,VIIRS,n,2,305.52,17.49,D,0
19.25255,95.75188,341.76,0.46,0.47,2026-03-01,716,N20,VIIRS,n,2,302.64,86.57,D,0
19.25269,95.71709,350.46,0.46,0.47,2026-03-01,716,N20,VIIRS,n,2,312.6,17.49,D,0
19.25274,97.3629,335.8,0.58,0.52,2026-03-01,716,N20,VIIRS,n,2,305.74,3.16,D,0
19.25312,95.06041,367,0.42,0.45,2026-03-01,716,N20,VIIRS,h,2,312.24,16.21,D,0
19.25322,95.72138,352.02,0.46,0.47,2026-03-01,716,N20,VIIRS,n,2,305.48,9.92,D,0
19.25334,95.70803,349.44,0.46,0.47,2026-03-01,716,N20,VIIRS,n,2,310.08,12.04,D,0
19.25345,95.74712,342.55,0.46,0.47,2026-03-01,716,N20,VIIRS,n,2,308.3,23.51,D,0
19.25374,95.72569,347.18,0.46,0.47,2026-03-01,716,N20,VIIRS,n,2,305.11,9.92,D,0
19.25382,95.71226,349.76,0.46,0.47,2026-03-01,716,N20,VIIRS,n,2,304.76,20.94,D,0
19.25393,95.75135,340.56,0.46,0.47,2026-03-01,716,N20,VIIRS,n,2,301.68,23.51,D,0
19.25425,94.96838,339.32,0.41,0.45,2026-03-01,716,N20,VIIRS,n,2,308.63,2.07,D,0
19.25427,95.72999,335.11,0.46,0.47,2026-03-01,716,N20,VIIRS,n,2,303.34,2.6,D,0
19.25432,95.71655,351.66,0.46,0.47,2026-03-01,716,N20,VIIRS,n,2,308.26,20.94,D,0
19.25457,95.00445,367,0.41,0.45,2026-03-01,716,N20,VIIRS,h,2,312.95,9.3,D,0
19.25482,95.72085,338.34,0.46,0.47,2026-03-01,716,N20,VIIRS,n,2,303.43,5.61,D,0
19.25507,95.00845,336.23,0.41,0.45,2026-03-01,716,N20,VIIRS,n,2,309.01,3.56,D,0
19.25531,95.72515,343.06,0.46,0.47,2026-03-01,716,N20,VIIRS,n,2,304.54,5.61,D,0
19.25581,95.72945,341.85,0.46,0.47,2026-03-01,716,N20,VIIRS,n,2,302.92,4.22,D,0
19.25598,95.7081,367,0.46,0.47,2026-03-01,716,N20,VIIRS,h,2,311.41,14.23,D,0
19.2565,95.71234,356.46,0.46,0.47,2026-03-01,716,N20,VIIRS,n,2,306.79,17.49,D,0
19.25703,95.7166,330.94,0.46,0.47,2026-03-01,716,N20,VIIRS,n,2,301.89,17.49,D,0
19.25768,95.70758,352.96,0.46,0.47,2026-03-01,716,N20,VIIRS,n,2,309.08,12.04,D,0
19.25817,95.71185,353.96,0.46,0.47,2026-03-01,716,N20,VIIRS,n,2,309.13,20.94,D,0
19.2586,95.72941,330.32,0.46,0.47,2026-03-01,716,N20,VIIRS,l,2,301.52,2.6,D,0
19.26121,97.35079,333.79,0.58,0.52,2026-03-01,716,N20,VIIRS,n,2,304.1,4.36,D,0
19.26202,95.70715,354.27,0.46,0.47,2026-03-01,716,N20,VIIRS,n,2,312.49,18.94,D,0
19.26222,97.31549,332.14,0.58,0.52,2026-03-01,716,N20,VIIRS,n,2,305.47,4.2,D,0
19.26252,95.71143,349.06,0.46,0.47,2026-03-01,716,N20,VIIRS,n,2,314.49,47.5,D,0
19.26636,95.70669,337.48,0.46,0.47,2026-03-01,716,N20,VIIRS,n,2,306.54,18.94,D,0
19.2707,95.70622,333.48,0.46,0.47,2026-03-01,716,N20,VIIRS,l,2,306.33,1.93,D,0
19.27249,97.32001,335.75,0.58,0.52,2026-03-01,716,N20,VIIRS,n,2,306.64,4.05,D,0
19.27729,97.3193,345.63,0.58,0.52,2026-03-01,716,N20,VIIRS,n,2,308.81,13.4,D,0
19.27764,96.41784,347.96,0.51,0.49,2026-03-01,716,N20,VIIRS,n,2,307.53,7.47,D,0
19.27867,96.4268,339.54,0.51,0.49,2026-03-01,716,N20,VIIRS,n,2,306.07,6.3,D,0
19.28005,95.45459,342.84,0.44,0.46,2026-03-01,716,N20,VIIRS,n,2,311.66,6.84,D,0
19.29518,95.11229,343.02,0.42,0.45,2026-03-01,716,N20,VIIRS,n,2,309.22,5.86,D,0
19.3019,95.06245,340.12,0.42,0.45,2026-03-01,716,N20,VIIRS,l,2,313.54,6.03,D,0
19.30286,95.07046,342.78,0.42,0.45,2026-03-01,716,N20,VIIRS,n,2,309.44,11.03,D,0
19.30605,95.06189,351.27,0.42,0.45,2026-03-01,716,N20,VIIRS,n,2,312.15,6.03,D,0
19.31059,95.70895,337.85,0.46,0.47,2026-03-01,716,N20,VIIRS,n,2,306.13,3.56,D,0
19.3111,95.7132,331.68,0.46,0.47,2026-03-01,716,N20,VIIRS,l,2,304.52,2.35,D,0
19.31171,94.90133,335.41,0.41,0.45,2026-03-01,716,N20,VIIRS,l,2,307.34,2.11,D,0
19.31233,97.32693,338.18,0.58,0.52,2026-03-01,716,N20,VIIRS,n,2,306.16,3.42,D,0
19.31288,94.94503,336.81,0.41,0.45,2026-03-01,716,N20,VIIRS,l,2,309.65,3.78,D,0
19.32185,95.15809,349.99,0.42,0.45,2026-03-01,716,N20,VIIRS,n,2,311.74,7.3,D,0
19.32247,95.30649,353.2,0.43,0.46,2026-03-01,716,N20,VIIRS,n,2,314.7,16.37,D,0
19.32643,96.36333,343.09,0.5,0.49,2026-03-01,716,N20,VIIRS,n,2,313.31,4.33,D,0
19.32668,95.30587,350.17,0.43,0.46,2026-03-01,716,N20,VIIRS,n,2,315.32,16.37,D,0
19.32788,96.36356,342.05,0.5,0.49,2026-03-01,716,N20,VIIRS,n,2,313.75,5.09,D,0
19.32944,95.40216,342.34,0.44,0.46,2026-03-01,716,N20,VIIRS,n,2,309.83,4.8,D,0
19.32992,95.4063,346.59,0.44,0.46,2026-03-01,716,N20,VIIRS,n,2,309.79,4.8,D,0
19.33971,95.37966,340.71,0.44,0.46,2026-03-01,716,N20,VIIRS,n,2,310.13,1.88,D,0
19.34355,95.30349,339.49,0.43,0.46,2026-03-01,716,N20,VIIRS,n,2,308.95,2.2,D,0
19.34403,95.30759,343.08,0.43,0.46,2026-03-01,716,N20,VIIRS,n,2,310.02,3.9,D,0
19.34826,95.30706,335.44,0.43,0.46,2026-03-01,716,N20,VIIRS,l,2,310.18,3.87,D,0
19.35766,95.38565,345.48,0.44,0.46,2026-03-01,716,N20,VIIRS,n,2,308.99,3.51,D,0
19.35816,95.10793,345.19,0.42,0.45,2026-03-01,716,N20,VIIRS,n,2,308.88,9.75,D,0
19.35866,95.11195,345.97,0.42,0.45,2026-03-01,716,N20,VIIRS,n,2,309.13,9.75,D,0
19.35945,95.29315,335.77,0.43,0.46,2026-03-01,716,N20,VIIRS,l,2,310.47,1.14,D,0
19.36367,95.29263,354.1,0.43,0.46,2026-03-01,716,N20,VIIRS,n,2,311.63,8.65,D,0
19.36861,95.26279,343.32,0.43,0.46,2026-03-01,716,N20,VIIRS,n,2,313.34,2.52,D,0
19.37114,95.42619,336.99,0.44,0.46,2026-03-01,716,N20,VIIRS,l,2,307.42,3.34,D,0
19.37468,95.60241,337.54,0.45,0.47,2026-03-01,716,N20,VIIRS,n,2,308.94,1.84,D,0
19.37804,94.99629,341.8,0.41,0.45,2026-03-01,716,N20,VIIRS,n,2,311.37,2.47,D,0
19.38024,94.99593,337.5,0.41,0.45,2026-03-01,716,N20,VIIRS,l,2,310.84,3.16,D,0
19.38217,94.9957,336.74,0.41,0.45,2026-03-01,716,N20,VIIRS,l,2,311.42,2.47,D,0
19.38316,95.00354,339.13,0.41,0.45,2026-03-01,716,N20,VIIRS,n,2,310.09,3.48,D,0
19.38531,95.00317,342.8,0.41,0.45,2026-03-01,716,N20,VIIRS,n,2,312.21,13.26,D,0
19.38861,95.03092,339.28,0.42,0.45,2026-03-01,716,N20,VIIRS,n,2,309.43,2.23,D,0
19.39104,95.30602,338.1,0.43,0.46,2026-03-01,716,N20,VIIRS,l,2,311.77,2.43,D,0
19.39406,95.00599,348.94,0.41,0.45,2026-03-01,716,N20,VIIRS,n,2,310.95,5.37,D,0
19.3956,95.05423,337.99,0.42,0.45,2026-03-01,716,N20,VIIRS,l,2,312.87,3.1,D,0
19.39608,95.05825,340.79,0.42,0.45,2026-03-01,716,N20,VIIRS,l,2,311.36,3.1,D,0
19.39702,95.46137,338.06,0.44,0.46,2026-03-01,716,N20,VIIRS,l,2,310.5,3.7,D,0
19.39753,95.07042,354.53,0.42,0.45,2026-03-01,716,N20,VIIRS,n,2,311.44,7.71,D,0
19.39968,94.81052,338.4,0.4,0.44,2026-03-01,716,N20,VIIRS,n,2,306.44,1.78,D,0
19.40169,95.06989,342.18,0.42,0.45,2026-03-01,716,N20,VIIRS,n,2,308.12,5.64,D,0
19.40186,95.72145,330.41,0.46,0.47,2026-03-01,716,N20,VIIRS,n,2,303.51,1.42,D,0
19.40217,95.07392,349.64,0.42,0.45,2026-03-01,716,N20,VIIRS,n,2,310.3,5.64,D,0
19.4025,97.62222,339.71,0.61,0.53,2026-03-01,716,N20,VIIRS,n,2,301.79,4.02,D,0
19.40265,95.07795,337.71,0.42,0.45,2026-03-01,716,N20,VIIRS,l,2,309.48,3.45,D,0
19.40738,94.80556,336.85,0.4,0.44,2026-03-01,716,N20,VIIRS,n,2,306.65,6.11,D,0
19.41017,95.10548,346.16,0.42,0.45,2026-03-01,716,N20,VIIRS,n,2,310.52,4.97,D,0
19.41033,95.46384,337.45,0.44,0.46,2026-03-01,716,N20,VIIRS,l,2,311.7,3.48,D,0
19.41459,95.46328,343.02,0.44,0.46,2026-03-01,716,N20,VIIRS,n,2,311.61,3.48,D,0
19.41492,96.40076,333.34,0.51,0.49,2026-03-01,716,N20,VIIRS,l,2,307.34,2.72,D,0
19.41834,96.39066,339.97,0.51,0.49,2026-03-01,716,N20,VIIRS,n,2,305.72,7.48,D,0
19.42055,95.76761,347.16,0.46,0.47,2026-03-01,716,N20,VIIRS,n,2,305.18,5.32,D,0
19.42319,96.43205,351.53,0.51,0.49,2026-03-01,716,N20,VIIRS,n,2,306.39,15.44,D,0
19.42371,94.80309,337.17,0.4,0.44,2026-03-01,716,N20,VIIRS,n,2,307.03,2.36,D,0
19.42678,96.42324,333.43,0.51,0.49,2026-03-01,716,N20,VIIRS,l,2,308.19,6.72,D,0
19.42772,95.43658,345.79,0.44,0.46,2026-03-01,716,N20,VIIRS,n,2,310.29,4.21,D,0
19.42859,95.43606,345,0.44,0.46,2026-03-01,716,N20,VIIRS,n,2,309.87,4.19,D,0
19.43093,95.28023,348.94,0.43,0.46,2026-03-01,716,N20,VIIRS,n,2,315.28,8.62,D,0
19.4442,94.66613,341.72,0.4,0.44,2026-03-01,716,N20,VIIRS,n,2,309.37,4.5,D,0
19.44781,94.66543,347.08,0.4,0.44,2026-03-01,716,N20,VIIRS,n,2,310.85,7.97,D,0
19.44826,94.66554,350.62,0.4,0.44,2026-03-01,716,N20,VIIRS,n,2,310.1,4.5,D,0
19.44829,94.6692,341.02,0.4,0.44,2026-03-01,716,N20,VIIRS,n,2,309.25,7.22,D,0
19.44871,94.66932,337.94,0.4,0.44,2026-03-01,716,N20,VIIRS,l,2,308.52,5.64,D,0
19.451,94.5863,345.18,0.39,0.44,2026-03-01,716,N20,VIIRS,n,2,306.06,5.21,D,0
19.45276,94.66873,349.25,0.4,0.44,2026-03-01,716,N20,VIIRS,n,2,310.93,5.57,D,0
19.45432,97.389,331.54,0.59,0.53,2026-03-01,716,N20,VIIRS,l,2,306.07,6.54,D,0
19.45912,97.38793,342.19,0.59,0.53,2026-03-01,716,N20,VIIRS,n,2,305.64,8.37,D,0
19.46095,95.07027,342.25,0.42,0.45,2026-03-01,716,N20,VIIRS,n,2,309.98,2.03,D,0
19.46175,95.61748,333.46,0.45,0.47,2026-03-01,716,N20,VIIRS,l,2,307.82,2.84,D,0
19.46499,95.49575,345.74,0.45,0.47,2026-03-01,716,N20,VIIRS,n,2,311.43,9.84,D,0
19.46709,95.08572,334.51,0.42,0.45,2026-03-01,716,N20,VIIRS,n,2,308.04,2.71,D,0
19.46715,95.36792,342.22,0.44,0.46,2026-03-01,716,N20,VIIRS,n,2,309.82,1.44,D,0
19.46758,95.0897,342.28,0.42,0.45,2026-03-01,716,N20,VIIRS,n,2,308.28,2.71,D,0
19.47062,94.8448,334.49,0.41,0.45,2026-03-01,716,N20,VIIRS,l,2,309.23,3.46,D,0
19.47071,94.85268,337.88,0.41,0.45,2026-03-01,716,N20,VIIRS,n,2,305.53,1.79,D,0
19.47125,95.08512,344.82,0.42,0.45,2026-03-01,716,N20,VIIRS,n,2,311.63,8.5,D,0
19.47155,94.85223,343.67,0.41,0.45,2026-03-01,716,N20,VIIRS,n,2,307.06,3.51,D,0
19.47174,95.08909,339.55,0.42,0.45,2026-03-01,716,N20,VIIRS,l,2,312.15,8.5,D,0
19.47393,94.84473,335.15,0.41,0.45,2026-03-01,716,N20,VIIRS,l,2,307.95,4.01,D,0
19.47556,95.51162,342.25,0.45,0.47,2026-03-01,716,N20,VIIRS,n,2,309.77,9.78,D,0
19.47606,95.51583,348.26,0.45,0.47,2026-03-01,716,N20,VIIRS,n,2,313.4,9.78,D,0
19.48423,94.58945,336.99,0.39,0.44,2026-03-01,716,N20,VIIRS,n,2,304.55,5.66,D,0
19.48921,94.59647,334.04,0.39,0.44,2026-03-01,716,N20,VIIRS,l,2,306.99,6.34,D,0
19.49318,94.5954,331.84,0.39,0.44,2026-03-01,716,N20,VIIRS,l,2,306.73,2.14,D,0
19.49417,94.60336,331.77,0.39,0.44,2026-03-01,716,N20,VIIRS,l,2,304.76,3.43,D,0
19.49719,94.59458,332.59,0.39,0.44,2026-03-01,716,N20,VIIRS,l,2,305.22,2.14,D,0
19.50106,95.03696,355.14,0.42,0.45,2026-03-01,716,N20,VIIRS,n,2,310.28,11.3,D,0
19.50251,95.48226,346.99,0.44,0.46,2026-03-01,716,N20,VIIRS,n,2,310.38,8.88,D,0
19.50302,95.48649,348.67,0.45,0.47,2026-03-01,716,N20,VIIRS,n,2,310.04,8.88,D,0
19.50521,95.03637,350.87,0.42,0.45,2026-03-01,716,N20,VIIRS,n,2,311.71,8.94,D,0
19.50883,97.21764,338.94,0.58,0.52,2026-03-01,716,N20,VIIRS,n,2,308.22,4.45,D,0
19.50923,94.55962,344.97,0.39,0.44,2026-03-01,716,N20,VIIRS,n,2,307.41,3.71,D,0
19.51098,94.57359,330.87,0.39,0.44,2026-03-01,716,N20,VIIRS,l,2,304.2,3.95,D,0
19.51352,95.03517,342.11,0.42,0.45,2026-03-01,716,N20,VIIRS,n,2,309.36,3.41,D,0
19.51357,96.17298,332.24,0.49,0.49,2026-03-01,716,N20,VIIRS,l,2,304.2,2.99,D,0
19.51503,95.44221,341.1,0.44,0.46,2026-03-01,716,N20,VIIRS,n,2,308.53,3.4,D,0
19.51555,95.4465,337,0.44,0.46,2026-03-01,716,N20,VIIRS,l,2,310.81,4,D,0
19.51565,95.51913,339.9,0.45,0.47,2026-03-01,716,N20,VIIRS,n,2,309.86,3.45,D,0
19.51685,94.55499,332.21,0.39,0.44,2026-03-01,716,N20,VIIRS,l,2,306.89,2.31,D,0
19.51929,95.4416,338.12,0.44,0.46,2026-03-01,716,N20,VIIRS,n,2,310.54,3.4,D,0
19.51963,96.08366,335.02,0.49,0.48,2026-03-01,716,N20,VIIRS,n,2,304.81,4.17,D,0
19.51981,95.4459,338.77,0.44,0.46,2026-03-01,716,N20,VIIRS,l,2,312.27,4,D,0
19.52106,94.58835,334.25,0.39,0.44,2026-03-01,716,N20,VIIRS,n,2,305.64,2.38,D,0
19.52154,94.59211,334.18,0.39,0.44,2026-03-01,716,N20,VIIRS,l,2,305.88,2.38,D,0
19.52174,95.67962,342.6,0.46,0.47,2026-03-01,716,N20,VIIRS,n,2,304.9,4.36,D,0
19.52297,95.33084,334.63,0.44,0.46,2026-03-01,716,N20,VIIRS,l,2,309.36,1.54,D,0
19.52555,95.67471,335,0.46,0.47,2026-03-01,716,N20,VIIRS,l,2,305.21,3.22,D,0
19.52788,95.26379,346.44,0.43,0.46,2026-03-01,716,N20,VIIRS,n,2,311.34,4.42,D,0
19.53013,94.59505,332.81,0.39,0.44,2026-03-01,716,N20,VIIRS,l,2,304.48,1.81,D,0
19.53752,95.66443,345.91,0.46,0.47,2026-03-01,716,N20,VIIRS,n,2,308.36,4.62,D,0
19.54157,96.03878,340.39,0.48,0.48,2026-03-01,716,N20,VIIRS,n,2,308.72,5.47,D,0
19.5418,94.58981,330.9,0.39,0.44,2026-03-01,716,N20,VIIRS,l,2,304.36,5.2,D,0
19.54342,97.57128,330.62,0.61,0.53,2026-03-01,716,N20,VIIRS,l,2,302.49,6.62,D,0
19.54428,94.60921,332.9,0.39,0.44,2026-03-01,716,N20,VIIRS,n,2,306.73,3.3,D,0
19.54472,94.60875,334.65,0.39,0.44,2026-03-01,716,N20,VIIRS,l,2,306.66,3.04,D,0
19.54585,97.28596,338.26,0.58,0.52,2026-03-01,716,N20,VIIRS,n,2,303.78,6.22,D,0
19.54784,94.60487,334.88,0.39,0.44,2026-03-01,716,N20,VIIRS,l,2,309.17,4.23,D,0
19.54934,97.23335,341.39,0.58,0.52,2026-03-01,716,N20,VIIRS,n,2,309.94,7.46,D,0
19.54991,97.28403,341.26,0.58,0.52,2026-03-01,716,N20,VIIRS,n,2,306.48,6.42,D,0
19.54992,96.0331,342.23,0.48,0.48,2026-03-01,716,N20,VIIRS,n,2,307.3,2.11,D,0
19.54992,97.23875,348.17,0.58,0.52,2026-03-01,716,N20,VIIRS,n,2,310.51,10.29,D,0
19.55056,97.29003,330.78,0.58,0.52,2026-03-01,716,N20,VIIRS,l,2,305.31,6.42,D,0
19.55066,94.65933,347.15,0.4,0.44,2026-03-01,716,N20,VIIRS,l,2,320.19,31.35,D,0
19.55073,97.28585,345.43,0.58,0.52,2026-03-01,716,N20,VIIRS,n,2,306.37,6.22,D,0
19.55074,94.65891,349.39,0.4,0.44,2026-03-01,716,N20,VIIRS,n,2,320.85,31.88,D,0
19.5519,94.60004,341.59,0.39,0.44,2026-03-01,716,N20,VIIRS,n,2,309.54,5.69,D,0
19.55239,95.60583,339.73,0.45,0.47,2026-03-01,716,N20,VIIRS,n,2,308.42,1.97,D,0
19.55373,97.45876,331.44,0.6,0.53,2026-03-01,716,N20,VIIRS,l,2,301.73,7.53,D,0
19.55422,94.65482,340.14,0.4,0.44,2026-03-01,716,N20,VIIRS,n,2,308.34,31.35,D,0
19.55422,95.60252,341.82,0.45,0.47,2026-03-01,716,N20,VIIRS,n,2,308.39,1.99,D,0
19.55433,94.65445,339,0.4,0.44,2026-03-01,716,N20,VIIRS,n,2,307.95,31.88,D,0
19.55531,97.45575,330.79,0.6,0.53,2026-03-01,716,N20,VIIRS,l,2,303.04,4.7,D,0
19.55572,94.70039,367,0.4,0.44,2026-03-01,716,N20,VIIRS,h,2,311.55,9.65,D,0
19.55591,94.70068,356.6,0.4,0.44,2026-03-01,716,N20,VIIRS,n,2,311.55,10.69,D,0
19.55886,94.65775,338.22,0.4,0.44,2026-03-01,716,N20,VIIRS,l,2,310.11,3.52,D,0
19.56035,94.60189,336.59,0.39,0.44,2026-03-01,716,N20,VIIRS,l,2,307.25,3.31,D,0
19.5608,95.67493,342.66,0.46,0.47,2026-03-01,716,N20,VIIRS,n,2,307.98,4.89,D,0
19.56264,95.67606,341.97,0.46,0.47,2026-03-01,716,N20,VIIRS,n,2,307.77,2.95,D,0
19.56385,94.66489,348.63,0.4,0.44,2026-03-01,716,N20,VIIRS,n,2,311.08,4.96,D,0
19.56605,94.6489,335.97,0.4,0.44,2026-03-01,716,N20,VIIRS,l,2,308.93,2.36,D,0
19.56695,94.95486,340.2,0.41,0.45,2026-03-01,716,N20,VIIRS,n,2,309.4,6.75,D,0
19.56894,95.6695,336.58,0.46,0.47,2026-03-01,716,N20,VIIRS,l,2,309.4,8.2,D,0
19.56918,95.00684,339.86,0.42,0.45,2026-03-01,716,N20,VIIRS,l,2,310.62,4.94,D,0
19.57033,95.66628,347.97,0.46,0.47,2026-03-01,716,N20,VIIRS,n,2,309.53,3.42,D,0
19.57068,95.19231,352.31,0.43,0.46,2026-03-01,716,N20,VIIRS,n,2,313.37,8.2,D,0
19.57083,95.67063,333.45,0.46,0.47,2026-03-01,716,N20,VIIRS,l,2,308.29,3.42,D,0
19.57401,97.2362,338.44,0.58,0.52,2026-03-01,716,N20,VIIRS,n,2,308.77,4.13,D,0
19.5757,94.72873,339.77,0.4,0.44,2026-03-01,716,N20,VIIRS,n,2,309.98,2.26,D,0
19.57826,97.27509,344.57,0.58,0.52,2026-03-01,716,N20,VIIRS,n,2,313.77,17.29,D,0
19.5786,97.36838,350.16,0.59,0.53,2026-03-01,716,N20,VIIRS,n,2,305.63,9.24,D,0
19.57868,94.98144,352.98,0.42,0.45,2026-03-01,716,N20,VIIRS,n,2,311.65,6.25,D,0
19.57887,97.28069,353.65,0.58,0.52,2026-03-01,716,N20,VIIRS,n,2,311.42,24.54,D,0
19.57978,94.72822,339.45,0.4,0.44,2026-03-01,716,N20,VIIRS,n,2,308.72,2.26,D,0
19.58284,94.98096,341.98,0.42,0.45,2026-03-01,716,N20,VIIRS,n,2,309.55,2.36,D,0
19.58329,95.19066,341.26,0.43,0.46,2026-03-01,716,N20,VIIRS,n,2,312.38,4.31,D,0
19.59294,97.31977,341.72,0.59,0.53,2026-03-01,716,N20,VIIRS,n,2,306.42,7.26,D,0
19.59361,94.80831,332.14,0.41,0.45,2026-03-01,716,N20,VIIRS,n,2,306.09,7.77,D,0
19.59373,96.93853,338.86,0.55,0.51,2026-03-01,716,N20,VIIRS,n,2,305.51,4.57,D,0
19.59567,96.94101,339.32,0.55,0.51,2026-03-01,716,N20,VIIRS,n,2,304.99,5.81,D,0
19.59663,95.47985,336.91,0.45,0.47,2026-03-01,716,N20,VIIRS,l,2,310.87,2.12,D,0
19.59706,96.88451,341.93,0.55,0.51,2026-03-01,716,N20,VIIRS,n,2,305.2,15.47,D,0
19.59771,94.8077,367,0.41,0.45,2026-03-01,716,N20,VIIRS,h,2,312.46,7.77,D,0
19.59881,96.88161,341.33,0.55,0.51,2026-03-01,716,N20,VIIRS,n,2,303.55,14.93,D,0
19.60091,95.47927,338.14,0.45,0.47,2026-03-01,716,N20,VIIRS,l,2,312.5,4.22,D,0
19.6018,94.80706,354.61,0.41,0.45,2026-03-01,716,N20,VIIRS,n,2,309.82,12.22,D,0
19.60183,94.9465,356.1,0.41,0.45,2026-03-01,716,N20,VIIRS,n,2,311.56,10.24,D,0
19.60825,95.32485,343.89,0.44,0.46,2026-03-01,716,N20,VIIRS,n,2,312.22,4.06,D,0
19.60849,97.11,340.68,0.57,0.52,2026-03-01,716,N20,VIIRS,n,2,308.92,8.08,D,0
19.60914,97.11568,342.73,0.57,0.52,2026-03-01,716,N20,VIIRS,n,2,310.69,8.08,D,0
19.60999,94.80582,342.9,0.41,0.45,2026-03-01,716,N20,VIIRS,n,2,310,5.6,D,0
19.61036,95.66986,333.89,0.46,0.47,2026-03-01,716,N20,VIIRS,l,2,307.21,3.49,D,0
19.61107,95.56452,340.16,0.45,0.47,2026-03-01,716,N20,VIIRS,n,2,311.48,1.91,D,0
19.61446,95.70478,345.36,0.46,0.47,2026-03-01,716,N20,VIIRS,n,2,305.67,6.24,D,0
19.61819,94.80466,347.75,0.41,0.45,2026-03-01,716,N20,VIIRS,n,2,310.03,91.03,D,0
19.61887,95.52008,343.94,0.45,0.47,2026-03-01,716,N20,VIIRS,n,2,312.5,3.93,D,0
19.62006,97.61481,337.87,0.61,0.54,2026-03-01,716,N20,VIIRS,n,2,307.78,6.19,D,0
19.62613,94.16183,330.82,0.56,0.43,2026-03-01,716,N20,VIIRS,n,2,299.74,4.42,D,0
19.63055,97.61934,333.18,0.61,0.54,2026-03-01,716,N20,VIIRS,l,2,307.74,6.97,D,0
19.63078,95.26328,341.58,0.43,0.46,2026-03-01,716,N20,VIIRS,n,2,310.92,2.64,D,0
19.63081,95.26354,338.38,0.43,0.46,2026-03-01,716,N20,VIIRS,l,2,311.05,3.33,D,0
19.6342,97.60686,338.05,0.61,0.54,2026-03-01,716,N20,VIIRS,n,2,306.94,16.26,D,0
19.6378,96.47504,342.09,0.52,0.5,2026-03-01,716,N20,VIIRS,n,2,305.5,119.08,D,0
19.63975,97.61195,349.59,0.61,0.54,2026-03-01,716,N20,VIIRS,n,2,307.51,10.43,D,0
19.64688,94.80069,351.82,0.41,0.45,2026-03-01,716,N20,VIIRS,n,2,316.4,22.83,D,0
19.64729,95.405,342.46,0.44,0.46,2026-03-01,716,N20,VIIRS,n,2,310.97,5.8,D,0
19.64826,95.40443,345.1,0.44,0.46,2026-03-01,716,N20,VIIRS,n,2,311.32,5.28,D,0
19.64944,95.6651,336.45,0.46,0.47,2026-03-01,716,N20,VIIRS,l,2,306.86,4.1,D,0
19.65145,94.80389,341.61,0.41,0.45,2026-03-01,716,N20,VIIRS,n,2,309.65,3.89,D,0
19.65163,95.11502,347.47,0.42,0.46,2026-03-01,716,N20,VIIRS,n,2,313.91,8.93,D,0
19.65213,95.11916,355.86,0.42,0.46,2026-03-01,716,N20,VIIRS,n,2,311.93,12.39,D,0
19.65311,97.29764,340.21,0.59,0.53,2026-03-01,716,N20,VIIRS,n,2,308.43,16.62,D,0
19.65442,97.29991,352.95,0.59,0.52,2026-03-01,716,N20,VIIRS,n,2,308.58,15.65,D,0
19.66505,97.04938,333.33,0.56,0.52,2026-03-01,716,N20,VIIRS,l,2,308.18,4.87,D,0
19.66786,95.25024,335.87,0.43,0.46,2026-03-01,716,N20,VIIRS,l,2,308.13,1.12,D,0
19.66915,95.40665,343.55,0.44,0.46,2026-03-01,716,N20,VIIRS,n,2,312.8,3.05,D,0
19.66965,94.68431,336.08,0.4,0.44,2026-03-01,716,N20,VIIRS,l,2,310.47,2.1,D,0
19.67325,97.39447,346.5,0.59,0.53,2026-03-01,716,N20,VIIRS,n,2,305.58,13.83,D,0
19.67392,97.40073,332.69,0.59,0.53,2026-03-01,716,N20,VIIRS,n,2,302.33,14.87,D,0
19.67526,95.76948,344.46,0.47,0.47,2026-03-01,716,N20,VIIRS,n,2,304.47,5.61,D,0
19.67813,97.39391,332.38,0.59,0.53,2026-03-01,716,N20,VIIRS,l,2,303.1,13.83,D,0
19.6788,97.40019,340.78,0.59,0.53,2026-03-01,716,N20,VIIRS,n,2,305.24,14.87,D,0
19.68119,95.62237,345.74,0.46,0.47,2026-03-01,716,N20,VIIRS,n,2,311.66,5.56,D,0
19.68244,94.58545,347.76,0.39,0.44,2026-03-01,716,N20,VIIRS,n,2,308.84,6.56,D,0
19.69038,94.65044,341.79,0.4,0.44,2026-03-01,716,N20,VIIRS,n,2,312.04,6.72,D,0
19.69084,94.65426,342.11,0.4,0.44,2026-03-01,716,N20,VIIRS,n,2,309.2,6.72,D,0
19.69201,95.75488,339.41,0.47,0.47,2026-03-01,716,N20,VIIRS,n,2,305.94,4.65,D,0
19.69444,94.64991,346.39,0.4,0.44,2026-03-01,716,N20,VIIRS,n,2,313.08,6.72,D,0
19.69491,94.65372,340.97,0.4,0.44,2026-03-01,716,N20,VIIRS,n,2,308.65,6.72,D,0
19.69638,95.75431,351.96,0.47,0.47,2026-03-01,716,N20,VIIRS,n,2,307.22,6.4,D,0
19.69808,95.04347,342.72,0.42,0.45,2026-03-01,716,N20,VIIRS,n,2,310.08,9.87,D,0
19.70156,95.42395,350.65,0.44,0.46,2026-03-01,716,N20,VIIRS,n,2,312.82,5.78,D,0
19.70836,95.4445,355.71,0.45,0.47,2026-03-01,716,N20,VIIRS,n,2,312.01,8.41,D,0
19.7098,95.05732,339.99,0.42,0.45,2026-03-01,716,N20,VIIRS,l,2,310.17,4.26,D,0
19.7122,96.47266,349.76,0.52,0.5,2026-03-01,716,N20,VIIRS,n,2,306.2,31.18,D,0
19.71276,95.3372,344.97,0.44,0.46,2026-03-01,716,N20,VIIRS,n,2,312.03,6.72,D,0
19.71417,94.84659,336.55,0.41,0.45,2026-03-01,716,N20,VIIRS,l,2,309.79,2.48,D,0
19.71591,95.76981,351.07,0.47,0.48,2026-03-01,716,N20,VIIRS,n,2,311.69,64.97,D,0
19.71679,96.47217,352.86,0.52,0.5,2026-03-01,716,N20,VIIRS,n,2,302.74,20.82,D,0
19.72286,94.7466,339.11,0.4,0.45,2026-03-01,716,N20,VIIRS,l,2,311.82,6.21,D,0
19.72649,94.74225,335.53,0.4,0.44,2026-03-01,716,N20,VIIRS,l,2,308.24,4.28,D,0
19.72696,94.74605,335.01,0.4,0.45,2026-03-01,716,N20,VIIRS,l,2,309.62,4.13,D,0
19.74694,97.26753,345.89,0.58,0.52,2026-03-01,716,N20,VIIRS,n,2,307.88,13.63,D,0
19.74795,97.26949,356.09,0.58,0.52,2026-03-01,716,N20,VIIRS,n,2,310.35,11.64,D,0
19.74864,97.27555,344.08,0.58,0.52,2026-03-01,716,N20,VIIRS,n,2,308.71,17.17,D,0
19.75173,94.8456,342.89,0.41,0.45,2026-03-01,716,N20,VIIRS,n,2,310.56,3.43,D,0
19.75181,97.26726,336.5,0.58,0.52,2026-03-01,716,N20,VIIRS,l,2,310.57,13.63,D,0
19.75246,97.27345,355.38,0.59,0.52,2026-03-01,716,N20,VIIRS,n,2,312.8,13.63,D,0
19.75281,97.2692,346.22,0.58,0.52,2026-03-01,716,N20,VIIRS,n,2,311.65,11.64,D,0
19.75308,97.27927,341.97,0.59,0.53,2026-03-01,716,N20,VIIRS,n,2,308.26,12.19,D,0
19.7535,97.2752,356.63,0.58,0.52,2026-03-01,716,N20,VIIRS,n,2,312.55,17.17,D,0
19.75666,97.26694,343.74,0.58,0.52,2026-03-01,716,N20,VIIRS,n,2,310.61,9.53,D,0
19.75731,97.1817,343.65,0.58,0.52,2026-03-01,716,N20,VIIRS,n,2,311.21,7.91,D,0
19.75767,97.26882,340.07,0.58,0.52,2026-03-01,716,N20,VIIRS,n,2,311.06,9.31,D,0
19.75906,97.24352,349.42,0.58,0.52,2026-03-01,716,N20,VIIRS,n,2,315.68,12.47,D,0
19.75963,97.24883,344.05,0.58,0.52,2026-03-01,716,N20,VIIRS,n,2,313.31,12.47,D,0
19.75986,97.24518,351.57,0.58,0.52,2026-03-01,716,N20,VIIRS,n,2,315.08,24.79,D,0
19.7603,95.05393,342.31,0.42,0.45,2026-03-01,716,N20,VIIRS,n,2,309.4,3.06,D,0
19.7608,95.05808,343.28,0.42,0.45,2026-03-01,716,N20,VIIRS,n,2,308.22,3.06,D,0
19.76205,97.04669,341.76,0.57,0.52,2026-03-01,716,N20,VIIRS,n,2,308.74,9.08,D,0
19.7621,97.18095,343.63,0.58,0.52,2026-03-01,716,N20,VIIRS,n,2,307.65,7.91,D,0
19.7627,97.05262,339.42,0.57,0.52,2026-03-01,716,N20,VIIRS,n,2,307.4,9.99,D,0
19.76447,95.05338,342.53,0.42,0.45,2026-03-01,716,N20,VIIRS,n,2,309.44,8.67,D,0
19.76737,95.11246,340.75,0.43,0.46,2026-03-01,716,N20,VIIRS,l,2,312.06,2.52,D,0
19.77056,97.38236,342.84,0.59,0.53,2026-03-01,716,N20,VIIRS,n,2,305.15,10.38,D,0
19.77361,97.38036,341.16,0.59,0.53,2026-03-01,716,N20,VIIRS,n,2,306.36,9.43,D,0
19.77613,94.64216,336.08,0.4,0.44,2026-03-01,716,N20,VIIRS,l,2,309.99,4.99,D,0
19.77654,94.91055,353.8,0.41,0.45,2026-03-01,716,N20,VIIRS,n,2,313.03,6.18,D,0
19.77779,94.78625,341.18,0.41,0.45,2026-03-01,716,N20,VIIRS,n,2,308.57,3.08,D,0
19.77897,97.20179,331.62,0.58,0.52,2026-03-01,716,N20,VIIRS,l,2,305.31,3.82,D,0
19.77958,97.20748,340.84,0.58,0.52,2026-03-01,716,N20,VIIRS,n,2,306.27,7.62,D,0
19.78858,97.20053,346.18,0.58,0.52,2026-03-01,716,N20,VIIRS,n,2,307.99,5.94,D,0
19.78911,97.25027,334.48,0.58,0.52,2026-03-01,716,N20,VIIRS,n,2,306.89,1.99,D,0
19.79072,95.02533,341.81,0.42,0.45,2026-03-01,716,N20,VIIRS,n,2,308.94,2.98,D,0
19.79241,94.93661,341.03,0.42,0.45,2026-03-01,716,N20,VIIRS,n,2,313.19,3.34,D,0
19.79339,97.19994,338.73,0.58,0.52,2026-03-01,716,N20,VIIRS,n,2,308.08,5.94,D,0
19.79525,95.30878,342.34,0.44,0.46,2026-03-01,716,N20,VIIRS,n,2,311.62,4.11,D,0
19.79951,97.25584,341.1,0.58,0.52,2026-03-01,716,N20,VIIRS,n,2,305.17,4.23,D,0
19.80125,95.28692,337.78,0.44,0.46,2026-03-01,716,N20,VIIRS,l,2,310.89,1.52,D,0
19.80203,93.66033,339.42,0.53,0.42,2026-03-01,716,N20,VIIRS,n,2,307.01,12.27,D,0
19.8025,97.23852,337.33,0.58,0.52,2026-03-01,716,N20,VIIRS,n,2,306.59,5.67,D,0
19.80328,97.42691,333.79,0.6,0.53,2026-03-01,716,N20,VIIRS,l,2,305.54,6.53,D,0
19.80399,96.37996,333.18,0.51,0.49,2026-03-01,716,N20,VIIRS,l,2,306.65,6.53,D,0
19.81603,96.32384,348.37,0.51,0.49,2026-03-01,716,N20,VIIRS,n,2,308.75,12.67,D,0
19.8164,97.23161,341.87,0.58,0.52,2026-03-01,716,N20,VIIRS,n,2,309.7,17.86,D,0
19.81702,97.2372,345.06,0.58,0.52,2026-03-01,716,N20,VIIRS,n,2,308.13,19.7,D,0
19.82008,96.319,345.05,0.51,0.49,2026-03-01,716,N20,VIIRS,n,2,310.42,12.67,D,0
19.82058,96.32332,354.2,0.51,0.49,2026-03-01,716,N20,VIIRS,n,2,312.82,12.67,D,0
19.82181,97.23628,333.61,0.58,0.52,2026-03-01,716,N20,VIIRS,n,2,303.22,2.05,D,0
19.82504,96.99891,341.62,0.56,0.52,2026-03-01,716,N20,VIIRS,n,2,302.62,6.94,D,0
19.82513,96.32283,334.92,0.51,0.49,2026-03-01,716,N20,VIIRS,l,2,309.5,10.03,D,0
19.82634,94.64669,355.14,0.4,0.44,2026-03-01,716,N20,VIIRS,n,2,309.86,12.51,D,0
19.82917,96.31792,348.1,0.51,0.49,2026-03-01,716,N20,VIIRS,n,2,314.42,10.03,D,0
19.82969,96.32243,349.99,0.51,0.49,2026-03-01,716,N20,VIIRS,n,2,307.92,10.03,D,0
19.82983,96.99867,345.35,0.56,0.52,2026-03-01,716,N20,VIIRS,n,2,305.51,6.94,D,0
19.83343,96.99567,344.91,0.56,0.52,2026-03-01,716,N20,VIIRS,n,2,309.51,28.77,D,0
19.83373,96.31753,345.41,0.51,0.49,2026-03-01,716,N20,VIIRS,n,2,308.43,5.06,D,0
19.83401,96.9928,350.64,0.56,0.52,2026-03-01,716,N20,VIIRS,n,2,312.17,29.83,D,0
19.83427,96.32215,333.33,0.51,0.49,2026-03-01,716,N20,VIIRS,n,2,305.23,5.06,D,0
19.83459,94.74754,337.92,0.41,0.45,2026-03-01,716,N20,VIIRS,n,2,309.9,2.34,D,0
19.83459,96.99825,341.46,0.56,0.52,2026-03-01,716,N20,VIIRS,n,2,305.11,29.83,D,0
19.83819,96.9952,352.6,0.56,0.52,2026-03-01,716,N20,VIIRS,n,2,309.42,28.77,D,0
19.84272,94.57912,353.82,0.4,0.44,2026-03-01,716,N20,VIIRS,n,2,309.92,8.09,D,0
19.8429,93.64436,340.4,0.53,0.42,2026-03-01,716,N20,VIIRS,n,2,309.99,6.84,D,0
19.84724,94.51691,339.86,0.39,0.44,2026-03-01,716,N20,VIIRS,n,2,308.85,3.62,D,0
19.84744,94.61675,355.7,0.4,0.44,2026-03-01,716,N20,VIIRS,n,2,310.34,4.65,D,0
19.84772,94.52074,332.22,0.39,0.44,2026-03-01,716,N20,VIIRS,l,2,306.96,3.26,D,0
19.85011,96.33931,335.81,0.51,0.49,2026-03-01,716,N20,VIIRS,n,2,302.61,3.54,D,0
19.85126,96.34033,333.59,0.51,0.49,2026-03-01,716,N20,VIIRS,n,2,301.59,4.14,D,0
19.8516,94.85229,342.36,0.41,0.45,2026-03-01,716,N20,VIIRS,n,2,309.15,3.53,D,0
19.85391,96.91102,341.26,0.56,0.51,2026-03-01,716,N20,VIIRS,n,2,307.51,5.46,D,0
19.85417,96.95712,348.04,0.56,0.51,2026-03-01,716,N20,VIIRS,n,2,314.77,41.92,D,0
19.8545,96.91643,330.51,0.56,0.51,2026-03-01,716,N20,VIIRS,l,2,305.02,5.46,D,0
19.85479,96.96283,346.36,0.56,0.51,2026-03-01,716,N20,VIIRS,n,2,303.79,41.92,D,0
19.85891,96.95659,354.23,0.56,0.51,2026-03-01,716,N20,VIIRS,n,2,307.43,12.65,D,0
19.85953,96.96224,335.65,0.56,0.51,2026-03-01,716,N20,VIIRS,n,2,305.11,12.65,D,0
19.85963,97.14124,345.04,0.58,0.52,2026-03-01,716,N20,VIIRS,n,2,302.49,11.45,D,0
19.86016,96.96797,331.14,0.56,0.52,2026-03-01,716,N20,VIIRS,l,2,303.87,17.26,D,0
19.86079,96.97366,337.54,0.56,0.52,2026-03-01,716,N20,VIIRS,n,2,301.31,17.26,D,0
19.86427,96.9616,348.29,0.56,0.51,2026-03-01,716,N20,VIIRS,n,2,305.99,12.65,D,0
19.86552,96.97304,338.37,0.56,0.52,2026-03-01,716,N20,VIIRS,n,2,306.83,17.26,D,0
19.86614,96.97866,341.95,0.56,0.52,2026-03-01,716,N20,VIIRS,n,2,305.02,52.05,D,0
19.86805,97.12923,338.25,0.57,0.52,2026-03-01,716,N20,VIIRS,n,2,304.66,5.91,D,0
19.86961,96.96649,355.34,0.56,0.52,2026-03-01,716,N20,VIIRS,n,2,304.97,10.34,D,0
19.87088,96.97798,349.72,0.56,0.52,2026-03-01,716,N20,VIIRS,n,2,305.74,12.63,D,0
19.87499,96.9717,350.76,0.56,0.52,2026-03-01,716,N20,VIIRS,n,2,301.73,10.34,D,0
19.87501,95.53689,338.44,0.45,0.47,2026-03-01,716,N20,VIIRS,n,2,307.89,3.33,D,0
19.87542,94.77402,337.21,0.41,0.45,2026-03-01,716,N20,VIIRS,l,2,308.99,1.18,D,0
19.8771,95.53727,341.72,0.45,0.47,2026-03-01,716,N20,VIIRS,n,2,307.49,4.57,D,0
19.87749,94.6246,335.86,0.4,0.44,2026-03-01,716,N20,VIIRS,l,2,307.68,4.3,D,0
19.87907,97.66573,335.55,0.62,0.54,2026-03-01,716,N20,VIIRS,l,2,307.18,6.32,D,0
19.88247,94.59731,342.07,0.4,0.44,2026-03-01,716,N20,VIIRS,n,2,310.24,1.94,D,0
19.88299,94.86855,345.16,0.41,0.45,2026-03-01,716,N20,VIIRS,n,2,311.74,4.43,D,0
19.88325,97.45654,342.76,0.6,0.53,2026-03-01,716,N20,VIIRS,n,2,307.61,7.64,D,0
19.8855,97.45329,342.62,0.6,0.53,2026-03-01,716,N20,VIIRS,n,2,308.53,8.92,D,0
19.88602,97.45793,342.2,0.6,0.53,2026-03-01,716,N20,VIIRS,n,2,306.67,8.92,D,0
19.88744,94.90437,348.65,0.41,0.45,2026-03-01,716,N20,VIIRS,n,2,313.02,4.8,D,0
19.88762,97.45088,345.79,0.6,0.53,2026-03-01,716,N20,VIIRS,n,2,309.92,19.04,D,0
19.88811,97.45552,333.83,0.6,0.53,2026-03-01,716,N20,VIIRS,l,2,306.99,7.64,D,0
19.88982,97.44758,338.22,0.6,0.53,2026-03-01,716,N20,VIIRS,n,2,307.7,13.59,D,0
19.89034,97.45219,351,0.6,0.53,2026-03-01,716,N20,VIIRS,n,2,308.62,8.92,D,0
19.89084,97.45666,330.98,0.6,0.53,2026-03-01,716,N20,VIIRS,n,2,304.29,8.92,D,0
19.89236,94.8194,342.21,0.41,0.45,2026-03-01,716,N20,VIIRS,n,2,311.17,5.51,D,0
19.89247,97.44981,351.23,0.6,0.53,2026-03-01,716,N20,VIIRS,n,2,308.6,20.48,D,0
19.89258,94.91183,340.93,0.42,0.45,2026-03-01,716,N20,VIIRS,n,2,311.94,3.6,D,0
19.89282,94.8233,341.95,0.41,0.45,2026-03-01,716,N20,VIIRS,n,2,308.56,5.51,D,0
19.89404,94.82263,346.89,0.41,0.45,2026-03-01,716,N20,VIIRS,n,2,310.34,9.95,D,0
19.89592,93.49222,336.48,0.52,0.41,2026-03-01,716,N20,VIIRS,l,2,306.83,5.7,D,0
19.89655,93.49714,334.96,0.52,0.41,2026-03-01,716,N20,VIIRS,l,2,305.84,5.7,D,0
19.89919,97.41965,340.56,0.6,0.53,2026-03-01,716,N20,VIIRS,n,2,304.08,10.7,D,0
19.90706,94.83741,348.62,0.41,0.45,2026-03-01,716,N20,VIIRS,n,2,309.79,4.47,D,0
19.90816,94.5709,342.81,0.4,0.44,2026-03-01,716,N20,VIIRS,n,2,312.23,12,D,0
19.90911,97.41978,367,0.6,0.53,2026-03-01,716,N20,VIIRS,h,2,308.93,16.03,D,0
19.90967,97.42502,354.23,0.6,0.53,2026-03-01,716,N20,VIIRS,n,2,310.09,16.03,D,0
19.91021,97.43004,341.33,0.6,0.53,2026-03-01,716,N20,VIIRS,n,2,305.54,8.14,D,0
19.91072,94.83295,337.36,0.41,0.45,2026-03-01,716,N20,VIIRS,n,2,309.44,1.61,D,0
19.91123,97.43962,334.33,0.6,0.53,2026-03-01,716,N20,VIIRS,l,2,304.75,9.91,D,0
19.91281,97.40807,343.38,0.6,0.53,2026-03-01,716,N20,VIIRS,n,2,307.65,14.6,D,0
19.91343,97.41382,342.97,0.6,0.53,2026-03-01,716,N20,VIIRS,n,2,306.19,14.6,D,0
19.91401,97.41929,345.34,0.6,0.53,2026-03-01,716,N20,VIIRS,n,2,305.81,16.03,D,0
19.91559,97.43401,341.21,0.6,0.53,2026-03-01,716,N20,VIIRS,n,2,305.39,8.14,D,0
19.91831,97.41319,345.69,0.6,0.53,2026-03-01,716,N20,VIIRS,n,2,306.42,10.43,D,0
19.9189,97.41863,331.98,0.6,0.53,2026-03-01,716,N20,VIIRS,l,2,305.3,5.29,D,0
19.92319,97.41251,348,0.6,0.53,2026-03-01,716,N20,VIIRS,n,2,304.61,10.43,D,0
19.92377,97.41793,340.63,0.6,0.53,2026-03-01,716,N20,VIIRS,n,2,303.3,5.29,D,0
19.92929,97.33241,331.54,0.59,0.53,2026-03-01,716,N20,VIIRS,l,2,305.44,7.84,D,0
19.93416,97.33189,355.51,0.59,0.53,2026-03-01,716,N20,VIIRS,n,2,308.32,7.84,D,0
19.93864,95.42893,337.41,0.45,0.47,2026-03-01,716,N20,VIIRS,l,2,310.17,2.69,D,0
19.93914,94.82523,338.06,0.41,0.45,2026-03-01,716,N20,VIIRS,n,2,308.01,2.48,D,0
19.94034,94.59748,342.72,0.4,0.44,2026-03-01,716,N20,VIIRS,l,2,312.79,10.99,D,0
19.94153,95.7513,340.47,0.47,0.48,2026-03-01,716,N20,VIIRS,n,2,303.86,4.91,D,0
19.94174,95.71492,336.26,0.47,0.47,2026-03-01,716,N20,VIIRS,n,2,302.14,6.6,D,0
19.94193,97.31307,337.97,0.59,0.53,2026-03-01,716,N20,VIIRS,l,2,310.38,6.41,D,0
19.94233,94.81696,336.52,0.41,0.45,2026-03-01,716,N20,VIIRS,l,2,309.23,3,D,0
19.94509,95.70561,337.55,0.47,0.47,2026-03-01,716,N20,VIIRS,n,2,302.07,3.34,D,0
19.94565,95.16467,338.09,0.43,0.46,2026-03-01,716,N20,VIIRS,l,2,310.28,3.81,D,0
19.94923,95.74103,331.07,0.47,0.48,2026-03-01,716,N20,VIIRS,l,2,302.33,2.95,D,0
19.95126,97.8665,348.91,0.32,0.55,2026-03-01,716,N20,VIIRS,n,2,314,3.24,D,0
19.95159,97.86968,340.24,0.32,0.55,2026-03-01,716,N20,VIIRS,n,2,309.87,3.24,D,0
19.9556,95.06799,345.76,0.43,0.46,2026-03-01,716,N20,VIIRS,n,2,313.39,3.07,D,0
19.95563,95.21328,339.89,0.43,0.46,2026-03-01,716,N20,VIIRS,n,2,311.04,3.66,D,0
19.95584,97.8615,339.41,0.32,0.55,2026-03-01,716,N20,VIIRS,n,2,311.06,7.26,D,0
19.95709,97.92256,344.36,0.32,0.55,2026-03-01,716,N20,VIIRS,n,2,306.06,3.05,D,0
19.96066,97.43797,348.42,0.6,0.53,2026-03-01,716,N20,VIIRS,n,2,301.59,9.87,D,0
19.96077,97.85985,367,0.32,0.55,2026-03-01,716,N20,VIIRS,h,2,314.56,7.26,D,0
19.96109,97.86291,352.45,0.32,0.55,2026-03-01,716,N20,VIIRS,n,2,312.76,8.18,D,0
19.9614,97.86589,340.93,0.32,0.55,2026-03-01,716,N20,VIIRS,n,2,311.29,8.18,D,0
19.96155,96.04276,338.36,0.49,0.49,2026-03-01,716,N20,VIIRS,n,2,304.94,2.7,D,0
19.96223,93.46952,337.74,0.52,0.41,2026-03-01,716,N20,VIIRS,n,2,307.19,5.91,D,3
19.96318,97.8828,336.5,0.32,0.55,2026-03-01,716,N20,VIIRS,l,2,308.29,2.85,D,0
19.96348,97.88569,342.17,0.32,0.55,2026-03-01,716,N20,VIIRS,n,2,308.15,2.85,D,0
19.96471,94.79448,341.09,0.41,0.45,2026-03-01,716,N20,VIIRS,n,2,310.76,2.79,D,0
19.96526,95.14939,341.75,0.43,0.46,2026-03-01,716,N20,VIIRS,n,2,311.59,3.06,D,0
19.96567,94.73466,336.72,0.41,0.45,2026-03-01,716,N20,VIIRS,l,2,310.99,1.76,D,0
19.96599,97.86102,338.69,0.32,0.55,2026-03-01,716,N20,VIIRS,n,2,309.27,13.26,D,0
19.9663,97.86397,350.13,0.32,0.55,2026-03-01,716,N20,VIIRS,n,2,319.02,13.26,D,0
19.96665,97.8673,367,0.32,0.55,2026-03-01,716,N20,VIIRS,h,2,309.98,20.47,D,0
19.96947,95.1488,336.36,0.43,0.46,2026-03-01,716,N20,VIIRS,l,2,309.83,3.06,D,0
19.9744,94.80514,339.67,0.41,0.45,2026-03-01,716,N20,VIIRS,n,2,311.03,1.92,D,0
19.99032,97.70868,345.81,0.63,0.54,2026-03-01,716,N20,VIIRS,n,2,308.29,6.29,D,0
19.99099,97.71479,336.03,0.63,0.54,2026-03-01,716,N20,VIIRS,n,2,309.2,6.29,D,0
19.99524,97.70744,332.87,0.63,0.54,2026-03-01,716,N20,VIIRS,l,2,305.39,6.29,D,0
19.9959,97.71348,348.09,0.63,0.54,2026-03-01,716,N20,VIIRS,n,2,306.37,6.29,D,0
19.99614,97.71062,350.43,0.63,0.54,2026-03-01,716,N20,VIIRS,n,2,307.71,12.89,D,0
20.00414,95.6804,339.47,0.46,0.47,2026-03-01,716,N20,VIIRS,n,2,304.34,3.61,D,0
20.00485,95.67744,334.23,0.46,0.47,2026-03-01,716,N20,VIIRS,n,2,304.82,3.59,D,0
20.00742,94.50382,342.92,0.39,0.44,2026-03-01,716,N20,VIIRS,n,2,312.27,3.93,D,0
20.0224,94.66046,335.23,0.4,0.44,2026-03-01,716,N20,VIIRS,l,2,309.52,1.44,D,0
20.02355,94.60187,337.91,0.4,0.44,2026-03-01,716,N20,VIIRS,l,2,310.97,4.08,D,0
20.0252,96.04419,334.04,0.49,0.49,2026-03-01,716,N20,VIIRS,n,2,305.21,2.46,D,0
20.03361,94.61632,342.71,0.4,0.44,2026-03-01,716,N20,VIIRS,n,2,311.22,3.16,D,0
20.03417,94.55378,351.25,0.4,0.44,2026-03-01,716,N20,VIIRS,n,2,311.06,3.58,D,0
20.03655,94.67423,349.34,0.4,0.44,2026-03-01,716,N20,VIIRS,n,2,311.57,7.38,D,0
20.03776,94.54945,342.73,0.4,0.44,2026-03-01,716,N20,VIIRS,n,2,310.28,3.58,D,0
20.03822,94.55315,334.49,0.4,0.44,2026-03-01,716,N20,VIIRS,l,2,308.95,3.58,D,0
20.04289,97.34901,338.66,0.6,0.53,2026-03-01,716,N20,VIIRS,n,2,307.84,3.76,D,0
20.04573,94.78388,337.96,0.41,0.45,2026-03-01,716,N20,VIIRS,l,2,311.48,0.87,D,0
20.04678,94.72388,343.45,0.41,0.45,2026-03-01,716,N20,VIIRS,n,2,312.67,5.2,D,0
20.05145,94.83114,341.72,0.41,0.45,2026-03-01,716,N20,VIIRS,n,2,310.95,1.69,D,0
20.05672,97.61503,332.13,0.62,0.54,2026-03-01,716,N20,VIIRS,n,2,300.68,5.09,D,0
20.07369,96.12664,336.8,0.5,0.49,2026-03-01,716,N20,VIIRS,n,2,305.9,3.35,D,0
20.08347,97.23845,340.02,0.59,0.53,2026-03-01,716,N20,VIIRS,n,2,308.09,6.51,D,0
20.08537,97.16447,337.91,0.58,0.52,2026-03-01,716,N20,VIIRS,n,2,307,5.56,D,0
20.10975,97.3935,341.98,0.6,0.53,2026-03-01,716,N20,VIIRS,n,2,311.22,9.66,D,0
20.11037,97.3993,343.33,0.6,0.53,2026-03-01,716,N20,VIIRS,n,2,311.44,9.66,D,0
20.11524,97.39847,346.18,0.6,0.53,2026-03-01,716,N20,VIIRS,n,2,306.75,9.66,D,0
20.13352,95.94864,342.11,0.49,0.48,2026-03-01,716,N20,VIIRS,n,2,309.23,10.14,D,0
20.13428,97.82289,341.52,0.32,0.55,2026-03-01,716,N20,VIIRS,n,2,306.43,3.48,D,0
20.13482,97.82204,341.23,0.32,0.55,2026-03-01,716,N20,VIIRS,n,2,307.39,3.03,D,0
20.13518,95.95184,343.61,0.49,0.48,2026-03-01,716,N20,VIIRS,n,2,309.6,10.44,D,0
20.13784,97.37817,343.47,0.6,0.53,2026-03-01,716,N20,VIIRS,n,2,313.15,15.77,D,0
20.14953,97.34899,353.88,0.6,0.53,2026-03-01,716,N20,VIIRS,n,2,311.72,9.62,D,0
20.14963,97.48777,340.59,0.61,0.54,2026-03-01,716,N20,VIIRS,n,2,302.72,7.84,D,0
20.16014,97.00607,367,0.57,0.52,2026-03-01,716,N20,VIIRS,h,2,312.07,20.28,D,0
20.1605,97.00397,354.42,0.57,0.52,2026-03-01,716,N20,VIIRS,n,2,314.09,12.82,D,0
20.16098,95.91216,330.77,0.48,0.48,2026-03-01,716,N20,VIIRS,l,2,305.4,1.31,D,0
20.16113,97.00987,341.83,0.57,0.52,2026-03-01,716,N20,VIIRS,n,2,308.83,12.82,D,0
20.16386,96.90085,340.39,0.56,0.51,2026-03-01,716,N20,VIIRS,l,2,311,26.07,D,0
20.16875,97.81107,367,0.32,0.55,2026-03-01,716,N20,VIIRS,h,2,309.25,10.45,D,0
20.16919,96.90578,342.67,0.56,0.52,2026-03-01,716,N20,VIIRS,n,2,311.59,25.57,D,0
20.17158,97.41476,337.31,0.6,0.53,2026-03-01,716,N20,VIIRS,n,2,303.63,4.29,D,0
20.17804,95.94308,334.81,0.49,0.48,2026-03-01,716,N20,VIIRS,l,2,309.23,3,D,0
20.17872,96.9492,344.75,0.56,0.52,2026-03-01,716,N20,VIIRS,n,2,313.53,13.47,D,0
20.18728,97.6982,338.62,0.63,0.54,2026-03-01,716,N20,VIIRS,n,2,304.56,4.22,D,0
20.18786,97.40405,332.46,0.6,0.53,2026-03-01,716,N20,VIIRS,l,2,304.64,40.36,D,0
20.18961,97.39833,341.66,0.6,0.53,2026-03-01,716,N20,VIIRS,n,2,307.06,12.75,D,0
20.19042,97.40552,346.18,0.6,0.53,2026-03-01,716,N20,VIIRS,n,2,311.67,64.48,D,0
20.19124,97.41284,342.95,0.6,0.53,2026-03-01,716,N20,VIIRS,n,2,308.6,64.48,D,0
20.19201,97.39618,343.14,0.6,0.53,2026-03-01,716,N20,VIIRS,n,2,307.02,40.36,D,0
20.19204,97.42001,337.59,0.61,0.53,2026-03-01,716,N20,VIIRS,n,2,303.98,4.97,D,0
20.1953,97.40472,310.6,0.6,0.53,2026-03-01,716,N20,VIIRS,l,2,312.71,64.48,D,0
20.19567,96.0978,333.72,0.5,0.49,2026-03-01,716,N20,VIIRS,l,2,306.9,2.24,D,0
20.20113,97.97386,337.63,0.33,0.55,2026-03-01,716,N20,VIIRS,n,2,305.61,3.47,D,0
20.20139,97.97641,341.05,0.33,0.55,2026-03-01,716,N20,VIIRS,n,2,304.31,3.47,D,0
20.21484,97.19291,333.71,0.59,0.53,2026-03-01,716,N20,VIIRS,l,2,307.1,5.21,D,0
20.23061,97.38598,341.05,0.6,0.53,2026-03-01,716,N20,VIIRS,n,2,305.78,9.51,D,0
20.23883,97.27843,352.32,0.59,0.53,2026-03-01,716,N20,VIIRS,n,2,316.94,75.36,D,0
20.24174,96.02375,333.2,0.49,0.49,2026-03-01,716,N20,VIIRS,l,2,306.07,3.05,D,0
20.24316,96.87988,341.37,0.56,0.51,2026-03-01,716,N20,VIIRS,n,2,307.02,11.23,D,0
20.24397,96.87671,352.08,0.56,0.51,2026-03-01,716,N20,VIIRS,n,2,306.37,8.19,D,0
20.25343,97.32201,344.52,0.6,0.53,2026-03-01,716,N20,VIIRS,n,2,308.03,5.86,D,0
20.25935,95.49026,351.48,0.46,0.47,2026-03-01,716,N20,VIIRS,n,2,310.09,5.36,D,0
20.26501,97.3375,338.67,0.6,0.53,2026-03-01,716,N20,VIIRS,n,2,310.63,3.5,D,0
20.26736,95.98477,332.21,0.49,0.49,2026-03-01,716,N20,VIIRS,l,2,306.4,1.75,D,0
20.27286,95.68025,330.7,0.47,0.48,2026-03-01,716,N20,VIIRS,n,2,302.08,2.75,D,0
20.27915,97.46709,340.76,0.61,0.54,2026-03-01,716,N20,VIIRS,n,2,304.45,2.8,D,0
20.28412,97.46685,342.07,0.61,0.54,2026-03-01,716,N20,VIIRS,n,2,306.16,13.01,D,0
20.28869,97.74365,331.92,0.32,0.54,2026-03-01,716,N20,VIIRS,n,2,304.58,2.4,D,0
20.28903,97.74692,333.04,0.32,0.54,2026-03-01,716,N20,VIIRS,l,2,303.75,2.4,D,0
20.28913,97.89394,331.96,0.33,0.55,2026-03-01,716,N20,VIIRS,l,2,305.24,1.54,D,0
20.29365,96.22015,336.89,0.51,0.49,2026-03-01,716,N20,VIIRS,l,2,310.45,3.8,D,0
20.29957,96.85844,343.84,0.56,0.51,2026-03-01,716,N20,VIIRS,n,2,311.36,30.8,D,0
20.32487,97.00024,342.27,0.57,0.52,2026-03-01,716,N20,VIIRS,n,2,307.03,6.69,D,0
20.33185,97.6223,340.41,0.63,0.54,2026-03-01,716,N20,VIIRS,n,2,301.95,7.44,D,0
20.33284,97.11713,336.13,0.58,0.52,2026-03-01,716,N20,VIIRS,l,2,310.36,10.39,D,0
20.33694,97.72146,351.29,0.32,0.54,2026-03-01,716,N20,VIIRS,n,2,307.73,7.54,D,0
20.33726,97.72459,367,0.32,0.54,2026-03-01,716,N20,VIIRS,h,2,302.24,7.54,D,0
20.33732,97.72352,367,0.32,0.54,2026-03-01,716,N20,VIIRS,h,2,308.64,17.26,D,0
20.33767,97.11658,347.96,0.58,0.52,2026-03-01,716,N20,VIIRS,n,2,308.36,10.39,D,0
20.33821,97.73386,367,0.32,0.54,2026-03-01,716,N20,VIIRS,h,2,310.67,14.41,D,0
20.33834,97.73282,352.15,0.32,0.54,2026-03-01,716,N20,VIIRS,n,2,310.08,13.25,D,0
20.33867,97.7358,367,0.32,0.54,2026-03-01,716,N20,VIIRS,h,2,304.24,13.36,D,0
20.34262,96.12546,342.25,0.5,0.49,2026-03-01,716,N20,VIIRS,n,2,309.32,7.72,D,0
20.34265,97.2981,350.27,0.6,0.53,2026-03-01,716,N20,VIIRS,n,2,313.01,9.66,D,0
20.35018,96.69245,336.7,0.55,0.51,2026-03-01,716,N20,VIIRS,n,2,306.36,6.97,D,0
20.3642,97.73956,351.58,0.32,0.55,2026-03-01,716,N20,VIIRS,n,2,302.77,4.19,D,0
20.38022,97.94533,335.97,0.33,0.55,2026-03-01,716,N20,VIIRS,l,2,308.09,2.52,D,0
20.38409,97.2397,341.57,0.59,0.53,2026-03-01,716,N20,VIIRS,n,2,309.21,5.15,D,0
20.3859,97.24255,340.74,0.59,0.53,2026-03-01,716,N20,VIIRS,n,2,309.62,4.87,D,0
20.39383,97.23863,336.66,0.59,0.53,2026-03-01,716,N20,VIIRS,l,2,310.65,4.78,D,0
20.39444,97.24451,340.25,0.59,0.53,2026-03-01,716,N20,VIIRS,n,2,307.26,3.71,D,0
20.39565,97.24158,349.31,0.59,0.53,2026-03-01,716,N20,VIIRS,n,2,308.95,6.44,D,0
20.39649,97.31168,332.38,0.6,0.53,2026-03-01,716,N20,VIIRS,l,2,306.5,6.32,D,0
20.39953,97.73694,332.4,0.32,0.55,2026-03-01,716,N20,VIIRS,n,2,299.86,2.32,D,0
20.40136,97.33723,342.01,0.6,0.53,2026-03-01,716,N20,VIIRS,n,2,306.81,5.68,D,0
20.40148,97.75538,367,0.32,0.55,2026-03-01,716,N20,VIIRS,h,2,305.71,13.58,D,0
20.40362,97.00877,331.94,0.57,0.52,2026-03-01,716,N20,VIIRS,l,2,303.88,3.2,D,0
20.40434,97.33965,346.17,0.6,0.53,2026-03-01,716,N20,VIIRS,n,2,308.15,17.82,D,0
20.40625,97.33665,343.07,0.6,0.53,2026-03-01,716,N20,VIIRS,n,2,308.71,9.04,D,0
20.40777,97.53156,337.88,0.62,0.54,2026-03-01,716,N20,VIIRS,n,2,304,6.05,D,0
20.41152,97.75403,336.83,0.32,0.55,2026-03-01,716,N20,VIIRS,n,2,303.24,3.28,D,0
20.41727,97.32106,344.91,0.6,0.53,2026-03-01,716,N20,VIIRS,n,2,307.21,41.89,D,0
20.41844,97.33226,342.98,0.6,0.53,2026-03-01,716,N20,VIIRS,n,2,310.13,40.39,D,0
20.42982,97.02644,330.74,0.58,0.52,2026-03-01,716,N20,VIIRS,l,2,303.94,5.25,D,0
20.43704,97.22826,342.69,0.59,0.53,2026-03-01,716,N20,VIIRS,n,2,308.21,5.9,D,0
20.44368,97.77312,344.2,0.32,0.55,2026-03-01,716,N20,VIIRS,n,2,300.23,5.32,D,0
20.44407,97.77245,350.25,0.32,0.55,2026-03-01,716,N20,VIIRS,n,2,301.59,3.92,D,0
20.47484,97.77847,348.46,0.32,0.55,2026-03-01,716,N20,VIIRS,n,2,302.31,4.26,D,0
20.47858,97.86499,332.3,0.33,0.55,2026-03-01,716,N20,VIIRS,n,2,300.85,2.14,D,0
20.47924,97.62552,335.68,0.63,0.54,2026-03-01,716,N20,VIIRS,n,2,303.63,7.49,D,0
20.47931,97.82202,338.62,0.32,0.55,2026-03-01,716,N20,VIIRS,n,2,302.17,1.78,D,0
20.48491,97.63129,333.99,0.63,0.54,2026-03-01,716,N20,VIIRS,n,2,305.47,8.35,D,0
20.48555,97.63739,330.48,0.63,0.54,2026-03-01,716,N20,VIIRS,l,2,304.26,7.68,D,0
20.4859,97.49855,343.19,0.62,0.54,2026-03-01,716,N20,VIIRS,n,2,303,5.97,D,0
20.49497,97.77583,332.94,0.32,0.55,2026-03-01,716,N20,VIIRS,n,2,298.91,0.88,D,0
20.49596,97.93432,338.98,0.33,0.55,2026-03-01,716,N20,VIIRS,n,2,305.28,2.31,D,0
20.50106,97.9338,334.38,0.33,0.55,2026-03-01,716,N20,VIIRS,n,2,303.86,2.31,D,0
20.5222,97.55549,343.84,0.62,0.54,2026-03-01,716,N20,VIIRS,n,2,304.59,7.88,D,0
20.52864,97.47694,341.65,0.62,0.54,2026-03-01,716,N20,VIIRS,n,2,306.64,22.1,D,0
20.52881,97.66319,339.98,0.63,0.54,2026-03-01,716,N20,VIIRS,n,2,300.64,7.86,D,0
20.53381,97.6625,330.22,0.63,0.54,2026-03-01,716,N20,VIIRS,l,2,302.36,7.86,D,0
20.54584,97.58736,337.59,0.63,0.54,2026-03-01,716,N20,VIIRS,n,2,301.19,8.59,D,0
20.55165,97.64037,351.48,0.63,0.54,2026-03-01,716,N20,VIIRS,n,2,302.53,32.54,D,0
17.25661,77.08285,331.06,0.6,0.71,2026-03-01,717,N20,VIIRS,l,2,301.46,3.79,D,0
17.2578,77.08157,332.39,0.6,0.71,2026-03-01,717,N20,VIIRS,n,2,301.15,3.25,D,0
17.45238,75.64664,340.78,0.74,0.76,2026-03-01,717,N20,VIIRS,n,2,301.21,6.24,D,0
17.48767,76.18049,330.44,0.68,0.74,2026-03-01,717,N20,VIIRS,l,2,303.25,5.75,D,0
17.68355,78.41533,331.76,0.48,0.65,2026-03-01,717,N20,VIIRS,n,2,295.48,6.33,D,0
17.68602,78.418,336.16,0.48,0.65,2026-03-01,717,N20,VIIRS,n,2,296.3,4.7,D,0
17.70561,77.03297,340.32,0.59,0.7,2026-03-01,717,N20,VIIRS,n,2,303.8,11.98,D,0
17.70738,77.03165,337.51,0.59,0.7,2026-03-01,717,N20,VIIRS,n,2,302.36,11.68,D,0
17.80443,80.10002,333.15,0.37,0.58,2026-03-01,717,N20,VIIRS,n,2,297.49,2.2,D,0
17.86063,80.36797,351.76,0.36,0.57,2026-03-01,717,N20,VIIRS,n,2,301.16,5.2,D,0
17.87231,80.29399,330.06,0.36,0.57,2026-03-01,717,N20,VIIRS,n,2,297.44,4.96,D,0
17.873,80.29733,343.25,0.36,0.57,2026-03-01,717,N20,VIIRS,n,2,297.22,5.88,D,0
17.91226,79.69427,334.35,0.39,0.6,2026-03-01,717,N20,VIIRS,n,2,298.57,4.85,D,0
17.91739,78.48953,331.63,0.47,0.64,2026-03-01,717,N20,VIIRS,n,2,298.37,3.93,D,0
17.94022,80.46667,332.26,0.35,0.57,2026-03-01,717,N20,VIIRS,n,2,301.44,4.07,D,0
17.95689,80.36362,367,0.36,0.57,2026-03-01,717,N20,VIIRS,h,2,299.94,5.03,D,0
17.99472,80.27967,337.26,0.36,0.57,2026-03-01,717,N20,VIIRS,n,2,300.59,9.5,D,0
17.99989,80.27847,352.54,0.36,0.57,2026-03-01,717,N20,VIIRS,n,2,301.62,9.5,D,0
18.00056,80.28175,367,0.36,0.57,2026-03-01,717,N20,VIIRS,h,2,299.07,15.58,D,0
18.1013,80.8251,344.18,0.33,0.55,2026-03-01,717,N20,VIIRS,n,2,306.15,22.83,D,0
18.10192,80.82814,367,0.33,0.55,2026-03-01,717,N20,VIIRS,h,2,303.26,24.87,D,0
18.13489,74.96174,331.08,0.79,0.78,2026-03-01,717,N20,VIIRS,n,2,299.78,3.13,D,0
18.1689,80.04243,341.66,0.37,0.58,2026-03-01,717,N20,VIIRS,n,2,297,5.44,D,0
18.18383,80.82372,330,0.33,0.55,2026-03-01,717,N20,VIIRS,l,2,300.71,5.82,D,0
18.25867,79.7373,334.75,0.38,0.59,2026-03-01,717,N20,VIIRS,n,2,296.96,2.85,D,0
18.2746,81.8447,335.03,0.56,0.52,2026-03-01,717,N20,VIIRS,n,2,303.89,4.04,D,0
18.27741,81.84766,335.2,0.56,0.51,2026-03-01,717,N20,VIIRS,n,2,302.17,7.16,D,0
18.30175,81.84787,331.89,0.56,0.51,2026-03-01,717,N20,VIIRS,n,2,302.42,3.19,D,0
18.39084,81.72313,341.01,0.57,0.52,2026-03-01,717,N20,VIIRS,n,2,301.6,5.92,D,0
18.44381,81.79403,336.38,0.56,0.52,2026-03-01,717,N20,VIIRS,n,2,301.83,7.03,D,0
18.47164,81.71145,339.06,0.57,0.52,2026-03-01,717,N20,VIIRS,n,2,303.1,2.41,D,0
18.48807,81.71191,334.3,0.57,0.52,2026-03-01,717,N20,VIIRS,n,2,299.27,5.69,D,0
18.51501,80.61295,334.08,0.33,0.56,2026-03-01,717,N20,VIIRS,n,2,299.53,4.45,D,0
18.5201,80.61215,353.14,0.33,0.56,2026-03-01,717,N20,VIIRS,n,2,302.58,5.55,D,0
18.52077,80.61543,346.83,0.33,0.56,2026-03-01,717,N20,VIIRS,n,2,301.27,5.55,D,0
18.52143,80.61871,334.93,0.33,0.56,2026-03-01,717,N20,VIIRS,n,2,299.67,3.66,D,0
18.53424,83.48222,338.37,0.44,0.46,2026-03-01,717,N20,VIIRS,n,2,305.13,15.31,D,0
18.53466,81.79961,344.89,0.56,0.51,2026-03-01,717,N20,VIIRS,n,2,302.93,4.76,D,0
18.535,83.48628,343.94,0.44,0.46,2026-03-01,717,N20,VIIRS,n,2,304.79,15.31,D,0
18.59897,80.69552,330.87,0.33,0.55,2026-03-01,717,N20,VIIRS,n,2,300.56,2.11,D,0
18.60918,77.74009,336.44,0.51,0.66,2026-03-01,717,N20,VIIRS,n,2,301.95,6.3,D,0
18.61415,77.742,344.57,0.51,0.66,2026-03-01,717,N20,VIIRS,n,2,301.53,5.55,D,0
18.73582,79.14258,339.17,0.41,0.61,2026-03-01,717,N20,VIIRS,n,2,296.51,5.05,D,0
19.01332,83.80343,330.36,0.41,0.45,2026-03-01,717,N20,VIIRS,l,2,303.32,2.27,D,0
19.05316,77.61047,333.09,0.51,0.66,2026-03-01,717,N20,VIIRS,n,2,301.55,2.32,D,0
19.14936,76.65662,332.8,0.58,0.7,2026-03-01,717,N20,VIIRS,n,2,300.56,3.32,D,0
19.19467,76.55644,332.42,0.59,0.7,2026-03-01,717,N20,VIIRS,n,2,300.44,3.53,D,0
19.2449,84.24537,336,0.57,0.43,2026-03-01,717,N20,VIIRS,n,2,305.92,4.11,D,0
19.24497,80.34866,330.69,0.34,0.56,2026-03-01,717,N20,VIIRS,n,2,299.84,1.04,D,0
19.34972,82.7188,331.05,0.47,0.48,2026-03-01,717,N20,VIIRS,n,2,298.36,4.19,D,0
19.3745,82.80108,336.42,0.46,0.47,2026-03-01,717,N20,VIIRS,n,2,292.13,7.9,D,0
19.37537,82.80563,349.78,0.46,0.47,2026-03-01,717,N20,VIIRS,n,2,296.67,10.1,D,0
19.41112,75.5625,335.2,0.68,0.74,2026-03-01,717,N20,VIIRS,n,2,301.09,3.3,D,0
19.54988,77.63358,331.04,0.5,0.66,2026-03-01,717,N20,VIIRS,l,2,304.05,4.56,D,0
19.64991,77.38757,330.12,0.51,0.66,2026-03-01,717,N20,VIIRS,l,2,303.54,0.84,D,0
19.66833,83.98215,340.82,0.39,0.44,2026-03-01,717,N20,VIIRS,n,2,303.63,4.22,D,0
19.67225,83.98105,347.82,0.39,0.44,2026-03-01,717,N20,VIIRS,n,2,304.59,4.22,D,0
19.70897,83.7066,338.59,0.4,0.45,2026-03-01,717,N20,VIIRS,n,2,303.15,5.57,D,0
19.78523,78.47951,330.86,0.43,0.62,2026-03-01,717,N20,VIIRS,l,2,303.52,4.42,D,0
19.82682,84.58275,344.64,0.54,0.42,2026-03-01,717,N20,VIIRS,n,2,307.09,12.98,D,0
19.83713,83.47001,333.86,0.42,0.45,2026-03-01,717,N20,VIIRS,n,2,297.89,3.6,D,0
19.83954,74.77785,335.87,0.74,0.76,2026-03-01,717,N20,VIIRS,n,2,299.62,3.76,D,0
19.8464,74.77609,335.51,0.74,0.76,2026-03-01,717,N20,VIIRS,n,2,299.84,2.99,D,0
19.85293,85.38789,331.71,0.49,0.4,2026-03-01,717,N20,VIIRS,n,2,300.82,2.13,D,3
19.86259,82.19985,333.54,0.5,0.49,2026-03-01,717,N20,VIIRS,n,2,301.06,5.75,D,0
19.86352,82.20451,331.42,0.5,0.49,2026-03-01,717,N20,VIIRS,n,2,298.49,4.32,D,0
19.86429,82.20198,343.19,0.5,0.49,2026-03-01,717,N20,VIIRS,n,2,300.67,5.58,D,0
19.86943,83.73351,339.53,0.4,0.44,2026-03-01,717,N20,VIIRS,n,2,298.33,10.25,D,0
19.87137,82.26305,337.64,0.49,0.49,2026-03-01,717,N20,VIIRS,n,2,299.85,4.38,D,0
19.87258,85.47865,343.54,0.48,0.4,2026-03-01,717,N20,VIIRS,n,2,300.33,25.91,D,0
19.8877,81.32336,367,0.56,0.52,2026-03-01,717,N20,VIIRS,h,2,306.71,14.84,D,0
19.88874,81.3286,341.69,0.56,0.52,2026-03-01,717,N20,VIIRS,n,2,301.95,14.84,D,0
19.90329,81.30347,340.95,0.57,0.52,2026-03-01,717,N20,VIIRS,n,2,301.96,7.3,D,0
19.90472,81.30151,331.34,0.57,0.52,2026-03-01,717,N20,VIIRS,l,2,301.54,8.49,D,0
19.96048,86.11561,332.53,0.45,0.39,2026-03-01,717,N20,VIIRS,n,2,302.03,1.77,D,0
19.99282,76.19577,330.71,0.6,0.71,2026-03-01,717,N20,VIIRS,l,2,303.75,5.4,D,0
20.00757,76.87757,332.88,0.54,0.68,2026-03-01,717,N20,VIIRS,l,2,304.36,1.98,D,0
20.06584,93.40669,332.99,0.51,0.41,2026-03-01,717,N20,VIIRS,l,2,307.96,5.26,D,0
20.13054,85.83655,332.87,0.46,0.39,2026-03-01,717,N20,VIIRS,l,2,306.57,2.24,D,0
20.14511,80.70686,339.2,0.61,0.53,2026-03-01,717,N20,VIIRS,n,2,301.57,5.81,D,0
20.17839,94.30984,332.2,0.39,0.44,2026-03-01,717,N20,VIIRS,l,2,303.48,3.6,D,0
20.18063,85.39097,350.67,0.48,0.4,2026-03-01,717,N20,VIIRS,n,2,307.23,5.31,D,0
20.18143,85.39554,332.99,0.48,0.4,2026-03-01,717,N20,VIIRS,n,2,305.56,5.31,D,0
20.18148,82.72392,333.53,0.45,0.47,2026-03-01,717,N20,VIIRS,n,2,299.23,3.29,D,0
20.19225,94.29004,332.23,0.38,0.44,2026-03-01,717,N20,VIIRS,n,2,304.28,3.86,D,0
20.19932,94.38094,348.66,0.39,0.44,2026-03-01,717,N20,VIIRS,n,2,309.93,6.37,D,0
20.19977,94.38461,330.5,0.39,0.44,2026-03-01,717,N20,VIIRS,l,2,305.31,6.37,D,0
20.20334,94.38041,334.45,0.39,0.44,2026-03-01,717,N20,VIIRS,l,2,308.1,5.01,D,0
20.21374,92.90805,335.54,0.49,0.4,2026-03-01,717,N20,VIIRS,n,2,303.31,1.63,D,0
20.21743,92.90751,339,0.49,0.4,2026-03-01,717,N20,VIIRS,n,2,307.15,7.4,D,0
20.22344,85.48561,335.65,0.48,0.4,2026-03-01,717,N20,VIIRS,n,2,306.79,2.94,D,0
20.23261,85.34489,337.52,0.48,0.4,2026-03-01,717,N20,VIIRS,n,2,304.52,3.73,D,0
20.2335,85.34739,335.86,0.48,0.4,2026-03-01,717,N20,VIIRS,n,2,306.59,3.92,D,0
20.2497,80.30778,331.87,0.32,0.55,2026-03-01,717,N20,VIIRS,n,2,301.27,1.73,D,0
20.28047,94.26391,340.69,0.38,0.44,2026-03-01,717,N20,VIIRS,n,2,302.35,3.75,D,0
20.28701,93.41988,332.84,0.52,0.41,2026-03-01,717,N20,VIIRS,l,2,307.03,3.53,D,0
20.28703,80.64347,332.49,0.61,0.54,2026-03-01,717,N20,VIIRS,n,2,300.3,3.28,D,0
20.28784,82.34821,330.23,0.48,0.48,2026-03-01,717,N20,VIIRS,n,2,299.54,4.61,D,0
20.28954,82.38042,331.85,0.48,0.48,2026-03-01,717,N20,VIIRS,n,2,301.24,7.28,D,0
20.2904,82.3849,348.73,0.48,0.48,2026-03-01,717,N20,VIIRS,n,2,301.85,15.99,D,0
20.29565,82.38868,354.86,0.47,0.48,2026-03-01,717,N20,VIIRS,n,2,304.97,15.99,D,0
20.31229,94.86147,338.17,0.42,0.45,2026-03-01,717,N20,VIIRS,n,2,308.79,2.26,D,0
20.32085,94.32713,336.19,0.39,0.44,2026-03-01,717,N20,VIIRS,n,2,307.05,3.44,D,0
20.3256,86.2963,337.38,0.44,0.38,2026-03-01,717,N20,VIIRS,n,2,307.28,2.24,D,0
20.32587,94.46826,343.5,0.4,0.44,2026-03-01,717,N20,VIIRS,n,2,310.76,4.79,D,0
20.32992,94.4677,335.95,0.4,0.44,2026-03-01,717,N20,VIIRS,n,2,308.86,2.19,D,0
20.33035,94.27229,330.81,0.39,0.44,2026-03-01,717,N20,VIIRS,l,2,303.71,3.42,D,0
20.35394,93.21852,347.7,0.51,0.41,2026-03-01,717,N20,VIIRS,n,2,310.69,16.19,D,0
20.36128,94.52128,337.38,0.4,0.44,2026-03-01,717,N20,VIIRS,l,2,310.19,4.04,D,0
20.36176,94.52512,342.81,0.4,0.44,2026-03-01,717,N20,VIIRS,n,2,311.76,4.04,D,0
20.36941,94.52007,350.4,0.4,0.44,2026-03-01,717,N20,VIIRS,n,2,311.19,4.75,D,0
20.3735,86.12858,336.21,0.44,0.39,2026-03-01,717,N20,VIIRS,n,2,306.6,4.47,D,0
20.3831,81.6696,334.83,0.52,0.5,2026-03-01,717,N20,VIIRS,n,2,301.23,3.76,D,0
20.39822,95.68369,333.28,0.47,0.48,2026-03-01,717,N20,VIIRS,l,2,307.59,2.37,D,0
20.40261,95.6832,347.62,0.47,0.48,2026-03-01,717,N20,VIIRS,n,2,306.92,4.33,D,0
20.4084,93.04945,341.19,0.5,0.41,2026-03-01,717,N20,VIIRS,l,2,314.35,25.29,D,0
20.41213,93.04892,341.75,0.5,0.41,2026-03-01,717,N20,VIIRS,l,2,314.44,9.51,D,0
20.41565,96.3147,350.13,0.52,0.5,2026-03-01,717,N20,VIIRS,n,2,308.43,8.1,D,0
20.42312,94.95722,350.73,0.42,0.46,2026-03-01,717,N20,VIIRS,n,2,312.96,7.53,D,0
20.42897,95.68011,338.09,0.47,0.48,2026-03-01,717,N20,VIIRS,n,2,307.77,2.14,D,0
20.4367,94.53014,337.21,0.4,0.44,2026-03-01,717,N20,VIIRS,l,2,309.88,2.85,D,0
20.43694,86.57581,350.01,0.43,0.38,2026-03-01,717,N20,VIIRS,n,2,310.42,15.43,D,0
20.44338,94.28356,330.22,0.39,0.44,2026-03-01,717,N20,VIIRS,l,2,305.11,3.64,D,0
20.45332,95.81342,341.81,0.48,0.48,2026-03-01,717,N20,VIIRS,n,2,309.45,3.19,D,0
20.47356,94.98016,345.71,0.43,0.46,2026-03-01,717,N20,VIIRS,n,2,314.9,22.96,D,0
20.4737,94.18379,330.53,0.38,0.43,2026-03-01,717,N20,VIIRS,n,2,303.55,3.42,D,0
20.47556,94.50925,348.86,0.4,0.44,2026-03-01,717,N20,VIIRS,n,2,315.63,24.64,D,0
20.47943,94.40784,341.86,0.39,0.44,2026-03-01,717,N20,VIIRS,n,2,307.02,4.43,D,0
20.49166,95.36116,337.55,0.45,0.47,2026-03-01,717,N20,VIIRS,l,2,312.44,1.79,D,0
20.49279,84.99038,335.69,0.5,0.41,2026-03-01,717,N20,VIIRS,n,2,307.33,2.83,D,0
20.49554,96.28315,332.66,0.51,0.5,2026-03-01,717,N20,VIIRS,n,2,306.04,2.82,D,0
20.51648,97.11176,341.06,0.58,0.52,2026-03-01,717,N20,VIIRS,n,2,307.2,4.14,D,0
20.52277,97.55337,342.09,0.62,0.54,2026-03-01,717,N20,VIIRS,n,2,307.1,8.38,D,0
20.52339,94.42549,334.75,0.4,0.44,2026-03-01,717,N20,VIIRS,n,2,307.57,1.19,D,0
20.52793,97.45656,335.14,0.62,0.54,2026-03-01,717,N20,VIIRS,n,2,307.5,4.77,D,0
20.52861,97.66113,344.02,0.64,0.54,2026-03-01,717,N20,VIIRS,n,2,301.41,6.56,D,0
20.52976,97.47434,344.28,0.62,0.54,2026-03-01,717,N20,VIIRS,n,2,305.95,18.18,D,0
20.53061,82.61307,335.4,0.45,0.47,2026-03-01,717,N20,VIIRS,n,2,301.28,5.46,D,0
20.53542,97.43237,338.16,0.61,0.54,2026-03-01,717,N20,VIIRS,n,2,305.96,4.19,D,0
20.53552,93.02232,344.19,0.5,0.41,2026-03-01,717,N20,VIIRS,n,2,306.16,7.21,D,0
20.53717,97.40133,330.86,0.61,0.53,2026-03-01,717,N20,VIIRS,l,2,304.36,5.19,D,0
20.53993,97.28603,334.13,0.6,0.53,2026-03-01,717,N20,VIIRS,n,2,303,6.7,D,0
20.54059,97.29222,339.59,0.6,0.53,2026-03-01,717,N20,VIIRS,n,2,300.59,6.7,D,0
20.54303,97.6534,334.63,0.63,0.54,2026-03-01,717,N20,VIIRS,l,2,305.67,8.16,D,0
20.54323,94.55557,339.81,0.4,0.44,2026-03-01,717,N20,VIIRS,l,2,313.5,3.71,D,0
20.54454,95.47856,338.26,0.46,0.47,2026-03-01,717,N20,VIIRS,l,2,310.97,1.06,D,0
20.54495,85.83727,341.97,0.46,0.39,2026-03-01,717,N20,VIIRS,n,2,306.56,5.53,D,0
20.54533,94.50434,341.22,0.4,0.44,2026-03-01,717,N20,VIIRS,n,2,309.03,10.77,D,0
20.55157,97.63782,334.3,0.63,0.54,2026-03-01,717,N20,VIIRS,n,2,303.48,23.24,D,0
20.55205,94.39044,336.79,0.39,0.44,2026-03-01,717,N20,VIIRS,l,2,307.71,3.62,D,0
20.55235,97.64539,345.01,0.63,0.54,2026-03-01,717,N20,VIIRS,n,2,300.42,20.74,D,0
20.55731,97.84559,332.56,0.33,0.55,2026-03-01,717,N20,VIIRS,n,2,302.65,1.59,D,0
20.56141,97.44203,349.04,0.61,0.54,2026-03-01,717,N20,VIIRS,n,2,304.43,11.77,D,0
20.56199,86.69453,340.18,0.42,0.38,2026-03-01,717,N20,VIIRS,n,2,306.28,4.09,D,0
20.56609,85.99999,338.15,0.45,0.39,2026-03-01,717,N20,VIIRS,n,2,307.4,2.07,D,0
20.56609,86.00131,335.81,0.45,0.39,2026-03-01,717,N20,VIIRS,l,2,306.48,1.34,D,0
20.56853,97.41489,341.17,0.61,0.54,2026-03-01,717,N20,VIIRS,n,2,304.6,13.66,D,0
20.56866,94.22829,334.11,0.39,0.44,2026-03-01,717,N20,VIIRS,l,2,307.28,4.86,D,0
20.56904,97.4197,340.12,0.61,0.54,2026-03-01,717,N20,VIIRS,n,2,304.08,13.66,D,0
20.57265,94.87279,343.06,0.42,0.45,2026-03-01,717,N20,VIIRS,n,2,309.81,6.95,D,0
20.57471,94.57513,341.48,0.4,0.45,2026-03-01,717,N20,VIIRS,n,2,308.79,2.28,D,0
20.57472,81.79484,338.89,0.51,0.49,2026-03-01,717,N20,VIIRS,n,2,301.56,4.04,D,0
20.57984,97.96771,330.93,0.33,0.55,2026-03-01,717,N20,VIIRS,n,2,302.04,2.5,D,0
20.5807,95.67709,336.73,0.47,0.48,2026-03-01,717,N20,VIIRS,l,2,308.94,4.01,D,0
20.58116,81.42517,333.98,0.54,0.51,2026-03-01,717,N20,VIIRS,n,2,301.78,3.82,D,0
20.59588,86.54244,331.77,0.43,0.38,2026-03-01,717,N20,VIIRS,n,2,304.85,1.77,D,0
20.60183,83.74943,332.42,0.39,0.44,2026-03-01,717,N20,VIIRS,l,2,303.16,3.36,D,0
20.60381,83.74831,330.84,0.39,0.44,2026-03-01,717,N20,VIIRS,l,2,302.98,3.06,D,0
20.60912,81.82706,342.07,0.51,0.49,2026-03-01,717,N20,VIIRS,n,2,302.37,6.42,D,0
20.6094,81.85205,330.92,0.51,0.49,2026-03-01,717,N20,VIIRS,n,2,301.89,3.08,D,0
20.61061,97.57414,343.5,0.63,0.54,2026-03-01,717,N20,VIIRS,n,2,309.92,5.86,D,0
20.61103,81.83672,331.65,0.51,0.49,2026-03-01,717,N20,VIIRS,l,2,302.33,4.54,D,0
20.61242,97.59115,331.69,0.63,0.54,2026-03-01,717,N20,VIIRS,l,2,305.74,5.17,D,0
20.61506,92.97913,344.83,0.5,0.41,2026-03-01,717,N20,VIIRS,n,2,312.52,7.54,D,0
20.61532,94.36512,341.57,0.39,0.44,2026-03-01,717,N20,VIIRS,n,2,306.34,4.38,D,0
20.61641,94.13992,338.05,0.57,0.43,2026-03-01,717,N20,VIIRS,n,2,305.39,10.57,D,0
20.61676,96.95966,331.14,0.57,0.52,2026-03-01,717,N20,VIIRS,l,2,305.62,3.94,D,0
20.61878,92.9786,355.17,0.5,0.41,2026-03-01,717,N20,VIIRS,n,2,310.79,20.72,D,0
20.62056,81.64687,330.99,0.52,0.5,2026-03-01,717,N20,VIIRS,n,2,302.33,1.9,D,0
20.62585,97.46888,340.41,0.62,0.54,2026-03-01,717,N20,VIIRS,n,2,302.63,19.81,D,0
20.62639,94.65569,345.54,0.41,0.45,2026-03-01,717,N20,VIIRS,n,2,310.56,6.94,D,0
20.62898,94.65431,350.4,0.41,0.45,2026-03-01,717,N20,VIIRS,n,2,311.11,5.13,D,0
20.6295,97.47012,353.67,0.62,0.54,2026-03-01,717,N20,VIIRS,n,2,306.59,26.52,D,0
20.63081,97.46835,341.51,0.62,0.54,2026-03-01,717,N20,VIIRS,n,2,301.28,8.72,D,0
20.63113,86.27466,336.64,0.44,0.38,2026-03-01,717,N20,VIIRS,n,2,305.09,2.36,D,0
20.63133,97.52268,344.53,0.62,0.54,2026-03-01,717,N20,VIIRS,n,2,302.46,16.56,D,0
20.63136,97.4737,332.99,0.62,0.54,2026-03-01,717,N20,VIIRS,n,2,300.39,8.72,D,0
20.6346,97.51678,339.55,0.62,0.54,2026-03-01,717,N20,VIIRS,n,2,302.55,10.22,D,0
20.639,93.00645,332.7,0.5,0.41,2026-03-01,717,N20,VIIRS,l,2,305.81,1.63,D,0
20.64171,96.17358,335.29,0.51,0.49,2026-03-01,717,N20,VIIRS,n,2,308.57,1.63,D,0
20.65134,95.55114,345.92,0.47,0.47,2026-03-01,717,N20,VIIRS,n,2,310.04,5.76,D,0
20.65486,94.59074,336.25,0.41,0.45,2026-03-01,717,N20,VIIRS,l,2,311.24,2.74,D,0
20.6656,94.54167,336.43,0.4,0.44,2026-03-01,717,N20,VIIRS,l,2,308.41,2.69,D,0
20.66749,85.35574,333.79,0.48,0.4,2026-03-01,717,N20,VIIRS,n,2,304.08,2.16,D,0
20.66767,85.35848,339.41,0.48,0.4,2026-03-01,717,N20,VIIRS,n,2,304.06,6.04,D,0
20.66929,96.42052,333.73,0.53,0.5,2026-03-01,717,N20,VIIRS,n,2,302.63,3.66,D,0
20.67111,95.53052,341.61,0.46,0.47,2026-03-01,717,N20,VIIRS,n,2,310.46,1.88,D,0
20.67326,97.68582,342.51,0.32,0.55,2026-03-01,717,N20,VIIRS,n,2,305.55,3.45,D,0
20.67604,96.35539,340.06,0.52,0.5,2026-03-01,717,N20,VIIRS,n,2,306.05,7.35,D,0
20.67889,94.12087,332.93,0.57,0.43,2026-03-01,717,N20,VIIRS,l,2,307.4,4.08,D,0
20.68165,94.12431,333.65,0.57,0.43,2026-03-01,717,N20,VIIRS,l,2,306.55,6.32,D,0
20.68258,94.47685,342.18,0.4,0.44,2026-03-01,717,N20,VIIRS,n,2,308.65,5.32,D,0
20.68341,96.63461,342.95,0.55,0.51,2026-03-01,717,N20,VIIRS,n,2,304.69,7.39,D,0
20.68917,97.59454,338.19,0.63,0.54,2026-03-01,717,N20,VIIRS,l,2,308.6,15.6,D,0
20.68945,92.92651,353.18,0.49,0.41,2026-03-01,717,N20,VIIRS,n,2,312.48,7.38,D,0
20.69124,93.05737,350.19,0.5,0.41,2026-03-01,717,N20,VIIRS,n,2,314.49,24.21,D,0
20.69317,92.92596,338.64,0.49,0.41,2026-03-01,717,N20,VIIRS,l,2,311.11,7.38,D,0
20.6978,94.02484,337.95,0.57,0.43,2026-03-01,717,N20,VIIRS,n,2,302.29,4.41,D,0
20.70362,96.23011,341.62,0.51,0.5,2026-03-01,717,N20,VIIRS,l,2,312.22,5.45,D,0
20.70447,96.23254,340.29,0.51,0.5,2026-03-01,717,N20,VIIRS,l,2,312.29,7.89,D,0
20.7108,96.49746,336.11,0.54,0.5,2026-03-01,717,N20,VIIRS,n,2,301.34,4.6,D,0
20.7124,83.76708,338.66,0.39,0.44,2026-03-01,717,N20,VIIRS,n,2,305.75,1.71,D,0
20.7161,97.70627,337.78,0.32,0.55,2026-03-01,717,N20,VIIRS,n,2,304.56,2.05,D,0
20.7164,97.70917,330.06,0.32,0.55,2026-03-01,717,N20,VIIRS,l,2,303.51,2.05,D,0
20.71677,86.33503,334.64,0.43,0.38,2026-03-01,717,N20,VIIRS,n,2,303.97,2.98,D,0
20.71985,95.606,336.19,0.47,0.48,2026-03-01,717,N20,VIIRS,l,2,310.29,2.5,D,0
20.72266,84.57875,338.24,0.52,0.42,2026-03-01,717,N20,VIIRS,n,2,306.12,3.72,D,0
20.72719,96.31342,341.62,0.52,0.5,2026-03-01,717,N20,VIIRS,n,2,307.01,3.57,D,0
20.72722,95.90175,335.17,0.49,0.49,2026-03-01,717,N20,VIIRS,l,2,307.49,2.25,D,0
20.72776,95.90649,337.44,0.49,0.49,2026-03-01,717,N20,VIIRS,n,2,307.41,2.25,D,0
20.73225,85.77991,331.81,0.46,0.39,2026-03-01,717,N20,VIIRS,n,2,305.78,1.66,D,0
20.73277,95.32664,334.79,0.45,0.47,2026-03-01,717,N20,VIIRS,l,2,309.25,2.58,D,0
20.73314,94.89122,343.73,0.42,0.46,2026-03-01,717,N20,VIIRS,l,2,314.84,5.73,D,0
20.73522,97.11544,342.78,0.59,0.53,2026-03-01,717,N20,VIIRS,n,2,303.07,7.75,D,0
20.73792,83.72762,339.7,0.39,0.44,2026-03-01,717,N20,VIIRS,n,2,306.68,2.06,D,0
20.7402,97.45971,345.97,0.62,0.54,2026-03-01,717,N20,VIIRS,n,2,306.89,11.36,D,0
20.74173,97.46302,338.89,0.62,0.54,2026-03-01,717,N20,VIIRS,n,2,304.1,6.75,D,0
20.75016,97.88434,332.48,0.33,0.55,2026-03-01,717,N20,VIIRS,n,2,302.18,3.72,D,0
20.75033,84.07928,336.52,0.55,0.43,2026-03-01,717,N20,VIIRS,n,2,304.32,5.07,D,0
20.75048,97.88743,331.15,0.33,0.55,2026-03-01,717,N20,VIIRS,n,2,300.23,3.54,D,0
20.75286,97.57542,333.95,0.63,0.54,2026-03-01,717,N20,VIIRS,l,2,306.36,5.3,D,0
20.75297,97.57327,332.29,0.63,0.54,2026-03-01,717,N20,VIIRS,l,2,305.37,7.32,D,0
20.75353,96.83688,342.18,0.56,0.52,2026-03-01,717,N20,VIIRS,n,2,308.61,8.97,D,0
20.75973,96.44018,331.93,0.53,0.5,2026-03-01,717,N20,VIIRS,n,2,302.23,3.92,D,0
20.76046,86.22501,334.31,0.44,0.38,2026-03-01,717,N20,VIIRS,n,2,307.27,1.92,D,0
20.76702,85.34521,336.54,0.48,0.4,2026-03-01,717,N20,VIIRS,n,2,303.31,3.87,D,0
20.76919,97.06721,347.52,0.58,0.52,2026-03-01,717,N20,VIIRS,n,2,307.13,9.26,D,0
20.76983,97.07303,337.49,0.59,0.52,2026-03-01,717,N20,VIIRS,n,2,303.98,9.26,D,0
20.78062,94.53416,341.26,0.4,0.45,2026-03-01,717,N20,VIIRS,n,2,306.32,5.21,D,0
20.7853,96.33298,333.14,0.52,0.5,2026-03-01,717,N20,VIIRS,n,2,305.04,1.39,D,0
20.78767,94.48978,355.88,0.4,0.44,2026-03-01,717,N20,VIIRS,n,2,308.52,9.09,D,0
20.78803,84.01983,348.09,0.56,0.43,2026-03-01,717,N20,VIIRS,n,2,307.2,11.97,D,0
20.78927,94.30283,351.78,0.39,0.44,2026-03-01,717,N20,VIIRS,n,2,309.62,13.31,D,0
20.78954,84.49538,337.28,0.53,0.42,2026-03-01,717,N20,VIIRS,n,2,304.9,4.63,D,0
20.79274,82.27463,330.81,0.47,0.48,2026-03-01,717,N20,VIIRS,n,2,299.51,2.02,D,0
20.79293,85.2569,335.66,0.48,0.4,2026-03-01,717,N20,VIIRS,l,2,306.74,10.69,D,2
20.8033,94.2421,333.44,0.39,0.44,2026-03-01,717,N20,VIIRS,n,2,303.17,2.46,D,0
20.80437,84.17384,334.47,0.55,0.42,2026-03-01,717,N20,VIIRS,l,2,307.07,5.58,D,0
20.80524,96.46892,338.38,0.53,0.5,2026-03-01,717,N20,VIIRS,n,2,305.77,6.43,D,0
20.80624,96.23068,341.8,0.52,0.5,2026-03-01,717,N20,VIIRS,n,2,309.48,3.01,D,0
20.80655,96.23133,343.75,0.52,0.5,2026-03-01,717,N20,VIIRS,n,2,309.54,3.22,D,0
20.80787,97.24078,347.14,0.6,0.53,2026-03-01,717,N20,VIIRS,n,2,304.27,10.92,D,0
20.80823,84.17303,351.41,0.55,0.42,2026-03-01,717,N20,VIIRS,n,2,308.73,5.58,D,0
20.81059,83.72009,333.38,0.39,0.44,2026-03-01,717,N20,VIIRS,l,2,305.25,2.11,D,0
20.81193,83.77268,347.23,0.38,0.43,2026-03-01,717,N20,VIIRS,n,2,303.04,6.11,D,0
20.81207,97.6549,347.15,0.32,0.55,2026-03-01,717,N20,VIIRS,n,2,308.47,10.28,D,0
20.8123,96.57485,333.05,0.54,0.51,2026-03-01,717,N20,VIIRS,l,2,307.14,4.79,D,0
20.8124,97.65797,367,0.32,0.55,2026-03-01,717,N20,VIIRS,h,2,307.51,13.88,D,0
20.81259,83.77632,342.1,0.38,0.43,2026-03-01,717,N20,VIIRS,n,2,303.45,6.11,D,0
20.81332,97.26624,334.55,0.6,0.53,2026-03-01,717,N20,VIIRS,l,2,306.5,5.2,D,0
20.81354,96.33491,334.58,0.52,0.5,2026-03-01,717,N20,VIIRS,l,2,306.33,2.62,D,0
20.8136,94.49795,337.07,0.4,0.44,2026-03-01,717,N20,VIIRS,l,2,307.19,3.77,D,0
20.81407,94.50177,342.9,0.4,0.44,2026-03-01,717,N20,VIIRS,n,2,308.4,3.77,D,0
20.81706,96.49037,342.83,0.54,0.51,2026-03-01,717,N20,VIIRS,n,2,301.68,8.4,D,0
20.81769,94.49741,345.17,0.4,0.44,2026-03-01,717,N20,VIIRS,n,2,306.79,3.77,D,0
20.81984,83.77108,331.89,0.38,0.43,2026-03-01,717,N20,VIIRS,l,2,304.68,3.16,D,0
20.81987,95.47036,343.47,0.46,0.47,2026-03-01,717,N20,VIIRS,n,2,313.02,5.6,D,0
20.82181,94.29386,330.96,0.39,0.44,2026-03-01,717,N20,VIIRS,l,2,305.25,5.02,D,0
20.82394,97.76882,355.79,0.32,0.55,2026-03-01,717,N20,VIIRS,n,2,313.79,9.36,D,0
20.82427,97.772,367,0.33,0.55,2026-03-01,717,N20,VIIRS,h,2,308.63,9.36,D,0
20.82582,96.32378,338.47,0.52,0.5,2026-03-01,717,N20,VIIRS,n,2,305.56,2.51,D,0
20.82584,97.4055,335.79,0.62,0.54,2026-03-01,717,N20,VIIRS,n,2,300.55,2.04,D,0
20.82617,96.32293,337.56,0.52,0.5,2026-03-01,717,N20,VIIRS,n,2,305.92,4.3,D,0
20.82619,94.46892,343.75,0.4,0.44,2026-03-01,717,N20,VIIRS,n,2,311.1,4.46,D,0
20.82734,97.40396,336.17,0.62,0.54,2026-03-01,717,N20,VIIRS,n,2,300.79,5.96,D,0
20.82849,94.28126,332.95,0.39,0.44,2026-03-01,717,N20,VIIRS,n,2,302.54,3.34,D,0
20.82985,94.9791,337.8,0.43,0.46,2026-03-01,717,N20,VIIRS,n,2,312.47,1.55,D,0
20.8342,82.00019,341.65,0.49,0.49,2026-03-01,717,N20,VIIRS,n,2,305.14,4.08,D,0
20.83719,97.7486,351.29,0.32,0.55,2026-03-01,717,N20,VIIRS,n,2,309.04,16.15,D,0
20.83751,94.45952,340.47,0.4,0.44,2026-03-01,717,N20,VIIRS,n,2,309.4,2.93,D,0
20.83751,97.75165,367,0.32,0.55,2026-03-01,717,N20,VIIRS,h,2,311.89,16.15,D,0
20.84425,97.96539,346.69,0.33,0.56,2026-03-01,717,N20,VIIRS,n,2,302.27,3.75,D,0
20.84514,96.96198,347.36,0.58,0.52,2026-03-01,717,N20,VIIRS,n,2,310.77,11.19,D,0
20.84615,94.2247,341.28,0.39,0.44,2026-03-01,717,N20,VIIRS,n,2,304.87,4.62,D,0
20.8466,94.22831,333.62,0.39,0.44,2026-03-01,717,N20,VIIRS,n,2,304.75,4.42,D,0
20.85077,97.49629,349.72,0.62,0.54,2026-03-01,717,N20,VIIRS,n,2,307.93,19.01,D,0
20.85164,97.49509,347.88,0.63,0.54,2026-03-01,717,N20,VIIRS,n,2,308.95,14.64,D,0
20.85215,97.50008,337.01,0.63,0.54,2026-03-01,717,N20,VIIRS,n,2,303.26,6.57,D,0
20.85922,97.61984,367,0.32,0.54,2026-03-01,717,N20,VIIRS,h,2,312.36,8.45,D,0
20.85928,97.621,367,0.32,0.54,2026-03-01,717,N20,VIIRS,h,2,311.96,7.07,D,0
20.85954,97.62299,352.21,0.32,0.54,2026-03-01,717,N20,VIIRS,n,2,309.95,8.45,D,0
20.85962,97.62416,336.95,0.32,0.54,2026-03-01,717,N20,VIIRS,n,2,308.72,7.07,D,0
20.86041,94.68839,343.01,0.41,0.45,2026-03-01,717,N20,VIIRS,n,2,312.91,3.92,D,0
20.86355,84.99578,334.37,0.49,0.41,2026-03-01,717,N20,VIIRS,l,2,305.38,4.54,D,2
20.86484,97.62529,347.2,0.32,0.54,2026-03-01,717,N20,VIIRS,n,2,312.07,6.51,D,0
20.86687,97.3992,336.8,0.62,0.54,2026-03-01,717,N20,VIIRS,n,2,303,4.1,D,0
20.8692,94.58563,340.92,0.41,0.45,2026-03-01,717,N20,VIIRS,n,2,307.27,5.47,D,0
20.87148,96.39938,338.74,0.53,0.5,2026-03-01,717,N20,VIIRS,n,2,303.47,6.42,D,0
20.8746,97.00877,337.68,0.58,0.52,2026-03-01,717,N20,VIIRS,n,2,304.76,3.23,D,0
20.87563,94.46604,340.13,0.4,0.44,2026-03-01,717,N20,VIIRS,n,2,309.04,4.61,D,0
20.87654,83.59599,345.39,0.39,0.44,2026-03-01,717,N20,VIIRS,n,2,303.24,4.41,D,0
20.87908,85.38506,330.28,0.47,0.4,2026-03-01,717,N20,VIIRS,n,2,301.4,1.93,D,0
20.88042,85.06944,334.74,0.49,0.4,2026-03-01,717,N20,VIIRS,n,2,305.24,4.92,D,0
20.88086,86.07811,333.12,0.44,0.38,2026-03-01,717,N20,VIIRS,l,2,305.98,2.51,D,0
20.88089,86.48248,333.55,0.43,0.38,2026-03-01,717,N20,VIIRS,n,2,304.38,3.73,D,0
20.88337,96.508,335.98,0.54,0.51,2026-03-01,717,N20,VIIRS,n,2,301.85,9.35,D,0
20.88388,96.51263,339.87,0.54,0.51,2026-03-01,717,N20,VIIRS,n,2,300.38,9.35,D,0
20.88427,83.99262,338.04,0.56,0.43,2026-03-01,717,N20,VIIRS,n,2,304.59,5.61,D,0
20.8877,84.98127,333.56,0.49,0.41,2026-03-01,717,N20,VIIRS,l,2,307.16,3.13,D,2
20.88875,97.6605,343.01,0.32,0.55,2026-03-01,717,N20,VIIRS,n,2,308.04,5.23,D,0
20.89031,96.83965,340.15,0.57,0.52,2026-03-01,717,N20,VIIRS,n,2,307.17,6.4,D,0
20.89186,97.64117,338.59,0.32,0.55,2026-03-01,717,N20,VIIRS,n,2,304.57,1.95,D,0
20.89261,95.07663,340.63,0.44,0.46,2026-03-01,717,N20,VIIRS,n,2,312.35,3.64,D,0
20.89411,97.66305,332.43,0.32,0.55,2026-03-01,717,N20,VIIRS,l,2,304.93,4.76,D,0
20.89439,96.83258,340.5,0.57,0.52,2026-03-01,717,N20,VIIRS,n,2,305.04,8.19,D,0
20.89444,97.66628,356.07,0.32,0.55,2026-03-01,717,N20,VIIRS,n,2,304.97,4.39,D,0
20.89688,97.64049,333,0.32,0.55,2026-03-01,717,N20,VIIRS,l,2,305.39,1.95,D,0
20.89924,94.3885,340.55,0.4,0.44,2026-03-01,717,N20,VIIRS,n,2,308.36,3.63,D,0
20.90269,84.09227,335.97,0.55,0.43,2026-03-01,717,N20,VIIRS,n,2,303.72,6.74,D,0
20.90386,96.83092,333.73,0.57,0.52,2026-03-01,717,N20,VIIRS,n,2,303.67,2.92,D,0
20.90469,86.24132,336.38,0.44,0.38,2026-03-01,717,N20,VIIRS,l,2,307.17,2.36,D,0
20.90479,84.72433,339.81,0.51,0.41,2026-03-01,717,N20,VIIRS,n,2,305.77,4.74,D,0
20.90686,96.38013,331.1,0.53,0.5,2026-03-01,717,N20,VIIRS,l,2,301.59,4.33,D,0
20.90926,83.70725,339.07,0.39,0.44,2026-03-01,717,N20,VIIRS,n,2,304.05,4.7,D,0
20.91186,83.59975,332.92,0.39,0.44,2026-03-01,717,N20,VIIRS,l,2,303.33,3.86,D,0
20.913,97.17995,332.99,0.6,0.53,2026-03-01,717,N20,VIIRS,n,2,303.79,5.31,D,0
20.9132,86.71675,338.53,0.42,0.38,2026-03-01,717,N20,VIIRS,n,2,308.53,3.49,D,0
20.91389,84.49323,353.5,0.52,0.42,2026-03-01,717,N20,VIIRS,n,2,305.35,9.24,D,0
20.91546,83.89792,335.33,0.56,0.43,2026-03-01,717,N20,VIIRS,l,2,305.43,5.86,D,0
20.91662,86.71611,331.81,0.42,0.38,2026-03-01,717,N20,VIIRS,l,2,306.28,1.99,D,0
20.91824,84.04564,331.14,0.55,0.43,2026-03-01,717,N20,VIIRS,l,2,303.19,4.87,D,0
20.91826,97.25098,350.54,0.6,0.53,2026-03-01,717,N20,VIIRS,n,2,304.1,15.02,D,0
20.92057,97.24897,339.16,0.6,0.53,2026-03-01,717,N20,VIIRS,n,2,303.75,8.3,D,0
20.92112,97.25404,340.14,0.6,0.53,2026-03-01,717,N20,VIIRS,n,2,301.82,7.91,D,0
20.92361,94.24555,333.66,0.39,0.44,2026-03-01,717,N20,VIIRS,l,2,305.91,4.43,D,0
20.92758,97.89034,354.13,0.33,0.55,2026-03-01,717,N20,VIIRS,n,2,305.29,5.65,D,0
20.93153,86.74203,341.28,0.42,0.37,2026-03-01,717,N20,VIIRS,n,2,307.71,5.97,D,0
20.93175,94.21133,333.97,0.39,0.44,2026-03-01,717,N20,VIIRS,n,2,302.86,2.71,D,0
20.93176,85.64931,338.32,0.46,0.39,2026-03-01,717,N20,VIIRS,n,2,307.31,5.96,D,0
20.93461,96.25395,335.45,0.52,0.5,2026-03-01,717,N20,VIIRS,n,2,305.1,9.27,D,0
20.93495,86.74139,337.81,0.42,0.37,2026-03-01,717,N20,VIIRS,n,2,306.26,8.52,D,0
20.93504,96.25792,351.01,0.52,0.5,2026-03-01,717,N20,VIIRS,n,2,304.97,12.71,D,0
20.93734,97.24364,349.25,0.6,0.53,2026-03-01,717,N20,VIIRS,n,2,303.79,7.78,D,0
20.93787,97.24884,330.58,0.6,0.53,2026-03-01,717,N20,VIIRS,n,2,298.56,7.78,D,0
20.93975,94.2099,336.98,0.39,0.44,2026-03-01,717,N20,VIIRS,n,2,302.74,4.36,D,0
20.94062,97.17997,339.98,0.6,0.53,2026-03-01,717,N20,VIIRS,n,2,310.33,9.64,D,0
20.94178,95.39421,337.11,0.46,0.47,2026-03-01,717,N20,VIIRS,l,2,310.7,3.78,D,0
20.94187,96.82552,353.12,0.57,0.52,2026-03-01,717,N20,VIIRS,n,2,304.57,9.32,D,0
20.94228,95.39867,336.39,0.46,0.47,2026-03-01,717,N20,VIIRS,l,2,310.7,3.78,D,0
20.94286,85.71458,336.73,0.46,0.39,2026-03-01,717,N20,VIIRS,n,2,305.43,6.09,D,0
20.94424,97.16738,336.18,0.6,0.53,2026-03-01,717,N20,VIIRS,n,2,303.31,4.94,D,0
20.94432,95.41676,341.17,0.46,0.47,2026-03-01,717,N20,VIIRS,n,2,310.53,4.67,D,0
20.94485,93.0249,341.74,0.5,0.41,2026-03-01,717,N20,VIIRS,n,2,308.45,4.43,D,0
20.94722,84.29131,332.4,0.54,0.42,2026-03-01,717,N20,VIIRS,l,2,304.07,4.76,D,0
20.9486,93.02435,335.02,0.5,0.41,2026-03-01,717,N20,VIIRS,l,2,308.79,2.85,D,0
20.95052,83.95703,341.68,0.56,0.43,2026-03-01,717,N20,VIIRS,n,2,305.3,16.07,D,0
20.9523,81.9279,330.65,0.49,0.49,2026-03-01,717,N20,VIIRS,l,2,302.43,3.93,D,0
20.95352,94.53074,337.89,0.41,0.45,2026-03-01,717,N20,VIIRS,n,2,307.05,6.06,D,0
20.95604,96.82272,336.81,0.57,0.52,2026-03-01,717,N20,VIIRS,n,2,299.95,2.82,D,0
20.95652,97.19029,333.72,0.6,0.53,2026-03-01,717,N20,VIIRS,n,2,303.1,5.21,D,0
20.95656,85.0127,339.8,0.49,0.4,2026-03-01,717,N20,VIIRS,n,2,309.65,6.5,D,2
20.95717,97.14967,346.3,0.59,0.53,2026-03-01,717,N20,VIIRS,n,2,306.46,15.34,D,0
20.95737,94.63439,339.08,0.41,0.45,2026-03-01,717,N20,VIIRS,n,2,306.95,3.61,D,0
20.95769,97.64255,356.08,0.32,0.55,2026-03-01,717,N20,VIIRS,n,2,306.34,7.44,D,0
20.95818,97.64297,356.04,0.32,0.55,2026-03-01,717,N20,VIIRS,n,2,306.05,5.23,D,0
20.95841,97.20826,337.77,0.6,0.53,2026-03-01,717,N20,VIIRS,n,2,304.08,3.25,D,0
20.95844,97.16164,335.86,0.6,0.53,2026-03-01,717,N20,VIIRS,l,2,307.61,31.39,D,0
20.95907,97.16758,349.98,0.6,0.53,2026-03-01,717,N20,VIIRS,n,2,314.22,31.39,D,0
20.9608,97.96171,335.41,0.34,0.56,2026-03-01,717,N20,VIIRS,n,2,299.58,0.74,D,0
20.96144,97.14339,336.1,0.59,0.53,2026-03-01,717,N20,VIIRS,n,2,304.61,7.98,D,0
20.96148,85.29519,335.53,0.48,0.4,2026-03-01,717,N20,VIIRS,n,2,306.14,2.68,D,0
20.96181,85.16959,340.1,0.48,0.4,2026-03-01,717,N20,VIIRS,n,2,308.9,6.08,D,2
20.9621,97.14961,346.74,0.59,0.53,2026-03-01,717,N20,VIIRS,n,2,310.77,15.34,D,0
20.96234,85.19144,341.78,0.48,0.4,2026-03-01,717,N20,VIIRS,n,2,310.59,6.01,D,2
20.96264,85.17416,337.74,0.48,0.4,2026-03-01,717,N20,VIIRS,l,2,308.21,4.39,D,2
20.96283,85.17246,343.28,0.48,0.4,2026-03-01,717,N20,VIIRS,n,2,309.25,7.68,D,2
20.96324,86.00679,339.27,0.44,0.39,2026-03-01,717,N20,VIIRS,n,2,307.41,4.06,D,2
20.96395,86.01101,331.85,0.44,0.39,2026-03-01,717,N20,VIIRS,l,2,306.7,4.06,D,2
20.9645,84.10117,331.09,0.55,0.43,2026-03-01,717,N20,VIIRS,l,2,305.48,2.38,D,0
20.96628,85.17342,336.99,0.48,0.4,2026-03-01,717,N20,VIIRS,l,2,308.27,4.39,D,2
20.96635,97.14328,335.81,0.59,0.53,2026-03-01,717,N20,VIIRS,l,2,308.72,7.08,D,0
20.96648,85.17172,339.56,0.48,0.4,2026-03-01,717,N20,VIIRS,n,2,308.5,4.26,D,2
20.96699,97.14928,338.68,0.59,0.53,2026-03-01,717,N20,VIIRS,l,2,311.18,8.57,D,0
20.96705,96.55536,341.21,0.54,0.51,2026-03-01,717,N20,VIIRS,n,2,306.94,10.68,D,0
20.96727,85.17631,339.18,0.48,0.4,2026-03-01,717,N20,VIIRS,n,2,308.87,4.26,D,2
20.96885,97.16675,342.47,0.6,0.53,2026-03-01,717,N20,VIIRS,l,2,313.53,16.11,D,0
20.9692,94.59255,333.8,0.41,0.45,2026-03-01,717,N20,VIIRS,l,2,308.13,2.11,D,0
20.96942,97.17211,354.04,0.6,0.53,2026-03-01,717,N20,VIIRS,n,2,314.01,35.82,D,0
20.96942,97.21873,339.18,0.6,0.53,2026-03-01,717,N20,VIIRS,n,2,310.26,17.31,D,0
20.96995,96.99427,350.98,0.58,0.52,2026-03-01,717,N20,VIIRS,n,2,309.3,20.75,D,0
20.96998,97.22407,340.74,0.6,0.53,2026-03-01,717,N20,VIIRS,n,2,303.22,17.31,D,0
20.96999,97.6637,367,0.32,0.55,2026-03-01,717,N20,VIIRS,h,2,307.04,9.8,D,0
20.97064,97.66408,367,0.32,0.55,2026-03-01,717,N20,VIIRS,h,2,306.02,5.89,D,0
20.97071,85.2181,335.57,0.48,0.4,2026-03-01,717,N20,VIIRS,l,2,306.08,3.8,D,0
20.97074,85.17728,346.77,0.48,0.4,2026-03-01,717,N20,VIIRS,n,2,309.23,9.46,D,2
20.97092,85.17558,344.79,0.48,0.4,2026-03-01,717,N20,VIIRS,n,2,310.29,4.26,D,2
20.97095,82.69795,343.05,0.44,0.46,2026-03-01,717,N20,VIIRS,n,2,297.18,4.05,D,0
20.97188,97.14892,344.03,0.59,0.53,2026-03-01,717,N20,VIIRS,n,2,310.19,8.57,D,0
20.97256,85.25064,330.25,0.48,0.4,2026-03-01,717,N20,VIIRS,l,2,305.09,2.04,D,0
20.97302,94.28078,332.2,0.39,0.44,2026-03-01,717,N20,VIIRS,l,2,304.48,2.91,D,0
20.97374,97.16634,344.65,0.6,0.53,2026-03-01,717,N20,VIIRS,n,2,312.27,16.11,D,0
20.97432,97.17176,330.7,0.6,0.53,2026-03-01,717,N20,VIIRS,l,2,304.44,35.82,D,0
20.97478,93.01225,337.41,0.5,0.41,2026-03-01,717,N20,VIIRS,l,2,309.57,6.64,D,0
20.97491,85.58752,331.45,0.46,0.39,2026-03-01,717,N20,VIIRS,n,2,302.09,3.11,D,0
20.97652,94.44482,335.64,0.4,0.44,2026-03-01,717,N20,VIIRS,n,2,307.32,1.18,D,0
20.97704,84.10399,344.1,0.55,0.43,2026-03-01,717,N20,VIIRS,n,2,304.42,8.39,D,0
20.97721,96.26051,347.61,0.52,0.5,2026-03-01,717,N20,VIIRS,n,2,305.18,18.87,D,0
20.97741,97.15444,341.28,0.6,0.53,2026-03-01,717,N20,VIIRS,l,2,311.83,15.1,D,0
20.97804,97.16035,338.35,0.6,0.53,2026-03-01,717,N20,VIIRS,l,2,313.3,7.08,D,0
20.97821,83.46542,333.03,0.4,0.44,2026-03-01,717,N20,VIIRS,l,2,305.8,3.7,D,0
20.97852,93.0117,342.39,0.5,0.41,2026-03-01,717,N20,VIIRS,n,2,309.77,7.28,D,0
20.97864,97.16599,342.68,0.6,0.53,2026-03-01,717,N20,VIIRS,l,2,312.8,7.08,D,0
20.97923,97.17153,348.83,0.6,0.53,2026-03-01,717,N20,VIIRS,n,2,307.53,12.63,D,0
20.97984,97.17718,333.71,0.6,0.53,2026-03-01,717,N20,VIIRS,n,2,304.69,12.63,D,0
20.98166,97.19421,333.09,0.6,0.53,2026-03-01,717,N20,VIIRS,n,2,302.77,5.57,D,0
20.9823,97.15404,354.97,0.6,0.53,2026-03-01,717,N20,VIIRS,n,2,314.55,15.1,D,0
20.98293,97.15991,347.57,0.6,0.53,2026-03-01,717,N20,VIIRS,n,2,313.81,7.08,D,0
20.98305,84.22605,335.34,0.54,0.42,2026-03-01,717,N20,VIIRS,n,2,303.79,5.28,D,0
20.98354,97.16563,343.55,0.6,0.53,2026-03-01,717,N20,VIIRS,n,2,310.88,7.08,D,0
20.98415,97.1713,349.61,0.6,0.53,2026-03-01,717,N20,VIIRS,n,2,308.93,12.63,D,0
20.98476,97.17699,367,0.6,0.53,2026-03-01,717,N20,VIIRS,h,2,311.52,12.63,D,0
20.98688,84.22523,334.48,0.54,0.42,2026-03-01,717,N20,VIIRS,n,2,303.36,4,D,0
20.98703,85.74262,332.84,0.45,0.39,2026-03-01,717,N20,VIIRS,l,2,304.13,2.42,D,0
20.98719,97.15363,345.48,0.6,0.53,2026-03-01,717,N20,VIIRS,n,2,310.69,21.06,D,0
20.98782,97.15948,354.65,0.6,0.53,2026-03-01,717,N20,VIIRS,n,2,315.89,22.51,D,0
20.98844,97.16525,367,0.6,0.53,2026-03-01,717,N20,VIIRS,h,2,313.85,22.51,D,0
20.98906,97.17101,347.1,0.6,0.53,2026-03-01,717,N20,VIIRS,n,2,315.11,56.02,D,0
20.98967,97.1767,367,0.6,0.53,2026-03-01,717,N20,VIIRS,h,2,305.34,56.02,D,0
20.98999,85.30825,335.83,0.48,0.4,2026-03-01,717,N20,VIIRS,n,2,303.7,2.04,D,0
20.99138,97.19268,337.68,0.6,0.53,2026-03-01,717,N20,VIIRS,n,2,301.9,6.6,D,0
20.99212,96.1863,338.42,0.51,0.5,2026-03-01,717,N20,VIIRS,l,2,311.51,2.85,D,0
20.99333,97.16479,350.04,0.6,0.53,2026-03-01,717,N20,VIIRS,n,2,309.56,22.51,D,0
20.99468,78.62765,331.05,0.4,0.6,2026-03-01,717,N20,VIIRS,l,2,304.14,4.49,D,0
20.99552,94.53307,346.53,0.41,0.45,2026-03-01,717,N20,VIIRS,n,2,310.36,8.34,D,0
21.00161,84.08038,336.2,0.55,0.43,2026-03-01,717,N20,VIIRS,n,2,305.12,5.32,D,0
21.01031,84.08401,330.19,0.55,0.43,2026-03-01,717,N20,VIIRS,l,2,305.18,3.51,D,0
21.01228,84.05116,335.59,0.55,0.43,2026-03-01,717,N20,VIIRS,n,2,304.35,4.32,D,0
21.01295,85.03028,330.65,0.49,0.4,2026-03-01,717,N20,VIIRS,l,2,304.4,3.2,D,0
21.01355,97.94577,331.4,0.34,0.56,2026-03-01,717,N20,VIIRS,l,2,304.43,2.33,D,0
21.01608,97.02085,341.1,0.58,0.52,2026-03-01,717,N20,VIIRS,n,2,306.68,4.54,D,0
21.01666,97.02639,335.11,0.59,0.52,2026-03-01,717,N20,VIIRS,l,2,307.07,4.54,D,0
21.01703,97.02237,348.11,0.58,0.52,2026-03-01,717,N20,VIIRS,n,2,307.51,6.35,D,0
21.01794,94.10303,333.87,0.38,0.44,2026-03-01,717,N20,VIIRS,l,2,304.58,2.49,D,0
21.01836,97.94189,350.54,0.34,0.56,2026-03-01,717,N20,VIIRS,n,2,307.11,7.1,D,0
21.01868,97.94518,344.7,0.34,0.56,2026-03-01,717,N20,VIIRS,n,2,303.46,6.25,D,0
21.01951,85.30396,348.21,0.48,0.4,2026-03-01,717,N20,VIIRS,n,2,308.77,6.29,D,0
21.02017,94.12148,331.54,0.39,0.44,2026-03-01,717,N20,VIIRS,l,2,304.62,2.54,D,0
21.02063,94.12522,338.4,0.39,0.44,2026-03-01,717,N20,VIIRS,n,2,305.93,2.54,D,0
21.02236,94.10599,331.25,0.38,0.44,2026-03-01,717,N20,VIIRS,l,2,303.77,2.46,D,0
21.02417,94.12085,331.01,0.39,0.44,2026-03-01,717,N20,VIIRS,l,2,304.28,2.03,D,0
21.02678,94.10891,333.78,0.38,0.44,2026-03-01,717,N20,VIIRS,n,2,302.26,2.46,D,0
21.0274,94.18124,334.94,0.39,0.44,2026-03-01,717,N20,VIIRS,n,2,304.03,1.09,D,0
21.02798,81.49771,342.89,0.52,0.5,2026-03-01,717,N20,VIIRS,n,2,302.69,5.36,D,0
21.02822,85.39603,337.31,0.47,0.4,2026-03-01,717,N20,VIIRS,n,2,302.6,3.05,D,0
21.03141,94.18064,341.96,0.39,0.44,2026-03-01,717,N20,VIIRS,n,2,304.64,3.91,D,0
21.0325,81.4967,338.69,0.52,0.5,2026-03-01,717,N20,VIIRS,n,2,303.53,5.36,D,0
21.03315,94.47221,343.67,0.4,0.45,2026-03-01,717,N20,VIIRS,n,2,308.61,7.48,D,0
21.03347,81.50162,333.3,0.52,0.5,2026-03-01,717,N20,VIIRS,n,2,302.21,5.36,D,0
21.03389,94.47219,345.8,0.4,0.44,2026-03-01,717,N20,VIIRS,n,2,309.27,3.86,D,0
21.03524,97.06371,349.43,0.59,0.53,2026-03-01,717,N20,VIIRS,n,2,310.67,6.81,D,0
21.03658,97.02966,342.87,0.59,0.53,2026-03-01,717,N20,VIIRS,n,2,308.57,6.33,D,0
21.03691,95.09739,335.13,0.44,0.46,2026-03-01,717,N20,VIIRS,n,2,308.2,2.29,D,0
21.03715,97.03513,344.9,0.59,0.53,2026-03-01,717,N20,VIIRS,n,2,308.85,6.33,D,0
21.03798,94.47163,334.99,0.4,0.44,2026-03-01,717,N20,VIIRS,l,2,309.04,3.86,D,0
21.03992,82.73901,331.3,0.44,0.46,2026-03-01,717,N20,VIIRS,n,2,299.79,2.48,D,0
21.04008,97.06306,342.26,0.59,0.53,2026-03-01,717,N20,VIIRS,n,2,306.28,6.81,D,0
21.04078,96.33448,340.58,0.53,0.5,2026-03-01,717,N20,VIIRS,n,2,305.5,7.62,D,0
21.04138,96.33241,343.96,0.53,0.5,2026-03-01,717,N20,VIIRS,n,2,306.01,11.92,D,0
21.0414,97.02902,345.64,0.59,0.53,2026-03-01,717,N20,VIIRS,n,2,309.29,8.44,D,0
21.04172,96.43141,349.41,0.54,0.51,2026-03-01,717,N20,VIIRS,n,2,305.73,12.97,D,0
21.04198,97.0345,340,0.59,0.53,2026-03-01,717,N20,VIIRS,l,2,310.32,8.44,D,0
21.04212,94.20152,332.18,0.39,0.44,2026-03-01,717,N20,VIIRS,l,2,304.17,3.42,D,0
21.04287,81.45304,333.88,0.53,0.5,2026-03-01,717,N20,VIIRS,n,2,303.25,3.62,D,0
21.04296,96.42902,337.39,0.54,0.5,2026-03-01,717,N20,VIIRS,n,2,306.87,9.84,D,0
21.0432,84.30605,346.16,0.53,0.42,2026-03-01,717,N20,VIIRS,n,2,304.45,5.94,D,0
21.04352,96.43398,350.07,0.54,0.5,2026-03-01,717,N20,VIIRS,n,2,304.69,9.84,D,0
21.04365,94.3163,342.56,0.4,0.44,2026-03-01,717,N20,VIIRS,n,2,304.81,7.18,D,0
21.04566,97.023,342.69,0.59,0.52,2026-03-01,717,N20,VIIRS,n,2,307.71,13.76,D,0
21.04608,96.37347,333.13,0.53,0.5,2026-03-01,717,N20,VIIRS,n,2,302.77,2.44,D,0
21.04623,97.02837,346.24,0.59,0.53,2026-03-01,717,N20,VIIRS,n,2,307.29,8.44,D,0
21.04635,96.43069,341.51,0.54,0.51,2026-03-01,717,N20,VIIRS,n,2,302.92,9.82,D,0
21.04688,96.43563,342.07,0.54,0.51,2026-03-01,717,N20,VIIRS,n,2,300.78,9.82,D,0
21.04725,94.31201,334.82,0.4,0.44,2026-03-01,717,N20,VIIRS,l,2,305.2,2.89,D,0
21.04815,96.43329,350.19,0.54,0.5,2026-03-01,717,N20,VIIRS,n,2,301.3,9.84,D,0
21.04967,85.02294,344,0.49,0.4,2026-03-01,717,N20,VIIRS,n,2,307.09,5.9,D,0
21.04993,85.24189,334,0.48,0.4,2026-03-01,717,N20,VIIRS,n,2,303.66,2.03,D,0
21.05049,97.02239,341.19,0.59,0.52,2026-03-01,717,N20,VIIRS,n,2,306.76,12.07,D,0
21.05105,97.02765,346.92,0.59,0.53,2026-03-01,717,N20,VIIRS,n,2,306.12,10.96,D,0
21.05582,96.30045,331.35,0.53,0.5,2026-03-01,717,N20,VIIRS,l,2,304.54,2.58,D,0
21.05644,97.03231,339.45,0.59,0.53,2026-03-01,717,N20,VIIRS,n,2,304.88,10.96,D,0
21.05842,96.95945,346.64,0.58,0.52,2026-03-01,717,N20,VIIRS,n,2,309.9,9.2,D,0
21.0592,95.17719,344.57,0.45,0.47,2026-03-01,717,N20,VIIRS,n,2,311.7,5.65,D,0
21.06015,97.02121,338.58,0.59,0.52,2026-03-01,717,N20,VIIRS,n,2,306.96,4.73,D,0
21.0608,92.78207,332.52,0.49,0.4,2026-03-01,717,N20,VIIRS,n,2,301.27,3.13,D,0
21.06161,96.48547,333.6,0.54,0.51,2026-03-01,717,N20,VIIRS,l,2,305.03,6.01,D,0
21.06175,85.03235,332.1,0.49,0.4,2026-03-01,717,N20,VIIRS,l,2,304.68,3.01,D,0
21.06324,96.48292,334.5,0.54,0.51,2026-03-01,717,N20,VIIRS,n,2,304.34,6.09,D,0
21.06475,92.3564,336.26,0.47,0.4,2026-03-01,717,N20,VIIRS,n,2,301.12,4.02,D,0
21.0674,94.14117,330.41,0.39,0.44,2026-03-01,717,N20,VIIRS,l,2,303.69,2.3,D,0
21.0677,94.11075,347.92,0.39,0.44,2026-03-01,717,N20,VIIRS,n,2,304.36,5.85,D,0
21.06778,92.35139,337.97,0.47,0.4,2026-03-01,717,N20,VIIRS,n,2,305.79,6.66,D,0
21.0694,94.42757,338.56,0.4,0.44,2026-03-01,717,N20,VIIRS,l,2,309.69,2.56,D,0
21.07029,96.26206,339.44,0.52,0.5,2026-03-01,717,N20,VIIRS,n,2,308.16,5.83,D,0
21.07068,83.19544,330.73,0.41,0.45,2026-03-01,717,N20,VIIRS,l,2,301.17,2.23,D,0
21.0723,79.30088,332.58,0.36,0.57,2026-03-01,717,N20,VIIRS,n,2,302.41,1.98,D,0
21.07315,96.78347,336.2,0.56,0.52,2026-03-01,717,N20,VIIRS,l,2,311.18,3.91,D,0
21.07374,96.78881,348.6,0.57,0.52,2026-03-01,717,N20,VIIRS,n,2,312.63,8.16,D,0
21.07408,96.78613,350.42,0.57,0.52,2026-03-01,717,N20,VIIRS,n,2,312.72,9.31,D,0
21.07987,94.2422,342.3,0.39,0.44,2026-03-01,717,N20,VIIRS,n,2,304.92,10.05,D,0
21.08389,94.24155,339.1,0.39,0.44,2026-03-01,717,N20,VIIRS,n,2,309.33,10.05,D,0
21.08435,82.30466,333.39,0.46,0.47,2026-03-01,717,N20,VIIRS,n,2,302.13,2.52,D,0
21.08653,94.22972,337.47,0.39,0.44,2026-03-01,717,N20,VIIRS,n,2,304.7,2.21,D,0
21.08699,94.23345,335.46,0.39,0.44,2026-03-01,717,N20,VIIRS,n,2,305.16,3.47,D,0
21.08745,94.23717,338.59,0.39,0.44,2026-03-01,717,N20,VIIRS,n,2,304.08,3.47,D,0
21.08788,85.37441,345.81,0.47,0.4,2026-03-01,717,N20,VIIRS,n,2,305.93,5.37,D,0
21.08792,94.2409,349.19,0.39,0.44,2026-03-01,717,N20,VIIRS,n,2,304.45,5.04,D,0
21.08957,97.15835,348.75,0.6,0.53,2026-03-01,717,N20,VIIRS,n,2,309.8,31.57,D,0
21.09104,94.50378,337,0.41,0.45,2026-03-01,717,N20,VIIRS,l,2,310.26,2.77,D,0
21.09174,85.3968,343.58,0.47,0.4,2026-03-01,717,N20,VIIRS,n,2,306.53,7.67,D,0
21.09631,84.94827,341.98,0.49,0.41,2026-03-01,717,N20,VIIRS,n,2,304.42,5.78,D,0
21.09721,86.40867,335.01,0.43,0.38,2026-03-01,717,N20,VIIRS,n,2,309.09,2.78,D,0
21.09766,97.90575,367,0.33,0.56,2026-03-01,717,N20,VIIRS,h,2,301.31,7.44,D,0
21.09872,94.1633,332.59,0.39,0.44,2026-03-01,717,N20,VIIRS,l,2,304.3,2.75,D,0
21.10003,97.02768,332.49,0.59,0.53,2026-03-01,717,N20,VIIRS,l,2,305.94,3.74,D,0
21.10039,97.90467,367,0.33,0.56,2026-03-01,717,N20,VIIRS,h,2,301.85,6.71,D,0
21.10199,96.96272,345.22,0.58,0.52,2026-03-01,717,N20,VIIRS,n,2,310.87,8.17,D,0
21.10224,94.45862,348.24,0.4,0.45,2026-03-01,717,N20,VIIRS,n,2,310.88,7.03,D,0
21.10293,96.96502,344.07,0.58,0.52,2026-03-01,717,N20,VIIRS,n,2,310.81,5.85,D,0
21.10833,96.96977,347.11,0.58,0.52,2026-03-01,717,N20,VIIRS,n,2,310.13,5.85,D,0
21.10878,94.4102,339.53,0.4,0.44,2026-03-01,717,N20,VIIRS,n,2,308.6,3.84,D,0
21.11039,97.21393,335.39,0.6,0.53,2026-03-01,717,N20,VIIRS,l,2,306.48,6.42,D,0
21.11258,97.01807,345.09,0.59,0.53,2026-03-01,717,N20,VIIRS,n,2,309.62,10.04,D,0
21.11274,96.97227,342.12,0.58,0.52,2026-03-01,717,N20,VIIRS,n,2,306.72,8.67,D,0
21.11316,96.96923,341.97,0.58,0.52,2026-03-01,717,N20,VIIRS,n,2,306.43,4.69,D,0
21.11331,97.01482,334.4,0.59,0.52,2026-03-01,717,N20,VIIRS,l,2,308.6,3.85,D,0
21.11508,96.99486,355.63,0.58,0.52,2026-03-01,717,N20,VIIRS,n,2,309.56,12.36,D,0
21.11627,96.99728,349.58,0.58,0.52,2026-03-01,717,N20,VIIRS,n,2,308.08,12.36,D,0
21.11666,85.23523,347.41,0.48,0.4,2026-03-01,717,N20,VIIRS,n,2,306.73,7.19,D,0
21.11687,85.54299,336.26,0.46,0.39,2026-03-01,717,N20,VIIRS,n,2,304.29,3.81,D,0
21.11724,81.70381,334.26,0.51,0.49,2026-03-01,717,N20,VIIRS,l,2,306.47,5.6,D,0
21.11758,96.35097,356.32,0.53,0.5,2026-03-01,717,N20,VIIRS,n,2,305.95,11.8,D,0
21.11842,97.24234,349.78,0.61,0.53,2026-03-01,717,N20,VIIRS,n,2,302.38,7.38,D,0
21.11916,94.56359,332.59,0.41,0.45,2026-03-01,717,N20,VIIRS,n,2,307.15,1.08,D,0
21.11932,96.98859,347.62,0.58,0.52,2026-03-01,717,N20,VIIRS,n,2,308.77,12.36,D,0
21.11943,97.18156,333.99,0.6,0.53,2026-03-01,717,N20,VIIRS,l,2,308.14,3.56,D,0
21.1199,96.99422,356.13,0.58,0.52,2026-03-01,717,N20,VIIRS,n,2,306.72,12.36,D,0
21.12037,97.24001,351.48,0.61,0.53,2026-03-01,717,N20,VIIRS,n,2,303.52,9.3,D,0
21.12046,96.99102,356.03,0.58,0.52,2026-03-01,717,N20,VIIRS,n,2,309.69,20.83,D,0
21.12095,97.24576,337.61,0.61,0.53,2026-03-01,717,N20,VIIRS,n,2,303.66,5.53,D,0
21.12108,97.00558,335.87,0.59,0.52,2026-03-01,717,N20,VIIRS,l,2,306.12,8.62,D,0
21.12109,96.99667,344.1,0.58,0.52,2026-03-01,717,N20,VIIRS,n,2,305.56,12.36,D,0
21.12166,97.01118,344.21,0.59,0.53,2026-03-01,717,N20,VIIRS,n,2,308.69,12.56,D,0
21.12198,97.18362,338.17,0.6,0.53,2026-03-01,717,N20,VIIRS,n,2,309.32,4.79,D,0
21.12223,97.01674,355.94,0.59,0.53,2026-03-01,717,N20,VIIRS,n,2,310.38,12.56,D,0
21.12234,97.00795,343.67,0.58,0.52,2026-03-01,717,N20,VIIRS,n,2,307.7,9.23,D,0
21.12296,97.01351,353.35,0.59,0.52,2026-03-01,717,N20,VIIRS,n,2,310.21,9.23,D,0
21.12357,97.01901,367,0.59,0.53,2026-03-01,717,N20,VIIRS,h,2,310.36,21.25,D,0
21.12414,96.98795,341.98,0.58,0.52,2026-03-01,717,N20,VIIRS,n,2,309.8,6.68,D,0
21.12473,96.99365,348.91,0.58,0.52,2026-03-01,717,N20,VIIRS,n,2,307.82,6.68,D,0
21.12557,85.39192,334.63,0.47,0.4,2026-03-01,717,N20,VIIRS,n,2,304.29,2.93,D,0
21.12649,97.01054,347.26,0.59,0.53,2026-03-01,717,N20,VIIRS,n,2,308.62,14.91,D,0
21.12706,97.01603,367,0.59,0.53,2026-03-01,717,N20,VIIRS,h,2,310.85,14.91,D,0
21.12762,97.02149,342.38,0.59,0.53,2026-03-01,717,N20,VIIRS,n,2,307.65,14.57,D,0
21.12996,82.39151,340.46,0.46,0.47,2026-03-01,717,N20,VIIRS,n,2,301.32,3.61,D,0
21.13299,94.50571,336.79,0.41,0.45,2026-03-01,717,N20,VIIRS,l,2,309.13,4.13,D,0
21.13576,82.66787,330.85,0.44,0.46,2026-03-01,717,N20,VIIRS,n,2,299.18,1.46,D,0
21.13857,94.2448,336.11,0.39,0.44,2026-03-01,717,N20,VIIRS,n,2,305.17,2.9,D,0
21.14189,96.27613,330.16,0.52,0.5,2026-03-01,717,N20,VIIRS,n,2,303.37,3.75,D,0
21.1492,96.76719,337.74,0.56,0.52,2026-03-01,717,N20,VIIRS,l,2,312.63,6.7,D,0
21.15119,97.01272,336.68,0.59,0.53,2026-03-01,717,N20,VIIRS,l,2,309.08,7.72,D,0
21.15329,97.0793,342.14,0.59,0.53,2026-03-01,717,N20,VIIRS,n,2,306.11,10.45,D,0
21.15338,94.43872,334.59,0.4,0.44,2026-03-01,717,N20,VIIRS,l,2,307.05,1.9,D,0
21.1561,96.96676,334.71,0.58,0.52,2026-03-01,717,N20,VIIRS,n,2,301.23,3.08,D,0
21.15665,96.88094,336,0.57,0.52,2026-03-01,717,N20,VIIRS,l,2,307.05,2.35,D,0
21.15673,97.20721,343.8,0.6,0.53,2026-03-01,717,N20,VIIRS,n,2,307.25,8.07,D,0
21.15778,82.9435,335.59,0.42,0.45,2026-03-01,717,N20,VIIRS,n,2,301.28,2.49,D,0
21.15854,82.9475,348.77,0.42,0.45,2026-03-01,717,N20,VIIRS,n,2,301.66,7.76,D,0
21.15989,96.82117,343.98,0.57,0.52,2026-03-01,717,N20,VIIRS,n,2,308.37,6.22,D,0
21.1624,97.07237,337.01,0.59,0.53,2026-03-01,717,N20,VIIRS,n,2,307.74,4.69,D,0
21.16292,94.68097,344.97,0.42,0.45,2026-03-01,717,N20,VIIRS,n,2,312.11,4.08,D,0
21.16485,94.68043,349.81,0.42,0.45,2026-03-01,717,N20,VIIRS,n,2,312.24,5.49,D,0
21.16741,94.59377,335,0.41,0.45,2026-03-01,717,N20,VIIRS,l,2,309.24,2.48,D,0
21.16756,96.98255,337.28,0.58,0.52,2026-03-01,717,N20,VIIRS,n,2,301.7,5.29,D,0
21.1678,84.60582,332.96,0.51,0.41,2026-03-01,717,N20,VIIRS,n,2,302.23,4.7,D,0
21.17211,97.07117,348.95,0.59,0.53,2026-03-01,717,N20,VIIRS,n,2,307.06,10.8,D,0
21.17322,84.6145,334.76,0.51,0.41,2026-03-01,717,N20,VIIRS,n,2,302.89,4.71,D,0
21.17336,97.08293,367,0.59,0.53,2026-03-01,717,N20,VIIRS,h,2,306.85,10.83,D,0
21.17407,84.61929,335.16,0.51,0.41,2026-03-01,717,N20,VIIRS,n,2,301.73,5.16,D,0
21.17702,94.42789,332.81,0.4,0.44,2026-03-01,717,N20,VIIRS,l,2,307.75,4.19,D,0
21.1776,97.07655,334.59,0.59,0.53,2026-03-01,717,N20,VIIRS,n,2,304.31,10.83,D,0
21.18218,82.95918,334.27,0.42,0.45,2026-03-01,717,N20,VIIRS,n,2,301.9,2.83,D,0
21.18311,97.75394,340.51,0.33,0.55,2026-03-01,717,N20,VIIRS,n,2,302.14,2.59,D,0
21.18626,86.22752,338.16,0.43,0.38,2026-03-01,717,N20,VIIRS,n,2,305.59,9.47,D,0
21.19053,94.3679,333.44,0.4,0.44,2026-03-01,717,N20,VIIRS,l,2,306.52,4.1,D,0
21.19146,84.99884,332.46,0.49,0.4,2026-03-01,717,N20,VIIRS,n,2,301.54,2.13,D,0
21.19156,96.80126,338.07,0.57,0.52,2026-03-01,717,N20,VIIRS,n,2,305.47,2.94,D,0
21.19211,84.1307,339.59,0.54,0.42,2026-03-01,717,N20,VIIRS,n,2,305.2,5.28,D,0
21.19664,97.02523,367,0.59,0.53,2026-03-01,717,N20,VIIRS,h,2,325.25,73.61,D,0
21.19731,97.03136,335.36,0.59,0.53,2026-03-01,717,N20,VIIRS,n,2,300.62,73.61,D,0
21.19766,97.08006,342.48,0.59,0.53,2026-03-01,717,N20,VIIRS,n,2,305.09,6.66,D,0
21.20589,84.33901,336.5,0.53,0.42,2026-03-01,717,N20,VIIRS,n,2,301.86,5.86,D,0
21.20926,97.57157,332.04,0.32,0.55,2026-03-01,717,N20,VIIRS,n,2,299.6,2.33,D,0
21.21141,85.17551,332.26,0.48,0.4,2026-03-01,717,N20,VIIRS,l,2,306.6,4.1,D,0
21.214,97.99871,340.68,0.34,0.56,2026-03-01,717,N20,VIIRS,n,2,304.36,3.3,D,0
21.21409,82.93623,337.02,0.42,0.45,2026-03-01,717,N20,VIIRS,n,2,301.24,2.92,D,0
21.21782,97.91276,330.28,0.34,0.56,2026-03-01,717,N20,VIIRS,n,2,301.65,1.76,D,0
21.21802,86.39462,331.6,0.43,0.38,2026-03-01,717,N20,VIIRS,l,2,305.43,1.74,D,0
21.21967,96.30641,332.76,0.53,0.5,2026-03-01,717,N20,VIIRS,n,2,304.51,3.08,D,0
21.21974,97.67439,336.19,0.32,0.55,2026-03-01,717,N20,VIIRS,n,2,306.01,3.27,D,0
21.22359,84.1422,338.48,0.54,0.42,2026-03-01,717,N20,VIIRS,n,2,305.33,2.95,D,0
21.22654,84.14505,331.97,0.54,0.42,2026-03-01,717,N20,VIIRS,l,2,304.09,1.93,D,0
21.2349,85.13784,334.96,0.48,0.4,2026-03-01,717,N20,VIIRS,n,2,304.88,4.6,D,0
21.23624,84.99435,339.41,0.49,0.4,2026-03-01,717,N20,VIIRS,n,2,305.95,3.08,D,0
21.23825,85.02752,332.83,0.49,0.4,2026-03-01,717,N20,VIIRS,n,2,306.06,2.67,D,0
21.23991,84.99361,342.25,0.49,0.4,2026-03-01,717,N20,VIIRS,n,2,305.58,9.06,D,0
21.24084,97.78091,342.44,0.33,0.55,2026-03-01,717,N20,VIIRS,n,2,304.68,2.8,D,0
21.24116,97.78407,336.83,0.33,0.55,2026-03-01,717,N20,VIIRS,n,2,304.29,2.8,D,0
21.24185,96.17268,343.46,0.52,0.5,2026-03-01,717,N20,VIIRS,n,2,310.46,4.96,D,0
21.24214,96.17538,348.19,0.52,0.5,2026-03-01,717,N20,VIIRS,n,2,309.54,8.5,D,0
21.24232,96.17706,335.77,0.52,0.5,2026-03-01,717,N20,VIIRS,l,2,306.68,4.96,D,0
21.24731,97.19512,331.28,0.6,0.53,2026-03-01,717,N20,VIIRS,n,2,300.9,2.43,D,0
21.24829,97.06082,338.7,0.59,0.53,2026-03-01,717,N20,VIIRS,n,2,305.3,7.16,D,0
21.24888,97.0666,338.84,0.59,0.53,2026-03-01,717,N20,VIIRS,n,2,301.37,7.16,D,0
21.24896,86.16541,333.16,0.43,0.38,2026-03-01,717,N20,VIIRS,n,2,308.01,2.26,D,0
21.24985,97.19634,332.48,0.6,0.53,2026-03-01,717,N20,VIIRS,n,2,302.12,4.99,D,0
21.25074,97.03722,334.26,0.59,0.53,2026-03-01,717,N20,VIIRS,l,2,307.75,10.36,D,0
21.2513,94.91095,338.93,0.43,0.46,2026-03-01,717,N20,VIIRS,n,2,308.4,2.49,D,0
21.25194,96.95535,332.38,0.58,0.52,2026-03-01,717,N20,VIIRS,n,2,301.97,4.86,D,0
21.25255,97.05456,332.62,0.59,0.53,2026-03-01,717,N20,VIIRS,l,2,306.69,5.62,D,0
21.25554,94.39464,336.19,0.4,0.44,2026-03-01,717,N20,VIIRS,n,2,308.05,2.91,D,0
21.25983,97.07713,334.73,0.59,0.53,2026-03-01,717,N20,VIIRS,n,2,302.07,2.7,D,0
21.26056,97.77232,367,0.33,0.55,2026-03-01,717,N20,VIIRS,h,2,308.65,3.91,D,0
21.26089,97.77547,343.19,0.33,0.55,2026-03-01,717,N20,VIIRS,n,2,306.07,3.91,D,0
21.26409,97.11796,340.57,0.6,0.53,2026-03-01,717,N20,VIIRS,n,2,303.82,7.41,D,0
21.26437,85.37045,338.3,0.47,0.4,2026-03-01,717,N20,VIIRS,n,2,303.03,5.38,D,0
21.26565,97.77172,351,0.33,0.55,2026-03-01,717,N20,VIIRS,n,2,305.34,4.62,D,0
21.26796,85.36971,339.39,0.47,0.4,2026-03-01,717,N20,VIIRS,n,2,303.65,4.7,D,0
21.26886,86.4435,343.79,0.42,0.38,2026-03-01,717,N20,VIIRS,n,2,304.81,7.33,D,0
21.26897,85.22527,338.65,0.48,0.4,2026-03-01,717,N20,VIIRS,n,2,304.75,5.56,D,0
21.26979,85.12182,337.09,0.48,0.4,2026-03-01,717,N20,VIIRS,n,2,301.71,1.94,D,0
21.27018,94.27472,332.43,0.4,0.44,2026-03-01,717,N20,VIIRS,n,2,306.67,2.37,D,0
21.27259,85.22455,333.64,0.48,0.4,2026-03-01,717,N20,VIIRS,n,2,303.42,3.79,D,0
21.27853,94.20794,330.5,0.39,0.44,2026-03-01,717,N20,VIIRS,l,2,304.42,7.17,D,0
21.27901,94.2119,347.87,0.39,0.44,2026-03-01,717,N20,VIIRS,n,2,308.17,7.17,D,0
21.2829,97.01633,348.22,0.59,0.53,2026-03-01,717,N20,VIIRS,n,2,301.82,8.96,D,0
21.28441,83.23624,349.71,0.4,0.45,2026-03-01,717,N20,VIIRS,n,2,306.11,12.37,D,0
21.28515,83.2401,342.8,0.4,0.45,2026-03-01,717,N20,VIIRS,n,2,303.19,7.87,D,0
21.28766,94.14879,330.15,0.39,0.44,2026-03-01,717,N20,VIIRS,l,2,305.04,2.24,D,0
21.28784,94.78815,345.62,0.42,0.46,2026-03-01,717,N20,VIIRS,n,2,312.61,6.35,D,0
21.28876,94.78827,343.03,0.43,0.46,2026-03-01,717,N20,VIIRS,n,2,312.2,6.1,D,0
21.2895,85.76852,337.64,0.45,0.39,2026-03-01,717,N20,VIIRS,n,2,304.27,4.69,D,0
21.28959,97.2198,346.68,0.61,0.53,2026-03-01,717,N20,VIIRS,n,2,303.86,6.82,D,0
21.28963,85.49429,343.2,0.46,0.39,2026-03-01,717,N20,VIIRS,n,2,303.05,6.88,D,0
21.28988,85.7674,336.84,0.45,0.39,2026-03-01,717,N20,VIIRS,n,2,304.03,3.96,D,0
21.29013,86.69984,335.23,0.42,0.37,2026-03-01,717,N20,VIIRS,n,2,306.05,5.14,D,0
21.29019,97.22552,339.05,0.61,0.53,2026-03-01,717,N20,VIIRS,n,2,303.48,6.82,D,0
21.29254,94.22173,339.69,0.39,0.44,2026-03-01,717,N20,VIIRS,n,2,308.3,3.49,D,0
21.29325,97.25478,334.6,0.61,0.53,2026-03-01,717,N20,VIIRS,n,2,299.76,7.32,D,0
21.29354,86.6992,345.58,0.42,0.37,2026-03-01,717,N20,VIIRS,n,2,307.29,5.14,D,0
21.29493,94.1745,330.32,0.39,0.44,2026-03-01,717,N20,VIIRS,l,2,303.81,2.5,D,0
21.29562,86.16525,334.36,0.43,0.38,2026-03-01,717,N20,VIIRS,n,2,302.8,3.17,D,0
21.29636,94.18604,339.27,0.39,0.44,2026-03-01,717,N20,VIIRS,n,2,306.08,3.78,D,0
21.29887,97.11989,343.05,0.6,0.53,2026-03-01,717,N20,VIIRS,n,2,306.37,11.74,D,0
21.30249,96.88537,340.84,0.58,0.52,2026-03-01,717,N20,VIIRS,n,2,303.77,6.19,D,0
21.30283,81.90406,354.2,0.49,0.48,2026-03-01,717,N20,VIIRS,n,2,307.84,7.55,D,0
21.3032,96.88791,340.36,0.58,0.52,2026-03-01,717,N20,VIIRS,n,2,303.88,5.83,D,0
21.30481,83.25518,336.23,0.4,0.44,2026-03-01,717,N20,VIIRS,n,2,304.02,3.16,D,0
21.30796,95.63292,338.62,0.48,0.48,2026-03-01,717,N20,VIIRS,n,2,309.19,2.46,D,0
21.31218,97.06006,338.19,0.59,0.53,2026-03-01,717,N20,VIIRS,n,2,308.01,5.98,D,0
21.31264,97.01895,337.65,0.59,0.53,2026-03-01,717,N20,VIIRS,n,2,301.55,6.95,D,0
21.31372,94.3271,334.57,0.4,0.44,2026-03-01,717,N20,VIIRS,l,2,306.3,1.93,D,0
21.31374,86.14496,335.36,0.43,0.38,2026-03-01,717,N20,VIIRS,n,2,305.83,2.25,D,0
21.31721,86.14428,330.27,0.43,0.38,2026-03-01,717,N20,VIIRS,l,2,301.4,2.25,D,0
21.31876,94.40224,336.11,0.4,0.44,2026-03-01,717,N20,VIIRS,l,2,307.93,3.92,D,0
21.31966,94.1321,333.42,0.39,0.44,2026-03-01,717,N20,VIIRS,l,2,304.78,3.11,D,0
21.3202,84.28069,330.84,0.53,0.42,2026-03-01,717,N20,VIIRS,l,2,303.03,2.88,D,0
21.32409,94.1349,334.17,0.39,0.44,2026-03-01,717,N20,VIIRS,n,2,303.78,3.74,D,0
21.32532,96.55351,340.6,0.55,0.51,2026-03-01,717,N20,VIIRS,n,2,300.69,8.57,D,0
21.32689,94.573,334.76,0.41,0.45,2026-03-01,717,N20,VIIRS,l,2,308.91,2.48,D,0
21.32854,83.15764,336.56,0.41,0.45,2026-03-01,717,N20,VIIRS,n,2,303.77,4.65,D,0
21.32927,83.16153,347.68,0.41,0.45,2026-03-01,717,N20,VIIRS,n,2,303.97,4.65,D,0
21.33103,94.57245,345.87,0.41,0.45,2026-03-01,717,N20,VIIRS,n,2,310.31,2.48,D,0
21.3312,94.12602,334.59,0.39,0.44,2026-03-01,717,N20,VIIRS,n,2,303.25,3.65,D,0
21.33326,97.18861,334.66,0.6,0.53,2026-03-01,717,N20,VIIRS,n,2,301.57,4.1,D,0
21.33386,97.19455,345.64,0.61,0.53,2026-03-01,717,N20,VIIRS,n,2,301.85,9.91,D,0
21.33477,94.12172,337.4,0.39,0.44,2026-03-01,717,N20,VIIRS,n,2,304.89,3.65,D,0
21.33485,96.9157,331.87,0.58,0.52,2026-03-01,717,N20,VIIRS,n,2,306.06,5.19,D,0
21.33543,96.92122,342.14,0.58,0.52,2026-03-01,717,N20,VIIRS,n,2,306.52,5.19,D,0
21.33618,97.19059,339.01,0.6,0.53,2026-03-01,717,N20,VIIRS,n,2,303.54,8.26,D,0
21.33674,82.26238,330.09,0.46,0.47,2026-03-01,717,N20,VIIRS,l,2,302.64,4.31,D,0
21.33682,97.19647,340.4,0.6,0.53,2026-03-01,717,N20,VIIRS,n,2,300.88,8.26,D,0
21.33876,97.19393,336.08,0.61,0.53,2026-03-01,717,N20,VIIRS,n,2,302.25,7.17,D,0
21.34221,94.21847,342.96,0.39,0.44,2026-03-01,717,N20,VIIRS,n,2,305.89,5.23,D,0
21.34405,97.24641,339.77,0.61,0.53,2026-03-01,717,N20,VIIRS,n,2,301.12,6.65,D,0
21.34737,97.24813,342.29,0.61,0.53,2026-03-01,717,N20,VIIRS,n,2,301.08,6.3,D,0
21.35067,94.70071,341.21,0.42,0.45,2026-03-01,717,N20,VIIRS,n,2,310.21,4.1,D,0
21.35099,94.5984,336.29,0.41,0.45,2026-03-01,717,N20,VIIRS,l,2,309.36,2.42,D,0
21.35138,94.09014,331.97,0.39,0.44,2026-03-01,717,N20,VIIRS,l,2,305.56,3.51,D,0
21.35148,94.60244,346.4,0.41,0.45,2026-03-01,717,N20,VIIRS,n,2,311.06,4.18,D,0
21.35184,94.09393,338.37,0.39,0.44,2026-03-01,717,N20,VIIRS,n,2,307.81,3.51,D,0
21.3554,94.08968,351.16,0.39,0.44,2026-03-01,717,N20,VIIRS,n,2,308.84,3.51,D,0
21.35586,94.09345,339.73,0.39,0.44,2026-03-01,717,N20,VIIRS,n,2,309.17,3.51,D,0
21.35682,97.37406,330.22,0.62,0.54,2026-03-01,717,N20,VIIRS,l,2,304.29,4.64,D,0
21.36283,94.39264,337.87,0.4,0.44,2026-03-01,717,N20,VIIRS,n,2,309.45,2.71,D,0
21.36292,83.6298,331.77,0.38,0.43,2026-03-01,717,N20,VIIRS,n,2,302.01,3.14,D,0
21.36311,83.29807,337.38,0.4,0.44,2026-03-01,717,N20,VIIRS,n,2,301.7,3.61,D,0
21.365,86.10149,333.87,0.44,0.38,2026-03-01,717,N20,VIIRS,n,2,302.34,2.32,D,0
21.36625,85.70476,331.25,0.45,0.39,2026-03-01,717,N20,VIIRS,l,2,303.68,2.88,D,0
21.36655,96.75719,330.33,0.57,0.52,2026-03-01,717,N20,VIIRS,n,2,299.88,3.62,D,0
21.36716,94.66202,342.41,0.42,0.45,2026-03-01,717,N20,VIIRS,n,2,311.83,2.66,D,0
21.36849,86.10088,336.21,0.44,0.38,2026-03-01,717,N20,VIIRS,n,2,302.09,2.32,D,0
21.36907,95.73471,341.43,0.49,0.48,2026-03-01,717,N20,VIIRS,n,2,310.93,6.33,D,0
21.37047,94.18011,335.88,0.39,0.44,2026-03-01,717,N20,VIIRS,l,2,307.23,4.29,D,0
21.371,94.69369,349.74,0.42,0.45,2026-03-01,717,N20,VIIRS,n,2,309.28,4.92,D,0
21.37387,86.84352,336.03,0.41,0.37,2026-03-01,717,N20,VIIRS,n,2,306.26,2.73,D,0
21.37413,86.42063,340.88,0.42,0.38,2026-03-01,717,N20,VIIRS,n,2,303.41,5.83,D,0
21.37416,96.73843,336.37,0.57,0.52,2026-03-01,717,N20,VIIRS,n,2,299.27,5.58,D,0
21.37437,94.31522,336.02,0.4,0.44,2026-03-01,717,N20,VIIRS,l,2,306.84,2.6,D,0
21.37516,94.69306,338.33,0.42,0.45,2026-03-01,717,N20,VIIRS,l,2,310.4,2.2,D,0
21.37833,97.09698,333.23,0.6,0.53,2026-03-01,717,N20,VIIRS,l,2,307.2,10.63,D,0
21.37901,94.18283,332.74,0.39,0.44,2026-03-01,717,N20,VIIRS,l,2,306.7,2.15,D,0
21.37951,96.74319,331.37,0.57,0.52,2026-03-01,717,N20,VIIRS,n,2,299.22,7.35,D,0
21.39171,94.21964,335.06,0.39,0.44,2026-03-01,717,N20,VIIRS,l,2,306.31,3.43,D,0
21.39443,97.93753,332.08,0.34,0.56,2026-03-01,717,N20,VIIRS,l,2,303.09,3.63,D,0
21.39944,94.14882,339.87,0.39,0.44,2026-03-01,717,N20,VIIRS,n,2,307.31,3.76,D,0
21.39989,94.15248,338.5,0.39,0.44,2026-03-01,717,N20,VIIRS,n,2,305.78,4.65,D,0
21.40057,86.09919,342.13,0.44,0.38,2026-03-01,717,N20,VIIRS,n,2,303.19,4.44,D,0
21.40315,84.13461,338.32,0.54,0.42,2026-03-01,717,N20,VIIRS,n,2,303.32,3.23,D,0
21.40448,97.25225,334.47,0.61,0.54,2026-03-01,717,N20,VIIRS,n,2,303.57,10.85,D,0
21.40697,84.1338,345.97,0.54,0.42,2026-03-01,717,N20,VIIRS,n,2,305.48,13.16,D,0
21.40737,94.31433,341.4,0.4,0.44,2026-03-01,717,N20,VIIRS,n,2,308.11,4.51,D,0
21.41003,97.25753,333.96,0.61,0.54,2026-03-01,717,N20,VIIRS,n,2,300.91,7.7,D,0
21.41249,94.15483,353.18,0.39,0.44,2026-03-01,717,N20,VIIRS,n,2,309.21,8.7,D,0
21.41295,94.1586,336.79,0.39,0.44,2026-03-01,717,N20,VIIRS,n,2,306.45,4.02,D,0
21.41342,94.16238,347.96,0.39,0.44,2026-03-01,717,N20,VIIRS,n,2,307.22,4.02,D,0
21.41378,97.63964,367,0.32,0.55,2026-03-01,717,N20,VIIRS,h,2,303.36,8.83,D,0
21.41498,97.25714,337.09,0.61,0.54,2026-03-01,717,N20,VIIRS,n,2,301.98,4.4,D,0
21.41926,96.3899,335.81,0.54,0.51,2026-03-01,717,N20,VIIRS,n,2,306.44,2.01,D,0
21.41993,97.25677,335.97,0.61,0.54,2026-03-01,717,N20,VIIRS,n,2,301.82,4.4,D,0
21.42518,83.31316,334.6,0.4,0.44,2026-03-01,717,N20,VIIRS,n,2,302.43,7.17,D,0
21.42613,97.10064,337.48,0.6,0.53,2026-03-01,717,N20,VIIRS,n,2,304.54,2.89,D,0
21.42639,84.9642,332.73,0.49,0.4,2026-03-01,717,N20,VIIRS,n,2,304.49,2.17,D,0
21.43098,96.86001,339.28,0.58,0.52,2026-03-01,717,N20,VIIRS,n,2,298.45,9.94,D,0
21.43509,83.36568,335.43,0.4,0.44,2026-03-01,717,N20,VIIRS,n,2,304.68,2.23,D,0
21.4381,82.85249,338.39,0.42,0.45,2026-03-01,717,N20,VIIRS,n,2,301.6,4.4,D,0
21.43909,83.36486,338.47,0.4,0.44,2026-03-01,717,N20,VIIRS,n,2,303.49,2.23,D,0
21.44069,96.7674,344.52,0.57,0.52,2026-03-01,717,N20,VIIRS,n,2,301.16,8.91,D,0
21.44096,86.12575,335.51,0.43,0.38,2026-03-01,717,N20,VIIRS,n,2,303.14,5.07,D,0
21.44287,83.34069,330.85,0.4,0.44,2026-03-01,717,N20,VIIRS,l,2,302.28,6.1,D,0
21.4432,96.93073,340.84,0.58,0.52,2026-03-01,717,N20,VIIRS,n,2,303.17,9.79,D,0
21.44367,97.12737,334.91,0.6,0.53,2026-03-01,717,N20,VIIRS,n,2,306.92,4.58,D,0
21.44419,95.61288,337.99,0.48,0.48,2026-03-01,717,N20,VIIRS,l,2,311.19,3.24,D,0
21.44553,97.12421,330.74,0.6,0.53,2026-03-01,717,N20,VIIRS,l,2,303.05,5.94,D,0
21.44787,82.7913,331.38,0.43,0.46,2026-03-01,717,N20,VIIRS,l,2,303.72,2.44,D,0
21.4483,94.79663,336.8,0.43,0.46,2026-03-01,717,N20,VIIRS,l,2,308.12,1.66,D,0
21.4492,96.94146,340.16,0.58,0.52,2026-03-01,717,N20,VIIRS,n,2,301.55,8.5,D,0
21.45278,82.79443,336.64,0.43,0.46,2026-03-01,717,N20,VIIRS,n,2,301.99,2.95,D,0
21.45412,95.94518,338.29,0.5,0.49,2026-03-01,717,N20,VIIRS,n,2,308.07,6.56,D,0
21.45423,85.1441,339.36,0.48,0.4,2026-03-01,717,N20,VIIRS,n,2,305.17,6.01,D,0
21.45635,96.55554,346.15,0.55,0.51,2026-03-01,717,N20,VIIRS,n,2,305.98,12.78,D,0
21.45769,82.79758,330.42,0.43,0.46,2026-03-01,717,N20,VIIRS,l,2,304.61,2.95,D,0
21.46013,94.30739,343.01,0.4,0.44,2026-03-01,717,N20,VIIRS,n,2,305.72,2.1,D,0
21.46029,82.78869,332.4,0.43,0.46,2026-03-01,717,N20,VIIRS,n,2,303.36,3.19,D,0
21.46668,82.0677,337.81,0.47,0.48,2026-03-01,717,N20,VIIRS,n,2,306.2,6.29,D,0
21.46754,82.07218,350.74,0.47,0.48,2026-03-01,717,N20,VIIRS,n,2,307.7,6.17,D,0
21.46999,96.59271,333.41,0.55,0.51,2026-03-01,717,N20,VIIRS,n,2,303.57,3.07,D,0
21.47036,96.72852,332.11,0.57,0.52,2026-03-01,717,N20,VIIRS,n,2,301.1,5.36,D,0
21.47187,82.07121,330.23,0.47,0.48,2026-03-01,717,N20,VIIRS,l,2,302.96,6.17,D,0
21.47507,96.55201,337.42,0.55,0.51,2026-03-01,717,N20,VIIRS,n,2,306.51,4.51,D,0
21.47653,96.54978,342.35,0.55,0.51,2026-03-01,717,N20,VIIRS,n,2,306.81,5.27,D,0
21.47854,94.25365,335.84,0.4,0.44,2026-03-01,717,N20,VIIRS,n,2,304.8,3.35,D,0
21.47937,97.04231,333.12,0.59,0.53,2026-03-01,717,N20,VIIRS,l,2,305.55,9.3,D,0
21.48162,97.90335,334.96,0.34,0.56,2026-03-01,717,N20,VIIRS,l,2,305.22,2.66,D,0
21.48164,94.24514,347.43,0.4,0.44,2026-03-01,717,N20,VIIRS,n,2,306.21,4.01,D,0
21.48211,94.24903,341.78,0.4,0.44,2026-03-01,717,N20,VIIRS,n,2,305.59,3.35,D,0
21.48345,96.62781,334.29,0.56,0.51,2026-03-01,717,N20,VIIRS,l,2,305.22,6.27,D,0
21.48423,97.04173,352.75,0.59,0.53,2026-03-01,717,N20,VIIRS,n,2,308.22,9.3,D,0
21.48484,96.63024,331,0.56,0.51,2026-03-01,717,N20,VIIRS,l,2,303.92,4.03,D,0
21.48554,96.915,334.17,0.58,0.52,2026-03-01,717,N20,VIIRS,n,2,302.04,4.12,D,0
21.48592,85.06689,334.4,0.48,0.4,2026-03-01,717,N20,VIIRS,n,2,303.84,2.81,D,0
21.4868,97.55914,332.09,0.32,0.55,2026-03-01,717,N20,VIIRS,n,2,298.38,1.39,D,0
21.48687,86.04938,332.51,0.44,0.38,2026-03-01,717,N20,VIIRS,n,2,301.91,4.07,D,0
21.48709,97.55851,339.49,0.32,0.55,2026-03-01,717,N20,VIIRS,n,2,298.9,2.66,D,0
21.48862,94.3033,334.85,0.4,0.44,2026-03-01,717,N20,VIIRS,l,2,309.78,4.4,D,0
21.4891,97.04118,342.7,0.59,0.53,2026-03-01,717,N20,VIIRS,n,2,308.16,8.37,D,0
21.48912,94.30746,345.76,0.4,0.44,2026-03-01,717,N20,VIIRS,n,2,309.7,4.4,D,0
21.48939,82.30146,335.24,0.46,0.47,2026-03-01,717,N20,VIIRS,n,2,300.3,3.1,D,0
21.49291,96.62658,334.06,0.56,0.51,2026-03-01,717,N20,VIIRS,n,2,306.09,4.66,D,0
21.49319,94.30686,341.6,0.4,0.44,2026-03-01,717,N20,VIIRS,n,2,306.33,4.22,D,0
21.49524,94.28949,331.17,0.4,0.44,2026-03-01,717,N20,VIIRS,l,2,304.17,2.55,D,0
21.49661,86.04311,334.27,0.44,0.38,2026-03-01,717,N20,VIIRS,n,2,300.57,3.15,D,0
21.49701,83.67446,333.12,0.57,0.43,2026-03-01,717,N20,VIIRS,n,2,301.14,3.89,D,0
21.49751,96.70658,341.14,0.57,0.52,2026-03-01,717,N20,VIIRS,n,2,301.95,8.84,D,0
21.4978,94.70253,334.25,0.42,0.45,2026-03-01,717,N20,VIIRS,l,2,308.41,2.63,D,0
21.49784,94.45045,344.05,0.41,0.45,2026-03-01,717,N20,VIIRS,n,2,308.37,5.8,D,0
21.49831,94.45435,349.94,0.41,0.45,2026-03-01,717,N20,VIIRS,n,2,310.53,9.77,D,0
21.49973,97.58676,340.32,0.32,0.55,2026-03-01,717,N20,VIIRS,n,2,299.59,3.42,D,0
21.50149,94.44592,339.92,0.41,0.45,2026-03-01,717,N20,VIIRS,n,2,308.68,6.23,D,0
21.50195,94.44984,346.75,0.41,0.45,2026-03-01,717,N20,VIIRS,n,2,308.68,6.23,D,0
21.50337,94.28834,335.34,0.4,0.44,2026-03-01,717,N20,VIIRS,l,2,305.43,3.85,D,0
21.50567,94.69723,340.39,0.42,0.45,2026-03-01,717,N20,VIIRS,n,2,308.98,2.66,D,0
21.50931,96.86948,330.39,0.58,0.52,2026-03-01,717,N20,VIIRS,n,2,301.83,3.71,D,0
21.51409,82.2337,337.88,0.46,0.47,2026-03-01,717,N20,VIIRS,n,2,305.18,3.17,D,0
21.51495,82.23806,331.68,0.46,0.47,2026-03-01,717,N20,VIIRS,l,2,302.87,2.06,D,0
21.51612,82.23199,331.91,0.46,0.47,2026-03-01,717,N20,VIIRS,l,2,306.68,3.46,D,0
21.51696,82.23638,343.37,0.46,0.47,2026-03-01,717,N20,VIIRS,n,2,306.07,5.56,D,0
21.52051,94.32708,333.5,0.4,0.44,2026-03-01,717,N20,VIIRS,l,2,306.86,2.42,D,0
21.52093,85.00948,331.08,0.48,0.4,2026-03-01,717,N20,VIIRS,l,2,304.26,1.94,D,0
21.52122,84.904,331.45,0.49,0.4,2026-03-01,717,N20,VIIRS,n,2,304.99,2.35,D,0
21.52893,96.3728,335.92,0.54,0.51,2026-03-01,717,N20,VIIRS,l,2,306.91,7.92,D,0
21.53048,94.10722,332.75,0.39,0.44,2026-03-01,717,N20,VIIRS,n,2,305.66,2.36,D,0
21.53365,95.6552,342.16,0.48,0.48,2026-03-01,717,N20,VIIRS,n,2,313.58,3.95,D,0
21.53392,85.04024,336.57,0.48,0.4,2026-03-01,717,N20,VIIRS,n,2,305.2,5.22,D,0
21.53521,83.27342,340.5,0.4,0.44,2026-03-01,717,N20,VIIRS,n,2,306.37,5.04,D,0
21.53525,94.10274,333.86,0.39,0.44,2026-03-01,717,N20,VIIRS,l,2,305.63,3.18,D,0
21.53572,94.10664,335.48,0.39,0.44,2026-03-01,717,N20,VIIRS,n,2,303.58,3.18,D,0
21.53813,84.36578,335.46,0.52,0.42,2026-03-01,717,N20,VIIRS,n,2,304.49,2.77,D,0
21.53848,86.16364,340.97,0.43,0.38,2026-03-01,717,N20,VIIRS,n,2,302.33,5.13,D,0
21.54507,96.98038,341.14,0.59,0.53,2026-03-01,717,N20,VIIRS,n,2,306.89,11.69,D,0
21.54566,96.98605,345.85,0.59,0.53,2026-03-01,717,N20,VIIRS,n,2,309.57,11.69,D,0
21.54624,96.99174,367,0.59,0.53,2026-03-01,717,N20,VIIRS,h,2,306.93,18.84,D,0
21.54679,96.98268,352.68,0.59,0.53,2026-03-01,717,N20,VIIRS,n,2,308.59,14.58,D,0
21.54741,96.98837,354.93,0.59,0.53,2026-03-01,717,N20,VIIRS,n,2,311.71,18.53,D,0
21.54804,96.99407,343.63,0.59,0.53,2026-03-01,717,N20,VIIRS,n,2,303.19,18.53,D,0
21.55052,96.98553,335.47,0.59,0.53,2026-03-01,717,N20,VIIRS,n,2,304.95,6.83,D,0
21.56065,97.03625,340.23,0.59,0.53,2026-03-01,717,N20,VIIRS,n,2,300.56,4.48,D,0
21.56156,94.56223,335.19,0.42,0.45,2026-03-01,717,N20,VIIRS,l,2,308.91,2.76,D,0
21.56293,84.13924,333.83,0.53,0.42,2026-03-01,717,N20,VIIRS,n,2,303.52,1.14,D,0
21.56511,96.98409,342.04,0.59,0.53,2026-03-01,717,N20,VIIRS,n,2,305.29,8.27,D,0
21.57053,82.86057,340.4,0.42,0.45,2026-03-01,717,N20,VIIRS,n,2,300.97,5.49,D,0
21.57463,82.85967,341.51,0.42,0.45,2026-03-01,717,N20,VIIRS,n,2,304.68,4.39,D,0
21.57539,82.86365,335.33,0.42,0.45,2026-03-01,717,N20,VIIRS,n,2,300.88,4.39,D,0
21.57736,96.91361,335.4,0.58,0.52,2026-03-01,717,N20,VIIRS,l,2,306.29,5.67,D,0
21.57902,94.54834,335.26,0.41,0.45,2026-03-01,717,N20,VIIRS,l,2,307.97,2.16,D,0
21.58547,94.62017,343.84,0.42,0.45,2026-03-01,717,N20,VIIRS,n,2,309.17,4.26,D,0
21.5862,86.7883,335.13,0.41,0.37,2026-03-01,717,N20,VIIRS,l,2,308.08,3.57,D,0
21.58734,94.6207,340.91,0.42,0.45,2026-03-01,717,N20,VIIRS,n,2,309.45,5.26,D,0
21.58863,83.33646,333.58,0.39,0.44,2026-03-01,717,N20,VIIRS,n,2,303.24,2.44,D,0
21.58933,83.34019,331.35,0.39,0.44,2026-03-01,717,N20,VIIRS,n,2,301.7,2.68,D,0
21.58962,94.61955,336.85,0.42,0.45,2026-03-01,717,N20,VIIRS,n,2,308.57,3.01,D,0
21.59254,83.10937,333.89,0.41,0.45,2026-03-01,717,N20,VIIRS,n,2,303.72,2,D,0
21.5935,86.81122,333.67,0.41,0.37,2026-03-01,717,N20,VIIRS,n,2,307,2.3,D,0
21.6021,83.02642,342.18,0.41,0.45,2026-03-01,717,N20,VIIRS,n,2,305.67,3.41,D,0
21.60272,97.06113,345.04,0.6,0.53,2026-03-01,717,N20,VIIRS,n,2,309.17,23.46,D,0
21.60334,97.06705,339.68,0.6,0.53,2026-03-01,717,N20,VIIRS,n,2,300.4,13.45,D,0
21.60605,85.28138,345.38,0.47,0.4,2026-03-01,717,N20,VIIRS,n,2,304.9,8.79,D,0
21.6061,84.48481,332.49,0.51,0.41,2026-03-01,717,N20,VIIRS,n,2,303.2,3.34,D,0
21.60628,84.48241,331.95,0.51,0.41,2026-03-01,717,N20,VIIRS,n,2,304.44,3.18,D,0
21.60708,95.76239,342.39,0.49,0.49,2026-03-01,717,N20,VIIRS,n,2,311.66,6.71,D,0
21.60901,95.76064,343.39,0.49,0.49,2026-03-01,717,N20,VIIRS,n,2,311.1,4,D,0
21.61096,82.93863,333.4,0.42,0.45,2026-03-01,717,N20,VIIRS,n,2,302.05,4.04,D,0
21.61425,94.67054,343.71,0.42,0.45,2026-03-01,717,N20,VIIRS,n,2,311.26,4.46,D,0
21.61954,94.39408,337.5,0.41,0.45,2026-03-01,717,N20,VIIRS,l,2,308.94,2.98,D,0
21.62398,82.89455,367,0.42,0.45,2026-03-01,717,N20,VIIRS,h,2,306.09,7.93,D,0
21.62434,86.84988,332.78,0.41,0.37,2026-03-01,717,N20,VIIRS,l,2,307.78,4.63,D,0
21.62807,82.89365,337.92,0.42,0.45,2026-03-01,717,N20,VIIRS,n,2,304.29,7.93,D,0
21.63468,94.347,337.12,0.4,0.45,2026-03-01,717,N20,VIIRS,l,2,307.77,3.25,D,0
21.6375,87.03603,334.97,0.4,0.37,2026-03-01,717,N20,VIIRS,l,2,309.04,3.89,D,0
21.64375,96.53329,341.45,0.55,0.51,2026-03-01,717,N20,VIIRS,n,2,303.63,6.06,D,0
21.64465,83.00498,332.48,0.41,0.45,2026-03-01,717,N20,VIIRS,l,2,306.66,2.95,D,0
21.65499,83.12804,342.71,0.4,0.45,2026-03-01,717,N20,VIIRS,n,2,303.89,4.97,D,0
21.65975,83.13103,330.1,0.4,0.45,2026-03-01,717,N20,VIIRS,l,2,304.97,3.54,D,0
21.66242,96.44173,331.12,0.55,0.51,2026-03-01,717,N20,VIIRS,l,2,305.45,4.39,D,0
21.6625,94.47282,334.11,0.41,0.45,2026-03-01,717,N20,VIIRS,l,2,308.92,3.69,D,0
21.66794,82.84379,340.77,0.42,0.45,2026-03-01,717,N20,VIIRS,n,2,305,4.23,D,0
21.66799,94.04095,343.91,0.39,0.44,2026-03-01,717,N20,VIIRS,n,2,305.79,5.4,D,0
21.669,83.11297,341.38,0.41,0.45,2026-03-01,717,N20,VIIRS,n,2,306.81,4.63,D,0
21.67082,82.81409,332.32,0.42,0.45,2026-03-01,717,N20,VIIRS,l,2,303.85,2.67,D,0
21.67171,94.07183,334.98,0.39,0.44,2026-03-01,717,N20,VIIRS,l,2,307.57,3.17,D,0
21.67202,94.04047,351.98,0.39,0.44,2026-03-01,717,N20,VIIRS,n,2,309.3,5.4,D,0
21.67219,94.07574,340.05,0.39,0.44,2026-03-01,717,N20,VIIRS,l,2,310.93,7.79,D,0
21.67248,94.04427,338.32,0.39,0.44,2026-03-01,717,N20,VIIRS,n,2,309.5,5.99,D,0
21.67376,96.33062,341.13,0.54,0.51,2026-03-01,717,N20,VIIRS,n,2,304.77,4.44,D,0
21.67556,97.02007,335.23,0.6,0.53,2026-03-01,717,N20,VIIRS,n,2,302.45,5.85,D,0
21.6757,82.81718,342.61,0.42,0.45,2026-03-01,717,N20,VIIRS,n,2,303.89,7.96,D,0
21.67651,94.04379,344.28,0.39,0.44,2026-03-01,717,N20,VIIRS,n,2,310.83,7.95,D,0
21.67653,82.75402,345.08,0.43,0.46,2026-03-01,717,N20,VIIRS,n,2,306.09,7.54,D,0
21.67696,96.3327,339.07,0.54,0.51,2026-03-01,717,N20,VIIRS,n,2,303.65,3.33,D,0
21.67697,94.0476,367,0.39,0.44,2026-03-01,717,N20,VIIRS,h,2,311.24,7.95,D,0
21.67742,84.03861,331.51,0.54,0.42,2026-03-01,717,N20,VIIRS,l,2,306.39,3.21,D,2
21.67807,82.76207,331.12,0.43,0.46,2026-03-01,717,N20,VIIRS,l,2,304.9,1.42,D,0
21.68044,97.01956,345.7,0.6,0.53,2026-03-01,717,N20,VIIRS,n,2,303.72,8.13,D,0
21.68072,94.0786,338.69,0.39,0.44,2026-03-01,717,N20,VIIRS,l,2,310.38,3.99,D,0
21.68099,94.04712,335.51,0.39,0.44,2026-03-01,717,N20,VIIRS,n,2,307.64,7.95,D,0
21.68186,83.00533,345.56,0.41,0.45,2026-03-01,717,N20,VIIRS,n,2,306.59,4.47,D,0
21.68616,82.11958,330.73,0.47,0.47,2026-03-01,717,N20,VIIRS,l,2,305.55,5.53,D,0
21.68866,82.15573,333.6,0.46,0.47,2026-03-01,717,N20,VIIRS,l,2,307,3.39,D,0
21.68959,82.1142,331.45,0.47,0.47,2026-03-01,717,N20,VIIRS,l,2,305.19,4.36,D,0
21.6896,97.01283,339.72,0.59,0.53,2026-03-01,717,N20,VIIRS,n,2,299.49,19.07,D,0
21.691,97.86967,336.95,0.34,0.56,2026-03-01,717,N20,VIIRS,n,2,299.51,3.03,D,0
21.69278,94.605,333.39,0.42,0.45,2026-03-01,717,N20,VIIRS,n,2,306.29,1.28,D,0
21.69641,85.70083,349.86,0.45,0.39,2026-03-01,717,N20,VIIRS,n,2,309.07,10.97,D,0
21.69753,96.99439,344.71,0.59,0.53,2026-03-01,717,N20,VIIRS,n,2,305.83,11.64,D,0
21.69887,83.00568,340.98,0.41,0.45,2026-03-01,717,N20,VIIRS,n,2,304.97,4.98,D,0
21.7002,94.5231,342.55,0.41,0.45,2026-03-01,717,N20,VIIRS,n,2,305.05,4.16,D,0
21.70078,94.38489,330.65,0.41,0.45,2026-03-01,717,N20,VIIRS,l,2,305.13,2.63,D,0
21.70433,94.52245,341.75,0.41,0.45,2026-03-01,717,N20,VIIRS,n,2,306.63,4.16,D,0
21.70489,94.38436,337.28,0.41,0.45,2026-03-01,717,N20,VIIRS,n,2,307.94,2.63,D,0
21.70498,97.0656,336.69,0.6,0.53,2026-03-01,717,N20,VIIRS,n,2,304.32,6.52,D,0
21.71006,96.92704,333.06,0.59,0.53,2026-03-01,717,N20,VIIRS,n,2,304.04,7.29,D,0
21.71021,86.92188,352.53,0.41,0.37,2026-03-01,717,N20,VIIRS,n,2,311.41,21.02,D,0
21.71088,94.39973,345.69,0.41,0.45,2026-03-01,717,N20,VIIRS,n,2,306.78,5.81,D,0
21.7126,94.52119,343.77,0.41,0.45,2026-03-01,717,N20,VIIRS,n,2,306.98,6.11,D,0
21.71278,83.837,331.95,0.55,0.43,2026-03-01,717,N20,VIIRS,n,2,303.26,2.69,D,0
21.71297,83.83411,339.09,0.55,0.43,2026-03-01,717,N20,VIIRS,n,2,302.6,5.02,D,0
21.71665,83.8362,332.51,0.55,0.43,2026-03-01,717,N20,VIIRS,n,2,301.75,2.69,D,0
21.71718,97.04043,331.06,0.6,0.53,2026-03-01,717,N20,VIIRS,n,2,299.08,6.28,D,0
21.7217,83.83778,334.38,0.55,0.43,2026-03-01,717,N20,VIIRS,n,2,303.12,5.54,D,0
21.7314,83.86832,330.6,0.55,0.43,2026-03-01,717,N20,VIIRS,l,2,303.46,1.61,D,0
21.73539,96.61738,331.68,0.56,0.52,2026-03-01,717,N20,VIIRS,n,2,303.26,5.19,D,0
21.73672,97.22649,331.92,0.61,0.54,2026-03-01,717,N20,VIIRS,n,2,298.76,4.8,D,0
21.73859,86.98868,333,0.4,0.37,2026-03-01,717,N20,VIIRS,n,2,306.16,1.93,D,0
21.73886,94.52968,338.66,0.42,0.45,2026-03-01,717,N20,VIIRS,n,2,306.9,3.12,D,0
21.74421,84.29745,330.64,0.52,0.42,2026-03-01,717,N20,VIIRS,l,2,304.78,2.56,D,0
21.74588,83.92477,333.01,0.55,0.42,2026-03-01,717,N20,VIIRS,l,2,306.33,4.7,D,0
21.74605,83.18814,336.45,0.4,0.44,2026-03-01,717,N20,VIIRS,l,2,307.93,2.17,D,0
21.74673,97.27435,332.63,0.62,0.54,2026-03-01,717,N20,VIIRS,n,2,299.42,5.6,D,0
21.74973,83.92397,340.33,0.55,0.42,2026-03-01,717,N20,VIIRS,n,2,308.22,10.6,D,0
21.74983,94.41083,337.78,0.41,0.45,2026-03-01,717,N20,VIIRS,n,2,306.27,4.41,D,0
21.75263,94.05379,344.94,0.39,0.44,2026-03-01,717,N20,VIIRS,n,2,309.49,4.94,D,0
21.75358,83.92317,343.86,0.55,0.42,2026-03-01,717,N20,VIIRS,n,2,303.99,10.6,D,0
21.75371,97.34125,334.98,0.63,0.54,2026-03-01,717,N20,VIIRS,n,2,302.4,6.35,D,0
21.75937,96.99095,334.19,0.59,0.53,2026-03-01,717,N20,VIIRS,n,2,300.64,6.82,D,0
21.75939,96.66222,333.17,0.57,0.52,2026-03-01,717,N20,VIIRS,n,2,301.47,3.72,D,0
21.7602,84.02377,334.68,0.54,0.42,2026-03-01,717,N20,VIIRS,l,2,304.88,7.8,D,2
21.76083,96.98741,349.25,0.59,0.53,2026-03-01,717,N20,VIIRS,n,2,302.81,11.98,D,0
21.76197,84.30922,334.78,0.52,0.42,2026-03-01,717,N20,VIIRS,n,2,303.38,2.64,D,0
21.76366,96.98463,349.35,0.59,0.53,2026-03-01,717,N20,VIIRS,n,2,304.55,8.42,D,0
21.76425,96.99043,339.52,0.59,0.53,2026-03-01,717,N20,VIIRS,n,2,300.1,8.42,D,0
21.76574,84.30843,340.59,0.52,0.42,2026-03-01,717,N20,VIIRS,n,2,306.33,5.5,D,0
21.77226,82.47702,333.28,0.44,0.46,2026-03-01,717,N20,VIIRS,l,2,307.35,3.59,D,0
21.77305,82.4812,340.67,0.44,0.46,2026-03-01,717,N20,VIIRS,n,2,307.11,3.59,D,0
21.77599,94.41958,338.65,0.41,0.45,2026-03-01,717,N20,VIIRS,n,2,306.72,3.01,D,0
21.78175,95.47839,341.33,0.48,0.48,2026-03-01,717,N20,VIIRS,n,2,308.56,12.08,D,0
21.78228,95.48299,343.12,0.48,0.48,2026-03-01,717,N20,VIIRS,n,2,309.05,19.96,D,0
21.7836,86.79526,334.51,0.41,0.37,2026-03-01,717,N20,VIIRS,n,2,304.53,10.14,D,0
21.78386,85.59592,332.56,0.45,0.39,2026-03-01,717,N20,VIIRS,n,2,304.17,2.15,D,0
21.78424,86.79919,334.4,0.41,0.37,2026-03-01,717,N20,VIIRS,n,2,303.93,4.66,D,0
21.78698,86.79462,342.2,0.41,0.37,2026-03-01,717,N20,VIIRS,n,2,309.75,10.14,D,0
21.78762,86.79855,332.15,0.41,0.37,2026-03-01,717,N20,VIIRS,n,2,302.94,4.66,D,0
21.78784,86.7951,342.7,0.41,0.37,2026-03-01,717,N20,VIIRS,n,2,305.06,10.75,D,0
21.7893,96.28161,341.8,0.53,0.5,2026-03-01,717,N20,VIIRS,n,2,304.17,7.1,D,0
21.79221,96.36741,339.09,0.54,0.51,2026-03-01,717,N20,VIIRS,n,2,304.29,3.6,D,0
21.79236,96.2791,349.03,0.53,0.5,2026-03-01,717,N20,VIIRS,n,2,304.4,7.59,D,0
21.79437,96.3691,336.41,0.54,0.51,2026-03-01,717,N20,VIIRS,n,2,303.93,4.35,D,0
21.79606,94.58427,343.49,0.42,0.45,2026-03-01,717,N20,VIIRS,n,2,306.77,4.19,D,0
21.79645,82.85427,345.64,0.42,0.45,2026-03-01,717,N20,VIIRS,n,2,308.12,4.7,D,0
21.79721,82.85825,341.72,0.42,0.45,2026-03-01,717,N20,VIIRS,n,2,305.57,4.7,D,0
21.79789,94.58485,337.6,0.42,0.45,2026-03-01,717,N20,VIIRS,n,2,304.56,2.09,D,0
21.80115,94.76802,336.69,0.43,0.46,2026-03-01,717,N20,VIIRS,l,2,310.01,1.7,D,0
21.80179,94.22474,339.08,0.4,0.44,2026-03-01,717,N20,VIIRS,n,2,306.57,4.22,D,0
21.80205,83.81545,332.69,0.55,0.43,2026-03-01,717,N20,VIIRS,n,2,302.16,3.47,D,0
21.80421,84.52406,330.58,0.51,0.41,2026-03-01,717,N20,VIIRS,l,2,302.87,3.24,D,0
21.80444,94.64223,344.79,0.42,0.45,2026-03-01,717,N20,VIIRS,n,2,309.33,5.97,D,0
21.80599,96.91891,335.89,0.59,0.53,2026-03-01,717,N20,VIIRS,n,2,306.68,3.32,D,0
21.80689,93.99567,332.93,0.39,0.44,2026-03-01,717,N20,VIIRS,l,2,306.02,3.93,D,0
21.80718,94.64098,347.7,0.42,0.45,2026-03-01,717,N20,VIIRS,n,2,309.67,7.04,D,0
21.80795,84.52341,332.75,0.51,0.41,2026-03-01,717,N20,VIIRS,n,2,302.26,3.24,D,0
21.80837,95.35903,343.96,0.47,0.48,2026-03-01,717,N20,VIIRS,n,2,311.04,7.6,D,0
21.81088,93.99499,342.69,0.39,0.44,2026-03-01,717,N20,VIIRS,n,2,309.98,5,D,0
21.81136,93.99883,342.5,0.39,0.44,2026-03-01,717,N20,VIIRS,n,2,308.23,5,D,0
21.81211,94.03815,336.85,0.39,0.44,2026-03-01,717,N20,VIIRS,l,2,308.62,1.56,D,0
21.81489,93.99442,338.01,0.39,0.44,2026-03-01,717,N20,VIIRS,n,2,306.81,5,D,0
21.81613,94.03758,346.81,0.39,0.44,2026-03-01,717,N20,VIIRS,n,2,312.55,9.27,D,0
21.81711,95.72601,339.92,0.49,0.49,2026-03-01,717,N20,VIIRS,n,2,310.89,4.71,D,0
21.81923,95.72534,339.27,0.49,0.49,2026-03-01,717,N20,VIIRS,l,2,310.49,3.87,D,0
21.81939,93.99776,340.53,0.39,0.44,2026-03-01,717,N20,VIIRS,n,2,307.21,3.99,D,0
21.8239,94.0012,336.27,0.39,0.44,2026-03-01,717,N20,VIIRS,l,2,307.85,3.77,D,0
21.82461,86.93311,334.59,0.41,0.37,2026-03-01,717,N20,VIIRS,n,2,308.14,1.88,D,0
21.82515,85.64706,337.32,0.45,0.39,2026-03-01,717,N20,VIIRS,n,2,305.8,3.85,D,0
21.82575,82.76043,340.18,0.42,0.45,2026-03-01,717,N20,VIIRS,n,2,305.84,8.06,D,0
21.82651,82.76446,342.4,0.42,0.45,2026-03-01,717,N20,VIIRS,n,2,307.03,3.35,D,0
21.82673,86.84029,347.55,0.41,0.37,2026-03-01,717,N20,VIIRS,n,2,306.22,5.35,D,0
21.82696,93.99301,349.79,0.39,0.44,2026-03-01,717,N20,VIIRS,n,2,309.23,5.61,D,0
21.82722,86.86439,336.89,0.41,0.37,2026-03-01,717,N20,VIIRS,n,2,306.22,2.88,D,0
21.82744,93.99684,343.36,0.39,0.44,2026-03-01,717,N20,VIIRS,n,2,306.9,5.61,D,0
21.82769,84.34892,335.13,0.52,0.41,2026-03-01,717,N20,VIIRS,l,2,305.92,4.91,D,0
21.82821,85.3471,344.22,0.46,0.39,2026-03-01,717,N20,VIIRS,n,2,304.51,7.53,D,0
21.82841,94.00463,337.22,0.39,0.44,2026-03-01,717,N20,VIIRS,n,2,308.63,3.58,D,0
21.82859,84.35384,334.5,0.52,0.41,2026-03-01,717,N20,VIIRS,n,2,303.59,4.91,D,0
21.82888,94.00845,334.22,0.39,0.44,2026-03-01,717,N20,VIIRS,l,2,308.11,1.49,D,0
21.83012,86.83965,341.41,0.41,0.37,2026-03-01,717,N20,VIIRS,n,2,306.56,4.74,D,0
21.8306,86.86375,339.57,0.41,0.37,2026-03-01,717,N20,VIIRS,n,2,306.01,2.88,D,0
21.8335,86.83904,350.31,0.41,0.37,2026-03-01,717,N20,VIIRS,n,2,306.78,4.74,D,0
21.83366,85.48499,345.42,0.46,0.39,2026-03-01,717,N20,VIIRS,n,2,303.41,5.27,D,0
21.83405,82.80463,345.32,0.42,0.45,2026-03-01,717,N20,VIIRS,n,2,308.3,4.31,D,0
21.83461,83.88477,333.13,0.55,0.42,2026-03-01,717,N20,VIIRS,l,2,303.42,1.21,D,0
21.83516,83.88223,337.29,0.55,0.42,2026-03-01,717,N20,VIIRS,n,2,303.64,6.36,D,0
21.83624,86.83449,346.4,0.41,0.37,2026-03-01,717,N20,VIIRS,n,2,306.54,6.12,D,0
21.83799,83.83276,332.66,0.55,0.43,2026-03-01,717,N20,VIIRS,n,2,302.18,2.93,D,0
21.83815,82.80372,336.58,0.42,0.45,2026-03-01,717,N20,VIIRS,n,2,305.84,4.31,D,0
21.8389,82.80774,350.47,0.42,0.45,2026-03-01,717,N20,VIIRS,n,2,306.76,4.31,D,0
21.8395,83.48994,356.22,0.38,0.43,2026-03-01,717,N20,VIIRS,n,2,306.65,16.21,D,0
21.84029,96.69164,333.88,0.57,0.52,2026-03-01,717,N20,VIIRS,n,2,302.51,5.18,D,0
21.84034,93.99095,350.43,0.39,0.44,2026-03-01,717,N20,VIIRS,n,2,309.59,3.65,D,0
21.84079,93.99475,332.91,0.39,0.44,2026-03-01,717,N20,VIIRS,n,2,306.06,3.65,D,0
21.84344,83.48911,332.24,0.38,0.43,2026-03-01,717,N20,VIIRS,l,2,305.24,2.45,D,0
21.84435,93.99037,352.06,0.39,0.44,2026-03-01,717,N20,VIIRS,n,2,307.31,4.71,D,0
21.84436,87.11672,348.66,0.4,0.37,2026-03-01,717,N20,VIIRS,n,2,306.75,6.41,D,0
21.8448,93.99421,342.19,0.39,0.44,2026-03-01,717,N20,VIIRS,n,2,309.17,4.71,D,0
21.8467,83.83644,342.27,0.55,0.43,2026-03-01,717,N20,VIIRS,n,2,302.77,9.47,D,0
21.84911,94.07225,334.63,0.39,0.44,2026-03-01,717,N20,VIIRS,n,2,309.34,3.29,D,0
21.84958,94.07603,331.53,0.39,0.44,2026-03-01,717,N20,VIIRS,n,2,306.45,1.45,D,0
21.84971,94.4868,333.1,0.41,0.45,2026-03-01,717,N20,VIIRS,n,2,306.17,3.57,D,0
21.84977,86.83193,345.7,0.41,0.37,2026-03-01,717,N20,VIIRS,n,2,307.14,4.59,D,0
21.84987,94.07185,335.6,0.39,0.44,2026-03-01,717,N20,VIIRS,l,2,309.51,3.33,D,0
21.85019,94.49081,340.83,0.41,0.45,2026-03-01,717,N20,VIIRS,n,2,305.58,3.57,D,0
21.85031,94.07564,333,0.39,0.44,2026-03-01,717,N20,VIIRS,l,2,307.06,1.18,D,0
21.85315,86.83129,339.22,0.41,0.37,2026-03-01,717,N20,VIIRS,n,2,305.69,4.59,D,0
21.85586,96.74828,338.61,0.57,0.52,2026-03-01,717,N20,VIIRS,n,2,304.25,3.64,D,0
21.8578,83.08927,347.36,0.4,0.45,2026-03-01,717,N20,VIIRS,n,2,306.86,4.69,D,0
21.86268,83.48917,334.87,0.38,0.43,2026-03-01,717,N20,VIIRS,n,2,300.53,4.48,D,0
21.86304,84.28524,345.27,0.52,0.42,2026-03-01,717,N20,VIIRS,n,2,307.41,6.74,D,0
21.86339,95.29695,345.84,0.46,0.47,2026-03-01,717,N20,VIIRS,n,2,314.08,4.88,D,0
21.86365,94.29057,337.63,0.4,0.44,2026-03-01,717,N20,VIIRS,n,2,306.8,6.25,D,0
21.86623,83.17886,349.69,0.4,0.44,2026-03-01,717,N20,VIIRS,n,2,306.51,7.55,D,0
21.86657,96.57473,340.35,0.56,0.51,2026-03-01,717,N20,VIIRS,n,2,302.27,4.44,D,0
21.86704,84.43742,330.04,0.51,0.41,2026-03-01,717,N20,VIIRS,l,2,302.92,2.47,D,0
21.86794,96.6784,339.85,0.57,0.52,2026-03-01,717,N20,VIIRS,n,2,303,6.6,D,0
21.86858,96.68447,340.93,0.57,0.52,2026-03-01,717,N20,VIIRS,n,2,303.79,4.95,D,0
21.86879,84.99731,342.58,0.48,0.4,2026-03-01,717,N20,VIIRS,n,2,306.41,8.83,D,0
21.86903,85.56255,335.34,0.45,0.39,2026-03-01,717,N20,VIIRS,n,2,304.95,11.77,D,0
21.87206,84.84364,331.75,0.49,0.4,2026-03-01,717,N20,VIIRS,n,2,303.36,2.91,D,0
21.87408,85.67713,336.02,0.45,0.39,2026-03-01,717,N20,VIIRS,n,2,307.45,2.48,D,0
21.87508,93.94073,337.87,0.39,0.44,2026-03-01,717,N20,VIIRS,n,2,305.78,1.67,D,0
21.87753,83.10504,332.81,0.4,0.44,2026-03-01,717,N20,VIIRS,l,2,306.12,3.67,D,0
21.87785,85.84718,331,0.44,0.38,2026-03-01,717,N20,VIIRS,l,2,305.45,2.51,D,0
21.87862,94.5523,339.75,0.42,0.45,2026-03-01,717,N20,VIIRS,n,2,309.1,5.76,D,0
21.87963,87.0784,337.82,0.4,0.37,2026-03-01,717,N20,VIIRS,n,2,307.51,3.69,D,0
21.88004,93.98175,337.38,0.39,0.44,2026-03-01,717,N20,VIIRS,l,2,308.66,2.44,D,0
21.88165,93.92779,334.54,0.38,0.44,2026-03-01,717,N20,VIIRS,l,2,306.87,2.29,D,0
21.88406,93.98128,334.13,0.39,0.44,2026-03-01,717,N20,VIIRS,l,2,308.9,2.83,D,0
21.88517,96.70399,347.82,0.57,0.52,2026-03-01,717,N20,VIIRS,n,2,299.93,8.34,D,0
21.88737,97.75823,367,0.33,0.56,2026-03-01,717,N20,VIIRS,h,2,298.03,6.8,D,0
21.88771,97.76163,340.88,0.33,0.56,2026-03-01,717,N20,VIIRS,n,2,296.55,6.8,D,0
21.89169,85.67368,347.02,0.45,0.39,2026-03-01,717,N20,VIIRS,n,2,306.73,6.79,D,0
21.89719,94.22834,342.76,0.4,0.44,2026-03-01,717,N20,VIIRS,n,2,310.39,4.11,D,0
21.90203,94.16483,334.91,0.4,0.44,2026-03-01,717,N20,VIIRS,n,2,306.5,2.44,D,0
21.90707,83.17404,333,0.4,0.44,2026-03-01,717,N20,VIIRS,l,2,304.49,3.39,D,0
21.90713,94.27726,330.02,0.4,0.44,2026-03-01,717,N20,VIIRS,l,2,304.7,2.81,D,0
21.91018,86.98908,339.08,0.4,0.37,2026-03-01,717,N20,VIIRS,n,2,311.43,4.3,D,0
21.91375,96.7897,334.74,0.58,0.52,2026-03-01,717,N20,VIIRS,n,2,302.23,4.42,D,0
21.91381,97.21673,342.35,0.62,0.54,2026-03-01,717,N20,VIIRS,n,2,299.76,9.27,D,0
21.91731,84.02555,330.63,0.54,0.42,2026-03-01,717,N20,VIIRS,l,2,303.52,1.53,D,0
21.91863,84.14137,338,0.53,0.42,2026-03-01,717,N20,VIIRS,n,2,304.24,5.86,D,0
21.91903,94.00008,349.07,0.39,0.44,2026-03-01,717,N20,VIIRS,n,2,308.74,2.95,D,0
21.91907,83.35105,336.78,0.39,0.44,2026-03-01,717,N20,VIIRS,l,2,308.83,5.37,D,2
21.92306,93.99958,334.31,0.39,0.44,2026-03-01,717,N20,VIIRS,l,2,307.05,2.95,D,0
21.9239,94.60084,336.67,0.42,0.45,2026-03-01,717,N20,VIIRS,l,2,309.23,2.31,D,0
21.94046,85.30167,333.29,0.46,0.39,2026-03-01,717,N20,VIIRS,n,2,301.76,3.34,D,0
21.94081,84.32794,343.81,0.52,0.41,2026-03-01,717,N20,VIIRS,n,2,302.73,5.19,D,0
21.94089,84.4828,332.98,0.51,0.41,2026-03-01,717,N20,VIIRS,n,2,301.66,3.67,D,0
21.94161,94.25306,332.75,0.4,0.44,2026-03-01,717,N20,VIIRS,l,2,305.14,2.85,D,0
21.94632,94.75925,339.94,0.43,0.46,2026-03-01,717,N20,VIIRS,n,2,310.17,1.69,D,0
21.9467,94.61458,342.98,0.42,0.45,2026-03-01,717,N20,VIIRS,n,2,307.87,9.29,D,0
21.94744,86.61482,345.69,0.41,0.37,2026-03-01,717,N20,VIIRS,n,2,307.13,9.92,D,0
21.94872,96.99991,331.49,0.6,0.53,2026-03-01,717,N20,VIIRS,n,2,300.69,5.29,D,0
21.9488,94.24391,345.13,0.4,0.44,2026-03-01,717,N20,VIIRS,n,2,307.04,5.17,D,0
21.95086,94.5775,334.56,0.42,0.45,2026-03-01,717,N20,VIIRS,l,2,309.04,2.46,D,0
21.95148,96.64266,335.99,0.57,0.52,2026-03-01,717,N20,VIIRS,n,2,301.29,4.06,D,0
21.95602,94.23502,336.43,0.4,0.44,2026-03-01,717,N20,VIIRS,l,2,306.79,4.59,D,0
21.95675,97.39102,334.1,0.63,0.54,2026-03-01,717,N20,VIIRS,n,2,299.73,7.76,D,0
21.95878,94.22362,334.17,0.4,0.44,2026-03-01,717,N20,VIIRS,l,2,308.57,2.17,D,0
21.9601,94.23452,343.31,0.4,0.44,2026-03-01,717,N20,VIIRS,n,2,309.18,4.59,D,0
21.96056,94.23827,349.77,0.4,0.44,2026-03-01,717,N20,VIIRS,n,2,306.27,6.23,D,0
21.96286,94.22309,335.1,0.4,0.44,2026-03-01,717,N20,VIIRS,l,2,308.51,3.68,D,0
21.96399,95.79888,335.49,0.5,0.49,2026-03-01,717,N20,VIIRS,n,2,306.37,2.31,D,0
21.9647,87.03874,340.34,0.4,0.37,2026-03-01,717,N20,VIIRS,n,2,309.38,3.83,D,0
21.96739,94.22621,335.39,0.4,0.44,2026-03-01,717,N20,VIIRS,l,2,308.65,3.68,D,0
21.96745,97.39648,332.44,0.63,0.54,2026-03-01,717,N20,VIIRS,n,2,299.25,7.41,D,0
21.96784,94.2299,341.07,0.4,0.44,2026-03-01,717,N20,VIIRS,n,2,305.51,5.48,D,0
21.9691,93.6963,338.86,0.56,0.43,2026-03-01,717,N20,VIIRS,n,2,307.9,9.79,D,0
21.9692,86.85391,336.12,0.41,0.37,2026-03-01,717,N20,VIIRS,l,2,308.86,4.49,D,0
21.97081,94.18676,341.84,0.4,0.44,2026-03-01,717,N20,VIIRS,n,2,309.06,4.29,D,0
21.97086,96.97444,335.22,0.6,0.53,2026-03-01,717,N20,VIIRS,n,2,300.85,3.74,D,0
21.97091,94.18717,341.81,0.4,0.44,2026-03-01,717,N20,VIIRS,n,2,309.06,5.6,D,0
21.97129,94.19065,337.01,0.4,0.44,2026-03-01,717,N20,VIIRS,n,2,307.41,3.62,D,0
21.97132,94.22626,342.52,0.4,0.44,2026-03-01,717,N20,VIIRS,n,2,309.86,9.13,D,0
21.97148,94.22577,343.67,0.4,0.44,2026-03-01,717,N20,VIIRS,n,2,311.36,8.73,D,0
21.97324,96.97755,332.92,0.6,0.53,2026-03-01,717,N20,VIIRS,n,2,299.23,3.99,D,0
21.97498,94.18661,338.91,0.4,0.44,2026-03-01,717,N20,VIIRS,n,2,307.77,3.62,D,0
21.97873,96.85886,339.99,0.59,0.53,2026-03-01,717,N20,VIIRS,n,2,299.21,4.91,D,0
21.97905,94.18607,340.86,0.4,0.44,2026-03-01,717,N20,VIIRS,n,2,306.28,3.62,D,0
21.98148,86.90778,334.57,0.41,0.37,2026-03-01,717,N20,VIIRS,l,2,307.8,3.16,D,0
21.98275,93.94094,343.2,0.39,0.44,2026-03-01,717,N20,VIIRS,n,2,305.84,4.16,D,0
21.98652,97.18024,336.12,0.62,0.54,2026-03-01,717,N20,VIIRS,n,2,300.64,8.97,D,0
21.98655,97.43397,367,0.32,0.54,2026-03-01,717,N20,VIIRS,h,2,303.97,9.29,D,0
21.98656,84.13013,332.39,0.53,0.42,2026-03-01,717,N20,VIIRS,l,2,303,4.33,D,0
21.98688,97.43712,367,0.32,0.55,2026-03-01,717,N20,VIIRS,h,2,302.46,15.28,D,0
21.98691,84.12694,334.7,0.53,0.42,2026-03-01,717,N20,VIIRS,n,2,303.55,3.41,D,0
21.98755,96.70966,334.61,0.57,0.52,2026-03-01,717,N20,VIIRS,n,2,300.82,4.3,D,0
21.98805,85.91733,342.62,0.44,0.38,2026-03-01,717,N20,VIIRS,n,2,306.41,4.39,D,0
21.9883,84.17887,333.28,0.52,0.42,2026-03-01,717,N20,VIIRS,n,2,301.9,4.1,D,0
21.98877,86.78172,333.68,0.41,0.37,2026-03-01,717,N20,VIIRS,l,2,306.93,3.52,D,0
21.98963,97.36526,347.14,0.63,0.54,2026-03-01,717,N20,VIIRS,n,2,306.64,9.28,D,0
21.98979,97.17731,332.24,0.61,0.54,2026-03-01,717,N20,VIIRS,n,2,300.03,8.02,D,0
21.98992,97.36881,340.53,0.63,0.54,2026-03-01,717,N20,VIIRS,n,2,301.68,13.08,D,0
21.9911,84.17611,335.84,0.52,0.42,2026-03-01,717,N20,VIIRS,n,2,303.01,4.84,D,0
21.99127,97.43042,332.23,0.32,0.54,2026-03-01,717,N20,VIIRS,n,2,301.25,9.29,D,0
21.9916,97.43357,356.25,0.32,0.54,2026-03-01,717,N20,VIIRS,n,2,304.02,9.29,D,0
21.99192,97.43671,367,0.32,0.55,2026-03-01,717,N20,VIIRS,h,2,304.18,15.28,D,0
21.99203,84.18111,347.57,0.52,0.42,2026-03-01,717,N20,VIIRS,n,2,304.25,4.84,D,0
21.99208,84.17805,344.3,0.52,0.42,2026-03-01,717,N20,VIIRS,n,2,303.35,7.36,D,0
21.99297,84.18307,336.52,0.52,0.42,2026-03-01,717,N20,VIIRS,n,2,302.98,4.47,D,0
21.99304,94.27016,337.59,0.4,0.45,2026-03-01,717,N20,VIIRS,n,2,306.23,2.51,D,0
21.99326,96.90454,340.72,0.59,0.53,2026-03-01,717,N20,VIIRS,n,2,302.56,10.97,D,0
21.99571,93.847,332.45,0.57,0.43,2026-03-01,717,N20,VIIRS,l,2,304.31,4.2,D,0
21.99924,97.97166,337.61,0.35,0.56,2026-03-01,717,N20,VIIRS,n,2,301.75,5.99,D,0
22.00078,94.16004,332.93,0.4,0.44,2026-03-01,717,N20,VIIRS,l,2,305.1,3.28,D,0
22.00134,97.17834,330.82,0.62,0.54,2026-03-01,717,N20,VIIRS,n,2,298.81,11.04,D,0
22.00256,96.24626,339.84,0.54,0.51,2026-03-01,717,N20,VIIRS,n,2,300.28,3.93,D,0
22.00299,97.34873,330.13,0.63,0.54,2026-03-01,717,N20,VIIRS,l,2,304.75,6.07,D,0
22.00544,96.92709,355.75,0.59,0.53,2026-03-01,717,N20,VIIRS,n,2,303.57,12.87,D,0
22.00704,94.2479,331.84,0.4,0.44,2026-03-01,717,N20,VIIRS,l,2,305.75,3.94,D,0
22.00801,94.2561,331.06,0.4,0.44,2026-03-01,717,N20,VIIRS,l,2,305.25,2.01,D,0
22.00847,96.909,332.62,0.59,0.53,2026-03-01,717,N20,VIIRS,n,2,300.83,3.93,D,0
22.01051,87.02222,337.61,0.4,0.37,2026-03-01,717,N20,VIIRS,l,2,310.47,6.42,D,0
22.01255,96.38689,338.98,0.55,0.51,2026-03-01,717,N20,VIIRS,n,2,297.3,5.04,D,0
22.0133,96.9082,330.6,0.59,0.53,2026-03-01,717,N20,VIIRS,l,2,301.02,3.93,D,0
22.01448,96.91944,342.03,0.59,0.53,2026-03-01,717,N20,VIIRS,n,2,302.68,12.22,D,0
22.01457,96.38348,330.82,0.55,0.51,2026-03-01,717,N20,VIIRS,n,2,298.63,2.6,D,0
22.0148,94.17361,335.43,0.4,0.44,2026-03-01,717,N20,VIIRS,l,2,307.96,4.08,D,0
22.01594,93.87948,332,0.38,0.43,2026-03-01,717,N20,VIIRS,l,2,306.26,2.72,D,0
22.01885,94.24241,336.29,0.4,0.44,2026-03-01,717,N20,VIIRS,n,2,305.78,3.28,D,0
22.01926,87.07625,346.22,0.4,0.37,2026-03-01,717,N20,VIIRS,n,2,308.92,9.73,D,0
22.01988,87.0801,352.35,0.4,0.37,2026-03-01,717,N20,VIIRS,n,2,308.74,9.73,D,0
22.02254,94.6094,339.21,0.42,0.45,2026-03-01,717,N20,VIIRS,n,2,307.56,2.46,D,0
22.02502,85.52013,342.02,0.45,0.39,2026-03-01,717,N20,VIIRS,n,2,305.31,9.43,D,0
22.03175,86.23666,330.48,0.42,0.38,2026-03-01,717,N20,VIIRS,n,2,301.76,2,D,0
22.03333,94.47199,330.34,0.42,0.45,2026-03-01,717,N20,VIIRS,n,2,305.18,2.35,D,0
22.03684,96.99146,331.78,0.6,0.53,2026-03-01,717,N20,VIIRS,l,2,302.92,5.54,D,0
22.0384,94.06201,349.54,0.39,0.44,2026-03-01,717,N20,VIIRS,n,2,307.29,5.56,D,0
22.04128,83.84258,336.44,0.55,0.42,2026-03-01,717,N20,VIIRS,n,2,300.19,2.78,D,0
22.04351,88.08498,334.93,0.39,0.36,2026-03-01,717,N20,VIIRS,l,2,309.28,1.73,D,0
22.04713,94.5908,332.56,0.42,0.45,2026-03-01,717,N20,VIIRS,l,2,307.13,2.91,D,0
22.04837,86.8838,332.56,0.41,0.37,2026-03-01,717,N20,VIIRS,l,2,304.45,3.01,D,0
22.04842,97.14986,339.8,0.61,0.54,2026-03-01,717,N20,VIIRS,n,2,304.04,7.74,D,0
22.04901,86.8877,333.43,0.41,0.37,2026-03-01,717,N20,VIIRS,l,2,304.1,1.61,D,0
22.05238,86.88706,331.22,0.41,0.37,2026-03-01,717,N20,VIIRS,l,2,305.49,1.61,D,0
22.05317,88.12523,342.81,0.39,0.36,2026-03-01,717,N20,VIIRS,n,2,309.15,4.2,D,2
22.05336,97.1493,340.93,0.61,0.54,2026-03-01,717,N20,VIIRS,n,2,301.33,10.38,D,0
22.0555,87.05411,349.67,0.4,0.37,2026-03-01,717,N20,VIIRS,n,2,307.64,5.35,D,0
22.06458,96.84613,332.26,0.59,0.53,2026-03-01,717,N20,VIIRS,n,2,301.13,4.05,D,0
22.06573,96.84766,340.84,0.59,0.53,2026-03-01,717,N20,VIIRS,n,2,300.44,7.81,D,0
22.06577,87.09579,335.38,0.4,0.37,2026-03-01,717,N20,VIIRS,n,2,307.35,3.6,D,0
22.0664,87.09964,334.73,0.4,0.37,2026-03-01,717,N20,VIIRS,n,2,307.17,3.7,D,0
22.0694,96.84538,340.11,0.59,0.53,2026-03-01,717,N20,VIIRS,n,2,298.69,6.82,D,0
22.06994,86.95181,343.61,0.4,0.37,2026-03-01,717,N20,VIIRS,n,2,309.94,9.8,D,0
22.07476,94.224,331.57,0.4,0.44,2026-03-01,717,N20,VIIRS,n,2,305.58,3.15,D,0
22.07519,94.22751,347.98,0.4,0.44,2026-03-01,717,N20,VIIRS,n,2,306.4,3.15,D,0
22.07824,94.60261,335.25,0.42,0.45,2026-03-01,717,N20,VIIRS,l,2,305.51,3.23,D,0
22.0797,93.98964,338.22,0.39,0.44,2026-03-01,717,N20,VIIRS,l,2,310.38,2.24,D,0
22.07999,93.88985,342.42,0.38,0.44,2026-03-01,717,N20,VIIRS,n,2,305.73,5.26,D,0
22.08091,93.89745,334.47,0.39,0.44,2026-03-01,717,N20,VIIRS,l,2,305.12,1.88,D,0
22.08169,87.10865,337.44,0.4,0.37,2026-03-01,717,N20,VIIRS,l,2,307.68,3.53,D,0
22.08373,93.98908,338.8,0.39,0.44,2026-03-01,717,N20,VIIRS,l,2,311.12,4.71,D,0
22.08375,84.82798,334.97,0.48,0.4,2026-03-01,717,N20,VIIRS,n,2,302.26,3.11,D,0
22.08711,94.60572,339.13,0.42,0.45,2026-03-01,717,N20,VIIRS,n,2,306.54,3.48,D,0
22.08752,93.88481,335.82,0.38,0.44,2026-03-01,717,N20,VIIRS,n,2,304.12,2.94,D,0
22.08758,93.95293,334.79,0.39,0.44,2026-03-01,717,N20,VIIRS,l,2,306.65,3.07,D,0
22.08761,93.91924,350.91,0.39,0.44,2026-03-01,717,N20,VIIRS,n,2,306.88,5.03,D,0
22.08764,94.61023,335.64,0.42,0.46,2026-03-01,717,N20,VIIRS,l,2,306.62,3.48,D,0
22.08799,93.88868,331.35,0.38,0.44,2026-03-01,717,N20,VIIRS,l,2,305.63,4.58,D,0
22.08864,86.89626,336.08,0.41,0.37,2026-03-01,717,N20,VIIRS,l,2,310.48,3.55,D,0
22.08885,93.92955,333.66,0.39,0.44,2026-03-01,717,N20,VIIRS,l,2,306.13,2.39,D,0
22.09123,96.67966,330.81,0.57,0.52,2026-03-01,717,N20,VIIRS,l,2,302.29,5.22,D,0
22.09151,93.88417,334.17,0.38,0.44,2026-03-01,717,N20,VIIRS,n,2,305.67,2.94,D,0
22.09201,86.89564,353.58,0.41,0.37,2026-03-01,717,N20,VIIRS,n,2,313.31,8.65,D,0
22.09222,96.26374,334.83,0.54,0.51,2026-03-01,717,N20,VIIRS,n,2,301.69,4.03,D,0
22.0933,93.93266,330.08,0.39,0.44,2026-03-01,717,N20,VIIRS,l,2,304.6,1.59,D,0
22.1014,86.10039,330.18,0.43,0.38,2026-03-01,717,N20,VIIRS,l,2,304.33,3.22,D,0
22.10276,93.90974,336.38,0.39,0.44,2026-03-01,717,N20,VIIRS,n,2,306.12,3.72,D,0
22.10416,86.09556,334.57,0.43,0.38,2026-03-01,717,N20,VIIRS,n,2,301.97,3.04,D,0
22.10464,94.16517,335.85,0.4,0.44,2026-03-01,717,N20,VIIRS,n,2,304.29,1.51,D,0
22.10485,86.09969,333.51,0.43,0.38,2026-03-01,717,N20,VIIRS,l,2,303.9,3.04,D,0
22.10508,86.93324,348.67,0.4,0.37,2026-03-01,717,N20,VIIRS,n,2,310.56,10.26,D,0
22.10549,86.95714,335.73,0.4,0.37,2026-03-01,717,N20,VIIRS,n,2,307.65,2.01,D,0
22.10677,93.90921,339.64,0.39,0.44,2026-03-01,717,N20,VIIRS,n,2,307.03,3.96,D,0
22.10853,94.60706,341.9,0.42,0.46,2026-03-01,717,N20,VIIRS,n,2,307.87,3.58,D,0
22.11009,94.62013,336.46,0.42,0.46,2026-03-01,717,N20,VIIRS,n,2,309.86,2.77,D,0
22.11305,96.28224,330.1,0.54,0.51,2026-03-01,717,N20,VIIRS,l,2,302.85,2.7,D,0
22.11427,94.61948,340.25,0.42,0.46,2026-03-01,717,N20,VIIRS,n,2,309.81,2.77,D,0
22.11518,86.93134,347.66,0.4,0.37,2026-03-01,717,N20,VIIRS,n,2,309.15,11.51,D,0
22.11845,86.20287,336,0.42,0.38,2026-03-01,717,N20,VIIRS,n,2,302.94,3.67,D,0
22.12098,94.53425,333.16,0.42,0.45,2026-03-01,717,N20,VIIRS,l,2,305.01,3.42,D,0
22.12189,86.20225,335.06,0.42,0.38,2026-03-01,717,N20,VIIRS,n,2,300.99,2.33,D,0
22.12227,94.1051,338.18,0.4,0.44,2026-03-01,717,N20,VIIRS,l,2,311.24,4.79,D,0
22.12246,94.53432,332.41,0.42,0.45,2026-03-01,717,N20,VIIRS,l,2,304.61,2.46,D,0
22.12469,94.60002,334.43,0.42,0.45,2026-03-01,717,N20,VIIRS,l,2,306.69,4.11,D,0
22.12509,86.66767,338.46,0.41,0.37,2026-03-01,717,N20,VIIRS,n,2,306.35,3.35,D,0
22.12522,94.60443,342.52,0.42,0.46,2026-03-01,717,N20,VIIRS,n,2,307.06,4.11,D,0
22.12588,94.1352,334.79,0.4,0.44,2026-03-01,717,N20,VIIRS,l,2,306.36,3.38,D,0
22.12622,94.60459,339.48,0.42,0.46,2026-03-01,717,N20,VIIRS,n,2,307.24,7.95,D,0
22.13114,94.46294,343.06,0.42,0.45,2026-03-01,717,N20,VIIRS,n,2,308.48,3.54,D,0
22.13455,94.60311,336.59,0.42,0.46,2026-03-01,717,N20,VIIRS,l,2,307.22,2.94,D,0
22.13635,97.46458,335.2,0.32,0.55,2026-03-01,717,N20,VIIRS,n,2,299.9,2.22,D,0
22.13758,86.72207,345.4,0.41,0.37,2026-03-01,717,N20,VIIRS,n,2,306.59,8.47,D,0
22.13823,86.72599,333.17,0.41,0.37,2026-03-01,717,N20,VIIRS,n,2,304.86,2.34,D,0
22.13871,96.21259,343.32,0.53,0.5,2026-03-01,717,N20,VIIRS,n,2,306.71,8.7,D,0
22.13897,94.49416,334.98,0.42,0.45,2026-03-01,717,N20,VIIRS,l,2,305.16,3.46,D,0
22.14116,86.8705,335.63,0.41,0.37,2026-03-01,717,N20,VIIRS,l,2,308.95,3.15,D,0
22.14237,94.20361,335.5,0.4,0.44,2026-03-01,717,N20,VIIRS,l,2,307.23,3.07,D,0
22.14336,96.21204,343.33,0.53,0.5,2026-03-01,717,N20,VIIRS,n,2,305.06,8.7,D,0
22.14408,94.04721,334.8,0.39,0.44,2026-03-01,717,N20,VIIRS,l,2,306.78,2.13,D,0
22.14453,86.86987,334.27,0.41,0.37,2026-03-01,717,N20,VIIRS,l,2,307.34,3.15,D,0
22.14668,96.24291,335.8,0.54,0.51,2026-03-01,717,N20,VIIRS,n,2,303.34,1.56,D,0
22.14752,93.87643,334.39,0.38,0.44,2026-03-01,717,N20,VIIRS,n,2,305.31,2.58,D,0
22.14778,94.21411,332.2,0.4,0.44,2026-03-01,717,N20,VIIRS,l,2,305.02,2.15,D,0
22.14799,93.88025,340.23,0.38,0.44,2026-03-01,717,N20,VIIRS,n,2,306.08,3.09,D,0
22.14929,93.87542,341.57,0.39,0.44,2026-03-01,717,N20,VIIRS,n,2,305.75,3.8,D,0
22.14974,93.87922,343.62,0.39,0.44,2026-03-01,717,N20,VIIRS,n,2,307.46,4.16,D,0
22.15376,93.87878,334.47,0.39,0.44,2026-03-01,717,N20,VIIRS,n,2,305.24,1.95,D,0
22.15542,97.99757,354.17,0.35,0.57,2026-03-01,717,N20,VIIRS,n,2,306.61,17.23,D,0
22.15598,85.64629,330.8,0.45,0.39,2026-03-01,717,N20,VIIRS,l,2,301.94,1.66,D,0
22.15644,93.8671,332.15,0.38,0.44,2026-03-01,717,N20,VIIRS,l,2,305.64,3.16,D,0
22.15882,94.10029,341.93,0.4,0.44,2026-03-01,717,N20,VIIRS,n,2,311.8,3.32,D,0
22.15952,93.85883,344.75,0.38,0.44,2026-03-01,717,N20,VIIRS,n,2,305.91,5.56,D,0
22.16269,93.88548,337.31,0.39,0.44,2026-03-01,717,N20,VIIRS,n,2,306.58,2.51,D,0
22.16365,96.22527,340.93,0.54,0.51,2026-03-01,717,N20,VIIRS,n,2,303.99,6.07,D,0
22.16553,94.54057,349.09,0.42,0.45,2026-03-01,717,N20,VIIRS,n,2,307.77,7.27,D,0
22.16603,94.54489,352.42,0.42,0.45,2026-03-01,717,N20,VIIRS,n,2,309.21,9.8,D,0
22.16693,86.92166,336.31,0.4,0.37,2026-03-01,717,N20,VIIRS,n,2,305.34,2.58,D,0
22.16831,96.22476,342.54,0.54,0.51,2026-03-01,717,N20,VIIRS,n,2,304.33,6.77,D,0
22.17595,96.20833,341.78,0.53,0.5,2026-03-01,717,N20,VIIRS,n,2,304.65,9.7,D,0
22.17648,94.10969,349.35,0.4,0.44,2026-03-01,717,N20,VIIRS,n,2,311.22,3.89,D,0
22.17668,94.10905,346.94,0.4,0.44,2026-03-01,717,N20,VIIRS,n,2,311.05,4.27,D,0
22.17766,85.62446,331.65,0.45,0.39,2026-03-01,717,N20,VIIRS,n,2,300.29,1.76,D,0
22.18388,94.06492,341.4,0.4,0.44,2026-03-01,717,N20,VIIRS,n,2,308.46,2.52,D,0
22.1857,94.08038,342.91,0.4,0.44,2026-03-01,717,N20,VIIRS,n,2,309.51,3.17,D,0
22.18696,94.47137,343.53,0.42,0.45,2026-03-01,717,N20,VIIRS,n,2,306.97,2.83,D,0
22.18713,93.88556,340.81,0.39,0.44,2026-03-01,717,N20,VIIRS,n,2,307.57,3.32,D,0
22.19155,94.47453,331.8,0.42,0.45,2026-03-01,717,N20,VIIRS,l,2,304.85,4.78,D,0
22.19458,94.57109,336.53,0.42,0.45,2026-03-01,717,N20,VIIRS,n,2,307.71,4.57,D,0
22.19613,94.47755,346.01,0.42,0.45,2026-03-01,717,N20,VIIRS,n,2,306.66,4.78,D,0
22.19642,94.84409,347.76,0.44,0.46,2026-03-01,717,N20,VIIRS,n,2,313,5.64,D,0
22.19667,96.24035,331.83,0.54,0.51,2026-03-01,717,N20,VIIRS,l,2,303.03,3.95,D,0
22.20032,87.23255,341.78,0.4,0.37,2026-03-01,717,N20,VIIRS,n,2,305.2,3.22,D,0
22.20061,86.23299,338.31,0.42,0.38,2026-03-01,717,N20,VIIRS,n,2,301.8,4.7,D,0
22.20067,94.8435,343.15,0.44,0.46,2026-03-01,717,N20,VIIRS,l,2,313.53,4.39,D,0
22.20308,97.27239,348.6,0.63,0.54,2026-03-01,717,N20,VIIRS,n,2,302.4,11.2,D,0
22.20335,97.27045,342.25,0.63,0.54,2026-03-01,717,N20,VIIRS,n,2,301.54,8.77,D,0
22.20366,87.23193,335.18,0.4,0.37,2026-03-01,717,N20,VIIRS,n,2,306.1,3.22,D,0
22.20404,94.20161,336.59,0.4,0.44,2026-03-01,717,N20,VIIRS,n,2,305.69,3.95,D,0
22.2067,97.75967,332.51,0.34,0.56,2026-03-01,717,N20,VIIRS,n,2,294.29,5.2,D,0
22.20875,95.1855,342.54,0.46,0.47,2026-03-01,717,N20,VIIRS,n,2,308.73,2.12,D,0
22.2096,94.59022,333.38,0.42,0.46,2026-03-01,717,N20,VIIRS,l,2,307.76,2.97,D,0
22.21034,94.4553,331.89,0.42,0.45,2026-03-01,717,N20,VIIRS,n,2,306.32,1.98,D,0
22.21396,93.90524,334.17,0.39,0.44,2026-03-01,717,N20,VIIRS,l,2,307.85,1.98,D,0
22.2186,95.87645,335.74,0.51,0.49,2026-03-01,717,N20,VIIRS,l,2,307.44,2.77,D,0
22.22055,93.89236,336.02,0.39,0.44,2026-03-01,717,N20,VIIRS,l,2,306.15,3.33,D,0
22.22457,93.89187,346.17,0.39,0.44,2026-03-01,717,N20,VIIRS,n,2,307.8,3.33,D,0
22.22858,93.89137,345.3,0.39,0.44,2026-03-01,717,N20,VIIRS,n,2,304.83,3.91,D,0
22.22918,94.16851,341.58,0.4,0.44,2026-03-01,717,N20,VIIRS,n,2,309.49,5.09,D,0
22.2305,94.17964,334.62,0.4,0.44,2026-03-01,717,N20,VIIRS,l,2,307.77,3.81,D,0
22.23396,86.12181,339.49,0.43,0.38,2026-03-01,717,N20,VIIRS,n,2,303.7,2.69,D,0
22.24227,96.86958,352.45,0.59,0.53,2026-03-01,717,N20,VIIRS,n,2,303.5,36.28,D,0
22.24421,97.27544,332.61,0.63,0.54,2026-03-01,717,N20,VIIRS,n,2,296.06,3.17,D,0
22.24557,94.59743,334.16,0.43,0.46,2026-03-01,717,N20,VIIRS,l,2,309.12,3.43,D,0
22.24849,94.19135,339.11,0.4,0.44,2026-03-01,717,N20,VIIRS,n,2,305.45,2.4,D,0
22.25156,94.80228,335.25,0.44,0.46,2026-03-01,717,N20,VIIRS,n,2,308.96,2.28,D,0
22.25196,94.80214,335.69,0.44,0.46,2026-03-01,717,N20,VIIRS,n,2,308.75,1.81,D,0
22.25728,94.16087,334.16,0.4,0.44,2026-03-01,717,N20,VIIRS,l,2,308.17,3.74,D,0
22.25774,94.16467,341.24,0.4,0.44,2026-03-01,717,N20,VIIRS,n,2,307.37,3.74,D,0
22.25867,94.07016,332.44,0.4,0.44,2026-03-01,717,N20,VIIRS,l,2,306.82,4.84,D,0
22.26078,97.59759,353.35,0.33,0.55,2026-03-01,717,N20,VIIRS,n,2,299.1,7.12,D,0
22.26274,94.06973,351.56,0.4,0.44,2026-03-01,717,N20,VIIRS,n,2,310.14,4.84,D,0
22.26366,87.13408,337.62,0.4,0.37,2026-03-01,717,N20,VIIRS,l,2,311.83,2.47,D,0
22.26794,94.11227,336.42,0.4,0.44,2026-03-01,717,N20,VIIRS,l,2,309.58,3.82,D,0
22.26842,94.11619,351.69,0.4,0.44,2026-03-01,717,N20,VIIRS,n,2,310.49,3.82,D,0
22.26923,94.88303,343.41,0.44,0.46,2026-03-01,717,N20,VIIRS,n,2,312.18,4.66,D,0
22.26983,92.11433,331.94,0.47,0.4,2026-03-01,717,N20,VIIRS,n,2,300.49,3.35,D,0
22.26986,86.58708,337.15,0.41,0.37,2026-03-01,717,N20,VIIRS,n,2,304.37,0.56,D,0
22.27001,97.58663,330.42,0.33,0.55,2026-03-01,717,N20,VIIRS,n,2,299.48,2.31,D,0
22.2702,94.88274,346.68,0.44,0.46,2026-03-01,717,N20,VIIRS,n,2,312.57,4.49,D,0
22.27278,97.45924,338.08,0.32,0.55,2026-03-01,717,N20,VIIRS,n,2,300.44,2.8,D,0
22.27325,86.58643,336.54,0.41,0.37,2026-03-01,717,N20,VIIRS,n,2,305.04,2.23,D,0
22.27545,96.87182,340.19,0.59,0.53,2026-03-01,717,N20,VIIRS,n,2,299.67,6.53,D,0
22.27712,96.87331,340.65,0.59,0.53,2026-03-01,717,N20,VIIRS,n,2,297.64,8.08,D,0
22.27894,95.5366,343.52,0.49,0.48,2026-03-01,717,N20,VIIRS,n,2,310.33,10.54,D,0
22.2813,94.18788,342.69,0.4,0.44,2026-03-01,717,N20,VIIRS,n,2,307.75,6.53,D,0
22.28387,93.89841,340.25,0.39,0.44,2026-03-01,717,N20,VIIRS,n,2,305.41,5.28,D,0
22.28568,94.83695,339.87,0.44,0.46,2026-03-01,717,N20,VIIRS,n,2,309.78,3.15,D,0
22.28762,94.85403,346.92,0.44,0.46,2026-03-01,717,N20,VIIRS,n,2,309.95,4.32,D,0
22.28811,94.85836,347.37,0.44,0.46,2026-03-01,717,N20,VIIRS,n,2,310.32,4.32,D,0
22.28926,93.90939,336.26,0.39,0.44,2026-03-01,717,N20,VIIRS,n,2,304.38,2.46,D,0
22.29142,97.19552,334.98,0.62,0.54,2026-03-01,717,N20,VIIRS,n,2,296.92,8.87,D,0
22.2924,97.19428,331.06,0.62,0.54,2026-03-01,717,N20,VIIRS,n,2,297.89,6.92,D,0
22.293,94.18652,338.23,0.4,0.44,2026-03-01,717,N20,VIIRS,n,2,305.79,2.82,D,0
22.29361,94.18658,336.13,0.4,0.44,2026-03-01,717,N20,VIIRS,n,2,306.03,3.31,D,0
22.29372,86.88162,335.26,0.4,0.37,2026-03-01,717,N20,VIIRS,n,2,305.25,3.51,D,0
22.29582,86.87322,332,0.4,0.37,2026-03-01,717,N20,VIIRS,n,2,305.39,4.12,D,0
22.29635,96.83556,341.09,0.59,0.53,2026-03-01,717,N20,VIIRS,n,2,302.77,12.12,D,0
22.29645,86.87711,345.29,0.4,0.37,2026-03-01,717,N20,VIIRS,n,2,307.07,4.12,D,0
22.29662,94.00579,333.51,0.39,0.44,2026-03-01,717,N20,VIIRS,l,2,306.01,2.65,D,0
22.29708,94.00965,344.08,0.39,0.44,2026-03-01,717,N20,VIIRS,n,2,309,2.65,D,0
22.29912,97.10951,332.99,0.61,0.54,2026-03-01,717,N20,VIIRS,n,2,300.54,4.46,D,0
22.29946,94.17068,344.75,0.4,0.44,2026-03-01,717,N20,VIIRS,n,2,308.62,5.6,D,0
22.29982,86.87647,344.43,0.4,0.37,2026-03-01,717,N20,VIIRS,n,2,312.52,46.92,D,0
22.30113,95.29653,343.93,0.47,0.48,2026-03-01,717,N20,VIIRS,n,2,310.78,7.02,D,0
22.30151,87.03568,335.27,0.4,0.37,2026-03-01,717,N20,VIIRS,l,2,306.5,3.57,D,0
22.30226,94.23056,333.26,0.41,0.45,2026-03-01,717,N20,VIIRS,n,2,303.82,3.36,D,0
22.30486,87.03503,335.69,0.4,0.37,2026-03-01,717,N20,VIIRS,l,2,306,2.69,D,0
22.30678,94.7949,342.09,0.44,0.46,2026-03-01,717,N20,VIIRS,n,2,310.32,2.35,D,0
22.30746,94.83828,337.77,0.44,0.46,2026-03-01,717,N20,VIIRS,l,2,309.35,4.63,D,0
22.31429,94.0507,344.98,0.4,0.44,2026-03-01,717,N20,VIIRS,n,2,311.46,4.6,D,0
22.31662,86.14792,341.97,0.42,0.38,2026-03-01,717,N20,VIIRS,n,2,299.22,3.75,D,0
22.31712,97.13973,341.28,0.62,0.54,2026-03-01,717,N20,VIIRS,n,2,298.35,11.64,D,0
22.31841,94.44452,331.62,0.42,0.45,2026-03-01,717,N20,VIIRS,l,2,304.06,3.24,D,0
22.31974,94.06183,341.82,0.4,0.44,2026-03-01,717,N20,VIIRS,n,2,310.25,3.43,D,0
22.32169,97.63918,353.29,0.33,0.55,2026-03-01,717,N20,VIIRS,n,2,299.47,5.99,D,0
22.32232,97.64545,340.19,0.33,0.55,2026-03-01,717,N20,VIIRS,n,2,302.97,8.68,D,0
22.32264,97.64857,333.91,0.33,0.55,2026-03-01,717,N20,VIIRS,n,2,301.42,3.85,D,0
22.32473,94.06909,347.42,0.4,0.44,2026-03-01,717,N20,VIIRS,n,2,311.53,6.36,D,0
22.3248,94.10442,334.99,0.4,0.44,2026-03-01,717,N20,VIIRS,l,2,308.67,2.16,D,0
22.32722,94.97292,343.63,0.45,0.47,2026-03-01,717,N20,VIIRS,n,2,314.21,9.61,D,0
22.32746,97.64504,345.9,0.33,0.55,2026-03-01,717,N20,VIIRS,n,2,302.61,6.84,D,0
22.32778,97.64822,338.01,0.33,0.55,2026-03-01,717,N20,VIIRS,n,2,300.41,6.11,D,0
22.32888,94.10392,341.26,0.4,0.44,2026-03-01,717,N20,VIIRS,n,2,309,3.39,D,0
22.33186,93.95746,338.17,0.39,0.44,2026-03-01,717,N20,VIIRS,n,2,306.73,2.84,D,0
22.33565,96.36922,332.57,0.55,0.51,2026-03-01,717,N20,VIIRS,n,2,301.93,5.05,D,0
22.33775,94.7647,338.38,0.44,0.46,2026-03-01,717,N20,VIIRS,n,2,307.91,2.32,D,0
22.33864,97.05586,332.86,0.61,0.53,2026-03-01,717,N20,VIIRS,n,2,299.81,7.21,D,0
22.34141,87.1114,335.11,0.4,0.37,2026-03-01,717,N20,VIIRS,n,2,307.58,1.92,D,0
22.3417,97.03716,341.76,0.61,0.53,2026-03-01,717,N20,VIIRS,n,2,300.37,7.6,D,0
22.3422,94.65745,342.1,0.43,0.46,2026-03-01,717,N20,VIIRS,n,2,312.21,4.45,D,0
22.34233,97.0433,330.29,0.61,0.53,2026-03-01,717,N20,VIIRS,n,2,299.7,9.48,D,0
22.34239,93.90954,345.31,0.39,0.44,2026-03-01,717,N20,VIIRS,n,2,306.6,5.57,D,0
22.34251,94.6578,343.12,0.43,0.46,2026-03-01,717,N20,VIIRS,n,2,312.97,4.5,D,0
22.34295,97.04929,349.61,0.61,0.53,2026-03-01,717,N20,VIIRS,n,2,301.45,9.48,D,0
22.34352,94.77708,343.27,0.44,0.46,2026-03-01,717,N20,VIIRS,n,2,308.97,2.83,D,0
22.34419,94.23302,330.27,0.41,0.45,2026-03-01,717,N20,VIIRS,l,2,302.71,3.57,D,0
22.34595,97.03008,338.25,0.61,0.53,2026-03-01,717,N20,VIIRS,n,2,299.94,7.6,D,0
22.34632,94.83759,334.84,0.44,0.46,2026-03-01,717,N20,VIIRS,l,2,308.46,2.43,D,0
22.34662,97.03658,330.18,0.61,0.53,2026-03-01,717,N20,VIIRS,n,2,299.52,7.6,D,0
22.34777,94.77657,335.23,0.44,0.46,2026-03-01,717,N20,VIIRS,n,2,308.85,2.83,D,0
22.34783,94.08957,347.19,0.4,0.44,2026-03-01,717,N20,VIIRS,n,2,311.75,4.55,D,0
22.35006,94.83265,342.79,0.44,0.46,2026-03-01,717,N20,VIIRS,n,2,310.11,4.43,D,0
22.35086,97.02947,344.11,0.61,0.53,2026-03-01,717,N20,VIIRS,n,2,299.07,13.83,D,0
22.35738,94.10019,341.95,0.4,0.44,2026-03-01,717,N20,VIIRS,n,2,308.64,4.8,D,0
22.36113,86.97678,346.27,0.4,0.37,2026-03-01,717,N20,VIIRS,n,2,307.3,6.82,D,0
22.36153,94.45238,342.13,0.42,0.45,2026-03-01,717,N20,VIIRS,n,2,304.55,4.4,D,0
22.36268,86.97662,350.16,0.4,0.37,2026-03-01,717,N20,VIIRS,n,2,306.7,8.74,D,0
22.36746,94.727,337.31,0.43,0.46,2026-03-01,717,N20,VIIRS,l,2,307.69,3.75,D,0
22.36794,94.73129,333.5,0.44,0.46,2026-03-01,717,N20,VIIRS,l,2,307.52,4.25,D,0
22.37339,86.9786,332.06,0.4,0.37,2026-03-01,717,N20,VIIRS,l,2,304.37,2.06,D,0
22.37402,86.98247,332.34,0.4,0.37,2026-03-01,717,N20,VIIRS,n,2,305.57,2.06,D,0
22.37528,96.56666,351.81,0.57,0.52,2026-03-01,717,N20,VIIRS,n,2,305.59,22.69,D,0
22.37725,87.07699,333.54,0.4,0.37,2026-03-01,717,N20,VIIRS,l,2,305.46,1.33,D,0
22.37844,87.07291,340.17,0.4,0.37,2026-03-01,717,N20,VIIRS,n,2,305.24,3.33,D,0
22.37847,87.27767,337.08,0.4,0.37,2026-03-01,717,N20,VIIRS,l,2,307.67,6.05,D,2
22.37856,94.20684,340.95,0.4,0.45,2026-03-01,717,N20,VIIRS,n,2,305.33,4.66,D,0
22.37901,97.71951,334.47,0.34,0.56,2026-03-01,717,N20,VIIRS,n,2,299.07,2.71,D,0
22.37907,87.07674,341.93,0.4,0.37,2026-03-01,717,N20,VIIRS,n,2,306.84,3.33,D,0
22.37909,94.21124,344.31,0.4,0.45,2026-03-01,717,N20,VIIRS,n,2,306.93,4.66,D,0
22.38003,96.56589,334.27,0.57,0.52,2026-03-01,717,N20,VIIRS,n,2,303.28,4.52,D,0
22.38126,96.5777,342.32,0.57,0.52,2026-03-01,717,N20,VIIRS,n,2,303.5,10.05,D,0
22.38179,87.07227,332.46,0.4,0.37,2026-03-01,717,N20,VIIRS,l,2,304.55,3.33,D,0
22.38241,87.07611,350.13,0.4,0.37,2026-03-01,717,N20,VIIRS,n,2,305.76,3.33,D,0
22.38735,94.75063,346.9,0.44,0.46,2026-03-01,717,N20,VIIRS,n,2,308.88,4.53,D,0
22.38783,94.75489,338.34,0.44,0.46,2026-03-01,717,N20,VIIRS,n,2,307.42,4.9,D,0
22.38974,87.07869,334.27,0.4,0.37,2026-03-01,717,N20,VIIRS,l,2,305.59,3.08,D,0
22.39128,93.96598,332.89,0.39,0.44,2026-03-01,717,N20,VIIRS,l,2,305.81,1.78,D,0
22.39366,94.09192,342.88,0.4,0.44,2026-03-01,717,N20,VIIRS,n,2,310.95,5.37,D,0
22.39371,87.08189,331.36,0.4,0.37,2026-03-01,717,N20,VIIRS,l,2,305.89,2.76,D,0
22.39487,86.4705,330.94,0.41,0.37,2026-03-01,717,N20,VIIRS,l,2,304.27,2.71,D,0
22.39646,86.95035,334.12,0.4,0.37,2026-03-01,717,N20,VIIRS,n,2,303.68,6.8,D,0
22.39918,86.94585,342.31,0.4,0.37,2026-03-01,717,N20,VIIRS,n,2,306.94,6.49,D,0
22.39981,86.94971,347.02,0.4,0.37,2026-03-01,717,N20,VIIRS,n,2,306.36,6.4,D,0
22.40226,86.49371,334.62,0.41,0.37,2026-03-01,717,N20,VIIRS,n,2,302.05,2.97,D,0
22.40704,97.53136,332.71,0.33,0.55,2026-03-01,717,N20,VIIRS,n,2,298.69,2.41,D,0
22.4073,86.80421,331,0.41,0.37,2026-03-01,717,N20,VIIRS,l,2,305.07,2.51,D,0
22.40747,96.55125,340.97,0.57,0.52,2026-03-01,717,N20,VIIRS,n,2,300.44,3.95,D,0
22.40849,94.04224,337.99,0.4,0.44,2026-03-01,717,N20,VIIRS,l,2,308.39,2.71,D,0
22.40929,94.53437,331.08,0.42,0.45,2026-03-01,717,N20,VIIRS,n,2,304.2,5.16,D,0
22.40976,94.53832,340.38,0.42,0.45,2026-03-01,717,N20,VIIRS,n,2,304.63,4.15,D,0
22.4124,86.89941,347.91,0.4,0.37,2026-03-01,717,N20,VIIRS,n,2,306.15,6.82,D,0
22.41383,94.19408,334.38,0.4,0.45,2026-03-01,717,N20,VIIRS,n,2,303.47,2.97,D,0
22.41595,95.04259,343.6,0.46,0.47,2026-03-01,717,N20,VIIRS,n,2,313.58,3.31,D,0
22.41615,94.03726,339.97,0.4,0.44,2026-03-01,717,N20,VIIRS,n,2,308.54,2.92,D,0
22.41661,94.04118,333.92,0.4,0.44,2026-03-01,717,N20,VIIRS,l,2,308.1,2.92,D,0
22.41945,94.17087,349.55,0.4,0.44,2026-03-01,717,N20,VIIRS,n,2,310.34,8,D,0
22.41971,95.4339,335.73,0.48,0.48,2026-03-01,717,N20,VIIRS,l,2,308.74,4.17,D,0
22.41974,86.83795,333.16,0.4,0.37,2026-03-01,717,N20,VIIRS,l,2,304.42,2.15,D,0
22.42034,94.21423,335.15,0.41,0.45,2026-03-01,717,N20,VIIRS,n,2,306.4,2.23,D,0
22.42037,86.84184,332.79,0.4,0.37,2026-03-01,717,N20,VIIRS,l,2,305.46,2.78,D,0
22.42056,96.53817,336.03,0.57,0.52,2026-03-01,717,N20,VIIRS,n,2,304.18,7.21,D,0
22.42078,86.80166,337.69,0.41,0.37,2026-03-01,717,N20,VIIRS,n,2,304.12,2.31,D,0
22.42102,86.16238,330.93,0.42,0.38,2026-03-01,717,N20,VIIRS,l,2,304.57,2.86,D,0
22.42235,96.60036,330.44,0.57,0.52,2026-03-01,717,N20,VIIRS,n,2,300.28,4.58,D,0
22.42285,94.0243,344.99,0.4,0.44,2026-03-01,717,N20,VIIRS,n,2,309.06,4.58,D,0
22.42596,96.96535,339.72,0.6,0.53,2026-03-01,717,N20,VIIRS,n,2,298.15,10.16,D,0
22.42668,93.95321,335.11,0.39,0.44,2026-03-01,717,N20,VIIRS,n,2,304.09,3.88,D,0
22.42713,96.59971,334.63,0.57,0.52,2026-03-01,717,N20,VIIRS,n,2,299.53,4.58,D,0
22.42714,93.957,342.74,0.39,0.44,2026-03-01,717,N20,VIIRS,n,2,307.18,4.66,D,0
22.42771,96.60519,339.26,0.57,0.52,2026-03-01,717,N20,VIIRS,n,2,297.66,10.65,D,0
22.42953,96.53182,330.53,0.57,0.52,2026-03-01,717,N20,VIIRS,l,2,304.92,8.45,D,0
22.4301,96.53706,343.09,0.57,0.52,2026-03-01,717,N20,VIIRS,n,2,311.33,58.77,D,0
22.43112,93.4991,331.1,0.56,0.43,2026-03-01,717,N20,VIIRS,n,2,296.05,5.67,D,0
22.43157,93.50175,333.36,0.55,0.43,2026-03-01,717,N20,VIIRS,n,2,295.87,6.63,D,0
22.43292,93.97095,341,0.39,0.44,2026-03-01,717,N20,VIIRS,n,2,305.09,4.25,D,0
22.43326,87.07051,337.74,0.4,0.37,2026-03-01,717,N20,VIIRS,n,2,307.28,4.08,D,0
22.4343,96.53133,340.27,0.57,0.52,2026-03-01,717,N20,VIIRS,n,2,304.89,10.13,D,0
22.43472,96.52819,339.44,0.57,0.52,2026-03-01,717,N20,VIIRS,n,2,302.98,5.12,D,0
22.43487,96.53658,339.66,0.57,0.52,2026-03-01,717,N20,VIIRS,n,2,304,7.96,D,0
22.43525,96.5335,334.07,0.57,0.52,2026-03-01,717,N20,VIIRS,l,2,304.15,5.12,D,0
22.43585,94.54321,331.3,0.42,0.46,2026-03-01,717,N20,VIIRS,n,2,304.92,1.73,D,0
22.43661,94.54001,333.21,0.42,0.46,2026-03-01,717,N20,VIIRS,l,2,305.52,2.23,D,0
22.43756,94.51089,330.1,0.42,0.45,2026-03-01,717,N20,VIIRS,l,2,304.01,3.21,D,0
22.43853,96.57054,350.11,0.57,0.52,2026-03-01,717,N20,VIIRS,n,2,302.38,37.89,D,0
22.43863,96.56716,331.5,0.57,0.52,2026-03-01,717,N20,VIIRS,n,2,301.38,18.95,D,0
22.43888,86.16309,337.89,0.42,0.38,2026-03-01,717,N20,VIIRS,n,2,304.1,3.71,D,0
22.43921,96.57301,340.19,0.57,0.52,2026-03-01,717,N20,VIIRS,n,2,298.22,19.88,D,0
22.44314,96.93954,342.7,0.6,0.53,2026-03-01,717,N20,VIIRS,n,2,300.23,9.19,D,0
22.44534,96.12495,349.98,0.53,0.5,2026-03-01,717,N20,VIIRS,n,2,306.66,11.17,D,0
22.44786,95.17015,343.12,0.46,0.47,2026-03-01,717,N20,VIIRS,n,2,310.55,4.71,D,0
22.45105,86.9241,331.99,0.4,0.37,2026-03-01,717,N20,VIIRS,n,2,306.27,1.34,D,0
22.45386,94.00817,346.47,0.39,0.44,2026-03-01,717,N20,VIIRS,n,2,307.71,4.09,D,0
22.45463,94.58639,332.03,0.43,0.46,2026-03-01,717,N20,VIIRS,n,2,304.45,2.75,D,0
22.4577,95.02387,340.14,0.45,0.47,2026-03-01,717,N20,VIIRS,n,2,313.96,2.78,D,0
22.45783,94.72919,334.88,0.44,0.46,2026-03-01,717,N20,VIIRS,n,2,307.4,2.4,D,0
22.45839,96.99119,338.33,0.61,0.53,2026-03-01,717,N20,VIIRS,n,2,299.55,10.16,D,0
22.46034,86.73842,341.16,0.41,0.37,2026-03-01,717,N20,VIIRS,n,2,307.21,16.82,D,0
22.46115,86.80666,348.64,0.4,0.37,2026-03-01,717,N20,VIIRS,n,2,305.96,5.21,D,0
22.46128,86.87074,334.21,0.4,0.37,2026-03-01,717,N20,VIIRS,n,2,303.56,3.39,D,0
22.46222,96.9325,335.84,0.6,0.53,2026-03-01,717,N20,VIIRS,n,2,299.38,15.95,D,0
22.46284,96.93844,339.75,0.6,0.53,2026-03-01,717,N20,VIIRS,n,2,296.46,18.99,D,0
22.46452,93.9943,336.28,0.39,0.44,2026-03-01,717,N20,VIIRS,n,2,304.67,2.81,D,0
22.46465,86.8701,339.48,0.4,0.37,2026-03-01,717,N20,VIIRS,n,2,304.7,3.39,D,0
22.46528,86.87398,332.99,0.4,0.37,2026-03-01,717,N20,VIIRS,n,2,304.38,1.8,D,0
22.46551,93.02271,332.22,0.52,0.42,2026-03-01,717,N20,VIIRS,l,2,303.25,6.88,D,0
22.46551,94.00237,331.89,0.39,0.44,2026-03-01,717,N20,VIIRS,l,2,305.76,1.85,D,0
22.46599,94.00635,333.34,0.39,0.44,2026-03-01,717,N20,VIIRS,n,2,306.3,2.19,D,0
22.46668,87.17087,335.96,0.4,0.37,2026-03-01,717,N20,VIIRS,n,2,306.32,3.12,D,0
22.4673,87.1747,334.69,0.4,0.37,2026-03-01,717,N20,VIIRS,n,2,303.61,2.16,D,0
22.46859,93.99392,332.85,0.39,0.44,2026-03-01,717,N20,VIIRS,l,2,305.35,2.81,D,0
22.47074,86.86495,334.78,0.4,0.37,2026-03-01,717,N20,VIIRS,n,2,305.29,2.54,D,0
22.47137,86.86883,330.91,0.4,0.37,2026-03-01,717,N20,VIIRS,l,2,305.12,2.54,D,0
22.4717,94.22557,331.94,0.41,0.45,2026-03-01,717,N20,VIIRS,l,2,303.47,4.67,D,0
22.4741,86.86431,334.86,0.4,0.37,2026-03-01,717,N20,VIIRS,n,2,306.47,5.11,D,0
22.47474,86.86819,340.73,0.4,0.37,2026-03-01,717,N20,VIIRS,n,2,305.6,5.11,D,0
22.47629,93.28542,332.06,0.54,0.42,2026-03-01,717,N20,VIIRS,n,2,300.36,4.95,D,0
22.47653,94.02508,335.34,0.4,0.44,2026-03-01,717,N20,VIIRS,n,2,308.09,2.01,D,0
22.47742,94.63651,340.86,0.43,0.46,2026-03-01,717,N20,VIIRS,n,2,308.62,3.47,D,0
22.48361,94.57876,333.35,0.43,0.46,2026-03-01,717,N20,VIIRS,l,2,306.38,4.44,D,0
22.48366,87.14799,340.95,0.4,0.37,2026-03-01,717,N20,VIIRS,n,2,304.78,3.2,D,0
22.48579,97.40941,334.33,0.32,0.55,2026-03-01,717,N20,VIIRS,n,2,298.54,3.31,D,0
22.48926,96.45032,339.2,0.56,0.51,2026-03-01,717,N20,VIIRS,n,2,302.5,7.32,D,0
22.4902,87.29609,342.23,0.39,0.37,2026-03-01,717,N20,VIIRS,n,2,305.68,2.65,D,0
22.49086,97.40906,353.17,0.32,0.55,2026-03-01,717,N20,VIIRS,n,2,298.77,3.31,D,0
22.49167,87.24091,336.57,0.4,0.37,2026-03-01,717,N20,VIIRS,n,2,306.15,4.33,D,0
22.49184,86.59057,333.55,0.41,0.37,2026-03-01,717,N20,VIIRS,n,2,303.38,2.06,D,0
22.49353,87.29546,333.42,0.39,0.37,2026-03-01,717,N20,VIIRS,n,2,304.27,2.65,D,0
22.4937,94.74181,347.5,0.44,0.46,2026-03-01,717,N20,VIIRS,n,2,308.34,4.94,D,0
22.49469,94.75052,341.57,0.44,0.46,2026-03-01,717,N20,VIIRS,n,2,307.36,5.45,D,0
22.49795,94.74129,331.32,0.44,0.46,2026-03-01,717,N20,VIIRS,l,2,305.96,4.94,D,0
22.49848,94.63358,341.99,0.43,0.46,2026-03-01,717,N20,VIIRS,n,2,307.43,4.26,D,0
22.49889,95.97581,343.9,0.52,0.5,2026-03-01,717,N20,VIIRS,n,2,306.27,17.95,D,0
22.49961,95.97875,342.73,0.52,0.5,2026-03-01,717,N20,VIIRS,n,2,305.75,16.8,D,0
22.50146,94.16782,341.23,0.4,0.45,2026-03-01,717,N20,VIIRS,n,2,305.63,5.91,D,0
22.50158,94.13282,342.67,0.4,0.44,2026-03-01,717,N20,VIIRS,n,2,311.98,12.04,D,0
22.50213,94.13284,343.66,0.4,0.44,2026-03-01,717,N20,VIIRS,n,2,313.03,12.64,D,0
22.50224,94.16776,341.38,0.4,0.45,2026-03-01,717,N20,VIIRS,n,2,306.62,6.38,D,0
22.50947,95.28254,345.51,0.47,0.48,2026-03-01,717,N20,VIIRS,n,2,308.59,4.93,D,0
22.51127,97.05031,337.6,0.61,0.54,2026-03-01,717,N20,VIIRS,n,2,299.07,8.33,D,0
22.51253,94.53448,336.03,0.42,0.46,2026-03-01,717,N20,VIIRS,n,2,306.26,2.77,D,0
22.51312,94.83663,344.44,0.44,0.46,2026-03-01,717,N20,VIIRS,l,2,315.23,5.66,D,0
22.5132,94.01966,341.2,0.4,0.44,2026-03-01,717,N20,VIIRS,n,2,306.41,3.12,D,0
22.51609,94.11492,344.39,0.4,0.44,2026-03-01,717,N20,VIIRS,n,2,313.42,8.64,D,0
22.51677,94.46265,332.99,0.42,0.45,2026-03-01,717,N20,VIIRS,l,2,304.63,2.29,D,0
22.52058,97.39999,351.1,0.32,0.55,2026-03-01,717,N20,VIIRS,n,2,298.19,2.85,D,0
22.52889,87.17939,343.56,0.4,0.37,2026-03-01,717,N20,VIIRS,n,2,307.42,5.59,D,0
22.53504,97.69672,347.97,0.34,0.56,2026-03-01,717,N20,VIIRS,n,2,297.47,3.37,D,0
22.5352,87.15459,330.45,0.4,0.37,2026-03-01,717,N20,VIIRS,l,2,305.2,1.44,D,0
22.53643,87.16223,333.63,0.4,0.37,2026-03-01,717,N20,VIIRS,n,2,305.51,2.4,D,0
22.5373,87.14633,345.24,0.4,0.37,2026-03-01,717,N20,VIIRS,n,2,306.4,8.22,D,0
22.54013,87.18513,336.91,0.4,0.37,2026-03-01,717,N20,VIIRS,n,2,303.86,1.75,D,0
22.54133,94.96984,336.12,0.45,0.47,2026-03-01,717,N20,VIIRS,l,2,310.09,1.57,D,0
22.5422,95.05511,339.96,0.46,0.47,2026-03-01,717,N20,VIIRS,n,2,312.07,3.15,D,0
22.54233,94.97866,336.43,0.45,0.47,2026-03-01,717,N20,VIIRS,l,2,310.69,1.31,D,0
22.54274,94.23637,334.19,0.41,0.45,2026-03-01,717,N20,VIIRS,l,2,304.31,3.76,D,0
22.54655,94.16209,333.86,0.4,0.45,2026-03-01,717,N20,VIIRS,l,2,306.16,3.25,D,0
22.55069,94.02276,337.43,0.4,0.44,2026-03-01,717,N20,VIIRS,l,2,308.84,4.91,D,0
22.55678,94.9902,343.42,0.45,0.47,2026-03-01,717,N20,VIIRS,l,2,314.44,10.2,D,0
22.55709,87.16229,335.72,0.4,0.37,2026-03-01,717,N20,VIIRS,n,2,305.12,1.63,D,0
22.56111,94.14454,336.36,0.4,0.44,2026-03-01,717,N20,VIIRS,n,2,310.21,2.13,D,0
22.56787,94.60217,333.67,0.43,0.46,2026-03-01,717,N20,VIIRS,n,2,302.19,4.35,D,0
22.56819,94.89972,335.58,0.45,0.47,2026-03-01,717,N20,VIIRS,l,2,310.09,1.96,D,0
22.57116,95.51971,330.08,0.49,0.49,2026-03-01,717,N20,VIIRS,l,2,304.88,1.51,D,0
22.57359,87.07233,348.51,0.4,0.37,2026-03-01,717,N20,VIIRS,n,2,306.03,7.92,D,0
22.57627,94.89426,341.19,0.45,0.47,2026-03-01,717,N20,VIIRS,l,2,311.49,4.38,D,0
22.57693,87.07172,333.33,0.4,0.37,2026-03-01,717,N20,VIIRS,l,2,303.96,3.15,D,0
22.57765,87.11902,339.84,0.4,0.37,2026-03-01,717,N20,VIIRS,n,2,303.79,4.76,D,0
22.58056,94.89371,343.03,0.45,0.47,2026-03-01,717,N20,VIIRS,n,2,312.87,4.86,D,0
22.58107,94.89803,336.62,0.45,0.47,2026-03-01,717,N20,VIIRS,l,2,310.36,1.55,D,0
22.58235,94.43198,330.49,0.42,0.45,2026-03-01,717,N20,VIIRS,l,2,301.43,1.93,D,0
22.58432,93.99403,332.95,0.4,0.44,2026-03-01,717,N20,VIIRS,l,2,307.38,2.99,D,0
22.59846,94.46112,342.38,0.42,0.45,2026-03-01,717,N20,VIIRS,n,2,307.52,5.72,D,0
22.60963,94.78101,341.88,0.44,0.46,2026-03-01,717,N20,VIIRS,n,2,311.25,3.52,D,0
22.60972,94.0313,343.96,0.4,0.44,2026-03-01,717,N20,VIIRS,n,2,310.62,3.91,D,0
22.61554,94.0105,337.59,0.4,0.44,2026-03-01,717,N20,VIIRS,l,2,307.82,5.5,D,0
22.61601,94.01447,345.22,0.4,0.44,2026-03-01,717,N20,VIIRS,n,2,309.27,5.5,D,0
22.61647,94.01844,344.97,0.4,0.44,2026-03-01,717,N20,VIIRS,n,2,308.08,3.85,D,0
22.61701,94.73209,341.39,0.44,0.46,2026-03-01,717,N20,VIIRS,n,2,310.39,5.26,D,0
22.6175,94.73636,342.9,0.44,0.46,2026-03-01,717,N20,VIIRS,n,2,310.01,6.77,D,0
22.62006,94.01385,347.18,0.4,0.44,2026-03-01,717,N20,VIIRS,n,2,307.86,5.5,D,0
22.62053,94.01786,334.91,0.4,0.44,2026-03-01,717,N20,VIIRS,n,2,306.48,3.85,D,0
22.62676,94.00064,342.71,0.4,0.44,2026-03-01,717,N20,VIIRS,n,2,307.19,3.44,D,0
22.63205,97.86802,328.34,0.35,0.56,2026-03-01,717,N20,VIIRS,n,2,296.16,1.92,D,0
22.63272,94.01616,350.8,0.4,0.44,2026-03-01,717,N20,VIIRS,n,2,308.59,6.96,D,0
22.6332,94.0202,337.21,0.4,0.44,2026-03-01,717,N20,VIIRS,n,2,305.39,6.96,D,0
22.63574,94.70758,340.76,0.44,0.46,2026-03-01,717,N20,VIIRS,n,2,307.51,5.37,D,0
22.6363,94.01158,344.79,0.4,0.44,2026-03-01,717,N20,VIIRS,n,2,306.84,5.51,D,0
22.63953,94.89135,346.33,0.45,0.47,2026-03-01,717,N20,VIIRS,n,2,313.98,10.8,D,0
22.63998,94.707,348.16,0.44,0.46,2026-03-01,717,N20,VIIRS,n,2,308.53,5.18,D,0
22.64269,94.5477,335.43,0.43,0.46,2026-03-01,717,N20,VIIRS,n,2,305.09,1.8,D,0
22.64796,94.70155,332.04,0.44,0.46,2026-03-01,717,N20,VIIRS,l,2,306.24,2.48,D,0
22.64884,94.11765,338.57,0.4,0.44,2026-03-01,717,N20,VIIRS,n,2,308.38,3.04,D,0
22.64887,94.15324,342.5,0.4,0.45,2026-03-01,717,N20,VIIRS,n,2,309.45,6.1,D,0
22.64931,94.15709,354.5,0.41,0.45,2026-03-01,717,N20,VIIRS,n,2,308.77,6.08,D,0
22.65061,94.09747,337.01,0.4,0.44,2026-03-01,717,N20,VIIRS,l,2,309.44,1.84,D,0
22.6522,94.70097,334.33,0.44,0.46,2026-03-01,717,N20,VIIRS,l,2,306.96,2.48,D,0
22.65296,94.15263,349.28,0.4,0.45,2026-03-01,717,N20,VIIRS,n,2,308.75,6.1,D,0
22.65341,94.15647,336.29,0.41,0.45,2026-03-01,717,N20,VIIRS,n,2,307.48,6.08,D,0
22.65675,94.81412,335.5,0.44,0.46,2026-03-01,717,N20,VIIRS,n,2,309.48,2.44,D,0
22.66349,95.94785,342.38,0.52,0.5,2026-03-01,717,N20,VIIRS,n,2,308.4,5.89,D,0
22.66354,94.03212,337.53,0.4,0.44,2026-03-01,717,N20,VIIRS,n,2,306.21,7.49,D,0
22.66376,94.87466,342.16,0.45,0.47,2026-03-01,717,N20,VIIRS,n,2,310.74,3.46,D,0
22.66401,94.03603,350.39,0.4,0.44,2026-03-01,717,N20,VIIRS,n,2,307.88,12.79,D,0
22.66595,94.70795,332.62,0.44,0.46,2026-03-01,717,N20,VIIRS,l,2,307.61,1.97,D,0
22.66761,94.03157,337.89,0.4,0.44,2026-03-01,717,N20,VIIRS,n,2,307.99,7.91,D,0
22.66808,94.03547,356.38,0.4,0.44,2026-03-01,717,N20,VIIRS,n,2,311.12,38.94,D,0
22.67062,91.70724,337.61,0.45,0.39,2026-03-01,717,N20,VIIRS,n,2,300.34,4.01,D,0
22.67168,94.03102,353,0.4,0.44,2026-03-01,717,N20,VIIRS,n,2,310.21,7.91,D,0
22.67215,94.03492,336.07,0.4,0.44,2026-03-01,717,N20,VIIRS,l,2,310.25,38.94,D,0
22.67309,94.04272,356.38,0.4,0.44,2026-03-01,717,N20,VIIRS,n,2,310.06,14.35,D,0
22.67565,97.5424,367,0.33,0.55,2026-03-01,717,N20,VIIRS,h,2,304.89,10.9,D,0
22.67572,94.13392,341.49,0.4,0.45,2026-03-01,717,N20,VIIRS,n,2,310.07,3.82,D,0
22.67669,94.03828,336.24,0.4,0.44,2026-03-01,717,N20,VIIRS,l,2,307.06,2.24,D,0
22.67716,94.04218,347.98,0.4,0.44,2026-03-01,717,N20,VIIRS,n,2,308.78,5.96,D,0
22.68076,97.5419,367,0.33,0.55,2026-03-01,717,N20,VIIRS,h,2,299.4,4.55,D,0
22.68329,94.75098,342.11,0.44,0.46,2026-03-01,717,N20,VIIRS,n,2,310.72,6.65,D,0
22.68384,94.74962,349.07,0.44,0.46,2026-03-01,717,N20,VIIRS,n,2,311.53,5.11,D,0
22.69445,94.9509,339.51,0.45,0.47,2026-03-01,717,N20,VIIRS,l,2,311.36,3.39,D,0
22.70057,95.68674,346.4,0.5,0.49,2026-03-01,717,N20,VIIRS,n,2,310.85,7.91,D,0
22.70441,94.06528,338.37,0.4,0.44,2026-03-01,717,N20,VIIRS,n,2,309.54,3.46,D,0
22.70486,94.0692,348.31,0.4,0.44,2026-03-01,717,N20,VIIRS,n,2,310.46,6.69,D,0
22.70494,94.0663,342.82,0.4,0.44,2026-03-01,717,N20,VIIRS,n,2,309.87,4.77,D,0
22.70542,94.07022,344.4,0.4,0.44,2026-03-01,717,N20,VIIRS,n,2,310.03,5.48,D,0
22.70646,96.05283,332.17,0.53,0.5,2026-03-01,717,N20,VIIRS,n,2,303.69,3.11,D,0
22.70801,96.05554,331.46,0.53,0.5,2026-03-01,717,N20,VIIRS,n,2,303.23,3.66,D,0
22.70844,88.27406,336.34,0.38,0.36,2026-03-01,717,N20,VIIRS,n,2,301.94,2.39,D,0
22.72388,95.12823,346.69,0.46,0.47,2026-03-01,717,N20,VIIRS,n,2,310.54,4.82,D,0
22.72452,95.12533,339.37,0.46,0.47,2026-03-01,717,N20,VIIRS,n,2,309.13,5.56,D,0
22.73425,95.13336,348.46,0.47,0.47,2026-03-01,717,N20,VIIRS,n,2,316.93,26.29,D,0
22.73676,95.20104,337.79,0.47,0.48,2026-03-01,717,N20,VIIRS,n,2,307.01,3.04,D,0
22.73862,95.1328,354.72,0.47,0.47,2026-03-01,717,N20,VIIRS,n,2,309.57,26.29,D,0
22.74053,95.27296,335.84,0.47,0.48,2026-03-01,717,N20,VIIRS,n,2,307.72,2.74,D,0
22.74856,93.98309,340.27,0.4,0.44,2026-03-01,717,N20,VIIRS,n,2,306.42,2.96,D,0
22.75347,94.09457,342.14,0.4,0.44,2026-03-01,717,N20,VIIRS,n,2,309.7,3.85,D,0
22.75528,95.1632,336.54,0.47,0.48,2026-03-01,717,N20,VIIRS,l,2,307.69,10.55,D,0
22.75965,95.16265,353.24,0.47,0.48,2026-03-01,717,N20,VIIRS,n,2,310.83,10.55,D,0
22.76092,95.01575,335.94,0.46,0.47,2026-03-01,717,N20,VIIRS,n,2,310.13,2.53,D,0
22.77223,94.00832,343.88,0.4,0.44,2026-03-01,717,N20,VIIRS,n,2,312.93,15.89,D,0
22.7727,94.01223,342.4,0.4,0.44,2026-03-01,717,N20,VIIRS,n,2,307,8.24,D,0
22.77613,97.98707,330.39,0.35,0.57,2026-03-01,717,N20,VIIRS,n,2,297.18,6.19,D,0
22.7763,94.00779,339.92,0.4,0.44,2026-03-01,717,N20,VIIRS,n,2,310.45,15.89,D,0
22.77646,97.99043,367,0.35,0.57,2026-03-01,717,N20,VIIRS,h,2,295.54,8.51,D,0
22.77677,94.0117,367,0.4,0.44,2026-03-01,717,N20,VIIRS,h,2,311.77,8.24,D,0
22.77724,94.01562,341.44,0.4,0.44,2026-03-01,717,N20,VIIRS,n,2,307.01,8.24,D,0
22.77748,93.98329,337.79,0.4,0.44,2026-03-01,717,N20,VIIRS,n,2,305.02,3.75,D,0
22.78107,93.97886,334.16,0.4,0.44,2026-03-01,717,N20,VIIRS,l,2,306.76,3.75,D,0
22.78131,94.0151,350.02,0.4,0.44,2026-03-01,717,N20,VIIRS,n,2,311.44,12.32,D,0
22.78157,93.98298,349.25,0.4,0.44,2026-03-01,717,N20,VIIRS,n,2,310.65,3.75,D,0
22.78206,93.98702,347.02,0.4,0.44,2026-03-01,717,N20,VIIRS,n,2,309.16,7.84,D,0
22.78586,94.01847,341.9,0.4,0.44,2026-03-01,717,N20,VIIRS,n,2,308.08,3.35,D,0
22.78613,93.9865,337.36,0.4,0.44,2026-03-01,717,N20,VIIRS,l,2,310.67,4.54,D,0
22.78764,94.38723,339.43,0.42,0.45,2026-03-01,717,N20,VIIRS,n,2,305.15,3.28,D,0
22.78921,93.9779,332.4,0.4,0.44,2026-03-01,717,N20,VIIRS,l,2,306.19,7.6,D,0
22.78971,93.98199,346.65,0.4,0.44,2026-03-01,717,N20,VIIRS,n,2,313.04,7.6,D,0
22.78994,94.01794,347.95,0.4,0.44,2026-03-01,717,N20,VIIRS,n,2,313.34,7.6,D,0
22.79378,93.98154,347.52,0.4,0.44,2026-03-01,717,N20,VIIRS,n,2,310.37,8.33,D,0
22.79401,94.01743,335.28,0.4,0.44,2026-03-01,717,N20,VIIRS,l,2,308.04,7.6,D,0
22.79616,95.09317,344.44,0.46,0.47,2026-03-01,717,N20,VIIRS,n,2,311.07,5.57,D,0
22.79714,94.00908,343.64,0.4,0.44,2026-03-01,717,N20,VIIRS,n,2,312.41,5.88,D,0
22.79943,93.88603,367,0.39,0.44,2026-03-01,717,N20,VIIRS,h,2,312.47,16.22,D,0
22.7995,95.697,343.9,0.51,0.49,2026-03-01,717,N20,VIIRS,n,2,310.04,4.81,D,0
22.80026,94.00075,341.81,0.4,0.44,2026-03-01,717,N20,VIIRS,n,2,310.94,6.39,D,0
22.80074,95.05589,345.98,0.46,0.47,2026-03-01,717,N20,VIIRS,n,2,311.28,4.22,D,0
22.83277,96.04761,333,0.53,0.5,2026-03-01,717,N20,VIIRS,n,2,302.68,3.29,D,0
22.83658,96.05033,340.87,0.53,0.5,2026-03-01,717,N20,VIIRS,n,2,302.73,9.21,D,0
22.84454,94.69478,349.88,0.44,0.46,2026-03-01,717,N20,VIIRS,n,2,312.03,5.37,D,0
22.85465,94.00543,342.34,0.4,0.44,2026-03-01,717,N20,VIIRS,n,2,314.81,9.68,D,0
22.85511,94.00928,345.05,0.4,0.44,2026-03-01,717,N20,VIIRS,n,2,312.05,12.34,D,0
22.8587,94.00473,343.01,0.4,0.44,2026-03-01,717,N20,VIIRS,n,2,309.93,9.68,D,0
22.85956,95.69966,336.17,0.51,0.49,2026-03-01,717,N20,VIIRS,l,2,308.92,6.76,D,0
22.85962,96.00142,333.54,0.53,0.5,2026-03-01,717,N20,VIIRS,n,2,302.41,5.19,D,0
22.8601,95.70461,354.33,0.51,0.49,2026-03-01,717,N20,VIIRS,n,2,313.51,16.63,D,0
22.86093,95.07085,341.39,0.46,0.47,2026-03-01,717,N20,VIIRS,n,2,307.79,6.74,D,0
22.86125,94.65299,347.25,0.44,0.46,2026-03-01,717,N20,VIIRS,n,2,309.75,8.18,D,0
22.86375,95.99612,330.06,0.53,0.5,2026-03-01,717,N20,VIIRS,n,2,302.28,3.38,D,0
22.86427,96.00104,346.05,0.53,0.5,2026-03-01,717,N20,VIIRS,n,2,302.72,5.09,D,0
22.86465,95.70406,343.74,0.51,0.49,2026-03-01,717,N20,VIIRS,n,2,307.01,16.63,D,0
22.86478,96.00583,335.74,0.53,0.5,2026-03-01,717,N20,VIIRS,n,2,300.4,5.09,D,0
22.87007,95.62873,343.46,0.5,0.49,2026-03-01,717,N20,VIIRS,n,2,307.47,5.97,D,0
22.87008,95.15331,343.31,0.47,0.48,2026-03-01,717,N20,VIIRS,n,2,313.26,10.5,D,0
22.87047,96.01525,352.67,0.53,0.5,2026-03-01,717,N20,VIIRS,n,2,307.89,32.11,D,0
22.87059,95.15791,344.07,0.47,0.48,2026-03-01,717,N20,VIIRS,n,2,311.08,10.5,D,0
22.87102,96.02039,336.54,0.53,0.5,2026-03-01,717,N20,VIIRS,n,2,300.88,6.78,D,0
22.87271,93.62917,330.32,0.57,0.43,2026-03-01,717,N20,VIIRS,n,2,298.82,4.76,D,0
22.87395,95.14816,333.29,0.47,0.48,2026-03-01,717,N20,VIIRS,l,2,306.92,4.3,D,0
22.87459,95.62818,344.67,0.5,0.49,2026-03-01,717,N20,VIIRS,n,2,309.3,5.97,D,0
22.87459,96.0098,337.64,0.53,0.5,2026-03-01,717,N20,VIIRS,n,2,301.95,7.67,D,0
22.87463,93.6315,344.14,0.57,0.43,2026-03-01,717,N20,VIIRS,n,2,300.89,9.84,D,0
22.87566,96.01986,344.41,0.53,0.5,2026-03-01,717,N20,VIIRS,n,2,301.73,4.69,D,0
22.87661,95.98489,342.84,0.53,0.5,2026-03-01,717,N20,VIIRS,n,2,304.62,7.91,D,0
22.87662,93.62795,333.62,0.57,0.43,2026-03-01,717,N20,VIIRS,n,2,295.91,3.95,D,0
22.8803,96.01936,337.51,0.53,0.5,2026-03-01,717,N20,VIIRS,n,2,301.53,4.69,D,0
22.8807,94.12045,343.5,0.41,0.45,2026-03-01,717,N20,VIIRS,n,2,304.8,4.52,D,0
22.88117,94.12435,342.54,0.41,0.45,2026-03-01,717,N20,VIIRS,n,2,305.9,4.5,D,0
22.88475,94.11945,336.25,0.41,0.45,2026-03-01,717,N20,VIIRS,n,2,303.95,4.29,D,0
22.88521,94.12328,348.06,0.41,0.45,2026-03-01,717,N20,VIIRS,n,2,306.41,6.83,D,0
22.89682,94.01189,351.58,0.4,0.44,2026-03-01,717,N20,VIIRS,n,2,311.24,8.79,D,0
22.89947,91.9169,332.14,0.47,0.39,2026-03-01,717,N20,VIIRS,n,2,300.36,5.62,D,0
22.90355,95.80505,339.65,0.51,0.5,2026-03-01,717,N20,VIIRS,n,2,306.58,2.5,D,0
22.90387,95.80576,338.91,0.52,0.5,2026-03-01,717,N20,VIIRS,n,2,306.86,3.56,D,0
22.90655,96.00153,331.12,0.53,0.5,2026-03-01,717,N20,VIIRS,l,2,302.92,3.55,D,0
22.91441,95.1523,341.77,0.47,0.48,2026-03-01,717,N20,VIIRS,n,2,306.65,12.68,D,0
22.91515,95.82501,339.36,0.52,0.5,2026-03-01,717,N20,VIIRS,n,2,307.41,6.72,D,0
22.91554,95.82942,352.2,0.52,0.5,2026-03-01,717,N20,VIIRS,n,2,307.6,11.56,D,0
22.91569,95.83018,341.62,0.52,0.5,2026-03-01,717,N20,VIIRS,n,2,306.78,8.37,D,0
22.91955,95.77866,344.63,0.51,0.5,2026-03-01,717,N20,VIIRS,n,2,309.13,9.67,D,0
22.92385,95.23552,343.2,0.47,0.48,2026-03-01,717,N20,VIIRS,n,2,309.33,10.32,D,0
22.92622,92.55222,331.88,0.5,0.41,2026-03-01,717,N20,VIIRS,n,2,300.69,9.12,D,0
22.93133,93.99091,331.12,0.4,0.44,2026-03-01,717,N20,VIIRS,l,2,305.49,2.79,D,0
22.93565,95.84328,339.19,0.52,0.5,2026-03-01,717,N20,VIIRS,n,2,307.4,5.04,D,0
22.94009,94.48171,342.5,0.43,0.46,2026-03-01,717,N20,VIIRS,n,2,307.63,3.49,D,0
22.94048,94.03398,337.72,0.4,0.44,2026-03-01,717,N20,VIIRS,n,2,307.32,2.97,D,0
22.94279,97.6236,330.63,0.34,0.56,2026-03-01,717,N20,VIIRS,n,2,294.79,2.01,D,0
22.94292,95.16465,336.92,0.47,0.48,2026-03-01,717,N20,VIIRS,n,2,308.34,3.97,D,0
22.94294,95.86824,340.45,0.52,0.5,2026-03-01,717,N20,VIIRS,n,2,305.35,11.69,D,0
22.94348,95.87336,345.43,0.52,0.5,2026-03-01,717,N20,VIIRS,n,2,304.19,11.69,D,0
22.94753,95.86768,340.87,0.52,0.5,2026-03-01,717,N20,VIIRS,n,2,305.59,11.05,D,0
22.94808,95.87283,343.71,0.52,0.5,2026-03-01,717,N20,VIIRS,n,2,306.56,11.05,D,0
22.95782,95.87684,333.15,0.52,0.5,2026-03-01,717,N20,VIIRS,l,2,306.81,2.02,D,0
22.95811,96.01217,339.96,0.53,0.5,2026-03-01,717,N20,VIIRS,n,2,305.49,6.75,D,0
22.95865,96.01742,338.41,0.53,0.5,2026-03-01,717,N20,VIIRS,n,2,302.94,6.75,D,0
22.96676,94.26158,333.5,0.42,0.45,2026-03-01,717,N20,VIIRS,n,2,301.63,3.35,D,0
22.97057,95.13276,348.09,0.47,0.48,2026-03-01,717,N20,VIIRS,n,2,308.02,7.35,D,0
22.97161,95.87513,344.54,0.52,0.5,2026-03-01,717,N20,VIIRS,n,2,307.33,5.83,D,0
22.9762,95.87447,332.56,0.52,0.5,2026-03-01,717,N20,VIIRS,l,2,305.46,2.05,D,0
22.98903,97.70484,352.19,0.34,0.56,2026-03-01,717,N20,VIIRS,n,2,300.37,5.69,D,0
22.98943,95.86761,340.67,0.52,0.5,2026-03-01,717,N20,VIIRS,n,2,305.91,6.4,D,0
22.9926,97.70524,354.85,0.34,0.56,2026-03-01,717,N20,VIIRS,n,2,299.58,4.54,D,0
22.99698,95.76165,335.1,0.51,0.5,2026-03-01,717,N20,VIIRS,l,2,308.49,2.55,D,0
22.99773,95.77399,336.09,0.51,0.5,2026-03-01,717,N20,VIIRS,l,2,309.75,3.16,D,0
22.99855,95.77679,342.36,0.51,0.5,2026-03-01,717,N20,VIIRS,n,2,308.04,4.65,D,0
23.0017,95.80732,335.06,0.52,0.5,2026-03-01,717,N20,VIIRS,n,2,307.91,3.31,D,0
23.00241,92.48384,332.77,0.5,0.41,2026-03-01,717,N20,VIIRS,n,2,306.26,41.24,D,0
23.00559,97.71402,341.16,0.34,0.56,2026-03-01,717,N20,VIIRS,n,2,298.12,3.87,D,0
23.00644,94.64939,341.14,0.44,0.46,2026-03-01,717,N20,VIIRS,n,2,305.28,3.04,D,0
23.01268,95.60435,334.42,0.5,0.49,2026-03-01,717,N20,VIIRS,n,2,308.15,2.42,D,0
23.03951,97.79561,327.46,0.35,0.56,2026-03-01,717,N20,VIIRS,n,2,299.51,1.72,D,0
23.04066,95.95851,340.97,0.53,0.5,2026-03-01,717,N20,VIIRS,n,2,303.53,4.14,D,0
23.04347,95.80738,348.47,0.52,0.5,2026-03-01,717,N20,VIIRS,n,2,307.06,6.83,D,0
23.04585,95.96336,331.03,0.53,0.5,2026-03-01,717,N20,VIIRS,l,2,303.95,2.19,D,0
23.05149,95.17969,332.99,0.47,0.48,2026-03-01,717,N20,VIIRS,n,2,306.79,1.7,D,0
23.05277,95.26873,338.76,0.48,0.48,2026-03-01,717,N20,VIIRS,l,2,309.89,3.87,D,0
23.05331,95.27343,338.89,0.48,0.48,2026-03-01,717,N20,VIIRS,n,2,309.89,4.47,D,0
23.05864,91.96806,333.16,0.47,0.4,2026-03-01,717,N20,VIIRS,n,2,302.81,4.54,D,0
23.06517,95.70768,347.39,0.51,0.49,2026-03-01,717,N20,VIIRS,n,2,306.45,16.03,D,0
23.0654,97.79101,347.01,0.35,0.56,2026-03-01,717,N20,VIIRS,n,2,301.71,4.43,D,0
23.06571,95.71263,341.5,0.51,0.49,2026-03-01,717,N20,VIIRS,n,2,305.62,7.22,D,0
23.06973,95.70715,354.13,0.51,0.49,2026-03-01,717,N20,VIIRS,n,2,307.48,16.03,D,0
23.07027,95.7121,341.55,0.51,0.49,2026-03-01,717,N20,VIIRS,n,2,304.58,7.22,D,0
23.07958,95.79782,337.49,0.52,0.5,2026-03-01,717,N20,VIIRS,n,2,306.75,2.73,D,0
23.08009,95.36263,335.41,0.49,0.48,2026-03-01,717,N20,VIIRS,l,2,308.99,3.82,D,0
23.09237,95.74506,339.87,0.51,0.5,2026-03-01,717,N20,VIIRS,n,2,305.56,7,D,0
23.10442,96.07269,332.64,0.54,0.51,2026-03-01,717,N20,VIIRS,n,2,304.24,1.58,D,0
23.10796,95.67743,338.13,0.51,0.49,2026-03-01,717,N20,VIIRS,n,2,306.48,5.29,D,0
23.10849,95.67421,338.01,0.51,0.49,2026-03-01,717,N20,VIIRS,n,2,306.86,6.29,D,0
23.11176,94.36777,344.44,0.42,0.45,2026-03-01,717,N20,VIIRS,n,2,307.11,3.97,D,0
23.11637,96.14061,333.09,0.54,0.51,2026-03-01,717,N20,VIIRS,n,2,302.02,5.42,D,0
23.11728,95.89368,338.13,0.53,0.5,2026-03-01,717,N20,VIIRS,n,2,306.94,4.67,D,0
23.11829,95.89648,338.18,0.52,0.5,2026-03-01,717,N20,VIIRS,n,2,307.24,3.54,D,0
23.11858,93.68446,352.15,0.39,0.44,2026-03-01,717,N20,VIIRS,n,2,298.64,6.93,D,0
23.12104,96.13992,348.67,0.54,0.51,2026-03-01,717,N20,VIIRS,n,2,303.58,21.05,D,0
23.12243,91.88548,335.34,0.47,0.4,2026-03-01,717,N20,VIIRS,n,2,302.55,3.37,D,0
23.12764,96.11285,335.92,0.54,0.51,2026-03-01,717,N20,VIIRS,n,2,304.5,16.81,D,0
23.12791,95.72733,336.76,0.51,0.5,2026-03-01,717,N20,VIIRS,n,2,309.13,3.14,D,0
23.13232,96.11234,341.33,0.54,0.51,2026-03-01,717,N20,VIIRS,n,2,306.78,16.81,D,0
23.13289,96.1176,354.42,0.54,0.51,2026-03-01,717,N20,VIIRS,n,2,308.84,16.81,D,0
23.1377,96.48187,334.18,0.57,0.52,2026-03-01,717,N20,VIIRS,n,2,298.47,6.46,D,0
23.13828,96.48745,339.83,0.57,0.52,2026-03-01,717,N20,VIIRS,n,2,298.24,8.58,D,0
23.14297,95.69511,342.48,0.51,0.49,2026-03-01,717,N20,VIIRS,n,2,306.36,7.71,D,0
23.14887,95.49515,337.27,0.5,0.49,2026-03-01,717,N20,VIIRS,n,2,308.49,1.09,D,0
23.15176,95.47995,343.1,0.49,0.49,2026-03-01,717,N20,VIIRS,n,2,311.08,5.92,D,0
23.15289,95.57377,330.03,0.5,0.49,2026-03-01,717,N20,VIIRS,l,2,304.59,2.86,D,0
23.15799,96.13035,339.3,0.54,0.51,2026-03-01,717,N20,VIIRS,n,2,307.55,28.12,D,0
23.15836,96.58772,340,0.58,0.52,2026-03-01,717,N20,VIIRS,n,2,299.66,3.83,D,0
23.15999,96.12746,348.51,0.54,0.51,2026-03-01,717,N20,VIIRS,n,2,312.09,65.57,D,0
23.16067,96.61016,336.93,0.58,0.52,2026-03-01,717,N20,VIIRS,n,2,299.39,9.13,D,0
23.16213,96.12483,340.24,0.54,0.51,2026-03-01,717,N20,VIIRS,n,2,305.23,24.57,D,0
23.16268,96.12984,342.69,0.54,0.51,2026-03-01,717,N20,VIIRS,n,2,303.59,28.12,D,0
23.16462,94.52935,335.33,0.43,0.46,2026-03-01,717,N20,VIIRS,l,2,305.64,3.66,D,0
23.16524,95.47831,340.78,0.49,0.49,2026-03-01,717,N20,VIIRS,n,2,309.53,3.02,D,0
23.16537,95.56228,354.48,0.5,0.49,2026-03-01,717,N20,VIIRS,n,2,309.46,11.14,D,0
23.16935,95.55685,350.16,0.5,0.49,2026-03-01,717,N20,VIIRS,n,2,310.93,10.54,D,0
23.17174,91.49271,333.07,0.45,0.39,2026-03-01,717,N20,VIIRS,n,2,303.11,2.12,D,0
23.17441,95.56117,367,0.5,0.49,2026-03-01,717,N20,VIIRS,h,2,310.63,13.49,D,0
23.179,95.77217,333.56,0.52,0.5,2026-03-01,717,N20,VIIRS,n,2,305.96,2.53,D,0
23.18164,95.58515,334.06,0.5,0.49,2026-03-01,717,N20,VIIRS,l,2,307.98,5.63,D,0
23.18245,95.76112,335.7,0.52,0.5,2026-03-01,717,N20,VIIRS,n,2,307.05,3.53,D,0
23.18632,95.54481,343.86,0.5,0.49,2026-03-01,717,N20,VIIRS,n,2,310.53,12.3,D,0
23.18793,95.54222,347.14,0.5,0.49,2026-03-01,717,N20,VIIRS,n,2,313.3,18.96,D,0
23.18959,95.57418,336.42,0.5,0.49,2026-03-01,717,N20,VIIRS,l,2,306.55,4.28,D,0
23.19083,95.54425,345.33,0.5,0.49,2026-03-01,717,N20,VIIRS,n,2,309.16,6.23,D,0
23.19806,96.12849,350.29,0.54,0.51,2026-03-01,717,N20,VIIRS,n,2,305.22,17.48,D,0
23.20633,96.11684,349.07,0.54,0.51,2026-03-01,717,N20,VIIRS,n,2,311.72,22.33,D,0
23.20688,96.12211,331.99,0.54,0.51,2026-03-01,717,N20,VIIRS,n,2,301.49,22.33,D,0
23.20798,96.13255,354.59,0.54,0.51,2026-03-01,717,N20,VIIRS,n,2,301.1,19.13,D,0
23.21119,93.62656,333.15,0.38,0.43,2026-03-01,717,N20,VIIRS,l,2,305.63,1.99,D,0
23.21157,96.12154,342.75,0.54,0.51,2026-03-01,717,N20,VIIRS,n,2,302.47,22.33,D,0
23.21211,96.1267,337.57,0.54,0.51,2026-03-01,717,N20,VIIRS,n,2,302.71,19.13,D,0
23.21267,96.13195,351.22,0.54,0.51,2026-03-01,717,N20,VIIRS,n,2,303.32,19.13,D,0
23.21623,96.12068,338.3,0.54,0.51,2026-03-01,717,N20,VIIRS,n,2,306.81,16.16,D,0
23.21679,96.12598,342.13,0.54,0.51,2026-03-01,717,N20,VIIRS,n,2,302.13,15.73,D,0
23.21958,95.08566,367,0.47,0.48,2026-03-01,717,N20,VIIRS,h,2,305.98,6.32,D,0
23.22088,96.11983,339.75,0.54,0.51,2026-03-01,717,N20,VIIRS,n,2,302.22,16.16,D,0
23.22145,96.12519,346.14,0.54,0.51,2026-03-01,717,N20,VIIRS,n,2,301.78,15.73,D,0
23.22395,95.08506,333.26,0.47,0.48,2026-03-01,717,N20,VIIRS,n,2,304.58,6.32,D,0
23.23358,94.02708,342.14,0.4,0.45,2026-03-01,717,N20,VIIRS,n,2,309.32,5.66,D,0
23.23406,94.03107,343.11,0.4,0.45,2026-03-01,717,N20,VIIRS,n,2,310,8.06,D,0
23.24443,95.59986,336.74,0.5,0.49,2026-03-01,717,N20,VIIRS,n,2,307.47,3.33,D,0
23.24866,95.63942,346.87,0.51,0.49,2026-03-01,717,N20,VIIRS,n,2,310.47,17.23,D,0
23.2532,95.63882,355.22,0.51,0.49,2026-03-01,717,N20,VIIRS,n,2,309.55,21.87,D,0
23.25908,95.52354,340.75,0.5,0.49,2026-03-01,717,N20,VIIRS,n,2,308.12,4.39,D,0
23.2607,95.17607,333.19,0.48,0.48,2026-03-01,717,N20,VIIRS,n,2,305.88,2.32,D,0
23.26141,95.17942,330.24,0.48,0.48,2026-03-01,717,N20,VIIRS,l,2,304.24,2.66,D,0
23.27063,93.68176,339.17,0.39,0.44,2026-03-01,717,N20,VIIRS,n,2,298.31,6.59,D,0
23.27324,95.61134,338.63,0.51,0.49,2026-03-01,717,N20,VIIRS,n,2,305.71,6.48,D,0
23.27377,95.61626,340.5,0.51,0.49,2026-03-01,717,N20,VIIRS,n,2,304.41,6.48,D,0
23.2739,95.4921,345.25,0.5,0.49,2026-03-01,717,N20,VIIRS,n,2,310.51,5.84,D,0
23.2753,95.54633,340.33,0.5,0.49,2026-03-01,717,N20,VIIRS,n,2,305.17,3.82,D,0
23.27767,95.52622,335.82,0.5,0.49,2026-03-01,717,N20,VIIRS,n,2,308.43,2.69,D,0
23.27983,95.54578,354.14,0.5,0.49,2026-03-01,717,N20,VIIRS,n,2,309.46,18.02,D,0
23.28507,95.51048,339.46,0.5,0.49,2026-03-01,717,N20,VIIRS,n,2,309.25,5.42,D,0
23.31484,93.6292,341.65,0.39,0.44,2026-03-01,717,N20,VIIRS,n,2,307.65,4.88,D,0
23.32865,95.90747,342.05,0.53,0.5,2026-03-01,717,N20,VIIRS,n,2,304.24,6.15,D,0
23.33904,95.48567,336.18,0.5,0.49,2026-03-01,717,N20,VIIRS,l,2,309.67,2.15,D,0
23.36666,95.65748,345.02,0.51,0.49,2026-03-01,717,N20,VIIRS,n,2,305.24,7.01,D,0
23.36719,95.66245,335.41,0.51,0.49,2026-03-01,717,N20,VIIRS,n,2,303.39,1.43,D,0
23.37132,94.08131,345.38,0.41,0.45,2026-03-01,717,N20,VIIRS,n,2,305.44,3.85,D,0
23.3753,95.44179,337.97,0.5,0.49,2026-03-01,717,N20,VIIRS,n,2,306.01,6.52,D,0
23.38185,94.10011,338.25,0.41,0.45,2026-03-01,717,N20,VIIRS,n,2,304.72,3.27,D,0
23.40421,95.66296,338.31,0.51,0.49,2026-03-01,717,N20,VIIRS,n,2,306.37,3.8,D,0
23.4178,92.99718,337.51,0.53,0.42,2026-03-01,717,N20,VIIRS,n,2,300.38,4.75,D,0
23.41899,94.09524,348.4,0.41,0.45,2026-03-01,717,N20,VIIRS,n,2,308.71,6.01,D,0
23.41946,94.09924,346.09,0.41,0.45,2026-03-01,717,N20,VIIRS,n,2,308.97,6.01,D,0
23.41993,94.10322,341.7,0.41,0.45,2026-03-01,717,N20,VIIRS,n,2,306.7,6.8,D,0
23.42157,92.99593,333.92,0.53,0.42,2026-03-01,717,N20,VIIRS,n,2,300.46,4.75,D,0
23.42359,94.09869,350.11,0.41,0.45,2026-03-01,717,N20,VIIRS,n,2,304.94,6.01,D,0
23.42406,94.10268,341.48,0.41,0.45,2026-03-01,717,N20,VIIRS,n,2,304.08,6.8,D,0
23.42937,95.63985,340.89,0.51,0.49,2026-03-01,717,N20,VIIRS,n,2,304.78,2.78,D,0
23.43038,95.64117,342.06,0.51,0.49,2026-03-01,717,N20,VIIRS,n,2,305.71,3.41,D,0
23.45284,95.6791,349.82,0.51,0.5,2026-03-01,717,N20,VIIRS,n,2,305.66,5.28,D,0
23.4727,93.60708,337.11,0.39,0.44,2026-03-01,717,N20,VIIRS,n,2,306.04,5.93,D,0
23.4731,93.61042,348.27,0.39,0.44,2026-03-01,717,N20,VIIRS,n,2,308.21,5.93,D,0
23.4735,93.61373,341.01,0.39,0.44,2026-03-01,717,N20,VIIRS,n,2,303.33,7.92,D,0
23.47614,95.30328,336.19,0.49,0.48,2026-03-01,717,N20,VIIRS,l,2,308.78,3.83,D,0
23.47668,95.30808,332.82,0.49,0.48,2026-03-01,717,N20,VIIRS,l,2,304.86,3.83,D,0
23.49642,95.52742,343.21,0.5,0.49,2026-03-01,717,N20,VIIRS,n,2,308.46,8.45,D,0
23.50571,93.67761,347.11,0.39,0.44,2026-03-01,717,N20,VIIRS,n,2,309.86,8.9,D,0
23.50749,95.5863,347.32,0.51,0.49,2026-03-01,717,N20,VIIRS,n,2,306.06,122.35,D,0
23.51316,95.58763,344.57,0.51,0.49,2026-03-01,717,N20,VIIRS,n,2,311.42,63.56,D,0
23.51636,95.44225,350.55,0.5,0.49,2026-03-01,717,N20,VIIRS,n,2,308.85,8.24,D,0
23.51658,95.58523,343.87,0.51,0.49,2026-03-01,717,N20,VIIRS,n,2,305.07,10.51,D,0
23.51719,95.58207,343.85,0.51,0.49,2026-03-01,717,N20,VIIRS,n,2,303.54,60.04,D,0
23.52533,96.71066,340.38,0.6,0.53,2026-03-01,717,N20,VIIRS,n,2,298.08,9.74,D,0
23.52733,95.89797,340.73,0.53,0.5,2026-03-01,717,N20,VIIRS,n,2,303.04,10.37,D,0
23.5278,96.70752,342.8,0.6,0.53,2026-03-01,717,N20,VIIRS,n,2,299.21,12.57,D,0
23.52966,95.57862,343.12,0.51,0.49,2026-03-01,717,N20,VIIRS,n,2,304.58,6.56,D,0
23.53022,95.58361,340.81,0.51,0.49,2026-03-01,717,N20,VIIRS,n,2,302.44,6.48,D,0
23.53083,95.58044,355.12,0.51,0.49,2026-03-01,717,N20,VIIRS,n,2,303.81,8.75,D,0
23.53313,95.51474,335.11,0.5,0.49,2026-03-01,717,N20,VIIRS,n,2,305.58,3.59,D,0
23.53366,95.51971,340.8,0.5,0.49,2026-03-01,717,N20,VIIRS,n,2,305.84,3.59,D,0
23.54166,95.50869,345.28,0.5,0.49,2026-03-01,717,N20,VIIRS,n,2,308.14,7.23,D,0
23.54184,95.55381,339.55,0.51,0.49,2026-03-01,717,N20,VIIRS,n,2,303.38,2.65,D,0
23.54218,95.51362,339.51,0.5,0.49,2026-03-01,717,N20,VIIRS,n,2,306.13,5.24,D,0
23.54356,95.48341,331.19,0.5,0.49,2026-03-01,717,N20,VIIRS,l,2,303.48,1,D,0
23.56855,96.8718,335.08,0.61,0.54,2026-03-01,717,N20,VIIRS,n,2,297.52,6.65,D,0
23.57027,95.96355,342.66,0.54,0.51,2026-03-01,717,N20,VIIRS,n,2,301.16,7.69,D,0
23.57182,95.96117,344.29,0.54,0.51,2026-03-01,717,N20,VIIRS,n,2,301.34,5.99,D,0
23.57234,95.96592,331.54,0.54,0.51,2026-03-01,717,N20,VIIRS,n,2,299.31,5.99,D,0
23.5733,95.42024,335.19,0.5,0.49,2026-03-01,717,N20,VIIRS,n,2,305.04,2.07,D,0
23.59669,95.46694,334.94,0.5,0.49,2026-03-01,717,N20,VIIRS,l,2,305.69,8.37,D,0
23.60399,95.7039,333.16,0.52,0.5,2026-03-01,717,N20,VIIRS,l,2,303.68,1.4,D,0
23.60571,95.46585,356.18,0.5,0.49,2026-03-01,717,N20,VIIRS,n,2,310,10.92,D,0
23.60626,95.47077,336.04,0.5,0.49,2026-03-01,717,N20,VIIRS,n,2,305.33,10.92,D,0
23.60728,95.46333,356.19,0.5,0.49,2026-03-01,717,N20,VIIRS,n,2,310.2,17.98,D,0
23.60968,95.46038,341.31,0.5,0.49,2026-03-01,717,N20,VIIRS,n,2,307.74,6.24,D,0
23.61023,95.4653,333.59,0.5,0.49,2026-03-01,717,N20,VIIRS,n,2,305.96,4.51,D,0
23.63807,95.71812,342.28,0.52,0.5,2026-03-01,717,N20,VIIRS,n,2,308.26,11.29,D,0
23.63829,95.72019,354.23,0.52,0.5,2026-03-01,717,N20,VIIRS,n,2,308.37,19.81,D,0
23.6386,95.72328,335.88,0.52,0.5,2026-03-01,717,N20,VIIRS,n,2,303.99,11.29,D,0
23.66886,96.97193,337.77,0.62,0.54,2026-03-01,717,N20,VIIRS,n,2,296.1,7.48,D,0
23.66923,96.9698,333.22,0.62,0.54,2026-03-01,717,N20,VIIRS,n,2,295.26,3.99,D,0
23.69052,95.59927,341.39,0.51,0.49,2026-03-01,717,N20,VIIRS,n,2,307.58,4.82,D,0
23.71106,96.934,338.2,0.62,0.54,2026-03-01,717,N20,VIIRS,n,2,295.07,4.68,D,0
23.71619,95.70908,330.42,0.52,0.5,2026-03-01,717,N20,VIIRS,l,2,303.99,3.5,D,0
23.72377,95.69305,340.96,0.52,0.5,2026-03-01,717,N20,VIIRS,n,2,301.64,9.93,D,0
23.73554,95.54678,336.57,0.51,0.49,2026-03-01,717,N20,VIIRS,n,2,301.37,2.11,D,0
23.73981,95.84233,335.22,0.53,0.5,2026-03-01,717,N20,VIIRS,n,2,303.54,2.62,D,0
23.75208,96.992,340.97,0.63,0.54,2026-03-01,717,N20,VIIRS,n,2,299.15,13.6,D,0
20.99557,78.62737,335.12,0.4,0.6,2026-03-01,718,N20,VIIRS,n,2,304.74,2.68,D,0
21.05253,78.41704,338.17,0.41,0.61,2026-03-01,718,N20,VIIRS,n,2,304.78,2.98,D,0
21.08162,78.26157,335.15,0.42,0.61,2026-03-01,718,N20,VIIRS,l,2,305.95,2.48,D,0
21.15142,79.313,350.6,0.36,0.57,2026-03-01,718,N20,VIIRS,n,2,303.15,3.76,D,0
21.34502,79.89901,353.4,0.33,0.55,2026-03-01,718,N20,VIIRS,n,2,303.57,6.77,D,0
21.38166,73.95069,353.15,0.77,0.78,2026-03-01,718,N20,VIIRS,n,2,305.69,9.11,D,0
21.38339,73.95757,337.08,0.77,0.78,2026-03-01,718,N20,VIIRS,n,2,302.94,9.11,D,0
21.48674,78.88807,343.36,0.38,0.58,2026-03-01,718,N20,VIIRS,n,2,308.82,2.48,D,0
21.49026,78.88675,343.91,0.38,0.58,2026-03-01,718,N20,VIIRS,n,2,309.05,2.24,D,0
21.51878,77.58612,347.68,0.46,0.63,2026-03-01,718,N20,VIIRS,n,2,304.76,5.81,D,0
21.51993,77.58556,367,0.45,0.63,2026-03-01,718,N20,VIIRS,h,2,307.27,8.03,D,0
21.52086,77.58961,343.4,0.45,0.63,2026-03-01,718,N20,VIIRS,n,2,303.75,8.03,D,0
21.52445,77.58464,352.21,0.46,0.63,2026-03-01,718,N20,VIIRS,n,2,305.98,5.81,D,0
21.52536,77.58874,349.4,0.45,0.63,2026-03-01,718,N20,VIIRS,n,2,305.28,5.81,D,0
21.57877,78.06808,367,0.42,0.61,2026-03-01,718,N20,VIIRS,h,2,307.42,7.24,D,0
21.5843,78.06676,333.8,0.42,0.61,2026-03-01,718,N20,VIIRS,n,2,304.55,7.24,D,0
21.62276,79.73415,335.66,0.33,0.55,2026-03-01,718,N20,VIIRS,n,2,306.32,2.48,D,0
21.66026,78.98689,367,0.37,0.58,2026-03-01,718,N20,VIIRS,h,2,310.96,5.43,D,0
21.67093,78.40724,348.67,0.4,0.6,2026-03-01,718,N20,VIIRS,n,2,308.81,5.16,D,0
21.72001,78.73459,337.38,0.38,0.59,2026-03-01,718,N20,VIIRS,n,2,306.17,2.6,D,0
21.72981,78.72842,338.53,0.38,0.59,2026-03-01,718,N20,VIIRS,n,2,307.84,5.72,D,0
21.7351,78.72711,331.13,0.38,0.59,2026-03-01,718,N20,VIIRS,l,2,305.38,1.94,D,0
21.74987,82.34176,333.17,0.45,0.47,2026-03-01,718,N20,VIIRS,l,2,307.08,3.12,D,0
21.80563,82.51403,344.5,0.44,0.46,2026-03-01,718,N20,VIIRS,n,2,307.83,5.13,D,0
21.80643,76.85634,345.95,0.5,0.66,2026-03-01,718,N20,VIIRS,n,2,304.4,4.72,D,0
21.83242,82.60721,330.52,0.43,0.46,2026-03-01,718,N20,VIIRS,n,2,300.23,4.38,D,0
21.8929,83.0094,332.79,0.41,0.45,2026-03-01,718,N20,VIIRS,l,2,304.15,1.91,D,0
21.89319,82.83371,344.43,0.42,0.45,2026-03-01,718,N20,VIIRS,n,2,308.42,5.66,D,0
21.8958,82.98046,336.37,0.41,0.45,2026-03-01,718,N20,VIIRS,n,2,305.58,5.68,D,0
21.89728,82.83282,332.36,0.42,0.45,2026-03-01,718,N20,VIIRS,l,2,307.34,2.14,D,0
21.89911,82.97569,352.67,0.41,0.45,2026-03-01,718,N20,VIIRS,n,2,305.95,8.99,D,0
21.90146,83.07594,341.79,0.4,0.44,2026-03-01,718,N20,VIIRS,n,2,305.1,2.06,D,0
21.90414,80.65967,337.61,0.57,0.52,2026-03-01,718,N20,VIIRS,n,2,303.26,4.09,D,0
21.9076,82.79733,334.73,0.42,0.45,2026-03-01,718,N20,VIIRS,l,2,306.47,3.61,D,0
21.93518,76.94019,330.6,0.49,0.65,2026-03-01,718,N20,VIIRS,l,2,303.4,2.95,D,0
21.93927,82.76122,355.96,0.42,0.45,2026-03-01,718,N20,VIIRS,n,2,307.77,15.3,D,0
21.94002,82.76524,331.95,0.42,0.45,2026-03-01,718,N20,VIIRS,l,2,304.06,6,D,0
21.94081,82.81497,338.65,0.42,0.45,2026-03-01,718,N20,VIIRS,n,2,304.94,3,D,0
21.94401,79.50999,331.57,0.34,0.56,2026-03-01,718,N20,VIIRS,l,2,304.95,2.89,D,0
21.95091,83.09322,337.95,0.4,0.44,2026-03-01,718,N20,VIIRS,n,2,306.31,9.95,D,0
21.95164,83.09705,341.62,0.4,0.44,2026-03-01,718,N20,VIIRS,n,2,303.73,7.42,D,0
21.96436,82.98582,338.2,0.41,0.45,2026-03-01,718,N20,VIIRS,n,2,307.6,4.54,D,0
21.9695,82.83854,331.67,0.42,0.45,2026-03-01,718,N20,VIIRS,l,2,305.08,3.26,D,0
21.97104,82.78017,336.17,0.42,0.45,2026-03-01,718,N20,VIIRS,n,2,303.78,1.82,D,0
21.97773,82.14001,338.53,0.46,0.47,2026-03-01,718,N20,VIIRS,n,2,305.53,3.07,D,0
21.98644,83.32623,331.48,0.39,0.44,2026-03-01,718,N20,VIIRS,n,2,300.71,2.32,D,0
21.98711,83.32982,330.01,0.39,0.44,2026-03-01,718,N20,VIIRS,n,2,299.22,2.32,D,0
21.99516,82.34201,343.3,0.44,0.46,2026-03-01,718,N20,VIIRS,n,2,307.83,8.75,D,0
22.02194,79.31656,331.13,0.34,0.56,2026-03-01,718,N20,VIIRS,n,2,301.56,2.2,D,0
22.02576,83.02155,339.73,0.4,0.45,2026-03-01,718,N20,VIIRS,n,2,304.45,1.79,D,0
22.02749,76.3229,339.31,0.53,0.67,2026-03-01,718,N20,VIIRS,n,2,304.52,6.01,D,0
22.02761,82.71784,341.83,0.42,0.45,2026-03-01,718,N20,VIIRS,n,2,306.54,4.86,D,0
22.03676,83.35289,333.9,0.39,0.44,2026-03-01,718,N20,VIIRS,n,2,304.85,3.5,D,2
22.03785,83.73197,345.41,0.55,0.43,2026-03-01,718,N20,VIIRS,n,2,303.17,8.07,D,2
22.03883,83.73724,345.72,0.55,0.43,2026-03-01,718,N20,VIIRS,n,2,301.81,8.07,D,2
22.03917,83.1579,351.11,0.4,0.44,2026-03-01,718,N20,VIIRS,n,2,305.4,5.85,D,0
22.03937,82.89301,332.34,0.41,0.45,2026-03-01,718,N20,VIIRS,n,2,301.8,1.56,D,0
22.04025,79.02692,340.22,0.36,0.57,2026-03-01,718,N20,VIIRS,n,2,307.67,4.12,D,0
22.04172,83.73112,338.26,0.55,0.43,2026-03-01,718,N20,VIIRS,n,2,305.58,7.24,D,2
22.04194,83.84001,331.19,0.55,0.42,2026-03-01,718,N20,VIIRS,n,2,298.45,3.5,D,0
22.04299,83.04588,346.88,0.4,0.44,2026-03-01,718,N20,VIIRS,n,2,308.39,8.51,D,0
22.04372,83.04973,330.79,0.4,0.44,2026-03-01,718,N20,VIIRS,l,2,301.02,8.51,D,0
22.064,82.78423,348.89,0.42,0.45,2026-03-01,718,N20,VIIRS,n,2,308,6.88,D,0
22.06478,82.78822,341.18,0.42,0.45,2026-03-01,718,N20,VIIRS,n,2,303.93,6.51,D,0
22.06536,79.03834,341.88,0.36,0.57,2026-03-01,718,N20,VIIRS,n,2,307.51,4.34,D,0
22.06732,82.77934,331.09,0.42,0.45,2026-03-01,718,N20,VIIRS,l,2,305.06,6.88,D,0
22.06963,79.03746,345.13,0.36,0.57,2026-03-01,718,N20,VIIRS,n,2,307.34,3.55,D,0
22.08317,82.81724,346.42,0.42,0.45,2026-03-01,718,N20,VIIRS,n,2,306.08,3.56,D,0
22.08393,82.82119,335.2,0.41,0.45,2026-03-01,718,N20,VIIRS,n,2,303.44,3.56,D,0
22.08725,82.81636,350.65,0.42,0.45,2026-03-01,718,N20,VIIRS,n,2,305.26,7.11,D,0
22.1021,78.8308,334.99,0.37,0.58,2026-03-01,718,N20,VIIRS,n,2,304.26,2.21,D,0
22.11777,82.61755,335.15,0.43,0.46,2026-03-01,718,N20,VIIRS,n,2,303.34,15.85,D,0
22.12114,82.61259,342.74,0.43,0.46,2026-03-01,718,N20,VIIRS,n,2,308.33,13.94,D,0
22.12191,82.61665,351.74,0.43,0.46,2026-03-01,718,N20,VIIRS,n,2,314.46,15.85,D,0
22.12267,82.6207,341.56,0.43,0.46,2026-03-01,718,N20,VIIRS,n,2,305.72,15.85,D,0
22.12604,82.61574,344.88,0.43,0.46,2026-03-01,718,N20,VIIRS,n,2,307.28,6.01,D,0
22.1268,82.61979,335.42,0.43,0.46,2026-03-01,718,N20,VIIRS,l,2,308.42,6.01,D,0
22.14394,83.49621,341.2,0.57,0.43,2026-03-01,718,N20,VIIRS,n,2,302.04,8.8,D,0
22.17175,84.4819,333.27,0.5,0.41,2026-03-01,718,N20,VIIRS,n,2,302.4,3.7,D,0
22.2067,73.9986,335.28,0.74,0.76,2026-03-01,718,N20,VIIRS,n,2,299.26,5.63,D,0
22.20681,73.99947,333.61,0.74,0.76,2026-03-01,718,N20,VIIRS,n,2,299.05,4.06,D,0
22.27673,81.71487,332.5,0.48,0.48,2026-03-01,718,N20,VIIRS,n,2,303.61,2.32,D,0
22.28705,83.09211,330.54,0.4,0.44,2026-03-01,718,N20,VIIRS,l,2,302.11,2.62,D,0
22.3111,82.53024,343.73,0.43,0.46,2026-03-01,718,N20,VIIRS,n,2,306.37,6.02,D,2
22.31246,84.18204,330.85,0.52,0.41,2026-03-01,718,N20,VIIRS,l,2,303.15,2.85,D,0
22.31251,84.18358,330.26,0.52,0.41,2026-03-01,718,N20,VIIRS,n,2,302.93,3.14,D,0
22.32273,84.00439,340.66,0.53,0.42,2026-03-01,718,N20,VIIRS,n,2,304.11,4.36,D,0
22.32654,84.00362,342.81,0.53,0.42,2026-03-01,718,N20,VIIRS,n,2,304.35,9.77,D,0
22.32767,76.20562,347.97,0.53,0.67,2026-03-01,718,N20,VIIRS,n,2,304.19,7.13,D,0
22.32988,82.60644,340.14,0.42,0.45,2026-03-01,718,N20,VIIRS,n,2,305.96,5,D,2
22.33273,82.57613,336.63,0.42,0.46,2026-03-01,718,N20,VIIRS,n,2,306.35,3.01,D,2
22.34337,82.0358,337.66,0.46,0.47,2026-03-01,718,N20,VIIRS,n,2,306.02,3.79,D,0
22.34381,83.96847,334.02,0.53,0.42,2026-03-01,718,N20,VIIRS,n,2,302.54,4.1,D,0
22.34508,82.03206,352.9,0.46,0.47,2026-03-01,718,N20,VIIRS,n,2,307.55,7.18,D,0
22.34679,82.03048,336.99,0.46,0.47,2026-03-01,718,N20,VIIRS,n,2,306.93,5.19,D,0
22.34979,79.33772,334.97,0.34,0.56,2026-03-01,718,N20,VIIRS,l,2,309.07,2.7,D,0
22.37384,82.81679,336.49,0.41,0.45,2026-03-01,718,N20,VIIRS,n,2,302.1,4.13,D,0
22.39034,84.20392,336.21,0.52,0.41,2026-03-01,718,N20,VIIRS,n,2,303.94,3.83,D,0
22.3918,83.8928,330.96,0.54,0.42,2026-03-01,718,N20,VIIRS,l,2,302.75,2,D,0
22.39829,80.04917,336.32,0.61,0.53,2026-03-01,718,N20,VIIRS,n,2,309.68,10.62,D,0
22.39952,80.05496,341.1,0.61,0.53,2026-03-01,718,N20,VIIRS,n,2,308.02,10.62,D,0
22.40054,80.05057,341.8,0.61,0.53,2026-03-01,718,N20,VIIRS,n,2,311.75,16.04,D,0
22.4206,85.7053,330.9,0.44,0.38,2026-03-01,718,N20,VIIRS,l,2,304.08,1.58,D,0
22.4289,75.87901,332.48,0.56,0.68,2026-03-01,718,N20,VIIRS,n,2,302.99,4.98,D,0
22.44547,86.12447,330.28,0.42,0.38,2026-03-01,718,N20,VIIRS,l,2,303.63,3.05,D,0
22.45107,76.48676,330.08,0.51,0.66,2026-03-01,718,N20,VIIRS,n,2,303.03,2.32,D,0
22.46958,86.16194,335.4,0.42,0.38,2026-03-01,718,N20,VIIRS,n,2,303.35,3.02,D,0
22.47348,84.10212,330.34,0.52,0.42,2026-03-01,718,N20,VIIRS,n,2,303.14,2.58,D,0
22.50167,82.60797,332.98,0.42,0.45,2026-03-01,718,N20,VIIRS,l,2,307.41,2.12,D,0
22.51594,83.69295,332.18,0.55,0.42,2026-03-01,718,N20,VIIRS,n,2,295.92,2.22,D,0
22.55139,85.83208,334.61,0.43,0.38,2026-03-01,718,N20,VIIRS,n,2,305.38,2.52,D,0
22.5521,85.83624,333.76,0.43,0.38,2026-03-01,718,N20,VIIRS,n,2,299.64,2.52,D,0
22.56103,76.10548,330.57,0.53,0.67,2026-03-01,718,N20,VIIRS,l,2,301.96,1.93,D,0
22.56354,76.08891,335.35,0.54,0.68,2026-03-01,718,N20,VIIRS,n,2,304.11,2.39,D,0
22.59142,76.42207,352.18,0.51,0.66,2026-03-01,718,N20,VIIRS,n,2,305.84,4.78,D,0
22.59253,76.42676,331.33,0.51,0.66,2026-03-01,718,N20,VIIRS,n,2,303.71,4.78,D,0
22.59747,87.07983,338.89,0.4,0.37,2026-03-01,718,N20,VIIRS,n,2,301.68,3.19,D,0
22.63574,83.44308,342.04,0.56,0.43,2026-03-01,718,N20,VIIRS,n,2,306.12,6.11,D,0
22.66019,76.22543,354.86,0.52,0.67,2026-03-01,718,N20,VIIRS,n,2,308.91,22.94,D,0
22.66134,76.23026,350.74,0.52,0.67,2026-03-01,718,N20,VIIRS,n,2,304.62,7.56,D,0
22.66148,86.02796,337.29,0.43,0.38,2026-03-01,718,N20,VIIRS,n,2,306.46,1.86,D,0
22.66745,76.22914,332.22,0.52,0.67,2026-03-01,718,N20,VIIRS,l,2,305.97,7.56,D,0
22.66863,76.23412,334.42,0.52,0.67,2026-03-01,718,N20,VIIRS,l,2,305.7,7.56,D,0
22.67356,87.27407,335.13,0.39,0.36,2026-03-01,718,N20,VIIRS,n,2,305.08,2.78,D,0
22.67595,86.02934,330.83,0.43,0.38,2026-03-01,718,N20,VIIRS,l,2,305.37,1.85,D,0
22.68322,87.24875,332.16,0.39,0.37,2026-03-01,718,N20,VIIRS,l,2,305.64,2.23,D,0
22.68609,87.13818,338.22,0.4,0.37,2026-03-01,718,N20,VIIRS,n,2,303.97,2.56,D,0
22.68847,79.04134,332.97,0.35,0.56,2026-03-01,718,N20,VIIRS,n,2,304.31,1,D,0
22.69479,87.32098,339.76,0.39,0.36,2026-03-01,718,N20,VIIRS,n,2,304.25,2.62,D,0
22.70289,87.22153,338.92,0.4,0.37,2026-03-01,718,N20,VIIRS,n,2,304.12,3.94,D,0
22.71107,83.65281,333.42,0.55,0.42,2026-03-01,718,N20,VIIRS,n,2,301.84,3.84,D,0
22.71913,87.13628,338.27,0.4,0.37,2026-03-01,718,N20,VIIRS,n,2,304.77,3.28,D,0
22.72199,87.23367,335.67,0.39,0.37,2026-03-01,718,N20,VIIRS,n,2,304.55,2.81,D,0
22.72308,87.13947,336.52,0.4,0.37,2026-03-01,718,N20,VIIRS,n,2,305.7,4.8,D,0
22.72382,87.28819,339.4,0.39,0.36,2026-03-01,718,N20,VIIRS,n,2,305.11,3.02,D,0
22.72466,86.17123,334.25,0.42,0.38,2026-03-01,718,N20,VIIRS,n,2,301.71,3.06,D,0
22.72532,87.23305,333.72,0.39,0.37,2026-03-01,718,N20,VIIRS,n,2,303.46,1.56,D,0
22.7258,87.13503,335.05,0.4,0.37,2026-03-01,718,N20,VIIRS,n,2,304.45,4.8,D,0
22.7263,85.90472,343.26,0.43,0.38,2026-03-01,718,N20,VIIRS,n,2,311.84,18.95,D,0
22.72699,85.90884,335.66,0.43,0.38,2026-03-01,718,N20,VIIRS,n,2,305.24,14.33,D,0
22.72838,85.90542,355.12,0.43,0.38,2026-03-01,718,N20,VIIRS,n,2,308.19,22.53,D,0
22.72896,87.25589,348.57,0.39,0.37,2026-03-01,718,N20,VIIRS,n,2,305.51,5.47,D,0
22.7353,87.0662,335.64,0.4,0.37,2026-03-01,718,N20,VIIRS,n,2,304.83,4.53,D,0
22.73592,87.07004,344.18,0.4,0.37,2026-03-01,718,N20,VIIRS,n,2,309.48,24.31,D,0
22.74076,85.97,334.19,0.43,0.38,2026-03-01,718,N20,VIIRS,l,2,306.27,2.25,D,0
22.74509,87.08413,335.22,0.4,0.37,2026-03-01,718,N20,VIIRS,n,2,305.16,3.96,D,0
22.74818,87.10328,347.78,0.4,0.37,2026-03-01,718,N20,VIIRS,n,2,304.65,9.62,D,0
22.7488,87.1071,367,0.4,0.37,2026-03-01,718,N20,VIIRS,h,2,306.97,12.05,D,0
22.75152,87.10265,334.75,0.4,0.37,2026-03-01,718,N20,VIIRS,n,2,303.3,2.57,D,0
22.75232,76.77171,333.12,0.48,0.65,2026-03-01,718,N20,VIIRS,l,2,305.21,2.7,D,0
22.75357,76.76969,335.89,0.48,0.65,2026-03-01,718,N20,VIIRS,n,2,306.66,2.27,D,0
22.75486,87.10203,330.44,0.4,0.37,2026-03-01,718,N20,VIIRS,l,2,303.55,2.57,D,0
22.76179,86.68963,341.59,0.41,0.37,2026-03-01,718,N20,VIIRS,n,2,305.36,3.51,D,0
22.76419,79.78258,334.29,0.62,0.54,2026-03-01,718,N20,VIIRS,l,2,306.01,3.2,D,0
22.76737,79.78349,335.62,0.62,0.54,2026-03-01,718,N20,VIIRS,n,2,305.87,2.87,D,0
22.76793,85.96992,330.86,0.43,0.38,2026-03-01,718,N20,VIIRS,l,2,305,1.77,D,0
22.77087,87.20136,333.72,0.4,0.37,2026-03-01,718,N20,VIIRS,l,2,306.57,2.05,D,0
22.771,87.28753,335.78,0.39,0.36,2026-03-01,718,N20,VIIRS,n,2,305.14,1.98,D,0
22.77148,87.20517,337.39,0.39,0.37,2026-03-01,718,N20,VIIRS,n,2,304.27,1.89,D,0
22.77432,87.28691,330.07,0.39,0.36,2026-03-01,718,N20,VIIRS,n,2,304.19,1.61,D,0
22.77566,86.12025,330.61,0.42,0.38,2026-03-01,718,N20,VIIRS,l,2,305.16,2.4,D,0
22.7867,87.25719,348.19,0.39,0.36,2026-03-01,718,N20,VIIRS,n,2,303.72,3.62,D,0
22.78731,87.26099,332.41,0.39,0.36,2026-03-01,718,N20,VIIRS,l,2,302.91,3.62,D,0
22.8318,77.11235,367,0.46,0.63,2026-03-01,718,N20,VIIRS,h,2,306.2,10.27,D,0
22.83204,87.05531,335.09,0.4,0.37,2026-03-01,718,N20,VIIRS,n,2,302.1,2.33,D,0
22.83273,77.11319,367,0.46,0.63,2026-03-01,718,N20,VIIRS,h,2,303.66,8.24,D,0
22.84718,87.37881,333.17,0.39,0.36,2026-03-01,718,N20,VIIRS,l,2,307.84,1.98,D,0
22.84764,87.0879,332.69,0.4,0.37,2026-03-01,718,N20,VIIRS,n,2,302.35,1.57,D,0
22.88125,77.21828,331.11,0.45,0.63,2026-03-01,718,N20,VIIRS,l,2,303.65,1.41,D,0
22.91537,87.10273,334.78,0.4,0.37,2026-03-01,718,N20,VIIRS,n,2,305.19,2.65,D,0
22.91764,87.22424,331.61,0.39,0.36,2026-03-01,718,N20,VIIRS,l,2,304.19,1.81,D,0
22.9192,87.34131,332.37,0.39,0.36,2026-03-01,718,N20,VIIRS,n,2,304.59,2.15,D,0
22.92036,87.21982,332.24,0.39,0.36,2026-03-01,718,N20,VIIRS,l,2,304.28,5.41,D,0
22.92097,87.22362,352.75,0.39,0.36,2026-03-01,718,N20,VIIRS,n,2,311.19,28.34,D,0
22.94035,82.52557,342.13,0.42,0.45,2026-03-01,718,N20,VIIRS,n,2,307.61,7.78,D,0
22.98914,86.76752,332.54,0.4,0.37,2026-03-01,718,N20,VIIRS,n,2,301.81,1.57,D,0
23.01164,87.15205,330.57,0.39,0.37,2026-03-01,718,N20,VIIRS,l,2,304.21,2.1,D,0
23.04984,87.30563,347.65,0.39,0.36,2026-03-01,718,N20,VIIRS,n,2,307.43,8.84,D,0
23.05192,87.38326,333.25,0.39,0.36,2026-03-01,718,N20,VIIRS,l,2,303.59,3.27,D,0
23.05252,87.38704,356.03,0.39,0.36,2026-03-01,718,N20,VIIRS,n,2,305.61,12.21,D,0
23.05583,87.38642,346.73,0.39,0.36,2026-03-01,718,N20,VIIRS,n,2,302.99,4.78,D,0
23.09139,87.07806,344.25,0.4,0.37,2026-03-01,718,N20,VIIRS,n,2,306.62,9.34,D,0
23.10521,88.11408,332.64,0.38,0.36,2026-03-01,718,N20,VIIRS,n,2,301.91,2.24,D,0
23.10633,85.95238,339.63,0.42,0.38,2026-03-01,718,N20,VIIRS,n,2,305.66,4.25,D,0
23.11678,87.70851,335.1,0.39,0.36,2026-03-01,718,N20,VIIRS,n,2,305.38,2.4,D,0
23.17116,87.17356,333.71,0.39,0.36,2026-03-01,718,N20,VIIRS,n,2,304.74,2.51,D,0
23.1801,78.5832,333.88,0.36,0.58,2026-03-01,718,N20,VIIRS,l,2,305.72,4.91,D,0
23.18088,78.58669,339.73,0.36,0.58,2026-03-01,718,N20,VIIRS,n,2,304.19,5.24,D,0
23.20626,81.50771,330.83,0.48,0.48,2026-03-01,718,N20,VIIRS,n,2,302.49,1.32,D,0
23.21334,87.45855,334.24,0.39,0.36,2026-03-01,718,N20,VIIRS,n,2,303.54,4.13,D,0
23.23349,87.47812,333.61,0.39,0.36,2026-03-01,718,N20,VIIRS,l,2,304.21,4.24,D,0
23.23621,87.47373,332.01,0.39,0.36,2026-03-01,718,N20,VIIRS,l,2,303.68,2.75,D,0
23.2368,87.4775,347.44,0.39,0.36,2026-03-01,718,N20,VIIRS,n,2,305.46,4.24,D,0
23.23952,87.47312,344.79,0.39,0.36,2026-03-01,718,N20,VIIRS,n,2,308.46,11.97,D,0
23.2396,87.34467,336.84,0.39,0.36,2026-03-01,718,N20,VIIRS,n,2,299.84,4.39,D,0
23.2402,87.34846,350.9,0.39,0.36,2026-03-01,718,N20,VIIRS,n,2,302.84,4.39,D,0
23.24283,87.4725,335.39,0.39,0.36,2026-03-01,718,N20,VIIRS,n,2,300.53,11.97,D,0
23.24343,87.47627,340.06,0.39,0.36,2026-03-01,718,N20,VIIRS,n,2,298.81,19.28,D,0
23.24926,87.3195,335.34,0.39,0.36,2026-03-01,718,N20,VIIRS,n,2,304.64,5.34,D,0
23.25831,87.33343,334.71,0.39,0.36,2026-03-01,718,N20,VIIRS,l,2,304.78,12.62,D,0
23.26035,78.77458,330.44,0.35,0.57,2026-03-01,718,N20,VIIRS,l,2,304.86,2.54,D,0
23.26162,87.33281,336.65,0.39,0.36,2026-03-01,718,N20,VIIRS,n,2,303.97,12.62,D,0
23.26263,78.83416,352.32,0.35,0.57,2026-03-01,718,N20,VIIRS,n,2,308,5.77,D,0
23.26336,78.83745,336.46,0.35,0.57,2026-03-01,718,N20,VIIRS,n,2,305.14,4.02,D,0
23.26766,87.32778,345.25,0.39,0.36,2026-03-01,718,N20,VIIRS,n,2,305.72,9.19,D,0
23.26952,87.04491,334.82,0.4,0.37,2026-03-01,718,N20,VIIRS,n,2,304.76,2.57,D,0
23.28153,87.32909,337.21,0.39,0.36,2026-03-01,718,N20,VIIRS,n,2,303,1.61,D,0
23.28485,87.32847,356.36,0.39,0.36,2026-03-01,718,N20,VIIRS,n,2,306.03,4.74,D,0
23.28545,87.33226,335.89,0.39,0.36,2026-03-01,718,N20,VIIRS,n,2,304.78,4.74,D,0
23.28759,87.28497,336.32,0.39,0.36,2026-03-01,718,N20,VIIRS,n,2,302.43,3.59,D,0
23.28817,87.32785,335.27,0.39,0.36,2026-03-01,718,N20,VIIRS,n,2,304.92,4.74,D,0
23.29567,87.22868,334.16,0.39,0.36,2026-03-01,718,N20,VIIRS,n,2,302.95,25.06,D,0
23.29777,87.22046,337.22,0.39,0.36,2026-03-01,718,N20,VIIRS,n,2,304.55,3.02,D,0
23.29839,87.22425,335.14,0.39,0.36,2026-03-01,718,N20,VIIRS,l,2,305.96,25.06,D,0
23.2992,87.16531,339.16,0.39,0.36,2026-03-01,718,N20,VIIRS,n,2,307.1,4.06,D,0
23.29981,87.16912,345.94,0.39,0.36,2026-03-01,718,N20,VIIRS,n,2,308.15,4.59,D,0
23.30171,87.22363,350.31,0.39,0.36,2026-03-01,718,N20,VIIRS,n,2,304.32,4.94,D,0
23.30231,87.22743,333.39,0.39,0.36,2026-03-01,718,N20,VIIRS,n,2,302.28,4.94,D,0
23.30314,87.1685,336.09,0.39,0.36,2026-03-01,718,N20,VIIRS,l,2,308.06,4.59,D,0
23.30585,87.16405,340.81,0.39,0.36,2026-03-01,718,N20,VIIRS,n,2,305.79,2.96,D,0
23.31831,86.92093,334.58,0.4,0.37,2026-03-01,718,N20,VIIRS,l,2,304.63,4,D,0
23.32103,86.91644,336.39,0.4,0.37,2026-03-01,718,N20,VIIRS,l,2,308.25,3.68,D,0
23.33512,87.11139,331.23,0.39,0.36,2026-03-01,718,N20,VIIRS,l,2,306.22,2,D,0
23.36503,87.04637,331.7,0.39,0.37,2026-03-01,718,N20,VIIRS,n,2,305.73,1.89,D,0
23.37534,87.68802,335.98,0.39,0.36,2026-03-01,718,N20,VIIRS,n,2,307.77,3.21,D,0
23.39471,87.16668,339.24,0.39,0.36,2026-03-01,718,N20,VIIRS,n,2,306.39,3.08,D,0
23.40196,86.84914,341.39,0.4,0.37,2026-03-01,718,N20,VIIRS,n,2,304.88,2.56,D,0
23.42753,86.48682,336.01,0.41,0.37,2026-03-01,718,N20,VIIRS,l,2,307.94,4.05,D,0
23.42768,87.18011,338.88,0.39,0.36,2026-03-01,718,N20,VIIRS,n,2,306.42,2.95,D,0
23.45684,86.68692,331.59,0.4,0.37,2026-03-01,718,N20,VIIRS,n,2,304.98,1.52,D,0
23.46462,87.03158,336.34,0.39,0.37,2026-03-01,718,N20,VIIRS,n,2,307.95,3.15,D,0
23.49568,87.47952,342.73,0.39,0.36,2026-03-01,718,N20,VIIRS,n,2,303.99,7,D,0
23.52919,87.39157,334.58,0.39,0.36,2026-03-01,718,N20,VIIRS,l,2,305.07,2.66,D,0
23.52979,87.39536,334.41,0.39,0.36,2026-03-01,718,N20,VIIRS,l,2,304.68,2.66,D,0
23.54661,88.42561,335.65,0.38,0.36,2026-03-01,718,N20,VIIRS,n,2,308.13,2.76,D,0
23.5571,91.19274,333.5,0.44,0.38,2026-03-01,718,N20,VIIRS,n,2,301.48,2.34,D,0
23.55993,87.24145,342.49,0.39,0.36,2026-03-01,718,N20,VIIRS,n,2,310.07,13.54,D,2
23.56222,87.08402,335.71,0.39,0.36,2026-03-01,718,N20,VIIRS,l,2,309.86,2.14,D,2
23.60022,86.79198,336.96,0.4,0.37,2026-03-01,718,N20,VIIRS,l,2,307.43,2.91,D,0
23.60137,87.13988,331.13,0.39,0.36,2026-03-01,718,N20,VIIRS,l,2,305.56,1.75,D,0
23.60622,87.40447,345.41,0.39,0.36,2026-03-01,718,N20,VIIRS,n,2,306.11,5.96,D,0
23.60628,87.36161,340.71,0.39,0.36,2026-03-01,718,N20,VIIRS,l,2,312.74,46.21,D,0
23.61647,93.77353,336.3,0.4,0.44,2026-03-01,718,N20,VIIRS,n,2,299.47,3.13,D,0
23.62531,85.45775,333.7,0.44,0.38,2026-03-01,718,N20,VIIRS,n,2,303.65,2.19,D,0
23.63706,86.99923,345.15,0.39,0.37,2026-03-01,718,N20,VIIRS,n,2,306.06,2.85,D,0
23.64416,94.1481,345.13,0.42,0.45,2026-03-01,718,N20,VIIRS,n,2,303.18,4.35,D,0
23.64494,85.44078,331.92,0.44,0.38,2026-03-01,718,N20,VIIRS,l,2,306.44,2.97,D,2
23.64503,87.04902,338.67,0.39,0.36,2026-03-01,718,N20,VIIRS,n,2,306.69,1.88,D,0
23.65199,88.5601,332.05,0.38,0.36,2026-03-01,718,N20,VIIRS,l,2,302.13,3.48,D,0
23.6573,87.16864,336.26,0.39,0.36,2026-03-01,718,N20,VIIRS,n,2,308.94,3.22,D,0
23.65935,88.47423,331.29,0.38,0.36,2026-03-01,718,N20,VIIRS,n,2,305.08,1.66,D,0
23.66087,85.96454,336.78,0.42,0.38,2026-03-01,718,N20,VIIRS,n,2,303.91,3.44,D,0
23.66916,87.6759,332.73,0.39,0.36,2026-03-01,718,N20,VIIRS,n,2,307.4,1.5,D,0
23.67386,85.48315,335.93,0.44,0.38,2026-03-01,718,N20,VIIRS,n,2,305.84,3.86,D,0
23.67387,85.95775,336.98,0.42,0.38,2026-03-01,718,N20,VIIRS,n,2,304.07,1.87,D,0
23.67517,86.00768,339.55,0.42,0.37,2026-03-01,718,N20,VIIRS,n,2,304.66,3.91,D,0
23.67963,86.39792,340.48,0.41,0.37,2026-03-01,718,N20,VIIRS,l,2,312.03,4.34,D,2
23.68116,86.08563,333.61,0.42,0.37,2026-03-01,718,N20,VIIRS,l,2,306.58,3.41,D,2
23.68301,86.39728,335.59,0.41,0.37,2026-03-01,718,N20,VIIRS,l,2,309.84,4.34,D,2
23.68354,86.39378,337.23,0.41,0.37,2026-03-01,718,N20,VIIRS,l,2,309.48,3.44,D,2
23.68463,89.56568,335.62,0.4,0.37,2026-03-01,718,N20,VIIRS,n,2,302.54,3.22,D,0
23.68601,86.05146,340.71,0.42,0.37,2026-03-01,718,N20,VIIRS,n,2,304.97,5.27,D,0
23.68691,86.39314,336.1,0.41,0.37,2026-03-01,718,N20,VIIRS,l,2,309.77,3.44,D,2
23.68776,87.12363,334.88,0.39,0.36,2026-03-01,718,N20,VIIRS,l,2,309.38,3.82,D,2
23.68941,86.05078,334.36,0.42,0.37,2026-03-01,718,N20,VIIRS,n,2,303.33,2.41,D,0
23.70924,86.55853,331.67,0.4,0.37,2026-03-01,718,N20,VIIRS,n,2,303.61,2.8,D,0
23.71022,86.44969,343.75,0.41,0.37,2026-03-01,718,N20,VIIRS,n,2,311.6,4.19,D,2
23.71131,85.59722,346.47,0.43,0.38,2026-03-01,718,N20,VIIRS,n,2,306,6.87,D,0
23.71363,93.65263,333.04,0.39,0.44,2026-03-01,718,N20,VIIRS,n,2,301.96,4.5,D,0
23.71408,93.65629,338.03,0.39,0.44,2026-03-01,718,N20,VIIRS,n,2,301.61,4.5,D,0
23.71451,93.65987,340.05,0.39,0.44,2026-03-01,718,N20,VIIRS,n,2,299.14,5.33,D,0
23.72127,91.15473,333.65,0.44,0.38,2026-03-01,718,N20,VIIRS,n,2,301.53,4.09,D,0
23.72154,86.34969,335.36,0.41,0.37,2026-03-01,718,N20,VIIRS,n,2,303.77,3.98,D,0
23.73523,86.43265,336.97,0.41,0.37,2026-03-01,718,N20,VIIRS,l,2,311.63,2.99,D,2
23.73563,86.0748,332.16,0.42,0.37,2026-03-01,718,N20,VIIRS,l,2,305.52,1.71,D,0
23.73588,86.43659,335.13,0.41,0.37,2026-03-01,718,N20,VIIRS,l,2,309.86,2.99,D,2
23.73664,95.54863,332.6,0.51,0.49,2026-03-01,718,N20,VIIRS,n,2,299.58,3.89,D,0
23.74725,93.72242,329.31,0.39,0.44,2026-03-01,718,N20,VIIRS,n,2,298.47,10.39,D,0
23.75088,93.71822,333.24,0.39,0.44,2026-03-01,718,N20,VIIRS,n,2,302.06,9.16,D,0
23.75392,86.0585,335.27,0.42,0.37,2026-03-01,718,N20,VIIRS,n,2,304.32,2.1,D,0
23.75723,93.77338,339.35,0.4,0.44,2026-03-01,718,N20,VIIRS,n,2,299.27,6.88,D,0
23.75727,94.19675,329.07,0.42,0.45,2026-03-01,718,N20,VIIRS,l,2,303.98,1.92,D,0
23.75766,93.77719,352.24,0.4,0.44,2026-03-01,718,N20,VIIRS,n,2,302.6,6.88,D,0
23.75832,86.40378,339.96,0.41,0.37,2026-03-01,718,N20,VIIRS,l,2,311.25,4.52,D,2
23.76169,86.40313,343.58,0.41,0.37,2026-03-01,718,N20,VIIRS,n,2,311.38,4.6,D,2
23.76335,93.86304,353.69,0.4,0.44,2026-03-01,718,N20,VIIRS,n,2,299.9,8.6,D,0
23.76571,86.40643,342.77,0.41,0.37,2026-03-01,718,N20,VIIRS,n,2,310.96,4.6,D,2
23.77273,86.36427,343.11,0.41,0.37,2026-03-01,718,N20,VIIRS,n,2,309.84,3.51,D,2
23.77419,93.77745,343.35,0.4,0.44,2026-03-01,718,N20,VIIRS,n,2,304.6,5.47,D,0
23.77947,86.21094,344.99,0.41,0.37,2026-03-01,718,N20,VIIRS,n,2,311.84,6.09,D,2
23.78414,95.82892,333.3,0.53,0.5,2026-03-01,718,N20,VIIRS,l,2,303.3,6.7,D,0
23.78929,92.06443,343.52,0.48,0.4,2026-03-01,718,N20,VIIRS,n,2,303.28,32.31,D,0
23.79269,86.48649,335.89,0.4,0.37,2026-03-01,718,N20,VIIRS,n,2,305.94,2.26,D,0
23.79925,86.35058,342.66,0.41,0.37,2026-03-01,718,N20,VIIRS,l,2,313.18,4.84,D,2
23.80272,86.3295,341.6,0.41,0.37,2026-03-01,718,N20,VIIRS,l,2,314.14,6.82,D,2
23.80503,85.67393,330.08,0.43,0.38,2026-03-01,718,N20,VIIRS,n,2,304.28,4.03,D,0
23.80844,87.28503,336.94,0.39,0.36,2026-03-01,718,N20,VIIRS,n,2,307.39,4.08,D,0
23.81184,95.82469,329.08,0.53,0.5,2026-03-01,718,N20,VIIRS,l,2,300.24,1.79,D,0
23.82004,95.32204,341.34,0.49,0.49,2026-03-01,718,N20,VIIRS,n,2,303.15,5.39,D,0
23.82054,95.32685,330.07,0.49,0.49,2026-03-01,718,N20,VIIRS,l,2,300.85,2.16,D,0
23.82175,95.31946,328.66,0.49,0.49,2026-03-01,718,N20,VIIRS,l,2,303.17,2.09,D,0
23.82229,95.32429,338.94,0.49,0.49,2026-03-01,718,N20,VIIRS,n,2,301.68,5.9,D,0
23.82704,92.33334,333.46,0.5,0.41,2026-03-01,718,N20,VIIRS,n,2,301.23,5.83,D,0
23.82775,84.57531,336.31,0.47,0.4,2026-03-01,718,N20,VIIRS,l,2,310.2,7.84,D,0
23.83128,95.25656,333.09,0.49,0.48,2026-03-01,718,N20,VIIRS,n,2,304.97,3.45,D,0
23.83447,93.69531,334.13,0.39,0.44,2026-03-01,718,N20,VIIRS,n,2,302.29,4.2,D,0
23.83504,93.69993,341.85,0.39,0.44,2026-03-01,718,N20,VIIRS,n,2,301.49,4.2,D,0
23.83715,86.3269,336.69,0.41,0.37,2026-03-01,718,N20,VIIRS,n,2,306.6,4.38,D,0
23.84745,86.60052,334.73,0.4,0.37,2026-03-01,718,N20,VIIRS,n,2,305.88,2.63,D,0
23.85278,95.72935,340.5,0.52,0.5,2026-03-01,718,N20,VIIRS,n,2,303.55,3.36,D,0
23.85283,95.72636,341.75,0.52,0.5,2026-03-01,718,N20,VIIRS,n,2,303.59,4.27,D,0
23.85686,95.72366,333.66,0.52,0.5,2026-03-01,718,N20,VIIRS,n,2,303.84,2.73,D,0
23.85743,95.7258,331.14,0.52,0.5,2026-03-01,718,N20,VIIRS,n,2,302.92,4.27,D,0
23.8597,86.10097,334.51,0.41,0.37,2026-03-01,718,N20,VIIRS,l,2,307.28,2.13,D,0
23.86349,93.93731,336.67,0.41,0.45,2026-03-01,718,N20,VIIRS,n,2,302.51,2.77,D,0
23.86646,96.02972,327.59,0.55,0.51,2026-03-01,718,N20,VIIRS,n,2,300.43,2.37,D,0
23.89685,95.31751,334.14,0.49,0.49,2026-03-01,718,N20,VIIRS,n,2,305.34,4.22,D,0
23.89867,93.67599,329.45,0.39,0.44,2026-03-01,718,N20,VIIRS,n,2,302.76,4.63,D,0
23.91978,93.8561,327.9,0.4,0.45,2026-03-01,718,N20,VIIRS,n,2,301.19,2.55,D,0
23.94194,94.23169,336.66,0.42,0.46,2026-03-01,718,N20,VIIRS,n,2,307.4,3.65,D,0
23.96053,94.51349,338.66,0.44,0.46,2026-03-01,718,N20,VIIRS,n,2,303,3.18,D,0
23.96492,79.82885,332.72,0.58,0.52,2026-03-01,718,N20,VIIRS,n,2,304.8,8.1,D,0
23.96613,79.83466,349.99,0.58,0.52,2026-03-01,718,N20,VIIRS,n,2,307.07,8.1,D,0
23.96733,79.8404,340.84,0.58,0.52,2026-03-01,718,N20,VIIRS,n,2,303.56,8.3,D,0
23.98314,94.48353,340.55,0.44,0.46,2026-03-01,718,N20,VIIRS,n,2,305.55,12.21,D,0
23.9836,94.48761,339.66,0.44,0.46,2026-03-01,718,N20,VIIRS,n,2,298.96,7.8,D,0
23.99706,89.10355,336.32,0.39,0.36,2026-03-01,718,N20,VIIRS,n,2,303.93,3.43,D,0
24.0418,95.41414,331.46,0.5,0.49,2026-03-01,718,N20,VIIRS,n,2,301.06,3.47,D,0
24.04313,95.41169,332.68,0.5,0.49,2026-03-01,718,N20,VIIRS,n,2,300.03,3.75,D,0
24.07107,90.39935,332.57,0.42,0.38,2026-03-01,718,N20,VIIRS,n,2,300.97,2.27,D,0
24.07898,96.64687,336.03,0.6,0.53,2026-03-01,718,N20,VIIRS,n,2,298.44,5.16,D,0
24.1166,94.29907,349.48,0.43,0.46,2026-03-01,718,N20,VIIRS,n,2,302.31,4.75,D,0
24.1401,82.6365,333.64,0.39,0.44,2026-03-01,718,N20,VIIRS,n,2,303.33,3.57,D,0
24.14569,94.3267,329.62,0.43,0.46,2026-03-01,718,N20,VIIRS,n,2,304.09,3.51,D,0
24.14991,94.32614,343.1,0.43,0.46,2026-03-01,718,N20,VIIRS,n,2,304.06,3.51,D,0
24.1509,92.6507,335.5,0.52,0.42,2026-03-01,718,N20,VIIRS,n,2,301.56,5.09,D,0
24.15171,92.64854,343.84,0.52,0.42,2026-03-01,718,N20,VIIRS,n,2,301.5,7.13,D,0
24.19389,78.86745,338.12,0.33,0.55,2026-03-01,718,N20,VIIRS,n,2,304.4,2.83,D,0
24.19599,90.49739,333.31,0.42,0.38,2026-03-01,718,N20,VIIRS,n,2,299.83,2.31,D,0
24.20882,87.45168,334.9,0.39,0.36,2026-03-01,718,N20,VIIRS,n,2,306.67,1.83,D,0
24.2189,87.5159,331.66,0.39,0.36,2026-03-01,718,N20,VIIRS,l,2,302.57,1.29,D,0
24.24624,97.81608,343.9,0.36,0.57,2026-03-01,718,N20,VIIRS,n,2,296.75,4.13,D,0
24.24752,93.19518,338.08,0.56,0.43,2026-03-01,718,N20,VIIRS,n,2,300.33,9.4,D,0
24.25589,97.97964,326.11,0.37,0.58,2026-03-01,718,N20,VIIRS,n,2,293.34,2.23,D,0
24.26204,93.88544,328.65,0.41,0.45,2026-03-01,718,N20,VIIRS,n,2,302.16,1.96,D,0
24.27432,86.79155,335.43,0.4,0.37,2026-03-01,718,N20,VIIRS,n,2,303.96,4.22,D,0
24.27494,86.79536,335.45,0.4,0.37,2026-03-01,718,N20,VIIRS,l,2,306.25,3.69,D,0
24.28052,87.56261,338.4,0.39,0.36,2026-03-01,718,N20,VIIRS,n,2,305.59,5.27,D,0
24.2835,93.67975,343.44,0.4,0.44,2026-03-01,718,N20,VIIRS,n,2,301.54,4.31,D,0
24.28382,87.562,343.81,0.39,0.36,2026-03-01,718,N20,VIIRS,n,2,307.49,5.27,D,0
24.28636,84.0047,342.87,0.5,0.41,2026-03-01,718,N20,VIIRS,n,2,305.6,6.9,D,0
24.28641,95.87126,327.6,0.54,0.51,2026-03-01,718,N20,VIIRS,n,2,299.71,2.38,D,0
24.29722,94.8243,336.36,0.47,0.47,2026-03-01,718,N20,VIIRS,n,2,302.45,6.27,D,0
24.29796,94.82543,341.76,0.47,0.47,2026-03-01,718,N20,VIIRS,n,2,301.45,3.84,D,0
24.30623,94.42001,341.14,0.44,0.46,2026-03-01,718,N20,VIIRS,n,2,303.23,4.59,D,0
24.33676,94.46038,340.98,0.44,0.46,2026-03-01,718,N20,VIIRS,n,2,302.29,3.67,D,0
24.34231,94.43301,330.75,0.44,0.46,2026-03-01,718,N20,VIIRS,n,2,302.18,3.78,D,0
24.34281,94.43741,335.94,0.44,0.46,2026-03-01,718,N20,VIIRS,n,2,300.58,3.15,D,0
24.34708,94.43684,334.16,0.44,0.46,2026-03-01,718,N20,VIIRS,n,2,303.41,3.15,D,0
24.34758,94.99836,327.23,0.48,0.48,2026-03-01,718,N20,VIIRS,n,2,299.75,1.76,D,0
24.38002,87.45889,332.02,0.39,0.36,2026-03-01,718,N20,VIIRS,l,2,305.08,1.13,D,0
24.39387,88.64067,334.88,0.39,0.36,2026-03-01,718,N20,VIIRS,n,2,305,3.97,D,0
24.39788,94.43497,337.65,0.44,0.46,2026-03-01,718,N20,VIIRS,n,2,303.85,8.84,D,0
24.39837,94.43934,340.27,0.44,0.46,2026-03-01,718,N20,VIIRS,n,2,301.52,5.75,D,0
24.40215,94.4344,355.3,0.44,0.46,2026-03-01,718,N20,VIIRS,n,2,305.6,8.84,D,0
24.40642,94.43384,343.06,0.44,0.46,2026-03-01,718,N20,VIIRS,n,2,303.82,5.98,D,0
24.4074,94.44261,344.49,0.44,0.46,2026-03-01,718,N20,VIIRS,n,2,305.81,5.65,D,0
24.42449,87.4389,339.1,0.39,0.36,2026-03-01,718,N20,VIIRS,n,2,308.16,4.14,D,0
24.4266,87.43073,346.66,0.39,0.36,2026-03-01,718,N20,VIIRS,n,2,308.1,5.81,D,0
24.4272,87.43452,343.06,0.39,0.36,2026-03-01,718,N20,VIIRS,n,2,308.17,4.14,D,0
24.42757,94.50681,339.88,0.45,0.47,2026-03-01,718,N20,VIIRS,n,2,301.05,5.24,D,0
24.44054,93.82465,338.93,0.41,0.45,2026-03-01,718,N20,VIIRS,n,2,296.95,3.57,D,0
24.44795,93.88937,327.87,0.41,0.45,2026-03-01,718,N20,VIIRS,n,2,297.75,2.43,D,0
24.4538,93.83105,367,0.41,0.45,2026-03-01,718,N20,VIIRS,h,2,301.42,14.56,D,0
24.45665,87.40569,337.37,0.39,0.36,2026-03-01,718,N20,VIIRS,n,2,305.76,1.58,D,0
24.45986,87.44787,332.17,0.39,0.36,2026-03-01,718,N20,VIIRS,l,2,305.02,4.73,D,0
24.46147,85.5165,335.07,0.43,0.38,2026-03-01,718,N20,VIIRS,n,2,302.13,1.82,D,0
24.47215,92.87701,338.41,0.54,0.42,2026-03-01,718,N20,VIIRS,n,2,301.51,8.09,D,0
24.47271,87.46495,334.72,0.39,0.36,2026-03-01,718,N20,VIIRS,l,2,304.97,1.92,D,0
24.47279,92.88222,337.95,0.54,0.42,2026-03-01,718,N20,VIIRS,n,2,301.9,8.09,D,0
24.48747,94.51358,346.9,0.45,0.47,2026-03-01,718,N20,VIIRS,n,2,303.76,8.04,D,0
24.51707,94.54505,340.67,0.45,0.47,2026-03-01,718,N20,VIIRS,n,2,301.32,4.12,D,0
24.53411,93.92419,336.57,0.41,0.45,2026-03-01,718,N20,VIIRS,n,2,295.84,2.9,D,0
24.54345,87.41631,334.03,0.39,0.36,2026-03-01,718,N20,VIIRS,l,2,306.49,2.57,D,0
24.55141,87.29384,333.17,0.39,0.36,2026-03-01,718,N20,VIIRS,l,2,308.04,1.98,D,0
24.56436,93.85806,330.31,0.41,0.45,2026-03-01,718,N20,VIIRS,l,2,301.02,2.79,D,0
24.56958,93.94028,343.61,0.42,0.45,2026-03-01,718,N20,VIIRS,n,2,302.49,18.17,D,0
24.58249,93.94273,343.95,0.42,0.45,2026-03-01,718,N20,VIIRS,n,2,300.23,5.91,D,0
24.58617,93.93808,331.4,0.42,0.45,2026-03-01,718,N20,VIIRS,l,2,301.86,5.91,D,0
24.59942,93.79995,339.79,0.41,0.45,2026-03-01,718,N20,VIIRS,n,2,297.7,5.77,D,0
24.60053,94.52756,333.98,0.45,0.47,2026-03-01,718,N20,VIIRS,n,2,301.9,2.91,D,0
24.60639,93.82362,335.06,0.41,0.45,2026-03-01,718,N20,VIIRS,n,2,299.64,2.65,D,0
24.60818,93.81528,327.2,0.41,0.45,2026-03-01,718,N20,VIIRS,n,2,299.06,1.73,D,0
24.6226,89.2282,330.97,0.39,0.36,2026-03-01,718,N20,VIIRS,n,2,305.2,1.77,D,0
24.62416,93.84608,336.29,0.41,0.45,2026-03-01,718,N20,VIIRS,n,2,296.51,4.78,D,0
24.65193,96.26667,337.17,0.58,0.52,2026-03-01,718,N20,VIIRS,n,2,298.28,5.65,D,0
24.6529,96.26884,338.35,0.58,0.52,2026-03-01,718,N20,VIIRS,n,2,298.36,4.76,D,0
24.66108,93.55331,335,0.4,0.44,2026-03-01,718,N20,VIIRS,n,2,297.74,2.05,D,0
24.68921,97.37675,330.49,0.34,0.56,2026-03-01,718,N20,VIIRS,n,2,296.3,2.69,D,0
24.69315,97.3627,337.48,0.34,0.56,2026-03-01,718,N20,VIIRS,n,2,296.48,5.31,D,0
24.69346,97.36607,335.81,0.34,0.56,2026-03-01,718,N20,VIIRS,n,2,296.02,4.06,D,0
24.70507,94.15246,340.43,0.43,0.46,2026-03-01,718,N20,VIIRS,n,2,301.87,5.8,D,0
24.72165,93.75768,331.1,0.41,0.45,2026-03-01,718,N20,VIIRS,n,2,297.1,4.4,D,0
24.72978,96.3633,338.93,0.59,0.53,2026-03-01,718,N20,VIIRS,n,2,299.26,8.2,D,0
24.73709,96.74705,333.6,0.62,0.54,2026-03-01,718,N20,VIIRS,n,2,294.39,5.36,D,0
24.76223,97.29961,354,0.34,0.56,2026-03-01,718,N20,VIIRS,n,2,298.29,13.83,D,0
24.76253,97.30295,367,0.34,0.56,2026-03-01,718,N20,VIIRS,h,2,297.76,12.72,D,0
24.76514,92.29214,332.83,0.51,0.41,2026-03-01,718,N20,VIIRS,n,2,298.09,5.14,D,0
24.76526,97.29741,327.73,0.34,0.56,2026-03-01,718,N20,VIIRS,n,2,296.86,8.42,D,0
24.76558,97.30077,354.17,0.34,0.56,2026-03-01,718,N20,VIIRS,n,2,300.59,8.42,D,0
24.76591,97.30412,331.47,0.34,0.56,2026-03-01,718,N20,VIIRS,n,2,297.41,11.06,D,0
24.7809,94.798,333.11,0.47,0.48,2026-03-01,718,N20,VIIRS,n,2,296.24,2.36,D,0
24.80018,95.41291,340.68,0.51,0.5,2026-03-01,718,N20,VIIRS,n,2,299.64,15.11,D,0
24.82515,93.72453,339.98,0.41,0.45,2026-03-01,718,N20,VIIRS,n,2,301.89,6.03,D,0
24.82553,93.72797,341.69,0.41,0.45,2026-03-01,718,N20,VIIRS,n,2,299.98,6.03,D,0
24.86223,97.0023,328.4,0.32,0.55,2026-03-01,718,N20,VIIRS,n,2,294.42,1.3,D,0
24.86316,91.99757,335.34,0.49,0.41,2026-03-01,718,N20,VIIRS,n,2,304.03,5.39,D,0
24.88087,92.47758,337.44,0.52,0.42,2026-03-01,718,N20,VIIRS,n,2,304.24,4.24,D,0
24.88159,96.99039,337.11,0.32,0.55,2026-03-01,718,N20,VIIRS,n,2,295.77,4.59,D,0
24.88381,92.47968,344.79,0.52,0.42,2026-03-01,718,N20,VIIRS,n,2,306.65,11.44,D,0
24.88469,92.47704,347.97,0.52,0.42,2026-03-01,718,N20,VIIRS,n,2,308.89,15.83,D,0
24.9108,86.39603,341.01,0.4,0.37,2026-03-01,718,N20,VIIRS,n,2,306.66,4.36,D,0
24.93332,92.83472,335.32,0.55,0.42,2026-03-01,718,N20,VIIRS,n,2,302.81,2.2,D,0
24.93348,92.83221,336.38,0.55,0.42,2026-03-01,718,N20,VIIRS,n,2,302.74,6.13,D,0
24.94255,80.43506,332.98,0.51,0.49,2026-03-01,718,N20,VIIRS,n,2,304.47,2.9,D,0
24.9437,94.17638,326.51,0.43,0.46,2026-03-01,718,N20,VIIRS,n,2,298.7,3.09,D,0
24.94694,80.43362,330.46,0.51,0.49,2026-03-01,718,N20,VIIRS,n,2,303.07,2.9,D,0
24.95118,92.71516,333.19,0.54,0.42,2026-03-01,718,N20,VIIRS,n,2,305.19,4.41,D,0
24.95182,92.72049,329.22,0.54,0.42,2026-03-01,718,N20,VIIRS,n,2,299.69,4.41,D,0
24.95191,95.02942,327.83,0.49,0.48,2026-03-01,718,N20,VIIRS,n,2,295.23,2.65,D,0
24.9869,94.06182,349.58,0.43,0.46,2026-03-01,718,N20,VIIRS,n,2,306.08,13.6,D,0
24.98836,88.21167,331.47,0.38,0.36,2026-03-01,718,N20,VIIRS,n,2,303.36,2.16,D,0
24.99105,94.97125,341.4,0.49,0.48,2026-03-01,718,N20,VIIRS,n,2,297.91,9.21,D,0
24.99113,94.06145,331.31,0.43,0.46,2026-03-01,718,N20,VIIRS,n,2,295.56,1.91,D,0
25.0048,92.7344,331.54,0.54,0.42,2026-03-01,718,N20,VIIRS,n,2,302.34,3.38,D,0
25.02022,92.30116,352.17,0.51,0.41,2026-03-01,718,N20,VIIRS,n,2,305.33,13.03,D,0
25.02264,85.56745,331.51,0.42,0.38,2026-03-01,718,N20,VIIRS,l,2,302.08,2.78,D,0
25.03284,87.37154,346.72,0.39,0.36,2026-03-01,718,N20,VIIRS,n,2,313.2,4.37,D,0
25.06975,92.20358,334.47,0.51,0.41,2026-03-01,718,N20,VIIRS,n,2,302.43,5.67,D,0
25.06993,92.20645,332.23,0.51,0.41,2026-03-01,718,N20,VIIRS,n,2,300.09,2.02,D,0
25.11524,93.90968,328.15,0.42,0.45,2026-03-01,718,N20,VIIRS,n,2,294.78,2.23,D,0
25.12982,97.49864,335.47,0.35,0.57,2026-03-01,718,N20,VIIRS,n,2,291.36,2.41,D,0
25.13593,92.36678,338.27,0.52,0.41,2026-03-01,718,N20,VIIRS,n,2,300.64,6.32,D,0
25.16726,91.5192,331.8,0.47,0.4,2026-03-01,718,N20,VIIRS,n,2,299.4,3.94,D,0
25.19336,97.49857,336.46,0.35,0.57,2026-03-01,718,N20,VIIRS,n,2,294.84,3.09,D,0
25.19344,97.49914,332.79,0.35,0.57,2026-03-01,718,N20,VIIRS,n,2,294.92,2.76,D,0
25.19602,97.46757,335.47,0.35,0.57,2026-03-01,718,N20,VIIRS,n,2,295.25,2.3,D,0
25.20097,97.46657,328.29,0.35,0.57,2026-03-01,718,N20,VIIRS,n,2,296.57,3.46,D,0
25.20126,97.46706,335.77,0.35,0.57,2026-03-01,718,N20,VIIRS,n,2,296.54,3.35,D,0
25.20129,97.47003,335.54,0.35,0.57,2026-03-01,718,N20,VIIRS,n,2,297.38,3.84,D,0
25.21384,90.17187,330.14,0.42,0.38,2026-03-01,718,N20,VIIRS,n,2,298.72,3.18,D,0
25.22136,91.19127,340.08,0.46,0.39,2026-03-01,718,N20,VIIRS,n,2,302.31,6.45,D,0
25.22677,96.50941,325.67,0.61,0.53,2026-03-01,718,N20,VIIRS,n,2,295.3,3.17,D,0
25.22707,88.49199,336.19,0.39,0.36,2026-03-01,718,N20,VIIRS,n,2,305.27,2.8,D,0
25.23019,92.47955,330.98,0.53,0.42,2026-03-01,718,N20,VIIRS,n,2,295.87,3.33,D,0
25.23537,92.95849,329.3,0.56,0.43,2026-03-01,718,N20,VIIRS,n,2,295.58,2.64,D,0
25.23998,96.8189,332.02,0.32,0.54,2026-03-01,718,N20,VIIRS,n,2,300.56,1.45,D,0
25.24032,96.81962,332.59,0.32,0.54,2026-03-01,718,N20,VIIRS,n,2,300.42,2.29,D,0
25.27275,92.77036,336.66,0.55,0.42,2026-03-01,718,N20,VIIRS,n,2,303.55,14.56,D,0
25.28254,97.43065,332.84,0.35,0.57,2026-03-01,718,N20,VIIRS,n,2,298.01,2.67,D,0
25.30234,92.46354,341.08,0.53,0.42,2026-03-01,718,N20,VIIRS,n,2,301.38,6.2,D,0
25.38815,91.41521,346.41,0.47,0.4,2026-03-01,718,N20,VIIRS,n,2,303.14,16.9,D,0
25.3978,92.65243,331.76,0.54,0.42,2026-03-01,718,N20,VIIRS,n,2,297.79,6.09,D,0
25.40338,88.42154,336.79,0.39,0.36,2026-03-01,718,N20,VIIRS,l,2,307.42,5.31,D,0
25.40561,92.68443,328.4,0.54,0.42,2026-03-01,718,N20,VIIRS,n,2,296.88,2.4,D,0
25.40881,92.64562,328.47,0.54,0.42,2026-03-01,718,N20,VIIRS,n,2,298.38,3.55,D,0
25.43975,92.60861,332.66,0.54,0.42,2026-03-01,718,N20,VIIRS,n,2,298.33,5.73,D,0
25.44088,92.60642,333.95,0.54,0.42,2026-03-01,718,N20,VIIRS,n,2,298.53,9.62,D,0
25.45302,91.36852,330.92,0.47,0.4,2026-03-01,718,N20,VIIRS,n,2,298.65,2.81,D,0
25.46595,92.65186,328.06,0.54,0.42,2026-03-01,718,N20,VIIRS,n,2,296.26,3.03,D,0
25.4696,88.45668,331,0.39,0.36,2026-03-01,718,N20,VIIRS,l,2,302.05,0.9,D,0
25.47253,92.57476,339.15,0.54,0.42,2026-03-01,718,N20,VIIRS,n,2,299.41,5.49,D,0
25.47565,88.45168,332.49,0.39,0.36,2026-03-01,718,N20,VIIRS,l,2,304.89,1.5,D,0
25.47827,92.14707,338.02,0.51,0.41,2026-03-01,718,N20,VIIRS,n,2,297.87,5.28,D,0
25.52469,92.58307,332.48,0.54,0.42,2026-03-01,718,N20,VIIRS,n,2,298.1,3.22,D,0
25.54385,85.12806,336.71,0.43,0.38,2026-03-01,718,N20,VIIRS,n,2,302.6,2.23,D,0
25.54569,85.12857,332.25,0.43,0.38,2026-03-01,718,N20,VIIRS,n,2,301.88,1.63,D,0
25.55546,91.09969,335.75,0.46,0.39,2026-03-01,718,N20,VIIRS,n,2,302.41,7.18,D,0
25.57318,90.91097,342.91,0.45,0.39,2026-03-01,718,N20,VIIRS,n,2,299.01,7.24,D,0
25.57674,90.91042,340.2,0.45,0.39,2026-03-01,718,N20,VIIRS,n,2,300.51,7.24,D,0
25.60795,91.15186,331.37,0.46,0.39,2026-03-01,718,N20,VIIRS,n,2,298.12,2.88,D,0
25.63454,91.07461,332.51,0.46,0.39,2026-03-01,718,N20,VIIRS,n,2,297.45,4.45,D,0
25.63601,96.66737,331.61,0.63,0.54,2026-03-01,718,N20,VIIRS,n,2,297.36,5.6,D,0
25.64101,96.66682,326.08,0.63,0.54,2026-03-01,718,N20,VIIRS,n,2,294.18,5.6,D,0
25.65151,96.61224,335.85,0.63,0.54,2026-03-01,718,N20,VIIRS,n,2,296.03,4.05,D,0
25.65295,96.63351,343.5,0.63,0.54,2026-03-01,718,N20,VIIRS,n,2,298.59,26.23,D,0
25.65319,96.63087,330.25,0.63,0.54,2026-03-01,718,N20,VIIRS,n,2,295.19,8.97,D,0
25.65379,96.63744,340.65,0.63,0.54,2026-03-01,718,N20,VIIRS,n,2,298.92,15.9,D,0
25.65551,96.60807,356.6,0.62,0.54,2026-03-01,718,N20,VIIRS,n,2,298.23,24.43,D,0
25.65594,96.60545,346.36,0.63,0.54,2026-03-01,718,N20,VIIRS,n,2,298.36,14.2,D,0
25.65651,96.61172,335.14,0.63,0.54,2026-03-01,718,N20,VIIRS,n,2,295.7,8.51,D,0
25.65909,90.98395,334.43,0.45,0.39,2026-03-01,718,N20,VIIRS,n,2,302.94,2.97,D,0
25.73771,92.53185,331.11,0.54,0.42,2026-03-01,718,N20,VIIRS,n,2,291.29,3.96,D,0
25.77936,89.8413,333.84,0.41,0.37,2026-03-01,718,N20,VIIRS,l,2,306.62,2.65,D,0
25.79245,89.86013,331.49,0.41,0.37,2026-03-01,718,N20,VIIRS,l,2,305.29,2.95,D,0
25.79255,88.39087,332.15,0.39,0.36,2026-03-01,718,N20,VIIRS,n,2,301.5,1.31,D,0
25.85754,93.28667,329.16,0.4,0.44,2026-03-01,718,N20,VIIRS,n,2,295.06,1.83,D,0
25.95229,92.85757,333.84,0.56,0.43,2026-03-01,718,N20,VIIRS,n,2,296.58,7.1,D,0
25.96624,90.42158,331.51,0.43,0.38,2026-03-01,718,N20,VIIRS,n,2,299.13,1.52,D,0
25.97729,92.66491,334.84,0.55,0.43,2026-03-01,718,N20,VIIRS,n,2,295.65,6.22,D,0
25.97754,92.66729,333.35,0.55,0.43,2026-03-01,718,N20,VIIRS,n,2,296.17,6.11,D,0
25.99623,93.52938,344.81,0.41,0.45,2026-03-01,718,N20,VIIRS,n,2,300.42,6.29,D,0
25.99829,90.28925,331.44,0.43,0.38,2026-03-01,718,N20,VIIRS,n,2,299.34,3.62,D,0
26.01799,93.28139,331.43,0.4,0.44,2026-03-01,718,N20,VIIRS,n,2,296.82,2.78,D,0
26.03001,92.84443,332.65,0.56,0.43,2026-03-01,718,N20,VIIRS,n,2,300.14,2.47,D,0
26.09074,93.15984,339.12,0.39,0.44,2026-03-01,718,N20,VIIRS,n,2,299.49,5.73,D,0
26.20625,89.95044,331.75,0.42,0.38,2026-03-01,718,N20,VIIRS,n,2,297.97,3.05,D,0
26.23177,92.04604,333.08,0.51,0.41,2026-03-01,718,N20,VIIRS,n,2,298.33,7.19,D,0
26.23177,92.04817,344.07,0.51,0.41,2026-03-01,718,N20,VIIRS,n,2,298.9,11.45,D,0
26.24305,91.82428,335.28,0.5,0.41,2026-03-01,718,N20,VIIRS,n,2,293.58,5.97,D,0
26.24614,91.2233,332.45,0.47,0.4,2026-03-01,718,N20,VIIRS,n,2,299.87,3.24,D,0
26.32481,89.79485,341.89,0.42,0.37,2026-03-01,718,N20,VIIRS,n,2,302.83,9.93,D,0
26.3764,89.99151,335.04,0.42,0.38,2026-03-01,718,N20,VIIRS,n,2,298.18,6.04,D,0
24.48009,77.14825,332.74,0.42,0.61,2026-03-01,719,N20,VIIRS,n,2,298.75,3.94,D,0
24.48047,77.14661,347.01,0.42,0.61,2026-03-01,719,N20,VIIRS,n,2,297.44,2.97,D,0
24.6518,75.48427,333.01,0.52,0.67,2026-03-01,719,N20,VIIRS,l,2,307.14,2.61,D,0
26.20274,81.28988,331.3,0.43,0.46,2026-03-01,719,N20,VIIRS,l,2,302.67,4.96,D,0
26.30755,84.84311,333.27,0.43,0.38,2026-03-01,719,N20,VIIRS,l,2,303.33,3.84,D,0
26.42724,77.24526,367,0.37,0.58,2026-03-01,719,N20,VIIRS,h,2,310.8,4.52,D,0
26.4281,77.24897,334.02,0.37,0.58,2026-03-01,719,N20,VIIRS,n,2,306.72,4.52,D,0
26.49832,87.59345,333.77,0.38,0.36,2026-03-01,719,N20,VIIRS,n,2,301,2.1,D,0
26.50686,86.90177,330.29,0.39,0.36,2026-03-01,719,N20,VIIRS,l,2,301.59,1.28,D,0
26.51076,86.90498,332.64,0.39,0.36,2026-03-01,719,N20,VIIRS,l,2,305.19,2.07,D,0
26.55199,84.53053,336.83,0.44,0.38,2026-03-01,719,N20,VIIRS,n,2,304.95,3.09,D,0
26.55549,84.52978,332.53,0.44,0.38,2026-03-01,719,N20,VIIRS,l,2,305.82,3.09,D,0
26.5978,88.32968,330.52,0.39,0.36,2026-03-01,719,N20,VIIRS,l,2,302.88,1.82,D,0
26.61062,83.88979,338.68,0.47,0.39,2026-03-01,719,N20,VIIRS,n,2,301.29,4.98,D,0
26.64851,86.85031,333.22,0.39,0.36,2026-03-01,719,N20,VIIRS,n,2,300.97,2.48,D,0
26.64922,87.02842,341.11,0.39,0.36,2026-03-01,719,N20,VIIRS,n,2,302.84,4.43,D,0
26.66125,86.18276,335.5,0.39,0.37,2026-03-01,719,N20,VIIRS,n,2,304.65,4.77,D,0
26.66458,86.18209,346.89,0.39,0.37,2026-03-01,719,N20,VIIRS,n,2,304.64,4.77,D,0
26.66495,86.80344,345.52,0.39,0.36,2026-03-01,719,N20,VIIRS,n,2,303.42,4.3,D,0
26.66521,86.18602,336.15,0.39,0.37,2026-03-01,719,N20,VIIRS,n,2,305.22,4.61,D,0
26.66748,86.99324,332.31,0.39,0.36,2026-03-01,719,N20,VIIRS,l,2,302.33,3.29,D,0
26.66896,87.73479,345.95,0.38,0.36,2026-03-01,719,N20,VIIRS,n,2,303.61,10.84,D,0
26.68426,85.33841,332.74,0.41,0.37,2026-03-01,719,N20,VIIRS,n,2,303.99,4.17,D,0
26.7582,85.75887,330.12,0.4,0.37,2026-03-01,719,N20,VIIRS,n,2,302.11,2.07,D,0
26.7815,82.11165,350.86,0.57,0.43,2026-03-01,719,N20,VIIRS,n,2,306.22,7.79,D,0
26.78541,82.11071,350.72,0.57,0.43,2026-03-01,719,N20,VIIRS,n,2,310.91,10.05,D,0
26.7865,82.11633,337.78,0.57,0.43,2026-03-01,719,N20,VIIRS,n,2,303.4,10.05,D,0
26.83729,77.02025,331.75,0.38,0.59,2026-03-01,719,N20,VIIRS,n,2,302.37,2.11,D,0
26.86036,84.02396,331.75,0.46,0.39,2026-03-01,719,N20,VIIRS,l,2,302.22,1.78,D,0
26.91516,84.2143,335.84,0.45,0.39,2026-03-01,719,N20,VIIRS,n,2,307.69,3.98,D,0
26.91541,84.21283,335.76,0.45,0.39,2026-03-01,719,N20,VIIRS,n,2,307.37,5.64,D,0
26.95107,83.98191,338.65,0.46,0.39,2026-03-01,719,N20,VIIRS,n,2,305.19,4.95,D,0
26.96763,87.55246,336.14,0.38,0.36,2026-03-01,719,N20,VIIRS,n,2,307.91,4.22,D,0
26.96821,87.55629,340.09,0.38,0.36,2026-03-01,719,N20,VIIRS,n,2,305.46,4.22,D,0
26.9715,87.55566,340.05,0.38,0.36,2026-03-01,719,N20,VIIRS,n,2,306.2,7.4,D,0
26.97208,87.55949,340.85,0.38,0.36,2026-03-01,719,N20,VIIRS,n,2,305.21,7.13,D,0
26.97489,85.90853,335.62,0.4,0.37,2026-03-01,719,N20,VIIRS,n,2,303.9,4.99,D,0
26.97614,87.51929,329.82,0.38,0.36,2026-03-01,719,N20,VIIRS,l,2,303.89,2.84,D,0
26.99914,85.3922,334.94,0.41,0.37,2026-03-01,719,N20,VIIRS,n,2,308.25,2.82,D,0
27.01543,86.75967,348.39,0.39,0.36,2026-03-01,719,N20,VIIRS,n,2,305.07,4.96,D,0
27.01606,86.7636,331.51,0.39,0.36,2026-03-01,719,N20,VIIRS,n,2,298.58,4.96,D,0
27.01875,86.75911,342.35,0.39,0.36,2026-03-01,719,N20,VIIRS,n,2,303,4.75,D,0
27.01969,83.50034,334.94,0.48,0.4,2026-03-01,719,N20,VIIRS,n,2,302.73,4.53,D,0
27.05423,81.60871,336.49,0.4,0.44,2026-03-01,719,N20,VIIRS,n,2,301.33,2.67,D,0
27.06871,83.88184,335,0.46,0.39,2026-03-01,719,N20,VIIRS,n,2,305.61,3.23,D,0
27.0706,83.88224,334.71,0.46,0.39,2026-03-01,719,N20,VIIRS,n,2,306.94,3.82,D,0
27.10858,86.72543,333.59,0.39,0.36,2026-03-01,719,N20,VIIRS,l,2,303.77,9.32,D,0
27.11753,84.32805,331.78,0.44,0.38,2026-03-01,719,N20,VIIRS,n,2,305.14,2,D,0
27.12797,85.19299,331.2,0.41,0.37,2026-03-01,719,N20,VIIRS,l,2,302.56,2.75,D,0
27.13276,85.20052,334.25,0.41,0.37,2026-03-01,719,N20,VIIRS,l,2,307.27,5.29,D,0
27.1356,83.43182,340.43,0.48,0.4,2026-03-01,719,N20,VIIRS,n,2,310.2,9.52,D,0
27.1373,84.33742,335.19,0.44,0.38,2026-03-01,719,N20,VIIRS,n,2,306.37,2.44,D,0
27.16838,84.28539,337.23,0.44,0.39,2026-03-01,719,N20,VIIRS,n,2,308.2,5.68,D,0
27.18273,84.34615,335.16,0.44,0.38,2026-03-01,719,N20,VIIRS,n,2,307.62,3.26,D,0
27.19466,84.39352,332.41,0.44,0.38,2026-03-01,719,N20,VIIRS,l,2,302.83,3.25,D,0
27.23043,85.38121,341.74,0.41,0.37,2026-03-01,719,N20,VIIRS,n,2,297.88,5.25,D,0
27.23644,84.71558,341.52,0.43,0.38,2026-03-01,719,N20,VIIRS,n,2,306,7.38,D,0
27.25009,83.90134,337.31,0.46,0.39,2026-03-01,719,N20,VIIRS,l,2,309.17,3.66,D,0
27.26586,84.2383,340.62,0.44,0.39,2026-03-01,719,N20,VIIRS,n,2,307.76,7.41,D,0
27.32859,81.60777,332.05,0.39,0.44,2026-03-01,719,N20,VIIRS,n,2,303.54,1.87,D,0
27.34134,82.06678,333.67,0.56,0.43,2026-03-01,719,N20,VIIRS,n,2,305.16,3.48,D,0
27.35437,84.1419,339.03,0.45,0.39,2026-03-01,719,N20,VIIRS,n,2,306.03,5.51,D,0
27.37746,80.88661,334.37,0.43,0.46,2026-03-01,719,N20,VIIRS,n,2,302.87,3,D,0
27.38053,80.88486,333.08,0.43,0.46,2026-03-01,719,N20,VIIRS,n,2,302.64,1.99,D,0
27.3988,83.88119,335.09,0.46,0.39,2026-03-01,719,N20,VIIRS,n,2,307.23,2.35,D,0
27.54408,79.84111,331.26,0.49,0.49,2026-03-01,719,N20,VIIRS,n,2,301.97,2.94,D,0
27.54942,84.00896,329.26,0.45,0.39,2026-03-01,719,N20,VIIRS,l,2,300.66,1.96,D,0
27.56034,84.4446,330.63,0.43,0.38,2026-03-01,719,N20,VIIRS,l,2,302.37,72.33,D,0
27.56716,84.67023,350.19,0.43,0.38,2026-03-01,719,N20,VIIRS,n,2,307.66,37.36,D,0
27.59449,84.51778,335.28,0.43,0.38,2026-03-01,719,N20,VIIRS,l,2,305.53,3.48,D,0
27.6011,82.44634,333.41,0.53,0.42,2026-03-01,719,N20,VIIRS,n,2,303.37,3.8,D,0
27.61328,76.27708,331.37,0.4,0.6,2026-03-01,719,N20,VIIRS,l,2,305.45,3.45,D,0
27.62276,82.53961,332.23,0.52,0.42,2026-03-01,719,N20,VIIRS,n,2,304.61,3.01,D,0
27.83442,85.03765,327.37,0.41,0.37,2026-03-01,719,N20,VIIRS,l,2,299.78,1.28,D,0
27.85946,79.94802,333.63,0.48,0.48,2026-03-01,719,N20,VIIRS,n,2,306.34,3,D,0
27.92384,80.99084,329.82,0.42,0.45,2026-03-01,719,N20,VIIRS,l,2,302.12,3.46,D,0
28.01313,84.88831,332.79,0.41,0.37,2026-03-01,719,N20,VIIRS,n,2,297.26,2.05,D,0
28.01352,84.88938,330.48,0.41,0.37,2026-03-01,719,N20,VIIRS,n,2,297.15,1.28,D,0
28.01935,79.22253,333.72,0.52,0.5,2026-03-01,719,N20,VIIRS,n,2,301.53,3.62,D,0
28.02656,80.26234,331.93,0.45,0.47,2026-03-01,719,N20,VIIRS,n,2,301.31,3.4,D,0
28.02782,80.26098,335.21,0.46,0.47,2026-03-01,719,N20,VIIRS,n,2,301.91,4.44,D,0
28.03017,77.40176,347.48,0.34,0.56,2026-03-01,719,N20,VIIRS,n,2,301.36,6.13,D,0
28.07921,84.63216,334.13,0.42,0.38,2026-03-01,719,N20,VIIRS,n,2,296.32,2.44,D,0
28.08133,84.62843,336.21,0.42,0.38,2026-03-01,719,N20,VIIRS,n,2,294.46,8.88,D,0
28.10472,83.46739,339.82,0.47,0.39,2026-03-01,719,N20,VIIRS,n,2,301.16,6.81,D,0
28.32755,80.68417,341.23,0.43,0.46,2026-03-01,719,N20,VIIRS,n,2,304.62,6.19,D,0
28.32965,80.68512,342.45,0.42,0.46,2026-03-01,719,N20,VIIRS,n,2,304.78,4.45,D,0
28.3537,81.11605,342.2,0.4,0.44,2026-03-01,719,N20,VIIRS,n,2,306.2,4.61,D,0
28.39517,80.36433,331.48,0.44,0.46,2026-03-01,719,N20,VIIRS,l,2,302.9,16.22,D,0
28.39609,80.36875,345.34,0.44,0.46,2026-03-01,719,N20,VIIRS,n,2,303.31,22.28,D,0
28.4219,80.30135,336.3,0.44,0.46,2026-03-01,719,N20,VIIRS,n,2,302.48,2.52,D,0
28.5878,80.49049,355.12,0.43,0.46,2026-03-01,719,N20,VIIRS,n,2,304.88,10.53,D,0
28.60014,80.27087,340.15,0.44,0.46,2026-03-01,719,N20,VIIRS,n,2,302.79,7.31,D,0
28.39806,77.54432,367,0.32,0.55,2026-03-01,720,N20,VIIRS,h,2,305.18,14.89,D,0
28.40224,77.53967,348.32,0.32,0.55,2026-03-01,720,N20,VIIRS,n,2,305.64,7.82,D,0
28.40297,77.54289,355.93,0.32,0.55,2026-03-01,720,N20,VIIRS,n,2,308.34,7.82,D,0
28.4037,77.54611,367,0.32,0.55,2026-03-01,720,N20,VIIRS,h,2,307.55,11.66,D,0
28.40788,77.54147,346.74,0.32,0.55,2026-03-01,720,N20,VIIRS,n,2,304.04,7.82,D,0
28.40861,77.54468,342.56,0.32,0.55,2026-03-01,720,N20,VIIRS,n,2,300.9,11.66,D,0
28.77923,76.5434,330.56,0.36,0.58,2026-03-01,720,N20,VIIRS,n,2,298.49,2.76,D,0
28.78338,80.13674,354.57,0.45,0.47,2026-03-01,720,N20,VIIRS,n,2,304.54,17.67,D,0
28.78432,80.14122,329.09,0.45,0.47,2026-03-01,720,N20,VIIRS,n,2,298.84,4.07,D,0
28.86348,77.76976,331.34,0.61,0.54,2026-03-01,720,N20,VIIRS,n,2,299.88,3.67,D,0
28.88945,70.85315,332.49,0.78,0.78,2026-03-01,720,N20,VIIRS,n,2,296.18,6.68,D,0
29.03915,78.08535,348.13,0.58,0.52,2026-03-01,720,N20,VIIRS,n,2,302.26,8.82,D,0
29.24912,70.52418,340.68,0.8,0.78,2026-03-01,720,N20,VIIRS,n,2,297.03,8.6,D,0
29.31794,80.51218,329.95,0.42,0.45,2026-03-01,720,N20,VIIRS,n,2,299.36,3.09,D,0
29.33549,76.96434,335.64,0.33,0.56,2026-03-01,720,N20,VIIRS,n,2,298.16,1.91,D,0
29.36081,78.06719,330.01,0.57,0.52,2026-03-01,720,N20,VIIRS,n,2,300.9,2.8,D,0
29.36188,76.96356,340.58,0.33,0.56,2026-03-01,720,N20,VIIRS,n,2,301.89,3.58,D,0
29.52403,79.60948,349.19,0.46,0.47,2026-03-01,720,N20,VIIRS,n,2,296.64,10.11,D,0
29.52471,77.12468,333.03,0.32,0.55,2026-03-01,720,N20,VIIRS,n,2,297.43,1.23,D,0
29.53082,79.57697,331.97,0.47,0.47,2026-03-01,720,N20,VIIRS,n,2,295.01,2,D,0
29.54664,80.61839,335.5,0.41,0.45,2026-03-01,720,N20,VIIRS,n,2,292.92,4.64,D,0
29.62714,79.29007,329.15,0.48,0.48,2026-03-01,720,N20,VIIRS,n,2,297.1,2.26,D,0
29.64804,79.36711,328.86,0.48,0.48,2026-03-01,720,N20,VIIRS,n,2,296.56,4.53,D,0
29.65632,76.96667,329.74,0.33,0.55,2026-03-01,720,N20,VIIRS,n,2,301.12,1.51,D,0
29.66714,79.81445,338.44,0.45,0.47,2026-03-01,720,N20,VIIRS,n,2,293.68,4.9,D,0
29.68252,81.00613,325.67,0.39,0.44,2026-03-01,720,N20,VIIRS,n,2,295.06,2.98,D,0
29.69523,81.86498,335.46,0.52,0.42,2026-03-01,720,N20,VIIRS,n,2,304.05,6.86,D,0
29.77134,80.79321,331.15,0.4,0.44,2026-03-01,720,N20,VIIRS,n,2,294.51,3.29,D,0
29.78531,79.2141,337.07,0.48,0.48,2026-03-01,720,N20,VIIRS,n,2,297.74,6.21,D,0
29.78555,79.21587,348.5,0.48,0.48,2026-03-01,720,N20,VIIRS,n,2,298.49,11.1,D,0
29.78626,79.21849,331.02,0.48,0.48,2026-03-01,720,N20,VIIRS,n,2,298.82,6.34,D,0
29.8386,70.84574,335.03,0.74,0.76,2026-03-01,720,N20,VIIRS,n,2,295.86,8.31,D,0
29.90802,79.0157,333.59,0.49,0.49,2026-03-01,720,N20,VIIRS,n,2,294.95,3.1,D,0
29.94858,78.47174,343.19,0.53,0.5,2026-03-01,720,N20,VIIRS,n,2,301.6,6.41,D,0
29.94913,78.47459,339.67,0.53,0.5,2026-03-01,720,N20,VIIRS,n,2,299.37,8.55,D,0
30.02641,77.99752,327.91,0.56,0.52,2026-03-01,720,N20,VIIRS,l,2,301.13,8.86,D,0
30.03232,78.002,340.41,0.56,0.52,2026-03-01,720,N20,VIIRS,n,2,303.56,8.86,D,0
30.0479,79.61431,325.91,0.45,0.47,2026-03-01,720,N20,VIIRS,l,2,300.19,4.26,D,0
30.05112,79.56548,330.5,0.46,0.47,2026-03-01,720,N20,VIIRS,n,2,299.62,4.73,D,0
30.12494,79.64698,348.14,0.45,0.47,2026-03-01,720,N20,VIIRS,n,2,299.35,16.43,D,0
30.12951,79.64761,353.94,0.45,0.47,2026-03-01,720,N20,VIIRS,n,2,301.07,16.43,D,0
30.13419,79.6488,338.19,0.45,0.47,2026-03-01,720,N20,VIIRS,n,2,297.41,5.12,D,0
30.51369,78.58469,336.15,0.51,0.49,2026-03-01,720,N20,VIIRS,n,2,299.61,5,D,0
30.54248,78.29538,338.19,0.53,0.5,2026-03-01,720,N20,VIIRS,n,2,298.71,9.07,D,0
30.65158,77.32085,333.21,0.6,0.53,2026-03-01,720,N20,VIIRS,n,2,298.94,3.54,D,0
30.68533,78.38068,326.46,0.52,0.5,2026-03-01,720,N20,VIIRS,n,2,293.22,1.81,D,0
31.06268,75.92668,338.92,0.35,0.57,2026-03-01,720,N20,VIIRS,n,2,298.43,2.82,D,0
31.07277,77.85213,332.42,0.54,0.51,2026-03-01,720,N20,VIIRS,n,2,295.05,7.42,D,0
31.11422,74.50472,336.87,0.42,0.61,2026-03-01,720,N20,VIIRS,n,2,299.1,5.18,D,0
31.11666,75.73819,326.55,0.36,0.57,2026-03-01,720,N20,VIIRS,n,2,296.85,1.38,D,0
31.11733,75.62727,332.79,0.36,0.58,2026-03-01,720,N20,VIIRS,n,2,297.31,3.7,D,0
31.11836,74.50318,342.23,0.42,0.61,2026-03-01,720,N20,VIIRS,n,2,300.24,4.92,D,0
31.12573,77.72701,331.12,0.55,0.51,2026-03-01,720,N20,VIIRS,n,2,300.57,4.64,D,0
31.35602,77.63882,341.71,0.55,0.51,2026-03-01,720,N20,VIIRS,n,2,295.51,4.42,D,0
31.38596,75.70929,367,0.35,0.57,2026-03-01,720,N20,VIIRS,h,2,302.35,8.74,D,0
31.59056,77.2327,326.51,0.58,0.52,2026-03-01,720,N20,VIIRS,n,2,293.89,3.99,D,0
31.68596,77.45812,337.95,0.56,0.51,2026-03-01,720,N20,VIIRS,n,2,286.9,15.71,D,0
31.78568,77.16249,327.03,0.57,0.52,2026-03-01,720,N20,VIIRS,n,2,292.26,5.46,D,0
30.58837,70.14247,341.88,0.77,0.78,2026-03-01,721,N20,VIIRS,n,2,300.68,5.57,D,0
30.58963,70.13976,338.84,0.77,0.78,2026-03-01,721,N20,VIIRS,n,2,302.01,6.34,D,0
30.84838,70.90688,333.15,0.69,0.74,2026-03-01,721,N20,VIIRS,n,2,296.03,4.51,D,0
30.88429,72.65327,333.21,0.55,0.68,2026-03-01,721,N20,VIIRS,n,2,294.92,2.78,D,0
30.88819,70.86884,367,0.69,0.74,2026-03-01,721,N20,VIIRS,h,2,297.69,12.28,D,3
31.0471,72.86979,341.05,0.53,0.67,2026-03-01,721,N20,VIIRS,n,2,297.04,7.42,D,0
31.04731,72.87217,367,0.53,0.67,2026-03-01,721,N20,VIIRS,h,2,296.85,10.39,D,0
31.04853,72.87508,330.13,0.53,0.67,2026-03-01,721,N20,VIIRS,n,2,294.99,5.97,D,0
31.13802,70.90459,338.02,0.68,0.74,2026-03-01,721,N20,VIIRS,n,2,295.71,5.44,D,0
31.14285,70.90733,331,0.68,0.74,2026-03-01,721,N20,VIIRS,n,2,295.23,3.94,D,0
31.16739,72.39649,330.08,0.56,0.68,2026-03-01,721,N20,VIIRS,n,2,294.67,2.87,D,0
31.28984,70.64274,331.59,0.69,0.74,2026-03-01,721,N20,VIIRS,n,2,295.17,7.06,D,0
31.29143,70.64105,341.93,0.69,0.74,2026-03-01,721,N20,VIIRS,n,2,295.48,10.08,D,0
31.41721,72.71454,346.32,0.53,0.67,2026-03-01,721,N20,VIIRS,n,2,296.68,7.61,D,0
31.41737,72.71713,349,0.53,0.67,2026-03-01,721,N20,VIIRS,n,2,295.1,6.22,D,0
31.54222,72.72133,332.2,0.52,0.67,2026-03-01,721,N20,VIIRS,n,2,295.31,3.11,D,0
31.54308,72.71998,333.7,0.52,0.67,2026-03-01,721,N20,VIIRS,n,2,294.95,2.91,D,0
31.61921,73.10979,335.26,0.49,0.65,2026-03-01,721,N20,VIIRS,n,2,296.7,3.11,D,0
31.67789,70.74568,335.42,0.67,0.73,2026-03-01,721,N20,VIIRS,n,2,297.86,5.53,D,0
31.6803,75.77789,334.49,0.35,0.56,2026-03-01,721,N20,VIIRS,n,2,299.36,2.01,D,0
31.68145,70.74727,348.92,0.67,0.73,2026-03-01,721,N20,VIIRS,n,2,298.61,8.55,D,0
31.74461,75.51976,367,0.36,0.57,2026-03-01,721,N20,VIIRS,h,2,302.1,9.52,D,0
31.78267,75.1078,326.31,0.38,0.58,2026-03-01,721,N20,VIIRS,n,2,296.88,1.22,D,0
31.79317,72.87951,337.05,0.5,0.66,2026-03-01,721,N20,VIIRS,n,2,296.3,2.86,D,0
31.79539,72.87736,328.65,0.5,0.66,2026-03-01,721,N20,VIIRS,n,2,296.41,4.99,D,0
31.84139,75.32532,327.93,0.36,0.58,2026-03-01,721,N20,VIIRS,n,2,297.25,2.57,D,0
31.86791,70.79654,348.27,0.66,0.73,2026-03-01,721,N20,VIIRS,n,2,296.27,10,D,0
31.86943,70.75185,367,0.66,0.73,2026-03-01,721,N20,VIIRS,h,2,302.66,13.97,D,0
31.87372,70.75071,367,0.66,0.73,2026-03-01,721,N20,VIIRS,h,2,301.01,15.54,D,0
31.90578,70.85487,348.06,0.65,0.73,2026-03-01,721,N20,VIIRS,n,2,298.52,9.24,D,0
31.91062,70.8534,332.31,0.65,0.73,2026-03-01,721,N20,VIIRS,n,2,295.85,6.47,D,0
31.91177,75.25141,333.29,0.37,0.58,2026-03-01,721,N20,VIIRS,n,2,297.2,1.71,D,0
31.91566,75.54178,331.57,0.35,0.57,2026-03-01,721,N20,VIIRS,n,2,301.92,1.42,D,0
31.93772,75.5595,326.01,0.35,0.57,2026-03-01,721,N20,VIIRS,n,2,298.65,1.76,D,0
31.93871,70.92141,338.84,0.64,0.72,2026-03-01,721,N20,VIIRS,n,2,296.45,6.07,D,0
31.94391,70.91971,337.11,0.64,0.72,2026-03-01,721,N20,VIIRS,n,2,295.78,5.91,D,0
31.9856,72.78146,334.67,0.5,0.66,2026-03-01,721,N20,VIIRS,n,2,294.85,3.45,D,0
31.98928,72.78158,329.1,0.5,0.66,2026-03-01,721,N20,VIIRS,n,2,294.34,2.77,D,0
32.0184,77.27705,327.58,0.56,0.51,2026-03-01,721,N20,VIIRS,n,2,290.55,5.93,D,0
32.07415,73.03178,337.36,0.49,0.65,2026-03-01,721,N20,VIIRS,n,2,296.34,4.45,D,0
32.07777,73.02882,337.16,0.49,0.65,2026-03-01,721,N20,VIIRS,n,2,295.74,2.91,D,0
32.15545,72.30216,331.16,0.53,0.67,2026-03-01,721,N20,VIIRS,n,2,294.96,2.46,D,0
32.18136,72.90681,330.58,0.49,0.65,2026-03-01,721,N20,VIIRS,n,2,297.12,2.69,D,0
32.25732,77.16057,335.16,0.56,0.52,2026-03-01,721,N20,VIIRS,n,2,289.36,4.86,D,0
32.27226,75.31997,367,0.36,0.57,2026-03-01,721,N20,VIIRS,h,2,300.08,6.87,D,0
32.30925,72.43604,341.25,0.52,0.67,2026-03-01,721,N20,VIIRS,n,2,297.2,7.61,D,0
32.32497,73.33176,329.54,0.46,0.64,2026-03-01,721,N20,VIIRS,n,2,295.8,2.81,D,0
32.39661,71.2909,330.31,0.6,0.7,2026-03-01,721,N20,VIIRS,n,2,294.13,4.22,D,0
32.54457,73.3215,342.94,0.46,0.63,2026-03-01,721,N20,VIIRS,n,2,299.05,5.76,D,0
32.70664,76.07716,326.86,0.63,0.54,2026-03-01,721,N20,VIIRS,n,2,300.91,2.68,D,0
32.83728,73.28099,367,0.45,0.63,2026-03-01,721,N20,VIIRS,h,2,302.81,10.94,D,0
32.83847,73.28552,335.11,0.45,0.63,2026-03-01,721,N20,VIIRS,n,2,300.27,8.14,D,0
32.96697,72.15382,332.28,0.52,0.67,2026-03-01,721,N20,VIIRS,n,2,299.86,2.75,D,0
32.99782,73.87443,330.94,0.41,0.61,2026-03-01,721,N20,VIIRS,n,2,300.79,2.55,D,0
32.99891,73.87866,329.7,0.41,0.61,2026-03-01,721,N20,VIIRS,n,2,299.22,2.55,D,0
33.25302,73.02998,336.43,0.45,0.63,2026-03-01,721,N20,VIIRS,n,2,299.81,3.39,D,0
33.31266,75.03823,326.66,0.35,0.57,2026-03-01,721,N20,VIIRS,n,2,290.76,1.43,D,0
33.36008,72.99128,331.43,0.45,0.63,2026-03-01,721,N20,VIIRS,n,2,299.09,3.11,D,0
33.49503,70.22807,367,0.64,0.72,2026-03-01,721,N20,VIIRS,h,2,303.07,17.92,D,0
33.49579,70.22717,367,0.64,0.72,2026-03-01,721,N20,VIIRS,h,2,305.67,20.71,D,0
33.49963,70.2197,345.95,0.64,0.72,2026-03-01,721,N20,VIIRS,n,2,298.57,25.31,D,0
33.50139,70.22564,367,0.64,0.72,2026-03-01,721,N20,VIIRS,h,2,297.89,17.92,D,0
33.50214,70.22472,367,0.64,0.72,2026-03-01,721,N20,VIIRS,h,2,296.94,20.71,D,0
33.6436,72.01624,330.36,0.5,0.66,2026-03-01,721,N20,VIIRS,l,2,302.6,3.35,D,0
34.12282,73.30846,338.41,0.42,0.61,2026-03-01,721,N20,VIIRS,n,2,294.32,4.61,D,0
34.1277,74.42483,330.63,0.36,0.58,2026-03-01,721,N20,VIIRS,n,2,294.41,1.05,D,0
34.13163,74.02272,354.25,0.38,0.59,2026-03-01,721,N20,VIIRS,n,2,296.2,4.92,D,0
34.13721,73.9556,325.92,0.38,0.59,2026-03-01,721,N20,VIIRS,n,2,291.43,3.72,D,0
34.1791,73.75198,328.16,0.39,0.6,2026-03-01,721,N20,VIIRS,n,2,300.01,2.66,D,0
34.18019,73.75622,331.38,0.39,0.59,2026-03-01,721,N20,VIIRS,n,2,295.92,2.66,D,0
34.20998,74.73212,332.33,0.35,0.56,2026-03-01,721,N20,VIIRS,n,2,294.64,3.28,D,0
34.46661,72.80206,333.28,0.44,0.62,2026-03-01,721,N20,VIIRS,n,2,298.17,6.35,D,0
34.46987,72.802,343.46,0.44,0.62,2026-03-01,721,N20,VIIRS,n,2,297.86,6.14,D,0
34.55586,73.30523,334.51,0.41,0.6,2026-03-01,721,N20,VIIRS,n,2,291.28,4.54,D,0
34.55653,73.30782,336.44,0.41,0.6,2026-03-01,721,N20,VIIRS,n,2,292.41,5.54,D,0
6.32308,80.04501,330.86,0.69,0.74,2026-03-01,854,N20,VIIRS,n,2,294.76,5.25,D,0
7.08136,80.53806,367,0.76,0.77,2026-03-01,854,N20,VIIRS,h,2,298.95,14.66,D,0
7.08453,80.53725,367,0.76,0.77,2026-03-01,854,N20,VIIRS,h,2,299.46,14.09,D,0
9.24758,78.53409,350.46,0.59,0.7,2026-03-01,855,N20,VIIRS,n,2,296.95,8.81,D,0
9.24788,78.53649,341.45,0.6,0.7,2026-03-01,855,N20,VIIRS,n,2,296.02,12.09,D,0
9.57719,78.42381,331.64,0.59,0.7,2026-03-01,855,N20,VIIRS,n,2,299.97,7.39,D,0
9.57758,78.42223,340.44,0.59,0.7,2026-03-01,855,N20,VIIRS,n,2,299.75,7.43,D,0
9.61297,77.83372,356.48,0.54,0.68,2026-03-01,855,N20,VIIRS,l,2,295.26,21.35,D,0
9.61356,77.83869,337.55,0.54,0.68,2026-03-01,855,N20,VIIRS,n,2,301.63,24.94,D,0
9.61488,77.83232,351.46,0.54,0.68,2026-03-01,855,N20,VIIRS,n,2,299.64,22.56,D,0
9.61551,77.83728,367,0.54,0.68,2026-03-01,855,N20,VIIRS,h,2,301.72,24.91,D,0
9.61922,77.83297,367,0.54,0.68,2026-03-01,855,N20,VIIRS,h,2,305.26,21.35,D,0
9.62113,77.83158,337.69,0.54,0.68,2026-03-01,855,N20,VIIRS,n,2,302.49,7.56,D,0
9.62176,77.83652,333.07,0.54,0.68,2026-03-01,855,N20,VIIRS,n,2,304.66,8.36,D,0
9.63796,77.98894,342.6,0.55,0.68,2026-03-01,855,N20,VIIRS,n,2,302.63,4.63,D,0
9.64096,77.98721,330.28,0.55,0.68,2026-03-01,855,N20,VIIRS,l,2,301.98,5.52,D,0
9.68114,77.82037,331.31,0.54,0.68,2026-03-01,855,N20,VIIRS,n,2,300.31,4.56,D,0
9.6943,77.22327,331.83,0.49,0.65,2026-03-01,855,N20,VIIRS,n,2,302.15,3.92,D,0
9.75466,77.81409,333.69,0.54,0.68,2026-03-01,855,N20,VIIRS,n,2,302.23,5.42,D,0
9.76153,77.81838,334.11,0.54,0.68,2026-03-01,855,N20,VIIRS,n,2,302.38,5.42,D,0
9.78341,77.84122,333.43,0.54,0.68,2026-03-01,855,N20,VIIRS,n,2,303.24,6.38,D,0
9.81226,77.81754,336.77,0.54,0.68,2026-03-01,855,N20,VIIRS,n,2,300.55,1.99,D,0
9.82302,77.9277,332.55,0.55,0.68,2026-03-01,855,N20,VIIRS,l,2,303.64,4.05,D,0
9.82492,77.91843,333.45,0.55,0.68,2026-03-01,855,N20,VIIRS,n,2,303.31,3.99,D,0
9.82555,77.92349,333.29,0.55,0.68,2026-03-01,855,N20,VIIRS,n,2,303.21,3.99,D,0
9.82618,77.92854,332.49,0.55,0.68,2026-03-01,855,N20,VIIRS,l,2,303.96,4.09,D,0
9.82872,77.92183,333.17,0.55,0.68,2026-03-01,855,N20,VIIRS,l,2,303.31,7.2,D,0
9.86591,78.12698,331.25,0.57,0.69,2026-03-01,855,N20,VIIRS,n,2,301.46,4.68,D,0
9.86653,78.13222,330.49,0.57,0.69,2026-03-01,855,N20,VIIRS,n,2,299.66,3.4,D,0
9.8705,78.1275,335.93,0.57,0.69,2026-03-01,855,N20,VIIRS,n,2,301.54,6.2,D,0
9.88805,78.97968,331,0.65,0.73,2026-03-01,855,N20,VIIRS,n,2,300.44,3.85,D,0
11.36356,79.06736,338.64,0.69,0.74,2026-03-01,855,N20,VIIRS,n,2,300.94,11.18,D,0
11.36425,79.06652,338.05,0.69,0.74,2026-03-01,855,N20,VIIRS,n,2,301.09,9.83,D,0
11.47356,79.1074,333.24,0.69,0.75,2026-03-01,855,N20,VIIRS,n,2,299.74,5.35,D,0
11.47377,79.10817,332.42,0.7,0.75,2026-03-01,855,N20,VIIRS,n,2,299.84,5.12,D,0
12.21051,77.80203,367,0.58,0.7,2026-03-01,856,N20,VIIRS,h,2,298.82,14.49,D,0
12.39778,76.67043,344.65,0.49,0.65,2026-03-01,856,N20,VIIRS,n,2,300.6,8.32,D,0
12.49568,77.87232,331.6,0.59,0.7,2026-03-01,856,N20,VIIRS,n,2,299.61,5.86,D,0
12.50189,77.92896,331.14,0.6,0.7,2026-03-01,856,N20,VIIRS,n,2,299.19,4.66,D,0
12.59962,77.9202,334.16,0.6,0.71,2026-03-01,856,N20,VIIRS,n,2,301.94,2.56,D,0
12.60022,77.92371,334.2,0.6,0.71,2026-03-01,856,N20,VIIRS,n,2,302.46,2.43,D,0
12.77356,77.94733,341.06,0.61,0.71,2026-03-01,856,N20,VIIRS,n,2,298.88,5.03,D,0
12.77454,77.95029,339.65,0.61,0.71,2026-03-01,856,N20,VIIRS,n,2,297.54,7.63,D,0
12.77954,78.23667,336.13,0.63,0.72,2026-03-01,856,N20,VIIRS,n,2,298.21,8.95,D,0
12.78007,78.24152,345.31,0.63,0.72,2026-03-01,856,N20,VIIRS,n,2,297.27,8.95,D,0
12.93062,77.81319,367,0.6,0.7,2026-03-01,856,N20,VIIRS,h,2,301.23,24.97,D,0
13.02301,75.91419,341.6,0.44,0.63,2026-03-01,856,N20,VIIRS,n,2,297.57,5.79,D,0
13.15655,79.29051,331.96,0.75,0.77,2026-03-01,856,N20,VIIRS,n,2,297.94,9.61,D,0
13.15917,79.28598,332.57,0.75,0.77,2026-03-01,856,N20,VIIRS,n,2,298.69,5.78,D,0
13.24211,78.06389,337.1,0.62,0.72,2026-03-01,856,N20,VIIRS,n,2,302.7,5.5,D,0
13.25687,74.80251,350.57,0.38,0.58,2026-03-01,856,N20,VIIRS,n,2,297.1,5.17,D,0
13.38835,79.51672,350.96,0.78,0.78,2026-03-01,856,N20,VIIRS,n,2,299.37,9.75,D,0
13.3934,79.51825,345.82,0.78,0.78,2026-03-01,856,N20,VIIRS,n,2,299.68,10.24,D,0
13.58499,78.82843,367,0.71,0.75,2026-03-01,856,N20,VIIRS,h,2,297.75,14.45,D,0
13.58566,78.83482,331.15,0.71,0.75,2026-03-01,856,N20,VIIRS,n,2,294.67,14.45,D,0
13.59154,78.82754,347.9,0.71,0.75,2026-03-01,856,N20,VIIRS,n,2,296.67,5.57,D,0
13.89062,77.80153,337.45,0.61,0.71,2026-03-01,856,N20,VIIRS,n,2,299.69,3.55,D,0
13.89226,78.48916,336,0.68,0.74,2026-03-01,856,N20,VIIRS,n,2,299.19,7.17,D,0
13.89319,78.48665,335.49,0.68,0.74,2026-03-01,856,N20,VIIRS,n,2,300.07,7.05,D,0
13.89719,77.80084,345.46,0.61,0.71,2026-03-01,856,N20,VIIRS,n,2,300.93,8.7,D,0
13.90706,77.95708,332.57,0.63,0.72,2026-03-01,856,N20,VIIRS,n,2,300.83,3.89,D,0
14.05342,78.9606,330.15,0.73,0.76,2026-03-01,856,N20,VIIRS,n,2,299.25,6.61,D,0
14.07982,75.56472,338.48,0.43,0.62,2026-03-01,856,N20,VIIRS,n,2,304.15,4.84,D,0
14.11284,75.80325,338.72,0.45,0.63,2026-03-01,856,N20,VIIRS,n,2,304.86,5.32,D,0
14.23828,77.60206,343.76,0.6,0.7,2026-03-01,856,N20,VIIRS,n,2,299.4,10.89,D,0
14.3847,77.55478,338.43,0.6,0.7,2026-03-01,856,N20,VIIRS,n,2,299.86,10.8,D,0
14.4436,75.02921,332.37,0.4,0.6,2026-03-01,856,N20,VIIRS,l,2,306.06,3.81,D,0
14.44916,75.02861,348.48,0.4,0.6,2026-03-01,856,N20,VIIRS,n,2,303.11,6.02,D,0
14.63305,76.90903,333.97,0.54,0.68,2026-03-01,856,N20,VIIRS,n,2,301.09,2.74,D,0
14.67338,75.28055,352.71,0.42,0.61,2026-03-01,856,N20,VIIRS,n,2,307.82,12.9,D,0
14.67381,75.28441,367,0.42,0.61,2026-03-01,856,N20,VIIRS,h,2,305.95,12.9,D,0
14.67974,77.87817,338.73,0.63,0.72,2026-03-01,856,N20,VIIRS,n,2,297.36,7.05,D,0
14.682,77.87505,341.56,0.63,0.72,2026-03-01,856,N20,VIIRS,n,2,298.99,8.92,D,0
14.71894,75.32761,338.96,0.43,0.62,2026-03-01,856,N20,VIIRS,n,2,304.37,4.19,D,0
14.76002,75.7993,340.68,0.46,0.64,2026-03-01,856,N20,VIIRS,n,2,303.54,3.6,D,0
14.76078,75.79996,337.09,0.46,0.63,2026-03-01,856,N20,VIIRS,n,2,302.63,2.5,D,0
14.795,75.8399,342.64,0.46,0.64,2026-03-01,856,N20,VIIRS,n,2,301.95,6.17,D,0
14.79937,75.8344,342.28,0.46,0.64,2026-03-01,856,N20,VIIRS,n,2,304.29,12.77,D,0
14.79981,75.8385,367,0.46,0.64,2026-03-01,856,N20,VIIRS,h,2,305.84,12.77,D,0
14.82852,78.75972,331.73,0.72,0.76,2026-03-01,856,N20,VIIRS,n,2,298.72,5.45,D,0
14.88368,75.95032,342.11,0.47,0.64,2026-03-01,856,N20,VIIRS,n,2,305.09,2.07,D,0
14.94942,75.91265,334.76,0.47,0.64,2026-03-01,856,N20,VIIRS,l,2,308.44,2.31,D,0
15.08573,78.67034,335.02,0.72,0.76,2026-03-01,856,N20,VIIRS,n,2,297.35,6.56,D,0
15.10071,75.83456,341.48,0.47,0.64,2026-03-01,856,N20,VIIRS,n,2,302.48,4.17,D,0
15.10506,75.83475,345.39,0.47,0.64,2026-03-01,856,N20,VIIRS,n,2,300.33,3.15,D,0
15.11175,75.14577,367,0.42,0.61,2026-03-01,856,N20,VIIRS,h,2,306.22,9.8,D,0
15.11479,75.14223,341.49,0.42,0.61,2026-03-01,856,N20,VIIRS,n,2,305.52,7.33,D,0
15.16162,76.38065,331.29,0.51,0.66,2026-03-01,856,N20,VIIRS,n,2,298.88,2.77,D,0
15.19288,74.87972,330.75,0.4,0.6,2026-03-01,856,N20,VIIRS,l,2,304.06,1.23,D,0
15.19388,74.88233,330.38,0.4,0.6,2026-03-01,856,N20,VIIRS,l,2,304.2,1.99,D,0
15.20546,73.97344,330.61,0.35,0.57,2026-03-01,856,N20,VIIRS,n,2,299.6,1.47,D,0
15.20599,73.97269,333.7,0.35,0.57,2026-03-01,856,N20,VIIRS,n,2,300.15,1.68,D,0
15.2134,75.85729,337.21,0.47,0.64,2026-03-01,856,N20,VIIRS,l,2,307.26,3.9,D,0
15.2149,75.85548,342.31,0.47,0.64,2026-03-01,856,N20,VIIRS,n,2,307.13,3.16,D,0
15.23809,74.88161,335.44,0.4,0.6,2026-03-01,856,N20,VIIRS,l,2,307.15,2.96,D,0
15.31015,79.16197,331.96,0.78,0.78,2026-03-01,856,N20,VIIRS,n,2,292.55,5.04,D,0
15.53661,76.05501,341.23,0.49,0.65,2026-03-01,856,N20,VIIRS,n,2,308.01,2.77,D,0
15.37211,73.93742,340.1,0.35,0.57,2026-03-01,857,N20,VIIRS,n,2,303.04,4.01,D,0
15.52287,73.80614,331.55,0.34,0.56,2026-03-01,857,N20,VIIRS,n,2,301.63,1.9,D,0
15.53893,76.05547,342.41,0.49,0.65,2026-03-01,857,N20,VIIRS,n,2,308.71,5.24,D,0
15.59254,74.55019,335.7,0.39,0.59,2026-03-01,857,N20,VIIRS,n,2,303.77,2.78,D,0
15.59356,74.549,332.97,0.39,0.59,2026-03-01,857,N20,VIIRS,l,2,303.07,1.92,D,0
15.65534,73.99041,334.64,0.36,0.57,2026-03-01,857,N20,VIIRS,n,2,304.52,3.04,D,2
15.69106,74.57891,343.56,0.39,0.59,2026-03-01,857,N20,VIIRS,n,2,306.84,5.87,D,0
15.69147,74.58253,350.58,0.39,0.59,2026-03-01,857,N20,VIIRS,n,2,304.88,6.19,D,0
15.69226,74.58075,367,0.39,0.59,2026-03-01,857,N20,VIIRS,h,2,307.59,8.84,D,0
15.7688,74.77268,340.25,0.4,0.6,2026-03-01,857,N20,VIIRS,n,2,309.61,2.28,D,0
15.80955,74.427,335.24,0.38,0.59,2026-03-01,857,N20,VIIRS,n,2,302.56,1.54,D,0
15.83884,74.54389,332.15,0.39,0.59,2026-03-01,857,N20,VIIRS,l,2,306.5,2.16,D,0
15.84434,78.28919,331.77,0.69,0.74,2026-03-01,857,N20,VIIRS,n,2,300.07,8.59,D,0
15.84475,78.28901,332.21,0.69,0.75,2026-03-01,857,N20,VIIRS,n,2,300.32,6.91,D,0
15.86827,74.55922,332.13,0.39,0.59,2026-03-01,857,N20,VIIRS,l,2,306.03,1.83,D,0
15.88847,75.95454,334.39,0.49,0.65,2026-03-01,857,N20,VIIRS,n,2,304.88,1.98,D,0
15.89446,75.9538,333.11,0.49,0.65,2026-03-01,857,N20,VIIRS,n,2,302.56,2.11,D,0
15.9325,74.58031,334.1,0.39,0.6,2026-03-01,857,N20,VIIRS,l,2,305.37,1.94,D,0
15.93289,74.58395,332.99,0.39,0.6,2026-03-01,857,N20,VIIRS,l,2,304.36,1.94,D,0
15.93889,74.38489,331.22,0.38,0.59,2026-03-01,857,N20,VIIRS,l,2,305.43,2.79,D,0
15.93926,74.38828,330.78,0.38,0.59,2026-03-01,857,N20,VIIRS,n,2,303.61,1.73,D,0
15.95773,74.55655,332.5,0.39,0.6,2026-03-01,857,N20,VIIRS,l,2,304.2,1.63,D,0
15.96422,74.98573,336.99,0.42,0.61,2026-03-01,857,N20,VIIRS,l,2,307.01,2.44,D,0
15.96643,74.98478,335.33,0.42,0.61,2026-03-01,857,N20,VIIRS,l,2,306.18,0.89,D,0
15.99096,74.08964,337.13,0.37,0.58,2026-03-01,857,N20,VIIRS,n,2,302.83,4,D,0
16.01168,74.38059,336.9,0.38,0.59,2026-03-01,857,N20,VIIRS,l,2,308.34,4.83,D,0
16.03456,73.52101,331.8,0.34,0.56,2026-03-01,857,N20,VIIRS,l,2,303.16,2.57,D,0
16.03678,74.21018,330.52,0.37,0.58,2026-03-01,857,N20,VIIRS,n,2,302.8,2.92,D,0
16.04303,74.36559,342.6,0.38,0.59,2026-03-01,857,N20,VIIRS,n,2,305.07,1.98,D,0
16.05864,74.82134,335.77,0.41,0.61,2026-03-01,857,N20,VIIRS,n,2,305.69,3.37,D,0
16.06016,74.82195,337.12,0.41,0.61,2026-03-01,857,N20,VIIRS,n,2,305.99,2.82,D,0
16.07196,74.63051,346.12,0.4,0.6,2026-03-01,857,N20,VIIRS,n,2,306.76,2.92,D,0
16.07943,74.22387,335.79,0.37,0.58,2026-03-01,857,N20,VIIRS,n,2,303.38,1.51,D,0
16.0819,74.224,335.62,0.37,0.58,2026-03-01,857,N20,VIIRS,n,2,302.45,2.93,D,0
16.17072,74.06832,333.91,0.37,0.58,2026-03-01,857,N20,VIIRS,l,2,304.14,4.41,D,0
16.23834,76.72762,334.06,0.55,0.68,2026-03-01,857,N20,VIIRS,l,2,304.92,7.19,D,0
16.26629,74.21291,336.02,0.38,0.58,2026-03-01,857,N20,VIIRS,l,2,306.7,1.47,D,0
16.29219,74.0222,334.99,0.37,0.58,2026-03-01,857,N20,VIIRS,n,2,304.03,2.95,D,0
16.30716,75.34416,330.5,0.45,0.63,2026-03-01,857,N20,VIIRS,l,2,303.9,2.31,D,0
16.35236,73.74753,340.45,0.35,0.57,2026-03-01,857,N20,VIIRS,n,2,305.4,5.15,D,0
16.35259,73.74578,331.42,0.35,0.57,2026-03-01,857,N20,VIIRS,l,2,306.25,3.07,D,0
16.35295,73.74904,331.24,0.35,0.57,2026-03-01,857,N20,VIIRS,l,2,303.07,3.07,D,0
16.35872,73.75666,367,0.35,0.57,2026-03-01,857,N20,VIIRS,h,2,309.75,11.87,D,0
16.35888,73.75493,354.42,0.35,0.57,2026-03-01,857,N20,VIIRS,n,2,307.75,9.57,D,0
16.35924,73.75819,351.09,0.35,0.57,2026-03-01,857,N20,VIIRS,n,2,307.32,9.56,D,0
16.37207,74.06084,338.98,0.37,0.58,2026-03-01,857,N20,VIIRS,n,2,304.51,4.41,D,0
16.47787,74.20168,333.02,0.38,0.59,2026-03-01,857,N20,VIIRS,l,2,307.25,4.08,D,0
16.49466,73.49511,337.6,0.34,0.56,2026-03-01,857,N20,VIIRS,n,2,306.51,4.11,D,0
16.495,73.49815,336.95,0.34,0.56,2026-03-01,857,N20,VIIRS,n,2,305.23,3.95,D,0
16.50192,73.42151,330.12,0.33,0.56,2026-03-01,857,N20,VIIRS,l,2,304.97,2.24,D,0
16.50707,73.42113,330.23,0.33,0.56,2026-03-01,857,N20,VIIRS,l,2,303.31,2.24,D,0
16.71284,73.87653,333.27,0.36,0.57,2026-03-01,857,N20,VIIRS,n,2,301.59,2.42,D,0
16.84288,76.60744,332.76,0.55,0.68,2026-03-01,857,N20,VIIRS,l,2,303.65,3.27,D,0
16.84574,76.60387,335.55,0.55,0.68,2026-03-01,857,N20,VIIRS,n,2,301.93,2.21,D,0
16.93736,74.16172,340.09,0.38,0.59,2026-03-01,857,N20,VIIRS,n,2,308.94,3.16,D,0
16.93814,74.16875,340.07,0.38,0.59,2026-03-01,857,N20,VIIRS,n,2,309.78,2.46,D,0
16.93959,74.16138,352.23,0.38,0.59,2026-03-01,857,N20,VIIRS,n,2,308.6,7.75,D,0
16.94033,74.16843,338.01,0.38,0.59,2026-03-01,857,N20,VIIRS,l,2,308.04,3.26,D,0
16.94278,74.16118,341.53,0.38,0.59,2026-03-01,857,N20,VIIRS,n,2,305.31,3.16,D,0
16.96802,73.87016,345.72,0.36,0.58,2026-03-01,857,N20,VIIRS,n,2,305.34,3.84,D,0
16.96841,73.87372,336.1,0.36,0.58,2026-03-01,857,N20,VIIRS,n,2,303.16,3.58,D,0
16.97334,73.86956,336.58,0.36,0.58,2026-03-01,857,N20,VIIRS,n,2,305.48,3.84,D,0
17.09538,73.96306,367,0.37,0.58,2026-03-01,857,N20,VIIRS,h,2,307.64,5.24,D,0
17.17332,73.31055,349.25,0.34,0.56,2026-03-01,857,N20,VIIRS,n,2,302.46,3.06,D,0
17.18462,76.30813,335.38,0.53,0.67,2026-03-01,857,N20,VIIRS,n,2,299.48,2.22,D,0
17.2765,73.87116,330.64,0.37,0.58,2026-03-01,857,N20,VIIRS,l,2,304.89,1.58,D,0
17.32623,73.94936,330.74,0.37,0.58,2026-03-01,857,N20,VIIRS,l,2,305.53,2.57,D,0
17.33105,73.89137,344.62,0.37,0.58,2026-03-01,857,N20,VIIRS,n,2,308.37,3.93,D,0
17.33141,73.89478,337.01,0.37,0.58,2026-03-01,857,N20,VIIRS,n,2,306.89,3.93,D,0
17.33279,73.8911,347.56,0.37,0.58,2026-03-01,857,N20,VIIRS,n,2,308.67,3.65,D,0
17.33317,73.89452,338.73,0.37,0.58,2026-03-01,857,N20,VIIRS,n,2,307.48,3.65,D,0
17.36117,73.92014,335.35,0.37,0.58,2026-03-01,857,N20,VIIRS,l,2,305.77,2.5,D,0
17.37236,76.90707,332.34,0.59,0.7,2026-03-01,857,N20,VIIRS,n,2,301.19,4.1,D,0
17.43773,73.94828,336.25,0.37,0.58,2026-03-01,857,N20,VIIRS,n,2,305.63,4.54,D,0
17.43826,74.00628,339.07,0.38,0.59,2026-03-01,857,N20,VIIRS,n,2,306.78,3.96,D,0
17.4414,74.00773,340.21,0.38,0.58,2026-03-01,857,N20,VIIRS,n,2,306.65,3.95,D,0
17.44605,73.97603,333.58,0.38,0.58,2026-03-01,857,N20,VIIRS,l,2,308.58,3.34,D,0
17.49781,74.26344,367,0.39,0.6,2026-03-01,857,N20,VIIRS,h,2,309.03,6.19,D,0
17.4982,74.26722,349.73,0.39,0.6,2026-03-01,857,N20,VIIRS,n,2,306.73,6.19,D,0
17.5033,74.26285,351.66,0.39,0.6,2026-03-01,857,N20,VIIRS,n,2,305.56,6.19,D,0
17.50369,74.26663,367,0.39,0.6,2026-03-01,857,N20,VIIRS,h,2,305.05,6.19,D,0
17.53207,73.9649,341.28,0.38,0.58,2026-03-01,857,N20,VIIRS,l,2,312.9,5.95,D,0
17.54296,76.97407,344.23,0.59,0.7,2026-03-01,857,N20,VIIRS,n,2,298.52,10.48,D,0
17.54298,76.97433,348.19,0.59,0.7,2026-03-01,857,N20,VIIRS,n,2,298.66,10.32,D,0
17.54751,73.57191,334.95,0.35,0.57,2026-03-01,857,N20,VIIRS,l,2,306.17,4.59,D,0
17.54786,73.57521,341.29,0.35,0.57,2026-03-01,857,N20,VIIRS,n,2,304.21,2.84,D,0
17.59515,73.91609,349.43,0.37,0.58,2026-03-01,857,N20,VIIRS,n,2,306.67,4.09,D,0
17.60045,73.91473,344.78,0.37,0.58,2026-03-01,857,N20,VIIRS,n,2,310.72,5.71,D,0
17.63996,73.87822,339.05,0.37,0.58,2026-03-01,857,N20,VIIRS,n,2,305.28,3.4,D,0
17.64267,73.8745,331.3,0.37,0.58,2026-03-01,857,N20,VIIRS,n,2,304.24,3.19,D,0
17.6431,73.87868,333.5,0.37,0.58,2026-03-01,857,N20,VIIRS,n,2,303.37,3.91,D,0
17.66313,73.51028,367,0.35,0.57,2026-03-01,857,N20,VIIRS,h,2,307.34,3.82,D,0
17.66349,73.51361,346.23,0.35,0.57,2026-03-01,857,N20,VIIRS,n,2,304.75,3.82,D,0
17.70763,73.4341,337.05,0.35,0.56,2026-03-01,857,N20,VIIRS,n,2,308.28,2.17,D,0
17.78768,74.20758,334.53,0.39,0.59,2026-03-01,857,N20,VIIRS,l,2,307.66,2.09,D,0
17.78851,74.20779,336.18,0.39,0.6,2026-03-01,857,N20,VIIRS,n,2,307.31,2.67,D,0
17.78998,73.69811,336.84,0.36,0.58,2026-03-01,857,N20,VIIRS,n,2,307.1,13.19,D,0
17.79524,73.69707,346.94,0.36,0.58,2026-03-01,857,N20,VIIRS,n,2,308.03,13.19,D,0
17.79555,73.69994,367,0.36,0.58,2026-03-01,857,N20,VIIRS,h,2,303.44,28.98,D,0
17.8214,74.15017,336.75,0.39,0.59,2026-03-01,857,N20,VIIRS,n,2,306.99,3.41,D,0
17.84385,73.55733,340.72,0.36,0.57,2026-03-01,857,N20,VIIRS,n,2,306.78,3.8,D,0
17.84896,73.55532,332.12,0.36,0.57,2026-03-01,857,N20,VIIRS,l,2,305.99,1.63,D,0
17.85493,73.89803,343.58,0.37,0.58,2026-03-01,857,N20,VIIRS,n,2,312.5,4.87,D,0
17.85531,73.90149,343.26,0.38,0.58,2026-03-01,857,N20,VIIRS,n,2,312.13,4.87,D,0
17.85571,73.90511,342.7,0.38,0.58,2026-03-01,857,N20,VIIRS,n,2,309.54,4.78,D,0
17.85744,73.89633,334.24,0.38,0.58,2026-03-01,857,N20,VIIRS,l,2,308.53,4.65,D,0
17.8578,73.89983,335.13,0.38,0.58,2026-03-01,857,N20,VIIRS,l,2,309.84,4.65,D,0
17.85818,73.9035,343.65,0.38,0.58,2026-03-01,857,N20,VIIRS,n,2,307.59,6.16,D,0
17.86511,73.81236,337.63,0.37,0.58,2026-03-01,857,N20,VIIRS,n,2,305.21,8.49,D,0
17.8655,73.81618,336.59,0.37,0.58,2026-03-01,857,N20,VIIRS,n,2,306.2,6.39,D,0
17.87076,73.81461,344.24,0.37,0.58,2026-03-01,857,N20,VIIRS,n,2,308.23,6.39,D,0
17.87123,73.81911,367,0.37,0.58,2026-03-01,857,N20,VIIRS,h,2,305.91,6.39,D,0
17.99274,73.75641,351.09,0.37,0.58,2026-03-01,857,N20,VIIRS,n,2,306.16,4.59,D,0
18.00049,73.52748,332.09,0.36,0.57,2026-03-01,857,N20,VIIRS,n,2,305.86,2.23,D,0
18.00091,73.5313,343.71,0.36,0.57,2026-03-01,857,N20,VIIRS,n,2,308.65,4.92,D,0
18.0057,73.52634,350.44,0.36,0.57,2026-03-01,857,N20,VIIRS,n,2,305.92,2.59,D,0
18.07172,73.44847,339.03,0.35,0.57,2026-03-01,857,N20,VIIRS,n,2,307.83,3.39,D,0
18.08217,73.80346,334.42,0.37,0.58,2026-03-01,857,N20,VIIRS,l,2,307.43,3.01,D,0
18.09113,73.23903,332.04,0.34,0.56,2026-03-01,857,N20,VIIRS,l,2,306.28,1.63,D,0
18.10043,73.56718,338.57,0.36,0.57,2026-03-01,857,N20,VIIRS,n,2,311.47,2.63,D,0
18.1315,73.45865,333.23,0.35,0.57,2026-03-01,857,N20,VIIRS,n,2,305.09,1.78,D,0
18.16325,73.259,333.06,0.34,0.56,2026-03-01,857,N20,VIIRS,l,2,306,2.14,D,0
18.16845,73.25849,337.06,0.34,0.56,2026-03-01,857,N20,VIIRS,l,2,308.12,2.02,D,0
18.20465,73.3011,347.54,0.35,0.56,2026-03-01,857,N20,VIIRS,n,2,306.59,2.61,D,0
18.2099,73.30096,335.34,0.35,0.56,2026-03-01,857,N20,VIIRS,l,2,308.26,2.61,D,0
18.22489,73.24658,353.1,0.34,0.56,2026-03-01,857,N20,VIIRS,n,2,312.27,13.51,D,0
18.22526,73.24986,343.8,0.34,0.56,2026-03-01,857,N20,VIIRS,n,2,305.61,7.68,D,0
18.22581,73.84764,348.49,0.38,0.58,2026-03-01,857,N20,VIIRS,n,2,307.35,4.55,D,0
18.2261,73.24467,350.73,0.34,0.56,2026-03-01,857,N20,VIIRS,n,2,306.92,10.45,D,0
18.22644,73.24796,367,0.34,0.56,2026-03-01,857,N20,VIIRS,h,2,309.04,11.48,D,0
18.24399,73.51939,335.65,0.36,0.57,2026-03-01,857,N20,VIIRS,n,2,305.18,3.22,D,0
18.31282,73.31712,333.7,0.35,0.56,2026-03-01,857,N20,VIIRS,l,2,308.28,2.05,D,0
18.3217,73.85387,335.52,0.38,0.59,2026-03-01,857,N20,VIIRS,l,2,307.74,0.94,D,0
18.34949,73.96302,343.01,0.38,0.59,2026-03-01,857,N20,VIIRS,n,2,311.09,4.87,D,0
18.36147,73.62785,346.16,0.37,0.58,2026-03-01,857,N20,VIIRS,n,2,308.44,9.63,D,0
18.36182,73.6313,367,0.37,0.58,2026-03-01,857,N20,VIIRS,h,2,308.68,10.36,D,0
18.3628,73.62809,367,0.36,0.58,2026-03-01,857,N20,VIIRS,h,2,309.76,12.35,D,0
18.36319,73.63161,367,0.37,0.58,2026-03-01,857,N20,VIIRS,h,2,307.21,11.85,D,0
18.36684,73.62764,343.24,0.37,0.58,2026-03-01,857,N20,VIIRS,n,2,308.99,3.89,D,0
18.36817,73.62791,338.81,0.36,0.58,2026-03-01,857,N20,VIIRS,n,2,308.5,4.63,D,0
18.37221,73.62747,334.78,0.37,0.58,2026-03-01,857,N20,VIIRS,l,2,305.63,3.89,D,0
18.4394,77.31753,331.73,0.64,0.72,2026-03-01,857,N20,VIIRS,n,2,301.64,6.17,D,0
18.55502,76.18201,331.85,0.54,0.68,2026-03-01,857,N20,VIIRS,l,2,301.97,3.67,D,0
18.57769,76.43101,334.49,0.56,0.69,2026-03-01,857,N20,VIIRS,n,2,301.04,2.86,D,0
18.58927,77.14043,337.52,0.63,0.72,2026-03-01,857,N20,VIIRS,n,2,298.79,3.86,D,0
18.5948,73.41298,344.44,0.36,0.57,2026-03-01,857,N20,VIIRS,n,2,305.85,3.65,D,0
18.60596,73.62363,341.63,0.37,0.58,2026-03-01,857,N20,VIIRS,n,2,310.98,3.4,D,0
18.60601,73.41827,330.88,0.36,0.57,2026-03-01,857,N20,VIIRS,n,2,300.48,2.07,D,0
18.61845,73.53653,332.21,0.36,0.58,2026-03-01,857,N20,VIIRS,l,2,305.9,2.21,D,0
18.61875,73.53942,332.83,0.36,0.58,2026-03-01,857,N20,VIIRS,l,2,307.83,2.21,D,0
18.62181,73.51737,338.92,0.36,0.57,2026-03-01,857,N20,VIIRS,n,2,309.05,2.25,D,0
18.62217,73.52077,332.59,0.36,0.58,2026-03-01,857,N20,VIIRS,l,2,307.37,2.25,D,0
18.62429,73.541,349.25,0.36,0.58,2026-03-01,857,N20,VIIRS,n,2,307.82,4.1,D,0
18.62737,73.51926,335.73,0.36,0.58,2026-03-01,857,N20,VIIRS,n,2,303.47,2.25,D,0
18.64664,73.24616,331.88,0.35,0.56,2026-03-01,857,N20,VIIRS,l,2,305.19,1.57,D,0
18.68183,73.03313,333.51,0.34,0.56,2026-03-01,857,N20,VIIRS,l,2,305.52,1.79,D,2
18.68697,73.03255,337.15,0.34,0.56,2026-03-01,857,N20,VIIRS,n,2,306.93,2.88,D,2
18.74346,73.05134,331.42,0.34,0.56,2026-03-01,857,N20,VIIRS,l,2,304.64,1.79,D,0
18.75581,74.33848,333.12,0.41,0.61,2026-03-01,857,N20,VIIRS,l,2,307.62,2.3,D,0
18.83501,73.83996,367,0.38,0.59,2026-03-01,857,N20,VIIRS,h,2,312.49,12.45,D,0
19.0545,76.46111,330.89,0.57,0.69,2026-03-01,857,N20,VIIRS,l,2,303.16,2.34,D,0
19.08161,77.65875,332.87,0.68,0.74,2026-03-01,857,N20,VIIRS,n,2,304.06,6.3,D,0
19.08233,77.65981,333.44,0.69,0.74,2026-03-01,857,N20,VIIRS,n,2,303.44,4.12,D,0
18.96075,73.15707,336.53,0.34,0.56,2026-03-01,858,N20,VIIRS,n,2,304.95,1.71,D,0
18.9619,73.15627,340.14,0.35,0.56,2026-03-01,858,N20,VIIRS,n,2,305.92,1.93,D,0
19.00118,73.22975,336.29,0.35,0.57,2026-03-01,858,N20,VIIRS,l,2,306.39,2.46,D,0
19.00146,73.2325,339.44,0.35,0.57,2026-03-01,858,N20,VIIRS,n,2,306.22,2.46,D,0
19.06614,73.19412,349.26,0.35,0.57,2026-03-01,858,N20,VIIRS,n,2,310.1,3.07,D,0
19.0666,73.19251,337.23,0.35,0.57,2026-03-01,858,N20,VIIRS,n,2,309.03,3.09,D,0
19.06693,73.1958,336.89,0.35,0.57,2026-03-01,858,N20,VIIRS,n,2,308.45,3.03,D,0
19.12564,73.69606,346.44,0.38,0.58,2026-03-01,858,N20,VIIRS,n,2,308.59,11.19,D,0
19.12606,73.69994,367,0.38,0.59,2026-03-01,858,N20,VIIRS,h,2,309.3,16.92,D,0
19.12788,73.69439,352.71,0.38,0.59,2026-03-01,858,N20,VIIRS,n,2,310.03,19.14,D,0
19.12825,73.69807,367,0.38,0.59,2026-03-01,858,N20,VIIRS,h,2,313.11,31.59,D,0
19.21304,73.37643,340.44,0.36,0.57,2026-03-01,858,N20,VIIRS,n,2,304.88,2.99,D,0
19.21832,73.37573,342.16,0.36,0.57,2026-03-01,858,N20,VIIRS,n,2,304.97,2.99,D,0
19.22348,73.53296,367,0.37,0.58,2026-03-01,858,N20,VIIRS,h,2,311.29,8.54,D,0
19.22531,72.93935,337.88,0.34,0.56,2026-03-01,858,N20,VIIRS,n,2,302.91,2.08,D,0
19.28023,73.40369,342.35,0.36,0.57,2026-03-01,858,N20,VIIRS,n,2,307.57,3.94,D,0
19.28552,73.40301,339.9,0.36,0.57,2026-03-01,858,N20,VIIRS,n,2,309.64,3.94,D,0
19.28589,73.40643,367,0.36,0.58,2026-03-01,858,N20,VIIRS,h,2,308.36,3.94,D,0
19.29681,73.31336,332.71,0.36,0.57,2026-03-01,858,N20,VIIRS,l,2,306.07,2.28,D,0
19.29715,73.31152,341.94,0.36,0.57,2026-03-01,858,N20,VIIRS,n,2,307.32,3,D,0
19.33514,73.11877,342.29,0.35,0.56,2026-03-01,858,N20,VIIRS,n,2,306.17,4.57,D,0
19.3522,72.98359,330.46,0.34,0.56,2026-03-01,858,N20,VIIRS,l,2,303.34,0.96,D,0
19.37868,75.56843,351.67,0.5,0.66,2026-03-01,858,N20,VIIRS,n,2,303.51,5.22,D,0
19.39474,73.69193,367,0.38,0.59,2026-03-01,858,N20,VIIRS,h,2,312.88,5.52,D,0
19.40016,73.69138,352.52,0.38,0.59,2026-03-01,858,N20,VIIRS,n,2,309.51,5.52,D,0
19.45307,74.38596,343.15,0.42,0.61,2026-03-01,858,N20,VIIRS,n,2,307.01,3.55,D,0
19.46084,73.67332,342.07,0.38,0.59,2026-03-01,858,N20,VIIRS,n,2,309.28,4.23,D,0
19.4611,73.67595,336.2,0.38,0.59,2026-03-01,858,N20,VIIRS,n,2,305.59,4.09,D,0
19.50384,73.66548,343.07,0.38,0.59,2026-03-01,858,N20,VIIRS,n,2,308.01,0.83,D,0
19.50882,73.76817,336.69,0.39,0.59,2026-03-01,858,N20,VIIRS,l,2,308.69,4.21,D,0
19.50951,73.10472,355.86,0.35,0.57,2026-03-01,858,N20,VIIRS,n,2,309.01,4.48,D,0
19.53348,73.58291,347.05,0.37,0.58,2026-03-01,858,N20,VIIRS,n,2,314.36,5.04,D,0
19.53595,73.58157,342.87,0.37,0.58,2026-03-01,858,N20,VIIRS,n,2,312.5,4.84,D,0
19.62239,74.92134,339.79,0.46,0.64,2026-03-01,858,N20,VIIRS,n,2,304.3,3.53,D,0
19.64124,75.79729,336.05,0.53,0.67,2026-03-01,858,N20,VIIRS,n,2,302.9,6.7,D,0
19.64174,75.79408,343.33,0.52,0.67,2026-03-01,858,N20,VIIRS,n,2,304.26,4.66,D,0
19.64186,72.80204,336.43,0.33,0.56,2026-03-01,858,N20,VIIRS,n,2,305.94,2.51,D,0
19.77698,76.78288,341.29,0.61,0.71,2026-03-01,858,N20,VIIRS,n,2,302.94,4.58,D,0
19.78596,78.48183,332.47,0.79,0.78,2026-03-01,858,N20,VIIRS,n,2,299.65,6.69,D,0
19.79326,78.48193,346.34,0.79,0.78,2026-03-01,858,N20,VIIRS,n,2,299.83,15.37,D,0
19.84305,74.7752,339.68,0.45,0.63,2026-03-01,858,N20,VIIRS,n,2,306.61,2.64,D,0
19.84363,74.77715,340.48,0.45,0.63,2026-03-01,858,N20,VIIRS,n,2,305.54,3.22,D,0
19.88714,73.97588,335.89,0.4,0.6,2026-03-01,858,N20,VIIRS,l,2,307.45,2.72,D,0
20.30412,74.92106,332.64,0.47,0.64,2026-03-01,858,N20,VIIRS,l,2,306.28,2.7,D,0
20.3082,74.92162,350.48,0.47,0.64,2026-03-01,858,N20,VIIRS,n,2,307.17,8.11,D,0
20.3101,74.92118,342.21,0.47,0.64,2026-03-01,858,N20,VIIRS,n,2,306.55,2.7,D,0
20.34199,76.9556,331.63,0.64,0.72,2026-03-01,858,N20,VIIRS,l,2,305.52,4.9,D,0
20.49805,74.92658,336.73,0.47,0.64,2026-03-01,858,N20,VIIRS,n,2,304.02,5.84,D,0
20.5014,74.92235,340.41,0.47,0.64,2026-03-01,858,N20,VIIRS,n,2,303.95,5.02,D,0
20.76858,70.94025,333.56,0.52,0.5,2026-03-01,858,N20,VIIRS,n,2,303.29,2.44,D,0
20.77037,70.78889,342.11,0.51,0.49,2026-03-01,858,N20,VIIRS,n,2,304.52,6.62,D,0
20.77327,70.77356,337.75,0.51,0.49,2026-03-01,858,N20,VIIRS,n,2,303.38,4.58,D,0
20.82998,70.65068,336.38,0.5,0.49,2026-03-01,858,N20,VIIRS,n,2,302.4,1.42,D,0
20.86337,70.74494,343.89,0.51,0.49,2026-03-01,858,N20,VIIRS,n,2,305.83,6.31,D,0
20.86619,70.48651,334.67,0.49,0.49,2026-03-01,858,N20,VIIRS,n,2,303.4,3.43,D,0
20.8789,70.97021,330.63,0.53,0.5,2026-03-01,858,N20,VIIRS,l,2,304.91,1.8,D,0
20.8915,70.83136,339.63,0.51,0.5,2026-03-01,858,N20,VIIRS,n,2,305.9,3.78,D,0
20.90574,70.55354,345.53,0.49,0.49,2026-03-01,858,N20,VIIRS,n,2,306.15,8.47,D,0
20.90759,70.54997,339.16,0.49,0.49,2026-03-01,858,N20,VIIRS,n,2,305.17,6.68,D,0
20.90811,70.55473,339.17,0.5,0.49,2026-03-01,858,N20,VIIRS,n,2,304.38,5.86,D,0
20.91301,70.57676,331.47,0.5,0.49,2026-03-01,858,N20,VIIRS,n,2,303.79,1.52,D,0
20.91949,70.53399,342.8,0.49,0.49,2026-03-01,858,N20,VIIRS,n,2,304.78,4.48,D,0
20.91974,70.59531,343.78,0.5,0.49,2026-03-01,858,N20,VIIRS,n,2,307.04,14.02,D,0
20.92129,70.59178,341.02,0.5,0.49,2026-03-01,858,N20,VIIRS,n,2,305.09,7.15,D,0
20.92181,70.59657,332.33,0.5,0.49,2026-03-01,858,N20,VIIRS,l,2,305.83,7.15,D,0
20.93439,70.68158,338.66,0.5,0.49,2026-03-01,858,N20,VIIRS,n,2,305.82,4.37,D,0
20.93532,70.67815,335.29,0.5,0.49,2026-03-01,858,N20,VIIRS,l,2,306.72,3.23,D,0
20.93931,70.75694,342.45,0.51,0.49,2026-03-01,858,N20,VIIRS,n,2,307.33,5.18,D,0
20.94249,70.61832,334.03,0.5,0.49,2026-03-01,858,N20,VIIRS,n,2,305.99,2.85,D,0
20.96078,70.45684,337.68,0.49,0.48,2026-03-01,858,N20,VIIRS,n,2,303.48,3.98,D,0
20.96201,70.42801,344.61,0.49,0.48,2026-03-01,858,N20,VIIRS,n,2,304.79,6.81,D,0
20.96848,70.60522,343.96,0.5,0.49,2026-03-01,858,N20,VIIRS,n,2,309.46,7.02,D,0
20.98728,73.69838,341.41,0.4,0.6,2026-03-01,858,N20,VIIRS,n,2,306.13,3.36,D,0
21.04673,70.30978,341.68,0.48,0.48,2026-03-01,858,N20,VIIRS,n,2,304.3,8.84,D,0
21.07676,70.65617,339.51,0.5,0.49,2026-03-01,858,N20,VIIRS,n,2,304.87,3.06,D,0
21.0998,72.63891,337.68,0.34,0.56,2026-03-01,858,N20,VIIRS,n,2,303.83,2.35,D,2
21.10564,72.64494,337.72,0.34,0.56,2026-03-01,858,N20,VIIRS,n,2,305.72,4.31,D,2
21.10598,72.64823,354.01,0.34,0.56,2026-03-01,858,N20,VIIRS,n,2,306.2,4.31,D,2
21.14968,73.13347,336.43,0.37,0.58,2026-03-01,858,N20,VIIRS,n,2,305.92,1.98,D,0
21.20557,70.05716,332.98,0.46,0.47,2026-03-01,858,N20,VIIRS,n,2,303.87,2.7,D,0
21.21685,70.07845,338.85,0.47,0.47,2026-03-01,858,N20,VIIRS,n,2,304.67,3.18,D,0
21.24881,70.12468,350.33,0.47,0.48,2026-03-01,858,N20,VIIRS,n,2,308.43,19.24,D,0
21.26949,72.62647,339.55,0.34,0.56,2026-03-01,858,N20,VIIRS,n,2,305.86,2.12,D,0
21.30914,71.81953,339.75,0.6,0.53,2026-03-01,858,N20,VIIRS,n,2,307.03,4.36,D,0
21.30976,71.87331,340.44,0.61,0.53,2026-03-01,858,N20,VIIRS,n,2,306.14,9.87,D,0
21.324,70.35989,345.23,0.49,0.48,2026-03-01,858,N20,VIIRS,n,2,308.91,3.97,D,0
21.32532,70.35834,338.02,0.49,0.48,2026-03-01,858,N20,VIIRS,l,2,309.77,1.75,D,0
21.32771,70.57566,344.23,0.5,0.49,2026-03-01,858,N20,VIIRS,n,2,313.55,18.13,D,0
21.33671,70.61417,345.19,0.51,0.49,2026-03-01,858,N20,VIIRS,n,2,309.73,5.71,D,0
21.34691,76.43423,337.69,0.6,0.71,2026-03-01,858,N20,VIIRS,n,2,307.06,3.65,D,0
21.34752,76.43498,335.23,0.6,0.71,2026-03-01,858,N20,VIIRS,n,2,307.22,4.13,D,0
21.36132,70.53416,341.64,0.5,0.49,2026-03-01,858,N20,VIIRS,n,2,309.94,4.21,D,0
21.37298,70.15651,338.97,0.47,0.48,2026-03-01,858,N20,VIIRS,n,2,308.12,11.57,D,0
21.37895,73.95968,342.66,0.42,0.61,2026-03-01,858,N20,VIIRS,n,2,310.09,3.84,D,0
21.48114,70.73615,342.62,0.52,0.5,2026-03-01,858,N20,VIIRS,n,2,310,2.87,D,0
21.4975,70.67352,355.75,0.51,0.5,2026-03-01,858,N20,VIIRS,n,2,312.33,10.38,D,0
21.54409,70.01222,337.4,0.47,0.47,2026-03-01,858,N20,VIIRS,n,2,310.38,3.73,D,0
21.54961,69.83096,330.47,0.45,0.47,2026-03-01,858,N20,VIIRS,l,2,304.37,1.35,D,0
21.55445,70.98048,347.36,0.54,0.51,2026-03-01,858,N20,VIIRS,n,2,307.33,5.62,D,0
21.5716,78.07293,367,0.77,0.78,2026-03-01,858,N20,VIIRS,h,2,302.62,25.51,D,0
21.57564,78.06623,342.14,0.77,0.77,2026-03-01,858,N20,VIIRS,n,2,302.71,17.24,D,0
21.57616,78.0736,367,0.77,0.77,2026-03-01,858,N20,VIIRS,h,2,303.54,17.24,D,0
21.57827,78.06439,341.22,0.77,0.77,2026-03-01,858,N20,VIIRS,n,2,303.43,17.7,D,0
21.57874,78.07172,352.86,0.77,0.78,2026-03-01,858,N20,VIIRS,n,2,302.39,18.92,D,0
21.5828,78.06534,335.34,0.77,0.77,2026-03-01,858,N20,VIIRS,n,2,302.81,17.24,D,0
21.68458,69.70935,336.38,0.45,0.47,2026-03-01,858,N20,VIIRS,n,2,304.62,2.44,D,0
21.72485,69.56891,335.46,0.44,0.46,2026-03-01,858,N20,VIIRS,n,2,304.94,1.27,D,0
21.7492,72.75092,334.92,0.35,0.57,2026-03-01,858,N20,VIIRS,n,2,306.57,2.33,D,0
21.74954,72.75433,344.73,0.35,0.57,2026-03-01,858,N20,VIIRS,n,2,306.88,2.33,D,0
21.75401,72.64075,346.06,0.35,0.56,2026-03-01,858,N20,VIIRS,n,2,303.83,3.37,D,0
21.78437,70.57382,339.07,0.51,0.49,2026-03-01,858,N20,VIIRS,n,2,303.53,3.75,D,0
21.85805,69.34824,335.46,0.43,0.46,2026-03-01,858,N20,VIIRS,l,2,307.57,2,D,0
21.91567,77.38549,332.37,0.7,0.75,2026-03-01,858,N20,VIIRS,l,2,302.68,5.02,D,0
22.0529,72.54588,339.09,0.34,0.56,2026-03-01,858,N20,VIIRS,n,2,304.27,2.07,D,0
22.16001,72.05427,343.62,0.32,0.55,2026-03-01,858,N20,VIIRS,n,2,302.02,2.81,D,0
22.18213,72.77682,334.85,0.36,0.57,2026-03-01,858,N20,VIIRS,n,2,302.38,1.76,D,0
22.18742,72.77629,330.98,0.36,0.57,2026-03-01,858,N20,VIIRS,l,2,302.58,1.76,D,0
22.20329,74.00098,340.71,0.43,0.62,2026-03-01,858,N20,VIIRS,n,2,307.2,5.11,D,0
22.20519,73.9978,336.08,0.43,0.62,2026-03-01,858,N20,VIIRS,l,2,307.46,5.4,D,0
22.20555,74.00204,354.23,0.43,0.62,2026-03-01,858,N20,VIIRS,n,2,307.44,5.4,D,0
22.20861,73.9963,341.89,0.43,0.62,2026-03-01,858,N20,VIIRS,n,2,306.8,5.11,D,0
22.209,74.00046,347.61,0.43,0.62,2026-03-01,858,N20,VIIRS,n,2,307.01,5.11,D,0
22.21091,73.99738,347.32,0.43,0.62,2026-03-01,858,N20,VIIRS,n,2,305.93,5.4,D,0
22.24162,73.27884,337.39,0.38,0.59,2026-03-01,858,N20,VIIRS,n,2,301.59,3.37,D,0
22.30634,72.30365,367,0.33,0.56,2026-03-01,858,N20,VIIRS,h,2,306.01,6.99,D,0
22.42272,76.19579,331.83,0.6,0.7,2026-03-01,858,N20,VIIRS,n,2,301.76,2.51,D,0
22.42294,76.19687,331.98,0.6,0.7,2026-03-01,858,N20,VIIRS,n,2,301.5,3.96,D,0
22.44621,76.49016,333.09,0.62,0.72,2026-03-01,858,N20,VIIRS,n,2,301.98,4.16,D,0
22.45077,76.48907,330.83,0.62,0.72,2026-03-01,858,N20,VIIRS,l,2,302.44,3.81,D,0
22.51376,76.01231,335.15,0.58,0.7,2026-03-01,858,N20,VIIRS,n,2,302.59,3.19,D,0
22.51515,76.03824,338.52,0.58,0.7,2026-03-01,858,N20,VIIRS,n,2,303.72,5.38,D,0
22.5159,76.04114,331.4,0.58,0.7,2026-03-01,858,N20,VIIRS,l,2,301.56,4.08,D,0
22.53159,76.07661,333.19,0.59,0.7,2026-03-01,858,N20,VIIRS,l,2,303.39,2.36,D,0
22.55998,76.10661,331.91,0.59,0.7,2026-03-01,858,N20,VIIRS,n,2,303.86,3.22,D,0
22.5824,76.40456,338.84,0.62,0.71,2026-03-01,858,N20,VIIRS,n,2,302.85,3.84,D,0
22.61924,76.19903,349.62,0.6,0.71,2026-03-01,858,N20,VIIRS,n,2,304.33,7.56,D,0
22.61963,76.20455,338.72,0.6,0.71,2026-03-01,858,N20,VIIRS,n,2,302.97,7.56,D,0
22.61989,76.20268,367,0.6,0.71,2026-03-01,858,N20,VIIRS,h,2,303.95,14.07,D,0
22.62031,76.214,335.74,0.6,0.71,2026-03-01,858,N20,VIIRS,n,2,302.58,7.78,D,0
22.62063,76.21215,332.98,0.6,0.71,2026-03-01,858,N20,VIIRS,n,2,302.8,9.68,D,0
22.66099,76.22987,340.44,0.6,0.71,2026-03-01,858,N20,VIIRS,n,2,303.81,6.71,D,0
22.82119,76.81364,330.13,0.66,0.73,2026-03-01,859,N20,VIIRS,l,2,303.6,5.11,D,0
22.85332,71.28282,342.64,0.58,0.52,2026-03-01,859,N20,VIIRS,n,2,305.69,8.47,D,0
22.91167,72.26035,343.98,0.34,0.56,2026-03-01,859,N20,VIIRS,n,2,302.65,5.18,D,0
22.91384,72.25944,344.78,0.34,0.56,2026-03-01,859,N20,VIIRS,n,2,302.11,4.83,D,0
23.0258,77.8325,337.14,0.77,0.77,2026-03-01,859,N20,VIIRS,n,2,300.35,6.12,D,0
23.03031,77.83337,336.34,0.77,0.77,2026-03-01,859,N20,VIIRS,n,2,299.35,3.84,D,0
23.28279,71.97503,331.71,0.33,0.55,2026-03-01,859,N20,VIIRS,l,2,305.86,1.36,D,0
23.46603,69.87623,336.47,0.48,0.48,2026-03-01,859,N20,VIIRS,l,2,308.81,3.2,D,0
23.46665,69.52441,330.12,0.46,0.47,2026-03-01,859,N20,VIIRS,l,2,305.02,2.36,D,0
23.46829,69.52602,332.08,0.46,0.47,2026-03-01,859,N20,VIIRS,l,2,306.22,2.04,D,0
24.02213,73.49989,334.59,0.42,0.61,2026-03-01,859,N20,VIIRS,l,2,305.76,2.05,D,0
24.04863,73.54319,335.43,0.42,0.61,2026-03-01,859,N20,VIIRS,n,2,303.21,2.56,D,0
24.36354,73.3844,356.38,0.41,0.61,2026-03-01,859,N20,VIIRS,n,2,307.25,23.39,D,0
24.36389,73.38841,367,0.41,0.61,2026-03-01,859,N20,VIIRS,h,2,306.39,29.34,D,0
24.43943,70.54012,335.7,0.55,0.51,2026-03-01,859,N20,VIIRS,l,2,310.64,5.02,D,0
24.61106,69.45483,338.1,0.47,0.48,2026-03-01,859,N20,VIIRS,l,2,311.09,2.48,D,0
24.62932,69.26176,335.04,0.46,0.47,2026-03-01,859,N20,VIIRS,l,2,308.67,1.48,D,0
24.64291,75.49102,330.44,0.57,0.69,2026-03-01,859,N20,VIIRS,l,2,302.1,4.21,D,0
24.64504,75.49262,330.06,0.57,0.69,2026-03-01,859,N20,VIIRS,l,2,301.57,3.32,D,0
24.64898,68.15584,339.24,0.39,0.44,2026-03-01,859,N20,VIIRS,l,2,312.24,17.36,D,0
24.95001,68.37348,333.66,0.41,0.45,2026-03-01,859,N20,VIIRS,n,2,307,2.35,D,0
25.00637,68.39069,336.12,0.41,0.45,2026-03-01,859,N20,VIIRS,n,2,307.22,4.02,D,0
25.13059,68.3542,339.21,0.41,0.45,2026-03-01,859,N20,VIIRS,n,2,308.54,1.98,D,0
25.23922,68.15096,348.94,0.4,0.44,2026-03-01,859,N20,VIIRS,n,2,315.96,4.38,D,0
25.57158,72.86726,337.48,0.4,0.6,2026-03-01,859,N20,VIIRS,n,2,305.51,2,D,0
25.36704,68.62035,332.65,0.43,0.46,2026-03-01,900,N20,VIIRS,l,2,305.51,4.68,D,0
25.3884,68.58298,332.33,0.43,0.46,2026-03-01,900,N20,VIIRS,n,2,304.8,1.8,D,2
25.43832,69.14529,343.29,0.46,0.47,2026-03-01,900,N20,VIIRS,n,2,305.29,4.8,D,0
25.48958,68.75811,338.86,0.44,0.46,2026-03-01,900,N20,VIIRS,n,2,305.1,4.06,D,0
25.65233,68.56238,330.91,0.43,0.46,2026-03-01,900,N20,VIIRS,n,2,305.27,2.51,D,0
25.6641,68.63061,341.61,0.43,0.46,2026-03-01,900,N20,VIIRS,n,2,305.66,7.81,D,0
25.66833,68.63005,343.49,0.43,0.46,2026-03-01,900,N20,VIIRS,n,2,307.85,7.81,D,0
25.71629,68.63691,340.45,0.43,0.46,2026-03-01,900,N20,VIIRS,n,2,303.9,5.42,D,0
25.74445,69.00719,340.02,0.46,0.47,2026-03-01,900,N20,VIIRS,n,2,310.47,35.18,D,0
25.82743,68.63255,344.85,0.43,0.46,2026-03-01,900,N20,VIIRS,n,2,303.98,17.47,D,0
25.9674,68.46319,344.58,0.43,0.46,2026-03-01,900,N20,VIIRS,n,2,305.64,87.36,D,0
25.97113,68.45837,367,0.43,0.46,2026-03-01,900,N20,VIIRS,h,2,329.52,87.36,D,0
25.9716,68.46262,345.77,0.43,0.46,2026-03-01,900,N20,VIIRS,n,2,305.02,87.36,D,0
25.99259,68.89718,339.56,0.45,0.47,2026-03-01,900,N20,VIIRS,n,2,306.76,3.39,D,0
26.00423,68.44965,349.26,0.43,0.46,2026-03-01,900,N20,VIIRS,n,2,304.89,7.26,D,0
26.09332,68.87963,335.57,0.45,0.47,2026-03-01,900,N20,VIIRS,n,2,309.05,2.25,D,2
26.19465,68.05248,332,0.41,0.45,2026-03-01,900,N20,VIIRS,n,2,305.66,1.58,D,0
26.28074,68.42758,341,0.43,0.46,2026-03-01,900,N20,VIIRS,n,2,305.32,4.52,D,0
26.28633,68.40072,341.36,0.43,0.46,2026-03-01,900,N20,VIIRS,n,2,307.06,5.73,D,0
26.41617,68.1112,342.42,0.41,0.45,2026-03-01,900,N20,VIIRS,n,2,306.56,7.81,D,0
26.4465,68.09898,333.16,0.41,0.45,2026-03-01,900,N20,VIIRS,n,2,306.3,4.29,D,0
26.44696,68.10313,341.5,0.41,0.45,2026-03-01,900,N20,VIIRS,n,2,306.57,4.29,D,0
26.57096,68.33463,338.28,0.43,0.46,2026-03-01,900,N20,VIIRS,n,2,304.02,4.73,D,0
26.62641,68.29684,342.37,0.42,0.46,2026-03-01,900,N20,VIIRS,n,2,305.22,5.52,D,0
26.68087,68.20384,339.08,0.42,0.45,2026-03-01,900,N20,VIIRS,n,2,311.23,4.04,D,0
26.68504,68.20329,337.68,0.42,0.45,2026-03-01,900,N20,VIIRS,l,2,309.38,4.04,D,0
27.36743,68.4501,337.1,0.44,0.46,2026-03-01,900,N20,VIIRS,n,2,306.03,4.01,D,0
27.46428,68.43458,341.04,0.44,0.46,2026-03-01,900,N20,VIIRS,n,2,303.18,4.9,D,0
27.51994,71.29945,336.65,0.33,0.55,2026-03-01,900,N20,VIIRS,l,2,310.56,1.84,D,0
27.73912,68.59538,334.47,0.46,0.47,2026-03-01,900,N20,VIIRS,n,2,301.47,2.57,D,0
28.04175,69.22797,346.18,0.5,0.49,2026-03-01,900,N20,VIIRS,n,2,305.78,18.13,D,0
28.04286,69.22494,340.06,0.5,0.49,2026-03-01,900,N20,VIIRS,n,2,305.52,18,D,0
28.04657,69.07554,333.39,0.49,0.49,2026-03-01,900,N20,VIIRS,n,2,300.96,2.76,D,0
28.05369,69.29951,335.12,0.51,0.49,2026-03-01,900,N20,VIIRS,n,2,301.94,2.69,D,0
28.05481,69.30175,331.14,0.51,0.49,2026-03-01,900,N20,VIIRS,l,2,301.58,4.5,D,0
28.23001,69.77946,343.84,0.54,0.51,2026-03-01,900,N20,VIIRS,n,2,301.81,7.96,D,0
28.37734,69.80953,337.41,0.55,0.51,2026-03-01,900,N20,VIIRS,n,2,300.53,3.27,D,0
28.492,69.99722,332.85,0.57,0.52,2026-03-01,900,N20,VIIRS,n,2,299.95,4.19,D,0
28.69264,70.32834,341.78,0.59,0.53,2026-03-01,900,N20,VIIRS,n,2,301.33,9.11,D,0
28.69538,70.32693,340.22,0.6,0.53,2026-03-01,900,N20,VIIRS,n,2,300.62,4.94,D,0
28.73501,70.32873,330.98,0.6,0.53,2026-03-01,900,N20,VIIRS,n,2,299.96,3.5,D,0
28.92725,76.8115,334.78,0.74,0.76,2026-03-01,900,N20,VIIRS,n,2,294.49,5.26,D,0
28.93138,76.8124,367,0.74,0.76,2026-03-01,900,N20,VIIRS,h,2,297.18,22.69,D,0
28.99709,71.02164,330.53,0.33,0.55,2026-03-01,900,N20,VIIRS,n,2,301.15,1.89,D,0
29.02927,70.91553,338.95,0.33,0.55,2026-03-01,900,N20,VIIRS,n,2,300.07,3.61,D,0
29.03435,70.91502,347.89,0.33,0.55,2026-03-01,900,N20,VIIRS,n,2,299.24,3.61,D,0
29.06327,71.07041,355.87,0.33,0.56,2026-03-01,900,N20,VIIRS,n,2,307.31,13,D,0
29.06549,71.06882,353.57,0.33,0.56,2026-03-01,900,N20,VIIRS,n,2,305.52,6.16,D,0
29.06576,71.07226,367,0.33,0.56,2026-03-01,900,N20,VIIRS,h,2,300,6.16,D,0
29.26851,75.7261,332.49,0.64,0.72,2026-03-01,900,N20,VIIRS,n,2,297.88,7.24,D,0
29.27165,75.72943,330.23,0.64,0.72,2026-03-01,900,N20,VIIRS,n,2,297.18,6.64,D,0
29.2929,71.46707,342.83,0.35,0.57,2026-03-01,901,N20,VIIRS,n,2,300.05,2.6,D,0
29.30805,71.25953,367,0.34,0.56,2026-03-01,901,N20,VIIRS,h,2,299.34,5.35,D,0
29.37785,71.96277,330.17,0.38,0.59,2026-03-01,901,N20,VIIRS,l,2,302.67,1.91,D,0
29.62856,69.51942,332.82,0.55,0.51,2026-03-01,901,N20,VIIRS,n,2,305.93,3.58,D,0
29.77975,71.01192,367,0.34,0.56,2026-03-01,901,N20,VIIRS,h,2,303.02,10.24,D,0
29.80296,77.19194,338.21,0.8,0.78,2026-03-01,901,N20,VIIRS,n,2,295.88,7.36,D,0
29.88256,69.70432,346.87,0.56,0.52,2026-03-01,901,N20,VIIRS,n,2,303.55,5.16,D,0
29.89412,70.86323,353.19,0.33,0.55,2026-03-01,901,N20,VIIRS,n,2,302.59,3.71,D,0
29.89669,70.86163,367,0.33,0.55,2026-03-01,901,N20,VIIRS,h,2,303.39,6.19,D,0
29.89924,70.86272,335.73,0.33,0.55,2026-03-01,901,N20,VIIRS,n,2,302.54,3.71,D,0
29.95328,69.52314,343.41,0.55,0.51,2026-03-01,901,N20,VIIRS,n,2,305.95,8.2,D,0
30.00129,69.57756,337.06,0.56,0.51,2026-03-01,901,N20,VIIRS,n,2,301.13,5.21,D,0
30.27975,71.02951,336.21,0.34,0.56,2026-03-01,901,N20,VIIRS,n,2,300.32,2,D,0
30.29675,71.04594,349.18,0.34,0.56,2026-03-01,901,N20,VIIRS,n,2,300.24,2.85,D,0
30.47227,69.98533,337.46,0.6,0.53,2026-03-01,901,N20,VIIRS,n,2,303.3,5.73,D,0
31.02341,70.92909,334.06,0.34,0.56,2026-03-01,901,N20,VIIRS,n,2,301.01,2.15,D,0
31.10456,70.87929,338.97,0.34,0.56,2026-03-01,901,N20,VIIRS,n,2,301.51,7.87,D,0
31.10484,70.8829,367,0.34,0.56,2026-03-01,901,N20,VIIRS,h,2,300.48,8.47,D,0
31.1344,72.21978,351.22,0.41,0.61,2026-03-01,901,N20,VIIRS,n,2,299.15,5.49,D,0
31.29053,73.39017,330.88,0.49,0.65,2026-03-01,901,N20,VIIRS,n,2,297.73,2.54,D,0
31.33235,70.61834,352.75,0.33,0.55,2026-03-01,901,N20,VIIRS,n,2,304.12,11.94,D,0
31.33263,70.62186,367,0.33,0.55,2026-03-01,901,N20,VIIRS,h,2,299.58,12.29,D,0
31.36638,70.7645,350.68,0.34,0.56,2026-03-01,901,N20,VIIRS,n,2,299.75,3.47,D,0
31.36664,69.81404,334.66,0.6,0.53,2026-03-01,901,N20,VIIRS,n,2,301.73,3.8,D,0
31.37007,70.76524,342.26,0.34,0.56,2026-03-01,901,N20,VIIRS,n,2,299.86,3.55,D,0
31.57889,70.77724,367,0.34,0.56,2026-03-01,901,N20,VIIRS,h,2,304.22,11.09,D,0
31.58276,70.77604,367,0.34,0.56,2026-03-01,901,N20,VIIRS,h,2,303.49,9.87,D,0
31.60367,72.68338,333.87,0.44,0.63,2026-03-01,901,N20,VIIRS,n,2,297,2.91,D,0
31.6285,71.0254,342.46,0.35,0.57,2026-03-01,901,N20,VIIRS,n,2,301.93,3.66,D,0
31.62877,71.02916,331.14,0.35,0.57,2026-03-01,901,N20,VIIRS,n,2,302.2,3.36,D,0
31.67576,70.94933,350.42,0.35,0.57,2026-03-01,901,N20,VIIRS,n,2,304.34,5.24,D,0
31.73001,71.03915,339.85,0.35,0.57,2026-03-01,901,N20,VIIRS,n,2,303.63,3.08,D,0
31.78759,70.73763,345.2,0.34,0.56,2026-03-01,901,N20,VIIRS,n,2,303.22,5,D,0
31.79157,70.73823,345.81,0.34,0.56,2026-03-01,901,N20,VIIRS,n,2,300.65,3.64,D,0
31.86275,73.12668,330.77,0.47,0.64,2026-03-01,901,N20,VIIRS,n,2,298.32,2.9,D,0
31.8665,70.7445,367,0.34,0.56,2026-03-01,901,N20,VIIRS,h,2,301.67,7.75,D,0
31.87253,70.75494,367,0.34,0.56,2026-03-01,901,N20,VIIRS,h,2,302.96,8.56,D,0
31.96581,70.46012,330.01,0.33,0.55,2026-03-01,901,N20,VIIRS,n,2,303.96,1.71,D,0
32.11608,75.1539,330.99,0.63,0.72,2026-03-01,901,N20,VIIRS,n,2,299.23,3.45,D,0
32.15893,71.12833,344.56,0.36,0.58,2026-03-01,901,N20,VIIRS,n,2,300.5,3.66,D,0
32.23305,70.3401,350.26,0.33,0.55,2026-03-01,901,N20,VIIRS,n,2,303.74,3.73,D,0
32.26976,72.12484,332.65,0.42,0.61,2026-03-01,901,N20,VIIRS,n,2,298.86,2.32,D,0
32.27913,72.00799,344.98,0.41,0.61,2026-03-01,901,N20,VIIRS,n,2,298.53,3.32,D,0
32.38358,75.21156,331.55,0.63,0.72,2026-03-01,901,N20,VIIRS,n,2,298.31,4.58,D,0
32.38679,75.21111,336.46,0.63,0.72,2026-03-01,901,N20,VIIRS,n,2,299.62,4.26,D,0
32.41533,71.55486,342.33,0.39,0.59,2026-03-01,901,N20,VIIRS,n,2,305.66,13.63,D,0
32.4156,71.55903,355.36,0.39,0.59,2026-03-01,901,N20,VIIRS,n,2,311.21,13.63,D,0
32.44939,76.59292,367,0.77,0.77,2026-03-01,901,N20,VIIRS,h,2,294.24,16.69,D,0
32.492,71.54832,332.66,0.39,0.59,2026-03-01,901,N20,VIIRS,n,2,299.81,1.67,D,0
32.70336,73.53376,332.76,0.51,0.66,2026-03-01,901,N20,VIIRS,n,2,294.79,5.24,D,0
32.70367,72.73027,334.37,0.46,0.63,2026-03-01,901,N20,VIIRS,n,2,298.17,7.8,D,0
32.71538,72.72883,335.87,0.46,0.63,2026-03-01,901,N20,VIIRS,n,2,297.08,4.97,D,0
32.78321,74.46203,331.78,0.58,0.7,2026-03-01,901,N20,VIIRS,n,2,301.79,4.28,D,0
32.7894,74.45541,355.76,0.58,0.69,2026-03-01,901,N20,VIIRS,n,2,303.18,18.11,D,0
32.78967,74.46169,367,0.58,0.7,2026-03-01,901,N20,VIIRS,h,2,302.73,18.11,D,0
32.83217,73.28167,350.28,0.49,0.65,2026-03-01,901,N20,VIIRS,n,2,303.86,6.1,D,0
32.83824,73.28141,347.48,0.49,0.65,2026-03-01,901,N20,VIIRS,n,2,302.53,6.24,D,0
32.84214,72.49812,334.21,0.44,0.63,2026-03-01,902,N20,VIIRS,n,2,302.66,2.07,D,0
32.92692,73.08672,343.68,0.48,0.65,2026-03-01,902,N20,VIIRS,n,2,301.09,5.29,D,0
32.92719,73.09195,339.61,0.48,0.65,2026-03-01,902,N20,VIIRS,n,2,299.52,5.29,D,0
32.9338,74.00328,332.99,0.54,0.68,2026-03-01,902,N20,VIIRS,n,2,302.12,2.67,D,0
32.96718,74.04256,367,0.55,0.68,2026-03-01,902,N20,VIIRS,h,2,307.55,16.21,D,0
32.96745,74.04859,332.43,0.55,0.68,2026-03-01,902,N20,VIIRS,n,2,302.04,9.55,D,0
32.96784,72.15112,340.92,0.42,0.61,2026-03-01,902,N20,VIIRS,n,2,304.19,2.85,D,0
33.01081,72.8082,367,0.46,0.64,2026-03-01,902,N20,VIIRS,h,2,302.07,9.35,D,0
33.04492,74.01555,329.9,0.55,0.68,2026-03-01,902,N20,VIIRS,n,2,303.5,2.89,D,0
33.06756,72.46571,337.98,0.44,0.63,2026-03-01,902,N20,VIIRS,n,2,301.63,2.11,D,0
33.06768,72.4636,330.93,0.44,0.63,2026-03-01,902,N20,VIIRS,n,2,300.93,1.99,D,0
33.0696,72.83389,345.36,0.47,0.64,2026-03-01,902,N20,VIIRS,n,2,303.83,7.77,D,0
33.07174,72.83557,351.59,0.47,0.64,2026-03-01,902,N20,VIIRS,n,2,302.35,5.62,D,0
33.10276,72.46565,346.15,0.44,0.63,2026-03-01,902,N20,VIIRS,n,2,303.64,6.28,D,0
33.10775,72.35027,334.03,0.44,0.62,2026-03-01,902,N20,VIIRS,n,2,303.8,1.89,D,0
33.23289,73.04446,367,0.48,0.65,2026-03-01,902,N20,VIIRS,h,2,305.08,14.03,D,0
33.23315,73.04964,335.16,0.48,0.65,2026-03-01,902,N20,VIIRS,n,2,299.38,9.95,D,0
33.27899,71.52917,348.97,0.39,0.6,2026-03-01,902,N20,VIIRS,n,2,303.06,12.33,D,0
33.27929,71.53394,367,0.39,0.6,2026-03-01,902,N20,VIIRS,h,2,300.2,12.33,D,0
33.30271,72.18909,353.11,0.43,0.62,2026-03-01,902,N20,VIIRS,n,2,305.44,5.96,D,0
33.32718,70.32946,341.27,0.33,0.56,2026-03-01,902,N20,VIIRS,n,2,303.68,4.75,D,0
33.32747,70.3334,336.12,0.34,0.56,2026-03-01,902,N20,VIIRS,n,2,302.49,4.9,D,0
33.37937,72.51533,334.66,0.45,0.63,2026-03-01,902,N20,VIIRS,n,2,302.94,2.36,D,0
33.37984,72.51402,330.46,0.45,0.63,2026-03-01,902,N20,VIIRS,l,2,302.28,3.15,D,0
33.49444,70.21881,334.31,0.33,0.55,2026-03-01,902,N20,VIIRS,n,2,303.43,1.71,D,0
33.49956,70.21833,367,0.33,0.55,2026-03-01,902,N20,VIIRS,h,2,304.2,6.71,D,0
33.50013,70.22601,352.04,0.33,0.55,2026-03-01,902,N20,VIIRS,n,2,312.38,10.13,D,0
33.5004,70.22977,347.05,0.33,0.55,2026-03-01,902,N20,VIIRS,n,2,317.43,14.26,D,0
33.50068,70.23351,333.94,0.33,0.55,2026-03-01,902,N20,VIIRS,n,2,302.04,14.26,D,0
33.50496,70.22175,331.08,0.33,0.55,2026-03-01,902,N20,VIIRS,n,2,303.44,10.13,D,0
33.50524,70.22549,367,0.33,0.55,2026-03-01,902,N20,VIIRS,h,2,307.68,10.13,D,0
33.50552,70.22921,345.51,0.33,0.55,2026-03-01,902,N20,VIIRS,n,2,300.31,14.26,D,0
33.59651,70.30824,334.55,0.34,0.56,2026-03-01,902,N20,VIIRS,n,2,300.1,2.21,D,0
33.70095,70.21931,339.39,0.33,0.56,2026-03-01,902,N20,VIIRS,n,2,303.45,3.66,D,0
33.71117,70.21797,367,0.33,0.56,2026-03-01,902,N20,VIIRS,h,2,302.27,8.77,D,0
33.80923,72.26852,330.67,0.44,0.62,2026-03-01,902,N20,VIIRS,n,2,303.13,4.73,D,0
33.80949,72.27326,353.93,0.44,0.62,2026-03-01,902,N20,VIIRS,n,2,303.99,4.73,D,0
33.82943,72.53625,335.78,0.46,0.63,2026-03-01,902,N20,VIIRS,n,2,304.14,2.01,D,0
33.83888,73.22944,330.51,0.5,0.66,2026-03-01,902,N20,VIIRS,n,2,293.8,5.48,D,0
33.83945,73.2264,338.76,0.5,0.66,2026-03-01,902,N20,VIIRS,n,2,295.64,4.54,D,0
33.84567,69.93002,333.74,0.32,0.55,2026-03-01,902,N20,VIIRS,n,2,305.03,2.92,D,0
33.84675,69.93113,332.56,0.32,0.55,2026-03-01,902,N20,VIIRS,l,2,304.87,2.37,D,0
33.85121,72.72656,347.33,0.47,0.64,2026-03-01,902,N20,VIIRS,n,2,300.33,6.79,D,0
33.90529,70.19038,330.08,0.33,0.56,2026-03-01,902,N20,VIIRS,l,2,301.78,2.72,D,0
34.01951,75.02976,329.35,0.64,0.72,2026-03-01,902,N20,VIIRS,n,2,298.9,3.32,D,0
34.02283,75.02969,331.2,0.64,0.72,2026-03-01,902,N20,VIIRS,n,2,299.65,3.71,D,0
34.04562,74.12223,335.52,0.57,0.69,2026-03-01,902,N20,VIIRS,n,2,295.11,5.82,D,0
34.13828,73.99945,339.26,0.56,0.69,2026-03-01,902,N20,VIIRS,n,2,298.33,9.35,D,0
34.13844,74.0034,335.32,0.56,0.69,2026-03-01,902,N20,VIIRS,n,2,299.05,11.95,D,0
34.14433,73.99186,346.1,0.56,0.69,2026-03-01,902,N20,VIIRS,n,2,295.92,9.35,D,0
34.19892,73.70711,340.15,0.54,0.68,2026-03-01,902,N20,VIIRS,n,2,303.56,4.66,D,0
34.19916,73.71282,331.31,0.54,0.68,2026-03-01,902,N20,VIIRS,n,2,300.08,4.66,D,0
34.82551,74.43603,326.02,0.6,0.71,2026-03-01,902,N20,VIIRS,n,2,283.57,4.16,D,0
34.8871,72.89742,341.58,0.49,0.65,2026-03-01,902,N20,VIIRS,n,2,302.72,8.46,D,0
34.88871,72.89441,338.67,0.49,0.65,2026-03-01,902,N20,VIIRS,n,2,304.05,12.18,D,0
34.88888,72.89824,367,0.49,0.65,2026-03-01,902,N20,VIIRS,h,2,304.58,8.4,D,0
34.89487,72.89714,331.88,0.49,0.65,2026-03-01,902,N20,VIIRS,n,2,292.38,8.4,D,0
31.9598,77.03405,300.08,0.61,0.71,2026-03-01,1943,N20,VIIRS,n,2,278.58,1.35,N,0
32.14017,76.48081,296.41,0.65,0.73,2026-03-01,1943,N20,VIIRS,n,2,282.18,1.75,N,0
27.78369,85.88501,304.13,0.5,0.41,2026-03-01,1944,N20,VIIRS,n,2,283.39,1.66,N,0
27.78592,85.88426,308.45,0.5,0.41,2026-03-01,1944,N20,VIIRS,n,2,283.79,1.63,N,0
28.2116,83.60447,300.6,0.44,0.46,2026-03-01,1944,N20,VIIRS,n,2,283.81,0.67,N,0
28.21566,83.60696,296.76,0.44,0.46,2026-03-01,1944,N20,VIIRS,n,2,282.97,0.67,N,0
28.47095,83.38793,299.86,0.46,0.47,2026-03-01,1944,N20,VIIRS,n,2,282.94,1.36,N,0
28.47156,83.38231,296.7,0.46,0.47,2026-03-01,1944,N20,VIIRS,n,2,282.26,1.36,N,0
28.78473,77.68276,304.01,0.52,0.67,2026-03-01,1944,N20,VIIRS,n,2,286.69,0.76,N,0
28.78527,77.68219,304.63,0.52,0.67,2026-03-01,1944,N20,VIIRS,n,2,286.87,0.88,N,0
29.224,88.3516,301.68,0.41,0.37,2026-03-01,1944,N20,VIIRS,n,2,273.77,1.42,N,2
29.26227,91.92456,295.97,0.4,0.37,2026-03-01,1944,N20,VIIRS,n,2,273.63,1.51,N,2
29.40304,79.49339,295.26,0.41,0.6,2026-03-01,1944,N20,VIIRS,n,2,282.26,0.49,N,0
29.4078,79.49187,295.5,0.41,0.6,2026-03-01,1944,N20,VIIRS,n,2,281.82,0.82,N,0
29.5272,79.29342,310.62,0.42,0.61,2026-03-01,1944,N20,VIIRS,n,2,282.49,0.79,N,0
29.53875,79.82349,295.92,0.39,0.59,2026-03-01,1944,N20,VIIRS,n,2,284.2,0.78,N,0
29.54408,79.8259,305.92,0.39,0.59,2026-03-01,1944,N20,VIIRS,n,2,284.64,0.78,N,0
29.54434,79.82253,296.56,0.39,0.59,2026-03-01,1944,N20,VIIRS,n,2,283.65,0.78,N,0
29.66049,80.04024,308.95,0.38,0.59,2026-03-01,1944,N20,VIIRS,n,2,282.02,1.69,N,0
29.66256,80.04042,299.77,0.38,0.59,2026-03-01,1944,N20,VIIRS,n,2,282.89,1.03,N,0
29.66281,80.03704,302.95,0.38,0.59,2026-03-01,1944,N20,VIIRS,n,2,282.46,0.8,N,0
29.69724,79.10739,296.98,0.43,0.62,2026-03-01,1944,N20,VIIRS,n,2,284.67,0.59,N,0
29.72433,80.69115,299.5,0.35,0.56,2026-03-01,1944,N20,VIIRS,n,2,284.16,1.23,N,0
29.72822,80.69399,299.42,0.35,0.56,2026-03-01,1944,N20,VIIRS,n,2,282.79,1.06,N,0
29.7284,80.69183,300.29,0.35,0.56,2026-03-01,1944,N20,VIIRS,n,2,282.9,0.9,N,0
29.72948,80.69263,301.46,0.35,0.56,2026-03-01,1944,N20,VIIRS,n,2,283.13,1.28,N,0
29.74086,81.29962,313.06,0.32,0.54,2026-03-01,1944,N20,VIIRS,n,2,280.15,1.66,N,0
29.77279,79.03643,302.58,0.44,0.62,2026-03-01,1944,N20,VIIRS,n,2,284.38,1.89,N,0
29.77309,79.03208,315.56,0.44,0.62,2026-03-01,1944,N20,VIIRS,n,2,284.4,2.48,N,0
29.77753,80.80949,296.47,0.34,0.56,2026-03-01,1944,N20,VIIRS,n,2,284.03,0.86,N,0
29.91207,79.36961,297.76,0.42,0.61,2026-03-01,1944,N20,VIIRS,n,2,282.03,1.52,N,0
29.91496,79.37226,296.6,0.42,0.61,2026-03-01,1944,N20,VIIRS,n,2,282.38,0.66,N,0
30.33117,78.81591,295.81,0.46,0.63,2026-03-01,1944,N20,VIIRS,n,2,281.49,0.6,N,0
30.39586,78.60735,296.05,0.47,0.64,2026-03-01,1944,N20,VIIRS,n,2,283.35,0.6,N,0
30.94643,77.59965,306.5,0.55,0.68,2026-03-01,1944,N20,VIIRS,n,2,278.56,1.08,N,0
30.9493,77.77491,310.22,0.54,0.68,2026-03-01,1944,N20,VIIRS,n,2,281.73,2.76,N,0
30.95367,77.7783,303.43,0.54,0.68,2026-03-01,1944,N20,VIIRS,n,2,281.21,1.97,N,0
30.95388,77.77424,297.85,0.54,0.68,2026-03-01,1944,N20,VIIRS,n,2,281.08,1.9,N,0
30.96304,77.83878,304.16,0.53,0.67,2026-03-01,1944,N20,VIIRS,n,2,281.47,2,N,0
30.96448,77.83727,305.49,0.53,0.67,2026-03-01,1944,N20,VIIRS,n,2,282.08,1.73,N,0
31.29285,77.08915,306.59,0.59,0.7,2026-03-01,1944,N20,VIIRS,n,2,282.45,5.59,N,0
31.29354,77.0751,351.88,0.59,0.7,2026-03-01,1944,N20,VIIRS,n,2,284.29,5.59,N,0
31.29947,77.08603,295.36,0.59,0.7,2026-03-01,1944,N20,VIIRS,n,2,281.9,0.67,N,0
31.29948,77.08696,296.22,0.59,0.7,2026-03-01,1944,N20,VIIRS,n,2,282,0.91,N,0
31.56928,77.80494,300.87,0.54,0.68,2026-03-01,1944,N20,VIIRS,n,2,279.76,1.77,N,0
31.56946,77.80173,305.78,0.54,0.68,2026-03-01,1944,N20,VIIRS,n,2,278.65,1.93,N,0
31.57562,77.80382,310.82,0.54,0.68,2026-03-01,1944,N20,VIIRS,n,2,280.79,3.9,N,0
31.57578,77.80093,308.01,0.54,0.68,2026-03-01,1944,N20,VIIRS,n,2,280.02,1.97,N,0
31.57596,77.79756,297.84,0.54,0.68,2026-03-01,1944,N20,VIIRS,n,2,279.1,1.97,N,0
31.57615,77.79418,305.37,0.54,0.68,2026-03-01,1944,N20,VIIRS,n,2,277.89,1.87,N,0
31.96073,77.03268,306.75,0.61,0.71,2026-03-01,1944,N20,VIIRS,n,2,277.64,2.01,N,0
21.9681,96.97702,298.32,0.6,0.53,2026-03-01,1945,N20,VIIRS,n,2,287.55,1.17,N,0
22.03237,96.69933,303.79,0.57,0.52,2026-03-01,1945,N20,VIIRS,n,2,287.53,1.45,N,0
22.06414,96.68872,298.66,0.57,0.52,2026-03-01,1945,N20,VIIRS,n,2,288.42,1.29,N,0
22.09908,96.36082,308.14,0.54,0.51,2026-03-01,1945,N20,VIIRS,n,2,290.97,1.56,N,0
22.11713,96.27487,300.94,0.54,0.51,2026-03-01,1945,N20,VIIRS,n,2,290.34,0.79,N,0
22.1435,96.24014,314.32,0.53,0.5,2026-03-01,1945,N20,VIIRS,n,2,288.15,2.36,N,0
22.16824,96.90387,300.85,0.59,0.53,2026-03-01,1945,N20,VIIRS,n,2,281.39,1.21,N,0
22.20387,96.36158,302.41,0.54,0.51,2026-03-01,1945,N20,VIIRS,n,2,290.81,0.51,N,0
22.20511,96.3592,303.5,0.54,0.51,2026-03-01,1945,N20,VIIRS,n,2,290.55,1.71,N,0
22.219,96.40405,300.94,0.55,0.51,2026-03-01,1945,N20,VIIRS,n,2,290.56,1,N,0
22.21994,96.39956,307.81,0.54,0.51,2026-03-01,1945,N20,VIIRS,n,2,291.15,1.51,N,0
22.22087,96.39513,308.33,0.54,0.51,2026-03-01,1945,N20,VIIRS,n,2,292.16,1.51,N,0
22.22535,96.39671,305.72,0.54,0.51,2026-03-01,1945,N20,VIIRS,n,2,291.52,1.15,N,0
22.25976,97.99209,304.24,0.34,0.56,2026-03-01,1945,N20,VIIRS,n,2,282.56,0.64,N,0
22.27277,96.73857,301.37,0.57,0.52,2026-03-01,1945,N20,VIIRS,n,2,284.17,0.69,N,0
22.30892,96.63624,296.67,0.56,0.52,2026-03-01,1945,N20,VIIRS,n,2,282.42,0.63,N,0
22.32817,96.99527,295.31,0.59,0.53,2026-03-01,1945,N20,VIIRS,n,2,284.12,0.87,N,0
22.33691,96.50201,312.8,0.55,0.51,2026-03-01,1945,N20,VIIRS,n,2,284.13,2.73,N,0
22.33946,96.37435,303.62,0.54,0.51,2026-03-01,1945,N20,VIIRS,n,2,290.42,2.5,N,0
22.34374,97.67513,296.24,0.33,0.55,2026-03-01,1945,N20,VIIRS,n,2,281.58,0.64,N,0
22.34438,97.67215,299.48,0.33,0.55,2026-03-01,1945,N20,VIIRS,n,2,281.4,0.62,N,0
22.37285,96.35194,306.42,0.54,0.51,2026-03-01,1945,N20,VIIRS,n,2,287.04,1.41,N,0
22.37444,96.36741,300.2,0.54,0.51,2026-03-01,1945,N20,VIIRS,n,2,285.35,0.45,N,0
22.3756,96.5724,306.83,0.56,0.51,2026-03-01,1945,N20,VIIRS,n,2,285.15,1.77,N,0
22.37911,96.56998,320.33,0.55,0.51,2026-03-01,1945,N20,VIIRS,n,2,285.84,2.57,N,0
22.38022,96.57349,303.86,0.56,0.51,2026-03-01,1945,N20,VIIRS,n,2,284.88,1.77,N,0
22.39022,96.36045,301.53,0.54,0.51,2026-03-01,1945,N20,VIIRS,n,2,288.61,1.21,N,0
22.3938,96.36632,300.89,0.54,0.51,2026-03-01,1945,N20,VIIRS,n,2,289.94,1.21,N,0
22.39777,96.61955,298.38,0.56,0.51,2026-03-01,1945,N20,VIIRS,n,2,283.47,1.32,N,0
22.4341,96.21568,305.83,0.53,0.5,2026-03-01,1945,N20,VIIRS,n,2,291.09,1.19,N,0
22.44886,94.58639,318.57,0.42,0.45,2026-03-01,1945,N20,VIIRS,n,2,290.85,1.26,N,0
22.44959,94.58275,307.2,0.42,0.45,2026-03-01,1945,N20,VIIRS,n,2,289.46,1.26,N,0
22.45852,96.23524,300.5,0.53,0.5,2026-03-01,1945,N20,VIIRS,n,2,288.42,0.95,N,0
22.46358,96.14673,304.56,0.52,0.5,2026-03-01,1945,N20,VIIRS,n,2,291.85,1.32,N,0
22.46397,94.5532,301.54,0.42,0.45,2026-03-01,1945,N20,VIIRS,n,2,290.36,0.54,N,0
22.49143,94.47866,299.57,0.41,0.45,2026-03-01,1945,N20,VIIRS,n,2,288.26,0.45,N,0
22.49366,94.532,299.86,0.41,0.45,2026-03-01,1945,N20,VIIRS,n,2,288.09,1.06,N,0
22.497,96.07666,300.31,0.51,0.5,2026-03-01,1945,N20,VIIRS,n,2,289.93,1.06,N,0
22.49775,94.72945,301.91,0.42,0.46,2026-03-01,1945,N20,VIIRS,n,2,290.18,1,N,0
22.53029,94.54008,302.22,0.41,0.45,2026-03-01,1945,N20,VIIRS,n,2,289.79,0.41,N,0
22.53251,94.52868,300.21,0.41,0.45,2026-03-01,1945,N20,VIIRS,n,2,288.33,0.49,N,0
22.53325,94.52486,301.71,0.41,0.45,2026-03-01,1945,N20,VIIRS,n,2,288.91,1.28,N,0
22.53437,94.54097,300.66,0.41,0.45,2026-03-01,1945,N20,VIIRS,n,2,289.54,0.45,N,0
22.57229,96.12827,298.65,0.52,0.5,2026-03-01,1945,N20,VIIRS,n,2,286.55,0.55,N,0
22.57593,94.60635,299.74,0.42,0.45,2026-03-01,1945,N20,VIIRS,n,2,289.33,0.31,N,0
22.5784,96.30249,298.3,0.53,0.5,2026-03-01,1945,N20,VIIRS,n,2,287.45,0.75,N,0
22.5856,94.42836,310.84,0.41,0.45,2026-03-01,1945,N20,VIIRS,n,2,290.86,0.89,N,0
22.59756,93.97688,312.74,0.38,0.43,2026-03-01,1945,N20,VIIRS,n,2,291.87,1.19,N,0
22.59824,93.97337,300.28,0.38,0.43,2026-03-01,1945,N20,VIIRS,n,2,289.84,1.19,N,0
22.60218,93.97416,321.51,0.38,0.43,2026-03-01,1945,N20,VIIRS,n,2,290.85,4.11,N,0
22.6054,93.97871,333.16,0.38,0.43,2026-03-01,1945,N20,VIIRS,n,2,292.35,4.11,N,0
22.61173,93.98842,305.77,0.38,0.43,2026-03-01,1945,N20,VIIRS,n,2,288.93,0.76,N,0
22.62103,93.98266,304.58,0.38,0.43,2026-03-01,1945,N20,VIIRS,n,2,290.67,1.49,N,0
22.64117,94.00596,304.42,0.38,0.43,2026-03-01,1945,N20,VIIRS,n,2,288.86,0.99,N,0
22.6419,94.00212,301.52,0.38,0.43,2026-03-01,1945,N20,VIIRS,n,2,287.79,1.01,N,0
22.64585,94.0029,306.89,0.38,0.43,2026-03-01,1945,N20,VIIRS,n,2,291.27,1.28,N,0
22.65544,94.43802,300.92,0.41,0.45,2026-03-01,1945,N20,VIIRS,n,2,289.79,0.88,N,0
22.66859,94.71272,304.37,0.42,0.45,2026-03-01,1945,N20,VIIRS,n,2,290.19,1.23,N,0
22.67245,95.93731,297.24,0.5,0.49,2026-03-01,1945,N20,VIIRS,n,2,281.82,1.07,N,0
22.72514,94.31464,300.27,0.4,0.44,2026-03-01,1945,N20,VIIRS,n,2,288.7,0.69,N,0
22.74447,93.97432,303.48,0.57,0.43,2026-03-01,1945,N20,VIIRS,n,2,290.99,1.38,N,0
22.77787,93.97039,302.54,0.57,0.43,2026-03-01,1945,N20,VIIRS,n,2,291.63,1.03,N,0
22.78769,95.08259,299.8,0.44,0.46,2026-03-01,1945,N20,VIIRS,n,2,288.53,0.57,N,0
22.79335,93.97491,310.93,0.57,0.43,2026-03-01,1945,N20,VIIRS,n,2,291.28,1.93,N,0
22.79608,93.97744,311.24,0.57,0.43,2026-03-01,1945,N20,VIIRS,n,2,291.74,2.02,N,0
22.79724,93.9715,309.07,0.57,0.43,2026-03-01,1945,N20,VIIRS,n,2,291.09,1.18,N,0
22.79725,93.9759,314.43,0.57,0.43,2026-03-01,1945,N20,VIIRS,n,2,292,1.93,N,0
22.82186,93.97081,308.9,0.57,0.43,2026-03-01,1945,N20,VIIRS,n,2,291.91,1.4,N,0
22.85772,94.65524,306.77,0.41,0.45,2026-03-01,1945,N20,VIIRS,n,2,291.2,1.15,N,0
22.86584,94.65721,300.36,0.41,0.45,2026-03-01,1945,N20,VIIRS,n,2,290.04,0.58,N,0
22.86882,96.00324,309.95,0.5,0.49,2026-03-01,1945,N20,VIIRS,n,2,288.66,2,N,0
22.87066,94.65428,301.22,0.41,0.45,2026-03-01,1945,N20,VIIRS,n,2,289.34,0.58,N,0
22.88269,94.1172,302.14,0.39,0.44,2026-03-01,1945,N20,VIIRS,n,2,290.57,1.15,N,0
22.88673,94.11755,310.44,0.39,0.44,2026-03-01,1945,N20,VIIRS,n,2,291.1,1.43,N,0
22.92064,95.79462,302.26,0.48,0.48,2026-03-01,1945,N20,VIIRS,n,2,287.73,0.99,N,0
22.9837,95.86629,297.06,0.49,0.48,2026-03-01,1945,N20,VIIRS,n,2,284.66,0.67,N,0
23.02253,96.01421,296.63,0.5,0.49,2026-03-01,1945,N20,VIIRS,n,2,286.61,1.05,N,0
23.05257,95.95657,301.41,0.49,0.49,2026-03-01,1945,N20,VIIRS,n,2,288.73,1.03,N,0
23.08035,96.15366,302.45,0.51,0.49,2026-03-01,1945,N20,VIIRS,n,2,287.38,1.35,N,0
23.10098,95.8286,300.07,0.48,0.48,2026-03-01,1945,N20,VIIRS,n,2,288.39,0.53,N,0
23.13413,94.31261,309.98,0.39,0.44,2026-03-01,1945,N20,VIIRS,n,2,291.84,1.39,N,0
23.16846,96.7638,299.93,0.55,0.51,2026-03-01,1945,N20,VIIRS,n,2,287.79,1.32,N,0
23.19145,93.57026,295.54,0.53,0.42,2026-03-01,1945,N20,VIIRS,n,2,283.08,0.43,N,0
23.25453,93.74055,296.89,0.54,0.42,2026-03-01,1945,N20,VIIRS,n,2,283.87,0.43,N,0
23.30993,94.30083,307.44,0.39,0.44,2026-03-01,1945,N20,VIIRS,n,2,292.01,1.12,N,0
23.3157,95.69024,300.29,0.47,0.48,2026-03-01,1945,N20,VIIRS,n,2,289.69,0.67,N,0
23.36857,93.80051,295.46,0.55,0.42,2026-03-01,1945,N20,VIIRS,n,2,284.49,1.07,N,0
23.37794,93.72893,296.27,0.54,0.42,2026-03-01,1945,N20,VIIRS,n,2,284.73,0.53,N,0
23.42882,95.62661,304.48,0.46,0.47,2026-03-01,1945,N20,VIIRS,n,2,285.84,0.59,N,0
23.46978,93.67493,308.59,0.54,0.42,2026-03-01,1945,N20,VIIRS,n,2,285.93,1.7,N,0
23.53461,94.35706,306.03,0.39,0.44,2026-03-01,1945,N20,VIIRS,n,2,290.56,1.11,N,0
23.55005,95.77797,299.93,0.47,0.48,2026-03-01,1945,N20,VIIRS,n,2,288.87,0.59,N,0
23.7016,95.35631,303.64,0.44,0.46,2026-03-01,1945,N20,VIIRS,n,2,290.44,1.71,N,0
23.71594,96.67628,308.51,0.53,0.5,2026-03-01,1945,N20,VIIRS,n,2,291.22,2.18,N,0
23.72956,95.63314,298.42,0.46,0.47,2026-03-01,1945,N20,VIIRS,n,2,287.74,0.57,N,0
23.8188,95.42824,309.06,0.44,0.46,2026-03-01,1945,N20,VIIRS,n,2,287.46,1.37,N,0
23.81922,95.4267,308.41,0.44,0.46,2026-03-01,1945,N20,VIIRS,n,2,288,1.55,N,0
23.87031,89.97253,305.14,0.39,0.36,2026-03-01,1945,N20,VIIRS,n,2,291.45,0.61,N,0
23.95998,94.50854,302.67,0.39,0.44,2026-03-01,1945,N20,VIIRS,n,2,290.26,0.96,N,0
23.96533,93.67754,327.86,0.53,0.42,2026-03-01,1945,N20,VIIRS,n,2,286.22,4.27,N,0
23.96799,94.50986,304.81,0.39,0.44,2026-03-01,1945,N20,VIIRS,n,2,291.11,1.19,N,0
23.97199,94.51051,310.31,0.39,0.44,2026-03-01,1945,N20,VIIRS,n,2,291.18,1.4,N,0
24.14544,86.33057,298.85,0.44,0.38,2026-03-01,1945,N20,VIIRS,n,2,288.3,1.41,N,2
24.16135,87.53255,304.53,0.4,0.37,2026-03-01,1945,N20,VIIRS,n,2,290.44,0.49,N,0
24.19348,94.80396,296.73,0.4,0.44,2026-03-01,1945,N20,VIIRS,n,2,286.51,0.34,N,0
24.19843,87.51498,318.01,0.4,0.37,2026-03-01,1945,N20,VIIRS,n,2,292.98,1.99,N,0
24.23564,87.48441,304.53,0.4,0.37,2026-03-01,1945,N20,VIIRS,n,2,289.59,0.55,N,0
24.25327,91.37692,302.59,0.42,0.37,2026-03-01,1945,N20,VIIRS,n,2,288.78,1.03,N,0
24.2588,97.24424,324.81,0.56,0.51,2026-03-01,1945,N20,VIIRS,n,2,286.92,4.38,N,0
24.38154,87.4645,303.9,0.4,0.37,2026-03-01,1945,N20,VIIRS,n,2,289.56,1.14,N,0
24.43608,92.68562,310.03,0.46,0.39,2026-03-01,1945,N20,VIIRS,n,2,290.61,1.09,N,0
24.44047,92.68182,308.17,0.46,0.39,2026-03-01,1945,N20,VIIRS,n,2,291.03,1.09,N,0
24.46631,87.43819,299.2,0.4,0.37,2026-03-01,1945,N20,VIIRS,n,2,287.62,0.86,N,0
24.46854,87.44666,299.83,0.4,0.37,2026-03-01,1945,N20,VIIRS,n,2,288.77,0.86,N,0
24.55958,92.76038,299.17,0.47,0.39,2026-03-01,1945,N20,VIIRS,n,2,288.89,0.32,N,0
24.71106,96.26552,297.97,0.48,0.48,2026-03-01,1945,N20,VIIRS,n,2,284.76,0.54,N,0
24.85928,93.74962,295.79,0.51,0.41,2026-03-01,1945,N20,VIIRS,n,2,284.11,1.02,N,0
24.98341,94.06361,311.3,0.53,0.42,2026-03-01,1945,N20,VIIRS,n,2,286.78,2.96,N,0
24.98443,94.0583,325.96,0.53,0.42,2026-03-01,1945,N20,VIIRS,n,2,286.89,2.96,N,0
25.03173,87.37459,304.15,0.41,0.37,2026-03-01,1945,N20,VIIRS,n,2,291.2,2.34,N,0
25.03231,87.37056,319.54,0.41,0.37,2026-03-01,1945,N20,VIIRS,n,2,291.92,2.23,N,0
25.03571,87.37117,318.19,0.41,0.37,2026-03-01,1945,N20,VIIRS,n,2,292.23,2.23,N,0
25.05014,87.55894,304.71,0.41,0.37,2026-03-01,1945,N20,VIIRS,n,2,289.46,0.79,N,0
25.15622,94.57525,295.84,0.56,0.43,2026-03-01,1945,N20,VIIRS,n,2,278.68,1.15,N,0
25.16147,87.73888,312.2,0.4,0.37,2026-03-01,1945,N20,VIIRS,n,2,289.61,0.95,N,0
25.162,94.56625,295.92,0.56,0.43,2026-03-01,1945,N20,VIIRS,n,2,278.67,2.01,N,0
25.16287,94.56173,320.31,0.56,0.43,2026-03-01,1945,N20,VIIRS,n,2,281.03,2.01,N,0
25.43681,86.06779,302.68,0.46,0.39,2026-03-01,1945,N20,VIIRS,n,2,291.13,0.94,N,0
25.60901,91.87147,296.52,0.42,0.38,2026-03-01,1945,N20,VIIRS,n,2,284.17,0.51,N,0
26.12279,91.00869,307.64,0.4,0.37,2026-03-01,1945,N20,VIIRS,n,2,288.8,0.96,N,0
26.28384,90.48784,303.19,0.39,0.36,2026-03-01,1945,N20,VIIRS,n,2,283.72,1.1,N,0
26.31742,89.89944,298.17,0.38,0.36,2026-03-01,1945,N20,VIIRS,n,2,287.7,0.33,N,0
26.64306,79.47771,309.99,0.38,0.59,2026-03-01,1945,N20,VIIRS,n,2,287.33,1.55,N,2
26.6434,79.47385,302.95,0.38,0.59,2026-03-01,1945,N20,VIIRS,n,2,285.59,1.01,N,2
26.64523,79.47568,314.03,0.38,0.59,2026-03-01,1945,N20,VIIRS,n,2,285.87,1.36,N,2
26.71633,87.00584,308.79,0.43,0.38,2026-03-01,1945,N20,VIIRS,n,2,285.92,0.88,N,0
26.75917,83.20498,301.37,0.45,0.47,2026-03-01,1945,N20,VIIRS,n,2,290.19,1.14,N,2
26.75967,83.20045,303.35,0.45,0.47,2026-03-01,1945,N20,VIIRS,n,2,293.03,1.14,N,2
27.13347,87.69823,308.47,0.42,0.37,2026-03-01,1945,N20,VIIRS,n,2,286.2,0.96,N,0
27.44039,84.29755,297.74,0.4,0.44,2026-03-01,1945,N20,VIIRS,n,2,285.7,0.41,N,0
27.44091,84.29682,298.67,0.4,0.44,2026-03-01,1945,N20,VIIRS,n,2,285.81,0.6,N,0
27.79183,83.79365,305.26,0.43,0.46,2026-03-01,1945,N20,VIIRS,n,2,285.31,1.37,N,0
27.79239,83.78868,298.63,0.43,0.46,2026-03-01,1945,N20,VIIRS,n,2,284.62,0.69,N,0
28.33925,77.2196,296.01,0.55,0.68,2026-03-01,1945,N20,VIIRS,n,2,284.67,0.19,N,2
28.34973,77.25444,301.63,0.54,0.68,2026-03-01,1945,N20,VIIRS,n,2,287.22,0.75,N,0
18.7094,95.04465,302.57,0.52,0.5,2026-03-01,1946,N20,VIIRS,n,2,291.24,0.67,N,0
18.75243,94.87299,307.15,0.51,0.49,2026-03-01,1946,N20,VIIRS,n,2,293.36,1.15,N,0
18.91096,94.91792,303.81,0.51,0.49,2026-03-01,1946,N20,VIIRS,n,2,291.76,1.54,N,0
18.95379,97.38049,301.67,0.37,0.58,2026-03-01,1946,N20,VIIRS,n,2,289.99,0.44,N,0
19.00217,94.73591,306.58,0.49,0.49,2026-03-01,1946,N20,VIIRS,n,2,292.39,1.26,N,0
19.03712,97.3472,310.12,0.36,0.58,2026-03-01,1946,N20,VIIRS,n,2,290.14,1.13,N,0
19.03761,97.34583,320.37,0.36,0.58,2026-03-01,1946,N20,VIIRS,n,2,290.13,1.41,N,0
19.03777,97.3441,307.96,0.36,0.58,2026-03-01,1946,N20,VIIRS,n,2,289.85,1.36,N,0
19.03826,97.34278,303.58,0.36,0.58,2026-03-01,1946,N20,VIIRS,n,2,289.83,1.34,N,0
19.03842,97.34096,318.96,0.36,0.58,2026-03-01,1946,N20,VIIRS,n,2,290.52,1.36,N,0
19.03893,97.33968,319.31,0.36,0.57,2026-03-01,1946,N20,VIIRS,n,2,290.09,1.34,N,0
19.03908,97.33782,308.47,0.36,0.58,2026-03-01,1946,N20,VIIRS,n,2,289.23,1.1,N,0
19.05215,97.32885,304.32,0.36,0.57,2026-03-01,1946,N20,VIIRS,n,2,289.26,0.33,N,0
19.07183,97.36395,302.82,0.36,0.58,2026-03-01,1946,N20,VIIRS,n,2,291.65,0.8,N,0
19.09894,97.36441,311.41,0.36,0.58,2026-03-01,1946,N20,VIIRS,n,2,292.04,1.15,N,0
19.09947,97.36189,301.9,0.36,0.58,2026-03-01,1946,N20,VIIRS,n,2,291.1,1.02,N,0
19.10347,95.85667,300.88,0.58,0.52,2026-03-01,1946,N20,VIIRS,n,2,289.79,0.88,N,0
19.13056,94.95963,304.48,0.51,0.49,2026-03-01,1946,N20,VIIRS,n,2,293.99,1.45,N,0
19.17351,94.67397,327.65,0.48,0.48,2026-03-01,1946,N20,VIIRS,n,2,293.87,3.59,N,0
19.17613,96.44836,328.49,0.63,0.54,2026-03-01,1946,N20,VIIRS,n,2,291.38,4.54,N,0
19.18667,95.41669,303.08,0.54,0.51,2026-03-01,1946,N20,VIIRS,n,2,291.99,1.13,N,0
19.19585,95.08726,301.53,0.51,0.5,2026-03-01,1946,N20,VIIRS,n,2,291.27,0.9,N,0
19.24952,95.72096,302.15,0.56,0.52,2026-03-01,1946,N20,VIIRS,n,2,290.29,1,N,0
19.2537,94.82135,302.03,0.49,0.49,2026-03-01,1946,N20,VIIRS,n,2,290.44,0.8,N,0
19.30315,95.70782,316.59,0.56,0.51,2026-03-01,1946,N20,VIIRS,n,2,292.49,3.77,N,0
19.32614,96.39803,301.62,0.62,0.54,2026-03-01,1946,N20,VIIRS,n,2,291.59,1.88,N,0
19.3295,94.87986,300.49,0.5,0.49,2026-03-01,1946,N20,VIIRS,n,2,290,0.51,N,0
19.33317,94.87823,303.34,0.49,0.49,2026-03-01,1946,N20,VIIRS,n,2,290.93,0.85,N,0
19.34786,96.39117,308.57,0.62,0.54,2026-03-01,1946,N20,VIIRS,n,2,291.38,1.75,N,0
19.35117,96.38808,305.36,0.62,0.54,2026-03-01,1946,N20,VIIRS,n,2,290.57,0.72,N,0
19.35808,95.31745,301.66,0.53,0.5,2026-03-01,1946,N20,VIIRS,n,2,290.06,0.55,N,0
19.35905,95.31532,302.66,0.53,0.5,2026-03-01,1946,N20,VIIRS,n,2,290.41,0.47,N,0
19.36357,94.65623,302.07,0.48,0.48,2026-03-01,1946,N20,VIIRS,n,2,290.76,0.57,N,0
19.38082,94.98679,302.8,0.5,0.49,2026-03-01,1946,N20,VIIRS,n,2,290.53,0.94,N,0
19.39437,94.80117,303.64,0.49,0.48,2026-03-01,1946,N20,VIIRS,n,2,289.99,1,N,0
19.41285,94.80015,303.73,0.49,0.48,2026-03-01,1946,N20,VIIRS,n,2,291.23,0.57,N,0
19.41386,94.70219,304.27,0.48,0.48,2026-03-01,1946,N20,VIIRS,n,2,290.55,0.99,N,0
19.41822,94.70306,303.35,0.48,0.48,2026-03-01,1946,N20,VIIRS,n,2,291.01,0.99,N,0
19.435,96.40025,317.86,0.62,0.54,2026-03-01,1946,N20,VIIRS,n,2,290.47,2.61,N,0
19.44104,96.39552,303.58,0.62,0.54,2026-03-01,1946,N20,VIIRS,n,2,290.79,2.47,N,0
19.44301,97.38896,308.61,0.36,0.57,2026-03-01,1946,N20,VIIRS,n,2,291.52,1,N,0
19.44376,97.38537,301.58,0.36,0.57,2026-03-01,1946,N20,VIIRS,n,2,291.5,1,N,0
19.44445,97.38213,311.8,0.36,0.57,2026-03-01,1946,N20,VIIRS,n,2,291.97,0.87,N,0
19.44519,97.37859,303.24,0.36,0.57,2026-03-01,1946,N20,VIIRS,n,2,290.64,0.87,N,0
19.44821,94.87354,300.38,0.49,0.49,2026-03-01,1946,N20,VIIRS,n,2,289.77,1.03,N,0
19.45019,97.38054,304.46,0.36,0.57,2026-03-01,1946,N20,VIIRS,n,2,291.52,0.87,N,0
19.45093,97.37701,305.28,0.36,0.57,2026-03-01,1946,N20,VIIRS,n,2,289.72,0.87,N,0
19.45392,94.65948,301.45,0.48,0.48,2026-03-01,1946,N20,VIIRS,n,2,291.04,0.98,N,0
19.45739,94.66492,307.8,0.48,0.48,2026-03-01,1946,N20,VIIRS,n,2,290.94,1.35,N,0
19.45827,94.66039,309.83,0.48,0.48,2026-03-01,1946,N20,VIIRS,n,2,291.5,1.6,N,0
19.4621,97.37527,307.21,0.36,0.57,2026-03-01,1946,N20,VIIRS,n,2,292.33,1.26,N,0
19.46277,97.37212,300.87,0.36,0.57,2026-03-01,1946,N20,VIIRS,n,2,290.61,0.91,N,0
19.46815,97.37216,306.31,0.36,0.57,2026-03-01,1946,N20,VIIRS,n,2,290.91,1.02,N,0
19.46905,97.37244,305.59,0.36,0.57,2026-03-01,1946,N20,VIIRS,n,2,290.85,1.12,N,0
19.47283,97.37563,302.89,0.36,0.57,2026-03-01,1946,N20,VIIRS,n,2,289.81,1.56,N,0
19.47368,97.37602,301.17,0.36,0.57,2026-03-01,1946,N20,VIIRS,n,2,289.98,1.34,N,0
19.48801,97.41,304.76,0.36,0.57,2026-03-01,1946,N20,VIIRS,n,2,291.1,1.08,N,0
19.49586,94.58978,303.08,0.47,0.48,2026-03-01,1946,N20,VIIRS,n,2,292.85,1.03,N,0
19.50286,94.59261,305.1,0.47,0.48,2026-03-01,1946,N20,VIIRS,n,2,293.2,1.35,N,0
19.50445,94.59187,304.25,0.47,0.48,2026-03-01,1946,N20,VIIRS,n,2,293.04,1.14,N,0
19.51115,95.43214,333.33,0.53,0.5,2026-03-01,1946,N20,VIIRS,n,2,293.25,3.94,N,0
19.51214,95.42719,310.21,0.53,0.5,2026-03-01,1946,N20,VIIRS,n,2,291.1,3.94,N,0
19.51671,95.4281,309.58,0.53,0.5,2026-03-01,1946,N20,VIIRS,n,2,291.73,2.49,N,0
19.51725,94.5954,308.67,0.47,0.48,2026-03-01,1946,N20,VIIRS,n,2,292,1.18,N,0
19.51813,94.59093,306.48,0.47,0.48,2026-03-01,1946,N20,VIIRS,n,2,291.57,1.18,N,0
19.52023,95.03587,299.82,0.5,0.49,2026-03-01,1946,N20,VIIRS,n,2,289.48,0.27,N,0
19.53193,94.95496,314.38,0.5,0.49,2026-03-01,1946,N20,VIIRS,n,2,289.62,1.22,N,0
19.53257,94.95865,316.01,0.5,0.49,2026-03-01,1946,N20,VIIRS,n,2,291.27,2.24,N,0
19.53636,94.95586,303.32,0.5,0.49,2026-03-01,1946,N20,VIIRS,n,2,289.57,0.66,N,0
19.53699,94.95958,307.64,0.5,0.49,2026-03-01,1946,N20,VIIRS,n,2,290.69,1.05,N,0
19.5409,94.65845,300.25,0.48,0.48,2026-03-01,1946,N20,VIIRS,n,2,290.1,0.87,N,0
19.54469,94.59312,303.61,0.47,0.48,2026-03-01,1946,N20,VIIRS,n,2,291.42,0.87,N,0
19.54566,97.44466,306.78,0.36,0.57,2026-03-01,1946,N20,VIIRS,n,2,290.7,0.8,N,0
19.54698,94.65044,308.87,0.47,0.48,2026-03-01,1946,N20,VIIRS,n,2,291.08,1.09,N,0
19.54987,97.45039,301.83,0.36,0.57,2026-03-01,1946,N20,VIIRS,n,2,290.34,1.42,N,0
19.55091,97.44548,301.92,0.36,0.57,2026-03-01,1946,N20,VIIRS,n,2,290.94,0.63,N,0
19.55613,97.4464,300.6,0.36,0.57,2026-03-01,1946,N20,VIIRS,n,2,290.41,0.63,N,0
19.56564,94.60094,308.74,0.47,0.48,2026-03-01,1946,N20,VIIRS,n,2,294.04,1.52,N,0
19.57003,94.60146,308.12,0.47,0.48,2026-03-01,1946,N20,VIIRS,n,2,294.14,1.55,N,0
19.57891,97.3708,303.79,0.35,0.57,2026-03-01,1946,N20,VIIRS,n,2,290.19,0.58,N,0
19.59813,95.11079,307.16,0.51,0.49,2026-03-01,1946,N20,VIIRS,n,2,293.89,1.83,N,0
19.59911,95.10577,304.15,0.51,0.49,2026-03-01,1946,N20,VIIRS,n,2,293.1,1.25,N,0
19.61743,94.8017,309.07,0.48,0.48,2026-03-01,1946,N20,VIIRS,n,2,289.58,1.6,N,0
19.65074,97.06212,301.9,0.34,0.56,2026-03-01,1946,N20,VIIRS,n,2,287.67,0.4,N,0
19.65211,97.06234,303.6,0.34,0.56,2026-03-01,1946,N20,VIIRS,n,2,288.81,1.19,N,0
19.67424,97.63612,305.21,0.37,0.58,2026-03-01,1946,N20,VIIRS,n,2,289.98,0.82,N,0
19.6796,97.63666,312.15,0.37,0.58,2026-03-01,1946,N20,VIIRS,n,2,290.67,0.82,N,0
19.69831,97.47366,310.42,0.36,0.57,2026-03-01,1946,N20,VIIRS,n,2,288.85,1.07,N,0
19.70503,97.46756,308.14,0.36,0.57,2026-03-01,1946,N20,VIIRS,n,2,289.99,0.94,N,0
19.74087,95.04971,306.06,0.5,0.49,2026-03-01,1946,N20,VIIRS,n,2,291.79,1.33,N,0
19.741,95.05743,305.11,0.5,0.49,2026-03-01,1946,N20,VIIRS,n,2,292.88,1.12,N,0
19.74194,95.05258,310.9,0.5,0.49,2026-03-01,1946,N20,VIIRS,n,2,293.08,1.12,N,0
19.74335,95.06032,306.6,0.5,0.49,2026-03-01,1946,N20,VIIRS,n,2,292.84,1.32,N,0
19.75637,97.27763,303,0.35,0.57,2026-03-01,1946,N20,VIIRS,n,2,285,0.4,N,0
19.76143,97.27899,305.77,0.35,0.57,2026-03-01,1946,N20,VIIRS,n,2,286.23,1.13,N,0
19.79908,97.2522,304.69,0.35,0.56,2026-03-01,1946,N20,VIIRS,n,2,287.07,0.89,N,0
19.80214,97.42456,301.9,0.35,0.57,2026-03-01,1946,N20,VIIRS,n,2,289.33,0.61,N,0
19.80367,96.34075,304.62,0.6,0.53,2026-03-01,1946,N20,VIIRS,n,2,290.64,1.16,N,0
19.80482,96.34016,302.7,0.6,0.53,2026-03-01,1946,N20,VIIRS,n,2,290.69,1.7,N,0
19.82332,97.23811,304.44,0.34,0.56,2026-03-01,1946,N20,VIIRS,n,2,288.55,1.12,N,0
19.82407,97.26009,305.91,0.35,0.56,2026-03-01,1946,N20,VIIRS,n,2,285.41,0.66,N,0
19.82717,97.81199,300.78,0.37,0.58,2026-03-01,1946,N20,VIIRS,n,2,290.5,0.54,N,0
19.86798,97.72563,302.56,0.37,0.58,2026-03-01,1946,N20,VIIRS,n,2,291.38,0.62,N,0
19.86863,97.7226,303.46,0.37,0.58,2026-03-01,1946,N20,VIIRS,n,2,290.14,0.62,N,0
19.88633,97.64071,307.93,0.36,0.58,2026-03-01,1946,N20,VIIRS,n,2,288.71,1,N,0
19.89902,97.42467,313.07,0.35,0.57,2026-03-01,1946,N20,VIIRS,n,2,289.87,1.19,N,0
19.9003,97.42579,315.13,0.35,0.57,2026-03-01,1946,N20,VIIRS,n,2,290.21,1.04,N,0
19.906,97.41698,300.8,0.35,0.57,2026-03-01,1946,N20,VIIRS,n,2,288.82,0.21,N,0
19.9125,97.4441,314.5,0.35,0.57,2026-03-01,1946,N20,VIIRS,n,2,290.82,1.89,N,0
19.91302,97.44169,313.43,0.35,0.57,2026-03-01,1946,N20,VIIRS,n,2,290,2.13,N,0
19.91677,94.61855,312.48,0.47,0.47,2026-03-01,1946,N20,VIIRS,n,2,289.74,0.98,N,0
19.92165,97.42661,306.66,0.35,0.57,2026-03-01,1946,N20,VIIRS,n,2,289.22,0.69,N,0
19.92225,97.42384,305.34,0.35,0.57,2026-03-01,1946,N20,VIIRS,n,2,288.84,0.69,N,0
19.92745,97.42464,300.22,0.35,0.57,2026-03-01,1946,N20,VIIRS,n,2,289.18,0.75,N,0
19.92806,97.42182,307.83,0.35,0.57,2026-03-01,1946,N20,VIIRS,n,2,289.75,1.21,N,0
19.95877,97.42901,307.2,0.35,0.57,2026-03-01,1946,N20,VIIRS,n,2,289.4,1.47,N,0
19.96633,97.85317,302.77,0.37,0.58,2026-03-01,1946,N20,VIIRS,n,2,290.25,1.14,N,0
19.96908,97.43104,300.2,0.35,0.57,2026-03-01,1946,N20,VIIRS,n,2,287.62,0.45,N,0
19.97046,97.85963,307.66,0.37,0.58,2026-03-01,1946,N20,VIIRS,n,2,290.91,2.02,N,0
19.97107,97.85678,313.3,0.37,0.58,2026-03-01,1946,N20,VIIRS,n,2,290.69,1.14,N,0
19.97539,97.70972,303.79,0.37,0.58,2026-03-01,1946,N20,VIIRS,n,2,291.29,0.83,N,0
19.97564,97.88688,301.86,0.38,0.58,2026-03-01,1946,N20,VIIRS,n,2,290.39,0.65,N,0
19.9761,97.70647,316.36,0.37,0.58,2026-03-01,1946,N20,VIIRS,n,2,291.19,0.83,N,0
19.9881,97.72688,303.08,0.37,0.58,2026-03-01,1946,N20,VIIRS,n,2,292.39,1.04,N,0
20.01148,97.43365,297.92,0.35,0.57,2026-03-01,1946,N20,VIIRS,n,2,287.51,0.82,N,0
20.01209,97.43077,300.91,0.35,0.57,2026-03-01,1946,N20,VIIRS,n,2,287.05,1.74,N,0
20.01387,97.43201,315.31,0.35,0.57,2026-03-01,1946,N20,VIIRS,n,2,288.98,0.94,N,0
20.0145,97.4291,299.98,0.35,0.57,2026-03-01,1946,N20,VIIRS,n,2,288.59,0.94,N,0
20.01667,97.4345,308.11,0.35,0.57,2026-03-01,1946,N20,VIIRS,n,2,288.97,0.82,N,0
20.02217,97.41845,300.44,0.35,0.57,2026-03-01,1946,N20,VIIRS,n,2,289.55,0.93,N,0
20.09333,97.79568,301.47,0.37,0.58,2026-03-01,1946,N20,VIIRS,n,2,290.88,0.64,N,0
20.10707,96.4107,302.86,0.6,0.53,2026-03-01,1946,N20,VIIRS,n,2,291.06,0.79,N,0
20.10845,96.40937,304.56,0.6,0.53,2026-03-01,1946,N20,VIIRS,n,2,291.15,1.59,N,0
20.11266,94.48349,303.23,0.45,0.47,2026-03-01,1946,N20,VIIRS,n,2,292.7,0.82,N,0
20.15159,97.54947,296.75,0.36,0.57,2026-03-01,1946,N20,VIIRS,n,2,284.47,0.34,N,0
20.16117,94.52376,307.86,0.45,0.47,2026-03-01,1946,N20,VIIRS,n,2,291.28,1.37,N,0
20.1619,94.52609,306.17,0.45,0.47,2026-03-01,1946,N20,VIIRS,n,2,290.45,0.84,N,0
20.16202,94.51946,317.08,0.45,0.47,2026-03-01,1946,N20,VIIRS,n,2,291.89,2.25,N,0
20.16273,94.52179,320.99,0.45,0.47,2026-03-01,1946,N20,VIIRS,n,2,292.28,2.28,N,0
20.16288,94.51517,317.97,0.45,0.47,2026-03-01,1946,N20,VIIRS,n,2,291.32,2.25,N,0
20.16355,94.51748,318.83,0.45,0.47,2026-03-01,1946,N20,VIIRS,n,2,291.93,2.28,N,0
20.1654,94.52475,312,0.45,0.47,2026-03-01,1946,N20,VIIRS,n,2,291.82,1.37,N,0
20.16614,94.52707,302.4,0.45,0.47,2026-03-01,1946,N20,VIIRS,n,2,290.69,0.53,N,0
20.18807,97.76235,300.43,0.37,0.58,2026-03-01,1946,N20,VIIRS,n,2,290.21,0.47,N,0
20.18967,94.28951,307.86,0.44,0.46,2026-03-01,1946,N20,VIIRS,n,2,291.97,1.43,N,0
20.20425,97.96809,304.31,0.38,0.59,2026-03-01,1946,N20,VIIRS,n,2,290.93,1.29,N,0
20.20461,97.27545,307.27,0.34,0.56,2026-03-01,1946,N20,VIIRS,n,2,285.41,0.75,N,0
20.20973,97.27628,327.21,0.34,0.56,2026-03-01,1946,N20,VIIRS,n,2,286.43,2.21,N,0
20.2438,94.39497,312.74,0.44,0.46,2026-03-01,1946,N20,VIIRS,n,2,293.39,1.46,N,0
20.24467,94.39053,309.93,0.44,0.46,2026-03-01,1946,N20,VIIRS,n,2,293.48,1.46,N,0
20.26853,92.85151,316.07,0.54,0.42,2026-03-01,1946,N20,VIIRS,n,2,289.69,2.06,N,0
20.26995,92.85419,308.41,0.54,0.42,2026-03-01,1946,N20,VIIRS,n,2,288.96,1.16,N,0
20.27091,92.84909,307.77,0.54,0.42,2026-03-01,1946,N20,VIIRS,n,2,288.98,1.16,N,0
20.28713,96.01713,306.56,0.56,0.52,2026-03-01,1946,N20,VIIRS,n,2,291.51,1.28,N,0
20.29176,96.01829,305.63,0.56,0.52,2026-03-01,1946,N20,VIIRS,n,2,292.17,1.23,N,0
20.29462,96.01594,301.93,0.56,0.52,2026-03-01,1946,N20,VIIRS,n,2,291.68,0.66,N,0
20.34235,97.01903,297.4,0.33,0.55,2026-03-01,1946,N20,VIIRS,n,2,285.76,0.31,N,0
20.36208,97.89182,305.5,0.37,0.58,2026-03-01,1946,N20,VIIRS,n,2,291.06,0.96,N,0
20.3769,97.9754,305.57,0.37,0.58,2026-03-01,1946,N20,VIIRS,n,2,290.35,1.02,N,0
20.37765,97.97196,319.22,0.37,0.58,2026-03-01,1946,N20,VIIRS,n,2,289.1,1.7,N,0
20.38147,97.9798,303.79,0.37,0.58,2026-03-01,1946,N20,VIIRS,n,2,290.51,1.02,N,0
20.38199,97.95196,302.67,0.37,0.58,2026-03-01,1946,N20,VIIRS,n,2,289.4,0.98,N,0
20.39444,96.34538,302.1,0.59,0.53,2026-03-01,1946,N20,VIIRS,n,2,290.97,1.23,N,0
20.41998,97.95464,303.07,0.37,0.58,2026-03-01,1946,N20,VIIRS,n,2,289.17,0.72,N,0
20.47368,94.2929,305.24,0.43,0.46,2026-03-01,1946,N20,VIIRS,n,2,293.3,0.54,N,0
20.47458,94.1774,308.15,0.43,0.46,2026-03-01,1946,N20,VIIRS,n,2,293.03,1.24,N,0
20.4828,94.1794,304.36,0.43,0.46,2026-03-01,1946,N20,VIIRS,n,2,292.72,1.04,N,0
20.48601,94.18506,309.19,0.43,0.46,2026-03-01,1946,N20,VIIRS,n,2,293.23,1.72,N,0
20.48626,94.29507,303.33,0.43,0.46,2026-03-01,1946,N20,VIIRS,n,2,291.53,0.64,N,0
20.4884,94.37399,303.38,0.44,0.46,2026-03-01,1946,N20,VIIRS,n,2,291.38,0.48,N,0
20.48885,94.12625,302.36,0.42,0.45,2026-03-01,1946,N20,VIIRS,n,2,291.05,0.57,N,0
20.49316,94.12617,314.1,0.42,0.45,2026-03-01,1946,N20,VIIRS,n,2,291.87,2.18,N,0
20.4954,96.29117,302.74,0.58,0.52,2026-03-01,1946,N20,VIIRS,n,2,289.58,1.26,N,0
20.51487,85.72488,309.67,0.43,0.38,2026-03-01,1946,N20,VIIRS,n,2,294.46,1.33,N,2
20.53462,85.90623,310.67,0.42,0.38,2026-03-01,1946,N20,VIIRS,n,2,293.67,1.04,N,0
20.54079,97.28689,300.72,0.34,0.56,2026-03-01,1946,N20,VIIRS,n,2,287.24,0.58,N,0
20.5433,94.38459,303.61,0.44,0.46,2026-03-01,1946,N20,VIIRS,n,2,292.06,0.81,N,0
20.56202,94.22311,305.49,0.43,0.46,2026-03-01,1946,N20,VIIRS,n,2,290.43,0.99,N,0
20.56464,94.23177,305.62,0.43,0.46,2026-03-01,1946,N20,VIIRS,n,2,291.74,1,N,0
20.56542,94.22778,305.77,0.43,0.46,2026-03-01,1946,N20,VIIRS,n,2,292,1,N,0
20.57263,94.41299,307.66,0.44,0.46,2026-03-01,1946,N20,VIIRS,n,2,291.14,1.13,N,0
20.57345,94.20877,301.14,0.43,0.46,2026-03-01,1946,N20,VIIRS,n,2,289.78,1.28,N,0
20.58839,96.41702,303.31,0.59,0.53,2026-03-01,1946,N20,VIIRS,n,2,290.51,1.23,N,0
20.59115,94.09637,302.78,0.42,0.45,2026-03-01,1946,N20,VIIRS,n,2,292.09,0.65,N,0
20.60485,96.31406,303.85,0.58,0.52,2026-03-01,1946,N20,VIIRS,n,2,291.85,2.03,N,0
20.60901,96.3655,299.33,0.58,0.52,2026-03-01,1946,N20,VIIRS,n,2,288.9,1.52,N,0
20.61405,96.46127,305.47,0.59,0.53,2026-03-01,1946,N20,VIIRS,n,2,291.23,2.35,N,0
20.61411,86.5569,304.2,0.4,0.37,2026-03-01,1946,N20,VIIRS,n,2,293.62,0.58,N,0
20.61468,86.55305,305.22,0.4,0.37,2026-03-01,1946,N20,VIIRS,n,2,293.61,0.68,N,0
20.65491,96.38306,299.36,0.58,0.52,2026-03-01,1946,N20,VIIRS,n,2,288.93,0.69,N,0
20.66438,94.09292,303.76,0.42,0.45,2026-03-01,1946,N20,VIIRS,n,2,292.25,0.69,N,0
20.67398,96.34223,298.91,0.58,0.52,2026-03-01,1946,N20,VIIRS,n,2,288.39,0.88,N,0
20.67664,97.52592,298.5,0.35,0.56,2026-03-01,1946,N20,VIIRS,n,2,285.24,0.42,N,0
20.70137,94.00602,302.48,0.41,0.45,2026-03-01,1946,N20,VIIRS,n,2,289.6,0.96,N,0
20.70509,96.31145,303.79,0.58,0.52,2026-03-01,1946,N20,VIIRS,n,2,290.38,0.65,N,0
20.70618,94.00684,300.02,0.41,0.45,2026-03-01,1946,N20,VIIRS,n,2,289.77,0.85,N,0
20.71045,94.003,308.3,0.41,0.45,2026-03-01,1946,N20,VIIRS,n,2,289.8,0.58,N,0
20.71462,94.00336,302.08,0.41,0.45,2026-03-01,1946,N20,VIIRS,n,2,290.05,0.58,N,0
20.75131,96.4471,300.74,0.59,0.53,2026-03-01,1946,N20,VIIRS,n,2,289.27,0.82,N,0
20.75978,85.29604,320.76,0.45,0.39,2026-03-01,1946,N20,VIIRS,n,2,297.15,1.99,N,2
20.76038,85.29173,311.66,0.45,0.39,2026-03-01,1946,N20,VIIRS,n,2,295.68,1.99,N,2
20.77567,85.33773,304.63,0.45,0.39,2026-03-01,1946,N20,VIIRS,n,2,293.15,1,N,0
20.78581,85.26514,310.08,0.45,0.39,2026-03-01,1946,N20,VIIRS,n,2,295.81,1.5,N,2
20.78641,85.26087,313.57,0.45,0.39,2026-03-01,1946,N20,VIIRS,n,2,296.41,1.5,N,2
20.78936,85.26572,306.43,0.45,0.39,2026-03-01,1946,N20,VIIRS,n,2,294.91,1.5,N,2
20.79056,85.25716,307.11,0.45,0.39,2026-03-01,1946,N20,VIIRS,n,2,296.02,2.37,N,2
20.7947,85.25347,332.48,0.45,0.39,2026-03-01,1946,N20,VIIRS,n,2,298.92,7.23,N,2
20.79765,85.25832,314.02,0.45,0.39,2026-03-01,1946,N20,VIIRS,n,2,295,7.23,N,2
20.80387,94.23774,301.43,0.43,0.46,2026-03-01,1946,N20,VIIRS,n,2,289.96,0.45,N,0
20.80535,85.25513,314.59,0.45,0.39,2026-03-01,1946,N20,VIIRS,n,2,292.69,2.93,N,2
20.8089,85.25568,307.26,0.45,0.39,2026-03-01,1946,N20,VIIRS,n,2,292.73,1.52,N,2
20.81636,94.23978,305.63,0.43,0.46,2026-03-01,1946,N20,VIIRS,n,2,290.72,0.89,N,0
20.81916,94.29197,301.62,0.43,0.46,2026-03-01,1946,N20,VIIRS,n,2,289.94,0.3,N,0
20.82054,94.24037,309.08,0.43,0.46,2026-03-01,1946,N20,VIIRS,n,2,291.65,0.89,N,0
20.82471,94.241,301.63,0.43,0.46,2026-03-01,1946,N20,VIIRS,n,2,291.5,1.2,N,0
20.82824,96.48304,301.39,0.59,0.53,2026-03-01,1946,N20,VIIRS,n,2,290.46,1.14,N,0
20.83161,94.24973,304.02,0.43,0.46,2026-03-01,1946,N20,VIIRS,n,2,292.22,0.94,N,0
20.83232,95.01562,310.7,0.47,0.48,2026-03-01,1946,N20,VIIRS,n,2,291.63,1.75,N,0
20.83241,94.24555,303.51,0.43,0.46,2026-03-01,1946,N20,VIIRS,n,2,292.54,0.94,N,0
20.83362,95.01382,309.99,0.47,0.48,2026-03-01,1946,N20,VIIRS,n,2,291.04,2.3,N,0
20.8373,94.3773,301.15,0.43,0.46,2026-03-01,1946,N20,VIIRS,n,2,290.77,0.35,N,0
20.83731,94.24246,306.36,0.43,0.46,2026-03-01,1946,N20,VIIRS,n,2,292.51,1.33,N,0
20.83791,94.26168,304.02,0.43,0.46,2026-03-01,1946,N20,VIIRS,n,2,291.08,0.79,N,0
20.83834,95.0078,309.67,0.47,0.48,2026-03-01,1946,N20,VIIRS,n,2,292.86,1.95,N,0
20.83937,81.8888,304,0.46,0.47,2026-03-01,1946,N20,VIIRS,n,2,290.98,0.71,N,0
20.83969,95.00608,310.25,0.47,0.48,2026-03-01,1946,N20,VIIRS,n,2,292.27,1.92,N,0
20.84149,94.24301,302.24,0.43,0.46,2026-03-01,1946,N20,VIIRS,n,2,291.3,0.67,N,0
20.84609,94.26384,301.19,0.43,0.46,2026-03-01,1946,N20,VIIRS,n,2,290.13,0.73,N,0
20.84764,94.23335,306.49,0.42,0.46,2026-03-01,1946,N20,VIIRS,n,2,291.75,1.35,N,0
20.85045,94.24103,302.59,0.42,0.46,2026-03-01,1946,N20,VIIRS,n,2,291.57,1.01,N,0
20.85458,94.24187,312.86,0.42,0.46,2026-03-01,1946,N20,VIIRS,n,2,292.04,1.01,N,0
20.85526,94.23832,301.73,0.42,0.46,2026-03-01,1946,N20,VIIRS,n,2,291.64,1.39,N,0
20.88851,94.27724,304.06,0.43,0.46,2026-03-01,1946,N20,VIIRS,n,2,289.31,1.22,N,0
20.90466,95.68745,311.65,0.52,0.5,2026-03-01,1946,N20,VIIRS,n,2,288.37,1.02,N,0
20.90495,96.37923,300.21,0.58,0.52,2026-03-01,1946,N20,VIIRS,n,2,289.38,1.35,N,0
20.91367,85.07164,309.11,0.46,0.39,2026-03-01,1946,N20,VIIRS,n,2,290.42,1.26,N,0
20.91792,94.3252,301.91,0.43,0.46,2026-03-01,1946,N20,VIIRS,n,2,291.84,0.41,N,0
20.92213,85.01015,300.44,0.46,0.39,2026-03-01,1946,N20,VIIRS,n,2,289.81,0.67,N,0
20.92365,94.25124,301.28,0.42,0.45,2026-03-01,1946,N20,VIIRS,n,2,290.6,0.82,N,0
20.9396,97.19713,296.74,0.33,0.55,2026-03-01,1946,N20,VIIRS,n,2,286.18,0.93,N,0
20.93976,97.19857,297.7,0.32,0.55,2026-03-01,1946,N20,VIIRS,n,2,286.36,1.07,N,0
20.94013,97.19458,301.16,0.33,0.55,2026-03-01,1946,N20,VIIRS,n,2,285.65,0.81,N,0
20.9403,97.19605,302.51,0.32,0.55,2026-03-01,1946,N20,VIIRS,n,2,285.83,1.45,N,0
20.94164,94.31388,303.98,0.43,0.46,2026-03-01,1946,N20,VIIRS,n,2,291,1.64,N,0
20.94215,86.06279,305.95,0.42,0.38,2026-03-01,1946,N20,VIIRS,n,2,295.65,1.08,N,2
20.94986,94.20419,303.24,0.42,0.45,2026-03-01,1946,N20,VIIRS,n,2,291.56,0.81,N,0
20.95086,86.04702,299.92,0.42,0.38,2026-03-01,1946,N20,VIIRS,n,2,288.39,1.06,N,2
20.95136,86.04794,302.83,0.42,0.38,2026-03-01,1946,N20,VIIRS,n,2,289.37,0.68,N,2
20.95512,85.01065,311.62,0.46,0.39,2026-03-01,1946,N20,VIIRS,n,2,293.22,2.09,N,2
20.95825,85.14551,305.49,0.46,0.39,2026-03-01,1946,N20,VIIRS,n,2,294.3,0.98,N,2
20.95872,85.01119,305.71,0.46,0.39,2026-03-01,1946,N20,VIIRS,n,2,292.44,1.03,N,2
20.95895,94.15696,310.37,0.42,0.45,2026-03-01,1946,N20,VIIRS,n,2,291.47,1.33,N,0
20.95926,85.19006,315.95,0.45,0.39,2026-03-01,1946,N20,VIIRS,n,2,295.02,2.28,N,2
20.9617,85.01617,307.72,0.46,0.39,2026-03-01,1946,N20,VIIRS,n,2,293.03,1.03,N,2
20.9617,85.17275,321.42,0.45,0.39,2026-03-01,1946,N20,VIIRS,n,2,296.25,3.92,N,2
20.9618,97.19266,298.74,0.32,0.55,2026-03-01,1946,N20,VIIRS,n,2,286.52,0.39,N,0
20.96191,85.18859,328.27,0.45,0.39,2026-03-01,1946,N20,VIIRS,n,2,297.12,3.17,N,2
20.96232,85.01173,309.96,0.46,0.39,2026-03-01,1946,N20,VIIRS,n,2,294,1.03,N,2
20.96232,85.1684,317.76,0.45,0.39,2026-03-01,1946,N20,VIIRS,n,2,296.35,2.67,N,2
20.9625,85.18428,310,0.45,0.39,2026-03-01,1946,N20,VIIRS,n,2,295.65,3.65,N,2
20.96282,85.19062,325.19,0.45,0.39,2026-03-01,1946,N20,VIIRS,n,2,298.25,4.39,N,2
20.96289,86.01193,307.6,0.42,0.38,2026-03-01,1946,N20,VIIRS,n,2,294.72,1.5,N,2
20.96306,94.63191,308.49,0.45,0.47,2026-03-01,1946,N20,VIIRS,n,2,292.21,1.77,N,0
20.96343,85.18632,322.36,0.45,0.39,2026-03-01,1946,N20,VIIRS,n,2,295.98,2.28,N,2
20.96346,86.0079,330.25,0.42,0.38,2026-03-01,1946,N20,VIIRS,n,2,296.68,1.5,N,2
20.96368,85.17559,311.38,0.45,0.39,2026-03-01,1946,N20,VIIRS,n,2,296.21,2.35,N,2
20.96404,85.18199,306.29,0.45,0.39,2026-03-01,1946,N20,VIIRS,n,2,295.46,2.28,N,2
20.96404,86.00388,313.15,0.42,0.38,2026-03-01,1946,N20,VIIRS,n,2,293.77,2.89,N,2
20.96428,85.17124,325.44,0.45,0.39,2026-03-01,1946,N20,VIIRS,n,2,296.27,2.35,N,2
20.96468,85.02113,310.77,0.46,0.39,2026-03-01,1946,N20,VIIRS,n,2,292.99,1.78,N,0
20.96487,85.16688,324.3,0.45,0.39,2026-03-01,1946,N20,VIIRS,n,2,296.08,2.48,N,2
20.96527,85.17331,324,0.45,0.39,2026-03-01,1946,N20,VIIRS,n,2,296.37,2.81,N,2
20.96548,85.18917,315.4,0.45,0.39,2026-03-01,1946,N20,VIIRS,n,2,295.28,3.17,N,2
20.96589,85.16895,324.72,0.45,0.39,2026-03-01,1946,N20,VIIRS,n,2,296.02,2.95,N,2
20.96634,86.01249,313.53,0.42,0.38,2026-03-01,1946,N20,VIIRS,n,2,295.51,1.5,N,2
20.96665,85.15379,313.18,0.46,0.39,2026-03-01,1946,N20,VIIRS,n,2,294.99,2.71,N,2
20.96691,86.00846,307.75,0.42,0.38,2026-03-01,1946,N20,VIIRS,n,2,295.62,1.5,N,2
20.96705,85.03051,315.83,0.46,0.39,2026-03-01,1946,N20,VIIRS,n,2,293.19,2.09,N,0
20.96724,85.14943,307.98,0.46,0.39,2026-03-01,1946,N20,VIIRS,n,2,294.88,2.59,N,2
20.96725,85.17616,306.71,0.45,0.39,2026-03-01,1946,N20,VIIRS,n,2,295.14,2.35,N,2
20.96774,85.15588,308.46,0.45,0.39,2026-03-01,1946,N20,VIIRS,n,2,294.36,1.94,N,2
20.96785,85.1718,329.78,0.45,0.39,2026-03-01,1946,N20,VIIRS,n,2,296.37,2.35,N,2
20.96823,85.17822,309.07,0.45,0.39,2026-03-01,1946,N20,VIIRS,n,2,294.86,2.81,N,2
20.96835,85.15154,310.43,0.45,0.39,2026-03-01,1946,N20,VIIRS,n,2,295.98,2.93,N,2
20.96844,85.16743,318.06,0.45,0.39,2026-03-01,1946,N20,VIIRS,n,2,296.18,2.48,N,2
20.96885,85.17386,328.62,0.45,0.39,2026-03-01,1946,N20,VIIRS,n,2,296.23,2.81,N,2
20.96946,85.1695,321.6,0.45,0.39,2026-03-01,1946,N20,VIIRS,n,2,296.41,2.95,N,2
20.9702,85.13846,313.84,0.46,0.39,2026-03-01,1946,N20,VIIRS,n,2,293.88,1.79,N,0
20.97083,85.1767,343.68,0.45,0.39,2026-03-01,1946,N20,VIIRS,n,2,298.71,2.96,N,2
20.97142,85.17234,309.04,0.45,0.39,2026-03-01,1946,N20,VIIRS,n,2,295.14,2.96,N,2
20.9726,85.13689,317.38,0.46,0.39,2026-03-01,1946,N20,VIIRS,n,2,295.65,2.92,N,2
20.97315,85.14339,312.85,0.46,0.39,2026-03-01,1946,N20,VIIRS,n,2,294.71,1.79,N,0
20.97336,94.28284,302.4,0.43,0.46,2026-03-01,1946,N20,VIIRS,n,2,289.44,0.74,N,0
20.97498,85.1462,308.66,0.46,0.39,2026-03-01,1946,N20,VIIRS,n,2,295.18,1.49,N,2
20.97499,85.1729,309.55,0.45,0.39,2026-03-01,1946,N20,VIIRS,n,2,295.09,2.96,N,2
20.97559,85.16854,313.46,0.45,0.39,2026-03-01,1946,N20,VIIRS,n,2,294.95,2.69,N,2
20.97683,96.2692,303.53,0.57,0.52,2026-03-01,1946,N20,VIIRS,n,2,291.86,1.23,N,0
20.9777,96.26498,303.25,0.57,0.52,2026-03-01,1946,N20,VIIRS,n,2,292.18,1.23,N,0
20.97975,85.16473,308.69,0.45,0.39,2026-03-01,1946,N20,VIIRS,n,2,293.12,1.31,N,0
20.98062,95.75919,310.67,0.52,0.5,2026-03-01,1946,N20,VIIRS,n,2,288.31,1.52,N,0
20.98112,94.27496,304.14,0.42,0.46,2026-03-01,1946,N20,VIIRS,n,2,291,1.17,N,0
20.98315,94.2765,302.38,0.42,0.46,2026-03-01,1946,N20,VIIRS,n,2,290.86,1.12,N,0
20.9838,96.50013,307.43,0.59,0.53,2026-03-01,1946,N20,VIIRS,n,2,286.77,1.49,N,0
20.98466,96.4969,304.47,0.58,0.52,2026-03-01,1946,N20,VIIRS,n,2,288.18,2.39,N,0
20.98514,95.76023,305.66,0.52,0.5,2026-03-01,1946,N20,VIIRS,n,2,288.19,1.52,N,0
20.98746,94.26458,305.53,0.42,0.45,2026-03-01,1946,N20,VIIRS,n,2,290.04,1.18,N,0
20.9893,94.08719,300.44,0.41,0.45,2026-03-01,1946,N20,VIIRS,n,2,289.47,0.75,N,0
20.98997,97.18218,300.29,0.32,0.55,2026-03-01,1946,N20,VIIRS,n,2,284.78,0.82,N,0
20.9932,97.19139,301.2,0.32,0.55,2026-03-01,1946,N20,VIIRS,n,2,285.56,0.74,N,0
20.99963,86.02621,306.01,0.42,0.38,2026-03-01,1946,N20,VIIRS,n,2,293.08,1.07,N,2
21.00967,94.32672,310.54,0.43,0.46,2026-03-01,1946,N20,VIIRS,n,2,292.32,1.14,N,0
21.00984,96.22691,304.56,0.56,0.52,2026-03-01,1946,N20,VIIRS,n,2,291.53,0.91,N,0
21.01084,96.22203,304.48,0.56,0.52,2026-03-01,1946,N20,VIIRS,n,2,291.23,0.9,N,0
21.02444,94.31715,304.41,0.43,0.46,2026-03-01,1946,N20,VIIRS,n,2,290.52,1.05,N,0
21.02858,94.31796,307.05,0.43,0.46,2026-03-01,1946,N20,VIIRS,n,2,291.05,1.78,N,0
21.03018,96.27088,301.22,0.56,0.52,2026-03-01,1946,N20,VIIRS,n,2,289.7,1.17,N,0
21.03483,94.15354,300.32,0.42,0.45,2026-03-01,1946,N20,VIIRS,n,2,290.19,0.81,N,0
21.03941,94.32866,307.4,0.43,0.46,2026-03-01,1946,N20,VIIRS,n,2,291.53,0.7,N,0
21.04021,94.32452,304.44,0.43,0.46,2026-03-01,1946,N20,VIIRS,n,2,292.39,0.7,N,0
21.04279,94.33345,307.7,0.43,0.46,2026-03-01,1946,N20,VIIRS,n,2,293.36,1.32,N,0
21.04499,94.189,300.24,0.42,0.45,2026-03-01,1946,N20,VIIRS,n,2,290.09,0.85,N,0
21.04851,94.32607,304.56,0.43,0.46,2026-03-01,1946,N20,VIIRS,n,2,292.31,1.87,N,0
21.04927,94.32209,304.83,0.43,0.46,2026-03-01,1946,N20,VIIRS,n,2,291.57,1.91,N,0
21.06124,95.17333,300.74,0.48,0.48,2026-03-01,1946,N20,VIIRS,n,2,290.03,0.95,N,0
21.06128,96.29484,309.19,0.57,0.52,2026-03-01,1946,N20,VIIRS,n,2,290.54,1.17,N,0
21.06465,96.30219,300.17,0.57,0.52,2026-03-01,1946,N20,VIIRS,n,2,289.52,1.17,N,0
21.06634,86.45794,309.88,0.41,0.37,2026-03-01,1946,N20,VIIRS,n,2,295.29,1.23,N,0
21.07377,85.04073,312.64,0.46,0.39,2026-03-01,1946,N20,VIIRS,n,2,295.16,2.76,N,2
21.07477,94.10065,315.57,0.41,0.45,2026-03-01,1946,N20,VIIRS,n,2,291.26,2.33,N,0
21.07549,94.09686,300.89,0.41,0.45,2026-03-01,1946,N20,VIIRS,n,2,289.21,0.47,N,0
21.07674,94.2907,305.62,0.42,0.45,2026-03-01,1946,N20,VIIRS,n,2,289.72,1.09,N,0
21.07737,85.04128,306.13,0.46,0.39,2026-03-01,1946,N20,VIIRS,n,2,295.26,2.13,N,2
21.07798,85.03685,314.74,0.46,0.39,2026-03-01,1946,N20,VIIRS,n,2,298.45,2.13,N,2
21.0786,85.03244,314.48,0.46,0.39,2026-03-01,1946,N20,VIIRS,n,2,295.5,1.92,N,2
21.08012,94.11691,301.75,0.41,0.45,2026-03-01,1946,N20,VIIRS,n,2,291.43,1.12,N,0
21.0851,94.24686,303.07,0.42,0.45,2026-03-01,1946,N20,VIIRS,n,2,290.25,1.88,N,0
21.09121,85.27432,307.4,0.45,0.39,2026-03-01,1946,N20,VIIRS,n,2,292.27,1.23,N,0
21.09135,94.16925,332.09,0.42,0.45,2026-03-01,1946,N20,VIIRS,n,2,291.56,1.23,N,0
21.09177,96.33685,302.74,0.57,0.52,2026-03-01,1946,N20,VIIRS,n,2,290.15,0.75,N,0
21.09543,94.17015,299.81,0.42,0.45,2026-03-01,1946,N20,VIIRS,n,2,289.61,1.23,N,0
21.09808,94.28129,302.56,0.42,0.45,2026-03-01,1946,N20,VIIRS,n,2,291.87,1.37,N,0
21.11877,95.25109,310.91,0.48,0.48,2026-03-01,1946,N20,VIIRS,n,2,290.42,1.9,N,0
21.11899,95.24922,306.52,0.48,0.48,2026-03-01,1946,N20,VIIRS,n,2,289.84,1.65,N,0
21.12295,85.38483,317.87,0.45,0.39,2026-03-01,1946,N20,VIIRS,n,2,292.9,1.13,N,0
21.12649,85.38541,302.66,0.45,0.39,2026-03-01,1946,N20,VIIRS,n,2,292.42,1.13,N,0
21.13303,94.25574,302.17,0.42,0.45,2026-03-01,1946,N20,VIIRS,n,2,291.74,0.93,N,0
21.13342,94.49844,306.65,0.44,0.46,2026-03-01,1946,N20,VIIRS,n,2,289.03,0.51,N,0
21.13375,94.25204,305.17,0.42,0.45,2026-03-01,1946,N20,VIIRS,n,2,292.6,0.93,N,0
21.13443,94.24854,307.59,0.42,0.45,2026-03-01,1946,N20,VIIRS,n,2,292,0.98,N,0
21.13512,94.245,301.06,0.42,0.45,2026-03-01,1946,N20,VIIRS,n,2,291.06,0.98,N,0
21.13585,94.24122,304.68,0.42,0.45,2026-03-01,1946,N20,VIIRS,n,2,289.16,1.02,N,0
21.13759,94.49931,306.04,0.44,0.46,2026-03-01,1946,N20,VIIRS,n,2,290.68,0.96,N,0
21.16035,94.31372,301.81,0.42,0.45,2026-03-01,1946,N20,VIIRS,n,2,290.72,0.43,N,0
21.16261,97.10143,296.48,0.63,0.54,2026-03-01,1946,N20,VIIRS,n,2,281.72,0.48,N,0
21.16276,94.2345,310.86,0.42,0.45,2026-03-01,1946,N20,VIIRS,n,2,292.07,1.6,N,0
21.16634,84.99501,302.68,0.46,0.39,2026-03-01,1946,N20,VIIRS,n,2,292.6,1,N,0
21.17599,94.32161,302.13,0.42,0.45,2026-03-01,1946,N20,VIIRS,n,2,289.32,0.4,N,0
21.18011,94.3225,314.51,0.42,0.45,2026-03-01,1946,N20,VIIRS,n,2,291.1,2.22,N,0
21.18121,81.38463,308.07,0.5,0.49,2026-03-01,1946,N20,VIIRS,n,2,295.64,3.05,N,3
21.18638,94.32294,301.14,0.42,0.45,2026-03-01,1946,N20,VIIRS,n,2,289.41,0.96,N,0
21.18831,94.32446,302.7,0.42,0.45,2026-03-01,1946,N20,VIIRS,n,2,290.17,0.8,N,0
21.18962,81.39061,308.74,0.5,0.49,2026-03-01,1946,N20,VIIRS,n,2,295.44,2.47,N,2
21.19147,85.2522,305.39,0.45,0.39,2026-03-01,1946,N20,VIIRS,n,2,293.7,1.42,N,0
21.1958,81.41559,315.97,0.49,0.49,2026-03-01,1946,N20,VIIRS,n,2,293.91,1.73,N,2
21.19759,94.23077,304.46,0.42,0.45,2026-03-01,1946,N20,VIIRS,n,2,290.06,0.63,N,0
21.19803,81.39658,309.57,0.5,0.49,2026-03-01,1946,N20,VIIRS,n,2,296.24,2,N,2
21.19827,94.22722,299.1,0.42,0.45,2026-03-01,1946,N20,VIIRS,n,2,288.34,0.63,N,0
21.1989,94.2015,306.27,0.42,0.45,2026-03-01,1946,N20,VIIRS,n,2,291.55,1.05,N,0
21.20565,94.16604,305.72,0.41,0.45,2026-03-01,1946,N20,VIIRS,n,2,291.35,1.28,N,0
21.23713,86.24792,310.24,0.42,0.37,2026-03-01,1946,N20,VIIRS,n,2,293.81,1.31,N,0
21.24411,85.10851,304.08,0.46,0.39,2026-03-01,1946,N20,VIIRS,n,2,293.44,2.15,N,0
21.24563,79.2239,318.88,0.34,0.56,2026-03-01,1946,N20,VIIRS,n,2,295.87,1.04,N,2
21.24598,79.22058,305.61,0.34,0.56,2026-03-01,1946,N20,VIIRS,n,2,292.74,1.04,N,2
21.24752,79.22049,306.25,0.34,0.56,2026-03-01,1946,N20,VIIRS,n,2,293,1.33,N,2
21.25147,94.43027,302.05,0.43,0.46,2026-03-01,1946,N20,VIIRS,n,2,289.3,0.55,N,0
21.27802,85.3047,300.9,0.45,0.39,2026-03-01,1946,N20,VIIRS,n,2,288.27,1.18,N,0
21.28222,86.15139,307.1,0.42,0.38,2026-03-01,1946,N20,VIIRS,n,2,293.07,0.96,N,0
21.29048,85.29337,298.78,0.45,0.39,2026-03-01,1946,N20,VIIRS,n,2,287.54,0.89,N,0
21.29155,94.17715,298.37,0.41,0.45,2026-03-01,1946,N20,VIIRS,n,2,287.86,0.76,N,0
21.29835,81.60784,306.07,0.48,0.48,2026-03-01,1946,N20,VIIRS,n,2,292.98,1.83,N,2
21.30319,94.13849,299.65,0.41,0.45,2026-03-01,1946,N20,VIIRS,n,2,288.55,0.47,N,0
21.30774,96.57035,298.74,0.58,0.52,2026-03-01,1946,N20,VIIRS,n,2,287.07,0.68,N,0
21.30791,94.3279,302.93,0.42,0.45,2026-03-01,1946,N20,VIIRS,n,2,291.1,0.6,N,0
21.30943,81.59036,309.03,0.48,0.48,2026-03-01,1946,N20,VIIRS,n,2,292.92,1.62,N,2
21.32256,94.17008,302.55,0.41,0.45,2026-03-01,1946,N20,VIIRS,n,2,291.68,0.53,N,0
21.32365,96.54164,303.24,0.58,0.52,2026-03-01,1946,N20,VIIRS,n,2,288.2,1.1,N,0
21.32748,96.547,301.9,0.58,0.52,2026-03-01,1946,N20,VIIRS,n,2,288.25,1.45,N,0
21.32905,86.21664,304.84,0.42,0.38,2026-03-01,1946,N20,VIIRS,n,2,292.02,0.46,N,0
21.32969,86.18803,305.11,0.42,0.38,2026-03-01,1946,N20,VIIRS,n,2,292.45,0.6,N,0
21.33126,94.20907,298.32,0.41,0.45,2026-03-01,1946,N20,VIIRS,n,2,288.15,0.52,N,0
21.33392,94.08788,302.61,0.41,0.45,2026-03-01,1946,N20,VIIRS,n,2,291.38,1.04,N,0
21.33487,94.12596,302.34,0.41,0.45,2026-03-01,1946,N20,VIIRS,n,2,291.28,0.84,N,0
21.33491,94.12719,303.76,0.41,0.45,2026-03-01,1946,N20,VIIRS,n,2,291.35,0.81,N,0
21.33532,86.22182,306.78,0.42,0.37,2026-03-01,1946,N20,VIIRS,n,2,292.55,1.01,N,0
21.33548,86.14807,303.6,0.42,0.38,2026-03-01,1946,N20,VIIRS,n,2,292.74,1.04,N,0
21.33898,94.12653,302.93,0.41,0.45,2026-03-01,1946,N20,VIIRS,n,2,290.76,0.84,N,0
21.33902,94.12775,303.53,0.41,0.45,2026-03-01,1946,N20,VIIRS,n,2,290.54,0.81,N,0
21.34145,94.17868,298.82,0.41,0.45,2026-03-01,1946,N20,VIIRS,n,2,287.72,0.89,N,0
21.34525,81.66393,306.37,0.48,0.48,2026-03-01,1946,N20,VIIRS,n,2,292.57,1.93,N,2
21.34588,86.12486,303.07,0.42,0.38,2026-03-01,1946,N20,VIIRS,n,2,292.5,0.87,N,0
21.35349,94.09546,296.5,0.41,0.45,2026-03-01,1946,N20,VIIRS,n,2,285.78,0.47,N,0
21.35619,86.12664,305.18,0.42,0.38,2026-03-01,1946,N20,VIIRS,n,2,292.2,1.04,N,0
21.36559,81.64319,305.34,0.48,0.48,2026-03-01,1946,N20,VIIRS,n,2,293.62,1.62,N,0
21.36621,81.67628,309.3,0.48,0.48,2026-03-01,1946,N20,VIIRS,n,2,294.55,1.94,N,2
21.37468,94.16031,304.87,0.41,0.45,2026-03-01,1946,N20,VIIRS,n,2,291.44,0.94,N,0
21.37503,81.67744,304.84,0.48,0.48,2026-03-01,1946,N20,VIIRS,n,2,294.82,2.65,N,2
21.37926,94.09299,307.39,0.41,0.45,2026-03-01,1946,N20,VIIRS,n,2,287.91,0.96,N,0
21.37944,81.67801,307.57,0.48,0.48,2026-03-01,1946,N20,VIIRS,n,2,293.33,2.67,N,2
21.38437,85.55381,308.36,0.44,0.39,2026-03-01,1946,N20,VIIRS,n,2,293.13,2.03,N,0
21.38809,94.0909,303.62,0.41,0.45,2026-03-01,1946,N20,VIIRS,n,2,289.12,1.61,N,0
21.39211,81.64677,304.52,0.48,0.48,2026-03-01,1946,N20,VIIRS,n,2,293.33,1.13,N,2
21.39289,94.08787,315.15,0.41,0.45,2026-03-01,1946,N20,VIIRS,n,2,290.64,1.69,N,0
21.39366,94.08389,315.68,0.41,0.45,2026-03-01,1946,N20,VIIRS,n,2,291.07,1.32,N,0
21.39442,94.07994,300.97,0.41,0.45,2026-03-01,1946,N20,VIIRS,n,2,290.68,1.32,N,0
21.40442,94.31525,305.38,0.42,0.45,2026-03-01,1946,N20,VIIRS,n,2,290.66,0.53,N,0
21.40603,94.30677,306.27,0.42,0.45,2026-03-01,1946,N20,VIIRS,n,2,291.65,1.4,N,0
21.40708,94.31474,301.91,0.42,0.45,2026-03-01,1946,N20,VIIRS,n,2,291.21,0.74,N,0
21.40876,94.30622,313.39,0.42,0.45,2026-03-01,1946,N20,VIIRS,n,2,292.97,1.12,N,0
21.41013,94.30767,309.91,0.42,0.45,2026-03-01,1946,N20,VIIRS,n,2,293.24,1.73,N,0
21.41285,94.30715,308.4,0.42,0.45,2026-03-01,1946,N20,VIIRS,n,2,292.95,1.12,N,0
21.4131,86.04371,304.59,0.42,0.38,2026-03-01,1946,N20,VIIRS,n,2,292.12,0.97,N,0
21.41369,94.3029,302.84,0.42,0.45,2026-03-01,1946,N20,VIIRS,n,2,291,1.12,N,0
21.41502,94.30435,309.6,0.42,0.45,2026-03-01,1946,N20,VIIRS,n,2,291.52,1.73,N,0
21.4169,94.30823,303.43,0.42,0.45,2026-03-01,1946,N20,VIIRS,n,2,291.9,0.97,N,0
21.431,96.91068,299.7,0.61,0.53,2026-03-01,1946,N20,VIIRS,n,2,284.69,0.79,N,0
21.43399,96.91325,306.99,0.61,0.53,2026-03-01,1946,N20,VIIRS,n,2,285.73,1.85,N,0
21.43584,96.91168,300.95,0.61,0.53,2026-03-01,1946,N20,VIIRS,n,2,285.53,0.79,N,0
21.44185,86.04044,302.97,0.42,0.38,2026-03-01,1946,N20,VIIRS,n,2,291.62,0.47,N,0
21.45591,94.30513,305.95,0.42,0.45,2026-03-01,1946,N20,VIIRS,n,2,291.57,1.07,N,0
21.45855,81.8026,304.26,0.47,0.48,2026-03-01,1946,N20,VIIRS,n,2,293.73,0.82,N,0
21.47228,94.24269,298.67,0.41,0.45,2026-03-01,1946,N20,VIIRS,n,2,284.92,1.62,N,0
21.48273,96.56331,301.33,0.58,0.52,2026-03-01,1946,N20,VIIRS,n,2,288.4,1.06,N,0
21.48917,81.76967,312.54,0.47,0.48,2026-03-01,1946,N20,VIIRS,n,2,294.07,2.25,N,2
21.48935,94.28638,300.45,0.42,0.45,2026-03-01,1946,N20,VIIRS,n,2,289.11,1.3,N,0
21.49005,94.28275,310.55,0.42,0.45,2026-03-01,1946,N20,VIIRS,n,2,290.88,1.17,N,0
21.49413,94.28362,300.89,0.42,0.45,2026-03-01,1946,N20,VIIRS,n,2,288.93,1.17,N,0
21.49482,94.28008,301.03,0.42,0.45,2026-03-01,1946,N20,VIIRS,n,2,289.48,1.17,N,0
21.49624,96.61775,298.05,0.58,0.52,2026-03-01,1946,N20,VIIRS,n,2,287.45,0.65,N,0
21.49992,96.62398,297.6,0.58,0.52,2026-03-01,1946,N20,VIIRS,n,2,287.6,0.86,N,0
21.50232,81.80862,306.74,0.47,0.48,2026-03-01,1946,N20,VIIRS,n,2,293.67,1.08,N,0
21.5031,81.80691,304.34,0.47,0.48,2026-03-01,1946,N20,VIIRS,n,2,291.95,0.84,N,0
21.5035,96.46223,302.64,0.57,0.52,2026-03-01,1946,N20,VIIRS,n,2,290.37,1.18,N,0
21.50811,83.16236,303.51,0.39,0.44,2026-03-01,1946,N20,VIIRS,n,2,292.78,0.45,N,0
21.51204,94.08041,309.67,0.4,0.45,2026-03-01,1946,N20,VIIRS,n,2,289.63,0.78,N,0
21.51611,94.08109,301.48,0.4,0.45,2026-03-01,1946,N20,VIIRS,n,2,290.32,0.78,N,0
21.51777,96.44039,308.51,0.57,0.52,2026-03-01,1946,N20,VIIRS,n,2,290.57,1.68,N,0
21.52719,96.41811,299.99,0.56,0.52,2026-03-01,1946,N20,VIIRS,n,2,289.83,0.89,N,0
21.52817,96.41335,300.8,0.56,0.52,2026-03-01,1946,N20,VIIRS,n,2,289.58,1.31,N,0
21.5299,96.4158,308.14,0.56,0.52,2026-03-01,1946,N20,VIIRS,n,2,290.33,1.89,N,0
21.53086,96.41125,300.3,0.56,0.52,2026-03-01,1946,N20,VIIRS,n,2,290.19,1.56,N,0
21.55224,96.37918,301.46,0.56,0.51,2026-03-01,1946,N20,VIIRS,n,2,290.4,1.15,N,0
21.55393,96.38247,300.89,0.56,0.52,2026-03-01,1946,N20,VIIRS,n,2,290.54,1.07,N,0
21.57775,96.46732,301.32,0.57,0.52,2026-03-01,1946,N20,VIIRS,n,2,291.01,1.27,N,0
21.57864,96.46305,307.13,0.57,0.52,2026-03-01,1946,N20,VIIRS,n,2,291.29,1.27,N,0
21.58222,96.46937,302.47,0.57,0.52,2026-03-01,1946,N20,VIIRS,n,2,290.55,1.13,N,0
21.58396,96.48458,300.63,0.57,0.52,2026-03-01,1946,N20,VIIRS,n,2,290.26,0.94,N,0
21.59336,96.22898,306.06,0.55,0.51,2026-03-01,1946,N20,VIIRS,n,2,291.8,0.94,N,2
21.60207,97.07987,297.22,0.62,0.54,2026-03-01,1946,N20,VIIRS,n,2,283.77,0.89,N,0
21.60468,97.07855,297.6,0.62,0.54,2026-03-01,1946,N20,VIIRS,n,2,283.38,0.65,N,0
21.61489,96.50088,301.1,0.57,0.52,2026-03-01,1946,N20,VIIRS,n,2,290.1,1.02,N,0
21.61601,96.5028,307.5,0.57,0.52,2026-03-01,1946,N20,VIIRS,n,2,290.54,1.62,N,0
21.62088,81.79131,305.69,0.47,0.48,2026-03-01,1946,N20,VIIRS,n,2,291.89,0.79,N,0
21.64036,96.55022,302.64,0.57,0.52,2026-03-01,1946,N20,VIIRS,n,2,290.9,1.41,N,0
21.65679,94.66407,303.89,0.44,0.46,2026-03-01,1946,N20,VIIRS,n,2,290.37,1,N,0
21.66525,94.07093,302.81,0.4,0.44,2026-03-01,1946,N20,VIIRS,n,2,289.66,0.93,N,0
21.66599,94.067,306.94,0.4,0.44,2026-03-01,1946,N20,VIIRS,n,2,290.04,0.93,N,0
21.66684,96.54105,300.76,0.57,0.52,2026-03-01,1946,N20,VIIRS,n,2,288.77,0.81,N,0
21.66725,96.58623,307.84,0.57,0.52,2026-03-01,1946,N20,VIIRS,n,2,289.29,1.35,N,0
21.66784,94.03513,304.42,0.4,0.44,2026-03-01,1946,N20,VIIRS,n,2,290.63,0.78,N,0
21.66998,94.06802,305.14,0.4,0.44,2026-03-01,1946,N20,VIIRS,n,2,290.81,0.93,N,0
21.67033,96.54782,301.45,0.57,0.52,2026-03-01,1946,N20,VIIRS,n,2,289.86,1.46,N,0
21.67254,94.03236,302.69,0.4,0.44,2026-03-01,1946,N20,VIIRS,n,2,289.9,0.49,N,0
21.6746,94.06845,301.43,0.4,0.44,2026-03-01,1946,N20,VIIRS,n,2,289.06,0.72,N,0
21.67652,94.03337,305.51,0.4,0.44,2026-03-01,1946,N20,VIIRS,n,2,290.42,0.49,N,0
21.68031,84.03958,325.13,0.52,0.42,2026-03-01,1946,N20,VIIRS,n,2,297.4,4.4,N,2
21.68414,84.04015,304.09,0.52,0.42,2026-03-01,1946,N20,VIIRS,n,2,293.24,0.63,N,2
21.68581,94.07532,311.08,0.4,0.44,2026-03-01,1946,N20,VIIRS,n,2,289.9,1.21,N,0
21.68657,94.07146,305.27,0.4,0.44,2026-03-01,1946,N20,VIIRS,n,2,287.88,1.21,N,0
21.68906,94.08017,306.33,0.4,0.44,2026-03-01,1946,N20,VIIRS,n,2,288.45,0.93,N,0
21.69448,96.62122,313.91,0.58,0.52,2026-03-01,1946,N20,VIIRS,n,2,290.27,2.98,N,0
21.6946,97.00288,295.06,0.61,0.53,2026-03-01,1946,N20,VIIRS,n,2,283.56,0.47,N,0
21.7014,97.0669,311.37,0.62,0.54,2026-03-01,1946,N20,VIIRS,n,2,282.81,1.93,N,0
21.71486,94.40664,300.25,0.42,0.45,2026-03-01,1946,N20,VIIRS,n,2,281.91,0.65,N,0
21.71535,84.03976,302.69,0.53,0.42,2026-03-01,1946,N20,VIIRS,n,2,292.31,0.77,N,2
21.71763,94.40668,314.94,0.42,0.45,2026-03-01,1946,N20,VIIRS,n,2,291.49,3.36,N,0
21.71897,94.40749,304.25,0.42,0.45,2026-03-01,1946,N20,VIIRS,n,2,291.53,3.07,N,0
21.7322,82.21161,304.19,0.45,0.47,2026-03-01,1946,N20,VIIRS,n,2,294.05,1.11,N,2
21.73479,83.98049,308.26,0.53,0.42,2026-03-01,1946,N20,VIIRS,n,2,292.84,1.24,N,2
21.74512,83.84049,324.06,0.54,0.42,2026-03-01,1946,N20,VIIRS,n,2,295.52,3.76,N,0
21.74779,83.81974,308.43,0.54,0.42,2026-03-01,1946,N20,VIIRS,n,2,295.34,2.12,N,2
21.74847,83.81449,307.81,0.54,0.42,2026-03-01,1946,N20,VIIRS,n,2,294.45,1.75,N,0
21.74899,83.84103,307.3,0.54,0.42,2026-03-01,1946,N20,VIIRS,n,2,293.55,1.8,N,0
21.75624,84.02535,313.83,0.53,0.42,2026-03-01,1946,N20,VIIRS,n,2,296.13,2.74,N,2
21.76074,84.02084,310.69,0.53,0.42,2026-03-01,1946,N20,VIIRS,n,2,296.15,2.74,N,2
21.76356,84.01769,313.86,0.53,0.42,2026-03-01,1946,N20,VIIRS,n,2,295.47,3.58,N,2
21.76456,84.02142,312.42,0.53,0.42,2026-03-01,1946,N20,VIIRS,n,2,295.95,3.75,N,2
21.76524,84.01631,307.57,0.53,0.42,2026-03-01,1946,N20,VIIRS,n,2,294.31,1.77,N,2
21.76739,84.01828,322.62,0.53,0.42,2026-03-01,1946,N20,VIIRS,n,2,296.96,3.58,N,2
21.76907,84.01688,315.53,0.53,0.42,2026-03-01,1946,N20,VIIRS,n,2,295.79,1.77,N,2
21.77121,84.01885,312.98,0.53,0.42,2026-03-01,1946,N20,VIIRS,n,2,295.8,2.62,N,2
21.77222,84.02255,310.33,0.53,0.42,2026-03-01,1946,N20,VIIRS,n,2,294.49,1.57,N,2
21.78167,82.47987,311.05,0.43,0.46,2026-03-01,1946,N20,VIIRS,n,2,291.36,1.22,N,0
21.78588,82.48046,304.49,0.43,0.46,2026-03-01,1946,N20,VIIRS,n,2,291.86,0.51,N,0
21.79466,94.2304,298.45,0.41,0.45,2026-03-01,1946,N20,VIIRS,n,2,285.37,1.45,N,0
21.80113,82.0388,308.55,0.46,0.47,2026-03-01,1946,N20,VIIRS,n,2,294.08,2.3,N,2
21.802,94.23607,305.84,0.41,0.45,2026-03-01,1946,N20,VIIRS,n,2,290.99,1.19,N,0
21.80246,82.04121,304.76,0.46,0.47,2026-03-01,1946,N20,VIIRS,n,2,294.59,1.91,N,2
21.80276,94.23213,308.93,0.41,0.45,2026-03-01,1946,N20,VIIRS,n,2,291.55,1.19,N,0
21.80351,94.22826,303.98,0.41,0.45,2026-03-01,1946,N20,VIIRS,n,2,291.16,1.4,N,0
21.80873,94.52065,303.87,0.42,0.46,2026-03-01,1946,N20,VIIRS,n,2,289.6,0.72,N,0
21.81254,93.98752,311.76,0.39,0.44,2026-03-01,1946,N20,VIIRS,n,2,292.02,1.43,N,0
21.81472,94.04058,318.95,0.4,0.44,2026-03-01,1946,N20,VIIRS,n,2,290.15,1.54,N,0
21.81871,94.04149,315.12,0.4,0.44,2026-03-01,1946,N20,VIIRS,n,2,289.7,1.54,N,0
21.82113,83.9952,300.2,0.53,0.42,2026-03-01,1946,N20,VIIRS,n,2,289.72,1.38,N,2
21.8227,94.0424,308.28,0.4,0.44,2026-03-01,1946,N20,VIIRS,n,2,289.54,0.79,N,0
21.82443,93.99047,303.41,0.39,0.44,2026-03-01,1946,N20,VIIRS,n,2,289.4,1.03,N,0
21.82516,93.98673,307.51,0.39,0.44,2026-03-01,1946,N20,VIIRS,n,2,289.14,0.59,N,0
21.82743,94.03948,300.43,0.4,0.44,2026-03-01,1946,N20,VIIRS,n,2,290.13,0.79,N,0
21.82962,94.43687,306.76,0.42,0.45,2026-03-01,1946,N20,VIIRS,n,2,290.31,0.95,N,0
21.83034,96.517,299.78,0.56,0.52,2026-03-01,1946,N20,VIIRS,n,2,289.56,1.05,N,0
21.83183,96.51889,304.53,0.56,0.52,2026-03-01,1946,N20,VIIRS,n,2,290.29,2.17,N,0
21.8332,96.52683,306.43,0.57,0.52,2026-03-01,1946,N20,VIIRS,n,2,290.35,1.46,N,0
21.83493,96.51844,301.17,0.56,0.52,2026-03-01,1946,N20,VIIRS,n,2,289.3,1.05,N,0
21.8362,85.49681,298.71,0.45,0.39,2026-03-01,1946,N20,VIIRS,n,2,284.42,1.2,N,0
21.84102,96.68451,304.05,0.58,0.52,2026-03-01,1946,N20,VIIRS,n,2,288.99,1.05,N,0
21.84551,96.68661,299.54,0.58,0.52,2026-03-01,1946,N20,VIIRS,n,2,288.74,0.44,N,0
21.84641,94.20226,298.89,0.41,0.45,2026-03-01,1946,N20,VIIRS,n,2,288.7,0.76,N,0
21.85325,93.92705,305.72,0.39,0.44,2026-03-01,1946,N20,VIIRS,n,2,289.26,0.79,N,0
21.85707,96.65505,298.81,0.57,0.52,2026-03-01,1946,N20,VIIRS,n,2,288.71,0.62,N,0
21.85843,94.29079,299.47,0.41,0.45,2026-03-01,1946,N20,VIIRS,n,2,289.31,0.26,N,0
21.86083,96.66062,307.67,0.58,0.52,2026-03-01,1946,N20,VIIRS,n,2,288.9,1.27,N,0
21.86215,94.27187,308.58,0.41,0.45,2026-03-01,1946,N20,VIIRS,n,2,292.33,1.12,N,0
21.86395,94.15426,305.25,0.4,0.44,2026-03-01,1946,N20,VIIRS,n,2,290.51,1.3,N,0
21.86545,96.66211,304.38,0.58,0.52,2026-03-01,1946,N20,VIIRS,n,2,288.89,1.27,N,0
21.86638,96.65765,301.15,0.57,0.52,2026-03-01,1946,N20,VIIRS,n,2,289.47,1.27,N,0
21.8674,96.6528,304.46,0.57,0.52,2026-03-01,1946,N20,VIIRS,n,2,289.7,1.3,N,0
21.86745,93.91763,301.03,0.39,0.44,2026-03-01,1946,N20,VIIRS,n,2,290.75,0.99,N,0
21.86792,96.81654,297.8,0.59,0.53,2026-03-01,1946,N20,VIIRS,n,2,287.78,0.36,N,0
21.86869,94.15141,309.55,0.4,0.44,2026-03-01,1946,N20,VIIRS,n,2,288.44,1.45,N,0
21.86913,86.76207,306.16,0.41,0.37,2026-03-01,1946,N20,VIIRS,n,2,293.29,0.69,N,0
21.87165,93.93895,304.82,0.39,0.44,2026-03-01,1946,N20,VIIRS,n,2,289.92,0.76,N,0
21.8723,96.67651,301.06,0.58,0.52,2026-03-01,1946,N20,VIIRS,n,2,289.15,1.46,N,0
21.8724,93.93503,308.52,0.39,0.44,2026-03-01,1946,N20,VIIRS,n,2,289.58,0.91,N,0
21.87342,94.49709,299.78,0.42,0.45,2026-03-01,1946,N20,VIIRS,n,2,289.7,0.61,N,0
21.87489,93.94364,305.62,0.39,0.44,2026-03-01,1946,N20,VIIRS,n,2,289.77,1.5,N,0
21.87718,83.49257,302.88,0.57,0.43,2026-03-01,1946,N20,VIIRS,n,2,292.56,0.84,N,2
21.87754,83.55363,305.56,0.56,0.43,2026-03-01,1946,N20,VIIRS,n,2,292.21,1.7,N,2
21.87862,93.9241,298.68,0.39,0.44,2026-03-01,1946,N20,VIIRS,n,2,287.62,0.33,N,0
21.87976,93.98333,301.35,0.39,0.44,2026-03-01,1946,N20,VIIRS,n,2,289.64,0.31,N,0
21.88145,94.15034,301.81,0.4,0.44,2026-03-01,1946,N20,VIIRS,n,2,290.1,0.68,N,0
21.88208,94.14888,303.38,0.4,0.44,2026-03-01,1946,N20,VIIRS,n,2,289.93,0.63,N,0
21.88334,93.92097,312.81,0.39,0.44,2026-03-01,1946,N20,VIIRS,n,2,291.79,1.58,N,0
21.88373,93.98425,309.73,0.39,0.44,2026-03-01,1946,N20,VIIRS,n,2,289.69,1.32,N,0
21.88466,94.15714,299.93,0.4,0.44,2026-03-01,1946,N20,VIIRS,n,2,289.79,1.2,N,0
21.8861,94.14977,305.95,0.4,0.44,2026-03-01,1946,N20,VIIRS,n,2,288.96,0.61,N,0
21.8891,93.97784,312.82,0.39,0.44,2026-03-01,1946,N20,VIIRS,n,2,290.15,1.32,N,0
21.89043,94.17056,298.72,0.4,0.44,2026-03-01,1946,N20,VIIRS,n,2,287.77,0.41,N,0
21.89194,94.16278,304.65,0.4,0.44,2026-03-01,1946,N20,VIIRS,n,2,289,0.69,N,0
21.89942,83.98216,303.33,0.53,0.42,2026-03-01,1946,N20,VIIRS,n,2,291.99,1.25,N,0
21.91011,93.99828,308.39,0.39,0.44,2026-03-01,1946,N20,VIIRS,n,2,290.2,0.79,N,0
21.91081,93.99458,305.86,0.39,0.44,2026-03-01,1946,N20,VIIRS,n,2,289.59,0.79,N,0
21.91102,94.0009,312,0.39,0.44,2026-03-01,1946,N20,VIIRS,n,2,291.35,1.37,N,0
21.91175,93.99717,313.55,0.39,0.44,2026-03-01,1946,N20,VIIRS,n,2,290.94,1.05,N,0
21.91246,93.9935,303.71,0.39,0.44,2026-03-01,1946,N20,VIIRS,n,2,289.79,1.05,N,0
21.91304,94.2708,306.08,0.41,0.45,2026-03-01,1946,N20,VIIRS,n,2,292.11,1.6,N,0
21.91494,94.60313,308.5,0.43,0.46,2026-03-01,1946,N20,VIIRS,n,2,290.53,1.34,N,0
21.91641,93.99451,299.89,0.39,0.44,2026-03-01,1946,N20,VIIRS,n,2,289.53,0.74,N,0
21.91939,83.34997,330.8,0.38,0.44,2026-03-01,1946,N20,VIIRS,n,2,298.41,3.26,N,2
21.92036,93.99554,302.31,0.39,0.44,2026-03-01,1946,N20,VIIRS,n,2,290.46,0.74,N,0
21.9211,93.99176,306.76,0.39,0.44,2026-03-01,1946,N20,VIIRS,n,2,288.83,0.29,N,0
21.92338,83.35056,325.57,0.38,0.44,2026-03-01,1946,N20,VIIRS,n,2,299.28,3.26,N,2
21.92479,83.33939,312.91,0.39,0.44,2026-03-01,1946,N20,VIIRS,n,2,295.84,1.96,N,2
21.9316,78.30859,295.62,0.4,0.6,2026-03-01,1946,N20,VIIRS,n,2,285.29,0.39,N,0
21.94548,96.97026,299.01,0.6,0.53,2026-03-01,1946,N20,VIIRS,n,2,287.17,1.52,N,0
21.94639,94.03276,307.62,0.4,0.44,2026-03-01,1946,N20,VIIRS,n,2,290.76,0.91,N,0
21.95034,94.59838,301.85,0.43,0.46,2026-03-01,1946,N20,VIIRS,n,2,290.99,1.02,N,0
21.95547,94.24728,303.85,0.41,0.45,2026-03-01,1946,N20,VIIRS,n,2,290.88,1.27,N,0
21.96021,94.24451,302.18,0.41,0.45,2026-03-01,1946,N20,VIIRS,n,2,291.79,1.06,N,0
21.96824,96.98142,297.5,0.6,0.53,2026-03-01,1946,N20,VIIRS,n,2,287.27,1.48,N,0
21.96843,94.59392,310.83,0.43,0.46,2026-03-01,1946,N20,VIIRS,n,2,290.77,1.19,N,0
21.96844,96.35247,310.63,0.55,0.51,2026-03-01,1946,N20,VIIRS,n,2,289.95,2.32,N,0
21.9699,84.67961,310.16,0.49,0.4,2026-03-01,1946,N20,VIIRS,n,2,292.07,2.69,N,0
21.97105,94.23173,305.06,0.41,0.45,2026-03-01,1946,N20,VIIRS,n,2,291.77,0.94,N,0
21.9713,94.23158,305.15,0.41,0.45,2026-03-01,1946,N20,VIIRS,n,2,291.84,1.39,N,0
21.97378,94.17316,305.51,0.4,0.44,2026-03-01,1946,N20,VIIRS,n,2,289.66,1.12,N,0
21.98456,83.23226,319.41,0.39,0.44,2026-03-01,1946,N20,VIIRS,n,2,297.01,2.29,N,2
21.99226,93.83651,306.58,0.38,0.44,2026-03-01,1946,N20,VIIRS,n,2,289.44,0.97,N,0
21.99465,94.10716,298.14,0.4,0.44,2026-03-01,1946,N20,VIIRS,n,2,288.11,0.72,N,0
21.99554,93.84077,305.37,0.38,0.44,2026-03-01,1946,N20,VIIRS,n,2,289.69,0.69,N,0
21.99824,86.35391,314.66,0.42,0.38,2026-03-01,1946,N20,VIIRS,n,2,292.76,1.17,N,0
21.99841,94.26517,298.42,0.41,0.45,2026-03-01,1946,N20,VIIRS,n,2,288.11,1.08,N,0
21.99894,94.15487,302.33,0.4,0.44,2026-03-01,1946,N20,VIIRS,n,2,289.3,0.54,N,0
21.99954,93.84133,306.66,0.38,0.44,2026-03-01,1946,N20,VIIRS,n,2,289.46,0.69,N,0
22.00078,94.12403,300.7,0.4,0.44,2026-03-01,1946,N20,VIIRS,n,2,289.15,0.57,N,0
22.00167,86.35445,307.02,0.42,0.38,2026-03-01,1946,N20,VIIRS,n,2,292.45,1.17,N,0
22.00221,94.24567,308.24,0.41,0.45,2026-03-01,1946,N20,VIIRS,n,2,291.29,1.41,N,0
22.00298,94.1556,309.73,0.4,0.44,2026-03-01,1946,N20,VIIRS,n,2,291.26,2.4,N,0
22.00353,93.84192,304.61,0.38,0.44,2026-03-01,1946,N20,VIIRS,n,2,288.93,0.87,N,0
22.00371,94.10903,301.5,0.4,0.44,2026-03-01,1946,N20,VIIRS,n,2,288.8,0.71,N,0
22.00376,82.6683,322.17,0.42,0.45,2026-03-01,1946,N20,VIIRS,n,2,296.06,2.3,N,2
22.00699,94.24271,307.06,0.41,0.45,2026-03-01,1946,N20,VIIRS,n,2,291.86,1.41,N,0
22.00742,82.67304,305.91,0.42,0.45,2026-03-01,1946,N20,VIIRS,n,2,293.03,2.3,N,0
22.00772,94.15276,303.37,0.4,0.44,2026-03-01,1946,N20,VIIRS,n,2,288.85,0.72,N,0
22.01056,94.26768,306.19,0.41,0.45,2026-03-01,1946,N20,VIIRS,n,2,290.54,1.29,N,0
22.01172,94.15369,298.79,0.4,0.44,2026-03-01,1946,N20,VIIRS,n,2,288.49,1.01,N,0
22.01319,93.9649,304.18,0.39,0.44,2026-03-01,1946,N20,VIIRS,n,2,288.71,0.46,N,0
22.01441,94.24783,305.75,0.41,0.45,2026-03-01,1946,N20,VIIRS,n,2,291.64,1.53,N,0
22.01542,83.75555,310.41,0.55,0.43,2026-03-01,1946,N20,VIIRS,n,2,293.6,2.02,N,0
22.01564,83.75704,314.88,0.55,0.43,2026-03-01,1946,N20,VIIRS,n,2,293.91,3.01,N,0
22.01646,94.15083,307.62,0.4,0.44,2026-03-01,1946,N20,VIIRS,n,2,289.24,1.01,N,0
22.01662,83.33681,315.17,0.39,0.44,2026-03-01,1946,N20,VIIRS,n,2,292.41,1.42,N,0
22.01932,83.75613,310.79,0.55,0.43,2026-03-01,1946,N20,VIIRS,n,2,294.7,2.02,N,0
22.01976,94.15536,313.85,0.4,0.44,2026-03-01,1946,N20,VIIRS,n,2,290.91,1.1,N,0
22.02048,94.15169,308.37,0.4,0.44,2026-03-01,1946,N20,VIIRS,n,2,288.64,1.1,N,0
22.02122,94.23438,303.8,0.4,0.45,2026-03-01,1946,N20,VIIRS,n,2,290.95,1.06,N,0
22.02127,83.29951,303.17,0.39,0.44,2026-03-01,1946,N20,VIIRS,n,2,292.08,0.83,N,0
22.02378,94.15624,300.68,0.4,0.44,2026-03-01,1946,N20,VIIRS,n,2,290.02,1.1,N,0
22.0292,83.74148,305.27,0.55,0.43,2026-03-01,1946,N20,VIIRS,n,2,293.08,0.94,N,2
22.02931,83.74296,306.87,0.55,0.43,2026-03-01,1946,N20,VIIRS,n,2,293.34,2.94,N,2
22.03333,83.36579,304.74,0.38,0.44,2026-03-01,1946,N20,VIIRS,n,2,293.67,0.82,N,2
22.0338,83.36209,304.55,0.39,0.44,2026-03-01,1946,N20,VIIRS,n,2,293.76,0.82,N,2
22.03473,83.35471,306.48,0.39,0.44,2026-03-01,1946,N20,VIIRS,n,2,293.58,2.21,N,2
22.03779,83.73875,317.04,0.55,0.43,2026-03-01,1946,N20,VIIRS,n,2,294.74,5.49,N,2
22.03846,83.73344,335.39,0.55,0.43,2026-03-01,1946,N20,VIIRS,n,2,297.43,5.49,N,2
22.03913,83.7281,326.56,0.55,0.43,2026-03-01,1946,N20,VIIRS,n,2,294.19,5.54,N,2
22.0392,83.3516,326.73,0.39,0.44,2026-03-01,1946,N20,VIIRS,n,2,297.08,3.27,N,2
22.0417,83.7393,333.1,0.55,0.43,2026-03-01,1946,N20,VIIRS,n,2,300.1,5.49,N,2
22.04223,94.23437,305.51,0.4,0.45,2026-03-01,1946,N20,VIIRS,n,2,292.23,1.55,N,0
22.04234,94.21194,298.5,0.4,0.44,2026-03-01,1946,N20,VIIRS,n,2,288.31,0.62,N,0
22.04237,83.73398,333.26,0.55,0.43,2026-03-01,1946,N20,VIIRS,n,2,297.93,5.49,N,2
22.04287,94.23103,303.05,0.4,0.45,2026-03-01,1946,N20,VIIRS,n,2,291.56,1.47,N,0
22.04304,83.72867,340.09,0.55,0.43,2026-03-01,1946,N20,VIIRS,n,2,298.27,5.54,N,2
22.04363,88.08405,310.03,0.39,0.36,2026-03-01,1946,N20,VIIRS,n,2,294.46,1.16,N,0
22.04618,96.34348,308.96,0.54,0.51,2026-03-01,1946,N20,VIIRS,n,2,292.03,2.08,N,0
22.04629,94.2351,310.14,0.4,0.45,2026-03-01,1946,N20,VIIRS,n,2,292.44,1.88,N,0
22.04993,96.34863,302.77,0.55,0.51,2026-03-01,1946,N20,VIIRS,n,2,290.77,2.11,N,0
22.05107,88.12344,324.69,0.39,0.36,2026-03-01,1946,N20,VIIRS,n,2,294.09,2.39,N,2
22.05412,94.15063,314.56,0.4,0.44,2026-03-01,1946,N20,VIIRS,n,2,291.55,2.11,N,0
22.05474,88.12358,313.29,0.39,0.36,2026-03-01,1946,N20,VIIRS,n,2,296.85,2.35,N,2
22.05621,94.18339,305.56,0.4,0.44,2026-03-01,1946,N20,VIIRS,n,2,287.76,0.87,N,0
22.05943,94.25424,301.49,0.41,0.45,2026-03-01,1946,N20,VIIRS,n,2,290.78,0.87,N,0
22.05943,94.51233,310.01,0.42,0.45,2026-03-01,1946,N20,VIIRS,n,2,293.91,1.51,N,0
22.05988,96.25397,306.47,0.54,0.51,2026-03-01,1946,N20,VIIRS,n,2,291.49,1.57,N,0
22.06001,83.72033,306,0.55,0.43,2026-03-01,1946,N20,VIIRS,n,2,293.69,1.44,N,0
22.06017,94.50858,304.42,0.42,0.45,2026-03-01,1946,N20,VIIRS,n,2,294.04,1.51,N,0
22.06594,83.70491,310.44,0.55,0.43,2026-03-01,1946,N20,VIIRS,n,2,291.69,1.34,N,2
22.06661,94.10723,298.78,0.4,0.44,2026-03-01,1946,N20,VIIRS,n,2,287.28,0.36,N,0
22.06836,93.90392,331.26,0.39,0.44,2026-03-01,1946,N20,VIIRS,n,2,287.76,3.39,N,0
22.07523,94.28168,307.6,0.41,0.45,2026-03-01,1946,N20,VIIRS,n,2,291.9,1.88,N,0
22.07524,94.28093,307.26,0.41,0.45,2026-03-01,1946,N20,VIIRS,n,2,291.91,1.78,N,0
22.08447,93.88429,303.35,0.39,0.44,2026-03-01,1946,N20,VIIRS,n,2,288.94,0.43,N,0
22.08472,93.92596,300.48,0.39,0.44,2026-03-01,1946,N20,VIIRS,n,2,290.26,0.61,N,0
22.08693,93.95754,304.37,0.39,0.44,2026-03-01,1946,N20,VIIRS,n,2,290.93,1.68,N,0
22.09159,93.95472,305.91,0.39,0.44,2026-03-01,1946,N20,VIIRS,n,2,290.72,1.1,N,0
22.09292,94.60426,312.98,0.42,0.46,2026-03-01,1946,N20,VIIRS,n,2,291.57,1.19,N,0
22.09298,93.99081,298.74,0.39,0.44,2026-03-01,1946,N20,VIIRS,n,2,287.01,0.23,N,0
22.09426,94.16278,304.48,0.4,0.44,2026-03-01,1946,N20,VIIRS,n,2,291.66,1.44,N,0
22.09645,94.1256,328.31,0.4,0.44,2026-03-01,1946,N20,VIIRS,n,2,287.91,2.49,N,0
22.0975,94.16413,313.97,0.4,0.44,2026-03-01,1946,N20,VIIRS,n,2,292.89,1.38,N,0
22.09775,93.94402,303.73,0.39,0.44,2026-03-01,1946,N20,VIIRS,n,2,290.56,0.69,N,0
22.09821,94.16037,302.1,0.4,0.44,2026-03-01,1946,N20,VIIRS,n,2,291.9,1.38,N,0
22.09829,94.16359,310.86,0.4,0.44,2026-03-01,1946,N20,VIIRS,n,2,291.95,1.44,N,0
22.10045,94.12649,302.76,0.4,0.44,2026-03-01,1946,N20,VIIRS,n,2,288.74,0.57,N,0
22.10054,96.35972,300.72,0.55,0.51,2026-03-01,1946,N20,VIIRS,n,2,290.37,0.96,N,0
22.1006,93.90742,298.87,0.39,0.44,2026-03-01,1946,N20,VIIRS,n,2,286.37,0.5,N,0
22.10076,94.12962,302.02,0.4,0.44,2026-03-01,1946,N20,VIIRS,n,2,289.39,1.01,N,0
22.10111,94.2348,309.58,0.4,0.44,2026-03-01,1946,N20,VIIRS,n,2,290.76,1.05,N,0
22.10114,94.60616,300.69,0.42,0.46,2026-03-01,1946,N20,VIIRS,n,2,290.32,0.51,N,0
22.10187,94.23093,303.07,0.4,0.44,2026-03-01,1946,N20,VIIRS,n,2,291.13,1.05,N,0
22.10521,94.14958,298.77,0.4,0.44,2026-03-01,1946,N20,VIIRS,n,2,288.65,0.5,N,0
22.10585,94.23202,302.68,0.4,0.44,2026-03-01,1946,N20,VIIRS,n,2,289.32,0.91,N,0
22.10707,93.87342,299.75,0.38,0.44,2026-03-01,1946,N20,VIIRS,n,2,288.41,0.32,N,0
22.10993,94.14677,300.91,0.4,0.44,2026-03-01,1946,N20,VIIRS,n,2,288.52,0.5,N,0
22.11099,85.25952,299.99,0.46,0.39,2026-03-01,1946,N20,VIIRS,n,2,288.82,1.97,N,0
22.11806,96.27332,299.83,0.54,0.51,2026-03-01,1946,N20,VIIRS,n,2,288.86,1.23,N,0
22.1188,94.4924,302.66,0.42,0.45,2026-03-01,1946,N20,VIIRS,n,2,292.15,0.93,N,0
22.11948,94.48886,307.43,0.42,0.45,2026-03-01,1946,N20,VIIRS,n,2,288.68,0.93,N,0
22.12062,93.88855,304.48,0.39,0.44,2026-03-01,1946,N20,VIIRS,n,2,288.68,1.5,N,0
22.12433,94.20168,300.44,0.4,0.44,2026-03-01,1946,N20,VIIRS,n,2,290.17,0.73,N,0
22.12456,93.88943,320.3,0.39,0.44,2026-03-01,1946,N20,VIIRS,n,2,289.48,1.5,N,0
22.1295,94.13198,300.26,0.4,0.44,2026-03-01,1946,N20,VIIRS,n,2,289.61,0.7,N,0
22.13082,94.01839,301.02,0.39,0.44,2026-03-01,1946,N20,VIIRS,n,2,289.66,0.5,N,0
22.13349,94.13293,302.62,0.4,0.44,2026-03-01,1946,N20,VIIRS,n,2,289.46,0.83,N,0
22.14315,93.87788,301.92,0.38,0.44,2026-03-01,1946,N20,VIIRS,n,2,289.39,0.71,N,0
22.14637,93.88258,307.01,0.38,0.44,2026-03-01,1946,N20,VIIRS,n,2,289.96,0.7,N,0
22.14708,93.87876,304.38,0.38,0.44,2026-03-01,1946,N20,VIIRS,n,2,290.1,1.58,N,0
22.14846,93.87144,300.79,0.38,0.44,2026-03-01,1946,N20,VIIRS,n,2,288.98,0.73,N,0
22.1485,94.44843,309.68,0.42,0.45,2026-03-01,1946,N20,VIIRS,n,2,292.08,1.34,N,0
22.14896,93.88279,302.95,0.38,0.44,2026-03-01,1946,N20,VIIRS,n,2,289.62,0.5,N,0
22.15001,94.19875,304.02,0.4,0.44,2026-03-01,1946,N20,VIIRS,n,2,291.56,1.03,N,0
22.15029,93.88355,305.98,0.38,0.44,2026-03-01,1946,N20,VIIRS,n,2,290.04,0.7,N,0
22.15178,94.44881,307.68,0.41,0.45,2026-03-01,1946,N20,VIIRS,n,2,292.47,1.57,N,0
22.15288,93.88375,301.64,0.38,0.44,2026-03-01,1946,N20,VIIRS,n,2,289.62,0.5,N,0
22.18188,86.27007,304.54,0.42,0.38,2026-03-01,1946,N20,VIIRS,n,2,290.05,1.04,N,0
22.19442,93.88108,302.21,0.38,0.43,2026-03-01,1946,N20,VIIRS,n,2,289.21,0.5,N,0
22.19688,94.47901,309.04,0.42,0.45,2026-03-01,1946,N20,VIIRS,n,2,291.78,1.55,N,0
22.19837,93.88185,300.76,0.38,0.43,2026-03-01,1946,N20,VIIRS,n,2,288.78,0.5,N,0
22.20034,94.19785,302.71,0.4,0.44,2026-03-01,1946,N20,VIIRS,n,2,291.42,1.4,N,0
22.20124,94.19788,303.87,0.4,0.44,2026-03-01,1946,N20,VIIRS,n,2,291.75,1.98,N,0
22.20191,94.19446,303.5,0.4,0.44,2026-03-01,1946,N20,VIIRS,n,2,291.52,0.96,N,0
22.20233,93.88259,300.57,0.38,0.43,2026-03-01,1946,N20,VIIRS,n,2,289.68,0.5,N,0
22.20306,93.87878,302.14,0.38,0.43,2026-03-01,1946,N20,VIIRS,n,2,289.15,0.5,N,0
22.20593,94.19528,304.66,0.4,0.44,2026-03-01,1946,N20,VIIRS,n,2,291.91,0.93,N,0
22.20597,94.23785,302.51,0.4,0.44,2026-03-01,1946,N20,VIIRS,n,2,291.65,1.59,N,0
22.20662,94.19175,300.11,0.4,0.44,2026-03-01,1946,N20,VIIRS,n,2,289.75,0.93,N,0
22.20737,84.54822,306.9,0.5,0.41,2026-03-01,1946,N20,VIIRS,n,2,291.25,2.4,N,2
22.20903,94.59244,309.66,0.42,0.45,2026-03-01,1946,N20,VIIRS,n,2,292.64,1.98,N,0
22.20974,84.86126,308.87,0.48,0.4,2026-03-01,1946,N20,VIIRS,n,2,293.15,1.43,N,2
22.21124,94.83077,302.27,0.44,0.46,2026-03-01,1946,N20,VIIRS,n,2,290.92,0.98,N,0
22.21218,84.87117,323.1,0.48,0.4,2026-03-01,1946,N20,VIIRS,n,2,293,5.07,N,2
22.21342,84.86183,306.71,0.48,0.4,2026-03-01,1946,N20,VIIRS,n,2,293.05,1.43,N,2
22.21748,84.75444,308.89,0.49,0.4,2026-03-01,1946,N20,VIIRS,n,2,290.29,2.4,N,2
22.22023,84.75259,308.58,0.49,0.4,2026-03-01,1946,N20,VIIRS,n,2,291.87,3.83,N,2
22.22051,94.20627,303.76,0.4,0.44,2026-03-01,1946,N20,VIIRS,n,2,290.96,1.15,N,0
22.22343,94.10577,305.08,0.39,0.44,2026-03-01,1946,N20,VIIRS,n,2,289.41,1.29,N,0
22.22492,94.09813,308.99,0.39,0.44,2026-03-01,1946,N20,VIIRS,n,2,290.32,1.06,N,0
22.22566,94.09432,302.18,0.39,0.44,2026-03-01,1946,N20,VIIRS,n,2,289.63,1.06,N,0
22.23187,94.08382,306.11,0.39,0.44,2026-03-01,1946,N20,VIIRS,n,2,290.71,0.91,N,0
22.23451,93.99483,309.2,0.39,0.44,2026-03-01,1946,N20,VIIRS,n,2,290.2,0.84,N,0
22.2367,93.99534,309.23,0.39,0.44,2026-03-01,1946,N20,VIIRS,n,2,290.7,0.9,N,0
22.23831,94.17915,338,0.4,0.44,2026-03-01,1946,N20,VIIRS,n,2,292.96,3.49,N,0
22.23901,94.17555,299.55,0.4,0.44,2026-03-01,1946,N20,VIIRS,n,2,288.58,3.49,N,0
22.2437,94.1944,314.12,0.4,0.44,2026-03-01,1946,N20,VIIRS,n,2,293.27,1.14,N,0
22.24438,94.19093,306.28,0.4,0.44,2026-03-01,1946,N20,VIIRS,n,2,293.04,1.14,N,0
22.25756,86.27746,301.35,0.42,0.38,2026-03-01,1946,N20,VIIRS,n,2,290.68,0.48,N,0
22.25845,94.22629,306.68,0.4,0.44,2026-03-01,1946,N20,VIIRS,n,2,288.94,1.41,N,0
22.26288,85.96146,306.89,0.43,0.38,2026-03-01,1946,N20,VIIRS,n,2,291.65,0.92,N,0
22.26318,94.22343,302.55,0.4,0.44,2026-03-01,1946,N20,VIIRS,n,2,289.36,0.77,N,0
22.26516,75.12757,304.01,0.65,0.73,2026-03-01,1946,N20,VIIRS,n,2,291.69,2.34,N,2
22.26858,75.13187,305.15,0.65,0.73,2026-03-01,1946,N20,VIIRS,n,2,293.77,2.09,N,2
22.26867,93.93678,304.63,0.39,0.44,2026-03-01,1946,N20,VIIRS,n,2,288.47,0.68,N,0
22.29043,94.60387,305.62,0.42,0.45,2026-03-01,1946,N20,VIIRS,n,2,291.72,0.79,N,0
22.2977,93.89258,303.96,0.38,0.43,2026-03-01,1946,N20,VIIRS,n,2,289.79,0.45,N,0
22.30093,93.93996,302.28,0.39,0.44,2026-03-01,1946,N20,VIIRS,n,2,288.98,0.67,N,0
22.30252,94.19228,315.22,0.4,0.44,2026-03-01,1946,N20,VIIRS,n,2,291.99,2.13,N,0
22.30655,94.19302,305.05,0.4,0.44,2026-03-01,1946,N20,VIIRS,n,2,291.72,0.94,N,0
22.31284,82.53032,304.74,0.43,0.46,2026-03-01,1946,N20,VIIRS,n,2,294.45,1.81,N,2
22.31333,82.52609,328.86,0.44,0.46,2026-03-01,1946,N20,VIIRS,n,2,294.77,3.26,N,2
22.31477,94.43517,301.46,0.41,0.45,2026-03-01,1946,N20,VIIRS,n,2,289.52,0.5,N,0
22.31656,82.53515,308.28,0.43,0.46,2026-03-01,1946,N20,VIIRS,n,2,295.34,1.26,N,2
22.31679,82.56947,303.29,0.43,0.46,2026-03-01,1946,N20,VIIRS,n,2,293.11,0.91,N,0
22.31706,82.53094,309.21,0.43,0.46,2026-03-01,1946,N20,VIIRS,n,2,296.44,1.26,N,2
22.32456,93.96693,318.31,0.39,0.44,2026-03-01,1946,N20,VIIRS,n,2,291.53,2.21,N,0
22.32522,93.96346,302.79,0.39,0.44,2026-03-01,1946,N20,VIIRS,n,2,290.05,0.63,N,0
22.32587,93.96,300.61,0.39,0.44,2026-03-01,1946,N20,VIIRS,n,2,289.35,0.63,N,0
22.32652,93.95659,305.45,0.39,0.44,2026-03-01,1946,N20,VIIRS,n,2,288.74,0.74,N,0
22.32965,82.60517,326.16,0.43,0.46,2026-03-01,1946,N20,VIIRS,n,2,294.18,2.32,N,2
22.33113,93.95394,299.79,0.39,0.44,2026-03-01,1946,N20,VIIRS,n,2,288.54,0.74,N,0
22.33318,82.57576,307.97,0.43,0.46,2026-03-01,1946,N20,VIIRS,n,2,293.94,0.93,N,2
22.33385,82.60577,311.6,0.43,0.46,2026-03-01,1946,N20,VIIRS,n,2,294.17,1,N,2
22.33566,82.55504,306.38,0.43,0.46,2026-03-01,1946,N20,VIIRS,n,2,293.47,1.08,N,0
22.33739,82.57636,309.49,0.43,0.46,2026-03-01,1946,N20,VIIRS,n,2,294.08,1.31,N,2
22.33789,82.57217,310.07,0.43,0.46,2026-03-01,1946,N20,VIIRS,n,2,293.39,1.35,N,2
22.34811,93.90743,302.49,0.38,0.43,2026-03-01,1946,N20,VIIRS,n,2,289.36,0.69,N,0
22.34879,93.90382,305.1,0.38,0.43,2026-03-01,1946,N20,VIIRS,n,2,289.36,0.69,N,0
22.35151,93.84603,299,0.57,0.43,2026-03-01,1946,N20,VIIRS,n,2,288.41,0.71,N,0
22.35383,94.81785,300.91,0.43,0.46,2026-03-01,1946,N20,VIIRS,n,2,289.92,0.77,N,0
22.3566,82.30535,312.38,0.45,0.47,2026-03-01,1946,N20,VIIRS,n,2,293.53,1.51,N,2
22.35712,82.30097,306.96,0.45,0.47,2026-03-01,1946,N20,VIIRS,n,2,293.05,1.51,N,2
22.35714,94.2165,303.98,0.4,0.44,2026-03-01,1946,N20,VIIRS,n,2,287.55,0.8,N,0
22.35847,94.44998,297.98,0.41,0.45,2026-03-01,1946,N20,VIIRS,n,2,287.74,0.64,N,0
22.36141,82.30161,307.12,0.45,0.47,2026-03-01,1946,N20,VIIRS,n,2,293.43,1.61,N,2
22.36313,93.97151,304.84,0.39,0.44,2026-03-01,1946,N20,VIIRS,n,2,290.96,1.16,N,0
22.36484,93.98391,301.49,0.39,0.44,2026-03-01,1946,N20,VIIRS,n,2,289.69,0.37,N,0
22.367,93.97275,301.31,0.39,0.44,2026-03-01,1946,N20,VIIRS,n,2,289.94,0.66,N,0
22.37603,94.53056,301.56,0.42,0.45,2026-03-01,1946,N20,VIIRS,n,2,287.18,0.46,N,0
22.38306,94.73483,306.79,0.43,0.46,2026-03-01,1946,N20,VIIRS,n,2,289.51,1.17,N,0
22.38689,94.82606,310.43,0.43,0.46,2026-03-01,1946,N20,VIIRS,n,2,290.49,1.71,N,0
22.38731,94.75725,300.36,0.43,0.46,2026-03-01,1946,N20,VIIRS,n,2,289.81,0.51,N,0
22.3937,94.72444,299.31,0.43,0.46,2026-03-01,1946,N20,VIIRS,n,2,289.25,0.97,N,0
22.3953,86.46471,302.18,0.42,0.38,2026-03-01,1946,N20,VIIRS,n,2,291.3,0.53,N,0
22.39591,94.49426,297.17,0.41,0.45,2026-03-01,1946,N20,VIIRS,n,2,287.14,0.47,N,0
22.41235,94.18925,301.43,0.4,0.44,2026-03-01,1946,N20,VIIRS,n,2,290.64,1.51,N,0
22.4192,86.29955,303.65,0.42,0.38,2026-03-01,1946,N20,VIIRS,n,2,290.85,1.23,N,0
22.41977,86.29554,303.88,0.42,0.38,2026-03-01,1946,N20,VIIRS,n,2,291.51,1.08,N,0
22.42325,94.04451,305.53,0.39,0.44,2026-03-01,1946,N20,VIIRS,n,2,287.54,1.24,N,0
22.42541,86.34872,302.91,0.42,0.38,2026-03-01,1946,N20,VIIRS,n,2,292.06,1.09,N,0
22.42568,93.96667,303.59,0.38,0.44,2026-03-01,1946,N20,VIIRS,n,2,290.62,1.32,N,0
22.42633,93.96326,309.43,0.38,0.44,2026-03-01,1946,N20,VIIRS,n,2,289.61,1.15,N,0
22.43293,93.97177,305.49,0.39,0.44,2026-03-01,1946,N20,VIIRS,n,2,290.28,0.99,N,0
22.43626,94.59305,305.33,0.42,0.45,2026-03-01,1946,N20,VIIRS,n,2,290.04,0.58,N,0
22.4391,86.30183,308.94,0.42,0.38,2026-03-01,1946,N20,VIIRS,n,2,291.88,0.99,N,0
22.44421,93.95551,305.57,0.38,0.43,2026-03-01,1946,N20,VIIRS,n,2,288.89,0.57,N,0
22.44469,82.68317,305.96,0.43,0.46,2026-03-01,1946,N20,VIIRS,n,2,292.19,0.8,N,0
22.45009,94.58762,312.09,0.42,0.45,2026-03-01,1946,N20,VIIRS,n,2,290.76,1.37,N,0
22.4508,94.58393,307.81,0.42,0.45,2026-03-01,1946,N20,VIIRS,n,2,289.99,1.37,N,0
22.45819,86.34133,304.27,0.42,0.38,2026-03-01,1946,N20,VIIRS,n,2,291.66,1.23,N,0
22.46005,94.51356,300.45,0.41,0.45,2026-03-01,1946,N20,VIIRS,n,2,288.15,0.63,N,0
22.4648,93.97039,301.28,0.38,0.44,2026-03-01,1946,N20,VIIRS,n,2,289.43,0.44,N,0
22.46757,93.99838,308.67,0.39,0.44,2026-03-01,1946,N20,VIIRS,n,2,291.09,1.46,N,0
22.4693,94.01069,308.83,0.39,0.44,2026-03-01,1946,N20,VIIRS,n,2,290.32,0.83,N,0
22.47004,94.00688,300.71,0.39,0.44,2026-03-01,1946,N20,VIIRS,n,2,290.5,0.83,N,0
22.47077,94.00308,314.48,0.39,0.44,2026-03-01,1946,N20,VIIRS,n,2,291.65,1.05,N,0
22.47149,93.99939,307.7,0.39,0.44,2026-03-01,1946,N20,VIIRS,n,2,290.19,1.05,N,0
22.47292,94.22761,302.02,0.4,0.44,2026-03-01,1946,N20,VIIRS,n,2,291.44,1.51,N,0
22.47685,93.99295,306.25,0.39,0.44,2026-03-01,1946,N20,VIIRS,n,2,288.76,1.07,N,0
22.4814,94.03325,301.27,0.39,0.44,2026-03-01,1946,N20,VIIRS,n,2,287.94,0.7,N,0
22.50229,94.01022,307.43,0.39,0.44,2026-03-01,1946,N20,VIIRS,n,2,289.95,1.06,N,0
22.50256,94.03027,299.42,0.39,0.44,2026-03-01,1946,N20,VIIRS,n,2,287.78,0.37,N,0
22.50945,94.01578,300.65,0.39,0.44,2026-03-01,1946,N20,VIIRS,n,2,289.75,0.72,N,0
22.51148,94.15651,321.01,0.39,0.44,2026-03-01,1946,N20,VIIRS,n,2,289.16,1.26,N,0
22.52919,93.97687,308.06,0.38,0.43,2026-03-01,1946,N20,VIIRS,n,2,290.92,0.74,N,0
22.53312,93.97775,303.75,0.38,0.43,2026-03-01,1946,N20,VIIRS,n,2,291.8,0.76,N,0
22.54634,94.01631,304.99,0.39,0.44,2026-03-01,1946,N20,VIIRS,n,2,291.43,1.02,N,0
22.54706,94.01251,311.05,0.39,0.44,2026-03-01,1946,N20,VIIRS,n,2,291.18,1.09,N,0
22.55165,94.00994,307.84,0.39,0.44,2026-03-01,1946,N20,VIIRS,n,2,289.05,1.77,N,0
22.60244,93.61071,311.9,0.55,0.43,2026-03-01,1946,N20,VIIRS,n,2,281.62,1.21,N,0
22.60628,93.61158,297.5,0.55,0.43,2026-03-01,1946,N20,VIIRS,n,2,280.29,1.21,N,0
22.78874,87.05852,306.77,0.4,0.37,2026-03-01,1946,N20,VIIRS,n,2,290.71,0.65,N,0
22.78925,86.19749,311.75,0.43,0.38,2026-03-01,1946,N20,VIIRS,n,2,293.76,3.53,N,2
22.80091,86.08812,305.87,0.43,0.38,2026-03-01,1946,N20,VIIRS,n,2,293.62,0.86,N,2
22.81196,86.08567,311.93,0.43,0.38,2026-03-01,1946,N20,VIIRS,n,2,294.26,1.57,N,2
22.81255,86.08148,318.25,0.43,0.38,2026-03-01,1946,N20,VIIRS,n,2,292.64,1.5,N,2
22.82423,77.10202,314.27,0.49,0.65,2026-03-01,1946,N20,VIIRS,n,2,290.98,2.51,N,0
22.82779,77.10446,309.57,0.49,0.65,2026-03-01,1946,N20,VIIRS,n,2,290.93,1.13,N,0
22.82821,77.09967,301.51,0.49,0.65,2026-03-01,1946,N20,VIIRS,n,2,289.85,1.13,N,0
22.86715,85.84318,309.26,0.44,0.39,2026-03-01,1946,N20,VIIRS,n,2,291.37,2.73,N,0
22.86773,85.83894,309.11,0.44,0.39,2026-03-01,1946,N20,VIIRS,n,2,290.96,1.78,N,0
22.8726,86.06113,304.12,0.44,0.38,2026-03-01,1946,N20,VIIRS,n,2,290.21,1.56,N,2
22.8761,86.0617,310.87,0.44,0.38,2026-03-01,1946,N20,VIIRS,n,2,291.09,1.91,N,2
23.16479,82.34272,303.61,0.46,0.47,2026-03-01,1946,N20,VIIRS,n,2,291.74,1.68,N,2
23.16532,82.33828,318.44,0.46,0.47,2026-03-01,1946,N20,VIIRS,n,2,292.86,1.68,N,2
23.16584,82.33392,304.71,0.46,0.47,2026-03-01,1946,N20,VIIRS,n,2,291.44,0.83,N,2
23.16703,82.34026,321.83,0.46,0.47,2026-03-01,1946,N20,VIIRS,n,2,293.25,2.07,N,2
23.16753,82.33582,308.39,0.46,0.47,2026-03-01,1946,N20,VIIRS,n,2,292.16,2.07,N,2
23.29898,87.16126,302.84,0.4,0.37,2026-03-01,1946,N20,VIIRS,n,2,288.18,0.57,N,0
23.30111,87.21791,313.42,0.4,0.37,2026-03-01,1946,N20,VIIRS,n,2,290.82,1.13,N,0
23.41348,85.25291,298.79,0.48,0.4,2026-03-01,1946,N20,VIIRS,n,2,288.03,0.43,N,0
23.42585,87.17842,300.43,0.41,0.37,2026-03-01,1946,N20,VIIRS,n,2,290.25,0.51,N,0
23.48359,87.36014,304.35,0.4,0.37,2026-03-01,1946,N20,VIIRS,n,2,292.22,1.28,N,2
23.513,87.27698,304.93,0.4,0.37,2026-03-01,1946,N20,VIIRS,n,2,293.04,1.12,N,2
23.53393,87.39291,300.57,0.4,0.37,2026-03-01,1946,N20,VIIRS,n,2,288.79,0.42,N,0
23.54851,87.24689,314.09,0.4,0.37,2026-03-01,1946,N20,VIIRS,n,2,292.8,0.97,N,2
23.54869,86.54353,305.73,0.42,0.38,2026-03-01,1946,N20,VIIRS,n,2,291.88,1.63,N,2
23.55189,87.24749,305.5,0.4,0.37,2026-03-01,1946,N20,VIIRS,n,2,294.1,1.23,N,3
23.55246,87.24355,308.82,0.4,0.37,2026-03-01,1946,N20,VIIRS,n,2,294.46,1.11,N,3
23.55273,86.53996,302.23,0.42,0.38,2026-03-01,1946,N20,VIIRS,n,2,290.14,1.5,N,2
23.55584,87.24414,304.52,0.4,0.37,2026-03-01,1946,N20,VIIRS,n,2,291.82,1.11,N,3
23.55641,87.24021,313.6,0.4,0.37,2026-03-01,1946,N20,VIIRS,n,2,292.45,1.11,N,2
23.55921,87.24472,302.52,0.4,0.37,2026-03-01,1946,N20,VIIRS,n,2,290.46,1.14,N,2
23.55979,87.24078,321.35,0.4,0.37,2026-03-01,1946,N20,VIIRS,n,2,292.05,1.14,N,2
23.58204,86.72402,315.92,0.42,0.38,2026-03-01,1946,N20,VIIRS,n,2,293.5,1.25,N,0
23.60069,85.69789,307.32,0.46,0.39,2026-03-01,1946,N20,VIIRS,n,2,289.01,1.82,N,0
23.60192,85.69982,307.43,0.46,0.39,2026-03-01,1946,N20,VIIRS,n,2,290.28,2.24,N,0
23.60366,87.3998,302.99,0.4,0.37,2026-03-01,1946,N20,VIIRS,n,2,288.75,0.61,N,0
23.61448,86.79202,306.11,0.42,0.37,2026-03-01,1946,N20,VIIRS,n,2,292.17,0.97,N,2
23.61505,86.78802,313.66,0.42,0.37,2026-03-01,1946,N20,VIIRS,n,2,294.15,1.85,N,2
23.6216,86.88838,300.57,0.41,0.37,2026-03-01,1946,N20,VIIRS,n,2,289.81,0.43,N,0
23.63137,86.29501,302.4,0.43,0.38,2026-03-01,1946,N20,VIIRS,n,2,291.77,1.7,N,2
23.63319,86.83246,300.12,0.42,0.37,2026-03-01,1946,N20,VIIRS,n,2,289.11,0.35,N,2
23.6403,85.39861,299.34,0.47,0.4,2026-03-01,1946,N20,VIIRS,n,2,288.88,0.33,N,2
23.64635,85.43713,316.5,0.47,0.4,2026-03-01,1946,N20,VIIRS,n,2,289.88,1.38,N,2
23.64997,85.43774,297.65,0.47,0.4,2026-03-01,1946,N20,VIIRS,n,2,285.26,1.38,N,2
23.66345,87.15615,306.91,0.41,0.37,2026-03-01,1946,N20,VIIRS,n,2,293.04,1.89,N,0
23.66402,86.9106,303.74,0.41,0.37,2026-03-01,1946,N20,VIIRS,n,2,290.37,1.48,N,2
23.6643,85.5519,302.01,0.46,0.39,2026-03-01,1946,N20,VIIRS,n,2,289.49,0.73,N,2
23.66684,87.15674,305.78,0.41,0.37,2026-03-01,1946,N20,VIIRS,n,2,292.87,1.7,N,0
23.66999,86.09219,307.98,0.44,0.38,2026-03-01,1946,N20,VIIRS,n,2,291.95,1.85,N,2
23.6742,86.3968,314.01,0.43,0.38,2026-03-01,1946,N20,VIIRS,n,2,297.94,2.39,N,2
23.67469,86.08414,302.36,0.44,0.38,2026-03-01,1946,N20,VIIRS,n,2,291.34,1.98,N,2
23.67703,86.09334,304.52,0.44,0.38,2026-03-01,1946,N20,VIIRS,n,2,290.84,1.33,N,2
23.67708,86.40159,315.27,0.43,0.38,2026-03-01,1946,N20,VIIRS,n,2,297.2,2.39,N,2
23.67767,86.39741,321.76,0.43,0.38,2026-03-01,1946,N20,VIIRS,n,2,299.37,2.39,N,2
23.67821,86.08471,321.34,0.44,0.38,2026-03-01,1946,N20,VIIRS,n,2,294.77,1.98,N,2
23.67826,86.3932,312.25,0.43,0.38,2026-03-01,1946,N20,VIIRS,n,2,293.16,2.27,N,2
23.68055,86.0939,320.42,0.44,0.38,2026-03-01,1946,N20,VIIRS,n,2,292.62,3.16,N,2
23.68114,86.39801,313.68,0.43,0.38,2026-03-01,1946,N20,VIIRS,n,2,295.64,2.23,N,2
23.68173,86.39381,313.52,0.43,0.38,2026-03-01,1946,N20,VIIRS,n,2,293.97,1.96,N,2
23.68233,86.08097,301.61,0.44,0.39,2026-03-01,1946,N20,VIIRS,n,2,291.08,1.07,N,2
23.68233,86.38957,318.07,0.43,0.38,2026-03-01,1946,N20,VIIRS,n,2,291.97,1.96,N,2
23.68443,87.13132,304.08,0.41,0.37,2026-03-01,1946,N20,VIIRS,n,2,290.98,0.48,N,2
23.68521,86.3944,322.56,0.43,0.38,2026-03-01,1946,N20,VIIRS,n,2,295.41,1.96,N,2
23.68581,86.39017,321.57,0.43,0.38,2026-03-01,1946,N20,VIIRS,n,2,293.23,1.96,N,2
23.68617,87.11939,297.69,0.41,0.37,2026-03-01,1946,N20,VIIRS,n,2,286.39,0.24,N,2
23.68906,87.09954,314.64,0.41,0.37,2026-03-01,1946,N20,VIIRS,n,2,294.76,2.45,N,2
23.68928,86.39076,306.84,0.43,0.38,2026-03-01,1946,N20,VIIRS,n,2,295.63,2.04,N,2
23.68956,87.11998,305.3,0.41,0.37,2026-03-01,1946,N20,VIIRS,n,2,287.64,0.24,N,2
23.68988,86.38654,309.88,0.43,0.38,2026-03-01,1946,N20,VIIRS,n,2,295.6,1.89,N,2
23.69237,87.12453,304.03,0.41,0.37,2026-03-01,1946,N20,VIIRS,n,2,291.03,1.44,N,2
23.69295,87.12057,318.57,0.41,0.37,2026-03-01,1946,N20,VIIRS,n,2,291.83,1.84,N,2
23.69526,87.10468,310.31,0.41,0.37,2026-03-01,1946,N20,VIIRS,n,2,291.92,1.88,N,2
23.6961,85.36989,303.11,0.47,0.4,2026-03-01,1946,N20,VIIRS,n,2,290.62,1.28,N,0
23.69672,85.36528,301.55,0.47,0.4,2026-03-01,1946,N20,VIIRS,n,2,290.1,1,N,0
23.70932,86.44989,318.51,0.43,0.38,2026-03-01,1946,N20,VIIRS,n,2,293.94,1.98,N,2
23.70992,86.44571,302.71,0.43,0.38,2026-03-01,1946,N20,VIIRS,n,2,291.64,1.98,N,0
23.70995,85.40517,298.39,0.47,0.4,2026-03-01,1946,N20,VIIRS,n,2,288.11,0.51,N,2
23.71143,86.44835,333.43,0.43,0.38,2026-03-01,1946,N20,VIIRS,n,2,297.69,2.94,N,2
23.71279,86.45048,338.4,0.43,0.38,2026-03-01,1946,N20,VIIRS,n,2,298.76,1.98,N,2
23.71339,86.44629,305.39,0.43,0.38,2026-03-01,1946,N20,VIIRS,n,2,292.04,1.98,N,2
23.71431,86.45313,321.78,0.43,0.38,2026-03-01,1946,N20,VIIRS,n,2,294,2.65,N,2
23.71433,86.42738,306.44,0.43,0.38,2026-03-01,1946,N20,VIIRS,n,2,293.44,1.18,N,0
23.7149,86.44894,312.18,0.43,0.38,2026-03-01,1946,N20,VIIRS,n,2,293.15,2.94,N,2
23.71491,86.4232,308.63,0.43,0.38,2026-03-01,1946,N20,VIIRS,n,2,294.48,1.68,N,0
23.71578,86.42954,310.79,0.43,0.38,2026-03-01,1946,N20,VIIRS,n,2,294.03,2.08,N,0
23.71698,86.42118,305.28,0.43,0.38,2026-03-01,1946,N20,VIIRS,n,2,292.34,3.02,N,0
23.7178,86.42797,304.08,0.43,0.38,2026-03-01,1946,N20,VIIRS,n,2,292.48,1.18,N,0
23.71896,86.4196,316.53,0.43,0.38,2026-03-01,1946,N20,VIIRS,n,2,292.43,1.68,N,0
23.71953,86.44115,311.53,0.43,0.38,2026-03-01,1946,N20,VIIRS,n,2,294.46,1.57,N,2
23.72128,85.00784,304.98,0.49,0.41,2026-03-01,1946,N20,VIIRS,n,2,289.75,1.07,N,2
23.72358,86.43755,311.6,0.43,0.38,2026-03-01,1946,N20,VIIRS,n,2,295.21,1.57,N,2
23.72647,86.44234,307.84,0.43,0.38,2026-03-01,1946,N20,VIIRS,n,2,295.65,2.28,N,2
23.73458,86.43511,307.77,0.43,0.38,2026-03-01,1946,N20,VIIRS,n,2,295.9,2.21,N,2
23.73675,85.00542,300.38,0.49,0.41,2026-03-01,1946,N20,VIIRS,n,2,288.52,0.64,N,2
23.73805,86.4357,323.16,0.43,0.38,2026-03-01,1946,N20,VIIRS,n,2,297.72,2.21,N,2
23.73863,86.43152,324.84,0.43,0.38,2026-03-01,1946,N20,VIIRS,n,2,296.23,2.21,N,2
23.74046,85.006,303.86,0.49,0.41,2026-03-01,1946,N20,VIIRS,n,2,289.81,0.7,N,2
23.7451,85.50693,309.3,0.47,0.4,2026-03-01,1946,N20,VIIRS,n,2,289.72,0.94,N,2
23.75139,86.41653,321.15,0.43,0.38,2026-03-01,1946,N20,VIIRS,n,2,294.92,2.69,N,2
23.75374,86.3997,308.14,0.43,0.38,2026-03-01,1946,N20,VIIRS,n,2,293.26,1.81,N,2
23.75433,86.39548,319.61,0.43,0.38,2026-03-01,1946,N20,VIIRS,n,2,293.21,1.4,N,0
23.75663,86.40451,314.18,0.43,0.38,2026-03-01,1946,N20,VIIRS,n,2,293.92,1.81,N,2
23.75715,85.85244,315.07,0.45,0.39,2026-03-01,1946,N20,VIIRS,n,2,294.41,3.53,N,2
23.75781,86.39607,305.87,0.43,0.38,2026-03-01,1946,N20,VIIRS,n,2,293.83,1.4,N,2
23.75794,86.76882,301.56,0.42,0.38,2026-03-01,1946,N20,VIIRS,n,2,289.79,0.64,N,0
23.7607,86.40089,327.67,0.43,0.38,2026-03-01,1946,N20,VIIRS,n,2,296.95,2.32,N,2
23.76358,86.4057,314.03,0.43,0.38,2026-03-01,1946,N20,VIIRS,n,2,294.56,2.32,N,2
23.76364,86.37984,308.1,0.43,0.38,2026-03-01,1946,N20,VIIRS,n,2,293.49,1.6,N,2
23.76417,86.40147,321.05,0.43,0.38,2026-03-01,1946,N20,VIIRS,n,2,294.78,2.32,N,2
23.76535,86.39305,308.81,0.43,0.38,2026-03-01,1946,N20,VIIRS,n,2,297.07,3.22,N,2
23.76706,86.40628,323.2,0.43,0.38,2026-03-01,1946,N20,VIIRS,n,2,296.34,2.43,N,2
23.76711,86.38045,308.82,0.43,0.38,2026-03-01,1946,N20,VIIRS,n,2,295.13,1.6,N,2
23.76765,86.40205,317.39,0.43,0.38,2026-03-01,1946,N20,VIIRS,n,2,295.3,2.43,N,2
23.76829,86.37203,311.17,0.43,0.38,2026-03-01,1946,N20,VIIRS,n,2,295.97,2.34,N,2
23.77296,86.36417,326.81,0.43,0.38,2026-03-01,1946,N20,VIIRS,n,2,293.94,2.83,N,2
23.77349,86.38584,308.04,0.43,0.38,2026-03-01,1946,N20,VIIRS,n,2,295.31,2.99,N,2
23.77644,86.36475,318.07,0.43,0.38,2026-03-01,1946,N20,VIIRS,n,2,295.36,2.83,N,2
23.77671,86.2085,309.91,0.44,0.38,2026-03-01,1946,N20,VIIRS,n,2,293.39,3.74,N,2
23.77696,86.38644,321.07,0.43,0.38,2026-03-01,1946,N20,VIIRS,n,2,295.69,3.18,N,2
23.77985,86.39123,341.67,0.43,0.38,2026-03-01,1946,N20,VIIRS,n,2,299.28,3.18,N,2
23.78021,86.20911,336.96,0.44,0.38,2026-03-01,1946,N20,VIIRS,n,2,294.71,6.38,N,2
23.78044,86.38703,319.09,0.43,0.38,2026-03-01,1946,N20,VIIRS,n,2,293.81,3.18,N,2
23.78178,85.56397,302.53,0.47,0.39,2026-03-01,1946,N20,VIIRS,n,2,290.91,0.97,N,0
23.78222,86.37437,304.31,0.43,0.38,2026-03-01,1946,N20,VIIRS,n,2,293.15,2.42,N,2
23.78333,86.39182,308.69,0.43,0.38,2026-03-01,1946,N20,VIIRS,n,2,294.13,1.37,N,2
23.78723,85.55093,306.66,0.47,0.39,2026-03-01,1946,N20,VIIRS,n,2,290.62,1.15,N,2
23.79274,86.3502,308.19,0.43,0.38,2026-03-01,1946,N20,VIIRS,n,2,295.47,1.41,N,2
23.79564,86.35502,311.67,0.43,0.38,2026-03-01,1946,N20,VIIRS,n,2,293.42,1.72,N,2
23.79623,86.35078,308.64,0.43,0.38,2026-03-01,1946,N20,VIIRS,n,2,294.75,2.44,N,2
23.79972,86.35137,332.62,0.43,0.38,2026-03-01,1946,N20,VIIRS,n,2,296.4,2.44,N,2
23.80031,86.34715,309.65,0.43,0.38,2026-03-01,1946,N20,VIIRS,n,2,297.5,2.44,N,2
23.80268,86.33028,319.14,0.43,0.38,2026-03-01,1946,N20,VIIRS,n,2,297.93,2.74,N,2
23.8032,86.35197,308.52,0.43,0.38,2026-03-01,1946,N20,VIIRS,n,2,294.18,1.41,N,2
23.80617,86.33085,321.91,0.43,0.38,2026-03-01,1946,N20,VIIRS,n,2,296.46,2.59,N,2
23.80762,84.84248,303.88,0.5,0.41,2026-03-01,1946,N20,VIIRS,n,2,289.43,2.06,N,2
23.8242,85.49632,310.3,0.47,0.4,2026-03-01,1946,N20,VIIRS,n,2,294.92,3.17,N,2
23.82493,85.46364,300.99,0.47,0.4,2026-03-01,1946,N20,VIIRS,n,2,289.3,0.73,N,2
23.82733,84.57413,331.34,0.52,0.42,2026-03-01,1946,N20,VIIRS,n,2,293.49,2.58,N,0
23.83113,84.57474,303.46,0.52,0.42,2026-03-01,1946,N20,VIIRS,n,2,291.15,2.58,N,0
23.8318,84.56964,298.87,0.52,0.42,2026-03-01,1946,N20,VIIRS,n,2,288.67,2.58,N,0
23.83182,84.92829,301.92,0.5,0.41,2026-03-01,1946,N20,VIIRS,n,2,289.3,1.45,N,2
23.8405,84.94949,303.2,0.5,0.41,2026-03-01,1946,N20,VIIRS,n,2,290.26,1.21,N,2
23.88777,85.08018,300.27,0.49,0.4,2026-03-01,1946,N20,VIIRS,n,2,288.19,0.88,N,0
23.89148,85.08076,309.2,0.49,0.4,2026-03-01,1946,N20,VIIRS,n,2,288.88,1.55,N,0
23.98872,79.38908,299.65,0.36,0.57,2026-03-01,1946,N20,VIIRS,n,2,288.89,0.76,N,2
23.99303,79.39062,302.84,0.36,0.57,2026-03-01,1946,N20,VIIRS,n,2,290.52,0.71,N,0
24.16684,82.68842,302.8,0.45,0.47,2026-03-01,1946,N20,VIIRS,n,2,288.91,0.92,N,0
24.18007,82.64972,304.63,0.45,0.47,2026-03-01,1946,N20,VIIRS,n,2,289.02,1.39,N,0
24.2008,82.72169,307.41,0.45,0.47,2026-03-01,1946,N20,VIIRS,n,2,290.34,1.06,N,0
24.48547,77.14297,298.21,0.51,0.66,2026-03-01,1946,N20,VIIRS,n,2,286.38,0.71,N,2
16.901,96.01407,302.36,0.33,0.55,2026-03-01,1947,N20,VIIRS,n,2,290.58,0.28,N,0
17.13784,95.94472,303.48,0.32,0.55,2026-03-01,1947,N20,VIIRS,n,2,292.02,0.8,N,0
17.33487,96.32961,301.31,0.34,0.56,2026-03-01,1947,N20,VIIRS,n,2,290.77,0.22,N,0
17.46427,80.65281,306.95,0.49,0.49,2026-03-01,1947,N20,VIIRS,n,2,294.37,1.31,N,2
17.58268,80.67451,304.72,0.49,0.49,2026-03-01,1947,N20,VIIRS,n,2,294,0.83,N,0
17.61522,83.23621,331.43,0.52,0.41,2026-03-01,1947,N20,VIIRS,n,2,285.31,4.55,N,3
17.87233,77.73038,306.65,0.39,0.59,2026-03-01,1947,N20,VIIRS,n,2,290.46,1.06,N,0
17.95988,80.78024,311.21,0.49,0.49,2026-03-01,1947,N20,VIIRS,n,2,295.42,1.71,N,2
18.04851,77.81184,319.32,0.39,0.59,2026-03-01,1947,N20,VIIRS,n,2,291.24,2.07,N,0
18.14635,94.9407,304.97,0.53,0.5,2026-03-01,1947,N20,VIIRS,n,2,291.26,1.05,N,0
18.17886,96.0871,301.97,0.62,0.54,2026-03-01,1947,N20,VIIRS,n,2,291.34,1.12,N,0
18.31674,94.94009,307.65,0.52,0.5,2026-03-01,1947,N20,VIIRS,n,2,293.21,1.57,N,0
18.43532,77.79996,304.22,0.39,0.6,2026-03-01,1947,N20,VIIRS,n,2,292.01,0.42,N,0
18.43586,77.80087,302.77,0.39,0.6,2026-03-01,1947,N20,VIIRS,n,2,292.01,0.26,N,0
18.4943,77.9294,304.68,0.39,0.59,2026-03-01,1947,N20,VIIRS,n,2,293.44,1.17,N,0
18.54176,83.34307,306.67,0.53,0.42,2026-03-01,1947,N20,VIIRS,n,2,293.85,2.12,N,2
18.54544,94.86246,305.13,0.51,0.49,2026-03-01,1947,N20,VIIRS,n,2,292.94,0.92,N,0
18.54647,94.85713,304.17,0.51,0.49,2026-03-01,1947,N20,VIIRS,n,2,292.62,0.92,N,0
18.71702,79.53694,304.47,0.61,0.53,2026-03-01,1947,N20,VIIRS,n,2,294.03,3.28,N,2
18.72192,79.53767,310.53,0.61,0.53,2026-03-01,1947,N20,VIIRS,n,2,294.91,3.28,N,2
18.73796,78.57701,303.09,0.35,0.57,2026-03-01,1947,N20,VIIRS,n,2,292.91,0.74,N,0
18.88354,76.72627,306.43,0.47,0.64,2026-03-01,1947,N20,VIIRS,n,2,289.38,1.41,N,0
18.95395,76.11303,309.17,0.52,0.66,2026-03-01,1947,N20,VIIRS,n,2,289.72,1.02,N,0
19.08547,77.52186,302.71,0.42,0.61,2026-03-01,1947,N20,VIIRS,n,2,290.45,0.66,N,0
19.09869,82.16525,306.77,0.42,0.45,2026-03-01,1947,N20,VIIRS,n,2,291.55,0.97,N,2
19.10047,82.16612,307.89,0.42,0.45,2026-03-01,1947,N20,VIIRS,n,2,292.45,1.08,N,2
19.10235,82.16977,315.42,0.42,0.45,2026-03-01,1947,N20,VIIRS,n,2,293.54,2.22,N,2
19.10283,82.16582,305.94,0.42,0.45,2026-03-01,1947,N20,VIIRS,n,2,293.02,1.6,N,2
19.33547,83.6399,303,0.52,0.41,2026-03-01,1947,N20,VIIRS,n,2,290.85,0.79,N,0
19.33921,83.64086,302.45,0.52,0.41,2026-03-01,1947,N20,VIIRS,n,2,290.27,0.74,N,0
19.33938,83.63745,309.3,0.52,0.41,2026-03-01,1947,N20,VIIRS,n,2,287.52,1.12,N,0
19.56032,73.77921,298.91,0.74,0.76,2026-03-01,1947,N20,VIIRS,n,2,288.32,0.62,N,0
19.58004,82.58868,307.51,0.4,0.44,2026-03-01,1947,N20,VIIRS,n,2,294.73,1.72,N,0
19.58033,82.58784,306.8,0.4,0.44,2026-03-01,1947,N20,VIIRS,n,2,294.64,1.7,N,0
19.7229,79.17422,307.76,0.33,0.55,2026-03-01,1947,N20,VIIRS,n,2,295.16,0.8,N,2
19.7378,82.52093,310.18,0.4,0.45,2026-03-01,1947,N20,VIIRS,n,2,292.33,0.81,N,0
19.78336,82.52237,312.42,0.4,0.45,2026-03-01,1947,N20,VIIRS,n,2,294.62,1.33,N,0
19.7858,79.14643,305.77,0.33,0.55,2026-03-01,1947,N20,VIIRS,n,2,295.07,0.81,N,2
19.78704,79.06193,305.37,0.34,0.56,2026-03-01,1947,N20,VIIRS,n,2,293.56,0.85,N,0
19.78938,79.06223,305.07,0.34,0.56,2026-03-01,1947,N20,VIIRS,n,2,294.25,0.76,N,0
19.82177,82.35347,304.35,0.41,0.45,2026-03-01,1947,N20,VIIRS,n,2,293.03,0.91,N,0
19.85797,85.3958,312.49,0.43,0.38,2026-03-01,1947,N20,VIIRS,n,2,294.27,1.25,N,3
19.92212,79.11062,305.01,0.34,0.56,2026-03-01,1947,N20,VIIRS,n,2,294.45,0.82,N,2
19.93134,79.12154,306.46,0.34,0.56,2026-03-01,1947,N20,VIIRS,n,2,294.71,1.09,N,0
19.96382,79.33426,317.77,0.32,0.55,2026-03-01,1947,N20,VIIRS,n,2,292.65,1,N,2
19.96416,79.33107,303.57,0.33,0.55,2026-03-01,1947,N20,VIIRS,n,2,292.21,1,N,2
19.9649,79.33419,325.15,0.32,0.55,2026-03-01,1947,N20,VIIRS,n,2,293.16,1.91,N,2
20.11125,81.55019,305.96,0.47,0.48,2026-03-01,1947,N20,VIIRS,n,2,292.35,1.49,N,0
20.11254,79.02637,305.11,0.34,0.56,2026-03-01,1947,N20,VIIRS,n,2,293.47,0.74,N,0
20.12907,79.01845,305.64,0.34,0.56,2026-03-01,1947,N20,VIIRS,n,2,292.22,0.94,N,0
20.12986,79.11126,310.16,0.34,0.56,2026-03-01,1947,N20,VIIRS,n,2,292.89,0.84,N,0
20.13838,82.40268,306.56,0.42,0.45,2026-03-01,1947,N20,VIIRS,n,2,294.2,1.66,N,0
20.14084,82.40246,304.44,0.42,0.45,2026-03-01,1947,N20,VIIRS,n,2,294.29,1.48,N,0
20.20164,82.28503,309.95,0.42,0.45,2026-03-01,1947,N20,VIIRS,n,2,293.18,1.27,N,0
20.42432,82.7916,308.05,0.4,0.44,2026-03-01,1947,N20,VIIRS,n,2,296.37,2.34,N,0
14.23746,77.60936,307.48,0.36,0.57,2026-03-01,1948,N20,VIIRS,n,2,292.98,3.57,N,0
14.23783,77.60625,349.84,0.36,0.57,2026-03-01,1948,N20,VIIRS,n,2,292.77,3.57,N,0
14.2419,78.11853,304.3,0.33,0.55,2026-03-01,1948,N20,VIIRS,n,2,293.22,1.7,N,0
14.24743,78.57628,328.25,0.62,0.54,2026-03-01,1948,N20,VIIRS,n,2,293.26,4.2,N,0
14.25008,77.63775,310.49,0.36,0.57,2026-03-01,1948,N20,VIIRS,n,2,293.33,1.42,N,0
14.39292,77.6474,303.94,0.36,0.57,2026-03-01,1948,N20,VIIRS,n,2,289.34,2.18,N,0
14.3931,77.64773,301.54,0.36,0.57,2026-03-01,1948,N20,VIIRS,n,2,289.12,0.81,N,0
14.39498,77.13122,300.64,0.39,0.59,2026-03-01,1948,N20,VIIRS,n,2,289.47,1.14,N,0
14.39956,78.67364,305.5,0.61,0.53,2026-03-01,1948,N20,VIIRS,n,2,293.39,2.49,N,0
14.45042,76.12663,302.41,0.45,0.63,2026-03-01,1948,N20,VIIRS,n,2,290.29,0.54,N,0
14.45626,76.12717,300.83,0.45,0.63,2026-03-01,1948,N20,VIIRS,n,2,290.75,0.54,N,0
14.45632,76.1258,300.98,0.45,0.63,2026-03-01,1948,N20,VIIRS,n,2,290.55,1.29,N,0
14.62842,77.59334,305.97,0.36,0.58,2026-03-01,1948,N20,VIIRS,n,2,291.62,0.51,N,0
14.87248,78.05103,320.54,0.34,0.56,2026-03-01,1948,N20,VIIRS,n,2,293.32,1.81,N,2
14.87455,78.05234,311.3,0.34,0.56,2026-03-01,1948,N20,VIIRS,n,2,293.31,1.67,N,2
14.92613,78.78396,309.05,0.61,0.53,2026-03-01,1948,N20,VIIRS,n,2,292.89,2.86,N,0
15.02257,78.01149,313.74,0.34,0.56,2026-03-01,1948,N20,VIIRS,n,2,295.35,2.19,N,2
15.06928,75.85448,301.24,0.48,0.65,2026-03-01,1948,N20,VIIRS,n,2,289.98,1.07,N,0
15.12362,73.9595,308.82,0.64,0.72,2026-03-01,1948,N20,VIIRS,n,2,290.35,1.31,N,0
15.12737,73.9586,301.1,0.65,0.73,2026-03-01,1948,N20,VIIRS,n,2,290.34,1.51,N,0
15.16515,76.3765,305.17,0.45,0.63,2026-03-01,1948,N20,VIIRS,n,2,291.05,1.9,N,0
15.16601,76.37444,302.8,0.45,0.63,2026-03-01,1948,N20,VIIRS,n,2,291.17,1.18,N,2
15.16949,73.94379,302.72,0.65,0.73,2026-03-01,1948,N20,VIIRS,n,2,290.78,2.43,N,0
15.17179,76.37512,304.58,0.45,0.63,2026-03-01,1948,N20,VIIRS,n,2,292.01,1.18,N,2
15.17337,76.78473,304.71,0.42,0.61,2026-03-01,1948,N20,VIIRS,n,2,291.45,0.76,N,2
15.17653,76.65279,308.5,0.43,0.62,2026-03-01,1948,N20,VIIRS,n,2,291.85,2.16,N,2
15.1774,77.09747,305.3,0.4,0.6,2026-03-01,1948,N20,VIIRS,n,2,292.1,1.69,N,2
15.179,76.78535,307.2,0.42,0.61,2026-03-01,1948,N20,VIIRS,n,2,292,1.17,N,2
15.18001,76.67331,302.23,0.43,0.62,2026-03-01,1948,N20,VIIRS,n,2,290.05,1.56,N,2
15.18248,77.10185,304.49,0.4,0.6,2026-03-01,1948,N20,VIIRS,n,2,292.15,1.61,N,2
15.20012,75.73698,318.86,0.49,0.65,2026-03-01,1948,N20,VIIRS,n,2,290.2,2.23,N,0
15.20614,75.73772,302.48,0.49,0.65,2026-03-01,1948,N20,VIIRS,n,2,290.14,2.23,N,0
15.20669,75.73258,328.67,0.49,0.65,2026-03-01,1948,N20,VIIRS,n,2,290.84,2.82,N,0
15.20728,75.72717,306.81,0.49,0.65,2026-03-01,1948,N20,VIIRS,n,2,289.31,2.82,N,0
15.22131,78.95879,302.37,0.6,0.53,2026-03-01,1948,N20,VIIRS,n,2,292.28,0.89,N,0
15.33312,76.24446,302.66,0.46,0.63,2026-03-01,1948,N20,VIIRS,n,2,291.61,0.74,N,0
15.3348,76.28347,303.06,0.45,0.63,2026-03-01,1948,N20,VIIRS,n,2,292.56,0.96,N,2
15.34305,77.77571,305.57,0.36,0.57,2026-03-01,1948,N20,VIIRS,n,2,293.25,0.6,N,0
15.34834,77.77625,306.26,0.36,0.57,2026-03-01,1948,N20,VIIRS,n,2,293.84,0.6,N,0
15.34889,77.77556,306.82,0.36,0.57,2026-03-01,1948,N20,VIIRS,n,2,293.17,1.53,N,0
15.38009,75.27597,301.38,0.53,0.67,2026-03-01,1948,N20,VIIRS,n,2,290.06,0.62,N,0
15.6132,78.94682,306.52,0.61,0.53,2026-03-01,1948,N20,VIIRS,n,2,293.8,2.04,N,0
15.66019,73.98662,301.39,0.65,0.73,2026-03-01,1948,N20,VIIRS,n,2,290.32,0.95,N,2
15.94963,75.34872,305.07,0.53,0.67,2026-03-01,1948,N20,VIIRS,n,2,291.12,1.51,N,0
16.21445,78.99498,312.88,0.61,0.54,2026-03-01,1948,N20,VIIRS,n,2,292.51,2.35,N,0
16.36008,81.2829,304.56,0.44,0.46,2026-03-01,1948,N20,VIIRS,n,2,293.26,0.35,N,2
16.48819,80.56059,326.97,0.49,0.48,2026-03-01,1948,N20,VIIRS,n,2,293.24,2.22,N,0
16.49264,80.56121,314.62,0.49,0.48,2026-03-01,1948,N20,VIIRS,n,2,292.92,2.22,N,0
16.73559,82.28147,305.79,0.38,0.43,2026-03-01,1948,N20,VIIRS,n,2,293.6,0.85,N,0
17.18175,80.77473,305.29,0.48,0.48,2026-03-01,1948,N20,VIIRS,n,2,294.24,0.95,N,0
17.1878,78.53204,308.1,0.34,0.56,2026-03-01,1948,N20,VIIRS,n,2,290.84,0.87,N,0
17.46589,80.65575,306.08,0.49,0.49,2026-03-01,1948,N20,VIIRS,n,2,294.3,0.99,N,0
17.66051,73.5118,301.32,0.74,0.76,2026-03-01,1948,N20,VIIRS,n,2,290.15,1.2,N,0
17.81135,73.41773,301.59,0.75,0.77,2026-03-01,1948,N20,VIIRS,n,2,290.24,0.83,N,0
17.8284,74.14516,307.06,0.67,0.74,2026-03-01,1948,N20,VIIRS,n,2,289.57,2.88,N,0
17.83002,74.14708,310.53,0.68,0.74,2026-03-01,1948,N20,VIIRS,n,2,289.23,1.43,N,0
17.84468,73.81432,299.14,0.71,0.75,2026-03-01,1948,N20,VIIRS,n,2,288.21,0.89,N,0
18.00822,73.55275,300.91,0.74,0.76,2026-03-01,1948,N20,VIIRS,n,2,290.35,0.85,N,0
10.9297,77.06344,304.54,0.35,0.57,2026-03-01,1949,N20,VIIRS,n,2,291.2,0.63,N,2
11.49685,77.31255,307.3,0.34,0.56,2026-03-01,1949,N20,VIIRS,n,2,290.91,0.71,N,0
12.10485,75.33971,305.84,0.48,0.65,2026-03-01,1949,N20,VIIRS,n,2,291.05,0.63,N,0
12.25501,77.05948,300.97,0.37,0.58,2026-03-01,1949,N20,VIIRS,n,2,289.95,0.43,N,0
12.41807,78.92649,303.19,0.55,0.51,2026-03-01,1949,N20,VIIRS,n,2,292.75,1.45,N,0
12.6524,78.78007,298.67,0.57,0.52,2026-03-01,1949,N20,VIIRS,n,2,286.94,0.71,N,0
12.65302,78.78234,302.08,0.57,0.52,2026-03-01,1949,N20,VIIRS,n,2,290.06,1.66,N,0
12.6537,78.77694,310.07,0.57,0.52,2026-03-01,1949,N20,VIIRS,n,2,287.01,1.41,N,0
12.65718,78.78049,334.66,0.57,0.52,2026-03-01,1949,N20,VIIRS,n,2,291.52,6.58,N,0
12.6578,78.78281,302.5,0.57,0.52,2026-03-01,1949,N20,VIIRS,n,2,290.44,2.79,N,0
12.65848,78.77737,319.16,0.57,0.52,2026-03-01,1949,N20,VIIRS,n,2,289.82,2.49,N,0
12.78358,77.97379,300.04,0.32,0.55,2026-03-01,1949,N20,VIIRS,n,2,289.34,0.51,N,0
12.81437,78.13354,309.65,0.63,0.54,2026-03-01,1949,N20,VIIRS,n,2,289.59,2.76,N,0
12.81933,78.13432,301.49,0.63,0.54,2026-03-01,1949,N20,VIIRS,n,2,289.35,0.9,N,0
12.81968,77.80726,300.18,0.33,0.55,2026-03-01,1949,N20,VIIRS,n,2,288.72,0.62,N,0
12.85454,79.90541,313.61,0.48,0.48,2026-03-01,1949,N20,VIIRS,n,2,292.51,1.45,N,2
12.91919,79.23164,302.8,0.53,0.5,2026-03-01,1949,N20,VIIRS,n,2,292.75,0.43,N,0
13.10475,78.01166,304.05,0.32,0.55,2026-03-01,1949,N20,VIIRS,n,2,288.71,0.52,N,0
13.10959,77.65807,300.42,0.34,0.56,2026-03-01,1949,N20,VIIRS,n,2,289.86,0.43,N,0
13.14832,79.29436,304.55,0.53,0.5,2026-03-01,1949,N20,VIIRS,n,2,292.41,0.89,N,0
13.24734,79.07912,301.41,0.55,0.51,2026-03-01,1949,N20,VIIRS,n,2,290.83,0.59,N,0
13.24923,79.08162,306.13,0.55,0.51,2026-03-01,1949,N20,VIIRS,n,2,291.92,1.6,N,0
13.30169,78.35217,308.26,0.62,0.54,2026-03-01,1949,N20,VIIRS,n,2,289.35,1.71,N,0
13.33557,79.33215,302.95,0.53,0.5,2026-03-01,1949,N20,VIIRS,n,2,292.43,0.96,N,0
13.35852,78.30133,298.99,0.63,0.54,2026-03-01,1949,N20,VIIRS,n,2,288.44,1.32,N,0
13.35951,78.30305,301.28,0.63,0.54,2026-03-01,1949,N20,VIIRS,n,2,288.8,1.05,N,0
13.36104,79.63451,307.4,0.51,0.49,2026-03-01,1949,N20,VIIRS,n,2,293.46,2.59,N,0
13.36166,79.62972,333.43,0.51,0.49,2026-03-01,1949,N20,VIIRS,n,2,293.95,2.59,N,0
13.37373,75.18658,298.55,0.51,0.66,2026-03-01,1949,N20,VIIRS,n,2,288.55,0.63,N,0
13.39363,80.10115,303.78,0.47,0.48,2026-03-01,1949,N20,VIIRS,n,2,293.62,1.1,N,2
13.43616,79.63559,313.95,0.51,0.49,2026-03-01,1949,N20,VIIRS,n,2,291.71,1.68,N,0
13.46283,79.78314,312.05,0.5,0.49,2026-03-01,1949,N20,VIIRS,n,2,292.53,1.95,N,0
13.47102,79.01051,305.94,0.56,0.52,2026-03-01,1949,N20,VIIRS,n,2,291.15,1.42,N,0
13.47274,79.00778,302.96,0.56,0.52,2026-03-01,1949,N20,VIIRS,n,2,290.21,0.86,N,0
13.57095,76.79681,305.56,0.4,0.6,2026-03-01,1949,N20,VIIRS,n,2,290.63,0.81,N,0
13.59624,78.83353,301.51,0.58,0.52,2026-03-01,1949,N20,VIIRS,n,2,291.11,1.37,N,0
13.6425,78.43675,312.72,0.62,0.54,2026-03-01,1949,N20,VIIRS,n,2,291.09,4.13,N,0
13.64312,78.43189,330.81,0.62,0.54,2026-03-01,1949,N20,VIIRS,n,2,292.49,4.13,N,0
13.64409,78.43668,312.74,0.62,0.54,2026-03-01,1949,N20,VIIRS,n,2,291.9,3.03,N,0
13.64467,78.43188,327.98,0.62,0.54,2026-03-01,1949,N20,VIIRS,n,2,292.22,4.45,N,0
13.69376,79.55607,310.75,0.52,0.5,2026-03-01,1949,N20,VIIRS,n,2,293.11,1.41,N,0
13.69763,79.56213,313.37,0.52,0.5,2026-03-01,1949,N20,VIIRS,n,2,293.03,2.81,N,0
13.77735,78.37649,304.73,0.63,0.54,2026-03-01,1949,N20,VIIRS,n,2,292.07,2.11,N,0
13.77827,78.37827,303.22,0.63,0.54,2026-03-01,1949,N20,VIIRS,n,2,291.41,1.1,N,0
13.77898,78.37237,303.02,0.63,0.54,2026-03-01,1949,N20,VIIRS,n,2,291.63,1.8,N,0
13.83783,78.70193,305.37,0.6,0.53,2026-03-01,1949,N20,VIIRS,n,2,293.55,3.01,N,0
13.85036,78.71968,302.12,0.59,0.53,2026-03-01,1949,N20,VIIRS,n,2,291.98,1.13,N,0
13.94069,78.12837,305.13,0.33,0.55,2026-03-01,1949,N20,VIIRS,n,2,290.53,1.13,N,0
14.03823,75.65059,305.68,0.48,0.65,2026-03-01,1949,N20,VIIRS,n,2,289.62,0.77,N,0
14.04079,77.87995,305.69,0.34,0.56,2026-03-01,1949,N20,VIIRS,n,2,286.13,1.38,N,0
14.04351,77.88232,319.11,0.34,0.56,2026-03-01,1949,N20,VIIRS,n,2,289.8,1.83,N,0
14.04389,77.87923,312.98,0.34,0.56,2026-03-01,1949,N20,VIIRS,n,2,289.03,1.83,N,0
14.0456,77.88357,301.53,0.34,0.56,2026-03-01,1949,N20,VIIRS,n,2,284.49,1.38,N,0
14.04595,77.8806,328.47,0.34,0.56,2026-03-01,1949,N20,VIIRS,n,2,290.51,1.38,N,0
14.04871,77.88258,303.95,0.34,0.56,2026-03-01,1949,N20,VIIRS,n,2,287.49,1.25,N,0
14.16163,77.30437,303.69,0.37,0.58,2026-03-01,1949,N20,VIIRS,n,2,291.49,0.62,N,0
14.24571,76.11049,300.22,0.45,0.63,2026-03-01,1949,N20,VIIRS,n,2,288.53,0.55,N,0
6.99715,80.58604,299.99,0.54,0.42,2026-03-01,1950,N20,VIIRS,n,2,287.2,1.65,N,0
7.11661,79.87327,305.87,0.4,0.44,2026-03-01,1950,N20,VIIRS,n,2,294.61,1.08,N,0
7.12638,80.61241,313.66,0.55,0.42,2026-03-01,1950,N20,VIIRS,n,2,290.01,2.21,N,0
7.13029,80.61279,302.67,0.55,0.42,2026-03-01,1950,N20,VIIRS,n,2,290.68,0.82,N,0
7.17343,80.6697,327.01,0.54,0.42,2026-03-01,1950,N20,VIIRS,n,2,292,4.46,N,0
7.17725,80.67059,309.82,0.54,0.42,2026-03-01,1950,N20,VIIRS,n,2,291.02,1.81,N,0
7.37608,80.7098,308.66,0.54,0.42,2026-03-01,1950,N20,VIIRS,n,2,292.36,1.74,N,0
7.38552,80.72614,318.93,0.54,0.42,2026-03-01,1950,N20,VIIRS,n,2,290.27,2.05,N,0
9.02287,80.11372,314.17,0.41,0.45,2026-03-01,1950,N20,VIIRS,n,2,292.02,0.62,N,0
9.0257,80.11401,314.61,0.41,0.45,2026-03-01,1950,N20,VIIRS,n,2,291.98,0.84,N,0
10.28365,77.51231,313.26,0.32,0.55,2026-03-01,1950,N20,VIIRS,n,2,287.19,0.99,N,0
10.28878,77.51208,304.4,0.32,0.55,2026-03-01,1950,N20,VIIRS,n,2,287.13,0.88,N,0
34.42739,74.69088,331.92,0.5,0.49,2026-03-01,2123,N20,VIIRS,n,2,280.5,5.28,N,0
34.49122,74.73367,309.25,0.5,0.49,2026-03-01,2123,N20,VIIRS,n,2,278.51,2.49,N,0
34.49229,74.729,311.48,0.5,0.49,2026-03-01,2123,N20,VIIRS,n,2,278.26,3.24,N,0
34.89249,72.89742,306.06,0.39,0.44,2026-03-01,2123,N20,VIIRS,n,2,283.13,0.61,N,0
35.96473,68.68698,295.51,0.4,0.37,2026-03-01,2123,N20,VIIRS,n,2,280.45,0.86,N,2
35.96804,68.68787,299.49,0.4,0.37,2026-03-01,2123,N20,VIIRS,n,2,283.7,0.86,N,2
30.02885,79.57616,296.04,0.61,0.71,2026-03-01,2124,N20,VIIRS,n,2,279.72,0.83,N,0
30.0299,79.57233,296.16,0.6,0.71,2026-03-01,2124,N20,VIIRS,n,2,279.43,0.83,N,0
30.46605,78.45789,296.66,0.51,0.66,2026-03-01,2124,N20,VIIRS,n,2,282.38,0.73,N,0
30.62224,78.19289,304.46,0.49,0.65,2026-03-01,2124,N20,VIIRS,n,2,281.69,1.38,N,0
30.62299,78.19714,296.4,0.49,0.65,2026-03-01,2124,N20,VIIRS,n,2,281.91,0.73,N,0
30.6244,78.19168,295.93,0.49,0.65,2026-03-01,2124,N20,VIIRS,n,2,281.35,0.73,N,0
30.66728,77.23983,296.65,0.43,0.62,2026-03-01,2124,N20,VIIRS,n,2,285.5,0.55,N,0
30.7408,78.28338,300.18,0.49,0.65,2026-03-01,2124,N20,VIIRS,n,2,281.19,0.78,N,0
30.74171,78.27992,296.7,0.49,0.65,2026-03-01,2124,N20,VIIRS,n,2,280.92,0.78,N,0
30.84895,75.93462,300.66,0.35,0.57,2026-03-01,2124,N20,VIIRS,n,2,287.33,0.47,N,0
30.85344,77.75462,319.94,0.45,0.63,2026-03-01,2124,N20,VIIRS,n,2,283.73,3.03,N,0
30.85424,77.75148,301.77,0.45,0.63,2026-03-01,2124,N20,VIIRS,n,2,282.15,2.28,N,0
30.85546,77.75372,326.73,0.45,0.63,2026-03-01,2124,N20,VIIRS,n,2,284.46,2.84,N,0
30.94375,77.59954,322.58,0.44,0.62,2026-03-01,2124,N20,VIIRS,n,2,281.95,2.71,N,0
31.28951,77.09022,308.75,0.4,0.6,2026-03-01,2124,N20,VIIRS,n,2,281.17,1.19,N,0
31.29531,77.09017,310.98,0.4,0.6,2026-03-01,2124,N20,VIIRS,n,2,281.47,1.05,N,0
31.38317,77.73333,304.79,0.44,0.62,2026-03-01,2124,N20,VIIRS,n,2,280.75,1.42,N,0
32.1068,74.17904,305.55,0.53,0.5,2026-03-01,2124,N20,VIIRS,n,2,288.95,1.3,N,2
32.14262,76.4936,306.87,0.36,0.57,2026-03-01,2124,N20,VIIRS,n,2,283.3,1.48,N,0
32.14339,76.49044,298.02,0.36,0.57,2026-03-01,2124,N20,VIIRS,n,2,282.77,0.74,N,0
32.29469,70.73009,303.19,0.51,0.41,2026-03-01,2124,N20,VIIRS,n,2,290.13,0.86,N,2
32.37966,72.13893,302.05,0.4,0.44,2026-03-01,2124,N20,VIIRS,n,2,289.71,0.85,N,2
32.574,72.56701,299,0.42,0.45,2026-03-01,2124,N20,VIIRS,n,2,287.7,0.71,N,2
32.57493,72.56261,299,0.42,0.45,2026-03-01,2124,N20,VIIRS,n,2,288.21,0.71,N,2
32.60712,70.29205,301.02,0.49,0.4,2026-03-01,2124,N20,VIIRS,n,2,268.48,0.74,N,0
32.64523,72.97837,302.13,0.44,0.46,2026-03-01,2124,N20,VIIRS,n,2,291.84,1.18,N,2
32.68707,72.24924,295.76,0.4,0.44,2026-03-01,2124,N20,VIIRS,n,2,283.33,0.25,N,0
32.8891,71.61562,313.68,0.55,0.43,2026-03-01,2124,N20,VIIRS,n,2,292.39,2.27,N,2
33.07764,72.83568,298.22,0.42,0.45,2026-03-01,2124,N20,VIIRS,n,2,281.62,0.5,N,0
33.11303,72.46616,319.73,0.4,0.45,2026-03-01,2124,N20,VIIRS,n,2,282.31,2.14,N,0
33.14206,73.94128,303.22,0.48,0.48,2026-03-01,2124,N20,VIIRS,n,2,287.54,0.96,N,0
33.24332,71.51859,297.7,0.54,0.42,2026-03-01,2124,N20,VIIRS,n,2,284.23,0.23,N,0
33.2709,71.58865,303.43,0.54,0.42,2026-03-01,2124,N20,VIIRS,n,2,288.01,0.98,N,0
33.2788,71.53043,327.54,0.54,0.42,2026-03-01,2124,N20,VIIRS,n,2,289.88,3.32,N,0
33.27999,71.52462,300.38,0.54,0.42,2026-03-01,2124,N20,VIIRS,n,2,287.95,2.54,N,0
33.28114,71.53008,334.01,0.54,0.42,2026-03-01,2124,N20,VIIRS,n,2,289.53,6.03,N,0
33.33022,70.33705,297.48,0.48,0.4,2026-03-01,2124,N20,VIIRS,n,2,277.91,0.64,N,0
33.417,74.17535,308.21,0.49,0.49,2026-03-01,2124,N20,VIIRS,n,2,282.38,0.97,N,0
33.49238,70.22177,334.84,0.47,0.4,2026-03-01,2124,N20,VIIRS,n,2,284.27,4.59,N,0
33.54724,71.55115,299.34,0.54,0.42,2026-03-01,2124,N20,VIIRS,n,2,288.45,0.78,N,2
33.57021,70.489,295.39,0.48,0.4,2026-03-01,2124,N20,VIIRS,n,2,275.52,0.27,N,0
33.58957,70.15059,304.7,0.46,0.39,2026-03-01,2124,N20,VIIRS,n,2,280.39,0.88,N,0
33.59052,70.1456,300.05,0.46,0.39,2026-03-01,2124,N20,VIIRS,n,2,280.14,0.85,N,0
33.60557,73.44505,305.56,0.45,0.47,2026-03-01,2124,N20,VIIRS,n,2,287.37,1.58,N,0
33.62454,70.20246,308.69,0.47,0.39,2026-03-01,2124,N20,VIIRS,n,2,281.23,1.41,N,0
33.62809,70.20341,303.09,0.47,0.39,2026-03-01,2124,N20,VIIRS,n,2,279.79,0.69,N,0
33.63261,70.19926,295.13,0.47,0.39,2026-03-01,2124,N20,VIIRS,n,2,281.31,1.28,N,0
33.63617,70.20013,310.61,0.47,0.39,2026-03-01,2124,N20,VIIRS,n,2,281.69,1.22,N,0
33.66811,70.98224,302.58,0.5,0.41,2026-03-01,2124,N20,VIIRS,n,2,281.76,0.82,N,0
33.66929,70.97625,298.96,0.5,0.41,2026-03-01,2124,N20,VIIRS,n,2,280.99,0.82,N,0
33.67183,70.98304,296.65,0.5,0.41,2026-03-01,2124,N20,VIIRS,n,2,278.43,0.82,N,0
33.73493,73.54024,299.32,0.45,0.47,2026-03-01,2124,N20,VIIRS,n,2,282.44,0.61,N,0
33.73573,73.53976,305.52,0.45,0.47,2026-03-01,2124,N20,VIIRS,n,2,282.97,1.42,N,0
33.73896,73.54212,301.61,0.45,0.47,2026-03-01,2124,N20,VIIRS,n,2,284.53,3.1,N,0
33.73974,73.54176,311.67,0.45,0.47,2026-03-01,2124,N20,VIIRS,n,2,285.44,1.42,N,0
33.73975,73.53854,328.72,0.45,0.47,2026-03-01,2124,N20,VIIRS,n,2,285.26,3.1,N,0
33.74051,73.53821,333.66,0.45,0.47,2026-03-01,2124,N20,VIIRS,n,2,284.96,4.22,N,0
33.74369,73.54082,328.4,0.45,0.47,2026-03-01,2124,N20,VIIRS,n,2,286.84,3.1,N,0
33.74451,73.53707,353.8,0.45,0.47,2026-03-01,2124,N20,VIIRS,n,2,287.77,9.62,N,0
33.74772,73.54273,336.2,0.45,0.47,2026-03-01,2124,N20,VIIRS,n,2,286.49,1.89,N,0
33.74853,73.53905,296.84,0.45,0.47,2026-03-01,2124,N20,VIIRS,n,2,284.38,1.66,N,0
33.74882,70.29238,327.71,0.47,0.4,2026-03-01,2124,N20,VIIRS,n,2,280.2,2.7,N,0
33.75081,73.54888,295.15,0.45,0.47,2026-03-01,2124,N20,VIIRS,n,2,283.7,1.89,N,0
33.75182,73.54431,305.83,0.45,0.47,2026-03-01,2124,N20,VIIRS,n,2,284.77,1.89,N,0
33.85199,72.8707,301.56,0.41,0.45,2026-03-01,2124,N20,VIIRS,n,2,286.25,0.61,N,2
33.90365,71.46295,300,0.52,0.42,2026-03-01,2124,N20,VIIRS,n,2,284.1,0.79,N,0
33.9493,75.052,295.58,0.54,0.51,2026-03-01,2124,N20,VIIRS,n,2,275.95,1.18,N,0
33.94959,75.05132,303.02,0.54,0.51,2026-03-01,2124,N20,VIIRS,n,2,275.46,1.49,N,0
34.03411,74.99843,315.79,0.53,0.5,2026-03-01,2124,N20,VIIRS,n,2,278.39,3.1,N,0
34.03884,74.99878,312.84,0.53,0.5,2026-03-01,2124,N20,VIIRS,n,2,277.63,1.78,N,0
34.04361,74.99894,295.78,0.53,0.5,2026-03-01,2124,N20,VIIRS,n,2,277.04,1.78,N,0
34.04625,74.98743,298.3,0.53,0.5,2026-03-01,2124,N20,VIIRS,n,2,276.6,1.52,N,0
34.0526,71.30663,297.6,0.51,0.41,2026-03-01,2124,N20,VIIRS,n,2,287.59,0.73,N,0
34.27894,72.80059,302.49,0.4,0.44,2026-03-01,2124,N20,VIIRS,n,2,285.63,0.73,N,0
34.4363,73.71494,299.17,0.44,0.46,2026-03-01,2124,N20,VIIRS,n,2,278.09,0.68,N,0
34.4626,71.01815,300.28,0.49,0.4,2026-03-01,2124,N20,VIIRS,n,2,281.17,0.58,N,0
34.64048,73.423,309.16,0.42,0.45,2026-03-01,2124,N20,VIIRS,n,2,282.24,2.15,N,0
26.6412,79.47774,299.86,0.72,0.76,2026-03-01,2125,N20,VIIRS,n,2,285.82,1.03,N,2
26.64556,79.48528,298.93,0.72,0.76,2026-03-01,2125,N20,VIIRS,n,2,287.08,2.04,N,2
26.64787,79.48,295.77,0.72,0.76,2026-03-01,2125,N20,VIIRS,n,2,285.18,1.03,N,0
26.74725,78.97138,298.01,0.67,0.74,2026-03-01,2125,N20,VIIRS,n,2,284.75,0.61,N,0
27.08075,73.81772,304.54,0.32,0.55,2026-03-01,2125,N20,VIIRS,n,2,293.11,0.68,N,2
28.07053,77.85772,295.35,0.53,0.67,2026-03-01,2125,N20,VIIRS,n,2,284.09,0.64,N,2
28.42518,69.70089,315.01,0.53,0.42,2026-03-01,2125,N20,VIIRS,n,2,291.63,1.52,N,2
28.66965,77.57104,300.44,0.5,0.66,2026-03-01,2125,N20,VIIRS,n,2,287.33,1.03,N,0
28.6966,77.56409,303.74,0.5,0.66,2026-03-01,2125,N20,VIIRS,n,2,286.91,0.82,N,0
28.70047,77.56325,299.75,0.5,0.65,2026-03-01,2125,N20,VIIRS,n,2,286.16,0.53,N,0
28.71509,76.83243,295.73,0.45,0.63,2026-03-01,2125,N20,VIIRS,n,2,284.1,0.43,N,0
28.74704,76.92722,296.37,0.45,0.63,2026-03-01,2125,N20,VIIRS,n,2,285.33,0.65,N,2
28.77194,77.56806,299.94,0.49,0.65,2026-03-01,2125,N20,VIIRS,n,2,285.24,0.55,N,0
29.2242,74.37981,298.97,0.63,0.54,2026-03-01,2125,N20,VIIRS,n,2,284.84,1.25,N,0
29.22594,74.38193,300.72,0.62,0.54,2026-03-01,2125,N20,VIIRS,n,2,285.27,0.84,N,0
29.47585,76.85981,299.5,0.43,0.62,2026-03-01,2125,N20,VIIRS,n,2,287.81,0.83,N,0
29.51946,69.69875,297.8,0.51,0.41,2026-03-01,2125,N20,VIIRS,n,2,287.07,2.38,N,0
29.52111,69.71034,303.09,0.51,0.41,2026-03-01,2125,N20,VIIRS,n,2,286.96,1.28,N,0
29.52313,69.6998,328.85,0.51,0.41,2026-03-01,2125,N20,VIIRS,n,2,288.1,2.38,N,0
29.52582,69.70604,323.53,0.51,0.41,2026-03-01,2125,N20,VIIRS,n,2,288.7,1.6,N,0
29.52681,69.7009,297.44,0.51,0.41,2026-03-01,2125,N20,VIIRS,n,2,286.19,1.6,N,0
30.11566,69.51172,315.71,0.49,0.4,2026-03-01,2125,N20,VIIRS,n,2,284.01,2.24,N,0
30.11929,69.51269,296.87,0.49,0.4,2026-03-01,2125,N20,VIIRS,n,2,282.67,0.83,N,0
24.48177,77.14673,367,0.59,0.7,2026-03-01,2126,N20,VIIRS,h,2,288.43,6.62,N,0
24.48483,77.15214,307.76,0.59,0.7,2026-03-01,2126,N20,VIIRS,n,2,287.68,7.72,N,0
24.48621,77.14662,367,0.59,0.7,2026-03-01,2126,N20,VIIRS,h,2,287.22,7.72,N,0
24.48801,77.14857,321.6,0.59,0.7,2026-03-01,2126,N20,VIIRS,n,2,286.13,6.62,N,0
24.66254,74.63056,301.63,0.41,0.6,2026-03-01,2126,N20,VIIRS,n,2,289.92,1.08,N,2
24.69159,74.6795,302.04,0.41,0.61,2026-03-01,2126,N20,VIIRS,n,2,290.58,0.75,N,2
24.69247,73.00227,307.94,0.32,0.55,2026-03-01,2126,N20,VIIRS,n,2,292.44,1.24,N,2
24.81892,73.09362,303.31,0.32,0.55,2026-03-01,2126,N20,VIIRS,n,2,292.79,1.11,N,2
24.82382,73.09506,305.8,0.32,0.55,2026-03-01,2126,N20,VIIRS,n,2,292.86,1.11,N,2
24.9337,74.6329,305.4,0.4,0.6,2026-03-01,2126,N20,VIIRS,n,2,291.34,1.18,N,2
25.38785,68.58514,310.24,0.52,0.41,2026-03-01,2126,N20,VIIRS,n,2,292.08,1.43,N,2
25.38857,68.58245,313.72,0.52,0.41,2026-03-01,2126,N20,VIIRS,n,2,292.25,1.49,N,2
26.25699,74.09563,306.93,0.35,0.57,2026-03-01,2126,N20,VIIRS,n,2,290.74,0.66,N,2
26.29875,74.1254,303.23,0.35,0.57,2026-03-01,2126,N20,VIIRS,n,2,291.77,1.08,N,2
27.89223,69.14805,306.59,0.51,0.41,2026-03-01,2126,N20,VIIRS,n,2,290.77,0.72,N,0
19.76985,73.89256,310.18,0.47,0.64,2026-03-01,2127,N20,VIIRS,n,2,288.64,1.73,N,0
20.9088,71.45847,306.88,0.62,0.54,2026-03-01,2127,N20,VIIRS,n,2,293.28,2.09,N,2
21.10401,72.63799,309.22,0.36,0.58,2026-03-01,2127,N20,VIIRS,n,2,294.11,5.05,N,2
21.10475,72.63459,367,0.36,0.58,2026-03-01,2127,N20,VIIRS,h,2,295.42,5.05,N,2
21.1077,72.64609,353.15,0.36,0.58,2026-03-01,2127,N20,VIIRS,n,2,300.78,9.06,N,2
21.10844,72.64268,327.74,0.36,0.58,2026-03-01,2127,N20,VIIRS,n,2,294.94,9.06,N,2
21.10993,72.63586,315.83,0.36,0.58,2026-03-01,2127,N20,VIIRS,n,2,297.07,5.05,N,2
21.11066,72.63248,310.93,0.36,0.58,2026-03-01,2127,N20,VIIRS,n,2,295.27,5.08,N,2
21.99544,77.40411,299.19,0.7,0.75,2026-03-01,2127,N20,VIIRS,n,2,288.96,1.17,N,0
22.13121,72.76498,302.71,0.35,0.57,2026-03-01,2127,N20,VIIRS,n,2,291.37,0.55,N,2
22.26323,75.13395,303.16,0.49,0.65,2026-03-01,2127,N20,VIIRS,n,2,291.87,1.77,N,2
22.41486,69.04018,306.9,0.41,0.45,2026-03-01,2127,N20,VIIRS,n,2,294.07,0.64,N,0
22.41891,69.0411,313.8,0.41,0.45,2026-03-01,2127,N20,VIIRS,n,2,293.76,0.76,N,0
22.93134,70.10737,319.11,0.46,0.47,2026-03-01,2127,N20,VIIRS,n,2,293.02,2.14,N,0
22.93343,69.70369,306.62,0.44,0.46,2026-03-01,2127,N20,VIIRS,n,2,292.98,1.36,N,0
23.10543,70.18684,305.32,0.46,0.47,2026-03-01,2127,N20,VIIRS,n,2,293.86,0.85,N,2
23.12002,70.08242,306.09,0.46,0.47,2026-03-01,2127,N20,VIIRS,n,2,292.38,0.62,N,2
23.12128,70.08402,313.05,0.46,0.47,2026-03-01,2127,N20,VIIRS,n,2,292.71,1.84,N,2
23.12427,70.08339,304.47,0.46,0.47,2026-03-01,2127,N20,VIIRS,n,2,291.1,0.62,N,2
23.24706,69.86816,303.54,0.44,0.46,2026-03-01,2127,N20,VIIRS,n,2,293.29,0.67,N,0
23.31292,70.19942,303.28,0.46,0.47,2026-03-01,2127,N20,VIIRS,n,2,292.96,1,N,2
23.31554,70.19871,305.61,0.46,0.47,2026-03-01,2127,N20,VIIRS,n,2,292.36,0.62,N,2
16.30676,75.99084,300.4,0.75,0.77,2026-03-01,2128,N20,VIIRS,n,2,286.43,2.16,N,0
17.6627,73.51721,300.74,0.49,0.65,2026-03-01,2128,N20,VIIRS,n,2,290.56,0.84,N,0
17.83917,73.81817,301.19,0.51,0.66,2026-03-01,2128,N20,VIIRS,n,2,289.44,0.62,N,0
17.84103,73.82066,299.28,0.51,0.66,2026-03-01,2128,N20,VIIRS,n,2,288.26,0.66,N,0
17.93773,73.39283,300.83,0.47,0.64,2026-03-01,2128,N20,VIIRS,n,2,289.83,0.63,N,0
17.94219,73.3969,303.29,0.47,0.64,2026-03-01,2128,N20,VIIRS,n,2,290.03,0.48,N,0
18.00428,73.55274,302.38,0.48,0.65,2026-03-01,2128,N20,VIIRS,n,2,290.97,0.76,N,0
18.00597,73.7939,302.39,0.5,0.66,2026-03-01,2128,N20,VIIRS,n,2,289.4,0.5,N,0
18.02452,73.7383,313.97,0.5,0.65,2026-03-01,2128,N20,VIIRS,n,2,290.6,2.72,N,0
18.02543,73.73419,300.74,0.5,0.65,2026-03-01,2128,N20,VIIRS,n,2,289.8,2.06,N,0
18.5852,72.23957,319.94,0.38,0.59,2026-03-01,2128,N20,VIIRS,n,2,295.35,1.97,N,3
18.68338,73.03196,306.64,0.43,0.62,2026-03-01,2128,N20,VIIRS,n,2,293.27,1.98,N,2
18.68426,73.02798,322.51,0.43,0.62,2026-03-01,2128,N20,VIIRS,n,2,293.32,1.98,N,2
18.68598,73.03162,324.21,0.43,0.62,2026-03-01,2128,N20,VIIRS,n,2,293.93,4.77,N,2
18.68683,73.02763,309.18,0.43,0.62,2026-03-01,2128,N20,VIIRS,n,2,292.55,3.03,N,2
18.68983,73.02931,307.28,0.43,0.62,2026-03-01,2128,N20,VIIRS,n,2,292.7,1.93,N,2
18.69365,73.03857,306.7,0.43,0.62,2026-03-01,2128,N20,VIIRS,n,2,293.48,2.47,N,2
18.7389,76.90544,298.34,0.77,0.77,2026-03-01,2128,N20,VIIRS,n,2,288.31,0.92,N,0
18.74391,76.90868,303.01,0.77,0.77,2026-03-01,2128,N20,VIIRS,n,2,287.65,1.47,N,0
19.07628,73.13368,311.96,0.43,0.62,2026-03-01,2128,N20,VIIRS,n,2,292.02,1.27,N,0
19.10415,73.05068,317.47,0.42,0.61,2026-03-01,2128,N20,VIIRS,n,2,291.9,1.41,N,2
19.1055,73.05229,315.96,0.42,0.61,2026-03-01,2128,N20,VIIRS,n,2,291.38,1.09,N,2
15.20536,75.73519,298.16,0.77,0.77,2026-03-01,2129,N20,VIIRS,n,2,287.79,0.69,N,0
15.65939,73.98697,313.9,0.57,0.69,2026-03-01,2129,N20,VIIRS,n,2,290.05,2.21,N,2
15.66202,73.98951,304.66,0.57,0.69,2026-03-01,2129,N20,VIIRS,n,2,290.48,1.31,N,0