latitude,longitude,bright_ti4,scan,track,acq_date,acq_time,satellite,instrument,confidence,version,bright_ti5,frp,daynight
21.44242,97.94585,330.08,0.79,0.78,2026-04-15,542,N21,VIIRS,n,2.0NRT,296.63,6.63,D
22.08393,97.95135,331.11,0.76,0.77,2026-04-15,542,N21,VIIRS,n,2.0NRT,291.28,8.83,D
22.13797,97.76242,334.64,0.78,0.78,2026-04-15,542,N21,VIIRS,n,2.0NRT,292.11,6.94,D
22.3242,97.75161,343.68,0.78,0.78,2026-04-15,542,N21,VIIRS,n,2.0NRT,296.73,19.42,D
22.66485,97.82912,353.39,0.75,0.77,2026-04-15,542,N21,VIIRS,n,2.0NRT,293.92,14.73,D
23.02781,97.40372,331.96,0.78,0.78,2026-04-15,542,N21,VIIRS,n,2.0NRT,291.15,17.59,D
23.03013,97.4058,340.33,0.79,0.78,2026-04-15,542,N21,VIIRS,n,2.0NRT,291.7,11.02,D
23.11621,97.38007,339.79,0.78,0.78,2026-04-15,542,N21,VIIRS,n,2.0NRT,293.03,11.79,D
23.11776,97.38587,336.15,0.78,0.78,2026-04-15,542,N21,VIIRS,n,2.0NRT,293.14,11.79,D
23.11843,97.38127,349.61,0.78,0.78,2026-04-15,542,N21,VIIRS,n,2.0NRT,293.52,17.89,D
23.18351,97.63359,354,0.75,0.77,2026-04-15,542,N21,VIIRS,n,2.0NRT,294.29,15.7,D
23.18429,97.63573,340.27,0.75,0.77,2026-04-15,542,N21,VIIRS,n,2.0NRT,293.52,18.47,D
23.2211,97.2985,330.47,0.79,0.78,2026-04-15,542,N21,VIIRS,n,2.0NRT,290.28,11.98,D
23.22115,97.46925,334.88,0.77,0.77,2026-04-15,542,N21,VIIRS,n,2.0NRT,292.51,17.05,D
23.22844,97.46896,330.64,0.77,0.77,2026-04-15,542,N21,VIIRS,n,2.0NRT,292.17,10.78,D
23.43707,97.59678,341.24,0.75,0.77,2026-04-15,542,N21,VIIRS,n,2.0NRT,285.24,31.44,D
23.43814,97.60046,367,0.75,0.77,2026-04-15,542,N21,VIIRS,h,2.0NRT,291.31,32.26,D
23.43875,97.60334,367,0.75,0.77,2026-04-15,542,N21,VIIRS,h,2.0NRT,290.73,31.44,D
23.43974,97.60656,367,0.75,0.77,2026-04-15,542,N21,VIIRS,h,2.0NRT,290.27,32.26,D
23.44024,97.60914,340.53,0.75,0.77,2026-04-15,542,N21,VIIRS,n,2.0NRT,289.67,20.32,D
23.51283,97.94114,332.14,0.71,0.75,2026-04-15,542,N21,VIIRS,n,2.0NRT,291.08,11.28,D
23.51641,97.93638,335.32,0.71,0.75,2026-04-15,542,N21,VIIRS,n,2.0NRT,291.61,7.06,D
23.7676,97.35256,330.53,0.76,0.77,2026-04-15,542,N21,VIIRS,n,2.0NRT,288.68,9.33,D
24.14085,97.40884,354.94,0.74,0.76,2026-04-15,542,N21,VIIRS,n,2.0NRT,280.8,24.12,D
24.14234,97.41457,327.17,0.74,0.76,2026-04-15,542,N21,VIIRS,n,2.0NRT,280.31,24.12,D
8.21322,77.58366,352.47,0.69,0.74,2026-04-15,720,N21,VIIRS,n,2.0NRT,298.32,13.71,D
8.21647,77.58087,351.26,0.69,0.74,2026-04-15,720,N21,VIIRS,n,2.0NRT,297.98,16.29,D
9.04341,77.90792,330.52,0.63,0.72,2026-04-15,720,N21,VIIRS,l,2.0NRT,302.1,7.6,D
9.04433,77.91114,343.71,0.63,0.72,2026-04-15,720,N21,VIIRS,n,2.0NRT,302.1,10.42,D
9.06188,78.06958,335.81,0.61,0.71,2026-04-15,720,N21,VIIRS,n,2.0NRT,300.9,16.04,D
9.14212,77.8961,335.77,0.63,0.72,2026-04-15,720,N21,VIIRS,n,2.0NRT,305.14,6.55,D
9.14291,77.90023,345.62,0.63,0.72,2026-04-15,720,N21,VIIRS,n,2.0NRT,305.04,9.55,D
9.14318,77.90167,336.65,0.63,0.72,2026-04-15,720,N21,VIIRS,n,2.0NRT,305,6.55,D
9.17711,80.82881,345.26,0.4,0.6,2026-04-15,720,N21,VIIRS,n,2.0NRT,300.33,5.68,D
9.22277,77.96533,336.03,0.62,0.72,2026-04-15,720,N21,VIIRS,n,2.0NRT,305.62,5.52,D
9.53834,78.7496,342.04,0.54,0.68,2026-04-15,720,N21,VIIRS,n,2.0NRT,299.15,5.08,D
9.55328,76.44366,333.49,0.78,0.78,2026-04-15,720,N21,VIIRS,n,2.0NRT,297.55,9.73,D
9.63368,77.96745,338.48,0.61,0.71,2026-04-15,720,N21,VIIRS,n,2.0NRT,306.37,7.6,D
9.6445,77.92056,341.61,0.61,0.71,2026-04-15,720,N21,VIIRS,n,2.0NRT,308.89,11.91,D
9.65612,77.98023,335.18,0.61,0.71,2026-04-15,720,N21,VIIRS,l,2.0NRT,308.17,13.84,D
9.73741,78.43298,340.18,0.56,0.69,2026-04-15,720,N21,VIIRS,n,2.0NRT,305.3,10.78,D
9.78268,78.50818,352.43,0.56,0.69,2026-04-15,720,N21,VIIRS,n,2.0NRT,304.61,12.25,D
9.78381,78.50693,341.59,0.56,0.69,2026-04-15,720,N21,VIIRS,n,2.0NRT,304.43,6.31,D
9.78476,78.51187,334.46,0.56,0.69,2026-04-15,720,N21,VIIRS,n,2.0NRT,304.02,6.31,D
9.91371,77.5137,343.65,0.65,0.73,2026-04-15,720,N21,VIIRS,n,2.0NRT,303.72,8.86,D
9.91446,77.51184,340.29,0.65,0.73,2026-04-15,720,N21,VIIRS,n,2.0NRT,303.84,8.82,D
10.18777,77.23862,367,0.67,0.74,2026-04-15,720,N21,VIIRS,h,2.0NRT,299.62,24.38,D
10.18846,77.24203,367,0.67,0.74,2026-04-15,720,N21,VIIRS,h,2.0NRT,303.83,22.99,D
10.18915,77.24541,334.7,0.67,0.74,2026-04-15,720,N21,VIIRS,n,2.0NRT,300.51,22.99,D
10.18999,77.23647,333.89,0.67,0.74,2026-04-15,720,N21,VIIRS,n,2.0NRT,298.12,26.88,D
10.19074,77.24032,367,0.67,0.74,2026-04-15,720,N21,VIIRS,h,2.0NRT,308.28,41.72,D
10.19141,77.24372,367,0.67,0.74,2026-04-15,720,N21,VIIRS,h,2.0NRT,304.66,41.72,D
10.19211,77.24729,339.57,0.67,0.74,2026-04-15,720,N21,VIIRS,n,2.0NRT,302.16,20.43,D
10.19434,77.23708,367,0.67,0.74,2026-04-15,720,N21,VIIRS,h,2.0NRT,299.33,24.38,D
10.19516,77.24114,342.01,0.67,0.74,2026-04-15,720,N21,VIIRS,n,2.0NRT,298.84,22.99,D
10.21007,77.31447,341.07,0.66,0.73,2026-04-15,720,N21,VIIRS,n,2.0NRT,303.33,17.65,D
10.21098,77.31895,334.91,0.66,0.73,2026-04-15,720,N21,VIIRS,n,2.0NRT,304.36,16.3,D
10.21253,77.31631,367,0.66,0.73,2026-04-15,720,N21,VIIRS,h,2.0NRT,305.62,21.98,D
10.22267,77.30906,333.95,0.66,0.73,2026-04-15,720,N21,VIIRS,n,2.0NRT,301.31,11.39,D
10.22435,77.30676,338.77,0.66,0.73,2026-04-15,720,N21,VIIRS,n,2.0NRT,301.57,9.26,D
10.25697,78.21115,338.94,0.57,0.69,2026-04-15,720,N21,VIIRS,n,2.0NRT,303.89,8.81,D
10.25916,78.21052,335.24,0.57,0.69,2026-04-15,720,N21,VIIRS,n,2.0NRT,303.6,7.27,D
10.34271,77.638,333.89,0.63,0.72,2026-04-15,720,N21,VIIRS,n,2.0NRT,302.52,8.66,D
11.01058,78.93619,338.28,0.49,0.65,2026-04-15,720,N21,VIIRS,l,2.0NRT,311.51,7.71,D
11.01648,78.93507,350.83,0.49,0.65,2026-04-15,720,N21,VIIRS,n,2.0NRT,310.46,7.71,D
11.03918,78.89398,332.13,0.5,0.66,2026-04-15,720,N21,VIIRS,l,2.0NRT,305.52,1.68,D
11.05111,78.55915,333.88,0.52,0.67,2026-04-15,720,N21,VIIRS,l,2.0NRT,305.39,3.4,D
11.08316,78.96359,333.86,0.49,0.65,2026-04-15,720,N21,VIIRS,l,2.0NRT,308.61,3.38,D
11.18088,78.91931,334.26,0.49,0.65,2026-04-15,720,N21,VIIRS,l,2.0NRT,308.57,7.92,D
11.18284,78.91897,336.46,0.49,0.65,2026-04-15,720,N21,VIIRS,l,2.0NRT,309.89,9.23,D
11.32918,76.65376,354.01,0.7,0.75,2026-04-15,720,N21,VIIRS,n,2.0NRT,298.55,22.53,D
11.3305,76.66018,333.27,0.7,0.75,2026-04-15,720,N21,VIIRS,n,2.0NRT,298.89,20.41,D
11.33233,76.65637,367,0.7,0.75,2026-04-15,720,N21,VIIRS,h,2.0NRT,300.79,30.9,D
11.3894,78.94032,341.13,0.49,0.65,2026-04-15,720,N21,VIIRS,n,2.0NRT,309.45,8.64,D
11.39027,78.94463,346.45,0.49,0.65,2026-04-15,720,N21,VIIRS,n,2.0NRT,311.26,8.64,D
11.39135,78.94245,367,0.49,0.65,2026-04-15,720,N21,VIIRS,h,2.0NRT,311.32,15.38,D
11.41159,76.59989,341.86,0.71,0.75,2026-04-15,720,N21,VIIRS,n,2.0NRT,296.72,11.62,D
11.46026,76.61797,336.16,0.7,0.75,2026-04-15,720,N21,VIIRS,n,2.0NRT,297.08,21.18,D
11.46156,76.62411,367,0.7,0.75,2026-04-15,720,N21,VIIRS,h,2.0NRT,300.22,21.18,D
11.46489,76.62089,367,0.7,0.75,2026-04-15,720,N21,VIIRS,h,2.0NRT,304.05,34.26,D
11.49611,76.62215,344.55,0.7,0.75,2026-04-15,720,N21,VIIRS,n,2.0NRT,298.97,19.25,D
11.50989,79.02876,338.58,0.48,0.64,2026-04-15,720,N21,VIIRS,n,2.0NRT,308.06,5.51,D
11.51019,79.03208,347.91,0.48,0.64,2026-04-15,720,N21,VIIRS,n,2.0NRT,310.54,6.65,D
11.51071,79.033,341.09,0.48,0.64,2026-04-15,720,N21,VIIRS,n,2.0NRT,309.52,6.23,D
11.52165,78.99562,341.23,0.48,0.65,2026-04-15,720,N21,VIIRS,n,2.0NRT,310.46,7.54,D
11.52174,78.99908,351.22,0.48,0.65,2026-04-15,720,N21,VIIRS,n,2.0NRT,311.02,13.42,D
11.52247,78.99987,342.35,0.48,0.65,2026-04-15,720,N21,VIIRS,n,2.0NRT,310.71,7.54,D
11.75515,77.05742,335.62,0.64,0.72,2026-04-15,720,N21,VIIRS,n,2.0NRT,299.98,8.77,D
11.75637,77.06344,338.92,0.64,0.72,2026-04-15,720,N21,VIIRS,n,2.0NRT,300.67,8.77,D
12.27846,77.86063,367,0.55,0.68,2026-04-15,720,N21,VIIRS,h,2.0NRT,303.08,22.87,D
12.42564,78.67336,367,0.49,0.65,2026-04-15,720,N21,VIIRS,h,2.0NRT,304.83,16.32,D
12.42613,77.86495,354.55,0.55,0.68,2026-04-15,720,N21,VIIRS,n,2.0NRT,302.89,9.9,D
12.42699,78.67355,367,0.49,0.65,2026-04-15,720,N21,VIIRS,h,2.0NRT,305.42,17.02,D
12.42864,79.83403,336.61,0.4,0.6,2026-04-15,720,N21,VIIRS,n,2.0NRT,304.02,1.5,D
12.42956,79.83281,334.05,0.4,0.6,2026-04-15,720,N21,VIIRS,l,2.0NRT,304.08,1.48,D
12.52514,79.23866,338.24,0.44,0.62,2026-04-15,720,N21,VIIRS,n,2.0NRT,305.64,4.95,D
12.52768,79.23709,333.39,0.44,0.62,2026-04-15,720,N21,VIIRS,l,2.0NRT,305.58,4.42,D
12.6231,77.73767,334.05,0.56,0.69,2026-04-15,720,N21,VIIRS,l,2.0NRT,307.56,2.82,D
12.6983,79.01493,335.57,0.45,0.63,2026-04-15,720,N21,VIIRS,n,2.0NRT,304.6,5.71,D
12.69951,79.01231,343.19,0.45,0.63,2026-04-15,720,N21,VIIRS,n,2.0NRT,305.99,4.23,D
12.78175,77.23085,339.42,0.6,0.7,2026-04-15,720,N21,VIIRS,n,2.0NRT,299.28,6.87,D
12.78412,77.23167,340.15,0.6,0.7,2026-04-15,720,N21,VIIRS,n,2.0NRT,299.47,6.37,D
12.84399,79.6452,334.34,0.41,0.61,2026-04-15,720,N21,VIIRS,n,2.0NRT,304.26,3.05,D
12.89182,79.48217,336.26,0.42,0.61,2026-04-15,720,N21,VIIRS,n,2.0NRT,303.41,1.77,D
12.90462,77.80807,338.37,0.54,0.68,2026-04-15,720,N21,VIIRS,n,2.0NRT,304.95,6.02,D
12.90469,77.80755,330.17,0.54,0.68,2026-04-15,720,N21,VIIRS,l,2.0NRT,304.77,3.96,D
12.92719,78.61851,335.84,0.48,0.65,2026-04-15,720,N21,VIIRS,n,2.0NRT,302.67,10.87,D
12.92803,78.62271,367,0.48,0.65,2026-04-15,720,N21,VIIRS,h,2.0NRT,304.93,10.87,D
12.95059,79.63407,345.55,0.41,0.6,2026-04-15,720,N21,VIIRS,n,2.0NRT,305.13,6.85,D
13.04899,77.67272,334.98,0.55,0.68,2026-04-15,720,N21,VIIRS,n,2.0NRT,302.55,5.36,D
13.05836,80.09508,331.04,0.38,0.59,2026-04-15,720,N21,VIIRS,l,2.0NRT,302.83,3.06,D
13.05902,80.09846,332.02,0.38,0.59,2026-04-15,720,N21,VIIRS,n,2.0NRT,302.02,3.06,D
13.1384,78.77052,367,0.46,0.64,2026-04-15,720,N21,VIIRS,h,2.0NRT,307.32,11.42,D
13.13925,78.77475,342.27,0.46,0.64,2026-04-15,720,N21,VIIRS,n,2.0NRT,307.53,11.42,D
13.17381,78.76841,340.02,0.46,0.64,2026-04-15,720,N21,VIIRS,n,2.0NRT,305.93,3.51,D
13.18052,80.08038,330.86,0.38,0.58,2026-04-15,720,N21,VIIRS,l,2.0NRT,302.53,3.68,D
13.30698,80.14262,350.52,0.37,0.58,2026-04-15,720,N21,VIIRS,n,2.0NRT,303.25,8.12,D
13.32239,78.88074,330.39,0.45,0.63,2026-04-15,720,N21,VIIRS,l,2.0NRT,303.78,3.77,D
13.39419,80.11678,338.12,0.37,0.58,2026-04-15,720,N21,VIIRS,n,2.0NRT,302.22,3.52,D
15.49528,97.89045,339.42,0.35,0.57,2026-04-15,720,N21,VIIRS,n,2.0NRT,303.59,5.52,D
15.49564,97.89359,343.3,0.35,0.57,2026-04-15,720,N21,VIIRS,n,2.0NRT,303.95,6.23,D
15.81171,94.78229,330.62,0.44,0.46,2026-04-15,720,N21,VIIRS,l,2.0NRT,302.55,4.43,D
15.83786,95.01795,343.98,0.45,0.47,2026-04-15,720,N21,VIIRS,n,2.0NRT,305.76,11.62,D
15.89259,95.18895,339.91,0.47,0.47,2026-04-15,720,N21,VIIRS,n,2.0NRT,301.57,3.23,D
15.99395,97.95288,333.21,0.36,0.57,2026-04-15,720,N21,VIIRS,n,2.0NRT,305.08,1.77,D
16.05465,97.69764,333.12,0.34,0.56,2026-04-15,720,N21,VIIRS,l,2.0NRT,306.55,3.2,D
16.10436,97.93835,367,0.36,0.57,2026-04-15,720,N21,VIIRS,h,2.0NRT,311.28,19.4,D
16.10473,97.9417,349.49,0.36,0.57,2026-04-15,720,N21,VIIRS,n,2.0NRT,306.85,11.39,D
16.22418,97.95972,367,0.36,0.57,2026-04-15,720,N21,VIIRS,h,2.0NRT,309.38,18.2,D
13.191,78.08358,339.87,0.51,0.66,2026-04-15,722,N21,VIIRS,n,2.0NRT,303.6,2.92,D
13.19697,78.08228,347.47,0.51,0.66,2026-04-15,722,N21,VIIRS,n,2.0NRT,304.55,7.19,D
13.35728,78.95535,367,0.45,0.63,2026-04-15,722,N21,VIIRS,h,2.0NRT,304.36,10.72,D
13.57496,78.09688,332.82,0.5,0.66,2026-04-15,722,N21,VIIRS,l,2.0NRT,307.81,6.41,D
13.58088,78.09557,352.54,0.5,0.66,2026-04-15,722,N21,VIIRS,n,2.0NRT,308.28,6.41,D
13.63213,78.46899,342.33,0.48,0.64,2026-04-15,722,N21,VIIRS,n,2.0NRT,308.92,6.12,D
13.66316,79.47729,338.01,0.4,0.6,2026-04-15,722,N21,VIIRS,n,2.0NRT,307.19,5.02,D
13.66667,79.47188,334.94,0.41,0.6,2026-04-15,722,N21,VIIRS,n,2.0NRT,305.65,3.39,D
13.66737,79.47549,367,0.41,0.6,2026-04-15,722,N21,VIIRS,h,2.0NRT,307.67,6.14,D
13.66808,79.47912,335.66,0.41,0.6,2026-04-15,722,N21,VIIRS,n,2.0NRT,305.1,6.14,D
13.66823,79.47435,347.35,0.4,0.6,2026-04-15,722,N21,VIIRS,n,2.0NRT,306.11,5.02,D
13.66893,79.47781,338.17,0.4,0.6,2026-04-15,722,N21,VIIRS,n,2.0NRT,305.26,5.02,D
13.68228,78.9499,332.11,0.44,0.62,2026-04-15,722,N21,VIIRS,l,2.0NRT,306.64,1.51,D
13.76877,77.54973,336.37,0.54,0.68,2026-04-15,722,N21,VIIRS,n,2.0NRT,304.47,4.68,D
13.77203,78.18061,355.26,0.49,0.65,2026-04-15,722,N21,VIIRS,n,2.0NRT,308.21,8.5,D
13.77919,78.96708,349.97,0.44,0.62,2026-04-15,722,N21,VIIRS,n,2.0NRT,307.1,7.63,D
13.78232,78.96536,343.23,0.44,0.62,2026-04-15,722,N21,VIIRS,n,2.0NRT,306.6,9.84,D
13.78399,78.96183,355.51,0.44,0.62,2026-04-15,722,N21,VIIRS,n,2.0NRT,306.16,13.84,D
13.78708,78.9601,367,0.44,0.62,2026-04-15,722,N21,VIIRS,h,2.0NRT,307.2,10.8,D
13.84872,78.58445,336.17,0.46,0.64,2026-04-15,722,N21,VIIRS,l,2.0NRT,307.6,5.4,D
13.85954,78.57893,330.41,0.46,0.64,2026-04-15,722,N21,VIIRS,l,2.0NRT,304.1,36.86,D
13.8604,78.58318,353.94,0.46,0.64,2026-04-15,722,N21,VIIRS,n,2.0NRT,317.4,57.19,D
13.86123,78.58727,367,0.46,0.64,2026-04-15,722,N21,VIIRS,h,2.0NRT,308.71,57.19,D
13.86222,78.59209,337.34,0.46,0.64,2026-04-15,722,N21,VIIRS,n,2.0NRT,305.39,8.16,D
13.86619,78.58228,331.8,0.46,0.64,2026-04-15,722,N21,VIIRS,n,2.0NRT,303.48,0.84,D
13.88645,78.02999,352.17,0.5,0.66,2026-04-15,722,N21,VIIRS,n,2.0NRT,309.6,11.74,D
13.8924,78.02888,367,0.5,0.66,2026-04-15,722,N21,VIIRS,h,2.0NRT,310.57,11.74,D
13.89674,79.13036,332.52,0.42,0.61,2026-04-15,722,N21,VIIRS,l,2.0NRT,303.77,6.67,D
13.89744,79.1339,334.19,0.42,0.61,2026-04-15,722,N21,VIIRS,l,2.0NRT,304.19,6.64,D
13.90295,79.13263,333.18,0.42,0.61,2026-04-15,722,N21,VIIRS,l,2.0NRT,305.55,5.56,D
13.90363,79.13609,331.74,0.42,0.61,2026-04-15,722,N21,VIIRS,l,2.0NRT,305.77,5.56,D
13.90404,78.29552,346.22,0.48,0.65,2026-04-15,722,N21,VIIRS,n,2.0NRT,308.74,5.03,D
13.90428,79.13939,340.08,0.42,0.61,2026-04-15,722,N21,VIIRS,n,2.0NRT,305.55,8.1,D
13.9049,79.14253,349.19,0.42,0.61,2026-04-15,722,N21,VIIRS,n,2.0NRT,305.34,8.1,D
13.90497,79.11375,330.61,0.42,0.61,2026-04-15,722,N21,VIIRS,l,2.0NRT,301.56,5.46,D
13.90554,79.14576,367,0.42,0.61,2026-04-15,722,N21,VIIRS,h,2.0NRT,306.85,19.14,D
13.90823,79.13321,337.67,0.42,0.61,2026-04-15,722,N21,VIIRS,n,2.0NRT,305.91,26.41,D
13.90837,79.13097,340.95,0.42,0.61,2026-04-15,722,N21,VIIRS,n,2.0NRT,303.28,5.56,D
13.90894,79.1367,355.21,0.42,0.61,2026-04-15,722,N21,VIIRS,n,2.0NRT,305.87,21.12,D
13.90907,79.13449,350.35,0.42,0.61,2026-04-15,722,N21,VIIRS,n,2.0NRT,307.57,5.56,D
13.90975,79.13795,334.22,0.42,0.61,2026-04-15,722,N21,VIIRS,n,2.0NRT,303.04,8.1,D
13.90978,79.11264,367,0.42,0.61,2026-04-15,722,N21,VIIRS,h,2.0NRT,303.82,11.93,D
13.90994,79.10972,347.04,0.42,0.61,2026-04-15,722,N21,VIIRS,n,2.0NRT,301.19,11.52,D
13.91017,79.45515,343.73,0.4,0.6,2026-04-15,722,N21,VIIRS,n,2.0NRT,306.92,5.6,D
13.91073,79.45795,331.27,0.4,0.6,2026-04-15,722,N21,VIIRS,l,2.0NRT,306.03,4.04,D
13.91089,79.11452,342.26,0.42,0.61,2026-04-15,722,N21,VIIRS,n,2.0NRT,303.19,7.46,D
13.91365,79.13154,350.37,0.42,0.61,2026-04-15,722,N21,VIIRS,n,2.0NRT,310.98,26.41,D
13.91379,79.12927,342.4,0.42,0.61,2026-04-15,722,N21,VIIRS,n,2.0NRT,301.89,26.52,D
13.91437,79.13506,367,0.42,0.61,2026-04-15,722,N21,VIIRS,h,2.0NRT,306.31,21.12,D
13.9145,79.13284,367,0.42,0.61,2026-04-15,722,N21,VIIRS,h,2.0NRT,314.06,26.52,D
13.91558,79.11279,367,0.42,0.61,2026-04-15,722,N21,VIIRS,h,2.0NRT,302.03,6.26,D
13.91659,79.11423,342.63,0.42,0.61,2026-04-15,722,N21,VIIRS,n,2.0NRT,301.11,7.46,D
13.93043,79.10077,354.38,0.42,0.61,2026-04-15,722,N21,VIIRS,n,2.0NRT,302.38,8.29,D
13.9314,79.10552,355.27,0.42,0.61,2026-04-15,722,N21,VIIRS,n,2.0NRT,302.22,8.29,D
13.93209,77.84496,339.5,0.52,0.67,2026-04-15,722,N21,VIIRS,n,2.0NRT,309.11,3.63,D
13.9329,79.11288,342.93,0.42,0.61,2026-04-15,722,N21,VIIRS,n,2.0NRT,302.55,4.82,D
13.93496,79.12305,367,0.42,0.61,2026-04-15,722,N21,VIIRS,h,2.0NRT,304.37,9.13,D
13.93564,79.12641,351.39,0.42,0.61,2026-04-15,722,N21,VIIRS,n,2.0NRT,304.81,9.13,D
13.93682,79.10381,342.7,0.42,0.61,2026-04-15,722,N21,VIIRS,n,2.0NRT,303.55,4.41,D
13.9383,79.11111,354.22,0.42,0.61,2026-04-15,722,N21,VIIRS,n,2.0NRT,302.71,8.45,D
13.94188,79.12878,331.14,0.42,0.61,2026-04-15,722,N21,VIIRS,l,2.0NRT,303,3.45,D
13.94799,79.15894,367,0.42,0.61,2026-04-15,722,N21,VIIRS,h,2.0NRT,305.72,13.96,D
13.94812,79.13118,338.07,0.42,0.61,2026-04-15,722,N21,VIIRS,n,2.0NRT,304.15,3.45,D
13.94876,79.16269,367,0.42,0.61,2026-04-15,722,N21,VIIRS,h,2.0NRT,305.88,13.96,D
13.9661,79.16328,332.3,0.42,0.61,2026-04-15,722,N21,VIIRS,l,2.0NRT,303.99,5.03,D
13.96687,79.16712,338.55,0.42,0.61,2026-04-15,722,N21,VIIRS,n,2.0NRT,304.02,5.62,D
13.97143,79.16125,344.58,0.42,0.61,2026-04-15,722,N21,VIIRS,n,2.0NRT,305.51,5,D
13.98395,79.16641,348.18,0.42,0.61,2026-04-15,722,N21,VIIRS,n,2.0NRT,307.55,6.43,D
13.98721,79.06741,349.48,0.43,0.62,2026-04-15,722,N21,VIIRS,n,2.0NRT,301.15,17.58,D
13.98798,79.07129,309.44,0.43,0.62,2026-04-15,722,N21,VIIRS,l,2.0NRT,311.09,54.55,D
13.98871,79.07497,367,0.43,0.62,2026-04-15,722,N21,VIIRS,h,2.0NRT,309.62,54.55,D
13.98947,79.16534,335.64,0.42,0.61,2026-04-15,722,N21,VIIRS,l,2.0NRT,308.23,6.43,D
13.99272,79.06608,332.56,0.43,0.62,2026-04-15,722,N21,VIIRS,n,2.0NRT,301.62,17.58,D
13.9935,79.07002,367,0.43,0.62,2026-04-15,722,N21,VIIRS,h,2.0NRT,304.91,54.55,D
14.00587,79.05136,351.54,0.43,0.62,2026-04-15,722,N21,VIIRS,n,2.0NRT,303.87,9.89,D
14.00688,79.05012,352.17,0.43,0.62,2026-04-15,722,N21,VIIRS,n,2.0NRT,304.12,7.25,D
14.00758,79.05368,335.07,0.43,0.62,2026-04-15,722,N21,VIIRS,n,2.0NRT,304.06,7.25,D
14.0163,79.04578,336.79,0.43,0.62,2026-04-15,722,N21,VIIRS,n,2.0NRT,302.82,5.68,D
14.01734,79.04456,342.12,0.43,0.62,2026-04-15,722,N21,VIIRS,n,2.0NRT,302.49,4.05,D
14.01778,79.05303,352.86,0.43,0.62,2026-04-15,722,N21,VIIRS,n,2.0NRT,306.47,31.18,D
14.0185,79.05656,348.28,0.43,0.62,2026-04-15,722,N21,VIIRS,n,2.0NRT,303.35,20.04,D
14.01877,79.05183,347.64,0.43,0.62,2026-04-15,722,N21,VIIRS,n,2.0NRT,303.61,24.18,D
14.01947,79.0554,367,0.43,0.62,2026-04-15,722,N21,VIIRS,h,2.0NRT,306.82,26.12,D
14.02836,79.10482,332.43,0.42,0.61,2026-04-15,722,N21,VIIRS,l,2.0NRT,305.37,4.96,D
14.02914,79.10866,350.97,0.42,0.61,2026-04-15,722,N21,VIIRS,n,2.0NRT,305.38,6.71,D
14.02971,79.10747,350.82,0.42,0.61,2026-04-15,722,N21,VIIRS,n,2.0NRT,305.7,6.43,D
14.03045,79.11124,335.11,0.42,0.61,2026-04-15,722,N21,VIIRS,n,2.0NRT,303.49,6.43,D
14.03369,79.01756,345.1,0.43,0.62,2026-04-15,722,N21,VIIRS,n,2.0NRT,303.7,10.54,D
14.03468,79.02239,367,0.43,0.62,2026-04-15,722,N21,VIIRS,h,2.0NRT,305.28,15.72,D
14.03541,79.02602,367,0.43,0.62,2026-04-15,722,N21,VIIRS,h,2.0NRT,302.56,15.72,D
14.03542,79.11118,336.52,0.42,0.61,2026-04-15,722,N21,VIIRS,n,2.0NRT,305.54,8.05,D
14.03612,79.11465,367,0.42,0.61,2026-04-15,722,N21,VIIRS,h,2.0NRT,306.33,11.2,D
14.03666,79.11354,367,0.42,0.61,2026-04-15,722,N21,VIIRS,h,2.0NRT,307.25,11.76,D
14.04018,79.02097,345.71,0.43,0.62,2026-04-15,722,N21,VIIRS,n,2.0NRT,301.58,5.39,D
14.04094,79.02473,339.66,0.43,0.62,2026-04-15,722,N21,VIIRS,n,2.0NRT,300.12,5.39,D
14.04564,79.07647,348.58,0.42,0.61,2026-04-15,722,N21,VIIRS,n,2.0NRT,304.02,4.7,D
14.0463,79.10812,332.36,0.42,0.61,2026-04-15,722,N21,VIIRS,l,2.0NRT,305.42,6.69,D
14.04699,79.1115,339.08,0.42,0.61,2026-04-15,722,N21,VIIRS,n,2.0NRT,306.89,6.29,D
14.05091,78.98807,337.99,0.43,0.62,2026-04-15,722,N21,VIIRS,n,2.0NRT,302.58,7.66,D
14.05121,79.07549,338.77,0.42,0.61,2026-04-15,722,N21,VIIRS,n,2.0NRT,306.91,24.24,D
14.05207,79.07974,367,0.42,0.61,2026-04-15,722,N21,VIIRS,h,2.0NRT,311.05,28.52,D
14.05679,79.07456,330.6,0.42,0.61,2026-04-15,722,N21,VIIRS,n,2.0NRT,303.72,24.24,D
14.05766,79.07888,330.74,0.42,0.61,2026-04-15,722,N21,VIIRS,n,2.0NRT,304.09,28.52,D
14.09965,79.02919,332.48,0.43,0.62,2026-04-15,722,N21,VIIRS,l,2.0NRT,304.4,2.18,D
14.10334,76.12688,336.05,0.67,0.73,2026-04-15,722,N21,VIIRS,n,2.0NRT,298.48,6.2,D
14.11007,79.80093,342.69,0.38,0.59,2026-04-15,722,N21,VIIRS,n,2.0NRT,305.03,4.56,D
14.11535,79.79985,348.88,0.38,0.59,2026-04-15,722,N21,VIIRS,n,2.0NRT,304.24,4.56,D
14.18502,78.01881,336.39,0.5,0.66,2026-04-15,722,N21,VIIRS,l,2.0NRT,307.46,2.61,D
14.29371,79.34625,336.03,0.4,0.6,2026-04-15,722,N21,VIIRS,n,2.0NRT,305.05,2.15,D
14.29473,79.34428,331.33,0.4,0.6,2026-04-15,722,N21,VIIRS,l,2.0NRT,304.28,3.29,D
14.30688,78.61322,344.14,0.45,0.63,2026-04-15,722,N21,VIIRS,n,2.0NRT,305.12,6.75,D
14.31233,78.61094,338.52,0.45,0.63,2026-04-15,722,N21,VIIRS,n,2.0NRT,303.77,6.75,D
14.33522,79.34927,352.06,0.4,0.6,2026-04-15,722,N21,VIIRS,n,2.0NRT,304.57,5.03,D
14.34045,78.92149,336.44,0.43,0.62,2026-04-15,722,N21,VIIRS,n,2.0NRT,304.79,3.05,D
14.34063,79.34812,333.77,0.4,0.6,2026-04-15,722,N21,VIIRS,l,2.0NRT,306.7,5.03,D
14.3412,78.92521,330.17,0.43,0.62,2026-04-15,722,N21,VIIRS,l,2.0NRT,304.29,3.26,D
14.34531,79.34335,332.76,0.4,0.6,2026-04-15,722,N21,VIIRS,l,2.0NRT,306.79,5.86,D
14.34747,78.92751,337.22,0.43,0.62,2026-04-15,722,N21,VIIRS,n,2.0NRT,306.2,8.25,D
14.35539,79.33738,331.26,0.4,0.6,2026-04-15,722,N21,VIIRS,l,2.0NRT,304.12,2.06,D
14.35858,78.92519,346.57,0.43,0.62,2026-04-15,722,N21,VIIRS,n,2.0NRT,306.02,5.05,D
14.3634,78.92043,333.29,0.43,0.62,2026-04-15,722,N21,VIIRS,l,2.0NRT,304.14,5.05,D
14.36956,78.92224,339.05,0.43,0.62,2026-04-15,722,N21,VIIRS,n,2.0NRT,304.75,4.53,D
14.37917,78.91243,336.43,0.43,0.62,2026-04-15,722,N21,VIIRS,n,2.0NRT,304.72,4.38,D
14.38213,79.2382,332.17,0.41,0.6,2026-04-15,722,N21,VIIRS,l,2.0NRT,305.37,5.34,D
14.38653,79.23746,336.31,0.41,0.6,2026-04-15,722,N21,VIIRS,n,2.0NRT,305.93,7.28,D
14.38765,79.2374,330.51,0.41,0.6,2026-04-15,722,N21,VIIRS,l,2.0NRT,305.45,3.64,D
14.38887,78.90306,331.98,0.43,0.62,2026-04-15,722,N21,VIIRS,l,2.0NRT,303.77,5.52,D
14.39352,78.89735,344.12,0.43,0.62,2026-04-15,722,N21,VIIRS,n,2.0NRT,306.03,5.52,D
14.39424,78.90096,341.64,0.43,0.62,2026-04-15,722,N21,VIIRS,n,2.0NRT,304.49,5.52,D
14.44691,78.207,332.26,0.48,0.64,2026-04-15,722,N21,VIIRS,l,2.0NRT,305.02,3.01,D
14.5016,78.86625,339.59,0.43,0.62,2026-04-15,722,N21,VIIRS,n,2.0NRT,306.04,5.69,D
14.50237,78.18211,337.78,0.48,0.64,2026-04-15,722,N21,VIIRS,n,2.0NRT,307.47,6.87,D
14.51767,79.00415,346.39,0.42,0.61,2026-04-15,722,N21,VIIRS,n,2.0NRT,305.98,5.66,D
14.51838,79.00769,330.92,0.42,0.61,2026-04-15,722,N21,VIIRS,l,2.0NRT,305.54,5.66,D
14.52401,79.00711,342.21,0.42,0.61,2026-04-15,722,N21,VIIRS,n,2.0NRT,306.59,5.66,D
14.53344,78.99858,332.84,0.42,0.61,2026-04-15,722,N21,VIIRS,l,2.0NRT,304.23,5.12,D
14.54173,78.98298,367,0.42,0.61,2026-04-15,722,N21,VIIRS,h,2.0NRT,304.59,9.39,D
14.54252,78.98466,367,0.42,0.61,2026-04-15,722,N21,VIIRS,h,2.0NRT,306.16,13.21,D
14.54263,78.98734,340.56,0.42,0.61,2026-04-15,722,N21,VIIRS,n,2.0NRT,305.77,9.72,D
14.54331,78.98863,333.53,0.42,0.61,2026-04-15,722,N21,VIIRS,n,2.0NRT,304.37,9.31,D
14.55869,78.42622,338.26,0.46,0.63,2026-04-15,722,N21,VIIRS,l,2.0NRT,309.77,8.07,D
14.56126,78.47518,341.15,0.46,0.63,2026-04-15,722,N21,VIIRS,l,2.0NRT,312.31,12.87,D
14.57192,78.16957,331.14,0.48,0.64,2026-04-15,722,N21,VIIRS,l,2.0NRT,303.76,2.8,D
14.60057,76.1143,334.93,0.65,0.73,2026-04-15,722,N21,VIIRS,n,2.0NRT,302.81,4.46,D
14.60143,76.11253,333.74,0.65,0.73,2026-04-15,722,N21,VIIRS,n,2.0NRT,303.27,4.96,D
14.635,78.00657,331.85,0.49,0.65,2026-04-15,722,N21,VIIRS,l,2.0NRT,302.04,3.43,D
14.65586,79.34795,333.08,0.4,0.6,2026-04-15,722,N21,VIIRS,l,2.0NRT,307.03,4.48,D
14.6682,78.46771,334.66,0.45,0.63,2026-04-15,722,N21,VIIRS,l,2.0NRT,308.02,4.43,D
14.66992,78.46619,342.82,0.45,0.63,2026-04-15,722,N21,VIIRS,n,2.0NRT,309.32,6.48,D
14.6771,78.83127,331.94,0.43,0.62,2026-04-15,722,N21,VIIRS,l,2.0NRT,305.47,1.99,D
14.76039,79.07374,331.06,0.41,0.61,2026-04-15,722,N21,VIIRS,l,2.0NRT,304.98,3.97,D
14.78511,79.64095,330.73,0.38,0.58,2026-04-15,722,N21,VIIRS,l,2.0NRT,305.15,1.5,D
14.78602,79.64071,333.64,0.38,0.58,2026-04-15,722,N21,VIIRS,l,2.0NRT,305.44,2.51,D
14.81082,79.63239,344.99,0.38,0.58,2026-04-15,722,N21,VIIRS,n,2.0NRT,306.86,5.4,D
14.87022,79.41392,341.52,0.39,0.59,2026-04-15,722,N21,VIIRS,l,2.0NRT,311.87,9.01,D
14.93676,79.06714,336.58,0.41,0.6,2026-04-15,722,N21,VIIRS,l,2.0NRT,309.05,4.75,D
14.93848,79.07563,331.51,0.41,0.6,2026-04-15,722,N21,VIIRS,l,2.0NRT,306.21,5.49,D
14.94028,79.08448,347.04,0.41,0.6,2026-04-15,722,N21,VIIRS,n,2.0NRT,306.17,12.55,D
14.94113,79.08868,353.63,0.41,0.6,2026-04-15,722,N21,VIIRS,n,2.0NRT,308.52,16.33,D
14.94188,79.20371,330.93,0.4,0.6,2026-04-15,722,N21,VIIRS,l,2.0NRT,305.81,2.96,D
14.9419,79.09248,344.44,0.41,0.6,2026-04-15,722,N21,VIIRS,n,2.0NRT,304.8,16.33,D
14.94254,79.20697,339.74,0.4,0.6,2026-04-15,722,N21,VIIRS,n,2.0NRT,306.79,5.39,D
14.9466,79.08769,367,0.41,0.6,2026-04-15,722,N21,VIIRS,h,2.0NRT,306.78,8.54,D
14.94734,79.09135,339.77,0.41,0.6,2026-04-15,722,N21,VIIRS,n,2.0NRT,303.7,8.54,D
14.98793,78.45557,334.94,0.45,0.63,2026-04-15,722,N21,VIIRS,l,2.0NRT,306.63,5.78,D
14.99151,78.45549,335.24,0.45,0.63,2026-04-15,722,N21,VIIRS,l,2.0NRT,306.9,5.69,D
14.99722,78.57134,350.05,0.44,0.62,2026-04-15,722,N21,VIIRS,n,2.0NRT,307,13.64,D
14.99923,78.56595,339.48,0.44,0.62,2026-04-15,722,N21,VIIRS,n,2.0NRT,307.26,8.2,D
15.00006,78.56992,367,0.44,0.62,2026-04-15,722,N21,VIIRS,h,2.0NRT,308.51,12.98,D
15.00204,78.56621,342.79,0.44,0.62,2026-04-15,722,N21,VIIRS,n,2.0NRT,305.97,10.72,D
15.0668,78.25489,342.61,0.46,0.64,2026-04-15,722,N21,VIIRS,n,2.0NRT,304.56,3.93,D
15.0865,78.67761,331.47,0.43,0.62,2026-04-15,722,N21,VIIRS,l,2.0NRT,303.43,6.15,D
15.11382,78.78329,337.43,0.42,0.61,2026-04-15,722,N21,VIIRS,n,2.0NRT,303.49,5.58,D
15.14407,79.07224,334.54,0.4,0.6,2026-04-15,722,N21,VIIRS,n,2.0NRT,304.68,2.4,D
15.1447,79.07535,333.54,0.4,0.6,2026-04-15,722,N21,VIIRS,l,2.0NRT,304.04,2.4,D
15.15405,78.53281,367,0.44,0.62,2026-04-15,722,N21,VIIRS,h,2.0NRT,309.7,21.25,D
15.18015,75.75414,333.57,0.67,0.74,2026-04-15,722,N21,VIIRS,n,2.0NRT,294.11,4.05,D
15.18317,78.87038,335.2,0.42,0.61,2026-04-15,722,N21,VIIRS,l,2.0NRT,309.11,4.98,D
15.18867,78.86931,351.74,0.42,0.61,2026-04-15,722,N21,VIIRS,n,2.0NRT,308.87,4.98,D
15.21745,78.52802,334.77,0.44,0.62,2026-04-15,722,N21,VIIRS,l,2.0NRT,306.89,7.36,D
15.24574,79.21436,335.6,0.39,0.6,2026-04-15,722,N21,VIIRS,n,2.0NRT,305.61,2.01,D
15.26599,78.1099,337.43,0.47,0.64,2026-04-15,722,N21,VIIRS,n,2.0NRT,303.04,6.29,D
15.28752,78.53973,330.78,0.44,0.62,2026-04-15,722,N21,VIIRS,l,2.0NRT,304.76,4.27,D
15.29319,78.76507,336.83,0.42,0.61,2026-04-15,722,N21,VIIRS,n,2.0NRT,302.86,7.05,D
15.30027,78.7715,343.24,0.42,0.61,2026-04-15,722,N21,VIIRS,n,2.0NRT,304.15,7.04,D
15.30344,78.67445,333.33,0.43,0.62,2026-04-15,722,N21,VIIRS,n,2.0NRT,300.63,8.34,D
15.30731,78.69337,367,0.43,0.62,2026-04-15,722,N21,VIIRS,h,2.0NRT,303.13,16.38,D
15.30802,78.69682,336.69,0.43,0.62,2026-04-15,722,N21,VIIRS,n,2.0NRT,302.08,9.57,D
15.3338,78.46307,344.85,0.44,0.62,2026-04-15,722,N21,VIIRS,n,2.0NRT,306.24,6.25,D
15.3354,78.6659,352.07,0.43,0.62,2026-04-15,722,N21,VIIRS,n,2.0NRT,303.91,5.27,D
15.33597,78.66366,332.73,0.43,0.62,2026-04-15,722,N21,VIIRS,n,2.0NRT,302,6.41,D
15.33612,78.66933,330.85,0.43,0.62,2026-04-15,722,N21,VIIRS,l,2.0NRT,302.03,5.27,D
15.33664,78.66699,343.38,0.43,0.62,2026-04-15,722,N21,VIIRS,n,2.0NRT,302.96,5.81,D
15.33734,78.67047,330.33,0.43,0.62,2026-04-15,722,N21,VIIRS,l,2.0NRT,301.76,5.81,D
15.35197,77.69046,332.8,0.5,0.65,2026-04-15,722,N21,VIIRS,n,2.0NRT,300.11,1.89,D
15.35345,77.68822,337.17,0.5,0.65,2026-04-15,722,N21,VIIRS,n,2.0NRT,300.49,1.51,D
15.37484,78.85432,341.66,0.41,0.61,2026-04-15,722,N21,VIIRS,n,2.0NRT,310.52,6.85,D
15.37624,76.88474,330.06,0.56,0.69,2026-04-15,722,N21,VIIRS,n,2.0NRT,297.91,3.11,D
15.3795,78.8511,367,0.41,0.61,2026-04-15,722,N21,VIIRS,h,2.0NRT,309.09,9.8,D
15.38033,78.85323,367,0.41,0.61,2026-04-15,722,N21,VIIRS,h,2.0NRT,307.88,6.85,D
15.38959,79.01416,354.91,0.4,0.6,2026-04-15,722,N21,VIIRS,n,2.0NRT,308.03,7.76,D
15.39033,79.01783,346.5,0.4,0.6,2026-04-15,722,N21,VIIRS,n,2.0NRT,308.24,7.76,D
15.39063,79.83298,339.34,0.35,0.57,2026-04-15,722,N21,VIIRS,n,2.0NRT,308.86,2.99,D
15.43142,78.76765,342.01,0.42,0.61,2026-04-15,722,N21,VIIRS,n,2.0NRT,303.46,6.56,D
15.44455,78.77579,349.66,0.42,0.61,2026-04-15,722,N21,VIIRS,n,2.0NRT,304.52,10.06,D
15.47435,78.00891,344.73,0.47,0.64,2026-04-15,722,N21,VIIRS,n,2.0NRT,302.35,5.02,D
15.47706,79.04733,349.11,0.4,0.6,2026-04-15,722,N21,VIIRS,n,2.0NRT,307.58,7.43,D
15.50449,78.93139,340.66,0.41,0.6,2026-04-15,722,N21,VIIRS,n,2.0NRT,308.85,2.79,D
15.50514,78.92991,335.65,0.41,0.6,2026-04-15,722,N21,VIIRS,l,2.0NRT,308.05,5.52,D
15.5059,78.93356,341.33,0.41,0.6,2026-04-15,722,N21,VIIRS,n,2.0NRT,308.38,6.23,D
15.50866,78.80956,339.86,0.41,0.61,2026-04-15,722,N21,VIIRS,n,2.0NRT,304.09,15.95,D
15.50993,78.93024,333.48,0.41,0.6,2026-04-15,722,N21,VIIRS,l,2.0NRT,307.11,2.79,D
15.51341,78.80488,334.85,0.41,0.61,2026-04-15,722,N21,VIIRS,n,2.0NRT,303.91,15.95,D
15.51417,78.80853,353.25,0.41,0.61,2026-04-15,722,N21,VIIRS,n,2.0NRT,310.58,15.95,D
15.51495,78.81231,367,0.41,0.61,2026-04-15,722,N21,VIIRS,h,2.0NRT,304.68,27.24,D
15.51614,78.79034,333.54,0.42,0.61,2026-04-15,722,N21,VIIRS,n,2.0NRT,303.46,13.75,D
15.51683,78.79369,367,0.42,0.61,2026-04-15,722,N21,VIIRS,h,2.0NRT,306.28,13.75,D
15.51711,76.83115,347.64,0.56,0.69,2026-04-15,722,N21,VIIRS,n,2.0NRT,297.28,8.36,D
15.51752,78.79707,337.36,0.41,0.61,2026-04-15,722,N21,VIIRS,n,2.0NRT,304.01,6.54,D
15.51823,78.80048,331.98,0.41,0.61,2026-04-15,722,N21,VIIRS,l,2.0NRT,303.01,6.54,D
15.51886,76.83204,346.06,0.56,0.69,2026-04-15,722,N21,VIIRS,n,2.0NRT,298.28,8.01,D
15.56091,78.81357,331.27,0.41,0.61,2026-04-15,722,N21,VIIRS,l,2.0NRT,302.62,3.84,D
15.56154,78.81669,334.12,0.41,0.61,2026-04-15,722,N21,VIIRS,n,2.0NRT,302.65,3.84,D
15.56452,77.86311,342.44,0.48,0.65,2026-04-15,722,N21,VIIRS,n,2.0NRT,304.52,11.65,D
15.567,78.8155,335.51,0.41,0.61,2026-04-15,722,N21,VIIRS,n,2.0NRT,305.47,14.78,D
15.56766,78.81874,367,0.41,0.61,2026-04-15,722,N21,VIIRS,h,2.0NRT,305.73,24.43,D
15.57171,78.81059,367,0.41,0.61,2026-04-15,722,N21,VIIRS,h,2.0NRT,304.42,14.78,D
15.57241,78.81403,350.22,0.41,0.61,2026-04-15,722,N21,VIIRS,n,2.0NRT,304.84,14.78,D
15.57315,78.81767,353.11,0.41,0.61,2026-04-15,722,N21,VIIRS,n,2.0NRT,309.47,24.43,D
15.5772,78.80952,343.49,0.41,0.61,2026-04-15,722,N21,VIIRS,n,2.0NRT,304.9,5.07,D
15.5779,78.81297,348.46,0.41,0.61,2026-04-15,722,N21,VIIRS,n,2.0NRT,303.6,5.07,D
15.57817,78.7577,332.62,0.42,0.61,2026-04-15,722,N21,VIIRS,l,2.0NRT,303.65,4.94,D
15.58271,78.80853,341.29,0.41,0.61,2026-04-15,722,N21,VIIRS,n,2.0NRT,304.75,5.07,D
15.58325,78.80856,332.35,0.41,0.61,2026-04-15,722,N21,VIIRS,l,2.0NRT,304.09,3.87,D
15.58338,78.81187,341.01,0.41,0.61,2026-04-15,722,N21,VIIRS,n,2.0NRT,304.63,5.07,D
15.58361,78.92541,355.52,0.41,0.6,2026-04-15,722,N21,VIIRS,n,2.0NRT,311.72,9.48,D
15.58395,78.81189,338.16,0.41,0.61,2026-04-15,722,N21,VIIRS,n,2.0NRT,304.35,3.87,D
15.58408,78.70277,334.15,0.42,0.61,2026-04-15,722,N21,VIIRS,n,2.0NRT,302.06,5.42,D
15.58424,78.70238,332.18,0.42,0.61,2026-04-15,722,N21,VIIRS,l,2.0NRT,302.21,4.79,D
15.58706,78.68946,343.34,0.42,0.61,2026-04-15,722,N21,VIIRS,n,2.0NRT,302.57,8.24,D
15.59991,79.33412,334.32,0.38,0.59,2026-04-15,722,N21,VIIRS,l,2.0NRT,307.51,2.2,D
15.60168,79.33534,341.89,0.38,0.59,2026-04-15,722,N21,VIIRS,n,2.0NRT,309.7,4.21,D
15.62534,78.95592,367,0.4,0.6,2026-04-15,722,N21,VIIRS,h,2.0NRT,307.22,6.38,D
15.62913,78.95481,367,0.4,0.6,2026-04-15,722,N21,VIIRS,h,2.0NRT,307.52,12.5,D
15.63071,78.95457,337.86,0.4,0.6,2026-04-15,722,N21,VIIRS,n,2.0NRT,305.03,6.38,D
15.63387,78.95029,331.77,0.4,0.6,2026-04-15,722,N21,VIIRS,n,2.0NRT,303.96,7.45,D
15.63542,78.94999,330.94,0.4,0.6,2026-04-15,722,N21,VIIRS,l,2.0NRT,304.29,2.79,D
15.63678,78.48994,340.13,0.43,0.62,2026-04-15,722,N21,VIIRS,n,2.0NRT,303.59,6.98,D
15.63872,78.49032,344.92,0.43,0.62,2026-04-15,722,N21,VIIRS,n,2.0NRT,304.89,6.98,D
15.66496,78.73336,343.82,0.42,0.61,2026-04-15,722,N21,VIIRS,n,2.0NRT,302.31,10.31,D
15.66572,78.73711,354.33,0.42,0.61,2026-04-15,722,N21,VIIRS,n,2.0NRT,304.41,17.84,D
15.66648,78.74084,367,0.42,0.61,2026-04-15,722,N21,VIIRS,h,2.0NRT,302.55,17.84,D
15.67128,78.73625,339.49,0.42,0.61,2026-04-15,722,N21,VIIRS,n,2.0NRT,301.74,11.41,D
15.67207,78.74017,367,0.42,0.61,2026-04-15,722,N21,VIIRS,h,2.0NRT,303.77,11.41,D
15.67276,78.99429,331.98,0.4,0.6,2026-04-15,722,N21,VIIRS,l,2.0NRT,306.43,1.69,D
15.6784,78.96675,332.18,0.4,0.6,2026-04-15,722,N21,VIIRS,l,2.0NRT,305.14,1.82,D
15.68465,78.69057,330.24,0.42,0.61,2026-04-15,722,N21,VIIRS,l,2.0NRT,302.16,4.17,D
15.69112,79.05653,342.31,0.4,0.6,2026-04-15,722,N21,VIIRS,n,2.0NRT,308.03,8.76,D
15.69179,79.05984,367,0.4,0.6,2026-04-15,722,N21,VIIRS,h,2.0NRT,309.23,8.76,D
15.69246,79.06315,348.91,0.39,0.6,2026-04-15,722,N21,VIIRS,n,2.0NRT,307.91,11.45,D
15.69563,79.05117,331.69,0.4,0.6,2026-04-15,722,N21,VIIRS,l,2.0NRT,305.92,3.03,D
15.71873,78.7992,335.65,0.41,0.61,2026-04-15,722,N21,VIIRS,n,2.0NRT,302.47,4.78,D
15.72943,78.76821,332.56,0.41,0.61,2026-04-15,722,N21,VIIRS,l,2.0NRT,303.42,3.03,D
15.73291,80.27238,349.63,0.33,0.55,2026-04-15,722,N21,VIIRS,n,2.0NRT,303.46,4.13,D
15.7542,78.16451,336.76,0.45,0.63,2026-04-15,722,N21,VIIRS,n,2.0NRT,306.5,4.54,D
15.76563,78.74987,331.2,0.41,0.61,2026-04-15,722,N21,VIIRS,l,2.0NRT,301.37,3.8,D
15.771,78.74817,333.17,0.41,0.61,2026-04-15,722,N21,VIIRS,n,2.0NRT,301.54,2.89,D
15.7802,78.4875,336.75,0.43,0.62,2026-04-15,722,N21,VIIRS,n,2.0NRT,305.56,2.7,D
15.781,78.49136,335.82,0.43,0.62,2026-04-15,722,N21,VIIRS,n,2.0NRT,305.39,2.7,D
15.78254,78.47078,336.7,0.43,0.62,2026-04-15,722,N21,VIIRS,l,2.0NRT,307.09,2.88,D
15.78335,78.47469,334.32,0.43,0.62,2026-04-15,722,N21,VIIRS,l,2.0NRT,306.07,2.88,D
15.80596,79.14041,335.25,0.39,0.59,2026-04-15,722,N21,VIIRS,l,2.0NRT,308.64,2.6,D
15.80686,79.30038,339.53,0.38,0.59,2026-04-15,722,N21,VIIRS,n,2.0NRT,308.91,4.06,D
15.81136,79.30166,334.62,0.38,0.59,2026-04-15,722,N21,VIIRS,l,2.0NRT,308.41,3.98,D
15.82002,80.39605,337.29,0.32,0.55,2026-04-15,722,N21,VIIRS,n,2.0NRT,304.32,2.51,D
15.8206,80.39896,340,0.32,0.55,2026-04-15,722,N21,VIIRS,n,2.0NRT,304.19,2.51,D
15.8394,80.41631,337.47,0.32,0.54,2026-04-15,722,N21,VIIRS,n,2.0NRT,304.84,6.95,D
15.83998,80.4192,345.87,0.32,0.54,2026-04-15,722,N21,VIIRS,n,2.0NRT,304.98,6.95,D
15.8418,78.484,339.69,0.43,0.62,2026-04-15,722,N21,VIIRS,n,2.0NRT,303.92,3.99,D
15.84383,78.48643,336.38,0.43,0.62,2026-04-15,722,N21,VIIRS,n,2.0NRT,304.25,3.94,D
15.86061,77.86266,340.48,0.47,0.64,2026-04-15,722,N21,VIIRS,n,2.0NRT,300.99,9.04,D
15.93289,77.94901,333.18,0.46,0.64,2026-04-15,722,N21,VIIRS,n,2.0NRT,302.66,4.99,D
15.98035,79.35293,333.45,0.37,0.58,2026-04-15,722,N21,VIIRS,l,2.0NRT,307.31,1.71,D
15.98229,78.15843,367,0.45,0.63,2026-04-15,722,N21,VIIRS,h,2.0NRT,306.19,12.42,D
15.98251,80.09108,333.25,0.33,0.55,2026-04-15,722,N21,VIIRS,l,2.0NRT,304.44,2.48,D
16.0564,77.67414,332.84,0.48,0.65,2026-04-15,722,N21,VIIRS,n,2.0NRT,294.92,4.78,D
16.08471,77.41297,340.19,0.5,0.66,2026-04-15,722,N21,VIIRS,n,2.0NRT,300.86,6.35,D
16.08764,75.85201,334.73,0.63,0.72,2026-04-15,722,N21,VIIRS,n,2.0NRT,302.97,2.56,D
16.09152,95.56838,341.83,0.5,0.49,2026-04-15,722,N21,VIIRS,n,2.0NRT,299.32,7.19,D
16.0937,94.69242,367,0.44,0.46,2026-04-15,722,N21,VIIRS,h,2.0NRT,308.44,15.4,D
16.09422,94.69646,342.33,0.44,0.46,2026-04-15,722,N21,VIIRS,n,2.0NRT,303.34,15.4,D
16.09724,94.52139,335.43,0.42,0.46,2026-04-15,722,N21,VIIRS,n,2.0NRT,302.94,3.16,D
16.10675,95.61804,333.11,0.5,0.49,2026-04-15,722,N21,VIIRS,n,2.0NRT,303.04,5.33,D
16.1181,78.79298,347.6,0.4,0.6,2026-04-15,722,N21,VIIRS,n,2.0NRT,306.98,5.84,D
16.12434,78.79583,337.81,0.4,0.6,2026-04-15,722,N21,VIIRS,n,2.0NRT,304.48,5.84,D
16.13471,94.30199,342.41,0.41,0.45,2026-04-15,722,N21,VIIRS,n,2.0NRT,302.73,5.45,D
16.15445,78.57839,334.5,0.42,0.61,2026-04-15,722,N21,VIIRS,n,2.0NRT,303.72,5.51,D
16.16052,78.58007,336.72,0.42,0.61,2026-04-15,722,N21,VIIRS,n,2.0NRT,302.88,4.81,D
16.16341,95.24438,339.32,0.47,0.48,2026-04-15,722,N21,VIIRS,n,2.0NRT,300.66,5.2,D
16.1638,78.5681,335.74,0.42,0.61,2026-04-15,722,N21,VIIRS,n,2.0NRT,303.38,8.29,D
16.16966,95.6254,333.77,0.5,0.49,2026-04-15,722,N21,VIIRS,n,2.0NRT,302.72,1.96,D
16.17733,95.42838,335.64,0.49,0.48,2026-04-15,722,N21,VIIRS,n,2.0NRT,303.86,2.9,D
16.18978,94.94436,335.93,0.45,0.47,2026-04-15,722,N21,VIIRS,l,2.0NRT,306.96,7.9,D
16.1928,78.68168,334.89,0.41,0.61,2026-04-15,722,N21,VIIRS,n,2.0NRT,302.6,7.24,D
16.19349,78.68503,343.25,0.41,0.61,2026-04-15,722,N21,VIIRS,n,2.0NRT,302.65,8.31,D
16.20811,95.53089,335.38,0.5,0.49,2026-04-15,722,N21,VIIRS,l,2.0NRT,307.34,9.15,D
16.21009,95.29652,341.85,0.48,0.48,2026-04-15,722,N21,VIIRS,n,2.0NRT,304.71,9,D
16.21068,95.29771,347.13,0.48,0.48,2026-04-15,722,N21,VIIRS,n,2.0NRT,304.84,7.01,D
16.21142,95.52111,335.54,0.49,0.49,2026-04-15,722,N21,VIIRS,l,2.0NRT,307.03,4.5,D
16.21588,95.52051,334.26,0.49,0.49,2026-04-15,722,N21,VIIRS,l,2.0NRT,304.78,4.5,D
16.22654,95.3182,337.94,0.48,0.48,2026-04-15,722,N21,VIIRS,n,2.0NRT,304.92,1.98,D
16.22994,95.27258,345.83,0.48,0.48,2026-04-15,722,N21,VIIRS,n,2.0NRT,305.07,6.62,D
16.24288,95.41648,346.25,0.49,0.48,2026-04-15,722,N21,VIIRS,n,2.0NRT,304.07,19.42,D
16.24306,79.14584,334.16,0.38,0.59,2026-04-15,722,N21,VIIRS,l,2.0NRT,308.12,1.39,D
16.26427,80.17629,367,0.32,0.55,2026-04-15,722,N21,VIIRS,h,2.0NRT,307.7,12.45,D
16.27869,95.23456,340.07,0.47,0.48,2026-04-15,722,N21,VIIRS,n,2.0NRT,302.72,3.38,D
16.27999,94.90828,339.68,0.45,0.47,2026-04-15,722,N21,VIIRS,n,2.0NRT,304.12,7.38,D
16.28057,95.4669,334.36,0.49,0.49,2026-04-15,722,N21,VIIRS,n,2.0NRT,304.21,4.03,D
16.2815,95.29272,336.49,0.48,0.48,2026-04-15,722,N21,VIIRS,n,2.0NRT,302.2,3.33,D
16.28326,95.37894,336.95,0.49,0.48,2026-04-15,722,N21,VIIRS,n,2.0NRT,307.92,6.56,D
16.28384,79.93504,332.96,0.34,0.56,2026-04-15,722,N21,VIIRS,l,2.0NRT,306.15,3.21,D
16.28691,94.35268,339.94,0.42,0.45,2026-04-15,722,N21,VIIRS,n,2.0NRT,301.98,11.09,D
16.28803,95.71667,347.9,0.51,0.49,2026-04-15,722,N21,VIIRS,n,2.0NRT,302.2,8.58,D
16.30582,95.56178,332.22,0.5,0.49,2026-04-15,722,N21,VIIRS,l,2.0NRT,306.38,5.48,D
16.31029,95.56118,343,0.5,0.49,2026-04-15,722,N21,VIIRS,n,2.0NRT,306.58,5.48,D
16.31431,95.22764,330.81,0.48,0.48,2026-04-15,722,N21,VIIRS,l,2.0NRT,303.59,1.51,D
16.32393,78.95399,334.24,0.39,0.59,2026-04-15,722,N21,VIIRS,l,2.0NRT,307.18,2.62,D
16.32463,78.95741,336.47,0.39,0.59,2026-04-15,722,N21,VIIRS,l,2.0NRT,307.61,5.24,D
16.32532,78.96078,333.8,0.39,0.59,2026-04-15,722,N21,VIIRS,l,2.0NRT,308.1,5.24,D
16.32602,78.96417,342.32,0.39,0.59,2026-04-15,722,N21,VIIRS,n,2.0NRT,308.41,4.69,D
16.3293,78.95299,336.24,0.39,0.59,2026-04-15,722,N21,VIIRS,l,2.0NRT,307.99,2.62,D
16.3314,78.96323,353.58,0.39,0.59,2026-04-15,722,N21,VIIRS,n,2.0NRT,309.4,4.69,D
16.3321,78.96662,335.33,0.39,0.59,2026-04-15,722,N21,VIIRS,l,2.0NRT,308.29,4.69,D
16.33421,78.53254,367,0.42,0.61,2026-04-15,722,N21,VIIRS,h,2.0NRT,306.27,7.06,D
16.34002,95.48032,336.05,0.49,0.49,2026-04-15,722,N21,VIIRS,n,2.0NRT,307.16,5.57,D
16.34205,95.78228,331.7,0.52,0.5,2026-04-15,722,N21,VIIRS,n,2.0NRT,300.84,2.16,D
16.3482,78.96357,344.71,0.39,0.59,2026-04-15,722,N21,VIIRS,n,2.0NRT,306.91,7.19,D
16.34887,78.96688,367,0.39,0.59,2026-04-15,722,N21,VIIRS,h,2.0NRT,308.34,6.64,D
16.35421,78.96573,331.78,0.39,0.59,2026-04-15,722,N21,VIIRS,n,2.0NRT,305.62,6.64,D
16.36369,80.04803,345.74,0.33,0.55,2026-04-15,722,N21,VIIRS,n,2.0NRT,304.34,5.4,D
16.3667,80.27161,335.1,0.32,0.54,2026-04-15,722,N21,VIIRS,n,2.0NRT,304.43,2.89,D
16.37945,80.38708,333.68,0.62,0.54,2026-04-15,722,N21,VIIRS,l,2.0NRT,304.19,5.88,D
16.38077,79.58476,336.36,0.35,0.57,2026-04-15,722,N21,VIIRS,l,2.0NRT,307.13,4.27,D
16.38265,75.62497,341.73,0.65,0.73,2026-04-15,722,N21,VIIRS,n,2.0NRT,310,8.56,D
16.38697,95.13316,341.89,0.47,0.48,2026-04-15,722,N21,VIIRS,n,2.0NRT,303.21,16.19,D
16.41624,80.8021,332.35,0.59,0.53,2026-04-15,722,N21,VIIRS,l,2.0NRT,303.6,3.16,D
16.42088,95.51167,340.06,0.5,0.49,2026-04-15,722,N21,VIIRS,n,2.0NRT,304.39,3.15,D
16.42491,79.69989,332.56,0.35,0.56,2026-04-15,722,N21,VIIRS,l,2.0NRT,307.48,2.66,D
16.42769,79.69823,339.01,0.35,0.56,2026-04-15,722,N21,VIIRS,l,2.0NRT,309.69,5.29,D
16.42989,94.51341,332.3,0.43,0.46,2026-04-15,722,N21,VIIRS,n,2.0NRT,303.99,3.4,D
16.43246,94.51273,332.88,0.43,0.46,2026-04-15,722,N21,VIIRS,n,2.0NRT,303.87,2.38,D
16.43429,95.5099,341.61,0.5,0.49,2026-04-15,722,N21,VIIRS,n,2.0NRT,304.08,17.24,D
16.45061,80.98171,332.8,0.57,0.52,2026-04-15,722,N21,VIIRS,l,2.0NRT,303.44,4.77,D
16.45124,79.70966,344.83,0.35,0.56,2026-04-15,722,N21,VIIRS,n,2.0NRT,307.92,5.23,D
16.45553,79.5996,335.12,0.35,0.57,2026-04-15,722,N21,VIIRS,l,2.0NRT,309.96,4.6,D
16.46035,94.96645,348.27,0.46,0.47,2026-04-15,722,N21,VIIRS,n,2.0NRT,303.77,10.89,D
16.46305,94.9531,335.28,0.46,0.47,2026-04-15,722,N21,VIIRS,n,2.0NRT,303.68,3.17,D
16.46593,80.79987,330.25,0.58,0.52,2026-04-15,722,N21,VIIRS,l,2.0NRT,305.17,5.98,D
16.46936,95.43674,341.68,0.49,0.49,2026-04-15,722,N21,VIIRS,n,2.0NRT,310.86,39.05,D
16.47294,94.28446,338.42,0.42,0.45,2026-04-15,722,N21,VIIRS,n,2.0NRT,306.11,5.62,D
16.47344,94.28833,337.64,0.42,0.45,2026-04-15,722,N21,VIIRS,n,2.0NRT,305.91,4.55,D
16.48735,95.00631,343.09,0.46,0.47,2026-04-15,722,N21,VIIRS,n,2.0NRT,304.52,14.17,D
16.48969,95.00687,344.14,0.46,0.47,2026-04-15,722,N21,VIIRS,n,2.0NRT,305.81,13.41,D
16.49752,80.93632,336.83,0.57,0.52,2026-04-15,722,N21,VIIRS,n,2.0NRT,303.67,10.9,D
16.50179,96.09532,342.81,0.54,0.51,2026-04-15,722,N21,VIIRS,n,2.0NRT,304.45,7.17,D
16.5051,95.54462,337.92,0.5,0.49,2026-04-15,722,N21,VIIRS,n,2.0NRT,305.56,7.81,D
16.50697,97.71556,367,0.35,0.57,2026-04-15,722,N21,VIIRS,h,2.0NRT,308.6,15.69,D
16.50958,95.54402,342.37,0.5,0.49,2026-04-15,722,N21,VIIRS,n,2.0NRT,306.27,15.75,D
16.51385,79.96723,367,0.33,0.55,2026-04-15,722,N21,VIIRS,h,2.0NRT,306.1,5.74,D
16.54384,94.94727,338.29,0.46,0.47,2026-04-15,722,N21,VIIRS,n,2.0NRT,301.3,2.22,D
16.54422,79.77824,351.87,0.34,0.56,2026-04-15,722,N21,VIIRS,n,2.0NRT,304.64,8.05,D
16.54496,78.68761,330.9,0.4,0.6,2026-04-15,722,N21,VIIRS,l,2.0NRT,305.16,3.01,D
16.54581,95.99999,330.32,0.54,0.51,2026-04-15,722,N21,VIIRS,l,2.0NRT,302.27,6.28,D
16.54798,79.77844,345.37,0.34,0.56,2026-04-15,722,N21,VIIRS,n,2.0NRT,303.15,2.25,D
16.55287,95.53987,333.22,0.5,0.49,2026-04-15,722,N21,VIIRS,l,2.0NRT,305.94,4.55,D
16.56219,95.63724,343.19,0.51,0.49,2026-04-15,722,N21,VIIRS,n,2.0NRT,303.98,14.85,D
16.56365,95.47708,367,0.5,0.49,2026-04-15,722,N21,VIIRS,h,2.0NRT,303.51,11.34,D
16.56385,95.36523,342.33,0.49,0.48,2026-04-15,722,N21,VIIRS,n,2.0NRT,307.05,5.11,D
16.56386,95.63394,340.06,0.51,0.49,2026-04-15,722,N21,VIIRS,n,2.0NRT,307.55,13.44,D
16.56388,96.19366,347.15,0.55,0.51,2026-04-15,722,N21,VIIRS,n,2.0NRT,304.67,26.77,D
16.56442,95.63868,336.65,0.51,0.49,2026-04-15,722,N21,VIIRS,l,2.0NRT,307,14.16,D
16.5884,78.81406,333.97,0.39,0.6,2026-04-15,722,N21,VIIRS,l,2.0NRT,307.87,1.56,D
16.59314,94.97327,341.4,0.46,0.47,2026-04-15,722,N21,VIIRS,n,2.0NRT,304.71,7.94,D
16.59505,94.9708,341.32,0.46,0.47,2026-04-15,722,N21,VIIRS,n,2.0NRT,303.5,6.1,D
16.60023,94.95923,331.7,0.46,0.47,2026-04-15,722,N21,VIIRS,n,2.0NRT,302.06,2.64,D
16.60499,96.02271,340.89,0.54,0.51,2026-04-15,722,N21,VIIRS,n,2.0NRT,305.23,6.11,D
16.60616,95.56607,333.18,0.5,0.49,2026-04-15,722,N21,VIIRS,n,2.0NRT,302.76,3.01,D
16.60945,95.48039,340.06,0.5,0.49,2026-04-15,722,N21,VIIRS,n,2.0NRT,304.79,6.71,D
16.61415,94.85789,342.49,0.45,0.47,2026-04-15,722,N21,VIIRS,n,2.0NRT,302.97,4.98,D
16.62174,79.31675,367,0.36,0.58,2026-04-15,722,N21,VIIRS,h,2.0NRT,312.59,12.13,D
16.63511,94.61047,333.43,0.44,0.46,2026-04-15,722,N21,VIIRS,l,2.0NRT,305.51,1.44,D
16.65416,94.96938,349.2,0.46,0.47,2026-04-15,722,N21,VIIRS,n,2.0NRT,305.62,10.28,D
16.66066,78.30891,333.74,0.42,0.61,2026-04-15,722,N21,VIIRS,n,2.0NRT,303.43,2.43,D
16.66596,97.90175,341.66,0.36,0.58,2026-04-15,722,N21,VIIRS,n,2.0NRT,306.71,3.92,D
16.66823,95.60892,332.57,0.51,0.49,2026-04-15,722,N21,VIIRS,l,2.0NRT,306.02,4.28,D
16.67274,95.60832,335.6,0.51,0.49,2026-04-15,722,N21,VIIRS,l,2.0NRT,306.79,4.28,D
16.67557,95.60956,351.89,0.51,0.49,2026-04-15,722,N21,VIIRS,n,2.0NRT,309.28,20.99,D
16.67726,95.60773,345.93,0.51,0.49,2026-04-15,722,N21,VIIRS,n,2.0NRT,306.53,9.96,D
16.67781,95.61246,342.69,0.51,0.49,2026-04-15,722,N21,VIIRS,n,2.0NRT,306.16,9.96,D
16.68085,79.94505,334.55,0.33,0.55,2026-04-15,722,N21,VIIRS,l,2.0NRT,307.55,4.03,D
16.68262,95.38467,339.8,0.49,0.49,2026-04-15,722,N21,VIIRS,n,2.0NRT,305.84,10.11,D
16.6828,95.02254,354.61,0.47,0.47,2026-04-15,722,N21,VIIRS,n,2.0NRT,305.33,18.6,D
16.6846,95.60838,337.8,0.51,0.49,2026-04-15,722,N21,VIIRS,n,2.0NRT,306,4.65,D
16.68652,95.37949,342.08,0.49,0.49,2026-04-15,722,N21,VIIRS,n,2.0NRT,305.81,16.22,D
16.68684,95.61126,342.45,0.51,0.49,2026-04-15,722,N21,VIIRS,n,2.0NRT,305.56,7.63,D
16.68707,95.38408,345.61,0.49,0.49,2026-04-15,722,N21,VIIRS,n,2.0NRT,308.42,16.22,D
16.69194,94.8266,337.4,0.45,0.47,2026-04-15,722,N21,VIIRS,n,2.0NRT,304.52,5.73,D
16.69291,94.82579,341.09,0.45,0.47,2026-04-15,722,N21,VIIRS,n,2.0NRT,304.05,6.75,D
16.70301,94.95493,341.92,0.46,0.47,2026-04-15,722,N21,VIIRS,n,2.0NRT,305.02,7.67,D
16.70493,94.9538,353.88,0.46,0.47,2026-04-15,722,N21,VIIRS,n,2.0NRT,304.94,12.36,D
16.72037,94.80988,341.5,0.45,0.47,2026-04-15,722,N21,VIIRS,n,2.0NRT,305.97,5.78,D
16.72115,94.60747,331.94,0.44,0.46,2026-04-15,722,N21,VIIRS,l,2.0NRT,304.21,4.47,D
16.72354,95.61122,338.38,0.51,0.49,2026-04-15,722,N21,VIIRS,n,2.0NRT,305.11,6.16,D
16.72547,97.56981,352.73,0.34,0.56,2026-04-15,722,N21,VIIRS,n,2.0NRT,305.93,7.63,D
16.73103,77.15295,330.36,0.5,0.66,2026-04-15,722,N21,VIIRS,l,2.0NRT,300.75,3.84,D
16.73114,78.7597,341.46,0.39,0.6,2026-04-15,722,N21,VIIRS,n,2.0NRT,307.67,3.78,D
16.73906,95.14511,335.24,0.48,0.48,2026-04-15,722,N21,VIIRS,n,2.0NRT,303.11,2.63,D
16.75315,97.35506,335.58,0.33,0.56,2026-04-15,722,N21,VIIRS,l,2.0NRT,308.23,8.5,D
16.76086,97.46748,336.76,0.34,0.56,2026-04-15,722,N21,VIIRS,n,2.0NRT,302.9,2.48,D
16.76123,79.87843,343.91,0.33,0.55,2026-04-15,722,N21,VIIRS,n,2.0NRT,307.55,4.74,D
16.76597,97.46676,347.31,0.34,0.56,2026-04-15,722,N21,VIIRS,n,2.0NRT,303.32,3.17,D
16.78019,77.89481,335.31,0.45,0.63,2026-04-15,722,N21,VIIRS,n,2.0NRT,301.68,3.83,D
16.78371,95.36799,349.1,0.49,0.49,2026-04-15,722,N21,VIIRS,n,2.0NRT,305.44,11.77,D
16.78547,77.07348,330.51,0.51,0.66,2026-04-15,722,N21,VIIRS,l,2.0NRT,300.56,3.99,D
16.78761,95.36281,343.48,0.49,0.49,2026-04-15,722,N21,VIIRS,n,2.0NRT,306.91,10.47,D
16.79104,77.57498,344.09,0.47,0.64,2026-04-15,722,N21,VIIRS,n,2.0NRT,303.63,5.14,D
16.79123,78.86217,338.49,0.39,0.59,2026-04-15,722,N21,VIIRS,l,2.0NRT,308.79,1.89,D
16.79395,78.86002,332.97,0.39,0.59,2026-04-15,722,N21,VIIRS,l,2.0NRT,307.32,0.93,D
16.79434,95.05273,338.72,0.47,0.48,2026-04-15,722,N21,VIIRS,n,2.0NRT,304.56,4.7,D
16.80972,94.8029,336.02,0.45,0.47,2026-04-15,722,N21,VIIRS,n,2.0NRT,304.9,5.47,D
16.82704,95.06615,346.66,0.47,0.48,2026-04-15,722,N21,VIIRS,n,2.0NRT,306.06,19.78,D
16.82837,95.0672,341.06,0.47,0.48,2026-04-15,722,N21,VIIRS,n,2.0NRT,304.37,17.03,D
16.83108,95.42253,332.88,0.5,0.49,2026-04-15,722,N21,VIIRS,l,2.0NRT,305.47,3.59,D
16.8441,95.08742,335.83,0.47,0.48,2026-04-15,722,N21,VIIRS,n,2.0NRT,304.84,5.01,D
16.85135,78.42613,331.27,0.41,0.61,2026-04-15,722,N21,VIIRS,l,2.0NRT,305.01,3.22,D
16.85177,95.07744,335.54,0.47,0.48,2026-04-15,722,N21,VIIRS,n,2.0NRT,305.31,3.36,D
16.85997,95.25762,330.73,0.49,0.48,2026-04-15,722,N21,VIIRS,l,2.0NRT,303.97,3.1,D
16.86116,97.2741,367,0.33,0.55,2026-04-15,722,N21,VIIRS,h,2.0NRT,313.67,11.18,D
16.86523,97.27381,367,0.33,0.55,2026-04-15,722,N21,VIIRS,h,2.0NRT,313.8,9.55,D
16.86991,95.00824,340.68,0.47,0.48,2026-04-15,722,N21,VIIRS,n,2.0NRT,303.95,7.94,D
16.87206,95.28363,335.9,0.49,0.48,2026-04-15,722,N21,VIIRS,n,2.0NRT,304.14,4.82,D
16.89829,94.6102,333.43,0.44,0.46,2026-04-15,722,N21,VIIRS,n,2.0NRT,302.74,3.42,D
16.90083,76.96044,332.16,0.52,0.66,2026-04-15,722,N21,VIIRS,n,2.0NRT,299.1,4.5,D
16.91561,77.30553,333.11,0.49,0.65,2026-04-15,722,N21,VIIRS,l,2.0NRT,303.87,4.11,D
16.93645,96.29873,335.88,0.57,0.52,2026-04-15,722,N21,VIIRS,n,2.0NRT,305.18,5.86,D
16.98344,95.98992,353.4,0.54,0.51,2026-04-15,722,N21,VIIRS,n,2.0NRT,312.54,45.66,D
16.99372,95.80075,332.3,0.53,0.5,2026-04-15,722,N21,VIIRS,l,2.0NRT,304.31,5.7,D
17.00713,95.06779,342.19,0.47,0.48,2026-04-15,722,N21,VIIRS,n,2.0NRT,306.51,8.78,D
17.01095,95.0628,343.25,0.47,0.48,2026-04-15,722,N21,VIIRS,n,2.0NRT,305.59,9.38,D
17.0115,95.06721,342.91,0.47,0.48,2026-04-15,722,N21,VIIRS,n,2.0NRT,306.7,8.78,D
17.01815,74.17072,342.59,0.78,0.78,2026-04-15,722,N21,VIIRS,n,2.0NRT,310.62,11.9,D
17.02647,94.56773,332.99,0.44,0.46,2026-04-15,722,N21,VIIRS,n,2.0NRT,300.77,2.33,D
17.04003,95.11746,341.93,0.48,0.48,2026-04-15,722,N21,VIIRS,n,2.0NRT,307.81,10.66,D
17.0406,95.11876,351.33,0.48,0.48,2026-04-15,722,N21,VIIRS,n,2.0NRT,308.75,10.84,D
17.04287,80.1475,341.68,0.63,0.54,2026-04-15,722,N21,VIIRS,n,2.0NRT,303.87,7.58,D
17.06216,95.55404,330.74,0.51,0.49,2026-04-15,722,N21,VIIRS,l,2.0NRT,303.35,3.55,D
17.09677,95.46301,336.77,0.5,0.49,2026-04-15,722,N21,VIIRS,n,2.0NRT,305.41,3.57,D
17.09736,95.4677,335.62,0.5,0.49,2026-04-15,722,N21,VIIRS,n,2.0NRT,305.03,3.57,D
17.10496,78.70169,351.45,0.39,0.59,2026-04-15,722,N21,VIIRS,n,2.0NRT,306.49,5.5,D
17.10709,78.69919,336.88,0.39,0.59,2026-04-15,722,N21,VIIRS,n,2.0NRT,304.45,3.58,D
17.10757,95.81448,339.79,0.53,0.5,2026-04-15,722,N21,VIIRS,n,2.0NRT,305.95,4.71,D
17.11217,95.81387,338.16,0.53,0.5,2026-04-15,722,N21,VIIRS,n,2.0NRT,305.88,4.71,D
17.11277,95.81883,332.51,0.53,0.5,2026-04-15,722,N21,VIIRS,l,2.0NRT,305.4,4.71,D
17.11817,97.1181,335.62,0.33,0.55,2026-04-15,722,N21,VIIRS,l,2.0NRT,309,1.58,D
17.12031,81.75745,333.6,0.49,0.49,2026-04-15,722,N21,VIIRS,l,2.0NRT,303.84,3.76,D
17.12182,97.10535,355.03,0.32,0.55,2026-04-15,722,N21,VIIRS,n,2.0NRT,311.54,7.05,D
17.12213,94.53892,350.65,0.44,0.46,2026-04-15,722,N21,VIIRS,n,2.0NRT,304.25,27.09,D
17.12471,81.75658,330.04,0.49,0.49,2026-04-15,722,N21,VIIRS,l,2.0NRT,302.92,3.72,D
17.14526,95.3541,333.95,0.5,0.49,2026-04-15,722,N21,VIIRS,l,2.0NRT,304.58,9.63,D
17.14582,95.35873,355,0.5,0.49,2026-04-15,722,N21,VIIRS,n,2.0NRT,306.84,9.63,D
17.1506,78.4056,338.66,0.41,0.61,2026-04-15,722,N21,VIIRS,n,2.0NRT,305.21,2.09,D
17.15101,78.40415,332.61,0.41,0.61,2026-04-15,722,N21,VIIRS,l,2.0NRT,304.4,1.74,D
17.15918,94.52583,341.08,0.44,0.46,2026-04-15,722,N21,VIIRS,n,2.0NRT,303.69,53.81,D
17.16004,95.98895,342.82,0.55,0.51,2026-04-15,722,N21,VIIRS,n,2.0NRT,312.36,10.41,D
17.16136,95.98618,338.18,0.55,0.51,2026-04-15,722,N21,VIIRS,l,2.0NRT,311.96,8.88,D
17.16845,80.43539,335.96,0.6,0.53,2026-04-15,722,N21,VIIRS,n,2.0NRT,302.93,8.1,D
17.16954,80.4409,332.57,0.6,0.53,2026-04-15,722,N21,VIIRS,n,2.0NRT,302.26,7.84,D
17.16996,80.54311,331.61,0.59,0.53,2026-04-15,722,N21,VIIRS,l,2.0NRT,301.88,3.32,D
17.2051,79.9678,348.1,0.32,0.55,2026-04-15,722,N21,VIIRS,n,2.0NRT,304.47,5.31,D
17.21916,95.00584,337.67,0.47,0.48,2026-04-15,722,N21,VIIRS,n,2.0NRT,305.53,4.66,D
17.21971,95.01025,338.49,0.47,0.48,2026-04-15,722,N21,VIIRS,n,2.0NRT,307.63,4.66,D
17.22287,95.72657,342.99,0.53,0.5,2026-04-15,722,N21,VIIRS,n,2.0NRT,305.52,8.03,D
17.22347,95.73148,339.52,0.53,0.5,2026-04-15,722,N21,VIIRS,n,2.0NRT,304.63,6.27,D
17.22352,95.72858,353.59,0.53,0.5,2026-04-15,722,N21,VIIRS,n,2.0NRT,305.83,11.28,D
17.22353,95.00526,343.46,0.47,0.48,2026-04-15,722,N21,VIIRS,n,2.0NRT,306.95,31.06,D
17.22407,95.00966,354.29,0.47,0.48,2026-04-15,722,N21,VIIRS,n,2.0NRT,311.87,31.06,D
17.22533,78.70249,344.11,0.39,0.59,2026-04-15,722,N21,VIIRS,n,2.0NRT,307.06,3.38,D
17.23362,96.38029,338.38,0.58,0.52,2026-04-15,722,N21,VIIRS,n,2.0NRT,309.62,6.21,D
17.23762,97.71634,335.05,0.36,0.57,2026-04-15,722,N21,VIIRS,l,2.0NRT,308.55,3.26,D
17.23829,97.71687,341.59,0.36,0.57,2026-04-15,722,N21,VIIRS,n,2.0NRT,308.01,3.67,D
17.24965,94.96604,342.95,0.47,0.48,2026-04-15,722,N21,VIIRS,n,2.0NRT,306.51,10.44,D
17.25064,94.96387,351.71,0.47,0.48,2026-04-15,722,N21,VIIRS,n,2.0NRT,310.5,31.83,D
17.27051,77.80579,330.51,0.45,0.63,2026-04-15,722,N21,VIIRS,l,2.0NRT,304.3,3.46,D
17.27795,94.93346,335.89,0.47,0.48,2026-04-15,722,N21,VIIRS,n,2.0NRT,304.91,0.77,D
17.28206,95.51913,343.67,0.51,0.49,2026-04-15,722,N21,VIIRS,n,2.0NRT,307,8.92,D
17.28943,77.49873,339.25,0.47,0.64,2026-04-15,722,N21,VIIRS,n,2.0NRT,305.53,6.08,D
17.29115,95.36939,340.15,0.5,0.49,2026-04-15,722,N21,VIIRS,n,2.0NRT,309.3,6.4,D
17.29464,77.49844,339.61,0.47,0.64,2026-04-15,722,N21,VIIRS,n,2.0NRT,305.61,7.53,D
17.30007,81.50438,345.21,0.51,0.49,2026-04-15,722,N21,VIIRS,n,2.0NRT,301.34,7.54,D
17.30969,94.62995,351.18,0.45,0.47,2026-04-15,722,N21,VIIRS,n,2.0NRT,301.33,22.27,D
17.31018,94.62914,341.6,0.45,0.47,2026-04-15,722,N21,VIIRS,n,2.0NRT,303.07,26.18,D
17.33339,76.65765,339.94,0.53,0.67,2026-04-15,722,N21,VIIRS,n,2.0NRT,309.27,9.46,D
17.33468,76.65746,339.74,0.53,0.67,2026-04-15,722,N21,VIIRS,n,2.0NRT,308.3,8.91,D
17.34009,95.45197,343.05,0.51,0.49,2026-04-15,722,N21,VIIRS,n,2.0NRT,304.35,4.6,D
17.3446,95.45137,331.12,0.51,0.49,2026-04-15,722,N21,VIIRS,l,2.0NRT,303.6,4.6,D
17.34891,94.66706,332.72,0.45,0.47,2026-04-15,722,N21,VIIRS,n,2.0NRT,299.46,4.44,D
17.35327,97.59717,332.34,0.35,0.57,2026-04-15,722,N21,VIIRS,l,2.0NRT,305.89,2.23,D
17.36543,95.43423,334.19,0.51,0.49,2026-04-15,722,N21,VIIRS,l,2.0NRT,306.12,5.49,D
17.36836,81.31424,331.14,0.52,0.5,2026-04-15,722,N21,VIIRS,n,2.0NRT,301.42,3.45,D
17.36922,97.95005,339.9,0.37,0.58,2026-04-15,722,N21,VIIRS,n,2.0NRT,301.34,3.65,D
17.36993,95.43363,348.09,0.51,0.49,2026-04-15,722,N21,VIIRS,n,2.0NRT,306.58,5.49,D
17.37075,97.95065,340.32,0.37,0.58,2026-04-15,722,N21,VIIRS,n,2.0NRT,301.49,3.36,D
17.37437,77.91789,342.48,0.44,0.62,2026-04-15,722,N21,VIIRS,n,2.0NRT,308.8,2.73,D
17.37662,77.91879,335.37,0.44,0.62,2026-04-15,722,N21,VIIRS,l,2.0NRT,307.54,4.32,D
17.39269,77.16449,337.79,0.49,0.65,2026-04-15,722,N21,VIIRS,n,2.0NRT,305.51,6.8,D
17.39361,77.16879,342.65,0.49,0.65,2026-04-15,722,N21,VIIRS,n,2.0NRT,307.07,8.97,D
17.3956,78.01638,350.11,0.43,0.62,2026-04-15,722,N21,VIIRS,n,2.0NRT,310.4,8.41,D
17.39713,78.01746,351,0.43,0.62,2026-04-15,722,N21,VIIRS,n,2.0NRT,310.11,6.06,D
17.39933,96.63357,343.33,0.61,0.53,2026-04-15,722,N21,VIIRS,n,2.0NRT,306.71,21.66,D
17.39943,77.16733,337.66,0.49,0.65,2026-04-15,722,N21,VIIRS,n,2.0NRT,305.78,5.63,D
17.40852,94.83189,339.45,0.46,0.47,2026-04-15,722,N21,VIIRS,n,2.0NRT,301.57,7.77,D
17.4178,81.39026,330.53,0.51,0.5,2026-04-15,722,N21,VIIRS,l,2.0NRT,302.62,6.39,D
17.41976,81.38857,333.43,0.51,0.5,2026-04-15,722,N21,VIIRS,l,2.0NRT,303.76,8.33,D
17.42249,81.37835,334.13,0.51,0.5,2026-04-15,722,N21,VIIRS,n,2.0NRT,303.84,8.79,D
17.42485,81.37871,335.28,0.51,0.5,2026-04-15,722,N21,VIIRS,n,2.0NRT,303.39,6.49,D
17.42828,81.3963,332.58,0.51,0.5,2026-04-15,722,N21,VIIRS,l,2.0NRT,302.95,6.25,D
17.43702,81.39346,330.03,0.51,0.5,2026-04-15,722,N21,VIIRS,l,2.0NRT,302.81,8.6,D
17.43881,81.40269,334.9,0.51,0.49,2026-04-15,722,N21,VIIRS,n,2.0NRT,303.61,4.35,D
17.44325,81.4016,339.75,0.51,0.49,2026-04-15,722,N21,VIIRS,n,2.0NRT,303.97,4.35,D
17.44658,81.86956,334.27,0.48,0.48,2026-04-15,722,N21,VIIRS,l,2.0NRT,304.71,4.19,D
17.45038,97.80521,332.43,0.37,0.58,2026-04-15,722,N21,VIIRS,n,2.0NRT,302.7,2.39,D
17.45253,79.13743,333.87,0.36,0.57,2026-04-15,722,N21,VIIRS,l,2.0NRT,307.89,3.83,D
17.45326,81.38126,331.52,0.51,0.5,2026-04-15,722,N21,VIIRS,n,2.0NRT,302.5,3.15,D
17.45772,96.96792,346.4,0.32,0.55,2026-04-15,722,N21,VIIRS,n,2.0NRT,301.51,4.91,D
17.45977,81.26963,332.4,0.52,0.5,2026-04-15,722,N21,VIIRS,l,2.0NRT,305.46,2.75,D
17.48618,95.74036,334.6,0.53,0.5,2026-04-15,722,N21,VIIRS,l,2.0NRT,305.53,3.48,D
17.4941,76.65766,343.82,0.53,0.67,2026-04-15,722,N21,VIIRS,n,2.0NRT,309.24,7.48,D
17.5016,82.32341,334.2,0.45,0.47,2026-04-15,722,N21,VIIRS,n,2.0NRT,303.06,4.9,D
17.50369,82.28822,330.99,0.45,0.47,2026-04-15,722,N21,VIIRS,l,2.0NRT,304.23,4.36,D
17.50375,96.19438,340.62,0.57,0.52,2026-04-15,722,N21,VIIRS,n,2.0NRT,302.35,6.62,D
17.50537,96.19719,342.56,0.57,0.52,2026-04-15,722,N21,VIIRS,n,2.0NRT,302.71,11.81,D
17.50795,82.28762,341.82,0.45,0.47,2026-04-15,722,N21,VIIRS,n,2.0NRT,308.27,11.66,D
17.50998,77.37147,335.33,0.47,0.64,2026-04-15,722,N21,VIIRS,l,2.0NRT,307.28,4.63,D
17.52069,81.04404,335.73,0.54,0.51,2026-04-15,722,N21,VIIRS,n,2.0NRT,301.22,5.14,D
17.52157,81.73644,336.14,0.49,0.48,2026-04-15,722,N21,VIIRS,n,2.0NRT,301.86,10.32,D
17.52243,81.74091,340.36,0.49,0.48,2026-04-15,722,N21,VIIRS,n,2.0NRT,302.46,12.38,D
17.52373,97.29338,341.05,0.34,0.56,2026-04-15,722,N21,VIIRS,n,2.0NRT,302.33,3.47,D
17.52962,78.69702,332.45,0.38,0.59,2026-04-15,722,N21,VIIRS,l,2.0NRT,306.83,2.91,D
17.52966,81.70747,340.15,0.49,0.48,2026-04-15,722,N21,VIIRS,n,2.0NRT,301.95,7.77,D
17.53104,78.69522,331.81,0.38,0.59,2026-04-15,722,N21,VIIRS,l,2.0NRT,305.52,3.21,D
17.53771,97.9724,333.04,0.38,0.58,2026-04-15,722,N21,VIIRS,n,2.0NRT,307.39,15.27,D
17.54267,97.96809,345.01,0.38,0.58,2026-04-15,722,N21,VIIRS,n,2.0NRT,308.28,15.27,D
17.54304,97.97157,367,0.38,0.58,2026-04-15,722,N21,VIIRS,h,2.0NRT,311.81,15.27,D
17.54823,94.94843,340.38,0.47,0.48,2026-04-15,722,N21,VIIRS,n,2.0NRT,302.58,2.87,D
17.55021,97.9377,342.93,0.37,0.58,2026-04-15,722,N21,VIIRS,n,2.0NRT,308.59,6.59,D
17.55024,80.10773,332.44,0.62,0.54,2026-04-15,722,N21,VIIRS,l,2.0NRT,303.37,2.55,D
17.55385,80.99381,333.86,0.54,0.51,2026-04-15,722,N21,VIIRS,n,2.0NRT,302.13,6.59,D
17.55388,81.85857,336.64,0.48,0.48,2026-04-15,722,N21,VIIRS,n,2.0NRT,304.69,5.62,D
17.55574,81.4897,333.08,0.5,0.49,2026-04-15,722,N21,VIIRS,l,2.0NRT,303.13,4.59,D
17.55751,80.98938,342.23,0.54,0.51,2026-04-15,722,N21,VIIRS,n,2.0NRT,302.99,11.2,D
17.55838,80.99259,334.62,0.54,0.51,2026-04-15,722,N21,VIIRS,n,2.0NRT,302.93,6.59,D
17.56086,77.98064,339.49,0.43,0.62,2026-04-15,722,N21,VIIRS,n,2.0NRT,306.83,2.41,D
17.57339,76.8633,341.17,0.51,0.66,2026-04-15,722,N21,VIIRS,l,2.0NRT,311.96,9.65,D
17.57444,76.868,345.6,0.51,0.66,2026-04-15,722,N21,VIIRS,n,2.0NRT,312.13,9.65,D
17.5768,76.86528,367,0.51,0.66,2026-04-15,722,N21,VIIRS,h,2.0NRT,312.33,16.96,D
17.58169,82.28445,336.82,0.45,0.47,2026-04-15,722,N21,VIIRS,n,2.0NRT,305.24,5.05,D
17.58177,82.28426,336.43,0.45,0.47,2026-04-15,722,N21,VIIRS,n,2.0NRT,304.88,5.22,D
17.58464,78.4427,335.81,0.4,0.6,2026-04-15,722,N21,VIIRS,n,2.0NRT,305.68,2.44,D
17.58713,96.23634,335.94,0.58,0.52,2026-04-15,722,N21,VIIRS,n,2.0NRT,303.59,4.31,D
17.58804,78.44128,332.03,0.4,0.6,2026-04-15,722,N21,VIIRS,l,2.0NRT,306.67,5.18,D
17.59229,81.91939,339.81,0.47,0.48,2026-04-15,722,N21,VIIRS,n,2.0NRT,303.23,5.58,D
17.59308,81.92361,330.93,0.47,0.48,2026-04-15,722,N21,VIIRS,l,2.0NRT,302.52,5.58,D
17.59771,81.75587,338.27,0.48,0.48,2026-04-15,722,N21,VIIRS,n,2.0NRT,302,5.21,D
17.59784,81.75335,341.48,0.48,0.48,2026-04-15,722,N21,VIIRS,n,2.0NRT,302.25,5.34,D
17.59988,76.3812,338.93,0.55,0.68,2026-04-15,722,N21,VIIRS,l,2.0NRT,312.44,9.42,D
17.60005,76.38264,342.11,0.54,0.68,2026-04-15,722,N21,VIIRS,l,2.0NRT,313.09,10.33,D
17.60606,83.20348,338.41,0.39,0.44,2026-04-15,722,N21,VIIRS,n,2.0NRT,306.19,3.34,D
17.6124,81.8053,331.15,0.48,0.48,2026-04-15,722,N21,VIIRS,n,2.0NRT,302.45,3.57,D
17.61258,81.78283,331.82,0.48,0.48,2026-04-15,722,N21,VIIRS,n,2.0NRT,300.62,3.47,D
17.61488,80.28202,331.14,0.6,0.53,2026-04-15,722,N21,VIIRS,l,2.0NRT,303.5,4.22,D
17.61796,97.53461,342.64,0.35,0.57,2026-04-15,722,N21,VIIRS,n,2.0NRT,315.68,22.1,D
17.61833,97.53792,367,0.35,0.57,2026-04-15,722,N21,VIIRS,h,2.0NRT,307.08,22.1,D
17.62227,81.6919,336.46,0.49,0.48,2026-04-15,722,N21,VIIRS,n,2.0NRT,301.59,6.3,D
17.62498,77.7959,339.34,0.44,0.62,2026-04-15,722,N21,VIIRS,n,2.0NRT,307.07,10.45,D
17.6251,94.6312,339.09,0.45,0.47,2026-04-15,722,N21,VIIRS,n,2.0NRT,300.03,5.16,D
17.62948,81.51411,341.02,0.5,0.49,2026-04-15,722,N21,VIIRS,n,2.0NRT,305.86,15.87,D
17.6325,97.76392,341.22,0.37,0.58,2026-04-15,722,N21,VIIRS,n,2.0NRT,305.58,5.27,D
17.63272,97.86531,332.6,0.37,0.58,2026-04-15,722,N21,VIIRS,l,2.0NRT,305.71,5.25,D
17.6398,81.87758,341.94,0.47,0.48,2026-04-15,722,N21,VIIRS,n,2.0NRT,304.33,5.71,D
17.64063,81.88189,335.08,0.47,0.48,2026-04-15,722,N21,VIIRS,n,2.0NRT,302.74,5.71,D
17.64272,81.53555,336.37,0.5,0.49,2026-04-15,722,N21,VIIRS,n,2.0NRT,304.53,7.22,D
17.64283,81.82298,343.79,0.48,0.48,2026-04-15,722,N21,VIIRS,n,2.0NRT,302.93,8.03,D
17.65715,81.51893,335.35,0.5,0.49,2026-04-15,722,N21,VIIRS,n,2.0NRT,304.38,3.07,D
17.65776,81.51799,335.11,0.5,0.49,2026-04-15,722,N21,VIIRS,n,2.0NRT,304.59,4.6,D
17.65785,80.91621,331.59,0.55,0.51,2026-04-15,722,N21,VIIRS,n,2.0NRT,300.87,2.04,D
17.66425,81.48462,330.38,0.5,0.49,2026-04-15,722,N21,VIIRS,l,2.0NRT,304.19,3.47,D
17.66495,79.40936,334.36,0.34,0.56,2026-04-15,722,N21,VIIRS,l,2.0NRT,305.6,2.58,D
17.66496,80.23508,342.2,0.6,0.53,2026-04-15,722,N21,VIIRS,n,2.0NRT,305.76,6.8,D
17.66607,81.51756,336.94,0.5,0.49,2026-04-15,722,N21,VIIRS,n,2.0NRT,305.12,9.04,D
17.66667,81.51656,331.91,0.5,0.49,2026-04-15,722,N21,VIIRS,l,2.0NRT,304.81,8.82,D
17.66785,81.47942,336.22,0.5,0.49,2026-04-15,722,N21,VIIRS,n,2.0NRT,303.13,3.47,D
17.66905,81.79507,339.67,0.48,0.48,2026-04-15,722,N21,VIIRS,n,2.0NRT,303.82,14.34,D
17.66979,80.23416,334.78,0.6,0.53,2026-04-15,722,N21,VIIRS,n,2.0NRT,304.45,6.8,D
17.68016,96.07536,332.65,0.56,0.52,2026-04-15,722,N21,VIIRS,n,2.0NRT,300.8,4.44,D
17.68677,94.61188,331.47,0.45,0.47,2026-04-15,722,N21,VIIRS,n,2.0NRT,300.58,2.51,D
17.68723,97.72732,349.26,0.36,0.58,2026-04-15,722,N21,VIIRS,n,2.0NRT,304.45,12,D
17.68752,97.73005,338.71,0.36,0.58,2026-04-15,722,N21,VIIRS,n,2.0NRT,302.09,5.93,D
17.69036,79.98159,332.28,0.63,0.54,2026-04-15,722,N21,VIIRS,n,2.0NRT,301.3,3.48,D
17.69441,82.07066,331.41,0.46,0.47,2026-04-15,722,N21,VIIRS,n,2.0NRT,302.8,3.68,D
17.70079,77.72324,347.02,0.44,0.63,2026-04-15,722,N21,VIIRS,n,2.0NRT,305.66,6.03,D
17.70312,81.54307,338.12,0.5,0.49,2026-04-15,722,N21,VIIRS,n,2.0NRT,303.77,8.55,D
17.70462,81.50317,330.21,0.5,0.49,2026-04-15,722,N21,VIIRS,l,2.0NRT,303.56,2.36,D
17.70934,79.76012,339.17,0.32,0.55,2026-04-15,722,N21,VIIRS,n,2.0NRT,301.82,2.03,D
17.71519,81.55827,340.69,0.49,0.49,2026-04-15,722,N21,VIIRS,n,2.0NRT,303.6,11.29,D
17.71586,94.84991,341.68,0.47,0.48,2026-04-15,722,N21,VIIRS,n,2.0NRT,304.26,49.1,D
17.72095,78.93108,335.66,0.37,0.58,2026-04-15,722,N21,VIIRS,l,2.0NRT,306.14,4.67,D
17.73907,82.59439,341.88,0.42,0.46,2026-04-15,722,N21,VIIRS,n,2.0NRT,309.79,2.87,D
17.74145,94.60503,333.66,0.45,0.47,2026-04-15,722,N21,VIIRS,n,2.0NRT,301.5,3.73,D
17.74621,95.88682,338.06,0.55,0.51,2026-04-15,722,N21,VIIRS,n,2.0NRT,305.19,8.07,D
17.75208,82.44563,331.56,0.43,0.46,2026-04-15,722,N21,VIIRS,l,2.0NRT,305.42,3.69,D
17.75615,82.44438,342.66,0.43,0.46,2026-04-15,722,N21,VIIRS,n,2.0NRT,304.39,5.96,D
17.75657,78.57941,331.93,0.39,0.59,2026-04-15,722,N21,VIIRS,l,2.0NRT,306.3,3.92,D
17.757,82.44888,342.93,0.43,0.46,2026-04-15,722,N21,VIIRS,n,2.0NRT,305.39,5.96,D
17.75761,94.74117,337.38,0.46,0.47,2026-04-15,722,N21,VIIRS,n,2.0NRT,301.39,7.58,D
17.75815,94.74573,332.13,0.46,0.47,2026-04-15,722,N21,VIIRS,n,2.0NRT,301.34,4.9,D
17.75867,97.99422,333.55,0.38,0.59,2026-04-15,722,N21,VIIRS,l,2.0NRT,306,4.63,D
17.76011,94.74449,345.32,0.46,0.47,2026-04-15,722,N21,VIIRS,n,2.0NRT,303.5,12.79,D
17.76217,82.79081,332.84,0.41,0.45,2026-04-15,722,N21,VIIRS,l,2.0NRT,305.54,3.11,D
17.76247,94.74509,338.37,0.46,0.47,2026-04-15,722,N21,VIIRS,n,2.0NRT,300.52,4.9,D
17.76373,95.20918,349.84,0.5,0.49,2026-04-15,722,N21,VIIRS,n,2.0NRT,309.11,13.64,D
17.76623,82.78993,332.96,0.41,0.45,2026-04-15,722,N21,VIIRS,n,2.0NRT,307.04,3.11,D
17.76808,81.83517,345.4,0.47,0.48,2026-04-15,722,N21,VIIRS,n,2.0NRT,305.83,10.41,D
17.7706,94.55836,331.57,0.45,0.47,2026-04-15,722,N21,VIIRS,l,2.0NRT,303.5,3.38,D
17.77327,97.73602,347.92,0.37,0.58,2026-04-15,722,N21,VIIRS,n,2.0NRT,305.44,4.46,D
17.77384,97.73722,343.84,0.37,0.58,2026-04-15,722,N21,VIIRS,n,2.0NRT,306.11,5.06,D
17.77445,97.98919,334.26,0.38,0.59,2026-04-15,722,N21,VIIRS,n,2.0NRT,306.09,1.44,D
17.77521,81.80173,332.77,0.48,0.48,2026-04-15,722,N21,VIIRS,l,2.0NRT,305.48,6.8,D
17.77582,81.61319,331.14,0.49,0.49,2026-04-15,722,N21,VIIRS,l,2.0NRT,303.75,3.73,D
17.77648,82.43778,340.23,0.43,0.46,2026-04-15,722,N21,VIIRS,n,2.0NRT,303.18,4.52,D
17.77818,80.53285,331.22,0.58,0.52,2026-04-15,722,N21,VIIRS,l,2.0NRT,305.57,5.25,D
17.77901,81.86912,340.69,0.47,0.48,2026-04-15,722,N21,VIIRS,n,2.0NRT,303.85,5.47,D
17.77974,81.87296,333.72,0.47,0.48,2026-04-15,722,N21,VIIRS,n,2.0NRT,304.36,5.47,D
17.78238,80.22622,341.73,0.6,0.53,2026-04-15,722,N21,VIIRS,n,2.0NRT,305.19,7.02,D
17.78353,80.47897,333,0.58,0.52,2026-04-15,722,N21,VIIRS,l,2.0NRT,305.61,3.99,D
17.79036,94.54257,340.01,0.45,0.47,2026-04-15,722,N21,VIIRS,n,2.0NRT,302.02,8.45,D
17.79078,94.58126,341.21,0.45,0.47,2026-04-15,722,N21,VIIRS,n,2.0NRT,303.25,24.22,D
17.80154,81.77441,334.52,0.48,0.48,2026-04-15,722,N21,VIIRS,n,2.0NRT,301.9,11.55,D
17.80236,81.77878,332.64,0.48,0.48,2026-04-15,722,N21,VIIRS,n,2.0NRT,300.42,11.55,D
17.80771,94.75578,339.79,0.46,0.47,2026-04-15,722,N21,VIIRS,n,2.0NRT,301.37,12.01,D
17.8103,97.48528,333.86,0.35,0.57,2026-04-15,722,N21,VIIRS,n,2.0NRT,303.87,3.8,D
17.81254,81.90476,333.59,0.47,0.48,2026-04-15,722,N21,VIIRS,l,2.0NRT,305.86,5.91,D
17.81521,73.84234,335.11,0.79,0.78,2026-04-15,722,N21,VIIRS,l,2.0NRT,309.76,9.03,D
17.81757,81.8361,330.48,0.47,0.48,2026-04-15,722,N21,VIIRS,l,2.0NRT,304.96,5.78,D
17.8218,81.83476,330.56,0.47,0.48,2026-04-15,722,N21,VIIRS,l,2.0NRT,304.99,1.91,D
17.82709,81.91106,335.22,0.47,0.48,2026-04-15,722,N21,VIIRS,l,2.0NRT,307.19,23.13,D
17.82779,81.91481,349.84,0.47,0.48,2026-04-15,722,N21,VIIRS,n,2.0NRT,312.7,28.6,D
17.82844,81.91831,336.38,0.47,0.48,2026-04-15,722,N21,VIIRS,n,2.0NRT,303.48,28.6,D
17.83072,76.92869,339.84,0.5,0.65,2026-04-15,722,N21,VIIRS,l,2.0NRT,314.18,8.02,D
17.83533,80.72784,334.05,0.56,0.51,2026-04-15,722,N21,VIIRS,n,2.0NRT,301.75,4.32,D
17.83668,78.69787,355.52,0.38,0.59,2026-04-15,722,N21,VIIRS,n,2.0NRT,306.02,9.14,D
17.84095,97.91959,338.03,0.38,0.59,2026-04-15,722,N21,VIIRS,n,2.0NRT,307.93,3.32,D
17.84122,97.92214,334.93,0.38,0.59,2026-04-15,722,N21,VIIRS,l,2.0NRT,307.27,3.32,D
17.84523,97.90897,340.09,0.38,0.58,2026-04-15,722,N21,VIIRS,n,2.0NRT,306.5,3.29,D
17.84558,97.91225,339.09,0.38,0.58,2026-04-15,722,N21,VIIRS,n,2.0NRT,305.99,3.29,D
17.86038,81.8403,335.27,0.47,0.48,2026-04-15,722,N21,VIIRS,n,2.0NRT,302.93,10.02,D
17.862,81.91857,350.04,0.47,0.47,2026-04-15,722,N21,VIIRS,n,2.0NRT,307.37,8.9,D
17.86419,81.78979,342.58,0.48,0.48,2026-04-15,722,N21,VIIRS,n,2.0NRT,304.19,7.74,D
17.87047,80.57157,333.39,0.57,0.52,2026-04-15,722,N21,VIIRS,n,2.0NRT,302.91,5.22,D
17.87243,82.9798,340.87,0.4,0.44,2026-04-15,722,N21,VIIRS,n,2.0NRT,305.32,4.01,D
17.88348,81.86761,331.47,0.47,0.48,2026-04-15,722,N21,VIIRS,l,2.0NRT,305.69,2.92,D
17.89087,81.64475,334.92,0.48,0.48,2026-04-15,722,N21,VIIRS,n,2.0NRT,303.93,4.51,D
17.89356,81.8972,331.94,0.47,0.48,2026-04-15,722,N21,VIIRS,l,2.0NRT,305.74,3.48,D
17.89754,94.53907,333.23,0.45,0.47,2026-04-15,722,N21,VIIRS,n,2.0NRT,302.56,5.14,D
17.90627,78.17457,341.28,0.41,0.61,2026-04-15,722,N21,VIIRS,n,2.0NRT,308.21,7.82,D
17.91125,75.94746,346.53,0.57,0.69,2026-04-15,722,N21,VIIRS,n,2.0NRT,316.46,20.4,D
17.91443,75.95074,345.86,0.57,0.69,2026-04-15,722,N21,VIIRS,l,2.0NRT,316.34,17.81,D
17.92427,81.9184,335.03,0.47,0.47,2026-04-15,722,N21,VIIRS,n,2.0NRT,300.01,4.1,D
17.92505,79.20768,336.04,0.35,0.57,2026-04-15,722,N21,VIIRS,n,2.0NRT,304.68,3.52,D
17.92508,81.92272,330.59,0.47,0.47,2026-04-15,722,N21,VIIRS,l,2.0NRT,301.9,4.44,D
17.92654,80.60988,333.51,0.57,0.52,2026-04-15,722,N21,VIIRS,n,2.0NRT,302.51,4.44,D
17.92854,81.91748,340.71,0.47,0.47,2026-04-15,722,N21,VIIRS,n,2.0NRT,306.64,17.92,D
17.92892,82.46127,349.51,0.43,0.46,2026-04-15,722,N21,VIIRS,n,2.0NRT,305.62,9.21,D
17.9293,80.61105,330.32,0.56,0.52,2026-04-15,722,N21,VIIRS,l,2.0NRT,301.9,2.87,D
17.93629,97.7625,367,0.37,0.58,2026-04-15,722,N21,VIIRS,h,2.0NRT,314.61,12.22,D
17.95165,81.10905,333.1,0.52,0.5,2026-04-15,722,N21,VIIRS,n,2.0NRT,302.95,2.58,D
17.95332,81.18963,330.17,0.52,0.5,2026-04-15,722,N21,VIIRS,l,2.0NRT,301.76,2.54,D
17.95415,82.07816,331.86,0.45,0.47,2026-04-15,722,N21,VIIRS,l,2.0NRT,303.7,4,D
17.95904,80.7841,333.75,0.55,0.51,2026-04-15,722,N21,VIIRS,l,2.0NRT,307.95,7.04,D
17.96368,80.26349,332.26,0.59,0.53,2026-04-15,722,N21,VIIRS,l,2.0NRT,304.8,4.69,D
17.96398,80.26478,334.61,0.59,0.53,2026-04-15,722,N21,VIIRS,l,2.0NRT,305.03,5.07,D
17.96681,82.3092,335.01,0.44,0.46,2026-04-15,722,N21,VIIRS,n,2.0NRT,305.57,3.02,D
17.96862,82.15574,335.6,0.45,0.47,2026-04-15,722,N21,VIIRS,n,2.0NRT,305.42,3.52,D
17.97259,81.24065,341.19,0.51,0.5,2026-04-15,722,N21,VIIRS,n,2.0NRT,302.37,4.55,D
17.97928,97.96257,332.7,0.38,0.59,2026-04-15,722,N21,VIIRS,l,2.0NRT,305.29,4.71,D
17.98032,96.26531,345.04,0.59,0.53,2026-04-15,722,N21,VIIRS,n,2.0NRT,300.04,9.79,D
17.98705,80.42766,330.14,0.58,0.52,2026-04-15,722,N21,VIIRS,l,2.0NRT,303.21,6.81,D
17.9872,80.68327,337.42,0.56,0.51,2026-04-15,722,N21,VIIRS,n,2.0NRT,304.82,3.09,D
17.9887,82.00845,334.01,0.46,0.47,2026-04-15,722,N21,VIIRS,n,2.0NRT,303.94,5.35,D
17.98989,80.4232,349.48,0.58,0.52,2026-04-15,722,N21,VIIRS,n,2.0NRT,304.18,13.51,D
17.99071,80.42146,341.45,0.58,0.52,2026-04-15,722,N21,VIIRS,n,2.0NRT,303.53,6.45,D
17.99178,80.42676,331.84,0.58,0.52,2026-04-15,722,N21,VIIRS,l,2.0NRT,303.16,6.45,D
17.99434,80.41508,331.86,0.58,0.52,2026-04-15,722,N21,VIIRS,l,2.0NRT,302.93,5.61,D
17.99722,80.41037,347.86,0.58,0.52,2026-04-15,722,N21,VIIRS,n,2.0NRT,303.51,8.21,D
17.99795,80.40862,343.35,0.58,0.52,2026-04-15,722,N21,VIIRS,n,2.0NRT,303.46,9.65,D
17.99906,80.41412,342.38,0.58,0.52,2026-04-15,722,N21,VIIRS,n,2.0NRT,303.09,9.65,D
18.00194,80.40939,336.99,0.58,0.52,2026-04-15,722,N21,VIIRS,n,2.0NRT,302.99,8.21,D
18.00706,95.81059,332.07,0.55,0.51,2026-04-15,722,N21,VIIRS,l,2.0NRT,305.88,1.87,D
18.01148,81.89497,345.31,0.47,0.47,2026-04-15,722,N21,VIIRS,n,2.0NRT,307.8,11.37,D
18.01224,81.89898,334.88,0.46,0.47,2026-04-15,722,N21,VIIRS,n,2.0NRT,304.07,11.37,D
18.01256,78.86411,355.29,0.37,0.58,2026-04-15,722,N21,VIIRS,n,2.0NRT,306.86,7.63,D
18.01291,78.86355,352.98,0.37,0.58,2026-04-15,722,N21,VIIRS,n,2.0NRT,306.18,8,D
18.01298,81.90293,331.81,0.46,0.47,2026-04-15,722,N21,VIIRS,l,2.0NRT,303.83,2.79,D
18.01354,81.26025,336.08,0.51,0.49,2026-04-15,722,N21,VIIRS,n,2.0NRT,303.73,7.35,D
18.02012,81.94078,341.31,0.46,0.47,2026-04-15,722,N21,VIIRS,n,2.0NRT,306.88,9.22,D
18.02298,82.21096,333.32,0.44,0.46,2026-04-15,722,N21,VIIRS,n,2.0NRT,303.08,2.54,D
18.02814,82.07671,332.41,0.45,0.47,2026-04-15,722,N21,VIIRS,l,2.0NRT,303.66,5.11,D
18.02952,81.94362,331.29,0.46,0.47,2026-04-15,722,N21,VIIRS,l,2.0NRT,305.75,3,D
18.03076,73.86745,353.83,0.78,0.78,2026-04-15,722,N21,VIIRS,n,2.0NRT,309.13,28.02,D
18.03242,73.87438,367,0.78,0.78,2026-04-15,722,N21,VIIRS,h,2.0NRT,312.86,35.94,D
18.03494,97.99828,341.66,0.38,0.59,2026-04-15,722,N21,VIIRS,n,2.0NRT,308.29,2.72,D
18.03643,97.80415,347.07,0.37,0.58,2026-04-15,722,N21,VIIRS,n,2.0NRT,304.97,3.55,D
18.05663,80.35737,336.2,0.58,0.52,2026-04-15,722,N21,VIIRS,n,2.0NRT,305.44,3.07,D
18.05699,80.43391,351.33,0.58,0.52,2026-04-15,722,N21,VIIRS,n,2.0NRT,306.86,10.99,D
18.06006,94.5343,352.94,0.45,0.47,2026-04-15,722,N21,VIIRS,n,2.0NRT,301.42,13.06,D
18.06134,82.9755,334.3,0.4,0.44,2026-04-15,722,N21,VIIRS,n,2.0NRT,301.96,2.32,D
18.06434,94.53367,341.08,0.45,0.47,2026-04-15,722,N21,VIIRS,n,2.0NRT,301.03,7.83,D
18.06497,81.9053,341.36,0.46,0.47,2026-04-15,722,N21,VIIRS,n,2.0NRT,305.3,8.15,D
18.06611,81.99734,340.11,0.46,0.47,2026-04-15,722,N21,VIIRS,n,2.0NRT,309.05,5.44,D
18.06652,81.90418,341.17,0.46,0.47,2026-04-15,722,N21,VIIRS,n,2.0NRT,307.13,6.51,D
18.06718,82.21446,352.87,0.44,0.46,2026-04-15,722,N21,VIIRS,n,2.0NRT,307.45,11.13,D
18.07056,81.93436,352.16,0.46,0.47,2026-04-15,722,N21,VIIRS,n,2.0NRT,308.26,11.22,D
18.07201,81.93385,367,0.46,0.47,2026-04-15,722,N21,VIIRS,h,2.0NRT,308.76,15.23,D
18.07244,81.98392,335.36,0.46,0.47,2026-04-15,722,N21,VIIRS,n,2.0NRT,308.01,3.31,D
18.07359,97.79882,336.58,0.37,0.58,2026-04-15,722,N21,VIIRS,n,2.0NRT,304.65,2.92,D
18.07418,81.93008,343.49,0.46,0.47,2026-04-15,722,N21,VIIRS,n,2.0NRT,309.75,11.22,D
18.0772,81.99193,342.25,0.46,0.47,2026-04-15,722,N21,VIIRS,n,2.0NRT,309.14,7.57,D
18.07808,80.39149,334.63,0.58,0.52,2026-04-15,722,N21,VIIRS,l,2.0NRT,305.4,4.31,D
18.07825,81.99146,340.07,0.46,0.47,2026-04-15,722,N21,VIIRS,n,2.0NRT,308.75,3.42,D
18.07997,82.21304,331.18,0.44,0.46,2026-04-15,722,N21,VIIRS,l,2.0NRT,302.74,4.59,D
18.08326,81.99464,334.81,0.46,0.47,2026-04-15,722,N21,VIIRS,l,2.0NRT,307.57,2.73,D
18.08659,81.83253,334,0.47,0.48,2026-04-15,722,N21,VIIRS,l,2.0NRT,304.28,3.04,D
18.087,81.97385,367,0.46,0.47,2026-04-15,722,N21,VIIRS,h,2.0NRT,307.17,13.61,D
18.08777,81.97787,335.5,0.46,0.47,2026-04-15,722,N21,VIIRS,n,2.0NRT,304.37,7.04,D
18.09,94.52994,338.55,0.45,0.47,2026-04-15,722,N21,VIIRS,n,2.0NRT,301.52,22.26,D
18.09047,94.53389,339.9,0.45,0.47,2026-04-15,722,N21,VIIRS,n,2.0NRT,299.94,22.26,D
18.09069,80.3553,333.05,0.58,0.52,2026-04-15,722,N21,VIIRS,l,2.0NRT,305.32,6.5,D
18.09106,80.35186,330.19,0.58,0.52,2026-04-15,722,N21,VIIRS,l,2.0NRT,304.83,6.06,D
18.09431,94.52965,335.34,0.45,0.47,2026-04-15,722,N21,VIIRS,n,2.0NRT,304.72,22.26,D
18.09439,80.34905,334.01,0.58,0.52,2026-04-15,722,N21,VIIRS,l,2.0NRT,304.49,3.69,D
18.09596,97.76499,367,0.37,0.58,2026-04-15,722,N21,VIIRS,h,2.0NRT,304.08,9.55,D
18.0966,97.76277,334.28,0.37,0.58,2026-04-15,722,N21,VIIRS,n,2.0NRT,303.19,5.38,D
18.09695,97.766,345.59,0.37,0.58,2026-04-15,722,N21,VIIRS,n,2.0NRT,303.53,5.38,D
18.11526,94.52307,354.64,0.45,0.47,2026-04-15,722,N21,VIIRS,n,2.0NRT,305.62,27.73,D
18.12179,97.50225,340.99,0.36,0.57,2026-04-15,722,N21,VIIRS,n,2.0NRT,306.42,5.14,D
18.1265,95.79266,338.18,0.55,0.51,2026-04-15,722,N21,VIIRS,l,2.0NRT,308.57,3.78,D
18.13261,78.83582,334.46,0.37,0.58,2026-04-15,722,N21,VIIRS,l,2.0NRT,307.44,1.93,D
18.1383,80.34181,331.49,0.58,0.52,2026-04-15,722,N21,VIIRS,l,2.0NRT,304.8,2.87,D
18.14501,82.2549,345.65,0.44,0.46,2026-04-15,722,N21,VIIRS,n,2.0NRT,308.83,3.93,D
18.14525,95.91547,340.44,0.56,0.51,2026-04-15,722,N21,VIIRS,n,2.0NRT,304.88,5.99,D
18.14862,81.23595,330.77,0.51,0.49,2026-04-15,722,N21,VIIRS,l,2.0NRT,304.35,2.43,D
18.15603,82.24438,336.26,0.44,0.46,2026-04-15,722,N21,VIIRS,l,2.0NRT,308.73,8.52,D
18.15753,83.02691,331.09,0.39,0.44,2026-04-15,722,N21,VIIRS,n,2.0NRT,302.55,3.11,D
18.15819,97.84461,331.77,0.38,0.58,2026-04-15,722,N21,VIIRS,n,2.0NRT,301.78,0.96,D
18.16016,82.24331,343.16,0.44,0.46,2026-04-15,722,N21,VIIRS,n,2.0NRT,310.79,8.52,D
18.16755,77.38599,349.25,0.46,0.63,2026-04-15,722,N21,VIIRS,n,2.0NRT,314.72,14.57,D
18.16845,77.39015,367,0.46,0.63,2026-04-15,722,N21,VIIRS,h,2.0NRT,315.9,14.57,D
18.18352,97.42764,330.95,0.35,0.57,2026-04-15,722,N21,VIIRS,n,2.0NRT,303.41,3.73,D
18.18455,97.83812,336.96,0.38,0.58,2026-04-15,722,N21,VIIRS,n,2.0NRT,304.01,2.73,D
18.18701,77.90175,331.85,0.42,0.61,2026-04-15,722,N21,VIIRS,l,2.0NRT,306.22,5.34,D
18.18871,81.20356,330.97,0.51,0.49,2026-04-15,722,N21,VIIRS,l,2.0NRT,304.4,1.16,D
18.19084,80.48385,335.29,0.57,0.52,2026-04-15,722,N21,VIIRS,n,2.0NRT,301.54,4.31,D
18.20716,81.6553,331.24,0.48,0.48,2026-04-15,722,N21,VIIRS,l,2.0NRT,302.59,2.38,D
18.21027,81.21904,331.38,0.51,0.49,2026-04-15,722,N21,VIIRS,l,2.0NRT,305.42,1.77,D
18.21248,94.50802,336.41,0.45,0.47,2026-04-15,722,N21,VIIRS,n,2.0NRT,300.08,6.41,D
18.21681,95.87516,343.29,0.55,0.51,2026-04-15,722,N21,VIIRS,n,2.0NRT,307.64,6.72,D
18.21891,95.87244,342.87,0.56,0.51,2026-04-15,722,N21,VIIRS,n,2.0NRT,306.95,5.82,D
18.21957,83.44247,347.4,0.56,0.43,2026-04-15,722,N21,VIIRS,n,2.0NRT,311.53,12.07,D
18.22096,81.68077,331.99,0.48,0.48,2026-04-15,722,N21,VIIRS,l,2.0NRT,304.62,3.65,D
18.2377,83.16031,335.48,0.39,0.44,2026-04-15,722,N21,VIIRS,n,2.0NRT,306.97,10.09,D
18.23825,83.16329,334.08,0.39,0.44,2026-04-15,722,N21,VIIRS,n,2.0NRT,303.02,5.93,D
18.25028,94.5319,343.31,0.45,0.47,2026-04-15,722,N21,VIIRS,n,2.0NRT,302,7.81,D
18.25599,81.36115,332.05,0.5,0.49,2026-04-15,722,N21,VIIRS,l,2.0NRT,302.71,4.13,D
18.25704,80.8473,336.06,0.54,0.51,2026-04-15,722,N21,VIIRS,n,2.0NRT,304.4,5.65,D
18.25955,82.28162,335.3,0.44,0.46,2026-04-15,722,N21,VIIRS,n,2.0NRT,304.92,4.69,D
18.26151,83.15646,335.56,0.39,0.44,2026-04-15,722,N21,VIIRS,n,2.0NRT,304.59,4.14,D
18.26175,82.29321,330.8,0.43,0.46,2026-04-15,722,N21,VIIRS,l,2.0NRT,305.4,3.04,D
18.26434,97.54044,333.03,0.36,0.57,2026-04-15,722,N21,VIIRS,n,2.0NRT,300.08,4.19,D
18.26526,82.28895,350.78,0.43,0.46,2026-04-15,722,N21,VIIRS,n,2.0NRT,306.15,10.31,D
18.26577,82.1076,335.35,0.45,0.47,2026-04-15,722,N21,VIIRS,n,2.0NRT,304.45,2.65,D
18.26894,97.53388,333.42,0.36,0.57,2026-04-15,722,N21,VIIRS,n,2.0NRT,300.95,4.53,D
18.26956,97.53955,353.86,0.36,0.57,2026-04-15,722,N21,VIIRS,n,2.0NRT,300.58,10.2,D
18.27017,81.27326,332.61,0.5,0.49,2026-04-15,722,N21,VIIRS,n,2.0NRT,301.74,1.8,D
18.27021,82.29227,333.11,0.43,0.46,2026-04-15,722,N21,VIIRS,l,2.0NRT,304.53,3.34,D
18.27323,81.33559,333.47,0.5,0.49,2026-04-15,722,N21,VIIRS,n,2.0NRT,302.04,4.85,D
18.2739,81.33463,331.84,0.5,0.49,2026-04-15,722,N21,VIIRS,n,2.0NRT,301.97,4.46,D
18.27742,73.68246,336.14,0.79,0.78,2026-04-15,722,N21,VIIRS,n,2.0NRT,308.52,6.84,D
18.27835,80.07341,330.45,0.6,0.53,2026-04-15,722,N21,VIIRS,l,2.0NRT,305.15,4.67,D
18.28199,81.35677,334.34,0.5,0.49,2026-04-15,722,N21,VIIRS,n,2.0NRT,304.07,4.73,D
18.28403,96.40344,341.17,0.6,0.53,2026-04-15,722,N21,VIIRS,n,2.0NRT,301.9,11.02,D
18.28561,81.11514,332.87,0.52,0.5,2026-04-15,722,N21,VIIRS,l,2.0NRT,306.22,3.29,D
18.28712,96.40094,339.17,0.6,0.53,2026-04-15,722,N21,VIIRS,n,2.0NRT,301.66,9.89,D
18.28782,96.40738,340.35,0.6,0.53,2026-04-15,722,N21,VIIRS,n,2.0NRT,301.49,10.19,D
18.28818,81.34151,331.02,0.5,0.49,2026-04-15,722,N21,VIIRS,n,2.0NRT,302.73,3.76,D
18.28855,75.9105,341.81,0.57,0.69,2026-04-15,722,N21,VIIRS,l,2.0NRT,314.5,9.92,D
18.28859,96.79237,335.29,0.32,0.55,2026-04-15,722,N21,VIIRS,n,2.0NRT,300,3.55,D
18.29084,96.8578,345.82,0.32,0.55,2026-04-15,722,N21,VIIRS,n,2.0NRT,295.62,8.16,D
18.29122,96.86118,350.91,0.32,0.55,2026-04-15,722,N21,VIIRS,n,2.0NRT,296.06,12.72,D
18.2923,96.8709,338.69,0.32,0.55,2026-04-15,722,N21,VIIRS,n,2.0NRT,295.1,3.86,D
18.29725,96.8696,337.33,0.32,0.55,2026-04-15,722,N21,VIIRS,n,2.0NRT,293.91,3.86,D
18.2987,97.06786,337.38,0.34,0.56,2026-04-15,722,N21,VIIRS,n,2.0NRT,294.46,4.58,D
18.29986,82.17332,332.01,0.44,0.46,2026-04-15,722,N21,VIIRS,l,2.0NRT,305.7,5.16,D
18.30093,80.08624,332.32,0.6,0.53,2026-04-15,722,N21,VIIRS,l,2.0NRT,307.17,6.53,D
18.30721,78.99384,338.53,0.35,0.57,2026-04-15,722,N21,VIIRS,n,2.0NRT,307.28,4.04,D
18.3107,81.36272,342.19,0.5,0.49,2026-04-15,722,N21,VIIRS,n,2.0NRT,302.37,4.94,D
18.31517,97.51433,333.18,0.36,0.57,2026-04-15,722,N21,VIIRS,n,2.0NRT,298.98,3.73,D
18.31549,80.97879,332.48,0.53,0.5,2026-04-15,722,N21,VIIRS,l,2.0NRT,306.59,0.89,D
18.31584,80.97504,333.16,0.53,0.5,2026-04-15,722,N21,VIIRS,l,2.0NRT,306.27,2.64,D
18.31688,80.66784,339.88,0.55,0.51,2026-04-15,722,N21,VIIRS,n,2.0NRT,308.28,4.06,D
18.31793,80.67316,352.79,0.55,0.51,2026-04-15,722,N21,VIIRS,n,2.0NRT,306.67,13.56,D
18.31898,80.67851,355.2,0.55,0.51,2026-04-15,722,N21,VIIRS,n,2.0NRT,307.82,13.56,D
18.32122,81.32233,333.14,0.5,0.49,2026-04-15,722,N21,VIIRS,n,2.0NRT,302.07,2.64,D
18.32147,80.66677,331.54,0.55,0.51,2026-04-15,722,N21,VIIRS,l,2.0NRT,304.17,4.06,D
18.32353,80.67728,338.34,0.55,0.51,2026-04-15,722,N21,VIIRS,n,2.0NRT,306.62,13.56,D
18.3242,97.4994,330.91,0.36,0.57,2026-04-15,722,N21,VIIRS,n,2.0NRT,298.8,4.5,D
18.32594,80.01101,344.59,0.61,0.53,2026-04-15,722,N21,VIIRS,n,2.0NRT,308.18,10.69,D
18.32607,80.66576,346.06,0.55,0.51,2026-04-15,722,N21,VIIRS,n,2.0NRT,306.73,14.19,D
18.32705,80.67077,336.06,0.55,0.51,2026-04-15,722,N21,VIIRS,l,2.0NRT,306.2,4.73,D
18.32807,80.67596,339.26,0.55,0.51,2026-04-15,722,N21,VIIRS,n,2.0NRT,305.58,4.73,D
18.32981,97.50227,333.34,0.36,0.57,2026-04-15,722,N21,VIIRS,n,2.0NRT,299.13,5.45,D
18.33514,82.19984,331.4,0.44,0.46,2026-04-15,722,N21,VIIRS,l,2.0NRT,306.35,4.23,D
18.33603,82.20468,341.3,0.44,0.46,2026-04-15,722,N21,VIIRS,n,2.0NRT,306.81,6.13,D
18.33624,82.20092,342.52,0.44,0.46,2026-04-15,722,N21,VIIRS,n,2.0NRT,308.69,9.57,D
18.33834,77.53504,339.6,0.44,0.62,2026-04-15,722,N21,VIIRS,l,2.0NRT,313.91,8.92,D
18.34028,81.37357,337.34,0.5,0.49,2026-04-15,722,N21,VIIRS,n,2.0NRT,305.03,3.76,D
18.34152,81.35619,333.15,0.5,0.49,2026-04-15,722,N21,VIIRS,l,2.0NRT,305.51,2.95,D
18.34685,82.23373,337.51,0.44,0.46,2026-04-15,722,N21,VIIRS,l,2.0NRT,311.25,5.42,D
18.34913,77.50295,340.22,0.44,0.63,2026-04-15,722,N21,VIIRS,l,2.0NRT,315.19,11.36,D
18.3542,80.97865,339.23,0.52,0.5,2026-04-15,722,N21,VIIRS,n,2.0NRT,304.25,0.96,D
18.35651,77.75526,339.59,0.43,0.62,2026-04-15,722,N21,VIIRS,l,2.0NRT,311.69,7.19,D
18.35956,80.98202,333.19,0.52,0.5,2026-04-15,722,N21,VIIRS,l,2.0NRT,303.59,1.35,D
18.36028,97.79151,333.32,0.38,0.58,2026-04-15,722,N21,VIIRS,n,2.0NRT,301.82,3.46,D
18.3659,80.65373,334.11,0.55,0.51,2026-04-15,722,N21,VIIRS,l,2.0NRT,307.35,5.97,D
18.3673,80.65567,334.37,0.55,0.51,2026-04-15,722,N21,VIIRS,l,2.0NRT,306.13,4.92,D
18.36802,97.97106,339.43,0.39,0.59,2026-04-15,722,N21,VIIRS,n,2.0NRT,307.01,5.16,D
18.37145,80.24117,330.45,0.59,0.53,2026-04-15,722,N21,VIIRS,l,2.0NRT,304.45,3.46,D
18.37242,97.19469,336.44,0.34,0.56,2026-04-15,722,N21,VIIRS,n,2.0NRT,303.05,4.82,D
18.3762,80.24019,330.66,0.59,0.53,2026-04-15,722,N21,VIIRS,l,2.0NRT,305.07,3.46,D
18.38598,81.86722,332.2,0.46,0.47,2026-04-15,722,N21,VIIRS,l,2.0NRT,305.58,3.32,D
18.38719,81.86691,330.49,0.46,0.47,2026-04-15,722,N21,VIIRS,l,2.0NRT,305.35,4.23,D
18.39046,77.75124,340.99,0.43,0.62,2026-04-15,722,N21,VIIRS,l,2.0NRT,312.15,5.91,D
18.39766,82.86195,332.2,0.4,0.44,2026-04-15,722,N21,VIIRS,n,2.0NRT,305.21,3.85,D
18.39947,97.20443,341.86,0.34,0.56,2026-04-15,722,N21,VIIRS,n,2.0NRT,297.42,5.39,D
18.40161,79.96879,337.27,0.61,0.53,2026-04-15,722,N21,VIIRS,n,2.0NRT,306.89,8.91,D
18.40736,96.34098,339.35,0.6,0.53,2026-04-15,722,N21,VIIRS,n,2.0NRT,302.23,15.51,D
18.42282,80.27222,344.14,0.58,0.52,2026-04-15,722,N21,VIIRS,n,2.0NRT,307.65,12.28,D
18.42385,95.77103,348.21,0.55,0.51,2026-04-15,722,N21,VIIRS,n,2.0NRT,308.87,27.14,D
18.42391,80.27761,342.02,0.58,0.52,2026-04-15,722,N21,VIIRS,n,2.0NRT,308.44,12.28,D
18.427,95.77354,343.89,0.55,0.51,2026-04-15,722,N21,VIIRS,n,2.0NRT,310.45,28.14,D
18.4271,78.38755,340.01,0.39,0.59,2026-04-15,722,N21,VIIRS,n,2.0NRT,311.76,4.14,D
18.43908,81.2476,335.1,0.5,0.49,2026-04-15,722,N21,VIIRS,l,2.0NRT,306.62,2.4,D
18.44028,97.98151,334.79,0.39,0.59,2026-04-15,722,N21,VIIRS,n,2.0NRT,305.29,2.38,D
18.44256,97.98114,339.18,0.39,0.59,2026-04-15,722,N21,VIIRS,n,2.0NRT,307.35,4.05,D
18.44295,97.56459,330.74,0.36,0.58,2026-04-15,722,N21,VIIRS,n,2.0NRT,299.33,3.29,D
18.44384,83.71912,335.84,0.53,0.42,2026-04-15,722,N21,VIIRS,n,2.0NRT,305.4,3.59,D
18.4473,84.09272,334.81,0.51,0.41,2026-04-15,722,N21,VIIRS,n,2.0NRT,304.83,4.23,D
18.45682,95.82737,335.5,0.56,0.51,2026-04-15,722,N21,VIIRS,l,2.0NRT,309.71,6.39,D
18.45685,96.21931,331.96,0.59,0.53,2026-04-15,722,N21,VIIRS,n,2.0NRT,300.98,3.98,D
18.45754,96.22117,336.83,0.59,0.53,2026-04-15,722,N21,VIIRS,n,2.0NRT,301.35,7.06,D
18.45762,80.85179,332.43,0.53,0.5,2026-04-15,722,N21,VIIRS,l,2.0NRT,305.42,2.53,D
18.4635,76.69166,367,0.5,0.66,2026-04-15,722,N21,VIIRS,h,2.0NRT,317.28,16.39,D
18.4682,81.18263,333.87,0.51,0.49,2026-04-15,722,N21,VIIRS,l,2.0NRT,306.41,3.17,D
18.47045,80.50946,334.73,0.56,0.51,2026-04-15,722,N21,VIIRS,l,2.0NRT,307.3,4.43,D
18.4768,97.9413,336.04,0.39,0.59,2026-04-15,722,N21,VIIRS,n,2.0NRT,304.88,2.9,D
18.4822,97.94064,339.66,0.39,0.59,2026-04-15,722,N21,VIIRS,n,2.0NRT,305.35,6.97,D
18.48278,79.95352,337.46,0.61,0.53,2026-04-15,722,N21,VIIRS,n,2.0NRT,306.17,3.97,D
18.48712,78.01369,334.15,0.41,0.6,2026-04-15,722,N21,VIIRS,l,2.0NRT,306.81,5.16,D
18.48752,80.22163,336.41,0.58,0.52,2026-04-15,722,N21,VIIRS,n,2.0NRT,307.9,2.44,D
18.488,78.01777,333.67,0.41,0.6,2026-04-15,722,N21,VIIRS,l,2.0NRT,307.94,5.1,D
18.49388,81.06137,335.32,0.51,0.5,2026-04-15,722,N21,VIIRS,l,2.0NRT,307.67,4.02,D
18.49574,80.26795,340.48,0.58,0.52,2026-04-15,722,N21,VIIRS,n,2.0NRT,307.14,6.67,D
18.49632,83.6369,336.87,0.54,0.42,2026-04-15,722,N21,VIIRS,l,2.0NRT,310.41,3.93,D
18.49703,78.0931,367,0.4,0.6,2026-04-15,722,N21,VIIRS,h,2.0NRT,312.36,11.34,D
18.49732,80.26963,332.04,0.58,0.52,2026-04-15,722,N21,VIIRS,l,2.0NRT,306.05,4.37,D
18.49857,78.0929,367,0.4,0.6,2026-04-15,722,N21,VIIRS,h,2.0NRT,311.92,8.85,D
18.49923,83.63828,339.45,0.54,0.42,2026-04-15,722,N21,VIIRS,l,2.0NRT,309.93,7.06,D
18.50054,76.8592,347.48,0.49,0.65,2026-04-15,722,N21,VIIRS,n,2.0NRT,315.74,10.79,D
18.50289,78.30885,342.07,0.39,0.59,2026-04-15,722,N21,VIIRS,n,2.0NRT,310.48,6.27,D
18.515,81.14604,333.12,0.51,0.49,2026-04-15,722,N21,VIIRS,l,2.0NRT,306.52,4.03,D
18.51742,96.92616,338.13,0.33,0.55,2026-04-15,722,N21,VIIRS,n,2.0NRT,296.04,5.17,D
18.52029,97.99074,335.18,0.39,0.59,2026-04-15,722,N21,VIIRS,n,2.0NRT,309.93,5.68,D
18.5217,97.05826,345.28,0.34,0.56,2026-04-15,722,N21,VIIRS,n,2.0NRT,301.53,5.48,D
18.52779,80.43162,343.09,0.57,0.52,2026-04-15,722,N21,VIIRS,n,2.0NRT,307.97,10.36,D
18.52984,80.90802,335.05,0.53,0.5,2026-04-15,722,N21,VIIRS,l,2.0NRT,306.74,3.4,D
18.53044,81.15398,331.81,0.51,0.49,2026-04-15,722,N21,VIIRS,l,2.0NRT,305.12,3.57,D
18.5356,83.5323,336.72,0.54,0.42,2026-04-15,722,N21,VIIRS,l,2.0NRT,308.75,3.71,D
18.53959,79.83465,338.85,0.62,0.54,2026-04-15,722,N21,VIIRS,n,2.0NRT,307.16,9.41,D
18.54232,79.83274,347.66,0.62,0.54,2026-04-15,722,N21,VIIRS,n,2.0NRT,307.86,9.8,D
18.54444,79.83363,349.01,0.62,0.54,2026-04-15,722,N21,VIIRS,n,2.0NRT,308.23,9.41,D
18.54718,79.83175,345.68,0.62,0.54,2026-04-15,722,N21,VIIRS,n,2.0NRT,308.76,10.4,D
18.5517,80.12292,335.35,0.59,0.53,2026-04-15,722,N21,VIIRS,l,2.0NRT,307.25,6.4,D
18.55177,80.62846,333.58,0.55,0.51,2026-04-15,722,N21,VIIRS,l,2.0NRT,307.08,5.23,D
18.55412,80.18476,335.69,0.59,0.53,2026-04-15,722,N21,VIIRS,l,2.0NRT,308.59,8.49,D
18.55516,81.00681,336.67,0.52,0.5,2026-04-15,722,N21,VIIRS,n,2.0NRT,304.16,6.05,D
18.55672,80.17301,340.35,0.59,0.53,2026-04-15,722,N21,VIIRS,n,2.0NRT,309.35,5.36,D
18.55962,81.00572,338.35,0.52,0.5,2026-04-15,722,N21,VIIRS,n,2.0NRT,304.19,6.05,D
18.57702,97.06078,341.96,0.34,0.56,2026-04-15,722,N21,VIIRS,n,2.0NRT,303.99,3.76,D
18.57839,74.71605,337.52,0.67,0.73,2026-04-15,722,N21,VIIRS,l,2.0NRT,310.54,3.59,D
18.57847,80.05843,331.79,0.6,0.53,2026-04-15,722,N21,VIIRS,l,2.0NRT,305.66,2.7,D
18.57896,80.05988,338.6,0.6,0.53,2026-04-15,722,N21,VIIRS,n,2.0NRT,305.98,4.96,D
18.5795,81.01176,334.28,0.52,0.5,2026-04-15,722,N21,VIIRS,l,2.0NRT,304.71,3.78,D
18.58039,80.16783,336.9,0.59,0.53,2026-04-15,722,N21,VIIRS,l,2.0NRT,307.72,5.59,D
18.58112,84.07053,334.66,0.51,0.41,2026-04-15,722,N21,VIIRS,n,2.0NRT,305.14,3.7,D
18.58261,81.2336,333.78,0.5,0.49,2026-04-15,722,N21,VIIRS,l,2.0NRT,304.28,3.07,D
18.58271,81.21632,330.82,0.5,0.49,2026-04-15,722,N21,VIIRS,l,2.0NRT,305.19,9.23,D
18.58367,81.21497,342.7,0.5,0.49,2026-04-15,722,N21,VIIRS,n,2.0NRT,305.59,8.6,D
18.58542,81.2534,330.08,0.5,0.49,2026-04-15,722,N21,VIIRS,n,2.0NRT,305.05,2.74,D
18.59314,80.84104,351.02,0.53,0.5,2026-04-15,722,N21,VIIRS,n,2.0NRT,306.97,7.67,D
18.59374,80.26046,338.62,0.58,0.52,2026-04-15,722,N21,VIIRS,n,2.0NRT,308.43,4.89,D
18.59589,78.57128,367,0.37,0.58,2026-04-15,722,N21,VIIRS,h,2.0NRT,308.79,7.43,D
18.59632,78.5715,367,0.37,0.58,2026-04-15,722,N21,VIIRS,h,2.0NRT,308.78,8.54,D
18.60259,78.57701,333.1,0.37,0.58,2026-04-15,722,N21,VIIRS,l,2.0NRT,307.63,2.58,D
18.60415,78.0564,335.86,0.4,0.6,2026-04-15,722,N21,VIIRS,l,2.0NRT,309.23,4.79,D
18.60527,78.05486,340.36,0.4,0.6,2026-04-15,722,N21,VIIRS,n,2.0NRT,309.63,3.09,D
18.60605,80.49519,350.1,0.56,0.51,2026-04-15,722,N21,VIIRS,n,2.0NRT,309.54,11.53,D
18.60699,80.22251,339.28,0.58,0.52,2026-04-15,722,N21,VIIRS,n,2.0NRT,308.54,6.39,D
18.60776,81.0609,334.28,0.51,0.5,2026-04-15,722,N21,VIIRS,l,2.0NRT,305.84,6.25,D
18.61101,80.22333,339.33,0.58,0.52,2026-04-15,722,N21,VIIRS,n,2.0NRT,309.47,6.25,D
18.61723,81.01373,338.22,0.52,0.5,2026-04-15,722,N21,VIIRS,n,2.0NRT,304.88,6.69,D
18.62078,81.00797,331.28,0.52,0.5,2026-04-15,722,N21,VIIRS,l,2.0NRT,304.64,3.23,D
18.63173,80.07586,336.17,0.59,0.53,2026-04-15,722,N21,VIIRS,l,2.0NRT,308,6.5,D
18.63244,94.52939,331.31,0.46,0.47,2026-04-15,722,N21,VIIRS,n,2.0NRT,299.63,3.71,D
18.6343,81.00546,347.41,0.52,0.5,2026-04-15,722,N21,VIIRS,n,2.0NRT,306.43,10.98,D
18.63678,94.52909,352.8,0.46,0.47,2026-04-15,722,N21,VIIRS,n,2.0NRT,300.58,14.83,D
18.64152,83.53584,341.97,0.54,0.42,2026-04-15,722,N21,VIIRS,n,2.0NRT,307.17,9.63,D
18.64535,83.5351,333.71,0.54,0.42,2026-04-15,722,N21,VIIRS,l,2.0NRT,305.1,6.52,D
18.64676,81.14259,344.79,0.51,0.49,2026-04-15,722,N21,VIIRS,n,2.0NRT,306.25,6.41,D
18.64859,81.15208,333.35,0.51,0.49,2026-04-15,722,N21,VIIRS,l,2.0NRT,305.55,30.32,D
18.64952,81.15692,333.1,0.5,0.49,2026-04-15,722,N21,VIIRS,l,2.0NRT,304.88,16.9,D
18.65122,81.14175,336.99,0.51,0.49,2026-04-15,722,N21,VIIRS,n,2.0NRT,305.5,6.41,D
18.65215,80.1283,332.98,0.59,0.53,2026-04-15,722,N21,VIIRS,l,2.0NRT,307.11,7.67,D
18.65304,81.15118,349.18,0.51,0.49,2026-04-15,722,N21,VIIRS,n,2.0NRT,311.67,30.32,D
18.6542,80.90672,335.36,0.52,0.5,2026-04-15,722,N21,VIIRS,l,2.0NRT,305.72,5.39,D
18.65569,81.14093,335.37,0.51,0.49,2026-04-15,722,N21,VIIRS,l,2.0NRT,305.67,9.8,D
18.65747,81.15019,346.29,0.51,0.49,2026-04-15,722,N21,VIIRS,n,2.0NRT,305.98,12.52,D
18.65836,81.13072,332.93,0.51,0.49,2026-04-15,722,N21,VIIRS,l,2.0NRT,304.59,3.4,D
18.65926,80.49574,338.52,0.56,0.51,2026-04-15,722,N21,VIIRS,n,2.0NRT,306.85,4.73,D
18.65945,80.88571,332.64,0.52,0.5,2026-04-15,722,N21,VIIRS,l,2.0NRT,305.88,3.91,D
18.6604,80.8905,331.65,0.52,0.5,2026-04-15,722,N21,VIIRS,l,2.0NRT,305.04,3.91,D
18.66184,80.49292,344.52,0.56,0.51,2026-04-15,722,N21,VIIRS,n,2.0NRT,307.09,5.99,D
18.66334,80.15969,342.93,0.59,0.52,2026-04-15,722,N21,VIIRS,n,2.0NRT,308.95,5.58,D
18.66381,80.49436,332.95,0.56,0.51,2026-04-15,722,N21,VIIRS,l,2.0NRT,306.26,4.73,D
18.66441,80.16503,334.97,0.58,0.52,2026-04-15,722,N21,VIIRS,l,2.0NRT,308.57,5.58,D
18.66493,80.88964,338.16,0.52,0.5,2026-04-15,722,N21,VIIRS,n,2.0NRT,305.69,3.91,D
18.66588,80.89444,332.78,0.52,0.5,2026-04-15,722,N21,VIIRS,l,2.0NRT,305.13,6.57,D
18.66658,79.73126,339.41,0.62,0.54,2026-04-15,722,N21,VIIRS,l,2.0NRT,310.09,11.55,D
18.66682,80.89922,337.37,0.52,0.5,2026-04-15,722,N21,VIIRS,n,2.0NRT,306.41,6.57,D
18.66812,81.1576,332.51,0.5,0.49,2026-04-15,722,N21,VIIRS,n,2.0NRT,304.29,4.72,D
18.66889,81.07514,334.1,0.51,0.49,2026-04-15,722,N21,VIIRS,n,2.0NRT,303.42,3.5,D
18.66903,81.16238,331.61,0.5,0.49,2026-04-15,722,N21,VIIRS,l,2.0NRT,304.95,3.43,D
18.66956,81.23725,350.65,0.5,0.49,2026-04-15,722,N21,VIIRS,n,2.0NRT,308.27,7.41,D
18.66998,81.16738,330.15,0.5,0.49,2026-04-15,722,N21,VIIRS,l,2.0NRT,303.31,3.43,D
18.6704,80.89356,349.04,0.52,0.5,2026-04-15,722,N21,VIIRS,n,2.0NRT,306.8,7.69,D
18.67074,81.14717,339.76,0.51,0.49,2026-04-15,722,N21,VIIRS,n,2.0NRT,305.78,7.71,D
18.67134,80.89835,339.06,0.52,0.5,2026-04-15,722,N21,VIIRS,n,2.0NRT,305.16,7.69,D
18.67164,81.15187,338.96,0.5,0.49,2026-04-15,722,N21,VIIRS,n,2.0NRT,304.81,4.72,D
18.67254,81.15661,335.68,0.5,0.49,2026-04-15,722,N21,VIIRS,n,2.0NRT,305.27,4.72,D
18.67492,80.89264,339.33,0.52,0.5,2026-04-15,722,N21,VIIRS,n,2.0NRT,306.08,7.69,D
18.67567,83.09645,341.21,0.38,0.43,2026-04-15,722,N21,VIIRS,n,2.0NRT,301.71,8.57,D
18.67579,81.15665,341.03,0.5,0.49,2026-04-15,722,N21,VIIRS,n,2.0NRT,305.82,5.07,D
18.6785,80.88694,340.68,0.52,0.5,2026-04-15,722,N21,VIIRS,n,2.0NRT,306.2,5.11,D
18.68609,80.92564,337.47,0.52,0.5,2026-04-15,722,N21,VIIRS,n,2.0NRT,307.09,3.73,D
18.68661,81.18781,332.28,0.5,0.49,2026-04-15,722,N21,VIIRS,l,2.0NRT,305.48,3.79,D
18.68743,81.18639,332.89,0.5,0.49,2026-04-15,722,N21,VIIRS,l,2.0NRT,304.66,2.71,D
18.68921,81.96352,347.29,0.45,0.47,2026-04-15,722,N21,VIIRS,n,2.0NRT,304.83,7.67,D
18.69061,80.92477,332.25,0.52,0.5,2026-04-15,722,N21,VIIRS,n,2.0NRT,305.85,3.73,D
18.69145,82.04497,338.51,0.44,0.46,2026-04-15,722,N21,VIIRS,n,2.0NRT,302.91,6.17,D
18.69219,83.12022,334.65,0.57,0.43,2026-04-15,722,N21,VIIRS,n,2.0NRT,299.86,6.19,D
18.69341,97.97688,331.8,0.39,0.59,2026-04-15,722,N21,VIIRS,l,2.0NRT,306.29,3.75,D
18.69487,82.03998,333.25,0.44,0.46,2026-04-15,722,N21,VIIRS,l,2.0NRT,303.44,6.17,D
18.69604,83.11905,338.67,0.57,0.43,2026-04-15,722,N21,VIIRS,n,2.0NRT,306.93,54.75,D
18.69833,80.7953,338.77,0.53,0.5,2026-04-15,722,N21,VIIRS,n,2.0NRT,307.37,5.56,D
18.70185,80.86201,332.91,0.53,0.5,2026-04-15,722,N21,VIIRS,l,2.0NRT,305.52,2.29,D
18.70654,81.10145,331.39,0.51,0.49,2026-04-15,722,N21,VIIRS,n,2.0NRT,304.17,4.93,D
18.70694,81.17421,332.84,0.5,0.49,2026-04-15,722,N21,VIIRS,l,2.0NRT,305.95,5.54,D
18.70706,81.05669,331.46,0.51,0.49,2026-04-15,722,N21,VIIRS,l,2.0NRT,304.58,3.71,D
18.70989,81.07119,334.62,0.51,0.49,2026-04-15,722,N21,VIIRS,l,2.0NRT,305.41,3.21,D
18.71082,81.07595,330.91,0.51,0.49,2026-04-15,722,N21,VIIRS,l,2.0NRT,305.06,2.73,D
18.71206,81.69434,332.25,0.47,0.47,2026-04-15,722,N21,VIIRS,l,2.0NRT,304.96,6.78,D
18.71464,81.00008,332.59,0.51,0.5,2026-04-15,722,N21,VIIRS,l,2.0NRT,304.46,3.28,D
18.71594,80.44927,332.17,0.56,0.51,2026-04-15,722,N21,VIIRS,l,2.0NRT,306.42,1.44,D
18.71835,81.16185,341.09,0.5,0.49,2026-04-15,722,N21,VIIRS,n,2.0NRT,307.98,6.71,D
18.71871,81.06879,332.3,0.51,0.49,2026-04-15,722,N21,VIIRS,l,2.0NRT,306.71,3.58,D
18.71901,82.02943,342.81,0.44,0.46,2026-04-15,722,N21,VIIRS,n,2.0NRT,304.92,13.56,D
18.71957,80.44318,334.42,0.56,0.51,2026-04-15,722,N21,VIIRS,l,2.0NRT,308.16,2.62,D
18.72057,80.44824,348.97,0.56,0.51,2026-04-15,722,N21,VIIRS,n,2.0NRT,310.26,9.81,D
18.72262,80.77416,343.64,0.53,0.5,2026-04-15,722,N21,VIIRS,n,2.0NRT,310.03,6.28,D
18.72318,82.02847,340.51,0.44,0.46,2026-04-15,722,N21,VIIRS,n,2.0NRT,306.17,8.34,D
18.72359,97.8461,338.1,0.38,0.59,2026-04-15,722,N21,VIIRS,n,2.0NRT,296.73,3.29,D
18.72365,80.77694,342.14,0.53,0.5,2026-04-15,722,N21,VIIRS,n,2.0NRT,309.3,8.41,D
18.72479,81.6209,334.66,0.47,0.48,2026-04-15,722,N21,VIIRS,n,2.0NRT,305.97,3.51,D
18.72616,80.45206,333.68,0.56,0.51,2026-04-15,722,N21,VIIRS,l,2.0NRT,307,9.81,D
18.73009,95.0862,346.6,0.5,0.49,2026-04-15,722,N21,VIIRS,n,2.0NRT,313.37,14.93,D
18.73284,80.90081,333.15,0.52,0.5,2026-04-15,722,N21,VIIRS,l,2.0NRT,308.08,5.16,D
18.73472,82.18339,335.31,0.43,0.46,2026-04-15,722,N21,VIIRS,l,2.0NRT,309.88,3.92,D
18.73473,80.90307,336.7,0.52,0.5,2026-04-15,722,N21,VIIRS,n,2.0NRT,308.51,4.82,D
18.73737,81.75687,331.03,0.46,0.47,2026-04-15,722,N21,VIIRS,n,2.0NRT,305.54,3.51,D
18.73815,81.761,353.23,0.46,0.47,2026-04-15,722,N21,VIIRS,n,2.0NRT,306.51,8.37,D
18.74143,80.67528,345.07,0.54,0.51,2026-04-15,722,N21,VIIRS,n,2.0NRT,308.2,7.81,D
18.74238,80.68008,342.2,0.54,0.51,2026-04-15,722,N21,VIIRS,n,2.0NRT,307.85,7.81,D
18.74273,96.51827,347.33,0.62,0.54,2026-04-15,722,N21,VIIRS,n,2.0NRT,307.81,20.22,D
18.74625,83.23882,333.27,0.56,0.43,2026-04-15,722,N21,VIIRS,n,2.0NRT,302.1,3.26,D
18.74636,83.24184,333.36,0.56,0.43,2026-04-15,722,N21,VIIRS,n,2.0NRT,302.16,4.76,D
18.74735,79.93237,338.28,0.6,0.53,2026-04-15,722,N21,VIIRS,n,2.0NRT,308.02,4.02,D
18.75498,81.23189,341.72,0.5,0.49,2026-04-15,722,N21,VIIRS,n,2.0NRT,310.45,8.21,D
18.75557,81.94461,335.93,0.45,0.47,2026-04-15,722,N21,VIIRS,n,2.0NRT,303.21,3.91,D
18.75577,81.23597,339.71,0.5,0.49,2026-04-15,722,N21,VIIRS,n,2.0NRT,306.99,12.31,D
18.7594,81.23101,336.13,0.5,0.49,2026-04-15,722,N21,VIIRS,l,2.0NRT,309.43,8.21,D
18.76097,82.13883,331.61,0.44,0.46,2026-04-15,722,N21,VIIRS,n,2.0NRT,305.9,1.15,D
18.76226,82.13879,330.59,0.44,0.46,2026-04-15,722,N21,VIIRS,n,2.0NRT,305.56,2.35,D
18.76834,82.15541,330.59,0.43,0.46,2026-04-15,722,N21,VIIRS,l,2.0NRT,304.65,2.92,D
18.76921,80.117,342.43,0.59,0.53,2026-04-15,722,N21,VIIRS,n,2.0NRT,309.18,5.91,D
18.76975,82.15528,340.2,0.43,0.46,2026-04-15,722,N21,VIIRS,n,2.0NRT,305.32,5.64,D
18.7719,81.86893,343.84,0.45,0.47,2026-04-15,722,N21,VIIRS,n,2.0NRT,303.85,6.4,D
18.77278,81.87359,341.57,0.45,0.47,2026-04-15,722,N21,VIIRS,n,2.0NRT,303.54,6.4,D
18.77385,82.15413,341.98,0.43,0.46,2026-04-15,722,N21,VIIRS,n,2.0NRT,304.86,5.64,D
18.77606,81.86768,333.59,0.45,0.47,2026-04-15,722,N21,VIIRS,n,2.0NRT,303.26,5.15,D
18.77644,81.9161,342.46,0.45,0.47,2026-04-15,722,N21,VIIRS,n,2.0NRT,303.01,6.21,D
18.77709,82.14853,342.04,0.43,0.46,2026-04-15,722,N21,VIIRS,n,2.0NRT,305.94,5.33,D
18.778,96.75073,367,0.32,0.55,2026-04-15,722,N21,VIIRS,h,2.0NRT,302.42,12.38,D
18.77881,83.62556,338.14,0.53,0.42,2026-04-15,722,N21,VIIRS,n,2.0NRT,307.72,8.13,D
18.78022,80.63004,342.28,0.54,0.51,2026-04-15,722,N21,VIIRS,n,2.0NRT,309.33,11.1,D
18.78151,82.1264,331.61,0.44,0.46,2026-04-15,722,N21,VIIRS,l,2.0NRT,304.21,4.34,D
18.78664,83.34917,334.36,0.55,0.43,2026-04-15,722,N21,VIIRS,n,2.0NRT,304.21,12.48,D
18.78679,82.17675,339.54,0.43,0.46,2026-04-15,722,N21,VIIRS,n,2.0NRT,307.3,5.1,D
18.78759,82.18096,335.67,0.43,0.46,2026-04-15,722,N21,VIIRS,n,2.0NRT,306.33,3.78,D
18.80293,82.01024,330.58,0.44,0.46,2026-04-15,722,N21,VIIRS,l,2.0NRT,304.2,6.42,D
18.80298,83.03854,304.36,0.38,0.43,2026-04-15,722,N21,VIIRS,l,2.0NRT,315,46.54,D
18.80366,83.0423,367,0.38,0.43,2026-04-15,722,N21,VIIRS,h,2.0NRT,339.2,143.07,D
18.80553,81.78999,334.2,0.46,0.47,2026-04-15,722,N21,VIIRS,l,2.0NRT,306.37,3.1,D
18.80773,82.10494,341.94,0.44,0.46,2026-04-15,722,N21,VIIRS,n,2.0NRT,308.2,6.73,D
18.81134,83.26431,330.46,0.56,0.43,2026-04-15,722,N21,VIIRS,l,2.0NRT,304.14,4.27,D
18.8153,82.00658,330.91,0.44,0.46,2026-04-15,722,N21,VIIRS,n,2.0NRT,302.66,3.26,D
18.81573,80.25264,331.59,0.57,0.52,2026-04-15,722,N21,VIIRS,l,2.0NRT,305.98,1.29,D
18.81645,82.12831,333.1,0.44,0.46,2026-04-15,722,N21,VIIRS,n,2.0NRT,306.18,3.92,D
18.81714,83.68671,337.59,0.53,0.42,2026-04-15,722,N21,VIIRS,n,2.0NRT,302.97,4.68,D
18.81723,82.08638,331.21,0.44,0.46,2026-04-15,722,N21,VIIRS,l,2.0NRT,304.39,2.69,D
18.81775,80.21313,341.4,0.58,0.52,2026-04-15,722,N21,VIIRS,n,2.0NRT,308.81,6.9,D
18.81799,82.09045,343.63,0.44,0.46,2026-04-15,722,N21,VIIRS,n,2.0NRT,304.9,4.17,D
18.81875,82.09451,334.19,0.44,0.46,2026-04-15,722,N21,VIIRS,l,2.0NRT,304.35,4.17,D
18.81953,80.21527,341,0.58,0.52,2026-04-15,722,N21,VIIRS,n,2.0NRT,308.55,9.27,D
18.82018,81.09959,331.13,0.51,0.49,2026-04-15,722,N21,VIIRS,l,2.0NRT,304.34,2.84,D
18.82482,81.14692,331.83,0.5,0.49,2026-04-15,722,N21,VIIRS,l,2.0NRT,305.78,2.05,D
18.8264,79.80683,343.24,0.61,0.54,2026-04-15,722,N21,VIIRS,n,2.0NRT,310.25,12.15,D
18.82696,83.72031,333.45,0.53,0.42,2026-04-15,722,N21,VIIRS,n,2.0NRT,303.9,3.24,D
18.82706,83.72222,332.87,0.53,0.42,2026-04-15,722,N21,VIIRS,l,2.0NRT,303.41,1.61,D
18.83128,82.09206,339.05,0.44,0.46,2026-04-15,722,N21,VIIRS,n,2.0NRT,305.19,4.19,D
18.83204,82.09615,344.85,0.44,0.46,2026-04-15,722,N21,VIIRS,n,2.0NRT,305.93,10.36,D
18.83405,73.56412,343.18,0.78,0.78,2026-04-15,722,N21,VIIRS,n,2.0NRT,307.35,10.25,D
18.83907,80.31113,335.63,0.57,0.52,2026-04-15,722,N21,VIIRS,l,2.0NRT,306.6,3.51,D
18.84907,82.66625,339.75,0.4,0.44,2026-04-15,722,N21,VIIRS,n,2.0NRT,312.22,3.47,D
18.85172,83.81719,333.75,0.52,0.42,2026-04-15,722,N21,VIIRS,n,2.0NRT,303.69,8.96,D
18.85238,83.81863,332.82,0.52,0.41,2026-04-15,722,N21,VIIRS,n,2.0NRT,303.87,4.31,D
18.85505,77.37372,339.75,0.44,0.62,2026-04-15,722,N21,VIIRS,l,2.0NRT,314.45,10.11,D
18.85519,74.82648,344.33,0.65,0.73,2026-04-15,722,N21,VIIRS,n,2.0NRT,313.8,12.61,D
18.85594,77.37782,355.32,0.44,0.62,2026-04-15,722,N21,VIIRS,n,2.0NRT,315.82,10.11,D
18.85975,96.24903,336.45,0.6,0.53,2026-04-15,722,N21,VIIRS,n,2.0NRT,300.56,21.89,D
18.86065,78.34628,367,0.38,0.59,2026-04-15,722,N21,VIIRS,h,2.0NRT,315.69,16.69,D
18.86152,93.52203,331.46,0.4,0.44,2026-04-15,722,N21,VIIRS,l,2.0NRT,304.14,1.75,D
18.86597,96.26059,340.37,0.6,0.53,2026-04-15,722,N21,VIIRS,n,2.0NRT,299.51,15.56,D
18.8663,93.55991,339.12,0.4,0.44,2026-04-15,722,N21,VIIRS,n,2.0NRT,302.85,4.32,D
18.86642,96.62634,348.53,0.64,0.54,2026-04-15,722,N21,VIIRS,n,2.0NRT,300.99,19.9,D
18.88352,82.94681,344.48,0.39,0.44,2026-04-15,722,N21,VIIRS,n,2.0NRT,312.55,14.95,D
18.88557,80.99295,340.3,0.51,0.49,2026-04-15,722,N21,VIIRS,n,2.0NRT,306.72,9.69,D
18.88577,97.82893,332.6,0.38,0.59,2026-04-15,722,N21,VIIRS,n,2.0NRT,298.92,6.04,D
18.88677,82.12679,335.31,0.43,0.46,2026-04-15,722,N21,VIIRS,n,2.0NRT,306.67,2.85,D
18.88742,82.08482,344.9,0.44,0.46,2026-04-15,722,N21,VIIRS,n,2.0NRT,305.13,7.51,D
18.89436,80.22189,332.78,0.57,0.52,2026-04-15,722,N21,VIIRS,l,2.0NRT,307.73,3.71,D
18.89841,83.40527,333.06,0.55,0.42,2026-04-15,722,N21,VIIRS,n,2.0NRT,302.01,6.69,D
18.89864,81.03558,344.22,0.51,0.49,2026-04-15,722,N21,VIIRS,n,2.0NRT,306.58,11.24,D
18.89939,73.622,336.21,0.77,0.78,2026-04-15,722,N21,VIIRS,n,2.0NRT,310.67,8.54,D
18.91283,82.10484,331.38,0.43,0.46,2026-04-15,722,N21,VIIRS,l,2.0NRT,303.94,3.32,D
18.92214,82.67325,340.46,0.4,0.44,2026-04-15,722,N21,VIIRS,n,2.0NRT,307.56,4.37,D
18.93168,82.63445,342.46,0.4,0.45,2026-04-15,722,N21,VIIRS,l,2.0NRT,312.49,25.56,D
18.94319,94.17834,332.8,0.44,0.46,2026-04-15,722,N21,VIIRS,n,2.0NRT,301.1,2.4,D
18.94646,77.2923,340.94,0.45,0.63,2026-04-15,722,N21,VIIRS,l,2.0NRT,314.52,10.25,D
18.95401,76.60265,339.01,0.49,0.65,2026-04-15,722,N21,VIIRS,l,2.0NRT,313.96,7.52,D
18.95928,77.67266,342.16,0.42,0.61,2026-04-15,722,N21,VIIRS,l,2.0NRT,315.29,9.04,D
18.95932,83.89668,332.49,0.51,0.41,2026-04-15,722,N21,VIIRS,n,2.0NRT,304.6,2.83,D
18.95997,77.67351,345.77,0.42,0.61,2026-04-15,722,N21,VIIRS,l,2.0NRT,316.09,11.55,D
18.96681,94.97577,334.05,0.5,0.49,2026-04-15,722,N21,VIIRS,l,2.0NRT,307.15,2.84,D
18.97033,80.48414,334,0.55,0.51,2026-04-15,722,N21,VIIRS,l,2.0NRT,308.91,3.06,D
18.98457,96.23251,340.79,0.6,0.53,2026-04-15,722,N21,VIIRS,n,2.0NRT,300.33,12.16,D
18.98539,82.92856,340.16,0.39,0.44,2026-04-15,722,N21,VIIRS,n,2.0NRT,311.23,3.56,D
18.98864,82.7103,341.28,0.4,0.44,2026-04-15,722,N21,VIIRS,n,2.0NRT,308.92,7.16,D
18.98911,82.77903,337.16,0.39,0.44,2026-04-15,722,N21,VIIRS,n,2.0NRT,309.22,1.44,D
18.99663,82.70867,333.63,0.4,0.44,2026-04-15,722,N21,VIIRS,l,2.0NRT,308.5,7.52,D
19.00128,82.22099,338.12,0.43,0.46,2026-04-15,722,N21,VIIRS,n,2.0NRT,304.51,5.08,D
19.00199,82.26097,332.97,0.42,0.46,2026-04-15,722,N21,VIIRS,l,2.0NRT,307.2,3.47,D
19.00204,82.22495,334.99,0.43,0.46,2026-04-15,722,N21,VIIRS,n,2.0NRT,303.63,5.08,D
19.0054,82.22016,330.95,0.43,0.46,2026-04-15,722,N21,VIIRS,l,2.0NRT,304.83,5.08,D
19.00616,82.22414,352.66,0.43,0.46,2026-04-15,722,N21,VIIRS,n,2.0NRT,306.27,5.08,D
19.00622,82.73782,348.34,0.4,0.44,2026-04-15,722,N21,VIIRS,n,2.0NRT,315.9,12.38,D
19.00662,83.09029,336.07,0.57,0.43,2026-04-15,722,N21,VIIRS,n,2.0NRT,307.21,6.35,D
19.00876,82.21532,342.5,0.43,0.46,2026-04-15,722,N21,VIIRS,n,2.0NRT,304.93,4.42,D
19.01028,82.22331,344.68,0.43,0.46,2026-04-15,722,N21,VIIRS,n,2.0NRT,305.3,10.07,D
19.01076,80.54681,336.67,0.54,0.51,2026-04-15,722,N21,VIIRS,l,2.0NRT,310.41,7.22,D
19.01198,82.83511,340.41,0.39,0.44,2026-04-15,722,N21,VIIRS,n,2.0NRT,309.74,4.4,D
19.01207,97.75629,340.77,0.38,0.59,2026-04-15,722,N21,VIIRS,n,2.0NRT,300.84,2.93,D
19.01331,80.53567,337.19,0.54,0.51,2026-04-15,722,N21,VIIRS,l,2.0NRT,310.35,4.49,D
19.01432,80.5407,343.29,0.54,0.51,2026-04-15,722,N21,VIIRS,n,2.0NRT,310.61,7.22,D
19.01651,93.83064,335.48,0.42,0.45,2026-04-15,722,N21,VIIRS,n,2.0NRT,301.52,3.82,D
19.01888,80.53964,341.34,0.54,0.51,2026-04-15,722,N21,VIIRS,l,2.0NRT,311.59,9.23,D
19.01914,94.09345,341.73,0.44,0.46,2026-04-15,722,N21,VIIRS,n,2.0NRT,303.44,9.29,D
19.02081,77.82345,344.48,0.41,0.61,2026-04-15,722,N21,VIIRS,l,2.0NRT,317.57,11.4,D
19.02245,80.53357,352.7,0.54,0.51,2026-04-15,722,N21,VIIRS,n,2.0NRT,311.72,12.02,D
19.02335,94.09288,341.05,0.44,0.46,2026-04-15,722,N21,VIIRS,n,2.0NRT,302,4.37,D
19.02386,94.09699,340.51,0.44,0.46,2026-04-15,722,N21,VIIRS,n,2.0NRT,302.29,4.37,D
19.0275,80.55883,336.53,0.54,0.51,2026-04-15,722,N21,VIIRS,l,2.0NRT,310.34,5.3,D
19.03095,80.10594,336.46,0.58,0.52,2026-04-15,722,N21,VIIRS,l,2.0NRT,310.11,8.19,D
19.03208,80.55784,352.57,0.54,0.51,2026-04-15,722,N21,VIIRS,n,2.0NRT,312.84,25.85,D
19.03555,80.13507,344.97,0.58,0.52,2026-04-15,722,N21,VIIRS,n,2.0NRT,309.22,8.96,D
19.03623,80.13185,337.05,0.58,0.52,2026-04-15,722,N21,VIIRS,l,2.0NRT,307.89,3.95,D
19.04355,82.80557,336.53,0.39,0.44,2026-04-15,722,N21,VIIRS,n,2.0NRT,310.29,3.94,D
19.04389,96.38194,355.32,0.62,0.54,2026-04-15,722,N21,VIIRS,n,2.0NRT,307.18,18.82,D
19.04513,77.83037,341.93,0.41,0.61,2026-04-15,722,N21,VIIRS,l,2.0NRT,314.99,6.07,D
19.04539,94.83748,334.05,0.49,0.48,2026-04-15,722,N21,VIIRS,l,2.0NRT,307.22,2.63,D
19.04551,82.79382,341.26,0.39,0.44,2026-04-15,722,N21,VIIRS,n,2.0NRT,311.28,4.68,D
19.04593,77.83411,341.05,0.41,0.61,2026-04-15,722,N21,VIIRS,l,2.0NRT,314.55,6.07,D
19.04638,80.5337,340.83,0.54,0.51,2026-04-15,722,N21,VIIRS,l,2.0NRT,311.61,6.52,D
19.04844,79.28246,347.12,0.33,0.55,2026-04-15,722,N21,VIIRS,n,2.0NRT,308.87,5.27,D
19.0488,96.38131,349.36,0.62,0.54,2026-04-15,722,N21,VIIRS,n,2.0NRT,303.75,18.82,D
19.05285,82.81135,342.1,0.39,0.44,2026-04-15,722,N21,VIIRS,n,2.0NRT,311.99,8.4,D
19.0529,79.27884,335.61,0.33,0.55,2026-04-15,722,N21,VIIRS,l,2.0NRT,308.3,5.64,D
19.05341,79.1564,338.19,0.33,0.56,2026-04-15,722,N21,VIIRS,l,2.0NRT,309.15,5.04,D
19.05371,96.38069,335.74,0.62,0.54,2026-04-15,722,N21,VIIRS,n,2.0NRT,304.73,6.28,D
19.05423,79.15696,340.38,0.33,0.56,2026-04-15,722,N21,VIIRS,n,2.0NRT,309.02,6.23,D
19.05544,95.95569,332.4,0.58,0.52,2026-04-15,722,N21,VIIRS,n,2.0NRT,300.45,6.92,D
19.05848,79.28075,342.27,0.33,0.55,2026-04-15,722,N21,VIIRS,n,2.0NRT,309.46,6.25,D
19.05953,82.82529,341.78,0.39,0.44,2026-04-15,722,N21,VIIRS,n,2.0NRT,311.81,3.6,D
19.067,96.50343,335.07,0.63,0.54,2026-04-15,722,N21,VIIRS,n,2.0NRT,301.26,7.94,D
19.06736,83.84003,333.46,0.51,0.41,2026-04-15,722,N21,VIIRS,n,2.0NRT,308,2.76,D
19.07652,95.57676,335.49,0.54,0.51,2026-04-15,722,N21,VIIRS,l,2.0NRT,307.1,5.32,D
19.07948,80.53194,336.52,0.54,0.51,2026-04-15,722,N21,VIIRS,l,2.0NRT,309.83,4.22,D
19.08182,80.18767,334.53,0.57,0.52,2026-04-15,722,N21,VIIRS,l,2.0NRT,308.36,3.94,D
19.08568,80.51479,352.62,0.54,0.51,2026-04-15,722,N21,VIIRS,n,2.0NRT,310.17,10.25,D
19.08743,82.93304,342.55,0.39,0.44,2026-04-15,722,N21,VIIRS,n,2.0NRT,310.37,12.14,D
19.08852,79.95,333.18,0.59,0.53,2026-04-15,722,N21,VIIRS,l,2.0NRT,307.29,4.03,D
19.08925,79.95215,338.13,0.59,0.53,2026-04-15,722,N21,VIIRS,n,2.0NRT,307.89,5.96,D
19.09013,82.9702,343.7,0.38,0.43,2026-04-15,722,N21,VIIRS,n,2.0NRT,308.87,4.25,D
19.09027,80.51379,343.76,0.54,0.51,2026-04-15,722,N21,VIIRS,n,2.0NRT,310.55,8.45,D
19.09139,82.93237,341.47,0.39,0.44,2026-04-15,722,N21,VIIRS,l,2.0NRT,311.73,29.48,D
19.09359,80.50967,335.67,0.54,0.51,2026-04-15,722,N21,VIIRS,l,2.0NRT,308.79,3.28,D
19.0939,97.57088,332.51,0.37,0.58,2026-04-15,722,N21,VIIRS,n,2.0NRT,302.45,1.91,D
19.09426,80.3222,336.74,0.56,0.51,2026-04-15,722,N21,VIIRS,n,2.0NRT,307.68,4.18,D
19.09695,97.6526,334.76,0.38,0.58,2026-04-15,722,N21,VIIRS,n,2.0NRT,299.28,4.43,D
19.10476,82.16654,340.94,0.43,0.46,2026-04-15,722,N21,VIIRS,l,2.0NRT,311.44,7.49,D
19.10631,82.75447,331.27,0.39,0.44,2026-04-15,722,N21,VIIRS,n,2.0NRT,305.8,2.38,D
19.11084,74.32368,338.99,0.69,0.74,2026-04-15,722,N21,VIIRS,l,2.0NRT,312.73,5.6,D
19.11132,95.47015,340.4,0.54,0.51,2026-04-15,722,N21,VIIRS,l,2.0NRT,311.88,21.01,D
19.11291,76.99911,346.82,0.46,0.64,2026-04-15,722,N21,VIIRS,n,2.0NRT,313.73,5.88,D
19.11887,82.82156,352.88,0.39,0.44,2026-04-15,722,N21,VIIRS,n,2.0NRT,310.94,20.26,D
19.12117,77.86039,340.3,0.41,0.6,2026-04-15,722,N21,VIIRS,l,2.0NRT,314.86,8.09,D
19.12185,73.67703,349.59,0.76,0.77,2026-04-15,722,N21,VIIRS,n,2.0NRT,309.08,9.07,D
19.12222,73.6759,338.92,0.76,0.77,2026-04-15,722,N21,VIIRS,n,2.0NRT,308.07,6.81,D
19.12303,73.68184,337.69,0.76,0.77,2026-04-15,722,N21,VIIRS,n,2.0NRT,309.52,9.07,D
19.12342,73.68091,335.03,0.76,0.77,2026-04-15,722,N21,VIIRS,n,2.0NRT,309.64,10.39,D
19.12402,84.36687,333.67,0.48,0.4,2026-04-15,722,N21,VIIRS,l,2.0NRT,305.74,13.35,D
19.12606,97.20949,332.25,0.35,0.57,2026-04-15,722,N21,VIIRS,l,2.0NRT,306.64,4.47,D
19.12768,84.36631,333.42,0.48,0.4,2026-04-15,722,N21,VIIRS,l,2.0NRT,305.03,4.19,D
19.13208,84.1567,340.78,0.49,0.41,2026-04-15,722,N21,VIIRS,n,2.0NRT,305.4,5.65,D
19.13267,84.15504,330.13,0.5,0.41,2026-04-15,722,N21,VIIRS,l,2.0NRT,304.9,3.46,D
19.13335,77.36342,345.95,0.44,0.62,2026-04-15,722,N21,VIIRS,n,2.0NRT,313.57,5.76,D
19.13527,81.4327,345.57,0.47,0.48,2026-04-15,722,N21,VIIRS,n,2.0NRT,309.44,5.06,D
19.13863,83.80534,336.68,0.52,0.41,2026-04-15,722,N21,VIIRS,l,2.0NRT,309.98,3.31,D
19.14174,80.89896,339.12,0.51,0.5,2026-04-15,722,N21,VIIRS,n,2.0NRT,307.43,10.73,D
19.14634,82.79235,341.26,0.39,0.44,2026-04-15,722,N21,VIIRS,n,2.0NRT,309.44,7.22,D
19.14648,80.11888,344.13,0.58,0.52,2026-04-15,722,N21,VIIRS,n,2.0NRT,312.16,6.17,D
19.14842,80.12051,338.38,0.58,0.52,2026-04-15,722,N21,VIIRS,l,2.0NRT,310.98,8.85,D
19.14911,79.16407,336.03,0.33,0.55,2026-04-15,722,N21,VIIRS,l,2.0NRT,310.04,2.77,D
19.14981,80.89255,343.18,0.51,0.5,2026-04-15,722,N21,VIIRS,n,2.0NRT,306.16,6.97,D
19.15094,77.70716,353.24,0.41,0.61,2026-04-15,722,N21,VIIRS,n,2.0NRT,317.3,11.92,D
19.15398,79.16357,345.23,0.33,0.55,2026-04-15,722,N21,VIIRS,n,2.0NRT,309.96,2.71,D
19.15411,79.16295,341.38,0.33,0.55,2026-04-15,722,N21,VIIRS,n,2.0NRT,309.89,2.77,D
19.15431,80.89175,338.68,0.51,0.5,2026-04-15,722,N21,VIIRS,n,2.0NRT,306.96,3.68,D
19.15631,79.81625,335.12,0.6,0.53,2026-04-15,722,N21,VIIRS,l,2.0NRT,308.84,3.83,D
19.16578,81.21142,349.63,0.49,0.49,2026-04-15,722,N21,VIIRS,n,2.0NRT,307.53,7.51,D
19.16653,77.80673,344.59,0.41,0.6,2026-04-15,722,N21,VIIRS,l,2.0NRT,316.52,9.99,D
19.16979,81.30186,352.41,0.48,0.48,2026-04-15,722,N21,VIIRS,n,2.0NRT,310.12,15.15,D
19.17019,81.21064,342.9,0.49,0.49,2026-04-15,722,N21,VIIRS,n,2.0NRT,306.16,6.09,D
19.17343,80.90601,333.24,0.51,0.49,2026-04-15,722,N21,VIIRS,l,2.0NRT,305.38,7.81,D
19.17356,82.09866,342.09,0.43,0.46,2026-04-15,722,N21,VIIRS,n,2.0NRT,311.53,9.76,D
19.17415,81.30096,354.37,0.48,0.48,2026-04-15,722,N21,VIIRS,n,2.0NRT,313.25,15.15,D
19.17436,80.91071,337.19,0.51,0.49,2026-04-15,722,N21,VIIRS,n,2.0NRT,304.54,3.15,D
19.17624,80.90899,343.22,0.51,0.5,2026-04-15,722,N21,VIIRS,n,2.0NRT,305.62,5.19,D
19.17629,78.86638,338.64,0.35,0.57,2026-04-15,722,N21,VIIRS,n,2.0NRT,310.13,2.18,D
19.17748,82.80512,350.1,0.39,0.44,2026-04-15,722,N21,VIIRS,n,2.0NRT,312.47,14.08,D
19.17929,96.36938,335.07,0.62,0.54,2026-04-15,722,N21,VIIRS,l,2.0NRT,305.78,4.75,D
19.18066,80.90784,334.63,0.51,0.5,2026-04-15,722,N21,VIIRS,n,2.0NRT,303.93,5.19,D
19.18114,78.44377,351.24,0.37,0.58,2026-04-15,722,N21,VIIRS,n,2.0NRT,312,10.18,D
19.18193,97.24067,333.25,0.35,0.57,2026-04-15,722,N21,VIIRS,l,2.0NRT,305.21,2.88,D
19.18231,80.90391,341.38,0.51,0.49,2026-04-15,722,N21,VIIRS,n,2.0NRT,305.13,3.5,D
19.18418,81.14153,331.85,0.49,0.49,2026-04-15,722,N21,VIIRS,n,2.0NRT,305.63,1.77,D
19.18739,78.65348,337.42,0.36,0.57,2026-04-15,722,N21,VIIRS,l,2.0NRT,311.64,4.14,D
19.18808,78.65674,338.03,0.36,0.57,2026-04-15,722,N21,VIIRS,l,2.0NRT,312.28,4.14,D
19.19253,78.65228,344.59,0.36,0.57,2026-04-15,722,N21,VIIRS,n,2.0NRT,311.91,4.14,D
19.1943,77.79907,342.49,0.41,0.6,2026-04-15,722,N21,VIIRS,l,2.0NRT,314.78,12.37,D
19.19537,82.99241,341.69,0.57,0.43,2026-04-15,722,N21,VIIRS,n,2.0NRT,313.34,27.16,D
19.19656,80.97544,337.41,0.51,0.49,2026-04-15,722,N21,VIIRS,l,2.0NRT,307.83,9.13,D
19.19675,97.63873,336.36,0.38,0.58,2026-04-15,722,N21,VIIRS,n,2.0NRT,301.77,3.03,D
19.19792,80.97375,330.55,0.51,0.49,2026-04-15,722,N21,VIIRS,l,2.0NRT,305.22,3.35,D
19.19831,77.79546,352.85,0.41,0.6,2026-04-15,722,N21,VIIRS,n,2.0NRT,316.74,13.03,D
19.19842,80.98481,331.96,0.51,0.49,2026-04-15,722,N21,VIIRS,l,2.0NRT,305.21,6.85,D
19.19886,80.97868,333.74,0.51,0.49,2026-04-15,722,N21,VIIRS,l,2.0NRT,306.99,3.35,D
19.19888,80.89372,338.54,0.51,0.5,2026-04-15,722,N21,VIIRS,n,2.0NRT,306.94,6.5,D
19.19912,81.17159,342.63,0.49,0.49,2026-04-15,722,N21,VIIRS,n,2.0NRT,308.16,25.85,D
19.20086,80.35537,337.53,0.55,0.51,2026-04-15,722,N21,VIIRS,l,2.0NRT,310.73,3.98,D
19.20176,81.16155,351.36,0.49,0.49,2026-04-15,722,N21,VIIRS,n,2.0NRT,309.61,9.66,D
19.20208,79.87072,338.25,0.6,0.53,2026-04-15,722,N21,VIIRS,l,2.0NRT,308.44,6.28,D
19.20261,81.18971,340.56,0.49,0.49,2026-04-15,722,N21,VIIRS,n,2.0NRT,307.85,8.03,D
19.20351,81.17067,341.82,0.49,0.49,2026-04-15,722,N21,VIIRS,n,2.0NRT,309.08,25.85,D
19.2051,80.90164,342.78,0.51,0.49,2026-04-15,722,N21,VIIRS,n,2.0NRT,307.38,9.85,D
19.20616,81.16068,337.99,0.49,0.49,2026-04-15,722,N21,VIIRS,n,2.0NRT,308.74,4.98,D
19.2079,81.16976,334.72,0.49,0.49,2026-04-15,722,N21,VIIRS,l,2.0NRT,306.34,7.73,D
19.21316,81.17339,344.12,0.49,0.49,2026-04-15,722,N21,VIIRS,n,2.0NRT,306.74,8.34,D
19.21834,81.24789,338.43,0.49,0.48,2026-04-15,722,N21,VIIRS,n,2.0NRT,305.5,9.51,D
19.21919,81.25234,344.19,0.49,0.48,2026-04-15,722,N21,VIIRS,n,2.0NRT,309.34,9.51,D
19.21965,97.59893,332.17,0.37,0.58,2026-04-15,722,N21,VIIRS,n,2.0NRT,298.95,3.62,D
19.21973,78.65334,354.97,0.36,0.57,2026-04-15,722,N21,VIIRS,n,2.0NRT,313.38,8.15,D
19.22274,81.2472,367,0.49,0.48,2026-04-15,722,N21,VIIRS,l,2.0NRT,342.49,170.97,D
19.22359,81.25159,350.2,0.49,0.48,2026-04-15,722,N21,VIIRS,n,2.0NRT,323.56,170.97,D
19.22443,97.5931,367,0.37,0.58,2026-04-15,722,N21,VIIRS,h,2.0NRT,301.22,7.59,D
19.22473,97.5959,348.23,0.37,0.58,2026-04-15,722,N21,VIIRS,n,2.0NRT,300.77,7.59,D
19.22535,78.34315,343.72,0.38,0.58,2026-04-15,722,N21,VIIRS,n,2.0NRT,313.58,4.07,D
19.2254,83.3548,335.73,0.54,0.42,2026-04-15,722,N21,VIIRS,n,2.0NRT,306.24,7.85,D
19.22618,93.61639,336.77,0.41,0.45,2026-04-15,722,N21,VIIRS,n,2.0NRT,302.09,3.19,D
19.22781,97.57393,336.81,0.37,0.58,2026-04-15,722,N21,VIIRS,n,2.0NRT,300.39,5.45,D
19.23157,81.24586,336.21,0.49,0.48,2026-04-15,722,N21,VIIRS,n,2.0NRT,304.93,17.94,D
19.23255,94.53356,330.44,0.47,0.48,2026-04-15,722,N21,VIIRS,l,2.0NRT,300.52,6.11,D
19.23354,80.12975,343.65,0.57,0.52,2026-04-15,722,N21,VIIRS,n,2.0NRT,312.76,10.05,D
19.23372,78.3308,367,0.38,0.58,2026-04-15,722,N21,VIIRS,h,2.0NRT,317.22,12.17,D
19.23427,81.18844,330.24,0.49,0.49,2026-04-15,722,N21,VIIRS,l,2.0NRT,304.42,3.78,D
19.23442,81.1894,330.89,0.49,0.49,2026-04-15,722,N21,VIIRS,l,2.0NRT,305.3,1.72,D
19.23459,80.13506,354.44,0.57,0.52,2026-04-15,722,N21,VIIRS,n,2.0NRT,313.13,10.05,D
19.23479,80.12772,346.74,0.57,0.52,2026-04-15,722,N21,VIIRS,n,2.0NRT,313.26,15.35,D
19.23485,79.35228,334.62,0.32,0.55,2026-04-15,722,N21,VIIRS,l,2.0NRT,308.15,2.83,D
19.23588,80.13301,347.12,0.57,0.52,2026-04-15,722,N21,VIIRS,n,2.0NRT,314.12,12.86,D
19.23592,81.24488,351.15,0.49,0.48,2026-04-15,722,N21,VIIRS,n,2.0NRT,317.79,17.94,D
19.23676,81.24927,342.11,0.49,0.48,2026-04-15,722,N21,VIIRS,n,2.0NRT,305.63,17.94,D
19.23763,81.13626,336.44,0.49,0.49,2026-04-15,722,N21,VIIRS,n,2.0NRT,307.85,3.35,D
19.23989,94.85413,340.5,0.49,0.49,2026-04-15,722,N21,VIIRS,n,2.0NRT,308.04,18.76,D
19.24017,81.26717,332.48,0.48,0.48,2026-04-15,722,N21,VIIRS,l,2.0NRT,305.52,5.12,D
19.24044,81.17368,334.63,0.49,0.49,2026-04-15,722,N21,VIIRS,n,2.0NRT,308.13,3.3,D
19.24067,81.05849,336.27,0.5,0.49,2026-04-15,722,N21,VIIRS,l,2.0NRT,311,4.71,D
19.24212,81.2058,336.18,0.49,0.49,2026-04-15,722,N21,VIIRS,n,2.0NRT,310.45,10.34,D
19.24239,81.20665,341.25,0.49,0.48,2026-04-15,722,N21,VIIRS,l,2.0NRT,311.47,17.24,D
19.24296,81.21021,367,0.49,0.48,2026-04-15,722,N21,VIIRS,h,2.0NRT,316.4,10.34,D
19.24326,81.21106,355.37,0.49,0.48,2026-04-15,722,N21,VIIRS,n,2.0NRT,313.9,17.24,D
19.24389,81.14482,338.71,0.49,0.49,2026-04-15,722,N21,VIIRS,n,2.0NRT,307.53,4.76,D
19.24666,81.18211,340.98,0.49,0.49,2026-04-15,722,N21,VIIRS,n,2.0NRT,307.26,8.86,D
19.24734,81.20931,340.67,0.49,0.48,2026-04-15,722,N21,VIIRS,n,2.0NRT,310.31,10.34,D
19.2476,81.18683,345.95,0.49,0.49,2026-04-15,722,N21,VIIRS,n,2.0NRT,310,12.82,D
19.24828,81.14392,349.95,0.49,0.49,2026-04-15,722,N21,VIIRS,n,2.0NRT,309.62,6.89,D
19.24844,84.06747,340.48,0.5,0.41,2026-04-15,722,N21,VIIRS,n,2.0NRT,308.52,3.97,D
19.2499,84.05412,334.22,0.5,0.41,2026-04-15,722,N21,VIIRS,n,2.0NRT,305.98,2.76,D
19.25008,80.62411,336.88,0.53,0.5,2026-04-15,722,N21,VIIRS,l,2.0NRT,307.76,3.56,D
19.25039,80.65366,341.81,0.53,0.5,2026-04-15,722,N21,VIIRS,n,2.0NRT,308.8,3.65,D
19.25048,79.53954,344.26,0.63,0.54,2026-04-15,722,N21,VIIRS,n,2.0NRT,314.61,15.49,D
19.25147,80.65467,336.84,0.53,0.5,2026-04-15,722,N21,VIIRS,n,2.0NRT,308.02,3.4,D
19.25188,80.51421,344.85,0.54,0.51,2026-04-15,722,N21,VIIRS,n,2.0NRT,310.72,7.69,D
19.25198,81.18596,353.94,0.49,0.49,2026-04-15,722,N21,VIIRS,n,2.0NRT,313.47,12.82,D
19.25214,84.06682,332.09,0.5,0.41,2026-04-15,722,N21,VIIRS,l,2.0NRT,306.48,3.97,D
19.25359,79.54196,344.68,0.63,0.54,2026-04-15,722,N21,VIIRS,n,2.0NRT,315.42,12.21,D
19.25458,96.44568,333.09,0.63,0.54,2026-04-15,722,N21,VIIRS,n,2.0NRT,301.58,4.2,D
19.2547,81.03617,345.83,0.5,0.49,2026-04-15,722,N21,VIIRS,n,2.0NRT,306.11,9.77,D
19.25562,81.04089,342.21,0.5,0.49,2026-04-15,722,N21,VIIRS,n,2.0NRT,305.76,8.06,D
19.25628,81.28045,334.1,0.48,0.48,2026-04-15,722,N21,VIIRS,n,2.0NRT,307.29,4.05,D
19.25654,81.04562,355.04,0.5,0.49,2026-04-15,722,N21,VIIRS,n,2.0NRT,306.54,8.06,D
19.25706,81.28111,335.99,0.48,0.48,2026-04-15,722,N21,VIIRS,n,2.0NRT,307.2,4.31,D
19.25747,81.05036,333.62,0.5,0.49,2026-04-15,722,N21,VIIRS,l,2.0NRT,305.22,12.15,D
19.26071,81.29964,331.51,0.48,0.48,2026-04-15,722,N21,VIIRS,n,2.0NRT,305.45,6.14,D
19.26098,81.04479,344.92,0.5,0.49,2026-04-15,722,N21,VIIRS,n,2.0NRT,307.14,8.06,D
19.26101,78.59225,345.22,0.36,0.57,2026-04-15,722,N21,VIIRS,n,2.0NRT,312.8,5.86,D
19.2621,78.59139,345.23,0.36,0.57,2026-04-15,722,N21,VIIRS,n,2.0NRT,312.14,5.43,D
19.26323,95.71291,342.1,0.56,0.51,2026-04-15,722,N21,VIIRS,n,2.0NRT,310.62,7.16,D
19.26424,81.29865,351.39,0.48,0.48,2026-04-15,722,N21,VIIRS,n,2.0NRT,307.32,9.76,D
19.26501,81.15931,337.33,0.49,0.49,2026-04-15,722,N21,VIIRS,n,2.0NRT,307.79,2.16,D
19.2652,81.29945,343.53,0.48,0.48,2026-04-15,722,N21,VIIRS,n,2.0NRT,307.03,6.14,D
19.26602,95.71367,340.96,0.56,0.51,2026-04-15,722,N21,VIIRS,n,2.0NRT,310.16,7.44,D
19.26721,81.30962,331.14,0.48,0.48,2026-04-15,722,N21,VIIRS,l,2.0NRT,305.11,3.31,D
19.26896,80.79885,334.42,0.52,0.5,2026-04-15,722,N21,VIIRS,l,2.0NRT,307.24,4.01,D
19.26903,80.10351,338.44,0.57,0.52,2026-04-15,722,N21,VIIRS,l,2.0NRT,310.42,5.56,D
19.26991,80.80377,331.91,0.52,0.5,2026-04-15,722,N21,VIIRS,l,2.0NRT,306.85,4.01,D
19.27017,81.25552,342.2,0.48,0.48,2026-04-15,722,N21,VIIRS,n,2.0NRT,309.36,7.51,D
19.27044,80.99871,346.06,0.5,0.49,2026-04-15,722,N21,VIIRS,n,2.0NRT,308.09,6.56,D
19.27065,81.04723,339.37,0.5,0.49,2026-04-15,722,N21,VIIRS,n,2.0NRT,306.72,6.47,D
19.27073,81.3045,333.98,0.48,0.48,2026-04-15,722,N21,VIIRS,l,2.0NRT,305.15,5.7,D
19.27118,80.97871,334.68,0.5,0.49,2026-04-15,722,N21,VIIRS,l,2.0NRT,308.1,5.79,D
19.27265,81.10473,342.17,0.5,0.49,2026-04-15,722,N21,VIIRS,n,2.0NRT,310.99,9.95,D
19.27277,83.24219,335.82,0.55,0.43,2026-04-15,722,N21,VIIRS,l,2.0NRT,309.13,12.67,D
19.27303,80.98824,341.32,0.5,0.49,2026-04-15,722,N21,VIIRS,n,2.0NRT,306.1,12.43,D
19.27356,81.10939,367,0.5,0.49,2026-04-15,722,N21,VIIRS,h,2.0NRT,312.93,9.95,D
19.27394,80.99293,348.52,0.5,0.49,2026-04-15,722,N21,VIIRS,n,2.0NRT,306.52,12.43,D
19.27465,78.59949,340.21,0.36,0.57,2026-04-15,722,N21,VIIRS,l,2.0NRT,312.33,5.11,D
19.27486,80.99768,353.11,0.5,0.49,2026-04-15,722,N21,VIIRS,n,2.0NRT,308.03,15.61,D
19.27524,81.0945,337.42,0.5,0.49,2026-04-15,722,N21,VIIRS,l,2.0NRT,308.74,3.2,D
19.27548,84.1771,333.26,0.49,0.4,2026-04-15,722,N21,VIIRS,n,2.0NRT,306.12,2.01,D
19.276,81.30831,335.18,0.48,0.48,2026-04-15,722,N21,VIIRS,l,2.0NRT,305.3,5.7,D
19.27646,80.98214,348.22,0.5,0.49,2026-04-15,722,N21,VIIRS,n,2.0NRT,310.57,5.79,D
19.27795,81.10844,342.84,0.5,0.49,2026-04-15,722,N21,VIIRS,n,2.0NRT,310.4,4.75,D
19.28067,80.8112,335.15,0.52,0.5,2026-04-15,722,N21,VIIRS,l,2.0NRT,308.84,5.39,D
19.28176,80.98569,334.37,0.5,0.49,2026-04-15,722,N21,VIIRS,l,2.0NRT,308.33,5.56,D
19.28288,80.81178,336.47,0.52,0.5,2026-04-15,722,N21,VIIRS,l,2.0NRT,308.5,7.41,D
19.28313,82.91824,334.18,0.38,0.43,2026-04-15,722,N21,VIIRS,l,2.0NRT,308.97,2.56,D
19.29012,74.04428,353.88,0.71,0.75,2026-04-15,722,N21,VIIRS,n,2.0NRT,316.25,22,D
19.29143,97.79205,333.14,0.39,0.59,2026-04-15,722,N21,VIIRS,n,2.0NRT,297.85,3.63,D
19.29268,81.46251,341.62,0.47,0.48,2026-04-15,722,N21,VIIRS,n,2.0NRT,309.08,4.4,D
19.29303,81.25642,337.2,0.48,0.48,2026-04-15,722,N21,VIIRS,l,2.0NRT,307.78,5,D
19.29389,81.26083,337.54,0.48,0.48,2026-04-15,722,N21,VIIRS,l,2.0NRT,308.44,7.1,D
19.29394,83.23982,334.8,0.55,0.43,2026-04-15,722,N21,VIIRS,n,2.0NRT,308.83,9.68,D
19.2944,97.24593,337.35,0.35,0.57,2026-04-15,722,N21,VIIRS,n,2.0NRT,304.78,3.77,D
19.29467,80.75333,348.4,0.52,0.5,2026-04-15,722,N21,VIIRS,n,2.0NRT,308.21,11.89,D
19.29494,81.46149,341.59,0.47,0.48,2026-04-15,722,N21,VIIRS,n,2.0NRT,308.51,5.64,D
19.2953,96.88252,334.84,0.34,0.56,2026-04-15,722,N21,VIIRS,n,2.0NRT,300.95,2.58,D
19.29681,83.24265,345.64,0.55,0.43,2026-04-15,722,N21,VIIRS,n,2.0NRT,308.79,10.36,D
19.29898,76.30157,348.43,0.51,0.66,2026-04-15,722,N21,VIIRS,n,2.0NRT,315.65,10.34,D
19.29898,81.33358,340.81,0.48,0.48,2026-04-15,722,N21,VIIRS,n,2.0NRT,307.91,6.12,D
19.30586,80.57079,340.35,0.54,0.5,2026-04-15,722,N21,VIIRS,n,2.0NRT,310.13,6.54,D
19.30602,81.30002,347.22,0.48,0.48,2026-04-15,722,N21,VIIRS,n,2.0NRT,309.44,6.8,D
19.30604,78.28684,344.45,0.38,0.58,2026-04-15,722,N21,VIIRS,n,2.0NRT,312.35,7.88,D
19.30645,80.74173,334.27,0.52,0.5,2026-04-15,722,N21,VIIRS,n,2.0NRT,305.15,4.29,D
19.30663,78.2849,341.1,0.38,0.59,2026-04-15,722,N21,VIIRS,l,2.0NRT,313.42,6.02,D
19.30735,78.28835,341.32,0.38,0.59,2026-04-15,722,N21,VIIRS,l,2.0NRT,312.53,7.9,D
19.30786,78.0365,367,0.39,0.59,2026-04-15,722,N21,VIIRS,h,2.0NRT,317.88,16.94,D
19.30987,77.88742,341.17,0.4,0.6,2026-04-15,722,N21,VIIRS,l,2.0NRT,313.05,6.52,D
19.31011,80.99512,337.24,0.5,0.49,2026-04-15,722,N21,VIIRS,l,2.0NRT,310.62,5.4,D
19.31038,81.2992,336.77,0.48,0.48,2026-04-15,722,N21,VIIRS,l,2.0NRT,307.3,6.8,D
19.31053,81.11124,345.5,0.49,0.49,2026-04-15,722,N21,VIIRS,n,2.0NRT,313.09,11.92,D
19.31105,80.99406,336.15,0.5,0.49,2026-04-15,722,N21,VIIRS,l,2.0NRT,311.08,5.02,D
19.31395,81.29429,334.08,0.48,0.48,2026-04-15,722,N21,VIIRS,l,2.0NRT,307.21,4.98,D
19.31408,81.10588,342.17,0.49,0.49,2026-04-15,722,N21,VIIRS,l,2.0NRT,314.06,5.45,D
19.31493,81.11033,344.81,0.49,0.49,2026-04-15,722,N21,VIIRS,n,2.0NRT,313.23,5.45,D
19.31785,83.23957,336.74,0.55,0.43,2026-04-15,722,N21,VIIRS,n,2.0NRT,308.09,6.09,D
19.31829,81.29337,335.16,0.48,0.48,2026-04-15,722,N21,VIIRS,l,2.0NRT,307.34,4.98,D
19.31891,80.99295,340.73,0.5,0.49,2026-04-15,722,N21,VIIRS,l,2.0NRT,312.59,7.65,D
19.32439,81.09008,344.71,0.5,0.49,2026-04-15,722,N21,VIIRS,n,2.0NRT,311.89,7.94,D
19.32465,81.08936,346.97,0.5,0.49,2026-04-15,722,N21,VIIRS,n,2.0NRT,312.13,6.58,D
19.32535,83.32393,345.59,0.54,0.42,2026-04-15,722,N21,VIIRS,n,2.0NRT,306.7,14.53,D
19.33043,97.5368,340.04,0.37,0.58,2026-04-15,722,N21,VIIRS,n,2.0NRT,298.36,5.47,D
19.33284,96.47343,340.86,0.63,0.54,2026-04-15,722,N21,VIIRS,n,2.0NRT,303.9,18.77,D
19.33419,80.90633,343.46,0.51,0.49,2026-04-15,722,N21,VIIRS,n,2.0NRT,312.84,11.99,D
19.33512,80.91104,343.55,0.51,0.49,2026-04-15,722,N21,VIIRS,n,2.0NRT,311.57,11.99,D
19.33561,94.4437,340.61,0.46,0.47,2026-04-15,722,N21,VIIRS,n,2.0NRT,300.8,6.37,D
19.33593,81.10207,331.05,0.49,0.49,2026-04-15,722,N21,VIIRS,l,2.0NRT,306.01,2.63,D
19.33608,81.10133,331.31,0.49,0.49,2026-04-15,722,N21,VIIRS,l,2.0NRT,306.26,2.77,D
19.3384,94.44672,334.49,0.46,0.47,2026-04-15,722,N21,VIIRS,n,2.0NRT,301.19,6.65,D
19.33945,73.64666,341.58,0.75,0.77,2026-04-15,722,N21,VIIRS,n,2.0NRT,311.78,7.15,D
19.33961,80.9103,343.99,0.51,0.49,2026-04-15,722,N21,VIIRS,n,2.0NRT,312.41,9.14,D
19.33974,80.38261,336.27,0.55,0.51,2026-04-15,722,N21,VIIRS,l,2.0NRT,311.18,2.16,D
19.34004,84.28708,336.88,0.48,0.4,2026-04-15,722,N21,VIIRS,n,2.0NRT,311.34,8.42,D
19.34054,80.91508,367,0.51,0.49,2026-04-15,722,N21,VIIRS,h,2.0NRT,314.07,22.54,D
19.34147,80.9198,351.31,0.51,0.49,2026-04-15,722,N21,VIIRS,n,2.0NRT,313.04,22.54,D
19.34238,80.92445,339.39,0.51,0.49,2026-04-15,722,N21,VIIRS,n,2.0NRT,308.2,14.96,D
19.34342,96.89866,332.79,0.34,0.56,2026-04-15,722,N21,VIIRS,n,2.0NRT,299.28,2.27,D
19.34688,80.92378,340.84,0.51,0.49,2026-04-15,722,N21,VIIRS,n,2.0NRT,310.43,14.96,D
19.34777,80.92834,346.54,0.51,0.49,2026-04-15,722,N21,VIIRS,n,2.0NRT,310.73,14.96,D
19.34871,80.93314,335.27,0.51,0.49,2026-04-15,722,N21,VIIRS,l,2.0NRT,307.31,3.48,D
19.34985,80.96256,348.15,0.5,0.49,2026-04-15,722,N21,VIIRS,n,2.0NRT,312.85,10.95,D
19.35462,80.08215,339.39,0.57,0.52,2026-04-15,722,N21,VIIRS,l,2.0NRT,311.78,7.32,D
19.36392,81.10481,367,0.49,0.49,2026-04-15,722,N21,VIIRS,h,2.0NRT,311.69,13.37,D
19.36419,81.22227,341.03,0.48,0.48,2026-04-15,722,N21,VIIRS,n,2.0NRT,306.84,6.26,D
19.36508,81.22681,340.47,0.48,0.48,2026-04-15,722,N21,VIIRS,n,2.0NRT,306.49,5.29,D
19.3677,80.93562,339.31,0.51,0.49,2026-04-15,722,N21,VIIRS,n,2.0NRT,308.77,4.98,D
19.36805,81.82744,338.79,0.44,0.46,2026-04-15,722,N21,VIIRS,n,2.0NRT,313.65,3.69,D
19.36834,81.10403,367,0.49,0.49,2026-04-15,722,N21,VIIRS,h,2.0NRT,315.54,27,D
19.36915,80.26368,337.1,0.56,0.51,2026-04-15,722,N21,VIIRS,l,2.0NRT,311.57,4,D
19.36958,80.9453,340.98,0.51,0.49,2026-04-15,722,N21,VIIRS,n,2.0NRT,308.62,9.61,D
19.3705,78.12145,343.67,0.39,0.59,2026-04-15,722,N21,VIIRS,n,2.0NRT,313.75,4.79,D
19.37311,80.91582,331.67,0.51,0.49,2026-04-15,722,N21,VIIRS,l,2.0NRT,305.65,5.5,D
19.37376,81.20162,336.27,0.49,0.48,2026-04-15,722,N21,VIIRS,l,2.0NRT,308.89,7.83,D
19.37395,80.94399,350.9,0.51,0.49,2026-04-15,722,N21,VIIRS,n,2.0NRT,310.37,10.55,D
19.374,80.92042,334.75,0.51,0.49,2026-04-15,722,N21,VIIRS,l,2.0NRT,308.84,6.95,D
19.3741,80.9923,334.8,0.5,0.49,2026-04-15,722,N21,VIIRS,l,2.0NRT,307.85,5.85,D
19.37487,80.94873,355.63,0.5,0.49,2026-04-15,722,N21,VIIRS,n,2.0NRT,310,17.09,D
19.37834,80.94281,339.56,0.51,0.49,2026-04-15,722,N21,VIIRS,n,2.0NRT,307.93,10.55,D
19.37846,80.91956,332.53,0.51,0.49,2026-04-15,722,N21,VIIRS,l,2.0NRT,306.01,2.58,D
19.38017,80.92836,351.12,0.51,0.49,2026-04-15,722,N21,VIIRS,n,2.0NRT,310.49,9.05,D
19.38103,80.93281,340.77,0.51,0.49,2026-04-15,722,N21,VIIRS,n,2.0NRT,307.81,9.05,D
19.38549,80.95592,333.56,0.5,0.49,2026-04-15,722,N21,VIIRS,n,2.0NRT,305.63,3.54,D
19.38644,80.96082,332.92,0.5,0.49,2026-04-15,722,N21,VIIRS,l,2.0NRT,306.17,3.54,D
19.39082,80.95959,331.99,0.5,0.49,2026-04-15,722,N21,VIIRS,l,2.0NRT,304.28,3.54,D
19.39111,81.39198,333.55,0.47,0.48,2026-04-15,722,N21,VIIRS,l,2.0NRT,307.5,4.62,D
19.39249,80.94434,349.3,0.5,0.49,2026-04-15,722,N21,VIIRS,n,2.0NRT,309.01,28.05,D
19.39385,81.16468,367,0.49,0.48,2026-04-15,722,N21,VIIRS,h,2.0NRT,315.1,28.86,D
19.39468,81.16896,341.53,0.49,0.48,2026-04-15,722,N21,VIIRS,n,2.0NRT,310.77,28.86,D
19.39608,80.93899,339.87,0.51,0.49,2026-04-15,722,N21,VIIRS,l,2.0NRT,311.03,136.79,D
19.39691,80.9433,332.98,0.5,0.49,2026-04-15,722,N21,VIIRS,l,2.0NRT,305.62,28.05,D
19.39738,81.15938,338.62,0.49,0.48,2026-04-15,722,N21,VIIRS,n,2.0NRT,307.93,3.96,D
19.39821,81.16368,339.77,0.49,0.48,2026-04-15,722,N21,VIIRS,n,2.0NRT,307.51,7.3,D
19.39904,93.91981,340.71,0.43,0.46,2026-04-15,722,N21,VIIRS,n,2.0NRT,300.34,12.25,D
19.40418,81.47195,339.46,0.47,0.47,2026-04-15,722,N21,VIIRS,l,2.0NRT,312.19,6.33,D
19.40421,83.67193,333.15,0.52,0.41,2026-04-15,722,N21,VIIRS,n,2.0NRT,303.98,3.19,D
19.40604,81.47135,342.04,0.47,0.48,2026-04-15,722,N21,VIIRS,n,2.0NRT,312.08,6.2,D
19.40737,82.84391,336.03,0.39,0.44,2026-04-15,722,N21,VIIRS,n,2.0NRT,308.79,4.2,D
19.41429,81.12897,334.5,0.49,0.49,2026-04-15,722,N21,VIIRS,l,2.0NRT,307.51,4.8,D
19.41813,80.96484,332.67,0.5,0.49,2026-04-15,722,N21,VIIRS,l,2.0NRT,306.71,6.53,D
19.41897,80.96214,335.66,0.5,0.49,2026-04-15,722,N21,VIIRS,l,2.0NRT,306.56,6.44,D
19.41984,83.26466,335.34,0.55,0.42,2026-04-15,722,N21,VIIRS,n,2.0NRT,304.94,3.14,D
19.42039,78.93861,344.32,0.34,0.56,2026-04-15,722,N21,VIIRS,n,2.0NRT,315.38,6.55,D
19.4212,81.1412,343.72,0.49,0.49,2026-04-15,722,N21,VIIRS,n,2.0NRT,311.6,8.14,D
19.42805,83.28782,336.44,0.54,0.42,2026-04-15,722,N21,VIIRS,l,2.0NRT,309.75,6.53,D
19.42986,81.18627,332.61,0.49,0.48,2026-04-15,722,N21,VIIRS,l,2.0NRT,307.05,3.9,D
19.43141,83.26262,331.55,0.55,0.42,2026-04-15,722,N21,VIIRS,l,2.0NRT,303.46,2.72,D
19.43159,96.62994,207.38,0.32,0.55,2026-04-15,722,N21,VIIRS,l,2.0NRT,304.05,97.42,D
19.43192,96.63304,367,0.32,0.55,2026-04-15,722,N21,VIIRS,l,2.0NRT,341.53,107.87,D
19.43227,96.63624,367,0.32,0.55,2026-04-15,722,N21,VIIRS,h,2.0NRT,303.93,107.87,D
19.43263,96.6396,330.19,0.32,0.55,2026-04-15,722,N21,VIIRS,n,2.0NRT,299.96,32.35,D
19.43568,81.00682,344.05,0.5,0.49,2026-04-15,722,N21,VIIRS,l,2.0NRT,314.11,36.06,D
19.43636,80.24593,343.72,0.56,0.51,2026-04-15,722,N21,VIIRS,n,2.0NRT,313.19,7.11,D
19.43657,82.3156,349.78,0.41,0.45,2026-04-15,722,N21,VIIRS,n,2.0NRT,308.24,12.54,D
19.43693,96.63241,336.83,0.32,0.55,2026-04-15,722,N21,VIIRS,n,2.0NRT,298.21,107.87,D
19.43732,96.63594,207.38,0.32,0.55,2026-04-15,722,N21,VIIRS,l,2.0NRT,323.87,107.87,D
19.4377,96.63944,367,0.32,0.55,2026-04-15,722,N21,VIIRS,h,2.0NRT,303.14,32.35,D
19.43807,96.64288,334.95,0.32,0.55,2026-04-15,722,N21,VIIRS,n,2.0NRT,297.63,32.35,D
19.44006,81.00573,345.83,0.5,0.49,2026-04-15,722,N21,VIIRS,n,2.0NRT,309.16,87.62,D
19.44121,81.0348,349.12,0.5,0.49,2026-04-15,722,N21,VIIRS,n,2.0NRT,309.86,9.33,D
19.44128,83.85735,331.58,0.51,0.41,2026-04-15,722,N21,VIIRS,l,2.0NRT,306.1,3.19,D
19.44198,96.63211,338.36,0.32,0.55,2026-04-15,722,N21,VIIRS,n,2.0NRT,299.24,27.83,D
19.44213,81.03947,338.91,0.5,0.49,2026-04-15,722,N21,VIIRS,n,2.0NRT,305.71,9.33,D
19.44219,83.8624,335.14,0.51,0.41,2026-04-15,722,N21,VIIRS,n,2.0NRT,307.5,5.51,D
19.44236,96.63559,367,0.32,0.55,2026-04-15,722,N21,VIIRS,h,2.0NRT,308.4,27.83,D
19.44273,96.63905,367,0.32,0.55,2026-04-15,722,N21,VIIRS,h,2.0NRT,306.11,51.62,D
19.44353,80.99999,337.42,0.5,0.49,2026-04-15,722,N21,VIIRS,n,2.0NRT,306.46,38.43,D
19.44536,81.00932,354.43,0.5,0.49,2026-04-15,722,N21,VIIRS,n,2.0NRT,307.21,87.62,D
19.44721,80.85424,343.33,0.51,0.49,2026-04-15,722,N21,VIIRS,n,2.0NRT,307.64,5.25,D
19.44791,80.99892,336.73,0.5,0.49,2026-04-15,722,N21,VIIRS,n,2.0NRT,307.12,13.41,D
19.44835,81.07098,350,0.49,0.49,2026-04-15,722,N21,VIIRS,n,2.0NRT,309.78,15.95,D
19.44884,81.00364,367,0.5,0.49,2026-04-15,722,N21,VIIRS,h,2.0NRT,336.65,103.14,D
19.44956,83.25301,347.34,0.55,0.42,2026-04-15,722,N21,VIIRS,n,2.0NRT,315.15,56.93,D
19.44976,81.0083,367,0.5,0.49,2026-04-15,722,N21,VIIRS,h,2.0NRT,310.39,103.14,D
19.45156,81.01743,342.84,0.5,0.49,2026-04-15,722,N21,VIIRS,n,2.0NRT,307.05,13.84,D
19.45167,81.18163,344.55,0.49,0.48,2026-04-15,722,N21,VIIRS,n,2.0NRT,308.17,6.43,D
19.45212,80.87928,331.53,0.51,0.49,2026-04-15,722,N21,VIIRS,l,2.0NRT,306.06,5.52,D
19.45235,81.18353,340.77,0.49,0.48,2026-04-15,722,N21,VIIRS,n,2.0NRT,307.95,4.11,D
19.45322,81.00253,346.31,0.5,0.49,2026-04-15,722,N21,VIIRS,n,2.0NRT,320.23,103.14,D
19.45415,81.00726,333.76,0.5,0.49,2026-04-15,722,N21,VIIRS,n,2.0NRT,306.75,103.14,D
19.45483,80.86944,353.43,0.51,0.49,2026-04-15,722,N21,VIIRS,n,2.0NRT,308.66,11.04,D
19.45604,81.18074,336.89,0.49,0.48,2026-04-15,722,N21,VIIRS,l,2.0NRT,309.57,10.43,D
19.4567,80.879,344.46,0.51,0.49,2026-04-15,722,N21,VIIRS,n,2.0NRT,306.51,5.52,D
19.45672,81.18266,341.43,0.49,0.48,2026-04-15,722,N21,VIIRS,n,2.0NRT,309.15,6.66,D
19.45686,81.02104,340.7,0.5,0.49,2026-04-15,722,N21,VIIRS,n,2.0NRT,307.39,6.44,D
19.45695,80.30083,342.84,0.55,0.51,2026-04-15,722,N21,VIIRS,n,2.0NRT,313.43,5.13,D
19.45853,81.00618,352.02,0.5,0.49,2026-04-15,722,N21,VIIRS,n,2.0NRT,310.48,13.47,D
19.45943,80.86921,333.66,0.51,0.49,2026-04-15,722,N21,VIIRS,l,2.0NRT,306.44,3.07,D
19.45943,81.01077,340.81,0.5,0.49,2026-04-15,722,N21,VIIRS,n,2.0NRT,310.29,10.65,D
19.46038,80.87408,349.87,0.51,0.49,2026-04-15,722,N21,VIIRS,n,2.0NRT,309.02,8.46,D
19.4605,81.22471,331.35,0.48,0.48,2026-04-15,722,N21,VIIRS,l,2.0NRT,306.12,3.11,D
19.46127,81.02012,354.21,0.5,0.49,2026-04-15,722,N21,VIIRS,n,2.0NRT,314.2,14.06,D
19.46222,81.02496,339.27,0.5,0.49,2026-04-15,722,N21,VIIRS,n,2.0NRT,306.61,14.06,D
19.46262,94.30994,339.99,0.46,0.47,2026-04-15,722,N21,VIIRS,n,2.0NRT,299.79,7.56,D
19.46348,82.6875,343.28,0.39,0.44,2026-04-15,722,N21,VIIRS,n,2.0NRT,313.1,7.85,D
19.46382,81.00971,341.64,0.5,0.49,2026-04-15,722,N21,VIIRS,n,2.0NRT,311.56,10.65,D
19.4649,81.03865,342.7,0.5,0.49,2026-04-15,722,N21,VIIRS,n,2.0NRT,308.77,6.8,D
19.46565,96.46808,334.58,0.63,0.54,2026-04-15,722,N21,VIIRS,n,2.0NRT,302.31,6.05,D
19.46568,81.0192,341.77,0.5,0.49,2026-04-15,722,N21,VIIRS,n,2.0NRT,309.66,14.06,D
19.46578,80.87803,334.77,0.51,0.49,2026-04-15,722,N21,VIIRS,l,2.0NRT,306.94,8.46,D
19.46665,80.88249,337.53,0.51,0.49,2026-04-15,722,N21,VIIRS,n,2.0NRT,307.25,3.56,D
19.46751,81.02857,334.71,0.5,0.49,2026-04-15,722,N21,VIIRS,l,2.0NRT,308.9,5.8,D
19.46835,83.79281,338.55,0.51,0.41,2026-04-15,722,N21,VIIRS,n,2.0NRT,305.89,5.39,D
19.4694,95.7422,334.91,0.57,0.52,2026-04-15,722,N21,VIIRS,n,2.0NRT,304.8,8.54,D
19.47074,95.73998,341.17,0.57,0.52,2026-04-15,722,N21,VIIRS,n,2.0NRT,304.64,7.28,D
19.47101,81.023,345.46,0.5,0.49,2026-04-15,722,N21,VIIRS,n,2.0NRT,312.49,15.67,D
19.47126,96.62119,335.77,0.32,0.55,2026-04-15,722,N21,VIIRS,n,2.0NRT,309.27,39.2,D
19.47135,96.61959,354.06,0.32,0.55,2026-04-15,722,N21,VIIRS,n,2.0NRT,301.62,26.38,D
19.47158,96.62411,367,0.32,0.55,2026-04-15,722,N21,VIIRS,h,2.0NRT,301.97,35.86,D
19.47166,96.62257,367,0.32,0.55,2026-04-15,722,N21,VIIRS,h,2.0NRT,313.09,24.42,D
19.47189,81.02747,348.11,0.5,0.49,2026-04-15,722,N21,VIIRS,n,2.0NRT,311.41,8.62,D
19.47197,96.62549,340.64,0.32,0.55,2026-04-15,722,N21,VIIRS,n,2.0NRT,299.83,24.42,D
19.47277,81.03199,341.28,0.5,0.49,2026-04-15,722,N21,VIIRS,n,2.0NRT,310.55,8.62,D
19.47353,95.73641,331.56,0.56,0.52,2026-04-15,722,N21,VIIRS,l,2.0NRT,303.04,4.03,D
19.47621,96.62004,343.83,0.32,0.55,2026-04-15,722,N21,VIIRS,n,2.0NRT,307.62,39.2,D
19.47632,96.61848,347.43,0.32,0.55,2026-04-15,722,N21,VIIRS,n,2.0NRT,301.04,16.66,D
19.47654,96.623,367,0.32,0.55,2026-04-15,722,N21,VIIRS,h,2.0NRT,317.33,35.86,D
19.47688,96.62603,367,0.32,0.55,2026-04-15,722,N21,VIIRS,h,2.0NRT,307.02,35.86,D
19.47694,96.62443,367,0.32,0.55,2026-04-15,722,N21,VIIRS,h,2.0NRT,307.99,77.2,D
19.47717,73.49583,337.32,0.76,0.77,2026-04-15,722,N21,VIIRS,l,2.0NRT,310.63,6.73,D
19.47721,96.62904,367,0.32,0.55,2026-04-15,722,N21,VIIRS,h,2.0NRT,306.93,19.87,D
19.47725,96.62746,367,0.32,0.55,2026-04-15,722,N21,VIIRS,h,2.0NRT,305.69,14.09,D
19.47756,96.6304,348.09,0.32,0.55,2026-04-15,722,N21,VIIRS,n,2.0NRT,300.36,14.09,D
19.47806,79.19473,340.2,0.33,0.55,2026-04-15,722,N21,VIIRS,n,2.0NRT,308.84,4.54,D
19.47814,80.45586,338.44,0.54,0.51,2026-04-15,722,N21,VIIRS,n,2.0NRT,310.82,6.86,D
19.47968,80.99682,347.82,0.5,0.49,2026-04-15,722,N21,VIIRS,n,2.0NRT,311.12,11.97,D
19.48058,81.00143,339.93,0.5,0.49,2026-04-15,722,N21,VIIRS,n,2.0NRT,312.57,11.97,D
19.48099,80.88479,348.27,0.51,0.49,2026-04-15,722,N21,VIIRS,n,2.0NRT,309.73,5.5,D
19.48148,81.00603,347.83,0.5,0.49,2026-04-15,722,N21,VIIRS,n,2.0NRT,317.1,21.57,D
19.48236,73.96779,367,0.71,0.75,2026-04-15,722,N21,VIIRS,h,2.0NRT,315.67,25.3,D
19.48237,81.01063,339.66,0.5,0.49,2026-04-15,722,N21,VIIRS,n,2.0NRT,311.15,21.57,D
19.48325,81.01516,342.74,0.5,0.49,2026-04-15,722,N21,VIIRS,l,2.0NRT,314.19,21.22,D
19.48454,80.87925,337.19,0.51,0.49,2026-04-15,722,N21,VIIRS,l,2.0NRT,309.43,5.5,D
19.48507,81.00091,345.11,0.5,0.49,2026-04-15,722,N21,VIIRS,n,2.0NRT,310.96,16.1,D
19.48543,80.88383,332.51,0.51,0.49,2026-04-15,722,N21,VIIRS,l,2.0NRT,307.45,5.5,D
19.48596,81.00546,367,0.5,0.49,2026-04-15,722,N21,VIIRS,h,2.0NRT,316.49,27.64,D
19.48717,84.35464,335.39,0.48,0.4,2026-04-15,722,N21,VIIRS,n,2.0NRT,308.53,4.52,D
19.49195,83.16989,333.84,0.55,0.43,2026-04-15,722,N21,VIIRS,l,2.0NRT,307.12,16.26,D
19.49383,83.1665,343.79,0.55,0.43,2026-04-15,722,N21,VIIRS,n,2.0NRT,309.42,14.62,D
19.49391,80.9991,340.15,0.5,0.49,2026-04-15,722,N21,VIIRS,n,2.0NRT,306.89,8.21,D
19.50139,83.66938,346.34,0.52,0.41,2026-04-15,722,N21,VIIRS,n,2.0NRT,309.07,37.67,D
19.50175,80.88092,340.58,0.51,0.49,2026-04-15,722,N21,VIIRS,l,2.0NRT,313.48,8.77,D
19.5031,80.87946,345.94,0.51,0.49,2026-04-15,722,N21,VIIRS,n,2.0NRT,312.63,9.74,D
19.5038,84.45159,330.25,0.47,0.4,2026-04-15,722,N21,VIIRS,n,2.0NRT,302.38,2.47,D
19.50537,84.45219,332.24,0.47,0.4,2026-04-15,722,N21,VIIRS,n,2.0NRT,302.7,2.17,D
19.50771,83.61806,330.88,0.52,0.42,2026-04-15,722,N21,VIIRS,l,2.0NRT,304.96,2.48,D
19.50887,81.05277,337.59,0.49,0.49,2026-04-15,722,N21,VIIRS,n,2.0NRT,308.68,3.81,D
19.50921,81.28874,334.93,0.48,0.48,2026-04-15,722,N21,VIIRS,l,2.0NRT,305.25,5.66,D
19.5095,83.11315,334.32,0.56,0.43,2026-04-15,722,N21,VIIRS,l,2.0NRT,306.86,5.99,D
19.5107,83.41631,338.89,0.53,0.42,2026-04-15,722,N21,VIIRS,n,2.0NRT,307.89,8.71,D
19.51095,80.76375,339.64,0.52,0.5,2026-04-15,722,N21,VIIRS,n,2.0NRT,307.39,2.22,D
19.51159,81.09052,332.84,0.49,0.49,2026-04-15,722,N21,VIIRS,l,2.0NRT,306.77,3.81,D
19.51261,96.57778,345.71,0.32,0.55,2026-04-15,722,N21,VIIRS,n,2.0NRT,302.46,5.37,D
19.51376,81.99242,340.42,0.43,0.46,2026-04-15,722,N21,VIIRS,n,2.0NRT,310.99,2.31,D
19.51451,83.41558,347.17,0.53,0.42,2026-04-15,722,N21,VIIRS,n,2.0NRT,309.47,23.15,D
19.51501,80.85444,344.7,0.51,0.49,2026-04-15,722,N21,VIIRS,n,2.0NRT,308.17,8.73,D
19.51595,83.75018,338.55,0.51,0.41,2026-04-15,722,N21,VIIRS,n,2.0NRT,308.14,4.61,D
19.51682,81.094,335.71,0.49,0.49,2026-04-15,722,N21,VIIRS,l,2.0NRT,307,6.12,D
19.51805,79.25931,367,0.32,0.55,2026-04-15,722,N21,VIIRS,h,2.0NRT,307.97,7.64,D
19.5186,81.07956,341.31,0.49,0.49,2026-04-15,722,N21,VIIRS,n,2.0NRT,309.55,9.01,D
19.51861,79.26202,337.26,0.32,0.55,2026-04-15,722,N21,VIIRS,n,2.0NRT,310.16,5.59,D
19.51911,78.26001,367,0.37,0.58,2026-04-15,722,N21,VIIRS,h,2.0NRT,320.36,12.66,D
19.51948,81.08412,335.72,0.49,0.49,2026-04-15,722,N21,VIIRS,l,2.0NRT,306.78,5.57,D
19.51982,78.25969,367,0.37,0.58,2026-04-15,722,N21,VIIRS,h,2.0NRT,320.93,12.39,D
19.52302,81.10247,335.23,0.49,0.49,2026-04-15,722,N21,VIIRS,l,2.0NRT,308.95,3.62,D
19.52415,79.64567,342.19,0.61,0.53,2026-04-15,722,N21,VIIRS,n,2.0NRT,311.33,6.42,D
19.52489,80.85745,343.71,0.51,0.49,2026-04-15,722,N21,VIIRS,n,2.0NRT,307.84,9.56,D
19.5252,80.76508,336.68,0.51,0.5,2026-04-15,722,N21,VIIRS,l,2.0NRT,307.45,4.78,D
19.52581,80.86211,332.59,0.51,0.49,2026-04-15,722,N21,VIIRS,l,2.0NRT,306.69,5.88,D
19.52582,83.11465,343.14,0.56,0.43,2026-04-15,722,N21,VIIRS,n,2.0NRT,307.25,6.77,D
19.52734,73.25701,367,0.79,0.78,2026-04-15,722,N21,VIIRS,h,2.0NRT,310.68,18.02,D
19.52913,84.43906,332.08,0.47,0.4,2026-04-15,722,N21,VIIRS,l,2.0NRT,302.26,4.26,D
19.53081,78.69914,342.64,0.35,0.57,2026-04-15,722,N21,VIIRS,l,2.0NRT,316.03,5.21,D
19.53727,80.49054,347.19,0.54,0.51,2026-04-15,722,N21,VIIRS,n,2.0NRT,310.47,8.23,D
19.53775,80.49232,342.51,0.54,0.5,2026-04-15,722,N21,VIIRS,n,2.0NRT,309.92,4.97,D
19.53803,80.78286,334.45,0.51,0.5,2026-04-15,722,N21,VIIRS,l,2.0NRT,307.36,7.04,D
19.53898,80.78769,334.28,0.51,0.5,2026-04-15,722,N21,VIIRS,l,2.0NRT,307.93,6.58,D
19.53977,81.07089,343.08,0.49,0.49,2026-04-15,722,N21,VIIRS,n,2.0NRT,310.95,8.68,D
19.53979,81.07175,345.34,0.49,0.49,2026-04-15,722,N21,VIIRS,n,2.0NRT,310.82,7.02,D
19.54251,80.78193,332.82,0.51,0.5,2026-04-15,722,N21,VIIRS,l,2.0NRT,306.88,3.76,D
19.54401,80.95419,342.08,0.5,0.49,2026-04-15,722,N21,VIIRS,n,2.0NRT,311.02,9.68,D
19.54489,80.01326,345.55,0.57,0.52,2026-04-15,722,N21,VIIRS,n,2.0NRT,311.78,5.34,D
19.54495,80.95895,341.91,0.5,0.49,2026-04-15,722,N21,VIIRS,n,2.0NRT,309.78,9.68,D
19.54551,81.21957,336.22,0.48,0.48,2026-04-15,722,N21,VIIRS,l,2.0NRT,308.27,7.52,D
19.54564,79.2681,337.07,0.32,0.55,2026-04-15,722,N21,VIIRS,l,2.0NRT,309.19,5.04,D
19.546,80.01864,341.58,0.57,0.52,2026-04-15,722,N21,VIIRS,n,2.0NRT,310.42,8.4,D
19.54835,80.01463,341.39,0.58,0.52,2026-04-15,722,N21,VIIRS,n,2.0NRT,311.15,4.51,D
19.54941,80.02,342.47,0.57,0.52,2026-04-15,722,N21,VIIRS,n,2.0NRT,310.51,4.51,D
19.55443,80.88989,341.24,0.51,0.49,2026-04-15,722,N21,VIIRS,n,2.0NRT,307.99,4.02,D
19.55541,80.94189,344.15,0.5,0.49,2026-04-15,722,N21,VIIRS,n,2.0NRT,308.4,5.48,D
19.55638,80.94685,338.71,0.5,0.49,2026-04-15,722,N21,VIIRS,l,2.0NRT,308.98,5.48,D
19.55795,84.412,330.15,0.47,0.4,2026-04-15,722,N21,VIIRS,l,2.0NRT,301.24,1.11,D
19.558,80.93162,331.38,0.5,0.49,2026-04-15,722,N21,VIIRS,l,2.0NRT,306.09,7.54,D
19.55884,80.88881,331.59,0.51,0.49,2026-04-15,722,N21,VIIRS,l,2.0NRT,306.47,4.02,D
19.55903,81.05352,338.37,0.49,0.49,2026-04-15,722,N21,VIIRS,l,2.0NRT,309.77,3.02,D
19.5614,80.87831,367,0.51,0.49,2026-04-15,722,N21,VIIRS,h,2.0NRT,338.28,117.82,D
19.56232,80.88298,344.79,0.51,0.49,2026-04-15,722,N21,VIIRS,n,2.0NRT,311.42,65.74,D
19.56302,83.77587,340.64,0.51,0.41,2026-04-15,722,N21,VIIRS,n,2.0NRT,307.54,6.92,D
19.56392,81.22131,333.32,0.48,0.48,2026-04-15,722,N21,VIIRS,n,2.0NRT,306.63,1.77,D
19.56451,83.10699,333.5,0.56,0.43,2026-04-15,722,N21,VIIRS,l,2.0NRT,308.35,6.34,D
19.56494,80.87273,334.97,0.51,0.49,2026-04-15,722,N21,VIIRS,n,2.0NRT,309.23,117.82,D
19.56541,83.11198,339.45,0.56,0.43,2026-04-15,722,N21,VIIRS,n,2.0NRT,309.03,6.34,D
19.56583,80.8773,367,0.51,0.49,2026-04-15,722,N21,VIIRS,h,2.0NRT,329.4,117.82,D
19.56673,80.88191,346.63,0.51,0.49,2026-04-15,722,N21,VIIRS,n,2.0NRT,308.77,65.74,D
19.56772,83.05804,334.92,0.56,0.43,2026-04-15,722,N21,VIIRS,n,2.0NRT,308.42,5.69,D
19.56911,78.31388,345.76,0.37,0.58,2026-04-15,722,N21,VIIRS,n,2.0NRT,312.01,8.51,D
19.57056,78.32069,355.38,0.37,0.58,2026-04-15,722,N21,VIIRS,n,2.0NRT,313.06,6.48,D
19.57129,78.32411,338.59,0.37,0.58,2026-04-15,722,N21,VIIRS,l,2.0NRT,312.24,6.48,D
19.57203,78.32757,341.37,0.37,0.58,2026-04-15,722,N21,VIIRS,l,2.0NRT,313.02,12.4,D
19.57298,80.91393,336.45,0.5,0.49,2026-04-15,722,N21,VIIRS,n,2.0NRT,304.31,3.88,D
19.57318,96.52345,344.43,0.32,0.55,2026-04-15,722,N21,VIIRS,n,2.0NRT,302.03,4.16,D
19.57369,83.15786,346.35,0.55,0.43,2026-04-15,722,N21,VIIRS,n,2.0NRT,312.46,30.01,D
19.57425,78.31233,349.37,0.37,0.58,2026-04-15,722,N21,VIIRS,n,2.0NRT,312.02,10.22,D
19.57458,79.53069,344.27,0.62,0.54,2026-04-15,722,N21,VIIRS,n,2.0NRT,311.66,7.05,D
19.57466,80.87516,334.02,0.51,0.49,2026-04-15,722,N21,VIIRS,l,2.0NRT,307.49,125.98,D
19.57582,79.52719,343.49,0.62,0.54,2026-04-15,722,N21,VIIRS,n,2.0NRT,311.2,7.92,D
19.57692,83.10912,338.64,0.56,0.43,2026-04-15,722,N21,VIIRS,n,2.0NRT,309.78,7.05,D
19.57699,79.53305,341.12,0.62,0.54,2026-04-15,722,N21,VIIRS,n,2.0NRT,310.27,7.92,D
19.57755,83.15712,343.22,0.55,0.43,2026-04-15,722,N21,VIIRS,n,2.0NRT,307.29,8.59,D
19.57789,78.30367,367,0.37,0.58,2026-04-15,722,N21,VIIRS,h,2.0NRT,314.73,13.69,D
19.57816,79.53889,339.76,0.62,0.54,2026-04-15,722,N21,VIIRS,n,2.0NRT,309.68,6.64,D
19.57943,79.52966,336.71,0.62,0.54,2026-04-15,722,N21,VIIRS,l,2.0NRT,309.26,7.57,D
19.58428,79.52866,335.98,0.62,0.54,2026-04-15,722,N21,VIIRS,l,2.0NRT,309.55,7.57,D
19.58452,84.15495,335.41,0.49,0.4,2026-04-15,722,N21,VIIRS,l,2.0NRT,306.9,7.11,D
19.58497,81.2084,341.6,0.48,0.48,2026-04-15,722,N21,VIIRS,n,2.0NRT,308.36,6.79,D
19.58529,82.95304,336.65,0.57,0.43,2026-04-15,722,N21,VIIRS,l,2.0NRT,307.54,2.45,D
19.58548,79.53448,350.64,0.62,0.54,2026-04-15,722,N21,VIIRS,n,2.0NRT,310.02,7.57,D
19.58667,79.54021,334.62,0.62,0.54,2026-04-15,722,N21,VIIRS,l,2.0NRT,309.51,6.2,D
19.58876,81.91007,336.16,0.44,0.46,2026-04-15,722,N21,VIIRS,n,2.0NRT,310.43,2.28,D
19.59073,80.93407,341.49,0.5,0.49,2026-04-15,722,N21,VIIRS,n,2.0NRT,307.51,7.39,D
19.59164,80.8912,334.49,0.5,0.49,2026-04-15,722,N21,VIIRS,l,2.0NRT,308.74,7.72,D
19.59426,80.80898,333.44,0.51,0.49,2026-04-15,722,N21,VIIRS,l,2.0NRT,307.79,8.29,D
19.59514,80.93306,333.41,0.5,0.49,2026-04-15,722,N21,VIIRS,l,2.0NRT,307.64,7.39,D
19.59681,80.87018,334.17,0.51,0.49,2026-04-15,722,N21,VIIRS,l,2.0NRT,306.76,2.81,D
19.59697,80.80981,341.65,0.51,0.49,2026-04-15,722,N21,VIIRS,n,2.0NRT,307.18,11.19,D
19.59832,81.02045,347.16,0.49,0.49,2026-04-15,722,N21,VIIRS,n,2.0NRT,311.53,11.76,D
19.59876,80.80821,347.53,0.51,0.49,2026-04-15,722,N21,VIIRS,n,2.0NRT,308.25,8.29,D
19.59965,80.79995,333.91,0.51,0.49,2026-04-15,722,N21,VIIRS,l,2.0NRT,306.04,4.1,D
19.60052,80.80432,340.65,0.51,0.49,2026-04-15,722,N21,VIIRS,n,2.0NRT,306.39,9.17,D
19.60142,80.71544,333.49,0.52,0.5,2026-04-15,722,N21,VIIRS,l,2.0NRT,307.17,3.37,D
19.60258,80.94774,333.42,0.5,0.49,2026-04-15,722,N21,VIIRS,l,2.0NRT,305.57,6.74,D
19.60308,80.92652,305.62,0.5,0.49,2026-04-15,722,N21,VIIRS,l,2.0NRT,312.82,85.77,D
19.60407,80.93163,342.29,0.5,0.49,2026-04-15,722,N21,VIIRS,n,2.0NRT,307.65,68.58,D
19.60758,80.92597,347.92,0.5,0.49,2026-04-15,722,N21,VIIRS,n,2.0NRT,308.39,22.13,D
19.61308,80.93063,338.81,0.5,0.49,2026-04-15,722,N21,VIIRS,n,2.0NRT,308.81,13.45,D
19.6142,80.73276,353.37,0.52,0.5,2026-04-15,722,N21,VIIRS,n,2.0NRT,307.23,10.92,D
19.61513,80.73741,344.55,0.51,0.5,2026-04-15,722,N21,VIIRS,n,2.0NRT,306.96,10.92,D
19.61569,80.66956,336.24,0.52,0.5,2026-04-15,722,N21,VIIRS,l,2.0NRT,310.02,5.07,D
19.61586,80.96891,352.75,0.5,0.49,2026-04-15,722,N21,VIIRS,n,2.0NRT,307.14,12.33,D
19.62021,81.01529,342.43,0.49,0.49,2026-04-15,722,N21,VIIRS,n,2.0NRT,311.11,12.84,D
19.62118,80.67361,340.63,0.52,0.5,2026-04-15,722,N21,VIIRS,n,2.0NRT,310.2,6.37,D
19.62243,84.34815,333.21,0.48,0.4,2026-04-15,722,N21,VIIRS,n,2.0NRT,301.91,4.41,D
19.62808,96.65964,341.51,0.33,0.55,2026-04-15,722,N21,VIIRS,n,2.0NRT,300.96,3.81,D
19.62846,96.66327,338.85,0.33,0.55,2026-04-15,722,N21,VIIRS,n,2.0NRT,300.69,3.81,D
19.63189,80.65663,344.84,0.52,0.5,2026-04-15,722,N21,VIIRS,n,2.0NRT,310.66,12.04,D
19.63319,78.81678,345.45,0.34,0.56,2026-04-15,722,N21,VIIRS,n,2.0NRT,315.32,5.67,D
19.63476,80.7187,341.28,0.52,0.5,2026-04-15,722,N21,VIIRS,n,2.0NRT,307.9,9.63,D
19.6351,78.81693,367,0.34,0.56,2026-04-15,722,N21,VIIRS,h,2.0NRT,317.17,11.22,D
19.63523,80.62589,333.52,0.52,0.5,2026-04-15,722,N21,VIIRS,l,2.0NRT,308.45,8.02,D
19.63826,78.81573,350.03,0.34,0.56,2026-04-15,722,N21,VIIRS,n,2.0NRT,315.98,6.19,D
19.64196,83.19523,334.07,0.55,0.42,2026-04-15,722,N21,VIIRS,l,2.0NRT,307.33,4.52,D
19.64428,81.60249,347.14,0.45,0.47,2026-04-15,722,N21,VIIRS,n,2.0NRT,309.1,7.18,D
19.64472,82.99075,338.07,0.56,0.43,2026-04-15,722,N21,VIIRS,n,2.0NRT,309.44,6.96,D
19.64482,81.60216,347.36,0.45,0.47,2026-04-15,722,N21,VIIRS,n,2.0NRT,309.34,5.5,D
19.64898,80.90829,343.4,0.5,0.49,2026-04-15,722,N21,VIIRS,n,2.0NRT,311.18,15.88,D
19.64927,96.6669,333.66,0.33,0.55,2026-04-15,722,N21,VIIRS,n,2.0NRT,303.23,4.37,D
19.65086,80.91781,335.8,0.5,0.49,2026-04-15,722,N21,VIIRS,l,2.0NRT,308.13,7.36,D
19.6515,82.91676,342.79,0.57,0.43,2026-04-15,722,N21,VIIRS,n,2.0NRT,310.75,20.45,D
19.65431,83.39237,330.13,0.53,0.42,2026-04-15,722,N21,VIIRS,l,2.0NRT,304.87,2.49,D
19.65482,83.3904,332.14,0.53,0.42,2026-04-15,722,N21,VIIRS,l,2.0NRT,304.38,2.69,D
19.65817,83.39193,350,0.53,0.42,2026-04-15,722,N21,VIIRS,n,2.0NRT,307.61,8.12,D
19.66204,83.39155,338.47,0.53,0.42,2026-04-15,722,N21,VIIRS,n,2.0NRT,304.49,8.12,D
19.66299,81.11961,345.05,0.49,0.48,2026-04-15,722,N21,VIIRS,n,2.0NRT,310.1,7.87,D
19.66346,81.12044,341.03,0.49,0.48,2026-04-15,722,N21,VIIRS,n,2.0NRT,308.83,7.02,D
19.66357,83.85561,340.74,0.5,0.41,2026-04-15,722,N21,VIIRS,n,2.0NRT,307.73,14.31,D
19.6637,78.37186,345.37,0.37,0.58,2026-04-15,722,N21,VIIRS,l,2.0NRT,318.27,10.55,D
19.66569,83.9959,343.97,0.5,0.41,2026-04-15,722,N21,VIIRS,n,2.0NRT,306.56,12.29,D
19.67029,93.95898,333.6,0.44,0.46,2026-04-15,722,N21,VIIRS,n,2.0NRT,300.43,5.36,D
19.67062,80.85402,348.16,0.51,0.49,2026-04-15,722,N21,VIIRS,n,2.0NRT,310.62,12.03,D
19.67393,80.89449,340.26,0.5,0.49,2026-04-15,722,N21,VIIRS,n,2.0NRT,311.83,10.09,D
19.67506,80.85307,333.88,0.51,0.49,2026-04-15,722,N21,VIIRS,n,2.0NRT,308.64,29.07,D
19.67551,95.02193,344.56,0.51,0.49,2026-04-15,722,N21,VIIRS,n,2.0NRT,310.09,6.56,D
19.67622,81.16538,333.27,0.48,0.48,2026-04-15,722,N21,VIIRS,l,2.0NRT,306.16,6.04,D
19.67924,80.89806,332.87,0.5,0.49,2026-04-15,722,N21,VIIRS,l,2.0NRT,306.19,5.34,D
19.67951,80.85217,367,0.51,0.49,2026-04-15,722,N21,VIIRS,h,2.0NRT,311.2,29.07,D
19.68042,80.85686,367,0.5,0.49,2026-04-15,722,N21,VIIRS,h,2.0NRT,309.81,23.67,D
19.68406,83.20792,346.8,0.55,0.42,2026-04-15,722,N21,VIIRS,n,2.0NRT,315.17,12.34,D
19.68489,80.85609,340.22,0.5,0.49,2026-04-15,722,N21,VIIRS,n,2.0NRT,304.05,6.09,D
19.68791,83.20721,341.25,0.55,0.42,2026-04-15,722,N21,VIIRS,n,2.0NRT,310.36,7.46,D
19.68934,83.67489,338.26,0.51,0.41,2026-04-15,722,N21,VIIRS,n,2.0NRT,304.56,2.84,D
19.69179,80.98595,334.21,0.5,0.49,2026-04-15,722,N21,VIIRS,n,2.0NRT,308.59,3.82,D
19.69618,80.98498,335.07,0.5,0.49,2026-04-15,722,N21,VIIRS,n,2.0NRT,308.35,3.82,D
19.70062,77.95905,341.83,0.39,0.59,2026-04-15,722,N21,VIIRS,l,2.0NRT,316.16,4.46,D
19.70173,80.66882,334.73,0.52,0.5,2026-04-15,722,N21,VIIRS,l,2.0NRT,309.32,3.6,D
19.70298,78.12363,346.82,0.38,0.59,2026-04-15,722,N21,VIIRS,l,2.0NRT,318.46,13.3,D
19.70449,94.85401,336.16,0.5,0.49,2026-04-15,722,N21,VIIRS,l,2.0NRT,310.09,5.34,D
19.70761,94.98285,341,0.51,0.49,2026-04-15,722,N21,VIIRS,n,2.0NRT,311.13,7.97,D
19.70832,80.92931,336.75,0.5,0.49,2026-04-15,722,N21,VIIRS,n,2.0NRT,305.54,4.5,D
19.71317,83.94158,334.29,0.5,0.41,2026-04-15,722,N21,VIIRS,l,2.0NRT,306.36,6.8,D
19.71359,80.88512,332.02,0.5,0.49,2026-04-15,722,N21,VIIRS,l,2.0NRT,306.49,6.47,D
19.71588,81.06278,331.93,0.49,0.49,2026-04-15,722,N21,VIIRS,l,2.0NRT,306.13,1.76,D
19.72156,78.05592,342.96,0.38,0.59,2026-04-15,722,N21,VIIRS,l,2.0NRT,315.72,8.97,D
19.72618,81.46149,345.86,0.46,0.47,2026-04-15,722,N21,VIIRS,n,2.0NRT,309.4,6.23,D
19.7276,81.46068,344.89,0.46,0.47,2026-04-15,722,N21,VIIRS,n,2.0NRT,310.14,7.54,D
19.7282,81.48738,335.5,0.46,0.47,2026-04-15,722,N21,VIIRS,l,2.0NRT,308.3,5.35,D
19.72843,78.54847,353.14,0.36,0.57,2026-04-15,722,N21,VIIRS,n,2.0NRT,320.26,12.43,D
19.73086,95.67819,334.34,0.56,0.52,2026-04-15,722,N21,VIIRS,l,2.0NRT,306.14,4.23,D
19.73185,78.22917,344.56,0.37,0.58,2026-04-15,722,N21,VIIRS,n,2.0NRT,313.34,3.21,D
19.73668,83.92343,335.8,0.5,0.41,2026-04-15,722,N21,VIIRS,l,2.0NRT,310.58,8.18,D
19.73896,80.83244,340.74,0.51,0.49,2026-04-15,722,N21,VIIRS,l,2.0NRT,310.76,7.51,D
19.74085,80.84197,339.1,0.5,0.49,2026-04-15,722,N21,VIIRS,l,2.0NRT,309.53,8.19,D
19.74103,96.62059,355.4,0.33,0.55,2026-04-15,722,N21,VIIRS,n,2.0NRT,303.91,6.73,D
19.74138,96.62389,343.52,0.33,0.55,2026-04-15,722,N21,VIIRS,n,2.0NRT,301.15,7.33,D
19.7421,80.87155,336.51,0.5,0.49,2026-04-15,722,N21,VIIRS,l,2.0NRT,308.72,6.44,D
19.7438,81.55147,335.7,0.45,0.47,2026-04-15,722,N21,VIIRS,n,2.0NRT,306.26,4.62,D
19.7457,96.61662,349.7,0.33,0.55,2026-04-15,722,N21,VIIRS,n,2.0NRT,302.88,6.73,D
19.74675,80.895,335.68,0.5,0.49,2026-04-15,722,N21,VIIRS,l,2.0NRT,308.98,5.95,D
19.74771,80.8998,343.46,0.5,0.49,2026-04-15,722,N21,VIIRS,n,2.0NRT,310.12,5.95,D
19.74864,80.90452,344.94,0.5,0.49,2026-04-15,722,N21,VIIRS,n,2.0NRT,310.65,11.06,D
19.75213,83.86789,332.95,0.5,0.41,2026-04-15,722,N21,VIIRS,l,2.0NRT,307.4,3.68,D
19.75323,80.83444,341.17,0.5,0.49,2026-04-15,722,N21,VIIRS,l,2.0NRT,311.44,8.18,D
19.75417,80.83918,343.76,0.5,0.49,2026-04-15,722,N21,VIIRS,l,2.0NRT,314.48,8.18,D
19.75493,80.91303,335.6,0.5,0.49,2026-04-15,722,N21,VIIRS,l,2.0NRT,308.2,5.46,D
19.75543,80.10323,340.93,0.56,0.52,2026-04-15,722,N21,VIIRS,n,2.0NRT,311.92,2.58,D
19.75836,80.90713,334.7,0.5,0.49,2026-04-15,722,N21,VIIRS,l,2.0NRT,309.63,4.3,D
19.76073,80.87245,338.81,0.5,0.49,2026-04-15,722,N21,VIIRS,l,2.0NRT,313.56,6.42,D
19.76477,80.93958,335.83,0.5,0.49,2026-04-15,722,N21,VIIRS,l,2.0NRT,308.97,8.78,D
19.76847,94.09522,339.76,0.45,0.47,2026-04-15,722,N21,VIIRS,n,2.0NRT,295.09,6.18,D
19.76909,81.05408,344.72,0.49,0.48,2026-04-15,722,N21,VIIRS,n,2.0NRT,308.19,8.94,D
19.77051,81.01508,337.61,0.49,0.49,2026-04-15,722,N21,VIIRS,n,2.0NRT,307.29,9.32,D
19.77493,81.01433,353.95,0.49,0.49,2026-04-15,722,N21,VIIRS,n,2.0NRT,310.88,9.32,D
19.77529,81.06236,341.72,0.49,0.48,2026-04-15,722,N21,VIIRS,n,2.0NRT,309.27,4.9,D
19.7757,80.99503,338.49,0.49,0.49,2026-04-15,722,N21,VIIRS,n,2.0NRT,307.49,4.94,D
19.77665,80.99986,340.53,0.49,0.49,2026-04-15,722,N21,VIIRS,n,2.0NRT,307.53,4.94,D
19.77712,83.27037,341.59,0.54,0.42,2026-04-15,722,N21,VIIRS,n,2.0NRT,306.53,7.56,D
19.77848,81.00915,337.68,0.49,0.49,2026-04-15,722,N21,VIIRS,n,2.0NRT,307.64,4.11,D
19.78018,83.26538,334.1,0.54,0.42,2026-04-15,722,N21,VIIRS,l,2.0NRT,305.85,7.41,D
19.78097,83.26976,344.18,0.54,0.42,2026-04-15,722,N21,VIIRS,n,2.0NRT,305.44,7.56,D
19.78122,82.38335,337.15,0.4,0.45,2026-04-15,722,N21,VIIRS,n,2.0NRT,308.64,2.59,D
19.7818,83.27437,336.19,0.54,0.42,2026-04-15,722,N21,VIIRS,l,2.0NRT,306.36,7.56,D
19.78582,76.42442,343.86,0.49,0.65,2026-04-15,722,N21,VIIRS,l,2.0NRT,318.6,11.02,D
19.78632,82.09452,343.45,0.42,0.45,2026-04-15,722,N21,VIIRS,n,2.0NRT,317.17,6.53,D
19.78706,82.09843,342.62,0.42,0.45,2026-04-15,722,N21,VIIRS,n,2.0NRT,315.36,6.53,D
19.78955,94.05485,336.21,0.44,0.46,2026-04-15,722,N21,VIIRS,n,2.0NRT,297.49,4.01,D
19.79829,83.86939,340.77,0.5,0.41,2026-04-15,722,N21,VIIRS,l,2.0NRT,312.11,97.44,D
19.79851,93.91724,330.13,0.44,0.46,2026-04-15,722,N21,VIIRS,n,2.0NRT,294.87,3.03,D
19.79915,82.18504,342.88,0.42,0.45,2026-04-15,722,N21,VIIRS,n,2.0NRT,315.64,4.62,D
19.79936,73.29881,349.33,0.77,0.78,2026-04-15,722,N21,VIIRS,n,2.0NRT,313.77,8.48,D
19.79949,73.30404,337.8,0.77,0.77,2026-04-15,722,N21,VIIRS,l,2.0NRT,310.95,9.05,D
19.79992,97.18208,367,0.36,0.57,2026-04-15,722,N21,VIIRS,h,2.0NRT,305.2,6.75,D
19.80123,83.86439,309.52,0.5,0.41,2026-04-15,722,N21,VIIRS,l,2.0NRT,320.73,140.52,D
19.80231,83.62998,342.25,0.52,0.41,2026-04-15,722,N21,VIIRS,n,2.0NRT,307.12,37.88,D
19.80275,83.62682,336.72,0.52,0.41,2026-04-15,722,N21,VIIRS,n,2.0NRT,305.64,82.11,D
19.80356,83.63132,355.32,0.52,0.41,2026-04-15,722,N21,VIIRS,n,2.0NRT,311.3,33.19,D
19.80608,83.62938,347.59,0.52,0.41,2026-04-15,722,N21,VIIRS,n,2.0NRT,321.51,37.88,D
19.8064,82.22359,349.35,0.41,0.45,2026-04-15,722,N21,VIIRS,n,2.0NRT,315.76,6.53,D
19.80692,83.63416,336.52,0.52,0.41,2026-04-15,722,N21,VIIRS,l,2.0NRT,307.49,37.88,D
19.80732,83.63068,354.94,0.52,0.41,2026-04-15,722,N21,VIIRS,n,2.0NRT,306.21,33.19,D
19.81047,78.34314,343.64,0.36,0.58,2026-04-15,722,N21,VIIRS,l,2.0NRT,316.93,8.02,D
19.81371,93.85801,339.49,0.43,0.46,2026-04-15,722,N21,VIIRS,n,2.0NRT,294.73,8.3,D
19.81439,83.25764,338.08,0.54,0.42,2026-04-15,722,N21,VIIRS,n,2.0NRT,307.75,24.1,D
19.81529,80.16883,341.06,0.55,0.51,2026-04-15,722,N21,VIIRS,n,2.0NRT,310.43,3.05,D
19.81533,83.26289,367,0.54,0.42,2026-04-15,722,N21,VIIRS,l,2.0NRT,335.28,309.28,D
19.81744,93.85355,340.14,0.43,0.46,2026-04-15,722,N21,VIIRS,n,2.0NRT,295.39,10.23,D
19.81918,83.26231,351.18,0.54,0.42,2026-04-15,722,N21,VIIRS,n,2.0NRT,311.03,309.28,D
19.82053,83.86549,337.11,0.5,0.41,2026-04-15,722,N21,VIIRS,n,2.0NRT,308.06,20.18,D
19.8242,83.86461,339.94,0.5,0.41,2026-04-15,722,N21,VIIRS,n,2.0NRT,311.44,20.18,D
19.82442,77.97343,343.77,0.39,0.59,2026-04-15,722,N21,VIIRS,l,2.0NRT,316.04,5.95,D
19.82618,78.61981,347.62,0.35,0.57,2026-04-15,722,N21,VIIRS,l,2.0NRT,320.1,8.6,D
19.82787,83.86372,335.76,0.5,0.41,2026-04-15,722,N21,VIIRS,n,2.0NRT,305.81,3.28,D
19.82952,83.87317,341.48,0.5,0.41,2026-04-15,722,N21,VIIRS,n,2.0NRT,308.36,5.81,D
19.82996,78.30653,367,0.37,0.58,2026-04-15,722,N21,VIIRS,h,2.0NRT,319.98,16.04,D
19.82996,78.38393,343.63,0.36,0.58,2026-04-15,722,N21,VIIRS,l,2.0NRT,317.57,11.14,D
19.83875,81.13162,334.16,0.48,0.48,2026-04-15,722,N21,VIIRS,l,2.0NRT,308.98,5.18,D
19.84014,83.84648,345.49,0.5,0.41,2026-04-15,722,N21,VIIRS,n,2.0NRT,309.43,13.23,D
19.84188,80.82285,347.53,0.5,0.49,2026-04-15,722,N21,VIIRS,n,2.0NRT,312.87,12.87,D
19.84189,83.17865,342.5,0.54,0.42,2026-04-15,722,N21,VIIRS,n,2.0NRT,311.45,8.07,D
19.84269,83.84731,339.47,0.5,0.41,2026-04-15,722,N21,VIIRS,n,2.0NRT,310.54,19.3,D
19.84321,83.87146,335.64,0.5,0.41,2026-04-15,722,N21,VIIRS,l,2.0NRT,305.35,2.84,D
19.84388,77.53339,367,0.41,0.61,2026-04-15,722,N21,VIIRS,h,2.0NRT,318.52,12.12,D
19.84422,83.86993,336.6,0.5,0.41,2026-04-15,722,N21,VIIRS,n,2.0NRT,306.33,1.69,D
19.84502,80.885,340.75,0.5,0.49,2026-04-15,722,N21,VIIRS,n,2.0NRT,310.36,16.27,D
19.84595,80.90858,335.14,0.5,0.49,2026-04-15,722,N21,VIIRS,n,2.0NRT,308.43,1.91,D
19.84948,80.88429,341.75,0.5,0.49,2026-04-15,722,N21,VIIRS,l,2.0NRT,316.3,16.27,D
19.84978,84.01101,346.09,0.49,0.4,2026-04-15,722,N21,VIIRS,n,2.0NRT,305.44,17.01,D
19.85304,80.73891,334.71,0.51,0.49,2026-04-15,722,N21,VIIRS,n,2.0NRT,309.4,4.95,D
19.85424,76.37924,346.41,0.49,0.65,2026-04-15,722,N21,VIIRS,n,2.0NRT,316.36,12.55,D
19.85443,81.02447,343.07,0.49,0.49,2026-04-15,722,N21,VIIRS,n,2.0NRT,308.23,4.85,D
19.85464,81.02538,343.33,0.49,0.48,2026-04-15,722,N21,VIIRS,n,2.0NRT,308.31,7.09,D
19.85558,76.37958,351.8,0.49,0.65,2026-04-15,722,N21,VIIRS,n,2.0NRT,318.23,13.32,D
19.85877,81.02335,338.46,0.49,0.49,2026-04-15,722,N21,VIIRS,n,2.0NRT,310.04,4.85,D
19.86018,73.94446,367,0.7,0.75,2026-04-15,722,N21,VIIRS,h,2.0NRT,316.5,19.93,D
19.86272,73.94419,367,0.7,0.75,2026-04-15,722,N21,VIIRS,h,2.0NRT,316.93,19.28,D
19.86368,78.9679,338.81,0.33,0.55,2026-04-15,722,N21,VIIRS,l,2.0NRT,313.77,5.38,D
19.86749,81.0213,346.59,0.49,0.49,2026-04-15,722,N21,VIIRS,n,2.0NRT,311.09,7.29,D
19.86769,81.02225,344.3,0.49,0.48,2026-04-15,722,N21,VIIRS,n,2.0NRT,310.65,5.64,D
19.87557,97.98624,367,0.4,0.6,2026-04-15,722,N21,VIIRS,h,2.0NRT,308.74,30.72,D
19.88198,81.0484,346.1,0.49,0.48,2026-04-15,722,N21,VIIRS,n,2.0NRT,311.13,6.9,D
19.88588,73.59348,340.02,0.74,0.76,2026-04-15,722,N21,VIIRS,l,2.0NRT,313.7,7.38,D
19.88593,73.59711,341.69,0.74,0.76,2026-04-15,722,N21,VIIRS,n,2.0NRT,314.14,8.93,D
19.88985,80.85565,338.58,0.5,0.49,2026-04-15,722,N21,VIIRS,l,2.0NRT,310.56,4.84,D
19.89132,83.90575,334.68,0.5,0.41,2026-04-15,722,N21,VIIRS,l,2.0NRT,309.16,4.66,D
19.8939,83.54796,336.47,0.52,0.41,2026-04-15,722,N21,VIIRS,n,2.0NRT,305.41,154.39,D
19.89478,83.55282,367,0.52,0.41,2026-04-15,722,N21,VIIRS,h,2.0NRT,336.42,154.39,D
19.8958,83.90952,337.55,0.5,0.41,2026-04-15,722,N21,VIIRS,l,2.0NRT,308.49,6.01,D
19.89872,77.36285,349.49,0.42,0.61,2026-04-15,722,N21,VIIRS,n,2.0NRT,319.74,12.84,D
19.89995,83.25772,339.99,0.54,0.42,2026-04-15,722,N21,VIIRS,l,2.0NRT,313.18,41.35,D
19.91984,77.08632,348.29,0.44,0.62,2026-04-15,722,N21,VIIRS,n,2.0NRT,319.55,4.62,D
19.92032,77.64985,348.27,0.4,0.6,2026-04-15,722,N21,VIIRS,n,2.0NRT,316.78,16.67,D
19.93036,93.54639,351,0.41,0.45,2026-04-15,722,N21,VIIRS,n,2.0NRT,298.09,10.32,D
19.93084,93.55032,334.23,0.41,0.45,2026-04-15,722,N21,VIIRS,n,2.0NRT,295.92,3.75,D
19.93674,95.73428,332.14,0.57,0.52,2026-04-15,722,N21,VIIRS,l,2.0NRT,305.76,2.95,D
19.93792,94.58334,342.52,0.48,0.48,2026-04-15,722,N21,VIIRS,n,2.0NRT,306.28,3.54,D
19.9395,78.73658,367,0.34,0.56,2026-04-15,722,N21,VIIRS,h,2.0NRT,317.82,6.15,D
19.94117,78.73723,348.91,0.34,0.56,2026-04-15,722,N21,VIIRS,n,2.0NRT,316.32,8.19,D
19.94291,97.07727,367,0.35,0.57,2026-04-15,722,N21,VIIRS,h,2.0NRT,308.92,5.22,D
19.94425,97.07587,348.55,0.35,0.57,2026-04-15,722,N21,VIIRS,n,2.0NRT,307.08,5.38,D
19.9454,83.01569,337.42,0.55,0.43,2026-04-15,722,N21,VIIRS,n,2.0NRT,309.5,6.68,D
19.9479,95.79268,334.54,0.58,0.52,2026-04-15,722,N21,VIIRS,n,2.0NRT,305.11,4.77,D
19.95567,80.72725,348.83,0.51,0.49,2026-04-15,722,N21,VIIRS,n,2.0NRT,311.54,13.92,D
19.9558,80.22732,335.67,0.55,0.51,2026-04-15,722,N21,VIIRS,l,2.0NRT,309.2,4.97,D
19.95662,83.44203,338.45,0.52,0.42,2026-04-15,722,N21,VIIRS,l,2.0NRT,310.58,7.35,D
19.95716,97.46797,330.45,0.37,0.58,2026-04-15,722,N21,VIIRS,n,2.0NRT,299.47,3.6,D
19.96816,83.11816,337.39,0.55,0.42,2026-04-15,722,N21,VIIRS,l,2.0NRT,309.26,5.32,D
19.96921,96.61427,367,0.33,0.55,2026-04-15,722,N21,VIIRS,h,2.0NRT,300.95,10.35,D
19.98812,96.55318,330.42,0.32,0.55,2026-04-15,722,N21,VIIRS,n,2.0NRT,300.08,2.32,D
19.99084,83.56908,339.65,0.52,0.41,2026-04-15,722,N21,VIIRS,n,2.0NRT,306.11,12.63,D
20.001,83.47084,333.73,0.52,0.42,2026-04-15,722,N21,VIIRS,l,2.0NRT,308.27,2.7,D
20.00508,84.14327,332.25,0.48,0.4,2026-04-15,722,N21,VIIRS,l,2.0NRT,306.58,9.62,D
20.01727,84.12724,336.15,0.48,0.4,2026-04-15,722,N21,VIIRS,l,2.0NRT,309.36,16.21,D
20.02029,97.92627,350.72,0.4,0.6,2026-04-15,722,N21,VIIRS,n,2.0NRT,302.69,8.65,D
20.02072,96.62392,333.57,0.33,0.55,2026-04-15,722,N21,VIIRS,n,2.0NRT,301.32,2.78,D
20.02099,97.92585,355.03,0.4,0.6,2026-04-15,722,N21,VIIRS,n,2.0NRT,302.85,13.56,D
20.02137,95.1897,342.05,0.53,0.5,2026-04-15,722,N21,VIIRS,n,2.0NRT,311.6,14.89,D
20.02715,97.99428,335.59,0.41,0.6,2026-04-15,722,N21,VIIRS,n,2.0NRT,300.07,6.96,D
20.0274,97.99402,334.4,0.41,0.6,2026-04-15,722,N21,VIIRS,n,2.0NRT,299.97,9.39,D
20.0333,97.17307,345.89,0.36,0.57,2026-04-15,722,N21,VIIRS,n,2.0NRT,312.26,5.65,D
20.03559,95.7923,337.29,0.58,0.52,2026-04-15,722,N21,VIIRS,n,2.0NRT,304.42,3.55,D
20.06194,96.62667,339.8,0.33,0.55,2026-04-15,722,N21,VIIRS,n,2.0NRT,300.2,3.55,D
20.0653,94.05807,336.29,0.45,0.47,2026-04-15,722,N21,VIIRS,n,2.0NRT,290.81,3.22,D
20.06585,96.5672,333.64,0.33,0.55,2026-04-15,722,N21,VIIRS,n,2.0NRT,297.78,1.87,D
20.06851,82.25237,345.99,0.41,0.45,2026-04-15,722,N21,VIIRS,n,2.0NRT,309.92,6.18,D
20.08255,77.97581,344.99,0.38,0.59,2026-04-15,722,N21,VIIRS,n,2.0NRT,315.72,1.34,D
20.08375,80.84519,345.76,0.5,0.49,2026-04-15,722,N21,VIIRS,n,2.0NRT,310.22,7.94,D
20.08891,83.33167,336.48,0.53,0.42,2026-04-15,722,N21,VIIRS,l,2.0NRT,311.38,3.55,D
20.09352,83.55312,347.11,0.52,0.41,2026-04-15,722,N21,VIIRS,n,2.0NRT,310.94,13.73,D
20.09885,80.10655,352.6,0.55,0.51,2026-04-15,722,N21,VIIRS,n,2.0NRT,313.35,14.54,D
20.10608,93.78968,332.55,0.43,0.46,2026-04-15,722,N21,VIIRS,n,2.0NRT,296.31,2.67,D
20.1131,82.62757,339.27,0.39,0.44,2026-04-15,722,N21,VIIRS,n,2.0NRT,310.89,3.23,D
20.11722,75.5473,347.32,0.55,0.68,2026-04-15,722,N21,VIIRS,n,2.0NRT,314.87,11.57,D
20.11736,75.54774,352.25,0.55,0.68,2026-04-15,722,N21,VIIRS,n,2.0NRT,315.13,11.69,D
20.11765,83.77656,333.29,0.5,0.41,2026-04-15,722,N21,VIIRS,l,2.0NRT,307.42,4.47,D
20.12306,83.78558,334.16,0.5,0.41,2026-04-15,722,N21,VIIRS,n,2.0NRT,307.6,3.07,D
20.12433,93.47258,340.99,0.41,0.45,2026-04-15,722,N21,VIIRS,n,2.0NRT,297.3,4.69,D
20.12644,78.75391,367,0.34,0.56,2026-04-15,722,N21,VIIRS,h,2.0NRT,320.82,16.54,D
20.1334,78.76205,351.52,0.34,0.56,2026-04-15,722,N21,VIIRS,n,2.0NRT,317.72,15.65,D
20.1339,81.99352,350.4,0.42,0.45,2026-04-15,722,N21,VIIRS,n,2.0NRT,307.18,6.6,D
20.13456,93.95142,333.38,0.44,0.46,2026-04-15,722,N21,VIIRS,n,2.0NRT,294.81,8.68,D
20.13468,93.95335,350.27,0.44,0.46,2026-04-15,722,N21,VIIRS,n,2.0NRT,297.39,23.64,D
20.13508,93.95564,340.75,0.44,0.46,2026-04-15,722,N21,VIIRS,n,2.0NRT,297.27,8.68,D
20.14186,85.43815,338.57,0.42,0.38,2026-04-15,722,N21,VIIRS,l,2.0NRT,304.69,3.91,D
20.1439,83.71891,335.58,0.5,0.41,2026-04-15,722,N21,VIIRS,l,2.0NRT,306.37,3.53,D
20.14457,80.24103,335.69,0.54,0.51,2026-04-15,722,N21,VIIRS,l,2.0NRT,310.48,5.72,D
20.14472,83.72346,334.67,0.5,0.41,2026-04-15,722,N21,VIIRS,l,2.0NRT,306.04,3.53,D
20.14548,83.71704,349.54,0.5,0.41,2026-04-15,722,N21,VIIRS,n,2.0NRT,307.4,6.22,D
20.14628,81.47778,335.16,0.45,0.47,2026-04-15,722,N21,VIIRS,l,2.0NRT,310.04,3.28,D
20.14628,83.7216,349.34,0.5,0.41,2026-04-15,722,N21,VIIRS,n,2.0NRT,306.89,6.22,D
20.14759,83.71813,354.18,0.5,0.41,2026-04-15,722,N21,VIIRS,n,2.0NRT,307.47,8.06,D
20.14842,83.72269,334.57,0.5,0.41,2026-04-15,722,N21,VIIRS,l,2.0NRT,305.96,8.06,D
20.14916,83.71615,331.8,0.5,0.41,2026-04-15,722,N21,VIIRS,n,2.0NRT,304.9,6.22,D
20.14997,83.72076,335.2,0.5,0.41,2026-04-15,722,N21,VIIRS,l,2.0NRT,306.93,6.22,D
20.15109,97.82779,343.53,0.4,0.6,2026-04-15,722,N21,VIIRS,n,2.0NRT,308.24,7.63,D
20.15145,97.83147,335.03,0.4,0.6,2026-04-15,722,N21,VIIRS,l,2.0NRT,306.97,7.63,D
20.15619,97.82323,333.45,0.4,0.6,2026-04-15,722,N21,VIIRS,l,2.0NRT,304.75,5.41,D
20.15773,81.74405,342.57,0.44,0.46,2026-04-15,722,N21,VIIRS,n,2.0NRT,307.74,4.47,D
20.16101,81.19328,344.85,0.47,0.48,2026-04-15,722,N21,VIIRS,n,2.0NRT,313.04,18.56,D
20.16516,78.59344,352.3,0.35,0.56,2026-04-15,722,N21,VIIRS,n,2.0NRT,316,6.94,D
20.16584,78.59663,344.92,0.35,0.56,2026-04-15,722,N21,VIIRS,l,2.0NRT,318.97,16.07,D
20.16651,78.59978,350.02,0.35,0.56,2026-04-15,722,N21,VIIRS,n,2.0NRT,321.48,16.07,D
20.16718,78.60292,367,0.35,0.56,2026-04-15,722,N21,VIIRS,h,2.0NRT,316.63,28.02,D
20.16751,83.6795,338.15,0.51,0.41,2026-04-15,722,N21,VIIRS,n,2.0NRT,307.96,5.58,D
20.17161,78.59873,343.52,0.35,0.56,2026-04-15,722,N21,VIIRS,n,2.0NRT,317.43,10.07,D
20.18532,82.82236,338.33,0.56,0.43,2026-04-15,722,N21,VIIRS,l,2.0NRT,309.84,11.22,D
20.18661,83.72173,338.53,0.5,0.41,2026-04-15,722,N21,VIIRS,n,2.0NRT,305.3,2.87,D
20.18767,81.83352,331.88,0.43,0.46,2026-04-15,722,N21,VIIRS,l,2.0NRT,306.68,3.98,D
20.19281,83.73502,338.7,0.5,0.41,2026-04-15,722,N21,VIIRS,n,2.0NRT,306.84,3.07,D
20.19312,83.65063,334.21,0.51,0.41,2026-04-15,722,N21,VIIRS,l,2.0NRT,306.25,3.65,D
20.19654,83.73443,334.33,0.5,0.41,2026-04-15,722,N21,VIIRS,l,2.0NRT,309.05,2.6,D
20.20788,97.5714,333.32,0.38,0.59,2026-04-15,722,N21,VIIRS,n,2.0NRT,301.87,4.4,D
20.21584,83.605,335.53,0.51,0.41,2026-04-15,722,N21,VIIRS,l,2.0NRT,307.76,5.32,D
20.21671,94.32295,336.26,0.47,0.48,2026-04-15,722,N21,VIIRS,l,2.0NRT,309.35,6.35,D
20.21713,78.42477,343.86,0.35,0.57,2026-04-15,722,N21,VIIRS,n,2.0NRT,318.09,11.12,D
20.21782,78.42795,367,0.35,0.57,2026-04-15,722,N21,VIIRS,h,2.0NRT,317.52,12.26,D
20.21925,93.75463,334.15,0.43,0.46,2026-04-15,722,N21,VIIRS,n,2.0NRT,298.54,7.12,D
20.22706,75.32864,367,0.56,0.69,2026-04-15,722,N21,VIIRS,h,2.0NRT,316.64,20.14,D
20.22944,93.05121,332.45,0.39,0.44,2026-04-15,722,N21,VIIRS,n,2.0NRT,300.37,1.5,D
20.23224,81.33183,338.96,0.46,0.47,2026-04-15,722,N21,VIIRS,l,2.0NRT,309.61,3.35,D
20.23647,81.33075,337.06,0.46,0.47,2026-04-15,722,N21,VIIRS,l,2.0NRT,311.93,3.35,D
20.23907,97.87658,330.14,0.4,0.6,2026-04-15,722,N21,VIIRS,n,2.0NRT,299.99,1.78,D
20.24006,97.8782,331.28,0.4,0.6,2026-04-15,722,N21,VIIRS,n,2.0NRT,300.34,2.28,D
20.2426,77.51736,367,0.41,0.6,2026-04-15,722,N21,VIIRS,h,2.0NRT,320.18,14.4,D
20.24354,77.51604,367,0.4,0.6,2026-04-15,722,N21,VIIRS,h,2.0NRT,320.04,11.33,D
20.24495,97.87973,334.12,0.4,0.6,2026-04-15,722,N21,VIIRS,n,2.0NRT,300.8,4.13,D
20.24555,97.87754,331.31,0.4,0.6,2026-04-15,722,N21,VIIRS,n,2.0NRT,300.8,2.28,D
20.26921,78.46783,367,0.35,0.57,2026-04-15,722,N21,VIIRS,h,2.0NRT,321.4,20.11,D
20.27557,96.77634,336.09,0.34,0.56,2026-04-15,722,N21,VIIRS,n,2.0NRT,302.58,2.22,D
20.27821,81.41466,342.44,0.45,0.47,2026-04-15,722,N21,VIIRS,l,2.0NRT,313.09,3.05,D
20.28841,83.61419,343.7,0.51,0.41,2026-04-15,722,N21,VIIRS,n,2.0NRT,306.8,8.32,D
20.29932,82.42884,343.34,0.39,0.44,2026-04-15,722,N21,VIIRS,n,2.0NRT,315.3,3.85,D
20.29972,94.53774,340.05,0.48,0.48,2026-04-15,722,N21,VIIRS,l,2.0NRT,314.46,5.78,D
20.30105,77.17695,353.11,0.42,0.61,2026-04-15,722,N21,VIIRS,n,2.0NRT,320.07,8.95,D
20.30265,83.19551,335.08,0.53,0.42,2026-04-15,722,N21,VIIRS,l,2.0NRT,309.98,7.48,D
20.30356,83.20048,335.84,0.53,0.42,2026-04-15,722,N21,VIIRS,l,2.0NRT,307.96,7.48,D
20.30437,83.5957,336.68,0.51,0.41,2026-04-15,722,N21,VIIRS,n,2.0NRT,306.03,2.89,D
20.3217,82.07613,346.58,0.41,0.45,2026-04-15,722,N21,VIIRS,n,2.0NRT,312.25,5.78,D
20.32315,82.08381,337.15,0.41,0.45,2026-04-15,722,N21,VIIRS,n,2.0NRT,311.65,3.83,D
20.32746,80.13148,349.85,0.55,0.51,2026-04-15,722,N21,VIIRS,n,2.0NRT,313.74,12.05,D
20.32765,92.84786,332.75,0.57,0.43,2026-04-15,722,N21,VIIRS,n,2.0NRT,299.84,5.64,D
20.3285,80.13674,338.19,0.55,0.51,2026-04-15,722,N21,VIIRS,l,2.0NRT,311.38,3.3,D
20.3291,82.0706,337.28,0.41,0.45,2026-04-15,722,N21,VIIRS,n,2.0NRT,311.41,1.78,D
20.33251,83.44544,337.85,0.52,0.41,2026-04-15,722,N21,VIIRS,l,2.0NRT,310.19,4.77,D
20.35224,84.91686,332.21,0.44,0.38,2026-04-15,722,N21,VIIRS,l,2.0NRT,305.58,2.31,D
20.35534,83.9271,332.75,0.49,0.4,2026-04-15,722,N21,VIIRS,l,2.0NRT,305.42,1.82,D
20.35573,83.95077,335.04,0.49,0.4,2026-04-15,722,N21,VIIRS,l,2.0NRT,308.38,5.21,D
20.37457,94.96812,335.02,0.52,0.5,2026-04-15,722,N21,VIIRS,l,2.0NRT,308.7,2.92,D
20.37511,94.97296,340.95,0.52,0.5,2026-04-15,722,N21,VIIRS,n,2.0NRT,308.59,8.15,D
20.37883,83.93176,338.01,0.49,0.4,2026-04-15,722,N21,VIIRS,n,2.0NRT,305.47,4.49,D
20.38117,83.85841,332.61,0.49,0.4,2026-04-15,722,N21,VIIRS,l,2.0NRT,307.01,4.49,D
20.38643,76.04639,344.72,0.5,0.66,2026-04-15,722,N21,VIIRS,l,2.0NRT,316.96,13.16,D
20.39021,76.03577,344.5,0.5,0.66,2026-04-15,722,N21,VIIRS,n,2.0NRT,318.73,11.97,D
20.40346,83.51668,338.14,0.51,0.41,2026-04-15,722,N21,VIIRS,l,2.0NRT,312.14,4.94,D
20.40388,78.61152,347.67,0.34,0.56,2026-04-15,722,N21,VIIRS,l,2.0NRT,319.89,3.83,D
20.40528,84.91093,332.73,0.44,0.38,2026-04-15,722,N21,VIIRS,l,2.0NRT,304.95,2.83,D
20.40719,83.51592,339.14,0.51,0.41,2026-04-15,722,N21,VIIRS,l,2.0NRT,312.7,18.79,D
20.41153,93.64577,367,0.43,0.46,2026-04-15,722,N21,VIIRS,h,2.0NRT,302.72,25.42,D
20.41246,80.49208,345.95,0.52,0.5,2026-04-15,722,N21,VIIRS,n,2.0NRT,316.51,21.45,D
20.41465,80.49313,348.36,0.52,0.5,2026-04-15,722,N21,VIIRS,n,2.0NRT,314.74,12.64,D
20.41825,77.88777,351.79,0.38,0.59,2026-04-15,722,N21,VIIRS,n,2.0NRT,323.15,14.44,D
20.41913,83.29806,335.65,0.53,0.42,2026-04-15,722,N21,VIIRS,l,2.0NRT,309.89,2.18,D
20.41941,77.88778,351.09,0.38,0.59,2026-04-15,722,N21,VIIRS,n,2.0NRT,322.93,15.15,D
20.43504,84.23375,333.53,0.47,0.4,2026-04-15,722,N21,VIIRS,l,2.0NRT,306.45,2.95,D
20.44159,79.70497,342.19,0.58,0.52,2026-04-15,722,N21,VIIRS,l,2.0NRT,312.49,5.13,D
20.46101,83.03801,341.19,0.54,0.42,2026-04-15,722,N21,VIIRS,l,2.0NRT,313.11,14.31,D
20.46124,83.75688,336.52,0.5,0.41,2026-04-15,722,N21,VIIRS,n,2.0NRT,306.89,2.71,D
20.46165,86.63748,346.73,0.39,0.36,2026-04-15,722,N21,VIIRS,l,2.0NRT,305.21,7.99,D
20.46311,83.03962,343.79,0.54,0.42,2026-04-15,722,N21,VIIRS,n,2.0NRT,313.59,16.06,D
20.47428,77.99284,350.68,0.37,0.58,2026-04-15,722,N21,VIIRS,n,2.0NRT,319.32,7.65,D
20.47945,78.01672,367,0.37,0.58,2026-04-15,722,N21,VIIRS,h,2.0NRT,321.59,13.01,D
20.4842,82.48869,354.69,0.39,0.44,2026-04-15,722,N21,VIIRS,n,2.0NRT,317.87,16.29,D
20.48489,82.49234,367,0.39,0.44,2026-04-15,722,N21,VIIRS,h,2.0NRT,314.23,14.8,D
20.488,82.99033,341.45,0.55,0.42,2026-04-15,722,N21,VIIRS,n,2.0NRT,310.4,11.74,D
20.48918,81.89423,342.43,0.42,0.45,2026-04-15,722,N21,VIIRS,n,2.0NRT,312.26,5.72,D
20.49185,81.93033,354.89,0.42,0.45,2026-04-15,722,N21,VIIRS,n,2.0NRT,313.81,9.57,D
20.49278,93.49865,339.1,0.42,0.45,2026-04-15,722,N21,VIIRS,n,2.0NRT,296.51,4.49,D
20.49518,81.92559,354.52,0.42,0.45,2026-04-15,722,N21,VIIRS,n,2.0NRT,316.96,18.02,D
20.49904,79.44918,344.36,0.6,0.53,2026-04-15,722,N21,VIIRS,l,2.0NRT,314.53,6.55,D
20.49986,96.3916,343.05,0.32,0.55,2026-04-15,722,N21,VIIRS,n,2.0NRT,299.06,6.68,D
20.50104,96.104,336.6,0.62,0.54,2026-04-15,722,N21,VIIRS,l,2.0NRT,306.88,7.15,D
20.50846,79.8557,339.21,0.56,0.52,2026-04-15,722,N21,VIIRS,l,2.0NRT,312.32,7.93,D
20.51258,97.33422,343.12,0.37,0.58,2026-04-15,722,N21,VIIRS,n,2.0NRT,303.95,5.77,D
20.51289,97.33739,334.58,0.37,0.58,2026-04-15,722,N21,VIIRS,n,2.0NRT,302.45,7.23,D
20.51369,97.33298,330.43,0.37,0.58,2026-04-15,722,N21,VIIRS,n,2.0NRT,303.64,4.63,D
20.51402,97.33618,349.77,0.37,0.58,2026-04-15,722,N21,VIIRS,n,2.0NRT,304.69,9.46,D
20.51553,79.67569,340.82,0.58,0.52,2026-04-15,722,N21,VIIRS,l,2.0NRT,311.41,13.63,D
20.51788,97.33342,330.83,0.37,0.58,2026-04-15,722,N21,VIIRS,l,2.0NRT,303.83,3.66,D
20.53311,81.81095,337.06,0.42,0.46,2026-04-15,722,N21,VIIRS,l,2.0NRT,311.28,8.44,D
20.53491,78.22352,352.13,0.36,0.57,2026-04-15,722,N21,VIIRS,n,2.0NRT,321.05,9.27,D
20.53503,81.63016,347.04,0.44,0.46,2026-04-15,722,N21,VIIRS,n,2.0NRT,311.85,7.72,D
20.53784,83.24169,338.09,0.53,0.42,2026-04-15,722,N21,VIIRS,n,2.0NRT,307.58,2.41,D
20.5379,79.59167,339.96,0.59,0.53,2026-04-15,722,N21,VIIRS,l,2.0NRT,313.11,9.72,D
20.54156,79.5853,341.79,0.59,0.53,2026-04-15,722,N21,VIIRS,l,2.0NRT,311.89,10.62,D
20.54262,79.59053,353.73,0.59,0.53,2026-04-15,722,N21,VIIRS,n,2.0NRT,312.74,9.72,D
20.54369,79.59586,336.95,0.59,0.53,2026-04-15,722,N21,VIIRS,l,2.0NRT,311.89,9.72,D
20.54419,82.50279,344.06,0.39,0.44,2026-04-15,722,N21,VIIRS,n,2.0NRT,315.64,6.17,D
20.54443,97.85007,330.54,0.4,0.6,2026-04-15,722,N21,VIIRS,l,2.0NRT,301.77,4.98,D
20.54509,97.85214,332.03,0.4,0.6,2026-04-15,722,N21,VIIRS,n,2.0NRT,301.37,8.89,D
20.54664,83.707,340.29,0.5,0.41,2026-04-15,722,N21,VIIRS,n,2.0NRT,309.34,6.87,D
20.54691,77.90008,347.85,0.38,0.58,2026-04-15,722,N21,VIIRS,n,2.0NRT,322.57,16.07,D
20.54807,85.97282,339.9,0.41,0.37,2026-04-15,722,N21,VIIRS,n,2.0NRT,305.4,3.64,D
20.54914,82.85781,332.29,0.55,0.43,2026-04-15,722,N21,VIIRS,l,2.0NRT,305.47,1.03,D
20.56463,80.01176,343.12,0.55,0.51,2026-04-15,722,N21,VIIRS,n,2.0NRT,311.4,8.19,D
20.57385,83.9473,339.52,0.48,0.4,2026-04-15,722,N21,VIIRS,l,2.0NRT,307.28,4.95,D
20.57407,84.13985,344.1,0.47,0.4,2026-04-15,722,N21,VIIRS,n,2.0NRT,306.86,3.47,D
20.57738,86.31591,337.44,0.4,0.37,2026-04-15,722,N21,VIIRS,n,2.0NRT,305.09,3.5,D
20.5782,85.71231,334.2,0.41,0.37,2026-04-15,722,N21,VIIRS,l,2.0NRT,303.02,4.33,D
20.58419,96.97624,332.8,0.35,0.57,2026-04-15,722,N21,VIIRS,n,2.0NRT,299.72,3.42,D
20.59213,84.05141,333.35,0.48,0.4,2026-04-15,722,N21,VIIRS,l,2.0NRT,305.98,2.77,D
20.599,85.32621,332.02,0.42,0.38,2026-04-15,722,N21,VIIRS,l,2.0NRT,304.54,2.31,D
20.60143,83.88953,343.67,0.49,0.4,2026-04-15,722,N21,VIIRS,n,2.0NRT,306.57,4.91,D
20.60266,95.68431,336.99,0.58,0.52,2026-04-15,722,N21,VIIRS,l,2.0NRT,310.61,4,D
20.60505,83.88863,337.45,0.49,0.4,2026-04-15,722,N21,VIIRS,n,2.0NRT,306.28,3.24,D
20.61312,93.63632,341.77,0.43,0.46,2026-04-15,722,N21,VIIRS,n,2.0NRT,298.96,10.19,D
20.61574,79.26963,344.54,0.61,0.54,2026-04-15,722,N21,VIIRS,l,2.0NRT,318.32,11.75,D
20.61773,79.27184,345.72,0.61,0.54,2026-04-15,722,N21,VIIRS,l,2.0NRT,320.27,16.65,D
20.61873,83.73351,339.76,0.5,0.41,2026-04-15,722,N21,VIIRS,n,2.0NRT,308.05,1.94,D
20.6208,93.80579,335.84,0.44,0.46,2026-04-15,722,N21,VIIRS,n,2.0NRT,301.35,4.96,D
20.62147,94.88636,344.37,0.51,0.5,2026-04-15,722,N21,VIIRS,n,2.0NRT,306.27,7.91,D
20.62168,93.81303,342.82,0.44,0.46,2026-04-15,722,N21,VIIRS,n,2.0NRT,298.23,7.1,D
20.62601,94.88576,347.56,0.51,0.5,2026-04-15,722,N21,VIIRS,n,2.0NRT,306.04,7.91,D
20.62616,83.18981,337.55,0.53,0.42,2026-04-15,722,N21,VIIRS,l,2.0NRT,309.48,3.86,D
20.62798,97.73329,331.46,0.4,0.6,2026-04-15,722,N21,VIIRS,n,2.0NRT,302.03,13.44,D
20.62812,93.18366,337.39,0.4,0.44,2026-04-15,722,N21,VIIRS,n,2.0NRT,301.35,4.66,D
20.62832,97.73668,367,0.4,0.6,2026-04-15,722,N21,VIIRS,h,2.0NRT,305.47,13.11,D
20.62865,97.74007,335.39,0.4,0.6,2026-04-15,722,N21,VIIRS,n,2.0NRT,299.62,13.11,D
20.62899,97.74348,348.04,0.4,0.6,2026-04-15,722,N21,VIIRS,n,2.0NRT,299.33,8.68,D
20.62934,97.74701,345.26,0.4,0.6,2026-04-15,722,N21,VIIRS,n,2.0NRT,298.65,8.68,D
20.63165,84.08508,337.39,0.48,0.4,2026-04-15,722,N21,VIIRS,l,2.0NRT,307.74,4.63,D
20.63899,93.99435,348.1,0.45,0.47,2026-04-15,722,N21,VIIRS,n,2.0NRT,307.12,9.01,D
20.63949,93.99855,337.55,0.45,0.47,2026-04-15,722,N21,VIIRS,n,2.0NRT,305.22,9.01,D
20.64455,85.38786,333.35,0.42,0.38,2026-04-15,722,N21,VIIRS,l,2.0NRT,302.93,1.34,D
20.64665,97.28645,367,0.37,0.58,2026-04-15,722,N21,VIIRS,h,2.0NRT,304.86,9.01,D
20.65441,79.21272,344.95,0.62,0.54,2026-04-15,722,N21,VIIRS,l,2.0NRT,318.63,14.57,D
20.65474,94.05367,332.75,0.46,0.47,2026-04-15,722,N21,VIIRS,n,2.0NRT,301.28,3.44,D
20.6572,79.99853,344.38,0.55,0.51,2026-04-15,722,N21,VIIRS,n,2.0NRT,313.41,12.34,D
20.66014,97.70863,339.61,0.4,0.6,2026-04-15,722,N21,VIIRS,n,2.0NRT,302.82,6.64,D
20.66754,78.77381,347.97,0.33,0.55,2026-04-15,722,N21,VIIRS,l,2.0NRT,320.27,2.69,D
20.66973,97.75171,349.62,0.4,0.6,2026-04-15,722,N21,VIIRS,n,2.0NRT,301.86,5.78,D
20.68315,82.75167,336.61,0.56,0.43,2026-04-15,722,N21,VIIRS,l,2.0NRT,309.19,6.07,D
20.68364,83.95018,338.45,0.48,0.4,2026-04-15,722,N21,VIIRS,l,2.0NRT,311.35,5.77,D
20.68944,83.68076,337.27,0.5,0.41,2026-04-15,722,N21,VIIRS,l,2.0NRT,310.28,3.07,D
20.69149,84.18588,339.72,0.47,0.4,2026-04-15,722,N21,VIIRS,n,2.0NRT,309.7,4.39,D
20.69597,77.27108,349.77,0.41,0.61,2026-04-15,722,N21,VIIRS,n,2.0NRT,324.52,5.79,D
20.69848,97.11229,336.43,0.36,0.57,2026-04-15,722,N21,VIIRS,n,2.0NRT,306.92,3.16,D
20.70576,84.53728,337.81,0.45,0.39,2026-04-15,722,N21,VIIRS,l,2.0NRT,309.64,5.19,D
20.70994,84.33292,339.31,0.46,0.39,2026-04-15,722,N21,VIIRS,l,2.0NRT,307.4,2.6,D
20.71317,97.52015,367,0.39,0.59,2026-04-15,722,N21,VIIRS,h,2.0NRT,303.71,12.84,D
20.72057,84.33046,354.19,0.46,0.39,2026-04-15,722,N21,VIIRS,n,2.0NRT,311.62,14.63,D
20.73253,93.43445,342.2,0.42,0.45,2026-04-15,722,N21,VIIRS,n,2.0NRT,304.66,6.45,D
20.73496,93.96914,332.82,0.45,0.47,2026-04-15,722,N21,VIIRS,l,2.0NRT,305.8,3.54,D
20.73521,84.05231,348.03,0.48,0.4,2026-04-15,722,N21,VIIRS,n,2.0NRT,310.75,11.61,D
20.74195,97.28255,337.88,0.37,0.58,2026-04-15,722,N21,VIIRS,n,2.0NRT,300.68,3.36,D
20.74711,97.28034,352.82,0.37,0.58,2026-04-15,722,N21,VIIRS,n,2.0NRT,303.53,5.56,D
20.74736,97.28289,332.09,0.37,0.58,2026-04-15,722,N21,VIIRS,n,2.0NRT,299.46,5.56,D
20.75687,84.02105,336.57,0.48,0.4,2026-04-15,722,N21,VIIRS,l,2.0NRT,307.97,5.65,D
20.75949,85.29641,334.45,0.42,0.38,2026-04-15,722,N21,VIIRS,l,2.0NRT,306.91,5.21,D
20.76018,85.30044,335.41,0.42,0.38,2026-04-15,722,N21,VIIRS,l,2.0NRT,308.89,4.43,D
20.77436,81.60043,342.22,0.43,0.46,2026-04-15,722,N21,VIIRS,l,2.0NRT,315.03,5.41,D
20.77515,81.6045,349.78,0.43,0.46,2026-04-15,722,N21,VIIRS,n,2.0NRT,317.36,6.97,D
20.77652,83.6405,339.5,0.5,0.41,2026-04-15,722,N21,VIIRS,n,2.0NRT,308.88,7.81,D
20.77656,84.21571,347.53,0.47,0.4,2026-04-15,722,N21,VIIRS,n,2.0NRT,311.12,18.98,D
20.7781,84.21461,338.42,0.47,0.4,2026-04-15,722,N21,VIIRS,l,2.0NRT,311.13,15.76,D
20.77865,79.50068,340.06,0.59,0.53,2026-04-15,722,N21,VIIRS,l,2.0NRT,314.99,13.12,D
20.77929,81.60362,343.81,0.43,0.46,2026-04-15,722,N21,VIIRS,l,2.0NRT,317.77,12.51,D
20.78008,81.60769,353.16,0.43,0.46,2026-04-15,722,N21,VIIRS,n,2.0NRT,317.91,12.51,D
20.78559,85.26247,334.45,0.42,0.38,2026-04-15,722,N21,VIIRS,l,2.0NRT,309.18,4.93,D
20.78748,93.10056,343.2,0.4,0.44,2026-04-15,722,N21,VIIRS,n,2.0NRT,305.25,8.32,D
20.78831,93.10049,341.9,0.4,0.44,2026-04-15,722,N21,VIIRS,n,2.0NRT,305.35,6.41,D
20.79017,81.59283,346.26,0.43,0.46,2026-04-15,722,N21,VIIRS,l,2.0NRT,316.67,11.77,D
20.79173,81.60096,342.38,0.43,0.46,2026-04-15,722,N21,VIIRS,l,2.0NRT,315.37,4.36,D
20.79439,92.81335,335.41,0.38,0.44,2026-04-15,722,N21,VIIRS,n,2.0NRT,299,3.02,D
20.79454,85.25253,337.48,0.42,0.38,2026-04-15,722,N21,VIIRS,l,2.0NRT,309.69,10.36,D
20.80487,92.79993,335.91,0.38,0.43,2026-04-15,722,N21,VIIRS,n,2.0NRT,300.37,2.23,D
20.80617,85.25859,337.8,0.42,0.38,2026-04-15,722,N21,VIIRS,l,2.0NRT,306.83,5.07,D
20.80834,77.94294,347.7,0.37,0.58,2026-04-15,722,N21,VIIRS,n,2.0NRT,320.02,10.48,D
20.81098,93.45755,337.3,0.42,0.45,2026-04-15,722,N21,VIIRS,n,2.0NRT,303.65,5.26,D
20.81148,93.46164,342.71,0.42,0.45,2026-04-15,722,N21,VIIRS,n,2.0NRT,305.24,5.26,D
20.81195,93.46546,346.67,0.42,0.45,2026-04-15,722,N21,VIIRS,n,2.0NRT,303.17,9.84,D
20.81355,77.94172,367,0.37,0.58,2026-04-15,722,N21,VIIRS,h,2.0NRT,321.27,10.48,D
20.81553,97.42538,334.13,0.38,0.59,2026-04-15,722,N21,VIIRS,n,2.0NRT,304.22,4.03,D
20.81844,81.58257,347.53,0.43,0.46,2026-04-15,722,N21,VIIRS,n,2.0NRT,315.47,12.64,D
20.83699,86.9613,338,0.39,0.36,2026-04-15,722,N21,VIIRS,n,2.0NRT,305.61,3.94,D
20.83708,93.44299,339.3,0.42,0.45,2026-04-15,722,N21,VIIRS,n,2.0NRT,301.01,17.02,D
20.83754,93.44695,367,0.42,0.45,2026-04-15,722,N21,VIIRS,h,2.0NRT,305.74,17.02,D
20.83884,79.11932,344.54,0.62,0.54,2026-04-15,722,N21,VIIRS,l,2.0NRT,318.38,12.72,D
20.84022,81.30698,354.47,0.45,0.47,2026-04-15,722,N21,VIIRS,n,2.0NRT,319.16,17.84,D
20.84118,93.44209,308.84,0.42,0.45,2026-04-15,722,N21,VIIRS,l,2.0NRT,316.9,91.51,D
20.84164,93.446,347.44,0.42,0.45,2026-04-15,722,N21,VIIRS,n,2.0NRT,303.44,91.51,D
20.84554,93.99509,341.36,0.45,0.47,2026-04-15,722,N21,VIIRS,n,2.0NRT,310.35,10.24,D
20.84574,93.44509,333.08,0.42,0.45,2026-04-15,722,N21,VIIRS,n,2.0NRT,299.11,91.51,D
20.85102,77.6346,345.59,0.39,0.59,2026-04-15,722,N21,VIIRS,l,2.0NRT,320.35,18.61,D
20.86298,84.98951,330.67,0.43,0.38,2026-04-15,722,N21,VIIRS,l,2.0NRT,305.37,2.48,D
20.86358,94.26381,342.35,0.47,0.48,2026-04-15,722,N21,VIIRS,n,2.0NRT,310.94,10.7,D
20.86368,84.99359,333.03,0.43,0.38,2026-04-15,722,N21,VIIRS,l,2.0NRT,307.9,2.48,D
20.87125,82.0194,352.02,0.41,0.45,2026-04-15,722,N21,VIIRS,n,2.0NRT,315.48,10.9,D
20.88033,96.00063,337.6,0.61,0.54,2026-04-15,722,N21,VIIRS,l,2.0NRT,310.14,3.6,D
20.88619,82.94645,338.79,0.54,0.42,2026-04-15,722,N21,VIIRS,n,2.0NRT,308.72,6.51,D
20.88662,80.16432,346.89,0.53,0.5,2026-04-15,722,N21,VIIRS,n,2.0NRT,316.6,15.61,D
20.88736,82.94386,334.23,0.54,0.42,2026-04-15,722,N21,VIIRS,l,2.0NRT,308.54,6.25,D
20.88982,80.16086,344.12,0.53,0.5,2026-04-15,722,N21,VIIRS,l,2.0NRT,314.51,12.8,D
20.89046,93.7914,340.24,0.44,0.46,2026-04-15,722,N21,VIIRS,n,2.0NRT,304.47,4.93,D
20.89433,93.89996,338.23,0.45,0.47,2026-04-15,722,N21,VIIRS,l,2.0NRT,308.45,3.76,D
20.89478,94.01847,337.83,0.46,0.47,2026-04-15,722,N21,VIIRS,l,2.0NRT,310.38,4.14,D
20.89595,79.44292,346.12,0.59,0.53,2026-04-15,722,N21,VIIRS,n,2.0NRT,316.61,12.32,D
20.89709,79.44844,343.09,0.59,0.53,2026-04-15,722,N21,VIIRS,n,2.0NRT,315.38,12.32,D
20.90255,81.60812,340.36,0.43,0.46,2026-04-15,722,N21,VIIRS,l,2.0NRT,314.35,6.3,D
20.9053,93.88256,336.34,0.45,0.47,2026-04-15,722,N21,VIIRS,l,2.0NRT,311.23,3.51,D
20.90714,81.69934,344.44,0.42,0.46,2026-04-15,722,N21,VIIRS,l,2.0NRT,316.88,10.59,D
20.90788,81.92429,350.53,0.41,0.45,2026-04-15,722,N21,VIIRS,n,2.0NRT,313.75,15.24,D
20.90788,93.90464,336.44,0.45,0.47,2026-04-15,722,N21,VIIRS,n,2.0NRT,305.97,3.38,D
20.90798,81.92349,349.36,0.41,0.45,2026-04-15,722,N21,VIIRS,n,2.0NRT,315.28,12.23,D
20.90861,85.02736,334.21,0.43,0.38,2026-04-15,722,N21,VIIRS,l,2.0NRT,305.44,2.16,D
20.90933,78.02856,354.72,0.36,0.58,2026-04-15,722,N21,VIIRS,n,2.0NRT,321.92,15.15,D
20.91002,93.88586,339.07,0.45,0.47,2026-04-15,722,N21,VIIRS,l,2.0NRT,309.62,3.58,D
20.91007,78.03198,367,0.36,0.58,2026-04-15,722,N21,VIIRS,h,2.0NRT,322.41,17.09,D
20.91047,93.88977,336.63,0.45,0.47,2026-04-15,722,N21,VIIRS,l,2.0NRT,308.59,3.58,D
20.91111,81.76465,339.24,0.42,0.45,2026-04-15,722,N21,VIIRS,l,2.0NRT,313.6,3.66,D
20.91381,93.9183,331.13,0.45,0.47,2026-04-15,722,N21,VIIRS,n,2.0NRT,304.41,3.4,D
20.92023,93.86211,367,0.45,0.47,2026-04-15,722,N21,VIIRS,h,2.0NRT,317.7,16.6,D
20.92067,93.86578,342.95,0.45,0.47,2026-04-15,722,N21,VIIRS,n,2.0NRT,311.67,9.21,D
20.92496,93.86559,340.03,0.45,0.47,2026-04-15,722,N21,VIIRS,n,2.0NRT,310.82,12.88,D
20.92816,85.82786,337.24,0.41,0.37,2026-04-15,722,N21,VIIRS,l,2.0NRT,309.81,6.11,D
20.9316,81.76036,344.04,0.42,0.45,2026-04-15,722,N21,VIIRS,l,2.0NRT,316.83,9.88,D
20.93235,81.76433,344.93,0.42,0.45,2026-04-15,722,N21,VIIRS,l,2.0NRT,318.16,10.12,D
20.93273,81.63115,339.89,0.43,0.46,2026-04-15,722,N21,VIIRS,l,2.0NRT,314.6,6.8,D
20.93341,93.90067,343.67,0.45,0.47,2026-04-15,722,N21,VIIRS,n,2.0NRT,306.34,9.79,D
20.93638,93.23125,339.86,0.41,0.45,2026-04-15,722,N21,VIIRS,n,2.0NRT,298.52,7.32,D
20.93797,95.24995,333.05,0.55,0.51,2026-04-15,722,N21,VIIRS,l,2.0NRT,305.93,9.74,D
20.93884,81.66344,339.67,0.43,0.46,2026-04-15,722,N21,VIIRS,l,2.0NRT,313.13,4.76,D
20.94096,95.24921,338.99,0.55,0.51,2026-04-15,722,N21,VIIRS,n,2.0NRT,308.56,8.14,D
20.9422,93.90163,336.46,0.45,0.47,2026-04-15,722,N21,VIIRS,n,2.0NRT,307.96,23.53,D
20.94268,93.90577,349.75,0.45,0.47,2026-04-15,722,N21,VIIRS,n,2.0NRT,311.13,23.53,D
20.94499,93.81581,336.4,0.44,0.46,2026-04-15,722,N21,VIIRS,l,2.0NRT,309.25,3.87,D
20.94771,93.83868,343.92,0.45,0.47,2026-04-15,722,N21,VIIRS,n,2.0NRT,312.16,7.55,D
20.94909,81.7402,346.98,0.42,0.45,2026-04-15,722,N21,VIIRS,n,2.0NRT,316.71,13.01,D
20.94984,81.74416,344.05,0.42,0.45,2026-04-15,722,N21,VIIRS,n,2.0NRT,316.06,12.18,D
20.95062,81.79331,345.42,0.42,0.45,2026-04-15,722,N21,VIIRS,n,2.0NRT,315.12,10.21,D
20.95068,82.63949,336.46,0.56,0.43,2026-04-15,722,N21,VIIRS,l,2.0NRT,310.3,4.54,D
20.95279,93.9548,330.7,0.45,0.47,2026-04-15,722,N21,VIIRS,l,2.0NRT,304.02,4.81,D
20.9531,85.06522,337.43,0.43,0.38,2026-04-15,722,N21,VIIRS,l,2.0NRT,306.99,4.23,D
20.95391,93.96427,343.08,0.45,0.47,2026-04-15,722,N21,VIIRS,n,2.0NRT,305.84,7.8,D
20.95432,93.85792,345.81,0.45,0.47,2026-04-15,722,N21,VIIRS,n,2.0NRT,313.6,11.03,D
20.95444,85.01023,335.79,0.43,0.38,2026-04-15,722,N21,VIIRS,l,2.0NRT,309.48,4.56,D
20.95471,81.79246,340.88,0.42,0.45,2026-04-15,722,N21,VIIRS,l,2.0NRT,315.59,10.21,D
20.95476,93.86153,342.85,0.45,0.47,2026-04-15,722,N21,VIIRS,n,2.0NRT,310.68,9.62,D
20.95498,81.68085,339.89,0.43,0.46,2026-04-15,722,N21,VIIRS,l,2.0NRT,314.16,7.86,D
20.95522,93.86539,345.64,0.45,0.47,2026-04-15,722,N21,VIIRS,n,2.0NRT,310.45,9.62,D
20.95574,81.68488,346.6,0.43,0.46,2026-04-15,722,N21,VIIRS,n,2.0NRT,316.18,10.46,D
20.95789,85.00956,337.91,0.43,0.38,2026-04-15,722,N21,VIIRS,l,2.0NRT,308.39,4.63,D
20.95892,93.86014,339.6,0.45,0.47,2026-04-15,722,N21,VIIRS,l,2.0NRT,311.33,8.53,D
20.95935,93.8638,349.89,0.45,0.47,2026-04-15,722,N21,VIIRS,n,2.0NRT,312.83,8.53,D
20.96066,85.17249,336.32,0.43,0.38,2026-04-15,722,N21,VIIRS,l,2.0NRT,310.48,7.61,D
20.96199,83.83798,340.06,0.48,0.4,2026-04-15,722,N21,VIIRS,n,2.0NRT,310.47,6.37,D
20.96229,93.85221,346.57,0.45,0.47,2026-04-15,722,N21,VIIRS,n,2.0NRT,314.05,6.93,D
20.9627,93.85563,351.41,0.45,0.47,2026-04-15,722,N21,VIIRS,n,2.0NRT,314.23,6.93,D
20.96339,85.18859,349.45,0.43,0.38,2026-04-15,722,N21,VIIRS,l,2.0NRT,313.28,13.15,D
20.96341,85.1678,343,0.43,0.38,2026-04-15,722,N21,VIIRS,l,2.0NRT,310.98,10.52,D
20.96354,93.86266,340.97,0.45,0.47,2026-04-15,722,N21,VIIRS,l,2.0NRT,312.58,8.53,D
20.964,93.86649,337,0.45,0.47,2026-04-15,722,N21,VIIRS,n,2.0NRT,307.61,3.78,D
20.96409,85.17184,340.79,0.43,0.38,2026-04-15,722,N21,VIIRS,l,2.0NRT,309.81,5.17,D
20.96417,86.00709,340.03,0.4,0.37,2026-04-15,722,N21,VIIRS,l,2.0NRT,308.29,5.88,D
20.96478,86.0109,335.85,0.4,0.37,2026-04-15,722,N21,VIIRS,l,2.0NRT,307.89,5.03,D
20.96486,97.63441,339.5,0.39,0.6,2026-04-15,722,N21,VIIRS,n,2.0NRT,307.88,8.27,D
20.96595,97.63014,336.42,0.39,0.6,2026-04-15,722,N21,VIIRS,l,2.0NRT,308.18,5.11,D
20.96633,97.63419,335.58,0.39,0.6,2026-04-15,722,N21,VIIRS,l,2.0NRT,305.85,5.11,D
20.96752,85.17117,339.18,0.43,0.38,2026-04-15,722,N21,VIIRS,l,2.0NRT,308.31,5.17,D
20.96821,85.17521,347.76,0.43,0.38,2026-04-15,722,N21,VIIRS,n,2.0NRT,309.08,5.17,D
20.96822,85.15435,338.97,0.43,0.38,2026-04-15,722,N21,VIIRS,l,2.0NRT,308.73,6.98,D
20.96875,86.0141,336.28,0.4,0.37,2026-04-15,722,N21,VIIRS,l,2.0NRT,309.69,4.94,D
20.96998,86.02172,335.82,0.4,0.37,2026-04-15,722,N21,VIIRS,l,2.0NRT,308.27,3.86,D
20.9703,85.12476,340.88,0.43,0.38,2026-04-15,722,N21,VIIRS,l,2.0NRT,309.51,6.29,D
20.97164,85.17455,336.49,0.43,0.38,2026-04-15,722,N21,VIIRS,l,2.0NRT,307.33,7.07,D
20.97232,85.17859,335.8,0.43,0.38,2026-04-15,722,N21,VIIRS,l,2.0NRT,306.92,3.15,D
20.98854,97.98647,336.77,0.42,0.61,2026-04-15,722,N21,VIIRS,n,2.0NRT,303.86,4.55,D
20.98878,81.66499,341.7,0.43,0.46,2026-04-15,722,N21,VIIRS,l,2.0NRT,313.19,10.15,D
20.99313,97.98627,346.8,0.42,0.61,2026-04-15,722,N21,VIIRS,n,2.0NRT,301.27,7.16,D
20.99411,97.98572,332.91,0.42,0.61,2026-04-15,722,N21,VIIRS,n,2.0NRT,300.37,4.55,D
20.99509,86.01379,345.99,0.4,0.37,2026-04-15,722,N21,VIIRS,l,2.0NRT,305.18,12.81,D
20.99518,93.13522,330.58,0.4,0.45,2026-04-15,722,N21,VIIRS,l,2.0NRT,301.75,3.21,D
21.00028,93.14294,330.16,0.4,0.45,2026-04-15,722,N21,VIIRS,n,2.0NRT,301.35,3.05,D
21.00188,93.93863,330.46,0.45,0.47,2026-04-15,722,N21,VIIRS,l,2.0NRT,302.29,3.82,D
21.00351,93.83971,336.25,0.45,0.47,2026-04-15,722,N21,VIIRS,l,2.0NRT,310.82,4.42,D
21.00386,95.05455,339.23,0.53,0.5,2026-04-15,722,N21,VIIRS,l,2.0NRT,311.4,4.43,D
21.0039,93.843,342.72,0.45,0.47,2026-04-15,722,N21,VIIRS,n,2.0NRT,311.32,4.42,D
21.00429,93.84639,338.76,0.45,0.47,2026-04-15,722,N21,VIIRS,l,2.0NRT,311.32,7.45,D
21.00438,95.05698,341.31,0.53,0.5,2026-04-15,722,N21,VIIRS,l,2.0NRT,311.76,6.48,D
21.00439,95.05958,337.11,0.53,0.5,2026-04-15,722,N21,VIIRS,l,2.0NRT,310.86,5.19,D
21.00472,93.85007,351.82,0.45,0.47,2026-04-15,722,N21,VIIRS,n,2.0NRT,310.44,7.45,D
21.00493,95.06462,343.15,0.53,0.5,2026-04-15,722,N21,VIIRS,n,2.0NRT,309.72,5.19,D
21.00495,95.06201,349.38,0.53,0.5,2026-04-15,722,N21,VIIRS,n,2.0NRT,311.15,6.48,D
21.00773,93.83878,340.19,0.45,0.47,2026-04-15,722,N21,VIIRS,l,2.0NRT,311.76,4.42,D
21.00891,93.84883,351.31,0.45,0.47,2026-04-15,722,N21,VIIRS,n,2.0NRT,312.97,7.45,D
21.01329,83.89413,333.34,0.48,0.4,2026-04-15,722,N21,VIIRS,l,2.0NRT,306.96,2.77,D
21.01511,84.11697,336.27,0.47,0.4,2026-04-15,722,N21,VIIRS,l,2.0NRT,309.38,3.39,D
21.01691,83.89339,334.61,0.48,0.4,2026-04-15,722,N21,VIIRS,l,2.0NRT,306.36,2.77,D
21.018,93.96568,350.86,0.46,0.47,2026-04-15,722,N21,VIIRS,n,2.0NRT,309.32,12.23,D
21.02525,78.44277,351.63,0.34,0.56,2026-04-15,722,N21,VIIRS,n,2.0NRT,322.35,4.81,D
21.0319,82.75306,347.73,0.55,0.43,2026-04-15,722,N21,VIIRS,n,2.0NRT,310.28,11.14,D
21.03339,93.94801,336.95,0.45,0.47,2026-04-15,722,N21,VIIRS,n,2.0NRT,301.96,5.34,D
21.03563,93.85541,352.76,0.45,0.47,2026-04-15,722,N21,VIIRS,n,2.0NRT,309.28,7.08,D
21.03581,84.277,337.78,0.46,0.39,2026-04-15,722,N21,VIIRS,n,2.0NRT,308.91,2.9,D
21.03603,93.85884,337.93,0.45,0.47,2026-04-15,722,N21,VIIRS,n,2.0NRT,306.66,7.08,D
21.03724,93.86906,337.7,0.45,0.47,2026-04-15,722,N21,VIIRS,n,2.0NRT,303.86,4.87,D
21.03754,81.89642,346.67,0.41,0.45,2026-04-15,722,N21,VIIRS,n,2.0NRT,314.97,9.45,D
21.03992,79.91074,340.17,0.55,0.51,2026-04-15,722,N21,VIIRS,n,2.0NRT,314.09,5.71,D
21.0511,81.17365,351.52,0.45,0.47,2026-04-15,722,N21,VIIRS,n,2.0NRT,317.15,19.82,D
21.05161,78.71389,347.43,0.33,0.55,2026-04-15,722,N21,VIIRS,n,2.0NRT,316.83,5.84,D
21.05265,93.88971,332.58,0.45,0.47,2026-04-15,722,N21,VIIRS,n,2.0NRT,299.76,2.48,D
21.0558,93.99087,331.33,0.46,0.47,2026-04-15,722,N21,VIIRS,l,2.0NRT,304.07,6.53,D
21.06126,96.95739,337.52,0.36,0.57,2026-04-15,722,N21,VIIRS,l,2.0NRT,309.1,2.98,D
21.06442,83.98829,333.92,0.48,0.4,2026-04-15,722,N21,VIIRS,l,2.0NRT,307.42,3.19,D
21.06682,83.9866,338.69,0.48,0.4,2026-04-15,722,N21,VIIRS,l,2.0NRT,307.99,7.37,D
21.06803,83.98759,340.89,0.48,0.4,2026-04-15,722,N21,VIIRS,n,2.0NRT,308,3.19,D
21.06814,97.71539,330.23,0.4,0.6,2026-04-15,722,N21,VIIRS,n,2.0NRT,299.99,3.21,D
21.06843,93.87657,339.51,0.45,0.47,2026-04-15,722,N21,VIIRS,n,2.0NRT,303.97,11.66,D
21.06902,93.88148,351.26,0.45,0.47,2026-04-15,722,N21,VIIRS,n,2.0NRT,311.85,56.03,D
21.07188,84.52547,341.93,0.45,0.39,2026-04-15,722,N21,VIIRS,n,2.0NRT,304.3,2.93,D
21.07319,93.88015,341.18,0.45,0.47,2026-04-15,722,N21,VIIRS,n,2.0NRT,306.46,56.03,D
21.07376,93.88496,367,0.45,0.47,2026-04-15,722,N21,VIIRS,l,2.0NRT,325.38,56.03,D
21.0738,93.95844,353.28,0.46,0.47,2026-04-15,722,N21,VIIRS,n,2.0NRT,305.42,14.17,D
21.07742,80.05089,354.81,0.53,0.5,2026-04-15,722,N21,VIIRS,n,2.0NRT,314.24,14.09,D
21.07804,93.95747,348.34,0.46,0.47,2026-04-15,722,N21,VIIRS,n,2.0NRT,303.89,10.04,D
21.07883,80.61337,344.87,0.49,0.49,2026-04-15,722,N21,VIIRS,n,2.0NRT,318.08,10.93,D
21.07899,85.03735,338.66,0.43,0.38,2026-04-15,722,N21,VIIRS,l,2.0NRT,313,9.29,D
21.07927,97.35764,336.62,0.38,0.59,2026-04-15,722,N21,VIIRS,n,2.0NRT,300.42,7.72,D
21.08285,93.8194,345.12,0.45,0.47,2026-04-15,722,N21,VIIRS,n,2.0NRT,310.61,7.55,D
21.08331,93.82351,336.56,0.45,0.47,2026-04-15,722,N21,VIIRS,n,2.0NRT,307.94,7.55,D
21.0835,93.82175,351.57,0.45,0.47,2026-04-15,722,N21,VIIRS,n,2.0NRT,313.68,10.84,D
21.08697,93.81758,340.25,0.45,0.47,2026-04-15,722,N21,VIIRS,n,2.0NRT,307.11,7.55,D
21.08748,93.82206,367,0.45,0.47,2026-04-15,722,N21,VIIRS,h,2.0NRT,312.74,7.55,D
21.08762,93.82016,367,0.45,0.47,2026-04-15,722,N21,VIIRS,h,2.0NRT,312.3,10.97,D
21.08815,93.8245,344.91,0.45,0.47,2026-04-15,722,N21,VIIRS,n,2.0NRT,307.98,8.21,D
21.09163,93.82048,367,0.45,0.47,2026-04-15,722,N21,VIIRS,h,2.0NRT,311.57,16.28,D
21.09176,93.81864,342.56,0.45,0.47,2026-04-15,722,N21,VIIRS,n,2.0NRT,309.4,10.97,D
21.09227,93.82288,342.24,0.45,0.47,2026-04-15,722,N21,VIIRS,n,2.0NRT,305.62,8.21,D
21.09395,97.28616,367,0.38,0.58,2026-04-15,722,N21,VIIRS,h,2.0NRT,311.04,10.61,D
21.106,97.75437,340.29,0.4,0.6,2026-04-15,722,N21,VIIRS,n,2.0NRT,296.98,9.58,D
21.10718,93.91885,344.42,0.45,0.47,2026-04-15,722,N21,VIIRS,n,2.0NRT,306.4,14.38,D
21.12771,92.82717,346.76,0.39,0.44,2026-04-15,722,N21,VIIRS,n,2.0NRT,308.05,11.16,D
21.13123,92.82273,331.13,0.39,0.44,2026-04-15,722,N21,VIIRS,l,2.0NRT,303.01,5.47,D
21.1317,92.82655,344.04,0.39,0.44,2026-04-15,722,N21,VIIRS,n,2.0NRT,308.04,12.21,D
21.13183,93.13319,341.62,0.41,0.45,2026-04-15,722,N21,VIIRS,n,2.0NRT,302.55,7.93,D
21.1328,93.14138,340.67,0.41,0.45,2026-04-15,722,N21,VIIRS,n,2.0NRT,302.47,12.16,D
21.13326,93.14526,342.87,0.41,0.45,2026-04-15,722,N21,VIIRS,n,2.0NRT,304.02,12.16,D
21.13342,85.74763,333.66,0.41,0.37,2026-04-15,722,N21,VIIRS,l,2.0NRT,306.06,8.15,D
21.1359,93.1326,333.89,0.41,0.45,2026-04-15,722,N21,VIIRS,n,2.0NRT,300.36,4.21,D
21.13719,97.3045,337.44,0.38,0.59,2026-04-15,722,N21,VIIRS,n,2.0NRT,305.48,6.17,D
21.13885,97.3027,346.09,0.38,0.59,2026-04-15,722,N21,VIIRS,n,2.0NRT,308.22,8.83,D
21.14052,95.02543,342.58,0.53,0.5,2026-04-15,722,N21,VIIRS,n,2.0NRT,312.35,7.47,D
21.14853,85.77661,333.09,0.41,0.37,2026-04-15,722,N21,VIIRS,l,2.0NRT,307.01,4.89,D
21.1493,79.27026,343.5,0.6,0.53,2026-04-15,722,N21,VIIRS,l,2.0NRT,317.83,12.39,D
21.15106,93.01842,330.56,0.4,0.44,2026-04-15,722,N21,VIIRS,n,2.0NRT,299.06,1.74,D
21.15511,93.01784,339.37,0.4,0.44,2026-04-15,722,N21,VIIRS,n,2.0NRT,309.92,78.19,D
21.15542,81.00852,344.57,0.46,0.47,2026-04-15,722,N21,VIIRS,n,2.0NRT,315.72,10.84,D
21.15623,92.86036,352.59,0.39,0.44,2026-04-15,722,N21,VIIRS,n,2.0NRT,304.37,9.97,D
21.15823,93.14601,330.01,0.41,0.45,2026-04-15,722,N21,VIIRS,n,2.0NRT,302.87,2.79,D
21.15854,79.51003,343.66,0.58,0.52,2026-04-15,722,N21,VIIRS,l,2.0NRT,317.1,17.01,D
21.17014,92.08298,332.23,0.53,0.42,2026-04-15,722,N21,VIIRS,n,2.0NRT,302.18,4.54,D
21.17352,93.67558,330.45,0.44,0.46,2026-04-15,722,N21,VIIRS,n,2.0NRT,300.05,4.86,D
21.17448,93.67999,331.22,0.44,0.46,2026-04-15,722,N21,VIIRS,n,2.0NRT,298.5,2.88,D
21.17664,92.4464,332.26,0.56,0.43,2026-04-15,722,N21,VIIRS,n,2.0NRT,299.88,3.33,D
21.17735,93.67176,332.85,0.44,0.46,2026-04-15,722,N21,VIIRS,n,2.0NRT,302.04,198.51,D
21.17745,93.66869,332.24,0.44,0.46,2026-04-15,722,N21,VIIRS,n,2.0NRT,301.64,4.06,D
21.17779,93.67539,332.56,0.44,0.46,2026-04-15,722,N21,VIIRS,n,2.0NRT,298.13,232.38,D
21.1779,93.67257,335.77,0.44,0.46,2026-04-15,722,N21,VIIRS,n,2.0NRT,300.66,4.06,D
21.17821,93.67892,334.45,0.44,0.46,2026-04-15,722,N21,VIIRS,n,2.0NRT,297.64,232.38,D
21.17831,93.67613,335.43,0.44,0.46,2026-04-15,722,N21,VIIRS,n,2.0NRT,298.02,2.88,D
21.17864,93.6824,332.69,0.44,0.46,2026-04-15,722,N21,VIIRS,n,2.0NRT,295.99,8.08,D
21.17872,93.67964,331.63,0.44,0.46,2026-04-15,722,N21,VIIRS,n,2.0NRT,297.28,2.88,D
21.1811,93.66743,367,0.44,0.46,2026-04-15,722,N21,VIIRS,h,2.0NRT,335.47,198.51,D
21.18122,93.66424,335.48,0.44,0.46,2026-04-15,722,N21,VIIRS,n,2.0NRT,299.89,21.34,D
21.18158,93.6713,367,0.44,0.46,2026-04-15,722,N21,VIIRS,l,2.0NRT,362.85,198.51,D
21.18168,93.66822,367,0.44,0.46,2026-04-15,722,N21,VIIRS,l,2.0NRT,347.17,185.6,D
21.18201,93.67487,367,0.44,0.46,2026-04-15,722,N21,VIIRS,l,2.0NRT,363.38,232.38,D
21.18212,93.67204,367,0.44,0.46,2026-04-15,722,N21,VIIRS,l,2.0NRT,372.25,185.6,D
21.18243,93.67833,367,0.44,0.46,2026-04-15,722,N21,VIIRS,h,2.0NRT,337.25,232.38,D
21.18253,93.67554,367,0.44,0.46,2026-04-15,722,N21,VIIRS,l,2.0NRT,363.55,0,D
21.18285,93.6818,345.76,0.44,0.46,2026-04-15,722,N21,VIIRS,n,2.0NRT,297.26,8.08,D
21.18293,93.67902,355.71,0.44,0.46,2026-04-15,722,N21,VIIRS,n,2.0NRT,314.25,0,D
21.18334,93.6825,344.76,0.44,0.46,2026-04-15,722,N21,VIIRS,n,2.0NRT,297.01,308.6,D
21.18591,93.66777,336.36,0.44,0.46,2026-04-15,722,N21,VIIRS,n,2.0NRT,303.48,185.6,D
21.18602,79.9742,344.91,0.54,0.51,2026-04-15,722,N21,VIIRS,n,2.0NRT,313.16,10.53,D
21.18633,93.67144,351.97,0.44,0.46,2026-04-15,722,N21,VIIRS,n,2.0NRT,303.77,185.6,D
21.18642,79.97614,353.03,0.54,0.51,2026-04-15,722,N21,VIIRS,n,2.0NRT,313.85,19.19,D
21.18674,93.67492,367,0.44,0.46,2026-04-15,722,N21,VIIRS,h,2.0NRT,346.49,0,D
21.18703,79.97915,345.83,0.54,0.51,2026-04-15,722,N21,VIIRS,n,2.0NRT,312.1,11.44,D
21.18715,93.67841,367,0.44,0.46,2026-04-15,722,N21,VIIRS,l,2.0NRT,353.77,0,D
21.18756,93.68201,367,0.44,0.46,2026-04-15,722,N21,VIIRS,l,2.0NRT,374.09,308.6,D
21.18799,93.68569,347.46,0.44,0.46,2026-04-15,722,N21,VIIRS,n,2.0NRT,299.44,308.6,D
21.19102,93.6749,340.15,0.44,0.46,2026-04-15,722,N21,VIIRS,n,2.0NRT,301.76,7.09,D
21.19143,93.67843,349.9,0.44,0.46,2026-04-15,722,N21,VIIRS,n,2.0NRT,303.14,7.09,D
21.19185,93.68209,353.17,0.44,0.46,2026-04-15,722,N21,VIIRS,n,2.0NRT,302.47,14.36,D
21.19296,79.98515,336.19,0.54,0.51,2026-04-15,722,N21,VIIRS,l,2.0NRT,308.95,1.65,D
21.19685,79.52957,343.9,0.57,0.52,2026-04-15,722,N21,VIIRS,n,2.0NRT,315.15,7.33,D
21.19907,79.53133,343.14,0.57,0.52,2026-04-15,722,N21,VIIRS,l,2.0NRT,315.94,4.47,D
21.20222,82.03269,342.52,0.4,0.44,2026-04-15,722,N21,VIIRS,n,2.0NRT,312.18,22.79,D
21.20556,79.57277,343.18,0.57,0.52,2026-04-15,722,N21,VIIRS,n,2.0NRT,312.05,8.65,D
21.20584,83.02243,346.14,0.53,0.42,2026-04-15,722,N21,VIIRS,n,2.0NRT,312,9.2,D
21.20664,79.57809,339.99,0.57,0.52,2026-04-15,722,N21,VIIRS,l,2.0NRT,311.2,8.65,D
21.20807,79.57435,352.64,0.57,0.52,2026-04-15,722,N21,VIIRS,n,2.0NRT,312.44,19.47,D
21.21384,79.57855,348.28,0.57,0.52,2026-04-15,722,N21,VIIRS,n,2.0NRT,311.55,7.65,D
21.21596,79.5759,343.41,0.57,0.52,2026-04-15,722,N21,VIIRS,n,2.0NRT,311.32,11.67,D
21.21703,79.58121,344.88,0.57,0.52,2026-04-15,722,N21,VIIRS,n,2.0NRT,313.59,14.58,D
21.21851,79.57751,344.75,0.57,0.52,2026-04-15,722,N21,VIIRS,n,2.0NRT,311.68,7.65,D
21.22009,93.66698,343.05,0.44,0.46,2026-04-15,722,N21,VIIRS,n,2.0NRT,302.71,17.75,D
21.2205,93.67047,344.26,0.44,0.46,2026-04-15,722,N21,VIIRS,n,2.0NRT,314.82,57.75,D
21.22262,96.64893,350.47,0.34,0.56,2026-04-15,722,N21,VIIRS,n,2.0NRT,301.05,6.6,D
21.22304,79.63544,339.09,0.56,0.52,2026-04-15,722,N21,VIIRS,l,2.0NRT,312.35,4.06,D
21.22471,93.66986,367,0.44,0.46,2026-04-15,722,N21,VIIRS,h,2.0NRT,339.34,133.44,D
21.22489,79.6316,342.18,0.56,0.52,2026-04-15,722,N21,VIIRS,n,2.0NRT,312.77,5.92,D
21.22849,93.66557,367,0.44,0.46,2026-04-15,722,N21,VIIRS,h,2.0NRT,308.56,212.32,D
21.22891,93.66914,330.38,0.44,0.46,2026-04-15,722,N21,VIIRS,n,2.0NRT,298.06,133.44,D
21.23221,93.66075,335.63,0.44,0.46,2026-04-15,722,N21,VIIRS,n,2.0NRT,301.04,88.45,D
21.23267,93.66462,367,0.44,0.46,2026-04-15,722,N21,VIIRS,l,2.0NRT,344.26,88.45,D
21.23309,93.6682,367,0.44,0.46,2026-04-15,722,N21,VIIRS,h,2.0NRT,304.85,71.5,D
21.2335,93.67166,334.77,0.44,0.46,2026-04-15,722,N21,VIIRS,n,2.0NRT,296.23,71.5,D
21.23682,94.07721,341.95,0.47,0.47,2026-04-15,722,N21,VIIRS,n,2.0NRT,301.15,22.18,D
21.23683,93.66358,337.6,0.44,0.46,2026-04-15,722,N21,VIIRS,n,2.0NRT,305.05,88.45,D
21.23726,93.66718,367,0.44,0.46,2026-04-15,722,N21,VIIRS,h,2.0NRT,328.41,71.5,D
21.23768,93.6707,347.03,0.44,0.46,2026-04-15,722,N21,VIIRS,n,2.0NRT,318.91,71.5,D
21.24142,93.66614,353.17,0.44,0.46,2026-04-15,722,N21,VIIRS,n,2.0NRT,301.63,12.16,D
21.24184,93.66965,351.9,0.44,0.46,2026-04-15,722,N21,VIIRS,n,2.0NRT,302.8,12.16,D
21.24226,93.6732,341.61,0.44,0.46,2026-04-15,722,N21,VIIRS,n,2.0NRT,293.77,5.8,D
21.24269,93.67683,331.68,0.44,0.46,2026-04-15,722,N21,VIIRS,n,2.0NRT,286.2,5.8,D
21.2444,93.61932,333.56,0.44,0.46,2026-04-15,722,N21,VIIRS,n,2.0NRT,304.52,4.71,D
21.24669,79.4529,344.32,0.58,0.52,2026-04-15,722,N21,VIIRS,l,2.0NRT,317.25,13.58,D
21.24852,93.61799,338.2,0.44,0.46,2026-04-15,722,N21,VIIRS,n,2.0NRT,307.54,4.71,D
21.24928,83.02593,350.68,0.53,0.42,2026-04-15,722,N21,VIIRS,n,2.0NRT,313.93,15.37,D
21.2605,83.04436,354.19,0.53,0.42,2026-04-15,722,N21,VIIRS,n,2.0NRT,312.64,9.26,D
21.26141,83.04934,339.64,0.53,0.42,2026-04-15,722,N21,VIIRS,l,2.0NRT,313,9.26,D
21.26409,79.56161,344.65,0.57,0.52,2026-04-15,722,N21,VIIRS,n,2.0NRT,314.29,34.03,D
21.2722,80.18849,342.54,0.52,0.5,2026-04-15,722,N21,VIIRS,l,2.0NRT,313.69,6.34,D
21.27332,82.96386,343.8,0.53,0.42,2026-04-15,722,N21,VIIRS,n,2.0NRT,312.23,11.33,D
21.2779,94.12871,335.56,0.47,0.48,2026-04-15,722,N21,VIIRS,n,2.0NRT,306.29,4.2,D
21.29557,80.71815,341.8,0.48,0.48,2026-04-15,722,N21,VIIRS,n,2.0NRT,310.77,5.32,D
21.29992,80.71728,347.55,0.48,0.48,2026-04-15,722,N21,VIIRS,n,2.0NRT,313.4,9.69,D
21.31053,81.71714,340.75,0.42,0.45,2026-04-15,722,N21,VIIRS,l,2.0NRT,315.19,6.45,D
21.31144,81.71704,341.09,0.42,0.45,2026-04-15,722,N21,VIIRS,l,2.0NRT,315.5,6.9,D
21.31255,92.74049,336.86,0.39,0.44,2026-04-15,722,N21,VIIRS,n,2.0NRT,305.37,3.32,D
21.33453,83.38824,336.09,0.5,0.41,2026-04-15,722,N21,VIIRS,l,2.0NRT,308.87,2.7,D
21.3476,81.30046,336.15,0.44,0.46,2026-04-15,722,N21,VIIRS,l,2.0NRT,309.91,6.9,D
21.34827,97.60045,334.08,0.4,0.6,2026-04-15,722,N21,VIIRS,n,2.0NRT,299.35,4.66,D
21.35834,92.23446,333.21,0.54,0.42,2026-04-15,722,N21,VIIRS,n,2.0NRT,301.45,5.99,D
21.3651,93.69234,351.37,0.44,0.46,2026-04-15,722,N21,VIIRS,n,2.0NRT,302.01,9.48,D
21.3659,84.81627,338.06,0.43,0.38,2026-04-15,722,N21,VIIRS,n,2.0NRT,306.44,1.71,D
21.37119,93.70739,335.13,0.44,0.46,2026-04-15,722,N21,VIIRS,n,2.0NRT,302.59,7.46,D
21.37251,93.71853,343.61,0.44,0.46,2026-04-15,722,N21,VIIRS,n,2.0NRT,311.42,8.06,D
21.37459,80.6554,344.79,0.48,0.48,2026-04-15,722,N21,VIIRS,n,2.0NRT,309.6,10.15,D
21.38269,82.98551,338.92,0.53,0.42,2026-04-15,722,N21,VIIRS,n,2.0NRT,310.62,6.64,D
21.3836,82.99048,337.74,0.53,0.42,2026-04-15,722,N21,VIIRS,n,2.0NRT,310.38,9.14,D
21.38461,83.9282,330.43,0.47,0.4,2026-04-15,722,N21,VIIRS,l,2.0NRT,305.17,4.46,D
21.38776,80.67621,337.55,0.48,0.48,2026-04-15,722,N21,VIIRS,n,2.0NRT,309.07,4.64,D
21.39823,92.69101,330.35,0.38,0.44,2026-04-15,722,N21,VIIRS,l,2.0NRT,302.02,2.9,D
21.40626,80.70129,340.92,0.48,0.48,2026-04-15,722,N21,VIIRS,n,2.0NRT,309.8,6.72,D
21.4115,80.70497,345.4,0.48,0.48,2026-04-15,722,N21,VIIRS,n,2.0NRT,308.66,6.72,D
21.41167,92.98179,354.38,0.4,0.44,2026-04-15,722,N21,VIIRS,n,2.0NRT,303.72,15.07,D
21.41575,82.00359,349.34,0.4,0.44,2026-04-15,722,N21,VIIRS,n,2.0NRT,317.25,9.33,D
21.41575,92.98145,342.21,0.4,0.44,2026-04-15,722,N21,VIIRS,n,2.0NRT,304.81,24.66,D
21.41647,92.98136,340.65,0.4,0.44,2026-04-15,722,N21,VIIRS,n,2.0NRT,301.19,6.52,D
21.42467,85.5261,340.04,0.41,0.37,2026-04-15,722,N21,VIIRS,l,2.0NRT,309.09,7.39,D
21.42708,85.56197,345.61,0.41,0.37,2026-04-15,722,N21,VIIRS,n,2.0NRT,310.01,10.11,D
21.42764,93.71207,351.56,0.44,0.46,2026-04-15,722,N21,VIIRS,n,2.0NRT,309.67,19.52,D
21.42771,85.5658,351.11,0.41,0.37,2026-04-15,722,N21,VIIRS,n,2.0NRT,312.14,10.11,D
21.42833,85.56961,339.07,0.41,0.37,2026-04-15,722,N21,VIIRS,n,2.0NRT,310.13,16.92,D
21.42889,95.31669,348.78,0.56,0.52,2026-04-15,722,N21,VIIRS,n,2.0NRT,312.69,14.34,D
21.43045,85.56132,342.41,0.41,0.37,2026-04-15,722,N21,VIIRS,n,2.0NRT,307.7,10.11,D
21.43108,85.56517,367,0.41,0.37,2026-04-15,722,N21,VIIRS,h,2.0NRT,310.6,10.11,D
21.4327,85.53258,336.77,0.41,0.37,2026-04-15,722,N21,VIIRS,l,2.0NRT,309.17,5.64,D
21.44358,92.56747,337.1,0.57,0.43,2026-04-15,722,N21,VIIRS,n,2.0NRT,298.57,5.73,D
21.44698,92.28005,331.18,0.55,0.42,2026-04-15,722,N21,VIIRS,l,2.0NRT,301.82,2.56,D
21.44717,81.54707,345.47,0.42,0.46,2026-04-15,722,N21,VIIRS,n,2.0NRT,318.09,8.67,D
21.45298,92.70812,330.34,0.39,0.44,2026-04-15,722,N21,VIIRS,l,2.0NRT,303.44,2.5,D
21.45367,85.52475,343.94,0.41,0.37,2026-04-15,722,N21,VIIRS,l,2.0NRT,318.67,59.55,D
21.45432,85.52866,334.79,0.41,0.37,2026-04-15,722,N21,VIIRS,l,2.0NRT,307.33,59.55,D
21.45706,94.20535,330.84,0.48,0.48,2026-04-15,722,N21,VIIRS,l,2.0NRT,305.52,2.67,D
21.45785,93.01728,330.47,0.4,0.44,2026-04-15,722,N21,VIIRS,l,2.0NRT,301.82,2.7,D
21.46006,92.57063,331.13,0.57,0.43,2026-04-15,722,N21,VIIRS,n,2.0NRT,293.54,4.81,D
21.46151,92.58211,337.72,0.57,0.43,2026-04-15,722,N21,VIIRS,n,2.0NRT,305.25,12.47,D
21.46219,92.58753,348.73,0.57,0.43,2026-04-15,722,N21,VIIRS,n,2.0NRT,306.65,12.47,D
21.46401,92.57006,332.49,0.57,0.43,2026-04-15,722,N21,VIIRS,n,2.0NRT,293.41,4.64,D
21.46544,92.58135,330.46,0.57,0.43,2026-04-15,722,N21,VIIRS,l,2.0NRT,303.23,28.99,D
21.46611,92.58675,350.59,0.57,0.43,2026-04-15,722,N21,VIIRS,n,2.0NRT,311.26,28.99,D
21.46647,93.02029,344.77,0.4,0.44,2026-04-15,722,N21,VIIRS,n,2.0NRT,302.87,10.06,D
21.48341,93.81961,337.84,0.45,0.47,2026-04-15,722,N21,VIIRS,n,2.0NRT,301.6,8.86,D
21.48763,93.81858,331.32,0.45,0.47,2026-04-15,722,N21,VIIRS,n,2.0NRT,299.57,8.86,D
21.4882,93.82339,355.22,0.45,0.47,2026-04-15,722,N21,VIIRS,n,2.0NRT,304.76,8.86,D
21.49726,80.99203,344.16,0.46,0.47,2026-04-15,722,N21,VIIRS,n,2.0NRT,316.09,8.7,D
21.49823,80.9915,344.19,0.46,0.47,2026-04-15,722,N21,VIIRS,n,2.0NRT,315.87,8.19,D
21.49943,97.1898,337.65,0.37,0.58,2026-04-15,722,N21,VIIRS,n,2.0NRT,302.7,5.03,D
21.49958,81.73354,342.26,0.41,0.45,2026-04-15,722,N21,VIIRS,l,2.0NRT,316.79,10.39,D
21.49976,97.19321,336.34,0.37,0.58,2026-04-15,722,N21,VIIRS,n,2.0NRT,301.73,5.03,D
21.5017,93.28024,351.13,0.42,0.45,2026-04-15,722,N21,VIIRS,n,2.0NRT,312.06,17.24,D
21.50218,93.28432,349.02,0.42,0.45,2026-04-15,722,N21,VIIRS,n,2.0NRT,307.76,11.44,D
21.50266,93.28832,349.2,0.42,0.45,2026-04-15,722,N21,VIIRS,n,2.0NRT,309.58,11.44,D
21.5031,93.29202,355.33,0.42,0.45,2026-04-15,722,N21,VIIRS,n,2.0NRT,311.07,9.09,D
21.50539,93.27602,367,0.42,0.45,2026-04-15,722,N21,VIIRS,h,2.0NRT,316.73,17.24,D
21.50585,93.27984,367,0.42,0.45,2026-04-15,722,N21,VIIRS,h,2.0NRT,323.21,17.24,D
21.50633,93.28388,367,0.42,0.45,2026-04-15,722,N21,VIIRS,h,2.0NRT,315.91,11.44,D
21.5068,93.28789,367,0.42,0.45,2026-04-15,722,N21,VIIRS,h,2.0NRT,312.85,11.44,D
21.50699,81.31078,340.69,0.44,0.46,2026-04-15,722,N21,VIIRS,l,2.0NRT,313.64,12.89,D
21.50725,93.29162,338.42,0.42,0.45,2026-04-15,722,N21,VIIRS,n,2.0NRT,306.01,9.09,D
21.50858,93.26753,346.79,0.42,0.45,2026-04-15,722,N21,VIIRS,n,2.0NRT,308.03,20.72,D
21.50905,93.27148,353.79,0.42,0.45,2026-04-15,722,N21,VIIRS,n,2.0NRT,319.5,20.72,D
21.50951,93.27536,367,0.42,0.45,2026-04-15,722,N21,VIIRS,h,2.0NRT,317.88,15.71,D
21.50998,93.27928,367,0.42,0.45,2026-04-15,722,N21,VIIRS,h,2.0NRT,316.71,15.71,D
21.51047,93.28336,354.19,0.42,0.45,2026-04-15,722,N21,VIIRS,n,2.0NRT,312.21,13.06,D
21.51317,93.2708,367,0.42,0.45,2026-04-15,722,N21,VIIRS,h,2.0NRT,316,20.72,D
21.51364,93.27475,344.52,0.42,0.45,2026-04-15,722,N21,VIIRS,n,2.0NRT,311.84,15.71,D
21.51686,93.26655,337.71,0.42,0.45,2026-04-15,722,N21,VIIRS,n,2.0NRT,304.4,16.1,D
21.51732,93.27042,367,0.42,0.45,2026-04-15,722,N21,VIIRS,h,2.0NRT,315.8,16.1,D
21.51743,95.45746,337.96,0.58,0.52,2026-04-15,722,N21,VIIRS,l,2.0NRT,311.46,7.46,D
21.521,93.26614,342.33,0.42,0.45,2026-04-15,722,N21,VIIRS,n,2.0NRT,305.36,16.1,D
21.52147,93.27003,355.24,0.42,0.45,2026-04-15,722,N21,VIIRS,n,2.0NRT,315.49,16.1,D
21.52426,92.54308,332.68,0.57,0.43,2026-04-15,722,N21,VIIRS,l,2.0NRT,304.64,24.38,D
21.52493,92.54848,346.48,0.57,0.43,2026-04-15,722,N21,VIIRS,n,2.0NRT,307.35,24.38,D
21.52555,93.26899,340.77,0.42,0.45,2026-04-15,722,N21,VIIRS,n,2.0NRT,304.45,6.4,D
21.52822,92.54256,346.31,0.57,0.43,2026-04-15,722,N21,VIIRS,n,2.0NRT,304.73,21.33,D
21.52861,92.48105,344.64,0.56,0.43,2026-04-15,722,N21,VIIRS,n,2.0NRT,303.75,19.13,D
21.5289,92.54806,343.66,0.57,0.43,2026-04-15,722,N21,VIIRS,n,2.0NRT,305.47,21.33,D
21.53073,95.58422,344.37,0.59,0.53,2026-04-15,722,N21,VIIRS,n,2.0NRT,312.29,14.15,D
21.53438,85.43764,336.6,0.41,0.37,2026-04-15,722,N21,VIIRS,l,2.0NRT,310.64,5.71,D
21.53615,92.57419,347.8,0.57,0.43,2026-04-15,722,N21,VIIRS,n,2.0NRT,302.63,13.73,D
21.53679,92.57941,336.45,0.57,0.43,2026-04-15,722,N21,VIIRS,n,2.0NRT,301.26,13.73,D
21.54014,92.5739,336.8,0.57,0.43,2026-04-15,722,N21,VIIRS,n,2.0NRT,302.8,7.59,D
21.5447,85.39504,336.24,0.41,0.37,2026-04-15,722,N21,VIIRS,l,2.0NRT,310.89,46.78,D
21.54874,85.39832,351.39,0.41,0.37,2026-04-15,722,N21,VIIRS,l,2.0NRT,313.39,12.82,D
21.5507,83.30907,341.73,0.51,0.41,2026-04-15,722,N21,VIIRS,n,2.0NRT,309.99,11.87,D
21.56208,81.90549,340.15,0.4,0.44,2026-04-15,722,N21,VIIRS,l,2.0NRT,313.32,10.41,D
21.56256,93.26256,337.06,0.42,0.45,2026-04-15,722,N21,VIIRS,n,2.0NRT,305.19,5.76,D
21.56305,93.26655,346.72,0.42,0.45,2026-04-15,722,N21,VIIRS,n,2.0NRT,303.66,9.06,D
21.56511,81.9043,339.32,0.4,0.44,2026-04-15,722,N21,VIIRS,l,2.0NRT,314.02,10.49,D
21.56523,93.26283,348.77,0.42,0.45,2026-04-15,722,N21,VIIRS,n,2.0NRT,313.89,35.63,D
21.56568,93.26672,342.66,0.42,0.45,2026-04-15,722,N21,VIIRS,n,2.0NRT,310.36,40.27,D
21.5694,93.2626,353.3,0.42,0.45,2026-04-15,722,N21,VIIRS,n,2.0NRT,311.9,35.63,D
21.57206,85.32852,338.2,0.42,0.37,2026-04-15,722,N21,VIIRS,l,2.0NRT,309.03,4.25,D
21.57319,85.37732,336.4,0.41,0.37,2026-04-15,722,N21,VIIRS,l,2.0NRT,307.23,6.59,D
21.57377,92.23083,335.62,0.55,0.42,2026-04-15,722,N21,VIIRS,n,2.0NRT,302.17,12.52,D
21.57621,93.28493,367,0.42,0.45,2026-04-15,722,N21,VIIRS,l,2.0NRT,342.95,217.25,D
21.57875,92.53314,338.91,0.57,0.43,2026-04-15,722,N21,VIIRS,n,2.0NRT,302.57,5.23,D
21.57947,92.53466,336.09,0.57,0.43,2026-04-15,722,N21,VIIRS,n,2.0NRT,304.47,8.97,D
21.57954,93.75866,341.78,0.45,0.47,2026-04-15,722,N21,VIIRS,n,2.0NRT,305.96,6.03,D
21.57982,93.2799,341.63,0.42,0.45,2026-04-15,722,N21,VIIRS,n,2.0NRT,303.43,217.25,D
21.58032,93.2842,347.64,0.42,0.45,2026-04-15,722,N21,VIIRS,n,2.0NRT,304.53,217.25,D
21.58102,97.04481,337.08,0.37,0.58,2026-04-15,722,N21,VIIRS,l,2.0NRT,308.31,4.56,D
21.58123,81.32904,337.34,0.44,0.46,2026-04-15,722,N21,VIIRS,l,2.0NRT,310.36,7.75,D
21.5843,93.65304,350.22,0.44,0.46,2026-04-15,722,N21,VIIRS,n,2.0NRT,310.25,6.94,D
21.58474,93.65672,335.9,0.44,0.46,2026-04-15,722,N21,VIIRS,l,2.0NRT,308.63,6.94,D
21.58623,93.37114,338.28,0.43,0.46,2026-04-15,722,N21,VIIRS,n,2.0NRT,308.78,9.88,D
21.58672,93.37534,337.84,0.43,0.46,2026-04-15,722,N21,VIIRS,n,2.0NRT,305.39,7.93,D
21.593,83.5456,336.76,0.49,0.4,2026-04-15,722,N21,VIIRS,l,2.0NRT,309.12,3.42,D
21.59538,85.40574,345.37,0.41,0.37,2026-04-15,722,N21,VIIRS,n,2.0NRT,307.38,6.77,D
21.59812,93.95558,339.79,0.46,0.47,2026-04-15,722,N21,VIIRS,n,2.0NRT,301.94,11.08,D
21.59869,93.96056,340.05,0.46,0.47,2026-04-15,722,N21,VIIRS,n,2.0NRT,302.7,16.96,D
21.60041,92.31805,330.98,0.55,0.43,2026-04-15,722,N21,VIIRS,l,2.0NRT,302.34,3.93,D
21.60417,97.11777,330.36,0.37,0.58,2026-04-15,722,N21,VIIRS,n,2.0NRT,303.7,3.64,D
21.60452,97.12136,333.51,0.37,0.58,2026-04-15,722,N21,VIIRS,n,2.0NRT,302.6,4.96,D
21.60514,92.55195,334.24,0.57,0.43,2026-04-15,722,N21,VIIRS,n,2.0NRT,305.42,4.48,D
21.60571,92.36079,334.01,0.56,0.43,2026-04-15,722,N21,VIIRS,n,2.0NRT,303.95,72.94,D
21.60605,82.79308,336.14,0.54,0.42,2026-04-15,722,N21,VIIRS,l,2.0NRT,309.09,2.86,D
21.6095,94.71671,334.09,0.52,0.5,2026-04-15,722,N21,VIIRS,l,2.0NRT,307.25,1.46,D
21.61139,92.82059,350.16,0.39,0.44,2026-04-15,722,N21,VIIRS,n,2.0NRT,304.72,9.29,D
21.61148,94.03303,336.62,0.47,0.48,2026-04-15,722,N21,VIIRS,n,2.0NRT,304.11,3.69,D
21.61302,92.82104,351.01,0.39,0.44,2026-04-15,722,N21,VIIRS,n,2.0NRT,305.36,10.09,D
21.61616,82.31406,344.46,0.57,0.43,2026-04-15,722,N21,VIIRS,l,2.0NRT,314.76,8.83,D
21.62247,92.9014,332.06,0.4,0.44,2026-04-15,722,N21,VIIRS,n,2.0NRT,303.91,2.95,D
21.62418,92.91586,333.04,0.4,0.44,2026-04-15,722,N21,VIIRS,n,2.0NRT,301.02,3.55,D
21.62614,93.68052,336.47,0.45,0.47,2026-04-15,722,N21,VIIRS,n,2.0NRT,307.22,4.81,D
21.62677,92.59723,334.97,0.38,0.43,2026-04-15,722,N21,VIIRS,n,2.0NRT,302.18,3.81,D
21.62722,92.91462,330.79,0.4,0.44,2026-04-15,722,N21,VIIRS,n,2.0NRT,300.68,4.48,D
21.6275,92.98325,332.13,0.4,0.44,2026-04-15,722,N21,VIIRS,l,2.0NRT,303.49,4.4,D
21.62868,93.70309,338.87,0.45,0.47,2026-04-15,722,N21,VIIRS,n,2.0NRT,305.26,5.49,D
21.62997,93.92806,331.89,0.46,0.47,2026-04-15,722,N21,VIIRS,n,2.0NRT,300.92,7.87,D
21.63054,93.93292,348.27,0.46,0.47,2026-04-15,722,N21,VIIRS,n,2.0NRT,302.48,7.87,D
21.63101,93.6855,338.07,0.45,0.47,2026-04-15,722,N21,VIIRS,n,2.0NRT,302.93,5.71,D
21.63188,92.87674,343.59,0.4,0.44,2026-04-15,722,N21,VIIRS,n,2.0NRT,302.32,5.66,D
21.63235,93.92911,345.14,0.46,0.47,2026-04-15,722,N21,VIIRS,n,2.0NRT,304.32,16.8,D
21.63261,82.03547,341.13,0.39,0.44,2026-04-15,722,N21,VIIRS,l,2.0NRT,315.25,7.13,D
21.63261,83.19955,338.39,0.51,0.41,2026-04-15,722,N21,VIIRS,l,2.0NRT,312.91,8.74,D
21.63285,93.93369,349.86,0.46,0.47,2026-04-15,722,N21,VIIRS,n,2.0NRT,305.01,16.8,D
21.63427,93.92743,332.65,0.46,0.47,2026-04-15,722,N21,VIIRS,n,2.0NRT,300.79,7.87,D
21.63481,93.93195,355.27,0.46,0.47,2026-04-15,722,N21,VIIRS,n,2.0NRT,303.55,7.87,D
21.63523,83.1283,346.56,0.52,0.41,2026-04-15,722,N21,VIIRS,n,2.0NRT,311.73,9.3,D
21.64132,81.37163,338.04,0.43,0.46,2026-04-15,722,N21,VIIRS,l,2.0NRT,312.39,6.1,D
21.6421,81.37572,343.73,0.43,0.46,2026-04-15,722,N21,VIIRS,n,2.0NRT,311.58,6.1,D
21.64547,81.57175,344.49,0.42,0.45,2026-04-15,722,N21,VIIRS,n,2.0NRT,313.63,11.83,D
21.64861,92.54549,336.57,0.57,0.43,2026-04-15,722,N21,VIIRS,n,2.0NRT,305.23,20.39,D
21.64908,83.14064,338.15,0.51,0.41,2026-04-15,722,N21,VIIRS,l,2.0NRT,310.36,5.84,D
21.65255,92.54479,332.89,0.57,0.43,2026-04-15,722,N21,VIIRS,n,2.0NRT,307.59,36.85,D
21.66118,82.44928,348.19,0.56,0.43,2026-04-15,722,N21,VIIRS,n,2.0NRT,314.7,22.28,D
21.66141,82.44735,347.79,0.56,0.43,2026-04-15,722,N21,VIIRS,n,2.0NRT,314.87,25.18,D
21.66459,93.6778,338.49,0.45,0.47,2026-04-15,722,N21,VIIRS,n,2.0NRT,303.38,7.53,D
21.66618,92.82101,343.63,0.39,0.44,2026-04-15,722,N21,VIIRS,n,2.0NRT,299.89,3.12,D
21.66698,82.48109,339.62,0.56,0.43,2026-04-15,722,N21,VIIRS,l,2.0NRT,311.55,4.62,D
21.66741,82.4791,339.64,0.56,0.43,2026-04-15,722,N21,VIIRS,l,2.0NRT,311.45,5.84,D
21.66768,93.70442,341.24,0.45,0.47,2026-04-15,722,N21,VIIRS,l,2.0NRT,312.33,59.44,D
21.66788,93.66908,338.9,0.44,0.46,2026-04-15,722,N21,VIIRS,n,2.0NRT,305.95,8.18,D
21.66832,93.67282,344.85,0.45,0.47,2026-04-15,722,N21,VIIRS,n,2.0NRT,305.32,8.18,D
21.67135,93.69884,347.15,0.45,0.47,2026-04-15,722,N21,VIIRS,n,2.0NRT,305.36,59.44,D
21.67179,93.66566,335.98,0.44,0.46,2026-04-15,722,N21,VIIRS,n,2.0NRT,303.48,6.35,D
21.67583,92.90076,346.37,0.4,0.44,2026-04-15,722,N21,VIIRS,n,2.0NRT,307.72,45.46,D
21.67948,92.89697,348.3,0.4,0.44,2026-04-15,722,N21,VIIRS,n,2.0NRT,302.1,7.19,D
21.67972,93.69656,337.42,0.45,0.47,2026-04-15,722,N21,VIIRS,n,2.0NRT,306.99,6.7,D
21.67985,93.80919,340.14,0.45,0.47,2026-04-15,722,N21,VIIRS,n,2.0NRT,307.14,5.68,D
21.6804,93.70237,349.63,0.45,0.47,2026-04-15,722,N21,VIIRS,n,2.0NRT,305.09,6.7,D
21.68294,97.22339,333.43,0.38,0.59,2026-04-15,722,N21,VIIRS,l,2.0NRT,303.93,2.52,D
21.68368,93.80473,338.44,0.45,0.47,2026-04-15,722,N21,VIIRS,n,2.0NRT,306.68,5.68,D
21.68737,92.76057,338.12,0.39,0.44,2026-04-15,722,N21,VIIRS,n,2.0NRT,300.94,2.89,D
21.6878,81.77046,340.25,0.41,0.45,2026-04-15,722,N21,VIIRS,l,2.0NRT,315.07,8.7,D
21.68856,84.78551,333.12,0.43,0.38,2026-04-15,722,N21,VIIRS,n,2.0NRT,304.94,2.46,D
21.69202,84.78489,341.58,0.43,0.38,2026-04-15,722,N21,VIIRS,n,2.0NRT,305.39,2.8,D
21.69373,92.87894,339.59,0.4,0.44,2026-04-15,722,N21,VIIRS,n,2.0NRT,301.51,7.07,D
21.69427,93.71007,332.12,0.45,0.47,2026-04-15,722,N21,VIIRS,l,2.0NRT,306.49,3.46,D
21.69505,93.68021,332.56,0.45,0.47,2026-04-15,722,N21,VIIRS,l,2.0NRT,305.25,2.59,D
21.69547,93.68375,335.16,0.45,0.47,2026-04-15,722,N21,VIIRS,l,2.0NRT,305.61,6.58,D
21.69663,92.86912,350.1,0.4,0.44,2026-04-15,722,N21,VIIRS,n,2.0NRT,300.64,10.84,D
21.69785,93.7404,340.29,0.45,0.47,2026-04-15,722,N21,VIIRS,n,2.0NRT,306.25,6.87,D
21.69849,93.67286,338.14,0.45,0.47,2026-04-15,722,N21,VIIRS,n,2.0NRT,307.32,8.6,D
21.69884,93.74881,347.74,0.45,0.47,2026-04-15,722,N21,VIIRS,n,2.0NRT,310.36,17.8,D
21.6989,93.67628,345.87,0.45,0.47,2026-04-15,722,N21,VIIRS,n,2.0NRT,311.84,9.86,D
21.70233,93.66885,351.78,0.44,0.46,2026-04-15,722,N21,VIIRS,n,2.0NRT,312.49,8.6,D
21.70273,93.67226,334.71,0.45,0.47,2026-04-15,722,N21,VIIRS,l,2.0NRT,308.83,8.6,D
21.70482,97.11296,334.61,0.37,0.58,2026-04-15,722,N21,VIIRS,n,2.0NRT,297.1,4.43,D
21.70493,93.69069,332.04,0.45,0.47,2026-04-15,722,N21,VIIRS,l,2.0NRT,303.36,2.47,D
21.70617,93.66495,341.67,0.44,0.46,2026-04-15,722,N21,VIIRS,n,2.0NRT,310.18,5.23,D
21.70892,92.55222,337.14,0.57,0.43,2026-04-15,722,N21,VIIRS,n,2.0NRT,304.54,6.95,D
21.70918,92.19812,334.82,0.55,0.42,2026-04-15,722,N21,VIIRS,n,2.0NRT,302.29,5.98,D
21.71044,93.66458,337.46,0.44,0.46,2026-04-15,722,N21,VIIRS,l,2.0NRT,307.71,5.23,D
21.71086,92.56831,333.62,0.57,0.43,2026-04-15,722,N21,VIIRS,n,2.0NRT,302.84,6.68,D
21.71097,92.85224,338.01,0.4,0.44,2026-04-15,722,N21,VIIRS,n,2.0NRT,300.95,5.72,D
21.71136,93.67397,333.57,0.45,0.47,2026-04-15,722,N21,VIIRS,l,2.0NRT,306.12,3.01,D
21.71204,93.86108,342.76,0.46,0.47,2026-04-15,722,N21,VIIRS,n,2.0NRT,307.67,6.35,D
21.71555,92.85606,334.52,0.4,0.44,2026-04-15,722,N21,VIIRS,n,2.0NRT,297.22,6.1,D
21.71569,93.6742,332.02,0.45,0.47,2026-04-15,722,N21,VIIRS,l,2.0NRT,306.21,3.01,D
21.71618,93.67641,331.25,0.45,0.47,2026-04-15,722,N21,VIIRS,l,2.0NRT,305.98,3.57,D
21.7197,96.18784,367,0.32,0.55,2026-04-15,722,N21,VIIRS,h,2.0NRT,303.88,8.31,D
21.7201,92.85963,331.54,0.4,0.44,2026-04-15,722,N21,VIIRS,n,2.0NRT,300.11,4.3,D
21.72016,92.54525,355.25,0.57,0.43,2026-04-15,722,N21,VIIRS,n,2.0NRT,302.92,38.6,D
21.72411,92.85038,338.01,0.4,0.44,2026-04-15,722,N21,VIIRS,n,2.0NRT,301.67,6.8,D
21.72446,84.10373,332.67,0.46,0.39,2026-04-15,722,N21,VIIRS,l,2.0NRT,307.39,1.89,D
21.72467,92.85516,334.41,0.4,0.44,2026-04-15,722,N21,VIIRS,n,2.0NRT,301.59,6.8,D
21.7271,92.84995,367,0.4,0.44,2026-04-15,722,N21,VIIRS,h,2.0NRT,306.15,11.01,D
21.72769,92.85462,337.81,0.4,0.44,2026-04-15,722,N21,VIIRS,n,2.0NRT,303.25,11.01,D
21.72817,92.85004,350.93,0.4,0.44,2026-04-15,722,N21,VIIRS,n,2.0NRT,304.69,6.8,D
21.72817,92.85854,341.87,0.4,0.44,2026-04-15,722,N21,VIIRS,n,2.0NRT,304.17,14.62,D
21.72865,92.86235,344.6,0.4,0.44,2026-04-15,722,N21,VIIRS,n,2.0NRT,307.29,14.62,D
21.72917,92.8586,337.88,0.4,0.44,2026-04-15,722,N21,VIIRS,n,2.0NRT,305.06,13.94,D
21.72962,92.86241,343.04,0.4,0.44,2026-04-15,722,N21,VIIRS,n,2.0NRT,305.84,13.94,D
21.73213,94.03317,343.62,0.47,0.48,2026-04-15,722,N21,VIIRS,n,2.0NRT,311.6,14.52,D
21.73317,84.04736,337.24,0.46,0.39,2026-04-15,722,N21,VIIRS,l,2.0NRT,307.03,5.14,D
21.73357,92.82631,345.44,0.4,0.44,2026-04-15,722,N21,VIIRS,n,2.0NRT,306.69,21.09,D
21.73463,85.2245,339.74,0.42,0.37,2026-04-15,722,N21,VIIRS,n,2.0NRT,308.56,4.4,D
21.73577,93.73717,335.75,0.45,0.47,2026-04-15,722,N21,VIIRS,n,2.0NRT,305.47,5.21,D
21.73596,85.23242,332.53,0.42,0.37,2026-04-15,722,N21,VIIRS,l,2.0NRT,306.67,3.01,D
21.73806,93.75763,339.92,0.45,0.47,2026-04-15,722,N21,VIIRS,n,2.0NRT,311.73,5.03,D
21.74033,93.89433,344,0.46,0.47,2026-04-15,722,N21,VIIRS,n,2.0NRT,307.85,5.38,D
21.74039,92.48068,338.26,0.57,0.43,2026-04-15,722,N21,VIIRS,n,2.0NRT,306.5,11.69,D
21.7416,93.86648,338.7,0.46,0.47,2026-04-15,722,N21,VIIRS,n,2.0NRT,308.74,13.46,D
21.74194,93.89218,348.86,0.46,0.47,2026-04-15,722,N21,VIIRS,n,2.0NRT,310.15,9.99,D
21.74293,93.86374,346.99,0.46,0.47,2026-04-15,722,N21,VIIRS,n,2.0NRT,309.46,13.69,D
21.74347,93.86829,343.77,0.46,0.47,2026-04-15,722,N21,VIIRS,n,2.0NRT,313.57,20.36,D
21.74368,92.47476,335.52,0.57,0.43,2026-04-15,722,N21,VIIRS,n,2.0NRT,305.18,14.84,D
21.74391,83.8437,340.45,0.47,0.4,2026-04-15,722,N21,VIIRS,l,2.0NRT,311.11,7.36,D
21.74417,92.57679,339.96,0.38,0.43,2026-04-15,722,N21,VIIRS,n,2.0NRT,308.48,14.91,D
21.74422,93.88998,339.11,0.46,0.47,2026-04-15,722,N21,VIIRS,n,2.0NRT,309.02,3.21,D
21.74434,92.48015,336.74,0.57,0.43,2026-04-15,722,N21,VIIRS,n,2.0NRT,305.16,14.84,D
21.74533,93.86068,343.12,0.46,0.47,2026-04-15,722,N21,VIIRS,n,2.0NRT,311.27,13.46,D
21.74584,93.86522,367,0.46,0.47,2026-04-15,722,N21,VIIRS,h,2.0NRT,315.02,13.46,D
21.74751,83.84298,341.59,0.47,0.4,2026-04-15,722,N21,VIIRS,l,2.0NRT,312.96,11.12,D
21.74792,92.60731,339.37,0.38,0.44,2026-04-15,722,N21,VIIRS,n,2.0NRT,309.49,38.06,D
21.74996,83.81456,339.25,0.47,0.4,2026-04-15,722,N21,VIIRS,l,2.0NRT,311.41,7.49,D
21.75031,85.21336,351.37,0.42,0.38,2026-04-15,722,N21,VIIRS,n,2.0NRT,310.8,9.13,D
21.75036,93.82777,341.88,0.46,0.47,2026-04-15,722,N21,VIIRS,n,2.0NRT,307.97,6.56,D
21.75091,93.93079,339.21,0.46,0.47,2026-04-15,722,N21,VIIRS,n,2.0NRT,307.89,5.21,D
21.75144,93.91536,336.08,0.46,0.47,2026-04-15,722,N21,VIIRS,n,2.0NRT,307.85,2.67,D
21.75252,93.84705,340.69,0.46,0.47,2026-04-15,722,N21,VIIRS,n,2.0NRT,307.33,3.53,D
21.75372,85.21281,339.4,0.42,0.38,2026-04-15,722,N21,VIIRS,n,2.0NRT,307.06,9.13,D
21.75431,93.90189,334.6,0.46,0.47,2026-04-15,722,N21,VIIRS,l,2.0NRT,308.51,2.03,D
21.75637,82.63418,336.57,0.55,0.42,2026-04-15,722,N21,VIIRS,l,2.0NRT,311.41,6.47,D
21.75689,92.48414,349.63,0.57,0.43,2026-04-15,722,N21,VIIRS,n,2.0NRT,306.13,16.56,D
21.76002,92.80781,344.86,0.39,0.44,2026-04-15,722,N21,VIIRS,n,2.0NRT,305.77,12.93,D
21.76093,92.58167,344.04,0.38,0.43,2026-04-15,722,N21,VIIRS,n,2.0NRT,304.84,10.04,D
21.76104,92.42126,333.93,0.56,0.43,2026-04-15,722,N21,VIIRS,n,2.0NRT,301.66,7.21,D
21.76134,92.58504,352.67,0.38,0.43,2026-04-15,722,N21,VIIRS,n,2.0NRT,303.76,9.41,D
21.76226,83.48025,334.69,0.49,0.4,2026-04-15,722,N21,VIIRS,l,2.0NRT,306.78,5.03,D
21.76344,97.00558,352.39,0.37,0.58,2026-04-15,722,N21,VIIRS,n,2.0NRT,303.78,10.13,D
21.76446,92.57762,341.6,0.38,0.43,2026-04-15,722,N21,VIIRS,n,2.0NRT,303.36,10.58,D
21.76456,84.02399,338.88,0.46,0.39,2026-04-15,722,N21,VIIRS,l,2.0NRT,308.28,4.41,D
21.76491,92.58122,343.19,0.38,0.43,2026-04-15,722,N21,VIIRS,n,2.0NRT,305.48,10.58,D
21.76796,92.57323,336.89,0.38,0.43,2026-04-15,722,N21,VIIRS,n,2.0NRT,304.28,11.26,D
21.76839,97.00138,367,0.37,0.58,2026-04-15,722,N21,VIIRS,h,2.0NRT,304.76,10.13,D
21.76844,92.57711,355.05,0.38,0.43,2026-04-15,722,N21,VIIRS,n,2.0NRT,304.52,10.58,D
21.76854,82.74355,339.42,0.54,0.42,2026-04-15,722,N21,VIIRS,l,2.0NRT,313.08,8.89,D
21.76939,93.91917,344.31,0.46,0.47,2026-04-15,722,N21,VIIRS,n,2.0NRT,309.93,7.96,D
21.76948,82.74866,339.24,0.54,0.42,2026-04-15,722,N21,VIIRS,l,2.0NRT,312.28,8.89,D
21.77146,92.56889,338.84,0.38,0.43,2026-04-15,722,N21,VIIRS,n,2.0NRT,302.75,3.48,D
21.77296,92.95012,347.49,0.4,0.44,2026-04-15,722,N21,VIIRS,n,2.0NRT,306.89,8.66,D
21.77323,93.91438,339.19,0.46,0.47,2026-04-15,722,N21,VIIRS,l,2.0NRT,309.27,6.04,D
21.77374,93.91885,339.16,0.46,0.47,2026-04-15,722,N21,VIIRS,n,2.0NRT,308.87,6.04,D
21.77423,93.92316,344.58,0.46,0.47,2026-04-15,722,N21,VIIRS,n,2.0NRT,309.23,7.22,D
21.77786,84.05776,338.97,0.46,0.39,2026-04-15,722,N21,VIIRS,n,2.0NRT,307.56,2.93,D
21.77858,93.92288,344.65,0.46,0.47,2026-04-15,722,N21,VIIRS,n,2.0NRT,309.29,7.22,D
21.78032,92.57525,331.31,0.38,0.43,2026-04-15,722,N21,VIIRS,l,2.0NRT,304.14,6.13,D
21.78077,92.57881,341.75,0.38,0.43,2026-04-15,722,N21,VIIRS,n,2.0NRT,305.6,6.13,D
21.78119,92.58221,355.66,0.38,0.43,2026-04-15,722,N21,VIIRS,n,2.0NRT,307.63,79.61,D
21.7816,92.58553,353.24,0.38,0.43,2026-04-15,722,N21,VIIRS,n,2.0NRT,310.01,79.61,D
21.782,92.58873,334.94,0.38,0.43,2026-04-15,722,N21,VIIRS,n,2.0NRT,303.46,7.56,D
21.78471,92.57802,332.6,0.38,0.43,2026-04-15,722,N21,VIIRS,l,2.0NRT,304.1,6.13,D
21.78513,92.58146,367,0.38,0.43,2026-04-15,722,N21,VIIRS,l,2.0NRT,337.25,79.61,D
21.78555,92.58482,344.37,0.38,0.43,2026-04-15,722,N21,VIIRS,n,2.0NRT,302.25,79.61,D
21.78911,92.58091,347.22,0.38,0.43,2026-04-15,722,N21,VIIRS,n,2.0NRT,303.26,11.22,D
21.79199,92.604,335.86,0.38,0.44,2026-04-15,722,N21,VIIRS,n,2.0NRT,301.88,4.42,D
21.79245,92.60769,339.79,0.38,0.44,2026-04-15,722,N21,VIIRS,n,2.0NRT,304.39,6.4,D
21.79423,96.27323,337.98,0.33,0.55,2026-04-15,722,N21,VIIRS,n,2.0NRT,302.32,2.15,D
21.79559,92.60042,332.91,0.38,0.44,2026-04-15,722,N21,VIIRS,l,2.0NRT,304.9,4.42,D
21.79699,97.19023,351.45,0.38,0.59,2026-04-15,722,N21,VIIRS,n,2.0NRT,298.25,6.2,D
21.79879,92.59369,349.18,0.38,0.43,2026-04-15,722,N21,VIIRS,n,2.0NRT,303.95,57.54,D
21.7994,93.76244,333.59,0.45,0.47,2026-04-15,722,N21,VIIRS,l,2.0NRT,308.29,3.95,D
21.79953,92.57653,331.14,0.38,0.43,2026-04-15,722,N21,VIIRS,l,2.0NRT,305.07,6.53,D
21.80069,92.57663,339.23,0.38,0.43,2026-04-15,722,N21,VIIRS,n,2.0NRT,305.49,6.26,D
21.80114,92.58997,347.43,0.38,0.44,2026-04-15,722,N21,VIIRS,n,2.0NRT,307.28,45.14,D
21.80194,92.59663,341.67,0.38,0.44,2026-04-15,722,N21,VIIRS,n,2.0NRT,305.68,40.82,D
21.80238,92.59005,347.63,0.38,0.43,2026-04-15,722,N21,VIIRS,n,2.0NRT,307.78,47.08,D
21.80321,92.5967,342.33,0.38,0.44,2026-04-15,722,N21,VIIRS,n,2.0NRT,307.74,57.54,D
21.80554,92.59293,341.4,0.38,0.44,2026-04-15,722,N21,VIIRS,n,2.0NRT,305.09,40.82,D
21.80594,92.59626,341.67,0.38,0.44,2026-04-15,722,N21,VIIRS,n,2.0NRT,306.53,40.82,D
21.80812,92.4803,337.9,0.57,0.43,2026-04-15,722,N21,VIIRS,n,2.0NRT,302.99,7.92,D
21.80832,93.87646,340.42,0.46,0.47,2026-04-15,722,N21,VIIRS,n,2.0NRT,308.05,7,D
21.80853,92.16035,337.51,0.54,0.42,2026-04-15,722,N21,VIIRS,n,2.0NRT,302.94,6.33,D
21.81002,92.2997,334.74,0.55,0.43,2026-04-15,722,N21,VIIRS,n,2.0NRT,302.2,24.88,D
21.81156,93.90447,333.48,0.46,0.47,2026-04-15,722,N21,VIIRS,l,2.0NRT,308.09,3.77,D
21.81393,92.29916,335.16,0.55,0.43,2026-04-15,722,N21,VIIRS,n,2.0NRT,301.22,8.49,D
21.81428,92.59838,330.75,0.38,0.44,2026-04-15,722,N21,VIIRS,n,2.0NRT,302.98,3.47,D
21.81485,93.70952,336.46,0.45,0.47,2026-04-15,722,N21,VIIRS,l,2.0NRT,308.75,5.7,D
21.81643,92.71926,341.72,0.39,0.44,2026-04-15,722,N21,VIIRS,n,2.0NRT,300.01,4.5,D
21.81765,92.71161,336.31,0.39,0.44,2026-04-15,722,N21,VIIRS,n,2.0NRT,302.51,3.12,D
21.81895,93.85512,336.99,0.46,0.47,2026-04-15,722,N21,VIIRS,l,2.0NRT,309.68,5,D
21.81956,92.71126,335.84,0.39,0.44,2026-04-15,722,N21,VIIRS,n,2.0NRT,302.36,3.2,D
21.82053,97.09773,347.84,0.37,0.58,2026-04-15,722,N21,VIIRS,n,2.0NRT,302.39,8.65,D
21.82075,93.90806,335.92,0.46,0.47,2026-04-15,722,N21,VIIRS,l,2.0NRT,308.5,5.26,D
21.82323,93.70717,331.23,0.45,0.47,2026-04-15,722,N21,VIIRS,l,2.0NRT,305.7,6.05,D
21.8235,92.60776,348.9,0.39,0.44,2026-04-15,722,N21,VIIRS,n,2.0NRT,304.95,15.79,D
21.82376,93.85887,340.64,0.46,0.47,2026-04-15,722,N21,VIIRS,n,2.0NRT,310.59,5,D
21.82396,92.61163,340.09,0.39,0.44,2026-04-15,722,N21,VIIRS,n,2.0NRT,301.22,10.16,D
21.82613,93.73147,337.87,0.45,0.47,2026-04-15,722,N21,VIIRS,n,2.0NRT,306.68,3.4,D
21.82752,92.60757,354.39,0.39,0.44,2026-04-15,722,N21,VIIRS,n,2.0NRT,313.38,30.65,D
21.82858,93.86266,343.52,0.46,0.47,2026-04-15,722,N21,VIIRS,n,2.0NRT,309.53,6.65,D
21.82902,93.86642,344.89,0.46,0.47,2026-04-15,722,N21,VIIRS,n,2.0NRT,308.84,6.65,D
21.82911,93.72779,332.92,0.45,0.47,2026-04-15,722,N21,VIIRS,l,2.0NRT,305.8,9.21,D
21.83036,93.73062,339.22,0.45,0.47,2026-04-15,722,N21,VIIRS,n,2.0NRT,307.88,6.97,D
21.83381,93.73088,332,0.45,0.47,2026-04-15,722,N21,VIIRS,l,2.0NRT,306.49,4.7,D
21.83503,93.73336,340.66,0.45,0.47,2026-04-15,722,N21,VIIRS,n,2.0NRT,306.6,4.23,D
21.83585,93.74921,342.76,0.45,0.47,2026-04-15,722,N21,VIIRS,n,2.0NRT,309.22,18.68,D
21.83674,93.74763,344.69,0.45,0.47,2026-04-15,722,N21,VIIRS,n,2.0NRT,308.18,14.58,D
21.83804,93.69137,331.98,0.45,0.47,2026-04-15,722,N21,VIIRS,l,2.0NRT,303.74,6.19,D
21.83845,93.73354,330.53,0.45,0.47,2026-04-15,722,N21,VIIRS,l,2.0NRT,304.94,6.16,D
21.83953,92.15599,337.77,0.54,0.42,2026-04-15,722,N21,VIIRS,n,2.0NRT,300.79,8.1,D
21.84246,92.94398,310.21,0.4,0.44,2026-04-15,722,N21,VIIRS,l,2.0NRT,317.82,79.78,D
21.84264,93.73222,332.71,0.45,0.47,2026-04-15,722,N21,VIIRS,l,2.0NRT,304.37,4.52,D
21.84282,92.94407,317.51,0.4,0.44,2026-04-15,722,N21,VIIRS,l,2.0NRT,320.55,78.95,D
21.84293,92.94782,343.57,0.4,0.44,2026-04-15,722,N21,VIIRS,n,2.0NRT,304.38,79.78,D
21.84327,92.94792,342.62,0.4,0.44,2026-04-15,722,N21,VIIRS,n,2.0NRT,302.9,78.95,D
21.84863,93.7085,341.14,0.45,0.47,2026-04-15,722,N21,VIIRS,n,2.0NRT,302.99,6.38,D
21.85276,84.11182,332.84,0.46,0.39,2026-04-15,722,N21,VIIRS,l,2.0NRT,307.74,2.55,D
21.85792,94.67887,340.34,0.52,0.5,2026-04-15,722,N21,VIIRS,l,2.0NRT,311.76,4.59,D
21.87048,83.89828,338.61,0.47,0.4,2026-04-15,722,N21,VIIRS,l,2.0NRT,308.24,4.1,D
21.87514,92.43791,333,0.57,0.43,2026-04-15,722,N21,VIIRS,n,2.0NRT,297.73,22.33,D
21.87581,92.44321,355.26,0.57,0.43,2026-04-15,722,N21,VIIRS,n,2.0NRT,306.4,22.33,D
21.87671,92.9163,330.96,0.4,0.44,2026-04-15,722,N21,VIIRS,l,2.0NRT,302.57,2.34,D
21.8791,92.43742,351.67,0.57,0.43,2026-04-15,722,N21,VIIRS,n,2.0NRT,301.08,10.56,D
21.87976,92.44267,336.52,0.57,0.43,2026-04-15,722,N21,VIIRS,n,2.0NRT,299.85,10.56,D
21.87982,92.90777,354.08,0.4,0.44,2026-04-15,722,N21,VIIRS,n,2.0NRT,306.75,18.37,D
21.88303,92.44102,347.29,0.57,0.43,2026-04-15,722,N21,VIIRS,n,2.0NRT,296.92,9.7,D
21.88304,92.43689,335.15,0.57,0.43,2026-04-15,722,N21,VIIRS,n,2.0NRT,299.22,10.56,D
21.8838,84.69027,332.79,0.43,0.38,2026-04-15,722,N21,VIIRS,l,2.0NRT,305,2.46,D
21.88387,92.90717,355.33,0.4,0.44,2026-04-15,722,N21,VIIRS,n,2.0NRT,310.11,18.37,D
21.8872,97.80143,336.56,0.42,0.61,2026-04-15,722,N21,VIIRS,n,2.0NRT,298.87,2.52,D
21.88775,92.50637,339.62,0.57,0.43,2026-04-15,722,N21,VIIRS,n,2.0NRT,296.02,136.66,D
21.89065,92.5049,349.55,0.57,0.43,2026-04-15,722,N21,VIIRS,n,2.0NRT,296.53,66.25,D
21.8912,92.50951,367,0.57,0.43,2026-04-15,722,N21,VIIRS,h,2.0NRT,305.89,66.25,D
21.89227,92.51031,367,0.57,0.43,2026-04-15,722,N21,VIIRS,h,2.0NRT,304.24,38.77,D
21.89293,92.35686,341.54,0.56,0.43,2026-04-15,722,N21,VIIRS,n,2.0NRT,300.86,7.82,D
21.89515,92.50884,337.83,0.57,0.43,2026-04-15,722,N21,VIIRS,n,2.0NRT,302.27,66.25,D
21.89564,92.50504,350.1,0.57,0.43,2026-04-15,722,N21,VIIRS,n,2.0NRT,302.63,21.69,D
21.89687,92.35641,334.06,0.56,0.43,2026-04-15,722,N21,VIIRS,n,2.0NRT,299.83,7.27,D
21.89738,93.86893,347.86,0.46,0.47,2026-04-15,722,N21,VIIRS,n,2.0NRT,312.15,8.85,D
21.89988,97.21106,367,0.38,0.59,2026-04-15,722,N21,VIIRS,h,2.0NRT,304.33,10.6,D
21.90011,92.35018,334.4,0.56,0.43,2026-04-15,722,N21,VIIRS,n,2.0NRT,300.39,7.27,D
21.90508,92.32535,334.5,0.56,0.43,2026-04-15,722,N21,VIIRS,n,2.0NRT,297.01,7.99,D
21.90727,92.47577,348.55,0.57,0.43,2026-04-15,722,N21,VIIRS,n,2.0NRT,299.47,11.06,D
21.91061,92.47012,344.84,0.57,0.43,2026-04-15,722,N21,VIIRS,n,2.0NRT,302.36,14.4,D
21.91125,92.47543,353.16,0.57,0.43,2026-04-15,722,N21,VIIRS,n,2.0NRT,306.11,14.4,D
21.91188,92.48071,335.37,0.57,0.43,2026-04-15,722,N21,VIIRS,n,2.0NRT,301.52,12.74,D
21.91512,85.10365,337.18,0.42,0.38,2026-04-15,722,N21,VIIRS,n,2.0NRT,306.33,2.63,D
21.9152,92.47482,332.18,0.57,0.43,2026-04-15,722,N21,VIIRS,l,2.0NRT,302.61,14.4,D
21.91525,85.1039,338.57,0.42,0.38,2026-04-15,722,N21,VIIRS,n,2.0NRT,306.34,3.16,D
21.91582,92.48,343.28,0.57,0.43,2026-04-15,722,N21,VIIRS,n,2.0NRT,303.9,12.74,D
21.9167,95.8325,334.35,0.62,0.54,2026-04-15,722,N21,VIIRS,l,2.0NRT,306.41,4.36,D
21.91719,92.45806,341.7,0.57,0.43,2026-04-15,722,N21,VIIRS,n,2.0NRT,304.64,8.68,D
21.91914,92.47414,354.34,0.57,0.43,2026-04-15,722,N21,VIIRS,n,2.0NRT,304.86,72.8,D
21.9204,92.4846,336.98,0.57,0.43,2026-04-15,722,N21,VIIRS,n,2.0NRT,302.68,87.52,D
21.92243,92.46811,345.97,0.57,0.43,2026-04-15,722,N21,VIIRS,n,2.0NRT,306.33,72.8,D
21.92371,92.47868,350.51,0.57,0.43,2026-04-15,722,N21,VIIRS,n,2.0NRT,309.33,87.52,D
21.92386,92.89665,350.44,0.4,0.44,2026-04-15,722,N21,VIIRS,n,2.0NRT,301.52,9.21,D
21.92525,93.66473,349.23,0.45,0.47,2026-04-15,722,N21,VIIRS,n,2.0NRT,303.21,6.66,D
21.92561,93.66372,342.82,0.45,0.47,2026-04-15,722,N21,VIIRS,n,2.0NRT,303.26,4.62,D
21.92637,92.4675,344.61,0.57,0.43,2026-04-15,722,N21,VIIRS,n,2.0NRT,306.49,78.45,D
21.92702,92.47285,331.53,0.57,0.43,2026-04-15,722,N21,VIIRS,n,2.0NRT,300.6,78.45,D
21.92789,92.8959,342.72,0.4,0.44,2026-04-15,722,N21,VIIRS,n,2.0NRT,304.52,5.73,D
21.92967,92.46159,336.35,0.57,0.43,2026-04-15,722,N21,VIIRS,n,2.0NRT,302.97,12.68,D
21.93097,92.47221,344.79,0.57,0.43,2026-04-15,722,N21,VIIRS,n,2.0NRT,302.35,78.45,D
21.93296,84.9585,337.86,0.42,0.38,2026-04-15,722,N21,VIIRS,l,2.0NRT,307.89,4.32,D
21.93359,92.42787,342.47,0.57,0.43,2026-04-15,722,N21,VIIRS,n,2.0NRT,306.33,44.6,D
21.93425,92.46621,345.49,0.57,0.43,2026-04-15,722,N21,VIIRS,n,2.0NRT,301.44,35.89,D
21.93752,92.42722,337.04,0.57,0.43,2026-04-15,722,N21,VIIRS,n,2.0NRT,300.91,5.33,D
21.93754,92.46021,335.99,0.57,0.43,2026-04-15,722,N21,VIIRS,n,2.0NRT,299.38,5.38,D
21.9415,92.45973,337.83,0.57,0.43,2026-04-15,722,N21,VIIRS,n,2.0NRT,300.3,42.9,D
21.94378,92.74767,340.29,0.39,0.44,2026-04-15,722,N21,VIIRS,n,2.0NRT,301.68,4.44,D
21.9441,92.44811,333.86,0.57,0.43,2026-04-15,722,N21,VIIRS,n,2.0NRT,301.51,8.74,D
21.9478,92.74709,335.26,0.39,0.44,2026-04-15,722,N21,VIIRS,n,2.0NRT,300.22,4.44,D
21.94876,92.45338,336.34,0.57,0.43,2026-04-15,722,N21,VIIRS,n,2.0NRT,302.41,46.87,D
21.94943,92.45879,344.74,0.57,0.43,2026-04-15,722,N21,VIIRS,n,2.0NRT,301.14,46.87,D
21.95058,94.37975,337.81,0.5,0.49,2026-04-15,722,N21,VIIRS,n,2.0NRT,310.87,2.55,D
21.95338,92.45826,350.93,0.57,0.43,2026-04-15,722,N21,VIIRS,n,2.0NRT,299.88,46.87,D
21.95663,92.45204,343.01,0.57,0.43,2026-04-15,722,N21,VIIRS,n,2.0NRT,299.18,9.57,D
21.95733,92.8973,341.69,0.4,0.44,2026-04-15,722,N21,VIIRS,n,2.0NRT,301.12,19.03,D
21.95937,93.29446,341.5,0.42,0.46,2026-04-15,722,N21,VIIRS,n,2.0NRT,306.29,13.25,D
21.96124,92.45682,335.08,0.57,0.43,2026-04-15,722,N21,VIIRS,n,2.0NRT,303.5,9.57,D
21.9635,93.2936,351.73,0.42,0.46,2026-04-15,722,N21,VIIRS,n,2.0NRT,306.09,13.25,D
21.96542,92.89595,347.17,0.4,0.44,2026-04-15,722,N21,VIIRS,n,2.0NRT,301.52,9.37,D
21.96593,92.90024,340.14,0.4,0.44,2026-04-15,722,N21,VIIRS,n,2.0NRT,300.57,9.37,D
21.96617,97.81223,337.07,0.42,0.61,2026-04-15,722,N21,VIIRS,n,2.0NRT,297.18,5.16,D
21.96656,92.27554,336.62,0.56,0.43,2026-04-15,722,N21,VIIRS,n,2.0NRT,299.33,4.26,D
21.96809,93.2967,338.82,0.43,0.46,2026-04-15,722,N21,VIIRS,l,2.0NRT,309.89,16.62,D
21.96852,93.30026,354.84,0.43,0.46,2026-04-15,722,N21,VIIRS,n,2.0NRT,318.27,33.02,D
21.96877,97.7172,335.98,0.41,0.61,2026-04-15,722,N21,VIIRS,n,2.0NRT,297.15,7.47,D
21.96914,92.2645,337.66,0.55,0.43,2026-04-15,722,N21,VIIRS,n,2.0NRT,299.92,8.14,D
21.96915,93.74681,340.62,0.45,0.47,2026-04-15,722,N21,VIIRS,n,2.0NRT,307.91,9.78,D
21.96948,92.89535,331.25,0.4,0.44,2026-04-15,722,N21,VIIRS,n,2.0NRT,300.97,3.94,D
21.96966,93.75127,349.87,0.45,0.47,2026-04-15,722,N21,VIIRS,n,2.0NRT,312.88,9.78,D
21.97015,92.26726,333.88,0.56,0.43,2026-04-15,722,N21,VIIRS,n,2.0NRT,301.16,7.82,D
21.97223,93.29591,348.1,0.43,0.46,2026-04-15,722,N21,VIIRS,n,2.0NRT,308.43,16.62,D
21.97267,93.29963,354.07,0.43,0.46,2026-04-15,722,N21,VIIRS,n,2.0NRT,312.84,33.02,D
21.97305,92.26395,346.85,0.55,0.43,2026-04-15,722,N21,VIIRS,n,2.0NRT,300.95,17.72,D
21.97386,93.74992,337.49,0.45,0.47,2026-04-15,722,N21,VIIRS,n,2.0NRT,308.3,9.78,D
21.97406,92.26662,332.35,0.56,0.43,2026-04-15,722,N21,VIIRS,n,2.0NRT,299.78,7.82,D
21.97683,93.29904,354.56,0.43,0.46,2026-04-15,722,N21,VIIRS,n,2.0NRT,310.38,28.04,D
21.98099,93.66058,352.85,0.45,0.47,2026-04-15,722,N21,VIIRS,n,2.0NRT,309.05,8.74,D
21.98146,93.66465,334.51,0.45,0.47,2026-04-15,722,N21,VIIRS,l,2.0NRT,308,6.88,D
21.98564,83.58813,332.09,0.48,0.4,2026-04-15,722,N21,VIIRS,l,2.0NRT,305.85,1.62,D
21.98717,97.12416,335.66,0.38,0.58,2026-04-15,722,N21,VIIRS,n,2.0NRT,301.35,4.27,D
21.99351,93.40266,333.66,0.43,0.46,2026-04-15,722,N21,VIIRS,n,2.0NRT,301.12,3.42,D
21.99615,93.6423,337.56,0.45,0.47,2026-04-15,722,N21,VIIRS,n,2.0NRT,305.15,4.02,D
22.00479,93.60559,339.09,0.45,0.47,2026-04-15,722,N21,VIIRS,n,2.0NRT,304.63,20.24,D
22.00787,92.57228,337.92,0.39,0.44,2026-04-15,722,N21,VIIRS,n,2.0NRT,297,2.63,D
22.01058,93.80403,338.69,0.46,0.47,2026-04-15,722,N21,VIIRS,n,2.0NRT,310.45,6.36,D
22.01143,92.76567,336.95,0.4,0.44,2026-04-15,722,N21,VIIRS,n,2.0NRT,298.27,12.88,D
22.0115,92.51242,339.94,0.38,0.43,2026-04-15,722,N21,VIIRS,n,2.0NRT,306.89,29.16,D
22.01191,92.76951,346.2,0.4,0.44,2026-04-15,722,N21,VIIRS,n,2.0NRT,302.74,12.88,D
22.01237,92.77328,342.02,0.4,0.44,2026-04-15,722,N21,VIIRS,n,2.0NRT,303.58,273.33,D
22.01262,93.74646,339.33,0.45,0.47,2026-04-15,722,N21,VIIRS,n,2.0NRT,309.03,6.71,D
22.01279,97.22487,337.66,0.38,0.59,2026-04-15,722,N21,VIIRS,n,2.0NRT,300.73,2.53,D
22.01287,92.51553,336.8,0.57,0.43,2026-04-15,722,N21,VIIRS,n,2.0NRT,306.44,51.83,D
22.01312,93.75076,340.61,0.45,0.47,2026-04-15,722,N21,VIIRS,n,2.0NRT,309.46,5.47,D
22.01321,92.5608,335.49,0.39,0.44,2026-04-15,722,N21,VIIRS,n,2.0NRT,303.56,11.97,D
22.01328,92.78075,343.05,0.4,0.44,2026-04-15,722,N21,VIIRS,n,2.0NRT,303.74,21.29,D
22.01361,92.5301,340.73,0.38,0.43,2026-04-15,722,N21,VIIRS,n,2.0NRT,299.84,5.81,D
22.01364,92.56438,340.26,0.39,0.44,2026-04-15,722,N21,VIIRS,n,2.0NRT,302.08,11.05,D
22.01435,92.30349,333.39,0.56,0.43,2026-04-15,722,N21,VIIRS,n,2.0NRT,299.45,8.47,D
22.01455,92.56103,337.87,0.38,0.44,2026-04-15,722,N21,VIIRS,n,2.0NRT,304.14,13.67,D
22.015,92.56461,336.14,0.38,0.44,2026-04-15,722,N21,VIIRS,n,2.0NRT,300.64,9.69,D
22.01546,92.76507,333.01,0.4,0.44,2026-04-15,722,N21,VIIRS,n,2.0NRT,299.04,12.88,D
22.01587,83.75637,341.34,0.47,0.4,2026-04-15,722,N21,VIIRS,l,2.0NRT,312.64,8.79,D
22.01717,92.52605,338.46,0.38,0.43,2026-04-15,722,N21,VIIRS,n,2.0NRT,301.9,6.5,D
22.01731,92.78017,343.08,0.4,0.44,2026-04-15,722,N21,VIIRS,n,2.0NRT,303.32,21.29,D
22.01806,92.53354,340.39,0.38,0.43,2026-04-15,722,N21,VIIRS,n,2.0NRT,302.78,7.23,D
22.01826,92.27041,333.1,0.56,0.43,2026-04-15,722,N21,VIIRS,n,2.0NRT,299.91,10.25,D
22.01826,92.30285,339.54,0.56,0.43,2026-04-15,722,N21,VIIRS,n,2.0NRT,299.36,8.47,D
22.01853,92.53754,337.74,0.38,0.43,2026-04-15,722,N21,VIIRS,n,2.0NRT,300.98,7.23,D
22.02042,92.77206,332.7,0.4,0.44,2026-04-15,722,N21,VIIRS,n,2.0NRT,300.71,11.59,D
22.02072,92.52203,338.84,0.38,0.43,2026-04-15,722,N21,VIIRS,n,2.0NRT,301.56,4.26,D
22.02114,92.52552,348.49,0.38,0.43,2026-04-15,722,N21,VIIRS,n,2.0NRT,304.67,6.5,D
22.02158,92.52916,346.69,0.38,0.43,2026-04-15,722,N21,VIIRS,n,2.0NRT,304.75,6.5,D
22.02253,92.53719,338.72,0.38,0.43,2026-04-15,722,N21,VIIRS,n,2.0NRT,303.72,7.23,D
22.02491,92.77527,351.03,0.4,0.44,2026-04-15,722,N21,VIIRS,n,2.0NRT,305.1,11.59,D
22.02509,92.52477,338.14,0.38,0.43,2026-04-15,722,N21,VIIRS,n,2.0NRT,302.98,5.3,D
22.02538,92.77905,354.04,0.4,0.44,2026-04-15,722,N21,VIIRS,n,2.0NRT,301.37,17.22,D
22.02591,93.23289,333.81,0.42,0.45,2026-04-15,722,N21,VIIRS,n,2.0NRT,302,2.03,D
22.02651,92.53674,331.75,0.38,0.43,2026-04-15,722,N21,VIIRS,l,2.0NRT,304.71,10.86,D
22.02695,92.54038,343.81,0.38,0.43,2026-04-15,722,N21,VIIRS,n,2.0NRT,307.1,16.03,D
22.02901,92.52381,344.23,0.38,0.43,2026-04-15,722,N21,VIIRS,n,2.0NRT,302.4,5.3,D
22.03014,96.53379,350.05,0.34,0.56,2026-04-15,722,N21,VIIRS,n,2.0NRT,303.31,4.52,D
22.03177,93.7243,338.84,0.45,0.47,2026-04-15,722,N21,VIIRS,l,2.0NRT,311.13,7.89,D
22.0322,93.72799,337.81,0.45,0.47,2026-04-15,722,N21,VIIRS,n,2.0NRT,311.47,7.01,D
22.0325,92.51919,344.98,0.38,0.43,2026-04-15,722,N21,VIIRS,n,2.0NRT,303.48,6.74,D
22.03273,96.53399,346.79,0.34,0.56,2026-04-15,722,N21,VIIRS,n,2.0NRT,300.55,5.04,D
22.03348,93.22571,337.86,0.42,0.45,2026-04-15,722,N21,VIIRS,n,2.0NRT,303.84,3.17,D
22.03349,92.52744,346.61,0.38,0.43,2026-04-15,722,N21,VIIRS,n,2.0NRT,304.29,12,D
22.03534,94.8967,342.71,0.54,0.51,2026-04-15,722,N21,VIIRS,n,2.0NRT,311.01,8.58,D
22.03571,93.20887,294.47,0.42,0.45,2026-04-15,722,N21,VIIRS,l,2.0NRT,305.3,63.05,D
22.03591,94.90189,343.05,0.54,0.51,2026-04-15,722,N21,VIIRS,n,2.0NRT,310.97,8.58,D
22.03624,93.21334,343.6,0.42,0.45,2026-04-15,722,N21,VIIRS,n,2.0NRT,306.06,63.05,D
22.03647,92.51864,345.92,0.38,0.43,2026-04-15,722,N21,VIIRS,n,2.0NRT,305.66,6.74,D
22.03742,92.5266,342.54,0.38,0.43,2026-04-15,722,N21,VIIRS,n,2.0NRT,303.9,12,D
22.03794,92.53094,335.98,0.38,0.43,2026-04-15,722,N21,VIIRS,n,2.0NRT,301.49,9.3,D
22.03861,93.93272,341.72,0.47,0.47,2026-04-15,722,N21,VIIRS,l,2.0NRT,311.81,4.48,D
22.04006,92.51499,341.93,0.38,0.43,2026-04-15,722,N21,VIIRS,n,2.0NRT,304.7,8.05,D
22.04044,92.51812,354.15,0.38,0.43,2026-04-15,722,N21,VIIRS,n,2.0NRT,307.08,8.05,D
22.04137,92.52581,339.78,0.38,0.43,2026-04-15,722,N21,VIIRS,n,2.0NRT,304.87,15.32,D
22.04189,92.53016,342.5,0.38,0.43,2026-04-15,722,N21,VIIRS,n,2.0NRT,304.05,7.93,D
22.04212,93.71141,335.67,0.45,0.47,2026-04-15,722,N21,VIIRS,n,2.0NRT,309.18,5.32,D
22.0424,92.53446,334.74,0.38,0.43,2026-04-15,722,N21,VIIRS,n,2.0NRT,302.37,7.93,D
22.04261,93.71578,339.08,0.45,0.47,2026-04-15,722,N21,VIIRS,n,2.0NRT,309.11,5.32,D
22.04289,92.53852,340.86,0.38,0.43,2026-04-15,722,N21,VIIRS,n,2.0NRT,301.24,7.34,D
22.04306,93.71986,337.88,0.45,0.47,2026-04-15,722,N21,VIIRS,n,2.0NRT,309.18,6.18,D
22.04351,93.71334,336.13,0.45,0.47,2026-04-15,722,N21,VIIRS,n,2.0NRT,311.07,7.28,D
22.044,93.71748,346.23,0.45,0.47,2026-04-15,722,N21,VIIRS,n,2.0NRT,308.85,13.31,D
22.04635,93.7104,339.03,0.45,0.47,2026-04-15,722,N21,VIIRS,n,2.0NRT,311.25,8.91,D
22.04683,93.71465,352.54,0.45,0.47,2026-04-15,722,N21,VIIRS,n,2.0NRT,312.65,8.91,D
22.04726,93.71851,349,0.45,0.47,2026-04-15,722,N21,VIIRS,n,2.0NRT,309.16,9.35,D
22.04773,93.7123,339.41,0.45,0.47,2026-04-15,722,N21,VIIRS,n,2.0NRT,311.07,7.28,D
22.04819,93.71622,367,0.45,0.47,2026-04-15,722,N21,VIIRS,h,2.0NRT,312.29,13.31,D
22.04939,93.73738,330.93,0.45,0.47,2026-04-15,722,N21,VIIRS,l,2.0NRT,302.99,2.61,D
22.04942,97.7472,348.96,0.41,0.61,2026-04-15,722,N21,VIIRS,n,2.0NRT,299.19,8.31,D
22.05105,93.71354,354.67,0.45,0.47,2026-04-15,722,N21,VIIRS,n,2.0NRT,310.73,8.91,D
22.05146,93.71712,339.78,0.45,0.47,2026-04-15,722,N21,VIIRS,n,2.0NRT,310.06,9.35,D
22.05254,97.78212,331.13,0.42,0.61,2026-04-15,722,N21,VIIRS,n,2.0NRT,295.83,3.78,D
22.05528,93.71249,350.92,0.45,0.47,2026-04-15,722,N21,VIIRS,n,2.0NRT,308.76,10.69,D
22.05568,92.78212,336.13,0.4,0.44,2026-04-15,722,N21,VIIRS,n,2.0NRT,301.74,2.24,D
22.05568,93.71597,337.91,0.45,0.47,2026-04-15,722,N21,VIIRS,n,2.0NRT,308.4,6.35,D
22.05574,88.12103,330.23,0.39,0.36,2026-04-15,722,N21,VIIRS,l,2.0NRT,303.26,0.83,D
22.05607,93.71939,344.79,0.45,0.47,2026-04-15,722,N21,VIIRS,n,2.0NRT,307.72,6.35,D
22.05649,93.72309,334.38,0.45,0.47,2026-04-15,722,N21,VIIRS,l,2.0NRT,306.26,6.74,D
22.06072,93.76101,343.45,0.46,0.47,2026-04-15,722,N21,VIIRS,n,2.0NRT,306.47,5.9,D
22.06405,96.27547,367,0.33,0.55,2026-04-15,722,N21,VIIRS,h,2.0NRT,302.28,6.57,D
22.06442,96.38142,331.88,0.34,0.56,2026-04-15,722,N21,VIIRS,n,2.0NRT,297.26,2.37,D
22.06455,93.75632,344.61,0.46,0.47,2026-04-15,722,N21,VIIRS,n,2.0NRT,307.25,9.85,D
22.06914,96.27518,337.95,0.33,0.55,2026-04-15,722,N21,VIIRS,n,2.0NRT,300.05,6.57,D
22.07101,94.41566,336.86,0.5,0.49,2026-04-15,722,N21,VIIRS,n,2.0NRT,306.22,5.98,D
22.07148,94.4199,331.94,0.5,0.49,2026-04-15,722,N21,VIIRS,l,2.0NRT,305.71,4.58,D
22.0739,93.64711,343.29,0.45,0.47,2026-04-15,722,N21,VIIRS,n,2.0NRT,305.04,8.87,D
22.07821,92.4644,336.58,0.57,0.43,2026-04-15,722,N21,VIIRS,n,2.0NRT,304.65,21.23,D
22.07971,95.7742,344.37,0.61,0.54,2026-04-15,722,N21,VIIRS,n,2.0NRT,307,14.72,D
22.08723,93.72597,348.75,0.45,0.47,2026-04-15,722,N21,VIIRS,n,2.0NRT,303.88,8.03,D
22.08882,92.45258,333.38,0.57,0.43,2026-04-15,722,N21,VIIRS,n,2.0NRT,302.31,11.53,D
22.08945,92.45763,367,0.57,0.43,2026-04-15,722,N21,VIIRS,h,2.0NRT,305.09,14.82,D
22.09007,92.46261,340.09,0.57,0.43,2026-04-15,722,N21,VIIRS,n,2.0NRT,297.79,14.82,D
22.09196,93.65378,334.65,0.45,0.47,2026-04-15,722,N21,VIIRS,n,2.0NRT,303.81,4.01,D
22.09283,92.54994,333.19,0.39,0.44,2026-04-15,722,N21,VIIRS,n,2.0NRT,299.58,167.56,D
22.0934,92.45705,348.56,0.57,0.43,2026-04-15,722,N21,VIIRS,n,2.0NRT,301.67,14.82,D
22.09402,92.46201,336.71,0.57,0.43,2026-04-15,722,N21,VIIRS,n,2.0NRT,294.98,14.82,D
22.09638,92.54594,344.18,0.38,0.44,2026-04-15,722,N21,VIIRS,n,2.0NRT,299.7,167.56,D
22.09683,92.54954,367,0.39,0.44,2026-04-15,722,N21,VIIRS,h,2.0NRT,351.06,167.56,D
22.09727,92.55313,345.09,0.39,0.44,2026-04-15,722,N21,VIIRS,n,2.0NRT,299.53,42.03,D
22.09736,92.45651,347.01,0.57,0.43,2026-04-15,722,N21,VIIRS,n,2.0NRT,299.69,7.67,D
22.1008,92.54889,336.02,0.39,0.44,2026-04-15,722,N21,VIIRS,n,2.0NRT,299.14,5.48,D
22.1138,97.2257,330.61,0.38,0.59,2026-04-15,722,N21,VIIRS,n,2.0NRT,299.94,7.27,D
22.11957,97.2292,352.31,0.38,0.59,2026-04-15,722,N21,VIIRS,n,2.0NRT,300,7.27,D
22.13115,96.4781,330.74,0.34,0.56,2026-04-15,722,N21,VIIRS,n,2.0NRT,298.61,3.73,D
22.13339,93.78613,335.73,0.46,0.47,2026-04-15,722,N21,VIIRS,n,2.0NRT,307.82,11.72,D
22.13599,97.52875,331.9,0.4,0.6,2026-04-15,722,N21,VIIRS,n,2.0NRT,301.83,2.95,D
22.1367,84.89125,344.77,0.42,0.38,2026-04-15,722,N21,VIIRS,l,2.0NRT,307.82,12.11,D
22.13763,93.78496,367,0.46,0.47,2026-04-15,722,N21,VIIRS,h,2.0NRT,312.59,11.72,D
22.13811,93.71469,333.07,0.45,0.47,2026-04-15,722,N21,VIIRS,l,2.0NRT,306.1,4.08,D
22.14178,93.08843,331.81,0.42,0.45,2026-04-15,722,N21,VIIRS,l,2.0NRT,306.22,9.54,D
22.15565,93.80508,339.12,0.46,0.47,2026-04-15,722,N21,VIIRS,n,2.0NRT,304.36,4.96,D
22.15602,93.98138,338.54,0.47,0.48,2026-04-15,722,N21,VIIRS,l,2.0NRT,309.81,8.86,D
22.15733,93.80379,339.52,0.46,0.47,2026-04-15,722,N21,VIIRS,n,2.0NRT,305.23,5.95,D
22.15763,93.04654,335.24,0.41,0.45,2026-04-15,722,N21,VIIRS,l,2.0NRT,307.14,7.85,D
22.16631,93.66622,334.33,0.45,0.47,2026-04-15,722,N21,VIIRS,n,2.0NRT,302.64,4.9,D
22.16821,84.93124,334.88,0.42,0.38,2026-04-15,722,N21,VIIRS,l,2.0NRT,304.87,1.97,D
22.17169,95.25423,344.36,0.57,0.52,2026-04-15,722,N21,VIIRS,n,2.0NRT,314.22,12.21,D
22.17388,97.51834,331.36,0.4,0.6,2026-04-15,722,N21,VIIRS,n,2.0NRT,298.84,3.16,D
22.17426,97.52242,330.81,0.4,0.6,2026-04-15,722,N21,VIIRS,n,2.0NRT,300.61,3.39,D
22.1744,92.2741,343.21,0.56,0.43,2026-04-15,722,N21,VIIRS,n,2.0NRT,300.98,6.53,D
22.17624,93.63904,330.18,0.45,0.47,2026-04-15,722,N21,VIIRS,n,2.0NRT,301.81,3.09,D
22.18007,93.37591,339.02,0.43,0.46,2026-04-15,722,N21,VIIRS,n,2.0NRT,304.66,5.01,D
22.18032,93.6751,336.69,0.45,0.47,2026-04-15,722,N21,VIIRS,n,2.0NRT,306.5,6.8,D
22.18245,97.61098,342.97,0.41,0.6,2026-04-15,722,N21,VIIRS,n,2.0NRT,299.77,4.91,D
22.18248,96.4445,333.95,0.34,0.56,2026-04-15,722,N21,VIIRS,n,2.0NRT,298.06,4.19,D
22.18478,92.26156,339.56,0.56,0.43,2026-04-15,722,N21,VIIRS,n,2.0NRT,301.01,11.56,D
22.18501,92.26022,332.48,0.56,0.43,2026-04-15,722,N21,VIIRS,n,2.0NRT,300.92,5.88,D
22.18614,92.2723,338.74,0.56,0.43,2026-04-15,722,N21,VIIRS,n,2.0NRT,300.84,7.51,D
22.18629,92.27098,332.83,0.56,0.43,2026-04-15,722,N21,VIIRS,n,2.0NRT,301.52,9.92,D
22.18839,93.86321,342.95,0.46,0.47,2026-04-15,722,N21,VIIRS,n,2.0NRT,308.37,17.35,D
22.19289,93.70926,337.39,0.45,0.47,2026-04-15,722,N21,VIIRS,n,2.0NRT,303.9,5.72,D
22.19488,94.28165,349.26,0.49,0.49,2026-04-15,722,N21,VIIRS,n,2.0NRT,306.78,6.66,D
22.19567,85.34618,333.53,0.41,0.37,2026-04-15,722,N21,VIIRS,l,2.0NRT,303.7,2.43,D
22.19602,93.69846,336.66,0.45,0.47,2026-04-15,722,N21,VIIRS,n,2.0NRT,305.13,8.64,D
22.19653,93.85742,333.3,0.46,0.47,2026-04-15,722,N21,VIIRS,n,2.0NRT,305.95,5.45,D
22.19656,93.70324,347.53,0.45,0.47,2026-04-15,722,N21,VIIRS,n,2.0NRT,307.19,8.64,D
22.197,93.86162,341.02,0.46,0.47,2026-04-15,722,N21,VIIRS,n,2.0NRT,306.56,5.45,D
22.1972,93.70882,334.44,0.45,0.47,2026-04-15,722,N21,VIIRS,n,2.0NRT,303.73,3.75,D
22.19784,93.71452,332.63,0.45,0.47,2026-04-15,722,N21,VIIRS,l,2.0NRT,304.42,3.75,D
22.19972,85.32876,332.32,0.41,0.37,2026-04-15,722,N21,VIIRS,l,2.0NRT,306.87,2.53,D
22.20032,93.69807,367,0.45,0.47,2026-04-15,722,N21,VIIRS,h,2.0NRT,309.33,8.64,D
22.2004,85.33281,338.42,0.41,0.37,2026-04-15,722,N21,VIIRS,l,2.0NRT,306.06,2.53,D
22.20091,93.70322,350.68,0.45,0.47,2026-04-15,722,N21,VIIRS,n,2.0NRT,306.63,8.64,D
22.20155,93.70884,336.28,0.45,0.47,2026-04-15,722,N21,VIIRS,n,2.0NRT,304.48,3.75,D
22.20443,94.40602,339.82,0.5,0.49,2026-04-15,722,N21,VIIRS,n,2.0NRT,304.88,5.08,D
22.20525,93.70321,340.1,0.45,0.47,2026-04-15,722,N21,VIIRS,n,2.0NRT,304.51,6.08,D
22.20538,85.11111,341.87,0.42,0.37,2026-04-15,722,N21,VIIRS,n,2.0NRT,306.89,4.72,D
22.20605,85.1151,335.06,0.42,0.37,2026-04-15,722,N21,VIIRS,n,2.0NRT,307.16,3.32,D
22.21386,84.86821,340.37,0.42,0.38,2026-04-15,722,N21,VIIRS,l,2.0NRT,305.89,7.48,D
22.21749,85.14172,338.41,0.42,0.37,2026-04-15,722,N21,VIIRS,l,2.0NRT,307.37,4.78,D
22.22155,92.33174,334.24,0.56,0.43,2026-04-15,722,N21,VIIRS,n,2.0NRT,301.4,9.16,D
22.22458,93.19896,367,0.42,0.45,2026-04-15,722,N21,VIIRS,h,2.0NRT,308.84,17.63,D
22.22508,93.20331,352.89,0.42,0.45,2026-04-15,722,N21,VIIRS,n,2.0NRT,309.32,16.28,D
22.22592,94.2851,334.39,0.49,0.49,2026-04-15,722,N21,VIIRS,n,2.0NRT,306.61,4.58,D
22.22872,93.19828,348.37,0.42,0.45,2026-04-15,722,N21,VIIRS,n,2.0NRT,312.33,9.34,D
22.22923,93.20272,367,0.42,0.45,2026-04-15,722,N21,VIIRS,h,2.0NRT,309.91,10.48,D
22.22973,93.20703,336.15,0.42,0.45,2026-04-15,722,N21,VIIRS,n,2.0NRT,303.97,10.48,D
22.22974,85.13107,333.68,0.42,0.37,2026-04-15,722,N21,VIIRS,l,2.0NRT,305.95,3.1,D
22.23063,85.34714,334.64,0.41,0.37,2026-04-15,722,N21,VIIRS,l,2.0NRT,307.46,3.62,D
22.23129,85.35112,333.8,0.41,0.37,2026-04-15,722,N21,VIIRS,l,2.0NRT,306,3.62,D
22.23292,93.1982,342.76,0.42,0.45,2026-04-15,722,N21,VIIRS,n,2.0NRT,306.93,9.34,D
22.23296,92.49386,341.5,0.38,0.43,2026-04-15,722,N21,VIIRS,n,2.0NRT,301.9,9.04,D
22.23343,92.49785,341.61,0.38,0.43,2026-04-15,722,N21,VIIRS,n,2.0NRT,302.7,8.29,D
22.23392,93.20679,367,0.42,0.45,2026-04-15,722,N21,VIIRS,h,2.0NRT,307.53,10.48,D
22.2384,93.72626,333.94,0.46,0.47,2026-04-15,722,N21,VIIRS,l,2.0NRT,307.2,3.31,D
22.23962,94.36971,340.54,0.5,0.49,2026-04-15,722,N21,VIIRS,n,2.0NRT,306.2,5.48,D
22.24031,85.19491,330.8,0.41,0.37,2026-04-15,722,N21,VIIRS,l,2.0NRT,305.17,2.62,D
22.24136,94.30235,335.17,0.5,0.49,2026-04-15,722,N21,VIIRS,l,2.0NRT,305.49,8.54,D
22.24521,87.3896,337.43,0.38,0.36,2026-04-15,722,N21,VIIRS,l,2.0NRT,309.89,5.56,D
22.24528,94.29686,331.71,0.5,0.49,2026-04-15,722,N21,VIIRS,l,2.0NRT,306.03,4.22,D
22.24661,85.14828,335.7,0.42,0.37,2026-04-15,722,N21,VIIRS,l,2.0NRT,305.42,3.76,D
22.24773,92.28412,333.28,0.56,0.43,2026-04-15,722,N21,VIIRS,n,2.0NRT,303.06,3.95,D
22.25444,96.64122,339.88,0.35,0.57,2026-04-15,722,N21,VIIRS,n,2.0NRT,302.31,2.54,D
22.25577,96.64004,331.73,0.35,0.57,2026-04-15,722,N21,VIIRS,l,2.0NRT,303.57,2.72,D
22.25716,93.77459,354.11,0.46,0.47,2026-04-15,722,N21,VIIRS,n,2.0NRT,313.59,11.3,D
22.2576,93.77837,340.89,0.46,0.47,2026-04-15,722,N21,VIIRS,n,2.0NRT,309.07,11.3,D
22.2597,93.77522,367,0.46,0.47,2026-04-15,722,N21,VIIRS,h,2.0NRT,312.74,15.87,D
22.26075,85.3821,341.42,0.41,0.37,2026-04-15,722,N21,VIIRS,n,2.0NRT,308.39,1.92,D
22.26094,92.10305,341.06,0.55,0.42,2026-04-15,722,N21,VIIRS,n,2.0NRT,301.97,7.3,D
22.26144,93.79084,335.34,0.46,0.47,2026-04-15,722,N21,VIIRS,n,2.0NRT,304.83,5.83,D
22.26249,92.17836,342.32,0.55,0.43,2026-04-15,722,N21,VIIRS,n,2.0NRT,301.19,11.79,D
22.26319,93.78871,342.94,0.46,0.47,2026-04-15,722,N21,VIIRS,n,2.0NRT,306.31,6.15,D
22.26483,92.1025,337.92,0.55,0.42,2026-04-15,722,N21,VIIRS,n,2.0NRT,300.56,7.3,D
22.26527,92.49361,343.88,0.38,0.43,2026-04-15,722,N21,VIIRS,n,2.0NRT,305.76,11.52,D
22.26844,93.43092,331.27,0.44,0.46,2026-04-15,722,N21,VIIRS,l,2.0NRT,305.12,2.96,D
22.27361,92.03501,335.72,0.54,0.42,2026-04-15,722,N21,VIIRS,n,2.0NRT,301.63,4.45,D
22.27393,96.72067,331.79,0.36,0.57,2026-04-15,722,N21,VIIRS,l,2.0NRT,301.98,1.09,D
22.2763,92.7561,341.73,0.4,0.44,2026-04-15,722,N21,VIIRS,n,2.0NRT,302.44,6.97,D
22.27713,85.15881,333.05,0.42,0.37,2026-04-15,722,N21,VIIRS,l,2.0NRT,307.24,2.9,D
22.27805,92.43289,331.09,0.57,0.43,2026-04-15,722,N21,VIIRS,l,2.0NRT,303.23,10.11,D
22.27884,92.43932,354.19,0.57,0.43,2026-04-15,722,N21,VIIRS,n,2.0NRT,303.68,11.02,D
22.27915,96.72008,355.43,0.36,0.57,2026-04-15,722,N21,VIIRS,n,2.0NRT,305.24,8.96,D
22.27945,96.72315,342.05,0.36,0.57,2026-04-15,722,N21,VIIRS,n,2.0NRT,303.06,4.07,D
22.27969,93.30826,336.62,0.43,0.46,2026-04-15,722,N21,VIIRS,n,2.0NRT,302.64,3.81,D
22.28025,92.45083,335.64,0.57,0.43,2026-04-15,722,N21,VIIRS,n,2.0NRT,305.22,8.72,D
22.28106,93.77056,333.6,0.46,0.47,2026-04-15,722,N21,VIIRS,n,2.0NRT,307.87,5.38,D
22.2827,85.31689,333.85,0.41,0.37,2026-04-15,722,N21,VIIRS,n,2.0NRT,305.2,3.01,D
22.28284,92.43906,334.26,0.57,0.43,2026-04-15,722,N21,VIIRS,n,2.0NRT,302.47,11.02,D
22.28518,93.69062,334.72,0.45,0.47,2026-04-15,722,N21,VIIRS,l,2.0NRT,306.13,10.68,D
22.28576,93.6958,342.01,0.45,0.47,2026-04-15,722,N21,VIIRS,n,2.0NRT,308.1,6.7,D
22.29094,92.08031,340.98,0.55,0.42,2026-04-15,722,N21,VIIRS,n,2.0NRT,300.52,8.2,D
22.29131,92.50808,345.51,0.39,0.44,2026-04-15,722,N21,VIIRS,n,2.0NRT,309.11,49.33,D
22.29174,92.5116,367,0.39,0.44,2026-04-15,722,N21,VIIRS,h,2.0NRT,325.84,77.25,D
22.29213,92.51484,335,0.39,0.44,2026-04-15,722,N21,VIIRS,n,2.0NRT,301.35,77.25,D
22.29358,94.36481,331.62,0.5,0.49,2026-04-15,722,N21,VIIRS,l,2.0NRT,305.26,2.78,D
22.29478,92.43785,343.06,0.57,0.43,2026-04-15,722,N21,VIIRS,n,2.0NRT,304.07,11.5,D
22.29487,92.5041,350.79,0.38,0.44,2026-04-15,722,N21,VIIRS,n,2.0NRT,306.14,6.58,D
22.29527,85.37126,339.49,0.41,0.37,2026-04-15,722,N21,VIIRS,n,2.0NRT,308.46,3.39,D
22.29658,92.48515,345.13,0.38,0.43,2026-04-15,722,N21,VIIRS,n,2.0NRT,308.24,30.86,D
22.29705,92.48897,343.85,0.38,0.43,2026-04-15,722,N21,VIIRS,n,2.0NRT,303.85,20.1,D
22.2984,92.49996,338.96,0.38,0.44,2026-04-15,722,N21,VIIRS,n,2.0NRT,302.73,6.82,D
22.29885,92.50354,349.55,0.38,0.44,2026-04-15,722,N21,VIIRS,n,2.0NRT,303.97,6.58,D
22.29927,92.50704,338.11,0.39,0.44,2026-04-15,722,N21,VIIRS,n,2.0NRT,300.89,6.58,D
22.30164,94.31538,346.47,0.5,0.49,2026-04-15,722,N21,VIIRS,n,2.0NRT,305.72,5.46,D
22.30382,94.33469,333.16,0.5,0.49,2026-04-15,722,N21,VIIRS,n,2.0NRT,304.89,2.56,D
22.30403,92.4474,347.15,0.57,0.43,2026-04-15,722,N21,VIIRS,n,2.0NRT,305.03,13.82,D
22.30465,92.45239,331.78,0.57,0.43,2026-04-15,722,N21,VIIRS,n,2.0NRT,300.92,13.82,D
22.30481,93.86544,330.19,0.47,0.47,2026-04-15,722,N21,VIIRS,l,2.0NRT,303.28,4.75,D
22.30486,94.34395,337.67,0.5,0.49,2026-04-15,722,N21,VIIRS,n,2.0NRT,303.78,8.66,D
22.3061,94.31479,333.25,0.5,0.49,2026-04-15,722,N21,VIIRS,l,2.0NRT,304.78,5.46,D
22.3086,92.4517,341.81,0.57,0.43,2026-04-15,722,N21,VIIRS,n,2.0NRT,300.58,13.82,D
22.30914,92.45601,348.17,0.38,0.43,2026-04-15,722,N21,VIIRS,n,2.0NRT,300.77,14.7,D
22.30958,92.45962,343.76,0.38,0.43,2026-04-15,722,N21,VIIRS,n,2.0NRT,298.84,14.7,D
22.31205,92.35492,344.75,0.57,0.43,2026-04-15,722,N21,VIIRS,n,2.0NRT,304.82,9.42,D
22.31218,94.25801,332.87,0.49,0.49,2026-04-15,722,N21,VIIRS,n,2.0NRT,303.64,1.45,D
22.31246,92.41795,338.94,0.57,0.43,2026-04-15,722,N21,VIIRS,n,2.0NRT,301.95,14.07,D
22.31255,92.45103,351.43,0.57,0.43,2026-04-15,722,N21,VIIRS,n,2.0NRT,303.91,28.12,D
22.31284,92.35689,349.11,0.57,0.43,2026-04-15,722,N21,VIIRS,n,2.0NRT,304.77,9.5,D
22.31298,94.2561,332,0.49,0.49,2026-04-15,722,N21,VIIRS,l,2.0NRT,303.47,2.9,D
22.31351,92.36223,339.39,0.57,0.43,2026-04-15,722,N21,VIIRS,n,2.0NRT,303.45,9.5,D
22.31355,92.45905,351.66,0.38,0.43,2026-04-15,722,N21,VIIRS,n,2.0NRT,298.79,10.1,D
22.31392,92.43858,335.71,0.57,0.43,2026-04-15,722,N21,VIIRS,n,2.0NRT,302.27,5.78,D
22.31459,92.43498,334.87,0.57,0.43,2026-04-15,722,N21,VIIRS,n,2.0NRT,300.25,11.25,D
22.31598,92.35419,336.76,0.57,0.43,2026-04-15,722,N21,VIIRS,n,2.0NRT,304.77,9.42,D
22.31599,93.65605,337.04,0.45,0.47,2026-04-15,722,N21,VIIRS,n,2.0NRT,307.62,4.52,D
22.31629,85.45576,351.43,0.41,0.37,2026-04-15,722,N21,VIIRS,n,2.0NRT,307.93,4.96,D
22.31661,92.35949,345.27,0.57,0.43,2026-04-15,722,N21,VIIRS,n,2.0NRT,303.06,14.65,D
22.31676,92.35613,336.14,0.57,0.43,2026-04-15,722,N21,VIIRS,n,2.0NRT,303.4,7.93,D
22.31743,92.36142,330.15,0.57,0.43,2026-04-15,722,N21,VIIRS,l,2.0NRT,302.59,7.93,D
22.31745,92.07112,334.9,0.55,0.42,2026-04-15,722,N21,VIIRS,n,2.0NRT,301.38,23.12,D
22.3181,92.07642,340.53,0.55,0.42,2026-04-15,722,N21,VIIRS,n,2.0NRT,297.56,12.41,D
22.31929,92.34835,336.15,0.57,0.43,2026-04-15,722,N21,VIIRS,n,2.0NRT,304.66,4.7,D
22.31965,85.45512,332.12,0.41,0.37,2026-04-15,722,N21,VIIRS,l,2.0NRT,305.87,4.96,D
22.31991,92.35347,335.18,0.57,0.43,2026-04-15,722,N21,VIIRS,n,2.0NRT,302.89,4.7,D
22.32002,92.3502,341.09,0.57,0.43,2026-04-15,722,N21,VIIRS,n,2.0NRT,303.89,9.34,D
22.32133,92.07053,341.56,0.55,0.42,2026-04-15,722,N21,VIIRS,n,2.0NRT,297.35,23.12,D
22.32198,92.07583,330.47,0.55,0.42,2026-04-15,722,N21,VIIRS,n,2.0NRT,297.05,12.41,D
22.3257,93.70249,340.71,0.46,0.47,2026-04-15,722,N21,VIIRS,n,2.0NRT,310.86,27.34,D
22.32618,93.70664,341.79,0.46,0.47,2026-04-15,722,N21,VIIRS,n,2.0NRT,306.63,24.72,D
22.32642,92.37436,331.57,0.57,0.43,2026-04-15,722,N21,VIIRS,n,2.0NRT,301.23,3.33,D
22.32744,92.48467,331.47,0.38,0.44,2026-04-15,722,N21,VIIRS,n,2.0NRT,300.21,1.11,D
22.32895,85.46941,334.75,0.41,0.37,2026-04-15,722,N21,VIIRS,l,2.0NRT,305.37,3.5,D
22.32917,93.69482,332.56,0.45,0.47,2026-04-15,722,N21,VIIRS,n,2.0NRT,304.15,6.03,D
22.32955,93.81219,333.08,0.46,0.47,2026-04-15,722,N21,VIIRS,l,2.0NRT,305.14,4.03,D
22.32956,92.50253,353.91,0.39,0.44,2026-04-15,722,N21,VIIRS,n,2.0NRT,298.94,7.34,D
22.33004,93.70237,367,0.46,0.47,2026-04-15,722,N21,VIIRS,h,2.0NRT,342.81,172.78,D
22.33017,92.5601,332.71,0.39,0.44,2026-04-15,722,N21,VIIRS,n,2.0NRT,298.27,3.16,D
22.33039,92.37396,337.17,0.57,0.43,2026-04-15,722,N21,VIIRS,n,2.0NRT,303.98,27.76,D
22.3311,92.50244,355.56,0.39,0.44,2026-04-15,722,N21,VIIRS,n,2.0NRT,300.03,10.22,D
22.33268,92.49477,336.02,0.39,0.44,2026-04-15,722,N21,VIIRS,n,2.0NRT,296.94,2.96,D
22.33311,92.49839,341.94,0.39,0.44,2026-04-15,722,N21,VIIRS,n,2.0NRT,298.17,7.34,D
22.33333,93.80692,337.78,0.46,0.47,2026-04-15,722,N21,VIIRS,n,2.0NRT,306.07,5.97,D
22.33351,93.69475,334.47,0.45,0.47,2026-04-15,722,N21,VIIRS,n,2.0NRT,305.4,6.03,D
22.33355,92.50211,367,0.39,0.44,2026-04-15,722,N21,VIIRS,h,2.0NRT,302.45,7.34,D
22.33396,93.69862,367,0.46,0.47,2026-04-15,722,N21,VIIRS,h,2.0NRT,348.15,172.78,D
22.33439,93.70234,367,0.46,0.47,2026-04-15,722,N21,VIIRS,h,2.0NRT,318.09,172.78,D
22.33584,92.48729,334.84,0.38,0.44,2026-04-15,722,N21,VIIRS,n,2.0NRT,301.91,11.83,D
22.33626,92.49086,348.28,0.38,0.44,2026-04-15,722,N21,VIIRS,n,2.0NRT,300.1,19.78,D
22.33669,92.49443,349.79,0.39,0.44,2026-04-15,722,N21,VIIRS,n,2.0NRT,302.33,19.78,D
22.33709,93.80141,330.93,0.46,0.47,2026-04-15,722,N21,VIIRS,l,2.0NRT,303.86,5.97,D
22.33712,92.49805,353,0.39,0.44,2026-04-15,722,N21,VIIRS,n,2.0NRT,300.86,15.78,D
22.33714,93.76379,332.88,0.46,0.47,2026-04-15,722,N21,VIIRS,l,2.0NRT,303.43,5,D
22.33728,88.02302,335.46,0.39,0.36,2026-04-15,722,N21,VIIRS,n,2.0NRT,303.96,3.13,D
22.33755,92.5017,334.31,0.39,0.44,2026-04-15,722,N21,VIIRS,n,2.0NRT,290.74,15.78,D
22.33762,93.80604,351.12,0.46,0.47,2026-04-15,722,N21,VIIRS,n,2.0NRT,307.11,5.97,D
22.3383,93.69849,351.22,0.46,0.47,2026-04-15,722,N21,VIIRS,n,2.0NRT,312.84,27.96,D
22.33875,93.70229,354.6,0.46,0.47,2026-04-15,722,N21,VIIRS,n,2.0NRT,308.39,27.96,D
22.33904,92.31272,345.83,0.56,0.43,2026-04-15,722,N21,VIIRS,n,2.0NRT,306.67,24.79,D
22.33909,93.74285,348.54,0.46,0.47,2026-04-15,722,N21,VIIRS,n,2.0NRT,303.04,8.3,D
22.33925,93.70668,334.56,0.46,0.47,2026-04-15,722,N21,VIIRS,n,2.0NRT,301.41,9.23,D
22.33945,93.26083,341.45,0.43,0.46,2026-04-15,722,N21,VIIRS,n,2.0NRT,303.35,5.82,D
22.33982,93.71152,332.3,0.46,0.47,2026-04-15,722,N21,VIIRS,n,2.0NRT,301.53,9.23,D
22.3402,93.34171,345.23,0.43,0.46,2026-04-15,722,N21,VIIRS,n,2.0NRT,311.54,8.13,D
22.34025,92.49035,339.18,0.38,0.44,2026-04-15,722,N21,VIIRS,n,2.0NRT,291.56,19.78,D
22.34272,93.73647,339.87,0.46,0.47,2026-04-15,722,N21,VIIRS,n,2.0NRT,302.43,6.46,D
22.34294,93.85243,344.34,0.47,0.47,2026-04-15,722,N21,VIIRS,n,2.0NRT,306.72,7.95,D
22.34297,92.37835,347.03,0.57,0.43,2026-04-15,722,N21,VIIRS,n,2.0NRT,303.59,9.59,D
22.34364,93.7069,331.35,0.46,0.47,2026-04-15,722,N21,VIIRS,n,2.0NRT,301.95,9.23,D
22.34423,93.71198,367,0.46,0.47,2026-04-15,722,N21,VIIRS,h,2.0NRT,311.28,9.23,D
22.3446,93.79051,339.57,0.46,0.47,2026-04-15,722,N21,VIIRS,n,2.0NRT,295.35,7.55,D
22.34883,93.78917,331.91,0.46,0.47,2026-04-15,722,N21,VIIRS,n,2.0NRT,292,2.57,D
22.34889,92.29501,333.63,0.56,0.43,2026-04-15,722,N21,VIIRS,n,2.0NRT,302.27,6.1,D
22.35153,95.24973,336.1,0.57,0.52,2026-04-15,722,N21,VIIRS,l,2.0NRT,310.93,5.26,D
22.35171,92.83517,332.12,0.4,0.44,2026-04-15,722,N21,VIIRS,n,2.0NRT,302.87,4.28,D
22.3521,95.25519,345.71,0.57,0.52,2026-04-15,722,N21,VIIRS,n,2.0NRT,310.73,7.64,D
22.36119,93.68137,338.35,0.45,0.47,2026-04-15,722,N21,VIIRS,n,2.0NRT,301.26,5.27,D
22.36205,93.67827,333.52,0.45,0.47,2026-04-15,722,N21,VIIRS,n,2.0NRT,301.19,5.96,D
22.36401,87.3002,339.95,0.38,0.36,2026-04-15,722,N21,VIIRS,l,2.0NRT,311.1,8.7,D
22.36577,87.0191,340.05,0.38,0.36,2026-04-15,722,N21,VIIRS,l,2.0NRT,313.33,8.18,D
22.36698,94.38796,337,0.5,0.49,2026-04-15,722,N21,VIIRS,l,2.0NRT,308.08,5.16,D
22.36756,93.7786,335.37,0.46,0.47,2026-04-15,722,N21,VIIRS,n,2.0NRT,302.2,2.2,D
22.36924,93.77639,332.18,0.46,0.47,2026-04-15,722,N21,VIIRS,l,2.0NRT,303.32,3.82,D
22.37427,92.47051,330.06,0.38,0.43,2026-04-15,722,N21,VIIRS,l,2.0NRT,302.49,1.67,D
22.37516,93.68961,331.53,0.46,0.47,2026-04-15,722,N21,VIIRS,l,2.0NRT,306.3,3.98,D
22.37538,92.51307,330.65,0.39,0.44,2026-04-15,722,N21,VIIRS,l,2.0NRT,301.29,11.03,D
22.37585,92.51699,342.03,0.39,0.44,2026-04-15,722,N21,VIIRS,n,2.0NRT,307.8,11.03,D
22.37788,93.7534,331.11,0.46,0.47,2026-04-15,722,N21,VIIRS,n,2.0NRT,304.71,2.12,D
22.37871,87.27824,337.36,0.38,0.36,2026-04-15,722,N21,VIIRS,l,2.0NRT,308.61,4.98,D
22.38064,94.34663,340.44,0.5,0.49,2026-04-15,722,N21,VIIRS,n,2.0NRT,305.36,5.66,D
22.38104,93.91508,337.87,0.47,0.48,2026-04-15,722,N21,VIIRS,l,2.0NRT,308.42,9.57,D
22.38275,93.91772,345.12,0.47,0.48,2026-04-15,722,N21,VIIRS,n,2.0NRT,307.46,8.68,D
22.38318,93.76179,337.47,0.46,0.47,2026-04-15,722,N21,VIIRS,n,2.0NRT,305.77,5.03,D
22.39533,96.76825,330.74,0.36,0.57,2026-04-15,722,N21,VIIRS,l,2.0NRT,302.18,4.33,D
22.40052,96.76698,344.4,0.36,0.57,2026-04-15,722,N21,VIIRS,n,2.0NRT,301.98,9.05,D
22.40526,93.88142,354.63,0.47,0.48,2026-04-15,722,N21,VIIRS,n,2.0NRT,309.53,12.09,D
22.4084,93.67548,342.92,0.45,0.47,2026-04-15,722,N21,VIIRS,n,2.0NRT,307.67,7.21,D
22.41218,94.30392,337,0.5,0.49,2026-04-15,722,N21,VIIRS,n,2.0NRT,306.5,5.75,D
22.41253,93.63543,333.72,0.45,0.47,2026-04-15,722,N21,VIIRS,l,2.0NRT,306.64,5.44,D
22.41923,93.25464,332.78,0.43,0.46,2026-04-15,722,N21,VIIRS,n,2.0NRT,303.26,5.41,D
22.42378,94.40688,336.01,0.51,0.49,2026-04-15,722,N21,VIIRS,n,2.0NRT,304.92,8.71,D
22.43716,93.85137,332.05,0.47,0.47,2026-04-15,722,N21,VIIRS,l,2.0NRT,306.58,4.16,D
22.44285,93.8241,340.26,0.46,0.47,2026-04-15,722,N21,VIIRS,n,2.0NRT,306.51,6.14,D
22.44361,94.06733,343.75,0.48,0.48,2026-04-15,722,N21,VIIRS,n,2.0NRT,309.94,5.53,D
22.44555,93.36049,341.15,0.44,0.46,2026-04-15,722,N21,VIIRS,n,2.0NRT,307.21,14.69,D
22.44636,93.36757,340.83,0.44,0.46,2026-04-15,722,N21,VIIRS,n,2.0NRT,303.66,27.28,D
22.44675,93.37093,367,0.44,0.46,2026-04-15,722,N21,VIIRS,h,2.0NRT,310.01,25.65,D
22.44714,93.37435,367,0.44,0.46,2026-04-15,722,N21,VIIRS,h,2.0NRT,309.78,25.65,D
22.44801,94.0667,335.32,0.48,0.48,2026-04-15,722,N21,VIIRS,l,2.0NRT,307.97,5.53,D
22.44886,93.79983,331.77,0.46,0.47,2026-04-15,722,N21,VIIRS,n,2.0NRT,305.66,3.44,D
22.44945,93.80492,336.84,0.46,0.47,2026-04-15,722,N21,VIIRS,n,2.0NRT,305.58,8.33,D
22.44976,93.35999,367,0.44,0.46,2026-04-15,722,N21,VIIRS,h,2.0NRT,308.31,14.69,D
22.4502,93.36382,352.79,0.44,0.46,2026-04-15,722,N21,VIIRS,n,2.0NRT,316.33,27.28,D
22.45058,93.36719,354.37,0.44,0.46,2026-04-15,722,N21,VIIRS,n,2.0NRT,316.97,27.28,D
22.45097,93.37049,346.21,0.44,0.46,2026-04-15,722,N21,VIIRS,n,2.0NRT,314.49,25.65,D
22.45135,93.37379,343.36,0.44,0.46,2026-04-15,722,N21,VIIRS,n,2.0NRT,303.46,25.65,D
22.45331,92.43239,304.89,0.38,0.43,2026-04-15,722,N21,VIIRS,l,2.0NRT,306.29,73.8,D
22.45375,92.43607,346.12,0.38,0.43,2026-04-15,722,N21,VIIRS,n,2.0NRT,311.38,83.02,D
22.45396,93.35941,339.98,0.44,0.46,2026-04-15,722,N21,VIIRS,n,2.0NRT,305.22,10.54,D
22.45442,93.3634,367,0.44,0.46,2026-04-15,722,N21,VIIRS,l,2.0NRT,329.29,75.22,D
22.45481,93.36684,351.19,0.44,0.46,2026-04-15,722,N21,VIIRS,n,2.0NRT,325.52,75.22,D
22.4552,93.37018,350.97,0.44,0.46,2026-04-15,722,N21,VIIRS,n,2.0NRT,316.35,22.29,D
22.45558,93.37348,349.77,0.44,0.46,2026-04-15,722,N21,VIIRS,n,2.0NRT,304.41,22.29,D
22.45815,93.35866,333.27,0.44,0.46,2026-04-15,722,N21,VIIRS,l,2.0NRT,305.53,10.54,D
22.45905,93.36658,367,0.44,0.46,2026-04-15,722,N21,VIIRS,h,2.0NRT,315.92,75.22,D
22.45946,93.37011,341.09,0.44,0.46,2026-04-15,722,N21,VIIRS,n,2.0NRT,303.73,22.29,D
22.46192,93.76106,338.24,0.46,0.47,2026-04-15,722,N21,VIIRS,l,2.0NRT,310.03,6.81,D
22.46283,93.36229,334.31,0.44,0.46,2026-04-15,722,N21,VIIRS,n,2.0NRT,303.57,8.21,D
22.46623,93.76039,350.2,0.46,0.47,2026-04-15,722,N21,VIIRS,n,2.0NRT,311.78,6.81,D
22.46667,93.76418,331.89,0.46,0.47,2026-04-15,722,N21,VIIRS,l,2.0NRT,305.37,4.74,D
22.46724,93.55254,330.4,0.45,0.47,2026-04-15,722,N21,VIIRS,l,2.0NRT,303.05,2.15,D
22.46797,93.36985,367,0.44,0.46,2026-04-15,722,N21,VIIRS,h,2.0NRT,311.47,13.02,D
22.46841,93.37363,340.35,0.44,0.46,2026-04-15,722,N21,VIIRS,n,2.0NRT,303.4,13.02,D
22.46883,93.37729,331.88,0.44,0.46,2026-04-15,722,N21,VIIRS,n,2.0NRT,299.24,4.37,D
22.47096,93.76341,349.09,0.46,0.47,2026-04-15,722,N21,VIIRS,n,2.0NRT,308.28,252.39,D
22.47187,92.45235,341.38,0.38,0.44,2026-04-15,722,N21,VIIRS,n,2.0NRT,302.35,8.13,D
22.4722,93.36945,352.03,0.44,0.46,2026-04-15,722,N21,VIIRS,n,2.0NRT,307.74,20.73,D
22.47249,93.75698,334.85,0.46,0.47,2026-04-15,722,N21,VIIRS,n,2.0NRT,306.48,0,D
22.47265,93.37341,367,0.44,0.46,2026-04-15,722,N21,VIIRS,h,2.0NRT,311.85,20.73,D
22.47287,92.52824,337.13,0.39,0.44,2026-04-15,722,N21,VIIRS,n,2.0NRT,304.24,8.51,D
22.47289,93.76057,367,0.46,0.47,2026-04-15,722,N21,VIIRS,h,2.0NRT,369.23,0,D
22.47309,93.37724,354.66,0.44,0.46,2026-04-15,722,N21,VIIRS,n,2.0NRT,308.8,30.88,D
22.4733,93.76421,352.86,0.46,0.47,2026-04-15,722,N21,VIIRS,n,2.0NRT,311.92,280.69,D
22.47332,92.532,335.64,0.39,0.44,2026-04-15,722,N21,VIIRS,n,2.0NRT,301.47,9.57,D
22.47443,93.75564,348.48,0.46,0.47,2026-04-15,722,N21,VIIRS,n,2.0NRT,306.58,592.92,D
22.47485,93.7592,367,0.46,0.47,2026-04-15,722,N21,VIIRS,l,2.0NRT,367.08,592.92,D
22.47486,97.09694,336.54,0.38,0.59,2026-04-15,722,N21,VIIRS,n,2.0NRT,299.87,3.95,D
22.47527,93.76282,367,0.46,0.47,2026-04-15,722,N21,VIIRS,h,2.0NRT,358.89,252.39,D
22.4757,93.76653,349.12,0.46,0.47,2026-04-15,722,N21,VIIRS,n,2.0NRT,303.05,252.39,D
22.47585,92.45187,341.05,0.38,0.44,2026-04-15,722,N21,VIIRS,n,2.0NRT,302.68,8.13,D
22.4763,92.45552,335.06,0.38,0.44,2026-04-15,722,N21,VIIRS,n,2.0NRT,301.16,12.88,D
22.47637,93.75252,333.47,0.46,0.47,2026-04-15,722,N21,VIIRS,l,2.0NRT,307.08,8.74,D
22.47688,92.52773,340.16,0.39,0.44,2026-04-15,722,N21,VIIRS,n,2.0NRT,303.18,8.51,D
22.47721,93.75999,367,0.46,0.47,2026-04-15,722,N21,VIIRS,l,2.0NRT,374.77,0,D
22.47732,92.53147,345.11,0.39,0.44,2026-04-15,722,N21,VIIRS,n,2.0NRT,303.22,9.57,D
22.47761,93.76363,367,0.46,0.47,2026-04-15,722,N21,VIIRS,h,2.0NRT,368.84,280.69,D
22.47803,93.7674,354.22,0.46,0.47,2026-04-15,722,N21,VIIRS,n,2.0NRT,309.39,280.69,D
22.47811,93.90073,344.63,0.47,0.48,2026-04-15,722,N21,VIIRS,n,2.0NRT,305.03,9.59,D
22.47874,93.75503,343.51,0.46,0.47,2026-04-15,722,N21,VIIRS,n,2.0NRT,306.94,184.93,D
22.47916,93.75866,367,0.46,0.47,2026-04-15,722,N21,VIIRS,l,2.0NRT,347.45,184.93,D
22.47959,93.76228,367,0.46,0.47,2026-04-15,722,N21,VIIRS,l,2.0NRT,371.52,268.83,D
22.47984,92.45136,338.99,0.38,0.44,2026-04-15,722,N21,VIIRS,n,2.0NRT,301.47,6.26,D
22.48002,93.76599,367,0.46,0.47,2026-04-15,722,N21,VIIRS,l,2.0NRT,333.34,268.83,D
22.48028,92.45504,340.19,0.38,0.44,2026-04-15,722,N21,VIIRS,n,2.0NRT,300.85,5.88,D
22.48046,93.76974,338.91,0.46,0.47,2026-04-15,722,N21,VIIRS,n,2.0NRT,304.7,11.52,D
22.48104,92.39471,343.76,0.57,0.43,2026-04-15,722,N21,VIIRS,n,2.0NRT,305.08,12.89,D
22.48112,93.75581,344.14,0.46,0.47,2026-04-15,722,N21,VIIRS,n,2.0NRT,306.58,149.66,D
22.48153,93.75948,367,0.46,0.47,2026-04-15,722,N21,VIIRS,l,2.0NRT,347.94,149.66,D
22.48194,93.76315,367,0.46,0.47,2026-04-15,722,N21,VIIRS,h,2.0NRT,339.76,97.01,D
22.48236,93.76687,345.91,0.46,0.47,2026-04-15,722,N21,VIIRS,n,2.0NRT,306.34,97.01,D
22.48349,93.75815,342.71,0.46,0.47,2026-04-15,722,N21,VIIRS,n,2.0NRT,307.07,184.93,D
22.48392,93.76185,346.82,0.46,0.47,2026-04-15,722,N21,VIIRS,n,2.0NRT,306.71,268.83,D
22.48435,93.76552,333.33,0.46,0.47,2026-04-15,722,N21,VIIRS,l,2.0NRT,304.6,268.83,D
22.48712,92.41157,332.77,0.57,0.43,2026-04-15,722,N21,VIIRS,n,2.0NRT,300.08,5.87,D
22.48796,92.51855,352.72,0.39,0.44,2026-04-15,722,N21,VIIRS,n,2.0NRT,299.46,17.88,D
22.48826,94.3078,331.71,0.5,0.49,2026-04-15,722,N21,VIIRS,l,2.0NRT,304.42,6.41,D
22.48841,92.52235,341.44,0.39,0.44,2026-04-15,722,N21,VIIRS,n,2.0NRT,302.09,5.42,D
22.49234,97.76772,334.8,0.42,0.61,2026-04-15,722,N21,VIIRS,n,2.0NRT,297.97,8.64,D
22.49917,93.83984,347.51,0.47,0.48,2026-04-15,722,N21,VIIRS,n,2.0NRT,306.04,9.48,D
22.50084,92.52435,335.98,0.39,0.44,2026-04-15,722,N21,VIIRS,n,2.0NRT,299.49,5.21,D
22.50176,92.53191,344.17,0.39,0.44,2026-04-15,722,N21,VIIRS,n,2.0NRT,305.38,60.07,D
22.50264,93.44749,354.55,0.44,0.46,2026-04-15,722,N21,VIIRS,n,2.0NRT,308.2,19.9,D
22.51884,97.32867,367,0.39,0.6,2026-04-15,722,N21,VIIRS,h,2.0NRT,296.32,21.15,D
22.52055,97.32797,367,0.39,0.6,2026-04-15,722,N21,VIIRS,h,2.0NRT,298.59,18.84,D
22.52325,93.81896,341.35,0.47,0.47,2026-04-15,722,N21,VIIRS,l,2.0NRT,311.58,34.68,D
22.52414,93.59613,335.59,0.45,0.47,2026-04-15,722,N21,VIIRS,n,2.0NRT,304.9,4.86,D
22.52466,92.38884,334.3,0.57,0.43,2026-04-15,722,N21,VIIRS,n,2.0NRT,303.23,3.82,D
22.53109,93.65662,334.03,0.46,0.47,2026-04-15,722,N21,VIIRS,n,2.0NRT,307.03,3.25,D
22.53657,97.63471,348.23,0.41,0.61,2026-04-15,722,N21,VIIRS,n,2.0NRT,295.77,7.39,D
22.53769,92.46106,352.54,0.39,0.44,2026-04-15,722,N21,VIIRS,n,2.0NRT,303.15,8.86,D
22.53987,92.51121,340.22,0.39,0.44,2026-04-15,722,N21,VIIRS,n,2.0NRT,299.77,6.83,D
22.54217,93.4186,338.66,0.44,0.46,2026-04-15,722,N21,VIIRS,n,2.0NRT,300.61,4.57,D
22.54262,93.41933,331.62,0.44,0.46,2026-04-15,722,N21,VIIRS,n,2.0NRT,300.59,4.96,D
22.54392,93.88517,339.26,0.47,0.48,2026-04-15,722,N21,VIIRS,n,2.0NRT,306.79,6.44,D
22.54401,96.71003,339.34,0.36,0.57,2026-04-15,722,N21,VIIRS,n,2.0NRT,301.68,4.52,D
22.54436,93.73426,335.81,0.46,0.47,2026-04-15,722,N21,VIIRS,l,2.0NRT,308.74,4.57,D
22.54953,96.76665,342.38,0.36,0.57,2026-04-15,722,N21,VIIRS,n,2.0NRT,297.84,8.26,D
22.54957,97.59505,330.55,0.41,0.61,2026-04-15,722,N21,VIIRS,n,2.0NRT,296.98,3.56,D
22.5497,97.59531,330.62,0.41,0.61,2026-04-15,722,N21,VIIRS,n,2.0NRT,296.94,4.69,D
22.55486,96.87695,330.4,0.37,0.58,2026-04-15,722,N21,VIIRS,n,2.0NRT,300.51,2.21,D
22.55583,93.34649,294.74,0.44,0.46,2026-04-15,722,N21,VIIRS,l,2.0NRT,305.82,63.08,D
22.55641,93.35162,349.71,0.44,0.46,2026-04-15,722,N21,VIIRS,n,2.0NRT,315.06,63.08,D
22.55692,92.13436,333.63,0.55,0.43,2026-04-15,722,N21,VIIRS,n,2.0NRT,299.22,3.37,D
22.55986,92.3221,338.1,0.57,0.43,2026-04-15,722,N21,VIIRS,n,2.0NRT,299.94,5.18,D
22.56063,93.35117,335.95,0.44,0.46,2026-04-15,722,N21,VIIRS,n,2.0NRT,306.01,35.11,D
22.56144,94.32921,335.89,0.5,0.49,2026-04-15,722,N21,VIIRS,n,2.0NRT,305.34,7.03,D
22.56648,92.51231,349.68,0.39,0.44,2026-04-15,722,N21,VIIRS,n,2.0NRT,302.97,19.79,D
22.56836,93.34401,302.98,0.44,0.46,2026-04-15,722,N21,VIIRS,l,2.0NRT,314.94,76.93,D
22.56894,93.34912,341.74,0.44,0.46,2026-04-15,722,N21,VIIRS,n,2.0NRT,303.73,76.93,D
22.56985,92.47231,337.39,0.39,0.44,2026-04-15,722,N21,VIIRS,n,2.0NRT,304.83,2.34,D
22.5726,93.34372,343.97,0.44,0.46,2026-04-15,722,N21,VIIRS,n,2.0NRT,310.92,76.93,D
22.57411,93.80206,335.74,0.47,0.47,2026-04-15,722,N21,VIIRS,n,2.0NRT,305.01,7.58,D
22.57456,93.80593,332.9,0.47,0.47,2026-04-15,722,N21,VIIRS,l,2.0NRT,304.25,3.89,D
22.58146,92.74407,339.14,0.4,0.44,2026-04-15,722,N21,VIIRS,n,2.0NRT,299.35,4.62,D
22.58315,93.76642,342.79,0.46,0.47,2026-04-15,722,N21,VIIRS,n,2.0NRT,307.5,6.94,D
22.58497,93.76326,337.81,0.46,0.47,2026-04-15,722,N21,VIIRS,n,2.0NRT,306.94,9.07,D
22.58497,94.33635,330.57,0.5,0.49,2026-04-15,722,N21,VIIRS,l,2.0NRT,304.77,3.06,D
22.58587,93.82758,340,0.47,0.48,2026-04-15,722,N21,VIIRS,n,2.0NRT,305.14,9.13,D
22.58731,93.82469,340.49,0.47,0.48,2026-04-15,722,N21,VIIRS,n,2.0NRT,305.81,8.91,D
22.58768,92.38552,334.37,0.57,0.43,2026-04-15,722,N21,VIIRS,n,2.0NRT,303.42,9.28,D
22.58835,92.39103,333.64,0.57,0.43,2026-04-15,722,N21,VIIRS,n,2.0NRT,303.05,9.28,D
22.59246,96.27867,334.07,0.34,0.56,2026-04-15,722,N21,VIIRS,n,2.0NRT,298.56,1.75,D
22.59733,92.4649,334.29,0.39,0.44,2026-04-15,722,N21,VIIRS,n,2.0NRT,299.04,2.43,D
22.59773,93.75948,342.85,0.46,0.47,2026-04-15,722,N21,VIIRS,n,2.0NRT,307.15,15.49,D
22.59884,94.33829,333.02,0.5,0.49,2026-04-15,722,N21,VIIRS,n,2.0NRT,302.87,5.4,D
22.60141,93.67437,367,0.46,0.47,2026-04-15,722,N21,VIIRS,h,2.0NRT,308.65,17.19,D
22.61012,92.37117,335.38,0.57,0.43,2026-04-15,722,N21,VIIRS,l,2.0NRT,306.25,10.53,D
22.61081,92.37669,330.49,0.57,0.43,2026-04-15,722,N21,VIIRS,l,2.0NRT,303.51,10.53,D
22.61141,93.68575,343.88,0.46,0.47,2026-04-15,722,N21,VIIRS,n,2.0NRT,307.15,54.39,D
22.61858,96.2308,342.4,0.33,0.56,2026-04-15,722,N21,VIIRS,n,2.0NRT,301.12,5.09,D
22.61898,96.23483,337.74,0.33,0.56,2026-04-15,722,N21,VIIRS,n,2.0NRT,301.12,5.09,D
22.61937,96.23869,344.74,0.33,0.56,2026-04-15,722,N21,VIIRS,n,2.0NRT,301.41,5.69,D
22.61941,92.38105,337,0.57,0.43,2026-04-15,722,N21,VIIRS,n,2.0NRT,304.54,15.57,D
22.62116,97.22861,333.45,0.39,0.59,2026-04-15,722,N21,VIIRS,n,2.0NRT,300.85,3.1,D
22.62162,92.43166,345.68,0.38,0.44,2026-04-15,722,N21,VIIRS,n,2.0NRT,298.76,3.43,D
22.62258,93.74627,347.89,0.46,0.47,2026-04-15,722,N21,VIIRS,n,2.0NRT,310.85,12.65,D
22.62322,91.98831,330.35,0.55,0.42,2026-04-15,722,N21,VIIRS,n,2.0NRT,300.67,4.37,D
22.6233,97.22794,330.54,0.39,0.59,2026-04-15,722,N21,VIIRS,n,2.0NRT,298.9,3.28,D
22.62338,92.38052,342.02,0.57,0.43,2026-04-15,722,N21,VIIRS,n,2.0NRT,304.77,15.57,D
22.62369,96.23056,367,0.33,0.56,2026-04-15,722,N21,VIIRS,h,2.0NRT,303.7,13.09,D
22.63238,96.2274,331.81,0.33,0.56,2026-04-15,722,N21,VIIRS,n,2.0NRT,301.56,5.46,D
22.63271,96.23089,367,0.33,0.56,2026-04-15,722,N21,VIIRS,h,2.0NRT,302.79,10.75,D
22.63398,96.23054,353.9,0.33,0.56,2026-04-15,722,N21,VIIRS,n,2.0NRT,302.31,9.34,D
22.64373,97.34909,330.56,0.39,0.6,2026-04-15,722,N21,VIIRS,n,2.0NRT,300.26,3.55,D
22.64402,93.66542,331.27,0.46,0.47,2026-04-15,722,N21,VIIRS,l,2.0NRT,302.04,5.5,D
22.64506,97.34904,334.41,0.4,0.6,2026-04-15,722,N21,VIIRS,n,2.0NRT,300.34,3.14,D
22.6485,92.48513,330.06,0.39,0.44,2026-04-15,722,N21,VIIRS,l,2.0NRT,303.68,2.67,D
22.64939,96.80904,334.58,0.36,0.58,2026-04-15,722,N21,VIIRS,n,2.0NRT,297.77,5.42,D
22.64975,96.81274,332.02,0.36,0.58,2026-04-15,722,N21,VIIRS,n,2.0NRT,297.66,5.42,D
22.6543,96.46001,334.08,0.35,0.56,2026-04-15,722,N21,VIIRS,n,2.0NRT,294.91,5.02,D
22.65459,96.46308,344.16,0.35,0.56,2026-04-15,722,N21,VIIRS,n,2.0NRT,298.45,5.02,D
22.65643,92.29465,334.47,0.57,0.43,2026-04-15,722,N21,VIIRS,n,2.0NRT,303.78,5.93,D
22.65746,96.46186,367,0.35,0.56,2026-04-15,722,N21,VIIRS,h,2.0NRT,300.18,9.95,D
22.66089,93.73615,332.66,0.46,0.47,2026-04-15,722,N21,VIIRS,n,2.0NRT,302.78,2.11,D
22.66447,93.6537,337.67,0.46,0.47,2026-04-15,722,N21,VIIRS,n,2.0NRT,306.22,5.07,D
22.66671,97.83266,331.12,0.43,0.62,2026-04-15,722,N21,VIIRS,n,2.0NRT,295.81,3.07,D
22.67037,97.83322,330.71,0.43,0.62,2026-04-15,722,N21,VIIRS,n,2.0NRT,295.88,5.89,D
22.67685,93.83699,355.23,0.47,0.48,2026-04-15,722,N21,VIIRS,n,2.0NRT,309.32,12.75,D
22.68111,93.83562,336.58,0.47,0.48,2026-04-15,722,N21,VIIRS,n,2.0NRT,303.89,12.75,D
22.68376,93.63233,331.24,0.46,0.47,2026-04-15,722,N21,VIIRS,l,2.0NRT,303.13,5.48,D
22.68632,93.62951,336.01,0.46,0.47,2026-04-15,722,N21,VIIRS,n,2.0NRT,301.03,4.92,D
22.68944,93.65784,333.75,0.46,0.47,2026-04-15,722,N21,VIIRS,l,2.0NRT,308.57,6.59,D
22.69024,93.76226,331.15,0.46,0.47,2026-04-15,722,N21,VIIRS,l,2.0NRT,304.09,4.5,D
22.69186,93.75965,341.65,0.46,0.47,2026-04-15,722,N21,VIIRS,n,2.0NRT,305.58,5.49,D
22.69195,96.86218,367,0.37,0.58,2026-04-15,722,N21,VIIRS,h,2.0NRT,296.54,10.98,D
22.69455,93.76148,333.03,0.46,0.47,2026-04-15,722,N21,VIIRS,l,2.0NRT,304.85,4.15,D
22.69502,97.72473,367,0.42,0.61,2026-04-15,722,N21,VIIRS,h,2.0NRT,299.14,19.07,D
22.69577,93.77197,344.82,0.46,0.47,2026-04-15,722,N21,VIIRS,n,2.0NRT,306.19,9.09,D
22.6974,93.77024,336.62,0.46,0.47,2026-04-15,722,N21,VIIRS,n,2.0NRT,305.4,6.34,D
22.6977,93.854,340.09,0.47,0.48,2026-04-15,722,N21,VIIRS,n,2.0NRT,306.65,5.48,D
22.69784,93.77423,346.2,0.47,0.47,2026-04-15,722,N21,VIIRS,n,2.0NRT,306.9,6.34,D
22.69999,93.84608,350.75,0.47,0.48,2026-04-15,722,N21,VIIRS,n,2.0NRT,307.48,7.95,D
22.70013,93.63621,335.73,0.46,0.47,2026-04-15,722,N21,VIIRS,l,2.0NRT,309.14,6.99,D
22.70104,93.84401,341.49,0.47,0.48,2026-04-15,722,N21,VIIRS,n,2.0NRT,305.88,5.66,D
22.70112,93.64503,336.93,0.46,0.47,2026-04-15,722,N21,VIIRS,l,2.0NRT,310.15,5.79,D
22.70156,93.84884,332.46,0.47,0.48,2026-04-15,722,N21,VIIRS,l,2.0NRT,306.04,5.66,D
22.70157,93.64909,332.32,0.46,0.47,2026-04-15,722,N21,VIIRS,l,2.0NRT,306.58,5.79,D
22.70289,96.99023,339.33,0.38,0.58,2026-04-15,722,N21,VIIRS,n,2.0NRT,297.6,8.46,D
22.70313,96.99286,367,0.38,0.58,2026-04-15,722,N21,VIIRS,h,2.0NRT,299.86,8.46,D
22.70457,96.99155,367,0.38,0.58,2026-04-15,722,N21,VIIRS,h,2.0NRT,299.54,15.11,D
22.70478,93.63878,343.24,0.46,0.47,2026-04-15,722,N21,VIIRS,n,2.0NRT,308.78,6.99,D
22.70487,93.85004,345.5,0.47,0.48,2026-04-15,722,N21,VIIRS,n,2.0NRT,308.42,9.55,D
22.7058,93.64793,339.96,0.46,0.47,2026-04-15,722,N21,VIIRS,n,2.0NRT,305.79,5.79,D
22.70592,93.84829,343.91,0.47,0.48,2026-04-15,722,N21,VIIRS,n,2.0NRT,308.35,5.72,D
22.70634,93.85205,332.42,0.47,0.48,2026-04-15,722,N21,VIIRS,n,2.0NRT,306.95,4.32,D
22.70934,94.20301,334.15,0.49,0.49,2026-04-15,722,N21,VIIRS,l,2.0NRT,306.74,4.29,D
22.71011,94.25051,331.78,0.5,0.49,2026-04-15,722,N21,VIIRS,n,2.0NRT,303.19,3.76,D
22.71395,92.01018,333.87,0.55,0.43,2026-04-15,722,N21,VIIRS,n,2.0NRT,300.29,5.77,D
22.72076,92.10375,336.43,0.55,0.43,2026-04-15,722,N21,VIIRS,n,2.0NRT,301.02,8.22,D
22.72165,92.10701,333.82,0.56,0.43,2026-04-15,722,N21,VIIRS,n,2.0NRT,301.6,3.95,D
22.72811,92.0291,330.09,0.55,0.43,2026-04-15,722,N21,VIIRS,n,2.0NRT,299.36,5.68,D
22.72879,92.03468,339.31,0.55,0.43,2026-04-15,722,N21,VIIRS,n,2.0NRT,298.53,5.68,D
22.7291,93.81799,335.21,0.47,0.48,2026-04-15,722,N21,VIIRS,l,2.0NRT,307.1,6.44,D
22.7323,92.45394,332.14,0.39,0.44,2026-04-15,722,N21,VIIRS,l,2.0NRT,302.61,2.71,D
22.73348,93.73895,333.58,0.46,0.47,2026-04-15,722,N21,VIIRS,l,2.0NRT,307.75,4.7,D
22.74092,93.72704,338.54,0.46,0.47,2026-04-15,722,N21,VIIRS,n,2.0NRT,305.39,3.99,D
22.74277,96.83972,332.71,0.37,0.58,2026-04-15,722,N21,VIIRS,n,2.0NRT,299.46,6.47,D
22.74562,92.37596,340.74,0.38,0.43,2026-04-15,722,N21,VIIRS,n,2.0NRT,301.97,4.9,D
22.74693,92.37578,342.7,0.38,0.43,2026-04-15,722,N21,VIIRS,n,2.0NRT,302.45,6.6,D
22.74907,94.39561,334.58,0.51,0.49,2026-04-15,722,N21,VIIRS,l,2.0NRT,305.84,4.31,D
22.7492,94.16567,338.65,0.49,0.49,2026-04-15,722,N21,VIIRS,n,2.0NRT,310.34,6.38,D
22.74962,92.37558,333.03,0.38,0.43,2026-04-15,722,N21,VIIRS,n,2.0NRT,301.22,4.9,D
22.7528,97.18155,337.55,0.39,0.59,2026-04-15,722,N21,VIIRS,n,2.0NRT,296.08,4.64,D
22.75311,97.1849,338.27,0.39,0.59,2026-04-15,722,N21,VIIRS,n,2.0NRT,298.21,4.64,D
22.75806,96.40135,335.73,0.34,0.56,2026-04-15,722,N21,VIIRS,n,2.0NRT,297.63,4.26,D
22.76023,97.2031,342.07,0.39,0.59,2026-04-15,722,N21,VIIRS,n,2.0NRT,297.37,8.27,D
22.76519,97.19743,341.74,0.39,0.59,2026-04-15,722,N21,VIIRS,n,2.0NRT,297.68,8.35,D
22.76863,92.36567,339.7,0.38,0.43,2026-04-15,722,N21,VIIRS,n,2.0NRT,300.37,11.88,D
22.77163,92.35694,351.94,0.38,0.43,2026-04-15,722,N21,VIIRS,n,2.0NRT,301.32,15.62,D
22.77262,92.36523,354.04,0.38,0.43,2026-04-15,722,N21,VIIRS,n,2.0NRT,303.82,11.88,D
22.77291,93.25179,352.09,0.43,0.46,2026-04-15,722,N21,VIIRS,n,2.0NRT,310.15,29.16,D
22.77349,93.25692,348.97,0.43,0.46,2026-04-15,722,N21,VIIRS,n,2.0NRT,302.25,29.16,D
22.77655,93.24643,333.5,0.43,0.46,2026-04-15,722,N21,VIIRS,n,2.0NRT,298.33,3.23,D
22.77758,93.779,351.54,0.47,0.47,2026-04-15,722,N21,VIIRS,n,2.0NRT,312.34,26.89,D
22.78078,93.24621,346.07,0.43,0.46,2026-04-15,722,N21,VIIRS,n,2.0NRT,303.86,9.89,D
22.78135,93.25118,338.42,0.43,0.46,2026-04-15,722,N21,VIIRS,n,2.0NRT,299.89,6.7,D
22.78414,94.27936,332.04,0.5,0.49,2026-04-15,722,N21,VIIRS,l,2.0NRT,305.29,6.47,D
22.78943,92.43813,332.46,0.39,0.44,2026-04-15,722,N21,VIIRS,n,2.0NRT,304.27,6.54,D
22.78989,92.44196,352.72,0.39,0.44,2026-04-15,722,N21,VIIRS,n,2.0NRT,306.18,8.62,D
22.79035,92.44583,340.28,0.39,0.44,2026-04-15,722,N21,VIIRS,n,2.0NRT,303.78,8.62,D
22.79136,93.78385,344.24,0.47,0.47,2026-04-15,722,N21,VIIRS,n,2.0NRT,308.6,10.03,D
22.79144,93.82283,348.42,0.47,0.48,2026-04-15,722,N21,VIIRS,n,2.0NRT,311.02,12.27,D
22.79388,92.44144,367,0.39,0.44,2026-04-15,722,N21,VIIRS,h,2.0NRT,305.67,8.49,D
22.79435,92.44534,333.53,0.39,0.44,2026-04-15,722,N21,VIIRS,n,2.0NRT,303.14,8.49,D
22.79543,93.81914,341.33,0.47,0.48,2026-04-15,722,N21,VIIRS,n,2.0NRT,310.06,4.82,D
22.7959,93.82327,354.06,0.47,0.48,2026-04-15,722,N21,VIIRS,n,2.0NRT,312.94,12.27,D
22.79637,93.82731,345.72,0.47,0.48,2026-04-15,722,N21,VIIRS,n,2.0NRT,311.05,12.27,D
22.79812,96.20164,341.3,0.33,0.56,2026-04-15,722,N21,VIIRS,n,2.0NRT,299.27,5.21,D
22.80084,93.82771,335.07,0.47,0.48,2026-04-15,722,N21,VIIRS,l,2.0NRT,309.83,5.06,D
22.80387,93.84262,341.15,0.47,0.48,2026-04-15,722,N21,VIIRS,n,2.0NRT,310.92,7.28,D
22.80422,93.78076,347.95,0.47,0.47,2026-04-15,722,N21,VIIRS,n,2.0NRT,311.3,11.85,D
22.80474,93.78519,342.1,0.47,0.47,2026-04-15,722,N21,VIIRS,n,2.0NRT,313,6.67,D
22.80527,93.78976,339.87,0.47,0.48,2026-04-15,722,N21,VIIRS,l,2.0NRT,312.78,6.67,D
22.80607,93.78166,352.78,0.47,0.48,2026-04-15,722,N21,VIIRS,n,2.0NRT,314.38,11.58,D
22.80626,93.62415,336.73,0.46,0.47,2026-04-15,722,N21,VIIRS,n,2.0NRT,305.94,12.75,D
22.80655,93.78597,341.11,0.47,0.48,2026-04-15,722,N21,VIIRS,l,2.0NRT,313.81,10.31,D
22.80675,93.62845,341.67,0.46,0.47,2026-04-15,722,N21,VIIRS,n,2.0NRT,308.82,21.47,D
22.80681,93.84112,341.37,0.47,0.48,2026-04-15,722,N21,VIIRS,n,2.0NRT,310.56,9.04,D
22.80728,94.20084,336.99,0.5,0.49,2026-04-15,722,N21,VIIRS,n,2.0NRT,306.59,5.01,D
22.80887,93.82074,345.12,0.47,0.48,2026-04-15,722,N21,VIIRS,n,2.0NRT,311.19,8.42,D
22.81041,93.82131,342.26,0.47,0.48,2026-04-15,722,N21,VIIRS,n,2.0NRT,311.14,7.72,D
22.81183,97.46715,331.03,0.4,0.6,2026-04-15,722,N21,VIIRS,n,2.0NRT,295.59,4.24,D
22.81803,97.47406,350.17,0.4,0.6,2026-04-15,722,N21,VIIRS,n,2.0NRT,299.46,20.96,D
22.81839,97.47794,367,0.4,0.6,2026-04-15,722,N21,VIIRS,h,2.0NRT,297.43,20.96,D
22.81874,97.30184,367,0.39,0.6,2026-04-15,722,N21,VIIRS,h,2.0NRT,301.05,15.21,D
22.82251,91.95011,338.76,0.55,0.42,2026-04-15,722,N21,VIIRS,n,2.0NRT,302.17,17.39,D
22.82315,91.95537,355.69,0.55,0.42,2026-04-15,722,N21,VIIRS,n,2.0NRT,299.73,22.23,D
22.82434,91.99771,338.96,0.55,0.43,2026-04-15,722,N21,VIIRS,n,2.0NRT,298.11,11.91,D
22.83188,96.13788,330.7,0.33,0.55,2026-04-15,722,N21,VIIRS,n,2.0NRT,300.95,1.14,D
22.83454,93.48998,346.39,0.45,0.47,2026-04-15,722,N21,VIIRS,n,2.0NRT,306.91,123.44,D
22.83619,92.35648,334.26,0.38,0.43,2026-04-15,722,N21,VIIRS,n,2.0NRT,299.34,4.05,D
22.83664,92.36017,340.53,0.38,0.43,2026-04-15,722,N21,VIIRS,n,2.0NRT,299.54,5.7,D
22.83782,93.48094,338.31,0.45,0.47,2026-04-15,722,N21,VIIRS,n,2.0NRT,299.98,12.36,D
22.83834,93.4855,367,0.45,0.47,2026-04-15,722,N21,VIIRS,h,2.0NRT,332.73,123.44,D
22.83875,92.34454,340.16,0.38,0.43,2026-04-15,722,N21,VIIRS,n,2.0NRT,301.8,4.97,D
22.8388,93.48944,367,0.45,0.47,2026-04-15,722,N21,VIIRS,h,2.0NRT,344.64,123.44,D
22.83921,93.493,348.59,0.45,0.47,2026-04-15,722,N21,VIIRS,n,2.0NRT,306.52,56.13,D
22.83961,93.4965,349.16,0.45,0.47,2026-04-15,722,N21,VIIRS,n,2.0NRT,320.2,56.13,D
22.84199,93.55489,339.34,0.45,0.47,2026-04-15,722,N21,VIIRS,n,2.0NRT,305.11,7.47,D
22.84253,93.48429,367,0.45,0.47,2026-04-15,722,N21,VIIRS,h,2.0NRT,330.1,371.12,D
22.84302,93.48853,367,0.45,0.47,2026-04-15,722,N21,VIIRS,l,2.0NRT,372.15,371.12,D
22.84312,93.56482,339.68,0.45,0.47,2026-04-15,722,N21,VIIRS,n,2.0NRT,304.83,6.75,D
22.84344,93.4922,367,0.45,0.47,2026-04-15,722,N21,VIIRS,h,2.0NRT,319.13,150.6,D
22.84385,93.49577,352.3,0.45,0.47,2026-04-15,722,N21,VIIRS,n,2.0NRT,310.91,150.6,D
22.84417,93.57394,333.45,0.45,0.47,2026-04-15,722,N21,VIIRS,l,2.0NRT,306.29,5.03,D
22.84468,93.57837,339.28,0.45,0.47,2026-04-15,722,N21,VIIRS,n,2.0NRT,302.2,5.03,D
22.8472,93.4873,330.22,0.45,0.47,2026-04-15,722,N21,VIIRS,n,2.0NRT,300.54,371.12,D
22.8531,93.61397,346.4,0.46,0.47,2026-04-15,722,N21,VIIRS,n,2.0NRT,305.34,21.87,D
22.85458,93.55106,336.65,0.45,0.47,2026-04-15,722,N21,VIIRS,n,2.0NRT,297.41,26.97,D
22.85516,93.55614,348.96,0.45,0.47,2026-04-15,722,N21,VIIRS,n,2.0NRT,303.12,26.97,D
22.85575,93.56123,337.09,0.45,0.47,2026-04-15,722,N21,VIIRS,n,2.0NRT,310.29,58.59,D
22.85732,93.61275,348.35,0.46,0.47,2026-04-15,722,N21,VIIRS,n,2.0NRT,303.01,13.75,D
22.85827,95.11822,336.87,0.57,0.52,2026-04-15,722,N21,VIIRS,n,2.0NRT,305.94,5.49,D
22.8589,92.35376,332.46,0.38,0.43,2026-04-15,722,N21,VIIRS,l,2.0NRT,302.54,8.61,D
22.85934,92.35751,339.34,0.38,0.43,2026-04-15,722,N21,VIIRS,n,2.0NRT,305.22,24.23,D
22.85946,93.55577,367,0.45,0.47,2026-04-15,722,N21,VIIRS,h,2.0NRT,333.81,188.48,D
22.86001,93.5605,341.68,0.45,0.47,2026-04-15,722,N21,VIIRS,n,2.0NRT,300.01,28.55,D
22.86149,92.44476,345.6,0.39,0.44,2026-04-15,722,N21,VIIRS,n,2.0NRT,302.03,7.36,D
22.86206,92.14524,332.74,0.56,0.43,2026-04-15,722,N21,VIIRS,n,2.0NRT,300.86,2.92,D
22.86319,92.44374,342.65,0.39,0.44,2026-04-15,722,N21,VIIRS,n,2.0NRT,302.72,7.6,D
22.86721,93.97489,335.9,0.48,0.48,2026-04-15,722,N21,VIIRS,n,2.0NRT,305.5,3.18,D
22.86951,92.59452,337.89,0.4,0.44,2026-04-15,722,N21,VIIRS,n,2.0NRT,299.67,3.92,D
22.87156,93.97384,331.88,0.48,0.48,2026-04-15,722,N21,VIIRS,l,2.0NRT,304.16,3.77,D
22.87202,93.978,337.06,0.48,0.48,2026-04-15,722,N21,VIIRS,n,2.0NRT,304.36,3.77,D
22.87287,97.33684,339.36,0.4,0.6,2026-04-15,722,N21,VIIRS,n,2.0NRT,295.95,6.33,D
22.87724,92.30442,348.88,0.57,0.43,2026-04-15,722,N21,VIIRS,n,2.0NRT,309.02,68.52,D
22.87783,92.30935,335.29,0.57,0.43,2026-04-15,722,N21,VIIRS,n,2.0NRT,303.12,18.25,D
22.88958,91.58584,333.89,0.52,0.42,2026-04-15,722,N21,VIIRS,n,2.0NRT,301.66,6.26,D
22.89713,93.92341,331.05,0.48,0.48,2026-04-15,722,N21,VIIRS,l,2.0NRT,302.95,2.23,D
22.89837,92.27934,332.08,0.57,0.43,2026-04-15,722,N21,VIIRS,n,2.0NRT,301.92,7.61,D
22.89843,93.93499,332.95,0.48,0.48,2026-04-15,722,N21,VIIRS,n,2.0NRT,302.62,5.8,D
22.90099,92.30087,354.25,0.57,0.43,2026-04-15,722,N21,VIIRS,n,2.0NRT,303.7,37.87,D
22.90628,92.27822,334.06,0.57,0.43,2026-04-15,722,N21,VIIRS,n,2.0NRT,301.84,6.05,D
22.9066,94.12802,331.17,0.49,0.49,2026-04-15,722,N21,VIIRS,l,2.0NRT,305.67,2.31,D
22.91026,92.41109,340.59,0.39,0.44,2026-04-15,722,N21,VIIRS,n,2.0NRT,303.36,7.12,D
22.91059,92.3802,341.65,0.39,0.44,2026-04-15,722,N21,VIIRS,n,2.0NRT,304.87,6.48,D
22.91218,93.45638,348.42,0.45,0.47,2026-04-15,722,N21,VIIRS,n,2.0NRT,300.47,132.28,D
22.91266,93.46063,333.16,0.45,0.47,2026-04-15,722,N21,VIIRS,n,2.0NRT,300.56,118.99,D
22.9131,93.46452,332.1,0.45,0.47,2026-04-15,722,N21,VIIRS,l,2.0NRT,302.13,118.99,D
22.91351,93.46813,331.7,0.45,0.47,2026-04-15,722,N21,VIIRS,n,2.0NRT,299.48,340.74,D
22.91485,92.28247,336.21,0.57,0.43,2026-04-15,722,N21,VIIRS,n,2.0NRT,295.77,10.8,D
22.91533,95.9499,337.61,0.32,0.55,2026-04-15,722,N21,VIIRS,n,2.0NRT,308.57,1.64,D
22.91587,93.45084,342.83,0.45,0.47,2026-04-15,722,N21,VIIRS,n,2.0NRT,298.75,132.28,D
22.91645,93.45599,367,0.45,0.47,2026-04-15,722,N21,VIIRS,l,2.0NRT,361.27,132.28,D
22.9169,93.45993,352.44,0.45,0.47,2026-04-15,722,N21,VIIRS,n,2.0NRT,317.61,118.99,D
22.91733,93.46365,367,0.45,0.47,2026-04-15,722,N21,VIIRS,l,2.0NRT,349.56,118.99,D
22.91773,93.4672,367,0.45,0.47,2026-04-15,722,N21,VIIRS,l,2.0NRT,368.81,340.74,D
22.91814,93.47076,367,0.45,0.47,2026-04-15,722,N21,VIIRS,h,2.0NRT,340.2,340.74,D
22.91857,93.59037,339.5,0.46,0.47,2026-04-15,722,N21,VIIRS,n,2.0NRT,302.5,7.71,D
22.91899,93.59418,343.88,0.46,0.47,2026-04-15,722,N21,VIIRS,n,2.0NRT,303.45,7.83,D
22.91948,92.28736,346.04,0.57,0.43,2026-04-15,722,N21,VIIRS,n,2.0NRT,301.16,10.8,D
22.91949,93.44471,343.01,0.45,0.47,2026-04-15,722,N21,VIIRS,n,2.0NRT,292.25,9.67,D
22.91983,93.6016,340.57,0.46,0.47,2026-04-15,722,N21,VIIRS,n,2.0NRT,303.04,22.1,D
22.91996,92.39063,342.7,0.39,0.44,2026-04-15,722,N21,VIIRS,n,2.0NRT,305.63,11.89,D
22.92017,93.45068,354.59,0.45,0.47,2026-04-15,722,N21,VIIRS,n,2.0NRT,289.76,108.35,D
22.92023,93.60515,349.05,0.46,0.47,2026-04-15,722,N21,VIIRS,n,2.0NRT,315.16,22.1,D
22.92023,93.7238,332.67,0.46,0.47,2026-04-15,722,N21,VIIRS,l,2.0NRT,305.17,4.98,D
22.92072,93.4556,367,0.45,0.47,2026-04-15,722,N21,VIIRS,h,2.0NRT,341.42,108.35,D
22.92079,93.72895,343.03,0.47,0.47,2026-04-15,722,N21,VIIRS,n,2.0NRT,309.27,4.98,D
22.92115,93.45934,367,0.45,0.47,2026-04-15,722,N21,VIIRS,h,2.0NRT,351.52,186.87,D
22.92156,93.46291,367,0.45,0.47,2026-04-15,722,N21,VIIRS,l,2.0NRT,349.53,186.87,D
22.92197,93.46646,367,0.45,0.47,2026-04-15,722,N21,VIIRS,l,2.0NRT,341.45,158.1,D
22.9229,93.59014,348.26,0.46,0.47,2026-04-15,722,N21,VIIRS,n,2.0NRT,305.48,7.71,D
22.92332,93.59389,341.19,0.46,0.47,2026-04-15,722,N21,VIIRS,n,2.0NRT,303.38,7.83,D
22.92345,92.28689,337.95,0.57,0.43,2026-04-15,722,N21,VIIRS,n,2.0NRT,291.96,3.08,D
22.92374,93.59763,332.78,0.46,0.47,2026-04-15,722,N21,VIIRS,l,2.0NRT,303.79,7.83,D
22.92417,93.60139,336.32,0.46,0.47,2026-04-15,722,N21,VIIRS,n,2.0NRT,299.86,22.1,D
22.92458,93.60503,352.79,0.46,0.47,2026-04-15,722,N21,VIIRS,n,2.0NRT,303.55,22.1,D
22.925,93.45518,339.41,0.45,0.47,2026-04-15,722,N21,VIIRS,n,2.0NRT,290.84,108.35,D
22.92542,93.45889,351.07,0.45,0.47,2026-04-15,722,N21,VIIRS,n,2.0NRT,313.99,186.87,D
22.92583,93.46241,367,0.45,0.47,2026-04-15,722,N21,VIIRS,h,2.0NRT,301.92,186.87,D
22.92625,93.46608,354.75,0.45,0.47,2026-04-15,722,N21,VIIRS,n,2.0NRT,303.88,158.1,D
22.92667,93.46978,330.66,0.45,0.47,2026-04-15,722,N21,VIIRS,n,2.0NRT,298.69,158.1,D
22.92722,93.58983,340.08,0.46,0.47,2026-04-15,722,N21,VIIRS,n,2.0NRT,303.93,10.48,D
22.92765,93.59362,349.21,0.46,0.47,2026-04-15,722,N21,VIIRS,n,2.0NRT,308.34,11.27,D
22.92808,93.59746,339.74,0.46,0.47,2026-04-15,722,N21,VIIRS,n,2.0NRT,300.36,11.27,D
22.92969,93.45842,330.11,0.45,0.47,2026-04-15,722,N21,VIIRS,n,2.0NRT,302.93,6.63,D
22.93112,94.78536,331.23,0.54,0.51,2026-04-15,722,N21,VIIRS,l,2.0NRT,305.51,1.83,D
22.93114,92.12224,334.8,0.56,0.43,2026-04-15,722,N21,VIIRS,n,2.0NRT,301.78,6.77,D
22.9313,92.12422,339.38,0.56,0.43,2026-04-15,722,N21,VIIRS,n,2.0NRT,302.25,9.63,D
22.93139,93.91165,343.6,0.48,0.48,2026-04-15,722,N21,VIIRS,n,2.0NRT,304.3,9.45,D
22.93146,93.90765,339.88,0.48,0.48,2026-04-15,722,N21,VIIRS,n,2.0NRT,304.03,7.57,D
22.93154,93.58954,355.49,0.46,0.47,2026-04-15,722,N21,VIIRS,n,2.0NRT,306.09,10.48,D
22.93213,93.91402,351.35,0.48,0.48,2026-04-15,722,N21,VIIRS,n,2.0NRT,304.4,7.57,D
22.93513,93.90041,330.97,0.48,0.48,2026-04-15,722,N21,VIIRS,n,2.0NRT,300.91,5.81,D
22.93648,93.91306,342.64,0.48,0.48,2026-04-15,722,N21,VIIRS,n,2.0NRT,303.1,10.93,D
22.94012,93.90549,367,0.48,0.48,2026-04-15,722,N21,VIIRS,h,2.0NRT,307.07,10.93,D
22.94082,93.91202,348.92,0.48,0.48,2026-04-15,722,N21,VIIRS,n,2.0NRT,305.67,10.93,D
22.94147,93.91808,338.14,0.48,0.48,2026-04-15,722,N21,VIIRS,n,2.0NRT,304.86,6.64,D
22.9445,93.90488,341.59,0.48,0.48,2026-04-15,722,N21,VIIRS,n,2.0NRT,306.1,8.16,D
22.94518,93.9111,353.99,0.48,0.48,2026-04-15,722,N21,VIIRS,n,2.0NRT,306.46,8.16,D
22.95056,92.50865,343.02,0.39,0.44,2026-04-15,722,N21,VIIRS,n,2.0NRT,304.46,18.09,D
22.96118,92.29858,332.65,0.57,0.43,2026-04-15,722,N21,VIIRS,n,2.0NRT,302.32,4.84,D
22.96254,93.98863,343.03,0.48,0.48,2026-04-15,722,N21,VIIRS,n,2.0NRT,308.63,5.82,D
22.96381,92.29618,342.52,0.57,0.43,2026-04-15,722,N21,VIIRS,n,2.0NRT,303.46,11.78,D
22.96454,94.21613,339.75,0.5,0.49,2026-04-15,722,N21,VIIRS,n,2.0NRT,303.59,6.88,D
22.9663,91.61067,337.45,0.52,0.42,2026-04-15,722,N21,VIIRS,n,2.0NRT,298.3,13.37,D
22.96647,94.2178,330.87,0.5,0.49,2026-04-15,722,N21,VIIRS,l,2.0NRT,302.56,3.75,D
22.967,93.98849,336.32,0.48,0.48,2026-04-15,722,N21,VIIRS,l,2.0NRT,310.32,5.82,D
22.97439,93.583,342.76,0.46,0.47,2026-04-15,722,N21,VIIRS,n,2.0NRT,308.69,12.88,D
22.97506,93.58879,367,0.46,0.47,2026-04-15,722,N21,VIIRS,h,2.0NRT,311.67,25.51,D
22.9786,93.58171,340.81,0.46,0.47,2026-04-15,722,N21,VIIRS,n,2.0NRT,305.84,15.02,D
22.9793,93.58778,355.59,0.46,0.47,2026-04-15,722,N21,VIIRS,n,2.0NRT,307.96,10.91,D
22.97995,93.59339,330.18,0.46,0.47,2026-04-15,722,N21,VIIRS,n,2.0NRT,303.13,10.91,D
22.98361,92.29318,333.33,0.57,0.43,2026-04-15,722,N21,VIIRS,n,2.0NRT,302.74,5.33,D
22.98362,93.58739,350.24,0.46,0.47,2026-04-15,722,N21,VIIRS,n,2.0NRT,308.02,10.91,D
22.98589,92.31224,332.32,0.38,0.43,2026-04-15,722,N21,VIIRS,n,2.0NRT,300.22,82.23,D
22.98631,92.31576,347.89,0.38,0.43,2026-04-15,722,N21,VIIRS,n,2.0NRT,308.56,104.44,D
22.98674,92.31933,349.8,0.38,0.43,2026-04-15,722,N21,VIIRS,n,2.0NRT,299.17,104.44,D
22.98944,92.30814,333.01,0.38,0.43,2026-04-15,722,N21,VIIRS,n,2.0NRT,300.81,82.23,D
22.99071,92.31873,354.11,0.38,0.43,2026-04-15,722,N21,VIIRS,n,2.0NRT,298.35,104.44,D
22.99156,94.17239,333.35,0.5,0.49,2026-04-15,722,N21,VIIRS,n,2.0NRT,302.06,6.11,D
22.99166,93.92878,340.94,0.48,0.48,2026-04-15,722,N21,VIIRS,n,2.0NRT,303.52,7.06,D
22.99244,93.89601,339.38,0.48,0.48,2026-04-15,722,N21,VIIRS,n,2.0NRT,307.65,6.35,D
22.99425,92.31458,344.97,0.38,0.43,2026-04-15,722,N21,VIIRS,n,2.0NRT,301.09,34.79,D
22.99573,92.36078,349.76,0.39,0.44,2026-04-15,722,N21,VIIRS,n,2.0NRT,306.13,45.79,D
22.99738,92.30704,332.25,0.38,0.43,2026-04-15,722,N21,VIIRS,n,2.0NRT,301.97,73.79,D
22.99748,97.60975,330.23,0.42,0.61,2026-04-15,722,N21,VIIRS,n,2.0NRT,297.48,5.72,D
22.99779,92.31046,348.32,0.38,0.43,2026-04-15,722,N21,VIIRS,n,2.0NRT,302.55,73.79,D
22.99782,97.61368,331.81,0.42,0.61,2026-04-15,722,N21,VIIRS,n,2.0NRT,297.54,5.64,D
22.99803,93.82758,347.56,0.47,0.48,2026-04-15,722,N21,VIIRS,n,2.0NRT,301.07,11.14,D
23.00134,92.30647,335.95,0.38,0.43,2026-04-15,722,N21,VIIRS,n,2.0NRT,303.76,2.99,D
23.00369,92.35966,330.37,0.39,0.44,2026-04-15,722,N21,VIIRS,n,2.0NRT,298.13,3.04,D
23.00573,92.30933,330.54,0.38,0.43,2026-04-15,722,N21,VIIRS,l,2.0NRT,301.51,2.99,D
23.00953,93.59882,331.89,0.46,0.47,2026-04-15,722,N21,VIIRS,n,2.0NRT,306.05,2.19,D
23.01005,92.27845,346.54,0.57,0.43,2026-04-15,722,N21,VIIRS,n,2.0NRT,304.32,27.02,D
23.01013,92.31235,309.9,0.38,0.43,2026-04-15,722,N21,VIIRS,l,2.0NRT,312.58,72.53,D
23.01056,92.31586,344.28,0.38,0.43,2026-04-15,722,N21,VIIRS,n,2.0NRT,302.95,72.53,D
23.01062,94.79349,334.62,0.54,0.51,2026-04-15,722,N21,VIIRS,l,2.0NRT,305.13,4.36,D
23.01311,93.79253,355.06,0.47,0.48,2026-04-15,722,N21,VIIRS,n,2.0NRT,304.32,36.51,D
23.01334,92.33894,338.11,0.38,0.44,2026-04-15,722,N21,VIIRS,n,2.0NRT,292.38,3.43,D
23.01352,93.79621,331.02,0.47,0.48,2026-04-15,722,N21,VIIRS,n,2.0NRT,300.97,36.51,D
23.01381,92.34277,342.53,0.38,0.44,2026-04-15,722,N21,VIIRS,n,2.0NRT,294.65,5.76,D
23.01401,92.27789,339.85,0.57,0.43,2026-04-15,722,N21,VIIRS,n,2.0NRT,301.58,12.69,D
23.01467,92.28326,334.23,0.57,0.43,2026-04-15,722,N21,VIIRS,n,2.0NRT,301.48,9.4,D
23.01525,94.79266,330.67,0.54,0.51,2026-04-15,722,N21,VIIRS,l,2.0NRT,304.79,4.36,D
23.01577,93.78941,341.92,0.47,0.48,2026-04-15,722,N21,VIIRS,n,2.0NRT,305.13,64.67,D
23.01621,93.79324,367,0.47,0.48,2026-04-15,722,N21,VIIRS,l,2.0NRT,327.98,64.67,D
23.01666,93.79713,342.17,0.47,0.48,2026-04-15,722,N21,VIIRS,n,2.0NRT,303.27,16.36,D
23.01695,93.78712,335.43,0.47,0.48,2026-04-15,722,N21,VIIRS,n,2.0NRT,302.79,8.18,D
23.01728,92.07674,337.19,0.56,0.43,2026-04-15,722,N21,VIIRS,n,2.0NRT,301.59,13.54,D
23.01737,93.791,347.53,0.47,0.48,2026-04-15,722,N21,VIIRS,n,2.0NRT,318.83,36.51,D
23.0178,93.79491,367,0.47,0.48,2026-04-15,722,N21,VIIRS,h,2.0NRT,310.36,36.51,D
23.02091,93.7957,334.17,0.47,0.48,2026-04-15,722,N21,VIIRS,n,2.0NRT,299.31,3.51,D
23.02119,96.92616,333.57,0.37,0.58,2026-04-15,722,N21,VIIRS,n,2.0NRT,296.59,3.91,D
23.02397,96.38523,332.91,0.35,0.56,2026-04-15,722,N21,VIIRS,n,2.0NRT,297.44,13.65,D
23.02415,92.39488,330.97,0.39,0.44,2026-04-15,722,N21,VIIRS,n,2.0NRT,296.31,3.83,D
23.02423,96.3879,367,0.35,0.56,2026-04-15,722,N21,VIIRS,h,2.0NRT,301.36,21.08,D
23.02577,97.67531,342.07,0.42,0.61,2026-04-15,722,N21,VIIRS,n,2.0NRT,296.26,9.85,D
23.02613,97.67937,351.24,0.42,0.61,2026-04-15,722,N21,VIIRS,n,2.0NRT,297.51,9.85,D
23.0274,93.48602,353.66,0.45,0.47,2026-04-15,722,N21,VIIRS,n,2.0NRT,304.93,26.15,D
23.02915,93.73737,333.47,0.47,0.48,2026-04-15,722,N21,VIIRS,n,2.0NRT,301.53,4.86,D
23.03081,92.31635,350.44,0.38,0.43,2026-04-15,722,N21,VIIRS,n,2.0NRT,301.98,11.92,D
23.03098,97.67023,340.56,0.42,0.61,2026-04-15,722,N21,VIIRS,n,2.0NRT,296.43,5.87,D
23.03124,92.31985,355.6,0.38,0.43,2026-04-15,722,N21,VIIRS,n,2.0NRT,303.52,11.92,D
23.03156,94.12501,348.19,0.49,0.49,2026-04-15,722,N21,VIIRS,n,2.0NRT,305.04,19.75,D
23.03172,92.32377,341.67,0.38,0.43,2026-04-15,722,N21,VIIRS,n,2.0NRT,306.35,34.57,D
23.03182,93.48679,367,0.45,0.47,2026-04-15,722,N21,VIIRS,h,2.0NRT,340.89,282,D
23.03229,93.49099,367,0.45,0.47,2026-04-15,722,N21,VIIRS,l,2.0NRT,326.19,199.35,D
23.03364,92.08005,334.97,0.56,0.43,2026-04-15,722,N21,VIIRS,n,2.0NRT,297.56,5.97,D
23.03371,92.07771,333.64,0.56,0.43,2026-04-15,722,N21,VIIRS,n,2.0NRT,299.45,5.61,D
23.03435,92.31224,339.2,0.38,0.43,2026-04-15,722,N21,VIIRS,n,2.0NRT,301.98,10.73,D
23.03478,92.31577,367,0.38,0.43,2026-04-15,722,N21,VIIRS,h,2.0NRT,302.75,16.75,D
23.03518,97.65386,367,0.42,0.61,2026-04-15,722,N21,VIIRS,h,2.0NRT,300.31,17.63,D
23.03521,92.31927,348.66,0.38,0.43,2026-04-15,722,N21,VIIRS,n,2.0NRT,312.19,16.75,D
23.03569,92.32317,332.09,0.38,0.43,2026-04-15,722,N21,VIIRS,n,2.0NRT,299.57,6.02,D
23.03575,93.48329,340.6,0.45,0.47,2026-04-15,722,N21,VIIRS,n,2.0NRT,300.79,282,D
23.03603,94.12455,342.14,0.49,0.49,2026-04-15,722,N21,VIIRS,n,2.0NRT,307.41,19.75,D
23.03623,93.48752,367,0.45,0.47,2026-04-15,722,N21,VIIRS,l,2.0NRT,366.3,282,D
23.03669,93.4916,352.85,0.45,0.47,2026-04-15,722,N21,VIIRS,n,2.0NRT,308.88,199.35,D
23.03688,97.36359,367,0.4,0.6,2026-04-15,722,N21,VIIRS,h,2.0NRT,299.14,16.02,D
23.03747,92.40426,345.9,0.39,0.44,2026-04-15,722,N21,VIIRS,n,2.0NRT,301.12,6.37,D
23.03875,92.31522,342.67,0.38,0.43,2026-04-15,722,N21,VIIRS,n,2.0NRT,301.65,16.75,D
23.03919,92.31879,340.69,0.38,0.43,2026-04-15,722,N21,VIIRS,n,2.0NRT,301.78,16.75,D
23.04012,93.48357,335.8,0.45,0.47,2026-04-15,722,N21,VIIRS,n,2.0NRT,299.84,26.02,D
23.0406,93.48783,351.62,0.45,0.47,2026-04-15,722,N21,VIIRS,n,2.0NRT,307.06,26.02,D
23.04086,93.76342,332.45,0.47,0.48,2026-04-15,722,N21,VIIRS,n,2.0NRT,299.86,10.03,D
23.04095,96.39901,332.88,0.35,0.56,2026-04-15,722,N21,VIIRS,n,2.0NRT,295.59,4.39,D
23.04105,93.49181,347.86,0.45,0.47,2026-04-15,722,N21,VIIRS,n,2.0NRT,291.88,13.11,D
23.04131,93.76749,343.06,0.47,0.48,2026-04-15,722,N21,VIIRS,n,2.0NRT,301.13,15.54,D
23.04227,92.37707,333.03,0.39,0.44,2026-04-15,722,N21,VIIRS,n,2.0NRT,300.44,2.99,D
23.04416,92.06522,330.43,0.56,0.43,2026-04-15,722,N21,VIIRS,l,2.0NRT,300.84,7.73,D
23.04443,93.48338,331.8,0.45,0.47,2026-04-15,722,N21,VIIRS,n,2.0NRT,289.76,26.02,D
23.04478,92.07034,332.25,0.56,0.43,2026-04-15,722,N21,VIIRS,n,2.0NRT,301.58,10,D
23.04543,92.07581,343.38,0.56,0.43,2026-04-15,722,N21,VIIRS,n,2.0NRT,301.68,10,D
23.04705,92.28421,330.75,0.57,0.43,2026-04-15,722,N21,VIIRS,l,2.0NRT,302.04,5.13,D
23.04718,92.31797,338.93,0.38,0.43,2026-04-15,722,N21,VIIRS,n,2.0NRT,300.99,4.94,D
23.04961,92.33771,340.89,0.38,0.44,2026-04-15,722,N21,VIIRS,n,2.0NRT,301.35,7.65,D
23.04976,92.28169,335.72,0.57,0.43,2026-04-15,722,N21,VIIRS,n,2.0NRT,301.33,11.35,D
23.04999,92.08054,334.83,0.56,0.43,2026-04-15,722,N21,VIIRS,n,2.0NRT,300.72,8.56,D
23.05058,92.08549,347.09,0.56,0.43,2026-04-15,722,N21,VIIRS,n,2.0NRT,301.69,8.56,D
23.05102,92.28367,340.63,0.57,0.43,2026-04-15,722,N21,VIIRS,n,2.0NRT,302.4,5.13,D
23.05116,92.31747,335.75,0.38,0.43,2026-04-15,722,N21,VIIRS,n,2.0NRT,304.82,14.08,D
23.05123,92.09086,352.58,0.56,0.43,2026-04-15,722,N21,VIIRS,n,2.0NRT,301.52,10.07,D
23.05163,92.38716,340.53,0.39,0.44,2026-04-15,722,N21,VIIRS,n,2.0NRT,300.71,29.47,D
23.05208,92.3909,340.65,0.39,0.44,2026-04-15,722,N21,VIIRS,n,2.0NRT,299.56,9.99,D
23.05212,93.86612,338.04,0.48,0.48,2026-04-15,722,N21,VIIRS,n,2.0NRT,305.29,24.87,D
23.05253,93.86984,347.66,0.48,0.48,2026-04-15,722,N21,VIIRS,n,2.0NRT,320.77,68.18,D
23.0535,93.75815,354.3,0.47,0.48,2026-04-15,722,N21,VIIRS,n,2.0NRT,303.12,11.42,D
23.05469,92.37907,335.45,0.39,0.44,2026-04-15,722,N21,VIIRS,n,2.0NRT,296.93,19.54,D
23.05515,92.38283,355.17,0.39,0.44,2026-04-15,722,N21,VIIRS,n,2.0NRT,308.48,29.47,D
23.05583,92.09599,335.68,0.56,0.43,2026-04-15,722,N21,VIIRS,n,2.0NRT,300.72,10.07,D
23.05608,92.32458,333,0.38,0.43,2026-04-15,722,N21,VIIRS,n,2.0NRT,300.04,16.53,D
23.05621,93.54847,333.25,0.46,0.47,2026-04-15,722,N21,VIIRS,n,2.0NRT,298.18,6.38,D
23.05635,92.29414,349.41,0.57,0.43,2026-04-15,722,N21,VIIRS,n,2.0NRT,301.88,50.66,D
23.0566,92.32878,367,0.38,0.43,2026-04-15,722,N21,VIIRS,h,2.0NRT,305.81,19.72,D
23.0568,93.55373,339.79,0.46,0.47,2026-04-15,722,N21,VIIRS,n,2.0NRT,301.22,6.38,D
23.05889,92.29076,345.12,0.38,0.43,2026-04-15,722,N21,VIIRS,n,2.0NRT,304.72,27.78,D
23.05976,92.09551,347.64,0.56,0.43,2026-04-15,722,N21,VIIRS,n,2.0NRT,301.34,16.99,D
23.06004,92.32393,340.63,0.38,0.43,2026-04-15,722,N21,VIIRS,n,2.0NRT,304.42,47.94,D
23.0605,93.54795,335.58,0.46,0.47,2026-04-15,722,N21,VIIRS,n,2.0NRT,299.4,6.38,D
23.06056,92.32812,367,0.38,0.43,2026-04-15,722,N21,VIIRS,l,2.0NRT,327.07,114.51,D
23.06108,92.33227,346.71,0.38,0.44,2026-04-15,722,N21,VIIRS,n,2.0NRT,300.84,114.51,D
23.06113,93.55345,343.36,0.46,0.47,2026-04-15,722,N21,VIIRS,n,2.0NRT,303.08,6.38,D
23.06232,92.40816,341.64,0.39,0.44,2026-04-15,722,N21,VIIRS,n,2.0NRT,304.23,13.95,D
23.0632,92.32746,367,0.38,0.44,2026-04-15,722,N21,VIIRS,h,2.0NRT,337.2,170.23,D
23.06351,92.31934,341.18,0.38,0.43,2026-04-15,722,N21,VIIRS,n,2.0NRT,298.33,47.94,D
23.06368,92.33163,349.44,0.38,0.44,2026-04-15,722,N21,VIIRS,n,2.0NRT,300.02,170.23,D
23.06453,92.32751,367,0.38,0.43,2026-04-15,722,N21,VIIRS,l,2.0NRT,325.7,114.51,D
23.06455,92.30457,333.32,0.38,0.43,2026-04-15,722,N21,VIIRS,n,2.0NRT,299.58,3.78,D
23.06497,92.30809,341,0.38,0.43,2026-04-15,722,N21,VIIRS,n,2.0NRT,299.5,3.78,D
23.06505,92.33172,349.41,0.38,0.44,2026-04-15,722,N21,VIIRS,n,2.0NRT,299.55,114.51,D
23.06538,92.31158,344.31,0.38,0.43,2026-04-15,722,N21,VIIRS,n,2.0NRT,299.89,7.4,D
23.0658,92.31513,347.27,0.38,0.43,2026-04-15,722,N21,VIIRS,n,2.0NRT,300.14,7.4,D
23.06622,92.31871,348.44,0.38,0.43,2026-04-15,722,N21,VIIRS,n,2.0NRT,298.12,113.09,D
23.06766,92.33109,346.82,0.38,0.44,2026-04-15,722,N21,VIIRS,n,2.0NRT,300.4,170.23,D
23.06783,96.40668,350.99,0.35,0.56,2026-04-15,722,N21,VIIRS,n,2.0NRT,294.45,45.48,D
23.06811,92.30048,350.64,0.38,0.43,2026-04-15,722,N21,VIIRS,n,2.0NRT,300.72,13.72,D
23.06817,96.41013,367,0.35,0.56,2026-04-15,722,N21,VIIRS,h,2.0NRT,299.27,38.78,D
23.0685,96.41351,355.49,0.35,0.56,2026-04-15,722,N21,VIIRS,n,2.0NRT,296.99,38.78,D
23.06853,92.30406,351.22,0.38,0.43,2026-04-15,722,N21,VIIRS,n,2.0NRT,301.39,91.96,D
23.06883,96.4168,350.27,0.35,0.56,2026-04-15,722,N21,VIIRS,n,2.0NRT,295.59,12.82,D
23.06894,92.30758,351.2,0.38,0.43,2026-04-15,722,N21,VIIRS,n,2.0NRT,303.18,91.96,D
23.06978,92.31461,367,0.38,0.43,2026-04-15,722,N21,VIIRS,l,2.0NRT,328.23,125.7,D
23.07012,96.40922,367,0.35,0.56,2026-04-15,722,N21,VIIRS,h,2.0NRT,302.65,45.06,D
23.0702,92.31815,353.5,0.38,0.43,2026-04-15,722,N21,VIIRS,n,2.0NRT,298.94,51.97,D
23.07043,96.41258,337.89,0.35,0.57,2026-04-15,722,N21,VIIRS,n,2.0NRT,295.21,45.06,D
23.07074,96.41591,342.3,0.35,0.57,2026-04-15,722,N21,VIIRS,n,2.0NRT,295.57,6.26,D
23.07113,92.32614,367,0.38,0.44,2026-04-15,722,N21,VIIRS,h,2.0NRT,303.84,30.52,D
23.07208,92.29992,331.89,0.38,0.43,2026-04-15,722,N21,VIIRS,n,2.0NRT,299.15,13.72,D
23.0721,93.53523,337.23,0.45,0.47,2026-04-15,722,N21,VIIRS,n,2.0NRT,297.45,3.65,D
23.0725,92.30352,353.89,0.38,0.43,2026-04-15,722,N21,VIIRS,n,2.0NRT,300.52,91.96,D
23.07308,96.40694,207.38,0.35,0.56,2026-04-15,722,N21,VIIRS,l,2.0NRT,303.01,45.48,D
23.07333,92.31051,349.95,0.38,0.43,2026-04-15,722,N21,VIIRS,n,2.0NRT,299.58,125.7,D
23.07341,96.41025,367,0.35,0.56,2026-04-15,722,N21,VIIRS,h,2.0NRT,298.48,38.78,D
23.07375,92.31401,367,0.38,0.43,2026-04-15,722,N21,VIIRS,h,2.0NRT,301.65,125.7,D
23.07417,92.31754,336.99,0.38,0.43,2026-04-15,722,N21,VIIRS,n,2.0NRT,297.04,51.97,D
23.07476,92.28853,330.24,0.38,0.43,2026-04-15,722,N21,VIIRS,l,2.0NRT,301.87,3.05,D
23.0748,92.05511,332.15,0.56,0.43,2026-04-15,722,N21,VIIRS,n,2.0NRT,300.34,4.42,D
23.07509,92.32542,346.21,0.38,0.44,2026-04-15,722,N21,VIIRS,n,2.0NRT,301.61,30.52,D
23.07534,96.4092,367,0.35,0.56,2026-04-15,722,N21,VIIRS,h,2.0NRT,305.21,45.06,D
23.07647,92.30286,330.32,0.38,0.43,2026-04-15,722,N21,VIIRS,n,2.0NRT,299.25,26.33,D
23.07688,92.30636,335.39,0.38,0.43,2026-04-15,722,N21,VIIRS,l,2.0NRT,306.52,26.33,D
23.07729,92.30981,345.5,0.38,0.43,2026-04-15,722,N21,VIIRS,n,2.0NRT,302.42,20.76,D
23.07771,92.31331,343.85,0.38,0.43,2026-04-15,722,N21,VIIRS,n,2.0NRT,299.64,20.76,D
23.0787,92.0545,346.52,0.56,0.43,2026-04-15,722,N21,VIIRS,n,2.0NRT,301.72,12.94,D
23.08419,93.15356,335.44,0.43,0.46,2026-04-15,722,N21,VIIRS,n,2.0NRT,301.22,5.3,D
23.08426,93.91586,337.05,0.48,0.48,2026-04-15,722,N21,VIIRS,n,2.0NRT,299.54,4.18,D
23.09201,97.8091,336.06,0.43,0.62,2026-04-15,722,N21,VIIRS,n,2.0NRT,299.74,6.26,D
23.09384,94.56238,333.36,0.53,0.5,2026-04-15,722,N21,VIIRS,l,2.0NRT,306.97,7.04,D
23.09448,94.56606,337.69,0.53,0.5,2026-04-15,722,N21,VIIRS,n,2.0NRT,307.17,5.54,D
23.09458,97.81017,336.99,0.43,0.62,2026-04-15,722,N21,VIIRS,n,2.0NRT,300.92,3.86,D
23.10122,92.3072,339.98,0.38,0.43,2026-04-15,722,N21,VIIRS,n,2.0NRT,299.36,3.9,D
23.10238,97.40652,343.28,0.4,0.6,2026-04-15,722,N21,VIIRS,n,2.0NRT,300.35,14.33,D
23.10271,97.41019,367,0.4,0.6,2026-04-15,722,N21,VIIRS,h,2.0NRT,303.1,14.33,D
23.10438,93.70167,341.53,0.47,0.47,2026-04-15,722,N21,VIIRS,n,2.0NRT,301.99,18.61,D
23.10444,97.82147,330.48,0.43,0.62,2026-04-15,722,N21,VIIRS,n,2.0NRT,298.29,9.99,D
23.1048,97.82565,347.33,0.43,0.62,2026-04-15,722,N21,VIIRS,n,2.0NRT,300.72,11.79,D
23.10496,97.25028,334.81,0.39,0.6,2026-04-15,722,N21,VIIRS,n,2.0NRT,300.69,5.12,D
23.1052,92.30669,332.25,0.38,0.43,2026-04-15,722,N21,VIIRS,n,2.0NRT,299.47,3.9,D
23.10606,93.38475,339.78,0.45,0.47,2026-04-15,722,N21,VIIRS,n,2.0NRT,301.34,9.36,D
23.10712,97.8226,350.01,0.43,0.62,2026-04-15,722,N21,VIIRS,n,2.0NRT,298.85,11.8,D
23.10866,97.541,330.16,0.41,0.61,2026-04-15,722,N21,VIIRS,n,2.0NRT,295.52,3.74,D
23.11072,97.37534,351.59,0.4,0.6,2026-04-15,722,N21,VIIRS,n,2.0NRT,302.36,6.57,D
23.1159,97.37116,348.96,0.4,0.6,2026-04-15,722,N21,VIIRS,n,2.0NRT,300.87,7.83,D
23.11656,94.59959,339.69,0.53,0.5,2026-04-15,722,N21,VIIRS,n,2.0NRT,303.5,8.68,D
23.11666,97.37961,346.52,0.4,0.6,2026-04-15,722,N21,VIIRS,n,2.0NRT,300.46,9.58,D
23.11673,94.60099,343.78,0.53,0.5,2026-04-15,722,N21,VIIRS,n,2.0NRT,304.04,5.33,D
23.11686,94.55766,334.22,0.53,0.5,2026-04-15,722,N21,VIIRS,n,2.0NRT,305.4,4.09,D
23.11858,91.78823,342.24,0.54,0.42,2026-04-15,722,N21,VIIRS,n,2.0NRT,305.13,54.25,D
23.1265,97.36555,367,0.4,0.6,2026-04-15,722,N21,VIIRS,h,2.0NRT,303.45,9.39,D
23.12696,92.05824,335.1,0.56,0.43,2026-04-15,722,N21,VIIRS,n,2.0NRT,300.61,8.91,D
23.12848,93.95171,331.51,0.48,0.48,2026-04-15,722,N21,VIIRS,l,2.0NRT,304.9,4.43,D
23.12983,97.34126,330.63,0.4,0.6,2026-04-15,722,N21,VIIRS,n,2.0NRT,299.83,2.34,D
23.12988,93.44267,353.12,0.45,0.47,2026-04-15,722,N21,VIIRS,n,2.0NRT,295.24,18.8,D
23.13021,97.34538,335.87,0.4,0.6,2026-04-15,722,N21,VIIRS,n,2.0NRT,301.78,5.25,D
23.13034,93.4467,342.62,0.45,0.47,2026-04-15,722,N21,VIIRS,n,2.0NRT,298.72,18.8,D
23.13049,94.73446,332.74,0.54,0.51,2026-04-15,722,N21,VIIRS,l,2.0NRT,305.86,3.53,D
23.13162,94.73557,332.8,0.54,0.51,2026-04-15,722,N21,VIIRS,l,2.0NRT,305.71,4.08,D
23.13288,93.95105,336.7,0.48,0.48,2026-04-15,722,N21,VIIRS,n,2.0NRT,304.3,4.43,D
23.134,93.40286,341.71,0.45,0.47,2026-04-15,722,N21,VIIRS,n,2.0NRT,299.61,5.52,D
23.13415,93.44209,336.99,0.45,0.47,2026-04-15,722,N21,VIIRS,n,2.0NRT,295.77,25.72,D
23.13463,93.44636,340.43,0.45,0.47,2026-04-15,722,N21,VIIRS,n,2.0NRT,303.54,25.72,D
23.13523,97.33962,339.68,0.4,0.6,2026-04-15,722,N21,VIIRS,n,2.0NRT,301.08,7.38,D
23.13658,93.3877,346.38,0.45,0.47,2026-04-15,722,N21,VIIRS,n,2.0NRT,310.11,50.52,D
23.137,93.39136,330.64,0.45,0.47,2026-04-15,722,N21,VIIRS,l,2.0NRT,305.13,50.52,D
23.13741,93.39489,340.68,0.45,0.47,2026-04-15,722,N21,VIIRS,n,2.0NRT,307.7,155.08,D
23.13782,93.3985,346.79,0.45,0.47,2026-04-15,722,N21,VIIRS,n,2.0NRT,315.8,155.08,D
23.13783,92.30907,335.99,0.38,0.43,2026-04-15,722,N21,VIIRS,n,2.0NRT,299.78,3.62,D
23.13823,93.88058,339.64,0.48,0.48,2026-04-15,722,N21,VIIRS,n,2.0NRT,304.06,7.04,D
23.13866,93.40584,354.39,0.45,0.47,2026-04-15,722,N21,VIIRS,n,2.0NRT,303.93,74.02,D
23.13869,93.88465,330.02,0.48,0.48,2026-04-15,722,N21,VIIRS,n,2.0NRT,301.93,6.64,D
23.13879,93.88213,339.08,0.48,0.48,2026-04-15,722,N21,VIIRS,n,2.0NRT,303.18,6.94,D
23.1401,92.06769,332.84,0.56,0.43,2026-04-15,722,N21,VIIRS,n,2.0NRT,300.5,8.91,D
23.141,97.34217,337.85,0.4,0.6,2026-04-15,722,N21,VIIRS,n,2.0NRT,301.39,8.77,D
23.14127,93.39095,342.94,0.45,0.47,2026-04-15,722,N21,VIIRS,n,2.0NRT,303.73,50.52,D
23.14132,92.14436,331.25,0.56,0.43,2026-04-15,722,N21,VIIRS,n,2.0NRT,298.06,5.82,D
23.14139,92.3051,352.47,0.38,0.43,2026-04-15,722,N21,VIIRS,n,2.0NRT,304.64,24.6,D
23.14184,92.30875,340.31,0.38,0.43,2026-04-15,722,N21,VIIRS,n,2.0NRT,301.48,15.33,D
23.14212,93.39835,367,0.45,0.47,2026-04-15,722,N21,VIIRS,h,2.0NRT,332.3,155.08,D
23.14256,93.40216,355.55,0.45,0.47,2026-04-15,722,N21,VIIRS,n,2.0NRT,317.71,74.02,D
23.14299,93.40595,367,0.45,0.47,2026-04-15,722,N21,VIIRS,h,2.0NRT,302.48,74.02,D
23.14428,93.34196,342.23,0.44,0.46,2026-04-15,722,N21,VIIRS,n,2.0NRT,302.21,8.89,D
23.14453,92.03945,332,0.56,0.43,2026-04-15,722,N21,VIIRS,n,2.0NRT,296.95,5.4,D
23.1449,93.3474,352.32,0.44,0.46,2026-04-15,722,N21,VIIRS,n,2.0NRT,309.31,25.65,D
23.14509,93.3866,367,0.45,0.47,2026-04-15,722,N21,VIIRS,h,2.0NRT,328.64,175.7,D
23.14554,93.39053,348.97,0.45,0.47,2026-04-15,722,N21,VIIRS,n,2.0NRT,323.47,175.7,D
23.14597,93.39428,347.67,0.45,0.47,2026-04-15,722,N21,VIIRS,n,2.0NRT,314.8,40,D
23.14641,93.39811,340.56,0.45,0.47,2026-04-15,722,N21,VIIRS,n,2.0NRT,301.76,40,D
23.14686,93.402,347.43,0.45,0.47,2026-04-15,722,N21,VIIRS,n,2.0NRT,303.17,9.39,D
23.14848,93.3411,345.31,0.44,0.46,2026-04-15,722,N21,VIIRS,n,2.0NRT,314.8,45.94,D
23.14912,93.34666,340.47,0.44,0.46,2026-04-15,722,N21,VIIRS,n,2.0NRT,302.18,12.13,D
23.14979,93.38989,349.61,0.45,0.47,2026-04-15,722,N21,VIIRS,n,2.0NRT,314.25,175.7,D
23.15217,92.26134,341.36,0.57,0.43,2026-04-15,722,N21,VIIRS,n,2.0NRT,300.38,7.2,D
23.16201,93.97362,338.01,0.48,0.48,2026-04-15,722,N21,VIIRS,n,2.0NRT,307.69,6.79,D
23.16435,92.29456,340.61,0.38,0.43,2026-04-15,722,N21,VIIRS,n,2.0NRT,300.73,5.72,D
23.16643,93.97304,335.5,0.48,0.48,2026-04-15,722,N21,VIIRS,l,2.0NRT,306.45,3.71,D
23.1675,92.29887,335.15,0.38,0.43,2026-04-15,722,N21,VIIRS,n,2.0NRT,299.35,3.15,D
23.16841,97.33875,344.59,0.4,0.6,2026-04-15,722,N21,VIIRS,n,2.0NRT,300.49,5.6,D
23.1693,97.33854,348.49,0.4,0.6,2026-04-15,722,N21,VIIRS,n,2.0NRT,300.77,10.66,D
23.17033,93.96767,335.07,0.48,0.48,2026-04-15,722,N21,VIIRS,l,2.0NRT,307.05,5.45,D
23.17386,97.33775,331.45,0.4,0.6,2026-04-15,722,N21,VIIRS,n,2.0NRT,298.64,5.6,D
23.1776,93.87052,342.1,0.48,0.48,2026-04-15,722,N21,VIIRS,n,2.0NRT,308.95,10.79,D
23.18254,92.28928,333,0.38,0.43,2026-04-15,722,N21,VIIRS,n,2.0NRT,299.24,1.04,D
23.1856,96.57391,334.52,0.36,0.57,2026-04-15,722,N21,VIIRS,n,2.0NRT,299.2,2.51,D
23.18583,97.46545,339.9,0.41,0.6,2026-04-15,722,N21,VIIRS,n,2.0NRT,300.07,5.55,D
23.18585,97.46555,339.31,0.41,0.6,2026-04-15,722,N21,VIIRS,n,2.0NRT,300.13,3.65,D
23.18636,93.44425,339.71,0.45,0.47,2026-04-15,722,N21,VIIRS,n,2.0NRT,308.18,11.03,D
23.18914,91.75636,332.28,0.54,0.42,2026-04-15,722,N21,VIIRS,n,2.0NRT,299.34,10.59,D
23.18925,97.44025,335.36,0.41,0.6,2026-04-15,722,N21,VIIRS,n,2.0NRT,300.22,3.84,D
23.1904,93.44852,336.07,0.45,0.47,2026-04-15,722,N21,VIIRS,n,2.0NRT,305.83,5.14,D
23.19129,95.04897,337.41,0.57,0.52,2026-04-15,722,N21,VIIRS,n,2.0NRT,303.46,4.79,D
23.19603,95.04839,330.02,0.57,0.52,2026-04-15,722,N21,VIIRS,l,2.0NRT,303.21,4.79,D
23.19862,95.7856,335.12,0.63,0.54,2026-04-15,722,N21,VIIRS,l,2.0NRT,308.77,5.4,D
23.20368,97.41394,367,0.41,0.6,2026-04-15,722,N21,VIIRS,h,2.0NRT,303.68,21.65,D
23.20489,91.85042,334.28,0.54,0.42,2026-04-15,722,N21,VIIRS,n,2.0NRT,296.17,5.93,D
23.20709,97.38951,342.65,0.4,0.6,2026-04-15,722,N21,VIIRS,n,2.0NRT,298.7,7.17,D
23.20947,97.41645,367,0.41,0.6,2026-04-15,722,N21,VIIRS,h,2.0NRT,303.47,13.55,D
23.20981,97.4203,335.61,0.41,0.6,2026-04-15,722,N21,VIIRS,n,2.0NRT,300.9,13.55,D
23.21005,91.86012,330.96,0.54,0.42,2026-04-15,722,N21,VIIRS,n,2.0NRT,295.87,4.22,D
23.21133,95.24556,335.43,0.59,0.52,2026-04-15,722,N21,VIIRS,l,2.0NRT,305.86,4.58,D
23.21434,92.25124,335.6,0.57,0.43,2026-04-15,722,N21,VIIRS,n,2.0NRT,303.96,23.15,D
23.21504,92.25704,333.72,0.57,0.43,2026-04-15,722,N21,VIIRS,n,2.0NRT,300.13,23.15,D
23.21608,92.29929,339.83,0.38,0.44,2026-04-15,722,N21,VIIRS,n,2.0NRT,307.94,51.73,D
23.22072,92.44041,335.96,0.39,0.44,2026-04-15,722,N21,VIIRS,n,2.0NRT,300,3.49,D
23.22119,93.65101,336.16,0.46,0.47,2026-04-15,722,N21,VIIRS,n,2.0NRT,306,3.48,D
23.22345,93.65047,334.48,0.46,0.47,2026-04-15,722,N21,VIIRS,l,2.0NRT,306.26,5.27,D
23.22446,92.3017,338.36,0.38,0.44,2026-04-15,722,N21,VIIRS,n,2.0NRT,307.11,44.26,D
23.22831,97.69675,332.06,0.42,0.61,2026-04-15,722,N21,VIIRS,n,2.0NRT,299.43,3.97,D
23.23022,92.24908,336.26,0.57,0.43,2026-04-15,722,N21,VIIRS,n,2.0NRT,300.37,11.15,D
23.23087,96.10888,367,0.33,0.55,2026-04-15,722,N21,VIIRS,h,2.0NRT,305.86,8.84,D
23.23267,93.43906,334.38,0.45,0.47,2026-04-15,722,N21,VIIRS,l,2.0NRT,309.23,9.7,D
23.23431,97.90108,329.76,0.44,0.62,2026-04-15,722,N21,VIIRS,n,2.0NRT,299.43,3.37,D
23.23642,93.43388,339.18,0.45,0.47,2026-04-15,722,N21,VIIRS,n,2.0NRT,301.4,8.68,D
23.23715,91.98129,336.14,0.55,0.43,2026-04-15,722,N21,VIIRS,n,2.0NRT,300.11,12.37,D
23.23759,91.97901,332.04,0.55,0.43,2026-04-15,722,N21,VIIRS,n,2.0NRT,300.09,7.14,D
23.23822,91.9843,332.24,0.55,0.43,2026-04-15,722,N21,VIIRS,n,2.0NRT,298.48,3.8,D
23.24211,92.24733,331.13,0.57,0.43,2026-04-15,722,N21,VIIRS,n,2.0NRT,300.21,7.01,D
23.24787,93.45847,334.72,0.45,0.47,2026-04-15,722,N21,VIIRS,n,2.0NRT,303.43,4.51,D
23.24866,91.972,333.33,0.55,0.43,2026-04-15,722,N21,VIIRS,n,2.0NRT,300.91,5.83,D
23.25531,94.81705,338.87,0.55,0.51,2026-04-15,722,N21,VIIRS,n,2.0NRT,303.95,3.72,D
23.25945,93.33295,339.63,0.44,0.46,2026-04-15,722,N21,VIIRS,n,2.0NRT,298.49,7.65,D
23.26378,93.37047,353.17,0.45,0.47,2026-04-15,722,N21,VIIRS,n,2.0NRT,305.43,13.48,D
23.2639,97.3416,332.66,0.4,0.6,2026-04-15,722,N21,VIIRS,n,2.0NRT,298.92,2.15,D
23.26448,97.3419,332.12,0.4,0.6,2026-04-15,722,N21,VIIRS,n,2.0NRT,298.54,4.29,D
23.26469,92.20831,331.85,0.57,0.43,2026-04-15,722,N21,VIIRS,n,2.0NRT,299.89,6.2,D
23.26575,92.21024,332.05,0.57,0.43,2026-04-15,722,N21,VIIRS,n,2.0NRT,299.96,5.88,D
23.27716,93.75903,340.28,0.47,0.48,2026-04-15,722,N21,VIIRS,n,2.0NRT,302.46,8.04,D
23.27781,92.32034,333.84,0.39,0.44,2026-04-15,722,N21,VIIRS,n,2.0NRT,302.08,5.85,D
23.27938,92.32021,352.79,0.39,0.44,2026-04-15,722,N21,VIIRS,n,2.0NRT,304.36,7.08,D
23.27971,96.83855,367,0.37,0.58,2026-04-15,722,N21,VIIRS,h,2.0NRT,299.04,15.04,D
23.27982,92.32382,342.02,0.39,0.44,2026-04-15,722,N21,VIIRS,n,2.0NRT,302.56,7.08,D
23.28181,92.31982,349.17,0.39,0.44,2026-04-15,722,N21,VIIRS,n,2.0NRT,305.63,5.85,D
23.28223,92.32345,336.96,0.39,0.44,2026-04-15,722,N21,VIIRS,n,2.0NRT,302.68,5.85,D
23.28336,92.38542,331.91,0.39,0.44,2026-04-15,722,N21,VIIRS,n,2.0NRT,299.1,3.5,D
23.28523,93.48136,352.05,0.45,0.47,2026-04-15,722,N21,VIIRS,n,2.0NRT,303.2,10.45,D
23.28538,92.31575,335.1,0.39,0.44,2026-04-15,722,N21,VIIRS,n,2.0NRT,300.2,16.06,D
23.28581,92.31944,347.52,0.39,0.44,2026-04-15,722,N21,VIIRS,n,2.0NRT,306.96,16.35,D
23.28589,97.46198,332.56,0.41,0.61,2026-04-15,722,N21,VIIRS,n,2.0NRT,302.37,2.9,D
23.28624,92.32309,331.9,0.39,0.44,2026-04-15,722,N21,VIIRS,n,2.0NRT,302.13,16.35,D
23.28781,97.41926,352.37,0.41,0.6,2026-04-15,722,N21,VIIRS,n,2.0NRT,301.3,11.95,D
23.28786,97.41976,367,0.41,0.6,2026-04-15,722,N21,VIIRS,h,2.0NRT,301.71,15.73,D
23.28802,94.02189,331.26,0.49,0.49,2026-04-15,722,N21,VIIRS,l,2.0NRT,305,4.49,D
23.28821,97.42352,340,0.41,0.6,2026-04-15,722,N21,VIIRS,n,2.0NRT,286.93,8.92,D
23.2898,92.31887,367,0.39,0.44,2026-04-15,722,N21,VIIRS,h,2.0NRT,303.9,16.35,D
23.28987,94.12327,344.91,0.5,0.49,2026-04-15,722,N21,VIIRS,n,2.0NRT,307.91,8.41,D
23.28998,93.91599,351.7,0.48,0.48,2026-04-15,722,N21,VIIRS,n,2.0NRT,311.07,18.76,D
23.29023,92.32253,367,0.39,0.44,2026-04-15,722,N21,VIIRS,h,2.0NRT,306.68,16.35,D
23.29068,93.68269,331.15,0.47,0.48,2026-04-15,722,N21,VIIRS,l,2.0NRT,301.88,2.64,D
23.29227,95.18188,339.08,0.58,0.52,2026-04-15,722,N21,VIIRS,n,2.0NRT,303.77,5.27,D
23.29421,92.32194,344.38,0.39,0.44,2026-04-15,722,N21,VIIRS,n,2.0NRT,300.73,4.84,D
23.29432,93.9148,338.45,0.48,0.48,2026-04-15,722,N21,VIIRS,n,2.0NRT,306.48,8.35,D
23.29474,93.67969,337.8,0.47,0.48,2026-04-15,722,N21,VIIRS,n,2.0NRT,304.98,4.68,D
23.29506,96.83015,333.8,0.37,0.58,2026-04-15,722,N21,VIIRS,n,2.0NRT,297.06,3.97,D
23.29566,92.23161,336.68,0.57,0.43,2026-04-15,722,N21,VIIRS,n,2.0NRT,299.35,30.6,D
23.29867,93.91371,349.71,0.48,0.48,2026-04-15,722,N21,VIIRS,n,2.0NRT,310.73,8.35,D
23.29912,93.91782,346.58,0.48,0.48,2026-04-15,722,N21,VIIRS,n,2.0NRT,310.34,8.35,D
23.2996,92.23083,336.66,0.57,0.43,2026-04-15,722,N21,VIIRS,n,2.0NRT,301.4,17.4,D
23.29996,92.33628,353.23,0.39,0.44,2026-04-15,722,N21,VIIRS,n,2.0NRT,309.41,40.6,D
23.30021,96.09517,340.8,0.33,0.55,2026-04-15,722,N21,VIIRS,n,2.0NRT,305.78,3,D
23.30086,92.34393,342.84,0.39,0.44,2026-04-15,722,N21,VIIRS,n,2.0NRT,304.45,127.38,D
23.30212,94.7672,332.99,0.55,0.51,2026-04-15,722,N21,VIIRS,l,2.0NRT,304.63,6.49,D
23.30214,96.62399,334.11,0.36,0.57,2026-04-15,722,N21,VIIRS,n,2.0NRT,298.02,4.89,D
23.30348,93.91672,342.59,0.48,0.48,2026-04-15,722,N21,VIIRS,n,2.0NRT,307.17,7.42,D
23.30392,93.92073,352.39,0.48,0.48,2026-04-15,722,N21,VIIRS,n,2.0NRT,319.68,127.44,D
23.30394,92.33561,353.23,0.39,0.44,2026-04-15,722,N21,VIIRS,n,2.0NRT,302.71,11.06,D
23.30439,92.33941,355.2,0.39,0.44,2026-04-15,722,N21,VIIRS,n,2.0NRT,312.56,14.33,D
23.30485,92.34337,340.02,0.39,0.44,2026-04-15,722,N21,VIIRS,n,2.0NRT,300.79,14.33,D
23.30593,96.37495,367,0.35,0.57,2026-04-15,722,N21,VIIRS,h,2.0NRT,301.82,17.96,D
23.30609,96.60995,342.65,0.36,0.57,2026-04-15,722,N21,VIIRS,n,2.0NRT,298.87,6.1,D
23.30644,96.61074,334.21,0.36,0.57,2026-04-15,722,N21,VIIRS,n,2.0NRT,298.65,5.81,D
23.30792,92.33501,347.64,0.39,0.44,2026-04-15,722,N21,VIIRS,n,2.0NRT,302.74,11.06,D
23.30837,92.33877,341.73,0.39,0.44,2026-04-15,722,N21,VIIRS,n,2.0NRT,301.49,14.33,D
23.309,96.58543,331.12,0.36,0.57,2026-04-15,722,N21,VIIRS,n,2.0NRT,299.39,4.15,D
23.30952,96.58615,338.42,0.36,0.57,2026-04-15,722,N21,VIIRS,n,2.0NRT,299.71,2.95,D
23.31191,92.33442,338.45,0.39,0.44,2026-04-15,722,N21,VIIRS,n,2.0NRT,300.74,44.26,D
23.31592,92.33396,350.78,0.39,0.44,2026-04-15,722,N21,VIIRS,n,2.0NRT,303.2,44.26,D
23.31613,94.64066,338.79,0.54,0.51,2026-04-15,722,N21,VIIRS,n,2.0NRT,301.58,4.81,D
23.317,94.64311,335.13,0.54,0.51,2026-04-15,722,N21,VIIRS,n,2.0NRT,302.88,7.75,D
23.31917,96.63406,330.84,0.36,0.57,2026-04-15,722,N21,VIIRS,n,2.0NRT,298.3,5.72,D
23.31955,96.35287,338.98,0.35,0.56,2026-04-15,722,N21,VIIRS,n,2.0NRT,299.29,2.54,D
23.32019,94.75952,335.51,0.55,0.51,2026-04-15,722,N21,VIIRS,n,2.0NRT,303.4,6.38,D
23.3234,92.22755,337.32,0.57,0.43,2026-04-15,722,N21,VIIRS,n,2.0NRT,298.42,2.91,D
23.32398,95.72059,333.7,0.63,0.54,2026-04-15,722,N21,VIIRS,l,2.0NRT,307.48,7.14,D
23.32439,92.33698,352.66,0.39,0.44,2026-04-15,722,N21,VIIRS,n,2.0NRT,303.48,139.23,D
23.32502,95.719,335.87,0.63,0.54,2026-04-15,722,N21,VIIRS,l,2.0NRT,306.89,8.07,D
23.32603,92.18267,339.62,0.57,0.43,2026-04-15,722,N21,VIIRS,n,2.0NRT,299.72,11.19,D
23.32805,93.73979,332.04,0.47,0.48,2026-04-15,722,N21,VIIRS,n,2.0NRT,299.8,6.96,D
23.32931,93.63584,333.12,0.46,0.47,2026-04-15,722,N21,VIIRS,n,2.0NRT,307.96,2.8,D
23.32972,93.63939,330.78,0.46,0.47,2026-04-15,722,N21,VIIRS,l,2.0NRT,305.38,2.8,D
23.33113,92.35941,353.5,0.39,0.44,2026-04-15,722,N21,VIIRS,n,2.0NRT,301.73,86.74,D
23.33142,93.36246,339.05,0.45,0.47,2026-04-15,722,N21,VIIRS,n,2.0NRT,302.48,12.37,D
23.33204,92.367,335.64,0.39,0.44,2026-04-15,722,N21,VIIRS,n,2.0NRT,298.8,8.48,D
23.33513,92.35886,344.25,0.39,0.44,2026-04-15,722,N21,VIIRS,n,2.0NRT,304.48,86.74,D
23.3376,92.31177,352.24,0.39,0.44,2026-04-15,722,N21,VIIRS,n,2.0NRT,307.27,51.75,D
23.34074,92.30418,345.16,0.39,0.44,2026-04-15,722,N21,VIIRS,n,2.0NRT,299.59,139.68,D
23.34115,92.30757,352.8,0.39,0.44,2026-04-15,722,N21,VIIRS,n,2.0NRT,305.17,139.68,D
23.3413,92.34252,348.31,0.39,0.44,2026-04-15,722,N21,VIIRS,n,2.0NRT,304.66,9.57,D
23.34158,92.3111,352.05,0.39,0.44,2026-04-15,722,N21,VIIRS,n,2.0NRT,303.23,160.62,D
23.34176,92.34633,340.65,0.39,0.44,2026-04-15,722,N21,VIIRS,n,2.0NRT,300.43,9.57,D
23.34513,92.30693,367,0.39,0.44,2026-04-15,722,N21,VIIRS,h,2.0NRT,339.11,139.68,D
23.34571,94.01407,352.5,0.49,0.49,2026-04-15,722,N21,VIIRS,n,2.0NRT,311.74,14.36,D
23.34616,93.93816,331.26,0.48,0.48,2026-04-15,722,N21,VIIRS,l,2.0NRT,304.76,7.62,D
23.34624,94.01885,335.72,0.49,0.49,2026-04-15,722,N21,VIIRS,l,2.0NRT,308.62,6.51,D
23.34678,93.94368,351.66,0.49,0.48,2026-04-15,722,N21,VIIRS,n,2.0NRT,307.4,7.62,D
23.34732,92.29159,332.94,0.39,0.44,2026-04-15,722,N21,VIIRS,n,2.0NRT,298.73,172.65,D
23.34777,97.78856,367,0.43,0.62,2026-04-15,722,N21,VIIRS,h,2.0NRT,297.67,22.96,D
23.34779,92.29551,343.64,0.39,0.44,2026-04-15,722,N21,VIIRS,n,2.0NRT,299.18,83.66,D
23.34825,92.29923,334.4,0.39,0.44,2026-04-15,722,N21,VIIRS,n,2.0NRT,299.35,83.66,D
23.34954,92.30991,351.63,0.39,0.44,2026-04-15,722,N21,VIIRS,n,2.0NRT,300.51,12.13,D
23.34961,93.76414,340.1,0.47,0.48,2026-04-15,722,N21,VIIRS,n,2.0NRT,301.39,19.23,D
23.34974,92.34518,334.25,0.39,0.44,2026-04-15,722,N21,VIIRS,n,2.0NRT,299.78,2.92,D
23.35118,93.9464,341.3,0.49,0.48,2026-04-15,722,N21,VIIRS,n,2.0NRT,307.34,7.78,D
23.35176,93.94801,337.84,0.49,0.48,2026-04-15,722,N21,VIIRS,n,2.0NRT,307.32,4.4,D
23.35328,92.34082,346.48,0.39,0.44,2026-04-15,722,N21,VIIRS,n,2.0NRT,305.13,30.21,D
23.35399,97.11072,347.03,0.39,0.59,2026-04-15,722,N21,VIIRS,n,2.0NRT,295.42,10.76,D
23.35433,97.11427,336.04,0.39,0.59,2026-04-15,722,N21,VIIRS,n,2.0NRT,293.73,10.15,D
23.35558,92.35986,342.03,0.39,0.44,2026-04-15,722,N21,VIIRS,n,2.0NRT,294.44,4.11,D
23.35634,97.11203,367,0.39,0.59,2026-04-15,722,N21,VIIRS,h,2.0NRT,313.47,50.53,D
23.35946,97.1106,349.94,0.39,0.59,2026-04-15,722,N21,VIIRS,n,2.0NRT,298.81,27.74,D
23.35979,97.11415,367,0.39,0.59,2026-04-15,722,N21,VIIRS,h,2.0NRT,300.35,31.98,D
23.36212,97.11559,331.5,0.39,0.59,2026-04-15,722,N21,VIIRS,n,2.0NRT,293.92,24.94,D
23.36393,97.10001,342.91,0.39,0.59,2026-04-15,722,N21,VIIRS,n,2.0NRT,293.79,8.89,D
23.36601,97.0976,367,0.39,0.59,2026-04-15,722,N21,VIIRS,h,2.0NRT,293.4,7.8,D
23.37067,95.05246,331.03,0.57,0.52,2026-04-15,722,N21,VIIRS,l,2.0NRT,303.62,2.46,D
23.37154,95.05,332.28,0.57,0.52,2026-04-15,722,N21,VIIRS,n,2.0NRT,303.83,2.39,D
23.37421,93.58823,345.69,0.46,0.47,2026-04-15,722,N21,VIIRS,n,2.0NRT,306.87,7.14,D
23.37658,96.29496,332.18,0.34,0.56,2026-04-15,722,N21,VIIRS,n,2.0NRT,294.03,6.96,D
23.37691,96.29825,367,0.34,0.56,2026-04-15,722,N21,VIIRS,h,2.0NRT,298.43,6.96,D
23.37736,93.57724,350.95,0.46,0.47,2026-04-15,722,N21,VIIRS,n,2.0NRT,308.89,17.73,D
23.37928,96.30032,334.66,0.34,0.56,2026-04-15,722,N21,VIIRS,n,2.0NRT,296.12,3.83,D
23.38238,96.30095,335.79,0.34,0.56,2026-04-15,722,N21,VIIRS,n,2.0NRT,296.66,9.25,D
23.3851,94.01184,338.71,0.49,0.49,2026-04-15,722,N21,VIIRS,n,2.0NRT,308.41,4.57,D
23.39943,97.16538,367,0.39,0.6,2026-04-15,722,N21,VIIRS,h,2.0NRT,297.65,10.58,D
23.40269,93.9252,334.5,0.48,0.48,2026-04-15,722,N21,VIIRS,l,2.0NRT,307.08,6.97,D
23.40491,93.90465,350.17,0.48,0.48,2026-04-15,722,N21,VIIRS,n,2.0NRT,306.94,9.25,D
23.40521,93.51467,351.04,0.46,0.47,2026-04-15,722,N21,VIIRS,n,2.0NRT,305.32,11.2,D
23.41073,93.11284,337.53,0.43,0.46,2026-04-15,722,N21,VIIRS,n,2.0NRT,303.82,6.1,D
23.41166,97.49509,331.91,0.41,0.61,2026-04-15,722,N21,VIIRS,n,2.0NRT,296.05,3.2,D
23.41876,95.13549,337.74,0.58,0.52,2026-04-15,722,N21,VIIRS,n,2.0NRT,302.43,5.09,D
23.41921,96.01243,345.39,0.33,0.55,2026-04-15,722,N21,VIIRS,n,2.0NRT,307.76,6.33,D
23.42865,97.49692,345.08,0.41,0.61,2026-04-15,722,N21,VIIRS,n,2.0NRT,301.52,28.11,D
23.42903,97.50129,367,0.41,0.61,2026-04-15,722,N21,VIIRS,h,2.0NRT,297.75,28.11,D
23.43198,96.70728,334.86,0.37,0.58,2026-04-15,722,N21,VIIRS,n,2.0NRT,298.22,1.98,D
23.43242,96.7043,330.18,0.37,0.58,2026-04-15,722,N21,VIIRS,n,2.0NRT,298.73,3.84,D
23.43276,96.7078,330.11,0.37,0.58,2026-04-15,722,N21,VIIRS,n,2.0NRT,298.52,3.17,D
23.44236,93.79341,343.28,0.48,0.48,2026-04-15,722,N21,VIIRS,n,2.0NRT,307.04,176.97,D
23.44434,93.70181,335.14,0.47,0.48,2026-04-15,722,N21,VIIRS,n,2.0NRT,304.57,2.64,D
23.44576,93.79165,367,0.48,0.48,2026-04-15,722,N21,VIIRS,l,2.0NRT,341.55,207.06,D
23.44589,93.70311,333.88,0.47,0.48,2026-04-15,722,N21,VIIRS,n,2.0NRT,303.19,4.7,D
23.44605,93.87257,330.72,0.48,0.48,2026-04-15,722,N21,VIIRS,l,2.0NRT,303.48,2.97,D
23.44624,93.79582,343.75,0.48,0.48,2026-04-15,722,N21,VIIRS,n,2.0NRT,302.82,207.06,D
23.44634,93.78917,330.66,0.48,0.48,2026-04-15,722,N21,VIIRS,n,2.0NRT,297.29,50.91,D
23.44676,93.79303,367,0.48,0.48,2026-04-15,722,N21,VIIRS,l,2.0NRT,330.8,176.97,D
23.44793,95.18354,330.83,0.58,0.52,2026-04-15,722,N21,VIIRS,l,2.0NRT,302.93,2.59,D
23.45283,96.09334,331.78,0.33,0.56,2026-04-15,722,N21,VIIRS,l,2.0NRT,304.97,2.87,D
23.45792,96.09281,351.39,0.33,0.56,2026-04-15,722,N21,VIIRS,n,2.0NRT,305.66,2.87,D
23.47299,93.91398,344.95,0.49,0.48,2026-04-15,722,N21,VIIRS,n,2.0NRT,302.91,7.28,D
23.47661,94.11948,340.11,0.5,0.49,2026-04-15,722,N21,VIIRS,n,2.0NRT,302.75,4.26,D
23.47806,94.11717,330.73,0.5,0.49,2026-04-15,722,N21,VIIRS,l,2.0NRT,303.08,2.6,D
23.48053,93.46152,331.46,0.45,0.47,2026-04-15,722,N21,VIIRS,l,2.0NRT,304.19,4.27,D
23.48692,94.44862,333.31,0.52,0.5,2026-04-15,722,N21,VIIRS,n,2.0NRT,304.08,4.93,D
23.48787,95.19566,331.17,0.59,0.53,2026-04-15,722,N21,VIIRS,n,2.0NRT,299.98,4.45,D
23.50152,93.9289,347.2,0.49,0.48,2026-04-15,722,N21,VIIRS,n,2.0NRT,304.97,12.2,D
23.52227,96.18945,341.73,0.34,0.56,2026-04-15,722,N21,VIIRS,n,2.0NRT,302.01,2.74,D
23.5436,96.14188,334.05,0.34,0.56,2026-04-15,722,N21,VIIRS,n,2.0NRT,303.36,5.91,D
23.5455,95.1882,338.04,0.59,0.53,2026-04-15,722,N21,VIIRS,n,2.0NRT,302.84,6.48,D
23.54765,96.40328,339.9,0.35,0.57,2026-04-15,722,N21,VIIRS,n,2.0NRT,300.92,3.57,D
23.55666,96.16987,349.93,0.34,0.56,2026-04-15,722,N21,VIIRS,n,2.0NRT,300.03,4.03,D
23.55917,96.14247,336.18,0.34,0.56,2026-04-15,722,N21,VIIRS,n,2.0NRT,300.63,6.41,D
23.56362,96.35024,367,0.35,0.57,2026-04-15,722,N21,VIIRS,h,2.0NRT,302.4,9,D
23.58028,96.14677,330.42,0.34,0.56,2026-04-15,722,N21,VIIRS,n,2.0NRT,300.31,1.7,D
23.6278,96.34726,330.69,0.35,0.57,2026-04-15,722,N21,VIIRS,l,2.0NRT,301.18,2.76,D
23.66693,96.54243,349.96,0.36,0.57,2026-04-15,722,N21,VIIRS,n,2.0NRT,300.42,4.85,D
23.67999,97.75668,344.03,0.43,0.62,2026-04-15,722,N21,VIIRS,n,2.0NRT,299.75,7.39,D
23.68037,97.76125,338.13,0.43,0.62,2026-04-15,722,N21,VIIRS,n,2.0NRT,297.5,10.35,D
23.68559,97.75536,332.73,0.43,0.62,2026-04-15,722,N21,VIIRS,n,2.0NRT,294.71,7.39,D
23.71403,96.41359,344.63,0.35,0.57,2026-04-15,722,N21,VIIRS,n,2.0NRT,299.88,5.06,D
23.71434,96.41703,340.4,0.35,0.57,2026-04-15,722,N21,VIIRS,n,2.0NRT,298.59,5.06,D
23.71611,97.91003,367,0.44,0.63,2026-04-15,722,N21,VIIRS,h,2.0NRT,295.05,16.43,D
23.7182,96.41393,367,0.35,0.57,2026-04-15,722,N21,VIIRS,h,2.0NRT,300.08,11.12,D
23.72161,97.90681,350.05,0.44,0.63,2026-04-15,722,N21,VIIRS,n,2.0NRT,293.28,19.9,D
23.72195,97.91083,367,0.44,0.63,2026-04-15,722,N21,VIIRS,h,2.0NRT,294.49,16.43,D
23.76618,97.33659,344.75,0.41,0.6,2026-04-15,722,N21,VIIRS,n,2.0NRT,294.87,8.5,D
23.88116,97.97571,328.22,0.45,0.63,2026-04-15,722,N21,VIIRS,n,2.0NRT,295.33,6.93,D
23.88701,97.9763,331.12,0.45,0.63,2026-04-15,722,N21,VIIRS,n,2.0NRT,297.57,6.84,D
23.89192,97.49485,334.81,0.42,0.61,2026-04-15,722,N21,VIIRS,n,2.0NRT,293.97,7.05,D
20.39183,74.01904,347.34,0.68,0.74,2026-04-15,724,N21,VIIRS,n,2.0NRT,317.05,10.61,D
20.39382,74.02707,339.8,0.67,0.74,2026-04-15,724,N21,VIIRS,l,2.0NRT,313.83,10.52,D
20.64012,73.95999,337.29,0.67,0.74,2026-04-15,724,N21,VIIRS,l,2.0NRT,311.34,5.35,D
20.67147,73.72327,336.39,0.7,0.75,2026-04-15,724,N21,VIIRS,l,2.0NRT,309.79,20.44,D
20.67505,73.72604,353.69,0.69,0.75,2026-04-15,724,N21,VIIRS,n,2.0NRT,311.09,16.05,D
20.77895,74.99861,347.59,0.57,0.69,2026-04-15,724,N21,VIIRS,n,2.0NRT,315.24,14.06,D
20.78382,75.87214,354.54,0.5,0.66,2026-04-15,724,N21,VIIRS,n,2.0NRT,319.68,12.22,D
20.78832,73.54071,334.31,0.71,0.75,2026-04-15,724,N21,VIIRS,l,2.0NRT,305.13,8.42,D
20.88649,73.68177,337.33,0.69,0.74,2026-04-15,724,N21,VIIRS,n,2.0NRT,309.24,6.98,D
20.97113,75.7627,350.2,0.51,0.66,2026-04-15,724,N21,VIIRS,n,2.0NRT,323.15,21.18,D
20.97797,77.84155,350.68,0.37,0.58,2026-04-15,724,N21,VIIRS,l,2.0NRT,324.93,14.27,D
21.0029,76.1126,367,0.48,0.65,2026-04-15,724,N21,VIIRS,h,2.0NRT,324.93,19.97,D
21.00316,76.1104,367,0.48,0.65,2026-04-15,724,N21,VIIRS,h,2.0NRT,321.65,21.29,D
21.00392,76.117,345.27,0.48,0.65,2026-04-15,724,N21,VIIRS,n,2.0NRT,316.71,19.97,D
21.00415,76.11484,367,0.48,0.65,2026-04-15,724,N21,VIIRS,h,2.0NRT,323.68,21.29,D
21.03956,76.11248,367,0.48,0.65,2026-04-15,724,N21,VIIRS,h,2.0NRT,321.4,19.35,D
21.04612,78.25326,349.73,0.35,0.57,2026-04-15,724,N21,VIIRS,n,2.0NRT,316.85,6.27,D
21.04849,78.25127,367,0.35,0.57,2026-04-15,724,N21,VIIRS,h,2.0NRT,319.24,12.01,D
21.04975,78.24537,344.92,0.35,0.57,2026-04-15,724,N21,VIIRS,l,2.0NRT,319.05,6.63,D
21.0512,78.25201,344.32,0.35,0.57,2026-04-15,724,N21,VIIRS,l,2.0NRT,316.48,7.98,D
21.10316,72.6468,331.79,0.79,0.78,2026-04-15,724,N21,VIIRS,l,2.0NRT,305.03,8.53,D
21.10486,76.37097,342.82,0.46,0.64,2026-04-15,724,N21,VIIRS,l,2.0NRT,317.04,10.29,D
21.20585,78.36155,346.28,0.34,0.56,2026-04-15,724,N21,VIIRS,n,2.0NRT,317.66,5.79,D
21.21778,78.24371,367,0.35,0.56,2026-04-15,724,N21,VIIRS,h,2.0NRT,324.72,15.48,D
21.23683,75.21996,349.97,0.54,0.68,2026-04-15,724,N21,VIIRS,n,2.0NRT,320.03,13.46,D
21.23716,75.22061,346.2,0.54,0.68,2026-04-15,724,N21,VIIRS,n,2.0NRT,320.15,16.15,D
21.24714,79.28592,343.87,0.59,0.53,2026-04-15,724,N21,VIIRS,l,2.0NRT,318.3,19.63,D
21.24827,79.29147,354.79,0.59,0.53,2026-04-15,724,N21,VIIRS,n,2.0NRT,323.32,46.03,D
21.26677,77.2921,367,0.4,0.6,2026-04-15,724,N21,VIIRS,h,2.0NRT,322.19,14.22,D
21.27015,77.29074,367,0.4,0.6,2026-04-15,724,N21,VIIRS,h,2.0NRT,321.71,12.14,D
21.27127,79.35574,343.46,0.59,0.53,2026-04-15,724,N21,VIIRS,l,2.0NRT,316,11.34,D
21.27233,79.35824,346.69,0.59,0.53,2026-04-15,724,N21,VIIRS,n,2.0NRT,317.31,10.49,D
21.27594,78.32587,347.64,0.34,0.56,2026-04-15,724,N21,VIIRS,l,2.0NRT,320.04,10.93,D
21.276,79.35465,343.42,0.59,0.53,2026-04-15,724,N21,VIIRS,l,2.0NRT,316.07,15.38,D
21.27621,79.28218,344.36,0.59,0.53,2026-04-15,724,N21,VIIRS,l,2.0NRT,316.87,19.03,D
21.27653,79.30831,350.23,0.59,0.53,2026-04-15,724,N21,VIIRS,n,2.0NRT,319.5,27.17,D
21.27678,79.28496,367,0.59,0.53,2026-04-15,724,N21,VIIRS,h,2.0NRT,319.72,32.06,D
21.27706,79.35718,349.3,0.59,0.53,2026-04-15,724,N21,VIIRS,n,2.0NRT,316.79,13.5,D
21.27728,79.31102,367,0.59,0.53,2026-04-15,724,N21,VIIRS,h,2.0NRT,321.22,38.55,D
21.27738,79.28773,349.12,0.59,0.53,2026-04-15,724,N21,VIIRS,n,2.0NRT,320.37,22.58,D
21.27765,79.31388,346.7,0.59,0.53,2026-04-15,724,N21,VIIRS,l,2.0NRT,317.17,27.17,D
21.28203,79.30997,349.65,0.59,0.53,2026-04-15,724,N21,VIIRS,n,2.0NRT,316.11,38.55,D
21.28213,79.2867,346.39,0.59,0.53,2026-04-15,724,N21,VIIRS,n,2.0NRT,317.93,18.37,D
21.28237,78.32327,344.51,0.34,0.56,2026-04-15,724,N21,VIIRS,l,2.0NRT,317.86,4.71,D
21.2824,79.31282,349.34,0.59,0.53,2026-04-15,724,N21,VIIRS,n,2.0NRT,317.84,27.17,D
21.28329,79.29224,344.51,0.59,0.53,2026-04-15,724,N21,VIIRS,n,2.0NRT,315.97,18.37,D
21.2855,79.32651,345.26,0.59,0.53,2026-04-15,724,N21,VIIRS,n,2.0NRT,317.42,14.41,D
21.28574,79.32937,348.12,0.59,0.53,2026-04-15,724,N21,VIIRS,n,2.0NRT,317.32,12.78,D
21.29019,79.35146,345.41,0.59,0.53,2026-04-15,724,N21,VIIRS,n,2.0NRT,315.57,11.45,D
21.29126,79.35403,345.09,0.59,0.53,2026-04-15,724,N21,VIIRS,l,2.0NRT,316.18,13.16,D
21.29131,79.35698,345.34,0.59,0.53,2026-04-15,724,N21,VIIRS,n,2.0NRT,315.68,11.45,D
21.2924,79.3595,354.95,0.59,0.53,2026-04-15,724,N21,VIIRS,n,2.0NRT,316.62,13.16,D
21.29242,79.36247,349.8,0.59,0.53,2026-04-15,724,N21,VIIRS,n,2.0NRT,315.49,20.48,D
21.29301,77.37026,354.44,0.39,0.6,2026-04-15,724,N21,VIIRS,n,2.0NRT,322.45,13.53,D
21.29353,79.368,349.44,0.59,0.53,2026-04-15,724,N21,VIIRS,n,2.0NRT,320.42,20.48,D
21.29355,79.36501,350.45,0.59,0.52,2026-04-15,724,N21,VIIRS,n,2.0NRT,319.58,40.77,D
21.29828,79.36396,348.72,0.59,0.52,2026-04-15,724,N21,VIIRS,n,2.0NRT,318.21,13.54,D
21.29943,79.36948,346.16,0.58,0.52,2026-04-15,724,N21,VIIRS,l,2.0NRT,316.84,13.54,D
21.30058,79.37498,348.41,0.58,0.52,2026-04-15,724,N21,VIIRS,n,2.0NRT,316.45,40.64,D
21.30416,79.36845,348.17,0.58,0.52,2026-04-15,724,N21,VIIRS,n,2.0NRT,320.3,13.54,D
21.30531,79.37395,347.16,0.58,0.52,2026-04-15,724,N21,VIIRS,l,2.0NRT,321.88,40.64,D
21.30674,79.33324,344.26,0.59,0.53,2026-04-15,724,N21,VIIRS,l,2.0NRT,319.03,13.48,D
21.30774,79.36188,367,0.59,0.52,2026-04-15,724,N21,VIIRS,h,2.0NRT,319.69,47.03,D
21.3089,79.36741,367,0.58,0.52,2026-04-15,724,N21,VIIRS,l,2.0NRT,329.09,47.03,D
21.31082,79.4241,346.38,0.58,0.52,2026-04-15,724,N21,VIIRS,l,2.0NRT,319,16.6,D
21.32087,79.504,367,0.57,0.52,2026-04-15,724,N21,VIIRS,h,2.0NRT,316.8,22.55,D
21.32187,79.50072,347.14,0.57,0.52,2026-04-15,724,N21,VIIRS,n,2.0NRT,316,14.91,D
21.32298,79.5061,342.57,0.57,0.52,2026-04-15,724,N21,VIIRS,n,2.0NRT,312.74,11.18,D
21.33596,73.83083,340.87,0.66,0.73,2026-04-15,724,N21,VIIRS,n,2.0NRT,308.31,8.74,D
21.33705,73.82735,332.46,0.66,0.73,2026-04-15,724,N21,VIIRS,l,2.0NRT,306.39,7.34,D
21.34105,75.11512,350.75,0.55,0.68,2026-04-15,724,N21,VIIRS,n,2.0NRT,315.39,12.45,D
21.34111,75.11574,350.71,0.55,0.68,2026-04-15,724,N21,VIIRS,n,2.0NRT,315.04,10.94,D
21.35112,79.25954,346.44,0.59,0.53,2026-04-15,724,N21,VIIRS,l,2.0NRT,318.35,16.08,D
21.36661,77.91579,367,0.36,0.57,2026-04-15,724,N21,VIIRS,h,2.0NRT,325.22,22.47,D
21.37166,79.33598,344.53,0.59,0.53,2026-04-15,724,N21,VIIRS,n,2.0NRT,318.27,9.46,D
21.3721,79.33415,342.37,0.59,0.53,2026-04-15,724,N21,VIIRS,l,2.0NRT,317.33,11.37,D
21.37752,79.34045,346.58,0.59,0.53,2026-04-15,724,N21,VIIRS,n,2.0NRT,319.55,9.46,D
21.37799,79.3386,346.37,0.59,0.52,2026-04-15,724,N21,VIIRS,n,2.0NRT,318.54,15.98,D
21.39208,76.74883,347.88,0.43,0.62,2026-04-15,724,N21,VIIRS,n,2.0NRT,322.43,9.92,D
21.40195,77.72535,351.55,0.37,0.58,2026-04-15,724,N21,VIIRS,n,2.0NRT,321.01,7.16,D
21.40268,77.72864,367,0.37,0.58,2026-04-15,724,N21,VIIRS,h,2.0NRT,324.23,7.16,D
21.41032,76.46368,349.41,0.45,0.63,2026-04-15,724,N21,VIIRS,n,2.0NRT,319.14,9.29,D
21.42574,77.75895,367,0.37,0.58,2026-04-15,724,N21,VIIRS,h,2.0NRT,323.1,7.7,D
21.43002,75.55661,338.23,0.51,0.66,2026-04-15,724,N21,VIIRS,l,2.0NRT,312.93,8.3,D
21.43216,77.44025,367,0.39,0.59,2026-04-15,724,N21,VIIRS,h,2.0NRT,318.17,29.02,D
21.43287,77.44347,367,0.39,0.59,2026-04-15,724,N21,VIIRS,h,2.0NRT,320.63,23.81,D
21.43683,77.53633,344.21,0.38,0.59,2026-04-15,724,N21,VIIRS,n,2.0NRT,318.67,5.94,D
21.43739,77.43866,367,0.39,0.59,2026-04-15,724,N21,VIIRS,h,2.0NRT,325.58,29.02,D
21.4382,77.44231,367,0.39,0.59,2026-04-15,724,N21,VIIRS,h,2.0NRT,317.31,23.81,D
21.44357,77.44134,343.96,0.39,0.59,2026-04-15,724,N21,VIIRS,n,2.0NRT,316.4,7.28,D
21.44668,77.55022,349.37,0.38,0.59,2026-04-15,724,N21,VIIRS,l,2.0NRT,320.14,5.73,D
21.45129,77.55145,354.31,0.38,0.59,2026-04-15,724,N21,VIIRS,n,2.0NRT,319.45,11.26,D
21.45202,77.54929,346.61,0.38,0.59,2026-04-15,724,N21,VIIRS,l,2.0NRT,318.14,5.73,D
21.45313,77.15208,343.29,0.4,0.6,2026-04-15,724,N21,VIIRS,l,2.0NRT,316.84,8.37,D
21.45473,77.15938,345.34,0.4,0.6,2026-04-15,724,N21,VIIRS,l,2.0NRT,316.49,8.25,D
21.45798,79.48624,342.64,0.57,0.52,2026-04-15,724,N21,VIIRS,l,2.0NRT,316.24,8.93,D
21.46077,77.44338,367,0.39,0.59,2026-04-15,724,N21,VIIRS,h,2.0NRT,319.58,18.23,D
21.4659,77.13245,346.83,0.4,0.6,2026-04-15,724,N21,VIIRS,l,2.0NRT,316.84,9.89,D
21.4684,79.10533,348.92,0.6,0.53,2026-04-15,724,N21,VIIRS,n,2.0NRT,313.53,15.8,D
21.46958,79.11092,367,0.6,0.53,2026-04-15,724,N21,VIIRS,h,2.0NRT,319.27,47.9,D
21.47593,77.43618,348.57,0.39,0.59,2026-04-15,724,N21,VIIRS,n,2.0NRT,312.72,10.13,D
21.50804,77.42999,349.93,0.39,0.59,2026-04-15,724,N21,VIIRS,n,2.0NRT,316.69,8.32,D
21.51029,75.64642,349.26,0.5,0.66,2026-04-15,724,N21,VIIRS,n,2.0NRT,320.84,10.76,D
21.51369,77.43034,349.99,0.39,0.59,2026-04-15,724,N21,VIIRS,n,2.0NRT,317.2,8.32,D
21.51399,76.82815,348.4,0.42,0.61,2026-04-15,724,N21,VIIRS,l,2.0NRT,319.53,11.29,D
21.51684,77.42889,355.24,0.39,0.59,2026-04-15,724,N21,VIIRS,n,2.0NRT,316.52,7.47,D
21.52173,78.5205,346.04,0.33,0.55,2026-04-15,724,N21,VIIRS,l,2.0NRT,320.97,10.18,D
21.52303,78.52671,350.87,0.33,0.55,2026-04-15,724,N21,VIIRS,l,2.0NRT,321.42,13.98,D
21.5243,78.53277,367,0.33,0.55,2026-04-15,724,N21,VIIRS,h,2.0NRT,321.91,12.12,D
21.52843,77.82668,367,0.36,0.58,2026-04-15,724,N21,VIIRS,h,2.0NRT,324.04,15.39,D
21.53343,80.11784,343.1,0.52,0.5,2026-04-15,724,N21,VIIRS,l,2.0NRT,315.68,7.79,D
21.5609,79.63389,342.89,0.56,0.51,2026-04-15,724,N21,VIIRS,n,2.0NRT,312.05,12.37,D
21.56328,79.63016,342.93,0.56,0.51,2026-04-15,724,N21,VIIRS,n,2.0NRT,313.29,7.42,D
21.56954,77.99046,348.85,0.35,0.57,2026-04-15,724,N21,VIIRS,n,2.0NRT,318.95,9.31,D
21.5779,79.65407,338.37,0.55,0.51,2026-04-15,724,N21,VIIRS,n,2.0NRT,310.75,19.7,D
21.57897,79.65923,343.6,0.55,0.51,2026-04-15,724,N21,VIIRS,n,2.0NRT,314.29,19.7,D
21.58122,78.62685,351.24,0.32,0.55,2026-04-15,724,N21,VIIRS,l,2.0NRT,322.35,7.76,D
21.59789,77.44263,367,0.38,0.59,2026-04-15,724,N21,VIIRS,h,2.0NRT,318.03,10.91,D
21.59802,79.08038,343.94,0.6,0.53,2026-04-15,724,N21,VIIRS,l,2.0NRT,317.59,38.08,D
21.59998,76.6728,347.54,0.43,0.62,2026-04-15,724,N21,VIIRS,n,2.0NRT,317.75,14.18,D
21.60278,76.68515,367,0.43,0.62,2026-04-15,724,N21,VIIRS,h,2.0NRT,319.55,10.71,D
21.60736,76.6796,367,0.43,0.62,2026-04-15,724,N21,VIIRS,h,2.0NRT,318.78,10.71,D
21.60829,76.68371,346.1,0.43,0.62,2026-04-15,724,N21,VIIRS,n,2.0NRT,316.63,10.71,D
21.62079,79.69865,343.14,0.55,0.51,2026-04-15,724,N21,VIIRS,l,2.0NRT,316.74,15.17,D
21.62948,78.68432,367,0.32,0.54,2026-04-15,724,N21,VIIRS,h,2.0NRT,315.65,5.56,D
21.65299,81.13631,342.82,0.45,0.47,2026-04-15,724,N21,VIIRS,l,2.0NRT,317.03,7.05,D
21.6553,81.37712,343.41,0.43,0.46,2026-04-15,724,N21,VIIRS,n,2.0NRT,312.57,14.11,D
21.65838,75.5304,344.29,0.51,0.66,2026-04-15,724,N21,VIIRS,n,2.0NRT,316.17,11.07,D
21.66216,76.5585,348.33,0.44,0.62,2026-04-15,724,N21,VIIRS,l,2.0NRT,319.85,20.59,D
21.66419,77.4725,367,0.38,0.59,2026-04-15,724,N21,VIIRS,h,2.0NRT,315.06,10.8,D
21.66563,76.55652,351.77,0.44,0.62,2026-04-15,724,N21,VIIRS,n,2.0NRT,322.67,21.96,D
21.66583,81.45495,348.17,0.43,0.46,2026-04-15,724,N21,VIIRS,n,2.0NRT,316.92,9.82,D
21.67225,81.46616,343.08,0.43,0.46,2026-04-15,724,N21,VIIRS,n,2.0NRT,311.38,10.57,D
21.67385,74.03454,367,0.63,0.72,2026-04-15,724,N21,VIIRS,h,2.0NRT,308.71,16.84,D
21.67789,81.47334,338.76,0.43,0.46,2026-04-15,724,N21,VIIRS,l,2.0NRT,312.49,9.56,D
21.67878,74.02676,331.85,0.63,0.72,2026-04-15,724,N21,VIIRS,n,2.0NRT,306.72,16.84,D
21.67895,81.45634,353.84,0.43,0.46,2026-04-15,724,N21,VIIRS,n,2.0NRT,318.89,32.82,D
21.68048,74.03377,367,0.63,0.72,2026-04-15,724,N21,VIIRS,h,2.0NRT,310.62,16.84,D
21.68195,81.35859,334.61,0.43,0.46,2026-04-15,724,N21,VIIRS,l,2.0NRT,309.23,4.84,D
21.68272,81.36268,350.35,0.43,0.46,2026-04-15,724,N21,VIIRS,n,2.0NRT,310.64,7.92,D
21.68434,81.3624,345.59,0.43,0.46,2026-04-15,724,N21,VIIRS,n,2.0NRT,310,4.95,D
21.69659,81.38096,343.9,0.43,0.46,2026-04-15,724,N21,VIIRS,n,2.0NRT,312.27,7.46,D
21.70826,77.54684,343.42,0.38,0.58,2026-04-15,724,N21,VIIRS,l,2.0NRT,318,4.9,D
21.71398,72.75982,350.3,0.76,0.77,2026-04-15,724,N21,VIIRS,n,2.0NRT,310.09,8.63,D
21.71539,77.52903,351.38,0.38,0.58,2026-04-15,724,N21,VIIRS,n,2.0NRT,320.52,10.5,D
21.72375,76.9412,343.2,0.41,0.61,2026-04-15,724,N21,VIIRS,n,2.0NRT,317.35,5.69,D
21.72587,77.62721,351.57,0.37,0.58,2026-04-15,724,N21,VIIRS,n,2.0NRT,322.76,8.33,D
21.73236,81.67204,349.08,0.41,0.45,2026-04-15,724,N21,VIIRS,n,2.0NRT,315.27,11.39,D
21.7331,81.67594,342.53,0.41,0.45,2026-04-15,724,N21,VIIRS,n,2.0NRT,310.73,4.99,D
21.73424,81.48634,343.58,0.42,0.45,2026-04-15,724,N21,VIIRS,n,2.0NRT,313.11,8.03,D
21.73527,81.66711,347.03,0.41,0.45,2026-04-15,724,N21,VIIRS,n,2.0NRT,313.56,9.52,D
21.73569,81.66727,349.56,0.41,0.45,2026-04-15,724,N21,VIIRS,n,2.0NRT,314.13,12.51,D
21.73933,81.66625,340.5,0.41,0.45,2026-04-15,724,N21,VIIRS,l,2.0NRT,314.05,9.52,D
21.73975,81.6664,341.63,0.41,0.45,2026-04-15,724,N21,VIIRS,l,2.0NRT,314.37,12.51,D
21.74009,81.67014,337.89,0.41,0.45,2026-04-15,724,N21,VIIRS,l,2.0NRT,312.44,9.52,D
21.75016,76.97799,344.37,0.41,0.6,2026-04-15,724,N21,VIIRS,l,2.0NRT,318.65,7.21,D
21.76266,77.3721,367,0.38,0.59,2026-04-15,724,N21,VIIRS,h,2.0NRT,320.59,15.44,D
21.76417,77.60147,367,0.37,0.58,2026-04-15,724,N21,VIIRS,h,2.0NRT,318.97,8.66,D
21.76727,81.02534,342.82,0.45,0.47,2026-04-15,724,N21,VIIRS,l,2.0NRT,315.88,3.51,D
21.77138,81.52416,355.26,0.42,0.45,2026-04-15,724,N21,VIIRS,n,2.0NRT,320.48,13.83,D
21.77522,81.69909,348.57,0.41,0.45,2026-04-15,724,N21,VIIRS,n,2.0NRT,311.37,7.17,D
21.78001,81.70213,343.19,0.41,0.45,2026-04-15,724,N21,VIIRS,n,2.0NRT,309.46,7.17,D
21.79845,77.8109,348.14,0.36,0.57,2026-04-15,724,N21,VIIRS,l,2.0NRT,322.31,9.85,D
21.80383,78.7244,341.29,0.63,0.54,2026-04-15,724,N21,VIIRS,l,2.0NRT,315.11,10.61,D
21.80539,78.87872,346.58,0.61,0.54,2026-04-15,724,N21,VIIRS,l,2.0NRT,317.14,33.9,D
21.80544,80.88058,340.29,0.46,0.47,2026-04-15,724,N21,VIIRS,l,2.0NRT,312.09,7.95,D
21.80597,80.91223,345.17,0.46,0.47,2026-04-15,724,N21,VIIRS,n,2.0NRT,310.38,7.14,D
21.80695,80.91151,337,0.46,0.47,2026-04-15,724,N21,VIIRS,n,2.0NRT,309.32,4.26,D
21.80779,80.91588,340.04,0.46,0.47,2026-04-15,724,N21,VIIRS,n,2.0NRT,310.79,4.26,D
21.80848,80.88039,348.49,0.46,0.47,2026-04-15,724,N21,VIIRS,n,2.0NRT,313.33,6.28,D
21.82152,78.7725,351.78,0.62,0.54,2026-04-15,724,N21,VIIRS,n,2.0NRT,317.66,15.74,D
21.8244,78.77468,344.5,0.62,0.54,2026-04-15,724,N21,VIIRS,l,2.0NRT,315.95,12.45,D
21.83648,79.8209,340.64,0.53,0.5,2026-04-15,724,N21,VIIRS,n,2.0NRT,310.83,5.34,D
21.83742,78.01726,351.76,0.35,0.57,2026-04-15,724,N21,VIIRS,n,2.0NRT,321.48,7.55,D
21.83951,79.11536,354.72,0.59,0.53,2026-04-15,724,N21,VIIRS,n,2.0NRT,318.94,24.72,D
21.84311,79.10873,348.92,0.59,0.53,2026-04-15,724,N21,VIIRS,n,2.0NRT,320.08,20.9,D
21.84426,79.11423,367,0.59,0.53,2026-04-15,724,N21,VIIRS,h,2.0NRT,321.4,20.9,D
21.88053,80.70244,351.8,0.47,0.48,2026-04-15,724,N21,VIIRS,n,2.0NRT,312.83,12.45,D
21.88268,80.70232,350.97,0.47,0.48,2026-04-15,724,N21,VIIRS,n,2.0NRT,313.72,11.53,D
21.89021,81.63879,346.22,0.41,0.45,2026-04-15,724,N21,VIIRS,n,2.0NRT,316.66,6.87,D
21.89219,80.40948,346.61,0.49,0.49,2026-04-15,724,N21,VIIRS,n,2.0NRT,312.83,9.28,D
21.89657,80.4086,344.2,0.49,0.49,2026-04-15,724,N21,VIIRS,n,2.0NRT,310.32,5.47,D
21.90646,77.34978,344.68,0.38,0.59,2026-04-15,724,N21,VIIRS,l,2.0NRT,317.99,8.1,D
21.91089,81.7031,349.22,0.41,0.45,2026-04-15,724,N21,VIIRS,n,2.0NRT,316.24,8.68,D
21.91236,81.75495,342.28,0.41,0.45,2026-04-15,724,N21,VIIRS,l,2.0NRT,315.29,5.23,D
21.91716,79.12915,341.71,0.59,0.53,2026-04-15,724,N21,VIIRS,n,2.0NRT,315.09,26.53,D
21.92075,79.12259,367,0.59,0.53,2026-04-15,724,N21,VIIRS,h,2.0NRT,318.68,52.75,D
21.92335,75.88125,345.59,0.48,0.64,2026-04-15,724,N21,VIIRS,n,2.0NRT,316.04,7.67,D
21.92428,77.38044,367,0.38,0.59,2026-04-15,724,N21,VIIRS,h,2.0NRT,319.68,17.9,D
21.92437,75.88573,342.63,0.47,0.64,2026-04-15,724,N21,VIIRS,n,2.0NRT,315.34,9.36,D
21.92929,80.50546,346.35,0.48,0.48,2026-04-15,724,N21,VIIRS,n,2.0NRT,313.1,7.01,D
21.93454,80.27972,341.92,0.5,0.49,2026-04-15,724,N21,VIIRS,n,2.0NRT,310.7,5.41,D
21.94173,80.29256,338.47,0.5,0.49,2026-04-15,724,N21,VIIRS,l,2.0NRT,310.67,9.08,D
21.94291,80.62103,344.58,0.47,0.48,2026-04-15,724,N21,VIIRS,n,2.0NRT,314.03,9.15,D
21.94927,80.16917,343.75,0.51,0.49,2026-04-15,724,N21,VIIRS,n,2.0NRT,314.59,9.3,D
21.95287,81.07909,338.37,0.44,0.46,2026-04-15,724,N21,VIIRS,l,2.0NRT,312.21,3.88,D
21.95725,77.91535,367,0.35,0.57,2026-04-15,724,N21,VIIRS,h,2.0NRT,317.26,8.86,D
21.95984,77.91569,367,0.35,0.57,2026-04-15,724,N21,VIIRS,h,2.0NRT,316.04,10.37,D
21.96206,82.126,347.2,0.38,0.44,2026-04-15,724,N21,VIIRS,n,2.0NRT,315.17,7.15,D
21.96275,82.12965,342.79,0.38,0.44,2026-04-15,724,N21,VIIRS,n,2.0NRT,312.61,2.35,D
21.96403,80.24303,340.09,0.5,0.49,2026-04-15,724,N21,VIIRS,l,2.0NRT,311.89,8.2,D
21.96495,80.24767,341.98,0.5,0.49,2026-04-15,724,N21,VIIRS,l,2.0NRT,312.48,10.87,D
21.97436,81.07465,336.66,0.44,0.46,2026-04-15,724,N21,VIIRS,l,2.0NRT,311.42,4.13,D
21.98162,79.43797,345.44,0.56,0.52,2026-04-15,724,N21,VIIRS,l,2.0NRT,318.18,14.08,D
21.98687,76.44654,346.28,0.44,0.62,2026-04-15,724,N21,VIIRS,l,2.0NRT,319.92,11.22,D
21.9874,79.44243,348,0.56,0.52,2026-04-15,724,N21,VIIRS,n,2.0NRT,315.85,12.4,D
22.01133,73.6265,333.49,0.66,0.73,2026-04-15,724,N21,VIIRS,n,2.0NRT,301.37,7.4,D
22.01352,78.57201,345.43,0.32,0.54,2026-04-15,724,N21,VIIRS,n,2.0NRT,317.86,4.28,D
22.01518,82.01526,347.16,0.39,0.44,2026-04-15,724,N21,VIIRS,n,2.0NRT,313.69,5.37,D
22.01584,77.0826,342.82,0.4,0.6,2026-04-15,724,N21,VIIRS,n,2.0NRT,316.98,9.72,D
22.01674,77.08659,367,0.4,0.6,2026-04-15,724,N21,VIIRS,h,2.0NRT,319.59,9.72,D
22.02102,80.48433,335.42,0.48,0.48,2026-04-15,724,N21,VIIRS,l,2.0NRT,309.32,6.29,D
22.02129,79.22672,355.21,0.58,0.52,2026-04-15,724,N21,VIIRS,n,2.0NRT,325.16,42.55,D
22.02234,79.22447,346.46,0.58,0.52,2026-04-15,724,N21,VIIRS,n,2.0NRT,319.64,30.92,D
22.02241,79.23221,367,0.58,0.52,2026-04-15,724,N21,VIIRS,h,2.0NRT,323.16,30.3,D
22.02351,79.22997,367,0.58,0.52,2026-04-15,724,N21,VIIRS,h,2.0NRT,320.69,30.92,D
22.02382,80.22398,342.39,0.5,0.49,2026-04-15,724,N21,VIIRS,n,2.0NRT,310.64,6.74,D
22.02465,79.2354,344.05,0.58,0.52,2026-04-15,724,N21,VIIRS,n,2.0NRT,317.48,13.39,D
22.02517,80.29861,336.07,0.49,0.49,2026-04-15,724,N21,VIIRS,l,2.0NRT,309.69,6.63,D
22.02599,79.22563,346.62,0.58,0.52,2026-04-15,724,N21,VIIRS,n,2.0NRT,320.09,11.68,D
22.02704,79.22338,350.13,0.58,0.52,2026-04-15,724,N21,VIIRS,n,2.0NRT,320.08,10.98,D
22.0271,79.23113,343.7,0.58,0.52,2026-04-15,724,N21,VIIRS,n,2.0NRT,317.45,11.99,D
22.02728,79.30437,340.85,0.57,0.52,2026-04-15,724,N21,VIIRS,l,2.0NRT,314.56,7.35,D
22.0282,79.2289,367,0.58,0.52,2026-04-15,724,N21,VIIRS,h,2.0NRT,321.34,10.98,D
22.02955,79.21897,346.43,0.58,0.52,2026-04-15,724,N21,VIIRS,l,2.0NRT,317.7,11.68,D
22.03068,79.22453,347.63,0.58,0.52,2026-04-15,724,N21,VIIRS,l,2.0NRT,319.32,11.68,D
22.03173,79.22229,347.19,0.58,0.52,2026-04-15,724,N21,VIIRS,n,2.0NRT,317.76,10.98,D
22.03238,83.40556,340.76,0.49,0.4,2026-04-15,724,N21,VIIRS,n,2.0NRT,308.49,5.06,D
22.03266,82.96895,342.83,0.52,0.41,2026-04-15,724,N21,VIIRS,n,2.0NRT,311.58,8.73,D
22.03384,79.50333,367,0.55,0.51,2026-04-15,724,N21,VIIRS,h,2.0NRT,316.34,14.66,D
22.03586,80.80889,338.53,0.46,0.47,2026-04-15,724,N21,VIIRS,l,2.0NRT,311.03,4.98,D
22.03605,83.40481,350.52,0.49,0.4,2026-04-15,724,N21,VIIRS,n,2.0NRT,309.4,11.31,D
22.03844,79.50223,354.58,0.55,0.51,2026-04-15,724,N21,VIIRS,n,2.0NRT,316.05,14.66,D
22.03995,77.19001,367,0.39,0.59,2026-04-15,724,N21,VIIRS,h,2.0NRT,316.71,19.66,D
22.04462,79.90374,343.25,0.52,0.5,2026-04-15,724,N21,VIIRS,l,2.0NRT,313.26,9.29,D
22.04561,79.90856,341.2,0.52,0.5,2026-04-15,724,N21,VIIRS,l,2.0NRT,312.38,9.21,D
22.04848,79.90612,350.35,0.52,0.5,2026-04-15,724,N21,VIIRS,n,2.0NRT,312.43,15.3,D
22.06143,76.0058,346.42,0.46,0.64,2026-04-15,724,N21,VIIRS,l,2.0NRT,320.44,12.57,D
22.06192,74.92419,341.54,0.54,0.68,2026-04-15,724,N21,VIIRS,n,2.0NRT,313.34,12.02,D
22.0622,80.25446,340.28,0.5,0.49,2026-04-15,724,N21,VIIRS,n,2.0NRT,310.57,6.38,D
22.06437,80.4977,335.78,0.48,0.48,2026-04-15,724,N21,VIIRS,l,2.0NRT,308.53,1.88,D
22.06642,79.41103,342.38,0.56,0.52,2026-04-15,724,N21,VIIRS,l,2.0NRT,317.05,9.61,D
22.06762,79.40734,343.75,0.56,0.52,2026-04-15,724,N21,VIIRS,l,2.0NRT,316.7,7.23,D
22.06821,80.28443,336.76,0.49,0.49,2026-04-15,724,N21,VIIRS,l,2.0NRT,310.46,3.99,D
22.06923,76.04005,367,0.46,0.64,2026-04-15,724,N21,VIIRS,h,2.0NRT,319.17,18.72,D
22.07105,79.40997,353.7,0.56,0.52,2026-04-15,724,N21,VIIRS,n,2.0NRT,320.02,9.61,D
22.07134,81.07705,339.21,0.44,0.46,2026-04-15,724,N21,VIIRS,l,2.0NRT,309.49,4.5,D
22.07258,80.23738,336.45,0.5,0.49,2026-04-15,724,N21,VIIRS,l,2.0NRT,310.86,7.24,D
22.07354,80.24218,341.06,0.5,0.49,2026-04-15,724,N21,VIIRS,n,2.0NRT,310.23,5.18,D
22.07679,79.41418,367,0.56,0.52,2026-04-15,724,N21,VIIRS,h,2.0NRT,317.56,14.89,D
22.07788,79.41943,349.63,0.56,0.52,2026-04-15,724,N21,VIIRS,n,2.0NRT,317.31,14.89,D
22.07898,79.42467,349.48,0.56,0.51,2026-04-15,724,N21,VIIRS,l,2.0NRT,323.73,84.82,D
22.07943,79.26254,351.76,0.57,0.52,2026-04-15,724,N21,VIIRS,n,2.0NRT,319.97,16.16,D
22.08218,81.74224,354.53,0.4,0.44,2026-04-15,724,N21,VIIRS,n,2.0NRT,320.02,13.15,D
22.08288,80.26595,340.31,0.5,0.49,2026-04-15,724,N21,VIIRS,n,2.0NRT,309.14,5.12,D
22.08301,81.74133,346.54,0.4,0.44,2026-04-15,724,N21,VIIRS,l,2.0NRT,318.17,11.62,D
22.08315,81.76984,355.81,0.4,0.44,2026-04-15,724,N21,VIIRS,n,2.0NRT,319.1,7.46,D
22.08375,81.74516,342.13,0.4,0.44,2026-04-15,724,N21,VIIRS,l,2.0NRT,316.05,7.05,D
22.08386,80.2709,347.4,0.5,0.49,2026-04-15,724,N21,VIIRS,n,2.0NRT,310.9,13.51,D
22.08412,79.26146,348.51,0.57,0.52,2026-04-15,724,N21,VIIRS,l,2.0NRT,318.92,15.6,D
22.08415,81.76886,352.19,0.4,0.44,2026-04-15,724,N21,VIIRS,n,2.0NRT,318.78,14.94,D
22.08716,81.76897,348.21,0.4,0.44,2026-04-15,724,N21,VIIRS,n,2.0NRT,316.24,7.46,D
22.08903,79.23774,344.45,0.58,0.52,2026-04-15,724,N21,VIIRS,l,2.0NRT,318.82,43.8,D
22.09143,79.22559,343.99,0.58,0.52,2026-04-15,724,N21,VIIRS,l,2.0NRT,317.9,9.74,D
22.09257,79.23112,350.71,0.58,0.52,2026-04-15,724,N21,VIIRS,l,2.0NRT,327.12,43.8,D
22.09371,79.23666,350.36,0.58,0.52,2026-04-15,724,N21,VIIRS,l,2.0NRT,328.29,43.8,D
22.09483,79.24211,344.52,0.58,0.52,2026-04-15,724,N21,VIIRS,l,2.0NRT,317.75,30.45,D
22.09571,79.27016,347.79,0.57,0.52,2026-04-15,724,N21,VIIRS,n,2.0NRT,317.44,9.94,D
22.09726,79.23003,352.85,0.58,0.52,2026-04-15,724,N21,VIIRS,l,2.0NRT,328.29,54.76,D
22.09752,79.42052,349.4,0.56,0.51,2026-04-15,724,N21,VIIRS,n,2.0NRT,318.21,20.14,D
22.09827,79.11493,345.96,0.59,0.53,2026-04-15,724,N21,VIIRS,l,2.0NRT,316.46,19.46,D
22.09839,79.23555,355.26,0.58,0.52,2026-04-15,724,N21,VIIRS,n,2.0NRT,325.15,54.76,D
22.09996,79.40884,367,0.56,0.52,2026-04-15,724,N21,VIIRS,h,2.0NRT,317.35,23.6,D
22.10031,81.11367,342.51,0.44,0.46,2026-04-15,724,N21,VIIRS,l,2.0NRT,315.94,5.73,D
22.10134,78.34846,349.38,0.33,0.55,2026-04-15,724,N21,VIIRS,n,2.0NRT,314.38,2.26,D
22.11025,79.50539,342.66,0.55,0.51,2026-04-15,724,N21,VIIRS,n,2.0NRT,313.65,8.08,D
22.11133,79.5106,342.89,0.55,0.51,2026-04-15,724,N21,VIIRS,n,2.0NRT,313.84,8.08,D
22.1114,79.41723,343.9,0.56,0.51,2026-04-15,724,N21,VIIRS,l,2.0NRT,315.97,14.06,D
22.11197,79.27782,345.66,0.57,0.52,2026-04-15,724,N21,VIIRS,l,2.0NRT,317.12,10.26,D
22.11249,79.42255,354.06,0.56,0.51,2026-04-15,724,N21,VIIRS,n,2.0NRT,319.48,14.06,D
22.11683,77.88753,367,0.35,0.57,2026-04-15,724,N21,VIIRS,h,2.0NRT,314.2,6.21,D
22.11802,78.13708,344.55,0.34,0.56,2026-04-15,724,N21,VIIRS,n,2.0NRT,315.59,6.07,D
22.12258,79.87047,333.99,0.52,0.5,2026-04-15,724,N21,VIIRS,l,2.0NRT,308.93,2.94,D
22.12332,77.8928,352.02,0.35,0.57,2026-04-15,724,N21,VIIRS,n,2.0NRT,312.48,18.8,D
22.12524,82.17299,348.98,0.57,0.43,2026-04-15,724,N21,VIIRS,n,2.0NRT,317.35,17.36,D
22.12758,77.88776,354.64,0.35,0.57,2026-04-15,724,N21,VIIRS,n,2.0NRT,317.39,23.41,D
22.12831,77.89111,367,0.35,0.57,2026-04-15,724,N21,VIIRS,h,2.0NRT,319.04,18.8,D
22.14259,81.68075,367,0.41,0.45,2026-04-15,724,N21,VIIRS,h,2.0NRT,316.19,11.62,D
22.15474,78.81361,344.8,0.61,0.53,2026-04-15,724,N21,VIIRS,n,2.0NRT,316.44,4.9,D
22.15733,79.42859,344.4,0.56,0.51,2026-04-15,724,N21,VIIRS,l,2.0NRT,318.94,13.39,D
22.16073,79.43001,345.88,0.56,0.51,2026-04-15,724,N21,VIIRS,n,2.0NRT,316.82,7.87,D
22.16511,79.45086,343.5,0.56,0.51,2026-04-15,724,N21,VIIRS,l,2.0NRT,315.86,5.09,D
22.1662,79.44846,342.84,0.56,0.51,2026-04-15,724,N21,VIIRS,l,2.0NRT,315.2,9.58,D
22.16833,83.62011,334.85,0.48,0.4,2026-04-15,724,N21,VIIRS,n,2.0NRT,306.84,3.46,D
22.17194,83.61934,339.35,0.48,0.4,2026-04-15,724,N21,VIIRS,n,2.0NRT,307.6,3.46,D
22.1792,78.00398,349.08,0.34,0.56,2026-04-15,724,N21,VIIRS,n,2.0NRT,316.65,7.14,D
22.18425,78.0028,350.67,0.34,0.56,2026-04-15,724,N21,VIIRS,n,2.0NRT,318.98,7.14,D
22.19045,78.39825,347.17,0.32,0.55,2026-04-15,724,N21,VIIRS,n,2.0NRT,312.56,2.16,D
22.1995,77.83692,341.95,0.35,0.57,2026-04-15,724,N21,VIIRS,n,2.0NRT,313.31,4.16,D
22.2003,77.84057,344,0.35,0.57,2026-04-15,724,N21,VIIRS,n,2.0NRT,312.57,4.16,D
22.20051,79.8296,342.62,0.53,0.5,2026-04-15,724,N21,VIIRS,n,2.0NRT,309.99,7.32,D
22.20151,79.83455,341.75,0.52,0.5,2026-04-15,724,N21,VIIRS,n,2.0NRT,310.25,8.2,D
22.20702,79.8385,342.12,0.52,0.5,2026-04-15,724,N21,VIIRS,n,2.0NRT,309.76,8.2,D
22.20896,79.35871,342.9,0.56,0.52,2026-04-15,724,N21,VIIRS,n,2.0NRT,316.86,9,D
22.21004,79.36399,343.13,0.56,0.52,2026-04-15,724,N21,VIIRS,n,2.0NRT,317.83,10.63,D
22.21152,79.83746,337.84,0.52,0.5,2026-04-15,724,N21,VIIRS,n,2.0NRT,308.04,1.93,D
22.21676,82.73454,338.8,0.53,0.42,2026-04-15,724,N21,VIIRS,l,2.0NRT,313.51,4.51,D
22.21748,78.30653,337.42,0.33,0.55,2026-04-15,724,N21,VIIRS,l,2.0NRT,311.91,3.16,D
22.22019,77.45718,367,0.37,0.58,2026-04-15,724,N21,VIIRS,h,2.0NRT,318.57,9.04,D
22.22025,79.46034,367,0.55,0.51,2026-04-15,724,N21,VIIRS,h,2.0NRT,320.24,18.15,D
22.22133,79.46555,351.85,0.55,0.51,2026-04-15,724,N21,VIIRS,n,2.0NRT,321.62,18.15,D
22.22347,79.47594,347.08,0.55,0.51,2026-04-15,724,N21,VIIRS,n,2.0NRT,318.2,20.16,D
22.22378,79.45404,340.33,0.55,0.51,2026-04-15,724,N21,VIIRS,n,2.0NRT,313.13,2.53,D
22.22486,79.45925,346.7,0.55,0.51,2026-04-15,724,N21,VIIRS,n,2.0NRT,315.65,42.97,D
22.22593,79.46445,353.52,0.55,0.51,2026-04-15,724,N21,VIIRS,n,2.0NRT,322.79,42.97,D
22.227,79.46967,367,0.55,0.51,2026-04-15,724,N21,VIIRS,h,2.0NRT,334.88,98.44,D
22.22808,79.47489,341.97,0.55,0.51,2026-04-15,724,N21,VIIRS,n,2.0NRT,315.76,98.44,D
22.22927,83.49467,330.87,0.48,0.4,2026-04-15,724,N21,VIIRS,l,2.0NRT,305.58,2.73,D
22.23944,82.55518,349.06,0.54,0.42,2026-04-15,724,N21,VIIRS,n,2.0NRT,316.54,11.19,D
22.24219,82.55676,344.79,0.54,0.42,2026-04-15,724,N21,VIIRS,n,2.0NRT,313.86,10.47,D
22.24931,79.43723,351.18,0.55,0.51,2026-04-15,724,N21,VIIRS,n,2.0NRT,321.17,28.6,D
22.25405,81.4052,346.89,0.42,0.45,2026-04-15,724,N21,VIIRS,n,2.0NRT,315.42,5.68,D
22.26291,79.64443,343.61,0.54,0.51,2026-04-15,724,N21,VIIRS,l,2.0NRT,315.97,7.85,D
22.26804,80.18732,342.89,0.5,0.49,2026-04-15,724,N21,VIIRS,l,2.0NRT,314.22,3.14,D
22.27294,80.41571,350.57,0.48,0.48,2026-04-15,724,N21,VIIRS,n,2.0NRT,315.64,9.77,D
22.27351,79.2347,344.11,0.57,0.52,2026-04-15,724,N21,VIIRS,l,2.0NRT,318.5,16.9,D
22.27463,79.24011,347.93,0.57,0.52,2026-04-15,724,N21,VIIRS,n,2.0NRT,321.59,23.87,D
22.27819,79.23371,345.34,0.57,0.52,2026-04-15,724,N21,VIIRS,n,2.0NRT,319.5,13.13,D
22.27932,79.23911,349.74,0.57,0.52,2026-04-15,724,N21,VIIRS,n,2.0NRT,322.15,19.62,D
22.27942,78.27757,343.04,0.33,0.55,2026-04-15,724,N21,VIIRS,l,2.0NRT,316.24,2.8,D
22.28533,76.26121,350.62,0.44,0.62,2026-04-15,724,N21,VIIRS,n,2.0NRT,316.38,5.91,D
22.28625,79.24889,346.45,0.57,0.52,2026-04-15,724,N21,VIIRS,l,2.0NRT,318.98,14.72,D
22.28767,77.61507,367,0.36,0.58,2026-04-15,724,N21,VIIRS,h,2.0NRT,322.84,17.73,D
22.29094,79.24796,346.93,0.57,0.52,2026-04-15,724,N21,VIIRS,l,2.0NRT,319.33,14.42,D
22.29417,77.79305,348.86,0.35,0.57,2026-04-15,724,N21,VIIRS,n,2.0NRT,319.01,6.95,D
22.29763,78.24119,351.23,0.33,0.55,2026-04-15,724,N21,VIIRS,n,2.0NRT,320.95,7.34,D
22.29849,81.92741,338.88,0.39,0.44,2026-04-15,724,N21,VIIRS,l,2.0NRT,313.48,2,D
22.30669,79.46386,345.53,0.55,0.51,2026-04-15,724,N21,VIIRS,l,2.0NRT,319.49,16.31,D
22.31852,79.3811,346.09,0.56,0.51,2026-04-15,724,N21,VIIRS,l,2.0NRT,316.62,10.81,D
22.31958,79.3862,354.26,0.56,0.51,2026-04-15,724,N21,VIIRS,n,2.0NRT,316.3,13.19,D
22.32205,79.63068,343.91,0.54,0.51,2026-04-15,724,N21,VIIRS,l,2.0NRT,316.52,20.81,D
22.32258,79.63229,348,0.54,0.51,2026-04-15,724,N21,VIIRS,n,2.0NRT,317.89,17.81,D
22.34018,81.32858,346.37,0.42,0.45,2026-04-15,724,N21,VIIRS,n,2.0NRT,313.38,8.38,D
22.34556,81.87965,337.12,0.39,0.44,2026-04-15,724,N21,VIIRS,l,2.0NRT,311.33,5.16,D
22.34626,81.88332,348.36,0.39,0.44,2026-04-15,724,N21,VIIRS,n,2.0NRT,313.99,5.16,D
22.34967,85.27969,336.96,0.41,0.37,2026-04-15,724,N21,VIIRS,n,2.0NRT,309.1,2.14,D
22.35957,81.88828,348.72,0.39,0.44,2026-04-15,724,N21,VIIRS,n,2.0NRT,315.54,9.33,D
22.36695,76.13976,353.84,0.45,0.63,2026-04-15,724,N21,VIIRS,n,2.0NRT,314.09,11.11,D
22.36827,85.32909,335.76,0.41,0.37,2026-04-15,724,N21,VIIRS,l,2.0NRT,307.54,4.29,D
22.37781,79.80766,347.88,0.52,0.5,2026-04-15,724,N21,VIIRS,l,2.0NRT,320.76,77.97,D
22.40289,77.6399,352.67,0.36,0.57,2026-04-15,724,N21,VIIRS,n,2.0NRT,315.86,5.84,D
22.40479,79.80157,343.98,0.52,0.5,2026-04-15,724,N21,VIIRS,n,2.0NRT,313.9,9.7,D
22.4058,79.80651,346.78,0.52,0.5,2026-04-15,724,N21,VIIRS,n,2.0NRT,316.55,9.7,D
22.4083,79.79566,344.25,0.52,0.5,2026-04-15,724,N21,VIIRS,l,2.0NRT,317.13,8.93,D
22.4128,79.79468,345.57,0.52,0.5,2026-04-15,724,N21,VIIRS,l,2.0NRT,319.92,14.78,D
22.4173,79.79365,351.51,0.52,0.5,2026-04-15,724,N21,VIIRS,n,2.0NRT,318.29,14.78,D
22.42294,79.6334,345.82,0.53,0.5,2026-04-15,724,N21,VIIRS,l,2.0NRT,320.01,11.83,D
22.42927,79.71286,339.27,0.53,0.5,2026-04-15,724,N21,VIIRS,l,2.0NRT,313.43,12.44,D
22.42963,85.52251,350.61,0.4,0.37,2026-04-15,724,N21,VIIRS,n,2.0NRT,309.18,7.78,D
22.43026,79.71781,354.21,0.53,0.5,2026-04-15,724,N21,VIIRS,n,2.0NRT,317.9,12.44,D
22.43028,85.52638,344.99,0.4,0.37,2026-04-15,724,N21,VIIRS,n,2.0NRT,308.72,4.57,D
22.43433,79.57366,345.77,0.54,0.51,2026-04-15,724,N21,VIIRS,l,2.0NRT,319.35,12.28,D
22.43538,79.5787,355.32,0.54,0.51,2026-04-15,724,N21,VIIRS,n,2.0NRT,320.21,11.04,D
22.43642,79.5837,342.79,0.54,0.51,2026-04-15,724,N21,VIIRS,l,2.0NRT,317.51,11.04,D
22.43837,75.68646,338.93,0.48,0.64,2026-04-15,724,N21,VIIRS,l,2.0NRT,309.7,9.65,D
22.43866,75.68657,336.43,0.48,0.64,2026-04-15,724,N21,VIIRS,l,2.0NRT,309.67,9.65,D
22.43866,81.39795,349.22,0.42,0.45,2026-04-15,724,N21,VIIRS,n,2.0NRT,309.93,5.76,D
22.44763,76.41471,340.72,0.43,0.62,2026-04-15,724,N21,VIIRS,l,2.0NRT,313.57,7.63,D
22.45517,80.55347,347.26,0.47,0.48,2026-04-15,724,N21,VIIRS,n,2.0NRT,315.21,10.59,D
22.45536,79.70155,342.38,0.53,0.5,2026-04-15,724,N21,VIIRS,n,2.0NRT,310.89,5.98,D
22.45635,79.72564,342.62,0.53,0.5,2026-04-15,724,N21,VIIRS,l,2.0NRT,314.13,10.93,D
22.45671,79.70457,346.18,0.53,0.5,2026-04-15,724,N21,VIIRS,n,2.0NRT,318.59,13.73,D
22.45727,81.45164,343.81,0.41,0.45,2026-04-15,724,N21,VIIRS,n,2.0NRT,313.72,7.92,D
22.45969,85.34801,342.83,0.41,0.37,2026-04-15,724,N21,VIIRS,n,2.0NRT,310.99,6.39,D
22.47215,85.48668,339.32,0.41,0.37,2026-04-15,724,N21,VIIRS,l,2.0NRT,310.89,6.79,D
22.47642,85.53372,339.66,0.4,0.37,2026-04-15,724,N21,VIIRS,n,2.0NRT,309.47,3.23,D
22.47758,85.47764,343.58,0.41,0.37,2026-04-15,724,N21,VIIRS,l,2.0NRT,310.8,42.29,D
22.4812,85.52074,337.37,0.4,0.37,2026-04-15,724,N21,VIIRS,l,2.0NRT,310.92,6,D
22.48156,85.48083,340.1,0.41,0.37,2026-04-15,724,N21,VIIRS,l,2.0NRT,310.43,42.29,D
22.48547,85.56784,334.94,0.4,0.37,2026-04-15,724,N21,VIIRS,n,2.0NRT,308.98,1.83,D
22.49332,80.92525,346.59,0.44,0.46,2026-04-15,724,N21,VIIRS,n,2.0NRT,315.93,11.08,D
22.49879,85.50156,343.93,0.4,0.37,2026-04-15,724,N21,VIIRS,n,2.0NRT,310.04,5.44,D
22.50928,85.52342,339.72,0.4,0.37,2026-04-15,724,N21,VIIRS,n,2.0NRT,311.34,2.59,D
22.51234,79.53535,343.5,0.54,0.51,2026-04-15,724,N21,VIIRS,n,2.0NRT,318.19,6.29,D
22.51602,81.91913,337.23,0.39,0.44,2026-04-15,724,N21,VIIRS,l,2.0NRT,311.49,3.92,D
22.51924,82.84678,333.96,0.52,0.41,2026-04-15,724,N21,VIIRS,l,2.0NRT,304.44,3.45,D
22.54478,81.89727,338.75,0.39,0.44,2026-04-15,724,N21,VIIRS,n,2.0NRT,313.05,2.16,D
22.55003,79.88525,346.78,0.51,0.5,2026-04-15,724,N21,VIIRS,l,2.0NRT,320.26,9.72,D
22.551,79.89008,346.3,0.51,0.5,2026-04-15,724,N21,VIIRS,l,2.0NRT,320.23,9.72,D
22.55454,82.4052,336.62,0.55,0.42,2026-04-15,724,N21,VIIRS,l,2.0NRT,309.2,3.89,D
22.56167,80.17107,344.32,0.49,0.49,2026-04-15,724,N21,VIIRS,l,2.0NRT,318.31,11.23,D
22.56306,82.4082,345.87,0.54,0.42,2026-04-15,724,N21,VIIRS,n,2.0NRT,312.05,8.99,D
22.56327,80.29369,347.43,0.48,0.48,2026-04-15,724,N21,VIIRS,n,2.0NRT,315.91,12.01,D
22.56422,80.29581,343.26,0.48,0.48,2026-04-15,724,N21,VIIRS,l,2.0NRT,315.26,9.35,D
22.57287,85.89445,339.88,0.4,0.37,2026-04-15,724,N21,VIIRS,l,2.0NRT,312.73,6.97,D
22.57436,81.92935,338.35,0.39,0.44,2026-04-15,724,N21,VIIRS,n,2.0NRT,313.29,2.66,D
22.58094,82.2461,336.44,0.56,0.43,2026-04-15,724,N21,VIIRS,l,2.0NRT,311.26,6.89,D
22.59125,81.84529,346.26,0.39,0.44,2026-04-15,724,N21,VIIRS,n,2.0NRT,312.42,7.42,D
22.59336,81.85642,335.97,0.39,0.44,2026-04-15,724,N21,VIIRS,l,2.0NRT,310.21,4.05,D
22.59454,81.84091,339.89,0.39,0.44,2026-04-15,724,N21,VIIRS,l,2.0NRT,311.57,7.87,D
22.59805,83.59602,337.17,0.47,0.4,2026-04-15,724,N21,VIIRS,l,2.0NRT,311.51,3.1,D
22.59994,81.84771,341.65,0.39,0.44,2026-04-15,724,N21,VIIRS,n,2.0NRT,311.05,8.55,D
22.60394,73.69882,330.94,0.63,0.72,2026-04-15,724,N21,VIIRS,l,2.0NRT,303.51,2.17,D
22.61131,75.53802,347.47,0.48,0.65,2026-04-15,724,N21,VIIRS,n,2.0NRT,314.1,15.52,D
22.62972,81.94074,340.03,0.38,0.44,2026-04-15,724,N21,VIIRS,l,2.0NRT,312.83,3.06,D
22.63402,85.63958,347.89,0.4,0.37,2026-04-15,724,N21,VIIRS,n,2.0NRT,314.88,7.12,D
22.63567,78.82191,340.9,0.6,0.53,2026-04-15,724,N21,VIIRS,l,2.0NRT,313.05,3.87,D
22.65218,79.12075,346.96,0.57,0.52,2026-04-15,724,N21,VIIRS,l,2.0NRT,319.66,11.88,D
22.65497,79.12355,344.4,0.57,0.52,2026-04-15,724,N21,VIIRS,l,2.0NRT,318.94,11.88,D
22.65962,77.18507,340.4,0.38,0.59,2026-04-15,724,N21,VIIRS,l,2.0NRT,312.99,2.62,D
22.66409,82.23319,341.84,0.56,0.43,2026-04-15,724,N21,VIIRS,l,2.0NRT,312.99,5.79,D
22.66731,78.33447,367,0.32,0.55,2026-04-15,724,N21,VIIRS,h,2.0NRT,319.62,9.45,D
22.67462,76.29369,346.21,0.43,0.62,2026-04-15,724,N21,VIIRS,l,2.0NRT,316.23,7.25,D
22.7058,74.95135,341.91,0.52,0.67,2026-04-15,724,N21,VIIRS,l,2.0NRT,314.23,9.5,D
22.70751,74.95145,344.33,0.52,0.67,2026-04-15,724,N21,VIIRS,n,2.0NRT,313.3,9.9,D
22.71112,76.12712,367,0.44,0.62,2026-04-15,724,N21,VIIRS,h,2.0NRT,314.39,19.19,D
22.71191,85.40573,339.53,0.41,0.37,2026-04-15,724,N21,VIIRS,n,2.0NRT,310.95,4.43,D
22.72718,75.72335,341.78,0.47,0.64,2026-04-15,724,N21,VIIRS,n,2.0NRT,309.29,3.76,D
22.72821,75.72778,339.72,0.47,0.64,2026-04-15,724,N21,VIIRS,l,2.0NRT,311.77,8.38,D
22.74358,78.83739,343.34,0.59,0.53,2026-04-15,724,N21,VIIRS,n,2.0NRT,316.06,9.35,D
22.75232,75.38799,349.76,0.49,0.65,2026-04-15,724,N21,VIIRS,n,2.0NRT,315.86,6.65,D
22.75339,75.39254,339.9,0.49,0.65,2026-04-15,724,N21,VIIRS,l,2.0NRT,313.68,6.65,D
22.75551,85.38515,336.76,0.41,0.37,2026-04-15,724,N21,VIIRS,n,2.0NRT,308.45,3.7,D
22.7769,75.30815,354.34,0.5,0.65,2026-04-15,724,N21,VIIRS,n,2.0NRT,316.41,28.99,D
22.77798,75.3128,343.16,0.49,0.65,2026-04-15,724,N21,VIIRS,n,2.0NRT,312.8,19.85,D
22.78212,77.44207,346.39,0.36,0.58,2026-04-15,724,N21,VIIRS,n,2.0NRT,317.06,8.37,D
22.78728,77.44083,367,0.36,0.58,2026-04-15,724,N21,VIIRS,h,2.0NRT,316.2,8.37,D
22.80636,85.86256,341.1,0.4,0.37,2026-04-15,724,N21,VIIRS,n,2.0NRT,309.42,2.69,D
22.81293,76.24674,354.65,0.43,0.62,2026-04-15,724,N21,VIIRS,n,2.0NRT,310.85,5.5,D
22.81363,75.64915,340.64,0.47,0.64,2026-04-15,724,N21,VIIRS,l,2.0NRT,314.52,10.23,D
22.84208,75.45625,343.8,0.48,0.65,2026-04-15,724,N21,VIIRS,n,2.0NRT,313.18,6.71,D
22.84276,83.72197,337.42,0.46,0.39,2026-04-15,724,N21,VIIRS,l,2.0NRT,306.96,2.67,D
22.84698,75.455,346.13,0.48,0.65,2026-04-15,724,N21,VIIRS,n,2.0NRT,314.16,6.96,D
22.8494,75.01643,338.53,0.51,0.66,2026-04-15,724,N21,VIIRS,l,2.0NRT,312.25,6.29,D
22.85764,85.62954,335.86,0.4,0.37,2026-04-15,724,N21,VIIRS,l,2.0NRT,308.28,4.16,D
22.85778,76.72136,343.02,0.4,0.6,2026-04-15,724,N21,VIIRS,l,2.0NRT,315.19,9.91,D
22.86203,73.88579,333.1,0.61,0.71,2026-04-15,724,N21,VIIRS,l,2.0NRT,304.32,4.44,D
22.86352,84.07095,336.97,0.45,0.39,2026-04-15,724,N21,VIIRS,l,2.0NRT,307.67,3.1,D
22.8724,72.21434,334.53,0.77,0.77,2026-04-15,724,N21,VIIRS,l,2.0NRT,308.19,7.17,D
22.88124,76.69926,350.58,0.4,0.6,2026-04-15,724,N21,VIIRS,n,2.0NRT,315.87,9.41,D
22.88505,76.43406,344.34,0.42,0.61,2026-04-15,724,N21,VIIRS,n,2.0NRT,314.56,5.35,D
22.88639,84.03529,335.72,0.45,0.39,2026-04-15,724,N21,VIIRS,n,2.0NRT,310.22,3.27,D
22.88668,80.56227,345.23,0.46,0.47,2026-04-15,724,N21,VIIRS,n,2.0NRT,318.22,7.71,D
22.88713,84.03957,338.8,0.45,0.39,2026-04-15,724,N21,VIIRS,n,2.0NRT,310.36,4.91,D
22.90259,76.05746,336.09,0.44,0.62,2026-04-15,724,N21,VIIRS,l,2.0NRT,309.11,5.29,D
22.90367,77.34753,341.08,0.37,0.58,2026-04-15,724,N21,VIIRS,l,2.0NRT,313.64,6.91,D
22.90779,76.45789,367,0.42,0.61,2026-04-15,724,N21,VIIRS,h,2.0NRT,317.88,9.25,D
22.91233,85.80082,333.3,0.4,0.37,2026-04-15,724,N21,VIIRS,l,2.0NRT,304.56,5.51,D
22.91317,76.71519,341.62,0.4,0.6,2026-04-15,724,N21,VIIRS,l,2.0NRT,316.44,6.81,D
22.91355,85.80833,335.16,0.4,0.37,2026-04-15,724,N21,VIIRS,n,2.0NRT,308.23,9.21,D
22.91409,75.32104,335.91,0.49,0.65,2026-04-15,724,N21,VIIRS,l,2.0NRT,310.34,1.56,D
22.91866,83.61504,339.37,0.47,0.4,2026-04-15,724,N21,VIIRS,n,2.0NRT,308.09,3.9,D
22.92375,77.38956,367,0.36,0.58,2026-04-15,724,N21,VIIRS,h,2.0NRT,318.39,9.85,D
22.92893,77.38837,350.88,0.36,0.58,2026-04-15,724,N21,VIIRS,n,2.0NRT,314.33,9.85,D
22.92932,84.34673,344.6,0.44,0.38,2026-04-15,724,N21,VIIRS,l,2.0NRT,309.7,5.67,D
22.93234,82.41225,338.26,0.54,0.42,2026-04-15,724,N21,VIIRS,l,2.0NRT,312.54,3.29,D
22.93457,84.08311,335,0.45,0.39,2026-04-15,724,N21,VIIRS,l,2.0NRT,308.97,3.81,D
22.94128,76.40174,348.33,0.42,0.61,2026-04-15,724,N21,VIIRS,n,2.0NRT,312.32,6.95,D
22.94158,76.40289,347.3,0.42,0.61,2026-04-15,724,N21,VIIRS,n,2.0NRT,311.66,3.58,D
22.94393,83.10012,339.01,0.5,0.41,2026-04-15,724,N21,VIIRS,l,2.0NRT,311.36,3.86,D
22.95398,81.87391,342.46,0.38,0.43,2026-04-15,724,N21,VIIRS,n,2.0NRT,309.56,1.85,D
22.96031,75.96156,349.49,0.45,0.63,2026-04-15,724,N21,VIIRS,n,2.0NRT,309.72,6.43,D
22.9605,77.5337,341.64,0.35,0.57,2026-04-15,724,N21,VIIRS,l,2.0NRT,316.07,7.9,D
22.96353,75.96134,353.36,0.45,0.63,2026-04-15,724,N21,VIIRS,n,2.0NRT,310.4,7.28,D
22.96417,80.57783,342.46,0.46,0.47,2026-04-15,724,N21,VIIRS,l,2.0NRT,312.65,10.03,D
22.96455,77.075,346.78,0.38,0.59,2026-04-15,724,N21,VIIRS,n,2.0NRT,317.16,5.9,D
22.9647,77.37318,341.57,0.36,0.58,2026-04-15,724,N21,VIIRS,l,2.0NRT,315.24,3.58,D
22.96584,75.49239,340.94,0.48,0.64,2026-04-15,724,N21,VIIRS,n,2.0NRT,312.79,5.03,D
22.96774,76.2387,344.17,0.43,0.62,2026-04-15,724,N21,VIIRS,n,2.0NRT,310.94,8.45,D
22.96866,76.24271,354.64,0.43,0.62,2026-04-15,724,N21,VIIRS,n,2.0NRT,311.07,9.52,D
22.97326,76.2373,344.7,0.43,0.62,2026-04-15,724,N21,VIIRS,n,2.0NRT,313.27,7.84,D
22.97384,78.03284,338.67,0.33,0.55,2026-04-15,724,N21,VIIRS,l,2.0NRT,313.67,4.5,D
22.9797,76.23991,336.12,0.43,0.62,2026-04-15,724,N21,VIIRS,l,2.0NRT,310.82,7.69,D
22.98354,84.04797,348.05,0.45,0.39,2026-04-15,724,N21,VIIRS,n,2.0NRT,310.47,7.75,D
22.99452,84.09027,345.6,0.45,0.39,2026-04-15,724,N21,VIIRS,n,2.0NRT,309,2.53,D
22.99661,85.54326,337.03,0.4,0.37,2026-04-15,724,N21,VIIRS,l,2.0NRT,310.97,1.53,D
22.99839,76.20027,343.89,0.43,0.62,2026-04-15,724,N21,VIIRS,n,2.0NRT,311.85,2.39,D
22.9993,77.20805,351.64,0.37,0.58,2026-04-15,724,N21,VIIRS,n,2.0NRT,316.57,10.96,D
23.00003,76.20077,345.89,0.43,0.62,2026-04-15,724,N21,VIIRS,n,2.0NRT,312.43,4.92,D
23.00033,76.23365,342.21,0.43,0.62,2026-04-15,724,N21,VIIRS,n,2.0NRT,314.11,6.18,D
23.00201,79.81281,352.14,0.51,0.49,2026-04-15,724,N21,VIIRS,l,2.0NRT,323.66,28.91,D
23.00905,79.78764,355.54,0.51,0.49,2026-04-15,724,N21,VIIRS,n,2.0NRT,321.74,23.69,D
23.01056,82.30767,337.5,0.54,0.42,2026-04-15,724,N21,VIIRS,l,2.0NRT,311.14,4.2,D
23.01396,77.5952,345.62,0.35,0.57,2026-04-15,724,N21,VIIRS,n,2.0NRT,315.54,5.89,D
23.01469,77.59851,350.96,0.35,0.57,2026-04-15,724,N21,VIIRS,n,2.0NRT,315.47,5.89,D
23.01542,77.60181,367,0.35,0.57,2026-04-15,724,N21,VIIRS,h,2.0NRT,318.1,9.09,D
23.01585,84.31766,337.33,0.44,0.38,2026-04-15,724,N21,VIIRS,l,2.0NRT,310.45,4.44,D
23.01615,77.60512,341.42,0.35,0.57,2026-04-15,724,N21,VIIRS,n,2.0NRT,316.35,9.09,D
23.01645,73.86798,331.88,0.6,0.71,2026-04-15,724,N21,VIIRS,l,2.0NRT,303.51,3.25,D
23.02777,84.4282,340.18,0.43,0.38,2026-04-15,724,N21,VIIRS,n,2.0NRT,307.25,2.29,D
23.02902,75.39978,367,0.48,0.65,2026-04-15,724,N21,VIIRS,h,2.0NRT,314.7,31.87,D
23.02971,75.39919,367,0.48,0.65,2026-04-15,724,N21,VIIRS,h,2.0NRT,314.3,30.75,D
23.03137,77.55244,349.9,0.35,0.57,2026-04-15,724,N21,VIIRS,l,2.0NRT,320.13,22.37,D
23.03211,77.55576,351.77,0.35,0.57,2026-04-15,724,N21,VIIRS,n,2.0NRT,316.28,17.47,D
23.03358,77.61129,345.35,0.35,0.57,2026-04-15,724,N21,VIIRS,n,2.0NRT,316.16,7.66,D
23.03431,77.6146,367,0.35,0.57,2026-04-15,724,N21,VIIRS,h,2.0NRT,320.44,7.66,D
23.03647,77.55119,345.71,0.35,0.57,2026-04-15,724,N21,VIIRS,l,2.0NRT,319.73,11.07,D
23.03866,77.61004,343.44,0.35,0.57,2026-04-15,724,N21,VIIRS,n,2.0NRT,316.94,8.36,D
23.03911,75.49232,342.42,0.48,0.64,2026-04-15,724,N21,VIIRS,n,2.0NRT,311.94,10.46,D
23.03982,77.8325,340.23,0.34,0.56,2026-04-15,724,N21,VIIRS,l,2.0NRT,313.88,2.34,D
23.04881,81.88184,340.32,0.57,0.43,2026-04-15,724,N21,VIIRS,n,2.0NRT,314.09,4.42,D
23.05224,87.05506,333.71,0.38,0.36,2026-04-15,724,N21,VIIRS,l,2.0NRT,308.62,1.67,D
23.05252,77.45194,350.75,0.36,0.57,2026-04-15,724,N21,VIIRS,n,2.0NRT,317.53,7.07,D
23.05499,83.5996,335.85,0.47,0.4,2026-04-15,724,N21,VIIRS,l,2.0NRT,310.67,3.07,D
23.06061,81.063,344.73,0.43,0.46,2026-04-15,724,N21,VIIRS,n,2.0NRT,314.2,9.88,D
23.06155,84.41704,336.13,0.43,0.38,2026-04-15,724,N21,VIIRS,l,2.0NRT,306.37,3.91,D
23.06187,76.3485,336.28,0.42,0.61,2026-04-15,724,N21,VIIRS,l,2.0NRT,308.4,2.09,D
23.06278,87.07982,338.09,0.38,0.36,2026-04-15,724,N21,VIIRS,n,2.0NRT,308.58,4.78,D
23.06491,77.509,347.06,0.35,0.57,2026-04-15,724,N21,VIIRS,n,2.0NRT,313.7,3.76,D
23.06559,72.62528,341.28,0.72,0.75,2026-04-15,724,N21,VIIRS,n,2.0NRT,304.11,10.39,D
23.06564,77.51233,341.94,0.35,0.57,2026-04-15,724,N21,VIIRS,l,2.0NRT,314.84,4.47,D
23.06636,77.51568,350.67,0.35,0.57,2026-04-15,724,N21,VIIRS,n,2.0NRT,315.89,4.47,D
23.06736,81.87212,340.42,0.57,0.43,2026-04-15,724,N21,VIIRS,l,2.0NRT,314.59,10.6,D
23.07001,77.50771,353.8,0.35,0.57,2026-04-15,724,N21,VIIRS,n,2.0NRT,315.64,4.6,D
23.07128,81.87126,340.42,0.57,0.43,2026-04-15,724,N21,VIIRS,l,2.0NRT,312.66,7.53,D
23.07146,77.51439,349.75,0.35,0.57,2026-04-15,724,N21,VIIRS,n,2.0NRT,316.43,7.85,D
23.07209,80.43594,343.76,0.46,0.47,2026-04-15,724,N21,VIIRS,l,2.0NRT,316.54,33.66,D
23.0733,77.51392,345.17,0.35,0.57,2026-04-15,724,N21,VIIRS,n,2.0NRT,315.42,5.89,D
23.07343,85.59246,352.99,0.4,0.37,2026-04-15,724,N21,VIIRS,n,2.0NRT,311.47,7.27,D
23.07676,85.5918,340.63,0.4,0.37,2026-04-15,724,N21,VIIRS,l,2.0NRT,311.5,3.5,D
23.07956,76.65643,344.9,0.4,0.6,2026-04-15,724,N21,VIIRS,l,2.0NRT,317.06,8.88,D
23.08076,75.5144,367,0.47,0.64,2026-04-15,724,N21,VIIRS,h,2.0NRT,312.15,9.05,D
23.08087,75.51471,367,0.47,0.64,2026-04-15,724,N21,VIIRS,h,2.0NRT,311.66,9.23,D
23.08272,84.05189,337.59,0.45,0.39,2026-04-15,724,N21,VIIRS,n,2.0NRT,307.89,6.57,D
23.08589,73.29906,338.18,0.65,0.73,2026-04-15,724,N21,VIIRS,n,2.0NRT,303.44,7.45,D
23.08621,84.05111,367,0.45,0.39,2026-04-15,724,N21,VIIRS,h,2.0NRT,308.32,6.57,D
23.08657,77.08477,346.29,0.38,0.58,2026-04-15,724,N21,VIIRS,n,2.0NRT,317.45,10.26,D
23.08658,75.82684,343.21,0.45,0.63,2026-04-15,724,N21,VIIRS,n,2.0NRT,308.88,3.72,D
23.08737,77.08832,367,0.38,0.58,2026-04-15,724,N21,VIIRS,h,2.0NRT,318.83,10.26,D
23.08758,77.0864,367,0.38,0.58,2026-04-15,724,N21,VIIRS,h,2.0NRT,318.67,9.97,D
23.08836,77.08996,353.63,0.38,0.58,2026-04-15,724,N21,VIIRS,n,2.0NRT,316.35,9.97,D
23.09012,84.09441,334.15,0.44,0.39,2026-04-15,724,N21,VIIRS,l,2.0NRT,306.79,2.14,D
23.09669,83.98617,342.38,0.45,0.39,2026-04-15,724,N21,VIIRS,n,2.0NRT,311.43,4.77,D
23.09813,84.40118,335.2,0.43,0.38,2026-04-15,724,N21,VIIRS,l,2.0NRT,308.12,3.36,D
23.10021,83.9855,343.04,0.45,0.39,2026-04-15,724,N21,VIIRS,n,2.0NRT,310.9,6.24,D
23.10221,76.12325,338.3,0.43,0.62,2026-04-15,724,N21,VIIRS,l,2.0NRT,312.44,7.16,D
23.10324,76.27574,342.52,0.42,0.61,2026-04-15,724,N21,VIIRS,l,2.0NRT,313.98,5.52,D
23.10439,76.12621,343.22,0.43,0.62,2026-04-15,724,N21,VIIRS,n,2.0NRT,312.8,9.25,D
23.10712,75.62927,343.07,0.47,0.64,2026-04-15,724,N21,VIIRS,n,2.0NRT,312.53,8,D
23.10797,75.62927,341.87,0.46,0.64,2026-04-15,724,N21,VIIRS,n,2.0NRT,311.51,8.24,D
23.11104,76.06013,344.03,0.44,0.62,2026-04-15,724,N21,VIIRS,n,2.0NRT,311.37,4.52,D
23.11198,75.26169,341.47,0.49,0.65,2026-04-15,724,N21,VIIRS,n,2.0NRT,310.57,2.9,D
23.11336,75.26147,341.87,0.49,0.65,2026-04-15,724,N21,VIIRS,n,2.0NRT,310.48,3.13,D
23.11395,77.90673,348.29,0.33,0.56,2026-04-15,724,N21,VIIRS,n,2.0NRT,314.64,3.42,D
23.11469,75.63213,333.63,0.46,0.64,2026-04-15,724,N21,VIIRS,n,2.0NRT,306.97,7.52,D
23.11573,75.63652,367,0.46,0.64,2026-04-15,724,N21,VIIRS,h,2.0NRT,312.26,13.27,D
23.11614,75.66871,367,0.46,0.64,2026-04-15,724,N21,VIIRS,h,2.0NRT,315.85,26.53,D
23.11725,75.66856,367,0.46,0.64,2026-04-15,724,N21,VIIRS,h,2.0NRT,315.99,32.47,D
23.11747,83.87461,344,0.45,0.39,2026-04-15,724,N21,VIIRS,n,2.0NRT,309.1,5.68,D
23.11827,75.6729,336.95,0.46,0.64,2026-04-15,724,N21,VIIRS,n,2.0NRT,310.97,14.84,D
23.12608,75.62915,367,0.46,0.64,2026-04-15,724,N21,VIIRS,h,2.0NRT,313,20.85,D
23.12969,84.05108,333.84,0.45,0.39,2026-04-15,724,N21,VIIRS,l,2.0NRT,306.41,1.49,D
23.13059,75.0268,343.62,0.51,0.66,2026-04-15,724,N21,VIIRS,n,2.0NRT,312.2,7.82,D
23.13668,74.51303,334.72,0.55,0.68,2026-04-15,724,N21,VIIRS,l,2.0NRT,308.99,4.96,D
23.14236,83.9332,337.7,0.45,0.39,2026-04-15,724,N21,VIIRS,l,2.0NRT,309.74,3.95,D
23.14589,78.22182,347.84,0.64,0.54,2026-04-15,724,N21,VIIRS,n,2.0NRT,317.86,12.52,D
23.14715,78.22765,343.03,0.63,0.54,2026-04-15,724,N21,VIIRS,n,2.0NRT,315.86,10.11,D
23.14939,76.58079,346.17,0.4,0.6,2026-04-15,724,N21,VIIRS,n,2.0NRT,312.48,10.85,D
23.15025,76.58459,367,0.4,0.6,2026-04-15,724,N21,VIIRS,h,2.0NRT,313.67,12.92,D
23.15116,76.13204,348.25,0.43,0.62,2026-04-15,724,N21,VIIRS,n,2.0NRT,311.42,5.22,D
23.15796,83.93907,335.06,0.45,0.39,2026-04-15,724,N21,VIIRS,n,2.0NRT,308.12,3.23,D
23.16419,83.66131,338.61,0.46,0.39,2026-04-15,724,N21,VIIRS,n,2.0NRT,309.4,4.41,D
23.1656,77.19134,341.92,0.37,0.58,2026-04-15,724,N21,VIIRS,l,2.0NRT,316.65,5.79,D
23.1663,82.34274,344.2,0.54,0.42,2026-04-15,724,N21,VIIRS,l,2.0NRT,316.53,11.53,D
23.18026,77.25726,353.33,0.37,0.58,2026-04-15,724,N21,VIIRS,n,2.0NRT,318.05,12.12,D
23.18103,77.26071,342.9,0.36,0.58,2026-04-15,724,N21,VIIRS,l,2.0NRT,316.65,11.8,D
23.18179,77.26416,352.32,0.36,0.58,2026-04-15,724,N21,VIIRS,n,2.0NRT,316.33,11.8,D
23.18255,77.2676,367,0.36,0.58,2026-04-15,724,N21,VIIRS,h,2.0NRT,314.92,18.79,D
23.18745,83.7524,340.54,0.46,0.39,2026-04-15,724,N21,VIIRS,l,2.0NRT,312.3,6.35,D
23.18895,84.21943,339.49,0.44,0.38,2026-04-15,724,N21,VIIRS,n,2.0NRT,310.81,2.74,D
23.18953,77.62814,367,0.35,0.56,2026-04-15,724,N21,VIIRS,h,2.0NRT,319.04,14.38,D
23.18964,77.96706,367,0.33,0.55,2026-04-15,724,N21,VIIRS,h,2.0NRT,319.43,7.53,D
23.19041,81.75217,354.32,0.39,0.44,2026-04-15,724,N21,VIIRS,n,2.0NRT,320.89,19.69,D
23.1906,77.25465,349.21,0.37,0.58,2026-04-15,724,N21,VIIRS,n,2.0NRT,318.47,7.74,D
23.19095,77.63466,341.56,0.35,0.56,2026-04-15,724,N21,VIIRS,l,2.0NRT,314.83,7,D
23.1941,75.66225,367,0.46,0.64,2026-04-15,724,N21,VIIRS,h,2.0NRT,312.69,13.5,D
23.1953,75.66127,367,0.46,0.64,2026-04-15,724,N21,VIIRS,h,2.0NRT,313.64,14.44,D
23.19823,77.61911,346.86,0.35,0.56,2026-04-15,724,N21,VIIRS,n,2.0NRT,314.53,9.33,D
23.226,83.74636,338.4,0.46,0.39,2026-04-15,724,N21,VIIRS,l,2.0NRT,311.57,7.26,D
23.22665,83.83259,335.68,0.45,0.39,2026-04-15,724,N21,VIIRS,l,2.0NRT,308.58,2.22,D
23.22799,75.46622,355.64,0.47,0.64,2026-04-15,724,N21,VIIRS,n,2.0NRT,312.12,13.41,D
23.23315,85.09735,343.45,0.41,0.37,2026-04-15,724,N21,VIIRS,l,2.0NRT,311.01,6.44,D
23.23563,83.59274,339.34,0.47,0.39,2026-04-15,724,N21,VIIRS,l,2.0NRT,312.55,5.78,D
23.2385,80.28281,353.68,0.47,0.48,2026-04-15,724,N21,VIIRS,n,2.0NRT,320.9,12.39,D
23.25046,85.38046,338.16,0.4,0.37,2026-04-15,724,N21,VIIRS,n,2.0NRT,310.52,1.6,D
23.25334,77.75674,345.58,0.34,0.56,2026-04-15,724,N21,VIIRS,n,2.0NRT,313.63,5.11,D
23.25404,77.75995,346.39,0.34,0.56,2026-04-15,724,N21,VIIRS,n,2.0NRT,316.21,7.03,D
23.25424,75.6043,339.47,0.46,0.64,2026-04-15,724,N21,VIIRS,l,2.0NRT,310.04,5.28,D
23.25521,85.14605,346.46,0.41,0.37,2026-04-15,724,N21,VIIRS,n,2.0NRT,311.69,4.96,D
23.25525,75.60864,335.84,0.46,0.64,2026-04-15,724,N21,VIIRS,l,2.0NRT,310.01,6.18,D
23.25536,84.39635,337.88,0.43,0.38,2026-04-15,724,N21,VIIRS,l,2.0NRT,308.37,3.92,D
23.25668,78.80694,344.25,0.58,0.52,2026-04-15,724,N21,VIIRS,n,2.0NRT,316.64,9.25,D
23.25742,85.09681,340.77,0.41,0.37,2026-04-15,724,N21,VIIRS,l,2.0NRT,311.79,3.22,D
23.26622,84.05665,340.62,0.44,0.39,2026-04-15,724,N21,VIIRS,n,2.0NRT,307.3,2.76,D
23.2668,90.0313,336.19,0.45,0.39,2026-04-15,724,N21,VIIRS,l,2.0NRT,306.46,6.36,D
23.26724,89.68072,347.68,0.43,0.38,2026-04-15,724,N21,VIIRS,n,2.0NRT,309.74,10.23,D
23.26805,76.51849,340.44,0.41,0.6,2026-04-15,724,N21,VIIRS,l,2.0NRT,314.24,5.26,D
23.27412,85.54688,342.12,0.4,0.37,2026-04-15,724,N21,VIIRS,n,2.0NRT,312.19,4.6,D
23.27835,76.02937,367,0.43,0.62,2026-04-15,724,N21,VIIRS,h,2.0NRT,312.27,8.92,D
23.28016,91.68299,335.09,0.53,0.42,2026-04-15,724,N21,VIIRS,n,2.0NRT,301.48,50.57,D
23.28279,85.14486,337.85,0.41,0.37,2026-04-15,724,N21,VIIRS,l,2.0NRT,312.26,2.08,D
23.284,91.68241,344.32,0.53,0.42,2026-04-15,724,N21,VIIRS,n,2.0NRT,302.03,50.57,D
23.28625,85.12385,346.57,0.41,0.37,2026-04-15,724,N21,VIIRS,n,2.0NRT,312.18,6.95,D
23.29078,84.19682,335.68,0.44,0.38,2026-04-15,724,N21,VIIRS,n,2.0NRT,305.92,1.98,D
23.29327,84.19907,331.32,0.44,0.38,2026-04-15,724,N21,VIIRS,l,2.0NRT,305.97,2.21,D
23.29421,91.6704,333.82,0.53,0.42,2026-04-15,724,N21,VIIRS,n,2.0NRT,301.08,13.79,D
23.29555,78.78063,347.55,0.58,0.52,2026-04-15,724,N21,VIIRS,n,2.0NRT,319.13,13.77,D
23.29757,80.39902,343.34,0.46,0.47,2026-04-15,724,N21,VIIRS,n,2.0NRT,318.06,7.58,D
23.29807,75.29799,349.29,0.48,0.65,2026-04-15,724,N21,VIIRS,n,2.0NRT,310.04,5.88,D
23.29882,75.3791,342.72,0.48,0.64,2026-04-15,724,N21,VIIRS,n,2.0NRT,308.22,3.5,D
23.29941,90.35741,334.92,0.46,0.39,2026-04-15,724,N21,VIIRS,n,2.0NRT,304.74,5.45,D
23.30109,75.54586,338.87,0.47,0.64,2026-04-15,724,N21,VIIRS,l,2.0NRT,310.79,4.91,D
23.30414,75.45322,334.37,0.47,0.64,2026-04-15,724,N21,VIIRS,l,2.0NRT,308.31,4.13,D
23.30552,77.27837,345.12,0.36,0.58,2026-04-15,724,N21,VIIRS,l,2.0NRT,315.42,3.69,D
23.31012,77.20048,354.84,0.37,0.58,2026-04-15,724,N21,VIIRS,n,2.0NRT,316.44,7.35,D
23.31018,76.65562,341.44,0.4,0.6,2026-04-15,724,N21,VIIRS,n,2.0NRT,315.35,12.18,D
23.31102,76.65935,367,0.4,0.6,2026-04-15,724,N21,VIIRS,h,2.0NRT,317.45,12.18,D
23.31345,76.03652,338.31,0.43,0.62,2026-04-15,724,N21,VIIRS,l,2.0NRT,313.31,4.49,D
23.31459,75.08707,367,0.5,0.66,2026-04-15,724,N21,VIIRS,h,2.0NRT,313.34,13.06,D
23.31469,76.65051,342.73,0.4,0.6,2026-04-15,724,N21,VIIRS,l,2.0NRT,315.17,12.36,D
23.31961,87.33535,347.71,0.38,0.36,2026-04-15,724,N21,VIIRS,n,2.0NRT,313.62,5.25,D
23.31963,78.03458,367,0.32,0.55,2026-04-15,724,N21,VIIRS,h,2.0NRT,319.68,9.77,D
23.32085,76.56861,344.56,0.4,0.6,2026-04-15,724,N21,VIIRS,l,2.0NRT,315.26,8.61,D
23.32289,87.33477,347.6,0.38,0.36,2026-04-15,724,N21,VIIRS,n,2.0NRT,316.01,8.67,D
23.32388,78.0303,352.35,0.32,0.55,2026-04-15,724,N21,VIIRS,n,2.0NRT,318.45,9.31,D
23.32455,78.03339,367,0.32,0.55,2026-04-15,724,N21,VIIRS,h,2.0NRT,320.66,9.77,D
23.32458,75.70029,348.77,0.46,0.63,2026-04-15,724,N21,VIIRS,n,2.0NRT,308.62,5.29,D
23.32571,75.69755,337.59,0.45,0.63,2026-04-15,724,N21,VIIRS,l,2.0NRT,309.11,9.76,D
23.32672,91.99282,343.56,0.56,0.43,2026-04-15,724,N21,VIIRS,n,2.0NRT,298.96,7.29,D
23.32802,76.19655,339.34,0.42,0.61,2026-04-15,724,N21,VIIRS,l,2.0NRT,314.01,8.73,D
23.32808,76.19942,342,0.42,0.61,2026-04-15,724,N21,VIIRS,l,2.0NRT,314.13,9.13,D
23.3289,76.20042,343.16,0.42,0.61,2026-04-15,724,N21,VIIRS,n,2.0NRT,313.92,8.32,D
23.33014,78.03526,344.93,0.32,0.55,2026-04-15,724,N21,VIIRS,n,2.0NRT,316.9,12.31,D
23.33023,75.69881,343.08,0.46,0.63,2026-04-15,724,N21,VIIRS,n,2.0NRT,311.88,5.29,D
23.33081,78.03833,367,0.32,0.55,2026-04-15,724,N21,VIIRS,h,2.0NRT,323.64,26.77,D
23.33181,75.75775,347.03,0.45,0.63,2026-04-15,724,N21,VIIRS,n,2.0NRT,310.88,5.22,D
23.3333,75.75482,337.54,0.45,0.63,2026-04-15,724,N21,VIIRS,l,2.0NRT,311.28,5.99,D
23.33418,76.57718,344.23,0.4,0.6,2026-04-15,724,N21,VIIRS,n,2.0NRT,314.13,6.45,D
23.33432,75.75912,355.32,0.45,0.63,2026-04-15,724,N21,VIIRS,n,2.0NRT,313.43,5.99,D
23.33747,75.75643,348.78,0.45,0.63,2026-04-15,724,N21,VIIRS,n,2.0NRT,313.54,7.98,D
23.33842,91.9909,342.77,0.56,0.43,2026-04-15,724,N21,VIIRS,n,2.0NRT,301.15,20.95,D
23.33924,91.99449,333.66,0.56,0.43,2026-04-15,724,N21,VIIRS,n,2.0NRT,300.88,14.21,D
23.34096,77.94152,367,0.33,0.55,2026-04-15,724,N21,VIIRS,h,2.0NRT,318.39,8.69,D
23.34155,75.92908,344.29,0.44,0.62,2026-04-15,724,N21,VIIRS,l,2.0NRT,314.51,5.91,D
23.34644,92.18503,337.47,0.57,0.43,2026-04-15,724,N21,VIIRS,n,2.0NRT,302.36,12.31,D
23.34711,79.60303,351.88,0.52,0.5,2026-04-15,724,N21,VIIRS,n,2.0NRT,322.54,17.81,D
23.34789,75.43221,345.64,0.47,0.64,2026-04-15,724,N21,VIIRS,n,2.0NRT,308.41,5.63,D
23.34813,79.60796,367,0.51,0.5,2026-04-15,724,N21,VIIRS,h,2.0NRT,321.77,17.81,D
23.34823,76.48896,344.28,0.41,0.6,2026-04-15,724,N21,VIIRS,n,2.0NRT,314.12,6.54,D
23.35056,79.59699,349.08,0.52,0.5,2026-04-15,724,N21,VIIRS,l,2.0NRT,322.03,15.94,D
23.35178,92.29495,367,0.39,0.44,2026-04-15,724,N21,VIIRS,h,2.0NRT,340.4,83.66,D
23.35223,92.29867,338.42,0.39,0.44,2026-04-15,724,N21,VIIRS,n,2.0NRT,299.72,83.66,D
23.35266,92.30217,352.92,0.39,0.44,2026-04-15,724,N21,VIIRS,n,2.0NRT,303.27,143.48,D
23.35309,92.30577,335.84,0.39,0.44,2026-04-15,724,N21,VIIRS,n,2.0NRT,299.88,143.48,D
23.35398,92.3131,343.08,0.39,0.44,2026-04-15,724,N21,VIIRS,n,2.0NRT,299.84,12.13,D
23.35424,75.35478,336.97,0.48,0.65,2026-04-15,724,N21,VIIRS,n,2.0NRT,307.82,9.15,D
23.35508,75.3588,367,0.48,0.64,2026-04-15,724,N21,VIIRS,h,2.0NRT,312.96,17.98,D
23.3553,75.35933,367,0.48,0.64,2026-04-15,724,N21,VIIRS,h,2.0NRT,312.85,15.72,D
23.3553,92.29058,338.48,0.39,0.44,2026-04-15,724,N21,VIIRS,n,2.0NRT,297.34,4.74,D
23.35576,92.29439,344.43,0.39,0.44,2026-04-15,724,N21,VIIRS,n,2.0NRT,302.11,6.65,D
23.35664,77.51028,345.08,0.35,0.57,2026-04-15,724,N21,VIIRS,n,2.0NRT,315.74,5.87,D
23.35738,77.51363,340.36,0.35,0.57,2026-04-15,724,N21,VIIRS,l,2.0NRT,314.18,8.76,D
23.35761,75.68021,345.19,0.46,0.63,2026-04-15,724,N21,VIIRS,n,2.0NRT,312.29,5.98,D
23.36034,92.23261,341.55,0.38,0.43,2026-04-15,724,N21,VIIRS,n,2.0NRT,300.6,4.54,D
23.36061,92.30088,341.75,0.39,0.44,2026-04-15,724,N21,VIIRS,n,2.0NRT,299.28,6.65,D
23.36107,79.96268,342.84,0.49,0.49,2026-04-15,724,N21,VIIRS,l,2.0NRT,316.77,2.76,D
23.36199,92.31223,346.56,0.39,0.44,2026-04-15,724,N21,VIIRS,n,2.0NRT,306.1,121.14,D
23.36218,84.17326,340.16,0.44,0.38,2026-04-15,724,N21,VIIRS,l,2.0NRT,307.54,7.91,D
23.36231,92.28169,333.06,0.39,0.44,2026-04-15,724,N21,VIIRS,n,2.0NRT,289.55,1.21,D
23.36308,92.25491,343.83,0.38,0.43,2026-04-15,724,N21,VIIRS,n,2.0NRT,297.71,12.89,D
23.36326,92.28945,342.14,0.39,0.44,2026-04-15,724,N21,VIIRS,n,2.0NRT,301.34,14.69,D
23.36375,85.4903,340.57,0.4,0.37,2026-04-15,724,N21,VIIRS,l,2.0NRT,312.24,3.77,D
23.36388,77.5189,338.73,0.35,0.57,2026-04-15,724,N21,VIIRS,l,2.0NRT,312.03,4.74,D
23.36432,92.2321,338.94,0.38,0.43,2026-04-15,724,N21,VIIRS,n,2.0NRT,303.7,23.98,D
23.36456,75.63297,342.51,0.46,0.63,2026-04-15,724,N21,VIIRS,n,2.0NRT,314.02,6.56,D
23.36485,84.54259,343.29,0.43,0.38,2026-04-15,724,N21,VIIRS,l,2.0NRT,309.86,4.27,D
23.36503,92.30389,341.42,0.39,0.44,2026-04-15,724,N21,VIIRS,n,2.0NRT,299.67,29.48,D
23.36527,92.33915,349.96,0.39,0.44,2026-04-15,724,N21,VIIRS,n,2.0NRT,304.35,41.63,D
23.36597,92.3116,334.34,0.39,0.44,2026-04-15,724,N21,VIIRS,n,2.0NRT,291.68,2.38,D
23.3666,92.25064,345.65,0.38,0.43,2026-04-15,724,N21,VIIRS,n,2.0NRT,303.71,30.03,D
23.3669,83.88223,335.71,0.45,0.39,2026-04-15,724,N21,VIIRS,l,2.0NRT,308.73,2.34,D
23.36692,92.31939,340,0.39,0.44,2026-04-15,724,N21,VIIRS,n,2.0NRT,297.84,9.98,D
23.36697,81.13807,343.05,0.42,0.45,2026-04-15,724,N21,VIIRS,n,2.0NRT,312.9,3.65,D
23.36739,92.32327,343,0.39,0.44,2026-04-15,724,N21,VIIRS,n,2.0NRT,300.7,8.87,D
23.3677,75.41275,350.49,0.47,0.64,2026-04-15,724,N21,VIIRS,n,2.0NRT,311.28,12.1,D
23.36783,75.41207,341.81,0.47,0.64,2026-04-15,724,N21,VIIRS,n,2.0NRT,310.29,6.39,D
23.36833,92.23188,347.2,0.38,0.43,2026-04-15,724,N21,VIIRS,n,2.0NRT,302.1,23.98,D
23.36849,81.14601,349.73,0.42,0.45,2026-04-15,724,N21,VIIRS,n,2.0NRT,312.75,11.9,D
23.3689,75.41654,341.89,0.47,0.64,2026-04-15,724,N21,VIIRS,n,2.0NRT,310.53,6.39,D
23.37058,92.25014,332.17,0.38,0.43,2026-04-15,724,N21,VIIRS,n,2.0NRT,298.25,30.03,D
23.37103,92.25379,344.36,0.38,0.43,2026-04-15,724,N21,VIIRS,n,2.0NRT,305.96,42.14,D
23.37138,92.3227,349.27,0.39,0.44,2026-04-15,724,N21,VIIRS,n,2.0NRT,301.3,8.87,D
23.37254,81.14503,338.99,0.42,0.45,2026-04-15,724,N21,VIIRS,l,2.0NRT,313.91,3.05,D
23.37408,81.15308,342.62,0.41,0.45,2026-04-15,724,N21,VIIRS,n,2.0NRT,315.76,4.97,D
23.37489,92.3182,341.56,0.39,0.44,2026-04-15,724,N21,VIIRS,n,2.0NRT,300.74,10.46,D
23.37501,92.16206,335.04,0.57,0.43,2026-04-15,724,N21,VIIRS,n,2.0NRT,298.26,6.4,D
23.37537,92.32212,354.98,0.39,0.44,2026-04-15,724,N21,VIIRS,n,2.0NRT,306.66,43.55,D
23.37544,78.05327,367,0.32,0.55,2026-04-15,724,N21,VIIRS,h,2.0NRT,316.29,10.74,D
23.37564,92.16737,344.63,0.57,0.43,2026-04-15,724,N21,VIIRS,n,2.0NRT,307.47,84.5,D
23.37584,92.32597,335.87,0.39,0.44,2026-04-15,724,N21,VIIRS,n,2.0NRT,297.06,43.55,D
23.37601,92.16383,336.67,0.57,0.43,2026-04-15,724,N21,VIIRS,n,2.0NRT,298.83,42.65,D
23.37632,92.32985,347.76,0.39,0.44,2026-04-15,724,N21,VIIRS,n,2.0NRT,297.69,25.64,D
23.37667,92.1692,347.54,0.57,0.43,2026-04-15,724,N21,VIIRS,n,2.0NRT,308.51,42.65,D
23.37697,92.3021,352.52,0.39,0.44,2026-04-15,724,N21,VIIRS,n,2.0NRT,303.76,10.26,D
23.37699,92.17886,336.77,0.57,0.43,2026-04-15,724,N21,VIIRS,n,2.0NRT,300.57,6.34,D
23.37706,92.1116,340.03,0.57,0.43,2026-04-15,724,N21,VIIRS,n,2.0NRT,301.28,20.18,D
23.37772,92.11712,337.82,0.57,0.43,2026-04-15,724,N21,VIIRS,n,2.0NRT,297.21,20.18,D
23.37888,92.31762,355.31,0.39,0.44,2026-04-15,724,N21,VIIRS,n,2.0NRT,301.9,10.46,D
23.37914,92.28677,345.97,0.39,0.44,2026-04-15,724,N21,VIIRS,n,2.0NRT,301.76,5.63,D
23.37937,92.32156,347.79,0.39,0.44,2026-04-15,724,N21,VIIRS,n,2.0NRT,302.06,43.55,D
23.37968,78.04898,349.07,0.32,0.55,2026-04-15,724,N21,VIIRS,n,2.0NRT,315.27,11.43,D
23.38031,92.32928,338.98,0.39,0.44,2026-04-15,724,N21,VIIRS,n,2.0NRT,305.93,25.64,D
23.38034,78.05206,367,0.32,0.55,2026-04-15,724,N21,VIIRS,h,2.0NRT,314.73,10.74,D
23.38077,92.33305,341.63,0.39,0.44,2026-04-15,724,N21,VIIRS,n,2.0NRT,296.35,25.64,D
23.381,91.97781,334.16,0.56,0.43,2026-04-15,724,N21,VIIRS,n,2.0NRT,300.96,8.55,D
23.38158,78.00957,347.95,0.32,0.55,2026-04-15,724,N21,VIIRS,n,2.0NRT,314.42,3.82,D
23.38193,92.3094,338.65,0.39,0.44,2026-04-15,724,N21,VIIRS,n,2.0NRT,300.35,52.53,D
23.38212,92.22254,348.48,0.38,0.43,2026-04-15,724,N21,VIIRS,n,2.0NRT,300.23,6.58,D
23.38224,78.01266,342.42,0.32,0.55,2026-04-15,724,N21,VIIRS,l,2.0NRT,314.72,7.37,D
23.38282,91.83028,345.19,0.55,0.42,2026-04-15,724,N21,VIIRS,n,2.0NRT,302.7,30.81,D
23.38327,78.04161,342.82,0.32,0.55,2026-04-15,724,N21,VIIRS,l,2.0NRT,317.74,5.7,D
23.38354,92.16615,350.24,0.57,0.43,2026-04-15,724,N21,VIIRS,n,2.0NRT,309.02,49.12,D
23.38365,92.22522,331.92,0.57,0.43,2026-04-15,724,N21,VIIRS,n,2.0NRT,299.45,7.63,D
23.38418,92.30924,342.37,0.39,0.44,2026-04-15,724,N21,VIIRS,n,2.0NRT,305.41,92.48,D
23.38431,92.32872,352.24,0.39,0.44,2026-04-15,724,N21,VIIRS,n,2.0NRT,297.66,20.72,D
23.38463,92.31311,344.69,0.39,0.44,2026-04-15,724,N21,VIIRS,n,2.0NRT,303.79,50.91,D
23.38476,92.33247,348.97,0.39,0.44,2026-04-15,724,N21,VIIRS,n,2.0NRT,295.82,20.72,D
23.38494,92.07689,349.12,0.56,0.43,2026-04-15,724,N21,VIIRS,n,2.0NRT,299.43,14.97,D
23.38593,92.30901,207.38,0.39,0.44,2026-04-15,724,N21,VIIRS,l,2.0NRT,313.32,52.53,D
23.38641,92.31286,355.92,0.39,0.44,2026-04-15,724,N21,VIIRS,n,2.0NRT,311.12,65,D
23.38642,92.32847,353.08,0.39,0.44,2026-04-15,724,N21,VIIRS,n,2.0NRT,303.14,36.73,D
23.38651,78.00838,344.25,0.32,0.55,2026-04-15,724,N21,VIIRS,n,2.0NRT,314.81,4.23,D
23.38685,92.33219,342.99,0.39,0.44,2026-04-15,724,N21,VIIRS,n,2.0NRT,296.65,36.73,D
23.38717,78.01147,344.12,0.32,0.55,2026-04-15,724,N21,VIIRS,l,2.0NRT,317.88,4.66,D
23.38783,78.01454,348.08,0.32,0.55,2026-04-15,724,N21,VIIRS,n,2.0NRT,315.24,4.66,D
23.38783,92.32434,342.45,0.39,0.44,2026-04-15,724,N21,VIIRS,n,2.0NRT,298.16,12.68,D
23.38816,92.17122,338.24,0.57,0.43,2026-04-15,724,N21,VIIRS,n,2.0NRT,300.12,49.12,D
23.38818,92.30878,292.71,0.39,0.44,2026-04-15,724,N21,VIIRS,l,2.0NRT,324.64,92.48,D
23.3883,92.32818,347.77,0.39,0.44,2026-04-15,724,N21,VIIRS,n,2.0NRT,308.45,20.72,D
23.38848,78.01762,340.16,0.32,0.55,2026-04-15,724,N21,VIIRS,l,2.0NRT,314.4,4.1,D
23.38863,92.31265,352.81,0.39,0.44,2026-04-15,724,N21,VIIRS,n,2.0NRT,307.07,50.91,D
23.38876,92.33189,336.91,0.39,0.44,2026-04-15,724,N21,VIIRS,n,2.0NRT,296.76,20.72,D
23.38888,92.07635,367,0.56,0.43,2026-04-15,724,N21,VIIRS,l,2.0NRT,326.88,91.87,D
23.38952,92.32024,333.8,0.39,0.44,2026-04-15,724,N21,VIIRS,n,2.0NRT,298.63,21.78,D
23.38953,92.08184,341.44,0.56,0.43,2026-04-15,724,N21,VIIRS,n,2.0NRT,303.09,91.87,D
23.38996,92.32405,354.85,0.39,0.44,2026-04-15,724,N21,VIIRS,n,2.0NRT,304.32,21.78,D
23.3904,92.32786,348.24,0.39,0.44,2026-04-15,724,N21,VIIRS,n,2.0NRT,310.21,36.73,D
23.39113,75.64386,350.07,0.46,0.63,2026-04-15,724,N21,VIIRS,n,2.0NRT,310.52,12.07,D
23.39125,91.83459,339.23,0.55,0.42,2026-04-15,724,N21,VIIRS,n,2.0NRT,300.02,5.64,D
23.39216,92.30814,341.21,0.39,0.44,2026-04-15,724,N21,VIIRS,n,2.0NRT,306.76,22.73,D
23.39262,92.31207,367,0.39,0.44,2026-04-15,724,N21,VIIRS,h,2.0NRT,302.54,25.11,D
23.3928,92.17641,337.79,0.57,0.43,2026-04-15,724,N21,VIIRS,n,2.0NRT,300.38,34.37,D
23.39281,92.07579,339.17,0.56,0.43,2026-04-15,724,N21,VIIRS,n,2.0NRT,301.47,91.87,D
23.39347,92.08128,338.06,0.56,0.43,2026-04-15,724,N21,VIIRS,n,2.0NRT,302.32,91.87,D
23.39395,92.32344,341.09,0.39,0.44,2026-04-15,724,N21,VIIRS,n,2.0NRT,299.56,5.71,D
23.39428,92.29154,342.06,0.39,0.44,2026-04-15,724,N21,VIIRS,n,2.0NRT,298.92,3.23,D
23.39542,92.16462,339.9,0.57,0.43,2026-04-15,724,N21,VIIRS,n,2.0NRT,300.54,13.97,D
23.3955,91.6795,330.09,0.54,0.42,2026-04-15,724,N21,VIIRS,n,2.0NRT,299.91,2.75,D
23.39568,92.30354,341.66,0.39,0.44,2026-04-15,724,N21,VIIRS,n,2.0NRT,299.44,22.73,D
23.39634,84.54032,339.83,0.43,0.38,2026-04-15,724,N21,VIIRS,l,2.0NRT,309.97,3.83,D
23.39971,92.33796,339.79,0.39,0.44,2026-04-15,724,N21,VIIRS,n,2.0NRT,296.85,9.43,D
23.40015,92.34174,344.02,0.39,0.44,2026-04-15,724,N21,VIIRS,n,2.0NRT,302.65,24.51,D
23.40059,92.3455,330.3,0.39,0.44,2026-04-15,724,N21,VIIRS,n,2.0NRT,291.18,24.51,D
23.40137,92.14718,336.85,0.57,0.43,2026-04-15,724,N21,VIIRS,n,2.0NRT,300.11,76.61,D
23.40182,79.38143,344.61,0.53,0.5,2026-04-15,724,N21,VIIRS,l,2.0NRT,319.12,9.83,D
23.40197,92.05225,337.38,0.56,0.43,2026-04-15,724,N21,VIIRS,n,2.0NRT,298.71,12.77,D
23.4026,73.88357,343.79,0.59,0.7,2026-04-15,724,N21,VIIRS,n,2.0NRT,304.05,6.73,D
23.40414,92.34113,340.77,0.39,0.44,2026-04-15,724,N21,VIIRS,n,2.0NRT,307.07,39.68,D
23.40444,92.27464,340.68,0.39,0.44,2026-04-15,724,N21,VIIRS,n,2.0NRT,294.52,4.41,D
23.40458,92.34488,346.13,0.39,0.44,2026-04-15,724,N21,VIIRS,n,2.0NRT,297.75,39.68,D
23.40519,92.01303,333.59,0.56,0.43,2026-04-15,724,N21,VIIRS,n,2.0NRT,298.9,4.17,D
23.40523,92.04618,342.58,0.56,0.43,2026-04-15,724,N21,VIIRS,n,2.0NRT,296.37,20.13,D
23.40529,92.07971,335.4,0.56,0.43,2026-04-15,724,N21,VIIRS,n,2.0NRT,301.78,14.51,D
23.40766,92.30197,339.85,0.39,0.44,2026-04-15,724,N21,VIIRS,n,2.0NRT,299.04,12.11,D
23.40812,92.30582,342.63,0.39,0.44,2026-04-15,724,N21,VIIRS,n,2.0NRT,300,12.11,D
23.40856,92.30963,340.54,0.39,0.44,2026-04-15,724,N21,VIIRS,n,2.0NRT,300.87,13.87,D
23.40922,92.07911,346.65,0.56,0.43,2026-04-15,724,N21,VIIRS,n,2.0NRT,304.47,14.51,D
23.40924,91.64409,339.42,0.53,0.42,2026-04-15,724,N21,VIIRS,n,2.0NRT,299.78,7.77,D
23.40964,91.95174,336.7,0.55,0.43,2026-04-15,724,N21,VIIRS,n,2.0NRT,301.74,9.1,D
23.41076,91.64557,341.91,0.53,0.42,2026-04-15,724,N21,VIIRS,n,2.0NRT,299.63,7.73,D
23.41165,92.30141,344.24,0.39,0.44,2026-04-15,724,N21,VIIRS,n,2.0NRT,302.37,12.11,D
23.4119,92.16788,341.62,0.57,0.43,2026-04-15,724,N21,VIIRS,n,2.0NRT,301.41,8.88,D
23.41211,92.30527,354.15,0.39,0.44,2026-04-15,724,N21,VIIRS,n,2.0NRT,304.61,12.11,D
23.41308,92.04507,336.26,0.56,0.43,2026-04-15,724,N21,VIIRS,n,2.0NRT,296.54,44.76,D
23.41381,92.25132,342.24,0.38,0.44,2026-04-15,724,N21,VIIRS,n,2.0NRT,294.64,10.21,D
23.41418,91.95639,335.42,0.55,0.43,2026-04-15,724,N21,VIIRS,n,2.0NRT,301.63,34.2,D
23.41519,92.29704,336.13,0.39,0.44,2026-04-15,724,N21,VIIRS,n,2.0NRT,301.69,6.23,D
23.41565,92.30091,346.21,0.39,0.44,2026-04-15,724,N21,VIIRS,n,2.0NRT,304.17,11.03,D
23.41603,81.19683,344.32,0.41,0.45,2026-04-15,724,N21,VIIRS,n,2.0NRT,314.85,4.53,D
23.41681,81.20079,342.54,0.41,0.45,2026-04-15,724,N21,VIIRS,n,2.0NRT,314.28,4.53,D
23.41809,91.95583,333.48,0.55,0.43,2026-04-15,724,N21,VIIRS,n,2.0NRT,300.78,34.2,D
23.41919,92.29657,347.57,0.39,0.44,2026-04-15,724,N21,VIIRS,n,2.0NRT,303.63,6.23,D
23.4196,92.033,332.51,0.56,0.43,2026-04-15,724,N21,VIIRS,n,2.0NRT,296.39,2.96,D
23.41964,92.30042,353.75,0.39,0.44,2026-04-15,724,N21,VIIRS,n,2.0NRT,307.17,11.03,D
23.42008,81.19595,346.86,0.41,0.45,2026-04-15,724,N21,VIIRS,n,2.0NRT,313.3,4.53,D
23.4201,92.30424,337.02,0.39,0.44,2026-04-15,724,N21,VIIRS,n,2.0NRT,299.71,11.03,D
23.42049,83.16835,343.28,0.48,0.4,2026-04-15,724,N21,VIIRS,n,2.0NRT,311.6,5,D
23.42141,83.79771,338.57,0.45,0.39,2026-04-15,724,N21,VIIRS,l,2.0NRT,309.29,9.61,D
23.42286,92.02702,337.18,0.56,0.43,2026-04-15,724,N21,VIIRS,n,2.0NRT,298.43,11.84,D
23.42412,83.16759,344.26,0.48,0.4,2026-04-15,724,N21,VIIRS,n,2.0NRT,311.14,6.12,D
23.42451,84.02522,334.58,0.44,0.39,2026-04-15,724,N21,VIIRS,l,2.0NRT,308.62,2.01,D
23.42531,92.27985,344.64,0.39,0.44,2026-04-15,724,N21,VIIRS,n,2.0NRT,304.22,19.86,D
23.42784,92.2671,339.01,0.39,0.44,2026-04-15,724,N21,VIIRS,n,2.0NRT,301.52,140.47,D
23.42826,92.27066,350.06,0.39,0.44,2026-04-15,724,N21,VIIRS,n,2.0NRT,302.5,140.47,D
23.42972,84.22149,341.92,0.44,0.38,2026-04-15,724,N21,VIIRS,n,2.0NRT,307.67,4.84,D
23.4306,92.25641,340.27,0.38,0.44,2026-04-15,724,N21,VIIRS,n,2.0NRT,299.67,4.09,D
23.43073,75.94254,367,0.44,0.62,2026-04-15,724,N21,VIIRS,h,2.0NRT,314.39,12.56,D
23.43226,92.27021,367,0.39,0.44,2026-04-15,724,N21,VIIRS,h,2.0NRT,335.32,140.47,D
23.43236,92.17067,332.52,0.57,0.43,2026-04-15,724,N21,VIIRS,n,2.0NRT,300.62,12.7,D
23.43276,92.2744,333.29,0.39,0.44,2026-04-15,724,N21,VIIRS,n,2.0NRT,298.04,7.2,D
23.43292,84.03212,336.57,0.44,0.39,2026-04-15,724,N21,VIIRS,n,2.0NRT,308.82,2.26,D
23.43508,83.87676,343.35,0.45,0.39,2026-04-15,724,N21,VIIRS,n,2.0NRT,308.88,4.44,D
23.43724,83.82599,335.05,0.45,0.39,2026-04-15,724,N21,VIIRS,l,2.0NRT,307.91,2.57,D
23.44094,92.30887,330.25,0.39,0.44,2026-04-15,724,N21,VIIRS,n,2.0NRT,297.66,5.01,D
23.44113,92.01337,333.43,0.56,0.43,2026-04-15,724,N21,VIIRS,n,2.0NRT,300.34,4.22,D
23.44125,92.27765,336.95,0.39,0.44,2026-04-15,724,N21,VIIRS,n,2.0NRT,299.49,19.79,D
23.44157,77.09908,345.01,0.37,0.58,2026-04-15,724,N21,VIIRS,l,2.0NRT,318.51,5.87,D
23.44185,92.31649,340.46,0.39,0.44,2026-04-15,724,N21,VIIRS,n,2.0NRT,301.03,8.42,D
23.44348,92.1299,333.03,0.57,0.43,2026-04-15,724,N21,VIIRS,n,2.0NRT,296.2,6.19,D
23.44438,92.00739,345.28,0.56,0.43,2026-04-15,724,N21,VIIRS,n,2.0NRT,302.1,12.92,D
23.44478,79.85603,367,0.5,0.49,2026-04-15,724,N21,VIIRS,h,2.0NRT,321.24,15.26,D
23.44524,92.27715,367,0.39,0.44,2026-04-15,724,N21,VIIRS,h,2.0NRT,307.45,63.12,D
23.4453,92.07945,333.39,0.56,0.43,2026-04-15,724,N21,VIIRS,n,2.0NRT,300.58,52.4,D
23.44573,92.28125,350.4,0.39,0.44,2026-04-15,724,N21,VIIRS,n,2.0NRT,303.69,16.48,D
23.44584,92.31591,340.2,0.39,0.44,2026-04-15,724,N21,VIIRS,n,2.0NRT,299.96,8.42,D
23.44631,92.31982,335.85,0.39,0.44,2026-04-15,724,N21,VIIRS,n,2.0NRT,304.2,22.37,D
23.44661,75.1799,337.77,0.49,0.65,2026-04-15,724,N21,VIIRS,l,2.0NRT,311.04,4.95,D
23.44678,92.32368,343.88,0.39,0.44,2026-04-15,724,N21,VIIRS,n,2.0NRT,301.28,22.37,D
23.44833,77.10474,340.54,0.37,0.58,2026-04-15,724,N21,VIIRS,l,2.0NRT,315.09,8.37,D
23.44917,79.85497,367,0.5,0.49,2026-04-15,724,N21,VIIRS,h,2.0NRT,320.01,14.86,D
23.45031,92.31924,341.56,0.39,0.44,2026-04-15,724,N21,VIIRS,n,2.0NRT,294.93,33.15,D
23.45077,92.3231,343.31,0.39,0.44,2026-04-15,724,N21,VIIRS,n,2.0NRT,311.54,33.15,D
23.45116,78.27467,343.84,0.62,0.54,2026-04-15,724,N21,VIIRS,n,2.0NRT,316.16,9.26,D
23.45123,92.32696,334.26,0.39,0.44,2026-04-15,724,N21,VIIRS,n,2.0NRT,299.08,33.45,D
23.45239,84.41487,332.19,0.43,0.38,2026-04-15,724,N21,VIIRS,l,2.0NRT,305.23,1.97,D
23.45396,92.11718,334.16,0.57,0.43,2026-04-15,724,N21,VIIRS,n,2.0NRT,294.78,10.58,D
23.45476,92.32253,338.58,0.39,0.44,2026-04-15,724,N21,VIIRS,n,2.0NRT,296.73,33.15,D
23.45499,76.86327,348.54,0.38,0.59,2026-04-15,724,N21,VIIRS,n,2.0NRT,317.07,10.38,D
23.45579,76.8669,344.81,0.38,0.59,2026-04-15,724,N21,VIIRS,n,2.0NRT,317.75,10.03,D
23.45648,77.77471,353.62,0.33,0.56,2026-04-15,724,N21,VIIRS,n,2.0NRT,313.99,4.98,D
23.45794,79.85292,345.3,0.5,0.49,2026-04-15,724,N21,VIIRS,l,2.0NRT,319.09,21.01,D
23.45811,92.02048,350,0.56,0.43,2026-04-15,724,N21,VIIRS,n,2.0NRT,308.51,122.63,D
23.45876,92.32196,352.17,0.39,0.44,2026-04-15,724,N21,VIIRS,n,2.0NRT,299.15,24.72,D
23.45878,78.70641,345.84,0.58,0.52,2026-04-15,724,N21,VIIRS,l,2.0NRT,320.01,14.78,D
23.45922,92.3258,340.43,0.39,0.44,2026-04-15,724,N21,VIIRS,n,2.0NRT,295.04,12.57,D
23.45989,78.29134,346.11,0.62,0.54,2026-04-15,724,N21,VIIRS,l,2.0NRT,318.2,10.86,D
23.45993,78.71195,345.15,0.58,0.52,2026-04-15,724,N21,VIIRS,l,2.0NRT,319.03,14.78,D
23.45999,80.55328,350.47,0.45,0.47,2026-04-15,724,N21,VIIRS,n,2.0NRT,319.79,20.42,D
23.46034,78.7087,367,0.58,0.52,2026-04-15,724,N21,VIIRS,h,2.0NRT,321.31,23.62,D
23.46083,80.55755,343.33,0.45,0.47,2026-04-15,724,N21,VIIRS,n,2.0NRT,317.16,20.42,D
23.46145,80.32107,347.27,0.46,0.47,2026-04-15,724,N21,VIIRS,l,2.0NRT,318.79,9.21,D
23.46165,91.59422,340.51,0.53,0.42,2026-04-15,724,N21,VIIRS,n,2.0NRT,300.85,14.78,D
23.46212,79.85301,342.41,0.49,0.49,2026-04-15,724,N21,VIIRS,l,2.0NRT,316.4,21.22,D
23.46228,91.59931,345.9,0.53,0.42,2026-04-15,724,N21,VIIRS,n,2.0NRT,300,14.78,D
23.46234,80.32549,367,0.46,0.47,2026-04-15,724,N21,VIIRS,l,2.0NRT,327.35,48.68,D
23.46282,92.18916,334.87,0.57,0.43,2026-04-15,724,N21,VIIRS,n,2.0NRT,295.21,7.32,D
23.46336,80.54805,348.73,0.45,0.47,2026-04-15,724,N21,VIIRS,l,2.0NRT,319.88,15.6,D
23.4642,80.55232,355.26,0.45,0.47,2026-04-15,724,N21,VIIRS,n,2.0NRT,322.08,20.42,D
23.46474,78.28045,344.89,0.62,0.54,2026-04-15,724,N21,VIIRS,l,2.0NRT,317.34,17.96,D
23.46474,92.17202,345.99,0.57,0.43,2026-04-15,724,N21,VIIRS,n,2.0NRT,299.09,10.78,D
23.46543,92.17759,330.56,0.57,0.43,2026-04-15,724,N21,VIIRS,n,2.0NRT,293.83,6.2,D
23.46571,80.32009,353.96,0.46,0.47,2026-04-15,724,N21,VIIRS,n,2.0NRT,320.03,9.21,D
23.46677,80.96124,342.78,0.42,0.45,2026-04-15,724,N21,VIIRS,n,2.0NRT,313.89,2.14,D
23.46751,76.6797,350.99,0.39,0.59,2026-04-15,724,N21,VIIRS,n,2.0NRT,318.96,10.92,D
23.46794,92.00245,343.05,0.56,0.43,2026-04-15,724,N21,VIIRS,n,2.0NRT,299.54,22.28,D
23.46803,80.96016,343.22,0.42,0.46,2026-04-15,724,N21,VIIRS,n,2.0NRT,313.65,2.84,D
23.46824,78.283,353.22,0.62,0.54,2026-04-15,724,N21,VIIRS,n,2.0NRT,316.95,24.1,D
23.46923,92.01331,333.4,0.56,0.43,2026-04-15,724,N21,VIIRS,n,2.0NRT,295.52,10.19,D
23.47081,78.28516,342.76,0.62,0.54,2026-04-15,724,N21,VIIRS,l,2.0NRT,314.41,15.13,D
23.47124,91.9967,335.99,0.56,0.43,2026-04-15,724,N21,VIIRS,n,2.0NRT,295.43,10.35,D
23.47187,92.00191,351.43,0.56,0.43,2026-04-15,724,N21,VIIRS,n,2.0NRT,304.86,36.55,D
23.47206,78.29108,350.5,0.62,0.54,2026-04-15,724,N21,VIIRS,n,2.0NRT,318,15.13,D
23.47208,78.30062,351.53,0.62,0.54,2026-04-15,724,N21,VIIRS,n,2.0NRT,318.46,26.71,D
23.47251,92.00729,350.15,0.56,0.43,2026-04-15,724,N21,VIIRS,n,2.0NRT,292.22,36.55,D
23.47254,91.94098,350.23,0.55,0.43,2026-04-15,724,N21,VIIRS,n,2.0NRT,300.96,8.55,D
23.47318,91.9463,330.69,0.56,0.43,2026-04-15,724,N21,VIIRS,n,2.0NRT,299.17,4.6,D
23.4733,78.29697,353.95,0.62,0.54,2026-04-15,724,N21,VIIRS,n,2.0NRT,320.36,23.7,D
23.47452,78.3028,342.97,0.62,0.54,2026-04-15,724,N21,VIIRS,n,2.0NRT,313.47,23.7,D
23.47563,78.29358,354.57,0.62,0.54,2026-04-15,724,N21,VIIRS,n,2.0NRT,314.04,19.75,D
23.47638,86.2776,343.24,0.39,0.36,2026-04-15,724,N21,VIIRS,n,2.0NRT,317.25,4.84,D
23.47645,91.94044,340.76,0.55,0.43,2026-04-15,724,N21,VIIRS,n,2.0NRT,297.03,8.55,D
23.47804,77.29189,349.41,0.36,0.57,2026-04-15,724,N21,VIIRS,n,2.0NRT,319.76,6.12,D
23.47909,77.29,351.41,0.36,0.57,2026-04-15,724,N21,VIIRS,n,2.0NRT,321.01,7.2,D
23.48058,77.83757,367,0.33,0.55,2026-04-15,724,N21,VIIRS,h,2.0NRT,317.46,8.27,D
23.48067,77.83875,350.9,0.33,0.55,2026-04-15,724,N21,VIIRS,n,2.0NRT,317.84,9.38,D
23.48332,80.7168,339.77,0.44,0.46,2026-04-15,724,N21,VIIRS,l,2.0NRT,314,2.83,D
23.48436,87.36354,337.59,0.38,0.36,2026-04-15,724,N21,VIIRS,l,2.0NRT,312.12,4.32,D
23.48717,83.75716,337.98,0.45,0.39,2026-04-15,724,N21,VIIRS,n,2.0NRT,312.39,4.75,D
23.48935,84.03913,339.92,0.44,0.39,2026-04-15,724,N21,VIIRS,l,2.0NRT,310.08,3.12,D
23.49073,91.95995,351.6,0.56,0.43,2026-04-15,724,N21,VIIRS,n,2.0NRT,303.24,20.22,D
23.49214,92.0713,340.38,0.56,0.43,2026-04-15,724,N21,VIIRS,n,2.0NRT,301.09,11.26,D
23.4941,92.05428,335.5,0.56,0.43,2026-04-15,724,N21,VIIRS,n,2.0NRT,298.56,24.45,D
23.49513,91.73774,332.64,0.54,0.42,2026-04-15,724,N21,VIIRS,n,2.0NRT,298.69,4.96,D
23.49803,92.05365,347.7,0.56,0.43,2026-04-15,724,N21,VIIRS,n,2.0NRT,302.15,24.45,D
23.50141,76.65538,341.42,0.39,0.59,2026-04-15,724,N21,VIIRS,l,2.0NRT,316.38,6.69,D
23.50764,84.3214,337.67,0.43,0.38,2026-04-15,724,N21,VIIRS,n,2.0NRT,308.3,5.57,D
23.5096,76.15807,352.94,0.42,0.61,2026-04-15,724,N21,VIIRS,n,2.0NRT,314.54,11.42,D
23.51017,79.57848,353.24,0.51,0.5,2026-04-15,724,N21,VIIRS,n,2.0NRT,322.45,15.32,D
23.51174,92.03468,349.36,0.56,0.43,2026-04-15,724,N21,VIIRS,n,2.0NRT,298.48,51.6,D
23.51229,79.58858,353.93,0.51,0.5,2026-04-15,724,N21,VIIRS,n,2.0NRT,322.63,18.59,D
23.51299,79.57998,354.05,0.51,0.5,2026-04-15,724,N21,VIIRS,n,2.0NRT,322.76,25.82,D
23.51421,92.22287,339.69,0.38,0.43,2026-04-15,724,N21,VIIRS,n,2.0NRT,299.81,13.92,D
23.51443,84.18275,339.24,0.44,0.38,2026-04-15,724,N21,VIIRS,n,2.0NRT,306.08,3.73,D
23.51464,79.57745,350.32,0.51,0.5,2026-04-15,724,N21,VIIRS,l,2.0NRT,322.63,15.32,D
23.515,91.99578,340.79,0.56,0.43,2026-04-15,724,N21,VIIRS,n,2.0NRT,293.72,25.17,D
23.51632,92.00656,348.28,0.56,0.43,2026-04-15,724,N21,VIIRS,n,2.0NRT,295.19,19.18,D
23.51633,92.03959,347.58,0.56,0.43,2026-04-15,724,N21,VIIRS,n,2.0NRT,293.07,8.61,D
23.51674,79.58752,349.4,0.51,0.5,2026-04-15,724,N21,VIIRS,l,2.0NRT,321.88,18.59,D
23.517,92.04507,333.08,0.56,0.43,2026-04-15,724,N21,VIIRS,n,2.0NRT,291.58,8.61,D
23.51788,76.67857,367,0.39,0.59,2026-04-15,724,N21,VIIRS,h,2.0NRT,317.66,14.5,D
23.51892,91.9952,342.37,0.56,0.43,2026-04-15,724,N21,VIIRS,n,2.0NRT,299.88,36.32,D
23.52024,92.00599,338.34,0.56,0.43,2026-04-15,724,N21,VIIRS,n,2.0NRT,297.53,7.99,D
23.52157,93.74706,336.28,0.47,0.48,2026-04-15,724,N21,VIIRS,n,2.0NRT,301.27,4.47,D
23.52247,84.06352,334.41,0.44,0.38,2026-04-15,724,N21,VIIRS,l,2.0NRT,308.69,3.94,D
23.52316,84.06748,337.64,0.44,0.38,2026-04-15,724,N21,VIIRS,l,2.0NRT,310.11,10.07,D
23.52319,76.67722,367,0.39,0.59,2026-04-15,724,N21,VIIRS,h,2.0NRT,314.94,10.34,D
23.52401,82.71654,339.5,0.51,0.41,2026-04-15,724,N21,VIIRS,l,2.0NRT,309.7,3.8,D
23.52786,74.13326,333.34,0.56,0.69,2026-04-15,724,N21,VIIRS,l,2.0NRT,307.71,4.02,D
23.528,91.97165,331.14,0.56,0.43,2026-04-15,724,N21,VIIRS,n,2.0NRT,300.09,4.8,D
23.53035,93.61382,332.06,0.47,0.47,2026-04-15,724,N21,VIIRS,n,2.0NRT,301.5,5.66,D
23.53067,87.44728,331.95,0.39,0.36,2026-04-15,724,N21,VIIRS,l,2.0NRT,306.16,2.14,D
23.53134,76.66339,344.74,0.39,0.59,2026-04-15,724,N21,VIIRS,l,2.0NRT,317.85,7.51,D
23.53275,93.61227,335.8,0.47,0.47,2026-04-15,724,N21,VIIRS,n,2.0NRT,304.41,7.32,D
23.53304,91.91589,336.89,0.55,0.43,2026-04-15,724,N21,VIIRS,n,2.0NRT,302.2,4.89,D
23.53416,75.36802,344.05,0.47,0.64,2026-04-15,724,N21,VIIRS,n,2.0NRT,310.78,5.77,D
23.53475,93.61391,343.86,0.47,0.47,2026-04-15,724,N21,VIIRS,n,2.0NRT,302.75,5.66,D
23.53701,77.92835,341.29,0.33,0.55,2026-04-15,724,N21,VIIRS,l,2.0NRT,313.74,3.81,D
23.53884,93.69361,349.96,0.47,0.48,2026-04-15,724,N21,VIIRS,n,2.0NRT,306.67,13.03,D
23.53976,92.23363,335.86,0.38,0.44,2026-04-15,724,N21,VIIRS,n,2.0NRT,298.05,14.26,D
23.54012,76.26662,340.3,0.41,0.61,2026-04-15,724,N21,VIIRS,l,2.0NRT,312.25,4.57,D
23.54017,92.23701,341.95,0.38,0.44,2026-04-15,724,N21,VIIRS,n,2.0NRT,304.03,29.87,D
23.54025,91.73922,331.24,0.54,0.42,2026-04-15,724,N21,VIIRS,n,2.0NRT,300.4,7.44,D
23.54102,76.27058,340.58,0.41,0.61,2026-04-15,724,N21,VIIRS,l,2.0NRT,314.05,6.83,D
23.54193,93.69224,350.48,0.47,0.48,2026-04-15,724,N21,VIIRS,n,2.0NRT,307.18,10.19,D
23.54242,93.69654,341.69,0.47,0.48,2026-04-15,724,N21,VIIRS,n,2.0NRT,305.35,6.2,D
23.54296,79.60142,344.85,0.51,0.49,2026-04-15,724,N21,VIIRS,l,2.0NRT,319.67,16.24,D
23.54569,91.9858,330.84,0.56,0.43,2026-04-15,724,N21,VIIRS,n,2.0NRT,300.14,5.73,D
23.54636,91.99122,333.83,0.56,0.43,2026-04-15,724,N21,VIIRS,n,2.0NRT,300.18,5.74,D
23.54893,92.24258,352.87,0.39,0.44,2026-04-15,724,N21,VIIRS,n,2.0NRT,300.54,26.83,D
23.55248,92.23846,341.45,0.39,0.44,2026-04-15,724,N21,VIIRS,n,2.0NRT,299.4,7.49,D
23.55291,92.24197,346.26,0.39,0.44,2026-04-15,724,N21,VIIRS,n,2.0NRT,298.57,26.83,D
23.55494,92.02829,351.05,0.56,0.43,2026-04-15,724,N21,VIIRS,n,2.0NRT,302.5,58.25,D
23.55534,93.60117,367,0.47,0.47,2026-04-15,724,N21,VIIRS,h,2.0NRT,306.01,13.89,D
23.55629,92.03918,331.52,0.56,0.43,2026-04-15,724,N21,VIIRS,n,2.0NRT,293.83,139.66,D
23.557,78.36591,340.31,0.61,0.53,2026-04-15,724,N21,VIIRS,l,2.0NRT,314.6,9.06,D
23.55735,84.07768,345.01,0.44,0.38,2026-04-15,724,N21,VIIRS,n,2.0NRT,311.42,7.34,D
23.5582,92.02225,331.56,0.56,0.43,2026-04-15,724,N21,VIIRS,n,2.0NRT,297.03,58.25,D
23.55845,92.02577,347.76,0.56,0.43,2026-04-15,724,N21,VIIRS,n,2.0NRT,304.8,49.88,D
23.55889,92.02788,353.92,0.56,0.43,2026-04-15,724,N21,VIIRS,n,2.0NRT,304.3,58.25,D
23.5591,92.03135,355.58,0.56,0.43,2026-04-15,724,N21,VIIRS,l,2.0NRT,292.58,49.88,D
23.55936,82.52294,334.68,0.52,0.41,2026-04-15,724,N21,VIIRS,n,2.0NRT,308.41,7.88,D
23.56214,92.02182,330.1,0.56,0.43,2026-04-15,724,N21,VIIRS,n,2.0NRT,292.41,3.87,D
23.56217,82.51714,345.33,0.52,0.41,2026-04-15,724,N21,VIIRS,n,2.0NRT,309.86,7.88,D
23.563,93.92143,336.29,0.49,0.48,2026-04-15,724,N21,VIIRS,n,2.0NRT,301.36,7.61,D
23.56308,82.52204,336.1,0.52,0.41,2026-04-15,724,N21,VIIRS,n,2.0NRT,308.81,7.88,D
23.56347,93.9259,333.15,0.49,0.48,2026-04-15,724,N21,VIIRS,n,2.0NRT,301.36,5.91,D
23.56378,93.92393,348.25,0.49,0.48,2026-04-15,724,N21,VIIRS,n,2.0NRT,302.5,12.82,D
23.56393,93.93027,331.99,0.49,0.48,2026-04-15,724,N21,VIIRS,n,2.0NRT,301.11,5.91,D
23.56468,84.22461,333.67,0.43,0.38,2026-04-15,724,N21,VIIRS,l,2.0NRT,306.77,3.61,D
23.56532,75.75547,348.04,0.45,0.63,2026-04-15,724,N21,VIIRS,n,2.0NRT,314.64,8.59,D
23.56588,82.51617,340.95,0.52,0.41,2026-04-15,724,N21,VIIRS,n,2.0NRT,309.13,6.26,D
23.56602,84.46039,335.2,0.43,0.38,2026-04-15,724,N21,VIIRS,n,2.0NRT,308.14,3.88,D
23.5668,82.5211,342.76,0.52,0.41,2026-04-15,724,N21,VIIRS,n,2.0NRT,308.93,6.26,D
23.56845,75.75517,347.49,0.45,0.63,2026-04-15,724,N21,VIIRS,n,2.0NRT,314.6,8.64,D
23.5687,84.33116,337.52,0.43,0.38,2026-04-15,724,N21,VIIRS,l,2.0NRT,308.73,3.13,D
23.56881,84.20692,340.09,0.44,0.38,2026-04-15,724,N21,VIIRS,l,2.0NRT,308.1,3.84,D
23.56904,91.98026,331.22,0.56,0.43,2026-04-15,724,N21,VIIRS,n,2.0NRT,297.8,8.03,D
23.56905,84.0409,347.64,0.44,0.38,2026-04-15,724,N21,VIIRS,n,2.0NRT,310.88,5.73,D
23.56962,93.57125,335.03,0.46,0.47,2026-04-15,724,N21,VIIRS,n,2.0NRT,297.92,40.9,D
23.56993,94.14159,346.86,0.5,0.49,2026-04-15,724,N21,VIIRS,n,2.0NRT,302.9,17.27,D
23.57029,93.57734,334.94,0.46,0.47,2026-04-15,724,N21,VIIRS,n,2.0NRT,298.56,11.9,D
23.57083,82.28854,338.51,0.53,0.42,2026-04-15,724,N21,VIIRS,l,2.0NRT,311.75,5.38,D
23.57129,93.58644,345.42,0.46,0.47,2026-04-15,724,N21,VIIRS,n,2.0NRT,308.21,35.84,D
23.57177,82.29364,352.73,0.53,0.42,2026-04-15,724,N21,VIIRS,n,2.0NRT,311.97,14.6,D
23.57251,84.04008,341.85,0.44,0.38,2026-04-15,724,N21,VIIRS,n,2.0NRT,309.79,5.73,D
23.57306,77.54371,354.61,0.34,0.56,2026-04-15,724,N21,VIIRS,n,2.0NRT,319.48,8.34,D
23.57319,84.04401,337.2,0.44,0.38,2026-04-15,724,N21,VIIRS,l,2.0NRT,310.84,5.73,D
23.57349,93.76801,345.29,0.48,0.48,2026-04-15,724,N21,VIIRS,n,2.0NRT,310.93,122.08,D
23.57402,83.22238,340.99,0.48,0.4,2026-04-15,724,N21,VIIRS,n,2.0NRT,310.56,3.23,D
23.57413,84.09156,338.02,0.44,0.38,2026-04-15,724,N21,VIIRS,n,2.0NRT,311.9,5.29,D
23.57457,84.05205,340.87,0.44,0.38,2026-04-15,724,N21,VIIRS,l,2.0NRT,312.39,5.96,D
23.57597,84.03918,338.84,0.44,0.38,2026-04-15,724,N21,VIIRS,l,2.0NRT,308.55,5.64,D
23.57688,91.97911,350.31,0.56,0.43,2026-04-15,724,N21,VIIRS,n,2.0NRT,301.57,221.61,D
23.57752,91.98447,336.45,0.56,0.43,2026-04-15,724,N21,VIIRS,n,2.0NRT,300.85,221.61,D
23.57752,93.76428,342.57,0.48,0.48,2026-04-15,724,N21,VIIRS,n,2.0NRT,302.79,128.14,D
23.57805,84.05133,338.74,0.44,0.38,2026-04-15,724,N21,VIIRS,l,2.0NRT,311.14,4.78,D
23.57831,76.13014,341.89,0.42,0.61,2026-04-15,724,N21,VIIRS,l,2.0NRT,313.29,10.75,D
23.57879,93.77589,351.39,0.48,0.48,2026-04-15,724,N21,VIIRS,n,2.0NRT,304.12,57.8,D
23.57994,75.89253,353.58,0.44,0.62,2026-04-15,724,N21,VIIRS,n,2.0NRT,311.09,16.33,D
23.58005,76.11251,341.4,0.42,0.61,2026-04-15,724,N21,VIIRS,n,2.0NRT,311.84,6.18,D
23.58016,91.97318,339.54,0.56,0.43,2026-04-15,724,N21,VIIRS,n,2.0NRT,300.33,27.21,D
23.5808,91.97853,367,0.56,0.43,2026-04-15,724,N21,VIIRS,l,2.0NRT,359.57,221.61,D
23.58091,75.89664,353.91,0.44,0.62,2026-04-15,724,N21,VIIRS,n,2.0NRT,310.21,16.33,D
23.58144,91.98389,349.84,0.56,0.43,2026-04-15,724,N21,VIIRS,n,2.0NRT,301.2,221.61,D
23.58219,75.89269,352.22,0.44,0.62,2026-04-15,724,N21,VIIRS,n,2.0NRT,312.51,14.55,D
23.58252,85.49262,350.49,0.4,0.37,2026-04-15,724,N21,VIIRS,l,2.0NRT,311.52,7.1,D
23.58281,93.77207,342.78,0.48,0.48,2026-04-15,724,N21,VIIRS,n,2.0NRT,306.09,16.83,D
23.58313,75.89681,346.2,0.44,0.62,2026-04-15,724,N21,VIIRS,n,2.0NRT,310.6,14.55,D
23.58329,93.77647,332.29,0.48,0.48,2026-04-15,724,N21,VIIRS,n,2.0NRT,296.52,4.29,D
23.5838,83.38877,337.98,0.47,0.4,2026-04-15,724,N21,VIIRS,l,2.0NRT,310.25,8.88,D
23.58407,91.97256,330.18,0.56,0.43,2026-04-15,724,N21,VIIRS,l,2.0NRT,300.2,7.98,D
23.58471,91.97791,338.98,0.56,0.43,2026-04-15,724,N21,VIIRS,n,2.0NRT,304.8,57.42,D
23.58521,93.55373,338.69,0.46,0.47,2026-04-15,724,N21,VIIRS,n,2.0NRT,299.1,11.85,D
23.58536,91.98329,347.61,0.56,0.43,2026-04-15,724,N21,VIIRS,n,2.0NRT,306.84,57.42,D
23.58557,92.24419,331.39,0.39,0.44,2026-04-15,724,N21,VIIRS,n,2.0NRT,295.74,13.64,D
23.586,91.98869,333.43,0.56,0.43,2026-04-15,724,N21,VIIRS,n,2.0NRT,298.73,17.25,D
23.58606,92.24818,343.04,0.39,0.44,2026-04-15,724,N21,VIIRS,n,2.0NRT,298.01,13.64,D
23.58661,80.92578,344.46,0.42,0.45,2026-04-15,724,N21,VIIRS,n,2.0NRT,314.92,6.5,D
23.58703,92.22309,310.49,0.38,0.44,2026-04-15,724,N21,VIIRS,l,2.0NRT,311.43,63.9,D
23.58742,80.92984,346.59,0.42,0.45,2026-04-15,724,N21,VIIRS,n,2.0NRT,314.29,6.5,D
23.58748,92.22672,343.53,0.38,0.44,2026-04-15,724,N21,VIIRS,n,2.0NRT,298.11,63.9,D
23.58863,91.97733,335.67,0.56,0.43,2026-04-15,724,N21,VIIRS,n,2.0NRT,301.49,57.42,D
23.58928,91.98268,344.43,0.56,0.43,2026-04-15,724,N21,VIIRS,n,2.0NRT,305.4,57.42,D
23.5895,93.55293,335.02,0.46,0.47,2026-04-15,724,N21,VIIRS,n,2.0NRT,300.35,11.85,D
23.58992,91.98808,343.76,0.56,0.43,2026-04-15,724,N21,VIIRS,n,2.0NRT,300.39,17.25,D
23.58994,92.22631,341.8,0.39,0.44,2026-04-15,724,N21,VIIRS,n,2.0NRT,297.88,99.89,D
23.59007,93.55796,333.14,0.46,0.47,2026-04-15,724,N21,VIIRS,n,2.0NRT,298.63,11.85,D
23.59039,84.68697,332.15,0.42,0.38,2026-04-15,724,N21,VIIRS,n,2.0NRT,306.5,1.99,D
23.59044,75.60822,343.76,0.45,0.63,2026-04-15,724,N21,VIIRS,n,2.0NRT,312.53,6.78,D
23.59058,91.99358,343.73,0.56,0.43,2026-04-15,724,N21,VIIRS,n,2.0NRT,301.98,17.25,D
23.59072,80.92489,346.29,0.42,0.45,2026-04-15,724,N21,VIIRS,n,2.0NRT,317.26,8.77,D
23.59092,83.29533,343.8,0.47,0.4,2026-04-15,724,N21,VIIRS,l,2.0NRT,310.17,5.46,D
23.59152,80.92895,348.55,0.42,0.45,2026-04-15,724,N21,VIIRS,n,2.0NRT,315.15,8.77,D
23.59185,91.93774,336.87,0.56,0.43,2026-04-15,724,N21,VIIRS,n,2.0NRT,305.93,52.89,D
23.59223,84.00114,341.5,0.44,0.39,2026-04-15,724,N21,VIIRS,l,2.0NRT,309.75,3.96,D
23.59272,84.30486,348.26,0.43,0.38,2026-04-15,724,N21,VIIRS,l,2.0NRT,313.63,18.45,D
23.5928,84.07443,334.65,0.44,0.38,2026-04-15,724,N21,VIIRS,l,2.0NRT,308.76,9.44,D
23.59296,84.00533,335.15,0.44,0.39,2026-04-15,724,N21,VIIRS,l,2.0NRT,308.94,3.96,D
23.59305,83.20318,339.55,0.48,0.4,2026-04-15,724,N21,VIIRS,l,2.0NRT,312.07,4.49,D
23.59319,91.98209,348.08,0.56,0.43,2026-04-15,724,N21,VIIRS,n,2.0NRT,310.18,102.67,D
23.59384,91.98749,347.23,0.56,0.43,2026-04-15,724,N21,VIIRS,n,2.0NRT,306.62,166.22,D
23.59447,91.95958,342.05,0.56,0.43,2026-04-15,724,N21,VIIRS,n,2.0NRT,301.28,8.79,D
23.59448,83.29438,340.63,0.47,0.4,2026-04-15,724,N21,VIIRS,l,2.0NRT,309.93,5.46,D
23.59463,75.33947,367,0.47,0.64,2026-04-15,724,N21,VIIRS,h,2.0NRT,310.93,12.39,D
23.59478,93.80031,338.93,0.48,0.48,2026-04-15,724,N21,VIIRS,n,2.0NRT,296.01,6.73,D
23.59492,84.05767,340.33,0.44,0.38,2026-04-15,724,N21,VIIRS,n,2.0NRT,309.33,5.09,D
23.59556,84.06947,348.26,0.44,0.38,2026-04-15,724,N21,VIIRS,n,2.0NRT,309.85,10.76,D
23.59566,84.0619,350.54,0.44,0.38,2026-04-15,724,N21,VIIRS,n,2.0NRT,310.69,11.53,D
23.5964,84.06614,354.94,0.44,0.38,2026-04-15,724,N21,VIIRS,n,2.0NRT,312.53,11.53,D
23.59668,84.41145,349.99,0.43,0.38,2026-04-15,724,N21,VIIRS,n,2.0NRT,309.57,8.17,D
23.59714,84.07037,338.92,0.44,0.38,2026-04-15,724,N21,VIIRS,n,2.0NRT,308.82,2.43,D
23.59759,84.06023,350.19,0.44,0.38,2026-04-15,724,N21,VIIRS,n,2.0NRT,310.12,11.59,D
23.59825,84.62793,339.02,0.42,0.38,2026-04-15,724,N21,VIIRS,n,2.0NRT,309.02,3.39,D
23.59831,84.06447,367,0.44,0.38,2026-04-15,724,N21,VIIRS,h,2.0NRT,312.55,11.59,D
23.59838,91.89324,334.35,0.55,0.43,2026-04-15,724,N21,VIIRS,n,2.0NRT,301.6,8.76,D
23.59838,91.95894,333.82,0.56,0.43,2026-04-15,724,N21,VIIRS,n,2.0NRT,300.5,3.32,D
23.59842,91.99239,349.05,0.56,0.43,2026-04-15,724,N21,VIIRS,n,2.0NRT,299.98,166.22,D
23.59944,76.60374,348.93,0.39,0.6,2026-04-15,724,N21,VIIRS,n,2.0NRT,318.02,10.96,D
23.6002,91.7788,342.71,0.55,0.42,2026-04-15,724,N21,VIIRS,n,2.0NRT,299.84,9.28,D
23.60048,81.43053,343.75,0.4,0.44,2026-04-15,724,N21,VIIRS,n,2.0NRT,315.77,4.31,D
23.60086,91.78413,335.6,0.55,0.42,2026-04-15,724,N21,VIIRS,n,2.0NRT,295.86,9.28,D
23.60193,93.82507,339.3,0.48,0.48,2026-04-15,724,N21,VIIRS,n,2.0NRT,297.56,4.2,D
23.60205,93.54763,330.3,0.46,0.47,2026-04-15,724,N21,VIIRS,n,2.0NRT,298.95,4.45,D
23.60218,78.03848,349.47,0.32,0.55,2026-04-15,724,N21,VIIRS,n,2.0NRT,319.25,6.04,D
23.60228,91.89266,347.55,0.55,0.43,2026-04-15,724,N21,VIIRS,n,2.0NRT,302.18,8.76,D
23.60249,77.96761,342.19,0.32,0.55,2026-04-15,724,N21,VIIRS,n,2.0NRT,314.99,40.72,D
23.6038,77.97373,367,0.32,0.55,2026-04-15,724,N21,VIIRS,h,2.0NRT,323.48,34.51,D
23.60422,79.41217,351.85,0.52,0.5,2026-04-15,724,N21,VIIRS,n,2.0NRT,318.66,12.72,D
23.60445,77.97679,367,0.32,0.55,2026-04-15,724,N21,VIIRS,h,2.0NRT,312.2,34.51,D
23.60587,76.58226,350.67,0.39,0.6,2026-04-15,724,N21,VIIRS,n,2.0NRT,317.03,5.27,D
23.60609,77.96028,347.1,0.32,0.55,2026-04-15,724,N21,VIIRS,n,2.0NRT,317.61,10.69,D
23.60623,93.82362,339.48,0.48,0.48,2026-04-15,724,N21,VIIRS,n,2.0NRT,299.21,8.26,D
23.60675,77.96335,367,0.32,0.55,2026-04-15,724,N21,VIIRS,h,2.0NRT,318.17,10.69,D
23.6074,77.96642,367,0.32,0.55,2026-04-15,724,N21,VIIRS,h,2.0NRT,315.18,14.2,D
23.60773,93.83732,338.45,0.48,0.48,2026-04-15,724,N21,VIIRS,n,2.0NRT,300.04,13.87,D
23.60806,77.96948,367,0.32,0.55,2026-04-15,724,N21,VIIRS,h,2.0NRT,317.18,14.2,D
23.60819,93.84154,339.57,0.48,0.48,2026-04-15,724,N21,VIIRS,n,2.0NRT,302.26,28.9,D
23.60821,76.8645,353.57,0.38,0.59,2026-04-15,724,N21,VIIRS,n,2.0NRT,316.87,14.7,D
23.60857,80.08157,343.95,0.48,0.48,2026-04-15,724,N21,VIIRS,l,2.0NRT,317.66,9.61,D
23.60872,77.97256,367,0.32,0.55,2026-04-15,724,N21,VIIRS,l,2.0NRT,325.47,68.64,D
23.60902,76.86806,354.36,0.38,0.59,2026-04-15,724,N21,VIIRS,n,2.0NRT,312.93,14.7,D
23.60937,77.97562,367,0.32,0.55,2026-04-15,724,N21,VIIRS,h,2.0NRT,322.43,68.64,D
23.61004,83.31876,338.19,0.47,0.4,2026-04-15,724,N21,VIIRS,l,2.0NRT,311.49,3.57,D
23.61019,77.73686,341.14,0.33,0.56,2026-04-15,724,N21,VIIRS,l,2.0NRT,312.71,2.61,D
23.61034,94.11325,333.48,0.5,0.49,2026-04-15,724,N21,VIIRS,n,2.0NRT,300.77,3.87,D
23.61145,76.87872,343.74,0.38,0.59,2026-04-15,724,N21,VIIRS,n,2.0NRT,313.11,7.57,D
23.612,93.83548,346.23,0.48,0.48,2026-04-15,724,N21,VIIRS,n,2.0NRT,303.98,13.87,D
23.61206,75.752,340.52,0.44,0.63,2026-04-15,724,N21,VIIRS,l,2.0NRT,313.76,8.7,D
23.61613,93.79213,340.65,0.48,0.48,2026-04-15,724,N21,VIIRS,n,2.0NRT,305.37,10.89,D
23.61628,93.83383,343.89,0.48,0.48,2026-04-15,724,N21,VIIRS,n,2.0NRT,296.5,177.58,D
23.61655,93.79588,343.91,0.48,0.48,2026-04-15,724,N21,VIIRS,n,2.0NRT,304.69,10.89,D
23.6169,77.9381,354.27,0.32,0.55,2026-04-15,724,N21,VIIRS,n,2.0NRT,318.81,10.56,D
23.61734,77.93583,367,0.32,0.55,2026-04-15,724,N21,VIIRS,h,2.0NRT,316.05,12.72,D
23.62535,93.79496,334.28,0.48,0.48,2026-04-15,724,N21,VIIRS,n,2.0NRT,300.97,6.34,D
23.62601,84.00838,335.88,0.44,0.39,2026-04-15,724,N21,VIIRS,l,2.0NRT,310.84,6.94,D
23.62661,76.13831,338.97,0.42,0.61,2026-04-15,724,N21,VIIRS,l,2.0NRT,313.27,5.28,D
23.62716,91.96617,334.62,0.56,0.43,2026-04-15,724,N21,VIIRS,n,2.0NRT,300.13,8.13,D
23.62717,93.5373,338.75,0.46,0.47,2026-04-15,724,N21,VIIRS,n,2.0NRT,298.33,6.68,D
23.62782,91.97155,348.35,0.56,0.43,2026-04-15,724,N21,VIIRS,n,2.0NRT,305.31,28.84,D
23.62786,77.93649,346.46,0.32,0.55,2026-04-15,724,N21,VIIRS,l,2.0NRT,318.16,6.52,D
23.62815,79.25359,353.58,0.54,0.5,2026-04-15,724,N21,VIIRS,l,2.0NRT,324.27,37.81,D
23.62847,91.97688,340.77,0.56,0.43,2026-04-15,724,N21,VIIRS,n,2.0NRT,298.47,28.84,D
23.63094,75.60199,336.25,0.45,0.63,2026-04-15,724,N21,VIIRS,l,2.0NRT,310.92,3.27,D
23.63108,91.96559,336.18,0.56,0.43,2026-04-15,724,N21,VIIRS,n,2.0NRT,299.2,4.77,D
23.63124,93.80785,355.58,0.48,0.48,2026-04-15,724,N21,VIIRS,n,2.0NRT,298.13,12.77,D
23.63269,79.25252,367,0.54,0.5,2026-04-15,724,N21,VIIRS,l,2.0NRT,327.03,37.81,D
23.63306,91.98176,336.66,0.56,0.43,2026-04-15,724,N21,VIIRS,n,2.0NRT,293.07,4.45,D
23.63401,84.48508,333.16,0.42,0.38,2026-04-15,724,N21,VIIRS,l,2.0NRT,306.07,3.73,D
23.63508,78.2401,342.46,0.62,0.54,2026-04-15,724,N21,VIIRS,l,2.0NRT,315.89,8.92,D
23.63572,93.80802,332.06,0.48,0.48,2026-04-15,724,N21,VIIRS,n,2.0NRT,296.59,12.77,D
23.63625,91.75166,338.71,0.54,0.42,2026-04-15,724,N21,VIIRS,n,2.0NRT,299.61,145.52,D
23.63705,78.48438,354.04,0.6,0.53,2026-04-15,724,N21,VIIRS,n,2.0NRT,318.6,20.46,D
23.63743,79.15942,345.26,0.54,0.51,2026-04-15,724,N21,VIIRS,l,2.0NRT,319.05,18.28,D
23.63821,91.75452,339.82,0.54,0.42,2026-04-15,724,N21,VIIRS,n,2.0NRT,306.66,59.36,D
23.64054,93.51839,347.01,0.46,0.47,2026-04-15,724,N21,VIIRS,n,2.0NRT,303.91,8.16,D
23.64057,77.47236,343.38,0.35,0.56,2026-04-15,724,N21,VIIRS,n,2.0NRT,317.62,10.63,D
23.64066,91.72414,346.37,0.54,0.42,2026-04-15,724,N21,VIIRS,n,2.0NRT,302.45,16.99,D
23.64129,77.47562,367,0.35,0.56,2026-04-15,724,N21,VIIRS,h,2.0NRT,321.18,10.63,D
23.64142,91.74844,334.59,0.54,0.42,2026-04-15,724,N21,VIIRS,n,2.0NRT,300.28,11.6,D
23.64142,93.81914,346.36,0.48,0.48,2026-04-15,724,N21,VIIRS,n,2.0NRT,302.18,9.04,D
23.64208,91.75395,337.54,0.54,0.42,2026-04-15,724,N21,VIIRS,n,2.0NRT,301.74,19.6,D
23.64215,91.72163,344.61,0.54,0.42,2026-04-15,724,N21,VIIRS,n,2.0NRT,304.75,31.98,D
23.64341,84.00462,338.08,0.44,0.39,2026-04-15,724,N21,VIIRS,n,2.0NRT,307.03,2.84,D
23.64348,93.58571,337.69,0.47,0.47,2026-04-15,724,N21,VIIRS,n,2.0NRT,302.25,3.05,D
23.64394,75.88902,344.41,0.44,0.62,2026-04-15,724,N21,VIIRS,n,2.0NRT,312.8,4.26,D
23.644,91.7701,340.52,0.55,0.42,2026-04-15,724,N21,VIIRS,n,2.0NRT,300.28,10.98,D
23.64453,91.72362,340.6,0.54,0.42,2026-04-15,724,N21,VIIRS,n,2.0NRT,301.06,16.99,D
23.64545,93.58186,337.92,0.47,0.47,2026-04-15,724,N21,VIIRS,n,2.0NRT,302.56,5.62,D
23.64563,77.47111,340.02,0.35,0.56,2026-04-15,724,N21,VIIRS,n,2.0NRT,314.81,8.93,D
23.64593,93.81961,343.14,0.48,0.48,2026-04-15,724,N21,VIIRS,n,2.0NRT,298.95,9.04,D
23.64603,91.76668,339.13,0.54,0.42,2026-04-15,724,N21,VIIRS,n,2.0NRT,299.91,7.47,D
23.64635,77.47437,367,0.35,0.56,2026-04-15,724,N21,VIIRS,h,2.0NRT,316.96,8.93,D
23.64681,93.82744,367,0.48,0.48,2026-04-15,724,N21,VIIRS,h,2.0NRT,341.83,197.16,D
23.64707,77.47762,367,0.35,0.56,2026-04-15,724,N21,VIIRS,h,2.0NRT,319.6,24.55,D
23.64884,85.4398,341.77,0.4,0.37,2026-04-15,724,N21,VIIRS,l,2.0NRT,316.53,4.89,D
23.64986,91.72037,335.2,0.54,0.42,2026-04-15,724,N21,VIIRS,n,2.0NRT,298.54,9.82,D
23.65103,93.57417,340.99,0.47,0.47,2026-04-15,724,N21,VIIRS,n,2.0NRT,308.88,31.03,D
23.6531,79.7784,347.44,0.5,0.49,2026-04-15,724,N21,VIIRS,l,2.0NRT,318.79,9.27,D
23.65372,91.71971,330.43,0.54,0.42,2026-04-15,724,N21,VIIRS,n,2.0NRT,298.09,4.94,D
23.65378,93.93008,338.68,0.49,0.49,2026-04-15,724,N21,VIIRS,n,2.0NRT,300.1,7.51,D
23.65403,79.78306,354.44,0.5,0.49,2026-04-15,724,N21,VIIRS,n,2.0NRT,318.4,9.27,D
23.65435,91.72496,338.24,0.54,0.42,2026-04-15,724,N21,VIIRS,n,2.0NRT,300.67,4.94,D
23.65533,93.57338,330.55,0.47,0.47,2026-04-15,724,N21,VIIRS,n,2.0NRT,296.45,31.03,D
23.65576,93.82766,338.57,0.48,0.48,2026-04-15,724,N21,VIIRS,n,2.0NRT,298.06,15.63,D
23.65626,91.77364,340.79,0.55,0.42,2026-04-15,724,N21,VIIRS,n,2.0NRT,299.19,10.63,D
23.65842,79.78199,350.1,0.5,0.49,2026-04-15,724,N21,VIIRS,n,2.0NRT,317.89,9.27,D
23.65915,85.73417,336.7,0.39,0.36,2026-04-15,724,N21,VIIRS,l,2.0NRT,310.72,3.83,D
23.65984,91.97234,334.46,0.56,0.43,2026-04-15,724,N21,VIIRS,n,2.0NRT,291.2,9.85,D
23.66041,91.9757,355.06,0.56,0.43,2026-04-15,724,N21,VIIRS,n,2.0NRT,296.08,148.75,D
23.66054,91.97793,349.33,0.56,0.43,2026-04-15,724,N21,VIIRS,n,2.0NRT,293.29,21.05,D
23.66105,91.98121,354.98,0.56,0.43,2026-04-15,724,N21,VIIRS,n,2.0NRT,298.71,235.52,D
23.66121,91.98334,348.38,0.56,0.43,2026-04-15,724,N21,VIIRS,n,2.0NRT,297.85,21.05,D
23.66144,91.71855,339.21,0.54,0.42,2026-04-15,724,N21,VIIRS,n,2.0NRT,300.8,11.61,D
23.66191,88.12856,331.12,0.39,0.36,2026-04-15,724,N21,VIIRS,n,2.0NRT,305.2,1.2,D
23.66446,91.97735,207.38,0.56,0.43,2026-04-15,724,N21,VIIRS,l,2.0NRT,317.91,81.49,D
23.66471,91.71308,343.67,0.54,0.42,2026-04-15,724,N21,VIIRS,n,2.0NRT,300.68,105.62,D
23.66513,91.98273,345.55,0.56,0.43,2026-04-15,724,N21,VIIRS,n,2.0NRT,307.51,81.49,D
23.66531,91.71804,346.83,0.54,0.42,2026-04-15,724,N21,VIIRS,n,2.0NRT,301.67,11.61,D
23.66643,80.30726,344.24,0.46,0.47,2026-04-15,724,N21,VIIRS,l,2.0NRT,315.37,20.02,D
23.66658,91.76108,336.3,0.55,0.42,2026-04-15,724,N21,VIIRS,n,2.0NRT,299.69,49.38,D
23.66667,91.69692,335.33,0.54,0.42,2026-04-15,724,N21,VIIRS,n,2.0NRT,301.22,26.45,D
23.66825,91.97454,339.18,0.56,0.43,2026-04-15,724,N21,VIIRS,n,2.0NRT,298.65,11.39,D
23.66838,91.97674,354.53,0.56,0.43,2026-04-15,724,N21,VIIRS,n,2.0NRT,303.25,81.49,D
23.6687,80.30409,351.93,0.46,0.47,2026-04-15,724,N21,VIIRS,n,2.0NRT,322.32,25.3,D
23.66889,91.97998,349.29,0.56,0.43,2026-04-15,724,N21,VIIRS,n,2.0NRT,302.09,21.04,D
23.66904,91.9821,337.97,0.56,0.43,2026-04-15,724,N21,VIIRS,n,2.0NRT,300.32,81.49,D
23.66981,91.75518,331,0.54,0.42,2026-04-15,724,N21,VIIRS,n,2.0NRT,300.48,5.06,D
23.67045,91.76049,342.03,0.55,0.42,2026-04-15,724,N21,VIIRS,n,2.0NRT,308.12,49.38,D
23.67417,79.01605,343.93,0.55,0.51,2026-04-15,724,N21,VIIRS,n,2.0NRT,317.22,7.39,D
23.67432,91.75988,350.26,0.55,0.42,2026-04-15,724,N21,VIIRS,n,2.0NRT,300.56,24.58,D
23.67848,75.66807,338.61,0.45,0.63,2026-04-15,724,N21,VIIRS,l,2.0NRT,311.58,4.88,D
23.67868,93.91177,291.96,0.49,0.48,2026-04-15,724,N21,VIIRS,l,2.0NRT,304.77,57.08,D
23.67921,93.91644,342.06,0.49,0.48,2026-04-15,724,N21,VIIRS,n,2.0NRT,303.29,57.08,D
23.68051,79.06947,344,0.55,0.51,2026-04-15,724,N21,VIIRS,l,2.0NRT,314.79,13.38,D
23.68117,78.5741,339.54,0.59,0.53,2026-04-15,724,N21,VIIRS,l,2.0NRT,313.99,6.13,D
23.6816,79.07468,349.37,0.55,0.51,2026-04-15,724,N21,VIIRS,n,2.0NRT,317.03,17.72,D
23.68462,91.9111,335.1,0.56,0.43,2026-04-15,724,N21,VIIRS,n,2.0NRT,299.54,4.83,D
23.6852,75.81223,339.4,0.44,0.62,2026-04-15,724,N21,VIIRS,l,2.0NRT,310.34,4.3,D
23.68533,91.78556,331.83,0.55,0.42,2026-04-15,724,N21,VIIRS,n,2.0NRT,297.97,70.34,D
23.68567,86.39311,349.54,0.39,0.36,2026-04-15,724,N21,VIIRS,l,2.0NRT,320.14,10.25,D
23.68661,91.86154,332.9,0.55,0.43,2026-04-15,724,N21,VIIRS,n,2.0NRT,301.08,12.19,D
23.6869,83.5222,336.47,0.46,0.39,2026-04-15,724,N21,VIIRS,l,2.0NRT,311.38,5.66,D
23.68777,75.80834,334.55,0.44,0.62,2026-04-15,724,N21,VIIRS,l,2.0NRT,309.29,4.91,D
23.68805,83.18449,347.03,0.48,0.4,2026-04-15,724,N21,VIIRS,n,2.0NRT,312.91,7.75,D
23.68852,91.94367,338.86,0.56,0.43,2026-04-15,724,N21,VIIRS,n,2.0NRT,302.83,20.77,D
23.68877,75.81255,339.42,0.44,0.62,2026-04-15,724,N21,VIIRS,l,2.0NRT,311.74,7.31,D
23.68891,88.90541,332.17,0.41,0.37,2026-04-15,724,N21,VIIRS,l,2.0NRT,305.22,1.88,D
23.68967,84.41895,336.47,0.43,0.38,2026-04-15,724,N21,VIIRS,l,2.0NRT,311.12,3.8,D
23.69077,75.81078,338.7,0.44,0.62,2026-04-15,724,N21,VIIRS,l,2.0NRT,311.23,9.24,D
23.69133,75.64658,367,0.45,0.63,2026-04-15,724,N21,VIIRS,h,2.0NRT,313.93,11.66,D
23.69165,94.23228,330.34,0.51,0.49,2026-04-15,724,N21,VIIRS,n,2.0NRT,299.1,4.43,D
23.69243,91.94303,342.58,0.56,0.43,2026-04-15,724,N21,VIIRS,n,2.0NRT,300.81,20.77,D
23.6937,91.75712,335.72,0.55,0.42,2026-04-15,724,N21,VIIRS,n,2.0NRT,296.05,26,D
23.69808,77.9741,367,0.32,0.55,2026-04-15,724,N21,VIIRS,h,2.0NRT,320.34,5.56,D
23.69961,91.93645,333.63,0.56,0.43,2026-04-15,724,N21,VIIRS,n,2.0NRT,300.04,5.93,D
23.6997,78.0773,343.5,0.63,0.54,2026-04-15,724,N21,VIIRS,l,2.0NRT,315.83,13.82,D
23.70044,93.90928,348.2,0.49,0.48,2026-04-15,724,N21,VIIRS,n,2.0NRT,301.52,10.3,D
23.70122,77.45712,367,0.35,0.56,2026-04-15,724,N21,VIIRS,h,2.0NRT,313.14,23.89,D
23.70155,77.0835,338.79,0.37,0.58,2026-04-15,724,N21,VIIRS,l,2.0NRT,312.63,2.09,D
23.70156,91.85395,333.3,0.55,0.43,2026-04-15,724,N21,VIIRS,n,2.0NRT,300.24,13.89,D
23.70194,77.46043,367,0.35,0.56,2026-04-15,724,N21,VIIRS,h,2.0NRT,314.81,23.89,D
23.70267,77.46375,367,0.35,0.56,2026-04-15,724,N21,VIIRS,h,2.0NRT,313.73,29.37,D
23.70338,77.46703,367,0.35,0.56,2026-04-15,724,N21,VIIRS,h,2.0NRT,322.73,29.37,D
23.70362,77.97591,342.02,0.32,0.55,2026-04-15,724,N21,VIIRS,n,2.0NRT,316.05,5.56,D
23.70399,91.68087,335.64,0.54,0.42,2026-04-15,724,N21,VIIRS,n,2.0NRT,301.74,17.9,D
23.70427,77.97894,349.98,0.32,0.55,2026-04-15,724,N21,VIIRS,n,2.0NRT,317.23,7.71,D
23.70495,93.90945,345.74,0.49,0.48,2026-04-15,724,N21,VIIRS,n,2.0NRT,303.86,8.62,D
23.70554,77.45248,367,0.35,0.56,2026-04-15,724,N21,VIIRS,h,2.0NRT,317.78,14.02,D
23.70626,77.4558,346.15,0.35,0.56,2026-04-15,724,N21,VIIRS,n,2.0NRT,316.13,11.99,D
23.70879,92.01294,342.7,0.56,0.43,2026-04-15,724,N21,VIIRS,n,2.0NRT,299.12,11.64,D
23.70913,83.92023,338.86,0.44,0.39,2026-04-15,724,N21,VIIRS,l,2.0NRT,311.71,5.25,D
23.70914,91.69071,333.51,0.54,0.42,2026-04-15,724,N21,VIIRS,n,2.0NRT,300.73,9.74,D
23.70979,91.69596,346.87,0.54,0.42,2026-04-15,724,N21,VIIRS,n,2.0NRT,300.19,9.74,D
23.71146,86.44987,350.57,0.39,0.36,2026-04-15,724,N21,VIIRS,l,2.0NRT,323.49,12.1,D
23.71191,77.50614,350.82,0.34,0.56,2026-04-15,724,N21,VIIRS,n,2.0NRT,314.67,4.18,D
23.71299,91.69014,336.82,0.54,0.42,2026-04-15,724,N21,VIIRS,n,2.0NRT,304.26,29.52,D
23.71365,91.69539,351.11,0.54,0.42,2026-04-15,724,N21,VIIRS,n,2.0NRT,300.92,29.52,D
23.71421,78.51862,352.22,0.59,0.53,2026-04-15,724,N21,VIIRS,n,2.0NRT,317.33,27.79,D
23.71461,91.89597,340.37,0.56,0.43,2026-04-15,724,N21,VIIRS,n,2.0NRT,309.4,74.31,D
23.71662,91.9453,335.49,0.56,0.43,2026-04-15,724,N21,VIIRS,n,2.0NRT,301.17,15.85,D
23.71685,91.68958,341.64,0.54,0.42,2026-04-15,724,N21,VIIRS,n,2.0NRT,301.64,29.52,D
23.71695,77.50491,346.19,0.34,0.56,2026-04-15,724,N21,VIIRS,n,2.0NRT,314.36,3.98,D
23.71821,79.38713,346.46,0.52,0.5,2026-04-15,724,N21,VIIRS,n,2.0NRT,319.06,11.13,D
23.72038,91.84573,333.97,0.55,0.43,2026-04-15,724,N21,VIIRS,n,2.0NRT,296.5,4.64,D
23.72069,77.4486,337.51,0.35,0.56,2026-04-15,724,N21,VIIRS,l,2.0NRT,311.64,1.87,D
23.72104,91.85116,337.15,0.55,0.43,2026-04-15,724,N21,VIIRS,n,2.0NRT,299.98,10.76,D
23.72169,92.22353,354.98,0.39,0.44,2026-04-15,724,N21,VIIRS,n,2.0NRT,302.26,29.41,D
23.72238,91.86205,334.9,0.55,0.43,2026-04-15,724,N21,VIIRS,n,2.0NRT,298.19,7.77,D
23.72257,92.23099,345.36,0.39,0.44,2026-04-15,724,N21,VIIRS,n,2.0NRT,300.71,48.53,D
23.72272,79.38614,346.68,0.52,0.5,2026-04-15,724,N21,VIIRS,n,2.0NRT,319.51,11.13,D
23.7229,78.88619,350.15,0.56,0.52,2026-04-15,724,N21,VIIRS,n,2.0NRT,317.67,15.38,D
23.72322,91.99991,333.23,0.56,0.43,2026-04-15,724,N21,VIIRS,n,2.0NRT,301.29,8.11,D
23.72353,77.44759,345.15,0.35,0.56,2026-04-15,724,N21,VIIRS,n,2.0NRT,315.01,4.61,D
23.72405,75.63333,337.96,0.45,0.63,2026-04-15,724,N21,VIIRS,l,2.0NRT,309.42,3.82,D
23.72442,93.64083,343.76,0.47,0.48,2026-04-15,724,N21,VIIRS,n,2.0NRT,302.12,50.29,D
23.72523,92.21915,294.41,0.39,0.44,2026-04-15,724,N21,VIIRS,l,2.0NRT,299.95,29.41,D
23.72561,91.85603,330.3,0.55,0.43,2026-04-15,724,N21,VIIRS,n,2.0NRT,299.56,25.12,D
23.72568,92.22295,351.72,0.39,0.44,2026-04-15,724,N21,VIIRS,n,2.0NRT,305.15,29.41,D
23.72628,91.86149,335.19,0.55,0.43,2026-04-15,724,N21,VIIRS,n,2.0NRT,299.37,11.45,D
23.72725,93.62672,341.38,0.47,0.48,2026-04-15,724,N21,VIIRS,n,2.0NRT,303.06,33.68,D
23.72742,92.23768,331.58,0.39,0.44,2026-04-15,724,N21,VIIRS,n,2.0NRT,293.43,12.55,D
23.72784,92.24127,347.04,0.39,0.44,2026-04-15,724,N21,VIIRS,n,2.0NRT,303.68,25.3,D
23.72786,77.44312,349.72,0.35,0.56,2026-04-15,724,N21,VIIRS,n,2.0NRT,317.05,7.1,D
23.72816,93.63479,309.27,0.47,0.48,2026-04-15,724,N21,VIIRS,l,2.0NRT,310.19,48.75,D
23.72844,83.34718,341.84,0.47,0.4,2026-04-15,724,N21,VIIRS,l,2.0NRT,312.46,6.84,D
23.72869,93.63954,337.94,0.47,0.48,2026-04-15,724,N21,VIIRS,l,2.0NRT,311.33,87.69,D
23.72967,92.22241,334.36,0.39,0.44,2026-04-15,724,N21,VIIRS,n,2.0NRT,297.63,6.15,D
23.72977,77.23477,354.56,0.36,0.57,2026-04-15,724,N21,VIIRS,n,2.0NRT,316.35,14.29,D
23.73012,77.44287,348.53,0.35,0.56,2026-04-15,724,N21,VIIRS,n,2.0NRT,315.62,8.74,D
23.73018,91.86092,348.17,0.55,0.43,2026-04-15,724,N21,VIIRS,n,2.0NRT,297.84,11.45,D
23.73052,77.23816,346.22,0.36,0.57,2026-04-15,724,N21,VIIRS,n,2.0NRT,314.64,13.31,D
23.73085,91.86634,333.11,0.55,0.43,2026-04-15,724,N21,VIIRS,n,2.0NRT,298.75,11.45,D
23.73148,93.66431,339.44,0.47,0.48,2026-04-15,724,N21,VIIRS,n,2.0NRT,298.74,22.1,D
23.73152,83.46823,340.13,0.46,0.39,2026-04-15,724,N21,VIIRS,l,2.0NRT,309.78,2.29,D
23.73184,92.24079,346.16,0.39,0.44,2026-04-15,724,N21,VIIRS,n,2.0NRT,298.66,14.13,D
23.73227,92.24437,367,0.39,0.44,2026-04-15,724,N21,VIIRS,h,2.0NRT,301.77,14.13,D
23.73294,91.94836,334.02,0.56,0.43,2026-04-15,724,N21,VIIRS,n,2.0NRT,298.49,6.11,D
23.7331,92.04858,331.25,0.57,0.43,2026-04-15,724,N21,VIIRS,n,2.0NRT,297.11,4.55,D
23.73488,77.23344,367,0.36,0.57,2026-04-15,724,N21,VIIRS,h,2.0NRT,315.52,8.59,D
23.73542,92.23671,340.48,0.39,0.44,2026-04-15,724,N21,VIIRS,n,2.0NRT,297.83,5.01,D
23.73548,91.904,337.63,0.56,0.43,2026-04-15,724,N21,VIIRS,n,2.0NRT,297.8,11.8,D
23.73549,93.62164,339.87,0.47,0.48,2026-04-15,724,N21,VIIRS,n,2.0NRT,302.64,13.85,D
23.73594,93.66468,339.85,0.47,0.48,2026-04-15,724,N21,VIIRS,n,2.0NRT,300.99,22.1,D
23.73598,86.43382,352.04,0.39,0.36,2026-04-15,724,N21,VIIRS,l,2.0NRT,323.35,7.15,D
23.73692,78.2742,347.56,0.61,0.54,2026-04-15,724,N21,VIIRS,n,2.0NRT,317.15,13.77,D
23.73753,92.18622,342.51,0.38,0.44,2026-04-15,724,N21,VIIRS,n,2.0NRT,297.63,8.46,D
23.73891,92.19784,331.84,0.39,0.44,2026-04-15,724,N21,VIIRS,n,2.0NRT,294.52,5.71,D
23.73926,86.43322,347.45,0.39,0.36,2026-04-15,724,N21,VIIRS,l,2.0NRT,321.85,7.15,D
23.73932,93.81402,336.39,0.48,0.48,2026-04-15,724,N21,VIIRS,n,2.0NRT,307.24,57.91,D
23.73988,91.57256,333.76,0.53,0.42,2026-04-15,724,N21,VIIRS,n,2.0NRT,299.8,6.74,D
23.741,92.04752,331.11,0.57,0.43,2026-04-15,724,N21,VIIRS,n,2.0NRT,300.59,17.66,D
23.74243,92.19342,337.95,0.38,0.44,2026-04-15,724,N21,VIIRS,n,2.0NRT,296.92,75.27,D
23.74288,92.19722,348.74,0.39,0.44,2026-04-15,724,N21,VIIRS,n,2.0NRT,305.98,75.27,D
23.74334,92.20103,352.71,0.39,0.44,2026-04-15,724,N21,VIIRS,n,2.0NRT,299.68,51.66,D
23.74335,91.73209,344.96,0.54,0.42,2026-04-15,724,N21,VIIRS,n,2.0NRT,299.69,11.03,D
23.74351,91.70049,332.56,0.54,0.42,2026-04-15,724,N21,VIIRS,n,2.0NRT,298.77,5.61,D
23.74371,91.57194,336.27,0.53,0.42,2026-04-15,724,N21,VIIRS,n,2.0NRT,300,15.54,D
23.74425,92.20871,339.32,0.39,0.44,2026-04-15,724,N21,VIIRS,n,2.0NRT,298.72,4.93,D
23.74495,92.04697,335.67,0.57,0.43,2026-04-15,724,N21,VIIRS,n,2.0NRT,298.67,17.66,D
23.74587,91.70145,336.77,0.54,0.42,2026-04-15,724,N21,VIIRS,n,2.0NRT,298.68,6.37,D
23.7459,91.73296,335.03,0.54,0.42,2026-04-15,724,N21,VIIRS,n,2.0NRT,301.27,11.93,D
23.74594,92.18897,344.34,0.38,0.44,2026-04-15,724,N21,VIIRS,n,2.0NRT,303.1,62.96,D
23.74626,88.41003,340.96,0.4,0.37,2026-04-15,724,N21,VIIRS,n,2.0NRT,310.58,4.14,D
23.7464,92.19278,340.57,0.38,0.44,2026-04-15,724,N21,VIIRS,l,2.0NRT,311.67,75.27,D
23.74668,93.64246,348.2,0.47,0.48,2026-04-15,724,N21,VIIRS,n,2.0NRT,305.03,62.74,D
23.74681,78.46077,343.28,0.6,0.53,2026-04-15,724,N21,VIIRS,n,2.0NRT,315.41,8.98,D
23.74685,92.1966,367,0.39,0.44,2026-04-15,724,N21,VIIRS,l,2.0NRT,326,75.27,D
23.74732,92.20045,350.97,0.39,0.44,2026-04-15,724,N21,VIIRS,n,2.0NRT,301.72,51.66,D
23.74747,93.63767,337.4,0.47,0.48,2026-04-15,724,N21,VIIRS,n,2.0NRT,295.56,34.65,D
23.74765,93.76883,338.47,0.48,0.48,2026-04-15,724,N21,VIIRS,n,2.0NRT,301.98,3.94,D
23.748,78.46635,343.2,0.6,0.53,2026-04-15,724,N21,VIIRS,n,2.0NRT,314.56,8.98,D
23.7482,93.64476,340.96,0.47,0.48,2026-04-15,724,N21,VIIRS,n,2.0NRT,305.89,34.65,D
23.74991,92.18828,346.78,0.38,0.44,2026-04-15,724,N21,VIIRS,n,2.0NRT,297.82,9.11,D
23.75037,92.19216,349.12,0.38,0.44,2026-04-15,724,N21,VIIRS,n,2.0NRT,298.16,24.65,D
23.75084,92.19604,341.84,0.39,0.44,2026-04-15,724,N21,VIIRS,n,2.0NRT,305.01,24.65,D
23.75112,91.90176,342.51,0.56,0.43,2026-04-15,724,N21,VIIRS,n,2.0NRT,298.9,38.7,D
23.7513,92.19992,344.54,0.39,0.44,2026-04-15,724,N21,VIIRS,n,2.0NRT,297.32,22.9,D
23.75166,92.10233,344.46,0.57,0.43,2026-04-15,724,N21,VIIRS,n,2.0NRT,297.79,14.38,D
23.75178,91.90711,344.92,0.56,0.43,2026-04-15,724,N21,VIIRS,n,2.0NRT,298.8,38.7,D
23.75266,92.21131,341.88,0.39,0.44,2026-04-15,724,N21,VIIRS,n,2.0NRT,302.93,36.56,D
23.75284,92.04589,334.19,0.57,0.43,2026-04-15,724,N21,VIIRS,n,2.0NRT,298.94,14.5,D
23.7529,91.85209,336.43,0.55,0.43,2026-04-15,724,N21,VIIRS,n,2.0NRT,294.64,10.46,D
23.75297,93.8564,339.33,0.49,0.48,2026-04-15,724,N21,VIIRS,n,2.0NRT,298.63,9.77,D
23.75302,91.88496,340.34,0.55,0.43,2026-04-15,724,N21,VIIRS,n,2.0NRT,298.46,8.86,D
23.75411,91.85628,347.97,0.55,0.43,2026-04-15,724,N21,VIIRS,n,2.0NRT,294.25,26.16,D
23.75412,92.02352,345.11,0.56,0.43,2026-04-15,724,N21,VIIRS,n,2.0NRT,304.13,46.85,D
23.75502,81.05113,340.59,0.41,0.45,2026-04-15,724,N21,VIIRS,l,2.0NRT,314.79,6.14,D
23.75679,92.04535,337.78,0.57,0.43,2026-04-15,724,N21,VIIRS,n,2.0NRT,299.24,10.08,D
23.75695,93.812,340.93,0.48,0.48,2026-04-15,724,N21,VIIRS,n,2.0NRT,305.37,26.41,D
23.757,92.11312,331.87,0.57,0.43,2026-04-15,724,N21,VIIRS,n,2.0NRT,297.51,125.67,D
23.7577,91.92274,331.66,0.56,0.43,2026-04-15,724,N21,VIIRS,n,2.0NRT,298.48,36.27,D
23.75806,92.02299,341.51,0.56,0.43,2026-04-15,724,N21,VIIRS,n,2.0NRT,303.25,46.85,D
23.75819,94.28106,334.7,0.52,0.5,2026-04-15,724,N21,VIIRS,n,2.0NRT,299.67,6.78,D
23.75894,91.90067,339.04,0.56,0.43,2026-04-15,724,N21,VIIRS,n,2.0NRT,295.44,14.47,D
23.7592,91.89953,344.33,0.56,0.43,2026-04-15,724,N21,VIIRS,n,2.0NRT,295.61,17.69,D
23.75928,92.00026,332.21,0.56,0.43,2026-04-15,724,N21,VIIRS,n,2.0NRT,299.52,3.84,D
23.76144,93.81219,339.99,0.48,0.48,2026-04-15,724,N21,VIIRS,n,2.0NRT,302.54,26.41,D
23.76162,91.92219,338.48,0.56,0.43,2026-04-15,724,N21,VIIRS,n,2.0NRT,299.38,36.27,D
23.76174,91.9211,340.61,0.56,0.43,2026-04-15,724,N21,VIIRS,n,2.0NRT,303.89,106.16,D
23.76249,88.21348,336.26,0.4,0.37,2026-04-15,724,N21,VIIRS,l,2.0NRT,309.84,4.21,D
23.764,91.73996,342.36,0.55,0.42,2026-04-15,724,N21,VIIRS,n,2.0NRT,298.13,32.01,D
23.76422,92.10628,334.68,0.57,0.43,2026-04-15,724,N21,VIIRS,n,2.0NRT,300.14,43.13,D
23.76558,92.11747,333.17,0.57,0.43,2026-04-15,724,N21,VIIRS,n,2.0NRT,298.53,8.24,D
23.76618,83.28716,338.08,0.47,0.4,2026-04-15,724,N21,VIIRS,n,2.0NRT,311.07,5.88,D
23.76624,86.40483,346.37,0.39,0.36,2026-04-15,724,N21,VIIRS,l,2.0NRT,321.33,10.17,D
23.76626,92.123,335.68,0.57,0.43,2026-04-15,724,N21,VIIRS,n,2.0NRT,300.15,13.33,D
23.76646,82.41522,333.79,0.52,0.42,2026-04-15,724,N21,VIIRS,l,2.0NRT,308.02,3.69,D
23.76681,91.96427,337.07,0.56,0.43,2026-04-15,724,N21,VIIRS,n,2.0NRT,297.18,6.95,D
23.76683,92.09464,335.65,0.57,0.43,2026-04-15,724,N21,VIIRS,n,2.0NRT,298.16,22.53,D
23.76695,91.96525,334.13,0.56,0.43,2026-04-15,724,N21,VIIRS,n,2.0NRT,298.05,6.67,D
23.76877,91.91567,339.13,0.56,0.43,2026-04-15,724,N21,VIIRS,n,2.0NRT,299.66,10.87,D
23.76893,91.91454,338.17,0.56,0.43,2026-04-15,724,N21,VIIRS,n,2.0NRT,299.55,7.08,D
23.76921,91.75055,333.78,0.55,0.42,2026-04-15,724,N21,VIIRS,n,2.0NRT,299.13,6.23,D
23.76965,86.65023,338.98,0.38,0.36,2026-04-15,724,N21,VIIRS,n,2.0NRT,313.6,5.04,D
23.76977,83.2864,343.36,0.47,0.4,2026-04-15,724,N21,VIIRS,n,2.0NRT,310.72,5.88,D
23.77011,92.08858,337.97,0.57,0.43,2026-04-15,724,N21,VIIRS,n,2.0NRT,294.55,32.04,D
23.77078,92.09404,343.13,0.57,0.43,2026-04-15,724,N21,VIIRS,n,2.0NRT,302.47,32.04,D
23.77082,76.3153,367,0.41,0.6,2026-04-15,724,N21,VIIRS,h,2.0NRT,318.7,20.78,D
23.77176,77.94989,352.88,0.32,0.55,2026-04-15,724,N21,VIIRS,n,2.0NRT,319.83,8.27,D
23.7735,86.365,346.09,0.39,0.36,2026-04-15,724,N21,VIIRS,l,2.0NRT,319.04,8.39,D
23.77629,91.74384,333.46,0.55,0.42,2026-04-15,724,N21,VIIRS,n,2.0NRT,300.81,18.43,D
23.77947,86.20966,351.8,0.39,0.36,2026-04-15,724,N21,VIIRS,n,2.0NRT,322.47,12.09,D
23.7809,86.39057,350.97,0.39,0.36,2026-04-15,724,N21,VIIRS,l,2.0NRT,322.71,13.31,D
23.7815,91.72173,332.13,0.54,0.42,2026-04-15,724,N21,VIIRS,n,2.0NRT,298.81,4.38,D
23.78166,92.09148,341.34,0.57,0.43,2026-04-15,724,N21,VIIRS,n,2.0NRT,292.81,8.43,D
23.78212,79.18944,344.6,0.54,0.51,2026-04-15,724,N21,VIIRS,n,2.0NRT,317.85,10.94,D
23.78239,83.20429,346.9,0.48,0.4,2026-04-15,724,N21,VIIRS,n,2.0NRT,312.24,5.1,D
23.78264,92.09228,335.44,0.57,0.43,2026-04-15,724,N21,VIIRS,n,2.0NRT,295,5.93,D
23.78295,92.10259,345.24,0.57,0.43,2026-04-15,724,N21,VIIRS,n,2.0NRT,299.18,7.95,D
23.78334,82.85411,343.69,0.5,0.41,2026-04-15,724,N21,VIIRS,l,2.0NRT,315.17,9.02,D
23.78401,92.10337,335.72,0.57,0.43,2026-04-15,724,N21,VIIRS,n,2.0NRT,298.31,68.23,D
23.78538,91.75372,334.01,0.55,0.42,2026-04-15,724,N21,VIIRS,n,2.0NRT,298.65,12.02,D
23.78658,93.63201,339.3,0.47,0.48,2026-04-15,724,N21,VIIRS,n,2.0NRT,296.71,6.62,D
23.78666,91.69949,332.66,0.54,0.42,2026-04-15,724,N21,VIIRS,n,2.0NRT,298.5,4.92,D
23.7873,91.7696,338.35,0.55,0.42,2026-04-15,724,N21,VIIRS,n,2.0NRT,301.98,31.51,D
23.7886,91.71532,345.78,0.54,0.42,2026-04-15,724,N21,VIIRS,n,2.0NRT,297.78,8.51,D
23.78971,93.62032,341.18,0.47,0.48,2026-04-15,724,N21,VIIRS,n,2.0NRT,302.97,14.48,D
23.79046,93.62714,350.4,0.47,0.48,2026-04-15,724,N21,VIIRS,n,2.0NRT,306.56,61.09,D
23.79248,91.77972,339.23,0.55,0.43,2026-04-15,724,N21,VIIRS,n,2.0NRT,297.5,18.69,D
23.79407,93.61991,367,0.47,0.48,2026-04-15,724,N21,VIIRS,h,2.0NRT,308.98,14.48,D
23.79446,93.62341,351.76,0.47,0.48,2026-04-15,724,N21,VIIRS,n,2.0NRT,304.63,61.09,D
23.79483,93.62671,336.96,0.47,0.48,2026-04-15,724,N21,VIIRS,n,2.0NRT,298.35,61.09,D
23.7949,79.1594,343.58,0.54,0.51,2026-04-15,724,N21,VIIRS,n,2.0NRT,317.51,12.68,D
23.79502,92.06229,332.79,0.57,0.43,2026-04-15,724,N21,VIIRS,n,2.0NRT,297.88,6.95,D
23.79508,91.76861,343.64,0.55,0.42,2026-04-15,724,N21,VIIRS,n,2.0NRT,296.37,38.99,D
23.7952,92.09618,337.4,0.57,0.43,2026-04-15,724,N21,VIIRS,n,2.0NRT,298,11.38,D
23.79532,86.35326,342.64,0.39,0.36,2026-04-15,724,N21,VIIRS,l,2.0NRT,314.08,9.02,D
23.79544,94.3707,333.39,0.52,0.5,2026-04-15,724,N21,VIIRS,n,2.0NRT,298.55,4.08,D
23.79815,92.09481,367,0.57,0.43,2026-04-15,724,N21,VIIRS,h,2.0NRT,300.48,14.98,D
23.79818,92.06088,334.68,0.57,0.43,2026-04-15,724,N21,VIIRS,n,2.0NRT,299.82,15.31,D
23.79826,76.00538,367,0.42,0.61,2026-04-15,724,N21,VIIRS,h,2.0NRT,315.75,12.66,D
23.79848,76.33656,367,0.41,0.6,2026-04-15,724,N21,VIIRS,h,2.0NRT,313.59,10.94,D
23.79879,92.10033,341.25,0.57,0.43,2026-04-15,724,N21,VIIRS,n,2.0NRT,298.62,13.28,D
23.79883,92.06638,345.86,0.57,0.43,2026-04-15,724,N21,VIIRS,n,2.0NRT,303.95,96.03,D
23.7989,80.97557,345.65,0.42,0.45,2026-04-15,724,N21,VIIRS,n,2.0NRT,316.75,5.92,D
23.79903,92.13678,339.51,0.38,0.43,2026-04-15,724,N21,VIIRS,n,2.0NRT,298.04,3.97,D
23.79916,92.09566,349.99,0.57,0.43,2026-04-15,724,N21,VIIRS,n,2.0NRT,299.24,11.38,D
23.79963,80.97433,344.36,0.42,0.45,2026-04-15,724,N21,VIIRS,n,2.0NRT,316.09,5.47,D
23.79985,92.1012,348.65,0.57,0.43,2026-04-15,724,N21,VIIRS,n,2.0NRT,298.04,11.38,D
23.79991,76.33667,367,0.4,0.6,2026-04-15,724,N21,VIIRS,h,2.0NRT,312.85,10.74,D
23.80025,77.84202,367,0.33,0.55,2026-04-15,724,N21,VIIRS,h,2.0NRT,319.35,21.08,D
23.80079,92.08308,345.12,0.57,0.43,2026-04-15,724,N21,VIIRS,n,2.0NRT,301.05,50.11,D
23.8014,78.88968,345.73,0.56,0.51,2026-04-15,724,N21,VIIRS,l,2.0NRT,317.78,14.17,D
23.80145,92.08867,338.07,0.57,0.43,2026-04-15,724,N21,VIIRS,n,2.0NRT,295.33,14.98,D
23.80151,93.60741,345.09,0.47,0.48,2026-04-15,724,N21,VIIRS,n,2.0NRT,296.76,7.6,D
23.8017,82.85027,343.39,0.5,0.41,2026-04-15,724,N21,VIIRS,n,2.0NRT,313.74,4.92,D
23.80214,92.06036,339.43,0.57,0.43,2026-04-15,724,N21,VIIRS,n,2.0NRT,299.55,16.34,D
23.80221,77.46603,340.75,0.34,0.56,2026-04-15,724,N21,VIIRS,n,2.0NRT,315.52,5.8,D
23.80251,78.89504,350.06,0.56,0.51,2026-04-15,724,N21,VIIRS,n,2.0NRT,318.7,9.91,D
23.80279,92.06586,340.8,0.57,0.43,2026-04-15,724,N21,VIIRS,n,2.0NRT,297.43,13.24,D
23.80474,92.08243,338.24,0.57,0.43,2026-04-15,724,N21,VIIRS,n,2.0NRT,299.04,28.67,D
23.80478,79.73847,352.15,0.5,0.49,2026-04-15,724,N21,VIIRS,n,2.0NRT,321.99,13.98,D
23.80519,77.84083,346.5,0.33,0.55,2026-04-15,724,N21,VIIRS,n,2.0NRT,317.71,21.08,D
23.80537,82.84949,341.73,0.5,0.41,2026-04-15,724,N21,VIIRS,n,2.0NRT,315.72,5.14,D
23.80567,77.83996,344.54,0.33,0.55,2026-04-15,724,N21,VIIRS,l,2.0NRT,317.04,7.66,D
23.80726,77.46481,367,0.34,0.56,2026-04-15,724,N21,VIIRS,h,2.0NRT,318.95,15.52,D
23.80739,92.07082,334.08,0.57,0.43,2026-04-15,724,N21,VIIRS,n,2.0NRT,296.74,13.24,D
23.80804,92.07629,335.35,0.57,0.43,2026-04-15,724,N21,VIIRS,n,2.0NRT,297.08,28.67,D
23.80804,92.11048,331.04,0.57,0.43,2026-04-15,724,N21,VIIRS,n,2.0NRT,297.08,9.83,D
23.80868,77.47133,343.9,0.34,0.56,2026-04-15,724,N21,VIIRS,n,2.0NRT,315.72,6.32,D
23.80874,91.88133,343.47,0.56,0.43,2026-04-15,724,N21,VIIRS,n,2.0NRT,299.15,18.94,D
23.80916,79.73744,367,0.5,0.49,2026-04-15,724,N21,VIIRS,h,2.0NRT,324.59,24.27,D
23.80924,77.83258,342.9,0.33,0.55,2026-04-15,724,N21,VIIRS,l,2.0NRT,316.9,8.21,D
23.80929,82.82882,341.27,0.5,0.41,2026-04-15,724,N21,VIIRS,n,2.0NRT,315.44,5.07,D
23.8107,92.06477,344.6,0.57,0.43,2026-04-15,724,N21,VIIRS,n,2.0NRT,298.38,17.26,D
23.81162,93.46227,340.3,0.46,0.47,2026-04-15,724,N21,VIIRS,n,2.0NRT,310.14,29.4,D
23.81207,93.46628,344.13,0.46,0.47,2026-04-15,724,N21,VIIRS,n,2.0NRT,307.54,29.4,D
23.81214,92.14528,351.16,0.38,0.43,2026-04-15,724,N21,VIIRS,n,2.0NRT,300.08,24.79,D
23.8125,91.74954,342.3,0.55,0.42,2026-04-15,724,N21,VIIRS,n,2.0NRT,298.23,33.9,D
23.81264,91.88069,331.91,0.56,0.43,2026-04-15,724,N21,VIIRS,n,2.0NRT,297.54,3.96,D
23.81272,92.01423,330.39,0.57,0.43,2026-04-15,724,N21,VIIRS,n,2.0NRT,297.48,4.25,D
23.81292,93.47378,367,0.46,0.47,2026-04-15,724,N21,VIIRS,h,2.0NRT,307.62,22.24,D
23.81307,77.82912,349.17,0.33,0.55,2026-04-15,724,N21,VIIRS,n,2.0NRT,316.32,7.95,D
23.81321,93.79495,336.6,0.48,0.48,2026-04-15,724,N21,VIIRS,n,2.0NRT,298.45,6.16,D
23.81336,93.47768,340.45,0.46,0.47,2026-04-15,724,N21,VIIRS,n,2.0NRT,301.9,9.58,D
23.81349,77.82831,345.2,0.33,0.55,2026-04-15,724,N21,VIIRS,n,2.0NRT,314.96,3.82,D
23.81373,77.47009,367,0.34,0.56,2026-04-15,724,N21,VIIRS,h,2.0NRT,317.76,6.32,D
23.81373,77.83221,344.97,0.33,0.55,2026-04-15,724,N21,VIIRS,l,2.0NRT,316.77,11.05,D
23.81394,79.09001,341.08,0.54,0.51,2026-04-15,724,N21,VIIRS,l,2.0NRT,315.72,7.75,D
23.81417,77.83138,343.86,0.33,0.55,2026-04-15,724,N21,VIIRS,l,2.0NRT,316.75,9.55,D
23.81531,92.10375,351.73,0.57,0.43,2026-04-15,724,N21,VIIRS,n,2.0NRT,297.56,12.23,D
23.81573,92.14149,334.28,0.38,0.43,2026-04-15,724,N21,VIIRS,n,2.0NRT,291.61,4.76,D
23.81595,92.07519,344.23,0.57,0.43,2026-04-15,724,N21,VIIRS,n,2.0NRT,298.7,13.4,D
23.81597,92.10934,355.73,0.57,0.43,2026-04-15,724,N21,VIIRS,n,2.0NRT,300.55,17.69,D
23.81636,93.46557,349.2,0.46,0.47,2026-04-15,724,N21,VIIRS,n,2.0NRT,316.86,32.22,D
23.81661,92.08074,339.08,0.57,0.43,2026-04-15,724,N21,VIIRS,n,2.0NRT,298.11,13.4,D
23.8168,93.46935,355.33,0.46,0.47,2026-04-15,724,N21,VIIRS,n,2.0NRT,309.68,63.46,D
23.81724,93.4733,346.05,0.46,0.47,2026-04-15,724,N21,VIIRS,n,2.0NRT,313.65,63.46,D
23.81728,92.08636,333.43,0.57,0.43,2026-04-15,724,N21,VIIRS,n,2.0NRT,297.5,5.68,D
23.81772,93.47754,340.48,0.46,0.47,2026-04-15,724,N21,VIIRS,n,2.0NRT,303.17,26.51,D
23.81843,77.82712,343.05,0.33,0.55,2026-04-15,724,N21,VIIRS,l,2.0NRT,315.9,3.82,D
23.81926,92.06918,330.44,0.57,0.43,2026-04-15,724,N21,VIIRS,n,2.0NRT,297.09,16.63,D
23.81929,92.10336,340.22,0.57,0.43,2026-04-15,724,N21,VIIRS,n,2.0NRT,297.86,12.23,D
23.81991,92.07468,349.89,0.57,0.43,2026-04-15,724,N21,VIIRS,n,2.0NRT,309.91,51.54,D
23.81994,92.10887,335.07,0.57,0.43,2026-04-15,724,N21,VIIRS,n,2.0NRT,297.24,17.69,D
23.82065,93.46479,339.11,0.46,0.47,2026-04-15,724,N21,VIIRS,n,2.0NRT,304.69,32.22,D
23.82109,93.46866,367,0.46,0.47,2026-04-15,724,N21,VIIRS,h,2.0NRT,331.52,63.46,D
23.82156,93.47279,350.72,0.46,0.47,2026-04-15,724,N21,VIIRS,n,2.0NRT,311.25,63.46,D
23.82192,92.0916,335.91,0.57,0.43,2026-04-15,724,N21,VIIRS,n,2.0NRT,296.58,6.05,D
23.82325,92.10282,350.46,0.57,0.43,2026-04-15,724,N21,VIIRS,n,2.0NRT,299.58,24.53,D
23.82387,92.07412,336.87,0.57,0.43,2026-04-15,724,N21,VIIRS,n,2.0NRT,297.24,51.54,D
23.82494,75.49281,355.5,0.46,0.63,2026-04-15,724,N21,VIIRS,n,2.0NRT,315.26,11.4,D
23.82538,93.46793,346.13,0.46,0.47,2026-04-15,724,N21,VIIRS,n,2.0NRT,304.56,16.97,D
23.82588,92.0573,332.05,0.57,0.43,2026-04-15,724,N21,VIIRS,n,2.0NRT,297.4,5.88,D
23.82654,75.49168,367,0.46,0.63,2026-04-15,724,N21,VIIRS,h,2.0NRT,315.31,12.08,D
23.82701,91.90064,332.8,0.56,0.43,2026-04-15,724,N21,VIIRS,n,2.0NRT,300.15,5.1,D
23.83092,91.9001,347.94,0.56,0.43,2026-04-15,724,N21,VIIRS,n,2.0NRT,301.4,17.34,D
23.83158,91.90553,336.38,0.56,0.43,2026-04-15,724,N21,VIIRS,n,2.0NRT,301.03,6.78,D
23.83638,92.07784,339.65,0.57,0.43,2026-04-15,724,N21,VIIRS,n,2.0NRT,299.02,18.97,D
23.83653,77.52614,343,0.34,0.56,2026-04-15,724,N21,VIIRS,l,2.0NRT,315.81,5.14,D
23.83774,92.05563,332.19,0.57,0.43,2026-04-15,724,N21,VIIRS,n,2.0NRT,297.25,6.51,D
23.84152,94.36829,330.19,0.52,0.5,2026-04-15,724,N21,VIIRS,n,2.0NRT,299.78,3.04,D
23.84199,80.55302,367,0.44,0.46,2026-04-15,724,N21,VIIRS,h,2.0NRT,320,22.93,D
23.85015,83.18558,340.59,0.48,0.4,2026-04-15,724,N21,VIIRS,l,2.0NRT,314.37,1.9,D
23.85105,78.55351,347.22,0.59,0.53,2026-04-15,724,N21,VIIRS,l,2.0NRT,318.3,11.2,D
23.85258,93.82793,341.04,0.49,0.48,2026-04-15,724,N21,VIIRS,n,2.0NRT,299.95,21.69,D
23.85343,91.7927,335.97,0.55,0.43,2026-04-15,724,N21,VIIRS,n,2.0NRT,294.45,3.34,D
23.85417,91.79022,330.28,0.55,0.43,2026-04-15,724,N21,VIIRS,n,2.0NRT,295.28,16.97,D
23.8564,91.72173,337.31,0.54,0.42,2026-04-15,724,N21,VIIRS,n,2.0NRT,301.71,8.82,D
23.85683,79.25164,341.63,0.53,0.5,2026-04-15,724,N21,VIIRS,l,2.0NRT,315.85,8.75,D
23.85684,78.58128,345.24,0.58,0.52,2026-04-15,724,N21,VIIRS,n,2.0NRT,316.79,19.08,D
23.85702,93.82764,337.87,0.49,0.48,2026-04-15,724,N21,VIIRS,n,2.0NRT,297.27,8.5,D
23.85717,78.57803,346.46,0.58,0.52,2026-04-15,724,N21,VIIRS,n,2.0NRT,317.98,34.55,D
23.85732,91.79212,341.46,0.55,0.43,2026-04-15,724,N21,VIIRS,n,2.0NRT,296.18,12.53,D
23.85821,91.7244,337.12,0.55,0.42,2026-04-15,724,N21,VIIRS,n,2.0NRT,301.38,11.61,D
23.85869,91.79497,345.57,0.55,0.43,2026-04-15,724,N21,VIIRS,n,2.0NRT,298.14,37.36,D
23.8612,91.79155,345.64,0.55,0.43,2026-04-15,724,N21,VIIRS,n,2.0NRT,299.84,12.53,D
23.86154,78.58012,344.23,0.58,0.52,2026-04-15,724,N21,VIIRS,l,2.0NRT,315.17,19.08,D
23.86187,91.79688,338.94,0.55,0.43,2026-04-15,724,N21,VIIRS,n,2.0NRT,295.08,12.53,D
23.86258,91.7944,331.75,0.55,0.43,2026-04-15,724,N21,VIIRS,n,2.0NRT,295.68,6.32,D
23.8628,94.04447,346.2,0.5,0.49,2026-04-15,724,N21,VIIRS,n,2.0NRT,303.37,9.64,D
23.86292,91.74217,332.43,0.55,0.42,2026-04-15,724,N21,VIIRS,n,2.0NRT,299.35,6.83,D
23.86335,94.04956,346.23,0.5,0.49,2026-04-15,724,N21,VIIRS,n,2.0NRT,302.89,9.64,D
23.86471,92.04601,345.76,0.57,0.43,2026-04-15,724,N21,VIIRS,n,2.0NRT,299.17,13.07,D
23.86527,77.85133,344.45,0.32,0.55,2026-04-15,724,N21,VIIRS,n,2.0NRT,314.21,3.76,D
23.86594,77.85439,342.83,0.32,0.55,2026-04-15,724,N21,VIIRS,l,2.0NRT,316.53,3.76,D
23.86644,93.54128,345.51,0.47,0.47,2026-04-15,724,N21,VIIRS,n,2.0NRT,311.01,226.37,D
23.86692,93.54562,367,0.47,0.47,2026-04-15,724,N21,VIIRS,l,2.0NRT,351.64,226.37,D
23.86739,93.54996,349.04,0.47,0.47,2026-04-15,724,N21,VIIRS,n,2.0NRT,310.86,177.07,D
23.86788,94.04944,350.55,0.5,0.49,2026-04-15,724,N21,VIIRS,n,2.0NRT,304.92,9.64,D
23.86932,85.49384,338.24,0.4,0.37,2026-04-15,724,N21,VIIRS,l,2.0NRT,310.73,4.41,D
23.87033,91.8011,338.15,0.55,0.43,2026-04-15,724,N21,VIIRS,n,2.0NRT,299.75,17.05,D
23.87079,93.54079,331.97,0.47,0.47,2026-04-15,724,N21,VIIRS,l,2.0NRT,305.08,9.45,D
23.871,91.79861,330.74,0.55,0.43,2026-04-15,724,N21,VIIRS,n,2.0NRT,297.19,12.37,D
23.87126,93.54512,354.09,0.47,0.47,2026-04-15,724,N21,VIIRS,n,2.0NRT,306.92,9.45,D
23.87173,93.54947,345.39,0.47,0.47,2026-04-15,724,N21,VIIRS,n,2.0NRT,308.06,12.39,D
23.87226,85.53292,338.83,0.4,0.37,2026-04-15,724,N21,VIIRS,l,2.0NRT,311.88,4.68,D
23.87289,85.53676,347.16,0.4,0.37,2026-04-15,724,N21,VIIRS,l,2.0NRT,311.79,4.68,D
23.87328,92.05036,335.01,0.57,0.43,2026-04-15,724,N21,VIIRS,n,2.0NRT,298.66,17.79,D
23.87496,85.52848,336.86,0.4,0.37,2026-04-15,724,N21,VIIRS,n,2.0NRT,309.35,1.37,D
23.87559,85.53232,342.63,0.4,0.37,2026-04-15,724,N21,VIIRS,n,2.0NRT,310.54,4.68,D
23.87582,77.70774,341.05,0.33,0.55,2026-04-15,724,N21,VIIRS,l,2.0NRT,312.97,3.47,D
23.87723,92.04981,339.61,0.57,0.43,2026-04-15,724,N21,VIIRS,n,2.0NRT,299.6,17.79,D
23.87792,93.52558,341.92,0.46,0.47,2026-04-15,724,N21,VIIRS,n,2.0NRT,305.45,6.47,D
23.87829,85.52788,337.71,0.4,0.37,2026-04-15,724,N21,VIIRS,l,2.0NRT,310.92,1.32,D
23.88007,82.92989,347.12,0.49,0.4,2026-04-15,724,N21,VIIRS,n,2.0NRT,318.68,9.01,D
23.88043,88.70001,335.94,0.41,0.37,2026-04-15,724,N21,VIIRS,l,2.0NRT,310.71,2.07,D
23.88061,83.03725,343.27,0.48,0.4,2026-04-15,724,N21,VIIRS,l,2.0NRT,315.25,7.3,D
23.88092,82.93462,342.76,0.49,0.4,2026-04-15,724,N21,VIIRS,n,2.0NRT,317.48,5.57,D
23.88118,92.04928,334.04,0.57,0.43,2026-04-15,724,N21,VIIRS,n,2.0NRT,298.66,15.25,D
23.88129,93.59657,367,0.47,0.48,2026-04-15,724,N21,VIIRS,h,2.0NRT,300.06,19.29,D
23.88175,93.60077,340.02,0.47,0.48,2026-04-15,724,N21,VIIRS,n,2.0NRT,299.72,19.29,D
23.88228,93.52524,340.63,0.46,0.47,2026-04-15,724,N21,VIIRS,n,2.0NRT,304.64,6.47,D
23.88286,85.53493,337.38,0.4,0.37,2026-04-15,724,N21,VIIRS,l,2.0NRT,309.97,4.02,D
23.88314,93.61349,348.29,0.47,0.48,2026-04-15,724,N21,VIIRS,n,2.0NRT,296.92,18.38,D
23.88372,82.92911,344.71,0.49,0.4,2026-04-15,724,N21,VIIRS,n,2.0NRT,313.94,4.63,D
23.88402,93.6216,349.82,0.47,0.48,2026-04-15,724,N21,VIIRS,n,2.0NRT,294.01,11.25,D
23.88458,93.62674,355.2,0.47,0.48,2026-04-15,724,N21,VIIRS,n,2.0NRT,297.61,11.25,D
23.88688,82.96758,344.32,0.49,0.4,2026-04-15,724,N21,VIIRS,l,2.0NRT,317.1,4.68,D
23.88754,93.6134,345.1,0.47,0.48,2026-04-15,724,N21,VIIRS,n,2.0NRT,297.08,12.56,D
23.88789,91.74153,332.16,0.55,0.42,2026-04-15,724,N21,VIIRS,n,2.0NRT,298.32,6.1,D
23.88842,93.62146,340.68,0.47,0.48,2026-04-15,724,N21,VIIRS,n,2.0NRT,297.43,36.98,D
23.88851,93.46233,344.89,0.46,0.47,2026-04-15,724,N21,VIIRS,n,2.0NRT,302.76,42.67,D
23.88864,77.7672,346.04,0.33,0.55,2026-04-15,724,N21,VIIRS,n,2.0NRT,314.31,5.12,D
23.88881,85.46623,337.61,0.4,0.37,2026-04-15,724,N21,VIIRS,l,2.0NRT,311.57,2.87,D
23.88893,93.62613,340.74,0.47,0.48,2026-04-15,724,N21,VIIRS,n,2.0NRT,294.99,36.98,D
23.88931,77.77031,367,0.33,0.55,2026-04-15,724,N21,VIIRS,h,2.0NRT,315.86,5.12,D
23.88951,93.63145,342.1,0.47,0.48,2026-04-15,724,N21,VIIRS,n,2.0NRT,288.11,14.65,D
23.88962,93.83878,354.23,0.49,0.48,2026-04-15,724,N21,VIIRS,n,2.0NRT,301.4,26.88,D
23.88964,93.84023,341.26,0.49,0.48,2026-04-15,724,N21,VIIRS,n,2.0NRT,298.1,19.23,D
23.89052,82.96677,348.47,0.49,0.4,2026-04-15,724,N21,VIIRS,n,2.0NRT,316.66,13.07,D
23.89177,91.74097,331.89,0.55,0.42,2026-04-15,724,N21,VIIRS,n,2.0NRT,299.35,6.1,D
23.89216,78.91523,343.91,0.55,0.51,2026-04-15,724,N21,VIIRS,l,2.0NRT,316.41,9.1,D
23.89223,93.45644,336.43,0.46,0.47,2026-04-15,724,N21,VIIRS,l,2.0NRT,311.19,77.36,D
23.89242,93.61762,351.23,0.47,0.48,2026-04-15,724,N21,VIIRS,n,2.0NRT,298.61,12.56,D
23.89272,83.57325,341.18,0.46,0.39,2026-04-15,724,N21,VIIRS,n,2.0NRT,313.73,3.64,D
23.89278,93.46137,350.04,0.46,0.47,2026-04-15,724,N21,VIIRS,n,2.0NRT,310.96,42.67,D
23.89332,93.62589,336.89,0.47,0.48,2026-04-15,724,N21,VIIRS,n,2.0NRT,296.32,36.98,D
23.89352,84.68629,345.13,0.42,0.37,2026-04-15,724,N21,VIIRS,n,2.0NRT,312.67,9.38,D
23.89592,83.7989,347.13,0.45,0.39,2026-04-15,724,N21,VIIRS,l,2.0NRT,319.41,15.61,D
23.89609,75.40376,353.2,0.46,0.64,2026-04-15,724,N21,VIIRS,n,2.0NRT,312.85,10.61,D
23.89774,93.62589,351.58,0.47,0.48,2026-04-15,724,N21,VIIRS,n,2.0NRT,296.19,12.93,D
23.89879,93.63555,339.73,0.47,0.48,2026-04-15,724,N21,VIIRS,n,2.0NRT,301.55,363.85,D
23.90134,93.49898,340.58,0.46,0.47,2026-04-15,724,N21,VIIRS,n,2.0NRT,314.37,57.21,D
23.9018,93.50317,345.31,0.46,0.47,2026-04-15,724,N21,VIIRS,n,2.0NRT,313.85,57.21,D
23.90182,85.35634,347.69,0.4,0.37,2026-04-15,724,N21,VIIRS,n,2.0NRT,314.97,19.66,D
23.90191,92.09474,330.62,0.57,0.43,2026-04-15,724,N21,VIIRS,n,2.0NRT,297.1,7.67,D
23.90218,93.6261,337.01,0.47,0.48,2026-04-15,724,N21,VIIRS,n,2.0NRT,286.88,12.93,D
23.90245,92.09121,346.22,0.57,0.43,2026-04-15,724,N21,VIIRS,n,2.0NRT,298.76,10.7,D
23.90277,91.73396,345.99,0.55,0.42,2026-04-15,724,N21,VIIRS,n,2.0NRT,301.51,12.92,D
23.90317,93.63509,367,0.47,0.48,2026-04-15,724,N21,VIIRS,h,2.0NRT,355.97,363.85,D
23.90381,93.641,341.24,0.47,0.48,2026-04-15,724,N21,VIIRS,n,2.0NRT,294.18,38.35,D
23.90444,81.81114,338.49,0.56,0.43,2026-04-15,724,N21,VIIRS,l,2.0NRT,312.51,10.5,D
23.90453,85.35183,347.29,0.4,0.37,2026-04-15,724,N21,VIIRS,n,2.0NRT,311.78,7.26,D
23.90516,85.3557,345.57,0.4,0.37,2026-04-15,724,N21,VIIRS,n,2.0NRT,309.65,7.26,D
23.90519,93.49422,339.66,0.46,0.47,2026-04-15,724,N21,VIIRS,n,2.0NRT,308.36,22.69,D
23.90566,93.49838,367,0.46,0.47,2026-04-15,724,N21,VIIRS,h,2.0NRT,309.17,57.21,D
23.90611,93.50243,346.27,0.46,0.47,2026-04-15,724,N21,VIIRS,n,2.0NRT,320.69,57.21,D
23.90635,97.53037,336.47,0.42,0.61,2026-04-15,724,N21,VIIRS,n,2.0NRT,294.27,4.38,D
23.9066,93.50676,340.49,0.46,0.47,2026-04-15,724,N21,VIIRS,n,2.0NRT,302.78,16.35,D
23.90708,93.63052,330.5,0.47,0.48,2026-04-15,724,N21,VIIRS,n,2.0NRT,293.71,14.86,D
23.90757,93.63499,354.08,0.47,0.48,2026-04-15,724,N21,VIIRS,n,2.0NRT,302.46,14.86,D
23.90796,83.8054,346.75,0.45,0.39,2026-04-15,724,N21,VIIRS,l,2.0NRT,317.92,12.83,D
23.9128,93.36777,339.6,0.45,0.47,2026-04-15,724,N21,VIIRS,n,2.0NRT,302.52,9.81,D
23.91329,80.8904,347.51,0.42,0.45,2026-04-15,724,N21,VIIRS,n,2.0NRT,318.92,30.16,D
23.91352,93.85392,340.58,0.49,0.48,2026-04-15,724,N21,VIIRS,n,2.0NRT,303.72,10.39,D
23.91403,93.85867,331.15,0.49,0.48,2026-04-15,724,N21,VIIRS,n,2.0NRT,300.09,10.39,D
23.9157,91.74279,337.93,0.55,0.42,2026-04-15,724,N21,VIIRS,n,2.0NRT,299,7.24,D
23.91618,93.83703,330.13,0.49,0.48,2026-04-15,724,N21,VIIRS,n,2.0NRT,299.95,8.66,D
23.91881,96.09662,334.03,0.34,0.56,2026-04-15,724,N21,VIIRS,n,2.0NRT,301.8,2.72,D
23.92026,93.8334,335.03,0.49,0.48,2026-04-15,724,N21,VIIRS,n,2.0NRT,297.09,5.47,D
23.92122,93.44187,340.87,0.46,0.47,2026-04-15,724,N21,VIIRS,n,2.0NRT,304.69,52.35,D
23.92452,77.38637,351.29,0.35,0.56,2026-04-15,724,N21,VIIRS,n,2.0NRT,316.08,10.35,D
23.92528,77.38976,346.79,0.35,0.56,2026-04-15,724,N21,VIIRS,n,2.0NRT,315.17,8.04,D
23.92551,93.44118,345.88,0.46,0.47,2026-04-15,724,N21,VIIRS,n,2.0NRT,314.24,52.35,D
23.92603,93.44576,367,0.46,0.47,2026-04-15,724,N21,VIIRS,h,2.0NRT,306.46,29,D
23.92653,93.4502,332.02,0.46,0.47,2026-04-15,724,N21,VIIRS,n,2.0NRT,295.78,29,D
23.92705,77.38797,355.24,0.35,0.56,2026-04-15,724,N21,VIIRS,n,2.0NRT,317.67,12.19,D
23.92821,93.20344,354.68,0.44,0.46,2026-04-15,724,N21,VIIRS,n,2.0NRT,301.17,13.71,D
23.92841,78.84174,343.75,0.56,0.51,2026-04-15,724,N21,VIIRS,n,2.0NRT,315.71,7.24,D
23.92861,85.31541,336.68,0.4,0.37,2026-04-15,724,N21,VIIRS,l,2.0NRT,309.36,1.96,D
23.92983,93.44077,337.44,0.46,0.47,2026-04-15,724,N21,VIIRS,n,2.0NRT,310.56,29.48,D
23.93008,93.71869,341.31,0.48,0.48,2026-04-15,724,N21,VIIRS,n,2.0NRT,295.34,6.85,D
23.93034,93.44521,354.16,0.46,0.47,2026-04-15,724,N21,VIIRS,n,2.0NRT,304.03,25.09,D
23.93085,93.44969,343.43,0.46,0.47,2026-04-15,724,N21,VIIRS,n,2.0NRT,299.37,25.09,D
23.93167,93.85585,332.8,0.49,0.48,2026-04-15,724,N21,VIIRS,n,2.0NRT,301.49,4.88,D
23.93323,85.32252,335.47,0.4,0.37,2026-04-15,724,N21,VIIRS,l,2.0NRT,308.71,2.13,D
23.93363,92.05644,332.61,0.57,0.43,2026-04-15,724,N21,VIIRS,n,2.0NRT,299.11,8.03,D
23.93369,93.43626,342.63,0.46,0.47,2026-04-15,724,N21,VIIRS,n,2.0NRT,302.34,29.48,D
23.93421,93.44077,353.25,0.46,0.47,2026-04-15,724,N21,VIIRS,n,2.0NRT,304.91,29.48,D
23.9343,92.06202,333.18,0.57,0.43,2026-04-15,724,N21,VIIRS,n,2.0NRT,298.89,6.95,D
23.93486,92.10058,340.63,0.57,0.43,2026-04-15,724,N21,VIIRS,n,2.0NRT,297.2,13.2,D
23.93608,93.8551,332.58,0.49,0.48,2026-04-15,724,N21,VIIRS,n,2.0NRT,295.42,4.88,D
23.93858,93.44075,351.42,0.46,0.47,2026-04-15,724,N21,VIIRS,n,2.0NRT,313.08,39.91,D
23.93985,77.43092,341.55,0.34,0.56,2026-04-15,724,N21,VIIRS,l,2.0NRT,315.88,5.81,D
23.94078,93.43877,347.65,0.46,0.47,2026-04-15,724,N21,VIIRS,n,2.0NRT,302.56,10.19,D
23.94112,77.14803,344.77,0.36,0.57,2026-04-15,724,N21,VIIRS,n,2.0NRT,312.87,6.79,D
23.94113,93.54025,338.19,0.47,0.47,2026-04-15,724,N21,VIIRS,n,2.0NRT,299.46,4.74,D
23.94114,85.53554,338.98,0.4,0.37,2026-04-15,724,N21,VIIRS,l,2.0NRT,309.58,2.67,D
23.94126,93.44322,336.32,0.46,0.47,2026-04-15,724,N21,VIIRS,n,2.0NRT,300.17,10.19,D
23.94187,77.15143,354.39,0.36,0.57,2026-04-15,724,N21,VIIRS,n,2.0NRT,312.13,7.94,D
23.94203,77.43246,342.24,0.34,0.56,2026-04-15,724,N21,VIIRS,l,2.0NRT,316.28,5.42,D
23.94312,93.92017,352.94,0.49,0.49,2026-04-15,724,N21,VIIRS,n,2.0NRT,312.07,49.26,D
23.94316,93.5582,346.91,0.47,0.48,2026-04-15,724,N21,VIIRS,n,2.0NRT,299.26,11.41,D
23.94397,82.96974,349.7,0.49,0.4,2026-04-15,724,N21,VIIRS,n,2.0NRT,317.91,6.41,D
23.94506,93.85522,343.77,0.49,0.48,2026-04-15,724,N21,VIIRS,n,2.0NRT,298.25,10.75,D
23.94555,93.85978,343.96,0.49,0.48,2026-04-15,724,N21,VIIRS,n,2.0NRT,307.29,47.13,D
23.94738,78.95378,341.88,0.55,0.51,2026-04-15,724,N21,VIIRS,n,2.0NRT,315.14,23.85,D
23.94755,93.55799,367,0.47,0.48,2026-04-15,724,N21,VIIRS,h,2.0NRT,308.48,11.41,D
23.94761,82.96896,345.88,0.49,0.4,2026-04-15,724,N21,VIIRS,n,2.0NRT,320.56,6.41,D
23.94777,82.9705,344.24,0.49,0.4,2026-04-15,724,N21,VIIRS,l,2.0NRT,318.81,5.44,D
23.94795,78.95155,341.36,0.55,0.51,2026-04-15,724,N21,VIIRS,l,2.0NRT,314.98,21.89,D
23.948,93.56203,331.84,0.47,0.48,2026-04-15,724,N21,VIIRS,n,2.0NRT,299.57,11.41,D
23.94902,78.9568,343.88,0.55,0.51,2026-04-15,724,N21,VIIRS,n,2.0NRT,317.31,21.89,D
23.94907,91.91845,332.42,0.56,0.43,2026-04-15,724,N21,VIIRS,n,2.0NRT,299.76,16.99,D
23.95113,93.86974,338.7,0.49,0.49,2026-04-15,724,N21,VIIRS,n,2.0NRT,300.26,17.26,D
23.95161,93.87409,353.97,0.49,0.49,2026-04-15,724,N21,VIIRS,n,2.0NRT,304.26,17.26,D
23.95197,78.95269,347.39,0.55,0.51,2026-04-15,724,N21,VIIRS,n,2.0NRT,318.65,23.85,D
23.95519,93.86584,340.2,0.49,0.49,2026-04-15,724,N21,VIIRS,n,2.0NRT,298.57,8.13,D
23.95732,96.01226,346.34,0.33,0.56,2026-04-15,724,N21,VIIRS,n,2.0NRT,299.89,4.64,D
23.95824,83.0927,344.49,0.48,0.4,2026-04-15,724,N21,VIIRS,n,2.0NRT,319.46,7.74,D
23.95899,78.73272,343.89,0.57,0.52,2026-04-15,724,N21,VIIRS,l,2.0NRT,316.03,10.26,D
23.9603,78.66888,343.69,0.57,0.52,2026-04-15,724,N21,VIIRS,l,2.0NRT,314.99,15.07,D
23.9607,81.29037,339.36,0.4,0.44,2026-04-15,724,N21,VIIRS,l,2.0NRT,311.93,6.44,D
23.96105,75.49428,347.3,0.45,0.63,2026-04-15,724,N21,VIIRS,n,2.0NRT,313.67,11.48,D
23.96136,93.38705,336.54,0.46,0.47,2026-04-15,724,N21,VIIRS,n,2.0NRT,297.71,2.51,D
23.96148,81.68358,348.12,0.57,0.43,2026-04-15,724,N21,VIIRS,n,2.0NRT,314.75,11.21,D
23.9646,92.11307,343.56,0.38,0.43,2026-04-15,724,N21,VIIRS,n,2.0NRT,298.57,19.52,D
23.96515,96.20345,335.99,0.34,0.56,2026-04-15,724,N21,VIIRS,n,2.0NRT,298.75,4.17,D
23.96544,85.51905,338.43,0.4,0.37,2026-04-15,724,N21,VIIRS,l,2.0NRT,311.32,6.79,D
23.96568,85.0584,346.62,0.41,0.37,2026-04-15,724,N21,VIIRS,l,2.0NRT,315.14,9.85,D
23.96593,77.71264,353.75,0.33,0.55,2026-04-15,724,N21,VIIRS,n,2.0NRT,316.56,6.95,D
23.96862,77.5831,348.85,0.33,0.56,2026-04-15,724,N21,VIIRS,n,2.0NRT,317.87,7.56,D
23.96906,77.5819,350.38,0.34,0.56,2026-04-15,724,N21,VIIRS,n,2.0NRT,316.6,8.59,D
23.97078,78.67204,343.59,0.57,0.52,2026-04-15,724,N21,VIIRS,l,2.0NRT,315.16,10.26,D
23.97213,78.63139,345.05,0.58,0.52,2026-04-15,724,N21,VIIRS,n,2.0NRT,317.34,10.58,D
23.97401,93.3046,337.79,0.45,0.47,2026-04-15,724,N21,VIIRS,n,2.0NRT,302.1,7.05,D
23.97461,93.31004,347.9,0.45,0.47,2026-04-15,724,N21,VIIRS,n,2.0NRT,303.87,11.54,D
23.97566,78.62476,344.62,0.58,0.52,2026-04-15,724,N21,VIIRS,n,2.0NRT,315.32,7.13,D
23.97583,79.54663,355.21,0.5,0.49,2026-04-15,724,N21,VIIRS,n,2.0NRT,323.05,12.58,D
23.97919,79.38194,345.01,0.52,0.5,2026-04-15,724,N21,VIIRS,l,2.0NRT,317.33,17.6,D
23.98316,78.07593,343.6,0.62,0.54,2026-04-15,724,N21,VIIRS,l,2.0NRT,317.34,13.49,D
23.98447,93.88671,344.03,0.49,0.49,2026-04-15,724,N21,VIIRS,n,2.0NRT,307.19,36.98,D
23.98457,78.07232,346.07,0.62,0.54,2026-04-15,724,N21,VIIRS,n,2.0NRT,317.23,11.45,D
23.986,93.94105,355.06,0.49,0.49,2026-04-15,724,N21,VIIRS,n,2.0NRT,299.16,12.03,D
23.98716,93.26727,331.12,0.45,0.47,2026-04-15,724,N21,VIIRS,n,2.0NRT,293.57,8.49,D
23.98797,93.27442,341.83,0.45,0.47,2026-04-15,724,N21,VIIRS,n,2.0NRT,294.92,27.53,D
23.9881,93.8856,332.49,0.49,0.49,2026-04-15,724,N21,VIIRS,n,2.0NRT,297.65,4.55,D
23.98842,93.92223,340.34,0.49,0.49,2026-04-15,724,N21,VIIRS,n,2.0NRT,300.71,65.56,D
23.98874,91.91686,333.69,0.56,0.43,2026-04-15,724,N21,VIIRS,n,2.0NRT,298.82,7.22,D
23.98909,91.9191,332.84,0.56,0.43,2026-04-15,724,N21,VIIRS,n,2.0NRT,298.7,5.53,D
23.98939,93.52329,336.25,0.47,0.47,2026-04-15,724,N21,VIIRS,n,2.0NRT,301.31,4.12,D
23.9907,91.89958,340.7,0.56,0.43,2026-04-15,724,N21,VIIRS,n,2.0NRT,300.86,25.84,D
23.9909,91.90159,335.05,0.56,0.43,2026-04-15,724,N21,VIIRS,n,2.0NRT,300.33,25.69,D
23.99106,93.26348,332.67,0.45,0.47,2026-04-15,724,N21,VIIRS,l,2.0NRT,305.8,91.43,D
23.99282,79.31088,343.2,0.52,0.5,2026-04-15,724,N21,VIIRS,l,2.0NRT,315.31,18.64,D
23.99327,93.51857,337.69,0.47,0.47,2026-04-15,724,N21,VIIRS,n,2.0NRT,301.7,19.96,D
23.99374,93.52287,353.99,0.47,0.47,2026-04-15,724,N21,VIIRS,n,2.0NRT,307.95,19.96,D
23.9942,93.52698,352.05,0.47,0.47,2026-04-15,724,N21,VIIRS,n,2.0NRT,312.98,30.73,D
23.99466,93.53123,350.27,0.47,0.47,2026-04-15,724,N21,VIIRS,n,2.0NRT,301.37,30.73,D
23.99502,85.07716,346.85,0.41,0.37,2026-04-15,724,N21,VIIRS,n,2.0NRT,312.02,5.54,D
23.99534,93.26308,352.34,0.45,0.47,2026-04-15,724,N21,VIIRS,n,2.0NRT,310.33,91.43,D
23.99548,85.28252,336.71,0.4,0.37,2026-04-15,724,N21,VIIRS,l,2.0NRT,309.28,2.04,D
23.99572,93.2664,347.41,0.45,0.47,2026-04-15,724,N21,VIIRS,n,2.0NRT,315.9,91.43,D
23.99609,93.26968,347.92,0.45,0.47,2026-04-15,724,N21,VIIRS,n,2.0NRT,290.47,14.43,D
23.99611,85.2864,345.51,0.4,0.37,2026-04-15,724,N21,VIIRS,l,2.0NRT,309.38,6.44,D
23.99649,93.27323,330.65,0.45,0.47,2026-04-15,724,N21,VIIRS,n,2.0NRT,288.58,14.43,D
23.99692,93.27695,343.43,0.45,0.47,2026-04-15,724,N21,VIIRS,n,2.0NRT,294.17,8.23,D
23.99923,93.25926,347.67,0.45,0.47,2026-04-15,724,N21,VIIRS,n,2.0NRT,305.65,57.52,D
23.99964,93.26283,330.74,0.45,0.47,2026-04-15,724,N21,VIIRS,n,2.0NRT,295.01,16.48,D
24.00003,93.26626,367,0.45,0.47,2026-04-15,724,N21,VIIRS,h,2.0NRT,304.98,16.48,D
24.00166,94.94878,342.12,0.57,0.52,2026-04-15,724,N21,VIIRS,n,2.0NRT,301.89,20.7,D
24.00224,82.89527,343.84,0.49,0.4,2026-04-15,724,N21,VIIRS,l,2.0NRT,316.71,6.7,D
24.00246,94.9467,340.44,0.57,0.52,2026-04-15,724,N21,VIIRS,n,2.0NRT,302.52,21.51,D
24.00298,75.13166,337.39,0.48,0.64,2026-04-15,724,N21,VIIRS,l,2.0NRT,311.63,3.18,D
24.00602,77.96931,345.4,0.63,0.54,2026-04-15,724,N21,VIIRS,n,2.0NRT,314.69,18.53,D
24.00695,76.97472,354.83,0.37,0.58,2026-04-15,724,N21,VIIRS,n,2.0NRT,315.36,9.35,D
24.00772,76.97817,367,0.37,0.58,2026-04-15,724,N21,VIIRS,h,2.0NRT,313.1,9.35,D
24.00844,77.62035,339.41,0.33,0.55,2026-04-15,724,N21,VIIRS,l,2.0NRT,313.98,6.57,D
24.01129,76.23163,346.04,0.41,0.6,2026-04-15,724,N21,VIIRS,n,2.0NRT,315.97,7.01,D
24.01212,76.9734,344.03,0.37,0.58,2026-04-15,724,N21,VIIRS,n,2.0NRT,315.99,9.35,D
24.01272,77.61597,352.52,0.33,0.55,2026-04-15,724,N21,VIIRS,n,2.0NRT,314.75,8.72,D
24.01522,82.94642,344.47,0.49,0.4,2026-04-15,724,N21,VIIRS,l,2.0NRT,316.55,9.08,D
24.01571,78.27158,347.11,0.6,0.53,2026-04-15,724,N21,VIIRS,n,2.0NRT,315.22,8.68,D
24.0158,78.26865,341.79,0.61,0.53,2026-04-15,724,N21,VIIRS,l,2.0NRT,315.18,11.98,D
24.01774,80.57905,342.96,0.44,0.46,2026-04-15,724,N21,VIIRS,n,2.0NRT,315.91,5.43,D
24.0205,78.27042,344.79,0.6,0.53,2026-04-15,724,N21,VIIRS,l,2.0NRT,317.7,8.15,D
24.02087,83.06185,342.44,0.48,0.4,2026-04-15,724,N21,VIIRS,l,2.0NRT,314.5,7.12,D
24.0209,85.12878,337.06,0.4,0.37,2026-04-15,724,N21,VIIRS,l,2.0NRT,310.66,1.49,D
24.02225,96.58797,332.11,0.37,0.58,2026-04-15,724,N21,VIIRS,n,2.0NRT,299.15,3.03,D
24.02622,77.41285,344.96,0.34,0.56,2026-04-15,724,N21,VIIRS,n,2.0NRT,315.6,5.59,D
24.02741,93.9593,337,0.5,0.49,2026-04-15,724,N21,VIIRS,n,2.0NRT,296.24,10.07,D
24.02972,77.45319,340.97,0.34,0.56,2026-04-15,724,N21,VIIRS,n,2.0NRT,313.05,4.1,D
24.03026,93.53458,339.84,0.47,0.48,2026-04-15,724,N21,VIIRS,n,2.0NRT,300.19,59.09,D
24.03043,77.45644,350.87,0.34,0.56,2026-04-15,724,N21,VIIRS,n,2.0NRT,316.58,4.1,D
24.03366,97.33202,338.44,0.41,0.61,2026-04-15,724,N21,VIIRS,n,2.0NRT,298.7,45.86,D
24.03392,97.33495,344.24,0.41,0.61,2026-04-15,724,N21,VIIRS,n,2.0NRT,293.85,32.25,D
24.03403,77.44866,352.92,0.34,0.56,2026-04-15,724,N21,VIIRS,n,2.0NRT,315.96,12.81,D
24.03458,96.72119,338.11,0.37,0.58,2026-04-15,724,N21,VIIRS,n,2.0NRT,298.38,17.87,D
24.03474,77.4519,367,0.34,0.56,2026-04-15,724,N21,VIIRS,h,2.0NRT,318.41,12.32,D
24.03491,96.72478,367,0.37,0.58,2026-04-15,724,N21,VIIRS,h,2.0NRT,301.28,17.87,D
24.03545,77.45515,367,0.34,0.56,2026-04-15,724,N21,VIIRS,h,2.0NRT,318.24,12.32,D
24.03819,77.82597,341.09,0.32,0.55,2026-04-15,724,N21,VIIRS,l,2.0NRT,314.52,2.27,D
24.04053,97.48015,367,0.42,0.61,2026-04-15,724,N21,VIIRS,h,2.0NRT,293.89,9.19,D
24.04242,77.82167,345.4,0.32,0.55,2026-04-15,724,N21,VIIRS,n,2.0NRT,317.37,4.49,D
24.04309,77.82473,343.73,0.32,0.55,2026-04-15,724,N21,VIIRS,n,2.0NRT,317.94,4.49,D
24.04488,93.70596,338.82,0.48,0.48,2026-04-15,724,N21,VIIRS,n,2.0NRT,298.59,6.25,D
24.04552,83.34526,352.48,0.47,0.39,2026-04-15,724,N21,VIIRS,n,2.0NRT,318.23,10.65,D
24.04733,77.82043,345,0.32,0.55,2026-04-15,724,N21,VIIRS,n,2.0NRT,318.08,4.49,D
24.04762,83.23225,342.19,0.47,0.4,2026-04-15,724,N21,VIIRS,l,2.0NRT,316.73,9.78,D
24.048,77.82349,367,0.32,0.55,2026-04-15,724,N21,VIIRS,h,2.0NRT,316.84,4.49,D
24.04911,93.70393,355.17,0.48,0.48,2026-04-15,724,N21,VIIRS,n,2.0NRT,302.96,25.06,D
24.05382,77.87348,350.22,0.32,0.55,2026-04-15,724,N21,VIIRS,n,2.0NRT,316.75,5.02,D
24.05684,83.26312,347.33,0.47,0.4,2026-04-15,724,N21,VIIRS,l,2.0NRT,315.53,11.02,D
24.05736,75.59966,367,0.44,0.63,2026-04-15,724,N21,VIIRS,h,2.0NRT,314.9,9.12,D
24.05877,97.36353,367,0.41,0.61,2026-04-15,724,N21,VIIRS,h,2.0NRT,297.14,14.38,D
24.05878,93.59196,336.04,0.47,0.48,2026-04-15,724,N21,VIIRS,n,2.0NRT,302.4,4.08,D
24.06184,77.76836,353.17,0.32,0.55,2026-04-15,724,N21,VIIRS,n,2.0NRT,317.8,13.79,D
24.06251,77.77142,367,0.32,0.55,2026-04-15,724,N21,VIIRS,h,2.0NRT,319.63,15.1,D
24.06332,91.87325,335.21,0.56,0.43,2026-04-15,724,N21,VIIRS,n,2.0NRT,296.05,15.77,D
24.06371,85.22097,336.9,0.4,0.37,2026-04-15,724,N21,VIIRS,l,2.0NRT,311.85,1.63,D
24.06631,95.82671,367,0.33,0.55,2026-04-15,724,N21,VIIRS,h,2.0NRT,298.47,12.42,D
24.06853,97.47762,355.09,0.42,0.61,2026-04-15,724,N21,VIIRS,n,2.0NRT,295.64,16.61,D
24.06912,74.94953,343.82,0.49,0.65,2026-04-15,724,N21,VIIRS,n,2.0NRT,308.88,3.2,D
24.07217,78.72591,343.06,0.57,0.52,2026-04-15,724,N21,VIIRS,l,2.0NRT,315.59,7.99,D
24.07525,93.69373,333.76,0.48,0.48,2026-04-15,724,N21,VIIRS,n,2.0NRT,301.44,4.19,D
24.07607,93.6597,367,0.48,0.48,2026-04-15,724,N21,VIIRS,h,2.0NRT,304.81,17.02,D
24.07617,93.5364,346.64,0.47,0.48,2026-04-15,724,N21,VIIRS,n,2.0NRT,305.44,8.23,D
24.07719,96.26402,351.24,0.35,0.57,2026-04-15,724,N21,VIIRS,n,2.0NRT,299.76,5.92,D
24.07759,83.29632,346.57,0.47,0.4,2026-04-15,724,N21,VIIRS,n,2.0NRT,317.74,15.28,D
24.0794,93.60758,332.22,0.47,0.48,2026-04-15,724,N21,VIIRS,n,2.0NRT,301.14,4.02,D
24.07955,93.65802,347.66,0.48,0.48,2026-04-15,724,N21,VIIRS,n,2.0NRT,306.1,14.94,D
24.08,93.66207,338.4,0.48,0.48,2026-04-15,724,N21,VIIRS,n,2.0NRT,301.78,8.92,D
24.08204,77.43234,343.5,0.34,0.56,2026-04-15,724,N21,VIIRS,l,2.0NRT,316.71,6.76,D
24.08338,93.69197,333.22,0.48,0.48,2026-04-15,724,N21,VIIRS,n,2.0NRT,300.52,4.27,D
24.08408,93.69315,339.39,0.48,0.48,2026-04-15,724,N21,VIIRS,n,2.0NRT,300.92,5.76,D
24.08458,79.45095,343.86,0.51,0.49,2026-04-15,724,N21,VIIRS,n,2.0NRT,315.85,14.99,D
24.08669,93.59309,336.6,0.47,0.48,2026-04-15,724,N21,VIIRS,n,2.0NRT,301.74,7,D
24.08947,79.15116,345.29,0.53,0.5,2026-04-15,724,N21,VIIRS,l,2.0NRT,320.05,6.31,D
24.09072,75.52638,367,0.45,0.63,2026-04-15,724,N21,VIIRS,h,2.0NRT,311.86,9,D
24.09223,93.4018,347.72,0.46,0.47,2026-04-15,724,N21,VIIRS,n,2.0NRT,301.1,99.48,D
24.09386,79.15211,345.54,0.53,0.5,2026-04-15,724,N21,VIIRS,l,2.0NRT,319.74,10.45,D
24.09399,79.15005,345.95,0.53,0.5,2026-04-15,724,N21,VIIRS,n,2.0NRT,319.36,6.31,D
24.09594,93.39574,367,0.46,0.47,2026-04-15,724,N21,VIIRS,h,2.0NRT,340.68,379.13,D
24.09648,93.40063,367,0.46,0.47,2026-04-15,724,N21,VIIRS,h,2.0NRT,339.73,379.13,D
24.09653,93.52098,337.87,0.47,0.48,2026-04-15,724,N21,VIIRS,n,2.0NRT,299.97,8.5,D
24.09702,93.40551,334.02,0.46,0.47,2026-04-15,724,N21,VIIRS,n,2.0NRT,298.15,9.48,D
24.09702,93.52548,340.42,0.47,0.48,2026-04-15,724,N21,VIIRS,n,2.0NRT,302.03,10.7,D
24.09784,93.69706,355.73,0.48,0.48,2026-04-15,724,N21,VIIRS,n,2.0NRT,305.07,33.64,D
24.0993,97.31483,341.14,0.41,0.6,2026-04-15,724,N21,VIIRS,n,2.0NRT,295.44,5.66,D
24.09945,83.31516,345.47,0.47,0.39,2026-04-15,724,N21,VIIRS,n,2.0NRT,317.12,6.96,D
24.09951,93.54838,330.23,0.47,0.48,2026-04-15,724,N21,VIIRS,n,2.0NRT,304.06,2.8,D
24.10026,93.71967,335.94,0.48,0.48,2026-04-15,724,N21,VIIRS,n,2.0NRT,301.71,4.86,D
24.10074,93.39961,347.37,0.46,0.47,2026-04-15,724,N21,VIIRS,n,2.0NRT,308.25,379.13,D
24.10086,93.52029,334.59,0.47,0.48,2026-04-15,724,N21,VIIRS,n,2.0NRT,301.58,12.43,D
24.10137,93.52502,340.19,0.47,0.48,2026-04-15,724,N21,VIIRS,n,2.0NRT,302.11,12.79,D
24.10225,83.18298,350.77,0.47,0.4,2026-04-15,724,N21,VIIRS,n,2.0NRT,318.67,10.48,D
24.10525,93.72471,334.07,0.48,0.48,2026-04-15,724,N21,VIIRS,n,2.0NRT,299.01,11.68,D
24.10571,94.01286,350.5,0.5,0.49,2026-04-15,724,N21,VIIRS,n,2.0NRT,313.53,63.53,D
24.10744,93.74536,335.64,0.48,0.48,2026-04-15,724,N21,VIIRS,n,2.0NRT,298.88,2.78,D
24.10815,87.76279,336.82,0.39,0.36,2026-04-15,724,N21,VIIRS,l,2.0NRT,310.23,4.32,D
24.10846,93.71294,332.8,0.48,0.48,2026-04-15,724,N21,VIIRS,n,2.0NRT,301.48,6.99,D
24.11008,97.50083,367,0.42,0.61,2026-04-15,724,N21,VIIRS,h,2.0NRT,294.79,32.67,D
24.11022,81.35825,343.84,0.39,0.44,2026-04-15,724,N21,VIIRS,l,2.0NRT,317.5,6.52,D
24.11023,83.05375,340.46,0.48,0.4,2026-04-15,724,N21,VIIRS,l,2.0NRT,314.08,6.26,D
24.11032,93.73054,367,0.48,0.48,2026-04-15,724,N21,VIIRS,h,2.0NRT,303.07,11.68,D
24.11042,97.50466,355.25,0.42,0.61,2026-04-15,724,N21,VIIRS,n,2.0NRT,293.25,26.26,D
24.11118,75.07381,339.51,0.48,0.65,2026-04-15,724,N21,VIIRS,n,2.0NRT,308.69,2.88,D
24.11159,85.64092,343.87,0.39,0.36,2026-04-15,724,N21,VIIRS,n,2.0NRT,311.45,3.98,D
24.1129,93.71282,350.51,0.48,0.48,2026-04-15,724,N21,VIIRS,n,2.0NRT,302.67,9.31,D
24.11502,74.70986,346.84,0.5,0.66,2026-04-15,724,N21,VIIRS,n,2.0NRT,313.36,9.48,D
24.11505,81.40445,342.95,0.39,0.44,2026-04-15,724,N21,VIIRS,n,2.0NRT,315.1,5.89,D
24.11555,77.89675,347.62,0.32,0.54,2026-04-15,724,N21,VIIRS,l,2.0NRT,320.7,14.86,D
24.11562,97.49953,207.38,0.42,0.61,2026-04-15,724,N21,VIIRS,l,2.0NRT,314.42,284.64,D
24.11596,97.50343,367,0.42,0.61,2026-04-15,724,N21,VIIRS,h,2.0NRT,311.04,158.95,D
24.11632,97.50742,338.26,0.42,0.61,2026-04-15,724,N21,VIIRS,n,2.0NRT,292.35,158.95,D
24.11758,93.27805,352.61,0.45,0.47,2026-04-15,724,N21,VIIRS,n,2.0NRT,308.17,90.01,D
24.11803,93.28198,343.02,0.45,0.47,2026-04-15,724,N21,VIIRS,n,2.0NRT,299.42,48.65,D
24.12142,93.27368,331.39,0.45,0.47,2026-04-15,724,N21,VIIRS,l,2.0NRT,304.08,90.01,D
24.12234,93.28176,340.66,0.45,0.47,2026-04-15,724,N21,VIIRS,l,2.0NRT,313.71,48.65,D
24.12243,93.97229,333.91,0.5,0.49,2026-04-15,724,N21,VIIRS,n,2.0NRT,298.8,4.71,D
24.1259,82.76205,340.51,0.5,0.41,2026-04-15,724,N21,VIIRS,l,2.0NRT,315.39,12.61,D
24.12623,93.27778,330.9,0.45,0.47,2026-04-15,724,N21,VIIRS,n,2.0NRT,297.61,4.54,D
24.12794,82.48733,344.2,0.51,0.41,2026-04-15,724,N21,VIIRS,l,2.0NRT,314.6,7.02,D
24.12804,75.50749,344.27,0.45,0.63,2026-04-15,724,N21,VIIRS,n,2.0NRT,313.15,6.7,D
24.12842,93.53039,345.54,0.47,0.48,2026-04-15,724,N21,VIIRS,n,2.0NRT,304.7,16.42,D
24.12902,82.76402,345.48,0.49,0.41,2026-04-15,724,N21,VIIRS,n,2.0NRT,313.02,12.24,D
24.12914,82.6194,337.42,0.5,0.41,2026-04-15,724,N21,VIIRS,l,2.0NRT,312.16,2.85,D
24.12971,83.01582,350.13,0.48,0.4,2026-04-15,724,N21,VIIRS,n,2.0NRT,314.43,37.46,D
24.13001,93.54471,339.9,0.47,0.48,2026-04-15,724,N21,VIIRS,n,2.0NRT,302.83,10.24,D
24.13145,93.47855,340.77,0.46,0.47,2026-04-15,724,N21,VIIRS,n,2.0NRT,303.4,8.06,D
24.13166,82.48651,346.32,0.51,0.41,2026-04-15,724,N21,VIIRS,n,2.0NRT,315.57,7.88,D
24.13437,93.54422,341.19,0.47,0.48,2026-04-15,724,N21,VIIRS,n,2.0NRT,305.04,10.24,D
24.13439,97.404,352.95,0.42,0.61,2026-04-15,724,N21,VIIRS,n,2.0NRT,293.76,66.81,D
24.13484,97.40947,367,0.42,0.61,2026-04-15,724,N21,VIIRS,h,2.0NRT,293.67,66.81,D
24.13488,93.70996,338.51,0.48,0.48,2026-04-15,724,N21,VIIRS,n,2.0NRT,300.28,7.3,D
24.13529,97.40354,351.41,0.41,0.61,2026-04-15,724,N21,VIIRS,n,2.0NRT,292.42,20.26,D
24.13566,94.05548,339.18,0.51,0.49,2026-04-15,724,N21,VIIRS,n,2.0NRT,300.28,4.66,D
24.13575,97.40867,367,0.41,0.61,2026-04-15,724,N21,VIIRS,h,2.0NRT,295.71,20.26,D
24.1371,93.52914,339.16,0.47,0.48,2026-04-15,724,N21,VIIRS,n,2.0NRT,300.67,7.28,D
24.13762,83.99021,340.89,0.44,0.38,2026-04-15,724,N21,VIIRS,l,2.0NRT,314.68,3.47,D
24.13787,77.44543,342.55,0.34,0.56,2026-04-15,724,N21,VIIRS,l,2.0NRT,315.32,7.45,D
24.13875,83.12905,347.53,0.48,0.4,2026-04-15,724,N21,VIIRS,n,2.0NRT,318.42,15.01,D
24.13995,97.40319,280.81,0.42,0.61,2026-04-15,724,N21,VIIRS,l,2.0NRT,301.59,66.81,D
24.14035,97.40803,340.81,0.42,0.61,2026-04-15,724,N21,VIIRS,n,2.0NRT,314.05,66.81,D
24.14077,97.41315,367,0.42,0.61,2026-04-15,724,N21,VIIRS,h,2.0NRT,294.25,66.75,D
24.14121,97.35162,350.29,0.41,0.61,2026-04-15,724,N21,VIIRS,n,2.0NRT,294.54,41.79,D
24.14153,97.35532,352.77,0.41,0.61,2026-04-15,724,N21,VIIRS,n,2.0NRT,293.37,61.76,D
24.14238,74.34611,331.48,0.53,0.67,2026-04-15,724,N21,VIIRS,l,2.0NRT,303.87,2.85,D
24.1442,83.01275,341.96,0.48,0.4,2026-04-15,724,N21,VIIRS,l,2.0NRT,316.09,11.81,D
24.14583,97.40628,367,0.42,0.61,2026-04-15,724,N21,VIIRS,h,2.0NRT,293.74,38.96,D
24.14628,97.41166,367,0.42,0.61,2026-04-15,724,N21,VIIRS,h,2.0NRT,304.73,54.37,D
24.14664,97.41597,329.55,0.42,0.61,2026-04-15,724,N21,VIIRS,n,2.0NRT,291.28,54.37,D
24.14713,93.16254,333.33,0.44,0.46,2026-04-15,724,N21,VIIRS,n,2.0NRT,301.22,6.06,D
24.14738,97.35816,367,0.41,0.61,2026-04-15,724,N21,VIIRS,h,2.0NRT,295.72,61.76,D
24.14873,83.12212,349.35,0.48,0.4,2026-04-15,724,N21,VIIRS,l,2.0NRT,316.73,13.5,D
24.15071,93.3951,337.15,0.46,0.47,2026-04-15,724,N21,VIIRS,n,2.0NRT,294.21,12.24,D
24.1514,93.4017,346.63,0.46,0.47,2026-04-15,724,N21,VIIRS,n,2.0NRT,297.87,12.24,D
24.15147,97.40646,347.86,0.42,0.61,2026-04-15,724,N21,VIIRS,n,2.0NRT,292.71,38.96,D
24.15195,97.41226,367,0.42,0.61,2026-04-15,724,N21,VIIRS,h,2.0NRT,304.67,54.37,D
24.15244,83.45424,346.62,0.46,0.39,2026-04-15,724,N21,VIIRS,n,2.0NRT,316.22,11.39,D
24.15319,93.39931,353.77,0.46,0.47,2026-04-15,724,N21,VIIRS,n,2.0NRT,302.14,31.6,D
24.15324,93.4381,294.15,0.46,0.47,2026-04-15,724,N21,VIIRS,l,2.0NRT,322.3,117.7,D
24.15375,93.44262,342.65,0.46,0.47,2026-04-15,724,N21,VIIRS,n,2.0NRT,300.58,29.91,D
24.15568,93.40083,333.49,0.46,0.47,2026-04-15,724,N21,VIIRS,n,2.0NRT,296.53,12.24,D
24.15714,93.43389,339.38,0.46,0.47,2026-04-15,724,N21,VIIRS,n,2.0NRT,297.85,117.7,D
24.15762,93.43808,367,0.46,0.47,2026-04-15,724,N21,VIIRS,h,2.0NRT,302.02,117.7,D
24.15816,93.44283,333.41,0.46,0.47,2026-04-15,724,N21,VIIRS,n,2.0NRT,292.42,29.91,D
24.15818,93.40469,344.83,0.46,0.47,2026-04-15,724,N21,VIIRS,n,2.0NRT,299.66,7.93,D
24.15889,93.43102,337.69,0.46,0.47,2026-04-15,724,N21,VIIRS,n,2.0NRT,291.89,29.24,D
24.15996,93.39989,335.33,0.46,0.47,2026-04-15,724,N21,VIIRS,n,2.0NRT,296.69,3.9,D
24.1613,93.33188,330.31,0.46,0.47,2026-04-15,724,N21,VIIRS,n,2.0NRT,297.87,2.03,D
24.16142,97.45768,347.46,0.42,0.61,2026-04-15,724,N21,VIIRS,n,2.0NRT,288.66,7.14,D
24.16469,93.94389,339.66,0.5,0.49,2026-04-15,724,N21,VIIRS,n,2.0NRT,302.62,9.75,D
24.1652,93.94859,342.6,0.5,0.49,2026-04-15,724,N21,VIIRS,n,2.0NRT,300,8.11,D
24.16702,82.72163,337.56,0.5,0.41,2026-04-15,724,N21,VIIRS,l,2.0NRT,311.05,2.82,D
24.17034,97.04727,330.22,0.39,0.6,2026-04-15,724,N21,VIIRS,n,2.0NRT,295.25,5.04,D
24.17486,77.47487,344.95,0.34,0.56,2026-04-15,724,N21,VIIRS,n,2.0NRT,314.25,5.02,D
24.17509,97.03883,337.2,0.39,0.59,2026-04-15,724,N21,VIIRS,n,2.0NRT,295.71,8.18,D
24.17544,97.04279,349.08,0.39,0.6,2026-04-15,724,N21,VIIRS,n,2.0NRT,296.28,8.18,D
24.17629,77.47643,350.23,0.34,0.56,2026-04-15,724,N21,VIIRS,n,2.0NRT,316.44,6.57,D
24.1797,93.87418,332.41,0.49,0.49,2026-04-15,724,N21,VIIRS,n,2.0NRT,301.51,5.79,D
24.18048,93.79952,341.05,0.49,0.48,2026-04-15,724,N21,VIIRS,n,2.0NRT,301.6,7.18,D
24.18058,77.47681,346.11,0.34,0.56,2026-04-15,724,N21,VIIRS,n,2.0NRT,314.12,5.02,D
24.18272,77.43903,367,0.34,0.56,2026-04-15,724,N21,VIIRS,h,2.0NRT,316.31,12.03,D
24.18379,96.92678,330.67,0.39,0.59,2026-04-15,724,N21,VIIRS,n,2.0NRT,296.27,3.67,D
24.18475,89.22138,334.65,0.42,0.38,2026-04-15,724,N21,VIIRS,l,2.0NRT,308.12,3.1,D
24.18539,93.76302,351.33,0.48,0.48,2026-04-15,724,N21,VIIRS,n,2.0NRT,300.1,10.87,D
24.1882,89.22082,339.64,0.42,0.38,2026-04-15,724,N21,VIIRS,l,2.0NRT,312.53,3.1,D
24.18852,80.80444,355.49,0.42,0.45,2026-04-15,724,N21,VIIRS,n,2.0NRT,316.59,10.8,D
24.18898,97.38495,353.18,0.41,0.61,2026-04-15,724,N21,VIIRS,n,2.0NRT,300.09,42.09,D
24.18967,93.76348,339.72,0.49,0.48,2026-04-15,724,N21,VIIRS,n,2.0NRT,304.11,20.19,D
24.18971,93.76164,340.04,0.48,0.48,2026-04-15,724,N21,VIIRS,n,2.0NRT,303.92,24.93,D
24.19015,93.3168,340.5,0.45,0.47,2026-04-15,724,N21,VIIRS,n,2.0NRT,297.18,61.86,D
24.19053,93.43964,350.09,0.46,0.47,2026-04-15,724,N21,VIIRS,n,2.0NRT,300.16,53.46,D
24.19096,93.44358,342.14,0.46,0.47,2026-04-15,724,N21,VIIRS,n,2.0NRT,301.17,53.46,D
24.19343,83.47794,346.45,0.46,0.39,2026-04-15,724,N21,VIIRS,n,2.0NRT,317.85,11.22,D
24.19431,97.38158,352.1,0.41,0.61,2026-04-15,724,N21,VIIRS,n,2.0NRT,294.29,42.09,D
24.19458,97.38475,367,0.41,0.61,2026-04-15,724,N21,VIIRS,h,2.0NRT,302.56,42.09,D
24.19526,93.44279,355.53,0.46,0.47,2026-04-15,724,N21,VIIRS,n,2.0NRT,308.69,53.46,D
24.19571,93.44683,347.22,0.46,0.47,2026-04-15,724,N21,VIIRS,n,2.0NRT,302.95,20.76,D
24.19576,83.49114,338.08,0.46,0.39,2026-04-15,724,N21,VIIRS,l,2.0NRT,312.51,2.7,D
24.20012,93.44705,339.89,0.46,0.47,2026-04-15,724,N21,VIIRS,n,2.0NRT,297.87,6.23,D
24.20139,93.74725,333.09,0.48,0.48,2026-04-15,724,N21,VIIRS,n,2.0NRT,300.77,4.36,D
24.20562,87.52457,340.88,0.39,0.36,2026-04-15,724,N21,VIIRS,n,2.0NRT,314.26,5.33,D
24.20904,93.52875,338.56,0.47,0.48,2026-04-15,724,N21,VIIRS,n,2.0NRT,305.06,53.52,D
24.21137,83.53809,344.78,0.46,0.39,2026-04-15,724,N21,VIIRS,n,2.0NRT,315.45,4.56,D
24.21352,93.73505,341.19,0.48,0.48,2026-04-15,724,N21,VIIRS,n,2.0NRT,303.04,26.98,D
24.21719,87.78714,336.51,0.39,0.36,2026-04-15,724,N21,VIIRS,l,2.0NRT,309.55,5.57,D
24.21792,93.73444,342.97,0.48,0.48,2026-04-15,724,N21,VIIRS,n,2.0NRT,303.89,26.98,D
24.22054,77.4667,354.19,0.34,0.56,2026-04-15,724,N21,VIIRS,n,2.0NRT,315,6.56,D
24.22118,94.00423,346.29,0.5,0.49,2026-04-15,724,N21,VIIRS,n,2.0NRT,301.18,8.03,D
24.22334,94.00073,340.78,0.5,0.49,2026-04-15,724,N21,VIIRS,n,2.0NRT,301.11,8.5,D
24.22468,97.08444,367,0.4,0.6,2026-04-15,724,N21,VIIRS,h,2.0NRT,296.28,14.8,D
24.22476,84.60076,340.99,0.42,0.37,2026-04-15,724,N21,VIIRS,l,2.0NRT,314.93,7.62,D
24.22502,97.08839,352.24,0.4,0.6,2026-04-15,724,N21,VIIRS,n,2.0NRT,296.43,15.29,D
24.22513,97.54079,367,0.43,0.62,2026-04-15,724,N21,VIIRS,h,2.0NRT,291.13,59.47,D
24.22733,74.84081,344.26,0.49,0.65,2026-04-15,724,N21,VIIRS,n,2.0NRT,308.03,7.7,D
24.22879,97.53754,347.88,0.43,0.62,2026-04-15,724,N21,VIIRS,n,2.0NRT,300.51,32.7,D
24.2291,97.5414,332.09,0.43,0.62,2026-04-15,724,N21,VIIRS,n,2.0NRT,288.42,32.7,D
24.23047,97.53705,367,0.42,0.61,2026-04-15,724,N21,VIIRS,h,2.0NRT,295.26,59.47,D
24.23154,74.84002,339.87,0.49,0.65,2026-04-15,724,N21,VIIRS,n,2.0NRT,308.59,5.85,D
24.23266,77.47381,355.52,0.34,0.56,2026-04-15,724,N21,VIIRS,n,2.0NRT,321.09,24.15,D
24.23335,77.477,367,0.34,0.56,2026-04-15,724,N21,VIIRS,h,2.0NRT,322.35,24.15,D
24.23405,77.48019,367,0.34,0.56,2026-04-15,724,N21,VIIRS,h,2.0NRT,321.26,16.06,D
24.23475,77.48338,367,0.34,0.56,2026-04-15,724,N21,VIIRS,h,2.0NRT,316.85,16.06,D
24.23631,83.00017,341.88,0.48,0.4,2026-04-15,724,N21,VIIRS,n,2.0NRT,315.64,4.88,D
24.23835,77.47574,348.1,0.34,0.56,2026-04-15,724,N21,VIIRS,n,2.0NRT,314.84,6.83,D
24.23964,83.01872,341.77,0.48,0.4,2026-04-15,724,N21,VIIRS,l,2.0NRT,315.85,9.49,D
24.24116,82.92211,344.09,0.48,0.4,2026-04-15,724,N21,VIIRS,n,2.0NRT,314.95,6.41,D
24.24184,77.49167,354.82,0.34,0.56,2026-04-15,724,N21,VIIRS,n,2.0NRT,314.02,14.41,D
24.24613,77.48722,342.89,0.34,0.56,2026-04-15,724,N21,VIIRS,l,2.0NRT,317.17,6.95,D
24.24682,82.84801,346.57,0.49,0.4,2026-04-15,724,N21,VIIRS,n,2.0NRT,315.39,12.92,D
24.24752,77.49358,348.52,0.34,0.56,2026-04-15,724,N21,VIIRS,n,2.0NRT,316.16,14.41,D
24.24822,77.49677,367,0.33,0.56,2026-04-15,724,N21,VIIRS,l,2.0NRT,328.44,29.57,D
24.24892,77.49995,339.8,0.33,0.56,2026-04-15,724,N21,VIIRS,l,2.0NRT,313.03,29.57,D
24.24908,84.59622,346.24,0.42,0.37,2026-04-15,724,N21,VIIRS,l,2.0NRT,316.85,8.5,D
24.25158,82.83222,343.38,0.49,0.4,2026-04-15,724,N21,VIIRS,l,2.0NRT,313.67,4.71,D
24.25162,82.83367,341.76,0.49,0.4,2026-04-15,724,N21,VIIRS,l,2.0NRT,313.74,5.21,D
24.25242,82.83698,340.83,0.49,0.4,2026-04-15,724,N21,VIIRS,l,2.0NRT,313.21,4.71,D
24.25249,82.83842,338.75,0.49,0.4,2026-04-15,724,N21,VIIRS,l,2.0NRT,312.18,5.21,D
24.25394,97.23189,354.71,0.4,0.6,2026-04-15,724,N21,VIIRS,n,2.0NRT,296.95,7.8,D
24.25608,82.73387,345.12,0.49,0.41,2026-04-15,724,N21,VIIRS,l,2.0NRT,316.71,9.39,D
24.2569,81.1832,337.9,0.4,0.44,2026-04-15,724,N21,VIIRS,l,2.0NRT,312.75,1.55,D
24.26276,84.30273,340.65,0.43,0.38,2026-04-15,724,N21,VIIRS,l,2.0NRT,314.77,5.24,D
24.26345,77.87391,344.38,0.63,0.54,2026-04-15,724,N21,VIIRS,l,2.0NRT,316.78,21.53,D
24.26632,78.18103,344.26,0.61,0.53,2026-04-15,724,N21,VIIRS,n,2.0NRT,317.06,14.2,D
24.26701,77.87532,348.55,0.63,0.54,2026-04-15,724,N21,VIIRS,n,2.0NRT,317.88,19.01,D
24.27109,78.17983,345.75,0.61,0.53,2026-04-15,724,N21,VIIRS,l,2.0NRT,318.88,13.86,D
24.27136,86.7844,341.11,0.38,0.36,2026-04-15,724,N21,VIIRS,l,2.0NRT,312.38,2.43,D
24.27194,84.44048,347.34,0.42,0.38,2026-04-15,724,N21,VIIRS,n,2.0NRT,318.29,11.18,D
24.27536,94.01948,367,0.5,0.49,2026-04-15,724,N21,VIIRS,h,2.0NRT,302.04,19.45,D
24.27583,94.02388,346.32,0.5,0.49,2026-04-15,724,N21,VIIRS,n,2.0NRT,299.56,19.45,D
24.27614,97.42653,353.04,0.42,0.61,2026-04-15,724,N21,VIIRS,n,2.0NRT,297.29,20.7,D
24.27629,94.02822,330.96,0.51,0.49,2026-04-15,724,N21,VIIRS,n,2.0NRT,295.91,7.17,D
24.27653,97.43108,341.28,0.42,0.61,2026-04-15,724,N21,VIIRS,n,2.0NRT,301.06,27.5,D
24.27687,97.43523,367,0.42,0.61,2026-04-15,724,N21,VIIRS,h,2.0NRT,296.56,27.5,D
24.27937,94.01437,334.9,0.5,0.49,2026-04-15,724,N21,VIIRS,n,2.0NRT,305.04,32.62,D
24.27986,94.01898,367,0.5,0.49,2026-04-15,724,N21,VIIRS,h,2.0NRT,335.49,73.44,D
24.28035,94.02354,349.48,0.5,0.49,2026-04-15,724,N21,VIIRS,n,2.0NRT,311.33,73.44,D
24.28221,97.43159,349.38,0.42,0.61,2026-04-15,724,N21,VIIRS,n,2.0NRT,294.72,27.5,D
24.28387,94.0139,337.48,0.5,0.49,2026-04-15,724,N21,VIIRS,n,2.0NRT,298.71,32.62,D
24.28436,94.0184,331.43,0.5,0.49,2026-04-15,724,N21,VIIRS,n,2.0NRT,298.87,73.44,D
24.28486,94.02308,335.77,0.5,0.49,2026-04-15,724,N21,VIIRS,n,2.0NRT,294.17,73.44,D
24.29678,96.39362,337.56,0.36,0.57,2026-04-15,724,N21,VIIRS,n,2.0NRT,299.63,2.99,D
24.29683,97.08809,367,0.4,0.6,2026-04-15,724,N21,VIIRS,h,2.0NRT,296.25,13.93,D
24.29769,97.08615,338.2,0.4,0.6,2026-04-15,724,N21,VIIRS,n,2.0NRT,294.92,8.77,D
24.29787,97.5494,351.6,0.43,0.62,2026-04-15,724,N21,VIIRS,n,2.0NRT,294.98,27.55,D
24.29803,97.09018,347.27,0.4,0.6,2026-04-15,724,N21,VIIRS,n,2.0NRT,295.77,10.22,D
24.30278,77.81855,341.37,0.32,0.54,2026-04-15,724,N21,VIIRS,l,2.0NRT,313.96,4.53,D
24.30429,78.08289,342.64,0.61,0.54,2026-04-15,724,N21,VIIRS,l,2.0NRT,314.45,23.67,D
24.30512,78.07898,344.96,0.61,0.54,2026-04-15,724,N21,VIIRS,l,2.0NRT,317.56,22.05,D
24.30616,87.83805,341.75,0.39,0.36,2026-04-15,724,N21,VIIRS,n,2.0NRT,308.74,5.3,D
24.30705,82.97195,340.47,0.48,0.4,2026-04-15,724,N21,VIIRS,n,2.0NRT,314.23,3.34,D
24.30912,82.73242,343.87,0.49,0.41,2026-04-15,724,N21,VIIRS,l,2.0NRT,317.65,17.16,D
24.30988,92.85808,348.48,0.43,0.46,2026-04-15,724,N21,VIIRS,n,2.0NRT,297.83,8.12,D
24.31141,92.8588,339.51,0.43,0.46,2026-04-15,724,N21,VIIRS,n,2.0NRT,298.66,6.76,D
24.31191,83.14342,350.56,0.47,0.4,2026-04-15,724,N21,VIIRS,l,2.0NRT,316.6,10.53,D
24.31223,83.13272,346.81,0.47,0.4,2026-04-15,724,N21,VIIRS,n,2.0NRT,316.88,6,D
24.31303,83.13729,341.31,0.47,0.4,2026-04-15,724,N21,VIIRS,l,2.0NRT,315.63,5.6,D
24.31383,83.14184,344.38,0.47,0.4,2026-04-15,724,N21,VIIRS,l,2.0NRT,315.66,5.6,D
24.31386,83.13354,351.09,0.47,0.4,2026-04-15,724,N21,VIIRS,l,2.0NRT,317.01,8.12,D
24.31703,93.29549,335.46,0.45,0.47,2026-04-15,724,N21,VIIRS,n,2.0NRT,299.42,13.48,D
24.3171,97.50888,333.95,0.42,0.61,2026-04-15,724,N21,VIIRS,n,2.0NRT,291.08,7.93,D
24.31741,97.51237,339.03,0.42,0.61,2026-04-15,724,N21,VIIRS,n,2.0NRT,290.73,8.47,D
24.31757,93.3003,339.3,0.46,0.47,2026-04-15,724,N21,VIIRS,n,2.0NRT,297.46,12.71,D
24.31997,87.83971,332.76,0.39,0.36,2026-04-15,724,N21,VIIRS,l,2.0NRT,307.69,1.02,D
24.3223,88.37391,338.72,0.4,0.37,2026-04-15,724,N21,VIIRS,n,2.0NRT,313.33,3.55,D
24.32359,96.7507,330.69,0.38,0.59,2026-04-15,724,N21,VIIRS,n,2.0NRT,296.89,5.51,D
24.32449,83.84844,343.35,0.44,0.38,2026-04-15,724,N21,VIIRS,n,2.0NRT,317.41,4.88,D
24.3272,76.5195,367,0.38,0.59,2026-04-15,724,N21,VIIRS,h,2.0NRT,316.94,8.33,D
24.32905,84.19537,350.55,0.43,0.38,2026-04-15,724,N21,VIIRS,n,2.0NRT,315.07,6.43,D
24.33163,78.93918,367,0.54,0.51,2026-04-15,724,N21,VIIRS,h,2.0NRT,320.54,30.79,D
24.3327,78.94434,349.66,0.54,0.51,2026-04-15,724,N21,VIIRS,n,2.0NRT,319.53,13.73,D
24.33438,77.25233,354.39,0.35,0.56,2026-04-15,724,N21,VIIRS,n,2.0NRT,315.15,7.76,D
24.33654,77.2523,355.3,0.35,0.56,2026-04-15,724,N21,VIIRS,n,2.0NRT,313.72,7.62,D
24.33726,78.94325,355.12,0.54,0.51,2026-04-15,724,N21,VIIRS,n,2.0NRT,319.96,13.73,D
24.33746,93.32207,345.08,0.46,0.47,2026-04-15,724,N21,VIIRS,n,2.0NRT,308.77,53.9,D
24.33792,79.41093,348.64,0.51,0.49,2026-04-15,724,N21,VIIRS,n,2.0NRT,319.02,9.53,D
24.33894,79.41596,344.43,0.51,0.49,2026-04-15,724,N21,VIIRS,n,2.0NRT,317.28,7.45,D
24.34094,92.89516,352.12,0.43,0.46,2026-04-15,724,N21,VIIRS,n,2.0NRT,298.42,9.36,D
24.34125,93.31692,338.19,0.46,0.47,2026-04-15,724,N21,VIIRS,n,2.0NRT,299.41,53.9,D
24.34336,93.19053,350.28,0.45,0.47,2026-04-15,724,N21,VIIRS,n,2.0NRT,301.22,27.07,D
24.3446,93.19386,335.78,0.45,0.47,2026-04-15,724,N21,VIIRS,n,2.0NRT,298.47,32.36,D
24.34982,81.39807,343.48,0.39,0.44,2026-04-15,724,N21,VIIRS,n,2.0NRT,316.46,3.85,D
24.35044,96.68864,335.52,0.37,0.58,2026-04-15,724,N21,VIIRS,n,2.0NRT,299.8,4,D
24.35081,88.40518,346.72,0.4,0.37,2026-04-15,724,N21,VIIRS,n,2.0NRT,312.7,7.71,D
24.35748,94.3567,330.68,0.53,0.5,2026-04-15,724,N21,VIIRS,l,2.0NRT,304.08,4.69,D
24.36031,81.38857,348.64,0.39,0.44,2026-04-15,724,N21,VIIRS,n,2.0NRT,318.39,13.57,D
24.36141,93.1973,333.03,0.45,0.47,2026-04-15,724,N21,VIIRS,n,2.0NRT,302.27,37.77,D
24.36195,93.20232,352.01,0.45,0.47,2026-04-15,724,N21,VIIRS,n,2.0NRT,308.92,37.77,D
24.36275,96.35615,338.92,0.36,0.57,2026-04-15,724,N21,VIIRS,n,2.0NRT,299.14,4.33,D
24.36339,93.0973,341.39,0.44,0.46,2026-04-15,724,N21,VIIRS,n,2.0NRT,299,5.96,D
24.36364,81.38449,344.3,0.39,0.44,2026-04-15,724,N21,VIIRS,l,2.0NRT,315.69,6.6,D
24.36435,81.38819,342.72,0.39,0.44,2026-04-15,724,N21,VIIRS,l,2.0NRT,313.64,6.6,D
24.3657,93.19695,335.45,0.45,0.47,2026-04-15,724,N21,VIIRS,l,2.0NRT,306.11,37.77,D
24.36583,87.8513,332.72,0.39,0.36,2026-04-15,724,N21,VIIRS,l,2.0NRT,306.18,1.54,D
24.36623,93.20187,347.35,0.45,0.47,2026-04-15,724,N21,VIIRS,n,2.0NRT,306.91,37.77,D
24.36638,92.82,333.59,0.43,0.46,2026-04-15,724,N21,VIIRS,n,2.0NRT,298.47,4.72,D
24.36685,92.8241,334.29,0.43,0.46,2026-04-15,724,N21,VIIRS,n,2.0NRT,297.58,4.52,D
24.3673,96.65285,334.16,0.37,0.58,2026-04-15,724,N21,VIIRS,n,2.0NRT,297.25,3.07,D
24.36876,96.65327,333.83,0.37,0.58,2026-04-15,724,N21,VIIRS,n,2.0NRT,297.25,3.61,D
24.37003,93.1969,343.35,0.45,0.47,2026-04-15,724,N21,VIIRS,n,2.0NRT,298.94,9.08,D
24.37222,92.87111,340.32,0.43,0.46,2026-04-15,724,N21,VIIRS,n,2.0NRT,298.56,6.64,D
24.3749,93.00784,334.81,0.44,0.46,2026-04-15,724,N21,VIIRS,n,2.0NRT,301.9,17.8,D
24.37544,93.01262,334.04,0.44,0.46,2026-04-15,724,N21,VIIRS,n,2.0NRT,295.97,17.96,D
24.3758,85.18883,341.2,0.4,0.37,2026-04-15,724,N21,VIIRS,n,2.0NRT,315.92,4.53,D
24.37916,93.00759,342.41,0.44,0.46,2026-04-15,724,N21,VIIRS,n,2.0NRT,298.93,17.8,D
24.38012,83.12888,341.47,0.47,0.4,2026-04-15,724,N21,VIIRS,n,2.0NRT,315.41,3.9,D
24.38054,96.84026,345.38,0.38,0.59,2026-04-15,724,N21,VIIRS,n,2.0NRT,296.68,5.44,D
24.38075,94.22096,308.13,0.52,0.5,2026-04-15,724,N21,VIIRS,l,2.0NRT,319.19,179.67,D
24.38136,94.22681,367,0.52,0.5,2026-04-15,724,N21,VIIRS,l,2.0NRT,329.08,118.82,D
24.38195,94.23266,342.34,0.52,0.5,2026-04-15,724,N21,VIIRS,n,2.0NRT,303.23,118.82,D
24.38205,94.45483,332.71,0.54,0.51,2026-04-15,724,N21,VIIRS,l,2.0NRT,305.35,11.55,D
24.38578,94.45324,341.27,0.54,0.51,2026-04-15,724,N21,VIIRS,n,2.0NRT,305.64,7.38,D
24.38598,94.22684,353,0.52,0.5,2026-04-15,724,N21,VIIRS,n,2.0NRT,308.32,118.82,D
24.3862,82.29382,343.25,0.52,0.41,2026-04-15,724,N21,VIIRS,l,2.0NRT,316.4,6.27,D
24.38659,82.95178,341.97,0.48,0.4,2026-04-15,724,N21,VIIRS,l,2.0NRT,314.64,4.99,D
24.38715,82.29889,342.36,0.52,0.41,2026-04-15,724,N21,VIIRS,n,2.0NRT,315.39,6.27,D
24.38816,93.01146,348.37,0.44,0.46,2026-04-15,724,N21,VIIRS,n,2.0NRT,301.35,29.95,D
24.39009,83.47612,342.29,0.46,0.39,2026-04-15,724,N21,VIIRS,l,2.0NRT,316.87,6.46,D
24.39137,93.00193,350.98,0.44,0.46,2026-04-15,724,N21,VIIRS,n,2.0NRT,300.35,16.08,D
24.39187,93.00635,334.77,0.44,0.46,2026-04-15,724,N21,VIIRS,n,2.0NRT,297.12,16.08,D
24.39241,93.01109,332.94,0.44,0.46,2026-04-15,724,N21,VIIRS,n,2.0NRT,298.21,7.68,D
24.39333,92.79674,330.8,0.42,0.46,2026-04-15,724,N21,VIIRS,n,2.0NRT,297.47,5.71,D
24.39612,93.00606,341.72,0.44,0.46,2026-04-15,724,N21,VIIRS,n,2.0NRT,299.74,16.08,D
24.4019,93.01918,339.76,0.44,0.46,2026-04-15,724,N21,VIIRS,n,2.0NRT,297.94,7.32,D
24.40276,85.14321,350.75,0.4,0.37,2026-04-15,724,N21,VIIRS,n,2.0NRT,316.08,6.03,D
24.40462,93.00537,336.09,0.44,0.46,2026-04-15,724,N21,VIIRS,n,2.0NRT,298.07,5.32,D
24.40487,87.77001,352.52,0.39,0.36,2026-04-15,724,N21,VIIRS,n,2.0NRT,317.91,8.41,D
24.40609,85.14252,348.69,0.4,0.37,2026-04-15,724,N21,VIIRS,n,2.0NRT,319.12,6.03,D
24.41444,74.66177,335.62,0.5,0.66,2026-04-15,724,N21,VIIRS,l,2.0NRT,310.54,2.71,D
24.41547,79.67956,345.26,0.49,0.48,2026-04-15,724,N21,VIIRS,n,2.0NRT,319.34,8.91,D
24.41588,79.68325,351.35,0.49,0.48,2026-04-15,724,N21,VIIRS,n,2.0NRT,319.75,11.13,D
24.41645,79.68428,353.43,0.49,0.48,2026-04-15,724,N21,VIIRS,n,2.0NRT,320.25,8.91,D
24.41927,79.6774,344.1,0.49,0.48,2026-04-15,724,N21,VIIRS,l,2.0NRT,317.65,11.8,D
24.41981,79.67849,353.41,0.49,0.48,2026-04-15,724,N21,VIIRS,n,2.0NRT,317.44,9.5,D
24.42023,79.68221,356.16,0.49,0.48,2026-04-15,724,N21,VIIRS,n,2.0NRT,321.5,11.8,D
24.4208,79.68327,354.58,0.49,0.48,2026-04-15,724,N21,VIIRS,n,2.0NRT,320.75,9.5,D
24.4256,83.00118,348.78,0.48,0.4,2026-04-15,724,N21,VIIRS,n,2.0NRT,317.37,14.29,D
24.4257,75.00949,335.34,0.47,0.64,2026-04-15,724,N21,VIIRS,l,2.0NRT,309.43,3.3,D
24.42743,87.43856,341.38,0.39,0.36,2026-04-15,724,N21,VIIRS,n,2.0NRT,314.84,4.93,D
24.42824,77.31537,345.13,0.34,0.56,2026-04-15,724,N21,VIIRS,l,2.0NRT,315.14,5.66,D
24.43159,87.81229,346.89,0.39,0.36,2026-04-15,724,N21,VIIRS,n,2.0NRT,311.43,9.35,D
24.43172,79.07457,367,0.53,0.5,2026-04-15,724,N21,VIIRS,h,2.0NRT,324.51,95.1,D
24.4338,79.67995,348.31,0.49,0.48,2026-04-15,724,N21,VIIRS,l,2.0NRT,319.21,14,D
24.43517,79.06837,367,0.53,0.5,2026-04-15,724,N21,VIIRS,l,2.0NRT,328.05,95.82,D
24.43601,87.81936,344.56,0.39,0.36,2026-04-15,724,N21,VIIRS,n,2.0NRT,311.3,6.21,D
24.43623,79.07346,367,0.53,0.5,2026-04-15,724,N21,VIIRS,l,2.0NRT,334.67,95.1,D
24.43657,87.82319,354.12,0.39,0.36,2026-04-15,724,N21,VIIRS,n,2.0NRT,311.79,7.2,D
24.4381,79.6787,347.5,0.49,0.48,2026-04-15,724,N21,VIIRS,l,2.0NRT,318.12,10.82,D
24.43902,97.43212,334.51,0.42,0.61,2026-04-15,724,N21,VIIRS,n,2.0NRT,293.36,7.9,D
24.43932,97.43558,338.55,0.42,0.61,2026-04-15,724,N21,VIIRS,n,2.0NRT,293.63,9.24,D
24.43968,79.06726,354.82,0.53,0.5,2026-04-15,724,N21,VIIRS,n,2.0NRT,322.75,23.33,D
24.43988,87.82261,342.78,0.39,0.36,2026-04-15,724,N21,VIIRS,n,2.0NRT,311.83,7.2,D
24.44074,79.07236,345.34,0.53,0.5,2026-04-15,724,N21,VIIRS,l,2.0NRT,318.63,13.25,D
24.44164,78.89391,367,0.54,0.51,2026-04-15,724,N21,VIIRS,h,2.0NRT,320.99,26.85,D
24.44227,80.19437,350.33,0.45,0.47,2026-04-15,724,N21,VIIRS,l,2.0NRT,323.13,13.17,D
24.44596,87.81762,336.83,0.39,0.36,2026-04-15,724,N21,VIIRS,l,2.0NRT,309.2,3.04,D
24.44818,85.48573,340.59,0.39,0.37,2026-04-15,724,N21,VIIRS,l,2.0NRT,314.43,4.99,D
24.4487,79.06508,350.45,0.53,0.5,2026-04-15,724,N21,VIIRS,n,2.0NRT,319.86,10.75,D
24.4512,79.58656,344.83,0.49,0.49,2026-04-15,724,N21,VIIRS,l,2.0NRT,316.21,7.21,D
24.45219,94.55036,334.29,0.55,0.51,2026-04-15,724,N21,VIIRS,n,2.0NRT,300.2,4.75,D
24.4532,80.0723,344.64,0.46,0.47,2026-04-15,724,N21,VIIRS,l,2.0NRT,319.25,22.27,D
24.45478,87.80823,338.77,0.39,0.36,2026-04-15,724,N21,VIIRS,l,2.0NRT,309.35,5.33,D
24.45534,87.81206,347.36,0.39,0.36,2026-04-15,724,N21,VIIRS,n,2.0NRT,309.34,7.95,D
24.45584,85.44856,342.95,0.4,0.37,2026-04-15,724,N21,VIIRS,l,2.0NRT,310.81,6.5,D
24.45854,85.44407,343.1,0.4,0.37,2026-04-15,724,N21,VIIRS,l,2.0NRT,314.75,4.18,D
24.45875,85.42421,339.88,0.4,0.37,2026-04-15,724,N21,VIIRS,n,2.0NRT,313.63,3.31,D
24.46128,87.73653,346.32,0.39,0.36,2026-04-15,724,N21,VIIRS,n,2.0NRT,314.89,7.49,D
24.46722,96.04708,334.41,0.34,0.56,2026-04-15,724,N21,VIIRS,n,2.0NRT,298.6,4.57,D
24.46924,78.95786,343.85,0.54,0.51,2026-04-15,724,N21,VIIRS,l,2.0NRT,316.68,14.21,D
24.46989,80.1559,345.06,0.45,0.47,2026-04-15,724,N21,VIIRS,n,2.0NRT,319.63,7.63,D
24.47379,78.95677,341.66,0.54,0.51,2026-04-15,724,N21,VIIRS,l,2.0NRT,315.14,5.39,D
24.47582,77.55621,367,0.33,0.55,2026-04-15,724,N21,VIIRS,h,2.0NRT,316.13,8.82,D
24.47651,77.55937,367,0.33,0.55,2026-04-15,724,N21,VIIRS,h,2.0NRT,315.29,8.82,D
24.47982,80.11684,344.83,0.46,0.47,2026-04-15,724,N21,VIIRS,n,2.0NRT,319.58,7.1,D
24.48454,85.54192,340.08,0.39,0.36,2026-04-15,724,N21,VIIRS,l,2.0NRT,314.83,3.96,D
24.48765,77.44349,354.3,0.33,0.56,2026-04-15,724,N21,VIIRS,n,2.0NRT,316.44,11.68,D
24.48776,77.44285,352.24,0.33,0.56,2026-04-15,724,N21,VIIRS,n,2.0NRT,316.84,6.62,D
24.48892,96.58353,335.99,0.37,0.58,2026-04-15,724,N21,VIIRS,n,2.0NRT,295.07,2.9,D
24.49156,97.20454,338.45,0.41,0.6,2026-04-15,724,N21,VIIRS,n,2.0NRT,294.67,8.78,D
24.49168,94.43389,334.61,0.54,0.51,2026-04-15,724,N21,VIIRS,n,2.0NRT,304.59,2.81,D
24.4919,77.43899,367,0.33,0.56,2026-04-15,724,N21,VIIRS,h,2.0NRT,318.59,14.43,D
24.49203,77.43833,367,0.33,0.56,2026-04-15,724,N21,VIIRS,h,2.0NRT,316.96,8.7,D
24.49261,77.44221,367,0.33,0.56,2026-04-15,724,N21,VIIRS,h,2.0NRT,320.1,11.68,D
24.49273,77.44154,367,0.33,0.56,2026-04-15,724,N21,VIIRS,h,2.0NRT,321.72,8.7,D
24.49629,85.80676,346.56,0.39,0.36,2026-04-15,724,N21,VIIRS,n,2.0NRT,303.43,4.19,D
24.49687,77.43771,338.89,0.33,0.56,2026-04-15,724,N21,VIIRS,n,2.0NRT,312.09,2.39,D
24.49758,77.44092,337.78,0.33,0.56,2026-04-15,724,N21,VIIRS,n,2.0NRT,312.16,2.83,D
24.49769,77.44025,338.62,0.33,0.56,2026-04-15,724,N21,VIIRS,n,2.0NRT,312.64,8.7,D
24.50092,78.52558,349.34,0.57,0.52,2026-04-15,724,N21,VIIRS,n,2.0NRT,317.26,16.59,D
24.50302,78.52268,344.05,0.57,0.52,2026-04-15,724,N21,VIIRS,n,2.0NRT,317.03,14.21,D
24.50416,78.52813,342.78,0.57,0.52,2026-04-15,724,N21,VIIRS,n,2.0NRT,317.64,13.59,D
24.50925,79.91636,344.91,0.47,0.48,2026-04-15,724,N21,VIIRS,n,2.0NRT,314.72,9.51,D
24.51107,74.90735,340.39,0.48,0.65,2026-04-15,724,N21,VIIRS,l,2.0NRT,310.83,5.82,D
24.51119,83.23014,347.93,0.47,0.39,2026-04-15,724,N21,VIIRS,l,2.0NRT,314.49,5.49,D
24.5116,88.10619,333.16,0.4,0.37,2026-04-15,724,N21,VIIRS,l,2.0NRT,308.1,2.28,D
24.51187,85.58395,344,0.39,0.36,2026-04-15,724,N21,VIIRS,n,2.0NRT,313.04,4.25,D
24.51199,83.23464,343.58,0.47,0.39,2026-04-15,724,N21,VIIRS,l,2.0NRT,314.5,5.49,D
24.51356,79.91545,344.63,0.47,0.48,2026-04-15,724,N21,VIIRS,l,2.0NRT,317.35,10.94,D
24.51446,79.91993,343.66,0.47,0.48,2026-04-15,724,N21,VIIRS,l,2.0NRT,318.07,10.94,D
24.51617,86.01738,342.14,0.39,0.36,2026-04-15,724,N21,VIIRS,n,2.0NRT,313.9,3.95,D
24.51624,73.76719,330.15,0.56,0.69,2026-04-15,724,N21,VIIRS,n,2.0NRT,299.85,5.97,D
24.52002,83.23821,348.39,0.46,0.39,2026-04-15,724,N21,VIIRS,l,2.0NRT,316.77,11.97,D
24.52054,79.7263,346.13,0.48,0.48,2026-04-15,724,N21,VIIRS,l,2.0NRT,319.24,25,D
24.5214,97.42018,333.8,0.42,0.61,2026-04-15,724,N21,VIIRS,n,2.0NRT,294.45,3.3,D
24.52315,79.71667,343.48,0.48,0.48,2026-04-15,724,N21,VIIRS,l,2.0NRT,315.68,18.59,D
24.52658,83.33829,341.27,0.46,0.39,2026-04-15,724,N21,VIIRS,l,2.0NRT,314.36,4.58,D
24.52734,83.42608,341.99,0.46,0.39,2026-04-15,724,N21,VIIRS,n,2.0NRT,315.68,3.83,D
24.52932,87.80698,347.81,0.39,0.36,2026-04-15,724,N21,VIIRS,n,2.0NRT,314.18,3.97,D
24.53094,83.42567,348.17,0.46,0.39,2026-04-15,724,N21,VIIRS,n,2.0NRT,313.6,3.83,D
24.53992,88.08937,335.46,0.4,0.37,2026-04-15,724,N21,VIIRS,l,2.0NRT,308.6,3.78,D
24.54019,85.4004,343.3,0.4,0.37,2026-04-15,724,N21,VIIRS,l,2.0NRT,317.33,6.4,D
24.54226,85.39204,342.43,0.4,0.37,2026-04-15,724,N21,VIIRS,l,2.0NRT,314.2,4.36,D
24.54351,85.39976,350.68,0.4,0.37,2026-04-15,724,N21,VIIRS,n,2.0NRT,315.44,6.4,D
24.54407,79.24332,343.78,0.51,0.5,2026-04-15,724,N21,VIIRS,n,2.0NRT,314.51,6.09,D
24.54762,87.88641,345.64,0.39,0.36,2026-04-15,724,N21,VIIRS,n,2.0NRT,311.09,5.6,D
24.54859,80.24256,348.38,0.45,0.47,2026-04-15,724,N21,VIIRS,l,2.0NRT,321.28,10.51,D
24.55192,80.23728,347.87,0.45,0.47,2026-04-15,724,N21,VIIRS,l,2.0NRT,319.34,8.68,D
24.55279,80.24158,349.45,0.45,0.47,2026-04-15,724,N21,VIIRS,l,2.0NRT,320.47,8.68,D
24.55446,85.55203,338.86,0.39,0.36,2026-04-15,724,N21,VIIRS,n,2.0NRT,311.54,3.32,D
24.55776,85.55137,342.43,0.39,0.36,2026-04-15,724,N21,VIIRS,n,2.0NRT,311.86,3.12,D
24.55799,77.42901,342.51,0.33,0.56,2026-04-15,724,N21,VIIRS,l,2.0NRT,316.6,6.49,D
24.56107,85.5507,337.11,0.39,0.36,2026-04-15,724,N21,VIIRS,l,2.0NRT,312.1,3.12,D
24.5664,87.85162,338.66,0.39,0.36,2026-04-15,724,N21,VIIRS,n,2.0NRT,310.85,4.48,D
24.56679,84.5966,341.67,0.41,0.37,2026-04-15,724,N21,VIIRS,n,2.0NRT,314.44,4.14,D
24.56914,96.11067,348.42,0.35,0.56,2026-04-15,724,N21,VIIRS,n,2.0NRT,297.1,5.06,D
24.57175,87.74837,335.94,0.39,0.36,2026-04-15,724,N21,VIIRS,l,2.0NRT,310.49,2.36,D
24.57439,85.42149,348.51,0.39,0.37,2026-04-15,724,N21,VIIRS,n,2.0NRT,316.63,6.33,D
24.57889,76.41379,342.05,0.39,0.59,2026-04-15,724,N21,VIIRS,l,2.0NRT,312.8,5.52,D
24.58716,76.45051,338.61,0.38,0.59,2026-04-15,724,N21,VIIRS,l,2.0NRT,312.84,4.66,D
24.60549,95.73678,367,0.33,0.55,2026-04-15,724,N21,VIIRS,h,2.0NRT,301.79,13.42,D
24.60615,95.73755,367,0.33,0.55,2026-04-15,724,N21,VIIRS,h,2.0NRT,302.18,12.47,D
24.61772,76.32365,367,0.39,0.59,2026-04-15,724,N21,VIIRS,h,2.0NRT,312.51,5.92,D
24.62101,94.76553,333.35,0.57,0.52,2026-04-15,724,N21,VIIRS,n,2.0NRT,302.74,4.3,D
24.62193,86.21064,346.26,0.39,0.36,2026-04-15,724,N21,VIIRS,n,2.0NRT,313.13,4.93,D
24.62301,76.32224,336.73,0.39,0.59,2026-04-15,724,N21,VIIRS,n,2.0NRT,311.17,5.92,D
24.62312,85.6182,341.95,0.39,0.36,2026-04-15,724,N21,VIIRS,n,2.0NRT,312.73,1.57,D
24.63707,96.16637,336.37,0.35,0.57,2026-04-15,724,N21,VIIRS,n,2.0NRT,296.98,4.13,D
24.63713,76.64983,344.84,0.37,0.58,2026-04-15,724,N21,VIIRS,n,2.0NRT,314.75,5.7,D
24.63735,97.47186,346.57,0.42,0.61,2026-04-15,724,N21,VIIRS,n,2.0NRT,293.46,7.6,D
24.63774,76.65134,352.09,0.37,0.58,2026-04-15,724,N21,VIIRS,n,2.0NRT,316.56,7.69,D
24.64008,76.78426,347.85,0.36,0.58,2026-04-15,724,N21,VIIRS,n,2.0NRT,313.78,7.99,D
24.64086,76.78774,350.24,0.36,0.58,2026-04-15,724,N21,VIIRS,n,2.0NRT,312.13,7.01,D
24.642,83.4133,351.51,0.46,0.39,2026-04-15,724,N21,VIIRS,l,2.0NRT,320.05,21.72,D
24.64232,76.64847,347.33,0.37,0.58,2026-04-15,724,N21,VIIRS,n,2.0NRT,314.95,5.7,D
24.64293,76.64996,354.58,0.37,0.58,2026-04-15,724,N21,VIIRS,n,2.0NRT,316.81,7.69,D
24.64367,97.47932,367,0.42,0.61,2026-04-15,724,N21,VIIRS,h,2.0NRT,295.1,20.16,D
24.65672,94.73862,332.95,0.57,0.52,2026-04-15,724,N21,VIIRS,n,2.0NRT,301.88,4.64,D
24.66616,83.73775,344.97,0.44,0.38,2026-04-15,724,N21,VIIRS,l,2.0NRT,316.3,7.06,D
24.66711,96.31715,334.35,0.36,0.57,2026-04-15,724,N21,VIIRS,n,2.0NRT,298.03,6.32,D
24.66753,96.31672,331.37,0.36,0.57,2026-04-15,724,N21,VIIRS,n,2.0NRT,297.84,5.92,D
24.67034,76.67463,342.25,0.37,0.58,2026-04-15,724,N21,VIIRS,l,2.0NRT,317.14,8.59,D
24.67359,76.7368,346.18,0.37,0.58,2026-04-15,724,N21,VIIRS,n,2.0NRT,314.95,7.54,D
24.6736,76.73856,342.34,0.37,0.58,2026-04-15,724,N21,VIIRS,l,2.0NRT,315.44,8.95,D
24.67788,77.16917,341.3,0.34,0.56,2026-04-15,724,N21,VIIRS,l,2.0NRT,313.48,3.7,D
24.68023,84.01766,348.75,0.43,0.38,2026-04-15,724,N21,VIIRS,n,2.0NRT,316.24,7.4,D
24.68178,82.68451,349.77,0.49,0.4,2026-04-15,724,N21,VIIRS,l,2.0NRT,321.25,14.77,D
24.68266,82.26994,340.71,0.51,0.41,2026-04-15,724,N21,VIIRS,l,2.0NRT,314.83,7.52,D
24.69554,77.10495,351.15,0.35,0.56,2026-04-15,724,N21,VIIRS,n,2.0NRT,320.31,9.23,D
24.69893,76.85313,340.49,0.36,0.57,2026-04-15,724,N21,VIIRS,l,2.0NRT,314.64,4.98,D
24.69971,76.8511,341.12,0.36,0.57,2026-04-15,724,N21,VIIRS,l,2.0NRT,312.52,5.47,D
24.70331,78.82132,354.98,0.54,0.51,2026-04-15,724,N21,VIIRS,n,2.0NRT,318.17,12.03,D
24.70442,78.82655,352.91,0.54,0.51,2026-04-15,724,N21,VIIRS,n,2.0NRT,316.67,12.03,D
24.7075,83.97541,341.15,0.43,0.38,2026-04-15,724,N21,VIIRS,l,2.0NRT,312.48,5.15,D
24.70857,80.70184,343.8,0.42,0.45,2026-04-15,724,N21,VIIRS,l,2.0NRT,316.59,6.18,D
24.70897,78.82542,341.3,0.54,0.51,2026-04-15,724,N21,VIIRS,l,2.0NRT,315.27,10.53,D
24.71506,83.74931,351.18,0.44,0.38,2026-04-15,724,N21,VIIRS,n,2.0NRT,315.03,5.47,D
24.71759,81.21243,345.72,0.39,0.44,2026-04-15,724,N21,VIIRS,n,2.0NRT,312.13,7.62,D
24.71853,83.74849,341.64,0.44,0.38,2026-04-15,724,N21,VIIRS,l,2.0NRT,313.59,5.47,D
24.71987,83.42104,343.56,0.45,0.39,2026-04-15,724,N21,VIIRS,l,2.0NRT,318.21,11.01,D
24.72339,83.42026,351.7,0.45,0.39,2026-04-15,724,N21,VIIRS,n,2.0NRT,320.55,11.65,D
24.72417,83.42465,350.36,0.45,0.39,2026-04-15,724,N21,VIIRS,l,2.0NRT,319.32,11.65,D
24.72726,83.77827,345.58,0.44,0.38,2026-04-15,724,N21,VIIRS,l,2.0NRT,317.07,8.38,D
24.72998,83.77311,343.46,0.44,0.38,2026-04-15,724,N21,VIIRS,l,2.0NRT,317.16,12.15,D
24.75123,80.94458,354.71,0.4,0.44,2026-04-15,724,N21,VIIRS,n,2.0NRT,319.47,31.33,D
24.75374,83.78574,347.31,0.44,0.38,2026-04-15,724,N21,VIIRS,l,2.0NRT,321.81,40.96,D
24.75856,83.96072,343.04,0.43,0.38,2026-04-15,724,N21,VIIRS,l,2.0NRT,314.27,6.23,D
24.7591,96.44886,337.48,0.37,0.58,2026-04-15,724,N21,VIIRS,n,2.0NRT,294.12,3.58,D
24.76415,83.97257,342.74,0.43,0.38,2026-04-15,724,N21,VIIRS,n,2.0NRT,315.41,4.52,D
24.76583,76.78254,340.01,0.36,0.58,2026-04-15,724,N21,VIIRS,l,2.0NRT,313.35,7.76,D
24.7666,76.786,345.38,0.36,0.57,2026-04-15,724,N21,VIIRS,n,2.0NRT,315.68,7.76,D
24.76737,76.78946,367,0.36,0.57,2026-04-15,724,N21,VIIRS,h,2.0NRT,315.85,7.33,D
24.76752,77.03136,367,0.35,0.57,2026-04-15,724,N21,VIIRS,h,2.0NRT,315.88,18.12,D
24.76891,76.62362,345.04,0.37,0.58,2026-04-15,724,N21,VIIRS,l,2.0NRT,316.34,10.99,D
24.76983,87.87211,342.53,0.39,0.36,2026-04-15,724,N21,VIIRS,n,2.0NRT,309.23,3.4,D
24.77065,83.73013,350.07,0.44,0.38,2026-04-15,724,N21,VIIRS,l,2.0NRT,319.1,12.79,D
24.77251,76.78812,339.84,0.36,0.57,2026-04-15,724,N21,VIIRS,n,2.0NRT,313.43,7.33,D
24.7726,87.86768,336.74,0.39,0.36,2026-04-15,724,N21,VIIRS,l,2.0NRT,310.05,3.4,D
24.7781,87.8351,341.38,0.39,0.36,2026-04-15,724,N21,VIIRS,n,2.0NRT,309.16,3.75,D
24.78142,87.83452,334.19,0.39,0.36,2026-04-15,724,N21,VIIRS,l,2.0NRT,306.58,3.75,D
24.78958,87.75026,336.63,0.39,0.36,2026-04-15,724,N21,VIIRS,l,2.0NRT,307.18,3.01,D
24.79543,85.86332,340.21,0.39,0.36,2026-04-15,724,N21,VIIRS,l,2.0NRT,311.04,3.63,D
24.79589,78.36362,343.57,0.58,0.52,2026-04-15,724,N21,VIIRS,n,2.0NRT,314.01,9.88,D
24.79775,76.70187,353.57,0.37,0.58,2026-04-15,724,N21,VIIRS,n,2.0NRT,316.22,7.55,D
24.79933,85.86652,343.97,0.39,0.36,2026-04-15,724,N21,VIIRS,n,2.0NRT,312.4,3.15,D
24.7997,78.36543,343.14,0.58,0.52,2026-04-15,724,N21,VIIRS,n,2.0NRT,313.18,9.12,D
24.8023,85.84254,343.87,0.39,0.36,2026-04-15,724,N21,VIIRS,n,2.0NRT,312.55,5.08,D
24.80393,83.52609,344.65,0.45,0.39,2026-04-15,724,N21,VIIRS,l,2.0NRT,317.31,9,D
24.80411,85.85393,353.47,0.39,0.36,2026-04-15,724,N21,VIIRS,n,2.0NRT,314.09,7.39,D
24.80467,76.36605,350.53,0.38,0.59,2026-04-15,724,N21,VIIRS,n,2.0NRT,313.75,8.61,D
24.80489,97.41693,336.71,0.42,0.61,2026-04-15,724,N21,VIIRS,n,2.0NRT,292.33,7.12,D
24.80504,83.88627,340.69,0.43,0.38,2026-04-15,724,N21,VIIRS,l,2.0NRT,313.75,6.8,D
24.80522,97.42091,338.31,0.42,0.61,2026-04-15,724,N21,VIIRS,n,2.0NRT,292.17,7.29,D
24.80657,83.91583,341.6,0.43,0.38,2026-04-15,724,N21,VIIRS,n,2.0NRT,313.77,3.47,D
24.80743,85.70435,343.22,0.39,0.36,2026-04-15,724,N21,VIIRS,l,2.0NRT,317.17,4.1,D
24.80768,85.83371,336.51,0.39,0.36,2026-04-15,724,N21,VIIRS,l,2.0NRT,311.5,1.61,D
24.80834,76.36554,339.69,0.38,0.59,2026-04-15,724,N21,VIIRS,l,2.0NRT,312.54,8.21,D
24.80865,85.712,346.14,0.39,0.36,2026-04-15,724,N21,VIIRS,n,2.0NRT,316.96,6.88,D
24.80867,73.61018,330.55,0.57,0.69,2026-04-15,724,N21,VIIRS,l,2.0NRT,303.75,2.34,D
24.80891,83.65948,339.77,0.44,0.39,2026-04-15,724,N21,VIIRS,l,2.0NRT,313.43,5.15,D
24.81306,85.86765,349.47,0.39,0.36,2026-04-15,724,N21,VIIRS,n,2.0NRT,316.14,7.37,D
24.81542,87.36974,349.47,0.39,0.36,2026-04-15,724,N21,VIIRS,n,2.0NRT,316.93,9.9,D
24.81595,76.88628,344.48,0.36,0.57,2026-04-15,724,N21,VIIRS,l,2.0NRT,315.75,7.89,D
24.81815,76.88696,347.8,0.36,0.57,2026-04-15,724,N21,VIIRS,n,2.0NRT,317.47,7.63,D
24.81969,73.34625,336.08,0.59,0.7,2026-04-15,724,N21,VIIRS,l,2.0NRT,306.74,6.65,D
24.82161,73.34119,337.14,0.59,0.7,2026-04-15,724,N21,VIIRS,n,2.0NRT,307.08,6.21,D
24.82303,79.41399,338.39,0.5,0.49,2026-04-15,724,N21,VIIRS,l,2.0NRT,312.67,4.08,D
24.82407,81.19602,345.56,0.39,0.44,2026-04-15,724,N21,VIIRS,l,2.0NRT,317.75,9.56,D
24.82478,81.19979,349.21,0.39,0.44,2026-04-15,724,N21,VIIRS,n,2.0NRT,316.68,10.67,D
24.8248,76.62768,348.79,0.37,0.58,2026-04-15,724,N21,VIIRS,n,2.0NRT,319.34,13.01,D
24.82672,81.19576,350.86,0.39,0.44,2026-04-15,724,N21,VIIRS,n,2.0NRT,320.06,8.02,D
24.82839,76.61919,367,0.37,0.58,2026-04-15,724,N21,VIIRS,h,2.0NRT,320.43,9.5,D
24.82851,80.19356,348.25,0.44,0.46,2026-04-15,724,N21,VIIRS,n,2.0NRT,315.88,8.87,D
24.82876,85.7316,352.84,0.39,0.36,2026-04-15,724,N21,VIIRS,n,2.0NRT,315.35,6.59,D
24.83357,76.61783,342.29,0.37,0.58,2026-04-15,724,N21,VIIRS,n,2.0NRT,315.03,9.5,D
24.83673,83.56516,341.96,0.45,0.39,2026-04-15,724,N21,VIIRS,l,2.0NRT,316.83,9.82,D
24.83871,87.43562,341.55,0.39,0.36,2026-04-15,724,N21,VIIRS,n,2.0NRT,312.79,5.3,D
24.842,87.43503,336.61,0.39,0.36,2026-04-15,724,N21,VIIRS,l,2.0NRT,311.27,4.39,D
24.84251,87.92675,337.84,0.39,0.37,2026-04-15,724,N21,VIIRS,n,2.0NRT,303.79,9.21,D
24.84612,81.10458,346.78,0.39,0.44,2026-04-15,724,N21,VIIRS,l,2.0NRT,321.3,14.31,D
24.84722,76.53127,343.08,0.37,0.58,2026-04-15,724,N21,VIIRS,n,2.0NRT,316.9,6.74,D
24.85552,76.3765,367,0.38,0.59,2026-04-15,724,N21,VIIRS,h,2.0NRT,316.2,11.24,D
24.85646,84.0189,345.03,0.43,0.38,2026-04-15,724,N21,VIIRS,l,2.0NRT,319.26,6.57,D
24.86022,87.90779,332.01,0.39,0.37,2026-04-15,724,N21,VIIRS,l,2.0NRT,306.77,2.79,D
24.86262,77.10647,342.47,0.34,0.56,2026-04-15,724,N21,VIIRS,l,2.0NRT,315.73,5.97,D
24.86453,76.56097,350.47,0.37,0.58,2026-04-15,724,N21,VIIRS,n,2.0NRT,318.35,10.06,D
24.86534,76.56453,367,0.37,0.58,2026-04-15,724,N21,VIIRS,h,2.0NRT,319.76,10.06,D
24.86616,76.56808,348.3,0.37,0.58,2026-04-15,724,N21,VIIRS,n,2.0NRT,314.46,10.74,D
24.86879,86.15675,342.89,0.39,0.36,2026-04-15,724,N21,VIIRS,n,2.0NRT,311.33,3.54,D
24.86991,85.88419,345.73,0.39,0.36,2026-04-15,724,N21,VIIRS,n,2.0NRT,314.63,4.01,D
24.87492,80.38552,349.55,0.43,0.46,2026-04-15,724,N21,VIIRS,n,2.0NRT,314.69,11.02,D
24.87632,97.48163,338.12,0.43,0.62,2026-04-15,724,N21,VIIRS,n,2.0NRT,291.08,7.31,D
24.87848,97.48088,351.44,0.43,0.62,2026-04-15,724,N21,VIIRS,n,2.0NRT,291.06,13.76,D
24.88096,76.87791,367,0.35,0.57,2026-04-15,724,N21,VIIRS,h,2.0NRT,321.89,21.61,D
24.88683,76.88003,343.68,0.35,0.57,2026-04-15,724,N21,VIIRS,n,2.0NRT,318.3,8.64,D
24.88698,85.62601,340.27,0.39,0.36,2026-04-15,724,N21,VIIRS,n,2.0NRT,315.25,2.87,D
24.89342,85.05614,353.58,0.4,0.37,2026-04-15,724,N21,VIIRS,l,2.0NRT,318.09,12.57,D
24.89612,85.05157,347.92,0.4,0.37,2026-04-15,724,N21,VIIRS,l,2.0NRT,321.83,15.83,D
24.89676,85.05549,346.43,0.4,0.37,2026-04-15,724,N21,VIIRS,l,2.0NRT,317.17,12.57,D
24.89955,81.12438,348.38,0.39,0.44,2026-04-15,724,N21,VIIRS,n,2.0NRT,316.98,7.1,D
24.90423,81.12733,367,0.39,0.44,2026-04-15,724,N21,VIIRS,h,2.0NRT,317.41,13.46,D
24.90681,85.77135,345.52,0.39,0.36,2026-04-15,724,N21,VIIRS,l,2.0NRT,317.25,3.87,D
24.91236,77.65955,343.99,0.63,0.54,2026-04-15,724,N21,VIIRS,n,2.0NRT,316.39,10.09,D
24.91252,85.63683,347.81,0.39,0.36,2026-04-15,724,N21,VIIRS,l,2.0NRT,318.22,5.76,D
24.9141,96.40224,329.24,0.36,0.58,2026-04-15,724,N21,VIIRS,n,2.0NRT,296.02,1.78,D
24.91688,84.18642,347.57,0.42,0.38,2026-04-15,724,N21,VIIRS,n,2.0NRT,315.63,8.27,D
24.92139,77.83116,344.74,0.62,0.54,2026-04-15,724,N21,VIIRS,l,2.0NRT,317.34,15.56,D
24.92229,73.91498,340.54,0.54,0.68,2026-04-15,724,N21,VIIRS,n,2.0NRT,306.37,5.96,D
24.92382,77.82793,354.02,0.62,0.54,2026-04-15,724,N21,VIIRS,n,2.0NRT,317.78,24.28,D
24.92514,78.22373,343.87,0.58,0.52,2026-04-15,724,N21,VIIRS,l,2.0NRT,317.28,34.81,D
24.9285,79.0089,344.17,0.52,0.5,2026-04-15,724,N21,VIIRS,n,2.0NRT,316.1,10.68,D
24.92953,79.01392,343.49,0.52,0.5,2026-04-15,724,N21,VIIRS,n,2.0NRT,315.12,11.21,D
24.93026,79.01052,344.45,0.52,0.5,2026-04-15,724,N21,VIIRS,n,2.0NRT,316.42,10.29,D
24.93411,77.1646,344.95,0.34,0.56,2026-04-15,724,N21,VIIRS,n,2.0NRT,313,3.54,D
24.93766,77.1567,367,0.34,0.56,2026-04-15,724,N21,VIIRS,h,2.0NRT,323.55,17.74,D
24.93838,77.15997,349.99,0.34,0.56,2026-04-15,724,N21,VIIRS,n,2.0NRT,320.67,17.74,D
24.94118,84.99016,344.47,0.4,0.37,2026-04-15,724,N21,VIIRS,n,2.0NRT,318.86,3.43,D
24.94266,77.15536,367,0.34,0.56,2026-04-15,724,N21,VIIRS,h,2.0NRT,324.33,17.74,D
24.94449,97.47928,339.78,0.43,0.62,2026-04-15,724,N21,VIIRS,n,2.0NRT,289.72,8.28,D
24.9471,81.69372,351.58,0.55,0.42,2026-04-15,724,N21,VIIRS,n,2.0NRT,320.7,17.88,D
24.95143,83.53319,350.91,0.45,0.39,2026-04-15,724,N21,VIIRS,l,2.0NRT,313.73,7.7,D
24.95233,78.25816,346.36,0.58,0.52,2026-04-15,724,N21,VIIRS,l,2.0NRT,316.65,10.03,D
24.95297,83.54195,343.46,0.45,0.39,2026-04-15,724,N21,VIIRS,l,2.0NRT,313.62,9.62,D
24.95375,83.54633,343.92,0.45,0.39,2026-04-15,724,N21,VIIRS,l,2.0NRT,315.12,5.24,D
24.95564,77.59847,349.47,0.32,0.54,2026-04-15,724,N21,VIIRS,n,2.0NRT,317.18,12.36,D
24.9563,77.60152,367,0.32,0.54,2026-04-15,724,N21,VIIRS,h,2.0NRT,319.82,17.93,D
24.97057,77.16182,351.32,0.34,0.56,2026-04-15,724,N21,VIIRS,n,2.0NRT,314.34,7.24,D
24.97099,78.18,350.42,0.59,0.53,2026-04-15,724,N21,VIIRS,n,2.0NRT,317.14,21.34,D
24.97099,78.18296,344.16,0.59,0.53,2026-04-15,724,N21,VIIRS,l,2.0NRT,316.76,18.51,D
24.97352,77.15718,367,0.34,0.56,2026-04-15,724,N21,VIIRS,h,2.0NRT,315.39,8.23,D
24.97426,77.16044,367,0.34,0.56,2026-04-15,724,N21,VIIRS,h,2.0NRT,317.91,14.15,D
24.97448,76.99648,367,0.35,0.56,2026-04-15,724,N21,VIIRS,h,2.0NRT,316.07,12.54,D
24.97487,77.15733,367,0.34,0.56,2026-04-15,724,N21,VIIRS,h,2.0NRT,317.19,12.35,D
24.97523,76.99982,349.28,0.35,0.56,2026-04-15,724,N21,VIIRS,n,2.0NRT,316.53,10.57,D
24.9753,79.06781,344.22,0.52,0.5,2026-04-15,724,N21,VIIRS,n,2.0NRT,315.03,9.29,D
24.97559,77.16061,345.46,0.34,0.56,2026-04-15,724,N21,VIIRS,n,2.0NRT,317.67,7.24,D
24.97598,83.75513,343.71,0.44,0.38,2026-04-15,724,N21,VIIRS,l,2.0NRT,318.13,7.95,D
24.97781,77.1527,350.52,0.34,0.56,2026-04-15,724,N21,VIIRS,n,2.0NRT,315.23,8.23,D
24.97918,77.15282,350.33,0.34,0.56,2026-04-15,724,N21,VIIRS,n,2.0NRT,316.49,9.23,D
24.97945,83.75441,341.86,0.44,0.38,2026-04-15,724,N21,VIIRS,l,2.0NRT,316.05,8.29,D
24.98001,86.12778,346.82,0.39,0.36,2026-04-15,724,N21,VIIRS,l,2.0NRT,317.8,4.25,D
24.9803,76.99856,345.32,0.35,0.56,2026-04-15,724,N21,VIIRS,n,2.0NRT,318.71,12.99,D
24.98143,83.74516,350.84,0.44,0.38,2026-04-15,724,N21,VIIRS,l,2.0NRT,320.59,13.83,D
24.98217,83.74942,355.04,0.44,0.38,2026-04-15,724,N21,VIIRS,l,2.0NRT,322.96,13.83,D
24.98415,83.74017,344.86,0.44,0.38,2026-04-15,724,N21,VIIRS,l,2.0NRT,319.55,58.39,D
24.98441,83.7622,343.14,0.44,0.38,2026-04-15,724,N21,VIIRS,l,2.0NRT,316.49,37.63,D
24.9849,83.74444,352.71,0.44,0.38,2026-04-15,724,N21,VIIRS,l,2.0NRT,320.14,17.27,D
24.99491,85.19717,344.3,0.4,0.37,2026-04-15,724,N21,VIIRS,l,2.0NRT,314.58,6.76,D
24.99659,85.14473,344.83,0.4,0.37,2026-04-15,724,N21,VIIRS,l,2.0NRT,315.74,6.41,D
24.99711,79.4128,343.37,0.49,0.49,2026-04-15,724,N21,VIIRS,l,2.0NRT,318.01,12.93,D
24.99734,77.26246,346.09,0.33,0.56,2026-04-15,724,N21,VIIRS,n,2.0NRT,312.86,5.34,D
24.99797,77.26291,367,0.33,0.56,2026-04-15,724,N21,VIIRS,h,2.0NRT,314.18,6.11,D
24.99805,77.2656,349.99,0.33,0.56,2026-04-15,724,N21,VIIRS,n,2.0NRT,314.42,5.34,D
24.99866,77.26607,345.15,0.33,0.56,2026-04-15,724,N21,VIIRS,n,2.0NRT,313.74,6.11,D
25.00046,80.83427,341.82,0.4,0.45,2026-04-15,724,N21,VIIRS,n,2.0NRT,315.1,8.82,D
25.00122,80.83817,367,0.4,0.45,2026-04-15,724,N21,VIIRS,h,2.0NRT,325.15,13.55,D
25.00198,80.84204,342.76,0.4,0.45,2026-04-15,724,N21,VIIRS,n,2.0NRT,315.72,13.55,D
25.00447,80.83333,349.72,0.4,0.45,2026-04-15,724,N21,VIIRS,n,2.0NRT,317.8,8.82,D
25.00523,80.83723,351.21,0.4,0.45,2026-04-15,724,N21,VIIRS,n,2.0NRT,319.98,13.55,D
25.00558,84.00114,355.47,0.43,0.38,2026-04-15,724,N21,VIIRS,l,2.0NRT,323.83,11.3,D
25.00629,84.00532,351.2,0.43,0.38,2026-04-15,724,N21,VIIRS,l,2.0NRT,320.7,11.3,D
25.00766,85.69762,351.64,0.39,0.36,2026-04-15,724,N21,VIIRS,n,2.0NRT,320.85,15.25,D
25.00828,84.00183,347.99,0.43,0.38,2026-04-15,724,N21,VIIRS,l,2.0NRT,320.05,9.09,D
25.00848,80.83238,353.53,0.4,0.45,2026-04-15,724,N21,VIIRS,n,2.0NRT,317.04,17.03,D
25.00918,76.1125,367,0.39,0.6,2026-04-15,724,N21,VIIRS,h,2.0NRT,313.81,11.38,D
25.01168,83.9187,367,0.43,0.38,2026-04-15,724,N21,VIIRS,h,2.0NRT,320.93,17.5,D
25.01593,87.88151,333.5,0.39,0.37,2026-04-15,724,N21,VIIRS,l,2.0NRT,307.69,2.81,D
25.01992,77.10398,344.34,0.34,0.56,2026-04-15,724,N21,VIIRS,l,2.0NRT,318.32,6.16,D
25.02803,96.18915,339.72,0.35,0.57,2026-04-15,724,N21,VIIRS,n,2.0NRT,295.81,4.05,D
25.02869,77.87262,344.11,0.61,0.53,2026-04-15,724,N21,VIIRS,n,2.0NRT,317.12,23.15,D
25.03037,77.87529,345.27,0.61,0.53,2026-04-15,724,N21,VIIRS,n,2.0NRT,317.77,25.09,D
25.03101,87.37867,342.98,0.39,0.36,2026-04-15,724,N21,VIIRS,l,2.0NRT,314.65,6.29,D
25.0323,87.27312,347.26,0.39,0.36,2026-04-15,724,N21,VIIRS,n,2.0NRT,311.77,5.83,D
25.03295,85.77118,344.8,0.39,0.36,2026-04-15,724,N21,VIIRS,l,2.0NRT,317.13,4.83,D
25.03318,87.37045,343.27,0.39,0.36,2026-04-15,724,N21,VIIRS,l,2.0NRT,316.01,5.34,D
25.03325,87.3939,335.6,0.39,0.36,2026-04-15,724,N21,VIIRS,l,2.0NRT,310.07,3.61,D
25.03374,87.37427,348.66,0.39,0.36,2026-04-15,724,N21,VIIRS,n,2.0NRT,316.01,6.29,D
25.03764,85.56596,339.4,0.39,0.36,2026-04-15,724,N21,VIIRS,l,2.0NRT,314.14,10.03,D
25.03954,79.1969,346.17,0.51,0.49,2026-04-15,724,N21,VIIRS,n,2.0NRT,316.44,9.33,D
25.04398,85.73379,347.06,0.39,0.36,2026-04-15,724,N21,VIIRS,n,2.0NRT,318.55,6.65,D
25.04456,75.97017,367,0.4,0.6,2026-04-15,724,N21,VIIRS,h,2.0NRT,313.94,8.23,D
25.04653,75.9701,367,0.4,0.6,2026-04-15,724,N21,VIIRS,h,2.0NRT,314.17,7.45,D
25.05131,77.40955,367,0.33,0.55,2026-04-15,724,N21,VIIRS,h,2.0NRT,316.64,8.22,D
25.05408,73.43107,333.73,0.58,0.69,2026-04-15,724,N21,VIIRS,n,2.0NRT,305.74,3.21,D
25.05709,77.67706,344,0.63,0.54,2026-04-15,724,N21,VIIRS,l,2.0NRT,317.53,19.98,D
25.06739,76.60498,340.04,0.37,0.58,2026-04-15,724,N21,VIIRS,l,2.0NRT,313.73,5.45,D
25.06896,96.52681,331.86,0.37,0.58,2026-04-15,724,N21,VIIRS,n,2.0NRT,297.21,2.68,D
25.07104,81.70605,344.96,0.54,0.42,2026-04-15,724,N21,VIIRS,l,2.0NRT,319.47,10.53,D
25.08998,83.85455,352.37,0.43,0.38,2026-04-15,724,N21,VIIRS,l,2.0NRT,318.92,7.97,D
25.09069,83.85878,353.82,0.43,0.38,2026-04-15,724,N21,VIIRS,l,2.0NRT,322.14,7.97,D
25.09279,83.97581,367,0.43,0.38,2026-04-15,724,N21,VIIRS,h,2.0NRT,318.97,25.34,D
25.09343,83.85384,348.6,0.43,0.38,2026-04-15,724,N21,VIIRS,l,2.0NRT,320.98,7.97,D
25.09967,83.97439,342.82,0.43,0.38,2026-04-15,724,N21,VIIRS,l,2.0NRT,316.64,5.79,D
25.10278,83.87424,347.96,0.43,0.38,2026-04-15,724,N21,VIIRS,n,2.0NRT,318.01,7.79,D
25.10776,97.23594,350.27,0.41,0.61,2026-04-15,724,N21,VIIRS,n,2.0NRT,296,7.24,D
25.10785,83.95971,342.92,0.43,0.38,2026-04-15,724,N21,VIIRS,n,2.0NRT,315.56,8.25,D
25.10809,97.24004,328.18,0.41,0.61,2026-04-15,724,N21,VIIRS,n,2.0NRT,295.86,7.24,D
25.10856,83.9639,350.63,0.43,0.38,2026-04-15,724,N21,VIIRS,n,2.0NRT,319.87,50.41,D
25.10977,83.9554,347.43,0.43,0.38,2026-04-15,724,N21,VIIRS,l,2.0NRT,318.65,22.28,D
25.11058,83.95481,345.67,0.43,0.38,2026-04-15,724,N21,VIIRS,l,2.0NRT,318.05,8.25,D
25.11103,83.94215,341.77,0.43,0.38,2026-04-15,724,N21,VIIRS,l,2.0NRT,316.71,7.5,D
25.11123,83.96377,367,0.43,0.38,2026-04-15,724,N21,VIIRS,h,2.0NRT,337.78,55.2,D
25.11147,79.05837,343.81,0.51,0.5,2026-04-15,724,N21,VIIRS,l,2.0NRT,316.73,7.22,D
25.11195,83.96795,367,0.43,0.38,2026-04-15,724,N21,VIIRS,l,2.0NRT,326.85,55.2,D
25.112,83.9632,367,0.43,0.38,2026-04-15,724,N21,VIIRS,h,2.0NRT,337.19,50.41,D
25.11271,83.96738,367,0.43,0.38,2026-04-15,724,N21,VIIRS,l,2.0NRT,330.75,50.41,D
25.11467,83.96307,354.74,0.43,0.38,2026-04-15,724,N21,VIIRS,n,2.0NRT,326.86,55.2,D
25.11606,83.88895,345.48,0.43,0.38,2026-04-15,724,N21,VIIRS,l,2.0NRT,319.82,11.04,D
25.11867,77.66656,339.7,0.63,0.54,2026-04-15,724,N21,VIIRS,l,2.0NRT,314.15,6.17,D
25.1198,85.29245,355.37,0.39,0.37,2026-04-15,724,N21,VIIRS,n,2.0NRT,319.77,6.75,D
25.12024,83.89243,347.48,0.43,0.38,2026-04-15,724,N21,VIIRS,l,2.0NRT,319.81,9.41,D
25.12044,85.29631,342.65,0.39,0.37,2026-04-15,724,N21,VIIRS,l,2.0NRT,316.35,6.75,D
25.12059,84.03487,347.48,0.43,0.38,2026-04-15,724,N21,VIIRS,l,2.0NRT,320.48,9.29,D
25.12149,80.97636,346.06,0.4,0.44,2026-04-15,724,N21,VIIRS,n,2.0NRT,317.98,12.83,D
25.12224,80.98019,343.38,0.4,0.44,2026-04-15,724,N21,VIIRS,l,2.0NRT,318.23,11.66,D
25.12441,83.89593,349.9,0.43,0.38,2026-04-15,724,N21,VIIRS,l,2.0NRT,320.39,9.41,D
25.12494,83.87839,351.81,0.43,0.38,2026-04-15,724,N21,VIIRS,l,2.0NRT,319.76,7.48,D
25.13366,83.45011,352.48,0.45,0.39,2026-04-15,724,N21,VIIRS,n,2.0NRT,323.01,30.2,D
25.13397,84.054,351.07,0.43,0.38,2026-04-15,724,N21,VIIRS,l,2.0NRT,321.02,11.65,D
25.13941,77.59761,342.4,0.63,0.54,2026-04-15,724,N21,VIIRS,l,2.0NRT,314.73,6.06,D
25.14896,86.42613,340.16,0.38,0.36,2026-04-15,724,N21,VIIRS,l,2.0NRT,311.84,3.11,D
25.1514,83.74134,367,0.44,0.38,2026-04-15,724,N21,VIIRS,h,2.0NRT,336.19,106.56,D
25.15887,83.72214,349.19,0.44,0.38,2026-04-15,724,N21,VIIRS,l,2.0NRT,322.35,20.35,D
25.16,97.52502,346.16,0.43,0.62,2026-04-15,724,N21,VIIRS,n,2.0NRT,292.48,5.49,D
25.16265,83.9315,349.66,0.43,0.38,2026-04-15,724,N21,VIIRS,l,2.0NRT,320,15.19,D
25.16609,83.9308,348.62,0.43,0.38,2026-04-15,724,N21,VIIRS,l,2.0NRT,321.02,15.19,D
25.16721,84.10296,346.09,0.42,0.38,2026-04-15,724,N21,VIIRS,l,2.0NRT,319.67,11.02,D
25.17297,83.92937,347.52,0.43,0.38,2026-04-15,724,N21,VIIRS,l,2.0NRT,320.95,17.53,D
25.17664,77.14722,343.64,0.34,0.56,2026-04-15,724,N21,VIIRS,l,2.0NRT,313.95,27.82,D
25.17736,77.15049,367,0.34,0.56,2026-04-15,724,N21,VIIRS,l,2.0NRT,326.16,27.82,D
25.17808,77.15376,346.39,0.34,0.56,2026-04-15,724,N21,VIIRS,n,2.0NRT,314.71,32.15,D
25.18093,83.78802,349.57,0.43,0.38,2026-04-15,724,N21,VIIRS,l,2.0NRT,321.5,23.93,D
25.18655,84.00877,367,0.43,0.38,2026-04-15,724,N21,VIIRS,h,2.0NRT,318.02,31.24,D
25.18726,84.01294,367,0.43,0.38,2026-04-15,724,N21,VIIRS,l,2.0NRT,329.48,31.24,D
25.18734,83.75232,367,0.44,0.38,2026-04-15,724,N21,VIIRS,h,2.0NRT,331.22,72.4,D
25.18998,84.00807,347.45,0.43,0.38,2026-04-15,724,N21,VIIRS,n,2.0NRT,318.79,25.95,D
25.19006,83.74735,350.35,0.44,0.38,2026-04-15,724,N21,VIIRS,n,2.0NRT,321.35,12.48,D
25.1993,84.08354,347.17,0.42,0.38,2026-04-15,724,N21,VIIRS,l,2.0NRT,318.77,8.19,D
25.20141,84.09595,349.34,0.42,0.38,2026-04-15,724,N21,VIIRS,l,2.0NRT,318.95,13.16,D
25.20483,84.09525,343.59,0.42,0.38,2026-04-15,724,N21,VIIRS,l,2.0NRT,318.28,10.54,D
25.21007,84.04269,348.34,0.43,0.38,2026-04-15,724,N21,VIIRS,n,2.0NRT,317.83,13.76,D
25.21148,84.05099,367,0.42,0.38,2026-04-15,724,N21,VIIRS,l,2.0NRT,327.37,34.36,D
25.21279,84.03783,352.85,0.43,0.38,2026-04-15,724,N21,VIIRS,l,2.0NRT,320.22,13.76,D
25.2135,77.89201,349.67,0.6,0.53,2026-04-15,724,N21,VIIRS,n,2.0NRT,312.72,18.51,D
25.2142,84.04614,367,0.42,0.38,2026-04-15,724,N21,VIIRS,h,2.0NRT,319.21,34.36,D
25.2149,84.05029,344,0.42,0.38,2026-04-15,724,N21,VIIRS,n,2.0NRT,318.94,34.36,D
25.21551,84.03297,349.45,0.43,0.38,2026-04-15,724,N21,VIIRS,l,2.0NRT,319.86,11.17,D
25.21692,84.04128,354.68,0.43,0.38,2026-04-15,724,N21,VIIRS,n,2.0NRT,321.34,18.77,D
25.21849,83.55941,367,0.44,0.39,2026-04-15,724,N21,VIIRS,l,2.0NRT,333.76,81.55,D
25.22048,83.55003,351.32,0.44,0.39,2026-04-15,724,N21,VIIRS,l,2.0NRT,320.17,12.94,D
25.22123,83.55436,349.1,0.44,0.39,2026-04-15,724,N21,VIIRS,l,2.0NRT,321.04,20.67,D
25.2249,83.98361,353.42,0.43,0.38,2026-04-15,724,N21,VIIRS,l,2.0NRT,327.91,34.8,D
25.23048,83.83547,346.79,0.43,0.38,2026-04-15,724,N21,VIIRS,l,2.0NRT,318.4,5.4,D
25.2332,83.83054,353.24,0.43,0.38,2026-04-15,724,N21,VIIRS,l,2.0NRT,320.65,12.68,D
25.23326,83.99551,349.87,0.43,0.38,2026-04-15,724,N21,VIIRS,n,2.0NRT,319.62,9.79,D
25.23393,83.83476,348.37,0.43,0.38,2026-04-15,724,N21,VIIRS,l,2.0NRT,321.71,10.93,D
25.23398,83.99966,346.84,0.43,0.38,2026-04-15,724,N21,VIIRS,l,2.0NRT,320.89,8.18,D
25.23977,83.86847,354.9,0.43,0.38,2026-04-15,724,N21,VIIRS,n,2.0NRT,322.56,13.26,D
25.24119,75.83668,337.35,0.4,0.6,2026-04-15,724,N21,VIIRS,l,2.0NRT,310.24,3.85,D
25.24408,85.36427,343.58,0.39,0.36,2026-04-15,724,N21,VIIRS,n,2.0NRT,318.3,7.01,D
25.24613,78.97479,348.53,0.52,0.5,2026-04-15,724,N21,VIIRS,n,2.0NRT,317.55,12.96,D
25.25169,83.97878,346.22,0.43,0.38,2026-04-15,724,N21,VIIRS,l,2.0NRT,318.57,9.43,D
25.25172,83.81358,353.92,0.43,0.38,2026-04-15,724,N21,VIIRS,n,2.0NRT,324.37,28.55,D
25.25391,90.80222,335.09,0.51,0.41,2026-04-15,724,N21,VIIRS,n,2.0NRT,300.07,9.88,D
25.25416,90.81469,333.73,0.51,0.41,2026-04-15,724,N21,VIIRS,n,2.0NRT,299.12,6.08,D
25.2557,90.81686,336.36,0.51,0.41,2026-04-15,724,N21,VIIRS,n,2.0NRT,297.53,5.35,D
25.25665,90.80423,336.27,0.51,0.41,2026-04-15,724,N21,VIIRS,n,2.0NRT,300.31,18.77,D
25.25765,90.80157,333.44,0.51,0.41,2026-04-15,724,N21,VIIRS,n,2.0NRT,298.34,9.88,D
25.26354,84.10947,344.46,0.42,0.38,2026-04-15,724,N21,VIIRS,l,2.0NRT,319.2,6.25,D
25.27105,77.26739,349.49,0.33,0.55,2026-04-15,724,N21,VIIRS,n,2.0NRT,314.66,5.57,D
25.27113,79.77041,343.73,0.46,0.47,2026-04-15,724,N21,VIIRS,l,2.0NRT,316.39,6.35,D
25.27181,79.39089,353.97,0.49,0.48,2026-04-15,724,N21,VIIRS,n,2.0NRT,317.44,11.48,D
25.28095,77.24125,354.08,0.33,0.55,2026-04-15,724,N21,VIIRS,n,2.0NRT,316.67,10.5,D
25.284,83.87673,367,0.43,0.38,2026-04-15,724,N21,VIIRS,h,2.0NRT,341.15,73.39,D
25.28672,83.87181,351.46,0.43,0.38,2026-04-15,724,N21,VIIRS,l,2.0NRT,321.8,28.81,D
25.28744,83.87602,367,0.43,0.38,2026-04-15,724,N21,VIIRS,l,2.0NRT,326.53,73.39,D
25.29016,83.8711,353,0.43,0.38,2026-04-15,724,N21,VIIRS,l,2.0NRT,319.7,10.67,D
25.29437,77.1354,345.23,0.34,0.56,2026-04-15,724,N21,VIIRS,n,2.0NRT,312.68,5.19,D
25.29845,77.08558,353.01,0.34,0.56,2026-04-15,724,N21,VIIRS,n,2.0NRT,313.48,3.69,D
25.29919,77.08882,338.16,0.34,0.56,2026-04-15,724,N21,VIIRS,l,2.0NRT,313.07,3.69,D
25.29937,77.08609,350.83,0.34,0.56,2026-04-15,724,N21,VIIRS,n,2.0NRT,314.05,3.92,D
25.30008,77.08934,337.45,0.34,0.56,2026-04-15,724,N21,VIIRS,l,2.0NRT,312.37,3.92,D
25.30609,90.34908,332.3,0.48,0.4,2026-04-15,724,N21,VIIRS,n,2.0NRT,296.61,3.85,D
25.30634,90.35181,334.97,0.48,0.4,2026-04-15,724,N21,VIIRS,n,2.0NRT,296.77,4.67,D
25.31062,79.55723,343.48,0.47,0.48,2026-04-15,724,N21,VIIRS,l,2.0NRT,316.12,12.66,D
25.32169,97.05708,333.06,0.41,0.6,2026-04-15,724,N21,VIIRS,n,2.0NRT,297.06,3.26,D
25.32296,93.74819,339.43,0.5,0.49,2026-04-15,724,N21,VIIRS,n,2.0NRT,294.22,8.02,D
25.33134,88.54903,346.92,0.41,0.37,2026-04-15,724,N21,VIIRS,n,2.0NRT,308.3,10.88,D
25.3347,88.62326,337.02,0.41,0.37,2026-04-15,724,N21,VIIRS,l,2.0NRT,307.63,4.61,D
25.3438,90.81911,331.92,0.51,0.41,2026-04-15,724,N21,VIIRS,n,2.0NRT,298.34,13.82,D
25.35065,97.13507,329.02,0.41,0.61,2026-04-15,724,N21,VIIRS,n,2.0NRT,296.73,7.75,D
25.35276,88.27095,336.7,0.4,0.37,2026-04-15,724,N21,VIIRS,n,2.0NRT,307.94,2.3,D
25.3566,77.20365,346.76,0.33,0.55,2026-04-15,724,N21,VIIRS,n,2.0NRT,314.69,7.74,D
25.35777,91.14809,337.98,0.53,0.42,2026-04-15,724,N21,VIIRS,n,2.0NRT,292.62,11.67,D
25.35839,91.15312,330.62,0.53,0.42,2026-04-15,724,N21,VIIRS,n,2.0NRT,295.44,8.89,D
25.36158,91.14743,333.34,0.53,0.42,2026-04-15,724,N21,VIIRS,n,2.0NRT,294.09,11.67,D
25.36205,90.61852,333.96,0.5,0.41,2026-04-15,724,N21,VIIRS,n,2.0NRT,298.01,6.58,D
25.3622,91.15246,349.49,0.53,0.42,2026-04-15,724,N21,VIIRS,n,2.0NRT,294.05,8.89,D
25.36283,91.15759,331.27,0.53,0.42,2026-04-15,724,N21,VIIRS,n,2.0NRT,294.44,8.89,D
25.36436,79.23961,348.02,0.5,0.49,2026-04-15,724,N21,VIIRS,l,2.0NRT,318.13,23.12,D
25.36464,90.57861,333.01,0.49,0.41,2026-04-15,724,N21,VIIRS,n,2.0NRT,298.63,5.51,D
25.36536,79.24442,344.75,0.49,0.49,2026-04-15,724,N21,VIIRS,l,2.0NRT,318.95,17.65,D
25.36839,90.79369,344.16,0.51,0.41,2026-04-15,724,N21,VIIRS,n,2.0NRT,298.93,13.64,D
25.36858,90.73293,333.88,0.5,0.41,2026-04-15,724,N21,VIIRS,n,2.0NRT,299.44,8.49,D
25.37098,90.75248,338.3,0.5,0.41,2026-04-15,724,N21,VIIRS,n,2.0NRT,294.67,17.79,D
25.37283,75.90418,336.46,0.4,0.6,2026-04-15,724,N21,VIIRS,l,2.0NRT,311.15,3.81,D
25.37517,90.81793,331.88,0.51,0.41,2026-04-15,724,N21,VIIRS,n,2.0NRT,293.08,3.64,D
25.37548,84.06198,367,0.42,0.38,2026-04-15,724,N21,VIIRS,h,2.0NRT,320.34,18.77,D
25.37818,84.05714,347.93,0.42,0.38,2026-04-15,724,N21,VIIRS,n,2.0NRT,320.25,18.77,D
25.37889,84.06128,350.16,0.42,0.38,2026-04-15,724,N21,VIIRS,n,2.0NRT,322.81,18.77,D
25.37906,77.09182,367,0.34,0.56,2026-04-15,724,N21,VIIRS,h,2.0NRT,313.15,10.31,D
25.37966,76.67398,341.35,0.36,0.57,2026-04-15,724,N21,VIIRS,n,2.0NRT,315.65,10.63,D
25.38044,76.67741,352,0.36,0.57,2026-04-15,724,N21,VIIRS,n,2.0NRT,317.16,13.3,D
25.3816,84.05643,346.19,0.42,0.38,2026-04-15,724,N21,VIIRS,l,2.0NRT,320.3,20.3,D
25.38231,84.06057,352.05,0.42,0.38,2026-04-15,724,N21,VIIRS,l,2.0NRT,324.44,20.3,D
25.38333,77.08727,340.31,0.34,0.56,2026-04-15,724,N21,VIIRS,n,2.0NRT,312.97,25.37,D
25.38405,77.0905,367,0.34,0.56,2026-04-15,724,N21,VIIRS,h,2.0NRT,320.95,17.67,D
25.38407,88.67755,350.36,0.42,0.37,2026-04-15,724,N21,VIIRS,n,2.0NRT,307.11,5.89,D
25.38477,77.09375,351.69,0.34,0.56,2026-04-15,724,N21,VIIRS,n,2.0NRT,316.03,17.67,D
25.38478,76.67265,349.43,0.36,0.57,2026-04-15,724,N21,VIIRS,n,2.0NRT,318.64,10.63,D
25.38555,76.67608,367,0.36,0.57,2026-04-15,724,N21,VIIRS,h,2.0NRT,319.04,13.3,D
25.40388,79.0133,352.76,0.51,0.49,2026-04-15,724,N21,VIIRS,n,2.0NRT,320.38,15.55,D
25.40469,85.53479,341.52,0.39,0.36,2026-04-15,724,N21,VIIRS,l,2.0NRT,313.9,29.47,D
25.41999,79.1122,345.11,0.5,0.49,2026-04-15,724,N21,VIIRS,l,2.0NRT,319.62,18.46,D
25.42117,88.58901,333.34,0.41,0.37,2026-04-15,724,N21,VIIRS,l,2.0NRT,307.33,3.12,D
25.42143,76.68231,367,0.35,0.57,2026-04-15,724,N21,VIIRS,h,2.0NRT,314.61,9.29,D
25.42153,76.69187,342,0.35,0.57,2026-04-15,724,N21,VIIRS,l,2.0NRT,315.45,8.52,D
25.423,76.68916,347.02,0.35,0.57,2026-04-15,724,N21,VIIRS,n,2.0NRT,314.95,10.38,D
25.42433,76.68021,352.58,0.36,0.57,2026-04-15,724,N21,VIIRS,n,2.0NRT,313.27,8.55,D
25.42628,76.80971,344.25,0.35,0.57,2026-04-15,724,N21,VIIRS,n,2.0NRT,314.44,4.56,D
25.42703,76.81306,344.34,0.35,0.57,2026-04-15,724,N21,VIIRS,l,2.0NRT,316.37,4.56,D
25.42949,90.85507,331.25,0.51,0.41,2026-04-15,724,N21,VIIRS,n,2.0NRT,298.06,5.72,D
25.44324,91.02863,348.59,0.52,0.42,2026-04-15,724,N21,VIIRS,n,2.0NRT,295.7,12.64,D
25.44356,76.88718,344.69,0.34,0.56,2026-04-15,724,N21,VIIRS,l,2.0NRT,318.13,10.09,D
25.4443,76.89051,343.75,0.34,0.56,2026-04-15,724,N21,VIIRS,l,2.0NRT,314.92,6.48,D
25.45304,78.84383,346.92,0.52,0.5,2026-04-15,724,N21,VIIRS,n,2.0NRT,317.17,9.47,D
25.45495,78.84508,342.84,0.52,0.5,2026-04-15,724,N21,VIIRS,l,2.0NRT,315.46,5.74,D
25.45952,91.12981,337.87,0.53,0.42,2026-04-15,724,N21,VIIRS,n,2.0NRT,299.4,23.13,D
25.46225,90.96379,336.26,0.52,0.41,2026-04-15,724,N21,VIIRS,n,2.0NRT,298.09,23.66,D
25.46423,84.31522,344.62,0.41,0.37,2026-04-15,724,N21,VIIRS,l,2.0NRT,317.78,4.56,D
25.46601,92.88579,332.74,0.44,0.46,2026-04-15,724,N21,VIIRS,n,2.0NRT,297.16,28.62,D
25.46646,92.88983,341.14,0.44,0.46,2026-04-15,724,N21,VIIRS,n,2.0NRT,304.54,28.62,D
25.46975,76.79928,352.71,0.35,0.57,2026-04-15,724,N21,VIIRS,n,2.0NRT,314.02,12.77,D
25.4741,91.12194,342.27,0.53,0.42,2026-04-15,724,N21,VIIRS,n,2.0NRT,298.66,16.19,D
25.47476,91.12729,330.86,0.53,0.42,2026-04-15,724,N21,VIIRS,n,2.0NRT,297.4,5.52,D
25.47481,76.79792,367,0.35,0.57,2026-04-15,724,N21,VIIRS,h,2.0NRT,316.27,16.67,D
25.47498,78.85065,341.38,0.52,0.5,2026-04-15,724,N21,VIIRS,n,2.0NRT,315.8,5.22,D
25.47681,80.25021,344.3,0.43,0.46,2026-04-15,724,N21,VIIRS,n,2.0NRT,317.56,9.84,D
25.48526,76.70163,343.03,0.35,0.57,2026-04-15,724,N21,VIIRS,l,2.0NRT,315.71,12.07,D
25.49114,90.63522,341.98,0.5,0.41,2026-04-15,724,N21,VIIRS,n,2.0NRT,298.04,9.51,D
25.49133,88.38713,337.12,0.41,0.37,2026-04-15,724,N21,VIIRS,l,2.0NRT,308.38,3.71,D
25.49471,88.38655,350.29,0.41,0.37,2026-04-15,724,N21,VIIRS,n,2.0NRT,311.65,9.39,D
25.4957,91.13936,330.88,0.53,0.42,2026-04-15,724,N21,VIIRS,n,2.0NRT,296.76,7.81,D
25.49632,91.14436,334.4,0.53,0.42,2026-04-15,724,N21,VIIRS,n,2.0NRT,300.83,28.89,D
25.49712,93.08696,339.24,0.46,0.47,2026-04-15,724,N21,VIIRS,n,2.0NRT,295.24,6.42,D
25.49733,93.12837,335.25,0.46,0.47,2026-04-15,724,N21,VIIRS,n,2.0NRT,295.4,10.19,D
25.49759,90.41744,331.1,0.49,0.4,2026-04-15,724,N21,VIIRS,n,2.0NRT,305.34,4.45,D
25.49782,93.13279,340.49,0.46,0.47,2026-04-15,724,N21,VIIRS,n,2.0NRT,296.88,10.19,D
25.49821,90.42233,337.61,0.49,0.4,2026-04-15,724,N21,VIIRS,n,2.0NRT,306.5,8.17,D
25.49942,96.28786,329.7,0.36,0.58,2026-04-15,724,N21,VIIRS,n,2.0NRT,291.7,3.4,D
25.50213,93.13215,354.83,0.46,0.47,2026-04-15,724,N21,VIIRS,n,2.0NRT,295.85,10.19,D
25.50749,93.0626,335.12,0.46,0.47,2026-04-15,724,N21,VIIRS,n,2.0NRT,295.61,4.22,D
25.51531,90.67677,337.79,0.5,0.41,2026-04-15,724,N21,VIIRS,n,2.0NRT,300.59,13.43,D
25.51792,97.13935,347.24,0.41,0.61,2026-04-15,724,N21,VIIRS,n,2.0NRT,289.34,5.42,D
25.52164,76.69556,345.68,0.35,0.57,2026-04-15,724,N21,VIIRS,n,2.0NRT,313.51,7.86,D
25.52225,91.01297,338.42,0.52,0.42,2026-04-15,724,N21,VIIRS,n,2.0NRT,297.38,8.45,D
25.52241,76.69898,350.57,0.35,0.57,2026-04-15,724,N21,VIIRS,n,2.0NRT,314.89,7.86,D
25.52317,76.70238,367,0.35,0.57,2026-04-15,724,N21,VIIRS,h,2.0NRT,314.14,13.13,D
25.52464,90.75138,333.18,0.51,0.41,2026-04-15,724,N21,VIIRS,n,2.0NRT,300.68,7.61,D
25.52485,90.45435,331.36,0.49,0.4,2026-04-15,724,N21,VIIRS,l,2.0NRT,303.65,5.37,D
25.52766,87.9939,337.41,0.4,0.37,2026-04-15,724,N21,VIIRS,n,2.0NRT,305.49,3.21,D
25.52938,96.26994,334.31,0.36,0.58,2026-04-15,724,N21,VIIRS,n,2.0NRT,292.8,4.12,D
25.53036,76.70071,341.96,0.35,0.57,2026-04-15,724,N21,VIIRS,l,2.0NRT,312.66,5.76,D
25.53332,93.11537,339.95,0.46,0.47,2026-04-15,724,N21,VIIRS,n,2.0NRT,292.08,6.4,D
25.53395,95.3586,346.73,0.63,0.54,2026-04-15,724,N21,VIIRS,n,2.0NRT,296.1,29.85,D
25.53456,95.36485,334.32,0.64,0.54,2026-04-15,724,N21,VIIRS,n,2.0NRT,292.06,28.13,D
25.53491,95.35863,352.93,0.64,0.54,2026-04-15,724,N21,VIIRS,n,2.0NRT,297.89,77.45,D
25.53545,76.69936,337.22,0.35,0.57,2026-04-15,724,N21,VIIRS,l,2.0NRT,310.84,5.76,D
25.53775,90.76466,337.26,0.51,0.41,2026-04-15,724,N21,VIIRS,n,2.0NRT,298.25,5.21,D
25.53779,76.70955,347.2,0.35,0.57,2026-04-15,724,N21,VIIRS,n,2.0NRT,313.11,9.98,D
25.53893,95.35794,342.58,0.63,0.54,2026-04-15,724,N21,VIIRS,n,2.0NRT,294.27,29.85,D
25.53989,95.35794,331.78,0.64,0.54,2026-04-15,724,N21,VIIRS,n,2.0NRT,291.06,6.59,D
25.54,90.96853,344.62,0.52,0.42,2026-04-15,724,N21,VIIRS,n,2.0NRT,297.21,12.57,D
25.54119,92.90569,334.27,0.45,0.47,2026-04-15,724,N21,VIIRS,n,2.0NRT,295.83,5.68,D
25.54185,92.83321,330.1,0.44,0.46,2026-04-15,724,N21,VIIRS,n,2.0NRT,296.15,7.18,D
25.54311,92.92328,340.87,0.45,0.47,2026-04-15,724,N21,VIIRS,n,2.0NRT,295.57,8.59,D
25.54503,90.97803,341.67,0.52,0.42,2026-04-15,724,N21,VIIRS,n,2.0NRT,297.01,11.88,D
25.54532,92.86473,340.93,0.44,0.46,2026-04-15,724,N21,VIIRS,n,2.0NRT,297.22,8.7,D
25.54625,91.0195,332.5,0.52,0.42,2026-04-15,724,N21,VIIRS,n,2.0NRT,296.19,7.91,D
25.5463,90.95702,352.8,0.52,0.41,2026-04-15,724,N21,VIIRS,n,2.0NRT,302.78,30.22,D
25.54736,92.92263,350.47,0.45,0.47,2026-04-15,724,N21,VIIRS,n,2.0NRT,302.54,50.62,D
25.54755,90.96716,334.1,0.52,0.42,2026-04-15,724,N21,VIIRS,n,2.0NRT,295.51,9.12,D
25.54758,92.84612,338.94,0.44,0.46,2026-04-15,724,N21,VIIRS,n,2.0NRT,297.19,6.97,D
25.5487,77.98527,340.07,0.59,0.53,2026-04-15,724,N21,VIIRS,l,2.0NRT,311.65,5.49,D
25.54944,90.9825,345.4,0.52,0.42,2026-04-15,724,N21,VIIRS,n,2.0NRT,299.36,18.26,D
25.55072,76.6954,335.47,0.35,0.57,2026-04-15,724,N21,VIIRS,l,2.0NRT,309.05,4.23,D
25.55341,77.98408,343.75,0.59,0.53,2026-04-15,724,N21,VIIRS,n,2.0NRT,313.24,5.49,D
25.55479,92.87238,335.5,0.44,0.46,2026-04-15,724,N21,VIIRS,n,2.0NRT,297.58,5.47,D
25.55513,84.33076,354.36,0.41,0.37,2026-04-15,724,N21,VIIRS,l,2.0NRT,317.17,33.47,D
25.55705,92.8539,354.03,0.44,0.46,2026-04-15,724,N21,VIIRS,n,2.0NRT,299.47,28.27,D
25.55783,84.326,348.97,0.41,0.37,2026-04-15,724,N21,VIIRS,l,2.0NRT,317.73,5.32,D
25.55804,92.8628,341.33,0.44,0.46,2026-04-15,724,N21,VIIRS,n,2.0NRT,297.77,9.01,D
25.55851,84.33006,344.85,0.41,0.37,2026-04-15,724,N21,VIIRS,l,2.0NRT,316.67,5.32,D
25.55853,92.86727,330.91,0.44,0.46,2026-04-15,724,N21,VIIRS,n,2.0NRT,296.76,3.97,D
25.56053,84.32127,349.37,0.41,0.37,2026-04-15,724,N21,VIIRS,n,2.0NRT,315.98,6.29,D
25.56121,84.32532,344.77,0.41,0.37,2026-04-15,724,N21,VIIRS,l,2.0NRT,315.44,5.32,D
25.56297,92.90728,296.55,0.45,0.47,2026-04-15,724,N21,VIIRS,l,2.0NRT,300.86,30.89,D
25.56345,92.91166,340.82,0.45,0.47,2026-04-15,724,N21,VIIRS,n,2.0NRT,297.35,27.15,D
25.56882,93.16052,341.85,0.46,0.47,2026-04-15,724,N21,VIIRS,n,2.0NRT,294.85,8.11,D
25.57393,92.92816,343.05,0.45,0.47,2026-04-15,724,N21,VIIRS,n,2.0NRT,305.89,37.45,D
25.57442,92.93259,341.52,0.45,0.47,2026-04-15,724,N21,VIIRS,n,2.0NRT,299.01,37.45,D
25.57673,92.91437,331.78,0.45,0.47,2026-04-15,724,N21,VIIRS,n,2.0NRT,297.45,10.62,D
25.57722,92.91879,354.7,0.45,0.47,2026-04-15,724,N21,VIIRS,n,2.0NRT,305.83,71.5,D
25.57821,92.92768,348.2,0.45,0.47,2026-04-15,724,N21,VIIRS,n,2.0NRT,299.21,37.45,D
25.5787,92.93216,343.71,0.45,0.47,2026-04-15,724,N21,VIIRS,n,2.0NRT,297.66,37.45,D
25.57998,92.90482,337.35,0.45,0.47,2026-04-15,724,N21,VIIRS,n,2.0NRT,297.9,6.5,D
25.58148,92.9182,349.81,0.45,0.47,2026-04-15,724,N21,VIIRS,n,2.0NRT,303.27,28.9,D
25.58198,92.92267,353.17,0.45,0.47,2026-04-15,724,N21,VIIRS,n,2.0NRT,303.83,28.9,D
25.58248,92.92715,348.37,0.45,0.47,2026-04-15,724,N21,VIIRS,n,2.0NRT,299.65,31.8,D
25.58424,92.90418,339.19,0.45,0.47,2026-04-15,724,N21,VIIRS,n,2.0NRT,297.47,6.5,D
25.58497,92.94953,339.7,0.45,0.47,2026-04-15,724,N21,VIIRS,n,2.0NRT,297.61,9.23,D
25.58523,92.91311,340.39,0.45,0.47,2026-04-15,724,N21,VIIRS,n,2.0NRT,297.43,19.52,D
25.58547,92.95396,347.54,0.45,0.47,2026-04-15,724,N21,VIIRS,n,2.0NRT,300.84,24.87,D
25.58574,92.91761,333.97,0.45,0.47,2026-04-15,724,N21,VIIRS,n,2.0NRT,297.98,28.9,D
25.58624,92.92212,355.07,0.45,0.47,2026-04-15,724,N21,VIIRS,n,2.0NRT,303.35,28.9,D
25.58752,92.89492,334.61,0.45,0.47,2026-04-15,724,N21,VIIRS,n,2.0NRT,298.42,3.7,D
25.58805,78.88769,352.96,0.51,0.5,2026-04-15,724,N21,VIIRS,n,2.0NRT,317.79,13.01,D
25.58899,92.90802,348.27,0.45,0.47,2026-04-15,724,N21,VIIRS,n,2.0NRT,300.93,19.94,D
25.58927,92.87212,334.84,0.44,0.46,2026-04-15,724,N21,VIIRS,n,2.0NRT,300,14.42,D
25.58949,92.91251,333.02,0.45,0.47,2026-04-15,724,N21,VIIRS,n,2.0NRT,297.63,19.94,D
25.58976,92.87648,339,0.44,0.46,2026-04-15,724,N21,VIIRS,n,2.0NRT,298.05,14.42,D
25.59,92.91702,352.68,0.45,0.47,2026-04-15,724,N21,VIIRS,n,2.0NRT,304.39,27.82,D
25.5905,91.00192,345.27,0.52,0.42,2026-04-15,724,N21,VIIRS,n,2.0NRT,298.24,23.85,D
25.59121,92.96658,345.06,0.45,0.47,2026-04-15,724,N21,VIIRS,n,2.0NRT,299.7,37.2,D
25.59177,92.89433,334.65,0.45,0.47,2026-04-15,724,N21,VIIRS,n,2.0NRT,298.22,3.7,D
25.59218,92.82173,329.64,0.44,0.46,2026-04-15,724,N21,VIIRS,l,2.0NRT,299.83,2.51,D
25.59367,92.79716,329.98,0.44,0.46,2026-04-15,724,N21,VIIRS,n,2.0NRT,296.6,2.19,D
25.59394,92.7994,330.1,0.44,0.46,2026-04-15,724,N21,VIIRS,n,2.0NRT,296.58,7.37,D
25.59527,92.92545,349.57,0.45,0.47,2026-04-15,724,N21,VIIRS,n,2.0NRT,301.07,16.64,D
25.59732,79.19151,355.36,0.49,0.49,2026-04-15,724,N21,VIIRS,n,2.0NRT,321.42,20.87,D
25.59766,92.7944,338.65,0.44,0.46,2026-04-15,724,N21,VIIRS,n,2.0NRT,298.57,14,D
25.59791,92.79665,354.96,0.44,0.46,2026-04-15,724,N21,VIIRS,n,2.0NRT,299.9,19.17,D
25.59804,92.63998,341.86,0.43,0.46,2026-04-15,724,N21,VIIRS,n,2.0NRT,303.84,21.36,D
25.59817,92.7989,340.68,0.44,0.46,2026-04-15,724,N21,VIIRS,n,2.0NRT,298.09,7.37,D
25.59904,92.92041,335.18,0.45,0.47,2026-04-15,724,N21,VIIRS,n,2.0NRT,298.37,13.66,D
25.60054,92.93375,347.28,0.45,0.47,2026-04-15,724,N21,VIIRS,n,2.0NRT,299.38,7.76,D
25.60268,92.92233,354.11,0.45,0.47,2026-04-15,724,N21,VIIRS,n,2.0NRT,303.33,33.41,D
25.60314,92.92676,330.89,0.45,0.47,2026-04-15,724,N21,VIIRS,n,2.0NRT,299.78,8.21,D
25.60361,92.93121,341.63,0.45,0.47,2026-04-15,724,N21,VIIRS,n,2.0NRT,299.48,8.21,D
25.60376,78.96197,344.55,0.51,0.49,2026-04-15,724,N21,VIIRS,l,2.0NRT,318.04,15.34,D
25.6038,92.9243,341.29,0.45,0.47,2026-04-15,724,N21,VIIRS,n,2.0NRT,301.86,32.75,D
25.60406,90.92521,333.47,0.52,0.41,2026-04-15,724,N21,VIIRS,n,2.0NRT,298.84,9.63,D
25.6048,92.93317,340.27,0.45,0.47,2026-04-15,724,N21,VIIRS,n,2.0NRT,300.09,7.76,D
25.60541,92.78656,344.88,0.44,0.46,2026-04-15,724,N21,VIIRS,n,2.0NRT,298.05,9.33,D
25.60589,92.79105,339.53,0.44,0.46,2026-04-15,724,N21,VIIRS,n,2.0NRT,298,10.71,D
25.60638,92.79559,335.42,0.44,0.46,2026-04-15,724,N21,VIIRS,n,2.0NRT,297.13,10.71,D
25.61014,92.7906,334.28,0.44,0.46,2026-04-15,724,N21,VIIRS,n,2.0NRT,298.3,10.71,D
25.61062,92.7951,345.65,0.44,0.46,2026-04-15,724,N21,VIIRS,n,2.0NRT,298.81,10.71,D
25.61279,92.58128,337.44,0.43,0.46,2026-04-15,724,N21,VIIRS,n,2.0NRT,296.19,4.44,D
25.61355,92.90257,334.78,0.45,0.47,2026-04-15,724,N21,VIIRS,n,2.0NRT,298.36,5.06,D
25.61402,92.90697,339.32,0.45,0.47,2026-04-15,724,N21,VIIRS,n,2.0NRT,298.15,7.54,D
25.61639,96.23083,336.33,0.36,0.58,2026-04-15,724,N21,VIIRS,n,2.0NRT,294.99,5.01,D
25.61658,96.23291,367,0.36,0.58,2026-04-15,724,N21,VIIRS,h,2.0NRT,296.28,9.57,D
25.61666,96.23402,340.11,0.36,0.58,2026-04-15,724,N21,VIIRS,n,2.0NRT,295.12,5.01,D
25.61787,90.94376,333.44,0.52,0.42,2026-04-15,724,N21,VIIRS,n,2.0NRT,297.67,4.89,D
25.62394,92.87864,336.55,0.45,0.47,2026-04-15,724,N21,VIIRS,n,2.0NRT,298.95,181.45,D
25.62441,92.883,367,0.45,0.47,2026-04-15,724,N21,VIIRS,h,2.0NRT,330.41,181.45,D
25.62489,92.88737,343.06,0.45,0.47,2026-04-15,724,N21,VIIRS,n,2.0NRT,298.83,40.18,D
25.62584,92.89625,340.64,0.45,0.47,2026-04-15,724,N21,VIIRS,n,2.0NRT,297.73,24.27,D
25.62584,93.12055,344.41,0.46,0.47,2026-04-15,724,N21,VIIRS,n,2.0NRT,295.43,8.63,D
25.62767,93.11827,341.26,0.46,0.47,2026-04-15,724,N21,VIIRS,n,2.0NRT,296.66,10.27,D
25.6282,92.87808,304.42,0.45,0.47,2026-04-15,724,N21,VIIRS,l,2.0NRT,305.67,181.45,D
25.62914,92.88677,342.84,0.45,0.47,2026-04-15,724,N21,VIIRS,n,2.0NRT,300.89,40.18,D
25.62964,93.11533,343.49,0.46,0.47,2026-04-15,724,N21,VIIRS,n,2.0NRT,296.64,11.63,D
25.63016,93.11994,349.29,0.46,0.47,2026-04-15,724,N21,VIIRS,n,2.0NRT,295.41,16.97,D
25.632,93.11777,354.03,0.46,0.47,2026-04-15,724,N21,VIIRS,n,2.0NRT,297.04,15.74,D
25.63293,92.88187,339.77,0.45,0.47,2026-04-15,724,N21,VIIRS,n,2.0NRT,309.57,101.71,D
25.6334,92.88622,331.34,0.45,0.47,2026-04-15,724,N21,VIIRS,n,2.0NRT,299.18,6.17,D
25.63421,96.57528,332.11,0.38,0.59,2026-04-15,724,N21,VIIRS,n,2.0NRT,296.1,5.18,D
25.63986,92.52113,331.06,0.42,0.46,2026-04-15,724,N21,VIIRS,n,2.0NRT,297.53,4.34,D
25.64372,92.55508,330.32,0.43,0.46,2026-04-15,724,N21,VIIRS,n,2.0NRT,296.59,1.87,D
25.65212,93.06007,343.22,0.46,0.47,2026-04-15,724,N21,VIIRS,n,2.0NRT,296.56,19.67,D
25.6526,93.06454,354.11,0.46,0.47,2026-04-15,724,N21,VIIRS,n,2.0NRT,300.5,18.08,D
25.65309,93.06915,346.42,0.46,0.47,2026-04-15,724,N21,VIIRS,n,2.0NRT,294.28,18.08,D
25.65359,93.07375,333.12,0.46,0.47,2026-04-15,724,N21,VIIRS,n,2.0NRT,291.37,19.98,D
25.65692,93.06408,331.36,0.46,0.47,2026-04-15,724,N21,VIIRS,n,2.0NRT,291.15,18.08,D
25.65742,93.0687,330.63,0.46,0.47,2026-04-15,724,N21,VIIRS,n,2.0NRT,293.6,18.08,D
25.65791,93.07328,342.51,0.46,0.47,2026-04-15,724,N21,VIIRS,n,2.0NRT,298,19.98,D
25.66319,93.08177,337.51,0.46,0.47,2026-04-15,724,N21,VIIRS,n,2.0NRT,293.27,15.72,D
25.66612,92.90868,342.9,0.45,0.47,2026-04-15,724,N21,VIIRS,n,2.0NRT,297.62,9.07,D
25.66798,93.08563,350.38,0.46,0.47,2026-04-15,724,N21,VIIRS,n,2.0NRT,294.65,15.72,D
25.66847,93.0902,332.25,0.46,0.47,2026-04-15,724,N21,VIIRS,n,2.0NRT,291.1,6.52,D
25.66902,96.66755,340.26,0.39,0.59,2026-04-15,724,N21,VIIRS,n,2.0NRT,300.76,4.23,D
25.67151,91.09827,331.55,0.53,0.42,2026-04-15,724,N21,VIIRS,n,2.0NRT,296.39,3.56,D
25.6723,93.08509,348.4,0.46,0.47,2026-04-15,724,N21,VIIRS,n,2.0NRT,295.15,27.48,D
25.67334,76.63165,367,0.35,0.57,2026-04-15,724,N21,VIIRS,h,2.0NRT,314.68,6.48,D
25.67412,76.63507,341.54,0.35,0.57,2026-04-15,724,N21,VIIRS,n,2.0NRT,314.36,6.48,D
25.67488,93.4882,331.37,0.49,0.48,2026-04-15,724,N21,VIIRS,n,2.0NRT,293.6,5.2,D
25.67559,93.48977,329.73,0.49,0.48,2026-04-15,724,N21,VIIRS,n,2.0NRT,293.88,5.97,D
25.6781,93.09828,344.36,0.46,0.47,2026-04-15,724,N21,VIIRS,n,2.0NRT,290.58,10.89,D
25.67978,91.03893,339.5,0.53,0.42,2026-04-15,724,N21,VIIRS,n,2.0NRT,299.47,5.09,D
25.6824,93.09751,343.18,0.46,0.47,2026-04-15,724,N21,VIIRS,n,2.0NRT,291.35,9.28,D
25.70232,90.78153,338.35,0.51,0.41,2026-04-15,724,N21,VIIRS,n,2.0NRT,297.95,9.59,D
25.70642,76.43798,367,0.36,0.58,2026-04-15,724,N21,VIIRS,h,2.0NRT,314.33,10.41,D
25.70712,96.60162,348.16,0.38,0.59,2026-04-15,724,N21,VIIRS,n,2.0NRT,294.94,9.51,D
25.71157,76.43661,367,0.36,0.58,2026-04-15,724,N21,VIIRS,h,2.0NRT,315.1,7.35,D
25.72383,76.51954,335.91,0.36,0.57,2026-04-15,724,N21,VIIRS,l,2.0NRT,308.77,1.21,D
25.72459,97.53875,355.11,0.44,0.62,2026-04-15,724,N21,VIIRS,n,2.0NRT,281.98,9.58,D
25.72567,90.01225,335.22,0.47,0.4,2026-04-15,724,N21,VIIRS,n,2.0NRT,301.24,7.98,D
25.74702,76.64775,343.59,0.35,0.57,2026-04-15,724,N21,VIIRS,l,2.0NRT,315.56,4.75,D
25.74777,76.65113,352.15,0.35,0.57,2026-04-15,724,N21,VIIRS,n,2.0NRT,315.68,4.75,D
25.75034,76.65199,341.02,0.35,0.57,2026-04-15,724,N21,VIIRS,l,2.0NRT,314.24,4.35,D
25.76943,91.78191,346.81,0.39,0.44,2026-04-15,724,N21,VIIRS,n,2.0NRT,295.23,114.96,D
25.7771,82.34626,347.87,0.49,0.4,2026-04-15,724,N21,VIIRS,n,2.0NRT,314.24,9.18,D
25.80034,91.74702,331.07,0.38,0.44,2026-04-15,724,N21,VIIRS,n,2.0NRT,292.78,4.09,D
25.80237,95.85963,340.43,0.34,0.56,2026-04-15,724,N21,VIIRS,n,2.0NRT,290.32,5.68,D
25.80433,91.74665,338.18,0.38,0.44,2026-04-15,724,N21,VIIRS,n,2.0NRT,289.68,5.6,D
25.80722,95.85561,350.16,0.34,0.56,2026-04-15,724,N21,VIIRS,n,2.0NRT,295.88,24.93,D
25.80753,95.85915,367,0.34,0.56,2026-04-15,724,N21,VIIRS,h,2.0NRT,303.91,39.61,D
25.81364,92.76627,339.24,0.44,0.46,2026-04-15,724,N21,VIIRS,n,2.0NRT,294.92,4.91,D
25.81691,92.75668,346.98,0.44,0.46,2026-04-15,724,N21,VIIRS,n,2.0NRT,294.61,10.09,D
25.81787,92.76559,339.1,0.44,0.46,2026-04-15,724,N21,VIIRS,n,2.0NRT,294.52,4.71,D
25.82609,76.74911,349.05,0.34,0.56,2026-04-15,724,N21,VIIRS,n,2.0NRT,314.19,7.22,D
25.82963,76.7411,342.87,0.34,0.56,2026-04-15,724,N21,VIIRS,l,2.0NRT,312.94,5.1,D
25.83113,76.74777,344.51,0.34,0.56,2026-04-15,724,N21,VIIRS,l,2.0NRT,315.68,7.22,D
25.83722,95.90019,335.62,0.35,0.56,2026-04-15,724,N21,VIIRS,n,2.0NRT,290.85,4.05,D
25.84517,92.6237,336.29,0.43,0.46,2026-04-15,724,N21,VIIRS,n,2.0NRT,292.29,4.55,D
25.85506,90.74098,335.75,0.51,0.41,2026-04-15,724,N21,VIIRS,n,2.0NRT,293.52,4.97,D
25.89104,93.33302,342.61,0.48,0.48,2026-04-15,724,N21,VIIRS,n,2.0NRT,294.43,8.31,D
25.90558,92.62189,336.55,0.43,0.46,2026-04-15,724,N21,VIIRS,n,2.0NRT,295.38,2.93,D
25.90698,92.63484,339.75,0.43,0.46,2026-04-15,724,N21,VIIRS,n,2.0NRT,296.96,17.1,D
25.90882,92.57314,339.16,0.43,0.46,2026-04-15,724,N21,VIIRS,n,2.0NRT,295.55,4.76,D
25.91073,92.63006,339.06,0.43,0.46,2026-04-15,724,N21,VIIRS,n,2.0NRT,295.71,9.85,D
25.91157,92.48203,331.95,0.43,0.46,2026-04-15,724,N21,VIIRS,n,2.0NRT,291.46,5.55,D
25.9167,92.52873,335.45,0.43,0.46,2026-04-15,724,N21,VIIRS,n,2.0NRT,308.41,222.39,D
25.92338,92.62868,341.22,0.43,0.46,2026-04-15,724,N21,VIIRS,n,2.0NRT,294.83,9.21,D
25.92759,92.62816,349.71,0.43,0.46,2026-04-15,724,N21,VIIRS,n,2.0NRT,296.87,16.88,D
25.93175,93.50864,328.97,0.49,0.49,2026-04-15,724,N21,VIIRS,n,2.0NRT,293.66,2.73,D
25.94096,93.34142,333.82,0.48,0.48,2026-04-15,724,N21,VIIRS,n,2.0NRT,295.3,4.01,D
25.94115,93.38503,338.97,0.48,0.48,2026-04-15,724,N21,VIIRS,n,2.0NRT,294.99,7.86,D
25.94321,76.58905,367,0.35,0.57,2026-04-15,724,N21,VIIRS,h,2.0NRT,314.91,15.51,D
25.94397,76.59244,347.18,0.35,0.57,2026-04-15,724,N21,VIIRS,n,2.0NRT,315.32,7.86,D
25.94586,76.58994,367,0.35,0.57,2026-04-15,724,N21,VIIRS,h,2.0NRT,319.43,21.45,D
25.94904,76.59107,344.15,0.35,0.57,2026-04-15,724,N21,VIIRS,n,2.0NRT,317.36,7.86,D
25.96064,93.27654,339.88,0.48,0.48,2026-04-15,724,N21,VIIRS,n,2.0NRT,294.13,9.93,D
25.96113,93.27467,339.52,0.48,0.48,2026-04-15,724,N21,VIIRS,n,2.0NRT,295.14,15.52,D
25.96273,81.11614,341.51,0.56,0.43,2026-04-15,724,N21,VIIRS,l,2.0NRT,312.89,5.75,D
25.96502,93.27597,353.42,0.48,0.48,2026-04-15,724,N21,VIIRS,n,2.0NRT,294.51,9.93,D
25.96551,93.27407,346.68,0.48,0.48,2026-04-15,724,N21,VIIRS,n,2.0NRT,293.1,15.52,D
25.96555,93.28074,334.76,0.48,0.48,2026-04-15,724,N21,VIIRS,n,2.0NRT,293.89,6.59,D
25.96646,93.32681,330.22,0.48,0.48,2026-04-15,724,N21,VIIRS,n,2.0NRT,293.46,4.57,D
25.96887,93.27053,340.15,0.47,0.48,2026-04-15,724,N21,VIIRS,n,2.0NRT,291.51,12.35,D
25.96941,93.2754,339.8,0.48,0.48,2026-04-15,724,N21,VIIRS,n,2.0NRT,293.74,12.35,D
25.96989,93.27348,342.39,0.48,0.48,2026-04-15,724,N21,VIIRS,n,2.0NRT,291.09,9.11,D
25.97184,93.33582,330.98,0.48,0.48,2026-04-15,724,N21,VIIRS,n,2.0NRT,292.87,3.9,D
25.97585,94.07607,338.63,0.53,0.5,2026-04-15,724,N21,VIIRS,n,2.0NRT,301.49,53.26,D
25.97629,94.08048,339.97,0.53,0.5,2026-04-15,724,N21,VIIRS,n,2.0NRT,291.88,53.26,D
25.98044,94.07525,350.95,0.53,0.5,2026-04-15,724,N21,VIIRS,n,2.0NRT,298.77,71.38,D
25.98643,92.4549,340.57,0.42,0.46,2026-04-15,724,N21,VIIRS,n,2.0NRT,295.06,7.76,D
25.98825,94.10669,350.26,0.54,0.51,2026-04-15,724,N21,VIIRS,n,2.0NRT,295.12,34.16,D
25.98866,92.45342,341.3,0.42,0.46,2026-04-15,724,N21,VIIRS,n,2.0NRT,295.08,10.73,D
25.99241,94.10154,338.72,0.54,0.5,2026-04-15,724,N21,VIIRS,n,2.0NRT,293.56,8.26,D
25.99291,94.10651,333.79,0.54,0.51,2026-04-15,724,N21,VIIRS,n,2.0NRT,293.12,8.49,D
26.01658,94.10912,340.44,0.54,0.51,2026-04-15,724,N21,VIIRS,n,2.0NRT,293.73,10,D
26.03072,95.68425,331.7,0.34,0.56,2026-04-15,724,N21,VIIRS,n,2.0NRT,296.82,2.86,D
26.03617,81.94362,346.37,0.51,0.41,2026-04-15,724,N21,VIIRS,n,2.0NRT,312.98,9.37,D
26.04532,76.97763,345.79,0.33,0.55,2026-04-15,724,N21,VIIRS,n,2.0NRT,315.16,4.46,D
26.04582,76.97983,347.21,0.33,0.55,2026-04-15,724,N21,VIIRS,n,2.0NRT,315.64,4.84,D
26.04776,94.14825,339.01,0.54,0.51,2026-04-15,724,N21,VIIRS,n,2.0NRT,292.84,6.38,D
26.04881,94.14911,332.36,0.54,0.51,2026-04-15,724,N21,VIIRS,n,2.0NRT,292.39,9.43,D
26.06706,94.05775,339.84,0.53,0.5,2026-04-15,724,N21,VIIRS,n,2.0NRT,296.14,44.48,D
26.071,92.3443,340.96,0.42,0.45,2026-04-15,724,N21,VIIRS,n,2.0NRT,292.6,6.36,D
26.09366,93.72781,339.89,0.51,0.49,2026-04-15,724,N21,VIIRS,n,2.0NRT,293,11.25,D
26.12903,94.11587,335.4,0.54,0.51,2026-04-15,724,N21,VIIRS,n,2.0NRT,287.68,7.33,D
26.13368,94.11545,339.7,0.54,0.51,2026-04-15,724,N21,VIIRS,n,2.0NRT,290.58,7.33,D
26.14812,94.21122,328.36,0.55,0.51,2026-04-15,724,N21,VIIRS,n,2.0NRT,288.55,4.15,D
26.15095,94.14664,339.97,0.54,0.51,2026-04-15,724,N21,VIIRS,n,2.0NRT,291.86,9.18,D
26.16149,83.31609,341.12,0.44,0.38,2026-04-15,724,N21,VIIRS,l,2.0NRT,314.64,16.63,D
26.21093,97.02041,329.64,0.41,0.61,2026-04-15,724,N21,VIIRS,n,2.0NRT,293.09,2.97,D
26.21574,97.02065,327.2,0.41,0.61,2026-04-15,724,N21,VIIRS,n,2.0NRT,293.7,4.01,D
26.23206,92.93476,333.56,0.46,0.47,2026-04-15,724,N21,VIIRS,n,2.0NRT,293.79,4.98,D
26.23308,81.10669,337.54,0.56,0.43,2026-04-15,724,N21,VIIRS,l,2.0NRT,311.02,8.61,D
26.2332,81.1039,337.43,0.56,0.43,2026-04-15,724,N21,VIIRS,l,2.0NRT,311.86,5.03,D
26.25468,84.44508,337.35,0.41,0.37,2026-04-15,724,N21,VIIRS,n,2.0NRT,307.59,1.84,D
26.30146,83.47121,348.42,0.43,0.38,2026-04-15,724,N21,VIIRS,l,2.0NRT,315.38,10.78,D
26.30294,83.47977,342.52,0.43,0.38,2026-04-15,724,N21,VIIRS,l,2.0NRT,317.4,16.5,D
26.30566,83.47476,352.49,0.43,0.38,2026-04-15,724,N21,VIIRS,l,2.0NRT,317.27,10.78,D
26.3127,83.70158,340.28,0.43,0.38,2026-04-15,724,N21,VIIRS,l,2.0NRT,311.76,8.57,D
26.31648,83.51671,341.87,0.43,0.38,2026-04-15,724,N21,VIIRS,l,2.0NRT,315.34,5.03,D
26.3192,92.79118,331.82,0.45,0.47,2026-04-15,724,N21,VIIRS,n,2.0NRT,296.64,1.86,D
26.33436,83.66217,350.88,0.43,0.38,2026-04-15,724,N21,VIIRS,l,2.0NRT,316.76,9.68,D
26.36888,75.38221,335.82,0.41,0.6,2026-04-15,724,N21,VIIRS,l,2.0NRT,310.72,2.51,D
26.373,83.54067,349.49,0.43,0.38,2026-04-15,724,N21,VIIRS,l,2.0NRT,317.93,14.42,D
26.3772,83.80933,348,0.42,0.38,2026-04-15,724,N21,VIIRS,l,2.0NRT,312.5,5.8,D
26.37791,83.81349,340.75,0.42,0.38,2026-04-15,724,N21,VIIRS,l,2.0NRT,311.68,4.44,D
26.38224,83.73475,348.25,0.42,0.38,2026-04-15,724,N21,VIIRS,n,2.0NRT,314.29,14.95,D
26.38295,83.73894,342.07,0.42,0.38,2026-04-15,724,N21,VIIRS,l,2.0NRT,315.98,14.95,D
26.38539,83.73462,348.39,0.42,0.38,2026-04-15,724,N21,VIIRS,l,2.0NRT,318.1,25.62,D
26.38566,83.73403,353.09,0.42,0.38,2026-04-15,724,N21,VIIRS,n,2.0NRT,317.46,14.95,D
26.38676,83.47596,343.11,0.43,0.38,2026-04-15,724,N21,VIIRS,l,2.0NRT,316.11,5.65,D
26.38956,84.9765,335.48,0.39,0.36,2026-04-15,724,N21,VIIRS,l,2.0NRT,307.12,4.27,D
26.40241,83.64841,343.25,0.43,0.38,2026-04-15,724,N21,VIIRS,l,2.0NRT,315.17,5.99,D
26.40584,83.6477,342.09,0.43,0.38,2026-04-15,724,N21,VIIRS,l,2.0NRT,315.09,6.54,D
26.40656,83.6519,343.13,0.43,0.38,2026-04-15,724,N21,VIIRS,l,2.0NRT,315.13,6.56,D
26.41016,83.5284,341.53,0.43,0.38,2026-04-15,724,N21,VIIRS,l,2.0NRT,314.76,7.36,D
26.4114,83.51492,340.67,0.43,0.38,2026-04-15,724,N21,VIIRS,l,2.0NRT,313.75,6.53,D
26.42248,83.74416,340.45,0.42,0.38,2026-04-15,724,N21,VIIRS,l,2.0NRT,312.85,4.14,D
26.43265,80.21172,343.11,0.41,0.45,2026-04-15,724,N21,VIIRS,n,2.0NRT,310.33,6.01,D
26.43753,87.41907,340.04,0.39,0.36,2026-04-15,724,N21,VIIRS,n,2.0NRT,303.17,5.41,D
26.43879,83.81847,341.18,0.42,0.38,2026-04-15,724,N21,VIIRS,n,2.0NRT,312.64,2.81,D
26.44772,83.56002,337.79,0.43,0.38,2026-04-15,724,N21,VIIRS,l,2.0NRT,311.22,8.54,D
26.45549,83.50117,347.2,0.43,0.38,2026-04-15,724,N21,VIIRS,l,2.0NRT,315.42,9.13,D
26.46095,83.37668,348.57,0.44,0.38,2026-04-15,724,N21,VIIRS,l,2.0NRT,315.79,17.58,D
26.46183,83.6009,367,0.43,0.38,2026-04-15,724,N21,VIIRS,h,2.0NRT,313.82,5.81,D
26.462,83.93365,341.86,0.42,0.37,2026-04-15,724,N21,VIIRS,l,2.0NRT,314.89,6.57,D
26.46469,83.92883,343.35,0.42,0.37,2026-04-15,724,N21,VIIRS,l,2.0NRT,316.67,6.49,D
26.46527,83.60017,341.48,0.43,0.38,2026-04-15,724,N21,VIIRS,n,2.0NRT,313.76,5.81,D
26.46739,83.92399,337.82,0.42,0.37,2026-04-15,724,N21,VIIRS,l,2.0NRT,312.78,10.57,D
26.46949,83.93636,343.95,0.42,0.37,2026-04-15,724,N21,VIIRS,l,2.0NRT,316.32,9.09,D
26.47008,83.91915,354.3,0.42,0.38,2026-04-15,724,N21,VIIRS,l,2.0NRT,321.07,16.53,D
26.47985,83.44377,341.56,0.43,0.38,2026-04-15,724,N21,VIIRS,l,2.0NRT,312.17,7.81,D
26.4806,83.44805,347.18,0.43,0.38,2026-04-15,724,N21,VIIRS,l,2.0NRT,315.23,7.81,D
26.48108,83.94247,353.42,0.42,0.37,2026-04-15,724,N21,VIIRS,l,2.0NRT,316.06,13.11,D
26.48135,83.45232,339.63,0.43,0.38,2026-04-15,724,N21,VIIRS,l,2.0NRT,313.68,22.87,D
26.48182,83.43449,351.99,0.43,0.38,2026-04-15,724,N21,VIIRS,l,2.0NRT,315.29,20.01,D
26.48405,83.44731,349.95,0.43,0.38,2026-04-15,724,N21,VIIRS,l,2.0NRT,315.21,7.81,D
26.48602,83.43802,340.84,0.43,0.38,2026-04-15,724,N21,VIIRS,l,2.0NRT,313.55,7.07,D
26.49367,83.44083,350.81,0.43,0.38,2026-04-15,724,N21,VIIRS,l,2.0NRT,314.33,6.47,D
26.50145,83.93822,343.31,0.42,0.37,2026-04-15,724,N21,VIIRS,l,2.0NRT,315.88,5.96,D
26.51102,86.58286,332.44,0.38,0.36,2026-04-15,724,N21,VIIRS,l,2.0NRT,305.1,2.16,D
26.52651,76.80822,334.49,0.33,0.55,2026-04-15,724,N21,VIIRS,l,2.0NRT,308.96,1.73,D
26.5326,77.22747,341.43,0.62,0.54,2026-04-15,724,N21,VIIRS,n,2.0NRT,310.93,10.44,D
26.53535,77.22936,343.4,0.62,0.54,2026-04-15,724,N21,VIIRS,n,2.0NRT,313.65,11.07,D
26.53736,79.12695,337.34,0.48,0.48,2026-04-15,724,N21,VIIRS,l,2.0NRT,311.45,8.41,D
26.57386,86.52391,335.31,0.38,0.36,2026-04-15,724,N21,VIIRS,n,2.0NRT,304.58,2.64,D
26.58358,83.30721,351.04,0.44,0.38,2026-04-15,724,N21,VIIRS,l,2.0NRT,315.49,17.93,D
26.61127,78.52126,342.74,0.52,0.5,2026-04-15,724,N21,VIIRS,n,2.0NRT,314.81,6.63,D
26.63668,81.11103,339.18,0.55,0.43,2026-04-15,724,N21,VIIRS,n,2.0NRT,311.67,3.13,D
26.71593,83.25272,352.54,0.44,0.38,2026-04-15,724,N21,VIIRS,l,2.0NRT,315.67,7.74,D
26.71996,82.6724,355.07,0.46,0.39,2026-04-15,724,N21,VIIRS,n,2.0NRT,317.92,16.58,D
26.73228,83.21404,339.95,0.44,0.38,2026-04-15,724,N21,VIIRS,l,2.0NRT,314.64,8.31,D
26.73348,83.20847,342.12,0.44,0.38,2026-04-15,724,N21,VIIRS,l,2.0NRT,314.36,5.68,D
26.74489,80.84798,339.98,0.57,0.43,2026-04-15,724,N21,VIIRS,n,2.0NRT,313.86,4.44,D
26.7582,86.68307,331.15,0.39,0.36,2026-04-15,724,N21,VIIRS,n,2.0NRT,300.22,1.4,D
26.76564,78.19251,339.01,0.54,0.51,2026-04-15,724,N21,VIIRS,l,2.0NRT,312.91,2.68,D
26.77105,83.10619,337.74,0.44,0.39,2026-04-15,724,N21,VIIRS,l,2.0NRT,311.87,4.05,D
26.79273,83.10605,346.45,0.44,0.39,2026-04-15,724,N21,VIIRS,l,2.0NRT,316.03,7.74,D
26.79303,80.99034,335.04,0.55,0.43,2026-04-15,724,N21,VIIRS,l,2.0NRT,308.07,2.71,D
26.82119,83.24883,337.74,0.44,0.38,2026-04-15,724,N21,VIIRS,l,2.0NRT,311.83,1.76,D
26.85049,83.18142,338.58,0.44,0.38,2026-04-15,724,N21,VIIRS,l,2.0NRT,313.35,4.9,D
26.87395,83.21234,354.84,0.44,0.38,2026-04-15,724,N21,VIIRS,l,2.0NRT,315.95,12.88,D
26.8759,83.20293,339.22,0.44,0.38,2026-04-15,724,N21,VIIRS,l,2.0NRT,313.19,6.39,D
26.87666,83.20726,339.92,0.44,0.38,2026-04-15,724,N21,VIIRS,l,2.0NRT,314.19,6.39,D
26.92339,79.06911,343.35,0.47,0.48,2026-04-15,724,N21,VIIRS,n,2.0NRT,314.17,4.64,D
26.92417,79.06514,342.53,0.47,0.48,2026-04-15,724,N21,VIIRS,l,2.0NRT,312.77,3.96,D
26.92946,83.63296,340.32,0.42,0.38,2026-04-15,724,N21,VIIRS,l,2.0NRT,314.83,75.23,D
26.93768,82.82951,351.33,0.45,0.39,2026-04-15,724,N21,VIIRS,l,2.0NRT,320.58,38.02,D
26.93848,82.83398,367,0.45,0.39,2026-04-15,724,N21,VIIRS,h,2.0NRT,341.61,194.73,D
26.93988,82.94449,346.72,0.45,0.39,2026-04-15,724,N21,VIIRS,l,2.0NRT,318.1,9.29,D
26.9404,82.82426,351.13,0.45,0.39,2026-04-15,724,N21,VIIRS,l,2.0NRT,315.88,40.16,D
26.94066,82.94891,346.47,0.45,0.39,2026-04-15,724,N21,VIIRS,l,2.0NRT,314.88,9.29,D
26.9412,82.82874,367,0.45,0.39,2026-04-15,724,N21,VIIRS,l,2.0NRT,326.88,40.16,D
26.94392,82.82349,353.81,0.45,0.39,2026-04-15,724,N21,VIIRS,l,2.0NRT,319.15,40.16,D
26.95777,83.50925,348.05,0.43,0.38,2026-04-15,724,N21,VIIRS,l,2.0NRT,318.07,11.23,D
26.96019,78.97774,340.37,0.48,0.48,2026-04-15,724,N21,VIIRS,l,2.0NRT,314.92,4.45,D
26.96054,83.04062,349.35,0.44,0.39,2026-04-15,724,N21,VIIRS,l,2.0NRT,318.67,9.99,D
26.96279,82.88883,348.3,0.45,0.39,2026-04-15,724,N21,VIIRS,l,2.0NRT,316.16,9.28,D
26.96357,82.89329,346.51,0.45,0.39,2026-04-15,724,N21,VIIRS,n,2.0NRT,314.13,6.92,D
26.96557,82.96642,341.3,0.45,0.39,2026-04-15,724,N21,VIIRS,l,2.0NRT,313.88,6.2,D
26.9663,82.88807,348.95,0.45,0.39,2026-04-15,724,N21,VIIRS,l,2.0NRT,319.09,17.45,D
26.97384,83.54081,344.44,0.43,0.38,2026-04-15,724,N21,VIIRS,l,2.0NRT,318.67,10.22,D
26.99973,83.60936,345.78,0.42,0.38,2026-04-15,724,N21,VIIRS,l,2.0NRT,319.23,31.2,D
26.99989,83.63104,342.74,0.42,0.38,2026-04-15,724,N21,VIIRS,l,2.0NRT,310.04,14.13,D
27.00238,83.03153,340.03,0.44,0.39,2026-04-15,724,N21,VIIRS,l,2.0NRT,314.47,5.41,D
27.00315,83.03592,340.55,0.44,0.39,2026-04-15,724,N21,VIIRS,l,2.0NRT,314.58,5.41,D
27.00315,83.60863,341.77,0.42,0.38,2026-04-15,724,N21,VIIRS,l,2.0NRT,314.34,3.97,D
27.00386,83.61282,338.49,0.42,0.38,2026-04-15,724,N21,VIIRS,l,2.0NRT,311.68,3.97,D
27.00472,82.75536,346.13,0.45,0.39,2026-04-15,724,N21,VIIRS,n,2.0NRT,315.35,4.81,D
27.00552,82.75986,347.05,0.45,0.39,2026-04-15,724,N21,VIIRS,n,2.0NRT,316.34,4.81,D
27.00644,82.8885,342.85,0.45,0.39,2026-04-15,724,N21,VIIRS,l,2.0NRT,317.53,6.09,D
27.00685,82.88941,341.69,0.45,0.39,2026-04-15,724,N21,VIIRS,l,2.0NRT,315.77,5.99,D
27.00989,83.48547,344.96,0.43,0.38,2026-04-15,724,N21,VIIRS,n,2.0NRT,316.77,5.64,D
27.022,83.0818,351.24,0.44,0.38,2026-04-15,724,N21,VIIRS,l,2.0NRT,316.34,17.79,D
27.02788,83.62985,339.3,0.42,0.38,2026-04-15,724,N21,VIIRS,l,2.0NRT,313.26,4.34,D
27.03903,87.15946,341.67,0.39,0.36,2026-04-15,724,N21,VIIRS,n,2.0NRT,300.34,4.5,D
27.04235,82.90471,344.06,0.45,0.39,2026-04-15,724,N21,VIIRS,l,2.0NRT,314.14,5.83,D
27.05065,83.57726,338.82,0.42,0.38,2026-04-15,724,N21,VIIRS,l,2.0NRT,312.08,3.89,D
27.05205,83.44135,348.53,0.43,0.38,2026-04-15,724,N21,VIIRS,n,2.0NRT,317.13,13.79,D
27.06285,84.87544,336.14,0.39,0.36,2026-04-15,724,N21,VIIRS,l,2.0NRT,308.58,3.08,D
27.06431,83.57436,346.16,0.42,0.38,2026-04-15,724,N21,VIIRS,l,2.0NRT,311.95,30.74,D
27.0766,83.0572,342.09,0.44,0.38,2026-04-15,724,N21,VIIRS,l,2.0NRT,312.72,5.99,D
27.07661,83.01626,343.12,0.44,0.39,2026-04-15,724,N21,VIIRS,l,2.0NRT,318.06,6.61,D
27.07886,82.68002,341.27,0.46,0.39,2026-04-15,724,N21,VIIRS,n,2.0NRT,315.81,3.43,D
27.07903,82.67809,338.99,0.46,0.39,2026-04-15,724,N21,VIIRS,l,2.0NRT,313.69,2.9,D
27.08062,82.68714,349.43,0.46,0.39,2026-04-15,724,N21,VIIRS,n,2.0NRT,314.42,22,D
27.0812,83.63155,345.04,0.42,0.38,2026-04-15,724,N21,VIIRS,l,2.0NRT,319.66,29.51,D
27.0824,82.67924,345.99,0.46,0.39,2026-04-15,724,N21,VIIRS,n,2.0NRT,314.64,8.74,D
27.08321,82.68376,367,0.46,0.39,2026-04-15,724,N21,VIIRS,h,2.0NRT,329.88,95.73,D
27.09597,83.33105,344.55,0.43,0.38,2026-04-15,724,N21,VIIRS,l,2.0NRT,316.44,5.66,D
27.09615,83.53269,345.35,0.42,0.38,2026-04-15,724,N21,VIIRS,n,2.0NRT,311.39,6.19,D
27.09669,83.5151,346.31,0.42,0.38,2026-04-15,724,N21,VIIRS,l,2.0NRT,311.67,9.81,D
27.09939,83.51015,347.79,0.42,0.38,2026-04-15,724,N21,VIIRS,l,2.0NRT,315.77,9.81,D
27.10011,83.51437,351.22,0.42,0.38,2026-04-15,724,N21,VIIRS,l,2.0NRT,314.87,9.81,D
27.10192,82.72646,344.35,0.45,0.39,2026-04-15,724,N21,VIIRS,n,2.0NRT,314.06,4.83,D
27.10326,84.76613,337.58,0.39,0.37,2026-04-15,724,N21,VIIRS,l,2.0NRT,310.9,5.2,D
27.10765,82.69712,347.06,0.46,0.39,2026-04-15,724,N21,VIIRS,n,2.0NRT,315.94,6.55,D
27.10846,82.70163,341.18,0.45,0.39,2026-04-15,724,N21,VIIRS,l,2.0NRT,314.15,6.55,D
27.11118,82.69634,341.37,0.46,0.39,2026-04-15,724,N21,VIIRS,l,2.0NRT,315.37,6.55,D
27.11402,84.91756,330.39,0.39,0.36,2026-04-15,724,N21,VIIRS,l,2.0NRT,304.83,2.02,D
27.11588,82.62005,353.2,0.46,0.39,2026-04-15,724,N21,VIIRS,n,2.0NRT,317.66,9.59,D
27.11669,82.6246,348.56,0.46,0.39,2026-04-15,724,N21,VIIRS,n,2.0NRT,317.68,9.59,D
27.12133,82.60941,344.66,0.46,0.39,2026-04-15,724,N21,VIIRS,n,2.0NRT,315.32,6,D
27.12288,82.6797,350.36,0.46,0.39,2026-04-15,724,N21,VIIRS,l,2.0NRT,316.13,9.66,D
27.12329,84.55536,333.56,0.4,0.37,2026-04-15,724,N21,VIIRS,l,2.0NRT,306.91,1.92,D
27.12474,84.81541,342.71,0.39,0.36,2026-04-15,724,N21,VIIRS,n,2.0NRT,306.73,3.32,D
27.12972,83.38131,342.09,0.43,0.38,2026-04-15,724,N21,VIIRS,l,2.0NRT,314.06,8.78,D
27.13095,83.09971,348.54,0.44,0.38,2026-04-15,724,N21,VIIRS,l,2.0NRT,317.95,15.04,D
27.13291,83.09025,346.97,0.44,0.38,2026-04-15,724,N21,VIIRS,l,2.0NRT,314.64,7,D
27.13518,83.10331,345.6,0.44,0.38,2026-04-15,724,N21,VIIRS,l,2.0NRT,319.09,12.76,D
27.13638,83.08949,344.4,0.44,0.38,2026-04-15,724,N21,VIIRS,l,2.0NRT,317.27,7,D
27.13789,83.0982,349.66,0.44,0.38,2026-04-15,724,N21,VIIRS,l,2.0NRT,318.66,16.13,D
27.13941,83.10691,345.64,0.44,0.38,2026-04-15,724,N21,VIIRS,l,2.0NRT,317.75,12.76,D
27.14129,80.56345,352.78,0.38,0.44,2026-04-15,724,N21,VIIRS,n,2.0NRT,313.82,11.56,D
27.14146,82.82477,348.83,0.45,0.39,2026-04-15,724,N21,VIIRS,l,2.0NRT,319.11,19.95,D
27.14151,83.44923,367,0.43,0.38,2026-04-15,724,N21,VIIRS,h,2.0NRT,310.68,18.4,D
27.14288,83.10616,352.45,0.44,0.38,2026-04-15,724,N21,VIIRS,l,2.0NRT,324.1,16.44,D
27.14423,83.05154,346.04,0.44,0.38,2026-04-15,724,N21,VIIRS,l,2.0NRT,318.29,14.2,D
27.1456,83.10105,344.44,0.44,0.38,2026-04-15,724,N21,VIIRS,l,2.0NRT,317.75,16.44,D
27.14756,83.09158,355.1,0.44,0.38,2026-04-15,724,N21,VIIRS,l,2.0NRT,319.46,40.48,D
27.14847,83.08845,344.55,0.44,0.38,2026-04-15,724,N21,VIIRS,l,2.0NRT,318.41,24.32,D
27.14877,83.07774,341.91,0.44,0.38,2026-04-15,724,N21,VIIRS,l,2.0NRT,315.05,6.43,D
27.14924,83.0928,349.12,0.44,0.38,2026-04-15,724,N21,VIIRS,l,2.0NRT,318.63,31.27,D
27.14952,83.08211,349.51,0.44,0.38,2026-04-15,724,N21,VIIRS,l,2.0NRT,317.11,16.77,D
27.15206,83.90397,335,0.41,0.37,2026-04-15,724,N21,VIIRS,l,2.0NRT,308.54,2.97,D
27.15779,84.70331,337.9,0.4,0.37,2026-04-15,724,N21,VIIRS,l,2.0NRT,310.2,2.59,D
27.16351,83.11227,351.73,0.44,0.38,2026-04-15,724,N21,VIIRS,l,2.0NRT,315.7,14.99,D
27.16686,84.84328,337.14,0.39,0.36,2026-04-15,724,N21,VIIRS,n,2.0NRT,306.22,7.51,D
27.16759,83.51805,342.85,0.42,0.38,2026-04-15,724,N21,VIIRS,l,2.0NRT,317.24,15.7,D
27.16851,82.52921,348.17,0.46,0.39,2026-04-15,724,N21,VIIRS,n,2.0NRT,317.93,9.35,D
27.17049,83.02931,367,0.44,0.38,2026-04-15,724,N21,VIIRS,h,2.0NRT,316.56,9.72,D
27.17206,82.52842,355.88,0.46,0.39,2026-04-15,724,N21,VIIRS,n,2.0NRT,317.01,18.82,D
27.17804,83.53764,344.85,0.42,0.38,2026-04-15,724,N21,VIIRS,l,2.0NRT,314.24,5.62,D
27.18001,83.52848,345.13,0.42,0.38,2026-04-15,724,N21,VIIRS,l,2.0NRT,314.14,6.68,D
27.18074,83.53269,337.2,0.42,0.38,2026-04-15,724,N21,VIIRS,l,2.0NRT,311.04,6.68,D
27.18309,83.56703,338.72,0.42,0.38,2026-04-15,724,N21,VIIRS,l,2.0NRT,312.67,5.85,D
27.18508,84.78703,334.22,0.39,0.36,2026-04-15,724,N21,VIIRS,n,2.0NRT,303.85,6.82,D
27.1852,82.90738,340.67,0.45,0.39,2026-04-15,724,N21,VIIRS,l,2.0NRT,314.14,9.45,D
27.18671,83.0394,339.02,0.44,0.38,2026-04-15,724,N21,VIIRS,l,2.0NRT,310.76,2.98,D
27.18751,83.00285,344.87,0.44,0.38,2026-04-15,724,N21,VIIRS,l,2.0NRT,317.49,6.8,D
27.18828,83.00724,345.46,0.44,0.38,2026-04-15,724,N21,VIIRS,l,2.0NRT,315.01,6.8,D
27.19403,86.43563,331.38,0.39,0.36,2026-04-15,724,N21,VIIRS,n,2.0NRT,298.93,2.43,D
27.19625,84.62626,335.63,0.4,0.37,2026-04-15,724,N21,VIIRS,l,2.0NRT,307.91,3.54,D
27.19638,83.52063,342.21,0.42,0.38,2026-04-15,724,N21,VIIRS,l,2.0NRT,316.53,10.4,D
27.19908,82.34963,337.93,0.47,0.4,2026-04-15,724,N21,VIIRS,l,2.0NRT,310.92,4.43,D
27.20574,82.96239,342.17,0.44,0.39,2026-04-15,724,N21,VIIRS,l,2.0NRT,313.91,4.89,D
27.20679,82.57764,344,0.46,0.39,2026-04-15,724,N21,VIIRS,l,2.0NRT,318.1,12.87,D
27.20821,84.36532,338.36,0.4,0.37,2026-04-15,724,N21,VIIRS,n,2.0NRT,309.25,3.16,D
27.21348,83.51697,345.88,0.42,0.38,2026-04-15,724,N21,VIIRS,n,2.0NRT,312.46,10,D
27.21739,82.94613,338.33,0.44,0.39,2026-04-15,724,N21,VIIRS,l,2.0NRT,312.97,8.26,D
27.22026,84.8568,335.84,0.39,0.36,2026-04-15,724,N21,VIIRS,n,2.0NRT,305.53,4.55,D
27.22395,82.96297,341.76,0.44,0.39,2026-04-15,724,N21,VIIRS,l,2.0NRT,314.25,7.2,D
27.22478,82.92621,356.08,0.44,0.39,2026-04-15,724,N21,VIIRS,n,2.0NRT,316.5,19,D
27.22559,83.96093,346.95,0.41,0.37,2026-04-15,724,N21,VIIRS,n,2.0NRT,313.19,5.28,D
27.22896,83.96022,346.97,0.41,0.37,2026-04-15,724,N21,VIIRS,n,2.0NRT,309.48,5.28,D
27.23025,82.54401,346.81,0.46,0.39,2026-04-15,724,N21,VIIRS,n,2.0NRT,315.22,4.02,D
27.2303,83.06162,345.11,0.44,0.38,2026-04-15,724,N21,VIIRS,l,2.0NRT,316.07,15.67,D
27.23848,83.15002,341.24,0.44,0.38,2026-04-15,724,N21,VIIRS,l,2.0NRT,315.25,5.66,D
27.23861,84.78025,332.31,0.39,0.36,2026-04-15,724,N21,VIIRS,l,2.0NRT,303.73,2.87,D
27.2399,82.65984,344.95,0.46,0.39,2026-04-15,724,N21,VIIRS,l,2.0NRT,314.26,5.07,D
27.24269,83.1536,342.83,0.44,0.38,2026-04-15,724,N21,VIIRS,l,2.0NRT,311.72,8.94,D
27.24465,83.1442,346.54,0.44,0.38,2026-04-15,724,N21,VIIRS,n,2.0NRT,314.47,10.09,D
27.24805,84.85925,347.3,0.39,0.36,2026-04-15,724,N21,VIIRS,n,2.0NRT,303.38,6.12,D
27.24928,85.08031,336.61,0.39,0.36,2026-04-15,724,N21,VIIRS,n,2.0NRT,302.84,2.19,D
27.25037,83.15643,339.84,0.44,0.38,2026-04-15,724,N21,VIIRS,l,2.0NRT,311.07,6.32,D
27.25238,82.89378,347.96,0.45,0.39,2026-04-15,724,N21,VIIRS,l,2.0NRT,314.87,6.29,D
27.25473,82.90701,348.19,0.44,0.39,2026-04-15,724,N21,VIIRS,n,2.0NRT,313.29,10.82,D
27.2548,82.9482,348.04,0.44,0.39,2026-04-15,724,N21,VIIRS,l,2.0NRT,319.14,9.7,D
27.2572,82.5712,343.3,0.46,0.39,2026-04-15,724,N21,VIIRS,n,2.0NRT,311.77,9.69,D
27.25815,82.86492,341.42,0.45,0.39,2026-04-15,724,N21,VIIRS,l,2.0NRT,313.28,5.32,D
27.25906,83.18594,339.21,0.43,0.38,2026-04-15,724,N21,VIIRS,l,2.0NRT,310.19,5.14,D
27.2707,82.97665,337.72,0.44,0.38,2026-04-15,724,N21,VIIRS,l,2.0NRT,312.56,7.49,D
27.27185,84.3813,335.01,0.4,0.37,2026-04-15,724,N21,VIIRS,l,2.0NRT,307.32,2.78,D
27.27316,82.52146,338.93,0.46,0.39,2026-04-15,724,N21,VIIRS,l,2.0NRT,313.45,6.1,D
27.27323,84.84614,342.4,0.39,0.36,2026-04-15,724,N21,VIIRS,n,2.0NRT,304.08,3.81,D
27.27637,83.19203,342.16,0.43,0.38,2026-04-15,724,N21,VIIRS,l,2.0NRT,312.63,4.25,D
27.27671,82.52068,339.62,0.46,0.39,2026-04-15,724,N21,VIIRS,l,2.0NRT,313.88,6.1,D
27.27783,83.19081,338.84,0.43,0.38,2026-04-15,724,N21,VIIRS,l,2.0NRT,313.46,5.26,D
27.27912,83.14663,348.26,0.44,0.38,2026-04-15,724,N21,VIIRS,n,2.0NRT,315.6,8.78,D
27.28441,84.852,333.72,0.39,0.36,2026-04-15,724,N21,VIIRS,n,2.0NRT,303.17,3.2,D
27.2862,86.03584,331.37,0.38,0.36,2026-04-15,724,N21,VIIRS,l,2.0NRT,301.45,3.72,D
27.28679,86.03968,335.92,0.38,0.36,2026-04-15,724,N21,VIIRS,n,2.0NRT,303.63,3.72,D
27.28709,84.84742,334.09,0.39,0.36,2026-04-15,724,N21,VIIRS,n,2.0NRT,303.48,3.44,D
27.29091,82.51754,346.62,0.46,0.39,2026-04-15,724,N21,VIIRS,n,2.0NRT,316.8,7.77,D
27.29152,84.87485,330.55,0.39,0.36,2026-04-15,724,N21,VIIRS,l,2.0NRT,302.33,3.77,D
27.29813,84.87354,340.96,0.39,0.36,2026-04-15,724,N21,VIIRS,n,2.0NRT,302.67,4.85,D
27.29894,82.99326,355.25,0.44,0.38,2026-04-15,724,N21,VIIRS,l,2.0NRT,316.46,10.47,D
27.29936,82.93387,352.62,0.44,0.39,2026-04-15,724,N21,VIIRS,n,2.0NRT,319.65,12.66,D
27.30013,82.93828,341.29,0.44,0.39,2026-04-15,724,N21,VIIRS,l,2.0NRT,310.59,12.66,D
27.30143,84.87288,336.22,0.39,0.36,2026-04-15,724,N21,VIIRS,n,2.0NRT,303.13,4.79,D
27.30166,82.98811,343.47,0.44,0.38,2026-04-15,724,N21,VIIRS,l,2.0NRT,313,10.47,D
27.30186,84.81212,336.06,0.39,0.36,2026-04-15,724,N21,VIIRS,n,2.0NRT,304.07,2.48,D
27.30285,82.93311,348.83,0.44,0.39,2026-04-15,724,N21,VIIRS,n,2.0NRT,323.07,56.89,D
27.30474,84.87222,346.57,0.39,0.36,2026-04-15,724,N21,VIIRS,n,2.0NRT,304.16,4.79,D
27.30514,82.98735,348.62,0.44,0.38,2026-04-15,724,N21,VIIRS,l,2.0NRT,311.67,3.42,D
27.30605,83.13631,367,0.44,0.38,2026-04-15,724,N21,VIIRS,h,2.0NRT,317.71,19.23,D
27.30804,84.87155,340.74,0.39,0.36,2026-04-15,724,N21,VIIRS,n,2.0NRT,302.09,3.79,D
27.30857,83.02748,348.68,0.44,0.38,2026-04-15,724,N21,VIIRS,l,2.0NRT,313.2,9.04,D
27.30867,84.87547,336.27,0.39,0.36,2026-04-15,724,N21,VIIRS,n,2.0NRT,304.21,3.79,D
27.3091,84.81472,330.96,0.39,0.36,2026-04-15,724,N21,VIIRS,l,2.0NRT,303.75,4.45,D
27.30993,84.88331,337.81,0.39,0.36,2026-04-15,724,N21,VIIRS,n,2.0NRT,303.9,4.64,D
27.31114,84.8062,331.37,0.39,0.36,2026-04-15,724,N21,VIIRS,l,2.0NRT,302.88,3.4,D
27.31261,84.87873,339.39,0.39,0.36,2026-04-15,724,N21,VIIRS,n,2.0NRT,303.91,4.64,D
27.31324,84.88265,347.57,0.39,0.36,2026-04-15,724,N21,VIIRS,n,2.0NRT,304.04,4.64,D
27.31445,84.80553,333.02,0.39,0.36,2026-04-15,724,N21,VIIRS,n,2.0NRT,302.67,3.4,D
27.31568,82.8615,339.26,0.45,0.39,2026-04-15,724,N21,VIIRS,l,2.0NRT,312.81,4.32,D
27.31591,84.87807,333.56,0.39,0.36,2026-04-15,724,N21,VIIRS,n,2.0NRT,302.79,5.4,D
27.31593,83.00773,339.07,0.44,0.38,2026-04-15,724,N21,VIIRS,l,2.0NRT,313.95,4.06,D
27.31654,84.88199,337.13,0.39,0.36,2026-04-15,724,N21,VIIRS,n,2.0NRT,302.57,5.4,D
27.31669,83.0121,346.66,0.44,0.38,2026-04-15,724,N21,VIIRS,l,2.0NRT,315.92,5.65,D
27.31689,84.50773,339.4,0.4,0.37,2026-04-15,724,N21,VIIRS,n,2.0NRT,302.35,4.13,D
27.31746,83.01647,337.89,0.44,0.38,2026-04-15,724,N21,VIIRS,l,2.0NRT,310.56,5.65,D
27.31956,84.69096,334.26,0.39,0.37,2026-04-15,724,N21,VIIRS,l,2.0NRT,306.44,3.6,D
27.32008,84.54802,340.26,0.4,0.37,2026-04-15,724,N21,VIIRS,n,2.0NRT,303.98,4.83,D
27.32074,84.55198,335.31,0.4,0.37,2026-04-15,724,N21,VIIRS,n,2.0NRT,303.4,2.98,D
27.32108,83.11954,367,0.44,0.38,2026-04-15,724,N21,VIIRS,h,2.0NRT,315.51,21.59,D
27.32266,84.85651,331.16,0.39,0.36,2026-04-15,724,N21,VIIRS,l,2.0NRT,302.73,2.62,D
27.32341,84.54734,333.2,0.4,0.37,2026-04-15,724,N21,VIIRS,n,2.0NRT,302.19,1.95,D
27.32423,82.86882,343.48,0.45,0.39,2026-04-15,724,N21,VIIRS,n,2.0NRT,313.82,6.19,D
27.32597,84.85584,331.41,0.39,0.36,2026-04-15,724,N21,VIIRS,l,2.0NRT,301.91,2.61,D
27.32998,82.92258,349.94,0.44,0.39,2026-04-15,724,N21,VIIRS,n,2.0NRT,315.09,9.22,D
27.33045,82.86285,344.3,0.45,0.39,2026-04-15,724,N21,VIIRS,n,2.0NRT,313.76,5.94,D
27.33122,82.86729,339.59,0.45,0.39,2026-04-15,724,N21,VIIRS,l,2.0NRT,313.8,5.94,D
27.33126,82.86367,354.81,0.45,0.39,2026-04-15,724,N21,VIIRS,n,2.0NRT,315.01,11.52,D
27.33557,84.89438,336.96,0.39,0.36,2026-04-15,724,N21,VIIRS,n,2.0NRT,304.21,4.18,D
27.34306,83.10129,345.11,0.44,0.38,2026-04-15,724,N21,VIIRS,n,2.0NRT,311.85,12.04,D
27.34381,83.10562,337.62,0.44,0.38,2026-04-15,724,N21,VIIRS,l,2.0NRT,310.19,4.13,D
27.34399,83.39471,340.64,0.43,0.38,2026-04-15,724,N21,VIIRS,l,2.0NRT,313.43,4.76,D
27.34533,84.82777,330.79,0.39,0.36,2026-04-15,724,N21,VIIRS,l,2.0NRT,303.11,4.95,D
27.35198,82.91872,348.76,0.44,0.39,2026-04-15,724,N21,VIIRS,l,2.0NRT,316.2,22.4,D
27.3527,83.09469,351.61,0.44,0.38,2026-04-15,724,N21,VIIRS,n,2.0NRT,313.94,19.49,D
27.35427,83.39249,342.43,0.43,0.38,2026-04-15,724,N21,VIIRS,l,2.0NRT,309.18,7.05,D
27.35499,84.16183,334.18,0.4,0.37,2026-04-15,724,N21,VIIRS,l,2.0NRT,306.15,4.11,D
27.35742,82.55962,347.37,0.46,0.39,2026-04-15,724,N21,VIIRS,n,2.0NRT,316.53,24.25,D
27.36468,82.60047,339.11,0.46,0.39,2026-04-15,724,N21,VIIRS,l,2.0NRT,313.68,17.12,D
27.36578,83.37682,336.39,0.43,0.38,2026-04-15,724,N21,VIIRS,l,2.0NRT,310.57,3.34,D
27.36764,83.49036,336.84,0.42,0.38,2026-04-15,724,N21,VIIRS,l,2.0NRT,310.91,16.41,D
27.36804,82.66075,344.93,0.45,0.39,2026-04-15,724,N21,VIIRS,l,2.0NRT,316.69,13.59,D
27.37236,82.66447,339.53,0.45,0.39,2026-04-15,724,N21,VIIRS,l,2.0NRT,313.46,3.91,D
27.37375,83.04128,342.25,0.44,0.38,2026-04-15,724,N21,VIIRS,l,2.0NRT,312.15,5.79,D
27.37725,82.73337,344.41,0.45,0.39,2026-04-15,724,N21,VIIRS,l,2.0NRT,317.93,9.01,D
27.37873,82.92658,352.15,0.44,0.39,2026-04-15,724,N21,VIIRS,l,2.0NRT,329.18,61.62,D
27.38299,82.93021,347.1,0.44,0.39,2026-04-15,724,N21,VIIRS,n,2.0NRT,318,13.03,D
27.38593,82.78247,347.82,0.45,0.39,2026-04-15,724,N21,VIIRS,n,2.0NRT,319.83,11.63,D
27.39435,82.60538,346.46,0.46,0.39,2026-04-15,724,N21,VIIRS,n,2.0NRT,317.6,9.03,D
27.39788,82.6046,349.8,0.46,0.39,2026-04-15,724,N21,VIIRS,n,2.0NRT,319.13,10.15,D
27.40037,82.8024,349.01,0.45,0.39,2026-04-15,724,N21,VIIRS,l,2.0NRT,317.69,17.51,D
27.4039,82.92563,346.33,0.44,0.39,2026-04-15,724,N21,VIIRS,l,2.0NRT,313.28,7.83,D
27.40916,83.46399,341.42,0.42,0.38,2026-04-15,724,N21,VIIRS,l,2.0NRT,310.25,14.73,D
27.40988,83.46821,344.51,0.42,0.38,2026-04-15,724,N21,VIIRS,l,2.0NRT,311.67,14.73,D
27.41186,83.45905,338.62,0.42,0.38,2026-04-15,724,N21,VIIRS,l,2.0NRT,310.45,12.68,D
27.41202,78.35152,343.9,0.51,0.49,2026-04-15,724,N21,VIIRS,n,2.0NRT,316.62,16.41,D
27.41743,83.47095,349.83,0.42,0.38,2026-04-15,724,N21,VIIRS,l,2.0NRT,311.54,8.5,D
27.43509,83.47211,335.92,0.42,0.38,2026-04-15,724,N21,VIIRS,l,2.0NRT,307.75,7.01,D
27.43523,83.47151,337.34,0.42,0.38,2026-04-15,724,N21,VIIRS,l,2.0NRT,308.29,6.77,D
27.43997,83.4798,341.39,0.42,0.38,2026-04-15,724,N21,VIIRS,n,2.0NRT,308.22,5.13,D
27.44561,84.43729,338.64,0.4,0.37,2026-04-15,724,N21,VIIRS,n,2.0NRT,303.32,4.95,D
27.45008,83.23099,339.93,0.43,0.38,2026-04-15,724,N21,VIIRS,l,2.0NRT,313.66,7.87,D
27.45427,83.23453,350.73,0.43,0.38,2026-04-15,724,N21,VIIRS,l,2.0NRT,313.74,10.98,D
27.45829,84.43073,333.96,0.4,0.37,2026-04-15,724,N21,VIIRS,n,2.0NRT,302.47,3.96,D
27.45895,84.43476,345.73,0.4,0.37,2026-04-15,724,N21,VIIRS,n,2.0NRT,303.61,6.29,D
27.46753,82.64545,344.69,0.45,0.39,2026-04-15,724,N21,VIIRS,n,2.0NRT,317.62,8.78,D
27.47647,83.07307,339.33,0.44,0.38,2026-04-15,724,N21,VIIRS,l,2.0NRT,313.66,10.34,D
27.47722,83.0774,356.04,0.44,0.38,2026-04-15,724,N21,VIIRS,n,2.0NRT,316.38,15.12,D
27.47835,83.07437,348.32,0.44,0.38,2026-04-15,724,N21,VIIRS,l,2.0NRT,311.98,14.07,D
27.47845,83.91444,333.2,0.41,0.37,2026-04-15,724,N21,VIIRS,l,2.0NRT,304.16,2.88,D
27.49927,83.24701,348.7,0.43,0.38,2026-04-15,724,N21,VIIRS,l,2.0NRT,314.72,20.37,D
27.50349,84.79235,343.3,0.39,0.36,2026-04-15,724,N21,VIIRS,n,2.0NRT,303.73,6.11,D
27.50742,84.79558,335.94,0.39,0.36,2026-04-15,724,N21,VIIRS,n,2.0NRT,302.36,4.51,D
27.52271,84.67891,333.43,0.39,0.36,2026-04-15,724,N21,VIIRS,n,2.0NRT,303.17,2.62,D
27.52602,84.67822,330.37,0.39,0.36,2026-04-15,724,N21,VIIRS,n,2.0NRT,301.53,2.62,D
27.54266,82.61574,345.93,0.45,0.39,2026-04-15,724,N21,VIIRS,n,2.0NRT,316.54,6.67,D
27.5567,82.96684,341.13,0.44,0.38,2026-04-15,724,N21,VIIRS,l,2.0NRT,311.02,15.48,D
27.5603,82.71443,337.95,0.45,0.39,2026-04-15,724,N21,VIIRS,n,2.0NRT,310.4,2.42,D
27.56317,84.44598,331.23,0.4,0.37,2026-04-15,724,N21,VIIRS,n,2.0NRT,299.67,1.58,D
27.57438,85.00083,353.9,0.39,0.36,2026-04-15,724,N21,VIIRS,n,2.0NRT,301.45,10.21,D
27.58678,82.69932,337.26,0.45,0.39,2026-04-15,724,N21,VIIRS,n,2.0NRT,309.06,4.91,D
27.63153,83.91728,343.69,0.41,0.37,2026-04-15,724,N21,VIIRS,n,2.0NRT,301.81,3.7,D
27.64774,82.5703,331.73,0.45,0.39,2026-04-15,724,N21,VIIRS,l,2.0NRT,305.4,1.61,D
27.65348,82.54091,332.72,0.45,0.39,2026-04-15,724,N21,VIIRS,l,2.0NRT,307.59,3.63,D
27.66135,82.5439,346.44,0.45,0.39,2026-04-15,724,N21,VIIRS,n,2.0NRT,309.89,7.82,D
27.66407,82.5386,336.65,0.45,0.39,2026-04-15,724,N21,VIIRS,l,2.0NRT,308.07,3.99,D
27.66599,82.52879,335.03,0.46,0.39,2026-04-15,724,N21,VIIRS,l,2.0NRT,308.11,2.71,D
27.67395,82.47038,334.7,0.46,0.39,2026-04-15,724,N21,VIIRS,l,2.0NRT,309.64,2.46,D
27.67739,82.53102,367,0.46,0.39,2026-04-15,724,N21,VIIRS,h,2.0NRT,311.56,7.47,D
27.68089,83.79652,350.64,0.41,0.37,2026-04-15,724,N21,VIIRS,n,2.0NRT,303.56,12.09,D
27.68093,82.53026,336.53,0.46,0.39,2026-04-15,724,N21,VIIRS,n,2.0NRT,308.93,7.47,D
27.68173,82.53481,348.71,0.45,0.39,2026-04-15,724,N21,VIIRS,n,2.0NRT,309.08,7.47,D
27.69385,82.64439,348.46,0.45,0.39,2026-04-15,724,N21,VIIRS,n,2.0NRT,313.05,23.72,D
27.69476,82.44247,339.83,0.46,0.39,2026-04-15,724,N21,VIIRS,l,2.0NRT,312.06,6.77,D
27.6973,83.83185,337.4,0.41,0.37,2026-04-15,724,N21,VIIRS,l,2.0NRT,303.12,6.06,D
27.69853,82.85562,346.77,0.44,0.38,2026-04-15,724,N21,VIIRS,n,2.0NRT,307.51,6.9,D
27.70576,83.44311,334.03,0.42,0.38,2026-04-15,724,N21,VIIRS,n,2.0NRT,301.66,3.26,D
27.70667,82.47132,337.39,0.46,0.39,2026-04-15,724,N21,VIIRS,n,2.0NRT,308.58,3.91,D
27.70849,82.74783,342.02,0.45,0.39,2026-04-15,724,N21,VIIRS,n,2.0NRT,306.17,3.93,D
27.70879,82.68769,339.78,0.45,0.39,2026-04-15,724,N21,VIIRS,n,2.0NRT,306.71,6.11,D
27.712,82.74712,332.63,0.45,0.39,2026-04-15,724,N21,VIIRS,l,2.0NRT,306.14,3.93,D
27.7198,82.75015,331.64,0.45,0.39,2026-04-15,724,N21,VIIRS,l,2.0NRT,305.7,4.35,D
27.72254,82.74508,335.96,0.45,0.39,2026-04-15,724,N21,VIIRS,l,2.0NRT,307.66,4.83,D
27.72606,82.74448,343.3,0.45,0.39,2026-04-15,724,N21,VIIRS,n,2.0NRT,309.38,4.83,D
27.72684,82.74893,333.46,0.45,0.39,2026-04-15,724,N21,VIIRS,l,2.0NRT,307.28,4.83,D
27.72814,84.47471,342.83,0.4,0.37,2026-04-15,724,N21,VIIRS,n,2.0NRT,301.85,4.11,D
27.73089,83.27954,331.43,0.43,0.38,2026-04-15,724,N21,VIIRS,l,2.0NRT,303.64,3.44,D
27.74211,82.81533,335.42,0.44,0.39,2026-04-15,724,N21,VIIRS,l,2.0NRT,305.7,5.22,D
27.74288,82.81976,333.37,0.44,0.39,2026-04-15,724,N21,VIIRS,l,2.0NRT,305.56,5.22,D
27.74977,84.314,331.73,0.4,0.37,2026-04-15,724,N21,VIIRS,l,2.0NRT,303.04,3.02,D
27.75105,82.94913,345.15,0.44,0.38,2026-04-15,724,N21,VIIRS,n,2.0NRT,304.58,6.51,D
27.75311,84.31335,335.62,0.4,0.37,2026-04-15,724,N21,VIIRS,n,2.0NRT,303.82,3.02,D
27.75375,84.31728,330.31,0.4,0.37,2026-04-15,724,N21,VIIRS,l,2.0NRT,303.76,4.82,D
27.76263,82.43481,332.2,0.46,0.39,2026-04-15,724,N21,VIIRS,l,2.0NRT,305.39,3.48,D
27.7725,85.06517,332.27,0.39,0.36,2026-04-15,724,N21,VIIRS,l,2.0NRT,303.47,3.9,D
27.77311,83.98318,333.76,0.41,0.37,2026-04-15,724,N21,VIIRS,l,2.0NRT,304.36,2.99,D
27.78184,84.97469,331.07,0.39,0.36,2026-04-15,724,N21,VIIRS,n,2.0NRT,300.51,2.86,D
27.78235,85.19121,333.06,0.39,0.36,2026-04-15,724,N21,VIIRS,l,2.0NRT,305.69,3.1,D
27.79138,82.35448,331.7,0.46,0.39,2026-04-15,724,N21,VIIRS,l,2.0NRT,306.61,6.15,D
27.80251,82.76175,341.36,0.44,0.39,2026-04-15,724,N21,VIIRS,n,2.0NRT,307.21,9.46,D
27.80329,82.76616,332.92,0.44,0.39,2026-04-15,724,N21,VIIRS,n,2.0NRT,305.02,7.31,D
27.80745,82.87144,332.56,0.44,0.38,2026-04-15,724,N21,VIIRS,l,2.0NRT,304.89,3.25,D
27.80824,82.87591,336.13,0.44,0.38,2026-04-15,724,N21,VIIRS,n,2.0NRT,304.68,5.03,D
27.8162,84.93204,335.33,0.39,0.36,2026-04-15,724,N21,VIIRS,n,2.0NRT,305.02,3.24,D
27.84374,81.69428,342.98,0.49,0.4,2026-04-15,724,N21,VIIRS,l,2.0NRT,315.72,11.14,D
27.84739,81.69344,349.06,0.49,0.4,2026-04-15,724,N21,VIIRS,n,2.0NRT,322.32,33.35,D
27.85726,82.92941,336.65,0.44,0.38,2026-04-15,724,N21,VIIRS,l,2.0NRT,304.69,5.52,D
27.86043,82.7366,335.29,0.44,0.39,2026-04-15,724,N21,VIIRS,l,2.0NRT,306.42,4.34,D
27.87984,81.97306,338.84,0.48,0.4,2026-04-15,724,N21,VIIRS,l,2.0NRT,310.96,12.77,D
27.88397,82.82786,336.77,0.44,0.38,2026-04-15,724,N21,VIIRS,l,2.0NRT,305.98,4.47,D
27.88776,84.61411,348.06,0.39,0.36,2026-04-15,724,N21,VIIRS,n,2.0NRT,306.63,6.83,D
27.89509,81.12868,337.21,0.52,0.42,2026-04-15,724,N21,VIIRS,n,2.0NRT,311.23,11.55,D
27.89531,81.7891,339.66,0.49,0.4,2026-04-15,724,N21,VIIRS,l,2.0NRT,312.53,5.51,D
27.91835,83.82467,342.76,0.41,0.37,2026-04-15,724,N21,VIIRS,n,2.0NRT,302.35,5.92,D
27.92525,83.71284,333.72,0.41,0.37,2026-04-15,724,N21,VIIRS,l,2.0NRT,304.16,6.33,D
27.93467,82.64322,338.71,0.45,0.39,2026-04-15,724,N21,VIIRS,n,2.0NRT,307.11,6.6,D
27.93592,82.52589,346.82,0.45,0.39,2026-04-15,724,N21,VIIRS,n,2.0NRT,311.12,4.87,D
27.93757,82.88612,342.24,0.44,0.38,2026-04-15,724,N21,VIIRS,n,2.0NRT,307.93,4.93,D
27.93783,82.51621,338.01,0.45,0.39,2026-04-15,724,N21,VIIRS,l,2.0NRT,310.45,4.84,D
27.93869,82.52093,337.66,0.45,0.39,2026-04-15,724,N21,VIIRS,l,2.0NRT,308.36,4.84,D
27.93949,82.52541,341.12,0.45,0.39,2026-04-15,724,N21,VIIRS,n,2.0NRT,309.37,8.27,D
27.93953,82.60871,334.17,0.45,0.39,2026-04-15,724,N21,VIIRS,n,2.0NRT,308.75,3.24,D
27.94704,82.42493,340.78,0.46,0.39,2026-04-15,724,N21,VIIRS,n,2.0NRT,309.82,4.33,D
27.95104,82.30396,342.95,0.46,0.39,2026-04-15,724,N21,VIIRS,n,2.0NRT,309.84,4.62,D
27.95191,82.30877,340.53,0.46,0.39,2026-04-15,724,N21,VIIRS,n,2.0NRT,311.94,4.62,D
27.96287,82.55375,334.2,0.45,0.39,2026-04-15,724,N21,VIIRS,l,2.0NRT,308.43,3.99,D
27.96393,82.53931,351.04,0.45,0.39,2026-04-15,724,N21,VIIRS,n,2.0NRT,314.91,34.97,D
27.96657,82.59474,339.91,0.45,0.39,2026-04-15,724,N21,VIIRS,n,2.0NRT,306,3.89,D
27.96778,82.23232,333.1,0.46,0.39,2026-04-15,724,N21,VIIRS,l,2.0NRT,307.03,2.06,D
27.96824,82.35871,344.33,0.46,0.39,2026-04-15,724,N21,VIIRS,n,2.0NRT,309.3,5,D
27.99401,81.68968,346.03,0.49,0.4,2026-04-15,724,N21,VIIRS,n,2.0NRT,311.08,3.62,D
27.9941,81.68784,342.46,0.49,0.4,2026-04-15,724,N21,VIIRS,n,2.0NRT,310.03,3.59,D
28.00212,81.89796,340.99,0.48,0.4,2026-04-15,724,N21,VIIRS,n,2.0NRT,310.68,5.85,D
28.01389,83.26331,334.44,0.42,0.38,2026-04-15,724,N21,VIIRS,n,2.0NRT,302.78,2.87,D
28.01535,84.89623,331.53,0.39,0.36,2026-04-15,724,N21,VIIRS,n,2.0NRT,298.07,2.58,D
28.01592,82.09733,338.64,0.47,0.4,2026-04-15,724,N21,VIIRS,n,2.0NRT,309.65,7.28,D
28.03972,83.57841,336.95,0.41,0.37,2026-04-15,724,N21,VIIRS,n,2.0NRT,305,5.78,D
28.05654,83.88238,330.15,0.41,0.37,2026-04-15,724,N21,VIIRS,l,2.0NRT,299.67,2.38,D
28.09218,84.7366,335.01,0.39,0.36,2026-04-15,724,N21,VIIRS,n,2.0NRT,297.77,3.61,D
28.10634,83.97235,337.08,0.4,0.37,2026-04-15,724,N21,VIIRS,n,2.0NRT,298.73,6.26,D
28.11047,82.09513,338.34,0.47,0.4,2026-04-15,724,N21,VIIRS,n,2.0NRT,305.76,3.96,D
28.11129,82.09966,337.24,0.47,0.4,2026-04-15,724,N21,VIIRS,n,2.0NRT,307.26,4.53,D
28.12936,84.54561,334.44,0.39,0.36,2026-04-15,724,N21,VIIRS,n,2.0NRT,298.11,2.64,D
28.16012,84.69382,330.33,0.39,0.36,2026-04-15,724,N21,VIIRS,n,2.0NRT,297.42,3.22,D
28.18991,83.382,330.45,0.42,0.38,2026-04-15,724,N21,VIIRS,n,2.0NRT,297.45,5.18,D
28.27673,83.60236,339.67,0.41,0.37,2026-04-15,724,N21,VIIRS,l,2.0NRT,304.79,10.29,D
28.29002,83.30641,336.26,0.42,0.38,2026-04-15,724,N21,VIIRS,n,2.0NRT,298.47,4.07,D
28.29352,83.30617,331.28,0.42,0.38,2026-04-15,724,N21,VIIRS,n,2.0NRT,296.68,4.07,D
26.2158,71.45775,338.97,0.71,0.75,2026-04-15,726,N21,VIIRS,n,2.0NRT,307.55,29.26,D
27.06113,74.90154,336.16,0.42,0.61,2026-04-15,726,N21,VIIRS,l,2.0NRT,310.73,2.82,D
27.25191,71.14651,340.13,0.7,0.75,2026-04-15,726,N21,VIIRS,l,2.0NRT,312.2,12.18,D
27.62597,78.32196,339.73,0.51,0.49,2026-04-15,726,N21,VIIRS,n,2.0NRT,311.93,3.59,D
27.75835,77.79551,343.26,0.54,0.51,2026-04-15,726,N21,VIIRS,n,2.0NRT,313.2,9.01,D
27.84737,77.76444,347.35,0.54,0.51,2026-04-15,726,N21,VIIRS,n,2.0NRT,316.85,11.75,D
28.04815,69.85354,338.31,0.8,0.78,2026-04-15,726,N21,VIIRS,n,2.0NRT,305.42,6.25,D
28.0483,80.22699,342.97,0.39,0.44,2026-04-15,726,N21,VIIRS,n,2.0NRT,315.84,4.71,D
28.11647,80.48863,339.46,0.56,0.43,2026-04-15,726,N21,VIIRS,n,2.0NRT,309.92,8.66,D
28.11755,80.49416,346.59,0.56,0.43,2026-04-15,726,N21,VIIRS,n,2.0NRT,309.42,8.66,D
28.12033,80.48768,336.08,0.56,0.43,2026-04-15,726,N21,VIIRS,l,2.0NRT,309.24,4.71,D
28.13247,81.82462,334.55,0.48,0.4,2026-04-15,726,N21,VIIRS,n,2.0NRT,307.25,2.71,D
28.13311,81.82635,335.03,0.48,0.4,2026-04-15,726,N21,VIIRS,n,2.0NRT,307.14,3.01,D
28.13643,77.24531,342.94,0.57,0.52,2026-04-15,726,N21,VIIRS,n,2.0NRT,315.38,6.75,D
28.16512,82.04749,334.84,0.47,0.4,2026-04-15,726,N21,VIIRS,n,2.0NRT,309.38,6.66,D
28.166,82.05241,333.35,0.47,0.4,2026-04-15,726,N21,VIIRS,n,2.0NRT,305.68,6.66,D
28.16693,82.0488,348.82,0.47,0.4,2026-04-15,726,N21,VIIRS,n,2.0NRT,316.73,16.1,D
28.16869,82.04665,339.64,0.47,0.4,2026-04-15,726,N21,VIIRS,n,2.0NRT,310.88,8.94,D
28.16955,82.05147,347.6,0.47,0.4,2026-04-15,726,N21,VIIRS,n,2.0NRT,311.07,8.94,D
28.17051,82.04797,338.04,0.47,0.4,2026-04-15,726,N21,VIIRS,l,2.0NRT,309.13,16.1,D
28.17138,81.09637,345.08,0.52,0.42,2026-04-15,726,N21,VIIRS,l,2.0NRT,319.83,10.16,D
28.17891,82.08292,339.71,0.47,0.4,2026-04-15,726,N21,VIIRS,n,2.0NRT,308.18,7.7,D
28.18089,82.08414,334.71,0.47,0.4,2026-04-15,726,N21,VIIRS,l,2.0NRT,307.3,2.76,D
28.19344,82.07143,345.44,0.47,0.4,2026-04-15,726,N21,VIIRS,n,2.0NRT,310.84,14.46,D
28.21319,82.05735,341.54,0.47,0.4,2026-04-15,726,N21,VIIRS,n,2.0NRT,308.68,4.46,D
28.21539,81.8849,337.51,0.48,0.4,2026-04-15,726,N21,VIIRS,n,2.0NRT,307.04,2.65,D
28.2168,82.05669,335.91,0.47,0.4,2026-04-15,726,N21,VIIRS,n,2.0NRT,309.46,4.46,D
28.21773,82.06178,341.62,0.47,0.4,2026-04-15,726,N21,VIIRS,n,2.0NRT,310.9,4.46,D
28.21899,82.00739,333.94,0.47,0.4,2026-04-15,726,N21,VIIRS,n,2.0NRT,307.58,4.35,D
28.2268,82.0503,336.42,0.47,0.4,2026-04-15,726,N21,VIIRS,l,2.0NRT,307.7,4.55,D
28.22962,82.04529,343.95,0.47,0.4,2026-04-15,726,N21,VIIRS,n,2.0NRT,310.02,4.55,D
28.23045,82.04991,333.06,0.47,0.4,2026-04-15,726,N21,VIIRS,l,2.0NRT,306.37,4.55,D
28.23323,82.04467,332.65,0.47,0.4,2026-04-15,726,N21,VIIRS,l,2.0NRT,306.09,2.86,D
28.23798,81.96811,338.04,0.47,0.4,2026-04-15,726,N21,VIIRS,n,2.0NRT,311.04,3.15,D
28.26933,81.96802,332.09,0.47,0.4,2026-04-15,726,N21,VIIRS,l,2.0NRT,305.98,1.68,D
28.27089,81.83442,334.31,0.48,0.4,2026-04-15,726,N21,VIIRS,l,2.0NRT,307.04,6.93,D
28.2855,80.97372,343.96,0.53,0.42,2026-04-15,726,N21,VIIRS,n,2.0NRT,312.82,7.28,D
28.2857,81.99583,336.02,0.47,0.4,2026-04-15,726,N21,VIIRS,n,2.0NRT,305.57,3.3,D
28.28648,80.97896,342.6,0.53,0.42,2026-04-15,726,N21,VIIRS,l,2.0NRT,313.06,9.2,D
28.28688,79.21421,342.28,0.44,0.46,2026-04-15,726,N21,VIIRS,n,2.0NRT,314.79,7.67,D
28.28926,80.97282,336.49,0.53,0.42,2026-04-15,726,N21,VIIRS,n,2.0NRT,309.92,7.28,D
28.29012,79.20884,343.32,0.44,0.46,2026-04-15,726,N21,VIIRS,n,2.0NRT,316.12,7.67,D
28.29102,79.21317,346.62,0.44,0.46,2026-04-15,726,N21,VIIRS,n,2.0NRT,316.75,7.67,D
28.29216,81.92951,332.53,0.47,0.4,2026-04-15,726,N21,VIIRS,l,2.0NRT,304.7,5.67,D
28.29461,81.98349,332.46,0.47,0.4,2026-04-15,726,N21,VIIRS,l,2.0NRT,305.75,3.33,D
28.2965,77.38181,342.64,0.56,0.51,2026-04-15,726,N21,VIIRS,n,2.0NRT,314.02,6.25,D
28.29884,81.80239,333.38,0.48,0.4,2026-04-15,726,N21,VIIRS,l,2.0NRT,307.06,3.06,D
28.29966,81.80687,334.56,0.48,0.4,2026-04-15,726,N21,VIIRS,n,2.0NRT,309.14,3.06,D
28.30077,81.5281,344.52,0.49,0.41,2026-04-15,726,N21,VIIRS,n,2.0NRT,311.04,5.44,D
28.3194,81.62715,337.2,0.49,0.4,2026-04-15,726,N21,VIIRS,l,2.0NRT,312.09,3.37,D
28.32256,81.91167,339.33,0.47,0.4,2026-04-15,726,N21,VIIRS,l,2.0NRT,311.64,4.69,D
28.3321,81.55269,341.76,0.49,0.4,2026-04-15,726,N21,VIIRS,l,2.0NRT,314.34,14.75,D
28.3338,81.54144,339.12,0.49,0.4,2026-04-15,726,N21,VIIRS,l,2.0NRT,312.28,5.99,D
28.33681,81.55748,346.83,0.49,0.4,2026-04-15,726,N21,VIIRS,n,2.0NRT,315.24,14.75,D
28.34381,81.51326,350.83,0.49,0.41,2026-04-15,726,N21,VIIRS,n,2.0NRT,319.95,43.49,D
28.34593,82.18329,345.3,0.46,0.39,2026-04-15,726,N21,VIIRS,n,2.0NRT,305.85,12.36,D
28.3494,82.1821,348.3,0.46,0.39,2026-04-15,726,N21,VIIRS,n,2.0NRT,308.62,12.36,D
28.34952,82.38526,330.28,0.45,0.39,2026-04-15,726,N21,VIIRS,n,2.0NRT,298.95,4.81,D
28.35019,82.18648,336.84,0.46,0.39,2026-04-15,726,N21,VIIRS,n,2.0NRT,311.36,26.02,D
28.35027,82.38946,337.77,0.45,0.39,2026-04-15,726,N21,VIIRS,n,2.0NRT,307.21,12.11,D
28.35117,81.51176,345.18,0.49,0.41,2026-04-15,726,N21,VIIRS,n,2.0NRT,313.53,10.97,D
28.35286,82.18084,341.57,0.46,0.39,2026-04-15,726,N21,VIIRS,n,2.0NRT,308.97,9.48,D
28.35366,82.18527,334.22,0.46,0.39,2026-04-15,726,N21,VIIRS,n,2.0NRT,308.26,10.72,D
28.3541,82.14687,336.29,0.46,0.39,2026-04-15,726,N21,VIIRS,n,2.0NRT,306.2,3.01,D
28.35656,81.47904,335.02,0.5,0.41,2026-04-15,726,N21,VIIRS,l,2.0NRT,309.69,12.66,D
28.35773,81.75134,339.1,0.48,0.4,2026-04-15,726,N21,VIIRS,l,2.0NRT,309.48,9.44,D
28.35928,82.25707,339.79,0.46,0.39,2026-04-15,726,N21,VIIRS,n,2.0NRT,313.06,6.71,D
28.36836,82.14397,336.8,0.46,0.39,2026-04-15,726,N21,VIIRS,l,2.0NRT,310.91,6.78,D
28.36907,82.22984,338.93,0.46,0.39,2026-04-15,726,N21,VIIRS,n,2.0NRT,307.93,6.43,D
28.37682,81.81364,334.53,0.48,0.4,2026-04-15,726,N21,VIIRS,n,2.0NRT,305.6,4.2,D
28.38867,81.57047,339.48,0.49,0.4,2026-04-15,726,N21,VIIRS,n,2.0NRT,309.19,4.57,D
28.38949,81.39518,333.58,0.5,0.41,2026-04-15,726,N21,VIIRS,l,2.0NRT,308.41,2.54,D
28.38956,81.57532,333.95,0.49,0.4,2026-04-15,726,N21,VIIRS,l,2.0NRT,308.56,4.57,D
28.40053,81.39266,343.25,0.5,0.41,2026-04-15,726,N21,VIIRS,n,2.0NRT,308.12,7.6,D
28.40492,81.63838,336,0.49,0.4,2026-04-15,726,N21,VIIRS,l,2.0NRT,307.86,6.03,D
28.41408,81.70914,335.37,0.48,0.4,2026-04-15,726,N21,VIIRS,l,2.0NRT,305.91,7.41,D
28.41766,81.70812,339.12,0.48,0.4,2026-04-15,726,N21,VIIRS,n,2.0NRT,307.02,7.41,D
28.41905,81.63269,336.96,0.49,0.4,2026-04-15,726,N21,VIIRS,n,2.0NRT,309.26,6.98,D
28.42345,81.63622,332.98,0.49,0.4,2026-04-15,726,N21,VIIRS,l,2.0NRT,307.24,4.45,D
28.42387,81.63803,333.12,0.49,0.4,2026-04-15,726,N21,VIIRS,l,2.0NRT,307.27,3.84,D
28.42663,81.71597,339.11,0.48,0.4,2026-04-15,726,N21,VIIRS,n,2.0NRT,306.61,3.32,D
28.43545,81.37416,334.15,0.5,0.41,2026-04-15,726,N21,VIIRS,l,2.0NRT,309.05,3.09,D
28.43893,81.59712,335.35,0.49,0.4,2026-04-15,726,N21,VIIRS,n,2.0NRT,307.97,2.78,D
28.44296,80.36674,344.26,0.56,0.43,2026-04-15,726,N21,VIIRS,n,2.0NRT,316.26,13.01,D
28.44733,81.35548,336.63,0.5,0.41,2026-04-15,726,N21,VIIRS,l,2.0NRT,309.21,9.86,D
28.44939,80.00992,337.49,0.39,0.44,2026-04-15,726,N21,VIIRS,l,2.0NRT,307.6,4.53,D
28.45658,81.36395,336.2,0.5,0.41,2026-04-15,726,N21,VIIRS,l,2.0NRT,308.28,7.9,D
28.46341,80.13647,367,0.38,0.44,2026-04-15,726,N21,VIIRS,h,2.0NRT,316.18,16.52,D
28.4663,80.13544,344.58,0.38,0.44,2026-04-15,726,N21,VIIRS,n,2.0NRT,313.07,5.62,D
28.46668,81.35623,337.36,0.5,0.41,2026-04-15,726,N21,VIIRS,l,2.0NRT,309.03,7,D
28.46706,80.13927,342.8,0.38,0.44,2026-04-15,726,N21,VIIRS,n,2.0NRT,315.56,13.96,D
28.49234,81.98593,338.97,0.47,0.4,2026-04-15,726,N21,VIIRS,l,2.0NRT,313.26,12.34,D
28.51717,82.08081,349.82,0.46,0.39,2026-04-15,726,N21,VIIRS,n,2.0NRT,318.6,8.36,D
28.51733,81.36862,336.69,0.5,0.41,2026-04-15,726,N21,VIIRS,l,2.0NRT,307.31,5.05,D
28.52076,82.08015,345.69,0.46,0.39,2026-04-15,726,N21,VIIRS,l,2.0NRT,317.48,8.36,D
28.54413,80.19731,345.88,0.57,0.43,2026-04-15,726,N21,VIIRS,l,2.0NRT,316.97,14.14,D
28.54803,80.19635,346.52,0.57,0.43,2026-04-15,726,N21,VIIRS,l,2.0NRT,318.16,14.14,D
28.54939,82.09503,337.27,0.46,0.39,2026-04-15,726,N21,VIIRS,l,2.0NRT,310.45,3.31,D
28.55316,80.61436,339.33,0.54,0.42,2026-04-15,726,N21,VIIRS,n,2.0NRT,310.39,8.24,D
28.56763,82.05278,336.64,0.46,0.39,2026-04-15,726,N21,VIIRS,l,2.0NRT,311.33,17.16,D
28.57213,70.66368,345.87,0.69,0.74,2026-04-15,726,N21,VIIRS,n,2.0NRT,305.47,6.47,D
28.57803,82.06942,337.3,0.46,0.39,2026-04-15,726,N21,VIIRS,n,2.0NRT,306.33,7.6,D
28.58688,79.41251,342.96,0.42,0.45,2026-04-15,726,N21,VIIRS,n,2.0NRT,316.37,3.94,D
28.61525,81.87514,331.78,0.47,0.4,2026-04-15,726,N21,VIIRS,n,2.0NRT,306.25,3.68,D
28.63173,81.67855,337.73,0.48,0.4,2026-04-15,726,N21,VIIRS,n,2.0NRT,308.01,4.67,D
28.63546,81.67841,340.37,0.48,0.4,2026-04-15,726,N21,VIIRS,n,2.0NRT,307.93,6.74,D
28.64106,81.68848,334.8,0.48,0.4,2026-04-15,726,N21,VIIRS,l,2.0NRT,306.6,6.15,D
28.65003,81.40845,335.16,0.49,0.41,2026-04-15,726,N21,VIIRS,l,2.0NRT,306.25,3.59,D
28.66866,81.90252,355.4,0.47,0.4,2026-04-15,726,N21,VIIRS,n,2.0NRT,307.13,12.84,D
28.67127,81.89641,342.15,0.47,0.4,2026-04-15,726,N21,VIIRS,n,2.0NRT,305.15,12.84,D
28.68265,80.03358,340.74,0.39,0.44,2026-04-15,726,N21,VIIRS,n,2.0NRT,308.37,7.43,D
28.68657,80.03261,367,0.39,0.44,2026-04-15,726,N21,VIIRS,h,2.0NRT,307.8,7.43,D
28.70133,81.78651,330.57,0.47,0.4,2026-04-15,726,N21,VIIRS,l,2.0NRT,305.06,7.38,D
28.70497,81.78594,331.7,0.47,0.4,2026-04-15,726,N21,VIIRS,n,2.0NRT,305.2,2.6,D
28.708,82.58858,331.07,0.44,0.38,2026-04-15,726,N21,VIIRS,l,2.0NRT,296.5,9.24,D
28.71141,81.75993,335.63,0.48,0.4,2026-04-15,726,N21,VIIRS,l,2.0NRT,309.2,4.16,D
28.74011,70.9644,334.87,0.66,0.73,2026-04-15,726,N21,VIIRS,l,2.0NRT,309.09,4.91,D
28.74685,70.05165,335.23,0.74,0.76,2026-04-15,726,N21,VIIRS,l,2.0NRT,306.5,6.92,D
28.74959,81.16876,331.62,0.51,0.41,2026-04-15,726,N21,VIIRS,n,2.0NRT,305.22,3.05,D
28.75151,81.54713,335.07,0.49,0.4,2026-04-15,726,N21,VIIRS,n,2.0NRT,309.46,3.16,D
28.76232,81.27843,343.16,0.5,0.41,2026-04-15,726,N21,VIIRS,n,2.0NRT,310.55,6.56,D
28.76247,70.13482,332.35,0.73,0.76,2026-04-15,726,N21,VIIRS,l,2.0NRT,305.77,10.47,D
28.76414,80.02953,335.64,0.39,0.44,2026-04-15,726,N21,VIIRS,n,2.0NRT,307.38,2.5,D
28.77116,70.13733,331.77,0.73,0.76,2026-04-15,726,N21,VIIRS,l,2.0NRT,304.69,5.63,D
28.77141,81.07077,339.69,0.51,0.41,2026-04-15,726,N21,VIIRS,n,2.0NRT,306.02,6.52,D
28.80908,81.2284,333.26,0.5,0.41,2026-04-15,726,N21,VIIRS,n,2.0NRT,306.77,4.29,D
28.81189,81.22288,339.62,0.5,0.41,2026-04-15,726,N21,VIIRS,n,2.0NRT,307.5,3.91,D
28.82405,70.06436,336.44,0.74,0.76,2026-04-15,726,N21,VIIRS,n,2.0NRT,307.13,6.82,D
28.82576,70.06791,339.24,0.74,0.76,2026-04-15,726,N21,VIIRS,n,2.0NRT,306.7,4.99,D
28.84271,70.1785,331.64,0.73,0.76,2026-04-15,726,N21,VIIRS,l,2.0NRT,306.15,2.06,D
28.86567,80.55671,342.68,0.54,0.42,2026-04-15,726,N21,VIIRS,n,2.0NRT,310,6.27,D
28.8662,70.31969,344.22,0.71,0.75,2026-04-15,726,N21,VIIRS,n,2.0NRT,304.72,6.79,D
28.86917,70.32219,330.22,0.71,0.75,2026-04-15,726,N21,VIIRS,l,2.0NRT,303.59,7.63,D
28.8771,81.46864,335.02,0.49,0.4,2026-04-15,726,N21,VIIRS,l,2.0NRT,306.02,6.04,D
28.87821,81.47453,345.35,0.49,0.4,2026-04-15,726,N21,VIIRS,n,2.0NRT,306.62,6.04,D
28.88252,79.86961,345.88,0.39,0.44,2026-04-15,726,N21,VIIRS,n,2.0NRT,316.03,5,D
28.88725,79.87254,342.38,0.39,0.44,2026-04-15,726,N21,VIIRS,n,2.0NRT,311.75,16.4,D
28.92049,79.65609,335.84,0.4,0.44,2026-04-15,726,N21,VIIRS,l,2.0NRT,307.29,2.91,D
28.92163,81.48402,345.23,0.49,0.4,2026-04-15,726,N21,VIIRS,n,2.0NRT,307.09,6.75,D
28.92247,81.48859,333.16,0.49,0.4,2026-04-15,726,N21,VIIRS,n,2.0NRT,307.45,5.25,D
28.92668,81.02392,339.57,0.51,0.41,2026-04-15,726,N21,VIIRS,n,2.0NRT,308.25,9.43,D
28.92799,80.15965,353.87,0.56,0.43,2026-04-15,726,N21,VIIRS,n,2.0NRT,312.98,24.3,D
28.92942,81.01788,333.38,0.51,0.41,2026-04-15,726,N21,VIIRS,l,2.0NRT,308.17,8.12,D
28.93045,81.02338,336.82,0.51,0.41,2026-04-15,726,N21,VIIRS,l,2.0NRT,308.82,8.12,D
28.93187,80.15869,347.99,0.56,0.43,2026-04-15,726,N21,VIIRS,n,2.0NRT,310.22,24.3,D
28.96512,80.72909,330.86,0.53,0.42,2026-04-15,726,N21,VIIRS,l,2.0NRT,302.44,3.48,D
28.96605,80.73398,350.52,0.53,0.42,2026-04-15,726,N21,VIIRS,n,2.0NRT,305.81,13.69,D
28.97331,81.08705,344.97,0.51,0.41,2026-04-15,726,N21,VIIRS,n,2.0NRT,309.29,12.01,D
28.97451,81.08368,335.83,0.51,0.41,2026-04-15,726,N21,VIIRS,l,2.0NRT,306.9,7.54,D
28.97536,80.74156,332.12,0.53,0.42,2026-04-15,726,N21,VIIRS,l,2.0NRT,302.72,5.45,D
28.97651,81.09409,331.29,0.51,0.41,2026-04-15,726,N21,VIIRS,l,2.0NRT,306.04,5.68,D
28.97723,80.73077,349.91,0.53,0.42,2026-04-15,726,N21,VIIRS,n,2.0NRT,305.63,10.8,D
28.98481,78.79601,343.71,0.45,0.47,2026-04-15,726,N21,VIIRS,n,2.0NRT,314.75,3.85,D
28.98987,71.84771,350.88,0.58,0.69,2026-04-15,726,N21,VIIRS,n,2.0NRT,311.72,11.75,D
28.99259,71.84275,367,0.57,0.69,2026-04-15,726,N21,VIIRS,h,2.0NRT,313.4,22.54,D
28.99304,80.89591,343.3,0.52,0.41,2026-04-15,726,N21,VIIRS,n,2.0NRT,304.62,8.34,D
28.99511,81.30801,332.28,0.49,0.41,2026-04-15,726,N21,VIIRS,l,2.0NRT,303.48,2.77,D
28.99599,71.84566,342.84,0.58,0.69,2026-04-15,726,N21,VIIRS,n,2.0NRT,309.36,9.87,D
29.00136,80.49142,330.33,0.54,0.42,2026-04-15,726,N21,VIIRS,l,2.0NRT,304.25,3.18,D
29.02622,81.41483,339.27,0.49,0.4,2026-04-15,726,N21,VIIRS,n,2.0NRT,312.12,6.62,D
29.03117,71.11956,337.36,0.63,0.72,2026-04-15,726,N21,VIIRS,l,2.0NRT,311.2,9.72,D
29.0323,72.06429,367,0.56,0.69,2026-04-15,726,N21,VIIRS,h,2.0NRT,311.16,16.49,D
29.03298,72.06243,347.61,0.56,0.69,2026-04-15,726,N21,VIIRS,n,2.0NRT,310.49,9.33,D
29.03329,80.53297,330.75,0.54,0.42,2026-04-15,726,N21,VIIRS,n,2.0NRT,305.12,3.17,D
29.0344,72.06788,344.9,0.56,0.69,2026-04-15,726,N21,VIIRS,n,2.0NRT,309.18,9.33,D
29.04314,71.54413,337.34,0.6,0.7,2026-04-15,726,N21,VIIRS,l,2.0NRT,308.68,6.95,D
29.04324,72.17668,367,0.55,0.68,2026-04-15,726,N21,VIIRS,h,2.0NRT,309.23,12.24,D
29.0439,80.81384,331.31,0.52,0.42,2026-04-15,726,N21,VIIRS,l,2.0NRT,305.04,5.98,D
29.04886,72.19813,367,0.55,0.68,2026-04-15,726,N21,VIIRS,h,2.0NRT,312.97,13.74,D
29.05242,81.25105,337.76,0.5,0.41,2026-04-15,726,N21,VIIRS,n,2.0NRT,310.55,10.62,D
29.05282,81.27348,331.11,0.5,0.41,2026-04-15,726,N21,VIIRS,l,2.0NRT,305.6,6.73,D
29.05345,81.25649,333.2,0.5,0.41,2026-04-15,726,N21,VIIRS,l,2.0NRT,307.57,7.5,D
29.07637,80.73647,338.03,0.53,0.42,2026-04-15,726,N21,VIIRS,n,2.0NRT,307.25,4.69,D
29.07697,72.13051,336.46,0.55,0.68,2026-04-15,726,N21,VIIRS,l,2.0NRT,309.4,2.84,D
29.08277,81.22922,333.42,0.5,0.41,2026-04-15,726,N21,VIIRS,n,2.0NRT,304.64,3.64,D
29.08743,80.69141,334.68,0.53,0.42,2026-04-15,726,N21,VIIRS,n,2.0NRT,302.18,6.18,D
29.08787,80.75559,332.3,0.52,0.42,2026-04-15,726,N21,VIIRS,l,2.0NRT,305.86,4.32,D
29.09083,80.75052,334.32,0.52,0.42,2026-04-15,726,N21,VIIRS,l,2.0NRT,306.25,4.2,D
29.09174,80.75526,331.44,0.52,0.42,2026-04-15,726,N21,VIIRS,l,2.0NRT,305.62,4.2,D
29.09189,70.56438,334.09,0.68,0.74,2026-04-15,726,N21,VIIRS,n,2.0NRT,303.15,5.32,D
29.09249,72.28915,338.21,0.54,0.68,2026-04-15,726,N21,VIIRS,l,2.0NRT,310.24,3.29,D
29.09413,81.37233,335.61,0.49,0.4,2026-04-15,726,N21,VIIRS,n,2.0NRT,309.04,4.88,D
29.09468,70.56297,330.25,0.68,0.74,2026-04-15,726,N21,VIIRS,l,2.0NRT,303.64,8.66,D
29.09559,80.75491,331.85,0.52,0.42,2026-04-15,726,N21,VIIRS,l,2.0NRT,304.28,4.2,D
29.09604,72.25365,336.65,0.54,0.68,2026-04-15,726,N21,VIIRS,l,2.0NRT,310.09,8.23,D
29.09645,80.75944,341.51,0.52,0.42,2026-04-15,726,N21,VIIRS,n,2.0NRT,305.1,10.39,D
29.09671,80.74016,336.04,0.52,0.42,2026-04-15,726,N21,VIIRS,n,2.0NRT,301.3,4.35,D
29.09693,72.25768,342.36,0.54,0.68,2026-04-15,726,N21,VIIRS,n,2.0NRT,310.83,10.19,D
29.11562,70.61353,343.9,0.67,0.74,2026-04-15,726,N21,VIIRS,n,2.0NRT,303.86,12.39,D
29.11898,72.21738,340.68,0.54,0.68,2026-04-15,726,N21,VIIRS,n,2.0NRT,309.91,8.1,D
29.11963,70.61259,351.81,0.67,0.74,2026-04-15,726,N21,VIIRS,n,2.0NRT,304.19,11.55,D
29.13237,81.51787,351.43,0.48,0.4,2026-04-15,726,N21,VIIRS,n,2.0NRT,304.33,12.21,D
29.13918,80.71521,346.65,0.53,0.42,2026-04-15,726,N21,VIIRS,n,2.0NRT,304.17,9.28,D
29.16546,72.62218,341.91,0.51,0.66,2026-04-15,726,N21,VIIRS,n,2.0NRT,311.03,6.98,D
29.16805,72.62221,338.9,0.51,0.66,2026-04-15,726,N21,VIIRS,l,2.0NRT,310.13,3.74,D
29.16938,72.62724,338.02,0.51,0.66,2026-04-15,726,N21,VIIRS,l,2.0NRT,311.33,3.74,D
29.17069,72.31518,333.11,0.53,0.67,2026-04-15,726,N21,VIIRS,l,2.0NRT,307.61,4.34,D
29.17262,72.6253,336.11,0.51,0.66,2026-04-15,726,N21,VIIRS,l,2.0NRT,310.97,3.11,D
29.17857,75.7394,367,0.33,0.56,2026-04-15,726,N21,VIIRS,h,2.0NRT,313.97,7.82,D
29.1825,75.73589,338.65,0.33,0.56,2026-04-15,726,N21,VIIRS,l,2.0NRT,311.68,3.75,D
29.18298,76.35827,338.12,0.61,0.54,2026-04-15,726,N21,VIIRS,n,2.0NRT,310.77,2.92,D
29.18328,75.7392,339.19,0.33,0.56,2026-04-15,726,N21,VIIRS,l,2.0NRT,312.51,3.75,D
29.18777,76.3569,342.09,0.61,0.54,2026-04-15,726,N21,VIIRS,n,2.0NRT,313.74,8.57,D
29.18979,72.38814,346.51,0.53,0.67,2026-04-15,726,N21,VIIRS,n,2.0NRT,308.34,5.47,D
29.19388,78.97844,342.08,0.43,0.46,2026-04-15,726,N21,VIIRS,n,2.0NRT,313.94,5.48,D
29.19914,72.54649,347.79,0.52,0.67,2026-04-15,726,N21,VIIRS,n,2.0NRT,312.75,13.05,D
29.20609,80.63362,340.78,0.53,0.42,2026-04-15,726,N21,VIIRS,n,2.0NRT,301.79,6.12,D
29.21201,72.34491,335.9,0.53,0.67,2026-04-15,726,N21,VIIRS,l,2.0NRT,310.78,5.13,D
29.21238,72.59705,341.74,0.51,0.66,2026-04-15,726,N21,VIIRS,n,2.0NRT,309.91,8.44,D
29.21684,78.13639,337.9,0.48,0.48,2026-04-15,726,N21,VIIRS,n,2.0NRT,310.94,4.12,D
29.22715,71.07587,353.79,0.63,0.72,2026-04-15,726,N21,VIIRS,n,2.0NRT,305.94,12.17,D
29.22728,71.07567,353.81,0.63,0.72,2026-04-15,726,N21,VIIRS,n,2.0NRT,306.05,10.52,D
29.24189,71.87051,336.89,0.56,0.69,2026-04-15,726,N21,VIIRS,l,2.0NRT,308.44,6.82,D
29.24195,70.35959,335.41,0.69,0.74,2026-04-15,726,N21,VIIRS,n,2.0NRT,304.71,5.1,D
29.24644,70.3611,330.41,0.69,0.74,2026-04-15,726,N21,VIIRS,l,2.0NRT,305.13,3.85,D
29.25702,79.84229,344.03,0.39,0.44,2026-04-15,726,N21,VIIRS,n,2.0NRT,305.55,9.14,D
29.26373,79.7716,337.7,0.39,0.44,2026-04-15,726,N21,VIIRS,n,2.0NRT,303.82,4.15,D
29.26587,75.20223,340.22,0.36,0.57,2026-04-15,726,N21,VIIRS,l,2.0NRT,315.1,1.93,D
29.26615,79.04624,342.77,0.43,0.46,2026-04-15,726,N21,VIIRS,n,2.0NRT,313.67,7.32,D
29.32692,70.60177,338.7,0.67,0.73,2026-04-15,726,N21,VIIRS,n,2.0NRT,304.65,6.18,D
29.33527,79.8689,344.29,0.38,0.43,2026-04-15,726,N21,VIIRS,n,2.0NRT,304.26,8.56,D
29.37971,77.99395,342.68,0.49,0.48,2026-04-15,726,N21,VIIRS,n,2.0NRT,310.45,6.05,D
29.3868,80.85834,332.44,0.51,0.41,2026-04-15,726,N21,VIIRS,n,2.0NRT,305.68,5.54,D
29.40657,79.29681,342.97,0.41,0.45,2026-04-15,726,N21,VIIRS,n,2.0NRT,316.03,5.21,D
29.42503,72.86764,347.21,0.49,0.65,2026-04-15,726,N21,VIIRS,n,2.0NRT,307.55,5.37,D
29.43656,72.86395,348.42,0.49,0.65,2026-04-15,726,N21,VIIRS,n,2.0NRT,309.8,6.76,D
29.47067,80.18038,334.28,0.55,0.43,2026-04-15,726,N21,VIIRS,l,2.0NRT,308.11,5.49,D
29.47709,80.82269,341.13,0.51,0.41,2026-04-15,726,N21,VIIRS,n,2.0NRT,305.71,6.22,D
29.47761,80.81939,332.22,0.51,0.41,2026-04-15,726,N21,VIIRS,l,2.0NRT,304.68,6.53,D
29.54264,72.63528,342.14,0.5,0.66,2026-04-15,726,N21,VIIRS,n,2.0NRT,310.25,4.12,D
29.54391,71.29534,339.99,0.6,0.71,2026-04-15,726,N21,VIIRS,n,2.0NRT,306.19,6.28,D
29.54551,71.30121,338.05,0.6,0.71,2026-04-15,726,N21,VIIRS,n,2.0NRT,306.54,6.28,D
29.54639,72.28297,340.29,0.53,0.67,2026-04-15,726,N21,VIIRS,n,2.0NRT,307.7,4.92,D
29.54743,72.28117,340.97,0.53,0.67,2026-04-15,726,N21,VIIRS,n,2.0NRT,307.38,3.36,D
29.5645,79.66515,332.35,0.39,0.44,2026-04-15,726,N21,VIIRS,n,2.0NRT,304.49,1.35,D
29.57403,81.22436,340.56,0.49,0.4,2026-04-15,726,N21,VIIRS,n,2.0NRT,310.83,7.56,D
29.57579,79.97149,338.53,0.56,0.43,2026-04-15,726,N21,VIIRS,n,2.0NRT,308.53,6.65,D
29.57774,81.22391,339.81,0.49,0.4,2026-04-15,726,N21,VIIRS,n,2.0NRT,305.19,7.56,D
29.58506,72.70141,336.11,0.5,0.65,2026-04-15,726,N21,VIIRS,l,2.0NRT,309.38,3.99,D
29.61032,80.02333,333.46,0.56,0.43,2026-04-15,726,N21,VIIRS,n,2.0NRT,307.16,5.42,D
29.61962,79.09416,335.46,0.42,0.45,2026-04-15,726,N21,VIIRS,n,2.0NRT,305.54,5.08,D
29.62044,79.09818,339.35,0.42,0.45,2026-04-15,726,N21,VIIRS,n,2.0NRT,306.01,5.08,D
29.62799,74.75367,348.81,0.37,0.58,2026-04-15,726,N21,VIIRS,n,2.0NRT,312.6,6.25,D
29.65734,71.49093,330.19,0.58,0.7,2026-04-15,726,N21,VIIRS,l,2.0NRT,303.75,4.24,D
29.66049,71.40202,333.22,0.59,0.7,2026-04-15,726,N21,VIIRS,l,2.0NRT,304.79,3.12,D
29.66213,71.49413,330.54,0.58,0.7,2026-04-15,726,N21,VIIRS,l,2.0NRT,303.75,5.84,D
29.69645,71.8362,340.39,0.55,0.68,2026-04-15,726,N21,VIIRS,n,2.0NRT,302.7,3.67,D
29.73531,79.0577,332.21,0.42,0.45,2026-04-15,726,N21,VIIRS,n,2.0NRT,302.3,4,D
29.75762,71.77242,345.55,0.56,0.68,2026-04-15,726,N21,VIIRS,n,2.0NRT,305.91,6.62,D
29.75877,71.77361,341.97,0.56,0.69,2026-04-15,726,N21,VIIRS,n,2.0NRT,305.75,8.25,D
29.77376,71.54515,330.08,0.57,0.69,2026-04-15,726,N21,VIIRS,l,2.0NRT,304.89,2.92,D
29.77543,71.5424,333.46,0.57,0.69,2026-04-15,726,N21,VIIRS,n,2.0NRT,304.64,3.68,D
29.77738,71.74787,336.06,0.56,0.69,2026-04-15,726,N21,VIIRS,n,2.0NRT,306.23,3.78,D
29.79967,79.20773,350.9,0.41,0.45,2026-04-15,726,N21,VIIRS,n,2.0NRT,306.15,7.89,D
29.83797,73.15845,367,0.46,0.63,2026-04-15,726,N21,VIIRS,h,2.0NRT,308.18,8.25,D
29.84652,79.89812,332.89,0.56,0.43,2026-04-15,726,N21,VIIRS,n,2.0NRT,299.4,3.11,D
29.86998,71.80185,330.04,0.55,0.68,2026-04-15,726,N21,VIIRS,l,2.0NRT,303.09,2.14,D
29.89347,78.85892,339.2,0.43,0.46,2026-04-15,726,N21,VIIRS,n,2.0NRT,302.13,2.69,D
29.91429,78.77139,330.59,0.43,0.46,2026-04-15,726,N21,VIIRS,n,2.0NRT,305.58,2.96,D
30.00516,71.86781,335.03,0.54,0.68,2026-04-15,726,N21,VIIRS,n,2.0NRT,302.37,5.04,D
30.01257,73.21874,332.82,0.45,0.63,2026-04-15,726,N21,VIIRS,l,2.0NRT,305.1,4.64,D
30.01369,73.22322,338.55,0.45,0.63,2026-04-15,726,N21,VIIRS,n,2.0NRT,306.33,4.64,D
30.01453,73.21822,340.09,0.45,0.63,2026-04-15,726,N21,VIIRS,n,2.0NRT,305.84,4.52,D
30.01568,73.22267,331.87,0.45,0.63,2026-04-15,726,N21,VIIRS,l,2.0NRT,306.67,4.52,D
30.02741,80.22488,339.92,0.54,0.42,2026-04-15,726,N21,VIIRS,n,2.0NRT,300.15,21.44,D
30.02994,80.22356,343.64,0.54,0.42,2026-04-15,726,N21,VIIRS,n,2.0NRT,296.57,18.11,D
30.04254,73.33875,349.61,0.44,0.63,2026-04-15,726,N21,VIIRS,n,2.0NRT,306.22,5.05,D
30.04524,73.33791,349.15,0.44,0.63,2026-04-15,726,N21,VIIRS,n,2.0NRT,306.43,7.11,D
30.05384,70.04781,367,0.69,0.74,2026-04-15,726,N21,VIIRS,h,2.0NRT,291.57,31.23,D
30.05646,70.04462,367,0.69,0.74,2026-04-15,726,N21,VIIRS,h,2.0NRT,298.97,41.05,D
30.06033,70.04534,344.63,0.69,0.74,2026-04-15,726,N21,VIIRS,n,2.0NRT,297.7,14.54,D
30.07965,75.60536,352.28,0.33,0.55,2026-04-15,726,N21,VIIRS,n,2.0NRT,318.62,14.64,D
30.08041,75.60861,334.92,0.32,0.55,2026-04-15,726,N21,VIIRS,l,2.0NRT,308.99,14.64,D
30.09197,78.93472,367,0.42,0.45,2026-04-15,726,N21,VIIRS,h,2.0NRT,303.85,15,D
30.26708,78.53375,331.86,0.44,0.46,2026-04-15,726,N21,VIIRS,n,2.0NRT,304.33,2.44,D
30.27016,78.40187,331.1,0.44,0.46,2026-04-15,726,N21,VIIRS,l,2.0NRT,303.68,3.47,D
30.28854,78.85929,338.95,0.42,0.45,2026-04-15,726,N21,VIIRS,n,2.0NRT,302.37,5.36,D
30.28935,78.8633,336.04,0.42,0.45,2026-04-15,726,N21,VIIRS,n,2.0NRT,299.89,4.43,D
30.30733,73.72517,339.65,0.41,0.61,2026-04-15,726,N21,VIIRS,n,2.0NRT,305.15,2.99,D
30.31229,79.01884,338.82,0.41,0.45,2026-04-15,726,N21,VIIRS,n,2.0NRT,307.63,5.32,D
30.33118,79.40217,332.05,0.39,0.44,2026-04-15,726,N21,VIIRS,n,2.0NRT,300.47,3.2,D
30.4039,78.55666,333.72,0.43,0.46,2026-04-15,726,N21,VIIRS,n,2.0NRT,302.53,4.5,D
30.41565,73.83138,348.2,0.41,0.6,2026-04-15,726,N21,VIIRS,n,2.0NRT,305.37,5.05,D
30.4172,72.08887,331.11,0.51,0.66,2026-04-15,726,N21,VIIRS,n,2.0NRT,297.45,3.83,D
30.41969,73.84755,333.99,0.41,0.6,2026-04-15,726,N21,VIIRS,l,2.0NRT,304.07,3.05,D
30.43993,77.32326,340.95,0.51,0.49,2026-04-15,726,N21,VIIRS,n,2.0NRT,307.6,3.58,D
30.64244,74.04519,351.97,0.39,0.59,2026-04-15,726,N21,VIIRS,n,2.0NRT,305.59,6.57,D
30.9168,73.54622,335.44,0.41,0.61,2026-04-15,726,N21,VIIRS,n,2.0NRT,301.59,2.24,D
31.20015,74.1053,344.71,0.38,0.58,2026-04-15,726,N21,VIIRS,n,2.0NRT,307.67,4.4,D
31.31149,75.3428,331.79,0.63,0.54,2026-04-15,726,N21,VIIRS,l,2.0NRT,306.43,4.84,D
31.31296,75.3364,332.17,0.63,0.54,2026-04-15,726,N21,VIIRS,l,2.0NRT,306.33,4.81,D
31.38181,76.95238,338.73,0.51,0.49,2026-04-15,726,N21,VIIRS,n,2.0NRT,302.57,7.05,D
31.73785,71.42458,333.66,0.52,0.67,2026-04-15,726,N21,VIIRS,n,2.0NRT,302.7,4.16,D
31.73864,71.42011,334.85,0.52,0.67,2026-04-15,726,N21,VIIRS,n,2.0NRT,302.71,2.6,D
31.74678,72.85172,331.92,0.43,0.62,2026-04-15,726,N21,VIIRS,n,2.0NRT,301.58,3.32,D
31.9113,72.99068,335.82,0.42,0.61,2026-04-15,726,N21,VIIRS,n,2.0NRT,303.37,6.67,D
32.23349,74.3581,333.08,0.34,0.56,2026-04-15,726,N21,VIIRS,n,2.0NRT,305.31,1.79,D
9.14862,77.89811,351.29,0.67,0.74,2026-04-15,900,N21,VIIRS,n,2.0NRT,301.77,18.44,D
9.23534,77.79961,338.53,0.67,0.73,2026-04-15,900,N21,VIIRS,n,2.0NRT,303.21,10.28,D
9.23607,77.80562,331.27,0.67,0.73,2026-04-15,900,N21,VIIRS,l,2.0NRT,302.32,8.6,D
9.32182,76.47536,333.08,0.54,0.68,2026-04-15,900,N21,VIIRS,n,2.0NRT,298.96,6.63,D
9.32288,76.47842,335.2,0.54,0.68,2026-04-15,900,N21,VIIRS,n,2.0NRT,299.15,14.79,D
9.33712,76.49143,333.98,0.54,0.68,2026-04-15,900,N21,VIIRS,n,2.0NRT,299.27,6.94,D
9.43083,76.50027,349.9,0.54,0.68,2026-04-15,900,N21,VIIRS,n,2.0NRT,298.45,12.81,D
9.43202,76.50086,349.48,0.54,0.68,2026-04-15,900,N21,VIIRS,n,2.0NRT,298.62,14.77,D
9.50669,78.05521,333.92,0.7,0.75,2026-04-15,900,N21,VIIRS,n,2.0NRT,303.28,5.99,D
9.64452,77.91811,338.12,0.69,0.74,2026-04-15,900,N21,VIIRS,n,2.0NRT,305.93,9.29,D
10.20058,77.25378,331.91,0.63,0.72,2026-04-15,900,N21,VIIRS,n,2.0NRT,298.66,4.36,D
10.20138,77.25401,331.87,0.63,0.72,2026-04-15,900,N21,VIIRS,n,2.0NRT,299.02,10,D
10.22013,77.30682,330.48,0.64,0.72,2026-04-15,900,N21,VIIRS,l,2.0NRT,301.76,7.26,D
10.28195,77.33211,332.92,0.64,0.72,2026-04-15,900,N21,VIIRS,n,2.0NRT,305.93,24.67,D
10.28236,77.33568,367,0.64,0.72,2026-04-15,900,N21,VIIRS,h,2.0NRT,314.22,21.37,D
10.28344,77.33311,354.24,0.64,0.72,2026-04-15,900,N21,VIIRS,n,2.0NRT,308.88,33.67,D
10.28387,77.33669,367,0.64,0.72,2026-04-15,900,N21,VIIRS,h,2.0NRT,314.55,33.67,D
10.28887,77.33404,345.24,0.64,0.72,2026-04-15,900,N21,VIIRS,n,2.0NRT,306.54,21.37,D
10.28929,77.33765,347.78,0.64,0.72,2026-04-15,900,N21,VIIRS,n,2.0NRT,306.54,21.37,D
11.05286,78.55829,334.77,0.79,0.78,2026-04-15,900,N21,VIIRS,l,2.0NRT,307.07,6.23,D
11.05627,78.55674,337.56,0.79,0.78,2026-04-15,900,N21,VIIRS,l,2.0NRT,307.63,9.29,D
11.421,76.60451,345.32,0.59,0.7,2026-04-15,902,N21,VIIRS,n,2.0NRT,302.02,16.2,D
11.46184,76.62072,367,0.59,0.7,2026-04-15,902,N21,VIIRS,h,2.0NRT,307.15,12.83,D
11.46351,76.61784,334.69,0.6,0.7,2026-04-15,902,N21,VIIRS,n,2.0NRT,300.5,9.59,D
11.46409,76.62304,342.74,0.6,0.7,2026-04-15,902,N21,VIIRS,n,2.0NRT,303.62,9.59,D
11.47308,76.82915,338.53,0.61,0.71,2026-04-15,902,N21,VIIRS,n,2.0NRT,302.59,9.81,D
11.49094,76.59229,351,0.59,0.7,2026-04-15,902,N21,VIIRS,n,2.0NRT,300.99,16.61,D
11.49334,76.59436,336.4,0.59,0.7,2026-04-15,902,N21,VIIRS,n,2.0NRT,302.24,11.79,D
11.69811,77.18262,348.04,0.65,0.73,2026-04-15,902,N21,VIIRS,n,2.0NRT,300.53,10.99,D
12.63854,74.94388,355.61,0.47,0.64,2026-04-15,902,N21,VIIRS,n,2.0NRT,296.8,11.6,D
13.08831,78.16865,330.81,0.79,0.78,2026-04-15,902,N21,VIIRS,n,2.0NRT,300.75,6.42,D
13.24889,75.80084,340.68,0.55,0.68,2026-04-15,902,N21,VIIRS,n,2.0NRT,299.38,6.73,D
13.61419,78.04086,340.66,0.79,0.78,2026-04-15,902,N21,VIIRS,n,2.0NRT,304.19,10.01,D
13.61778,78.04034,340.23,0.79,0.78,2026-04-15,902,N21,VIIRS,n,2.0NRT,303.03,10.87,D
13.64707,76.24056,338.84,0.6,0.7,2026-04-15,902,N21,VIIRS,n,2.0NRT,294.71,8.25,D
13.64855,76.24056,343.84,0.6,0.7,2026-04-15,902,N21,VIIRS,n,2.0NRT,298.3,11.81,D
14.17752,77.52949,351.68,0.74,0.76,2026-04-15,902,N21,VIIRS,n,2.0NRT,297.09,39.61,D
14.57932,75.0884,331.78,0.51,0.66,2026-04-15,902,N21,VIIRS,n,2.0NRT,294.31,4.52,D
14.58117,75.08997,350.8,0.51,0.66,2026-04-15,902,N21,VIIRS,n,2.0NRT,294.7,7.48,D
15.5849,73.82362,331.14,0.43,0.62,2026-04-15,902,N21,VIIRS,n,2.0NRT,298.73,5.67,D
15.92784,77.03034,330.68,0.72,0.75,2026-04-15,902,N21,VIIRS,n,2.0NRT,299.78,5.61,D
16.02506,74.78794,338.2,0.51,0.66,2026-04-15,902,N21,VIIRS,l,2.0NRT,310.05,6.4,D
16.03664,75.2617,337.55,0.55,0.68,2026-04-15,902,N21,VIIRS,l,2.0NRT,310.65,8.07,D
16.26175,73.45834,345.56,0.41,0.61,2026-04-15,902,N21,VIIRS,n,2.0NRT,302.11,3.97,D
16.44688,73.51828,341.75,0.42,0.61,2026-04-15,902,N21,VIIRS,n,2.0NRT,301.51,4.48,D
16.44824,73.5182,343.07,0.42,0.61,2026-04-15,902,N21,VIIRS,n,2.0NRT,301.58,3.66,D
16.46369,73.81548,330.38,0.44,0.62,2026-04-15,902,N21,VIIRS,l,2.0NRT,302.35,4.02,D
16.4659,73.8155,336.6,0.44,0.62,2026-04-15,902,N21,VIIRS,n,2.0NRT,303.8,4.88,D
16.68848,73.76762,348.68,0.44,0.62,2026-04-15,902,N21,VIIRS,n,2.0NRT,303.72,6.17,D
16.69077,73.76717,347.55,0.44,0.62,2026-04-15,902,N21,VIIRS,n,2.0NRT,303.63,5.69,D
16.87191,76.58816,336.85,0.69,0.74,2026-04-15,902,N21,VIIRS,n,2.0NRT,302.95,8.67,D
16.8741,76.58951,335.78,0.69,0.74,2026-04-15,902,N21,VIIRS,n,2.0NRT,302.53,6.85,D
16.90831,76.29573,330.05,0.66,0.73,2026-04-15,902,N21,VIIRS,l,2.0NRT,302.01,3.53,D
17.01425,74.16423,346.09,0.47,0.64,2026-04-15,902,N21,VIIRS,n,2.0NRT,315.6,13.67,D
17.02055,74.16765,344.32,0.47,0.64,2026-04-15,902,N21,VIIRS,l,2.0NRT,314.45,12.78,D
17.24204,74.03366,343.54,0.47,0.64,2026-04-15,902,N21,VIIRS,n,2.0NRT,308.77,6.28,D
17.24265,74.03487,342.14,0.47,0.64,2026-04-15,902,N21,VIIRS,n,2.0NRT,308.98,7.5,D
17.26093,74.68598,344.12,0.52,0.67,2026-04-15,902,N21,VIIRS,l,2.0NRT,317.76,11.95,D
17.28094,73.72347,333.03,0.45,0.63,2026-04-15,902,N21,VIIRS,n,2.0NRT,304.81,3.69,D
17.3183,73.80226,343,0.45,0.63,2026-04-15,902,N21,VIIRS,n,2.0NRT,306.12,7.23,D
17.31916,73.7979,334.1,0.45,0.63,2026-04-15,902,N21,VIIRS,n,2.0NRT,307.39,3.93,D
17.31958,73.80208,344.99,0.45,0.63,2026-04-15,902,N21,VIIRS,n,2.0NRT,306.57,5.61,D
17.33697,74.69803,349.58,0.52,0.67,2026-04-15,902,N21,VIIRS,n,2.0NRT,313.97,10.51,D
17.34307,74.69739,353.53,0.52,0.67,2026-04-15,902,N21,VIIRS,n,2.0NRT,315.96,10.51,D
17.36879,73.76987,339.97,0.45,0.63,2026-04-15,902,N21,VIIRS,n,2.0NRT,306.92,4.6,D
17.37783,73.57771,331.95,0.44,0.62,2026-04-15,902,N21,VIIRS,l,2.0NRT,305.61,2.51,D
17.38069,73.55016,339.31,0.43,0.62,2026-04-15,902,N21,VIIRS,n,2.0NRT,306.19,3.12,D
17.40674,73.21935,334.07,0.41,0.61,2026-04-15,902,N21,VIIRS,l,2.0NRT,306.14,6.23,D
17.42499,73.56445,335.42,0.44,0.62,2026-04-15,902,N21,VIIRS,n,2.0NRT,305.04,3.47,D
17.42537,73.56827,334.14,0.44,0.62,2026-04-15,902,N21,VIIRS,l,2.0NRT,304.87,4.59,D
17.44094,73.60828,349.05,0.44,0.62,2026-04-15,902,N21,VIIRS,n,2.0NRT,310.33,8.01,D
17.45254,73.83911,332.82,0.46,0.63,2026-04-15,902,N21,VIIRS,l,2.0NRT,307.78,2.89,D
17.48029,73.82413,338.94,0.46,0.63,2026-04-15,902,N21,VIIRS,n,2.0NRT,305.38,2.07,D
17.60126,73.62712,340.93,0.44,0.63,2026-04-15,902,N21,VIIRS,n,2.0NRT,311.11,5.59,D
17.64195,76.34398,341.02,0.68,0.74,2026-04-15,902,N21,VIIRS,l,2.0NRT,311.34,10.26,D
17.64444,76.34253,340.91,0.68,0.74,2026-04-15,902,N21,VIIRS,l,2.0NRT,312.36,10.79,D
17.6816,74.47388,367,0.51,0.66,2026-04-15,902,N21,VIIRS,h,2.0NRT,316.4,16.33,D
17.72087,75.13509,346.51,0.56,0.69,2026-04-15,902,N21,VIIRS,n,2.0NRT,311.79,6.77,D
17.74803,73.6821,335.45,0.45,0.63,2026-04-15,902,N21,VIIRS,n,2.0NRT,309.23,3.46,D
17.84102,73.71272,338.02,0.45,0.63,2026-04-15,902,N21,VIIRS,l,2.0NRT,310.48,3.81,D
17.85488,73.85609,342.18,0.46,0.64,2026-04-15,902,N21,VIIRS,l,2.0NRT,313.83,3.04,D
17.8587,77.06947,332.77,0.76,0.77,2026-04-15,902,N21,VIIRS,l,2.0NRT,305.42,4.57,D
17.86091,77.074,337.93,0.76,0.77,2026-04-15,902,N21,VIIRS,n,2.0NRT,306.03,9.73,D
17.90691,75.93734,338.81,0.64,0.72,2026-04-15,902,N21,VIIRS,l,2.0NRT,313.43,7.61,D
17.90744,75.94315,342.13,0.64,0.72,2026-04-15,902,N21,VIIRS,l,2.0NRT,314.88,7.61,D
17.96255,75.96129,341.79,0.64,0.72,2026-04-15,902,N21,VIIRS,l,2.0NRT,314.03,12.67,D
18.00514,73.22005,336.05,0.42,0.61,2026-04-15,902,N21,VIIRS,l,2.0NRT,308.4,5.45,D
18.00654,73.21955,333.58,0.42,0.61,2026-04-15,902,N21,VIIRS,l,2.0NRT,308.45,3.81,D
18.01775,73.71674,367,0.45,0.63,2026-04-15,902,N21,VIIRS,h,2.0NRT,309.29,15.3,D
18.01981,73.29106,334.45,0.42,0.61,2026-04-15,902,N21,VIIRS,l,2.0NRT,307.89,3,D
18.20511,73.30223,335.75,0.43,0.62,2026-04-15,902,N21,VIIRS,l,2.0NRT,310.56,4.97,D
18.26186,74.16043,342.17,0.49,0.65,2026-04-15,902,N21,VIIRS,l,2.0NRT,312.94,9.04,D
18.27621,73.58406,367,0.45,0.63,2026-04-15,905,N21,VIIRS,h,2.0NRT,312.4,9.64,D
18.28166,73.5803,343.77,0.45,0.63,2026-04-15,905,N21,VIIRS,n,2.0NRT,313.71,9.64,D
18.28206,73.58437,351.41,0.45,0.63,2026-04-15,905,N21,VIIRS,n,2.0NRT,313.01,9.64,D
18.30972,73.28638,340.76,0.43,0.62,2026-04-15,905,N21,VIIRS,l,2.0NRT,313.02,6.01,D
18.32352,73.59177,353.37,0.45,0.63,2026-04-15,905,N21,VIIRS,n,2.0NRT,314.98,11.97,D
18.324,73.59654,367,0.45,0.63,2026-04-15,905,N21,VIIRS,h,2.0NRT,312.29,11.97,D
18.32432,73.54205,352.87,0.45,0.63,2026-04-15,905,N21,VIIRS,n,2.0NRT,310.19,9.76,D
18.32961,73.5944,350.97,0.45,0.63,2026-04-15,905,N21,VIIRS,n,2.0NRT,311.11,11.97,D
18.37552,73.75871,338.91,0.46,0.64,2026-04-15,905,N21,VIIRS,l,2.0NRT,313.4,7.53,D
18.38244,73.76891,343.39,0.46,0.64,2026-04-15,905,N21,VIIRS,l,2.0NRT,314.26,7,D
18.38263,73.76958,340.25,0.46,0.64,2026-04-15,905,N21,VIIRS,l,2.0NRT,313.54,6.63,D
18.3952,73.4202,351.99,0.44,0.62,2026-04-15,905,N21,VIIRS,n,2.0NRT,311.62,8.81,D
18.4097,73.56595,367,0.45,0.63,2026-04-15,905,N21,VIIRS,h,2.0NRT,311.55,12.68,D
18.41607,73.81084,344.13,0.47,0.64,2026-04-15,905,N21,VIIRS,n,2.0NRT,313.78,9.75,D
18.43095,73.72189,339.67,0.46,0.64,2026-04-15,905,N21,VIIRS,l,2.0NRT,312.4,4.97,D
18.44388,73.50166,341.65,0.45,0.63,2026-04-15,905,N21,VIIRS,n,2.0NRT,310.87,5.12,D
18.44425,73.50529,348.39,0.45,0.63,2026-04-15,905,N21,VIIRS,n,2.0NRT,310.69,5.12,D
18.44516,73.43721,367,0.44,0.62,2026-04-15,905,N21,VIIRS,h,2.0NRT,311.33,10.1,D
18.44547,73.50096,336.76,0.45,0.63,2026-04-15,905,N21,VIIRS,n,2.0NRT,310.53,2.38,D
18.4458,73.50451,338.8,0.45,0.63,2026-04-15,905,N21,VIIRS,n,2.0NRT,310.08,5.3,D
18.44892,73.43788,351.68,0.44,0.62,2026-04-15,905,N21,VIIRS,n,2.0NRT,307.96,5.76,D
18.46512,73.48282,343.48,0.44,0.63,2026-04-15,905,N21,VIIRS,n,2.0NRT,312.07,9.25,D
18.46683,73.48212,354.61,0.44,0.63,2026-04-15,905,N21,VIIRS,n,2.0NRT,313.05,13.6,D
18.46722,73.48618,339.52,0.44,0.63,2026-04-15,905,N21,VIIRS,l,2.0NRT,310.29,8.03,D
18.47056,73.47939,367,0.44,0.63,2026-04-15,905,N21,VIIRS,h,2.0NRT,315.67,12.63,D
18.471,73.4836,341.67,0.44,0.63,2026-04-15,905,N21,VIIRS,n,2.0NRT,312.17,9.25,D
18.47228,73.47871,367,0.44,0.63,2026-04-15,905,N21,VIIRS,h,2.0NRT,312.86,13.6,D
18.47373,73.56606,346.83,0.45,0.63,2026-04-15,905,N21,VIIRS,n,2.0NRT,313.07,9.26,D
18.47458,73.57433,339.68,0.45,0.63,2026-04-15,905,N21,VIIRS,l,2.0NRT,312.03,8.47,D
18.47482,73.56512,345.55,0.45,0.63,2026-04-15,905,N21,VIIRS,n,2.0NRT,313.55,5.83,D
18.47553,73.58356,334.54,0.45,0.63,2026-04-15,905,N21,VIIRS,l,2.0NRT,309.52,3.77,D
18.47564,73.57359,341.74,0.45,0.63,2026-04-15,905,N21,VIIRS,n,2.0NRT,311.17,7.45,D
18.47651,73.58278,345.86,0.45,0.63,2026-04-15,905,N21,VIIRS,n,2.0NRT,310,4.97,D
18.48145,74.63615,343.01,0.53,0.67,2026-04-15,905,N21,VIIRS,n,2.0NRT,310.32,7.19,D
18.48149,73.58489,346.8,0.45,0.63,2026-04-15,905,N21,VIIRS,n,2.0NRT,310.6,3.77,D
18.4817,74.63785,336.7,0.53,0.67,2026-04-15,905,N21,VIIRS,n,2.0NRT,310.76,3.84,D
18.4819,73.51806,347.87,0.45,0.63,2026-04-15,905,N21,VIIRS,n,2.0NRT,309.98,11.44,D
18.48222,73.52133,367,0.45,0.63,2026-04-15,905,N21,VIIRS,h,2.0NRT,311.83,11.44,D
18.48247,73.58414,343.6,0.45,0.63,2026-04-15,905,N21,VIIRS,n,2.0NRT,310.57,4.97,D
18.50352,73.3284,346.34,0.43,0.62,2026-04-15,905,N21,VIIRS,n,2.0NRT,314.16,4.89,D
18.50883,73.49693,350.72,0.45,0.63,2026-04-15,905,N21,VIIRS,n,2.0NRT,311.63,9.39,D
18.75167,73.19386,334.88,0.43,0.62,2026-04-15,905,N21,VIIRS,l,2.0NRT,309.74,4.83,D
18.78922,75.65973,340.72,0.63,0.72,2026-04-15,905,N21,VIIRS,l,2.0NRT,312.13,9.41,D
18.79007,75.66254,341.57,0.63,0.72,2026-04-15,905,N21,VIIRS,n,2.0NRT,311.5,12.66,D
18.80741,73.35387,367,0.44,0.62,2026-04-15,905,N21,VIIRS,h,2.0NRT,313.84,13.7,D
18.8077,73.35685,367,0.44,0.62,2026-04-15,905,N21,VIIRS,h,2.0NRT,314.24,13.38,D
18.83389,75.00246,343.93,0.57,0.69,2026-04-15,905,N21,VIIRS,n,2.0NRT,315.54,8.24,D
18.83702,74.99944,342.17,0.57,0.69,2026-04-15,905,N21,VIIRS,l,2.0NRT,314.19,11.24,D
18.86518,74.68444,340.24,0.54,0.68,2026-04-15,905,N21,VIIRS,l,2.0NRT,314.17,9.93,D
18.87079,74.68621,345.16,0.54,0.68,2026-04-15,905,N21,VIIRS,n,2.0NRT,315.82,6.3,D
18.9241,73.52354,340.92,0.45,0.63,2026-04-15,905,N21,VIIRS,n,2.0NRT,310.91,6.86,D
18.96157,73.48946,367,0.45,0.63,2026-04-15,905,N21,VIIRS,h,2.0NRT,313.66,15.61,D
18.96207,73.4945,367,0.45,0.63,2026-04-15,905,N21,VIIRS,h,2.0NRT,315.87,15.61,D
18.96708,73.48624,336.11,0.45,0.63,2026-04-15,905,N21,VIIRS,n,2.0NRT,311.04,5.73,D
18.97306,73.48788,340.74,0.45,0.63,2026-04-15,905,N21,VIIRS,l,2.0NRT,312.32,7.83,D
19.00471,73.43914,340.17,0.45,0.63,2026-04-15,905,N21,VIIRS,l,2.0NRT,314.29,4.4,D
19.04936,73.78568,349.76,0.47,0.64,2026-04-15,905,N21,VIIRS,n,2.0NRT,313.79,6.67,D
19.08124,73.68586,367,0.47,0.64,2026-04-15,905,N21,VIIRS,h,2.0NRT,313.85,12.45,D
19.08538,72.94349,338.69,0.42,0.61,2026-04-15,905,N21,VIIRS,l,2.0NRT,309.21,4.09,D
19.08713,73.68566,342.04,0.47,0.64,2026-04-15,905,N21,VIIRS,n,2.0NRT,315.29,10.07,D
19.08801,73.69466,347.19,0.47,0.64,2026-04-15,905,N21,VIIRS,n,2.0NRT,314.91,17.62,D
19.09614,74.70676,339.84,0.55,0.68,2026-04-15,905,N21,VIIRS,n,2.0NRT,312.4,5.28,D
19.1008,73.41199,340.6,0.45,0.63,2026-04-15,905,N21,VIIRS,l,2.0NRT,314.54,6.42,D
19.10229,73.4127,345.31,0.45,0.63,2026-04-15,905,N21,VIIRS,n,2.0NRT,314.5,8.14,D
19.108,73.41164,367,0.45,0.63,2026-04-15,905,N21,VIIRS,h,2.0NRT,321.09,43.19,D
19.11225,73.33509,367,0.44,0.62,2026-04-15,905,N21,VIIRS,h,2.0NRT,315.33,10.48,D
19.14612,73.09698,353.7,0.43,0.62,2026-04-15,905,N21,VIIRS,n,2.0NRT,321.58,13.01,D
19.23837,72.95784,344.4,0.42,0.61,2026-04-15,905,N21,VIIRS,n,2.0NRT,310.53,6.17,D
19.24278,72.95749,354.79,0.42,0.61,2026-04-15,905,N21,VIIRS,n,2.0NRT,316.03,8.03,D
19.45249,73.80675,339.09,0.48,0.65,2026-04-15,905,N21,VIIRS,n,2.0NRT,311.69,3.58,D
19.4756,73.6871,344.15,0.47,0.64,2026-04-15,905,N21,VIIRS,n,2.0NRT,313.22,7.17,D
19.48403,73.97205,367,0.49,0.65,2026-04-15,905,N21,VIIRS,h,2.0NRT,315.83,18.47,D
19.48446,73.97681,367,0.49,0.65,2026-04-15,905,N21,VIIRS,h,2.0NRT,317.03,20.99,D
19.52972,73.26321,337.32,0.44,0.62,2026-04-15,905,N21,VIIRS,l,2.0NRT,310.86,4.61,D
19.53411,73.92731,351.28,0.49,0.65,2026-04-15,905,N21,VIIRS,n,2.0NRT,320.31,9.48,D
19.54151,73.51262,350.29,0.46,0.63,2026-04-15,905,N21,VIIRS,n,2.0NRT,316.95,9.3,D
19.54406,72.82818,341.77,0.41,0.61,2026-04-15,905,N21,VIIRS,l,2.0NRT,311.95,8.18,D
19.54907,72.82736,344.59,0.41,0.61,2026-04-15,905,N21,VIIRS,n,2.0NRT,313.03,4.92,D
19.60241,73.78428,342.53,0.48,0.65,2026-04-15,905,N21,VIIRS,n,2.0NRT,314.29,3.48,D
19.70656,73.21679,344.82,0.44,0.62,2026-04-15,905,N21,VIIRS,n,2.0NRT,315.17,7.29,D
19.70816,73.17509,350.26,0.44,0.62,2026-04-15,905,N21,VIIRS,n,2.0NRT,315.99,5.92,D
19.70857,73.17918,342.61,0.44,0.62,2026-04-15,905,N21,VIIRS,n,2.0NRT,317.58,6.99,D
19.71053,73.17516,343.44,0.44,0.62,2026-04-15,905,N21,VIIRS,l,2.0NRT,315.48,3,D
19.73893,75.7957,341.3,0.66,0.73,2026-04-15,905,N21,VIIRS,n,2.0NRT,312.12,8.18,D
19.7723,75.79216,340.21,0.66,0.73,2026-04-15,905,N21,VIIRS,l,2.0NRT,312.79,6.2,D
19.78461,72.82493,337.93,0.42,0.61,2026-04-15,905,N21,VIIRS,l,2.0NRT,311.35,6.77,D
19.78831,76.24767,342.57,0.7,0.75,2026-04-15,905,N21,VIIRS,n,2.0NRT,312.45,7.15,D
19.78906,72.82259,346.2,0.42,0.61,2026-04-15,905,N21,VIIRS,n,2.0NRT,312.17,5.99,D
19.80945,74.41549,344.56,0.53,0.67,2026-04-15,905,N21,VIIRS,n,2.0NRT,314.8,7.82,D
19.80989,74.41836,351.03,0.53,0.67,2026-04-15,905,N21,VIIRS,n,2.0NRT,315.65,6.83,D
19.8847,73.59535,344.12,0.47,0.64,2026-04-15,905,N21,VIIRS,n,2.0NRT,318.95,18.71,D
19.88511,73.59973,367,0.47,0.64,2026-04-15,905,N21,VIIRS,h,2.0NRT,320.97,18.71,D
19.94347,73.46756,339.5,0.46,0.64,2026-04-15,905,N21,VIIRS,l,2.0NRT,311.97,3.4,D
19.97456,75.45535,344.03,0.63,0.72,2026-04-15,905,N21,VIIRS,n,2.0NRT,311.93,6.93,D
19.99209,73.42176,340.01,0.46,0.63,2026-04-15,905,N21,VIIRS,n,2.0NRT,313.33,2.07,D
19.99363,76.20821,338.11,0.7,0.75,2026-04-15,905,N21,VIIRS,l,2.0NRT,312.57,4.66,D
20.1325,73.72697,354.38,0.48,0.65,2026-04-15,905,N21,VIIRS,n,2.0NRT,320.26,10.68,D
20.14664,75.64394,351.84,0.65,0.73,2026-04-15,905,N21,VIIRS,n,2.0NRT,315.45,12.08,D
20.149,75.64562,346.98,0.65,0.73,2026-04-15,905,N21,VIIRS,n,2.0NRT,316.05,10.08,D
20.17254,75.88815,367,0.67,0.74,2026-04-15,905,N21,VIIRS,h,2.0NRT,315.75,30.81,D
20.17595,75.88309,352.88,0.67,0.74,2026-04-15,905,N21,VIIRS,n,2.0NRT,313.31,21.98,D
20.17649,75.88954,351.6,0.67,0.74,2026-04-15,905,N21,VIIRS,n,2.0NRT,313.06,22.2,D
20.17756,73.78777,349.4,0.49,0.65,2026-04-15,905,N21,VIIRS,n,2.0NRT,317.94,6.38,D
20.17814,73.72604,347.58,0.48,0.65,2026-04-15,905,N21,VIIRS,l,2.0NRT,319.21,11.48,D
20.18015,73.78773,348,0.49,0.65,2026-04-15,905,N21,VIIRS,n,2.0NRT,318.58,6.12,D
20.18031,73.72613,367,0.48,0.65,2026-04-15,905,N21,VIIRS,h,2.0NRT,320.47,11.54,D
20.18074,73.73064,345.3,0.48,0.65,2026-04-15,905,N21,VIIRS,n,2.0NRT,319.28,9.47,D
20.18986,73.33361,339.81,0.45,0.63,2026-04-15,905,N21,VIIRS,n,2.0NRT,313.17,3.5,D
20.24625,73.49994,343.61,0.47,0.64,2026-04-15,905,N21,VIIRS,n,2.0NRT,314.75,5.3,D
20.24658,73.49908,343.1,0.47,0.64,2026-04-15,905,N21,VIIRS,n,2.0NRT,315.02,5.14,D
20.29201,73.61457,341.89,0.48,0.64,2026-04-15,905,N21,VIIRS,n,2.0NRT,313.44,11.23,D
20.29829,73.61826,367,0.48,0.64,2026-04-15,905,N21,VIIRS,h,2.0NRT,316.34,11.23,D
20.30464,75.23849,342.79,0.61,0.71,2026-04-15,905,N21,VIIRS,n,2.0NRT,311.38,7.2,D
20.38529,76.03992,342.63,0.69,0.74,2026-04-15,905,N21,VIIRS,l,2.0NRT,315.89,14.08,D
20.39801,76.672,338.11,0.76,0.77,2026-04-15,905,N21,VIIRS,l,2.0NRT,312.83,7.56,D
20.39826,73.61961,340.48,0.48,0.65,2026-04-15,905,N21,VIIRS,l,2.0NRT,314.38,7.74,D
20.40798,75.21966,343.59,0.61,0.71,2026-04-15,905,N21,VIIRS,n,2.0NRT,313.56,7.62,D
20.4086,75.22301,345.89,0.61,0.71,2026-04-15,905,N21,VIIRS,n,2.0NRT,313.67,7.78,D
20.45641,73.53961,344.64,0.47,0.64,2026-04-15,905,N21,VIIRS,n,2.0NRT,313.98,7.82,D
20.51501,73.47708,337.63,0.47,0.64,2026-04-15,905,N21,VIIRS,n,2.0NRT,310.92,1.61,D
20.53373,73.48762,346.37,0.47,0.64,2026-04-15,905,N21,VIIRS,n,2.0NRT,311.12,4.27,D
20.60792,73.53197,340.53,0.47,0.64,2026-04-15,905,N21,VIIRS,l,2.0NRT,310.67,4.5,D
20.62921,76.10982,367,0.7,0.75,2026-04-15,905,N21,VIIRS,h,2.0NRT,317.84,26.7,D
20.77497,73.29614,337.31,0.46,0.63,2026-04-15,905,N21,VIIRS,l,2.0NRT,311.57,3.71,D
20.78405,73.5355,333.26,0.48,0.64,2026-04-15,905,N21,VIIRS,l,2.0NRT,308.13,6.1,D
20.78572,73.53633,334.24,0.48,0.64,2026-04-15,905,N21,VIIRS,l,2.0NRT,308.14,4.17,D
20.80267,73.47614,337.32,0.47,0.64,2026-04-15,905,N21,VIIRS,n,2.0NRT,305.7,4.48,D
20.80392,73.47668,333.75,0.47,0.64,2026-04-15,905,N21,VIIRS,n,2.0NRT,305.34,3,D
20.80851,73.54279,336.81,0.48,0.64,2026-04-15,905,N21,VIIRS,l,2.0NRT,309.4,4.73,D
20.8102,73.54317,338.24,0.48,0.64,2026-04-15,905,N21,VIIRS,l,2.0NRT,309.61,7.68,D
20.98752,75.15494,344.86,0.61,0.71,2026-04-15,905,N21,VIIRS,n,2.0NRT,313.44,10.42,D
21.00578,76.11199,351.48,0.71,0.75,2026-04-15,905,N21,VIIRS,n,2.0NRT,318.18,18.62,D
21.00599,76.10779,344.18,0.71,0.75,2026-04-15,905,N21,VIIRS,l,2.0NRT,317.68,13.94,D
21.0767,75.64087,340.16,0.66,0.73,2026-04-15,905,N21,VIIRS,l,2.0NRT,314.93,18.66,D
21.08001,75.64235,352.55,0.66,0.73,2026-04-15,905,N21,VIIRS,n,2.0NRT,315.48,16.78,D
21.10184,72.63519,345.92,0.42,0.61,2026-04-15,905,N21,VIIRS,n,2.0NRT,313.01,8.79,D
21.10299,72.64724,340.5,0.42,0.61,2026-04-15,905,N21,VIIRS,l,2.0NRT,314.19,8.35,D
21.16167,70.13268,336.39,0.57,0.52,2026-04-15,905,N21,VIIRS,n,2.0NRT,306.85,4.19,D
21.18073,70.49406,343.78,0.61,0.53,2026-04-15,905,N21,VIIRS,n,2.0NRT,314.33,9.46,D
21.2075,71.38733,347.18,0.35,0.56,2026-04-15,905,N21,VIIRS,n,2.0NRT,310.12,6.71,D
21.22766,74.08842,339.43,0.52,0.67,2026-04-15,905,N21,VIIRS,n,2.0NRT,311.76,11.2,D
21.22808,74.09325,367,0.52,0.67,2026-04-15,905,N21,VIIRS,h,2.0NRT,310.75,12.94,D
21.24691,75.78849,345.82,0.68,0.74,2026-04-15,905,N21,VIIRS,n,2.0NRT,315.99,10.6,D
21.29351,73.98643,367,0.52,0.67,2026-04-15,905,N21,VIIRS,h,2.0NRT,312.07,12.4,D
21.30964,75.77155,348.45,0.68,0.74,2026-04-15,905,N21,VIIRS,n,2.0NRT,312.33,13.69,D
21.31362,75.76973,352.42,0.68,0.74,2026-04-15,905,N21,VIIRS,n,2.0NRT,312.1,7.91,D
21.3287,75.57262,353.73,0.66,0.73,2026-04-15,905,N21,VIIRS,n,2.0NRT,315.09,14.19,D
21.34776,75.47128,340.78,0.65,0.73,2026-04-15,905,N21,VIIRS,l,2.0NRT,312.49,7.98,D
21.35662,73.42052,335.33,0.48,0.64,2026-04-15,905,N21,VIIRS,l,2.0NRT,309.63,5.55,D
21.35755,75.36517,352.61,0.64,0.72,2026-04-15,905,N21,VIIRS,n,2.0NRT,313.05,10.87,D
21.35948,75.36588,348.64,0.64,0.72,2026-04-15,905,N21,VIIRS,n,2.0NRT,312.25,13.44,D
21.36924,75.57383,342.23,0.66,0.73,2026-04-15,905,N21,VIIRS,n,2.0NRT,311.38,9.41,D
21.38167,73.70873,346.22,0.5,0.66,2026-04-15,905,N21,VIIRS,n,2.0NRT,307.73,6.73,D
21.40785,73.6621,334.77,0.49,0.65,2026-04-15,905,N21,VIIRS,n,2.0NRT,304.76,10.69,D
21.40828,73.66698,367,0.49,0.65,2026-04-15,905,N21,VIIRS,h,2.0NRT,306.41,24.44,D
21.41995,76.45724,339.54,0.75,0.77,2026-04-15,905,N21,VIIRS,n,2.0NRT,309.19,6.61,D
21.42166,71.88106,367,0.38,0.58,2026-04-15,905,N21,VIIRS,h,2.0NRT,313.59,11,D
21.42198,76.45715,337.16,0.75,0.77,2026-04-15,905,N21,VIIRS,n,2.0NRT,308.7,5.53,D
21.42201,71.88471,367,0.38,0.58,2026-04-15,905,N21,VIIRS,h,2.0NRT,315.65,11,D
21.42599,71.86988,367,0.38,0.58,2026-04-15,905,N21,VIIRS,h,2.0NRT,313.18,16.15,D
21.42633,71.87337,367,0.38,0.58,2026-04-15,905,N21,VIIRS,h,2.0NRT,313.31,16.24,D
21.43135,71.86938,367,0.38,0.58,2026-04-15,905,N21,VIIRS,h,2.0NRT,312.58,16.15,D
21.4317,71.87297,367,0.38,0.58,2026-04-15,905,N21,VIIRS,h,2.0NRT,312.42,16.24,D
21.46722,73.78371,345.9,0.5,0.66,2026-04-15,905,N21,VIIRS,n,2.0NRT,307.65,6.36,D
21.46924,73.78276,348.41,0.5,0.66,2026-04-15,905,N21,VIIRS,n,2.0NRT,308.47,7.1,D
21.4973,75.65874,345.36,0.67,0.74,2026-04-15,905,N21,VIIRS,n,2.0NRT,313.4,8.02,D
21.52948,71.51325,352.88,0.36,0.57,2026-04-15,905,N21,VIIRS,n,2.0NRT,324.06,5.59,D
21.54173,75.70903,350.59,0.68,0.74,2026-04-15,905,N21,VIIRS,n,2.0NRT,310.83,17.35,D
21.54215,75.71481,367,0.68,0.74,2026-04-15,905,N21,VIIRS,h,2.0NRT,310.09,18.05,D
21.61755,71.48631,355.2,0.36,0.57,2026-04-15,905,N21,VIIRS,n,2.0NRT,320.86,4.23,D
21.65076,72.83318,340.05,0.44,0.62,2026-04-15,905,N21,VIIRS,l,2.0NRT,315.01,5.1,D
21.6699,75.48167,341.26,0.65,0.73,2026-04-15,905,N21,VIIRS,l,2.0NRT,313.63,9.43,D
21.68112,76.66138,338.27,0.78,0.78,2026-04-15,905,N21,VIIRS,l,2.0NRT,311.15,12.43,D
21.69637,73.75496,351.91,0.5,0.66,2026-04-15,905,N21,VIIRS,n,2.0NRT,309.56,8.9,D
21.71013,72.76142,344.46,0.43,0.62,2026-04-15,905,N21,VIIRS,l,2.0NRT,315.85,7.49,D
21.72413,72.78944,348.43,0.44,0.62,2026-04-15,905,N21,VIIRS,n,2.0NRT,316.76,10.27,D
21.81559,72.62996,352.91,0.43,0.62,2026-04-15,905,N21,VIIRS,n,2.0NRT,315.76,14.08,D
21.83143,73.00284,340.11,0.45,0.63,2026-04-15,905,N21,VIIRS,l,2.0NRT,314.58,4.67,D
21.83553,72.66105,348.15,0.43,0.62,2026-04-15,905,N21,VIIRS,n,2.0NRT,318.9,21.45,D
21.84118,72.66045,367,0.43,0.62,2026-04-15,905,N21,VIIRS,h,2.0NRT,319.45,23.99,D
21.84264,73.66062,335.62,0.5,0.66,2026-04-15,905,N21,VIIRS,l,2.0NRT,306.75,1.36,D
21.87112,72.73677,345.04,0.43,0.62,2026-04-15,905,N21,VIIRS,l,2.0NRT,318.63,11.8,D
21.95525,76.12589,343.47,0.73,0.76,2026-04-15,905,N21,VIIRS,l,2.0NRT,313.89,14.87,D
21.9553,76.12452,343.98,0.73,0.76,2026-04-15,905,N21,VIIRS,n,2.0NRT,313.64,11.97,D
21.98258,69.28529,344.01,0.52,0.5,2026-04-15,905,N21,VIIRS,n,2.0NRT,314.84,31.25,D
22.01655,72.76245,345.47,0.44,0.62,2026-04-15,905,N21,VIIRS,n,2.0NRT,313.59,5.14,D
22.08913,76.52878,351.89,0.77,0.78,2026-04-15,905,N21,VIIRS,n,2.0NRT,312.51,16.57,D
22.08966,76.5363,348.61,0.77,0.78,2026-04-15,905,N21,VIIRS,n,2.0NRT,311.82,16.57,D
22.09313,76.52821,354.71,0.77,0.78,2026-04-15,905,N21,VIIRS,n,2.0NRT,311.82,21.08,D
22.09361,76.53574,344.64,0.77,0.78,2026-04-15,905,N21,VIIRS,n,2.0NRT,310.08,21.17,D
22.11086,71.95936,367,0.39,0.59,2026-04-15,905,N21,VIIRS,h,2.0NRT,320.49,12.7,D
22.17223,69.70781,344.73,0.55,0.51,2026-04-15,905,N21,VIIRS,n,2.0NRT,316.63,14.79,D
22.27713,72.85728,342.67,0.45,0.63,2026-04-15,905,N21,VIIRS,l,2.0NRT,315.23,9.72,D
22.29788,76.42933,334.81,0.77,0.77,2026-04-15,905,N21,VIIRS,l,2.0NRT,309.45,7.61,D
22.36699,76.14201,337.78,0.73,0.76,2026-04-15,905,N21,VIIRS,n,2.0NRT,305.7,6.72,D
22.36781,76.14283,335.84,0.73,0.76,2026-04-15,905,N21,VIIRS,n,2.0NRT,305.48,7.02,D
22.54068,71.74811,341.3,0.38,0.59,2026-04-15,905,N21,VIIRS,l,2.0NRT,316.29,6.99,D
22.59568,75.61448,345.45,0.68,0.74,2026-04-15,905,N21,VIIRS,n,2.0NRT,307.23,5.47,D
22.61432,72.07633,352.48,0.4,0.6,2026-04-15,905,N21,VIIRS,n,2.0NRT,315.48,8.07,D
22.64834,71.35448,341.52,0.36,0.57,2026-04-15,905,N21,VIIRS,l,2.0NRT,316.31,3.92,D
22.65799,72.00926,349.46,0.4,0.6,2026-04-15,905,N21,VIIRS,n,2.0NRT,318.81,11.74,D
22.68276,75.56035,336.88,0.68,0.74,2026-04-15,905,N21,VIIRS,l,2.0NRT,308.91,6.06,D
22.68599,75.70632,331.74,0.69,0.75,2026-04-15,905,N21,VIIRS,l,2.0NRT,306.12,3.23,D
22.70625,76.40096,333.53,0.77,0.77,2026-04-15,905,N21,VIIRS,l,2.0NRT,307.73,7.74,D
22.7128,76.00049,331.64,0.73,0.76,2026-04-15,905,N21,VIIRS,l,2.0NRT,306.14,2.77,D
22.71815,75.24004,339.66,0.65,0.73,2026-04-15,905,N21,VIIRS,n,2.0NRT,309.63,4.78,D
22.73383,76.10549,334.67,0.74,0.76,2026-04-15,905,N21,VIIRS,l,2.0NRT,307.67,5.59,D
22.7482,75.38402,340.76,0.66,0.73,2026-04-15,905,N21,VIIRS,n,2.0NRT,307.38,14.94,D
22.74858,76.01812,367,0.73,0.76,2026-04-15,905,N21,VIIRS,h,2.0NRT,307.71,20.25,D
22.74897,76.01891,367,0.73,0.76,2026-04-15,905,N21,VIIRS,h,2.0NRT,307.9,18.38,D
22.74966,71.62801,340.19,0.38,0.58,2026-04-15,905,N21,VIIRS,l,2.0NRT,312.75,2.87,D
22.75147,75.3853,367,0.66,0.73,2026-04-15,905,N21,VIIRS,h,2.0NRT,309.37,17.73,D
22.75491,75.38343,367,0.66,0.73,2026-04-15,905,N21,VIIRS,h,2.0NRT,309.77,14.94,D
22.75536,75.3899,346.51,0.66,0.73,2026-04-15,905,N21,VIIRS,n,2.0NRT,304.97,14.94,D
22.75818,75.38474,367,0.66,0.73,2026-04-15,905,N21,VIIRS,h,2.0NRT,308.42,17.73,D
22.7782,75.42677,335.57,0.67,0.73,2026-04-15,905,N21,VIIRS,l,2.0NRT,310.36,5.55,D
22.84407,76.57905,335.07,0.79,0.78,2026-04-15,905,N21,VIIRS,n,2.0NRT,303.97,9.04,D
22.87639,76.28565,332.19,0.76,0.77,2026-04-15,905,N21,VIIRS,l,2.0NRT,305.32,5.51,D
22.87838,76.28288,331.32,0.76,0.77,2026-04-15,905,N21,VIIRS,l,2.0NRT,304.83,3.99,D
22.92272,72.216,342.66,0.41,0.61,2026-04-15,905,N21,VIIRS,l,2.0NRT,316.47,7.69,D
22.92318,70.1069,344.22,0.6,0.53,2026-04-15,905,N21,VIIRS,n,2.0NRT,310.29,25.16,D
22.92472,70.10846,345.97,0.6,0.53,2026-04-15,905,N21,VIIRS,n,2.0NRT,310.64,29.9,D
22.92558,75.2084,338.07,0.65,0.73,2026-04-15,905,N21,VIIRS,l,2.0NRT,310.45,4.6,D
22.92859,72.15511,348.09,0.41,0.61,2026-04-15,905,N21,VIIRS,n,2.0NRT,317.92,14.23,D
22.9839,71.90941,343.42,0.39,0.6,2026-04-15,905,N21,VIIRS,n,2.0NRT,316.62,8.55,D
22.98421,75.37663,367,0.66,0.73,2026-04-15,905,N21,VIIRS,h,2.0NRT,310.73,22.43,D
22.98787,72.3148,345.38,0.42,0.61,2026-04-15,905,N21,VIIRS,n,2.0NRT,312.5,5.64,D
22.98907,75.25378,336.18,0.65,0.73,2026-04-15,905,N21,VIIRS,l,2.0NRT,308.68,13.07,D
22.98952,75.26013,355.17,0.65,0.73,2026-04-15,905,N21,VIIRS,n,2.0NRT,309.56,16.7,D
22.99866,76.23107,333.69,0.76,0.77,2026-04-15,905,N21,VIIRS,l,2.0NRT,305.32,7.23,D
23.00058,76.23215,334.58,0.76,0.77,2026-04-15,905,N21,VIIRS,l,2.0NRT,306.78,5.46,D
23.0034,76.19336,367,0.75,0.77,2026-04-15,905,N21,VIIRS,h,2.0NRT,308.1,39.3,D
23.00366,74.82267,367,0.61,0.71,2026-04-15,905,N21,VIIRS,h,2.0NRT,308.61,25.33,D
23.00389,74.82397,367,0.61,0.71,2026-04-15,905,N21,VIIRS,h,2.0NRT,309.73,22.2,D
23.00457,76.18687,342.7,0.75,0.77,2026-04-15,905,N21,VIIRS,n,2.0NRT,306.23,25.38,D
23.00509,76.19449,367,0.75,0.77,2026-04-15,905,N21,VIIRS,h,2.0NRT,307.08,31.46,D
23.02494,73.69128,335.12,0.52,0.67,2026-04-15,905,N21,VIIRS,n,2.0NRT,307.64,3.11,D
23.03965,75.48959,367,0.68,0.74,2026-04-15,905,N21,VIIRS,h,2.0NRT,312.84,46,D
23.04012,75.49619,367,0.68,0.74,2026-04-15,905,N21,VIIRS,h,2.0NRT,312.53,46,D
23.04237,75.49535,367,0.68,0.74,2026-04-15,905,N21,VIIRS,h,2.0NRT,312.88,97.95,D
23.04641,75.48901,352.93,0.68,0.74,2026-04-15,905,N21,VIIRS,n,2.0NRT,314.13,36.34,D
23.04688,75.49563,339.98,0.68,0.74,2026-04-15,905,N21,VIIRS,n,2.0NRT,309.26,36.34,D
23.0527,76.3005,331.85,0.76,0.77,2026-04-15,905,N21,VIIRS,l,2.0NRT,306.51,5.64,D
23.06028,76.30778,330.82,0.77,0.77,2026-04-15,905,N21,VIIRS,l,2.0NRT,305.53,4.16,D
23.08264,75.61259,342.38,0.69,0.74,2026-04-15,905,N21,VIIRS,n,2.0NRT,308.61,7.51,D
23.08443,75.83102,332.76,0.71,0.75,2026-04-15,905,N21,VIIRS,l,2.0NRT,306.66,7.38,D
23.08465,75.83063,332.23,0.71,0.75,2026-04-15,905,N21,VIIRS,l,2.0NRT,306.33,6.56,D
23.08883,69.82388,337.2,0.58,0.52,2026-04-15,905,N21,VIIRS,l,2.0NRT,310.99,4.13,D
23.12191,75.66267,332.43,0.7,0.75,2026-04-15,905,N21,VIIRS,l,2.0NRT,306.1,4.71,D
23.12646,75.62864,334.58,0.69,0.74,2026-04-15,905,N21,VIIRS,l,2.0NRT,306.85,3.12,D
23.12959,75.02998,354.35,0.63,0.72,2026-04-15,905,N21,VIIRS,n,2.0NRT,313.15,15.74,D
23.13078,75.02924,351.65,0.63,0.72,2026-04-15,905,N21,VIIRS,n,2.0NRT,312.88,9.21,D
23.13122,75.03518,339.25,0.63,0.72,2026-04-15,905,N21,VIIRS,l,2.0NRT,311.66,9.21,D
23.13143,75.60112,341.84,0.69,0.74,2026-04-15,905,N21,VIIRS,n,2.0NRT,309.56,8.25,D
23.13419,69.74243,344.27,0.57,0.52,2026-04-15,905,N21,VIIRS,n,2.0NRT,315.2,7.39,D
23.14651,71.96976,349.25,0.4,0.6,2026-04-15,905,N21,VIIRS,n,2.0NRT,319.17,14.92,D
23.21678,69.50836,348.04,0.55,0.51,2026-04-15,905,N21,VIIRS,n,2.0NRT,313.73,9.88,D
23.29432,68.73273,342.32,0.5,0.49,2026-04-15,905,N21,VIIRS,n,2.0NRT,311.95,5.52,D
23.29607,68.73536,341.52,0.5,0.49,2026-04-15,905,N21,VIIRS,l,2.0NRT,311.83,4.69,D
23.3109,75.56649,335.08,0.69,0.74,2026-04-15,905,N21,VIIRS,l,2.0NRT,306.46,4.47,D
23.31148,75.08648,333.21,0.64,0.72,2026-04-15,905,N21,VIIRS,l,2.0NRT,308.12,4.03,D
23.31771,75.56595,334.73,0.69,0.74,2026-04-15,905,N21,VIIRS,l,2.0NRT,305.9,4.47,D
23.34151,70.70038,344.44,0.33,0.55,2026-04-15,905,N21,VIIRS,l,2.0NRT,318.57,6.8,D
23.36371,69.31486,344.3,0.54,0.51,2026-04-15,905,N21,VIIRS,n,2.0NRT,312.76,9.76,D
23.36404,75.35042,353.76,0.67,0.73,2026-04-15,905,N21,VIIRS,n,2.0NRT,305.75,18.56,D
23.36453,69.31191,344.47,0.54,0.51,2026-04-15,905,N21,VIIRS,n,2.0NRT,313.02,9.82,D
23.36705,75.34872,340.38,0.67,0.73,2026-04-15,905,N21,VIIRS,n,2.0NRT,305.69,10.91,D
23.36748,75.35524,345.01,0.67,0.74,2026-04-15,905,N21,VIIRS,n,2.0NRT,305.05,13.22,D
23.39598,71.62955,355.4,0.38,0.59,2026-04-15,905,N21,VIIRS,n,2.0NRT,317.08,4.24,D
23.40612,75.3258,337.95,0.67,0.73,2026-04-15,905,N21,VIIRS,l,2.0NRT,308.12,5,D
23.41244,74.57218,332.92,0.6,0.7,2026-04-15,905,N21,VIIRS,l,2.0NRT,307.29,2.77,D
23.41373,75.85945,335.51,0.72,0.76,2026-04-15,905,N21,VIIRS,l,2.0NRT,306.76,3.28,D
23.41381,75.86051,332.97,0.72,0.76,2026-04-15,905,N21,VIIRS,l,2.0NRT,307.23,4.16,D
23.4375,70.85895,347.41,0.34,0.56,2026-04-15,905,N21,VIIRS,n,2.0NRT,314.35,9,D
23.44056,75.18304,331.33,0.65,0.73,2026-04-15,905,N21,VIIRS,l,2.0NRT,304.57,4.58,D
23.4432,75.18142,334.39,0.65,0.73,2026-04-15,905,N21,VIIRS,l,2.0NRT,305.73,4.65,D
23.49445,75.4241,333.78,0.68,0.74,2026-04-15,905,N21,VIIRS,l,2.0NRT,306.53,6.04,D
23.49702,75.42542,344.9,0.68,0.74,2026-04-15,905,N21,VIIRS,n,2.0NRT,307.61,7.44,D
23.50909,76.14098,331.68,0.75,0.77,2026-04-15,905,N21,VIIRS,l,2.0NRT,305.57,3.04,D
23.53012,72.26151,335.62,0.42,0.61,2026-04-15,905,N21,VIIRS,l,2.0NRT,310.38,4.08,D
23.54332,75.71207,330.62,0.71,0.75,2026-04-15,905,N21,VIIRS,l,2.0NRT,304.97,6.22,D
23.54712,75.36208,367,0.67,0.74,2026-04-15,905,N21,VIIRS,h,2.0NRT,308.44,30.21,D
23.5499,75.3599,351.18,0.67,0.74,2026-04-15,905,N21,VIIRS,n,2.0NRT,307.34,36.6,D
23.55031,75.36636,367,0.67,0.74,2026-04-15,905,N21,VIIRS,h,2.0NRT,307.24,42.84,D
23.55387,75.36163,367,0.67,0.74,2026-04-15,905,N21,VIIRS,h,2.0NRT,306.62,30.21,D
23.57727,76.24362,331.1,0.77,0.77,2026-04-15,905,N21,VIIRS,l,2.0NRT,306.08,6.11,D
23.57772,76.25098,340.56,0.77,0.77,2026-04-15,905,N21,VIIRS,n,2.0NRT,308.32,6.11,D
23.60649,75.82655,340.55,0.72,0.76,2026-04-15,905,N21,VIIRS,n,2.0NRT,306.68,8.3,D
23.60689,75.83187,339.06,0.72,0.76,2026-04-15,905,N21,VIIRS,n,2.0NRT,305.73,12,D
23.63953,69.32077,346.59,0.55,0.51,2026-04-15,905,N21,VIIRS,n,2.0NRT,316.25,22.92,D
23.64009,69.3261,367,0.55,0.51,2026-04-15,905,N21,VIIRS,h,2.0NRT,319.38,19.36,D
23.64065,69.33142,344.83,0.55,0.51,2026-04-15,905,N21,VIIRS,n,2.0NRT,315.4,19.36,D
23.64419,69.32018,346.9,0.55,0.51,2026-04-15,905,N21,VIIRS,n,2.0NRT,318.67,14.29,D
23.64475,69.32551,352.18,0.55,0.51,2026-04-15,905,N21,VIIRS,n,2.0NRT,319.03,21.04,D
23.64531,69.33083,351.62,0.55,0.51,2026-04-15,905,N21,VIIRS,n,2.0NRT,317.81,21.04,D
23.64885,69.3196,347.7,0.55,0.51,2026-04-15,905,N21,VIIRS,n,2.0NRT,315.97,14.29,D
23.64941,69.32492,346.67,0.55,0.51,2026-04-15,905,N21,VIIRS,n,2.0NRT,314.26,21.04,D
23.65927,75.37062,345.22,0.67,0.74,2026-04-15,905,N21,VIIRS,n,2.0NRT,307.18,8.16,D
23.66127,75.36323,339.25,0.67,0.74,2026-04-15,905,N21,VIIRS,n,2.0NRT,308.71,8.09,D
23.66169,75.36975,347.71,0.67,0.74,2026-04-15,905,N21,VIIRS,n,2.0NRT,307.26,8.09,D
23.66558,75.36363,338.76,0.67,0.74,2026-04-15,905,N21,VIIRS,n,2.0NRT,308.02,4.19,D
23.67026,75.63225,337.33,0.7,0.75,2026-04-15,905,N21,VIIRS,n,2.0NRT,306.48,2.62,D
23.6711,75.63179,332.83,0.7,0.75,2026-04-15,905,N21,VIIRS,l,2.0NRT,306.45,7.69,D
23.67426,75.90386,336.67,0.73,0.76,2026-04-15,905,N21,VIIRS,l,2.0NRT,307.58,5.32,D
23.69912,75.21663,331.64,0.66,0.73,2026-04-15,905,N21,VIIRS,l,2.0NRT,306.59,2.36,D
23.72592,74.01469,330.52,0.55,0.68,2026-04-15,905,N21,VIIRS,l,2.0NRT,303.93,3.88,D
23.7597,75.72145,333.97,0.71,0.75,2026-04-15,905,N21,VIIRS,l,2.0NRT,304.81,3.83,D
23.80876,75.39253,335.59,0.68,0.74,2026-04-15,905,N21,VIIRS,l,2.0NRT,309.54,3.41,D
23.81552,75.93526,334.34,0.74,0.76,2026-04-15,905,N21,VIIRS,l,2.0NRT,308.29,3.55,D
23.82201,75.9375,339.24,0.74,0.76,2026-04-15,905,N21,VIIRS,n,2.0NRT,306.02,9.77,D
23.8225,75.93477,343.86,0.74,0.76,2026-04-15,905,N21,VIIRS,n,2.0NRT,307.23,7.22,D
23.87249,73.33289,334.76,0.5,0.66,2026-04-15,905,N21,VIIRS,n,2.0NRT,302.26,1.97,D
23.8915,75.40656,337.23,0.68,0.74,2026-04-15,905,N21,VIIRS,n,2.0NRT,304.33,8.62,D
23.8936,75.40462,332.06,0.68,0.74,2026-04-15,905,N21,VIIRS,l,2.0NRT,304.86,3.87,D
23.95439,72.81105,337.8,0.46,0.64,2026-04-15,905,N21,VIIRS,n,2.0NRT,305.6,3.7,D
24.03567,74.8554,332.7,0.63,0.72,2026-04-15,905,N21,VIIRS,l,2.0NRT,305.17,4.6,D
24.05859,75.60004,344.61,0.7,0.75,2026-04-15,905,N21,VIIRS,n,2.0NRT,308.1,8.55,D
24.05982,74.64229,335.8,0.61,0.71,2026-04-15,905,N21,VIIRS,l,2.0NRT,307.79,2.75,D
24.05985,74.64346,336.98,0.61,0.71,2026-04-15,905,N21,VIIRS,l,2.0NRT,307,3.8,D
24.07994,73.36689,335.75,0.51,0.66,2026-04-15,905,N21,VIIRS,l,2.0NRT,308.57,5.41,D
24.08843,75.52925,334.99,0.7,0.75,2026-04-15,905,N21,VIIRS,l,2.0NRT,306.93,7.5,D
24.09352,74.29229,332.24,0.58,0.7,2026-04-15,905,N21,VIIRS,l,2.0NRT,303.9,2.15,D
24.1388,74.17036,331.11,0.57,0.69,2026-04-15,905,N21,VIIRS,l,2.0NRT,303.39,4.87,D
24.33385,74.91101,341.63,0.64,0.72,2026-04-15,905,N21,VIIRS,n,2.0NRT,305.62,7.14,D
24.38846,73.51405,335.64,0.52,0.67,2026-04-15,905,N21,VIIRS,l,2.0NRT,308.17,3.25,D
24.42447,75.00028,367,0.65,0.73,2026-04-15,905,N21,VIIRS,h,2.0NRT,310.92,66.58,D
24.46069,69.16445,347.16,0.55,0.51,2026-04-15,905,N21,VIIRS,n,2.0NRT,316.31,14.47,D
24.54363,68.53874,344.32,0.5,0.49,2026-04-15,905,N21,VIIRS,n,2.0NRT,310.24,9.66,D
24.55012,73.7765,338.99,0.54,0.68,2026-04-15,905,N21,VIIRS,n,2.0NRT,302.81,7.76,D
24.61642,76.32847,335.62,0.79,0.78,2026-04-15,905,N21,VIIRS,l,2.0NRT,307.83,1.69,D
24.65731,74.94865,338.86,0.65,0.73,2026-04-15,905,N21,VIIRS,n,2.0NRT,303.75,14.39,D
24.65775,74.95529,337.42,0.65,0.73,2026-04-15,905,N21,VIIRS,n,2.0NRT,301.9,10.25,D
24.72013,76.32034,367,0.79,0.78,2026-04-15,905,N21,VIIRS,h,2.0NRT,308.41,23.88,D
24.80437,73.35418,335.91,0.51,0.66,2026-04-15,905,N21,VIIRS,l,2.0NRT,306.8,3.39,D
24.80663,74.15884,342.63,0.58,0.7,2026-04-15,905,N21,VIIRS,n,2.0NRT,307.48,8.45,D
24.93511,73.89847,335.64,0.56,0.69,2026-04-15,905,N21,VIIRS,n,2.0NRT,303.97,7.73,D
24.93732,73.89527,339.47,0.56,0.69,2026-04-15,905,N21,VIIRS,n,2.0NRT,304.91,3.78,D
25.00628,76.11051,334.42,0.77,0.78,2026-04-15,905,N21,VIIRS,n,2.0NRT,303.87,5.6,D
25.08966,75.95327,367,0.76,0.77,2026-04-15,905,N21,VIIRS,h,2.0NRT,301.51,17.61,D
25.09449,75.95158,367,0.76,0.77,2026-04-15,905,N21,VIIRS,h,2.0NRT,304,30.48,D
25.09672,75.9528,340.81,0.76,0.77,2026-04-15,905,N21,VIIRS,n,2.0NRT,301.46,17.61,D
25.21904,73.61825,337.14,0.54,0.68,2026-04-15,905,N21,VIIRS,n,2.0NRT,306.1,6.06,D
25.22015,73.61988,339.92,0.54,0.68,2026-04-15,905,N21,VIIRS,n,2.0NRT,306.87,7.51,D
25.34374,75.56272,336.19,0.72,0.76,2026-04-15,905,N21,VIIRS,n,2.0NRT,303.37,4.31,D
25.34387,75.56284,336.32,0.72,0.75,2026-04-15,905,N21,VIIRS,n,2.0NRT,303.58,4.31,D
25.37162,75.91244,355.46,0.76,0.77,2026-04-15,905,N21,VIIRS,n,2.0NRT,305.53,19.71,D
25.37644,75.91228,367,0.76,0.77,2026-04-15,905,N21,VIIRS,h,2.0NRT,305.64,19.14,D
25.39455,72.97995,337.81,0.49,0.65,2026-04-15,905,N21,VIIRS,l,2.0NRT,311.51,5.81,D
25.39751,72.98136,343.33,0.49,0.65,2026-04-15,905,N21,VIIRS,n,2.0NRT,311.69,10.53,D
25.40092,72.98425,338.85,0.49,0.65,2026-04-15,905,N21,VIIRS,l,2.0NRT,309.1,5.81,D
28.00626,69.87906,338.52,0.33,0.56,2026-04-15,905,N21,VIIRS,l,2.0NRT,312.93,2.65,D
28.05319,69.3716,342.94,0.62,0.54,2026-04-15,905,N21,VIIRS,l,2.0NRT,313.61,4.76,D
28.16729,70.23258,350.96,0.35,0.57,2026-04-15,905,N21,VIIRS,n,2.0NRT,312.81,3.55,D
28.32959,70.02688,336.55,0.34,0.56,2026-04-15,905,N21,VIIRS,l,2.0NRT,310.67,5.29,D
28.33193,70.02954,342.37,0.34,0.56,2026-04-15,905,N21,VIIRS,n,2.0NRT,311.83,5.03,D
28.37035,69.62753,344.21,0.32,0.55,2026-04-15,905,N21,VIIRS,n,2.0NRT,311.21,5.5,D
28.38264,68.06286,342.28,0.52,0.5,2026-04-15,905,N21,VIIRS,n,2.0NRT,314.5,3.64,D
28.51144,69.78986,345.32,0.33,0.56,2026-04-15,905,N21,VIIRS,n,2.0NRT,313.39,4.4,D
28.56446,69.76774,339.91,0.33,0.56,2026-04-15,905,N21,VIIRS,l,2.0NRT,311.71,4.89,D
28.56474,69.77114,337.54,0.33,0.56,2026-04-15,905,N21,VIIRS,l,2.0NRT,312.19,5.29,D
28.66458,68.28395,344.87,0.54,0.51,2026-04-15,905,N21,VIIRS,l,2.0NRT,317.37,9.94,D
28.66474,70.03299,340.91,0.35,0.56,2026-04-15,905,N21,VIIRS,n,2.0NRT,315.03,5.53,D
28.73656,69.99574,367,0.35,0.56,2026-04-15,905,N21,VIIRS,h,2.0NRT,315.33,6.35,D
28.75339,70.73634,338.34,0.38,0.59,2026-04-15,905,N21,VIIRS,n,2.0NRT,307.75,2.87,D
28.75558,71.13905,344.75,0.41,0.6,2026-04-15,905,N21,VIIRS,n,2.0NRT,314.69,6.2,D
28.75584,71.13883,344.39,0.41,0.6,2026-04-15,905,N21,VIIRS,n,2.0NRT,314.75,6.69,D
28.76568,70.1545,337.93,0.35,0.57,2026-04-15,905,N21,VIIRS,l,2.0NRT,311.29,2.98,D
28.76631,70.15397,337,0.35,0.57,2026-04-15,905,N21,VIIRS,l,2.0NRT,311.1,1.54,D
28.77704,70.16422,337.49,0.35,0.57,2026-04-15,905,N21,VIIRS,l,2.0NRT,310.75,4.26,D
28.78425,70.18124,339.75,0.36,0.57,2026-04-15,905,N21,VIIRS,l,2.0NRT,314.25,4.35,D
28.78778,70.15894,348.8,0.35,0.57,2026-04-15,905,N21,VIIRS,n,2.0NRT,314.27,14.83,D
28.79301,70.15837,367,0.35,0.57,2026-04-15,905,N21,VIIRS,h,2.0NRT,315.17,14.83,D
28.82658,70.05325,342.1,0.35,0.57,2026-04-15,905,N21,VIIRS,n,2.0NRT,312.92,3.91,D
28.82776,70.06753,367,0.35,0.57,2026-04-15,905,N21,VIIRS,h,2.0NRT,313.22,7.29,D
28.87736,70.97808,335.84,0.4,0.6,2026-04-15,905,N21,VIIRS,n,2.0NRT,308.95,5.6,D
28.87766,70.98216,346.56,0.4,0.6,2026-04-15,905,N21,VIIRS,n,2.0NRT,310.78,8,D
28.88938,70.37601,335.66,0.37,0.58,2026-04-15,905,N21,VIIRS,l,2.0NRT,309.6,2.41,D
28.89006,70.37442,342,0.37,0.58,2026-04-15,905,N21,VIIRS,n,2.0NRT,310.2,3.13,D
28.96009,71.33722,343.24,0.42,0.61,2026-04-15,905,N21,VIIRS,l,2.0NRT,315.29,5.46,D
28.99138,71.84679,342.55,0.45,0.63,2026-04-15,905,N21,VIIRS,l,2.0NRT,313.25,6.81,D
28.99171,71.85143,346.38,0.45,0.63,2026-04-15,905,N21,VIIRS,n,2.0NRT,313.62,6.81,D
28.99187,71.84575,338.95,0.45,0.63,2026-04-15,905,N21,VIIRS,l,2.0NRT,312.54,9.31,D
28.99216,71.85039,353.64,0.45,0.63,2026-04-15,905,N21,VIIRS,n,2.0NRT,313.96,11.87,D
28.99574,71.07237,339.1,0.41,0.6,2026-04-15,905,N21,VIIRS,l,2.0NRT,312.66,3.63,D
29.06875,72.12472,367,0.47,0.64,2026-04-15,905,N21,VIIRS,h,2.0NRT,316,13.08,D
29.07433,72.11936,338.21,0.47,0.64,2026-04-15,905,N21,VIIRS,n,2.0NRT,311.98,13.08,D
29.07574,70.5135,334.24,0.38,0.58,2026-04-15,905,N21,VIIRS,l,2.0NRT,308.97,2.91,D
29.08653,70.58249,342.52,0.38,0.59,2026-04-15,905,N21,VIIRS,n,2.0NRT,310.92,3.04,D
29.10258,72.36949,340.2,0.49,0.65,2026-04-15,905,N21,VIIRS,l,2.0NRT,310.22,7.01,D
29.1029,72.3745,335.67,0.49,0.65,2026-04-15,905,N21,VIIRS,l,2.0NRT,310.34,1.87,D
29.12298,71.88261,340.88,0.46,0.63,2026-04-15,905,N21,VIIRS,l,2.0NRT,311.56,3.64,D
29.12308,71.88534,342.68,0.46,0.63,2026-04-15,905,N21,VIIRS,l,2.0NRT,313.78,8.38,D
29.14051,71.07169,341.27,0.41,0.6,2026-04-15,905,N21,VIIRS,l,2.0NRT,311.42,4.55,D
29.15588,72.21264,337.18,0.48,0.65,2026-04-15,905,N21,VIIRS,l,2.0NRT,312.13,3.38,D
29.15602,71.35742,337.9,0.42,0.61,2026-04-15,905,N21,VIIRS,l,2.0NRT,310.96,3.78,D
29.15704,70.61471,339.68,0.38,0.59,2026-04-15,905,N21,VIIRS,l,2.0NRT,311.73,2.77,D
29.1813,70.50654,367,0.38,0.58,2026-04-15,905,N21,VIIRS,h,2.0NRT,311.91,9.33,D
29.19741,71.16846,337.75,0.41,0.61,2026-04-15,905,N21,VIIRS,n,2.0NRT,311.33,1.28,D
29.21025,71.27045,367,0.42,0.61,2026-04-15,905,N21,VIIRS,h,2.0NRT,311.63,9.94,D
29.22285,70.9061,335.83,0.4,0.6,2026-04-15,905,N21,VIIRS,l,2.0NRT,310.34,5.03,D
29.2247,70.93066,350.9,0.4,0.6,2026-04-15,905,N21,VIIRS,n,2.0NRT,310.53,7.31,D
29.22737,72.58222,336.23,0.51,0.66,2026-04-15,905,N21,VIIRS,l,2.0NRT,309.56,4.75,D
29.23191,71.93611,338.32,0.46,0.64,2026-04-15,905,N21,VIIRS,l,2.0NRT,311.31,3.51,D
29.23522,70.50485,337.69,0.38,0.58,2026-04-15,905,N21,VIIRS,n,2.0NRT,309.92,2.31,D
29.2382,70.50268,341.33,0.38,0.58,2026-04-15,905,N21,VIIRS,n,2.0NRT,309.62,2.86,D
29.2429,72.53935,353.41,0.5,0.66,2026-04-15,905,N21,VIIRS,n,2.0NRT,310.22,11.43,D
29.24496,72.54179,347.36,0.5,0.66,2026-04-15,905,N21,VIIRS,n,2.0NRT,308.98,6.84,D
29.25692,70.53585,344.63,0.38,0.59,2026-04-15,905,N21,VIIRS,n,2.0NRT,309.94,4.38,D
29.26229,70.53529,348.55,0.38,0.59,2026-04-15,905,N21,VIIRS,n,2.0NRT,312.03,4.33,D
29.27541,70.56532,346.84,0.38,0.59,2026-04-15,905,N21,VIIRS,n,2.0NRT,310.81,3.47,D
29.28618,70.49384,348.35,0.38,0.58,2026-04-15,905,N21,VIIRS,n,2.0NRT,313.05,5.29,D
29.3431,71.1019,350.36,0.41,0.61,2026-04-15,905,N21,VIIRS,n,2.0NRT,307.89,5.34,D
29.38827,71.41035,335.56,0.43,0.62,2026-04-15,905,N21,VIIRS,l,2.0NRT,306.94,2.09,D
29.4684,71.21461,367,0.42,0.61,2026-04-15,905,N21,VIIRS,h,2.0NRT,309.15,10.24,D
29.54662,72.35338,349.84,0.49,0.65,2026-04-15,905,N21,VIIRS,n,2.0NRT,309.76,10.5,D
29.54907,72.35075,352.73,0.49,0.65,2026-04-15,905,N21,VIIRS,n,2.0NRT,311.38,12.46,D
29.56282,72.05737,343.68,0.47,0.64,2026-04-15,905,N21,VIIRS,n,2.0NRT,308.31,3.92,D
29.59125,71.33006,336.48,0.43,0.62,2026-04-15,905,N21,VIIRS,l,2.0NRT,311.13,6.88,D
29.59154,71.33447,342.83,0.43,0.62,2026-04-15,905,N21,VIIRS,n,2.0NRT,309.58,5.77,D
29.59382,71.33082,348.95,0.43,0.62,2026-04-15,905,N21,VIIRS,n,2.0NRT,312.32,9.39,D
29.6062,71.42319,337.73,0.43,0.62,2026-04-15,905,N21,VIIRS,n,2.0NRT,308.87,1.91,D
29.72247,71.41138,340.93,0.43,0.62,2026-04-15,905,N21,VIIRS,n,2.0NRT,307.21,3.24,D
29.73904,71.81396,346.69,0.46,0.63,2026-04-15,905,N21,VIIRS,n,2.0NRT,306.27,8.21,D
29.73911,71.81179,351.17,0.46,0.63,2026-04-15,905,N21,VIIRS,n,2.0NRT,306.94,6.06,D
29.76395,71.74537,341.77,0.46,0.63,2026-04-15,905,N21,VIIRS,n,2.0NRT,307.65,4.39,D
29.77006,71.74952,352.14,0.46,0.63,2026-04-15,905,N21,VIIRS,n,2.0NRT,307.44,7.28,D
29.77769,71.77721,335.51,0.46,0.63,2026-04-15,905,N21,VIIRS,l,2.0NRT,307.73,2.05,D
29.78691,71.39798,338.62,0.43,0.62,2026-04-15,905,N21,VIIRS,n,2.0NRT,307.58,2.68,D
29.89052,71.98527,334.45,0.47,0.64,2026-04-15,905,N21,VIIRS,n,2.0NRT,304.41,4.21,D
29.99202,73.42947,341.81,0.58,0.7,2026-04-15,905,N21,VIIRS,n,2.0NRT,307.06,12.32,D
29.99233,73.43546,347.96,0.58,0.7,2026-04-15,905,N21,VIIRS,n,2.0NRT,306.4,11.59,D
30.05333,69.9947,336.96,0.36,0.57,2026-04-15,905,N21,VIIRS,l,2.0NRT,307.36,8.68,D
30.05378,70.00053,367,0.36,0.57,2026-04-15,905,N21,VIIRS,h,2.0NRT,310.34,14.8,D
30.05905,70.00043,331.7,0.36,0.57,2026-04-15,905,N21,VIIRS,n,2.0NRT,305.96,1.82,D
30.08435,72.00471,341.25,0.48,0.64,2026-04-15,905,N21,VIIRS,n,2.0NRT,303.66,6.42,D
30.08579,72.0026,343.22,0.47,0.64,2026-04-15,905,N21,VIIRS,n,2.0NRT,303.57,6.91,D
30.11432,73.78072,338.76,0.61,0.71,2026-04-15,905,N21,VIIRS,n,2.0NRT,305.68,7.92,D
30.11957,72.19205,342.43,0.49,0.65,2026-04-15,905,N21,VIIRS,n,2.0NRT,302.89,9.23,D
30.14397,73.31034,349.15,0.57,0.69,2026-04-15,905,N21,VIIRS,n,2.0NRT,297.84,12.98,D
30.19574,72.0074,330.64,0.48,0.64,2026-04-15,905,N21,VIIRS,l,2.0NRT,303.91,2.42,D
30.46474,70.83716,334.74,0.41,0.6,2026-04-15,905,N21,VIIRS,n,2.0NRT,306.4,2.13,D
30.72093,70.84757,348.59,0.41,0.61,2026-04-15,905,N21,VIIRS,n,2.0NRT,308.88,6.58,D
30.72157,70.84648,349.55,0.41,0.61,2026-04-15,905,N21,VIIRS,n,2.0NRT,308.52,5.01,D
30.87878,73.51546,345.23,0.6,0.7,2026-04-15,905,N21,VIIRS,n,2.0NRT,298.6,10.01,D
30.87931,73.51398,341.83,0.6,0.7,2026-04-15,905,N21,VIIRS,n,2.0NRT,298.4,7.62,D
31.10638,71.39649,344.15,0.45,0.63,2026-04-15,905,N21,VIIRS,n,2.0NRT,307.37,8.28,D
31.15975,75.24968,335.57,0.77,0.77,2026-04-15,905,N21,VIIRS,n,2.0NRT,299.98,15.08,D
31.16,75.25768,346.99,0.77,0.77,2026-04-15,905,N21,VIIRS,n,2.0NRT,301.16,18.29,D
31.16288,75.25299,367,0.77,0.77,2026-04-15,905,N21,VIIRS,h,2.0NRT,301.72,20.42,D
31.53102,70.89974,336.48,0.42,0.61,2026-04-15,905,N21,VIIRS,n,2.0NRT,305.19,3.52,D
31.53422,70.94843,335.31,0.42,0.61,2026-04-15,905,N21,VIIRS,n,2.0NRT,304.93,2.78,D
26.09298,68.87955,351.14,0.55,0.51,2026-04-15,907,N21,VIIRS,n,2.0NRT,315.91,11.5,D
26.09559,68.87698,344.15,0.55,0.51,2026-04-15,907,N21,VIIRS,l,2.0NRT,315.43,11.56,D
26.14013,73.00005,353.36,0.5,0.66,2026-04-15,907,N21,VIIRS,n,2.0NRT,308.63,17.08,D
26.14252,73.00208,367,0.5,0.66,2026-04-15,907,N21,VIIRS,h,2.0NRT,308.19,13.77,D
26.23172,68.11431,334.61,0.49,0.49,2026-04-15,907,N21,VIIRS,l,2.0NRT,308.21,2.71,D
26.23462,68.11154,336.69,0.49,0.49,2026-04-15,907,N21,VIIRS,l,2.0NRT,307.78,2.97,D
26.75076,70.27326,354.2,0.34,0.56,2026-04-15,907,N21,VIIRS,n,2.0NRT,318.75,4.17,D
27.35238,68.5622,343.53,0.54,0.51,2026-04-15,907,N21,VIIRS,n,2.0NRT,313.35,6.17,D
27.35399,68.56392,340.5,0.54,0.51,2026-04-15,907,N21,VIIRS,l,2.0NRT,313.94,7.44,D
27.40215,71.07404,341.46,0.39,0.59,2026-04-15,907,N21,VIIRS,l,2.0NRT,315.49,2.46,D
27.52055,71.30461,345.98,0.41,0.6,2026-04-15,907,N21,VIIRS,n,2.0NRT,316.05,3.4,D
22.17685,97.95432,300.99,0.79,0.78,2026-04-15,1811,N21,VIIRS,n,2.0NRT,287.56,1.29,N
17.75938,97.9967,305.51,0.7,0.75,2026-04-15,1813,N21,VIIRS,n,2.0NRT,292.66,4.67,N
17.76682,97.99102,309.97,0.7,0.75,2026-04-15,1813,N21,VIIRS,n,2.0NRT,292.86,4.46,N
17.76739,97.99434,302.89,0.7,0.75,2026-04-15,1813,N21,VIIRS,n,2.0NRT,292.74,4.65,N
17.76785,97.98871,304.4,0.7,0.75,2026-04-15,1813,N21,VIIRS,n,2.0NRT,292.68,3.59,N
17.98654,97.54751,303.25,0.76,0.77,2026-04-15,1813,N21,VIIRS,n,2.0NRT,291.94,1.49,N
19.75947,97.76633,313.44,0.77,0.77,2026-04-15,1813,N21,VIIRS,n,2.0NRT,292.4,7.27,N
22.66617,96.56693,299.38,0.33,0.55,2026-04-15,1949,N21,VIIRS,n,2.0NRT,288.46,0.55,N
22.67007,96.25972,302.64,0.63,0.54,2026-04-15,1949,N21,VIIRS,n,2.0NRT,290.81,7.16,N
22.68052,96.42709,306.89,0.33,0.55,2026-04-15,1949,N21,VIIRS,n,2.0NRT,288.4,1.16,N
22.78979,97.26083,301.64,0.37,0.58,2026-04-15,1949,N21,VIIRS,n,2.0NRT,288.94,0.73,N
22.88583,96.54074,303.99,0.33,0.55,2026-04-15,1949,N21,VIIRS,n,2.0NRT,288.39,1.05,N
22.89143,94.67605,305.97,0.5,0.49,2026-04-15,1949,N21,VIIRS,n,2.0NRT,295.7,1.77,N
22.93286,94.53385,311.09,0.49,0.48,2026-04-15,1949,N21,VIIRS,n,2.0NRT,295.44,2.28,N
22.93721,94.53502,313.4,0.49,0.48,2026-04-15,1949,N21,VIIRS,n,2.0NRT,295.34,2.28,N
22.94156,94.53613,306.55,0.49,0.48,2026-04-15,1949,N21,VIIRS,n,2.0NRT,294.43,1.96,N
23.03351,97.32384,300.19,0.36,0.58,2026-04-15,1949,N21,VIIRS,n,2.0NRT,286.24,2.7,N
23.04347,94.50779,299.05,0.48,0.48,2026-04-15,1949,N21,VIIRS,n,2.0NRT,281.72,0.68,N
23.0435,94.50631,297.1,0.48,0.48,2026-04-15,1949,N21,VIIRS,n,2.0NRT,280.77,0.46,N
23.09374,96.03222,308.19,0.6,0.53,2026-04-15,1949,N21,VIIRS,n,2.0NRT,292.48,2.04,N
23.14755,97.35442,307.76,0.36,0.58,2026-04-15,1949,N21,VIIRS,n,2.0NRT,288.1,2.28,N
23.55372,96.16969,315.86,0.6,0.53,2026-04-15,1949,N21,VIIRS,n,2.0NRT,288.12,2.71,N
24.53778,97.84058,295.28,0.37,0.58,2026-04-15,1949,N21,VIIRS,n,2.0NRT,280,0.19,N
24.69463,83.9455,307.74,0.49,0.4,2026-04-15,1949,N21,VIIRS,n,2.0NRT,297.28,2.76,N
24.70884,83.98183,317.64,0.49,0.4,2026-04-15,1949,N21,VIIRS,n,2.0NRT,297.72,3.38,N
24.71008,83.88331,308.1,0.49,0.41,2026-04-15,1949,N21,VIIRS,n,2.0NRT,297.81,2.93,N
24.71317,83.88882,312.59,0.49,0.41,2026-04-15,1949,N21,VIIRS,n,2.0NRT,297.4,3.71,N
24.7342,83.69235,308.39,0.51,0.41,2026-04-15,1949,N21,VIIRS,n,2.0NRT,295.33,2.46,N
24.73991,83.76801,307.95,0.5,0.41,2026-04-15,1949,N21,VIIRS,n,2.0NRT,297.03,2.63,N
24.79051,83.95272,311.98,0.49,0.4,2026-04-15,1949,N21,VIIRS,n,2.0NRT,296.59,3.2,N
24.80635,83.66687,312.62,0.51,0.41,2026-04-15,1949,N21,VIIRS,n,2.0NRT,297.1,2.6,N
24.86145,84.017,310.6,0.49,0.4,2026-04-15,1949,N21,VIIRS,n,2.0NRT,297.94,3.93,N
24.88357,85.4293,308.44,0.43,0.38,2026-04-15,1949,N21,VIIRS,n,2.0NRT,294.59,0.94,N
24.91969,83.84422,304.21,0.5,0.41,2026-04-15,1949,N21,VIIRS,n,2.0NRT,292.16,1.04,N
24.92147,84.15517,304.36,0.48,0.4,2026-04-15,1949,N21,VIIRS,n,2.0NRT,293.21,0.94,N
24.92577,84.15097,304.79,0.48,0.4,2026-04-15,1949,N21,VIIRS,n,2.0NRT,294.44,1.03,N
24.93006,84.14677,306.93,0.48,0.4,2026-04-15,1949,N21,VIIRS,n,2.0NRT,294.19,1.03,N
24.95341,81.69317,309.66,0.44,0.46,2026-04-15,1949,N21,VIIRS,n,2.0NRT,296.99,2.51,N
24.97145,84.11172,314.74,0.49,0.4,2026-04-15,1949,N21,VIIRS,n,2.0NRT,292.3,2.1,N
24.97183,84.11427,316.58,0.49,0.4,2026-04-15,1949,N21,VIIRS,n,2.0NRT,292.25,1.2,N
24.98766,81.77092,303.62,0.43,0.46,2026-04-15,1949,N21,VIIRS,n,2.0NRT,293.25,0.66,N
24.98779,83.72814,305.78,0.51,0.41,2026-04-15,1949,N21,VIIRS,n,2.0NRT,292.51,0.91,N
24.98986,83.88992,304.54,0.5,0.41,2026-04-15,1949,N21,VIIRS,n,2.0NRT,293.17,1.27,N
24.99155,83.7287,307.78,0.51,0.41,2026-04-15,1949,N21,VIIRS,n,2.0NRT,292.72,0.91,N
24.99967,83.16163,309.47,0.54,0.42,2026-04-15,1949,N21,VIIRS,n,2.0NRT,295.8,2.6,N
25.00154,83.74038,302.53,0.51,0.41,2026-04-15,1949,N21,VIIRS,n,2.0NRT,292.11,0.76,N
25.00594,83.73595,308.11,0.51,0.41,2026-04-15,1949,N21,VIIRS,n,2.0NRT,292.53,1.43,N
25.00703,84.06823,311.53,0.49,0.4,2026-04-15,1949,N21,VIIRS,n,2.0NRT,292.91,1.6,N
25.00949,84.04895,321.38,0.49,0.4,2026-04-15,1949,N21,VIIRS,n,2.0NRT,293.57,3.79,N
25.01105,83.8731,307.57,0.5,0.41,2026-04-15,1949,N21,VIIRS,n,2.0NRT,293.35,1.2,N
25.01805,83.92144,306.51,0.5,0.41,2026-04-15,1949,N21,VIIRS,n,2.0NRT,293.97,1.07,N
25.02303,83.97198,304.43,0.49,0.41,2026-04-15,1949,N21,VIIRS,n,2.0NRT,292.23,1.48,N
25.03045,83.8833,302.86,0.5,0.41,2026-04-15,1949,N21,VIIRS,n,2.0NRT,292.62,0.46,N
25.0311,87.37852,328.12,0.39,0.36,2026-04-15,1949,N21,VIIRS,n,2.0NRT,297.1,3.03,N
25.03168,87.37474,324.57,0.39,0.36,2026-04-15,1949,N21,VIIRS,n,2.0NRT,297.25,3.03,N
25.03209,87.39433,310.88,0.39,0.36,2026-04-15,1949,N21,VIIRS,n,2.0NRT,295.42,2.08,N
25.03225,87.37094,328.92,0.39,0.36,2026-04-15,1949,N21,VIIRS,n,2.0NRT,298.27,3.75,N
25.03498,87.37534,307.35,0.39,0.36,2026-04-15,1949,N21,VIIRS,n,2.0NRT,295.71,1.5,N
25.03666,83.86416,311.38,0.5,0.41,2026-04-15,1949,N21,VIIRS,n,2.0NRT,292.76,1.64,N
25.03851,83.93951,304.22,0.5,0.41,2026-04-15,1949,N21,VIIRS,n,2.0NRT,292.83,0.68,N
25.04039,83.86472,311.11,0.5,0.41,2026-04-15,1949,N21,VIIRS,n,2.0NRT,292.63,1.48,N
25.04084,84.09792,311.51,0.49,0.4,2026-04-15,1949,N21,VIIRS,n,2.0NRT,292.02,1.95,N
25.041,87.38033,310.22,0.39,0.36,2026-04-15,1949,N21,VIIRS,n,2.0NRT,296.4,1.29,N
25.04288,83.87516,306.03,0.5,0.41,2026-04-15,1949,N21,VIIRS,n,2.0NRT,292.78,0.97,N
25.0435,83.87023,309.68,0.5,0.41,2026-04-15,1949,N21,VIIRS,n,2.0NRT,292.76,1.48,N
25.04595,83.94065,313.91,0.5,0.41,2026-04-15,1949,N21,VIIRS,n,2.0NRT,292.76,1.56,N
25.04648,84.02505,302.38,0.49,0.4,2026-04-15,1949,N21,VIIRS,n,2.0NRT,292.31,1.09,N
25.04661,83.87572,304.36,0.5,0.41,2026-04-15,1949,N21,VIIRS,n,2.0NRT,292.68,0.72,N
25.05576,84.01164,302.66,0.49,0.4,2026-04-15,1949,N21,VIIRS,n,2.0NRT,292.14,1.47,N
25.05851,83.65892,308.78,0.51,0.41,2026-04-15,1949,N21,VIIRS,n,2.0NRT,292.91,1.35,N
25.0626,83.98792,306.78,0.49,0.41,2026-04-15,1949,N21,VIIRS,n,2.0NRT,293.33,1.37,N
25.06442,84.00306,312,0.49,0.4,2026-04-15,1949,N21,VIIRS,n,2.0NRT,293.15,1.57,N
25.06505,83.99821,309.52,0.49,0.4,2026-04-15,1949,N21,VIIRS,n,2.0NRT,292.84,1.57,N
25.06585,83.9037,306.55,0.5,0.41,2026-04-15,1949,N21,VIIRS,n,2.0NRT,292.7,1.98,N
25.06694,83.98361,307.47,0.49,0.41,2026-04-15,1949,N21,VIIRS,n,2.0NRT,292.75,1.31,N
25.06894,83.90917,303.22,0.5,0.41,2026-04-15,1949,N21,VIIRS,n,2.0NRT,292.46,1.32,N
25.07128,83.97932,303.27,0.49,0.41,2026-04-15,1949,N21,VIIRS,n,2.0NRT,292.98,0.68,N
25.07151,83.85939,305.99,0.5,0.41,2026-04-15,1949,N21,VIIRS,n,2.0NRT,293.4,1.47,N
25.07387,83.92992,304.71,0.5,0.41,2026-04-15,1949,N21,VIIRS,n,2.0NRT,292.58,0.54,N
25.07462,83.86488,310.96,0.5,0.41,2026-04-15,1949,N21,VIIRS,n,2.0NRT,292.93,1.47,N
25.07733,83.17242,306.79,0.54,0.42,2026-04-15,1949,N21,VIIRS,n,2.0NRT,292.28,1.32,N
25.07892,83.89066,325.04,0.5,0.41,2026-04-15,1949,N21,VIIRS,n,2.0NRT,293.65,3.53,N
25.07899,83.86051,303.45,0.5,0.41,2026-04-15,1949,N21,VIIRS,n,2.0NRT,292.67,1.27,N
25.0806,83.96582,305.16,0.49,0.41,2026-04-15,1949,N21,VIIRS,n,2.0NRT,292.3,1.3,N
25.08088,83.84569,311.46,0.5,0.41,2026-04-15,1949,N21,VIIRS,n,2.0NRT,293.04,2.47,N
25.08803,83.96694,307.42,0.49,0.41,2026-04-15,1949,N21,VIIRS,n,2.0NRT,292.49,1.03,N
25.08892,83.87207,306.98,0.5,0.41,2026-04-15,1949,N21,VIIRS,n,2.0NRT,292.56,1.38,N
25.08955,83.86714,303.64,0.5,0.41,2026-04-15,1949,N21,VIIRS,n,2.0NRT,292.94,1.35,N
25.09301,83.95775,314.25,0.5,0.41,2026-04-15,1949,N21,VIIRS,n,2.0NRT,293.15,1.79,N
25.09789,83.97839,313.11,0.49,0.41,2026-04-15,1949,N21,VIIRS,n,2.0NRT,293.48,1.82,N
25.10022,83.97594,327.67,0.49,0.41,2026-04-15,1949,N21,VIIRS,n,2.0NRT,294.15,3.9,N
25.10039,83.78283,305.54,0.51,0.41,2026-04-15,1949,N21,VIIRS,n,2.0NRT,292.65,0.89,N
25.10161,83.97894,312.63,0.49,0.41,2026-04-15,1949,N21,VIIRS,n,2.0NRT,293.43,1.29,N
25.10225,83.97408,304.12,0.49,0.41,2026-04-15,1949,N21,VIIRS,n,2.0NRT,292.77,1.29,N
25.10276,84.01603,306.79,0.49,0.4,2026-04-15,1949,N21,VIIRS,n,2.0NRT,292.94,1.71,N
25.10321,83.87925,304.7,0.5,0.41,2026-04-15,1949,N21,VIIRS,n,2.0NRT,292.53,1.05,N
25.10337,84.01117,317.63,0.49,0.4,2026-04-15,1949,N21,VIIRS,n,2.0NRT,293.47,1.71,N
25.10375,83.90443,307.52,0.5,0.41,2026-04-15,1949,N21,VIIRS,n,2.0NRT,292.39,0.79,N
25.10385,83.87432,305.41,0.5,0.41,2026-04-15,1949,N21,VIIRS,n,2.0NRT,292.78,1.05,N
25.10491,83.92463,305.73,0.5,0.41,2026-04-15,1949,N21,VIIRS,n,2.0NRT,293,0.98,N
25.10498,85.29423,306.39,0.43,0.38,2026-04-15,1949,N21,VIIRS,n,2.0NRT,294.96,0.93,N
25.10557,85.28996,308.73,0.43,0.38,2026-04-15,1949,N21,VIIRS,n,2.0NRT,295.17,0.93,N
25.10566,83.90182,304.05,0.5,0.41,2026-04-15,1949,N21,VIIRS,n,2.0NRT,292.01,0.81,N
25.10647,84.01659,309.73,0.49,0.4,2026-04-15,1949,N21,VIIRS,n,2.0NRT,292.81,2.15,N
25.10822,83.86996,304.82,0.5,0.41,2026-04-15,1949,N21,VIIRS,n,2.0NRT,292.54,1.29,N
25.11357,83.76956,308.6,0.51,0.41,2026-04-15,1949,N21,VIIRS,n,2.0NRT,292.05,1.83,N
25.11388,84.01773,303.6,0.49,0.4,2026-04-15,1949,N21,VIIRS,n,2.0NRT,292.1,1.34,N
25.11421,83.76456,323.83,0.51,0.41,2026-04-15,1949,N21,VIIRS,n,2.0NRT,293.31,1.83,N
25.11501,83.91827,305.33,0.5,0.41,2026-04-15,1949,N21,VIIRS,n,2.0NRT,291.99,0.84,N
25.11539,83.78509,308.26,0.51,0.41,2026-04-15,1949,N21,VIIRS,n,2.0NRT,292.52,1.55,N
25.11562,83.91335,306.13,0.5,0.41,2026-04-15,1949,N21,VIIRS,n,2.0NRT,292.53,0.84,N
25.11668,83.77511,301.95,0.51,0.41,2026-04-15,1949,N21,VIIRS,n,2.0NRT,291.8,0.84,N
25.11733,83.77012,305.63,0.51,0.41,2026-04-15,1949,N21,VIIRS,n,2.0NRT,292.18,1.83,N
25.1182,84.01343,309.35,0.49,0.4,2026-04-15,1949,N21,VIIRS,n,2.0NRT,292.39,1.34,N
25.12315,84.03399,304.8,0.49,0.4,2026-04-15,1949,N21,VIIRS,n,2.0NRT,292.5,0.59,N
25.12806,83.93527,302.53,0.5,0.41,2026-04-15,1949,N21,VIIRS,n,2.0NRT,291.88,0.64,N
25.12867,83.93037,304.37,0.5,0.41,2026-04-15,1949,N21,VIIRS,n,2.0NRT,292.95,1.88,N
25.13336,85.34685,306.14,0.43,0.38,2026-04-15,1949,N21,VIIRS,n,2.0NRT,295.13,0.95,N
25.14033,83.71427,304.93,0.51,0.41,2026-04-15,1949,N21,VIIRS,n,2.0NRT,292.23,0.86,N
25.14295,83.90747,310.3,0.5,0.41,2026-04-15,1949,N21,VIIRS,n,2.0NRT,292.17,1.33,N
25.14357,83.90253,311.64,0.5,0.41,2026-04-15,1949,N21,VIIRS,n,2.0NRT,292.54,1.43,N
25.14409,83.71484,304.12,0.51,0.41,2026-04-15,1949,N21,VIIRS,n,2.0NRT,292.14,0.77,N
25.14793,83.89817,311.05,0.5,0.41,2026-04-15,1949,N21,VIIRS,n,2.0NRT,292.46,1.43,N
25.15166,83.89874,315.96,0.5,0.41,2026-04-15,1949,N21,VIIRS,n,2.0NRT,292.73,1.79,N
25.15288,83.70589,308.76,0.51,0.41,2026-04-15,1949,N21,VIIRS,n,2.0NRT,292.58,1.02,N
25.1612,84.14795,305.95,0.49,0.4,2026-04-15,1949,N21,VIIRS,n,2.0NRT,292.67,0.8,N
25.1616,83.91029,306.89,0.5,0.41,2026-04-15,1949,N21,VIIRS,n,2.0NRT,292.41,0.88,N
25.16196,84.0843,321.35,0.49,0.4,2026-04-15,1949,N21,VIIRS,n,2.0NRT,292.93,2.77,N
25.16415,83.83001,310.77,0.5,0.41,2026-04-15,1949,N21,VIIRS,n,2.0NRT,292.31,1.27,N
25.16551,84.14372,305.4,0.49,0.4,2026-04-15,1949,N21,VIIRS,n,2.0NRT,292.05,0.74,N
25.16668,83.77959,305.9,0.51,0.41,2026-04-15,1949,N21,VIIRS,n,2.0NRT,292.08,1.77,N
25.16775,83.95129,317.31,0.5,0.41,2026-04-15,1949,N21,VIIRS,n,2.0NRT,292.79,2.71,N
25.16843,83.91635,302.79,0.5,0.41,2026-04-15,1949,N21,VIIRS,n,2.0NRT,292.07,1.04,N
25.16905,83.91143,310.9,0.5,0.41,2026-04-15,1949,N21,VIIRS,n,2.0NRT,292.66,1.04,N
25.17044,83.78016,319.83,0.51,0.41,2026-04-15,1949,N21,VIIRS,n,2.0NRT,293.18,1.77,N
25.17107,83.77515,307.23,0.51,0.41,2026-04-15,1949,N21,VIIRS,n,2.0NRT,292.6,2.05,N
25.17207,84.20809,305.59,0.48,0.4,2026-04-15,1949,N21,VIIRS,n,2.0NRT,292.83,2.34,N
25.1727,84.20332,306.29,0.48,0.4,2026-04-15,1949,N21,VIIRS,n,2.0NRT,292.47,2.13,N
25.17278,83.91199,305.35,0.5,0.41,2026-04-15,1949,N21,VIIRS,n,2.0NRT,292.53,1.3,N
25.17293,83.79071,309.58,0.51,0.41,2026-04-15,1949,N21,VIIRS,n,2.0NRT,292.65,1.4,N
25.17419,83.78072,305.55,0.51,0.41,2026-04-15,1949,N21,VIIRS,n,2.0NRT,292.39,1.15,N
25.17539,83.8317,304.89,0.5,0.41,2026-04-15,1949,N21,VIIRS,n,2.0NRT,292.26,1.92,N
25.17556,84.20683,328.98,0.48,0.4,2026-04-15,1949,N21,VIIRS,n,2.0NRT,292.98,4.94,N
25.17575,84.20865,329.48,0.48,0.4,2026-04-15,1949,N21,VIIRS,n,2.0NRT,293.39,2.34,N
25.17602,83.82673,316.51,0.5,0.41,2026-04-15,1949,N21,VIIRS,n,2.0NRT,292.89,1.91,N
25.17651,83.91255,308.6,0.5,0.41,2026-04-15,1949,N21,VIIRS,n,2.0NRT,293.14,1.3,N
25.17917,84.17818,310.01,0.48,0.4,2026-04-15,1949,N21,VIIRS,n,2.0NRT,292.3,1.7,N
25.17977,83.82729,313.43,0.5,0.41,2026-04-15,1949,N21,VIIRS,n,2.0NRT,293.16,1.91,N
25.17978,84.17339,334.36,0.48,0.4,2026-04-15,1949,N21,VIIRS,n,2.0NRT,294.1,3.11,N
25.18015,84.17527,338.1,0.48,0.4,2026-04-15,1949,N21,VIIRS,n,2.0NRT,294.45,6.51,N
25.18184,83.62762,303.45,0.52,0.41,2026-04-15,1949,N21,VIIRS,n,2.0NRT,292.92,0.72,N
25.18225,83.8378,305.1,0.5,0.41,2026-04-15,1949,N21,VIIRS,n,2.0NRT,291.64,0.84,N
25.18234,83.77685,305.62,0.51,0.41,2026-04-15,1949,N21,VIIRS,n,2.0NRT,292.05,0.86,N
25.18247,83.62253,305.15,0.52,0.41,2026-04-15,1949,N21,VIIRS,n,2.0NRT,292.46,1.23,N
25.18346,84.17397,308.05,0.48,0.4,2026-04-15,1949,N21,VIIRS,n,2.0NRT,293.64,3.11,N
25.18593,84.1841,308.54,0.48,0.4,2026-04-15,1949,N21,VIIRS,n,2.0NRT,293.19,1.16,N
25.1861,83.7774,303.73,0.51,0.41,2026-04-15,1949,N21,VIIRS,n,2.0NRT,292.34,0.86,N
25.18624,84.18594,306.4,0.48,0.4,2026-04-15,1949,N21,VIIRS,n,2.0NRT,292.81,1.8,N
25.1896,84.18466,308.72,0.48,0.4,2026-04-15,1949,N21,VIIRS,n,2.0NRT,292.54,1.16,N
25.19285,83.84445,306.67,0.5,0.41,2026-04-15,1949,N21,VIIRS,n,2.0NRT,292.03,0.9,N
25.19821,84.20547,303.28,0.48,0.4,2026-04-15,1949,N21,VIIRS,n,2.0NRT,292.8,0.92,N
25.19881,84.2007,306.86,0.48,0.4,2026-04-15,1949,N21,VIIRS,n,2.0NRT,293.04,0.92,N
25.19914,83.82512,302.71,0.5,0.41,2026-04-15,1949,N21,VIIRS,n,2.0NRT,291.99,1.16,N
25.19942,84.19592,307.27,0.48,0.4,2026-04-15,1949,N21,VIIRS,n,2.0NRT,292.93,1.13,N
25.19978,83.82014,309.07,0.5,0.41,2026-04-15,1949,N21,VIIRS,n,2.0NRT,292.54,1.33,N
25.19997,84.13247,306.64,0.49,0.4,2026-04-15,1949,N21,VIIRS,n,2.0NRT,292.76,1.44,N
25.20003,84.19115,308.9,0.48,0.4,2026-04-15,1949,N21,VIIRS,n,2.0NRT,292.96,1.13,N
25.20289,83.82569,311.63,0.5,0.41,2026-04-15,1949,N21,VIIRS,n,2.0NRT,292.51,1.16,N
25.20352,83.8207,309.82,0.5,0.41,2026-04-15,1949,N21,VIIRS,n,2.0NRT,292.6,1.33,N
25.2067,84.10894,305.73,0.49,0.4,2026-04-15,1949,N21,VIIRS,n,2.0NRT,292.67,1.1,N
25.211,84.10468,313.3,0.49,0.4,2026-04-15,1949,N21,VIIRS,n,2.0NRT,292.84,1.59,N
25.21164,84.12936,308.92,0.49,0.4,2026-04-15,1949,N21,VIIRS,n,2.0NRT,292.66,2.01,N
25.21615,83.78191,305.75,0.51,0.41,2026-04-15,1949,N21,VIIRS,n,2.0NRT,292.31,1.06,N
25.22355,83.81356,315.46,0.5,0.41,2026-04-15,1949,N21,VIIRS,n,2.0NRT,292.86,1.79,N
25.2242,83.80857,313.53,0.51,0.41,2026-04-15,1949,N21,VIIRS,n,2.0NRT,292.63,1.79,N
25.22424,83.81654,306.87,0.51,0.41,2026-04-15,1949,N21,VIIRS,n,2.0NRT,292.37,0.94,N
25.22486,83.81155,315.87,0.51,0.41,2026-04-15,1949,N21,VIIRS,n,2.0NRT,292.71,1.73,N
25.22547,83.80654,307.55,0.51,0.41,2026-04-15,1949,N21,VIIRS,n,2.0NRT,292.19,1.73,N
25.22601,79.40186,309.84,0.61,0.54,2026-04-15,1949,N21,VIIRS,n,2.0NRT,291.74,1.86,N
25.2288,83.96351,317.56,0.5,0.41,2026-04-15,1949,N21,VIIRS,n,2.0NRT,292.25,2.28,N
25.23723,85.35379,306.97,0.43,0.38,2026-04-15,1949,N21,VIIRS,n,2.0NRT,294.39,0.9,N
25.25337,84.18473,313.08,0.48,0.4,2026-04-15,1949,N21,VIIRS,n,2.0NRT,292.69,1.47,N
25.258,83.88248,303.73,0.5,0.41,2026-04-15,1949,N21,VIIRS,n,2.0NRT,292.22,0.78,N
25.26172,83.9133,302.3,0.5,0.41,2026-04-15,1949,N21,VIIRS,n,2.0NRT,291.78,0.63,N
25.2642,83.92375,314.51,0.5,0.41,2026-04-15,1949,N21,VIIRS,n,2.0NRT,292.11,2.87,N
25.26546,83.91387,302,0.5,0.41,2026-04-15,1949,N21,VIIRS,n,2.0NRT,291.98,0.58,N
25.27414,83.9353,311.29,0.5,0.41,2026-04-15,1949,N21,VIIRS,n,2.0NRT,292.54,1.4,N
25.27827,84.05074,312.23,0.49,0.4,2026-04-15,1949,N21,VIIRS,n,2.0NRT,292.92,1.88,N
25.27913,83.926,304.42,0.5,0.41,2026-04-15,1949,N21,VIIRS,n,2.0NRT,292.36,1.04,N
25.28568,84.05186,317.26,0.49,0.4,2026-04-15,1949,N21,VIIRS,n,2.0NRT,293.23,2.25,N
25.30231,83.86388,312.8,0.5,0.41,2026-04-15,1949,N21,VIIRS,n,2.0NRT,291.81,2.87,N
25.30295,83.85892,324.31,0.5,0.41,2026-04-15,1949,N21,VIIRS,n,2.0NRT,292.6,2.87,N
25.3173,84.20679,331.11,0.48,0.4,2026-04-15,1949,N21,VIIRS,n,2.0NRT,294.99,4.16,N
25.31791,84.202,345.18,0.48,0.4,2026-04-15,1949,N21,VIIRS,n,2.0NRT,296.22,9.3,N
25.38991,91.15009,302.02,0.44,0.39,2026-04-15,1949,N21,VIIRS,n,2.0NRT,288.68,0.64,N
25.4245,76.69427,301.57,0.46,0.64,2026-04-15,1949,N21,VIIRS,n,2.0NRT,290.95,0.64,N
25.42773,76.80217,305.34,0.45,0.63,2026-04-15,1949,N21,VIIRS,n,2.0NRT,292.25,0.58,N
25.42786,76.80508,306,0.45,0.63,2026-04-15,1949,N21,VIIRS,n,2.0NRT,292.09,0.76,N
25.4376,86.0694,305.4,0.41,0.37,2026-04-15,1949,N21,VIIRS,n,2.0NRT,294.53,0.8,N
25.44901,76.44342,320.57,0.48,0.64,2026-04-15,1949,N21,VIIRS,n,2.0NRT,290.61,2.23,N
25.45089,76.44572,300.61,0.48,0.64,2026-04-15,1949,N21,VIIRS,n,2.0NRT,289.18,1.33,N
25.45127,76.441,313.5,0.48,0.64,2026-04-15,1949,N21,VIIRS,n,2.0NRT,290.35,2.09,N
25.45135,78.99921,302.9,0.33,0.55,2026-04-15,1949,N21,VIIRS,n,2.0NRT,291.21,0.39,N
25.4585,76.71126,308.35,0.46,0.63,2026-04-15,1949,N21,VIIRS,n,2.0NRT,291.53,1.45,N
25.46388,79.03,304.01,0.33,0.55,2026-04-15,1949,N21,VIIRS,n,2.0NRT,291.85,0.45,N
25.46398,76.7164,303.09,0.46,0.63,2026-04-15,1949,N21,VIIRS,n,2.0NRT,291.09,1.06,N
25.46434,76.71181,302.74,0.46,0.63,2026-04-15,1949,N21,VIIRS,n,2.0NRT,291.05,1.04,N
25.47788,78.98907,301.5,0.33,0.55,2026-04-15,1949,N21,VIIRS,n,2.0NRT,291.37,0.62,N
25.51821,76.69562,303.05,0.46,0.64,2026-04-15,1949,N21,VIIRS,n,2.0NRT,289.75,0.77,N
25.51837,76.69827,304.43,0.46,0.64,2026-04-15,1949,N21,VIIRS,n,2.0NRT,289.68,0.98,N
25.53936,91.23518,306.44,0.45,0.39,2026-04-15,1949,N21,VIIRS,n,2.0NRT,286.91,1.02,N
25.53988,76.7233,301.45,0.46,0.63,2026-04-15,1949,N21,VIIRS,n,2.0NRT,290,0.43,N
25.54277,79.22008,306.67,0.32,0.54,2026-04-15,1949,N21,VIIRS,n,2.0NRT,290.68,1,N
25.54286,91.23594,302.6,0.45,0.39,2026-04-15,1949,N21,VIIRS,n,2.0NRT,286.8,1.02,N
25.56254,76.73206,301.43,0.46,0.63,2026-04-15,1949,N21,VIIRS,n,2.0NRT,290.63,0.87,N
25.58817,79.16763,311.77,0.32,0.55,2026-04-15,1949,N21,VIIRS,n,2.0NRT,291.23,0.86,N
25.58979,97.63673,295.21,0.34,0.56,2026-04-15,1949,N21,VIIRS,n,2.0NRT,279.53,0.62,N
25.59739,78.9593,303.61,0.33,0.55,2026-04-15,1949,N21,VIIRS,n,2.0NRT,290.54,0.73,N
25.59851,79.16562,310.25,0.32,0.55,2026-04-15,1949,N21,VIIRS,n,2.0NRT,291.52,0.65,N
25.59881,79.16245,301.58,0.32,0.55,2026-04-15,1949,N21,VIIRS,n,2.0NRT,291.37,0.65,N
25.59913,78.99605,301.57,0.33,0.55,2026-04-15,1949,N21,VIIRS,n,2.0NRT,291.17,0.73,N
25.60704,76.68978,302.78,0.46,0.64,2026-04-15,1949,N21,VIIRS,n,2.0NRT,290.44,0.96,N
25.60819,78.9538,306.44,0.33,0.55,2026-04-15,1949,N21,VIIRS,n,2.0NRT,290.44,0.78,N
25.62495,79.0482,301.84,0.33,0.55,2026-04-15,1949,N21,VIIRS,n,2.0NRT,290.02,0.54,N
25.64276,76.38508,301.07,0.48,0.65,2026-04-15,1949,N21,VIIRS,n,2.0NRT,290.09,0.9,N
25.64603,76.38488,304.4,0.48,0.65,2026-04-15,1949,N21,VIIRS,n,2.0NRT,290.42,0.93,N
25.65873,76.45829,304.22,0.48,0.65,2026-04-15,1949,N21,VIIRS,n,2.0NRT,289.82,1.32,N
25.65908,76.45353,302.26,0.48,0.65,2026-04-15,1949,N21,VIIRS,n,2.0NRT,289.68,1.46,N
25.66094,76.45886,301.33,0.48,0.65,2026-04-15,1949,N21,VIIRS,n,2.0NRT,289.69,1.22,N
25.66132,76.45411,300.8,0.48,0.65,2026-04-15,1949,N21,VIIRS,n,2.0NRT,289.55,1.48,N
25.69675,76.0786,301.56,0.51,0.66,2026-04-15,1949,N21,VIIRS,n,2.0NRT,290.78,0.78,N
25.89513,82.65467,303.06,0.4,0.44,2026-04-15,1949,N21,VIIRS,n,2.0NRT,290.63,0.67,N
26.1978,87.24115,298.49,0.39,0.36,2026-04-15,1949,N21,VIIRS,n,2.0NRT,286.06,0.5,N
26.26381,74.18754,304.04,0.68,0.74,2026-04-15,1949,N21,VIIRS,n,2.0NRT,293.72,3.44,N
26.29665,83.46259,317.76,0.54,0.42,2026-04-15,1949,N21,VIIRS,n,2.0NRT,293.79,2.57,N
26.30765,83.69188,324.17,0.53,0.42,2026-04-15,1949,N21,VIIRS,n,2.0NRT,293.82,4.01,N
26.33695,83.69785,304.52,0.53,0.42,2026-04-15,1949,N21,VIIRS,n,2.0NRT,292.49,1.08,N
26.34968,83.81675,303.79,0.52,0.42,2026-04-15,1949,N21,VIIRS,n,2.0NRT,293.15,0.76,N
26.3915,83.47241,302.31,0.54,0.42,2026-04-15,1949,N21,VIIRS,n,2.0NRT,290.96,1.08,N
26.39194,83.63074,303.79,0.53,0.42,2026-04-15,1949,N21,VIIRS,n,2.0NRT,292.39,0.96,N
26.39734,83.77627,303.75,0.52,0.42,2026-04-15,1949,N21,VIIRS,n,2.0NRT,293.05,1.03,N
26.40128,83.39085,313.34,0.55,0.43,2026-04-15,1949,N21,VIIRS,n,2.0NRT,292.43,3.58,N
26.40695,83.50771,302.61,0.54,0.42,2026-04-15,1949,N21,VIIRS,n,2.0NRT,291.49,2.3,N
26.41105,83.37554,310.79,0.55,0.43,2026-04-15,1949,N21,VIIRS,n,2.0NRT,293.09,1.9,N
26.41429,83.38161,305.93,0.55,0.43,2026-04-15,1949,N21,VIIRS,n,2.0NRT,292.34,1.9,N
26.42473,83.36081,308.02,0.55,0.43,2026-04-15,1949,N21,VIIRS,n,2.0NRT,292.45,1.49,N
26.42816,83.26571,320.97,0.56,0.43,2026-04-15,1949,N21,VIIRS,n,2.0NRT,292.6,2.39,N
26.42892,82.91395,306.14,0.39,0.44,2026-04-15,1949,N21,VIIRS,n,2.0NRT,290.33,0.86,N
26.43209,83.26628,312.97,0.56,0.43,2026-04-15,1949,N21,VIIRS,n,2.0NRT,292.3,1.92,N
26.43275,83.26072,302.8,0.56,0.43,2026-04-15,1949,N21,VIIRS,n,2.0NRT,292.73,1.3,N
26.43668,83.26129,304.44,0.56,0.43,2026-04-15,1949,N21,VIIRS,n,2.0NRT,291.13,1.3,N
26.43735,83.25572,311.03,0.56,0.43,2026-04-15,1949,N21,VIIRS,n,2.0NRT,292.43,1.3,N
26.43966,83.5618,315.29,0.54,0.42,2026-04-15,1949,N21,VIIRS,n,2.0NRT,292.81,2.92,N
26.44045,83.56931,299.44,0.54,0.42,2026-04-15,1949,N21,VIIRS,n,2.0NRT,288.28,1.24,N
26.44171,83.55857,301.16,0.54,0.42,2026-04-15,1949,N21,VIIRS,n,2.0NRT,290.64,0.93,N
26.44261,83.24514,311.83,0.56,0.43,2026-04-15,1949,N21,VIIRS,n,2.0NRT,292.36,1.91,N
26.44769,83.76997,308.78,0.52,0.42,2026-04-15,1949,N21,VIIRS,n,2.0NRT,292.64,0.91,N
26.45006,83.54147,310.76,0.54,0.42,2026-04-15,1949,N21,VIIRS,n,2.0NRT,289.56,1.74,N
26.45135,83.54359,313.61,0.54,0.42,2026-04-15,1949,N21,VIIRS,n,2.0NRT,290.58,2.2,N
26.45419,83.31461,305.87,0.55,0.43,2026-04-15,1949,N21,VIIRS,n,2.0NRT,292.6,1.27,N
26.45908,83.54474,304.86,0.54,0.42,2026-04-15,1949,N21,VIIRS,n,2.0NRT,291.93,1.32,N
26.45945,83.30412,318.03,0.55,0.43,2026-04-15,1949,N21,VIIRS,n,2.0NRT,292.7,2.13,N
26.46337,83.30469,304.1,0.55,0.43,2026-04-15,1949,N21,VIIRS,n,2.0NRT,292.05,2.13,N
26.46985,83.31689,302.09,0.55,0.43,2026-04-15,1949,N21,VIIRS,n,2.0NRT,291.95,1.32,N
26.47132,83.5739,302.28,0.54,0.42,2026-04-15,1949,N21,VIIRS,n,2.0NRT,291.17,1.13,N
26.47691,83.29147,329.97,0.56,0.43,2026-04-15,1949,N21,VIIRS,n,2.0NRT,293.6,4.97,N
26.47716,83.28978,329.49,0.56,0.43,2026-04-15,1949,N21,VIIRS,n,2.0NRT,293.68,4.17,N
26.47905,83.30698,303.3,0.55,0.43,2026-04-15,1949,N21,VIIRS,n,2.0NRT,292.11,0.91,N
26.47986,83.91747,321.4,0.52,0.41,2026-04-15,1949,N21,VIIRS,n,2.0NRT,293.09,3.24,N
26.48935,83.3215,306.34,0.55,0.43,2026-04-15,1949,N21,VIIRS,n,2.0NRT,291.74,0.89,N
26.49192,83.56602,303.14,0.54,0.42,2026-04-15,1949,N21,VIIRS,n,2.0NRT,292.29,1.04,N
26.49257,83.56065,303.61,0.54,0.42,2026-04-15,1949,N21,VIIRS,n,2.0NRT,292.13,1.04,N
26.50045,83.32876,302.57,0.55,0.43,2026-04-15,1949,N21,VIIRS,n,2.0NRT,292.31,1.04,N
26.50174,83.38506,302.81,0.55,0.43,2026-04-15,1949,N21,VIIRS,n,2.0NRT,291.05,0.68,N
26.50627,83.41363,309.3,0.55,0.43,2026-04-15,1949,N21,VIIRS,n,2.0NRT,291.96,2.28,N
26.51463,83.4759,306.47,0.54,0.42,2026-04-15,1949,N21,VIIRS,n,2.0NRT,291.61,1.36,N
26.52833,83.42797,312.66,0.55,0.42,2026-04-15,1949,N21,VIIRS,n,2.0NRT,291.97,1.63,N
26.55734,83.48219,308.04,0.54,0.42,2026-04-15,1949,N21,VIIRS,n,2.0NRT,292.18,1.41,N
26.55795,83.31459,331.92,0.56,0.43,2026-04-15,1949,N21,VIIRS,n,2.0NRT,292.9,2.91,N
26.56187,83.31516,303.82,0.56,0.43,2026-04-15,1949,N21,VIIRS,n,2.0NRT,291.41,2.91,N
26.58138,83.35407,303.17,0.55,0.43,2026-04-15,1949,N21,VIIRS,n,2.0NRT,291.88,0.95,N
26.59894,83.27178,304.16,0.56,0.43,2026-04-15,1949,N21,VIIRS,n,2.0NRT,292.12,1.38,N
26.5994,83.26961,304.08,0.56,0.43,2026-04-15,1949,N21,VIIRS,n,2.0NRT,292.42,1.52,N
26.6068,83.27293,306.49,0.56,0.43,2026-04-15,1949,N21,VIIRS,n,2.0NRT,292.28,1.2,N
26.61729,83.21735,304.72,0.56,0.43,2026-04-15,1949,N21,VIIRS,n,2.0NRT,292.49,1.37,N
26.61795,83.2117,305.09,0.56,0.43,2026-04-15,1949,N21,VIIRS,n,2.0NRT,291.31,0.89,N
26.63963,79.47623,302.53,0.63,0.54,2026-04-15,1949,N21,VIIRS,n,2.0NRT,292.08,2.86,N
26.67956,82.92532,302.07,0.39,0.44,2026-04-15,1949,N21,VIIRS,n,2.0NRT,289.71,0.52,N
26.70071,83.59018,302.95,0.54,0.42,2026-04-15,1949,N21,VIIRS,n,2.0NRT,291.88,0.97,N
26.70207,83.24675,300.61,0.56,0.43,2026-04-15,1949,N21,VIIRS,n,2.0NRT,290.59,0.81,N
26.70458,83.59075,302.44,0.54,0.42,2026-04-15,1949,N21,VIIRS,n,2.0NRT,291.47,0.97,N
26.75854,83.20471,306.89,0.57,0.43,2026-04-15,1949,N21,VIIRS,n,2.0NRT,295.56,4.53,N
26.79087,83.10189,311.76,0.38,0.43,2026-04-15,1949,N21,VIIRS,n,2.0NRT,291.3,0.9,N
26.80479,83.18829,308.69,0.57,0.43,2026-04-15,1949,N21,VIIRS,n,2.0NRT,292.37,1.88,N
26.80796,83.026,305.29,0.39,0.44,2026-04-15,1949,N21,VIIRS,n,2.0NRT,291.62,0.81,N
26.8138,83.01106,306.01,0.39,0.44,2026-04-15,1949,N21,VIIRS,n,2.0NRT,291.68,1.07,N
26.82043,83.02384,303.89,0.39,0.44,2026-04-15,1949,N21,VIIRS,n,2.0NRT,290.76,0.75,N
26.82442,83.02441,319.98,0.39,0.44,2026-04-15,1949,N21,VIIRS,n,2.0NRT,291.03,2.37,N
26.82467,82.84905,303.26,0.4,0.44,2026-04-15,1949,N21,VIIRS,n,2.0NRT,289.74,0.7,N
26.82871,82.84962,305.76,0.4,0.44,2026-04-15,1949,N21,VIIRS,n,2.0NRT,289.85,0.74,N
26.83183,82.85812,316.22,0.4,0.44,2026-04-15,1949,N21,VIIRS,n,2.0NRT,291.43,1.74,N
26.83246,82.9224,317.49,0.39,0.44,2026-04-15,1949,N21,VIIRS,n,2.0NRT,290.45,2.34,N
26.83292,82.91847,319.92,0.39,0.44,2026-04-15,1949,N21,VIIRS,n,2.0NRT,291.04,2.34,N
26.84238,82.90781,306.94,0.39,0.44,2026-04-15,1949,N21,VIIRS,n,2.0NRT,291.46,0.91,N
26.8491,83.00352,302.34,0.39,0.44,2026-04-15,1949,N21,VIIRS,n,2.0NRT,290.3,0.39,N
26.86246,82.99355,302.92,0.39,0.44,2026-04-15,1949,N21,VIIRS,n,2.0NRT,291.15,0.66,N
26.86289,82.88181,305.91,0.39,0.44,2026-04-15,1949,N21,VIIRS,n,2.0NRT,291.29,0.86,N
26.86637,83.20438,305.27,0.57,0.43,2026-04-15,1949,N21,VIIRS,n,2.0NRT,292.06,0.85,N
26.87168,83.19354,303.92,0.57,0.43,2026-04-15,1949,N21,VIIRS,n,2.0NRT,290.61,0.67,N
26.87896,82.99194,305.28,0.39,0.44,2026-04-15,1949,N21,VIIRS,n,2.0NRT,290.76,0.57,N
26.88076,82.97631,335.65,0.39,0.44,2026-04-15,1949,N21,VIIRS,n,2.0NRT,292.97,4.02,N
26.88169,82.93259,339.28,0.39,0.44,2026-04-15,1949,N21,VIIRS,n,2.0NRT,292.35,4.63,N
26.90951,82.90449,306.42,0.39,0.44,2026-04-15,1949,N21,VIIRS,n,2.0NRT,290.9,0.8,N
26.92384,83.46036,304.41,0.55,0.43,2026-04-15,1949,N21,VIIRS,n,2.0NRT,292.38,1.42,N
26.92707,83.50013,329.58,0.55,0.43,2026-04-15,1949,N21,VIIRS,n,2.0NRT,292.36,3.26,N
26.92896,82.98317,301.7,0.39,0.44,2026-04-15,1949,N21,VIIRS,n,2.0NRT,291.35,1.15,N
26.93297,82.98374,313.28,0.39,0.44,2026-04-15,1949,N21,VIIRS,n,2.0NRT,291.56,1.15,N
26.93318,82.80677,303.3,0.4,0.44,2026-04-15,1949,N21,VIIRS,n,2.0NRT,290.9,0.84,N
26.93376,82.76603,301.44,0.4,0.44,2026-04-15,1949,N21,VIIRS,n,2.0NRT,290.46,0.95,N
26.93783,82.76661,319.48,0.4,0.44,2026-04-15,1949,N21,VIIRS,n,2.0NRT,291.26,1.53,N
26.93829,82.76257,301.55,0.4,0.44,2026-04-15,1949,N21,VIIRS,n,2.0NRT,290.54,1.53,N
26.94223,83.00884,318.17,0.39,0.44,2026-04-15,1949,N21,VIIRS,n,2.0NRT,292.21,1.87,N
26.94374,83.00908,315.99,0.39,0.44,2026-04-15,1949,N21,VIIRS,n,2.0NRT,292.11,1.64,N
26.96036,82.78612,322.06,0.4,0.44,2026-04-15,1949,N21,VIIRS,n,2.0NRT,290.49,1.93,N
26.97184,82.94128,312.09,0.39,0.44,2026-04-15,1949,N21,VIIRS,n,2.0NRT,291.65,1.15,N
26.98337,83.05439,306.12,0.39,0.44,2026-04-15,1949,N21,VIIRS,n,2.0NRT,291.09,0.55,N
26.99204,82.87171,314.34,0.4,0.44,2026-04-15,1949,N21,VIIRS,n,2.0NRT,292.17,1.7,N
26.99661,82.75821,303.37,0.4,0.44,2026-04-15,1949,N21,VIIRS,n,2.0NRT,290.87,0.94,N
26.99706,82.75417,301.42,0.4,0.44,2026-04-15,1949,N21,VIIRS,n,2.0NRT,289.97,0.94,N
26.99978,82.76688,302.44,0.4,0.44,2026-04-15,1949,N21,VIIRS,n,2.0NRT,290.51,1.43,N
27.00021,82.79967,326.18,0.4,0.44,2026-04-15,1949,N21,VIIRS,n,2.0NRT,290.71,2.26,N
27.00068,82.7588,304.25,0.4,0.44,2026-04-15,1949,N21,VIIRS,n,2.0NRT,290.73,0.94,N
27.00114,82.75475,305.77,0.4,0.44,2026-04-15,1949,N21,VIIRS,n,2.0NRT,290.55,0.94,N
27.0016,82.75071,324.49,0.4,0.44,2026-04-15,1949,N21,VIIRS,n,2.0NRT,291.87,2.03,N
27.00205,82.74667,306.49,0.4,0.44,2026-04-15,1949,N21,VIIRS,n,2.0NRT,290.77,2.03,N
27.00427,82.80025,307.01,0.4,0.44,2026-04-15,1949,N21,VIIRS,n,2.0NRT,290.57,2.26,N
27.0043,82.76342,302.85,0.4,0.44,2026-04-15,1949,N21,VIIRS,n,2.0NRT,291.16,0.96,N
27.00747,82.77205,310.02,0.4,0.44,2026-04-15,1949,N21,VIIRS,n,2.0NRT,291.02,3.12,N
27.00914,82.86605,304.5,0.4,0.44,2026-04-15,1949,N21,VIIRS,n,2.0NRT,291.09,1.34,N
27.01457,82.85464,351.06,0.4,0.44,2026-04-15,1949,N21,VIIRS,n,2.0NRT,295.41,8.63,N
27.01744,82.75705,306.37,0.4,0.44,2026-04-15,1949,N21,VIIRS,n,2.0NRT,291.33,0.93,N
27.01744,82.97181,306.2,0.39,0.44,2026-04-15,1949,N21,VIIRS,n,2.0NRT,292.27,0.74,N
27.0179,82.753,301.01,0.4,0.44,2026-04-15,1949,N21,VIIRS,n,2.0NRT,290.45,0.57,N
27.01862,82.85522,305.95,0.4,0.44,2026-04-15,1949,N21,VIIRS,n,2.0NRT,290.8,0.9,N
27.01968,82.77377,310.53,0.4,0.44,2026-04-15,1949,N21,VIIRS,n,2.0NRT,291.18,0.98,N
27.02028,82.91203,315.21,0.39,0.44,2026-04-15,1949,N21,VIIRS,n,2.0NRT,292.11,1.13,N
27.02619,82.67979,301.47,0.41,0.45,2026-04-15,1949,N21,VIIRS,n,2.0NRT,291.16,0.98,N
27.03802,82.97072,306.6,0.39,0.44,2026-04-15,1949,N21,VIIRS,n,2.0NRT,292.03,0.9,N
27.04747,82.96007,304.78,0.39,0.44,2026-04-15,1949,N21,VIIRS,n,2.0NRT,292.27,0.99,N
27.04823,82.98817,311.16,0.39,0.44,2026-04-15,1949,N21,VIIRS,n,2.0NRT,292.56,0.97,N
27.05119,82.82319,322.81,0.4,0.44,2026-04-15,1949,N21,VIIRS,n,2.0NRT,292.87,2.27,N
27.05413,82.76218,302.47,0.4,0.44,2026-04-15,1949,N21,VIIRS,n,2.0NRT,290.68,1.01,N
27.0546,82.75813,337.98,0.4,0.44,2026-04-15,1949,N21,VIIRS,n,2.0NRT,292.18,3,N
27.05493,82.89677,307.78,0.4,0.44,2026-04-15,1949,N21,VIIRS,n,2.0NRT,291.41,1.35,N
27.05507,82.75407,301.98,0.4,0.44,2026-04-15,1949,N21,VIIRS,n,2.0NRT,290.41,3,N
27.05525,82.82375,314.83,0.4,0.44,2026-04-15,1949,N21,VIIRS,n,2.0NRT,291.95,2.04,N
27.05525,84.00184,322.77,0.52,0.41,2026-04-15,1949,N21,VIIRS,n,2.0NRT,294.56,9.74,N
27.0558,82.6756,302.18,0.41,0.45,2026-04-15,1949,N21,VIIRS,n,2.0NRT,289.89,0.89,N
27.05588,83.99664,322.96,0.52,0.41,2026-04-15,1949,N21,VIIRS,n,2.0NRT,293.86,8.32,N
27.05674,82.6674,303.26,0.41,0.45,2026-04-15,1949,N21,VIIRS,n,2.0NRT,290.03,1.16,N
27.05768,82.65921,317.89,0.41,0.45,2026-04-15,1949,N21,VIIRS,n,2.0NRT,291.35,1.83,N
27.0599,82.67617,314.24,0.41,0.45,2026-04-15,1949,N21,VIIRS,n,2.0NRT,291.79,0.89,N
27.06178,82.65978,313.3,0.41,0.45,2026-04-15,1949,N21,VIIRS,n,2.0NRT,291.75,1.83,N
27.06225,82.65569,314.48,0.41,0.45,2026-04-15,1949,N21,VIIRS,n,2.0NRT,292.69,1.83,N
27.064,82.67675,305.21,0.41,0.45,2026-04-15,1949,N21,VIIRS,n,2.0NRT,290.96,0.86,N
27.06495,82.77601,304.43,0.4,0.44,2026-04-15,1949,N21,VIIRS,n,2.0NRT,291.86,0.93,N
27.06542,82.77197,301.96,0.4,0.44,2026-04-15,1949,N21,VIIRS,n,2.0NRT,291.68,0.93,N
27.06824,82.6398,310.31,0.41,0.45,2026-04-15,1949,N21,VIIRS,n,2.0NRT,291.51,1.16,N
27.06893,83.10551,302.45,0.39,0.44,2026-04-15,1949,N21,VIIRS,n,2.0NRT,291.86,0.28,N
27.06903,82.77657,303.75,0.4,0.44,2026-04-15,1949,N21,VIIRS,n,2.0NRT,291.96,0.61,N
27.07335,83.13757,306.87,0.38,0.43,2026-04-15,1949,N21,VIIRS,n,2.0NRT,292.03,0.56,N
27.07409,82.6615,300.41,0.41,0.45,2026-04-15,1949,N21,VIIRS,n,2.0NRT,290.34,0.43,N
27.08026,82.60796,319.55,0.41,0.45,2026-04-15,1949,N21,VIIRS,n,2.0NRT,291.47,2.78,N
27.08056,82.64153,306.78,0.41,0.45,2026-04-15,1949,N21,VIIRS,n,2.0NRT,290.68,1.2,N
27.08074,82.60383,317.78,0.41,0.45,2026-04-15,1949,N21,VIIRS,n,2.0NRT,292.63,3,N
27.08104,82.63741,306.18,0.41,0.45,2026-04-15,1949,N21,VIIRS,n,2.0NRT,291.73,1.09,N
27.08121,82.59969,319.96,0.41,0.45,2026-04-15,1949,N21,VIIRS,n,2.0NRT,292.19,3,N
27.08439,82.4986,301.94,0.42,0.45,2026-04-15,1949,N21,VIIRS,n,2.0NRT,290.83,0.78,N
27.08467,82.6421,303.4,0.41,0.45,2026-04-15,1949,N21,VIIRS,n,2.0NRT,291.56,0.65,N
27.08485,82.60439,322.56,0.41,0.45,2026-04-15,1949,N21,VIIRS,n,2.0NRT,292.05,3,N
27.08515,82.63798,311.42,0.41,0.45,2026-04-15,1949,N21,VIIRS,n,2.0NRT,291.56,2.75,N
27.08533,82.60026,335.3,0.41,0.45,2026-04-15,1949,N21,VIIRS,n,2.0NRT,292.55,3,N
27.09021,82.6303,333.58,0.41,0.45,2026-04-15,1949,N21,VIIRS,n,2.0NRT,294.28,2.51,N
27.09069,82.62617,311.22,0.41,0.45,2026-04-15,1949,N21,VIIRS,n,2.0NRT,291.91,2.51,N
27.09302,82.63387,334.29,0.41,0.45,2026-04-15,1949,N21,VIIRS,n,2.0NRT,292.95,4.04,N
27.09347,82.62973,331.72,0.41,0.45,2026-04-15,1949,N21,VIIRS,n,2.0NRT,295.16,3.32,N
27.09385,82.63499,306.11,0.41,0.45,2026-04-15,1949,N21,VIIRS,n,2.0NRT,291.82,2.61,N
27.09392,82.6256,321.2,0.41,0.45,2026-04-15,1949,N21,VIIRS,n,2.0NRT,293.99,3.32,N
27.09432,82.63087,346.1,0.41,0.45,2026-04-15,1949,N21,VIIRS,n,2.0NRT,296.36,3.42,N
27.0948,82.62675,320.84,0.41,0.45,2026-04-15,1949,N21,VIIRS,n,2.0NRT,294.36,3.42,N
27.09577,82.64681,302.33,0.41,0.45,2026-04-15,1949,N21,VIIRS,n,2.0NRT,291.25,1.24,N
27.097,82.64379,309.83,0.41,0.45,2026-04-15,1949,N21,VIIRS,n,2.0NRT,291.77,1.2,N
27.09713,82.63444,331.34,0.41,0.45,2026-04-15,1949,N21,VIIRS,n,2.0NRT,293.69,4.04,N
27.09758,82.63031,312.47,0.41,0.45,2026-04-15,1949,N21,VIIRS,n,2.0NRT,293.78,3.32,N
27.09796,82.63556,326.62,0.41,0.45,2026-04-15,1949,N21,VIIRS,n,2.0NRT,292.08,2.61,N
27.09844,82.63144,308.6,0.41,0.45,2026-04-15,1949,N21,VIIRS,n,2.0NRT,293.42,3.42,N
27.10351,82.61435,333.96,0.41,0.45,2026-04-15,1949,N21,VIIRS,n,2.0NRT,294.5,4.9,N
27.10397,82.61021,330.16,0.41,0.45,2026-04-15,1949,N21,VIIRS,n,2.0NRT,293.79,4.9,N
27.10442,82.60606,320.31,0.41,0.45,2026-04-15,1949,N21,VIIRS,n,2.0NRT,292.94,1.39,N
27.10488,82.60191,304.03,0.41,0.45,2026-04-15,1949,N21,VIIRS,n,2.0NRT,290.53,1.39,N
27.10504,83.03947,302.81,0.39,0.44,2026-04-15,1949,N21,VIIRS,n,2.0NRT,292.31,0.73,N
27.10695,83.5283,305.35,0.55,0.43,2026-04-15,1949,N21,VIIRS,n,2.0NRT,294.17,1.26,N
27.10763,82.61492,339.6,0.41,0.45,2026-04-15,1949,N21,VIIRS,n,2.0NRT,294.06,4.9,N
27.10809,82.61079,319.57,0.41,0.45,2026-04-15,1949,N21,VIIRS,n,2.0NRT,293.67,4.9,N
27.10854,82.60664,301.62,0.41,0.45,2026-04-15,1949,N21,VIIRS,n,2.0NRT,291.02,1.39,N
27.10992,82.63203,304.92,0.41,0.45,2026-04-15,1949,N21,VIIRS,n,2.0NRT,291.43,0.71,N
27.11642,83.11624,313.18,0.39,0.44,2026-04-15,1949,N21,VIIRS,n,2.0NRT,292.09,1.04,N
27.11656,82.86825,303.47,0.4,0.44,2026-04-15,1949,N21,VIIRS,n,2.0NRT,291.54,0.59,N
27.11687,83.11237,309.79,0.39,0.44,2026-04-15,1949,N21,VIIRS,n,2.0NRT,292.14,1.5,N
27.1193,82.8442,325.38,0.4,0.44,2026-04-15,1949,N21,VIIRS,n,2.0NRT,292.74,2.63,N
27.11976,82.84018,347.21,0.4,0.44,2026-04-15,1949,N21,VIIRS,n,2.0NRT,295.51,5.24,N
27.12022,82.83617,304.48,0.4,0.44,2026-04-15,1949,N21,VIIRS,n,2.0NRT,292.47,5.24,N
27.12136,82.60422,317.85,0.41,0.45,2026-04-15,1949,N21,VIIRS,n,2.0NRT,292.63,1.85,N
27.12144,83.07355,302.5,0.39,0.44,2026-04-15,1949,N21,VIIRS,n,2.0NRT,292.41,0.97,N
27.12198,82.85681,313.48,0.4,0.44,2026-04-15,1949,N21,VIIRS,n,2.0NRT,292.01,1.49,N
27.12256,82.99412,313.18,0.39,0.44,2026-04-15,1949,N21,VIIRS,n,2.0NRT,293.01,2.72,N
27.12336,82.84477,305.28,0.4,0.44,2026-04-15,1949,N21,VIIRS,n,2.0NRT,292.15,2.63,N
27.12382,82.84075,347.33,0.4,0.44,2026-04-15,1949,N21,VIIRS,n,2.0NRT,294.37,5.24,N
27.12394,82.76698,311.31,0.4,0.44,2026-04-15,1949,N21,VIIRS,n,2.0NRT,291.4,1.69,N
27.1252,82.82869,303.89,0.4,0.44,2026-04-15,1949,N21,VIIRS,n,2.0NRT,291.97,1.24,N
27.12544,83.07411,314.08,0.39,0.44,2026-04-15,1949,N21,VIIRS,n,2.0NRT,292.95,1.81,N
27.12566,82.82467,313.2,0.4,0.44,2026-04-15,1949,N21,VIIRS,n,2.0NRT,292.02,1.83,N
27.12588,82.67606,306.53,0.41,0.45,2026-04-15,1949,N21,VIIRS,n,2.0NRT,290.95,1.08,N
27.1259,83.07022,317.67,0.39,0.44,2026-04-15,1949,N21,VIIRS,n,2.0NRT,292.91,1.81,N
27.12643,83.16872,309.73,0.38,0.43,2026-04-15,1949,N21,VIIRS,n,2.0NRT,293.36,0.82,N
27.12788,82.84133,302.73,0.4,0.44,2026-04-15,1949,N21,VIIRS,n,2.0NRT,291.61,1.1,N
27.12834,82.8373,319.09,0.4,0.44,2026-04-15,1949,N21,VIIRS,n,2.0NRT,292.98,1.1,N
27.12926,82.82927,317.77,0.4,0.44,2026-04-15,1949,N21,VIIRS,n,2.0NRT,293.11,2.13,N
27.12972,82.82524,304.76,0.4,0.44,2026-04-15,1949,N21,VIIRS,n,2.0NRT,292.63,0.91,N
27.12998,82.67663,346.12,0.41,0.45,2026-04-15,1949,N21,VIIRS,n,2.0NRT,293.62,8.34,N
27.13187,82.62251,311.92,0.41,0.45,2026-04-15,1949,N21,VIIRS,n,2.0NRT,290.51,1.51,N
27.13194,82.8419,301.69,0.4,0.44,2026-04-15,1949,N21,VIIRS,n,2.0NRT,291.5,1.1,N
27.13287,82.83386,310.97,0.4,0.44,2026-04-15,1949,N21,VIIRS,n,2.0NRT,292.12,2.13,N
27.13506,82.63134,302.3,0.41,0.45,2026-04-15,1949,N21,VIIRS,n,2.0NRT,291.21,0.86,N
27.13552,82.62721,322.02,0.41,0.45,2026-04-15,1949,N21,VIIRS,n,2.0NRT,291.12,1.85,N
27.13598,82.62307,312.71,0.41,0.45,2026-04-15,1949,N21,VIIRS,n,2.0NRT,290.41,1.85,N
27.13868,82.85509,312.9,0.4,0.44,2026-04-15,1949,N21,VIIRS,n,2.0NRT,291.79,1.53,N
27.14005,82.98457,303.31,0.39,0.44,2026-04-15,1949,N21,VIIRS,n,2.0NRT,292.68,0.38,N
27.14044,83.2081,307.12,0.57,0.43,2026-04-15,1949,N21,VIIRS,n,2.0NRT,293.74,1.85,N
27.14439,83.01719,311.98,0.39,0.44,2026-04-15,1949,N21,VIIRS,n,2.0NRT,293.9,1.06,N
27.14567,82.57384,312.69,0.41,0.45,2026-04-15,1949,N21,VIIRS,n,2.0NRT,291.77,2.37,N
27.14661,82.56551,310.85,0.41,0.45,2026-04-15,1949,N21,VIIRS,n,2.0NRT,292.86,1.46,N
27.14841,83.01776,303.95,0.39,0.44,2026-04-15,1949,N21,VIIRS,n,2.0NRT,293.48,1.31,N
27.14934,82.57858,310.24,0.41,0.45,2026-04-15,1949,N21,VIIRS,n,2.0NRT,291.16,1.73,N
27.1498,82.57442,312.8,0.41,0.45,2026-04-15,1949,N21,VIIRS,n,2.0NRT,293.06,1.73,N
27.15027,82.57025,308.55,0.41,0.45,2026-04-15,1949,N21,VIIRS,n,2.0NRT,292.49,1.94,N
27.15031,83.46862,337.81,0.55,0.43,2026-04-15,1949,N21,VIIRS,n,2.0NRT,296.68,7.65,N
27.15049,82.6795,302.39,0.41,0.45,2026-04-15,1949,N21,VIIRS,n,2.0NRT,291.55,0.61,N
27.15167,82.55773,326.64,0.42,0.45,2026-04-15,1949,N21,VIIRS,n,2.0NRT,292.93,3.49,N
27.15206,82.59164,308.32,0.41,0.45,2026-04-15,1949,N21,VIIRS,n,2.0NRT,291.28,0.93,N
27.15393,83.08924,305.21,0.39,0.44,2026-04-15,1949,N21,VIIRS,n,2.0NRT,292.21,0.43,N
27.15423,83.46918,306.52,0.55,0.43,2026-04-15,1949,N21,VIIRS,n,2.0NRT,295.42,1.82,N
27.15606,82.40419,304.17,0.42,0.45,2026-04-15,1949,N21,VIIRS,n,2.0NRT,291.77,1.18,N
27.15627,82.55413,319.36,0.42,0.45,2026-04-15,1949,N21,VIIRS,n,2.0NRT,292.43,2.69,N
27.15815,82.53741,335.5,0.42,0.45,2026-04-15,1949,N21,VIIRS,n,2.0NRT,297.13,12.54,N
27.15837,83.08592,323.78,0.39,0.44,2026-04-15,1949,N21,VIIRS,n,2.0NRT,292.41,1.55,N
27.15862,82.53323,306.44,0.42,0.45,2026-04-15,1949,N21,VIIRS,n,2.0NRT,291.15,12.54,N
27.15882,83.08202,305.54,0.39,0.44,2026-04-15,1949,N21,VIIRS,n,2.0NRT,292.41,1.55,N
27.16178,82.83385,313.76,0.4,0.44,2026-04-15,1949,N21,VIIRS,n,2.0NRT,291.95,1.53,N
27.16228,82.53798,331.4,0.42,0.45,2026-04-15,1949,N21,VIIRS,n,2.0NRT,292.95,4.64,N
27.16407,82.55945,316.58,0.42,0.45,2026-04-15,1949,N21,VIIRS,n,2.0NRT,292.09,1.73,N
27.16417,83.10653,315.1,0.39,0.44,2026-04-15,1949,N21,VIIRS,n,2.0NRT,293.93,1.34,N
27.16773,82.56419,309.3,0.41,0.45,2026-04-15,1949,N21,VIIRS,n,2.0NRT,291.19,1.24,N
27.1695,83.16636,320.03,0.38,0.43,2026-04-15,1949,N21,VIIRS,n,2.0NRT,294.71,1.61,N
27.17068,82.86365,318.48,0.4,0.44,2026-04-15,1949,N21,VIIRS,n,2.0NRT,292.17,1.89,N
27.17114,82.85965,307.42,0.4,0.44,2026-04-15,1949,N21,VIIRS,n,2.0NRT,292.26,1.89,N
27.17147,82.67825,303.87,0.41,0.45,2026-04-15,1949,N21,VIIRS,n,2.0NRT,290.8,0.89,N
27.17186,82.56477,316.26,0.41,0.45,2026-04-15,1949,N21,VIIRS,n,2.0NRT,291.36,1.24,N
27.17233,82.5606,302.62,0.42,0.45,2026-04-15,1949,N21,VIIRS,n,2.0NRT,291.05,1.24,N
27.17281,82.55642,338.82,0.42,0.45,2026-04-15,1949,N21,VIIRS,n,2.0NRT,293.31,5.9,N
27.17422,82.54388,303.1,0.42,0.45,2026-04-15,1949,N21,VIIRS,n,2.0NRT,291.45,1.47,N
27.1747,82.5397,348.68,0.42,0.45,2026-04-15,1949,N21,VIIRS,n,2.0NRT,294.83,10.2,N
27.17608,82.89185,301.98,0.4,0.44,2026-04-15,1949,N21,VIIRS,n,2.0NRT,291.78,0.48,N
27.17884,82.54028,341.69,0.42,0.45,2026-04-15,1949,N21,VIIRS,n,2.0NRT,293.94,4.39,N
27.17931,82.53609,308.99,0.42,0.45,2026-04-15,1949,N21,VIIRS,n,2.0NRT,291.65,4.39,N
27.18589,83.16479,306.58,0.38,0.43,2026-04-15,1949,N21,VIIRS,n,2.0NRT,294.34,0.64,N
27.18753,82.4258,304.88,0.42,0.45,2026-04-15,1949,N21,VIIRS,n,2.0NRT,291.41,0.78,N
27.19117,83.18909,309.65,0.38,0.43,2026-04-15,1949,N21,VIIRS,n,2.0NRT,294.51,0.95,N
27.19715,82.45299,302.33,0.42,0.45,2026-04-15,1949,N21,VIIRS,n,2.0NRT,292,0.85,N
27.19763,82.44875,301.63,0.42,0.45,2026-04-15,1949,N21,VIIRS,n,2.0NRT,291.45,0.75,N
27.19855,82.72656,327.81,0.41,0.45,2026-04-15,1949,N21,VIIRS,n,2.0NRT,292.25,3.04,N
27.20079,82.56875,302.02,0.41,0.45,2026-04-15,1949,N21,VIIRS,n,2.0NRT,290.75,0.75,N
27.20084,82.89129,311.68,0.4,0.44,2026-04-15,1949,N21,VIIRS,n,2.0NRT,292.92,1.52,N
27.20354,82.90387,305.21,0.4,0.44,2026-04-15,1949,N21,VIIRS,n,2.0NRT,293.02,1.45,N
27.20399,82.89987,309.88,0.4,0.44,2026-04-15,1949,N21,VIIRS,n,2.0NRT,293.06,1.3,N
27.20565,83.02902,303.63,0.39,0.44,2026-04-15,1949,N21,VIIRS,n,2.0NRT,292.88,2.15,N
27.20627,82.8431,310.16,0.4,0.44,2026-04-15,1949,N21,VIIRS,n,2.0NRT,291.92,1.27,N
27.20798,82.56409,340.71,0.42,0.45,2026-04-15,1949,N21,VIIRS,n,2.0NRT,293.13,9.59,N
27.20943,82.85173,305.77,0.4,0.44,2026-04-15,1949,N21,VIIRS,n,2.0NRT,291.83,0.96,N
27.20953,82.56572,353.44,0.42,0.45,2026-04-15,1949,N21,VIIRS,n,2.0NRT,296.06,12.08,N
27.21002,82.56155,310.03,0.42,0.45,2026-04-15,1949,N21,VIIRS,n,2.0NRT,291.22,3.86,N
27.21166,82.56886,330.16,0.42,0.45,2026-04-15,1949,N21,VIIRS,n,2.0NRT,292.8,9.59,N
27.21212,82.56467,339.21,0.42,0.45,2026-04-15,1949,N21,VIIRS,n,2.0NRT,298.08,9.59,N
27.21355,82.74113,303.94,0.41,0.45,2026-04-15,1949,N21,VIIRS,n,2.0NRT,291.97,0.93,N
27.21367,82.56628,339.45,0.42,0.45,2026-04-15,1949,N21,VIIRS,n,2.0NRT,293.78,12.08,N
27.21401,82.73704,312.03,0.41,0.45,2026-04-15,1949,N21,VIIRS,n,2.0NRT,292.45,1.89,N
27.21447,82.69549,312.27,0.41,0.45,2026-04-15,1949,N21,VIIRS,n,2.0NRT,291.7,1.6,N
27.21447,82.73295,316.23,0.41,0.45,2026-04-15,1949,N21,VIIRS,n,2.0NRT,293.72,1.89,N
27.21627,82.60339,312.12,0.41,0.45,2026-04-15,1949,N21,VIIRS,n,2.0NRT,293.23,2.01,N
27.21675,82.67493,319.1,0.41,0.45,2026-04-15,1949,N21,VIIRS,n,2.0NRT,292.67,3.19,N
27.2172,82.6708,333.74,0.41,0.45,2026-04-15,1949,N21,VIIRS,n,2.0NRT,293.23,3.42,N
27.21964,95.34611,300.03,0.45,0.47,2026-04-15,1949,N21,VIIRS,n,2.0NRT,286.53,0.31,N
27.22163,83.0672,305.28,0.39,0.44,2026-04-15,1949,N21,VIIRS,n,2.0NRT,292.79,0.83,N
27.22222,82.54905,311.58,0.42,0.45,2026-04-15,1949,N21,VIIRS,n,2.0NRT,290.71,1.3,N
27.22255,83.05937,311.33,0.39,0.44,2026-04-15,1949,N21,VIIRS,n,2.0NRT,294.02,1.73,N
27.22267,82.69666,305.8,0.41,0.45,2026-04-15,1949,N21,VIIRS,n,2.0NRT,291.93,1.75,N
27.22448,82.71773,316.83,0.41,0.45,2026-04-15,1949,N21,VIIRS,n,2.0NRT,292.46,2.57,N
27.22451,82.52806,307.22,0.42,0.45,2026-04-15,1949,N21,VIIRS,n,2.0NRT,291.07,0.83,N
27.22494,82.71363,323.45,0.41,0.45,2026-04-15,1949,N21,VIIRS,n,2.0NRT,292.86,2.79,N
27.22817,82.64716,304.84,0.41,0.45,2026-04-15,1949,N21,VIIRS,n,2.0NRT,292.07,1.81,N
27.22907,82.67664,303.14,0.41,0.45,2026-04-15,1949,N21,VIIRS,n,2.0NRT,291.85,3.71,N
27.22912,83.24431,306.61,0.57,0.43,2026-04-15,1949,N21,VIIRS,n,2.0NRT,295.11,1.49,N
27.22953,82.67252,320.18,0.41,0.45,2026-04-15,1949,N21,VIIRS,n,2.0NRT,292.59,5.75,N
27.23003,82.59261,302.56,0.41,0.45,2026-04-15,1949,N21,VIIRS,n,2.0NRT,291.62,1.04,N
27.23047,82.62645,322.7,0.41,0.45,2026-04-15,1949,N21,VIIRS,n,2.0NRT,292.02,2.84,N
27.23137,82.65601,342.42,0.41,0.45,2026-04-15,1949,N21,VIIRS,n,2.0NRT,294.39,4.7,N
27.2316,83.24675,314.5,0.57,0.43,2026-04-15,1949,N21,VIIRS,n,2.0NRT,295.13,2.65,N
27.23183,82.65186,310.47,0.41,0.45,2026-04-15,1949,N21,VIIRS,n,2.0NRT,292.29,4.7,N
27.23225,83.24099,316.87,0.57,0.43,2026-04-15,1949,N21,VIIRS,n,2.0NRT,295.29,3.02,N
27.2331,83.24488,313.98,0.57,0.43,2026-04-15,1949,N21,VIIRS,n,2.0NRT,295.33,1.49,N
27.23318,82.67722,325.48,0.41,0.45,2026-04-15,1949,N21,VIIRS,n,2.0NRT,292.54,3.71,N
27.23364,82.67309,337.89,0.41,0.45,2026-04-15,1949,N21,VIIRS,n,2.0NRT,295.58,5.75,N
27.23378,83.23914,306.1,0.57,0.43,2026-04-15,1949,N21,VIIRS,n,2.0NRT,294.9,1.49,N
27.23758,83.26511,314.05,0.57,0.43,2026-04-15,1949,N21,VIIRS,n,2.0NRT,295.13,2.69,N
27.23814,83.06557,320.92,0.39,0.44,2026-04-15,1949,N21,VIIRS,n,2.0NRT,293.43,1.63,N
27.23821,82.66953,334.22,0.41,0.45,2026-04-15,1949,N21,VIIRS,n,2.0NRT,292.35,5.79,N
27.23825,82.63174,338.58,0.41,0.45,2026-04-15,1949,N21,VIIRS,n,2.0NRT,295.2,12.22,N
27.23861,83.06165,307.98,0.39,0.44,2026-04-15,1949,N21,VIIRS,n,2.0NRT,293.51,1.63,N
27.23897,83.26321,310.54,0.57,0.43,2026-04-15,1949,N21,VIIRS,n,2.0NRT,294.99,2.65,N
27.23913,82.66128,308.59,0.41,0.45,2026-04-15,1949,N21,VIIRS,n,2.0NRT,292.83,2.89,N
27.24149,82.60266,305.73,0.41,0.45,2026-04-15,1949,N21,VIIRS,n,2.0NRT,291.17,0.8,N
27.24216,83.06615,312.16,0.39,0.44,2026-04-15,1949,N21,VIIRS,n,2.0NRT,293.64,1.5,N
27.24232,82.67011,343.98,0.41,0.45,2026-04-15,1949,N21,VIIRS,n,2.0NRT,293.08,5.79,N
27.24278,82.66599,330.58,0.41,0.45,2026-04-15,1949,N21,VIIRS,n,2.0NRT,292.95,2.89,N
27.24322,82.88099,309.44,0.4,0.44,2026-04-15,1949,N21,VIIRS,n,2.0NRT,293.02,1.15,N
27.24324,82.66186,322.42,0.41,0.45,2026-04-15,1949,N21,VIIRS,n,2.0NRT,293.12,2.89,N
27.24334,82.58599,314.81,0.41,0.45,2026-04-15,1949,N21,VIIRS,n,2.0NRT,291.13,2,N
27.24334,82.98627,307.91,0.39,0.44,2026-04-15,1949,N21,VIIRS,n,2.0NRT,293.48,1.59,N
27.24381,82.98232,323.49,0.39,0.44,2026-04-15,1949,N21,VIIRS,n,2.0NRT,293.17,1.59,N
27.24532,82.9341,305.53,0.4,0.44,2026-04-15,1949,N21,VIIRS,n,2.0NRT,293.35,0.91,N
27.24561,82.60323,302.06,0.41,0.45,2026-04-15,1949,N21,VIIRS,n,2.0NRT,290,0.31,N
27.24585,83.03476,314.33,0.39,0.44,2026-04-15,1949,N21,VIIRS,n,2.0NRT,293.11,1.2,N
27.24631,83.03082,306.68,0.39,0.44,2026-04-15,1949,N21,VIIRS,n,2.0NRT,292.85,1.2,N
27.24751,83.28403,306.71,0.57,0.43,2026-04-15,1949,N21,VIIRS,n,2.0NRT,294.47,0.8,N
27.25007,82.85744,337.2,0.4,0.44,2026-04-15,1949,N21,VIIRS,n,2.0NRT,293.62,5.3,N
27.25099,82.8494,323.44,0.4,0.44,2026-04-15,1949,N21,VIIRS,n,2.0NRT,292.78,1.64,N
27.25134,82.88213,312.63,0.4,0.44,2026-04-15,1949,N21,VIIRS,n,2.0NRT,293.26,1.67,N
27.25146,82.84537,310.07,0.4,0.44,2026-04-15,1949,N21,VIIRS,n,2.0NRT,291.74,1.64,N
27.26521,82.65231,302.19,0.41,0.45,2026-04-15,1949,N21,VIIRS,n,2.0NRT,292.17,0.48,N
27.26832,83.13731,314,0.39,0.44,2026-04-15,1949,N21,VIIRS,n,2.0NRT,295.32,1.15,N
27.27179,82.84822,306.49,0.4,0.44,2026-04-15,1949,N21,VIIRS,n,2.0NRT,292.2,0.88,N
27.27447,83.01075,305.07,0.39,0.44,2026-04-15,1949,N21,VIIRS,n,2.0NRT,292.26,0.58,N
27.27586,82.84879,337.9,0.4,0.44,2026-04-15,1949,N21,VIIRS,n,2.0NRT,294.03,4.29,N
27.27633,82.73745,305.24,0.41,0.45,2026-04-15,1949,N21,VIIRS,n,2.0NRT,292.48,1.43,N
27.27992,82.84937,337.87,0.4,0.44,2026-04-15,1949,N21,VIIRS,n,2.0NRT,293.3,4.29,N
27.28028,82.99548,319.06,0.39,0.44,2026-04-15,1949,N21,VIIRS,n,2.0NRT,293.02,2.75,N
27.28042,82.73803,306.47,0.41,0.45,2026-04-15,1949,N21,VIIRS,n,2.0NRT,292.51,0.93,N
27.28119,83.1668,305.76,0.38,0.44,2026-04-15,1949,N21,VIIRS,n,2.0NRT,294.65,0.86,N
27.28341,83.004,305.01,0.39,0.44,2026-04-15,1949,N21,VIIRS,n,2.0NRT,293.39,0.89,N
27.28652,83.15573,323.63,0.39,0.44,2026-04-15,1949,N21,VIIRS,n,2.0NRT,295.09,2.76,N
27.28878,82.70168,305.03,0.41,0.45,2026-04-15,1949,N21,VIIRS,n,2.0NRT,291.99,0.69,N
27.29289,82.70226,307.73,0.41,0.45,2026-04-15,1949,N21,VIIRS,n,2.0NRT,291.92,0.93,N
27.29326,83.02547,304.05,0.39,0.44,2026-04-15,1949,N21,VIIRS,n,2.0NRT,292.94,0.58,N
27.2946,82.90439,332.18,0.4,0.44,2026-04-15,1949,N21,VIIRS,n,2.0NRT,292.96,4.01,N
27.29493,84.95063,310.84,0.47,0.4,2026-04-15,1949,N21,VIIRS,n,2.0NRT,293.75,2.07,N
27.2994,83.1497,308.42,0.39,0.44,2026-04-15,1949,N21,VIIRS,n,2.0NRT,294.41,1.06,N
27.3034,83.15027,309.51,0.39,0.44,2026-04-15,1949,N21,VIIRS,n,2.0NRT,294.76,1.06,N
27.3046,84.93302,305.61,0.47,0.4,2026-04-15,1949,N21,VIIRS,n,2.0NRT,293.58,0.85,N
27.31139,83.15142,308.56,0.39,0.44,2026-04-15,1949,N21,VIIRS,n,2.0NRT,293.37,0.89,N
27.31453,84.79781,306.24,0.48,0.4,2026-04-15,1949,N21,VIIRS,n,2.0NRT,294.58,1.73,N
27.3186,84.88194,305.01,0.47,0.4,2026-04-15,1949,N21,VIIRS,n,2.0NRT,293.65,0.62,N
27.31868,84.85252,306.05,0.47,0.4,2026-04-15,1949,N21,VIIRS,n,2.0NRT,293.69,0.87,N
27.32009,83.21561,306.65,0.38,0.43,2026-04-15,1949,N21,VIIRS,n,2.0NRT,295.68,1.05,N
27.32372,83.00974,301.8,0.39,0.44,2026-04-15,1949,N21,VIIRS,n,2.0NRT,291.35,0.95,N
27.32379,82.97344,310.45,0.39,0.44,2026-04-15,1949,N21,VIIRS,n,2.0NRT,291.72,1.22,N
27.3239,82.90037,308.81,0.4,0.44,2026-04-15,1949,N21,VIIRS,n,2.0NRT,291.87,1.21,N
27.32958,82.99446,306.14,0.39,0.44,2026-04-15,1949,N21,VIIRS,n,2.0NRT,291.97,0.94,N
27.32979,82.88486,311.32,0.4,0.44,2026-04-15,1949,N21,VIIRS,n,2.0NRT,292.15,0.99,N
27.33159,83.0829,309.41,0.39,0.44,2026-04-15,1949,N21,VIIRS,n,2.0NRT,294.13,1.47,N
27.3332,82.55534,303.43,0.42,0.45,2026-04-15,1949,N21,VIIRS,n,2.0NRT,291.63,1.03,N
27.33469,83.09132,319.83,0.39,0.44,2026-04-15,1949,N21,VIIRS,n,2.0NRT,294.99,1.85,N
27.33515,83.08739,306.37,0.39,0.44,2026-04-15,1949,N21,VIIRS,n,2.0NRT,294.32,1.47,N
27.3355,82.53427,316.43,0.42,0.45,2026-04-15,1949,N21,VIIRS,n,2.0NRT,291.98,1.71,N
27.33553,83.25597,307.49,0.57,0.43,2026-04-15,1949,N21,VIIRS,n,2.0NRT,294.68,1.73,N
27.33596,82.53006,306.96,0.42,0.45,2026-04-15,1949,N21,VIIRS,n,2.0NRT,292.2,1.71,N
27.33622,83.25022,313.12,0.57,0.43,2026-04-15,1949,N21,VIIRS,n,2.0NRT,295.53,1.73,N
27.33642,82.52583,302.3,0.42,0.45,2026-04-15,1949,N21,VIIRS,n,2.0NRT,291.98,1.04,N
27.33673,83.37398,323.91,0.56,0.43,2026-04-15,1949,N21,VIIRS,n,2.0NRT,295.28,4.47,N
27.33695,83.37808,306.14,0.56,0.43,2026-04-15,1949,N21,VIIRS,n,2.0NRT,294.83,1.91,N
27.33764,83.37241,319.4,0.56,0.43,2026-04-15,1949,N21,VIIRS,n,2.0NRT,295.41,2.54,N
27.33778,83.09972,315.8,0.39,0.44,2026-04-15,1949,N21,VIIRS,n,2.0NRT,294.53,1.87,N
27.34003,83.38023,308.51,0.56,0.43,2026-04-15,1949,N21,VIIRS,n,2.0NRT,294.62,1.31,N
27.34041,82.97176,304.02,0.4,0.44,2026-04-15,1949,N21,VIIRS,n,2.0NRT,291.44,0.61,N
27.34068,83.37456,306.82,0.56,0.43,2026-04-15,1949,N21,VIIRS,n,2.0NRT,294.8,1.31,N
27.3409,83.37865,313.96,0.56,0.43,2026-04-15,1949,N21,VIIRS,n,2.0NRT,295.01,1.91,N
27.34179,83.10029,314.72,0.39,0.44,2026-04-15,1949,N21,VIIRS,n,2.0NRT,293.54,1.87,N
27.34334,82.53964,312.82,0.42,0.45,2026-04-15,1949,N21,VIIRS,n,2.0NRT,291.44,1.3,N
27.34376,82.61211,317.41,0.41,0.45,2026-04-15,1949,N21,VIIRS,n,2.0NRT,291.67,1.23,N
27.34743,82.61686,305.43,0.41,0.45,2026-04-15,1949,N21,VIIRS,n,2.0NRT,290.69,1.46,N
27.34748,82.54022,306.69,0.42,0.45,2026-04-15,1949,N21,VIIRS,n,2.0NRT,291.52,1.3,N
27.34789,82.61269,308.19,0.41,0.45,2026-04-15,1949,N21,VIIRS,n,2.0NRT,291.01,1.23,N
27.35163,82.54079,303.8,0.42,0.45,2026-04-15,1949,N21,VIIRS,n,2.0NRT,291.94,1.12,N
27.35376,82.67262,311.44,0.41,0.45,2026-04-15,1949,N21,VIIRS,n,2.0NRT,291.81,1.46,N
27.35915,82.88082,304.87,0.4,0.44,2026-04-15,1949,N21,VIIRS,n,2.0NRT,291.3,0.59,N
27.36321,82.88139,307.29,0.4,0.44,2026-04-15,1949,N21,VIIRS,n,2.0NRT,292.58,1.49,N
27.36632,83.0998,305.66,0.39,0.44,2026-04-15,1949,N21,VIIRS,n,2.0NRT,293.68,0.96,N
27.36681,82.886,304.13,0.4,0.44,2026-04-15,1949,N21,VIIRS,n,2.0NRT,291.96,1.27,N
27.36789,83.09953,311.24,0.39,0.44,2026-04-15,1949,N21,VIIRS,n,2.0NRT,293.39,1.19,N
27.36835,82.69144,311.78,0.41,0.45,2026-04-15,1949,N21,VIIRS,n,2.0NRT,291.91,1.73,N
27.36915,82.86583,307.59,0.4,0.44,2026-04-15,1949,N21,VIIRS,n,2.0NRT,291.92,1.18,N
27.37321,82.86641,302.5,0.4,0.44,2026-04-15,1949,N21,VIIRS,n,2.0NRT,291.84,0.53,N
27.37538,95.33569,304.3,0.45,0.47,2026-04-15,1949,N21,VIIRS,n,2.0NRT,282.84,0.79,N
27.37645,95.33372,302.23,0.45,0.47,2026-04-15,1949,N21,VIIRS,n,2.0NRT,282.96,1.66,N
27.37947,82.88367,306.42,0.4,0.44,2026-04-15,1949,N21,VIIRS,n,2.0NRT,292.24,0.67,N
27.38194,82.93301,317.34,0.4,0.44,2026-04-15,1949,N21,VIIRS,n,2.0NRT,292.24,2.38,N
27.38246,82.9324,318.67,0.4,0.44,2026-04-15,1949,N21,VIIRS,n,2.0NRT,292.61,2.02,N
27.38337,82.70613,304.1,0.41,0.45,2026-04-15,1949,N21,VIIRS,n,2.0NRT,292.05,1.39,N
27.39324,82.5079,301.23,0.42,0.45,2026-04-15,1949,N21,VIIRS,n,2.0NRT,290.75,0.62,N
27.4072,83.00487,317.14,0.39,0.44,2026-04-15,1949,N21,VIIRS,n,2.0NRT,292.23,2.16,N
27.41355,82.83838,302.21,0.4,0.44,2026-04-15,1949,N21,VIIRS,n,2.0NRT,291.49,1.38,N
27.41445,82.83025,322.08,0.4,0.44,2026-04-15,1949,N21,VIIRS,n,2.0NRT,292.89,2.23,N
27.41844,82.97816,308.24,0.4,0.44,2026-04-15,1949,N21,VIIRS,n,2.0NRT,291.98,1,N
27.45182,83.0796,311.55,0.39,0.44,2026-04-15,1949,N21,VIIRS,n,2.0NRT,292.67,1.06,N
27.46012,84.43975,305.97,0.5,0.41,2026-04-15,1949,N21,VIIRS,n,2.0NRT,295.19,1.25,N
27.46199,83.20033,302.68,0.38,0.44,2026-04-15,1949,N21,VIIRS,n,2.0NRT,292.29,0.7,N
27.46379,83.20336,302.81,0.39,0.44,2026-04-15,1949,N21,VIIRS,n,2.0NRT,292.22,1.01,N
27.46423,83.19949,307.07,0.39,0.44,2026-04-15,1949,N21,VIIRS,n,2.0NRT,292.04,1.24,N
27.47912,83.91325,305.94,0.53,0.42,2026-04-15,1949,N21,VIIRS,n,2.0NRT,295.9,2.11,N
27.47918,95.23779,298.34,0.44,0.46,2026-04-15,1949,N21,VIIRS,n,2.0NRT,285.94,0.78,N
27.48125,81.35628,312.08,0.49,0.49,2026-04-15,1949,N21,VIIRS,n,2.0NRT,288.77,1.55,N
27.48572,81.35686,305.91,0.49,0.49,2026-04-15,1949,N21,VIIRS,n,2.0NRT,288.37,1.4,N
27.50649,83.07812,304.34,0.39,0.44,2026-04-15,1949,N21,VIIRS,n,2.0NRT,292.03,1.51,N
27.51163,84.2402,307.4,0.51,0.41,2026-04-15,1949,N21,VIIRS,n,2.0NRT,296.11,1.8,N
27.53379,95.4023,296.99,0.45,0.47,2026-04-15,1949,N21,VIIRS,n,2.0NRT,285.69,0.49,N
27.57197,85.00224,317.08,0.47,0.4,2026-04-15,1949,N21,VIIRS,n,2.0NRT,292.29,2.24,N
27.58442,85.04959,317.28,0.47,0.4,2026-04-15,1949,N21,VIIRS,n,2.0NRT,291.17,1.64,N
27.588,85.05041,304.82,0.47,0.4,2026-04-15,1949,N21,VIIRS,n,2.0NRT,289.83,1.64,N
27.60439,95.39969,296.83,0.45,0.47,2026-04-15,1949,N21,VIIRS,n,2.0NRT,285.26,0.97,N
27.64847,82.54031,308.85,0.42,0.45,2026-04-15,1949,N21,VIIRS,n,2.0NRT,295.38,1.26,N
27.66233,82.52937,308.36,0.42,0.45,2026-04-15,1949,N21,VIIRS,n,2.0NRT,294.36,1.28,N
27.67388,82.57847,309.23,0.42,0.45,2026-04-15,1949,N21,VIIRS,n,2.0NRT,295.23,1.38,N
27.68534,82.62731,309.38,0.42,0.45,2026-04-15,1949,N21,VIIRS,n,2.0NRT,295.41,1.64,N
27.68683,82.53744,305.62,0.42,0.45,2026-04-15,1949,N21,VIIRS,n,2.0NRT,295.42,2.13,N
27.68732,83.4825,306.67,0.56,0.43,2026-04-15,1949,N21,VIIRS,n,2.0NRT,296.42,1.41,N
27.68984,82.66227,307.06,0.42,0.45,2026-04-15,1949,N21,VIIRS,n,2.0NRT,296.84,2.58,N
27.70801,84.24242,315.71,0.51,0.41,2026-04-15,1949,N21,VIIRS,n,2.0NRT,296.85,2.9,N
27.71504,83.38287,307.34,0.57,0.43,2026-04-15,1949,N21,VIIRS,n,2.0NRT,296.27,2.55,N
27.71701,82.75512,312.4,0.41,0.45,2026-04-15,1949,N21,VIIRS,n,2.0NRT,296.28,1.61,N
27.72157,82.7518,311.56,0.41,0.45,2026-04-15,1949,N21,VIIRS,n,2.0NRT,297.88,1.61,N
27.72704,82.7406,311.76,0.41,0.45,2026-04-15,1949,N21,VIIRS,n,2.0NRT,297.35,1.95,N
27.72925,82.74808,315.63,0.41,0.45,2026-04-15,1949,N21,VIIRS,n,2.0NRT,297.72,4.07,N
27.72973,82.49423,307.83,0.43,0.46,2026-04-15,1949,N21,VIIRS,n,2.0NRT,296.85,2.84,N
27.73014,82.73985,321.79,0.41,0.45,2026-04-15,1949,N21,VIIRS,n,2.0NRT,298.09,2.34,N
27.73028,83.28687,307.59,0.38,0.43,2026-04-15,1949,N21,VIIRS,n,2.0NRT,297.5,1.81,N
27.73059,82.73574,308.52,0.41,0.45,2026-04-15,1949,N21,VIIRS,n,2.0NRT,297.22,2.34,N
27.73062,82.74574,319.28,0.41,0.45,2026-04-15,1949,N21,VIIRS,n,2.0NRT,298.11,4.13,N
27.7311,82.74162,313.5,0.41,0.45,2026-04-15,1949,N21,VIIRS,n,2.0NRT,298.02,1.95,N
27.73158,82.73749,321.96,0.41,0.45,2026-04-15,1949,N21,VIIRS,n,2.0NRT,297.94,1.95,N
27.73369,82.38217,308.83,0.43,0.46,2026-04-15,1949,N21,VIIRS,n,2.0NRT,296.17,1.96,N
27.73376,82.74503,318.3,0.41,0.45,2026-04-15,1949,N21,VIIRS,n,2.0NRT,297.71,2.21,N
27.73421,82.74093,314.62,0.41,0.45,2026-04-15,1949,N21,VIIRS,n,2.0NRT,297.97,2.76,N
27.73465,82.73686,328.2,0.41,0.45,2026-04-15,1949,N21,VIIRS,n,2.0NRT,298.14,2.76,N
27.73684,82.3922,310.05,0.43,0.46,2026-04-15,1949,N21,VIIRS,n,2.0NRT,297.08,3.52,N
27.73737,82.38744,319.91,0.43,0.46,2026-04-15,1949,N21,VIIRS,n,2.0NRT,296.04,1.96,N
27.73783,82.74608,310.16,0.41,0.45,2026-04-15,1949,N21,VIIRS,n,2.0NRT,297.45,2.21,N
27.73799,82.82056,315.51,0.41,0.45,2026-04-15,1949,N21,VIIRS,n,2.0NRT,298.39,2.93,N
27.7384,82.81689,309.95,0.41,0.45,2026-04-15,1949,N21,VIIRS,n,2.0NRT,298.06,2.6,N
27.7387,82.73807,317.15,0.41,0.45,2026-04-15,1949,N21,VIIRS,n,2.0NRT,298.21,2.76,N
27.73914,82.73409,309.85,0.41,0.45,2026-04-15,1949,N21,VIIRS,n,2.0NRT,297.66,2.85,N
27.74316,82.73554,313.52,0.41,0.45,2026-04-15,1949,N21,VIIRS,n,2.0NRT,296.44,2.35,N
27.75913,82.43031,308.82,0.43,0.46,2026-04-15,1949,N21,VIIRS,n,2.0NRT,296.4,2.97,N
27.76114,82.83689,305.02,0.41,0.45,2026-04-15,1949,N21,VIIRS,n,2.0NRT,294.1,2.1,N
27.77093,82.86071,309.71,0.41,0.45,2026-04-15,1949,N21,VIIRS,n,2.0NRT,296.61,2.08,N
27.77252,82.38452,307,0.43,0.46,2026-04-15,1949,N21,VIIRS,n,2.0NRT,296.56,1.89,N
27.77274,83.09713,312.4,0.39,0.44,2026-04-15,1949,N21,VIIRS,n,2.0NRT,297.47,2.98,N
27.77585,84.41379,305.65,0.5,0.41,2026-04-15,1949,N21,VIIRS,n,2.0NRT,295.11,1.65,N
27.7767,82.38528,314.33,0.43,0.46,2026-04-15,1949,N21,VIIRS,n,2.0NRT,297.18,1.89,N
27.77788,82.76167,331.5,0.41,0.45,2026-04-15,1949,N21,VIIRS,n,2.0NRT,296.99,4.34,N
27.78261,82.48897,303.97,0.43,0.46,2026-04-15,1949,N21,VIIRS,n,2.0NRT,292.76,1.41,N
27.78469,82.3905,306.89,0.43,0.46,2026-04-15,1949,N21,VIIRS,n,2.0NRT,295.34,2.81,N
27.78682,82.48929,304.1,0.43,0.46,2026-04-15,1949,N21,VIIRS,n,2.0NRT,292.08,1.5,N
27.82178,82.92163,303.19,0.4,0.44,2026-04-15,1949,N21,VIIRS,n,2.0NRT,290.94,0.66,N
27.82896,82.25751,311.05,0.44,0.46,2026-04-15,1949,N21,VIIRS,n,2.0NRT,296.38,3.56,N
27.83581,82.90708,310.7,0.4,0.45,2026-04-15,1949,N21,VIIRS,n,2.0NRT,294.05,1.23,N
27.83627,82.90298,309.19,0.4,0.45,2026-04-15,1949,N21,VIIRS,n,2.0NRT,294.09,1.23,N
27.83987,82.90789,309.18,0.4,0.45,2026-04-15,1949,N21,VIIRS,n,2.0NRT,294.29,1.25,N
27.84033,82.90376,309.85,0.4,0.45,2026-04-15,1949,N21,VIIRS,n,2.0NRT,294.08,1.25,N
27.87668,82.68777,309.86,0.42,0.45,2026-04-15,1949,N21,VIIRS,n,2.0NRT,295.38,2.48,N
27.88072,82.68915,316.1,0.42,0.45,2026-04-15,1949,N21,VIIRS,n,2.0NRT,296.32,2.28,N
27.88663,82.82411,301.3,0.41,0.45,2026-04-15,1949,N21,VIIRS,n,2.0NRT,290.05,1.06,N
27.88839,83.02676,300.21,0.4,0.44,2026-04-15,1949,N21,VIIRS,n,2.0NRT,290.01,0.2,N
27.8904,82.90106,304,0.4,0.45,2026-04-15,1949,N21,VIIRS,n,2.0NRT,292.24,1.28,N
27.89497,82.89735,308.89,0.41,0.45,2026-04-15,1949,N21,VIIRS,n,2.0NRT,293.51,1.45,N
27.89866,82.90142,309.98,0.4,0.45,2026-04-15,1949,N21,VIIRS,n,2.0NRT,293.1,1.23,N
27.89911,82.8975,305.44,0.41,0.45,2026-04-15,1949,N21,VIIRS,n,2.0NRT,293.33,0.82,N
27.90549,82.95012,340.88,0.4,0.44,2026-04-15,1949,N21,VIIRS,n,2.0NRT,295.31,5.03,N
27.91474,82.86983,304.48,0.41,0.45,2026-04-15,1949,N21,VIIRS,n,2.0NRT,290.55,0.92,N
27.9162,82.92923,305.92,0.4,0.44,2026-04-15,1949,N21,VIIRS,n,2.0NRT,292.53,0.91,N
27.91784,82.87903,309.11,0.41,0.45,2026-04-15,1949,N21,VIIRS,n,2.0NRT,292.14,1.39,N
27.91809,82.80408,307.91,0.41,0.45,2026-04-15,1949,N21,VIIRS,n,2.0NRT,292.65,1.9,N
27.92011,82.92995,315.28,0.4,0.45,2026-04-15,1949,N21,VIIRS,n,2.0NRT,291.97,1.78,N
27.92026,82.92997,314.82,0.4,0.44,2026-04-15,1949,N21,VIIRS,n,2.0NRT,292.05,1.35,N
27.9207,82.59444,311.45,0.42,0.45,2026-04-15,1949,N21,VIIRS,n,2.0NRT,291.17,1.43,N
27.9219,82.87992,304.77,0.41,0.45,2026-04-15,1949,N21,VIIRS,n,2.0NRT,291.77,1.39,N
27.92214,82.80517,325.29,0.41,0.45,2026-04-15,1949,N21,VIIRS,n,2.0NRT,294.13,1.9,N
27.92259,82.80125,314.32,0.41,0.45,2026-04-15,1949,N21,VIIRS,n,2.0NRT,293.72,3.46,N
27.92377,81.82257,305.57,0.47,0.48,2026-04-15,1949,N21,VIIRS,n,2.0NRT,292.06,1.34,N
27.92705,82.7987,309.34,0.41,0.45,2026-04-15,1949,N21,VIIRS,n,2.0NRT,293.9,1.19,N
27.92772,82.64485,314,0.42,0.45,2026-04-15,1949,N21,VIIRS,n,2.0NRT,295.52,2.55,N
27.93177,82.64623,325.91,0.42,0.45,2026-04-15,1949,N21,VIIRS,n,2.0NRT,296.45,2.55,N
27.93345,82.51775,302.66,0.43,0.46,2026-04-15,1949,N21,VIIRS,n,2.0NRT,292.26,0.85,N
27.93927,82.42643,303.45,0.43,0.46,2026-04-15,1949,N21,VIIRS,n,2.0NRT,292.38,0.42,N
27.94184,82.48038,305.37,0.43,0.46,2026-04-15,1949,N21,VIIRS,n,2.0NRT,294.55,2.59,N
27.94195,82.63069,305.56,0.42,0.45,2026-04-15,1949,N21,VIIRS,n,2.0NRT,294.4,1.9,N
27.94232,82.47602,306.03,0.43,0.46,2026-04-15,1949,N21,VIIRS,n,2.0NRT,294.07,1.83,N
27.94392,82.42294,308.95,0.43,0.46,2026-04-15,1949,N21,VIIRS,n,2.0NRT,293.61,0.89,N
27.94539,82.04804,312.93,0.45,0.47,2026-04-15,1949,N21,VIIRS,n,2.0NRT,298.98,3.53,N
27.94606,82.63165,309.28,0.42,0.45,2026-04-15,1949,N21,VIIRS,n,2.0NRT,294.84,1.74,N
27.94631,82.40124,312.5,0.43,0.46,2026-04-15,1949,N21,VIIRS,n,2.0NRT,293.3,2.48,N
27.94658,82.62713,305.5,0.42,0.45,2026-04-15,1949,N21,VIIRS,n,2.0NRT,294.84,1.15,N
27.94678,82.39698,308.36,0.43,0.46,2026-04-15,1949,N21,VIIRS,n,2.0NRT,292.22,0.95,N
27.94707,82.62272,309.28,0.42,0.45,2026-04-15,1949,N21,VIIRS,n,2.0NRT,294.58,1.15,N
27.94762,82.61793,310.94,0.42,0.45,2026-04-15,1949,N21,VIIRS,n,2.0NRT,294.71,1.45,N
27.94915,82.05381,313.49,0.45,0.47,2026-04-15,1949,N21,VIIRS,n,2.0NRT,298.52,3.83,N
27.95514,82.12071,307.17,0.45,0.47,2026-04-15,1949,N21,VIIRS,n,2.0NRT,296.58,2.33,N
27.95564,82.116,310.88,0.45,0.47,2026-04-15,1949,N21,VIIRS,n,2.0NRT,297,2.87,N
27.96054,82.54105,306,0.43,0.46,2026-04-15,1949,N21,VIIRS,n,2.0NRT,293.76,1.66,N
27.96612,82.41528,304.82,0.43,0.46,2026-04-15,1949,N21,VIIRS,n,2.0NRT,292.98,1.36,N
27.96661,82.41088,313.82,0.43,0.46,2026-04-15,1949,N21,VIIRS,n,2.0NRT,292.98,2.43,N
27.99067,83.2487,301.32,0.39,0.44,2026-04-15,1949,N21,VIIRS,n,2.0NRT,287.77,0.51,N
27.99243,83.24813,299.94,0.39,0.44,2026-04-15,1949,N21,VIIRS,n,2.0NRT,287.82,0.27,N
28.00145,82.21352,305.83,0.44,0.46,2026-04-15,1949,N21,VIIRS,n,2.0NRT,295.12,3.31,N
28.00492,82.21403,306.39,0.45,0.47,2026-04-15,1949,N21,VIIRS,n,2.0NRT,296.19,2.75,N
28.01545,82.51757,302.78,0.43,0.46,2026-04-15,1949,N21,VIIRS,n,2.0NRT,290.87,1.42,N
28.01968,82.59482,302.08,0.42,0.45,2026-04-15,1949,N21,VIIRS,n,2.0NRT,288.17,0.52,N
28.06528,82.09424,307.78,0.45,0.47,2026-04-15,1949,N21,VIIRS,n,2.0NRT,296.67,2.33,N
28.06633,82.08433,334.2,0.45,0.47,2026-04-15,1949,N21,VIIRS,n,2.0NRT,297.78,3.69,N
28.06685,82.07942,306.68,0.45,0.47,2026-04-15,1949,N21,VIIRS,n,2.0NRT,296.46,3.69,N
28.07049,82.08625,311.42,0.45,0.47,2026-04-15,1949,N21,VIIRS,n,2.0NRT,296.5,3.25,N
28.0757,82.07822,315.24,0.45,0.47,2026-04-15,1949,N21,VIIRS,n,2.0NRT,295.92,4.05,N
28.0799,82.07977,304.83,0.45,0.47,2026-04-15,1949,N21,VIIRS,n,2.0NRT,293.8,2,N
28.08042,82.07492,324.63,0.45,0.47,2026-04-15,1949,N21,VIIRS,n,2.0NRT,294.42,2,N
28.08378,82.60326,312.92,0.42,0.45,2026-04-15,1949,N21,VIIRS,n,2.0NRT,289.62,2.11,N
28.08428,82.07967,312.84,0.45,0.47,2026-04-15,1949,N21,VIIRS,n,2.0NRT,294.06,2,N
28.08467,82.59497,305.53,0.42,0.46,2026-04-15,1949,N21,VIIRS,n,2.0NRT,288.81,0.92,N
28.08757,82.60733,303.17,0.42,0.45,2026-04-15,1949,N21,VIIRS,n,2.0NRT,288.17,0.6,N
28.10335,83.97371,301.72,0.53,0.42,2026-04-15,1949,N21,VIIRS,n,2.0NRT,290.51,0.94,N
28.11456,80.48434,303.15,0.57,0.52,2026-04-15,1949,N21,VIIRS,n,2.0NRT,292.89,2.22,N
28.11656,82.06387,310.03,0.46,0.47,2026-04-15,1949,N21,VIIRS,n,2.0NRT,293.17,1.3,N
28.17468,83.5802,298.49,0.56,0.43,2026-04-15,1949,N21,VIIRS,n,2.0NRT,288.27,1.62,N
28.17787,83.58349,304.57,0.56,0.43,2026-04-15,1949,N21,VIIRS,n,2.0NRT,287.66,1.55,N
28.17846,83.57829,307.91,0.56,0.43,2026-04-15,1949,N21,VIIRS,n,2.0NRT,288.21,1.55,N
28.17854,83.58134,316.48,0.56,0.43,2026-04-15,1949,N21,VIIRS,n,2.0NRT,288.53,1.62,N
28.17855,82.07765,300.62,0.46,0.47,2026-04-15,1949,N21,VIIRS,n,2.0NRT,289.63,1.11,N
28.18716,82.07889,302.01,0.46,0.47,2026-04-15,1949,N21,VIIRS,n,2.0NRT,289.06,0.6,N
28.19469,81.88194,314.48,0.47,0.48,2026-04-15,1949,N21,VIIRS,n,2.0NRT,295.53,2.79,N
28.19958,81.87748,308.9,0.47,0.48,2026-04-15,1949,N21,VIIRS,n,2.0NRT,296.5,1.8,N
28.21851,81.86582,307.36,0.47,0.48,2026-04-15,1949,N21,VIIRS,n,2.0NRT,295.24,2.14,N
28.22051,82.0939,308.28,0.46,0.47,2026-04-15,1949,N21,VIIRS,n,2.0NRT,291.12,1.67,N
28.22094,82.08983,321.21,0.46,0.47,2026-04-15,1949,N21,VIIRS,n,2.0NRT,292.13,1.67,N
28.22312,82.09208,331.79,0.46,0.47,2026-04-15,1949,N21,VIIRS,n,2.0NRT,292.45,4.34,N
28.22527,82.09022,305.38,0.46,0.47,2026-04-15,1949,N21,VIIRS,n,2.0NRT,291.14,1.67,N
28.2266,81.43716,301.38,0.5,0.49,2026-04-15,1949,N21,VIIRS,n,2.0NRT,291.32,0.95,N
28.2344,82.04649,310.82,0.46,0.47,2026-04-15,1949,N21,VIIRS,n,2.0NRT,293.92,3.7,N
28.23623,82.04935,315.66,0.46,0.47,2026-04-15,1949,N21,VIIRS,n,2.0NRT,293.33,3.13,N
28.23731,82.03874,303.71,0.46,0.47,2026-04-15,1949,N21,VIIRS,n,2.0NRT,293.55,1.74,N
28.24114,81.8196,313.98,0.47,0.48,2026-04-15,1949,N21,VIIRS,n,2.0NRT,296.13,1.82,N
28.24543,81.82099,310.22,0.47,0.48,2026-04-15,1949,N21,VIIRS,n,2.0NRT,295.32,1.82,N
28.26546,81.84824,319.96,0.47,0.48,2026-04-15,1949,N21,VIIRS,n,2.0NRT,294.68,3.96,N
28.27461,82.01722,307.53,0.46,0.47,2026-04-15,1949,N21,VIIRS,n,2.0NRT,292.23,1.47,N
28.27521,82.01152,307.08,0.46,0.47,2026-04-15,1949,N21,VIIRS,n,2.0NRT,293.63,1.47,N
28.28116,81.99658,310.07,0.46,0.47,2026-04-15,1949,N21,VIIRS,n,2.0NRT,293.78,2.3,N
28.28918,81.91924,304.09,0.47,0.48,2026-04-15,1949,N21,VIIRS,n,2.0NRT,292.78,1.33,N
28.29474,83.16379,316.67,0.4,0.44,2026-04-15,1949,N21,VIIRS,n,2.0NRT,288.76,1.35,N
28.29518,83.15996,306.07,0.4,0.44,2026-04-15,1949,N21,VIIRS,n,2.0NRT,287.08,1.35,N
28.29558,81.98484,309.46,0.46,0.47,2026-04-15,1949,N21,VIIRS,n,2.0NRT,292.78,1.35,N
28.29872,83.16486,299.31,0.4,0.44,2026-04-15,1949,N21,VIIRS,n,2.0NRT,287.43,1.36,N
28.30235,81.70375,313.08,0.48,0.48,2026-04-15,1949,N21,VIIRS,n,2.0NRT,297.12,4.71,N
28.30357,83.1583,313.9,0.4,0.44,2026-04-15,1949,N21,VIIRS,n,2.0NRT,286.2,1.99,N
28.32193,81.55424,322.88,0.49,0.49,2026-04-15,1949,N21,VIIRS,n,2.0NRT,297.39,3.52,N
28.32245,81.54907,314.28,0.49,0.49,2026-04-15,1949,N21,VIIRS,n,2.0NRT,297.31,3.52,N
28.32444,81.92021,307.54,0.47,0.48,2026-04-15,1949,N21,VIIRS,n,2.0NRT,292.13,1.61,N
28.32583,81.56039,309.98,0.49,0.49,2026-04-15,1949,N21,VIIRS,n,2.0NRT,297.04,3.43,N
28.32842,81.62382,307.67,0.49,0.48,2026-04-15,1949,N21,VIIRS,n,2.0NRT,296.76,3.01,N
28.33021,81.56171,307.86,0.49,0.49,2026-04-15,1949,N21,VIIRS,n,2.0NRT,297.65,2.28,N
28.33233,81.92894,310.39,0.47,0.48,2026-04-15,1949,N21,VIIRS,n,2.0NRT,293.07,2.3,N
28.33454,81.56358,316.95,0.49,0.49,2026-04-15,1949,N21,VIIRS,n,2.0NRT,297.61,2.28,N
28.33625,81.54675,310.97,0.49,0.49,2026-04-15,1949,N21,VIIRS,n,2.0NRT,297.1,3.71,N
28.33662,81.63161,313.15,0.49,0.48,2026-04-15,1949,N21,VIIRS,n,2.0NRT,296,3.29,N
28.3373,82.19312,299.29,0.45,0.47,2026-04-15,1949,N21,VIIRS,n,2.0NRT,288.92,3.61,N
28.33755,81.62258,309.25,0.49,0.48,2026-04-15,1949,N21,VIIRS,n,2.0NRT,295.15,2.6,N
28.33773,82.18899,313.92,0.45,0.47,2026-04-15,1949,N21,VIIRS,n,2.0NRT,289.82,2.49,N
28.33887,81.56538,310.09,0.49,0.49,2026-04-15,1949,N21,VIIRS,n,2.0NRT,296.33,1.53,N
28.34165,82.19303,341.7,0.45,0.47,2026-04-15,1949,N21,VIIRS,n,2.0NRT,291.44,3.61,N
28.34209,82.1888,306.93,0.45,0.47,2026-04-15,1949,N21,VIIRS,n,2.0NRT,289.35,2.49,N
28.34325,81.56673,306.43,0.49,0.49,2026-04-15,1949,N21,VIIRS,n,2.0NRT,295.36,1.53,N
28.34602,82.19283,309.12,0.45,0.47,2026-04-15,1949,N21,VIIRS,n,2.0NRT,287.93,1.49,N
28.3469,82.14236,301.15,0.45,0.47,2026-04-15,1949,N21,VIIRS,n,2.0NRT,287.22,2.44,N
28.34737,82.13774,330.84,0.45,0.47,2026-04-15,1949,N21,VIIRS,n,2.0NRT,289.93,2.44,N
28.34785,82.13309,298.41,0.46,0.47,2026-04-15,1949,N21,VIIRS,n,2.0NRT,287.99,1.4,N
28.34825,81.56199,310.13,0.49,0.49,2026-04-15,1949,N21,VIIRS,n,2.0NRT,295.78,2.7,N
28.34837,82.25343,325.96,0.45,0.47,2026-04-15,1949,N21,VIIRS,n,2.0NRT,290.79,2.26,N
28.35129,82.14206,302.9,0.45,0.47,2026-04-15,1949,N21,VIIRS,n,2.0NRT,286.87,1.07,N
28.35134,82.38815,295.27,0.44,0.46,2026-04-15,1949,N21,VIIRS,n,2.0NRT,284.88,0.74,N
28.35174,82.13767,304.95,0.45,0.47,2026-04-15,1949,N21,VIIRS,n,2.0NRT,288.07,1.07,N
28.35256,82.25473,305.37,0.45,0.47,2026-04-15,1949,N21,VIIRS,n,2.0NRT,288.85,2.26,N
28.3531,82.24966,309.77,0.45,0.47,2026-04-15,1949,N21,VIIRS,n,2.0NRT,288.94,2.26,N
28.35949,82.14706,311.07,0.45,0.47,2026-04-15,1949,N21,VIIRS,n,2.0NRT,288.45,1.97,N
28.37141,81.72501,308.09,0.48,0.48,2026-04-15,1949,N21,VIIRS,n,2.0NRT,294.88,1.95,N
28.37159,81.72663,308.1,0.48,0.48,2026-04-15,1949,N21,VIIRS,n,2.0NRT,295.02,2.42,N
28.37802,81.75014,302.27,0.48,0.48,2026-04-15,1949,N21,VIIRS,n,2.0NRT,291.9,0.46,N
28.38444,81.77359,301.91,0.48,0.48,2026-04-15,1949,N21,VIIRS,n,2.0NRT,291.02,1.05,N
28.39134,81.56804,306.69,0.49,0.49,2026-04-15,1949,N21,VIIRS,n,2.0NRT,294.77,2.54,N
28.39458,81.42031,314.25,0.5,0.49,2026-04-15,1949,N21,VIIRS,n,2.0NRT,297.38,3.02,N
28.3951,81.4153,321.65,0.5,0.49,2026-04-15,1949,N21,VIIRS,n,2.0NRT,298.03,3.02,N
28.39671,81.41916,316.7,0.5,0.49,2026-04-15,1949,N21,VIIRS,n,2.0NRT,298.04,3.17,N
28.3972,81.41405,316.02,0.5,0.49,2026-04-15,1949,N21,VIIRS,n,2.0NRT,297.99,3.17,N
28.39771,81.40872,315.17,0.5,0.49,2026-04-15,1949,N21,VIIRS,n,2.0NRT,298.08,3.47,N
28.40009,81.41113,310.94,0.5,0.49,2026-04-15,1949,N21,VIIRS,n,2.0NRT,297.78,3.61,N
28.40067,81.40552,322.67,0.5,0.49,2026-04-15,1949,N21,VIIRS,n,2.0NRT,298.39,3.61,N
28.40158,81.647,308.4,0.49,0.48,2026-04-15,1949,N21,VIIRS,n,2.0NRT,295.46,1.67,N
28.40217,81.64101,311,0.49,0.48,2026-04-15,1949,N21,VIIRS,n,2.0NRT,295.33,1.67,N
28.40219,81.40969,319.86,0.5,0.49,2026-04-15,1949,N21,VIIRS,n,2.0NRT,298.24,3.47,N
28.40265,81.45207,307.15,0.5,0.49,2026-04-15,1949,N21,VIIRS,n,2.0NRT,296.63,3.28,N
28.40384,81.5787,302.16,0.49,0.49,2026-04-15,1949,N21,VIIRS,n,2.0NRT,289.6,1.29,N
28.4059,81.6487,308.63,0.49,0.48,2026-04-15,1949,N21,VIIRS,n,2.0NRT,295.3,1.67,N
28.40661,81.45815,308.92,0.5,0.49,2026-04-15,1949,N21,VIIRS,n,2.0NRT,297.13,3.62,N
28.40866,81.46014,311.96,0.5,0.49,2026-04-15,1949,N21,VIIRS,n,2.0NRT,296.61,3.21,N
28.40913,81.52512,306.51,0.5,0.49,2026-04-15,1949,N21,VIIRS,n,2.0NRT,294.1,2.03,N
28.4096,81.52039,307.03,0.5,0.49,2026-04-15,1949,N21,VIIRS,n,2.0NRT,295.86,2.03,N
28.4106,81.41706,307.79,0.5,0.49,2026-04-15,1949,N21,VIIRS,n,2.0NRT,297.48,3.35,N
28.41367,81.5251,311.37,0.5,0.49,2026-04-15,1949,N21,VIIRS,n,2.0NRT,294.21,2.87,N
28.42063,81.6364,311.93,0.49,0.48,2026-04-15,1949,N21,VIIRS,n,2.0NRT,295.98,2.24,N
28.43462,81.63165,300.82,0.49,0.48,2026-04-15,1949,N21,VIIRS,n,2.0NRT,290.41,1.32,N
28.46043,81.37495,309.06,0.51,0.49,2026-04-15,1949,N21,VIIRS,n,2.0NRT,296.91,3.91,N
28.46492,81.37575,314,0.51,0.49,2026-04-15,1949,N21,VIIRS,n,2.0NRT,297.4,4.34,N
28.47441,81.5953,303.65,0.49,0.49,2026-04-15,1949,N21,VIIRS,n,2.0NRT,291.88,1.31,N
28.48883,81.63024,304.28,0.49,0.48,2026-04-15,1949,N21,VIIRS,n,2.0NRT,292.7,0.94,N
28.49656,81.98597,306.76,0.47,0.47,2026-04-15,1949,N21,VIIRS,n,2.0NRT,290.88,0.98,N
28.49704,81.98142,300.26,0.47,0.47,2026-04-15,1949,N21,VIIRS,n,2.0NRT,289.9,0.98,N
28.5172,81.37323,309.05,0.51,0.49,2026-04-15,1949,N21,VIIRS,n,2.0NRT,296.38,1.77,N
28.51741,81.51227,314.59,0.5,0.49,2026-04-15,1949,N21,VIIRS,n,2.0NRT,291.84,2.65,N
28.52643,82.20081,301.19,0.45,0.47,2026-04-15,1949,N21,VIIRS,n,2.0NRT,288.75,0.97,N
28.53082,82.20055,299.14,0.45,0.47,2026-04-15,1949,N21,VIIRS,n,2.0NRT,287.78,0.81,N
28.55269,82.09688,304.12,0.46,0.47,2026-04-15,1949,N21,VIIRS,n,2.0NRT,290.55,1.62,N
28.56012,82.06689,311.69,0.46,0.47,2026-04-15,1949,N21,VIIRS,n,2.0NRT,288.78,1.11,N
28.56161,82.09535,319.86,0.46,0.47,2026-04-15,1949,N21,VIIRS,n,2.0NRT,289.21,2.48,N
28.56413,82.11359,317.82,0.46,0.47,2026-04-15,1949,N21,VIIRS,n,2.0NRT,288.93,2.56,N
28.56449,82.06709,297.95,0.46,0.47,2026-04-15,1949,N21,VIIRS,n,2.0NRT,287.76,0.6,N
28.56835,82.07238,302.45,0.46,0.47,2026-04-15,1949,N21,VIIRS,n,2.0NRT,288.52,0.6,N
28.56849,82.1138,334.61,0.46,0.47,2026-04-15,1949,N21,VIIRS,n,2.0NRT,290.81,5.85,N
28.57032,81.96596,300.52,0.47,0.48,2026-04-15,1949,N21,VIIRS,n,2.0NRT,287.63,0.55,N
28.58044,81.90941,315.19,0.47,0.48,2026-04-15,1949,N21,VIIRS,n,2.0NRT,288.13,1.95,N
28.59591,81.97497,317.95,0.47,0.48,2026-04-15,1949,N21,VIIRS,n,2.0NRT,289.95,2.13,N
28.59635,81.97065,299.19,0.47,0.48,2026-04-15,1949,N21,VIIRS,n,2.0NRT,288.5,1.78,N
28.59989,81.97923,339.48,0.47,0.48,2026-04-15,1949,N21,VIIRS,n,2.0NRT,292.82,4.35,N
28.60034,81.97482,302.34,0.47,0.48,2026-04-15,1949,N21,VIIRS,n,2.0NRT,289.39,4.35,N
28.60083,81.97011,314.03,0.47,0.48,2026-04-15,1949,N21,VIIRS,n,2.0NRT,288.4,2.53,N
28.60227,82.12589,298.68,0.46,0.47,2026-04-15,1949,N21,VIIRS,n,2.0NRT,287.7,0.69,N
28.60432,81.97909,319.93,0.47,0.48,2026-04-15,1949,N21,VIIRS,n,2.0NRT,290.94,4.35,N
28.61307,81.8938,300.7,0.47,0.48,2026-04-15,1949,N21,VIIRS,n,2.0NRT,288.44,0.97,N
28.61384,81.97256,301.99,0.47,0.48,2026-04-15,1949,N21,VIIRS,n,2.0NRT,289.35,1.79,N
28.61658,81.90295,302.94,0.47,0.48,2026-04-15,1949,N21,VIIRS,n,2.0NRT,290.43,1.34,N
28.62049,81.90799,301.53,0.47,0.48,2026-04-15,1949,N21,VIIRS,n,2.0NRT,289.63,1.69,N
28.62095,81.90353,305,0.47,0.48,2026-04-15,1949,N21,VIIRS,n,2.0NRT,289.31,1.34,N
28.62137,81.89943,303.2,0.47,0.48,2026-04-15,1949,N21,VIIRS,n,2.0NRT,288.95,1.34,N
28.6603,81.99306,324.64,0.47,0.48,2026-04-15,1949,N21,VIIRS,n,2.0NRT,291.04,3.52,N
28.66118,81.99626,304.54,0.47,0.48,2026-04-15,1949,N21,VIIRS,n,2.0NRT,289.19,1.05,N
28.66167,81.99139,305.19,0.47,0.48,2026-04-15,1949,N21,VIIRS,n,2.0NRT,289.94,1.85,N
28.66714,82.01186,300.21,0.47,0.47,2026-04-15,1949,N21,VIIRS,n,2.0NRT,289.55,1.25,N
28.67238,82.00407,300.42,0.47,0.47,2026-04-15,1949,N21,VIIRS,n,2.0NRT,289.79,0.69,N
28.67261,81.74905,303.18,0.48,0.48,2026-04-15,1949,N21,VIIRS,n,2.0NRT,287.12,0.75,N
28.67334,82.00716,301.95,0.47,0.48,2026-04-15,1949,N21,VIIRS,n,2.0NRT,289.29,1.6,N
28.67456,81.50941,300.23,0.5,0.49,2026-04-15,1949,N21,VIIRS,n,2.0NRT,289.5,0.9,N
28.68216,81.34158,304.55,0.51,0.49,2026-04-15,1949,N21,VIIRS,n,2.0NRT,293.08,1.12,N
28.68311,82.33574,296.61,0.45,0.47,2026-04-15,1949,N21,VIIRS,n,2.0NRT,286.42,0.6,N
28.6967,81.77299,309.37,0.48,0.48,2026-04-15,1949,N21,VIIRS,n,2.0NRT,288.8,2.12,N
28.6968,81.77448,306.18,0.48,0.48,2026-04-15,1949,N21,VIIRS,n,2.0NRT,288.7,1.72,N
28.69727,81.77007,303.56,0.48,0.48,2026-04-15,1949,N21,VIIRS,n,2.0NRT,288,1.24,N
28.70066,81.77824,312.63,0.48,0.48,2026-04-15,1949,N21,VIIRS,n,2.0NRT,289.18,1.59,N
28.70379,81.701,303.4,0.49,0.48,2026-04-15,1949,N21,VIIRS,n,2.0NRT,288.12,0.79,N
28.70488,81.698,304.45,0.49,0.48,2026-04-15,1949,N21,VIIRS,n,2.0NRT,287.72,0.95,N
28.70541,81.77551,299.97,0.48,0.48,2026-04-15,1949,N21,VIIRS,n,2.0NRT,287.57,1.59,N
28.70837,81.7001,305.11,0.49,0.48,2026-04-15,1949,N21,VIIRS,n,2.0NRT,289,1.36,N
28.70885,81.69524,302.51,0.49,0.48,2026-04-15,1949,N21,VIIRS,n,2.0NRT,287.87,0.93,N
28.71084,76.83252,300.83,0.49,0.65,2026-04-15,1949,N21,VIIRS,n,2.0NRT,289.84,0.67,N
28.71318,81.78728,297.72,0.48,0.48,2026-04-15,1949,N21,VIIRS,n,2.0NRT,286.98,1.53,N
28.71767,81.3086,304.02,0.51,0.5,2026-04-15,1949,N21,VIIRS,n,2.0NRT,293.33,2.11,N
28.75924,81.68642,299.61,0.49,0.49,2026-04-15,1949,N21,VIIRS,n,2.0NRT,288.96,1.17,N
28.75979,81.68105,317.21,0.49,0.49,2026-04-15,1949,N21,VIIRS,n,2.0NRT,289.6,2.9,N
28.77512,76.94695,313.03,0.48,0.65,2026-04-15,1949,N21,VIIRS,n,2.0NRT,288.33,1.62,N
28.77871,76.94706,312.09,0.48,0.65,2026-04-15,1949,N21,VIIRS,n,2.0NRT,287.25,1.76,N
28.78983,81.82198,299.73,0.48,0.48,2026-04-15,1949,N21,VIIRS,n,2.0NRT,288.83,1.03,N
28.80223,80.81194,313.78,0.55,0.51,2026-04-15,1949,N21,VIIRS,n,2.0NRT,297.97,3.11,N
28.80689,80.81293,309.8,0.55,0.51,2026-04-15,1949,N21,VIIRS,n,2.0NRT,297.24,3.11,N
28.84363,81.34943,303.94,0.51,0.5,2026-04-15,1949,N21,VIIRS,n,2.0NRT,292.82,1.91,N
28.84493,81.34561,305.53,0.51,0.5,2026-04-15,1949,N21,VIIRS,n,2.0NRT,293.1,2.31,N
28.8565,81.5105,302.09,0.5,0.49,2026-04-15,1949,N21,VIIRS,n,2.0NRT,289.32,1.23,N
28.8607,81.51418,304.11,0.5,0.49,2026-04-15,1949,N21,VIIRS,n,2.0NRT,290.31,2.48,N
28.8611,81.51003,322.06,0.5,0.49,2026-04-15,1949,N21,VIIRS,n,2.0NRT,290.26,2.48,N
28.86421,81.47835,303.21,0.5,0.49,2026-04-15,1949,N21,VIIRS,n,2.0NRT,290.84,1.09,N
28.86497,81.47062,305.68,0.51,0.49,2026-04-15,1949,N21,VIIRS,n,2.0NRT,291.16,2.08,N
28.8685,81.48122,307.72,0.5,0.49,2026-04-15,1949,N21,VIIRS,n,2.0NRT,290.7,1.09,N
28.87967,81.02527,303.83,0.54,0.51,2026-04-15,1949,N21,VIIRS,n,2.0NRT,292.21,1.56,N
28.8811,81.02409,305.88,0.54,0.51,2026-04-15,1949,N21,VIIRS,n,2.0NRT,292.62,1.25,N
28.88287,81.33425,304.46,0.52,0.5,2026-04-15,1949,N21,VIIRS,n,2.0NRT,290.35,1.64,N
28.88711,81.33807,304.88,0.51,0.5,2026-04-15,1949,N21,VIIRS,n,2.0NRT,290.68,1.5,N
28.89268,81.42159,306.77,0.51,0.49,2026-04-15,1949,N21,VIIRS,n,2.0NRT,290.41,1.22,N
28.90457,81.05994,301.83,0.54,0.51,2026-04-15,1949,N21,VIIRS,n,2.0NRT,291.18,0.85,N
28.91033,81.04866,303.06,0.54,0.51,2026-04-15,1949,N21,VIIRS,n,2.0NRT,291.69,1.37,N
28.91954,80.16537,307.98,0.61,0.53,2026-04-15,1949,N21,VIIRS,n,2.0NRT,291.94,2.61,N
28.9229,81.0153,304.27,0.54,0.51,2026-04-15,1949,N21,VIIRS,n,2.0NRT,291.82,0.98,N
28.9252,81.48158,307.91,0.51,0.49,2026-04-15,1949,N21,VIIRS,n,2.0NRT,289.39,1.81,N
28.9257,81.47632,303.82,0.51,0.49,2026-04-15,1949,N21,VIIRS,n,2.0NRT,289.67,1.77,N
28.928,81.48027,310.02,0.51,0.49,2026-04-15,1949,N21,VIIRS,n,2.0NRT,289.27,1.94,N
28.96746,81.08802,301.93,0.53,0.5,2026-04-15,1949,N21,VIIRS,n,2.0NRT,290.58,1.82,N
28.97058,81.09587,314.9,0.53,0.5,2026-04-15,1949,N21,VIIRS,n,2.0NRT,291.7,2.98,N
28.97102,81.09938,301.25,0.53,0.5,2026-04-15,1949,N21,VIIRS,n,2.0NRT,290.87,1.24,N
28.97108,81.09045,307.77,0.53,0.5,2026-04-15,1949,N21,VIIRS,n,2.0NRT,291.61,2.09,N
28.97151,81.09439,310.2,0.53,0.5,2026-04-15,1949,N21,VIIRS,n,2.0NRT,291.23,1.82,N
28.9797,81.09843,301.77,0.53,0.5,2026-04-15,1949,N21,VIIRS,n,2.0NRT,290.95,0.84,N
28.99642,80.88943,299.18,0.55,0.51,2026-04-15,1949,N21,VIIRS,n,2.0NRT,288.78,0.42,N
29.03224,81.27888,308.22,0.52,0.5,2026-04-15,1949,N21,VIIRS,n,2.0NRT,290.96,3,N
29.0404,80.80099,320.12,0.56,0.51,2026-04-15,1949,N21,VIIRS,n,2.0NRT,288.96,3.74,N
29.04857,81.39261,318.64,0.51,0.5,2026-04-15,1949,N21,VIIRS,n,2.0NRT,290.25,2.87,N
29.04932,81.39522,304.81,0.51,0.5,2026-04-15,1949,N21,VIIRS,n,2.0NRT,289.26,1.83,N
29.04972,81.39093,313.03,0.51,0.5,2026-04-15,1949,N21,VIIRS,n,2.0NRT,290.27,1.83,N
29.05215,81.26505,301.75,0.52,0.5,2026-04-15,1949,N21,VIIRS,n,2.0NRT,291.03,1.5,N
29.06106,81.22038,302.01,0.53,0.5,2026-04-15,1949,N21,VIIRS,n,2.0NRT,290.59,1.2,N
29.08905,80.74078,297.71,0.56,0.52,2026-04-15,1949,N21,VIIRS,n,2.0NRT,287.32,1.42,N
29.09359,80.74329,299.17,0.56,0.52,2026-04-15,1949,N21,VIIRS,n,2.0NRT,288.22,1.42,N
29.09633,81.24067,301.14,0.53,0.5,2026-04-15,1949,N21,VIIRS,n,2.0NRT,288.93,2.21,N
29.09657,80.76232,298.28,0.56,0.52,2026-04-15,1949,N21,VIIRS,n,2.0NRT,287.5,1,N
29.10542,80.76977,301.1,0.56,0.52,2026-04-15,1949,N21,VIIRS,n,2.0NRT,287.49,1.2,N
29.10658,80.77277,302.37,0.56,0.52,2026-04-15,1949,N21,VIIRS,n,2.0NRT,287.55,1.16,N
29.13517,80.72104,303.24,0.57,0.52,2026-04-15,1949,N21,VIIRS,n,2.0NRT,287.09,1.97,N
29.16832,81.16513,304.4,0.53,0.5,2026-04-15,1949,N21,VIIRS,n,2.0NRT,290.19,1.37,N
29.16905,81.16338,313.89,0.53,0.5,2026-04-15,1949,N21,VIIRS,n,2.0NRT,290.76,2.23,N
29.17277,81.16751,304.12,0.53,0.5,2026-04-15,1949,N21,VIIRS,n,2.0NRT,289.13,1.37,N
29.17346,81.16591,299.63,0.53,0.5,2026-04-15,1949,N21,VIIRS,n,2.0NRT,289.21,0.77,N
29.27281,80.20139,302.73,0.61,0.54,2026-04-15,1949,N21,VIIRS,n,2.0NRT,287.94,1.27,N
29.27537,80.2008,301.49,0.61,0.53,2026-04-15,1949,N21,VIIRS,n,2.0NRT,287.39,0.99,N
29.32682,80.42618,302.38,0.59,0.53,2026-04-15,1949,N21,VIIRS,n,2.0NRT,289.78,1.73,N
29.35811,76.95599,309.96,0.48,0.65,2026-04-15,1949,N21,VIIRS,n,2.0NRT,293.91,1.69,N
29.38015,80.84469,301.5,0.56,0.51,2026-04-15,1949,N21,VIIRS,n,2.0NRT,289,1.54,N
29.38426,80.85179,301.53,0.56,0.51,2026-04-15,1949,N21,VIIRS,n,2.0NRT,289.56,1.54,N
29.39017,80.83954,314.21,0.56,0.51,2026-04-15,1949,N21,VIIRS,n,2.0NRT,287.7,2.07,N
29.42041,79.70345,297.45,0.33,0.55,2026-04-15,1949,N21,VIIRS,n,2.0NRT,285.68,0.51,N
29.42161,79.70349,295.39,0.33,0.55,2026-04-15,1949,N21,VIIRS,n,2.0NRT,285.22,0.5,N
29.48302,80.8346,298.91,0.56,0.52,2026-04-15,1949,N21,VIIRS,n,2.0NRT,286.42,1.57,N
29.48562,80.80658,298.22,0.56,0.52,2026-04-15,1949,N21,VIIRS,n,2.0NRT,286.61,1.04,N
29.48815,80.83078,304.68,0.56,0.52,2026-04-15,1949,N21,VIIRS,n,2.0NRT,284.9,1.5,N
29.52759,80.34422,300.52,0.6,0.53,2026-04-15,1949,N21,VIIRS,n,2.0NRT,289.43,1.24,N
29.56686,79.83403,311.39,0.32,0.55,2026-04-15,1949,N21,VIIRS,n,2.0NRT,285.68,0.98,N
29.73613,79.05917,299.23,0.36,0.58,2026-04-15,1949,N21,VIIRS,n,2.0NRT,288.74,0.9,N
29.73819,79.10075,300.01,0.36,0.57,2026-04-15,1949,N21,VIIRS,n,2.0NRT,288.05,0.66,N
29.76768,79.9134,295.82,0.32,0.55,2026-04-15,1949,N21,VIIRS,n,2.0NRT,285.2,0.85,N
29.76801,79.90958,310.73,0.32,0.55,2026-04-15,1949,N21,VIIRS,n,2.0NRT,286.19,0.85,N
29.88946,78.86619,300.97,0.37,0.58,2026-04-15,1949,N21,VIIRS,n,2.0NRT,288.63,0.97,N
29.89478,78.86728,304.31,0.37,0.58,2026-04-15,1949,N21,VIIRS,n,2.0NRT,289.19,1.49,N
29.89518,78.86231,301.11,0.37,0.58,2026-04-15,1949,N21,VIIRS,n,2.0NRT,288.96,0.97,N
29.89786,79.15849,297.4,0.36,0.57,2026-04-15,1949,N21,VIIRS,n,2.0NRT,286.5,0.35,N
29.89828,78.89129,299.25,0.37,0.58,2026-04-15,1949,N21,VIIRS,n,2.0NRT,287.77,0.46,N
29.90176,78.88965,297.58,0.37,0.58,2026-04-15,1949,N21,VIIRS,n,2.0NRT,287.32,0.72,N
29.98218,79.89077,297.4,0.33,0.55,2026-04-15,1949,N21,VIIRS,n,2.0NRT,286.84,0.44,N
30.27683,79.12729,308.6,0.36,0.58,2026-04-15,1949,N21,VIIRS,n,2.0NRT,288.42,1.58,N
30.2771,79.12379,307.04,0.36,0.58,2026-04-15,1949,N21,VIIRS,n,2.0NRT,288.27,1.95,N
30.51061,78.61608,296.91,0.39,0.6,2026-04-15,1949,N21,VIIRS,n,2.0NRT,286.64,0.83,N
30.51083,78.61304,302.46,0.39,0.6,2026-04-15,1949,N21,VIIRS,n,2.0NRT,286.43,0.83,N
31.19673,77.19809,307.13,0.49,0.65,2026-04-15,1949,N21,VIIRS,n,2.0NRT,287.82,2.16,N
31.19697,77.19422,297.47,0.49,0.65,2026-04-15,1949,N21,VIIRS,n,2.0NRT,286.95,1.74,N
31.20002,77.1936,312.19,0.49,0.65,2026-04-15,1949,N21,VIIRS,n,2.0NRT,288.13,2.84,N
31.36822,76.35339,308.94,0.55,0.68,2026-04-15,1949,N21,VIIRS,n,2.0NRT,292.73,1.95,N
16.50566,95.02879,307.15,0.35,0.57,2026-04-15,1951,N21,VIIRS,n,2.0NRT,293.58,0.69,N
16.87936,95.30892,304.57,0.36,0.57,2026-04-15,1951,N21,VIIRS,n,2.0NRT,293.46,0.96,N
17.40398,95.13672,306.22,0.34,0.56,2026-04-15,1951,N21,VIIRS,n,2.0NRT,295.3,0.78,N
17.46326,80.65514,315.97,0.41,0.45,2026-04-15,1951,N21,VIIRS,n,2.0NRT,298.05,2.42,N
17.59771,83.19337,308.79,0.45,0.39,2026-04-15,1951,N21,VIIRS,n,2.0NRT,296.88,2.34,N
17.60361,83.2029,313.2,0.45,0.39,2026-04-15,1951,N21,VIIRS,n,2.0NRT,297.55,2.64,N
17.60717,83.20341,322.18,0.45,0.39,2026-04-15,1951,N21,VIIRS,n,2.0NRT,297.99,2.64,N
17.61072,83.20396,324.47,0.45,0.39,2026-04-15,1951,N21,VIIRS,n,2.0NRT,297.91,4.13,N
17.82648,81.68768,309.82,0.54,0.42,2026-04-15,1951,N21,VIIRS,n,2.0NRT,298.83,3.49,N
17.83847,97.91248,307.24,0.51,0.66,2026-04-15,1951,N21,VIIRS,n,2.0NRT,292.57,2.47,N
17.84225,97.91316,305.63,0.51,0.66,2026-04-15,1951,N21,VIIRS,n,2.0NRT,292.76,3.19,N
17.92654,81.95996,320.69,0.52,0.42,2026-04-15,1951,N21,VIIRS,n,2.0NRT,295.09,2.77,N
17.95684,80.78247,319.36,0.41,0.45,2026-04-15,1951,N21,VIIRS,n,2.0NRT,299.78,3.31,N
17.98595,97.74926,303.5,0.49,0.65,2026-04-15,1951,N21,VIIRS,n,2.0NRT,293.13,0.81,N
17.98701,96.7345,321.01,0.42,0.61,2026-04-15,1951,N21,VIIRS,n,2.0NRT,293.65,1.58,N
17.98784,96.73061,304.35,0.42,0.61,2026-04-15,1951,N21,VIIRS,n,2.0NRT,293.61,1.58,N
17.98794,96.73531,320.99,0.42,0.61,2026-04-15,1951,N21,VIIRS,n,2.0NRT,293.37,1.91,N
17.98875,96.73141,309.25,0.42,0.61,2026-04-15,1951,N21,VIIRS,n,2.0NRT,293.4,1.91,N
18.08094,97.85779,307.54,0.5,0.66,2026-04-15,1951,N21,VIIRS,n,2.0NRT,292.72,2.11,N
18.08212,81.83532,312.86,0.53,0.42,2026-04-15,1951,N21,VIIRS,n,2.0NRT,299.46,2.86,N
18.08234,97.85142,305.46,0.5,0.66,2026-04-15,1951,N21,VIIRS,n,2.0NRT,291.97,1.7,N
18.0847,97.85406,315.48,0.5,0.66,2026-04-15,1951,N21,VIIRS,n,2.0NRT,292.03,2.48,N
18.14795,77.80103,325.09,0.32,0.55,2026-04-15,1951,N21,VIIRS,n,2.0NRT,298.95,2.9,N
18.15018,81.15653,309.61,0.39,0.44,2026-04-15,1951,N21,VIIRS,n,2.0NRT,299.07,1.09,N
18.18236,97.81872,303.26,0.49,0.65,2026-04-15,1951,N21,VIIRS,n,2.0NRT,292.65,2.38,N
18.18427,97.82774,315.47,0.5,0.65,2026-04-15,1951,N21,VIIRS,n,2.0NRT,292.68,3.6,N
18.18514,97.82382,319.91,0.49,0.65,2026-04-15,1951,N21,VIIRS,n,2.0NRT,292.73,3.1,N
18.18606,97.81968,306.43,0.49,0.65,2026-04-15,1951,N21,VIIRS,n,2.0NRT,292.6,3.1,N
18.18657,97.82787,316.95,0.5,0.65,2026-04-15,1951,N21,VIIRS,n,2.0NRT,292.41,3.26,N
18.18745,97.82374,316.19,0.5,0.65,2026-04-15,1951,N21,VIIRS,n,2.0NRT,292.6,3.26,N
18.22792,97.52108,305.51,0.47,0.64,2026-04-15,1951,N21,VIIRS,n,2.0NRT,292.98,1.34,N
18.22887,82.24224,310.45,0.51,0.41,2026-04-15,1951,N21,VIIRS,n,2.0NRT,297.05,2.98,N
18.23228,97.58581,304.79,0.48,0.64,2026-04-15,1951,N21,VIIRS,n,2.0NRT,292.91,0.9,N
18.23261,82.24293,311.04,0.51,0.41,2026-04-15,1951,N21,VIIRS,n,2.0NRT,297.2,2.29,N
18.25175,73.47451,304.49,0.62,0.72,2026-04-15,1951,N21,VIIRS,n,2.0NRT,293.96,1.64,N
18.25779,97.55029,305.6,0.47,0.64,2026-04-15,1951,N21,VIIRS,n,2.0NRT,292.53,1.9,N
18.25823,97.54953,305.79,0.47,0.64,2026-04-15,1951,N21,VIIRS,n,2.0NRT,292.69,1.94,N
18.26756,82.29594,307.58,0.5,0.41,2026-04-15,1951,N21,VIIRS,n,2.0NRT,296.17,2.66,N
18.27068,82.30112,306.68,0.5,0.41,2026-04-15,1951,N21,VIIRS,n,2.0NRT,295.92,1.34,N
18.29093,82.26492,322.27,0.51,0.41,2026-04-15,1951,N21,VIIRS,n,2.0NRT,297.4,4.29,N
18.29161,82.26717,316.85,0.51,0.41,2026-04-15,1951,N21,VIIRS,n,2.0NRT,297,2.23,N
18.29223,82.26247,306.86,0.51,0.41,2026-04-15,1951,N21,VIIRS,n,2.0NRT,296.5,2.23,N
18.3036,80.16732,313.78,0.45,0.47,2026-04-15,1951,N21,VIIRS,n,2.0NRT,299.66,1.71,N
18.31025,82.32891,307.68,0.5,0.41,2026-04-15,1951,N21,VIIRS,n,2.0NRT,296.83,1.69,N
18.33237,80.66529,310.6,0.42,0.45,2026-04-15,1951,N21,VIIRS,n,2.0NRT,298.31,1.14,N
18.34046,81.95039,313.07,0.53,0.42,2026-04-15,1951,N21,VIIRS,n,2.0NRT,299.29,3.21,N
18.34495,81.9542,310.53,0.53,0.42,2026-04-15,1951,N21,VIIRS,n,2.0NRT,299.47,3,N
18.35279,80.70381,317.89,0.42,0.45,2026-04-15,1951,N21,VIIRS,n,2.0NRT,298.4,1.46,N
18.35964,81.9529,311.24,0.53,0.42,2026-04-15,1951,N21,VIIRS,n,2.0NRT,298.99,1.55,N
18.36339,97.78866,302.74,0.49,0.65,2026-04-15,1951,N21,VIIRS,n,2.0NRT,292.08,1.03,N
18.39639,75.78732,309.89,0.44,0.62,2026-04-15,1951,N21,VIIRS,n,2.0NRT,295.96,2.01,N
18.41924,81.37197,308.92,0.57,0.43,2026-04-15,1951,N21,VIIRS,n,2.0NRT,297.43,1.2,N
18.41968,80.27454,310.85,0.44,0.46,2026-04-15,1951,N21,VIIRS,n,2.0NRT,297.22,0.69,N
18.42871,96.2103,305.3,0.38,0.59,2026-04-15,1951,N21,VIIRS,n,2.0NRT,293.96,1.59,N
18.43824,77.24575,310.33,0.35,0.57,2026-04-15,1951,N21,VIIRS,n,2.0NRT,296.1,1.85,N
18.4654,80.28473,308.69,0.44,0.46,2026-04-15,1951,N21,VIIRS,n,2.0NRT,298.5,1.32,N
18.4993,97.69327,303.45,0.48,0.65,2026-04-15,1951,N21,VIIRS,n,2.0NRT,292.18,1.8,N
18.52455,81.17575,312.75,0.39,0.44,2026-04-15,1951,N21,VIIRS,n,2.0NRT,298.72,2.82,N
18.52851,81.17672,311.92,0.39,0.44,2026-04-15,1951,N21,VIIRS,n,2.0NRT,298.25,2.21,N
18.53825,95.33281,304.91,0.33,0.56,2026-04-15,1951,N21,VIIRS,n,2.0NRT,294.58,0.89,N
18.55441,81.0088,309.33,0.4,0.44,2026-04-15,1951,N21,VIIRS,n,2.0NRT,298.62,2.64,N
18.56965,81.01893,315.35,0.4,0.44,2026-04-15,1951,N21,VIIRS,n,2.0NRT,299.08,2.98,N
18.56991,81.0186,316.02,0.4,0.44,2026-04-15,1951,N21,VIIRS,n,2.0NRT,299.21,3.04,N
18.57306,72.24488,307.52,0.76,0.77,2026-04-15,1951,N21,VIIRS,n,2.0NRT,296.36,5.54,N
18.57364,72.23771,341.47,0.76,0.77,2026-04-15,1951,N21,VIIRS,n,2.0NRT,297.2,9.14,N
18.5841,81.00422,310.49,0.4,0.44,2026-04-15,1951,N21,VIIRS,n,2.0NRT,298.85,2.87,N
18.64064,81.14372,309.59,0.39,0.44,2026-04-15,1951,N21,VIIRS,n,2.0NRT,297.31,1.6,N
18.64513,81.14074,311.95,0.4,0.44,2026-04-15,1951,N21,VIIRS,n,2.0NRT,298.67,1.6,N
18.64964,81.13766,308.83,0.4,0.44,2026-04-15,1951,N21,VIIRS,n,2.0NRT,298.49,1.65,N
18.65012,80.90854,313.91,0.41,0.45,2026-04-15,1951,N21,VIIRS,n,2.0NRT,298.37,1.24,N
18.65061,80.90469,311.35,0.41,0.45,2026-04-15,1951,N21,VIIRS,n,2.0NRT,298.66,1.04,N
18.65109,80.90089,310.8,0.41,0.45,2026-04-15,1951,N21,VIIRS,n,2.0NRT,298.37,1.04,N
18.65195,81.08817,314.94,0.4,0.44,2026-04-15,1951,N21,VIIRS,n,2.0NRT,298.46,2.35,N
18.66644,81.17615,310.74,0.39,0.44,2026-04-15,1951,N21,VIIRS,n,2.0NRT,298.57,2.14,N
18.66742,81.2338,310.45,0.39,0.44,2026-04-15,1951,N21,VIIRS,n,2.0NRT,298.6,1.81,N
18.66897,81.15582,319.74,0.39,0.44,2026-04-15,1951,N21,VIIRS,n,2.0NRT,298.41,2.86,N
18.6696,81.07934,308.81,0.4,0.44,2026-04-15,1951,N21,VIIRS,n,2.0NRT,298.2,2.04,N
18.67301,81.15633,309.56,0.39,0.44,2026-04-15,1951,N21,VIIRS,n,2.0NRT,297.58,1.9,N
18.67706,81.15681,313.29,0.39,0.44,2026-04-15,1951,N21,VIIRS,n,2.0NRT,297.69,1.9,N
18.67752,81.15308,319.11,0.4,0.44,2026-04-15,1951,N21,VIIRS,n,2.0NRT,298.69,1.9,N
18.67797,81.14946,314.81,0.4,0.44,2026-04-15,1951,N21,VIIRS,n,2.0NRT,298.11,2.87,N
18.68241,73.03371,307.28,0.67,0.74,2026-04-15,1951,N21,VIIRS,n,2.0NRT,296.88,6.64,N
18.68307,81.10861,312.49,0.4,0.44,2026-04-15,1951,N21,VIIRS,n,2.0NRT,297.9,2.64,N
18.68733,73.028,308.29,0.67,0.74,2026-04-15,1951,N21,VIIRS,n,2.0NRT,295.95,5.18,N
18.7019,81.05698,310.07,0.4,0.44,2026-04-15,1951,N21,VIIRS,n,2.0NRT,298.8,1.89,N
18.70238,81.05316,311.21,0.4,0.44,2026-04-15,1951,N21,VIIRS,n,2.0NRT,299.05,1.46,N
18.70598,81.0574,313.65,0.4,0.44,2026-04-15,1951,N21,VIIRS,n,2.0NRT,298.84,1.89,N
18.72085,79.53696,311.6,0.5,0.49,2026-04-15,1951,N21,VIIRS,n,2.0NRT,301.01,3.77,N
18.72178,81.12814,308.69,0.4,0.44,2026-04-15,1951,N21,VIIRS,n,2.0NRT,297.12,1.93,N
18.72229,80.43687,329.95,0.44,0.46,2026-04-15,1951,N21,VIIRS,n,2.0NRT,300.2,2.38,N
18.72784,81.24067,313.57,0.39,0.44,2026-04-15,1951,N21,VIIRS,n,2.0NRT,299.08,2.51,N
18.73258,81.07578,311.39,0.4,0.44,2026-04-15,1951,N21,VIIRS,n,2.0NRT,298.84,1.13,N
18.73599,81.14567,312.89,0.4,0.44,2026-04-15,1951,N21,VIIRS,n,2.0NRT,299.59,2.42,N
18.75422,81.23799,311.49,0.39,0.44,2026-04-15,1951,N21,VIIRS,n,2.0NRT,298.52,1.89,N
18.75673,81.23848,310.5,0.39,0.44,2026-04-15,1951,N21,VIIRS,n,2.0NRT,297.62,1.92,N
18.7767,77.27045,315.77,0.35,0.57,2026-04-15,1951,N21,VIIRS,n,2.0NRT,296.48,2.46,N
18.77706,77.2672,307.68,0.35,0.57,2026-04-15,1951,N21,VIIRS,n,2.0NRT,296.65,2.28,N
18.7771,82.15517,311.56,0.52,0.42,2026-04-15,1951,N21,VIIRS,n,2.0NRT,298.95,4.02,N
18.77778,82.15,309.3,0.52,0.42,2026-04-15,1951,N21,VIIRS,n,2.0NRT,298.55,2.76,N
18.78959,80.85732,309.63,0.41,0.45,2026-04-15,1951,N21,VIIRS,n,2.0NRT,298.41,0.61,N
18.79083,81.20691,312.63,0.39,0.44,2026-04-15,1951,N21,VIIRS,n,2.0NRT,298.85,2.24,N
18.7956,82.13243,311.83,0.52,0.42,2026-04-15,1951,N21,VIIRS,n,2.0NRT,297.5,2.66,N
18.80646,74.25901,308.15,0.56,0.69,2026-04-15,1951,N21,VIIRS,n,2.0NRT,292.98,2.06,N
18.81271,81.09834,312.93,0.4,0.44,2026-04-15,1951,N21,VIIRS,n,2.0NRT,298.25,2.2,N
18.81499,73.71713,307.35,0.61,0.71,2026-04-15,1951,N21,VIIRS,n,2.0NRT,293.87,1.58,N
18.81505,73.7153,313.26,0.61,0.71,2026-04-15,1951,N21,VIIRS,n,2.0NRT,294.53,1.84,N
18.8215,73.71785,308.21,0.61,0.71,2026-04-15,1951,N21,VIIRS,n,2.0NRT,293.12,1.4,N
18.82154,73.71634,311.08,0.61,0.71,2026-04-15,1951,N21,VIIRS,n,2.0NRT,293.45,1.81,N
18.84141,80.31068,313.55,0.45,0.47,2026-04-15,1951,N21,VIIRS,n,2.0NRT,300.67,2.57,N
18.89375,81.04784,311.64,0.4,0.44,2026-04-15,1951,N21,VIIRS,n,2.0NRT,297.99,1.46,N
18.89517,81.03632,311.94,0.4,0.45,2026-04-15,1951,N21,VIIRS,n,2.0NRT,298.51,1.09,N
18.9142,96.66895,306.12,0.4,0.6,2026-04-15,1951,N21,VIIRS,n,2.0NRT,293.46,1.63,N
18.91469,77.48116,309.44,0.34,0.56,2026-04-15,1951,N21,VIIRS,n,2.0NRT,294.82,1.26,N
18.91986,73.79343,318.35,0.61,0.71,2026-04-15,1951,N21,VIIRS,n,2.0NRT,293.17,3.95,N
18.91991,73.79456,324.35,0.61,0.71,2026-04-15,1951,N21,VIIRS,n,2.0NRT,293.35,3.62,N
18.93094,81.04884,308.51,0.4,0.44,2026-04-15,1951,N21,VIIRS,n,2.0NRT,298.46,0.98,N
18.94131,96.54151,317.45,0.39,0.6,2026-04-15,1951,N21,VIIRS,n,2.0NRT,293.56,1.92,N
19.01669,73.81242,303.32,0.61,0.71,2026-04-15,1951,N21,VIIRS,n,2.0NRT,291.58,0.97,N
19.01695,73.81319,303.92,0.61,0.71,2026-04-15,1951,N21,VIIRS,n,2.0NRT,291.07,0.75,N
19.03059,80.12872,312.64,0.46,0.47,2026-04-15,1951,N21,VIIRS,n,2.0NRT,300.97,2.53,N
19.03496,80.12896,328.06,0.46,0.47,2026-04-15,1951,N21,VIIRS,n,2.0NRT,301.82,2.53,N
19.04652,80.91863,309.94,0.41,0.45,2026-04-15,1951,N21,VIIRS,n,2.0NRT,298.85,1.68,N
19.04981,97.99663,305.13,0.49,0.65,2026-04-15,1951,N21,VIIRS,n,2.0NRT,293.53,1.21,N
19.05035,79.15702,308.95,0.53,0.5,2026-04-15,1951,N21,VIIRS,n,2.0NRT,298.42,1.19,N
19.05414,95.95445,307.53,0.36,0.57,2026-04-15,1951,N21,VIIRS,n,2.0NRT,292.78,0.96,N
19.05575,97.99758,307.43,0.49,0.65,2026-04-15,1951,N21,VIIRS,n,2.0NRT,293.26,1.21,N
19.0894,96.54269,305.11,0.39,0.59,2026-04-15,1951,N21,VIIRS,n,2.0NRT,292.77,1.88,N
19.09453,97.63124,304.26,0.46,0.64,2026-04-15,1951,N21,VIIRS,n,2.0NRT,292.27,1,N
19.09573,79.09019,308.47,0.54,0.51,2026-04-15,1951,N21,VIIRS,n,2.0NRT,297.49,1.04,N
19.09753,97.66848,309.17,0.46,0.64,2026-04-15,1951,N21,VIIRS,n,2.0NRT,292.55,2.1,N
19.09796,73.05182,311.03,0.68,0.74,2026-04-15,1951,N21,VIIRS,n,2.0NRT,296.51,2.72,N
19.09852,97.66745,311.55,0.46,0.64,2026-04-15,1951,N21,VIIRS,n,2.0NRT,292.49,2.01,N
19.09895,97.63385,312.42,0.46,0.64,2026-04-15,1951,N21,VIIRS,n,2.0NRT,292.79,2.26,N
19.10008,73.05135,315.4,0.68,0.74,2026-04-15,1951,N21,VIIRS,n,2.0NRT,296.56,4.48,N
19.10018,97.63286,309.72,0.46,0.64,2026-04-15,1951,N21,VIIRS,n,2.0NRT,292.51,1,N
19.10331,82.16969,310.79,0.52,0.42,2026-04-15,1951,N21,VIIRS,n,2.0NRT,299.45,2.53,N
19.10395,82.16474,318.21,0.52,0.42,2026-04-15,1951,N21,VIIRS,n,2.0NRT,298.05,2.53,N
19.12133,82.82238,308.15,0.49,0.4,2026-04-15,1951,N21,VIIRS,n,2.0NRT,295.36,1.76,N
19.13119,81.42921,309.62,0.39,0.44,2026-04-15,1951,N21,VIIRS,n,2.0NRT,298.43,1.37,N
19.13858,97.75989,303.84,0.47,0.64,2026-04-15,1951,N21,VIIRS,n,2.0NRT,292.86,1.42,N
19.13939,97.75617,304.78,0.47,0.64,2026-04-15,1951,N21,VIIRS,n,2.0NRT,293.29,1.27,N
19.16551,80.89655,312.81,0.42,0.45,2026-04-15,1951,N21,VIIRS,n,2.0NRT,298.85,2.28,N
19.16605,80.89217,310.8,0.42,0.45,2026-04-15,1951,N21,VIIRS,n,2.0NRT,299.3,2.28,N
19.17069,80.88862,310.05,0.42,0.45,2026-04-15,1951,N21,VIIRS,n,2.0NRT,299.35,3.13,N
19.1805,80.91097,314.77,0.41,0.45,2026-04-15,1951,N21,VIIRS,n,2.0NRT,299.15,3.27,N
19.18058,97.64996,304.07,0.46,0.64,2026-04-15,1951,N21,VIIRS,n,2.0NRT,292.91,1.41,N
19.18077,81.13918,307.95,0.4,0.44,2026-04-15,1951,N21,VIIRS,n,2.0NRT,297.58,2.83,N
19.18516,80.90729,318.05,0.41,0.45,2026-04-15,1951,N21,VIIRS,n,2.0NRT,299.14,3.54,N
19.18559,74.86603,306.81,0.52,0.67,2026-04-15,1951,N21,VIIRS,n,2.0NRT,295.33,3.21,N
19.18864,81.37714,317.81,0.39,0.44,2026-04-15,1951,N21,VIIRS,n,2.0NRT,299.52,1.88,N
19.19125,80.99178,308.22,0.41,0.45,2026-04-15,1951,N21,VIIRS,n,2.0NRT,297.91,2.74,N
19.19627,80.98512,308.19,0.41,0.45,2026-04-15,1951,N21,VIIRS,n,2.0NRT,297.39,2.51,N
19.20576,81.17287,305.79,0.4,0.44,2026-04-15,1951,N21,VIIRS,n,2.0NRT,294.78,1.07,N
19.20736,80.86448,312.38,0.42,0.45,2026-04-15,1951,N21,VIIRS,n,2.0NRT,299,3.67,N
19.20947,74.87466,307.02,0.52,0.67,2026-04-15,1951,N21,VIIRS,n,2.0NRT,295.22,2.15,N
19.21683,80.65309,311.11,0.43,0.46,2026-04-15,1951,N21,VIIRS,n,2.0NRT,299.42,2.17,N
19.2185,80.96638,309.46,0.41,0.45,2026-04-15,1951,N21,VIIRS,n,2.0NRT,297.35,1.38,N
19.22539,80.06445,311.34,0.47,0.48,2026-04-15,1951,N21,VIIRS,n,2.0NRT,300.44,1.56,N
19.22869,80.07365,312.11,0.47,0.48,2026-04-15,1951,N21,VIIRS,n,2.0NRT,300.66,2.29,N
19.23982,81.1316,307.48,0.4,0.44,2026-04-15,1951,N21,VIIRS,n,2.0NRT,295.38,0.98,N
19.24074,97.95805,306.44,0.48,0.65,2026-04-15,1951,N21,VIIRS,n,2.0NRT,293.37,1.89,N
19.24082,97.95385,314.62,0.48,0.65,2026-04-15,1951,N21,VIIRS,n,2.0NRT,294.14,3.59,N
19.24172,97.95353,313.09,0.48,0.65,2026-04-15,1951,N21,VIIRS,n,2.0NRT,293.73,1.89,N
19.24341,97.58663,316.41,0.45,0.63,2026-04-15,1951,N21,VIIRS,n,2.0NRT,294.03,3.55,N
19.2518,81.03527,311.06,0.41,0.45,2026-04-15,1951,N21,VIIRS,n,2.0NRT,296.28,2.04,N
19.25228,81.03141,320.03,0.41,0.45,2026-04-15,1951,N21,VIIRS,n,2.0NRT,298.6,2.04,N
19.26049,81.03243,309.27,0.41,0.45,2026-04-15,1951,N21,VIIRS,n,2.0NRT,295.9,1.15,N
19.26547,81.28724,309.65,0.39,0.44,2026-04-15,1951,N21,VIIRS,n,2.0NRT,298.9,3.01,N
19.27206,81.00659,318.1,0.41,0.45,2026-04-15,1951,N21,VIIRS,n,2.0NRT,298.63,2.27,N
19.27241,80.97031,308.41,0.41,0.45,2026-04-15,1951,N21,VIIRS,n,2.0NRT,297.44,2.42,N
19.27617,81.00706,310.17,0.41,0.45,2026-04-15,1951,N21,VIIRS,n,2.0NRT,297.99,2.27,N
19.28625,78.57417,308.69,0.59,0.53,2026-04-15,1951,N21,VIIRS,n,2.0NRT,297.74,1.7,N
19.28719,78.57146,308.07,0.59,0.53,2026-04-15,1951,N21,VIIRS,n,2.0NRT,297.98,3.4,N
19.29594,80.74609,329.06,0.43,0.46,2026-04-15,1951,N21,VIIRS,n,2.0NRT,300.5,3.17,N
19.3001,80.7468,320.11,0.43,0.46,2026-04-15,1951,N21,VIIRS,n,2.0NRT,299.34,3.17,N
19.30059,80.74277,309.39,0.43,0.46,2026-04-15,1951,N21,VIIRS,n,2.0NRT,298.92,2.06,N
19.30526,80.7394,314.62,0.43,0.46,2026-04-15,1951,N21,VIIRS,n,2.0NRT,299.36,1.51,N
19.30642,81.29776,309.32,0.39,0.44,2026-04-15,1951,N21,VIIRS,n,2.0NRT,298.1,1.43,N
19.30686,81.2942,308.8,0.39,0.44,2026-04-15,1951,N21,VIIRS,n,2.0NRT,297.94,1.43,N
19.30798,77.89162,308.4,0.33,0.55,2026-04-15,1951,N21,VIIRS,n,2.0NRT,296.9,2.17,N
19.3083,77.88869,321.62,0.33,0.55,2026-04-15,1951,N21,VIIRS,n,2.0NRT,298.54,2.24,N
19.30863,77.88564,310.8,0.33,0.55,2026-04-15,1951,N21,VIIRS,n,2.0NRT,298.09,2.24,N
19.30899,97.89426,308.16,0.47,0.64,2026-04-15,1951,N21,VIIRS,n,2.0NRT,292.74,1.66,N
19.30944,80.73993,312.07,0.43,0.46,2026-04-15,1951,N21,VIIRS,n,2.0NRT,298.94,1.51,N
19.30997,80.73566,317.02,0.43,0.46,2026-04-15,1951,N21,VIIRS,n,2.0NRT,299.48,2.83,N
19.3126,81.3468,313.07,0.39,0.44,2026-04-15,1951,N21,VIIRS,n,2.0NRT,298.7,2.41,N
19.31973,97.95626,308.68,0.48,0.65,2026-04-15,1951,N21,VIIRS,n,2.0NRT,292.9,1.85,N
19.32126,81.3103,312.87,0.39,0.44,2026-04-15,1951,N21,VIIRS,n,2.0NRT,298.81,2.22,N
19.32576,81.30711,308.92,0.39,0.44,2026-04-15,1951,N21,VIIRS,n,2.0NRT,298.15,1.75,N
19.33351,80.91821,311.86,0.42,0.45,2026-04-15,1951,N21,VIIRS,n,2.0NRT,296.77,1.99,N
19.33573,80.92269,309.01,0.42,0.45,2026-04-15,1951,N21,VIIRS,n,2.0NRT,297.42,2.12,N
19.3362,80.91877,313.47,0.42,0.45,2026-04-15,1951,N21,VIIRS,n,2.0NRT,297.51,2.08,N
19.33713,80.92276,309.36,0.42,0.45,2026-04-15,1951,N21,VIIRS,n,2.0NRT,296.77,2.34,N
19.37294,78.13795,313.48,0.63,0.54,2026-04-15,1951,N21,VIIRS,n,2.0NRT,297.02,3.03,N
19.3749,78.11977,307.08,0.63,0.54,2026-04-15,1951,N21,VIIRS,n,2.0NRT,296.6,2.88,N
19.37556,78.11367,310.84,0.63,0.54,2026-04-15,1951,N21,VIIRS,n,2.0NRT,297.28,2.88,N
19.37557,80.90624,322.1,0.42,0.45,2026-04-15,1951,N21,VIIRS,n,2.0NRT,298.48,3.77,N
19.37791,78.13857,316.05,0.63,0.54,2026-04-15,1951,N21,VIIRS,n,2.0NRT,297.58,3.03,N
19.37855,78.13264,313.27,0.63,0.54,2026-04-15,1951,N21,VIIRS,n,2.0NRT,297.53,6.6,N
19.37921,78.12657,331.55,0.63,0.54,2026-04-15,1951,N21,VIIRS,n,2.0NRT,298.25,6.6,N
19.38144,80.92682,306.48,0.42,0.45,2026-04-15,1951,N21,VIIRS,n,2.0NRT,296.15,2.7,N
19.38354,78.13313,321.4,0.63,0.54,2026-04-15,1951,N21,VIIRS,n,2.0NRT,298.03,6.12,N
19.38417,80.93868,308.81,0.42,0.45,2026-04-15,1951,N21,VIIRS,n,2.0NRT,297.38,2.62,N
19.38557,80.92744,330.02,0.42,0.45,2026-04-15,1951,N21,VIIRS,n,2.0NRT,298.6,2.7,N
19.38927,76.23722,304.75,0.42,0.61,2026-04-15,1951,N21,VIIRS,n,2.0NRT,292,0.58,N
19.39292,80.93592,311.35,0.42,0.45,2026-04-15,1951,N21,VIIRS,n,2.0NRT,297.24,2.59,N
19.41023,97.76525,302.85,0.46,0.64,2026-04-15,1951,N21,VIIRS,n,2.0NRT,292.37,1.14,N
19.42118,95.79182,304.87,0.34,0.56,2026-04-15,1951,N21,VIIRS,n,2.0NRT,293.42,1.69,N
19.42929,80.94736,308.8,0.42,0.45,2026-04-15,1951,N21,VIIRS,n,2.0NRT,296.51,2.25,N
19.4298,80.94334,312.97,0.42,0.45,2026-04-15,1951,N21,VIIRS,n,2.0NRT,297.91,2.25,N
19.43028,78.21058,317.86,0.62,0.54,2026-04-15,1951,N21,VIIRS,n,2.0NRT,297.65,5.75,N
19.43034,80.93911,316.04,0.42,0.45,2026-04-15,1951,N21,VIIRS,n,2.0NRT,298.34,2.76,N
19.43184,78.212,324.38,0.62,0.54,2026-04-15,1951,N21,VIIRS,n,2.0NRT,298.6,6.14,N
19.44055,81.04962,309.11,0.41,0.45,2026-04-15,1951,N21,VIIRS,n,2.0NRT,297.63,3.21,N
19.44935,79.49896,313.54,0.51,0.5,2026-04-15,1951,N21,VIIRS,n,2.0NRT,300.22,2.72,N
19.45017,80.81611,308.62,0.42,0.45,2026-04-15,1951,N21,VIIRS,n,2.0NRT,298.39,3.37,N
19.45031,80.86492,310.38,0.42,0.45,2026-04-15,1951,N21,VIIRS,n,2.0NRT,299.33,2.42,N
19.45078,76.62721,305.17,0.4,0.6,2026-04-15,1951,N21,VIIRS,n,2.0NRT,293.02,1.21,N
19.45225,80.86628,313.07,0.42,0.45,2026-04-15,1951,N21,VIIRS,n,2.0NRT,299.4,3.1,N
19.45391,79.49937,317.96,0.51,0.5,2026-04-15,1951,N21,VIIRS,n,2.0NRT,299.87,2.56,N
19.46117,80.87988,314.94,0.42,0.45,2026-04-15,1951,N21,VIIRS,n,2.0NRT,298.31,2.08,N
19.4621,80.87222,312.11,0.42,0.45,2026-04-15,1951,N21,VIIRS,n,2.0NRT,297.85,3.44,N
19.46576,80.87675,313.47,0.42,0.45,2026-04-15,1951,N21,VIIRS,n,2.0NRT,298.1,2.08,N
19.46946,80.88107,308.67,0.42,0.45,2026-04-15,1951,N21,VIIRS,n,2.0NRT,297.29,3.51,N
19.48044,95.76183,306.71,0.34,0.56,2026-04-15,1951,N21,VIIRS,n,2.0NRT,293.82,1.08,N
19.4829,73.4991,306.97,0.64,0.72,2026-04-15,1951,N21,VIIRS,n,2.0NRT,293.24,1.14,N
19.49733,80.86034,307.51,0.42,0.45,2026-04-15,1951,N21,VIIRS,n,2.0NRT,296.48,2.67,N
19.50212,80.78681,308.79,0.43,0.46,2026-04-15,1951,N21,VIIRS,n,2.0NRT,298.78,3.37,N
19.50243,80.85325,309.32,0.42,0.45,2026-04-15,1951,N21,VIIRS,n,2.0NRT,298.11,1.97,N
19.50293,80.84919,318.05,0.42,0.45,2026-04-15,1951,N21,VIIRS,n,2.0NRT,298.61,1.97,N
19.50305,93.88845,320.85,0.52,0.5,2026-04-15,1951,N21,VIIRS,n,2.0NRT,294.56,4.35,N
19.50581,73.54601,305.27,0.64,0.72,2026-04-15,1951,N21,VIIRS,n,2.0NRT,292.05,2.14,N
19.50707,80.84992,308.24,0.42,0.45,2026-04-15,1951,N21,VIIRS,n,2.0NRT,297.62,2.21,N
19.5115,80.98338,310.39,0.41,0.45,2026-04-15,1951,N21,VIIRS,n,2.0NRT,299.22,3.13,N
19.51174,80.84636,310,0.42,0.45,2026-04-15,1951,N21,VIIRS,n,2.0NRT,297.92,2.31,N
19.51369,73.84206,322.33,0.61,0.71,2026-04-15,1951,N21,VIIRS,n,2.0NRT,294.02,5.01,N
19.51404,80.75888,310.12,0.43,0.46,2026-04-15,1951,N21,VIIRS,n,2.0NRT,299.24,3.46,N
19.51412,73.8371,303.59,0.61,0.71,2026-04-15,1951,N21,VIIRS,n,2.0NRT,293.46,4.3,N
19.51519,80.78407,310.4,0.43,0.46,2026-04-15,1951,N21,VIIRS,n,2.0NRT,298.63,2.9,N
19.51569,80.78002,316.78,0.43,0.46,2026-04-15,1951,N21,VIIRS,n,2.0NRT,299.22,2.63,N
19.51618,80.77605,310.61,0.43,0.46,2026-04-15,1951,N21,VIIRS,n,2.0NRT,298.85,2.63,N
19.5167,80.9754,311.75,0.41,0.45,2026-04-15,1951,N21,VIIRS,n,2.0NRT,298.47,3.08,N
19.51769,80.7638,310.49,0.43,0.46,2026-04-15,1951,N21,VIIRS,n,2.0NRT,298.8,2.59,N
19.51951,80.85194,312.67,0.42,0.45,2026-04-15,1951,N21,VIIRS,n,2.0NRT,297.51,3.01,N
19.52004,80.84767,309.13,0.42,0.45,2026-04-15,1951,N21,VIIRS,n,2.0NRT,296.87,2.85,N
19.52147,80.802,327.98,0.43,0.46,2026-04-15,1951,N21,VIIRS,n,2.0NRT,299.83,3.43,N
19.52189,80.76423,311.59,0.43,0.46,2026-04-15,1951,N21,VIIRS,n,2.0NRT,298.76,2.59,N
19.52315,80.85662,307.45,0.42,0.45,2026-04-15,1951,N21,VIIRS,n,2.0NRT,296.76,3.27,N
19.52366,80.85253,327.97,0.42,0.45,2026-04-15,1951,N21,VIIRS,n,2.0NRT,298.23,3.27,N
19.52562,80.76845,318.07,0.43,0.46,2026-04-15,1951,N21,VIIRS,n,2.0NRT,299.42,4.17,N
19.52566,80.80243,312.24,0.43,0.46,2026-04-15,1951,N21,VIIRS,n,2.0NRT,298.91,3.43,N
19.53468,80.86591,311.59,0.42,0.45,2026-04-15,1951,N21,VIIRS,n,2.0NRT,297.23,2.89,N
19.53979,80.79129,314.54,0.43,0.46,2026-04-15,1951,N21,VIIRS,n,2.0NRT,298.87,2.66,N
19.54024,81.08178,309.38,0.41,0.45,2026-04-15,1951,N21,VIIRS,n,2.0NRT,296.85,1.96,N
19.54432,81.08247,307.97,0.41,0.45,2026-04-15,1951,N21,VIIRS,n,2.0NRT,296.1,1.22,N
19.54448,80.78772,313.26,0.43,0.46,2026-04-15,1951,N21,VIIRS,n,2.0NRT,299.01,2.66,N
19.54479,81.07861,309.26,0.41,0.45,2026-04-15,1951,N21,VIIRS,n,2.0NRT,296.06,1.22,N
19.5492,80.784,313.55,0.43,0.46,2026-04-15,1951,N21,VIIRS,n,2.0NRT,299.53,4.59,N
19.5659,78.33089,307.63,0.61,0.54,2026-04-15,1951,N21,VIIRS,n,2.0NRT,296.8,3.16,N
19.56604,80.86856,310.61,0.42,0.45,2026-04-15,1951,N21,VIIRS,n,2.0NRT,298.43,2.76,N
19.56721,80.92869,307.59,0.42,0.45,2026-04-15,1951,N21,VIIRS,n,2.0NRT,296.74,1.46,N
19.56844,78.3074,314.93,0.62,0.54,2026-04-15,1951,N21,VIIRS,n,2.0NRT,297.31,3.6,N
19.57106,77.11082,307.72,0.37,0.58,2026-04-15,1951,N21,VIIRS,n,2.0NRT,295.86,1.79,N
19.57287,73.22944,304.7,0.67,0.74,2026-04-15,1951,N21,VIIRS,n,2.0NRT,294.12,1.69,N
19.57338,78.30786,308.04,0.62,0.54,2026-04-15,1951,N21,VIIRS,n,2.0NRT,297.76,3.6,N
19.57392,80.586,311.27,0.44,0.46,2026-04-15,1951,N21,VIIRS,n,2.0NRT,299.21,1.74,N
19.57407,78.30154,309.51,0.62,0.54,2026-04-15,1951,N21,VIIRS,n,2.0NRT,298.47,6.25,N
19.57438,80.8695,309.09,0.42,0.45,2026-04-15,1951,N21,VIIRS,n,2.0NRT,298.46,2.55,N
19.57807,80.87389,311.34,0.42,0.45,2026-04-15,1951,N21,VIIRS,n,2.0NRT,297.99,2.37,N
19.57817,80.58646,309.72,0.44,0.46,2026-04-15,1951,N21,VIIRS,n,2.0NRT,299.45,1.74,N
19.57965,80.93034,310.15,0.42,0.45,2026-04-15,1951,N21,VIIRS,n,2.0NRT,298.06,1.94,N
19.57972,78.29549,315.99,0.62,0.54,2026-04-15,1951,N21,VIIRS,n,2.0NRT,298.97,6.71,N
19.57976,80.89479,315.96,0.42,0.45,2026-04-15,1951,N21,VIIRS,n,2.0NRT,298.55,2.84,N
19.58201,80.69268,312.1,0.43,0.46,2026-04-15,1951,N21,VIIRS,n,2.0NRT,298.69,1.88,N
19.58205,80.91063,315.81,0.42,0.45,2026-04-15,1951,N21,VIIRS,n,2.0NRT,297.77,2.53,N
19.58297,80.69147,311.46,0.43,0.46,2026-04-15,1951,N21,VIIRS,n,2.0NRT,299.21,2.37,N
19.58442,80.89122,311.14,0.42,0.45,2026-04-15,1951,N21,VIIRS,n,2.0NRT,297.86,2.1,N
19.58667,80.90732,312.49,0.42,0.45,2026-04-15,1951,N21,VIIRS,n,2.0NRT,297.79,2.53,N
19.58809,80.89574,314.51,0.42,0.45,2026-04-15,1951,N21,VIIRS,n,2.0NRT,298.85,2.1,N
19.59058,80.87535,313.24,0.42,0.45,2026-04-15,1951,N21,VIIRS,n,2.0NRT,297.67,2.54,N
19.59107,80.8713,315.24,0.42,0.45,2026-04-15,1951,N21,VIIRS,n,2.0NRT,298.13,2.6,N
19.59475,80.94452,315.37,0.42,0.45,2026-04-15,1951,N21,VIIRS,n,2.0NRT,299,2.33,N
19.59526,80.94041,317.21,0.42,0.45,2026-04-15,1951,N21,VIIRS,n,2.0NRT,298.92,2.33,N
19.59573,80.8678,308.91,0.42,0.45,2026-04-15,1951,N21,VIIRS,n,2.0NRT,298.53,3.48,N
19.59764,80.81741,311.64,0.43,0.46,2026-04-15,1951,N21,VIIRS,n,2.0NRT,296.74,3.38,N
19.59883,80.94552,323.42,0.42,0.45,2026-04-15,1951,N21,VIIRS,n,2.0NRT,298.94,2.33,N
19.59934,80.9414,318.09,0.42,0.45,2026-04-15,1951,N21,VIIRS,n,2.0NRT,299.15,2.33,N
19.60095,80.71972,319.96,0.43,0.46,2026-04-15,1951,N21,VIIRS,n,2.0NRT,299.1,5.09,N
19.60226,80.81429,322.52,0.43,0.46,2026-04-15,1951,N21,VIIRS,n,2.0NRT,299.04,2.15,N
19.60277,80.81013,308.35,0.43,0.46,2026-04-15,1951,N21,VIIRS,n,2.0NRT,296,2.15,N
19.60342,80.94245,311.04,0.42,0.45,2026-04-15,1951,N21,VIIRS,n,2.0NRT,298.17,2.5,N
19.60402,80.86916,310.71,0.42,0.45,2026-04-15,1951,N21,VIIRS,n,2.0NRT,296.94,2.23,N
19.6057,80.7158,314.5,0.43,0.46,2026-04-15,1951,N21,VIIRS,n,2.0NRT,299.42,1.45,N
19.60622,80.71142,311.77,0.43,0.46,2026-04-15,1951,N21,VIIRS,n,2.0NRT,299.21,1.45,N
19.60678,80.70679,317.85,0.43,0.46,2026-04-15,1951,N21,VIIRS,n,2.0NRT,299.38,1.81,N
19.60784,80.7334,309.93,0.43,0.46,2026-04-15,1951,N21,VIIRS,n,2.0NRT,298.44,2.19,N
19.60805,80.93914,316.39,0.42,0.45,2026-04-15,1951,N21,VIIRS,n,2.0NRT,298.41,3.7,N
19.60835,80.72916,309.45,0.43,0.46,2026-04-15,1951,N21,VIIRS,n,2.0NRT,299.19,2.19,N
19.60967,78.50454,313.94,0.6,0.53,2026-04-15,1951,N21,VIIRS,n,2.0NRT,298.13,6.32,N
19.61076,78.50767,315.27,0.6,0.53,2026-04-15,1951,N21,VIIRS,n,2.0NRT,298.22,5.58,N
19.61531,80.74207,307.73,0.43,0.46,2026-04-15,1951,N21,VIIRS,n,2.0NRT,297.64,3.71,N
19.61584,80.94418,308.48,0.42,0.45,2026-04-15,1951,N21,VIIRS,n,2.0NRT,298.14,2.5,N
19.61684,80.93614,314.55,0.42,0.45,2026-04-15,1951,N21,VIIRS,n,2.0NRT,298.43,3.96,N
19.62044,80.90728,308.97,0.42,0.45,2026-04-15,1951,N21,VIIRS,n,2.0NRT,297.84,2.29,N
19.62103,80.93639,312.99,0.42,0.45,2026-04-15,1951,N21,VIIRS,n,2.0NRT,298.4,2.59,N
19.63393,80.6595,312.41,0.44,0.46,2026-04-15,1951,N21,VIIRS,n,2.0NRT,298.12,1.68,N
19.63403,80.93356,304.7,0.42,0.45,2026-04-15,1951,N21,VIIRS,n,2.0NRT,294.67,1.25,N
19.63459,80.72404,308.85,0.43,0.46,2026-04-15,1951,N21,VIIRS,n,2.0NRT,298.05,2.54,N
19.63554,80.71631,309.26,0.43,0.46,2026-04-15,1951,N21,VIIRS,n,2.0NRT,298.97,1.67,N
19.6386,80.65639,332.01,0.44,0.46,2026-04-15,1951,N21,VIIRS,n,2.0NRT,300.24,2.73,N
19.63896,97.74596,306.03,0.46,0.63,2026-04-15,1951,N21,VIIRS,n,2.0NRT,292.34,1.06,N
19.64283,80.65689,319.07,0.44,0.46,2026-04-15,1951,N21,VIIRS,n,2.0NRT,299.94,2.73,N
19.64684,80.89883,314.11,0.42,0.45,2026-04-15,1951,N21,VIIRS,n,2.0NRT,298.1,1.99,N
19.64731,80.89504,314.77,0.42,0.45,2026-04-15,1951,N21,VIIRS,n,2.0NRT,298.79,1.96,N
19.6478,80.89113,312.58,0.42,0.45,2026-04-15,1951,N21,VIIRS,n,2.0NRT,298.06,1.96,N
19.64951,80.91116,312.01,0.42,0.45,2026-04-15,1951,N21,VIIRS,n,2.0NRT,295.81,2.05,N
19.6499,80.87447,306.56,0.42,0.45,2026-04-15,1951,N21,VIIRS,n,2.0NRT,295.87,1.19,N
19.65049,80.90338,315.97,0.42,0.45,2026-04-15,1951,N21,VIIRS,n,2.0NRT,297.69,3.05,N
19.65143,80.89587,311.66,0.42,0.45,2026-04-15,1951,N21,VIIRS,n,2.0NRT,298.34,2.47,N
19.65245,80.88781,320.83,0.42,0.45,2026-04-15,1951,N21,VIIRS,n,2.0NRT,298.73,3.88,N
19.65454,80.87127,319.53,0.42,0.45,2026-04-15,1951,N21,VIIRS,n,2.0NRT,298.69,3.16,N
19.65462,80.90414,313.7,0.42,0.45,2026-04-15,1951,N21,VIIRS,n,2.0NRT,297.64,3.05,N
19.65557,80.89658,324.93,0.42,0.45,2026-04-15,1951,N21,VIIRS,n,2.0NRT,298.8,2.47,N
19.65608,80.89257,311.58,0.42,0.45,2026-04-15,1951,N21,VIIRS,n,2.0NRT,298.29,2.47,N
19.65751,80.89711,322.83,0.42,0.45,2026-04-15,1951,N21,VIIRS,n,2.0NRT,298.13,3.09,N
19.65799,80.89308,313.95,0.42,0.45,2026-04-15,1951,N21,VIIRS,n,2.0NRT,298.7,3.09,N
19.65972,80.89718,315.83,0.42,0.45,2026-04-15,1951,N21,VIIRS,n,2.0NRT,298.16,3.87,N
19.66679,80.89015,310.62,0.42,0.45,2026-04-15,1951,N21,VIIRS,n,2.0NRT,298.15,2.25,N
19.66875,80.87381,314.99,0.42,0.45,2026-04-15,1951,N21,VIIRS,n,2.0NRT,298.24,2.55,N
19.67144,80.88667,309.97,0.42,0.45,2026-04-15,1951,N21,VIIRS,n,2.0NRT,298.36,2.25,N
19.67242,80.87844,311.36,0.42,0.45,2026-04-15,1951,N21,VIIRS,n,2.0NRT,297.81,3.9,N
19.6734,80.8703,312.13,0.42,0.45,2026-04-15,1951,N21,VIIRS,n,2.0NRT,298.7,2.55,N
19.67365,80.9034,315.2,0.42,0.45,2026-04-15,1951,N21,VIIRS,n,2.0NRT,298.25,2.03,N
19.67745,77.37346,306.95,0.36,0.57,2026-04-15,1951,N21,VIIRS,n,2.0NRT,294.36,0.87,N
19.6778,80.90401,309.3,0.42,0.45,2026-04-15,1951,N21,VIIRS,n,2.0NRT,297.91,2.03,N
19.67925,78.22487,307.65,0.63,0.54,2026-04-15,1951,N21,VIIRS,n,2.0NRT,295.58,3.42,N
19.71016,82.99509,314.58,0.48,0.4,2026-04-15,1951,N21,VIIRS,n,2.0NRT,298.69,1.6,N
19.71022,82.9966,310.96,0.48,0.4,2026-04-15,1951,N21,VIIRS,n,2.0NRT,298.66,1.89,N
19.7286,80.05684,311.83,0.48,0.48,2026-04-15,1951,N21,VIIRS,n,2.0NRT,299.2,1.61,N
19.72928,80.68951,309.59,0.43,0.46,2026-04-15,1951,N21,VIIRS,n,2.0NRT,299.02,1.95,N
19.73627,80.84144,317.9,0.43,0.46,2026-04-15,1951,N21,VIIRS,n,2.0NRT,296.87,2.75,N
19.74688,80.89237,307.51,0.42,0.45,2026-04-15,1951,N21,VIIRS,n,2.0NRT,295.78,1.5,N
19.75002,80.90108,307.86,0.42,0.45,2026-04-15,1951,N21,VIIRS,n,2.0NRT,295.89,1.26,N
19.75054,80.89694,309.29,0.42,0.45,2026-04-15,1951,N21,VIIRS,n,2.0NRT,296.1,1.26,N
19.75106,80.89281,305.08,0.42,0.45,2026-04-15,1951,N21,VIIRS,n,2.0NRT,294.62,0.56,N
19.75107,97.76012,320.98,0.46,0.63,2026-04-15,1951,N21,VIIRS,n,2.0NRT,294.71,3.06,N
19.75181,97.75679,316.56,0.45,0.63,2026-04-15,1951,N21,VIIRS,n,2.0NRT,294.36,3.06,N
19.75214,80.91786,308.27,0.42,0.45,2026-04-15,1951,N21,VIIRS,n,2.0NRT,296.52,1.52,N
19.75264,80.91388,310.4,0.42,0.45,2026-04-15,1951,N21,VIIRS,n,2.0NRT,297.7,1.52,N
19.75687,97.76094,318.3,0.46,0.63,2026-04-15,1951,N21,VIIRS,n,2.0NRT,294.17,4.73,N
19.76149,97.76704,308.54,0.46,0.63,2026-04-15,1951,N21,VIIRS,n,2.0NRT,292.48,3.72,N
19.76514,97.61626,307.27,0.45,0.63,2026-04-15,1951,N21,VIIRS,n,2.0NRT,292.67,1.1,N
19.76974,80.99995,308.1,0.42,0.45,2026-04-15,1951,N21,VIIRS,n,2.0NRT,296.9,2.98,N
19.78115,81.00975,316.52,0.42,0.45,2026-04-15,1951,N21,VIIRS,n,2.0NRT,298.5,3.08,N
19.78394,83.27407,313.34,0.47,0.4,2026-04-15,1951,N21,VIIRS,n,2.0NRT,296.96,2.27,N
19.78522,83.27254,314.01,0.47,0.4,2026-04-15,1951,N21,VIIRS,n,2.0NRT,297.33,2.68,N
19.80284,81.0043,310.86,0.42,0.45,2026-04-15,1951,N21,VIIRS,n,2.0NRT,298.81,2.99,N
19.81556,81.07099,309.36,0.41,0.45,2026-04-15,1951,N21,VIIRS,n,2.0NRT,296.3,1.96,N
19.82216,83.21777,313.25,0.47,0.4,2026-04-15,1951,N21,VIIRS,n,2.0NRT,298.56,3.42,N
19.82792,77.97425,318.32,0.33,0.55,2026-04-15,1951,N21,VIIRS,n,2.0NRT,299.72,2.94,N
19.84117,78.28707,307.25,0.62,0.54,2026-04-15,1951,N21,VIIRS,n,2.0NRT,295.4,2.01,N
19.84199,83.2898,307.64,0.47,0.4,2026-04-15,1951,N21,VIIRS,n,2.0NRT,297.2,1.8,N
19.84368,78.25021,307.82,0.63,0.54,2026-04-15,1951,N21,VIIRS,n,2.0NRT,294.03,3.28,N
19.84465,78.2867,306.59,0.62,0.54,2026-04-15,1951,N21,VIIRS,n,2.0NRT,295.53,2.02,N
19.84893,77.57364,313.14,0.35,0.57,2026-04-15,1951,N21,VIIRS,n,2.0NRT,294.09,1.17,N
19.85139,85.39037,321.56,0.4,0.37,2026-04-15,1951,N21,VIIRS,n,2.0NRT,295.22,2.95,N
19.85362,85.39844,344.86,0.4,0.37,2026-04-15,1951,N21,VIIRS,n,2.0NRT,297.14,7.94,N
19.85418,85.39467,306.94,0.4,0.37,2026-04-15,1951,N21,VIIRS,n,2.0NRT,294.93,7.94,N
19.85697,85.39898,344.28,0.4,0.37,2026-04-15,1951,N21,VIIRS,n,2.0NRT,296.9,7.14,N
19.86031,85.39954,321.1,0.4,0.37,2026-04-15,1951,N21,VIIRS,n,2.0NRT,295.02,7.14,N
19.86337,94.44949,310.78,0.55,0.51,2026-04-15,1951,N21,VIIRS,n,2.0NRT,293.51,2.38,N
19.8916,80.19475,309.75,0.47,0.48,2026-04-15,1951,N21,VIIRS,n,2.0NRT,299.31,1.48,N
19.90002,81.28984,309.07,0.4,0.44,2026-04-15,1951,N21,VIIRS,n,2.0NRT,297.86,2.07,N
19.90961,83.89735,315.3,0.44,0.38,2026-04-15,1951,N21,VIIRS,n,2.0NRT,296,2.53,N
19.91534,80.75401,310.72,0.43,0.46,2026-04-15,1951,N21,VIIRS,n,2.0NRT,300.02,3.69,N
19.91904,80.75885,323.74,0.43,0.46,2026-04-15,1951,N21,VIIRS,n,2.0NRT,301.76,7.1,N
19.92275,80.76363,326.94,0.43,0.46,2026-04-15,1951,N21,VIIRS,n,2.0NRT,302.23,3.75,N
19.92378,80.75503,315.61,0.43,0.46,2026-04-15,1951,N21,VIIRS,n,2.0NRT,301,2.31,N
19.92698,80.76405,315.12,0.43,0.46,2026-04-15,1951,N21,VIIRS,n,2.0NRT,301.39,3.75,N
19.928,80.75552,315.52,0.43,0.46,2026-04-15,1951,N21,VIIRS,n,2.0NRT,301.48,2.31,N
19.9285,80.75136,311.66,0.43,0.46,2026-04-15,1951,N21,VIIRS,n,2.0NRT,300.37,2.31,N
19.92894,83.89098,306.8,0.44,0.39,2026-04-15,1951,N21,VIIRS,n,2.0NRT,295.71,1.97,N
19.92952,83.8868,307.38,0.44,0.39,2026-04-15,1951,N21,VIIRS,n,2.0NRT,294.56,1.18,N
19.94901,95.95833,306.4,0.34,0.56,2026-04-15,1951,N21,VIIRS,n,2.0NRT,294.33,1.51,N
19.95451,81.2864,309.42,0.4,0.44,2026-04-15,1951,N21,VIIRS,n,2.0NRT,298.21,3.59,N
19.95588,83.87836,309.11,0.44,0.39,2026-04-15,1951,N21,VIIRS,n,2.0NRT,296.52,2.16,N
19.95648,83.874,306.76,0.44,0.39,2026-04-15,1951,N21,VIIRS,n,2.0NRT,296.04,1.43,N
19.96246,79.33382,311.44,0.53,0.5,2026-04-15,1951,N21,VIIRS,n,2.0NRT,298.08,3.21,N
19.9633,79.33213,309.57,0.53,0.5,2026-04-15,1951,N21,VIIRS,n,2.0NRT,298.06,3.45,N
19.97516,78.72631,311.47,0.59,0.53,2026-04-15,1951,N21,VIIRS,n,2.0NRT,297.28,5.9,N
19.99471,75.327,307.53,0.49,0.65,2026-04-15,1951,N21,VIIRS,n,2.0NRT,296.05,1.97,N
20.00892,97.48465,303.9,0.43,0.62,2026-04-15,1951,N21,VIIRS,n,2.0NRT,290.57,0.84,N
20.01567,82.9184,308.97,0.49,0.4,2026-04-15,1951,N21,VIIRS,n,2.0NRT,298.16,1.58,N
20.03528,81.23741,309.58,0.41,0.45,2026-04-15,1951,N21,VIIRS,n,2.0NRT,299.04,2.53,N
20.0652,77.49045,313.72,0.35,0.57,2026-04-15,1951,N21,VIIRS,n,2.0NRT,298.52,2.94,N
20.07852,80.85945,310.62,0.43,0.46,2026-04-15,1951,N21,VIIRS,n,2.0NRT,297.53,1.6,N
20.10646,81.9911,312.46,0.55,0.43,2026-04-15,1951,N21,VIIRS,n,2.0NRT,298.34,3.71,N
20.11609,77.56087,310.5,0.35,0.57,2026-04-15,1951,N21,VIIRS,n,2.0NRT,298.83,1.85,N
20.11789,73.05829,305.88,0.7,0.75,2026-04-15,1951,N21,VIIRS,n,2.0NRT,293.8,1.16,N
20.11877,73.0615,304.69,0.7,0.75,2026-04-15,1951,N21,VIIRS,n,2.0NRT,293.83,1.37,N
20.12129,77.56155,311.23,0.35,0.57,2026-04-15,1951,N21,VIIRS,n,2.0NRT,299.37,1.85,N
20.14515,83.71391,309.24,0.45,0.39,2026-04-15,1951,N21,VIIRS,n,2.0NRT,297.05,1.83,N
20.14598,75.39101,299.91,0.49,0.65,2026-04-15,1951,N21,VIIRS,n,2.0NRT,289.63,0.62,N
20.17219,78.88013,314.92,0.58,0.52,2026-04-15,1951,N21,VIIRS,n,2.0NRT,295.04,1.96,N
20.1872,81.82988,312.76,0.56,0.43,2026-04-15,1951,N21,VIIRS,n,2.0NRT,299.17,4.23,N
20.26007,76.19232,315.45,0.43,0.62,2026-04-15,1951,N21,VIIRS,n,2.0NRT,295.89,2.27,N
20.31068,83.92535,309,0.44,0.39,2026-04-15,1951,N21,VIIRS,n,2.0NRT,296.11,1.67,N
20.3491,83.24111,313.3,0.48,0.4,2026-04-15,1951,N21,VIIRS,n,2.0NRT,300.82,1.61,N
20.34968,83.23671,311.45,0.48,0.4,2026-04-15,1951,N21,VIIRS,n,2.0NRT,300.72,1.61,N
20.35539,83.76109,311.84,0.45,0.39,2026-04-15,1951,N21,VIIRS,n,2.0NRT,298.62,1.14,N
20.38762,83.94391,307.98,0.44,0.39,2026-04-15,1951,N21,VIIRS,n,2.0NRT,296.2,0.53,N
20.4065,78.17506,321.7,0.32,0.55,2026-04-15,1951,N21,VIIRS,n,2.0NRT,298.18,2.24,N
20.40678,78.17418,317.46,0.32,0.55,2026-04-15,1951,N21,VIIRS,n,2.0NRT,298.04,1.47,N
20.40712,78.17107,309.92,0.32,0.55,2026-04-15,1951,N21,VIIRS,n,2.0NRT,296.87,1.47,N
20.40714,78.16883,311,0.32,0.55,2026-04-15,1951,N21,VIIRS,n,2.0NRT,297.04,2.39,N
20.40892,79.79189,308.18,0.51,0.49,2026-04-15,1951,N21,VIIRS,n,2.0NRT,297.38,1.92,N
20.41051,83.96074,308.13,0.44,0.39,2026-04-15,1951,N21,VIIRS,n,2.0NRT,296.48,0.79,N
20.41185,78.17249,308.46,0.32,0.55,2026-04-15,1951,N21,VIIRS,n,2.0NRT,298.11,2.24,N
20.4135,73.92079,331.06,0.62,0.71,2026-04-15,1951,N21,VIIRS,n,2.0NRT,296.51,7.59,N
20.41391,73.9157,320.68,0.62,0.71,2026-04-15,1951,N21,VIIRS,n,2.0NRT,295.89,9.36,N
20.41464,83.95699,308.98,0.44,0.39,2026-04-15,1951,N21,VIIRS,n,2.0NRT,297.04,1.2,N
20.42058,73.91499,308.92,0.62,0.71,2026-04-15,1951,N21,VIIRS,n,2.0NRT,293.7,1.61,N
20.44892,77.73771,310.22,0.34,0.56,2026-04-15,1951,N21,VIIRS,n,2.0NRT,297.09,2.1,N
20.4626,80.99627,310.87,0.43,0.46,2026-04-15,1951,N21,VIIRS,n,2.0NRT,299.65,3.51,N
20.54074,79.57906,312.08,0.52,0.5,2026-04-15,1951,N21,VIIRS,n,2.0NRT,299.56,4.43,N
20.54177,84.54317,309.11,0.42,0.38,2026-04-15,1951,N21,VIIRS,n,2.0NRT,298.14,0.91,N
20.54425,79.58897,313.02,0.52,0.5,2026-04-15,1951,N21,VIIRS,n,2.0NRT,299.17,3.81,N
20.5448,79.58416,310.9,0.52,0.5,2026-04-15,1951,N21,VIIRS,n,2.0NRT,300.41,3.81,N
20.54849,94.08665,309.6,0.51,0.49,2026-04-15,1951,N21,VIIRS,n,2.0NRT,295.41,1.52,N
20.5494,79.58463,335.46,0.52,0.5,2026-04-15,1951,N21,VIIRS,n,2.0NRT,301.11,3.81,N
20.54957,94.08119,306.59,0.51,0.49,2026-04-15,1951,N21,VIIRS,n,2.0NRT,295.07,1.52,N
20.55112,76.23571,311.71,0.44,0.62,2026-04-15,1951,N21,VIIRS,n,2.0NRT,297.53,4.72,N
20.5838,76.99209,321.3,0.39,0.59,2026-04-15,1951,N21,VIIRS,n,2.0NRT,297.87,2.72,N
20.61212,83.86154,317.34,0.45,0.39,2026-04-15,1951,N21,VIIRS,n,2.0NRT,299.98,2.12,N
20.62292,82.38692,309.67,0.53,0.42,2026-04-15,1951,N21,VIIRS,n,2.0NRT,299.35,3.14,N
20.62876,73.77209,305.97,0.63,0.72,2026-04-15,1951,N21,VIIRS,n,2.0NRT,293.78,1.87,N
20.63949,81.10358,313.6,0.42,0.45,2026-04-15,1951,N21,VIIRS,n,2.0NRT,298.95,2.4,N
20.65625,94.04787,308.72,0.5,0.49,2026-04-15,1951,N21,VIIRS,n,2.0NRT,294.99,2.03,N
20.71966,93.98351,304.11,0.5,0.49,2026-04-15,1951,N21,VIIRS,n,2.0NRT,293.19,1.33,N
20.7236,73.73106,304.56,0.64,0.72,2026-04-15,1951,N21,VIIRS,n,2.0NRT,292.93,1,N
20.72862,93.43966,309.08,0.46,0.47,2026-04-15,1951,N21,VIIRS,n,2.0NRT,294.21,3.24,N
20.7312,93.96708,303.44,0.5,0.49,2026-04-15,1951,N21,VIIRS,n,2.0NRT,293,0.72,N
20.73169,93.43755,308.78,0.46,0.47,2026-04-15,1951,N21,VIIRS,n,2.0NRT,293.84,2.33,N
20.73223,93.96609,307.43,0.5,0.49,2026-04-15,1951,N21,VIIRS,n,2.0NRT,293.28,1.41,N
20.73623,93.96494,306.89,0.5,0.49,2026-04-15,1951,N21,VIIRS,n,2.0NRT,293.82,1.23,N
20.73651,93.96777,306.53,0.5,0.49,2026-04-15,1951,N21,VIIRS,n,2.0NRT,293.63,1.92,N
20.75849,85.29909,321.77,0.4,0.37,2026-04-15,1951,N21,VIIRS,n,2.0NRT,295.78,1.92,N
20.75906,85.29523,310.39,0.4,0.37,2026-04-15,1951,N21,VIIRS,n,2.0NRT,294.88,1.33,N
20.75962,85.29137,310.9,0.4,0.37,2026-04-15,1951,N21,VIIRS,n,2.0NRT,294.97,1.33,N
20.76023,80.26797,313.48,0.48,0.48,2026-04-15,1951,N21,VIIRS,n,2.0NRT,298.79,3.28,N
20.77307,85.34081,306.72,0.4,0.37,2026-04-15,1951,N21,VIIRS,n,2.0NRT,293.77,0.46,N
20.78277,82.75784,309.62,0.51,0.41,2026-04-15,1951,N21,VIIRS,n,2.0NRT,299.15,2.43,N
20.78438,85.26387,322.49,0.4,0.37,2026-04-15,1951,N21,VIIRS,n,2.0NRT,295.58,2.24,N
20.78494,85.26003,313.6,0.4,0.37,2026-04-15,1951,N21,VIIRS,n,2.0NRT,295.28,1.5,N
20.78589,82.76333,320.89,0.51,0.41,2026-04-15,1951,N21,VIIRS,n,2.0NRT,300.15,2.43,N
20.78655,82.75832,317.47,0.51,0.41,2026-04-15,1951,N21,VIIRS,n,2.0NRT,300.07,2.43,N
20.78719,85.26827,310.92,0.4,0.37,2026-04-15,1951,N21,VIIRS,n,2.0NRT,295.04,1.4,N
20.78832,85.26057,313.33,0.4,0.37,2026-04-15,1951,N21,VIIRS,n,2.0NRT,295.74,1.11,N
20.78889,85.25672,307.59,0.4,0.37,2026-04-15,1951,N21,VIIRS,n,2.0NRT,295.35,1.11,N
20.79032,82.75885,339.57,0.51,0.41,2026-04-15,1951,N21,VIIRS,n,2.0NRT,302.09,5.83,N
20.79169,85.26114,315.12,0.4,0.37,2026-04-15,1951,N21,VIIRS,n,2.0NRT,295.28,1.11,N
20.79282,85.25344,333.94,0.4,0.37,2026-04-15,1951,N21,VIIRS,n,2.0NRT,296.97,7.52,N
20.79408,82.7594,320.48,0.51,0.41,2026-04-15,1951,N21,VIIRS,n,2.0NRT,299.24,5.83,N
20.7962,85.254,308.68,0.4,0.37,2026-04-15,1951,N21,VIIRS,n,2.0NRT,294.51,0.72,N
20.79901,85.25839,315.19,0.4,0.37,2026-04-15,1951,N21,VIIRS,n,2.0NRT,294.75,2.05,N
20.80205,92.80151,304.43,0.42,0.45,2026-04-15,1951,N21,VIIRS,n,2.0NRT,292.01,1.04,N
20.80633,85.25563,324.82,0.4,0.37,2026-04-15,1951,N21,VIIRS,n,2.0NRT,296.92,3.02,N
20.80778,78.41438,316.9,0.63,0.54,2026-04-15,1951,N21,VIIRS,n,2.0NRT,296.17,4.12,N
20.8078,85.2553,318.39,0.4,0.37,2026-04-15,1951,N21,VIIRS,n,2.0NRT,296.06,1.78,N
20.80865,78.41576,318.63,0.63,0.54,2026-04-15,1951,N21,VIIRS,n,2.0NRT,296.69,5.45,N
20.84026,82.85241,308.19,0.51,0.41,2026-04-15,1951,N21,VIIRS,n,2.0NRT,296.2,2.57,N
20.84079,78.11105,305.53,0.33,0.55,2026-04-15,1951,N21,VIIRS,n,2.0NRT,295.06,0.78,N
20.84087,82.84771,310.91,0.51,0.41,2026-04-15,1951,N21,VIIRS,n,2.0NRT,297.28,3.84,N
20.84785,74.3061,325.61,0.59,0.7,2026-04-15,1951,N21,VIIRS,n,2.0NRT,297.43,7.17,N
20.84936,74.30647,325.15,0.59,0.7,2026-04-15,1951,N21,VIIRS,n,2.0NRT,298,6.42,N
20.84942,82.84073,309.17,0.51,0.41,2026-04-15,1951,N21,VIIRS,n,2.0NRT,298.51,1.95,N
20.85309,82.8419,310.63,0.51,0.41,2026-04-15,1951,N21,VIIRS,n,2.0NRT,298.55,1.95,N
20.85622,82.84724,307.63,0.51,0.41,2026-04-15,1951,N21,VIIRS,n,2.0NRT,297.38,2.4,N
20.85935,82.85252,312.78,0.51,0.41,2026-04-15,1951,N21,VIIRS,n,2.0NRT,298.76,2.4,N
20.86271,84.9935,310.19,0.41,0.37,2026-04-15,1951,N21,VIIRS,n,2.0NRT,298.66,1.08,N
20.86306,82.85341,313.6,0.51,0.41,2026-04-15,1951,N21,VIIRS,n,2.0NRT,298.18,3.37,N
20.86326,84.98959,310.76,0.41,0.37,2026-04-15,1951,N21,VIIRS,n,2.0NRT,298.42,1.08,N
20.86667,84.99016,316.46,0.41,0.37,2026-04-15,1951,N21,VIIRS,n,2.0NRT,299.04,3.21,N
20.88539,84.98109,329.76,0.41,0.37,2026-04-15,1951,N21,VIIRS,n,2.0NRT,298.59,2.71,N
20.88671,82.87677,310.7,0.5,0.41,2026-04-15,1951,N21,VIIRS,n,2.0NRT,298.25,3.66,N
20.89125,82.90015,309,0.5,0.41,2026-04-15,1951,N21,VIIRS,n,2.0NRT,298.32,3.44,N
20.90083,77.86306,326.95,0.34,0.56,2026-04-15,1951,N21,VIIRS,n,2.0NRT,297.75,3.38,N
20.92131,81.40923,306.7,0.41,0.45,2026-04-15,1951,N21,VIIRS,n,2.0NRT,296.62,1.4,N
20.9274,93.89926,303.47,0.49,0.48,2026-04-15,1951,N21,VIIRS,n,2.0NRT,291.62,1.03,N
20.92857,93.28443,307.31,0.45,0.47,2026-04-15,1951,N21,VIIRS,n,2.0NRT,294.13,1.12,N
20.94112,86.05992,318.66,0.39,0.36,2026-04-15,1951,N21,VIIRS,n,2.0NRT,293.61,2.74,N
20.94463,77.94334,304.99,0.34,0.56,2026-04-15,1951,N21,VIIRS,n,2.0NRT,293.24,0.48,N
20.94943,86.04989,307.62,0.39,0.36,2026-04-15,1951,N21,VIIRS,n,2.0NRT,293.09,1.8,N
20.95098,85.06291,323.68,0.41,0.37,2026-04-15,1951,N21,VIIRS,n,2.0NRT,297.14,3.34,N
20.95486,85.01131,322.6,0.41,0.37,2026-04-15,1951,N21,VIIRS,n,2.0NRT,299.74,4.51,N
20.95607,93.96322,302.68,0.49,0.49,2026-04-15,1951,N21,VIIRS,n,2.0NRT,292.6,0.84,N
20.95827,85.01185,320.02,0.41,0.37,2026-04-15,1951,N21,VIIRS,n,2.0NRT,298.16,3.41,N
20.95906,85.17607,312.28,0.41,0.37,2026-04-15,1951,N21,VIIRS,n,2.0NRT,296.83,2.76,N
20.96009,93.84848,308.58,0.48,0.48,2026-04-15,1951,N21,VIIRS,n,2.0NRT,294.3,1.78,N
20.96076,85.18827,322.61,0.41,0.37,2026-04-15,1951,N21,VIIRS,n,2.0NRT,296.75,4.08,N
20.96132,85.18439,308.57,0.41,0.37,2026-04-15,1951,N21,VIIRS,n,2.0NRT,296.29,1.75,N
20.9627,86.05214,304.32,0.39,0.36,2026-04-15,1951,N21,VIIRS,n,2.0NRT,292.24,1.46,N
20.96277,86.00632,332.88,0.39,0.36,2026-04-15,1951,N21,VIIRS,n,2.0NRT,295.27,5.11,N
20.96301,85.17272,327.08,0.41,0.37,2026-04-15,1951,N21,VIIRS,n,2.0NRT,297.09,2.77,N
20.96326,86.04842,315.55,0.39,0.36,2026-04-15,1951,N21,VIIRS,n,2.0NRT,292.04,1.73,N
20.96357,85.16883,324.55,0.41,0.37,2026-04-15,1951,N21,VIIRS,n,2.0NRT,297.43,2.13,N
20.96414,85.16493,312.54,0.41,0.37,2026-04-15,1951,N21,VIIRS,n,2.0NRT,297.17,2.13,N
20.96415,85.18882,333.79,0.41,0.37,2026-04-15,1951,N21,VIIRS,n,2.0NRT,297.1,4.08,N
20.96527,85.18107,309.63,0.41,0.37,2026-04-15,1951,N21,VIIRS,n,2.0NRT,295.24,1.75,N
20.96624,85.02922,310.86,0.41,0.37,2026-04-15,1951,N21,VIIRS,n,2.0NRT,297.95,2.66,N
20.9664,85.17327,307.04,0.41,0.37,2026-04-15,1951,N21,VIIRS,n,2.0NRT,295.41,2.77,N
20.96696,85.16937,318.12,0.41,0.37,2026-04-15,1951,N21,VIIRS,n,2.0NRT,296.31,2.13,N
20.96921,85.15378,322.03,0.41,0.37,2026-04-15,1951,N21,VIIRS,n,2.0NRT,297.2,3.67,N
20.96922,85.17772,334.5,0.41,0.37,2026-04-15,1951,N21,VIIRS,n,2.0NRT,297.34,3.63,N
20.96975,85.12595,308.15,0.41,0.37,2026-04-15,1951,N21,VIIRS,n,2.0NRT,297.01,1.97,N
20.96979,85.17382,332.17,0.41,0.37,2026-04-15,1951,N21,VIIRS,n,2.0NRT,297.41,3.63,N
20.97032,85.12204,311.41,0.41,0.37,2026-04-15,1951,N21,VIIRS,n,2.0NRT,296.47,1.79,N
20.97318,85.17436,316.51,0.41,0.37,2026-04-15,1951,N21,VIIRS,n,2.0NRT,296.49,3.63,N
20.97713,85.17101,313.16,0.41,0.37,2026-04-15,1951,N21,VIIRS,n,2.0NRT,296.56,2.05,N
20.97881,85.13537,314.31,0.41,0.37,2026-04-15,1951,N21,VIIRS,n,2.0NRT,297.49,3.12,N
21.0039,93.83638,307.31,0.48,0.48,2026-04-15,1951,N21,VIIRS,n,2.0NRT,294.38,1.6,N
21.01768,93.97415,308.09,0.49,0.49,2026-04-15,1951,N21,VIIRS,n,2.0NRT,293.65,1.33,N
21.01864,93.96922,308.09,0.49,0.49,2026-04-15,1951,N21,VIIRS,n,2.0NRT,293.78,1.33,N
21.0364,93.85552,303.27,0.48,0.48,2026-04-15,1951,N21,VIIRS,n,2.0NRT,290.58,1.45,N
21.03709,93.85204,310.42,0.48,0.48,2026-04-15,1951,N21,VIIRS,n,2.0NRT,291.37,2.02,N
21.05405,78.25102,306.57,0.32,0.55,2026-04-15,1951,N21,VIIRS,n,2.0NRT,296.06,1.41,N
21.05437,78.24789,311.12,0.32,0.55,2026-04-15,1951,N21,VIIRS,n,2.0NRT,296.12,1.41,N
21.09007,93.81245,302.14,0.48,0.48,2026-04-15,1951,N21,VIIRS,n,2.0NRT,290.8,1.54,N
21.09055,93.81452,306.26,0.48,0.48,2026-04-15,1951,N21,VIIRS,n,2.0NRT,291.29,1.58,N
21.09892,72.63815,310.52,0.76,0.77,2026-04-15,1951,N21,VIIRS,n,2.0NRT,295.85,6.17,N
21.09947,72.63083,310.52,0.76,0.77,2026-04-15,1951,N21,VIIRS,n,2.0NRT,295.56,6.51,N
21.1024,78.22788,308.36,0.33,0.55,2026-04-15,1951,N21,VIIRS,n,2.0NRT,294.01,1.26,N
21.103,72.64176,314.97,0.76,0.77,2026-04-15,1951,N21,VIIRS,n,2.0NRT,295.88,6.91,N
21.1035,72.63445,327.47,0.76,0.77,2026-04-15,1951,N21,VIIRS,n,2.0NRT,296.27,6.91,N
21.10546,72.64594,321.58,0.76,0.77,2026-04-15,1951,N21,VIIRS,n,2.0NRT,296.76,6.17,N
21.11685,94.00261,314.4,0.49,0.49,2026-04-15,1951,N21,VIIRS,n,2.0NRT,292.31,3.03,N
21.12257,74.0816,308.61,0.61,0.71,2026-04-15,1951,N21,VIIRS,n,2.0NRT,293.65,4.34,N
21.12279,74.0812,310.27,0.61,0.71,2026-04-15,1951,N21,VIIRS,n,2.0NRT,293.73,3.53,N
21.18108,81.38764,315.87,0.41,0.45,2026-04-15,1951,N21,VIIRS,n,2.0NRT,302.76,2.6,N
21.18299,94.10624,312.44,0.5,0.49,2026-04-15,1951,N21,VIIRS,n,2.0NRT,295.19,1.7,N
21.18401,94.10112,309.58,0.5,0.49,2026-04-15,1951,N21,VIIRS,n,2.0NRT,294.34,1.7,N
21.1852,81.38819,313.82,0.41,0.45,2026-04-15,1951,N21,VIIRS,n,2.0NRT,301.73,2.6,N
21.19894,79.48865,303.33,0.54,0.51,2026-04-15,1951,N21,VIIRS,n,2.0NRT,292.86,2.2,N
21.20359,79.48922,321.47,0.54,0.51,2026-04-15,1951,N21,VIIRS,n,2.0NRT,294.63,2.2,N
21.20627,80.0042,314.26,0.5,0.49,2026-04-15,1951,N21,VIIRS,n,2.0NRT,298.1,3.65,N
21.20679,79.99962,317.53,0.5,0.49,2026-04-15,1951,N21,VIIRS,n,2.0NRT,299.84,3.65,N
21.21127,80.00033,327.9,0.5,0.49,2026-04-15,1951,N21,VIIRS,n,2.0NRT,300.83,6.9,N
21.21181,79.99563,318.48,0.5,0.49,2026-04-15,1951,N21,VIIRS,n,2.0NRT,297.35,4.43,N
21.2255,79.29449,307.62,0.56,0.51,2026-04-15,1951,N21,VIIRS,n,2.0NRT,292.26,1.8,N
21.2262,84.53343,306.92,0.43,0.38,2026-04-15,1951,N21,VIIRS,n,2.0NRT,296.33,1.64,N
21.23208,94.11401,307.53,0.5,0.49,2026-04-15,1951,N21,VIIRS,n,2.0NRT,294.76,1.42,N
21.24136,79.29813,326.29,0.56,0.51,2026-04-15,1951,N21,VIIRS,n,2.0NRT,292.64,3.34,N
21.24278,79.22576,311.54,0.56,0.52,2026-04-15,1951,N21,VIIRS,n,2.0NRT,298.99,2.47,N
21.24339,79.22035,311.15,0.56,0.52,2026-04-15,1951,N21,VIIRS,n,2.0NRT,297.6,2.47,N
21.24376,79.30213,329.07,0.56,0.51,2026-04-15,1951,N21,VIIRS,n,2.0NRT,292.64,4.58,N
21.24436,79.29681,318.45,0.56,0.51,2026-04-15,1951,N21,VIIRS,n,2.0NRT,292.41,4.58,N
21.24456,79.22209,319.25,0.56,0.52,2026-04-15,1951,N21,VIIRS,n,2.0NRT,300.42,4.48,N
21.24608,79.29869,316.17,0.56,0.51,2026-04-15,1951,N21,VIIRS,n,2.0NRT,291.97,3.34,N
21.24934,79.21011,319.49,0.56,0.52,2026-04-15,1951,N21,VIIRS,n,2.0NRT,297.48,5.07,N
21.25044,79.21182,316.44,0.57,0.52,2026-04-15,1951,N21,VIIRS,n,2.0NRT,297.05,4.55,N
21.25272,79.26521,315.16,0.56,0.51,2026-04-15,1951,N21,VIIRS,n,2.0NRT,291.69,2.55,N
21.25421,79.26706,315.23,0.56,0.52,2026-04-15,1951,N21,VIIRS,n,2.0NRT,292.48,3.17,N
21.25727,78.35042,304.65,0.32,0.55,2026-04-15,1951,N21,VIIRS,n,2.0NRT,293.62,0.21,N
21.25737,79.32716,314.77,0.56,0.51,2026-04-15,1951,N21,VIIRS,n,2.0NRT,292.38,6,N
21.25745,79.2658,316.84,0.56,0.51,2026-04-15,1951,N21,VIIRS,n,2.0NRT,292.37,2.55,N
21.25794,79.32184,326.11,0.56,0.51,2026-04-15,1951,N21,VIIRS,n,2.0NRT,293.27,6.04,N
21.25857,79.53462,303.7,0.54,0.51,2026-04-15,1951,N21,VIIRS,n,2.0NRT,292.05,1,N
21.25951,79.26227,314.15,0.56,0.52,2026-04-15,1951,N21,VIIRS,n,2.0NRT,292.15,3.17,N
21.2615,79.33311,303.34,0.55,0.51,2026-04-15,1951,N21,VIIRS,n,2.0NRT,291.64,6,N
21.26208,79.32777,347.2,0.56,0.51,2026-04-15,1951,N21,VIIRS,n,2.0NRT,296.28,6,N
21.26265,79.32246,337.67,0.56,0.51,2026-04-15,1951,N21,VIIRS,n,2.0NRT,295.68,6.04,N
21.26321,79.53518,321.74,0.54,0.51,2026-04-15,1951,N21,VIIRS,n,2.0NRT,293.09,3.52,N
21.26423,79.26289,350.49,0.56,0.52,2026-04-15,1951,N21,VIIRS,n,2.0NRT,295.33,15.1,N
21.26549,81.64326,339.77,0.4,0.44,2026-04-15,1951,N21,VIIRS,n,2.0NRT,301.22,12.77,N
21.27017,82.95939,312.1,0.5,0.41,2026-04-15,1951,N21,VIIRS,n,2.0NRT,292.9,1.14,N
21.27044,79.1591,306.18,0.57,0.52,2026-04-15,1951,N21,VIIRS,n,2.0NRT,295.59,1.63,N
21.27577,82.97501,304.7,0.5,0.41,2026-04-15,1951,N21,VIIRS,n,2.0NRT,294.46,0.9,N
21.28285,79.44274,303.13,0.55,0.51,2026-04-15,1951,N21,VIIRS,n,2.0NRT,292.67,0.93,N
21.28685,79.36307,305,0.55,0.51,2026-04-15,1951,N21,VIIRS,n,2.0NRT,291.8,0.87,N
21.28743,79.35777,320.01,0.55,0.51,2026-04-15,1951,N21,VIIRS,n,2.0NRT,293.08,3.16,N
21.28859,79.34714,311.17,0.55,0.51,2026-04-15,1951,N21,VIIRS,n,2.0NRT,291.85,2.93,N
21.29329,79.34773,306.6,0.55,0.51,2026-04-15,1951,N21,VIIRS,n,2.0NRT,291.34,2.84,N
21.29558,79.28311,304.85,0.56,0.51,2026-04-15,1951,N21,VIIRS,n,2.0NRT,292.82,1.31,N
21.298,79.34832,320.08,0.55,0.51,2026-04-15,1951,N21,VIIRS,n,2.0NRT,292.34,2.84,N
21.29869,81.60892,309.32,0.4,0.44,2026-04-15,1951,N21,VIIRS,n,2.0NRT,298.85,2.38,N
21.29902,81.60863,312.41,0.4,0.44,2026-04-15,1951,N21,VIIRS,n,2.0NRT,298.8,2.54,N
21.30095,79.40778,320.39,0.55,0.51,2026-04-15,1951,N21,VIIRS,n,2.0NRT,292.99,3.58,N
21.30212,94.60378,305.22,0.53,0.5,2026-04-15,1951,N21,VIIRS,n,2.0NRT,294.45,2.39,N
21.30946,81.59046,311.74,0.4,0.44,2026-04-15,1951,N21,VIIRS,n,2.0NRT,299.58,2.19,N
21.3133,79.25255,307.89,0.56,0.52,2026-04-15,1951,N21,VIIRS,n,2.0NRT,292.04,2.7,N
21.31407,80.78332,310.96,0.45,0.47,2026-04-15,1951,N21,VIIRS,n,2.0NRT,299.36,3.25,N
21.31618,79.399,314.73,0.55,0.51,2026-04-15,1951,N21,VIIRS,n,2.0NRT,292.36,1.59,N
21.31672,79.50717,311.75,0.54,0.51,2026-04-15,1951,N21,VIIRS,n,2.0NRT,292.92,1.77,N
21.31673,79.43635,311.29,0.55,0.51,2026-04-15,1951,N21,VIIRS,n,2.0NRT,292.96,1.76,N
21.31676,79.39374,302.26,0.55,0.51,2026-04-15,1951,N21,VIIRS,n,2.0NRT,292.09,2.14,N
21.31684,79.26398,310.22,0.56,0.52,2026-04-15,1951,N21,VIIRS,n,2.0NRT,293.44,2.42,N
21.31688,75.77196,313.18,0.48,0.64,2026-04-15,1951,N21,VIIRS,n,2.0NRT,297.3,2.37,N
21.31727,75.76759,307.23,0.48,0.64,2026-04-15,1951,N21,VIIRS,n,2.0NRT,296.8,2.37,N
21.31732,79.43112,303.26,0.55,0.51,2026-04-15,1951,N21,VIIRS,n,2.0NRT,292.7,1.76,N
21.31744,79.25856,311.14,0.56,0.52,2026-04-15,1951,N21,VIIRS,n,2.0NRT,293.26,2.42,N
21.31782,79.51051,309.78,0.54,0.51,2026-04-15,1951,N21,VIIRS,n,2.0NRT,292.34,2.23,N
21.32097,79.26994,306.03,0.56,0.52,2026-04-15,1951,N21,VIIRS,n,2.0NRT,291.98,0.77,N
21.32155,79.30799,302.24,0.56,0.51,2026-04-15,1951,N21,VIIRS,n,2.0NRT,291.91,0.69,N
21.32204,79.38906,314.39,0.55,0.51,2026-04-15,1951,N21,VIIRS,n,2.0NRT,294.2,2.14,N
21.32216,79.25916,326.36,0.56,0.52,2026-04-15,1951,N21,VIIRS,n,2.0NRT,293.07,5.35,N
21.33426,78.97016,313.09,0.59,0.53,2026-04-15,1951,N21,VIIRS,n,2.0NRT,296.58,3.16,N
21.34014,93.84307,316.43,0.48,0.48,2026-04-15,1951,N21,VIIRS,n,2.0NRT,290.83,2.83,N
21.34508,93.84097,311.48,0.47,0.48,2026-04-15,1951,N21,VIIRS,n,2.0NRT,292.19,1.66,N
21.34571,81.66563,327.9,0.4,0.44,2026-04-15,1951,N21,VIIRS,n,2.0NRT,299.6,3.42,N
21.34618,81.66182,309.46,0.4,0.44,2026-04-15,1951,N21,VIIRS,n,2.0NRT,297.71,3.42,N
21.34923,93.84277,305.68,0.47,0.48,2026-04-15,1951,N21,VIIRS,n,2.0NRT,291.89,1.66,N
21.35711,79.2599,319.3,0.56,0.52,2026-04-15,1951,N21,VIIRS,n,2.0NRT,292.71,1.71,N
21.36064,79.2584,320.59,0.56,0.52,2026-04-15,1951,N21,VIIRS,n,2.0NRT,293.43,3.72,N
21.36381,81.65259,311.15,0.4,0.44,2026-04-15,1951,N21,VIIRS,n,2.0NRT,300.07,3.18,N
21.37667,81.68157,319.61,0.4,0.44,2026-04-15,1951,N21,VIIRS,n,2.0NRT,301.95,3.35,N
21.37741,81.64275,312.29,0.4,0.44,2026-04-15,1951,N21,VIIRS,n,2.0NRT,300.12,3.27,N
21.38395,80.7447,315.25,0.45,0.47,2026-04-15,1951,N21,VIIRS,n,2.0NRT,298.66,3.12,N
21.38774,80.74951,310.34,0.45,0.47,2026-04-15,1951,N21,VIIRS,n,2.0NRT,298.14,3.12,N
21.3891,81.64825,312.82,0.4,0.44,2026-04-15,1951,N21,VIIRS,n,2.0NRT,299.97,2.75,N
21.39648,76.66943,311.46,0.42,0.61,2026-04-15,1951,N21,VIIRS,n,2.0NRT,297.85,2.1,N
21.40256,80.69897,308.6,0.46,0.47,2026-04-15,1951,N21,VIIRS,n,2.0NRT,296.88,2.51,N
21.40507,80.69794,314.72,0.46,0.47,2026-04-15,1951,N21,VIIRS,n,2.0NRT,298.07,3.79,N
21.41378,77.47408,309.33,0.37,0.58,2026-04-15,1951,N21,VIIRS,n,2.0NRT,296.66,2.19,N
21.41415,77.47036,312.01,0.37,0.58,2026-04-15,1951,N21,VIIRS,n,2.0NRT,297.21,2.19,N
21.4146,77.46593,309.46,0.37,0.58,2026-04-15,1951,N21,VIIRS,n,2.0NRT,298.11,2.28,N
21.41504,77.46164,316.71,0.37,0.58,2026-04-15,1951,N21,VIIRS,n,2.0NRT,298.26,2.28,N
21.41878,77.47786,323.41,0.37,0.58,2026-04-15,1951,N21,VIIRS,n,2.0NRT,298.67,3.45,N
21.42266,77.43934,313.06,0.37,0.58,2026-04-15,1951,N21,VIIRS,n,2.0NRT,297.44,2.24,N
21.42292,77.47813,312.67,0.37,0.58,2026-04-15,1951,N21,VIIRS,n,2.0NRT,297.54,2.22,N
21.42628,77.44236,316.9,0.37,0.58,2026-04-15,1951,N21,VIIRS,n,2.0NRT,298.5,3.64,N
21.42655,77.43938,315.4,0.37,0.58,2026-04-15,1951,N21,VIIRS,n,2.0NRT,297.55,2.43,N
21.42685,77.43625,322.48,0.37,0.58,2026-04-15,1951,N21,VIIRS,n,2.0NRT,297.5,2.43,N
21.42773,77.44263,309.7,0.37,0.58,2026-04-15,1951,N21,VIIRS,n,2.0NRT,297.96,2.55,N
21.42834,77.43653,316.76,0.37,0.58,2026-04-15,1951,N21,VIIRS,n,2.0NRT,297.31,3.09,N
21.44509,77.35711,307.91,0.38,0.58,2026-04-15,1951,N21,VIIRS,n,2.0NRT,295.63,2.51,N
21.44675,77.36137,308.75,0.38,0.58,2026-04-15,1951,N21,VIIRS,n,2.0NRT,295.85,2.25,N
21.44716,77.35732,306.87,0.38,0.58,2026-04-15,1951,N21,VIIRS,n,2.0NRT,295.88,2.23,N
21.47107,80.65766,313.04,0.46,0.47,2026-04-15,1951,N21,VIIRS,n,2.0NRT,298.49,4.36,N
21.48401,93.96788,321.02,0.48,0.48,2026-04-15,1951,N21,VIIRS,n,2.0NRT,294.18,2.16,N
21.48585,81.76923,311.99,0.39,0.44,2026-04-15,1951,N21,VIIRS,n,2.0NRT,299.78,1.88,N
21.50853,80.67494,308.77,0.46,0.47,2026-04-15,1951,N21,VIIRS,n,2.0NRT,297.41,1.92,N
21.50909,80.67031,309.81,0.46,0.47,2026-04-15,1951,N21,VIIRS,n,2.0NRT,298.2,1.92,N
21.54105,76.40311,309.85,0.44,0.62,2026-04-15,1951,N21,VIIRS,n,2.0NRT,298.09,2.68,N
21.54356,77.88019,308.06,0.35,0.57,2026-04-15,1951,N21,VIIRS,n,2.0NRT,297.31,1.94,N
21.55439,85.35116,305.3,0.41,0.37,2026-04-15,1951,N21,VIIRS,n,2.0NRT,294.23,1.87,N
21.55512,81.7486,308.59,0.4,0.44,2026-04-15,1951,N21,VIIRS,n,2.0NRT,298.35,1.54,N
21.55871,77.78078,312.88,0.35,0.57,2026-04-15,1951,N21,VIIRS,n,2.0NRT,295.52,1.68,N
21.55953,97.30541,309.24,0.39,0.59,2026-04-15,1951,N21,VIIRS,n,2.0NRT,290.12,0.89,N
21.5805,93.75822,296.09,0.47,0.47,2026-04-15,1951,N21,VIIRS,n,2.0NRT,284.07,1.08,N
21.58124,93.7545,304.05,0.46,0.47,2026-04-15,1951,N21,VIIRS,n,2.0NRT,285.5,1.08,N
21.61638,79.10349,311.74,0.58,0.52,2026-04-15,1951,N21,VIIRS,n,2.0NRT,296.95,3.93,N
21.62922,93.69131,303.14,0.46,0.47,2026-04-15,1951,N21,VIIRS,n,2.0NRT,289.02,1.48,N
21.63741,93.69493,302.87,0.46,0.47,2026-04-15,1951,N21,VIIRS,n,2.0NRT,290.22,1.42,N
21.6383,93.73604,301.71,0.46,0.47,2026-04-15,1951,N21,VIIRS,n,2.0NRT,286.92,0.51,N
21.66065,93.73569,301.84,0.46,0.47,2026-04-15,1951,N21,VIIRS,n,2.0NRT,289.51,0.83,N
21.66074,93.88456,308.98,0.47,0.48,2026-04-15,1951,N21,VIIRS,n,2.0NRT,292.13,1.31,N
21.66249,93.67372,297.55,0.46,0.47,2026-04-15,1951,N21,VIIRS,n,2.0NRT,287.12,0.83,N
21.6633,93.66966,301.67,0.46,0.47,2026-04-15,1951,N21,VIIRS,n,2.0NRT,288.01,1.01,N
21.66365,93.73476,305.11,0.46,0.47,2026-04-15,1951,N21,VIIRS,n,2.0NRT,288.66,0.58,N
21.66412,93.6713,311.42,0.46,0.47,2026-04-15,1951,N21,VIIRS,n,2.0NRT,288.16,1.47,N
21.6646,93.68539,303.09,0.46,0.47,2026-04-15,1951,N21,VIIRS,n,2.0NRT,289.92,1.07,N
21.66648,93.68214,305.12,0.46,0.47,2026-04-15,1951,N21,VIIRS,n,2.0NRT,288.98,0.8,N
21.67276,82.08318,312.48,0.57,0.43,2026-04-15,1951,N21,VIIRS,n,2.0NRT,301.65,3.96,N
21.67311,77.70049,306.18,0.36,0.57,2026-04-15,1951,N21,VIIRS,n,2.0NRT,294.63,0.68,N
21.67343,82.0777,314.65,0.57,0.43,2026-04-15,1951,N21,VIIRS,n,2.0NRT,300.34,2.76,N
21.67406,82.08167,320.74,0.57,0.43,2026-04-15,1951,N21,VIIRS,n,2.0NRT,302.76,4.43,N
21.67433,93.81599,310.87,0.47,0.47,2026-04-15,1951,N21,VIIRS,n,2.0NRT,290.95,1.42,N
21.67709,93.73436,317.02,0.46,0.47,2026-04-15,1951,N21,VIIRS,n,2.0NRT,291.24,2.41,N
21.68005,93.67461,315.14,0.46,0.47,2026-04-15,1951,N21,VIIRS,n,2.0NRT,289.27,1.61,N
21.68075,93.6711,302.58,0.46,0.47,2026-04-15,1951,N21,VIIRS,n,2.0NRT,290.45,1.61,N
21.68084,93.82825,308.17,0.47,0.48,2026-04-15,1951,N21,VIIRS,n,2.0NRT,291.7,1.22,N
21.68131,78.18643,312.69,0.33,0.56,2026-04-15,1951,N21,VIIRS,n,2.0NRT,291.16,1.01,N
21.68484,78.1846,302.7,0.33,0.56,2026-04-15,1951,N21,VIIRS,n,2.0NRT,290.77,1.08,N
21.69429,93.82819,301.53,0.47,0.48,2026-04-15,1951,N21,VIIRS,n,2.0NRT,290.81,1.05,N
21.69687,93.92971,305.41,0.47,0.48,2026-04-15,1951,N21,VIIRS,n,2.0NRT,293.19,0.53,N
21.69768,84.03269,313.42,0.45,0.39,2026-04-15,1951,N21,VIIRS,n,2.0NRT,298.75,1.59,N
21.69779,93.925,317.28,0.47,0.48,2026-04-15,1951,N21,VIIRS,n,2.0NRT,295.7,4.27,N
21.70455,93.68523,301.3,0.46,0.47,2026-04-15,1951,N21,VIIRS,n,2.0NRT,289.43,1.79,N
21.70555,93.86215,311.59,0.47,0.48,2026-04-15,1951,N21,VIIRS,n,2.0NRT,292.46,2.58,N
21.70826,93.87122,302.36,0.47,0.48,2026-04-15,1951,N21,VIIRS,n,2.0NRT,290.36,0.51,N
21.70865,93.68694,315.47,0.46,0.47,2026-04-15,1951,N21,VIIRS,n,2.0NRT,289.93,1.79,N
21.7104,93.90636,307.33,0.47,0.48,2026-04-15,1951,N21,VIIRS,n,2.0NRT,292.58,1.64,N
21.71112,79.12718,306.46,0.58,0.52,2026-04-15,1951,N21,VIIRS,n,2.0NRT,291.59,0.74,N
21.7149,84.03979,309.65,0.45,0.39,2026-04-15,1951,N21,VIIRS,n,2.0NRT,298.61,0.94,N
21.72212,76.95795,310.55,0.4,0.6,2026-04-15,1951,N21,VIIRS,n,2.0NRT,297.38,2.73,N
21.72725,93.88907,307.11,0.47,0.48,2026-04-15,1951,N21,VIIRS,n,2.0NRT,294.74,2.59,N
21.72834,93.89193,305.35,0.47,0.48,2026-04-15,1951,N21,VIIRS,n,2.0NRT,294.25,2.12,N
21.73336,93.95673,305.77,0.47,0.48,2026-04-15,1951,N21,VIIRS,n,2.0NRT,295.54,2.62,N
21.734,93.90067,306.06,0.47,0.48,2026-04-15,1951,N21,VIIRS,n,2.0NRT,294.65,1.9,N
21.73405,83.98032,309.18,0.46,0.39,2026-04-15,1951,N21,VIIRS,n,2.0NRT,297.69,2.68,N
21.73847,83.84154,310.26,0.46,0.39,2026-04-15,1951,N21,VIIRS,n,2.0NRT,299.38,3.06,N
21.73905,93.8978,306.7,0.47,0.48,2026-04-15,1951,N21,VIIRS,n,2.0NRT,294.82,1.41,N
21.73962,81.48846,312.03,0.41,0.45,2026-04-15,1951,N21,VIIRS,n,2.0NRT,294.18,2.57,N
21.74009,81.48449,309.63,0.41,0.45,2026-04-15,1951,N21,VIIRS,n,2.0NRT,293.82,2.57,N
21.74019,81.49338,312.92,0.41,0.45,2026-04-15,1951,N21,VIIRS,n,2.0NRT,294.51,4,N
21.74068,81.48942,338.72,0.41,0.45,2026-04-15,1951,N21,VIIRS,n,2.0NRT,296.56,3.83,N
21.74118,81.48545,327.98,0.41,0.45,2026-04-15,1951,N21,VIIRS,n,2.0NRT,294.92,3.83,N
21.74207,83.84207,332.83,0.46,0.39,2026-04-15,1951,N21,VIIRS,n,2.0NRT,301.77,6.16,N
21.74327,81.49301,337.92,0.41,0.45,2026-04-15,1951,N21,VIIRS,n,2.0NRT,295.71,5.93,N
21.74374,81.48904,334.14,0.41,0.45,2026-04-15,1951,N21,VIIRS,n,2.0NRT,295.67,2.57,N
21.74421,81.48505,315.56,0.41,0.45,2026-04-15,1951,N21,VIIRS,n,2.0NRT,293.57,2.57,N
21.7448,81.48997,328.88,0.41,0.45,2026-04-15,1951,N21,VIIRS,n,2.0NRT,294.33,3.83,N
21.74567,83.8426,337.46,0.46,0.39,2026-04-15,1951,N21,VIIRS,n,2.0NRT,302.79,6.16,N
21.74675,93.93482,306.02,0.47,0.48,2026-04-15,1951,N21,VIIRS,n,2.0NRT,294.5,1.16,N
21.74867,93.90263,311.17,0.47,0.48,2026-04-15,1951,N21,VIIRS,n,2.0NRT,294.59,2.6,N
21.74928,83.84312,316.6,0.46,0.39,2026-04-15,1951,N21,VIIRS,n,2.0NRT,300.24,3.43,N
21.74932,83.81595,321.2,0.46,0.39,2026-04-15,1951,N21,VIIRS,n,2.0NRT,300.92,3.96,N
21.75199,93.93114,304.8,0.47,0.48,2026-04-15,1951,N21,VIIRS,n,2.0NRT,294.17,1.16,N
21.75676,93.95246,315.77,0.47,0.48,2026-04-15,1951,N21,VIIRS,n,2.0NRT,295.7,3.6,N
21.75978,77.45789,304.64,0.37,0.58,2026-04-15,1951,N21,VIIRS,n,2.0NRT,294.63,0.95,N
21.76047,77.89321,322.59,0.35,0.57,2026-04-15,1951,N21,VIIRS,n,2.0NRT,293.62,2.2,N
21.76068,84.01831,310.94,0.45,0.39,2026-04-15,1951,N21,VIIRS,n,2.0NRT,300.88,3.3,N
21.7608,77.88982,305.61,0.35,0.57,2026-04-15,1951,N21,VIIRS,n,2.0NRT,292.56,1.29,N
21.76425,84.01887,320.9,0.45,0.39,2026-04-15,1951,N21,VIIRS,n,2.0NRT,302.13,3.3,N
21.76559,93.93069,308.42,0.47,0.48,2026-04-15,1951,N21,VIIRS,n,2.0NRT,295.42,2.16,N
21.76782,84.01942,318.83,0.45,0.39,2026-04-15,1951,N21,VIIRS,n,2.0NRT,301.38,2.64,N
21.76982,93.93208,314,0.47,0.48,2026-04-15,1951,N21,VIIRS,n,2.0NRT,295.64,2.16,N
21.77139,84.01997,314.54,0.45,0.39,2026-04-15,1951,N21,VIIRS,n,2.0NRT,300.62,2.64,N
21.77488,93.86111,306.41,0.47,0.48,2026-04-15,1951,N21,VIIRS,n,2.0NRT,294.43,1.79,N
21.77494,93.92895,308.7,0.47,0.48,2026-04-15,1951,N21,VIIRS,n,2.0NRT,294.9,2.28,N
21.77581,93.85638,307.18,0.47,0.48,2026-04-15,1951,N21,VIIRS,n,2.0NRT,294.68,1.15,N
21.78412,80.46833,309.18,0.48,0.48,2026-04-15,1951,N21,VIIRS,n,2.0NRT,297.42,3.31,N
21.78428,93.85887,302.93,0.47,0.48,2026-04-15,1951,N21,VIIRS,n,2.0NRT,292.78,1.01,N
21.78518,93.92268,303.49,0.47,0.48,2026-04-15,1951,N21,VIIRS,n,2.0NRT,293.32,0.95,N
21.78798,80.47375,308.16,0.48,0.48,2026-04-15,1951,N21,VIIRS,n,2.0NRT,297.75,4.33,N
21.79755,83.88017,315.63,0.46,0.39,2026-04-15,1951,N21,VIIRS,n,2.0NRT,298.51,3.23,N
21.80186,82.04135,314.9,0.38,0.43,2026-04-15,1951,N21,VIIRS,n,2.0NRT,300.87,2.98,N
21.80292,93.87804,310.15,0.47,0.48,2026-04-15,1951,N21,VIIRS,n,2.0NRT,295.06,2.36,N
21.8038,93.87354,304.75,0.47,0.48,2026-04-15,1951,N21,VIIRS,n,2.0NRT,294.63,1.25,N
21.80467,93.86908,310.03,0.47,0.48,2026-04-15,1951,N21,VIIRS,n,2.0NRT,295.23,1.25,N
21.82201,83.99648,310.34,0.46,0.39,2026-04-15,1951,N21,VIIRS,n,2.0NRT,299.17,1.42,N
21.82434,93.70036,301.5,0.46,0.47,2026-04-15,1951,N21,VIIRS,n,2.0NRT,291.18,0.68,N
21.82897,92.71307,316.71,0.4,0.44,2026-04-15,1951,N21,VIIRS,n,2.0NRT,294.19,1.87,N
21.83225,93.728,305.86,0.46,0.47,2026-04-15,1951,N21,VIIRS,n,2.0NRT,292.03,1.31,N
21.83405,73.70639,307.99,0.66,0.73,2026-04-15,1951,N21,VIIRS,n,2.0NRT,297.92,4.42,N
21.83424,93.71777,307.75,0.46,0.47,2026-04-15,1951,N21,VIIRS,n,2.0NRT,292.9,1.08,N
21.83587,79.09523,305.87,0.59,0.52,2026-04-15,1951,N21,VIIRS,n,2.0NRT,291.71,5.55,N
21.83769,93.72281,305.16,0.46,0.47,2026-04-15,1951,N21,VIIRS,n,2.0NRT,292.6,1.08,N
21.83865,93.71784,304.67,0.46,0.47,2026-04-15,1951,N21,VIIRS,n,2.0NRT,291.82,1.08,N
21.83951,93.71341,309.97,0.46,0.47,2026-04-15,1951,N21,VIIRS,n,2.0NRT,292.64,1.75,N
21.8401,79.10142,344.67,0.58,0.52,2026-04-15,1951,N21,VIIRS,n,2.0NRT,294.99,5.55,N
21.84671,79.08498,316.44,0.59,0.53,2026-04-15,1951,N21,VIIRS,n,2.0NRT,293.19,2.47,N
21.84736,79.12483,302.86,0.58,0.52,2026-04-15,1951,N21,VIIRS,n,2.0NRT,291.93,0.69,N
21.85038,93.68031,309.4,0.45,0.47,2026-04-15,1951,N21,VIIRS,n,2.0NRT,292.76,1.29,N
21.85637,79.13172,303.96,0.58,0.52,2026-04-15,1951,N21,VIIRS,n,2.0NRT,292.9,2.39,N
21.85777,83.9652,314.42,0.46,0.39,2026-04-15,1951,N21,VIIRS,n,2.0NRT,299.91,1.92,N
21.85906,83.96631,311.84,0.46,0.39,2026-04-15,1951,N21,VIIRS,n,2.0NRT,299.46,2.07,N
21.86907,81.07548,311.31,0.44,0.46,2026-04-15,1951,N21,VIIRS,n,2.0NRT,298.87,2.75,N
21.87203,79.12187,313.28,0.58,0.52,2026-04-15,1951,N21,VIIRS,n,2.0NRT,291.37,1.81,N
21.87467,84.60233,310.46,0.43,0.38,2026-04-15,1951,N21,VIIRS,n,2.0NRT,295.78,1.97,N
21.87512,83.49449,308.81,0.48,0.4,2026-04-15,1951,N21,VIIRS,n,2.0NRT,298.54,2.3,N
21.87807,83.55621,310.54,0.48,0.4,2026-04-15,1951,N21,VIIRS,n,2.0NRT,298.29,2.02,N
21.882,78.00568,317.18,0.34,0.56,2026-04-15,1951,N21,VIIRS,n,2.0NRT,295.48,2.5,N
21.88899,93.68634,304.63,0.45,0.47,2026-04-15,1951,N21,VIIRS,n,2.0NRT,291.92,1.11,N
21.88913,93.86066,314.63,0.46,0.47,2026-04-15,1951,N21,VIIRS,n,2.0NRT,295.36,1.25,N
21.89005,93.85597,307.92,0.46,0.47,2026-04-15,1951,N21,VIIRS,n,2.0NRT,295.61,2.33,N
21.89248,93.86632,302.78,0.47,0.47,2026-04-15,1951,N21,VIIRS,n,2.0NRT,292.52,1.25,N
21.89992,76.73038,311.16,0.42,0.61,2026-04-15,1951,N21,VIIRS,n,2.0NRT,294.8,1.16,N
21.90832,93.76344,304.19,0.46,0.47,2026-04-15,1951,N21,VIIRS,n,2.0NRT,292.93,1.3,N
21.91891,93.6647,304.24,0.45,0.47,2026-04-15,1951,N21,VIIRS,n,2.0NRT,291.58,1.74,N
21.92022,83.35362,315.56,0.49,0.4,2026-04-15,1951,N21,VIIRS,n,2.0NRT,301.46,4.04,N
21.92085,83.34892,331.21,0.49,0.4,2026-04-15,1951,N21,VIIRS,n,2.0NRT,303.24,4.04,N
21.92467,79.12943,309.28,0.58,0.52,2026-04-15,1951,N21,VIIRS,n,2.0NRT,289.81,3.06,N
21.92525,79.12383,321.57,0.58,0.52,2026-04-15,1951,N21,VIIRS,n,2.0NRT,290.8,3.06,N
21.92526,93.72232,304.53,0.46,0.47,2026-04-15,1951,N21,VIIRS,n,2.0NRT,293.51,2,N
21.9299,85.22156,316.76,0.41,0.37,2026-04-15,1951,N21,VIIRS,n,2.0NRT,296.75,3.27,N
21.93024,93.69695,303.83,0.45,0.47,2026-04-15,1951,N21,VIIRS,n,2.0NRT,292.96,1.41,N
21.93242,84.58384,309.93,0.43,0.38,2026-04-15,1951,N21,VIIRS,n,2.0NRT,297.16,1.85,N
21.93427,93.69897,307.22,0.45,0.47,2026-04-15,1951,N21,VIIRS,n,2.0NRT,293.81,1.41,N
21.93592,84.58428,309.77,0.43,0.38,2026-04-15,1951,N21,VIIRS,n,2.0NRT,297.48,0.99,N
21.9373,81.98071,308.14,0.39,0.44,2026-04-15,1951,N21,VIIRS,n,2.0NRT,298.04,1.39,N
21.93888,93.76614,317.78,0.46,0.47,2026-04-15,1951,N21,VIIRS,n,2.0NRT,294.47,2.52,N
21.94008,78.07146,308.86,0.34,0.56,2026-04-15,1951,N21,VIIRS,n,2.0NRT,292.95,1.32,N
21.94087,79.11432,326.41,0.59,0.52,2026-04-15,1951,N21,VIIRS,n,2.0NRT,293.33,5.36,N
21.94146,79.1087,302.83,0.59,0.53,2026-04-15,1951,N21,VIIRS,n,2.0NRT,291.7,2.19,N
21.94178,93.72842,305.45,0.46,0.47,2026-04-15,1951,N21,VIIRS,n,2.0NRT,293.49,0.82,N
21.9501,81.08222,311.59,0.44,0.46,2026-04-15,1951,N21,VIIRS,n,2.0NRT,297.66,3.61,N
21.95159,93.79214,305.74,0.46,0.47,2026-04-15,1951,N21,VIIRS,n,2.0NRT,293.6,1.01,N
21.95238,83.80751,307.68,0.47,0.39,2026-04-15,1951,N21,VIIRS,n,2.0NRT,297.32,1.3,N
21.95494,93.79777,305.63,0.46,0.47,2026-04-15,1951,N21,VIIRS,n,2.0NRT,293.76,1.38,N
21.96634,93.51211,305.24,0.44,0.46,2026-04-15,1951,N21,VIIRS,n,2.0NRT,288.08,1.26,N
21.96899,85.31284,309.11,0.41,0.37,2026-04-15,1951,N21,VIIRS,n,2.0NRT,295.13,0.69,N
21.97249,79.44688,312.36,0.56,0.51,2026-04-15,1951,N21,VIIRS,n,2.0NRT,291.6,1.69,N
21.97328,93.7257,303.25,0.45,0.47,2026-04-15,1951,N21,VIIRS,n,2.0NRT,292.7,0.92,N
21.97414,79.44888,309.1,0.56,0.51,2026-04-15,1951,N21,VIIRS,n,2.0NRT,291.34,1.3,N
21.97608,93.66515,307.82,0.45,0.47,2026-04-15,1951,N21,VIIRS,n,2.0NRT,287.56,1.38,N
21.97688,93.66105,315.88,0.45,0.47,2026-04-15,1951,N21,VIIRS,n,2.0NRT,289.18,1.38,N
21.97822,93.65414,311.29,0.45,0.47,2026-04-15,1951,N21,VIIRS,n,2.0NRT,290.86,2.21,N
21.97894,93.65044,302,0.45,0.47,2026-04-15,1951,N21,VIIRS,n,2.0NRT,290.51,1.19,N
21.97901,83.23979,311.18,0.5,0.41,2026-04-15,1951,N21,VIIRS,n,2.0NRT,300.1,2.69,N
21.98328,93.65075,305.52,0.45,0.47,2026-04-15,1951,N21,VIIRS,n,2.0NRT,289.63,2.37,N
21.98398,83.23074,314.15,0.5,0.41,2026-04-15,1951,N21,VIIRS,n,2.0NRT,299.61,3.41,N
21.98599,86.41565,316.87,0.39,0.36,2026-04-15,1951,N21,VIIRS,n,2.0NRT,297.43,2.5,N
21.98655,86.41191,321.65,0.39,0.36,2026-04-15,1951,N21,VIIRS,n,2.0NRT,297.61,2.84,N
21.99255,79.17741,303.1,0.58,0.52,2026-04-15,1951,N21,VIIRS,n,2.0NRT,290.19,0.93,N
21.99422,93.63954,301.43,0.45,0.47,2026-04-15,1951,N21,VIIRS,n,2.0NRT,289.29,1.34,N
21.99523,78.14377,308.55,0.34,0.56,2026-04-15,1951,N21,VIIRS,n,2.0NRT,297.58,3.03,N
21.99548,76.06874,309.69,0.46,0.64,2026-04-15,1951,N21,VIIRS,n,2.0NRT,298.3,2.36,N
21.99585,76.06438,323.39,0.46,0.64,2026-04-15,1951,N21,VIIRS,n,2.0NRT,298.66,2.36,N
21.99617,76.06694,330.46,0.46,0.64,2026-04-15,1951,N21,VIIRS,n,2.0NRT,299.13,5.37,N
21.99802,78.1441,308.02,0.34,0.56,2026-04-15,1951,N21,VIIRS,n,2.0NRT,296.27,2.22,N
21.9983,93.63892,299.84,0.45,0.47,2026-04-15,1951,N21,VIIRS,n,2.0NRT,287.73,0.98,N
22.00243,82.67001,317.91,0.53,0.42,2026-04-15,1951,N21,VIIRS,n,2.0NRT,300.84,3.69,N
22.00627,82.67059,311.89,0.53,0.42,2026-04-15,1951,N21,VIIRS,n,2.0NRT,298.31,2.6,N
22.00796,93.59064,312.55,0.45,0.47,2026-04-15,1951,N21,VIIRS,n,2.0NRT,286.84,1.45,N
22.00811,93.58965,318.27,0.45,0.47,2026-04-15,1951,N21,VIIRS,n,2.0NRT,287.31,2.11,N
22.00884,93.586,299.18,0.45,0.47,2026-04-15,1951,N21,VIIRS,n,2.0NRT,285.21,1.45,N
22.01035,77.94489,310.77,0.35,0.57,2026-04-15,1951,N21,VIIRS,n,2.0NRT,296.7,1.6,N
22.01065,77.94184,309.93,0.35,0.57,2026-04-15,1951,N21,VIIRS,n,2.0NRT,297.38,1.6,N
22.01203,93.59228,309.68,0.45,0.47,2026-04-15,1951,N21,VIIRS,n,2.0NRT,288.11,1.52,N
22.01217,93.59126,305.88,0.45,0.47,2026-04-15,1951,N21,VIIRS,n,2.0NRT,287.56,2.11,N
22.01526,79.23851,314.18,0.58,0.52,2026-04-15,1951,N21,VIIRS,n,2.0NRT,294.68,4.31,N
22.016,83.7554,330.67,0.47,0.4,2026-04-15,1951,N21,VIIRS,n,2.0NRT,300.8,4.77,N
22.0191,83.33822,309.21,0.49,0.4,2026-04-15,1951,N21,VIIRS,n,2.0NRT,297.92,1.89,N
22.01959,79.10243,311.93,0.59,0.53,2026-04-15,1951,N21,VIIRS,n,2.0NRT,291.61,2.16,N
22.01963,81.14967,312.1,0.44,0.46,2026-04-15,1951,N21,VIIRS,n,2.0NRT,300.23,3.49,N
22.02004,79.23916,329.79,0.58,0.52,2026-04-15,1951,N21,VIIRS,n,2.0NRT,294.65,4.31,N
22.0204,79.10107,314.66,0.59,0.53,2026-04-15,1951,N21,VIIRS,n,2.0NRT,291.51,2.5,N
22.02729,79.26234,345.59,0.57,0.52,2026-04-15,1951,N21,VIIRS,n,2.0NRT,296.99,10.47,N
22.02765,79.16605,308.76,0.58,0.52,2026-04-15,1951,N21,VIIRS,n,2.0NRT,290.71,2.07,N
22.02868,83.74355,310.25,0.47,0.4,2026-04-15,1951,N21,VIIRS,n,2.0NRT,298.16,2.83,N
22.03005,80.2285,305.88,0.5,0.49,2026-04-15,1951,N21,VIIRS,n,2.0NRT,295.14,2.47,N
22.03076,83.36404,310.62,0.49,0.4,2026-04-15,1951,N21,VIIRS,n,2.0NRT,299.27,3,N
22.03322,79.25198,308.61,0.57,0.52,2026-04-15,1951,N21,VIIRS,n,2.0NRT,294.06,2.78,N
22.03634,83.35049,314.76,0.49,0.4,2026-04-15,1951,N21,VIIRS,n,2.0NRT,298.96,2.71,N
22.03654,83.74008,319.82,0.47,0.4,2026-04-15,1951,N21,VIIRS,n,2.0NRT,299.82,5.85,N
22.03684,79.26351,328.09,0.57,0.52,2026-04-15,1951,N21,VIIRS,n,2.0NRT,295.88,7.02,N
22.03714,83.73556,313.72,0.47,0.4,2026-04-15,1951,N21,VIIRS,n,2.0NRT,299.43,2.58,N
22.03775,83.73102,312.58,0.47,0.4,2026-04-15,1951,N21,VIIRS,n,2.0NRT,299.9,2.58,N
22.04078,83.73609,329.24,0.47,0.4,2026-04-15,1951,N21,VIIRS,n,2.0NRT,302.98,2.58,N
22.04092,79.22484,315.84,0.58,0.52,2026-04-15,1951,N21,VIIRS,n,2.0NRT,293.43,2.74,N
22.04138,83.73155,319.62,0.47,0.4,2026-04-15,1951,N21,VIIRS,n,2.0NRT,303.19,2.58,N
22.04487,79.5011,304.16,0.55,0.51,2026-04-15,1951,N21,VIIRS,n,2.0NRT,289.87,2.56,N
22.0484,79.5123,321.23,0.55,0.51,2026-04-15,1951,N21,VIIRS,n,2.0NRT,290.45,2.85,N
22.04899,79.50698,314.7,0.55,0.51,2026-04-15,1951,N21,VIIRS,n,2.0NRT,290.18,2.56,N
22.04957,79.50167,313.07,0.55,0.51,2026-04-15,1951,N21,VIIRS,n,2.0NRT,290.68,2.56,N
22.04993,93.73477,319.31,0.45,0.47,2026-04-15,1951,N21,VIIRS,n,2.0NRT,292.33,3.03,N
22.05108,79.17459,309.3,0.58,0.52,2026-04-15,1951,N21,VIIRS,n,2.0NRT,290.3,3.69,N
22.05168,79.16895,321.97,0.58,0.52,2026-04-15,1951,N21,VIIRS,n,2.0NRT,290.89,3.69,N
22.05227,79.16328,302.16,0.58,0.52,2026-04-15,1951,N21,VIIRS,n,2.0NRT,290.8,1.97,N
22.05315,88.12654,311.65,0.39,0.36,2026-04-15,1951,N21,VIIRS,n,2.0NRT,298.57,2,N
22.05375,88.12281,309.94,0.39,0.36,2026-04-15,1951,N21,VIIRS,n,2.0NRT,298.64,2,N
22.05483,79.40985,305.98,0.56,0.52,2026-04-15,1951,N21,VIIRS,n,2.0NRT,291.58,1.02,N
22.05533,79.27145,328.55,0.57,0.52,2026-04-15,1951,N21,VIIRS,n,2.0NRT,293.96,7,N
22.05544,93.75198,315.02,0.45,0.47,2026-04-15,1951,N21,VIIRS,n,2.0NRT,293.69,1.81,N
22.05648,79.16953,321.66,0.58,0.52,2026-04-15,1951,N21,VIIRS,n,2.0NRT,290.25,3.69,N
22.05736,93.67394,298.63,0.45,0.47,2026-04-15,1951,N21,VIIRS,n,2.0NRT,287.31,1.03,N
22.05799,81.07864,311.56,0.44,0.46,2026-04-15,1951,N21,VIIRS,n,2.0NRT,295.97,2.84,N
22.05956,79.49748,322.71,0.55,0.51,2026-04-15,1951,N21,VIIRS,n,2.0NRT,290.63,4.46,N
22.05956,83.70651,312.08,0.47,0.4,2026-04-15,1951,N21,VIIRS,n,2.0NRT,296.98,2,N
22.05965,93.75305,304.6,0.45,0.47,2026-04-15,1951,N21,VIIRS,n,2.0NRT,293.26,1.81,N
22.0599,81.06241,307.46,0.44,0.46,2026-04-15,1951,N21,VIIRS,n,2.0NRT,296.53,2.43,N
22.06008,79.18143,304.19,0.58,0.52,2026-04-15,1951,N21,VIIRS,n,2.0NRT,291.16,0.97,N
22.06068,79.17577,303.38,0.58,0.52,2026-04-15,1951,N21,VIIRS,n,2.0NRT,291.03,1.63,N
22.06184,80.50307,314.67,0.48,0.48,2026-04-15,1951,N21,VIIRS,n,2.0NRT,297.69,4.34,N
22.06193,79.43255,304.31,0.56,0.51,2026-04-15,1951,N21,VIIRS,n,2.0NRT,290.67,1.18,N
22.0637,79.28355,310.35,0.57,0.52,2026-04-15,1951,N21,VIIRS,n,2.0NRT,290.96,1.81,N
22.06625,80.5036,311.09,0.48,0.48,2026-04-15,1951,N21,VIIRS,n,2.0NRT,297.53,4.34,N
22.06655,80.50152,314.46,0.48,0.48,2026-04-15,1951,N21,VIIRS,n,2.0NRT,297.46,3.96,N
22.06696,81.07571,307.16,0.44,0.46,2026-04-15,1951,N21,VIIRS,n,2.0NRT,295.53,2.95,N
22.06844,79.23948,306.82,0.58,0.52,2026-04-15,1951,N21,VIIRS,n,2.0NRT,292.26,2.75,N
22.07264,79.24555,307.18,0.58,0.52,2026-04-15,1951,N21,VIIRS,n,2.0NRT,293.53,2.21,N
22.07373,97.22758,305.1,0.38,0.58,2026-04-15,1951,N21,VIIRS,n,2.0NRT,287.7,0.52,N
22.07436,93.63185,299.49,0.45,0.47,2026-04-15,1951,N21,VIIRS,n,2.0NRT,288.15,0.6,N
22.08437,79.44598,303.61,0.56,0.51,2026-04-15,1951,N21,VIIRS,n,2.0NRT,289.3,0.96,N
22.0859,79.16753,305.32,0.58,0.52,2026-04-15,1951,N21,VIIRS,n,2.0NRT,291.83,1.34,N
22.08591,79.44917,303.24,0.56,0.51,2026-04-15,1951,N21,VIIRS,n,2.0NRT,289.43,1.72,N
22.08647,79.44379,324.51,0.56,0.51,2026-04-15,1951,N21,VIIRS,n,2.0NRT,290.57,4.05,N
22.08909,79.44654,324.36,0.56,0.51,2026-04-15,1951,N21,VIIRS,n,2.0NRT,289.98,3.52,N
22.08969,79.44117,319.28,0.56,0.51,2026-04-15,1951,N21,VIIRS,n,2.0NRT,290.17,3.52,N
22.09011,79.17369,321.51,0.58,0.52,2026-04-15,1951,N21,VIIRS,n,2.0NRT,290.91,3.33,N
22.09071,79.16811,315.91,0.58,0.52,2026-04-15,1951,N21,VIIRS,n,2.0NRT,291.6,3.64,N
22.09119,79.44441,315.98,0.56,0.51,2026-04-15,1951,N21,VIIRS,n,2.0NRT,289.84,2.89,N
22.09543,79.21417,315.11,0.58,0.52,2026-04-15,1951,N21,VIIRS,n,2.0NRT,291.8,4.11,N
22.09591,79.21139,333.75,0.58,0.52,2026-04-15,1951,N21,VIIRS,n,2.0NRT,292.62,7.7,N
22.09605,79.20855,323.17,0.58,0.52,2026-04-15,1951,N21,VIIRS,n,2.0NRT,292.03,4.11,N
22.09612,79.1631,316.03,0.58,0.52,2026-04-15,1951,N21,VIIRS,n,2.0NRT,292.48,3.64,N
22.09672,79.15753,305.13,0.58,0.52,2026-04-15,1951,N21,VIIRS,n,2.0NRT,292.17,1.75,N
22.0988,78.30935,307.5,0.33,0.55,2026-04-15,1951,N21,VIIRS,n,2.0NRT,295.54,1.73,N
22.09938,81.09285,319.4,0.44,0.46,2026-04-15,1951,N21,VIIRS,n,2.0NRT,297.76,4.99,N
22.10492,78.35186,307.35,0.33,0.55,2026-04-15,1951,N21,VIIRS,n,2.0NRT,294.16,1.16,N
22.10651,79.33327,334.47,0.57,0.52,2026-04-15,1951,N21,VIIRS,n,2.0NRT,294.42,5.89,N
22.10655,76.90865,310.78,0.41,0.61,2026-04-15,1951,N21,VIIRS,n,2.0NRT,293.83,1.24,N
22.10715,77.83199,310.49,0.36,0.57,2026-04-15,1951,N21,VIIRS,n,2.0NRT,294.27,1.11,N
22.10725,79.33633,310.1,0.57,0.52,2026-04-15,1951,N21,VIIRS,n,2.0NRT,293.82,4.72,N
22.10782,79.33085,332.56,0.57,0.52,2026-04-15,1951,N21,VIIRS,n,2.0NRT,294.13,4.72,N
22.11267,78.96352,321.36,0.6,0.53,2026-04-15,1951,N21,VIIRS,n,2.0NRT,293.79,4.01,N
22.11315,79.32597,315.26,0.57,0.52,2026-04-15,1951,N21,VIIRS,n,2.0NRT,293.76,5.05,N
22.11579,81.0996,310.65,0.44,0.46,2026-04-15,1951,N21,VIIRS,n,2.0NRT,298.79,3.45,N
22.1169,79.23965,307.25,0.58,0.52,2026-04-15,1951,N21,VIIRS,n,2.0NRT,293.09,2.04,N
22.11697,79.24259,306.95,0.58,0.52,2026-04-15,1951,N21,VIIRS,n,2.0NRT,292.61,1.23,N
22.11733,79.33202,337.89,0.57,0.52,2026-04-15,1951,N21,VIIRS,n,2.0NRT,294.76,10.29,N
22.1179,79.32656,330.27,0.57,0.52,2026-04-15,1951,N21,VIIRS,n,2.0NRT,293.68,5.05,N
22.11923,81.10686,310.47,0.44,0.46,2026-04-15,1951,N21,VIIRS,n,2.0NRT,298.13,2.67,N
22.11969,81.10284,313.11,0.44,0.46,2026-04-15,1951,N21,VIIRS,n,2.0NRT,298.81,2.67,N
22.12155,77.8998,313.37,0.35,0.57,2026-04-15,1951,N21,VIIRS,n,2.0NRT,295.91,2.32,N
22.1221,79.33257,335.16,0.57,0.52,2026-04-15,1951,N21,VIIRS,n,2.0NRT,292.81,7.39,N
22.12307,79.27708,338.36,0.57,0.52,2026-04-15,1951,N21,VIIRS,n,2.0NRT,295.24,8.98,N
22.12454,76.88938,304.7,0.41,0.61,2026-04-15,1951,N21,VIIRS,n,2.0NRT,293.54,0.4,N
22.12681,77.90003,337.75,0.35,0.57,2026-04-15,1951,N21,VIIRS,n,2.0NRT,298.66,3.52,N
22.12745,79.59555,321.47,0.55,0.51,2026-04-15,1951,N21,VIIRS,n,2.0NRT,293.33,4.51,N
22.1275,77.90028,336.91,0.35,0.57,2026-04-15,1951,N21,VIIRS,n,2.0NRT,298.67,3.27,N
22.12785,79.27766,314.11,0.57,0.52,2026-04-15,1951,N21,VIIRS,n,2.0NRT,293.34,3.71,N
22.12842,79.27217,312.21,0.57,0.52,2026-04-15,1951,N21,VIIRS,n,2.0NRT,293.56,3.47,N
22.12897,79.44898,317.18,0.56,0.51,2026-04-15,1951,N21,VIIRS,n,2.0NRT,292.11,3.59,N
22.12955,79.4436,312.81,0.56,0.51,2026-04-15,1951,N21,VIIRS,n,2.0NRT,291.36,3.59,N
22.13209,77.90008,321.44,0.35,0.57,2026-04-15,1951,N21,VIIRS,n,2.0NRT,297.22,3.52,N
22.13278,77.90031,316.65,0.35,0.57,2026-04-15,1951,N21,VIIRS,n,2.0NRT,296.9,3.27,N
22.1331,77.89687,305.76,0.35,0.57,2026-04-15,1951,N21,VIIRS,n,2.0NRT,295.35,4.34,N
22.13963,79.0218,312.69,0.6,0.53,2026-04-15,1951,N21,VIIRS,n,2.0NRT,295.57,3.44,N
22.14052,79.02496,313.51,0.6,0.53,2026-04-15,1951,N21,VIIRS,n,2.0NRT,295.49,4.64,N
22.14203,93.71181,306.01,0.45,0.47,2026-04-15,1951,N21,VIIRS,n,2.0NRT,293.8,1.17,N
22.14531,79.34093,316.32,0.57,0.52,2026-04-15,1951,N21,VIIRS,n,2.0NRT,293.69,3.21,N
22.15006,79.34152,337.61,0.57,0.52,2026-04-15,1951,N21,VIIRS,n,2.0NRT,294.35,6.34,N
22.15064,79.33606,319.48,0.57,0.52,2026-04-15,1951,N21,VIIRS,n,2.0NRT,293.21,6.34,N
22.15188,76.83556,318.09,0.41,0.61,2026-04-15,1951,N21,VIIRS,n,2.0NRT,295.3,2.06,N
22.16309,79.30989,307.76,0.57,0.52,2026-04-15,1951,N21,VIIRS,n,2.0NRT,291.92,1.66,N
22.16368,79.30441,303.52,0.57,0.52,2026-04-15,1951,N21,VIIRS,n,2.0NRT,292.46,1.66,N
22.16716,78.34556,306.25,0.33,0.55,2026-04-15,1951,N21,VIIRS,n,2.0NRT,294.7,1.62,N
22.17681,79.44914,328.42,0.56,0.51,2026-04-15,1951,N21,VIIRS,n,2.0NRT,291.1,3.09,N
22.17741,79.40003,308.81,0.56,0.52,2026-04-15,1951,N21,VIIRS,n,2.0NRT,292.53,2.27,N
22.17823,79.45104,300.84,0.56,0.52,2026-04-15,1951,N21,VIIRS,n,2.0NRT,289.99,2.77,N
22.17878,79.44568,329.23,0.56,0.52,2026-04-15,1951,N21,VIIRS,n,2.0NRT,291.06,2.77,N
22.18154,79.4497,316.96,0.56,0.51,2026-04-15,1951,N21,VIIRS,n,2.0NRT,290.62,3.09,N
22.18215,79.40061,305.72,0.56,0.52,2026-04-15,1951,N21,VIIRS,n,2.0NRT,292.86,1.15,N
22.18296,79.45159,305.22,0.56,0.52,2026-04-15,1951,N21,VIIRS,n,2.0NRT,289.94,2.77,N
22.18441,79.70924,304.39,0.54,0.51,2026-04-15,1951,N21,VIIRS,n,2.0NRT,291.23,0.78,N
22.18508,78.91563,328.64,0.61,0.53,2026-04-15,1951,N21,VIIRS,n,2.0NRT,294.57,4.21,N
22.18567,79.45562,325.5,0.56,0.51,2026-04-15,1951,N21,VIIRS,n,2.0NRT,291.7,2.48,N
22.18627,79.45026,303.88,0.56,0.51,2026-04-15,1951,N21,VIIRS,n,2.0NRT,290.55,2.48,N
22.18769,79.45218,336.01,0.56,0.52,2026-04-15,1951,N21,VIIRS,n,2.0NRT,292.27,5.1,N
22.18805,79.43416,304.42,0.56,0.52,2026-04-15,1951,N21,VIIRS,n,2.0NRT,290.74,1.92,N
22.18821,79.21139,300.99,0.58,0.52,2026-04-15,1951,N21,VIIRS,n,2.0NRT,290.45,0.9,N
22.18882,79.20577,304.49,0.58,0.52,2026-04-15,1951,N21,VIIRS,n,2.0NRT,290.54,0.9,N
22.18936,79.43604,310.68,0.56,0.52,2026-04-15,1951,N21,VIIRS,n,2.0NRT,291.14,0.82,N
22.19039,79.45623,304.09,0.56,0.51,2026-04-15,1951,N21,VIIRS,n,2.0NRT,291.36,2.48,N
22.19241,79.21758,318.31,0.58,0.52,2026-04-15,1951,N21,VIIRS,n,2.0NRT,291.38,2.55,N
22.19348,93.69617,305.03,0.45,0.47,2026-04-15,1951,N21,VIIRS,n,2.0NRT,293.15,1,N
22.19382,77.8704,319.4,0.36,0.57,2026-04-15,1951,N21,VIIRS,n,2.0NRT,297.07,2.34,N
22.19415,77.86711,312.6,0.36,0.57,2026-04-15,1951,N21,VIIRS,n,2.0NRT,297.42,2.34,N
22.19438,93.69152,311.26,0.45,0.47,2026-04-15,1951,N21,VIIRS,n,2.0NRT,293.24,2.32,N
22.19775,79.84605,308.7,0.53,0.5,2026-04-15,1951,N21,VIIRS,n,2.0NRT,296.35,2.36,N
22.19866,77.23047,316.54,0.39,0.59,2026-04-15,1951,N21,VIIRS,n,2.0NRT,295.44,4.47,N
22.19904,77.22664,340.44,0.39,0.59,2026-04-15,1951,N21,VIIRS,n,2.0NRT,296.15,6.37,N
22.19941,77.86742,313.58,0.36,0.57,2026-04-15,1951,N21,VIIRS,n,2.0NRT,297.46,2.34,N
22.19975,77.86396,331.67,0.36,0.57,2026-04-15,1951,N21,VIIRS,n,2.0NRT,298.52,6.43,N
22.20001,79.32562,337.82,0.57,0.52,2026-04-15,1951,N21,VIIRS,n,2.0NRT,296.74,5.3,N
22.20005,77.23001,323.65,0.39,0.59,2026-04-15,1951,N21,VIIRS,n,2.0NRT,295.65,4.82,N
22.20039,77.22619,333.35,0.39,0.59,2026-04-15,1951,N21,VIIRS,n,2.0NRT,295.54,5.69,N
22.2004,84.57646,311.28,0.44,0.38,2026-04-15,1951,N21,VIIRS,n,2.0NRT,296.67,1.58,N
22.20055,79.32733,309.96,0.57,0.52,2026-04-15,1951,N21,VIIRS,n,2.0NRT,294.22,4.56,N
22.2006,79.3202,325.17,0.57,0.52,2026-04-15,1951,N21,VIIRS,n,2.0NRT,295.72,5.3,N
22.20111,79.32188,345.11,0.57,0.52,2026-04-15,1951,N21,VIIRS,n,2.0NRT,297.31,6.25,N
22.20477,79.32622,306.19,0.57,0.52,2026-04-15,1951,N21,VIIRS,n,2.0NRT,294.04,5.3,N
22.20537,79.32079,335.65,0.57,0.52,2026-04-15,1951,N21,VIIRS,n,2.0NRT,296.61,5.3,N
22.20587,79.32249,324.49,0.57,0.52,2026-04-15,1951,N21,VIIRS,n,2.0NRT,295.06,6.25,N
22.2063,76.8577,309.62,0.41,0.61,2026-04-15,1951,N21,VIIRS,n,2.0NRT,295.26,1.4,N
22.20642,79.31711,323.16,0.57,0.52,2026-04-15,1951,N21,VIIRS,n,2.0NRT,296.06,6.25,N
22.20735,84.86855,322.79,0.43,0.38,2026-04-15,1951,N21,VIIRS,n,2.0NRT,297.89,3.34,N
22.20744,84.55187,311.5,0.44,0.38,2026-04-15,1951,N21,VIIRS,n,2.0NRT,297.4,2.12,N
22.2085,84.86034,320.33,0.43,0.38,2026-04-15,1951,N21,VIIRS,n,2.0NRT,298.71,2.26,N
22.20861,84.5506,311.83,0.44,0.38,2026-04-15,1951,N21,VIIRS,n,2.0NRT,297.2,2.02,N
22.20912,93.70643,304.59,0.45,0.47,2026-04-15,1951,N21,VIIRS,n,2.0NRT,294.18,1.52,N
22.21138,84.865,317.87,0.43,0.38,2026-04-15,1951,N21,VIIRS,n,2.0NRT,298.45,2.26,N
22.21196,84.8609,317.03,0.43,0.38,2026-04-15,1951,N21,VIIRS,n,2.0NRT,297.78,2.26,N
22.21427,84.86965,319.36,0.43,0.38,2026-04-15,1951,N21,VIIRS,n,2.0NRT,296.93,2.96,N
22.21462,85.13979,310.68,0.42,0.37,2026-04-15,1951,N21,VIIRS,n,2.0NRT,297.19,3.69,N
22.21552,79.6392,303.11,0.55,0.51,2026-04-15,1951,N21,VIIRS,n,2.0NRT,292.93,1.46,N
22.21593,84.75631,308.52,0.43,0.38,2026-04-15,1951,N21,VIIRS,n,2.0NRT,297.2,1.87,N
22.22362,77.44901,320.16,0.38,0.59,2026-04-15,1951,N21,VIIRS,n,2.0NRT,295.78,2.67,N
22.22396,82.37703,311.14,0.56,0.43,2026-04-15,1951,N21,VIIRS,n,2.0NRT,300.09,5.52,N
22.22397,79.73496,309.68,0.54,0.51,2026-04-15,1951,N21,VIIRS,n,2.0NRT,291.85,1.24,N
22.22548,79.45694,303.67,0.56,0.52,2026-04-15,1951,N21,VIIRS,n,2.0NRT,291.65,1.09,N
22.22584,82.36196,309.03,0.56,0.43,2026-04-15,1951,N21,VIIRS,n,2.0NRT,298.01,4.16,N
22.2291,82.36784,317.24,0.56,0.43,2026-04-15,1951,N21,VIIRS,n,2.0NRT,299.59,5.26,N
22.22981,82.36211,309.93,0.56,0.43,2026-04-15,1951,N21,VIIRS,n,2.0NRT,298.78,3.35,N
22.23976,79.50227,307.61,0.56,0.51,2026-04-15,1951,N21,VIIRS,n,2.0NRT,291.29,1.65,N
22.24165,85.14716,307.86,0.42,0.37,2026-04-15,1951,N21,VIIRS,n,2.0NRT,296.79,3,N
22.24255,79.43161,304.57,0.56,0.52,2026-04-15,1951,N21,VIIRS,n,2.0NRT,292.43,0.82,N
22.24265,79.47533,301.91,0.56,0.51,2026-04-15,1951,N21,VIIRS,n,2.0NRT,291.83,0.63,N
22.25093,79.4873,317.39,0.56,0.51,2026-04-15,1951,N21,VIIRS,n,2.0NRT,292.05,2.29,N
22.25565,79.48785,308.37,0.56,0.51,2026-04-15,1951,N21,VIIRS,n,2.0NRT,291.58,2.29,N
22.26229,79.24554,303.85,0.58,0.52,2026-04-15,1951,N21,VIIRS,n,2.0NRT,293.05,1.3,N
22.26399,75.13214,312.65,0.54,0.68,2026-04-15,1951,N21,VIIRS,n,2.0NRT,300,3.2,N
22.27904,79.27058,306.63,0.58,0.52,2026-04-15,1951,N21,VIIRS,n,2.0NRT,295.39,2.17,N
22.28754,79.41503,308.96,0.56,0.52,2026-04-15,1951,N21,VIIRS,n,2.0NRT,296.58,2.23,N
22.28789,78.95364,322.79,0.61,0.53,2026-04-15,1951,N21,VIIRS,n,2.0NRT,294.5,4.03,N
22.28874,79.41638,309.21,0.57,0.52,2026-04-15,1951,N21,VIIRS,n,2.0NRT,296.64,5.13,N
22.28891,94.3996,306.97,0.49,0.49,2026-04-15,1951,N21,VIIRS,n,2.0NRT,294.37,1.12,N
22.29229,79.41554,309.36,0.56,0.52,2026-04-15,1951,N21,VIIRS,n,2.0NRT,296.73,2.23,N
22.29239,94.40139,305.47,0.49,0.49,2026-04-15,1951,N21,VIIRS,n,2.0NRT,293.67,1.54,N
22.29277,78.95424,325.69,0.61,0.53,2026-04-15,1951,N21,VIIRS,n,2.0NRT,294.33,4.03,N
22.29332,94.39682,310.67,0.49,0.49,2026-04-15,1951,N21,VIIRS,n,2.0NRT,294.58,1.54,N
22.2943,94.39552,307.24,0.49,0.49,2026-04-15,1951,N21,VIIRS,n,2.0NRT,293.91,1.5,N
22.2965,79.7506,305.59,0.54,0.51,2026-04-15,1951,N21,VIIRS,n,2.0NRT,291.61,1.37,N
22.30114,79.7512,308.62,0.54,0.51,2026-04-15,1951,N21,VIIRS,n,2.0NRT,291.27,2.21,N
22.30406,79.30788,309.93,0.57,0.52,2026-04-15,1951,N21,VIIRS,n,2.0NRT,296.08,2.77,N
22.30452,79.309,305.84,0.57,0.52,2026-04-15,1951,N21,VIIRS,n,2.0NRT,295.83,3.29,N
22.30767,79.45011,304.81,0.56,0.52,2026-04-15,1951,N21,VIIRS,n,2.0NRT,293.54,1.67,N
22.30966,79.44614,314.54,0.56,0.52,2026-04-15,1951,N21,VIIRS,n,2.0NRT,295.17,3.96,N
22.31159,79.47361,352.01,0.56,0.52,2026-04-15,1951,N21,VIIRS,n,2.0NRT,296.92,30.59,N
22.3144,79.58283,310.62,0.55,0.51,2026-04-15,1951,N21,VIIRS,n,2.0NRT,292.78,3.37,N
22.31452,82.51514,320.54,0.55,0.43,2026-04-15,1951,N21,VIIRS,n,2.0NRT,299.06,5.06,N
22.31563,79.15108,307.24,0.59,0.53,2026-04-15,1951,N21,VIIRS,n,2.0NRT,293.87,3.85,N
22.31575,82.53682,309.83,0.55,0.42,2026-04-15,1951,N21,VIIRS,n,2.0NRT,298.23,1.87,N
22.31618,79.74265,322.23,0.54,0.51,2026-04-15,1951,N21,VIIRS,n,2.0NRT,293.37,3.8,N
22.31631,79.15018,332.45,0.59,0.53,2026-04-15,1951,N21,VIIRS,n,2.0NRT,294.5,7.59,N
22.31677,81.85772,307.94,0.4,0.44,2026-04-15,1951,N21,VIIRS,n,2.0NRT,295.77,1.42,N
22.31964,82.53738,309.94,0.55,0.42,2026-04-15,1951,N21,VIIRS,n,2.0NRT,298.35,1.87,N
22.32027,94.33183,299.09,0.49,0.48,2026-04-15,1951,N21,VIIRS,n,2.0NRT,286.42,0.69,N
22.32046,79.15166,323.17,0.59,0.53,2026-04-15,1951,N21,VIIRS,n,2.0NRT,293.77,3.85,N
22.32082,81.85825,305.26,0.4,0.44,2026-04-15,1951,N21,VIIRS,n,2.0NRT,294.09,1.42,N
22.32221,79.64296,327.46,0.55,0.51,2026-04-15,1951,N21,VIIRS,n,2.0NRT,294.56,4.3,N
22.32279,79.63762,309.83,0.55,0.51,2026-04-15,1951,N21,VIIRS,n,2.0NRT,292.45,4.04,N
22.32308,79.72243,302.24,0.54,0.51,2026-04-15,1951,N21,VIIRS,n,2.0NRT,292.17,1.5,N
22.32364,79.7172,309.98,0.54,0.51,2026-04-15,1951,N21,VIIRS,n,2.0NRT,292.04,1.5,N
22.32689,79.64355,313.69,0.55,0.51,2026-04-15,1951,N21,VIIRS,n,2.0NRT,295.07,4.3,N
22.32746,79.63818,332.14,0.55,0.51,2026-04-15,1951,N21,VIIRS,n,2.0NRT,293.77,4.04,N
22.32846,81.86314,310.92,0.4,0.44,2026-04-15,1951,N21,VIIRS,n,2.0NRT,296.53,1.7,N
22.32894,81.85928,309.86,0.4,0.44,2026-04-15,1951,N21,VIIRS,n,2.0NRT,296.48,1.7,N
22.33039,82.60835,313.46,0.54,0.42,2026-04-15,1951,N21,VIIRS,n,2.0NRT,297.84,3.25,N
22.3312,82.57104,309.54,0.54,0.42,2026-04-15,1951,N21,VIIRS,n,2.0NRT,296.17,3.31,N
22.33562,81.8718,308.29,0.4,0.44,2026-04-15,1951,N21,VIIRS,n,2.0NRT,296.37,1.58,N
22.33609,81.86802,315.77,0.4,0.44,2026-04-15,1951,N21,VIIRS,n,2.0NRT,295.8,1.58,N
22.33625,79.64458,308.89,0.55,0.51,2026-04-15,1951,N21,VIIRS,n,2.0NRT,293.18,2.31,N
22.33918,81.87628,309.5,0.4,0.44,2026-04-15,1951,N21,VIIRS,n,2.0NRT,297.72,2.35,N
22.34035,79.65041,304.4,0.55,0.51,2026-04-15,1951,N21,VIIRS,n,2.0NRT,293.42,3,N
22.34093,79.64511,333.19,0.55,0.51,2026-04-15,1951,N21,VIIRS,n,2.0NRT,294.83,3,N
22.34274,81.88074,317.84,0.4,0.44,2026-04-15,1951,N21,VIIRS,n,2.0NRT,297.77,2.35,N
22.34348,81.88035,314.76,0.4,0.44,2026-04-15,1951,N21,VIIRS,n,2.0NRT,297.62,2.53,N
22.34393,81.87656,308.94,0.4,0.44,2026-04-15,1951,N21,VIIRS,n,2.0NRT,297.71,2.53,N
22.35042,79.73094,325.89,0.54,0.51,2026-04-15,1951,N21,VIIRS,n,2.0NRT,292.23,3.88,N
22.35098,79.7258,316.42,0.54,0.51,2026-04-15,1951,N21,VIIRS,n,2.0NRT,292.96,4.24,N
22.35625,87.28992,309.37,0.38,0.36,2026-04-15,1951,N21,VIIRS,n,2.0NRT,297.01,1.82,N
22.35708,82.3028,310.92,0.56,0.43,2026-04-15,1951,N21,VIIRS,n,2.0NRT,298.83,3.78,N
22.35954,87.2905,307.34,0.38,0.36,2026-04-15,1951,N21,VIIRS,n,2.0NRT,296.65,1.81,N
22.36043,87.01702,316.96,0.38,0.36,2026-04-15,1951,N21,VIIRS,n,2.0NRT,297.58,1.2,N
22.36102,82.30339,308.92,0.56,0.43,2026-04-15,1951,N21,VIIRS,n,2.0NRT,297.42,2.5,N
22.36372,87.01761,309.43,0.38,0.36,2026-04-15,1951,N21,VIIRS,n,2.0NRT,297.07,1.2,N
22.36439,87.30276,311.9,0.38,0.36,2026-04-15,1951,N21,VIIRS,n,2.0NRT,297.25,2.46,N
22.36451,93.80743,298.11,0.45,0.47,2026-04-15,1951,N21,VIIRS,n,2.0NRT,273.66,1.01,N
22.36497,87.29907,316.81,0.38,0.36,2026-04-15,1951,N21,VIIRS,n,2.0NRT,297.99,3.08,N
22.36702,87.01819,319.51,0.38,0.36,2026-04-15,1951,N21,VIIRS,n,2.0NRT,297.51,1.87,N
22.37828,87.27869,327.12,0.38,0.36,2026-04-15,1951,N21,VIIRS,n,2.0NRT,299.04,4.75,N
22.3813,79.57999,316.34,0.55,0.51,2026-04-15,1951,N21,VIIRS,n,2.0NRT,292.47,1.59,N
22.38132,79.53654,315.58,0.56,0.51,2026-04-15,1951,N21,VIIRS,n,2.0NRT,292.55,2.49,N
22.38189,79.57466,301.8,0.55,0.51,2026-04-15,1951,N21,VIIRS,n,2.0NRT,291.33,1.59,N
22.38247,79.56935,308.73,0.55,0.51,2026-04-15,1951,N21,VIIRS,n,2.0NRT,292.2,1.4,N
22.38348,79.53459,308.73,0.56,0.51,2026-04-15,1951,N21,VIIRS,n,2.0NRT,292.37,1.37,N
22.38376,79.57818,317.63,0.55,0.51,2026-04-15,1951,N21,VIIRS,n,2.0NRT,291.86,5.38,N
22.38431,79.57286,338.7,0.55,0.51,2026-04-15,1951,N21,VIIRS,n,2.0NRT,293.35,5.38,N
22.38486,79.56752,333.35,0.55,0.51,2026-04-15,1951,N21,VIIRS,n,2.0NRT,293.75,5.79,N
22.38599,73.11482,314.05,0.73,0.76,2026-04-15,1951,N21,VIIRS,n,2.0NRT,295.85,3.6,N
22.38659,79.57526,322.34,0.55,0.51,2026-04-15,1951,N21,VIIRS,n,2.0NRT,292.2,3.86,N
22.38717,79.56994,339.44,0.55,0.51,2026-04-15,1951,N21,VIIRS,n,2.0NRT,293.83,8.54,N
22.3905,79.82827,312.11,0.53,0.5,2026-04-15,1951,N21,VIIRS,n,2.0NRT,290.62,2.36,N
22.39616,94.3858,299.67,0.49,0.49,2026-04-15,1951,N21,VIIRS,n,2.0NRT,287,0.26,N
22.39653,79.61407,314.75,0.55,0.51,2026-04-15,1951,N21,VIIRS,n,2.0NRT,292.28,2.13,N
22.39676,94.38422,298.44,0.49,0.49,2026-04-15,1951,N21,VIIRS,n,2.0NRT,286.74,0.26,N
22.39921,79.6124,315.13,0.55,0.51,2026-04-15,1951,N21,VIIRS,n,2.0NRT,292.49,1.7,N
22.40557,93.24404,300.56,0.42,0.45,2026-04-15,1951,N21,VIIRS,n,2.0NRT,284.04,0.99,N
22.40619,79.85641,310.27,0.53,0.5,2026-04-15,1951,N21,VIIRS,n,2.0NRT,291.3,3.18,N
22.40641,93.24477,300.69,0.42,0.45,2026-04-15,1951,N21,VIIRS,n,2.0NRT,283.91,0.81,N
22.40774,79.97007,307.79,0.52,0.5,2026-04-15,1951,N21,VIIRS,n,2.0NRT,291.84,1.46,N
22.40937,79.78364,309.34,0.54,0.51,2026-04-15,1951,N21,VIIRS,n,2.0NRT,291.43,1.39,N
22.41024,79.86215,317.59,0.53,0.5,2026-04-15,1951,N21,VIIRS,n,2.0NRT,292.02,2.81,N
22.4108,79.85703,329.68,0.53,0.5,2026-04-15,1951,N21,VIIRS,n,2.0NRT,292.86,3.18,N
22.41135,79.85191,313.19,0.53,0.5,2026-04-15,1951,N21,VIIRS,n,2.0NRT,291.57,3.18,N
22.41177,79.80489,304.01,0.54,0.5,2026-04-15,1951,N21,VIIRS,n,2.0NRT,291.35,1.19,N
22.41631,79.63042,304.57,0.55,0.51,2026-04-15,1951,N21,VIIRS,n,2.0NRT,290.89,0.82,N
22.41913,77.57232,308.95,0.37,0.58,2026-04-15,1951,N21,VIIRS,n,2.0NRT,296.33,2.26,N
22.42099,79.63095,329.91,0.55,0.51,2026-04-15,1951,N21,VIIRS,n,2.0NRT,291.84,6.31,N
22.42156,79.62566,321.85,0.55,0.51,2026-04-15,1951,N21,VIIRS,n,2.0NRT,291.35,3.13,N
22.44123,82.20156,310.89,0.57,0.43,2026-04-15,1951,N21,VIIRS,n,2.0NRT,298.2,3.37,N
22.44509,81.33673,307.93,0.43,0.46,2026-04-15,1951,N21,VIIRS,n,2.0NRT,296.62,1.58,N
22.44892,94.41959,306.02,0.49,0.49,2026-04-15,1951,N21,VIIRS,n,2.0NRT,294.84,1.48,N
22.44925,81.33757,306.51,0.43,0.46,2026-04-15,1951,N21,VIIRS,n,2.0NRT,295.97,1.58,N
22.46807,93.77009,315.81,0.45,0.47,2026-04-15,1951,N21,VIIRS,n,2.0NRT,278.84,2.37,N
22.47943,93.75698,296.91,0.45,0.47,2026-04-15,1951,N21,VIIRS,n,2.0NRT,278.42,1.28,N
22.4813,80.2739,307.19,0.5,0.49,2026-04-15,1951,N21,VIIRS,n,2.0NRT,296.74,3.34,N
22.48176,79.46491,315.29,0.56,0.52,2026-04-15,1951,N21,VIIRS,n,2.0NRT,291.91,2.46,N
22.48432,94.31104,303.79,0.48,0.48,2026-04-15,1951,N21,VIIRS,n,2.0NRT,292.91,1.93,N
22.49225,93.73619,295.31,0.45,0.47,2026-04-15,1951,N21,VIIRS,n,2.0NRT,276.8,1,N
22.49396,79.68463,308.43,0.55,0.51,2026-04-15,1951,N21,VIIRS,n,2.0NRT,291.93,2.87,N
22.49527,79.68861,312.32,0.55,0.51,2026-04-15,1951,N21,VIIRS,n,2.0NRT,294.53,3.3,N
22.50177,96.2136,304.77,0.64,0.54,2026-04-15,1951,N21,VIIRS,n,2.0NRT,291.37,2.83,N
22.50316,80.20117,302.08,0.51,0.49,2026-04-15,1951,N21,VIIRS,n,2.0NRT,291.04,1,N
22.50638,96.21616,317.44,0.64,0.54,2026-04-15,1951,N21,VIIRS,n,2.0NRT,291.7,2.83,N
22.50939,93.84833,296.75,0.45,0.47,2026-04-15,1951,N21,VIIRS,n,2.0NRT,275.35,0.56,N
22.51566,82.84769,309.93,0.53,0.42,2026-04-15,1951,N21,VIIRS,n,2.0NRT,298.76,3.76,N
22.51609,82.18523,310.86,0.38,0.43,2026-04-15,1951,N21,VIIRS,n,2.0NRT,297.33,2.85,N
22.51851,82.18513,312.19,0.38,0.43,2026-04-15,1951,N21,VIIRS,n,2.0NRT,297.26,2.87,N
22.52018,82.84291,308.62,0.53,0.42,2026-04-15,1951,N21,VIIRS,n,2.0NRT,297.66,2.03,N
22.53558,91.70126,308.84,0.51,0.41,2026-04-15,1951,N21,VIIRS,n,2.0NRT,295.84,2.9,N
22.54012,81.58671,309.79,0.42,0.45,2026-04-15,1951,N21,VIIRS,n,2.0NRT,297.13,2.96,N
22.54061,81.58263,308.09,0.42,0.45,2026-04-15,1951,N21,VIIRS,n,2.0NRT,297.6,3.38,N
22.54112,77.34502,311.95,0.39,0.59,2026-04-15,1951,N21,VIIRS,n,2.0NRT,293.31,1.68,N
22.54307,93.879,311.49,0.45,0.47,2026-04-15,1951,N21,VIIRS,n,2.0NRT,284.75,1.65,N
22.55157,82.40855,308.69,0.56,0.43,2026-04-15,1951,N21,VIIRS,n,2.0NRT,298.18,3.46,N
22.55825,82.77822,316.46,0.53,0.42,2026-04-15,1951,N21,VIIRS,n,2.0NRT,297.64,3.71,N
22.56,82.77677,318.49,0.53,0.42,2026-04-15,1951,N21,VIIRS,n,2.0NRT,297.53,4,N
22.5601,82.40432,311.16,0.56,0.43,2026-04-15,1951,N21,VIIRS,n,2.0NRT,298.51,5.09,N
22.56148,94.33637,309.57,0.48,0.48,2026-04-15,1951,N21,VIIRS,n,2.0NRT,294.6,2.46,N
22.56298,82.64371,312.08,0.54,0.42,2026-04-15,1951,N21,VIIRS,n,2.0NRT,298.64,4.17,N
22.57258,85.89537,322.96,0.4,0.37,2026-04-15,1951,N21,VIIRS,n,2.0NRT,299.74,2.85,N
22.57314,85.89151,330.61,0.4,0.37,2026-04-15,1951,N21,VIIRS,n,2.0NRT,299.17,2.85,N
22.57408,94.38729,312.98,0.49,0.48,2026-04-15,1951,N21,VIIRS,n,2.0NRT,294.24,1.3,N
22.57495,94.38297,303.55,0.49,0.48,2026-04-15,1951,N21,VIIRS,n,2.0NRT,292.79,1.3,N
22.58121,94.3973,305.76,0.49,0.48,2026-04-15,1951,N21,VIIRS,n,2.0NRT,295.07,2.05,N
22.58222,78.14664,308.35,0.34,0.56,2026-04-15,1951,N21,VIIRS,n,2.0NRT,292.92,0.66,N
22.58341,79.93968,305.87,0.53,0.5,2026-04-15,1951,N21,VIIRS,n,2.0NRT,294.03,1.16,N
22.58484,94.33338,302.96,0.48,0.48,2026-04-15,1951,N21,VIIRS,n,2.0NRT,291.97,0.61,N
22.58823,85.9059,312.37,0.4,0.37,2026-04-15,1951,N21,VIIRS,n,2.0NRT,297.9,1.16,N
22.59159,85.90646,309.32,0.4,0.37,2026-04-15,1951,N21,VIIRS,n,2.0NRT,297.31,1.16,N
22.59291,76.48638,309.43,0.44,0.62,2026-04-15,1951,N21,VIIRS,n,2.0NRT,296.74,3.22,N
22.5947,76.4844,317.24,0.44,0.63,2026-04-15,1951,N21,VIIRS,n,2.0NRT,296.84,3.07,N
22.59786,82.52033,309.84,0.55,0.43,2026-04-15,1951,N21,VIIRS,n,2.0NRT,298.69,4.16,N
22.59872,93.75246,301.22,0.44,0.46,2026-04-15,1951,N21,VIIRS,n,2.0NRT,277.62,1.3,N
22.59888,94.33137,304.01,0.48,0.48,2026-04-15,1951,N21,VIIRS,n,2.0NRT,292.76,1.22,N
22.59895,76.95579,309,0.41,0.61,2026-04-15,1951,N21,VIIRS,n,2.0NRT,295.14,1.31,N
22.60178,76.453,317.06,0.44,0.63,2026-04-15,1951,N21,VIIRS,n,2.0NRT,296.94,2.96,N
22.60298,76.45517,312.14,0.44,0.63,2026-04-15,1951,N21,VIIRS,n,2.0NRT,296.42,2.99,N
22.60684,75.86272,309.79,0.49,0.65,2026-04-15,1951,N21,VIIRS,n,2.0NRT,295.38,2.62,N
22.61115,85.91372,311.41,0.4,0.37,2026-04-15,1951,N21,VIIRS,n,2.0NRT,297.37,1.95,N
22.62397,82.46976,316.5,0.56,0.43,2026-04-15,1951,N21,VIIRS,n,2.0NRT,299.93,6.03,N
22.62726,82.4754,312.05,0.56,0.43,2026-04-15,1951,N21,VIIRS,n,2.0NRT,299.51,4.14,N
22.63057,82.48091,310.84,0.56,0.43,2026-04-15,1951,N21,VIIRS,n,2.0NRT,299.59,4.5,N
22.64229,78.8171,308.38,0.62,0.54,2026-04-15,1951,N21,VIIRS,n,2.0NRT,296,3.3,N
22.66412,82.10712,310.55,0.39,0.44,2026-04-15,1951,N21,VIIRS,n,2.0NRT,295.82,1.49,N
22.66947,82.36082,309.46,0.56,0.43,2026-04-15,1951,N21,VIIRS,n,2.0NRT,299.4,4.66,N
22.6711,82.28262,308.72,0.57,0.43,2026-04-15,1951,N21,VIIRS,n,2.0NRT,298.23,4.21,N
22.67383,94.25568,310.01,0.48,0.48,2026-04-15,1951,N21,VIIRS,n,2.0NRT,294,1.6,N
22.7023,78.57423,318.01,0.32,0.55,2026-04-15,1951,N21,VIIRS,n,2.0NRT,298.65,2.69,N
22.70245,78.57668,315.95,0.32,0.55,2026-04-15,1951,N21,VIIRS,n,2.0NRT,297.95,2.64,N
22.70278,78.57355,308.45,0.32,0.55,2026-04-15,1951,N21,VIIRS,n,2.0NRT,297.81,2.95,N
22.70756,93.97649,305.25,0.46,0.47,2026-04-15,1951,N21,VIIRS,n,2.0NRT,289.71,1.7,N
22.71547,79.37158,334.31,0.58,0.52,2026-04-15,1951,N21,VIIRS,n,2.0NRT,293.68,5.97,N
22.72149,77.51555,306.56,0.38,0.59,2026-04-15,1951,N21,VIIRS,n,2.0NRT,294.16,1.22,N
22.72422,76.93002,306.93,0.41,0.61,2026-04-15,1951,N21,VIIRS,n,2.0NRT,296.27,2.37,N
22.72794,79.44374,308.35,0.57,0.52,2026-04-15,1951,N21,VIIRS,n,2.0NRT,296.6,3.2,N
22.7439,77.14265,306.76,0.4,0.6,2026-04-15,1951,N21,VIIRS,n,2.0NRT,295.97,2.19,N
22.74902,77.33333,313.63,0.39,0.59,2026-04-15,1951,N21,VIIRS,n,2.0NRT,293.82,2.82,N
22.74937,77.32951,310.54,0.39,0.59,2026-04-15,1951,N21,VIIRS,n,2.0NRT,293.44,2.66,N
22.75661,79.06069,306.28,0.6,0.53,2026-04-15,1951,N21,VIIRS,n,2.0NRT,296.18,2.9,N
22.75871,79.05834,307.34,0.6,0.53,2026-04-15,1951,N21,VIIRS,n,2.0NRT,296.44,3.17,N
22.78973,80.43305,305.31,0.49,0.49,2026-04-15,1951,N21,VIIRS,n,2.0NRT,294.53,1,N
22.79929,86.08993,309.83,0.4,0.37,2026-04-15,1951,N21,VIIRS,n,2.0NRT,297.32,3.67,N
22.80241,93.78703,304.66,0.44,0.46,2026-04-15,1951,N21,VIIRS,n,2.0NRT,290.15,1.78,N
22.8045,94.19561,307.71,0.47,0.48,2026-04-15,1951,N21,VIIRS,n,2.0NRT,296,1.74,N
22.80625,94.18687,304.97,0.47,0.48,2026-04-15,1951,N21,VIIRS,n,2.0NRT,294.74,1.24,N
22.81044,86.08399,310.21,0.4,0.37,2026-04-15,1951,N21,VIIRS,n,2.0NRT,296.85,2.94,N
22.81338,93.64194,309.75,0.43,0.46,2026-04-15,1951,N21,VIIRS,n,2.0NRT,289.33,1.11,N
22.81379,86.08456,308.6,0.4,0.37,2026-04-15,1951,N21,VIIRS,n,2.0NRT,296.45,3.24,N
22.81498,83.37391,304.44,0.5,0.41,2026-04-15,1951,N21,VIIRS,n,2.0NRT,294.16,1.8,N
22.8151,79.90605,314.31,0.53,0.5,2026-04-15,1951,N21,VIIRS,n,2.0NRT,295.06,3.02,N
22.82307,83.37007,307.1,0.5,0.41,2026-04-15,1951,N21,VIIRS,n,2.0NRT,294.47,2.46,N
22.82915,80.59861,306.83,0.48,0.48,2026-04-15,1951,N21,VIIRS,n,2.0NRT,294.2,2.08,N
22.84329,93.93446,307.11,0.45,0.47,2026-04-15,1951,N21,VIIRS,n,2.0NRT,283.87,1.38,N
22.8535,83.85579,304.65,0.47,0.4,2026-04-15,1951,N21,VIIRS,n,2.0NRT,294.35,1.06,N
22.86374,77.11221,312.3,0.41,0.6,2026-04-15,1951,N21,VIIRS,n,2.0NRT,297.11,1.9,N
22.87423,86.06259,314.85,0.4,0.37,2026-04-15,1951,N21,VIIRS,n,2.0NRT,297.57,3.3,N
22.87715,93.9643,310.55,0.45,0.47,2026-04-15,1951,N21,VIIRS,n,2.0NRT,291.09,1.97,N
22.88111,84.03838,306.31,0.47,0.39,2026-04-15,1951,N21,VIIRS,n,2.0NRT,294.83,1.97,N
22.88402,93.79564,303.44,0.44,0.46,2026-04-15,1951,N21,VIIRS,n,2.0NRT,291.04,1.27,N
22.89158,82.69848,308.66,0.54,0.42,2026-04-15,1951,N21,VIIRS,n,2.0NRT,298.14,2.62,N
22.89381,82.70232,308.36,0.54,0.42,2026-04-15,1951,N21,VIIRS,n,2.0NRT,297.42,2.49,N
22.89451,82.69691,310.8,0.54,0.42,2026-04-15,1951,N21,VIIRS,n,2.0NRT,297.69,3.6,N
22.89545,82.69913,314.14,0.54,0.42,2026-04-15,1951,N21,VIIRS,n,2.0NRT,297.85,4.48,N
22.90034,77.49669,306.81,0.38,0.59,2026-04-15,1951,N21,VIIRS,n,2.0NRT,295.96,2.19,N
22.90112,77.31324,314.57,0.39,0.6,2026-04-15,1951,N21,VIIRS,n,2.0NRT,295.69,2.98,N
22.90148,77.30937,311.74,0.39,0.6,2026-04-15,1951,N21,VIIRS,n,2.0NRT,295.03,3.06,N
22.90669,93.94872,300.22,0.45,0.47,2026-04-15,1951,N21,VIIRS,n,2.0NRT,279.08,0.72,N
22.90722,77.48187,306.97,0.38,0.59,2026-04-15,1951,N21,VIIRS,n,2.0NRT,296.13,3.01,N
22.90944,77.48354,307.66,0.38,0.59,2026-04-15,1951,N21,VIIRS,n,2.0NRT,295.96,2.69,N
22.91488,93.72742,305.9,0.44,0.46,2026-04-15,1951,N21,VIIRS,n,2.0NRT,292.74,1.76,N
22.91843,93.97536,301.75,0.45,0.47,2026-04-15,1951,N21,VIIRS,n,2.0NRT,285.82,0.83,N
22.91879,93.97726,302.95,0.45,0.47,2026-04-15,1951,N21,VIIRS,n,2.0NRT,286.18,0.9,N
22.92388,79.84605,330.86,0.54,0.51,2026-04-15,1951,N21,VIIRS,n,2.0NRT,293.13,5.59,N
22.92608,77.89153,317.83,0.36,0.57,2026-04-15,1951,N21,VIIRS,n,2.0NRT,292.14,1.85,N
22.92845,93.90454,296.76,0.45,0.47,2026-04-15,1951,N21,VIIRS,n,2.0NRT,277.13,0.7,N
22.93043,93.93765,297.48,0.45,0.47,2026-04-15,1951,N21,VIIRS,n,2.0NRT,278.26,1.11,N
22.93059,93.93908,297.75,0.45,0.47,2026-04-15,1951,N21,VIIRS,n,2.0NRT,278.41,0.67,N
22.93274,81.35668,304.36,0.43,0.46,2026-04-15,1951,N21,VIIRS,n,2.0NRT,293.28,1.8,N
22.93462,93.93874,296.3,0.45,0.47,2026-04-15,1951,N21,VIIRS,n,2.0NRT,276.84,0.44,N
22.93468,93.82699,300.16,0.44,0.46,2026-04-15,1951,N21,VIIRS,n,2.0NRT,279.94,0.9,N
22.93934,75.96196,306.95,0.48,0.65,2026-04-15,1951,N21,VIIRS,n,2.0NRT,292.49,0.79,N
22.94937,93.90901,297.53,0.45,0.47,2026-04-15,1951,N21,VIIRS,n,2.0NRT,275.87,0.71,N
22.95942,77.65165,316.16,0.37,0.58,2026-04-15,1951,N21,VIIRS,n,2.0NRT,291.17,0.96,N
22.96258,85.99855,308.36,0.4,0.37,2026-04-15,1951,N21,VIIRS,n,2.0NRT,296.68,3.31,N
22.96325,79.32581,306.02,0.58,0.52,2026-04-15,1951,N21,VIIRS,n,2.0NRT,291.86,3.73,N
22.9636,79.3244,335.92,0.58,0.52,2026-04-15,1951,N21,VIIRS,n,2.0NRT,292.55,5.08,N
22.96382,79.32014,330.1,0.58,0.52,2026-04-15,1951,N21,VIIRS,n,2.0NRT,292.62,3.73,N
22.97095,79.62483,303.64,0.56,0.51,2026-04-15,1951,N21,VIIRS,n,2.0NRT,293.16,1.82,N
22.97129,75.98149,309.43,0.48,0.65,2026-04-15,1951,N21,VIIRS,n,2.0NRT,292.48,1.49,N
22.97451,78.16812,304.97,0.35,0.56,2026-04-15,1951,N21,VIIRS,n,2.0NRT,292.39,0.56,N
22.97742,79.87359,305.4,0.54,0.51,2026-04-15,1951,N21,VIIRS,n,2.0NRT,293.09,1.55,N
22.9891,76.19675,307.86,0.47,0.64,2026-04-15,1951,N21,VIIRS,n,2.0NRT,294.42,2.12,N
23.00594,76.20744,310.1,0.47,0.64,2026-04-15,1951,N21,VIIRS,n,2.0NRT,295.04,2.31,N
23.00632,76.203,312.29,0.47,0.64,2026-04-15,1951,N21,VIIRS,n,2.0NRT,294.98,2.7,N
23.01474,78.44971,305.75,0.33,0.55,2026-04-15,1951,N21,VIIRS,n,2.0NRT,292.59,0.58,N
23.01534,79.81316,315.81,0.54,0.51,2026-04-15,1951,N21,VIIRS,n,2.0NRT,297.56,4.29,N
23.01683,79.81545,313.65,0.54,0.51,2026-04-15,1951,N21,VIIRS,n,2.0NRT,297.27,3.83,N
23.02523,77.55767,302.32,0.38,0.59,2026-04-15,1951,N21,VIIRS,n,2.0NRT,290.33,0.38,N
23.02807,77.55845,301.18,0.38,0.59,2026-04-15,1951,N21,VIIRS,n,2.0NRT,290.36,0.49,N
23.02934,77.63258,311.78,0.38,0.58,2026-04-15,1951,N21,VIIRS,n,2.0NRT,290.83,2.11,N
23.0355,76.41283,305.35,0.45,0.63,2026-04-15,1951,N21,VIIRS,n,2.0NRT,293.08,1.03,N
23.03587,76.40839,304.76,0.45,0.63,2026-04-15,1951,N21,VIIRS,n,2.0NRT,292.62,1.03,N
23.04593,76.14304,306.01,0.47,0.64,2026-04-15,1951,N21,VIIRS,n,2.0NRT,293.31,0.8,N
23.04712,76.14313,306.2,0.47,0.64,2026-04-15,1951,N21,VIIRS,n,2.0NRT,293.42,0.77,N
23.04796,80.99596,304.18,0.46,0.47,2026-04-15,1951,N21,VIIRS,n,2.0NRT,294.15,2.46,N
23.05529,77.089,306.56,0.41,0.61,2026-04-15,1951,N21,VIIRS,n,2.0NRT,294.4,1.32,N
23.0556,77.52347,309.53,0.38,0.59,2026-04-15,1951,N21,VIIRS,n,2.0NRT,291.61,1.1,N
23.05662,77.51229,300.54,0.38,0.59,2026-04-15,1951,N21,VIIRS,n,2.0NRT,290.45,0.76,N
23.06181,78.31674,301.63,0.34,0.56,2026-04-15,1951,N21,VIIRS,n,2.0NRT,291.57,0.74,N
23.06212,78.31343,305.92,0.34,0.56,2026-04-15,1951,N21,VIIRS,n,2.0NRT,291.77,0.74,N
23.06231,77.80067,303.63,0.37,0.58,2026-04-15,1951,N21,VIIRS,n,2.0NRT,292.78,0.65,N
23.06244,78.31013,308.6,0.34,0.56,2026-04-15,1951,N21,VIIRS,n,2.0NRT,291.35,0.94,N
23.06717,77.45665,367,0.39,0.59,2026-04-15,1951,N21,VIIRS,h,2.0NRT,298.02,11.38,N
23.06751,77.45289,340.6,0.39,0.59,2026-04-15,1951,N21,VIIRS,n,2.0NRT,294.78,11.38,N
23.06785,77.44913,332.02,0.39,0.59,2026-04-15,1951,N21,VIIRS,n,2.0NRT,294.02,6.36,N
23.06883,77.49844,314.2,0.38,0.59,2026-04-15,1951,N21,VIIRS,n,2.0NRT,291.71,1.5,N
23.07439,77.61513,314.5,0.38,0.59,2026-04-15,1951,N21,VIIRS,n,2.0NRT,291.21,1.06,N
23.07473,77.61143,303.96,0.38,0.59,2026-04-15,1951,N21,VIIRS,n,2.0NRT,290.75,1.06,N
23.08046,77.60833,305.15,0.38,0.59,2026-04-15,1951,N21,VIIRS,n,2.0NRT,291.04,2.14,N
23.08081,77.60461,325.47,0.38,0.59,2026-04-15,1951,N21,VIIRS,n,2.0NRT,291.98,2.14,N
23.09423,79.86991,305.92,0.54,0.51,2026-04-15,1951,N21,VIIRS,n,2.0NRT,293.09,1,N
23.10227,81.41679,328.8,0.43,0.46,2026-04-15,1951,N21,VIIRS,n,2.0NRT,292.83,4.39,N
23.10374,81.4042,316.37,0.43,0.46,2026-04-15,1951,N21,VIIRS,n,2.0NRT,292.83,2.01,N
23.1047,83.98531,304.57,0.47,0.4,2026-04-15,1951,N21,VIIRS,n,2.0NRT,293.2,1.88,N
23.10533,75.7037,310.13,0.5,0.66,2026-04-15,1951,N21,VIIRS,n,2.0NRT,293.4,2.13,N
23.10573,75.69875,304.19,0.5,0.66,2026-04-15,1951,N21,VIIRS,n,2.0NRT,292.58,2.96,N
23.10599,81.42152,309.58,0.43,0.46,2026-04-15,1951,N21,VIIRS,n,2.0NRT,292.55,1.1,N
23.10617,81.04289,305.15,0.46,0.47,2026-04-15,1951,N21,VIIRS,n,2.0NRT,294.58,0.98,N
23.10648,81.41732,339.45,0.43,0.46,2026-04-15,1951,N21,VIIRS,n,2.0NRT,294.1,6.94,N
23.1102,81.42205,303.63,0.43,0.46,2026-04-15,1951,N21,VIIRS,n,2.0NRT,291.78,1.1,N
23.11139,75.70424,311.79,0.5,0.66,2026-04-15,1951,N21,VIIRS,n,2.0NRT,293.46,2.13,N
23.11197,83.70357,304.08,0.49,0.4,2026-04-15,1951,N21,VIIRS,n,2.0NRT,293.58,0.96,N
23.11779,78.53724,311.69,0.33,0.55,2026-04-15,1951,N21,VIIRS,n,2.0NRT,294.48,1.28,N
23.1187,83.88,305.6,0.48,0.4,2026-04-15,1951,N21,VIIRS,n,2.0NRT,290.9,0.92,N
23.11993,83.87071,308.27,0.48,0.4,2026-04-15,1951,N21,VIIRS,n,2.0NRT,291.74,1.45,N
23.12055,81.92616,302.95,0.4,0.44,2026-04-15,1951,N21,VIIRS,n,2.0NRT,292.71,0.65,N
23.14169,78.24538,304.81,0.34,0.56,2026-04-15,1951,N21,VIIRS,n,2.0NRT,292.39,0.97,N
23.14321,77.29958,307.07,0.4,0.6,2026-04-15,1951,N21,VIIRS,n,2.0NRT,293.22,1.03,N
23.14502,77.38857,324.19,0.39,0.59,2026-04-15,1951,N21,VIIRS,n,2.0NRT,294.13,3.23,N
23.14618,77.39193,304.81,0.39,0.59,2026-04-15,1951,N21,VIIRS,n,2.0NRT,293.4,2.33,N
23.14652,77.38813,320.11,0.39,0.59,2026-04-15,1951,N21,VIIRS,n,2.0NRT,293.99,3.37,N
23.1478,77.30073,307.72,0.4,0.6,2026-04-15,1951,N21,VIIRS,n,2.0NRT,292.81,0.8,N
23.15176,83.7713,302.06,0.48,0.4,2026-04-15,1951,N21,VIIRS,n,2.0NRT,291.16,0.42,N
23.15791,75.75429,303.74,0.5,0.66,2026-04-15,1951,N21,VIIRS,n,2.0NRT,293.09,0.6,N
23.16175,77.21152,309.63,0.4,0.6,2026-04-15,1951,N21,VIIRS,n,2.0NRT,292.77,1.39,N
23.16205,77.21076,307.22,0.4,0.6,2026-04-15,1951,N21,VIIRS,n,2.0NRT,292.81,1.24,N
23.16255,82.33982,308.59,0.38,0.43,2026-04-15,1951,N21,VIIRS,n,2.0NRT,297.83,1.86,N
23.16298,82.3362,310.57,0.38,0.43,2026-04-15,1951,N21,VIIRS,n,2.0NRT,298.16,1.86,N
23.16464,77.49299,304.11,0.39,0.59,2026-04-15,1951,N21,VIIRS,n,2.0NRT,292.06,1.37,N
23.16469,77.1803,305.46,0.4,0.6,2026-04-15,1951,N21,VIIRS,n,2.0NRT,292.91,2.32,N
23.16476,77.17948,306.27,0.4,0.6,2026-04-15,1951,N21,VIIRS,n,2.0NRT,293.12,0.88,N
23.16596,82.3451,308.61,0.57,0.43,2026-04-15,1951,N21,VIIRS,n,2.0NRT,296.86,3.02,N
23.16651,82.34048,322.24,0.38,0.43,2026-04-15,1951,N21,VIIRS,n,2.0NRT,297.67,1.86,N
23.16985,77.18479,330.71,0.4,0.6,2026-04-15,1951,N21,VIIRS,n,2.0NRT,294.02,4.01,N
23.16996,77.18401,325.96,0.4,0.6,2026-04-15,1951,N21,VIIRS,n,2.0NRT,293.61,3.64,N
23.17006,77.49357,310.85,0.39,0.59,2026-04-15,1951,N21,VIIRS,n,2.0NRT,291.99,1.37,N
23.17036,77.55024,307.4,0.38,0.59,2026-04-15,1951,N21,VIIRS,n,2.0NRT,291.86,1.96,N
23.17041,77.48982,303.59,0.39,0.59,2026-04-15,1951,N21,VIIRS,n,2.0NRT,292.62,1.57,N
23.17241,78.25193,307.48,0.34,0.56,2026-04-15,1951,N21,VIIRS,n,2.0NRT,292.06,1.05,N
23.174,78.25418,304.98,0.34,0.56,2026-04-15,1951,N21,VIIRS,n,2.0NRT,291.63,0.82,N
23.17509,77.55819,313.68,0.38,0.59,2026-04-15,1951,N21,VIIRS,n,2.0NRT,291.58,1.93,N
23.17543,77.55449,309.51,0.38,0.59,2026-04-15,1951,N21,VIIRS,n,2.0NRT,291.75,1.93,N
23.18182,84.37897,307.09,0.45,0.39,2026-04-15,1951,N21,VIIRS,n,2.0NRT,295.47,1.77,N
23.18187,77.5439,307.49,0.38,0.59,2026-04-15,1951,N21,VIIRS,n,2.0NRT,291.14,0.73,N
23.18362,83.75687,301.27,0.48,0.4,2026-04-15,1951,N21,VIIRS,n,2.0NRT,290.94,0.38,N
23.18523,77.07276,311.02,0.41,0.61,2026-04-15,1951,N21,VIIRS,n,2.0NRT,293.4,1.13,N
23.18624,85.10329,306.29,0.42,0.38,2026-04-15,1951,N21,VIIRS,n,2.0NRT,293.96,0.68,N
23.18631,82.41029,316.44,0.57,0.43,2026-04-15,1951,N21,VIIRS,n,2.0NRT,298.53,4.85,N
23.18654,77.24892,307.21,0.4,0.6,2026-04-15,1951,N21,VIIRS,n,2.0NRT,292.38,1.59,N
23.18729,77.54442,301.65,0.38,0.59,2026-04-15,1951,N21,VIIRS,n,2.0NRT,290.75,0.73,N
23.19258,77.6048,305.02,0.38,0.59,2026-04-15,1951,N21,VIIRS,n,2.0NRT,291.49,1.14,N
23.19623,77.62381,303.82,0.38,0.59,2026-04-15,1951,N21,VIIRS,n,2.0NRT,290.08,1,N
23.20313,76.43979,322.78,0.45,0.63,2026-04-15,1951,N21,VIIRS,n,2.0NRT,292.54,2.26,N
23.21036,75.78356,306.81,0.5,0.66,2026-04-15,1951,N21,VIIRS,n,2.0NRT,292.68,2.29,N
23.21448,78.63471,306.03,0.33,0.55,2026-04-15,1951,N21,VIIRS,n,2.0NRT,292.91,1,N
23.21513,78.62826,302.11,0.33,0.55,2026-04-15,1951,N21,VIIRS,n,2.0NRT,292.09,1.22,N
23.2185,76.52998,306.43,0.45,0.63,2026-04-15,1951,N21,VIIRS,n,2.0NRT,292.93,1.13,N
23.21948,76.53274,315.28,0.45,0.63,2026-04-15,1951,N21,VIIRS,n,2.0NRT,293.28,1.35,N
23.21984,76.52841,307.13,0.45,0.63,2026-04-15,1951,N21,VIIRS,n,2.0NRT,293,1.35,N
23.2214,77.64497,305.53,0.38,0.59,2026-04-15,1951,N21,VIIRS,n,2.0NRT,290.81,0.81,N
23.22246,77.63394,304.44,0.38,0.59,2026-04-15,1951,N21,VIIRS,n,2.0NRT,289.83,0.58,N
23.22427,76.53054,308.71,0.45,0.63,2026-04-15,1951,N21,VIIRS,n,2.0NRT,293.3,2.09,N
23.22544,77.63211,304.63,0.38,0.59,2026-04-15,1951,N21,VIIRS,n,2.0NRT,290.05,0.99,N
23.23492,75.55171,308.09,0.52,0.67,2026-04-15,1951,N21,VIIRS,n,2.0NRT,292.94,3.34,N
23.24671,77.75626,302.86,0.37,0.58,2026-04-15,1951,N21,VIIRS,n,2.0NRT,290.01,0.32,N
23.25214,75.33173,304.25,0.53,0.67,2026-04-15,1951,N21,VIIRS,n,2.0NRT,292.45,0.97,N
23.2583,85.38525,306.83,0.42,0.37,2026-04-15,1951,N21,VIIRS,n,2.0NRT,293.91,0.87,N
23.25842,75.81949,307.93,0.5,0.66,2026-04-15,1951,N21,VIIRS,n,2.0NRT,292.96,1.26,N
23.26223,75.81779,304.69,0.5,0.66,2026-04-15,1951,N21,VIIRS,n,2.0NRT,292.88,1.03,N
23.27191,78.26879,307.61,0.34,0.56,2026-04-15,1951,N21,VIIRS,n,2.0NRT,292.83,1.26,N
23.27386,78.26896,307.89,0.34,0.56,2026-04-15,1951,N21,VIIRS,n,2.0NRT,292.86,1.34,N
23.27662,77.30244,311.33,0.4,0.6,2026-04-15,1951,N21,VIIRS,n,2.0NRT,292.36,3.99,N
23.27696,77.29857,337.44,0.4,0.6,2026-04-15,1951,N21,VIIRS,n,2.0NRT,293.63,3.99,N
23.2773,77.29472,322.4,0.4,0.6,2026-04-15,1951,N21,VIIRS,n,2.0NRT,293.15,4.29,N
23.2812,77.84776,303.48,0.37,0.58,2026-04-15,1951,N21,VIIRS,n,2.0NRT,293.21,0.39,N
23.29182,78.77485,306.51,0.32,0.55,2026-04-15,1951,N21,VIIRS,n,2.0NRT,294.95,0.78,N
23.30296,77.12995,304.41,0.41,0.61,2026-04-15,1951,N21,VIIRS,n,2.0NRT,292.63,0.84,N
23.30574,78.42646,311.97,0.34,0.56,2026-04-15,1951,N21,VIIRS,n,2.0NRT,292.42,1.05,N
23.30946,77.82065,305.73,0.37,0.58,2026-04-15,1951,N21,VIIRS,n,2.0NRT,290.5,0.81,N
23.3106,77.82139,300.76,0.37,0.58,2026-04-15,1951,N21,VIIRS,n,2.0NRT,290.37,0.56,N
23.31095,77.81779,307.73,0.37,0.58,2026-04-15,1951,N21,VIIRS,n,2.0NRT,292.84,1.4,N
23.31463,76.72864,310.52,0.43,0.62,2026-04-15,1951,N21,VIIRS,n,2.0NRT,293.24,1.53,N
23.31593,77.82191,302,0.37,0.58,2026-04-15,1951,N21,VIIRS,n,2.0NRT,290.62,0.44,N
23.31783,76.73244,307.04,0.43,0.62,2026-04-15,1951,N21,VIIRS,n,2.0NRT,293.44,1.55,N
23.31822,76.72823,313.81,0.43,0.62,2026-04-15,1951,N21,VIIRS,n,2.0NRT,293.44,1.55,N
23.3191,79.77129,307.8,0.55,0.51,2026-04-15,1951,N21,VIIRS,n,2.0NRT,291.86,1.52,N
23.32012,77.82172,303.16,0.37,0.58,2026-04-15,1951,N21,VIIRS,n,2.0NRT,290.29,0.57,N
23.32034,76.72917,308.24,0.43,0.62,2026-04-15,1951,N21,VIIRS,n,2.0NRT,293.37,1.53,N
23.32173,79.769,305.04,0.55,0.51,2026-04-15,1951,N21,VIIRS,n,2.0NRT,291.82,1.03,N
23.32507,77.1963,319.99,0.41,0.6,2026-04-15,1951,N21,VIIRS,n,2.0NRT,290.7,2.92,N
23.32615,77.3073,341.34,0.4,0.6,2026-04-15,1951,N21,VIIRS,n,2.0NRT,294.7,3.37,N
23.32651,77.30344,307.59,0.4,0.6,2026-04-15,1951,N21,VIIRS,n,2.0NRT,293.23,3.37,N
23.33297,78.0307,339.16,0.36,0.57,2026-04-15,1951,N21,VIIRS,n,2.0NRT,292.84,5.63,N
23.33329,78.0272,317.67,0.36,0.57,2026-04-15,1951,N21,VIIRS,n,2.0NRT,291.76,3.83,N
23.33737,83.86269,306.38,0.48,0.4,2026-04-15,1951,N21,VIIRS,n,2.0NRT,295.04,1.48,N
23.33855,78.02776,318.41,0.36,0.57,2026-04-15,1951,N21,VIIRS,n,2.0NRT,291.03,1.56,N
23.3393,77.28517,316.61,0.4,0.6,2026-04-15,1951,N21,VIIRS,n,2.0NRT,292.94,1.99,N
23.33965,77.2813,318.42,0.4,0.6,2026-04-15,1951,N21,VIIRS,n,2.0NRT,292.78,1.99,N
23.34007,75.9338,303.03,0.49,0.65,2026-04-15,1951,N21,VIIRS,n,2.0NRT,292.99,0.81,N
23.34171,77.37891,314.54,0.39,0.6,2026-04-15,1951,N21,VIIRS,n,2.0NRT,291.25,1.69,N
23.34218,76.87544,305.1,0.43,0.62,2026-04-15,1951,N21,VIIRS,n,2.0NRT,294.75,1.3,N
23.34487,75.57322,303.2,0.52,0.67,2026-04-15,1951,N21,VIIRS,n,2.0NRT,292.55,0.9,N
23.34945,78.19059,309.32,0.35,0.57,2026-04-15,1951,N21,VIIRS,n,2.0NRT,292.56,1.09,N
23.34957,79.57764,308.25,0.57,0.52,2026-04-15,1951,N21,VIIRS,n,2.0NRT,296.1,3.52,N
23.35306,84.11536,304.04,0.47,0.4,2026-04-15,1951,N21,VIIRS,n,2.0NRT,293.43,0.75,N
23.35792,78.04743,308.12,0.36,0.57,2026-04-15,1951,N21,VIIRS,n,2.0NRT,290.36,1.28,N
23.36317,78.04801,313.75,0.36,0.57,2026-04-15,1951,N21,VIIRS,n,2.0NRT,291.32,1.28,N
23.36385,78.04101,323.74,0.36,0.57,2026-04-15,1951,N21,VIIRS,n,2.0NRT,291.5,2.98,N
23.37101,84.52734,309.24,0.45,0.39,2026-04-15,1951,N21,VIIRS,n,2.0NRT,295.08,1.48,N
23.38116,79.09238,305.87,0.61,0.53,2026-04-15,1951,N21,VIIRS,n,2.0NRT,292.78,1.58,N
23.38306,77.17424,305.02,0.41,0.6,2026-04-15,1951,N21,VIIRS,n,2.0NRT,292.85,1.11,N
23.38401,84.51163,304.51,0.45,0.39,2026-04-15,1951,N21,VIIRS,n,2.0NRT,294.3,0.89,N
23.38753,77.90489,304.63,0.36,0.58,2026-04-15,1951,N21,VIIRS,n,2.0NRT,290.85,1.26,N
23.38772,75.57687,302.58,0.52,0.67,2026-04-15,1951,N21,VIIRS,n,2.0NRT,292.37,0.83,N
23.38787,77.90134,325.21,0.36,0.58,2026-04-15,1951,N21,VIIRS,n,2.0NRT,291.65,1.26,N
23.39304,75.42795,304.16,0.53,0.67,2026-04-15,1951,N21,VIIRS,n,2.0NRT,292.24,1.5,N
23.3991,77.36813,306.36,0.4,0.6,2026-04-15,1951,N21,VIIRS,n,2.0NRT,292.85,1.15,N
23.40531,84.54108,305.94,0.45,0.39,2026-04-15,1951,N21,VIIRS,n,2.0NRT,295.6,1.82,N
23.40735,75.8819,304.24,0.49,0.65,2026-04-15,1951,N21,VIIRS,n,2.0NRT,293.28,1.35,N
23.40769,78.14188,308.21,0.35,0.57,2026-04-15,1951,N21,VIIRS,n,2.0NRT,291.98,0.68,N
23.41383,78.30031,327.99,0.34,0.56,2026-04-15,1951,N21,VIIRS,n,2.0NRT,291.96,2.68,N
23.41415,78.29697,316.78,0.34,0.56,2026-04-15,1951,N21,VIIRS,n,2.0NRT,291.71,2.68,N
23.41939,77.32748,309.49,0.4,0.6,2026-04-15,1951,N21,VIIRS,n,2.0NRT,292.83,1.03,N
23.42009,77.31976,304.51,0.4,0.6,2026-04-15,1951,N21,VIIRS,n,2.0NRT,293.36,1.61,N
23.42093,76.01266,314.52,0.48,0.65,2026-04-15,1951,N21,VIIRS,n,2.0NRT,292.06,2.39,N
23.42503,78.55876,302.35,0.33,0.55,2026-04-15,1951,N21,VIIRS,n,2.0NRT,291.03,0.52,N
23.42551,85.5882,305.86,0.41,0.37,2026-04-15,1951,N21,VIIRS,n,2.0NRT,294.99,0.92,N
23.43062,85.60123,305.13,0.41,0.37,2026-04-15,1951,N21,VIIRS,n,2.0NRT,293.77,0.84,N
23.43444,75.61581,320.55,0.51,0.66,2026-04-15,1951,N21,VIIRS,n,2.0NRT,292.04,2.55,N
23.43626,77.44524,306.25,0.39,0.59,2026-04-15,1951,N21,VIIRS,n,2.0NRT,291.32,0.76,N
23.43739,77.93531,309.04,0.36,0.58,2026-04-15,1951,N21,VIIRS,n,2.0NRT,290.95,2.36,N
23.43771,77.93176,331.83,0.36,0.58,2026-04-15,1951,N21,VIIRS,n,2.0NRT,291.88,2.89,N
23.43804,77.92822,317.21,0.36,0.58,2026-04-15,1951,N21,VIIRS,n,2.0NRT,291.4,2.89,N
23.44202,76.6784,303.91,0.44,0.62,2026-04-15,1951,N21,VIIRS,n,2.0NRT,292.77,0.61,N
23.44268,77.93585,312.54,0.36,0.58,2026-04-15,1951,N21,VIIRS,n,2.0NRT,291.05,3.53,N
23.44301,77.9323,334.21,0.36,0.58,2026-04-15,1951,N21,VIIRS,n,2.0NRT,291.44,4.81,N
23.44361,75.16689,306.14,0.55,0.68,2026-04-15,1951,N21,VIIRS,n,2.0NRT,291.74,1.31,N
23.4458,75.16814,308.76,0.55,0.68,2026-04-15,1951,N21,VIIRS,n,2.0NRT,291.9,1.45,N
23.44592,76.27323,307.8,0.47,0.64,2026-04-15,1951,N21,VIIRS,n,2.0NRT,292.24,1.14,N
23.44649,76.276,305.32,0.47,0.64,2026-04-15,1951,N21,VIIRS,n,2.0NRT,292.56,1.26,N
23.44775,76.67896,309.19,0.44,0.62,2026-04-15,1951,N21,VIIRS,n,2.0NRT,292.79,1.02,N
23.44949,78.14644,301.05,0.35,0.57,2026-04-15,1951,N21,VIIRS,n,2.0NRT,291,0.41,N
23.4516,77.89728,318.17,0.37,0.58,2026-04-15,1951,N21,VIIRS,n,2.0NRT,292.2,1.92,N
23.45444,77.06207,304.99,0.41,0.61,2026-04-15,1951,N21,VIIRS,n,2.0NRT,292.29,0.7,N
23.45691,77.89783,310.45,0.37,0.58,2026-04-15,1951,N21,VIIRS,n,2.0NRT,291.49,1.49,N
23.45717,78.28463,307.23,0.35,0.56,2026-04-15,1951,N21,VIIRS,n,2.0NRT,291.1,0.88,N
23.45799,78.68384,308.22,0.33,0.55,2026-04-15,1951,N21,VIIRS,n,2.0NRT,293.58,0.89,N
23.46453,77.93099,320.45,0.36,0.58,2026-04-15,1951,N21,VIIRS,n,2.0NRT,291.37,2.06,N
23.46486,77.92744,302.65,0.36,0.58,2026-04-15,1951,N21,VIIRS,n,2.0NRT,291.4,1.85,N
23.46738,77.16015,306.23,0.41,0.61,2026-04-15,1951,N21,VIIRS,n,2.0NRT,292.62,0.78,N
23.47453,80.4937,307.18,0.5,0.49,2026-04-15,1951,N21,VIIRS,n,2.0NRT,296.02,2.64,N
23.47667,80.49184,310.51,0.5,0.49,2026-04-15,1951,N21,VIIRS,n,2.0NRT,296,2.92,N
23.47781,77.42622,306.37,0.39,0.6,2026-04-15,1951,N21,VIIRS,n,2.0NRT,293.26,1.37,N
23.47901,80.49434,311.39,0.5,0.49,2026-04-15,1951,N21,VIIRS,n,2.0NRT,296.56,3.41,N
23.48275,78.29068,300.85,0.35,0.56,2026-04-15,1951,N21,VIIRS,n,2.0NRT,289.98,0.58,N
23.48454,77.83192,316.74,0.37,0.58,2026-04-15,1951,N21,VIIRS,n,2.0NRT,291.75,1.32,N
23.48472,78.28922,308.89,0.35,0.56,2026-04-15,1951,N21,VIIRS,n,2.0NRT,290.49,0.93,N
23.48767,78.07949,312.75,0.36,0.57,2026-04-15,1951,N21,VIIRS,n,2.0NRT,291.49,1.73,N
23.4891,80.39944,301.81,0.51,0.49,2026-04-15,1951,N21,VIIRS,n,2.0NRT,291.14,0.94,N
23.4892,77.83974,303.38,0.37,0.58,2026-04-15,1951,N21,VIIRS,n,2.0NRT,292,0.88,N
23.48954,77.83612,304.07,0.37,0.58,2026-04-15,1951,N21,VIIRS,n,2.0NRT,291.83,1.32,N
23.49133,77.02914,314.21,0.42,0.61,2026-04-15,1951,N21,VIIRS,n,2.0NRT,293,1.26,N
23.49385,77.84748,305.73,0.37,0.58,2026-04-15,1951,N21,VIIRS,n,2.0NRT,291.6,0.91,N
23.49419,77.84389,303.18,0.37,0.58,2026-04-15,1951,N21,VIIRS,n,2.0NRT,291.21,1.05,N
23.49539,77.02861,327.06,0.42,0.61,2026-04-15,1951,N21,VIIRS,n,2.0NRT,293.31,3.91,N
23.49693,77.02971,319.84,0.42,0.61,2026-04-15,1951,N21,VIIRS,n,2.0NRT,292.97,2.23,N
23.50565,84.22533,306.23,0.46,0.39,2026-04-15,1951,N21,VIIRS,n,2.0NRT,295.65,1.84,N
23.50668,77.15998,312.98,0.41,0.61,2026-04-15,1951,N21,VIIRS,n,2.0NRT,292.95,2.1,N
23.50702,77.15598,309.22,0.41,0.61,2026-04-15,1951,N21,VIIRS,n,2.0NRT,292.4,2.11,N
23.51225,77.16051,323.38,0.41,0.61,2026-04-15,1951,N21,VIIRS,n,2.0NRT,293.12,3.55,N
23.51337,84.24983,311.1,0.46,0.39,2026-04-15,1951,N21,VIIRS,n,2.0NRT,294.57,1.42,N
23.51396,77.20496,304.46,0.41,0.6,2026-04-15,1951,N21,VIIRS,n,2.0NRT,291.96,0.83,N
23.51655,76.70578,307.93,0.44,0.62,2026-04-15,1951,N21,VIIRS,n,2.0NRT,292.8,1.15,N
23.51732,75.90262,303.49,0.49,0.65,2026-04-15,1951,N21,VIIRS,n,2.0NRT,291.53,1.1,N
23.51875,76.74916,303.04,0.44,0.62,2026-04-15,1951,N21,VIIRS,n,2.0NRT,292.52,0.53,N
23.52223,76.75079,308.3,0.43,0.62,2026-04-15,1951,N21,VIIRS,n,2.0NRT,293.25,1.15,N
23.5227,84.15296,306.12,0.47,0.39,2026-04-15,1951,N21,VIIRS,n,2.0NRT,295.69,2.46,N
23.52333,75.90314,304.31,0.49,0.65,2026-04-15,1951,N21,VIIRS,n,2.0NRT,291.39,0.83,N
23.52642,78.81484,302.38,0.32,0.55,2026-04-15,1951,N21,VIIRS,n,2.0NRT,291.85,0.56,N
23.52682,77.67005,303.74,0.38,0.59,2026-04-15,1951,N21,VIIRS,n,2.0NRT,290.24,1.07,N
23.52735,79.69108,304.27,0.56,0.52,2026-04-15,1951,N21,VIIRS,n,2.0NRT,294.1,1.41,N
23.52765,76.98255,303.76,0.42,0.61,2026-04-15,1951,N21,VIIRS,n,2.0NRT,293.31,0.49,N
23.53004,84.07022,306.78,0.47,0.4,2026-04-15,1951,N21,VIIRS,n,2.0NRT,296.02,1.83,N
23.53105,77.32635,319.68,0.4,0.6,2026-04-15,1951,N21,VIIRS,n,2.0NRT,292.81,2.62,N
23.53267,79.68613,305.57,0.56,0.52,2026-04-15,1951,N21,VIIRS,n,2.0NRT,293.9,1.13,N
23.53989,84.21666,310.28,0.46,0.39,2026-04-15,1951,N21,VIIRS,n,2.0NRT,296.67,2.56,N
23.54202,78.0691,305.47,0.36,0.57,2026-04-15,1951,N21,VIIRS,n,2.0NRT,291.19,0.73,N
23.54235,78.06559,307.05,0.36,0.57,2026-04-15,1951,N21,VIIRS,n,2.0NRT,291.01,1.41,N
23.54315,84.16535,305.39,0.47,0.39,2026-04-15,1951,N21,VIIRS,n,2.0NRT,295.16,2.02,N
23.54723,76.82041,303.17,0.43,0.62,2026-04-15,1951,N21,VIIRS,n,2.0NRT,292.46,0.74,N
23.54738,75.90523,305.76,0.49,0.65,2026-04-15,1951,N21,VIIRS,n,2.0NRT,291.23,1.48,N
23.54761,78.06617,302.45,0.36,0.57,2026-04-15,1951,N21,VIIRS,n,2.0NRT,290.8,0.75,N
23.54945,75.95393,304.39,0.49,0.65,2026-04-15,1951,N21,VIIRS,n,2.0NRT,291.26,1.42,N
23.54984,75.94914,310.99,0.49,0.65,2026-04-15,1951,N21,VIIRS,n,2.0NRT,291.49,1.42,N
23.55027,79.9943,310,0.54,0.51,2026-04-15,1951,N21,VIIRS,n,2.0NRT,293.03,1.35,N
23.55543,75.95457,305.09,0.49,0.65,2026-04-15,1951,N21,VIIRS,n,2.0NRT,291.49,1.38,N
23.55583,75.94977,312.17,0.49,0.65,2026-04-15,1951,N21,VIIRS,n,2.0NRT,291.65,1.38,N
23.55702,75.93532,312.37,0.49,0.65,2026-04-15,1951,N21,VIIRS,n,2.0NRT,291.68,2.55,N
23.55742,75.93047,323.53,0.49,0.65,2026-04-15,1951,N21,VIIRS,n,2.0NRT,291.51,2.55,N
23.56018,82.51727,311.76,0.57,0.43,2026-04-15,1951,N21,VIIRS,n,2.0NRT,294.54,1.62,N
23.56053,82.52118,307.91,0.57,0.43,2026-04-15,1951,N21,VIIRS,n,2.0NRT,294.35,2.21,N
23.56189,77.67499,306.68,0.38,0.59,2026-04-15,1951,N21,VIIRS,n,2.0NRT,291.51,1.68,N
23.56254,76.49965,351.62,0.45,0.63,2026-04-15,1951,N21,VIIRS,n,2.0NRT,295.33,10.49,N
23.56288,77.66387,301.01,0.38,0.59,2026-04-15,1951,N21,VIIRS,n,2.0NRT,290.35,1.89,N
23.56291,76.4952,342.5,0.45,0.63,2026-04-15,1951,N21,VIIRS,n,2.0NRT,294.77,10.49,N
23.56342,75.93103,306.1,0.49,0.65,2026-04-15,1951,N21,VIIRS,n,2.0NRT,291.32,2.55,N
23.56694,77.67932,308.5,0.38,0.59,2026-04-15,1951,N21,VIIRS,n,2.0NRT,292.31,2.23,N
23.56727,77.67562,311,0.38,0.59,2026-04-15,1951,N21,VIIRS,n,2.0NRT,292.05,1.68,N
23.56827,77.66451,320.28,0.38,0.59,2026-04-15,1951,N21,VIIRS,n,2.0NRT,291.42,1.89,N
23.5686,77.6608,304.33,0.38,0.59,2026-04-15,1951,N21,VIIRS,n,2.0NRT,290.8,1.97,N
23.57006,78.21913,306.34,0.35,0.57,2026-04-15,1951,N21,VIIRS,n,2.0NRT,291.12,1.08,N
23.57111,84.21478,310.94,0.46,0.39,2026-04-15,1951,N21,VIIRS,n,2.0NRT,297.24,3.06,N
23.57163,75.36549,309.94,0.54,0.68,2026-04-15,1951,N21,VIIRS,n,2.0NRT,291.48,1.31,N
23.57266,77.67624,307.57,0.38,0.59,2026-04-15,1951,N21,VIIRS,n,2.0NRT,291.85,4.82,N
23.57333,77.66882,367,0.38,0.59,2026-04-15,1951,N21,VIIRS,h,2.0NRT,296.15,6.91,N
23.57366,77.66512,337.27,0.38,0.59,2026-04-15,1951,N21,VIIRS,n,2.0NRT,293.53,6.91,N
23.574,77.66142,302.64,0.38,0.59,2026-04-15,1951,N21,VIIRS,n,2.0NRT,291.18,1.6,N
23.57537,77.94049,327.38,0.36,0.58,2026-04-15,1951,N21,VIIRS,n,2.0NRT,292.35,2.72,N
23.57549,84.03516,307.27,0.47,0.4,2026-04-15,1951,N21,VIIRS,n,2.0NRT,297.01,2.96,N
23.57706,75.94443,306.4,0.49,0.65,2026-04-15,1951,N21,VIIRS,n,2.0NRT,291.94,1.06,N
23.57749,75.20607,327.77,0.55,0.68,2026-04-15,1951,N21,VIIRS,n,2.0NRT,291.81,4.87,N
23.57806,82.11625,303.81,0.4,0.44,2026-04-15,1951,N21,VIIRS,n,2.0NRT,291.86,0.5,N
23.57905,77.6657,303.58,0.38,0.59,2026-04-15,1951,N21,VIIRS,n,2.0NRT,290.76,6.91,N
23.57939,77.662,303.26,0.38,0.59,2026-04-15,1951,N21,VIIRS,n,2.0NRT,290.41,1.6,N
23.5798,85.48867,307.49,0.42,0.37,2026-04-15,1951,N21,VIIRS,n,2.0NRT,295.41,1.77,N
23.58204,77.57183,309.2,0.39,0.59,2026-04-15,1951,N21,VIIRS,n,2.0NRT,293.1,1.7,N
23.58462,76.51526,312.97,0.45,0.63,2026-04-15,1951,N21,VIIRS,n,2.0NRT,292.99,1.81,N
23.585,76.51082,303.24,0.45,0.63,2026-04-15,1951,N21,VIIRS,n,2.0NRT,292.98,1.27,N
23.58713,77.57615,303.19,0.39,0.59,2026-04-15,1951,N21,VIIRS,n,2.0NRT,292.98,1.85,N
23.58785,83.99862,307.43,0.48,0.4,2026-04-15,1951,N21,VIIRS,n,2.0NRT,296.3,2.23,N
23.58835,83.99742,310.03,0.48,0.4,2026-04-15,1951,N21,VIIRS,n,2.0NRT,296.25,2.07,N
23.58987,76.59109,303.69,0.45,0.63,2026-04-15,1951,N21,VIIRS,n,2.0NRT,293.02,0.79,N
23.59267,76.48908,303.45,0.45,0.63,2026-04-15,1951,N21,VIIRS,n,2.0NRT,292.15,2.84,N
23.5944,78.02145,303.34,0.36,0.57,2026-04-15,1951,N21,VIIRS,n,2.0NRT,291.17,0.97,N
23.59474,78.01792,308.32,0.36,0.57,2026-04-15,1951,N21,VIIRS,n,2.0NRT,290.8,0.97,N
23.59847,76.48963,334.93,0.45,0.63,2026-04-15,1951,N21,VIIRS,n,2.0NRT,293.81,2.84,N
23.60444,78.79616,309.41,0.32,0.55,2026-04-15,1951,N21,VIIRS,n,2.0NRT,293.54,0.87,N
23.60473,79.26656,307.03,0.6,0.53,2026-04-15,1951,N21,VIIRS,n,2.0NRT,295.31,3.08,N
23.60475,78.79306,304.76,0.32,0.55,2026-04-15,1951,N21,VIIRS,n,2.0NRT,293.53,0.87,N
23.60578,79.27139,307.09,0.6,0.53,2026-04-15,1951,N21,VIIRS,n,2.0NRT,295.78,2.49,N
23.60946,78.79675,304.09,0.32,0.55,2026-04-15,1951,N21,VIIRS,n,2.0NRT,293.04,0.87,N
23.60977,78.79365,306.96,0.32,0.55,2026-04-15,1951,N21,VIIRS,n,2.0NRT,293.31,0.87,N
23.61061,77.95525,330.78,0.36,0.58,2026-04-15,1951,N21,VIIRS,n,2.0NRT,293.2,2.46,N
23.61093,77.95168,304.52,0.36,0.58,2026-04-15,1951,N21,VIIRS,n,2.0NRT,291.73,2.28,N
23.61143,77.95537,336.15,0.36,0.58,2026-04-15,1951,N21,VIIRS,n,2.0NRT,293.15,2.48,N
23.61177,77.95181,313.13,0.36,0.58,2026-04-15,1951,N21,VIIRS,n,2.0NRT,291.9,2.11,N
23.61532,85.65794,306.11,0.41,0.37,2026-04-15,1951,N21,VIIRS,n,2.0NRT,294.47,1.19,N
23.61591,77.95581,311.71,0.36,0.58,2026-04-15,1951,N21,VIIRS,n,2.0NRT,291.32,2.46,N
23.61623,77.95223,312.93,0.36,0.58,2026-04-15,1951,N21,VIIRS,n,2.0NRT,291.13,2.28,N
23.61673,77.95591,303.89,0.36,0.58,2026-04-15,1951,N21,VIIRS,n,2.0NRT,290.82,2.48,N
23.61707,77.95232,302.44,0.36,0.58,2026-04-15,1951,N21,VIIRS,n,2.0NRT,290.51,2.11,N
23.61794,78.39233,312.57,0.34,0.56,2026-04-15,1951,N21,VIIRS,n,2.0NRT,290.46,1.12,N
23.61817,85.63793,304.31,0.41,0.37,2026-04-15,1951,N21,VIIRS,n,2.0NRT,293.45,0.49,N
23.62153,77.95277,311.3,0.36,0.58,2026-04-15,1951,N21,VIIRS,n,2.0NRT,291.74,1.49,N
23.62237,77.95286,310.44,0.36,0.58,2026-04-15,1951,N21,VIIRS,n,2.0NRT,291.75,1.15,N
23.62247,76.12969,304.66,0.48,0.65,2026-04-15,1951,N21,VIIRS,n,2.0NRT,293.96,1.44,N
23.62345,77.93132,310.96,0.37,0.58,2026-04-15,1951,N21,VIIRS,n,2.0NRT,291.92,1.7,N
23.6238,78.04591,307.68,0.36,0.57,2026-04-15,1951,N21,VIIRS,n,2.0NRT,291.34,0.82,N
23.62444,77.93143,309.43,0.37,0.58,2026-04-15,1951,N21,VIIRS,n,2.0NRT,291.75,1.41,N
23.62959,84.023,308.39,0.47,0.4,2026-04-15,1951,N21,VIIRS,n,2.0NRT,297.81,3.58,N
23.63082,78.98419,313.81,0.63,0.54,2026-04-15,1951,N21,VIIRS,n,2.0NRT,292.06,2.99,N
23.63208,78.98525,313.36,0.63,0.54,2026-04-15,1951,N21,VIIRS,n,2.0NRT,292.23,2.69,N
23.63282,80.60743,329.36,0.49,0.49,2026-04-15,1951,N21,VIIRS,n,2.0NRT,292.24,2.72,N
23.63415,76.2051,311.86,0.47,0.64,2026-04-15,1951,N21,VIIRS,n,2.0NRT,292.3,1.36,N
23.63722,77.65257,303.06,0.38,0.59,2026-04-15,1951,N21,VIIRS,n,2.0NRT,290.96,1.06,N
23.63728,80.60801,333.55,0.49,0.49,2026-04-15,1951,N21,VIIRS,n,2.0NRT,292.63,5.18,N
23.63754,77.64882,306.68,0.38,0.59,2026-04-15,1951,N21,VIIRS,n,2.0NRT,290.94,1.06,N
23.63781,80.60322,302.94,0.49,0.49,2026-04-15,1951,N21,VIIRS,n,2.0NRT,291.82,1.29,N
23.63787,77.64507,310.31,0.38,0.59,2026-04-15,1951,N21,VIIRS,n,2.0NRT,290.96,1.67,N
23.64051,77.64955,306.05,0.38,0.59,2026-04-15,1951,N21,VIIRS,n,2.0NRT,290.77,1.45,N
23.64086,77.64581,304.24,0.38,0.59,2026-04-15,1951,N21,VIIRS,n,2.0NRT,290.73,1.14,N
23.64612,85.44028,322.52,0.42,0.37,2026-04-15,1951,N21,VIIRS,n,2.0NRT,295.55,2.83,N
23.64665,77.9119,302.65,0.37,0.58,2026-04-15,1951,N21,VIIRS,n,2.0NRT,291.02,0.37,N
23.64669,85.43623,306.66,0.42,0.38,2026-04-15,1951,N21,VIIRS,n,2.0NRT,295.56,1.32,N
23.64754,78.07684,310.12,0.36,0.57,2026-04-15,1951,N21,VIIRS,n,2.0NRT,291.36,0.94,N
23.64985,77.37061,309.21,0.4,0.6,2026-04-15,1951,N21,VIIRS,n,2.0NRT,291.82,1.35,N
23.65012,85.4368,311.7,0.42,0.38,2026-04-15,1951,N21,VIIRS,n,2.0NRT,294.99,1.32,N
23.6522,77.4789,302.5,0.39,0.59,2026-04-15,1951,N21,VIIRS,n,2.0NRT,290.41,2.15,N
23.65348,78.23863,308.72,0.35,0.57,2026-04-15,1951,N21,VIIRS,n,2.0NRT,290.76,0.88,N
23.65407,85.508,305.43,0.42,0.37,2026-04-15,1951,N21,VIIRS,n,2.0NRT,294.46,1.08,N
23.65567,77.48754,319.5,0.39,0.59,2026-04-15,1951,N21,VIIRS,n,2.0NRT,292.1,3.55,N
23.65602,77.48374,331.92,0.39,0.59,2026-04-15,1951,N21,VIIRS,n,2.0NRT,292.23,3.55,N
23.65638,77.47993,323.54,0.39,0.59,2026-04-15,1951,N21,VIIRS,n,2.0NRT,291.05,4.32,N
23.65701,77.48708,321.21,0.39,0.59,2026-04-15,1951,N21,VIIRS,n,2.0NRT,292.44,3.71,N
23.65734,77.48326,332.24,0.39,0.59,2026-04-15,1951,N21,VIIRS,n,2.0NRT,292.19,3.71,N
23.65748,85.50858,311.65,0.42,0.37,2026-04-15,1951,N21,VIIRS,n,2.0NRT,294.24,1.51,N
23.65766,77.40635,315.51,0.4,0.6,2026-04-15,1951,N21,VIIRS,n,2.0NRT,291.07,1.93,N
23.65767,77.47946,310.98,0.39,0.59,2026-04-15,1951,N21,VIIRS,n,2.0NRT,291.01,2.15,N
23.65802,77.4025,311.3,0.4,0.6,2026-04-15,1951,N21,VIIRS,n,2.0NRT,290.65,2.29,N
23.65845,77.40575,320.94,0.4,0.6,2026-04-15,1951,N21,VIIRS,n,2.0NRT,291.27,2.16,N
23.65878,77.4019,305.28,0.4,0.6,2026-04-15,1951,N21,VIIRS,n,2.0NRT,290.6,1.91,N
23.66306,85.00053,313.13,0.43,0.38,2026-04-15,1951,N21,VIIRS,n,2.0NRT,295.76,1.09,N
23.66324,78.24654,313.41,0.35,0.57,2026-04-15,1951,N21,VIIRS,n,2.0NRT,291.82,1.51,N
23.66365,84.99635,304,0.43,0.38,2026-04-15,1951,N21,VIIRS,n,2.0NRT,293.64,1.09,N
23.66472,84.99954,316.52,0.43,0.38,2026-04-15,1951,N21,VIIRS,n,2.0NRT,296.22,1.71,N
23.66493,79.20763,328.5,0.61,0.53,2026-04-15,1951,N21,VIIRS,n,2.0NRT,292.04,4.29,N
23.66713,84.99691,308.08,0.43,0.38,2026-04-15,1951,N21,VIIRS,n,2.0NRT,295.33,1.09,N
23.66775,77.55348,305.96,0.39,0.59,2026-04-15,1951,N21,VIIRS,n,2.0NRT,292.12,9.09,N
23.66808,77.54967,304.52,0.39,0.59,2026-04-15,1951,N21,VIIRS,n,2.0NRT,291.63,7.17,N
23.66845,78.24707,305.68,0.35,0.57,2026-04-15,1951,N21,VIIRS,n,2.0NRT,291.51,0.98,N
23.66866,86.09111,310.79,0.4,0.37,2026-04-15,1951,N21,VIIRS,n,2.0NRT,296.22,1.99,N
23.66878,84.99591,311.35,0.43,0.38,2026-04-15,1951,N21,VIIRS,n,2.0NRT,295.85,1.71,N
23.66915,78.40125,302.25,0.34,0.56,2026-04-15,1951,N21,VIIRS,n,2.0NRT,290.74,0.81,N
23.66948,78.3979,317.52,0.34,0.56,2026-04-15,1951,N21,VIIRS,n,2.0NRT,291.09,1.51,N
23.67179,86.39699,311.75,0.39,0.37,2026-04-15,1951,N21,VIIRS,n,2.0NRT,298.18,1.3,N
23.67286,77.55775,313.17,0.39,0.59,2026-04-15,1951,N21,VIIRS,n,2.0NRT,292.73,9.09,N
23.67319,77.55399,367,0.39,0.59,2026-04-15,1951,N21,VIIRS,h,2.0NRT,299.1,9.09,N
23.67353,77.55018,367,0.39,0.59,2026-04-15,1951,N21,VIIRS,h,2.0NRT,294.25,7.17,N
23.67386,77.54636,310.19,0.39,0.59,2026-04-15,1951,N21,VIIRS,n,2.0NRT,291.74,7.17,N
23.67456,86.40141,313.29,0.39,0.37,2026-04-15,1951,N21,VIIRS,n,2.0NRT,299.1,1.3,N
23.67513,86.39758,311.86,0.39,0.37,2026-04-15,1951,N21,VIIRS,n,2.0NRT,299.59,1.3,N
23.67651,86.08444,317.29,0.4,0.37,2026-04-15,1951,N21,VIIRS,n,2.0NRT,298.13,3.07,N
23.67846,86.39816,325.84,0.39,0.37,2026-04-15,1951,N21,VIIRS,n,2.0NRT,301,3.88,N
23.67863,77.5545,335.72,0.39,0.59,2026-04-15,1951,N21,VIIRS,n,2.0NRT,294.51,3.23,N
23.67897,77.55069,318.11,0.39,0.59,2026-04-15,1951,N21,VIIRS,n,2.0NRT,292.25,5.13,N
23.67903,86.39432,313.64,0.4,0.37,2026-04-15,1951,N21,VIIRS,n,2.0NRT,297.91,2.23,N
23.6796,86.39047,317.45,0.4,0.37,2026-04-15,1951,N21,VIIRS,n,2.0NRT,297.14,2.23,N
23.68153,86.09728,310.58,0.4,0.37,2026-04-15,1951,N21,VIIRS,n,2.0NRT,295.16,2.07,N
23.6821,86.09338,317.91,0.4,0.37,2026-04-15,1951,N21,VIIRS,n,2.0NRT,296.32,3.12,N
23.68212,76.32999,310.2,0.47,0.64,2026-04-15,1951,N21,VIIRS,n,2.0NRT,293.62,2.05,N
23.68237,86.39491,327.87,0.4,0.37,2026-04-15,1951,N21,VIIRS,n,2.0NRT,299.64,2.23,N
23.6824,77.5739,303.33,0.39,0.59,2026-04-15,1951,N21,VIIRS,n,2.0NRT,291.47,1.62,N
23.68274,78.26241,306.49,0.35,0.57,2026-04-15,1951,N21,VIIRS,n,2.0NRT,291.9,0.69,N
23.68279,74.91241,303.88,0.57,0.69,2026-04-15,1951,N21,VIIRS,n,2.0NRT,291.46,1.2,N
23.68307,78.25896,303.39,0.35,0.57,2026-04-15,1951,N21,VIIRS,n,2.0NRT,291.69,0.69,N
23.68408,77.55502,302.61,0.39,0.59,2026-04-15,1951,N21,VIIRS,n,2.0NRT,291.16,3.23,N
23.68501,86.39458,319.24,0.4,0.37,2026-04-15,1951,N21,VIIRS,n,2.0NRT,297.97,3.02,N
23.68558,86.39072,325.55,0.4,0.37,2026-04-15,1951,N21,VIIRS,n,2.0NRT,298.37,3.02,N
23.69364,85.37727,305.09,0.42,0.38,2026-04-15,1951,N21,VIIRS,n,2.0NRT,294.16,1.14,N
23.69427,78.19802,338.65,0.35,0.57,2026-04-15,1951,N21,VIIRS,n,2.0NRT,292.47,3.52,N
23.69479,85.36911,312.56,0.42,0.38,2026-04-15,1951,N21,VIIRS,n,2.0NRT,295.4,1.8,N
23.69518,78.19817,338.53,0.35,0.57,2026-04-15,1951,N21,VIIRS,n,2.0NRT,292.92,3.2,N
23.69547,85.28947,306.63,0.42,0.38,2026-04-15,1951,N21,VIIRS,n,2.0NRT,296.05,2.02,N
23.69635,78.01089,308.11,0.36,0.58,2026-04-15,1951,N21,VIIRS,n,2.0NRT,291.47,1.04,N
23.69668,78.00739,306.11,0.36,0.58,2026-04-15,1951,N21,VIIRS,n,2.0NRT,290.84,1.04,N
23.70219,78.57201,314.78,0.33,0.56,2026-04-15,1951,N21,VIIRS,n,2.0NRT,290.4,0.96,N
23.70623,81.84096,307.6,0.42,0.45,2026-04-15,1951,N21,VIIRS,n,2.0NRT,294.23,1.07,N
23.70746,75.60746,305.84,0.52,0.67,2026-04-15,1951,N21,VIIRS,n,2.0NRT,291.4,0.9,N
23.7077,86.44975,315.36,0.39,0.37,2026-04-15,1951,N21,VIIRS,n,2.0NRT,297.64,2.42,N
23.70804,75.60639,305.16,0.52,0.67,2026-04-15,1951,N21,VIIRS,n,2.0NRT,291.39,0.86,N
23.70976,77.92596,306.05,0.37,0.58,2026-04-15,1951,N21,VIIRS,n,2.0NRT,291.56,0.9,N
23.70983,85.28767,307.8,0.42,0.38,2026-04-15,1951,N21,VIIRS,n,2.0NRT,294.91,1.83,N
23.71048,76.27267,309.93,0.47,0.64,2026-04-15,1951,N21,VIIRS,n,2.0NRT,293.36,1.33,N
23.71103,86.45033,338.84,0.39,0.37,2026-04-15,1951,N21,VIIRS,n,2.0NRT,299.91,3.49,N
23.71159,86.44649,314.26,0.39,0.37,2026-04-15,1951,N21,VIIRS,n,2.0NRT,297.58,2,N
23.71265,77.48131,315.04,0.39,0.59,2026-04-15,1951,N21,VIIRS,n,2.0NRT,292.17,2.02,N
23.71334,77.47365,306.26,0.39,0.6,2026-04-15,1951,N21,VIIRS,n,2.0NRT,291.63,2.04,N
23.71436,86.4509,310.96,0.39,0.37,2026-04-15,1951,N21,VIIRS,n,2.0NRT,297.4,3.49,N
23.71442,86.42728,310.77,0.39,0.37,2026-04-15,1951,N21,VIIRS,n,2.0NRT,297.73,3.13,N
23.71549,86.44322,311.85,0.39,0.37,2026-04-15,1951,N21,VIIRS,n,2.0NRT,298.19,2,N
23.71804,78.51418,316.72,0.34,0.56,2026-04-15,1951,N21,VIIRS,n,2.0NRT,291.03,1.34,N
23.71889,86.42017,311.68,0.39,0.37,2026-04-15,1951,N21,VIIRS,n,2.0NRT,297.44,3.19,N
23.71891,75.61849,310.34,0.52,0.67,2026-04-15,1951,N21,VIIRS,n,2.0NRT,291.36,1.58,N
23.71934,75.53706,302.31,0.52,0.67,2026-04-15,1951,N21,VIIRS,n,2.0NRT,291.71,0.65,N
23.71955,75.61748,309.32,0.52,0.67,2026-04-15,1951,N21,VIIRS,n,2.0NRT,291.2,1.7,N
23.72029,77.20509,303.37,0.41,0.61,2026-04-15,1951,N21,VIIRS,n,2.0NRT,291.19,0.76,N
23.72047,85.00861,310.57,0.43,0.38,2026-04-15,1951,N21,VIIRS,n,2.0NRT,295.6,1.93,N
23.72272,86.44054,312.63,0.39,0.37,2026-04-15,1951,N21,VIIRS,n,2.0NRT,298.11,3.54,N
23.72449,78.04942,304.51,0.36,0.57,2026-04-15,1951,N21,VIIRS,n,2.0NRT,291.76,0.94,N
23.72463,78.04953,304.67,0.36,0.57,2026-04-15,1951,N21,VIIRS,n,2.0NRT,291.89,1.06,N
23.72607,78.64417,303.83,0.33,0.55,2026-04-15,1951,N21,VIIRS,n,2.0NRT,292.23,0.75,N
23.72684,76.6348,313.03,0.44,0.63,2026-04-15,1951,N21,VIIRS,n,2.0NRT,292.76,2.24,N
23.72722,76.63048,306.43,0.45,0.63,2026-04-15,1951,N21,VIIRS,n,2.0NRT,292.88,1.37,N
23.72769,75.11178,304.29,0.56,0.69,2026-04-15,1951,N21,VIIRS,n,2.0NRT,291.4,2.29,N
23.72773,76.63754,310.15,0.45,0.63,2026-04-15,1951,N21,VIIRS,n,2.0NRT,293.28,2.7,N
23.72811,75.10636,306.24,0.56,0.69,2026-04-15,1951,N21,VIIRS,n,2.0NRT,291.38,2.29,N
23.72957,75.56352,304.55,0.52,0.67,2026-04-15,1951,N21,VIIRS,n,2.0NRT,292.74,1.14,N
23.73136,75.11022,323.26,0.56,0.69,2026-04-15,1951,N21,VIIRS,n,2.0NRT,292.28,4.16,N
23.73329,86.43844,313.68,0.39,0.37,2026-04-15,1951,N21,VIIRS,n,2.0NRT,300.87,3.16,N
23.73386,86.4346,309.83,0.39,0.37,2026-04-15,1951,N21,VIIRS,n,2.0NRT,298.39,2.54,N
23.73442,86.43076,309.45,0.39,0.37,2026-04-15,1951,N21,VIIRS,n,2.0NRT,297.15,2.54,N
23.73719,86.43518,337.15,0.39,0.37,2026-04-15,1951,N21,VIIRS,n,2.0NRT,300.79,2.54,N
23.73776,86.43134,322.47,0.39,0.37,2026-04-15,1951,N21,VIIRS,n,2.0NRT,298.77,2.54,N
23.73847,85.00725,309.6,0.43,0.38,2026-04-15,1951,N21,VIIRS,n,2.0NRT,296.24,2.65,N
23.73871,82.19527,312.95,0.4,0.44,2026-04-15,1951,N21,VIIRS,n,2.0NRT,296.63,1.86,N
23.73935,79.66327,303.73,0.57,0.52,2026-04-15,1951,N21,VIIRS,n,2.0NRT,292.05,0.96,N
23.73995,76.62997,306.08,0.45,0.63,2026-04-15,1951,N21,VIIRS,n,2.0NRT,292.92,1.24,N
23.74035,77.48011,312.61,0.39,0.59,2026-04-15,1951,N21,VIIRS,n,2.0NRT,291.72,1.27,N
23.74067,78.90536,307.04,0.63,0.54,2026-04-15,1951,N21,VIIRS,n,2.0NRT,291.62,1.18,N
23.74111,78.90614,307.67,0.64,0.54,2026-04-15,1951,N21,VIIRS,n,2.0NRT,291.49,1.4,N
23.74232,78.3138,303.94,0.35,0.56,2026-04-15,1951,N21,VIIRS,n,2.0NRT,291.33,1.24,N
23.74358,77.89654,314.59,0.37,0.58,2026-04-15,1951,N21,VIIRS,n,2.0NRT,291.99,1.73,N
23.74391,77.8929,306.19,0.37,0.58,2026-04-15,1951,N21,VIIRS,n,2.0NRT,291.77,1.43,N
23.7445,76.63213,321.71,0.45,0.63,2026-04-15,1951,N21,VIIRS,n,2.0NRT,293.59,2.03,N
23.74489,76.6278,306.43,0.45,0.63,2026-04-15,1951,N21,VIIRS,n,2.0NRT,292.79,2.03,N
23.74543,85.50619,310.34,0.42,0.37,2026-04-15,1951,N21,VIIRS,n,2.0NRT,294.94,1.31,N
23.74572,76.63057,311.09,0.45,0.63,2026-04-15,1951,N21,VIIRS,n,2.0NRT,292.91,2.58,N
23.74748,77.85294,339.75,0.37,0.58,2026-04-15,1951,N21,VIIRS,n,2.0NRT,293.24,4.55,N
23.74967,78.17963,302.58,0.35,0.57,2026-04-15,1951,N21,VIIRS,n,2.0NRT,292.39,0.81,N
23.75,78.17616,307.52,0.35,0.57,2026-04-15,1951,N21,VIIRS,n,2.0NRT,292.03,0.81,N
23.75003,86.41772,327.37,0.39,0.37,2026-04-15,1951,N21,VIIRS,n,2.0NRT,298.11,2.19,N
23.75033,78.55429,313.48,0.33,0.56,2026-04-15,1951,N21,VIIRS,n,2.0NRT,293.24,1.55,N
23.75282,77.85347,327.73,0.37,0.58,2026-04-15,1951,N21,VIIRS,n,2.0NRT,291.48,4.55,N
23.75287,86.39847,311.42,0.4,0.37,2026-04-15,1951,N21,VIIRS,n,2.0NRT,297.54,1.86,N
23.75315,77.84982,330.05,0.37,0.58,2026-04-15,1951,N21,VIIRS,n,2.0NRT,292,7.58,N
23.75336,86.4183,308.97,0.39,0.37,2026-04-15,1951,N21,VIIRS,n,2.0NRT,297.27,2.19,N
23.75344,86.39462,310.68,0.4,0.37,2026-04-15,1951,N21,VIIRS,n,2.0NRT,296.88,1.86,N
23.75517,85.85207,314.86,0.41,0.37,2026-04-15,1951,N21,VIIRS,n,2.0NRT,299.21,3.08,N
23.75523,78.17673,306.13,0.35,0.57,2026-04-15,1951,N21,VIIRS,n,2.0NRT,291.83,0.81,N
23.75544,82.46148,321.31,0.38,0.43,2026-04-15,1951,N21,VIIRS,n,2.0NRT,297.71,2.4,N
23.75564,86.4029,309.84,0.4,0.37,2026-04-15,1951,N21,VIIRS,n,2.0NRT,297.23,2.85,N
23.75591,82.45761,313.18,0.38,0.43,2026-04-15,1951,N21,VIIRS,n,2.0NRT,296.99,2.4,N
23.75798,85.85662,308,0.41,0.37,2026-04-15,1951,N21,VIIRS,n,2.0NRT,297.78,1.27,N
23.75855,85.85265,309.72,0.41,0.37,2026-04-15,1951,N21,VIIRS,n,2.0NRT,296.61,1.27,N
23.75898,86.40349,328.84,0.4,0.37,2026-04-15,1951,N21,VIIRS,n,2.0NRT,298.59,3.41,N
23.75955,86.39964,315.88,0.4,0.37,2026-04-15,1951,N21,VIIRS,n,2.0NRT,297.75,2.54,N
23.7611,76.92876,308.25,0.43,0.62,2026-04-15,1951,N21,VIIRS,n,2.0NRT,292.59,1.36,N
23.76231,86.40408,328.51,0.4,0.37,2026-04-15,1951,N21,VIIRS,n,2.0NRT,298.41,3.41,N
23.76288,86.40022,310.33,0.4,0.37,2026-04-15,1951,N21,VIIRS,n,2.0NRT,297.07,2.54,N
23.76402,86.39251,314.24,0.4,0.37,2026-04-15,1951,N21,VIIRS,n,2.0NRT,299.69,3.06,N
23.7648,82.45125,314.86,0.38,0.43,2026-04-15,1951,N21,VIIRS,n,2.0NRT,297.47,3.14,N
23.76527,82.4474,310.49,0.38,0.43,2026-04-15,1951,N21,VIIRS,n,2.0NRT,297.25,2.25,N
23.76529,77.95335,303.57,0.37,0.58,2026-04-15,1951,N21,VIIRS,n,2.0NRT,293.02,0.62,N
23.76565,86.40465,335.68,0.4,0.37,2026-04-15,1951,N21,VIIRS,n,2.0NRT,299.71,6.24,N
23.76622,86.40079,312.76,0.4,0.37,2026-04-15,1951,N21,VIIRS,n,2.0NRT,298.6,2.21,N
23.76656,77.69925,307.98,0.38,0.59,2026-04-15,1951,N21,VIIRS,n,2.0NRT,291.62,0.88,N
23.76686,86.37327,310.73,0.4,0.37,2026-04-15,1951,N21,VIIRS,n,2.0NRT,298.79,2.09,N
23.76816,86.01081,307.44,0.4,0.37,2026-04-15,1951,N21,VIIRS,n,2.0NRT,295.64,1.32,N
23.76956,86.40137,313.4,0.4,0.37,2026-04-15,1951,N21,VIIRS,n,2.0NRT,297.57,2.21,N
23.77032,78.01487,307.07,0.36,0.58,2026-04-15,1951,N21,VIIRS,n,2.0NRT,292.06,1.45,N
23.77065,78.01133,316.07,0.36,0.58,2026-04-15,1951,N21,VIIRS,n,2.0NRT,292.16,1.96,N
23.77162,77.70354,317.31,0.38,0.59,2026-04-15,1951,N21,VIIRS,n,2.0NRT,292.13,2.03,N
23.77179,86.19955,308.4,0.4,0.37,2026-04-15,1951,N21,VIIRS,n,2.0NRT,298.21,2.22,N
23.77185,78.49341,312.16,0.34,0.56,2026-04-15,1951,N21,VIIRS,n,2.0NRT,291.95,1.43,N
23.77195,77.69984,317.72,0.38,0.59,2026-04-15,1951,N21,VIIRS,n,2.0NRT,291.9,2.03,N
23.77228,77.69614,302.57,0.38,0.59,2026-04-15,1951,N21,VIIRS,n,2.0NRT,291.73,1.5,N
23.77235,86.19568,314.02,0.4,0.37,2026-04-15,1951,N21,VIIRS,n,2.0NRT,298.1,2.14,N
23.77344,86.21179,307.26,0.4,0.37,2026-04-15,1951,N21,VIIRS,n,2.0NRT,296.72,2.87,N
23.77517,86.38657,318.81,0.4,0.37,2026-04-15,1951,N21,VIIRS,n,2.0NRT,299.12,2.49,N
23.77525,86.36285,332.1,0.4,0.37,2026-04-15,1951,N21,VIIRS,n,2.0NRT,299.19,4.97,N
23.77594,78.01187,311.21,0.36,0.58,2026-04-15,1951,N21,VIIRS,n,2.0NRT,292.6,1.17,N
23.77735,86.2085,327.56,0.4,0.37,2026-04-15,1951,N21,VIIRS,n,2.0NRT,300.87,2.87,N
23.77792,86.20461,309.78,0.4,0.37,2026-04-15,1951,N21,VIIRS,n,2.0NRT,299.75,2.99,N
23.77793,86.39099,338.68,0.4,0.37,2026-04-15,1951,N21,VIIRS,n,2.0NRT,299.82,6.9,N
23.7785,86.38715,319.92,0.4,0.37,2026-04-15,1951,N21,VIIRS,n,2.0NRT,298.02,2.49,N
23.78013,86.21297,307.66,0.4,0.37,2026-04-15,1951,N21,VIIRS,n,2.0NRT,296.7,2.48,N
23.78022,86.37558,313.16,0.4,0.37,2026-04-15,1951,N21,VIIRS,n,2.0NRT,297.19,2.15,N
23.78055,77.84521,303.35,0.37,0.58,2026-04-15,1951,N21,VIIRS,n,2.0NRT,292.63,1.23,N
23.78068,85.5782,308.43,0.41,0.37,2026-04-15,1951,N21,VIIRS,n,2.0NRT,298,1.59,N
23.7807,86.20908,329.98,0.4,0.37,2026-04-15,1951,N21,VIIRS,n,2.0NRT,299.52,2.48,N
23.78079,86.37173,311.78,0.4,0.37,2026-04-15,1951,N21,VIIRS,n,2.0NRT,297.8,2.92,N
23.78087,86.34799,312.1,0.4,0.37,2026-04-15,1951,N21,VIIRS,n,2.0NRT,297.46,2.43,N
23.78127,86.39158,317.26,0.4,0.37,2026-04-15,1951,N21,VIIRS,n,2.0NRT,299.22,3.48,N
23.78241,85.56612,310.85,0.41,0.37,2026-04-15,1951,N21,VIIRS,n,2.0NRT,296.5,2.22,N
23.78445,78.49846,302.45,0.34,0.56,2026-04-15,1951,N21,VIIRS,n,2.0NRT,291.54,0.59,N
23.78467,85.57476,308.9,0.41,0.37,2026-04-15,1951,N21,VIIRS,n,2.0NRT,297.75,2.15,N
23.78535,86.34084,311.45,0.4,0.37,2026-04-15,1951,N21,VIIRS,n,2.0NRT,297.55,2.66,N
23.78691,78.49838,304.61,0.34,0.56,2026-04-15,1951,N21,VIIRS,n,2.0NRT,292.08,0.55,N
23.78858,78.56521,302.93,0.33,0.56,2026-04-15,1951,N21,VIIRS,n,2.0NRT,290.92,1.1,N
23.78889,78.56193,316.1,0.33,0.56,2026-04-15,1951,N21,VIIRS,n,2.0NRT,291.46,1.1,N
23.78922,78.15308,309.11,0.36,0.57,2026-04-15,1951,N21,VIIRS,n,2.0NRT,295.16,2.41,N
23.78957,78.14943,308.92,0.36,0.57,2026-04-15,1951,N21,VIIRS,n,2.0NRT,294.78,2.17,N
23.7901,77.23512,313.56,0.41,0.6,2026-04-15,1951,N21,VIIRS,n,2.0NRT,290.98,2.02,N
23.79032,86.3536,309.75,0.4,0.37,2026-04-15,1951,N21,VIIRS,n,2.0NRT,297.69,2.05,N
23.79042,77.23627,314.63,0.41,0.6,2026-04-15,1951,N21,VIIRS,n,2.0NRT,291.3,1.33,N
23.79089,86.34972,309.19,0.4,0.37,2026-04-15,1951,N21,VIIRS,n,2.0NRT,297.51,1.92,N
23.79366,86.35417,332.17,0.4,0.37,2026-04-15,1951,N21,VIIRS,n,2.0NRT,298.84,4.12,N
23.79405,86.23524,314.64,0.4,0.37,2026-04-15,1951,N21,VIIRS,n,2.0NRT,297.88,2.52,N
23.79462,77.44213,314.18,0.4,0.6,2026-04-15,1951,N21,VIIRS,n,2.0NRT,291.51,1.84,N
23.79566,77.23566,317.86,0.41,0.6,2026-04-15,1951,N21,VIIRS,n,2.0NRT,291.22,2.02,N
23.79598,77.2368,319.41,0.41,0.6,2026-04-15,1951,N21,VIIRS,n,2.0NRT,291.4,1.98,N
23.79629,76.98283,306.69,0.42,0.61,2026-04-15,1951,N21,VIIRS,n,2.0NRT,292.06,0.84,N
23.79692,77.84324,303.77,0.37,0.58,2026-04-15,1951,N21,VIIRS,n,2.0NRT,291.17,1.12,N
23.79757,86.35088,327.44,0.4,0.37,2026-04-15,1951,N21,VIIRS,n,2.0NRT,298.24,6.25,N
23.79937,86.31554,307.91,0.4,0.37,2026-04-15,1951,N21,VIIRS,n,2.0NRT,296.53,3.58,N
23.80017,86.35062,313.24,0.4,0.37,2026-04-15,1951,N21,VIIRS,n,2.0NRT,298.32,2.67,N
23.80043,86.3316,313.08,0.4,0.37,2026-04-15,1951,N21,VIIRS,n,2.0NRT,297.74,2.02,N
23.80128,77.73666,320.87,0.38,0.59,2026-04-15,1951,N21,VIIRS,n,2.0NRT,293.01,2.78,N
23.80157,86.32386,333.37,0.4,0.37,2026-04-15,1951,N21,VIIRS,n,2.0NRT,298.97,5.6,N
23.80298,86.33132,328.52,0.4,0.37,2026-04-15,1951,N21,VIIRS,n,2.0NRT,300.27,4.62,N
23.80354,86.32745,318.85,0.4,0.37,2026-04-15,1951,N21,VIIRS,n,2.0NRT,300.05,2.89,N
23.80406,76.19917,303.21,0.48,0.64,2026-04-15,1951,N21,VIIRS,n,2.0NRT,291.4,0.37,N
23.80411,86.32358,318.85,0.4,0.37,2026-04-15,1951,N21,VIIRS,n,2.0NRT,297.98,2.89,N
23.8056,78.3101,309.34,0.35,0.56,2026-04-15,1951,N21,VIIRS,n,2.0NRT,291.31,1.17,N
23.80594,78.30667,313.83,0.35,0.57,2026-04-15,1951,N21,VIIRS,n,2.0NRT,291.24,1.17,N
23.80664,82.42616,308.98,0.39,0.44,2026-04-15,1951,N21,VIIRS,n,2.0NRT,297.01,2.27,N
23.80678,77.2367,317.58,0.41,0.6,2026-04-15,1951,N21,VIIRS,n,2.0NRT,291.33,2.13,N
23.80698,78.31036,304.63,0.35,0.57,2026-04-15,1951,N21,VIIRS,n,2.0NRT,291.12,1.28,N
23.80703,79.76418,305.7,0.56,0.51,2026-04-15,1951,N21,VIIRS,n,2.0NRT,295.4,2.86,N
23.80712,77.2327,301.04,0.41,0.6,2026-04-15,1951,N21,VIIRS,n,2.0NRT,290.73,1.76,N
23.80729,78.30693,317.32,0.35,0.57,2026-04-15,1951,N21,VIIRS,n,2.0NRT,291.99,1.28,N
23.80857,86.31641,310.35,0.4,0.37,2026-04-15,1951,N21,VIIRS,n,2.0NRT,299.45,3.31,N
23.81312,78.30064,314.14,0.35,0.57,2026-04-15,1951,N21,VIIRS,n,2.0NRT,291.52,1.51,N
23.81499,77.8232,314.63,0.37,0.58,2026-04-15,1951,N21,VIIRS,n,2.0NRT,291.86,1.47,N
23.81722,78.13754,305.29,0.36,0.57,2026-04-15,1951,N21,VIIRS,n,2.0NRT,292.7,0.72,N
23.81741,78.13748,305.06,0.36,0.57,2026-04-15,1951,N21,VIIRS,n,2.0NRT,292.8,0.83,N
23.82121,79.76591,304.48,0.56,0.51,2026-04-15,1951,N21,VIIRS,n,2.0NRT,294.21,1.77,N
23.82297,79.09388,302.48,0.62,0.54,2026-04-15,1951,N21,VIIRS,n,2.0NRT,291.71,0.69,N
23.82361,85.49721,315.38,0.42,0.37,2026-04-15,1951,N21,VIIRS,n,2.0NRT,299.66,4.33,N
23.82372,84.57212,332.99,0.45,0.39,2026-04-15,1951,N21,VIIRS,n,2.0NRT,298.75,5.01,N
23.82472,85.4641,305.24,0.42,0.38,2026-04-15,1951,N21,VIIRS,n,2.0NRT,293.89,0.85,N
23.82522,78.33988,304.79,0.35,0.56,2026-04-15,1951,N21,VIIRS,n,2.0NRT,292.36,0.68,N
23.82727,84.5727,319.07,0.45,0.39,2026-04-15,1951,N21,VIIRS,n,2.0NRT,299.14,5.01,N
23.82759,78.64209,308.22,0.33,0.55,2026-04-15,1951,N21,VIIRS,n,2.0NRT,292.59,0.71,N
23.82984,82.36803,312.11,0.39,0.44,2026-04-15,1951,N21,VIIRS,n,2.0NRT,297.2,2.28,N
23.83046,84.57207,312.12,0.45,0.39,2026-04-15,1951,N21,VIIRS,n,2.0NRT,297.16,1.85,N
23.83082,84.57327,309.46,0.45,0.39,2026-04-15,1951,N21,VIIRS,n,2.0NRT,296.97,1.46,N
23.83267,78.64266,308.73,0.33,0.55,2026-04-15,1951,N21,VIIRS,n,2.0NRT,292.22,0.74,N
23.83311,84.92656,306.88,0.44,0.38,2026-04-15,1951,N21,VIIRS,n,2.0NRT,295.02,1.5,N
23.83507,77.42313,312.35,0.4,0.6,2026-04-15,1951,N21,VIIRS,n,2.0NRT,291.85,0.61,N
23.83511,82.3919,309.83,0.39,0.44,2026-04-15,1951,N21,VIIRS,n,2.0NRT,297.64,2.91,N
23.83582,78.55718,301.2,0.34,0.56,2026-04-15,1951,N21,VIIRS,n,2.0NRT,291.17,1.02,N
23.83719,84.9489,305.91,0.44,0.38,2026-04-15,1951,N21,VIIRS,n,2.0NRT,294.96,1.68,N
23.8404,82.41539,311.95,0.39,0.44,2026-04-15,1951,N21,VIIRS,n,2.0NRT,297.7,2.54,N
23.8413,77.86954,304.65,0.37,0.58,2026-04-15,1951,N21,VIIRS,n,2.0NRT,292.04,0.84,N
23.84206,82.46854,309.83,0.38,0.43,2026-04-15,1951,N21,VIIRS,n,2.0NRT,297.54,2.04,N
23.84218,76.31489,305.76,0.47,0.64,2026-04-15,1951,N21,VIIRS,n,2.0NRT,292.72,0.86,N
23.84747,77.15574,301.77,0.41,0.61,2026-04-15,1951,N21,VIIRS,n,2.0NRT,291.48,0.65,N
23.84783,82.45449,312.93,0.38,0.43,2026-04-15,1951,N21,VIIRS,n,2.0NRT,297.45,3.25,N
23.85145,77.83797,302.02,0.37,0.58,2026-04-15,1951,N21,VIIRS,n,2.0NRT,291.37,0.41,N
23.85262,77.86348,310,0.37,0.58,2026-04-15,1951,N21,VIIRS,n,2.0NRT,291.53,1.61,N
23.85295,77.85984,304.83,0.37,0.58,2026-04-15,1951,N21,VIIRS,n,2.0NRT,291.67,1.81,N
23.85546,77.70807,320.69,0.38,0.59,2026-04-15,1951,N21,VIIRS,n,2.0NRT,291.96,2.39,N
23.85827,77.70892,339.79,0.38,0.59,2026-04-15,1951,N21,VIIRS,n,2.0NRT,292.55,4.03,N
23.8583,77.86041,306.64,0.37,0.58,2026-04-15,1951,N21,VIIRS,n,2.0NRT,291.3,1.81,N
23.85862,77.85677,325.26,0.37,0.58,2026-04-15,1951,N21,VIIRS,n,2.0NRT,292.27,1.81,N
23.86086,77.70858,322.69,0.38,0.59,2026-04-15,1951,N21,VIIRS,n,2.0NRT,291.62,2.39,N
23.86087,77.73904,303.2,0.38,0.59,2026-04-15,1951,N21,VIIRS,n,2.0NRT,292.23,0.76,N
23.86122,77.73535,312.43,0.38,0.59,2026-04-15,1951,N21,VIIRS,n,2.0NRT,292.15,1.49,N
23.86192,77.72797,308.89,0.38,0.59,2026-04-15,1951,N21,VIIRS,n,2.0NRT,291.38,0.63,N
23.86298,78.54364,310.06,0.34,0.56,2026-04-15,1951,N21,VIIRS,n,2.0NRT,292.82,1.54,N
23.86331,78.54034,305.63,0.34,0.56,2026-04-15,1951,N21,VIIRS,n,2.0NRT,292.32,1.34,N
23.86366,77.73873,317.12,0.38,0.59,2026-04-15,1951,N21,VIIRS,n,2.0NRT,292.65,1.88,N
23.86399,77.73504,336.3,0.38,0.59,2026-04-15,1951,N21,VIIRS,n,2.0NRT,293.33,4.28,N
23.86431,77.73135,322.84,0.38,0.59,2026-04-15,1951,N21,VIIRS,n,2.0NRT,291.9,4.28,N
23.86464,77.72765,310.04,0.38,0.59,2026-04-15,1951,N21,VIIRS,n,2.0NRT,291.54,1.71,N
23.86905,77.73927,308.25,0.38,0.59,2026-04-15,1951,N21,VIIRS,n,2.0NRT,291.48,1.88,N
23.87116,77.77677,311.24,0.38,0.58,2026-04-15,1951,N21,VIIRS,n,2.0NRT,291.66,1.27,N
23.87148,77.77309,303.88,0.38,0.59,2026-04-15,1951,N21,VIIRS,n,2.0NRT,291.49,1.72,N
23.87153,77.50865,344.14,0.39,0.59,2026-04-15,1951,N21,VIIRS,n,2.0NRT,294.5,5.55,N
23.87244,77.51181,306.7,0.39,0.59,2026-04-15,1951,N21,VIIRS,n,2.0NRT,292.23,3.6,N
23.87277,77.50793,337.91,0.39,0.59,2026-04-15,1951,N21,VIIRS,n,2.0NRT,294.09,5.63,N
23.87532,77.85121,312.24,0.37,0.58,2026-04-15,1951,N21,VIIRS,n,2.0NRT,292.24,1.18,N
23.87699,77.50923,302.78,0.39,0.59,2026-04-15,1951,N21,VIIRS,n,2.0NRT,292.31,0.7,N
23.88077,78.93043,301.94,0.64,0.54,2026-04-15,1951,N21,VIIRS,n,2.0NRT,290.6,1.02,N
23.88232,78.29089,305.87,0.35,0.57,2026-04-15,1951,N21,VIIRS,n,2.0NRT,292.07,0.97,N
23.8824,76.00916,303.23,0.49,0.65,2026-04-15,1951,N21,VIIRS,n,2.0NRT,292.17,0.45,N
23.88529,77.80061,307.99,0.38,0.58,2026-04-15,1951,N21,VIIRS,n,2.0NRT,291.04,1.23,N
23.88567,76.00745,302.76,0.49,0.65,2026-04-15,1951,N21,VIIRS,n,2.0NRT,291.85,0.5,N
23.88752,85.00742,313.47,0.43,0.38,2026-04-15,1951,N21,VIIRS,n,2.0NRT,294.64,1.78,N
23.89497,80.56929,305.65,0.5,0.49,2026-04-15,1951,N21,VIIRS,n,2.0NRT,292.48,0.8,N
23.89581,78.36801,305.61,0.34,0.56,2026-04-15,1951,N21,VIIRS,n,2.0NRT,293.75,0.98,N
23.89596,77.18073,312.08,0.41,0.61,2026-04-15,1951,N21,VIIRS,n,2.0NRT,290.87,0.93,N
23.89602,77.80177,309.65,0.38,0.58,2026-04-15,1951,N21,VIIRS,n,2.0NRT,292.61,0.97,N
23.89615,78.36462,308.99,0.35,0.56,2026-04-15,1951,N21,VIIRS,n,2.0NRT,293.88,0.98,N
23.8972,80.56759,307.6,0.5,0.49,2026-04-15,1951,N21,VIIRS,n,2.0NRT,292.58,1.03,N
23.89739,77.84613,323.42,0.37,0.58,2026-04-15,1951,N21,VIIRS,n,2.0NRT,292.96,2.94,N
23.89748,78.3701,305.65,0.35,0.56,2026-04-15,1951,N21,VIIRS,n,2.0NRT,294.03,1.09,N
23.89772,77.84249,303.83,0.37,0.58,2026-04-15,1951,N21,VIIRS,n,2.0NRT,292.59,1.82,N
23.89779,78.36669,318.23,0.35,0.56,2026-04-15,1951,N21,VIIRS,n,2.0NRT,294.28,1.09,N
23.90054,77.1799,310.47,0.41,0.61,2026-04-15,1951,N21,VIIRS,n,2.0NRT,291,1.9,N
23.90154,77.18124,301.95,0.41,0.61,2026-04-15,1951,N21,VIIRS,n,2.0NRT,290.63,0.93,N
23.90308,77.84307,312.43,0.37,0.58,2026-04-15,1951,N21,VIIRS,n,2.0NRT,292.67,1.82,N
23.90341,77.83942,319.49,0.37,0.58,2026-04-15,1951,N21,VIIRS,n,2.0NRT,293.22,1.82,N
23.9044,77.70927,301.05,0.38,0.59,2026-04-15,1951,N21,VIIRS,n,2.0NRT,289.94,0.5,N
23.90507,77.82132,304.96,0.37,0.58,2026-04-15,1951,N21,VIIRS,n,2.0NRT,293.99,1.4,N
23.9068,77.17242,304.75,0.41,0.61,2026-04-15,1951,N21,VIIRS,n,2.0NRT,290.97,1.12,N
23.90747,81.5193,310.22,0.44,0.46,2026-04-15,1951,N21,VIIRS,n,2.0NRT,295.3,1.14,N
23.91043,77.82198,310.23,0.37,0.58,2026-04-15,1951,N21,VIIRS,n,2.0NRT,293.91,1.55,N
23.91104,82.48827,305.5,0.38,0.43,2026-04-15,1951,N21,VIIRS,n,2.0NRT,294.46,1.95,N
23.91348,78.64353,308.89,0.33,0.55,2026-04-15,1951,N21,VIIRS,n,2.0NRT,291.11,0.59,N
23.91857,78.64409,328.68,0.33,0.55,2026-04-15,1951,N21,VIIRS,n,2.0NRT,291.6,2.18,N
23.91888,78.64085,304.17,0.33,0.55,2026-04-15,1951,N21,VIIRS,n,2.0NRT,290.8,1.48,N
23.91895,79.38883,315.99,0.59,0.53,2026-04-15,1951,N21,VIIRS,n,2.0NRT,292.32,2.8,N
23.92069,82.47534,314.13,0.38,0.43,2026-04-15,1951,N21,VIIRS,n,2.0NRT,297.49,2.5,N
23.92244,79.39059,311.41,0.59,0.53,2026-04-15,1951,N21,VIIRS,n,2.0NRT,292.29,2.26,N
23.92959,75.77009,327.19,0.51,0.66,2026-04-15,1951,N21,VIIRS,n,2.0NRT,292.35,5.03,N
23.93078,75.77206,329.33,0.51,0.66,2026-04-15,1951,N21,VIIRS,n,2.0NRT,292.25,4.77,N
23.93086,77.83508,310.9,0.37,0.58,2026-04-15,1951,N21,VIIRS,n,2.0NRT,292.44,0.92,N
23.93121,77.53316,302.85,0.39,0.59,2026-04-15,1951,N21,VIIRS,n,2.0NRT,291.27,0.73,N
23.93423,78.31223,304.45,0.35,0.57,2026-04-15,1951,N21,VIIRS,n,2.0NRT,291.63,0.37,N
23.93622,77.83559,304.02,0.37,0.58,2026-04-15,1951,N21,VIIRS,n,2.0NRT,291.63,0.92,N
23.94127,75.3795,301.8,0.54,0.68,2026-04-15,1951,N21,VIIRS,n,2.0NRT,291.02,0.51,N
23.94149,78.67281,304.45,0.33,0.55,2026-04-15,1951,N21,VIIRS,n,2.0NRT,290.84,0.58,N
23.94909,78.64761,305.77,0.33,0.55,2026-04-15,1951,N21,VIIRS,n,2.0NRT,292.87,0.89,N
23.95027,77.83846,307.06,0.37,0.58,2026-04-15,1951,N21,VIIRS,n,2.0NRT,292.78,1.26,N
23.95154,77.61203,309.85,0.39,0.59,2026-04-15,1951,N21,VIIRS,n,2.0NRT,291.08,1.04,N
23.9523,77.83723,307.06,0.37,0.58,2026-04-15,1951,N21,VIIRS,n,2.0NRT,292.54,1.68,N
23.95265,77.83359,317.02,0.37,0.58,2026-04-15,1951,N21,VIIRS,n,2.0NRT,292.88,2.08,N
23.95595,77.83539,312.41,0.37,0.58,2026-04-15,1951,N21,VIIRS,n,2.0NRT,292.47,2.84,N
23.95904,77.67506,312.92,0.38,0.59,2026-04-15,1951,N21,VIIRS,n,2.0NRT,294.57,2.1,N
23.9602,77.90937,304,0.37,0.58,2026-04-15,1951,N21,VIIRS,n,2.0NRT,292.5,0.37,N
23.96186,77.67789,306.8,0.38,0.59,2026-04-15,1951,N21,VIIRS,n,2.0NRT,294.54,2.23,N
23.97027,77.21951,306.74,0.41,0.61,2026-04-15,1951,N21,VIIRS,n,2.0NRT,290.69,1.24,N
23.97062,77.21548,301.36,0.41,0.61,2026-04-15,1951,N21,VIIRS,n,2.0NRT,290.66,1.1,N
23.97104,77.7254,312.64,0.38,0.59,2026-04-15,1951,N21,VIIRS,n,2.0NRT,294.53,1.33,N
23.97136,77.72166,306.58,0.38,0.59,2026-04-15,1951,N21,VIIRS,n,2.0NRT,294.05,1.33,N
23.97334,76.11955,317.24,0.48,0.65,2026-04-15,1951,N21,VIIRS,n,2.0NRT,292.91,2.18,N
23.97615,76.11783,306.94,0.48,0.65,2026-04-15,1951,N21,VIIRS,n,2.0NRT,292.7,1.57,N
23.98416,77.57462,304.86,0.39,0.59,2026-04-15,1951,N21,VIIRS,n,2.0NRT,291.83,0.79,N
23.99149,84.02294,316.68,0.48,0.4,2026-04-15,1951,N21,VIIRS,n,2.0NRT,294.21,1.42,N
23.99724,78.77385,320.25,0.33,0.55,2026-04-15,1951,N21,VIIRS,n,2.0NRT,290.97,2.2,N
23.99755,78.77067,321,0.33,0.55,2026-04-15,1951,N21,VIIRS,n,2.0NRT,291.29,2.2,N
24.00021,77.45264,303.62,0.4,0.6,2026-04-15,1951,N21,VIIRS,n,2.0NRT,292.51,0.65,N
24.00475,78.12354,302.74,0.36,0.57,2026-04-15,1951,N21,VIIRS,n,2.0NRT,292.31,0.63,N
24.01209,78.7787,311.85,0.33,0.55,2026-04-15,1951,N21,VIIRS,n,2.0NRT,290.74,0.75,N
24.01861,76.9639,303.85,0.43,0.62,2026-04-15,1951,N21,VIIRS,n,2.0NRT,291.47,0.59,N
24.02219,77.45486,304.49,0.4,0.6,2026-04-15,1951,N21,VIIRS,n,2.0NRT,291.77,2.81,N
24.02287,77.44701,337.36,0.4,0.6,2026-04-15,1951,N21,VIIRS,n,2.0NRT,293.92,4.91,N
24.02837,77.44761,333.81,0.4,0.6,2026-04-15,1951,N21,VIIRS,n,2.0NRT,293.18,4.82,N
24.02905,77.43978,305.5,0.4,0.6,2026-04-15,1951,N21,VIIRS,n,2.0NRT,292.38,1.06,N
24.03076,77.72797,308.27,0.38,0.59,2026-04-15,1951,N21,VIIRS,n,2.0NRT,292.54,1.4,N
24.03452,78.81032,308.47,0.32,0.55,2026-04-15,1951,N21,VIIRS,n,2.0NRT,290.82,1.12,N
24.03527,76.9697,309.05,0.43,0.62,2026-04-15,1951,N21,VIIRS,n,2.0NRT,291.29,0.85,N
24.03785,76.96926,301.62,0.43,0.62,2026-04-15,1951,N21,VIIRS,n,2.0NRT,291.33,0.94,N
24.03875,77.81828,309.73,0.38,0.58,2026-04-15,1951,N21,VIIRS,n,2.0NRT,292.45,1.2,N
24.03909,77.81461,304.74,0.38,0.58,2026-04-15,1951,N21,VIIRS,n,2.0NRT,291.86,1.08,N
24.0403,77.62313,306.76,0.39,0.59,2026-04-15,1951,N21,VIIRS,n,2.0NRT,292.72,1.27,N
24.04242,77.83713,305.81,0.37,0.58,2026-04-15,1951,N21,VIIRS,n,2.0NRT,292.46,1.49,N
24.04338,78.33815,308.5,0.35,0.57,2026-04-15,1951,N21,VIIRS,n,2.0NRT,293.53,1.29,N
24.04417,77.45705,307.98,0.4,0.6,2026-04-15,1951,N21,VIIRS,n,2.0NRT,292.39,0.9,N
24.04562,77.83718,306.4,0.38,0.58,2026-04-15,1951,N21,VIIRS,n,2.0NRT,291.97,1.4,N
24.05139,77.43823,304.52,0.4,0.6,2026-04-15,1951,N21,VIIRS,n,2.0NRT,292.3,1.04,N
24.05271,77.72649,303.32,0.38,0.59,2026-04-15,1951,N21,VIIRS,n,2.0NRT,291.25,1.35,N
24.05393,76.88232,304.59,0.43,0.62,2026-04-15,1951,N21,VIIRS,n,2.0NRT,291.26,0.55,N
24.05517,77.72635,302.4,0.38,0.59,2026-04-15,1951,N21,VIIRS,n,2.0NRT,290.97,1.13,N
24.05672,77.77152,303.81,0.38,0.59,2026-04-15,1951,N21,VIIRS,n,2.0NRT,292.42,1.19,N
24.05954,77.53234,309.08,0.39,0.6,2026-04-15,1951,N21,VIIRS,n,2.0NRT,291.48,1.4,N
24.05988,77.52853,301.13,0.39,0.6,2026-04-15,1951,N21,VIIRS,n,2.0NRT,291.11,1.21,N
24.06256,77.55978,304.24,0.39,0.59,2026-04-15,1951,N21,VIIRS,n,2.0NRT,291.51,0.79,N
24.06324,85.21548,308.19,0.43,0.38,2026-04-15,1951,N21,VIIRS,n,2.0NRT,293.8,1.07,N
24.06519,77.98225,310.48,0.37,0.58,2026-04-15,1951,N21,VIIRS,n,2.0NRT,292.4,1.23,N
24.08734,77.91542,316.59,0.37,0.58,2026-04-15,1951,N21,VIIRS,n,2.0NRT,293.16,1.4,N
24.09664,77.87215,367,0.37,0.58,2026-04-15,1951,N21,VIIRS,h,2.0NRT,296.24,8.43,N
24.11219,78.38663,324.99,0.35,0.56,2026-04-15,1951,N21,VIIRS,n,2.0NRT,291.78,3.17,N
24.11251,78.38326,303.55,0.35,0.56,2026-04-15,1951,N21,VIIRS,n,2.0NRT,291.88,3.17,N
24.11355,78.39003,316.17,0.35,0.56,2026-04-15,1951,N21,VIIRS,n,2.0NRT,291.15,4.35,N
24.11386,78.38666,352.52,0.35,0.56,2026-04-15,1951,N21,VIIRS,n,2.0NRT,293.9,4.88,N
24.11416,78.38328,306.35,0.35,0.56,2026-04-15,1951,N21,VIIRS,n,2.0NRT,291.82,4.88,N
24.11594,86.86001,318.58,0.39,0.36,2026-04-15,1951,N21,VIIRS,n,2.0NRT,298.13,2.59,N
24.11704,78.39058,312.41,0.35,0.56,2026-04-15,1951,N21,VIIRS,n,2.0NRT,290.76,4.21,N
24.11737,78.3872,340.38,0.35,0.56,2026-04-15,1951,N21,VIIRS,n,2.0NRT,292.53,3.17,N
24.12249,82.48762,307.16,0.39,0.44,2026-04-15,1951,N21,VIIRS,n,2.0NRT,296.37,1.56,N
24.12802,78.16848,307.38,0.36,0.57,2026-04-15,1951,N21,VIIRS,n,2.0NRT,291.99,1.08,N
24.12819,78.16806,304.56,0.36,0.57,2026-04-15,1951,N21,VIIRS,n,2.0NRT,291.97,1.02,N
24.12877,78.93631,303.93,0.32,0.55,2026-04-15,1951,N21,VIIRS,n,2.0NRT,292.02,0.53,N
24.13074,82.62115,321.21,0.57,0.43,2026-04-15,1951,N21,VIIRS,n,2.0NRT,297.71,5.33,N
24.13482,78.03243,302.54,0.37,0.58,2026-04-15,1951,N21,VIIRS,n,2.0NRT,292.48,0.39,N
24.14129,82.63383,307.5,0.57,0.43,2026-04-15,1951,N21,VIIRS,n,2.0NRT,296.31,3.48,N
24.14147,80.34756,305.78,0.52,0.5,2026-04-15,1951,N21,VIIRS,n,2.0NRT,293.16,1.23,N
24.14483,77.45445,304.21,0.4,0.6,2026-04-15,1951,N21,VIIRS,n,2.0NRT,290.36,0.75,N
24.14585,86.33321,310.86,0.4,0.37,2026-04-15,1951,N21,VIIRS,n,2.0NRT,297.36,1.68,N
24.1466,77.241,326.62,0.41,0.61,2026-04-15,1951,N21,VIIRS,n,2.0NRT,291.03,2.49,N
24.14732,78.01208,306.6,0.37,0.58,2026-04-15,1951,N21,VIIRS,n,2.0NRT,291.88,0.83,N
24.14824,78.01277,301.64,0.37,0.58,2026-04-15,1951,N21,VIIRS,n,2.0NRT,291.53,0.47,N
24.14858,78.00918,303.47,0.37,0.58,2026-04-15,1951,N21,VIIRS,n,2.0NRT,291.75,0.56,N
24.15464,78.11024,306.05,0.36,0.57,2026-04-15,1951,N21,VIIRS,n,2.0NRT,291.93,0.91,N
24.15496,78.10668,306.88,0.36,0.57,2026-04-15,1951,N21,VIIRS,n,2.0NRT,291.16,0.91,N
24.15629,82.67547,312.34,0.56,0.43,2026-04-15,1951,N21,VIIRS,n,2.0NRT,296.1,1.79,N
24.15953,82.41581,311.85,0.39,0.44,2026-04-15,1951,N21,VIIRS,n,2.0NRT,295.66,1.37,N
24.16009,78.92702,303.49,0.32,0.55,2026-04-15,1951,N21,VIIRS,n,2.0NRT,293.38,0.58,N
24.16169,82.63156,332.19,0.57,0.43,2026-04-15,1951,N21,VIIRS,n,2.0NRT,297.76,7.34,N
24.16481,77.41707,307.79,0.4,0.6,2026-04-15,1951,N21,VIIRS,n,2.0NRT,291.94,0.64,N
24.16545,77.47221,367,0.4,0.6,2026-04-15,1951,N21,VIIRS,h,2.0NRT,294.16,5.67,N
24.16702,82.62098,313.54,0.57,0.43,2026-04-15,1951,N21,VIIRS,n,2.0NRT,295.21,3.3,N
24.17094,77.47277,316.18,0.4,0.6,2026-04-15,1951,N21,VIIRS,n,2.0NRT,290.51,5.67,N
24.17678,77.46948,352.6,0.4,0.6,2026-04-15,1951,N21,VIIRS,n,2.0NRT,293.65,8.15,N
24.17837,77.19917,321.69,0.41,0.61,2026-04-15,1951,N21,VIIRS,n,2.0NRT,291.68,2.54,N
24.17982,77.49717,303.45,0.4,0.6,2026-04-15,1951,N21,VIIRS,n,2.0NRT,290.9,1.67,N
24.18017,77.49328,317.59,0.4,0.6,2026-04-15,1951,N21,VIIRS,n,2.0NRT,291.49,2.09,N
24.18077,77.49602,310.12,0.4,0.6,2026-04-15,1951,N21,VIIRS,n,2.0NRT,291.31,2.29,N
24.1811,77.49212,306.44,0.4,0.6,2026-04-15,1951,N21,VIIRS,n,2.0NRT,291.1,1.6,N
24.18193,77.4739,302.15,0.4,0.6,2026-04-15,1951,N21,VIIRS,n,2.0NRT,290.94,5.83,N
24.18228,77.47002,354.52,0.4,0.6,2026-04-15,1951,N21,VIIRS,n,2.0NRT,293.76,8.15,N
24.18273,77.47269,313.47,0.4,0.6,2026-04-15,1951,N21,VIIRS,n,2.0NRT,291.17,3.38,N
24.18305,77.4688,330.1,0.4,0.6,2026-04-15,1951,N21,VIIRS,n,2.0NRT,292.07,4.65,N
24.18497,82.66419,307.33,0.57,0.43,2026-04-15,1951,N21,VIIRS,n,2.0NRT,296.38,2.27,N
24.18927,77.39426,308.29,0.4,0.6,2026-04-15,1951,N21,VIIRS,n,2.0NRT,292.51,1.84,N
24.18936,77.39169,321.81,0.4,0.6,2026-04-15,1951,N21,VIIRS,n,2.0NRT,293.33,3.08,N
24.1896,77.3903,310.45,0.4,0.6,2026-04-15,1951,N21,VIIRS,n,2.0NRT,292.62,1.76,N
24.19485,82.71613,306.6,0.56,0.43,2026-04-15,1951,N21,VIIRS,n,2.0NRT,296.18,2.11,N
24.19624,78.17899,306.06,0.36,0.57,2026-04-15,1951,N21,VIIRS,n,2.0NRT,292.49,0.79,N
24.19878,77.47168,323.86,0.4,0.6,2026-04-15,1951,N21,VIIRS,n,2.0NRT,291.78,2.54,N
24.1988,82.71661,312.36,0.56,0.43,2026-04-15,1951,N21,VIIRS,n,2.0NRT,297,2.11,N
24.19922,77.4744,310.15,0.4,0.6,2026-04-15,1951,N21,VIIRS,n,2.0NRT,290.99,2.48,N
24.19955,77.47051,306.77,0.4,0.6,2026-04-15,1951,N21,VIIRS,n,2.0NRT,290.99,2.52,N
24.2006,80.88612,309.5,0.48,0.48,2026-04-15,1951,N21,VIIRS,n,2.0NRT,296.11,2.17,N
24.20111,80.88142,306.62,0.48,0.48,2026-04-15,1951,N21,VIIRS,n,2.0NRT,295.98,2.17,N
24.20345,82.71137,319.64,0.56,0.43,2026-04-15,1951,N21,VIIRS,n,2.0NRT,298.4,6.25,N
24.20408,82.70609,309.35,0.56,0.43,2026-04-15,1951,N21,VIIRS,n,2.0NRT,297.2,3,N
24.2045,77.79324,318.46,0.38,0.59,2026-04-15,1951,N21,VIIRS,n,2.0NRT,293.28,1.53,N
24.2353,78.04676,309.48,0.37,0.58,2026-04-15,1951,N21,VIIRS,n,2.0NRT,292.24,0.97,N
24.23978,78.04553,307.11,0.37,0.58,2026-04-15,1951,N21,VIIRS,n,2.0NRT,291.92,0.92,N
24.24214,77.42747,306.51,0.4,0.6,2026-04-15,1951,N21,VIIRS,n,2.0NRT,292.43,0.65,N
24.24651,84.59663,305.73,0.45,0.39,2026-04-15,1951,N21,VIIRS,n,2.0NRT,294.08,1.26,N
24.24873,77.47929,306.41,0.4,0.6,2026-04-15,1951,N21,VIIRS,n,2.0NRT,291.09,1.22,N
24.24907,77.4754,312.64,0.4,0.6,2026-04-15,1951,N21,VIIRS,n,2.0NRT,291.92,1.71,N
24.24941,77.4715,312.67,0.4,0.6,2026-04-15,1951,N21,VIIRS,n,2.0NRT,292.03,1.71,N
24.27452,77.18232,307.14,0.42,0.61,2026-04-15,1951,N21,VIIRS,n,2.0NRT,290.88,1.7,N
24.27487,77.1782,316.65,0.42,0.61,2026-04-15,1951,N21,VIIRS,n,2.0NRT,291.75,3.44,N
24.28012,77.18285,311.14,0.42,0.61,2026-04-15,1951,N21,VIIRS,n,2.0NRT,290.88,1.7,N
24.28897,78.09401,312.39,0.36,0.58,2026-04-15,1951,N21,VIIRS,n,2.0NRT,292.06,1.34,N
24.2893,78.09042,314.88,0.36,0.58,2026-04-15,1951,N21,VIIRS,n,2.0NRT,291.46,2.11,N
24.29145,77.43627,308.27,0.4,0.6,2026-04-15,1951,N21,VIIRS,n,2.0NRT,292.32,1.06,N
24.2954,80.91881,315.85,0.48,0.48,2026-04-15,1951,N21,VIIRS,n,2.0NRT,292.31,1.92,N
24.29641,80.90936,309.67,0.48,0.48,2026-04-15,1951,N21,VIIRS,n,2.0NRT,292.97,2.05,N
24.29742,77.24335,308.85,0.41,0.61,2026-04-15,1951,N21,VIIRS,n,2.0NRT,294.09,2.05,N
24.29906,77.28843,313.58,0.41,0.61,2026-04-15,1951,N21,VIIRS,n,2.0NRT,293.41,1.79,N
24.29931,80.92406,304.23,0.48,0.48,2026-04-15,1951,N21,VIIRS,n,2.0NRT,292.3,0.98,N
24.30372,80.92461,304.68,0.48,0.48,2026-04-15,1951,N21,VIIRS,n,2.0NRT,291.55,0.98,N
24.30547,77.72704,314.86,0.38,0.59,2026-04-15,1951,N21,VIIRS,n,2.0NRT,294.77,1.63,N
24.30576,78.0273,304.39,0.37,0.58,2026-04-15,1951,N21,VIIRS,n,2.0NRT,291.76,0.61,N
24.32521,81.327,311.35,0.45,0.47,2026-04-15,1951,N21,VIIRS,n,2.0NRT,299.13,3.53,N
24.34776,81.34344,307.56,0.45,0.47,2026-04-15,1951,N21,VIIRS,n,2.0NRT,296.78,2.83,N
24.35692,81.37897,315.14,0.45,0.47,2026-04-15,1951,N21,VIIRS,n,2.0NRT,297.56,4.51,N
24.35738,81.37479,308.39,0.45,0.47,2026-04-15,1951,N21,VIIRS,n,2.0NRT,297.47,2.98,N
24.38655,78.18983,305.64,0.36,0.57,2026-04-15,1951,N21,VIIRS,n,2.0NRT,292,0.99,N
24.38688,78.18629,308.6,0.36,0.57,2026-04-15,1951,N21,VIIRS,n,2.0NRT,292.27,1.48,N
24.38783,78.93294,301.47,0.32,0.55,2026-04-15,1951,N21,VIIRS,n,2.0NRT,290.94,0.44,N
24.39167,78.94614,305.19,0.32,0.55,2026-04-15,1951,N21,VIIRS,n,2.0NRT,291.99,1.31,N
24.39197,78.94297,301.92,0.32,0.55,2026-04-15,1951,N21,VIIRS,n,2.0NRT,291.49,0.74,N
24.39465,78.91441,303.9,0.32,0.55,2026-04-15,1951,N21,VIIRS,n,2.0NRT,291.46,1.2,N
24.39699,78.94353,306.47,0.32,0.55,2026-04-15,1951,N21,VIIRS,n,2.0NRT,291.92,0.74,N
24.40367,77.55145,307.47,0.39,0.6,2026-04-15,1951,N21,VIIRS,n,2.0NRT,291.78,0.69,N
24.42914,77.58811,306.97,0.39,0.6,2026-04-15,1951,N21,VIIRS,n,2.0NRT,292.43,0.88,N
24.4477,80.30917,309.08,0.53,0.5,2026-04-15,1951,N21,VIIRS,n,2.0NRT,293.18,1.79,N
24.44811,80.30746,310.66,0.53,0.5,2026-04-15,1951,N21,VIIRS,n,2.0NRT,293.41,1.72,N
24.45617,77.53169,300.74,0.4,0.6,2026-04-15,1951,N21,VIIRS,n,2.0NRT,290.69,0.43,N
24.47624,85.18719,308.96,0.43,0.38,2026-04-15,1951,N21,VIIRS,n,2.0NRT,298.61,2.59,N
24.48388,77.14392,305.03,0.42,0.61,2026-04-15,1951,N21,VIIRS,n,2.0NRT,293.16,1,N
24.48927,85.09303,305.31,0.44,0.38,2026-04-15,1951,N21,VIIRS,n,2.0NRT,294.33,0.58,N
24.50502,83.21429,309.18,0.53,0.42,2026-04-15,1951,N21,VIIRS,n,2.0NRT,297.5,4.2,N
24.50947,83.20998,310.05,0.53,0.42,2026-04-15,1951,N21,VIIRS,n,2.0NRT,297.46,3.27,N
24.5253,83.41881,308.08,0.52,0.42,2026-04-15,1951,N21,VIIRS,n,2.0NRT,297.74,2.32,N
24.52535,83.42203,309.51,0.52,0.41,2026-04-15,1951,N21,VIIRS,n,2.0NRT,297.53,3.13,N
24.52576,79.71534,311.87,0.58,0.52,2026-04-15,1951,N21,VIIRS,n,2.0NRT,296.68,4.6,N
24.52587,79.71651,312.05,0.58,0.52,2026-04-15,1951,N21,VIIRS,n,2.0NRT,296.58,4.1,N
24.52904,83.41987,310.68,0.52,0.42,2026-04-15,1951,N21,VIIRS,n,2.0NRT,298.6,2.32,N
24.52969,83.41457,323.33,0.52,0.42,2026-04-15,1951,N21,VIIRS,n,2.0NRT,299.15,2.32,N
24.52976,83.41785,312.69,0.52,0.41,2026-04-15,1951,N21,VIIRS,n,2.0NRT,298.75,3.13,N
24.53043,83.41266,313.04,0.52,0.42,2026-04-15,1951,N21,VIIRS,n,2.0NRT,298.69,3.72,N
24.53678,77.94074,302.65,0.37,0.58,2026-04-15,1951,N21,VIIRS,n,2.0NRT,290.98,0.51,N
24.55689,77.39809,301.87,0.41,0.6,2026-04-15,1951,N21,VIIRS,n,2.0NRT,291.13,0.8,N
24.57354,77.39961,315.04,0.41,0.6,2026-04-15,1951,N21,VIIRS,n,2.0NRT,290.87,1.45,N
24.57796,78.64468,317.99,0.34,0.56,2026-04-15,1951,N21,VIIRS,n,2.0NRT,290.8,1.81,N
24.58204,74.64409,303.18,0.61,0.71,2026-04-15,1951,N21,VIIRS,n,2.0NRT,290.24,0.8,N
24.58467,78.11177,305.02,0.37,0.58,2026-04-15,1951,N21,VIIRS,n,2.0NRT,291.48,0.88,N
24.60407,76.38235,304.3,0.47,0.64,2026-04-15,1951,N21,VIIRS,n,2.0NRT,291.79,0.85,N
24.60549,76.38442,302.25,0.47,0.64,2026-04-15,1951,N21,VIIRS,n,2.0NRT,291.47,0.7,N
24.61615,83.92094,311.94,0.49,0.4,2026-04-15,1951,N21,VIIRS,n,2.0NRT,298.01,3.15,N
24.62733,76.38912,305.81,0.47,0.64,2026-04-15,1951,N21,VIIRS,n,2.0NRT,291.38,0.98,N
24.62769,76.38447,302.82,0.47,0.64,2026-04-15,1951,N21,VIIRS,n,2.0NRT,291.55,0.98,N
24.63323,76.38966,320.05,0.47,0.64,2026-04-15,1951,N21,VIIRS,n,2.0NRT,291.2,2.27,N
24.6384,78.91217,347.81,0.32,0.55,2026-04-15,1951,N21,VIIRS,n,2.0NRT,294.54,6.14,N
24.63871,78.90896,316.59,0.32,0.55,2026-04-15,1951,N21,VIIRS,n,2.0NRT,292.26,3.94,N
24.64575,78.94191,307.24,0.32,0.55,2026-04-15,1951,N21,VIIRS,n,2.0NRT,292.55,0.42,N
24.64871,76.34393,302.89,0.48,0.64,2026-04-15,1951,N21,VIIRS,n,2.0NRT,291.88,0.84,N
24.65463,76.34444,303.91,0.48,0.64,2026-04-15,1951,N21,VIIRS,n,2.0NRT,291.52,0.84,N
24.65951,78.9048,319.05,0.33,0.55,2026-04-15,1951,N21,VIIRS,n,2.0NRT,292.41,1.14,N
24.65982,78.90158,302.74,0.33,0.55,2026-04-15,1951,N21,VIIRS,n,2.0NRT,291.5,1.14,N
24.66211,76.96415,303.67,0.43,0.62,2026-04-15,1951,N21,VIIRS,n,2.0NRT,288.95,1.27,N
24.66352,76.30735,308.46,0.48,0.65,2026-04-15,1951,N21,VIIRS,n,2.0NRT,292.58,1.37,N
24.66417,77.11031,314.12,0.42,0.61,2026-04-15,1951,N21,VIIRS,n,2.0NRT,292.49,7.07,N
24.66445,76.96457,301.33,0.43,0.62,2026-04-15,1951,N21,VIIRS,n,2.0NRT,290.58,1.49,N
24.66451,77.10609,367,0.42,0.61,2026-04-15,1951,N21,VIIRS,h,2.0NRT,295.73,13.17,N
24.66636,77.61627,305.46,0.39,0.6,2026-04-15,1951,N21,VIIRS,n,2.0NRT,293.6,1.16,N
24.66639,77.15281,327.48,0.42,0.61,2026-04-15,1951,N21,VIIRS,n,2.0NRT,293.62,2.38,N
24.66646,76.63778,318.48,0.46,0.63,2026-04-15,1951,N21,VIIRS,n,2.0NRT,291.97,2.43,N
24.66982,77.11085,308.91,0.42,0.61,2026-04-15,1951,N21,VIIRS,n,2.0NRT,291.3,1.97,N
24.67134,77.16171,310.03,0.42,0.61,2026-04-15,1951,N21,VIIRS,n,2.0NRT,293.1,3.62,N
24.67169,77.15751,313.69,0.42,0.61,2026-04-15,1951,N21,VIIRS,n,2.0NRT,293.45,2.38,N
24.67204,77.15332,305.26,0.42,0.61,2026-04-15,1951,N21,VIIRS,n,2.0NRT,293.41,2.38,N
24.67697,77.16233,323.58,0.42,0.61,2026-04-15,1951,N21,VIIRS,n,2.0NRT,294.6,3.89,N
24.67711,82.27587,307.6,0.4,0.44,2026-04-15,1951,N21,VIIRS,n,2.0NRT,296.48,1.92,N
24.68145,76.45505,310.25,0.47,0.64,2026-04-15,1951,N21,VIIRS,n,2.0NRT,293.02,2.72,N
24.68184,76.45039,305.89,0.47,0.64,2026-04-15,1951,N21,VIIRS,n,2.0NRT,292.47,1.7,N
24.68297,77.8597,303.75,0.38,0.59,2026-04-15,1951,N21,VIIRS,n,2.0NRT,291.33,0.56,N
24.6867,82.26449,313.15,0.4,0.44,2026-04-15,1951,N21,VIIRS,n,2.0NRT,296.73,1.54,N
24.70676,77.77898,312.28,0.38,0.59,2026-04-15,1951,N21,VIIRS,n,2.0NRT,291.8,1.16,N
24.70691,77.07628,302.53,0.43,0.62,2026-04-15,1951,N21,VIIRS,n,2.0NRT,291.76,1.29,N
24.70882,77.77843,311.34,0.39,0.59,2026-04-15,1951,N21,VIIRS,n,2.0NRT,291.65,0.83,N
24.70973,77.50184,314.55,0.4,0.6,2026-04-15,1951,N21,VIIRS,n,2.0NRT,291.79,1.84,N
24.70993,77.50072,307.63,0.4,0.6,2026-04-15,1951,N21,VIIRS,n,2.0NRT,291.87,2.01,N
24.71338,76.71368,305.54,0.45,0.63,2026-04-15,1951,N21,VIIRS,n,2.0NRT,291.08,1.75,N
24.71461,76.31603,313.07,0.48,0.65,2026-04-15,1951,N21,VIIRS,n,2.0NRT,291.28,2.09,N
24.71656,76.31672,311.67,0.48,0.64,2026-04-15,1951,N21,VIIRS,n,2.0NRT,290.93,1.96,N
24.71716,77.09015,303.28,0.43,0.62,2026-04-15,1951,N21,VIIRS,n,2.0NRT,291.01,1.8,N
24.71752,77.0859,310.33,0.43,0.62,2026-04-15,1951,N21,VIIRS,n,2.0NRT,291.14,2.17,N
24.72829,76.81734,332.5,0.44,0.63,2026-04-15,1951,N21,VIIRS,n,2.0NRT,291.32,4.17,N
24.72984,77.14218,306.71,0.42,0.61,2026-04-15,1951,N21,VIIRS,n,2.0NRT,292.58,1.43,N
24.73225,76.76888,303.41,0.45,0.63,2026-04-15,1951,N21,VIIRS,n,2.0NRT,290.73,1.43,N
24.73632,77.06633,301.69,0.43,0.62,2026-04-15,1951,N21,VIIRS,n,2.0NRT,290.01,0.87,N
24.73839,76.76497,310.21,0.45,0.63,2026-04-15,1951,N21,VIIRS,n,2.0NRT,290.51,1.94,N
24.74162,76.79648,312.58,0.45,0.63,2026-04-15,1951,N21,VIIRS,n,2.0NRT,291.11,1.92,N
24.74198,76.79209,316.04,0.45,0.63,2026-04-15,1951,N21,VIIRS,n,2.0NRT,291.93,6.3,N
24.74235,76.78768,316.19,0.45,0.63,2026-04-15,1951,N21,VIIRS,n,2.0NRT,292.38,6.3,N
24.74271,76.78328,303.32,0.45,0.63,2026-04-15,1951,N21,VIIRS,n,2.0NRT,291.97,6.79,N
24.74812,76.78819,355.12,0.45,0.63,2026-04-15,1951,N21,VIIRS,n,2.0NRT,294.32,6.3,N
24.74848,76.78377,337.37,0.45,0.63,2026-04-15,1951,N21,VIIRS,n,2.0NRT,293.33,6.79,N
24.74984,77.04203,304.75,0.43,0.62,2026-04-15,1951,N21,VIIRS,n,2.0NRT,290.77,0.99,N
24.74992,76.39987,307.79,0.47,0.64,2026-04-15,1951,N21,VIIRS,n,2.0NRT,292.91,1.35,N
24.75258,77.04055,303.88,0.43,0.62,2026-04-15,1951,N21,VIIRS,n,2.0NRT,290.87,1.21,N
24.75443,77.05524,303.44,0.43,0.62,2026-04-15,1951,N21,VIIRS,n,2.0NRT,290.08,0.92,N
24.75864,78.18334,305.85,0.36,0.58,2026-04-15,1951,N21,VIIRS,n,2.0NRT,291.61,0.58,N
24.75919,78.1836,305.34,0.36,0.58,2026-04-15,1951,N21,VIIRS,n,2.0NRT,291.74,0.55,N
24.76702,77.61344,302,0.4,0.6,2026-04-15,1951,N21,VIIRS,n,2.0NRT,290.72,0.77,N
24.76881,77.71909,300.95,0.39,0.59,2026-04-15,1951,N21,VIIRS,n,2.0NRT,290.92,0.7,N
24.77269,79.26547,303.77,0.62,0.54,2026-04-15,1951,N21,VIIRS,n,2.0NRT,291.5,1.55,N
24.77453,76.88792,304.62,0.44,0.62,2026-04-15,1951,N21,VIIRS,n,2.0NRT,291.77,1.03,N
24.77626,76.88611,304.27,0.44,0.62,2026-04-15,1951,N21,VIIRS,n,2.0NRT,291.87,1.28,N
24.79156,77.2604,308.13,0.42,0.61,2026-04-15,1951,N21,VIIRS,n,2.0NRT,292.55,1.07,N
24.79617,77.80574,309.02,0.38,0.59,2026-04-15,1951,N21,VIIRS,n,2.0NRT,292.23,0.95,N
24.79736,76.61437,305.01,0.46,0.63,2026-04-15,1951,N21,VIIRS,n,2.0NRT,290.66,1.46,N
24.79781,76.61222,306.71,0.46,0.63,2026-04-15,1951,N21,VIIRS,n,2.0NRT,291.41,1.32,N
24.79935,77.80669,309.46,0.38,0.59,2026-04-15,1951,N21,VIIRS,n,2.0NRT,291.79,0.87,N
24.80175,76.34754,300.96,0.48,0.64,2026-04-15,1951,N21,VIIRS,n,2.0NRT,290.76,0.64,N
24.80513,76.35456,305.67,0.48,0.64,2026-04-15,1951,N21,VIIRS,n,2.0NRT,290.44,1.27,N
24.80692,76.3575,303.01,0.48,0.64,2026-04-15,1951,N21,VIIRS,n,2.0NRT,290.42,1.64,N
24.81367,77.19979,305.67,0.42,0.61,2026-04-15,1951,N21,VIIRS,n,2.0NRT,291.16,2.15,N
24.81402,77.19562,338.75,0.42,0.61,2026-04-15,1951,N21,VIIRS,n,2.0NRT,292.03,5.24,N
24.81799,76.36803,301.53,0.48,0.64,2026-04-15,1951,N21,VIIRS,n,2.0NRT,290.36,0.42,N
24.82484,77.26797,305,0.42,0.61,2026-04-15,1951,N21,VIIRS,n,2.0NRT,292.07,0.45,N
24.82753,79.41859,306.52,0.61,0.53,2026-04-15,1951,N21,VIIRS,n,2.0NRT,292.03,1.87,N
24.83,77.00517,303.94,0.43,0.62,2026-04-15,1951,N21,VIIRS,n,2.0NRT,291.94,0.82,N
24.8301,76.57164,311.42,0.46,0.64,2026-04-15,1951,N21,VIIRS,n,2.0NRT,290.77,1.48,N
24.83842,78.24586,302.98,0.36,0.57,2026-04-15,1951,N21,VIIRS,n,2.0NRT,290.62,0.87,N
24.84264,77.12665,317.36,0.43,0.62,2026-04-15,1951,N21,VIIRS,n,2.0NRT,292.57,2.43,N
24.84356,76.98047,310.23,0.43,0.62,2026-04-15,1951,N21,VIIRS,n,2.0NRT,292.47,1.53,N
24.8441,77.10963,301.36,0.43,0.62,2026-04-15,1951,N21,VIIRS,n,2.0NRT,290.82,1.19,N
24.84446,77.10539,313.77,0.43,0.62,2026-04-15,1951,N21,VIIRS,n,2.0NRT,291.5,1.54,N
24.84563,77.54481,303.42,0.4,0.6,2026-04-15,1951,N21,VIIRS,n,2.0NRT,290.31,0.8,N
24.84781,76.99835,313.88,0.43,0.62,2026-04-15,1951,N21,VIIRS,n,2.0NRT,292.39,3.1,N
24.84818,76.99403,308.22,0.43,0.62,2026-04-15,1951,N21,VIIRS,n,2.0NRT,292.34,2.3,N
24.84928,77.76114,311.02,0.39,0.59,2026-04-15,1951,N21,VIIRS,n,2.0NRT,293.06,1.37,N
24.85295,77.10892,314.28,0.43,0.62,2026-04-15,1951,N21,VIIRS,n,2.0NRT,291.22,1.63,N
24.85543,77.11068,314.69,0.43,0.62,2026-04-15,1951,N21,VIIRS,n,2.0NRT,291.19,1.37,N
24.85862,77.10948,304.6,0.43,0.62,2026-04-15,1951,N21,VIIRS,n,2.0NRT,290.99,0.65,N
24.87247,76.63064,304.87,0.46,0.63,2026-04-15,1951,N21,VIIRS,n,2.0NRT,290.94,2.75,N
24.87254,76.55709,302.03,0.46,0.64,2026-04-15,1951,N21,VIIRS,n,2.0NRT,290.28,1.82,N
24.87358,76.61697,310.29,0.46,0.63,2026-04-15,1951,N21,VIIRS,n,2.0NRT,290.98,3.4,N
24.88777,77.17198,302.69,0.42,0.61,2026-04-15,1951,N21,VIIRS,n,2.0NRT,292.46,0.82,N
24.8896,76.63673,310.76,0.46,0.63,2026-04-15,1951,N21,VIIRS,n,2.0NRT,291.13,1.08,N
24.88967,76.63458,302.7,0.46,0.63,2026-04-15,1951,N21,VIIRS,n,2.0NRT,291.1,1.32,N
24.89688,77.13038,309.13,0.43,0.62,2026-04-15,1951,N21,VIIRS,n,2.0NRT,290.75,2.79,N
24.89722,77.12614,341.87,0.43,0.62,2026-04-15,1951,N21,VIIRS,n,2.0NRT,292.35,4.79,N
24.89752,76.68261,306.52,0.45,0.63,2026-04-15,1951,N21,VIIRS,n,2.0NRT,291.92,0.56,N
24.89757,77.12188,312.47,0.43,0.62,2026-04-15,1951,N21,VIIRS,n,2.0NRT,291.68,4.79,N
24.91652,76.95977,306.21,0.44,0.62,2026-04-15,1951,N21,VIIRS,n,2.0NRT,291.71,1.42,N
24.91688,76.95543,302.06,0.44,0.62,2026-04-15,1951,N21,VIIRS,n,2.0NRT,291.48,0.95,N
24.91723,76.95107,308.23,0.44,0.62,2026-04-15,1951,N21,VIIRS,n,2.0NRT,291.93,0.95,N
24.9226,76.95599,308.21,0.44,0.62,2026-04-15,1951,N21,VIIRS,n,2.0NRT,291.94,0.95,N
24.9326,76.90409,306.48,0.44,0.62,2026-04-15,1951,N21,VIIRS,n,2.0NRT,292.16,1.55,N
24.93547,76.93965,317.54,0.44,0.62,2026-04-15,1951,N21,VIIRS,n,2.0NRT,292.97,1.73,N
24.93583,76.9353,305.35,0.44,0.62,2026-04-15,1951,N21,VIIRS,n,2.0NRT,292.73,1.73,N
24.94071,77.15174,302.16,0.42,0.61,2026-04-15,1951,N21,VIIRS,n,2.0NRT,290.73,0.53,N
24.9414,76.42101,314.11,0.47,0.64,2026-04-15,1951,N21,VIIRS,n,2.0NRT,290.93,2.38,N
24.94637,77.15222,302.44,0.42,0.61,2026-04-15,1951,N21,VIIRS,n,2.0NRT,291.38,0.62,N
24.94731,76.42153,322.5,0.47,0.64,2026-04-15,1951,N21,VIIRS,n,2.0NRT,291.35,3.57,N
24.94767,76.41686,320.11,0.47,0.64,2026-04-15,1951,N21,VIIRS,n,2.0NRT,291.1,3.57,N
24.95161,76.5944,305.51,0.46,0.64,2026-04-15,1951,N21,VIIRS,n,2.0NRT,291.08,0.84,N
24.95244,78.80524,302.32,0.33,0.55,2026-04-15,1951,N21,VIIRS,n,2.0NRT,291.79,0.52,N
24.9554,77.22144,307.63,0.42,0.61,2026-04-15,1951,N21,VIIRS,n,2.0NRT,291.37,1.68,N
24.95752,77.22097,310.44,0.42,0.61,2026-04-15,1951,N21,VIIRS,n,2.0NRT,291.75,1.11,N
24.96618,76.9863,313.75,0.44,0.62,2026-04-15,1951,N21,VIIRS,n,2.0NRT,292.5,1.44,N
24.96816,76.98688,313.46,0.44,0.62,2026-04-15,1951,N21,VIIRS,n,2.0NRT,292.21,1.75,N
24.9845,77.74107,303.91,0.39,0.59,2026-04-15,1951,N21,VIIRS,n,2.0NRT,290.32,0.47,N
24.98692,77.89877,304.24,0.38,0.59,2026-04-15,1951,N21,VIIRS,n,2.0NRT,290.59,0.59,N
24.99122,78.00774,314.99,0.38,0.58,2026-04-15,1951,N21,VIIRS,n,2.0NRT,291.85,1.01,N
24.99324,78.00856,314.32,0.37,0.58,2026-04-15,1951,N21,VIIRS,n,2.0NRT,291.86,1.06,N
24.99494,77.89872,303.43,0.38,0.59,2026-04-15,1951,N21,VIIRS,n,2.0NRT,290.45,1.24,N
24.99773,77.89979,305.99,0.38,0.59,2026-04-15,1951,N21,VIIRS,n,2.0NRT,290.95,1.14,N
25.00088,76.42174,304.87,0.47,0.64,2026-04-15,1951,N21,VIIRS,n,2.0NRT,291.72,1.05,N
25.00974,76.89858,315.19,0.44,0.62,2026-04-15,1951,N21,VIIRS,n,2.0NRT,292.71,1.79,N
25.01037,79.77293,312.72,0.58,0.52,2026-04-15,1951,N21,VIIRS,n,2.0NRT,291.25,2.08,N
25.01545,77.11295,310.41,0.43,0.62,2026-04-15,1951,N21,VIIRS,n,2.0NRT,290.92,1.52,N
25.01548,76.89913,315.39,0.44,0.62,2026-04-15,1951,N21,VIIRS,n,2.0NRT,292.66,2.08,N
25.01903,77.13882,303.22,0.43,0.62,2026-04-15,1951,N21,VIIRS,n,2.0NRT,291.76,0.92,N
25.02213,77.30527,347.64,0.42,0.61,2026-04-15,1951,N21,VIIRS,n,2.0NRT,293.2,6.98,N
25.02677,76.60561,304.99,0.46,0.64,2026-04-15,1951,N21,VIIRS,n,2.0NRT,291.28,0.97,N
25.02739,77.30995,304.41,0.42,0.61,2026-04-15,1951,N21,VIIRS,n,2.0NRT,290.98,1.52,N
25.02774,77.30582,316.44,0.42,0.61,2026-04-15,1951,N21,VIIRS,n,2.0NRT,291.47,1.53,N
25.02984,77.28107,305.88,0.42,0.61,2026-04-15,1951,N21,VIIRS,n,2.0NRT,291.74,1.6,N
25.0337,77.30219,305.24,0.42,0.61,2026-04-15,1951,N21,VIIRS,n,2.0NRT,291.21,1.53,N
25.03546,77.28159,316.65,0.42,0.61,2026-04-15,1951,N21,VIIRS,n,2.0NRT,291.81,1.6,N
25.03931,77.30272,339.48,0.42,0.61,2026-04-15,1951,N21,VIIRS,n,2.0NRT,292.3,4.68,N
25.06897,79.86809,301.81,0.57,0.52,2026-04-15,1951,N21,VIIRS,n,2.0NRT,291.34,0.81,N
25.10408,77.25301,302.69,0.42,0.61,2026-04-15,1951,N21,VIIRS,n,2.0NRT,291.78,0.61,N
25.1058,77.756,308.28,0.39,0.59,2026-04-15,1951,N21,VIIRS,n,2.0NRT,290.5,1.28,N
25.10899,76.38857,302.29,0.48,0.64,2026-04-15,1951,N21,VIIRS,n,2.0NRT,290.6,1.15,N
25.11312,76.38601,302.34,0.48,0.65,2026-04-15,1951,N21,VIIRS,n,2.0NRT,291.52,0.96,N
25.11642,77.17213,303.04,0.43,0.62,2026-04-15,1951,N21,VIIRS,n,2.0NRT,292.7,0.96,N
25.13896,77.83594,300.6,0.39,0.59,2026-04-15,1951,N21,VIIRS,n,2.0NRT,290.04,0.91,N
25.17878,77.10982,303.15,0.43,0.62,2026-04-15,1951,N21,VIIRS,n,2.0NRT,290.7,0.69,N
25.21036,76.28857,300.62,0.49,0.65,2026-04-15,1951,N21,VIIRS,n,2.0NRT,290.03,1.51,N
25.2111,76.27894,300,0.49,0.65,2026-04-15,1951,N21,VIIRS,n,2.0NRT,289.57,1.55,N
25.38105,77.08437,304.79,0.43,0.62,2026-04-15,1951,N21,VIIRS,n,2.0NRT,289.51,0.76,N
25.38334,77.19329,300.98,0.43,0.62,2026-04-15,1951,N21,VIIRS,n,2.0NRT,290.67,0.41,N
25.42472,76.69614,302.29,0.46,0.63,2026-04-15,1951,N21,VIIRS,n,2.0NRT,290.97,0.49,N
11.26681,80.00346,326.71,0.56,0.43,2026-04-15,1953,N21,VIIRS,n,2.0NRT,299.46,3.13,N
12.4751,79.39739,311.18,0.42,0.45,2026-04-15,1953,N21,VIIRS,n,2.0NRT,297.24,0.75,N
12.89345,77.40334,306.37,0.58,0.52,2026-04-15,1953,N21,VIIRS,n,2.0NRT,294,1.69,N
13.13898,78.02168,311.84,0.53,0.5,2026-04-15,1953,N21,VIIRS,n,2.0NRT,293.45,3,N
13.13906,78.02308,310.52,0.53,0.5,2026-04-15,1953,N21,VIIRS,n,2.0NRT,294.05,3.51,N
13.31109,78.855,307.29,0.47,0.48,2026-04-15,1953,N21,VIIRS,n,2.0NRT,297.12,1.52,N
13.49909,78.99701,311.2,0.46,0.47,2026-04-15,1953,N21,VIIRS,n,2.0NRT,296.59,2.3,N
13.50354,78.99668,313.5,0.46,0.47,2026-04-15,1953,N21,VIIRS,n,2.0NRT,296.69,3.07,N
13.67727,79.3146,307.91,0.44,0.46,2026-04-15,1953,N21,VIIRS,n,2.0NRT,296.99,1.61,N
13.71099,79.6179,311.21,0.42,0.45,2026-04-15,1953,N21,VIIRS,n,2.0NRT,300.02,2.28,N
13.85753,78.62159,312.07,0.49,0.49,2026-04-15,1953,N21,VIIRS,n,2.0NRT,297.3,3.28,N
13.88868,79.11267,314.87,0.46,0.47,2026-04-15,1953,N21,VIIRS,n,2.0NRT,298.09,2.63,N
13.89056,79.1321,306.94,0.46,0.47,2026-04-15,1953,N21,VIIRS,n,2.0NRT,295.76,1.67,N
13.89112,79.12781,308.14,0.46,0.47,2026-04-15,1953,N21,VIIRS,n,2.0NRT,296.73,1.67,N
13.89296,79.11352,308.87,0.46,0.47,2026-04-15,1953,N21,VIIRS,n,2.0NRT,297.79,2.91,N
13.89433,79.13693,308.28,0.46,0.47,2026-04-15,1953,N21,VIIRS,n,2.0NRT,296.88,2.18,N
13.89865,79.13742,308.99,0.46,0.47,2026-04-15,1953,N21,VIIRS,n,2.0NRT,297.25,2.41,N
13.90643,79.11135,311.39,0.46,0.47,2026-04-15,1953,N21,VIIRS,n,2.0NRT,298.23,3.72,N
13.90704,79.10674,310.82,0.46,0.47,2026-04-15,1953,N21,VIIRS,n,2.0NRT,298.15,2.73,N
13.90788,79.46173,308.99,0.44,0.46,2026-04-15,1953,N21,VIIRS,n,2.0NRT,296.91,1.26,N
13.91215,79.46194,306.85,0.44,0.46,2026-04-15,1953,N21,VIIRS,n,2.0NRT,296.55,1.26,N
13.91255,79.46196,306.91,0.44,0.46,2026-04-15,1953,N21,VIIRS,n,2.0NRT,296.49,1.44,N
13.91487,79.11406,314.75,0.46,0.47,2026-04-15,1953,N21,VIIRS,n,2.0NRT,297.54,2.38,N
13.91498,79.14684,338.18,0.46,0.47,2026-04-15,1953,N21,VIIRS,n,2.0NRT,297.77,7.19,N
13.91973,79.11057,320.9,0.46,0.47,2026-04-15,1953,N21,VIIRS,n,2.0NRT,297.43,2.43,N
13.91987,79.14307,328.28,0.46,0.47,2026-04-15,1953,N21,VIIRS,n,2.0NRT,297.27,6.7,N
13.92033,79.10596,310.54,0.46,0.47,2026-04-15,1953,N21,VIIRS,n,2.0NRT,296.66,2.43,N
13.9235,79.11536,319.42,0.46,0.47,2026-04-15,1953,N21,VIIRS,n,2.0NRT,297.4,4.87,N
13.92404,79.11122,315.13,0.46,0.47,2026-04-15,1953,N21,VIIRS,n,2.0NRT,297.83,2.43,N
13.92527,79.10185,315.68,0.46,0.47,2026-04-15,1953,N21,VIIRS,n,2.0NRT,297.15,4.16,N
13.92784,79.11576,320.83,0.46,0.47,2026-04-15,1953,N21,VIIRS,n,2.0NRT,297.61,4.23,N
13.92838,79.11171,313.7,0.46,0.47,2026-04-15,1953,N21,VIIRS,n,2.0NRT,297.91,4.75,N
13.93063,79.12804,309.68,0.46,0.47,2026-04-15,1953,N21,VIIRS,n,2.0NRT,297.96,2.49,N
13.93115,79.12405,320.98,0.46,0.47,2026-04-15,1953,N21,VIIRS,n,2.0NRT,297.7,2.49,N
13.93146,79.08835,308.92,0.46,0.47,2026-04-15,1953,N21,VIIRS,n,2.0NRT,297.78,3.52,N
13.93197,79.0844,325.09,0.46,0.47,2026-04-15,1953,N21,VIIRS,n,2.0NRT,298.85,4.01,N
13.93221,79.11604,334.66,0.46,0.47,2026-04-15,1953,N21,VIIRS,n,2.0NRT,298.6,4.23,N
13.93499,79.12832,333.06,0.46,0.47,2026-04-15,1953,N21,VIIRS,n,2.0NRT,299.51,5.8,N
13.93647,79.15028,311.51,0.46,0.47,2026-04-15,1953,N21,VIIRS,n,2.0NRT,296.07,1.98,N
13.93881,79.13268,320.49,0.46,0.47,2026-04-15,1953,N21,VIIRS,n,2.0NRT,298.33,5.29,N
13.93969,79.1591,306.21,0.46,0.47,2026-04-15,1953,N21,VIIRS,n,2.0NRT,295.21,2.09,N
13.94025,79.15485,328.37,0.46,0.47,2026-04-15,1953,N21,VIIRS,n,2.0NRT,297.89,2.86,N
13.94085,79.15038,313.29,0.46,0.47,2026-04-15,1953,N21,VIIRS,n,2.0NRT,297.2,2.86,N
13.94147,79.14573,324.86,0.46,0.47,2026-04-15,1953,N21,VIIRS,n,2.0NRT,298.91,2.57,N
13.94207,79.14121,311.78,0.46,0.47,2026-04-15,1953,N21,VIIRS,n,2.0NRT,298.44,2.57,N
13.94347,79.16364,316.61,0.46,0.47,2026-04-15,1953,N21,VIIRS,n,2.0NRT,296.25,2.09,N
13.94364,79.12936,308.43,0.46,0.47,2026-04-15,1953,N21,VIIRS,n,2.0NRT,298.36,2.68,N
13.94525,79.15031,318.15,0.46,0.47,2026-04-15,1953,N21,VIIRS,n,2.0NRT,298.3,2.86,N
13.94591,79.14539,310.35,0.46,0.47,2026-04-15,1953,N21,VIIRS,n,2.0NRT,298.6,2.57,N
13.94675,79.17196,325.49,0.46,0.47,2026-04-15,1953,N21,VIIRS,n,2.0NRT,298.92,4.31,N
13.94727,79.16803,319.67,0.46,0.47,2026-04-15,1953,N21,VIIRS,n,2.0NRT,298.1,4.31,N
13.94781,79.16402,311.18,0.46,0.47,2026-04-15,1953,N21,VIIRS,n,2.0NRT,296.93,2.65,N
13.94936,79.17175,331.33,0.46,0.47,2026-04-15,1953,N21,VIIRS,n,2.0NRT,300.39,8.48,N
13.95111,79.17213,340.84,0.46,0.47,2026-04-15,1953,N21,VIIRS,n,2.0NRT,301.32,4.31,N
13.95323,79.17577,309.77,0.46,0.47,2026-04-15,1953,N21,VIIRS,n,2.0NRT,298.9,6.14,N
13.95372,79.17193,343.39,0.46,0.47,2026-04-15,1953,N21,VIIRS,n,2.0NRT,304,8.48,N
13.95548,79.17231,340.01,0.46,0.47,2026-04-15,1953,N21,VIIRS,n,2.0NRT,302.63,9.78,N
13.95808,79.17211,317.56,0.46,0.47,2026-04-15,1953,N21,VIIRS,n,2.0NRT,299.62,4.17,N
13.95929,79.17658,315.12,0.46,0.47,2026-04-15,1953,N21,VIIRS,n,2.0NRT,298.53,5.41,N
13.9619,79.17654,321.06,0.46,0.47,2026-04-15,1953,N21,VIIRS,n,2.0NRT,298.98,4.76,N
13.96622,79.17703,328.64,0.46,0.47,2026-04-15,1953,N21,VIIRS,n,2.0NRT,299.91,6.28,N
13.97108,79.17331,335.28,0.46,0.47,2026-04-15,1953,N21,VIIRS,n,2.0NRT,300.29,7.83,N
13.99143,79.04822,310.32,0.47,0.47,2026-04-15,1953,N21,VIIRS,n,2.0NRT,298.33,1.36,N
13.99579,79.04865,309.58,0.47,0.47,2026-04-15,1953,N21,VIIRS,n,2.0NRT,299.07,1.36,N
14.01482,79.03825,308.26,0.47,0.47,2026-04-15,1953,N21,VIIRS,n,2.0NRT,298.19,1.92,N
14.01536,79.03411,311.51,0.47,0.47,2026-04-15,1953,N21,VIIRS,n,2.0NRT,297.56,0.98,N
14.01805,79.11565,329.03,0.46,0.47,2026-04-15,1953,N21,VIIRS,n,2.0NRT,298.3,6.46,N
14.02239,79.11616,339.16,0.46,0.47,2026-04-15,1953,N21,VIIRS,n,2.0NRT,300.89,6.46,N
14.02293,79.11198,323.14,0.46,0.47,2026-04-15,1953,N21,VIIRS,n,2.0NRT,299.89,6.94,N
14.02792,79.0397,310.13,0.47,0.47,2026-04-15,1953,N21,VIIRS,n,2.0NRT,298.26,1.41,N
14.0361,79.04487,328.15,0.47,0.47,2026-04-15,1953,N21,VIIRS,n,2.0NRT,299.35,3.81,N
14.03939,79.05356,315.19,0.47,0.47,2026-04-15,1953,N21,VIIRS,n,2.0NRT,298.79,2.04,N
14.04761,79.02457,316.34,0.47,0.48,2026-04-15,1953,N21,VIIRS,n,2.0NRT,299.08,1.44,N
14.0515,78.99477,310.32,0.47,0.48,2026-04-15,1953,N21,VIIRS,n,2.0NRT,298.44,2.81,N
14.0576,79.01604,316.89,0.47,0.48,2026-04-15,1953,N21,VIIRS,n,2.0NRT,299.41,2.55,N
14.0589,79.10669,310.07,0.46,0.47,2026-04-15,1953,N21,VIIRS,n,2.0NRT,298.81,2.89,N
14.05951,76.41045,315.29,0.35,0.57,2026-04-15,1953,N21,VIIRS,n,2.0NRT,292.23,1.32,N
14.05987,76.40752,307.93,0.35,0.57,2026-04-15,1953,N21,VIIRS,n,2.0NRT,292.15,1.32,N
14.06326,79.10713,308.65,0.46,0.47,2026-04-15,1953,N21,VIIRS,n,2.0NRT,298.03,2.06,N
14.06425,79.13276,314.92,0.46,0.47,2026-04-15,1953,N21,VIIRS,n,2.0NRT,297.04,2.1,N
14.06583,79.13619,316.17,0.46,0.47,2026-04-15,1953,N21,VIIRS,n,2.0NRT,298.47,2.71,N
14.06637,79.13186,311.47,0.46,0.47,2026-04-15,1953,N21,VIIRS,n,2.0NRT,297.68,2.27,N
14.06705,79.07855,318.87,0.46,0.47,2026-04-15,1953,N21,VIIRS,n,2.0NRT,298.16,3.43,N
14.06763,79.07417,315.08,0.46,0.47,2026-04-15,1953,N21,VIIRS,n,2.0NRT,298.25,5,N
14.06816,79.10341,315.59,0.46,0.47,2026-04-15,1953,N21,VIIRS,n,2.0NRT,297.87,2.06,N
14.06873,79.09918,310.58,0.46,0.47,2026-04-15,1953,N21,VIIRS,n,2.0NRT,297.09,2.41,N
14.06879,79.07756,343.23,0.46,0.47,2026-04-15,1953,N21,VIIRS,n,2.0NRT,300.13,4.45,N
14.06882,79.06522,338.65,0.46,0.47,2026-04-15,1953,N21,VIIRS,n,2.0NRT,299.71,3.26,N
14.06928,79.09505,314.68,0.46,0.47,2026-04-15,1953,N21,VIIRS,n,2.0NRT,299.42,2.41,N
14.07007,79.10247,307.52,0.46,0.47,2026-04-15,1953,N21,VIIRS,n,2.0NRT,296.58,3.68,N
14.07046,79.06429,342.06,0.47,0.47,2026-04-15,1953,N21,VIIRS,n,2.0NRT,300.48,4.4,N
14.07061,79.09821,307.97,0.46,0.47,2026-04-15,1953,N21,VIIRS,n,2.0NRT,296.63,1.79,N
14.07113,79.09411,314.1,0.46,0.47,2026-04-15,1953,N21,VIIRS,n,2.0NRT,298.47,1.79,N
14.0714,79.07905,338.3,0.46,0.47,2026-04-15,1953,N21,VIIRS,n,2.0NRT,299.8,3.43,N
14.07314,79.06599,318.9,0.46,0.47,2026-04-15,1953,N21,VIIRS,n,2.0NRT,299.25,3.26,N
14.07315,79.07807,316.56,0.46,0.47,2026-04-15,1953,N21,VIIRS,n,2.0NRT,298.64,4.45,N
14.07375,79.06146,314.52,0.47,0.47,2026-04-15,1953,N21,VIIRS,n,2.0NRT,298.82,3.26,N
14.07479,79.06496,316.14,0.47,0.47,2026-04-15,1953,N21,VIIRS,n,2.0NRT,299.01,4.4,N
14.07632,79.07531,320.56,0.46,0.47,2026-04-15,1953,N21,VIIRS,n,2.0NRT,299.62,2.09,N
14.07689,79.07107,314.52,0.46,0.47,2026-04-15,1953,N21,VIIRS,n,2.0NRT,298.92,2.09,N
14.07803,79.07433,323.2,0.46,0.47,2026-04-15,1953,N21,VIIRS,n,2.0NRT,299.43,3.25,N
14.19262,77.85744,309.53,0.56,0.52,2026-04-15,1953,N21,VIIRS,n,2.0NRT,294.09,6.87,N
14.24539,78.88414,313.81,0.48,0.48,2026-04-15,1953,N21,VIIRS,n,2.0NRT,297.59,1.08,N
14.24594,78.87985,309.71,0.48,0.48,2026-04-15,1953,N21,VIIRS,n,2.0NRT,298.1,1.08,N
14.31451,78.62683,310.49,0.5,0.49,2026-04-15,1953,N21,VIIRS,n,2.0NRT,298.06,1.66,N
14.31967,78.62228,311.75,0.5,0.49,2026-04-15,1953,N21,VIIRS,n,2.0NRT,298.56,1.66,N
14.32424,78.6223,312.24,0.5,0.49,2026-04-15,1953,N21,VIIRS,n,2.0NRT,298.35,1.35,N
14.32594,78.92016,307.39,0.48,0.48,2026-04-15,1953,N21,VIIRS,n,2.0NRT,297.08,0.86,N
14.33415,78.92605,317.54,0.48,0.48,2026-04-15,1953,N21,VIIRS,n,2.0NRT,298.84,2.8,N
14.33802,78.93085,326.73,0.48,0.48,2026-04-15,1953,N21,VIIRS,n,2.0NRT,299.51,4.58,N
14.35571,78.93265,312.43,0.48,0.48,2026-04-15,1953,N21,VIIRS,n,2.0NRT,298.72,2.02,N
14.37011,78.92511,309.38,0.48,0.48,2026-04-15,1953,N21,VIIRS,n,2.0NRT,298.23,0.99,N
14.37456,78.92538,314.33,0.48,0.48,2026-04-15,1953,N21,VIIRS,n,2.0NRT,298.1,1.5,N
14.37564,78.91699,310.62,0.48,0.48,2026-04-15,1953,N21,VIIRS,n,2.0NRT,298.31,1.34,N
14.38008,78.91736,310.25,0.48,0.48,2026-04-15,1953,N21,VIIRS,n,2.0NRT,298.28,1.34,N
14.38499,78.91406,329.29,0.48,0.48,2026-04-15,1953,N21,VIIRS,n,2.0NRT,299.01,2.76,N
14.38942,78.9145,310.85,0.48,0.48,2026-04-15,1953,N21,VIIRS,n,2.0NRT,297.61,2.76,N
14.38998,78.91022,331.22,0.48,0.48,2026-04-15,1953,N21,VIIRS,n,2.0NRT,299.87,5.62,N
14.44285,79.19638,311.66,0.46,0.47,2026-04-15,1953,N21,VIIRS,n,2.0NRT,298.26,1.46,N
14.44718,79.19697,315.35,0.46,0.47,2026-04-15,1953,N21,VIIRS,n,2.0NRT,297.93,1.94,N
14.50968,78.99244,320.19,0.48,0.48,2026-04-15,1953,N21,VIIRS,n,2.0NRT,298.41,3.08,N
14.513,78.99917,311.35,0.48,0.48,2026-04-15,1953,N21,VIIRS,n,2.0NRT,298.84,1.46,N
14.5135,78.99765,311.65,0.48,0.48,2026-04-15,1953,N21,VIIRS,n,2.0NRT,298.86,5.18,N
14.51353,78.99509,322.93,0.48,0.48,2026-04-15,1953,N21,VIIRS,n,2.0NRT,299.49,4.94,N
14.51403,78.99339,312.55,0.48,0.48,2026-04-15,1953,N21,VIIRS,n,2.0NRT,298.9,3.08,N
14.53735,78.98572,309.19,0.48,0.48,2026-04-15,1953,N21,VIIRS,n,2.0NRT,297.41,2.8,N
14.53797,78.98077,307.69,0.48,0.48,2026-04-15,1953,N21,VIIRS,n,2.0NRT,297.2,2.87,N
14.54558,78.99133,320.66,0.48,0.48,2026-04-15,1953,N21,VIIRS,n,2.0NRT,297.41,2.94,N
14.54722,78.97835,313.54,0.48,0.48,2026-04-15,1953,N21,VIIRS,n,2.0NRT,297.2,3.67,N
14.55001,78.99171,315.67,0.48,0.48,2026-04-15,1953,N21,VIIRS,n,2.0NRT,296.97,2.94,N
14.55051,78.98774,310.34,0.48,0.48,2026-04-15,1953,N21,VIIRS,n,2.0NRT,297.35,2.94,N
14.55105,78.98344,323.18,0.48,0.48,2026-04-15,1953,N21,VIIRS,n,2.0NRT,298.74,3.67,N
14.5516,78.97911,330.61,0.48,0.48,2026-04-15,1953,N21,VIIRS,n,2.0NRT,297.35,3.67,N
14.55547,78.98386,322.24,0.48,0.48,2026-04-15,1953,N21,VIIRS,n,2.0NRT,297.44,4.51,N
14.57829,77.73626,307.95,0.58,0.52,2026-04-15,1953,N21,VIIRS,n,2.0NRT,296.79,5.24,N
14.57899,77.73071,311.32,0.58,0.52,2026-04-15,1953,N21,VIIRS,n,2.0NRT,296.75,4.87,N
14.579,77.73257,313.65,0.58,0.52,2026-04-15,1953,N21,VIIRS,n,2.0NRT,296.83,6.49,N
14.65729,77.9593,312.66,0.56,0.52,2026-04-15,1953,N21,VIIRS,n,2.0NRT,296.43,5.26,N
14.65871,77.96114,308.17,0.56,0.52,2026-04-15,1953,N21,VIIRS,n,2.0NRT,295.72,4.23,N
15.01689,78.66154,311.06,0.51,0.49,2026-04-15,1953,N21,VIIRS,n,2.0NRT,296.27,3.47,N
15.02076,78.66749,321.5,0.51,0.49,2026-04-15,1953,N21,VIIRS,n,2.0NRT,295.91,3.47,N
15.02142,78.66212,330.25,0.51,0.49,2026-04-15,1953,N21,VIIRS,n,2.0NRT,296.89,3.47,N
15.02221,78.01489,311.84,0.56,0.52,2026-04-15,1953,N21,VIIRS,n,2.0NRT,298.99,2.51,N
15.02412,78.67744,310.02,0.51,0.49,2026-04-15,1953,N21,VIIRS,n,2.0NRT,295.91,1.95,N
15.04699,76.8762,308.86,0.34,0.56,2026-04-15,1953,N21,VIIRS,n,2.0NRT,295.03,4.19,N
15.0935,77.86916,328.77,0.58,0.52,2026-04-15,1953,N21,VIIRS,n,2.0NRT,296.7,3.95,N
15.09401,77.86701,324.69,0.58,0.52,2026-04-15,1953,N21,VIIRS,n,2.0NRT,296.31,5.34,N
15.13694,76.70819,307.02,0.35,0.56,2026-04-15,1953,N21,VIIRS,n,2.0NRT,292.47,4.57,N
15.17319,77.09892,308.91,0.33,0.55,2026-04-15,1953,N21,VIIRS,n,2.0NRT,295.95,1.31,N
15.1738,77.09932,310.11,0.33,0.55,2026-04-15,1953,N21,VIIRS,n,2.0NRT,296.09,1.14,N
15.1779,77.10253,313.67,0.33,0.55,2026-04-15,1953,N21,VIIRS,n,2.0NRT,296.45,1.31,N
15.17848,77.10291,313.83,0.33,0.55,2026-04-15,1953,N21,VIIRS,n,2.0NRT,296.48,1.76,N
15.52787,78.80084,307.79,0.51,0.49,2026-04-15,1953,N21,VIIRS,n,2.0NRT,294.29,1.73,N
15.58182,78.73642,307.95,0.51,0.5,2026-04-15,1953,N21,VIIRS,n,2.0NRT,295.4,2.87,N
15.58237,78.73199,306.5,0.51,0.5,2026-04-15,1953,N21,VIIRS,n,2.0NRT,295.31,2.44,N
15.58257,78.69324,309.11,0.52,0.5,2026-04-15,1953,N21,VIIRS,n,2.0NRT,296.02,2.06,N
15.58293,78.72746,315.04,0.51,0.5,2026-04-15,1953,N21,VIIRS,n,2.0NRT,295.62,2.44,N
15.58323,78.68797,308.39,0.52,0.5,2026-04-15,1953,N21,VIIRS,n,2.0NRT,296.1,2.06,N
15.58353,78.72269,323.04,0.51,0.5,2026-04-15,1953,N21,VIIRS,n,2.0NRT,296.1,4.8,N
15.66004,73.98766,304.95,0.54,0.68,2026-04-15,1953,N21,VIIRS,n,2.0NRT,292.75,1.02,N
15.86558,77.85097,325.86,0.59,0.53,2026-04-15,1953,N21,VIIRS,n,2.0NRT,292.18,9.55,N
16.13003,78.79757,308.55,0.52,0.5,2026-04-15,1953,N21,VIIRS,n,2.0NRT,295.15,2.51,N
16.87078,80.02081,306.27,0.44,0.46,2026-04-15,1953,N21,VIIRS,n,2.0NRT,295.68,2.58,N
17.51451,76.5688,313.12,0.38,0.59,2026-04-15,1953,N21,VIIRS,n,2.0NRT,295.03,1.28,N
17.64411,74.28456,316.88,0.54,0.68,2026-04-15,1953,N21,VIIRS,n,2.0NRT,294.82,3.26,N
17.69627,73.86671,306.8,0.58,0.7,2026-04-15,1953,N21,VIIRS,n,2.0NRT,293.29,2.4,N
17.69681,73.86087,321.12,0.58,0.7,2026-04-15,1953,N21,VIIRS,n,2.0NRT,293.6,2.4,N
17.703,73.86372,315.6,0.58,0.7,2026-04-15,1953,N21,VIIRS,n,2.0NRT,293.6,3.09,N
17.79181,74.23989,349.38,0.55,0.68,2026-04-15,1953,N21,VIIRS,n,2.0NRT,296.89,10.39,N
6.76096,73.1731,347.5,0.46,0.64,2026-04-15,1955,N21,VIIRS,n,2.0NRT,287.06,13.56,N
7.9005,79.83606,313.27,0.52,0.41,2026-04-15,1955,N21,VIIRS,n,2.0NRT,295.29,1.68,N
7.98883,79.86675,307.11,0.52,0.41,2026-04-15,1955,N21,VIIRS,n,2.0NRT,295.86,0.92,N
8.53437,77.31866,302.92,0.51,0.49,2026-04-15,1955,N21,VIIRS,n,2.0NRT,292.35,1.38,N
10.192,77.2485,310.92,0.54,0.51,2026-04-15,1955,N21,VIIRS,n,2.0NRT,289.65,1.34,N
10.19301,77.24104,308.51,0.55,0.51,2026-04-15,1955,N21,VIIRS,n,2.0NRT,290.02,8.08,N
10.19355,77.23699,337.38,0.55,0.51,2026-04-15,1955,N21,VIIRS,n,2.0NRT,292.72,8.29,N
10.19775,77.24102,333.41,0.55,0.51,2026-04-15,1955,N21,VIIRS,n,2.0NRT,294.71,8.08,N
10.19838,77.2364,316.73,0.55,0.51,2026-04-15,1955,N21,VIIRS,n,2.0NRT,290.79,8.29,N
10.22145,77.30225,306.39,0.54,0.51,2026-04-15,1955,N21,VIIRS,n,2.0NRT,290.73,2.08,N
10.22236,77.30325,306.57,0.54,0.51,2026-04-15,1955,N21,VIIRS,n,2.0NRT,290.57,2.37,N
10.30917,77.48795,339.93,0.53,0.5,2026-04-15,1955,N21,VIIRS,n,2.0NRT,301.57,40.47,N
10.30921,77.49049,318.36,0.53,0.5,2026-04-15,1955,N21,VIIRS,n,2.0NRT,291.84,18.35,N
10.30992,77.48503,345.52,0.53,0.5,2026-04-15,1955,N21,VIIRS,n,2.0NRT,302.87,18.35,N
10.31006,77.48163,328.54,0.53,0.5,2026-04-15,1955,N21,VIIRS,n,2.0NRT,293.55,20.07,N
10.31384,77.49069,340.58,0.53,0.5,2026-04-15,1955,N21,VIIRS,n,2.0NRT,293.39,18.35,N
10.31462,77.4848,337.81,0.53,0.5,2026-04-15,1955,N21,VIIRS,n,2.0NRT,294.43,18.35,N
10.35063,77.6329,306.68,0.52,0.5,2026-04-15,1955,N21,VIIRS,n,2.0NRT,293.48,1.3,N
11.17515,79.08691,309.68,0.42,0.45,2026-04-15,1955,N21,VIIRS,n,2.0NRT,298.61,2.65,N
11.40192,76.62125,296.36,0.63,0.54,2026-04-15,1955,N21,VIIRS,n,2.0NRT,284.89,0.65,N
11.41487,76.59833,315.24,0.63,0.54,2026-04-15,1955,N21,VIIRS,n,2.0NRT,286.02,2.61,N
11.41986,76.59865,313.06,0.63,0.54,2026-04-15,1955,N21,VIIRS,n,2.0NRT,285.79,2.86,N
11.45721,76.62137,295.45,0.63,0.54,2026-04-15,1955,N21,VIIRS,n,2.0NRT,284.76,1.62,N
11.45796,76.61553,303.79,0.63,0.54,2026-04-15,1955,N21,VIIRS,n,2.0NRT,286.63,2.63,N
11.47862,76.61156,306.88,0.63,0.54,2026-04-15,1955,N21,VIIRS,n,2.0NRT,287.02,1.32,N
11.47935,76.60602,296.77,0.63,0.54,2026-04-15,1955,N21,VIIRS,n,2.0NRT,285.84,1.48,N
11.48068,76.60732,308.08,0.63,0.54,2026-04-15,1955,N21,VIIRS,n,2.0NRT,286.67,3.4,N
11.49506,76.60152,316.99,0.63,0.54,2026-04-15,1955,N21,VIIRS,n,2.0NRT,288.06,4.76,N
11.49634,76.60282,326.19,0.63,0.54,2026-04-15,1955,N21,VIIRS,n,2.0NRT,289.55,6.29,N
11.50006,76.60182,297.06,0.63,0.54,2026-04-15,1955,N21,VIIRS,n,2.0NRT,286.44,0.93,N
11.50403,76.62195,333.32,0.63,0.54,2026-04-15,1955,N21,VIIRS,n,2.0NRT,290.1,4.84,N
11.50906,76.62198,324.06,0.63,0.54,2026-04-15,1955,N21,VIIRS,n,2.0NRT,289.81,4.84,N
28.71113,76.83251,307.67,0.54,0.68,2026-04-15,2129,N21,VIIRS,n,2.0NRT,289.74,1.44,N
28.71127,76.83237,306.77,0.54,0.68,2026-04-15,2129,N21,VIIRS,n,2.0NRT,289.73,1.43,N
29.09391,71.99997,310.9,0.55,0.51,2026-04-15,2129,N21,VIIRS,n,2.0NRT,292.01,1.79,N
29.25036,79.83294,301.29,0.78,0.78,2026-04-15,2129,N21,VIIRS,n,2.0NRT,290.51,1.56,N
30.01798,79.3194,304.79,0.7,0.75,2026-04-15,2129,N21,VIIRS,n,2.0NRT,285.83,3.06,N
30.02287,79.31895,302.04,0.7,0.75,2026-04-15,2129,N21,VIIRS,n,2.0NRT,285.33,1.63,N
30.21284,78.78203,300.53,0.64,0.72,2026-04-15,2129,N21,VIIRS,n,2.0NRT,287.69,1.83,N
30.21359,78.78358,302.31,0.64,0.72,2026-04-15,2129,N21,VIIRS,n,2.0NRT,287.68,1.8,N
30.27792,79.12405,304.91,0.67,0.74,2026-04-15,2129,N21,VIIRS,n,2.0NRT,286.71,2.37,N
31.25924,76.92564,303.55,0.47,0.64,2026-04-15,2129,N21,VIIRS,n,2.0NRT,289.67,1.22,N
31.36781,76.35656,311.98,0.44,0.62,2026-04-15,2129,N21,VIIRS,n,2.0NRT,293.22,1.28,N
31.60772,74.40415,304.86,0.33,0.55,2026-04-15,2129,N21,VIIRS,n,2.0NRT,294.22,1.39,N
32.29084,70.73859,304.75,0.4,0.44,2026-04-15,2129,N21,VIIRS,n,2.0NRT,291.24,1.12,N
32.65111,70.47532,304.37,0.57,0.43,2026-04-15,2129,N21,VIIRS,n,2.0NRT,293.09,0.81,N
33.7996,72.09741,300.99,0.44,0.46,2026-04-15,2129,N21,VIIRS,n,2.0NRT,284.93,0.87,N
34.11039,74.80515,304.64,0.61,0.54,2026-04-15,2129,N21,VIIRS,n,2.0NRT,274.88,2.29,N
34.11191,74.80643,304.83,0.61,0.54,2026-04-15,2129,N21,VIIRS,n,2.0NRT,275.08,2.6,N
34.18877,74.17745,299.46,0.56,0.52,2026-04-15,2129,N21,VIIRS,n,2.0NRT,275.7,1.53,N
20.08321,75.22952,307.81,0.68,0.74,2026-04-15,2131,N21,VIIRS,n,2.0NRT,293.81,1.65,N
20.12094,75.5852,304.01,0.72,0.75,2026-04-15,2131,N21,VIIRS,n,2.0NRT,289.03,2.2,N
20.22929,75.35175,304.37,0.69,0.74,2026-04-15,2131,N21,VIIRS,n,2.0NRT,293.2,1.2,N
20.23349,75.35081,308.69,0.69,0.74,2026-04-15,2131,N21,VIIRS,n,2.0NRT,292.61,3.1,N
20.35563,72.94959,309.32,0.48,0.65,2026-04-15,2131,N21,VIIRS,n,2.0NRT,294.65,1.23,N
20.41053,73.91597,309.73,0.55,0.68,2026-04-15,2131,N21,VIIRS,n,2.0NRT,295,5.89,N
20.41539,73.91776,314.1,0.55,0.68,2026-04-15,2131,N21,VIIRS,n,2.0NRT,295.56,3.57,N
20.5485,76.23972,310.23,0.77,0.77,2026-04-15,2131,N21,VIIRS,n,2.0NRT,295.95,3.66,N
20.63941,73.94962,305.64,0.55,0.68,2026-04-15,2131,N21,VIIRS,n,2.0NRT,293.78,3.01,N
20.64021,73.94992,310.25,0.55,0.68,2026-04-15,2131,N21,VIIRS,n,2.0NRT,293.79,2.57,N
20.64735,73.94692,303.94,0.55,0.68,2026-04-15,2131,N21,VIIRS,n,2.0NRT,293.75,1.66,N
20.91035,71.45921,311.1,0.37,0.58,2026-04-15,2131,N21,VIIRS,n,2.0NRT,297.57,1.2,N
21.1002,72.63579,334.5,0.44,0.62,2026-04-15,2131,N21,VIIRS,n,2.0NRT,297.57,7.13,N
21.10394,72.64555,367,0.44,0.63,2026-04-15,2131,N21,VIIRS,h,2.0NRT,299.05,20.34,N
21.25644,72.94067,314.43,0.46,0.63,2026-04-15,2131,N21,VIIRS,n,2.0NRT,296.45,2.52,N
21.31136,75.76283,308.4,0.69,0.74,2026-04-15,2131,N21,VIIRS,n,2.0NRT,295.57,4.03,N
21.31402,75.76289,307.23,0.69,0.74,2026-04-15,2131,N21,VIIRS,n,2.0NRT,295.34,4.08,N
21.56017,72.91571,311.55,0.45,0.63,2026-04-15,2131,N21,VIIRS,n,2.0NRT,297.01,1.22,N
21.64262,71.01184,323.57,0.34,0.56,2026-04-15,2131,N21,VIIRS,n,2.0NRT,293.13,1.48,N
21.99366,76.06547,308.97,0.7,0.75,2026-04-15,2131,N21,VIIRS,n,2.0NRT,295.77,1.97,N
22.20198,76.85899,314.03,0.77,0.77,2026-04-15,2131,N21,VIIRS,n,2.0NRT,294.66,4.34,N
22.20357,76.85911,315.26,0.77,0.78,2026-04-15,2131,N21,VIIRS,n,2.0NRT,294.57,3.25,N
22.20465,76.76736,306.95,0.76,0.77,2026-04-15,2131,N21,VIIRS,n,2.0NRT,295.53,3.09,N
22.26114,75.13392,309.21,0.6,0.71,2026-04-15,2131,N21,VIIRS,n,2.0NRT,296.97,2.54,N
22.38965,73.12009,307.63,0.45,0.63,2026-04-15,2131,N21,VIIRS,n,2.0NRT,296.14,1.46,N
22.41579,69.04153,309.41,0.49,0.49,2026-04-15,2131,N21,VIIRS,n,2.0NRT,296.68,2.58,N
22.54379,76.49444,313.06,0.72,0.76,2026-04-15,2131,N21,VIIRS,n,2.0NRT,294.83,3.69,N
22.54889,76.49781,308.1,0.72,0.76,2026-04-15,2131,N21,VIIRS,n,2.0NRT,295.39,3.17,N
22.89679,77.31357,310.02,0.8,0.78,2026-04-15,2131,N21,VIIRS,n,2.0NRT,293.72,4.04,N
22.90142,77.31245,308.26,0.79,0.78,2026-04-15,2131,N21,VIIRS,n,2.0NRT,293.47,4.16,N
22.92207,70.10721,333.18,0.56,0.51,2026-04-15,2131,N21,VIIRS,n,2.0NRT,296.4,7.61,N
22.92438,70.10719,349.58,0.56,0.51,2026-04-15,2131,N21,VIIRS,n,2.0NRT,296.99,14.8,N
22.92671,70.10834,335.07,0.56,0.51,2026-04-15,2131,N21,VIIRS,n,2.0NRT,296.38,7.61,N
22.97767,72.56477,313.82,0.4,0.6,2026-04-15,2131,N21,VIIRS,n,2.0NRT,295.22,1.75,N
23.0379,76.41338,321.39,0.69,0.75,2026-04-15,2131,N21,VIIRS,n,2.0NRT,291.65,3.53,N
23.03955,76.40685,304.82,0.69,0.74,2026-04-15,2131,N21,VIIRS,n,2.0NRT,291.75,3.53,N
23.11905,70.08422,308,0.55,0.51,2026-04-15,2131,N21,VIIRS,n,2.0NRT,295.57,3.2,N
23.27566,77.30704,301.8,0.78,0.78,2026-04-15,2131,N21,VIIRS,n,2.0NRT,291.54,2.73,N
23.27756,77.29971,309.48,0.78,0.78,2026-04-15,2131,N21,VIIRS,n,2.0NRT,291.55,3.75,N
23.32628,77.30443,305.33,0.78,0.78,2026-04-15,2131,N21,VIIRS,n,2.0NRT,291.26,2.56,N
23.32729,77.30832,311.59,0.78,0.78,2026-04-15,2131,N21,VIIRS,n,2.0NRT,290.63,2.52,N
23.33478,77.27903,302.7,0.77,0.78,2026-04-15,2131,N21,VIIRS,n,2.0NRT,290.54,2.58,N
23.33885,77.28477,304.72,0.77,0.78,2026-04-15,2131,N21,VIIRS,n,2.0NRT,290.33,1.79,N
23.40712,72.41695,306.08,0.38,0.59,2026-04-15,2131,N21,VIIRS,n,2.0NRT,294.72,0.49,N
23.40731,76.68192,301.61,0.71,0.75,2026-04-15,2131,N21,VIIRS,n,2.0NRT,290.94,0.97,N
23.42878,68.71077,309.32,0.45,0.47,2026-04-15,2131,N21,VIIRS,n,2.0NRT,296.32,2.45,N
23.44071,75.37147,311.07,0.59,0.7,2026-04-15,2131,N21,VIIRS,n,2.0NRT,291.5,1.5,N
23.48078,76.34962,303.29,0.67,0.74,2026-04-15,2131,N21,VIIRS,n,2.0NRT,291.57,2.6,N
23.48488,76.34974,306.84,0.67,0.74,2026-04-15,2131,N21,VIIRS,n,2.0NRT,291.72,2.11,N
23.49727,75.26396,307.3,0.57,0.69,2026-04-15,2131,N21,VIIRS,n,2.0NRT,291.39,2.25,N
23.49954,75.26561,301.56,0.57,0.69,2026-04-15,2131,N21,VIIRS,n,2.0NRT,291.29,1.6,N
23.52654,77.37567,319.39,0.77,0.78,2026-04-15,2131,N21,VIIRS,n,2.0NRT,290.92,5.12,N
23.52787,77.37851,321.15,0.78,0.78,2026-04-15,2131,N21,VIIRS,n,2.0NRT,290.87,5.33,N
23.55646,75.93053,307.04,0.63,0.72,2026-04-15,2131,N21,VIIRS,n,2.0NRT,290.35,2.05,N
23.5565,75.92999,306.04,0.63,0.72,2026-04-15,2131,N21,VIIRS,n,2.0NRT,290.17,1.71,N
23.59352,76.49203,319.66,0.68,0.74,2026-04-15,2131,N21,VIIRS,n,2.0NRT,291.2,3.88,N
23.61148,75.90203,302.17,0.63,0.72,2026-04-15,2131,N21,VIIRS,n,2.0NRT,290.69,1.83,N
23.65573,75.97105,306.44,0.63,0.72,2026-04-15,2131,N21,VIIRS,n,2.0NRT,292.33,2.25,N
23.65965,77.54207,319.09,0.79,0.78,2026-04-15,2131,N21,VIIRS,n,2.0NRT,290.44,3.62,N
23.66332,77.54597,310.29,0.79,0.78,2026-04-15,2131,N21,VIIRS,n,2.0NRT,290.55,5.43,N
23.66526,77.53868,304.14,0.79,0.78,2026-04-15,2131,N21,VIIRS,n,2.0NRT,289.28,3.22,N
23.66651,77.5444,300.66,0.79,0.78,2026-04-15,2131,N21,VIIRS,n,2.0NRT,289.8,3.62,N
23.68041,74.91385,302.51,0.54,0.68,2026-04-15,2131,N21,VIIRS,n,2.0NRT,291.62,1.12,N
23.68126,74.91138,303.2,0.54,0.68,2026-04-15,2131,N21,VIIRS,n,2.0NRT,291.56,1.16,N
23.73963,77.48309,300.45,0.78,0.78,2026-04-15,2131,N21,VIIRS,n,2.0NRT,289.85,1.3,N
23.78466,76.4632,306.6,0.67,0.74,2026-04-15,2131,N21,VIIRS,n,2.0NRT,290.95,2.5,N
23.78979,77.2357,306.17,0.75,0.77,2026-04-15,2131,N21,VIIRS,n,2.0NRT,288.95,1.92,N
23.79103,77.23348,306.84,0.75,0.77,2026-04-15,2131,N21,VIIRS,n,2.0NRT,289.06,2.71,N
23.79654,77.23794,302.3,0.75,0.77,2026-04-15,2131,N21,VIIRS,n,2.0NRT,288.74,1.92,N
23.84067,77.03858,303.06,0.73,0.76,2026-04-15,2131,N21,VIIRS,n,2.0NRT,289.11,1.19,N
23.84232,77.03461,301.93,0.73,0.76,2026-04-15,2131,N21,VIIRS,n,2.0NRT,289.08,1.62,N
23.89865,77.18377,301.21,0.74,0.76,2026-04-15,2131,N21,VIIRS,n,2.0NRT,288.99,2.4,N
23.89913,77.18053,304.97,0.74,0.76,2026-04-15,2131,N21,VIIRS,n,2.0NRT,289.2,1.72,N
23.92699,76.93047,304.71,0.71,0.75,2026-04-15,2131,N21,VIIRS,n,2.0NRT,290.09,1.61,N
23.94579,77.19886,311.54,0.74,0.76,2026-04-15,2131,N21,VIIRS,n,2.0NRT,289.2,6.88,N
23.94759,77.19193,333.51,0.74,0.76,2026-04-15,2131,N21,VIIRS,n,2.0NRT,290.03,6.88,N
23.95772,77.67613,303.94,0.79,0.78,2026-04-15,2131,N21,VIIRS,n,2.0NRT,291.28,2.23,N
23.96033,77.67586,304.34,0.79,0.78,2026-04-15,2131,N21,VIIRS,n,2.0NRT,291.69,1.63,N
23.96983,77.58258,324.86,0.78,0.78,2026-04-15,2131,N21,VIIRS,n,2.0NRT,290.1,5.22,N
23.97125,77.72002,304.2,0.79,0.78,2026-04-15,2131,N21,VIIRS,n,2.0NRT,290.81,2.71,N
23.97172,77.57538,305.27,0.78,0.78,2026-04-15,2131,N21,VIIRS,n,2.0NRT,289.65,5.22,N
23.97537,77.72223,301.24,0.79,0.78,2026-04-15,2131,N21,VIIRS,n,2.0NRT,290.53,1.65,N
23.99749,77.44846,310.31,0.76,0.77,2026-04-15,2131,N21,VIIRS,n,2.0NRT,290.71,3.78,N
24.00864,77.54772,305.21,0.77,0.78,2026-04-15,2131,N21,VIIRS,n,2.0NRT,289.84,1.69,N
24.01657,77.45607,301.75,0.76,0.77,2026-04-15,2131,N21,VIIRS,n,2.0NRT,289.84,1.87,N
24.01791,77.45513,304.19,0.76,0.77,2026-04-15,2131,N21,VIIRS,n,2.0NRT,289.98,2.95,N
24.02032,77.44199,302.58,0.76,0.77,2026-04-15,2131,N21,VIIRS,n,2.0NRT,289.57,2.23,N
24.02158,77.44099,304.11,0.76,0.77,2026-04-15,2131,N21,VIIRS,n,2.0NRT,289.85,1.84,N
24.02716,77.44406,301.01,0.76,0.77,2026-04-15,2131,N21,VIIRS,n,2.0NRT,289.32,2.23,N
24.06352,77.55849,310.2,0.77,0.77,2026-04-15,2131,N21,VIIRS,n,2.0NRT,289.98,3.16,N
24.07092,77.22251,341.56,0.74,0.76,2026-04-15,2131,N21,VIIRS,n,2.0NRT,291.18,10.47,N
24.10073,77.44487,306.86,0.76,0.77,2026-04-15,2131,N21,VIIRS,n,2.0NRT,288.63,1.82,N
24.11868,77.40437,299.08,0.75,0.77,2026-04-15,2131,N21,VIIRS,n,2.0NRT,288.82,1.09,N
24.16647,77.47128,304.83,0.76,0.77,2026-04-15,2131,N21,VIIRS,n,2.0NRT,287.95,1.57,N
24.16663,77.47482,300.6,0.76,0.77,2026-04-15,2131,N21,VIIRS,n,2.0NRT,287.52,0.84,N
24.18195,77.46848,312.6,0.76,0.77,2026-04-15,2131,N21,VIIRS,n,2.0NRT,289.01,3.03,N
24.18206,77.47207,307.65,0.76,0.77,2026-04-15,2131,N21,VIIRS,n,2.0NRT,288.42,3.4,N
24.18715,77.39297,302.16,0.75,0.77,2026-04-15,2131,N21,VIIRS,n,2.0NRT,289.03,1.71,N
24.24427,77.42711,302.93,0.75,0.77,2026-04-15,2131,N21,VIIRS,n,2.0NRT,288.42,2.51,N
24.24443,77.42493,299.88,0.75,0.77,2026-04-15,2131,N21,VIIRS,n,2.0NRT,288.35,1.5,N
24.24665,77.47451,302.05,0.76,0.77,2026-04-15,2131,N21,VIIRS,n,2.0NRT,288.04,0.96,N
24.25335,77.47435,300.58,0.76,0.77,2026-04-15,2131,N21,VIIRS,n,2.0NRT,287.9,2.28,N
24.27827,77.18424,301,0.72,0.76,2026-04-15,2131,N21,VIIRS,n,2.0NRT,289.5,1.5,N
24.40732,77.5573,317.36,0.76,0.77,2026-04-15,2131,N21,VIIRS,n,2.0NRT,290.77,4.99,N
24.58502,74.64381,327.18,0.5,0.66,2026-04-15,2131,N21,VIIRS,n,2.0NRT,290.65,3.38,N
24.62684,76.38945,307.57,0.63,0.72,2026-04-15,2131,N21,VIIRS,n,2.0NRT,289.82,2.06,N
24.62732,76.38531,321.98,0.63,0.72,2026-04-15,2131,N21,VIIRS,n,2.0NRT,290.15,3.03,N
24.62836,76.38345,305.33,0.63,0.72,2026-04-15,2131,N21,VIIRS,n,2.0NRT,290,3.42,N
24.63322,76.39149,305.54,0.63,0.72,2026-04-15,2131,N21,VIIRS,n,2.0NRT,290.1,2.06,N
24.63369,76.38734,302.08,0.63,0.72,2026-04-15,2131,N21,VIIRS,n,2.0NRT,289.72,3.03,N
24.65163,76.34561,305,0.63,0.72,2026-04-15,2131,N21,VIIRS,n,2.0NRT,289.88,1.44,N
24.65238,76.34162,303.82,0.63,0.72,2026-04-15,2131,N21,VIIRS,n,2.0NRT,289.74,1.88,N
24.66157,76.30591,303.74,0.63,0.72,2026-04-15,2131,N21,VIIRS,n,2.0NRT,289.92,1.49,N
24.66263,77.10982,301.51,0.7,0.75,2026-04-15,2131,N21,VIIRS,n,2.0NRT,290.67,2.81,N
24.66433,77.10324,313.98,0.7,0.75,2026-04-15,2131,N21,VIIRS,n,2.0NRT,291.39,3.59,N
24.6648,77.1095,314.06,0.7,0.75,2026-04-15,2131,N21,VIIRS,n,2.0NRT,291.12,3.75,N
24.66562,77.15388,303.41,0.71,0.75,2026-04-15,2131,N21,VIIRS,n,2.0NRT,291.2,1.58,N
24.66653,77.10295,316.64,0.7,0.75,2026-04-15,2131,N21,VIIRS,n,2.0NRT,291.43,3.75,N
24.66757,77.1534,308.3,0.71,0.75,2026-04-15,2131,N21,VIIRS,n,2.0NRT,291.53,2.56,N
24.66923,77.11199,312.54,0.7,0.75,2026-04-15,2131,N21,VIIRS,n,2.0NRT,290.62,2.81,N
24.67052,77.16272,307.85,0.71,0.75,2026-04-15,2131,N21,VIIRS,n,2.0NRT,291.41,1.58,N
24.67092,77.10541,302.43,0.7,0.75,2026-04-15,2131,N21,VIIRS,n,2.0NRT,290.77,3.59,N
24.67141,77.11165,304.03,0.7,0.75,2026-04-15,2131,N21,VIIRS,n,2.0NRT,290.29,2.19,N
24.67222,77.15609,303.63,0.71,0.75,2026-04-15,2131,N21,VIIRS,n,2.0NRT,291.39,1.58,N
24.67245,77.16216,304.05,0.71,0.75,2026-04-15,2131,N21,VIIRS,n,2.0NRT,291.34,2.95,N
24.6907,73.00397,306.79,0.39,0.59,2026-04-15,2131,N21,VIIRS,n,2.0NRT,296.34,1.93,N
24.71379,76.31622,322.96,0.63,0.72,2026-04-15,2131,N21,VIIRS,n,2.0NRT,290.3,6.25,N
24.7356,76.77055,310.58,0.67,0.73,2026-04-15,2131,N21,VIIRS,n,2.0NRT,290.01,3.04,N
24.73954,76.79852,301.36,0.67,0.73,2026-04-15,2131,N21,VIIRS,n,2.0NRT,289.88,5.86,N
24.74211,76.80005,307.31,0.67,0.74,2026-04-15,2131,N21,VIIRS,n,2.0NRT,289.95,3.05,N
24.74285,76.78588,300.5,0.67,0.73,2026-04-15,2131,N21,VIIRS,n,2.0NRT,289.78,3.39,N
24.74374,76.79366,302.23,0.67,0.73,2026-04-15,2131,N21,VIIRS,n,2.0NRT,289.82,3.92,N
24.74664,77.0153,312.05,0.69,0.74,2026-04-15,2131,N21,VIIRS,n,2.0NRT,289.14,3.84,N
24.74832,77.00884,309.94,0.69,0.74,2026-04-15,2131,N21,VIIRS,n,2.0NRT,289.53,3.56,N
24.74932,76.78803,321.19,0.67,0.73,2026-04-15,2131,N21,VIIRS,n,2.0NRT,290.59,3.39,N
24.75182,76.78953,320.15,0.67,0.73,2026-04-15,2131,N21,VIIRS,n,2.0NRT,290.76,3.92,N
24.75305,77.04545,304.82,0.69,0.74,2026-04-15,2131,N21,VIIRS,n,2.0NRT,288.85,1.18,N
24.75898,76.80495,313.84,0.67,0.73,2026-04-15,2131,N21,VIIRS,n,2.0NRT,289.7,2.85,N
24.76062,76.79865,304.37,0.67,0.73,2026-04-15,2131,N21,VIIRS,n,2.0NRT,289.59,2.85,N
24.76155,76.8065,310.88,0.67,0.74,2026-04-15,2131,N21,VIIRS,n,2.0NRT,289.18,3.56,N
24.76315,76.80021,307.89,0.67,0.73,2026-04-15,2131,N21,VIIRS,n,2.0NRT,289.43,4.02,N
24.79608,76.61542,300.25,0.65,0.73,2026-04-15,2131,N21,VIIRS,n,2.0NRT,289.41,0.68,N
24.81049,77.19245,304.2,0.7,0.75,2026-04-15,2131,N21,VIIRS,n,2.0NRT,290.7,1.3,N
24.81775,76.36686,306.05,0.63,0.72,2026-04-15,2131,N21,VIIRS,n,2.0NRT,289.15,1.22,N
24.83459,77.68465,299.99,0.75,0.77,2026-04-15,2131,N21,VIIRS,n,2.0NRT,287.8,2.32,N
24.83476,77.68188,306.81,0.75,0.77,2026-04-15,2131,N21,VIIRS,n,2.0NRT,288.11,2.05,N
24.83945,77.1089,303.13,0.69,0.75,2026-04-15,2131,N21,VIIRS,n,2.0NRT,290.31,2.89,N
24.84115,77.10239,303.46,0.69,0.75,2026-04-15,2131,N21,VIIRS,n,2.0NRT,290.41,2.31,N
24.84683,76.99866,301.18,0.68,0.74,2026-04-15,2131,N21,VIIRS,n,2.0NRT,290.37,1.11,N
24.85427,77.10679,305.11,0.69,0.75,2026-04-15,2131,N21,VIIRS,n,2.0NRT,289.61,1.21,N
24.87127,76.55966,300.46,0.64,0.72,2026-04-15,2131,N21,VIIRS,n,2.0NRT,289.36,1.49,N
24.87648,76.62064,304.62,0.65,0.73,2026-04-15,2131,N21,VIIRS,n,2.0NRT,289.11,1.33,N
24.88135,76.62877,305.32,0.65,0.73,2026-04-15,2131,N21,VIIRS,n,2.0NRT,289.81,1.27,N
24.89483,77.1254,304.67,0.69,0.75,2026-04-15,2131,N21,VIIRS,n,2.0NRT,289.33,1.61,N
24.89865,77.12831,312.48,0.69,0.75,2026-04-15,2131,N21,VIIRS,n,2.0NRT,289.48,3.61,N
24.9014,77.12757,305.31,0.69,0.75,2026-04-15,2131,N21,VIIRS,n,2.0NRT,288.96,2.01,N
24.91406,76.95786,309.1,0.68,0.74,2026-04-15,2131,N21,VIIRS,n,2.0NRT,290.68,1.83,N
24.9157,76.95149,303.25,0.68,0.74,2026-04-15,2131,N21,VIIRS,n,2.0NRT,290.67,1.83,N
24.91938,76.95139,307.06,0.68,0.74,2026-04-15,2131,N21,VIIRS,n,2.0NRT,290.81,2.04,N
24.92224,76.95356,302.76,0.68,0.74,2026-04-15,2131,N21,VIIRS,n,2.0NRT,290.64,1.75,N
24.93364,76.93663,308.83,0.67,0.74,2026-04-15,2131,N21,VIIRS,n,2.0NRT,291.13,2.49,N
24.93741,76.93658,309.94,0.67,0.74,2026-04-15,2131,N21,VIIRS,n,2.0NRT,291.31,3.14,N
24.93993,76.42539,313.38,0.63,0.72,2026-04-15,2131,N21,VIIRS,n,2.0NRT,289.59,3.76,N
24.94124,76.28542,300.11,0.61,0.71,2026-04-15,2131,N21,VIIRS,n,2.0NRT,290.02,0.73,N
24.94626,76.42746,299.71,0.63,0.72,2026-04-15,2131,N21,VIIRS,n,2.0NRT,289.29,1.26,N
25.01079,76.89851,303.02,0.67,0.73,2026-04-15,2131,N21,VIIRS,n,2.0NRT,290.65,1.61,N
25.01728,76.9006,303.14,0.67,0.73,2026-04-15,2131,N21,VIIRS,n,2.0NRT,290.01,2.08,N
25.0189,76.89434,312.23,0.67,0.73,2026-04-15,2131,N21,VIIRS,n,2.0NRT,290.75,2.08,N
25.02303,76.60901,302.1,0.64,0.72,2026-04-15,2131,N21,VIIRS,n,2.0NRT,288.74,3.01,N
25.0238,76.61021,300.79,0.64,0.72,2026-04-15,2131,N21,VIIRS,n,2.0NRT,288.91,1.6,N
25.0341,77.28663,299.71,0.7,0.75,2026-04-15,2131,N21,VIIRS,n,2.0NRT,289.24,1.88,N
25.03722,77.3022,301.12,0.71,0.75,2026-04-15,2131,N21,VIIRS,n,2.0NRT,289.12,1.29,N
25.1129,76.39247,303.57,0.62,0.71,2026-04-15,2131,N21,VIIRS,n,2.0NRT,290.62,1.92,N
25.1135,76.39182,305.09,0.62,0.71,2026-04-15,2131,N21,VIIRS,n,2.0NRT,290.42,2.47,N
25.20882,76.28425,300.31,0.61,0.71,2026-04-15,2131,N21,VIIRS,n,2.0NRT,289.48,0.87,N
25.3811,77.08338,306.74,0.67,0.74,2026-04-15,2131,N21,VIIRS,n,2.0NRT,288.16,1.04,N
25.45775,76.70926,300.25,0.63,0.72,2026-04-15,2131,N21,VIIRS,n,2.0NRT,289.9,1.11,N
25.45796,76.71087,304.14,0.63,0.72,2026-04-15,2131,N21,VIIRS,n,2.0NRT,289.89,1.47,N
25.46257,76.71732,302.93,0.63,0.72,2026-04-15,2131,N21,VIIRS,n,2.0NRT,289.61,1.77,N
25.46281,76.71896,301.71,0.64,0.72,2026-04-15,2131,N21,VIIRS,n,2.0NRT,289.84,1.62,N
25.64259,76.38681,303.26,0.6,0.71,2026-04-15,2131,N21,VIIRS,n,2.0NRT,289.02,1.53,N
25.64407,76.38899,298.73,0.6,0.71,2026-04-15,2131,N21,VIIRS,n,2.0NRT,288.64,1.01,N
26.87711,73.51612,303.69,0.38,0.58,2026-04-15,2131,N21,VIIRS,n,2.0NRT,292.54,1.81,N
27.52592,69.03868,298.37,0.4,0.44,2026-04-15,2131,N21,VIIRS,n,2.0NRT,279.49,0.73,N
28.05183,69.3673,303.57,0.4,0.44,2026-04-15,2131,N21,VIIRS,n,2.0NRT,264.97,0.69,N
15.65558,73.98572,304.81,0.7,0.75,2026-04-15,2133,N21,VIIRS,n,2.0NRT,292.19,2.58,N
15.65945,73.99194,304.37,0.7,0.75,2026-04-15,2133,N21,VIIRS,n,2.0NRT,292.24,1.69,N
17.63998,74.28461,306.34,0.67,0.74,2026-04-15,2133,N21,VIIRS,n,2.0NRT,293.75,2.4,N
17.69671,73.86005,320.67,0.63,0.72,2026-04-15,2133,N21,VIIRS,n,2.0NRT,293.06,2.71,N
17.70238,73.86494,316.93,0.63,0.72,2026-04-15,2133,N21,VIIRS,n,2.0NRT,294.73,8.16,N
17.70275,73.8643,323.45,0.63,0.72,2026-04-15,2133,N21,VIIRS,n,2.0NRT,295.32,8.99,N
17.70344,73.86022,351.51,0.63,0.72,2026-04-15,2133,N21,VIIRS,n,2.0NRT,296.89,15.73,N
17.70383,73.8596,346.23,0.63,0.72,2026-04-15,2133,N21,VIIRS,n,2.0NRT,296.11,8.99,N
17.79196,74.24611,307.28,0.66,0.73,2026-04-15,2133,N21,VIIRS,n,2.0NRT,293.89,2.58,N
17.82716,74.03231,309.77,0.64,0.72,2026-04-15,2133,N21,VIIRS,n,2.0NRT,295.85,4.76,N
18.28906,73.94318,303.54,0.62,0.71,2026-04-15,2133,N21,VIIRS,n,2.0NRT,291.29,1.09,N
18.45302,73.47112,304.58,0.57,0.69,2026-04-15,2133,N21,VIIRS,n,2.0NRT,293.19,2.44,N
18.68657,73.03281,311.36,0.53,0.67,2026-04-15,2133,N21,VIIRS,n,2.0NRT,297.24,2.97,N
18.69152,73.03919,311.79,0.53,0.67,2026-04-15,2133,N21,VIIRS,n,2.0NRT,296.99,2.97,N
18.692,73.04064,313.79,0.53,0.67,2026-04-15,2133,N21,VIIRS,n,2.0NRT,297.32,3.09,N
19.05155,73.71099,326.13,0.57,0.69,2026-04-15,2133,N21,VIIRS,n,2.0NRT,294.22,4.7,N
19.05389,73.71191,325.1,0.57,0.69,2026-04-15,2133,N21,VIIRS,n,2.0NRT,293.79,4.39,N
19.05875,73.70827,303.23,0.57,0.69,2026-04-15,2133,N21,VIIRS,n,2.0NRT,292.86,1.83,N
19.0609,73.70995,303.73,0.57,0.69,2026-04-15,2133,N21,VIIRS,n,2.0NRT,291.52,3.31,N
19.36816,71.35532,367,0.4,0.6,2026-04-15,2133,N21,VIIRS,h,2.0NRT,298.82,10.62,N
19.36896,71.35164,337.74,0.4,0.6,2026-04-15,2133,N21,VIIRS,n,2.0NRT,298.21,9.6,N
19.37211,71.3543,367,0.4,0.6,2026-04-15,2133,N21,VIIRS,h,2.0NRT,298.56,10.71,N
19.50814,73.54207,302.06,0.55,0.68,2026-04-15,2133,N21,VIIRS,n,2.0NRT,290.61,1.14,N
19.51044,73.83922,319.11,0.57,0.69,2026-04-15,2133,N21,VIIRS,n,2.0NRT,293.83,3.74,N
19.51737,73.83762,328.68,0.57,0.69,2026-04-15,2133,N21,VIIRS,n,2.0NRT,294.36,5.5,N
19.59408,73.69473,304.68,0.56,0.69,2026-04-15,2133,N21,VIIRS,n,2.0NRT,293.94,2.58,N
19.59592,73.69321,305.69,0.56,0.69,2026-04-15,2133,N21,VIIRS,n,2.0NRT,294.7,2.56,N