latitude,longitude,bright_ti4,scan,track,acq_date,acq_time,satellite,instrument,confidence,version,bright_ti5,frp,daynight
16.1279,80.809,330.19,0.78,0.78,2026-05-13,657,N21,VIIRS,n,2.0NRT,290.76,9.93,D
16.15105,80.88427,330.71,0.77,0.77,2026-05-13,657,N21,VIIRS,n,2.0NRT,290.87,9.11,D
16.20133,80.7851,336.85,0.78,0.78,2026-05-13,657,N21,VIIRS,n,2.0NRT,290.32,9.99,D
16.22381,80.73284,334.2,0.78,0.78,2026-05-13,657,N21,VIIRS,n,2.0NRT,286.29,7.07,D
16.39797,80.76297,331.09,0.77,0.77,2026-05-13,657,N21,VIIRS,n,2.0NRT,292.2,3.9,D
16.73522,81.55058,331.68,0.67,0.74,2026-05-13,657,N21,VIIRS,n,2.0NRT,294.04,4.12,D
16.76382,80.68868,330.55,0.77,0.77,2026-05-13,657,N21,VIIRS,n,2.0NRT,295.26,6.59,D
16.81072,81.98076,344.6,0.63,0.72,2026-05-13,657,N21,VIIRS,n,2.0NRT,294.79,7.88,D
16.81613,81.8827,343.68,0.64,0.72,2026-05-13,657,N21,VIIRS,n,2.0NRT,294.83,10.54,D
16.81613,81.88464,336.04,0.64,0.72,2026-05-13,657,N21,VIIRS,n,2.0NRT,294.83,8.84,D
16.84866,81.9077,331.16,0.63,0.72,2026-05-13,657,N21,VIIRS,n,2.0NRT,296.95,6.1,D
16.85559,81.63401,334.41,0.66,0.73,2026-05-13,657,N21,VIIRS,n,2.0NRT,293.57,7.52,D
16.93765,82.00172,330.6,0.62,0.72,2026-05-13,657,N21,VIIRS,n,2.0NRT,294.91,7.29,D
16.94851,82.01895,342.65,0.62,0.71,2026-05-13,657,N21,VIIRS,n,2.0NRT,294.92,21.7,D
16.9491,82.02288,367,0.62,0.72,2026-05-13,657,N21,VIIRS,h,2.0NRT,295.7,26.31,D
16.9498,82.02459,346.45,0.62,0.71,2026-05-13,657,N21,VIIRS,n,2.0NRT,292.99,19.43,D
16.97923,80.87341,349.99,0.74,0.76,2026-05-13,657,N21,VIIRS,n,2.0NRT,296.43,19.69,D
16.99449,80.8771,336.13,0.74,0.76,2026-05-13,657,N21,VIIRS,n,2.0NRT,295.45,8.12,D
17.00459,82.12209,340.96,0.61,0.71,2026-05-13,657,N21,VIIRS,n,2.0NRT,295.48,9.28,D
17.00471,82.11805,334.63,0.61,0.71,2026-05-13,657,N21,VIIRS,n,2.0NRT,293.68,9.86,D
17.02374,82.14296,337.76,0.61,0.71,2026-05-13,657,N21,VIIRS,n,2.0NRT,294.51,8.48,D
17.02971,95.75724,337.23,0.39,0.36,2026-05-13,657,N21,VIIRS,n,2.0NRT,297.46,7.31,D
17.0541,95.85374,341.38,0.39,0.36,2026-05-13,657,N21,VIIRS,n,2.0NRT,296.4,5.65,D
17.0639,95.75918,340.46,0.39,0.36,2026-05-13,657,N21,VIIRS,n,2.0NRT,294.87,4.58,D
17.0675,81.62118,330.67,0.66,0.73,2026-05-13,657,N21,VIIRS,n,2.0NRT,293.25,4.89,D
17.29163,80.81743,335.88,0.73,0.76,2026-05-13,657,N21,VIIRS,n,2.0NRT,294.68,15.67,D
17.33589,80.88096,332.23,0.72,0.76,2026-05-13,657,N21,VIIRS,n,2.0NRT,293.3,9.4,D
17.3426,80.88292,352.76,0.72,0.76,2026-05-13,657,N21,VIIRS,n,2.0NRT,293.34,18.08,D
17.34274,80.8796,331.62,0.72,0.76,2026-05-13,657,N21,VIIRS,n,2.0NRT,293.66,10.73,D
17.52014,80.58692,330.6,0.75,0.77,2026-05-13,657,N21,VIIRS,n,2.0NRT,294.22,5.62,D
17.53985,96.62196,333.1,0.41,0.37,2026-05-13,657,N21,VIIRS,n,2.0NRT,298.87,3.45,D
17.56393,81.76902,353.14,0.63,0.72,2026-05-13,657,N21,VIIRS,n,2.0NRT,291.65,20.7,D
17.56448,81.77133,367,0.63,0.72,2026-05-13,657,N21,VIIRS,h,2.0NRT,291.51,16.38,D
17.59331,97.89758,330.43,0.46,0.39,2026-05-13,657,N21,VIIRS,n,2.0NRT,296.59,2.6,D
17.62183,80.16805,353,0.79,0.78,2026-05-13,657,N21,VIIRS,n,2.0NRT,292.44,18.57,D
17.62447,80.16616,349.11,0.8,0.78,2026-05-13,657,N21,VIIRS,n,2.0NRT,292.16,21.27,D
17.66854,96.66456,344.47,0.41,0.37,2026-05-13,657,N21,VIIRS,n,2.0NRT,299.1,7.06,D
17.73853,96.66224,338.65,0.41,0.37,2026-05-13,657,N21,VIIRS,n,2.0NRT,297.44,2.7,D
17.93116,96.93504,337.63,0.42,0.38,2026-05-13,657,N21,VIIRS,n,2.0NRT,296.76,11.69,D
18.40184,83.75562,333.13,0.45,0.63,2026-05-13,657,N21,VIIRS,n,2.0NRT,294.54,5.13,D
18.40574,83.74615,332.01,0.45,0.63,2026-05-13,657,N21,VIIRS,n,2.0NRT,294.48,4.73,D
18.5508,83.88844,367,0.44,0.62,2026-05-13,657,N21,VIIRS,h,2.0NRT,292.74,11.81,D
18.58094,83.01734,335.37,0.5,0.66,2026-05-13,657,N21,VIIRS,n,2.0NRT,292.91,3.81,D
18.75206,83.80965,331.63,0.44,0.62,2026-05-13,657,N21,VIIRS,n,2.0NRT,295.94,4.56,D
18.7522,95.59354,336.6,0.39,0.36,2026-05-13,657,N21,VIIRS,n,2.0NRT,300.3,4.71,D
18.82977,95.63767,338.56,0.39,0.36,2026-05-13,657,N21,VIIRS,n,2.0NRT,299.66,4.88,D
18.88365,84.35038,338.33,0.4,0.6,2026-05-13,657,N21,VIIRS,n,2.0NRT,293.29,15.92,D
18.88422,84.35308,367,0.4,0.6,2026-05-13,657,N21,VIIRS,h,2.0NRT,295.56,15.92,D
18.88547,84.34991,339.1,0.4,0.6,2026-05-13,657,N21,VIIRS,n,2.0NRT,293.81,15.6,D
18.88605,84.3526,367,0.4,0.6,2026-05-13,657,N21,VIIRS,h,2.0NRT,296.1,15.6,D
20.47035,94.25583,333.2,0.38,0.36,2026-05-13,657,N21,VIIRS,n,2.0NRT,301.77,1.17,D
20.88225,96.03384,351.42,0.41,0.37,2026-05-13,657,N21,VIIRS,n,2.0NRT,306.28,8.35,D
20.8851,96.02934,342.4,0.41,0.37,2026-05-13,657,N21,VIIRS,n,2.0NRT,305.97,5.16,D
20.88565,96.03329,355.62,0.41,0.37,2026-05-13,657,N21,VIIRS,l,2.0NRT,307.16,8.35,D
20.88621,96.03725,355.63,0.41,0.37,2026-05-13,657,N21,VIIRS,l,2.0NRT,307.23,8.35,D
20.88676,96.04121,348.19,0.41,0.37,2026-05-13,657,N21,VIIRS,n,2.0NRT,305.7,4.65,D
20.88962,96.0367,354.98,0.41,0.37,2026-05-13,657,N21,VIIRS,n,2.0NRT,306.58,7.67,D
18.69894,83.05778,367,0.49,0.65,2026-05-13,659,N21,VIIRS,h,2.0NRT,300.72,50.12,D
18.78232,83.68891,331.8,0.44,0.63,2026-05-13,659,N21,VIIRS,n,2.0NRT,293.35,4.23,D
18.79233,83.68054,332.9,0.44,0.63,2026-05-13,659,N21,VIIRS,n,2.0NRT,293.62,3.18,D
18.81506,80.22051,333.4,0.74,0.76,2026-05-13,659,N21,VIIRS,n,2.0NRT,292.82,5.87,D
18.83373,83.79028,335.93,0.44,0.62,2026-05-13,659,N21,VIIRS,n,2.0NRT,294.34,3.92,D
19.07693,82.98912,367,0.49,0.65,2026-05-13,659,N21,VIIRS,h,2.0NRT,298.81,21.25,D
19.0798,84.32579,332.78,0.4,0.6,2026-05-13,659,N21,VIIRS,n,2.0NRT,296.62,4.98,D
19.24606,84.37132,367,0.39,0.59,2026-05-13,659,N21,VIIRS,h,2.0NRT,298.53,15.11,D
19.25118,84.36904,333.09,0.39,0.59,2026-05-13,659,N21,VIIRS,n,2.0NRT,296.4,15.11,D
19.25799,83.17792,338.8,0.47,0.64,2026-05-13,659,N21,VIIRS,n,2.0NRT,297.71,8.11,D
19.31535,84.34142,354.52,0.39,0.59,2026-05-13,659,N21,VIIRS,n,2.0NRT,298.83,15.98,D
19.31859,84.34299,367,0.39,0.59,2026-05-13,659,N21,VIIRS,h,2.0NRT,299.71,39.29,D
19.32091,84.34113,353.38,0.39,0.59,2026-05-13,659,N21,VIIRS,n,2.0NRT,296.24,15.98,D
19.41889,84.15888,332.05,0.4,0.6,2026-05-13,659,N21,VIIRS,n,2.0NRT,296.31,4.15,D
19.54404,83.26968,330.09,0.46,0.63,2026-05-13,659,N21,VIIRS,l,2.0NRT,301.08,3.86,D
19.5455,83.26884,334.58,0.46,0.63,2026-05-13,659,N21,VIIRS,n,2.0NRT,300.91,4.97,D
19.5825,84.0414,330.26,0.41,0.6,2026-05-13,659,N21,VIIRS,n,2.0NRT,296.02,5.31,D
19.58369,83.00603,337.69,0.47,0.64,2026-05-13,659,N21,VIIRS,n,2.0NRT,298.01,7.8,D
19.58451,83.00851,346.87,0.47,0.64,2026-05-13,659,N21,VIIRS,n,2.0NRT,298.82,8.09,D
19.65955,84.13033,339.4,0.4,0.6,2026-05-13,659,N21,VIIRS,n,2.0NRT,297.91,3.57,D
19.66028,82.27184,347.98,0.53,0.67,2026-05-13,659,N21,VIIRS,n,2.0NRT,295.42,7.31,D
19.67356,84.14302,351.98,0.4,0.6,2026-05-13,659,N21,VIIRS,n,2.0NRT,297.14,6.69,D
19.68505,84.27544,333.11,0.39,0.59,2026-05-13,659,N21,VIIRS,n,2.0NRT,296.72,2.84,D
19.71557,82.99788,348.76,0.47,0.64,2026-05-13,659,N21,VIIRS,n,2.0NRT,297.46,9.68,D
19.81,84.08471,367,0.4,0.6,2026-05-13,659,N21,VIIRS,h,2.0NRT,296.4,12.27,D
19.8118,84.08482,367,0.4,0.6,2026-05-13,659,N21,VIIRS,h,2.0NRT,296.51,11.42,D
19.83969,83.89944,345.39,0.41,0.61,2026-05-13,659,N21,VIIRS,n,2.0NRT,296.94,4.57,D
19.85266,83.87997,334.52,0.41,0.61,2026-05-13,659,N21,VIIRS,n,2.0NRT,298.47,5.13,D
19.86663,83.65253,335.51,0.42,0.61,2026-05-13,659,N21,VIIRS,n,2.0NRT,297.84,5.96,D
19.89175,83.39162,330.7,0.44,0.62,2026-05-13,659,N21,VIIRS,n,2.0NRT,297.42,5.19,D
19.92728,84.00834,367,0.4,0.6,2026-05-13,659,N21,VIIRS,h,2.0NRT,297.8,13.95,D
19.93254,84.00645,367,0.4,0.6,2026-05-13,659,N21,VIIRS,h,2.0NRT,300.31,22.63,D
19.94762,84.2198,334.91,0.39,0.59,2026-05-13,659,N21,VIIRS,n,2.0NRT,298.94,6.86,D
19.95035,84.21716,337.28,0.39,0.59,2026-05-13,659,N21,VIIRS,n,2.0NRT,297.72,4.41,D
19.95321,84.20461,347.56,0.39,0.59,2026-05-13,659,N21,VIIRS,n,2.0NRT,298.71,10.74,D
19.95511,84.20229,367,0.39,0.59,2026-05-13,659,N21,VIIRS,h,2.0NRT,298.54,8.97,D
20.21132,79.28323,332.36,0.79,0.78,2026-05-13,659,N21,VIIRS,n,2.0NRT,293.69,12.61,D
20.4929,80.19556,336.59,0.68,0.74,2026-05-13,659,N21,VIIRS,n,2.0NRT,294.74,8.95,D
20.73241,86.48086,337.51,0.53,0.5,2026-05-13,659,N21,VIIRS,n,2.0NRT,302.92,4.18,D
20.73341,86.48589,330.2,0.53,0.5,2026-05-13,659,N21,VIIRS,l,2.0NRT,303.24,4.18,D
20.76101,85.29845,331.13,0.64,0.54,2026-05-13,659,N21,VIIRS,l,2.0NRT,302.16,7.13,D
20.79312,85.25511,339.88,0.32,0.55,2026-05-13,659,N21,VIIRS,n,2.0NRT,301.98,6.56,D
20.85759,93.07729,338.37,0.39,0.36,2026-05-13,659,N21,VIIRS,l,2.0NRT,309.81,7.15,D
20.92358,79.37509,334.85,0.76,0.77,2026-05-13,659,N21,VIIRS,n,2.0NRT,297.09,6.32,D
20.9501,86.04789,332.24,0.56,0.52,2026-05-13,659,N21,VIIRS,l,2.0NRT,302.3,4.58,D
20.95643,85.01259,338.23,0.33,0.55,2026-05-13,659,N21,VIIRS,n,2.0NRT,302.23,5.36,D
20.96131,86.00666,338.08,0.57,0.52,2026-05-13,659,N21,VIIRS,n,2.0NRT,301.22,12.97,D
20.9617,85.18633,330.06,0.32,0.55,2026-05-13,659,N21,VIIRS,l,2.0NRT,302.72,6.9,D
20.96231,85.18924,340,0.32,0.55,2026-05-13,659,N21,VIIRS,n,2.0NRT,303.18,7.7,D
20.96348,85.17023,340.41,0.32,0.55,2026-05-13,659,N21,VIIRS,n,2.0NRT,302.63,4.63,D
20.96411,85.17323,335.05,0.32,0.55,2026-05-13,659,N21,VIIRS,n,2.0NRT,301.73,4.63,D
20.96838,85.16901,330.82,0.32,0.55,2026-05-13,659,N21,VIIRS,l,2.0NRT,300.89,6.15,D
20.96965,85.17507,346.18,0.32,0.55,2026-05-13,659,N21,VIIRS,n,2.0NRT,301.77,5.38,D
20.97028,85.17807,351.4,0.32,0.55,2026-05-13,659,N21,VIIRS,n,2.0NRT,301.61,5.38,D
20.97077,85.15578,336.99,0.32,0.55,2026-05-13,659,N21,VIIRS,n,2.0NRT,299.54,4.92,D
20.97672,96.00762,337.56,0.41,0.37,2026-05-13,659,N21,VIIRS,n,2.0NRT,304.7,3.79,D
20.97727,96.01159,341.38,0.41,0.37,2026-05-13,659,N21,VIIRS,n,2.0NRT,305.04,3.58,D
20.97783,96.01554,346.97,0.41,0.37,2026-05-13,659,N21,VIIRS,n,2.0NRT,305.23,3.58,D
20.97838,96.01949,350.97,0.41,0.37,2026-05-13,659,N21,VIIRS,n,2.0NRT,305.2,5.83,D
20.97893,96.02345,340.78,0.41,0.37,2026-05-13,659,N21,VIIRS,n,2.0NRT,304.38,5.83,D
20.98179,96.01894,350.06,0.41,0.37,2026-05-13,659,N21,VIIRS,n,2.0NRT,305.29,6.1,D
20.98234,96.0229,352.41,0.41,0.37,2026-05-13,659,N21,VIIRS,n,2.0NRT,305.16,6.1,D
20.9852,96.01839,346.96,0.41,0.37,2026-05-13,659,N21,VIIRS,n,2.0NRT,305.51,6.1,D
20.98575,96.02235,355.62,0.41,0.37,2026-05-13,659,N21,VIIRS,l,2.0NRT,306.3,6.1,D
20.9863,96.02631,344.49,0.41,0.37,2026-05-13,659,N21,VIIRS,n,2.0NRT,304.01,3.52,D
20.98861,96.01785,340.68,0.41,0.37,2026-05-13,659,N21,VIIRS,n,2.0NRT,303.44,4.11,D
20.98916,96.0218,351.96,0.41,0.37,2026-05-13,659,N21,VIIRS,n,2.0NRT,305.28,4.11,D
20.98971,96.02576,331.63,0.41,0.37,2026-05-13,659,N21,VIIRS,n,2.0NRT,301.14,0.34,D
20.99399,86.0125,335.01,0.57,0.52,2026-05-13,659,N21,VIIRS,n,2.0NRT,298.5,11.93,D
20.99718,86.01533,343.06,0.57,0.52,2026-05-13,659,N21,VIIRS,n,2.0NRT,300.05,7.63,D
21.02119,84.87379,348.64,0.33,0.56,2026-05-13,659,N21,VIIRS,n,2.0NRT,301.06,5.48,D
21.05412,81.19469,330.24,0.57,0.69,2026-05-13,659,N21,VIIRS,n,2.0NRT,297.56,2.42,D
21.07653,85.03821,333.67,0.33,0.55,2026-05-13,659,N21,VIIRS,n,2.0NRT,302.08,6.82,D
21.07781,85.04435,332.54,0.33,0.55,2026-05-13,659,N21,VIIRS,n,2.0NRT,301.12,6.66,D
21.15688,83.03349,330.27,0.44,0.62,2026-05-13,659,N21,VIIRS,n,2.0NRT,297.58,3.43,D
21.24393,83.05518,334.13,0.43,0.62,2026-05-13,659,N21,VIIRS,n,2.0NRT,298.47,4.94,D
21.30002,81.17116,330.54,0.57,0.69,2026-05-13,659,N21,VIIRS,n,2.0NRT,296.61,3.49,D
21.30399,95.52914,341.4,0.4,0.37,2026-05-13,659,N21,VIIRS,n,2.0NRT,302.08,3.73,D
21.35904,83.21398,336.07,0.42,0.61,2026-05-13,659,N21,VIIRS,n,2.0NRT,299.77,5.55,D
21.47264,85.46249,340.22,0.6,0.53,2026-05-13,659,N21,VIIRS,n,2.0NRT,300.14,9.93,D
21.4831,92.83097,330.06,0.39,0.36,2026-05-13,659,N21,VIIRS,l,2.0NRT,303.03,3.15,D
21.48709,95.53129,338.23,0.4,0.37,2026-05-13,659,N21,VIIRS,n,2.0NRT,304.95,9.13,D
21.5782,85.37009,352.15,0.61,0.53,2026-05-13,659,N21,VIIRS,n,2.0NRT,302.18,37.16,D
21.57934,85.37561,340.44,0.61,0.53,2026-05-13,659,N21,VIIRS,n,2.0NRT,298.9,32.95,D
21.58296,85.3688,345.61,0.61,0.53,2026-05-13,659,N21,VIIRS,n,2.0NRT,300.74,37.16,D
21.61124,85.36526,339.17,0.61,0.53,2026-05-13,659,N21,VIIRS,n,2.0NRT,297.81,11.16,D
21.61165,85.36161,340.62,0.61,0.53,2026-05-13,659,N21,VIIRS,n,2.0NRT,299.09,11.08,D
21.68,92.3765,330.73,0.4,0.37,2026-05-13,659,N21,VIIRS,n,2.0NRT,298.27,5.08,D
21.68041,84.03905,331.58,0.37,0.58,2026-05-13,659,N21,VIIRS,n,2.0NRT,298.74,1.63,D
21.69777,83.89204,337.33,0.37,0.58,2026-05-13,659,N21,VIIRS,n,2.0NRT,298.25,3.41,D
21.71301,83.98756,337.8,0.37,0.58,2026-05-13,659,N21,VIIRS,n,2.0NRT,298.42,3.71,D
21.752,83.81654,331.05,0.38,0.59,2026-05-13,659,N21,VIIRS,n,2.0NRT,299.98,3.26,D
21.78504,83.21357,335.52,0.41,0.61,2026-05-13,659,N21,VIIRS,n,2.0NRT,299.1,4.48,D
21.9186,83.34931,330.27,0.4,0.6,2026-05-13,659,N21,VIIRS,n,2.0NRT,299.32,1.99,D
21.93636,92.70225,337.1,0.39,0.36,2026-05-13,659,N21,VIIRS,l,2.0NRT,297.38,28.93,D
21.93652,79.44775,339.65,0.71,0.75,2026-05-13,659,N21,VIIRS,n,2.0NRT,300.81,4.88,D
21.95021,94.71524,337.94,0.39,0.36,2026-05-13,659,N21,VIIRS,n,2.0NRT,307.78,3.34,D
22.05399,88.12562,338.5,0.4,0.44,2026-05-13,659,N21,VIIRS,n,2.0NRT,303.67,6.53,D
22.05484,88.12461,337.94,0.4,0.44,2026-05-13,659,N21,VIIRS,n,2.0NRT,303.77,5.16,D
22.06249,79.44921,342.88,0.7,0.75,2026-05-13,659,N21,VIIRS,n,2.0NRT,299.11,10.38,D
22.0865,83.1183,333.53,0.41,0.61,2026-05-13,659,N21,VIIRS,n,2.0NRT,298.18,3.17,D
22.08737,83.12221,332.41,0.41,0.61,2026-05-13,659,N21,VIIRS,n,2.0NRT,298.03,3.17,D
22.14535,93.96898,334.77,0.38,0.36,2026-05-13,659,N21,VIIRS,n,2.0NRT,304.6,3.36,D
22.21329,95.53588,332.95,0.41,0.37,2026-05-13,659,N21,VIIRS,n,2.0NRT,301.83,2.34,D
22.2249,82.62615,330.02,0.44,0.62,2026-05-13,659,N21,VIIRS,n,2.0NRT,298.7,3.12,D
22.30037,95.81036,335.57,0.42,0.37,2026-05-13,659,N21,VIIRS,n,2.0NRT,301.02,3.44,D
22.36309,87.29979,334.55,0.44,0.46,2026-05-13,659,N21,VIIRS,n,2.0NRT,302.49,6.14,D
22.37658,87.27926,345.61,0.44,0.46,2026-05-13,659,N21,VIIRS,n,2.0NRT,303.34,10.66,D
22.45686,82.61542,343.66,0.44,0.62,2026-05-13,659,N21,VIIRS,n,2.0NRT,299.76,4.4,D
22.45912,82.61581,336.2,0.44,0.62,2026-05-13,659,N21,VIIRS,n,2.0NRT,299.54,5.2,D
22.73517,83.13,367,0.4,0.6,2026-05-13,659,N21,VIIRS,h,2.0NRT,298.6,34.48,D
22.73936,79.64199,336.37,0.66,0.73,2026-05-13,659,N21,VIIRS,n,2.0NRT,304.53,9.23,D
22.84179,93.28442,332.89,0.38,0.36,2026-05-13,659,N21,VIIRS,l,2.0NRT,307.34,7.42,D
22.88217,79.80071,334.86,0.64,0.72,2026-05-13,659,N21,VIIRS,n,2.0NRT,304.1,5.11,D
22.95296,89.72404,339.94,0.48,0.4,2026-05-13,659,N21,VIIRS,l,2.0NRT,301.08,14.65,D
23.07651,80.03131,330.37,0.61,0.71,2026-05-13,659,N21,VIIRS,l,2.0NRT,302.85,3.09,D
23.08874,80.10786,335.96,0.61,0.71,2026-05-13,659,N21,VIIRS,n,2.0NRT,305,5.56,D
23.12444,80.06103,330.22,0.61,0.71,2026-05-13,659,N21,VIIRS,l,2.0NRT,302.49,5.94,D
23.22283,93.9409,337.78,0.39,0.36,2026-05-13,659,N21,VIIRS,n,2.0NRT,303.88,10.8,D
23.2325,78.29871,331.24,0.78,0.78,2026-05-13,659,N21,VIIRS,n,2.0NRT,294.58,22.98,D
23.28078,79.75143,336.48,0.63,0.72,2026-05-13,659,N21,VIIRS,n,2.0NRT,303.17,9.86,D
23.28109,79.75256,330.42,0.63,0.72,2026-05-13,659,N21,VIIRS,l,2.0NRT,302.94,11.08,D
23.38058,84.07014,351.29,0.34,0.56,2026-05-13,659,N21,VIIRS,n,2.0NRT,300.79,5.03,D
23.39144,81.05233,330.23,0.52,0.67,2026-05-13,659,N21,VIIRS,n,2.0NRT,298.78,7.22,D
23.48449,87.36118,331.76,0.42,0.45,2026-05-13,659,N21,VIIRS,n,2.0NRT,301.21,3.43,D
23.48842,78.72012,346.1,0.73,0.76,2026-05-13,659,N21,VIIRS,n,2.0NRT,302.73,23.13,D
23.48866,78.7161,352.49,0.72,0.76,2026-05-13,659,N21,VIIRS,n,2.0NRT,303.46,16.26,D
23.55359,87.24136,334.35,0.43,0.46,2026-05-13,659,N21,VIIRS,n,2.0NRT,300.36,5.46,D
23.60048,80.34988,340.83,0.57,0.69,2026-05-13,659,N21,VIIRS,n,2.0NRT,302.64,7.59,D
23.6454,78.17384,342.07,0.78,0.78,2026-05-13,659,N21,VIIRS,n,2.0NRT,302.29,12.27,D
23.64611,85.43867,336.17,0.55,0.51,2026-05-13,659,N21,VIIRS,n,2.0NRT,302.61,7.52,D
23.64802,78.17625,350.06,0.78,0.78,2026-05-13,659,N21,VIIRS,n,2.0NRT,303.41,14.89,D
23.65224,78.17167,335.7,0.78,0.78,2026-05-13,659,N21,VIIRS,n,2.0NRT,302.9,12.27,D
23.66397,87.15678,339.88,0.43,0.46,2026-05-13,659,N21,VIIRS,n,2.0NRT,302.03,6.53,D
23.67769,86.39996,333.78,0.48,0.48,2026-05-13,659,N21,VIIRS,n,2.0NRT,303.1,12.35,D
23.68083,86.09529,330.21,0.5,0.49,2026-05-13,659,N21,VIIRS,n,2.0NRT,299.91,3.84,D
23.68331,86.08475,333.4,0.5,0.49,2026-05-13,659,N21,VIIRS,n,2.0NRT,300.94,6.2,D
23.68545,86.39346,330.11,0.48,0.48,2026-05-13,659,N21,VIIRS,l,2.0NRT,301.72,5.78,D
23.71002,86.44974,330.06,0.47,0.48,2026-05-13,659,N21,VIIRS,l,2.0NRT,301.13,5.64,D
23.72764,79.53858,341.62,0.64,0.72,2026-05-13,659,N21,VIIRS,n,2.0NRT,306.15,12.71,D
23.73511,86.43163,331.82,0.47,0.48,2026-05-13,659,N21,VIIRS,l,2.0NRT,303.44,5.81,D
23.73602,86.43615,336.14,0.47,0.48,2026-05-13,659,N21,VIIRS,n,2.0NRT,304.25,5.81,D
23.75055,86.41874,334.14,0.47,0.48,2026-05-13,659,N21,VIIRS,n,2.0NRT,301.27,1.79,D
23.76076,86.40215,331.56,0.47,0.48,2026-05-13,659,N21,VIIRS,l,2.0NRT,302.18,9.39,D
23.76599,86.40575,340.1,0.47,0.48,2026-05-13,659,N21,VIIRS,n,2.0NRT,302.74,6.97,D
23.77601,86.36527,336.24,0.48,0.48,2026-05-13,659,N21,VIIRS,n,2.0NRT,302.28,5.42,D
23.78145,86.39275,331.83,0.47,0.48,2026-05-13,659,N21,VIIRS,n,2.0NRT,301.4,6.16,D
23.79701,86.3518,339.57,0.48,0.48,2026-05-13,659,N21,VIIRS,n,2.0NRT,301.72,7.68,D
23.80015,86.3502,333.5,0.48,0.48,2026-05-13,659,N21,VIIRS,n,2.0NRT,302.79,7.86,D
23.80196,86.33163,330.4,0.48,0.48,2026-05-13,659,N21,VIIRS,l,2.0NRT,303.28,5.52,D
23.82822,80.64695,332.71,0.54,0.68,2026-05-13,659,N21,VIIRS,l,2.0NRT,303.28,2.88,D
23.85326,78.00986,340.28,0.79,0.78,2026-05-13,659,N21,VIIRS,n,2.0NRT,304.29,17.2,D
23.86388,80.52898,331.46,0.55,0.68,2026-05-13,659,N21,VIIRS,l,2.0NRT,304.37,2.67,D
23.88074,79.27657,338.32,0.66,0.73,2026-05-13,659,N21,VIIRS,n,2.0NRT,305.65,7.84,D
23.90211,79.6609,338.53,0.62,0.71,2026-05-13,659,N21,VIIRS,n,2.0NRT,304.39,8.35,D
23.90357,79.66675,337.9,0.62,0.71,2026-05-13,659,N21,VIIRS,n,2.0NRT,304.7,8.59,D
23.90512,79.26292,342.12,0.66,0.73,2026-05-13,659,N21,VIIRS,n,2.0NRT,305.2,5.91,D
23.91376,80.78607,332.29,0.53,0.67,2026-05-13,659,N21,VIIRS,l,2.0NRT,303.48,2.81,D
23.91812,79.25931,335.44,0.66,0.73,2026-05-13,659,N21,VIIRS,n,2.0NRT,305.12,10.46,D
23.91968,79.26547,342.49,0.66,0.73,2026-05-13,659,N21,VIIRS,n,2.0NRT,303.1,10.57,D
23.92436,97.67713,330.6,0.52,0.42,2026-05-13,659,N21,VIIRS,n,2.0NRT,299.37,4.37,D
23.95743,96.35487,336.45,0.45,0.39,2026-05-13,659,N21,VIIRS,n,2.0NRT,301.64,5.99,D
23.99863,83.0174,333.37,0.38,0.59,2026-05-13,659,N21,VIIRS,l,2.0NRT,306.67,1.64,D
24.02477,83.27985,339.82,0.37,0.58,2026-05-13,659,N21,VIIRS,n,2.0NRT,302.51,5.05,D
24.02499,83.28018,342.93,0.37,0.58,2026-05-13,659,N21,VIIRS,n,2.0NRT,302.75,2.98,D
24.02995,83.93106,338.49,0.33,0.56,2026-05-13,659,N21,VIIRS,n,2.0NRT,301.89,2.54,D
24.03063,83.9342,330.31,0.33,0.56,2026-05-13,659,N21,VIIRS,l,2.0NRT,302.56,2.54,D
24.04285,82.91584,334.11,0.39,0.59,2026-05-13,659,N21,VIIRS,l,2.0NRT,307.6,2.44,D
24.06223,83.22628,332.52,0.37,0.58,2026-05-13,659,N21,VIIRS,l,2.0NRT,305.02,1.45,D
24.08737,79.74096,340.35,0.61,0.71,2026-05-13,659,N21,VIIRS,n,2.0NRT,305.37,4.36,D
24.08988,80.76998,330.94,0.52,0.67,2026-05-13,659,N21,VIIRS,l,2.0NRT,302.7,2.58,D
24.09089,80.76826,332.28,0.52,0.67,2026-05-13,659,N21,VIIRS,l,2.0NRT,303.01,3.11,D
24.1026,83.06442,351.39,0.38,0.58,2026-05-13,659,N21,VIIRS,n,2.0NRT,307.64,5.45,D
24.127,80.31162,331.84,0.56,0.69,2026-05-13,659,N21,VIIRS,n,2.0NRT,300.93,5.58,D
24.1324,83.04902,345.71,0.38,0.58,2026-05-13,659,N21,VIIRS,n,2.0NRT,306.39,3.47,D
24.14252,82.63465,331.49,0.4,0.6,2026-05-13,659,N21,VIIRS,l,2.0NRT,301.84,2.7,D
24.14833,80.8732,331.3,0.51,0.66,2026-05-13,659,N21,VIIRS,n,2.0NRT,301.11,3.55,D
24.19698,79.25372,338.2,0.65,0.73,2026-05-13,659,N21,VIIRS,l,2.0NRT,308.77,6.72,D
24.20495,82.70988,336.08,0.39,0.6,2026-05-13,659,N21,VIIRS,n,2.0NRT,304.79,5.56,D
24.21108,78.85355,332.1,0.68,0.74,2026-05-13,659,N21,VIIRS,l,2.0NRT,303.19,4.2,D
24.22861,83.50384,335.42,0.35,0.57,2026-05-13,659,N21,VIIRS,n,2.0NRT,301.87,2.37,D
24.24598,97.23106,333.71,0.5,0.41,2026-05-13,659,N21,VIIRS,n,2.0NRT,300.73,3.4,D
24.24673,79.74997,340.72,0.6,0.71,2026-05-13,659,N21,VIIRS,n,2.0NRT,306.59,4.06,D
24.24723,97.24078,334.38,0.5,0.41,2026-05-13,659,N21,VIIRS,n,2.0NRT,299.4,5.31,D
24.24805,97.23296,330.74,0.5,0.41,2026-05-13,659,N21,VIIRS,l,2.0NRT,301.46,3.92,D
24.24925,97.24273,332.98,0.5,0.41,2026-05-13,659,N21,VIIRS,n,2.0NRT,298.92,4.25,D
24.27024,81.94051,337.04,0.44,0.62,2026-05-13,659,N21,VIIRS,n,2.0NRT,302.37,1.56,D
24.27285,81.94092,331.26,0.44,0.62,2026-05-13,659,N21,VIIRS,l,2.0NRT,303.02,3.47,D
24.28971,82.26885,332.54,0.42,0.61,2026-05-13,659,N21,VIIRS,n,2.0NRT,302.44,2.47,D
24.29934,94.80429,333.7,0.4,0.37,2026-05-13,659,N21,VIIRS,n,2.0NRT,303.18,1.53,D
24.32278,80.21556,337.44,0.56,0.69,2026-05-13,659,N21,VIIRS,n,2.0NRT,304.71,3.92,D
24.32394,93.11968,332.36,0.38,0.36,2026-05-13,659,N21,VIIRS,n,2.0NRT,299.07,3.36,D
24.39517,97.27287,332.72,0.5,0.41,2026-05-13,659,N21,VIIRS,n,2.0NRT,296.82,3.93,D
24.41566,92.82507,340.54,0.38,0.36,2026-05-13,659,N21,VIIRS,n,2.0NRT,297.71,6,D
24.44379,81.18559,343.68,0.48,0.65,2026-05-13,659,N21,VIIRS,n,2.0NRT,302.21,12.15,D
24.44944,79.02787,339.32,0.66,0.73,2026-05-13,659,N21,VIIRS,n,2.0NRT,306.49,5.47,D
24.44957,81.18396,341.08,0.48,0.65,2026-05-13,659,N21,VIIRS,n,2.0NRT,301.99,6.46,D
24.46375,81.42131,331.12,0.47,0.64,2026-05-13,659,N21,VIIRS,l,2.0NRT,301.26,3.56,D
24.47939,81.48808,342.75,0.46,0.64,2026-05-13,659,N21,VIIRS,n,2.0NRT,300.81,7.43,D
24.47987,81.48746,345.5,0.46,0.64,2026-05-13,659,N21,VIIRS,n,2.0NRT,301.1,8.95,D
24.48043,81.49253,340.99,0.46,0.64,2026-05-13,659,N21,VIIRS,n,2.0NRT,300.41,5.75,D
24.48094,81.49188,343.03,0.46,0.64,2026-05-13,659,N21,VIIRS,n,2.0NRT,300.57,7.56,D
24.5038,78.73987,336.35,0.68,0.74,2026-05-13,659,N21,VIIRS,n,2.0NRT,305.07,6,D
24.50496,81.33827,336.84,0.47,0.64,2026-05-13,659,N21,VIIRS,n,2.0NRT,301.79,5.55,D
24.51027,79.29758,340.17,0.63,0.72,2026-05-13,659,N21,VIIRS,n,2.0NRT,304.27,10.02,D
24.51102,79.29993,338.43,0.63,0.72,2026-05-13,659,N21,VIIRS,n,2.0NRT,304.43,7.69,D
24.53106,80.61462,339.68,0.52,0.67,2026-05-13,659,N21,VIIRS,n,2.0NRT,305.15,8.29,D
24.54329,80.74209,334.59,0.51,0.66,2026-05-13,659,N21,VIIRS,n,2.0NRT,301.31,5.73,D
24.58692,95.71851,330.4,0.43,0.38,2026-05-13,659,N21,VIIRS,n,2.0NRT,298.17,3.59,D
24.5929,81.22021,331.1,0.48,0.65,2026-05-13,659,N21,VIIRS,l,2.0NRT,301.71,2.38,D
24.60534,81.14327,342.4,0.48,0.65,2026-05-13,659,N21,VIIRS,n,2.0NRT,302.7,8.25,D
24.60898,81.13786,337.45,0.48,0.65,2026-05-13,659,N21,VIIRS,n,2.0NRT,301.52,4.27,D
24.6101,81.14243,339.3,0.48,0.65,2026-05-13,659,N21,VIIRS,n,2.0NRT,301.82,4.95,D
24.62359,94.91764,334.31,0.41,0.37,2026-05-13,659,N21,VIIRS,n,2.0NRT,301.3,3.52,D
24.62389,78.42078,340.33,0.71,0.75,2026-05-13,659,N21,VIIRS,n,2.0NRT,306.08,5.63,D
24.62501,78.41789,347.54,0.71,0.75,2026-05-13,659,N21,VIIRS,n,2.0NRT,305.31,5.58,D
24.64327,81.14738,336.34,0.48,0.65,2026-05-13,659,N21,VIIRS,n,2.0NRT,303.25,6.11,D
24.64541,81.15649,333.66,0.48,0.65,2026-05-13,659,N21,VIIRS,n,2.0NRT,302.15,8.99,D
24.64813,81.14664,338.37,0.48,0.65,2026-05-13,659,N21,VIIRS,n,2.0NRT,304.91,10.13,D
24.64923,81.15119,338.9,0.48,0.65,2026-05-13,659,N21,VIIRS,n,2.0NRT,304.26,11.02,D
24.65033,81.15573,353.86,0.48,0.65,2026-05-13,659,N21,VIIRS,n,2.0NRT,304.07,11.02,D
24.65786,79.6375,341.6,0.6,0.7,2026-05-13,659,N21,VIIRS,n,2.0NRT,303.5,5.32,D
24.65982,78.38602,367,0.71,0.75,2026-05-13,659,N21,VIIRS,h,2.0NRT,306.2,19.45,D
24.66317,79.55108,347.09,0.6,0.71,2026-05-13,659,N21,VIIRS,n,2.0NRT,305.92,8.92,D
24.66511,79.5524,344.52,0.6,0.71,2026-05-13,659,N21,VIIRS,n,2.0NRT,305.37,10.87,D
24.66981,94.95088,332.42,0.41,0.37,2026-05-13,659,N21,VIIRS,l,2.0NRT,302.42,2.37,D
24.74727,95.38313,335.42,0.42,0.38,2026-05-13,659,N21,VIIRS,n,2.0NRT,302.01,2.67,D
24.75025,80.75188,331.51,0.51,0.66,2026-05-13,659,N21,VIIRS,n,2.0NRT,300.73,3.53,D
24.75477,94.2597,330.73,0.39,0.37,2026-05-13,659,N21,VIIRS,n,2.0NRT,300.77,3.22,D
24.75967,80.94751,367,0.49,0.65,2026-05-13,659,N21,VIIRS,h,2.0NRT,304.33,17.16,D
24.77217,81.56297,334.08,0.45,0.63,2026-05-13,659,N21,VIIRS,l,2.0NRT,304.44,2.27,D
24.81408,79.63643,334.83,0.59,0.7,2026-05-13,659,N21,VIIRS,l,2.0NRT,305.3,5.36,D
24.82585,79.89774,335.41,0.57,0.69,2026-05-13,659,N21,VIIRS,n,2.0NRT,303.98,4.5,D
24.85861,80.6815,338.2,0.51,0.66,2026-05-13,659,N21,VIIRS,n,2.0NRT,305.68,4.42,D
24.86165,80.68018,336.8,0.51,0.66,2026-05-13,659,N21,VIIRS,n,2.0NRT,306.21,4.9,D
24.87202,95.17133,337.59,0.42,0.37,2026-05-13,659,N21,VIIRS,n,2.0NRT,299.89,4.03,D
24.87593,97.48355,334.48,0.52,0.42,2026-05-13,659,N21,VIIRS,n,2.0NRT,297.96,16.94,D
24.91324,79.99124,344.42,0.56,0.69,2026-05-13,659,N21,VIIRS,n,2.0NRT,304.38,7,D
24.91494,79.99238,337.31,0.56,0.69,2026-05-13,659,N21,VIIRS,n,2.0NRT,304.9,4.13,D
24.92806,80.46648,347.05,0.52,0.67,2026-05-13,659,N21,VIIRS,n,2.0NRT,305.25,8.19,D
24.92936,80.47175,341.49,0.52,0.67,2026-05-13,659,N21,VIIRS,n,2.0NRT,304.57,8.19,D
24.94439,80.63521,332.47,0.51,0.66,2026-05-13,659,N21,VIIRS,l,2.0NRT,306.38,3.91,D
24.94792,80.63377,332.44,0.51,0.66,2026-05-13,659,N21,VIIRS,l,2.0NRT,306.5,3.83,D
24.97005,81.93557,334.28,0.42,0.61,2026-05-13,659,N21,VIIRS,n,2.0NRT,304.21,2.55,D
24.97574,81.95987,337.71,0.42,0.61,2026-05-13,659,N21,VIIRS,n,2.0NRT,306.4,4.02,D
24.9774,83.83801,348.19,0.32,0.55,2026-05-13,659,N21,VIIRS,n,2.0NRT,304.76,3.9,D
24.97808,83.84109,334.46,0.32,0.55,2026-05-13,659,N21,VIIRS,n,2.0NRT,304.22,3.9,D
24.9797,97.45006,336.8,0.52,0.42,2026-05-13,659,N21,VIIRS,n,2.0NRT,298.98,12.21,D
25.00717,97.26275,333.37,0.51,0.41,2026-05-13,659,N21,VIIRS,n,2.0NRT,299.04,3.63,D
25.00718,81.55099,333.9,0.45,0.63,2026-05-13,659,N21,VIIRS,l,2.0NRT,306.74,2.63,D
25.01065,80.01466,335.54,0.56,0.68,2026-05-13,659,N21,VIIRS,l,2.0NRT,306.17,3.11,D
25.01562,81.61199,336.14,0.44,0.63,2026-05-13,659,N21,VIIRS,l,2.0NRT,306.88,5.21,D
25.01851,83.76234,332.98,0.32,0.55,2026-05-13,659,N21,VIIRS,n,2.0NRT,302.47,1.94,D
25.08032,82.06086,333.16,0.41,0.61,2026-05-13,659,N21,VIIRS,l,2.0NRT,305.8,2.9,D
25.08239,79.36389,335.76,0.61,0.71,2026-05-13,659,N21,VIIRS,l,2.0NRT,307.29,10.7,D
25.11313,81.75816,342.88,0.43,0.62,2026-05-13,659,N21,VIIRS,n,2.0NRT,305.95,4.05,D
25.11485,81.75843,337.94,0.43,0.62,2026-05-13,659,N21,VIIRS,n,2.0NRT,306.29,3.33,D
25.14122,83.5592,333.26,0.33,0.55,2026-05-13,659,N21,VIIRS,n,2.0NRT,302.76,2.14,D
25.14192,83.5624,333.7,0.33,0.55,2026-05-13,659,N21,VIIRS,n,2.0NRT,302.41,2.14,D
25.14946,97.13784,338.65,0.5,0.41,2026-05-13,659,N21,VIIRS,n,2.0NRT,298.04,5.59,D
25.15244,97.22408,330.33,0.51,0.41,2026-05-13,659,N21,VIIRS,n,2.0NRT,294.32,1.65,D
25.16093,97.3568,337.59,0.52,0.41,2026-05-13,659,N21,VIIRS,n,2.0NRT,299.8,13.63,D
25.1657,84.40886,338.94,0.59,0.53,2026-05-13,659,N21,VIIRS,n,2.0NRT,302.55,8.39,D
25.1797,83.28503,339.52,0.35,0.56,2026-05-13,659,N21,VIIRS,n,2.0NRT,303.27,3.48,D
25.18044,83.28837,343.37,0.35,0.56,2026-05-13,659,N21,VIIRS,n,2.0NRT,305.14,3.48,D
25.1852,81.86475,345.22,0.42,0.61,2026-05-13,659,N21,VIIRS,n,2.0NRT,307.34,6.51,D
25.24967,97.54305,332.92,0.53,0.42,2026-05-13,659,N21,VIIRS,n,2.0NRT,296.36,5.74,D
25.25056,79.42677,336.16,0.6,0.7,2026-05-13,659,N21,VIIRS,n,2.0NRT,305.77,6.76,D
25.25904,83.47575,337.69,0.34,0.56,2026-05-13,659,N21,VIIRS,n,2.0NRT,301.4,2.01,D
25.25949,83.411,345.6,0.34,0.56,2026-05-13,659,N21,VIIRS,n,2.0NRT,304.21,2.66,D
25.26057,83.4102,341.28,0.34,0.56,2026-05-13,659,N21,VIIRS,n,2.0NRT,304.4,4.78,D
25.28203,84.43761,334.07,0.58,0.52,2026-05-13,659,N21,VIIRS,n,2.0NRT,301.33,3.69,D
25.29897,97.60725,342.09,0.54,0.42,2026-05-13,659,N21,VIIRS,n,2.0NRT,304.22,65.61,D
25.3391,79.64591,334.93,0.57,0.69,2026-05-13,659,N21,VIIRS,l,2.0NRT,305.72,4.87,D
25.36956,97.04829,332.33,0.5,0.41,2026-05-13,659,N21,VIIRS,n,2.0NRT,296.52,5.6,D
25.47804,79.81523,346.84,0.56,0.69,2026-05-13,659,N21,VIIRS,n,2.0NRT,308,11.87,D
25.52206,80.99429,349.73,0.47,0.64,2026-05-13,659,N21,VIIRS,n,2.0NRT,306.57,6.38,D
25.54138,96.16391,334.69,0.46,0.39,2026-05-13,659,N21,VIIRS,n,2.0NRT,297.67,3.87,D
25.58331,82.89925,330.86,0.36,0.57,2026-05-13,659,N21,VIIRS,l,2.0NRT,301.71,1.05,D
25.64363,83.16272,344.27,0.34,0.56,2026-05-13,659,N21,VIIRS,n,2.0NRT,302.49,4.14,D
25.64572,83.16277,347.54,0.34,0.56,2026-05-13,659,N21,VIIRS,n,2.0NRT,302.57,4.18,D
25.64769,79.97662,332.47,0.54,0.68,2026-05-13,659,N21,VIIRS,l,2.0NRT,305.07,2.78,D
25.64821,79.97817,344.8,0.54,0.68,2026-05-13,659,N21,VIIRS,n,2.0NRT,305.05,6.5,D
25.64897,79.98177,334.48,0.54,0.68,2026-05-13,659,N21,VIIRS,l,2.0NRT,304.84,2.78,D
25.70567,83.29589,355.09,0.34,0.56,2026-05-13,659,N21,VIIRS,n,2.0NRT,300.79,7.58,D
25.7064,83.29913,344.63,0.34,0.56,2026-05-13,659,N21,VIIRS,n,2.0NRT,301.37,8.36,D
25.72633,80.50212,345.99,0.5,0.66,2026-05-13,659,N21,VIIRS,n,2.0NRT,305.78,7.38,D
25.72642,83.00604,341.17,0.35,0.57,2026-05-13,659,N21,VIIRS,n,2.0NRT,300.55,2.64,D
25.7375,80.05122,335.19,0.53,0.67,2026-05-13,659,N21,VIIRS,l,2.0NRT,305.26,6.31,D
25.74349,80.04947,338.05,0.53,0.67,2026-05-13,659,N21,VIIRS,n,2.0NRT,306.28,6.31,D
25.74637,80.73113,330.69,0.48,0.65,2026-05-13,659,N21,VIIRS,l,2.0NRT,304.76,1.65,D
25.75228,80.83283,333.45,0.48,0.64,2026-05-13,659,N21,VIIRS,l,2.0NRT,305.09,4.74,D
25.75237,80.83439,337.33,0.48,0.64,2026-05-13,659,N21,VIIRS,n,2.0NRT,305.22,4.89,D
25.75803,80.83121,336.57,0.48,0.64,2026-05-13,659,N21,VIIRS,n,2.0NRT,306.07,7.83,D
25.75812,80.83278,335.96,0.48,0.64,2026-05-13,659,N21,VIIRS,n,2.0NRT,305.53,8.51,D
25.75999,83.4212,330.41,0.33,0.55,2026-05-13,659,N21,VIIRS,n,2.0NRT,300.2,2.27,D
25.77064,83.37447,330.41,0.33,0.55,2026-05-13,659,N21,VIIRS,l,2.0NRT,301.58,2.07,D
25.77289,82.89104,344.27,0.35,0.57,2026-05-13,659,N21,VIIRS,n,2.0NRT,303.13,4.73,D
25.7844,80.63758,339.07,0.49,0.65,2026-05-13,659,N21,VIIRS,n,2.0NRT,305.31,3.93,D
25.78679,81.69018,333.47,0.42,0.61,2026-05-13,659,N21,VIIRS,l,2.0NRT,305.48,4.7,D
25.86485,82.95427,333.54,0.35,0.57,2026-05-13,659,N21,VIIRS,n,2.0NRT,302.73,2.51,D
25.89982,83.53259,336.49,0.32,0.55,2026-05-13,659,N21,VIIRS,n,2.0NRT,300.79,2.16,D
25.97501,80.9454,337.5,0.46,0.64,2026-05-13,659,N21,VIIRS,n,2.0NRT,304.45,3.16,D
25.98817,83.31576,338,0.33,0.55,2026-05-13,659,N21,VIIRS,n,2.0NRT,300.95,2.57,D
26.04359,95.6686,330.86,0.44,0.39,2026-05-13,659,N21,VIIRS,n,2.0NRT,288.51,2.4,D
26.10012,82.72782,330.95,0.36,0.57,2026-05-13,659,N21,VIIRS,l,2.0NRT,301.11,0.67,D
26.10442,82.72847,333.65,0.36,0.57,2026-05-13,659,N21,VIIRS,n,2.0NRT,302.24,1.32,D
26.14042,83.36361,334.19,0.33,0.55,2026-05-13,659,N21,VIIRS,n,2.0NRT,299.94,2.17,D
26.36912,83.16758,349.03,0.33,0.55,2026-05-13,659,N21,VIIRS,n,2.0NRT,298.92,4.14,D
26.36984,83.1708,330.42,0.33,0.55,2026-05-13,659,N21,VIIRS,n,2.0NRT,298.89,4.14,D
26.38161,82.92316,336.49,0.34,0.56,2026-05-13,659,N21,VIIRS,n,2.0NRT,300.6,2.26,D
26.47994,83.26463,334.49,0.32,0.55,2026-05-13,659,N21,VIIRS,n,2.0NRT,299.36,2.21,D
26.65034,84.4333,331.6,0.55,0.51,2026-05-13,659,N21,VIIRS,n,2.0NRT,296.32,4.5,D
27.38908,96.12505,334.03,0.48,0.4,2026-05-13,659,N21,VIIRS,n,2.0NRT,291.96,7.14,D
28.03283,97.68563,338.99,0.39,0.44,2026-05-13,659,N21,VIIRS,n,2.0NRT,297.95,4.31,D
28.10589,95.40333,330.06,0.45,0.39,2026-05-13,659,N21,VIIRS,n,2.0NRT,289.67,2.73,D
28.13028,97.70341,337.84,0.39,0.44,2026-05-13,659,N21,VIIRS,n,2.0NRT,296.67,7.9,D
28.13061,97.70631,337.9,0.39,0.44,2026-05-13,659,N21,VIIRS,n,2.0NRT,294.62,7.9,D
28.13394,97.69976,336.33,0.39,0.44,2026-05-13,659,N21,VIIRS,n,2.0NRT,293.97,7.24,D
28.13432,97.70313,351.49,0.39,0.44,2026-05-13,659,N21,VIIRS,n,2.0NRT,297.01,11.41,D
28.13465,97.70602,337.89,0.39,0.44,2026-05-13,659,N21,VIIRS,n,2.0NRT,294.23,11.41,D
28.46207,94.84444,329.92,0.43,0.38,2026-05-13,659,N21,VIIRS,n,2.0NRT,283.04,5.48,D
29.05817,79.36009,330.03,0.49,0.65,2026-05-13,659,N21,VIIRS,n,2.0NRT,296.59,4.22,D
29.11455,79.16329,332.67,0.5,0.66,2026-05-13,659,N21,VIIRS,n,2.0NRT,297.94,3.4,D
29.12787,79.15145,330.87,0.5,0.66,2026-05-13,659,N21,VIIRS,n,2.0NRT,298.51,3.64,D
29.24591,75.7533,333.61,0.78,0.78,2026-05-13,659,N21,VIIRS,n,2.0NRT,299.57,8.21,D
29.71098,75.46104,332.3,0.79,0.78,2026-05-13,659,N21,VIIRS,n,2.0NRT,302.26,5.8,D
29.71587,75.46146,331.59,0.79,0.78,2026-05-13,659,N21,VIIRS,l,2.0NRT,302.41,5.72,D
29.79271,76.08236,347.05,0.73,0.76,2026-05-13,659,N21,VIIRS,n,2.0NRT,303.29,10.02,D
29.79457,76.08453,334.87,0.72,0.76,2026-05-13,659,N21,VIIRS,n,2.0NRT,302.54,9.93,D
29.91073,75.84676,334.53,0.74,0.76,2026-05-13,659,N21,VIIRS,n,2.0NRT,302.51,5,D
29.92046,76.53687,333.53,0.68,0.74,2026-05-13,659,N21,VIIRS,l,2.0NRT,304,3.6,D
29.92441,76.15492,330.31,0.71,0.75,2026-05-13,659,N21,VIIRS,l,2.0NRT,304.71,2.67,D
29.9403,75.56342,347.41,0.77,0.77,2026-05-13,659,N21,VIIRS,n,2.0NRT,304.28,11.3,D
30.00499,76.1508,342.63,0.71,0.75,2026-05-13,659,N21,VIIRS,n,2.0NRT,303.69,6.54,D
30.00942,75.98608,334.63,0.73,0.76,2026-05-13,659,N21,VIIRS,l,2.0NRT,305.43,7.12,D
30.0098,75.98285,335.33,0.73,0.76,2026-05-13,659,N21,VIIRS,n,2.0NRT,304.61,5.59,D
30.02714,75.88985,333.96,0.73,0.76,2026-05-13,659,N21,VIIRS,l,2.0NRT,304.34,7.57,D
30.02921,75.89706,341.27,0.73,0.76,2026-05-13,659,N21,VIIRS,n,2.0NRT,304.87,7.57,D
30.05381,76.5141,336.96,0.68,0.74,2026-05-13,659,N21,VIIRS,n,2.0NRT,302.65,6.2,D
30.0576,76.51369,330.17,0.67,0.74,2026-05-13,659,N21,VIIRS,l,2.0NRT,300.69,4.13,D
30.13683,75.25044,336.15,0.79,0.78,2026-05-13,659,N21,VIIRS,n,2.0NRT,300.46,4.58,D
30.13999,75.25162,332.94,0.79,0.78,2026-05-13,659,N21,VIIRS,n,2.0NRT,300.63,3.48,D
30.14068,76.36331,333.32,0.68,0.74,2026-05-13,659,N21,VIIRS,n,2.0NRT,302.44,4.87,D
30.14427,76.06413,341.4,0.71,0.75,2026-05-13,659,N21,VIIRS,n,2.0NRT,303.36,9.06,D
30.14827,76.05795,332.36,0.71,0.75,2026-05-13,659,N21,VIIRS,l,2.0NRT,302.58,3.37,D
30.15864,76.14633,334.96,0.7,0.75,2026-05-13,659,N21,VIIRS,n,2.0NRT,302.36,7.51,D
30.15969,76.14288,337.81,0.7,0.75,2026-05-13,659,N21,VIIRS,n,2.0NRT,301.77,5.9,D
30.18548,75.79816,332.79,0.74,0.76,2026-05-13,659,N21,VIIRS,n,2.0NRT,302.72,5.58,D
30.18611,75.79812,332.48,0.74,0.76,2026-05-13,659,N21,VIIRS,l,2.0NRT,302.75,5.78,D
30.19151,75.92276,343.5,0.72,0.76,2026-05-13,659,N21,VIIRS,n,2.0NRT,304.16,11.68,D
30.19271,75.92218,344.96,0.72,0.76,2026-05-13,659,N21,VIIRS,n,2.0NRT,304.99,8.92,D
30.19581,79.35294,367,0.46,0.64,2026-05-13,659,N21,VIIRS,h,2.0NRT,297.97,15.05,D
30.20334,76.40755,342.56,0.68,0.74,2026-05-13,659,N21,VIIRS,n,2.0NRT,301.91,4.08,D
30.22249,78.55015,333.3,0.51,0.66,2026-05-13,659,N21,VIIRS,n,2.0NRT,296.7,4.19,D
30.2317,75.72562,334.94,0.74,0.76,2026-05-13,659,N21,VIIRS,n,2.0NRT,303.21,6.15,D
30.25024,75.30791,331.89,0.78,0.78,2026-05-13,659,N21,VIIRS,n,2.0NRT,299.49,3.99,D
30.25288,75.31042,331.03,0.78,0.78,2026-05-13,659,N21,VIIRS,n,2.0NRT,299.69,6.97,D
30.26075,79.17281,367,0.47,0.64,2026-05-13,659,N21,VIIRS,h,2.0NRT,300.41,16.88,D
30.26193,79.17741,337.15,0.47,0.64,2026-05-13,659,N21,VIIRS,n,2.0NRT,299.87,11.19,D
30.2698,76.5943,339.24,0.66,0.73,2026-05-13,659,N21,VIIRS,n,2.0NRT,299.34,6.33,D
30.27766,75.86028,367,0.73,0.76,2026-05-13,659,N21,VIIRS,h,2.0NRT,305.3,16.64,D
30.27777,75.85725,349.35,0.73,0.76,2026-05-13,659,N21,VIIRS,n,2.0NRT,304.29,13.37,D
30.31472,76.11777,334.6,0.7,0.75,2026-05-13,659,N21,VIIRS,n,2.0NRT,303.93,5.69,D
30.36813,75.99894,333.18,0.71,0.75,2026-05-13,659,N21,VIIRS,n,2.0NRT,302.14,4.26,D
30.36916,75.99573,338.39,0.71,0.75,2026-05-13,659,N21,VIIRS,n,2.0NRT,301.35,4.99,D
30.38831,76.69772,330.96,0.65,0.73,2026-05-13,659,N21,VIIRS,n,2.0NRT,298.28,6.15,D
30.39357,75.79594,335.33,0.73,0.76,2026-05-13,659,N21,VIIRS,n,2.0NRT,301.13,5.38,D
30.42593,75.99067,341.37,0.71,0.75,2026-05-13,659,N21,VIIRS,n,2.0NRT,301.92,10.13,D
30.42902,75.99319,344.39,0.71,0.75,2026-05-13,659,N21,VIIRS,n,2.0NRT,301.99,12.06,D
30.43924,78.45725,338.7,0.51,0.66,2026-05-13,659,N21,VIIRS,n,2.0NRT,298.4,7.68,D
30.45591,76.14712,333.63,0.69,0.74,2026-05-13,659,N21,VIIRS,n,2.0NRT,300.16,5.48,D
30.48897,76.36476,331.41,0.67,0.74,2026-05-13,659,N21,VIIRS,n,2.0NRT,296.95,4.52,D
30.49513,76.75665,332.88,0.64,0.72,2026-05-13,659,N21,VIIRS,n,2.0NRT,299.3,9.07,D
30.50317,75.23122,337.39,0.78,0.78,2026-05-13,659,N21,VIIRS,n,2.0NRT,298.85,8.71,D
30.51555,76.10299,339.85,0.69,0.75,2026-05-13,659,N21,VIIRS,n,2.0NRT,299.22,8.31,D
30.51938,76.10535,334.3,0.69,0.74,2026-05-13,659,N21,VIIRS,n,2.0NRT,298.61,4.49,D
30.53048,76.63624,354.38,0.65,0.73,2026-05-13,659,N21,VIIRS,n,2.0NRT,299.53,17.15,D
30.53061,76.63259,334.23,0.65,0.73,2026-05-13,659,N21,VIIRS,n,2.0NRT,298.56,8.83,D
30.53238,76.63899,344.23,0.65,0.73,2026-05-13,659,N21,VIIRS,n,2.0NRT,299.32,8.83,D
30.54725,76.39484,332.56,0.67,0.73,2026-05-13,659,N21,VIIRS,n,2.0NRT,297.93,3.17,D
30.55553,75.97824,330.7,0.7,0.75,2026-05-13,659,N21,VIIRS,n,2.0NRT,300.6,3.85,D
30.5578,75.97868,335.74,0.7,0.75,2026-05-13,659,N21,VIIRS,n,2.0NRT,300.93,6.17,D
30.56873,75.07611,344.89,0.79,0.78,2026-05-13,659,N21,VIIRS,n,2.0NRT,298.12,18.08,D
30.57021,76.45158,333.69,0.66,0.73,2026-05-13,659,N21,VIIRS,n,2.0NRT,297.87,7.96,D
30.57574,76.4526,340.44,0.66,0.73,2026-05-13,659,N21,VIIRS,n,2.0NRT,298.39,9.34,D
30.57846,76.4558,330.78,0.66,0.73,2026-05-13,659,N21,VIIRS,n,2.0NRT,297.86,6.47,D
30.61511,76.02663,331.55,0.7,0.75,2026-05-13,659,N21,VIIRS,n,2.0NRT,298.55,9.15,D
30.63227,75.57178,337.21,0.74,0.76,2026-05-13,659,N21,VIIRS,n,2.0NRT,300.44,9.41,D
30.63437,75.57904,334.81,0.74,0.76,2026-05-13,659,N21,VIIRS,n,2.0NRT,301.38,10.72,D
30.64934,75.57852,335.43,0.74,0.76,2026-05-13,659,N21,VIIRS,n,2.0NRT,299.67,4.81,D
30.64983,75.58139,330.89,0.74,0.76,2026-05-13,659,N21,VIIRS,n,2.0NRT,299.04,5.68,D
30.65089,76.12656,335.35,0.69,0.74,2026-05-13,659,N21,VIIRS,n,2.0NRT,297.02,4.68,D
30.66196,75.44443,331.11,0.75,0.77,2026-05-13,659,N21,VIIRS,n,2.0NRT,298.39,5.25,D
30.67639,75.54451,336.97,0.74,0.76,2026-05-13,659,N21,VIIRS,n,2.0NRT,300.26,7.1,D
30.70649,76.06895,338.44,0.69,0.74,2026-05-13,659,N21,VIIRS,n,2.0NRT,297.71,7.4,D
30.72056,76.4651,336.68,0.65,0.73,2026-05-13,659,N21,VIIRS,n,2.0NRT,298.45,6.69,D
30.72547,76.46405,342.53,0.65,0.73,2026-05-13,659,N21,VIIRS,n,2.0NRT,298.68,7.76,D
30.73416,75.92658,343.43,0.7,0.75,2026-05-13,659,N21,VIIRS,n,2.0NRT,296.99,11.45,D
30.74397,75.88465,336.17,0.7,0.75,2026-05-13,659,N21,VIIRS,n,2.0NRT,298.25,9.49,D
30.74718,75.88787,333.91,0.7,0.75,2026-05-13,659,N21,VIIRS,n,2.0NRT,298.07,4.48,D
30.75044,75.80507,338.31,0.71,0.75,2026-05-13,659,N21,VIIRS,n,2.0NRT,298.95,4.36,D
30.75297,76.34296,330.37,0.66,0.73,2026-05-13,659,N21,VIIRS,n,2.0NRT,298.78,5.06,D
30.76486,75.0548,334.25,0.78,0.78,2026-05-13,659,N21,VIIRS,n,2.0NRT,297.85,7.02,D
30.77353,75.91216,333.92,0.7,0.75,2026-05-13,659,N21,VIIRS,n,2.0NRT,297.53,3.55,D
30.78378,75.71169,352.01,0.72,0.75,2026-05-13,659,N21,VIIRS,n,2.0NRT,298.09,21.69,D
30.80314,74.98694,331.86,0.79,0.78,2026-05-13,659,N21,VIIRS,n,2.0NRT,298.21,9.51,D
30.81694,75.87792,338.32,0.7,0.75,2026-05-13,659,N21,VIIRS,n,2.0NRT,297.43,7.08,D
30.83943,75.62001,346.01,0.72,0.76,2026-05-13,659,N21,VIIRS,n,2.0NRT,297.87,21.57,D
30.84662,75.39008,332.89,0.75,0.77,2026-05-13,659,N21,VIIRS,n,2.0NRT,298.86,4.91,D
30.91818,76.08173,331.58,0.68,0.74,2026-05-13,659,N21,VIIRS,n,2.0NRT,293.75,6.56,D
30.92159,76.07963,336.03,0.68,0.74,2026-05-13,659,N21,VIIRS,n,2.0NRT,293.69,7.3,D
30.92301,76.49523,332.1,0.64,0.72,2026-05-13,659,N21,VIIRS,n,2.0NRT,297.25,3.22,D
30.95366,75.94091,333.06,0.69,0.74,2026-05-13,659,N21,VIIRS,n,2.0NRT,294.69,9.76,D
30.98237,75.91517,351.01,0.69,0.74,2026-05-13,659,N21,VIIRS,n,2.0NRT,295.53,13.58,D
30.98432,75.92202,331.01,0.69,0.74,2026-05-13,659,N21,VIIRS,n,2.0NRT,295.28,13.58,D
30.98445,75.91186,339.69,0.69,0.74,2026-05-13,659,N21,VIIRS,n,2.0NRT,295.14,16.93,D
30.98643,75.91868,346.57,0.69,0.74,2026-05-13,659,N21,VIIRS,n,2.0NRT,295.45,21.62,D
31.09986,75.93745,333.43,0.68,0.74,2026-05-13,659,N21,VIIRS,n,2.0NRT,295.78,6.11,D
25.59969,77.78397,335.33,0.74,0.76,2026-05-13,701,N21,VIIRS,n,2.0NRT,304.59,6.93,D
25.6687,78.70074,343.87,0.64,0.72,2026-05-13,701,N21,VIIRS,n,2.0NRT,306.75,12.61,D
25.66888,78.69839,338.38,0.65,0.73,2026-05-13,701,N21,VIIRS,n,2.0NRT,306.59,12.98,D
25.68151,78.51006,334.01,0.66,0.73,2026-05-13,701,N21,VIIRS,l,2.0NRT,304.19,3.99,D
25.6938,78.21917,334.91,0.69,0.74,2026-05-13,701,N21,VIIRS,l,2.0NRT,306.26,10.7,D
25.70055,78.36696,336.24,0.67,0.74,2026-05-13,701,N21,VIIRS,n,2.0NRT,303.98,6.23,D
25.77641,78.66129,334.19,0.64,0.72,2026-05-13,701,N21,VIIRS,l,2.0NRT,305.75,2.31,D
25.79356,79.67793,335.77,0.56,0.69,2026-05-13,701,N21,VIIRS,n,2.0NRT,305.6,6.36,D
25.79918,79.6805,334.94,0.56,0.69,2026-05-13,701,N21,VIIRS,l,2.0NRT,306.13,5.84,D
25.80054,79.68581,341.56,0.56,0.69,2026-05-13,701,N21,VIIRS,n,2.0NRT,304.11,5.84,D
25.80099,79.68147,337.14,0.56,0.69,2026-05-13,701,N21,VIIRS,n,2.0NRT,305.92,6.36,D
25.82529,80.26735,338.78,0.51,0.66,2026-05-13,701,N21,VIIRS,n,2.0NRT,306.69,7.6,D
25.84396,79.65022,351.33,0.56,0.69,2026-05-13,701,N21,VIIRS,n,2.0NRT,307.6,12.96,D
25.84666,79.66089,337.01,0.56,0.69,2026-05-13,701,N21,VIIRS,n,2.0NRT,306.75,6.13,D
25.84891,79.39267,345.47,0.58,0.7,2026-05-13,701,N21,VIIRS,n,2.0NRT,307.4,5.4,D
25.85126,79.39069,367,0.58,0.7,2026-05-13,701,N21,VIIRS,h,2.0NRT,307.69,15.18,D
25.85276,79.65907,339.08,0.56,0.69,2026-05-13,701,N21,VIIRS,n,2.0NRT,305.84,6.13,D
25.85368,79.38532,335.14,0.58,0.7,2026-05-13,701,N21,VIIRS,l,2.0NRT,306.43,5.4,D
25.85511,79.39085,333.93,0.58,0.7,2026-05-13,701,N21,VIIRS,l,2.0NRT,306.14,5.4,D
25.86184,78.54472,334.95,0.65,0.73,2026-05-13,701,N21,VIIRS,n,2.0NRT,304.42,5.38,D
25.86348,78.5455,333.36,0.65,0.73,2026-05-13,701,N21,VIIRS,l,2.0NRT,304.66,6.32,D
25.88196,78.3005,334.35,0.67,0.74,2026-05-13,701,N21,VIIRS,l,2.0NRT,305.1,8.84,D
25.88497,78.29677,339.93,0.67,0.74,2026-05-13,701,N21,VIIRS,n,2.0NRT,305.25,14.15,D
25.88849,78.29848,348.87,0.67,0.74,2026-05-13,701,N21,VIIRS,n,2.0NRT,306.38,8.84,D
25.89133,79.48033,335.11,0.57,0.69,2026-05-13,701,N21,VIIRS,n,2.0NRT,304.99,7.98,D
25.89151,78.29481,335.65,0.67,0.74,2026-05-13,701,N21,VIIRS,n,2.0NRT,304.46,8.91,D
25.89195,78.05582,337.3,0.7,0.75,2026-05-13,701,N21,VIIRS,n,2.0NRT,304.34,9.14,D
25.90897,78.22742,336.53,0.68,0.74,2026-05-13,701,N21,VIIRS,n,2.0NRT,305.33,2.91,D
25.95836,78.06389,341.41,0.69,0.75,2026-05-13,701,N21,VIIRS,n,2.0NRT,302.96,7.29,D
25.96222,78.06645,343.25,0.69,0.74,2026-05-13,701,N21,VIIRS,n,2.0NRT,303.91,9.48,D
25.96497,78.06187,336.75,0.69,0.75,2026-05-13,701,N21,VIIRS,n,2.0NRT,303.61,7.29,D
25.9667,78.0685,339.61,0.69,0.74,2026-05-13,701,N21,VIIRS,n,2.0NRT,303.72,7.29,D
25.96884,78.06448,367,0.69,0.74,2026-05-13,701,N21,VIIRS,h,2.0NRT,305.15,10.81,D
25.97458,78.11265,334.91,0.69,0.74,2026-05-13,701,N21,VIIRS,n,2.0NRT,303.73,6.21,D
25.97546,78.06251,335.56,0.69,0.74,2026-05-13,701,N21,VIIRS,n,2.0NRT,303.38,10.81,D
25.97666,78.98282,332.7,0.61,0.71,2026-05-13,701,N21,VIIRS,l,2.0NRT,305.56,4.41,D
25.9866,78.29015,342.71,0.67,0.74,2026-05-13,701,N21,VIIRS,n,2.0NRT,304.49,12.33,D
25.98981,78.29288,339.14,0.67,0.74,2026-05-13,701,N21,VIIRS,n,2.0NRT,305.37,10.97,D
26.0185,79.93066,340.42,0.53,0.67,2026-05-13,701,N21,VIIRS,n,2.0NRT,305.35,5.5,D
26.04652,78.19644,331.04,0.68,0.74,2026-05-13,701,N21,VIIRS,l,2.0NRT,302.84,7.93,D
26.06942,78.83791,335.42,0.62,0.71,2026-05-13,701,N21,VIIRS,n,2.0NRT,305.06,7.31,D
26.07342,79.60837,335.75,0.56,0.68,2026-05-13,701,N21,VIIRS,l,2.0NRT,306.61,3.94,D
26.07536,80.47734,334.85,0.49,0.65,2026-05-13,701,N21,VIIRS,n,2.0NRT,302.83,4.18,D
26.10377,79.42346,348.28,0.57,0.69,2026-05-13,701,N21,VIIRS,n,2.0NRT,307.82,8.82,D
26.1325,78.84428,342.85,0.62,0.71,2026-05-13,701,N21,VIIRS,n,2.0NRT,305.1,15.96,D
26.1342,78.84609,350.23,0.61,0.71,2026-05-13,701,N21,VIIRS,n,2.0NRT,305.14,13.13,D
26.13847,79.10427,335.56,0.59,0.7,2026-05-13,701,N21,VIIRS,n,2.0NRT,304.23,8.85,D
26.17914,81.46234,341.41,0.43,0.62,2026-05-13,701,N21,VIIRS,n,2.0NRT,304.51,4.97,D
26.20032,80.26794,332.7,0.5,0.66,2026-05-13,701,N21,VIIRS,n,2.0NRT,302.56,3.79,D
26.2037,78.98189,334.32,0.6,0.71,2026-05-13,701,N21,VIIRS,n,2.0NRT,303.89,3.55,D
26.2153,77.50855,334.96,0.74,0.76,2026-05-13,701,N21,VIIRS,n,2.0NRT,304.71,6.61,D
26.21561,77.50829,335.7,0.74,0.76,2026-05-13,701,N21,VIIRS,n,2.0NRT,304.71,4.56,D
26.22147,79.94328,339.21,0.53,0.67,2026-05-13,701,N21,VIIRS,n,2.0NRT,303.93,2.95,D
26.22759,77.66293,331.19,0.72,0.76,2026-05-13,701,N21,VIIRS,l,2.0NRT,301.91,2.75,D
26.2324,79.24709,348.75,0.58,0.7,2026-05-13,701,N21,VIIRS,n,2.0NRT,303.05,6.12,D
26.23384,79.25262,335.81,0.58,0.7,2026-05-13,701,N21,VIIRS,n,2.0NRT,302.54,6.12,D
26.23459,79.24474,345.95,0.58,0.7,2026-05-13,701,N21,VIIRS,n,2.0NRT,302.83,6.84,D
26.236,79.2503,335.24,0.58,0.7,2026-05-13,701,N21,VIIRS,n,2.0NRT,302.58,6.84,D
26.23741,79.25585,332.46,0.58,0.7,2026-05-13,701,N21,VIIRS,n,2.0NRT,301.92,3.19,D
26.24107,77.52291,332.78,0.74,0.76,2026-05-13,701,N21,VIIRS,l,2.0NRT,303.69,4.02,D
26.24152,77.52266,332.87,0.73,0.76,2026-05-13,701,N21,VIIRS,l,2.0NRT,303.77,2.49,D
26.24959,79.31325,331.02,0.57,0.69,2026-05-13,701,N21,VIIRS,l,2.0NRT,302.81,1.38,D
26.25139,79.31111,342.59,0.57,0.69,2026-05-13,701,N21,VIIRS,n,2.0NRT,303.38,7.5,D
26.25576,79.31142,333.35,0.57,0.69,2026-05-13,701,N21,VIIRS,l,2.0NRT,303.97,3.96,D
26.26088,77.48631,334.61,0.74,0.76,2026-05-13,701,N21,VIIRS,l,2.0NRT,305.17,3.62,D
26.26545,77.34298,336.48,0.75,0.77,2026-05-13,701,N21,VIIRS,n,2.0NRT,305.06,5.73,D
26.28559,79.4776,341.07,0.56,0.69,2026-05-13,701,N21,VIIRS,n,2.0NRT,302.73,4.6,D
26.2864,79.47603,340.09,0.56,0.69,2026-05-13,701,N21,VIIRS,n,2.0NRT,302.62,4.03,D
26.29047,81.86039,331.56,0.4,0.6,2026-05-13,701,N21,VIIRS,l,2.0NRT,302.87,1.78,D
26.29137,81.86426,330.43,0.4,0.6,2026-05-13,701,N21,VIIRS,l,2.0NRT,302.6,1.78,D
26.29448,77.66367,331.85,0.72,0.75,2026-05-13,701,N21,VIIRS,l,2.0NRT,302.28,2.21,D
26.30749,79.97517,343.1,0.52,0.67,2026-05-13,701,N21,VIIRS,n,2.0NRT,303.53,6.31,D
26.30803,79.97101,345.08,0.52,0.67,2026-05-13,701,N21,VIIRS,n,2.0NRT,305.99,7.55,D
26.3093,79.97601,338.07,0.52,0.67,2026-05-13,701,N21,VIIRS,n,2.0NRT,302.76,7.55,D
26.31219,79.96842,334.3,0.52,0.67,2026-05-13,701,N21,VIIRS,l,2.0NRT,305.52,6.31,D
26.31343,79.97343,343.07,0.52,0.67,2026-05-13,701,N21,VIIRS,n,2.0NRT,304.11,6.31,D
26.31398,79.9693,333.82,0.52,0.67,2026-05-13,701,N21,VIIRS,l,2.0NRT,304.58,5.46,D
26.3223,79.19489,331.22,0.58,0.7,2026-05-13,701,N21,VIIRS,l,2.0NRT,301.77,5.22,D
26.32307,77.66218,333.48,0.72,0.75,2026-05-13,701,N21,VIIRS,n,2.0NRT,301.93,5,D
26.32533,79.57902,332.15,0.55,0.68,2026-05-13,701,N21,VIIRS,l,2.0NRT,304.39,2.64,D
26.32924,79.59614,333.21,0.55,0.68,2026-05-13,701,N21,VIIRS,l,2.0NRT,304.37,5.49,D
26.33266,79.71204,335.09,0.54,0.68,2026-05-13,701,N21,VIIRS,n,2.0NRT,301.74,3.89,D
26.33329,79.199,331.12,0.58,0.7,2026-05-13,701,N21,VIIRS,l,2.0NRT,302.39,6.51,D
26.33527,77.68059,340.56,0.72,0.75,2026-05-13,701,N21,VIIRS,n,2.0NRT,303.24,7.21,D
26.33538,80.24138,330.97,0.5,0.66,2026-05-13,701,N21,VIIRS,n,2.0NRT,300.46,3.36,D
26.3371,77.68739,331.24,0.71,0.75,2026-05-13,701,N21,VIIRS,l,2.0NRT,302.13,7.21,D
26.33756,79.20229,332.4,0.58,0.7,2026-05-13,701,N21,VIIRS,l,2.0NRT,302.81,7.7,D
26.34632,79.13318,331.36,0.58,0.7,2026-05-13,701,N21,VIIRS,l,2.0NRT,301.57,3.51,D
26.34795,77.64693,334.15,0.72,0.75,2026-05-13,701,N21,VIIRS,n,2.0NRT,303.68,7.83,D
26.35,79.13328,331.46,0.58,0.7,2026-05-13,701,N21,VIIRS,l,2.0NRT,302.75,4.56,D
26.35017,77.65025,333.48,0.72,0.75,2026-05-13,701,N21,VIIRS,l,2.0NRT,303.69,6.15,D
26.36141,79.24283,330.7,0.57,0.69,2026-05-13,701,N21,VIIRS,l,2.0NRT,302.98,4.32,D
26.36757,79.24096,332.2,0.57,0.69,2026-05-13,701,N21,VIIRS,l,2.0NRT,302.42,4.32,D
26.3699,77.50941,334.54,0.73,0.76,2026-05-13,701,N21,VIIRS,n,2.0NRT,303.12,5.64,D
26.37017,77.51239,337.31,0.73,0.76,2026-05-13,701,N21,VIIRS,n,2.0NRT,303.15,5.64,D
26.37221,81.11295,331.14,0.44,0.63,2026-05-13,701,N21,VIIRS,n,2.0NRT,300.19,2.28,D
26.37952,77.71095,334.16,0.71,0.75,2026-05-13,701,N21,VIIRS,n,2.0NRT,302.12,5.06,D
26.38029,77.70736,339.59,0.71,0.75,2026-05-13,701,N21,VIIRS,n,2.0NRT,302.59,5.61,D
26.38317,80.21821,331.04,0.5,0.66,2026-05-13,701,N21,VIIRS,n,2.0NRT,300.72,2.79,D
26.38572,80.21629,337.87,0.5,0.66,2026-05-13,701,N21,VIIRS,n,2.0NRT,301.55,3.39,D
26.3965,78.90979,333.04,0.6,0.71,2026-05-13,701,N21,VIIRS,n,2.0NRT,301.65,1.81,D
26.39886,78.9104,331.32,0.6,0.71,2026-05-13,701,N21,VIIRS,l,2.0NRT,301.52,2.87,D
26.41426,80.76105,346.93,0.46,0.64,2026-05-13,701,N21,VIIRS,n,2.0NRT,300.43,7.38,D
26.41888,80.75809,336.17,0.46,0.64,2026-05-13,701,N21,VIIRS,n,2.0NRT,299.41,8.23,D
26.47972,79.44706,333.23,0.56,0.68,2026-05-13,701,N21,VIIRS,l,2.0NRT,305,4.95,D
26.54803,79.76907,339.17,0.53,0.67,2026-05-13,701,N21,VIIRS,n,2.0NRT,304.55,8.68,D
26.54931,79.77418,340.01,0.53,0.67,2026-05-13,701,N21,VIIRS,n,2.0NRT,304.09,8.58,D
26.58441,82.658,341.99,0.35,0.57,2026-05-13,701,N21,VIIRS,n,2.0NRT,300.62,5.63,D
26.59104,80.81053,331.18,0.46,0.63,2026-05-13,701,N21,VIIRS,n,2.0NRT,299.27,2.1,D
26.61561,83.04934,335.7,0.33,0.55,2026-05-13,701,N21,VIIRS,n,2.0NRT,300.35,2.86,D
26.64223,79.47541,352.15,0.55,0.68,2026-05-13,701,N21,VIIRS,n,2.0NRT,300.55,35.11,D
26.64237,79.47326,335.13,0.55,0.68,2026-05-13,701,N21,VIIRS,n,2.0NRT,299.07,21.01,D
26.64359,79.48069,342.89,0.55,0.68,2026-05-13,701,N21,VIIRS,n,2.0NRT,299.62,25.57,D
26.6437,79.47858,367,0.55,0.68,2026-05-13,701,N21,VIIRS,h,2.0NRT,301.03,36.88,D
26.65596,80.64853,349.56,0.47,0.64,2026-05-13,701,N21,VIIRS,n,2.0NRT,299.41,6.89,D
26.65849,79.7692,332.36,0.53,0.67,2026-05-13,701,N21,VIIRS,n,2.0NRT,302.34,5.29,D
26.6685,80.45165,337.23,0.48,0.65,2026-05-13,701,N21,VIIRS,n,2.0NRT,299.38,2.37,D
26.66984,80.45376,341.43,0.48,0.65,2026-05-13,701,N21,VIIRS,n,2.0NRT,300.23,3.83,D
26.70613,79.95922,330.19,0.51,0.66,2026-05-13,701,N21,VIIRS,n,2.0NRT,299.6,2.26,D
26.76278,79.31099,330.72,0.56,0.69,2026-05-13,701,N21,VIIRS,n,2.0NRT,300.32,2.53,D
26.79053,82.37991,339.96,0.36,0.58,2026-05-13,701,N21,VIIRS,n,2.0NRT,298.71,4.51,D
26.79112,82.37933,337.63,0.36,0.58,2026-05-13,701,N21,VIIRS,n,2.0NRT,298.83,4.06,D
26.81276,79.33189,331.96,0.55,0.68,2026-05-13,701,N21,VIIRS,n,2.0NRT,301.84,7.02,D
26.81492,79.33567,334.63,0.55,0.68,2026-05-13,701,N21,VIIRS,n,2.0NRT,302.21,6.33,D
26.87159,79.15105,330.26,0.57,0.69,2026-05-13,701,N21,VIIRS,n,2.0NRT,298.08,5.57,D
27.04443,79.22132,336.24,0.56,0.68,2026-05-13,701,N21,VIIRS,n,2.0NRT,295.58,7.4,D
27.0458,79.22666,336.81,0.56,0.68,2026-05-13,701,N21,VIIRS,n,2.0NRT,296.14,7.4,D
27.16064,84.0083,341.65,0.57,0.52,2026-05-13,701,N21,VIIRS,n,2.0NRT,299.98,10.34,D
27.16366,84.00948,345.41,0.57,0.52,2026-05-13,701,N21,VIIRS,n,2.0NRT,299.42,10.2,D
27.35132,82.36921,331.83,0.35,0.57,2026-05-13,701,N21,VIIRS,n,2.0NRT,299.28,3.06,D
27.38661,85.90703,346.05,0.43,0.46,2026-05-13,701,N21,VIIRS,n,2.0NRT,298.59,13.57,D
27.61256,82.14546,331.18,0.36,0.57,2026-05-13,701,N21,VIIRS,l,2.0NRT,301.61,2.26,D
28.80807,95.93887,336.08,0.48,0.4,2026-05-13,701,N21,VIIRS,n,2.0NRT,298.78,10.59,D
29.07015,85.26994,335.08,0.44,0.46,2026-05-13,701,N21,VIIRS,n,2.0NRT,300.47,4.62,D
29.55231,90.99952,367,0.39,0.36,2026-05-13,701,N21,VIIRS,h,2.0NRT,306.49,11.2,D
30.80261,74.99291,337.78,0.79,0.78,2026-05-13,701,N21,VIIRS,n,2.0NRT,298,7.21,D
30.91286,75.36222,336.1,0.74,0.76,2026-05-13,701,N21,VIIRS,n,2.0NRT,298.68,5.53,D
30.93788,75.29565,334.32,0.75,0.77,2026-05-13,701,N21,VIIRS,n,2.0NRT,298.46,5.99,D
30.99607,75.24206,349.2,0.75,0.77,2026-05-13,701,N21,VIIRS,n,2.0NRT,296.82,14.28,D
30.9964,75.24076,345.56,0.75,0.77,2026-05-13,701,N21,VIIRS,n,2.0NRT,296.78,14.83,D
31.00323,75.11465,338.76,0.77,0.77,2026-05-13,701,N21,VIIRS,n,2.0NRT,299.05,9.87,D
31.00413,75.11284,344.79,0.77,0.77,2026-05-13,701,N21,VIIRS,n,2.0NRT,299.62,11.6,D
31.00776,75.10456,331.73,0.77,0.77,2026-05-13,701,N21,VIIRS,n,2.0NRT,298.35,9.67,D
31.00999,75.1121,339.99,0.77,0.77,2026-05-13,701,N21,VIIRS,n,2.0NRT,299.6,13.99,D
31.01089,75.11026,332.78,0.77,0.77,2026-05-13,701,N21,VIIRS,n,2.0NRT,299.04,11.6,D
31.04862,75.04331,342,0.77,0.77,2026-05-13,701,N21,VIIRS,n,2.0NRT,298.15,8.54,D
31.05075,75.04619,333.17,0.77,0.77,2026-05-13,701,N21,VIIRS,n,2.0NRT,297.2,6.17,D
31.05912,75.17707,332.05,0.76,0.77,2026-05-13,701,N21,VIIRS,n,2.0NRT,297.8,6.32,D
31.08471,75.00784,334.51,0.77,0.78,2026-05-13,701,N21,VIIRS,n,2.0NRT,296.73,7.78,D
31.08479,75.01286,343.11,0.77,0.77,2026-05-13,701,N21,VIIRS,n,2.0NRT,297.53,10.81,D
31.09649,75.9875,330.13,0.68,0.74,2026-05-13,701,N21,VIIRS,n,2.0NRT,295.05,4.02,D
31.10354,75.611,337.79,0.71,0.75,2026-05-13,701,N21,VIIRS,n,2.0NRT,297.06,9.57,D
31.10516,75.61099,332.99,0.71,0.75,2026-05-13,701,N21,VIIRS,n,2.0NRT,296.22,4.55,D
31.11411,75.03556,334.79,0.77,0.77,2026-05-13,701,N21,VIIRS,n,2.0NRT,300.11,14.36,D
31.12938,75.71836,334.4,0.7,0.75,2026-05-13,701,N21,VIIRS,n,2.0NRT,295.52,6.08,D
31.12988,75.03802,331.83,0.77,0.77,2026-05-13,701,N21,VIIRS,n,2.0NRT,298.99,8.94,D
31.13377,75.71631,332.37,0.7,0.75,2026-05-13,701,N21,VIIRS,n,2.0NRT,295.01,9.93,D
31.13797,75.72286,330.78,0.7,0.75,2026-05-13,701,N21,VIIRS,n,2.0NRT,294.3,8.11,D
31.20478,74.93981,332.3,0.77,0.78,2026-05-13,701,N21,VIIRS,n,2.0NRT,299.06,4.62,D
31.3113,75.17474,346.53,0.75,0.77,2026-05-13,701,N21,VIIRS,n,2.0NRT,294.05,11.11,D
31.31139,75.17496,345.94,0.74,0.76,2026-05-13,701,N21,VIIRS,n,2.0NRT,293.89,11.95,D
31.37589,75.32068,333.94,0.73,0.76,2026-05-13,701,N21,VIIRS,n,2.0NRT,293.53,11.97,D
31.37681,75.32049,333.26,0.73,0.76,2026-05-13,701,N21,VIIRS,n,2.0NRT,293.69,7.11,D
31.38876,75.23553,339.39,0.74,0.76,2026-05-13,701,N21,VIIRS,n,2.0NRT,294.2,6.8,D
31.47917,75.71856,334.86,0.69,0.74,2026-05-13,701,N21,VIIRS,n,2.0NRT,290.2,9.42,D
31.50257,75.42397,331.42,0.71,0.75,2026-05-13,701,N21,VIIRS,n,2.0NRT,293.66,8.48,D
31.50462,75.43108,337.14,0.71,0.75,2026-05-13,701,N21,VIIRS,n,2.0NRT,293.79,11.19,D
31.50546,75.42834,345.06,0.71,0.75,2026-05-13,701,N21,VIIRS,n,2.0NRT,294.04,13.74,D
31.57448,75.21186,349.96,0.73,0.76,2026-05-13,701,N21,VIIRS,n,2.0NRT,294.41,13.56,D
31.57451,75.20854,330.22,0.73,0.76,2026-05-13,701,N21,VIIRS,n,2.0NRT,293.62,8.49,D
31.57666,75.21579,340.1,0.73,0.76,2026-05-13,701,N21,VIIRS,n,2.0NRT,294.24,8.49,D
31.61816,75.46416,335.65,0.7,0.75,2026-05-13,701,N21,VIIRS,n,2.0NRT,292.81,8.15,D
31.72238,74.70728,331.13,0.77,0.77,2026-05-13,701,N21,VIIRS,n,2.0NRT,294.25,3.5,D
31.75738,75.09919,334.64,0.73,0.76,2026-05-13,701,N21,VIIRS,n,2.0NRT,294.03,12.4,D
31.7592,75.10247,346.42,0.73,0.76,2026-05-13,701,N21,VIIRS,n,2.0NRT,294.42,8.77,D
31.77148,75.21821,332.21,0.72,0.76,2026-05-13,701,N21,VIIRS,n,2.0NRT,292.33,4.19,D
31.7846,74.93738,339.05,0.75,0.77,2026-05-13,701,N21,VIIRS,n,2.0NRT,294.5,8.49,D
31.82367,75.01867,331.44,0.74,0.76,2026-05-13,701,N21,VIIRS,n,2.0NRT,293.62,11.31,D
31.82399,75.0208,339.22,0.74,0.76,2026-05-13,701,N21,VIIRS,n,2.0NRT,294.08,10.94,D
31.85239,75.04031,330.07,0.73,0.76,2026-05-13,701,N21,VIIRS,n,2.0NRT,293.75,3.84,D
31.92661,74.58678,333.96,0.77,0.78,2026-05-13,701,N21,VIIRS,n,2.0NRT,294.47,9.05,D
32.05303,74.71313,330.57,0.76,0.77,2026-05-13,701,N21,VIIRS,n,2.0NRT,294.11,6.67,D
32.05347,75.25011,339.2,0.71,0.75,2026-05-13,701,N21,VIIRS,n,2.0NRT,292.85,11.34,D
32.05582,75.25014,342.94,0.7,0.75,2026-05-13,701,N21,VIIRS,n,2.0NRT,292.66,10.34,D
32.0896,74.66145,333.17,0.76,0.77,2026-05-13,701,N21,VIIRS,n,2.0NRT,293.26,6.21,D
32.12706,74.45883,334.26,0.78,0.78,2026-05-13,701,N21,VIIRS,n,2.0NRT,291.83,9.45,D
32.81871,74.40514,332.46,0.75,0.77,2026-05-13,701,N21,VIIRS,n,2.0NRT,297.95,6.29,D
13.21132,80.19528,331.6,0.4,0.6,2026-05-13,835,N21,VIIRS,n,2.0NRT,297.95,3.88,D
13.21262,80.20634,333.86,0.4,0.6,2026-05-13,835,N21,VIIRS,n,2.0NRT,297.17,2.47,D
13.23854,79.07314,335.24,0.34,0.56,2026-05-13,835,N21,VIIRS,n,2.0NRT,296.37,2.37,D
13.34282,80.26508,342.27,0.41,0.61,2026-05-13,835,N21,VIIRS,n,2.0NRT,295.57,8.58,D
13.34309,80.26507,343.2,0.41,0.6,2026-05-13,835,N21,VIIRS,n,2.0NRT,295.85,7.28,D
13.36309,79.90659,332.35,0.39,0.59,2026-05-13,835,N21,VIIRS,n,2.0NRT,294.1,2.86,D
13.38999,80.09009,337.31,0.4,0.6,2026-05-13,835,N21,VIIRS,n,2.0NRT,292.87,6.25,D
13.4827,78.52557,338.62,0.62,0.54,2026-05-13,835,N21,VIIRS,n,2.0NRT,307.77,8.34,D
13.485,78.5287,343.45,0.63,0.54,2026-05-13,835,N21,VIIRS,n,2.0NRT,307.2,12.04,D
13.49476,79.97879,367,0.39,0.59,2026-05-13,835,N21,VIIRS,h,2.0NRT,297.43,7.05,D
13.50021,79.97813,330.48,0.39,0.59,2026-05-13,835,N21,VIIRS,n,2.0NRT,295.34,7.05,D
13.53872,78.94083,342.48,0.33,0.56,2026-05-13,835,N21,VIIRS,n,2.0NRT,305.36,3.82,D
13.57066,74.71875,330.07,0.53,0.42,2026-05-13,835,N21,VIIRS,n,2.0NRT,298.14,2.52,D
13.59767,78.61889,336.25,0.32,0.54,2026-05-13,835,N21,VIIRS,n,2.0NRT,306.08,2.3,D
13.5988,77.97795,335.88,0.57,0.52,2026-05-13,835,N21,VIIRS,n,2.0NRT,302.67,5.15,D
13.77224,78.42772,330.24,0.62,0.54,2026-05-13,835,N21,VIIRS,l,2.0NRT,303,1.89,D
13.85837,76.53952,344.08,0.46,0.47,2026-05-13,835,N21,VIIRS,n,2.0NRT,300.59,12.7,D
13.8682,78.92613,347.98,0.34,0.56,2026-05-13,835,N21,VIIRS,n,2.0NRT,308.9,4.99,D
13.86856,78.92919,341.4,0.34,0.56,2026-05-13,835,N21,VIIRS,n,2.0NRT,308.81,4.99,D
13.8733,78.92548,339.68,0.34,0.56,2026-05-13,835,N21,VIIRS,n,2.0NRT,309.03,3.68,D
13.87366,78.92854,339.85,0.34,0.56,2026-05-13,835,N21,VIIRS,l,2.0NRT,310.14,3.68,D
13.87771,78.48191,335.39,0.63,0.54,2026-05-13,835,N21,VIIRS,n,2.0NRT,304.47,6.57,D
14.02029,79.31505,330.83,0.36,0.57,2026-05-13,835,N21,VIIRS,n,2.0NRT,299.55,2.09,D
14.05702,79.22045,336.77,0.35,0.57,2026-05-13,835,N21,VIIRS,n,2.0NRT,297.04,2.62,D
14.09675,75.36075,340.29,0.39,0.44,2026-05-13,835,N21,VIIRS,n,2.0NRT,299.61,4.74,D
14.17781,76.64677,340.21,0.48,0.48,2026-05-13,835,N21,VIIRS,n,2.0NRT,304.14,10.03,D
14.18977,76.52213,343.07,0.47,0.48,2026-05-13,835,N21,VIIRS,n,2.0NRT,302.19,8.33,D
14.19252,76.52061,338.42,0.47,0.48,2026-05-13,835,N21,VIIRS,n,2.0NRT,302.11,6.64,D
14.21024,76.65595,344.32,0.48,0.48,2026-05-13,835,N21,VIIRS,n,2.0NRT,304.43,9.81,D
14.21085,76.65721,342.56,0.48,0.48,2026-05-13,835,N21,VIIRS,n,2.0NRT,303.92,8.49,D
14.29867,75.47449,341.68,0.4,0.44,2026-05-13,835,N21,VIIRS,n,2.0NRT,304.25,2.07,D
14.38791,79.83257,337.66,0.39,0.6,2026-05-13,835,N21,VIIRS,n,2.0NRT,287,7.88,D
14.6766,75.93369,342.61,0.44,0.46,2026-05-13,835,N21,VIIRS,n,2.0NRT,306.92,5.19,D
14.80256,78.97509,349.85,0.35,0.57,2026-05-13,835,N21,VIIRS,n,2.0NRT,287.56,7.06,D
14.81037,78.40113,342.8,0.32,0.54,2026-05-13,835,N21,VIIRS,n,2.0NRT,307.55,4.32,D
14.84337,79.41245,343.42,0.37,0.58,2026-05-13,835,N21,VIIRS,n,2.0NRT,308.12,6.62,D
14.85884,79.17799,341.1,0.36,0.57,2026-05-13,835,N21,VIIRS,n,2.0NRT,298.76,3.88,D
14.86347,79.17173,367,0.36,0.57,2026-05-13,835,N21,VIIRS,h,2.0NRT,301.16,7.97,D
14.86405,79.17693,343.08,0.36,0.57,2026-05-13,835,N21,VIIRS,n,2.0NRT,301.82,7.57,D
14.87991,75.11884,338.58,0.39,0.44,2026-05-13,835,N21,VIIRS,n,2.0NRT,302.15,2.64,D
14.88069,78.56786,338.79,0.33,0.55,2026-05-13,835,N21,VIIRS,n,2.0NRT,307.49,6.19,D
14.88091,79.62125,336.22,0.39,0.59,2026-05-13,835,N21,VIIRS,n,2.0NRT,301.13,2.03,D
14.89706,79.56866,341.37,0.38,0.59,2026-05-13,835,N21,VIIRS,n,2.0NRT,302.67,2.68,D
14.92317,79.18073,333.27,0.36,0.57,2026-05-13,835,N21,VIIRS,n,2.0NRT,298.91,2.13,D
14.9284,79.18046,334.06,0.36,0.58,2026-05-13,835,N21,VIIRS,n,2.0NRT,297.69,2.11,D
14.94761,79.06642,344.19,0.36,0.57,2026-05-13,835,N21,VIIRS,n,2.0NRT,293.15,4.02,D
14.94795,79.06937,332.19,0.36,0.57,2026-05-13,835,N21,VIIRS,n,2.0NRT,293.94,4.64,D
14.94828,79.07231,342.63,0.36,0.57,2026-05-13,835,N21,VIIRS,n,2.0NRT,293.87,4.64,D
14.9525,79.06281,337.29,0.36,0.57,2026-05-13,835,N21,VIIRS,n,2.0NRT,292.15,4.02,D
14.95314,75.14849,341.34,0.39,0.44,2026-05-13,835,N21,VIIRS,n,2.0NRT,303.15,4.72,D
15.03099,75.90884,338.18,0.44,0.46,2026-05-13,835,N21,VIIRS,n,2.0NRT,305.11,5.85,D
15.03416,78.43988,351.11,0.32,0.55,2026-05-13,835,N21,VIIRS,n,2.0NRT,304.51,5.49,D
15.06951,73.96791,337.54,0.5,0.41,2026-05-13,835,N21,VIIRS,n,2.0NRT,296.8,4.45,D
15.10381,75.2836,336.84,0.4,0.44,2026-05-13,835,N21,VIIRS,n,2.0NRT,303.63,5.13,D
15.10394,75.2806,333.96,0.4,0.44,2026-05-13,835,N21,VIIRS,n,2.0NRT,303.48,3.09,D
15.13488,78.20261,337.76,0.62,0.54,2026-05-13,835,N21,VIIRS,l,2.0NRT,308.38,9.82,D
15.14155,78.61826,337.07,0.33,0.56,2026-05-13,835,N21,VIIRS,n,2.0NRT,305.85,3.29,D
15.14664,78.61763,339.19,0.33,0.56,2026-05-13,835,N21,VIIRS,n,2.0NRT,305.36,3.29,D
15.14699,78.62069,335.33,0.33,0.56,2026-05-13,835,N21,VIIRS,l,2.0NRT,306.76,3.29,D
15.16661,78.61197,341.02,0.33,0.55,2026-05-13,835,N21,VIIRS,n,2.0NRT,305.86,4.85,D
15.17169,78.61132,348.45,0.33,0.55,2026-05-13,835,N21,VIIRS,n,2.0NRT,310.08,23.46,D
15.17205,78.61439,347.17,0.33,0.56,2026-05-13,835,N21,VIIRS,n,2.0NRT,307.67,17.84,D
15.17492,76.65654,335.46,0.49,0.49,2026-05-13,835,N21,VIIRS,l,2.0NRT,306.53,6.81,D
15.30325,78.25617,344.98,0.63,0.54,2026-05-13,835,N21,VIIRS,n,2.0NRT,305.73,17.75,D
15.32772,78.51224,345.37,0.33,0.55,2026-05-13,835,N21,VIIRS,n,2.0NRT,306.04,4.11,D
15.3291,78.4353,367,0.33,0.55,2026-05-13,835,N21,VIIRS,h,2.0NRT,306.91,9.99,D
15.33414,78.43468,345.54,0.33,0.55,2026-05-13,835,N21,VIIRS,n,2.0NRT,306.5,4.99,D
15.34817,76.61025,344.82,0.49,0.49,2026-05-13,835,N21,VIIRS,n,2.0NRT,309.05,9.07,D
15.3592,79.12038,340.79,0.36,0.58,2026-05-13,835,N21,VIIRS,n,2.0NRT,303.01,5.12,D
15.35955,79.12102,339.63,0.36,0.58,2026-05-13,835,N21,VIIRS,n,2.0NRT,302.95,5.44,D
15.38048,79.58706,337.69,0.39,0.59,2026-05-13,835,N21,VIIRS,n,2.0NRT,302.21,5.42,D
15.50517,75.53153,340,0.42,0.45,2026-05-13,835,N21,VIIRS,n,2.0NRT,304.79,7.23,D
15.50527,79.28296,346.47,0.37,0.58,2026-05-13,835,N21,VIIRS,n,2.0NRT,304.18,5.67,D
15.50811,76.20377,343.76,0.46,0.47,2026-05-13,835,N21,VIIRS,n,2.0NRT,305.68,7.41,D
15.52595,74.31498,349.04,0.53,0.42,2026-05-13,835,N21,VIIRS,n,2.0NRT,296.77,13.8,D
15.52873,74.31677,339.7,0.53,0.42,2026-05-13,835,N21,VIIRS,n,2.0NRT,300.87,24.26,D
15.54421,74.02303,334.91,0.51,0.41,2026-05-13,835,N21,VIIRS,n,2.0NRT,296.62,6.11,D
15.59116,78.58369,340.36,0.34,0.56,2026-05-13,835,N21,VIIRS,n,2.0NRT,300.66,1.69,D
15.64171,79.0215,344.06,0.36,0.57,2026-05-13,835,N21,VIIRS,n,2.0NRT,300.77,4.21,D
15.68818,78.54163,345.31,0.33,0.56,2026-05-13,835,N21,VIIRS,n,2.0NRT,300.49,5.77,D
15.6991,78.50247,342.19,0.33,0.55,2026-05-13,835,N21,VIIRS,n,2.0NRT,301.42,8.33,D
15.70488,78.59627,345.77,0.34,0.56,2026-05-13,835,N21,VIIRS,n,2.0NRT,299.87,4.99,D
15.77737,78.52247,338.46,0.33,0.56,2026-05-13,835,N21,VIIRS,n,2.0NRT,298.73,4.45,D
15.78335,77.49122,338.89,0.57,0.52,2026-05-13,835,N21,VIIRS,n,2.0NRT,304.4,11.5,D
15.82382,78.35107,340.23,0.33,0.55,2026-05-13,835,N21,VIIRS,n,2.0NRT,301.36,8.99,D
15.85664,78.50582,351.45,0.33,0.56,2026-05-13,835,N21,VIIRS,n,2.0NRT,298.68,6.39,D
15.85918,78.8595,334.26,0.35,0.57,2026-05-13,835,N21,VIIRS,n,2.0NRT,297.58,2.85,D
15.85963,78.4866,339.59,0.33,0.56,2026-05-13,835,N21,VIIRS,n,2.0NRT,299.18,2.73,D
15.86326,78.85896,332.49,0.35,0.57,2026-05-13,835,N21,VIIRS,n,2.0NRT,297.01,0.53,D
15.89138,78.1032,338.16,0.63,0.54,2026-05-13,835,N21,VIIRS,n,2.0NRT,304.47,12.66,D
15.89319,78.10738,337.77,0.63,0.54,2026-05-13,835,N21,VIIRS,n,2.0NRT,304.4,13.22,D
15.89417,80.06817,353.17,0.43,0.62,2026-05-13,835,N21,VIIRS,n,2.0NRT,295.95,6.55,D
15.8975,80.068,367,0.43,0.62,2026-05-13,835,N21,VIIRS,h,2.0NRT,297.31,9.81,D
15.89983,80.06757,335.41,0.43,0.62,2026-05-13,835,N21,VIIRS,n,2.0NRT,297.56,6.55,D
15.90027,80.07154,333.74,0.43,0.62,2026-05-13,835,N21,VIIRS,n,2.0NRT,297.96,6.55,D
15.90357,80.0714,330.75,0.43,0.62,2026-05-13,835,N21,VIIRS,n,2.0NRT,297.88,9.81,D
15.91841,79.94214,367,0.42,0.61,2026-05-13,835,N21,VIIRS,h,2.0NRT,295.68,9.62,D
15.92136,78.57362,342.3,0.34,0.56,2026-05-13,835,N21,VIIRS,n,2.0NRT,297.58,4.85,D
15.93853,80.1856,338.67,0.44,0.62,2026-05-13,835,N21,VIIRS,n,2.0NRT,300.17,7.7,D
15.93896,80.18966,340.86,0.44,0.62,2026-05-13,835,N21,VIIRS,n,2.0NRT,300.16,7.7,D
15.94156,79.99886,340.06,0.42,0.61,2026-05-13,835,N21,VIIRS,n,2.0NRT,295.4,9.56,D
15.94198,80.00277,367,0.42,0.61,2026-05-13,835,N21,VIIRS,h,2.0NRT,296.72,9.56,D
15.94422,80.18489,343.1,0.44,0.62,2026-05-13,835,N21,VIIRS,n,2.0NRT,300.04,7.78,D
15.94465,80.18895,339.88,0.44,0.62,2026-05-13,835,N21,VIIRS,n,2.0NRT,300.01,7.78,D
16.01503,80.86457,331.22,0.49,0.65,2026-05-13,835,N21,VIIRS,n,2.0NRT,290.49,8.76,D
16.02647,80.85872,352.86,0.49,0.65,2026-05-13,835,N21,VIIRS,n,2.0NRT,287.99,8.37,D
16.02693,80.86321,335.99,0.49,0.65,2026-05-13,835,N21,VIIRS,n,2.0NRT,288.39,8.37,D
16.05503,80.01107,338.01,0.43,0.62,2026-05-13,835,N21,VIIRS,n,2.0NRT,300.44,7.33,D
16.06383,80.81355,330.77,0.48,0.65,2026-05-13,835,N21,VIIRS,n,2.0NRT,291.95,4.87,D
16.07848,79.96454,330.42,0.42,0.61,2026-05-13,835,N21,VIIRS,l,2.0NRT,300.64,7,D
16.07891,79.96847,338.73,0.42,0.61,2026-05-13,835,N21,VIIRS,n,2.0NRT,300.38,6.22,D
16.08025,78.64139,367,0.34,0.56,2026-05-13,835,N21,VIIRS,h,2.0NRT,294.65,20.65,D
16.08227,79.96468,335.65,0.42,0.61,2026-05-13,835,N21,VIIRS,n,2.0NRT,300.23,7.07,D
16.09046,80.79979,331.48,0.48,0.65,2026-05-13,835,N21,VIIRS,n,2.0NRT,293.27,8.36,D
16.09731,80.80807,367,0.48,0.65,2026-05-13,835,N21,VIIRS,h,2.0NRT,291.17,9.68,D
16.09776,80.81256,343.93,0.48,0.65,2026-05-13,835,N21,VIIRS,n,2.0NRT,289.63,9.68,D
16.1142,80.79707,338.6,0.48,0.65,2026-05-13,835,N21,VIIRS,n,2.0NRT,294.65,8.77,D
16.14385,79.90144,350.06,0.42,0.61,2026-05-13,835,N21,VIIRS,n,2.0NRT,300.06,6.92,D
16.14652,80.76177,367,0.48,0.65,2026-05-13,835,N21,VIIRS,h,2.0NRT,291.83,13.42,D
16.14963,80.57169,367,0.47,0.64,2026-05-13,835,N21,VIIRS,h,2.0NRT,298.62,21.06,D
16.15003,80.57027,367,0.47,0.64,2026-05-13,835,N21,VIIRS,h,2.0NRT,299.04,30.29,D
16.15527,80.7879,344.35,0.48,0.65,2026-05-13,835,N21,VIIRS,n,2.0NRT,294.62,5.06,D
16.1577,79.87216,336.02,0.42,0.61,2026-05-13,835,N21,VIIRS,n,2.0NRT,299.9,9.07,D
16.15928,80.78915,338.87,0.48,0.65,2026-05-13,835,N21,VIIRS,n,2.0NRT,293.44,10.1,D
16.1612,80.78724,330.73,0.48,0.65,2026-05-13,835,N21,VIIRS,n,2.0NRT,293.47,4.43,D
16.16287,79.86757,340.69,0.42,0.61,2026-05-13,835,N21,VIIRS,n,2.0NRT,299.41,7.03,D
16.18475,80.5676,352.21,0.47,0.64,2026-05-13,835,N21,VIIRS,n,2.0NRT,299.24,10.19,D
16.18957,79.86406,367,0.42,0.61,2026-05-13,835,N21,VIIRS,h,2.0NRT,299.77,9.93,D
16.19016,80.56261,344.96,0.47,0.64,2026-05-13,835,N21,VIIRS,n,2.0NRT,298.62,16.16,D
16.19038,79.87189,340.92,0.42,0.61,2026-05-13,835,N21,VIIRS,n,2.0NRT,299.68,12.71,D
16.19061,80.56694,338.3,0.47,0.64,2026-05-13,835,N21,VIIRS,n,2.0NRT,296.81,10.19,D
16.19084,79.86426,367,0.42,0.61,2026-05-13,835,N21,VIIRS,h,2.0NRT,300.14,9.33,D
16.1917,79.87209,342.93,0.42,0.61,2026-05-13,835,N21,VIIRS,n,2.0NRT,300.1,10.54,D
16.19476,80.43629,344.25,0.46,0.63,2026-05-13,835,N21,VIIRS,n,2.0NRT,297.07,6.41,D
16.20547,80.42645,340.64,0.46,0.63,2026-05-13,835,N21,VIIRS,n,2.0NRT,297.56,7.67,D
16.22709,80.57594,330.95,0.47,0.64,2026-05-13,835,N21,VIIRS,n,2.0NRT,298.12,13.34,D
16.22722,80.69125,352.12,0.48,0.64,2026-05-13,835,N21,VIIRS,n,2.0NRT,296.05,9.9,D
16.22768,80.69568,340.29,0.48,0.64,2026-05-13,835,N21,VIIRS,n,2.0NRT,294.69,9.55,D
16.23497,80.70828,335.15,0.48,0.64,2026-05-13,835,N21,VIIRS,n,2.0NRT,295.28,5.18,D
16.23543,80.7127,332.06,0.48,0.64,2026-05-13,835,N21,VIIRS,n,2.0NRT,295.02,5.99,D
16.24505,80.74767,367,0.48,0.65,2026-05-13,835,N21,VIIRS,h,2.0NRT,294,16.29,D
16.253,80.60442,339.33,0.47,0.64,2026-05-13,835,N21,VIIRS,n,2.0NRT,293.79,1.74,D
16.25377,80.60375,335.93,0.47,0.64,2026-05-13,835,N21,VIIRS,n,2.0NRT,293.89,3.48,D
16.26411,80.0313,331.06,0.43,0.62,2026-05-13,835,N21,VIIRS,n,2.0NRT,297.58,2.93,D
16.26497,80.03933,346.48,0.43,0.62,2026-05-13,835,N21,VIIRS,n,2.0NRT,298.35,7.96,D
16.28337,79.89241,333.48,0.42,0.61,2026-05-13,835,N21,VIIRS,n,2.0NRT,295.97,3.74,D
16.31213,80.7182,344.23,0.48,0.65,2026-05-13,835,N21,VIIRS,n,2.0NRT,293.66,7.95,D
15.70341,74.08737,334.15,0.52,0.42,2026-05-13,837,N21,VIIRS,n,2.0NRT,290.59,5.9,D
15.70396,74.08999,332.97,0.52,0.42,2026-05-13,837,N21,VIIRS,n,2.0NRT,293.86,5.19,D
15.90198,74.27265,332.28,0.54,0.42,2026-05-13,837,N21,VIIRS,n,2.0NRT,296.57,2.72,D
16.01415,76.81528,344.32,0.52,0.5,2026-05-13,837,N21,VIIRS,n,2.0NRT,305.77,13.31,D
16.13104,76.34478,343.65,0.48,0.48,2026-05-13,837,N21,VIIRS,n,2.0NRT,306.84,14.27,D
16.14597,76.32006,351.72,0.48,0.48,2026-05-13,837,N21,VIIRS,n,2.0NRT,307.27,15.36,D
16.15421,77.82127,337.26,0.61,0.53,2026-05-13,837,N21,VIIRS,n,2.0NRT,302.74,6.82,D
16.18047,76.9558,337.44,0.53,0.5,2026-05-13,837,N21,VIIRS,n,2.0NRT,304.29,9.45,D
16.18107,76.95838,337.34,0.53,0.5,2026-05-13,837,N21,VIIRS,n,2.0NRT,305.11,10.65,D
16.18186,76.35646,341.33,0.49,0.48,2026-05-13,837,N21,VIIRS,n,2.0NRT,306.17,9.31,D
16.27946,78.37214,330.01,0.33,0.55,2026-05-13,837,N21,VIIRS,l,2.0NRT,300.54,1.89,D
16.28161,79.89079,332.15,0.42,0.61,2026-05-13,837,N21,VIIRS,n,2.0NRT,297.26,5.56,D
16.28252,76.87283,344.46,0.53,0.5,2026-05-13,837,N21,VIIRS,n,2.0NRT,306.49,10.4,D
16.2832,76.87595,335.48,0.53,0.5,2026-05-13,837,N21,VIIRS,n,2.0NRT,304.66,5.13,D
16.28438,77.15705,342.95,0.55,0.51,2026-05-13,837,N21,VIIRS,n,2.0NRT,306.46,13.68,D
16.29166,79.93361,331.68,0.42,0.61,2026-05-13,837,N21,VIIRS,n,2.0NRT,297.34,4.87,D
16.29239,76.87487,336.77,0.53,0.5,2026-05-13,837,N21,VIIRS,n,2.0NRT,304.25,2.09,D
16.29374,79.93517,331.92,0.42,0.61,2026-05-13,837,N21,VIIRS,n,2.0NRT,296.74,2.22,D
16.40915,77.46483,343.69,0.58,0.52,2026-05-13,837,N21,VIIRS,n,2.0NRT,307.31,11.17,D
16.43691,76.51035,343.4,0.5,0.49,2026-05-13,837,N21,VIIRS,n,2.0NRT,291.95,9.31,D
16.44139,76.50978,338.61,0.5,0.49,2026-05-13,837,N21,VIIRS,n,2.0NRT,289.49,9.31,D
16.44356,76.51267,336.52,0.5,0.49,2026-05-13,837,N21,VIIRS,n,2.0NRT,292.19,12.35,D
16.44538,76.67582,332.41,0.51,0.5,2026-05-13,837,N21,VIIRS,n,2.0NRT,297.3,2.07,D
16.46122,80.04758,337.24,0.43,0.62,2026-05-13,837,N21,VIIRS,n,2.0NRT,296.51,4.75,D
16.47324,76.62552,339.5,0.51,0.49,2026-05-13,837,N21,VIIRS,n,2.0NRT,297.82,7.2,D
16.50534,76.54875,339.78,0.5,0.49,2026-05-13,837,N21,VIIRS,n,2.0NRT,293.52,7.71,D
16.51873,78.1909,340.56,0.32,0.55,2026-05-13,837,N21,VIIRS,n,2.0NRT,296.55,4.96,D
16.52686,77.5134,335.44,0.59,0.52,2026-05-13,837,N21,VIIRS,l,2.0NRT,306.35,8.21,D
16.5353,75.15134,341.78,0.41,0.45,2026-05-13,837,N21,VIIRS,n,2.0NRT,300.9,7.2,D
16.5527,78.81363,336.7,0.36,0.57,2026-05-13,837,N21,VIIRS,n,2.0NRT,301.81,3.47,D
16.55726,78.26511,331.63,0.33,0.55,2026-05-13,837,N21,VIIRS,n,2.0NRT,299.14,1.93,D
16.5707,79.60022,335.1,0.41,0.6,2026-05-13,837,N21,VIIRS,n,2.0NRT,296.41,2.25,D
16.57336,73.34983,332.69,0.49,0.4,2026-05-13,837,N21,VIIRS,n,2.0NRT,296.03,6.27,D
16.57404,78.81429,335.26,0.36,0.57,2026-05-13,837,N21,VIIRS,n,2.0NRT,304.84,4.06,D
16.57593,73.34647,336.57,0.49,0.4,2026-05-13,837,N21,VIIRS,n,2.0NRT,294.06,1.05,D
16.60235,77.40805,344.5,0.58,0.52,2026-05-13,837,N21,VIIRS,n,2.0NRT,305.35,13.42,D
16.60661,73.55185,335.19,0.5,0.41,2026-05-13,837,N21,VIIRS,n,2.0NRT,291.17,4.66,D
16.60832,73.54975,338.82,0.5,0.41,2026-05-13,837,N21,VIIRS,n,2.0NRT,292.18,15.27,D
16.62158,76.58448,342.74,0.51,0.49,2026-05-13,837,N21,VIIRS,n,2.0NRT,294.63,4.99,D
16.64484,77.13985,338.85,0.55,0.51,2026-05-13,837,N21,VIIRS,n,2.0NRT,303.78,6.14,D
16.6754,78.27392,367,0.33,0.55,2026-05-13,837,N21,VIIRS,h,2.0NRT,306.03,8,D
16.68923,78.25969,334.79,0.33,0.55,2026-05-13,837,N21,VIIRS,n,2.0NRT,302.2,2.81,D
16.72743,82.1339,331.16,0.6,0.71,2026-05-13,837,N21,VIIRS,n,2.0NRT,296.63,4.11,D
16.74276,76.50805,340.16,0.5,0.49,2026-05-13,837,N21,VIIRS,n,2.0NRT,294.7,5.02,D
16.75044,81.95531,367,0.59,0.7,2026-05-13,837,N21,VIIRS,h,2.0NRT,296.97,52.38,D
16.75096,81.96078,343.63,0.59,0.7,2026-05-13,837,N21,VIIRS,n,2.0NRT,293.31,25.63,D
16.75498,77.12321,339.47,0.55,0.51,2026-05-13,837,N21,VIIRS,n,2.0NRT,297.61,5.47,D
16.75686,81.95464,334.69,0.59,0.7,2026-05-13,837,N21,VIIRS,n,2.0NRT,295.96,5.11,D
16.76673,76.59148,339.08,0.51,0.49,2026-05-13,837,N21,VIIRS,n,2.0NRT,284.85,5.84,D
16.76789,76.58839,331.92,0.51,0.49,2026-05-13,837,N21,VIIRS,n,2.0NRT,285.06,7.04,D
16.82747,78.83992,336.73,0.36,0.58,2026-05-13,837,N21,VIIRS,n,2.0NRT,294.92,1.89,D
16.84625,79.34956,330.55,0.39,0.6,2026-05-13,837,N21,VIIRS,l,2.0NRT,300.63,2.05,D
16.84665,79.35325,334.01,0.39,0.6,2026-05-13,837,N21,VIIRS,n,2.0NRT,300.44,2.05,D
16.86479,80.94937,332.15,0.5,0.66,2026-05-13,837,N21,VIIRS,n,2.0NRT,297.54,4.05,D
16.88605,79.93597,336.59,0.43,0.62,2026-05-13,837,N21,VIIRS,n,2.0NRT,297.2,5.06,D
16.9357,75.03831,335.26,0.41,0.45,2026-05-13,837,N21,VIIRS,n,2.0NRT,295.86,3.94,D
16.94182,80.65699,342.67,0.48,0.65,2026-05-13,837,N21,VIIRS,n,2.0NRT,297.99,6.33,D
16.94682,82.01041,332.03,0.6,0.7,2026-05-13,837,N21,VIIRS,n,2.0NRT,296.24,3.97,D
16.94777,80.6564,342.96,0.48,0.65,2026-05-13,837,N21,VIIRS,n,2.0NRT,298.12,8.69,D
16.94882,79.68261,337.24,0.42,0.61,2026-05-13,837,N21,VIIRS,n,2.0NRT,299.96,4.71,D
16.96414,79.9991,345.21,0.44,0.62,2026-05-13,837,N21,VIIRS,n,2.0NRT,296.31,5.1,D
16.97096,78.5917,335.25,0.35,0.57,2026-05-13,837,N21,VIIRS,n,2.0NRT,299.15,5.65,D
16.97136,80.14183,367,0.45,0.63,2026-05-13,837,N21,VIIRS,h,2.0NRT,296.5,14.27,D
16.97254,80.14014,345.36,0.45,0.63,2026-05-13,837,N21,VIIRS,n,2.0NRT,295.53,10.1,D
16.98169,80.8755,330.4,0.5,0.66,2026-05-13,837,N21,VIIRS,n,2.0NRT,298.58,7.77,D
16.99167,80.63732,337.22,0.48,0.65,2026-05-13,837,N21,VIIRS,n,2.0NRT,297.91,3.98,D
16.99393,80.63801,331.99,0.48,0.65,2026-05-13,837,N21,VIIRS,n,2.0NRT,297.34,6.56,D
17.00216,80.14531,345.71,0.45,0.63,2026-05-13,837,N21,VIIRS,n,2.0NRT,296.56,5.34,D
17.02123,80.27525,349.14,0.46,0.63,2026-05-13,837,N21,VIIRS,n,2.0NRT,295.22,8.41,D
17.02167,80.27956,339.59,0.46,0.63,2026-05-13,837,N21,VIIRS,n,2.0NRT,295.45,8.41,D
17.02289,79.64281,339.11,0.41,0.61,2026-05-13,837,N21,VIIRS,n,2.0NRT,298.1,6.23,D
17.02359,79.64265,338.09,0.41,0.61,2026-05-13,837,N21,VIIRS,n,2.0NRT,297.76,7.86,D
17.02504,80.82313,332.44,0.5,0.66,2026-05-13,837,N21,VIIRS,n,2.0NRT,297.05,4.06,D
17.02703,80.27456,340.23,0.46,0.63,2026-05-13,837,N21,VIIRS,n,2.0NRT,295.5,6.12,D
17.02746,80.27884,340.37,0.46,0.63,2026-05-13,837,N21,VIIRS,n,2.0NRT,295.19,6.12,D
17.02929,80.07058,335.16,0.44,0.62,2026-05-13,837,N21,VIIRS,n,2.0NRT,298.78,6.13,D
17.03882,79.83523,346.38,0.43,0.62,2026-05-13,837,N21,VIIRS,n,2.0NRT,298.57,5.68,D
17.04031,80.34705,332.31,0.46,0.64,2026-05-13,837,N21,VIIRS,n,2.0NRT,289.15,2.61,D
17.04238,79.8351,337.08,0.43,0.62,2026-05-13,837,N21,VIIRS,n,2.0NRT,298.33,4.47,D
17.04535,80.51394,339.41,0.47,0.64,2026-05-13,837,N21,VIIRS,n,2.0NRT,294.02,4.37,D
17.05771,79.87359,330.37,0.43,0.62,2026-05-13,837,N21,VIIRS,n,2.0NRT,298.1,8.46,D
17.06118,80.19862,342.2,0.45,0.63,2026-05-13,837,N21,VIIRS,n,2.0NRT,298.21,4.95,D
17.06588,80.19733,367,0.45,0.63,2026-05-13,837,N21,VIIRS,h,2.0NRT,298.75,14.44,D
17.06676,80.20571,340.27,0.45,0.63,2026-05-13,837,N21,VIIRS,n,2.0NRT,297.31,12.75,D
17.06695,80.19795,355.16,0.45,0.63,2026-05-13,837,N21,VIIRS,n,2.0NRT,297.94,10.89,D
17.06778,80.20634,342.5,0.45,0.63,2026-05-13,837,N21,VIIRS,n,2.0NRT,297.1,10.81,D
17.07058,79.83162,350.46,0.43,0.62,2026-05-13,837,N21,VIIRS,n,2.0NRT,299.15,9.21,D
17.07391,80.56031,336.95,0.48,0.64,2026-05-13,837,N21,VIIRS,n,2.0NRT,296.47,3.31,D
17.09467,80.2415,331.66,0.45,0.63,2026-05-13,837,N21,VIIRS,n,2.0NRT,295.77,3.06,D
17.09494,80.30586,333.02,0.46,0.63,2026-05-13,837,N21,VIIRS,n,2.0NRT,292.1,4.41,D
17.09526,80.30669,333.85,0.46,0.63,2026-05-13,837,N21,VIIRS,n,2.0NRT,292.38,5.27,D
17.09543,80.19047,340.23,0.45,0.63,2026-05-13,837,N21,VIIRS,n,2.0NRT,294.69,5.02,D
17.10121,80.18982,349.16,0.45,0.63,2026-05-13,837,N21,VIIRS,n,2.0NRT,295.05,6.8,D
17.10977,80.159,334.63,0.45,0.63,2026-05-13,837,N21,VIIRS,n,2.0NRT,295.62,2.02,D
17.10991,79.87984,332.32,0.43,0.62,2026-05-13,837,N21,VIIRS,n,2.0NRT,297.99,2.1,D
17.12533,80.14007,367,0.45,0.63,2026-05-13,837,N21,VIIRS,h,2.0NRT,297.26,12.92,D
17.12633,80.09325,337.2,0.44,0.63,2026-05-13,837,N21,VIIRS,n,2.0NRT,298.73,4.9,D
17.16847,81.7795,330.59,0.58,0.7,2026-05-13,837,N21,VIIRS,n,2.0NRT,294.89,6,D
17.1831,80.42501,333.1,0.47,0.64,2026-05-13,837,N21,VIIRS,n,2.0NRT,293.15,2.51,D
17.19369,79.56,351.38,0.41,0.61,2026-05-13,837,N21,VIIRS,n,2.0NRT,299.01,6.73,D
17.19742,79.86608,336.01,0.43,0.62,2026-05-13,837,N21,VIIRS,n,2.0NRT,299.33,3.12,D
17.2379,77.74068,333.23,0.62,0.54,2026-05-13,837,N21,VIIRS,n,2.0NRT,297.33,3.13,D
17.23844,79.2928,338.52,0.39,0.6,2026-05-13,837,N21,VIIRS,n,2.0NRT,302.42,3.21,D
17.24136,80.23815,337.93,0.46,0.63,2026-05-13,837,N21,VIIRS,n,2.0NRT,295.58,4.07,D
17.24673,80.23323,338.93,0.46,0.63,2026-05-13,837,N21,VIIRS,n,2.0NRT,296.67,4.22,D
17.25424,80.02432,367,0.44,0.62,2026-05-13,837,N21,VIIRS,h,2.0NRT,300.5,27.66,D
17.25467,80.02843,338.15,0.44,0.62,2026-05-13,837,N21,VIIRS,n,2.0NRT,297.91,14.7,D
17.25602,80.02227,367,0.44,0.62,2026-05-13,837,N21,VIIRS,h,2.0NRT,299.66,17.19,D
17.25643,80.02639,367,0.44,0.62,2026-05-13,837,N21,VIIRS,h,2.0NRT,299.94,17.19,D
17.27449,80.05132,330.28,0.44,0.63,2026-05-13,837,N21,VIIRS,n,2.0NRT,293.56,1.75,D
17.29296,80.8132,345.07,0.5,0.66,2026-05-13,837,N21,VIIRS,n,2.0NRT,293.1,10.75,D
17.29393,78.9145,341.63,0.37,0.58,2026-05-13,837,N21,VIIRS,n,2.0NRT,301.55,7.2,D
17.31514,80.44817,330.21,0.47,0.64,2026-05-13,837,N21,VIIRS,n,2.0NRT,293.93,3.63,D
17.31843,80.42082,335.88,0.47,0.64,2026-05-13,837,N21,VIIRS,n,2.0NRT,295.47,8.37,D
17.31897,80.41792,343.77,0.47,0.64,2026-05-13,837,N21,VIIRS,n,2.0NRT,295.83,8.81,D
17.34973,79.44682,347.28,0.4,0.6,2026-05-13,837,N21,VIIRS,n,2.0NRT,299.89,3.91,D
17.41649,73.29147,338.7,0.49,0.41,2026-05-13,837,N21,VIIRS,n,2.0NRT,296.59,6.72,D
17.45792,79.51843,341.58,0.41,0.61,2026-05-13,837,N21,VIIRS,n,2.0NRT,296.68,6.71,D
17.46718,80.37367,331.87,0.47,0.64,2026-05-13,837,N21,VIIRS,n,2.0NRT,292.09,4.04,D
17.49421,82.66904,333.8,0.67,0.74,2026-05-13,837,N21,VIIRS,n,2.0NRT,286.84,5.93,D
17.51785,80.4625,341.15,0.48,0.64,2026-05-13,837,N21,VIIRS,n,2.0NRT,292.28,7.82,D
17.52244,80.46286,338.53,0.48,0.64,2026-05-13,837,N21,VIIRS,n,2.0NRT,293.8,6.97,D
17.54825,73.58212,330.35,0.51,0.41,2026-05-13,837,N21,VIIRS,n,2.0NRT,295.53,2.24,D
17.57044,80.17002,337.42,0.46,0.63,2026-05-13,837,N21,VIIRS,n,2.0NRT,293.59,5.37,D
17.59861,80.10259,367,0.45,0.63,2026-05-13,837,N21,VIIRS,h,2.0NRT,295.69,10.77,D
17.59905,80.10675,342.57,0.45,0.63,2026-05-13,837,N21,VIIRS,n,2.0NRT,295.55,10.77,D
17.59927,80.10134,348.83,0.45,0.63,2026-05-13,837,N21,VIIRS,n,2.0NRT,295.34,12.86,D
17.59967,80.10552,352.02,0.45,0.63,2026-05-13,837,N21,VIIRS,n,2.0NRT,296.37,15.72,D
17.60606,79.81979,330.37,0.43,0.62,2026-05-13,837,N21,VIIRS,n,2.0NRT,294.37,2.23,D
17.60635,81.81467,332.48,0.59,0.7,2026-05-13,837,N21,VIIRS,n,2.0NRT,292.43,9.06,D
17.61187,78.40542,367,0.35,0.56,2026-05-13,837,N21,VIIRS,h,2.0NRT,296.5,17.75,D
17.62325,80.16698,340.97,0.46,0.63,2026-05-13,837,N21,VIIRS,n,2.0NRT,292.1,8.09,D
17.6233,80.22745,340.47,0.46,0.64,2026-05-13,837,N21,VIIRS,n,2.0NRT,291.68,5.25,D
17.6235,79.44273,338.81,0.41,0.6,2026-05-13,837,N21,VIIRS,n,2.0NRT,297.56,3.25,D
17.62363,79.44283,339.1,0.41,0.6,2026-05-13,837,N21,VIIRS,n,2.0NRT,297.49,4.07,D
17.62367,80.17122,346.57,0.46,0.63,2026-05-13,837,N21,VIIRS,n,2.0NRT,293.74,9.96,D
17.63788,80.02048,344.77,0.45,0.63,2026-05-13,837,N21,VIIRS,n,2.0NRT,296.53,8.67,D
17.6432,80.01554,367,0.45,0.63,2026-05-13,837,N21,VIIRS,h,2.0NRT,296.28,8.67,D
17.66807,79.83727,343.16,0.43,0.62,2026-05-13,837,N21,VIIRS,n,2.0NRT,293.47,3.51,D
17.67101,79.83662,344.28,0.43,0.62,2026-05-13,837,N21,VIIRS,n,2.0NRT,293.54,4.13,D
17.68797,78.04047,338.64,0.33,0.55,2026-05-13,837,N21,VIIRS,n,2.0NRT,296.63,3.27,D
17.6884,80.17249,332.17,0.46,0.63,2026-05-13,837,N21,VIIRS,n,2.0NRT,295.61,2.98,D
17.72255,80.40362,331.14,0.47,0.64,2026-05-13,837,N21,VIIRS,n,2.0NRT,287.99,1.61,D
17.7242,79.656,348.83,0.42,0.61,2026-05-13,837,N21,VIIRS,n,2.0NRT,297.76,6.71,D
17.73591,80.35639,330.42,0.47,0.64,2026-05-13,837,N21,VIIRS,n,2.0NRT,294.5,5.06,D
17.73674,80.35538,336.71,0.47,0.64,2026-05-13,837,N21,VIIRS,n,2.0NRT,294.72,7.51,D
17.76153,78.01704,335.12,0.33,0.55,2026-05-13,837,N21,VIIRS,n,2.0NRT,296.97,2.74,D
17.76295,80.38984,332.32,0.47,0.64,2026-05-13,837,N21,VIIRS,n,2.0NRT,291.35,5.75,D
17.77339,79.48707,335.2,0.41,0.61,2026-05-13,837,N21,VIIRS,n,2.0NRT,301.52,5.01,D
17.81398,76.52261,332.49,0.52,0.5,2026-05-13,837,N21,VIIRS,n,2.0NRT,292.17,3.66,D
17.81472,79.78394,337.6,0.43,0.62,2026-05-13,837,N21,VIIRS,n,2.0NRT,297.06,4.69,D
17.84605,78.00109,342.35,0.33,0.55,2026-05-13,837,N21,VIIRS,n,2.0NRT,303.07,6.38,D
17.85798,79.55248,348.66,0.42,0.61,2026-05-13,837,N21,VIIRS,n,2.0NRT,299.59,4.82,D
17.85923,79.55242,349.23,0.42,0.61,2026-05-13,837,N21,VIIRS,n,2.0NRT,300.09,4.56,D
17.86284,80.45306,335.51,0.48,0.65,2026-05-13,837,N21,VIIRS,n,2.0NRT,293.44,4.72,D
17.86518,79.82755,339.69,0.44,0.62,2026-05-13,837,N21,VIIRS,n,2.0NRT,297.28,4.93,D
17.87879,79.76447,347.75,0.43,0.62,2026-05-13,837,N21,VIIRS,n,2.0NRT,298.34,8.53,D
17.88156,79.76395,348.36,0.43,0.62,2026-05-13,837,N21,VIIRS,n,2.0NRT,297.92,6.42,D
17.89064,79.79568,336.4,0.43,0.62,2026-05-13,837,N21,VIIRS,n,2.0NRT,298.23,3.29,D
17.89245,79.84553,330.14,0.44,0.62,2026-05-13,837,N21,VIIRS,n,2.0NRT,297,4.38,D
17.89332,79.79554,344.64,0.43,0.62,2026-05-13,837,N21,VIIRS,n,2.0NRT,299.39,6.6,D
17.89496,74.27828,337.79,0.57,0.43,2026-05-13,837,N21,VIIRS,n,2.0NRT,299.82,5,D
17.8951,74.27517,336.32,0.57,0.43,2026-05-13,837,N21,VIIRS,n,2.0NRT,300.02,4.06,D
17.92111,81.79995,336.72,0.59,0.7,2026-05-13,837,N21,VIIRS,n,2.0NRT,293.74,6.05,D
17.96618,79.83283,345.03,0.44,0.62,2026-05-13,837,N21,VIIRS,n,2.0NRT,297.39,7.3,D
17.97781,73.52988,339.02,0.52,0.41,2026-05-13,837,N21,VIIRS,n,2.0NRT,301.5,5.4,D
17.98155,73.52901,331.33,0.52,0.41,2026-05-13,837,N21,VIIRS,n,2.0NRT,301.31,2.66,D
17.99658,79.70887,334.72,0.43,0.62,2026-05-13,837,N21,VIIRS,n,2.0NRT,298.46,5.67,D
18.01316,79.64579,332.35,0.43,0.62,2026-05-13,837,N21,VIIRS,n,2.0NRT,300.1,2.72,D
18.01357,79.64982,336.66,0.43,0.62,2026-05-13,837,N21,VIIRS,n,2.0NRT,300.31,2.72,D
18.01437,78.23136,332.55,0.34,0.56,2026-05-13,837,N21,VIIRS,n,2.0NRT,300.69,1.96,D
18.03992,79.741,332.46,0.43,0.62,2026-05-13,837,N21,VIIRS,n,2.0NRT,298.38,4.87,D
18.0721,79.6638,345.64,0.43,0.62,2026-05-13,837,N21,VIIRS,n,2.0NRT,298.17,7.14,D
18.07349,79.64312,332.52,0.43,0.62,2026-05-13,837,N21,VIIRS,n,2.0NRT,300.18,3.87,D
18.07506,79.65931,337.2,0.43,0.62,2026-05-13,837,N21,VIIRS,n,2.0NRT,298.24,9,D
18.07546,79.66337,367,0.43,0.62,2026-05-13,837,N21,VIIRS,h,2.0NRT,298.51,13.37,D
18.07564,79.64297,332.44,0.43,0.62,2026-05-13,837,N21,VIIRS,n,2.0NRT,300.06,4.56,D
18.07733,79.65913,332.99,0.43,0.62,2026-05-13,837,N21,VIIRS,n,2.0NRT,297.54,8.68,D
18.07775,79.66318,342.9,0.43,0.62,2026-05-13,837,N21,VIIRS,n,2.0NRT,297.87,7.14,D
18.08661,79.74821,330.83,0.43,0.62,2026-05-13,837,N21,VIIRS,n,2.0NRT,298.47,4.37,D
18.09466,79.82589,335.54,0.44,0.62,2026-05-13,837,N21,VIIRS,n,2.0NRT,298.09,5.34,D
18.0955,79.52025,330.87,0.42,0.61,2026-05-13,837,N21,VIIRS,n,2.0NRT,299.26,4.32,D
18.09691,79.82577,340.71,0.44,0.62,2026-05-13,837,N21,VIIRS,n,2.0NRT,298.14,5.58,D
18.11363,78.07035,335.89,0.33,0.56,2026-05-13,837,N21,VIIRS,n,2.0NRT,300.15,2.28,D
18.12999,79.75168,337.35,0.43,0.62,2026-05-13,837,N21,VIIRS,n,2.0NRT,296.05,2.95,D
18.16322,74.40755,339.54,0.39,0.44,2026-05-13,837,N21,VIIRS,n,2.0NRT,301.76,3.38,D
18.16744,79.7806,330.17,0.44,0.62,2026-05-13,837,N21,VIIRS,n,2.0NRT,296.4,5.02,D
18.18098,80.523,332.08,0.49,0.65,2026-05-13,837,N21,VIIRS,n,2.0NRT,294.58,2.86,D
18.20565,74.11004,339.51,0.56,0.43,2026-05-13,837,N21,VIIRS,n,2.0NRT,303.65,11.14,D
18.21161,77.80717,345.9,0.32,0.55,2026-05-13,837,N21,VIIRS,n,2.0NRT,304.02,5.02,D
18.21193,77.8102,341.65,0.32,0.55,2026-05-13,837,N21,VIIRS,n,2.0NRT,305.01,5.02,D
18.21354,78.14795,353.22,0.34,0.56,2026-05-13,837,N21,VIIRS,n,2.0NRT,299.86,5.05,D
18.2225,79.5586,330.65,0.42,0.61,2026-05-13,837,N21,VIIRS,n,2.0NRT,298.25,2.91,D
18.23243,78.00415,339.22,0.33,0.55,2026-05-13,837,N21,VIIRS,n,2.0NRT,301.34,3.65,D
18.23531,74.72038,334.57,0.41,0.45,2026-05-13,837,N21,VIIRS,n,2.0NRT,292.89,3.89,D
18.24733,73.40446,336.52,0.51,0.41,2026-05-13,837,N21,VIIRS,n,2.0NRT,299.67,4.03,D
18.27406,78.00834,330.74,0.33,0.55,2026-05-13,837,N21,VIIRS,n,2.0NRT,298.45,2.5,D
18.28933,79.70986,334.8,0.43,0.62,2026-05-13,837,N21,VIIRS,n,2.0NRT,297.09,3.21,D
18.29165,77.88754,332.63,0.33,0.55,2026-05-13,837,N21,VIIRS,n,2.0NRT,298.66,3.18,D
18.29635,77.8839,334.28,0.33,0.55,2026-05-13,837,N21,VIIRS,n,2.0NRT,297.74,2.16,D
18.30288,73.99252,340.77,0.55,0.43,2026-05-13,837,N21,VIIRS,n,2.0NRT,304.76,8.51,D
18.3077,77.84834,335.37,0.32,0.55,2026-05-13,837,N21,VIIRS,n,2.0NRT,298.5,3.72,D
18.3136,79.35201,332.43,0.41,0.61,2026-05-13,837,N21,VIIRS,n,2.0NRT,298.11,2.61,D
18.33387,79.44046,351.97,0.42,0.61,2026-05-13,837,N21,VIIRS,n,2.0NRT,298.15,10.61,D
18.41089,77.99913,335.19,0.33,0.56,2026-05-13,837,N21,VIIRS,n,2.0NRT,290.97,4.55,D
18.41123,78.00224,353.4,0.33,0.56,2026-05-13,837,N21,VIIRS,n,2.0NRT,291.48,4.55,D
18.41978,74.09735,335.3,0.56,0.43,2026-05-13,837,N21,VIIRS,n,2.0NRT,299.58,2.87,D
18.42298,73.12207,330.77,0.5,0.41,2026-05-13,837,N21,VIIRS,n,2.0NRT,300.42,3.59,D
18.43519,78.96499,333.15,0.39,0.59,2026-05-13,837,N21,VIIRS,n,2.0NRT,302.2,3.63,D
18.46301,77.8746,349.01,0.33,0.55,2026-05-13,837,N21,VIIRS,n,2.0NRT,285.84,4.18,D
18.46669,79.59095,337.48,0.43,0.62,2026-05-13,837,N21,VIIRS,n,2.0NRT,300.27,5.57,D
18.47234,79.59027,350.07,0.43,0.62,2026-05-13,837,N21,VIIRS,n,2.0NRT,300.65,5.57,D
18.52264,78.43893,346.71,0.36,0.57,2026-05-13,837,N21,VIIRS,n,2.0NRT,297.74,3.8,D
18.54128,79.17057,347.47,0.4,0.6,2026-05-13,837,N21,VIIRS,n,2.0NRT,299.56,6.79,D
18.54679,79.16994,337.38,0.4,0.6,2026-05-13,837,N21,VIIRS,n,2.0NRT,298.11,6.79,D
18.55118,78.13998,330.14,0.34,0.56,2026-05-13,837,N21,VIIRS,n,2.0NRT,292.4,2.94,D
18.55356,78.1379,342.3,0.34,0.56,2026-05-13,837,N21,VIIRS,n,2.0NRT,292.18,4.54,D
18.556,78.1362,331.78,0.34,0.56,2026-05-13,837,N21,VIIRS,n,2.0NRT,291.26,2.94,D
18.58125,73.41977,334.79,0.52,0.41,2026-05-13,837,N21,VIIRS,n,2.0NRT,300.91,6.99,D
18.60069,78.01768,334.04,0.34,0.56,2026-05-13,837,N21,VIIRS,n,2.0NRT,282.66,5.05,D
18.62601,73.28571,335.56,0.51,0.41,2026-05-13,837,N21,VIIRS,n,2.0NRT,302.03,4.31,D
18.62866,73.2834,334.38,0.51,0.41,2026-05-13,837,N21,VIIRS,n,2.0NRT,301.77,3.15,D
18.64235,78.4106,344.55,0.36,0.57,2026-05-13,837,N21,VIIRS,n,2.0NRT,294.05,4.34,D
18.64565,79.71793,335.25,0.44,0.62,2026-05-13,837,N21,VIIRS,n,2.0NRT,299.43,4.76,D
18.64759,78.40998,338.15,0.36,0.57,2026-05-13,837,N21,VIIRS,n,2.0NRT,294.61,4.34,D
18.64817,78.36519,344.48,0.36,0.57,2026-05-13,837,N21,VIIRS,n,2.0NRT,292.69,4.07,D
18.67752,79.36039,331.85,0.42,0.61,2026-05-13,837,N21,VIIRS,n,2.0NRT,299.27,3.29,D
18.67839,79.36042,332.18,0.41,0.61,2026-05-13,837,N21,VIIRS,n,2.0NRT,299.58,3.03,D
18.68145,78.94761,338.68,0.39,0.59,2026-05-13,837,N21,VIIRS,n,2.0NRT,301.11,5.48,D
18.71373,79.53778,333.37,0.43,0.62,2026-05-13,837,N21,VIIRS,n,2.0NRT,302.43,5.14,D
18.71723,79.53728,337.33,0.43,0.62,2026-05-13,837,N21,VIIRS,n,2.0NRT,302.88,6.43,D
18.72287,79.53657,330.29,0.43,0.62,2026-05-13,837,N21,VIIRS,l,2.0NRT,301.54,3.68,D
18.72514,78.75863,339.43,0.38,0.59,2026-05-13,837,N21,VIIRS,n,2.0NRT,299.95,3.2,D
18.72752,78.75905,340.13,0.38,0.59,2026-05-13,837,N21,VIIRS,n,2.0NRT,299.73,5.49,D
18.73663,78.49831,330.6,0.36,0.58,2026-05-13,837,N21,VIIRS,n,2.0NRT,293.77,1.51,D
18.75384,78.82819,331.06,0.38,0.59,2026-05-13,837,N21,VIIRS,n,2.0NRT,301.04,2.71,D
18.76121,78.4269,353.87,0.36,0.57,2026-05-13,837,N21,VIIRS,n,2.0NRT,293.64,4.72,D
18.80002,78.64293,344.46,0.37,0.58,2026-05-13,837,N21,VIIRS,n,2.0NRT,296.98,5.36,D
18.80136,78.81223,336.74,0.38,0.59,2026-05-13,837,N21,VIIRS,n,2.0NRT,300.85,3.9,D
18.80536,78.64234,335.28,0.37,0.58,2026-05-13,837,N21,VIIRS,n,2.0NRT,297.3,6.7,D
18.80573,78.64587,367,0.37,0.58,2026-05-13,837,N21,VIIRS,h,2.0NRT,298.6,12.11,D
18.80591,78.96387,337.86,0.39,0.59,2026-05-13,837,N21,VIIRS,n,2.0NRT,301.3,3.02,D
18.81114,78.44617,338.11,0.36,0.58,2026-05-13,837,N21,VIIRS,n,2.0NRT,292.19,5.75,D
18.81148,78.44956,345.19,0.36,0.58,2026-05-13,837,N21,VIIRS,n,2.0NRT,291.73,5.87,D
18.8115,78.4487,347.09,0.36,0.57,2026-05-13,837,N21,VIIRS,n,2.0NRT,292.33,7.03,D
18.81186,80.22325,331.35,0.48,0.64,2026-05-13,837,N21,VIIRS,n,2.0NRT,296.37,3.92,D
18.81606,78.44217,332.05,0.36,0.57,2026-05-13,837,N21,VIIRS,n,2.0NRT,291.05,4.75,D
18.81675,78.44897,333.85,0.36,0.58,2026-05-13,837,N21,VIIRS,n,2.0NRT,291.95,2.37,D
18.83711,74.39298,340.21,0.4,0.44,2026-05-13,837,N21,VIIRS,n,2.0NRT,304.01,4.59,D
18.85811,78.98837,331.06,0.39,0.6,2026-05-13,837,N21,VIIRS,l,2.0NRT,301.6,3.39,D
18.85952,78.65894,332.01,0.37,0.58,2026-05-13,837,N21,VIIRS,n,2.0NRT,295.99,1.47,D
18.86077,78.51339,330.17,0.37,0.58,2026-05-13,837,N21,VIIRS,n,2.0NRT,291.65,1.04,D
18.87135,79.00912,331.95,0.39,0.6,2026-05-13,837,N21,VIIRS,n,2.0NRT,300.45,2.65,D
18.92342,83.41434,337.31,0.78,0.78,2026-05-13,837,N21,VIIRS,n,2.0NRT,294.89,10.45,D
18.92663,73.77056,347.44,0.55,0.42,2026-05-13,837,N21,VIIRS,n,2.0NRT,305.51,12.22,D
18.93176,73.6244,338.34,0.54,0.42,2026-05-13,837,N21,VIIRS,n,2.0NRT,306.37,3.5,D
18.93756,78.83545,338.57,0.39,0.59,2026-05-13,837,N21,VIIRS,n,2.0NRT,301.06,2.92,D
18.94226,73.80058,333.15,0.55,0.43,2026-05-13,837,N21,VIIRS,l,2.0NRT,303.33,2.15,D
18.94284,78.03044,354.55,0.34,0.56,2026-05-13,837,N21,VIIRS,n,2.0NRT,291.65,4.65,D
18.94542,78.45776,342.17,0.36,0.58,2026-05-13,837,N21,VIIRS,n,2.0NRT,295.36,3.13,D
18.94797,78.02979,332.7,0.34,0.56,2026-05-13,837,N21,VIIRS,n,2.0NRT,289.95,4.65,D
18.94832,78.03303,337.27,0.34,0.56,2026-05-13,837,N21,VIIRS,n,2.0NRT,290.39,4.65,D
18.96185,77.96643,345,0.34,0.56,2026-05-13,837,N21,VIIRS,n,2.0NRT,295.42,6.59,D
19.002,77.97268,347.07,0.34,0.56,2026-05-13,837,N21,VIIRS,n,2.0NRT,291.53,4.06,D
19.00711,77.97205,336.82,0.34,0.56,2026-05-13,837,N21,VIIRS,n,2.0NRT,291.99,4.06,D
19.0746,73.83709,337.73,0.55,0.43,2026-05-13,837,N21,VIIRS,l,2.0NRT,308.77,5.18,D
19.07521,73.84188,339.62,0.55,0.43,2026-05-13,837,N21,VIIRS,l,2.0NRT,310.34,7.69,D
19.07886,78.10786,335.69,0.35,0.56,2026-05-13,837,N21,VIIRS,n,2.0NRT,303.71,3.44,D
19.10014,77.99106,350.09,0.34,0.56,2026-05-13,837,N21,VIIRS,n,2.0NRT,304.78,4.56,D
19.10054,74.27188,337.08,0.39,0.44,2026-05-13,837,N21,VIIRS,n,2.0NRT,303.59,8.42,D
19.1175,73.3875,332.6,0.52,0.42,2026-05-13,837,N21,VIIRS,n,2.0NRT,301.27,3.21,D
19.13088,78.29097,341.45,0.36,0.57,2026-05-13,837,N21,VIIRS,n,2.0NRT,302.54,5.17,D
19.14153,77.98933,336.65,0.34,0.56,2026-05-13,837,N21,VIIRS,n,2.0NRT,304.37,6.01,D
19.14701,77.99197,339.14,0.34,0.56,2026-05-13,837,N21,VIIRS,n,2.0NRT,305.84,5.9,D
19.15316,73.15926,335.84,0.51,0.41,2026-05-13,837,N21,VIIRS,n,2.0NRT,304.43,5.59,D
19.16417,78.89985,341.15,0.39,0.59,2026-05-13,837,N21,VIIRS,n,2.0NRT,300.35,4.24,D
19.17199,77.98247,338.52,0.34,0.56,2026-05-13,837,N21,VIIRS,n,2.0NRT,303.84,6.36,D
19.17234,77.98568,350.53,0.34,0.56,2026-05-13,837,N21,VIIRS,n,2.0NRT,304.17,6.36,D
19.17496,77.98382,339.53,0.34,0.56,2026-05-13,837,N21,VIIRS,n,2.0NRT,304.21,6.67,D
19.18334,73.03161,347.61,0.5,0.41,2026-05-13,837,N21,VIIRS,n,2.0NRT,302.45,7.73,D
19.20846,73.53001,339.69,0.53,0.42,2026-05-13,837,N21,VIIRS,n,2.0NRT,306.77,8.8,D
19.2214,74.85164,340.2,0.43,0.46,2026-05-13,837,N21,VIIRS,l,2.0NRT,310.53,8.36,D
19.26763,74.07372,337.87,0.38,0.43,2026-05-13,837,N21,VIIRS,n,2.0NRT,306.66,7.39,D
19.27103,77.91012,342.94,0.34,0.56,2026-05-13,837,N21,VIIRS,n,2.0NRT,302.65,8.36,D
19.34157,78.37313,336.87,0.36,0.58,2026-05-13,837,N21,VIIRS,n,2.0NRT,302.45,23.91,D
19.34192,78.37659,367,0.36,0.58,2026-05-13,837,N21,VIIRS,h,2.0NRT,306.27,12.99,D
19.34226,78.38007,336.99,0.36,0.58,2026-05-13,837,N21,VIIRS,n,2.0NRT,302.78,12.99,D
19.3472,78.37601,339.91,0.36,0.58,2026-05-13,837,N21,VIIRS,n,2.0NRT,303.9,12.99,D
19.36932,76.73853,343.19,0.57,0.52,2026-05-13,837,N21,VIIRS,n,2.0NRT,308.49,27.72,D
19.36979,71.35425,333.36,0.42,0.38,2026-05-13,837,N21,VIIRS,n,2.0NRT,298.86,9.5,D
19.37529,73.26082,335.59,0.52,0.41,2026-05-13,837,N21,VIIRS,n,2.0NRT,304.33,4.3,D
19.38628,76.40559,351.19,0.54,0.51,2026-05-13,837,N21,VIIRS,n,2.0NRT,307.26,26.91,D
19.38709,78.61357,347.16,0.38,0.59,2026-05-13,837,N21,VIIRS,n,2.0NRT,303.76,8.04,D
19.44396,78.53417,336.5,0.37,0.58,2026-05-13,837,N21,VIIRS,n,2.0NRT,302.92,8.13,D
19.48015,74.00542,339.73,0.57,0.43,2026-05-13,837,N21,VIIRS,n,2.0NRT,309.17,8.8,D
19.50095,73.82546,341.8,0.56,0.43,2026-05-13,837,N21,VIIRS,n,2.0NRT,310.47,11.31,D
19.5177,73.5835,340.36,0.54,0.42,2026-05-13,837,N21,VIIRS,n,2.0NRT,309.55,15.85,D
19.53757,73.17276,339.22,0.52,0.41,2026-05-13,837,N21,VIIRS,n,2.0NRT,303.94,8.01,D
19.56892,71.35359,334.84,0.43,0.38,2026-05-13,837,N21,VIIRS,n,2.0NRT,300.01,16.35,D
19.58813,73.23486,334.43,0.52,0.41,2026-05-13,837,N21,VIIRS,n,2.0NRT,303.47,4.5,D
19.59126,80.92343,334.39,0.54,0.68,2026-05-13,837,N21,VIIRS,n,2.0NRT,293.82,4.9,D
19.59321,73.99127,336.07,0.38,0.43,2026-05-13,837,N21,VIIRS,l,2.0NRT,307.61,7.08,D
19.61222,73.24374,333.34,0.52,0.42,2026-05-13,837,N21,VIIRS,l,2.0NRT,303.68,2.75,D
19.61915,78.12297,333.66,0.35,0.57,2026-05-13,837,N21,VIIRS,n,2.0NRT,303.65,4.26,D
19.63309,83.02928,336.7,0.75,0.77,2026-05-13,837,N21,VIIRS,n,2.0NRT,294.17,9.18,D
19.63464,83.03076,337.63,0.75,0.77,2026-05-13,837,N21,VIIRS,n,2.0NRT,294.41,7.54,D
19.636,82.97292,343.29,0.74,0.76,2026-05-13,837,N21,VIIRS,n,2.0NRT,294.62,10.36,D
19.6372,82.97446,343.85,0.74,0.76,2026-05-13,837,N21,VIIRS,n,2.0NRT,294.56,11.52,D
19.6391,79.76168,335.74,0.45,0.63,2026-05-13,837,N21,VIIRS,n,2.0NRT,301.93,6.29,D
19.63952,79.76604,345.59,0.45,0.63,2026-05-13,837,N21,VIIRS,n,2.0NRT,302.22,6.29,D
19.66648,73.06726,340.27,0.51,0.41,2026-05-13,837,N21,VIIRS,n,2.0NRT,305.99,5.95,D
19.70219,75.08661,355.43,0.45,0.47,2026-05-13,837,N21,VIIRS,n,2.0NRT,312.7,17.4,D
19.76661,78.15099,350.68,0.36,0.57,2026-05-13,837,N21,VIIRS,n,2.0NRT,306.89,9.23,D
19.76725,78.15727,367,0.36,0.57,2026-05-13,837,N21,VIIRS,h,2.0NRT,304.32,16.24,D
19.77281,78.15995,343.51,0.36,0.57,2026-05-13,837,N21,VIIRS,n,2.0NRT,302.96,9.87,D
19.77595,77.83533,334.43,0.34,0.56,2026-05-13,837,N21,VIIRS,n,2.0NRT,301.32,6.3,D
19.78454,73.44331,337.43,0.54,0.42,2026-05-13,837,N21,VIIRS,l,2.0NRT,307.73,4.56,D
19.78517,73.44824,336.5,0.54,0.42,2026-05-13,837,N21,VIIRS,l,2.0NRT,307.98,7.62,D
19.81672,79.34253,337.64,0.43,0.62,2026-05-13,837,N21,VIIRS,n,2.0NRT,299.93,7.23,D
19.89368,74.31818,335.36,0.4,0.44,2026-05-13,837,N21,VIIRS,l,2.0NRT,308.64,7.72,D
19.90666,80.70773,343.76,0.53,0.67,2026-05-13,837,N21,VIIRS,n,2.0NRT,298.02,7.12,D
19.92603,79.93921,347.66,0.47,0.64,2026-05-13,837,N21,VIIRS,n,2.0NRT,299.94,6.83,D
20.03749,77.00845,343.8,0.6,0.53,2026-05-13,837,N21,VIIRS,n,2.0NRT,307.09,17.51,D
20.08226,74.77663,342.54,0.43,0.46,2026-05-13,837,N21,VIIRS,l,2.0NRT,316.5,3.1,D
20.15193,79.89933,335.4,0.47,0.64,2026-05-13,837,N21,VIIRS,n,2.0NRT,300.86,3.95,D
20.2179,75.00912,343.12,0.45,0.47,2026-05-13,837,N21,VIIRS,l,2.0NRT,315.3,10.69,D
20.24327,75.52828,345.36,0.48,0.48,2026-05-13,837,N21,VIIRS,l,2.0NRT,315.56,15.96,D
20.2438,75.53301,342.78,0.49,0.48,2026-05-13,837,N21,VIIRS,l,2.0NRT,313.97,15.96,D
20.27775,75.20009,340.78,0.46,0.47,2026-05-13,837,N21,VIIRS,l,2.0NRT,313.4,7.59,D
20.32715,75.24687,341.71,0.47,0.47,2026-05-13,837,N21,VIIRS,l,2.0NRT,313.78,9.47,D
20.33031,75.08678,341.26,0.46,0.47,2026-05-13,837,N21,VIIRS,l,2.0NRT,313.13,8.37,D
20.33083,75.09112,347.77,0.46,0.47,2026-05-13,837,N21,VIIRS,n,2.0NRT,312,10.16,D
20.33468,75.08674,338.45,0.46,0.47,2026-05-13,837,N21,VIIRS,l,2.0NRT,311.97,6.73,D
20.33517,75.09088,352.98,0.46,0.47,2026-05-13,837,N21,VIIRS,n,2.0NRT,314.48,11.5,D
20.36766,75.719,344.74,0.5,0.49,2026-05-13,837,N21,VIIRS,n,2.0NRT,314.41,19.62,D
20.37044,75.95043,346.03,0.52,0.5,2026-05-13,837,N21,VIIRS,n,2.0NRT,315.01,16.53,D
20.37316,76.06049,346.04,0.53,0.5,2026-05-13,837,N21,VIIRS,n,2.0NRT,312.74,20.11,D
20.3733,76.06311,341.85,0.53,0.5,2026-05-13,837,N21,VIIRS,l,2.0NRT,311.98,24.23,D
20.40238,74.45365,346.32,0.42,0.45,2026-05-13,837,N21,VIIRS,n,2.0NRT,315.75,20.87,D
20.42129,78.25584,344.21,0.37,0.58,2026-05-13,837,N21,VIIRS,n,2.0NRT,303.4,11.12,D
20.42166,78.25954,348.17,0.37,0.58,2026-05-13,837,N21,VIIRS,n,2.0NRT,303.71,10.44,D
20.44415,76.11224,345.47,0.53,0.5,2026-05-13,837,N21,VIIRS,n,2.0NRT,313.37,22.2,D
20.47971,75.29179,353.94,0.47,0.48,2026-05-13,837,N21,VIIRS,n,2.0NRT,316.62,19.5,D
20.48409,75.29134,347.91,0.47,0.48,2026-05-13,837,N21,VIIRS,n,2.0NRT,316.21,14.72,D
20.4847,75.28825,347.88,0.47,0.48,2026-05-13,837,N21,VIIRS,n,2.0NRT,315.63,15.08,D
20.53684,79.22622,343.26,0.43,0.62,2026-05-13,837,N21,VIIRS,n,2.0NRT,303.04,10.32,D
20.55395,79.66331,341.99,0.46,0.63,2026-05-13,837,N21,VIIRS,n,2.0NRT,300.31,6.51,D
20.55456,75.2028,342.49,0.47,0.47,2026-05-13,837,N21,VIIRS,l,2.0NRT,314.21,11.76,D
20.59006,74.04539,347.6,0.4,0.44,2026-05-13,837,N21,VIIRS,n,2.0NRT,310.36,13.61,D
20.62557,72.89734,330.82,0.51,0.41,2026-05-13,837,N21,VIIRS,l,2.0NRT,304.13,4.04,D
20.62861,72.89464,332.38,0.51,0.41,2026-05-13,837,N21,VIIRS,l,2.0NRT,304.44,4.39,D
20.63134,74.65356,344.84,0.43,0.46,2026-05-13,837,N21,VIIRS,n,2.0NRT,310.88,15.44,D
20.63198,74.65122,345.03,0.43,0.46,2026-05-13,837,N21,VIIRS,n,2.0NRT,312.58,11.34,D
20.66342,76.73022,341.18,0.59,0.53,2026-05-13,837,N21,VIIRS,l,2.0NRT,312.53,21.03,D
20.70963,73.61491,336.37,0.56,0.43,2026-05-13,837,N21,VIIRS,l,2.0NRT,306.63,5.79,D
20.71965,73.56786,333.74,0.56,0.43,2026-05-13,837,N21,VIIRS,l,2.0NRT,305.94,1.84,D
20.72322,73.56452,340.59,0.56,0.43,2026-05-13,837,N21,VIIRS,n,2.0NRT,305.71,8.67,D
20.72358,73.56731,338.35,0.56,0.43,2026-05-13,837,N21,VIIRS,n,2.0NRT,306.16,5.32,D
20.73251,74.02669,343.99,0.4,0.44,2026-05-13,837,N21,VIIRS,n,2.0NRT,307.33,6.8,D
20.74843,73.67309,337.74,0.57,0.43,2026-05-13,837,N21,VIIRS,n,2.0NRT,306.63,6.61,D
20.75681,74.22613,344.13,0.41,0.45,2026-05-13,837,N21,VIIRS,n,2.0NRT,309.36,6.63,D
20.81429,74.49229,341.85,0.42,0.46,2026-05-13,837,N21,VIIRS,n,2.0NRT,311.66,11.89,D
20.8148,74.49652,341.53,0.42,0.46,2026-05-13,837,N21,VIIRS,l,2.0NRT,312.97,11.5,D
20.81692,74.47916,345.85,0.42,0.45,2026-05-13,837,N21,VIIRS,n,2.0NRT,314.71,10.69,D
20.81854,74.49242,346.98,0.42,0.46,2026-05-13,837,N21,VIIRS,n,2.0NRT,314.67,13.68,D
20.83263,82.75499,335.41,0.74,0.76,2026-05-13,837,N21,VIIRS,n,2.0NRT,292.9,6.65,D
20.84145,74.03629,346.62,0.4,0.44,2026-05-13,837,N21,VIIRS,n,2.0NRT,308.33,8.71,D
20.84895,73.99695,333.91,0.4,0.44,2026-05-13,837,N21,VIIRS,l,2.0NRT,305.9,5.15,D
20.85499,76.42899,344.17,0.56,0.52,2026-05-13,837,N21,VIIRS,n,2.0NRT,311.5,3.61,D
20.87016,73.89024,345.05,0.39,0.44,2026-05-13,837,N21,VIIRS,n,2.0NRT,309.57,9.45,D
20.90901,71.45974,335.34,0.44,0.39,2026-05-13,837,N21,VIIRS,l,2.0NRT,307.55,4.66,D
20.94165,75.97643,345.77,0.53,0.5,2026-05-13,837,N21,VIIRS,l,2.0NRT,316.33,46.2,D
20.94315,75.46394,341.95,0.49,0.49,2026-05-13,837,N21,VIIRS,l,2.0NRT,314.45,4.27,D
20.94686,75.46519,341.24,0.49,0.49,2026-05-13,837,N21,VIIRS,l,2.0NRT,314.25,3.45,D
21.00962,75.34384,342.79,0.48,0.48,2026-05-13,837,N21,VIIRS,l,2.0NRT,312.84,1.79,D
21.01105,75.63515,345.76,0.5,0.49,2026-05-13,837,N21,VIIRS,l,2.0NRT,316.51,21.67,D
21.10103,72.63526,338.2,0.5,0.41,2026-05-13,837,N21,VIIRS,n,2.0NRT,307.26,3.46,D
21.10477,72.63472,334.57,0.5,0.41,2026-05-13,837,N21,VIIRS,l,2.0NRT,305.08,3.46,D
21.10601,72.64434,339.31,0.5,0.41,2026-05-13,837,N21,VIIRS,n,2.0NRT,308.76,14.43,D
21.12468,76.32319,343.77,0.56,0.51,2026-05-13,837,N21,VIIRS,n,2.0NRT,312.16,10.86,D
21.15968,76.59994,339.41,0.58,0.52,2026-05-13,837,N21,VIIRS,n,2.0NRT,308.71,4.04,D
21.15988,76.60073,338.85,0.58,0.52,2026-05-13,837,N21,VIIRS,n,2.0NRT,308.5,10.8,D
21.16431,78.2382,337.73,0.37,0.58,2026-05-13,837,N21,VIIRS,n,2.0NRT,305.43,7.66,D
21.16446,76.59906,334.92,0.58,0.52,2026-05-13,837,N21,VIIRS,l,2.0NRT,307.58,4.04,D
21.17029,74.50825,342.97,0.43,0.46,2026-05-13,837,N21,VIIRS,n,2.0NRT,312.2,16.91,D
21.24071,74.1883,339.08,0.41,0.45,2026-05-13,837,N21,VIIRS,l,2.0NRT,310.61,3.84,D
21.24738,74.40648,346.56,0.42,0.46,2026-05-13,837,N21,VIIRS,n,2.0NRT,312.84,17.06,D
21.24855,79.20724,347.35,0.43,0.62,2026-05-13,837,N21,VIIRS,n,2.0NRT,307.05,8.85,D
21.24883,74.40378,344.54,0.42,0.46,2026-05-13,837,N21,VIIRS,n,2.0NRT,312.21,21.1,D
21.2842,76.72756,341.74,0.6,0.53,2026-05-13,837,N21,VIIRS,n,2.0NRT,311.2,6.92,D
21.28478,76.73334,342.77,0.6,0.53,2026-05-13,837,N21,VIIRS,n,2.0NRT,310.77,6.92,D
21.28567,76.72883,350.08,0.6,0.53,2026-05-13,837,N21,VIIRS,n,2.0NRT,312.94,12.98,D
21.3087,78.70243,350.71,0.4,0.6,2026-05-13,837,N21,VIIRS,n,2.0NRT,307.61,12.87,D
21.30906,78.70629,367,0.4,0.6,2026-05-13,837,N21,VIIRS,h,2.0NRT,307.55,12.87,D
21.32492,78.69704,340.47,0.4,0.6,2026-05-13,837,N21,VIIRS,n,2.0NRT,290.52,5.36,D
21.33361,79.36504,336.29,0.45,0.63,2026-05-13,837,N21,VIIRS,n,2.0NRT,300.73,7.62,D
21.34349,76.82543,337.27,0.61,0.53,2026-05-13,837,N21,VIIRS,l,2.0NRT,310.96,14.09,D
21.3484,76.82506,345.12,0.61,0.53,2026-05-13,837,N21,VIIRS,n,2.0NRT,312.38,13.86,D
21.35007,73.65551,342.29,0.38,0.43,2026-05-13,837,N21,VIIRS,n,2.0NRT,305.89,2.93,D
21.38164,73.04807,343.18,0.53,0.42,2026-05-13,837,N21,VIIRS,n,2.0NRT,305.42,6.83,D
21.3965,76.53987,343.49,0.58,0.52,2026-05-13,837,N21,VIIRS,n,2.0NRT,307.73,10.92,D
21.39707,76.54537,344.54,0.58,0.52,2026-05-13,837,N21,VIIRS,n,2.0NRT,309.15,13.64,D
21.40134,76.53963,347.59,0.58,0.52,2026-05-13,837,N21,VIIRS,n,2.0NRT,308.34,10.92,D
21.40191,76.54519,346.63,0.58,0.52,2026-05-13,837,N21,VIIRS,n,2.0NRT,308.42,13.64,D
21.41286,70.46544,338.36,0.41,0.37,2026-05-13,837,N21,VIIRS,l,2.0NRT,312.79,6.17,D
21.4483,71.57831,350.58,0.45,0.39,2026-05-13,837,N21,VIIRS,n,2.0NRT,318.97,13.03,D
21.4584,72.65399,349.1,0.51,0.41,2026-05-13,837,N21,VIIRS,n,2.0NRT,308.9,5.84,D
21.45881,72.65137,334.9,0.51,0.41,2026-05-13,837,N21,VIIRS,n,2.0NRT,304.44,2.63,D
21.46215,72.65345,331.33,0.51,0.41,2026-05-13,837,N21,VIIRS,l,2.0NRT,305.15,5.84,D
21.48059,73.42066,336.16,0.56,0.43,2026-05-13,837,N21,VIIRS,l,2.0NRT,308.08,6.03,D
21.49564,73.54502,337.42,0.57,0.43,2026-05-13,837,N21,VIIRS,l,2.0NRT,308.63,9.04,D
21.51649,77.17538,337.79,0.32,0.55,2026-05-13,837,N21,VIIRS,l,2.0NRT,311.66,5.84,D
21.54326,73.94405,343.29,0.4,0.44,2026-05-13,837,N21,VIIRS,n,2.0NRT,307.1,7.9,D
21.55233,71.01546,349.43,0.43,0.38,2026-05-13,837,N21,VIIRS,l,2.0NRT,319.43,7.16,D
21.55289,71.01958,342.3,0.43,0.38,2026-05-13,837,N21,VIIRS,l,2.0NRT,316.9,7.16,D
21.57256,71.31996,345.44,0.44,0.39,2026-05-13,837,N21,VIIRS,l,2.0NRT,317.25,2.04,D
21.57758,69.92274,348.62,0.4,0.37,2026-05-13,837,N21,VIIRS,n,2.0NRT,318.39,3.87,D
21.63491,77.44349,343.83,0.34,0.56,2026-05-13,837,N21,VIIRS,n,2.0NRT,311.2,6.12,D
21.6497,77.80803,346.21,0.36,0.57,2026-05-13,837,N21,VIIRS,n,2.0NRT,304.5,7.57,D
21.65512,77.09257,334.79,0.32,0.54,2026-05-13,837,N21,VIIRS,n,2.0NRT,308.4,6.89,D
21.65546,77.09574,367,0.32,0.54,2026-05-13,837,N21,VIIRS,h,2.0NRT,310.87,6.89,D
21.65558,77.09104,337.89,0.32,0.55,2026-05-13,837,N21,VIIRS,n,2.0NRT,308.83,5.91,D
21.6559,77.09424,367,0.32,0.55,2026-05-13,837,N21,VIIRS,h,2.0NRT,310.65,5.91,D
21.66501,77.08418,344.68,0.32,0.54,2026-05-13,837,N21,VIIRS,n,2.0NRT,311.14,4.09,D
21.66532,77.08731,337.06,0.32,0.54,2026-05-13,837,N21,VIIRS,l,2.0NRT,309.46,4.09,D
21.66566,73.07374,337.67,0.54,0.42,2026-05-13,837,N21,VIIRS,n,2.0NRT,306.3,3.66,D
21.69589,76.79718,342.66,0.61,0.53,2026-05-13,837,N21,VIIRS,n,2.0NRT,312.07,18.95,D
21.70789,73.68806,334.82,0.39,0.44,2026-05-13,837,N21,VIIRS,l,2.0NRT,306.5,3.1,D
21.73281,74.42897,337.57,0.43,0.46,2026-05-13,837,N21,VIIRS,l,2.0NRT,310.52,5.99,D
21.73618,76.25992,342.3,0.56,0.52,2026-05-13,837,N21,VIIRS,l,2.0NRT,314.4,14.01,D
21.81719,72.83176,339.34,0.52,0.42,2026-05-13,837,N21,VIIRS,l,2.0NRT,311.06,4.72,D
21.82695,70.87806,345.09,0.43,0.38,2026-05-13,837,N21,VIIRS,l,2.0NRT,316.22,17.68,D
21.83089,74.49461,338.83,0.44,0.46,2026-05-13,837,N21,VIIRS,l,2.0NRT,309.3,5.75,D
21.83461,74.48972,345.37,0.44,0.46,2026-05-13,837,N21,VIIRS,n,2.0NRT,312.87,11.25,D
21.83509,74.49393,344.75,0.44,0.46,2026-05-13,837,N21,VIIRS,n,2.0NRT,313.92,13.98,D
21.84177,75.4304,343.04,0.5,0.49,2026-05-13,837,N21,VIIRS,l,2.0NRT,315.71,2.77,D
21.87133,77.02208,336.56,0.64,0.54,2026-05-13,837,N21,VIIRS,l,2.0NRT,308.81,5.55,D
21.87259,77.02615,335.08,0.32,0.54,2026-05-13,837,N21,VIIRS,l,2.0NRT,308.13,2.79,D
21.91245,77.12181,353.56,0.32,0.55,2026-05-13,837,N21,VIIRS,n,2.0NRT,311.34,7.4,D
21.92403,76.93738,354.94,0.63,0.54,2026-05-13,837,N21,VIIRS,n,2.0NRT,316.08,26.66,D
21.92464,76.94328,351.2,0.63,0.54,2026-05-13,837,N21,VIIRS,n,2.0NRT,315.68,26.66,D
21.94315,74.46222,347.77,0.44,0.46,2026-05-13,837,N21,VIIRS,n,2.0NRT,313.28,11.17,D
21.94737,74.46165,345.2,0.44,0.46,2026-05-13,837,N21,VIIRS,n,2.0NRT,312.96,14.37,D
21.95349,71.93462,346.33,0.47,0.4,2026-05-13,837,N21,VIIRS,l,2.0NRT,317.64,2.02,D
21.95406,79.02556,346.5,0.43,0.62,2026-05-13,837,N21,VIIRS,n,2.0NRT,298.28,8.19,D
21.95687,79.02575,353.21,0.43,0.62,2026-05-13,837,N21,VIIRS,n,2.0NRT,298.4,7.98,D
22.00376,77.3327,340.17,0.33,0.56,2026-05-13,837,N21,VIIRS,l,2.0NRT,311.1,5.35,D
22.01479,72.83926,352.76,0.53,0.42,2026-05-13,837,N21,VIIRS,n,2.0NRT,312.26,10.83,D
22.01576,76.79276,341.9,0.62,0.54,2026-05-13,837,N21,VIIRS,l,2.0NRT,314.75,25.94,D
22.02997,77.12999,350.77,0.32,0.55,2026-05-13,837,N21,VIIRS,n,2.0NRT,313.92,9.02,D
22.03028,77.13304,349.4,0.32,0.55,2026-05-13,837,N21,VIIRS,n,2.0NRT,312.38,8.46,D
22.03943,76.04892,367,0.55,0.51,2026-05-13,837,N21,VIIRS,h,2.0NRT,317.04,16.07,D
22.05825,76.00372,345.45,0.55,0.51,2026-05-13,837,N21,VIIRS,l,2.0NRT,318.13,6.19,D
22.05937,75.33532,346.42,0.5,0.49,2026-05-13,837,N21,VIIRS,l,2.0NRT,317.12,5.59,D
22.06273,74.06079,339.96,0.41,0.45,2026-05-13,837,N21,VIIRS,n,2.0NRT,309.9,5.76,D
22.06938,73.98412,339.77,0.41,0.45,2026-05-13,837,N21,VIIRS,l,2.0NRT,310.66,8.09,D
22.07304,73.97973,350.55,0.41,0.45,2026-05-13,837,N21,VIIRS,n,2.0NRT,311.5,9.16,D
22.10262,76.41707,343.74,0.58,0.52,2026-05-13,837,N21,VIIRS,l,2.0NRT,315.26,15.69,D
22.10295,76.41763,344.38,0.58,0.52,2026-05-13,837,N21,VIIRS,l,2.0NRT,315.13,14.94,D
22.10743,76.4165,347.37,0.58,0.52,2026-05-13,837,N21,VIIRS,n,2.0NRT,314.76,15.69,D
22.10776,76.41707,345.9,0.58,0.52,2026-05-13,837,N21,VIIRS,n,2.0NRT,314.42,14.94,D
22.11647,77.23618,353.02,0.33,0.55,2026-05-13,837,N21,VIIRS,n,2.0NRT,311.76,5.1,D
22.11677,77.2393,341.86,0.33,0.55,2026-05-13,837,N21,VIIRS,n,2.0NRT,310.36,5.1,D
22.18037,74.39469,344.87,0.44,0.46,2026-05-13,837,N21,VIIRS,n,2.0NRT,312.14,3.51,D
22.18113,72.81603,348.73,0.53,0.42,2026-05-13,837,N21,VIIRS,n,2.0NRT,313.13,14.08,D
22.18176,72.82113,343.16,0.53,0.42,2026-05-13,837,N21,VIIRS,n,2.0NRT,312.06,10.26,D
22.18432,72.81038,351.99,0.53,0.42,2026-05-13,837,N21,VIIRS,n,2.0NRT,314.31,14.08,D
22.18559,72.82057,346.99,0.53,0.42,2026-05-13,837,N21,VIIRS,n,2.0NRT,313.45,10.26,D
22.18734,77.53784,335.8,0.35,0.56,2026-05-13,837,N21,VIIRS,l,2.0NRT,306.83,2.79,D
22.18815,72.80981,343.72,0.53,0.42,2026-05-13,837,N21,VIIRS,n,2.0NRT,313.58,11.22,D
22.19197,72.80927,344.82,0.53,0.42,2026-05-13,837,N21,VIIRS,n,2.0NRT,313.32,11.22,D
22.19261,72.81436,351.51,0.53,0.42,2026-05-13,837,N21,VIIRS,n,2.0NRT,314.27,11.22,D
22.19708,72.8189,346.67,0.53,0.42,2026-05-13,837,N21,VIIRS,n,2.0NRT,314.44,16.19,D
22.22104,76.33831,341.18,0.58,0.52,2026-05-13,837,N21,VIIRS,l,2.0NRT,312.71,13.82,D
22.22576,76.33977,347.92,0.58,0.52,2026-05-13,837,N21,VIIRS,n,2.0NRT,313.37,31.71,D
22.22583,76.33773,347.59,0.58,0.52,2026-05-13,837,N21,VIIRS,n,2.0NRT,312.1,13.82,D
22.27565,76.94164,344.4,0.64,0.54,2026-05-13,837,N21,VIIRS,n,2.0NRT,311.66,15.3,D
22.32488,76.92946,334.14,0.63,0.54,2026-05-13,837,N21,VIIRS,l,2.0NRT,306.36,19.61,D
22.33224,69.73727,344.2,0.4,0.37,2026-05-13,837,N21,VIIRS,l,2.0NRT,318.79,9.88,D
22.35514,77.2351,336.99,0.33,0.55,2026-05-13,837,N21,VIIRS,n,2.0NRT,306.48,2.93,D
22.3609,78.42121,333.06,0.4,0.6,2026-05-13,837,N21,VIIRS,n,2.0NRT,295.48,4.32,D
22.36447,71.54298,345.88,0.46,0.39,2026-05-13,837,N21,VIIRS,l,2.0NRT,318.64,20.4,D
22.36501,77.49784,338.17,0.35,0.56,2026-05-13,837,N21,VIIRS,n,2.0NRT,307.05,4.16,D
22.36566,76.69315,353.92,0.61,0.54,2026-05-13,837,N21,VIIRS,n,2.0NRT,311.66,19.49,D
22.36787,76.69132,345.11,0.61,0.54,2026-05-13,837,N21,VIIRS,n,2.0NRT,311.22,11.1,D
22.36845,76.69723,338.17,0.61,0.54,2026-05-13,837,N21,VIIRS,l,2.0NRT,311.49,11.1,D
22.38024,74.64019,340.27,0.45,0.47,2026-05-13,837,N21,VIIRS,l,2.0NRT,311.86,5.03,D
22.44682,73.74253,342.9,0.4,0.44,2026-05-13,837,N21,VIIRS,n,2.0NRT,310.1,4.48,D
22.47741,79.61904,343.64,0.48,0.65,2026-05-13,837,N21,VIIRS,n,2.0NRT,306.69,10.12,D
22.53045,75.02802,346.26,0.48,0.48,2026-05-13,837,N21,VIIRS,l,2.0NRT,318.38,16.45,D
22.53434,75.02264,345.61,0.48,0.48,2026-05-13,837,N21,VIIRS,l,2.0NRT,319.16,16.45,D
22.53485,75.0273,345.79,0.48,0.48,2026-05-13,837,N21,VIIRS,l,2.0NRT,319.61,16.45,D
22.56959,72.46819,343.16,0.51,0.41,2026-05-13,837,N21,VIIRS,l,2.0NRT,317.13,4.56,D
22.58547,79.43706,337.7,0.47,0.64,2026-05-13,837,N21,VIIRS,l,2.0NRT,309.34,5.6,D
22.58699,75.64296,343.03,0.53,0.5,2026-05-13,837,N21,VIIRS,l,2.0NRT,316.34,29.63,D
22.58743,79.19145,341.28,0.45,0.63,2026-05-13,837,N21,VIIRS,n,2.0NRT,308.48,5.02,D
22.58781,79.19563,337.79,0.45,0.63,2026-05-13,837,N21,VIIRS,l,2.0NRT,308.21,5.02,D
22.58849,79.19259,351.55,0.45,0.63,2026-05-13,837,N21,VIIRS,n,2.0NRT,308.93,9.5,D
22.59717,79.644,340.09,0.48,0.65,2026-05-13,837,N21,VIIRS,l,2.0NRT,310.56,10.13,D
22.65194,78.68408,334.82,0.42,0.61,2026-05-13,837,N21,VIIRS,l,2.0NRT,305.89,1.33,D
22.72654,72.24062,341.77,0.5,0.41,2026-05-13,837,N21,VIIRS,l,2.0NRT,316.34,10.58,D
22.75301,70.41232,340.8,0.42,0.38,2026-05-13,837,N21,VIIRS,l,2.0NRT,313.64,7.93,D
22.81781,80.21251,333.73,0.53,0.67,2026-05-13,837,N21,VIIRS,l,2.0NRT,308.71,3.34,D
22.82329,79.67686,336.92,0.49,0.65,2026-05-13,837,N21,VIIRS,l,2.0NRT,310.53,5.91,D
22.92001,77.14166,347.04,0.33,0.55,2026-05-13,837,N21,VIIRS,n,2.0NRT,307.01,7.01,D
23.0046,72.3392,340.87,0.51,0.41,2026-05-13,837,N21,VIIRS,l,2.0NRT,314.63,9.14,D
23.04264,77.92258,355.66,0.38,0.58,2026-05-13,837,N21,VIIRS,n,2.0NRT,312.24,11.21,D
23.04297,77.92615,350.26,0.38,0.58,2026-05-13,837,N21,VIIRS,n,2.0NRT,310.13,11.21,D
23.05831,77.91631,339.69,0.38,0.58,2026-05-13,837,N21,VIIRS,n,2.0NRT,309.4,4.47,D
23.0862,73.54757,341.84,0.4,0.44,2026-05-13,837,N21,VIIRS,n,2.0NRT,309.09,3.14,D
23.08705,73.54855,338.73,0.4,0.44,2026-05-13,837,N21,VIIRS,n,2.0NRT,308.75,3.7,D
23.26054,77.24598,346.04,0.34,0.56,2026-05-13,837,N21,VIIRS,n,2.0NRT,313.92,13.04,D
23.26281,77.24504,344.07,0.34,0.56,2026-05-13,837,N21,VIIRS,n,2.0NRT,311.74,10.51,D
23.28792,78.04527,352.49,0.39,0.59,2026-05-13,837,N21,VIIRS,n,2.0NRT,308.28,8.29,D
23.41376,78.65886,335.85,0.42,0.61,2026-05-13,837,N21,VIIRS,n,2.0NRT,305.69,6.66,D
23.46015,77.21542,344.07,0.34,0.56,2026-05-13,837,N21,VIIRS,n,2.0NRT,310.74,8.98,D
23.47814,79.3025,339.97,0.47,0.64,2026-05-13,837,N21,VIIRS,n,2.0NRT,305.97,6.51,D
23.52673,80.00455,337.97,0.52,0.67,2026-05-13,837,N21,VIIRS,n,2.0NRT,305.65,4.93,D
23.65051,78.16972,339.15,0.4,0.6,2026-05-13,837,N21,VIIRS,l,2.0NRT,311.42,10.49,D
23.71777,78.93538,343.8,0.44,0.63,2026-05-13,837,N21,VIIRS,n,2.0NRT,311.36,11.26,D
23.71924,78.93612,340.39,0.45,0.63,2026-05-13,837,N21,VIIRS,l,2.0NRT,310.59,11.75,D
23.75826,79.27534,342.74,0.47,0.64,2026-05-13,837,N21,VIIRS,n,2.0NRT,308.76,12.31,D
23.86491,80.5312,346.2,0.57,0.69,2026-05-13,837,N21,VIIRS,n,2.0NRT,306.03,6.89,D
22.83933,69.32029,345.63,0.39,0.36,2026-05-13,839,N21,VIIRS,n,2.0NRT,310.08,5,D
22.92447,70.11002,339,0.41,0.37,2026-05-13,839,N21,VIIRS,l,2.0NRT,312.82,9.18,D
22.94095,69.89688,343.61,0.41,0.37,2026-05-13,839,N21,VIIRS,l,2.0NRT,316.06,10.79,D
22.99667,70.8961,339.88,0.44,0.38,2026-05-13,839,N21,VIIRS,l,2.0NRT,314.3,1.55,D
23.07195,72.38213,341.53,0.51,0.41,2026-05-13,839,N21,VIIRS,l,2.0NRT,314.13,9.69,D
23.07256,72.38712,337.07,0.51,0.41,2026-05-13,839,N21,VIIRS,l,2.0NRT,311.48,5.62,D
23.0791,71.63879,344.85,0.47,0.4,2026-05-13,839,N21,VIIRS,l,2.0NRT,317.06,14.54,D
23.12101,70.08737,345.76,0.41,0.37,2026-05-13,839,N21,VIIRS,n,2.0NRT,315.32,6.66,D
23.19129,68.86871,340.66,0.39,0.36,2026-05-13,839,N21,VIIRS,l,2.0NRT,314.68,4.36,D
23.23871,72.07674,345.14,0.5,0.41,2026-05-13,839,N21,VIIRS,n,2.0NRT,313.47,2.4,D
23.28035,72.01645,344.32,0.49,0.41,2026-05-13,839,N21,VIIRS,l,2.0NRT,316.24,6.46,D
23.32579,73.61014,353.26,0.4,0.44,2026-05-13,839,N21,VIIRS,n,2.0NRT,313.02,18.07,D
23.33679,68.97961,339.44,0.39,0.36,2026-05-13,839,N21,VIIRS,l,2.0NRT,313.58,5.99,D
23.38429,74.90685,346.35,0.49,0.48,2026-05-13,839,N21,VIIRS,l,2.0NRT,319.45,20.5,D
23.40398,69.37112,342.07,0.4,0.37,2026-05-13,839,N21,VIIRS,l,2.0NRT,315.18,7.01,D
23.45908,74.85597,345.13,0.48,0.48,2026-05-13,839,N21,VIIRS,l,2.0NRT,317,6.49,D
23.54846,69.12658,340.65,0.39,0.36,2026-05-13,839,N21,VIIRS,l,2.0NRT,314.93,7.9,D
23.58395,69.11274,341.88,0.39,0.36,2026-05-13,839,N21,VIIRS,l,2.0NRT,314.74,11.25,D
23.58694,69.11295,347.64,0.39,0.36,2026-05-13,839,N21,VIIRS,n,2.0NRT,317.55,17.94,D
23.59787,69.20854,344.14,0.4,0.37,2026-05-13,839,N21,VIIRS,l,2.0NRT,317.61,9.62,D
23.59843,69.21239,350.71,0.4,0.37,2026-05-13,839,N21,VIIRS,n,2.0NRT,318.43,9.62,D
23.60065,69.20884,344.75,0.4,0.37,2026-05-13,839,N21,VIIRS,l,2.0NRT,317.33,11.54,D
23.6012,69.21268,353.46,0.4,0.37,2026-05-13,839,N21,VIIRS,n,2.0NRT,319.49,11.54,D
23.61813,74.25999,351.79,0.45,0.47,2026-05-13,839,N21,VIIRS,n,2.0NRT,312.83,14.49,D
23.62152,72.12143,346.88,0.51,0.41,2026-05-13,839,N21,VIIRS,l,2.0NRT,318.56,4.05,D
23.63465,77.36259,346.14,0.35,0.57,2026-05-13,839,N21,VIIRS,l,2.0NRT,317.22,14.21,D
23.70697,74.32863,345.15,0.45,0.47,2026-05-13,839,N21,VIIRS,n,2.0NRT,313.56,11.18,D
23.70805,74.32726,344.81,0.45,0.47,2026-05-13,839,N21,VIIRS,n,2.0NRT,313.96,10.68,D
23.71598,78.34045,342.7,0.41,0.6,2026-05-13,839,N21,VIIRS,l,2.0NRT,314.38,11.14,D
23.72738,74.00695,338.83,0.43,0.46,2026-05-13,839,N21,VIIRS,l,2.0NRT,311.66,6.7,D
23.73371,76.9543,344.03,0.33,0.55,2026-05-13,839,N21,VIIRS,l,2.0NRT,318.09,17.08,D
23.74217,69.29545,340.85,0.4,0.37,2026-05-13,839,N21,VIIRS,l,2.0NRT,315.46,9.7,D
23.75746,79.2767,349.62,0.47,0.64,2026-05-13,839,N21,VIIRS,n,2.0NRT,308.53,12.94,D
23.78122,78.57494,367,0.42,0.61,2026-05-13,839,N21,VIIRS,h,2.0NRT,318.72,63.32,D
23.78876,76.73421,343.72,0.32,0.55,2026-05-13,839,N21,VIIRS,l,2.0NRT,318.16,14.24,D
23.83337,74.03231,341.16,0.43,0.46,2026-05-13,839,N21,VIIRS,l,2.0NRT,313.97,9.78,D
23.83802,74.8039,340.65,0.48,0.48,2026-05-13,839,N21,VIIRS,l,2.0NRT,314.33,10.48,D
23.83853,74.80853,345.6,0.48,0.48,2026-05-13,839,N21,VIIRS,n,2.0NRT,315.45,10.48,D
23.86187,80.53447,339.2,0.57,0.69,2026-05-13,839,N21,VIIRS,n,2.0NRT,304.95,9.14,D
23.8773,73.85976,344.16,0.42,0.45,2026-05-13,839,N21,VIIRS,n,2.0NRT,313.35,1.45,D
23.89578,74.63686,342.36,0.47,0.48,2026-05-13,839,N21,VIIRS,l,2.0NRT,314.29,3.43,D
23.89629,74.64159,341.96,0.47,0.48,2026-05-13,839,N21,VIIRS,l,2.0NRT,313.22,3.43,D
23.89969,74.63197,344.61,0.47,0.48,2026-05-13,839,N21,VIIRS,l,2.0NRT,314.86,7.52,D
23.90355,74.34868,341.95,0.45,0.47,2026-05-13,839,N21,VIIRS,l,2.0NRT,313.59,3.36,D
23.9213,74.08713,345.13,0.44,0.46,2026-05-13,839,N21,VIIRS,n,2.0NRT,313.93,11.02,D
23.92177,74.09139,345.83,0.44,0.46,2026-05-13,839,N21,VIIRS,n,2.0NRT,313.03,11.02,D
23.93117,78.05521,367,0.39,0.59,2026-05-13,839,N21,VIIRS,h,2.0NRT,305.19,13.15,D
23.93131,72.06772,338.54,0.51,0.41,2026-05-13,839,N21,VIIRS,l,2.0NRT,313.27,2.93,D
23.93286,74.3761,350.56,0.46,0.47,2026-05-13,839,N21,VIIRS,n,2.0NRT,314.28,4.48,D
23.93338,74.38061,338.76,0.46,0.47,2026-05-13,839,N21,VIIRS,l,2.0NRT,312.83,4.48,D
23.93513,74.3736,352.39,0.46,0.47,2026-05-13,839,N21,VIIRS,n,2.0NRT,314.97,7.05,D
23.93561,74.37805,350.05,0.46,0.47,2026-05-13,839,N21,VIIRS,n,2.0NRT,313.32,6.93,D
23.93589,74.10251,343.73,0.44,0.46,2026-05-13,839,N21,VIIRS,n,2.0NRT,310.73,15.58,D
23.93716,74.37546,341.54,0.46,0.47,2026-05-13,839,N21,VIIRS,l,2.0NRT,314.41,4.48,D
23.94122,80.74937,338.84,0.59,0.7,2026-05-13,839,N21,VIIRS,n,2.0NRT,308.74,60.07,D
23.94163,80.75513,367,0.59,0.7,2026-05-13,839,N21,VIIRS,h,2.0NRT,302.95,60.07,D
23.9615,77.33224,337.92,0.35,0.57,2026-05-13,839,N21,VIIRS,l,2.0NRT,311.21,11.41,D
23.96192,74.143,338.65,0.44,0.46,2026-05-13,839,N21,VIIRS,l,2.0NRT,312.41,1.52,D
23.97959,74.54191,341.08,0.47,0.48,2026-05-13,839,N21,VIIRS,l,2.0NRT,314.78,1.62,D
23.98448,73.36498,338.35,0.4,0.44,2026-05-13,839,N21,VIIRS,l,2.0NRT,312.07,7.18,D
24.0714,80.74178,345.61,0.59,0.7,2026-05-13,839,N21,VIIRS,n,2.0NRT,304.66,15.74,D
24.07296,80.73888,343.29,0.59,0.7,2026-05-13,839,N21,VIIRS,n,2.0NRT,304.51,11.71,D
24.10599,74.31592,343.2,0.45,0.47,2026-05-13,839,N21,VIIRS,l,2.0NRT,315.78,9.55,D
24.10947,77.67358,345.39,0.37,0.58,2026-05-13,839,N21,VIIRS,n,2.0NRT,316.81,12.88,D
24.10981,77.67734,367,0.37,0.58,2026-05-13,839,N21,VIIRS,h,2.0NRT,318.82,12.88,D
24.12815,74.28044,347.49,0.45,0.47,2026-05-13,839,N21,VIIRS,n,2.0NRT,316.05,11.68,D
24.15309,75.80109,345.97,0.56,0.52,2026-05-13,839,N21,VIIRS,l,2.0NRT,320.32,25.49,D
24.16583,76.64728,342.9,0.32,0.55,2026-05-13,839,N21,VIIRS,l,2.0NRT,316.46,14.07,D
24.20526,78.85523,349.94,0.45,0.63,2026-05-13,839,N21,VIIRS,n,2.0NRT,306.84,10.41,D
24.30397,78.91337,349.33,0.45,0.63,2026-05-13,839,N21,VIIRS,n,2.0NRT,310.72,8.47,D
24.32487,79.02818,344.33,0.46,0.63,2026-05-13,839,N21,VIIRS,n,2.0NRT,312.74,13.45,D
24.37375,78.13862,344.91,0.4,0.6,2026-05-13,839,N21,VIIRS,n,2.0NRT,308.88,7.71,D
24.37409,78.14258,338.09,0.4,0.6,2026-05-13,839,N21,VIIRS,l,2.0NRT,309.8,7.71,D
24.3829,72.78735,348.35,0.56,0.43,2026-05-13,839,N21,VIIRS,n,2.0NRT,317.36,14.58,D
24.39754,71.59998,341.1,0.49,0.4,2026-05-13,839,N21,VIIRS,l,2.0NRT,315.25,6.54,D
24.43398,74.02184,350.96,0.44,0.46,2026-05-13,839,N21,VIIRS,n,2.0NRT,311.15,15.02,D
24.48085,76.59631,348.14,0.32,0.55,2026-05-13,839,N21,VIIRS,n,2.0NRT,313.24,12.04,D
24.48108,76.59654,346.79,0.32,0.55,2026-05-13,839,N21,VIIRS,n,2.0NRT,313.58,13.61,D
24.49508,73.6755,344.46,0.42,0.45,2026-05-13,839,N21,VIIRS,n,2.0NRT,316.92,12.29,D
24.49732,73.67767,343.37,0.42,0.45,2026-05-13,839,N21,VIIRS,l,2.0NRT,315.07,12.51,D
24.50789,78.40221,367,0.42,0.61,2026-05-13,839,N21,VIIRS,h,2.0NRT,307.03,9.5,D
24.50971,79.29976,338.81,0.48,0.65,2026-05-13,839,N21,VIIRS,l,2.0NRT,313.41,5.93,D
24.51006,79.30442,349.21,0.48,0.65,2026-05-13,839,N21,VIIRS,n,2.0NRT,314.7,5.93,D
24.51194,79.30218,349.37,0.48,0.65,2026-05-13,839,N21,VIIRS,n,2.0NRT,314.63,14.59,D
24.51232,79.30678,339.36,0.48,0.65,2026-05-13,839,N21,VIIRS,l,2.0NRT,312.65,9.46,D
24.51351,78.40168,367,0.42,0.61,2026-05-13,839,N21,VIIRS,h,2.0NRT,308.76,9.5,D
24.51564,79.29919,342.31,0.48,0.65,2026-05-13,839,N21,VIIRS,l,2.0NRT,312.62,5.93,D
24.52911,80.61044,336.9,0.58,0.7,2026-05-13,839,N21,VIIRS,n,2.0NRT,303.46,10.03,D
24.56919,73.7714,341.22,0.43,0.46,2026-05-13,839,N21,VIIRS,l,2.0NRT,314.9,7.48,D
24.58883,80.41605,338.37,0.57,0.69,2026-05-13,839,N21,VIIRS,n,2.0NRT,304.98,10.22,D
24.60898,77.87969,342.2,0.39,0.59,2026-05-13,839,N21,VIIRS,n,2.0NRT,308.07,2.56,D
24.6195,74.72243,340.07,0.49,0.49,2026-05-13,839,N21,VIIRS,l,2.0NRT,312.29,18.7,D
24.63497,73.7794,342.79,0.43,0.46,2026-05-13,839,N21,VIIRS,n,2.0NRT,310.25,3.2,D
24.66893,80.64948,367,0.59,0.7,2026-05-13,839,N21,VIIRS,h,2.0NRT,306.52,12.81,D
24.67535,80.6489,334.82,0.59,0.7,2026-05-13,839,N21,VIIRS,n,2.0NRT,304.06,12.81,D
24.69552,76.61153,345.08,0.32,0.55,2026-05-13,839,N21,VIIRS,l,2.0NRT,317.53,13.12,D
24.70488,80.79337,335.4,0.6,0.71,2026-05-13,839,N21,VIIRS,n,2.0NRT,294.97,6.45,D
24.70536,80.79086,345.3,0.6,0.71,2026-05-13,839,N21,VIIRS,n,2.0NRT,305.29,13.57,D
24.71096,80.78708,346.55,0.6,0.71,2026-05-13,839,N21,VIIRS,n,2.0NRT,309.17,6.45,D
24.73964,77.84652,335.42,0.39,0.59,2026-05-13,839,N21,VIIRS,l,2.0NRT,308.1,7.69,D
24.74254,77.08417,344.38,0.35,0.56,2026-05-13,839,N21,VIIRS,n,2.0NRT,313.94,11.47,D
24.74916,80.47687,336.07,0.57,0.69,2026-05-13,839,N21,VIIRS,l,2.0NRT,306.08,9.65,D
24.79194,73.69068,337.97,0.43,0.46,2026-05-13,839,N21,VIIRS,l,2.0NRT,312.95,6.24,D
24.81931,79.89716,336.19,0.53,0.67,2026-05-13,839,N21,VIIRS,l,2.0NRT,307.12,3.55,D
24.82548,79.89668,339.52,0.53,0.67,2026-05-13,839,N21,VIIRS,n,2.0NRT,309.32,5.85,D
24.83804,73.87069,345,0.44,0.46,2026-05-13,839,N21,VIIRS,n,2.0NRT,311.02,14.1,D
24.84628,76.99419,343.52,0.34,0.56,2026-05-13,839,N21,VIIRS,l,2.0NRT,316.17,8.31,D
24.89302,75.62596,345.11,0.56,0.52,2026-05-13,839,N21,VIIRS,n,2.0NRT,314.82,27.68,D
24.90087,79.91372,336.89,0.53,0.67,2026-05-13,839,N21,VIIRS,n,2.0NRT,305.56,3.7,D
24.93688,79.41284,336.37,0.49,0.65,2026-05-13,839,N21,VIIRS,l,2.0NRT,308.39,6.17,D
24.94366,80.74177,336.1,0.6,0.7,2026-05-13,839,N21,VIIRS,l,2.0NRT,308.48,3.54,D
24.94409,80.74776,333.39,0.6,0.7,2026-05-13,839,N21,VIIRS,l,2.0NRT,307.91,3.54,D
24.94458,80.74583,336.52,0.6,0.71,2026-05-13,839,N21,VIIRS,l,2.0NRT,308.08,6.11,D
24.98381,73.78839,340.63,0.43,0.46,2026-05-13,839,N21,VIIRS,l,2.0NRT,315.56,9.34,D
25.0114,76.78693,344.54,0.33,0.56,2026-05-13,839,N21,VIIRS,n,2.0NRT,315.38,11.09,D
25.01619,76.78308,367,0.33,0.56,2026-05-13,839,N21,VIIRS,h,2.0NRT,319.53,11.09,D
25.0165,76.78638,344.39,0.33,0.56,2026-05-13,839,N21,VIIRS,n,2.0NRT,314.69,11.09,D
25.02129,76.78255,351.26,0.33,0.56,2026-05-13,839,N21,VIIRS,n,2.0NRT,315.8,15.12,D
25.02337,81.57959,351.93,0.68,0.74,2026-05-13,839,N21,VIIRS,n,2.0NRT,307.08,9.04,D
25.03253,73.19257,346.7,0.4,0.44,2026-05-13,839,N21,VIIRS,l,2.0NRT,316.85,18.28,D
25.05921,80.04655,338.28,0.54,0.68,2026-05-13,839,N21,VIIRS,n,2.0NRT,304.34,6.31,D
25.07772,79.8744,335.16,0.53,0.67,2026-05-13,839,N21,VIIRS,l,2.0NRT,305.92,5.3,D
25.09537,76.16304,342.48,0.61,0.54,2026-05-13,839,N21,VIIRS,l,2.0NRT,313.86,26.3,D
25.0969,81.66221,341.8,0.69,0.74,2026-05-13,839,N21,VIIRS,n,2.0NRT,306.83,8.27,D
25.09834,81.66095,337.25,0.69,0.74,2026-05-13,839,N21,VIIRS,n,2.0NRT,306.34,8.54,D
25.10812,78.99542,347.36,0.46,0.64,2026-05-13,839,N21,VIIRS,n,2.0NRT,310.74,10.58,D
25.10878,78.99353,349.08,0.46,0.64,2026-05-13,839,N21,VIIRS,n,2.0NRT,310.54,10.46,D
25.12174,73.64337,344.31,0.43,0.46,2026-05-13,839,N21,VIIRS,n,2.0NRT,310.61,8.2,D
25.13328,73.13176,338.48,0.4,0.44,2026-05-13,839,N21,VIIRS,l,2.0NRT,312.82,8.32,D
25.13373,73.13568,343.92,0.4,0.44,2026-05-13,839,N21,VIIRS,l,2.0NRT,314.58,8.32,D
25.15784,73.49576,342.3,0.42,0.45,2026-05-13,839,N21,VIIRS,n,2.0NRT,311.13,8.13,D
25.16657,68.50056,339.53,0.39,0.36,2026-05-13,839,N21,VIIRS,l,2.0NRT,313.69,5.54,D
25.17088,76.88279,342.6,0.34,0.56,2026-05-13,839,N21,VIIRS,l,2.0NRT,317.03,1.64,D
25.22929,76.18885,345.84,0.62,0.54,2026-05-13,839,N21,VIIRS,n,2.0NRT,314.69,33.82,D
25.27379,76.6143,344.87,0.33,0.55,2026-05-13,839,N21,VIIRS,l,2.0NRT,315.48,8.24,D
25.28707,73.03537,352.31,0.39,0.44,2026-05-13,839,N21,VIIRS,n,2.0NRT,316.28,7.38,D
25.2882,73.03535,349.85,0.4,0.44,2026-05-13,839,N21,VIIRS,n,2.0NRT,316.05,6.85,D
25.30381,75.18986,343.9,0.53,0.5,2026-05-13,839,N21,VIIRS,n,2.0NRT,312.27,23.62,D
25.30387,75.18578,344.89,0.53,0.5,2026-05-13,839,N21,VIIRS,n,2.0NRT,314.4,20.87,D
25.30944,76.95142,343.7,0.35,0.56,2026-05-13,839,N21,VIIRS,l,2.0NRT,315.57,2.58,D
25.31134,73.13181,344.72,0.4,0.44,2026-05-13,839,N21,VIIRS,l,2.0NRT,317.97,9.49,D
25.3154,73.13125,345.15,0.4,0.44,2026-05-13,839,N21,VIIRS,l,2.0NRT,318.28,9.49,D
25.32302,73.16236,344.31,0.4,0.44,2026-05-13,839,N21,VIIRS,l,2.0NRT,317.85,1.65,D
25.32537,73.07386,344.28,0.4,0.44,2026-05-13,839,N21,VIIRS,l,2.0NRT,318.57,3.3,D
25.33624,69.60268,340.66,0.41,0.37,2026-05-13,839,N21,VIIRS,l,2.0NRT,314.13,2.18,D
25.3467,76.19852,344.89,0.62,0.54,2026-05-13,839,N21,VIIRS,l,2.0NRT,317.01,18.51,D
25.35095,80.66061,339.26,0.6,0.7,2026-05-13,839,N21,VIIRS,n,2.0NRT,308.73,4.84,D
25.35164,80.65822,340.7,0.6,0.7,2026-05-13,839,N21,VIIRS,n,2.0NRT,308.41,3.83,D
25.38929,68.58396,336.25,0.39,0.36,2026-05-13,839,N21,VIIRS,l,2.0NRT,310.19,4.05,D
25.42538,76.33975,345.57,0.63,0.54,2026-05-13,839,N21,VIIRS,l,2.0NRT,317.91,22.63,D
25.42634,76.33952,345.78,0.63,0.54,2026-05-13,839,N21,VIIRS,l,2.0NRT,318.07,19.45,D
25.4382,80.4983,338.58,0.58,0.7,2026-05-13,839,N21,VIIRS,n,2.0NRT,303.19,4.53,D
25.4399,76.66426,342.33,0.33,0.55,2026-05-13,839,N21,VIIRS,l,2.0NRT,315.64,7.5,D
25.44019,76.66756,340.91,0.33,0.55,2026-05-13,839,N21,VIIRS,l,2.0NRT,315.85,7.27,D
25.44149,76.66713,346.48,0.33,0.55,2026-05-13,839,N21,VIIRS,l,2.0NRT,316.52,7.97,D
25.50655,75.49262,345.17,0.56,0.52,2026-05-13,839,N21,VIIRS,n,2.0NRT,313.64,18.67,D
25.58082,78.18063,336.39,0.42,0.61,2026-05-13,839,N21,VIIRS,l,2.0NRT,306.53,8.09,D
25.58187,78.17827,351.89,0.42,0.61,2026-05-13,839,N21,VIIRS,n,2.0NRT,309.58,16.16,D
25.58642,78.18007,338.15,0.42,0.61,2026-05-13,839,N21,VIIRS,n,2.0NRT,307.83,7.1,D
25.63802,78.55257,341.83,0.44,0.62,2026-05-13,839,N21,VIIRS,n,2.0NRT,309.57,9.05,D
25.63846,80.85723,337.68,0.62,0.71,2026-05-13,839,N21,VIIRS,n,2.0NRT,304.86,2.91,D
25.63942,80.85859,335.46,0.62,0.71,2026-05-13,839,N21,VIIRS,n,2.0NRT,304.76,5.13,D
25.69292,78.51657,335.78,0.44,0.62,2026-05-13,839,N21,VIIRS,l,2.0NRT,306.28,6.62,D
25.7057,76.34818,347.6,0.32,0.55,2026-05-13,839,N21,VIIRS,n,2.0NRT,315.93,6.36,D
25.71205,79.74638,334.54,0.53,0.67,2026-05-13,839,N21,VIIRS,l,2.0NRT,308.01,4.1,D
25.71208,79.74584,334.35,0.53,0.67,2026-05-13,839,N21,VIIRS,l,2.0NRT,308.24,3.91,D
25.72274,76.53132,367,0.33,0.55,2026-05-13,839,N21,VIIRS,h,2.0NRT,319.03,10.28,D
25.7309,78.77343,351.16,0.46,0.63,2026-05-13,839,N21,VIIRS,n,2.0NRT,308.22,11.52,D
25.73101,78.77504,344.67,0.46,0.63,2026-05-13,839,N21,VIIRS,n,2.0NRT,308.09,7.74,D
25.74493,80.05004,348.33,0.55,0.68,2026-05-13,839,N21,VIIRS,n,2.0NRT,308.19,9.6,D
25.77124,77.98084,339.35,0.41,0.6,2026-05-13,839,N21,VIIRS,n,2.0NRT,308.87,8.4,D
25.77147,77.98061,337.35,0.41,0.6,2026-05-13,839,N21,VIIRS,l,2.0NRT,308.72,7.42,D
25.79434,79.68377,341.63,0.52,0.67,2026-05-13,839,N21,VIIRS,n,2.0NRT,308.42,6.93,D
25.80048,79.68322,335.15,0.52,0.67,2026-05-13,839,N21,VIIRS,l,2.0NRT,308.85,4.17,D
25.80066,79.68554,335.75,0.52,0.67,2026-05-13,839,N21,VIIRS,l,2.0NRT,308.38,7.35,D
25.82545,80.2655,336.42,0.57,0.69,2026-05-13,839,N21,VIIRS,l,2.0NRT,307.51,5.71,D
25.82937,80.26692,336.7,0.57,0.69,2026-05-13,839,N21,VIIRS,n,2.0NRT,306.13,5.78,D
25.83379,79.54075,344.45,0.51,0.66,2026-05-13,839,N21,VIIRS,n,2.0NRT,309.03,8.67,D
25.85488,79.3263,339.6,0.5,0.65,2026-05-13,839,N21,VIIRS,n,2.0NRT,309.5,5.67,D
25.85709,79.32314,349.94,0.5,0.66,2026-05-13,839,N21,VIIRS,n,2.0NRT,309.22,9.14,D
25.85742,79.32808,336.44,0.5,0.66,2026-05-13,839,N21,VIIRS,l,2.0NRT,308.63,7.53,D
25.85778,78.01298,345.79,0.41,0.61,2026-05-13,839,N21,VIIRS,n,2.0NRT,314.43,12.12,D
25.85868,78.37617,333.22,0.43,0.62,2026-05-13,839,N21,VIIRS,l,2.0NRT,305.09,5.87,D
25.8609,79.32576,337.61,0.5,0.65,2026-05-13,839,N21,VIIRS,l,2.0NRT,308.11,4.27,D
25.863,78.00832,345.3,0.41,0.61,2026-05-13,839,N21,VIIRS,n,2.0NRT,313.3,11.43,D
25.88973,78.77963,335.49,0.46,0.63,2026-05-13,839,N21,VIIRS,l,2.0NRT,306.49,4.28,D
25.89259,78.03652,346.36,0.41,0.61,2026-05-13,839,N21,VIIRS,n,2.0NRT,314.12,7.42,D
25.89355,78.03816,345.02,0.41,0.61,2026-05-13,839,N21,VIIRS,n,2.0NRT,314.26,9.62,D
25.9275,78.58983,354.88,0.45,0.63,2026-05-13,839,N21,VIIRS,n,2.0NRT,308.33,9.08,D
25.92854,78.58852,353.03,0.45,0.63,2026-05-13,839,N21,VIIRS,n,2.0NRT,307.97,8.81,D
25.94912,78.71441,343.67,0.45,0.63,2026-05-13,839,N21,VIIRS,n,2.0NRT,304.7,5.38,D
25.94934,78.71323,342.96,0.45,0.63,2026-05-13,839,N21,VIIRS,n,2.0NRT,304.7,5.47,D
25.94996,78.05143,345.77,0.41,0.61,2026-05-13,839,N21,VIIRS,l,2.0NRT,318.2,20.99,D
25.9503,78.05555,349.52,0.41,0.61,2026-05-13,839,N21,VIIRS,n,2.0NRT,310.21,20.99,D
25.95554,78.05085,343.52,0.41,0.61,2026-05-13,839,N21,VIIRS,n,2.0NRT,312.65,20.99,D
25.96146,78.05443,338.24,0.41,0.61,2026-05-13,839,N21,VIIRS,l,2.0NRT,311.06,8.79,D
26.00419,78.44343,337.91,0.44,0.62,2026-05-13,839,N21,VIIRS,n,2.0NRT,305.44,3.35,D
26.00632,78.44436,339.96,0.44,0.62,2026-05-13,839,N21,VIIRS,n,2.0NRT,305.09,4.14,D
26.00694,77.08849,345.88,0.36,0.57,2026-05-13,839,N21,VIIRS,n,2.0NRT,311.87,7.63,D
26.00701,77.08872,345.9,0.36,0.57,2026-05-13,839,N21,VIIRS,n,2.0NRT,311.72,7.61,D
26.03624,77.31615,343.57,0.37,0.58,2026-05-13,839,N21,VIIRS,l,2.0NRT,315.06,8.78,D
26.03682,78.7095,336.49,0.46,0.63,2026-05-13,839,N21,VIIRS,n,2.0NRT,306.28,3.96,D
26.03722,78.71095,338.86,0.46,0.63,2026-05-13,839,N21,VIIRS,n,2.0NRT,306.21,4.26,D
26.03787,77.31599,342.84,0.37,0.58,2026-05-13,839,N21,VIIRS,l,2.0NRT,314.95,10.99,D
26.04054,78.21493,350.1,0.42,0.61,2026-05-13,839,N21,VIIRS,n,2.0NRT,309.18,9.58,D
26.04087,78.21921,339.53,0.42,0.61,2026-05-13,839,N21,VIIRS,n,2.0NRT,308.2,8.87,D
26.13881,77.0142,348.03,0.36,0.57,2026-05-13,839,N21,VIIRS,n,2.0NRT,315.16,6.87,D
26.2273,79.85434,335.1,0.54,0.68,2026-05-13,839,N21,VIIRS,n,2.0NRT,301.87,3.61,D
26.22815,77.43684,345.52,0.38,0.59,2026-05-13,839,N21,VIIRS,n,2.0NRT,305.08,8.52,D
26.23191,79.85179,338.48,0.54,0.68,2026-05-13,839,N21,VIIRS,n,2.0NRT,301.99,3.05,D
26.23849,79.92448,331.45,0.55,0.68,2026-05-13,839,N21,VIIRS,l,2.0NRT,302.33,3.28,D
26.25839,77.60059,335.27,0.39,0.59,2026-05-13,839,N21,VIIRS,l,2.0NRT,305.79,6.84,D
26.3266,79.59801,337.21,0.52,0.67,2026-05-13,839,N21,VIIRS,n,2.0NRT,299.06,9.02,D
26.32681,79.59713,339.47,0.52,0.67,2026-05-13,839,N21,VIIRS,n,2.0NRT,299.28,6.46,D
26.33061,79.20376,335.05,0.49,0.65,2026-05-13,839,N21,VIIRS,n,2.0NRT,300.79,6.55,D
26.34434,78.6638,349.05,0.46,0.63,2026-05-13,839,N21,VIIRS,n,2.0NRT,299.29,7.58,D
26.34452,78.66541,344.85,0.46,0.63,2026-05-13,839,N21,VIIRS,n,2.0NRT,299.19,7.36,D
26.34936,79.12839,338.06,0.49,0.65,2026-05-13,839,N21,VIIRS,n,2.0NRT,300.63,7.46,D
26.36425,77.5082,353.87,0.39,0.59,2026-05-13,839,N21,VIIRS,n,2.0NRT,306.62,9.4,D
26.3674,77.50768,352.13,0.38,0.59,2026-05-13,839,N21,VIIRS,n,2.0NRT,305.97,11.69,D
26.37297,77.70391,331.01,0.4,0.6,2026-05-13,839,N21,VIIRS,n,2.0NRT,299.65,6.24,D
26.3733,77.70788,353.11,0.4,0.6,2026-05-13,839,N21,VIIRS,n,2.0NRT,300.16,6.24,D
26.37394,77.70425,332.41,0.4,0.6,2026-05-13,839,N21,VIIRS,n,2.0NRT,299.4,5.75,D
26.37424,77.70821,348.77,0.4,0.6,2026-05-13,839,N21,VIIRS,n,2.0NRT,300.24,5.75,D
26.37623,78.69919,339.93,0.46,0.63,2026-05-13,839,N21,VIIRS,n,2.0NRT,302.31,5.97,D
26.41576,77.60464,350.58,0.39,0.59,2026-05-13,839,N21,VIIRS,n,2.0NRT,306.05,8.98,D
26.42087,79.43092,332.39,0.51,0.66,2026-05-13,839,N21,VIIRS,n,2.0NRT,298.56,4.38,D
26.45641,78.0488,337.71,0.42,0.61,2026-05-13,839,N21,VIIRS,n,2.0NRT,305.15,4.96,D
26.56098,77.96146,337.31,0.41,0.61,2026-05-13,839,N21,VIIRS,n,2.0NRT,305.99,2.44,D
26.6319,75.3791,345.95,0.57,0.52,2026-05-13,839,N21,VIIRS,l,2.0NRT,318.73,29.05,D
26.64021,79.48134,334.72,0.52,0.67,2026-05-13,839,N21,VIIRS,n,2.0NRT,299.04,3.68,D
26.64072,79.48112,348.34,0.52,0.67,2026-05-13,839,N21,VIIRS,n,2.0NRT,299.48,8.22,D
26.64684,79.4806,342.42,0.52,0.67,2026-05-13,839,N21,VIIRS,n,2.0NRT,299.17,8.22,D
27.1123,79.06438,332.72,0.49,0.65,2026-05-13,839,N21,VIIRS,n,2.0NRT,300.18,3.51,D
27.52805,79.73103,337.62,0.55,0.68,2026-05-13,839,N21,VIIRS,n,2.0NRT,302.19,3.66,D
27.68118,69.53939,348.75,0.43,0.38,2026-05-13,839,N21,VIIRS,n,2.0NRT,315.03,28.96,D
27.93032,77.52169,332.56,0.4,0.6,2026-05-13,839,N21,VIIRS,n,2.0NRT,299.33,1.74,D
28.01354,75.9666,339.86,0.32,0.55,2026-05-13,839,N21,VIIRS,n,2.0NRT,309.22,6.4,D
28.08533,69.65405,345.02,0.44,0.38,2026-05-13,839,N21,VIIRS,n,2.0NRT,309.56,10.45,D
28.43006,77.42938,330.64,0.4,0.6,2026-05-13,839,N21,VIIRS,l,2.0NRT,302.63,2.58,D
28.4551,76.59387,338.69,0.36,0.57,2026-05-13,839,N21,VIIRS,n,2.0NRT,307.4,4.78,D
28.46135,69.71078,349.34,0.44,0.39,2026-05-13,839,N21,VIIRS,n,2.0NRT,314.11,10.8,D
28.46487,69.71018,344.71,0.44,0.39,2026-05-13,839,N21,VIIRS,l,2.0NRT,314.75,10.8,D
28.7124,70.67793,339.31,0.49,0.4,2026-05-13,839,N21,VIIRS,l,2.0NRT,311.72,12.38,D
28.73541,76.44823,345.34,0.35,0.57,2026-05-13,839,N21,VIIRS,n,2.0NRT,308.28,6.1,D
28.82247,76.33785,341.77,0.35,0.56,2026-05-13,839,N21,VIIRS,n,2.0NRT,309.8,12.1,D
28.82567,76.33452,351.57,0.35,0.56,2026-05-13,839,N21,VIIRS,n,2.0NRT,312.11,6.11,D
28.82597,76.33804,338.58,0.35,0.56,2026-05-13,839,N21,VIIRS,l,2.0NRT,309.28,6.11,D
28.86104,79.91496,333.33,0.58,0.69,2026-05-13,839,N21,VIIRS,n,2.0NRT,297.81,4.83,D
28.86318,79.91549,331.14,0.58,0.69,2026-05-13,839,N21,VIIRS,n,2.0NRT,297.76,4.26,D
28.87239,77.07364,334.69,0.38,0.59,2026-05-13,839,N21,VIIRS,l,2.0NRT,305.59,1.63,D
28.87272,79.30143,330.87,0.53,0.67,2026-05-13,839,N21,VIIRS,l,2.0NRT,301.06,2.92,D
28.88141,77.21665,330.53,0.39,0.59,2026-05-13,839,N21,VIIRS,l,2.0NRT,302.27,2.72,D
28.88266,77.21696,331.59,0.39,0.6,2026-05-13,839,N21,VIIRS,l,2.0NRT,304.02,2.95,D
28.8947,77.38799,334.28,0.4,0.6,2026-05-13,839,N21,VIIRS,l,2.0NRT,308.19,3.5,D
28.93151,76.64766,333.15,0.36,0.58,2026-05-13,839,N21,VIIRS,l,2.0NRT,307.62,3.13,D
28.94132,76.70298,346.1,0.37,0.58,2026-05-13,839,N21,VIIRS,n,2.0NRT,308.48,4.53,D
29.02364,79.24612,333.37,0.53,0.67,2026-05-13,839,N21,VIIRS,n,2.0NRT,299.89,9.66,D
29.02369,79.24311,345.97,0.53,0.67,2026-05-13,839,N21,VIIRS,n,2.0NRT,300.9,7.43,D
29.10057,75.82978,346.61,0.32,0.55,2026-05-13,839,N21,VIIRS,n,2.0NRT,313.07,5.93,D
29.10113,75.83069,343.38,0.32,0.55,2026-05-13,839,N21,VIIRS,n,2.0NRT,312.54,7.84,D
29.19738,77.12354,338.64,0.39,0.59,2026-05-13,839,N21,VIIRS,n,2.0NRT,307.54,4.59,D
29.19847,77.11977,334.54,0.39,0.59,2026-05-13,839,N21,VIIRS,l,2.0NRT,306.77,2.44,D
29.19875,77.12377,331.92,0.39,0.59,2026-05-13,839,N21,VIIRS,l,2.0NRT,306.81,3.33,D
29.24637,73.09946,341.32,0.44,0.46,2026-05-13,839,N21,VIIRS,l,2.0NRT,313.96,8.39,D
29.34754,75.34442,340.69,0.61,0.53,2026-05-13,839,N21,VIIRS,l,2.0NRT,312.3,9.39,D
29.35244,75.34384,340.43,0.61,0.53,2026-05-13,839,N21,VIIRS,l,2.0NRT,310.91,6.62,D
29.38226,75.08453,341.52,0.59,0.53,2026-05-13,839,N21,VIIRS,l,2.0NRT,311.55,9.08,D
29.38927,74.44228,344.42,0.54,0.51,2026-05-13,839,N21,VIIRS,n,2.0NRT,311.89,3.53,D
29.3905,74.44274,343.27,0.54,0.51,2026-05-13,839,N21,VIIRS,n,2.0NRT,312.14,5.71,D
29.42506,76.32146,343.4,0.35,0.57,2026-05-13,839,N21,VIIRS,n,2.0NRT,312.78,7.49,D
29.4614,74.46128,344.87,0.54,0.51,2026-05-13,839,N21,VIIRS,n,2.0NRT,310.65,2.59,D
29.47451,75.63673,337.44,0.32,0.54,2026-05-13,839,N21,VIIRS,l,2.0NRT,307.92,3.11,D
29.4895,74.81993,344.95,0.57,0.52,2026-05-13,839,N21,VIIRS,n,2.0NRT,316.09,17.2,D
29.51197,75.78699,337.84,0.33,0.55,2026-05-13,839,N21,VIIRS,l,2.0NRT,308.73,4.09,D
29.51294,75.78943,340.72,0.33,0.55,2026-05-13,839,N21,VIIRS,n,2.0NRT,308.65,4.95,D
29.52115,74.79846,339.73,0.57,0.52,2026-05-13,839,N21,VIIRS,l,2.0NRT,314.44,12.78,D
29.52946,75.7513,336.66,0.32,0.55,2026-05-13,839,N21,VIIRS,l,2.0NRT,308.86,2.22,D
29.54431,74.77599,344.34,0.56,0.52,2026-05-13,839,N21,VIIRS,n,2.0NRT,316.16,8.38,D
29.5619,75.19292,341.65,0.6,0.53,2026-05-13,839,N21,VIIRS,l,2.0NRT,312.81,9.36,D
29.57163,76.28854,342.93,0.35,0.57,2026-05-13,839,N21,VIIRS,n,2.0NRT,312.35,2.76,D
29.5725,74.50732,344.28,0.54,0.51,2026-05-13,839,N21,VIIRS,n,2.0NRT,310.8,8.49,D
29.57684,76.28799,340.79,0.35,0.57,2026-05-13,839,N21,VIIRS,l,2.0NRT,311.59,2.76,D
29.57933,75.12717,353.48,0.59,0.53,2026-05-13,839,N21,VIIRS,n,2.0NRT,313.62,17.29,D
29.58062,75.12878,346.18,0.59,0.53,2026-05-13,839,N21,VIIRS,n,2.0NRT,315.9,18.19,D
29.59566,74.40329,343.21,0.54,0.51,2026-05-13,839,N21,VIIRS,l,2.0NRT,316.14,7.82,D
29.64447,75.92517,342.28,0.33,0.55,2026-05-13,839,N21,VIIRS,n,2.0NRT,307.72,3.45,D
29.65552,73.65312,345.48,0.48,0.48,2026-05-13,839,N21,VIIRS,n,2.0NRT,313.6,6.32,D
29.68615,75.39201,335.09,0.62,0.54,2026-05-13,839,N21,VIIRS,l,2.0NRT,306.84,9.43,D
29.76111,74.39011,344.8,0.54,0.51,2026-05-13,839,N21,VIIRS,l,2.0NRT,314.93,5.73,D
29.82454,75.04635,344.85,0.59,0.53,2026-05-13,839,N21,VIIRS,n,2.0NRT,312.87,4.49,D
29.82723,76.17355,341.52,0.35,0.56,2026-05-13,839,N21,VIIRS,n,2.0NRT,310.67,3.61,D
29.82879,75.76283,340.8,0.33,0.55,2026-05-13,839,N21,VIIRS,l,2.0NRT,311.53,5.13,D
29.82905,75.76621,353.08,0.33,0.55,2026-05-13,839,N21,VIIRS,n,2.0NRT,314.52,5.13,D
29.82962,75.7636,343.26,0.33,0.55,2026-05-13,839,N21,VIIRS,n,2.0NRT,313.18,5.28,D
29.82991,75.76696,350.01,0.33,0.55,2026-05-13,839,N21,VIIRS,n,2.0NRT,315.36,5.28,D
29.8302,75.77033,343.74,0.33,0.55,2026-05-13,839,N21,VIIRS,n,2.0NRT,313.15,7.44,D
29.83438,75.76902,346.74,0.33,0.55,2026-05-13,839,N21,VIIRS,n,2.0NRT,313.68,11.32,D
29.83525,75.76978,347.7,0.33,0.55,2026-05-13,839,N21,VIIRS,n,2.0NRT,312.88,6.78,D
29.83866,74.17484,346.63,0.52,0.5,2026-05-13,839,N21,VIIRS,l,2.0NRT,318.52,34.05,D
29.84944,76.81241,335.49,0.38,0.59,2026-05-13,839,N21,VIIRS,l,2.0NRT,306.44,1.12,D
29.89907,76.34094,343.75,0.36,0.57,2026-05-13,839,N21,VIIRS,n,2.0NRT,310.58,6.21,D
29.90962,75.57217,349.68,0.32,0.54,2026-05-13,839,N21,VIIRS,n,2.0NRT,313.69,6.9,D
29.91064,76.62306,336.4,0.37,0.58,2026-05-13,839,N21,VIIRS,l,2.0NRT,310.27,4.78,D
29.91457,76.62261,347.09,0.37,0.58,2026-05-13,839,N21,VIIRS,n,2.0NRT,308.8,7.44,D
29.91978,76.0025,341,0.34,0.56,2026-05-13,839,N21,VIIRS,l,2.0NRT,312.83,6.55,D
29.95934,76.16988,345.5,0.35,0.56,2026-05-13,839,N21,VIIRS,n,2.0NRT,314.86,7.24,D
29.97095,76.2487,349.35,0.35,0.57,2026-05-13,839,N21,VIIRS,n,2.0NRT,316.27,6.76,D
29.97158,76.24639,343.2,0.35,0.57,2026-05-13,839,N21,VIIRS,l,2.0NRT,314.57,7.02,D
29.97372,76.69411,334,0.37,0.58,2026-05-13,839,N21,VIIRS,l,2.0NRT,305.95,2.43,D
29.98399,76.13239,342.6,0.35,0.56,2026-05-13,839,N21,VIIRS,l,2.0NRT,314.62,6.75,D
29.98827,75.98558,338.69,0.34,0.56,2026-05-13,839,N21,VIIRS,l,2.0NRT,312.03,3.93,D
29.99021,75.56696,352.06,0.32,0.54,2026-05-13,839,N21,VIIRS,n,2.0NRT,313.74,7.12,D
29.99069,75.13098,348.67,0.6,0.53,2026-05-13,839,N21,VIIRS,n,2.0NRT,311.55,14.32,D
29.99161,76.09559,343.55,0.34,0.56,2026-05-13,839,N21,VIIRS,l,2.0NRT,313.68,5.89,D
29.99254,75.13239,344.56,0.6,0.53,2026-05-13,839,N21,VIIRS,n,2.0NRT,312.82,15.48,D
30.0003,74.51708,346.41,0.55,0.51,2026-05-13,839,N21,VIIRS,n,2.0NRT,313.66,12.7,D
30.01615,74.91174,342.24,0.58,0.52,2026-05-13,839,N21,VIIRS,l,2.0NRT,313.26,4.55,D
30.01899,73.62962,346.55,0.49,0.48,2026-05-13,839,N21,VIIRS,l,2.0NRT,318.67,15.57,D
30.04816,75.95794,342.46,0.34,0.56,2026-05-13,839,N21,VIIRS,l,2.0NRT,313.54,8.79,D
30.05496,76.5104,344.09,0.37,0.58,2026-05-13,839,N21,VIIRS,n,2.0NRT,310.26,5.48,D
30.07563,76.23173,337.44,0.35,0.57,2026-05-13,839,N21,VIIRS,l,2.0NRT,311.76,7.97,D
30.07574,74.54089,344.08,0.55,0.51,2026-05-13,839,N21,VIIRS,n,2.0NRT,311.03,8.28,D
30.08413,74.5283,346.28,0.55,0.51,2026-05-13,839,N21,VIIRS,n,2.0NRT,314.63,18.71,D
30.10035,76.68323,347.57,0.37,0.58,2026-05-13,839,N21,VIIRS,n,2.0NRT,306.28,5.92,D
30.10737,76.01797,354.53,0.34,0.56,2026-05-13,839,N21,VIIRS,n,2.0NRT,312.73,8.44,D
30.1123,74.57714,343.06,0.56,0.51,2026-05-13,839,N21,VIIRS,n,2.0NRT,311.37,11.2,D
30.13037,75.9164,338.73,0.34,0.56,2026-05-13,839,N21,VIIRS,l,2.0NRT,311.71,2.82,D
30.13746,74.59162,338.13,0.56,0.51,2026-05-13,839,N21,VIIRS,l,2.0NRT,309.13,9.56,D
30.14003,74.94473,340.28,0.59,0.53,2026-05-13,839,N21,VIIRS,l,2.0NRT,313.12,9.41,D
30.16288,75.99773,346.17,0.34,0.56,2026-05-13,839,N21,VIIRS,n,2.0NRT,314.23,6.04,D
30.16501,75.99718,346.34,0.34,0.56,2026-05-13,839,N21,VIIRS,n,2.0NRT,312.66,5.9,D
30.16787,78.62601,339.62,0.49,0.65,2026-05-13,839,N21,VIIRS,n,2.0NRT,303.48,7.34,D
30.17424,75.98196,348.62,0.34,0.56,2026-05-13,839,N21,VIIRS,n,2.0NRT,314.6,8.68,D
30.17715,75.98199,346.06,0.34,0.56,2026-05-13,839,N21,VIIRS,n,2.0NRT,315.18,8.99,D
30.18277,75.69546,338.62,0.33,0.55,2026-05-13,839,N21,VIIRS,l,2.0NRT,309.97,4.36,D
30.18477,76.61212,341.48,0.37,0.58,2026-05-13,839,N21,VIIRS,n,2.0NRT,308.12,3.1,D
30.19796,73.31637,343.25,0.47,0.48,2026-05-13,839,N21,VIIRS,n,2.0NRT,313.19,8.04,D
30.21453,74.0733,344.38,0.52,0.5,2026-05-13,839,N21,VIIRS,n,2.0NRT,313.61,14.71,D
30.21459,74.07125,353.1,0.52,0.5,2026-05-13,839,N21,VIIRS,n,2.0NRT,313.21,14.12,D
30.22611,76.39388,332.91,0.36,0.57,2026-05-13,839,N21,VIIRS,l,2.0NRT,304.11,2,D
30.24235,79.18006,333.98,0.54,0.68,2026-05-13,839,N21,VIIRS,n,2.0NRT,297.86,9.57,D
30.25051,73.30168,339.22,0.47,0.48,2026-05-13,839,N21,VIIRS,l,2.0NRT,311.39,7.51,D
30.25425,73.30395,341.17,0.47,0.48,2026-05-13,839,N21,VIIRS,n,2.0NRT,311.1,3.75,D
30.26049,77.02916,330.46,0.4,0.6,2026-05-13,839,N21,VIIRS,l,2.0NRT,303.23,2.71,D
30.26531,75.78367,340.01,0.33,0.55,2026-05-13,839,N21,VIIRS,l,2.0NRT,314.23,4.4,D
30.26577,79.17011,348.1,0.54,0.68,2026-05-13,839,N21,VIIRS,n,2.0NRT,299.66,8.78,D
30.26687,79.17339,331.29,0.54,0.67,2026-05-13,839,N21,VIIRS,n,2.0NRT,298.69,7.98,D
30.26962,73.96664,341.12,0.51,0.5,2026-05-13,839,N21,VIIRS,l,2.0NRT,312.61,7.12,D
30.27186,78.50204,330.67,0.49,0.65,2026-05-13,839,N21,VIIRS,n,2.0NRT,300.91,3.54,D
30.27417,73.96607,339,0.51,0.5,2026-05-13,839,N21,VIIRS,l,2.0NRT,310.79,7.94,D
30.27427,76.32876,335.01,0.36,0.57,2026-05-13,839,N21,VIIRS,n,2.0NRT,304.09,4.18,D
30.27726,79.03281,335.64,0.53,0.67,2026-05-13,839,N21,VIIRS,n,2.0NRT,300.53,5.31,D
30.2774,79.0357,333.78,0.53,0.67,2026-05-13,839,N21,VIIRS,n,2.0NRT,299.85,5.95,D
30.28164,75.86207,367,0.34,0.56,2026-05-13,839,N21,VIIRS,h,2.0NRT,313.49,8.11,D
30.28844,76.513,339.72,0.37,0.58,2026-05-13,839,N21,VIIRS,n,2.0NRT,307.38,3.89,D
30.28911,75.32596,342.13,0.62,0.54,2026-05-13,839,N21,VIIRS,n,2.0NRT,309.41,8.03,D
30.29861,76.08478,348.37,0.35,0.56,2026-05-13,839,N21,VIIRS,n,2.0NRT,309.71,7.09,D
30.29888,76.08838,367,0.35,0.56,2026-05-13,839,N21,VIIRS,h,2.0NRT,312.36,7.09,D
30.30803,70.64537,338.51,0.51,0.41,2026-05-13,839,N21,VIIRS,n,2.0NRT,307.11,9.91,D
30.31239,70.65002,348.87,0.51,0.41,2026-05-13,839,N21,VIIRS,n,2.0NRT,307.69,11.34,D
30.31289,74.28093,342.85,0.54,0.51,2026-05-13,839,N21,VIIRS,n,2.0NRT,308.11,9.39,D
30.313,70.65527,340.99,0.51,0.41,2026-05-13,839,N21,VIIRS,n,2.0NRT,308.76,10.23,D
30.31545,74.41144,338.65,0.55,0.51,2026-05-13,839,N21,VIIRS,l,2.0NRT,312.34,5.06,D
30.31702,74.27478,338.2,0.54,0.51,2026-05-13,839,N21,VIIRS,l,2.0NRT,309.4,8.85,D
30.32525,74.57283,347.12,0.56,0.51,2026-05-13,839,N21,VIIRS,n,2.0NRT,311.21,14.9,D
30.32599,76.23933,343.6,0.35,0.57,2026-05-13,839,N21,VIIRS,n,2.0NRT,309.87,5.7,D
30.32656,75.97395,338.92,0.34,0.56,2026-05-13,839,N21,VIIRS,l,2.0NRT,312.08,3.28,D
30.35038,75.8196,338.42,0.33,0.56,2026-05-13,839,N21,VIIRS,l,2.0NRT,311.98,5.09,D
30.35407,74.33611,343.61,0.54,0.51,2026-05-13,839,N21,VIIRS,n,2.0NRT,310.36,10.17,D
30.35457,74.34174,344.96,0.54,0.51,2026-05-13,839,N21,VIIRS,n,2.0NRT,310.4,10.17,D
30.35582,76.28451,334.69,0.36,0.57,2026-05-13,839,N21,VIIRS,l,2.0NRT,305.95,1.76,D
30.35585,74.33795,346.7,0.54,0.51,2026-05-13,839,N21,VIIRS,n,2.0NRT,310.73,15.49,D
30.35974,75.07976,338.74,0.6,0.53,2026-05-13,839,N21,VIIRS,l,2.0NRT,310.97,10.39,D
30.36366,76.1142,347.28,0.35,0.57,2026-05-13,839,N21,VIIRS,n,2.0NRT,308.27,7.1,D
30.36885,76.11365,349.67,0.35,0.57,2026-05-13,839,N21,VIIRS,n,2.0NRT,310.24,7.1,D
30.38157,74.02071,345.02,0.52,0.5,2026-05-13,839,N21,VIIRS,n,2.0NRT,312.86,11.78,D
30.40052,74.88049,345.66,0.59,0.53,2026-05-13,839,N21,VIIRS,n,2.0NRT,311.82,20.36,D
30.40067,74.87595,343.57,0.59,0.52,2026-05-13,839,N21,VIIRS,n,2.0NRT,311.64,15.35,D
30.40612,76.32044,340,0.36,0.57,2026-05-13,839,N21,VIIRS,n,2.0NRT,305.53,5.13,D
30.40628,76.3204,341.97,0.36,0.57,2026-05-13,839,N21,VIIRS,n,2.0NRT,305.82,6.01,D
30.40804,76.13116,348.9,0.35,0.57,2026-05-13,839,N21,VIIRS,n,2.0NRT,311.77,8.52,D
30.41176,76.81705,351.56,0.38,0.59,2026-05-13,839,N21,VIIRS,n,2.0NRT,302.05,4.7,D
30.42854,76.33688,339.79,0.36,0.57,2026-05-13,839,N21,VIIRS,n,2.0NRT,304,4.74,D
30.42864,74.3784,342.95,0.55,0.51,2026-05-13,839,N21,VIIRS,n,2.0NRT,307.87,8.13,D
30.43012,74.82795,344.63,0.58,0.52,2026-05-13,839,N21,VIIRS,n,2.0NRT,309.8,13.17,D
30.43431,74.54604,334.77,0.56,0.51,2026-05-13,839,N21,VIIRS,l,2.0NRT,307.54,5.75,D
30.43587,75.63011,339.79,0.33,0.55,2026-05-13,839,N21,VIIRS,l,2.0NRT,312.38,5.55,D
30.44535,75.50063,336.55,0.32,0.55,2026-05-13,839,N21,VIIRS,l,2.0NRT,310.15,2.23,D
30.44543,75.49957,335.53,0.32,0.55,2026-05-13,839,N21,VIIRS,l,2.0NRT,309.3,1.33,D
30.44594,73.96278,339.28,0.52,0.5,2026-05-13,839,N21,VIIRS,l,2.0NRT,310.24,9.11,D
30.44805,73.93542,335.44,0.51,0.5,2026-05-13,839,N21,VIIRS,l,2.0NRT,308.92,5.39,D
30.45256,77.07507,344.11,0.4,0.6,2026-05-13,839,N21,VIIRS,n,2.0NRT,304.12,5.05,D
30.4526,73.93484,341.83,0.51,0.5,2026-05-13,839,N21,VIIRS,n,2.0NRT,310.52,5.39,D
30.45288,77.07595,334.63,0.4,0.6,2026-05-13,839,N21,VIIRS,n,2.0NRT,303.99,5.26,D
30.46115,74.6852,344.32,0.57,0.52,2026-05-13,839,N21,VIIRS,n,2.0NRT,310.42,8.66,D
30.46168,74.69112,340.32,0.57,0.52,2026-05-13,839,N21,VIIRS,l,2.0NRT,310.38,8.66,D
30.46191,76.4283,347.52,0.36,0.58,2026-05-13,839,N21,VIIRS,n,2.0NRT,304.25,5.1,D
30.46358,74.4491,337.25,0.55,0.51,2026-05-13,839,N21,VIIRS,l,2.0NRT,309.8,7.66,D
30.48204,70.71851,341.66,0.51,0.41,2026-05-13,839,N21,VIIRS,n,2.0NRT,309.39,3.34,D
30.48625,74.96951,338.8,0.59,0.53,2026-05-13,839,N21,VIIRS,n,2.0NRT,308.69,7.34,D
30.49677,76.75698,344.76,0.38,0.59,2026-05-13,839,N21,VIIRS,n,2.0NRT,306.44,6.73,D
30.50727,76.39315,334.66,0.36,0.58,2026-05-13,839,N21,VIIRS,n,2.0NRT,303.44,4.52,D
30.51849,74.9037,339.91,0.59,0.53,2026-05-13,839,N21,VIIRS,l,2.0NRT,310.43,8.32,D
30.52143,76.15913,333.12,0.35,0.57,2026-05-13,839,N21,VIIRS,l,2.0NRT,304.07,4.12,D
30.52437,75.03425,344.99,0.6,0.53,2026-05-13,839,N21,VIIRS,n,2.0NRT,310.36,10.48,D
30.52575,76.63499,337.86,0.38,0.58,2026-05-13,839,N21,VIIRS,n,2.0NRT,304.8,2.81,D
30.52629,75.03384,338.22,0.6,0.53,2026-05-13,839,N21,VIIRS,l,2.0NRT,309.26,7.39,D
30.52885,76.63474,339.76,0.38,0.58,2026-05-13,839,N21,VIIRS,n,2.0NRT,305.65,5.26,D
30.53159,76.44395,341.02,0.37,0.58,2026-05-13,839,N21,VIIRS,n,2.0NRT,303.81,4.53,D
30.5326,76.44404,346.73,0.37,0.58,2026-05-13,839,N21,VIIRS,n,2.0NRT,303.96,6.18,D
30.53452,74.3192,339.12,0.54,0.51,2026-05-13,839,N21,VIIRS,l,2.0NRT,310.74,8.02,D
30.53556,74.0808,340.16,0.53,0.5,2026-05-13,839,N21,VIIRS,l,2.0NRT,310.32,8.42,D
30.53587,74.083,340,0.53,0.5,2026-05-13,839,N21,VIIRS,n,2.0NRT,309.51,9.19,D
30.53994,74.07697,337.18,0.53,0.5,2026-05-13,839,N21,VIIRS,l,2.0NRT,309.35,8.26,D
30.54594,74.88194,336.23,0.59,0.53,2026-05-13,839,N21,VIIRS,n,2.0NRT,305.73,6.76,D
30.55002,75.9849,349.11,0.34,0.56,2026-05-13,839,N21,VIIRS,n,2.0NRT,308.02,4.16,D
30.55029,75.98846,334.47,0.34,0.56,2026-05-13,839,N21,VIIRS,l,2.0NRT,305.69,4.16,D
30.56231,75.01723,336.28,0.6,0.53,2026-05-13,839,N21,VIIRS,l,2.0NRT,308.31,6.34,D
30.56968,74.25592,337.98,0.54,0.51,2026-05-13,839,N21,VIIRS,n,2.0NRT,306.87,8.54,D
30.57022,76.10984,340.76,0.35,0.57,2026-05-13,839,N21,VIIRS,n,2.0NRT,307.69,3.67,D
30.57195,72.21782,340.48,0.41,0.45,2026-05-13,839,N21,VIIRS,n,2.0NRT,309.12,6.78,D
30.57689,76.47775,334.08,0.37,0.58,2026-05-13,839,N21,VIIRS,n,2.0NRT,303.58,2.09,D
30.58565,74.88963,342.03,0.59,0.53,2026-05-13,839,N21,VIIRS,n,2.0NRT,308.5,9.92,D
30.59139,70.8302,343.13,0.52,0.42,2026-05-13,839,N21,VIIRS,n,2.0NRT,308.56,12.6,D
30.60452,75.05022,343.35,0.6,0.53,2026-05-13,839,N21,VIIRS,n,2.0NRT,307.54,9.64,D
30.60487,76.01876,338.2,0.35,0.56,2026-05-13,839,N21,VIIRS,n,2.0NRT,307.14,4.55,D
30.60516,76.02235,336.32,0.35,0.56,2026-05-13,839,N21,VIIRS,l,2.0NRT,307.98,5.68,D
30.60646,76.01996,337.81,0.35,0.56,2026-05-13,839,N21,VIIRS,l,2.0NRT,308.86,6.24,D
30.61265,75.03033,343.25,0.6,0.53,2026-05-13,839,N21,VIIRS,n,2.0NRT,307.62,8.02,D
30.61275,76.59867,334.84,0.37,0.58,2026-05-13,839,N21,VIIRS,l,2.0NRT,305.07,2.63,D
30.61499,75.4713,349.62,0.32,0.55,2026-05-13,839,N21,VIIRS,n,2.0NRT,312.1,6.65,D
30.61514,76.06634,345.27,0.35,0.57,2026-05-13,839,N21,VIIRS,n,2.0NRT,302.9,3.32,D
30.6154,76.06995,331.21,0.35,0.57,2026-05-13,839,N21,VIIRS,l,2.0NRT,302.56,3.32,D
30.61559,75.02854,341.36,0.6,0.53,2026-05-13,839,N21,VIIRS,n,2.0NRT,308.17,8.57,D
30.61622,75.54882,333.51,0.32,0.55,2026-05-13,839,N21,VIIRS,l,2.0NRT,305.99,3.92,D
30.61761,75.05364,337,0.6,0.53,2026-05-13,839,N21,VIIRS,l,2.0NRT,309.63,7.41,D
30.618,76.45428,335.02,0.37,0.58,2026-05-13,839,N21,VIIRS,l,2.0NRT,305.34,3.15,D
30.61972,75.05482,338.68,0.6,0.53,2026-05-13,839,N21,VIIRS,l,2.0NRT,309.58,6.57,D
30.62931,75.58484,340.26,0.32,0.55,2026-05-13,839,N21,VIIRS,n,2.0NRT,307.22,5.47,D
30.62954,72.13192,335.23,0.41,0.45,2026-05-13,839,N21,VIIRS,l,2.0NRT,309.78,2.76,D
30.63023,74.90769,342.78,0.59,0.53,2026-05-13,839,N21,VIIRS,n,2.0NRT,307.47,12.27,D
30.63271,75.56401,350.12,0.32,0.55,2026-05-13,839,N21,VIIRS,n,2.0NRT,306.84,7.14,D
30.63991,74.90655,343.1,0.59,0.53,2026-05-13,839,N21,VIIRS,n,2.0NRT,306.02,9.16,D
30.6404,74.15688,340.35,0.53,0.5,2026-05-13,839,N21,VIIRS,l,2.0NRT,310.47,5.15,D
30.64182,75.67624,337,0.33,0.55,2026-05-13,839,N21,VIIRS,n,2.0NRT,304.92,1.92,D
30.64578,75.662,367,0.33,0.55,2026-05-13,839,N21,VIIRS,h,2.0NRT,308.56,8.64,D
30.64606,75.66541,351.24,0.33,0.55,2026-05-13,839,N21,VIIRS,n,2.0NRT,308.56,4.23,D
30.64634,75.66884,335.19,0.33,0.55,2026-05-13,839,N21,VIIRS,l,2.0NRT,306.9,4.23,D
30.64727,75.5556,337.94,0.32,0.55,2026-05-13,839,N21,VIIRS,l,2.0NRT,309.02,3.07,D
30.65113,75.66486,336.35,0.33,0.55,2026-05-13,839,N21,VIIRS,n,2.0NRT,306.96,4.23,D
30.65258,75.55841,340.74,0.32,0.55,2026-05-13,839,N21,VIIRS,n,2.0NRT,308.41,3.07,D
30.65425,75.6404,338.43,0.33,0.55,2026-05-13,839,N21,VIIRS,n,2.0NRT,308.16,2.39,D
30.65461,75.02399,351.5,0.6,0.53,2026-05-13,839,N21,VIIRS,n,2.0NRT,310.08,14.57,D
30.6724,75.06,346.55,0.6,0.53,2026-05-13,839,N21,VIIRS,n,2.0NRT,308.33,10.76,D
30.68362,75.57109,338.17,0.32,0.55,2026-05-13,839,N21,VIIRS,l,2.0NRT,308.36,3.43,D
30.68389,75.57448,344.49,0.33,0.55,2026-05-13,839,N21,VIIRS,n,2.0NRT,307.29,3.43,D
30.69234,75.88786,335.45,0.34,0.56,2026-05-13,839,N21,VIIRS,l,2.0NRT,305.95,1.05,D
30.69508,75.88823,336.05,0.34,0.56,2026-05-13,839,N21,VIIRS,l,2.0NRT,306.45,3.47,D
30.6951,76.01783,334.28,0.35,0.56,2026-05-13,839,N21,VIIRS,n,2.0NRT,303.56,1.98,D
30.69855,74.90598,339.79,0.59,0.53,2026-05-13,839,N21,VIIRS,l,2.0NRT,310.72,10.57,D
30.7027,75.81921,336.66,0.34,0.56,2026-05-13,839,N21,VIIRS,n,2.0NRT,304.1,2.78,D
30.70827,74.96112,345.87,0.6,0.53,2026-05-13,839,N21,VIIRS,n,2.0NRT,308.41,14.99,D
30.70866,76.12251,330.54,0.35,0.57,2026-05-13,839,N21,VIIRS,l,2.0NRT,301.18,2.59,D
30.70875,74.85509,342.7,0.59,0.53,2026-05-13,839,N21,VIIRS,n,2.0NRT,308.16,9.88,D
30.71111,75.40757,341.14,0.64,0.54,2026-05-13,839,N21,VIIRS,n,2.0NRT,306.95,6.26,D
30.71447,75.97541,344.73,0.34,0.56,2026-05-13,839,N21,VIIRS,n,2.0NRT,303.99,3.44,D
30.71451,75.63979,332.6,0.33,0.55,2026-05-13,839,N21,VIIRS,l,2.0NRT,304.26,4.66,D
30.7161,75.40701,336.64,0.64,0.54,2026-05-13,839,N21,VIIRS,n,2.0NRT,305.83,6.26,D
30.71678,75.41529,347.64,0.32,0.54,2026-05-13,839,N21,VIIRS,n,2.0NRT,308.71,8.8,D
30.72103,75.92421,337.42,0.34,0.56,2026-05-13,839,N21,VIIRS,n,2.0NRT,304.06,1.93,D
30.73067,75.58642,332.51,0.33,0.55,2026-05-13,839,N21,VIIRS,l,2.0NRT,305.79,2.98,D
30.73189,75.93026,336.71,0.34,0.56,2026-05-13,839,N21,VIIRS,n,2.0NRT,304.1,3.76,D
30.73243,75.93738,333.53,0.34,0.56,2026-05-13,839,N21,VIIRS,n,2.0NRT,302.72,1.33,D
30.7365,75.92257,344.38,0.34,0.56,2026-05-13,839,N21,VIIRS,n,2.0NRT,305.3,8.31,D
30.73705,75.92972,346.47,0.34,0.56,2026-05-13,839,N21,VIIRS,n,2.0NRT,304,3.76,D
30.73896,75.95469,344.07,0.34,0.56,2026-05-13,839,N21,VIIRS,n,2.0NRT,300.8,3.99,D
30.74569,75.14023,334.4,0.61,0.54,2026-05-13,839,N21,VIIRS,l,2.0NRT,306.91,6.6,D
30.7466,75.98638,337.54,0.34,0.56,2026-05-13,839,N21,VIIRS,n,2.0NRT,303.84,2.67,D
30.74764,75.93217,344.53,0.34,0.56,2026-05-13,839,N21,VIIRS,n,2.0NRT,304.91,2.83,D
30.75091,72.54898,342.86,0.43,0.46,2026-05-13,839,N21,VIIRS,n,2.0NRT,308.11,6.1,D
30.75767,75.79562,347.39,0.34,0.56,2026-05-13,839,N21,VIIRS,n,2.0NRT,305.84,6.55,D
30.76279,75.79506,338.64,0.34,0.56,2026-05-13,839,N21,VIIRS,n,2.0NRT,308.51,2.39,D
30.76322,75.61032,338.51,0.33,0.55,2026-05-13,839,N21,VIIRS,n,2.0NRT,305.41,5.66,D
30.766,74.33254,341.36,0.55,0.51,2026-05-13,839,N21,VIIRS,n,2.0NRT,306.66,6.24,D
30.76814,74.3328,335.87,0.55,0.51,2026-05-13,839,N21,VIIRS,l,2.0NRT,306.46,7.2,D
30.76857,74.99707,339,0.6,0.53,2026-05-13,839,N21,VIIRS,l,2.0NRT,310.57,10.61,D
30.77194,74.29148,347.64,0.55,0.51,2026-05-13,839,N21,VIIRS,n,2.0NRT,307.23,13.83,D
30.77203,75.91159,338.66,0.34,0.56,2026-05-13,839,N21,VIIRS,n,2.0NRT,304.9,2.87,D
30.7738,74.29185,351.46,0.54,0.51,2026-05-13,839,N21,VIIRS,n,2.0NRT,307.04,10.9,D
30.78406,75.49805,342.24,0.32,0.55,2026-05-13,839,N21,VIIRS,n,2.0NRT,303.89,3.71,D
30.79832,75.42221,367,0.32,0.55,2026-05-13,839,N21,VIIRS,h,2.0NRT,307.78,4.77,D
30.79859,75.42554,333.21,0.32,0.55,2026-05-13,839,N21,VIIRS,n,2.0NRT,303.93,4.77,D
30.80154,75.52672,346.1,0.32,0.55,2026-05-13,839,N21,VIIRS,n,2.0NRT,306.19,5.24,D
30.80705,74.81768,334.87,0.59,0.53,2026-05-13,839,N21,VIIRS,n,2.0NRT,304.8,6.99,D
30.81123,74.81718,343.66,0.59,0.53,2026-05-13,839,N21,VIIRS,n,2.0NRT,305.74,8.65,D
30.81187,74.81712,339.38,0.59,0.53,2026-05-13,839,N21,VIIRS,n,2.0NRT,305.43,6.99,D
30.81567,75.08715,345.75,0.61,0.53,2026-05-13,839,N21,VIIRS,n,2.0NRT,310.89,16.95,D
30.8171,75.28207,332.88,0.63,0.54,2026-05-13,839,N21,VIIRS,l,2.0NRT,304.74,6.72,D
30.82051,75.44669,335.89,0.32,0.55,2026-05-13,839,N21,VIIRS,n,2.0NRT,304.62,2.47,D
30.82535,75.70011,367,0.33,0.55,2026-05-13,839,N21,VIIRS,h,2.0NRT,307.09,8.04,D
30.83099,75.7065,336.69,0.33,0.55,2026-05-13,839,N21,VIIRS,l,2.0NRT,308.37,4.1,D
30.83406,74.74062,338.66,0.58,0.52,2026-05-13,839,N21,VIIRS,n,2.0NRT,308.44,9.34,D
30.83435,75.61919,333.27,0.33,0.55,2026-05-13,839,N21,VIIRS,l,2.0NRT,306.78,3.03,D
30.83531,75.26029,334.38,0.62,0.54,2026-05-13,839,N21,VIIRS,l,2.0NRT,304.62,3.76,D
30.83942,75.61862,340.1,0.33,0.55,2026-05-13,839,N21,VIIRS,n,2.0NRT,307.86,3.03,D
30.84018,75.75817,334.11,0.33,0.56,2026-05-13,839,N21,VIIRS,n,2.0NRT,303.77,3.64,D
30.84302,75.23316,342.03,0.62,0.54,2026-05-13,839,N21,VIIRS,n,2.0NRT,305.3,6.01,D
30.84452,75.23344,342.32,0.62,0.54,2026-05-13,839,N21,VIIRS,n,2.0NRT,305.52,7.74,D
30.84907,76.44453,334.73,0.37,0.58,2026-05-13,839,N21,VIIRS,l,2.0NRT,306.34,3.01,D
30.85228,75.4028,355.38,0.32,0.54,2026-05-13,839,N21,VIIRS,n,2.0NRT,311.64,17.96,D
30.86904,74.47777,337.1,0.56,0.52,2026-05-13,839,N21,VIIRS,n,2.0NRT,305,8.89,D
30.86962,76.35755,344.15,0.36,0.58,2026-05-13,839,N21,VIIRS,n,2.0NRT,303.87,4.9,D
30.90324,75.27944,334.72,0.63,0.54,2026-05-13,839,N21,VIIRS,n,2.0NRT,304.5,5.39,D
30.90761,75.03215,336.85,0.61,0.53,2026-05-13,839,N21,VIIRS,l,2.0NRT,308.89,9.67,D
30.91602,75.69827,332.28,0.33,0.55,2026-05-13,839,N21,VIIRS,l,2.0NRT,303.91,0.92,D
30.91685,74.63197,335.04,0.57,0.52,2026-05-13,839,N21,VIIRS,n,2.0NRT,304.36,7.71,D
30.91689,74.91072,341.43,0.6,0.53,2026-05-13,839,N21,VIIRS,n,2.0NRT,310.51,11.92,D
30.9188,76.03027,332.68,0.35,0.57,2026-05-13,839,N21,VIIRS,l,2.0NRT,303.26,1.31,D
30.92145,74.63294,336.85,0.57,0.52,2026-05-13,839,N21,VIIRS,n,2.0NRT,305.27,5.95,D
30.94117,75.49856,348.94,0.32,0.55,2026-05-13,839,N21,VIIRS,n,2.0NRT,308.55,6.28,D
30.94514,75.6116,334.13,0.33,0.55,2026-05-13,839,N21,VIIRS,l,2.0NRT,304.86,1.93,D
30.94621,75.498,367,0.32,0.55,2026-05-13,839,N21,VIIRS,h,2.0NRT,310.1,6.28,D
30.94637,75.56312,333.9,0.33,0.55,2026-05-13,839,N21,VIIRS,l,2.0NRT,305.25,3.76,D
30.94732,75.6391,367,0.33,0.55,2026-05-13,839,N21,VIIRS,h,2.0NRT,307.14,6.81,D
30.9476,75.64256,343.77,0.33,0.55,2026-05-13,839,N21,VIIRS,n,2.0NRT,306.36,6.81,D
30.94978,75.54208,337.14,0.33,0.55,2026-05-13,839,N21,VIIRS,n,2.0NRT,306.76,2.83,D
30.95152,75.50083,331.34,0.32,0.55,2026-05-13,839,N21,VIIRS,n,2.0NRT,305.74,2.06,D
30.95195,75.96597,330.53,0.35,0.56,2026-05-13,839,N21,VIIRS,l,2.0NRT,302.37,1.1,D
30.95353,76.12783,345.33,0.35,0.57,2026-05-13,839,N21,VIIRS,n,2.0NRT,306.8,3.81,D
30.95877,75.52739,339.32,0.32,0.55,2026-05-13,839,N21,VIIRS,n,2.0NRT,306.65,4.82,D
30.95999,76.28918,338.57,0.36,0.58,2026-05-13,839,N21,VIIRS,n,2.0NRT,304.7,3.73,D
30.96066,75.94324,332.37,0.34,0.56,2026-05-13,839,N21,VIIRS,l,2.0NRT,303.21,2.14,D
30.96181,75.31187,336.17,0.63,0.54,2026-05-13,839,N21,VIIRS,l,2.0NRT,308.78,7.71,D
30.96693,75.38067,367,0.32,0.54,2026-05-13,839,N21,VIIRS,h,2.0NRT,306.44,8.17,D
30.96706,75.37984,367,0.32,0.54,2026-05-13,839,N21,VIIRS,h,2.0NRT,306.78,7.57,D
30.96721,75.384,335.32,0.32,0.54,2026-05-13,839,N21,VIIRS,n,2.0NRT,308.69,6.53,D
30.96749,75.96432,338.41,0.35,0.56,2026-05-13,839,N21,VIIRS,n,2.0NRT,301.05,2.4,D
30.96832,75.39732,338.78,0.32,0.55,2026-05-13,839,N21,VIIRS,n,2.0NRT,307.57,3.72,D
30.9686,75.40066,336.01,0.32,0.55,2026-05-13,839,N21,VIIRS,l,2.0NRT,307.18,3.72,D
30.96861,75.39986,343.47,0.32,0.55,2026-05-13,839,N21,VIIRS,n,2.0NRT,307.52,7.88,D
30.96886,75.40322,342.89,0.32,0.55,2026-05-13,839,N21,VIIRS,n,2.0NRT,308.29,5.51,D
30.96888,75.404,339.19,0.32,0.55,2026-05-13,839,N21,VIIRS,n,2.0NRT,308.35,3.86,D
30.97056,75.42406,334.14,0.32,0.55,2026-05-13,839,N21,VIIRS,l,2.0NRT,307.17,4.53,D
30.97066,75.42666,336.34,0.32,0.55,2026-05-13,839,N21,VIIRS,l,2.0NRT,307.48,3.68,D
30.98142,74.76491,338.05,0.59,0.52,2026-05-13,839,N21,VIIRS,n,2.0NRT,305.42,5.4,D
30.9857,75.92975,340.74,0.34,0.56,2026-05-13,839,N21,VIIRS,n,2.0NRT,302.59,6.41,D
30.98598,75.93334,339.91,0.34,0.56,2026-05-13,839,N21,VIIRS,n,2.0NRT,303.92,5.09,D
30.98789,74.7272,342.27,0.58,0.52,2026-05-13,839,N21,VIIRS,n,2.0NRT,305.75,8.32,D
30.9894,74.8011,338.24,0.59,0.53,2026-05-13,839,N21,VIIRS,n,2.0NRT,306.43,7.06,D
30.99317,74.78826,339.59,0.59,0.53,2026-05-13,839,N21,VIIRS,n,2.0NRT,307.96,7.85,D
30.99713,75.18902,340.85,0.62,0.54,2026-05-13,839,N21,VIIRS,n,2.0NRT,307.66,7.18,D
30.99747,75.57754,341.27,0.33,0.55,2026-05-13,839,N21,VIIRS,n,2.0NRT,304.38,2.47,D
31.00331,75.14263,342.28,0.62,0.54,2026-05-13,839,N21,VIIRS,n,2.0NRT,305,10.64,D
31.00915,75.21391,333.75,0.62,0.54,2026-05-13,839,N21,VIIRS,l,2.0NRT,304.88,6.22,D
31.01845,75.94809,336.07,0.35,0.56,2026-05-13,839,N21,VIIRS,n,2.0NRT,302.99,2.91,D
31.01926,76.09129,338.52,0.35,0.57,2026-05-13,839,N21,VIIRS,n,2.0NRT,303.71,2.33,D
31.01932,75.95892,334,0.35,0.56,2026-05-13,839,N21,VIIRS,n,2.0NRT,303.28,3.49,D
31.01987,76.09113,336.87,0.35,0.57,2026-05-13,839,N21,VIIRS,n,2.0NRT,303.01,1.84,D
31.01998,75.94764,335.71,0.35,0.56,2026-05-13,839,N21,VIIRS,n,2.0NRT,303.35,1.75,D
31.02276,75.50938,336.39,0.32,0.55,2026-05-13,839,N21,VIIRS,n,2.0NRT,302.71,1.53,D
31.02312,75.08202,338.62,0.61,0.54,2026-05-13,839,N21,VIIRS,n,2.0NRT,305.86,8.37,D
31.02473,75.10125,333.69,0.61,0.54,2026-05-13,839,N21,VIIRS,n,2.0NRT,303.49,3.37,D
31.02581,75.11411,343.4,0.61,0.54,2026-05-13,839,N21,VIIRS,n,2.0NRT,304.78,13.67,D
31.02897,75.21169,335.59,0.62,0.54,2026-05-13,839,N21,VIIRS,n,2.0NRT,305.54,7.47,D
31.03348,76.0713,333.18,0.35,0.57,2026-05-13,839,N21,VIIRS,l,2.0NRT,304.75,5.4,D
31.03377,76.07497,345.68,0.35,0.57,2026-05-13,839,N21,VIIRS,n,2.0NRT,305.68,7,D
31.03421,76.07104,332.92,0.35,0.57,2026-05-13,839,N21,VIIRS,l,2.0NRT,304.84,4.49,D
31.03447,76.07473,344.9,0.35,0.57,2026-05-13,839,N21,VIIRS,n,2.0NRT,305.15,6.44,D
31.03872,76.1377,337.92,0.35,0.57,2026-05-13,839,N21,VIIRS,n,2.0NRT,303.63,5.36,D
31.03901,76.13757,336.85,0.35,0.57,2026-05-13,839,N21,VIIRS,n,2.0NRT,303.74,4.72,D
31.04318,76.12217,331.64,0.35,0.57,2026-05-13,839,N21,VIIRS,l,2.0NRT,303.39,1.82,D
31.05273,76.56395,340.77,0.38,0.59,2026-05-13,839,N21,VIIRS,n,2.0NRT,302.32,5.89,D
31.05523,76.56332,347.43,0.38,0.58,2026-05-13,839,N21,VIIRS,n,2.0NRT,303.98,5.93,D
31.05555,76.14709,338.54,0.36,0.57,2026-05-13,839,N21,VIIRS,n,2.0NRT,303.94,3.78,D
31.05582,76.15082,335.31,0.36,0.57,2026-05-13,839,N21,VIIRS,n,2.0NRT,304.34,3.78,D
31.07797,75.88692,339.18,0.34,0.56,2026-05-13,839,N21,VIIRS,n,2.0NRT,302.9,4.9,D
31.09812,76.22168,336.5,0.36,0.57,2026-05-13,839,N21,VIIRS,n,2.0NRT,306.05,4.43,D
30.73941,71.76398,344.13,0.39,0.44,2026-05-13,841,N21,VIIRS,n,2.0NRT,307.85,6.85,D
30.74342,71.76338,345,0.39,0.44,2026-05-13,841,N21,VIIRS,n,2.0NRT,307.65,7,D
30.76269,71.86845,333.32,0.4,0.44,2026-05-13,841,N21,VIIRS,l,2.0NRT,307.28,3.52,D
30.81606,71.86896,334.37,0.4,0.44,2026-05-13,841,N21,VIIRS,l,2.0NRT,308.19,6.15,D
30.8165,71.87307,343.26,0.4,0.44,2026-05-13,841,N21,VIIRS,n,2.0NRT,308.12,7.11,D
30.82674,70.80085,343.48,0.52,0.42,2026-05-13,841,N21,VIIRS,n,2.0NRT,305.19,12.08,D
30.86151,70.73788,347.7,0.52,0.41,2026-05-13,841,N21,VIIRS,n,2.0NRT,304.42,8.89,D
30.86213,70.74328,341.84,0.52,0.41,2026-05-13,841,N21,VIIRS,n,2.0NRT,306.07,8.89,D
30.87594,72.19364,333.54,0.41,0.45,2026-05-13,841,N21,VIIRS,n,2.0NRT,303.24,1.64,D
30.93974,70.75109,343.02,0.52,0.42,2026-05-13,841,N21,VIIRS,n,2.0NRT,300.22,6.59,D
30.94062,70.75298,343.83,0.52,0.42,2026-05-13,841,N21,VIIRS,n,2.0NRT,300.98,6.74,D
30.95113,72.24671,343.25,0.42,0.45,2026-05-13,841,N21,VIIRS,n,2.0NRT,308.41,6.59,D
31.03354,70.75845,335.95,0.52,0.42,2026-05-13,841,N21,VIIRS,n,2.0NRT,301.11,3.56,D
31.04856,74.86284,334.41,0.59,0.53,2026-05-13,841,N21,VIIRS,l,2.0NRT,306,4.68,D
31.05768,75.37651,331.06,0.32,0.54,2026-05-13,841,N21,VIIRS,l,2.0NRT,304.54,1.7,D
31.05795,75.37985,330.41,0.32,0.55,2026-05-13,841,N21,VIIRS,l,2.0NRT,303.06,1.73,D
31.07054,74.7899,343.83,0.59,0.53,2026-05-13,841,N21,VIIRS,n,2.0NRT,306.36,14.27,D
31.07197,75.61441,345.15,0.33,0.55,2026-05-13,841,N21,VIIRS,n,2.0NRT,303.25,2.93,D
31.08232,72.1543,344.63,0.41,0.45,2026-05-13,841,N21,VIIRS,n,2.0NRT,306.34,7.09,D
31.08278,72.15861,338.03,0.41,0.45,2026-05-13,841,N21,VIIRS,n,2.0NRT,307.12,7.09,D
31.08571,75.09286,334.96,0.61,0.54,2026-05-13,841,N21,VIIRS,l,2.0NRT,305.05,3.82,D
31.08879,75.76034,338.38,0.34,0.56,2026-05-13,841,N21,VIIRS,n,2.0NRT,303.03,2.57,D
31.08924,72.21925,338.04,0.42,0.45,2026-05-13,841,N21,VIIRS,n,2.0NRT,302.77,4.53,D
31.09391,75.7598,338.26,0.34,0.56,2026-05-13,841,N21,VIIRS,n,2.0NRT,303.78,2.57,D
31.09904,75.75925,340.75,0.34,0.56,2026-05-13,841,N21,VIIRS,n,2.0NRT,304.48,2.83,D
31.10462,74.96213,336.08,0.6,0.53,2026-05-13,841,N21,VIIRS,n,2.0NRT,303.36,7.57,D
31.1082,75.06438,334.16,0.61,0.54,2026-05-13,841,N21,VIIRS,l,2.0NRT,305.44,3.66,D
31.10893,75.19477,337,0.62,0.54,2026-05-13,841,N21,VIIRS,n,2.0NRT,302.92,3.55,D
31.10979,75.86842,350.91,0.34,0.56,2026-05-13,841,N21,VIIRS,n,2.0NRT,304.18,5.61,D
31.11298,75.86882,346.94,0.34,0.56,2026-05-13,841,N21,VIIRS,n,2.0NRT,303.51,5.13,D
31.11365,75.07024,336.83,0.61,0.54,2026-05-13,841,N21,VIIRS,n,2.0NRT,306.15,3.66,D
31.11654,75.5461,335.75,0.33,0.55,2026-05-13,841,N21,VIIRS,n,2.0NRT,301.35,2.65,D
31.12071,73.35802,333.39,0.48,0.48,2026-05-13,841,N21,VIIRS,l,2.0NRT,304.57,3.91,D
31.12382,73.34981,338.44,0.48,0.48,2026-05-13,841,N21,VIIRS,n,2.0NRT,305.07,3.86,D
31.12396,75.64272,341.13,0.33,0.55,2026-05-13,841,N21,VIIRS,n,2.0NRT,302.03,1.93,D
31.12531,75.95835,367,0.35,0.56,2026-05-13,841,N21,VIIRS,h,2.0NRT,303.25,7.19,D
31.12671,75.95753,367,0.35,0.56,2026-05-13,841,N21,VIIRS,h,2.0NRT,303.34,6.09,D
31.12825,73.34923,332.71,0.48,0.48,2026-05-13,841,N21,VIIRS,l,2.0NRT,304.49,3.86,D
31.13736,75.68345,336.23,0.33,0.56,2026-05-13,841,N21,VIIRS,n,2.0NRT,302.6,3.61,D
31.13827,75.9016,335.1,0.34,0.56,2026-05-13,841,N21,VIIRS,n,2.0NRT,304.02,2.89,D
31.14584,75.15779,334.36,0.62,0.54,2026-05-13,841,N21,VIIRS,l,2.0NRT,305.18,7.31,D
31.14643,75.04712,340.12,0.61,0.53,2026-05-13,841,N21,VIIRS,n,2.0NRT,305.7,15.34,D
31.14697,75.05352,343.32,0.61,0.54,2026-05-13,841,N21,VIIRS,n,2.0NRT,304.31,15.34,D
31.14699,75.87888,350.61,0.34,0.56,2026-05-13,841,N21,VIIRS,n,2.0NRT,302.9,4.86,D
31.14859,75.0476,349.07,0.61,0.54,2026-05-13,841,N21,VIIRS,n,2.0NRT,306.98,32.52,D
31.15085,70.97533,338.58,0.54,0.42,2026-05-13,841,N21,VIIRS,l,2.0NRT,310.4,6.84,D
31.15134,75.04658,344.29,0.61,0.53,2026-05-13,841,N21,VIIRS,n,2.0NRT,305.4,15.34,D
31.15137,75.79922,343.33,0.34,0.56,2026-05-13,841,N21,VIIRS,n,2.0NRT,304.54,3.1,D
31.15164,75.80278,332.95,0.34,0.56,2026-05-13,841,N21,VIIRS,l,2.0NRT,303.7,3.1,D
31.15678,75.80223,342.8,0.34,0.56,2026-05-13,841,N21,VIIRS,n,2.0NRT,305.33,7.69,D
31.15705,75.80579,339.67,0.34,0.56,2026-05-13,841,N21,VIIRS,n,2.0NRT,304.05,5.99,D
31.15786,75.552,332.41,0.33,0.55,2026-05-13,841,N21,VIIRS,l,2.0NRT,303.8,2.75,D
31.16179,75.66673,367,0.33,0.56,2026-05-13,841,N21,VIIRS,h,2.0NRT,305.65,7.51,D
31.16522,75.91331,345.78,0.34,0.56,2026-05-13,841,N21,VIIRS,n,2.0NRT,303.05,3.5,D
31.16537,75.07159,335.75,0.61,0.54,2026-05-13,841,N21,VIIRS,n,2.0NRT,304.59,5.61,D
31.16829,75.07056,337.39,0.61,0.54,2026-05-13,841,N21,VIIRS,n,2.0NRT,304.83,5.65,D
31.17653,75.78937,348.58,0.34,0.56,2026-05-13,841,N21,VIIRS,n,2.0NRT,303.65,4.87,D
31.17669,76.13777,340.82,0.36,0.57,2026-05-13,841,N21,VIIRS,n,2.0NRT,304.37,3.09,D
31.18068,75.51845,330.08,0.33,0.55,2026-05-13,841,N21,VIIRS,l,2.0NRT,303.24,2.51,D
31.18153,75.72114,343.82,0.34,0.56,2026-05-13,841,N21,VIIRS,n,2.0NRT,302.73,7.03,D
31.1818,75.72466,367,0.34,0.56,2026-05-13,841,N21,VIIRS,h,2.0NRT,303.72,10.05,D
31.1836,76.08839,342.23,0.35,0.57,2026-05-13,841,N21,VIIRS,n,2.0NRT,302.31,3.82,D
31.19427,76.02037,337.4,0.35,0.57,2026-05-13,841,N21,VIIRS,n,2.0NRT,301.93,2.59,D
31.19489,75.06818,340,0.61,0.54,2026-05-13,841,N21,VIIRS,n,2.0NRT,304.66,12.26,D
31.19751,75.55247,335.78,0.33,0.55,2026-05-13,841,N21,VIIRS,n,2.0NRT,302.48,3.23,D
31.19866,75.55106,335.41,0.33,0.55,2026-05-13,841,N21,VIIRS,n,2.0NRT,303.04,2.91,D
31.19941,75.75122,336.16,0.34,0.56,2026-05-13,841,N21,VIIRS,n,2.0NRT,301.68,2.87,D
31.19982,75.06763,355.21,0.61,0.54,2026-05-13,841,N21,VIIRS,n,2.0NRT,306.06,12.26,D
31.20362,75.56575,367,0.33,0.55,2026-05-13,841,N21,VIIRS,h,2.0NRT,303.07,8.25,D
31.20487,75.56435,353.84,0.33,0.55,2026-05-13,841,N21,VIIRS,n,2.0NRT,301.97,6.61,D
31.20515,75.56779,335.69,0.33,0.55,2026-05-13,841,N21,VIIRS,n,2.0NRT,302.68,5.94,D
31.20634,75.53425,367,0.33,0.55,2026-05-13,841,N21,VIIRS,h,2.0NRT,304.59,5.94,D
31.21056,75.7981,333.57,0.34,0.56,2026-05-13,841,N21,VIIRS,n,2.0NRT,302.16,1.97,D
31.23052,75.88106,342.04,0.34,0.56,2026-05-13,841,N21,VIIRS,n,2.0NRT,301.39,3.08,D
31.23233,75.88256,349.65,0.34,0.56,2026-05-13,841,N21,VIIRS,n,2.0NRT,300.59,4.59,D
31.23798,73.60122,334.22,0.5,0.49,2026-05-13,841,N21,VIIRS,l,2.0NRT,305.25,5.4,D
31.23857,75.89644,336.36,0.34,0.56,2026-05-13,841,N21,VIIRS,n,2.0NRT,303.91,2.96,D
31.23989,75.91455,337.78,0.35,0.56,2026-05-13,841,N21,VIIRS,n,2.0NRT,303.57,6.24,D
31.24437,76.05604,332.33,0.35,0.57,2026-05-13,841,N21,VIIRS,n,2.0NRT,301.66,3.07,D
31.25121,75.08781,343.04,0.62,0.54,2026-05-13,841,N21,VIIRS,n,2.0NRT,307.69,16.67,D
31.25282,75.67258,337.93,0.33,0.56,2026-05-13,841,N21,VIIRS,n,2.0NRT,302.57,2.45,D
31.25302,75.0863,340.66,0.62,0.54,2026-05-13,841,N21,VIIRS,n,2.0NRT,303.2,8.09,D
31.25352,75.09277,335.82,0.62,0.54,2026-05-13,841,N21,VIIRS,l,2.0NRT,307.12,8.09,D
31.25504,70.74242,336.85,0.52,0.42,2026-05-13,841,N21,VIIRS,l,2.0NRT,307.81,8.96,D
31.25572,73.73856,336.38,0.51,0.49,2026-05-13,841,N21,VIIRS,n,2.0NRT,306.02,5,D
31.25661,73.73636,335.37,0.51,0.49,2026-05-13,841,N21,VIIRS,l,2.0NRT,306.23,4.66,D
31.25993,77.26129,334.78,0.42,0.61,2026-05-13,841,N21,VIIRS,n,2.0NRT,299.98,3.73,D
31.27119,75.06451,337.78,0.61,0.54,2026-05-13,841,N21,VIIRS,n,2.0NRT,304.98,4.49,D
31.27418,75.06556,334.25,0.61,0.54,2026-05-13,841,N21,VIIRS,l,2.0NRT,305.62,5.63,D
31.28543,75.89514,331.92,0.34,0.56,2026-05-13,841,N21,VIIRS,l,2.0NRT,302.68,2.13,D
31.29767,70.78395,338.58,0.53,0.42,2026-05-13,841,N21,VIIRS,n,2.0NRT,307.72,11.13,D
31.29829,75.92662,338.86,0.35,0.56,2026-05-13,841,N21,VIIRS,n,2.0NRT,303.59,2.32,D
31.29923,75.30077,335.96,0.64,0.54,2026-05-13,841,N21,VIIRS,l,2.0NRT,307.23,8.64,D
31.29964,75.29956,336.68,0.64,0.54,2026-05-13,841,N21,VIIRS,n,2.0NRT,306.59,6.76,D
31.30555,75.31065,333.19,0.32,0.54,2026-05-13,841,N21,VIIRS,n,2.0NRT,302.95,2.1,D
31.32178,75.697,331.92,0.34,0.56,2026-05-13,841,N21,VIIRS,l,2.0NRT,302.08,1.11,D
31.32218,75.01971,339,0.61,0.54,2026-05-13,841,N21,VIIRS,n,2.0NRT,305.08,3.74,D
31.32349,75.71821,336.09,0.34,0.56,2026-05-13,841,N21,VIIRS,n,2.0NRT,302.8,2.55,D
31.3247,75.6959,332.55,0.34,0.56,2026-05-13,841,N21,VIIRS,l,2.0NRT,303.17,1.91,D
31.32627,75.71716,333.45,0.34,0.56,2026-05-13,841,N21,VIIRS,n,2.0NRT,302.72,2.79,D
31.32891,75.78557,332.85,0.34,0.56,2026-05-13,841,N21,VIIRS,n,2.0NRT,302.81,2.95,D
31.33126,75.78468,335.82,0.34,0.56,2026-05-13,841,N21,VIIRS,n,2.0NRT,303.08,2.89,D
31.3409,75.84504,340.23,0.34,0.56,2026-05-13,841,N21,VIIRS,n,2.0NRT,304.05,4.62,D
31.34482,73.94556,335.8,0.53,0.5,2026-05-13,841,N21,VIIRS,n,2.0NRT,303.26,1.96,D
31.3551,75.96771,332.88,0.35,0.57,2026-05-13,841,N21,VIIRS,l,2.0NRT,302.95,3.93,D
31.35911,73.79972,332.83,0.52,0.5,2026-05-13,841,N21,VIIRS,l,2.0NRT,304.72,5.13,D
31.35967,73.79884,332.82,0.52,0.5,2026-05-13,841,N21,VIIRS,l,2.0NRT,304.73,3.25,D
31.36783,73.9427,332.28,0.53,0.5,2026-05-13,841,N21,VIIRS,l,2.0NRT,304.68,5.08,D
31.37425,75.66924,332.87,0.34,0.56,2026-05-13,841,N21,VIIRS,l,2.0NRT,304.92,2.29,D
31.38056,73.77423,331.4,0.52,0.5,2026-05-13,841,N21,VIIRS,l,2.0NRT,303.15,2.65,D
31.40319,73.82083,336.95,0.52,0.5,2026-05-13,841,N21,VIIRS,n,2.0NRT,303.62,4.76,D
31.41281,75.32502,367,0.32,0.55,2026-05-13,841,N21,VIIRS,h,2.0NRT,302.84,10.04,D
31.4129,70.74803,347.31,0.53,0.42,2026-05-13,841,N21,VIIRS,n,2.0NRT,310.15,14.28,D
31.41503,75.92821,330.45,0.35,0.57,2026-05-13,841,N21,VIIRS,l,2.0NRT,301.84,2.19,D
31.41989,72.22133,344.55,0.42,0.45,2026-05-13,841,N21,VIIRS,n,2.0NRT,305.6,6.39,D
31.42545,75.35755,346.48,0.32,0.55,2026-05-13,841,N21,VIIRS,n,2.0NRT,304.62,3.16,D
31.43369,73.80044,342.84,0.52,0.5,2026-05-13,841,N21,VIIRS,n,2.0NRT,304.33,10.3,D
31.43892,75.33566,367,0.32,0.55,2026-05-13,841,N21,VIIRS,h,2.0NRT,306.25,6.85,D
31.44027,75.41745,336.33,0.32,0.55,2026-05-13,841,N21,VIIRS,l,2.0NRT,307.97,4.08,D
31.44401,75.73624,339.44,0.34,0.56,2026-05-13,841,N21,VIIRS,n,2.0NRT,302.07,5.53,D
31.44477,75.4101,348.91,0.32,0.55,2026-05-13,841,N21,VIIRS,n,2.0NRT,308.66,10.96,D
31.44627,75.30096,331.28,0.32,0.54,2026-05-13,841,N21,VIIRS,l,2.0NRT,301.51,1.03,D
31.44954,75.40613,339.84,0.32,0.55,2026-05-13,841,N21,VIIRS,n,2.0NRT,305.69,9.68,D
31.44981,75.40954,367,0.32,0.55,2026-05-13,841,N21,VIIRS,h,2.0NRT,309.5,10.96,D
31.45033,72.29469,334.55,0.42,0.46,2026-05-13,841,N21,VIIRS,l,2.0NRT,304.68,4.03,D
31.46763,75.91502,345.3,0.35,0.57,2026-05-13,841,N21,VIIRS,n,2.0NRT,301.18,3.84,D
31.47376,75.20539,338.76,0.63,0.54,2026-05-13,841,N21,VIIRS,n,2.0NRT,304.64,8.23,D
31.47773,75.44087,338.81,0.33,0.55,2026-05-13,841,N21,VIIRS,n,2.0NRT,305.66,3.58,D
31.48068,75.35143,339.88,0.32,0.55,2026-05-13,841,N21,VIIRS,n,2.0NRT,304.65,7.79,D
31.48504,73.8548,333.69,0.52,0.5,2026-05-13,841,N21,VIIRS,n,2.0NRT,303.39,3.87,D
31.48543,75.3475,341.86,0.32,0.55,2026-05-13,841,N21,VIIRS,n,2.0NRT,305.25,5.68,D
31.48907,75.33009,339.94,0.32,0.55,2026-05-13,841,N21,VIIRS,n,2.0NRT,306.84,3.79,D
31.4899,75.34019,350.61,0.32,0.55,2026-05-13,841,N21,VIIRS,n,2.0NRT,306.56,4.91,D
31.49045,75.34695,347.12,0.32,0.55,2026-05-13,841,N21,VIIRS,n,2.0NRT,304.86,11.1,D
31.49109,75.2241,334.36,0.63,0.54,2026-05-13,841,N21,VIIRS,l,2.0NRT,304.8,3.72,D
31.49422,75.20978,334.21,0.63,0.54,2026-05-13,841,N21,VIIRS,l,2.0NRT,305.72,5.17,D
31.4949,75.34039,367,0.32,0.55,2026-05-13,841,N21,VIIRS,h,2.0NRT,303.36,5,D
31.49492,75.33962,350.58,0.32,0.55,2026-05-13,841,N21,VIIRS,n,2.0NRT,303.23,4.91,D
31.49505,75.21026,334.58,0.63,0.54,2026-05-13,841,N21,VIIRS,l,2.0NRT,306.22,4.61,D
31.49619,75.48035,341.74,0.33,0.55,2026-05-13,841,N21,VIIRS,n,2.0NRT,304.3,2.96,D
31.49765,75.43525,341.67,0.33,0.55,2026-05-13,841,N21,VIIRS,n,2.0NRT,306.73,7.43,D
31.50068,75.66587,340.74,0.34,0.56,2026-05-13,841,N21,VIIRS,n,2.0NRT,302.04,5.24,D
31.50096,75.6694,342.69,0.34,0.56,2026-05-13,841,N21,VIIRS,n,2.0NRT,303.05,4.62,D
31.50155,75.42883,351.9,0.33,0.55,2026-05-13,841,N21,VIIRS,n,2.0NRT,301.39,3.88,D
31.5018,75.43224,339.29,0.33,0.55,2026-05-13,841,N21,VIIRS,n,2.0NRT,305.85,5.82,D
31.50262,74.52071,334.54,0.57,0.52,2026-05-13,841,N21,VIIRS,n,2.0NRT,304.26,5.17,D
31.50607,75.42142,332.39,0.32,0.55,2026-05-13,841,N21,VIIRS,n,2.0NRT,302.03,1.09,D
31.50633,75.42484,342.98,0.32,0.55,2026-05-13,841,N21,VIIRS,n,2.0NRT,302.21,3.88,D
31.50662,75.42051,332.34,0.32,0.55,2026-05-13,841,N21,VIIRS,n,2.0NRT,301.92,3.58,D
31.5069,75.4239,341.05,0.32,0.55,2026-05-13,841,N21,VIIRS,n,2.0NRT,302.16,5.69,D
31.52234,75.3681,332.21,0.32,0.55,2026-05-13,841,N21,VIIRS,n,2.0NRT,300.21,2.02,D
31.52261,75.37149,332.04,0.32,0.55,2026-05-13,841,N21,VIIRS,n,2.0NRT,300.91,2.02,D
31.52763,75.37092,330.89,0.32,0.55,2026-05-13,841,N21,VIIRS,l,2.0NRT,301.72,2.23,D
31.53017,75.4706,346.4,0.33,0.55,2026-05-13,841,N21,VIIRS,n,2.0NRT,305.91,4.64,D
31.53044,75.47404,338.76,0.33,0.55,2026-05-13,841,N21,VIIRS,n,2.0NRT,305.13,4.64,D
31.53097,75.61762,367,0.33,0.56,2026-05-13,841,N21,VIIRS,h,2.0NRT,305.25,17.04,D
31.53314,75.44257,333.53,0.33,0.55,2026-05-13,841,N21,VIIRS,l,2.0NRT,304.39,2.89,D
31.53621,73.90761,332.39,0.53,0.5,2026-05-13,841,N21,VIIRS,l,2.0NRT,302.5,7.02,D
31.53919,75.07269,342.61,0.62,0.54,2026-05-13,841,N21,VIIRS,n,2.0NRT,306.09,10.64,D
31.54663,73.76743,332.31,0.52,0.5,2026-05-13,841,N21,VIIRS,l,2.0NRT,302.82,5.88,D
31.55857,75.25011,336.2,0.64,0.54,2026-05-13,841,N21,VIIRS,l,2.0NRT,306.6,4.63,D
31.56011,74.51225,339.3,0.57,0.52,2026-05-13,841,N21,VIIRS,n,2.0NRT,304.57,5.48,D
31.56294,75.6319,333.29,0.33,0.56,2026-05-13,841,N21,VIIRS,n,2.0NRT,301.95,2.63,D
31.56633,72.42747,335.55,0.43,0.46,2026-05-13,841,N21,VIIRS,n,2.0NRT,302.73,2.33,D
31.58749,75.48518,367,0.33,0.55,2026-05-13,841,N21,VIIRS,h,2.0NRT,303.79,9.19,D
31.58776,75.48863,351.89,0.33,0.55,2026-05-13,841,N21,VIIRS,n,2.0NRT,302.91,9.19,D
31.58817,75.4296,331.82,0.33,0.55,2026-05-13,841,N21,VIIRS,l,2.0NRT,303.36,2.98,D
31.58998,74.0368,342.7,0.54,0.51,2026-05-13,841,N21,VIIRS,n,2.0NRT,305.18,8.35,D
31.59025,74.7001,343.4,0.59,0.53,2026-05-13,841,N21,VIIRS,n,2.0NRT,305.84,13.51,D
31.60034,75.26742,332.11,0.32,0.54,2026-05-13,841,N21,VIIRS,l,2.0NRT,302.94,3.11,D
31.60071,75.26978,332.43,0.32,0.54,2026-05-13,841,N21,VIIRS,n,2.0NRT,302.13,1.48,D
31.60309,75.36845,343.77,0.32,0.55,2026-05-13,841,N21,VIIRS,n,2.0NRT,304.02,2.33,D
31.60364,75.36926,343.54,0.32,0.55,2026-05-13,841,N21,VIIRS,n,2.0NRT,304,4.09,D
31.60433,75.05756,334.8,0.62,0.54,2026-05-13,841,N21,VIIRS,l,2.0NRT,307.1,3.54,D
31.60551,74.1038,330.85,0.54,0.51,2026-05-13,841,N21,VIIRS,l,2.0NRT,302.38,5.07,D
31.60872,75.44386,367,0.33,0.55,2026-05-13,841,N21,VIIRS,h,2.0NRT,302.9,10.86,D
31.60886,74.10718,334.07,0.54,0.51,2026-05-13,841,N21,VIIRS,n,2.0NRT,303.98,4.39,D
31.60934,74.1129,335.58,0.54,0.51,2026-05-13,841,N21,VIIRS,n,2.0NRT,303.81,4.39,D
31.60976,75.44453,367,0.33,0.55,2026-05-13,841,N21,VIIRS,h,2.0NRT,302.83,8.32,D
31.61069,74.10893,341.19,0.54,0.51,2026-05-13,841,N21,VIIRS,n,2.0NRT,305.62,5.07,D
31.61624,75.2748,333.43,0.32,0.55,2026-05-13,841,N21,VIIRS,l,2.0NRT,303.64,1.53,D
31.61858,75.43929,346.01,0.33,0.55,2026-05-13,841,N21,VIIRS,n,2.0NRT,303.59,9.04,D
31.61932,75.43658,330.73,0.33,0.55,2026-05-13,841,N21,VIIRS,l,2.0NRT,302.46,3.36,D
31.6196,75.44001,341.26,0.33,0.55,2026-05-13,841,N21,VIIRS,n,2.0NRT,303.5,5.84,D
31.62479,75.38659,335.6,0.32,0.55,2026-05-13,841,N21,VIIRS,n,2.0NRT,303.01,2.03,D
31.62715,74.96999,331.67,0.61,0.54,2026-05-13,841,N21,VIIRS,l,2.0NRT,304.48,3.01,D
31.63,75.66331,332.23,0.34,0.56,2026-05-13,841,N21,VIIRS,n,2.0NRT,301.86,3.19,D
31.63111,73.82646,336.3,0.52,0.5,2026-05-13,841,N21,VIIRS,n,2.0NRT,304.37,3.08,D
31.63251,75.66364,333.98,0.34,0.56,2026-05-13,841,N21,VIIRS,n,2.0NRT,301.84,1.68,D
31.63371,73.8039,330.37,0.52,0.5,2026-05-13,841,N21,VIIRS,l,2.0NRT,301.24,2.4,D
31.63398,75.0542,339.73,0.62,0.54,2026-05-13,841,N21,VIIRS,n,2.0NRT,304.97,5.15,D
31.63863,75.30286,336.48,0.32,0.55,2026-05-13,841,N21,VIIRS,n,2.0NRT,302.15,2.99,D
31.64655,75.33955,343.61,0.32,0.55,2026-05-13,841,N21,VIIRS,n,2.0NRT,301.07,3.34,D
31.64681,75.34295,332.89,0.32,0.55,2026-05-13,841,N21,VIIRS,n,2.0NRT,301.45,3.34,D
31.64708,75.34635,335.88,0.32,0.55,2026-05-13,841,N21,VIIRS,n,2.0NRT,301.69,2.28,D
31.65822,75.23123,341.85,0.64,0.54,2026-05-13,841,N21,VIIRS,n,2.0NRT,302.95,8.14,D
31.66297,75.35485,333.3,0.32,0.55,2026-05-13,841,N21,VIIRS,n,2.0NRT,302.37,4.09,D
31.66512,72.43214,343.84,0.43,0.46,2026-05-13,841,N21,VIIRS,n,2.0NRT,305.07,7.37,D
31.66516,72.42902,343.83,0.43,0.46,2026-05-13,841,N21,VIIRS,n,2.0NRT,305.45,6.07,D
31.66779,75.41632,332.16,0.33,0.55,2026-05-13,841,N21,VIIRS,n,2.0NRT,300.68,2.74,D
31.67315,75.68727,340.24,0.34,0.56,2026-05-13,841,N21,VIIRS,n,2.0NRT,300.33,2.66,D
31.6752,74.7784,337.24,0.6,0.53,2026-05-13,841,N21,VIIRS,l,2.0NRT,307.55,12.99,D
31.67851,74.77659,343.16,0.6,0.53,2026-05-13,841,N21,VIIRS,n,2.0NRT,308.32,12.46,D
31.68335,75.10809,342.06,0.62,0.54,2026-05-13,841,N21,VIIRS,n,2.0NRT,305.22,7.4,D
31.68455,75.10685,341.3,0.63,0.54,2026-05-13,841,N21,VIIRS,n,2.0NRT,304.67,12.19,D
31.68907,75.30069,337.21,0.32,0.55,2026-05-13,841,N21,VIIRS,n,2.0NRT,303.41,2.52,D
31.69529,75.63848,333.77,0.34,0.56,2026-05-13,841,N21,VIIRS,n,2.0NRT,301.23,2,D
31.69784,72.28645,331.64,0.43,0.46,2026-05-13,841,N21,VIIRS,l,2.0NRT,302.67,3.3,D
31.69841,75.092,334.71,0.62,0.54,2026-05-13,841,N21,VIIRS,n,2.0NRT,301.79,7.75,D
31.70398,72.22202,345.03,0.42,0.45,2026-05-13,841,N21,VIIRS,n,2.0NRT,305.26,8.87,D
31.71139,75.32803,341.29,0.32,0.55,2026-05-13,841,N21,VIIRS,n,2.0NRT,301.78,3.8,D
31.71163,75.32893,337.55,0.32,0.55,2026-05-13,841,N21,VIIRS,n,2.0NRT,301.6,3.52,D
31.71359,75.03085,346.27,0.62,0.54,2026-05-13,841,N21,VIIRS,n,2.0NRT,306.04,10.03,D
31.71664,74.12273,337.04,0.55,0.51,2026-05-13,841,N21,VIIRS,n,2.0NRT,304.77,7.1,D
31.71876,74.12264,336.61,0.55,0.51,2026-05-13,841,N21,VIIRS,n,2.0NRT,304.4,8.49,D
31.71879,70.76811,337.95,0.53,0.42,2026-05-13,841,N21,VIIRS,l,2.0NRT,309.84,8.76,D
31.71925,72.24702,332.2,0.43,0.46,2026-05-13,841,N21,VIIRS,l,2.0NRT,303.89,1.26,D
31.7239,73.77541,333.62,0.52,0.5,2026-05-13,841,N21,VIIRS,n,2.0NRT,303.07,4.02,D
31.73724,75.01502,335.56,0.62,0.54,2026-05-13,841,N21,VIIRS,n,2.0NRT,303.41,5.63,D
31.75576,75.05903,335.14,0.62,0.54,2026-05-13,841,N21,VIIRS,n,2.0NRT,304.39,8.97,D
31.76934,74.46772,338.88,0.57,0.52,2026-05-13,841,N21,VIIRS,n,2.0NRT,305.98,5.35,D
31.78367,75.15568,331.98,0.63,0.54,2026-05-13,841,N21,VIIRS,n,2.0NRT,300.31,3.27,D
31.78471,74.96458,339.6,0.61,0.54,2026-05-13,841,N21,VIIRS,n,2.0NRT,304.74,6.68,D
31.7877,74.96346,335.41,0.61,0.54,2026-05-13,841,N21,VIIRS,n,2.0NRT,304.51,7.9,D
31.78913,74.95753,343.77,0.61,0.54,2026-05-13,841,N21,VIIRS,n,2.0NRT,305.61,13.32,D
31.79207,74.95643,340.13,0.61,0.54,2026-05-13,841,N21,VIIRS,n,2.0NRT,304.04,7.9,D
31.79382,74.58788,341.15,0.58,0.52,2026-05-13,841,N21,VIIRS,n,2.0NRT,304.31,7.17,D
31.79842,75.59832,330.69,0.34,0.56,2026-05-13,841,N21,VIIRS,l,2.0NRT,302.51,2.97,D
31.80021,74.43359,335.78,0.57,0.52,2026-05-13,841,N21,VIIRS,n,2.0NRT,304.83,7.58,D
31.80072,74.43961,343.75,0.57,0.52,2026-05-13,841,N21,VIIRS,n,2.0NRT,303.34,7.58,D
31.81254,74.3535,342.58,0.56,0.52,2026-05-13,841,N21,VIIRS,n,2.0NRT,309.89,11.81,D
31.81305,74.35947,344.17,0.57,0.52,2026-05-13,841,N21,VIIRS,n,2.0NRT,309.61,16.13,D
31.81322,74.94825,331.2,0.61,0.54,2026-05-13,841,N21,VIIRS,n,2.0NRT,301.03,4.11,D
31.82334,74.5349,335.81,0.58,0.52,2026-05-13,841,N21,VIIRS,n,2.0NRT,305.77,7.07,D
31.83357,73.70403,335.14,0.52,0.5,2026-05-13,841,N21,VIIRS,n,2.0NRT,301.47,6.75,D
31.83442,74.60799,342.73,0.59,0.52,2026-05-13,841,N21,VIIRS,n,2.0NRT,303.35,9.76,D
31.83614,74.13721,332.71,0.55,0.51,2026-05-13,841,N21,VIIRS,n,2.0NRT,302.19,6.14,D
31.83851,74.13499,337.49,0.55,0.51,2026-05-13,841,N21,VIIRS,n,2.0NRT,302.71,8.01,D
31.84977,75.48798,335.28,0.33,0.55,2026-05-13,841,N21,VIIRS,n,2.0NRT,300.05,2.95,D
31.85436,73.20797,330.05,0.48,0.48,2026-05-13,841,N21,VIIRS,l,2.0NRT,300.93,3.73,D
31.85536,73.2103,339.33,0.48,0.48,2026-05-13,841,N21,VIIRS,n,2.0NRT,301.57,4.93,D
31.86462,74.10841,337.23,0.55,0.51,2026-05-13,841,N21,VIIRS,n,2.0NRT,305.58,6.43,D
31.87602,72.39449,330.42,0.44,0.46,2026-05-13,841,N21,VIIRS,l,2.0NRT,302.13,0.82,D
31.88428,74.45238,332.84,0.57,0.52,2026-05-13,841,N21,VIIRS,l,2.0NRT,304.99,3.03,D
31.88581,74.77087,331.4,0.6,0.53,2026-05-13,841,N21,VIIRS,n,2.0NRT,301.38,5.19,D
31.8876,74.77209,336.98,0.6,0.53,2026-05-13,841,N21,VIIRS,n,2.0NRT,302.19,5.48,D
31.90049,74.35928,331.68,0.57,0.52,2026-05-13,841,N21,VIIRS,l,2.0NRT,301.7,3.98,D
31.90563,75.22575,336.17,0.32,0.54,2026-05-13,841,N21,VIIRS,n,2.0NRT,300.04,2.42,D
31.93058,75.21861,330.08,0.32,0.55,2026-05-13,841,N21,VIIRS,l,2.0NRT,300.13,3.21,D
31.93928,72.42765,340.5,0.44,0.46,2026-05-13,841,N21,VIIRS,n,2.0NRT,305.55,4.86,D
31.94682,74.56211,336.03,0.58,0.52,2026-05-13,841,N21,VIIRS,n,2.0NRT,305.68,5.28,D
31.96407,74.88425,330.38,0.61,0.53,2026-05-13,841,N21,VIIRS,l,2.0NRT,300.68,2.35,D
31.97081,70.88636,338.88,0.54,0.42,2026-05-13,841,N21,VIIRS,l,2.0NRT,310.72,6.48,D
31.9818,75.35711,341.48,0.33,0.55,2026-05-13,841,N21,VIIRS,n,2.0NRT,301.48,2.87,D
31.98429,74.60142,333.37,0.59,0.53,2026-05-13,841,N21,VIIRS,l,2.0NRT,304.15,5.02,D
32.01397,73.85744,337.34,0.53,0.5,2026-05-13,841,N21,VIIRS,n,2.0NRT,299.15,6.03,D
32.01525,75.32931,345.35,0.32,0.55,2026-05-13,841,N21,VIIRS,n,2.0NRT,302.69,3.64,D
32.01868,72.45138,331.39,0.44,0.46,2026-05-13,841,N21,VIIRS,l,2.0NRT,303.09,0.94,D
32.022,75.1628,330.06,0.63,0.54,2026-05-13,841,N21,VIIRS,l,2.0NRT,301.22,2.84,D
32.0295,71.82159,337.13,0.41,0.45,2026-05-13,841,N21,VIIRS,l,2.0NRT,310.3,8.44,D
32.02987,71.82042,336.78,0.41,0.45,2026-05-13,841,N21,VIIRS,l,2.0NRT,309.57,9.1,D
32.04897,73.37531,342.81,0.5,0.49,2026-05-13,841,N21,VIIRS,n,2.0NRT,301.72,3.88,D
32.05258,70.86703,338.19,0.54,0.42,2026-05-13,841,N21,VIIRS,l,2.0NRT,311.57,6.32,D
32.05438,75.252,335.37,0.32,0.55,2026-05-13,841,N21,VIIRS,n,2.0NRT,300.25,2.34,D
32.06794,72.87099,330.7,0.47,0.47,2026-05-13,841,N21,VIIRS,l,2.0NRT,302.41,2.9,D
32.07542,73.51152,336.48,0.51,0.49,2026-05-13,841,N21,VIIRS,n,2.0NRT,301.62,3.97,D
32.11753,75.34519,346.76,0.33,0.55,2026-05-13,841,N21,VIIRS,n,2.0NRT,302.31,4.21,D
32.11977,72.47701,331.66,0.44,0.46,2026-05-13,841,N21,VIIRS,n,2.0NRT,301.54,2.38,D
32.12559,72.76635,330.39,0.46,0.47,2026-05-13,841,N21,VIIRS,l,2.0NRT,301.8,0.88,D
32.1274,74.58313,333.45,0.59,0.53,2026-05-13,841,N21,VIIRS,n,2.0NRT,299.45,7.56,D
32.1283,72.7687,334.54,0.46,0.47,2026-05-13,841,N21,VIIRS,n,2.0NRT,303.34,2.34,D
32.15252,75.6613,337.06,0.34,0.56,2026-05-13,841,N21,VIIRS,n,2.0NRT,300.6,2.97,D
32.15969,74.50439,331.25,0.58,0.52,2026-05-13,841,N21,VIIRS,n,2.0NRT,299.4,11.07,D
32.15982,73.66891,340.35,0.52,0.5,2026-05-13,841,N21,VIIRS,n,2.0NRT,302.52,5.61,D
32.1638,73.26814,332.63,0.49,0.49,2026-05-13,841,N21,VIIRS,n,2.0NRT,300.4,4.78,D
32.16743,74.54596,331.28,0.59,0.53,2026-05-13,841,N21,VIIRS,n,2.0NRT,300.88,4.56,D
32.16821,74.54704,331.21,0.59,0.52,2026-05-13,841,N21,VIIRS,n,2.0NRT,300.66,6.89,D
32.17661,73.65014,343.03,0.52,0.5,2026-05-13,841,N21,VIIRS,n,2.0NRT,297.87,6.04,D
32.20732,72.45378,342.82,0.44,0.46,2026-05-13,841,N21,VIIRS,n,2.0NRT,304.5,5.43,D
32.20767,72.45055,341.86,0.44,0.46,2026-05-13,841,N21,VIIRS,n,2.0NRT,303.96,3.9,D
32.20815,72.45522,330.7,0.44,0.46,2026-05-13,841,N21,VIIRS,l,2.0NRT,303.54,3.9,D
32.21012,71.29388,338.9,0.38,0.43,2026-05-13,841,N21,VIIRS,l,2.0NRT,311.87,7.02,D
32.21219,75.26283,338.21,0.32,0.55,2026-05-13,841,N21,VIIRS,n,2.0NRT,302.69,2.78,D
32.22125,73.5213,340.69,0.51,0.49,2026-05-13,841,N21,VIIRS,n,2.0NRT,301.37,4.99,D
32.22733,71.3036,343.94,0.38,0.43,2026-05-13,841,N21,VIIRS,n,2.0NRT,310.33,7.91,D
32.24304,72.64607,331.08,0.45,0.47,2026-05-13,841,N21,VIIRS,l,2.0NRT,304.21,2.51,D
32.24593,75.36699,335.12,0.33,0.55,2026-05-13,841,N21,VIIRS,n,2.0NRT,301.64,3.43,D
32.24621,75.37046,330.38,0.33,0.55,2026-05-13,841,N21,VIIRS,l,2.0NRT,300.68,3.61,D
32.25505,71.41133,338.13,0.39,0.44,2026-05-13,841,N21,VIIRS,l,2.0NRT,311.58,5.08,D
32.28174,73.20733,330.01,0.49,0.49,2026-05-13,841,N21,VIIRS,l,2.0NRT,300.52,1.7,D
32.33033,74.06934,333,0.55,0.51,2026-05-13,841,N21,VIIRS,l,2.0NRT,305.75,5.45,D
32.33959,74.17513,333.69,0.56,0.51,2026-05-13,841,N21,VIIRS,n,2.0NRT,303.65,7.53,D
32.34172,74.14501,332.67,0.56,0.51,2026-05-13,841,N21,VIIRS,l,2.0NRT,303.32,2.93,D
32.34418,73.86952,330.49,0.54,0.51,2026-05-13,841,N21,VIIRS,l,2.0NRT,302.95,4.89,D
32.34817,72.58006,342.67,0.45,0.47,2026-05-13,841,N21,VIIRS,n,2.0NRT,304.98,9.2,D
32.3513,74.42326,331.09,0.58,0.52,2026-05-13,841,N21,VIIRS,n,2.0NRT,299.8,6.4,D
32.35272,74.16159,341.08,0.56,0.51,2026-05-13,841,N21,VIIRS,n,2.0NRT,304.95,7.88,D
32.35428,74.16142,339.57,0.56,0.51,2026-05-13,841,N21,VIIRS,n,2.0NRT,304.83,12.88,D
32.35555,71.85201,340.13,0.41,0.45,2026-05-13,841,N21,VIIRS,n,2.0NRT,308.24,2.64,D
32.35851,71.85276,338.22,0.41,0.45,2026-05-13,841,N21,VIIRS,l,2.0NRT,308.4,2.56,D
32.36026,72.26453,335.31,0.43,0.46,2026-05-13,841,N21,VIIRS,n,2.0NRT,303.27,3.6,D
32.36345,72.33904,331.39,0.44,0.46,2026-05-13,841,N21,VIIRS,l,2.0NRT,305.27,2.3,D
32.36401,72.25935,336.79,0.43,0.46,2026-05-13,841,N21,VIIRS,n,2.0NRT,306.63,8.03,D
32.36447,72.26395,344.28,0.43,0.46,2026-05-13,841,N21,VIIRS,n,2.0NRT,307.88,10.3,D
32.38286,73.9923,342.62,0.55,0.51,2026-05-13,841,N21,VIIRS,n,2.0NRT,304.16,9.05,D
32.3842,71.81806,333.78,0.41,0.45,2026-05-13,841,N21,VIIRS,l,2.0NRT,308.77,1.81,D
32.38435,74.00969,331.72,0.55,0.51,2026-05-13,841,N21,VIIRS,l,2.0NRT,301.79,6.23,D
32.39032,74.61368,336.72,0.59,0.53,2026-05-13,841,N21,VIIRS,n,2.0NRT,302.34,6.44,D
32.391,74.2594,331.15,0.57,0.52,2026-05-13,841,N21,VIIRS,l,2.0NRT,304.54,5.08,D
32.39171,74.61304,341.33,0.59,0.53,2026-05-13,841,N21,VIIRS,n,2.0NRT,302.69,6.9,D
32.41545,74.04118,344.36,0.55,0.51,2026-05-13,841,N21,VIIRS,n,2.0NRT,301.31,5.98,D
32.42789,74.07511,332.75,0.55,0.51,2026-05-13,841,N21,VIIRS,n,2.0NRT,302.41,3.25,D
32.44378,74.25916,338.43,0.57,0.52,2026-05-13,841,N21,VIIRS,n,2.0NRT,299.65,5.36,D
32.49907,73.831,330.47,0.54,0.5,2026-05-13,841,N21,VIIRS,l,2.0NRT,303.72,6.08,D
32.50282,73.76753,331.62,0.53,0.5,2026-05-13,841,N21,VIIRS,l,2.0NRT,304.67,3.49,D
32.52386,74.46389,331.08,0.58,0.52,2026-05-13,841,N21,VIIRS,l,2.0NRT,302.41,3.13,D
32.53151,73.82696,333.43,0.54,0.5,2026-05-13,841,N21,VIIRS,l,2.0NRT,305.58,5.42,D
32.5442,73.88127,336.51,0.54,0.51,2026-05-13,841,N21,VIIRS,n,2.0NRT,306.49,5.18,D
32.54592,73.88287,339.29,0.54,0.51,2026-05-13,841,N21,VIIRS,n,2.0NRT,306.22,3.54,D
32.55141,73.79958,331.97,0.53,0.5,2026-05-13,841,N21,VIIRS,l,2.0NRT,305.57,2.69,D
32.5738,73.73392,339.42,0.53,0.5,2026-05-13,841,N21,VIIRS,n,2.0NRT,304.72,4.96,D
32.57967,73.80174,336.75,0.53,0.5,2026-05-13,841,N21,VIIRS,l,2.0NRT,307.36,4.7,D
32.58302,73.73275,343.55,0.53,0.5,2026-05-13,841,N21,VIIRS,n,2.0NRT,308.77,12.43,D
32.58764,73.73216,336.61,0.53,0.5,2026-05-13,841,N21,VIIRS,l,2.0NRT,307.96,12.43,D
32.59373,73.7485,343.22,0.53,0.5,2026-05-13,841,N21,VIIRS,n,2.0NRT,307.89,7.51,D
32.59406,73.80569,343.88,0.54,0.5,2026-05-13,841,N21,VIIRS,n,2.0NRT,307.29,7.41,D
32.60508,73.7186,333.46,0.53,0.5,2026-05-13,841,N21,VIIRS,l,2.0NRT,305.88,7.83,D
32.63971,73.74793,340.51,0.53,0.5,2026-05-13,841,N21,VIIRS,n,2.0NRT,307.16,4.22,D
32.6403,73.81101,335.54,0.54,0.51,2026-05-13,841,N21,VIIRS,l,2.0NRT,307.5,5.45,D
32.64041,73.74837,336.49,0.53,0.5,2026-05-13,841,N21,VIIRS,l,2.0NRT,307.06,6.14,D
32.64141,73.81131,335.94,0.54,0.51,2026-05-13,841,N21,VIIRS,l,2.0NRT,307.44,6.85,D
32.65885,73.80869,334.77,0.54,0.51,2026-05-13,841,N21,VIIRS,l,2.0NRT,307.96,4.95,D
32.65995,73.80901,335.69,0.54,0.51,2026-05-13,841,N21,VIIRS,l,2.0NRT,308.29,4.86,D
32.70743,74.69014,334.73,0.6,0.53,2026-05-13,841,N21,VIIRS,l,2.0NRT,306.22,6.72,D
32.72045,74.69561,331.81,0.61,0.53,2026-05-13,841,N21,VIIRS,l,2.0NRT,305.93,4.48,D
32.72383,74.53396,335.29,0.59,0.53,2026-05-13,841,N21,VIIRS,l,2.0NRT,306.09,11,D
32.72755,74.53376,334.57,0.59,0.53,2026-05-13,841,N21,VIIRS,l,2.0NRT,306.44,6.47,D
32.73156,73.99823,337.74,0.55,0.51,2026-05-13,841,N21,VIIRS,l,2.0NRT,310.23,7.2,D
32.75483,74.56889,338.83,0.6,0.53,2026-05-13,841,N21,VIIRS,n,2.0NRT,305.6,2.97,D
32.79837,71.51062,345.73,0.4,0.44,2026-05-13,841,N21,VIIRS,n,2.0NRT,303.93,4.88,D
32.8404,73.59963,347.93,0.52,0.5,2026-05-13,841,N21,VIIRS,n,2.0NRT,310.52,7.63,D
32.84057,73.60177,344.92,0.52,0.5,2026-05-13,841,N21,VIIRS,n,2.0NRT,311.15,12.86,D
32.84618,73.61236,338.83,0.52,0.5,2026-05-13,841,N21,VIIRS,l,2.0NRT,308.99,8.46,D
32.85703,73.63152,335.61,0.53,0.5,2026-05-13,841,N21,VIIRS,l,2.0NRT,306.75,4.27,D
32.85741,73.6336,335.07,0.53,0.5,2026-05-13,841,N21,VIIRS,l,2.0NRT,306.28,6.39,D
33.25089,71.61443,333.52,0.41,0.45,2026-05-13,841,N21,VIIRS,n,2.0NRT,303.3,2.69,D
29.08436,88.01103,304.48,0.49,0.49,2026-05-13,1923,N21,VIIRS,n,2.0NRT,276.57,2.4,N
21.24626,94.90266,302.02,0.4,0.37,2026-05-13,1925,N21,VIIRS,n,2.0NRT,280.45,0.99,N
21.3736,81.68107,299.51,0.51,0.66,2026-05-13,1925,N21,VIIRS,n,2.0NRT,278.48,1.3,N
21.37514,81.67783,303.38,0.51,0.66,2026-05-13,1925,N21,VIIRS,n,2.0NRT,282.75,1.82,N
21.59044,96.22871,305.14,0.44,0.38,2026-05-13,1925,N21,VIIRS,n,2.0NRT,292.82,1.63,N
21.6708,82.07903,310.15,0.48,0.65,2026-05-13,1925,N21,VIIRS,n,2.0NRT,288.06,3.59,N
21.6732,82.07745,304.63,0.48,0.65,2026-05-13,1925,N21,VIIRS,n,2.0NRT,288.18,3.87,N
21.67563,84.0382,309.21,0.36,0.57,2026-05-13,1925,N21,VIIRS,n,2.0NRT,279.97,1.27,N
21.68089,84.03873,308.46,0.36,0.57,2026-05-13,1925,N21,VIIRS,n,2.0NRT,280.47,1.27,N
21.73446,83.98113,302.43,0.36,0.57,2026-05-13,1925,N21,VIIRS,n,2.0NRT,284.14,0.88,N
21.75028,83.81573,317.34,0.37,0.58,2026-05-13,1925,N21,VIIRS,n,2.0NRT,286.82,2.34,N
21.75709,84.02245,319.18,0.36,0.57,2026-05-13,1925,N21,VIIRS,n,2.0NRT,284.38,2.94,N
21.7627,84.01956,305.05,0.36,0.57,2026-05-13,1925,N21,VIIRS,n,2.0NRT,284.64,1.1,N
21.76797,84.02015,304.6,0.36,0.57,2026-05-13,1925,N21,VIIRS,n,2.0NRT,284.47,1.1,N
21.77324,84.0207,302.43,0.36,0.57,2026-05-13,1925,N21,VIIRS,n,2.0NRT,284.65,0.74,N
21.77492,83.83973,301.91,0.37,0.58,2026-05-13,1925,N21,VIIRS,n,2.0NRT,285.29,1.22,N
21.78128,83.82979,302.44,0.37,0.58,2026-05-13,1925,N21,VIIRS,n,2.0NRT,285.97,1.18,N
21.82308,97.12827,301.2,0.47,0.4,2026-05-13,1925,N21,VIIRS,n,2.0NRT,290.45,0.54,N
21.84062,83.98259,306.24,0.36,0.58,2026-05-13,1925,N21,VIIRS,n,2.0NRT,286.53,0.89,N
21.87405,83.49551,310.68,0.39,0.59,2026-05-13,1925,N21,VIIRS,n,2.0NRT,288.15,1.46,N
21.87553,83.49535,310.92,0.39,0.59,2026-05-13,1925,N21,VIIRS,n,2.0NRT,288.26,1.42,N
21.92218,83.35031,321.58,0.4,0.6,2026-05-13,1925,N21,VIIRS,n,2.0NRT,289.69,3.44,N
21.92327,83.33869,308.61,0.4,0.6,2026-05-13,1925,N21,VIIRS,n,2.0NRT,288.28,2.23,N
21.98328,83.2315,309.79,0.41,0.6,2026-05-13,1925,N21,VIIRS,n,2.0NRT,287.8,1.76,N
21.98374,83.23076,306.53,0.41,0.6,2026-05-13,1925,N21,VIIRS,n,2.0NRT,287.91,1.81,N
22.0353,83.73909,298.13,0.38,0.59,2026-05-13,1925,N21,VIIRS,n,2.0NRT,279.1,0.97,N
22.03601,83.73179,295.7,0.38,0.59,2026-05-13,1925,N21,VIIRS,n,2.0NRT,274.59,0.95,N
22.03931,83.35253,305.83,0.4,0.6,2026-05-13,1925,N21,VIIRS,n,2.0NRT,288.26,1.48,N
22.04104,83.73592,299.68,0.38,0.59,2026-05-13,1925,N21,VIIRS,n,2.0NRT,278.74,0.97,N
22.04502,97.17359,301.22,0.47,0.4,2026-05-13,1925,N21,VIIRS,n,2.0NRT,288.94,0.8,N
22.06312,83.70458,298.24,0.38,0.59,2026-05-13,1925,N21,VIIRS,n,2.0NRT,275.29,0.36,N
22.06585,83.70529,298.17,0.38,0.59,2026-05-13,1925,N21,VIIRS,n,2.0NRT,275.38,0.49,N
22.08409,83.11361,303.7,0.42,0.61,2026-05-13,1925,N21,VIIRS,n,2.0NRT,289.08,2.03,N
22.08893,83.12235,302.78,0.42,0.61,2026-05-13,1925,N21,VIIRS,n,2.0NRT,288.99,1.83,N
22.0893,83.11832,322.48,0.42,0.61,2026-05-13,1925,N21,VIIRS,n,2.0NRT,289.1,2.03,N
22.33065,82.60772,301.02,0.45,0.63,2026-05-13,1925,N21,VIIRS,n,2.0NRT,279.21,1.16,N
22.56784,79.81358,309.06,0.69,0.74,2026-05-13,1925,N21,VIIRS,n,2.0NRT,290.51,3.24,N
22.56878,79.81679,311.98,0.69,0.74,2026-05-13,1925,N21,VIIRS,n,2.0NRT,290.55,3.2,N
23.30358,97.00195,300.4,0.45,0.39,2026-05-13,1925,N21,VIIRS,n,2.0NRT,288.49,0.72,N
23.82161,84.57316,309.15,0.35,0.57,2026-05-13,1925,N21,VIIRS,n,2.0NRT,270.86,1.04,N
23.82681,84.57377,302.4,0.35,0.57,2026-05-13,1925,N21,VIIRS,n,2.0NRT,272.01,1.08,N
24.14262,82.7103,304.8,0.47,0.64,2026-05-13,1925,N21,VIIRS,n,2.0NRT,293.44,0.96,N
24.14293,82.63531,302.31,0.47,0.64,2026-05-13,1925,N21,VIIRS,n,2.0NRT,289.17,1.39,N
24.15175,82.60062,306.76,0.47,0.64,2026-05-13,1925,N21,VIIRS,n,2.0NRT,292.99,1.79,N
24.16646,82.62212,309.01,0.47,0.64,2026-05-13,1925,N21,VIIRS,n,2.0NRT,292.87,1.96,N
24.20091,82.71185,309.64,0.47,0.64,2026-05-13,1925,N21,VIIRS,n,2.0NRT,293.84,1.93,N
24.20678,82.71239,308.34,0.47,0.64,2026-05-13,1925,N21,VIIRS,n,2.0NRT,293.98,1.93,N
24.53471,80.77773,304.18,0.63,0.72,2026-05-13,1925,N21,VIIRS,n,2.0NRT,291.7,2.7,N
24.9085,91.82789,304.7,0.42,0.38,2026-05-13,1925,N21,VIIRS,n,2.0NRT,292.39,0.81,N
24.92148,84.15616,304.41,0.38,0.59,2026-05-13,1925,N21,VIIRS,n,2.0NRT,294.03,0.69,N
25.06997,79.98236,303.44,0.71,0.75,2026-05-13,1925,N21,VIIRS,n,2.0NRT,292.67,1.75,N
26.63845,79.47376,313.18,0.79,0.78,2026-05-13,1925,N21,VIIRS,n,2.0NRT,290.66,7.09,N
26.64107,79.47939,329.92,0.79,0.78,2026-05-13,1925,N21,VIIRS,n,2.0NRT,291.35,12.74,N
26.64143,79.47141,332.06,0.79,0.78,2026-05-13,1925,N21,VIIRS,n,2.0NRT,288.24,12.74,N
26.64525,79.48209,304.14,0.79,0.78,2026-05-13,1925,N21,VIIRS,n,2.0NRT,290.27,12.79,N
26.64565,79.47414,327.88,0.79,0.78,2026-05-13,1925,N21,VIIRS,n,2.0NRT,287.45,7.09,N
17.50936,78.43383,306.75,0.76,0.77,2026-05-13,1928,N21,VIIRS,n,2.0NRT,273.62,1.52,N
17.6025,83.19923,306.15,0.36,0.58,2026-05-13,1928,N21,VIIRS,n,2.0NRT,284.41,1.23,N
17.6074,83.20324,333.2,0.36,0.58,2026-05-13,1928,N21,VIIRS,n,2.0NRT,286.44,3.06,N
17.61269,83.20382,322.28,0.36,0.58,2026-05-13,1928,N21,VIIRS,n,2.0NRT,284.57,3.06,N
18.06527,79.93835,300.93,0.61,0.71,2026-05-13,1928,N21,VIIRS,n,2.0NRT,275.47,1.07,N
18.07178,79.93898,304.37,0.61,0.71,2026-05-13,1928,N21,VIIRS,n,2.0NRT,275.32,1.29,N
18.79866,83.8252,302.48,0.34,0.56,2026-05-13,1928,N21,VIIRS,n,2.0NRT,279.32,0.81,N
19.10519,82.16467,306.56,0.44,0.63,2026-05-13,1928,N21,VIIRS,n,2.0NRT,269.54,1.34,N
29.81852,79.01302,304.46,0.58,0.52,2026-05-13,2104,N21,VIIRS,n,2.0NRT,287.87,2.05,N
29.81919,79.01384,301.3,0.58,0.52,2026-05-13,2104,N21,VIIRS,n,2.0NRT,287.97,1.07,N
30.09694,78.61707,298.91,0.54,0.51,2026-05-13,2104,N21,VIIRS,n,2.0NRT,288.32,0.49,N
30.10775,78.84641,298.6,0.56,0.51,2026-05-13,2104,N21,VIIRS,n,2.0NRT,286.84,1.43,N
30.28945,79.17573,297.53,0.58,0.52,2026-05-13,2104,N21,VIIRS,n,2.0NRT,287.51,0.93,N
30.65613,76.31714,305.19,0.39,0.44,2026-05-13,2104,N21,VIIRS,n,2.0NRT,292.3,0.49,N
31.2571,76.92551,304.54,0.41,0.45,2026-05-13,2104,N21,VIIRS,n,2.0NRT,290.75,0.96,N
31.47397,73.07082,313.39,0.42,0.37,2026-05-13,2104,N21,VIIRS,n,2.0NRT,295.48,2.08,N
32.28896,70.73852,306.95,0.38,0.36,2026-05-13,2104,N21,VIIRS,n,2.0NRT,293.57,2.06,N
32.31823,75.30345,308.69,0.49,0.4,2026-05-13,2104,N21,VIIRS,n,2.0NRT,291.5,1.35,N
32.44658,76.0013,318.81,0.53,0.42,2026-05-13,2104,N21,VIIRS,n,2.0NRT,291.33,2.63,N
32.57513,72.56314,309,0.4,0.37,2026-05-13,2104,N21,VIIRS,n,2.0NRT,296.72,1.59,N
32.64231,72.97649,305.71,0.41,0.37,2026-05-13,2104,N21,VIIRS,n,2.0NRT,295.31,1.21,N
32.66649,73.00668,317.48,0.41,0.37,2026-05-13,2104,N21,VIIRS,n,2.0NRT,294.62,1.99,N
32.72685,72.81731,302.71,0.4,0.37,2026-05-13,2104,N21,VIIRS,n,2.0NRT,292.46,1.1,N
33.23549,71.51318,319,0.38,0.36,2026-05-13,2104,N21,VIIRS,n,2.0NRT,292.01,0.97,N
33.40604,71.93999,304.91,0.39,0.36,2026-05-13,2104,N21,VIIRS,n,2.0NRT,292.43,0.58,N
33.54626,71.55145,307.03,0.38,0.36,2026-05-13,2104,N21,VIIRS,n,2.0NRT,292.61,0.87,N
35.96439,68.68504,303.77,0.44,0.39,2026-05-13,2104,N21,VIIRS,n,2.0NRT,287.13,1.27,N
35.96791,68.68562,302.39,0.44,0.39,2026-05-13,2104,N21,VIIRS,n,2.0NRT,286.17,1.03,N
22.08994,83.117,314.78,0.77,0.77,2026-05-13,2106,N21,VIIRS,n,2.0NRT,285.73,3.81,N
22.09059,83.12051,303.35,0.77,0.77,2026-05-13,2106,N21,VIIRS,n,2.0NRT,285.83,2.99,N
22.54515,79.20288,314.82,0.43,0.62,2026-05-13,2106,N21,VIIRS,n,2.0NRT,290.67,7.11,N
23.07352,80.13303,309.24,0.48,0.64,2026-05-13,2106,N21,VIIRS,n,2.0NRT,293.66,3.78,N
23.07414,80.13281,309.57,0.48,0.64,2026-05-13,2106,N21,VIIRS,n,2.0NRT,293.66,5.31,N
23.15537,79.69675,304.52,0.45,0.63,2026-05-13,2106,N21,VIIRS,n,2.0NRT,292.29,1.15,N
23.15753,79.69821,308.09,0.45,0.63,2026-05-13,2106,N21,VIIRS,n,2.0NRT,292.69,1.07,N
23.16584,82.33621,304.37,0.65,0.73,2026-05-13,2106,N21,VIIRS,n,2.0NRT,283.85,4.74,N
23.16692,82.33792,306.38,0.65,0.73,2026-05-13,2106,N21,VIIRS,n,2.0NRT,283.04,4.11,N
23.33794,78.93323,307.46,0.4,0.6,2026-05-13,2106,N21,VIIRS,n,2.0NRT,292.65,3.33,N
23.34049,78.93148,313.71,0.4,0.6,2026-05-13,2106,N21,VIIRS,n,2.0NRT,292.41,3.33,N
23.34411,78.93095,307.55,0.4,0.6,2026-05-13,2106,N21,VIIRS,n,2.0NRT,292.47,2.61,N
23.50066,77.19704,311.03,0.61,0.53,2026-05-13,2106,N21,VIIRS,n,2.0NRT,289.72,5.3,N
23.50207,77.19753,313.16,0.61,0.53,2026-05-13,2106,N21,VIIRS,n,2.0NRT,289.38,9.31,N
23.55217,78.35661,309.91,0.36,0.57,2026-05-13,2106,N21,VIIRS,n,2.0NRT,291.34,1.8,N
23.56867,78.40771,310.9,0.36,0.58,2026-05-13,2106,N21,VIIRS,n,2.0NRT,290.1,1.59,N
23.58009,78.00792,317.76,0.34,0.56,2026-05-13,2106,N21,VIIRS,n,2.0NRT,292.68,3.1,N
23.5808,78.00466,312.7,0.34,0.56,2026-05-13,2106,N21,VIIRS,n,2.0NRT,291.37,3.1,N
23.64373,77.86152,317.43,0.33,0.56,2026-05-13,2106,N21,VIIRS,n,2.0NRT,280.55,1.15,N
23.69767,79.68535,305.33,0.43,0.62,2026-05-13,2106,N21,VIIRS,n,2.0NRT,293.84,2.05,N
23.69969,79.68655,306.93,0.43,0.62,2026-05-13,2106,N21,VIIRS,n,2.0NRT,293.62,2.24,N
23.77832,78.57457,328.73,0.37,0.58,2026-05-13,2106,N21,VIIRS,n,2.0NRT,293.29,4.82,N
23.7791,78.57108,336.97,0.37,0.58,2026-05-13,2106,N21,VIIRS,n,2.0NRT,295.19,4.82,N
23.80941,78.65752,319.12,0.37,0.58,2026-05-13,2106,N21,VIIRS,n,2.0NRT,293.76,2.15,N
23.81459,78.65905,313.6,0.37,0.58,2026-05-13,2106,N21,VIIRS,n,2.0NRT,293.54,1.49,N
23.92707,74.36655,317.53,0.4,0.44,2026-05-13,2106,N21,VIIRS,n,2.0NRT,298.45,1.81,N
24.01209,78.634,309.66,0.37,0.58,2026-05-13,2106,N21,VIIRS,n,2.0NRT,293.59,2,N
24.12173,75.7479,306.07,0.48,0.48,2026-05-13,2106,N21,VIIRS,n,2.0NRT,294.41,0.43,N
24.12257,75.74513,305.82,0.48,0.48,2026-05-13,2106,N21,VIIRS,n,2.0NRT,294.11,0.63,N
24.12736,74.05766,322.76,0.38,0.43,2026-05-13,2106,N21,VIIRS,n,2.0NRT,299.35,2.57,N
24.12813,74.05898,313.1,0.38,0.43,2026-05-13,2106,N21,VIIRS,n,2.0NRT,298.97,1.8,N
24.1288,74.05543,313.18,0.38,0.43,2026-05-13,2106,N21,VIIRS,n,2.0NRT,298.51,1.43,N
24.19769,74.75662,316.27,0.42,0.45,2026-05-13,2106,N21,VIIRS,n,2.0NRT,296.3,1.42,N
24.30986,74.7218,312.44,0.42,0.45,2026-05-13,2106,N21,VIIRS,n,2.0NRT,296.29,1.24,N
24.49879,80.57783,306.99,0.47,0.64,2026-05-13,2106,N21,VIIRS,n,2.0NRT,292.81,1.13,N
24.52504,80.77699,308.45,0.49,0.65,2026-05-13,2106,N21,VIIRS,n,2.0NRT,292.93,2.2,N
24.54285,80.72788,305.34,0.48,0.65,2026-05-13,2106,N21,VIIRS,n,2.0NRT,292.27,0.81,N
24.55128,80.66625,305.09,0.48,0.65,2026-05-13,2106,N21,VIIRS,n,2.0NRT,292.53,0.86,N
24.57135,80.37597,311.18,0.46,0.63,2026-05-13,2106,N21,VIIRS,n,2.0NRT,292.7,2.66,N
24.65757,73.87789,308.4,0.55,0.43,2026-05-13,2106,N21,VIIRS,n,2.0NRT,298.08,2.36,N
24.65956,74.63536,312.55,0.41,0.45,2026-05-13,2106,N21,VIIRS,n,2.0NRT,300.3,3.75,N
24.68374,76.66987,315.27,0.54,0.51,2026-05-13,2106,N21,VIIRS,n,2.0NRT,294.37,9.28,N
24.88484,76.17954,316.58,0.5,0.49,2026-05-13,2106,N21,VIIRS,n,2.0NRT,294.43,1.93,N
25.16115,76.23585,318.42,0.49,0.49,2026-05-13,2106,N21,VIIRS,n,2.0NRT,294.92,3.91,N
25.18065,76.23064,313.07,0.49,0.49,2026-05-13,2106,N21,VIIRS,n,2.0NRT,294.96,3.81,N
25.18164,76.22581,317.67,0.49,0.49,2026-05-13,2106,N21,VIIRS,n,2.0NRT,294.41,2.95,N
25.28737,76.22396,307.17,0.49,0.49,2026-05-13,2106,N21,VIIRS,n,2.0NRT,293.01,0.92,N
25.29942,76.49338,305.54,0.51,0.49,2026-05-13,2106,N21,VIIRS,n,2.0NRT,292.6,4.33,N
25.34162,76.38083,307.88,0.5,0.49,2026-05-13,2106,N21,VIIRS,n,2.0NRT,293.61,5.43,N
25.38901,68.58278,318.21,0.39,0.36,2026-05-13,2106,N21,VIIRS,n,2.0NRT,296.39,1.78,N
25.70222,79.89936,304.39,0.4,0.6,2026-05-13,2106,N21,VIIRS,n,2.0NRT,292.39,0.6,N
25.7269,80.98376,303.17,0.47,0.64,2026-05-13,2106,N21,VIIRS,n,2.0NRT,291.72,0.69,N
25.80096,79.65651,307.03,0.39,0.59,2026-05-13,2106,N21,VIIRS,n,2.0NRT,292.82,0.98,N
25.80373,79.65565,316.75,0.39,0.59,2026-05-13,2106,N21,VIIRS,n,2.0NRT,293.35,1.43,N
25.85195,79.65541,303.25,0.39,0.59,2026-05-13,2106,N21,VIIRS,n,2.0NRT,292.97,0.92,N
25.85282,79.65167,305.88,0.39,0.59,2026-05-13,2106,N21,VIIRS,n,2.0NRT,293.01,1.18,N
26.25797,74.09397,311.22,0.53,0.42,2026-05-13,2106,N21,VIIRS,n,2.0NRT,299.51,2.69,N
26.32099,79.1927,329.04,0.35,0.57,2026-05-13,2106,N21,VIIRS,n,2.0NRT,293.14,2.53,N
26.34806,78.6274,306.97,0.33,0.55,2026-05-13,2106,N21,VIIRS,n,2.0NRT,293.25,0.98,N
26.36129,78.87162,305,0.34,0.56,2026-05-13,2106,N21,VIIRS,n,2.0NRT,294,1.3,N
26.64051,79.48318,330.75,0.36,0.58,2026-05-13,2106,N21,VIIRS,n,2.0NRT,294.32,9.71,N
26.64133,79.47966,367,0.36,0.58,2026-05-13,2106,N21,VIIRS,h,2.0NRT,295.58,6.65,N
26.64214,79.47614,303.65,0.36,0.58,2026-05-13,2106,N21,VIIRS,n,2.0NRT,292.82,6.65,N
26.87305,73.51633,309.08,0.49,0.4,2026-05-13,2106,N21,VIIRS,n,2.0NRT,298.55,3.32,N
27.99862,76.45094,307.03,0.45,0.47,2026-05-13,2106,N21,VIIRS,n,2.0NRT,283.68,2.01,N
18.06026,73.745,296.24,0.47,0.48,2026-05-13,2108,N21,VIIRS,n,2.0NRT,268.43,1.41,N
18.06205,73.74862,299.29,0.47,0.48,2026-05-13,2108,N21,VIIRS,n,2.0NRT,268.56,1.08,N
19.09912,82.16572,300.02,0.79,0.78,2026-05-13,2108,N21,VIIRS,n,2.0NRT,275.13,2.08,N
19.10381,82.16714,299.73,0.79,0.78,2026-05-13,2108,N21,VIIRS,n,2.0NRT,276.06,2.38,N
19.17823,70.94418,308.21,0.47,0.4,2026-05-13,2108,N21,VIIRS,n,2.0NRT,295.82,0.72,N
19.27815,71.4254,312.03,0.49,0.4,2026-05-13,2108,N21,VIIRS,n,2.0NRT,293.35,1.23,N
19.36967,71.35585,324.34,0.49,0.4,2026-05-13,2108,N21,VIIRS,n,2.0NRT,295.7,8.34,N
19.3705,71.35128,313.9,0.49,0.4,2026-05-13,2108,N21,VIIRS,n,2.0NRT,294.36,5.92,N
19.37059,71.35333,341.2,0.49,0.4,2026-05-13,2108,N21,VIIRS,n,2.0NRT,295.28,11.67,N
20.36272,73.13194,310.59,0.39,0.44,2026-05-13,2108,N21,VIIRS,n,2.0NRT,294.87,1.94,N
20.36938,75.87529,308.26,0.58,0.52,2026-05-13,2108,N21,VIIRS,n,2.0NRT,292.73,5.43,N
20.3699,75.87621,310.17,0.58,0.52,2026-05-13,2108,N21,VIIRS,n,2.0NRT,292.83,5.85,N
20.80742,75.24733,310.25,0.52,0.5,2026-05-13,2108,N21,VIIRS,n,2.0NRT,294.7,1.04,N
20.81449,74.46612,311.29,0.46,0.47,2026-05-13,2108,N21,VIIRS,n,2.0NRT,293.82,1.02,N
20.81888,74.46647,317.96,0.46,0.47,2026-05-13,2108,N21,VIIRS,n,2.0NRT,294.3,2.81,N
20.82315,74.46745,327.36,0.46,0.47,2026-05-13,2108,N21,VIIRS,n,2.0NRT,294.93,2.81,N
20.90895,71.45985,321.31,0.47,0.4,2026-05-13,2108,N21,VIIRS,n,2.0NRT,300.38,1.98,N
21.10093,72.63819,326.92,0.54,0.42,2026-05-13,2108,N21,VIIRS,n,2.0NRT,298.73,5.03,N
21.10188,72.6331,322.9,0.54,0.42,2026-05-13,2108,N21,VIIRS,n,2.0NRT,298.54,3.82,N
21.10279,72.63641,332.34,0.54,0.42,2026-05-13,2108,N21,VIIRS,n,2.0NRT,299.75,8.08,N
21.10379,72.64408,335.59,0.54,0.42,2026-05-13,2108,N21,VIIRS,n,2.0NRT,299.84,5.03,N
21.10477,72.64742,333.26,0.54,0.42,2026-05-13,2108,N21,VIIRS,n,2.0NRT,302.02,9.21,N
21.10761,72.6449,310.05,0.54,0.42,2026-05-13,2108,N21,VIIRS,n,2.0NRT,299.19,2.17,N
21.10951,72.63473,311.82,0.54,0.42,2026-05-13,2108,N21,VIIRS,n,2.0NRT,300.5,1.72,N
21.17202,75.56826,308.5,0.54,0.5,2026-05-13,2108,N21,VIIRS,n,2.0NRT,295.05,0.65,N
21.24857,79.20648,299.14,0.46,0.63,2026-05-13,2108,N21,VIIRS,n,2.0NRT,266.05,1.75,N
21.37329,81.68109,303.11,0.65,0.73,2026-05-13,2108,N21,VIIRS,n,2.0NRT,287.9,3.56,N
21.37555,81.67757,303.58,0.65,0.73,2026-05-13,2108,N21,VIIRS,n,2.0NRT,288.06,3.41,N
21.48841,81.76942,302.22,0.66,0.73,2026-05-13,2108,N21,VIIRS,n,2.0NRT,287.4,1.39,N
21.67263,82.08015,301.46,0.68,0.74,2026-05-13,2108,N21,VIIRS,n,2.0NRT,287.71,1.49,N
21.90131,74.46399,319.42,0.44,0.46,2026-05-13,2108,N21,VIIRS,n,2.0NRT,293.51,4.84,N
21.98006,79.38493,307.53,0.45,0.63,2026-05-13,2108,N21,VIIRS,n,2.0NRT,290.22,2.04,N
22.32934,69.7366,311.21,0.4,0.37,2026-05-13,2108,N21,VIIRS,n,2.0NRT,300.15,1.18,N
22.33331,69.73341,314.37,0.4,0.37,2026-05-13,2108,N21,VIIRS,n,2.0NRT,300.06,0.64,N
22.41573,69.03777,312.63,0.39,0.36,2026-05-13,2108,N21,VIIRS,n,2.0NRT,300.2,0.74,N
22.44558,71.24265,315.91,0.44,0.39,2026-05-13,2108,N21,VIIRS,n,2.0NRT,299.75,1.41,N
22.48704,71.11397,317.28,0.44,0.38,2026-05-13,2108,N21,VIIRS,n,2.0NRT,298.32,0.99,N
22.57571,70.22564,309.56,0.41,0.37,2026-05-13,2108,N21,VIIRS,n,2.0NRT,298.02,0.37,N
22.90892,69.69826,313.26,0.39,0.37,2026-05-13,2108,N21,VIIRS,n,2.0NRT,299.98,0.97,N
22.92288,70.1094,313.27,0.4,0.37,2026-05-13,2108,N21,VIIRS,n,2.0NRT,299.47,2.92,N
22.92353,70.10551,329.58,0.4,0.37,2026-05-13,2108,N21,VIIRS,n,2.0NRT,301.16,4.81,N
22.92688,70.10617,340.53,0.4,0.37,2026-05-13,2108,N21,VIIRS,n,2.0NRT,303.25,8.01,N
22.93175,69.70238,322.14,0.39,0.37,2026-05-13,2108,N21,VIIRS,n,2.0NRT,300.28,1.64,N
22.93237,69.69856,324.18,0.39,0.37,2026-05-13,2108,N21,VIIRS,n,2.0NRT,300.12,1.64,N
22.97734,72.56386,312.84,0.5,0.41,2026-05-13,2108,N21,VIIRS,n,2.0NRT,299.78,1.16,N
23.4286,68.71202,309.96,0.38,0.36,2026-05-13,2108,N21,VIIRS,n,2.0NRT,299.74,1.18,N
23.49675,68.57896,313.96,0.38,0.36,2026-05-13,2108,N21,VIIRS,n,2.0NRT,300.87,1.19,N