latitude,longitude,bright_ti4,scan,track,acq_date,acq_time,satellite,instrument,confidence,version,bright_ti5,frp,daynight
15.2052,97.8356,333.74,0.4,0.44,2026-03-17,625,N21,VIIRS,n,2.0NRT,299.41,6.3,D
15.20857,97.83121,337.93,0.4,0.44,2026-03-17,625,N21,VIIRS,n,2.0NRT,300.28,4.3,D
15.20922,97.83486,346.5,0.4,0.44,2026-03-17,625,N21,VIIRS,n,2.0NRT,301.82,6.3,D
15.20988,97.83851,342.16,0.4,0.44,2026-03-17,625,N21,VIIRS,n,2.0NRT,299.76,6.3,D
15.27887,97.79943,367,0.4,0.44,2026-03-17,625,N21,VIIRS,h,2.0NRT,303.18,9.72,D
15.27953,97.80308,340.78,0.4,0.44,2026-03-17,625,N21,VIIRS,n,2.0NRT,301.36,9.72,D
15.28223,97.79504,336.13,0.4,0.44,2026-03-17,625,N21,VIIRS,n,2.0NRT,300.3,5.47,D
15.28289,97.79868,367,0.4,0.44,2026-03-17,625,N21,VIIRS,h,2.0NRT,304.47,10.8,D
15.28691,97.79794,330.83,0.4,0.44,2026-03-17,625,N21,VIIRS,n,2.0NRT,300.86,10.8,D
15.29766,97.78841,335.73,0.4,0.44,2026-03-17,625,N21,VIIRS,n,2.0NRT,300.8,4.92,D
15.29831,97.79206,330.12,0.4,0.44,2026-03-17,625,N21,VIIRS,l,2.0NRT,302.8,4.92,D
15.40505,97.77915,332.45,0.4,0.44,2026-03-17,625,N21,VIIRS,n,2.0NRT,302.5,3.26,D
15.46224,97.8212,345.59,0.4,0.44,2026-03-17,625,N21,VIIRS,n,2.0NRT,298.46,7.19,D
15.46561,97.81683,341.74,0.4,0.44,2026-03-17,625,N21,VIIRS,n,2.0NRT,301.12,7.19,D
15.46624,97.82045,340.4,0.4,0.44,2026-03-17,625,N21,VIIRS,n,2.0NRT,300.76,7.19,D
15.46961,97.81608,346.41,0.4,0.44,2026-03-17,625,N21,VIIRS,n,2.0NRT,301.9,12.59,D
15.47025,97.81969,367,0.4,0.44,2026-03-17,625,N21,VIIRS,h,2.0NRT,302.5,12.59,D
15.67926,97.90715,342.72,0.39,0.44,2026-03-17,625,N21,VIIRS,n,2.0NRT,293.19,8.09,D
15.80593,94.86827,339.52,0.6,0.53,2026-03-17,625,N21,VIIRS,n,2.0NRT,301.72,12.42,D
15.80717,94.86966,344.52,0.6,0.53,2026-03-17,625,N21,VIIRS,n,2.0NRT,302.42,19.88,D
15.831,95.50295,343.25,0.55,0.51,2026-03-17,625,N21,VIIRS,n,2.0NRT,306.19,13.08,D
15.85549,95.32977,342.12,0.56,0.52,2026-03-17,625,N21,VIIRS,n,2.0NRT,304.65,14.95,D
15.86016,95.32883,342.19,0.56,0.52,2026-03-17,625,N21,VIIRS,n,2.0NRT,305.45,16.65,D
15.86217,95.46559,330.89,0.55,0.51,2026-03-17,625,N21,VIIRS,l,2.0NRT,304.92,7.08,D
15.8681,95.52158,331.27,0.54,0.51,2026-03-17,625,N21,VIIRS,l,2.0NRT,305.73,10.5,D
15.92078,94.97276,339.34,0.59,0.53,2026-03-17,625,N21,VIIRS,n,2.0NRT,303.43,4.38,D
15.92142,94.97559,338.49,0.59,0.53,2026-03-17,625,N21,VIIRS,n,2.0NRT,302.68,5.2,D
15.96245,95.59317,337.64,0.54,0.51,2026-03-17,625,N21,VIIRS,n,2.0NRT,306.01,5.57,D
15.98875,97.68959,330.48,0.39,0.44,2026-03-17,625,N21,VIIRS,l,2.0NRT,302.73,3.25,D
16.02658,94.87825,331.39,0.6,0.53,2026-03-17,625,N21,VIIRS,l,2.0NRT,304.53,14.87,D
16.02676,94.88066,331.14,0.6,0.53,2026-03-17,625,N21,VIIRS,l,2.0NRT,304.85,11.59,D
16.03137,94.87728,330.79,0.6,0.53,2026-03-17,625,N21,VIIRS,l,2.0NRT,304.67,6.02,D
16.0372,94.88179,339.81,0.6,0.53,2026-03-17,625,N21,VIIRS,n,2.0NRT,296.08,6.02,D
16.03742,94.88419,352.21,0.6,0.53,2026-03-17,625,N21,VIIRS,n,2.0NRT,300.86,11.58,D
16.03823,94.88725,341.41,0.6,0.53,2026-03-17,625,N21,VIIRS,n,2.0NRT,301.98,14.21,D
16.03946,95.67419,342.5,0.53,0.5,2026-03-17,625,N21,VIIRS,n,2.0NRT,306.99,14.77,D
16.03969,95.40417,337.93,0.55,0.51,2026-03-17,625,N21,VIIRS,n,2.0NRT,305.56,5.42,D
16.04038,95.67903,348.37,0.53,0.5,2026-03-17,625,N21,VIIRS,n,2.0NRT,307.68,14.77,D
16.04492,95.67814,338.7,0.53,0.5,2026-03-17,625,N21,VIIRS,n,2.0NRT,307.73,13.07,D
16.04583,95.68298,355.6,0.53,0.5,2026-03-17,625,N21,VIIRS,n,2.0NRT,309.84,35.03,D
16.04914,94.66296,336.78,0.62,0.54,2026-03-17,625,N21,VIIRS,n,2.0NRT,304.67,7.72,D
16.05478,95.43251,332.16,0.55,0.51,2026-03-17,625,N21,VIIRS,l,2.0NRT,304.47,3.99,D
16.05857,95.65027,335.97,0.53,0.5,2026-03-17,625,N21,VIIRS,n,2.0NRT,305.61,5.43,D
16.05922,95.65179,342.27,0.53,0.5,2026-03-17,625,N21,VIIRS,n,2.0NRT,305.27,6.31,D
16.05949,95.62988,343,0.53,0.5,2026-03-17,625,N21,VIIRS,n,2.0NRT,305.19,5.81,D
16.06,95.63147,333.82,0.53,0.5,2026-03-17,625,N21,VIIRS,n,2.0NRT,303.75,2.93,D
16.06519,95.46163,338.15,0.55,0.51,2026-03-17,625,N21,VIIRS,n,2.0NRT,303.65,3.68,D
16.07285,95.50145,333.23,0.54,0.51,2026-03-17,625,N21,VIIRS,l,2.0NRT,305.42,3.03,D
16.09649,95.45023,330.86,0.55,0.51,2026-03-17,625,N21,VIIRS,l,2.0NRT,304.81,2.27,D
16.09824,94.62952,342.81,0.62,0.54,2026-03-17,625,N21,VIIRS,n,2.0NRT,305.31,7.95,D
16.10068,94.62754,340.05,0.62,0.54,2026-03-17,625,N21,VIIRS,n,2.0NRT,304.99,9.32,D
16.10491,95.69298,345.48,0.53,0.5,2026-03-17,625,N21,VIIRS,n,2.0NRT,307.88,9.76,D
16.1083,94.81305,339.09,0.6,0.53,2026-03-17,625,N21,VIIRS,n,2.0NRT,301.3,6.87,D
16.11129,95.70171,335.6,0.52,0.5,2026-03-17,625,N21,VIIRS,l,2.0NRT,306.2,5.56,D
16.13217,95.71255,341.51,0.52,0.5,2026-03-17,625,N21,VIIRS,n,2.0NRT,306.53,7.74,D
16.13851,95.72125,341.23,0.52,0.5,2026-03-17,625,N21,VIIRS,n,2.0NRT,306.41,10.25,D
16.1524,97.70641,330.77,0.39,0.44,2026-03-17,625,N21,VIIRS,l,2.0NRT,303.68,1.59,D
16.15704,94.98734,333.33,0.58,0.52,2026-03-17,625,N21,VIIRS,n,2.0NRT,302.8,5.01,D
16.15751,95.72247,352.14,0.52,0.5,2026-03-17,625,N21,VIIRS,n,2.0NRT,303.87,8.42,D
16.16203,95.72157,341.91,0.52,0.5,2026-03-17,625,N21,VIIRS,n,2.0NRT,304.93,5.27,D
16.16296,95.70149,336.26,0.52,0.5,2026-03-17,625,N21,VIIRS,n,2.0NRT,304.06,4.31,D
16.18121,95.24572,338.09,0.56,0.52,2026-03-17,625,N21,VIIRS,n,2.0NRT,301.09,7.58,D
16.19337,95.81403,337.35,0.51,0.5,2026-03-17,625,N21,VIIRS,n,2.0NRT,306.25,12.19,D
16.19621,95.11139,335.65,0.57,0.52,2026-03-17,625,N21,VIIRS,n,2.0NRT,301.69,7.52,D
16.20637,95.55327,344.11,0.53,0.5,2026-03-17,625,N21,VIIRS,n,2.0NRT,302.64,8.24,D
16.21022,95.59811,331.61,0.53,0.5,2026-03-17,625,N21,VIIRS,l,2.0NRT,302.04,3.94,D
16.26216,95.64816,335.91,0.53,0.5,2026-03-17,625,N21,VIIRS,n,2.0NRT,300.04,3.65,D
16.27176,97.5099,334.15,0.4,0.44,2026-03-17,625,N21,VIIRS,l,2.0NRT,306.08,2.56,D
16.28573,97.68057,332.77,0.39,0.44,2026-03-17,625,N21,VIIRS,l,2.0NRT,305.04,4.95,D
16.32378,97.58356,342.97,0.4,0.44,2026-03-17,625,N21,VIIRS,n,2.0NRT,306.59,9.46,D
16.33517,97.50953,332.27,0.4,0.44,2026-03-17,625,N21,VIIRS,l,2.0NRT,306.36,1.66,D
16.33809,95.81818,342.42,0.51,0.49,2026-03-17,625,N21,VIIRS,n,2.0NRT,301.89,5.62,D
16.3539,97.52119,339.48,0.4,0.44,2026-03-17,625,N21,VIIRS,n,2.0NRT,308.22,4.39,D
16.35792,97.52044,338.07,0.4,0.44,2026-03-17,625,N21,VIIRS,n,2.0NRT,307.17,4.77,D
16.38641,95.82807,331.78,0.51,0.49,2026-03-17,625,N21,VIIRS,n,2.0NRT,301.36,3.26,D
16.43406,97.78533,342.28,0.38,0.43,2026-03-17,625,N21,VIIRS,n,2.0NRT,305.83,6.22,D
16.43801,97.78458,353.28,0.38,0.43,2026-03-17,625,N21,VIIRS,n,2.0NRT,311.53,30,D
16.43926,97.79169,340.47,0.38,0.43,2026-03-17,625,N21,VIIRS,n,2.0NRT,304.03,21.99,D
16.44196,97.78385,367,0.38,0.43,2026-03-17,625,N21,VIIRS,h,2.0NRT,309.48,30,D
16.1993,94.49771,340.74,0.63,0.54,2026-03-17,627,N21,VIIRS,n,2.0NRT,300.73,10.11,D
16.2042,94.49672,338.92,0.63,0.54,2026-03-17,627,N21,VIIRS,n,2.0NRT,302.08,11.89,D
16.50249,96.25534,339.28,0.48,0.48,2026-03-17,627,N21,VIIRS,n,2.0NRT,293.87,11.08,D
16.50374,96.25539,340.13,0.48,0.48,2026-03-17,627,N21,VIIRS,n,2.0NRT,297.53,5.54,D
16.50409,96.26408,347.55,0.48,0.48,2026-03-17,627,N21,VIIRS,n,2.0NRT,300.59,13.41,D
16.50541,96.26412,343.65,0.47,0.48,2026-03-17,627,N21,VIIRS,n,2.0NRT,299.74,5.36,D
16.56319,95.92495,336.59,0.5,0.49,2026-03-17,627,N21,VIIRS,n,2.0NRT,302.12,4.19,D
16.6025,96.63628,334.5,0.45,0.47,2026-03-17,627,N21,VIIRS,n,2.0NRT,303.74,1.86,D
16.70508,96.24391,334.56,0.47,0.48,2026-03-17,627,N21,VIIRS,n,2.0NRT,304.16,3.69,D
16.73444,96.15353,338,0.48,0.48,2026-03-17,627,N21,VIIRS,n,2.0NRT,306.49,3.86,D
16.73527,96.15793,334.23,0.48,0.48,2026-03-17,627,N21,VIIRS,l,2.0NRT,305.94,4.02,D
16.76517,97.26427,342.74,0.41,0.45,2026-03-17,627,N21,VIIRS,n,2.0NRT,308.51,6.27,D
16.79554,97.2701,351.54,0.41,0.45,2026-03-17,627,N21,VIIRS,n,2.0NRT,308.78,6.87,D
16.82405,97.2643,339.31,0.41,0.45,2026-03-17,627,N21,VIIRS,l,2.0NRT,309.41,4.79,D
16.84549,94.42881,330.59,0.62,0.54,2026-03-17,627,N21,VIIRS,n,2.0NRT,302.37,6.22,D
16.86305,95.43854,332.12,0.53,0.5,2026-03-17,627,N21,VIIRS,n,2.0NRT,300.47,1.25,D
16.872,95.16672,337.05,0.55,0.51,2026-03-17,627,N21,VIIRS,n,2.0NRT,306.34,6.79,D
16.92923,95.13934,343.78,0.55,0.51,2026-03-17,627,N21,VIIRS,n,2.0NRT,308.93,10.73,D
16.9302,95.14442,333.97,0.55,0.51,2026-03-17,627,N21,VIIRS,l,2.0NRT,308.32,5.84,D
16.94098,97.72642,335.82,0.57,0.43,2026-03-17,627,N21,VIIRS,n,2.0NRT,306.55,6.31,D
16.95436,97.66469,332.85,0.38,0.43,2026-03-17,627,N21,VIIRS,l,2.0NRT,305.33,7.2,D
16.95515,97.66913,336.84,0.57,0.43,2026-03-17,627,N21,VIIRS,n,2.0NRT,305.65,9.85,D
16.9617,95.50713,339.41,0.52,0.5,2026-03-17,627,N21,VIIRS,n,2.0NRT,301.88,8.48,D
16.96224,95.26467,341.94,0.54,0.51,2026-03-17,627,N21,VIIRS,n,2.0NRT,302.17,5.75,D
16.96242,95.26321,338.91,0.54,0.51,2026-03-17,627,N21,VIIRS,n,2.0NRT,302.91,7.27,D
16.96622,95.50622,339.56,0.52,0.5,2026-03-17,627,N21,VIIRS,n,2.0NRT,301.34,5.36,D
16.97142,95.26283,335.92,0.54,0.51,2026-03-17,627,N21,VIIRS,n,2.0NRT,301.17,10.85,D
16.9724,95.26779,340.3,0.54,0.51,2026-03-17,627,N21,VIIRS,n,2.0NRT,302.23,10.85,D
16.97254,95.26632,341.37,0.54,0.51,2026-03-17,627,N21,VIIRS,n,2.0NRT,303.69,25.02,D
16.99306,97.36283,340.28,0.4,0.44,2026-03-17,627,N21,VIIRS,n,2.0NRT,302.99,6.64,D
17.01951,97.4408,334.24,0.39,0.44,2026-03-17,627,N21,VIIRS,n,2.0NRT,303.57,8.78,D
17.02017,97.44443,342.48,0.39,0.44,2026-03-17,627,N21,VIIRS,n,2.0NRT,304.95,8.78,D
17.03826,97.40702,342.03,0.4,0.44,2026-03-17,627,N21,VIIRS,n,2.0NRT,307.02,7.11,D
17.06597,94.74191,337.76,0.58,0.52,2026-03-17,627,N21,VIIRS,n,2.0NRT,306.64,6.86,D
17.07544,94.73996,331.55,0.58,0.52,2026-03-17,627,N21,VIIRS,n,2.0NRT,305.85,3.43,D
17.07745,94.72077,332.28,0.58,0.52,2026-03-17,627,N21,VIIRS,l,2.0NRT,305.1,3.8,D
17.08183,94.72198,335.69,0.58,0.52,2026-03-17,627,N21,VIIRS,l,2.0NRT,306.49,9.02,D
17.08542,96.01391,340.17,0.48,0.48,2026-03-17,627,N21,VIIRS,n,2.0NRT,305.39,3.04,D
17.08949,97.54233,340.31,0.39,0.44,2026-03-17,627,N21,VIIRS,n,2.0NRT,303.48,5.31,D
17.09005,95.11575,343.23,0.55,0.51,2026-03-17,627,N21,VIIRS,n,2.0NRT,307.63,11.89,D
17.11979,95.21933,347.27,0.54,0.51,2026-03-17,627,N21,VIIRS,n,2.0NRT,309.79,10.12,D
17.12285,95.70592,332.35,0.5,0.49,2026-03-17,627,N21,VIIRS,l,2.0NRT,307.29,4.21,D
17.12312,97.90977,332.21,0.55,0.43,2026-03-17,627,N21,VIIRS,n,2.0NRT,303.04,4.35,D
17.12373,95.71056,333.89,0.5,0.49,2026-03-17,627,N21,VIIRS,l,2.0NRT,307.94,3.5,D
17.13742,95.50422,334.88,0.52,0.5,2026-03-17,627,N21,VIIRS,n,2.0NRT,305.01,4.83,D
17.15494,95.59415,335.07,0.51,0.49,2026-03-17,627,N21,VIIRS,l,2.0NRT,307.76,2.95,D
17.161,96.79299,338.22,0.43,0.46,2026-03-17,627,N21,VIIRS,n,2.0NRT,306.61,2.03,D
17.18408,97.75109,333.6,0.56,0.43,2026-03-17,627,N21,VIIRS,l,2.0NRT,307.59,3.73,D
17.19168,96.75005,335.61,0.43,0.46,2026-03-17,627,N21,VIIRS,n,2.0NRT,305.51,2.88,D
17.20551,96.4955,343.17,0.45,0.47,2026-03-17,627,N21,VIIRS,n,2.0NRT,310.52,6.46,D
17.2056,96.49559,343.25,0.45,0.47,2026-03-17,627,N21,VIIRS,n,2.0NRT,310.71,4.64,D
17.20845,96.27813,349.95,0.46,0.47,2026-03-17,627,N21,VIIRS,n,2.0NRT,310.37,6.34,D
17.21463,97.71823,331.27,0.56,0.43,2026-03-17,627,N21,VIIRS,l,2.0NRT,305.33,3.24,D
17.2279,96.6892,344.44,0.43,0.46,2026-03-17,627,N21,VIIRS,n,2.0NRT,309.68,9.88,D
17.23185,95.63226,340.46,0.51,0.49,2026-03-17,627,N21,VIIRS,n,2.0NRT,309.68,6.9,D
17.23304,94.78078,337.58,0.58,0.52,2026-03-17,627,N21,VIIRS,n,2.0NRT,304.21,3.67,D
17.25726,94.7543,335.79,0.58,0.52,2026-03-17,627,N21,VIIRS,n,2.0NRT,302.83,6.67,D
17.27853,95.87958,347.58,0.49,0.48,2026-03-17,627,N21,VIIRS,n,2.0NRT,309.07,8.34,D
17.2809,94.74974,338.55,0.58,0.52,2026-03-17,627,N21,VIIRS,n,2.0NRT,303.87,18.37,D
17.30965,96.02142,338.28,0.48,0.48,2026-03-17,627,N21,VIIRS,n,2.0NRT,305.69,8.21,D
17.32851,94.834,337.77,0.57,0.52,2026-03-17,627,N21,VIIRS,n,2.0NRT,306.68,4.28,D
17.3309,94.83151,333.58,0.57,0.52,2026-03-17,627,N21,VIIRS,l,2.0NRT,306.8,4.13,D
17.33191,96.30703,339.04,0.46,0.47,2026-03-17,627,N21,VIIRS,n,2.0NRT,300.83,3.34,D
17.35439,96.05978,331.31,0.47,0.48,2026-03-17,627,N21,VIIRS,n,2.0NRT,301.37,3.42,D
17.38492,96.28898,340.69,0.46,0.47,2026-03-17,627,N21,VIIRS,n,2.0NRT,307.4,9.6,D
17.38573,96.29317,340.64,0.46,0.47,2026-03-17,627,N21,VIIRS,n,2.0NRT,307.67,8.59,D
17.38654,96.29192,349.92,0.46,0.47,2026-03-17,627,N21,VIIRS,n,2.0NRT,309.11,10.56,D
17.38919,96.28815,343.52,0.46,0.47,2026-03-17,627,N21,VIIRS,n,2.0NRT,309.34,15.71,D
17.39004,96.28688,338.64,0.46,0.47,2026-03-17,627,N21,VIIRS,n,2.0NRT,306.55,14.37,D
17.39081,96.29109,340.93,0.46,0.47,2026-03-17,627,N21,VIIRS,n,2.0NRT,306.39,10.56,D
17.39731,95.54868,342.65,0.51,0.49,2026-03-17,627,N21,VIIRS,n,2.0NRT,311.91,8.07,D
17.40084,97.85416,330.26,0.55,0.43,2026-03-17,627,N21,VIIRS,l,2.0NRT,304.18,4.62,D
17.40268,95.55247,351.18,0.51,0.49,2026-03-17,627,N21,VIIRS,n,2.0NRT,313.39,8.77,D
17.40471,97.85342,334.58,0.55,0.43,2026-03-17,627,N21,VIIRS,n,2.0NRT,304.39,4.62,D
17.40625,95.54688,346.09,0.51,0.49,2026-03-17,627,N21,VIIRS,n,2.0NRT,312.52,10.46,D
17.40715,95.55157,344.75,0.51,0.49,2026-03-17,627,N21,VIIRS,l,2.0NRT,316.3,8.77,D
17.41788,95.55916,339.78,0.51,0.49,2026-03-17,627,N21,VIIRS,l,2.0NRT,312.89,7.45,D
17.44358,95.95546,346.23,0.48,0.48,2026-03-17,627,N21,VIIRS,n,2.0NRT,308.14,8.12,D
17.52806,97.39244,331.45,0.39,0.44,2026-03-17,627,N21,VIIRS,l,2.0NRT,303.28,2.6,D
17.53934,95.37109,340.52,0.52,0.5,2026-03-17,627,N21,VIIRS,l,2.0NRT,314.53,6.14,D
17.54291,95.37248,346.74,0.52,0.5,2026-03-17,627,N21,VIIRS,n,2.0NRT,315.01,9.93,D
17.54385,95.37018,342.05,0.52,0.5,2026-03-17,627,N21,VIIRS,n,2.0NRT,314.99,6.14,D
17.54696,96.45106,341.7,0.44,0.46,2026-03-17,627,N21,VIIRS,n,2.0NRT,306.31,11.53,D
17.57194,96.25651,337.99,0.46,0.47,2026-03-17,627,N21,VIIRS,l,2.0NRT,309.81,17.16,D
17.57272,96.26072,340.25,0.46,0.47,2026-03-17,627,N21,VIIRS,n,2.0NRT,307.39,17.16,D
17.58114,95.57567,332.65,0.5,0.49,2026-03-17,627,N21,VIIRS,l,2.0NRT,307.14,5.15,D
17.58354,95.57293,337.01,0.5,0.49,2026-03-17,627,N21,VIIRS,l,2.0NRT,309.35,4.92,D
17.58418,95.06818,353.12,0.54,0.51,2026-03-17,627,N21,VIIRS,n,2.0NRT,317.67,20.02,D
17.5844,95.0666,352.38,0.54,0.51,2026-03-17,627,N21,VIIRS,n,2.0NRT,315.91,19.51,D
17.58517,95.07317,367,0.54,0.51,2026-03-17,627,N21,VIIRS,h,2.0NRT,315.69,20.02,D
17.58535,95.07161,367,0.54,0.51,2026-03-17,627,N21,VIIRS,h,2.0NRT,317.14,19.51,D
17.58616,95.07817,367,0.54,0.51,2026-03-17,627,N21,VIIRS,h,2.0NRT,315.42,24.45,D
17.5863,96.31018,340.32,0.45,0.47,2026-03-17,627,N21,VIIRS,n,2.0NRT,307.11,6.35,D
17.58631,95.07661,367,0.54,0.51,2026-03-17,627,N21,VIIRS,h,2.0NRT,316.09,19.55,D
17.58726,95.08162,341.89,0.54,0.51,2026-03-17,627,N21,VIIRS,n,2.0NRT,310.88,19.55,D
17.58976,95.07224,342.85,0.54,0.51,2026-03-17,627,N21,VIIRS,n,2.0NRT,310.02,11.2,D
17.59076,95.07725,342.42,0.54,0.51,2026-03-17,627,N21,VIIRS,n,2.0NRT,310.41,11.48,D
17.59627,96.13449,348.94,0.46,0.47,2026-03-17,627,N21,VIIRS,n,2.0NRT,306.29,8.72,D
17.59703,96.13848,331.67,0.46,0.47,2026-03-17,627,N21,VIIRS,l,2.0NRT,305.43,5.45,D
17.63682,94.61336,337.64,0.58,0.52,2026-03-17,627,N21,VIIRS,n,2.0NRT,305.93,8.62,D
17.64115,96.27778,336.63,0.45,0.47,2026-03-17,627,N21,VIIRS,l,2.0NRT,309.53,7.3,D
17.64561,95.04027,347.62,0.54,0.51,2026-03-17,627,N21,VIIRS,n,2.0NRT,311.24,5.73,D
17.65982,96.94071,347.07,0.41,0.45,2026-03-17,627,N21,VIIRS,n,2.0NRT,308.88,15.01,D
17.66053,96.94453,339.4,0.41,0.45,2026-03-17,627,N21,VIIRS,n,2.0NRT,302.69,7.27,D
17.67356,96.10702,331.66,0.46,0.47,2026-03-17,627,N21,VIIRS,l,2.0NRT,306.65,7.95,D
17.676,96.10907,334.67,0.46,0.47,2026-03-17,627,N21,VIIRS,l,2.0NRT,308.45,5.51,D
17.68031,95.59662,337.36,0.5,0.49,2026-03-17,627,N21,VIIRS,l,2.0NRT,311.89,4.57,D
17.68426,95.71465,341.7,0.49,0.49,2026-03-17,627,N21,VIIRS,l,2.0NRT,313.04,7.15,D
17.68823,94.94534,332.88,0.55,0.51,2026-03-17,627,N21,VIIRS,n,2.0NRT,307.06,3.68,D
17.68866,95.71376,341.94,0.49,0.49,2026-03-17,627,N21,VIIRS,l,2.0NRT,312.68,5.41,D
17.74074,95.01735,340.47,0.54,0.51,2026-03-17,627,N21,VIIRS,l,2.0NRT,314.68,8.49,D
17.74443,96.47677,337.5,0.44,0.46,2026-03-17,627,N21,VIIRS,n,2.0NRT,304.4,4.05,D
17.74842,96.47893,334.9,0.44,0.46,2026-03-17,627,N21,VIIRS,n,2.0NRT,303.16,1.68,D
17.74976,95.08797,334.26,0.54,0.51,2026-03-17,627,N21,VIIRS,l,2.0NRT,308.86,5.42,D
17.75185,96.1921,330.68,0.46,0.47,2026-03-17,627,N21,VIIRS,n,2.0NRT,305.05,2.79,D
17.75925,95.48495,342.73,0.51,0.49,2026-03-17,627,N21,VIIRS,n,2.0NRT,316.02,7.89,D
17.76201,95.02845,344.82,0.54,0.51,2026-03-17,627,N21,VIIRS,n,2.0NRT,313.45,7.32,D
17.80768,94.57624,340.13,0.58,0.52,2026-03-17,627,N21,VIIRS,n,2.0NRT,304.29,9.61,D
17.80841,95.04781,339.48,0.54,0.51,2026-03-17,627,N21,VIIRS,l,2.0NRT,314.34,9.78,D
17.80905,95.04998,343.59,0.54,0.51,2026-03-17,627,N21,VIIRS,l,2.0NRT,315.4,8.28,D
17.80921,94.57882,337.08,0.58,0.52,2026-03-17,627,N21,VIIRS,n,2.0NRT,303.54,5.9,D
17.83437,96.11999,337.11,0.46,0.47,2026-03-17,627,N21,VIIRS,n,2.0NRT,304.98,5.43,D
17.84825,94.57736,339.63,0.58,0.52,2026-03-17,627,N21,VIIRS,n,2.0NRT,304.69,11.72,D
17.90856,95.02397,343.63,0.54,0.51,2026-03-17,627,N21,VIIRS,n,2.0NRT,305.24,6.98,D
17.90859,95.02586,339.38,0.54,0.51,2026-03-17,627,N21,VIIRS,n,2.0NRT,304.72,8.26,D
17.92854,96.9394,333.46,0.41,0.45,2026-03-17,627,N21,VIIRS,n,2.0NRT,303.72,2.41,D
17.93582,95.84206,339.04,0.48,0.48,2026-03-17,627,N21,VIIRS,l,2.0NRT,313.34,6.59,D
17.94741,96.76824,346.86,0.42,0.45,2026-03-17,627,N21,VIIRS,n,2.0NRT,312.76,4.92,D
17.95509,96.78675,337.19,0.42,0.45,2026-03-17,627,N21,VIIRS,n,2.0NRT,306.46,5.53,D
17.97307,95.08801,341.46,0.53,0.5,2026-03-17,627,N21,VIIRS,n,2.0NRT,309.52,7.91,D
17.97402,95.09283,341.35,0.53,0.5,2026-03-17,627,N21,VIIRS,n,2.0NRT,309.41,7.91,D
17.97536,95.54541,341.15,0.5,0.49,2026-03-17,627,N21,VIIRS,n,2.0NRT,311.79,3.91,D
17.97961,95.8991,338.57,0.47,0.48,2026-03-17,627,N21,VIIRS,n,2.0NRT,308.43,6.89,D
18.00939,95.98417,335.25,0.47,0.47,2026-03-17,627,N21,VIIRS,n,2.0NRT,305.43,4.72,D
18.01453,95.98772,330.34,0.47,0.47,2026-03-17,627,N21,VIIRS,l,2.0NRT,303.81,5.65,D
18.01701,95.52859,339.14,0.5,0.49,2026-03-17,627,N21,VIIRS,l,2.0NRT,312.41,6.28,D
18.01885,95.98697,345.5,0.47,0.47,2026-03-17,627,N21,VIIRS,n,2.0NRT,304.99,5.65,D
18.02237,95.98203,335.1,0.47,0.47,2026-03-17,627,N21,VIIRS,l,2.0NRT,306.23,5.53,D
18.02582,95.97676,335.34,0.47,0.47,2026-03-17,627,N21,VIIRS,l,2.0NRT,306.16,5.53,D
18.0301,95.97578,337.55,0.47,0.47,2026-03-17,627,N21,VIIRS,n,2.0NRT,305.71,3.95,D
18.03466,95.50108,343.8,0.5,0.49,2026-03-17,627,N21,VIIRS,n,2.0NRT,314.87,8.09,D
18.04332,95.10564,339.04,0.53,0.5,2026-03-17,627,N21,VIIRS,n,2.0NRT,312.54,4.07,D
18.04958,94.89553,338.69,0.55,0.51,2026-03-17,627,N21,VIIRS,n,2.0NRT,302.63,5.6,D
18.07265,95.57913,343.14,0.49,0.49,2026-03-17,627,N21,VIIRS,n,2.0NRT,316.3,32.06,D
18.07775,94.99102,345.17,0.54,0.51,2026-03-17,627,N21,VIIRS,n,2.0NRT,305.24,10.09,D
18.11026,95.82317,336.11,0.47,0.48,2026-03-17,627,N21,VIIRS,l,2.0NRT,310.12,4.01,D
18.1256,96.50558,349.95,0.43,0.46,2026-03-17,627,N21,VIIRS,n,2.0NRT,314.27,8.83,D
18.13303,95.22802,342.11,0.52,0.5,2026-03-17,627,N21,VIIRS,n,2.0NRT,313.91,7.41,D
18.15004,95.19467,343.45,0.52,0.5,2026-03-17,627,N21,VIIRS,n,2.0NRT,314.43,6.48,D
18.15093,95.19206,343.85,0.52,0.5,2026-03-17,627,N21,VIIRS,l,2.0NRT,314.92,8.27,D
18.15276,94.91354,338.99,0.54,0.51,2026-03-17,627,N21,VIIRS,n,2.0NRT,302.79,4.68,D
18.15461,94.87421,340.6,0.55,0.51,2026-03-17,627,N21,VIIRS,n,2.0NRT,300.18,7.76,D
18.17352,95.89687,305.89,0.47,0.48,2026-03-17,627,N21,VIIRS,l,2.0NRT,313.25,50.52,D
18.17434,95.90125,341.77,0.47,0.48,2026-03-17,627,N21,VIIRS,l,2.0NRT,312.4,47.59,D
18.17784,95.89603,341.8,0.47,0.48,2026-03-17,627,N21,VIIRS,n,2.0NRT,308.89,8.25,D
18.18056,95.61926,343.88,0.49,0.48,2026-03-17,627,N21,VIIRS,l,2.0NRT,317.57,20.3,D
18.20521,95.08517,340.74,0.53,0.5,2026-03-17,627,N21,VIIRS,l,2.0NRT,311.74,8.53,D
18.20975,95.08426,339.64,0.53,0.5,2026-03-17,627,N21,VIIRS,l,2.0NRT,309.75,8.53,D
18.21544,95.65897,343.45,0.48,0.48,2026-03-17,627,N21,VIIRS,n,2.0NRT,313.5,9.08,D
18.22301,95.8644,344.39,0.47,0.48,2026-03-17,627,N21,VIIRS,n,2.0NRT,310.48,11.2,D
18.22384,95.86878,347.35,0.47,0.48,2026-03-17,627,N21,VIIRS,n,2.0NRT,310.32,11.2,D
18.22732,95.86355,341.22,0.47,0.48,2026-03-17,627,N21,VIIRS,n,2.0NRT,309.61,12.01,D
18.2383,95.15909,348.69,0.52,0.5,2026-03-17,627,N21,VIIRS,n,2.0NRT,310.51,10.97,D
18.26988,95.07315,345.34,0.53,0.5,2026-03-17,627,N21,VIIRS,n,2.0NRT,311.88,10.27,D
18.27084,95.07803,343.57,0.53,0.5,2026-03-17,627,N21,VIIRS,n,2.0NRT,311.88,10.27,D
18.27627,95.21085,336.28,0.52,0.5,2026-03-17,627,N21,VIIRS,l,2.0NRT,310.97,3.22,D
18.2992,95.85524,367,0.47,0.48,2026-03-17,627,N21,VIIRS,l,2.0NRT,328.78,135.14,D
18.30208,95.49249,353.77,0.49,0.49,2026-03-17,627,N21,VIIRS,n,2.0NRT,317.56,13.04,D
18.30267,95.85001,337.85,0.47,0.48,2026-03-17,627,N21,VIIRS,l,2.0NRT,310.85,135.14,D
18.31445,96.48412,340.72,0.43,0.46,2026-03-17,627,N21,VIIRS,n,2.0NRT,309.2,2.52,D
18.31582,94.96919,340.24,0.53,0.5,2026-03-17,627,N21,VIIRS,n,2.0NRT,307.93,8.36,D
18.31938,95.48978,340.57,0.49,0.49,2026-03-17,627,N21,VIIRS,l,2.0NRT,314.62,11.26,D
18.31972,95.48888,343.79,0.49,0.49,2026-03-17,627,N21,VIIRS,l,2.0NRT,315.3,8.68,D
18.3315,95.22043,355.5,0.51,0.5,2026-03-17,627,N21,VIIRS,n,2.0NRT,316.59,16.08,D
18.33439,95.49624,342.69,0.49,0.49,2026-03-17,627,N21,VIIRS,l,2.0NRT,315.89,9.81,D
18.33467,95.49532,345.89,0.49,0.49,2026-03-17,627,N21,VIIRS,n,2.0NRT,315.82,7.94,D
18.33963,95.47614,340.56,0.49,0.49,2026-03-17,627,N21,VIIRS,l,2.0NRT,313.88,6.79,D
18.34053,95.48071,341.15,0.49,0.49,2026-03-17,627,N21,VIIRS,l,2.0NRT,314.25,9.51,D
18.3485,95.49812,344.49,0.49,0.49,2026-03-17,627,N21,VIIRS,n,2.0NRT,315.93,8.86,D
18.35541,95.41549,340.91,0.5,0.49,2026-03-17,627,N21,VIIRS,l,2.0NRT,314.23,10.03,D
18.3563,95.4201,353.5,0.5,0.49,2026-03-17,627,N21,VIIRS,n,2.0NRT,314.9,14.91,D
18.36794,96.07483,331.73,0.45,0.47,2026-03-17,627,N21,VIIRS,n,2.0NRT,304.64,3.54,D
18.3758,95.49728,347.31,0.49,0.49,2026-03-17,627,N21,VIIRS,n,2.0NRT,316.68,12.31,D
18.38106,95.38131,345.1,0.5,0.49,2026-03-17,627,N21,VIIRS,n,2.0NRT,318.02,8.86,D
18.38327,95.04619,339.47,0.53,0.5,2026-03-17,627,N21,VIIRS,l,2.0NRT,314.12,10.86,D
18.39151,95.60242,343.17,0.48,0.48,2026-03-17,627,N21,VIIRS,n,2.0NRT,313.01,5.46,D
18.39597,95.55463,339.73,0.49,0.48,2026-03-17,627,N21,VIIRS,l,2.0NRT,313.61,8.17,D
18.39684,95.55916,343.04,0.49,0.48,2026-03-17,627,N21,VIIRS,l,2.0NRT,315.65,8.17,D
18.40463,95.59977,345.78,0.48,0.48,2026-03-17,627,N21,VIIRS,n,2.0NRT,315.03,8.27,D
18.42698,95.38744,339.69,0.5,0.49,2026-03-17,627,N21,VIIRS,l,2.0NRT,313.6,3.77,D
18.4411,95.00393,347.26,0.53,0.5,2026-03-17,627,N21,VIIRS,n,2.0NRT,308.89,5.29,D
18.44233,95.00629,341.88,0.53,0.5,2026-03-17,627,N21,VIIRS,n,2.0NRT,308.9,6.56,D
18.45355,95.38198,342.02,0.5,0.49,2026-03-17,627,N21,VIIRS,l,2.0NRT,316.12,7.24,D
18.4682,96.37699,336.85,0.43,0.46,2026-03-17,627,N21,VIIRS,n,2.0NRT,303.54,3.94,D
18.4695,96.0099,335.38,0.46,0.47,2026-03-17,627,N21,VIIRS,n,2.0NRT,305.2,3.67,D
18.46977,96.5926,335.65,0.42,0.45,2026-03-17,627,N21,VIIRS,l,2.0NRT,310.6,3.53,D
18.47096,96.57619,339.66,0.42,0.45,2026-03-17,627,N21,VIIRS,n,2.0NRT,311.77,3.02,D
18.47682,94.29266,332.28,0.59,0.53,2026-03-17,627,N21,VIIRS,l,2.0NRT,304.95,6.3,D
18.49083,96.00599,336.38,0.46,0.47,2026-03-17,627,N21,VIIRS,n,2.0NRT,305.07,5.46,D
18.5087,96.00716,339.77,0.45,0.47,2026-03-17,627,N21,VIIRS,n,2.0NRT,305.43,4.84,D
18.51385,95.20158,340.46,0.51,0.49,2026-03-17,627,N21,VIIRS,l,2.0NRT,314.75,5.71,D
18.51566,95.99718,334.4,0.46,0.47,2026-03-17,627,N21,VIIRS,l,2.0NRT,304.56,3.08,D
18.51986,95.72511,344.19,0.47,0.48,2026-03-17,627,N21,VIIRS,l,2.0NRT,317.07,11.93,D
18.56877,96.60464,348.28,0.42,0.45,2026-03-17,627,N21,VIIRS,n,2.0NRT,313.83,11.2,D
18.58031,96.59831,338.39,0.42,0.45,2026-03-17,627,N21,VIIRS,l,2.0NRT,313.24,3.99,D
18.58519,94.91266,334.94,0.53,0.5,2026-03-17,627,N21,VIIRS,l,2.0NRT,308.43,4.51,D
18.58973,96.71667,333.42,0.41,0.45,2026-03-17,627,N21,VIIRS,n,2.0NRT,303.46,1.94,D
18.59442,95.20953,344.34,0.51,0.49,2026-03-17,627,N21,VIIRS,n,2.0NRT,314.06,10.94,D
18.59709,95.21043,345.59,0.51,0.49,2026-03-17,627,N21,VIIRS,n,2.0NRT,313.57,7.95,D
18.63695,95.29511,347.21,0.5,0.49,2026-03-17,627,N21,VIIRS,n,2.0NRT,309.16,6.93,D
18.64034,95.82921,350.72,0.46,0.47,2026-03-17,627,N21,VIIRS,n,2.0NRT,317.62,23.96,D
18.64767,95.93649,338.14,0.46,0.47,2026-03-17,627,N21,VIIRS,n,2.0NRT,304.85,6.32,D
18.67147,96.36382,331.23,0.43,0.46,2026-03-17,627,N21,VIIRS,l,2.0NRT,302.83,2.93,D
18.67154,95.28311,343.82,0.5,0.49,2026-03-17,627,N21,VIIRS,n,2.0NRT,311.25,4.14,D
18.67545,95.49203,344.37,0.49,0.48,2026-03-17,627,N21,VIIRS,l,2.0NRT,314.84,18.34,D
18.67596,95.2821,342.66,0.5,0.49,2026-03-17,627,N21,VIIRS,n,2.0NRT,310.94,4.14,D
18.67983,95.49113,343.95,0.49,0.48,2026-03-17,627,N21,VIIRS,l,2.0NRT,318.15,18.34,D
18.68111,95.76213,345.96,0.47,0.48,2026-03-17,627,N21,VIIRS,n,2.0NRT,313.41,5.51,D
18.68679,97.53432,336.17,0.55,0.43,2026-03-17,627,N21,VIIRS,n,2.0NRT,301.7,7.83,D
18.69072,95.74197,342,0.47,0.48,2026-03-17,627,N21,VIIRS,n,2.0NRT,311.92,4.64,D
18.6923,95.65473,342.47,0.48,0.48,2026-03-17,627,N21,VIIRS,n,2.0NRT,312.61,5.32,D
18.6937,95.65536,343.41,0.47,0.48,2026-03-17,627,N21,VIIRS,n,2.0NRT,312.14,4.73,D
18.69639,95.31635,338.82,0.5,0.49,2026-03-17,627,N21,VIIRS,l,2.0NRT,313.52,11.98,D
18.69654,95.04168,337.48,0.52,0.5,2026-03-17,627,N21,VIIRS,l,2.0NRT,310.67,2.47,D
18.69779,96.31129,339.14,0.43,0.46,2026-03-17,627,N21,VIIRS,n,2.0NRT,302.82,111.17,D
18.6986,96.31553,367,0.43,0.46,2026-03-17,627,N21,VIIRS,h,2.0NRT,330.71,111.17,D
18.70103,96.31422,349.09,0.43,0.46,2026-03-17,627,N21,VIIRS,n,2.0NRT,305.17,22.85,D
18.70282,95.7349,348.6,0.47,0.48,2026-03-17,627,N21,VIIRS,n,2.0NRT,314.53,51.15,D
18.70337,97.49262,338.52,0.55,0.43,2026-03-17,627,N21,VIIRS,n,2.0NRT,299.39,6.67,D
18.70508,97.49457,351.79,0.55,0.43,2026-03-17,627,N21,VIIRS,n,2.0NRT,303.27,17.36,D
18.70723,97.49183,340.27,0.55,0.43,2026-03-17,627,N21,VIIRS,n,2.0NRT,304.41,6.67,D
18.7113,96.62411,341.13,0.41,0.45,2026-03-17,627,N21,VIIRS,n,2.0NRT,304.23,7.24,D
18.72034,95.24862,341.85,0.5,0.49,2026-03-17,627,N21,VIIRS,n,2.0NRT,308.16,5.45,D
18.72039,95.70024,342.77,0.47,0.48,2026-03-17,627,N21,VIIRS,n,2.0NRT,314.63,7.11,D
18.7254,95.74931,341.49,0.47,0.48,2026-03-17,627,N21,VIIRS,n,2.0NRT,314.66,20.75,D
18.72556,95.0462,335.36,0.52,0.5,2026-03-17,627,N21,VIIRS,l,2.0NRT,310.03,1.99,D
18.72625,95.75371,341.73,0.47,0.48,2026-03-17,627,N21,VIIRS,n,2.0NRT,310,20.75,D
18.72752,95.64399,346.11,0.47,0.48,2026-03-17,627,N21,VIIRS,n,2.0NRT,314.39,7.62,D
18.73019,97.50057,344.79,0.55,0.43,2026-03-17,627,N21,VIIRS,n,2.0NRT,303.18,11.42,D
18.73085,97.56983,347.17,0.55,0.42,2026-03-17,627,N21,VIIRS,n,2.0NRT,302.7,15.9,D
18.73406,97.49986,349.6,0.55,0.43,2026-03-17,627,N21,VIIRS,n,2.0NRT,305.6,10.91,D
18.73474,95.79766,338.62,0.46,0.47,2026-03-17,627,N21,VIIRS,n,2.0NRT,307.63,4.39,D
18.73777,95.43694,340.35,0.49,0.49,2026-03-17,627,N21,VIIRS,n,2.0NRT,310.27,10.07,D
18.73794,97.49916,339.6,0.55,0.43,2026-03-17,627,N21,VIIRS,n,2.0NRT,303.41,10.91,D
18.74154,96.42838,338.71,0.42,0.45,2026-03-17,627,N21,VIIRS,l,2.0NRT,310.94,4.97,D
18.74514,95.31184,351.1,0.5,0.49,2026-03-17,627,N21,VIIRS,n,2.0NRT,315.85,8.51,D
18.75998,95.0789,354.9,0.52,0.5,2026-03-17,627,N21,VIIRS,n,2.0NRT,313.49,11.28,D
18.76575,96.48877,352.39,0.42,0.45,2026-03-17,627,N21,VIIRS,n,2.0NRT,315.35,7.89,D
18.76945,95.43587,340.49,0.49,0.48,2026-03-17,627,N21,VIIRS,n,2.0NRT,310.9,3.21,D
18.777,96.57124,344.17,0.42,0.45,2026-03-17,627,N21,VIIRS,n,2.0NRT,313.9,11.24,D
18.77774,96.57515,341.74,0.41,0.45,2026-03-17,627,N21,VIIRS,n,2.0NRT,309.74,11.24,D
18.78285,97.54903,333.9,0.55,0.42,2026-03-17,627,N21,VIIRS,n,2.0NRT,305.17,3.97,D
18.78679,95.86052,332.65,0.46,0.47,2026-03-17,627,N21,VIIRS,l,2.0NRT,305.6,4.55,D
18.78707,95.5028,348.11,0.48,0.48,2026-03-17,627,N21,VIIRS,n,2.0NRT,315.31,8.17,D
18.78794,95.50727,367,0.48,0.48,2026-03-17,627,N21,VIIRS,h,2.0NRT,313.85,12.49,D
18.78957,95.42204,346,0.49,0.49,2026-03-17,627,N21,VIIRS,l,2.0NRT,318.96,11.06,D
18.79057,93.60454,331.33,0.32,0.55,2026-03-17,627,N21,VIIRS,n,2.0NRT,300.98,2.93,D
18.79091,96.53229,343.31,0.42,0.45,2026-03-17,627,N21,VIIRS,n,2.0NRT,311.76,3.94,D
18.79143,95.50187,342.7,0.48,0.48,2026-03-17,627,N21,VIIRS,n,2.0NRT,313.15,8.17,D
18.79801,95.84956,333.94,0.46,0.47,2026-03-17,627,N21,VIIRS,n,2.0NRT,303.01,94.74,D
18.79868,95.1104,338.22,0.51,0.5,2026-03-17,627,N21,VIIRS,n,2.0NRT,311.17,2.95,D
18.79877,95.85359,367,0.46,0.47,2026-03-17,627,N21,VIIRS,h,2.0NRT,328.11,58.98,D
18.79956,95.85773,340.51,0.46,0.47,2026-03-17,627,N21,VIIRS,n,2.0NRT,302.89,58.98,D
18.80113,95.11234,332.78,0.51,0.49,2026-03-17,627,N21,VIIRS,l,2.0NRT,307.22,3.51,D
18.80146,95.84436,367,0.46,0.47,2026-03-17,627,N21,VIIRS,h,2.0NRT,325.09,94.74,D
18.80226,95.84855,343.61,0.46,0.47,2026-03-17,627,N21,VIIRS,n,2.0NRT,317.41,94.74,D
18.80302,95.85262,341.91,0.46,0.47,2026-03-17,627,N21,VIIRS,n,2.0NRT,305.86,58.98,D
18.8038,95.85677,330.4,0.46,0.47,2026-03-17,627,N21,VIIRS,n,2.0NRT,300.88,58.98,D
18.80729,95.85175,367,0.46,0.47,2026-03-17,627,N21,VIIRS,h,2.0NRT,334.16,166.41,D
18.81077,95.84669,346.82,0.46,0.47,2026-03-17,627,N21,VIIRS,n,2.0NRT,303.08,311.11,D
18.81156,95.85088,348.77,0.46,0.47,2026-03-17,627,N21,VIIRS,n,2.0NRT,309.71,166.41,D
18.81503,95.84578,367,0.46,0.47,2026-03-17,627,N21,VIIRS,l,2.0NRT,327.14,207.44,D
18.81851,95.84066,340.81,0.46,0.47,2026-03-17,627,N21,VIIRS,n,2.0NRT,300.41,207.44,D
18.81929,95.84485,367,0.46,0.47,2026-03-17,627,N21,VIIRS,h,2.0NRT,335.44,207.44,D
18.82008,95.84908,340.95,0.46,0.47,2026-03-17,627,N21,VIIRS,n,2.0NRT,300.73,34.16,D
18.82375,95.43375,343.43,0.49,0.48,2026-03-17,627,N21,VIIRS,l,2.0NRT,317.39,14.15,D
18.83491,95.95177,338.75,0.45,0.47,2026-03-17,627,N21,VIIRS,n,2.0NRT,305.37,5.69,D
18.83623,95.66336,344.57,0.47,0.48,2026-03-17,627,N21,VIIRS,n,2.0NRT,314.37,6.34,D
18.84186,96.57869,340.46,0.41,0.45,2026-03-17,627,N21,VIIRS,n,2.0NRT,304.93,6.48,D
18.84256,95.85773,337.35,0.46,0.47,2026-03-17,627,N21,VIIRS,n,2.0NRT,302.37,3.06,D
18.85105,97.56416,336.58,0.54,0.42,2026-03-17,627,N21,VIIRS,n,2.0NRT,303.87,7.04,D
18.86014,96.56664,335.14,0.41,0.45,2026-03-17,627,N21,VIIRS,l,2.0NRT,306.07,2.5,D
18.86032,94.31828,331.84,0.57,0.52,2026-03-17,627,N21,VIIRS,n,2.0NRT,302.99,3.36,D
18.8608,96.56671,334.89,0.41,0.45,2026-03-17,627,N21,VIIRS,l,2.0NRT,306.58,3.41,D
18.86129,96.63877,342.8,0.41,0.45,2026-03-17,627,N21,VIIRS,n,2.0NRT,303.34,8.77,D
18.86202,96.64275,334.21,0.41,0.45,2026-03-17,627,N21,VIIRS,n,2.0NRT,301.87,5.55,D
18.87019,96.55261,340.57,0.41,0.45,2026-03-17,627,N21,VIIRS,n,2.0NRT,307.37,3.78,D
18.87226,96.60833,332.72,0.41,0.45,2026-03-17,627,N21,VIIRS,l,2.0NRT,303.15,5.27,D
18.87243,95.82867,333.14,0.46,0.47,2026-03-17,627,N21,VIIRS,n,2.0NRT,304.82,2.68,D
18.87707,96.61142,339.41,0.41,0.45,2026-03-17,627,N21,VIIRS,n,2.0NRT,303.27,5.27,D
18.87763,95.49983,340.16,0.48,0.48,2026-03-17,627,N21,VIIRS,l,2.0NRT,314.29,7.77,D
18.87774,95.50265,346.81,0.48,0.48,2026-03-17,627,N21,VIIRS,n,2.0NRT,314.88,7.4,D
18.88199,94.97582,343.19,0.52,0.5,2026-03-17,627,N21,VIIRS,n,2.0NRT,310.85,8.12,D
18.88373,94.97679,350.73,0.52,0.5,2026-03-17,627,N21,VIIRS,n,2.0NRT,311.06,8.49,D
18.89291,95.27351,340.14,0.5,0.49,2026-03-17,627,N21,VIIRS,n,2.0NRT,312.16,7.13,D
18.8968,95.8868,308.13,0.46,0.47,2026-03-17,627,N21,VIIRS,l,2.0NRT,320.85,101.6,D
18.89734,95.27262,351.05,0.5,0.49,2026-03-17,627,N21,VIIRS,n,2.0NRT,312.78,13.25,D
18.89761,95.89109,342.21,0.46,0.47,2026-03-17,627,N21,VIIRS,n,2.0NRT,307.62,101.6,D
18.90105,95.88595,347.19,0.46,0.47,2026-03-17,627,N21,VIIRS,n,2.0NRT,318.67,101.6,D
18.90187,95.89025,344.03,0.46,0.47,2026-03-17,627,N21,VIIRS,n,2.0NRT,318.74,101.6,D
18.90269,95.89456,332.77,0.45,0.47,2026-03-17,627,N21,VIIRS,l,2.0NRT,304.22,3.73,D
18.90416,95.80888,330.57,0.46,0.47,2026-03-17,627,N21,VIIRS,l,2.0NRT,304.48,2.41,D
18.92388,95.22523,336.46,0.5,0.49,2026-03-17,627,N21,VIIRS,l,2.0NRT,311.28,5.3,D
18.92505,95.78814,340.61,0.46,0.47,2026-03-17,627,N21,VIIRS,n,2.0NRT,306.04,5.67,D
18.92612,95.63284,348.48,0.47,0.48,2026-03-17,627,N21,VIIRS,n,2.0NRT,314.37,10.33,D
18.92657,95.78638,340.83,0.46,0.47,2026-03-17,627,N21,VIIRS,n,2.0NRT,306.15,2.81,D
18.9284,95.21848,336.66,0.5,0.49,2026-03-17,627,N21,VIIRS,l,2.0NRT,309.46,5.62,D
18.93089,96.24991,340.5,0.43,0.46,2026-03-17,627,N21,VIIRS,n,2.0NRT,304.9,26.28,D
18.94058,95.95546,335.79,0.45,0.47,2026-03-17,627,N21,VIIRS,n,2.0NRT,303.42,5.03,D
18.94954,94.12189,337.47,0.59,0.53,2026-03-17,627,N21,VIIRS,n,2.0NRT,307.5,10.35,D
18.95496,95.24259,341.65,0.5,0.49,2026-03-17,627,N21,VIIRS,n,2.0NRT,310.06,6.09,D
18.95587,95.24718,342.83,0.5,0.49,2026-03-17,627,N21,VIIRS,n,2.0NRT,314.09,8.86,D
18.96711,95.01976,338.62,0.52,0.5,2026-03-17,627,N21,VIIRS,n,2.0NRT,309.16,4.22,D
18.98346,96.50516,342.95,0.42,0.45,2026-03-17,627,N21,VIIRS,n,2.0NRT,307.72,7.26,D
19.00249,97.28359,332.58,0.56,0.43,2026-03-17,627,N21,VIIRS,l,2.0NRT,304.29,5.13,D
19.00293,95.27638,343.5,0.5,0.49,2026-03-17,627,N21,VIIRS,n,2.0NRT,312.49,3.13,D
19.00732,97.28793,330.65,0.56,0.43,2026-03-17,627,N21,VIIRS,l,2.0NRT,302.76,5.9,D
19.00828,95.56136,343.06,0.47,0.48,2026-03-17,627,N21,VIIRS,l,2.0NRT,315.12,6.65,D
19.01093,95.45889,346.57,0.48,0.48,2026-03-17,627,N21,VIIRS,n,2.0NRT,313.46,10.51,D
19.01121,97.49258,334.43,0.55,0.42,2026-03-17,627,N21,VIIRS,n,2.0NRT,305.14,7.16,D
19.01249,95.23067,367,0.5,0.49,2026-03-17,627,N21,VIIRS,h,2.0NRT,313.31,12.62,D
19.01342,95.23549,350.34,0.5,0.49,2026-03-17,627,N21,VIIRS,n,2.0NRT,311.19,19.24,D
19.01609,95.55518,344.82,0.48,0.48,2026-03-17,627,N21,VIIRS,n,2.0NRT,313.8,5.9,D
19.01784,95.23454,347.13,0.5,0.49,2026-03-17,627,N21,VIIRS,n,2.0NRT,312.43,6.52,D
19.01985,94.96986,339.36,0.52,0.5,2026-03-17,627,N21,VIIRS,n,2.0NRT,307.94,3.84,D
19.01992,94.87497,342.37,0.53,0.5,2026-03-17,627,N21,VIIRS,n,2.0NRT,312.82,24.2,D
19.02083,96.2162,334.89,0.43,0.46,2026-03-17,627,N21,VIIRS,n,2.0NRT,306.89,19.12,D
19.02118,97.2975,333.37,0.56,0.43,2026-03-17,627,N21,VIIRS,n,2.0NRT,302.03,4.74,D
19.02136,95.2289,342.3,0.5,0.49,2026-03-17,627,N21,VIIRS,l,2.0NRT,315.12,12.02,D
19.02158,96.22012,336.62,0.43,0.46,2026-03-17,627,N21,VIIRS,n,2.0NRT,302.5,59.93,D
19.02225,95.23357,335.15,0.5,0.49,2026-03-17,627,N21,VIIRS,l,2.0NRT,309.63,6.52,D
19.02234,96.2241,341.23,0.43,0.46,2026-03-17,627,N21,VIIRS,n,2.0NRT,315.43,59.93,D
19.02498,96.21535,338.14,0.43,0.46,2026-03-17,627,N21,VIIRS,n,2.0NRT,306.94,24.12,D
19.03094,97.2405,338.16,0.56,0.43,2026-03-17,627,N21,VIIRS,n,2.0NRT,301.65,7.5,D
19.03662,95.0312,342.54,0.51,0.5,2026-03-17,627,N21,VIIRS,n,2.0NRT,311.5,6.88,D
19.03971,97.2886,336.16,0.56,0.43,2026-03-17,627,N21,VIIRS,n,2.0NRT,302.04,5.91,D
19.04013,95.67893,351.74,0.47,0.47,2026-03-17,627,N21,VIIRS,n,2.0NRT,309.26,10.93,D
19.04064,97.29372,332.2,0.56,0.43,2026-03-17,627,N21,VIIRS,n,2.0NRT,301.25,4.4,D
19.04085,96.25342,339.45,0.43,0.46,2026-03-17,627,N21,VIIRS,n,2.0NRT,306.15,5.59,D
19.04167,96.00565,336.37,0.45,0.47,2026-03-17,627,N21,VIIRS,n,2.0NRT,301.24,4.64,D
19.04501,96.44826,350.22,0.42,0.45,2026-03-17,627,N21,VIIRS,n,2.0NRT,313.72,10.92,D
19.05255,96.15567,342.51,0.44,0.46,2026-03-17,627,N21,VIIRS,n,2.0NRT,302.06,5.83,D
19.05672,96.15483,338.03,0.44,0.46,2026-03-17,627,N21,VIIRS,n,2.0NRT,306.56,29.81,D
19.06136,96.62908,334.61,0.41,0.45,2026-03-17,627,N21,VIIRS,n,2.0NRT,299.69,4.36,D
19.06761,96.84396,340.14,0.4,0.44,2026-03-17,627,N21,VIIRS,n,2.0NRT,299.83,5.21,D
19.07059,95.90503,341.26,0.45,0.47,2026-03-17,627,N21,VIIRS,n,2.0NRT,302.17,8.95,D
19.09482,95.01891,345.71,0.51,0.5,2026-03-17,627,N21,VIIRS,n,2.0NRT,312.84,17.3,D
19.10665,97.25461,332.89,0.56,0.43,2026-03-17,627,N21,VIIRS,l,2.0NRT,305.9,5.03,D
19.10756,97.25957,342.08,0.56,0.43,2026-03-17,627,N21,VIIRS,n,2.0NRT,305.78,9.65,D
19.11862,96.85141,367,0.39,0.44,2026-03-17,627,N21,VIIRS,h,2.0NRT,304.75,9.54,D
19.11929,96.85509,335.21,0.39,0.44,2026-03-17,627,N21,VIIRS,n,2.0NRT,293.31,9.54,D
19.12312,95.58932,367,0.47,0.48,2026-03-17,627,N21,VIIRS,h,2.0NRT,312.41,80.26,D
19.12373,97.08243,339.16,0.57,0.43,2026-03-17,627,N21,VIIRS,n,2.0NRT,305.67,8.45,D
19.12399,95.59376,352.79,0.47,0.48,2026-03-17,627,N21,VIIRS,n,2.0NRT,313.97,80.26,D
19.12743,95.5884,367,0.47,0.48,2026-03-17,627,N21,VIIRS,h,2.0NRT,329.52,80.26,D
19.12829,95.59281,349.55,0.47,0.48,2026-03-17,627,N21,VIIRS,n,2.0NRT,314.15,80.26,D
19.13087,95.58305,339.7,0.47,0.48,2026-03-17,627,N21,VIIRS,n,2.0NRT,291.31,31.94,D
19.1326,95.59189,348.6,0.47,0.48,2026-03-17,627,N21,VIIRS,n,2.0NRT,308.2,153.07,D
19.13988,95.34885,342.09,0.49,0.48,2026-03-17,627,N21,VIIRS,n,2.0NRT,312.5,9.21,D
19.14075,95.3534,343.08,0.49,0.48,2026-03-17,627,N21,VIIRS,n,2.0NRT,312.39,9.95,D
19.15592,94.74385,332.49,0.53,0.5,2026-03-17,627,N21,VIIRS,n,2.0NRT,307.04,3.65,D
19.15654,95.13133,341.71,0.5,0.49,2026-03-17,627,N21,VIIRS,n,2.0NRT,310.26,5.51,D
19.16138,96.44572,331.54,0.42,0.45,2026-03-17,627,N21,VIIRS,l,2.0NRT,304.32,1.56,D
19.16741,94.14581,330.07,0.58,0.52,2026-03-17,627,N21,VIIRS,l,2.0NRT,304.71,8.91,D
19.1837,96.38411,342.34,0.42,0.45,2026-03-17,627,N21,VIIRS,n,2.0NRT,310.19,8.27,D
19.19116,95.1193,343.22,0.5,0.49,2026-03-17,627,N21,VIIRS,n,2.0NRT,313.13,21.15,D
19.2054,95.14513,343.49,0.5,0.49,2026-03-17,627,N21,VIIRS,n,2.0NRT,314.01,11.46,D
19.20629,95.1497,342.21,0.5,0.49,2026-03-17,627,N21,VIIRS,n,2.0NRT,313.28,15.77,D
19.20718,96.73815,341.7,0.4,0.44,2026-03-17,627,N21,VIIRS,n,2.0NRT,302.28,5.79,D
19.2096,94.89403,349.49,0.52,0.5,2026-03-17,627,N21,VIIRS,n,2.0NRT,315.7,19.78,D
19.20983,95.1442,345.91,0.5,0.49,2026-03-17,627,N21,VIIRS,n,2.0NRT,314.81,10.68,D
19.21053,94.89867,341.55,0.52,0.5,2026-03-17,627,N21,VIIRS,n,2.0NRT,308.97,19.78,D
19.21072,95.14877,339.9,0.5,0.49,2026-03-17,627,N21,VIIRS,l,2.0NRT,313.41,7.41,D
19.21147,94.9034,335.12,0.52,0.5,2026-03-17,627,N21,VIIRS,l,2.0NRT,308.86,3.65,D
19.21354,94.84295,355.59,0.52,0.5,2026-03-17,627,N21,VIIRS,n,2.0NRT,310.56,11,D
19.21502,94.89767,335.65,0.52,0.5,2026-03-17,627,N21,VIIRS,l,2.0NRT,308.85,4.32,D
19.2158,96.25898,348.92,0.43,0.46,2026-03-17,627,N21,VIIRS,n,2.0NRT,311.44,10,D
19.21596,94.90241,343,0.52,0.5,2026-03-17,627,N21,VIIRS,n,2.0NRT,311.65,24.01,D
19.226,95.60111,342.7,0.47,0.48,2026-03-17,627,N21,VIIRS,n,2.0NRT,311.39,4.4,D
19.24562,95.6788,342.04,0.46,0.47,2026-03-17,627,N21,VIIRS,n,2.0NRT,310.65,10.08,D
19.24647,95.68317,349.77,0.46,0.47,2026-03-17,627,N21,VIIRS,n,2.0NRT,309.06,8.07,D
19.24991,95.67797,342.06,0.46,0.47,2026-03-17,627,N21,VIIRS,n,2.0NRT,308.98,13.09,D
19.25076,95.68233,367,0.46,0.47,2026-03-17,627,N21,VIIRS,h,2.0NRT,313.48,42.51,D
19.2542,95.67714,343.95,0.46,0.47,2026-03-17,627,N21,VIIRS,n,2.0NRT,312.84,13.09,D
19.25589,95.68581,342.69,0.46,0.47,2026-03-17,627,N21,VIIRS,n,2.0NRT,315.36,42.51,D
19.26432,96.14137,345.58,0.43,0.46,2026-03-17,627,N21,VIIRS,n,2.0NRT,307.33,14.23,D
19.26509,96.14541,340.69,0.43,0.46,2026-03-17,627,N21,VIIRS,n,2.0NRT,306.17,11.37,D
19.27002,94.60012,333.89,0.54,0.51,2026-03-17,627,N21,VIIRS,n,2.0NRT,301.56,6.35,D
19.2767,94.58565,345.55,0.54,0.51,2026-03-17,627,N21,VIIRS,n,2.0NRT,300.85,11.89,D
19.29555,94.5603,338.27,0.54,0.51,2026-03-17,627,N21,VIIRS,n,2.0NRT,300.75,13.85,D
19.30089,94.56312,342.42,0.54,0.51,2026-03-17,627,N21,VIIRS,n,2.0NRT,300.88,7.93,D
19.30462,95.68498,343.55,0.46,0.47,2026-03-17,627,N21,VIIRS,n,2.0NRT,308.82,6.96,D
19.30546,95.68936,346.22,0.46,0.47,2026-03-17,627,N21,VIIRS,n,2.0NRT,311.05,10.18,D
19.33367,95.67419,344.58,0.46,0.47,2026-03-17,627,N21,VIIRS,n,2.0NRT,307.68,7.2,D
19.33385,96.6232,347.07,0.4,0.44,2026-03-17,627,N21,VIIRS,n,2.0NRT,300.91,11.99,D
19.33471,95.57466,338.09,0.47,0.48,2026-03-17,627,N21,VIIRS,l,2.0NRT,310.09,6.91,D
19.34363,95.133,338.1,0.5,0.49,2026-03-17,627,N21,VIIRS,l,2.0NRT,311.94,4.7,D
19.34455,95.13767,337.99,0.5,0.49,2026-03-17,627,N21,VIIRS,l,2.0NRT,310.65,4.7,D
19.34525,95.13664,342.6,0.5,0.49,2026-03-17,627,N21,VIIRS,n,2.0NRT,311.7,8.36,D
19.34911,96.45736,333.38,0.41,0.45,2026-03-17,627,N21,VIIRS,n,2.0NRT,301.75,4.67,D
19.35083,96.46663,335.95,0.41,0.45,2026-03-17,627,N21,VIIRS,n,2.0NRT,300.43,2.92,D
19.35736,95.80004,340.51,0.45,0.47,2026-03-17,627,N21,VIIRS,n,2.0NRT,304.61,5.33,D
19.36334,95.74427,331.81,0.46,0.47,2026-03-17,627,N21,VIIRS,l,2.0NRT,305.54,16.95,D
19.36363,95.73934,333.38,0.46,0.47,2026-03-17,627,N21,VIIRS,n,2.0NRT,306.44,11.22,D
19.36443,95.74364,356.01,0.46,0.47,2026-03-17,627,N21,VIIRS,n,2.0NRT,307.12,11.22,D
19.36677,95.73913,354.86,0.46,0.47,2026-03-17,627,N21,VIIRS,n,2.0NRT,312.52,16.95,D
19.36736,94.54041,341.32,0.54,0.51,2026-03-17,627,N21,VIIRS,n,2.0NRT,301.14,9.47,D
19.36761,95.74348,347.83,0.46,0.47,2026-03-17,627,N21,VIIRS,n,2.0NRT,304.55,16.95,D
19.36987,95.8667,330.42,0.45,0.47,2026-03-17,627,N21,VIIRS,l,2.0NRT,301.18,3.3,D
19.37419,94.81583,351.19,0.52,0.5,2026-03-17,627,N21,VIIRS,n,2.0NRT,311.7,30.84,D
19.37518,94.82093,354.44,0.52,0.5,2026-03-17,627,N21,VIIRS,n,2.0NRT,309.02,10.06,D
19.3753,94.55611,341,0.54,0.51,2026-03-17,627,N21,VIIRS,n,2.0NRT,299.53,10.59,D
19.3797,94.82002,342.72,0.52,0.5,2026-03-17,627,N21,VIIRS,n,2.0NRT,308.05,10.06,D
19.37995,96.0134,332.16,0.44,0.46,2026-03-17,627,N21,VIIRS,n,2.0NRT,302.3,1.79,D
19.38214,95.72713,334.61,0.46,0.47,2026-03-17,627,N21,VIIRS,n,2.0NRT,306.02,4.02,D
19.39275,96.39959,331.09,0.42,0.45,2026-03-17,627,N21,VIIRS,l,2.0NRT,304.13,9.58,D
19.39349,96.4035,343.19,0.41,0.45,2026-03-17,627,N21,VIIRS,n,2.0NRT,307.28,9.58,D
19.40026,95.70625,344.95,0.46,0.47,2026-03-17,627,N21,VIIRS,n,2.0NRT,305.89,4.06,D
19.40104,95.7103,331.75,0.46,0.47,2026-03-17,627,N21,VIIRS,n,2.0NRT,305.89,4.06,D
19.40309,96.1599,331.84,0.43,0.46,2026-03-17,627,N21,VIIRS,l,2.0NRT,306.32,4.44,D
19.40559,95.14389,342.67,0.5,0.49,2026-03-17,627,N21,VIIRS,n,2.0NRT,313.49,5.14,D
19.41505,95.64434,340.64,0.46,0.47,2026-03-17,627,N21,VIIRS,n,2.0NRT,310.15,4.91,D
19.41588,95.64866,341.35,0.46,0.47,2026-03-17,627,N21,VIIRS,n,2.0NRT,308.17,5.13,D
19.41936,95.75987,330.47,0.45,0.47,2026-03-17,627,N21,VIIRS,l,2.0NRT,304.85,3.7,D
19.42019,95.76418,336.53,0.45,0.47,2026-03-17,627,N21,VIIRS,n,2.0NRT,304.61,4.17,D
19.42443,95.26412,343.58,0.49,0.48,2026-03-17,627,N21,VIIRS,n,2.0NRT,313.03,3.09,D
19.42785,94.53189,345.41,0.54,0.51,2026-03-17,627,N21,VIIRS,n,2.0NRT,303.78,26.02,D
19.42861,94.53576,349.41,0.54,0.51,2026-03-17,627,N21,VIIRS,n,2.0NRT,303.86,13.13,D
19.42944,94.54,339.04,0.54,0.51,2026-03-17,627,N21,VIIRS,n,2.0NRT,300.77,13.13,D
19.43313,94.53445,346.65,0.54,0.51,2026-03-17,627,N21,VIIRS,n,2.0NRT,302.45,13.13,D
19.44454,97.08764,334.42,0.57,0.43,2026-03-17,627,N21,VIIRS,n,2.0NRT,300.62,4.95,D
19.44621,97.03011,344.8,0.57,0.43,2026-03-17,627,N21,VIIRS,n,2.0NRT,303.46,29.36,D
19.45053,95.60618,340.47,0.46,0.47,2026-03-17,627,N21,VIIRS,n,2.0NRT,309.04,7.77,D
19.45402,97.02837,332.32,0.57,0.43,2026-03-17,627,N21,VIIRS,n,2.0NRT,301.75,6.25,D
19.45619,97.08492,334.46,0.57,0.43,2026-03-17,627,N21,VIIRS,l,2.0NRT,305.81,8.98,D
19.46137,96.02655,331.99,0.44,0.46,2026-03-17,627,N21,VIIRS,n,2.0NRT,302.08,2.5,D
19.4662,94.09295,336.06,0.58,0.52,2026-03-17,627,N21,VIIRS,n,2.0NRT,289.55,13.71,D
19.47897,94.93661,345.22,0.51,0.49,2026-03-17,627,N21,VIIRS,n,2.0NRT,309.7,13.16,D
19.49346,97.06708,332.51,0.57,0.43,2026-03-17,627,N21,VIIRS,n,2.0NRT,303.04,4.12,D
19.50089,95.44962,351.28,0.47,0.48,2026-03-17,627,N21,VIIRS,n,2.0NRT,312.28,10.09,D
19.50795,96.40795,338.76,0.41,0.45,2026-03-17,627,N21,VIIRS,n,2.0NRT,306.58,3.92,D
19.52667,95.01491,343.08,0.5,0.49,2026-03-17,627,N21,VIIRS,n,2.0NRT,313.02,14.35,D
19.53288,94.99916,338.1,0.5,0.49,2026-03-17,627,N21,VIIRS,l,2.0NRT,308.45,4.4,D
19.54889,96.09206,330.16,0.43,0.46,2026-03-17,627,N21,VIIRS,l,2.0NRT,303.28,1.01,D
19.55082,94.79298,367,0.52,0.5,2026-03-17,627,N21,VIIRS,h,2.0NRT,311.42,37.79,D
19.55175,94.79773,367,0.52,0.5,2026-03-17,627,N21,VIIRS,h,2.0NRT,308.13,37.46,D
19.55532,94.79201,339.69,0.52,0.5,2026-03-17,627,N21,VIIRS,n,2.0NRT,306.17,37.79,D
19.55626,94.79678,354.01,0.52,0.5,2026-03-17,627,N21,VIIRS,n,2.0NRT,317.72,37.46,D
19.55718,94.80149,336.44,0.52,0.5,2026-03-17,627,N21,VIIRS,n,2.0NRT,308.17,37.46,D
19.56167,94.80049,353.76,0.52,0.5,2026-03-17,627,N21,VIIRS,n,2.0NRT,309.84,14.52,D
19.5626,94.80522,340.99,0.52,0.5,2026-03-17,627,N21,VIIRS,n,2.0NRT,306.02,13.73,D
19.56616,94.79947,330.88,0.52,0.5,2026-03-17,627,N21,VIIRS,l,2.0NRT,304.44,14.52,D
19.56821,96.32258,339.55,0.42,0.45,2026-03-17,627,N21,VIIRS,n,2.0NRT,309.52,4.7,D
19.57506,96.00262,341.85,0.44,0.46,2026-03-17,627,N21,VIIRS,n,2.0NRT,305.39,5.37,D
19.57963,94.79646,346.78,0.52,0.5,2026-03-17,627,N21,VIIRS,n,2.0NRT,310.85,21.93,D
19.58415,94.79561,345.4,0.52,0.5,2026-03-17,627,N21,VIIRS,n,2.0NRT,309.2,21.93,D
19.61188,95.9412,340.3,0.44,0.46,2026-03-17,627,N21,VIIRS,n,2.0NRT,304.69,4.02,D
19.61889,96.93439,332.42,0.38,0.43,2026-03-17,627,N21,VIIRS,l,2.0NRT,305.25,5.13,D
19.63064,96.34283,367,0.41,0.45,2026-03-17,627,N21,VIIRS,h,2.0NRT,305.35,9.5,D
19.63494,97.35783,345.34,0.54,0.42,2026-03-17,627,N21,VIIRS,n,2.0NRT,302.33,24.07,D
19.63953,96.45737,336.81,0.41,0.45,2026-03-17,627,N21,VIIRS,n,2.0NRT,295.15,2.21,D
19.64196,97.33039,342.15,0.55,0.42,2026-03-17,627,N21,VIIRS,n,2.0NRT,305.34,19.6,D
19.64694,96.33945,367,0.41,0.45,2026-03-17,627,N21,VIIRS,h,2.0NRT,303.37,10.74,D
19.6503,97.35484,330.91,0.54,0.42,2026-03-17,627,N21,VIIRS,l,2.0NRT,302.35,9.15,D
19.65185,97.33076,339.94,0.54,0.42,2026-03-17,627,N21,VIIRS,n,2.0NRT,304.92,8.67,D
19.65234,97.34399,341.66,0.54,0.42,2026-03-17,627,N21,VIIRS,n,2.0NRT,304.72,12.37,D
19.65297,95.86031,330.84,0.44,0.46,2026-03-17,627,N21,VIIRS,l,2.0NRT,301.94,4.97,D
19.65349,97.32812,348.11,0.55,0.42,2026-03-17,627,N21,VIIRS,n,2.0NRT,306.66,8.58,D
19.65437,96.46937,342.39,0.41,0.45,2026-03-17,627,N21,VIIRS,n,2.0NRT,298.48,8.39,D
19.65438,96.90557,330.12,0.38,0.44,2026-03-17,627,N21,VIIRS,n,2.0NRT,304.04,1.68,D
19.65438,97.33315,337.63,0.55,0.42,2026-03-17,627,N21,VIIRS,n,2.0NRT,303.54,8.58,D
19.65464,97.34587,337.89,0.54,0.42,2026-03-17,627,N21,VIIRS,n,2.0NRT,303.34,12.87,D
19.65477,97.325,350.1,0.55,0.42,2026-03-17,627,N21,VIIRS,n,2.0NRT,307.18,10.04,D
19.65555,97.31734,343.74,0.55,0.42,2026-03-17,627,N21,VIIRS,n,2.0NRT,304.67,12.96,D
19.6557,97.33003,344.52,0.54,0.42,2026-03-17,627,N21,VIIRS,n,2.0NRT,304.29,7.73,D
19.65644,97.32235,353.11,0.55,0.42,2026-03-17,627,N21,VIIRS,n,2.0NRT,308.6,12.96,D
19.65651,97.356,334.13,0.54,0.42,2026-03-17,627,N21,VIIRS,n,2.0NRT,301.25,8.26,D
19.65678,97.31428,338.48,0.55,0.42,2026-03-17,627,N21,VIIRS,n,2.0NRT,302.52,4.8,D
19.65734,97.32742,340.81,0.55,0.42,2026-03-17,627,N21,VIIRS,n,2.0NRT,306.4,7.55,D
19.65769,96.85642,337.89,0.39,0.44,2026-03-17,627,N21,VIIRS,n,2.0NRT,300.26,9.52,D
19.6577,97.31927,344.55,0.55,0.42,2026-03-17,627,N21,VIIRS,n,2.0NRT,307.28,10.04,D
19.65798,97.35338,333.85,0.54,0.42,2026-03-17,627,N21,VIIRS,n,2.0NRT,300.64,8.09,D
19.658,95.43294,339.21,0.47,0.48,2026-03-17,627,N21,VIIRS,l,2.0NRT,313.27,6.83,D
19.65842,96.86044,340.43,0.39,0.44,2026-03-17,627,N21,VIIRS,n,2.0NRT,303.47,4.04,D
19.65863,97.3243,332.27,0.55,0.42,2026-03-17,627,N21,VIIRS,l,2.0NRT,306.99,10.04,D
19.65912,97.33744,335.96,0.54,0.42,2026-03-17,627,N21,VIIRS,n,2.0NRT,303.86,6.26,D
19.65956,97.32935,336.81,0.54,0.42,2026-03-17,627,N21,VIIRS,n,2.0NRT,302.03,7.73,D
19.65967,94.69513,338.99,0.52,0.5,2026-03-17,627,N21,VIIRS,n,2.0NRT,310.26,4.13,D
19.6603,97.32166,344.74,0.55,0.42,2026-03-17,627,N21,VIIRS,n,2.0NRT,306.21,12.96,D
19.66119,97.32673,340.81,0.55,0.42,2026-03-17,627,N21,VIIRS,n,2.0NRT,304.77,7.55,D
19.66139,97.33933,345.07,0.54,0.42,2026-03-17,627,N21,VIIRS,n,2.0NRT,301.24,13.2,D
19.66156,97.31858,336.12,0.55,0.42,2026-03-17,627,N21,VIIRS,n,2.0NRT,303.43,14.7,D
19.66165,97.27575,338.28,0.55,0.43,2026-03-17,627,N21,VIIRS,l,2.0NRT,308.44,18.13,D
19.66183,97.35267,338.79,0.54,0.42,2026-03-17,627,N21,VIIRS,n,2.0NRT,302.23,10.38,D
19.66208,97.33175,333.81,0.55,0.42,2026-03-17,627,N21,VIIRS,n,2.0NRT,301.2,7.55,D
19.66249,97.32362,354.89,0.55,0.42,2026-03-17,627,N21,VIIRS,n,2.0NRT,305.23,14.7,D
19.66297,97.33675,331.64,0.54,0.42,2026-03-17,627,N21,VIIRS,l,2.0NRT,303.41,6.26,D
19.66326,97.34946,341.72,0.54,0.42,2026-03-17,627,N21,VIIRS,n,2.0NRT,306.36,15.55,D
19.66341,97.32867,335.02,0.54,0.42,2026-03-17,627,N21,VIIRS,n,2.0NRT,302.61,8.67,D
19.66419,94.69416,338.04,0.52,0.5,2026-03-17,627,N21,VIIRS,n,2.0NRT,309.49,4.13,D
19.66434,97.33369,348.29,0.54,0.42,2026-03-17,627,N21,VIIRS,n,2.0NRT,305.83,8.67,D
19.66568,97.35202,342.9,0.54,0.42,2026-03-17,627,N21,VIIRS,n,2.0NRT,304.53,10.38,D
19.66728,97.32804,338.53,0.54,0.42,2026-03-17,627,N21,VIIRS,n,2.0NRT,304.52,8.67,D
19.66807,97.35397,334.71,0.54,0.42,2026-03-17,627,N21,VIIRS,n,2.0NRT,301.99,11.75,D
19.6702,97.32229,333.6,0.55,0.42,2026-03-17,627,N21,VIIRS,n,2.0NRT,303.56,4.87,D
19.6719,94.51562,335.68,0.54,0.51,2026-03-17,627,N21,VIIRS,n,2.0NRT,303.24,8.19,D
19.67311,97.31645,332.61,0.55,0.42,2026-03-17,627,N21,VIIRS,l,2.0NRT,302.73,4.87,D
19.6779,97.32088,332.6,0.55,0.42,2026-03-17,627,N21,VIIRS,l,2.0NRT,303.51,11.04,D
19.68175,97.32012,331.44,0.55,0.42,2026-03-17,627,N21,VIIRS,n,2.0NRT,301.26,11.04,D
19.68221,96.08232,332.88,0.43,0.46,2026-03-17,627,N21,VIIRS,n,2.0NRT,304.3,2.52,D
19.69183,95.76618,343.35,0.45,0.47,2026-03-17,627,N21,VIIRS,n,2.0NRT,306.2,5.06,D
19.69205,95.76604,343.63,0.45,0.47,2026-03-17,627,N21,VIIRS,n,2.0NRT,306.22,6.31,D
19.6929,97.02824,331.59,0.57,0.43,2026-03-17,627,N21,VIIRS,n,2.0NRT,304.86,4.79,D
19.70232,95.91405,337.97,0.44,0.46,2026-03-17,627,N21,VIIRS,n,2.0NRT,301.77,5.59,D
19.70404,96.84665,338.4,0.39,0.44,2026-03-17,627,N21,VIIRS,n,2.0NRT,299.24,7.59,D
19.70745,96.10216,340.38,0.43,0.46,2026-03-17,627,N21,VIIRS,n,2.0NRT,304.19,7.34,D
19.70775,94.94027,337.78,0.51,0.49,2026-03-17,627,N21,VIIRS,n,2.0NRT,307.52,5.17,D
19.70871,95.46345,344.54,0.47,0.48,2026-03-17,627,N21,VIIRS,n,2.0NRT,309.91,5.23,D
19.70989,96.74547,339.74,0.39,0.44,2026-03-17,627,N21,VIIRS,n,2.0NRT,296.45,51.14,D
19.71059,96.74923,367,0.39,0.44,2026-03-17,627,N21,VIIRS,l,2.0NRT,361.72,397.66,D
19.71129,96.75304,346.69,0.39,0.44,2026-03-17,627,N21,VIIRS,n,2.0NRT,303.89,397.66,D
19.71459,96.74859,339.44,0.39,0.44,2026-03-17,627,N21,VIIRS,n,2.0NRT,295.58,4.13,D
19.7153,96.75243,331.77,0.39,0.44,2026-03-17,627,N21,VIIRS,n,2.0NRT,294.7,4.13,D
19.7169,97.66441,345.6,0.52,0.42,2026-03-17,627,N21,VIIRS,n,2.0NRT,306.97,6.46,D
19.71734,97.66636,354.32,0.52,0.42,2026-03-17,627,N21,VIIRS,n,2.0NRT,309.36,11.32,D
19.71781,97.66956,337.23,0.52,0.42,2026-03-17,627,N21,VIIRS,l,2.0NRT,307.26,6.46,D
19.72939,95.80171,343.19,0.45,0.47,2026-03-17,627,N21,VIIRS,n,2.0NRT,302.02,4.67,D
19.7336,95.80087,335.94,0.45,0.47,2026-03-17,627,N21,VIIRS,n,2.0NRT,302.06,4.67,D
19.7468,96.46886,332.88,0.41,0.45,2026-03-17,627,N21,VIIRS,n,2.0NRT,301.65,3.56,D
19.75093,96.46851,332.35,0.41,0.45,2026-03-17,627,N21,VIIRS,n,2.0NRT,301.82,3.56,D
19.75161,97.14756,332.74,0.56,0.43,2026-03-17,627,N21,VIIRS,l,2.0NRT,303.53,8.72,D
19.75165,96.47233,334.88,0.41,0.45,2026-03-17,627,N21,VIIRS,n,2.0NRT,300.46,14.04,D
19.76181,96.01588,333.25,0.43,0.46,2026-03-17,627,N21,VIIRS,n,2.0NRT,302.42,4.48,D
19.7672,97.59634,331.15,0.52,0.42,2026-03-17,627,N21,VIIRS,l,2.0NRT,304,4.82,D
19.77043,96.87445,352.5,0.38,0.44,2026-03-17,627,N21,VIIRS,n,2.0NRT,297.61,11.63,D
19.77166,96.88121,331.78,0.38,0.43,2026-03-17,627,N21,VIIRS,l,2.0NRT,304.61,4.44,D
19.77451,95.09486,334.46,0.49,0.49,2026-03-17,627,N21,VIIRS,l,2.0NRT,309.3,3.61,D
19.78065,95.72557,335.97,0.45,0.47,2026-03-17,627,N21,VIIRS,l,2.0NRT,310.21,9.21,D
19.78292,94.90689,347.93,0.51,0.49,2026-03-17,627,N21,VIIRS,n,2.0NRT,311.64,10.45,D
19.79156,96.96853,334.11,0.57,0.43,2026-03-17,627,N21,VIIRS,n,2.0NRT,302.77,8.48,D
19.81162,96.00565,334.07,0.43,0.46,2026-03-17,627,N21,VIIRS,n,2.0NRT,299.17,4.2,D
19.82145,95.31682,343.56,0.48,0.48,2026-03-17,627,N21,VIIRS,n,2.0NRT,313.88,6.43,D
19.82257,96.08675,341.18,0.43,0.46,2026-03-17,627,N21,VIIRS,n,2.0NRT,304.67,4.51,D
19.82303,95.31811,349.45,0.48,0.48,2026-03-17,627,N21,VIIRS,n,2.0NRT,312.88,8.69,D
19.82499,96.95312,338.28,0.57,0.43,2026-03-17,627,N21,VIIRS,n,2.0NRT,299.18,8.51,D
19.84868,94.86359,336.31,0.51,0.49,2026-03-17,627,N21,VIIRS,l,2.0NRT,309.53,16.61,D
19.8492,95.05711,344.87,0.49,0.49,2026-03-17,627,N21,VIIRS,n,2.0NRT,310.51,15.72,D
19.84958,94.86826,340.83,0.51,0.49,2026-03-17,627,N21,VIIRS,n,2.0NRT,305.3,10.01,D
19.85134,94.86423,354.57,0.51,0.49,2026-03-17,627,N21,VIIRS,n,2.0NRT,313.52,21.88,D
19.85637,94.60708,335.2,0.53,0.5,2026-03-17,627,N21,VIIRS,n,2.0NRT,304.8,7.8,D
19.85672,94.86792,342.76,0.51,0.49,2026-03-17,627,N21,VIIRS,n,2.0NRT,307.96,6.95,D
19.86116,94.86692,346.09,0.51,0.49,2026-03-17,627,N21,VIIRS,n,2.0NRT,308.95,6.95,D
19.87248,95.90936,339.34,0.44,0.46,2026-03-17,627,N21,VIIRS,n,2.0NRT,302.5,2.66,D
19.87651,97.14482,332.03,0.55,0.43,2026-03-17,627,N21,VIIRS,n,2.0NRT,299.69,5.53,D
19.87746,97.15003,334.98,0.55,0.43,2026-03-17,627,N21,VIIRS,n,2.0NRT,299.79,5.53,D
19.88209,96.91022,339.13,0.57,0.43,2026-03-17,627,N21,VIIRS,n,2.0NRT,298.54,4.47,D
19.88297,96.91508,337.74,0.57,0.43,2026-03-17,627,N21,VIIRS,n,2.0NRT,298.88,5.04,D
19.88999,97.10889,331.78,0.56,0.43,2026-03-17,627,N21,VIIRS,l,2.0NRT,303.43,5.24,D
19.89001,95.79549,333.74,0.44,0.46,2026-03-17,627,N21,VIIRS,l,2.0NRT,303.82,6.01,D
19.89004,94.41731,330.29,0.54,0.51,2026-03-17,627,N21,VIIRS,n,2.0NRT,297.3,8.56,D
19.89867,95.77197,339.93,0.44,0.46,2026-03-17,627,N21,VIIRS,n,2.0NRT,306.04,7.67,D
19.90974,95.22962,339.5,0.48,0.48,2026-03-17,627,N21,VIIRS,l,2.0NRT,312.86,3.49,D
19.92727,96.82645,336.42,0.38,0.44,2026-03-17,627,N21,VIIRS,n,2.0NRT,300.67,3.43,D
19.92879,95.4234,338.99,0.47,0.47,2026-03-17,627,N21,VIIRS,l,2.0NRT,313.65,5.46,D
19.92894,96.11639,330.06,0.42,0.45,2026-03-17,627,N21,VIIRS,l,2.0NRT,301.68,8.29,D
19.9314,94.69354,345.89,0.52,0.5,2026-03-17,627,N21,VIIRS,n,2.0NRT,298,9.77,D
19.93766,97.10043,331.29,0.56,0.43,2026-03-17,627,N21,VIIRS,l,2.0NRT,304.33,6.34,D
19.9377,95.27612,339.79,0.48,0.48,2026-03-17,627,N21,VIIRS,l,2.0NRT,311.3,3.49,D
19.94141,97.01228,333.25,0.56,0.43,2026-03-17,627,N21,VIIRS,n,2.0NRT,303.27,4.6,D
19.94513,97.14789,331.08,0.55,0.43,2026-03-17,627,N21,VIIRS,n,2.0NRT,298.58,5.6,D
19.94612,97.15343,330.19,0.55,0.43,2026-03-17,627,N21,VIIRS,n,2.0NRT,297.96,5.35,D
19.94692,97.14998,333.87,0.55,0.43,2026-03-17,627,N21,VIIRS,n,2.0NRT,299.67,11.16,D
19.94821,95.99033,333.49,0.43,0.46,2026-03-17,627,N21,VIIRS,n,2.0NRT,301.18,2.12,D
19.95314,97.05383,334.19,0.56,0.43,2026-03-17,627,N21,VIIRS,n,2.0NRT,304.36,9.26,D
19.95878,95.76496,333.62,0.44,0.46,2026-03-17,627,N21,VIIRS,n,2.0NRT,304.6,2.73,D
19.95992,97.0469,346.29,0.56,0.43,2026-03-17,627,N21,VIIRS,n,2.0NRT,305.37,9.36,D
19.96677,97.06225,335.96,0.56,0.43,2026-03-17,627,N21,VIIRS,n,2.0NRT,306.18,4.83,D
20.00263,95.23867,343.89,0.48,0.48,2026-03-17,627,N21,VIIRS,n,2.0NRT,312.12,5.4,D
20.00507,97.16184,334.22,0.55,0.43,2026-03-17,627,N21,VIIRS,n,2.0NRT,302.76,6.22,D
20.0069,97.1719,344.42,0.55,0.43,2026-03-17,627,N21,VIIRS,n,2.0NRT,305.56,19.29,D
20.00891,97.16102,332.4,0.55,0.43,2026-03-17,627,N21,VIIRS,l,2.0NRT,302.74,4.53,D
20.0167,96.29256,337.73,0.41,0.45,2026-03-17,627,N21,VIIRS,n,2.0NRT,306.15,3.33,D
20.0175,95.4325,338.66,0.46,0.47,2026-03-17,627,N21,VIIRS,l,2.0NRT,310.37,3.35,D
20.01996,97.08954,336.21,0.56,0.43,2026-03-17,627,N21,VIIRS,n,2.0NRT,305.57,12.4,D
20.02657,95.50269,347.33,0.46,0.47,2026-03-17,627,N21,VIIRS,n,2.0NRT,309.6,6.37,D
20.02823,96.97926,337.22,0.56,0.43,2026-03-17,627,N21,VIIRS,l,2.0NRT,310.59,10.73,D
20.02904,96.98192,341.78,0.56,0.43,2026-03-17,627,N21,VIIRS,n,2.0NRT,309.4,9.84,D
20.03846,97.19193,337.07,0.55,0.42,2026-03-17,627,N21,VIIRS,n,2.0NRT,302.88,7.22,D
20.03911,94.47285,341.48,0.53,0.5,2026-03-17,627,N21,VIIRS,n,2.0NRT,307.98,12.83,D
20.05971,95.62943,341.91,0.45,0.47,2026-03-17,627,N21,VIIRS,n,2.0NRT,306.18,3.7,D
20.06971,97.60532,336.3,0.52,0.41,2026-03-17,627,N21,VIIRS,n,2.0NRT,301.55,4.73,D
20.07307,93.07955,331.43,0.33,0.55,2026-03-17,627,N21,VIIRS,l,2.0NRT,302.27,3.87,D
20.07664,95.62593,337.3,0.45,0.47,2026-03-17,627,N21,VIIRS,l,2.0NRT,308.83,5.71,D
20.07816,95.65709,334.97,0.45,0.47,2026-03-17,627,N21,VIIRS,n,2.0NRT,304.95,2.98,D
20.07985,97.0386,330.97,0.56,0.43,2026-03-17,627,N21,VIIRS,l,2.0NRT,305.16,4.67,D
20.08078,97.04365,339.77,0.56,0.43,2026-03-17,627,N21,VIIRS,n,2.0NRT,303.76,7.87,D
20.08268,95.20322,339.31,0.48,0.48,2026-03-17,627,N21,VIIRS,n,2.0NRT,311.3,3.47,D
20.08274,95.70424,331.92,0.45,0.47,2026-03-17,627,N21,VIIRS,l,2.0NRT,305.9,3.07,D
20.08441,97.06345,337.43,0.56,0.43,2026-03-17,627,N21,VIIRS,n,2.0NRT,303.37,5.97,D
20.10604,97.15971,351.5,0.55,0.43,2026-03-17,627,N21,VIIRS,n,2.0NRT,309.49,15.46,D
20.10989,97.15896,333.41,0.55,0.43,2026-03-17,627,N21,VIIRS,l,2.0NRT,307.95,7.8,D
20.11014,97.93737,347.14,0.5,0.41,2026-03-17,627,N21,VIIRS,n,2.0NRT,307.85,10.99,D
20.11298,97.93193,348.93,0.5,0.41,2026-03-17,627,N21,VIIRS,n,2.0NRT,310.64,10.99,D
20.11389,97.93694,344.8,0.5,0.41,2026-03-17,627,N21,VIIRS,n,2.0NRT,309.62,10.99,D
20.11561,96.83536,335.75,0.57,0.43,2026-03-17,627,N21,VIIRS,n,2.0NRT,300.37,5,D
20.11591,96.83856,336.85,0.57,0.43,2026-03-17,627,N21,VIIRS,n,2.0NRT,299.31,8.48,D
20.1232,97.18824,343.65,0.55,0.42,2026-03-17,627,N21,VIIRS,n,2.0NRT,307.32,9.65,D
20.13373,95.97383,342.94,0.43,0.46,2026-03-17,627,N21,VIIRS,n,2.0NRT,301.6,8.36,D
20.14146,97.94171,336.73,0.5,0.41,2026-03-17,627,N21,VIIRS,n,2.0NRT,304.79,6.57,D
20.14347,97.16822,336.73,0.55,0.42,2026-03-17,627,N21,VIIRS,l,2.0NRT,308.61,7.22,D
20.14639,97.1623,344.64,0.55,0.42,2026-03-17,627,N21,VIIRS,n,2.0NRT,309.58,13.6,D
20.14732,97.16747,334.55,0.55,0.42,2026-03-17,627,N21,VIIRS,l,2.0NRT,309.21,7.22,D
20.14912,95.70726,330.66,0.44,0.46,2026-03-17,627,N21,VIIRS,l,2.0NRT,305.52,2.24,D
20.14931,97.15636,337.85,0.55,0.43,2026-03-17,627,N21,VIIRS,n,2.0NRT,307.03,9.94,D
20.15024,97.16154,346.36,0.55,0.42,2026-03-17,627,N21,VIIRS,n,2.0NRT,310.61,9.94,D
20.15366,95.77592,333.3,0.44,0.46,2026-03-17,627,N21,VIIRS,l,2.0NRT,303.33,1.95,D
20.15502,97.16595,339.71,0.55,0.42,2026-03-17,627,N21,VIIRS,n,2.0NRT,307.15,14.19,D
20.15594,97.1711,353.47,0.55,0.42,2026-03-17,627,N21,VIIRS,n,2.0NRT,311.07,14.19,D
20.15686,97.17624,348.88,0.55,0.42,2026-03-17,627,N21,VIIRS,n,2.0NRT,306.3,18.27,D
20.15979,97.17036,347.01,0.55,0.42,2026-03-17,627,N21,VIIRS,n,2.0NRT,315.67,44.07,D
20.16456,97.17474,349.48,0.55,0.42,2026-03-17,627,N21,VIIRS,n,2.0NRT,309.08,64.89,D
20.16604,97.17223,334.26,0.55,0.42,2026-03-17,627,N21,VIIRS,n,2.0NRT,308.4,4.14,D
20.1742,96.05276,336.25,0.42,0.45,2026-03-17,627,N21,VIIRS,n,2.0NRT,302.36,3.48,D
20.1834,97.15833,334.82,0.55,0.42,2026-03-17,627,N21,VIIRS,l,2.0NRT,306.47,4.86,D
20.18434,97.16342,355.57,0.55,0.42,2026-03-17,627,N21,VIIRS,n,2.0NRT,310.81,12.73,D
20.18492,96.08745,332.23,0.42,0.45,2026-03-17,627,N21,VIIRS,l,2.0NRT,303.88,3.14,D
20.18526,97.16842,344.37,0.55,0.42,2026-03-17,627,N21,VIIRS,n,2.0NRT,306.55,12.73,D
20.18819,97.16265,351.9,0.55,0.42,2026-03-17,627,N21,VIIRS,n,2.0NRT,310.65,29.14,D
20.1891,97.16763,350.47,0.55,0.42,2026-03-17,627,N21,VIIRS,n,2.0NRT,312.72,29.14,D
20.18954,95.51078,342.41,0.46,0.47,2026-03-17,627,N21,VIIRS,n,2.0NRT,309,4.36,D
20.19037,95.50892,342.38,0.46,0.47,2026-03-17,627,N21,VIIRS,n,2.0NRT,308.68,5.24,D
20.19202,97.16181,346.27,0.55,0.42,2026-03-17,627,N21,VIIRS,n,2.0NRT,307.48,29.14,D
20.1976,97.19219,333.59,0.54,0.42,2026-03-17,627,N21,VIIRS,l,2.0NRT,304.89,4.45,D
20.19782,97.15001,350.81,0.55,0.42,2026-03-17,627,N21,VIIRS,n,2.0NRT,310.92,10.05,D
20.19875,97.15509,351.6,0.55,0.42,2026-03-17,627,N21,VIIRS,n,2.0NRT,308.76,10.05,D
20.20165,97.14917,347.07,0.55,0.42,2026-03-17,627,N21,VIIRS,n,2.0NRT,309.37,13.67,D
20.20192,96.40536,333.63,0.4,0.44,2026-03-17,627,N21,VIIRS,l,2.0NRT,303.82,102.27,D
20.20265,96.40933,367,0.4,0.44,2026-03-17,627,N21,VIIRS,l,2.0NRT,327.59,102.27,D
20.20465,96.94625,330.75,0.56,0.43,2026-03-17,627,N21,VIIRS,n,2.0NRT,300.48,3.33,D
20.20621,94.35676,332.12,0.54,0.51,2026-03-17,627,N21,VIIRS,n,2.0NRT,292.5,3.4,D
20.20961,95.77297,333.23,0.44,0.46,2026-03-17,627,N21,VIIRS,l,2.0NRT,305.18,2.64,D
20.21505,97.15706,337.56,0.55,0.42,2026-03-17,627,N21,VIIRS,l,2.0NRT,312.15,8.53,D
20.21618,96.10156,334.17,0.42,0.45,2026-03-17,627,N21,VIIRS,n,2.0NRT,303.45,2.28,D
20.22361,97.00626,332.98,0.56,0.43,2026-03-17,627,N21,VIIRS,l,2.0NRT,304.15,6.57,D
20.22756,94.53281,337.68,0.52,0.5,2026-03-17,627,N21,VIIRS,n,2.0NRT,308.14,5.09,D
20.23225,95.27172,336.01,0.47,0.48,2026-03-17,627,N21,VIIRS,l,2.0NRT,307.58,4.17,D
20.25112,95.30007,340.82,0.47,0.48,2026-03-17,627,N21,VIIRS,n,2.0NRT,310.47,5.03,D
20.25257,95.88633,332.49,0.43,0.46,2026-03-17,627,N21,VIIRS,l,2.0NRT,305.35,3.97,D
20.25952,94.55124,351.56,0.52,0.5,2026-03-17,627,N21,VIIRS,n,2.0NRT,307.66,9.31,D
20.27004,97.13061,352.76,0.55,0.42,2026-03-17,627,N21,VIIRS,n,2.0NRT,296.29,17.44,D
20.27112,97.12746,350.22,0.55,0.42,2026-03-17,627,N21,VIIRS,n,2.0NRT,305.91,34.87,D
20.27297,97.12474,336.11,0.55,0.43,2026-03-17,627,N21,VIIRS,n,2.0NRT,305.55,17.44,D
20.27392,97.13003,355.99,0.55,0.42,2026-03-17,627,N21,VIIRS,n,2.0NRT,306.77,17.44,D
20.27402,97.1216,335.71,0.55,0.42,2026-03-17,627,N21,VIIRS,n,2.0NRT,305.01,9.88,D
20.27501,97.12691,367,0.55,0.42,2026-03-17,627,N21,VIIRS,h,2.0NRT,309.24,69.97,D
20.27686,97.12418,351.58,0.55,0.43,2026-03-17,627,N21,VIIRS,n,2.0NRT,310.94,35.03,D
20.2778,97.12949,351.55,0.55,0.42,2026-03-17,627,N21,VIIRS,n,2.0NRT,312.72,35.03,D
20.27791,97.12102,335.72,0.55,0.42,2026-03-17,627,N21,VIIRS,n,2.0NRT,305.2,9.88,D
20.2789,97.12633,348.59,0.55,0.42,2026-03-17,627,N21,VIIRS,n,2.0NRT,306.88,69.97,D
20.28165,97.12875,367,0.55,0.42,2026-03-17,627,N21,VIIRS,h,2.0NRT,301.96,35.03,D
20.28276,97.12565,352.98,0.55,0.42,2026-03-17,627,N21,VIIRS,n,2.0NRT,296.23,14.91,D
20.28367,97.1306,348.83,0.55,0.42,2026-03-17,627,N21,VIIRS,n,2.0NRT,291.55,14.91,D
20.28571,97.12002,335.56,0.55,0.42,2026-03-17,627,N21,VIIRS,n,2.0NRT,290.25,8.7,D
20.28787,96.73684,336.45,0.38,0.43,2026-03-17,627,N21,VIIRS,n,2.0NRT,302.93,2.57,D
20.2884,97.13465,355.35,0.55,0.42,2026-03-17,627,N21,VIIRS,n,2.0NRT,297.24,42.84,D
20.2918,96.73607,352.52,0.38,0.43,2026-03-17,627,N21,VIIRS,n,2.0NRT,304.43,9.8,D
20.29218,95.90457,340.83,0.43,0.46,2026-03-17,627,N21,VIIRS,n,2.0NRT,305.41,2.58,D
20.29225,97.13389,350.15,0.55,0.42,2026-03-17,627,N21,VIIRS,n,2.0NRT,293.66,20.67,D
20.29609,97.13313,337.97,0.55,0.42,2026-03-17,627,N21,VIIRS,n,2.0NRT,296.95,20.67,D
20.29702,97.13815,355.33,0.55,0.42,2026-03-17,627,N21,VIIRS,n,2.0NRT,310.95,20.67,D
20.29938,96.91077,338.81,0.56,0.43,2026-03-17,627,N21,VIIRS,n,2.0NRT,307.19,6.8,D
20.30036,96.91614,336.2,0.56,0.43,2026-03-17,627,N21,VIIRS,n,2.0NRT,306.46,6.99,D
20.30326,96.90996,336.79,0.56,0.43,2026-03-17,627,N21,VIIRS,n,2.0NRT,306.17,6.8,D
20.30425,96.91533,346.63,0.56,0.43,2026-03-17,627,N21,VIIRS,n,2.0NRT,306.72,6.99,D
20.30473,97.13672,348.77,0.55,0.42,2026-03-17,627,N21,VIIRS,n,2.0NRT,309.9,22.15,D
20.30564,97.14174,334.62,0.55,0.42,2026-03-17,627,N21,VIIRS,n,2.0NRT,305.5,10.94,D
20.3086,97.13611,353.11,0.55,0.42,2026-03-17,627,N21,VIIRS,n,2.0NRT,317.01,34.18,D
20.31149,97.13017,336.49,0.55,0.42,2026-03-17,627,N21,VIIRS,n,2.0NRT,299.66,34.18,D
20.31247,97.13548,367,0.55,0.42,2026-03-17,627,N21,VIIRS,h,2.0NRT,311.46,34.18,D
20.31633,97.1348,348.87,0.55,0.42,2026-03-17,627,N21,VIIRS,n,2.0NRT,293.02,13.42,D
20.33385,97.87921,340.24,0.5,0.41,2026-03-17,627,N21,VIIRS,n,2.0NRT,302.05,6.11,D
20.33459,97.88341,337.99,0.5,0.41,2026-03-17,627,N21,VIIRS,n,2.0NRT,301.22,5.38,D
20.33755,97.87859,340.83,0.5,0.41,2026-03-17,627,N21,VIIRS,n,2.0NRT,302.16,6.11,D
20.33794,97.46799,331.6,0.52,0.42,2026-03-17,627,N21,VIIRS,n,2.0NRT,302.37,3.62,D
20.34154,97.94375,335.81,0.49,0.41,2026-03-17,627,N21,VIIRS,n,2.0NRT,306.13,2.98,D
20.34786,97.02266,341.38,0.55,0.43,2026-03-17,627,N21,VIIRS,n,2.0NRT,307.49,21.74,D
20.37704,97.69005,333,0.51,0.41,2026-03-17,627,N21,VIIRS,n,2.0NRT,302.99,8.45,D
20.37868,97.69147,333.43,0.51,0.41,2026-03-17,627,N21,VIIRS,n,2.0NRT,302.54,9.35,D
20.3822,96.06367,334.02,0.42,0.45,2026-03-17,627,N21,VIIRS,l,2.0NRT,307.66,3.06,D
20.38488,95.9726,344.61,0.42,0.45,2026-03-17,627,N21,VIIRS,n,2.0NRT,308.02,3.55,D
20.38628,96.06277,333.55,0.42,0.45,2026-03-17,627,N21,VIIRS,l,2.0NRT,307.98,2.7,D
20.38654,95.97266,341.89,0.42,0.45,2026-03-17,627,N21,VIIRS,n,2.0NRT,309.05,4.77,D
20.39739,96.78178,333.09,0.57,0.43,2026-03-17,627,N21,VIIRS,n,2.0NRT,302.97,4.12,D
20.41373,96.32295,340.39,0.4,0.44,2026-03-17,627,N21,VIIRS,n,2.0NRT,301.61,8.84,D
20.41642,96.51505,340.06,0.39,0.44,2026-03-17,627,N21,VIIRS,n,2.0NRT,305.23,39.08,D
20.42747,96.55207,339.01,0.39,0.44,2026-03-17,627,N21,VIIRS,n,2.0NRT,299.63,5.88,D
20.44102,94.5349,333.06,0.52,0.5,2026-03-17,627,N21,VIIRS,n,2.0NRT,302.96,2.2,D
20.45706,96.82019,337.86,0.57,0.43,2026-03-17,627,N21,VIIRS,n,2.0NRT,301.88,2.86,D
20.45851,97.31391,334.1,0.53,0.42,2026-03-17,627,N21,VIIRS,n,2.0NRT,297.74,9.95,D
20.46084,96.59895,335.25,0.39,0.44,2026-03-17,627,N21,VIIRS,n,2.0NRT,303.67,3.37,D
20.4612,97.70078,344.08,0.51,0.41,2026-03-17,627,N21,VIIRS,n,2.0NRT,302.95,16.98,D
20.48296,95.39219,337.16,0.46,0.47,2026-03-17,627,N21,VIIRS,l,2.0NRT,310.41,4.33,D
20.48362,96.76653,334.73,0.57,0.43,2026-03-17,627,N21,VIIRS,n,2.0NRT,305.37,15.75,D
20.48602,97.31389,331.39,0.53,0.42,2026-03-17,627,N21,VIIRS,n,2.0NRT,298.18,6.19,D
20.48682,95.05318,340.52,0.48,0.48,2026-03-17,627,N21,VIIRS,n,2.0NRT,301.28,2.34,D
20.48822,95.28954,339.4,0.46,0.47,2026-03-17,627,N21,VIIRS,n,2.0NRT,308.05,2.51,D
20.50271,96.23547,342.08,0.41,0.45,2026-03-17,627,N21,VIIRS,n,2.0NRT,306.01,4.49,D
20.51265,97.74155,333.86,0.5,0.41,2026-03-17,627,N21,VIIRS,n,2.0NRT,295.14,5.86,D
20.51352,92.64858,330.69,0.34,0.56,2026-03-17,627,N21,VIIRS,n,2.0NRT,299.56,2.41,D
20.52445,97.8071,333.03,0.5,0.41,2026-03-17,627,N21,VIIRS,n,2.0NRT,303.28,2.76,D
20.54091,95.67494,331.28,0.44,0.46,2026-03-17,627,N21,VIIRS,l,2.0NRT,302.13,2.81,D
20.54346,97.04926,339.1,0.55,0.43,2026-03-17,627,N21,VIIRS,n,2.0NRT,302.11,6.91,D
20.55394,95.99422,345.63,0.42,0.45,2026-03-17,627,N21,VIIRS,n,2.0NRT,310.1,4.43,D
20.55449,94.8872,334.58,0.49,0.49,2026-03-17,627,N21,VIIRS,l,2.0NRT,309.28,3.82,D
20.55601,94.39087,336.5,0.53,0.5,2026-03-17,627,N21,VIIRS,n,2.0NRT,299.43,5.27,D
20.56455,96.95991,338.12,0.55,0.43,2026-03-17,627,N21,VIIRS,n,2.0NRT,302.99,4.72,D
20.56623,96.35274,341.73,0.4,0.44,2026-03-17,627,N21,VIIRS,n,2.0NRT,301.39,5.18,D
20.5669,96.35638,331.33,0.4,0.44,2026-03-17,627,N21,VIIRS,n,2.0NRT,300.39,5.18,D
20.56728,96.35194,341.01,0.4,0.44,2026-03-17,627,N21,VIIRS,n,2.0NRT,300.19,4.84,D
20.56755,96.35991,331.63,0.4,0.44,2026-03-17,627,N21,VIIRS,n,2.0NRT,298.98,10.24,D
20.56798,96.35561,330.83,0.4,0.44,2026-03-17,627,N21,VIIRS,n,2.0NRT,296.97,4.84,D
20.56865,96.35916,335.91,0.4,0.44,2026-03-17,627,N21,VIIRS,n,2.0NRT,299.69,9.42,D
20.57078,94.83011,337.4,0.49,0.49,2026-03-17,627,N21,VIIRS,n,2.0NRT,306.12,4.67,D
20.57287,96.36623,336.85,0.4,0.44,2026-03-17,627,N21,VIIRS,n,2.0NRT,298.76,4.53,D
20.574,96.3654,331.96,0.4,0.44,2026-03-17,627,N21,VIIRS,n,2.0NRT,298.39,4.84,D
20.60927,97.15743,336.61,0.54,0.42,2026-03-17,627,N21,VIIRS,n,2.0NRT,303.38,7.43,D
20.61111,97.16027,334.54,0.54,0.42,2026-03-17,627,N21,VIIRS,n,2.0NRT,300.85,4.29,D
20.61153,96.95398,335.23,0.55,0.43,2026-03-17,627,N21,VIIRS,n,2.0NRT,306.02,6.13,D
20.61255,96.95952,332.3,0.55,0.43,2026-03-17,627,N21,VIIRS,n,2.0NRT,304.69,5.87,D
20.61539,96.95317,335.08,0.55,0.43,2026-03-17,627,N21,VIIRS,n,2.0NRT,306.27,6.13,D
20.61568,96.41022,336.92,0.4,0.44,2026-03-17,627,N21,VIIRS,n,2.0NRT,301.59,4.22,D
20.61818,96.57641,330.98,0.39,0.44,2026-03-17,627,N21,VIIRS,n,2.0NRT,296.38,2.33,D
20.62678,92.96214,344.94,0.32,0.55,2026-03-17,627,N21,VIIRS,n,2.0NRT,303.06,6.94,D
20.62679,96.40323,333.93,0.4,0.44,2026-03-17,627,N21,VIIRS,n,2.0NRT,299.9,4.17,D
20.62804,92.96821,367,0.32,0.55,2026-03-17,627,N21,VIIRS,h,2.0NRT,304.17,8.57,D
20.6313,94.38956,351.15,0.53,0.5,2026-03-17,627,N21,VIIRS,n,2.0NRT,301.1,11.41,D
20.63173,94.38735,340.53,0.53,0.5,2026-03-17,627,N21,VIIRS,n,2.0NRT,300.77,5.96,D
20.63211,96.97879,330.64,0.55,0.43,2026-03-17,627,N21,VIIRS,n,2.0NRT,304.33,4.47,D
20.63472,97.85461,333.3,0.49,0.41,2026-03-17,627,N21,VIIRS,n,2.0NRT,304.79,4.09,D
20.63475,96.40148,340.89,0.4,0.44,2026-03-17,627,N21,VIIRS,n,2.0NRT,304.35,4.56,D
20.64745,97.86191,345.97,0.49,0.41,2026-03-17,627,N21,VIIRS,n,2.0NRT,303.26,10.63,D
20.64963,96.28011,337.58,0.4,0.44,2026-03-17,627,N21,VIIRS,l,2.0NRT,308.05,5.91,D
20.65156,96.99784,337.97,0.55,0.43,2026-03-17,627,N21,VIIRS,n,2.0NRT,300.98,19.88,D
20.65513,97.84105,338.07,0.5,0.41,2026-03-17,627,N21,VIIRS,n,2.0NRT,303.53,17.4,D
20.65541,96.40115,345.34,0.4,0.44,2026-03-17,627,N21,VIIRS,n,2.0NRT,303.57,5.94,D
20.65719,92.90647,333.32,0.33,0.55,2026-03-17,627,N21,VIIRS,n,2.0NRT,301.22,2.77,D
20.65969,94.17231,339.34,0.54,0.51,2026-03-17,627,N21,VIIRS,n,2.0NRT,297.91,9.59,D
20.67675,92.94964,330.25,0.32,0.55,2026-03-17,627,N21,VIIRS,l,2.0NRT,301.46,1.2,D
20.71285,96.57923,331.66,0.39,0.44,2026-03-17,627,N21,VIIRS,n,2.0NRT,301.46,3.22,D
20.71404,96.74133,334.56,0.57,0.43,2026-03-17,627,N21,VIIRS,n,2.0NRT,308.27,4.45,D
20.71607,96.49273,338.47,0.39,0.44,2026-03-17,627,N21,VIIRS,n,2.0NRT,304.77,4.9,D
20.72643,97.07042,331.63,0.54,0.42,2026-03-17,627,N21,VIIRS,l,2.0NRT,304.66,4.27,D
20.72664,94.92606,338.92,0.48,0.48,2026-03-17,627,N21,VIIRS,n,2.0NRT,308.22,3.93,D
20.72673,96.48373,338.97,0.39,0.44,2026-03-17,627,N21,VIIRS,n,2.0NRT,300.87,5.09,D
20.72684,94.92864,340.16,0.48,0.48,2026-03-17,627,N21,VIIRS,n,2.0NRT,307.83,4.38,D
20.72729,96.48676,331.74,0.39,0.44,2026-03-17,627,N21,VIIRS,n,2.0NRT,302.68,4.99,D
20.73213,97.20872,344.68,0.53,0.42,2026-03-17,627,N21,VIIRS,n,2.0NRT,305.57,18.9,D
20.73234,94.63212,332.11,0.51,0.49,2026-03-17,627,N21,VIIRS,n,2.0NRT,303.2,3.01,D
20.73267,97.2064,341.62,0.53,0.42,2026-03-17,627,N21,VIIRS,n,2.0NRT,304.07,14.4,D
20.73487,95.56657,332.72,0.44,0.46,2026-03-17,627,N21,VIIRS,l,2.0NRT,306.8,1.45,D
20.73594,97.20802,334.63,0.53,0.42,2026-03-17,627,N21,VIIRS,n,2.0NRT,301.88,5.06,D
20.73831,96.30247,333.9,0.4,0.44,2026-03-17,627,N21,VIIRS,l,2.0NRT,306.82,4.66,D
20.73853,96.214,333.82,0.4,0.45,2026-03-17,627,N21,VIIRS,l,2.0NRT,307.35,7.78,D
20.73924,96.21786,341.32,0.4,0.45,2026-03-17,627,N21,VIIRS,n,2.0NRT,307.2,9.64,D
20.74375,96.55228,339,0.39,0.44,2026-03-17,627,N21,VIIRS,n,2.0NRT,300.67,7.33,D
20.74703,95.92533,341.16,0.42,0.45,2026-03-17,627,N21,VIIRS,n,2.0NRT,304.63,4.4,D
20.74726,92.93995,332.26,0.32,0.55,2026-03-17,627,N21,VIIRS,l,2.0NRT,302.32,3.03,D
20.74901,96.8445,342.92,0.56,0.43,2026-03-17,627,N21,VIIRS,n,2.0NRT,307.03,7.66,D
20.75373,97.26196,340.44,0.53,0.42,2026-03-17,627,N21,VIIRS,n,2.0NRT,299.49,9.19,D
20.7557,97.25129,341.43,0.53,0.42,2026-03-17,627,N21,VIIRS,n,2.0NRT,303.77,9.98,D
20.75662,97.25632,331.4,0.53,0.42,2026-03-17,627,N21,VIIRS,l,2.0NRT,304.76,9.98,D
20.75949,97.25056,334.62,0.53,0.42,2026-03-17,627,N21,VIIRS,n,2.0NRT,302.8,7.97,D
20.76227,97.26572,334.55,0.53,0.42,2026-03-17,627,N21,VIIRS,n,2.0NRT,303.89,7.81,D
20.76326,96.85661,334.82,0.56,0.43,2026-03-17,627,N21,VIIRS,n,2.0NRT,304.75,4.65,D
20.76391,96.85449,336.29,0.56,0.43,2026-03-17,627,N21,VIIRS,n,2.0NRT,303.93,5.31,D
20.76682,96.05146,330.18,0.41,0.45,2026-03-17,627,N21,VIIRS,l,2.0NRT,303.02,2.02,D
20.77376,96.87025,333.49,0.56,0.43,2026-03-17,627,N21,VIIRS,l,2.0NRT,307.37,3.07,D
20.77452,96.86823,337.01,0.56,0.43,2026-03-17,627,N21,VIIRS,n,2.0NRT,306.45,10.95,D
20.77486,96.38769,341.97,0.39,0.44,2026-03-17,627,N21,VIIRS,n,2.0NRT,301.95,5.29,D
20.77653,97.25781,332.59,0.53,0.42,2026-03-17,627,N21,VIIRS,n,2.0NRT,297.61,4.08,D
20.77765,96.86954,335.64,0.56,0.43,2026-03-17,627,N21,VIIRS,l,2.0NRT,306.62,20.08,D
20.77841,96.86752,343.8,0.56,0.43,2026-03-17,627,N21,VIIRS,n,2.0NRT,307.12,10.95,D
20.79597,96.52466,333.38,0.39,0.44,2026-03-17,627,N21,VIIRS,l,2.0NRT,305.19,3.68,D
20.80249,96.5155,352.72,0.39,0.44,2026-03-17,627,N21,VIIRS,n,2.0NRT,306.01,13.6,D
20.80465,97.30487,332.1,0.53,0.42,2026-03-17,627,N21,VIIRS,n,2.0NRT,299.15,3.85,D
20.80673,95.88001,334.33,0.42,0.45,2026-03-17,627,N21,VIIRS,l,2.0NRT,308,3.86,D
20.81668,95.93896,333.25,0.42,0.45,2026-03-17,627,N21,VIIRS,n,2.0NRT,306.58,1.29,D
20.82134,96.42725,331.36,0.39,0.44,2026-03-17,627,N21,VIIRS,n,2.0NRT,297.72,2.12,D
20.83226,96.19781,341.75,0.4,0.44,2026-03-17,627,N21,VIIRS,n,2.0NRT,306.67,5.23,D
20.84225,96.49442,354.32,0.39,0.44,2026-03-17,627,N21,VIIRS,n,2.0NRT,307.77,15.48,D
20.85638,95.28758,342.56,0.46,0.47,2026-03-17,627,N21,VIIRS,n,2.0NRT,303.64,8.41,D
20.85866,96.49435,336.93,0.39,0.44,2026-03-17,627,N21,VIIRS,n,2.0NRT,299.14,4.03,D
20.85914,94.05123,338.64,0.55,0.51,2026-03-17,627,N21,VIIRS,n,2.0NRT,297.95,9.58,D
20.87176,94.64275,332.45,0.5,0.49,2026-03-17,627,N21,VIIRS,n,2.0NRT,300.91,4.3,D
20.87721,96.61555,334.82,0.57,0.43,2026-03-17,627,N21,VIIRS,n,2.0NRT,307.79,11.15,D
20.87832,96.82088,345.73,0.56,0.43,2026-03-17,627,N21,VIIRS,n,2.0NRT,302.27,16.8,D
20.88092,94.5474,334.07,0.51,0.49,2026-03-17,627,N21,VIIRS,n,2.0NRT,299.24,3.55,D
20.88474,96.30113,331.65,0.4,0.44,2026-03-17,627,N21,VIIRS,n,2.0NRT,298.01,2.74,D
20.89168,95.24061,332.96,0.46,0.47,2026-03-17,627,N21,VIIRS,n,2.0NRT,300.68,4.33,D
20.89517,95.23566,335.06,0.46,0.47,2026-03-17,627,N21,VIIRS,n,2.0NRT,299.5,4.42,D
20.91579,92.92144,342.35,0.32,0.55,2026-03-17,627,N21,VIIRS,n,2.0NRT,301.57,4.88,D
20.91661,95.64463,333.67,0.43,0.46,2026-03-17,627,N21,VIIRS,l,2.0NRT,307.98,3.19,D
20.92329,96.7551,335.25,0.56,0.43,2026-03-17,627,N21,VIIRS,n,2.0NRT,305.03,10.75,D
20.94003,93.03669,342.98,0.63,0.54,2026-03-17,627,N21,VIIRS,n,2.0NRT,305.63,72.25,D
20.94898,94.47946,331.14,0.51,0.5,2026-03-17,627,N21,VIIRS,n,2.0NRT,294.35,5.77,D
20.94975,93.00958,342.12,0.64,0.54,2026-03-17,627,N21,VIIRS,n,2.0NRT,300.45,20.75,D
20.96213,94.54621,333.16,0.51,0.49,2026-03-17,627,N21,VIIRS,n,2.0NRT,300.71,5.46,D
20.96308,94.55103,336.7,0.51,0.49,2026-03-17,627,N21,VIIRS,n,2.0NRT,302.27,5.46,D
20.97101,94.13418,337.68,0.54,0.51,2026-03-17,627,N21,VIIRS,n,2.0NRT,297.56,6.12,D
20.9813,94.25632,332.6,0.53,0.5,2026-03-17,627,N21,VIIRS,n,2.0NRT,297.12,4.46,D
20.98443,92.50382,333.93,0.34,0.56,2026-03-17,627,N21,VIIRS,n,2.0NRT,301.82,4.64,D
20.99083,96.83202,334.91,0.55,0.43,2026-03-17,627,N21,VIIRS,n,2.0NRT,300.45,5.84,D
21.00313,96.29556,344.28,0.4,0.44,2026-03-17,627,N21,VIIRS,n,2.0NRT,297.56,5.9,D
21.00636,96.13727,332.74,0.4,0.45,2026-03-17,627,N21,VIIRS,l,2.0NRT,303.98,2.06,D
21.00651,96.29154,330.81,0.4,0.44,2026-03-17,627,N21,VIIRS,n,2.0NRT,297.2,5.9,D
21.01255,96.34524,340.93,0.39,0.44,2026-03-17,627,N21,VIIRS,n,2.0NRT,303.13,6.42,D
21.0334,97.06087,332.57,0.54,0.42,2026-03-17,627,N21,VIIRS,l,2.0NRT,307.44,2.96,D
21.04493,97.20682,344.96,0.53,0.42,2026-03-17,627,N21,VIIRS,n,2.0NRT,311.39,22.9,D
21.04797,97.161,333.88,0.53,0.42,2026-03-17,627,N21,VIIRS,l,2.0NRT,307.65,3.87,D
21.0487,97.20595,344.12,0.53,0.42,2026-03-17,627,N21,VIIRS,n,2.0NRT,308.75,25.7,D
21.0488,97.20789,338.41,0.53,0.42,2026-03-17,627,N21,VIIRS,l,2.0NRT,308.79,23.04,D
21.05553,94.55811,337.43,0.5,0.49,2026-03-17,627,N21,VIIRS,n,2.0NRT,301.78,8.49,D
21.06005,97.2264,342.6,0.53,0.42,2026-03-17,627,N21,VIIRS,n,2.0NRT,306.84,14.12,D
21.06075,97.22966,346.89,0.53,0.42,2026-03-17,627,N21,VIIRS,n,2.0NRT,305.88,12.19,D
21.06361,97.22375,343.95,0.53,0.42,2026-03-17,627,N21,VIIRS,n,2.0NRT,304.87,12.19,D
21.06383,97.22562,350.56,0.53,0.42,2026-03-17,627,N21,VIIRS,n,2.0NRT,306.08,14.12,D
21.06453,97.22889,354.65,0.53,0.42,2026-03-17,627,N21,VIIRS,n,2.0NRT,309.52,12.19,D
21.06478,97.23075,343.99,0.53,0.42,2026-03-17,627,N21,VIIRS,n,2.0NRT,308.28,14.12,D
21.06666,97.21972,341.39,0.53,0.42,2026-03-17,627,N21,VIIRS,n,2.0NRT,305.91,6.06,D
21.06759,97.22482,344.62,0.53,0.42,2026-03-17,627,N21,VIIRS,n,2.0NRT,304.74,8.91,D
21.06854,97.22995,342.93,0.53,0.42,2026-03-17,627,N21,VIIRS,n,2.0NRT,305.12,8.91,D
21.07136,97.22401,346.15,0.53,0.42,2026-03-17,627,N21,VIIRS,n,2.0NRT,303.26,8.91,D
21.07231,97.22913,342.83,0.53,0.42,2026-03-17,627,N21,VIIRS,n,2.0NRT,302.9,8.91,D
21.07323,96.02307,342.91,0.41,0.45,2026-03-17,627,N21,VIIRS,n,2.0NRT,309.2,12.6,D
21.07457,96.16664,334.15,0.4,0.44,2026-03-17,627,N21,VIIRS,l,2.0NRT,306.81,4.69,D
21.07726,96.82259,335.96,0.55,0.43,2026-03-17,627,N21,VIIRS,l,2.0NRT,309.71,4.66,D
21.07728,96.02222,336.6,0.41,0.45,2026-03-17,627,N21,VIIRS,l,2.0NRT,308.05,2.68,D
21.08113,96.82186,336.85,0.55,0.43,2026-03-17,627,N21,VIIRS,l,2.0NRT,311.28,6.51,D
21.08186,97.25977,332.14,0.52,0.42,2026-03-17,627,N21,VIIRS,n,2.0NRT,298.82,9.44,D
21.08357,95.21569,337.85,0.46,0.47,2026-03-17,627,N21,VIIRS,n,2.0NRT,303.43,5.9,D
21.08931,97.25783,342.72,0.52,0.42,2026-03-17,627,N21,VIIRS,n,2.0NRT,302.6,17.55,D
21.09026,97.26302,331.78,0.52,0.42,2026-03-17,627,N21,VIIRS,n,2.0NRT,300.32,6.24,D
21.09467,96.7859,338.5,0.56,0.43,2026-03-17,627,N21,VIIRS,l,2.0NRT,309.73,9.93,D
21.09626,96.78902,336.6,0.55,0.43,2026-03-17,627,N21,VIIRS,l,2.0NRT,310.07,5.98,D
21.1069,96.85378,343.09,0.55,0.43,2026-03-17,627,N21,VIIRS,n,2.0NRT,307.63,4.45,D
21.10792,96.34746,337.95,0.39,0.44,2026-03-17,627,N21,VIIRS,n,2.0NRT,301.15,5.51,D
21.10796,96.85165,335.53,0.55,0.43,2026-03-17,627,N21,VIIRS,l,2.0NRT,307.97,7.02,D
21.10952,96.89058,344.56,0.55,0.43,2026-03-17,627,N21,VIIRS,n,2.0NRT,310.86,8.3,D
21.10962,97.30508,339.94,0.52,0.42,2026-03-17,627,N21,VIIRS,n,2.0NRT,303.37,8.24,D
21.10981,96.7971,342.24,0.55,0.43,2026-03-17,627,N21,VIIRS,n,2.0NRT,308.03,9.22,D
21.1108,96.88835,343.7,0.55,0.42,2026-03-17,627,N21,VIIRS,n,2.0NRT,311.28,7.35,D
21.11271,96.79111,338.61,0.55,0.43,2026-03-17,627,N21,VIIRS,l,2.0NRT,309.51,5.17,D
21.11367,96.79626,348.33,0.55,0.43,2026-03-17,627,N21,VIIRS,n,2.0NRT,308.56,8.96,D
21.11545,97.2728,309.04,0.52,0.42,2026-03-17,627,N21,VIIRS,l,2.0NRT,310.67,51.5,D
21.11635,97.27778,331.9,0.52,0.42,2026-03-17,627,N21,VIIRS,n,2.0NRT,299.22,33.58,D
21.11657,96.79026,331.28,0.55,0.43,2026-03-17,627,N21,VIIRS,l,2.0NRT,305.03,5.17,D
21.11752,96.7954,334.74,0.55,0.43,2026-03-17,627,N21,VIIRS,n,2.0NRT,305.37,8.96,D
21.1183,97.24545,339,0.52,0.42,2026-03-17,627,N21,VIIRS,n,2.0NRT,303.66,34.18,D
21.11863,96.86601,337.3,0.55,0.43,2026-03-17,627,N21,VIIRS,n,2.0NRT,305.56,4.39,D
21.12014,97.25564,336.77,0.52,0.42,2026-03-17,627,N21,VIIRS,n,2.0NRT,303.23,19.78,D
21.12442,96.85414,345.33,0.55,0.43,2026-03-17,627,N21,VIIRS,n,2.0NRT,306.12,5.44,D
21.12581,97.24378,333.99,0.52,0.42,2026-03-17,627,N21,VIIRS,l,2.0NRT,304.17,8.61,D
21.12591,97.11382,337.04,0.53,0.42,2026-03-17,627,N21,VIIRS,n,2.0NRT,307.73,8.23,D
21.12811,97.08222,341.83,0.53,0.42,2026-03-17,627,N21,VIIRS,n,2.0NRT,310.81,6.25,D
21.1295,97.28579,350.33,0.52,0.42,2026-03-17,627,N21,VIIRS,n,2.0NRT,305.29,12.41,D
21.12989,92.33327,334.71,0.35,0.57,2026-03-17,627,N21,VIIRS,n,2.0NRT,297.83,8.71,D
21.13059,92.33653,367,0.35,0.57,2026-03-17,627,N21,VIIRS,h,2.0NRT,300.39,8.71,D
21.13324,97.2849,346.62,0.52,0.42,2026-03-17,627,N21,VIIRS,n,2.0NRT,303.98,11.08,D
21.13415,97.29001,333.95,0.52,0.42,2026-03-17,627,N21,VIIRS,n,2.0NRT,301.23,11.08,D
21.13603,97.27879,343.17,0.52,0.42,2026-03-17,627,N21,VIIRS,n,2.0NRT,305.18,125.16,D
21.13612,96.22175,337.85,0.4,0.44,2026-03-17,627,N21,VIIRS,n,2.0NRT,301.61,2.63,D
21.13697,97.284,336.79,0.52,0.42,2026-03-17,627,N21,VIIRS,n,2.0NRT,301.68,11.08,D
21.14069,97.28303,334.76,0.52,0.42,2026-03-17,627,N21,VIIRS,n,2.0NRT,300.45,6.15,D
21.14396,96.21934,342.38,0.4,0.44,2026-03-17,627,N21,VIIRS,n,2.0NRT,303.78,8.31,D
21.14862,95.93041,331.53,0.41,0.45,2026-03-17,627,N21,VIIRS,l,2.0NRT,305.4,1.47,D
21.16289,96.18726,334.39,0.4,0.44,2026-03-17,627,N21,VIIRS,l,2.0NRT,306.39,4.94,D
21.16584,97.05701,339.66,0.53,0.42,2026-03-17,627,N21,VIIRS,n,2.0NRT,311.19,7.65,D
21.16677,96.88903,339.22,0.55,0.42,2026-03-17,627,N21,VIIRS,n,2.0NRT,305.69,6.8,D
21.16969,96.88316,333.68,0.55,0.42,2026-03-17,627,N21,VIIRS,l,2.0NRT,305.83,6.56,D
21.17063,96.88831,341.75,0.55,0.42,2026-03-17,627,N21,VIIRS,n,2.0NRT,308.13,6.56,D
21.17752,97.03448,341.6,0.54,0.42,2026-03-17,627,N21,VIIRS,n,2.0NRT,303.82,6.95,D
21.18858,97.22369,334.52,0.52,0.42,2026-03-17,627,N21,VIIRS,l,2.0NRT,306.91,40.01,D
21.19328,97.22805,334.65,0.52,0.42,2026-03-17,627,N21,VIIRS,n,2.0NRT,302.37,4.88,D
21.19861,94.4102,331.45,0.51,0.49,2026-03-17,627,N21,VIIRS,n,2.0NRT,298.26,3.78,D
21.2057,96.30637,335.73,0.39,0.44,2026-03-17,627,N21,VIIRS,n,2.0NRT,305.16,2.58,D
21.22288,96.42198,339.2,0.39,0.44,2026-03-17,627,N21,VIIRS,n,2.0NRT,301.78,4.23,D
21.22974,97.12686,332.96,0.53,0.42,2026-03-17,627,N21,VIIRS,l,2.0NRT,304.2,3.53,D
21.23572,96.2578,335.21,0.39,0.44,2026-03-17,627,N21,VIIRS,n,2.0NRT,301.92,3.38,D
21.23891,96.25278,331.38,0.39,0.44,2026-03-17,627,N21,VIIRS,l,2.0NRT,305.12,4.7,D
21.23917,96.70872,333.62,0.56,0.43,2026-03-17,627,N21,VIIRS,n,2.0NRT,302.51,3.73,D
21.24315,97.05325,333.95,0.53,0.42,2026-03-17,627,N21,VIIRS,l,2.0NRT,307.4,3.65,D
21.24368,97.05115,338.31,0.53,0.42,2026-03-17,627,N21,VIIRS,n,2.0NRT,308.57,14.37,D
21.24697,97.05251,336.61,0.53,0.42,2026-03-17,627,N21,VIIRS,n,2.0NRT,304.77,13.05,D
21.24748,97.05041,332.03,0.53,0.42,2026-03-17,627,N21,VIIRS,l,2.0NRT,305.08,5.71,D
21.24879,96.39195,333.84,0.39,0.44,2026-03-17,627,N21,VIIRS,n,2.0NRT,299.42,3.33,D
21.25712,96.21746,331.12,0.4,0.44,2026-03-17,627,N21,VIIRS,l,2.0NRT,305.84,4.61,D
21.25782,96.22121,347.59,0.4,0.44,2026-03-17,627,N21,VIIRS,n,2.0NRT,304.83,4.61,D
21.26128,97.28064,330.95,0.52,0.41,2026-03-17,627,N21,VIIRS,n,2.0NRT,300.76,3.21,D
21.26254,96.29043,330.54,0.39,0.44,2026-03-17,627,N21,VIIRS,l,2.0NRT,303.15,3.38,D
21.26362,96.97144,336.33,0.54,0.42,2026-03-17,627,N21,VIIRS,n,2.0NRT,304.38,6.19,D
21.27988,92.27174,350.91,0.35,0.57,2026-03-17,627,N21,VIIRS,n,2.0NRT,304.06,16.71,D
21.28057,92.27502,367,0.35,0.57,2026-03-17,627,N21,VIIRS,h,2.0NRT,304.97,14.28,D
21.28127,92.27831,367,0.35,0.57,2026-03-17,627,N21,VIIRS,h,2.0NRT,300.38,14.28,D
21.2821,92.27096,348.95,0.35,0.57,2026-03-17,627,N21,VIIRS,n,2.0NRT,302.37,17.33,D
21.28281,92.27424,367,0.35,0.57,2026-03-17,627,N21,VIIRS,h,2.0NRT,303.64,14.28,D
21.28353,92.2775,367,0.35,0.57,2026-03-17,627,N21,VIIRS,h,2.0NRT,300.01,14.28,D
21.29619,96.91104,333.34,0.54,0.42,2026-03-17,627,N21,VIIRS,l,2.0NRT,306.51,3.55,D
21.29641,96.71407,336.75,0.56,0.43,2026-03-17,627,N21,VIIRS,n,2.0NRT,301.73,5.82,D
21.29656,96.38423,340.21,0.39,0.44,2026-03-17,627,N21,VIIRS,n,2.0NRT,299.43,6.05,D
21.29721,97.21865,343.43,0.52,0.42,2026-03-17,627,N21,VIIRS,n,2.0NRT,304.24,10.44,D
21.29773,96.71633,332.9,0.56,0.43,2026-03-17,627,N21,VIIRS,n,2.0NRT,301.48,6.84,D
21.29812,97.22364,334.65,0.52,0.42,2026-03-17,627,N21,VIIRS,n,2.0NRT,305.52,7.36,D
21.29879,94.41001,335.61,0.51,0.49,2026-03-17,627,N21,VIIRS,n,2.0NRT,299.74,5.87,D
21.30097,97.21788,338.31,0.52,0.42,2026-03-17,627,N21,VIIRS,n,2.0NRT,300.22,4.79,D
21.30169,97.09316,342.85,0.53,0.42,2026-03-17,627,N21,VIIRS,l,2.0NRT,313.45,15.03,D
21.30444,94.20589,330.19,0.52,0.5,2026-03-17,627,N21,VIIRS,n,2.0NRT,300.1,2.78,D
21.30548,97.09237,336.5,0.53,0.42,2026-03-17,627,N21,VIIRS,l,2.0NRT,310.1,15.03,D
21.30639,97.09739,334.25,0.53,0.42,2026-03-17,627,N21,VIIRS,l,2.0NRT,308.45,17.99,D
21.31109,97.10161,336.31,0.53,0.42,2026-03-17,627,N21,VIIRS,n,2.0NRT,309.73,6.63,D
21.32505,97.13528,335.26,0.53,0.42,2026-03-17,627,N21,VIIRS,n,2.0NRT,303.92,4.14,D
21.33323,97.89896,331.7,0.48,0.4,2026-03-17,627,N21,VIIRS,n,2.0NRT,302.27,5.76,D
21.33593,95.76868,346.87,0.42,0.45,2026-03-17,627,N21,VIIRS,n,2.0NRT,305.31,4.49,D
21.33722,95.76855,347.53,0.42,0.45,2026-03-17,627,N21,VIIRS,n,2.0NRT,305.38,4.85,D
21.34151,96.98649,333.27,0.54,0.42,2026-03-17,627,N21,VIIRS,n,2.0NRT,302.7,11.85,D
21.34446,96.98812,336.88,0.54,0.42,2026-03-17,627,N21,VIIRS,n,2.0NRT,305.36,9.75,D
21.34604,96.62968,341.67,0.56,0.43,2026-03-17,627,N21,VIIRS,n,2.0NRT,295.01,9.84,D
21.35225,97.15587,343.87,0.53,0.42,2026-03-17,627,N21,VIIRS,n,2.0NRT,301.57,15.39,D
21.36676,94.25077,337.4,0.52,0.5,2026-03-17,627,N21,VIIRS,n,2.0NRT,300.82,8.57,D
21.36813,97.00933,339.13,0.53,0.42,2026-03-17,627,N21,VIIRS,n,2.0NRT,298.84,9.45,D
21.36942,94.24873,343.28,0.52,0.5,2026-03-17,627,N21,VIIRS,n,2.0NRT,300.22,6.84,D
21.37193,97.00854,337.85,0.53,0.42,2026-03-17,627,N21,VIIRS,n,2.0NRT,300.68,13.1,D
21.3728,97.01328,341.2,0.53,0.42,2026-03-17,627,N21,VIIRS,n,2.0NRT,297.41,24.68,D
21.37292,97.16211,340.98,0.52,0.42,2026-03-17,627,N21,VIIRS,n,2.0NRT,303.05,29.68,D
21.37317,97.16423,330.81,0.52,0.42,2026-03-17,627,N21,VIIRS,n,2.0NRT,299.28,26.01,D
21.37601,97.15846,334.83,0.52,0.42,2026-03-17,627,N21,VIIRS,n,2.0NRT,300.64,10.89,D
21.37661,97.0125,355.09,0.53,0.42,2026-03-17,627,N21,VIIRS,n,2.0NRT,302.82,24.68,D
21.37669,97.16133,344.97,0.52,0.42,2026-03-17,627,N21,VIIRS,n,2.0NRT,303.21,19.85,D
21.37694,97.16346,330.65,0.52,0.42,2026-03-17,627,N21,VIIRS,n,2.0NRT,299.1,10.89,D
21.37863,96.78539,342.34,0.55,0.43,2026-03-17,627,N21,VIIRS,n,2.0NRT,302.95,9.51,D
21.38041,97.01172,343.61,0.53,0.42,2026-03-17,627,N21,VIIRS,n,2.0NRT,299.46,9.54,D
21.38297,95.35899,331.03,0.44,0.46,2026-03-17,627,N21,VIIRS,l,2.0NRT,302.01,1.76,D
21.3859,96.36381,339.64,0.39,0.44,2026-03-17,627,N21,VIIRS,n,2.0NRT,302.42,3.56,D
21.38832,95.27431,337.4,0.45,0.47,2026-03-17,627,N21,VIIRS,n,2.0NRT,303.53,3.62,D
21.39471,97.00366,331.47,0.53,0.42,2026-03-17,627,N21,VIIRS,n,2.0NRT,297.3,5.54,D
21.39723,96.29247,333.8,0.39,0.44,2026-03-17,627,N21,VIIRS,n,2.0NRT,305.06,2.95,D
21.39941,97.00777,343.61,0.53,0.42,2026-03-17,627,N21,VIIRS,n,2.0NRT,306.73,49.97,D
21.40526,95.81972,340.21,0.42,0.45,2026-03-17,627,N21,VIIRS,n,2.0NRT,306.26,4.46,D
21.40699,96.65013,333.18,0.56,0.43,2026-03-17,627,N21,VIIRS,n,2.0NRT,299.25,7.1,D
21.40882,97.01613,335.74,0.53,0.42,2026-03-17,627,N21,VIIRS,n,2.0NRT,299.02,4.44,D
21.40966,93.62079,336.91,0.57,0.52,2026-03-17,627,N21,VIIRS,n,2.0NRT,280.76,7.67,D
21.4106,93.62535,332.56,0.57,0.52,2026-03-17,627,N21,VIIRS,n,2.0NRT,276.62,7.67,D
21.41089,95.45735,334.05,0.44,0.46,2026-03-17,627,N21,VIIRS,l,2.0NRT,305.58,2.59,D
21.41441,93.62009,343.37,0.57,0.52,2026-03-17,627,N21,VIIRS,n,2.0NRT,282.58,99.02,D
21.41483,92.17906,330.45,0.35,0.57,2026-03-17,627,N21,VIIRS,n,2.0NRT,298.15,2.6,D
21.41535,93.6247,367,0.57,0.52,2026-03-17,627,N21,VIIRS,h,2.0NRT,325.74,99.02,D
21.41627,93.62923,342.13,0.57,0.52,2026-03-17,627,N21,VIIRS,n,2.0NRT,276.56,56.77,D
21.41746,96.64154,343.03,0.56,0.43,2026-03-17,627,N21,VIIRS,n,2.0NRT,300.33,8.49,D
21.41924,93.61982,333.76,0.57,0.52,2026-03-17,627,N21,VIIRS,n,2.0NRT,282.1,99.02,D
21.41932,96.87778,339.46,0.54,0.42,2026-03-17,627,N21,VIIRS,n,2.0NRT,299.98,9.36,D
21.42011,93.6241,348.82,0.57,0.52,2026-03-17,627,N21,VIIRS,n,2.0NRT,289.97,99.02,D
21.42096,97.0396,334.78,0.53,0.42,2026-03-17,627,N21,VIIRS,n,2.0NRT,301.06,10.42,D
21.42097,93.62832,342.25,0.57,0.52,2026-03-17,627,N21,VIIRS,n,2.0NRT,278.16,56.77,D
21.42112,97.01878,336.84,0.53,0.42,2026-03-17,627,N21,VIIRS,n,2.0NRT,298.26,7.54,D
21.42177,95.44631,338.3,0.44,0.46,2026-03-17,627,N21,VIIRS,n,2.0NRT,303.81,2.24,D
21.42388,93.6186,329.69,0.57,0.52,2026-03-17,627,N21,VIIRS,n,2.0NRT,285.43,8.6,D
21.42473,93.62281,333.03,0.57,0.52,2026-03-17,627,N21,VIIRS,n,2.0NRT,281.7,8.6,D
21.42555,97.97117,333.16,0.48,0.4,2026-03-17,627,N21,VIIRS,n,2.0NRT,301.82,5.46,D
21.42558,93.62698,330.93,0.57,0.52,2026-03-17,627,N21,VIIRS,n,2.0NRT,285.98,9.46,D
21.42735,96.94413,331.41,0.54,0.42,2026-03-17,627,N21,VIIRS,n,2.0NRT,301.08,4.55,D
21.42758,96.36761,349.59,0.39,0.44,2026-03-17,627,N21,VIIRS,n,2.0NRT,306.07,5.58,D
21.4282,96.37094,332.29,0.39,0.44,2026-03-17,627,N21,VIIRS,l,2.0NRT,305.49,5.58,D
21.43011,96.95947,337.92,0.54,0.42,2026-03-17,627,N21,VIIRS,n,2.0NRT,301.92,8.16,D
21.4343,96.92439,336.62,0.54,0.42,2026-03-17,627,N21,VIIRS,n,2.0NRT,301.16,9.01,D
21.43507,96.9211,339.62,0.54,0.42,2026-03-17,627,N21,VIIRS,n,2.0NRT,301.2,5.92,D
21.43766,96.79288,336.23,0.55,0.43,2026-03-17,627,N21,VIIRS,n,2.0NRT,298.37,3.44,D
21.44296,97.00885,340.95,0.53,0.42,2026-03-17,627,N21,VIIRS,n,2.0NRT,301.92,4.79,D
21.44337,96.84505,345.9,0.54,0.42,2026-03-17,627,N21,VIIRS,n,2.0NRT,301.55,13.49,D
21.4507,96.64695,336.29,0.56,0.43,2026-03-17,627,N21,VIIRS,n,2.0NRT,297.83,4.26,D
21.45162,95.93107,348.22,0.41,0.45,2026-03-17,627,N21,VIIRS,n,2.0NRT,303.06,6.36,D
21.45238,97.23493,333.98,0.52,0.41,2026-03-17,627,N21,VIIRS,n,2.0NRT,300.81,19.79,D
21.45567,95.93021,331.56,0.41,0.45,2026-03-17,627,N21,VIIRS,l,2.0NRT,303.86,2.73,D
21.45613,97.23415,367,0.52,0.41,2026-03-17,627,N21,VIIRS,h,2.0NRT,301.04,19.79,D
21.457,97.23896,355.2,0.52,0.41,2026-03-17,627,N21,VIIRS,n,2.0NRT,304.67,19.79,D
21.459,97.22848,335,0.52,0.41,2026-03-17,627,N21,VIIRS,n,2.0NRT,300.15,11.24,D
21.45901,96.95084,330.82,0.54,0.42,2026-03-17,627,N21,VIIRS,n,2.0NRT,300.52,3.17,D
21.45988,97.23334,340.67,0.52,0.41,2026-03-17,627,N21,VIIRS,n,2.0NRT,300.01,15.11,D
21.45995,97.01574,338.41,0.53,0.42,2026-03-17,627,N21,VIIRS,n,2.0NRT,302.52,12.49,D
21.46075,97.23819,348.96,0.52,0.41,2026-03-17,627,N21,VIIRS,n,2.0NRT,304.3,15.11,D
21.46093,96.96119,335.71,0.54,0.42,2026-03-17,627,N21,VIIRS,n,2.0NRT,301.52,9.84,D
21.46185,97.22271,334.22,0.52,0.41,2026-03-17,627,N21,VIIRS,n,2.0NRT,299.56,11.24,D
21.46262,97.01293,341.11,0.53,0.42,2026-03-17,627,N21,VIIRS,n,2.0NRT,306.18,29.85,D
21.46274,97.22762,355.23,0.52,0.41,2026-03-17,627,N21,VIIRS,n,2.0NRT,307.63,11.24,D
21.46285,96.90743,338.41,0.54,0.42,2026-03-17,627,N21,VIIRS,n,2.0NRT,303.4,10.61,D
21.46362,97.23251,349.86,0.52,0.41,2026-03-17,627,N21,VIIRS,n,2.0NRT,302.15,15.11,D
21.46375,97.01496,342.65,0.53,0.42,2026-03-17,627,N21,VIIRS,n,2.0NRT,304.59,12.49,D
21.46474,96.93906,333.63,0.54,0.42,2026-03-17,627,N21,VIIRS,n,2.0NRT,303.45,4.44,D
21.46585,97.09261,339.36,0.53,0.42,2026-03-17,627,N21,VIIRS,n,2.0NRT,299.75,12.33,D
21.46612,97.09543,349.38,0.53,0.42,2026-03-17,627,N21,VIIRS,n,2.0NRT,304.14,29.17,D
21.46647,97.22675,352.14,0.52,0.41,2026-03-17,627,N21,VIIRS,n,2.0NRT,306.34,14.83,D
21.46706,97.10049,367,0.53,0.42,2026-03-17,627,N21,VIIRS,h,2.0NRT,333.1,121.62,D
21.46735,97.23167,350.32,0.52,0.41,2026-03-17,627,N21,VIIRS,n,2.0NRT,303.29,11.95,D
21.46767,97.10276,367,0.53,0.42,2026-03-17,627,N21,VIIRS,l,2.0NRT,326.09,83.6,D
21.46964,97.09183,331.1,0.53,0.42,2026-03-17,627,N21,VIIRS,l,2.0NRT,303.67,12.33,D
21.4699,97.09466,352.2,0.53,0.42,2026-03-17,627,N21,VIIRS,n,2.0NRT,310.03,29.17,D
21.47054,97.0969,355.58,0.53,0.42,2026-03-17,627,N21,VIIRS,n,2.0NRT,309.12,83.6,D
21.47084,97.09972,350.8,0.53,0.42,2026-03-17,627,N21,VIIRS,n,2.0NRT,305.26,121.62,D
21.47145,97.10198,353.47,0.53,0.42,2026-03-17,627,N21,VIIRS,n,2.0NRT,302.15,83.6,D
21.47341,97.09103,346.93,0.53,0.42,2026-03-17,627,N21,VIIRS,n,2.0NRT,304.52,14.89,D
21.47368,97.09387,346.92,0.53,0.42,2026-03-17,627,N21,VIIRS,n,2.0NRT,306.7,21.17,D
21.47432,97.09612,340.08,0.53,0.42,2026-03-17,627,N21,VIIRS,n,2.0NRT,304.4,7.74,D
21.47462,97.09893,341.43,0.53,0.42,2026-03-17,627,N21,VIIRS,n,2.0NRT,302.95,6.77,D
21.47522,97.10118,347.95,0.53,0.42,2026-03-17,627,N21,VIIRS,n,2.0NRT,303.99,7.74,D
21.47555,97.104,347.55,0.53,0.42,2026-03-17,627,N21,VIIRS,n,2.0NRT,302.27,6.77,D
21.47612,97.10625,334.22,0.53,0.42,2026-03-17,627,N21,VIIRS,n,2.0NRT,299.94,4.42,D
21.47809,97.09531,342.44,0.53,0.42,2026-03-17,627,N21,VIIRS,n,2.0NRT,304.1,7.74,D
21.47839,97.09814,340.72,0.53,0.42,2026-03-17,627,N21,VIIRS,n,2.0NRT,302.74,6.77,D
21.48088,96.96225,333.89,0.54,0.42,2026-03-17,627,N21,VIIRS,n,2.0NRT,301.57,6.13,D
21.4894,96.96563,336.69,0.53,0.42,2026-03-17,627,N21,VIIRS,n,2.0NRT,301.41,8.74,D
21.49189,95.74368,330.42,0.42,0.45,2026-03-17,627,N21,VIIRS,l,2.0NRT,304,2.33,D
21.49278,97.04839,351.92,0.53,0.42,2026-03-17,627,N21,VIIRS,n,2.0NRT,309.5,17.76,D
21.4928,97.21855,335.21,0.52,0.41,2026-03-17,627,N21,VIIRS,n,2.0NRT,298.76,2.62,D
21.4932,96.96481,343.21,0.53,0.42,2026-03-17,627,N21,VIIRS,n,2.0NRT,304.24,8.74,D
21.49359,97.2439,339.18,0.52,0.41,2026-03-17,627,N21,VIIRS,n,2.0NRT,301.63,5.04,D
21.49656,97.04762,352.69,0.53,0.42,2026-03-17,627,N21,VIIRS,n,2.0NRT,304.99,10.98,D
21.49755,93.84379,341.48,0.55,0.51,2026-03-17,627,N21,VIIRS,n,2.0NRT,288.89,38.51,D
21.49793,93.84145,340.87,0.55,0.51,2026-03-17,627,N21,VIIRS,n,2.0NRT,291.2,31.64,D
21.4982,97.09928,334.04,0.53,0.42,2026-03-17,627,N21,VIIRS,n,2.0NRT,304.39,5.8,D
21.49896,97.74922,336.8,0.49,0.4,2026-03-17,627,N21,VIIRS,n,2.0NRT,300.36,7.42,D
21.50036,97.04688,345.93,0.53,0.42,2026-03-17,627,N21,VIIRS,n,2.0NRT,307.88,10.98,D
21.50127,97.05188,349.76,0.53,0.42,2026-03-17,627,N21,VIIRS,n,2.0NRT,307.6,9.91,D
21.50149,97.18104,337.14,0.52,0.42,2026-03-17,627,N21,VIIRS,n,2.0NRT,305.91,20.89,D
21.50219,97.05686,333.05,0.53,0.42,2026-03-17,627,N21,VIIRS,n,2.0NRT,303.79,9.91,D
21.50507,97.05114,349.58,0.53,0.42,2026-03-17,627,N21,VIIRS,n,2.0NRT,304.51,6.24,D
21.50524,97.18025,340.03,0.52,0.42,2026-03-17,627,N21,VIIRS,n,2.0NRT,299.63,4.74,D
21.50557,96.94607,333.64,0.54,0.42,2026-03-17,627,N21,VIIRS,l,2.0NRT,304.09,7.68,D
21.50993,94.66356,330.18,0.49,0.48,2026-03-17,627,N21,VIIRS,l,2.0NRT,301.98,3.6,D
21.51031,96.95041,334.43,0.54,0.42,2026-03-17,627,N21,VIIRS,l,2.0NRT,305.27,7.14,D
21.51477,97.01811,334.54,0.53,0.42,2026-03-17,627,N21,VIIRS,n,2.0NRT,305.91,3.57,D
21.51793,95.79128,349.59,0.42,0.45,2026-03-17,627,N21,VIIRS,n,2.0NRT,304.74,7.34,D
21.52449,96.82082,332.79,0.54,0.42,2026-03-17,627,N21,VIIRS,n,2.0NRT,298.27,8.13,D
21.52527,96.85832,332.13,0.54,0.42,2026-03-17,627,N21,VIIRS,n,2.0NRT,301.06,3.36,D
21.52689,96.82333,334.12,0.54,0.42,2026-03-17,627,N21,VIIRS,n,2.0NRT,299.72,5.56,D
21.5343,97.06076,346.33,0.53,0.42,2026-03-17,627,N21,VIIRS,n,2.0NRT,306.44,9.55,D
21.53437,94.64872,340.63,0.49,0.48,2026-03-17,627,N21,VIIRS,n,2.0NRT,302.01,5.75,D
21.5354,97.04517,339.19,0.53,0.42,2026-03-17,627,N21,VIIRS,n,2.0NRT,306.09,5.56,D
21.53903,97.17308,330.92,0.52,0.42,2026-03-17,627,N21,VIIRS,n,2.0NRT,298.62,4.25,D
21.53966,97.80818,334.02,0.48,0.4,2026-03-17,627,N21,VIIRS,l,2.0NRT,304.3,7.08,D
21.53986,97.0698,330.67,0.53,0.42,2026-03-17,627,N21,VIIRS,l,2.0NRT,305.54,6.01,D
21.54888,97.01101,340.82,0.53,0.42,2026-03-17,627,N21,VIIRS,n,2.0NRT,306.06,7.33,D
21.54981,97.01617,333.22,0.53,0.42,2026-03-17,627,N21,VIIRS,l,2.0NRT,303.88,7.33,D
21.55164,97.02631,336.59,0.53,0.42,2026-03-17,627,N21,VIIRS,n,2.0NRT,303.77,5.57,D
21.55253,97.03123,346.14,0.53,0.42,2026-03-17,627,N21,VIIRS,n,2.0NRT,313.24,54.51,D
21.55431,95.76412,332.27,0.42,0.45,2026-03-17,627,N21,VIIRS,l,2.0NRT,303.89,1.27,D
21.55543,97.02551,337.58,0.53,0.42,2026-03-17,627,N21,VIIRS,n,2.0NRT,303.75,4.19,D
21.55603,97.15928,330.54,0.52,0.42,2026-03-17,627,N21,VIIRS,n,2.0NRT,297.63,7.12,D
21.5583,97.21507,336.62,0.52,0.41,2026-03-17,627,N21,VIIRS,n,2.0NRT,300.58,11.55,D
21.56133,96.52208,330.61,0.56,0.43,2026-03-17,627,N21,VIIRS,l,2.0NRT,301.76,7.24,D
21.56637,96.50544,333.22,0.57,0.43,2026-03-17,627,N21,VIIRS,n,2.0NRT,297.99,10.93,D
21.57008,97.06345,347.62,0.53,0.42,2026-03-17,627,N21,VIIRS,n,2.0NRT,308.62,24.21,D
21.57008,97.06558,345.64,0.53,0.42,2026-03-17,627,N21,VIIRS,n,2.0NRT,305.76,26.51,D
21.57097,97.06841,332.91,0.53,0.42,2026-03-17,627,N21,VIIRS,n,2.0NRT,301.44,11.76,D
21.57203,97.05489,341.85,0.53,0.42,2026-03-17,627,N21,VIIRS,n,2.0NRT,305.73,9.66,D
21.57294,97.05984,348.12,0.53,0.42,2026-03-17,627,N21,VIIRS,n,2.0NRT,307.77,26.51,D
21.57297,97.0577,349,0.53,0.42,2026-03-17,627,N21,VIIRS,n,2.0NRT,306.07,24.21,D
21.57386,97.06266,367,0.53,0.42,2026-03-17,627,N21,VIIRS,h,2.0NRT,314.67,24.21,D
21.57386,97.0648,347.05,0.53,0.42,2026-03-17,627,N21,VIIRS,n,2.0NRT,311.95,26.51,D
21.57676,97.05692,330.53,0.53,0.42,2026-03-17,627,N21,VIIRS,n,2.0NRT,305.53,7.41,D
21.5843,97.05758,347.79,0.53,0.42,2026-03-17,627,N21,VIIRS,n,2.0NRT,307.08,11.24,D
21.58521,97.06254,338.57,0.53,0.42,2026-03-17,627,N21,VIIRS,n,2.0NRT,306.64,11.24,D
21.58718,97.05192,336.79,0.53,0.42,2026-03-17,627,N21,VIIRS,l,2.0NRT,310.18,28.96,D
21.58809,97.05685,332.23,0.53,0.42,2026-03-17,627,N21,VIIRS,l,2.0NRT,305.78,11.24,D
21.59346,97.10722,340.91,0.52,0.42,2026-03-17,627,N21,VIIRS,n,2.0NRT,300.11,6.51,D
21.59986,97.14195,331.21,0.52,0.42,2026-03-17,627,N21,VIIRS,n,2.0NRT,301.1,5.69,D
21.60035,97.05954,338.82,0.53,0.42,2026-03-17,627,N21,VIIRS,n,2.0NRT,305.36,99.66,D
21.60177,97.1754,335.5,0.52,0.41,2026-03-17,627,N21,VIIRS,n,2.0NRT,300.28,4.79,D
21.60246,97.17729,334.49,0.52,0.41,2026-03-17,627,N21,VIIRS,n,2.0NRT,299.59,2.51,D
21.60701,97.05312,333.76,0.53,0.42,2026-03-17,627,N21,VIIRS,l,2.0NRT,307.17,33.58,D
21.61163,96.86271,331.41,0.54,0.42,2026-03-17,627,N21,VIIRS,l,2.0NRT,304.46,5.02,D
21.61795,96.67804,333.18,0.55,0.43,2026-03-17,627,N21,VIIRS,n,2.0NRT,301.63,3.04,D
21.61872,96.67503,338.93,0.55,0.43,2026-03-17,627,N21,VIIRS,n,2.0NRT,301.38,6.14,D
21.62375,97.08038,331.5,0.52,0.42,2026-03-17,627,N21,VIIRS,n,2.0NRT,303.95,3.73,D
21.62465,97.08531,331.84,0.52,0.42,2026-03-17,627,N21,VIIRS,n,2.0NRT,303.55,3.73,D
21.65089,97.1006,331.25,0.52,0.42,2026-03-17,627,N21,VIIRS,l,2.0NRT,303.9,4.59,D
21.6518,97.10561,343.28,0.52,0.42,2026-03-17,627,N21,VIIRS,n,2.0NRT,308.24,24.29,D
21.65556,97.10483,341.47,0.52,0.42,2026-03-17,627,N21,VIIRS,n,2.0NRT,306.96,14.2,D
21.65591,97.27855,331.06,0.51,0.41,2026-03-17,627,N21,VIIRS,n,2.0NRT,299.45,2.29,D
21.6604,97.08831,343.78,0.52,0.42,2026-03-17,627,N21,VIIRS,n,2.0NRT,306.8,22.44,D
21.66531,96.29875,341.44,0.39,0.44,2026-03-17,627,N21,VIIRS,n,2.0NRT,306.36,2.98,D
21.67323,97.35283,335.74,0.51,0.41,2026-03-17,627,N21,VIIRS,n,2.0NRT,298.21,12.74,D
21.68021,97.00463,341.17,0.53,0.42,2026-03-17,627,N21,VIIRS,n,2.0NRT,303.82,8.06,D
21.68118,97.00767,343.12,0.53,0.42,2026-03-17,627,N21,VIIRS,n,2.0NRT,302.08,8.12,D
21.68299,92.97092,336.76,0.62,0.54,2026-03-17,627,N21,VIIRS,n,2.0NRT,278.27,8.05,D
21.68415,92.97643,336.72,0.62,0.54,2026-03-17,627,N21,VIIRS,n,2.0NRT,278.87,8.05,D
21.68547,92.98267,331.73,0.62,0.54,2026-03-17,627,N21,VIIRS,n,2.0NRT,284.45,8.22,D
21.68784,92.96984,338.28,0.62,0.54,2026-03-17,627,N21,VIIRS,n,2.0NRT,272.34,7.43,D
21.68906,92.97562,340.17,0.62,0.54,2026-03-17,627,N21,VIIRS,n,2.0NRT,278.49,7.43,D
21.69032,92.98161,340.56,0.62,0.54,2026-03-17,627,N21,VIIRS,n,2.0NRT,284.67,9.78,D
21.69098,97.91793,330.72,0.48,0.4,2026-03-17,627,N21,VIIRS,n,2.0NRT,297.14,4.94,D
21.69174,92.98835,337.29,0.62,0.54,2026-03-17,627,N21,VIIRS,n,2.0NRT,288.22,9.78,D
21.69266,92.96866,341.37,0.62,0.54,2026-03-17,627,N21,VIIRS,n,2.0NRT,274.92,7.43,D
21.69358,95.56335,333.4,0.43,0.46,2026-03-17,627,N21,VIIRS,l,2.0NRT,306.67,6,D
21.69396,92.97481,335.61,0.62,0.54,2026-03-17,627,N21,VIIRS,n,2.0NRT,283.87,7.43,D
21.69488,97.06284,334.48,0.52,0.42,2026-03-17,627,N21,VIIRS,n,2.0NRT,302.69,4.21,D
21.69521,92.98074,344.55,0.62,0.54,2026-03-17,627,N21,VIIRS,n,2.0NRT,280.92,9.78,D
21.6966,92.98731,346.1,0.62,0.54,2026-03-17,627,N21,VIIRS,n,2.0NRT,281.64,9.78,D
21.69682,93.01243,353.74,0.61,0.54,2026-03-17,627,N21,VIIRS,n,2.0NRT,291.93,391.15,D
21.69744,92.96722,337.99,0.62,0.54,2026-03-17,627,N21,VIIRS,n,2.0NRT,275.94,6.51,D
21.6978,93.01709,332.7,0.61,0.54,2026-03-17,627,N21,VIIRS,n,2.0NRT,284.16,85.95,D
21.69795,92.99374,346.4,0.62,0.54,2026-03-17,627,N21,VIIRS,n,2.0NRT,281.55,17.66,D
21.69865,97.06203,335.93,0.52,0.42,2026-03-17,627,N21,VIIRS,n,2.0NRT,303.25,4.21,D
21.69878,92.9736,339.83,0.62,0.54,2026-03-17,627,N21,VIIRS,n,2.0NRT,276.53,6.51,D
21.69932,92.95203,332.4,0.62,0.54,2026-03-17,627,N21,VIIRS,n,2.0NRT,273.4,8.25,D
21.69933,93.00028,351.7,0.62,0.54,2026-03-17,627,N21,VIIRS,n,2.0NRT,284.29,17.66,D
21.69947,96.30611,331.38,0.38,0.44,2026-03-17,627,N21,VIIRS,l,2.0NRT,305.76,2.4,D
21.70009,92.97986,339.57,0.62,0.54,2026-03-17,627,N21,VIIRS,n,2.0NRT,276.09,6.07,D
21.70061,93.00637,306.47,0.61,0.54,2026-03-17,627,N21,VIIRS,l,2.0NRT,324.78,391.15,D
21.70077,92.95895,334.57,0.62,0.54,2026-03-17,627,N21,VIIRS,n,2.0NRT,272.36,8.25,D
21.70145,92.98632,336.33,0.62,0.54,2026-03-17,627,N21,VIIRS,n,2.0NRT,274.53,6.07,D
21.70168,93.01149,367,0.61,0.54,2026-03-17,627,N21,VIIRS,l,2.0NRT,332.37,391.15,D
21.70216,92.96558,335.64,0.62,0.54,2026-03-17,627,N21,VIIRS,n,2.0NRT,276.03,6.51,D
21.70264,93.01607,348.08,0.61,0.54,2026-03-17,627,N21,VIIRS,n,2.0NRT,286.14,85.95,D
21.70278,92.99264,336.93,0.62,0.54,2026-03-17,627,N21,VIIRS,n,2.0NRT,275.19,11.25,D
21.70348,92.97185,335.05,0.62,0.54,2026-03-17,627,N21,VIIRS,n,2.0NRT,278.31,6.51,D
21.70414,92.99909,343.57,0.62,0.54,2026-03-17,627,N21,VIIRS,n,2.0NRT,281.71,11.25,D
21.70415,92.95087,331.24,0.62,0.54,2026-03-17,627,N21,VIIRS,n,2.0NRT,276.22,5.26,D
21.70495,92.97885,335.35,0.62,0.54,2026-03-17,627,N21,VIIRS,n,2.0NRT,279.19,6.07,D
21.70546,93.00537,353.38,0.61,0.54,2026-03-17,627,N21,VIIRS,n,2.0NRT,284.65,13.19,D
21.70549,92.95725,329.74,0.62,0.54,2026-03-17,627,N21,VIIRS,n,2.0NRT,280.6,5.26,D
21.70627,92.9851,330.03,0.62,0.54,2026-03-17,627,N21,VIIRS,n,2.0NRT,279.14,6.07,D
21.70654,93.01052,354.17,0.61,0.54,2026-03-17,627,N21,VIIRS,n,2.0NRT,282.8,13.19,D
21.70705,94.05259,332.51,0.53,0.5,2026-03-17,627,N21,VIIRS,n,2.0NRT,300.32,2.66,D
21.71023,93.00397,331.78,0.61,0.54,2026-03-17,627,N21,VIIRS,n,2.0NRT,278.12,13.19,D
21.71029,97.17106,345.86,0.52,0.41,2026-03-17,627,N21,VIIRS,n,2.0NRT,303.06,9.1,D
21.71031,97.16769,331.01,0.52,0.41,2026-03-17,627,N21,VIIRS,n,2.0NRT,300.6,4.13,D
21.71124,97.17272,331.49,0.52,0.41,2026-03-17,627,N21,VIIRS,n,2.0NRT,301.13,4.13,D
21.71602,97.15636,345.65,0.52,0.41,2026-03-17,627,N21,VIIRS,n,2.0NRT,302.46,8.95,D
21.71766,97.03756,330.71,0.53,0.42,2026-03-17,627,N21,VIIRS,l,2.0NRT,305.47,5.63,D
21.71976,97.15558,343.81,0.52,0.41,2026-03-17,627,N21,VIIRS,n,2.0NRT,302.69,12.16,D
21.73132,94.42543,336.44,0.5,0.49,2026-03-17,627,N21,VIIRS,n,2.0NRT,292.97,3.97,D
21.73287,94.42739,341.52,0.5,0.49,2026-03-17,627,N21,VIIRS,n,2.0NRT,293.86,5.96,D
21.73365,97.18888,333.8,0.52,0.41,2026-03-17,627,N21,VIIRS,n,2.0NRT,298.14,5.44,D
21.74146,97.0176,333.5,0.53,0.42,2026-03-17,627,N21,VIIRS,n,2.0NRT,302.91,10.04,D
21.74572,96.70425,335.72,0.55,0.43,2026-03-17,627,N21,VIIRS,n,2.0NRT,297.61,43.84,D
21.74922,96.99551,331.24,0.53,0.42,2026-03-17,627,N21,VIIRS,l,2.0NRT,304.16,5.33,D
21.74953,96.70329,340.77,0.55,0.43,2026-03-17,627,N21,VIIRS,n,2.0NRT,305.71,43.84,D
21.75049,96.70842,367,0.55,0.42,2026-03-17,627,N21,VIIRS,h,2.0NRT,302.4,43.84,D
21.76344,97.07417,332.23,0.52,0.42,2026-03-17,627,N21,VIIRS,n,2.0NRT,301.38,4.96,D
21.77015,97.95835,334.65,0.47,0.4,2026-03-17,627,N21,VIIRS,n,2.0NRT,298.11,5.89,D
21.7822,96.68562,343.41,0.55,0.43,2026-03-17,627,N21,VIIRS,n,2.0NRT,306.45,28.15,D
21.78248,96.96577,341.82,0.53,0.42,2026-03-17,627,N21,VIIRS,n,2.0NRT,304.52,11.57,D
21.78259,96.96278,334.15,0.53,0.42,2026-03-17,627,N21,VIIRS,n,2.0NRT,304.6,6.68,D
21.78345,96.96762,335.46,0.53,0.42,2026-03-17,627,N21,VIIRS,n,2.0NRT,304.99,8.42,D
21.78366,97.03445,333.58,0.53,0.42,2026-03-17,627,N21,VIIRS,n,2.0NRT,301.13,3.64,D
21.78396,97.03727,334.97,0.52,0.42,2026-03-17,627,N21,VIIRS,n,2.0NRT,300.71,4.26,D
21.78493,97.08512,337.6,0.52,0.42,2026-03-17,627,N21,VIIRS,n,2.0NRT,302.38,4.58,D
21.79139,97.09942,332.05,0.52,0.42,2026-03-17,627,N21,VIIRS,l,2.0NRT,302.39,3.9,D
21.794,94.48537,339.41,0.49,0.49,2026-03-17,627,N21,VIIRS,n,2.0NRT,291.66,6.15,D
21.79401,97.09147,334.56,0.52,0.42,2026-03-17,627,N21,VIIRS,n,2.0NRT,303.62,5.08,D
21.79426,97.09364,341.44,0.52,0.42,2026-03-17,627,N21,VIIRS,n,2.0NRT,304.41,7.44,D
21.79494,97.09647,339.45,0.52,0.42,2026-03-17,627,N21,VIIRS,n,2.0NRT,304.11,5.08,D
21.7955,96.71458,346.1,0.55,0.42,2026-03-17,627,N21,VIIRS,n,2.0NRT,303.62,12.25,D
21.79569,96.38647,335.77,0.57,0.43,2026-03-17,627,N21,VIIRS,n,2.0NRT,303.89,6.42,D
21.79713,97.08788,333.02,0.52,0.42,2026-03-17,627,N21,VIIRS,n,2.0NRT,302.01,7.44,D
21.79777,97.09071,342.85,0.52,0.42,2026-03-17,627,N21,VIIRS,n,2.0NRT,302.71,5.08,D
21.80389,96.76031,332.63,0.54,0.42,2026-03-17,627,N21,VIIRS,n,2.0NRT,300.04,6.32,D
21.8133,97.15675,336.92,0.52,0.41,2026-03-17,627,N21,VIIRS,n,2.0NRT,302.04,5.51,D
21.81436,97.15939,335.81,0.52,0.41,2026-03-17,627,N21,VIIRS,n,2.0NRT,302.4,8.64,D
21.81511,97.49007,350.1,0.5,0.41,2026-03-17,627,N21,VIIRS,n,2.0NRT,298.4,20.51,D
21.81704,97.15594,334.81,0.52,0.41,2026-03-17,627,N21,VIIRS,n,2.0NRT,302.55,5.51,D
21.8201,94.06906,330.74,0.52,0.5,2026-03-17,627,N21,VIIRS,n,2.0NRT,298.2,3.39,D
21.82183,97.15778,330.8,0.52,0.41,2026-03-17,627,N21,VIIRS,l,2.0NRT,301.71,6.44,D
21.82251,97.93842,333.04,0.47,0.4,2026-03-17,627,N21,VIIRS,n,2.0NRT,303.43,5.86,D
21.82642,97.23058,333.31,0.51,0.41,2026-03-17,627,N21,VIIRS,n,2.0NRT,299.55,5.62,D
21.82701,97.22813,330.91,0.51,0.41,2026-03-17,627,N21,VIIRS,n,2.0NRT,299.03,4.16,D
21.82725,97.96564,334.01,0.47,0.4,2026-03-17,627,N21,VIIRS,n,2.0NRT,300.89,5.16,D
21.83165,97.23231,332.23,0.51,0.41,2026-03-17,627,N21,VIIRS,n,2.0NRT,300.26,4.16,D
21.83436,97.09874,345.6,0.52,0.42,2026-03-17,627,N21,VIIRS,n,2.0NRT,303.35,8.66,D
21.83993,97.10789,330.8,0.52,0.41,2026-03-17,627,N21,VIIRS,l,2.0NRT,302.3,7.57,D
21.84552,97.2447,343.72,0.51,0.41,2026-03-17,627,N21,VIIRS,n,2.0NRT,299.85,9.24,D
21.84819,97.25928,333.11,0.51,0.41,2026-03-17,627,N21,VIIRS,n,2.0NRT,302.27,8.21,D
21.8616,97.20552,334.88,0.51,0.41,2026-03-17,627,N21,VIIRS,n,2.0NRT,300.79,4.93,D
21.86295,97.45882,330.22,0.5,0.41,2026-03-17,627,N21,VIIRS,n,2.0NRT,299.33,5.03,D
21.8636,97.97272,333.42,0.47,0.4,2026-03-17,627,N21,VIIRS,n,2.0NRT,305.08,2.55,D
21.86418,93.97989,328.8,0.53,0.5,2026-03-17,627,N21,VIIRS,n,2.0NRT,292.09,8.26,D
21.86584,97.14343,337.92,0.52,0.41,2026-03-17,627,N21,VIIRS,n,2.0NRT,300.84,4.38,D
21.87099,97.08581,332.57,0.52,0.42,2026-03-17,627,N21,VIIRS,n,2.0NRT,301.53,4.98,D
21.87189,97.0908,335.21,0.52,0.42,2026-03-17,627,N21,VIIRS,n,2.0NRT,302.08,4.98,D
21.87209,95.7065,341.93,0.41,0.45,2026-03-17,627,N21,VIIRS,n,2.0NRT,307.1,7.61,D
21.87267,95.70682,342.35,0.41,0.45,2026-03-17,627,N21,VIIRS,n,2.0NRT,306.93,7.5,D
21.87354,97.22868,367,0.51,0.41,2026-03-17,627,N21,VIIRS,h,2.0NRT,306.22,18.96,D
21.87386,97.42107,342.88,0.5,0.41,2026-03-17,627,N21,VIIRS,n,2.0NRT,301.75,20.19,D
21.87399,96.8468,343.55,0.54,0.42,2026-03-17,627,N21,VIIRS,n,2.0NRT,308.24,12.26,D
21.87481,93.00766,342.66,0.61,0.53,2026-03-17,627,N21,VIIRS,n,2.0NRT,303.2,50.83,D
21.87499,93.00179,345.98,0.61,0.53,2026-03-17,627,N21,VIIRS,n,2.0NRT,314.8,122.97,D
21.87672,96.84029,331.72,0.54,0.42,2026-03-17,627,N21,VIIRS,l,2.0NRT,302.29,12.26,D
21.87697,93.01141,337.95,0.61,0.53,2026-03-17,627,N21,VIIRS,n,2.0NRT,294.08,26.96,D
21.8774,92.99623,331.79,0.61,0.53,2026-03-17,627,N21,VIIRS,n,2.0NRT,294.69,50.83,D
21.87787,96.84638,331.66,0.54,0.42,2026-03-17,627,N21,VIIRS,n,2.0NRT,299.48,12.26,D
21.87935,93.00531,347.12,0.61,0.53,2026-03-17,627,N21,VIIRS,n,2.0NRT,294.56,50.83,D
21.88175,94.74589,336.68,0.47,0.48,2026-03-17,627,N21,VIIRS,n,2.0NRT,305.02,5.78,D
21.88193,94.86148,332.25,0.47,0.47,2026-03-17,627,N21,VIIRS,l,2.0NRT,306.34,2.48,D
21.88263,94.75036,339.25,0.47,0.48,2026-03-17,627,N21,VIIRS,n,2.0NRT,302.89,2.65,D
21.90185,97.27863,331.56,0.51,0.41,2026-03-17,627,N21,VIIRS,n,2.0NRT,297.15,4.24,D
21.90716,96.83393,354.9,0.54,0.42,2026-03-17,627,N21,VIIRS,n,2.0NRT,301.38,22.02,D
21.91327,97.25632,331.88,0.51,0.41,2026-03-17,627,N21,VIIRS,n,2.0NRT,299.29,5.62,D
21.92436,97.38285,338.69,0.5,0.41,2026-03-17,627,N21,VIIRS,n,2.0NRT,298.43,6.08,D
21.92544,97.20941,335.63,0.51,0.41,2026-03-17,627,N21,VIIRS,l,2.0NRT,309.93,4.59,D
21.92766,97.20708,336.81,0.51,0.41,2026-03-17,627,N21,VIIRS,l,2.0NRT,310.49,7.97,D
21.93221,97.29771,333.16,0.51,0.41,2026-03-17,627,N21,VIIRS,n,2.0NRT,298.35,3.65,D
21.9353,97.00882,345.39,0.52,0.42,2026-03-17,627,N21,VIIRS,n,2.0NRT,303.59,7.94,D
21.95429,96.69071,330.66,0.54,0.42,2026-03-17,627,N21,VIIRS,l,2.0NRT,303.24,4.07,D
21.95521,96.69564,347.9,0.54,0.42,2026-03-17,627,N21,VIIRS,n,2.0NRT,303.49,6.28,D
21.96241,97.2424,348.23,0.51,0.41,2026-03-17,627,N21,VIIRS,n,2.0NRT,310.68,21.28,D
21.96688,94.5974,340.44,0.48,0.48,2026-03-17,627,N21,VIIRS,n,2.0NRT,296.96,6.13,D
21.96883,97.34103,331.92,0.5,0.41,2026-03-17,627,N21,VIIRS,n,2.0NRT,299.64,7.27,D
21.97147,94.52784,336.55,0.49,0.48,2026-03-17,627,N21,VIIRS,n,2.0NRT,298.47,2.4,D
21.97171,94.52891,336.51,0.49,0.48,2026-03-17,627,N21,VIIRS,n,2.0NRT,300.46,7.1,D
21.97208,97.29556,344.27,0.51,0.41,2026-03-17,627,N21,VIIRS,n,2.0NRT,309.08,32.36,D
21.97582,94.52679,331.98,0.49,0.48,2026-03-17,627,N21,VIIRS,n,2.0NRT,298.58,2.4,D
21.97635,97.23419,335.14,0.51,0.41,2026-03-17,627,N21,VIIRS,n,2.0NRT,300.57,3.28,D
21.97667,95.94518,338.12,0.4,0.44,2026-03-17,627,N21,VIIRS,n,2.0NRT,306.42,4.04,D
21.98273,97.88094,333.08,0.47,0.4,2026-03-17,627,N21,VIIRS,n,2.0NRT,304.67,32.59,D
21.98952,97.89826,334.93,0.47,0.4,2026-03-17,627,N21,VIIRS,n,2.0NRT,303.77,7.95,D
21.99311,97.89751,346.13,0.47,0.4,2026-03-17,627,N21,VIIRS,n,2.0NRT,303.92,9.05,D
21.9939,97.90202,348.95,0.47,0.4,2026-03-17,627,N21,VIIRS,n,2.0NRT,305.42,18.42,D
21.99407,97.05308,345.71,0.52,0.42,2026-03-17,627,N21,VIIRS,n,2.0NRT,302.81,8.54,D
21.99717,97.19982,332.43,0.51,0.41,2026-03-17,627,N21,VIIRS,n,2.0NRT,302.4,4.3,D
21.99778,97.05204,334.31,0.52,0.42,2026-03-17,627,N21,VIIRS,n,2.0NRT,303.62,4.74,D
21.99819,95.76991,337.67,0.41,0.45,2026-03-17,627,N21,VIIRS,n,2.0NRT,305.77,3.6,D
21.99882,97.54793,338.98,0.49,0.4,2026-03-17,627,N21,VIIRS,n,2.0NRT,302.83,25.88,D
21.9997,97.55277,339.88,0.49,0.4,2026-03-17,627,N21,VIIRS,n,2.0NRT,300.76,14.09,D
22.00256,97.5476,331.01,0.49,0.4,2026-03-17,627,N21,VIIRS,n,2.0NRT,298.75,4.76,D
22.00267,97.90954,332.11,0.47,0.4,2026-03-17,627,N21,VIIRS,n,2.0NRT,303.03,11.01,D
22.00294,97.18888,331.55,0.51,0.41,2026-03-17,627,N21,VIIRS,l,2.0NRT,301.56,5.96,D
22.00346,97.55252,339.5,0.49,0.4,2026-03-17,627,N21,VIIRS,n,2.0NRT,299.1,7.81,D
22.00668,97.18816,336.11,0.51,0.41,2026-03-17,627,N21,VIIRS,n,2.0NRT,301.32,4.11,D
22.00734,94.50184,341.28,0.49,0.48,2026-03-17,627,N21,VIIRS,n,2.0NRT,296.02,11.34,D
22.00887,97.37167,330.63,0.5,0.41,2026-03-17,627,N21,VIIRS,l,2.0NRT,302.93,4.76,D
22.01069,97.55064,335.47,0.49,0.4,2026-03-17,627,N21,VIIRS,n,2.0NRT,298.37,26.51,D
22.01209,97.9631,331.37,0.47,0.4,2026-03-17,627,N21,VIIRS,l,2.0NRT,303.5,3.28,D
22.01275,95.86691,331.3,0.4,0.44,2026-03-17,627,N21,VIIRS,l,2.0NRT,305.93,4.94,D
22.01279,93.06675,340.11,0.6,0.53,2026-03-17,627,N21,VIIRS,n,2.0NRT,298.22,22.05,D
22.01288,93.06932,338.41,0.6,0.53,2026-03-17,627,N21,VIIRS,n,2.0NRT,297.96,14.19,D
22.01381,97.93056,331.18,0.47,0.4,2026-03-17,627,N21,VIIRS,n,2.0NRT,300.13,3.5,D
22.0174,93.06705,344.52,0.6,0.53,2026-03-17,627,N21,VIIRS,n,2.0NRT,295.45,9.3,D
22.01897,97.93878,332.5,0.47,0.4,2026-03-17,627,N21,VIIRS,l,2.0NRT,304.88,17.39,D
22.02097,97.92901,330.42,0.47,0.4,2026-03-17,627,N21,VIIRS,n,2.0NRT,301.45,6.12,D
22.02176,97.93349,331.75,0.47,0.4,2026-03-17,627,N21,VIIRS,n,2.0NRT,302.43,5.34,D
22.02658,93.22779,338.66,0.59,0.53,2026-03-17,627,N21,VIIRS,n,2.0NRT,293.47,11.47,D
22.03101,93.22898,334.27,0.59,0.53,2026-03-17,627,N21,VIIRS,n,2.0NRT,292.97,4.43,D
22.04543,97.16151,330.96,0.51,0.41,2026-03-17,627,N21,VIIRS,n,2.0NRT,302.75,5.31,D
22.04806,97.91383,332.89,0.47,0.4,2026-03-17,627,N21,VIIRS,n,2.0NRT,302.07,7.01,D
22.05187,96.62606,330.23,0.55,0.42,2026-03-17,627,N21,VIIRS,n,2.0NRT,300.59,4.19,D
22.0579,96.9095,337.57,0.53,0.42,2026-03-17,627,N21,VIIRS,l,2.0NRT,309.4,5.63,D
22.05882,96.91454,337.45,0.53,0.42,2026-03-17,627,N21,VIIRS,n,2.0NRT,307.07,5.63,D
22.05972,96.91949,339.44,0.53,0.42,2026-03-17,627,N21,VIIRS,n,2.0NRT,304.58,5.79,D
22.05993,97.09233,332.02,0.52,0.41,2026-03-17,627,N21,VIIRS,n,2.0NRT,301.44,5.56,D
22.06169,96.90877,341.45,0.53,0.42,2026-03-17,627,N21,VIIRS,n,2.0NRT,310.55,5.63,D
22.0664,96.91311,353.62,0.53,0.42,2026-03-17,627,N21,VIIRS,n,2.0NRT,311.4,22.5,D
22.06657,97.08614,346.35,0.52,0.41,2026-03-17,627,N21,VIIRS,n,2.0NRT,303.63,7.75,D
22.06741,97.71992,330.2,0.48,0.4,2026-03-17,627,N21,VIIRS,n,2.0NRT,298.47,10.16,D
22.07067,92.63388,327.25,0.32,0.54,2026-03-17,627,N21,VIIRS,n,2.0NRT,291.67,4.31,D
22.07067,97.32066,333.2,0.5,0.41,2026-03-17,627,N21,VIIRS,n,2.0NRT,302.23,1.72,D
22.07185,97.7238,330.6,0.48,0.4,2026-03-17,627,N21,VIIRS,n,2.0NRT,297.83,4.41,D
22.07881,96.8949,339.03,0.53,0.42,2026-03-17,627,N21,VIIRS,l,2.0NRT,310.88,13.37,D
22.07997,97.05279,334.49,0.52,0.41,2026-03-17,627,N21,VIIRS,n,2.0NRT,304.31,6.33,D
22.09243,94.62759,330.61,0.48,0.48,2026-03-17,627,N21,VIIRS,l,2.0NRT,301.67,3.42,D
22.0933,96.72044,335.6,0.54,0.42,2026-03-17,627,N21,VIIRS,n,2.0NRT,307.67,5.02,D
22.09422,96.72543,332.53,0.54,0.42,2026-03-17,627,N21,VIIRS,l,2.0NRT,306.2,5.02,D
22.09591,94.59994,334.32,0.48,0.48,2026-03-17,627,N21,VIIRS,n,2.0NRT,297.15,3.18,D
22.09942,95.92747,342.08,0.4,0.44,2026-03-17,627,N21,VIIRS,n,2.0NRT,304.22,8.98,D
22.10327,95.97009,334.73,0.4,0.44,2026-03-17,627,N21,VIIRS,l,2.0NRT,306.89,2.55,D
22.11301,96.8694,337.08,0.53,0.42,2026-03-17,627,N21,VIIRS,l,2.0NRT,310.11,5.84,D
22.11394,96.87445,335.21,0.53,0.42,2026-03-17,627,N21,VIIRS,l,2.0NRT,307.13,5.84,D
22.12544,96.85147,336.68,0.53,0.42,2026-03-17,627,N21,VIIRS,n,2.0NRT,308.51,5.69,D
22.1319,95.96784,347.35,0.4,0.44,2026-03-17,627,N21,VIIRS,n,2.0NRT,307.13,6.07,D
22.13664,97.94346,333.26,0.47,0.4,2026-03-17,627,N21,VIIRS,n,2.0NRT,303.64,9.06,D
22.14646,97.97849,344.28,0.47,0.39,2026-03-17,627,N21,VIIRS,n,2.0NRT,310.18,35.54,D
22.14673,97.2308,333.2,0.51,0.41,2026-03-17,627,N21,VIIRS,n,2.0NRT,299.68,4.97,D
22.14765,92.74425,346.38,0.63,0.54,2026-03-17,627,N21,VIIRS,n,2.0NRT,301.85,36.04,D
22.14853,96.05743,341.51,0.39,0.44,2026-03-17,627,N21,VIIRS,n,2.0NRT,306.58,13.19,D
22.15063,92.74625,339.88,0.63,0.54,2026-03-17,627,N21,VIIRS,n,2.0NRT,301.08,34.24,D
22.15294,96.55976,334.15,0.55,0.43,2026-03-17,627,N21,VIIRS,l,2.0NRT,305.39,0.82,D
22.15428,97.0089,338.01,0.52,0.42,2026-03-17,627,N21,VIIRS,n,2.0NRT,304.47,3.96,D
22.15571,92.42011,351.44,0.33,0.55,2026-03-17,627,N21,VIIRS,n,2.0NRT,292.06,7.6,D
22.16018,97.49972,330.86,0.49,0.4,2026-03-17,627,N21,VIIRS,l,2.0NRT,302.47,3.62,D
22.16067,92.41896,342.23,0.33,0.55,2026-03-17,627,N21,VIIRS,n,2.0NRT,290.74,5.47,D
22.16246,96.83884,331.03,0.53,0.42,2026-03-17,627,N21,VIIRS,l,2.0NRT,305.49,4.54,D
22.16872,92.62732,367,0.64,0.54,2026-03-17,627,N21,VIIRS,h,2.0NRT,292.18,24.86,D
22.17044,92.6112,354.06,0.32,0.54,2026-03-17,627,N21,VIIRS,n,2.0NRT,285.82,12.47,D
22.17103,92.61401,367,0.32,0.54,2026-03-17,627,N21,VIIRS,h,2.0NRT,293.41,99.69,D
22.17161,92.61674,207.38,0.32,0.54,2026-03-17,627,N21,VIIRS,l,2.0NRT,301.84,99.69,D
22.17278,92.62218,355.36,0.32,0.54,2026-03-17,627,N21,VIIRS,l,2.0NRT,288.52,293.46,D
22.17366,92.62634,329.32,0.64,0.54,2026-03-17,627,N21,VIIRS,n,2.0NRT,289.31,9.02,D
22.17472,92.60711,334.32,0.32,0.54,2026-03-17,627,N21,VIIRS,n,2.0NRT,287.79,12.47,D
22.17531,92.60992,367,0.32,0.54,2026-03-17,627,N21,VIIRS,h,2.0NRT,291.81,12.47,D
22.17591,92.61272,367,0.32,0.54,2026-03-17,627,N21,VIIRS,h,2.0NRT,292.08,99.69,D
22.17651,92.61554,265.73,0.32,0.54,2026-03-17,627,N21,VIIRS,l,2.0NRT,293.37,99.69,D
22.17711,92.61839,349.64,0.32,0.54,2026-03-17,627,N21,VIIRS,n,2.0NRT,303.64,293.46,D
22.17771,92.62122,355.25,0.32,0.54,2026-03-17,627,N21,VIIRS,l,2.0NRT,287.61,293.46,D
22.17858,92.62534,330.01,0.64,0.54,2026-03-17,627,N21,VIIRS,n,2.0NRT,288.62,9.02,D
22.17959,92.60583,329.1,0.32,0.54,2026-03-17,627,N21,VIIRS,n,2.0NRT,285.69,13.04,D
22.18018,92.60862,354.89,0.32,0.54,2026-03-17,627,N21,VIIRS,n,2.0NRT,288.98,13.04,D
22.18077,92.61138,367,0.32,0.54,2026-03-17,627,N21,VIIRS,h,2.0NRT,291.98,16.63,D
22.18136,92.6142,329.74,0.32,0.54,2026-03-17,627,N21,VIIRS,n,2.0NRT,286.2,16.63,D
22.18154,96.67021,335.31,0.54,0.42,2026-03-17,627,N21,VIIRS,n,2.0NRT,308,4.54,D
22.18377,92.6739,337.69,0.63,0.54,2026-03-17,627,N21,VIIRS,n,2.0NRT,288.06,108.07,D
22.18508,92.68008,329.54,0.63,0.54,2026-03-17,627,N21,VIIRS,n,2.0NRT,289.31,108.07,D
22.18716,92.20261,331.55,0.34,0.56,2026-03-17,627,N21,VIIRS,n,2.0NRT,299.02,2.78,D
22.18737,92.66673,344.83,0.63,0.54,2026-03-17,627,N21,VIIRS,n,2.0NRT,289.16,30.06,D
22.18863,92.67271,207.38,0.63,0.54,2026-03-17,627,N21,VIIRS,l,2.0NRT,314.72,108.07,D
22.18993,92.6788,351.72,0.63,0.54,2026-03-17,627,N21,VIIRS,n,2.0NRT,295.27,108.07,D
22.19479,92.6776,351.32,0.63,0.54,2026-03-17,627,N21,VIIRS,n,2.0NRT,292.68,468.23,D
22.20584,96.82199,331.48,0.53,0.42,2026-03-17,627,N21,VIIRS,l,2.0NRT,305.8,5.26,D
22.21482,97.80849,332.28,0.47,0.4,2026-03-17,627,N21,VIIRS,n,2.0NRT,298.05,3.39,D
22.21559,94.79527,342.86,0.46,0.47,2026-03-17,627,N21,VIIRS,n,2.0NRT,298.52,6.84,D
22.21809,96.23772,341.34,0.57,0.43,2026-03-17,627,N21,VIIRS,n,2.0NRT,305.08,15.24,D
22.21912,96.24316,338.76,0.57,0.43,2026-03-17,627,N21,VIIRS,n,2.0NRT,302.5,15.24,D
22.22845,97.80114,332.91,0.47,0.4,2026-03-17,627,N21,VIIRS,n,2.0NRT,301.08,5.37,D
22.23097,97.92162,336.55,0.47,0.4,2026-03-17,627,N21,VIIRS,n,2.0NRT,302.99,30.1,D
22.23103,92.60593,330.47,0.32,0.54,2026-03-17,627,N21,VIIRS,n,2.0NRT,288.48,29.47,D
22.23159,92.60864,367,0.32,0.54,2026-03-17,627,N21,VIIRS,h,2.0NRT,293.06,29.47,D
22.23236,92.60474,333.75,0.64,0.54,2026-03-17,627,N21,VIIRS,n,2.0NRT,289.77,19.84,D
22.2326,97.09833,340.78,0.51,0.41,2026-03-17,627,N21,VIIRS,n,2.0NRT,299.39,9.85,D
22.23309,97.09601,332.43,0.51,0.41,2026-03-17,627,N21,VIIRS,n,2.0NRT,300.74,7.34,D
22.23354,92.61024,340,0.64,0.54,2026-03-17,627,N21,VIIRS,n,2.0NRT,289.18,19.84,D
22.24113,95.54121,336.39,0.42,0.45,2026-03-17,627,N21,VIIRS,n,2.0NRT,307.93,4.26,D
22.24192,97.19386,337.54,0.51,0.41,2026-03-17,627,N21,VIIRS,n,2.0NRT,304.98,28.1,D
22.24411,96.5557,337.59,0.55,0.43,2026-03-17,627,N21,VIIRS,n,2.0NRT,310.25,13.75,D
22.24622,96.5576,334.16,0.55,0.43,2026-03-17,627,N21,VIIRS,l,2.0NRT,306.1,6.69,D
22.2481,96.88081,332.33,0.53,0.42,2026-03-17,627,N21,VIIRS,l,2.0NRT,304.56,1.99,D
22.25198,97.20712,339.08,0.51,0.41,2026-03-17,627,N21,VIIRS,n,2.0NRT,302.59,7.57,D
22.25382,96.44872,332.56,0.56,0.43,2026-03-17,627,N21,VIIRS,n,2.0NRT,297.84,5.91,D
22.25404,97.20944,334.82,0.51,0.41,2026-03-17,627,N21,VIIRS,n,2.0NRT,302.65,4.94,D
22.25454,96.43115,334.84,0.56,0.43,2026-03-17,627,N21,VIIRS,n,2.0NRT,297.98,7.33,D
22.25559,96.43678,330.44,0.56,0.43,2026-03-17,627,N21,VIIRS,l,2.0NRT,301.72,8.11,D
22.26055,97.19039,333.48,0.51,0.41,2026-03-17,627,N21,VIIRS,n,2.0NRT,302.12,3.91,D
22.26553,97.12502,342.09,0.51,0.41,2026-03-17,627,N21,VIIRS,n,2.0NRT,302.59,11.45,D
22.26914,96.24937,343.82,0.57,0.43,2026-03-17,627,N21,VIIRS,n,2.0NRT,301.58,12.29,D
22.26929,97.12444,341.29,0.51,0.41,2026-03-17,627,N21,VIIRS,n,2.0NRT,302.01,13.71,D
22.27223,95.96794,332.82,0.39,0.44,2026-03-17,627,N21,VIIRS,n,2.0NRT,299.93,6.98,D
22.27295,95.97169,341.34,0.39,0.44,2026-03-17,627,N21,VIIRS,n,2.0NRT,295.99,6.98,D
22.27621,95.96708,338.67,0.39,0.44,2026-03-17,627,N21,VIIRS,n,2.0NRT,296.34,6.98,D
22.28513,96.91224,341.05,0.52,0.42,2026-03-17,627,N21,VIIRS,n,2.0NRT,303.49,13.23,D
22.28596,96.91685,332.88,0.52,0.42,2026-03-17,627,N21,VIIRS,l,2.0NRT,303.96,3.23,D
22.28605,97.13153,333.97,0.51,0.41,2026-03-17,627,N21,VIIRS,l,2.0NRT,305.64,4.29,D
22.28713,97.80904,328.87,0.47,0.4,2026-03-17,627,N21,VIIRS,n,2.0NRT,300.37,2.43,D
22.28831,96.88657,333.17,0.53,0.42,2026-03-17,627,N21,VIIRS,n,2.0NRT,303.9,4.32,D
22.29404,97.19659,337.76,0.51,0.41,2026-03-17,627,N21,VIIRS,n,2.0NRT,306.66,6.03,D
22.30027,97.73579,345.85,0.48,0.4,2026-03-17,627,N21,VIIRS,n,2.0NRT,297.43,12.95,D
22.30387,97.73501,345.69,0.48,0.4,2026-03-17,627,N21,VIIRS,n,2.0NRT,297.32,12.95,D
22.30407,96.1998,336.54,0.57,0.43,2026-03-17,627,N21,VIIRS,l,2.0NRT,308.32,16.94,D
22.30411,97.58748,335.65,0.48,0.4,2026-03-17,627,N21,VIIRS,n,2.0NRT,306.03,8.02,D
22.31119,97.24881,336.71,0.5,0.41,2026-03-17,627,N21,VIIRS,n,2.0NRT,299.62,10.35,D
22.31261,97.86885,354.32,0.47,0.4,2026-03-17,627,N21,VIIRS,n,2.0NRT,304.98,13.75,D
22.31463,97.85927,339.21,0.47,0.4,2026-03-17,627,N21,VIIRS,n,2.0NRT,306.29,8.87,D
22.31541,97.86371,335.62,0.47,0.4,2026-03-17,627,N21,VIIRS,n,2.0NRT,305.43,8.87,D
22.32025,97.25649,330.54,0.5,0.41,2026-03-17,627,N21,VIIRS,n,2.0NRT,299.19,7.08,D
22.33339,97.32961,339.98,0.5,0.41,2026-03-17,627,N21,VIIRS,n,2.0NRT,298.28,5.62,D
22.33955,92.77218,329.77,0.62,0.54,2026-03-17,627,N21,VIIRS,n,2.0NRT,303.31,119.17,D
22.34063,92.7773,340.64,0.62,0.54,2026-03-17,627,N21,VIIRS,n,2.0NRT,298.12,13.58,D
22.34443,92.77127,348.75,0.62,0.54,2026-03-17,627,N21,VIIRS,n,2.0NRT,297.01,32.88,D
22.34554,92.77653,340.1,0.62,0.54,2026-03-17,627,N21,VIIRS,n,2.0NRT,300.66,40.21,D
22.34978,96.85915,340.83,0.53,0.42,2026-03-17,627,N21,VIIRS,n,2.0NRT,307.49,5.01,D
22.35294,97.13857,331.06,0.51,0.41,2026-03-17,627,N21,VIIRS,n,2.0NRT,299.67,2.88,D
22.36097,96.60649,340.26,0.54,0.42,2026-03-17,627,N21,VIIRS,n,2.0NRT,311.78,8.19,D
22.36105,97.77746,341.65,0.47,0.4,2026-03-17,627,N21,VIIRS,n,2.0NRT,298.66,5.82,D
22.36236,96.60371,336.51,0.54,0.42,2026-03-17,627,N21,VIIRS,l,2.0NRT,311.14,5.37,D
22.36393,97.77948,329.17,0.47,0.4,2026-03-17,627,N21,VIIRS,n,2.0NRT,298.57,9.37,D
22.36407,96.78696,334,0.53,0.42,2026-03-17,627,N21,VIIRS,l,2.0NRT,307.2,9.05,D
22.36546,97.78121,330.78,0.47,0.4,2026-03-17,627,N21,VIIRS,n,2.0NRT,297.82,3.72,D
22.36767,96.59982,337.18,0.54,0.42,2026-03-17,627,N21,VIIRS,l,2.0NRT,309.78,10.82,D
22.3681,96.74422,332.58,0.53,0.42,2026-03-17,627,N21,VIIRS,l,2.0NRT,306.76,3.93,D
22.36908,96.59696,345.95,0.54,0.42,2026-03-17,627,N21,VIIRS,n,2.0NRT,306.86,12.22,D
22.37312,97.07152,334.57,0.51,0.41,2026-03-17,627,N21,VIIRS,n,2.0NRT,304.13,6.87,D
22.37824,96.69842,338.14,0.54,0.42,2026-03-17,627,N21,VIIRS,n,2.0NRT,309.93,5.55,D
22.3902,97.27055,331.94,0.5,0.41,2026-03-17,627,N21,VIIRS,n,2.0NRT,301.32,4.6,D
22.39505,97.82183,334.91,0.47,0.4,2026-03-17,627,N21,VIIRS,n,2.0NRT,306.03,4.51,D
22.39718,96.83963,347.68,0.53,0.42,2026-03-17,627,N21,VIIRS,n,2.0NRT,313.31,31.39,D
22.40376,96.34193,332.36,0.56,0.43,2026-03-17,627,N21,VIIRS,n,2.0NRT,299.09,5.95,D
22.40958,96.41708,343.72,0.55,0.43,2026-03-17,627,N21,VIIRS,n,2.0NRT,306.95,6.59,D
22.41313,97.35454,330.92,0.49,0.41,2026-03-17,627,N21,VIIRS,l,2.0NRT,301.76,3.72,D
22.41778,96.86708,334.45,0.52,0.42,2026-03-17,627,N21,VIIRS,l,2.0NRT,307.39,4.09,D
22.41802,96.86922,336.04,0.52,0.42,2026-03-17,627,N21,VIIRS,n,2.0NRT,309.3,8.56,D
22.43068,92.14333,334.17,0.34,0.56,2026-03-17,627,N21,VIIRS,n,2.0NRT,298.34,4.25,D
22.43137,92.14654,341.84,0.34,0.56,2026-03-17,627,N21,VIIRS,n,2.0NRT,299.45,5.57,D
22.44579,97.51411,333.27,0.49,0.4,2026-03-17,627,N21,VIIRS,n,2.0NRT,301.94,3.78,D
22.44942,97.51334,329.28,0.49,0.4,2026-03-17,627,N21,VIIRS,l,2.0NRT,300.47,6.62,D
22.45519,97.88929,332.06,0.47,0.39,2026-03-17,627,N21,VIIRS,n,2.0NRT,301.26,7.48,D
22.46096,97.15199,367,0.51,0.41,2026-03-17,627,N21,VIIRS,h,2.0NRT,304.45,34.13,D
22.46198,97.14884,339.55,0.51,0.41,2026-03-17,627,N21,VIIRS,n,2.0NRT,304.79,19.72,D
22.46283,97.15349,346.68,0.51,0.41,2026-03-17,627,N21,VIIRS,n,2.0NRT,306.27,19.72,D
22.46471,97.15147,352.39,0.51,0.41,2026-03-17,627,N21,VIIRS,n,2.0NRT,311.7,34.13,D
22.46576,97.14845,336.02,0.51,0.41,2026-03-17,627,N21,VIIRS,n,2.0NRT,301.59,19.72,D
22.4666,97.15301,345.99,0.51,0.41,2026-03-17,627,N21,VIIRS,n,2.0NRT,302.71,19.72,D
22.46707,97.00823,336.4,0.51,0.41,2026-03-17,627,N21,VIIRS,n,2.0NRT,303.46,4.89,D
22.47761,97.2672,333.22,0.5,0.41,2026-03-17,627,N21,VIIRS,n,2.0NRT,303.69,6.55,D
22.47772,97.50265,342.95,0.49,0.4,2026-03-17,627,N21,VIIRS,n,2.0NRT,307.45,6.93,D
22.47792,96.72515,331.02,0.53,0.42,2026-03-17,627,N21,VIIRS,n,2.0NRT,303.26,18.09,D
22.48137,97.50193,337.64,0.49,0.4,2026-03-17,627,N21,VIIRS,n,2.0NRT,306.68,6.93,D
22.48582,96.87644,331.61,0.52,0.42,2026-03-17,627,N21,VIIRS,n,2.0NRT,299.17,5.56,D
22.48667,97.80466,334.34,0.47,0.4,2026-03-17,627,N21,VIIRS,n,2.0NRT,295.67,4.97,D
22.48864,97.93278,349.77,0.46,0.39,2026-03-17,627,N21,VIIRS,n,2.0NRT,295.73,19.07,D
22.49446,97.07333,332.12,0.51,0.41,2026-03-17,627,N21,VIIRS,n,2.0NRT,301.29,3.21,D
22.4994,96.77862,330.52,0.53,0.42,2026-03-17,627,N21,VIIRS,n,2.0NRT,298.42,3.19,D
22.49949,97.87659,332.32,0.47,0.39,2026-03-17,627,N21,VIIRS,l,2.0NRT,302.83,4.71,D
22.50182,97.80626,338.92,0.47,0.4,2026-03-17,627,N21,VIIRS,n,2.0NRT,301.98,31.58,D
22.5028,96.94859,333.91,0.52,0.41,2026-03-17,627,N21,VIIRS,n,2.0NRT,307.76,5.46,D
22.50654,96.94775,339.95,0.52,0.41,2026-03-17,627,N21,VIIRS,n,2.0NRT,306.92,5.46,D
22.51107,96.97279,334.16,0.52,0.41,2026-03-17,627,N21,VIIRS,l,2.0NRT,306.07,3.73,D
22.51118,96.95191,335.87,0.52,0.41,2026-03-17,627,N21,VIIRS,n,2.0NRT,309.67,6.19,D
22.51869,94.06393,336.35,0.51,0.49,2026-03-17,627,N21,VIIRS,n,2.0NRT,290.49,6.02,D
22.51877,96.86435,330.54,0.52,0.42,2026-03-17,627,N21,VIIRS,n,2.0NRT,297.69,4.34,D
22.52849,96.09783,331.4,0.38,0.43,2026-03-17,627,N21,VIIRS,n,2.0NRT,298.52,3.24,D
22.5363,97.4095,335.93,0.49,0.4,2026-03-17,627,N21,VIIRS,n,2.0NRT,304.46,3.24,D
22.54666,96.86614,338.63,0.52,0.42,2026-03-17,627,N21,VIIRS,n,2.0NRT,301.22,17.58,D
22.55032,93.51433,336.8,0.55,0.51,2026-03-17,627,N21,VIIRS,n,2.0NRT,286.52,4.81,D
22.55147,91.71204,327.9,0.36,0.57,2026-03-17,627,N21,VIIRS,n,2.0NRT,294.28,1.1,D
22.55797,97.72355,341.39,0.47,0.4,2026-03-17,627,N21,VIIRS,n,2.0NRT,295.81,12.01,D
22.55876,97.72807,343.18,0.47,0.4,2026-03-17,627,N21,VIIRS,n,2.0NRT,298.18,9.66,D
22.56157,97.72276,349.47,0.47,0.4,2026-03-17,627,N21,VIIRS,n,2.0NRT,294.97,12.03,D
22.56365,93.62433,325.89,0.54,0.51,2026-03-17,627,N21,VIIRS,n,2.0NRT,290.03,28.51,D
22.56456,93.62871,339.03,0.54,0.51,2026-03-17,627,N21,VIIRS,n,2.0NRT,289.44,33.76,D
22.56688,97.6002,333.62,0.48,0.4,2026-03-17,627,N21,VIIRS,n,2.0NRT,303.48,6.03,D
22.56851,97.6093,333.66,0.48,0.4,2026-03-17,627,N21,VIIRS,n,2.0NRT,302.99,4.75,D
22.56915,96.68948,341.98,0.53,0.42,2026-03-17,627,N21,VIIRS,n,2.0NRT,301.83,11.55,D
22.57003,97.57585,331.88,0.48,0.4,2026-03-17,627,N21,VIIRS,n,2.0NRT,299.64,2.62,D
22.57117,97.26463,331.27,0.5,0.41,2026-03-17,627,N21,VIIRS,n,2.0NRT,299.58,2.99,D
22.57131,97.60397,330.26,0.48,0.4,2026-03-17,627,N21,VIIRS,l,2.0NRT,300.59,4.75,D
22.57212,97.60851,342.21,0.48,0.4,2026-03-17,627,N21,VIIRS,n,2.0NRT,302.88,4.75,D
22.57294,97.61305,343.38,0.48,0.4,2026-03-17,627,N21,VIIRS,n,2.0NRT,302.87,14.55,D
22.57737,97.61683,332.86,0.48,0.4,2026-03-17,627,N21,VIIRS,n,2.0NRT,300.63,4.69,D
22.57941,97.20349,336,0.5,0.41,2026-03-17,627,N21,VIIRS,l,2.0NRT,309.92,12.01,D
22.58138,97.79385,346.16,0.47,0.4,2026-03-17,627,N21,VIIRS,n,2.0NRT,303.58,9.14,D
22.58228,97.79016,340.07,0.47,0.4,2026-03-17,627,N21,VIIRS,n,2.0NRT,298.5,18.58,D
22.5831,97.7947,342.93,0.47,0.4,2026-03-17,627,N21,VIIRS,n,2.0NRT,304.71,18.58,D
22.5834,97.48213,347.17,0.49,0.4,2026-03-17,627,N21,VIIRS,n,2.0NRT,305.12,8.13,D
22.58417,97.7885,328.69,0.47,0.4,2026-03-17,627,N21,VIIRS,n,2.0NRT,297.43,9.14,D
22.58496,97.79307,332.23,0.47,0.4,2026-03-17,627,N21,VIIRS,n,2.0NRT,298.14,9.14,D
22.58884,97.5338,346.15,0.48,0.4,2026-03-17,627,N21,VIIRS,n,2.0NRT,306.63,12.02,D
22.59095,97.56675,332.02,0.48,0.4,2026-03-17,627,N21,VIIRS,n,2.0NRT,301.91,5.42,D
22.59176,97.57133,341.14,0.48,0.4,2026-03-17,627,N21,VIIRS,n,2.0NRT,299.63,5.11,D
22.60106,97.45407,331.04,0.49,0.4,2026-03-17,627,N21,VIIRS,n,2.0NRT,299.62,2.86,D
22.60246,97.14913,332.83,0.5,0.41,2026-03-17,627,N21,VIIRS,n,2.0NRT,306.42,2.62,D
22.60353,97.36105,332.44,0.49,0.4,2026-03-17,627,N21,VIIRS,n,2.0NRT,303.56,19.2,D
22.60422,97.80899,328.13,0.47,0.4,2026-03-17,627,N21,VIIRS,l,2.0NRT,299.89,12.35,D
22.60502,97.81347,331.96,0.47,0.4,2026-03-17,627,N21,VIIRS,n,2.0NRT,301.15,15.77,D
22.60668,97.33586,330.23,0.49,0.41,2026-03-17,627,N21,VIIRS,n,2.0NRT,300.48,2.85,D
22.60718,97.36023,331.34,0.49,0.4,2026-03-17,627,N21,VIIRS,n,2.0NRT,300.3,3.07,D
22.6087,97.62438,330.8,0.48,0.4,2026-03-17,627,N21,VIIRS,n,2.0NRT,300.09,3.88,D
22.6095,97.62891,329.57,0.48,0.4,2026-03-17,627,N21,VIIRS,n,2.0NRT,300.63,3.88,D
22.61298,97.81651,334.37,0.47,0.4,2026-03-17,627,N21,VIIRS,n,2.0NRT,298.87,4.35,D
22.61421,97.5283,333.47,0.48,0.4,2026-03-17,627,N21,VIIRS,l,2.0NRT,303.48,2.93,D
22.61709,94.07811,328.42,0.5,0.49,2026-03-17,627,N21,VIIRS,n,2.0NRT,300.73,4.55,D
22.61805,94.08287,340.58,0.5,0.49,2026-03-17,627,N21,VIIRS,n,2.0NRT,300.07,6.13,D
22.62851,95.89436,335.37,0.39,0.44,2026-03-17,627,N21,VIIRS,n,2.0NRT,303.18,2.35,D
22.63959,97.69343,331.27,0.47,0.4,2026-03-17,627,N21,VIIRS,n,2.0NRT,299.47,2.46,D
22.64039,97.69798,331.28,0.47,0.4,2026-03-17,627,N21,VIIRS,n,2.0NRT,300.62,2.46,D
22.64845,97.46561,340.41,0.49,0.4,2026-03-17,627,N21,VIIRS,n,2.0NRT,301.89,7.31,D
22.65209,97.46483,331.61,0.49,0.4,2026-03-17,627,N21,VIIRS,n,2.0NRT,303.84,3.94,D
22.65268,97.78912,332.81,0.47,0.4,2026-03-17,627,N21,VIIRS,l,2.0NRT,303.31,9.16,D
22.65827,97.77863,334.41,0.47,0.4,2026-03-17,627,N21,VIIRS,l,2.0NRT,304.56,6.39,D
22.66493,92.70662,337.46,0.61,0.54,2026-03-17,627,N21,VIIRS,n,2.0NRT,298.45,46.84,D
22.66938,97.79972,330.69,0.47,0.4,2026-03-17,627,N21,VIIRS,n,2.0NRT,298.01,1.48,D
22.68384,97.72465,335.3,0.47,0.4,2026-03-17,627,N21,VIIRS,n,2.0NRT,298.99,6.27,D
22.68746,97.72404,340.68,0.47,0.4,2026-03-17,627,N21,VIIRS,n,2.0NRT,300.51,6.27,D
22.7019,92.38732,348.44,0.32,0.55,2026-03-17,627,N21,VIIRS,n,2.0NRT,298.76,4.12,D
22.70278,92.3671,327.46,0.32,0.55,2026-03-17,627,N21,VIIRS,n,2.0NRT,296.69,4.56,D
22.70419,92.37376,339.17,0.32,0.55,2026-03-17,627,N21,VIIRS,n,2.0NRT,298.35,4.93,D
22.71401,92.37131,367,0.32,0.55,2026-03-17,627,N21,VIIRS,h,2.0NRT,299.15,6.56,D
22.71464,95.88015,330.39,0.39,0.44,2026-03-17,627,N21,VIIRS,l,2.0NRT,304.51,1.81,D
22.71471,92.37464,330.93,0.32,0.55,2026-03-17,627,N21,VIIRS,n,2.0NRT,296.83,6.56,D
22.7154,97.29401,337.27,0.49,0.41,2026-03-17,627,N21,VIIRS,n,2.0NRT,302.86,4.7,D
22.71688,97.297,335.19,0.49,0.41,2026-03-17,627,N21,VIIRS,n,2.0NRT,305.58,5.06,D
22.72165,97.30742,334.45,0.49,0.4,2026-03-17,627,N21,VIIRS,n,2.0NRT,300.73,3.71,D
22.73331,95.89151,336.89,0.39,0.44,2026-03-17,627,N21,VIIRS,n,2.0NRT,305.77,2.81,D
22.74487,97.75407,351.33,0.47,0.4,2026-03-17,627,N21,VIIRS,n,2.0NRT,300.68,8.74,D
22.74944,97.82217,331.85,0.47,0.39,2026-03-17,627,N21,VIIRS,n,2.0NRT,299.66,3.5,D
22.75093,95.6708,350.73,0.4,0.44,2026-03-17,627,N21,VIIRS,n,2.0NRT,281.94,18.67,D
22.75403,94.74754,328.89,0.46,0.47,2026-03-17,627,N21,VIIRS,n,2.0NRT,299.13,1.45,D
22.76106,91.64256,333.07,0.36,0.57,2026-03-17,627,N21,VIIRS,n,2.0NRT,292.22,2.74,D
22.76284,97.75065,344.09,0.47,0.4,2026-03-17,627,N21,VIIRS,n,2.0NRT,302.91,10.02,D
22.77181,95.89895,331.63,0.39,0.44,2026-03-17,627,N21,VIIRS,n,2.0NRT,300.13,2.79,D
22.78028,95.82279,335.48,0.39,0.44,2026-03-17,627,N21,VIIRS,n,2.0NRT,301.3,4.71,D
22.78596,97.92519,331.13,0.46,0.39,2026-03-17,627,N21,VIIRS,n,2.0NRT,299.5,3.55,D
22.78743,94.7644,344.11,0.45,0.47,2026-03-17,627,N21,VIIRS,n,2.0NRT,302.63,12.06,D
22.78798,94.76286,342.85,0.45,0.47,2026-03-17,627,N21,VIIRS,n,2.0NRT,304.45,14.35,D
22.78883,94.76726,331.32,0.45,0.47,2026-03-17,627,N21,VIIRS,n,2.0NRT,299.86,7.78,D
22.79167,94.7635,355.34,0.45,0.47,2026-03-17,627,N21,VIIRS,n,2.0NRT,303.25,12.06,D
22.79649,94.72117,326.89,0.46,0.47,2026-03-17,627,N21,VIIRS,n,2.0NRT,296.19,1.85,D
22.80128,92.64965,338.59,0.61,0.54,2026-03-17,627,N21,VIIRS,n,2.0NRT,300.14,38.67,D
22.80232,92.64638,335.6,0.62,0.54,2026-03-17,627,N21,VIIRS,n,2.0NRT,300.91,50.81,D
22.8195,96.09129,331.01,0.57,0.43,2026-03-17,627,N21,VIIRS,n,2.0NRT,296.5,3.28,D
22.82484,94.79691,329.86,0.45,0.47,2026-03-17,627,N21,VIIRS,n,2.0NRT,301,2.57,D
22.82716,92.55668,340.71,0.62,0.54,2026-03-17,627,N21,VIIRS,n,2.0NRT,292.09,48.62,D
22.83199,92.55541,337.43,0.62,0.54,2026-03-17,627,N21,VIIRS,n,2.0NRT,299.34,48.62,D
22.84497,97.25697,342.56,0.49,0.41,2026-03-17,627,N21,VIIRS,n,2.0NRT,301.83,21.01,D
22.84872,97.25659,329.54,0.49,0.41,2026-03-17,627,N21,VIIRS,n,2.0NRT,297.99,6.85,D
22.85245,97.25621,329.94,0.49,0.41,2026-03-17,627,N21,VIIRS,n,2.0NRT,296.43,6.85,D
22.85337,94.71735,333.71,0.46,0.47,2026-03-17,627,N21,VIIRS,n,2.0NRT,303.1,5.06,D
22.8536,94.85341,350.25,0.45,0.47,2026-03-17,627,N21,VIIRS,n,2.0NRT,297.51,9.53,D
22.85797,92.52211,341.94,0.62,0.54,2026-03-17,627,N21,VIIRS,n,2.0NRT,293.12,50.76,D
22.86623,94.87302,335.98,0.45,0.47,2026-03-17,627,N21,VIIRS,n,2.0NRT,293.31,5.87,D
22.88058,94.83412,328.45,0.45,0.47,2026-03-17,627,N21,VIIRS,n,2.0NRT,296.44,2.14,D
22.93397,92.615,354.32,0.61,0.54,2026-03-17,627,N21,VIIRS,n,2.0NRT,293.39,20.73,D
22.93842,97.41981,334.24,0.48,0.4,2026-03-17,627,N21,VIIRS,n,2.0NRT,302.23,1.95,D
22.95017,92.49966,348.36,0.62,0.54,2026-03-17,627,N21,VIIRS,n,2.0NRT,297.34,13.34,D
22.96848,92.5623,343.49,0.62,0.54,2026-03-17,627,N21,VIIRS,n,2.0NRT,313.47,156.01,D
22.99683,95.95331,336.32,0.38,0.43,2026-03-17,627,N21,VIIRS,n,2.0NRT,299.94,1.81,D
23.03923,92.56969,338.41,0.62,0.54,2026-03-17,627,N21,VIIRS,n,2.0NRT,295.25,15.2,D
23.04043,92.57534,339.32,0.61,0.54,2026-03-17,627,N21,VIIRS,n,2.0NRT,297.17,15.88,D
23.05009,92.5731,339.95,0.61,0.54,2026-03-17,627,N21,VIIRS,n,2.0NRT,298.24,25.94,D
23.05484,91.96197,353.01,0.34,0.56,2026-03-17,627,N21,VIIRS,n,2.0NRT,300.28,16.47,D
23.05877,92.59008,340.6,0.61,0.54,2026-03-17,627,N21,VIIRS,n,2.0NRT,300.91,38.88,D
23.06338,92.56402,339.16,0.62,0.54,2026-03-17,627,N21,VIIRS,n,2.0NRT,298.63,10.64,D
23.07466,96.00153,346.41,0.57,0.43,2026-03-17,627,N21,VIIRS,n,2.0NRT,304.85,12.12,D
23.09978,95.07864,339.29,0.43,0.46,2026-03-17,627,N21,VIIRS,n,2.0NRT,299.82,6.92,D
23.1055,95.08581,341.86,0.43,0.46,2026-03-17,627,N21,VIIRS,n,2.0NRT,299.2,3.67,D
23.10629,95.08987,332.81,0.43,0.46,2026-03-17,627,N21,VIIRS,n,2.0NRT,297.92,3.67,D
23.12464,96.62659,331.88,0.53,0.42,2026-03-17,627,N21,VIIRS,n,2.0NRT,294.84,2.32,D
23.16061,94.58508,341.81,0.46,0.47,2026-03-17,627,N21,VIIRS,n,2.0NRT,296.27,7.75,D
23.16147,94.58949,342.56,0.46,0.47,2026-03-17,627,N21,VIIRS,n,2.0NRT,297.01,9.28,D
23.17164,96.0854,333.14,0.56,0.43,2026-03-17,627,N21,VIIRS,l,2.0NRT,303.44,5.41,D
23.18051,92.13286,331.96,0.33,0.55,2026-03-17,627,N21,VIIRS,n,2.0NRT,295.03,3.12,D
23.20536,95.83088,340.75,0.39,0.44,2026-03-17,627,N21,VIIRS,n,2.0NRT,303.89,3.44,D
23.35497,93.34389,326.37,0.54,0.51,2026-03-17,627,N21,VIIRS,n,2.0NRT,298.51,3.38,D
23.35769,95.82479,339.48,0.38,0.44,2026-03-17,627,N21,VIIRS,n,2.0NRT,303.72,5.33,D
23.3584,95.82852,330.96,0.38,0.44,2026-03-17,627,N21,VIIRS,l,2.0NRT,303.52,5.33,D
23.36467,95.60046,341.04,0.4,0.44,2026-03-17,627,N21,VIIRS,n,2.0NRT,301.98,5.84,D
23.37706,96.59564,330.13,0.52,0.42,2026-03-17,627,N21,VIIRS,n,2.0NRT,299.41,5.15,D
23.38563,95.73365,338.45,0.39,0.44,2026-03-17,627,N21,VIIRS,n,2.0NRT,302.5,3.89,D
23.40329,95.71804,329.14,0.39,0.44,2026-03-17,627,N21,VIIRS,l,2.0NRT,302.74,1.67,D
23.40562,95.71672,330.89,0.39,0.44,2026-03-17,627,N21,VIIRS,n,2.0NRT,302.25,2.29,D
23.55295,96.38432,328.19,0.53,0.42,2026-03-17,627,N21,VIIRS,l,2.0NRT,301.27,9.43,D
23.55392,96.38947,346.85,0.53,0.42,2026-03-17,627,N21,VIIRS,n,2.0NRT,304,9.43,D
23.55752,96.32407,330.75,0.54,0.42,2026-03-17,627,N21,VIIRS,n,2.0NRT,300.82,4.38,D
23.56588,95.8093,336.25,0.57,0.43,2026-03-17,627,N21,VIIRS,n,2.0NRT,303.13,10.63,D
23.57285,95.80293,328.67,0.38,0.43,2026-03-17,627,N21,VIIRS,n,2.0NRT,301.57,2.03,D
23.5755,95.75229,330.85,0.39,0.44,2026-03-17,627,N21,VIIRS,n,2.0NRT,302.47,2.46,D
23.58,95.79753,346.18,0.38,0.43,2026-03-17,627,N21,VIIRS,n,2.0NRT,300.51,7.2,D
23.59071,95.59309,332.55,0.39,0.44,2026-03-17,627,N21,VIIRS,n,2.0NRT,296.94,5.91,D
23.59539,95.59599,330.88,0.39,0.44,2026-03-17,627,N21,VIIRS,n,2.0NRT,297.51,5.91,D
23.59893,95.61481,336.15,0.39,0.44,2026-03-17,627,N21,VIIRS,n,2.0NRT,301.94,4.18,D
23.61882,95.44827,329.16,0.4,0.44,2026-03-17,627,N21,VIIRS,n,2.0NRT,285.48,2.74,D
23.6234,96.2942,327.15,0.54,0.42,2026-03-17,627,N21,VIIRS,n,2.0NRT,299.03,3.02,D
23.66423,95.62033,327.2,0.39,0.44,2026-03-17,627,N21,VIIRS,l,2.0NRT,301.02,2.6,D
23.76475,95.82999,333.36,0.57,0.43,2026-03-17,627,N21,VIIRS,n,2.0NRT,295.61,4.98,D
23.4126,90.36742,337.38,0.42,0.61,2026-03-17,629,N21,VIIRS,n,2.0NRT,298.92,7.02,D
23.41351,90.37137,331.75,0.42,0.61,2026-03-17,629,N21,VIIRS,n,2.0NRT,295.86,6.46,D
23.44251,90.42216,329.68,0.41,0.61,2026-03-17,629,N21,VIIRS,n,2.0NRT,298.36,3.89,D
23.48907,87.61503,326.82,0.62,0.71,2026-03-17,629,N21,VIIRS,n,2.0NRT,276.65,7.07,D
23.48976,87.61441,329.78,0.62,0.71,2026-03-17,629,N21,VIIRS,n,2.0NRT,276.6,7.3,D
23.48986,91.5369,367,0.35,0.57,2026-03-17,629,N21,VIIRS,h,2.0NRT,293.99,11.37,D
23.49542,87.61326,333.38,0.62,0.71,2026-03-17,629,N21,VIIRS,n,2.0NRT,276.87,19.11,D
23.49611,87.61266,331.56,0.62,0.71,2026-03-17,629,N21,VIIRS,n,2.0NRT,276.65,10.7,D
23.49685,87.61903,339.39,0.62,0.71,2026-03-17,629,N21,VIIRS,n,2.0NRT,277.32,13.37,D
23.49757,87.61841,342.76,0.62,0.71,2026-03-17,629,N21,VIIRS,n,2.0NRT,277.66,10.7,D
23.50319,87.61723,333.93,0.62,0.71,2026-03-17,629,N21,VIIRS,n,2.0NRT,277.7,13.37,D
23.50392,87.61664,332.49,0.62,0.71,2026-03-17,629,N21,VIIRS,n,2.0NRT,277.67,10.7,D
23.72225,92.38358,336.36,0.61,0.54,2026-03-17,629,N21,VIIRS,n,2.0NRT,297.17,12.9,D
23.72283,92.32986,352.6,0.62,0.54,2026-03-17,629,N21,VIIRS,n,2.0NRT,297.61,16.15,D
23.72358,92.38969,333.02,0.61,0.54,2026-03-17,629,N21,VIIRS,n,2.0NRT,296.75,11.61,D
23.72441,92.38565,348.83,0.61,0.54,2026-03-17,629,N21,VIIRS,n,2.0NRT,299.05,29.83,D
23.72511,92.32674,338.85,0.62,0.54,2026-03-17,629,N21,VIIRS,n,2.0NRT,297.2,16.43,D
25.35507,91.28683,334.26,0.33,0.55,2026-03-17,629,N21,VIIRS,n,2.0NRT,286.21,2.87,D
25.35531,91.28744,330.91,0.33,0.55,2026-03-17,629,N21,VIIRS,n,2.0NRT,286.38,3.14,D
25.52613,91.96391,325.19,0.6,0.53,2026-03-17,629,N21,VIIRS,n,2.0NRT,293.96,4.4,D
25.58917,91.37106,333.37,0.32,0.55,2026-03-17,629,N21,VIIRS,n,2.0NRT,284.03,2.85,D
25.6114,96.65895,332.17,0.48,0.4,2026-03-17,629,N21,VIIRS,l,2.0NRT,302.74,29.62,D
25.85112,96.60576,327.87,0.48,0.4,2026-03-17,629,N21,VIIRS,n,2.0NRT,294.98,4.05,D
26.4251,87.23708,367,0.56,0.68,2026-03-17,629,N21,VIIRS,h,2.0NRT,298.65,14.47,D
27.05807,87.94846,334.07,0.49,0.65,2026-03-17,629,N21,VIIRS,n,2.0NRT,287.69,4.45,D
27.09062,85.31865,328.75,0.7,0.75,2026-03-17,629,N21,VIIRS,n,2.0NRT,294.18,10.93,D
27.13388,88.3539,339.06,0.46,0.63,2026-03-17,629,N21,VIIRS,n,2.0NRT,293.44,8.25,D
27.19172,85.33575,329.42,0.69,0.74,2026-03-17,629,N21,VIIRS,n,2.0NRT,296.41,6.76,D
27.38688,92.30862,325.73,0.52,0.5,2026-03-17,629,N21,VIIRS,n,2.0NRT,295.07,6.87,D
27.39525,92.30365,338.77,0.52,0.5,2026-03-17,629,N21,VIIRS,n,2.0NRT,297.7,10,D
27.41141,92.29088,343.55,0.52,0.5,2026-03-17,629,N21,VIIRS,n,2.0NRT,311.64,39.67,D
27.41513,92.28615,349.86,0.52,0.5,2026-03-17,629,N21,VIIRS,n,2.0NRT,301.87,16.76,D
27.41603,92.29045,350.26,0.52,0.5,2026-03-17,629,N21,VIIRS,n,2.0NRT,299.67,17.07,D
27.49502,90.70164,342.13,0.33,0.55,2026-03-17,629,N21,VIIRS,n,2.0NRT,284.64,4.12,D
6.21383,81.21171,333.9,0.4,0.37,2026-03-17,803,N21,VIIRS,n,2.0NRT,303.4,3.33,D
6.21753,81.03231,340.84,0.4,0.37,2026-03-17,803,N21,VIIRS,n,2.0NRT,303.93,9.2,D
6.2492,81.18085,338.42,0.4,0.37,2026-03-17,803,N21,VIIRS,n,2.0NRT,302.23,3.75,D
6.27687,81.0452,337.54,0.4,0.37,2026-03-17,803,N21,VIIRS,n,2.0NRT,302.15,4.58,D
6.52109,81.13145,346.48,0.4,0.37,2026-03-17,803,N21,VIIRS,n,2.0NRT,305.45,11.91,D
6.52444,81.13094,345.32,0.4,0.37,2026-03-17,803,N21,VIIRS,n,2.0NRT,306.3,11.8,D
6.56473,81.13212,330.55,0.4,0.37,2026-03-17,803,N21,VIIRS,l,2.0NRT,303.42,3.02,D
6.60356,81.18504,330.48,0.4,0.37,2026-03-17,803,N21,VIIRS,l,2.0NRT,302.83,2.19,D
6.60569,80.29712,335.28,0.39,0.36,2026-03-17,803,N21,VIIRS,n,2.0NRT,299.37,6.44,D
6.74163,81.28973,335.01,0.4,0.37,2026-03-17,803,N21,VIIRS,n,2.0NRT,303.66,7.5,D
6.74839,81.28872,332.99,0.4,0.37,2026-03-17,803,N21,VIIRS,l,2.0NRT,305.33,5.31,D
6.79844,81.60043,334.42,0.41,0.37,2026-03-17,803,N21,VIIRS,n,2.0NRT,300.97,3.65,D
7.15169,81.71208,333.23,0.42,0.38,2026-03-17,803,N21,VIIRS,n,2.0NRT,301.29,3.85,D
7.28632,81.83945,336.72,0.43,0.38,2026-03-17,803,N21,VIIRS,n,2.0NRT,303.17,2.37,D
7.30726,80.16851,334.46,0.39,0.36,2026-03-17,803,N21,VIIRS,n,2.0NRT,300.31,2.07,D
7.32593,81.8262,335.56,0.43,0.38,2026-03-17,803,N21,VIIRS,n,2.0NRT,304.12,2.33,D
7.34836,81.83457,343.78,0.43,0.38,2026-03-17,803,N21,VIIRS,n,2.0NRT,299.13,5.4,D
7.35528,81.83353,335.48,0.43,0.38,2026-03-17,803,N21,VIIRS,n,2.0NRT,302.91,4.39,D
7.35994,81.8172,340.69,0.42,0.38,2026-03-17,803,N21,VIIRS,n,2.0NRT,303.41,4.66,D
7.3605,81.82102,337.15,0.43,0.38,2026-03-17,803,N21,VIIRS,n,2.0NRT,303.28,5.34,D
7.71228,80.24075,335.43,0.39,0.36,2026-03-17,803,N21,VIIRS,n,2.0NRT,304.41,3.31,D
7.74388,79.86544,334.97,0.39,0.36,2026-03-17,803,N21,VIIRS,n,2.0NRT,300.21,7.21,D
7.84597,80.20162,334.63,0.39,0.36,2026-03-17,803,N21,VIIRS,n,2.0NRT,301.14,2.36,D
7.85598,79.8653,335.48,0.39,0.36,2026-03-17,803,N21,VIIRS,n,2.0NRT,302.73,3.64,D
7.89004,79.95598,333.9,0.39,0.36,2026-03-17,803,N21,VIIRS,n,2.0NRT,299.76,2.51,D
7.97153,80.44844,335.58,0.39,0.36,2026-03-17,803,N21,VIIRS,n,2.0NRT,304.51,4.44,D
7.9944,80.5319,335.11,0.39,0.36,2026-03-17,803,N21,VIIRS,n,2.0NRT,303.98,3.65,D
8.00573,81.2291,334.4,0.41,0.37,2026-03-17,803,N21,VIIRS,n,2.0NRT,302.95,10.34,D
8.00913,81.22859,334.85,0.41,0.37,2026-03-17,803,N21,VIIRS,n,2.0NRT,297.22,10.34,D
8.1015,80.18338,335.35,0.39,0.36,2026-03-17,803,N21,VIIRS,n,2.0NRT,304.4,3.6,D
8.10355,80.71527,331.17,0.4,0.37,2026-03-17,803,N21,VIIRS,n,2.0NRT,304.45,3.18,D
8.19572,80.31204,336.41,0.39,0.36,2026-03-17,803,N21,VIIRS,n,2.0NRT,305.1,3.5,D
8.23058,80.22754,332.67,0.39,0.36,2026-03-17,803,N21,VIIRS,l,2.0NRT,303.32,3.32,D
8.24156,80.72761,337.21,0.4,0.37,2026-03-17,803,N21,VIIRS,n,2.0NRT,304.45,4.73,D
8.24385,80.72673,336.75,0.4,0.37,2026-03-17,803,N21,VIIRS,n,2.0NRT,303.48,4.15,D
8.40866,80.52933,338.93,0.4,0.37,2026-03-17,803,N21,VIIRS,n,2.0NRT,304.55,3.55,D
8.47982,80.7129,331.81,0.4,0.37,2026-03-17,803,N21,VIIRS,l,2.0NRT,305.9,4.53,D
8.55547,80.26328,334.45,0.39,0.36,2026-03-17,803,N21,VIIRS,l,2.0NRT,304.91,2.93,D
8.57009,80.40595,334.26,0.39,0.36,2026-03-17,803,N21,VIIRS,n,2.0NRT,303.54,4.02,D
8.66664,81.05375,346.69,0.41,0.37,2026-03-17,803,N21,VIIRS,n,2.0NRT,302.94,6.8,D
9.06505,80.48636,335.32,0.4,0.37,2026-03-17,803,N21,VIIRS,n,2.0NRT,300.91,6.35,D
9.13713,76.87473,333.15,0.42,0.38,2026-03-17,803,N21,VIIRS,n,2.0NRT,303.29,4.77,D
9.23194,77.58393,337.4,0.4,0.37,2026-03-17,803,N21,VIIRS,l,2.0NRT,305.38,2.97,D
9.24943,77.6294,334.77,0.4,0.37,2026-03-17,803,N21,VIIRS,l,2.0NRT,307.47,4.2,D
9.30178,77.57599,348.52,0.4,0.37,2026-03-17,803,N21,VIIRS,l,2.0NRT,307.11,9.14,D
9.68651,77.83448,338.25,0.39,0.37,2026-03-17,803,N21,VIIRS,n,2.0NRT,304.38,8.44,D
9.78714,78.94584,334.69,0.38,0.36,2026-03-17,803,N21,VIIRS,l,2.0NRT,307.81,1.7,D
9.7899,78.94186,341.13,0.38,0.36,2026-03-17,803,N21,VIIRS,n,2.0NRT,309.14,5.79,D
9.92464,78.88439,334.84,0.38,0.36,2026-03-17,803,N21,VIIRS,n,2.0NRT,303.03,3.45,D
10.00637,79.19885,333.52,0.38,0.36,2026-03-17,803,N21,VIIRS,l,2.0NRT,305.35,2.22,D
10.83588,79.24487,337.23,0.39,0.36,2026-03-17,803,N21,VIIRS,n,2.0NRT,305.16,4.14,D
11.16032,76.58096,349.12,0.42,0.38,2026-03-17,803,N21,VIIRS,n,2.0NRT,302.54,10.52,D
11.41175,79.70334,335.74,0.39,0.36,2026-03-17,803,N21,VIIRS,n,2.0NRT,305.23,2.6,D
11.43317,79.52878,337.96,0.39,0.36,2026-03-17,803,N21,VIIRS,n,2.0NRT,304.04,8.26,D
11.43489,79.04475,350.28,0.39,0.36,2026-03-17,803,N21,VIIRS,n,2.0NRT,296.09,7.01,D
11.49454,79.00953,354.61,0.39,0.36,2026-03-17,803,N21,VIIRS,n,2.0NRT,312.32,22.8,D
11.49784,79.00901,367,0.39,0.36,2026-03-17,803,N21,VIIRS,h,2.0NRT,312.18,22.8,D
11.54645,79.06239,342.88,0.39,0.36,2026-03-17,803,N21,VIIRS,n,2.0NRT,310.6,6.71,D
11.59028,79.30756,336.01,0.39,0.36,2026-03-17,803,N21,VIIRS,n,2.0NRT,306.04,1.96,D
11.98345,79.41227,330.4,0.39,0.36,2026-03-17,803,N21,VIIRS,l,2.0NRT,303.88,3.2,D
12.22972,77.50916,336.12,0.39,0.36,2026-03-17,803,N21,VIIRS,l,2.0NRT,308.42,9.07,D
12.23304,77.50863,339.37,0.39,0.36,2026-03-17,803,N21,VIIRS,l,2.0NRT,308.8,9.07,D
12.26075,77.22958,339.25,0.39,0.37,2026-03-17,803,N21,VIIRS,n,2.0NRT,306.02,7.02,D
12.29567,77.14989,335.06,0.4,0.37,2026-03-17,803,N21,VIIRS,l,2.0NRT,305.02,7.44,D
12.33497,77.87981,335.17,0.39,0.36,2026-03-17,803,N21,VIIRS,n,2.0NRT,301.51,3.69,D
12.33552,77.88332,330.78,0.39,0.36,2026-03-17,803,N21,VIIRS,l,2.0NRT,301.54,3.69,D
12.35028,78.91157,337.25,0.39,0.36,2026-03-17,803,N21,VIIRS,n,2.0NRT,306.26,2.99,D
12.35773,76.07006,337.07,0.43,0.38,2026-03-17,803,N21,VIIRS,l,2.0NRT,306.08,9.86,D
12.45832,78.30139,335.17,0.38,0.36,2026-03-17,803,N21,VIIRS,n,2.0NRT,303.72,1.12,D
12.49023,79.05148,338.2,0.39,0.36,2026-03-17,803,N21,VIIRS,n,2.0NRT,300.05,3.99,D
12.62078,77.61568,333.75,0.39,0.36,2026-03-17,803,N21,VIIRS,l,2.0NRT,304.55,3.48,D
12.62133,77.61925,334.74,0.39,0.36,2026-03-17,803,N21,VIIRS,n,2.0NRT,304.2,3.48,D
12.62519,77.62227,335.49,0.39,0.36,2026-03-17,803,N21,VIIRS,n,2.0NRT,304.45,5.11,D
12.62701,80.09216,344.64,0.41,0.37,2026-03-17,803,N21,VIIRS,n,2.0NRT,303.39,4.68,D
12.72769,80.21073,330.25,0.41,0.37,2026-03-17,803,N21,VIIRS,l,2.0NRT,304.37,2.95,D
12.83527,76.6832,339.12,0.4,0.37,2026-03-17,803,N21,VIIRS,l,2.0NRT,311.56,9.14,D
12.88339,79.22525,335.99,0.39,0.36,2026-03-17,803,N21,VIIRS,n,2.0NRT,295.65,6.14,D
12.88531,77.52081,367,0.39,0.36,2026-03-17,803,N21,VIIRS,h,2.0NRT,306.02,14.2,D
12.88599,76.66352,336.59,0.4,0.37,2026-03-17,803,N21,VIIRS,n,2.0NRT,310.97,4.34,D
12.90168,78.71466,335.93,0.39,0.36,2026-03-17,803,N21,VIIRS,n,2.0NRT,301.37,2.9,D
12.91985,78.22938,347.58,0.38,0.36,2026-03-17,803,N21,VIIRS,n,2.0NRT,297.53,7.79,D
12.98439,79.76491,335.8,0.4,0.37,2026-03-17,803,N21,VIIRS,n,2.0NRT,291.55,7.36,D
13.00459,79.6312,333.48,0.4,0.37,2026-03-17,803,N21,VIIRS,n,2.0NRT,302.57,4.36,D
13.01064,78.02392,330.28,0.38,0.36,2026-03-17,803,N21,VIIRS,l,2.0NRT,304.35,1.77,D
13.02594,79.15507,344.19,0.39,0.36,2026-03-17,803,N21,VIIRS,n,2.0NRT,303.38,5.47,D
13.02925,79.15457,345.62,0.39,0.36,2026-03-17,803,N21,VIIRS,n,2.0NRT,307.81,5.47,D
13.06904,79.35383,334.78,0.39,0.36,2026-03-17,803,N21,VIIRS,n,2.0NRT,304.54,1.22,D
13.07629,77.72144,338.16,0.39,0.36,2026-03-17,803,N21,VIIRS,n,2.0NRT,306.42,4.14,D
13.13394,78.65492,340.37,0.39,0.36,2026-03-17,803,N21,VIIRS,n,2.0NRT,291.6,6.39,D
13.13447,78.65845,332.14,0.39,0.36,2026-03-17,803,N21,VIIRS,n,2.0NRT,291.33,6.39,D
13.13723,78.6544,345.05,0.39,0.36,2026-03-17,803,N21,VIIRS,n,2.0NRT,295.7,6.39,D
13.13777,78.65792,336.15,0.39,0.36,2026-03-17,803,N21,VIIRS,n,2.0NRT,297.62,6.39,D
13.28128,79.2724,349.44,0.39,0.36,2026-03-17,803,N21,VIIRS,n,2.0NRT,301.41,8.93,D
13.31826,80.14839,330.21,0.41,0.37,2026-03-17,803,N21,VIIRS,n,2.0NRT,297.31,1.76,D
13.3296,79.36824,330.89,0.39,0.37,2026-03-17,803,N21,VIIRS,n,2.0NRT,295.13,5.55,D
13.43682,80.21635,335.36,0.42,0.37,2026-03-17,803,N21,VIIRS,n,2.0NRT,305.76,3.15,D
12.79707,75.66376,330.58,0.44,0.38,2026-03-17,805,N21,VIIRS,l,2.0NRT,302.46,4.37,D
12.80056,75.66319,334,0.44,0.38,2026-03-17,805,N21,VIIRS,l,2.0NRT,301.59,4.37,D
13.02841,76.72243,336.52,0.4,0.37,2026-03-17,805,N21,VIIRS,l,2.0NRT,311.34,4.35,D
13.06684,76.56103,336.32,0.41,0.37,2026-03-17,805,N21,VIIRS,l,2.0NRT,309.18,3.98,D
13.1551,76.10824,332.23,0.42,0.38,2026-03-17,805,N21,VIIRS,l,2.0NRT,305.84,3.24,D
13.19802,76.65668,332.25,0.4,0.37,2026-03-17,805,N21,VIIRS,l,2.0NRT,306.01,3.1,D
13.26658,77.3047,336.61,0.39,0.36,2026-03-17,805,N21,VIIRS,n,2.0NRT,308.01,4.45,D
13.33293,79.36773,349.61,0.39,0.37,2026-03-17,805,N21,VIIRS,n,2.0NRT,296.58,5.55,D
13.33429,76.17094,339.59,0.41,0.37,2026-03-17,805,N21,VIIRS,l,2.0NRT,304.97,5.35,D
13.38252,78.58545,336.62,0.39,0.36,2026-03-17,805,N21,VIIRS,l,2.0NRT,307.93,4.81,D
13.40958,76.00636,345.67,0.42,0.38,2026-03-17,805,N21,VIIRS,n,2.0NRT,310.28,8.97,D
13.45087,78.88254,337.27,0.39,0.36,2026-03-17,805,N21,VIIRS,n,2.0NRT,303.85,4.59,D
13.47752,77.10777,342.06,0.39,0.36,2026-03-17,805,N21,VIIRS,n,2.0NRT,308.7,4.1,D
13.48084,77.10724,336.03,0.39,0.36,2026-03-17,805,N21,VIIRS,l,2.0NRT,307.95,4.17,D
13.49189,78.81792,339.97,0.39,0.36,2026-03-17,805,N21,VIIRS,n,2.0NRT,309.19,3.35,D
13.5064,78.66341,348.81,0.39,0.36,2026-03-17,805,N21,VIIRS,n,2.0NRT,309.67,22.79,D
13.50969,78.66286,346.98,0.39,0.36,2026-03-17,805,N21,VIIRS,n,2.0NRT,304.7,7.14,D
13.51853,76.72284,340.92,0.4,0.37,2026-03-17,805,N21,VIIRS,l,2.0NRT,310.13,6.98,D
13.52129,79.14925,335.31,0.39,0.36,2026-03-17,805,N21,VIIRS,n,2.0NRT,305.24,3.28,D
13.52187,76.72229,343.62,0.4,0.37,2026-03-17,805,N21,VIIRS,l,2.0NRT,314.55,19.22,D
13.52246,76.72595,346.02,0.4,0.37,2026-03-17,805,N21,VIIRS,l,2.0NRT,311.57,19.22,D
13.52408,79.14511,335.5,0.39,0.36,2026-03-17,805,N21,VIIRS,n,2.0NRT,305.29,3.28,D
13.53147,79.33199,341,0.39,0.37,2026-03-17,805,N21,VIIRS,n,2.0NRT,302.91,3.65,D
13.54967,79.24814,338.03,0.39,0.36,2026-03-17,805,N21,VIIRS,n,2.0NRT,304.25,3.77,D
13.5502,79.25167,332.82,0.39,0.36,2026-03-17,805,N21,VIIRS,n,2.0NRT,302.56,1.93,D
13.56557,79.03614,338.38,0.39,0.36,2026-03-17,805,N21,VIIRS,l,2.0NRT,309.07,2.57,D
13.59778,80.0443,337.33,0.41,0.37,2026-03-17,805,N21,VIIRS,n,2.0NRT,298.45,4.19,D
13.60039,78.67689,341.11,0.39,0.36,2026-03-17,805,N21,VIIRS,n,2.0NRT,311.48,4.03,D
13.61499,79.09435,336.2,0.39,0.36,2026-03-17,805,N21,VIIRS,l,2.0NRT,308.85,2.55,D
13.62554,77.79609,342.93,0.38,0.36,2026-03-17,805,N21,VIIRS,n,2.0NRT,312.17,8.59,D
13.67785,78.92293,342.14,0.39,0.36,2026-03-17,805,N21,VIIRS,n,2.0NRT,310.96,5.59,D
13.69835,78.90143,339.22,0.39,0.36,2026-03-17,805,N21,VIIRS,l,2.0NRT,310.98,4.48,D
13.71688,79.71233,332.19,0.4,0.37,2026-03-17,805,N21,VIIRS,l,2.0NRT,304.12,2.42,D
13.72023,78.77368,340.41,0.39,0.36,2026-03-17,805,N21,VIIRS,n,2.0NRT,307.56,2.52,D
13.7226,78.63168,338.49,0.39,0.36,2026-03-17,805,N21,VIIRS,n,2.0NRT,311.63,2.03,D
13.72756,77.68562,336.96,0.39,0.36,2026-03-17,805,N21,VIIRS,l,2.0NRT,311.3,3.95,D
13.73911,77.36411,340.92,0.39,0.36,2026-03-17,805,N21,VIIRS,l,2.0NRT,314.16,7.93,D
13.75065,76.57458,337.35,0.4,0.37,2026-03-17,805,N21,VIIRS,n,2.0NRT,310.64,6.37,D
13.75401,76.57404,350.15,0.4,0.37,2026-03-17,805,N21,VIIRS,n,2.0NRT,313.29,6.37,D
13.79041,79.73119,337.9,0.4,0.37,2026-03-17,805,N21,VIIRS,n,2.0NRT,307.64,5.88,D
13.82147,75.81427,330.47,0.42,0.38,2026-03-17,805,N21,VIIRS,l,2.0NRT,303.89,6.48,D
13.82772,77.41146,343.15,0.39,0.36,2026-03-17,805,N21,VIIRS,l,2.0NRT,316.17,6.65,D
13.83994,78.98493,330.75,0.39,0.36,2026-03-17,805,N21,VIIRS,l,2.0NRT,305.17,0.97,D
13.84379,78.98797,334.11,0.39,0.36,2026-03-17,805,N21,VIIRS,l,2.0NRT,306.66,2.12,D
13.84433,78.99154,339.71,0.39,0.36,2026-03-17,805,N21,VIIRS,n,2.0NRT,307.03,2.88,D
13.85177,75.84879,333.82,0.42,0.38,2026-03-17,805,N21,VIIRS,l,2.0NRT,299.74,3.29,D
13.85778,78.17614,347.7,0.38,0.36,2026-03-17,805,N21,VIIRS,n,2.0NRT,309.72,2.41,D
13.88464,78.69318,342.64,0.39,0.36,2026-03-17,805,N21,VIIRS,n,2.0NRT,312.74,11.8,D
13.90466,78.3961,335.32,0.38,0.36,2026-03-17,805,N21,VIIRS,l,2.0NRT,309.06,2.01,D
14.00399,79.82482,335.37,0.41,0.37,2026-03-17,805,N21,VIIRS,l,2.0NRT,306.92,5.36,D
14.00547,75.62804,334.67,0.43,0.38,2026-03-17,805,N21,VIIRS,l,2.0NRT,308.59,5.35,D
14.01986,79.16663,339.56,0.39,0.36,2026-03-17,805,N21,VIIRS,n,2.0NRT,307.27,8.29,D
14.02265,79.16248,352.65,0.39,0.36,2026-03-17,805,N21,VIIRS,n,2.0NRT,311.16,8.29,D
14.02599,79.16197,346.92,0.39,0.36,2026-03-17,805,N21,VIIRS,n,2.0NRT,310.49,6.98,D
14.02652,79.16561,342.59,0.39,0.36,2026-03-17,805,N21,VIIRS,n,2.0NRT,308.79,6.98,D
14.03995,75.51324,335.83,0.43,0.38,2026-03-17,805,N21,VIIRS,l,2.0NRT,306.52,6.96,D
14.04242,77.89328,335.74,0.38,0.36,2026-03-17,805,N21,VIIRS,l,2.0NRT,306.15,9.32,D
14.04296,77.8968,354.3,0.38,0.36,2026-03-17,805,N21,VIIRS,n,2.0NRT,311.48,9.32,D
14.04723,78.48492,337.92,0.39,0.36,2026-03-17,805,N21,VIIRS,l,2.0NRT,312.64,3.68,D
14.07561,78.38258,340.77,0.39,0.36,2026-03-17,805,N21,VIIRS,l,2.0NRT,313.34,4.12,D
14.09119,77.88181,335.66,0.38,0.36,2026-03-17,805,N21,VIIRS,n,2.0NRT,304.94,5.1,D
14.09668,77.8737,350.04,0.38,0.36,2026-03-17,805,N21,VIIRS,n,2.0NRT,306.01,9.45,D
14.09722,77.87721,345.51,0.38,0.36,2026-03-17,805,N21,VIIRS,n,2.0NRT,306.71,7.85,D
14.0983,77.88425,335.01,0.38,0.36,2026-03-17,805,N21,VIIRS,l,2.0NRT,305.44,2.83,D
14.09884,77.88778,334.57,0.38,0.36,2026-03-17,805,N21,VIIRS,l,2.0NRT,306.01,2.83,D
14.09943,77.86964,342.01,0.38,0.36,2026-03-17,805,N21,VIIRS,n,2.0NRT,306.48,9.45,D
14.09997,77.87316,367,0.38,0.36,2026-03-17,805,N21,VIIRS,h,2.0NRT,310.88,9.45,D
14.10051,77.87669,352.45,0.38,0.36,2026-03-17,805,N21,VIIRS,n,2.0NRT,310.59,7.85,D
14.10105,77.8802,352.24,0.38,0.36,2026-03-17,805,N21,VIIRS,n,2.0NRT,309.04,7.85,D
14.10159,77.88373,339.63,0.38,0.36,2026-03-17,805,N21,VIIRS,n,2.0NRT,306.64,2.83,D
14.10433,77.87967,336.21,0.38,0.36,2026-03-17,805,N21,VIIRS,n,2.0NRT,305.93,2.67,D
14.12746,78.38522,338.42,0.39,0.36,2026-03-17,805,N21,VIIRS,l,2.0NRT,312.2,5.6,D
14.16999,76.53434,338.23,0.4,0.37,2026-03-17,805,N21,VIIRS,l,2.0NRT,313.06,2.88,D
14.17384,80.00789,336.24,0.42,0.37,2026-03-17,805,N21,VIIRS,n,2.0NRT,306.78,6.48,D
14.18602,80.09214,337.31,0.42,0.38,2026-03-17,805,N21,VIIRS,l,2.0NRT,308.8,3.64,D
14.19253,78.22932,355.15,0.38,0.36,2026-03-17,805,N21,VIIRS,n,2.0NRT,312.28,8.84,D
14.19307,78.23285,367,0.38,0.36,2026-03-17,805,N21,VIIRS,h,2.0NRT,313.01,8.84,D
14.1936,78.23637,355.26,0.38,0.36,2026-03-17,805,N21,VIIRS,n,2.0NRT,314.48,12.25,D
14.19467,78.24345,343.76,0.38,0.36,2026-03-17,805,N21,VIIRS,n,2.0NRT,310.94,6.93,D
14.19475,78.22175,339.97,0.38,0.36,2026-03-17,805,N21,VIIRS,l,2.0NRT,313.26,29.61,D
14.19529,78.22527,353.19,0.38,0.36,2026-03-17,805,N21,VIIRS,n,2.0NRT,315.08,29.61,D
14.19582,78.2288,339.42,0.38,0.36,2026-03-17,805,N21,VIIRS,n,2.0NRT,311.42,8.84,D
14.19804,78.22123,347.07,0.38,0.36,2026-03-17,805,N21,VIIRS,n,2.0NRT,309.77,12.17,D
14.19858,78.22475,338.14,0.38,0.36,2026-03-17,805,N21,VIIRS,l,2.0NRT,312.03,12.17,D
14.19965,78.2318,342.18,0.38,0.36,2026-03-17,805,N21,VIIRS,l,2.0NRT,313.36,7.99,D
14.2013,79.78275,333.59,0.41,0.37,2026-03-17,805,N21,VIIRS,l,2.0NRT,304.43,7.8,D
14.20187,78.22424,352.6,0.38,0.36,2026-03-17,805,N21,VIIRS,n,2.0NRT,316.15,12.17,D
14.2024,78.22776,354.1,0.38,0.36,2026-03-17,805,N21,VIIRS,n,2.0NRT,315.61,7.99,D
14.20294,78.23129,354.93,0.38,0.36,2026-03-17,805,N21,VIIRS,n,2.0NRT,313.33,7.99,D
14.20569,78.22723,352.26,0.38,0.36,2026-03-17,805,N21,VIIRS,n,2.0NRT,314.21,31.34,D
14.20677,78.23429,347.23,0.38,0.36,2026-03-17,805,N21,VIIRS,n,2.0NRT,309.82,21.24,D
14.2073,78.23783,344.49,0.38,0.36,2026-03-17,805,N21,VIIRS,l,2.0NRT,316.99,21.24,D
14.20784,78.24136,346.86,0.38,0.36,2026-03-17,805,N21,VIIRS,n,2.0NRT,310.01,13.98,D
14.20972,79.20695,350.07,0.4,0.37,2026-03-17,805,N21,VIIRS,n,2.0NRT,309.06,7.24,D
14.21306,79.20642,343.9,0.4,0.37,2026-03-17,805,N21,VIIRS,n,2.0NRT,309.16,7.24,D
14.23602,77.98399,345.62,0.38,0.36,2026-03-17,805,N21,VIIRS,n,2.0NRT,309.68,3.82,D
14.25766,75.53268,335.95,0.43,0.38,2026-03-17,805,N21,VIIRS,n,2.0NRT,304.05,4.92,D
14.27207,79.07882,336.28,0.39,0.36,2026-03-17,805,N21,VIIRS,l,2.0NRT,310.22,8.9,D
14.27483,79.07451,351.08,0.39,0.36,2026-03-17,805,N21,VIIRS,n,2.0NRT,316.69,31.22,D
14.27814,79.07388,349.42,0.39,0.36,2026-03-17,805,N21,VIIRS,n,2.0NRT,318.12,38.13,D
14.2787,79.07759,335.55,0.39,0.36,2026-03-17,805,N21,VIIRS,l,2.0NRT,307.23,2.39,D
14.28147,79.07333,351.31,0.39,0.36,2026-03-17,805,N21,VIIRS,n,2.0NRT,313.44,38.13,D
14.2923,79.00905,334.78,0.39,0.36,2026-03-17,805,N21,VIIRS,n,2.0NRT,307.11,1.47,D
14.29391,79.01979,338.9,0.39,0.36,2026-03-17,805,N21,VIIRS,n,2.0NRT,307.64,1.74,D
14.29427,78.59016,334.96,0.39,0.36,2026-03-17,805,N21,VIIRS,l,2.0NRT,309.38,1.66,D
14.2988,78.80123,334.83,0.39,0.36,2026-03-17,805,N21,VIIRS,l,2.0NRT,309.19,3.75,D
14.30489,78.54847,345.77,0.39,0.36,2026-03-17,805,N21,VIIRS,n,2.0NRT,310.37,9.44,D
14.31231,78.48569,334.12,0.39,0.36,2026-03-17,805,N21,VIIRS,l,2.0NRT,308.09,2.23,D
14.3165,78.53583,350.42,0.39,0.36,2026-03-17,805,N21,VIIRS,n,2.0NRT,309.79,6.74,D
14.31757,78.54293,341.92,0.39,0.36,2026-03-17,805,N21,VIIRS,n,2.0NRT,309.48,2.17,D
14.32088,78.54243,341.82,0.39,0.36,2026-03-17,805,N21,VIIRS,n,2.0NRT,310.06,4.63,D
14.32866,78.25416,340.39,0.38,0.36,2026-03-17,805,N21,VIIRS,l,2.0NRT,311.38,2.49,D
14.33195,78.25364,337.55,0.38,0.36,2026-03-17,805,N21,VIIRS,l,2.0NRT,310.3,2.9,D
14.34331,78.71383,346.97,0.39,0.36,2026-03-17,805,N21,VIIRS,n,2.0NRT,308.32,8.13,D
14.34662,78.71329,349.67,0.39,0.36,2026-03-17,805,N21,VIIRS,n,2.0NRT,316.35,17.35,D
14.34692,78.78297,349.14,0.39,0.36,2026-03-17,805,N21,VIIRS,n,2.0NRT,313.29,8.02,D
14.34745,78.78654,340.35,0.39,0.36,2026-03-17,805,N21,VIIRS,l,2.0NRT,313.41,5.53,D
14.34823,78.72403,351.27,0.39,0.36,2026-03-17,805,N21,VIIRS,n,2.0NRT,309.1,11.47,D
14.34877,78.72761,355.43,0.39,0.36,2026-03-17,805,N21,VIIRS,n,2.0NRT,310.41,8.58,D
14.34931,78.7312,336.24,0.39,0.36,2026-03-17,805,N21,VIIRS,l,2.0NRT,308.72,8.58,D
14.34993,78.71278,343.06,0.39,0.36,2026-03-17,805,N21,VIIRS,n,2.0NRT,310.24,17.35,D
14.35023,78.78246,351.18,0.39,0.36,2026-03-17,805,N21,VIIRS,n,2.0NRT,314.12,6.19,D
14.35324,78.71228,341.11,0.39,0.36,2026-03-17,805,N21,VIIRS,n,2.0NRT,308.12,7.38,D
14.35378,78.71586,367,0.39,0.36,2026-03-17,805,N21,VIIRS,h,2.0NRT,311.02,7.38,D
14.35432,78.71944,337.12,0.39,0.36,2026-03-17,805,N21,VIIRS,n,2.0NRT,311.19,5.37,D
14.36994,79.07397,339.7,0.39,0.36,2026-03-17,805,N21,VIIRS,n,2.0NRT,311.86,8.21,D
14.37048,79.07758,345.78,0.39,0.36,2026-03-17,805,N21,VIIRS,n,2.0NRT,310.16,5.74,D
14.37328,79.07348,344.44,0.39,0.36,2026-03-17,805,N21,VIIRS,n,2.0NRT,308.7,6.38,D
14.37382,79.0771,350.14,0.39,0.36,2026-03-17,805,N21,VIIRS,n,2.0NRT,311.74,12.79,D
14.37682,78.8919,351.59,0.39,0.36,2026-03-17,805,N21,VIIRS,n,2.0NRT,312.44,11.4,D
14.4019,74.86564,343.9,0.45,0.39,2026-03-17,805,N21,VIIRS,n,2.0NRT,303.88,6.71,D
14.40237,74.86496,348.74,0.46,0.39,2026-03-17,805,N21,VIIRS,n,2.0NRT,303.81,7.11,D
14.40392,77.74671,336.32,0.38,0.36,2026-03-17,805,N21,VIIRS,l,2.0NRT,308.96,5.05,D
14.40447,77.75024,338.21,0.38,0.36,2026-03-17,805,N21,VIIRS,l,2.0NRT,309.89,5.05,D
14.40545,74.86503,339.24,0.45,0.39,2026-03-17,805,N21,VIIRS,n,2.0NRT,302.9,6.71,D
14.40593,74.86435,341.34,0.46,0.39,2026-03-17,805,N21,VIIRS,n,2.0NRT,302.67,7.11,D
14.43017,77.45208,343.87,0.39,0.36,2026-03-17,805,N21,VIIRS,l,2.0NRT,314.32,4.57,D
14.47699,78.99413,339.37,0.39,0.36,2026-03-17,805,N21,VIIRS,n,2.0NRT,312.63,21.48,D
14.4979,79.27375,344.13,0.4,0.37,2026-03-17,805,N21,VIIRS,n,2.0NRT,309.19,6.02,D
14.50743,74.88576,337.4,0.45,0.39,2026-03-17,805,N21,VIIRS,l,2.0NRT,305.63,10.72,D
14.55154,76.2158,342.6,0.41,0.37,2026-03-17,805,N21,VIIRS,l,2.0NRT,315.5,7.83,D
14.56262,78.18354,339.76,0.38,0.36,2026-03-17,805,N21,VIIRS,l,2.0NRT,311.77,5.85,D
14.5933,77.93531,339.08,0.38,0.36,2026-03-17,805,N21,VIIRS,l,2.0NRT,310.13,2.94,D
14.59709,78.84167,337.4,0.39,0.36,2026-03-17,805,N21,VIIRS,l,2.0NRT,310.25,5.84,D
14.59988,78.83758,337.56,0.39,0.36,2026-03-17,805,N21,VIIRS,l,2.0NRT,309.25,8.54,D
14.60041,78.84119,351.79,0.39,0.36,2026-03-17,805,N21,VIIRS,n,2.0NRT,310.47,5.84,D
14.64283,78.49049,350.7,0.39,0.36,2026-03-17,805,N21,VIIRS,n,2.0NRT,315.2,9.31,D
14.65181,78.84431,339.55,0.39,0.36,2026-03-17,805,N21,VIIRS,n,2.0NRT,309.17,6.96,D
14.67676,75.27537,346.8,0.43,0.38,2026-03-17,805,N21,VIIRS,n,2.0NRT,311.38,11.75,D
14.78626,75.11652,337.04,0.44,0.38,2026-03-17,805,N21,VIIRS,l,2.0NRT,309.3,5.51,D
14.87234,75.4203,344.13,0.43,0.38,2026-03-17,805,N21,VIIRS,n,2.0NRT,313.04,4.9,D
14.91731,76.26371,338.02,0.4,0.37,2026-03-17,805,N21,VIIRS,n,2.0NRT,308.93,3.65,D
14.93102,79.14577,344.21,0.4,0.37,2026-03-17,805,N21,VIIRS,n,2.0NRT,307.36,2.93,D
14.95403,79.61006,336.27,0.41,0.37,2026-03-17,805,N21,VIIRS,l,2.0NRT,306.7,2.55,D
14.96785,74.87666,332.86,0.45,0.39,2026-03-17,805,N21,VIIRS,l,2.0NRT,304.93,5.6,D
15.01577,78.82298,339.13,0.39,0.36,2026-03-17,805,N21,VIIRS,n,2.0NRT,308.88,5.48,D
15.01632,78.82661,345.27,0.39,0.36,2026-03-17,805,N21,VIIRS,n,2.0NRT,309.6,4.73,D
15.01686,78.83026,341.63,0.39,0.36,2026-03-17,805,N21,VIIRS,n,2.0NRT,310.95,4.73,D
15.03007,74.8363,335.23,0.45,0.39,2026-03-17,805,N21,VIIRS,l,2.0NRT,305.42,9.08,D
15.04467,78.65215,334.78,0.39,0.36,2026-03-17,805,N21,VIIRS,n,2.0NRT,307.97,2.37,D
15.07061,79.08173,346.92,0.4,0.37,2026-03-17,805,N21,VIIRS,n,2.0NRT,310.64,12.68,D
15.07395,79.08119,336.56,0.4,0.37,2026-03-17,805,N21,VIIRS,n,2.0NRT,307.12,2.26,D
15.07558,77.00778,349.1,0.39,0.36,2026-03-17,805,N21,VIIRS,n,2.0NRT,317.61,6.75,D
15.07729,79.08066,336.79,0.4,0.37,2026-03-17,805,N21,VIIRS,l,2.0NRT,307.37,2.26,D
15.08387,79.00912,335.64,0.4,0.37,2026-03-17,805,N21,VIIRS,l,2.0NRT,309.03,3.04,D
15.09164,76.89061,344.12,0.39,0.36,2026-03-17,805,N21,VIIRS,l,2.0NRT,314.65,5.99,D
15.12553,76.97684,341.81,0.39,0.36,2026-03-17,805,N21,VIIRS,l,2.0NRT,314.7,8.36,D
15.12931,78.76363,333.79,0.39,0.36,2026-03-17,805,N21,VIIRS,l,2.0NRT,306.57,6.09,D
15.13037,78.77077,338.58,0.39,0.36,2026-03-17,805,N21,VIIRS,n,2.0NRT,308.08,3.97,D
15.14312,78.76508,333.34,0.39,0.36,2026-03-17,805,N21,VIIRS,n,2.0NRT,307.25,1.66,D
15.16423,76.38054,347.24,0.4,0.37,2026-03-17,805,N21,VIIRS,n,2.0NRT,309.98,10.12,D
15.17273,76.69268,336.01,0.39,0.36,2026-03-17,805,N21,VIIRS,l,2.0NRT,309.27,2.72,D
15.1875,78.47161,336.24,0.39,0.36,2026-03-17,805,N21,VIIRS,n,2.0NRT,309.09,0.99,D
15.19069,78.65112,345.85,0.39,0.36,2026-03-17,805,N21,VIIRS,n,2.0NRT,305.28,4.86,D
15.20403,79.35998,335.14,0.4,0.37,2026-03-17,805,N21,VIIRS,l,2.0NRT,308.69,3.57,D
15.20834,78.65566,332.5,0.39,0.36,2026-03-17,805,N21,VIIRS,l,2.0NRT,303.36,4.71,D
15.21775,78.6505,347.4,0.39,0.36,2026-03-17,805,N21,VIIRS,n,2.0NRT,309.15,8.44,D
15.21829,78.6541,333.35,0.39,0.36,2026-03-17,805,N21,VIIRS,l,2.0NRT,305.55,5.21,D
15.21897,78.74959,342.19,0.39,0.36,2026-03-17,805,N21,VIIRS,n,2.0NRT,305.42,4.04,D
15.21935,78.66123,343.28,0.39,0.36,2026-03-17,805,N21,VIIRS,n,2.0NRT,307.91,6.38,D
15.21998,76.90625,347.31,0.39,0.36,2026-03-17,805,N21,VIIRS,l,2.0NRT,317.55,8.59,D
15.22337,78.75629,335.31,0.39,0.36,2026-03-17,805,N21,VIIRS,l,2.0NRT,306.69,2.92,D
15.2239,78.75986,333.03,0.39,0.36,2026-03-17,805,N21,VIIRS,l,2.0NRT,307.32,2.92,D
15.22838,78.74436,350.56,0.39,0.36,2026-03-17,805,N21,VIIRS,n,2.0NRT,307.45,5.58,D
15.22893,78.74802,340.39,0.39,0.36,2026-03-17,805,N21,VIIRS,n,2.0NRT,306.95,4.09,D
15.23115,78.74013,334.4,0.39,0.36,2026-03-17,805,N21,VIIRS,l,2.0NRT,305.27,5.58,D
15.2317,78.74382,356.28,0.39,0.36,2026-03-17,805,N21,VIIRS,n,2.0NRT,309.99,5.58,D
15.23225,78.74748,343.22,0.39,0.36,2026-03-17,805,N21,VIIRS,n,2.0NRT,307.23,4.09,D
15.2328,78.75113,336.58,0.39,0.36,2026-03-17,805,N21,VIIRS,n,2.0NRT,305.47,4.09,D
15.23431,76.73788,348.66,0.39,0.36,2026-03-17,805,N21,VIIRS,n,2.0NRT,313.69,8.49,D
15.23708,75.82125,347,0.41,0.37,2026-03-17,805,N21,VIIRS,n,2.0NRT,311.03,12.37,D
15.24755,79.33818,346.78,0.4,0.37,2026-03-17,805,N21,VIIRS,n,2.0NRT,310.13,8.68,D
15.25125,78.87474,336.84,0.39,0.36,2026-03-17,805,N21,VIIRS,l,2.0NRT,310.75,2.13,D
15.25416,78.87395,344.57,0.39,0.36,2026-03-17,805,N21,VIIRS,n,2.0NRT,312.59,5.81,D
15.2764,76.61549,337.21,0.39,0.36,2026-03-17,805,N21,VIIRS,l,2.0NRT,308.07,2.61,D
15.31364,79.16384,335,0.4,0.37,2026-03-17,805,N21,VIIRS,l,2.0NRT,306.01,6.38,D
15.31417,79.16749,333.25,0.4,0.37,2026-03-17,805,N21,VIIRS,l,2.0NRT,303.59,4.73,D
15.31971,74.13719,330.32,0.48,0.4,2026-03-17,805,N21,VIIRS,l,2.0NRT,303.52,2.87,D
15.4069,78.165,335.04,0.39,0.36,2026-03-17,805,N21,VIIRS,l,2.0NRT,309.67,1.79,D
15.41298,78.43119,348.59,0.39,0.36,2026-03-17,805,N21,VIIRS,n,2.0NRT,315.19,7.36,D
15.41629,78.43066,339.03,0.39,0.36,2026-03-17,805,N21,VIIRS,l,2.0NRT,312.45,7.36,D
15.41725,78.45988,343.77,0.39,0.36,2026-03-17,805,N21,VIIRS,n,2.0NRT,313.47,5.01,D
15.42404,78.75723,333.5,0.39,0.36,2026-03-17,805,N21,VIIRS,l,2.0NRT,306.33,3.44,D
15.43399,77.25452,338.65,0.39,0.36,2026-03-17,805,N21,VIIRS,l,2.0NRT,313.04,6.32,D
15.43903,78.62952,336.69,0.39,0.36,2026-03-17,805,N21,VIIRS,l,2.0NRT,310.03,4.92,D
15.45063,75.79284,343.66,0.41,0.37,2026-03-17,805,N21,VIIRS,n,2.0NRT,315.45,8.11,D
15.4513,74.83274,336.14,0.44,0.39,2026-03-17,805,N21,VIIRS,l,2.0NRT,309.4,4,D
15.45738,75.70596,343.74,0.41,0.37,2026-03-17,805,N21,VIIRS,l,2.0NRT,317.1,11.91,D
15.48537,74.64494,334.32,0.45,0.39,2026-03-17,805,N21,VIIRS,l,2.0NRT,306.13,5.76,D
15.49703,76.61065,340.85,0.39,0.36,2026-03-17,805,N21,VIIRS,l,2.0NRT,315.67,4.88,D
15.4976,76.61426,349.09,0.39,0.36,2026-03-17,805,N21,VIIRS,n,2.0NRT,316.37,4.88,D
15.51521,79.00863,336.18,0.4,0.37,2026-03-17,805,N21,VIIRS,n,2.0NRT,304.93,1.27,D
15.52503,80.02324,341.09,0.43,0.38,2026-03-17,805,N21,VIIRS,n,2.0NRT,308.19,3.59,D
15.56077,76.99461,342.62,0.39,0.36,2026-03-17,805,N21,VIIRS,l,2.0NRT,313.86,6.35,D
15.56903,80.04096,330.03,0.43,0.38,2026-03-17,805,N21,VIIRS,l,2.0NRT,304.62,1.18,D
15.5717,76.76105,348.67,0.39,0.36,2026-03-17,805,N21,VIIRS,n,2.0NRT,316.75,9.08,D
15.57501,76.76049,342.14,0.39,0.36,2026-03-17,805,N21,VIIRS,n,2.0NRT,311.33,9.08,D
15.58875,78.65335,337.36,0.39,0.36,2026-03-17,805,N21,VIIRS,n,2.0NRT,306.37,2.75,D
15.58928,78.65691,333.31,0.39,0.36,2026-03-17,805,N21,VIIRS,l,2.0NRT,305.09,2.75,D
15.59558,77.08772,341.06,0.39,0.36,2026-03-17,805,N21,VIIRS,l,2.0NRT,312.76,6.57,D
15.59935,74.82861,335.17,0.44,0.39,2026-03-17,805,N21,VIIRS,l,2.0NRT,308.65,4.29,D
15.60043,74.82931,339.52,0.44,0.39,2026-03-17,805,N21,VIIRS,n,2.0NRT,308.61,4.8,D
15.60175,76.7562,342.97,0.39,0.36,2026-03-17,805,N21,VIIRS,n,2.0NRT,304.72,3.95,D
15.61177,79.29317,337.92,0.4,0.37,2026-03-17,805,N21,VIIRS,n,2.0NRT,307.75,4.52,D
15.6461,78.69606,331.98,0.39,0.36,2026-03-17,805,N21,VIIRS,l,2.0NRT,303.05,2.75,D
15.64889,78.69191,333.69,0.39,0.36,2026-03-17,805,N21,VIIRS,n,2.0NRT,303.74,2.34,D
15.65472,80.00475,333.26,0.43,0.38,2026-03-17,805,N21,VIIRS,l,2.0NRT,304.16,1.41,D
15.65766,78.70515,331.64,0.39,0.36,2026-03-17,805,N21,VIIRS,l,2.0NRT,306.01,4.89,D
15.65819,78.70872,338.48,0.39,0.36,2026-03-17,805,N21,VIIRS,n,2.0NRT,303.47,2.79,D
15.66151,78.70818,333.27,0.39,0.36,2026-03-17,805,N21,VIIRS,l,2.0NRT,304.22,2.79,D
15.7117,77.93175,338.75,0.38,0.36,2026-03-17,805,N21,VIIRS,l,2.0NRT,313.58,5.43,D
15.71363,78.51104,333.55,0.39,0.36,2026-03-17,805,N21,VIIRS,n,2.0NRT,303.69,1.32,D
15.72233,73.84922,336.81,0.49,0.4,2026-03-17,805,N21,VIIRS,n,2.0NRT,305.74,3.8,D
15.72523,73.84404,339.84,0.49,0.4,2026-03-17,805,N21,VIIRS,n,2.0NRT,304.58,6.98,D
15.72602,73.84867,337.25,0.49,0.4,2026-03-17,805,N21,VIIRS,n,2.0NRT,303.84,3.8,D
15.73621,79.23549,338.11,0.4,0.37,2026-03-17,805,N21,VIIRS,l,2.0NRT,310.28,6.46,D
15.74584,79.21848,338.93,0.4,0.37,2026-03-17,805,N21,VIIRS,l,2.0NRT,310.51,7.94,D
15.77047,74.97836,338.02,0.44,0.38,2026-03-17,805,N21,VIIRS,l,2.0NRT,312.18,10.46,D
15.78977,78.27004,342.93,0.39,0.36,2026-03-17,805,N21,VIIRS,l,2.0NRT,314.61,6.09,D
15.79636,77.9729,339.01,0.39,0.36,2026-03-17,805,N21,VIIRS,l,2.0NRT,312.44,5.9,D
15.80982,79.02121,353.32,0.4,0.37,2026-03-17,805,N21,VIIRS,n,2.0NRT,307.72,8.75,D
15.81038,79.02496,343.02,0.4,0.37,2026-03-17,805,N21,VIIRS,n,2.0NRT,303.34,8.75,D
15.81093,79.02872,346.32,0.4,0.37,2026-03-17,805,N21,VIIRS,n,2.0NRT,306.42,4.26,D
15.81148,79.03241,330.37,0.4,0.37,2026-03-17,805,N21,VIIRS,l,2.0NRT,303.29,4.26,D
15.81318,79.02074,346.9,0.4,0.37,2026-03-17,805,N21,VIIRS,n,2.0NRT,305.23,13.75,D
15.81368,79.04729,335.32,0.4,0.37,2026-03-17,805,N21,VIIRS,n,2.0NRT,302.76,2.8,D
15.81429,79.02821,333.45,0.4,0.37,2026-03-17,805,N21,VIIRS,n,2.0NRT,303.26,3.7,D
15.81483,79.03191,338.25,0.4,0.37,2026-03-17,805,N21,VIIRS,n,2.0NRT,303.93,3.7,D
15.81538,79.03562,334.19,0.4,0.37,2026-03-17,805,N21,VIIRS,n,2.0NRT,302.64,2.63,D
15.81593,79.03934,335.21,0.4,0.37,2026-03-17,805,N21,VIIRS,n,2.0NRT,303.39,2.63,D
15.82998,78.83757,347.96,0.4,0.37,2026-03-17,805,N21,VIIRS,n,2.0NRT,302.21,3.65,D
15.83332,78.83701,338.42,0.4,0.37,2026-03-17,805,N21,VIIRS,n,2.0NRT,303.62,2.81,D
15.8334,79.02464,352.62,0.4,0.37,2026-03-17,805,N21,VIIRS,n,2.0NRT,311.1,16.7,D
15.83394,79.02831,332.16,0.4,0.37,2026-03-17,805,N21,VIIRS,l,2.0NRT,305.04,16.7,D
15.83461,79.00937,352.58,0.4,0.37,2026-03-17,805,N21,VIIRS,n,2.0NRT,308.34,10.09,D
15.83514,79.01305,330.5,0.4,0.37,2026-03-17,805,N21,VIIRS,l,2.0NRT,304.41,10.09,D
15.83568,79.01675,342.02,0.4,0.37,2026-03-17,805,N21,VIIRS,n,2.0NRT,304.81,7.42,D
15.83742,79.0052,334.7,0.4,0.37,2026-03-17,805,N21,VIIRS,n,2.0NRT,302.39,3.02,D
15.83796,79.00886,339.26,0.4,0.37,2026-03-17,805,N21,VIIRS,l,2.0NRT,313.92,39.35,D
15.83849,79.01254,343.8,0.4,0.37,2026-03-17,805,N21,VIIRS,n,2.0NRT,308.76,39.35,D
15.83903,79.01625,334.01,0.4,0.37,2026-03-17,805,N21,VIIRS,n,2.0NRT,302.74,9.5,D
15.85034,74.80263,337.41,0.44,0.38,2026-03-17,805,N21,VIIRS,l,2.0NRT,311.49,5.13,D
15.85458,78.29293,337.34,0.39,0.36,2026-03-17,805,N21,VIIRS,l,2.0NRT,311.87,2.92,D
15.86396,78.28775,348.66,0.39,0.36,2026-03-17,805,N21,VIIRS,n,2.0NRT,315.11,9.19,D
15.87528,77.90851,339.53,0.38,0.36,2026-03-17,805,N21,VIIRS,l,2.0NRT,313.94,6.61,D
15.87582,77.91206,339.52,0.38,0.36,2026-03-17,805,N21,VIIRS,l,2.0NRT,313.59,6.61,D
15.90843,79.40074,330.71,0.41,0.37,2026-03-17,805,N21,VIIRS,l,2.0NRT,305.57,2.07,D
15.93512,78.69784,330.31,0.39,0.36,2026-03-17,805,N21,VIIRS,l,2.0NRT,303.92,2.5,D
15.93566,78.70147,341.57,0.39,0.36,2026-03-17,805,N21,VIIRS,n,2.0NRT,309.14,6.26,D
15.9362,78.7051,340.79,0.39,0.36,2026-03-17,805,N21,VIIRS,n,2.0NRT,309.25,6.26,D
15.93674,78.70874,334.73,0.39,0.36,2026-03-17,805,N21,VIIRS,l,2.0NRT,306.52,2.24,D
15.94007,78.70823,335,0.39,0.36,2026-03-17,805,N21,VIIRS,l,2.0NRT,306.29,2.24,D
15.94476,79.11504,336.15,0.4,0.37,2026-03-17,805,N21,VIIRS,l,2.0NRT,306.58,1.74,D
15.94775,78.5994,347.69,0.39,0.36,2026-03-17,805,N21,VIIRS,n,2.0NRT,310.85,9.83,D
15.95045,74.16969,332.01,0.47,0.4,2026-03-17,805,N21,VIIRS,l,2.0NRT,305,4.07,D
15.95114,78.71401,348.55,0.39,0.36,2026-03-17,805,N21,VIIRS,n,2.0NRT,307.61,8,D
15.95736,78.68702,338.25,0.39,0.36,2026-03-17,805,N21,VIIRS,n,2.0NRT,307.88,3.4,D
15.96349,78.2934,347.8,0.39,0.36,2026-03-17,805,N21,VIIRS,n,2.0NRT,311.46,11.75,D
15.98219,78.71657,346.5,0.39,0.36,2026-03-17,805,N21,VIIRS,n,2.0NRT,304.25,5.68,D
15.98273,78.72022,342.03,0.39,0.36,2026-03-17,805,N21,VIIRS,n,2.0NRT,304.26,5.68,D
15.98543,78.7384,335.88,0.39,0.37,2026-03-17,805,N21,VIIRS,l,2.0NRT,307.26,4.67,D
15.98551,78.71603,339.31,0.39,0.36,2026-03-17,805,N21,VIIRS,n,2.0NRT,305.15,7.58,D
15.9859,79.28079,334.47,0.41,0.37,2026-03-17,805,N21,VIIRS,l,2.0NRT,305.88,4.72,D
15.98597,78.74203,332.23,0.39,0.37,2026-03-17,805,N21,VIIRS,l,2.0NRT,304.68,4.67,D
15.98605,78.71967,343.07,0.39,0.36,2026-03-17,805,N21,VIIRS,n,2.0NRT,308.16,7.58,D
15.98643,79.28452,341.85,0.41,0.37,2026-03-17,805,N21,VIIRS,n,2.0NRT,307.06,6.79,D
15.9866,78.72331,331.34,0.39,0.36,2026-03-17,805,N21,VIIRS,l,2.0NRT,303.6,6.12,D
15.98768,78.73061,345.68,0.39,0.36,2026-03-17,805,N21,VIIRS,n,2.0NRT,306.33,7.28,D
15.98992,78.72276,338.87,0.39,0.36,2026-03-17,805,N21,VIIRS,n,2.0NRT,305.88,6.12,D
15.99047,78.72641,340.14,0.39,0.36,2026-03-17,805,N21,VIIRS,l,2.0NRT,310.32,6.12,D
15.99101,78.73006,349.05,0.39,0.36,2026-03-17,805,N21,VIIRS,n,2.0NRT,310.72,7.28,D
15.99155,78.7337,336.81,0.39,0.37,2026-03-17,805,N21,VIIRS,l,2.0NRT,308.16,7.28,D
15.99337,75.09203,342.79,0.43,0.38,2026-03-17,805,N21,VIIRS,n,2.0NRT,312.07,6.04,D
15.99362,78.77061,335.14,0.39,0.37,2026-03-17,805,N21,VIIRS,n,2.0NRT,305.75,1.73,D
15.99401,78.72921,341.73,0.39,0.37,2026-03-17,805,N21,VIIRS,n,2.0NRT,307.68,5.2,D
15.99414,78.70686,339.75,0.39,0.36,2026-03-17,805,N21,VIIRS,n,2.0NRT,303.96,9.68,D
15.99858,79.0831,334.88,0.4,0.37,2026-03-17,805,N21,VIIRS,n,2.0NRT,308.36,2.11,D
15.99912,79.08678,334.34,0.4,0.37,2026-03-17,805,N21,VIIRS,n,2.0NRT,305.29,2.11,D
16.01851,78.45778,332.82,0.39,0.36,2026-03-17,805,N21,VIIRS,l,2.0NRT,306.84,1.59,D
16.03214,78.87346,341.5,0.4,0.37,2026-03-17,805,N21,VIIRS,n,2.0NRT,306.45,4.01,D
16.03801,79.35413,338.47,0.41,0.37,2026-03-17,805,N21,VIIRS,n,2.0NRT,306.7,10.06,D
16.05504,74.48351,346.92,0.45,0.39,2026-03-17,805,N21,VIIRS,n,2.0NRT,311.76,11.33,D
16.06301,78.68867,335.83,0.39,0.36,2026-03-17,805,N21,VIIRS,l,2.0NRT,308.13,3.48,D
16.06315,76.03663,341.45,0.4,0.37,2026-03-17,805,N21,VIIRS,l,2.0NRT,312.64,8.63,D
16.06824,74.56264,338.01,0.45,0.39,2026-03-17,805,N21,VIIRS,l,2.0NRT,312.97,3.41,D
16.07755,74.94205,336.29,0.43,0.38,2026-03-17,805,N21,VIIRS,n,2.0NRT,309.8,2.79,D
16.09068,79.22968,341.75,0.41,0.37,2026-03-17,805,N21,VIIRS,n,2.0NRT,309.52,5.62,D
16.0931,78.5713,341.34,0.39,0.36,2026-03-17,805,N21,VIIRS,n,2.0NRT,306.53,4.95,D
16.0935,79.22527,342.76,0.41,0.37,2026-03-17,805,N21,VIIRS,n,2.0NRT,305.93,3.23,D
16.0945,78.87872,334.24,0.4,0.37,2026-03-17,805,N21,VIIRS,l,2.0NRT,306.26,4.12,D
16.09505,78.88248,334.81,0.4,0.37,2026-03-17,805,N21,VIIRS,l,2.0NRT,305.4,4.12,D
16.09588,78.56705,338.99,0.39,0.36,2026-03-17,805,N21,VIIRS,n,2.0NRT,308.91,7.29,D
16.09667,79.27132,339.28,0.41,0.37,2026-03-17,805,N21,VIIRS,l,2.0NRT,309.56,3.15,D
16.09699,74.23721,337.12,0.46,0.39,2026-03-17,805,N21,VIIRS,l,2.0NRT,311.67,4.77,D
16.10118,78.87761,335.45,0.4,0.37,2026-03-17,805,N21,VIIRS,l,2.0NRT,307.56,3.8,D
16.10219,74.00443,341.59,0.48,0.4,2026-03-17,805,N21,VIIRS,n,2.0NRT,304.81,8.41,D
16.1034,78.86953,341.76,0.4,0.37,2026-03-17,805,N21,VIIRS,n,2.0NRT,308.82,6.97,D
16.10452,78.87708,347.29,0.4,0.37,2026-03-17,805,N21,VIIRS,n,2.0NRT,309.52,5.68,D
16.10619,78.86527,340.18,0.4,0.37,2026-03-17,805,N21,VIIRS,n,2.0NRT,308.09,4.06,D
16.10787,78.87659,334.33,0.4,0.37,2026-03-17,805,N21,VIIRS,l,2.0NRT,304.47,5.68,D
16.10954,78.86475,339.29,0.4,0.37,2026-03-17,805,N21,VIIRS,n,2.0NRT,304.85,4.65,D
16.11009,78.86847,355.78,0.4,0.37,2026-03-17,805,N21,VIIRS,n,2.0NRT,310.98,14.25,D
16.11065,78.87224,350.29,0.4,0.37,2026-03-17,805,N21,VIIRS,n,2.0NRT,307.64,14.25,D
16.11251,77.81462,340.27,0.38,0.36,2026-03-17,805,N21,VIIRS,l,2.0NRT,313.45,5.7,D
16.11288,78.86422,330.98,0.4,0.37,2026-03-17,805,N21,VIIRS,l,2.0NRT,303.57,4.65,D
16.11312,78.54576,343.99,0.39,0.36,2026-03-17,805,N21,VIIRS,n,2.0NRT,305.5,5.39,D
16.11344,78.86797,345.76,0.4,0.37,2026-03-17,805,N21,VIIRS,n,2.0NRT,303.85,14.25,D
16.11592,78.54168,339.09,0.39,0.36,2026-03-17,805,N21,VIIRS,n,2.0NRT,306.49,11.7,D
16.11805,78.55609,337.59,0.39,0.36,2026-03-17,805,N21,VIIRS,n,2.0NRT,305.82,3.09,D
16.11924,78.54121,345.31,0.39,0.36,2026-03-17,805,N21,VIIRS,n,2.0NRT,309.03,11.7,D
16.12138,78.55558,332.77,0.39,0.36,2026-03-17,805,N21,VIIRS,l,2.0NRT,304.64,3.09,D
16.12382,79.3637,338.12,0.41,0.37,2026-03-17,805,N21,VIIRS,n,2.0NRT,305.1,0.87,D
16.12523,78.55863,338.34,0.39,0.36,2026-03-17,805,N21,VIIRS,n,2.0NRT,304.94,4.44,D
16.13111,74.74589,339,0.44,0.38,2026-03-17,805,N21,VIIRS,n,2.0NRT,309.96,4.27,D
16.13186,78.55755,331.92,0.39,0.36,2026-03-17,805,N21,VIIRS,l,2.0NRT,304.83,4.27,D
16.13219,74.74605,343.95,0.44,0.38,2026-03-17,805,N21,VIIRS,n,2.0NRT,310.56,4.48,D
16.14569,78.5591,344.25,0.39,0.36,2026-03-17,805,N21,VIIRS,n,2.0NRT,305.57,3.36,D
16.14901,78.55859,332.01,0.39,0.36,2026-03-17,805,N21,VIIRS,l,2.0NRT,306.2,3.36,D
16.1564,78.51684,331.72,0.39,0.36,2026-03-17,805,N21,VIIRS,l,2.0NRT,302.96,3,D
16.15693,78.52044,336.86,0.39,0.36,2026-03-17,805,N21,VIIRS,n,2.0NRT,304.5,3,D
16.159,78.69501,338.02,0.39,0.37,2026-03-17,805,N21,VIIRS,n,2.0NRT,306.5,3.56,D
16.16046,79.21086,342.51,0.41,0.37,2026-03-17,805,N21,VIIRS,n,2.0NRT,306.8,6.49,D
16.16321,78.60841,333.12,0.39,0.36,2026-03-17,805,N21,VIIRS,l,2.0NRT,306.16,1.54,D
16.16374,78.61202,340.29,0.39,0.36,2026-03-17,805,N21,VIIRS,n,2.0NRT,308.25,3.34,D
16.16384,79.21034,342.39,0.41,0.37,2026-03-17,805,N21,VIIRS,n,2.0NRT,304.75,6.49,D
16.16611,79.20232,337.09,0.41,0.37,2026-03-17,805,N21,VIIRS,n,2.0NRT,304.93,3.47,D
16.16707,78.61148,335.01,0.39,0.36,2026-03-17,805,N21,VIIRS,l,2.0NRT,305.65,1.26,D
16.17387,79.19727,337.7,0.41,0.37,2026-03-17,805,N21,VIIRS,l,2.0NRT,307.91,3.43,D
16.17625,78.67342,354.25,0.39,0.36,2026-03-17,805,N21,VIIRS,n,2.0NRT,308.8,5.45,D
16.17679,78.67705,342.46,0.39,0.36,2026-03-17,805,N21,VIIRS,n,2.0NRT,307.43,3.69,D
16.17958,78.67289,337.62,0.39,0.36,2026-03-17,805,N21,VIIRS,n,2.0NRT,306.77,5.45,D
16.18012,78.67653,334.76,0.39,0.36,2026-03-17,805,N21,VIIRS,l,2.0NRT,308.85,3.69,D
16.18345,78.676,346.59,0.39,0.36,2026-03-17,805,N21,VIIRS,n,2.0NRT,309.67,4.17,D
16.18399,78.67965,334.59,0.39,0.36,2026-03-17,805,N21,VIIRS,l,2.0NRT,307.19,4.17,D
16.18535,74.24448,347.36,0.46,0.39,2026-03-17,805,N21,VIIRS,n,2.0NRT,314.07,6.68,D
16.18612,78.717,333.82,0.39,0.37,2026-03-17,805,N21,VIIRS,l,2.0NRT,308.24,7.42,D
16.18665,78.7206,340.9,0.39,0.37,2026-03-17,805,N21,VIIRS,n,2.0NRT,308.09,7.8,D
16.18678,78.67548,338.25,0.39,0.36,2026-03-17,805,N21,VIIRS,n,2.0NRT,307.45,4.17,D
16.18944,78.71643,334.32,0.39,0.37,2026-03-17,805,N21,VIIRS,l,2.0NRT,307.89,5.93,D
16.18997,78.72002,335.66,0.39,0.37,2026-03-17,805,N21,VIIRS,l,2.0NRT,308.52,8,D
16.22364,78.46553,337.94,0.39,0.36,2026-03-17,805,N21,VIIRS,l,2.0NRT,309.5,6.16,D
16.23171,78.51993,338.63,0.39,0.36,2026-03-17,805,N21,VIIRS,l,2.0NRT,311.45,4.63,D
16.2467,79.27087,334.58,0.41,0.37,2026-03-17,805,N21,VIIRS,n,2.0NRT,305.7,3.17,D
16.26851,74.07104,336.79,0.47,0.4,2026-03-17,805,N21,VIIRS,n,2.0NRT,306.94,4.7,D
16.26968,74.18584,339.18,0.46,0.39,2026-03-17,805,N21,VIIRS,n,2.0NRT,313.2,3.98,D
16.26995,74.07941,336.23,0.47,0.4,2026-03-17,805,N21,VIIRS,n,2.0NRT,310.13,4.56,D
16.274,74.18948,342,0.46,0.39,2026-03-17,805,N21,VIIRS,n,2.0NRT,310.96,5.03,D
16.27879,78.65398,330.56,0.39,0.36,2026-03-17,805,N21,VIIRS,n,2.0NRT,298.2,2.83,D
16.28264,74.1752,346.41,0.47,0.39,2026-03-17,805,N21,VIIRS,n,2.0NRT,309.32,8.6,D
16.2862,74.17445,343.06,0.47,0.39,2026-03-17,805,N21,VIIRS,n,2.0NRT,310.56,6.31,D
16.30386,74.06055,341.33,0.47,0.4,2026-03-17,805,N21,VIIRS,n,2.0NRT,308.68,6.86,D
16.31875,78.80884,333.51,0.4,0.37,2026-03-17,805,N21,VIIRS,n,2.0NRT,300.87,3.57,D
16.33151,78.8257,331.45,0.4,0.37,2026-03-17,805,N21,VIIRS,l,2.0NRT,302.23,1.93,D
16.33735,78.82452,330.54,0.4,0.37,2026-03-17,805,N21,VIIRS,l,2.0NRT,302.27,4.74,D
16.34069,78.82396,336.26,0.4,0.37,2026-03-17,805,N21,VIIRS,n,2.0NRT,302.25,4.15,D
16.34403,78.82342,344.36,0.4,0.37,2026-03-17,805,N21,VIIRS,n,2.0NRT,302.79,4.15,D
16.34737,78.82286,343.26,0.4,0.37,2026-03-17,805,N21,VIIRS,n,2.0NRT,306.59,15.82,D
16.35149,77.19794,341.42,0.38,0.36,2026-03-17,805,N21,VIIRS,n,2.0NRT,305.55,2.65,D
16.36426,77.79443,335.2,0.38,0.36,2026-03-17,805,N21,VIIRS,n,2.0NRT,298.6,4.62,D
16.3818,79.69853,331.85,0.42,0.38,2026-03-17,805,N21,VIIRS,l,2.0NRT,303.67,2.71,D
16.46533,80.97874,337.4,0.48,0.4,2026-03-17,805,N21,VIIRS,n,2.0NRT,303.94,3.81,D
16.48419,80.98049,330.84,0.48,0.4,2026-03-17,805,N21,VIIRS,l,2.0NRT,304.05,6.43,D
16.50672,77.60993,343.32,0.38,0.36,2026-03-17,805,N21,VIIRS,n,2.0NRT,301.94,5.7,D
16.5173,80.43511,331.45,0.45,0.39,2026-03-17,805,N21,VIIRS,l,2.0NRT,305.11,2.41,D
16.54684,80.97316,334.96,0.48,0.4,2026-03-17,805,N21,VIIRS,n,2.0NRT,299.91,4.95,D
16.55244,80.90443,335.68,0.47,0.4,2026-03-17,805,N21,VIIRS,n,2.0NRT,304.77,4.73,D
16.55533,77.70798,339.13,0.38,0.36,2026-03-17,805,N21,VIIRS,n,2.0NRT,305.56,4.14,D
16.57302,77.3756,342.37,0.38,0.36,2026-03-17,805,N21,VIIRS,n,2.0NRT,308.61,2.18,D
16.5741,78.28642,334.34,0.39,0.36,2026-03-17,805,N21,VIIRS,n,2.0NRT,303.46,2.49,D
16.57755,80.37568,335.85,0.45,0.39,2026-03-17,805,N21,VIIRS,n,2.0NRT,300.64,5.71,D
16.5791,80.96382,331.94,0.48,0.4,2026-03-17,805,N21,VIIRS,l,2.0NRT,303.28,1.82,D
16.59764,77.07534,338.36,0.38,0.36,2026-03-17,805,N21,VIIRS,l,2.0NRT,311.04,4.95,D
16.60469,73.79321,333.53,0.48,0.4,2026-03-17,805,N21,VIIRS,l,2.0NRT,306.91,3.72,D
16.61021,78.59744,333.86,0.39,0.37,2026-03-17,805,N21,VIIRS,l,2.0NRT,303.92,6.82,D
16.61354,78.59691,336.59,0.39,0.37,2026-03-17,805,N21,VIIRS,l,2.0NRT,308.24,12.49,D
16.67392,73.55927,352.93,0.49,0.41,2026-03-17,805,N21,VIIRS,n,2.0NRT,308.65,16.37,D
16.67761,73.55861,338.41,0.49,0.41,2026-03-17,805,N21,VIIRS,l,2.0NRT,309.97,7.07,D
16.67945,73.78988,341.73,0.48,0.4,2026-03-17,805,N21,VIIRS,n,2.0NRT,306.28,7.66,D
16.68961,77.49156,335.83,0.38,0.36,2026-03-17,805,N21,VIIRS,l,2.0NRT,309.71,5.74,D
16.69102,73.59283,337.01,0.49,0.4,2026-03-17,805,N21,VIIRS,n,2.0NRT,304.41,10.76,D
16.70343,78.79366,336.48,0.4,0.37,2026-03-17,805,N21,VIIRS,l,2.0NRT,309.83,2.85,D
16.70531,74.2853,338.17,0.45,0.39,2026-03-17,805,N21,VIIRS,n,2.0NRT,311.29,6.27,D
16.70575,74.28462,339.57,0.46,0.39,2026-03-17,805,N21,VIIRS,l,2.0NRT,311.15,6.34,D
16.71879,74.02,341.61,0.47,0.4,2026-03-17,805,N21,VIIRS,n,2.0NRT,307.44,7.4,D
16.71917,78.76079,344.87,0.4,0.37,2026-03-17,805,N21,VIIRS,n,2.0NRT,310.38,5.58,D
16.72167,74.01515,346.01,0.47,0.4,2026-03-17,805,N21,VIIRS,n,2.0NRT,305.32,6.02,D
16.7224,74.01945,342.78,0.47,0.4,2026-03-17,805,N21,VIIRS,n,2.0NRT,308.66,7.4,D
16.72313,74.0237,348.69,0.47,0.4,2026-03-17,805,N21,VIIRS,n,2.0NRT,308.75,7.4,D
16.72526,74.01448,344.7,0.47,0.4,2026-03-17,805,N21,VIIRS,n,2.0NRT,307.45,5.61,D
16.72669,74.02293,338.65,0.47,0.4,2026-03-17,805,N21,VIIRS,n,2.0NRT,306.64,5.39,D
16.73246,78.23036,332.61,0.39,0.36,2026-03-17,805,N21,VIIRS,l,2.0NRT,305,1.79,D
16.73904,74.0957,338.93,0.46,0.39,2026-03-17,805,N21,VIIRS,n,2.0NRT,305.96,6.32,D
16.77895,77.4586,334.01,0.38,0.36,2026-03-17,805,N21,VIIRS,n,2.0NRT,303.61,2.49,D
16.9043,76.48516,331.11,0.39,0.36,2026-03-17,805,N21,VIIRS,n,2.0NRT,296.09,29.44,D
16.98642,73.60404,331.99,0.49,0.4,2026-03-17,805,N21,VIIRS,l,2.0NRT,306.9,4.51,D
16.98719,73.60855,337.27,0.49,0.4,2026-03-17,805,N21,VIIRS,n,2.0NRT,306.29,3.97,D
16.99084,73.60785,336.56,0.49,0.4,2026-03-17,805,N21,VIIRS,l,2.0NRT,309.39,4.2,D
17.06442,74.49618,337.31,0.44,0.38,2026-03-17,805,N21,VIIRS,n,2.0NRT,311.45,2.21,D
17.07797,79.05711,338.33,0.41,0.37,2026-03-17,805,N21,VIIRS,n,2.0NRT,305.45,5.41,D
17.08251,77.25674,339,0.38,0.36,2026-03-17,805,N21,VIIRS,l,2.0NRT,311.92,3.96,D
17.09881,77.5918,335.73,0.38,0.36,2026-03-17,805,N21,VIIRS,l,2.0NRT,308.01,2.91,D
17.11163,79.53724,333.77,0.42,0.38,2026-03-17,805,N21,VIIRS,n,2.0NRT,302.39,3.53,D
17.15096,78.92943,330.19,0.4,0.37,2026-03-17,805,N21,VIIRS,l,2.0NRT,304.19,0.79,D
17.19878,78.12118,338.6,0.39,0.36,2026-03-17,805,N21,VIIRS,l,2.0NRT,312.35,4.91,D
17.20056,82.3611,338.52,0.39,0.44,2026-03-17,805,N21,VIIRS,n,2.0NRT,296.53,4.11,D
17.2027,74.27716,336.08,0.45,0.39,2026-03-17,805,N21,VIIRS,l,2.0NRT,308,1.98,D
17.22457,78.92602,336.21,0.4,0.37,2026-03-17,805,N21,VIIRS,n,2.0NRT,303.17,7.1,D
17.22635,77.60329,341.04,0.38,0.36,2026-03-17,805,N21,VIIRS,n,2.0NRT,310.78,7.09,D
17.23296,81.51601,330.4,0.52,0.41,2026-03-17,805,N21,VIIRS,l,2.0NRT,301.41,4.05,D
17.26853,81.37537,331.87,0.51,0.41,2026-03-17,805,N21,VIIRS,l,2.0NRT,302.27,2.69,D
17.30149,73.61893,333.26,0.48,0.4,2026-03-17,805,N21,VIIRS,l,2.0NRT,304.7,6.93,D
17.30621,73.34496,336.22,0.5,0.41,2026-03-17,805,N21,VIIRS,n,2.0NRT,307.53,7.08,D
17.30694,79.40774,336.12,0.42,0.38,2026-03-17,805,N21,VIIRS,n,2.0NRT,303.84,4.37,D
17.30776,73.34727,333.59,0.5,0.41,2026-03-17,805,N21,VIIRS,n,2.0NRT,303.6,3.29,D
17.30785,77.51232,336.15,0.38,0.36,2026-03-17,805,N21,VIIRS,l,2.0NRT,307.07,2.67,D
17.31235,78.24391,331.46,0.39,0.36,2026-03-17,805,N21,VIIRS,l,2.0NRT,306.41,1.79,D
17.31399,73.62616,342.81,0.48,0.4,2026-03-17,805,N21,VIIRS,n,2.0NRT,304.37,11.42,D
17.32043,77.5286,338.86,0.38,0.36,2026-03-17,805,N21,VIIRS,l,2.0NRT,310.15,6,D
17.32725,78.25273,344.93,0.39,0.36,2026-03-17,805,N21,VIIRS,n,2.0NRT,311.15,13.84,D
17.34332,73.84069,338.13,0.47,0.4,2026-03-17,805,N21,VIIRS,l,2.0NRT,313.05,6.51,D
17.35374,80.50513,332.45,0.46,0.39,2026-03-17,805,N21,VIIRS,n,2.0NRT,292.09,4.91,D
17.3604,81.08173,335.99,0.49,0.41,2026-03-17,805,N21,VIIRS,n,2.0NRT,303.15,8.16,D
17.36681,82.68857,332.98,0.41,0.45,2026-03-17,805,N21,VIIRS,n,2.0NRT,301.34,2.39,D
17.36918,81.14711,334.22,0.5,0.41,2026-03-17,805,N21,VIIRS,n,2.0NRT,304,13.7,D
17.3727,76.38939,342.54,0.39,0.36,2026-03-17,805,N21,VIIRS,l,2.0NRT,316.58,6.37,D
17.37368,77.71857,339.14,0.39,0.36,2026-03-17,805,N21,VIIRS,l,2.0NRT,310.41,6.62,D
17.41403,77.11269,338.22,0.38,0.36,2026-03-17,805,N21,VIIRS,l,2.0NRT,311.54,3.86,D
17.41458,77.11626,336.82,0.38,0.36,2026-03-17,805,N21,VIIRS,l,2.0NRT,310.09,3.88,D
17.42397,73.97466,344.34,0.46,0.39,2026-03-17,805,N21,VIIRS,n,2.0NRT,315.17,5.38,D
17.42555,77.54805,333.01,0.38,0.36,2026-03-17,805,N21,VIIRS,n,2.0NRT,302.81,1.73,D
17.45725,77.62375,335.91,0.39,0.36,2026-03-17,805,N21,VIIRS,l,2.0NRT,307.4,2.86,D
17.47476,75.23785,340.04,0.41,0.37,2026-03-17,805,N21,VIIRS,n,2.0NRT,313.76,5.46,D
17.48276,77.58607,334.09,0.39,0.36,2026-03-17,805,N21,VIIRS,l,2.0NRT,306.92,4.25,D
17.48857,77.92141,340.01,0.39,0.36,2026-03-17,805,N21,VIIRS,n,2.0NRT,308.66,10.12,D
17.50168,73.86863,344.62,0.47,0.39,2026-03-17,805,N21,VIIRS,n,2.0NRT,314.05,10.75,D
17.51485,76.57974,353.52,0.39,0.36,2026-03-17,805,N21,VIIRS,n,2.0NRT,313.46,11.41,D
17.51731,79.06643,336.42,0.41,0.37,2026-03-17,805,N21,VIIRS,l,2.0NRT,310.56,5,D
17.52056,81.07326,333.5,0.5,0.41,2026-03-17,805,N21,VIIRS,n,2.0NRT,300.76,6.07,D
17.52541,82.80055,340.36,0.42,0.45,2026-03-17,805,N21,VIIRS,n,2.0NRT,299.86,7.94,D
17.52548,79.29422,331.86,0.42,0.37,2026-03-17,805,N21,VIIRS,l,2.0NRT,302.94,4.13,D
17.52562,75.44418,341.09,0.41,0.37,2026-03-17,805,N21,VIIRS,n,2.0NRT,315.78,6.93,D
17.5267,82.79996,342.43,0.42,0.45,2026-03-17,805,N21,VIIRS,n,2.0NRT,299.96,7.58,D
17.55325,77.74035,337.7,0.39,0.36,2026-03-17,805,N21,VIIRS,l,2.0NRT,309.64,3.87,D
17.56253,79.4567,341.71,0.42,0.38,2026-03-17,805,N21,VIIRS,n,2.0NRT,307.76,3.88,D
17.56504,76.9693,345.21,0.38,0.36,2026-03-17,805,N21,VIIRS,n,2.0NRT,313.21,4.19,D
17.56559,76.97289,338.49,0.38,0.36,2026-03-17,805,N21,VIIRS,l,2.0NRT,311.78,3.14,D
17.56833,76.96874,338.49,0.38,0.36,2026-03-17,805,N21,VIIRS,l,2.0NRT,311.46,4.19,D
17.56888,76.97233,335.67,0.38,0.36,2026-03-17,805,N21,VIIRS,l,2.0NRT,310.41,3.14,D
17.57977,82.60162,336.48,0.4,0.45,2026-03-17,805,N21,VIIRS,n,2.0NRT,297.99,1.66,D
17.58157,73.60289,339.78,0.48,0.4,2026-03-17,805,N21,VIIRS,l,2.0NRT,314.42,33.1,D
17.58651,73.52377,341.18,0.48,0.4,2026-03-17,805,N21,VIIRS,l,2.0NRT,315.66,10.65,D
17.59338,81.93504,341.67,0.55,0.43,2026-03-17,805,N21,VIIRS,n,2.0NRT,299.83,8.26,D
17.59676,80.87058,335.05,0.49,0.4,2026-03-17,805,N21,VIIRS,l,2.0NRT,305.99,3.51,D
17.59743,74.44166,336.74,0.44,0.38,2026-03-17,805,N21,VIIRS,l,2.0NRT,311.61,1.77,D
17.59762,80.87368,330.85,0.49,0.4,2026-03-17,805,N21,VIIRS,l,2.0NRT,304.8,3.91,D
17.60044,80.87005,339.31,0.49,0.4,2026-03-17,805,N21,VIIRS,n,2.0NRT,306.49,10.01,D
17.60067,80.86861,341.07,0.49,0.4,2026-03-17,805,N21,VIIRS,n,2.0NRT,306.89,10.66,D
17.60126,80.4353,338.59,0.46,0.39,2026-03-17,805,N21,VIIRS,n,2.0NRT,305.26,6.15,D
17.60661,79.7192,333.96,0.43,0.38,2026-03-17,805,N21,VIIRS,n,2.0NRT,302,7.37,D
17.60771,79.20663,331.56,0.41,0.37,2026-03-17,805,N21,VIIRS,l,2.0NRT,303.57,2.87,D
17.60885,83.20536,331.46,0.44,0.46,2026-03-17,805,N21,VIIRS,n,2.0NRT,298.18,6.93,D
17.61527,76.93888,339.86,0.38,0.36,2026-03-17,805,N21,VIIRS,l,2.0NRT,312.44,4.1,D
17.61555,73.96249,343.22,0.46,0.39,2026-03-17,805,N21,VIIRS,l,2.0NRT,314.76,20.36,D
17.63123,80.49281,335.99,0.47,0.39,2026-03-17,805,N21,VIIRS,n,2.0NRT,304.49,4.24,D
17.63599,80.42113,339.53,0.46,0.39,2026-03-17,805,N21,VIIRS,n,2.0NRT,305.07,5.34,D
17.63958,80.42062,334.94,0.46,0.39,2026-03-17,805,N21,VIIRS,n,2.0NRT,304.83,5.34,D
17.64834,74.43726,342.85,0.44,0.38,2026-03-17,805,N21,VIIRS,n,2.0NRT,315.11,7.28,D
17.64848,75.3797,337.54,0.41,0.37,2026-03-17,805,N21,VIIRS,l,2.0NRT,312.25,2.91,D
17.65032,81.94096,332.89,0.56,0.43,2026-03-17,805,N21,VIIRS,n,2.0NRT,297.79,2.48,D
17.65275,79.32702,335.78,0.42,0.38,2026-03-17,805,N21,VIIRS,n,2.0NRT,302.17,1.83,D
17.66676,82.28079,339.33,0.39,0.44,2026-03-17,805,N21,VIIRS,n,2.0NRT,297.08,8.08,D
17.66677,79.40111,335.88,0.42,0.38,2026-03-17,805,N21,VIIRS,n,2.0NRT,302.23,2.43,D
17.66786,80.84169,337.71,0.48,0.4,2026-03-17,805,N21,VIIRS,n,2.0NRT,307.58,6.06,D
17.68143,80.5537,335.18,0.47,0.4,2026-03-17,805,N21,VIIRS,n,2.0NRT,303.31,3.85,D
17.69366,82.41542,330.69,0.4,0.44,2026-03-17,805,N21,VIIRS,n,2.0NRT,297.32,2.92,D
17.69523,82.07331,332.59,0.57,0.43,2026-03-17,805,N21,VIIRS,n,2.0NRT,300.55,3.65,D
17.70912,82.4408,339.16,0.4,0.44,2026-03-17,805,N21,VIIRS,n,2.0NRT,299.6,5.04,D
17.71055,77.76601,340.3,0.39,0.36,2026-03-17,805,N21,VIIRS,l,2.0NRT,310.71,8.48,D
17.71307,82.43946,343.84,0.4,0.44,2026-03-17,805,N21,VIIRS,n,2.0NRT,297.5,5.04,D
17.71558,80.98096,344.71,0.49,0.41,2026-03-17,805,N21,VIIRS,n,2.0NRT,305.6,16.14,D
17.7173,80.98359,336.99,0.49,0.41,2026-03-17,805,N21,VIIRS,n,2.0NRT,305.3,14.22,D
17.71883,80.16265,334.99,0.45,0.39,2026-03-17,805,N21,VIIRS,n,2.0NRT,300.86,2.04,D
17.72239,80.1621,343.81,0.45,0.39,2026-03-17,805,N21,VIIRS,n,2.0NRT,302.29,7.22,D
17.72593,80.16154,332.01,0.45,0.39,2026-03-17,805,N21,VIIRS,n,2.0NRT,300.9,7.22,D
17.73221,75.73553,339.46,0.4,0.37,2026-03-17,805,N21,VIIRS,l,2.0NRT,314.16,3.32,D
17.73257,80.26434,340.98,0.46,0.39,2026-03-17,805,N21,VIIRS,n,2.0NRT,307.43,6.99,D
17.73317,80.2625,337.14,0.46,0.39,2026-03-17,805,N21,VIIRS,n,2.0NRT,306.82,8.74,D
17.73814,80.61742,344.78,0.47,0.4,2026-03-17,805,N21,VIIRS,n,2.0NRT,307.4,7.45,D
17.75218,81.18342,337.35,0.51,0.41,2026-03-17,805,N21,VIIRS,n,2.0NRT,305.16,6.29,D
17.75297,81.18051,340.54,0.51,0.41,2026-03-17,805,N21,VIIRS,n,2.0NRT,304.44,6.27,D
17.75834,73.42902,340.08,0.48,0.4,2026-03-17,805,N21,VIIRS,l,2.0NRT,312.57,3.72,D
17.75853,73.43,338.75,0.48,0.4,2026-03-17,805,N21,VIIRS,l,2.0NRT,312.39,3.98,D
17.7603,80.14772,336.61,0.45,0.39,2026-03-17,805,N21,VIIRS,n,2.0NRT,304.56,7.1,D
17.76188,80.2122,331.84,0.45,0.39,2026-03-17,805,N21,VIIRS,n,2.0NRT,301.43,3.02,D
17.76409,80.53693,331.13,0.47,0.4,2026-03-17,805,N21,VIIRS,l,2.0NRT,302.51,1.55,D
17.76791,77.4902,335.83,0.38,0.36,2026-03-17,805,N21,VIIRS,l,2.0NRT,308.96,1.76,D
17.77104,80.77694,334.29,0.48,0.4,2026-03-17,805,N21,VIIRS,n,2.0NRT,302.54,3.08,D
17.77346,80.76727,346.75,0.48,0.4,2026-03-17,805,N21,VIIRS,n,2.0NRT,304.59,10.86,D
17.78121,80.71483,330.61,0.48,0.4,2026-03-17,805,N21,VIIRS,l,2.0NRT,301.32,3.32,D
17.78889,80.35667,341.9,0.46,0.39,2026-03-17,805,N21,VIIRS,n,2.0NRT,303.32,9.71,D
17.78929,80.46785,335.15,0.47,0.39,2026-03-17,805,N21,VIIRS,l,2.0NRT,305.94,4.1,D
17.78943,80.38753,336.35,0.46,0.39,2026-03-17,805,N21,VIIRS,n,2.0NRT,306.3,3.34,D
17.79045,80.15602,330.57,0.45,0.39,2026-03-17,805,N21,VIIRS,l,2.0NRT,301.71,3.66,D
17.79104,80.16021,335.2,0.45,0.39,2026-03-17,805,N21,VIIRS,n,2.0NRT,303.46,6.71,D
17.79289,80.4673,337.97,0.47,0.39,2026-03-17,805,N21,VIIRS,n,2.0NRT,307.58,6.23,D
17.79509,80.21574,337.53,0.45,0.39,2026-03-17,805,N21,VIIRS,n,2.0NRT,304.11,7.14,D
17.79601,80.38197,330.27,0.46,0.39,2026-03-17,805,N21,VIIRS,l,2.0NRT,304.81,5.85,D
17.79913,82.59734,330.94,0.41,0.45,2026-03-17,805,N21,VIIRS,l,2.0NRT,301.92,3.95,D
17.8003,78.79227,337.78,0.4,0.37,2026-03-17,805,N21,VIIRS,l,2.0NRT,308.85,2.16,D
17.8009,80.63696,336.72,0.48,0.4,2026-03-17,805,N21,VIIRS,n,2.0NRT,305.15,6.4,D
17.8029,80.14123,334.85,0.45,0.39,2026-03-17,805,N21,VIIRS,n,2.0NRT,303.38,5.83,D
17.80627,80.27027,335.73,0.46,0.39,2026-03-17,805,N21,VIIRS,l,2.0NRT,305.94,5.77,D
17.80788,80.49635,339.18,0.47,0.4,2026-03-17,805,N21,VIIRS,n,2.0NRT,306.81,5.19,D
17.80814,78.79877,339.38,0.4,0.37,2026-03-17,805,N21,VIIRS,n,2.0NRT,308.49,4.66,D
17.80847,80.50072,335.77,0.47,0.4,2026-03-17,805,N21,VIIRS,n,2.0NRT,305.32,4.2,D
17.80934,80.21354,330.72,0.45,0.39,2026-03-17,805,N21,VIIRS,l,2.0NRT,304.96,3.57,D
17.81355,80.06221,331.03,0.45,0.39,2026-03-17,805,N21,VIIRS,l,2.0NRT,303.44,3.58,D
17.81365,80.06308,341.8,0.45,0.39,2026-03-17,805,N21,VIIRS,n,2.0NRT,304.03,6.75,D
17.81389,82.58285,341.49,0.41,0.45,2026-03-17,805,N21,VIIRS,n,2.0NRT,300.1,7.2,D
17.81414,80.06641,335.47,0.45,0.39,2026-03-17,805,N21,VIIRS,n,2.0NRT,304.79,3.58,D
17.81563,82.62861,334.58,0.41,0.45,2026-03-17,805,N21,VIIRS,n,2.0NRT,298.95,5.34,D
17.81616,82.63276,339.74,0.41,0.45,2026-03-17,805,N21,VIIRS,n,2.0NRT,298.87,5.34,D
17.81637,80.42358,336.56,0.46,0.39,2026-03-17,805,N21,VIIRS,n,2.0NRT,304.64,4.47,D
17.8178,82.58174,346.28,0.41,0.45,2026-03-17,805,N21,VIIRS,n,2.0NRT,306.13,39.48,D
17.81791,82.58183,347.76,0.41,0.45,2026-03-17,805,N21,VIIRS,n,2.0NRT,306.88,37.01,D
17.81928,80.52597,340.37,0.47,0.4,2026-03-17,805,N21,VIIRS,n,2.0NRT,302.76,4.72,D
17.81928,82.62461,341.55,0.41,0.45,2026-03-17,805,N21,VIIRS,n,2.0NRT,298.91,8.17,D
17.82253,80.77145,336.41,0.48,0.4,2026-03-17,805,N21,VIIRS,n,2.0NRT,302.16,5.37,D
17.82296,80.41805,339.08,0.46,0.39,2026-03-17,805,N21,VIIRS,n,2.0NRT,302.54,3.56,D
17.82656,80.41752,331.55,0.46,0.39,2026-03-17,805,N21,VIIRS,l,2.0NRT,302.73,3.56,D
17.82849,80.17274,335.9,0.45,0.39,2026-03-17,805,N21,VIIRS,n,2.0NRT,303.01,2.94,D
17.82894,80.17171,335.74,0.45,0.39,2026-03-17,805,N21,VIIRS,n,2.0NRT,303.33,3.15,D
17.83613,80.59555,336.37,0.47,0.4,2026-03-17,805,N21,VIIRS,n,2.0NRT,304.73,3.9,D
17.838,80.4472,341.78,0.47,0.39,2026-03-17,805,N21,VIIRS,n,2.0NRT,306.66,6.61,D
17.84447,81.09457,332.91,0.5,0.41,2026-03-17,805,N21,VIIRS,n,2.0NRT,301.78,1.85,D
17.84701,80.48587,337.74,0.47,0.4,2026-03-17,805,N21,VIIRS,l,2.0NRT,308.57,6.59,D
17.84735,81.37239,338.47,0.52,0.41,2026-03-17,805,N21,VIIRS,n,2.0NRT,304.69,4.55,D
17.85049,80.35184,333.22,0.46,0.39,2026-03-17,805,N21,VIIRS,l,2.0NRT,303.37,6.64,D
17.8511,80.35621,346.31,0.46,0.39,2026-03-17,805,N21,VIIRS,n,2.0NRT,308.27,6.64,D
17.85171,81.92067,344.95,0.56,0.43,2026-03-17,805,N21,VIIRS,n,2.0NRT,301.85,16.14,D
17.85177,81.92331,344.2,0.56,0.43,2026-03-17,805,N21,VIIRS,n,2.0NRT,301.9,14.13,D
17.85228,77.1078,338.53,0.38,0.36,2026-03-17,805,N21,VIIRS,n,2.0NRT,308.19,1.92,D
17.85269,80.3527,340.88,0.46,0.39,2026-03-17,805,N21,VIIRS,n,2.0NRT,306.26,8.62,D
17.85327,80.35709,339.92,0.46,0.39,2026-03-17,805,N21,VIIRS,n,2.0NRT,307.98,8.62,D
17.85469,80.35571,343.37,0.46,0.39,2026-03-17,805,N21,VIIRS,n,2.0NRT,307.36,6.64,D
17.85716,80.25014,343.04,0.46,0.39,2026-03-17,805,N21,VIIRS,n,2.0NRT,303.68,9.44,D
17.85868,73.42114,338.29,0.48,0.4,2026-03-17,805,N21,VIIRS,l,2.0NRT,309.32,4.38,D
17.86452,80.53255,333.28,0.47,0.4,2026-03-17,805,N21,VIIRS,l,2.0NRT,303.53,4.78,D
17.86513,80.53697,344,0.47,0.4,2026-03-17,805,N21,VIIRS,n,2.0NRT,303.02,6.65,D
17.87401,74.7958,336.57,0.42,0.38,2026-03-17,805,N21,VIIRS,l,2.0NRT,310.77,2.45,D
17.87472,77.05618,337.48,0.38,0.36,2026-03-17,805,N21,VIIRS,l,2.0NRT,310.87,2.59,D
17.87606,80.33592,332.53,0.46,0.39,2026-03-17,805,N21,VIIRS,n,2.0NRT,303.07,2.1,D
17.87817,80.43333,335.1,0.47,0.39,2026-03-17,805,N21,VIIRS,n,2.0NRT,304.43,2.5,D
17.88031,81.53266,335.68,0.53,0.42,2026-03-17,805,N21,VIIRS,l,2.0NRT,305.83,2.25,D
17.88149,80.32204,336.69,0.46,0.39,2026-03-17,805,N21,VIIRS,n,2.0NRT,303.46,2.16,D
17.88462,80.2378,336.13,0.46,0.39,2026-03-17,805,N21,VIIRS,n,2.0NRT,306.08,3.9,D
17.88589,80.46342,337.66,0.47,0.4,2026-03-17,805,N21,VIIRS,n,2.0NRT,304.37,9.64,D
17.88825,80.67792,333.44,0.48,0.4,2026-03-17,805,N21,VIIRS,l,2.0NRT,303.46,5.33,D
17.88888,80.68246,341.71,0.48,0.4,2026-03-17,805,N21,VIIRS,n,2.0NRT,302.51,5.33,D
17.8889,80.45838,340.07,0.47,0.4,2026-03-17,805,N21,VIIRS,n,2.0NRT,304.71,6.32,D
17.89557,80.67692,341.18,0.48,0.4,2026-03-17,805,N21,VIIRS,n,2.0NRT,304.68,4.7,D
17.89562,80.08073,338.52,0.45,0.39,2026-03-17,805,N21,VIIRS,n,2.0NRT,305.89,6.46,D
17.89599,80.67833,349.26,0.48,0.4,2026-03-17,805,N21,VIIRS,n,2.0NRT,304.62,10.74,D
17.89618,80.68137,333.54,0.48,0.4,2026-03-17,805,N21,VIIRS,n,2.0NRT,302.67,4.7,D
17.89922,80.67639,334.76,0.48,0.4,2026-03-17,805,N21,VIIRS,n,2.0NRT,303.16,4.7,D
17.89965,80.67779,344.43,0.48,0.4,2026-03-17,805,N21,VIIRS,n,2.0NRT,303.66,5.61,D
17.89983,80.68084,345.46,0.48,0.4,2026-03-17,805,N21,VIIRS,n,2.0NRT,303.13,4.7,D
17.9,81.09869,336.28,0.5,0.41,2026-03-17,805,N21,VIIRS,n,2.0NRT,302.49,4.21,D
17.90024,80.68226,339.8,0.48,0.4,2026-03-17,805,N21,VIIRS,n,2.0NRT,302.26,5.61,D
17.90199,81.31747,337.68,0.52,0.41,2026-03-17,805,N21,VIIRS,n,2.0NRT,302.19,7.05,D
17.90389,80.68172,337.04,0.48,0.4,2026-03-17,805,N21,VIIRS,n,2.0NRT,301.99,5.61,D
17.90513,81.31196,330.66,0.52,0.41,2026-03-17,805,N21,VIIRS,l,2.0NRT,301.95,2.57,D
17.90731,76.10583,347.37,0.39,0.36,2026-03-17,805,N21,VIIRS,n,2.0NRT,320.54,17.03,D
17.90868,80.46847,334.29,0.47,0.4,2026-03-17,805,N21,VIIRS,n,2.0NRT,300.91,1.84,D
17.90946,80.66759,332.44,0.48,0.4,2026-03-17,805,N21,VIIRS,n,2.0NRT,301.33,3.81,D
17.91082,80.24275,340.35,0.46,0.39,2026-03-17,805,N21,VIIRS,n,2.0NRT,304.49,6.54,D
17.91434,80.64832,339.59,0.48,0.4,2026-03-17,805,N21,VIIRS,n,2.0NRT,302.17,4.97,D
17.91447,80.13799,335.55,0.45,0.39,2026-03-17,805,N21,VIIRS,n,2.0NRT,303.67,2.43,D
17.91505,80.1422,332.24,0.45,0.39,2026-03-17,805,N21,VIIRS,l,2.0NRT,304.27,2.86,D
17.91506,80.59815,348.42,0.47,0.4,2026-03-17,805,N21,VIIRS,n,2.0NRT,303.84,10.5,D
17.91617,80.63421,333.87,0.48,0.4,2026-03-17,805,N21,VIIRS,n,2.0NRT,301.64,3.76,D
17.91743,80.13323,330.68,0.45,0.39,2026-03-17,805,N21,VIIRS,l,2.0NRT,304.61,2.43,D
17.91891,81.24117,330.9,0.51,0.41,2026-03-17,805,N21,VIIRS,l,2.0NRT,302.1,1.88,D
17.91914,80.25018,330.28,0.46,0.39,2026-03-17,805,N21,VIIRS,l,2.0NRT,303.08,1.92,D
17.91969,80.38718,333.21,0.46,0.39,2026-03-17,805,N21,VIIRS,l,2.0NRT,304.1,5.43,D
17.92034,80.72153,343.14,0.48,0.4,2026-03-17,805,N21,VIIRS,n,2.0NRT,305.09,10.14,D
17.92747,80.39037,342.51,0.46,0.39,2026-03-17,805,N21,VIIRS,n,2.0NRT,306.21,11.67,D
17.92808,81.10914,334.96,0.5,0.41,2026-03-17,805,N21,VIIRS,n,2.0NRT,303.3,3.51,D
17.93107,80.38979,347.3,0.46,0.39,2026-03-17,805,N21,VIIRS,n,2.0NRT,304.07,11.67,D
17.93245,80.78462,334.88,0.48,0.4,2026-03-17,805,N21,VIIRS,n,2.0NRT,303.05,5.62,D
17.93966,81.54764,330.61,0.53,0.42,2026-03-17,805,N21,VIIRS,l,2.0NRT,304.42,1.93,D
17.94708,81.8574,334.27,0.55,0.43,2026-03-17,805,N21,VIIRS,n,2.0NRT,302.95,9.02,D
17.94752,81.85592,332.58,0.55,0.43,2026-03-17,805,N21,VIIRS,n,2.0NRT,302.31,7.84,D
17.94781,80.43133,334.77,0.47,0.39,2026-03-17,805,N21,VIIRS,n,2.0NRT,301.33,9.91,D
17.94946,82.57341,337.84,0.41,0.45,2026-03-17,805,N21,VIIRS,n,2.0NRT,302.22,4.09,D
17.95142,80.43079,352.63,0.47,0.39,2026-03-17,805,N21,VIIRS,n,2.0NRT,304.11,9.91,D
17.95509,81.33972,335.33,0.52,0.41,2026-03-17,805,N21,VIIRS,n,2.0NRT,304.7,2.86,D
17.95577,81.13584,332.74,0.51,0.41,2026-03-17,805,N21,VIIRS,n,2.0NRT,301.38,3.33,D
17.95697,80.71623,332.53,0.48,0.4,2026-03-17,805,N21,VIIRS,l,2.0NRT,302.78,3.04,D
17.96125,80.72025,332.17,0.48,0.4,2026-03-17,805,N21,VIIRS,n,2.0NRT,301.99,3.04,D
17.96634,81.48314,334.87,0.53,0.42,2026-03-17,805,N21,VIIRS,l,2.0NRT,306.42,4.22,D
17.96852,80.66371,336.25,0.48,0.4,2026-03-17,805,N21,VIIRS,n,2.0NRT,303.85,4.59,D
17.97142,80.21273,346.18,0.46,0.39,2026-03-17,805,N21,VIIRS,n,2.0NRT,305.61,8.49,D
17.97186,82.04991,331.49,0.57,0.43,2026-03-17,805,N21,VIIRS,l,2.0NRT,304.79,4.35,D
17.97245,73.38235,338.45,0.48,0.4,2026-03-17,805,N21,VIIRS,l,2.0NRT,310.99,5.51,D
17.97499,80.2122,342.8,0.46,0.39,2026-03-17,805,N21,VIIRS,n,2.0NRT,304.12,4.44,D
17.97576,80.63495,331.79,0.48,0.4,2026-03-17,805,N21,VIIRS,l,2.0NRT,301.96,2.65,D
17.97638,80.63951,340.06,0.48,0.4,2026-03-17,805,N21,VIIRS,n,2.0NRT,302.67,6.13,D
17.98154,80.20683,338.27,0.46,0.39,2026-03-17,805,N21,VIIRS,n,2.0NRT,306.59,11.14,D
17.99445,81.31628,334.04,0.52,0.41,2026-03-17,805,N21,VIIRS,l,2.0NRT,304.56,3.09,D
17.99704,82.45779,332.96,0.4,0.44,2026-03-17,805,N21,VIIRS,n,2.0NRT,301.42,7.01,D
17.99798,82.46515,330.8,0.4,0.44,2026-03-17,805,N21,VIIRS,n,2.0NRT,303.91,2.24,D
17.99847,78.51875,331.6,0.4,0.37,2026-03-17,805,N21,VIIRS,l,2.0NRT,306.13,4.19,D
17.9995,80.61824,336.42,0.48,0.4,2026-03-17,805,N21,VIIRS,n,2.0NRT,303.95,3.49,D
18.0002,80.61937,337.07,0.48,0.4,2026-03-17,805,N21,VIIRS,n,2.0NRT,304.09,2.66,D
18.002,81.31502,330.25,0.52,0.41,2026-03-17,805,N21,VIIRS,l,2.0NRT,302.4,2.91,D
18.00408,78.51022,339.49,0.4,0.37,2026-03-17,805,N21,VIIRS,n,2.0NRT,306.18,4.64,D
18.00479,80.16406,334.66,0.45,0.39,2026-03-17,805,N21,VIIRS,n,2.0NRT,303.64,5.04,D
18.01265,81.21965,333.98,0.51,0.41,2026-03-17,805,N21,VIIRS,n,2.0NRT,304.13,3.06,D
18.0166,80.24974,331.02,0.46,0.39,2026-03-17,805,N21,VIIRS,l,2.0NRT,303.81,2.45,D
18.0166,81.45804,336.5,0.53,0.42,2026-03-17,805,N21,VIIRS,l,2.0NRT,307.43,9.51,D
18.01914,73.03938,334.9,0.5,0.41,2026-03-17,805,N21,VIIRS,n,2.0NRT,304.58,5.17,D
18.02029,73.03566,334.72,0.5,0.41,2026-03-17,805,N21,VIIRS,n,2.0NRT,304.61,8.6,D
18.02088,80.01933,332.22,0.45,0.39,2026-03-17,805,N21,VIIRS,l,2.0NRT,304.79,2.81,D
18.02103,80.02085,334.64,0.45,0.39,2026-03-17,805,N21,VIIRS,n,2.0NRT,305.12,2.81,D
18.02413,81.33666,338.6,0.52,0.41,2026-03-17,805,N21,VIIRS,n,2.0NRT,304.43,5.97,D
18.02477,75.1374,347.63,0.41,0.37,2026-03-17,805,N21,VIIRS,n,2.0NRT,317.35,7.99,D
18.02495,80.2309,338.23,0.46,0.39,2026-03-17,805,N21,VIIRS,n,2.0NRT,302.48,5.85,D
18.02853,80.23037,331.34,0.46,0.39,2026-03-17,805,N21,VIIRS,l,2.0NRT,302.05,3.56,D
18.03382,73.40988,343.9,0.48,0.4,2026-03-17,805,N21,VIIRS,l,2.0NRT,317.68,14.89,D
18.03747,73.40926,348.4,0.48,0.4,2026-03-17,805,N21,VIIRS,n,2.0NRT,316.72,14.89,D
18.0524,80.27075,339.43,0.46,0.39,2026-03-17,805,N21,VIIRS,n,2.0NRT,299.5,5.49,D
18.06313,80.27946,336.81,0.46,0.39,2026-03-17,805,N21,VIIRS,n,2.0NRT,300.45,4.41,D
18.06371,80.28381,343.81,0.46,0.39,2026-03-17,805,N21,VIIRS,n,2.0NRT,302.54,4.41,D
18.06387,82.85011,331.15,0.43,0.46,2026-03-17,805,N21,VIIRS,n,2.0NRT,299.34,3.07,D
18.0643,80.28816,333.5,0.46,0.39,2026-03-17,805,N21,VIIRS,n,2.0NRT,301.82,3.66,D
18.06672,80.27895,339.44,0.46,0.39,2026-03-17,805,N21,VIIRS,n,2.0NRT,301.6,4.41,D
18.07322,81.44463,336.98,0.53,0.42,2026-03-17,805,N21,VIIRS,n,2.0NRT,306.7,5.93,D
18.07335,73.05393,345.2,0.5,0.41,2026-03-17,805,N21,VIIRS,n,2.0NRT,308.11,6.2,D
18.07519,81.4595,339.25,0.53,0.42,2026-03-17,805,N21,VIIRS,n,2.0NRT,306.71,6.74,D
18.07743,80.69522,330.75,0.48,0.4,2026-03-17,805,N21,VIIRS,l,2.0NRT,304.71,3.17,D
18.07794,80.98051,338.49,0.5,0.41,2026-03-17,805,N21,VIIRS,n,2.0NRT,301.98,5.8,D
18.07835,81.45396,336.52,0.53,0.42,2026-03-17,805,N21,VIIRS,n,2.0NRT,306.27,3.36,D
18.07864,82.81655,345.06,0.42,0.45,2026-03-17,805,N21,VIIRS,n,2.0NRT,299.05,11.13,D
18.08354,80.9655,338.64,0.5,0.41,2026-03-17,805,N21,VIIRS,n,2.0NRT,303.46,5.3,D
18.08835,81.41214,332.14,0.52,0.42,2026-03-17,805,N21,VIIRS,l,2.0NRT,305.44,3.02,D
18.08849,80.97425,334.41,0.5,0.41,2026-03-17,805,N21,VIIRS,n,2.0NRT,302,5.78,D
18.09165,81.43688,336.55,0.53,0.42,2026-03-17,805,N21,VIIRS,n,2.0NRT,305.55,4.35,D
18.09407,80.31887,343.05,0.46,0.39,2026-03-17,805,N21,VIIRS,n,2.0NRT,301.65,9.5,D
18.09715,80.28751,331.91,0.46,0.39,2026-03-17,805,N21,VIIRS,n,2.0NRT,301.13,4.9,D
18.09888,80.30028,344.85,0.46,0.39,2026-03-17,805,N21,VIIRS,n,2.0NRT,302.04,4.59,D
18.09947,80.30457,333.36,0.46,0.39,2026-03-17,805,N21,VIIRS,n,2.0NRT,303.08,4.59,D
18.105,73.29969,334.47,0.49,0.4,2026-03-17,805,N21,VIIRS,l,2.0NRT,309.39,2.87,D
18.10806,77.55895,338.74,0.39,0.36,2026-03-17,805,N21,VIIRS,l,2.0NRT,313.62,6.77,D
18.10863,73.29888,339.45,0.49,0.4,2026-03-17,805,N21,VIIRS,l,2.0NRT,309.5,9.55,D
18.10875,82.31754,331.27,0.4,0.44,2026-03-17,805,N21,VIIRS,l,2.0NRT,304.79,3.13,D
18.10911,82.36159,342.25,0.4,0.44,2026-03-17,805,N21,VIIRS,n,2.0NRT,308.23,18.29,D
18.1128,81.33543,330.83,0.52,0.42,2026-03-17,805,N21,VIIRS,l,2.0NRT,304.37,2,D
18.11407,81.45883,332.72,0.53,0.42,2026-03-17,805,N21,VIIRS,l,2.0NRT,307.15,5.61,D
18.11428,79.96391,335.57,0.45,0.39,2026-03-17,805,N21,VIIRS,n,2.0NRT,304.56,5.66,D
18.11487,79.96812,335.48,0.45,0.39,2026-03-17,805,N21,VIIRS,n,2.0NRT,305.02,6.39,D
18.11566,80.28901,332.67,0.46,0.39,2026-03-17,805,N21,VIIRS,n,2.0NRT,298.79,5.3,D
18.11716,82.3603,342.76,0.4,0.44,2026-03-17,805,N21,VIIRS,n,2.0NRT,306.53,6.04,D
18.11749,80.27563,336.78,0.46,0.39,2026-03-17,805,N21,VIIRS,n,2.0NRT,304.09,5.03,D
18.11797,80.38699,332.32,0.47,0.39,2026-03-17,805,N21,VIIRS,n,2.0NRT,301.55,2.6,D
18.1181,82.36007,342.28,0.4,0.44,2026-03-17,805,N21,VIIRS,n,2.0NRT,307.2,4.81,D
18.11947,80.53532,344.9,0.47,0.4,2026-03-17,805,N21,VIIRS,n,2.0NRT,302.24,4.7,D
18.11969,83.15788,332.99,0.45,0.47,2026-03-17,805,N21,VIIRS,n,2.0NRT,301.86,4.79,D
18.12002,80.92684,332.05,0.5,0.41,2026-03-17,805,N21,VIIRS,l,2.0NRT,302.59,1.15,D
18.12007,80.53978,336.04,0.47,0.4,2026-03-17,805,N21,VIIRS,n,2.0NRT,301.83,3.73,D
18.1247,81.99188,332.12,0.57,0.43,2026-03-17,805,N21,VIIRS,n,2.0NRT,299.26,2.44,D
18.12587,80.25668,337.02,0.46,0.39,2026-03-17,805,N21,VIIRS,n,2.0NRT,305.92,6.25,D
18.13066,81.50436,334.5,0.53,0.42,2026-03-17,805,N21,VIIRS,l,2.0NRT,307.01,1.6,D
18.13182,80.27331,339.54,0.46,0.39,2026-03-17,805,N21,VIIRS,n,2.0NRT,301.79,5.52,D
18.13303,80.25555,333.63,0.46,0.39,2026-03-17,805,N21,VIIRS,n,2.0NRT,302.49,4.34,D
18.13371,81.34743,332.09,0.52,0.42,2026-03-17,805,N21,VIIRS,l,2.0NRT,305.11,1.32,D
18.13475,77.22222,338.48,0.38,0.36,2026-03-17,805,N21,VIIRS,l,2.0NRT,312.44,4.46,D
18.1354,80.27274,339.05,0.46,0.39,2026-03-17,805,N21,VIIRS,n,2.0NRT,301.89,3.72,D
18.13602,80.2507,335.45,0.46,0.39,2026-03-17,805,N21,VIIRS,n,2.0NRT,303.46,4.34,D
18.13778,80.29009,332.11,0.46,0.39,2026-03-17,805,N21,VIIRS,n,2.0NRT,299.33,2.55,D
18.13783,82.32063,331.03,0.4,0.44,2026-03-17,805,N21,VIIRS,l,2.0NRT,303.34,4.31,D
18.13792,80.10694,334.6,0.45,0.39,2026-03-17,805,N21,VIIRS,n,2.0NRT,304.24,2.27,D
18.13956,81.45232,337.31,0.53,0.42,2026-03-17,805,N21,VIIRS,l,2.0NRT,307.61,4.64,D
18.14258,80.2453,343.45,0.46,0.39,2026-03-17,805,N21,VIIRS,n,2.0NRT,303.3,6.29,D
18.14258,83.06158,331.34,0.44,0.46,2026-03-17,805,N21,VIIRS,n,2.0NRT,300.04,2.85,D
18.14616,80.24477,339.85,0.46,0.39,2026-03-17,805,N21,VIIRS,n,2.0NRT,301.46,4.45,D
18.14657,81.44621,331.56,0.53,0.42,2026-03-17,805,N21,VIIRS,l,2.0NRT,306.07,1.87,D
18.14721,81.45119,337.45,0.53,0.42,2026-03-17,805,N21,VIIRS,n,2.0NRT,306.39,3.55,D
18.14975,80.24426,333.47,0.46,0.39,2026-03-17,805,N21,VIIRS,n,2.0NRT,301.6,4.45,D
18.15468,81.12775,333.84,0.51,0.41,2026-03-17,805,N21,VIIRS,n,2.0NRT,302.77,3.65,D
18.15756,82.97442,347.21,0.43,0.46,2026-03-17,805,N21,VIIRS,n,2.0NRT,300.66,13.41,D
18.16134,80.96566,334.79,0.5,0.41,2026-03-17,805,N21,VIIRS,n,2.0NRT,301.69,2.39,D
18.16675,80.58314,330.15,0.48,0.4,2026-03-17,805,N21,VIIRS,l,2.0NRT,300.62,3.26,D
18.16835,81.49371,334.56,0.53,0.42,2026-03-17,805,N21,VIIRS,l,2.0NRT,306.83,2.92,D
18.17595,81.28652,337.17,0.52,0.41,2026-03-17,805,N21,VIIRS,n,2.0NRT,304.82,4.79,D
18.17984,81.49197,339.47,0.53,0.42,2026-03-17,805,N21,VIIRS,n,2.0NRT,306.82,5.21,D
18.18123,80.472,335.43,0.47,0.4,2026-03-17,805,N21,VIIRS,n,2.0NRT,302.37,3.31,D
18.18189,80.92033,330.29,0.5,0.41,2026-03-17,805,N21,VIIRS,l,2.0NRT,303.04,4.1,D
18.18374,80.87722,332.95,0.49,0.41,2026-03-17,805,N21,VIIRS,n,2.0NRT,302.61,4,D
18.18431,80.29333,334.47,0.46,0.39,2026-03-17,805,N21,VIIRS,n,2.0NRT,301.91,5.31,D
18.1944,81.45433,336.69,0.53,0.42,2026-03-17,805,N21,VIIRS,n,2.0NRT,305.26,3.62,D
18.1961,80.97043,333.29,0.5,0.41,2026-03-17,805,N21,VIIRS,n,2.0NRT,300.93,5.01,D
18.19903,81.25641,335.5,0.52,0.41,2026-03-17,805,N21,VIIRS,n,2.0NRT,303.31,4.01,D
18.19922,80.96532,332.01,0.5,0.41,2026-03-17,805,N21,VIIRS,l,2.0NRT,302.08,2.66,D
18.2015,80.36669,334.2,0.47,0.39,2026-03-17,805,N21,VIIRS,n,2.0NRT,302.15,4.83,D
18.20531,80.28602,331.24,0.46,0.39,2026-03-17,805,N21,VIIRS,l,2.0NRT,302.04,3.15,D
18.21024,81.72469,334.38,0.55,0.43,2026-03-17,805,N21,VIIRS,n,2.0NRT,303.4,8.48,D
18.21373,80.68169,346.62,0.48,0.4,2026-03-17,805,N21,VIIRS,n,2.0NRT,303.59,5.87,D
18.21385,80.765,340.34,0.49,0.4,2026-03-17,805,N21,VIIRS,n,2.0NRT,304.11,7.58,D
18.21815,80.76896,346.53,0.49,0.4,2026-03-17,805,N21,VIIRS,n,2.0NRT,309.48,30.53,D
18.22043,82.32461,342.41,0.4,0.44,2026-03-17,805,N21,VIIRS,n,2.0NRT,308.08,4.36,D
18.22124,80.79172,338.55,0.49,0.4,2026-03-17,805,N21,VIIRS,n,2.0NRT,302.88,5.44,D
18.22152,82.32408,342.02,0.4,0.44,2026-03-17,805,N21,VIIRS,n,2.0NRT,307.21,5.51,D
18.22239,73.80759,340.45,0.46,0.39,2026-03-17,805,N21,VIIRS,l,2.0NRT,314.27,5.13,D
18.22366,80.78186,333.07,0.49,0.4,2026-03-17,805,N21,VIIRS,n,2.0NRT,302.8,3.88,D
18.22529,80.9616,331.9,0.5,0.41,2026-03-17,805,N21,VIIRS,l,2.0NRT,302.8,2.66,D
18.22562,80.82394,330.32,0.49,0.4,2026-03-17,805,N21,VIIRS,l,2.0NRT,300.61,4.62,D
18.22611,80.77227,331.31,0.49,0.4,2026-03-17,805,N21,VIIRS,l,2.0NRT,301.76,2.61,D
18.22617,80.80032,344.23,0.49,0.4,2026-03-17,805,N21,VIIRS,n,2.0NRT,303.22,8.07,D
18.22672,80.77675,333.15,0.49,0.4,2026-03-17,805,N21,VIIRS,n,2.0NRT,302.77,2.61,D
18.22785,81.03762,340.56,0.5,0.41,2026-03-17,805,N21,VIIRS,n,2.0NRT,301.93,5.86,D
18.22795,81.12478,338.21,0.51,0.41,2026-03-17,805,N21,VIIRS,n,2.0NRT,304.6,4.31,D
18.22867,80.8187,343.45,0.49,0.4,2026-03-17,805,N21,VIIRS,n,2.0NRT,300.13,4.62,D
18.22874,80.76884,342.96,0.49,0.4,2026-03-17,805,N21,VIIRS,n,2.0NRT,301.94,4,D
18.22917,80.76719,337.85,0.49,0.4,2026-03-17,805,N21,VIIRS,n,2.0NRT,302.81,5.99,D
18.22933,80.77332,339.73,0.49,0.4,2026-03-17,805,N21,VIIRS,n,2.0NRT,302.62,4.16,D
18.23039,80.77613,330.52,0.49,0.4,2026-03-17,805,N21,VIIRS,l,2.0NRT,302.93,2.61,D
18.23048,80.80434,341,0.49,0.4,2026-03-17,805,N21,VIIRS,n,2.0NRT,302.13,3.62,D
18.23062,73.94189,347.04,0.45,0.39,2026-03-17,805,N21,VIIRS,n,2.0NRT,314.7,7.73,D
18.23242,80.76827,331.19,0.49,0.4,2026-03-17,805,N21,VIIRS,l,2.0NRT,301.84,4,D
18.23395,73.41183,334.9,0.48,0.4,2026-03-17,805,N21,VIIRS,l,2.0NRT,309.68,3.3,D
18.23436,80.86054,332.95,0.49,0.4,2026-03-17,805,N21,VIIRS,n,2.0NRT,301.24,2.32,D
18.23492,83.14947,341.55,0.45,0.47,2026-03-17,805,N21,VIIRS,n,2.0NRT,302.61,6.88,D
18.23655,82.37946,346.46,0.4,0.44,2026-03-17,805,N21,VIIRS,n,2.0NRT,310.48,26.04,D
18.23664,78.08239,334.43,0.39,0.36,2026-03-17,805,N21,VIIRS,l,2.0NRT,309.41,2.77,D
18.23843,73.94495,348.66,0.45,0.39,2026-03-17,805,N21,VIIRS,n,2.0NRT,317.88,11.31,D
18.23944,83.2975,332.63,0.46,0.47,2026-03-17,805,N21,VIIRS,n,2.0NRT,301.28,5.38,D
18.24061,82.37892,343.1,0.4,0.44,2026-03-17,805,N21,VIIRS,n,2.0NRT,305.35,11.2,D
18.24136,80.8657,335.88,0.49,0.41,2026-03-17,805,N21,VIIRS,n,2.0NRT,300.88,2.96,D
18.24194,80.87017,330.06,0.49,0.41,2026-03-17,805,N21,VIIRS,l,2.0NRT,300.15,2.96,D
18.24239,80.86401,340.44,0.49,0.4,2026-03-17,805,N21,VIIRS,n,2.0NRT,301.14,8.56,D
18.24335,81.66547,330.73,0.55,0.42,2026-03-17,805,N21,VIIRS,l,2.0NRT,303.3,2.74,D
18.24519,73.79049,339.45,0.46,0.39,2026-03-17,805,N21,VIIRS,l,2.0NRT,310.39,4.68,D
18.24589,73.79462,339.35,0.46,0.39,2026-03-17,805,N21,VIIRS,l,2.0NRT,311.2,4.68,D
18.24777,80.40922,337.97,0.47,0.4,2026-03-17,805,N21,VIIRS,n,2.0NRT,297.57,2.85,D
18.25142,80.27473,330.13,0.46,0.39,2026-03-17,805,N21,VIIRS,l,2.0NRT,302.93,4.85,D
18.25249,80.86421,337.37,0.49,0.41,2026-03-17,805,N21,VIIRS,n,2.0NRT,301.48,5.82,D
18.255,80.27418,338.36,0.46,0.39,2026-03-17,805,N21,VIIRS,n,2.0NRT,304.27,4.85,D
18.25562,80.35875,334.31,0.47,0.39,2026-03-17,805,N21,VIIRS,n,2.0NRT,303.17,3.07,D
18.25742,80.08658,339.09,0.45,0.39,2026-03-17,805,N21,VIIRS,n,2.0NRT,302.12,4.34,D
18.258,80.26929,334.09,0.46,0.39,2026-03-17,805,N21,VIIRS,n,2.0NRT,302.52,3.83,D
18.25862,80.32703,330.85,0.46,0.39,2026-03-17,805,N21,VIIRS,l,2.0NRT,304.56,4.02,D
18.25866,76.85082,339.41,0.38,0.36,2026-03-17,805,N21,VIIRS,l,2.0NRT,314.39,3.01,D
18.25982,80.30908,336.1,0.46,0.39,2026-03-17,805,N21,VIIRS,n,2.0NRT,303.64,7.78,D
18.26008,80.75021,338.27,0.49,0.4,2026-03-17,805,N21,VIIRS,n,2.0NRT,305.39,13.99,D
18.26022,80.66684,331.91,0.48,0.4,2026-03-17,805,N21,VIIRS,l,2.0NRT,303.55,1.64,D
18.26098,80.08603,333.72,0.45,0.39,2026-03-17,805,N21,VIIRS,n,2.0NRT,302.47,3.03,D
18.26193,73.97617,348.12,0.45,0.39,2026-03-17,805,N21,VIIRS,n,2.0NRT,317.11,10.74,D
18.26263,73.98033,353.13,0.45,0.39,2026-03-17,805,N21,VIIRS,n,2.0NRT,318.32,14.06,D
18.26548,73.97568,344.13,0.45,0.39,2026-03-17,805,N21,VIIRS,n,2.0NRT,314.52,10.74,D
18.27648,80.22825,344.48,0.46,0.39,2026-03-17,805,N21,VIIRS,n,2.0NRT,304.4,8.98,D
18.27949,80.2234,340.14,0.46,0.39,2026-03-17,805,N21,VIIRS,n,2.0NRT,303.8,6.7,D
18.2811,80.26276,346.31,0.46,0.39,2026-03-17,805,N21,VIIRS,n,2.0NRT,302.74,12.31,D
18.28412,77.94292,336.01,0.39,0.36,2026-03-17,805,N21,VIIRS,l,2.0NRT,307.98,3.41,D
18.29053,80.11627,331.32,0.45,0.39,2026-03-17,805,N21,VIIRS,l,2.0NRT,303.44,4.9,D
18.30311,80.81906,331.65,0.49,0.4,2026-03-17,805,N21,VIIRS,n,2.0NRT,301.22,1.64,D
18.30342,80.21107,332.31,0.46,0.39,2026-03-17,805,N21,VIIRS,n,2.0NRT,300,1.37,D
18.30477,80.35724,333.01,0.47,0.39,2026-03-17,805,N21,VIIRS,n,2.0NRT,301.75,4.11,D
18.30951,80.12197,330.06,0.46,0.39,2026-03-17,805,N21,VIIRS,l,2.0NRT,302.01,2.18,D
18.31368,80.12581,330.48,0.46,0.39,2026-03-17,805,N21,VIIRS,l,2.0NRT,303.21,2.18,D
18.31549,73.58237,332.3,0.47,0.4,2026-03-17,805,N21,VIIRS,l,2.0NRT,304.45,3.93,D
18.31587,73.80067,344.08,0.46,0.39,2026-03-17,805,N21,VIIRS,l,2.0NRT,315.16,8.25,D
18.31665,80.12089,343.17,0.46,0.39,2026-03-17,805,N21,VIIRS,n,2.0NRT,303.39,5.31,D
18.31725,80.12527,333.78,0.46,0.39,2026-03-17,805,N21,VIIRS,n,2.0NRT,303.53,5.31,D
18.31804,73.83483,342.21,0.46,0.39,2026-03-17,805,N21,VIIRS,n,2.0NRT,316.16,7.28,D
18.31861,82.31209,332.42,0.4,0.44,2026-03-17,805,N21,VIIRS,n,2.0NRT,302.23,5.08,D
18.32166,82.30386,342.85,0.4,0.44,2026-03-17,805,N21,VIIRS,n,2.0NRT,302.55,6.02,D
18.32242,77.09093,340.21,0.38,0.36,2026-03-17,805,N21,VIIRS,l,2.0NRT,312.65,4.77,D
18.32273,82.30458,341.6,0.4,0.44,2026-03-17,805,N21,VIIRS,n,2.0NRT,303.11,5.34,D
18.33251,81.21415,336.16,0.52,0.41,2026-03-17,805,N21,VIIRS,n,2.0NRT,301.25,4.84,D
18.33483,80.36169,331.95,0.47,0.4,2026-03-17,805,N21,VIIRS,n,2.0NRT,300.11,3.82,D
18.33628,81.21356,335.96,0.52,0.41,2026-03-17,805,N21,VIIRS,n,2.0NRT,300.41,4.84,D
18.33927,80.15284,336.45,0.46,0.39,2026-03-17,805,N21,VIIRS,n,2.0NRT,304.93,8.01,D
18.34209,78.54499,333.87,0.4,0.37,2026-03-17,805,N21,VIIRS,l,2.0NRT,305.21,1.89,D
18.34317,73.58276,340.58,0.47,0.4,2026-03-17,805,N21,VIIRS,n,2.0NRT,309.76,5.45,D
18.34463,80.03423,332.43,0.45,0.39,2026-03-17,805,N21,VIIRS,l,2.0NRT,302.76,2.96,D
18.34507,80.35571,334.22,0.47,0.39,2026-03-17,805,N21,VIIRS,n,2.0NRT,301.23,4.28,D
18.34581,80.04272,332.91,0.45,0.39,2026-03-17,805,N21,VIIRS,n,2.0NRT,301.42,3.56,D
18.34747,80.03099,331.82,0.45,0.39,2026-03-17,805,N21,VIIRS,l,2.0NRT,301.88,2.23,D
18.34773,80.76572,335.47,0.49,0.4,2026-03-17,805,N21,VIIRS,n,2.0NRT,301.59,2.64,D
18.34938,80.09438,337.55,0.45,0.39,2026-03-17,805,N21,VIIRS,n,2.0NRT,302.4,5.24,D
18.35011,80.58564,331.3,0.48,0.4,2026-03-17,805,N21,VIIRS,l,2.0NRT,303.99,3.06,D
18.35141,80.7651,334.58,0.49,0.4,2026-03-17,805,N21,VIIRS,l,2.0NRT,305.12,5.59,D
18.3525,80.84945,331.01,0.49,0.41,2026-03-17,805,N21,VIIRS,l,2.0NRT,301.86,2.46,D
18.35273,80.04312,333.33,0.45,0.39,2026-03-17,805,N21,VIIRS,n,2.0NRT,302.17,6.73,D
18.35291,80.04159,331.97,0.45,0.39,2026-03-17,805,N21,VIIRS,n,2.0NRT,301.6,4.26,D
18.35508,80.76444,338.11,0.49,0.4,2026-03-17,805,N21,VIIRS,n,2.0NRT,307.02,5.59,D
18.35547,80.62583,336.89,0.48,0.4,2026-03-17,805,N21,VIIRS,n,2.0NRT,305.65,4.87,D
18.35659,81.65511,332,0.55,0.42,2026-03-17,805,N21,VIIRS,l,2.0NRT,305.46,3.15,D
18.35809,80.7587,341.87,0.49,0.4,2026-03-17,805,N21,VIIRS,n,2.0NRT,303.2,6.07,D
18.35875,80.76375,332.43,0.49,0.4,2026-03-17,805,N21,VIIRS,l,2.0NRT,305.11,8.75,D
18.36189,82.2564,343.98,0.39,0.44,2026-03-17,805,N21,VIIRS,n,2.0NRT,304.41,7.76,D
18.36371,80.22386,330.78,0.46,0.39,2026-03-17,805,N21,VIIRS,l,2.0NRT,302.08,3.18,D
18.36431,80.22819,335.74,0.46,0.39,2026-03-17,805,N21,VIIRS,n,2.0NRT,303.36,4.34,D
18.36433,80.72063,333.16,0.49,0.4,2026-03-17,805,N21,VIIRS,n,2.0NRT,301.88,3.01,D
18.36485,80.89701,333.7,0.5,0.41,2026-03-17,805,N21,VIIRS,n,2.0NRT,301.27,4.36,D
18.36729,80.22332,337.75,0.46,0.39,2026-03-17,805,N21,VIIRS,n,2.0NRT,302.42,3.63,D
18.36734,80.88709,330.58,0.5,0.41,2026-03-17,805,N21,VIIRS,l,2.0NRT,302.25,3.8,D
18.36789,80.22763,341.14,0.46,0.39,2026-03-17,805,N21,VIIRS,n,2.0NRT,303.09,4.87,D
18.36795,80.89175,339.94,0.5,0.41,2026-03-17,805,N21,VIIRS,n,2.0NRT,301.75,3.8,D
18.36869,80.0538,331.12,0.45,0.39,2026-03-17,805,N21,VIIRS,l,2.0NRT,302.04,4.65,D
18.36913,80.75692,335.22,0.49,0.4,2026-03-17,805,N21,VIIRS,n,2.0NRT,302.38,5.29,D
18.36977,80.76177,336.96,0.49,0.4,2026-03-17,805,N21,VIIRS,n,2.0NRT,303.97,5.71,D
18.37004,81.4128,338.79,0.53,0.42,2026-03-17,805,N21,VIIRS,n,2.0NRT,301.86,6.96,D
18.37046,80.76704,342.08,0.49,0.4,2026-03-17,805,N21,VIIRS,n,2.0NRT,303.46,5.71,D
18.37111,80.71517,341.4,0.49,0.4,2026-03-17,805,N21,VIIRS,n,2.0NRT,303.04,7.98,D
18.37181,80.80593,335.94,0.49,0.4,2026-03-17,805,N21,VIIRS,n,2.0NRT,302.72,4.71,D
18.37187,73.57729,342.66,0.47,0.4,2026-03-17,805,N21,VIIRS,n,2.0NRT,308.52,7.81,D
18.37283,80.75644,330.94,0.49,0.4,2026-03-17,805,N21,VIIRS,l,2.0NRT,301.99,6.26,D
18.37347,80.76131,344.8,0.49,0.4,2026-03-17,805,N21,VIIRS,n,2.0NRT,303.72,12.23,D
18.37459,83.87201,339.71,0.5,0.49,2026-03-17,805,N21,VIIRS,n,2.0NRT,292.24,11.76,D
18.38197,78.47287,332.3,0.4,0.37,2026-03-17,805,N21,VIIRS,l,2.0NRT,305.58,2.35,D
18.38342,80.89422,334.89,0.5,0.41,2026-03-17,805,N21,VIIRS,n,2.0NRT,301.99,5.15,D
18.38777,80.31807,331.84,0.47,0.39,2026-03-17,805,N21,VIIRS,n,2.0NRT,301.72,2.72,D
18.38783,73.7125,344.99,0.46,0.39,2026-03-17,805,N21,VIIRS,n,2.0NRT,313.94,6.46,D
18.38836,80.19968,335.71,0.46,0.39,2026-03-17,805,N21,VIIRS,n,2.0NRT,303.79,5.18,D
18.38873,80.09443,332.25,0.45,0.39,2026-03-17,805,N21,VIIRS,n,2.0NRT,300.53,2.19,D
18.39356,73.29086,354.24,0.48,0.4,2026-03-17,805,N21,VIIRS,n,2.0NRT,315.93,8.35,D
18.39393,73.29185,349.46,0.48,0.4,2026-03-17,805,N21,VIIRS,n,2.0NRT,317.2,15.39,D
18.39447,80.63811,332.92,0.48,0.4,2026-03-17,805,N21,VIIRS,l,2.0NRT,305.19,3.01,D
18.39706,81.65192,331.46,0.55,0.42,2026-03-17,805,N21,VIIRS,l,2.0NRT,305.17,2.79,D
18.39721,73.29018,343.6,0.48,0.4,2026-03-17,805,N21,VIIRS,l,2.0NRT,314.64,8.35,D
18.39757,73.29119,341.26,0.48,0.4,2026-03-17,805,N21,VIIRS,l,2.0NRT,314.83,6.63,D
18.40153,80.18888,345.73,0.46,0.39,2026-03-17,805,N21,VIIRS,n,2.0NRT,304.11,7.12,D
18.40403,80.15343,336.32,0.46,0.39,2026-03-17,805,N21,VIIRS,n,2.0NRT,304.39,6.36,D
18.41638,80.21753,330.56,0.46,0.39,2026-03-17,805,N21,VIIRS,l,2.0NRT,302.44,3.74,D
18.41778,81.50865,332.25,0.54,0.42,2026-03-17,805,N21,VIIRS,l,2.0NRT,306.39,2.1,D
18.41811,81.13042,330.73,0.51,0.41,2026-03-17,805,N21,VIIRS,l,2.0NRT,303.1,2.74,D
18.42178,82.37195,330.49,0.4,0.44,2026-03-17,805,N21,VIIRS,l,2.0NRT,305.06,1.77,D
18.42853,80.41711,330.13,0.47,0.4,2026-03-17,805,N21,VIIRS,l,2.0NRT,302.15,3.8,D
18.42929,80.61937,331.96,0.48,0.4,2026-03-17,805,N21,VIIRS,l,2.0NRT,304.09,3.19,D
18.43085,82.30694,331.6,0.4,0.44,2026-03-17,805,N21,VIIRS,n,2.0NRT,304.09,2.11,D
18.43209,80.61198,332.98,0.48,0.4,2026-03-17,805,N21,VIIRS,l,2.0NRT,304.78,1.88,D
18.43232,78.23605,346.6,0.4,0.37,2026-03-17,805,N21,VIIRS,n,2.0NRT,313.08,10.51,D
18.43234,80.61438,334.03,0.48,0.4,2026-03-17,805,N21,VIIRS,l,2.0NRT,305.09,3.19,D
18.43268,80.61646,332.77,0.48,0.4,2026-03-17,805,N21,VIIRS,l,2.0NRT,305.18,1.83,D
18.43396,82.3064,340.5,0.4,0.44,2026-03-17,805,N21,VIIRS,n,2.0NRT,304.48,5.23,D
18.43487,82.30611,330.73,0.4,0.44,2026-03-17,805,N21,VIIRS,l,2.0NRT,303.41,2.11,D
18.43516,80.60699,330.76,0.48,0.4,2026-03-17,805,N21,VIIRS,l,2.0NRT,304.87,1.88,D
18.43883,80.60651,337.52,0.48,0.4,2026-03-17,805,N21,VIIRS,n,2.0NRT,306.36,3.55,D
18.43911,73.66773,340.94,0.46,0.39,2026-03-17,805,N21,VIIRS,l,2.0NRT,313.8,6.84,D
18.44277,80.1431,336.83,0.46,0.39,2026-03-17,805,N21,VIIRS,n,2.0NRT,304.74,4.26,D
18.44337,79.09846,330.92,0.42,0.37,2026-03-17,805,N21,VIIRS,l,2.0NRT,305.17,2.18,D
18.44482,80.42822,346.81,0.47,0.4,2026-03-17,805,N21,VIIRS,n,2.0NRT,303.79,7.04,D
18.44743,80.28406,333.03,0.46,0.39,2026-03-17,805,N21,VIIRS,l,2.0NRT,303.18,3.25,D
18.45515,78.48041,337.63,0.4,0.37,2026-03-17,805,N21,VIIRS,l,2.0NRT,308.25,5.48,D
18.45549,82.37363,338.78,0.4,0.44,2026-03-17,805,N21,VIIRS,n,2.0NRT,302.47,3.26,D
18.459,78.23174,338.73,0.4,0.37,2026-03-17,805,N21,VIIRS,l,2.0NRT,312.07,7.37,D
18.45969,80.70775,343.14,0.49,0.4,2026-03-17,805,N21,VIIRS,n,2.0NRT,301.04,4.08,D
18.45996,82.27635,343.38,0.4,0.44,2026-03-17,805,N21,VIIRS,n,2.0NRT,305.64,5.95,D
18.4614,78.46085,340.68,0.4,0.37,2026-03-17,805,N21,VIIRS,n,2.0NRT,307.43,3.44,D
18.46183,80.14893,340.93,0.46,0.39,2026-03-17,805,N21,VIIRS,n,2.0NRT,303.1,6.9,D
18.46338,80.7073,332.14,0.49,0.4,2026-03-17,805,N21,VIIRS,n,2.0NRT,299.66,4.08,D
18.46406,82.37608,331.83,0.4,0.44,2026-03-17,805,N21,VIIRS,n,2.0NRT,301.94,2.47,D
18.46541,80.14841,330.1,0.46,0.39,2026-03-17,805,N21,VIIRS,l,2.0NRT,303.38,4.68,D
18.46675,78.05242,341.43,0.39,0.36,2026-03-17,805,N21,VIIRS,l,2.0NRT,314.47,7.22,D
18.46805,82.37487,333.6,0.4,0.44,2026-03-17,805,N21,VIIRS,n,2.0NRT,301.59,2.47,D
18.46899,80.14786,338.47,0.46,0.39,2026-03-17,805,N21,VIIRS,n,2.0NRT,306.47,4.68,D
18.47143,80.71146,331.41,0.49,0.4,2026-03-17,805,N21,VIIRS,n,2.0NRT,299.06,6.09,D
18.4745,80.70638,333.27,0.49,0.4,2026-03-17,805,N21,VIIRS,n,2.0NRT,299.19,3.39,D
18.4754,78.13421,339.7,0.39,0.36,2026-03-17,805,N21,VIIRS,l,2.0NRT,313.13,6.75,D
18.47759,80.70139,332.11,0.49,0.4,2026-03-17,805,N21,VIIRS,n,2.0NRT,301.13,3.39,D
18.47818,78.12999,340.91,0.39,0.36,2026-03-17,805,N21,VIIRS,l,2.0NRT,313.3,5.82,D
18.47822,80.7061,334.18,0.49,0.4,2026-03-17,805,N21,VIIRS,n,2.0NRT,301.28,3.39,D
18.4813,80.70106,330.36,0.49,0.4,2026-03-17,805,N21,VIIRS,n,2.0NRT,301.58,2.79,D
18.48151,78.12946,354.64,0.39,0.36,2026-03-17,805,N21,VIIRS,n,2.0NRT,315.5,11.09,D
18.48326,78.56519,337.47,0.4,0.37,2026-03-17,805,N21,VIIRS,n,2.0NRT,306.21,1.88,D
18.4869,79.99338,342.52,0.45,0.39,2026-03-17,805,N21,VIIRS,n,2.0NRT,304.44,5.79,D
18.48857,73.40458,342.16,0.48,0.4,2026-03-17,805,N21,VIIRS,n,2.0NRT,308.96,14.1,D
18.48946,78.04498,334.39,0.39,0.36,2026-03-17,805,N21,VIIRS,l,2.0NRT,309.18,2.4,D
18.48963,78.88432,339.74,0.41,0.37,2026-03-17,805,N21,VIIRS,n,2.0NRT,309.78,4.13,D
18.49298,73.77339,335.79,0.46,0.39,2026-03-17,805,N21,VIIRS,l,2.0NRT,310.78,1.4,D
18.49666,78.04762,347.9,0.39,0.36,2026-03-17,805,N21,VIIRS,n,2.0NRT,311.48,9.27,D
18.49982,80.22392,352.18,0.46,0.39,2026-03-17,805,N21,VIIRS,n,2.0NRT,303.32,10.19,D
18.50018,78.20997,335.53,0.4,0.37,2026-03-17,805,N21,VIIRS,n,2.0NRT,309.61,15.15,D
18.50253,78.15642,336.56,0.39,0.37,2026-03-17,805,N21,VIIRS,l,2.0NRT,310.14,2.34,D
18.50287,80.69402,336.25,0.49,0.4,2026-03-17,805,N21,VIIRS,n,2.0NRT,302.1,4.08,D
18.50342,80.22338,338.97,0.46,0.39,2026-03-17,805,N21,VIIRS,n,2.0NRT,303.8,6.13,D
18.50352,78.20944,367,0.4,0.37,2026-03-17,805,N21,VIIRS,h,2.0NRT,314.08,15.15,D
18.504,80.22771,336.5,0.46,0.39,2026-03-17,805,N21,VIIRS,n,2.0NRT,303.97,3.32,D
18.50586,78.15588,333.92,0.39,0.37,2026-03-17,805,N21,VIIRS,l,2.0NRT,308.04,2.38,D
18.50717,80.69808,330.57,0.49,0.4,2026-03-17,805,N21,VIIRS,l,2.0NRT,303,7.62,D
18.50745,78.1898,333.8,0.4,0.37,2026-03-17,805,N21,VIIRS,l,2.0NRT,308.73,1.61,D
18.51086,80.69761,336.35,0.49,0.4,2026-03-17,805,N21,VIIRS,n,2.0NRT,303.77,5.17,D
18.51471,80.92502,330.78,0.5,0.41,2026-03-17,805,N21,VIIRS,l,2.0NRT,304.18,4.11,D
18.51751,81.62615,335.26,0.55,0.42,2026-03-17,805,N21,VIIRS,n,2.0NRT,301.87,5.75,D
18.51992,77.83692,339.69,0.39,0.36,2026-03-17,805,N21,VIIRS,n,2.0NRT,307.69,3.73,D
18.52402,80.88062,333.44,0.5,0.41,2026-03-17,805,N21,VIIRS,l,2.0NRT,304.11,1.42,D
18.53138,79.92191,333.9,0.45,0.39,2026-03-17,805,N21,VIIRS,n,2.0NRT,304.96,2.02,D
18.53214,80.9994,331.97,0.5,0.41,2026-03-17,805,N21,VIIRS,l,2.0NRT,303.35,3.93,D
18.53296,80.55692,341.33,0.48,0.4,2026-03-17,805,N21,VIIRS,n,2.0NRT,306.33,4.67,D
18.53331,80.56002,340.2,0.48,0.4,2026-03-17,805,N21,VIIRS,n,2.0NRT,306.58,4.99,D
18.5483,80.94881,333.97,0.5,0.41,2026-03-17,805,N21,VIIRS,n,2.0NRT,303.68,3.47,D
18.55288,82.32327,339.94,0.4,0.44,2026-03-17,805,N21,VIIRS,n,2.0NRT,301.91,2.89,D
18.56435,73.29797,338.3,0.48,0.4,2026-03-17,805,N21,VIIRS,l,2.0NRT,310.46,5.49,D
18.56726,80.47909,336.66,0.48,0.4,2026-03-17,805,N21,VIIRS,l,2.0NRT,307.7,2.96,D
18.56786,80.48352,333.1,0.48,0.4,2026-03-17,805,N21,VIIRS,l,2.0NRT,306.61,2.96,D
18.57088,80.4784,339.36,0.48,0.4,2026-03-17,805,N21,VIIRS,n,2.0NRT,307.72,2.96,D
18.57318,80.89425,333.31,0.5,0.41,2026-03-17,805,N21,VIIRS,l,2.0NRT,305.35,2.63,D
18.57638,78.01186,338.36,0.39,0.36,2026-03-17,805,N21,VIIRS,l,2.0NRT,308.67,4.47,D
18.5804,80.68975,332.53,0.49,0.4,2026-03-17,805,N21,VIIRS,l,2.0NRT,304.18,3.37,D
18.58323,80.8259,333.26,0.5,0.41,2026-03-17,805,N21,VIIRS,l,2.0NRT,303.98,1.72,D
18.59636,80.31213,332.63,0.47,0.4,2026-03-17,805,N21,VIIRS,l,2.0NRT,302.74,3.83,D
18.59693,80.64474,336.59,0.49,0.4,2026-03-17,805,N21,VIIRS,n,2.0NRT,304.68,2.21,D
18.59699,80.67329,335.35,0.49,0.4,2026-03-17,805,N21,VIIRS,n,2.0NRT,304.16,5.07,D
18.60369,80.75191,334.49,0.49,0.4,2026-03-17,805,N21,VIIRS,n,2.0NRT,302.02,2.27,D
18.60467,81.58616,332.89,0.54,0.42,2026-03-17,805,N21,VIIRS,l,2.0NRT,306.17,3.96,D
18.60563,73.27613,337.75,0.48,0.4,2026-03-17,805,N21,VIIRS,l,2.0NRT,311.64,3.43,D
18.6064,73.27779,338.46,0.48,0.4,2026-03-17,805,N21,VIIRS,l,2.0NRT,311.51,5.51,D
18.60975,80.88362,331.66,0.5,0.41,2026-03-17,805,N21,VIIRS,n,2.0NRT,300.41,3.38,D
18.61155,80.61422,330.59,0.48,0.4,2026-03-17,805,N21,VIIRS,l,2.0NRT,304.12,2.23,D
18.6126,80.25703,347.66,0.47,0.39,2026-03-17,805,N21,VIIRS,n,2.0NRT,305.81,6.89,D
18.61335,73.25332,341.11,0.48,0.4,2026-03-17,805,N21,VIIRS,n,2.0NRT,311.08,5.3,D
18.61345,73.45284,347.54,0.47,0.4,2026-03-17,805,N21,VIIRS,n,2.0NRT,308.06,13.55,D
18.61468,80.97938,335.05,0.5,0.41,2026-03-17,805,N21,VIIRS,n,2.0NRT,303.97,5.98,D
18.61562,80.25212,335.34,0.46,0.39,2026-03-17,805,N21,VIIRS,n,2.0NRT,304.76,4.76,D
18.61621,80.25648,337.01,0.47,0.39,2026-03-17,805,N21,VIIRS,n,2.0NRT,306.18,5.54,D
18.61728,73.27566,338.33,0.48,0.4,2026-03-17,805,N21,VIIRS,l,2.0NRT,312.36,5.43,D
18.62093,80.8248,334.93,0.5,0.41,2026-03-17,805,N21,VIIRS,n,2.0NRT,299.85,5.09,D
18.62214,80.69278,331.87,0.49,0.4,2026-03-17,805,N21,VIIRS,l,2.0NRT,304.78,4.19,D
18.62582,80.66438,341.41,0.49,0.4,2026-03-17,805,N21,VIIRS,n,2.0NRT,304.17,3.04,D
18.63586,82.49049,340.44,0.41,0.45,2026-03-17,805,N21,VIIRS,n,2.0NRT,302.46,9.87,D
18.63593,73.99056,349.03,0.45,0.39,2026-03-17,805,N21,VIIRS,n,2.0NRT,315.95,6.3,D
18.63835,78.5288,340.81,0.4,0.37,2026-03-17,805,N21,VIIRS,n,2.0NRT,304.04,4.06,D
18.63921,80.57003,337.71,0.48,0.4,2026-03-17,805,N21,VIIRS,n,2.0NRT,304.76,3.31,D
18.63943,80.82169,335.03,0.5,0.41,2026-03-17,805,N21,VIIRS,n,2.0NRT,299.19,3.82,D
18.63943,80.84999,335.53,0.5,0.41,2026-03-17,805,N21,VIIRS,n,2.0NRT,299.59,3.04,D
18.63962,80.57317,346.44,0.48,0.4,2026-03-17,805,N21,VIIRS,n,2.0NRT,305.08,8.11,D
18.6398,80.57454,334.54,0.48,0.4,2026-03-17,805,N21,VIIRS,n,2.0NRT,304.01,3.31,D
18.64005,80.82626,330.79,0.5,0.41,2026-03-17,805,N21,VIIRS,n,2.0NRT,299.71,3.82,D
18.6454,78.60141,335.27,0.4,0.37,2026-03-17,805,N21,VIIRS,l,2.0NRT,307.77,3.81,D
18.65429,80.79155,331.64,0.49,0.41,2026-03-17,805,N21,VIIRS,l,2.0NRT,302.68,4.19,D
18.65492,80.79618,336.5,0.49,0.41,2026-03-17,805,N21,VIIRS,n,2.0NRT,302.37,4.19,D
18.65551,80.66615,330.24,0.49,0.4,2026-03-17,805,N21,VIIRS,l,2.0NRT,304.46,2.13,D
18.65611,80.67068,330.05,0.49,0.4,2026-03-17,805,N21,VIIRS,l,2.0NRT,303.33,2.15,D
18.6565,80.66915,339.9,0.49,0.4,2026-03-17,805,N21,VIIRS,n,2.0NRT,304.53,3.58,D
18.65717,82.46117,340.03,0.41,0.45,2026-03-17,805,N21,VIIRS,n,2.0NRT,301.49,6.19,D
18.65816,78.8108,339.15,0.41,0.37,2026-03-17,805,N21,VIIRS,n,2.0NRT,307.16,5.45,D
18.65938,80.55309,331.36,0.48,0.4,2026-03-17,805,N21,VIIRS,l,2.0NRT,305.57,3.69,D
18.65987,80.80488,347,0.49,0.41,2026-03-17,805,N21,VIIRS,n,2.0NRT,302.17,9.74,D
18.66358,80.80432,334.21,0.49,0.41,2026-03-17,805,N21,VIIRS,n,2.0NRT,300.54,3.77,D
18.66442,73.17927,335.52,0.49,0.4,2026-03-17,805,N21,VIIRS,l,2.0NRT,308.16,4.98,D
18.66808,78.52025,335.67,0.4,0.37,2026-03-17,805,N21,VIIRS,l,2.0NRT,306.93,2,D
18.66849,80.78479,334.29,0.49,0.41,2026-03-17,805,N21,VIIRS,l,2.0NRT,304.77,4.47,D
18.67053,80.78141,332.65,0.49,0.41,2026-03-17,805,N21,VIIRS,l,2.0NRT,303.91,4.15,D
18.67113,80.78605,340.36,0.49,0.41,2026-03-17,805,N21,VIIRS,n,2.0NRT,304.51,4.15,D
18.67189,80.36888,339.36,0.47,0.4,2026-03-17,805,N21,VIIRS,n,2.0NRT,305.51,7.27,D
18.6722,80.78425,337.03,0.49,0.41,2026-03-17,805,N21,VIIRS,n,2.0NRT,304.3,4.47,D
18.67246,80.40052,340.88,0.47,0.4,2026-03-17,805,N21,VIIRS,n,2.0NRT,303.79,7.37,D
18.67249,80.37334,334.75,0.47,0.4,2026-03-17,805,N21,VIIRS,n,2.0NRT,303.59,3.4,D
18.67306,80.40498,353.24,0.47,0.4,2026-03-17,805,N21,VIIRS,n,2.0NRT,304.26,7.37,D
18.67338,80.63086,334.91,0.49,0.4,2026-03-17,805,N21,VIIRS,n,2.0NRT,304.49,3.66,D
18.67365,80.40941,331.37,0.47,0.4,2026-03-17,805,N21,VIIRS,l,2.0NRT,304.83,2.53,D
18.67423,80.78087,332.85,0.49,0.41,2026-03-17,805,N21,VIIRS,l,2.0NRT,303.35,4.15,D
18.67465,80.61208,345.93,0.48,0.4,2026-03-17,805,N21,VIIRS,n,2.0NRT,306.67,6.69,D
18.67484,80.78549,344.04,0.49,0.41,2026-03-17,805,N21,VIIRS,n,2.0NRT,304.28,4.15,D
18.67551,80.36835,350.59,0.47,0.4,2026-03-17,805,N21,VIIRS,n,2.0NRT,303.96,9.71,D
18.67651,80.48586,340.56,0.48,0.4,2026-03-17,805,N21,VIIRS,n,2.0NRT,302.69,4.74,D
18.67955,80.48081,342.47,0.48,0.4,2026-03-17,805,N21,VIIRS,n,2.0NRT,306.15,4.74,D
18.68004,81.73875,330.93,0.56,0.43,2026-03-17,805,N21,VIIRS,l,2.0NRT,304.44,3.47,D
18.68015,80.48523,331.52,0.48,0.4,2026-03-17,805,N21,VIIRS,l,2.0NRT,303.46,4.74,D
18.6812,82.02775,332.15,0.39,0.44,2026-03-17,805,N21,VIIRS,n,2.0NRT,300.41,4.95,D
18.68166,80.25105,330.73,0.47,0.39,2026-03-17,805,N21,VIIRS,l,2.0NRT,304.22,3.9,D
18.68166,82.03141,350.08,0.39,0.44,2026-03-17,805,N21,VIIRS,n,2.0NRT,302.2,4.95,D
18.68663,80.76018,337.48,0.49,0.4,2026-03-17,805,N21,VIIRS,n,2.0NRT,302.79,6.4,D
18.68747,80.48438,330.88,0.48,0.4,2026-03-17,805,N21,VIIRS,l,2.0NRT,305.01,2.66,D
18.68752,80.59624,333.72,0.48,0.4,2026-03-17,805,N21,VIIRS,l,2.0NRT,305.39,3.28,D
18.6924,80.60483,334.52,0.48,0.4,2026-03-17,805,N21,VIIRS,l,2.0NRT,305.57,1.04,D
18.69598,81.07331,330.56,0.51,0.41,2026-03-17,805,N21,VIIRS,n,2.0NRT,299.69,2.37,D
18.70036,80.60829,334.04,0.48,0.4,2026-03-17,805,N21,VIIRS,l,2.0NRT,305.36,2.8,D
18.70156,80.56149,333.48,0.48,0.4,2026-03-17,805,N21,VIIRS,l,2.0NRT,304.74,2.55,D
18.70337,80.32868,341.01,0.47,0.4,2026-03-17,805,N21,VIIRS,n,2.0NRT,306.14,5.59,D
18.71066,81.95194,347.2,0.38,0.43,2026-03-17,805,N21,VIIRS,n,2.0NRT,300.46,4.98,D
18.71371,77.74526,339.32,0.39,0.36,2026-03-17,805,N21,VIIRS,l,2.0NRT,312.87,8.12,D
18.71478,80.9465,331.62,0.5,0.41,2026-03-17,805,N21,VIIRS,l,2.0NRT,303.84,1.59,D
18.715,80.66168,333.89,0.49,0.4,2026-03-17,805,N21,VIIRS,n,2.0NRT,303.13,4.53,D
18.71687,80.67561,343.28,0.49,0.4,2026-03-17,805,N21,VIIRS,n,2.0NRT,304.19,7.22,D
18.71688,80.6198,335.84,0.49,0.4,2026-03-17,805,N21,VIIRS,n,2.0NRT,305.75,3.38,D
18.7193,80.6657,336.51,0.49,0.4,2026-03-17,805,N21,VIIRS,n,2.0NRT,303.58,4.53,D
18.72143,79.53953,335.37,0.43,0.38,2026-03-17,805,N21,VIIRS,l,2.0NRT,310.3,6.99,D
18.72288,78.60104,335.51,0.4,0.37,2026-03-17,805,N21,VIIRS,l,2.0NRT,306.97,7.42,D
18.723,78.22317,338.44,0.4,0.37,2026-03-17,805,N21,VIIRS,l,2.0NRT,310.32,6.86,D
18.72954,80.32232,330.77,0.47,0.4,2026-03-17,805,N21,VIIRS,l,2.0NRT,305.03,0.97,D
18.73038,80.9201,344.42,0.5,0.41,2026-03-17,805,N21,VIIRS,n,2.0NRT,302.27,7.28,D
18.7383,81.18769,333.41,0.52,0.42,2026-03-17,805,N21,VIIRS,n,2.0NRT,300.74,8.35,D
18.74157,80.32942,340.81,0.47,0.4,2026-03-17,805,N21,VIIRS,n,2.0NRT,303.96,5.45,D
18.74183,80.52798,337.28,0.48,0.4,2026-03-17,805,N21,VIIRS,n,2.0NRT,304.39,5.95,D
18.74215,80.53032,337.5,0.48,0.4,2026-03-17,805,N21,VIIRS,n,2.0NRT,304.44,2.32,D
18.748,80.6037,337.46,0.48,0.4,2026-03-17,805,N21,VIIRS,n,2.0NRT,305.23,3.1,D
18.74958,80.77908,341.52,0.49,0.41,2026-03-17,805,N21,VIIRS,n,2.0NRT,302.54,5.09,D
18.75018,80.7835,330.93,0.49,0.41,2026-03-17,805,N21,VIIRS,n,2.0NRT,300.92,5.09,D
18.75045,82.01162,350.29,0.39,0.44,2026-03-17,805,N21,VIIRS,n,2.0NRT,304.23,15.8,D
18.75074,80.28767,334.17,0.47,0.4,2026-03-17,805,N21,VIIRS,l,2.0NRT,305.69,4.67,D
18.75217,80.91218,339.49,0.5,0.41,2026-03-17,805,N21,VIIRS,n,2.0NRT,305.66,5.47,D
18.75355,81.06768,336.92,0.51,0.41,2026-03-17,805,N21,VIIRS,n,2.0NRT,303.76,8.67,D
18.75406,80.92634,335.48,0.5,0.41,2026-03-17,805,N21,VIIRS,n,2.0NRT,304.44,3.89,D
18.75692,80.72144,331.12,0.49,0.4,2026-03-17,805,N21,VIIRS,l,2.0NRT,305.92,4.25,D
18.75832,80.62537,332.25,0.49,0.4,2026-03-17,805,N21,VIIRS,l,2.0NRT,303.38,2.56,D
18.75911,80.57416,338.59,0.48,0.4,2026-03-17,805,N21,VIIRS,n,2.0NRT,303.63,2.69,D
18.76284,80.96379,334.49,0.51,0.41,2026-03-17,805,N21,VIIRS,n,2.0NRT,304.44,4.14,D
18.7636,80.69469,330.26,0.49,0.4,2026-03-17,805,N21,VIIRS,n,2.0NRT,302.13,1.3,D
18.76459,80.89107,340.13,0.5,0.41,2026-03-17,805,N21,VIIRS,n,2.0NRT,303.24,9.69,D
18.76484,80.47631,337.21,0.48,0.4,2026-03-17,805,N21,VIIRS,n,2.0NRT,304.11,4.84,D
18.76517,80.59178,347.43,0.48,0.4,2026-03-17,805,N21,VIIRS,n,2.0NRT,303.54,7.58,D
18.76832,80.8905,331.14,0.5,0.41,2026-03-17,805,N21,VIIRS,l,2.0NRT,302.35,12.81,D
18.76849,80.47578,343.61,0.48,0.4,2026-03-17,805,N21,VIIRS,n,2.0NRT,304.74,6,D
18.76958,80.89999,331.71,0.5,0.41,2026-03-17,805,N21,VIIRS,l,2.0NRT,302.35,10.02,D
18.77115,80.63734,342,0.49,0.4,2026-03-17,805,N21,VIIRS,n,2.0NRT,304.65,9.6,D
18.77133,80.85636,332.82,0.5,0.41,2026-03-17,805,N21,VIIRS,l,2.0NRT,304.19,3.5,D
18.77268,80.89469,353.75,0.5,0.41,2026-03-17,805,N21,VIIRS,n,2.0NRT,306.47,12.81,D
18.77282,80.95268,335.03,0.51,0.41,2026-03-17,805,N21,VIIRS,n,2.0NRT,304.58,2.62,D
18.77332,80.89944,350.47,0.5,0.41,2026-03-17,805,N21,VIIRS,n,2.0NRT,305.06,10.02,D
18.77823,80.87938,340.71,0.5,0.41,2026-03-17,805,N21,VIIRS,n,2.0NRT,303.9,12.65,D
18.78132,80.87411,346.68,0.5,0.41,2026-03-17,805,N21,VIIRS,n,2.0NRT,304.51,5.28,D
18.78164,80.60311,333.94,0.49,0.4,2026-03-17,805,N21,VIIRS,n,2.0NRT,301.89,4.77,D
18.79302,80.7468,340,0.49,0.41,2026-03-17,805,N21,VIIRS,n,2.0NRT,304.15,4.87,D
18.79343,80.43977,333.97,0.48,0.4,2026-03-17,805,N21,VIIRS,n,2.0NRT,303.34,2.23,D
18.79388,80.89922,335.23,0.5,0.41,2026-03-17,805,N21,VIIRS,n,2.0NRT,302.27,5.75,D
18.79406,80.44448,332.07,0.48,0.4,2026-03-17,805,N21,VIIRS,l,2.0NRT,304.31,2.23,D
18.79635,80.90085,336.57,0.5,0.41,2026-03-17,805,N21,VIIRS,n,2.0NRT,302.46,5.75,D
18.79709,80.2224,342,0.47,0.39,2026-03-17,805,N21,VIIRS,n,2.0NRT,302.68,4.46,D
18.79747,80.6377,330.03,0.49,0.4,2026-03-17,805,N21,VIIRS,l,2.0NRT,302.8,5.28,D
18.79751,82.63316,335.77,0.42,0.45,2026-03-17,805,N21,VIIRS,n,2.0NRT,301.53,3.15,D
18.79807,80.64222,330.91,0.49,0.4,2026-03-17,805,N21,VIIRS,l,2.0NRT,303.03,2.2,D
18.79948,82.63255,337.89,0.42,0.45,2026-03-17,805,N21,VIIRS,n,2.0NRT,302.13,3.81,D
18.79957,80.92461,334.2,0.5,0.41,2026-03-17,805,N21,VIIRS,n,2.0NRT,303.54,1.91,D
18.80032,80.77367,334.81,0.5,0.41,2026-03-17,805,N21,VIIRS,n,2.0NRT,304.28,4.5,D
18.80069,80.92249,337.72,0.5,0.41,2026-03-17,805,N21,VIIRS,n,2.0NRT,303,2.92,D
18.80072,80.27561,331.98,0.47,0.4,2026-03-17,805,N21,VIIRS,l,2.0NRT,302.95,3.57,D
18.8011,80.72214,335.02,0.49,0.4,2026-03-17,805,N21,VIIRS,n,2.0NRT,303.13,4.5,D
18.80214,82.63663,333.54,0.42,0.45,2026-03-17,805,N21,VIIRS,n,2.0NRT,303.54,4.1,D
18.80344,80.14645,334.1,0.46,0.39,2026-03-17,805,N21,VIIRS,l,2.0NRT,304.95,3.07,D
18.80398,80.01435,336.73,0.46,0.39,2026-03-17,805,N21,VIIRS,n,2.0NRT,303.41,3.43,D
18.80703,80.14591,335.8,0.46,0.39,2026-03-17,805,N21,VIIRS,n,2.0NRT,304.76,3.07,D
18.80789,80.63129,332.56,0.49,0.4,2026-03-17,805,N21,VIIRS,l,2.0NRT,302.93,5.73,D
18.80975,80.70197,337.72,0.49,0.4,2026-03-17,805,N21,VIIRS,n,2.0NRT,305.57,4.61,D
18.81132,80.88699,337.62,0.5,0.41,2026-03-17,805,N21,VIIRS,n,2.0NRT,304.61,4.4,D
18.81312,80.27481,333.4,0.47,0.4,2026-03-17,805,N21,VIIRS,n,2.0NRT,303.4,2.67,D
18.81506,80.88645,342.02,0.5,0.41,2026-03-17,805,N21,VIIRS,n,2.0NRT,305.69,14.13,D
18.81515,80.27327,333.33,0.47,0.4,2026-03-17,805,N21,VIIRS,l,2.0NRT,303.97,3.84,D
18.81529,80.687,338.17,0.49,0.4,2026-03-17,805,N21,VIIRS,n,2.0NRT,305.15,3.81,D
18.81555,80.97848,332.7,0.51,0.41,2026-03-17,805,N21,VIIRS,n,2.0NRT,303.1,2.54,D
18.81652,80.69622,335.78,0.49,0.4,2026-03-17,805,N21,VIIRS,l,2.0NRT,306.14,4.67,D
18.8171,80.64405,331.72,0.49,0.4,2026-03-17,805,N21,VIIRS,l,2.0NRT,302.53,2.76,D
18.81713,80.70084,341.07,0.49,0.4,2026-03-17,805,N21,VIIRS,n,2.0NRT,304.97,4.67,D
18.81732,80.1134,345.03,0.46,0.39,2026-03-17,805,N21,VIIRS,n,2.0NRT,301.87,6.43,D
18.81755,80.87643,337.53,0.5,0.41,2026-03-17,805,N21,VIIRS,n,2.0NRT,304.41,4.8,D
18.81775,80.70547,347.01,0.49,0.4,2026-03-17,805,N21,VIIRS,n,2.0NRT,305.94,7.12,D
18.81836,80.7101,336.19,0.49,0.4,2026-03-17,805,N21,VIIRS,n,2.0NRT,303.49,7.12,D
18.81881,80.85695,330.8,0.5,0.41,2026-03-17,805,N21,VIIRS,l,2.0NRT,304.23,4.37,D
18.81953,80.63417,333.13,0.49,0.4,2026-03-17,805,N21,VIIRS,n,2.0NRT,302.7,4.02,D
18.82007,80.83765,334.21,0.5,0.41,2026-03-17,805,N21,VIIRS,n,2.0NRT,303.15,3.04,D
18.82069,80.84234,332.06,0.5,0.41,2026-03-17,805,N21,VIIRS,l,2.0NRT,302.5,3.04,D
18.82128,80.87588,334.77,0.5,0.41,2026-03-17,805,N21,VIIRS,n,2.0NRT,303.74,3.33,D
18.8213,80.84703,343.8,0.5,0.41,2026-03-17,805,N21,VIIRS,n,2.0NRT,303.2,6.25,D
18.8232,80.41276,343.11,0.48,0.4,2026-03-17,805,N21,VIIRS,n,2.0NRT,306.98,19.13,D
18.82503,80.84648,342.21,0.5,0.41,2026-03-17,805,N21,VIIRS,n,2.0NRT,303.26,5.05,D
18.82637,80.71363,333.03,0.49,0.4,2026-03-17,805,N21,VIIRS,l,2.0NRT,305.76,5.63,D
18.82652,78.68697,335.73,0.41,0.37,2026-03-17,805,N21,VIIRS,l,2.0NRT,308.4,3.39,D
18.82699,80.68995,336.44,0.49,0.4,2026-03-17,805,N21,VIIRS,l,2.0NRT,306.45,4.76,D
18.82807,80.95716,339.89,0.51,0.41,2026-03-17,805,N21,VIIRS,n,2.0NRT,302.8,6.53,D
18.83084,83.37915,331.7,0.47,0.48,2026-03-17,805,N21,VIIRS,n,2.0NRT,292.49,12.69,D
18.83389,80.18217,334.82,0.46,0.39,2026-03-17,805,N21,VIIRS,n,2.0NRT,302.79,4.16,D
18.83448,80.18655,337.25,0.46,0.39,2026-03-17,805,N21,VIIRS,n,2.0NRT,302.15,4.16,D
18.8355,80.6412,331.45,0.49,0.4,2026-03-17,805,N21,VIIRS,l,2.0NRT,302.05,3.83,D
18.83761,80.12814,330.61,0.46,0.39,2026-03-17,805,N21,VIIRS,l,2.0NRT,304.68,2.75,D
18.83808,80.18601,342.4,0.46,0.39,2026-03-17,805,N21,VIIRS,n,2.0NRT,302.69,5.71,D
18.8382,80.13251,336.73,0.46,0.39,2026-03-17,805,N21,VIIRS,n,2.0NRT,303.46,2.75,D
18.8387,80.89263,334.06,0.5,0.41,2026-03-17,805,N21,VIIRS,n,2.0NRT,302.57,2.57,D
18.83918,80.64062,330.92,0.49,0.4,2026-03-17,805,N21,VIIRS,l,2.0NRT,302.26,3.83,D
18.84108,80.6547,331.42,0.49,0.4,2026-03-17,805,N21,VIIRS,l,2.0NRT,302.03,2.8,D
18.84359,80.72952,338.41,0.49,0.4,2026-03-17,805,N21,VIIRS,n,2.0NRT,301.09,6.07,D
18.8442,80.73409,340.3,0.49,0.41,2026-03-17,805,N21,VIIRS,n,2.0NRT,301.51,6.07,D
18.84729,80.72897,339.97,0.49,0.4,2026-03-17,805,N21,VIIRS,n,2.0NRT,301.66,6.19,D
18.84741,80.87209,331.08,0.5,0.41,2026-03-17,805,N21,VIIRS,l,2.0NRT,302.57,3.67,D
18.84833,80.59727,330.83,0.49,0.4,2026-03-17,805,N21,VIIRS,l,2.0NRT,302.13,5.15,D
18.84892,80.60168,331.68,0.49,0.4,2026-03-17,805,N21,VIIRS,n,2.0NRT,301.31,5.15,D
18.85177,80.87629,336.13,0.5,0.41,2026-03-17,805,N21,VIIRS,n,2.0NRT,302.96,3.83,D
18.85366,80.58377,338.23,0.49,0.4,2026-03-17,805,N21,VIIRS,n,2.0NRT,301.98,5.23,D
18.85427,80.58842,343.88,0.49,0.4,2026-03-17,805,N21,VIIRS,n,2.0NRT,302.25,6.96,D
18.85441,80.58688,352.17,0.48,0.4,2026-03-17,805,N21,VIIRS,n,2.0NRT,303.09,13.59,D
18.85472,80.75623,335.71,0.49,0.41,2026-03-17,805,N21,VIIRS,n,2.0NRT,303.18,3.84,D
18.85504,82.45225,343.85,0.41,0.45,2026-03-17,805,N21,VIIRS,n,2.0NRT,300.54,4.31,D
18.85788,80.16956,332.29,0.46,0.39,2026-03-17,805,N21,VIIRS,l,2.0NRT,303.68,1.99,D
18.85848,80.17396,330.36,0.46,0.39,2026-03-17,805,N21,VIIRS,l,2.0NRT,303.57,1.99,D
18.85986,80.87992,342.86,0.5,0.41,2026-03-17,805,N21,VIIRS,n,2.0NRT,303.56,5.2,D
18.8611,79.43113,334.52,0.43,0.38,2026-03-17,805,N21,VIIRS,l,2.0NRT,309.01,3.34,D
18.86135,80.24959,334.91,0.47,0.4,2026-03-17,805,N21,VIIRS,l,2.0NRT,305.85,4.12,D
18.86445,80.19093,334.42,0.46,0.39,2026-03-17,805,N21,VIIRS,l,2.0NRT,304.55,4.34,D
18.86805,80.19038,339.91,0.46,0.39,2026-03-17,805,N21,VIIRS,n,2.0NRT,304.23,8,D
18.86865,80.19475,334.97,0.46,0.39,2026-03-17,805,N21,VIIRS,n,2.0NRT,304.2,2.98,D
18.87053,80.65004,330.52,0.49,0.4,2026-03-17,805,N21,VIIRS,l,2.0NRT,302.57,4.11,D
18.87309,80.64648,331.21,0.49,0.4,2026-03-17,805,N21,VIIRS,l,2.0NRT,302.44,3.44,D
18.88707,82.67439,330.09,0.42,0.46,2026-03-17,805,N21,VIIRS,l,2.0NRT,302.67,3.32,D
18.88836,80.36771,334.29,0.47,0.4,2026-03-17,805,N21,VIIRS,l,2.0NRT,305.64,3.34,D
18.8974,78.51936,338.52,0.4,0.37,2026-03-17,805,N21,VIIRS,n,2.0NRT,308.3,5.98,D
18.89961,80.479,342.43,0.48,0.4,2026-03-17,805,N21,VIIRS,n,2.0NRT,301.74,8.23,D
18.90109,80.35219,341.73,0.47,0.4,2026-03-17,805,N21,VIIRS,n,2.0NRT,306.86,6.76,D
18.90472,80.35165,340.39,0.47,0.4,2026-03-17,805,N21,VIIRS,n,2.0NRT,306.83,5.53,D
18.90573,80.58086,332.68,0.49,0.4,2026-03-17,805,N21,VIIRS,n,2.0NRT,302.1,3.23,D
18.9094,79.886,338.91,0.45,0.39,2026-03-17,805,N21,VIIRS,n,2.0NRT,306,3.8,D
18.9105,77.12761,346.29,0.38,0.36,2026-03-17,805,N21,VIIRS,n,2.0NRT,314.1,7.27,D
18.9137,80.2282,338.48,0.47,0.39,2026-03-17,805,N21,VIIRS,n,2.0NRT,302.4,7.23,D
18.91464,80.08656,336.99,0.46,0.39,2026-03-17,805,N21,VIIRS,n,2.0NRT,305.83,3.89,D
18.91528,80.2293,333.9,0.47,0.4,2026-03-17,805,N21,VIIRS,n,2.0NRT,302.06,4.92,D
18.91666,80.72022,336.34,0.49,0.41,2026-03-17,805,N21,VIIRS,n,2.0NRT,304.58,5.15,D
18.91736,80.6119,333.62,0.49,0.4,2026-03-17,805,N21,VIIRS,n,2.0NRT,302.32,4.36,D
18.92006,78.9537,332.31,0.42,0.37,2026-03-17,805,N21,VIIRS,l,2.0NRT,305.84,1.94,D
18.92105,80.61137,337.2,0.49,0.4,2026-03-17,805,N21,VIIRS,n,2.0NRT,302.58,4.36,D
18.9226,80.20125,342.39,0.47,0.39,2026-03-17,805,N21,VIIRS,n,2.0NRT,306.81,29.73,D
18.92378,80.01878,336.68,0.46,0.39,2026-03-17,805,N21,VIIRS,n,2.0NRT,301.94,4.37,D
18.92735,80.01821,340.49,0.46,0.39,2026-03-17,805,N21,VIIRS,n,2.0NRT,303.7,4.37,D
18.93086,80.77051,334.43,0.5,0.41,2026-03-17,805,N21,VIIRS,n,2.0NRT,304.31,2.82,D
18.93236,82.8661,340.6,0.44,0.46,2026-03-17,805,N21,VIIRS,n,2.0NRT,301.38,11.59,D
18.93291,82.86665,342.79,0.44,0.46,2026-03-17,805,N21,VIIRS,n,2.0NRT,303.61,6.51,D
18.93577,80.63721,332.07,0.49,0.4,2026-03-17,805,N21,VIIRS,n,2.0NRT,300.98,3.69,D
18.93953,80.89428,332.24,0.5,0.41,2026-03-17,805,N21,VIIRS,l,2.0NRT,302.89,1.52,D
18.94036,80.06041,341.73,0.46,0.39,2026-03-17,805,N21,VIIRS,n,2.0NRT,303.01,2.69,D
18.94187,80.15291,331.15,0.46,0.39,2026-03-17,805,N21,VIIRS,l,2.0NRT,301.85,4.34,D
18.94218,80.04683,346.47,0.46,0.39,2026-03-17,805,N21,VIIRS,n,2.0NRT,302.73,6.66,D
18.94462,82.24149,340.5,0.4,0.44,2026-03-17,805,N21,VIIRS,n,2.0NRT,301.65,4.68,D
18.94488,80.14803,335.29,0.46,0.39,2026-03-17,805,N21,VIIRS,n,2.0NRT,302.73,4.34,D
18.94545,80.15226,344.38,0.46,0.39,2026-03-17,805,N21,VIIRS,n,2.0NRT,303.26,4.34,D
18.94547,80.17982,330.94,0.46,0.39,2026-03-17,805,N21,VIIRS,l,2.0NRT,305.56,6.5,D
18.94576,80.85475,332.63,0.5,0.41,2026-03-17,805,N21,VIIRS,l,2.0NRT,303.33,4.88,D
18.9522,80.34081,332.75,0.47,0.4,2026-03-17,805,N21,VIIRS,n,2.0NRT,301.18,7.93,D
18.95838,78.7292,347.94,0.41,0.37,2026-03-17,805,N21,VIIRS,n,2.0NRT,309.12,4.83,D
18.96027,80.29025,337.54,0.47,0.4,2026-03-17,805,N21,VIIRS,n,2.0NRT,305.3,5.84,D
18.96128,80.82835,333.5,0.5,0.41,2026-03-17,805,N21,VIIRS,n,2.0NRT,303.16,2.29,D
18.97157,81.17037,335.34,0.52,0.42,2026-03-17,805,N21,VIIRS,n,2.0NRT,304.34,5.32,D
18.97221,81.17527,336.07,0.52,0.42,2026-03-17,805,N21,VIIRS,n,2.0NRT,304.83,5.32,D
18.97845,80.0983,330.15,0.46,0.39,2026-03-17,805,N21,VIIRS,l,2.0NRT,303.97,1.53,D
18.97849,80.51147,330.93,0.48,0.4,2026-03-17,805,N21,VIIRS,l,2.0NRT,304.98,3.61,D
18.98019,83.3591,339.8,0.47,0.48,2026-03-17,805,N21,VIIRS,n,2.0NRT,299.35,9.55,D
18.98024,80.71554,331.41,0.49,0.41,2026-03-17,805,N21,VIIRS,l,2.0NRT,302.7,2.46,D
18.98457,81.00418,331.51,0.51,0.41,2026-03-17,805,N21,VIIRS,l,2.0NRT,301.79,3.38,D
18.98497,83.35186,337.12,0.47,0.48,2026-03-17,805,N21,VIIRS,n,2.0NRT,299.64,4.97,D
18.98555,83.33043,340.06,0.47,0.48,2026-03-17,805,N21,VIIRS,n,2.0NRT,299.89,6.29,D
18.98631,82.84711,335.71,0.44,0.46,2026-03-17,805,N21,VIIRS,n,2.0NRT,300.79,6.61,D
18.98705,83.33136,334.72,0.47,0.48,2026-03-17,805,N21,VIIRS,n,2.0NRT,299.18,5.52,D
18.98779,80.69737,333.51,0.49,0.41,2026-03-17,805,N21,VIIRS,l,2.0NRT,303.62,1.72,D
18.98821,80.52851,334.99,0.48,0.4,2026-03-17,805,N21,VIIRS,n,2.0NRT,303.42,2.56,D
18.9888,80.53298,341.82,0.48,0.4,2026-03-17,805,N21,VIIRS,n,2.0NRT,305.67,17.51,D
18.98906,78.84734,335.42,0.41,0.37,2026-03-17,805,N21,VIIRS,l,2.0NRT,306.92,5.53,D
18.98987,80.15498,330.44,0.46,0.39,2026-03-17,805,N21,VIIRS,l,2.0NRT,303.32,3.13,D
18.99008,81.31412,338.96,0.53,0.42,2026-03-17,805,N21,VIIRS,n,2.0NRT,303.12,3.6,D
18.99118,80.81147,332.31,0.5,0.41,2026-03-17,805,N21,VIIRS,l,2.0NRT,304.14,1.74,D
18.99149,80.69683,337.88,0.49,0.41,2026-03-17,805,N21,VIIRS,n,2.0NRT,305.4,3.2,D
18.99166,84.43528,338.43,0.55,0.51,2026-03-17,805,N21,VIIRS,n,2.0NRT,285.87,39.25,D
18.99191,78.84292,345.19,0.41,0.37,2026-03-17,805,N21,VIIRS,n,2.0NRT,308.7,5.86,D
18.9921,80.70145,336.74,0.49,0.41,2026-03-17,805,N21,VIIRS,n,2.0NRT,303.67,4.41,D
18.99231,84.44088,332.49,0.55,0.51,2026-03-17,805,N21,VIIRS,n,2.0NRT,283.07,24.79,D
18.99306,80.53687,338.9,0.48,0.4,2026-03-17,805,N21,VIIRS,n,2.0NRT,303.41,6.22,D
18.99367,80.54146,340.93,0.48,0.4,2026-03-17,805,N21,VIIRS,n,2.0NRT,303.87,4.77,D
18.99402,80.07839,334.03,0.46,0.39,2026-03-17,805,N21,VIIRS,l,2.0NRT,304.23,3.01,D
18.99462,80.08272,335.69,0.46,0.39,2026-03-17,805,N21,VIIRS,n,2.0NRT,304.87,3.01,D
18.99532,78.84238,348.6,0.41,0.37,2026-03-17,805,N21,VIIRS,n,2.0NRT,307.87,5.86,D
18.99612,78.77473,333.83,0.41,0.37,2026-03-17,805,N21,VIIRS,n,2.0NRT,305.9,2.36,D
18.99648,84.43583,338.75,0.55,0.51,2026-03-17,805,N21,VIIRS,n,2.0NRT,284.44,24.6,D
18.99667,78.77862,333.67,0.41,0.37,2026-03-17,805,N21,VIIRS,n,2.0NRT,306.45,2.66,D
18.99698,78.85406,333.55,0.41,0.37,2026-03-17,805,N21,VIIRS,l,2.0NRT,306.76,3.87,D
18.99734,80.54091,335.08,0.48,0.4,2026-03-17,805,N21,VIIRS,n,2.0NRT,303.22,4.77,D
18.99737,78.73495,335.09,0.41,0.37,2026-03-17,805,N21,VIIRS,l,2.0NRT,307.45,3.02,D
18.99795,80.54554,332.9,0.48,0.4,2026-03-17,805,N21,VIIRS,n,2.0NRT,300.81,4.77,D
18.998,80.84705,335.95,0.5,0.41,2026-03-17,805,N21,VIIRS,n,2.0NRT,303.71,4.58,D
18.99833,78.79027,342.14,0.41,0.37,2026-03-17,805,N21,VIIRS,n,2.0NRT,308.48,4.5,D
18.99835,80.66269,336.33,0.49,0.4,2026-03-17,805,N21,VIIRS,n,2.0NRT,304.87,4.25,D
18.99854,80.82281,332.33,0.5,0.41,2026-03-17,805,N21,VIIRS,n,2.0NRT,302.28,3.66,D
18.99978,80.84879,330.1,0.5,0.41,2026-03-17,805,N21,VIIRS,l,2.0NRT,304.21,3.9,D
18.99983,78.84963,339.46,0.41,0.37,2026-03-17,805,N21,VIIRS,n,2.0NRT,308.06,3.98,D
19.00002,80.06886,330.06,0.46,0.39,2026-03-17,805,N21,VIIRS,l,2.0NRT,302.73,3.25,D
19.00101,80.5404,334.65,0.48,0.4,2026-03-17,805,N21,VIIRS,n,2.0NRT,302.44,3.56,D
19.00118,78.78584,337.42,0.41,0.37,2026-03-17,805,N21,VIIRS,n,2.0NRT,307.92,4.5,D
19.00174,78.78972,345.88,0.41,0.37,2026-03-17,805,N21,VIIRS,n,2.0NRT,308.85,4.5,D
19.00185,80.16195,344.93,0.46,0.39,2026-03-17,805,N21,VIIRS,n,2.0NRT,303.63,4.96,D
19.00194,80.0659,330.2,0.46,0.39,2026-03-17,805,N21,VIIRS,l,2.0NRT,302.93,3.08,D
19.00269,78.84519,337.58,0.41,0.37,2026-03-17,805,N21,VIIRS,l,2.0NRT,307.77,4.69,D
19.00324,78.84909,335.06,0.41,0.37,2026-03-17,805,N21,VIIRS,l,2.0NRT,306.78,3.98,D
19.00435,78.85688,339.39,0.41,0.37,2026-03-17,805,N21,VIIRS,n,2.0NRT,307.91,6.73,D
19.00458,78.78529,333.05,0.41,0.37,2026-03-17,805,N21,VIIRS,l,2.0NRT,306.77,3.37,D
19.00485,80.15706,334.09,0.46,0.39,2026-03-17,805,N21,VIIRS,n,2.0NRT,302.1,4.96,D
19.00513,78.78918,347.86,0.41,0.37,2026-03-17,805,N21,VIIRS,n,2.0NRT,307.45,3.37,D
19.00521,78.7654,334.65,0.41,0.37,2026-03-17,805,N21,VIIRS,l,2.0NRT,306.8,3.22,D
19.00545,80.16139,342.28,0.46,0.39,2026-03-17,805,N21,VIIRS,n,2.0NRT,303.61,4.96,D
19.0066,80.0635,347.69,0.46,0.39,2026-03-17,805,N21,VIIRS,n,2.0NRT,306.03,6.03,D
19.00665,78.84856,334.16,0.41,0.37,2026-03-17,805,N21,VIIRS,l,2.0NRT,306.84,4.51,D
19.00719,80.06776,346.08,0.46,0.39,2026-03-17,805,N21,VIIRS,n,2.0NRT,305.11,9.33,D
19.00776,78.85635,367,0.41,0.37,2026-03-17,805,N21,VIIRS,h,2.0NRT,310.3,9,D
19.00853,80.06052,339.69,0.46,0.39,2026-03-17,805,N21,VIIRS,n,2.0NRT,307.21,17.51,D
19.0091,80.0648,346.07,0.46,0.39,2026-03-17,805,N21,VIIRS,n,2.0NRT,310.11,17.51,D
19.00967,80.06899,346.32,0.46,0.39,2026-03-17,805,N21,VIIRS,n,2.0NRT,303.68,4.75,D
19.01172,78.85971,334.97,0.41,0.37,2026-03-17,805,N21,VIIRS,n,2.0NRT,307.08,9,D
19.01578,79.26322,341.2,0.43,0.38,2026-03-17,805,N21,VIIRS,n,2.0NRT,303.94,4.17,D
19.01772,80.89941,336.93,0.51,0.41,2026-03-17,805,N21,VIIRS,n,2.0NRT,303.53,3.83,D
19.01854,78.85863,332.53,0.41,0.37,2026-03-17,805,N21,VIIRS,l,2.0NRT,306.54,3.49,D
19.01943,80.29029,341.65,0.47,0.4,2026-03-17,805,N21,VIIRS,n,2.0NRT,304.09,8.27,D
19.02327,81.09291,336.58,0.52,0.41,2026-03-17,805,N21,VIIRS,n,2.0NRT,305.02,4.14,D
19.02904,80.83968,330.43,0.5,0.41,2026-03-17,805,N21,VIIRS,l,2.0NRT,303.08,1.9,D
19.03038,80.64851,332.91,0.49,0.4,2026-03-17,805,N21,VIIRS,l,2.0NRT,303.96,3.64,D
19.0331,80.1899,330.37,0.47,0.39,2026-03-17,805,N21,VIIRS,l,2.0NRT,301.78,2.99,D
19.03373,81.05398,333.56,0.52,0.41,2026-03-17,805,N21,VIIRS,l,2.0NRT,305.26,2.78,D
19.0343,81.0887,338.15,0.52,0.41,2026-03-17,805,N21,VIIRS,n,2.0NRT,305.53,4.09,D
19.03463,81.09134,332.28,0.52,0.41,2026-03-17,805,N21,VIIRS,l,2.0NRT,305.33,2.08,D
19.03614,80.1851,330.2,0.47,0.39,2026-03-17,805,N21,VIIRS,l,2.0NRT,302.61,1.75,D
19.03672,80.18949,333.33,0.47,0.39,2026-03-17,805,N21,VIIRS,n,2.0NRT,301.67,2.99,D
19.03712,80.81431,330.1,0.5,0.41,2026-03-17,805,N21,VIIRS,l,2.0NRT,303.24,1.78,D
19.03963,79.20628,344.66,0.43,0.38,2026-03-17,805,N21,VIIRS,n,2.0NRT,307.16,3.55,D
19.04577,80.20224,333.84,0.47,0.4,2026-03-17,805,N21,VIIRS,n,2.0NRT,302.05,4.85,D
19.04691,80.49213,335.77,0.48,0.4,2026-03-17,805,N21,VIIRS,n,2.0NRT,303.79,3.06,D
19.04996,80.48707,334.06,0.48,0.4,2026-03-17,805,N21,VIIRS,n,2.0NRT,305.09,3.06,D
19.05045,80.01906,340.58,0.46,0.39,2026-03-17,805,N21,VIIRS,n,2.0NRT,305.09,4.73,D
19.052,80.72593,335.12,0.5,0.41,2026-03-17,805,N21,VIIRS,n,2.0NRT,303.95,3.51,D
19.05344,80.01419,344.03,0.46,0.39,2026-03-17,805,N21,VIIRS,n,2.0NRT,305.41,6.74,D
19.05362,80.48653,337.02,0.48,0.4,2026-03-17,805,N21,VIIRS,n,2.0NRT,304.5,5.45,D
19.05402,80.01847,334.91,0.46,0.39,2026-03-17,805,N21,VIIRS,n,2.0NRT,304.57,3.03,D
19.05696,80.73476,333.22,0.5,0.41,2026-03-17,805,N21,VIIRS,l,2.0NRT,304.49,2.76,D
19.05698,80.28646,337.95,0.47,0.4,2026-03-17,805,N21,VIIRS,n,2.0NRT,302.17,3.77,D
19.05939,80.47395,334.5,0.48,0.4,2026-03-17,805,N21,VIIRS,n,2.0NRT,303.98,4.07,D
19.06007,78.85227,337.46,0.41,0.37,2026-03-17,805,N21,VIIRS,n,2.0NRT,307.6,5.15,D
19.0608,78.53999,346.41,0.41,0.37,2026-03-17,805,N21,VIIRS,n,2.0NRT,311.72,6.9,D
19.06205,81.03487,334.63,0.51,0.41,2026-03-17,805,N21,VIIRS,n,2.0NRT,303.26,3.56,D
19.06508,80.18144,341.28,0.47,0.39,2026-03-17,805,N21,VIIRS,n,2.0NRT,304.29,7.98,D
19.06583,80.55209,339.63,0.49,0.4,2026-03-17,805,N21,VIIRS,n,2.0NRT,305.24,7.85,D
19.06597,80.54978,340.45,0.49,0.4,2026-03-17,805,N21,VIIRS,n,2.0NRT,306.82,7.22,D
19.06791,80.48199,330.36,0.48,0.4,2026-03-17,805,N21,VIIRS,l,2.0NRT,303.05,2.47,D
19.06831,80.96499,336.48,0.51,0.41,2026-03-17,805,N21,VIIRS,n,2.0NRT,303.84,7.98,D
19.07112,80.17166,333.62,0.47,0.39,2026-03-17,805,N21,VIIRS,n,2.0NRT,303.31,3.33,D
19.07225,80.45819,336.47,0.48,0.4,2026-03-17,805,N21,VIIRS,n,2.0NRT,303.98,6.3,D
19.07232,80.43039,341.83,0.48,0.4,2026-03-17,805,N21,VIIRS,n,2.0NRT,302.57,6.12,D
19.07413,80.16673,336.12,0.47,0.39,2026-03-17,805,N21,VIIRS,n,2.0NRT,304.39,3.75,D
19.07489,80.72738,333.64,0.5,0.41,2026-03-17,805,N21,VIIRS,l,2.0NRT,305.61,2.3,D
19.0753,81.19755,335.92,0.53,0.42,2026-03-17,805,N21,VIIRS,n,2.0NRT,304.35,5.33,D
19.0791,80.67441,330.13,0.49,0.4,2026-03-17,805,N21,VIIRS,l,2.0NRT,304.3,0.94,D
19.07923,80.73151,330.89,0.5,0.41,2026-03-17,805,N21,VIIRS,l,2.0NRT,305.13,3.73,D
19.07986,80.73618,354.82,0.5,0.41,2026-03-17,805,N21,VIIRS,n,2.0NRT,305.01,16.52,D
19.08409,82.4257,335.3,0.41,0.45,2026-03-17,805,N21,VIIRS,n,2.0NRT,301.58,4.48,D
19.08918,80.73259,330.8,0.5,0.41,2026-03-17,805,N21,VIIRS,l,2.0NRT,303.41,1.28,D
19.08919,80.74918,330.2,0.5,0.41,2026-03-17,805,N21,VIIRS,l,2.0NRT,303.91,1.29,D
19.08925,81.1255,338.34,0.52,0.42,2026-03-17,805,N21,VIIRS,n,2.0NRT,304.55,6.98,D
19.08983,81.07069,330.72,0.52,0.41,2026-03-17,805,N21,VIIRS,l,2.0NRT,303.88,1.74,D
19.09093,80.20924,335.7,0.47,0.4,2026-03-17,805,N21,VIIRS,n,2.0NRT,304.96,3.61,D
19.09153,80.21365,334.84,0.47,0.4,2026-03-17,805,N21,VIIRS,n,2.0NRT,304.27,3.61,D
19.09344,82.16773,342.41,0.4,0.44,2026-03-17,805,N21,VIIRS,n,2.0NRT,307.52,8.32,D
19.09554,80.66492,331.16,0.49,0.4,2026-03-17,805,N21,VIIRS,l,2.0NRT,304.09,1.85,D
19.09749,82.16718,342.86,0.4,0.44,2026-03-17,805,N21,VIIRS,n,2.0NRT,307.4,8.32,D
19.09917,80.38033,336.45,0.48,0.4,2026-03-17,805,N21,VIIRS,n,2.0NRT,303.93,5.12,D
19.09942,77.16594,339.84,0.38,0.36,2026-03-17,805,N21,VIIRS,l,2.0NRT,312.79,4.79,D
19.10156,80.42612,332.98,0.48,0.4,2026-03-17,805,N21,VIIRS,l,2.0NRT,304.16,5.51,D
19.10249,78.73419,332.45,0.41,0.37,2026-03-17,805,N21,VIIRS,l,2.0NRT,307.25,1.7,D
19.10282,80.37981,330.77,0.48,0.4,2026-03-17,805,N21,VIIRS,l,2.0NRT,303.65,4.52,D
19.10297,80.13553,332.57,0.46,0.39,2026-03-17,805,N21,VIIRS,l,2.0NRT,305.58,2.11,D
19.10342,80.38431,330.11,0.48,0.4,2026-03-17,805,N21,VIIRS,l,2.0NRT,302.81,4.52,D
19.10558,82.16608,331.66,0.4,0.44,2026-03-17,805,N21,VIIRS,l,2.0NRT,305.72,4.88,D
19.10585,80.37471,349.56,0.48,0.4,2026-03-17,805,N21,VIIRS,n,2.0NRT,304.76,11.61,D
19.10646,80.37928,334.74,0.48,0.4,2026-03-17,805,N21,VIIRS,n,2.0NRT,304.25,4.52,D
19.10817,79.91452,336.34,0.45,0.39,2026-03-17,805,N21,VIIRS,n,2.0NRT,303.94,3.33,D
19.11011,80.37876,333.92,0.48,0.4,2026-03-17,805,N21,VIIRS,l,2.0NRT,303.98,2.56,D
19.11069,80.43858,330.87,0.48,0.4,2026-03-17,805,N21,VIIRS,l,2.0NRT,302.78,2.92,D
19.11133,80.08954,330.2,0.46,0.39,2026-03-17,805,N21,VIIRS,l,2.0NRT,304.77,2.94,D
19.11314,80.31862,334.37,0.47,0.4,2026-03-17,805,N21,VIIRS,n,2.0NRT,302.52,3.01,D
19.11339,79.95338,332.75,0.46,0.39,2026-03-17,805,N21,VIIRS,l,2.0NRT,304.9,2.13,D
19.1134,80.09042,330.8,0.46,0.39,2026-03-17,805,N21,VIIRS,l,2.0NRT,305.62,1.74,D
19.11374,80.40578,335.79,0.48,0.4,2026-03-17,805,N21,VIIRS,n,2.0NRT,303.2,6.06,D
19.11434,80.43804,331.58,0.48,0.4,2026-03-17,805,N21,VIIRS,l,2.0NRT,302.68,2.92,D
19.11496,80.41485,340.95,0.48,0.4,2026-03-17,805,N21,VIIRS,n,2.0NRT,300.91,3.5,D
19.115,80.81514,330.81,0.5,0.41,2026-03-17,805,N21,VIIRS,l,2.0NRT,304.47,3.48,D
19.11851,78.65253,336.1,0.41,0.37,2026-03-17,805,N21,VIIRS,l,2.0NRT,309.48,3.73,D
19.11958,80.67564,332.78,0.49,0.41,2026-03-17,805,N21,VIIRS,l,2.0NRT,304.35,4,D
19.11975,79.12855,332.69,0.42,0.38,2026-03-17,805,N21,VIIRS,l,2.0NRT,303.87,2.76,D
19.12102,79.1125,330.63,0.42,0.38,2026-03-17,805,N21,VIIRS,l,2.0NRT,305.07,1.82,D
19.12105,80.32224,333.67,0.47,0.4,2026-03-17,805,N21,VIIRS,n,2.0NRT,301.99,4.08,D
19.12157,79.11643,330.25,0.42,0.38,2026-03-17,805,N21,VIIRS,l,2.0NRT,304.98,1.82,D
19.12226,80.38614,336.28,0.48,0.4,2026-03-17,805,N21,VIIRS,n,2.0NRT,303.2,2.99,D
19.12372,79.13174,332.76,0.42,0.38,2026-03-17,805,N21,VIIRS,l,2.0NRT,305.87,2.76,D
19.12391,79.10803,341.81,0.42,0.38,2026-03-17,805,N21,VIIRS,n,2.0NRT,306.4,4.29,D
19.12435,77.53448,337.51,0.39,0.36,2026-03-17,805,N21,VIIRS,l,2.0NRT,311.69,4.23,D
19.12444,80.74169,335.54,0.5,0.41,2026-03-17,805,N21,VIIRS,l,2.0NRT,305.95,4.02,D
19.12502,80.77523,339.42,0.5,0.41,2026-03-17,805,N21,VIIRS,n,2.0NRT,303.64,3.36,D
19.1257,80.72237,334.2,0.5,0.41,2026-03-17,805,N21,VIIRS,l,2.0NRT,304.76,3.49,D
19.12591,80.38561,338.77,0.48,0.4,2026-03-17,805,N21,VIIRS,n,2.0NRT,304.17,4.27,D
19.12592,80.3308,336.75,0.47,0.4,2026-03-17,805,N21,VIIRS,n,2.0NRT,303.41,6.7,D
19.12715,79.1311,340.82,0.42,0.38,2026-03-17,805,N21,VIIRS,n,2.0NRT,308.49,4.19,D
19.12735,79.10749,334.58,0.42,0.38,2026-03-17,805,N21,VIIRS,n,2.0NRT,305.26,4.29,D
19.1283,80.32106,345.76,0.47,0.4,2026-03-17,805,N21,VIIRS,n,2.0NRT,303.75,8.81,D
19.13004,79.12657,337.49,0.42,0.38,2026-03-17,805,N21,VIIRS,n,2.0NRT,309.51,4.19,D
19.13009,78.48261,341.22,0.4,0.37,2026-03-17,805,N21,VIIRS,l,2.0NRT,311.51,4.61,D
19.13059,79.1305,344.26,0.42,0.38,2026-03-17,805,N21,VIIRS,n,2.0NRT,309.09,4.19,D
19.1319,80.71189,333.18,0.5,0.41,2026-03-17,805,N21,VIIRS,l,2.0NRT,303.89,4.22,D
19.13193,80.32044,330.61,0.47,0.4,2026-03-17,805,N21,VIIRS,l,2.0NRT,302.29,2.42,D
19.13499,80.70667,343.42,0.5,0.41,2026-03-17,805,N21,VIIRS,n,2.0NRT,304.58,7.03,D
19.13561,80.71136,337.96,0.5,0.41,2026-03-17,805,N21,VIIRS,n,2.0NRT,304.56,4.22,D
19.13889,79.08945,336.54,0.42,0.38,2026-03-17,805,N21,VIIRS,l,2.0NRT,306.63,3.08,D
19.14218,80.31409,343.25,0.47,0.4,2026-03-17,805,N21,VIIRS,n,2.0NRT,302.73,6.34,D
19.14233,79.08887,341.97,0.42,0.38,2026-03-17,805,N21,VIIRS,n,2.0NRT,305.82,4.77,D
19.14247,80.31079,331.68,0.47,0.4,2026-03-17,805,N21,VIIRS,n,2.0NRT,301.91,4.42,D
19.14283,80.31885,341.76,0.47,0.4,2026-03-17,805,N21,VIIRS,n,2.0NRT,303.22,8.9,D
19.14309,80.31553,345.51,0.47,0.4,2026-03-17,805,N21,VIIRS,n,2.0NRT,302.29,4.42,D
19.14331,80.09468,333.93,0.46,0.39,2026-03-17,805,N21,VIIRS,l,2.0NRT,304.58,1.66,D
19.1437,80.32024,332.51,0.47,0.4,2026-03-17,805,N21,VIIRS,n,2.0NRT,301.87,2.15,D
19.14675,80.7961,330.43,0.5,0.41,2026-03-17,805,N21,VIIRS,l,2.0NRT,302.63,4.32,D
19.14896,80.33647,340.31,0.47,0.4,2026-03-17,805,N21,VIIRS,n,2.0NRT,303.85,5.91,D
19.14971,80.33781,341.23,0.48,0.4,2026-03-17,805,N21,VIIRS,n,2.0NRT,304.36,6.59,D
19.15018,80.36977,336.06,0.48,0.4,2026-03-17,805,N21,VIIRS,n,2.0NRT,302.51,4.04,D
19.15097,80.2909,334.41,0.47,0.4,2026-03-17,805,N21,VIIRS,n,2.0NRT,302.23,6.03,D
19.15259,80.33589,342.85,0.47,0.4,2026-03-17,805,N21,VIIRS,n,2.0NRT,303.59,5.91,D
19.1532,81.46809,336.37,0.54,0.42,2026-03-17,805,N21,VIIRS,n,2.0NRT,303.03,6.51,D
19.15326,80.36784,330.28,0.48,0.4,2026-03-17,805,N21,VIIRS,l,2.0NRT,301.5,1.64,D
19.15385,76.89663,339.2,0.38,0.36,2026-03-17,805,N21,VIIRS,n,2.0NRT,314.19,2.13,D
19.1545,82.63374,339.43,0.43,0.46,2026-03-17,805,N21,VIIRS,n,2.0NRT,303.95,4.51,D
19.15724,80.67482,330.84,0.49,0.41,2026-03-17,805,N21,VIIRS,l,2.0NRT,304.42,3.12,D
19.15867,82.63316,354.76,0.43,0.46,2026-03-17,805,N21,VIIRS,n,2.0NRT,304.6,16.41,D
19.15973,80.86612,331,0.51,0.41,2026-03-17,805,N21,VIIRS,l,2.0NRT,301.16,5.88,D
19.16094,80.67427,334.69,0.49,0.41,2026-03-17,805,N21,VIIRS,l,2.0NRT,305.42,3.12,D
19.162,80.01611,333.48,0.46,0.39,2026-03-17,805,N21,VIIRS,n,2.0NRT,303.42,2.35,D
19.1626,80.02052,341.43,0.46,0.39,2026-03-17,805,N21,VIIRS,n,2.0NRT,304.3,4.35,D
19.16429,80.30759,332.78,0.47,0.4,2026-03-17,805,N21,VIIRS,n,2.0NRT,302.17,4.18,D
19.16457,81.23308,332.61,0.53,0.42,2026-03-17,805,N21,VIIRS,l,2.0NRT,302.62,4.64,D
19.16734,80.02848,339.82,0.46,0.39,2026-03-17,805,N21,VIIRS,n,2.0NRT,304.37,4.38,D
19.16851,80.3115,334.87,0.47,0.4,2026-03-17,805,N21,VIIRS,n,2.0NRT,302.04,4.18,D
19.1704,80.26994,330.69,0.47,0.4,2026-03-17,805,N21,VIIRS,l,2.0NRT,300.74,1.82,D
19.17081,78.57421,340.73,0.41,0.37,2026-03-17,805,N21,VIIRS,n,2.0NRT,309.92,7.44,D
19.17128,78.94689,341.7,0.42,0.37,2026-03-17,805,N21,VIIRS,n,2.0NRT,306.16,5.51,D
19.17139,80.13973,334.87,0.47,0.39,2026-03-17,805,N21,VIIRS,n,2.0NRT,304.49,4.52,D
19.17199,80.14417,355.13,0.47,0.39,2026-03-17,805,N21,VIIRS,n,2.0NRT,308.6,22.6,D
19.17341,80.29258,336.08,0.47,0.4,2026-03-17,805,N21,VIIRS,n,2.0NRT,301.47,8.98,D
19.17702,80.68144,332.94,0.49,0.41,2026-03-17,805,N21,VIIRS,l,2.0NRT,304.68,6.21,D
19.18006,80.31474,333.12,0.47,0.4,2026-03-17,805,N21,VIIRS,n,2.0NRT,302.65,2.64,D
19.18009,80.67621,334.48,0.49,0.41,2026-03-17,805,N21,VIIRS,n,2.0NRT,304.37,5.14,D
19.18327,78.32658,339.53,0.4,0.37,2026-03-17,805,N21,VIIRS,n,2.0NRT,311.94,6.27,D
19.18521,80.05224,330.89,0.46,0.39,2026-03-17,805,N21,VIIRS,l,2.0NRT,304.58,2.35,D
19.18855,80.29502,333.1,0.47,0.4,2026-03-17,805,N21,VIIRS,n,2.0NRT,301.42,3.59,D
19.1888,80.05165,332.8,0.46,0.39,2026-03-17,805,N21,VIIRS,l,2.0NRT,303.93,3.15,D
19.19264,80.63838,332.54,0.49,0.4,2026-03-17,805,N21,VIIRS,n,2.0NRT,302.19,4.54,D
19.19361,80.63651,336.49,0.49,0.4,2026-03-17,805,N21,VIIRS,n,2.0NRT,303.16,7.72,D
19.19598,80.05061,346.66,0.46,0.39,2026-03-17,805,N21,VIIRS,n,2.0NRT,307.06,9.18,D
19.19831,80.78365,331.62,0.5,0.41,2026-03-17,805,N21,VIIRS,n,2.0NRT,302.93,2.52,D
19.19901,78.89523,333.8,0.42,0.37,2026-03-17,805,N21,VIIRS,l,2.0NRT,307.11,1.89,D
19.19958,80.05015,342.09,0.46,0.39,2026-03-17,805,N21,VIIRS,n,2.0NRT,306.9,9.18,D
19.20133,80.06294,343.08,0.46,0.39,2026-03-17,805,N21,VIIRS,n,2.0NRT,303.56,5.27,D
19.20192,80.06719,331.93,0.46,0.39,2026-03-17,805,N21,VIIRS,n,2.0NRT,302.8,2.19,D
19.20318,80.04969,367,0.46,0.39,2026-03-17,805,N21,VIIRS,h,2.0NRT,308.56,14.65,D
19.20435,80.05825,340.43,0.46,0.39,2026-03-17,805,N21,VIIRS,n,2.0NRT,305.98,7.07,D
19.20493,80.06248,347.74,0.46,0.39,2026-03-17,805,N21,VIIRS,n,2.0NRT,307.52,7.07,D
19.20494,82.09849,337.39,0.4,0.44,2026-03-17,805,N21,VIIRS,n,2.0NRT,302.5,4.52,D
19.20551,80.06666,334.36,0.46,0.39,2026-03-17,805,N21,VIIRS,n,2.0NRT,304.51,5.68,D
19.20661,80.71712,332.55,0.5,0.41,2026-03-17,805,N21,VIIRS,l,2.0NRT,304.34,2.69,D
19.20871,80.82191,331.5,0.5,0.41,2026-03-17,805,N21,VIIRS,n,2.0NRT,301.48,5.38,D
19.20904,80.73591,335.3,0.5,0.41,2026-03-17,805,N21,VIIRS,n,2.0NRT,302.76,3.68,D
19.21136,80.82413,335.48,0.5,0.41,2026-03-17,805,N21,VIIRS,n,2.0NRT,300.95,6.4,D
19.21217,80.33281,336.37,0.48,0.4,2026-03-17,805,N21,VIIRS,n,2.0NRT,304.05,6.48,D
19.21826,79.37741,346.42,0.43,0.38,2026-03-17,805,N21,VIIRS,n,2.0NRT,306.89,5.78,D
19.21837,80.72021,330.35,0.5,0.41,2026-03-17,805,N21,VIIRS,l,2.0NRT,304.03,4.32,D
19.21917,77.08225,340.87,0.38,0.36,2026-03-17,805,N21,VIIRS,l,2.0NRT,314.69,6.5,D
19.22022,78.65305,336.23,0.41,0.37,2026-03-17,805,N21,VIIRS,l,2.0NRT,310.27,4.24,D
19.22218,78.76357,352.35,0.41,0.37,2026-03-17,805,N21,VIIRS,n,2.0NRT,310.66,6.08,D
19.22245,78.13127,338.92,0.4,0.37,2026-03-17,805,N21,VIIRS,l,2.0NRT,311.66,3.67,D
19.22299,82.88082,334.77,0.44,0.46,2026-03-17,805,N21,VIIRS,l,2.0NRT,304.98,7.3,D
19.22404,78.89928,338.2,0.42,0.37,2026-03-17,805,N21,VIIRS,n,2.0NRT,306.12,4.47,D
19.22795,80.33969,335.64,0.48,0.4,2026-03-17,805,N21,VIIRS,n,2.0NRT,303.89,3.56,D
19.22828,80.94518,330.19,0.51,0.41,2026-03-17,805,N21,VIIRS,l,2.0NRT,301.05,3.3,D
19.23032,80.22089,331.94,0.47,0.4,2026-03-17,805,N21,VIIRS,l,2.0NRT,303.89,2.8,D
19.2316,80.33915,336.43,0.48,0.4,2026-03-17,805,N21,VIIRS,n,2.0NRT,304.48,3.56,D
19.23492,79.02592,334.79,0.42,0.38,2026-03-17,805,N21,VIIRS,l,2.0NRT,308.51,2.37,D
19.23891,79.02939,335.33,0.42,0.38,2026-03-17,805,N21,VIIRS,l,2.0NRT,307.93,1.09,D
19.24199,80.21587,332.06,0.47,0.4,2026-03-17,805,N21,VIIRS,l,2.0NRT,304.16,3.26,D
19.24626,80.73057,335.54,0.5,0.41,2026-03-17,805,N21,VIIRS,n,2.0NRT,303.99,2.97,D
19.2481,81.98682,334.03,0.39,0.44,2026-03-17,805,N21,VIIRS,l,2.0NRT,304.22,1.74,D
19.25161,78.77469,336.87,0.41,0.37,2026-03-17,805,N21,VIIRS,l,2.0NRT,307.75,3.3,D
19.2545,80.25465,337.43,0.47,0.4,2026-03-17,805,N21,VIIRS,n,2.0NRT,303.7,4.82,D
19.25509,80.25916,331.47,0.47,0.4,2026-03-17,805,N21,VIIRS,l,2.0NRT,303.5,3.08,D
19.25518,80.2318,333.99,0.47,0.4,2026-03-17,805,N21,VIIRS,n,2.0NRT,303.9,6.28,D
19.25803,80.70485,331.6,0.5,0.41,2026-03-17,805,N21,VIIRS,l,2.0NRT,303.44,4.03,D
19.25881,80.23129,349.82,0.47,0.4,2026-03-17,805,N21,VIIRS,n,2.0NRT,304.81,6.28,D
19.25923,80.62847,330.29,0.49,0.4,2026-03-17,805,N21,VIIRS,l,2.0NRT,304.34,4.23,D
19.25945,78.82923,353.4,0.41,0.37,2026-03-17,805,N21,VIIRS,n,2.0NRT,310.18,13.03,D
19.26,78.83313,332.91,0.41,0.37,2026-03-17,805,N21,VIIRS,l,2.0NRT,307.77,3.66,D
19.26152,83.98981,348.55,0.52,0.5,2026-03-17,805,N21,VIIRS,n,2.0NRT,295.78,12.25,D
19.26185,80.22633,332.5,0.47,0.4,2026-03-17,805,N21,VIIRS,l,2.0NRT,302.55,4.22,D
19.26244,80.23077,346.5,0.47,0.4,2026-03-17,805,N21,VIIRS,n,2.0NRT,304.28,6.58,D
19.26285,78.82867,347.18,0.41,0.37,2026-03-17,805,N21,VIIRS,n,2.0NRT,308.79,4.97,D
19.26339,80.46377,333.14,0.48,0.4,2026-03-17,805,N21,VIIRS,l,2.0NRT,303.3,3.52,D
19.26341,78.83257,348.95,0.41,0.37,2026-03-17,805,N21,VIIRS,n,2.0NRT,308.3,8.18,D
19.26626,78.82812,335.94,0.41,0.37,2026-03-17,805,N21,VIIRS,l,2.0NRT,306.2,4.97,D
19.27006,80.31651,335.79,0.48,0.4,2026-03-17,805,N21,VIIRS,n,2.0NRT,306.2,3.8,D
19.27097,80.65987,341.71,0.49,0.41,2026-03-17,805,N21,VIIRS,n,2.0NRT,302.17,3.91,D
19.2714,81.4547,337.87,0.55,0.42,2026-03-17,805,N21,VIIRS,n,2.0NRT,303.27,8.46,D
19.27468,80.65935,335.04,0.49,0.41,2026-03-17,805,N21,VIIRS,n,2.0NRT,301.93,3.91,D
19.27501,78.28038,341.1,0.4,0.37,2026-03-17,805,N21,VIIRS,l,2.0NRT,312.68,7.15,D
19.27661,78.79865,347.46,0.41,0.37,2026-03-17,805,N21,VIIRS,n,2.0NRT,309.8,4.66,D
19.27716,78.80255,336.61,0.41,0.37,2026-03-17,805,N21,VIIRS,n,2.0NRT,309.72,4.66,D
19.2821,80.65829,334.5,0.49,0.41,2026-03-17,805,N21,VIIRS,n,2.0NRT,302.94,1.69,D
19.28838,80.70517,336.89,0.5,0.41,2026-03-17,805,N21,VIIRS,n,2.0NRT,302.98,4.61,D
19.2912,79.90112,339.96,0.46,0.39,2026-03-17,805,N21,VIIRS,n,2.0NRT,307.65,4.51,D
19.29376,78.77203,337.22,0.41,0.37,2026-03-17,805,N21,VIIRS,l,2.0NRT,309.87,4.46,D
19.29716,78.77149,335.83,0.41,0.37,2026-03-17,805,N21,VIIRS,l,2.0NRT,309,4.46,D
19.29922,80.28461,346.87,0.47,0.4,2026-03-17,805,N21,VIIRS,n,2.0NRT,305.01,4.99,D
19.30051,80.21146,330.59,0.47,0.4,2026-03-17,805,N21,VIIRS,l,2.0NRT,302.84,1.41,D
19.3017,80.22031,334.03,0.47,0.4,2026-03-17,805,N21,VIIRS,l,2.0NRT,304.92,6.37,D
19.30246,80.64114,333.77,0.49,0.41,2026-03-17,805,N21,VIIRS,n,2.0NRT,302.2,2.08,D
19.30285,80.28405,337.7,0.47,0.4,2026-03-17,805,N21,VIIRS,n,2.0NRT,304.21,4.99,D
19.30843,80.10678,336.37,0.47,0.39,2026-03-17,805,N21,VIIRS,n,2.0NRT,304.82,4.96,D
19.31,80.39335,332.94,0.48,0.4,2026-03-17,805,N21,VIIRS,n,2.0NRT,302.32,1.81,D
19.3107,78.62267,341.02,0.41,0.37,2026-03-17,805,N21,VIIRS,l,2.0NRT,311.19,3.13,D
19.31208,80.57972,341.75,0.49,0.4,2026-03-17,805,N21,VIIRS,n,2.0NRT,302.99,7.25,D
19.31269,80.58431,337.26,0.49,0.4,2026-03-17,805,N21,VIIRS,n,2.0NRT,302.62,5.39,D
19.31372,80.67937,331.55,0.5,0.41,2026-03-17,805,N21,VIIRS,l,2.0NRT,303.53,3.31,D
19.31408,78.62213,343.43,0.41,0.37,2026-03-17,805,N21,VIIRS,n,2.0NRT,312.22,5.41,D
19.31417,78.08552,340.36,0.4,0.37,2026-03-17,805,N21,VIIRS,l,2.0NRT,313.43,2.93,D
19.31578,80.57916,341.76,0.49,0.4,2026-03-17,805,N21,VIIRS,n,2.0NRT,301.59,4.98,D
19.31716,80.83492,335.88,0.51,0.41,2026-03-17,805,N21,VIIRS,n,2.0NRT,303.69,4.46,D
19.31877,80.83675,335.68,0.51,0.41,2026-03-17,805,N21,VIIRS,n,2.0NRT,304.17,4.51,D
19.31922,80.105,333.9,0.47,0.39,2026-03-17,805,N21,VIIRS,n,2.0NRT,301.65,2.96,D
19.32134,82.73544,339.38,0.43,0.46,2026-03-17,805,N21,VIIRS,n,2.0NRT,305.76,5.23,D
19.32284,80.21262,330.02,0.47,0.4,2026-03-17,805,N21,VIIRS,l,2.0NRT,303.99,4.38,D
19.32344,80.10892,333.72,0.47,0.39,2026-03-17,805,N21,VIIRS,l,2.0NRT,303.86,2.96,D
19.32467,80.14485,336.1,0.47,0.4,2026-03-17,805,N21,VIIRS,n,2.0NRT,305.87,3.63,D
19.32821,80.09011,331.17,0.46,0.39,2026-03-17,805,N21,VIIRS,l,2.0NRT,303.24,1.62,D
19.32882,80.09455,339.08,0.46,0.39,2026-03-17,805,N21,VIIRS,n,2.0NRT,302.81,4,D
19.33009,80.21156,330.8,0.47,0.4,2026-03-17,805,N21,VIIRS,l,2.0NRT,304.55,5.57,D
19.33347,82.1655,334.5,0.4,0.44,2026-03-17,805,N21,VIIRS,n,2.0NRT,301.34,2.48,D
19.33373,81.97158,337.29,0.39,0.44,2026-03-17,805,N21,VIIRS,n,2.0NRT,302.8,4.01,D
19.33561,80.84896,334.3,0.51,0.41,2026-03-17,805,N21,VIIRS,n,2.0NRT,302.8,8.38,D
19.33621,80.85366,344.59,0.51,0.41,2026-03-17,805,N21,VIIRS,n,2.0NRT,305.74,8.38,D
19.33773,81.97101,340.45,0.39,0.44,2026-03-17,805,N21,VIIRS,n,2.0NRT,302.79,4.01,D
19.33925,80.87731,367,0.51,0.41,2026-03-17,805,N21,VIIRS,h,2.0NRT,305.18,13.61,D
19.33978,79.70396,340.46,0.45,0.39,2026-03-17,805,N21,VIIRS,n,2.0NRT,306.8,5.68,D
19.33996,80.85314,338.51,0.51,0.41,2026-03-17,805,N21,VIIRS,n,2.0NRT,303.07,8.38,D
19.34035,79.70818,335.45,0.45,0.39,2026-03-17,805,N21,VIIRS,l,2.0NRT,306.86,4.06,D
19.34057,80.85787,367,0.51,0.41,2026-03-17,805,N21,VIIRS,h,2.0NRT,306.53,24.46,D
19.34325,83.6943,340.82,0.5,0.49,2026-03-17,805,N21,VIIRS,n,2.0NRT,298,5.77,D
19.3444,80.82833,332.49,0.51,0.41,2026-03-17,805,N21,VIIRS,n,2.0NRT,302.35,3.57,D
19.34558,77.42281,337.55,0.39,0.36,2026-03-17,805,N21,VIIRS,l,2.0NRT,311.79,2.09,D
19.34747,80.85207,332.64,0.51,0.41,2026-03-17,805,N21,VIIRS,l,2.0NRT,304.48,4.97,D
19.34994,82.53914,337.91,0.42,0.45,2026-03-17,805,N21,VIIRS,n,2.0NRT,307.01,4.16,D
19.35024,80.4708,331.46,0.48,0.4,2026-03-17,805,N21,VIIRS,l,2.0NRT,304.79,3.99,D
19.35149,80.56454,333.87,0.49,0.4,2026-03-17,805,N21,VIIRS,n,2.0NRT,302.64,3.52,D
19.35372,82.92887,338.88,0.45,0.47,2026-03-17,805,N21,VIIRS,n,2.0NRT,304.04,4.58,D
19.3539,80.47014,332.93,0.48,0.4,2026-03-17,805,N21,VIIRS,n,2.0NRT,302.76,1.53,D
19.35395,80.55474,337.17,0.49,0.4,2026-03-17,805,N21,VIIRS,n,2.0NRT,301.8,4.56,D
19.35402,78.70675,339.87,0.41,0.37,2026-03-17,805,N21,VIIRS,n,2.0NRT,311.11,2.84,D
19.35764,80.55418,340.61,0.49,0.4,2026-03-17,805,N21,VIIRS,n,2.0NRT,302.77,4.33,D
19.35923,80.88391,330.09,0.51,0.41,2026-03-17,805,N21,VIIRS,l,2.0NRT,301.91,5.47,D
19.35963,82.37703,340.69,0.41,0.45,2026-03-17,805,N21,VIIRS,n,2.0NRT,301.85,6.95,D
19.35982,83.65693,330.48,0.5,0.49,2026-03-17,805,N21,VIIRS,n,2.0NRT,296.46,24.25,D
19.35983,80.88856,343.62,0.51,0.41,2026-03-17,805,N21,VIIRS,n,2.0NRT,303.43,5.47,D
19.35994,82.69385,342.17,0.43,0.46,2026-03-17,805,N21,VIIRS,n,2.0NRT,305.89,3.09,D
19.3604,83.66213,340.67,0.5,0.49,2026-03-17,805,N21,VIIRS,n,2.0NRT,297.82,24.25,D
19.36065,80.46464,340.56,0.48,0.4,2026-03-17,805,N21,VIIRS,n,2.0NRT,303.76,2.91,D
19.36113,80.15925,347.86,0.47,0.4,2026-03-17,805,N21,VIIRS,n,2.0NRT,304.81,13.63,D
19.36239,80.87877,331.35,0.51,0.41,2026-03-17,805,N21,VIIRS,l,2.0NRT,302.92,7.67,D
19.36507,78.55869,336.81,0.41,0.37,2026-03-17,805,N21,VIIRS,l,2.0NRT,311.09,3.35,D
19.36554,80.87354,344.06,0.51,0.41,2026-03-17,805,N21,VIIRS,n,2.0NRT,303.53,7.67,D
19.36617,80.87839,351.86,0.51,0.41,2026-03-17,805,N21,VIIRS,n,2.0NRT,303.99,7.67,D
19.36676,80.88294,335.46,0.51,0.41,2026-03-17,805,N21,VIIRS,n,2.0NRT,301.91,8.73,D
19.36895,80.16262,343.97,0.47,0.4,2026-03-17,805,N21,VIIRS,n,2.0NRT,302.93,7.16,D
19.36954,81.14531,330.79,0.53,0.42,2026-03-17,805,N21,VIIRS,l,2.0NRT,302.86,5.55,D
19.37014,81.15004,330.33,0.53,0.42,2026-03-17,805,N21,VIIRS,l,2.0NRT,303.45,2.82,D
19.37043,81.14764,332.15,0.53,0.42,2026-03-17,805,N21,VIIRS,l,2.0NRT,304.07,5.05,D
19.37584,78.36897,346.47,0.4,0.37,2026-03-17,805,N21,VIIRS,n,2.0NRT,315.24,5.18,D
19.37657,80.24783,333.01,0.47,0.4,2026-03-17,805,N21,VIIRS,l,2.0NRT,303.17,3.81,D
19.37854,83.66192,333.27,0.5,0.49,2026-03-17,805,N21,VIIRS,n,2.0NRT,297.86,2.46,D
19.38302,80.07527,335.89,0.46,0.39,2026-03-17,805,N21,VIIRS,n,2.0NRT,305.81,1.43,D
19.38511,79.63751,335.49,0.44,0.39,2026-03-17,805,N21,VIIRS,l,2.0NRT,307.72,2.1,D
19.38766,82.71145,341.19,0.43,0.46,2026-03-17,805,N21,VIIRS,n,2.0NRT,303.81,4.5,D
19.3884,80.08791,344.62,0.47,0.39,2026-03-17,805,N21,VIIRS,n,2.0NRT,306.36,8.47,D
19.38923,78.08915,341.8,0.4,0.37,2026-03-17,805,N21,VIIRS,l,2.0NRT,312.28,6.22,D
19.39289,83.74753,332.02,0.5,0.49,2026-03-17,805,N21,VIIRS,n,2.0NRT,297.65,3.57,D
19.39845,80.63356,331.65,0.49,0.41,2026-03-17,805,N21,VIIRS,l,2.0NRT,303.88,2.63,D
19.39988,80.39619,334.43,0.48,0.4,2026-03-17,805,N21,VIIRS,n,2.0NRT,303.8,4.17,D
19.4004,79.25538,336.9,0.43,0.38,2026-03-17,805,N21,VIIRS,l,2.0NRT,310.72,8.39,D
19.40053,80.60268,332.12,0.49,0.4,2026-03-17,805,N21,VIIRS,l,2.0NRT,303.29,2,D
19.40102,80.68086,338.47,0.5,0.41,2026-03-17,805,N21,VIIRS,n,2.0NRT,304.56,5.47,D
19.40734,80.3119,331.12,0.48,0.4,2026-03-17,805,N21,VIIRS,l,2.0NRT,304.7,2.38,D
19.41029,79.45425,332.62,0.44,0.38,2026-03-17,805,N21,VIIRS,l,2.0NRT,304.97,5.6,D
19.41039,81.88573,330.67,0.39,0.44,2026-03-17,805,N21,VIIRS,l,2.0NRT,304.36,1.55,D
19.41612,79.44474,337.87,0.44,0.38,2026-03-17,805,N21,VIIRS,n,2.0NRT,308.94,3.98,D
19.41704,80.32888,337.68,0.48,0.4,2026-03-17,805,N21,VIIRS,n,2.0NRT,305.19,6.11,D
19.42433,80.32777,343.1,0.48,0.4,2026-03-17,805,N21,VIIRS,n,2.0NRT,304.44,5.76,D
19.42473,80.4996,331.48,0.49,0.4,2026-03-17,805,N21,VIIRS,l,2.0NRT,302.8,4.21,D
19.42494,80.33228,335.5,0.48,0.4,2026-03-17,805,N21,VIIRS,n,2.0NRT,305.41,5.76,D
19.42875,80.67473,335.82,0.5,0.41,2026-03-17,805,N21,VIIRS,n,2.0NRT,304.41,4.72,D
19.43044,80.26259,333.58,0.47,0.4,2026-03-17,805,N21,VIIRS,l,2.0NRT,305.26,4.21,D
19.4305,80.7871,334.77,0.5,0.41,2026-03-17,805,N21,VIIRS,n,2.0NRT,303.35,6.97,D
19.43053,81.91653,342.01,0.39,0.44,2026-03-17,805,N21,VIIRS,n,2.0NRT,305.45,6.95,D
19.43152,81.86036,332.36,0.39,0.44,2026-03-17,805,N21,VIIRS,l,2.0NRT,306.46,2.83,D
19.43158,80.78502,332.16,0.5,0.41,2026-03-17,805,N21,VIIRS,l,2.0NRT,302.76,4.76,D
19.43315,82.51171,342.33,0.42,0.45,2026-03-17,805,N21,VIIRS,n,2.0NRT,301.42,6.11,D
19.43331,80.50776,331.33,0.49,0.4,2026-03-17,805,N21,VIIRS,l,2.0NRT,304.37,3.63,D
19.43497,80.66425,332.65,0.5,0.41,2026-03-17,805,N21,VIIRS,l,2.0NRT,302.94,2.2,D
19.44437,80.25591,332.85,0.47,0.4,2026-03-17,805,N21,VIIRS,l,2.0NRT,305.75,3.06,D
19.44758,78.30353,339.84,0.4,0.37,2026-03-17,805,N21,VIIRS,l,2.0NRT,313.14,5,D
19.44862,82.1917,338.83,0.4,0.44,2026-03-17,805,N21,VIIRS,n,2.0NRT,303.34,3.13,D
19.44924,80.51457,341.22,0.49,0.4,2026-03-17,805,N21,VIIRS,n,2.0NRT,300.96,6.1,D
19.45235,80.59498,333.42,0.49,0.4,2026-03-17,805,N21,VIIRS,l,2.0NRT,304.3,3.57,D
19.45975,80.62238,330.54,0.49,0.41,2026-03-17,805,N21,VIIRS,l,2.0NRT,304.87,3.32,D
19.46037,80.5985,334.06,0.49,0.41,2026-03-17,805,N21,VIIRS,l,2.0NRT,304.52,4.87,D
19.46142,80.32673,336.2,0.48,0.4,2026-03-17,805,N21,VIIRS,n,2.0NRT,302.88,4.97,D
19.46408,80.59798,336.71,0.49,0.41,2026-03-17,805,N21,VIIRS,n,2.0NRT,304.9,4.59,D
19.46815,80.34886,330.5,0.48,0.4,2026-03-17,805,N21,VIIRS,l,2.0NRT,304.4,2.12,D
19.46965,80.69749,337.68,0.5,0.41,2026-03-17,805,N21,VIIRS,n,2.0NRT,304.28,7.11,D
19.47375,80.81599,331.07,0.51,0.41,2026-03-17,805,N21,VIIRS,l,2.0NRT,301.34,6.18,D
19.47725,82.04932,332.11,0.4,0.44,2026-03-17,805,N21,VIIRS,l,2.0NRT,302.36,2.47,D
19.48669,84.00016,334.53,0.53,0.5,2026-03-17,805,N21,VIIRS,n,2.0NRT,297.91,7.05,D
19.48686,83.99895,330.67,0.53,0.5,2026-03-17,805,N21,VIIRS,n,2.0NRT,297.2,8.99,D
19.49168,80.35596,331.54,0.48,0.4,2026-03-17,805,N21,VIIRS,l,2.0NRT,305.45,3.92,D
19.49288,80.36506,333.88,0.48,0.4,2026-03-17,805,N21,VIIRS,l,2.0NRT,305.78,2.52,D
19.49475,80.35086,333.77,0.48,0.4,2026-03-17,805,N21,VIIRS,l,2.0NRT,306,4.28,D
19.49481,80.54575,330.07,0.49,0.4,2026-03-17,805,N21,VIIRS,l,2.0NRT,303.31,2.96,D
19.50322,79.39415,334.06,0.44,0.38,2026-03-17,805,N21,VIIRS,l,2.0NRT,308.42,1.54,D
19.50859,81.90511,340.14,0.39,0.44,2026-03-17,805,N21,VIIRS,n,2.0NRT,303.29,5.25,D
19.51032,80.10629,349.84,0.47,0.4,2026-03-17,805,N21,VIIRS,n,2.0NRT,307.55,21.52,D
19.51076,82.15605,341.25,0.4,0.44,2026-03-17,805,N21,VIIRS,n,2.0NRT,303.54,5.38,D
19.51749,79.26651,338.02,0.43,0.38,2026-03-17,805,N21,VIIRS,l,2.0NRT,312.61,2.34,D
19.52034,80.34706,331.65,0.48,0.4,2026-03-17,805,N21,VIIRS,l,2.0NRT,306.07,3.71,D
19.52058,79.11272,338.42,0.43,0.38,2026-03-17,805,N21,VIIRS,l,2.0NRT,311.92,3.86,D
19.52172,79.1207,336.34,0.43,0.38,2026-03-17,805,N21,VIIRS,l,2.0NRT,311.14,3.24,D
19.53472,79.0175,335.46,0.42,0.38,2026-03-17,805,N21,VIIRS,l,2.0NRT,309.82,3.17,D
19.53742,80.03513,335.43,0.46,0.39,2026-03-17,805,N21,VIIRS,l,2.0NRT,305.54,2.94,D
19.53925,80.03606,333.21,0.46,0.39,2026-03-17,805,N21,VIIRS,n,2.0NRT,305.35,2.61,D
19.54227,79.12268,337.07,0.43,0.38,2026-03-17,805,N21,VIIRS,l,2.0NRT,311.08,2.12,D
19.54227,80.26067,334.42,0.48,0.4,2026-03-17,805,N21,VIIRS,n,2.0NRT,303.86,2.21,D
19.54459,79.11396,341.59,0.43,0.38,2026-03-17,805,N21,VIIRS,n,2.0NRT,311.43,4.99,D
19.5476,81.67624,337.29,0.57,0.43,2026-03-17,805,N21,VIIRS,n,2.0NRT,304.18,8.71,D
19.54831,81.67738,342.51,0.57,0.43,2026-03-17,805,N21,VIIRS,n,2.0NRT,304.4,8.75,D
19.5511,82.71293,341.83,0.44,0.46,2026-03-17,805,N21,VIIRS,n,2.0NRT,305.43,7.52,D
19.55333,82.66198,335.58,0.43,0.46,2026-03-17,805,N21,VIIRS,n,2.0NRT,302.1,3.14,D
19.55634,81.86467,353.81,0.39,0.44,2026-03-17,805,N21,VIIRS,n,2.0NRT,304.92,9.73,D
19.56134,82.506,333.36,0.42,0.45,2026-03-17,805,N21,VIIRS,n,2.0NRT,303.52,2.97,D
19.5632,81.14629,336.72,0.53,0.42,2026-03-17,805,N21,VIIRS,l,2.0NRT,307.58,6.6,D
19.57791,80.63995,337.04,0.5,0.41,2026-03-17,805,N21,VIIRS,n,2.0NRT,303.81,3.15,D
19.5852,79.00117,342.22,0.42,0.38,2026-03-17,805,N21,VIIRS,n,2.0NRT,311.14,2.95,D
19.58967,82.5304,331.73,0.43,0.46,2026-03-17,805,N21,VIIRS,l,2.0NRT,306.21,2.08,D
19.60935,83.96952,330.44,0.53,0.5,2026-03-17,805,N21,VIIRS,n,2.0NRT,298.09,3.73,D
19.60939,83.97211,331.66,0.53,0.5,2026-03-17,805,N21,VIIRS,n,2.0NRT,299.09,5.77,D
19.61933,82.77624,331.57,0.44,0.46,2026-03-17,805,N21,VIIRS,n,2.0NRT,302.82,5.57,D
19.62203,80.46876,337.53,0.49,0.4,2026-03-17,805,N21,VIIRS,n,2.0NRT,303.62,3.65,D
19.62357,82.77569,336.62,0.44,0.46,2026-03-17,805,N21,VIIRS,n,2.0NRT,302.64,4.63,D
19.63148,81.1089,336.66,0.53,0.42,2026-03-17,805,N21,VIIRS,n,2.0NRT,308.36,39.36,D
19.6429,81.07706,333.71,0.53,0.42,2026-03-17,805,N21,VIIRS,l,2.0NRT,306.37,4.51,D
19.64773,80.55013,334.01,0.49,0.4,2026-03-17,805,N21,VIIRS,l,2.0NRT,304.59,2.47,D
19.64872,81.12188,337.41,0.53,0.42,2026-03-17,805,N21,VIIRS,n,2.0NRT,305.25,1.74,D
19.65803,82.6295,331.55,0.43,0.46,2026-03-17,805,N21,VIIRS,l,2.0NRT,304.81,3.98,D
19.65876,80.15753,338.63,0.47,0.4,2026-03-17,805,N21,VIIRS,n,2.0NRT,306.06,4.08,D
19.66255,80.51942,337.22,0.49,0.4,2026-03-17,805,N21,VIIRS,n,2.0NRT,305.05,3.32,D
19.6698,82.76714,333.49,0.44,0.46,2026-03-17,805,N21,VIIRS,n,2.0NRT,303.34,3.54,D
19.67018,82.76942,332.57,0.44,0.46,2026-03-17,805,N21,VIIRS,n,2.0NRT,302.56,1.89,D
19.67039,83.02069,336.64,0.46,0.47,2026-03-17,805,N21,VIIRS,n,2.0NRT,299.62,7.8,D
19.6724,80.59411,336.14,0.5,0.41,2026-03-17,805,N21,VIIRS,n,2.0NRT,305.29,4.75,D
19.673,80.48469,334.41,0.49,0.4,2026-03-17,805,N21,VIIRS,n,2.0NRT,305.01,3.88,D
19.67401,80.78114,333.78,0.51,0.41,2026-03-17,805,N21,VIIRS,n,2.0NRT,303.31,7.78,D
19.67466,83.01981,341.48,0.46,0.47,2026-03-17,805,N21,VIIRS,n,2.0NRT,303.05,7.8,D
19.67715,80.77594,333.81,0.51,0.41,2026-03-17,805,N21,VIIRS,l,2.0NRT,304.28,7.78,D
19.67731,80.48877,330.26,0.49,0.4,2026-03-17,805,N21,VIIRS,l,2.0NRT,304.4,5.33,D
19.67776,80.78064,349.26,0.51,0.41,2026-03-17,805,N21,VIIRS,n,2.0NRT,306.08,7.78,D
19.67838,80.78541,337.35,0.51,0.41,2026-03-17,805,N21,VIIRS,n,2.0NRT,302.43,6.52,D
19.69204,80.48638,332.49,0.49,0.4,2026-03-17,805,N21,VIIRS,l,2.0NRT,303.93,3.85,D
19.69292,81.81583,334.02,0.39,0.44,2026-03-17,805,N21,VIIRS,n,2.0NRT,302.97,3.23,D
19.70167,80.39346,333.09,0.48,0.4,2026-03-17,805,N21,VIIRS,l,2.0NRT,303.37,2.76,D
19.70239,80.14409,339.36,0.47,0.4,2026-03-17,805,N21,VIIRS,n,2.0NRT,309,4.66,D
19.70426,81.90799,330.7,0.39,0.44,2026-03-17,805,N21,VIIRS,l,2.0NRT,302.52,3.52,D
19.70471,81.91168,331.02,0.39,0.44,2026-03-17,805,N21,VIIRS,l,2.0NRT,303.43,3.52,D
19.70526,80.42109,331.31,0.49,0.4,2026-03-17,805,N21,VIIRS,l,2.0NRT,304.51,1.81,D
19.70545,80.41865,334.27,0.49,0.4,2026-03-17,805,N21,VIIRS,l,2.0NRT,305.14,4.83,D
19.70624,80.48686,332.57,0.49,0.4,2026-03-17,805,N21,VIIRS,l,2.0NRT,305.99,4.86,D
19.70804,80.5008,338.41,0.49,0.4,2026-03-17,805,N21,VIIRS,n,2.0NRT,305.66,3.84,D
19.70931,80.5028,335.08,0.49,0.4,2026-03-17,805,N21,VIIRS,n,2.0NRT,304.39,3.4,D
19.71082,80.40618,330.59,0.49,0.4,2026-03-17,805,N21,VIIRS,l,2.0NRT,305.09,3.78,D
19.71363,80.50688,332.34,0.49,0.4,2026-03-17,805,N21,VIIRS,n,2.0NRT,302.43,2.24,D
19.71629,80.41944,333.53,0.49,0.4,2026-03-17,805,N21,VIIRS,l,2.0NRT,305.29,2.56,D
19.71717,80.31192,336.63,0.48,0.4,2026-03-17,805,N21,VIIRS,n,2.0NRT,303.92,3.31,D
19.71864,80.18266,336.73,0.47,0.4,2026-03-17,805,N21,VIIRS,n,2.0NRT,305.9,6.47,D
19.71888,80.63036,333.55,0.5,0.41,2026-03-17,805,N21,VIIRS,l,2.0NRT,304.26,7.57,D
19.71905,80.52776,332.05,0.49,0.4,2026-03-17,805,N21,VIIRS,l,2.0NRT,305.02,3.25,D
19.71912,80.4991,331.17,0.49,0.4,2026-03-17,805,N21,VIIRS,l,2.0NRT,302.78,2.58,D
19.72049,80.52975,336.14,0.49,0.4,2026-03-17,805,N21,VIIRS,n,2.0NRT,305.35,2.53,D
19.72175,80.53907,330.47,0.49,0.4,2026-03-17,805,N21,VIIRS,l,2.0NRT,304.94,3.47,D
19.72275,80.52722,339.12,0.49,0.4,2026-03-17,805,N21,VIIRS,n,2.0NRT,305.47,3.25,D
19.72295,80.13193,331.83,0.47,0.4,2026-03-17,805,N21,VIIRS,l,2.0NRT,304.7,3.12,D
19.72431,80.39469,333.06,0.49,0.4,2026-03-17,805,N21,VIIRS,l,2.0NRT,304.11,2.73,D
19.7249,80.63223,330.32,0.5,0.41,2026-03-17,805,N21,VIIRS,l,2.0NRT,303.41,3.3,D
19.72552,80.40395,330.5,0.49,0.4,2026-03-17,805,N21,VIIRS,l,2.0NRT,303.87,3.38,D
19.72618,80.61263,331.22,0.5,0.41,2026-03-17,805,N21,VIIRS,l,2.0NRT,303.25,2.12,D
19.72633,80.6293,341.15,0.5,0.41,2026-03-17,805,N21,VIIRS,n,2.0NRT,304.94,6.67,D
19.72669,80.64622,335.16,0.5,0.41,2026-03-17,805,N21,VIIRS,n,2.0NRT,301.81,4.33,D
19.7279,80.84204,337.51,0.51,0.41,2026-03-17,805,N21,VIIRS,n,2.0NRT,301.76,5.42,D
19.72862,80.63168,334.33,0.5,0.41,2026-03-17,805,N21,VIIRS,n,2.0NRT,302.67,3.3,D
19.73097,81.79578,333.91,0.39,0.44,2026-03-17,805,N21,VIIRS,l,2.0NRT,304.14,2.61,D
19.73102,82.99453,337.36,0.46,0.47,2026-03-17,805,N21,VIIRS,n,2.0NRT,301.46,3.65,D
19.73166,80.3936,333.5,0.49,0.4,2026-03-17,805,N21,VIIRS,l,2.0NRT,304.17,3.11,D
19.73445,80.5302,334.45,0.49,0.4,2026-03-17,805,N21,VIIRS,l,2.0NRT,304.52,2.83,D
19.73804,81.5035,333.67,0.56,0.43,2026-03-17,805,N21,VIIRS,n,2.0NRT,302.94,4.1,D
19.74037,83.57259,344.54,0.5,0.49,2026-03-17,805,N21,VIIRS,n,2.0NRT,299.85,9.82,D
19.74072,80.67992,333.87,0.5,0.41,2026-03-17,805,N21,VIIRS,n,2.0NRT,302.18,6.98,D
19.74127,81.50005,336.12,0.56,0.43,2026-03-17,805,N21,VIIRS,l,2.0NRT,306.5,9.97,D
19.74272,80.68233,337.05,0.5,0.41,2026-03-17,805,N21,VIIRS,n,2.0NRT,302.86,7.06,D
19.74372,80.51451,334.24,0.49,0.4,2026-03-17,805,N21,VIIRS,n,2.0NRT,303.86,3.57,D
19.74404,82.49698,331.79,0.42,0.46,2026-03-17,805,N21,VIIRS,l,2.0NRT,306.76,3.39,D
19.74592,82.49707,334.73,0.43,0.46,2026-03-17,805,N21,VIIRS,l,2.0NRT,306.92,3.1,D
19.75003,82.24956,338.04,0.41,0.45,2026-03-17,805,N21,VIIRS,n,2.0NRT,304.66,5.1,D
19.75044,80.8026,334.06,0.51,0.41,2026-03-17,805,N21,VIIRS,n,2.0NRT,301.39,4.42,D
19.75061,80.42363,339.34,0.49,0.4,2026-03-17,805,N21,VIIRS,n,2.0NRT,306.05,4.86,D
19.75122,80.42825,335.02,0.49,0.4,2026-03-17,805,N21,VIIRS,n,2.0NRT,304.39,4.86,D
19.75634,83.52732,334.35,0.49,0.49,2026-03-17,805,N21,VIIRS,n,2.0NRT,302.65,4.91,D
19.7578,80.59353,331.02,0.5,0.41,2026-03-17,805,N21,VIIRS,l,2.0NRT,302.16,2.71,D
19.76098,80.47374,337.05,0.49,0.4,2026-03-17,805,N21,VIIRS,n,2.0NRT,302.86,5.66,D
19.76241,82.01369,335.81,0.4,0.44,2026-03-17,805,N21,VIIRS,n,2.0NRT,302,3.22,D
19.76611,82.10965,339.87,0.4,0.44,2026-03-17,805,N21,VIIRS,n,2.0NRT,306.32,5.09,D
19.76692,82.01694,330.1,0.4,0.44,2026-03-17,805,N21,VIIRS,l,2.0NRT,302.8,3.22,D
19.76928,82.03575,344.14,0.4,0.44,2026-03-17,805,N21,VIIRS,n,2.0NRT,303.97,5.22,D
19.77083,80.51988,336.78,0.49,0.4,2026-03-17,805,N21,VIIRS,n,2.0NRT,304.5,5.83,D
19.77146,80.46758,334.11,0.49,0.4,2026-03-17,805,N21,VIIRS,n,2.0NRT,302.47,4.26,D
19.77198,83.84361,342.53,0.52,0.5,2026-03-17,805,N21,VIIRS,n,2.0NRT,301.48,11.45,D
19.77266,80.5913,332.21,0.5,0.41,2026-03-17,805,N21,VIIRS,n,2.0NRT,301.96,3.16,D
19.77515,80.55265,332.61,0.49,0.41,2026-03-17,805,N21,VIIRS,l,2.0NRT,303.61,3.74,D
19.77577,80.55734,332.61,0.49,0.41,2026-03-17,805,N21,VIIRS,l,2.0NRT,303.79,3.74,D
19.777,80.62444,333.86,0.5,0.41,2026-03-17,805,N21,VIIRS,n,2.0NRT,303.45,3.57,D
19.77944,80.41465,330.11,0.49,0.4,2026-03-17,805,N21,VIIRS,l,2.0NRT,302.44,2.71,D
19.78761,82.01791,343.03,0.4,0.44,2026-03-17,805,N21,VIIRS,n,2.0NRT,301.52,6.11,D
19.78927,80.83646,330.04,0.51,0.41,2026-03-17,805,N21,VIIRS,l,2.0NRT,302.7,2.41,D
19.79213,82.02113,339.9,0.4,0.44,2026-03-17,805,N21,VIIRS,n,2.0NRT,302.67,6.11,D
19.79305,80.83601,336.76,0.51,0.41,2026-03-17,805,N21,VIIRS,n,2.0NRT,304.05,2.41,D
19.79677,80.54464,342.69,0.49,0.41,2026-03-17,805,N21,VIIRS,n,2.0NRT,301.93,6.89,D
19.79688,80.66019,335.85,0.5,0.41,2026-03-17,805,N21,VIIRS,n,2.0NRT,302.58,1.38,D
19.798,82.75887,332.74,0.44,0.46,2026-03-17,805,N21,VIIRS,l,2.0NRT,304.05,4.35,D
19.80869,82.81322,334.4,0.45,0.47,2026-03-17,805,N21,VIIRS,l,2.0NRT,304.88,9.08,D
19.81246,80.69173,333.53,0.5,0.41,2026-03-17,805,N21,VIIRS,n,2.0NRT,303.56,5.64,D
19.81421,82.13014,347.12,0.4,0.45,2026-03-17,805,N21,VIIRS,n,2.0NRT,302.24,5.81,D
19.81421,82.13023,345.47,0.4,0.45,2026-03-17,805,N21,VIIRS,n,2.0NRT,302.07,6.66,D
19.84995,82.55004,335.5,0.43,0.46,2026-03-17,805,N21,VIIRS,n,2.0NRT,304.21,4.68,D
19.88726,83.10929,335.49,0.47,0.47,2026-03-17,805,N21,VIIRS,n,2.0NRT,303.2,2.26,D
19.89571,83.9868,339.73,0.53,0.5,2026-03-17,805,N21,VIIRS,n,2.0NRT,295.51,10.36,D
19.98026,83.869,330.57,0.52,0.5,2026-03-17,805,N21,VIIRS,l,2.0NRT,300.74,3.57,D
19.98481,83.86819,330.16,0.52,0.5,2026-03-17,805,N21,VIIRS,n,2.0NRT,300.13,2.42,D
20.00186,82.51876,341.96,0.43,0.46,2026-03-17,805,N21,VIIRS,n,2.0NRT,305.22,2.38,D
20.03197,82.38237,335.65,0.42,0.45,2026-03-17,805,N21,VIIRS,n,2.0NRT,302.86,5.11,D
20.04547,83.86764,339.53,0.52,0.5,2026-03-17,805,N21,VIIRS,n,2.0NRT,301.7,17.85,D
20.04597,83.87214,353.41,0.52,0.5,2026-03-17,805,N21,VIIRS,n,2.0NRT,305.54,17.85,D
20.07218,83.94,331.04,0.53,0.5,2026-03-17,805,N21,VIIRS,l,2.0NRT,301.93,3.79,D
20.09354,83.54262,339.97,0.5,0.49,2026-03-17,805,N21,VIIRS,n,2.0NRT,303.18,6.4,D
20.09556,83.54409,341.81,0.5,0.49,2026-03-17,805,N21,VIIRS,n,2.0NRT,303.88,8.48,D
20.10385,83.93112,339.36,0.53,0.5,2026-03-17,805,N21,VIIRS,n,2.0NRT,298.47,10.96,D
20.13245,84.02434,335.02,0.54,0.51,2026-03-17,805,N21,VIIRS,n,2.0NRT,302.24,8.93,D
20.13341,84.02547,342.86,0.54,0.51,2026-03-17,805,N21,VIIRS,n,2.0NRT,302.49,5.2,D
18.71724,73.28664,337.86,0.48,0.4,2026-03-17,807,N21,VIIRS,l,2.0NRT,311.49,5.65,D
18.71731,73.2901,349.4,0.48,0.4,2026-03-17,807,N21,VIIRS,n,2.0NRT,313.31,6.76,D
18.718,73.29093,341.71,0.48,0.4,2026-03-17,807,N21,VIIRS,n,2.0NRT,311.45,5.81,D
18.73078,73.34716,346.59,0.48,0.4,2026-03-17,807,N21,VIIRS,n,2.0NRT,308.7,13.24,D
18.73186,73.34826,334,0.47,0.4,2026-03-17,807,N21,VIIRS,l,2.0NRT,308.56,10.98,D
18.7628,73.60101,349.67,0.46,0.39,2026-03-17,807,N21,VIIRS,n,2.0NRT,318.37,6.84,D
18.77854,73.18624,346.55,0.48,0.4,2026-03-17,807,N21,VIIRS,n,2.0NRT,312.84,12.36,D
18.81018,73.49892,350.62,0.47,0.39,2026-03-17,807,N21,VIIRS,n,2.0NRT,313.09,9.04,D
18.81664,73.1663,340.03,0.48,0.4,2026-03-17,807,N21,VIIRS,n,2.0NRT,307.74,5.35,D
18.84671,73.47451,336.06,0.47,0.4,2026-03-17,807,N21,VIIRS,l,2.0NRT,309.01,5,D
18.85459,73.47733,346.22,0.47,0.4,2026-03-17,807,N21,VIIRS,n,2.0NRT,311.38,13.98,D
18.98434,73.178,337.11,0.48,0.4,2026-03-17,807,N21,VIIRS,l,2.0NRT,311.52,3.26,D
19.03896,73.96545,343.31,0.44,0.39,2026-03-17,807,N21,VIIRS,n,2.0NRT,311.25,4.69,D
19.05863,73.65181,339.68,0.46,0.39,2026-03-17,807,N21,VIIRS,n,2.0NRT,312.39,2.37,D
19.06412,73.44698,338.3,0.47,0.39,2026-03-17,807,N21,VIIRS,l,2.0NRT,312.4,4.56,D
19.17044,73.36435,338.63,0.47,0.4,2026-03-17,807,N21,VIIRS,n,2.0NRT,312.91,4.91,D
19.17588,70.94595,340.82,0.42,0.45,2026-03-17,807,N21,VIIRS,n,2.0NRT,299.11,4.94,D
19.18781,73.34826,336.08,0.47,0.4,2026-03-17,807,N21,VIIRS,l,2.0NRT,310.64,3.94,D
19.23845,73.21066,349.76,0.48,0.4,2026-03-17,807,N21,VIIRS,n,2.0NRT,316.53,14.61,D
19.29808,73.24667,337.93,0.47,0.4,2026-03-17,807,N21,VIIRS,l,2.0NRT,311.7,6.94,D
19.36047,73.06501,345.82,0.48,0.4,2026-03-17,807,N21,VIIRS,n,2.0NRT,312.62,11.48,D
19.38213,74.91127,341.45,0.41,0.37,2026-03-17,807,N21,VIIRS,n,2.0NRT,310.38,3.76,D
19.38611,72.90999,336.66,0.49,0.4,2026-03-17,807,N21,VIIRS,l,2.0NRT,308.23,3.25,D
19.44906,73.25168,336.81,0.47,0.4,2026-03-17,807,N21,VIIRS,l,2.0NRT,310.88,3.68,D
19.4534,77.66772,344.97,0.39,0.36,2026-03-17,807,N21,VIIRS,n,2.0NRT,313.9,3.53,D
19.45671,77.66718,339.4,0.39,0.36,2026-03-17,807,N21,VIIRS,l,2.0NRT,314.21,3.53,D
19.48218,78.11646,342.1,0.4,0.37,2026-03-17,807,N21,VIIRS,n,2.0NRT,313.4,4.81,D
19.50455,77.34692,349.68,0.39,0.36,2026-03-17,807,N21,VIIRS,n,2.0NRT,316.4,8.31,D
19.50502,78.16277,351.37,0.4,0.37,2026-03-17,807,N21,VIIRS,n,2.0NRT,315.07,6.65,D
19.50527,77.14883,341.13,0.39,0.36,2026-03-17,807,N21,VIIRS,l,2.0NRT,315.98,3.73,D
19.50564,77.35423,348.04,0.39,0.36,2026-03-17,807,N21,VIIRS,l,2.0NRT,319.58,5.83,D
19.50856,77.14827,346.54,0.39,0.36,2026-03-17,807,N21,VIIRS,n,2.0NRT,318.27,3.73,D
19.5126,77.46937,342.28,0.39,0.36,2026-03-17,807,N21,VIIRS,l,2.0NRT,315.87,6.69,D
19.51456,73.04147,344.18,0.48,0.4,2026-03-17,807,N21,VIIRS,n,2.0NRT,316.74,8.44,D
19.51948,73.02654,345.63,0.48,0.4,2026-03-17,807,N21,VIIRS,n,2.0NRT,311.49,5.77,D
19.56985,78.67287,339.97,0.41,0.37,2026-03-17,807,N21,VIIRS,l,2.0NRT,313.93,5.48,D
19.57031,78.74879,337.04,0.41,0.37,2026-03-17,807,N21,VIIRS,n,2.0NRT,311.42,1.83,D
19.58189,77.52551,343.55,0.39,0.36,2026-03-17,807,N21,VIIRS,n,2.0NRT,317.44,7.43,D
19.59624,73.0555,342.37,0.48,0.4,2026-03-17,807,N21,VIIRS,l,2.0NRT,315.06,8.59,D
19.61161,78.19583,335.52,0.4,0.37,2026-03-17,807,N21,VIIRS,l,2.0NRT,309.01,4.82,D
19.63126,78.83189,337.79,0.42,0.37,2026-03-17,807,N21,VIIRS,l,2.0NRT,312.29,3.37,D
19.63356,78.82339,339.1,0.42,0.37,2026-03-17,807,N21,VIIRS,l,2.0NRT,313.18,4.12,D
19.63643,78.81886,342.25,0.42,0.37,2026-03-17,807,N21,VIIRS,l,2.0NRT,314.11,4.9,D
19.64476,73.31245,347.57,0.46,0.39,2026-03-17,807,N21,VIIRS,l,2.0NRT,319.74,35.64,D
19.64833,73.31174,346.12,0.46,0.39,2026-03-17,807,N21,VIIRS,l,2.0NRT,316.54,11.12,D
19.65824,78.77551,337.07,0.42,0.37,2026-03-17,807,N21,VIIRS,l,2.0NRT,311.39,2.17,D
19.67543,78.32906,337.49,0.4,0.37,2026-03-17,807,N21,VIIRS,l,2.0NRT,310.75,4.08,D
19.6788,78.32848,338.62,0.4,0.37,2026-03-17,807,N21,VIIRS,l,2.0NRT,310.68,4.8,D
19.72751,77.49753,346.74,0.39,0.36,2026-03-17,807,N21,VIIRS,l,2.0NRT,316.82,12.4,D
19.73027,77.4933,342.99,0.39,0.36,2026-03-17,807,N21,VIIRS,l,2.0NRT,317.15,10.09,D
19.73412,77.49643,349.7,0.39,0.36,2026-03-17,807,N21,VIIRS,n,2.0NRT,319.18,8.6,D
19.73797,77.49954,346.35,0.39,0.36,2026-03-17,807,N21,VIIRS,n,2.0NRT,318.98,8.6,D
19.73851,77.5032,367,0.39,0.36,2026-03-17,807,N21,VIIRS,h,2.0NRT,321.55,14.44,D
19.74128,77.49899,346.56,0.39,0.36,2026-03-17,807,N21,VIIRS,n,2.0NRT,317.3,11.96,D
19.75695,78.4546,341.38,0.41,0.37,2026-03-17,807,N21,VIIRS,n,2.0NRT,313.41,4.22,D
19.76535,78.46503,341.81,0.41,0.37,2026-03-17,807,N21,VIIRS,l,2.0NRT,314.27,4.77,D
19.77125,79.95911,343.93,0.46,0.39,2026-03-17,807,N21,VIIRS,n,2.0NRT,312.38,25.87,D
19.77484,79.95853,337.92,0.46,0.39,2026-03-17,807,N21,VIIRS,l,2.0NRT,309.21,5.6,D
19.79865,78.45586,343.13,0.41,0.37,2026-03-17,807,N21,VIIRS,l,2.0NRT,314.11,5.02,D
19.80008,77.85388,343.94,0.39,0.37,2026-03-17,807,N21,VIIRS,l,2.0NRT,318.55,8.71,D
19.8006,80.38041,340.59,0.49,0.4,2026-03-17,807,N21,VIIRS,n,2.0NRT,303.32,6.01,D
19.80085,80.37863,337.35,0.48,0.4,2026-03-17,807,N21,VIIRS,n,2.0NRT,303.95,3.81,D
19.8012,79.9635,333,0.46,0.39,2026-03-17,807,N21,VIIRS,l,2.0NRT,307.35,2.25,D
19.80129,80.35686,331.43,0.48,0.4,2026-03-17,807,N21,VIIRS,l,2.0NRT,303.06,3.31,D
19.80147,80.38323,333.42,0.49,0.4,2026-03-17,807,N21,VIIRS,n,2.0NRT,302.56,3.81,D
19.80258,80.33795,333.47,0.48,0.4,2026-03-17,807,N21,VIIRS,n,2.0NRT,300.63,2.88,D
19.80259,80.33625,334.71,0.48,0.4,2026-03-17,807,N21,VIIRS,n,2.0NRT,300.09,2.75,D
19.8039,80.37347,334.95,0.48,0.4,2026-03-17,807,N21,VIIRS,n,2.0NRT,303.54,2.22,D
19.80574,77.52223,349.2,0.39,0.36,2026-03-17,807,N21,VIIRS,n,2.0NRT,318.98,13,D
19.80629,77.52592,351.28,0.39,0.36,2026-03-17,807,N21,VIIRS,l,2.0NRT,321.8,13,D
19.80994,72.83375,339.59,0.49,0.4,2026-03-17,807,N21,VIIRS,n,2.0NRT,307.96,3.5,D
19.8136,72.83303,339.38,0.49,0.4,2026-03-17,807,N21,VIIRS,n,2.0NRT,307.1,3.75,D
19.8163,80.43739,331.07,0.49,0.4,2026-03-17,807,N21,VIIRS,l,2.0NRT,304.55,2.96,D
19.81989,80.66162,337.34,0.5,0.41,2026-03-17,807,N21,VIIRS,n,2.0NRT,304.1,3.63,D
19.82257,80.40531,333.91,0.49,0.4,2026-03-17,807,N21,VIIRS,n,2.0NRT,302.83,2.76,D
19.82328,79.53953,341.68,0.44,0.39,2026-03-17,807,N21,VIIRS,n,2.0NRT,309.02,5.83,D
19.82624,79.53476,340.76,0.44,0.39,2026-03-17,807,N21,VIIRS,n,2.0NRT,308.31,3.12,D
19.82678,80.43765,333.51,0.49,0.4,2026-03-17,807,N21,VIIRS,n,2.0NRT,302.67,3.39,D
19.82813,80.39037,331.05,0.49,0.4,2026-03-17,807,N21,VIIRS,l,2.0NRT,303.5,2.86,D
19.82977,79.53422,336.14,0.44,0.39,2026-03-17,807,N21,VIIRS,l,2.0NRT,309.26,3.12,D
19.83085,80.24074,334.7,0.48,0.4,2026-03-17,807,N21,VIIRS,n,2.0NRT,303.48,3.81,D
19.83149,79.54692,338,0.45,0.39,2026-03-17,807,N21,VIIRS,l,2.0NRT,309.28,3.89,D
19.8356,79.55064,339.74,0.45,0.39,2026-03-17,807,N21,VIIRS,n,2.0NRT,308.4,3.16,D
19.83593,80.05733,335.87,0.47,0.4,2026-03-17,807,N21,VIIRS,l,2.0NRT,307.23,3.24,D
19.83741,79.53745,337.64,0.44,0.39,2026-03-17,807,N21,VIIRS,l,2.0NRT,307.67,4.49,D
19.83913,79.55011,335.91,0.45,0.39,2026-03-17,807,N21,VIIRS,l,2.0NRT,306.99,3.16,D
19.86735,76.95319,349.08,0.38,0.36,2026-03-17,807,N21,VIIRS,n,2.0NRT,318.76,12.36,D
19.87652,80.3595,330.99,0.48,0.4,2026-03-17,807,N21,VIIRS,l,2.0NRT,302.07,3.6,D
19.87775,80.3687,334.02,0.49,0.4,2026-03-17,807,N21,VIIRS,n,2.0NRT,301.78,4.26,D
19.8802,80.35895,336.11,0.48,0.4,2026-03-17,807,N21,VIIRS,n,2.0NRT,303.68,6.68,D
19.91425,80.55779,334.57,0.5,0.41,2026-03-17,807,N21,VIIRS,n,2.0NRT,300.58,7.11,D
19.92009,81.1065,333.41,0.53,0.42,2026-03-17,807,N21,VIIRS,n,2.0NRT,303.11,3.75,D
19.925,76.4846,342.9,0.38,0.36,2026-03-17,807,N21,VIIRS,n,2.0NRT,315.2,3.77,D
19.92511,80.21903,337.97,0.48,0.4,2026-03-17,807,N21,VIIRS,n,2.0NRT,305.93,5.3,D
19.93546,80.21288,331.85,0.48,0.4,2026-03-17,807,N21,VIIRS,l,2.0NRT,305.05,5.08,D
19.93934,79.99326,337.77,0.47,0.39,2026-03-17,807,N21,VIIRS,n,2.0NRT,306.55,6.24,D
19.94535,80.01043,339.24,0.47,0.4,2026-03-17,807,N21,VIIRS,n,2.0NRT,309.09,5.09,D
19.9458,80.20673,334.49,0.48,0.4,2026-03-17,807,N21,VIIRS,l,2.0NRT,306.16,2.81,D
19.94626,80.2945,333.96,0.48,0.4,2026-03-17,807,N21,VIIRS,l,2.0NRT,304.85,6.87,D
19.95195,80.08654,336.49,0.47,0.4,2026-03-17,807,N21,VIIRS,l,2.0NRT,308.62,2.04,D
19.9542,80.29794,330.87,0.48,0.4,2026-03-17,807,N21,VIIRS,l,2.0NRT,304.61,4.05,D
19.96152,80.29685,335.38,0.48,0.4,2026-03-17,807,N21,VIIRS,n,2.0NRT,304.51,5.15,D
19.96167,76.99694,345.73,0.39,0.36,2026-03-17,807,N21,VIIRS,n,2.0NRT,318.54,7.14,D
19.97129,80.09274,341.21,0.47,0.4,2026-03-17,807,N21,VIIRS,n,2.0NRT,308.43,5.46,D
19.97158,77.10746,341.61,0.39,0.36,2026-03-17,807,N21,VIIRS,l,2.0NRT,315.61,6.16,D
19.97189,80.0972,337.77,0.47,0.4,2026-03-17,807,N21,VIIRS,n,2.0NRT,308.34,4.08,D
19.97491,80.09219,340.45,0.47,0.4,2026-03-17,807,N21,VIIRS,n,2.0NRT,308.53,9.74,D
19.97618,80.06693,336.67,0.47,0.4,2026-03-17,807,N21,VIIRS,l,2.0NRT,309.01,2.86,D
19.98073,81.7757,342.34,0.39,0.44,2026-03-17,807,N21,VIIRS,n,2.0NRT,306.57,6.29,D
19.98132,80.82825,331.42,0.51,0.41,2026-03-17,807,N21,VIIRS,l,2.0NRT,303.54,3.24,D
19.98148,79.40534,346.98,0.44,0.38,2026-03-17,807,N21,VIIRS,n,2.0NRT,310.03,7.31,D
19.98288,81.77526,342.88,0.39,0.44,2026-03-17,807,N21,VIIRS,n,2.0NRT,307.12,8.4,D
19.99371,80.05971,347.65,0.47,0.4,2026-03-17,807,N21,VIIRS,n,2.0NRT,309.91,8.99,D
19.99389,80.28729,330.74,0.48,0.4,2026-03-17,807,N21,VIIRS,l,2.0NRT,304.49,4.93,D
20.00122,80.28623,334.75,0.48,0.4,2026-03-17,807,N21,VIIRS,n,2.0NRT,303.12,4.02,D
20.01879,80.16575,335.76,0.48,0.4,2026-03-17,807,N21,VIIRS,l,2.0NRT,306.43,5.77,D
20.0204,79.05945,341.09,0.43,0.38,2026-03-17,807,N21,VIIRS,l,2.0NRT,314.41,4.4,D
20.02243,80.16518,337.08,0.48,0.4,2026-03-17,807,N21,VIIRS,n,2.0NRT,306.79,5.77,D
20.03378,80.25147,335.89,0.48,0.4,2026-03-17,807,N21,VIIRS,l,2.0NRT,307.19,8.21,D
20.04515,81.21048,340.62,0.54,0.42,2026-03-17,807,N21,VIIRS,n,2.0NRT,303.06,6.17,D
20.04537,80.78865,330.07,0.51,0.41,2026-03-17,807,N21,VIIRS,n,2.0NRT,301.76,1.07,D
20.04791,80.16119,335.13,0.48,0.4,2026-03-17,807,N21,VIIRS,l,2.0NRT,306.61,4.29,D
20.04852,80.16574,334.32,0.48,0.4,2026-03-17,807,N21,VIIRS,l,2.0NRT,304.86,4.29,D
20.06057,79.24539,346.57,0.43,0.38,2026-03-17,807,N21,VIIRS,n,2.0NRT,311.63,7.02,D
20.06495,80.06712,344.83,0.47,0.4,2026-03-17,807,N21,VIIRS,n,2.0NRT,309.11,4.84,D
20.06857,80.06656,338.69,0.47,0.4,2026-03-17,807,N21,VIIRS,n,2.0NRT,307.84,4.84,D
20.08806,79.84364,337.3,0.46,0.39,2026-03-17,807,N21,VIIRS,l,2.0NRT,309.28,4.21,D
20.08865,79.84802,334.77,0.46,0.39,2026-03-17,807,N21,VIIRS,l,2.0NRT,309.55,3.46,D
20.09699,80.04989,336.07,0.47,0.4,2026-03-17,807,N21,VIIRS,l,2.0NRT,308.93,4.53,D
20.09771,80.14467,338.71,0.48,0.4,2026-03-17,807,N21,VIIRS,n,2.0NRT,307.29,5.88,D
20.09832,80.14919,347.26,0.48,0.4,2026-03-17,807,N21,VIIRS,n,2.0NRT,308.27,5.88,D
20.09843,80.14592,348.14,0.48,0.4,2026-03-17,807,N21,VIIRS,n,2.0NRT,307.64,6.8,D
20.09902,80.15045,335.19,0.48,0.4,2026-03-17,807,N21,VIIRS,n,2.0NRT,308.02,6.8,D
20.10135,80.14413,335.66,0.48,0.4,2026-03-17,807,N21,VIIRS,n,2.0NRT,307.08,5.88,D
20.10197,80.14867,343.38,0.48,0.4,2026-03-17,807,N21,VIIRS,n,2.0NRT,307.74,5.88,D
20.10207,80.14539,344.93,0.48,0.4,2026-03-17,807,N21,VIIRS,n,2.0NRT,307.53,4.05,D
20.10266,80.14993,331.48,0.48,0.4,2026-03-17,807,N21,VIIRS,l,2.0NRT,306.15,4.05,D
20.10352,79.87706,339.67,0.46,0.39,2026-03-17,807,N21,VIIRS,n,2.0NRT,309.24,4.78,D
20.10391,80.24548,336.42,0.48,0.4,2026-03-17,807,N21,VIIRS,n,2.0NRT,304.71,6.06,D
20.10454,80.13582,350.11,0.48,0.4,2026-03-17,807,N21,VIIRS,n,2.0NRT,309.95,13.83,D
20.10631,80.14939,331.84,0.48,0.4,2026-03-17,807,N21,VIIRS,l,2.0NRT,306.23,4.05,D
20.10774,80.24641,333.53,0.48,0.4,2026-03-17,807,N21,VIIRS,l,2.0NRT,305.31,3.01,D
20.10818,80.13528,346.8,0.48,0.4,2026-03-17,807,N21,VIIRS,n,2.0NRT,309.23,14.54,D
20.10946,80.1167,338.66,0.47,0.4,2026-03-17,807,N21,VIIRS,n,2.0NRT,308.2,3.58,D
20.1204,80.28638,339.71,0.48,0.4,2026-03-17,807,N21,VIIRS,n,2.0NRT,308.03,3.43,D
20.12046,80.28487,335.44,0.48,0.4,2026-03-17,807,N21,VIIRS,l,2.0NRT,307.67,3.4,D
20.12553,80.38429,334.91,0.49,0.4,2026-03-17,807,N21,VIIRS,n,2.0NRT,301.11,2.83,D
20.12613,80.3825,334.63,0.49,0.4,2026-03-17,807,N21,VIIRS,n,2.0NRT,302.55,4.26,D
20.13848,80.3681,337.52,0.49,0.4,2026-03-17,807,N21,VIIRS,n,2.0NRT,304.75,3.01,D
20.14524,81.49951,333.85,0.56,0.43,2026-03-17,807,N21,VIIRS,l,2.0NRT,304.75,6.25,D
20.15347,80.25327,333.21,0.48,0.4,2026-03-17,807,N21,VIIRS,l,2.0NRT,305.13,5.75,D
20.15951,80.29919,333.02,0.49,0.4,2026-03-17,807,N21,VIIRS,l,2.0NRT,307.14,2.87,D
20.1602,80.2477,336.12,0.48,0.4,2026-03-17,807,N21,VIIRS,n,2.0NRT,305.82,5.27,D
20.16221,80.09496,339,0.47,0.4,2026-03-17,807,N21,VIIRS,n,2.0NRT,308.58,4.5,D
20.164,80.13608,347.13,0.48,0.4,2026-03-17,807,N21,VIIRS,n,2.0NRT,307.73,6.84,D
20.16402,80.10849,336.65,0.47,0.4,2026-03-17,807,N21,VIIRS,l,2.0NRT,309.59,5.59,D
20.16438,78.56516,341.48,0.41,0.37,2026-03-17,807,N21,VIIRS,l,2.0NRT,315.22,7.32,D
20.16582,80.14965,336.68,0.48,0.4,2026-03-17,807,N21,VIIRS,l,2.0NRT,308.83,2.58,D
20.16765,80.13554,346.76,0.48,0.4,2026-03-17,807,N21,VIIRS,n,2.0NRT,307.62,7.56,D
20.17372,80.09779,337.37,0.47,0.4,2026-03-17,807,N21,VIIRS,l,2.0NRT,308.52,2.68,D
20.17673,83.44871,333.04,0.49,0.49,2026-03-17,807,N21,VIIRS,l,2.0NRT,304.41,2.71,D
20.18464,80.12376,332.84,0.48,0.4,2026-03-17,807,N21,VIIRS,l,2.0NRT,305.93,1.88,D
20.18526,80.12827,335.35,0.48,0.4,2026-03-17,807,N21,VIIRS,l,2.0NRT,307.05,1.88,D
20.18766,80.0911,345.61,0.47,0.4,2026-03-17,807,N21,VIIRS,n,2.0NRT,309.3,10.11,D
20.19129,80.09057,336.04,0.47,0.4,2026-03-17,807,N21,VIIRS,l,2.0NRT,308.29,3.27,D
20.19378,80.35992,331.31,0.49,0.4,2026-03-17,807,N21,VIIRS,l,2.0NRT,303.89,5.82,D
20.19806,80.36384,333,0.49,0.4,2026-03-17,807,N21,VIIRS,l,2.0NRT,303.7,3.94,D
20.19959,78.54352,348.84,0.41,0.37,2026-03-17,807,N21,VIIRS,n,2.0NRT,316.83,9.9,D
20.20106,80.13212,340.58,0.48,0.4,2026-03-17,807,N21,VIIRS,n,2.0NRT,309.22,5.91,D
20.20236,80.3679,330.33,0.49,0.4,2026-03-17,807,N21,VIIRS,l,2.0NRT,303.41,3.94,D
20.20408,80.13008,345.15,0.48,0.4,2026-03-17,807,N21,VIIRS,n,2.0NRT,310.76,12.52,D
20.2047,80.13158,343.37,0.48,0.4,2026-03-17,807,N21,VIIRS,n,2.0NRT,309.07,5.91,D
20.2231,81.58028,336.76,0.57,0.43,2026-03-17,807,N21,VIIRS,n,2.0NRT,305.19,5.36,D
20.22415,80.53252,342.4,0.5,0.41,2026-03-17,807,N21,VIIRS,n,2.0NRT,305.29,6.62,D
20.23005,83.60031,334.13,0.51,0.49,2026-03-17,807,N21,VIIRS,n,2.0NRT,302.36,4.23,D
20.23163,76.84595,347.05,0.38,0.36,2026-03-17,807,N21,VIIRS,n,2.0NRT,319.98,10.48,D
20.23624,80.34637,331.23,0.49,0.4,2026-03-17,807,N21,VIIRS,n,2.0NRT,305.97,2.83,D
20.24462,80.20913,345.77,0.48,0.4,2026-03-17,807,N21,VIIRS,n,2.0NRT,310.43,5.51,D
20.24604,83.53979,339.18,0.5,0.49,2026-03-17,807,N21,VIIRS,n,2.0NRT,303.41,4.26,D
20.24652,83.54396,345.57,0.5,0.49,2026-03-17,807,N21,VIIRS,n,2.0NRT,303.65,9.29,D
20.24678,81.54449,338.12,0.57,0.43,2026-03-17,807,N21,VIIRS,n,2.0NRT,309.33,5.81,D
20.24704,83.54855,339.51,0.5,0.49,2026-03-17,807,N21,VIIRS,n,2.0NRT,302.26,9.29,D
20.27383,80.2607,336.14,0.48,0.4,2026-03-17,807,N21,VIIRS,l,2.0NRT,307.24,3.16,D
20.27614,80.6584,330.23,0.51,0.41,2026-03-17,807,N21,VIIRS,l,2.0NRT,304.31,2.91,D
20.27689,80.2839,336.14,0.49,0.4,2026-03-17,807,N21,VIIRS,l,2.0NRT,308.88,3.69,D
20.2793,81.26207,336.34,0.55,0.42,2026-03-17,807,N21,VIIRS,n,2.0NRT,305.59,3.73,D
20.28117,80.25953,332.01,0.48,0.4,2026-03-17,807,N21,VIIRS,l,2.0NRT,306.5,2.01,D
20.28183,80.20816,339.57,0.48,0.4,2026-03-17,807,N21,VIIRS,n,2.0NRT,308.76,3.88,D
20.28595,79.90912,347.5,0.47,0.39,2026-03-17,807,N21,VIIRS,n,2.0NRT,309.06,7.3,D
20.28727,79.90644,333.53,0.47,0.39,2026-03-17,807,N21,VIIRS,l,2.0NRT,306.02,2.36,D
20.28914,80.29147,338.09,0.49,0.4,2026-03-17,807,N21,VIIRS,l,2.0NRT,308.53,6.45,D
20.29649,80.29031,336.5,0.49,0.4,2026-03-17,807,N21,VIIRS,l,2.0NRT,307.93,3.65,D
20.30931,80.64874,335.63,0.51,0.41,2026-03-17,807,N21,VIIRS,l,2.0NRT,306.51,5.36,D
20.31556,80.37733,335.85,0.49,0.4,2026-03-17,807,N21,VIIRS,n,2.0NRT,305.21,2.06,D
20.32332,78.01496,348.12,0.4,0.37,2026-03-17,807,N21,VIIRS,l,2.0NRT,319.27,14.97,D
20.32727,83.19534,336.29,0.48,0.48,2026-03-17,807,N21,VIIRS,n,2.0NRT,301.7,3.19,D
20.33,80.29234,331.97,0.49,0.4,2026-03-17,807,N21,VIIRS,l,2.0NRT,306.53,5.34,D
20.33163,83.75618,331.29,0.52,0.5,2026-03-17,807,N21,VIIRS,n,2.0NRT,301.21,4.28,D
20.33166,83.19473,332.23,0.48,0.48,2026-03-17,807,N21,VIIRS,n,2.0NRT,301.4,3.19,D
20.33448,80.29385,333.42,0.49,0.4,2026-03-17,807,N21,VIIRS,l,2.0NRT,306.29,1.64,D
20.33524,80.35545,337.22,0.49,0.4,2026-03-17,807,N21,VIIRS,n,2.0NRT,306.79,3.38,D
20.33728,83.77232,331.05,0.52,0.5,2026-03-17,807,N21,VIIRS,n,2.0NRT,300.87,4.67,D
20.34257,80.7878,336.65,0.52,0.41,2026-03-17,807,N21,VIIRS,l,2.0NRT,307.29,5.85,D
20.34571,80.15418,336.92,0.48,0.4,2026-03-17,807,N21,VIIRS,l,2.0NRT,309.83,4.77,D
20.34808,73.60966,340.74,0.44,0.39,2026-03-17,807,N21,VIIRS,l,2.0NRT,313.54,12.33,D
20.34845,81.7209,345.91,0.39,0.44,2026-03-17,807,N21,VIIRS,n,2.0NRT,306.07,4.72,D
20.35308,83.18707,330.61,0.48,0.48,2026-03-17,807,N21,VIIRS,l,2.0NRT,302.68,2.52,D
20.36548,85.0043,330.19,0.63,0.54,2026-03-17,807,N21,VIIRS,n,2.0NRT,293.42,5,D
20.3667,79.71614,335.29,0.46,0.39,2026-03-17,807,N21,VIIRS,l,2.0NRT,307.68,3.31,D
20.36775,79.71481,337.92,0.46,0.39,2026-03-17,807,N21,VIIRS,n,2.0NRT,308.6,3.19,D
20.36895,79.72352,335.11,0.46,0.39,2026-03-17,807,N21,VIIRS,l,2.0NRT,306.77,2.04,D
20.37288,80.58044,335.75,0.5,0.41,2026-03-17,807,N21,VIIRS,n,2.0NRT,307.81,4.94,D
20.37411,80.57825,334.38,0.5,0.41,2026-03-17,807,N21,VIIRS,l,2.0NRT,307.32,3.01,D
20.37835,80.73737,334.92,0.51,0.41,2026-03-17,807,N21,VIIRS,n,2.0NRT,304.81,2.89,D
20.38406,80.21855,333.07,0.48,0.4,2026-03-17,807,N21,VIIRS,l,2.0NRT,307.7,1.79,D
20.38773,81.36201,335.88,0.56,0.43,2026-03-17,807,N21,VIIRS,l,2.0NRT,307.58,4.64,D
20.39174,79.71232,341.94,0.46,0.39,2026-03-17,807,N21,VIIRS,n,2.0NRT,309.43,6.57,D
20.39242,73.76437,340.19,0.44,0.38,2026-03-17,807,N21,VIIRS,n,2.0NRT,314.11,2.04,D
20.39602,76.96739,352.12,0.39,0.36,2026-03-17,807,N21,VIIRS,n,2.0NRT,316.16,13.29,D
20.39626,80.08646,334.76,0.48,0.4,2026-03-17,807,N21,VIIRS,l,2.0NRT,308.12,4.1,D
20.39799,78.38816,353.16,0.41,0.37,2026-03-17,807,N21,VIIRS,n,2.0NRT,317.69,10.44,D
20.39805,78.68201,340.4,0.42,0.38,2026-03-17,807,N21,VIIRS,l,2.0NRT,314.13,6.6,D
20.39911,78.38889,340.29,0.41,0.37,2026-03-17,807,N21,VIIRS,n,2.0NRT,314.12,3.74,D
20.40094,76.72656,341.85,0.38,0.36,2026-03-17,807,N21,VIIRS,n,2.0NRT,313.08,8.37,D
20.40231,83.76689,341.47,0.52,0.5,2026-03-17,807,N21,VIIRS,n,2.0NRT,301.59,6.88,D
20.40424,80.28607,340.91,0.49,0.4,2026-03-17,807,N21,VIIRS,n,2.0NRT,310.28,3.54,D
20.4045,81.71359,334.98,0.39,0.44,2026-03-17,807,N21,VIIRS,l,2.0NRT,307.23,1.97,D
20.41402,80.21877,342.38,0.48,0.4,2026-03-17,807,N21,VIIRS,n,2.0NRT,310.11,5.2,D
20.41557,80.90287,332.35,0.52,0.42,2026-03-17,807,N21,VIIRS,l,2.0NRT,306.1,1.79,D
20.41747,80.8604,335.31,0.52,0.42,2026-03-17,807,N21,VIIRS,l,2.0NRT,307.44,4.34,D
20.42026,80.43589,341.44,0.5,0.41,2026-03-17,807,N21,VIIRS,n,2.0NRT,307.14,6.97,D
20.422,83.69676,333.54,0.52,0.5,2026-03-17,807,N21,VIIRS,n,2.0NRT,301.68,4.38,D
20.4228,83.69527,334.32,0.52,0.5,2026-03-17,807,N21,VIIRS,n,2.0NRT,301.92,5.25,D
20.42451,80.29725,337.28,0.49,0.4,2026-03-17,807,N21,VIIRS,l,2.0NRT,308.41,3.07,D
20.42726,83.5274,331.68,0.5,0.49,2026-03-17,807,N21,VIIRS,l,2.0NRT,305.09,2.98,D
20.43176,83.52681,330.3,0.5,0.49,2026-03-17,807,N21,VIIRS,l,2.0NRT,303.94,2.98,D
20.43574,83.40073,330.42,0.49,0.49,2026-03-17,807,N21,VIIRS,l,2.0NRT,303.24,2.52,D
20.44005,80.41394,367,0.49,0.41,2026-03-17,807,N21,VIIRS,h,2.0NRT,310.58,16.17,D
20.44377,80.41342,332.55,0.49,0.41,2026-03-17,807,N21,VIIRS,n,2.0NRT,306.1,3.19,D
20.44761,80.5284,338.37,0.5,0.41,2026-03-17,807,N21,VIIRS,n,2.0NRT,309.08,5.01,D
20.45295,80.89567,339.11,0.52,0.42,2026-03-17,807,N21,VIIRS,n,2.0NRT,305.07,4.89,D
20.45825,84.06792,332.63,0.55,0.51,2026-03-17,807,N21,VIIRS,n,2.0NRT,300.53,3.93,D
20.45981,81.29656,334.31,0.55,0.43,2026-03-17,807,N21,VIIRS,l,2.0NRT,305.76,2.49,D
20.46006,81.7853,341.11,0.39,0.44,2026-03-17,807,N21,VIIRS,n,2.0NRT,304.25,2.41,D
20.46119,80.09673,335.37,0.48,0.4,2026-03-17,807,N21,VIIRS,l,2.0NRT,308.93,3.71,D
20.46716,80.64793,346.61,0.51,0.41,2026-03-17,807,N21,VIIRS,n,2.0NRT,306.83,9.78,D
20.47063,80.52977,338.35,0.5,0.41,2026-03-17,807,N21,VIIRS,n,2.0NRT,306.64,5.02,D
20.47067,82.00832,332.97,0.41,0.45,2026-03-17,807,N21,VIIRS,n,2.0NRT,301.85,4.34,D
20.47236,80.53148,334.67,0.5,0.41,2026-03-17,807,N21,VIIRS,l,2.0NRT,306.92,3.17,D
20.4726,80.86739,332.2,0.52,0.42,2026-03-17,807,N21,VIIRS,l,2.0NRT,307,2.75,D
20.4727,73.69899,341.15,0.44,0.38,2026-03-17,807,N21,VIIRS,l,2.0NRT,315.08,1.44,D
20.47869,80.53317,332.92,0.5,0.41,2026-03-17,807,N21,VIIRS,l,2.0NRT,305.33,5.21,D
20.4788,80.11728,336.16,0.48,0.4,2026-03-17,807,N21,VIIRS,l,2.0NRT,307.76,3.76,D
20.4794,80.12186,333.71,0.48,0.4,2026-03-17,807,N21,VIIRS,l,2.0NRT,307.51,2.67,D
20.48476,78.03214,346.44,0.4,0.37,2026-03-17,807,N21,VIIRS,n,2.0NRT,320.76,14.22,D
20.48777,80.29897,334.49,0.49,0.4,2026-03-17,807,N21,VIIRS,l,2.0NRT,307.66,3.64,D
20.48783,80.53341,331.8,0.5,0.41,2026-03-17,807,N21,VIIRS,l,2.0NRT,305.61,4.23,D
20.48943,79.76978,336,0.46,0.39,2026-03-17,807,N21,VIIRS,l,2.0NRT,309.61,5.35,D
20.49138,79.72919,336.92,0.46,0.39,2026-03-17,807,N21,VIIRS,l,2.0NRT,311.75,4.01,D
20.49298,81.5929,335.12,0.38,0.43,2026-03-17,807,N21,VIIRS,l,2.0NRT,306.53,2.87,D
20.49472,83.33234,343.53,0.49,0.49,2026-03-17,807,N21,VIIRS,n,2.0NRT,303.62,8.76,D
20.49506,81.55346,332.11,0.57,0.43,2026-03-17,807,N21,VIIRS,l,2.0NRT,305.05,2.24,D
20.49542,83.33067,336.63,0.49,0.49,2026-03-17,807,N21,VIIRS,n,2.0NRT,302.57,6.1,D
20.49598,83.33534,334.62,0.49,0.49,2026-03-17,807,N21,VIIRS,n,2.0NRT,303.14,7.64,D
20.49814,80.70514,336.99,0.51,0.41,2026-03-17,807,N21,VIIRS,l,2.0NRT,309.59,4.26,D
20.5012,80.70233,347.21,0.51,0.41,2026-03-17,807,N21,VIIRS,n,2.0NRT,307.93,11.52,D
20.5015,83.53725,337.35,0.51,0.49,2026-03-17,807,N21,VIIRS,n,2.0NRT,304.8,4.71,D
20.50192,80.70459,341.13,0.51,0.41,2026-03-17,807,N21,VIIRS,n,2.0NRT,308.85,4.26,D
20.50322,84.45059,343.35,0.58,0.52,2026-03-17,807,N21,VIIRS,n,2.0NRT,300.45,8.92,D
20.50327,84.45,342.92,0.58,0.52,2026-03-17,807,N21,VIIRS,n,2.0NRT,300.17,9.7,D
20.50561,83.18944,334.6,0.48,0.48,2026-03-17,807,N21,VIIRS,n,2.0NRT,301.33,3.01,D
20.50697,83.24091,330.38,0.48,0.48,2026-03-17,807,N21,VIIRS,n,2.0NRT,301.41,3.22,D
20.50834,83.37347,330.71,0.49,0.49,2026-03-17,807,N21,VIIRS,l,2.0NRT,303.6,3.39,D
20.50912,80.79135,333.2,0.52,0.41,2026-03-17,807,N21,VIIRS,l,2.0NRT,306.75,4.22,D
20.51001,83.18884,333.87,0.48,0.48,2026-03-17,807,N21,VIIRS,n,2.0NRT,301.24,3.01,D
20.51191,83.24492,367,0.48,0.48,2026-03-17,807,N21,VIIRS,h,2.0NRT,303.08,16.51,D
20.52344,81.76875,336.63,0.39,0.44,2026-03-17,807,N21,VIIRS,n,2.0NRT,306.47,3.03,D
20.52648,82.80163,330.24,0.45,0.47,2026-03-17,807,N21,VIIRS,l,2.0NRT,304.18,1.24,D
20.52812,83.76754,337.72,0.52,0.5,2026-03-17,807,N21,VIIRS,n,2.0NRT,305.14,4.65,D
20.54163,79.56148,347.85,0.45,0.39,2026-03-17,807,N21,VIIRS,n,2.0NRT,309.7,6.08,D
20.54193,80.33845,341.48,0.49,0.4,2026-03-17,807,N21,VIIRS,n,2.0NRT,308.16,5.56,D
20.54216,83.80743,330.66,0.53,0.5,2026-03-17,807,N21,VIIRS,l,2.0NRT,303.17,4.2,D
20.54365,83.019,332.84,0.47,0.48,2026-03-17,807,N21,VIIRS,n,2.0NRT,302.8,2.13,D
20.54377,84.51121,345.88,0.59,0.53,2026-03-17,807,N21,VIIRS,n,2.0NRT,299.36,11.93,D
20.55658,80.08367,345.34,0.48,0.4,2026-03-17,807,N21,VIIRS,n,2.0NRT,310.36,7.29,D
20.55718,80.08823,338.3,0.48,0.4,2026-03-17,807,N21,VIIRS,l,2.0NRT,309.9,7.29,D
20.56703,80.30778,335.59,0.49,0.4,2026-03-17,807,N21,VIIRS,l,2.0NRT,307.87,3.67,D
20.5678,83.18568,332.48,0.48,0.48,2026-03-17,807,N21,VIIRS,n,2.0NRT,301.25,3.47,D
20.57676,80.71837,340.22,0.52,0.41,2026-03-17,807,N21,VIIRS,n,2.0NRT,309.3,5.11,D
20.58875,83.13357,338.32,0.48,0.48,2026-03-17,807,N21,VIIRS,n,2.0NRT,303.45,4.65,D
20.59181,83.46858,336.9,0.5,0.49,2026-03-17,807,N21,VIIRS,n,2.0NRT,304.56,1.91,D
20.59525,83.86616,334.03,0.53,0.5,2026-03-17,807,N21,VIIRS,n,2.0NRT,301.68,3.22,D
20.6067,84.09985,332.16,0.55,0.51,2026-03-17,807,N21,VIIRS,n,2.0NRT,299.33,4.03,D
20.60758,80.89586,333.28,0.53,0.42,2026-03-17,807,N21,VIIRS,l,2.0NRT,307.92,2.32,D
20.60922,80.51793,335.05,0.5,0.41,2026-03-17,807,N21,VIIRS,l,2.0NRT,308.36,2.95,D
20.61062,82.86261,341.83,0.46,0.47,2026-03-17,807,N21,VIIRS,n,2.0NRT,304.66,4.36,D
20.61081,84.09394,330.09,0.55,0.51,2026-03-17,807,N21,VIIRS,l,2.0NRT,300.5,4.03,D
20.61114,82.86703,334.74,0.46,0.47,2026-03-17,807,N21,VIIRS,n,2.0NRT,304.42,4.36,D
20.6138,81.38047,330.77,0.56,0.43,2026-03-17,807,N21,VIIRS,l,2.0NRT,304.58,2.46,D
20.62293,84.03163,330.58,0.55,0.51,2026-03-17,807,N21,VIIRS,l,2.0NRT,301.87,2.87,D
20.62996,83.9252,340.17,0.54,0.51,2026-03-17,807,N21,VIIRS,n,2.0NRT,303.29,5.25,D
20.63207,81.83891,336.47,0.4,0.44,2026-03-17,807,N21,VIIRS,l,2.0NRT,307.5,6.25,D
20.64527,83.39562,341.14,0.5,0.49,2026-03-17,807,N21,VIIRS,n,2.0NRT,303.91,8.43,D
20.64577,83.01133,334.27,0.47,0.48,2026-03-17,807,N21,VIIRS,n,2.0NRT,303.58,1.92,D
20.64826,83.92092,338.27,0.54,0.51,2026-03-17,807,N21,VIIRS,n,2.0NRT,302.17,6.95,D
20.64999,83.93613,331.55,0.54,0.51,2026-03-17,807,N21,VIIRS,n,2.0NRT,301.48,7.86,D
20.66696,80.37899,341.07,0.5,0.41,2026-03-17,807,N21,VIIRS,n,2.0NRT,309.65,4.68,D
20.66864,83.01732,331.48,0.47,0.48,2026-03-17,807,N21,VIIRS,l,2.0NRT,303.59,2.23,D
20.66939,80.38136,336.2,0.5,0.41,2026-03-17,807,N21,VIIRS,l,2.0NRT,306.87,4.04,D
20.66999,79.65476,353.16,0.46,0.39,2026-03-17,807,N21,VIIRS,n,2.0NRT,312.59,6.7,D
20.67329,83.56334,345.56,0.51,0.49,2026-03-17,807,N21,VIIRS,n,2.0NRT,306.63,9.11,D
20.67356,79.65422,347.9,0.46,0.39,2026-03-17,807,N21,VIIRS,n,2.0NRT,312.19,8.13,D
20.68717,83.40445,330.14,0.5,0.49,2026-03-17,807,N21,VIIRS,l,2.0NRT,302.82,2.57,D
20.68804,83.25655,354.81,0.49,0.48,2026-03-17,807,N21,VIIRS,n,2.0NRT,304.23,14.9,D
20.69125,80.28711,336.92,0.49,0.4,2026-03-17,807,N21,VIIRS,l,2.0NRT,310.17,3.64,D
20.69159,79.95015,347.31,0.47,0.4,2026-03-17,807,N21,VIIRS,n,2.0NRT,313.36,9.85,D
20.69191,73.87054,348.05,0.43,0.38,2026-03-17,807,N21,VIIRS,l,2.0NRT,318.87,7.94,D
20.71037,77.341,349.26,0.39,0.36,2026-03-17,807,N21,VIIRS,n,2.0NRT,318.82,7.68,D
20.71512,80.38368,333.38,0.5,0.41,2026-03-17,807,N21,VIIRS,l,2.0NRT,305.4,5.35,D
20.71708,84.08694,333.22,0.55,0.51,2026-03-17,807,N21,VIIRS,n,2.0NRT,303.62,3.71,D
20.71716,83.7891,336.7,0.53,0.5,2026-03-17,807,N21,VIIRS,l,2.0NRT,309.19,6.11,D
20.71846,83.67738,341.73,0.52,0.5,2026-03-17,807,N21,VIIRS,n,2.0NRT,306.11,10.68,D
20.71877,84.10255,352.16,0.55,0.51,2026-03-17,807,N21,VIIRS,n,2.0NRT,303.95,9.51,D
20.72119,83.7835,343.14,0.53,0.5,2026-03-17,807,N21,VIIRS,n,2.0NRT,309.3,6.11,D
20.7224,79.9239,348.15,0.47,0.4,2026-03-17,807,N21,VIIRS,n,2.0NRT,312.13,7.97,D
20.72246,83.67188,346.37,0.52,0.5,2026-03-17,807,N21,VIIRS,n,2.0NRT,306.61,7.2,D
20.72308,83.51742,334.7,0.51,0.49,2026-03-17,807,N21,VIIRS,l,2.0NRT,306.04,3.54,D
20.72579,83.78293,345.89,0.53,0.5,2026-03-17,807,N21,VIIRS,n,2.0NRT,309.64,24.02,D
20.72602,80.67709,338.05,0.51,0.41,2026-03-17,807,N21,VIIRS,l,2.0NRT,310.68,3.66,D
20.72979,80.67654,335.95,0.51,0.41,2026-03-17,807,N21,VIIRS,l,2.0NRT,310.25,3.66,D
20.73167,80.69134,339.6,0.52,0.41,2026-03-17,807,N21,VIIRS,l,2.0NRT,311.27,7.22,D
20.74231,83.42484,334.68,0.5,0.49,2026-03-17,807,N21,VIIRS,n,2.0NRT,304.59,4.07,D
20.74234,80.33159,348.84,0.49,0.41,2026-03-17,807,N21,VIIRS,n,2.0NRT,309.77,5.82,D
20.74295,80.33627,332.82,0.49,0.41,2026-03-17,807,N21,VIIRS,n,2.0NRT,306.06,5.82,D
20.7459,83.83674,340.73,0.53,0.5,2026-03-17,807,N21,VIIRS,n,2.0NRT,306.33,5.63,D
20.74978,70.70399,337.49,0.41,0.45,2026-03-17,807,N21,VIIRS,n,2.0NRT,307.16,2.97,D
20.75316,81.97869,336.82,0.41,0.45,2026-03-17,807,N21,VIIRS,n,2.0NRT,307.06,1.32,D
20.75899,77.0257,344.96,0.39,0.36,2026-03-17,807,N21,VIIRS,n,2.0NRT,317.11,7.19,D
20.76186,83.31654,338.32,0.49,0.49,2026-03-17,807,N21,VIIRS,n,2.0NRT,305.82,5.09,D
20.76447,85.51539,330.52,0.34,0.56,2026-03-17,807,N21,VIIRS,n,2.0NRT,298.56,3.39,D
20.7741,80.4573,337.61,0.5,0.41,2026-03-17,807,N21,VIIRS,l,2.0NRT,310.55,5.36,D
20.77746,80.20442,336.01,0.49,0.4,2026-03-17,807,N21,VIIRS,n,2.0NRT,308.09,3.21,D
20.7827,73.94563,341.65,0.43,0.38,2026-03-17,807,N21,VIIRS,n,2.0NRT,316.02,3.23,D
20.78381,73.62238,346.87,0.44,0.38,2026-03-17,807,N21,VIIRS,n,2.0NRT,312.35,4.86,D
20.78539,84.63458,330.21,0.6,0.53,2026-03-17,807,N21,VIIRS,l,2.0NRT,302.35,4.81,D
20.7873,73.62173,336.62,0.44,0.38,2026-03-17,807,N21,VIIRS,l,2.0NRT,310.99,2.37,D
20.78744,70.61458,341.62,0.42,0.45,2026-03-17,807,N21,VIIRS,n,2.0NRT,310.7,4.38,D
20.796,83.02737,336.27,0.47,0.48,2026-03-17,807,N21,VIIRS,n,2.0NRT,304.23,3.49,D
20.79745,70.60023,341.24,0.42,0.45,2026-03-17,807,N21,VIIRS,n,2.0NRT,309.77,6.58,D
20.80599,83.83305,335.58,0.53,0.5,2026-03-17,807,N21,VIIRS,n,2.0NRT,304.41,7.74,D
20.80716,83.28817,330.54,0.49,0.49,2026-03-17,807,N21,VIIRS,l,2.0NRT,302.21,2.69,D
20.81329,73.71123,342.53,0.43,0.38,2026-03-17,807,N21,VIIRS,n,2.0NRT,313.86,6.4,D
20.81621,84.10073,345.65,0.55,0.51,2026-03-17,807,N21,VIIRS,n,2.0NRT,308.33,11.87,D
20.82092,84.10016,354.68,0.55,0.51,2026-03-17,807,N21,VIIRS,n,2.0NRT,307.51,13.47,D
20.827,85.41557,331,0.34,0.56,2026-03-17,807,N21,VIIRS,n,2.0NRT,292.24,3.93,D
20.82764,79.96306,343.74,0.47,0.4,2026-03-17,807,N21,VIIRS,n,2.0NRT,308.98,5.95,D
20.8278,79.95999,336.4,0.48,0.4,2026-03-17,807,N21,VIIRS,l,2.0NRT,310.58,4.95,D
20.83392,71.01301,335.69,0.39,0.44,2026-03-17,807,N21,VIIRS,l,2.0NRT,310.41,2.01,D
20.85381,83.71908,340.98,0.52,0.5,2026-03-17,807,N21,VIIRS,n,2.0NRT,306.92,9.39,D
20.85406,81.28839,336.22,0.56,0.43,2026-03-17,807,N21,VIIRS,l,2.0NRT,309.08,2.56,D
20.85428,83.72144,345.62,0.53,0.5,2026-03-17,807,N21,VIIRS,n,2.0NRT,305.43,7.48,D
20.86118,71.09164,341.83,0.39,0.44,2026-03-17,807,N21,VIIRS,n,2.0NRT,310.61,3.09,D
20.86178,78.71734,348.02,0.42,0.38,2026-03-17,807,N21,VIIRS,n,2.0NRT,319.36,9.18,D
20.86193,84.74786,354.26,0.61,0.54,2026-03-17,807,N21,VIIRS,n,2.0NRT,301.22,19.95,D
20.86312,84.99124,336.21,0.64,0.54,2026-03-17,807,N21,VIIRS,n,2.0NRT,304.61,5.51,D
20.86379,73.77765,346.26,0.43,0.38,2026-03-17,807,N21,VIIRS,l,2.0NRT,318.02,13.98,D
20.86443,84.74686,346.51,0.61,0.54,2026-03-17,807,N21,VIIRS,n,2.0NRT,300.89,20.92,D
20.8686,84.99525,336.45,0.32,0.54,2026-03-17,807,N21,VIIRS,n,2.0NRT,305.03,5.41,D
20.87576,75.1859,349.19,0.39,0.36,2026-03-17,807,N21,VIIRS,l,2.0NRT,322.87,11.15,D
20.87613,83.58224,342.87,0.51,0.5,2026-03-17,807,N21,VIIRS,n,2.0NRT,305.96,16.95,D
20.8773,81.09753,336.36,0.54,0.42,2026-03-17,807,N21,VIIRS,l,2.0NRT,311.04,4.84,D
20.879,83.82114,338.65,0.53,0.5,2026-03-17,807,N21,VIIRS,n,2.0NRT,307.08,4.06,D
20.87926,83.81855,335.33,0.53,0.5,2026-03-17,807,N21,VIIRS,n,2.0NRT,304.71,6.28,D
20.88603,73.24105,339.21,0.45,0.39,2026-03-17,807,N21,VIIRS,n,2.0NRT,310.86,5.32,D
20.89476,83.14977,332.88,0.48,0.48,2026-03-17,807,N21,VIIRS,n,2.0NRT,303.37,3.95,D
20.8952,83.46567,344.05,0.51,0.49,2026-03-17,807,N21,VIIRS,n,2.0NRT,305.8,5.64,D
20.89524,83.15265,338.31,0.48,0.48,2026-03-17,807,N21,VIIRS,n,2.0NRT,303.33,6.47,D
20.89524,83.15401,345.49,0.48,0.48,2026-03-17,807,N21,VIIRS,n,2.0NRT,303.45,3.95,D
20.8958,83.15739,333.41,0.48,0.48,2026-03-17,807,N21,VIIRS,n,2.0NRT,302.31,2.04,D
20.89711,71.01934,341.73,0.39,0.44,2026-03-17,807,N21,VIIRS,n,2.0NRT,312.05,1.95,D
20.8991,73.72016,342.19,0.43,0.38,2026-03-17,807,N21,VIIRS,n,2.0NRT,312.69,3.13,D
20.90176,83.90155,345.53,0.54,0.51,2026-03-17,807,N21,VIIRS,n,2.0NRT,306.74,8.06,D
20.90185,73.71532,339.88,0.43,0.38,2026-03-17,807,N21,VIIRS,n,2.0NRT,312.06,3.13,D
20.90255,73.71944,341.6,0.43,0.38,2026-03-17,807,N21,VIIRS,n,2.0NRT,313.22,3.13,D
20.90537,84.34643,333.26,0.58,0.52,2026-03-17,807,N21,VIIRS,n,2.0NRT,302.72,2.97,D
20.92929,73.51733,340.46,0.44,0.38,2026-03-17,807,N21,VIIRS,n,2.0NRT,309.22,5.07,D
20.9301,82.87358,332.22,0.46,0.47,2026-03-17,807,N21,VIIRS,l,2.0NRT,304.48,4.68,D
20.9375,84.96992,335.06,0.64,0.54,2026-03-17,807,N21,VIIRS,n,2.0NRT,300.97,8.72,D
20.93869,85.0302,338.17,0.32,0.55,2026-03-17,807,N21,VIIRS,n,2.0NRT,301.4,2.86,D
20.94666,84.14133,341.89,0.56,0.52,2026-03-17,807,N21,VIIRS,n,2.0NRT,306.83,10.95,D
20.95079,84.13535,353.88,0.56,0.51,2026-03-17,807,N21,VIIRS,n,2.0NRT,310.88,41.03,D
20.95138,84.14073,342.62,0.56,0.52,2026-03-17,807,N21,VIIRS,n,2.0NRT,308.76,24.17,D
20.95435,83.28049,341.57,0.49,0.49,2026-03-17,807,N21,VIIRS,n,2.0NRT,304.96,9.61,D
20.95683,85.00979,338.18,0.32,0.55,2026-03-17,807,N21,VIIRS,n,2.0NRT,302.69,6.09,D
20.95869,73.62793,335.28,0.44,0.38,2026-03-17,807,N21,VIIRS,n,2.0NRT,308.92,2.92,D
20.96064,80.2888,335.63,0.49,0.41,2026-03-17,807,N21,VIIRS,l,2.0NRT,309.89,8.85,D
20.96289,85.16588,336.98,0.33,0.55,2026-03-17,807,N21,VIIRS,n,2.0NRT,302.14,4.44,D
20.96354,85.17213,332.32,0.33,0.55,2026-03-17,807,N21,VIIRS,n,2.0NRT,302.1,4.29,D
20.96408,85.03065,331.44,0.32,0.55,2026-03-17,807,N21,VIIRS,l,2.0NRT,302.33,3.86,D
20.96434,80.28821,335.13,0.49,0.41,2026-03-17,807,N21,VIIRS,l,2.0NRT,309.66,8.85,D
20.96483,85.18469,331.94,0.33,0.55,2026-03-17,807,N21,VIIRS,l,2.0NRT,303.48,3.36,D
20.96516,85.18788,339.28,0.33,0.55,2026-03-17,807,N21,VIIRS,n,2.0NRT,303.7,3.36,D
20.96591,73.59809,340.69,0.44,0.38,2026-03-17,807,N21,VIIRS,n,2.0NRT,311.04,2.85,D
20.96665,85.15286,341.64,0.33,0.55,2026-03-17,807,N21,VIIRS,n,2.0NRT,302.56,6.12,D
20.96828,85.1685,337.49,0.33,0.55,2026-03-17,807,N21,VIIRS,n,2.0NRT,301.49,4.44,D
20.9686,85.17161,333.78,0.33,0.55,2026-03-17,807,N21,VIIRS,n,2.0NRT,301.12,4.29,D
20.96892,85.1747,349.91,0.33,0.55,2026-03-17,807,N21,VIIRS,n,2.0NRT,303.25,4.29,D
20.9704,85.13977,333.55,0.33,0.55,2026-03-17,807,N21,VIIRS,n,2.0NRT,302.09,5.25,D
20.97073,73.58432,344.8,0.44,0.38,2026-03-17,807,N21,VIIRS,n,2.0NRT,311.46,5.31,D
20.97105,85.14599,332.28,0.33,0.55,2026-03-17,807,N21,VIIRS,l,2.0NRT,303.82,4.39,D
20.97106,83.1503,332.69,0.48,0.48,2026-03-17,807,N21,VIIRS,l,2.0NRT,306,3.62,D
20.98916,73.50291,341.43,0.44,0.38,2026-03-17,807,N21,VIIRS,n,2.0NRT,314.92,5.64,D
20.99995,81.79279,336.95,0.4,0.44,2026-03-17,807,N21,VIIRS,l,2.0NRT,309.82,4.72,D
21.00104,81.50312,335.15,0.38,0.43,2026-03-17,807,N21,VIIRS,l,2.0NRT,308.84,2.34,D
21.00282,81.23008,338.14,0.56,0.43,2026-03-17,807,N21,VIIRS,l,2.0NRT,309.57,3.77,D
21.00282,81.23233,336.74,0.56,0.43,2026-03-17,807,N21,VIIRS,l,2.0NRT,311.15,6.12,D
21.004,81.79222,335.18,0.4,0.44,2026-03-17,807,N21,VIIRS,l,2.0NRT,309.03,4.44,D
21.00756,79.43084,346.76,0.45,0.39,2026-03-17,807,N21,VIIRS,n,2.0NRT,313.51,7.63,D
21.01164,82.95686,332.91,0.47,0.48,2026-03-17,807,N21,VIIRS,l,2.0NRT,304.48,0.74,D
21.01318,81.83388,349.64,0.4,0.44,2026-03-17,807,N21,VIIRS,n,2.0NRT,308.88,10.47,D
21.01466,82.67796,330.71,0.45,0.47,2026-03-17,807,N21,VIIRS,l,2.0NRT,304.76,1.69,D
21.01537,81.81792,336.17,0.4,0.44,2026-03-17,807,N21,VIIRS,l,2.0NRT,308.79,5.16,D
21.01584,81.82177,345.19,0.4,0.44,2026-03-17,807,N21,VIIRS,n,2.0NRT,309.02,7.17,D
21.01723,73.56197,338.34,0.44,0.38,2026-03-17,807,N21,VIIRS,l,2.0NRT,310.73,2.65,D
21.0199,81.82119,349.61,0.4,0.44,2026-03-17,807,N21,VIIRS,n,2.0NRT,307.6,7.17,D
21.02008,79.38931,343.98,0.45,0.39,2026-03-17,807,N21,VIIRS,n,2.0NRT,314.94,5.54,D
21.02504,81.31388,337.44,0.56,0.43,2026-03-17,807,N21,VIIRS,l,2.0NRT,310.69,6.5,D
21.0257,81.31926,338.34,0.56,0.43,2026-03-17,807,N21,VIIRS,l,2.0NRT,310.73,6.56,D
21.03557,81.88174,344.62,0.4,0.45,2026-03-17,807,N21,VIIRS,n,2.0NRT,306.74,6.57,D
21.0407,70.83881,341.54,0.4,0.44,2026-03-17,807,N21,VIIRS,l,2.0NRT,313.46,8.07,D
21.04471,70.838,355.4,0.4,0.44,2026-03-17,807,N21,VIIRS,n,2.0NRT,312.65,5.43,D
21.04543,70.8418,341.03,0.4,0.44,2026-03-17,807,N21,VIIRS,n,2.0NRT,310.71,5.43,D
21.05769,73.65279,344.16,0.43,0.38,2026-03-17,807,N21,VIIRS,l,2.0NRT,315.66,6.79,D
21.05848,80.35397,332.28,0.5,0.41,2026-03-17,807,N21,VIIRS,l,2.0NRT,306.98,1.59,D
21.06377,83.25981,334.45,0.49,0.49,2026-03-17,807,N21,VIIRS,n,2.0NRT,303.02,3.88,D
21.07214,82.28957,332.43,0.43,0.46,2026-03-17,807,N21,VIIRS,l,2.0NRT,304.71,2.65,D
21.07364,73.68391,343.22,0.43,0.38,2026-03-17,807,N21,VIIRS,n,2.0NRT,311.67,3.49,D
21.08977,81.41492,338.43,0.57,0.43,2026-03-17,807,N21,VIIRS,n,2.0NRT,308.26,7.49,D
21.1023,72.63689,340.73,0.48,0.4,2026-03-17,807,N21,VIIRS,l,2.0NRT,313.36,13.81,D
21.10955,72.63545,342.44,0.48,0.4,2026-03-17,807,N21,VIIRS,n,2.0NRT,313.64,6.84,D
21.10957,82.1981,340.98,0.42,0.46,2026-03-17,807,N21,VIIRS,n,2.0NRT,302.45,4.8,D
21.11003,81.48,344.91,0.38,0.43,2026-03-17,807,N21,VIIRS,n,2.0NRT,312.56,6.28,D
21.11188,82.19716,337.01,0.42,0.45,2026-03-17,807,N21,VIIRS,n,2.0NRT,304.93,5.79,D
21.11899,85.14933,330.68,0.33,0.55,2026-03-17,807,N21,VIIRS,n,2.0NRT,300.66,2.07,D
21.12257,76.43646,345.91,0.38,0.36,2026-03-17,807,N21,VIIRS,l,2.0NRT,319.07,10.95,D
21.12465,82.96665,336.21,0.47,0.48,2026-03-17,807,N21,VIIRS,n,2.0NRT,305.12,3.88,D
21.12641,76.43954,341.09,0.38,0.36,2026-03-17,807,N21,VIIRS,l,2.0NRT,315.32,2.7,D
21.14066,75.39478,342.37,0.39,0.36,2026-03-17,807,N21,VIIRS,l,2.0NRT,317.35,5.78,D
21.14066,76.44458,345.26,0.38,0.36,2026-03-17,807,N21,VIIRS,n,2.0NRT,313.82,4.42,D
21.14834,82.16817,334.23,0.42,0.45,2026-03-17,807,N21,VIIRS,l,2.0NRT,305.23,3.29,D
21.15146,82.74052,332.25,0.46,0.47,2026-03-17,807,N21,VIIRS,l,2.0NRT,304.81,1.62,D
21.15237,86.1022,341.1,0.38,0.59,2026-03-17,807,N21,VIIRS,n,2.0NRT,289.44,6.05,D
21.15304,82.8666,334.41,0.47,0.48,2026-03-17,807,N21,VIIRS,l,2.0NRT,307.45,3.8,D
21.16035,82.1625,335.06,0.42,0.45,2026-03-17,807,N21,VIIRS,l,2.0NRT,306.6,3.49,D
21.16842,82.66269,338.5,0.45,0.47,2026-03-17,807,N21,VIIRS,n,2.0NRT,304.74,3.92,D
21.17758,81.64923,336.75,0.39,0.44,2026-03-17,807,N21,VIIRS,n,2.0NRT,308.65,10.66,D
21.17803,81.65301,342.21,0.39,0.44,2026-03-17,807,N21,VIIRS,n,2.0NRT,307.12,9.77,D
21.1814,85.16553,331.57,0.33,0.55,2026-03-17,807,N21,VIIRS,l,2.0NRT,302.23,2.41,D
21.18943,82.22865,337.18,0.43,0.46,2026-03-17,807,N21,VIIRS,n,2.0NRT,305.42,10.38,D
21.19753,80.68359,339.53,0.52,0.42,2026-03-17,807,N21,VIIRS,n,2.0NRT,311.16,5.97,D
21.20242,76.62939,337.43,0.38,0.36,2026-03-17,807,N21,VIIRS,l,2.0NRT,311.65,7.99,D
21.20297,76.63306,345.73,0.38,0.36,2026-03-17,807,N21,VIIRS,n,2.0NRT,310.49,7.99,D
21.20626,76.6325,344.43,0.38,0.36,2026-03-17,807,N21,VIIRS,n,2.0NRT,313.58,7.99,D
21.20692,76.18847,336.26,0.38,0.36,2026-03-17,807,N21,VIIRS,l,2.0NRT,311.06,3.77,D
21.21066,76.63927,347.92,0.38,0.36,2026-03-17,807,N21,VIIRS,n,2.0NRT,309.47,18.33,D
21.21168,80.46593,346.7,0.51,0.41,2026-03-17,807,N21,VIIRS,n,2.0NRT,311.05,14.52,D
21.23885,85.37157,334.91,0.34,0.56,2026-03-17,807,N21,VIIRS,n,2.0NRT,300.06,2.7,D
21.24144,85.3721,339.7,0.34,0.56,2026-03-17,807,N21,VIIRS,n,2.0NRT,301.24,2.91,D
21.24613,85.10635,331.84,0.33,0.55,2026-03-17,807,N21,VIIRS,l,2.0NRT,302.59,1.41,D
21.29153,80.25046,335.98,0.5,0.41,2026-03-17,807,N21,VIIRS,l,2.0NRT,310.41,4.77,D
21.30109,83.14109,353.65,0.49,0.48,2026-03-17,807,N21,VIIRS,n,2.0NRT,311.65,14.36,D
21.30515,77.29437,351.66,0.39,0.36,2026-03-17,807,N21,VIIRS,n,2.0NRT,318.93,12.18,D
21.30553,83.14054,343.41,0.49,0.48,2026-03-17,807,N21,VIIRS,n,2.0NRT,310.92,8.07,D
21.30997,83.13998,353.67,0.49,0.48,2026-03-17,807,N21,VIIRS,n,2.0NRT,307.05,8.07,D
21.31696,82.21703,352.22,0.43,0.46,2026-03-17,807,N21,VIIRS,n,2.0NRT,308.6,7.39,D
21.32115,82.21646,346.26,0.43,0.46,2026-03-17,807,N21,VIIRS,n,2.0NRT,307.63,4.94,D
21.32216,82.54877,332.04,0.45,0.47,2026-03-17,807,N21,VIIRS,n,2.0NRT,305.03,3.17,D
21.32708,72.04997,342.26,0.51,0.41,2026-03-17,807,N21,VIIRS,n,2.0NRT,311.4,5.82,D
21.32728,77.21378,339.15,0.39,0.36,2026-03-17,807,N21,VIIRS,l,2.0NRT,313.21,4.66,D
21.33109,85.04144,340.24,0.32,0.55,2026-03-17,807,N21,VIIRS,n,2.0NRT,302.04,4.04,D
21.33181,82.26918,336.8,0.43,0.46,2026-03-17,807,N21,VIIRS,n,2.0NRT,302.96,3.24,D
21.33234,82.26569,332.09,0.43,0.46,2026-03-17,807,N21,VIIRS,l,2.0NRT,305.26,3.69,D
21.33689,78.31298,347.65,0.41,0.37,2026-03-17,807,N21,VIIRS,l,2.0NRT,319.01,6.92,D
21.33849,85.30497,330.48,0.34,0.56,2026-03-17,807,N21,VIIRS,n,2.0NRT,300.47,3.05,D
21.33957,82.00116,331.18,0.42,0.45,2026-03-17,807,N21,VIIRS,l,2.0NRT,305.58,3.75,D
21.34225,83.50208,333.37,0.52,0.5,2026-03-17,807,N21,VIIRS,n,2.0NRT,301.92,5.17,D
21.34333,85.06194,330.39,0.33,0.55,2026-03-17,807,N21,VIIRS,l,2.0NRT,303.55,2.57,D
21.35531,82.83398,341.55,0.47,0.48,2026-03-17,807,N21,VIIRS,n,2.0NRT,307.48,2.64,D
21.35646,70.61704,342.43,0.41,0.45,2026-03-17,807,N21,VIIRS,l,2.0NRT,315.7,4.14,D
21.36471,81.89713,334,0.41,0.45,2026-03-17,807,N21,VIIRS,l,2.0NRT,307.8,3.86,D
21.36833,81.89261,332.99,0.41,0.45,2026-03-17,807,N21,VIIRS,l,2.0NRT,306.91,3.86,D
21.3688,81.89655,343.63,0.41,0.45,2026-03-17,807,N21,VIIRS,n,2.0NRT,308.32,3.86,D
21.37058,73.58561,343.62,0.43,0.38,2026-03-17,807,N21,VIIRS,n,2.0NRT,314.92,4.53,D
21.37107,76.50561,345.68,0.38,0.36,2026-03-17,807,N21,VIIRS,n,2.0NRT,319.85,7.11,D
21.37128,73.58975,344.44,0.43,0.38,2026-03-17,807,N21,VIIRS,n,2.0NRT,315.2,4.53,D
21.37263,82.31893,347.19,0.43,0.46,2026-03-17,807,N21,VIIRS,n,2.0NRT,305.62,6.77,D
21.37512,75.3028,348.87,0.39,0.36,2026-03-17,807,N21,VIIRS,l,2.0NRT,319.99,7.76,D
21.37843,75.52002,346.29,0.39,0.36,2026-03-17,807,N21,VIIRS,n,2.0NRT,318.34,3.93,D
21.37961,73.61801,348.8,0.43,0.38,2026-03-17,807,N21,VIIRS,n,2.0NRT,318.46,12.41,D
21.3823,73.6976,334.97,0.43,0.38,2026-03-17,807,N21,VIIRS,l,2.0NRT,307.91,2.67,D
21.38253,85.14629,336.61,0.33,0.55,2026-03-17,807,N21,VIIRS,n,2.0NRT,303.2,3.05,D
21.38368,70.93689,343.66,0.39,0.44,2026-03-17,807,N21,VIIRS,n,2.0NRT,317.95,5.72,D
21.38497,77.46932,341.93,0.39,0.37,2026-03-17,807,N21,VIIRS,l,2.0NRT,316.38,6.57,D
21.38829,77.46874,367,0.39,0.37,2026-03-17,807,N21,VIIRS,l,2.0NRT,327.05,43.51,D
21.38835,82.27084,336.68,0.43,0.46,2026-03-17,807,N21,VIIRS,n,2.0NRT,308.3,3.11,D
21.39107,77.46441,341.85,0.39,0.37,2026-03-17,807,N21,VIIRS,l,2.0NRT,315.38,43.51,D
21.39237,76.89468,347.56,0.39,0.36,2026-03-17,807,N21,VIIRS,n,2.0NRT,316.73,5.36,D
21.39872,77.51704,347.9,0.4,0.37,2026-03-17,807,N21,VIIRS,n,2.0NRT,317.58,6.37,D
21.39891,80.59853,341.25,0.52,0.41,2026-03-17,807,N21,VIIRS,n,2.0NRT,308.03,6.36,D
21.39927,77.52076,350.57,0.4,0.37,2026-03-17,807,N21,VIIRS,n,2.0NRT,318.77,6.37,D
21.40541,77.49265,346.66,0.39,0.37,2026-03-17,807,N21,VIIRS,n,2.0NRT,317.2,4.98,D
21.41456,70.36819,346.46,0.42,0.45,2026-03-17,807,N21,VIIRS,n,2.0NRT,313.67,7.39,D
21.41991,81.77077,337.29,0.4,0.44,2026-03-17,807,N21,VIIRS,l,2.0NRT,307.52,6.18,D
21.42037,81.77463,342.27,0.4,0.44,2026-03-17,807,N21,VIIRS,n,2.0NRT,307.84,5.16,D
21.42968,82.81637,343.28,0.47,0.48,2026-03-17,807,N21,VIIRS,n,2.0NRT,308.12,15.6,D
21.4297,77.61294,344.06,0.4,0.37,2026-03-17,807,N21,VIIRS,n,2.0NRT,318.9,8.58,D
21.43468,76.86099,342,0.39,0.36,2026-03-17,807,N21,VIIRS,l,2.0NRT,316.27,5.34,D
21.44214,79.09293,335.54,0.44,0.38,2026-03-17,807,N21,VIIRS,l,2.0NRT,310.15,0.89,D
21.45387,70.98283,354.88,0.39,0.44,2026-03-17,807,N21,VIIRS,n,2.0NRT,318.92,13.68,D
21.45782,70.98198,345.74,0.39,0.44,2026-03-17,807,N21,VIIRS,n,2.0NRT,315.82,4.34,D
21.45917,73.18428,346.17,0.45,0.39,2026-03-17,807,N21,VIIRS,n,2.0NRT,311.56,3.32,D
21.46017,82.62403,335.97,0.45,0.47,2026-03-17,807,N21,VIIRS,n,2.0NRT,305.92,5.92,D
21.46447,82.62346,345.18,0.45,0.47,2026-03-17,807,N21,VIIRS,n,2.0NRT,303.52,5.92,D
21.47374,82.11798,336.8,0.42,0.45,2026-03-17,807,N21,VIIRS,l,2.0NRT,308.45,6.03,D
21.47422,82.12205,342.43,0.42,0.45,2026-03-17,807,N21,VIIRS,n,2.0NRT,308.76,5.58,D
21.47711,75.75613,346.78,0.39,0.36,2026-03-17,807,N21,VIIRS,n,2.0NRT,316.9,5.55,D
21.48434,77.49845,345.4,0.4,0.37,2026-03-17,807,N21,VIIRS,n,2.0NRT,311.93,9.36,D
21.49125,78.86831,346.91,0.43,0.38,2026-03-17,807,N21,VIIRS,n,2.0NRT,315.56,5.6,D
21.50321,79.40755,338.28,0.46,0.39,2026-03-17,807,N21,VIIRS,n,2.0NRT,311.47,4.14,D
21.50912,77.15659,345.13,0.39,0.36,2026-03-17,807,N21,VIIRS,n,2.0NRT,316.42,6.45,D
21.51113,75.84456,343.35,0.38,0.36,2026-03-17,807,N21,VIIRS,n,2.0NRT,317.94,3.89,D
21.51392,82.68872,335.75,0.46,0.47,2026-03-17,807,N21,VIIRS,l,2.0NRT,307.12,5.61,D
21.51611,76.49973,347.3,0.38,0.36,2026-03-17,807,N21,VIIRS,l,2.0NRT,321.76,14.41,D
21.518,73.12418,344.84,0.45,0.39,2026-03-17,807,N21,VIIRS,n,2.0NRT,313.06,7.24,D
21.52034,75.57394,349.03,0.39,0.36,2026-03-17,807,N21,VIIRS,n,2.0NRT,322.33,8.82,D
21.53252,82.5089,343.31,0.45,0.47,2026-03-17,807,N21,VIIRS,n,2.0NRT,306.55,8.49,D
21.54262,82.26746,354.27,0.43,0.46,2026-03-17,807,N21,VIIRS,n,2.0NRT,311.28,13.84,D
21.54736,75.40165,352.22,0.39,0.36,2026-03-17,807,N21,VIIRS,n,2.0NRT,319.75,5.72,D
21.54808,76.41462,347.07,0.38,0.36,2026-03-17,807,N21,VIIRS,n,2.0NRT,321.08,13.73,D
21.54931,82.13426,343.1,0.43,0.46,2026-03-17,807,N21,VIIRS,n,2.0NRT,308.01,3.89,D
21.55053,78.14165,345.45,0.41,0.37,2026-03-17,807,N21,VIIRS,l,2.0NRT,316.93,8.91,D
21.55848,82.73267,335.71,0.46,0.47,2026-03-17,807,N21,VIIRS,n,2.0NRT,305.46,3.51,D
21.56069,78.13194,341.04,0.41,0.37,2026-03-17,807,N21,VIIRS,l,2.0NRT,313.48,7.05,D
21.56348,82.0744,337.52,0.42,0.45,2026-03-17,807,N21,VIIRS,n,2.0NRT,306.25,5.27,D
21.56803,82.18591,352.3,0.43,0.46,2026-03-17,807,N21,VIIRS,n,2.0NRT,307.95,5.79,D
21.56851,82.19002,347.26,0.43,0.46,2026-03-17,807,N21,VIIRS,n,2.0NRT,307.71,5.79,D
21.57163,82.03618,332.82,0.42,0.45,2026-03-17,807,N21,VIIRS,l,2.0NRT,306.76,2.53,D
21.57496,82.68532,335.55,0.46,0.47,2026-03-17,807,N21,VIIRS,n,2.0NRT,305.31,2.81,D
21.58069,70.35821,338.54,0.42,0.45,2026-03-17,807,N21,VIIRS,l,2.0NRT,312.16,2.93,D
21.58165,70.35835,339.85,0.42,0.45,2026-03-17,807,N21,VIIRS,l,2.0NRT,312.88,3.28,D
21.58177,73.58484,351.47,0.43,0.38,2026-03-17,807,N21,VIIRS,n,2.0NRT,317.44,9.52,D
21.59475,77.2767,346.5,0.39,0.36,2026-03-17,807,N21,VIIRS,l,2.0NRT,316.63,4.33,D
21.5953,77.28043,343.78,0.39,0.36,2026-03-17,807,N21,VIIRS,l,2.0NRT,315.19,4.33,D
21.60976,70.5316,338.48,0.41,0.45,2026-03-17,807,N21,VIIRS,l,2.0NRT,313.16,14.46,D
21.60987,78.33489,343.8,0.42,0.37,2026-03-17,807,N21,VIIRS,l,2.0NRT,316.85,5.27,D
21.61746,77.22301,352.25,0.39,0.36,2026-03-17,807,N21,VIIRS,n,2.0NRT,316.22,8.19,D
21.62409,77.22188,343.2,0.39,0.36,2026-03-17,807,N21,VIIRS,l,2.0NRT,314.4,4.86,D
21.62464,77.22562,344.83,0.39,0.36,2026-03-17,807,N21,VIIRS,l,2.0NRT,314.97,4.18,D
21.62574,77.23309,344.87,0.39,0.36,2026-03-17,807,N21,VIIRS,l,2.0NRT,315.52,16.93,D
21.62795,77.22506,342.02,0.39,0.36,2026-03-17,807,N21,VIIRS,l,2.0NRT,313.69,4.18,D
21.62906,77.23254,346.06,0.39,0.36,2026-03-17,807,N21,VIIRS,l,2.0NRT,318.25,16.93,D
21.62974,82.04514,345.96,0.42,0.45,2026-03-17,807,N21,VIIRS,n,2.0NRT,304.72,3.98,D
21.63166,82.04443,345.72,0.42,0.45,2026-03-17,807,N21,VIIRS,n,2.0NRT,305.39,4.49,D
21.63396,82.88128,343.26,0.47,0.48,2026-03-17,807,N21,VIIRS,n,2.0NRT,308.12,6.93,D
21.63778,70.79413,342.13,0.39,0.44,2026-03-17,807,N21,VIIRS,l,2.0NRT,315.78,8,D
21.64176,70.79329,343.08,0.39,0.44,2026-03-17,807,N21,VIIRS,l,2.0NRT,316.29,5.12,D
21.64259,69.84683,348.59,0.45,0.47,2026-03-17,807,N21,VIIRS,n,2.0NRT,312.75,5.28,D
21.64536,83.02505,343.43,0.49,0.48,2026-03-17,807,N21,VIIRS,n,2.0NRT,308.74,4.16,D
21.64601,83.02666,342.9,0.48,0.48,2026-03-17,807,N21,VIIRS,n,2.0NRT,308.84,4.97,D
21.64827,70.19827,342.44,0.43,0.46,2026-03-17,807,N21,VIIRS,n,2.0NRT,311.4,4.77,D
21.64864,79.65373,331.43,0.47,0.4,2026-03-17,807,N21,VIIRS,l,2.0NRT,305.92,2.51,D
21.6527,77.51014,342.06,0.4,0.37,2026-03-17,807,N21,VIIRS,n,2.0NRT,316.63,3.11,D
21.66265,79.78556,341.71,0.48,0.4,2026-03-17,807,N21,VIIRS,n,2.0NRT,312.15,5.21,D
21.6665,69.925,348.98,0.44,0.46,2026-03-17,807,N21,VIIRS,n,2.0NRT,314.29,7.02,D
21.67101,77.56551,347.89,0.4,0.37,2026-03-17,807,N21,VIIRS,n,2.0NRT,317.67,27.27,D
21.67179,69.54935,338.02,0.47,0.47,2026-03-17,807,N21,VIIRS,n,2.0NRT,308.03,3.19,D
21.67338,82.49741,342.03,0.45,0.47,2026-03-17,807,N21,VIIRS,n,2.0NRT,307.99,7.11,D
21.67468,78.34861,345.66,0.42,0.37,2026-03-17,807,N21,VIIRS,l,2.0NRT,318.47,9.87,D
21.67495,69.78682,340.76,0.45,0.47,2026-03-17,807,N21,VIIRS,n,2.0NRT,310.97,2.52,D
21.67645,70.0439,343.68,0.43,0.46,2026-03-17,807,N21,VIIRS,n,2.0NRT,312.72,5.21,D
21.67945,79.68274,348.21,0.47,0.4,2026-03-17,807,N21,VIIRS,n,2.0NRT,310.03,7.73,D
21.68022,84.04044,332.86,0.56,0.52,2026-03-17,807,N21,VIIRS,l,2.0NRT,306.46,2.9,D
21.6813,79.66862,336.46,0.47,0.4,2026-03-17,807,N21,VIIRS,l,2.0NRT,306.98,6.68,D
21.68288,82.47523,332.76,0.45,0.47,2026-03-17,807,N21,VIIRS,n,2.0NRT,307.69,5.04,D
21.68337,82.47953,367,0.45,0.47,2026-03-17,807,N21,VIIRS,h,2.0NRT,311.33,22.02,D
21.68415,82.47849,353.64,0.45,0.47,2026-03-17,807,N21,VIIRS,n,2.0NRT,311.08,13.27,D
21.68466,82.48279,342.48,0.45,0.47,2026-03-17,807,N21,VIIRS,n,2.0NRT,307.12,13.27,D
21.68646,82.68244,345.84,0.46,0.47,2026-03-17,807,N21,VIIRS,n,2.0NRT,307.75,5.71,D
21.68764,82.47897,337.4,0.45,0.47,2026-03-17,807,N21,VIIRS,n,2.0NRT,306.2,5.8,D
21.68779,82.36588,346.76,0.44,0.46,2026-03-17,807,N21,VIIRS,n,2.0NRT,308.01,6.94,D
21.69106,77.56223,350.94,0.4,0.37,2026-03-17,807,N21,VIIRS,n,2.0NRT,315.58,10.57,D
21.70205,82.68616,334.33,0.46,0.47,2026-03-17,807,N21,VIIRS,l,2.0NRT,307.63,5.78,D
21.70483,82.68907,341.6,0.46,0.47,2026-03-17,807,N21,VIIRS,n,2.0NRT,307.17,5.38,D
21.71099,79.53139,336.71,0.46,0.39,2026-03-17,807,N21,VIIRS,l,2.0NRT,311.24,5.25,D
21.71459,79.53082,337.86,0.46,0.39,2026-03-17,807,N21,VIIRS,l,2.0NRT,311.99,5.25,D
21.71975,77.04092,349.68,0.39,0.36,2026-03-17,807,N21,VIIRS,n,2.0NRT,318.03,6.05,D
21.74238,83.84182,332.35,0.55,0.51,2026-03-17,807,N21,VIIRS,l,2.0NRT,305,4.22,D
21.74706,83.84128,343.44,0.55,0.51,2026-03-17,807,N21,VIIRS,n,2.0NRT,308.33,17.65,D
21.75533,84.02541,337.18,0.56,0.52,2026-03-17,807,N21,VIIRS,n,2.0NRT,306.02,10.18,D
21.7567,84.02452,332.17,0.56,0.52,2026-03-17,807,N21,VIIRS,l,2.0NRT,305.98,5.79,D
21.76458,76.99863,343.36,0.39,0.36,2026-03-17,807,N21,VIIRS,l,2.0NRT,316.95,4.03,D
21.77561,77.05038,344.31,0.39,0.36,2026-03-17,807,N21,VIIRS,l,2.0NRT,315.41,13.74,D
21.77613,79.05157,348.04,0.44,0.39,2026-03-17,807,N21,VIIRS,n,2.0NRT,321.02,21.16,D
21.77892,77.04981,343.61,0.39,0.36,2026-03-17,807,N21,VIIRS,l,2.0NRT,317.07,13.74,D
21.77896,77.51271,351.23,0.4,0.37,2026-03-17,807,N21,VIIRS,l,2.0NRT,321.97,9.23,D
21.77947,77.05354,344.98,0.39,0.36,2026-03-17,807,N21,VIIRS,l,2.0NRT,315.44,4.13,D
21.78104,78.58475,343.98,0.43,0.38,2026-03-17,807,N21,VIIRS,n,2.0NRT,312.26,12.43,D
21.78223,77.04925,347.15,0.39,0.36,2026-03-17,807,N21,VIIRS,l,2.0NRT,318.32,5.57,D
21.79049,77.10526,341.89,0.39,0.36,2026-03-17,807,N21,VIIRS,l,2.0NRT,316.17,4.26,D
21.79159,77.08971,345.57,0.39,0.36,2026-03-17,807,N21,VIIRS,l,2.0NRT,317.06,7.47,D
21.79325,77.10094,347.14,0.39,0.36,2026-03-17,807,N21,VIIRS,l,2.0NRT,317.25,6.96,D
21.80129,78.96744,339.25,0.44,0.38,2026-03-17,807,N21,VIIRS,n,2.0NRT,313.24,2.37,D
21.80767,70.24425,340.43,0.42,0.45,2026-03-17,807,N21,VIIRS,n,2.0NRT,313.35,4.24,D
21.81018,83.81181,332.58,0.55,0.51,2026-03-17,807,N21,VIIRS,l,2.0NRT,303.5,4.48,D
21.82774,84.42937,341.09,0.6,0.53,2026-03-17,807,N21,VIIRS,n,2.0NRT,303.16,7.08,D
21.82802,77.12952,344.53,0.39,0.36,2026-03-17,807,N21,VIIRS,l,2.0NRT,315.55,4.91,D
21.82828,83.38297,341.77,0.51,0.5,2026-03-17,807,N21,VIIRS,n,2.0NRT,304.46,6.23,D
21.83913,83.69927,331.56,0.54,0.51,2026-03-17,807,N21,VIIRS,n,2.0NRT,300.87,3.48,D
21.85717,78.45206,348.18,0.42,0.38,2026-03-17,807,N21,VIIRS,l,2.0NRT,323.08,18.97,D
21.86238,80.05733,339.04,0.49,0.4,2026-03-17,807,N21,VIIRS,l,2.0NRT,312.04,3.06,D
21.86575,76.9697,351.88,0.39,0.36,2026-03-17,807,N21,VIIRS,n,2.0NRT,319.16,6.2,D
21.86609,73.47597,344.85,0.43,0.38,2026-03-17,807,N21,VIIRS,n,2.0NRT,308.95,3.59,D
21.89049,77.16093,345.53,0.39,0.36,2026-03-17,807,N21,VIIRS,l,2.0NRT,318.31,8.26,D
21.89085,76.61208,344.41,0.39,0.36,2026-03-17,807,N21,VIIRS,l,2.0NRT,319.02,6.7,D
21.8938,77.16036,355.17,0.39,0.36,2026-03-17,807,N21,VIIRS,n,2.0NRT,321.8,13.78,D
21.89876,78.59992,348.06,0.43,0.38,2026-03-17,807,N21,VIIRS,n,2.0NRT,316.23,9.98,D
21.90036,79.40971,341.18,0.46,0.39,2026-03-17,807,N21,VIIRS,l,2.0NRT,315.44,5.64,D
21.90141,73.87283,344.04,0.42,0.38,2026-03-17,807,N21,VIIRS,n,2.0NRT,315.51,3.75,D
21.90221,78.59933,345.2,0.43,0.38,2026-03-17,807,N21,VIIRS,l,2.0NRT,319.06,20.25,D
21.90311,78.20316,343.04,0.41,0.37,2026-03-17,807,N21,VIIRS,n,2.0NRT,314.95,5.58,D
21.91691,82.77744,340.07,0.47,0.48,2026-03-17,807,N21,VIIRS,n,2.0NRT,307.14,5.66,D
21.91736,69.63783,342.54,0.45,0.47,2026-03-17,807,N21,VIIRS,n,2.0NRT,314.12,3.51,D
21.92128,82.77686,335.45,0.47,0.48,2026-03-17,807,N21,VIIRS,n,2.0NRT,305.41,5.66,D
21.9216,69.63692,339.09,0.45,0.47,2026-03-17,807,N21,VIIRS,l,2.0NRT,311.26,3.51,D
21.93112,76.88279,348.04,0.39,0.36,2026-03-17,807,N21,VIIRS,l,2.0NRT,318.66,9.57,D
21.93675,78.64436,338.94,0.43,0.38,2026-03-17,807,N21,VIIRS,l,2.0NRT,313.06,3.53,D
21.93964,77.03365,351.82,0.39,0.36,2026-03-17,807,N21,VIIRS,n,2.0NRT,320.1,12.5,D
21.94021,78.64374,343.29,0.43,0.38,2026-03-17,807,N21,VIIRS,n,2.0NRT,313.32,3.53,D
21.94291,70.64654,347.37,0.4,0.44,2026-03-17,807,N21,VIIRS,n,2.0NRT,320.66,9.51,D
21.95068,78.60052,350.35,0.43,0.38,2026-03-17,807,N21,VIIRS,n,2.0NRT,316.88,7.68,D
21.95475,80.20163,333.27,0.5,0.41,2026-03-17,807,N21,VIIRS,l,2.0NRT,307.11,3.76,D
21.95569,84.20984,349.25,0.58,0.52,2026-03-17,807,N21,VIIRS,n,2.0NRT,301.43,14.94,D
21.95854,76.72573,347.57,0.39,0.36,2026-03-17,807,N21,VIIRS,l,2.0NRT,318.93,9.01,D
21.96633,83.24775,337.66,0.51,0.49,2026-03-17,807,N21,VIIRS,n,2.0NRT,306.6,7.28,D
21.9728,77.46829,351.77,0.4,0.37,2026-03-17,807,N21,VIIRS,n,2.0NRT,317.47,24.83,D
21.97669,77.4715,342.28,0.4,0.37,2026-03-17,807,N21,VIIRS,l,2.0NRT,314.29,24.83,D
21.98011,77.0773,346.5,0.39,0.36,2026-03-17,807,N21,VIIRS,l,2.0NRT,319.59,6.28,D
21.99743,74.2813,349.88,0.41,0.37,2026-03-17,807,N21,VIIRS,l,2.0NRT,322.14,9.87,D
21.99832,77.08569,344.15,0.39,0.36,2026-03-17,807,N21,VIIRS,l,2.0NRT,317.19,5.58,D
21.99887,77.08943,344.98,0.39,0.36,2026-03-17,807,N21,VIIRS,l,2.0NRT,317.35,5.58,D
22.00018,74.27689,351.87,0.41,0.37,2026-03-17,807,N21,VIIRS,l,2.0NRT,325.34,9.87,D
22.00149,74.28481,347.32,0.41,0.37,2026-03-17,807,N21,VIIRS,l,2.0NRT,321.07,9.19,D
22.00287,82.86129,352.59,0.48,0.48,2026-03-17,807,N21,VIIRS,n,2.0NRT,304.41,9.31,D
22.00336,82.34422,336.02,0.44,0.46,2026-03-17,807,N21,VIIRS,l,2.0NRT,306.09,3.47,D
22.00423,74.2804,355.01,0.41,0.37,2026-03-17,807,N21,VIIRS,n,2.0NRT,322.65,14.94,D
22.00858,76.37911,348.64,0.38,0.36,2026-03-17,807,N21,VIIRS,l,2.0NRT,322.17,18.52,D
22.00883,80.17848,339.44,0.5,0.41,2026-03-17,807,N21,VIIRS,n,2.0NRT,307.61,6.85,D
22.01968,83.38371,335.96,0.52,0.5,2026-03-17,807,N21,VIIRS,n,2.0NRT,305.24,5.74,D
22.02022,83.38874,330.35,0.52,0.5,2026-03-17,807,N21,VIIRS,l,2.0NRT,302.52,2.59,D
22.02062,83.56734,337.09,0.53,0.5,2026-03-17,807,N21,VIIRS,n,2.0NRT,301.73,2.52,D
22.02101,83.56875,335.04,0.53,0.5,2026-03-17,807,N21,VIIRS,n,2.0NRT,302,4.95,D
22.02284,76.38419,344.52,0.38,0.36,2026-03-17,807,N21,VIIRS,l,2.0NRT,319.24,7.33,D
22.03799,83.73367,336.05,0.54,0.51,2026-03-17,807,N21,VIIRS,n,2.0NRT,304.98,8.84,D
22.03854,83.73896,330.37,0.55,0.51,2026-03-17,807,N21,VIIRS,l,2.0NRT,304.36,9.14,D
22.03901,83.72957,337.57,0.54,0.51,2026-03-17,807,N21,VIIRS,n,2.0NRT,305.58,5.14,D
22.03959,83.73482,342.51,0.54,0.51,2026-03-17,807,N21,VIIRS,n,2.0NRT,306.6,10.82,D
22.04112,84.23714,341.1,0.59,0.53,2026-03-17,807,N21,VIIRS,n,2.0NRT,303.33,22.69,D
22.04211,83.72786,340.32,0.54,0.51,2026-03-17,807,N21,VIIRS,n,2.0NRT,306.89,8.84,D
22.04367,83.72903,338.05,0.54,0.51,2026-03-17,807,N21,VIIRS,n,2.0NRT,307.14,8.87,D
22.0515,76.75514,352.09,0.39,0.36,2026-03-17,807,N21,VIIRS,n,2.0NRT,321.43,12.25,D
22.05206,76.75885,348.68,0.39,0.36,2026-03-17,807,N21,VIIRS,l,2.0NRT,323.06,12.25,D
22.05844,76.37421,343.99,0.38,0.36,2026-03-17,807,N21,VIIRS,l,2.0NRT,317.99,5.97,D
22.06638,76.37637,354.92,0.38,0.36,2026-03-17,807,N21,VIIRS,l,2.0NRT,327.25,40.92,D
22.06905,79.86694,335.08,0.48,0.4,2026-03-17,807,N21,VIIRS,l,2.0NRT,309.37,4.74,D
22.07633,80.03922,331.71,0.49,0.41,2026-03-17,807,N21,VIIRS,l,2.0NRT,303.63,2.8,D
22.08626,83.56942,332.06,0.53,0.5,2026-03-17,807,N21,VIIRS,l,2.0NRT,302.65,1.78,D
22.09813,77.75131,340.81,0.4,0.37,2026-03-17,807,N21,VIIRS,n,2.0NRT,311.11,4.77,D
22.11173,70.68761,346.8,0.39,0.44,2026-03-17,807,N21,VIIRS,n,2.0NRT,321.36,10,D
22.12038,70.68968,351.49,0.39,0.44,2026-03-17,807,N21,VIIRS,n,2.0NRT,319.48,10.09,D
22.131,78.15623,347,0.41,0.37,2026-03-17,807,N21,VIIRS,n,2.0NRT,317.04,9.29,D
22.13967,77.65726,342.57,0.4,0.37,2026-03-17,807,N21,VIIRS,n,2.0NRT,312.09,3.66,D
22.14178,77.65697,343.54,0.4,0.37,2026-03-17,807,N21,VIIRS,n,2.0NRT,311.97,3.91,D
22.15226,78.81458,348.9,0.44,0.38,2026-03-17,807,N21,VIIRS,n,2.0NRT,314.37,8.74,D
22.16624,69.47182,343.08,0.46,0.47,2026-03-17,807,N21,VIIRS,n,2.0NRT,316.16,4.11,D
22.16891,69.47187,351.49,0.46,0.47,2026-03-17,807,N21,VIIRS,n,2.0NRT,314.93,9.66,D
22.17004,77.75932,339.48,0.4,0.37,2026-03-17,807,N21,VIIRS,l,2.0NRT,313.62,9.98,D
22.17051,69.47086,341.66,0.46,0.47,2026-03-17,807,N21,VIIRS,n,2.0NRT,314.38,4.11,D
22.17106,73.84229,339.6,0.42,0.37,2026-03-17,807,N21,VIIRS,l,2.0NRT,311.68,4.55,D
22.17189,80.08971,344.3,0.5,0.41,2026-03-17,807,N21,VIIRS,n,2.0NRT,308.09,6.26,D
22.17222,73.89141,350.6,0.42,0.37,2026-03-17,807,N21,VIIRS,n,2.0NRT,317.66,6.86,D
22.17297,73.87487,338.47,0.42,0.37,2026-03-17,807,N21,VIIRS,l,2.0NRT,312.48,4.38,D
22.17363,73.87882,341,0.42,0.37,2026-03-17,807,N21,VIIRS,l,2.0NRT,313.2,6.63,D
22.17486,71.7404,342.39,0.51,0.41,2026-03-17,807,N21,VIIRS,n,2.0NRT,316.58,8.32,D
22.17562,73.89079,348.43,0.42,0.37,2026-03-17,807,N21,VIIRS,n,2.0NRT,312.48,6.86,D
22.1777,73.88221,347.15,0.42,0.37,2026-03-17,807,N21,VIIRS,n,2.0NRT,313.48,6.51,D
22.20137,79.31236,343.6,0.46,0.39,2026-03-17,807,N21,VIIRS,n,2.0NRT,316.52,5.17,D
22.21409,80.00609,337.54,0.49,0.41,2026-03-17,807,N21,VIIRS,l,2.0NRT,311.78,5.06,D
22.22485,74.14624,345.51,0.41,0.37,2026-03-17,807,N21,VIIRS,n,2.0NRT,315.22,3.17,D
22.25539,77.54774,346.73,0.4,0.37,2026-03-17,807,N21,VIIRS,l,2.0NRT,317.86,9.05,D
22.25649,77.55541,342.64,0.4,0.37,2026-03-17,807,N21,VIIRS,l,2.0NRT,314.6,10.86,D
22.25874,77.54716,343.98,0.4,0.37,2026-03-17,807,N21,VIIRS,l,2.0NRT,317.56,9.05,D
22.25929,77.55099,346.68,0.4,0.37,2026-03-17,807,N21,VIIRS,n,2.0NRT,314.48,9.05,D
22.25984,77.55481,350.93,0.4,0.37,2026-03-17,807,N21,VIIRS,n,2.0NRT,318.73,10.86,D
22.26038,77.55863,346.01,0.4,0.37,2026-03-17,807,N21,VIIRS,n,2.0NRT,320.99,10.86,D
22.27096,80.85322,333.99,0.55,0.43,2026-03-17,807,N21,VIIRS,n,2.0NRT,304.72,4.52,D
22.29582,74.1248,338.18,0.41,0.37,2026-03-17,807,N21,VIIRS,l,2.0NRT,312.49,6.37,D
22.30791,76.97173,342.46,0.39,0.36,2026-03-17,807,N21,VIIRS,n,2.0NRT,316.45,2.84,D
22.32625,78.32576,340.09,0.42,0.38,2026-03-17,807,N21,VIIRS,l,2.0NRT,313.07,2.64,D
22.32855,79.02254,343.74,0.45,0.39,2026-03-17,807,N21,VIIRS,l,2.0NRT,316.91,6.99,D
22.32887,74.11431,339.42,0.41,0.37,2026-03-17,807,N21,VIIRS,n,2.0NRT,312.55,2.27,D
22.32888,79.02347,350.59,0.45,0.39,2026-03-17,807,N21,VIIRS,n,2.0NRT,318.2,6.3,D
22.33092,76.46315,348.16,0.39,0.36,2026-03-17,807,N21,VIIRS,l,2.0NRT,318.46,8.23,D
22.33805,76.4657,354.5,0.39,0.36,2026-03-17,807,N21,VIIRS,n,2.0NRT,320.79,15.92,D
22.34798,78.25695,348.25,0.42,0.38,2026-03-17,807,N21,VIIRS,n,2.0NRT,315.76,8.63,D
22.35085,78.25237,338.67,0.42,0.38,2026-03-17,807,N21,VIIRS,l,2.0NRT,312.97,7.74,D
22.35131,76.50903,348.02,0.39,0.36,2026-03-17,807,N21,VIIRS,n,2.0NRT,317.6,6.58,D
22.3514,78.25632,348.85,0.42,0.38,2026-03-17,807,N21,VIIRS,n,2.0NRT,314.65,8.63,D
22.35147,75.59798,344.47,0.39,0.36,2026-03-17,807,N21,VIIRS,l,2.0NRT,319.17,5.29,D
22.35418,75.59367,348.35,0.39,0.36,2026-03-17,807,N21,VIIRS,l,2.0NRT,320.38,5.29,D
22.35482,78.25571,339.13,0.42,0.38,2026-03-17,807,N21,VIIRS,n,2.0NRT,311.81,3.7,D
22.35533,75.60108,348.65,0.39,0.36,2026-03-17,807,N21,VIIRS,l,2.0NRT,323.3,6.67,D
22.35746,75.59309,344.95,0.39,0.36,2026-03-17,807,N21,VIIRS,l,2.0NRT,319.5,7.76,D
22.35753,80.01505,339.4,0.5,0.41,2026-03-17,807,N21,VIIRS,n,2.0NRT,312.4,4.76,D
22.35804,75.59681,351.53,0.39,0.36,2026-03-17,807,N21,VIIRS,l,2.0NRT,322.37,7.76,D
22.35862,75.60052,367,0.39,0.36,2026-03-17,807,N21,VIIRS,l,2.0NRT,327.99,10.6,D
22.35908,74.12077,346.19,0.41,0.37,2026-03-17,807,N21,VIIRS,n,2.0NRT,314.93,4.72,D
22.3619,75.59994,347.77,0.39,0.36,2026-03-17,807,N21,VIIRS,l,2.0NRT,318.88,10.6,D
22.36327,76.4537,346.25,0.39,0.36,2026-03-17,807,N21,VIIRS,l,2.0NRT,317.83,7.88,D
22.36656,76.45312,344.16,0.39,0.36,2026-03-17,807,N21,VIIRS,l,2.0NRT,318.6,4.89,D
22.37122,70.34708,353.81,0.4,0.45,2026-03-17,807,N21,VIIRS,n,2.0NRT,324.06,21.67,D
22.37305,75.17056,348.14,0.39,0.36,2026-03-17,807,N21,VIIRS,l,2.0NRT,320.36,8.11,D
22.37319,76.47478,367,0.39,0.36,2026-03-17,807,N21,VIIRS,h,2.0NRT,322.68,11.58,D
22.37425,76.45939,341.81,0.39,0.36,2026-03-17,807,N21,VIIRS,n,2.0NRT,316.17,2.01,D
22.37481,76.4631,354.69,0.39,0.36,2026-03-17,807,N21,VIIRS,n,2.0NRT,319.59,7.33,D
22.37581,76.4249,344.59,0.39,0.36,2026-03-17,807,N21,VIIRS,l,2.0NRT,319.22,4.91,D
22.3781,76.46252,346.59,0.39,0.36,2026-03-17,807,N21,VIIRS,l,2.0NRT,317.09,7.33,D
22.37989,75.19237,350.72,0.39,0.36,2026-03-17,807,N21,VIIRS,l,2.0NRT,322.83,11.04,D
22.38019,70.53207,345.46,0.4,0.44,2026-03-17,807,N21,VIIRS,n,2.0NRT,319.79,7.54,D
22.38033,76.47734,351.94,0.39,0.36,2026-03-17,807,N21,VIIRS,n,2.0NRT,318.74,9.93,D
22.38089,76.48105,344.47,0.39,0.36,2026-03-17,807,N21,VIIRS,l,2.0NRT,317.16,9.93,D
22.39047,75.8719,367,0.38,0.36,2026-03-17,807,N21,VIIRS,h,2.0NRT,323.78,17.68,D
22.39758,76.24985,348.51,0.38,0.36,2026-03-17,807,N21,VIIRS,n,2.0NRT,321.72,6.74,D
22.39936,69.86004,346.17,0.43,0.46,2026-03-17,807,N21,VIIRS,n,2.0NRT,310.3,12.98,D
22.40545,79.35677,345.32,0.46,0.39,2026-03-17,807,N21,VIIRS,l,2.0NRT,319.19,8.75,D
22.40589,79.11317,343.9,0.45,0.39,2026-03-17,807,N21,VIIRS,l,2.0NRT,314.4,7.7,D
22.41483,75.92059,354.79,0.38,0.36,2026-03-17,807,N21,VIIRS,n,2.0NRT,319.96,6.99,D
22.42204,76.36709,349.88,0.39,0.36,2026-03-17,807,N21,VIIRS,l,2.0NRT,321.94,12.62,D
22.42521,76.61407,340.41,0.39,0.36,2026-03-17,807,N21,VIIRS,n,2.0NRT,314.57,3.24,D
22.4257,76.30186,349.98,0.38,0.36,2026-03-17,807,N21,VIIRS,n,2.0NRT,322.79,5.56,D
22.42797,75.32548,346.88,0.39,0.36,2026-03-17,807,N21,VIIRS,l,2.0NRT,319.88,9.49,D
22.42806,76.36224,352.76,0.38,0.36,2026-03-17,807,N21,VIIRS,n,2.0NRT,320.91,16.96,D
22.42862,76.36594,352.07,0.39,0.36,2026-03-17,807,N21,VIIRS,l,2.0NRT,325.65,16.96,D
22.44166,76.02964,345.4,0.38,0.36,2026-03-17,807,N21,VIIRS,l,2.0NRT,318,6.97,D
22.44531,76.02565,367,0.38,0.36,2026-03-17,807,N21,VIIRS,l,2.0NRT,326.05,18.95,D
22.4486,76.02507,351.87,0.38,0.36,2026-03-17,807,N21,VIIRS,l,2.0NRT,327.39,18.95,D
22.45132,76.02079,350.34,0.38,0.36,2026-03-17,807,N21,VIIRS,l,2.0NRT,323.46,17.49,D
22.45182,80.2914,339.82,0.51,0.41,2026-03-17,807,N21,VIIRS,n,2.0NRT,309.09,3.54,D
22.45226,75.8727,342.26,0.38,0.36,2026-03-17,807,N21,VIIRS,l,2.0NRT,316.05,14.86,D
22.45289,79.92744,339.87,0.49,0.4,2026-03-17,807,N21,VIIRS,l,2.0NRT,314.86,14.11,D
22.45381,79.92542,342.19,0.49,0.4,2026-03-17,807,N21,VIIRS,l,2.0NRT,312.93,11.62,D
22.45507,79.93492,342.09,0.49,0.4,2026-03-17,807,N21,VIIRS,l,2.0NRT,315.42,8.3,D
22.45719,79.93161,346.72,0.49,0.41,2026-03-17,807,N21,VIIRS,l,2.0NRT,319.73,14.11,D
22.4578,79.93638,345.03,0.49,0.41,2026-03-17,807,N21,VIIRS,n,2.0NRT,318.81,20.63,D
22.45789,76.4483,349.27,0.39,0.36,2026-03-17,807,N21,VIIRS,l,2.0NRT,322.48,31.57,D
22.46242,76.2992,345.73,0.38,0.36,2026-03-17,807,N21,VIIRS,l,2.0NRT,318.87,5.04,D
22.46344,79.54577,347.24,0.47,0.4,2026-03-17,807,N21,VIIRS,n,2.0NRT,319.05,19.17,D
22.46359,76.55397,344.23,0.39,0.36,2026-03-17,807,N21,VIIRS,l,2.0NRT,318.26,3.97,D
22.46948,74.20064,338.96,0.41,0.37,2026-03-17,807,N21,VIIRS,l,2.0NRT,312.99,3.38,D
22.47112,79.74696,347.87,0.48,0.4,2026-03-17,807,N21,VIIRS,n,2.0NRT,317.33,23.64,D
22.47478,79.74636,354.16,0.48,0.4,2026-03-17,807,N21,VIIRS,n,2.0NRT,317.78,25.83,D
22.47552,74.89297,349.55,0.39,0.36,2026-03-17,807,N21,VIIRS,l,2.0NRT,321.88,13.73,D
22.47613,74.89677,351.47,0.39,0.36,2026-03-17,807,N21,VIIRS,l,2.0NRT,322.1,12.15,D
22.47642,81.0334,332.46,0.57,0.43,2026-03-17,807,N21,VIIRS,l,2.0NRT,306.17,2.72,D
22.48745,76.4203,351.09,0.39,0.36,2026-03-17,807,N21,VIIRS,l,2.0NRT,323.21,12.01,D
22.49074,76.41972,348.75,0.39,0.36,2026-03-17,807,N21,VIIRS,l,2.0NRT,321.32,7.23,D
22.49214,79.05694,346.68,0.45,0.39,2026-03-17,807,N21,VIIRS,l,2.0NRT,319.96,23.21,D
22.49821,75.86451,354.48,0.38,0.36,2026-03-17,807,N21,VIIRS,n,2.0NRT,319.86,9.59,D
22.4986,79.72846,340.66,0.48,0.4,2026-03-17,807,N21,VIIRS,l,2.0NRT,313.86,8.87,D
22.50149,75.86392,346.6,0.38,0.36,2026-03-17,807,N21,VIIRS,l,2.0NRT,320.2,5.14,D
22.50364,75.85595,347.71,0.38,0.36,2026-03-17,807,N21,VIIRS,l,2.0NRT,321.58,9.62,D
22.51149,76.12773,344.9,0.38,0.36,2026-03-17,807,N21,VIIRS,l,2.0NRT,318.97,5.86,D
22.51203,79.74535,342.93,0.48,0.4,2026-03-17,807,N21,VIIRS,l,2.0NRT,316.65,15.92,D
22.51217,79.09833,345.68,0.45,0.39,2026-03-17,807,N21,VIIRS,l,2.0NRT,317.7,10.2,D
22.51264,79.74999,342.74,0.48,0.4,2026-03-17,807,N21,VIIRS,l,2.0NRT,316.56,15.92,D
22.51534,76.13084,345.69,0.38,0.36,2026-03-17,807,N21,VIIRS,l,2.0NRT,317.27,2.63,D
22.52284,79.09675,344.94,0.45,0.39,2026-03-17,807,N21,VIIRS,l,2.0NRT,315.67,7.2,D
22.53276,76.46999,350.97,0.39,0.36,2026-03-17,807,N21,VIIRS,n,2.0NRT,319.67,6.16,D
22.53327,76.45087,349.1,0.39,0.36,2026-03-17,807,N21,VIIRS,n,2.0NRT,321.58,7.79,D
22.54044,78.6644,350.09,0.43,0.38,2026-03-17,807,N21,VIIRS,n,2.0NRT,317.02,7.25,D
22.54827,81.33165,335.5,0.39,0.44,2026-03-17,807,N21,VIIRS,n,2.0NRT,303.93,4.31,D
22.56016,79.10442,343.49,0.45,0.39,2026-03-17,807,N21,VIIRS,l,2.0NRT,316.4,9.29,D
22.57392,76.27245,347.22,0.38,0.36,2026-03-17,807,N21,VIIRS,n,2.0NRT,322.16,9.65,D
22.57944,76.16853,346.85,0.38,0.36,2026-03-17,807,N21,VIIRS,l,2.0NRT,317.51,7.78,D
22.58423,70.519,334.93,0.39,0.44,2026-03-17,807,N21,VIIRS,l,2.0NRT,309.15,1.49,D
22.59287,76.25735,344.52,0.38,0.36,2026-03-17,807,N21,VIIRS,n,2.0NRT,319.21,10.51,D
22.59356,79.97652,345.62,0.5,0.41,2026-03-17,807,N21,VIIRS,l,2.0NRT,318.43,23.57,D
22.60076,79.11328,344.79,0.45,0.39,2026-03-17,807,N21,VIIRS,n,2.0NRT,315.18,3.36,D
22.60259,79.09976,340.96,0.45,0.39,2026-03-17,807,N21,VIIRS,l,2.0NRT,315.94,4.27,D
22.60317,81.05763,341.18,0.57,0.43,2026-03-17,807,N21,VIIRS,n,2.0NRT,311.16,7.92,D
22.60361,78.00784,344.08,0.41,0.37,2026-03-17,807,N21,VIIRS,n,2.0NRT,312.6,11.15,D
22.60701,78.00727,335.68,0.41,0.37,2026-03-17,807,N21,VIIRS,l,2.0NRT,309.54,3.94,D
22.6222,80.59883,335.4,0.54,0.42,2026-03-17,807,N21,VIIRS,l,2.0NRT,310.36,4.54,D
22.62853,73.71051,342.8,0.42,0.37,2026-03-17,807,N21,VIIRS,l,2.0NRT,316.15,3.28,D
22.63407,70.48821,335.79,0.39,0.44,2026-03-17,807,N21,VIIRS,l,2.0NRT,305.91,2.6,D
22.63718,79.36115,345.82,0.47,0.39,2026-03-17,807,N21,VIIRS,l,2.0NRT,315.89,9.36,D
22.64078,79.3606,350.14,0.47,0.39,2026-03-17,807,N21,VIIRS,n,2.0NRT,318.09,6.29,D
22.64589,76.40789,353.01,0.39,0.36,2026-03-17,807,N21,VIIRS,l,2.0NRT,324.01,13.36,D
22.64878,70.39056,340.85,0.4,0.44,2026-03-17,807,N21,VIIRS,n,2.0NRT,310.76,3.78,D
22.65453,83.96829,340,0.57,0.52,2026-03-17,807,N21,VIIRS,n,2.0NRT,300.74,10.75,D
22.65924,76.49713,345.98,0.39,0.36,2026-03-17,807,N21,VIIRS,n,2.0NRT,320.6,10.05,D
22.6598,76.50087,348.05,0.39,0.36,2026-03-17,807,N21,VIIRS,n,2.0NRT,317.95,10.05,D
22.66022,76.43588,349.29,0.39,0.36,2026-03-17,807,N21,VIIRS,l,2.0NRT,321.82,10.35,D
22.66198,76.49285,348.09,0.39,0.36,2026-03-17,807,N21,VIIRS,n,2.0NRT,317.3,9.04,D
22.66254,76.49657,367,0.39,0.36,2026-03-17,807,N21,VIIRS,h,2.0NRT,323.73,10.05,D
22.66639,76.49971,352.66,0.39,0.36,2026-03-17,807,N21,VIIRS,n,2.0NRT,320.71,16.25,D
22.67323,79.09007,347.82,0.45,0.39,2026-03-17,807,N21,VIIRS,n,2.0NRT,316.33,14.6,D
22.67346,78.82043,337.91,0.44,0.38,2026-03-17,807,N21,VIIRS,n,2.0NRT,310.74,3.91,D
22.6758,70.37206,336.69,0.4,0.44,2026-03-17,807,N21,VIIRS,l,2.0NRT,310.44,4.56,D
22.6768,79.08957,344.42,0.45,0.39,2026-03-17,807,N21,VIIRS,l,2.0NRT,315.89,7.58,D
22.68163,79.39133,344.61,0.47,0.4,2026-03-17,807,N21,VIIRS,n,2.0NRT,315.4,7.35,D
22.68196,79.12887,337.59,0.46,0.39,2026-03-17,807,N21,VIIRS,l,2.0NRT,312.52,3.98,D
22.68495,79.12392,339.21,0.45,0.39,2026-03-17,807,N21,VIIRS,l,2.0NRT,313.18,3.98,D
22.6858,76.60729,347.82,0.39,0.36,2026-03-17,807,N21,VIIRS,l,2.0NRT,318.52,9.91,D
22.68747,76.61852,367,0.39,0.36,2026-03-17,807,N21,VIIRS,l,2.0NRT,325.04,3.59,D
22.68802,76.62225,351.71,0.39,0.36,2026-03-17,807,N21,VIIRS,l,2.0NRT,322.51,9,D
22.69132,76.62167,367,0.39,0.36,2026-03-17,807,N21,VIIRS,l,2.0NRT,325.16,14.79,D
22.69384,73.91164,346.86,0.41,0.37,2026-03-17,807,N21,VIIRS,n,2.0NRT,316,5.34,D
22.6983,76.53236,350.51,0.39,0.36,2026-03-17,807,N21,VIIRS,l,2.0NRT,322.03,14.24,D
22.7016,76.53179,367,0.39,0.36,2026-03-17,807,N21,VIIRS,l,2.0NRT,327.55,14.24,D
22.70371,76.50075,347.01,0.39,0.36,2026-03-17,807,N21,VIIRS,l,2.0NRT,318.69,6.07,D
22.70387,79.39243,345.26,0.47,0.4,2026-03-17,807,N21,VIIRS,l,2.0NRT,317.39,7.04,D
22.70453,78.7851,345.37,0.44,0.38,2026-03-17,807,N21,VIIRS,n,2.0NRT,310.38,4.53,D
22.70486,79.38937,349.57,0.47,0.4,2026-03-17,807,N21,VIIRS,n,2.0NRT,318.05,14.58,D
22.70526,76.85373,346.97,0.39,0.36,2026-03-17,807,N21,VIIRS,l,2.0NRT,321.28,6.66,D
22.70701,76.50018,342.92,0.39,0.36,2026-03-17,807,N21,VIIRS,l,2.0NRT,316.61,4.38,D
22.70749,79.39194,341.95,0.47,0.4,2026-03-17,807,N21,VIIRS,l,2.0NRT,315.57,7.04,D
22.70752,80.20573,341.56,0.51,0.41,2026-03-17,807,N21,VIIRS,n,2.0NRT,309.11,10.96,D
22.70786,78.94223,336.48,0.45,0.39,2026-03-17,807,N21,VIIRS,l,2.0NRT,311.35,4.51,D
22.70857,76.85314,352.59,0.39,0.36,2026-03-17,807,N21,VIIRS,n,2.0NRT,322.38,6.66,D
22.71056,78.62109,339.12,0.43,0.38,2026-03-17,807,N21,VIIRS,n,2.0NRT,308.85,2.87,D
22.71071,79.04442,354.7,0.45,0.39,2026-03-17,807,N21,VIIRS,n,2.0NRT,313.13,13.03,D
22.71231,78.65947,336.43,0.44,0.38,2026-03-17,807,N21,VIIRS,l,2.0NRT,309.72,6.07,D
22.71464,78.61275,334.01,0.43,0.38,2026-03-17,807,N21,VIIRS,l,2.0NRT,308.25,2.44,D
22.71564,78.64668,333.6,0.44,0.38,2026-03-17,807,N21,VIIRS,l,2.0NRT,307.76,4.55,D
22.72104,78.77471,342.13,0.44,0.38,2026-03-17,807,N21,VIIRS,n,2.0NRT,311,5.36,D
22.72177,79.15472,339.77,0.46,0.39,2026-03-17,807,N21,VIIRS,l,2.0NRT,313.5,4.47,D
22.72375,78.65405,339.68,0.44,0.38,2026-03-17,807,N21,VIIRS,l,2.0NRT,312.1,3.84,D
22.72613,78.64518,336.94,0.44,0.38,2026-03-17,807,N21,VIIRS,l,2.0NRT,311.28,4.97,D
22.72616,79.49754,348.43,0.47,0.4,2026-03-17,807,N21,VIIRS,n,2.0NRT,317.96,11.29,D
22.73698,79.52409,341.66,0.47,0.4,2026-03-17,807,N21,VIIRS,l,2.0NRT,313.34,3.3,D
22.73822,79.2513,342.48,0.46,0.39,2026-03-17,807,N21,VIIRS,l,2.0NRT,312.73,7.26,D
22.74048,79.55123,340.97,0.48,0.4,2026-03-17,807,N21,VIIRS,l,2.0NRT,314.56,6.69,D
22.74062,79.52353,348.18,0.47,0.4,2026-03-17,807,N21,VIIRS,n,2.0NRT,320.22,20.06,D
22.74558,76.94338,344.29,0.39,0.36,2026-03-17,807,N21,VIIRS,l,2.0NRT,318.32,8.67,D
22.74648,79.97099,347.09,0.5,0.41,2026-03-17,807,N21,VIIRS,n,2.0NRT,315.5,8.68,D
22.7466,79.25929,344.77,0.46,0.39,2026-03-17,807,N21,VIIRS,n,2.0NRT,313.32,7.16,D
22.74669,79.17757,341.46,0.46,0.39,2026-03-17,807,N21,VIIRS,n,2.0NRT,312.33,4.45,D
22.7489,76.94282,350.23,0.39,0.36,2026-03-17,807,N21,VIIRS,n,2.0NRT,319.29,8.67,D
22.76774,78.93021,340.65,0.45,0.39,2026-03-17,807,N21,VIIRS,n,2.0NRT,309.8,6.31,D
22.76832,78.93456,339.85,0.45,0.39,2026-03-17,807,N21,VIIRS,n,2.0NRT,309.52,9.1,D
22.7689,78.93894,342.34,0.45,0.39,2026-03-17,807,N21,VIIRS,n,2.0NRT,311.75,9.1,D
22.76948,78.94337,344.51,0.45,0.39,2026-03-17,807,N21,VIIRS,n,2.0NRT,308.53,10.03,D
22.77072,78.92544,342.43,0.45,0.39,2026-03-17,807,N21,VIIRS,n,2.0NRT,309.44,3.27,D
22.77672,80.45174,340.34,0.53,0.42,2026-03-17,807,N21,VIIRS,l,2.0NRT,313.66,6.41,D
22.77969,76.59836,352.96,0.39,0.36,2026-03-17,807,N21,VIIRS,n,2.0NRT,322.73,10.64,D
22.793,80.05576,346.75,0.5,0.41,2026-03-17,807,N21,VIIRS,n,2.0NRT,312.87,11.27,D
22.79703,74.04292,345.02,0.41,0.37,2026-03-17,807,N21,VIIRS,n,2.0NRT,315.03,6.56,D
22.79801,76.76817,349.07,0.39,0.36,2026-03-17,807,N21,VIIRS,l,2.0NRT,320.36,8.23,D
22.80131,76.76759,353.96,0.39,0.36,2026-03-17,807,N21,VIIRS,n,2.0NRT,319.28,8.87,D
22.80419,71.9582,345.4,0.49,0.4,2026-03-17,807,N21,VIIRS,n,2.0NRT,315.11,14.28,D
22.80644,77.01041,344.32,0.39,0.36,2026-03-17,807,N21,VIIRS,n,2.0NRT,318.93,5.04,D
22.807,77.0142,347.89,0.39,0.36,2026-03-17,807,N21,VIIRS,l,2.0NRT,318.84,5.04,D
22.81404,69.64891,340.89,0.44,0.46,2026-03-17,807,N21,VIIRS,n,2.0NRT,315.18,6.48,D
22.81626,79.39577,346.22,0.47,0.4,2026-03-17,807,N21,VIIRS,n,2.0NRT,315.94,8.37,D
22.81778,79.397,345.49,0.47,0.4,2026-03-17,807,N21,VIIRS,n,2.0NRT,317.12,8.81,D
22.82465,76.53689,349.44,0.39,0.36,2026-03-17,807,N21,VIIRS,l,2.0NRT,319.6,12.54,D
22.82614,77.00703,348.44,0.39,0.36,2026-03-17,807,N21,VIIRS,l,2.0NRT,322.36,13.42,D
22.82657,77.12769,344.22,0.39,0.37,2026-03-17,807,N21,VIIRS,l,2.0NRT,318.08,6.42,D
22.82946,77.00646,352.03,0.39,0.36,2026-03-17,807,N21,VIIRS,n,2.0NRT,324.84,20.72,D
22.83255,79.28415,344.62,0.46,0.39,2026-03-17,807,N21,VIIRS,l,2.0NRT,315.17,7.67,D
22.83556,79.27916,347.87,0.46,0.39,2026-03-17,807,N21,VIIRS,n,2.0NRT,315.81,10.33,D
22.83615,79.28361,345.42,0.46,0.39,2026-03-17,807,N21,VIIRS,l,2.0NRT,315.7,7.67,D
22.83829,77.04382,347.5,0.39,0.36,2026-03-17,807,N21,VIIRS,l,2.0NRT,320.59,7.69,D
22.83903,79.33372,339.86,0.47,0.39,2026-03-17,807,N21,VIIRS,l,2.0NRT,313.26,3.8,D
22.8422,76.95381,350.85,0.39,0.36,2026-03-17,807,N21,VIIRS,n,2.0NRT,320.03,6.85,D
22.84264,79.33318,340.22,0.47,0.39,2026-03-17,807,N21,VIIRS,n,2.0NRT,310.86,3.8,D
22.84551,76.95322,352.63,0.39,0.36,2026-03-17,807,N21,VIIRS,l,2.0NRT,323.13,6.85,D
22.84754,79.51328,346.96,0.48,0.4,2026-03-17,807,N21,VIIRS,n,2.0NRT,316.73,7.11,D
22.84772,76.96836,346.52,0.39,0.36,2026-03-17,807,N21,VIIRS,l,2.0NRT,318.71,8.09,D
22.84882,77.30018,346.76,0.4,0.37,2026-03-17,807,N21,VIIRS,n,2.0NRT,320.37,7.62,D
22.8538,76.9634,353.9,0.39,0.36,2026-03-17,807,N21,VIIRS,n,2.0NRT,320.53,16.57,D
22.85398,73.86117,342.08,0.41,0.37,2026-03-17,807,N21,VIIRS,l,2.0NRT,314.72,6.14,D
22.85872,77.16135,344.12,0.4,0.37,2026-03-17,807,N21,VIIRS,l,2.0NRT,317.23,5.75,D
22.86731,77.36427,349.78,0.4,0.37,2026-03-17,807,N21,VIIRS,n,2.0NRT,316.51,9.06,D
22.87092,76.94099,348.51,0.39,0.36,2026-03-17,807,N21,VIIRS,l,2.0NRT,319.38,7.49,D
22.87262,77.02232,349.64,0.39,0.36,2026-03-17,807,N21,VIIRS,n,2.0NRT,318.62,4.69,D
22.87471,77.27232,367,0.4,0.37,2026-03-17,807,N21,VIIRS,h,2.0NRT,324.05,9.41,D
22.87805,77.27176,347.19,0.4,0.37,2026-03-17,807,N21,VIIRS,n,2.0NRT,318.82,9.41,D
22.8786,77.27559,348.47,0.4,0.37,2026-03-17,807,N21,VIIRS,n,2.0NRT,317.54,9.41,D
22.88186,77.32214,345.51,0.4,0.37,2026-03-17,807,N21,VIIRS,l,2.0NRT,318.73,10.72,D
22.88449,79.96761,343.46,0.5,0.41,2026-03-17,807,N21,VIIRS,l,2.0NRT,314.78,8.7,D
22.89152,73.87029,336.34,0.41,0.37,2026-03-17,807,N21,VIIRS,l,2.0NRT,310.34,2.57,D
22.89192,77.74318,344.65,0.41,0.37,2026-03-17,807,N21,VIIRS,n,2.0NRT,314.81,4.45,D
22.89851,77.63335,347.82,0.41,0.37,2026-03-17,807,N21,VIIRS,n,2.0NRT,315.85,6.67,D
22.89868,77.17794,344.33,0.4,0.37,2026-03-17,807,N21,VIIRS,n,2.0NRT,317.22,4.75,D
22.89954,80.02457,342.82,0.5,0.41,2026-03-17,807,N21,VIIRS,n,2.0NRT,316.13,5.25,D
22.90189,77.63281,352.03,0.41,0.37,2026-03-17,807,N21,VIIRS,n,2.0NRT,315.37,6.67,D
22.90467,77.36176,350.68,0.4,0.37,2026-03-17,807,N21,VIIRS,n,2.0NRT,320.22,6.78,D
22.90932,74.55896,347.97,0.4,0.37,2026-03-17,807,N21,VIIRS,n,2.0NRT,320.02,8.07,D
22.91304,77.34843,350.9,0.4,0.37,2026-03-17,807,N21,VIIRS,n,2.0NRT,318.6,7.24,D
22.93698,76.55993,347.63,0.39,0.36,2026-03-17,807,N21,VIIRS,l,2.0NRT,319.51,6.87,D
22.93753,76.56366,351.54,0.39,0.36,2026-03-17,807,N21,VIIRS,n,2.0NRT,321.81,8.01,D
22.93809,76.56741,348.72,0.39,0.36,2026-03-17,807,N21,VIIRS,n,2.0NRT,322.25,8.01,D
22.94139,76.56683,367,0.39,0.36,2026-03-17,807,N21,VIIRS,l,2.0NRT,325.84,13.02,D
22.94235,79.75516,346.55,0.49,0.4,2026-03-17,807,N21,VIIRS,n,2.0NRT,315.51,10.69,D
22.9464,69.78808,341.11,0.43,0.46,2026-03-17,807,N21,VIIRS,l,2.0NRT,311.47,2.79,D
22.94796,74.43739,342.14,0.4,0.37,2026-03-17,807,N21,VIIRS,l,2.0NRT,316.3,6.12,D
22.94812,77.81451,353.27,0.41,0.37,2026-03-17,807,N21,VIIRS,n,2.0NRT,321.01,11.1,D
22.94867,77.81851,345.49,0.41,0.37,2026-03-17,807,N21,VIIRS,l,2.0NRT,316.16,6.58,D
22.94928,77.24386,348.58,0.4,0.37,2026-03-17,807,N21,VIIRS,l,2.0NRT,319.01,16.59,D
22.95085,77.85898,348,0.41,0.37,2026-03-17,807,N21,VIIRS,n,2.0NRT,316.27,8.25,D
22.95108,77.76144,341.18,0.41,0.37,2026-03-17,807,N21,VIIRS,l,2.0NRT,315.99,3.68,D
22.95151,77.81395,351.57,0.41,0.37,2026-03-17,807,N21,VIIRS,n,2.0NRT,321.43,22.41,D
22.95256,77.24791,346.26,0.4,0.37,2026-03-17,807,N21,VIIRS,n,2.0NRT,317.67,13.6,D
22.95322,77.43684,341.44,0.4,0.37,2026-03-17,807,N21,VIIRS,l,2.0NRT,314.56,4.92,D
22.96099,84.41455,342.31,0.62,0.54,2026-03-17,807,N21,VIIRS,n,2.0NRT,303.22,10.11,D
22.96406,84.41586,340.04,0.62,0.54,2026-03-17,807,N21,VIIRS,n,2.0NRT,301.59,12.03,D
22.98003,77.456,343.35,0.4,0.37,2026-03-17,807,N21,VIIRS,l,2.0NRT,317.02,6.2,D
22.98268,77.17208,341.62,0.4,0.37,2026-03-17,807,N21,VIIRS,l,2.0NRT,316.45,5.07,D
22.98362,77.32146,342.59,0.4,0.37,2026-03-17,807,N21,VIIRS,l,2.0NRT,317.39,4.27,D
22.98395,70.81664,336.37,0.56,0.43,2026-03-17,807,N21,VIIRS,n,2.0NRT,308.38,3.59,D
22.98408,70.81364,339.17,0.56,0.43,2026-03-17,807,N21,VIIRS,n,2.0NRT,306.1,5.25,D
22.98503,77.45197,345.06,0.4,0.37,2026-03-17,807,N21,VIIRS,l,2.0NRT,319.58,9.01,D
22.98668,77.71923,349.57,0.41,0.37,2026-03-17,807,N21,VIIRS,n,2.0NRT,317.87,13.29,D
22.98724,77.72314,347.36,0.41,0.37,2026-03-17,807,N21,VIIRS,n,2.0NRT,315.27,8.63,D
23.00019,77.4136,347.76,0.4,0.37,2026-03-17,807,N21,VIIRS,n,2.0NRT,317.42,9.31,D
23.00039,77.27126,351.6,0.4,0.37,2026-03-17,807,N21,VIIRS,n,2.0NRT,319.12,7.42,D
23.00075,77.41749,348.19,0.4,0.37,2026-03-17,807,N21,VIIRS,l,2.0NRT,319.08,12.78,D
23.00439,78.01823,347.68,0.42,0.37,2026-03-17,807,N21,VIIRS,n,2.0NRT,317.68,9.98,D
23.00496,78.02231,337.54,0.42,0.37,2026-03-17,807,N21,VIIRS,l,2.0NRT,310.96,3.66,D
23.00918,77.85361,345.02,0.41,0.37,2026-03-17,807,N21,VIIRS,l,2.0NRT,316.52,7.39,D
23.01314,73.08782,339.35,0.44,0.38,2026-03-17,807,N21,VIIRS,l,2.0NRT,312.59,2.68,D
23.01979,73.96395,345.77,0.41,0.37,2026-03-17,807,N21,VIIRS,n,2.0NRT,314.42,7.97,D
23.02474,79.78954,367,0.49,0.4,2026-03-17,807,N21,VIIRS,h,2.0NRT,318.56,11.21,D
23.02536,79.79436,344.02,0.49,0.4,2026-03-17,807,N21,VIIRS,n,2.0NRT,317.39,6.14,D
23.02906,79.79378,348.8,0.49,0.4,2026-03-17,807,N21,VIIRS,n,2.0NRT,317.59,7.21,D
23.03487,77.39191,345.89,0.4,0.37,2026-03-17,807,N21,VIIRS,l,2.0NRT,317.4,5.3,D
23.03543,77.39582,342.32,0.4,0.37,2026-03-17,807,N21,VIIRS,l,2.0NRT,317.26,4.85,D
23.03898,81.16761,346.34,0.39,0.44,2026-03-17,807,N21,VIIRS,n,2.0NRT,311.29,5.78,D
23.05389,78.09703,340.04,0.42,0.38,2026-03-17,807,N21,VIIRS,n,2.0NRT,312.34,3.99,D
23.09751,71.2485,335.92,0.53,0.42,2026-03-17,807,N21,VIIRS,l,2.0NRT,307.1,2.63,D
23.10129,71.2477,337.99,0.53,0.42,2026-03-17,807,N21,VIIRS,l,2.0NRT,311.92,18.08,D
23.11947,77.66988,342.08,0.41,0.37,2026-03-17,807,N21,VIIRS,l,2.0NRT,313.45,8.2,D
23.13967,81.93761,347.12,0.43,0.46,2026-03-17,807,N21,VIIRS,n,2.0NRT,308.62,5.82,D
23.14388,81.937,343.52,0.43,0.46,2026-03-17,807,N21,VIIRS,n,2.0NRT,308.77,5.82,D
23.15373,77.78224,343.37,0.41,0.37,2026-03-17,807,N21,VIIRS,l,2.0NRT,315,5.64,D
23.1836,78.17265,348.06,0.42,0.38,2026-03-17,807,N21,VIIRS,n,2.0NRT,316.9,7.06,D
23.18704,78.17206,352.13,0.42,0.38,2026-03-17,807,N21,VIIRS,n,2.0NRT,317.57,9.52,D
23.18997,78.17233,339.43,0.42,0.38,2026-03-17,807,N21,VIIRS,n,2.0NRT,313.79,2.13,D
23.19408,78.63613,343.57,0.44,0.38,2026-03-17,807,N21,VIIRS,n,2.0NRT,315.97,5.57,D
23.19973,78.1666,343.58,0.42,0.38,2026-03-17,807,N21,VIIRS,l,2.0NRT,313.79,3.43,D
23.20317,78.16596,344.43,0.42,0.38,2026-03-17,807,N21,VIIRS,l,2.0NRT,316.22,7.31,D
23.2066,78.16538,349.82,0.42,0.38,2026-03-17,807,N21,VIIRS,n,2.0NRT,316.77,7.31,D
23.21652,77.73511,340.31,0.41,0.37,2026-03-17,807,N21,VIIRS,l,2.0NRT,312.41,4.34,D
23.21708,77.73907,339.51,0.41,0.37,2026-03-17,807,N21,VIIRS,l,2.0NRT,313.68,4.34,D
23.21879,77.72671,352.16,0.41,0.37,2026-03-17,807,N21,VIIRS,n,2.0NRT,319.54,12.19,D
23.22149,78.17136,341.72,0.42,0.38,2026-03-17,807,N21,VIIRS,l,2.0NRT,314.51,2.22,D
23.22343,79.45194,337.93,0.48,0.4,2026-03-17,807,N21,VIIRS,l,2.0NRT,310.95,5,D
23.22551,78.175,340.48,0.42,0.38,2026-03-17,807,N21,VIIRS,n,2.0NRT,311.18,8.81,D
23.22589,78.84625,338.79,0.45,0.39,2026-03-17,807,N21,VIIRS,l,2.0NRT,312.44,6.15,D
23.22621,73.76582,334.76,0.41,0.37,2026-03-17,807,N21,VIIRS,n,2.0NRT,305.93,2.78,D
23.22684,85.61315,336.59,0.37,0.58,2026-03-17,807,N21,VIIRS,n,2.0NRT,299.47,2.35,D
23.22707,79.45139,339.11,0.48,0.4,2026-03-17,807,N21,VIIRS,l,2.0NRT,311.67,5,D
23.22885,78.84138,344.98,0.45,0.39,2026-03-17,807,N21,VIIRS,l,2.0NRT,315.23,5.68,D
23.22894,78.17441,367,0.42,0.38,2026-03-17,807,N21,VIIRS,h,2.0NRT,317.29,8.81,D
23.23681,79.46893,340.04,0.48,0.4,2026-03-17,807,N21,VIIRS,l,2.0NRT,313.59,9.29,D
23.24045,79.46832,367,0.48,0.4,2026-03-17,807,N21,VIIRS,l,2.0NRT,329.22,44.04,D
23.24409,79.46773,353.64,0.48,0.4,2026-03-17,807,N21,VIIRS,n,2.0NRT,317.63,44.04,D
23.24468,83.34332,334.37,0.53,0.5,2026-03-17,807,N21,VIIRS,n,2.0NRT,303.25,4.48,D
23.24649,79.45781,341.77,0.48,0.4,2026-03-17,807,N21,VIIRS,l,2.0NRT,313.95,9.18,D
23.24835,79.47182,339.08,0.48,0.4,2026-03-17,807,N21,VIIRS,l,2.0NRT,311.7,26.13,D
23.25137,79.46652,347.15,0.48,0.4,2026-03-17,807,N21,VIIRS,n,2.0NRT,316.8,26.13,D
23.25194,79.44284,346.07,0.48,0.4,2026-03-17,807,N21,VIIRS,n,2.0NRT,312.93,6,D
23.25219,79.44053,341.1,0.48,0.4,2026-03-17,807,N21,VIIRS,n,2.0NRT,312.46,7.14,D
23.25255,79.44746,341.58,0.48,0.4,2026-03-17,807,N21,VIIRS,l,2.0NRT,313.11,32.39,D
23.25278,79.44515,367,0.48,0.4,2026-03-17,807,N21,VIIRS,h,2.0NRT,315.52,7.14,D
23.25337,79.44978,340.09,0.48,0.4,2026-03-17,807,N21,VIIRS,n,2.0NRT,313.81,6.58,D
23.25446,79.48773,337.92,0.48,0.4,2026-03-17,807,N21,VIIRS,l,2.0NRT,311.59,3.29,D
23.25558,79.44226,346.23,0.48,0.4,2026-03-17,807,N21,VIIRS,n,2.0NRT,314.41,6,D
23.25619,79.44687,367,0.48,0.4,2026-03-17,807,N21,VIIRS,l,2.0NRT,329.95,32.39,D
23.25642,79.44456,349.63,0.48,0.4,2026-03-17,807,N21,VIIRS,n,2.0NRT,316.66,18.54,D
23.27008,78.55563,348.4,0.44,0.38,2026-03-17,807,N21,VIIRS,n,2.0NRT,316.54,7.49,D
23.28733,79.45387,367,0.48,0.4,2026-03-17,807,N21,VIIRS,h,2.0NRT,319.61,21.64,D
23.28793,79.4585,353.22,0.48,0.4,2026-03-17,807,N21,VIIRS,n,2.0NRT,321.48,21.64,D
23.28852,79.46313,344.64,0.48,0.4,2026-03-17,807,N21,VIIRS,n,2.0NRT,313.31,50.07,D
23.29157,79.45791,341.62,0.48,0.4,2026-03-17,807,N21,VIIRS,n,2.0NRT,316.31,21.64,D
23.29521,79.45733,349.86,0.48,0.4,2026-03-17,807,N21,VIIRS,n,2.0NRT,313.18,10.85,D
23.29581,79.46197,338.31,0.48,0.4,2026-03-17,807,N21,VIIRS,l,2.0NRT,311.8,3.66,D
23.29826,79.45211,348.05,0.48,0.4,2026-03-17,807,N21,VIIRS,n,2.0NRT,316.5,10.85,D
23.29891,79.4285,347.57,0.48,0.4,2026-03-17,807,N21,VIIRS,n,2.0NRT,315.51,11.18,D
23.30911,79.50733,341.68,0.48,0.4,2026-03-17,807,N21,VIIRS,l,2.0NRT,314.82,5.01,D
23.31016,78.61415,341.76,0.44,0.38,2026-03-17,807,N21,VIIRS,l,2.0NRT,316.37,4.56,D
23.32176,81.21982,343.81,0.4,0.44,2026-03-17,807,N21,VIIRS,n,2.0NRT,313.37,4.62,D
23.32557,77.59176,348.11,0.41,0.37,2026-03-17,807,N21,VIIRS,n,2.0NRT,315.74,9.04,D
23.32703,77.59248,346.46,0.41,0.37,2026-03-17,807,N21,VIIRS,n,2.0NRT,314.57,10.27,D
23.32934,80.18299,337.53,0.52,0.41,2026-03-17,807,N21,VIIRS,n,2.0NRT,312.07,3.93,D
23.33223,78.37003,345.97,0.43,0.38,2026-03-17,807,N21,VIIRS,n,2.0NRT,314.59,4.74,D
23.34885,77.64953,340.28,0.41,0.37,2026-03-17,807,N21,VIIRS,n,2.0NRT,314.2,2.4,D
23.35329,78.74711,340.6,0.45,0.39,2026-03-17,807,N21,VIIRS,l,2.0NRT,314.43,4.11,D
23.35508,78.73375,344.32,0.44,0.39,2026-03-17,807,N21,VIIRS,l,2.0NRT,314.34,4,D
23.35566,78.73801,342.92,0.44,0.39,2026-03-17,807,N21,VIIRS,l,2.0NRT,317,4,D
23.36532,82.40944,338.83,0.47,0.47,2026-03-17,807,N21,VIIRS,n,2.0NRT,307.76,4.39,D
23.37122,82.42252,341.24,0.47,0.48,2026-03-17,807,N21,VIIRS,n,2.0NRT,307.69,7.43,D
23.37599,77.59634,346.34,0.41,0.37,2026-03-17,807,N21,VIIRS,l,2.0NRT,320.92,11.03,D
23.37609,82.42649,341.64,0.47,0.48,2026-03-17,807,N21,VIIRS,n,2.0NRT,308.41,8.94,D
23.38686,82.44349,341.42,0.47,0.48,2026-03-17,807,N21,VIIRS,n,2.0NRT,308.76,8.55,D
23.38738,82.44804,349.74,0.47,0.48,2026-03-17,807,N21,VIIRS,n,2.0NRT,309.15,8.55,D
23.3891,68.70145,336.86,0.49,0.48,2026-03-17,807,N21,VIIRS,l,2.0NRT,308.33,3.12,D
23.41178,74.27042,336.63,0.4,0.37,2026-03-17,807,N21,VIIRS,n,2.0NRT,310.18,2.54,D
23.41511,74.26978,337.23,0.4,0.37,2026-03-17,807,N21,VIIRS,n,2.0NRT,308.62,2.93,D
23.41599,77.63436,343.85,0.41,0.37,2026-03-17,807,N21,VIIRS,l,2.0NRT,316.12,7.77,D
23.41754,79.62687,342,0.49,0.4,2026-03-17,807,N21,VIIRS,l,2.0NRT,315.1,6.24,D
23.41853,79.06904,338.74,0.46,0.39,2026-03-17,807,N21,VIIRS,l,2.0NRT,310.79,5.87,D
23.42183,79.63103,348.76,0.49,0.4,2026-03-17,807,N21,VIIRS,n,2.0NRT,315.97,6.24,D
23.42551,79.63045,341.11,0.49,0.4,2026-03-17,807,N21,VIIRS,l,2.0NRT,315.46,6.56,D
23.44333,80.51078,338.8,0.54,0.42,2026-03-17,807,N21,VIIRS,l,2.0NRT,309.82,8.53,D
23.44721,78.74631,341.13,0.45,0.39,2026-03-17,807,N21,VIIRS,l,2.0NRT,315.1,6.34,D
23.45702,80.98998,367,0.38,0.44,2026-03-17,807,N21,VIIRS,h,2.0NRT,311.23,8.94,D
23.45815,80.50323,338.58,0.54,0.42,2026-03-17,807,N21,VIIRS,n,2.0NRT,309.56,4.92,D
23.45835,81.00127,337.42,0.39,0.44,2026-03-17,807,N21,VIIRS,n,2.0NRT,309.82,3.28,D
23.463,74.33202,350.49,0.4,0.37,2026-03-17,807,N21,VIIRS,n,2.0NRT,315.19,12.82,D
23.46446,74.31986,336.14,0.4,0.37,2026-03-17,807,N21,VIIRS,l,2.0NRT,310.59,6.92,D
23.46607,79.6827,344.01,0.49,0.4,2026-03-17,807,N21,VIIRS,n,2.0NRT,312.61,7.77,D
23.46827,82.25411,335.06,0.46,0.47,2026-03-17,807,N21,VIIRS,n,2.0NRT,304.23,7.38,D
23.47545,69.88528,344.2,0.41,0.45,2026-03-17,807,N21,VIIRS,l,2.0NRT,315.84,7.99,D
23.47951,69.88438,344.97,0.41,0.45,2026-03-17,807,N21,VIIRS,l,2.0NRT,315.21,7.99,D
23.48221,80.96344,342.04,0.38,0.43,2026-03-17,807,N21,VIIRS,n,2.0NRT,310.4,6.06,D
23.48351,80.94043,344.98,0.38,0.43,2026-03-17,807,N21,VIIRS,n,2.0NRT,310.02,5.58,D
23.48509,82.18648,334.03,0.45,0.47,2026-03-17,807,N21,VIIRS,l,2.0NRT,305.83,2.21,D
23.48691,80.93517,344.26,0.57,0.43,2026-03-17,807,N21,VIIRS,n,2.0NRT,310.61,8.82,D
23.48809,82.27419,336.08,0.46,0.47,2026-03-17,807,N21,VIIRS,n,2.0NRT,296.81,5.95,D
23.48862,82.27869,348.28,0.46,0.47,2026-03-17,807,N21,VIIRS,n,2.0NRT,305.5,5.95,D
23.48992,82.27075,342.69,0.46,0.47,2026-03-17,807,N21,VIIRS,n,2.0NRT,303.9,9.11,D
23.49041,82.27525,351.93,0.46,0.47,2026-03-17,807,N21,VIIRS,n,2.0NRT,305.54,7.45,D
23.4909,82.27979,335.46,0.46,0.47,2026-03-17,807,N21,VIIRS,n,2.0NRT,304.31,7.45,D
23.49148,82.04821,332.55,0.45,0.47,2026-03-17,807,N21,VIIRS,l,2.0NRT,304.55,3.58,D
23.4924,82.27353,340.53,0.46,0.47,2026-03-17,807,N21,VIIRS,n,2.0NRT,304.84,5.95,D
23.49305,82.67092,335.73,0.49,0.48,2026-03-17,807,N21,VIIRS,n,2.0NRT,303.42,4.11,D
23.49518,81.0726,336.78,0.39,0.44,2026-03-17,807,N21,VIIRS,l,2.0NRT,308.08,5.13,D
23.49621,82.49943,343.78,0.47,0.48,2026-03-17,807,N21,VIIRS,n,2.0NRT,305.13,7.57,D
23.4967,82.29279,332.03,0.46,0.47,2026-03-17,807,N21,VIIRS,l,2.0NRT,304.52,3.65,D
23.49755,82.26041,334.35,0.46,0.47,2026-03-17,807,N21,VIIRS,l,2.0NRT,304.56,6.49,D
23.49804,82.26492,331.52,0.46,0.47,2026-03-17,807,N21,VIIRS,l,2.0NRT,303.77,5.49,D
23.50269,80.51276,335.61,0.54,0.42,2026-03-17,807,N21,VIIRS,n,2.0NRT,309.35,3.41,D
23.50488,83.25146,339.41,0.53,0.5,2026-03-17,807,N21,VIIRS,n,2.0NRT,305.4,5,D
23.51582,78.98651,349.21,0.46,0.39,2026-03-17,807,N21,VIIRS,n,2.0NRT,316.65,7.58,D
23.5161,82.59639,332.59,0.48,0.48,2026-03-17,807,N21,VIIRS,l,2.0NRT,305.29,3.96,D
23.51958,82.58813,331.11,0.48,0.48,2026-03-17,807,N21,VIIRS,l,2.0NRT,305.87,5.38,D
23.52223,80.7318,339.34,0.56,0.43,2026-03-17,807,N21,VIIRS,n,2.0NRT,310.89,4.56,D
23.52252,80.73378,337.12,0.56,0.43,2026-03-17,807,N21,VIIRS,l,2.0NRT,309.4,2.76,D
23.5239,73.14912,339.32,0.43,0.38,2026-03-17,807,N21,VIIRS,l,2.0NRT,312.15,5.59,D
23.53351,82.63505,332.15,0.48,0.48,2026-03-17,807,N21,VIIRS,l,2.0NRT,306.68,4.5,D
23.5337,82.63309,337.93,0.48,0.48,2026-03-17,807,N21,VIIRS,n,2.0NRT,307.05,6.44,D
23.54037,81.49426,338.63,0.41,0.45,2026-03-17,807,N21,VIIRS,n,2.0NRT,306.69,5.76,D
23.54083,81.49825,337.45,0.41,0.45,2026-03-17,807,N21,VIIRS,n,2.0NRT,306.57,4.31,D
23.54245,80.99278,333.69,0.39,0.44,2026-03-17,807,N21,VIIRS,l,2.0NRT,306.91,2.33,D
23.5505,84.5822,330.36,0.32,0.55,2026-03-17,807,N21,VIIRS,n,2.0NRT,295.96,2.19,D
23.55305,81.28378,351.25,0.4,0.44,2026-03-17,807,N21,VIIRS,n,2.0NRT,311.61,7.72,D
23.5674,82.74165,332.02,0.49,0.49,2026-03-17,807,N21,VIIRS,n,2.0NRT,299.98,3.41,D
23.56775,81.92254,333.38,0.44,0.46,2026-03-17,807,N21,VIIRS,l,2.0NRT,304.47,3.26,D
23.57303,79.49986,344.34,0.48,0.4,2026-03-17,807,N21,VIIRS,n,2.0NRT,317.25,21.38,D
23.57365,79.50459,350.97,0.48,0.4,2026-03-17,807,N21,VIIRS,n,2.0NRT,323.78,21.38,D
23.57414,82.93372,344.23,0.51,0.49,2026-03-17,807,N21,VIIRS,n,2.0NRT,303.08,7.27,D
23.59286,69.53007,343.49,0.43,0.46,2026-03-17,807,N21,VIIRS,n,2.0NRT,313.77,5.61,D
23.59336,82.40958,334.56,0.47,0.48,2026-03-17,807,N21,VIIRS,l,2.0NRT,308.17,5.92,D
23.62941,82.16528,336.53,0.45,0.47,2026-03-17,807,N21,VIIRS,l,2.0NRT,309.38,6.91,D
23.62991,82.16978,349.56,0.45,0.47,2026-03-17,807,N21,VIIRS,n,2.0NRT,310.73,8.59,D
23.63122,68.6098,342.09,0.49,0.48,2026-03-17,807,N21,VIIRS,n,2.0NRT,313.26,4.19,D
23.6328,82.64447,332.82,0.49,0.48,2026-03-17,807,N21,VIIRS,l,2.0NRT,304.65,5.78,D
23.63674,82.63918,334.91,0.49,0.48,2026-03-17,807,N21,VIIRS,n,2.0NRT,305.75,4.1,D
23.63738,82.64088,336.89,0.49,0.48,2026-03-17,807,N21,VIIRS,n,2.0NRT,305.32,3.03,D
23.64116,82.63855,334.49,0.49,0.48,2026-03-17,807,N21,VIIRS,n,2.0NRT,305.71,4.1,D
23.6418,82.64024,331.12,0.49,0.48,2026-03-17,807,N21,VIIRS,l,2.0NRT,303.63,3.03,D
23.64701,78.91947,343.7,0.46,0.39,2026-03-17,807,N21,VIIRS,l,2.0NRT,313.83,5.23,D
23.65062,81.86042,334.39,0.44,0.46,2026-03-17,807,N21,VIIRS,n,2.0NRT,307.39,3.14,D
23.65117,81.86141,339.02,0.44,0.46,2026-03-17,807,N21,VIIRS,n,2.0NRT,307.85,5.14,D
23.65341,79.75248,347.34,0.5,0.41,2026-03-17,807,N21,VIIRS,n,2.0NRT,312.93,7.28,D
23.65382,81.85124,332.04,0.43,0.46,2026-03-17,807,N21,VIIRS,l,2.0NRT,306.18,4.06,D
23.65435,85.96212,330.46,0.4,0.6,2026-03-17,807,N21,VIIRS,n,2.0NRT,300.96,3.8,D
23.65483,81.85984,335.89,0.44,0.46,2026-03-17,807,N21,VIIRS,l,2.0NRT,307.71,6.31,D
23.65653,79.74718,336.51,0.5,0.41,2026-03-17,807,N21,VIIRS,l,2.0NRT,310.15,2.34,D
23.65884,85.39598,345.31,0.37,0.58,2026-03-17,807,N21,VIIRS,n,2.0NRT,301.37,3.95,D
23.66429,81.864,344.79,0.44,0.46,2026-03-17,807,N21,VIIRS,n,2.0NRT,308.39,8.64,D
23.66589,82.02819,333.34,0.45,0.47,2026-03-17,807,N21,VIIRS,l,2.0NRT,306.37,4.56,D
23.66914,80.59286,346.77,0.55,0.43,2026-03-17,807,N21,VIIRS,n,2.0NRT,313.78,7.21,D
23.67754,81.28665,352.21,0.4,0.44,2026-03-17,807,N21,VIIRS,n,2.0NRT,309.16,5.17,D
23.68161,73.51474,346.99,0.42,0.37,2026-03-17,807,N21,VIIRS,n,2.0NRT,315.63,6.89,D
23.68181,80.8639,345.16,0.57,0.43,2026-03-17,807,N21,VIIRS,n,2.0NRT,311.15,11.44,D
23.68255,86.39458,335.2,0.42,0.61,2026-03-17,807,N21,VIIRS,l,2.0NRT,305.35,10.15,D
23.68578,86.39281,333.58,0.42,0.61,2026-03-17,807,N21,VIIRS,l,2.0NRT,305.31,9.62,D
23.69338,86.01968,345.38,0.4,0.6,2026-03-17,807,N21,VIIRS,n,2.0NRT,302.92,3.95,D
23.69547,85.39459,331.46,0.37,0.58,2026-03-17,807,N21,VIIRS,l,2.0NRT,302.37,1.71,D
23.6972,80.62726,347.04,0.55,0.43,2026-03-17,807,N21,VIIRS,n,2.0NRT,312.19,10.72,D
23.6989,86.01921,332.19,0.4,0.6,2026-03-17,807,N21,VIIRS,l,2.0NRT,302.31,3.95,D
23.70894,80.6257,339.4,0.55,0.43,2026-03-17,807,N21,VIIRS,l,2.0NRT,314.39,7.4,D
23.71321,86.44841,335.61,0.43,0.62,2026-03-17,807,N21,VIIRS,n,2.0NRT,303.29,7.83,D
23.71861,79.78762,341.19,0.5,0.41,2026-03-17,807,N21,VIIRS,l,2.0NRT,315.42,8.48,D
23.72109,79.77743,349.11,0.5,0.41,2026-03-17,807,N21,VIIRS,n,2.0NRT,315.73,7.42,D
23.72295,79.79185,351.03,0.5,0.41,2026-03-17,807,N21,VIIRS,n,2.0NRT,318.38,9.97,D
23.72311,79.77928,341.34,0.5,0.41,2026-03-17,807,N21,VIIRS,l,2.0NRT,314.6,8.86,D
23.72357,79.79663,354.77,0.5,0.41,2026-03-17,807,N21,VIIRS,n,2.0NRT,318.59,9.97,D
23.72489,79.79368,367,0.5,0.41,2026-03-17,807,N21,VIIRS,h,2.0NRT,319.2,11.52,D
23.72549,79.79847,348.44,0.5,0.41,2026-03-17,807,N21,VIIRS,n,2.0NRT,316.15,11.52,D
23.72729,79.79603,341.59,0.5,0.41,2026-03-17,807,N21,VIIRS,l,2.0NRT,315.83,9.97,D
23.72849,81.55196,330.38,0.42,0.45,2026-03-17,807,N21,VIIRS,l,2.0NRT,304.93,3.28,D
23.72894,73.86931,336.94,0.41,0.37,2026-03-17,807,N21,VIIRS,l,2.0NRT,311.15,1.95,D
23.72895,81.55604,332.97,0.42,0.45,2026-03-17,807,N21,VIIRS,n,2.0NRT,304.68,2.03,D
23.72956,81.5473,339.66,0.42,0.45,2026-03-17,807,N21,VIIRS,n,2.0NRT,306.36,3.96,D
23.73004,81.55134,334.2,0.42,0.45,2026-03-17,807,N21,VIIRS,n,2.0NRT,305.21,3.96,D
23.73052,81.5554,335.75,0.42,0.45,2026-03-17,807,N21,VIIRS,n,2.0NRT,305.13,4.95,D
23.73264,81.55144,345.98,0.42,0.45,2026-03-17,807,N21,VIIRS,n,2.0NRT,305.79,6.06,D
23.7331,81.55551,342.63,0.42,0.45,2026-03-17,807,N21,VIIRS,n,2.0NRT,306.16,5.55,D
23.73478,86.43341,330.07,0.43,0.62,2026-03-17,807,N21,VIIRS,l,2.0NRT,302.7,3.79,D
23.73678,81.55091,331.02,0.42,0.45,2026-03-17,807,N21,VIIRS,l,2.0NRT,305.93,6.06,D
23.73724,81.55499,342.01,0.42,0.45,2026-03-17,807,N21,VIIRS,n,2.0NRT,305.2,5.55,D
23.74046,81.5463,342.46,0.42,0.45,2026-03-17,807,N21,VIIRS,n,2.0NRT,307.08,6.3,D
23.74311,69.30956,341.65,0.44,0.46,2026-03-17,807,N21,VIIRS,n,2.0NRT,309.56,1.58,D
23.7459,74.58576,354.12,0.39,0.36,2026-03-17,807,N21,VIIRS,n,2.0NRT,315.77,8.55,D
23.7495,79.86956,367,0.51,0.41,2026-03-17,807,N21,VIIRS,h,2.0NRT,318.76,22.39,D
23.75031,81.37692,341.77,0.41,0.45,2026-03-17,807,N21,VIIRS,n,2.0NRT,310.38,5.55,D
23.75324,79.86896,354.23,0.51,0.41,2026-03-17,807,N21,VIIRS,n,2.0NRT,322.5,22.39,D
23.76051,86.40113,330.96,0.43,0.62,2026-03-17,807,N21,VIIRS,n,2.0NRT,300.63,6.98,D
23.76159,74.5985,343.2,0.39,0.36,2026-03-17,807,N21,VIIRS,l,2.0NRT,317.71,22.35,D
23.76568,73.5564,353.08,0.41,0.37,2026-03-17,807,N21,VIIRS,n,2.0NRT,319.91,9.18,D
23.76908,80.56081,347.17,0.55,0.43,2026-03-17,807,N21,VIIRS,n,2.0NRT,316.26,11.22,D
23.77172,78.85153,339.54,0.45,0.39,2026-03-17,807,N21,VIIRS,n,2.0NRT,314.21,5.38,D
23.77363,80.56563,344.75,0.55,0.43,2026-03-17,807,N21,VIIRS,l,2.0NRT,315.92,17.05,D
23.77684,85.01868,341.8,0.35,0.56,2026-03-17,807,N21,VIIRS,n,2.0NRT,303.74,4.75,D
23.7774,86.20883,334.81,0.41,0.61,2026-03-17,807,N21,VIIRS,n,2.0NRT,301.94,7.34,D
23.77848,85.01762,339.07,0.35,0.56,2026-03-17,807,N21,VIIRS,n,2.0NRT,303.4,4.03,D
23.782,86.20834,334.48,0.41,0.61,2026-03-17,807,N21,VIIRS,n,2.0NRT,302.91,4.85,D
23.79194,74.59657,344.83,0.39,0.36,2026-03-17,807,N21,VIIRS,l,2.0NRT,316.41,5.03,D
23.80705,81.75974,335.27,0.43,0.46,2026-03-17,807,N21,VIIRS,l,2.0NRT,308.35,4.01,D
23.80753,81.76393,332.84,0.43,0.46,2026-03-17,807,N21,VIIRS,l,2.0NRT,307.06,3.91,D
23.80802,81.76817,336.63,0.43,0.46,2026-03-17,807,N21,VIIRS,l,2.0NRT,307.45,3.91,D
23.80966,78.4053,346.83,0.44,0.38,2026-03-17,807,N21,VIIRS,n,2.0NRT,316.77,7.34,D
23.81077,81.755,339.97,0.43,0.46,2026-03-17,807,N21,VIIRS,n,2.0NRT,308.95,4.01,D
23.81223,81.7677,341.86,0.43,0.46,2026-03-17,807,N21,VIIRS,n,2.0NRT,307.55,3.91,D
23.81594,81.76295,333.6,0.43,0.46,2026-03-17,807,N21,VIIRS,l,2.0NRT,307.67,3.99,D
23.81788,81.77981,337.35,0.43,0.46,2026-03-17,807,N21,VIIRS,n,2.0NRT,305.68,6.51,D
23.81842,82.34444,344.59,0.47,0.48,2026-03-17,807,N21,VIIRS,n,2.0NRT,310.14,6.82,D
23.82358,81.29575,340.04,0.4,0.45,2026-03-17,807,N21,VIIRS,n,2.0NRT,308.34,4.15,D
23.84649,84.03318,347.25,0.6,0.53,2026-03-17,807,N21,VIIRS,n,2.0NRT,303.37,14.11,D
23.85134,84.03254,349.73,0.6,0.53,2026-03-17,807,N21,VIIRS,n,2.0NRT,302.1,14.11,D
23.85336,81.51998,367,0.42,0.45,2026-03-17,807,N21,VIIRS,h,2.0NRT,310.05,14.52,D
23.85422,81.76209,352.84,0.43,0.46,2026-03-17,807,N21,VIIRS,n,2.0NRT,309.27,8.83,D
23.85526,81.76384,341.43,0.43,0.46,2026-03-17,807,N21,VIIRS,n,2.0NRT,308.07,9.06,D
23.87497,73.49394,335.35,0.41,0.37,2026-03-17,807,N21,VIIRS,l,2.0NRT,309.16,2.36,D
23.87542,74.37302,339.06,0.39,0.37,2026-03-17,807,N21,VIIRS,n,2.0NRT,308.7,2.66,D
23.87604,74.37686,336.18,0.39,0.37,2026-03-17,807,N21,VIIRS,l,2.0NRT,307.99,4.14,D
23.87874,74.37237,337.68,0.39,0.37,2026-03-17,807,N21,VIIRS,l,2.0NRT,309.64,2.66,D
23.89241,78.67281,346.74,0.45,0.39,2026-03-17,807,N21,VIIRS,n,2.0NRT,315.67,5.16,D
23.89655,73.28515,330.94,0.42,0.38,2026-03-17,807,N21,VIIRS,n,2.0NRT,297.89,2.23,D
23.89999,73.28458,335.77,0.42,0.38,2026-03-17,807,N21,VIIRS,n,2.0NRT,297.43,4.22,D
23.90019,73.38967,336.2,0.42,0.37,2026-03-17,807,N21,VIIRS,n,2.0NRT,301.52,3.95,D
23.90224,73.38103,330.85,0.42,0.37,2026-03-17,807,N21,VIIRS,l,2.0NRT,301.52,2.95,D
23.90292,73.38506,335.67,0.42,0.37,2026-03-17,807,N21,VIIRS,n,2.0NRT,301.83,7.41,D
23.90355,73.36799,344.3,0.42,0.37,2026-03-17,807,N21,VIIRS,n,2.0NRT,298.04,4.36,D
23.9036,73.38908,348.68,0.42,0.37,2026-03-17,807,N21,VIIRS,n,2.0NRT,305.11,7.41,D
23.90626,73.36321,346.31,0.42,0.38,2026-03-17,807,N21,VIIRS,n,2.0NRT,298.11,5.11,D
23.90694,73.36727,336.32,0.42,0.37,2026-03-17,807,N21,VIIRS,n,2.0NRT,294.77,2.07,D
23.90896,73.35839,331.62,0.42,0.38,2026-03-17,807,N21,VIIRS,n,2.0NRT,300.32,5.11,D
23.90967,73.36259,346.42,0.42,0.38,2026-03-17,807,N21,VIIRS,n,2.0NRT,300.05,5.11,D
23.93775,76.38171,346.82,0.39,0.36,2026-03-17,807,N21,VIIRS,n,2.0NRT,313.47,7.31,D
23.94569,73.32574,341.93,0.42,0.38,2026-03-17,807,N21,VIIRS,n,2.0NRT,299.26,3.89,D
23.94637,73.32977,338.69,0.42,0.38,2026-03-17,807,N21,VIIRS,n,2.0NRT,298.79,3.89,D
23.94888,84.29198,341.11,0.63,0.54,2026-03-17,807,N21,VIIRS,n,2.0NRT,300.2,12.89,D
23.98462,81.80717,341.12,0.44,0.46,2026-03-17,807,N21,VIIRS,n,2.0NRT,306.37,2.81,D
23.99825,81.2313,338.32,0.4,0.44,2026-03-17,807,N21,VIIRS,l,2.0NRT,310.49,5.19,D
24.00867,81.31867,334.38,0.41,0.45,2026-03-17,807,N21,VIIRS,l,2.0NRT,306.77,2.6,D
24.02725,74.53281,347.79,0.39,0.36,2026-03-17,807,N21,VIIRS,n,2.0NRT,315.1,13.13,D
24.05834,81.43108,342.82,0.42,0.45,2026-03-17,807,N21,VIIRS,n,2.0NRT,305.39,6.6,D
24.05927,81.43927,340.69,0.42,0.45,2026-03-17,807,N21,VIIRS,n,2.0NRT,305.03,4.82,D
24.06153,81.42233,340.97,0.41,0.45,2026-03-17,807,N21,VIIRS,n,2.0NRT,307.16,4.28,D
24.06307,74.56525,348.26,0.39,0.36,2026-03-17,807,N21,VIIRS,n,2.0NRT,311.82,9.56,D
24.06473,81.41364,341.79,0.41,0.45,2026-03-17,807,N21,VIIRS,n,2.0NRT,309.08,6.03,D
24.06566,81.42177,348.34,0.41,0.45,2026-03-17,807,N21,VIIRS,n,2.0NRT,308.49,4.73,D
24.06638,74.56461,349.72,0.39,0.36,2026-03-17,807,N21,VIIRS,n,2.0NRT,314.51,9.56,D
24.08028,81.40331,348.34,0.41,0.45,2026-03-17,807,N21,VIIRS,n,2.0NRT,310.58,8.28,D
24.09222,84.97747,334.77,0.35,0.57,2026-03-17,807,N21,VIIRS,n,2.0NRT,302.1,3.73,D
24.09386,84.97606,332.57,0.35,0.57,2026-03-17,807,N21,VIIRS,n,2.0NRT,304.37,7.61,D
24.09417,84.97953,367,0.35,0.57,2026-03-17,807,N21,VIIRS,h,2.0NRT,305.72,11.32,D
24.09537,78.75967,341.07,0.45,0.39,2026-03-17,807,N21,VIIRS,l,2.0NRT,313.69,5.37,D
24.10929,80.66522,351.76,0.56,0.43,2026-03-17,807,N21,VIIRS,n,2.0NRT,311.49,14,D
24.11172,74.59112,340.45,0.39,0.36,2026-03-17,807,N21,VIIRS,n,2.0NRT,308.63,3.35,D
24.13156,82.62478,332.17,0.49,0.49,2026-03-17,807,N21,VIIRS,l,2.0NRT,303.89,2.58,D
24.14543,74.67455,340.45,0.39,0.36,2026-03-17,807,N21,VIIRS,n,2.0NRT,308.24,3.76,D
24.15368,74.15412,336.38,0.4,0.37,2026-03-17,807,N21,VIIRS,n,2.0NRT,308.41,2.41,D
24.15916,82.6703,343.2,0.5,0.49,2026-03-17,807,N21,VIIRS,n,2.0NRT,309.42,6.13,D
24.18224,79.42384,345.1,0.49,0.4,2026-03-17,807,N21,VIIRS,l,2.0NRT,317,5.87,D
24.18653,79.42804,349.9,0.49,0.4,2026-03-17,807,N21,VIIRS,n,2.0NRT,318.66,13.57,D
24.18959,79.42265,367,0.49,0.4,2026-03-17,807,N21,VIIRS,h,2.0NRT,317.02,29.23,D
24.18976,73.24648,334.19,0.42,0.38,2026-03-17,807,N21,VIIRS,l,2.0NRT,305.3,2.14,D
24.1902,79.42744,340.57,0.49,0.4,2026-03-17,807,N21,VIIRS,n,2.0NRT,315.06,13.57,D
24.19326,79.42207,354.29,0.49,0.4,2026-03-17,807,N21,VIIRS,n,2.0NRT,318.96,19.02,D
24.20012,73.32806,339.46,0.42,0.37,2026-03-17,807,N21,VIIRS,n,2.0NRT,304.82,3.63,D
24.20806,74.44801,349.62,0.39,0.36,2026-03-17,807,N21,VIIRS,n,2.0NRT,315.36,8.68,D
24.21137,74.44739,337.29,0.39,0.36,2026-03-17,807,N21,VIIRS,l,2.0NRT,310.44,8.68,D
24.22017,74.26852,332.67,0.39,0.37,2026-03-17,807,N21,VIIRS,n,2.0NRT,302.03,2.65,D
24.22079,74.27235,339.29,0.39,0.37,2026-03-17,807,N21,VIIRS,n,2.0NRT,304.76,3.27,D
24.22974,74.24294,346.62,0.4,0.37,2026-03-17,807,N21,VIIRS,n,2.0NRT,299.99,4.89,D
24.24013,74.52056,335.26,0.39,0.36,2026-03-17,807,N21,VIIRS,l,2.0NRT,307.91,3.23,D
24.243,80.58251,335.27,0.56,0.43,2026-03-17,807,N21,VIIRS,l,2.0NRT,309.64,4.37,D
24.26335,82.56899,333.43,0.49,0.49,2026-03-17,807,N21,VIIRS,n,2.0NRT,307.16,4.06,D
24.26509,74.52768,335.57,0.39,0.36,2026-03-17,807,N21,VIIRS,n,2.0NRT,302.84,2.19,D
24.2657,74.53148,349.29,0.39,0.36,2026-03-17,807,N21,VIIRS,n,2.0NRT,304.73,7.42,D
24.2684,74.52705,339.25,0.39,0.36,2026-03-17,807,N21,VIIRS,n,2.0NRT,303.84,3.99,D
24.27877,74.33607,339.77,0.39,0.36,2026-03-17,807,N21,VIIRS,n,2.0NRT,299.07,4.23,D
24.27939,74.3399,342.77,0.39,0.36,2026-03-17,807,N21,VIIRS,n,2.0NRT,299.08,4.6,D
24.28209,74.33544,341.91,0.39,0.36,2026-03-17,807,N21,VIIRS,n,2.0NRT,297.5,4.23,D
24.28271,74.33927,336.39,0.39,0.36,2026-03-17,807,N21,VIIRS,n,2.0NRT,297.22,4.6,D
24.30184,81.49603,335.36,0.42,0.45,2026-03-17,807,N21,VIIRS,l,2.0NRT,309.76,3.24,D
24.31876,81.28011,332.81,0.41,0.45,2026-03-17,807,N21,VIIRS,l,2.0NRT,305.58,1.04,D
24.33549,73.39837,341.71,0.41,0.37,2026-03-17,807,N21,VIIRS,n,2.0NRT,307.14,4.15,D
24.39222,77.93084,341.99,0.42,0.38,2026-03-17,807,N21,VIIRS,n,2.0NRT,316.23,5.52,D
24.39469,79.63219,338.57,0.5,0.41,2026-03-17,807,N21,VIIRS,l,2.0NRT,312.63,5.53,D
24.40268,85.27627,333.22,0.37,0.58,2026-03-17,807,N21,VIIRS,n,2.0NRT,305.34,3.76,D
24.40301,85.27982,335.12,0.37,0.58,2026-03-17,807,N21,VIIRS,n,2.0NRT,305.52,4.19,D
24.41517,79.40724,341.64,0.49,0.4,2026-03-17,807,N21,VIIRS,l,2.0NRT,315.12,6.83,D
24.44161,85.76904,343.83,0.39,0.6,2026-03-17,807,N21,VIIRS,n,2.0NRT,306.92,10.43,D
24.44195,85.77293,341.4,0.39,0.6,2026-03-17,807,N21,VIIRS,n,2.0NRT,305.84,8.27,D
24.46209,79.80398,343.34,0.51,0.41,2026-03-17,807,N21,VIIRS,l,2.0NRT,316.11,10.08,D
24.46585,79.80339,345.98,0.51,0.41,2026-03-17,807,N21,VIIRS,l,2.0NRT,316.89,11.14,D
24.46833,79.79271,346.51,0.51,0.41,2026-03-17,807,N21,VIIRS,n,2.0NRT,316.4,14.21,D
24.46897,79.79775,343.57,0.51,0.41,2026-03-17,807,N21,VIIRS,l,2.0NRT,318.26,11.14,D
24.47025,79.8078,348.67,0.51,0.41,2026-03-17,807,N21,VIIRS,n,2.0NRT,318.33,18.53,D
24.47275,79.79726,349.51,0.51,0.41,2026-03-17,807,N21,VIIRS,n,2.0NRT,316.68,9.76,D
24.47339,79.80234,352.01,0.51,0.41,2026-03-17,807,N21,VIIRS,n,2.0NRT,314.03,9.76,D
24.47531,79.41474,347.27,0.49,0.4,2026-03-17,807,N21,VIIRS,n,2.0NRT,313.97,6.78,D
24.48981,73.80508,336.43,0.4,0.37,2026-03-17,807,N21,VIIRS,n,2.0NRT,299.22,6.77,D
24.50825,87.48357,331.27,0.51,0.66,2026-03-17,807,N21,VIIRS,n,2.0NRT,298.85,2.38,D
24.54756,85.36172,330.96,0.37,0.58,2026-03-17,807,N21,VIIRS,l,2.0NRT,305.24,2.64,D
24.55317,68.57526,330.62,0.47,0.48,2026-03-17,807,N21,VIIRS,l,2.0NRT,305,2.55,D
24.59034,79.40972,343.14,0.49,0.4,2026-03-17,807,N21,VIIRS,n,2.0NRT,314.55,4.46,D
24.59357,81.83372,341.99,0.45,0.47,2026-03-17,807,N21,VIIRS,n,2.0NRT,311.61,5.19,D
24.6051,73.41089,342.61,0.41,0.37,2026-03-17,807,N21,VIIRS,n,2.0NRT,306.91,5.44,D
24.61057,85.46421,337.48,0.38,0.59,2026-03-17,807,N21,VIIRS,n,2.0NRT,305.83,2.74,D
24.61558,79.48993,342.29,0.5,0.41,2026-03-17,807,N21,VIIRS,l,2.0NRT,314.56,7.19,D
24.64487,81.95348,344.88,0.45,0.47,2026-03-17,807,N21,VIIRS,n,2.0NRT,313.46,14.28,D
24.69289,80.23898,347.97,0.54,0.42,2026-03-17,807,N21,VIIRS,n,2.0NRT,314.38,9.11,D
24.78698,80.56123,339.29,0.57,0.43,2026-03-17,807,N21,VIIRS,l,2.0NRT,311.43,8.08,D
24.78722,80.5575,339.66,0.57,0.43,2026-03-17,807,N21,VIIRS,l,2.0NRT,310.56,2.95,D
24.80833,76.87694,339.75,0.4,0.37,2026-03-17,807,N21,VIIRS,n,2.0NRT,311.93,4.6,D
25.03459,68.58392,330.73,0.46,0.47,2026-03-17,807,N21,VIIRS,l,2.0NRT,301.49,3.31,D
25.09029,76.08202,335.37,0.39,0.36,2026-03-17,807,N21,VIIRS,n,2.0NRT,303.75,2.65,D
25.19916,78.31716,343.15,0.45,0.39,2026-03-17,807,N21,VIIRS,n,2.0NRT,303.84,8.23,D
25.22635,80.82744,338.24,0.4,0.44,2026-03-17,807,N21,VIIRS,n,2.0NRT,309.4,3.04,D
25.35085,77.37102,330.77,0.41,0.37,2026-03-17,807,N21,VIIRS,n,2.0NRT,295.31,3.03,D
25.35134,76.99601,342.01,0.4,0.37,2026-03-17,807,N21,VIIRS,n,2.0NRT,309.51,4.65,D
25.48293,68.73917,339.67,0.44,0.46,2026-03-17,807,N21,VIIRS,n,2.0NRT,293.13,4.81,D
25.80591,73.94725,331.68,0.39,0.36,2026-03-17,807,N21,VIIRS,l,2.0NRT,303.68,3.82,D
25.90448,84.42465,352.94,0.34,0.56,2026-03-17,807,N21,VIIRS,n,2.0NRT,303.49,5,D
25.92499,84.65233,337.8,0.35,0.57,2026-03-17,807,N21,VIIRS,n,2.0NRT,301.6,3.04,D
26.12861,84.43622,332.3,0.34,0.56,2026-03-17,807,N21,VIIRS,n,2.0NRT,302.3,2.37,D
26.74895,86.85088,333.03,0.49,0.65,2026-03-17,807,N21,VIIRS,n,2.0NRT,296.16,4.53,D
26.75495,86.85058,351.8,0.49,0.65,2026-03-17,807,N21,VIIRS,n,2.0NRT,296.84,11.97,D
26.75532,86.8556,332.88,0.49,0.65,2026-03-17,807,N21,VIIRS,n,2.0NRT,295.25,9.02,D
26.87416,84.50672,341.64,0.35,0.57,2026-03-17,807,N21,VIIRS,n,2.0NRT,299.85,3.08,D
26.92701,86.023,337.8,0.44,0.62,2026-03-17,807,N21,VIIRS,n,2.0NRT,297.81,4.76,D
26.92929,86.0237,367,0.44,0.62,2026-03-17,807,N21,VIIRS,h,2.0NRT,299.33,12.92,D
26.9327,86.02232,350.83,0.44,0.62,2026-03-17,807,N21,VIIRS,n,2.0NRT,299.07,4.76,D
26.93304,86.02661,331.65,0.44,0.62,2026-03-17,807,N21,VIIRS,n,2.0NRT,297.87,4.76,D
27.02129,85.6843,333.97,0.42,0.61,2026-03-17,807,N21,VIIRS,n,2.0NRT,297.66,5.39,D
27.02239,85.75019,341.3,0.42,0.61,2026-03-17,807,N21,VIIRS,n,2.0NRT,298.28,10.27,D
27.02259,85.68326,332.83,0.42,0.61,2026-03-17,807,N21,VIIRS,n,2.0NRT,298.04,5.47,D
27.02626,85.75072,352.03,0.42,0.61,2026-03-17,807,N21,VIIRS,n,2.0NRT,299.92,8.69,D
27.02732,85.74123,367,0.42,0.61,2026-03-17,807,N21,VIIRS,h,2.0NRT,299.98,11.15,D
27.02781,85.69604,332.27,0.42,0.61,2026-03-17,807,N21,VIIRS,n,2.0NRT,296.5,4.04,D
27.03125,85.74173,333.95,0.42,0.61,2026-03-17,807,N21,VIIRS,n,2.0NRT,298.21,12.81,D
27.03341,85.69537,367,0.42,0.61,2026-03-17,807,N21,VIIRS,h,2.0NRT,299.35,9.15,D
27.03623,85.73281,340.36,0.42,0.61,2026-03-17,807,N21,VIIRS,n,2.0NRT,298.47,2.95,D
27.04903,85.75231,330,0.42,0.61,2026-03-17,807,N21,VIIRS,n,2.0NRT,298.18,2.27,D
27.07433,85.78661,340.88,0.42,0.61,2026-03-17,807,N21,VIIRS,n,2.0NRT,297.41,6.12,D
27.08311,85.68153,367,0.42,0.61,2026-03-17,807,N21,VIIRS,h,2.0NRT,301.85,10.54,D
27.08503,85.92649,330.18,0.43,0.62,2026-03-17,807,N21,VIIRS,n,2.0NRT,296.97,7.06,D
27.08639,85.30932,333.48,0.39,0.6,2026-03-17,807,N21,VIIRS,n,2.0NRT,299.32,3.34,D
27.08982,85.26702,338.76,0.39,0.59,2026-03-17,807,N21,VIIRS,n,2.0NRT,299.65,5.38,D
27.09253,85.31664,331.97,0.39,0.6,2026-03-17,807,N21,VIIRS,n,2.0NRT,299.31,6.42,D
27.09348,85.31438,338.22,0.39,0.6,2026-03-17,807,N21,VIIRS,n,2.0NRT,298.21,4.71,D
27.09378,85.31832,330.04,0.39,0.6,2026-03-17,807,N21,VIIRS,n,2.0NRT,298.72,4.71,D
27.09401,85.26873,336.49,0.39,0.59,2026-03-17,807,N21,VIIRS,n,2.0NRT,298.65,8.54,D
27.11834,85.27966,337.12,0.39,0.6,2026-03-17,807,N21,VIIRS,n,2.0NRT,296.59,4.65,D
27.12255,85.26331,340.03,0.39,0.59,2026-03-17,807,N21,VIIRS,n,2.0NRT,297.67,4.19,D
27.12801,85.2627,338.99,0.39,0.59,2026-03-17,807,N21,VIIRS,n,2.0NRT,298.64,4.21,D
27.13272,85.32194,340.78,0.4,0.6,2026-03-17,807,N21,VIIRS,n,2.0NRT,298.64,4.19,D
27.16802,85.1478,341.17,0.39,0.59,2026-03-17,807,N21,VIIRS,n,2.0NRT,295.05,6.34,D
27.16993,85.1479,338.07,0.39,0.59,2026-03-17,807,N21,VIIRS,n,2.0NRT,294.07,5.91,D
27.18909,85.33531,330.84,0.4,0.6,2026-03-17,807,N21,VIIRS,n,2.0NRT,297.65,4.23,D
27.18946,85.33173,333.62,0.4,0.6,2026-03-17,807,N21,VIIRS,n,2.0NRT,296.28,4.32,D
27.20222,83.26941,347.13,0.59,0.53,2026-03-17,807,N21,VIIRS,n,2.0NRT,300.59,11.7,D
27.20933,83.29263,330.67,0.59,0.53,2026-03-17,807,N21,VIIRS,n,2.0NRT,300.41,6.82,D
27.22899,80.94952,347.22,0.43,0.46,2026-03-17,807,N21,VIIRS,n,2.0NRT,293.22,15.54,D
27.24771,85.02965,333.65,0.38,0.59,2026-03-17,807,N21,VIIRS,n,2.0NRT,300.41,3.97,D
27.24803,85.03352,346.63,0.38,0.59,2026-03-17,807,N21,VIIRS,n,2.0NRT,300.57,3.97,D
27.25309,85.029,331.6,0.38,0.59,2026-03-17,807,N21,VIIRS,n,2.0NRT,299.76,3.97,D
27.25341,85.03284,334.64,0.38,0.59,2026-03-17,807,N21,VIIRS,n,2.0NRT,298.76,3.97,D
27.25814,85.02441,335.77,0.38,0.59,2026-03-17,807,N21,VIIRS,n,2.0NRT,298.58,5.5,D
27.2664,85.05806,367,0.38,0.59,2026-03-17,807,N21,VIIRS,h,2.0NRT,299.64,11.2,D
27.26894,85.05759,367,0.38,0.59,2026-03-17,807,N21,VIIRS,h,2.0NRT,301.74,20.59,D
27.27178,85.05732,354.86,0.38,0.59,2026-03-17,807,N21,VIIRS,n,2.0NRT,299.36,6.17,D
27.27211,85.06116,331.95,0.38,0.59,2026-03-17,807,N21,VIIRS,n,2.0NRT,297.23,6.17,D
27.27243,85.06507,336.94,0.38,0.59,2026-03-17,807,N21,VIIRS,n,2.0NRT,297.51,5.86,D
27.27493,85.06465,334.99,0.38,0.59,2026-03-17,807,N21,VIIRS,n,2.0NRT,297.9,4.95,D
27.27687,83.74374,335.74,0.63,0.54,2026-03-17,807,N21,VIIRS,n,2.0NRT,300.08,9.45,D
27.27778,83.74406,340.39,0.63,0.54,2026-03-17,807,N21,VIIRS,n,2.0NRT,300.64,13.26,D
27.28802,83.75528,337.4,0.63,0.54,2026-03-17,807,N21,VIIRS,n,2.0NRT,302.54,10.08,D
27.28871,83.8703,335.34,0.32,0.55,2026-03-17,807,N21,VIIRS,n,2.0NRT,299.89,2.39,D
27.28876,83.87089,334.03,0.32,0.55,2026-03-17,807,N21,VIIRS,n,2.0NRT,299.46,2.17,D
27.28885,83.75558,337.35,0.63,0.54,2026-03-17,807,N21,VIIRS,n,2.0NRT,301.49,4.28,D
27.31289,83.7997,340.28,0.32,0.54,2026-03-17,807,N21,VIIRS,n,2.0NRT,303.5,2.5,D
27.31682,84.77935,345.7,0.37,0.58,2026-03-17,807,N21,VIIRS,n,2.0NRT,281.14,7.29,D
27.3296,83.81727,336.76,0.32,0.55,2026-03-17,807,N21,VIIRS,n,2.0NRT,301.64,2.99,D
27.60921,84.99597,334.09,0.38,0.59,2026-03-17,807,N21,VIIRS,n,2.0NRT,277.96,5.07,D
27.66253,82.46458,330.45,0.53,0.5,2026-03-17,807,N21,VIIRS,l,2.0NRT,301.9,6.08,D
27.6666,82.45857,334.54,0.53,0.5,2026-03-17,807,N21,VIIRS,n,2.0NRT,300.27,6.09,D
26.12185,68.87339,340.17,0.42,0.45,2026-03-17,809,N21,VIIRS,n,2.0NRT,291.52,4.87,D
26.82846,68.19591,343.95,0.45,0.47,2026-03-17,809,N21,VIIRS,n,2.0NRT,303.82,11.25,D
26.86446,68.26542,339.67,0.44,0.46,2026-03-17,809,N21,VIIRS,n,2.0NRT,300.96,3.83,D
27.00234,68.4488,330.3,0.43,0.46,2026-03-17,809,N21,VIIRS,l,2.0NRT,302.58,1.22,D
27.36756,68.37878,343.29,0.43,0.46,2026-03-17,809,N21,VIIRS,n,2.0NRT,301.29,6.16,D
27.52069,68.42185,343.9,0.42,0.45,2026-03-17,809,N21,VIIRS,n,2.0NRT,297.39,6.06,D
27.52153,68.42603,346.41,0.42,0.45,2026-03-17,809,N21,VIIRS,n,2.0NRT,298.25,6.06,D
27.71835,69.11388,341.15,0.38,0.43,2026-03-17,809,N21,VIIRS,n,2.0NRT,278.65,4.27,D
27.8458,75.67651,335.42,0.39,0.36,2026-03-17,809,N21,VIIRS,l,2.0NRT,308.75,2.83,D
27.9616,84.49246,329.26,0.36,0.57,2026-03-17,809,N21,VIIRS,n,2.0NRT,295.12,2.08,D
27.97883,84.31148,325.12,0.35,0.57,2026-03-17,809,N21,VIIRS,n,2.0NRT,288.37,1.34,D
28.02541,73.07098,340.26,0.4,0.37,2026-03-17,809,N21,VIIRS,n,2.0NRT,304.72,3.14,D
28.24899,69.98914,332.17,0.51,0.41,2026-03-17,809,N21,VIIRS,n,2.0NRT,270.96,4.84,D
28.45025,80.72895,347.08,0.43,0.46,2026-03-17,809,N21,VIIRS,n,2.0NRT,274.28,38.19,D
28.45073,80.73332,330.62,0.43,0.46,2026-03-17,809,N21,VIIRS,n,2.0NRT,270.8,9.47,D
28.45443,80.72839,350.3,0.43,0.46,2026-03-17,809,N21,VIIRS,n,2.0NRT,273.58,38.72,D
28.48786,80.71178,330.56,0.43,0.46,2026-03-17,809,N21,VIIRS,n,2.0NRT,275.45,4.69,D
28.49158,80.70683,339.92,0.43,0.46,2026-03-17,809,N21,VIIRS,n,2.0NRT,277.37,6.05,D
28.68612,81.21128,338.8,0.46,0.47,2026-03-17,809,N21,VIIRS,n,2.0NRT,297.58,7.3,D
28.81881,70.51072,337.18,0.47,0.4,2026-03-17,809,N21,VIIRS,n,2.0NRT,296.13,7.02,D
28.93523,70.89455,331.2,0.45,0.39,2026-03-17,809,N21,VIIRS,n,2.0NRT,292.91,1.95,D
28.9523,70.30853,334.85,0.48,0.4,2026-03-17,809,N21,VIIRS,n,2.0NRT,298.64,6.4,D
28.98414,70.77779,333.04,0.46,0.39,2026-03-17,809,N21,VIIRS,n,2.0NRT,300.21,2.83,D
29.01307,80.09978,338.27,0.4,0.44,2026-03-17,809,N21,VIIRS,n,2.0NRT,298.38,5.52,D
29.02031,70.79979,330.49,0.46,0.39,2026-03-17,809,N21,VIIRS,n,2.0NRT,301.24,2.9,D
29.02042,71.12504,343.32,0.44,0.39,2026-03-17,809,N21,VIIRS,n,2.0NRT,303.09,4.46,D
29.03148,80.08034,329.89,0.4,0.44,2026-03-17,809,N21,VIIRS,n,2.0NRT,295.13,3.89,D
29.03194,80.0844,339.16,0.4,0.44,2026-03-17,809,N21,VIIRS,n,2.0NRT,296.74,4.07,D
29.03645,80.0879,331.98,0.4,0.44,2026-03-17,809,N21,VIIRS,n,2.0NRT,296.43,2.99,D
29.06336,70.73199,343.43,0.46,0.39,2026-03-17,809,N21,VIIRS,n,2.0NRT,300.62,14.47,D
29.06649,69.60299,334.7,0.52,0.41,2026-03-17,809,N21,VIIRS,n,2.0NRT,304.46,3.15,D
29.07679,71.07133,343.74,0.45,0.39,2026-03-17,809,N21,VIIRS,n,2.0NRT,305.3,15.81,D
29.13568,70.76953,333.13,0.46,0.39,2026-03-17,809,N21,VIIRS,n,2.0NRT,300.01,3.04,D
29.14403,70.50957,332.57,0.47,0.4,2026-03-17,809,N21,VIIRS,n,2.0NRT,295.58,3.75,D
29.24981,71.48772,332.25,0.43,0.38,2026-03-17,809,N21,VIIRS,n,2.0NRT,297,3.38,D
29.63252,70.90852,342.02,0.45,0.39,2026-03-17,809,N21,VIIRS,n,2.0NRT,294.73,10.85,D
29.6564,70.94058,335.5,0.44,0.39,2026-03-17,809,N21,VIIRS,n,2.0NRT,291.57,5.89,D
29.81461,72.71332,340.95,0.39,0.37,2026-03-17,809,N21,VIIRS,n,2.0NRT,308.94,10.31,D
29.81991,72.72469,331.74,0.39,0.37,2026-03-17,809,N21,VIIRS,n,2.0NRT,300.6,6.6,D
29.85968,72.69528,343.62,0.39,0.37,2026-03-17,809,N21,VIIRS,n,2.0NRT,301.78,8.27,D
29.88429,70.92758,346.43,0.44,0.38,2026-03-17,809,N21,VIIRS,n,2.0NRT,301.32,5.77,D
29.89194,72.74761,335.19,0.39,0.36,2026-03-17,809,N21,VIIRS,n,2.0NRT,301.99,2.51,D
30.00341,72.55252,333.71,0.4,0.37,2026-03-17,809,N21,VIIRS,n,2.0NRT,298.23,3.28,D
30.18479,70.89004,337.24,0.44,0.38,2026-03-17,809,N21,VIIRS,n,2.0NRT,297.84,4.25,D
30.18926,70.93564,338.21,0.44,0.38,2026-03-17,809,N21,VIIRS,n,2.0NRT,302.09,23.71,D
30.21243,70.94419,345.94,0.44,0.38,2026-03-17,809,N21,VIIRS,n,2.0NRT,301.06,12.16,D
30.24809,71.06544,333,0.43,0.38,2026-03-17,809,N21,VIIRS,n,2.0NRT,303.45,4.68,D
30.24957,70.82048,336.31,0.44,0.38,2026-03-17,809,N21,VIIRS,n,2.0NRT,298.08,3.56,D
30.25305,70.81967,336.35,0.44,0.38,2026-03-17,809,N21,VIIRS,n,2.0NRT,299.97,15.33,D
30.25702,71.02357,331.48,0.43,0.38,2026-03-17,809,N21,VIIRS,n,2.0NRT,301.93,2.31,D
30.31021,74.60055,326.31,0.39,0.36,2026-03-17,809,N21,VIIRS,l,2.0NRT,297.99,0.95,D
30.48896,71.01324,336.48,0.43,0.38,2026-03-17,809,N21,VIIRS,n,2.0NRT,303.12,3.22,D
30.69715,72.57305,331.32,0.39,0.36,2026-03-17,809,N21,VIIRS,n,2.0NRT,298.09,2.94,D
30.85764,72.63582,336.09,0.39,0.36,2026-03-17,809,N21,VIIRS,n,2.0NRT,305.24,23.75,D
30.86191,71.961,338.94,0.4,0.37,2026-03-17,809,N21,VIIRS,n,2.0NRT,304.49,3.68,D
30.88318,70.78294,330.42,0.44,0.38,2026-03-17,809,N21,VIIRS,n,2.0NRT,298.33,3.71,D
30.88398,70.78741,331.53,0.44,0.38,2026-03-17,809,N21,VIIRS,n,2.0NRT,298.16,4.48,D
30.89963,70.89516,331.66,0.43,0.38,2026-03-17,809,N21,VIIRS,n,2.0NRT,298.19,4.21,D
30.97517,72.68572,330.44,0.39,0.36,2026-03-17,809,N21,VIIRS,n,2.0NRT,297,2.65,D
30.97632,73.88821,337.99,0.38,0.36,2026-03-17,809,N21,VIIRS,n,2.0NRT,292.97,9.21,D
31.06648,70.93541,331.97,0.43,0.38,2026-03-17,809,N21,VIIRS,n,2.0NRT,298.5,2.89,D
31.06712,72.07882,332.6,0.4,0.37,2026-03-17,809,N21,VIIRS,n,2.0NRT,302.06,1.6,D
31.11204,72.83563,339.13,0.39,0.36,2026-03-17,809,N21,VIIRS,n,2.0NRT,296.83,17.86,D
31.16671,70.92194,337.56,0.43,0.38,2026-03-17,809,N21,VIIRS,n,2.0NRT,301.29,5.26,D
31.21089,72.9223,330.84,0.39,0.36,2026-03-17,809,N21,VIIRS,n,2.0NRT,277.32,2.61,D
31.23936,72.3774,332.66,0.39,0.36,2026-03-17,809,N21,VIIRS,n,2.0NRT,291.22,2.35,D
31.31983,72.45289,331.47,0.39,0.36,2026-03-17,809,N21,VIIRS,n,2.0NRT,298.99,1.25,D
31.7009,73.81335,330.06,0.38,0.36,2026-03-17,809,N21,VIIRS,n,2.0NRT,297.7,4.56,D
31.97487,72.76558,331.82,0.39,0.36,2026-03-17,809,N21,VIIRS,n,2.0NRT,298.68,2.45,D
31.99336,73.12356,330.25,0.38,0.36,2026-03-17,809,N21,VIIRS,n,2.0NRT,298.26,2.33,D
32.18535,72.33382,332.36,0.39,0.36,2026-03-17,809,N21,VIIRS,n,2.0NRT,295.9,3.88,D
32.32687,73.51601,330.38,0.38,0.36,2026-03-17,809,N21,VIIRS,n,2.0NRT,294.61,5.65,D
32.61813,71.05256,334.6,0.41,0.37,2026-03-17,809,N21,VIIRS,n,2.0NRT,297.18,11.59,D
32.82527,71.58777,335.69,0.4,0.37,2026-03-17,809,N21,VIIRS,n,2.0NRT,295.75,8.02,D
32.82929,71.59119,355.15,0.4,0.37,2026-03-17,809,N21,VIIRS,l,2.0NRT,297.73,8.02,D
33.27905,73.84978,331.15,0.39,0.36,2026-03-17,809,N21,VIIRS,n,2.0NRT,294.17,2.68,D
33.28234,73.84908,331.82,0.39,0.36,2026-03-17,809,N21,VIIRS,n,2.0NRT,296.63,3.46,D
33.37258,72.11125,330.99,0.39,0.36,2026-03-17,809,N21,VIIRS,n,2.0NRT,297.07,1.37,D
29.26308,91.92607,296.23,0.43,0.62,2026-03-17,1851,N21,VIIRS,n,2.0NRT,271.71,1.47,N
22.36797,97.36044,304.11,0.5,0.41,2026-03-17,1853,N21,VIIRS,n,2.0NRT,287.37,0.83,N
22.42639,97.77003,307.64,0.48,0.4,2026-03-17,1853,N21,VIIRS,n,2.0NRT,285.28,1.08,N
22.44798,97.15784,302.7,0.52,0.41,2026-03-17,1853,N21,VIIRS,n,2.0NRT,289.75,1.07,N
22.45748,97.14413,299.42,0.52,0.41,2026-03-17,1853,N21,VIIRS,n,2.0NRT,288.89,0.84,N
22.45807,97.13966,304.47,0.52,0.41,2026-03-17,1853,N21,VIIRS,n,2.0NRT,289.79,0.84,N
22.46509,97.32801,304,0.51,0.41,2026-03-17,1853,N21,VIIRS,n,2.0NRT,287.54,1.25,N
22.48237,97.4007,302.19,0.5,0.41,2026-03-17,1853,N21,VIIRS,n,2.0NRT,288.16,1.36,N
22.48898,97.49508,295.92,0.5,0.41,2026-03-17,1853,N21,VIIRS,n,2.0NRT,285.07,0.54,N
22.50035,96.30927,301.81,0.38,0.43,2026-03-17,1853,N21,VIIRS,n,2.0NRT,290.91,0.67,N
22.50442,97.31918,324.12,0.51,0.41,2026-03-17,1853,N21,VIIRS,n,2.0NRT,287.65,2.13,N
22.50507,97.31422,299.95,0.51,0.41,2026-03-17,1853,N21,VIIRS,n,2.0NRT,287.59,2.13,N
22.51436,96.8771,303.76,0.54,0.42,2026-03-17,1853,N21,VIIRS,n,2.0NRT,288.27,1.72,N
22.51543,96.88028,302.48,0.54,0.42,2026-03-17,1853,N21,VIIRS,n,2.0NRT,288.42,1.34,N
22.52974,96.20186,302.76,0.39,0.44,2026-03-17,1853,N21,VIIRS,n,2.0NRT,292.23,0.76,N
22.53111,96.22389,317.13,0.39,0.44,2026-03-17,1853,N21,VIIRS,n,2.0NRT,292.39,2.02,N
22.53245,96.21294,302.49,0.39,0.44,2026-03-17,1853,N21,VIIRS,n,2.0NRT,291.24,0.67,N
22.53453,97.29366,299.51,0.51,0.41,2026-03-17,1853,N21,VIIRS,n,2.0NRT,289.26,0.67,N
22.53826,97.29438,302.39,0.51,0.41,2026-03-17,1853,N21,VIIRS,n,2.0NRT,289.38,0.67,N
22.53832,96.19838,311.86,0.39,0.44,2026-03-17,1853,N21,VIIRS,n,2.0NRT,291.65,1.21,N
22.54236,96.19866,300.87,0.39,0.44,2026-03-17,1853,N21,VIIRS,n,2.0NRT,290.7,0.57,N
22.5459,96.203,305.59,0.39,0.44,2026-03-17,1853,N21,VIIRS,n,2.0NRT,291.5,1.88,N
22.54835,96.8559,299.8,0.54,0.42,2026-03-17,1853,N21,VIIRS,n,2.0NRT,288.33,0.86,N
22.55496,97.8961,303.93,0.48,0.4,2026-03-17,1853,N21,VIIRS,n,2.0NRT,286.59,0.83,N
22.55729,96.81621,310.03,0.54,0.42,2026-03-17,1853,N21,VIIRS,n,2.0NRT,290.32,1.74,N
22.56688,96.26304,304.49,0.39,0.44,2026-03-17,1853,N21,VIIRS,n,2.0NRT,291.47,1.49,N
22.56735,96.25933,311.15,0.39,0.44,2026-03-17,1853,N21,VIIRS,n,2.0NRT,291.78,1.49,N
22.57528,96.26087,306.92,0.39,0.44,2026-03-17,1853,N21,VIIRS,n,2.0NRT,292.12,1.91,N
22.57959,96.34544,310.63,0.38,0.43,2026-03-17,1853,N21,VIIRS,n,2.0NRT,292.89,1.48,N
22.57978,96.25741,310.15,0.39,0.44,2026-03-17,1853,N21,VIIRS,n,2.0NRT,291.21,1.11,N
22.58001,96.34193,306.63,0.38,0.43,2026-03-17,1853,N21,VIIRS,n,2.0NRT,292.72,1.88,N
22.58029,96.25341,303.42,0.39,0.44,2026-03-17,1853,N21,VIIRS,n,2.0NRT,291.07,1.11,N
22.58044,96.33839,322.68,0.38,0.43,2026-03-17,1853,N21,VIIRS,n,2.0NRT,293.93,1.88,N
22.58265,96.2347,308.5,0.39,0.44,2026-03-17,1853,N21,VIIRS,n,2.0NRT,290.57,1.19,N
22.59672,96.30414,303.34,0.39,0.44,2026-03-17,1853,N21,VIIRS,n,2.0NRT,289.97,1.08,N
22.59809,97.63027,330.56,0.49,0.4,2026-03-17,1853,N21,VIIRS,n,2.0NRT,286.37,5.28,N
22.6073,96.94495,301.37,0.53,0.42,2026-03-17,1853,N21,VIIRS,n,2.0NRT,289.6,1,N
22.61431,97.70212,334.31,0.49,0.4,2026-03-17,1853,N21,VIIRS,n,2.0NRT,287.63,6.3,N
22.6144,97.70462,327.37,0.49,0.4,2026-03-17,1853,N21,VIIRS,n,2.0NRT,287.58,5.33,N
22.61799,97.70264,338.11,0.49,0.4,2026-03-17,1853,N21,VIIRS,n,2.0NRT,288.64,6.3,N
22.61808,97.70515,308.6,0.49,0.4,2026-03-17,1853,N21,VIIRS,n,2.0NRT,286.98,3.97,N
22.61872,97.70048,337.2,0.49,0.4,2026-03-17,1853,N21,VIIRS,n,2.0NRT,287.14,3.97,N
22.62046,97.71247,306.17,0.49,0.4,2026-03-17,1853,N21,VIIRS,n,2.0NRT,286.9,0.98,N
22.64839,96.31232,302.37,0.39,0.44,2026-03-17,1853,N21,VIIRS,n,2.0NRT,290,0.39,N
22.68708,97.71899,306.16,0.49,0.4,2026-03-17,1853,N21,VIIRS,n,2.0NRT,288.95,1.8,N
22.6876,96.30948,309,0.39,0.44,2026-03-17,1853,N21,VIIRS,n,2.0NRT,292.86,1.5,N
22.6893,96.3093,307.68,0.39,0.44,2026-03-17,1853,N21,VIIRS,n,2.0NRT,292.89,1.26,N
22.70349,97.79205,307.45,0.48,0.4,2026-03-17,1853,N21,VIIRS,n,2.0NRT,286.48,0.93,N
22.70632,96.28877,301.5,0.39,0.44,2026-03-17,1853,N21,VIIRS,n,2.0NRT,291.31,0.62,N
22.71029,96.28949,305.76,0.39,0.44,2026-03-17,1853,N21,VIIRS,n,2.0NRT,292.62,0.62,N
22.72292,97.30216,314.13,0.51,0.41,2026-03-17,1853,N21,VIIRS,n,2.0NRT,288.21,2.17,N
22.73811,97.66771,297.94,0.49,0.4,2026-03-17,1853,N21,VIIRS,n,2.0NRT,286.83,0.57,N
22.77816,94.65689,303.62,0.49,0.48,2026-03-17,1853,N21,VIIRS,n,2.0NRT,291.29,1.87,N
22.79061,96.26471,300.98,0.39,0.44,2026-03-17,1853,N21,VIIRS,n,2.0NRT,290.17,0.61,N
22.80326,96.27831,304.69,0.39,0.44,2026-03-17,1853,N21,VIIRS,n,2.0NRT,289.94,0.48,N
22.83761,94.56823,296.4,0.49,0.49,2026-03-17,1853,N21,VIIRS,n,2.0NRT,282.05,0.63,N
23.00835,94.95784,299.9,0.47,0.48,2026-03-17,1853,N21,VIIRS,n,2.0NRT,288.85,1.39,N
23.05787,94.95088,302.08,0.47,0.48,2026-03-17,1853,N21,VIIRS,n,2.0NRT,285.75,1.76,N
23.05836,94.94663,305.91,0.47,0.48,2026-03-17,1853,N21,VIIRS,n,2.0NRT,287.75,2.06,N
23.05905,94.94925,312.01,0.47,0.48,2026-03-17,1853,N21,VIIRS,n,2.0NRT,287.51,2.83,N
23.05953,94.9449,299.17,0.47,0.48,2026-03-17,1853,N21,VIIRS,n,2.0NRT,287.13,1.66,N
23.06291,96.11444,300.27,0.4,0.44,2026-03-17,1853,N21,VIIRS,n,2.0NRT,290.25,0.69,N
23.06844,95.14147,300.97,0.46,0.47,2026-03-17,1853,N21,VIIRS,n,2.0NRT,290.06,0.78,N
23.08595,95.10306,301.32,0.46,0.47,2026-03-17,1853,N21,VIIRS,n,2.0NRT,288.35,0.85,N
23.38649,96.51418,303.59,0.38,0.43,2026-03-17,1853,N21,VIIRS,n,2.0NRT,289.45,0.81,N
24.27196,94.3217,302.11,0.53,0.5,2026-03-17,1853,N21,VIIRS,n,2.0NRT,289.05,1.3,N
24.51995,97.79616,295.78,0.51,0.41,2026-03-17,1853,N21,VIIRS,n,2.0NRT,284.51,1.33,N
24.66952,95.61936,298.51,0.45,0.47,2026-03-17,1853,N21,VIIRS,n,2.0NRT,288.41,0.68,N
24.67001,95.61511,302.85,0.45,0.47,2026-03-17,1853,N21,VIIRS,n,2.0NRT,287.95,0.75,N
24.82957,95.68313,302.83,0.45,0.47,2026-03-17,1853,N21,VIIRS,n,2.0NRT,287.27,0.85,N
15.86188,97.7965,306.52,0.42,0.37,2026-03-17,1856,N21,VIIRS,n,2.0NRT,292.39,0.86,N
16.00959,94.76364,307.78,0.39,0.44,2026-03-17,1856,N21,VIIRS,n,2.0NRT,294.73,1.05,N
16.22556,97.87543,305.01,0.42,0.37,2026-03-17,1856,N21,VIIRS,n,2.0NRT,293.08,0.66,N
16.41552,97.72865,308.79,0.42,0.38,2026-03-17,1856,N21,VIIRS,n,2.0NRT,295.02,1.52,N
16.42298,97.96407,310.88,0.42,0.37,2026-03-17,1856,N21,VIIRS,n,2.0NRT,293.93,1.35,N
16.4264,97.96459,306.13,0.42,0.37,2026-03-17,1856,N21,VIIRS,n,2.0NRT,293.58,0.86,N
16.44596,97.70835,307.5,0.42,0.38,2026-03-17,1856,N21,VIIRS,n,2.0NRT,294.84,0.87,N
16.53049,97.7094,306.25,0.42,0.38,2026-03-17,1856,N21,VIIRS,n,2.0NRT,294.58,1.43,N
17.17466,97.44223,306.52,0.44,0.38,2026-03-17,1856,N21,VIIRS,n,2.0NRT,295.28,0.82,N
17.30403,97.06269,309.78,0.46,0.39,2026-03-17,1856,N21,VIIRS,n,2.0NRT,293.07,1.1,N
17.47077,96.60977,303.71,0.48,0.4,2026-03-17,1856,N21,VIIRS,n,2.0NRT,290.45,0.34,N
17.50973,95.94592,301.55,0.53,0.42,2026-03-17,1856,N21,VIIRS,n,2.0NRT,290.9,0.74,N
17.59168,96.13889,311.87,0.51,0.41,2026-03-17,1856,N21,VIIRS,n,2.0NRT,296.2,2.27,N
17.61178,96.13261,305.17,0.51,0.41,2026-03-17,1856,N21,VIIRS,n,2.0NRT,295.08,2.48,N
17.6237,96.12988,308.61,0.51,0.41,2026-03-17,1856,N21,VIIRS,n,2.0NRT,295.33,2.83,N
17.66942,96.10827,305.01,0.52,0.41,2026-03-17,1856,N21,VIIRS,n,2.0NRT,294.42,1.65,N
17.77942,95.94768,316.98,0.53,0.42,2026-03-17,1856,N21,VIIRS,n,2.0NRT,295.64,3.63,N
17.81613,94.88673,312.36,0.41,0.45,2026-03-17,1856,N21,VIIRS,n,2.0NRT,291.98,1.3,N
17.8407,96.12667,306.9,0.52,0.41,2026-03-17,1856,N21,VIIRS,n,2.0NRT,295.51,3.39,N
17.84724,94.90355,304.85,0.41,0.45,2026-03-17,1856,N21,VIIRS,n,2.0NRT,293.04,0.96,N
17.84829,96.12767,306.27,0.52,0.41,2026-03-17,1856,N21,VIIRS,n,2.0NRT,295.86,2.38,N
17.87091,96.10365,312.68,0.52,0.42,2026-03-17,1856,N21,VIIRS,n,2.0NRT,296.74,3.55,N
17.96146,96.11934,304.92,0.52,0.42,2026-03-17,1856,N21,VIIRS,n,2.0NRT,294.52,1.53,N
17.96801,95.18414,302.85,0.39,0.44,2026-03-17,1856,N21,VIIRS,n,2.0NRT,292.42,0.76,N
17.9791,95.55132,312.52,0.56,0.43,2026-03-17,1856,N21,VIIRS,n,2.0NRT,289.56,1.15,N
17.97979,95.54606,300.58,0.56,0.43,2026-03-17,1856,N21,VIIRS,n,2.0NRT,289.22,1.38,N
17.98048,95.5408,305.95,0.56,0.43,2026-03-17,1856,N21,VIIRS,n,2.0NRT,289.34,1.38,N
17.99077,96.07331,303.8,0.52,0.42,2026-03-17,1856,N21,VIIRS,n,2.0NRT,292.81,1.43,N
18.0095,95.99054,306.68,0.53,0.42,2026-03-17,1856,N21,VIIRS,n,2.0NRT,293.38,1.65,N
18.01332,95.99117,314.75,0.53,0.42,2026-03-17,1856,N21,VIIRS,n,2.0NRT,294.08,1.65,N
18.01713,95.99184,304.35,0.53,0.42,2026-03-17,1856,N21,VIIRS,n,2.0NRT,291.99,1.21,N
18.02094,95.99252,305.84,0.53,0.42,2026-03-17,1856,N21,VIIRS,n,2.0NRT,293.06,1.21,N
18.03442,96.09492,303.78,0.52,0.42,2026-03-17,1856,N21,VIIRS,n,2.0NRT,293.17,1.1,N
18.04564,94.909,303.36,0.41,0.45,2026-03-17,1856,N21,VIIRS,n,2.0NRT,291.8,0.58,N
18.07636,94.99327,304.47,0.4,0.45,2026-03-17,1856,N21,VIIRS,n,2.0NRT,292.77,1.14,N
18.08158,94.79057,308.29,0.42,0.45,2026-03-17,1856,N21,VIIRS,n,2.0NRT,288.82,0.87,N
18.11775,95.99008,307.77,0.53,0.42,2026-03-17,1856,N21,VIIRS,n,2.0NRT,295.55,2.31,N
18.12221,95.98592,315.8,0.53,0.42,2026-03-17,1856,N21,VIIRS,n,2.0NRT,295.19,2.31,N
18.13731,94.90455,308.77,0.41,0.45,2026-03-17,1856,N21,VIIRS,n,2.0NRT,292.19,0.94,N
18.13862,96.03837,305.66,0.53,0.42,2026-03-17,1856,N21,VIIRS,n,2.0NRT,293.69,2.71,N
18.14647,96.12434,306.37,0.52,0.42,2026-03-17,1856,N21,VIIRS,n,2.0NRT,294.35,2.03,N
18.15212,96.02489,301.38,0.53,0.42,2026-03-17,1856,N21,VIIRS,n,2.0NRT,291.27,0.92,N
18.15343,95.9276,310.81,0.54,0.42,2026-03-17,1856,N21,VIIRS,n,2.0NRT,294.9,3,N
18.15353,94.87508,301.54,0.41,0.45,2026-03-17,1856,N21,VIIRS,n,2.0NRT,288.8,0.53,N
18.15727,95.92818,306.83,0.54,0.42,2026-03-17,1856,N21,VIIRS,n,2.0NRT,294.14,1.98,N
18.17494,95.00104,309.27,0.4,0.45,2026-03-17,1856,N21,VIIRS,n,2.0NRT,294.31,1.87,N
18.21003,95.91528,305.95,0.54,0.42,2026-03-17,1856,N21,VIIRS,n,2.0NRT,294.3,2.72,N
18.21181,95.91773,308.26,0.54,0.42,2026-03-17,1856,N21,VIIRS,n,2.0NRT,294.11,2.42,N
18.21573,95.20364,304.76,0.39,0.44,2026-03-17,1856,N21,VIIRS,n,2.0NRT,292.17,1.26,N
18.24297,95.21486,311.58,0.39,0.44,2026-03-17,1856,N21,VIIRS,n,2.0NRT,291.6,0.81,N
18.25394,96.27135,308.92,0.51,0.41,2026-03-17,1856,N21,VIIRS,n,2.0NRT,295.43,2.67,N
18.25898,96.06339,316.78,0.53,0.42,2026-03-17,1856,N21,VIIRS,n,2.0NRT,294.06,2.59,N
18.26598,96.26785,308.18,0.51,0.41,2026-03-17,1856,N21,VIIRS,n,2.0NRT,294.64,2.74,N
18.26676,96.26531,309.91,0.52,0.41,2026-03-17,1856,N21,VIIRS,n,2.0NRT,295.18,2.18,N
18.27196,95.08604,302.91,0.4,0.44,2026-03-17,1856,N21,VIIRS,n,2.0NRT,291.38,0.53,N
18.27797,95.07156,301.36,0.4,0.44,2026-03-17,1856,N21,VIIRS,n,2.0NRT,291.01,0.64,N
18.31289,94.9623,305.74,0.41,0.45,2026-03-17,1856,N21,VIIRS,n,2.0NRT,293.71,0.93,N
18.33075,95.14719,303.28,0.4,0.44,2026-03-17,1856,N21,VIIRS,n,2.0NRT,291.52,0.54,N
18.34746,94.88144,318.35,0.41,0.45,2026-03-17,1856,N21,VIIRS,n,2.0NRT,292.81,1.92,N
18.35114,94.88556,316.37,0.41,0.45,2026-03-17,1856,N21,VIIRS,n,2.0NRT,293.61,2.25,N
18.35159,94.88192,308.94,0.41,0.45,2026-03-17,1856,N21,VIIRS,n,2.0NRT,293.09,1.55,N
18.38406,95.81927,309.22,0.55,0.42,2026-03-17,1856,N21,VIIRS,n,2.0NRT,291.4,1.06,N
18.40119,96.03318,308.19,0.53,0.42,2026-03-17,1856,N21,VIIRS,n,2.0NRT,294.08,2.01,N
18.42564,95.99553,305.09,0.54,0.42,2026-03-17,1856,N21,VIIRS,n,2.0NRT,291.85,1.68,N
18.42636,95.95986,305.02,0.54,0.42,2026-03-17,1856,N21,VIIRS,n,2.0NRT,294.31,1.84,N
18.42956,95.80482,302.14,0.55,0.43,2026-03-17,1856,N21,VIIRS,n,2.0NRT,291.78,0.96,N
18.45749,96.0507,303.13,0.53,0.42,2026-03-17,1856,N21,VIIRS,n,2.0NRT,289.73,1.37,N
18.47574,94.88538,305.59,0.42,0.45,2026-03-17,1856,N21,VIIRS,n,2.0NRT,293.33,1.09,N
18.49034,96.0099,308,0.54,0.42,2026-03-17,1856,N21,VIIRS,n,2.0NRT,292.43,1.8,N
18.50366,96.02722,308.82,0.53,0.42,2026-03-17,1856,N21,VIIRS,n,2.0NRT,293.98,1.86,N
18.50587,96.02946,307.12,0.53,0.42,2026-03-17,1856,N21,VIIRS,n,2.0NRT,293.56,1.47,N
18.50652,96.02442,304.85,0.53,0.42,2026-03-17,1856,N21,VIIRS,n,2.0NRT,293.94,2.07,N
18.50818,96.02277,302.9,0.53,0.42,2026-03-17,1856,N21,VIIRS,n,2.0NRT,292.89,2.29,N
18.53152,94.81007,307.95,0.42,0.45,2026-03-17,1856,N21,VIIRS,n,2.0NRT,293.29,1.32,N
18.5352,94.81423,303.07,0.42,0.45,2026-03-17,1856,N21,VIIRS,n,2.0NRT,292.76,0.37,N
18.53543,95.98277,303.36,0.54,0.42,2026-03-17,1856,N21,VIIRS,n,2.0NRT,291.92,1.66,N
18.54244,96.0192,317.63,0.54,0.42,2026-03-17,1856,N21,VIIRS,n,2.0NRT,292.47,3.13,N
18.54827,94.84366,303.97,0.42,0.45,2026-03-17,1856,N21,VIIRS,n,2.0NRT,293.3,1.29,N
18.54879,94.83965,309.33,0.42,0.45,2026-03-17,1856,N21,VIIRS,n,2.0NRT,293.47,1.29,N
18.54883,94.7737,303.99,0.42,0.45,2026-03-17,1856,N21,VIIRS,n,2.0NRT,292.24,0.81,N
18.5493,94.77003,302.79,0.42,0.45,2026-03-17,1856,N21,VIIRS,n,2.0NRT,291.34,0.81,N
18.55124,95.89134,311.71,0.54,0.42,2026-03-17,1856,N21,VIIRS,n,2.0NRT,293.6,1.33,N
18.57335,95.99294,303.56,0.54,0.42,2026-03-17,1856,N21,VIIRS,n,2.0NRT,290.88,1.52,N
18.60851,95.66465,328.59,0.56,0.43,2026-03-17,1856,N21,VIIRS,n,2.0NRT,294.84,3.84,N
18.63116,96.65013,309.53,0.5,0.41,2026-03-17,1856,N21,VIIRS,n,2.0NRT,292.84,1.86,N
18.63395,95.68439,304.29,0.56,0.43,2026-03-17,1856,N21,VIIRS,n,2.0NRT,291.98,0.8,N
18.63906,96.04621,304.35,0.54,0.42,2026-03-17,1856,N21,VIIRS,n,2.0NRT,293.98,1.52,N
18.64132,95.93796,301.07,0.54,0.42,2026-03-17,1856,N21,VIIRS,n,2.0NRT,290.67,0.6,N
18.64253,96.75241,304.69,0.49,0.4,2026-03-17,1856,N21,VIIRS,n,2.0NRT,294.06,1.27,N
18.64557,95.99623,308.38,0.54,0.42,2026-03-17,1856,N21,VIIRS,n,2.0NRT,293.98,2.23,N
18.64691,96.74781,328.17,0.49,0.4,2026-03-17,1856,N21,VIIRS,n,2.0NRT,296,4.51,N
18.65172,95.91843,304.96,0.54,0.42,2026-03-17,1856,N21,VIIRS,n,2.0NRT,290.83,1.38,N
18.66478,95.87864,308.82,0.55,0.42,2026-03-17,1856,N21,VIIRS,n,2.0NRT,293.03,1.46,N
18.68224,97.98942,301.66,0.43,0.38,2026-03-17,1856,N21,VIIRS,n,2.0NRT,289.17,0.45,N
18.68806,97.58456,303.77,0.45,0.39,2026-03-17,1856,N21,VIIRS,n,2.0NRT,293.42,0.91,N
18.71453,95.52303,302.6,0.38,0.43,2026-03-17,1856,N21,VIIRS,n,2.0NRT,292.09,0.53,N
18.73341,95.65748,306.55,0.56,0.43,2026-03-17,1856,N21,VIIRS,n,2.0NRT,291.72,0.99,N
18.73363,95.43697,304.82,0.39,0.44,2026-03-17,1856,N21,VIIRS,n,2.0NRT,292.17,1.05,N
18.7358,96.64986,302.94,0.5,0.41,2026-03-17,1856,N21,VIIRS,n,2.0NRT,290.41,1.06,N
18.74007,95.91854,303.06,0.55,0.42,2026-03-17,1856,N21,VIIRS,n,2.0NRT,292.68,1.35,N
18.7459,95.86404,304.52,0.55,0.43,2026-03-17,1856,N21,VIIRS,n,2.0NRT,290.14,1.14,N
18.75971,96.68472,324.1,0.5,0.41,2026-03-17,1856,N21,VIIRS,n,2.0NRT,293.68,3.57,N
18.77254,95.88132,308.99,0.55,0.43,2026-03-17,1856,N21,VIIRS,n,2.0NRT,292.96,2.04,N
18.77965,95.07365,318.8,0.41,0.45,2026-03-17,1856,N21,VIIRS,n,2.0NRT,293.41,1.27,N
18.78042,97.54495,305.45,0.45,0.39,2026-03-17,1856,N21,VIIRS,n,2.0NRT,291.95,1.7,N
18.78078,95.93952,303.61,0.54,0.42,2026-03-17,1856,N21,VIIRS,n,2.0NRT,290.31,0.75,N
18.78359,96.0082,304.02,0.54,0.42,2026-03-17,1856,N21,VIIRS,n,2.0NRT,293.52,1.41,N
18.79052,96.27738,305.53,0.52,0.42,2026-03-17,1856,N21,VIIRS,n,2.0NRT,293.65,1.53,N
18.80147,95.9324,311.87,0.55,0.42,2026-03-17,1856,N21,VIIRS,n,2.0NRT,291.31,1.16,N
18.80601,96.67835,309.51,0.5,0.41,2026-03-17,1856,N21,VIIRS,n,2.0NRT,295.32,2.83,N
18.81286,95.07438,304.54,0.41,0.45,2026-03-17,1856,N21,VIIRS,n,2.0NRT,292.64,1.02,N
18.81338,96.67984,308.43,0.5,0.41,2026-03-17,1856,N21,VIIRS,n,2.0NRT,294.4,1.9,N
18.81411,97.53757,304.62,0.45,0.39,2026-03-17,1856,N21,VIIRS,n,2.0NRT,292.91,1.92,N
18.81473,97.53318,321.07,0.45,0.39,2026-03-17,1856,N21,VIIRS,n,2.0NRT,293.81,1.92,N
18.81537,97.52866,307.97,0.45,0.39,2026-03-17,1856,N21,VIIRS,n,2.0NRT,292.43,0.97,N
18.81688,95.84541,302.96,0.55,0.43,2026-03-17,1856,N21,VIIRS,n,2.0NRT,292.3,1.89,N
18.81695,95.07495,313,0.41,0.45,2026-03-17,1856,N21,VIIRS,n,2.0NRT,292.93,1.26,N
18.81744,95.07111,305.73,0.41,0.45,2026-03-17,1856,N21,VIIRS,n,2.0NRT,292.71,1.26,N
18.81766,97.53812,304,0.45,0.39,2026-03-17,1856,N21,VIIRS,n,2.0NRT,292.14,1.28,N
18.81777,96.67545,304.33,0.5,0.41,2026-03-17,1856,N21,VIIRS,n,2.0NRT,294.07,1.36,N
18.81782,96.27332,304.31,0.52,0.42,2026-03-17,1856,N21,VIIRS,n,2.0NRT,293.14,1.43,N
18.82063,97.54285,302.41,0.45,0.39,2026-03-17,1856,N21,VIIRS,n,2.0NRT,291.08,0.58,N
18.82267,95.95119,302.61,0.54,0.42,2026-03-17,1856,N21,VIIRS,n,2.0NRT,292.3,0.79,N
18.82608,95.9256,301.45,0.55,0.42,2026-03-17,1856,N21,VIIRS,n,2.0NRT,290.22,0.9,N
18.82833,97.53969,308.92,0.45,0.39,2026-03-17,1856,N21,VIIRS,n,2.0NRT,292.84,1.53,N
18.83963,95.12474,305.83,0.41,0.45,2026-03-17,1856,N21,VIIRS,n,2.0NRT,292.76,0.73,N
18.84211,95.10569,315.27,0.41,0.45,2026-03-17,1856,N21,VIIRS,n,2.0NRT,292.36,0.97,N
18.84338,96.65462,308.8,0.5,0.41,2026-03-17,1856,N21,VIIRS,n,2.0NRT,295.63,2.46,N
18.85073,95.46125,336.36,0.39,0.44,2026-03-17,1856,N21,VIIRS,n,2.0NRT,293.68,2.85,N
18.8559,96.64645,310.1,0.5,0.41,2026-03-17,1856,N21,VIIRS,n,2.0NRT,293.17,2.09,N
18.85749,96.6494,308.65,0.5,0.41,2026-03-17,1856,N21,VIIRS,n,2.0NRT,294.9,2.26,N
18.85814,96.64442,313.17,0.5,0.41,2026-03-17,1856,N21,VIIRS,n,2.0NRT,294.12,2.26,N
18.85832,97.52914,302.12,0.45,0.39,2026-03-17,1856,N21,VIIRS,n,2.0NRT,291.72,1.12,N
18.85946,97.52087,302.9,0.45,0.39,2026-03-17,1856,N21,VIIRS,n,2.0NRT,291.85,0.96,N
18.85962,96.64701,318.12,0.5,0.41,2026-03-17,1856,N21,VIIRS,n,2.0NRT,296.06,2.09,N
18.86301,97.52145,302.26,0.45,0.39,2026-03-17,1856,N21,VIIRS,n,2.0NRT,292.17,1.03,N
18.87011,97.5227,305.61,0.45,0.39,2026-03-17,1856,N21,VIIRS,n,2.0NRT,291.89,1.25,N
18.87691,95.93967,307.23,0.55,0.42,2026-03-17,1856,N21,VIIRS,n,2.0NRT,293.37,0.87,N
18.87716,97.52431,307.99,0.45,0.39,2026-03-17,1856,N21,VIIRS,n,2.0NRT,292.73,1.13,N
18.88144,95.93517,304.46,0.55,0.42,2026-03-17,1856,N21,VIIRS,n,2.0NRT,293.21,2.2,N
18.88449,94.99768,303.22,0.41,0.45,2026-03-17,1856,N21,VIIRS,n,2.0NRT,292.02,0.67,N
18.89588,95.88501,302.21,0.55,0.43,2026-03-17,1856,N21,VIIRS,n,2.0NRT,292.05,1.34,N
18.9084,94.80408,308.84,0.43,0.46,2026-03-17,1856,N21,VIIRS,n,2.0NRT,293.3,1.25,N
18.91621,96.99281,302.33,0.48,0.4,2026-03-17,1856,N21,VIIRS,n,2.0NRT,289.38,0.93,N
18.93286,95.6302,306.84,0.57,0.43,2026-03-17,1856,N21,VIIRS,n,2.0NRT,293.19,1.72,N
18.93837,95.95322,305.26,0.55,0.42,2026-03-17,1856,N21,VIIRS,n,2.0NRT,292.19,0.98,N
18.98159,95.18295,304.05,0.4,0.45,2026-03-17,1856,N21,VIIRS,n,2.0NRT,292.05,0.45,N
18.98566,95.18352,336.04,0.4,0.45,2026-03-17,1856,N21,VIIRS,n,2.0NRT,293.34,4.78,N
18.99671,97.28343,304.38,0.47,0.39,2026-03-17,1856,N21,VIIRS,n,2.0NRT,291.51,1.07,N
18.99928,94.68995,318.69,0.43,0.46,2026-03-17,1856,N21,VIIRS,n,2.0NRT,292.44,2.48,N
18.99972,97.28835,305.5,0.47,0.39,2026-03-17,1856,N21,VIIRS,n,2.0NRT,292.99,1.07,N
19.00275,97.29308,307.49,0.47,0.39,2026-03-17,1856,N21,VIIRS,n,2.0NRT,292.59,0.94,N
19.00984,97.26809,305.86,0.47,0.4,2026-03-17,1856,N21,VIIRS,n,2.0NRT,292.38,1.03,N
19.01053,97.29004,303.35,0.47,0.39,2026-03-17,1856,N21,VIIRS,n,2.0NRT,293.24,1.2,N
19.01164,97.25492,306.04,0.47,0.4,2026-03-17,1856,N21,VIIRS,n,2.0NRT,292.43,1.22,N
19.01289,97.29974,307.62,0.47,0.39,2026-03-17,1856,N21,VIIRS,n,2.0NRT,293.92,0.92,N
19.0135,97.2952,305.41,0.47,0.39,2026-03-17,1856,N21,VIIRS,n,2.0NRT,293.88,0.92,N
19.01405,97.26428,310.85,0.47,0.4,2026-03-17,1856,N21,VIIRS,n,2.0NRT,292.9,1.2,N
19.01412,97.29068,307.82,0.47,0.39,2026-03-17,1856,N21,VIIRS,n,2.0NRT,293.1,1.2,N
19.01466,97.2598,307.2,0.47,0.4,2026-03-17,1856,N21,VIIRS,n,2.0NRT,292.69,1.2,N
19.01589,97.27777,303.82,0.47,0.4,2026-03-17,1856,N21,VIIRS,n,2.0NRT,293.54,1.17,N
19.01643,97.30069,312.85,0.47,0.39,2026-03-17,1856,N21,VIIRS,n,2.0NRT,294.34,1.9,N
19.01832,97.28687,303.84,0.47,0.39,2026-03-17,1856,N21,VIIRS,n,2.0NRT,292.55,0.99,N
19.01894,97.2824,308.62,0.47,0.39,2026-03-17,1856,N21,VIIRS,n,2.0NRT,292.65,1.41,N
19.01941,97.30582,309.31,0.47,0.39,2026-03-17,1856,N21,VIIRS,n,2.0NRT,293.09,1.09,N
19.02301,97.30637,309.97,0.47,0.39,2026-03-17,1856,N21,VIIRS,n,2.0NRT,293.71,0.99,N
19.02508,95.23154,310.68,0.4,0.44,2026-03-17,1856,N21,VIIRS,n,2.0NRT,292.49,1.46,N
19.02662,97.30687,304.18,0.47,0.39,2026-03-17,1856,N21,VIIRS,n,2.0NRT,293.87,0.99,N
19.02734,97.24788,301.3,0.47,0.4,2026-03-17,1856,N21,VIIRS,n,2.0NRT,290.28,0.78,N
19.02851,97.23939,308.22,0.47,0.4,2026-03-17,1856,N21,VIIRS,n,2.0NRT,292.03,0.95,N
19.02909,97.2351,303.59,0.47,0.4,2026-03-17,1856,N21,VIIRS,n,2.0NRT,291.13,0.95,N
19.03038,97.25266,303.46,0.47,0.4,2026-03-17,1856,N21,VIIRS,n,2.0NRT,290.51,0.56,N
19.0308,97.30319,307.63,0.47,0.39,2026-03-17,1856,N21,VIIRS,n,2.0NRT,293.7,1.36,N
19.0346,97.24876,303.88,0.47,0.4,2026-03-17,1856,N21,VIIRS,n,2.0NRT,292.83,1.79,N
19.035,97.29939,307.61,0.47,0.39,2026-03-17,1856,N21,VIIRS,n,2.0NRT,293.03,1.36,N
19.03734,95.93311,305.8,0.55,0.43,2026-03-17,1856,N21,VIIRS,n,2.0NRT,289.89,0.67,N
19.09744,94.8812,305.04,0.42,0.45,2026-03-17,1856,N21,VIIRS,n,2.0NRT,293.26,1.47,N
19.09775,94.98199,306.42,0.42,0.45,2026-03-17,1856,N21,VIIRS,n,2.0NRT,294.99,2.06,N
19.0989,95.98564,306.12,0.55,0.42,2026-03-17,1856,N21,VIIRS,n,2.0NRT,291.54,0.65,N
19.10997,97.18486,310.44,0.47,0.4,2026-03-17,1856,N21,VIIRS,n,2.0NRT,293.33,1.41,N
19.11051,97.18779,304.76,0.47,0.4,2026-03-17,1856,N21,VIIRS,n,2.0NRT,292.9,1.36,N
19.11357,97.18555,307.86,0.47,0.4,2026-03-17,1856,N21,VIIRS,n,2.0NRT,292.93,2.02,N
19.11411,97.18851,305.3,0.47,0.4,2026-03-17,1856,N21,VIIRS,n,2.0NRT,292.84,1.36,N
19.11963,97.08939,309.05,0.48,0.4,2026-03-17,1856,N21,VIIRS,n,2.0NRT,291.24,2.37,N
19.12108,96.5807,308.14,0.51,0.41,2026-03-17,1856,N21,VIIRS,n,2.0NRT,291.89,2.98,N
19.12384,97.08835,304.53,0.48,0.4,2026-03-17,1856,N21,VIIRS,n,2.0NRT,291.12,1.58,N
19.12482,96.58132,328.61,0.51,0.41,2026-03-17,1856,N21,VIIRS,n,2.0NRT,291.86,2.98,N
19.12508,97.07693,303.62,0.48,0.4,2026-03-17,1856,N21,VIIRS,n,2.0NRT,291.1,0.61,N
19.12704,96.36,311.78,0.52,0.42,2026-03-17,1856,N21,VIIRS,n,2.0NRT,292.31,1.28,N
19.14565,95.59166,306.03,0.38,0.43,2026-03-17,1856,N21,VIIRS,n,2.0NRT,291.97,1.27,N
19.14675,95.80148,307.38,0.56,0.43,2026-03-17,1856,N21,VIIRS,n,2.0NRT,292.05,3.03,N
19.15102,95.58135,308.83,0.38,0.44,2026-03-17,1856,N21,VIIRS,n,2.0NRT,292.46,0.93,N
19.15148,95.57773,305.51,0.38,0.44,2026-03-17,1856,N21,VIIRS,n,2.0NRT,292.16,1.08,N
19.1554,95.85725,304.75,0.56,0.43,2026-03-17,1856,N21,VIIRS,n,2.0NRT,292.81,2.65,N
19.17719,96.15453,304.39,0.54,0.42,2026-03-17,1856,N21,VIIRS,n,2.0NRT,293.45,1.2,N
19.17785,96.14941,303.07,0.54,0.42,2026-03-17,1856,N21,VIIRS,n,2.0NRT,292.61,1.2,N
19.18047,95.8203,313.31,0.56,0.43,2026-03-17,1856,N21,VIIRS,n,2.0NRT,294.15,3.13,N
19.18059,95.81769,311.43,0.56,0.43,2026-03-17,1856,N21,VIIRS,n,2.0NRT,293.14,2.53,N
19.18289,96.17085,308.02,0.53,0.42,2026-03-17,1856,N21,VIIRS,n,2.0NRT,294.45,1.63,N
19.18309,95.82893,307.09,0.56,0.43,2026-03-17,1856,N21,VIIRS,n,2.0NRT,293.74,1.63,N
19.18373,95.82617,309.11,0.56,0.43,2026-03-17,1856,N21,VIIRS,n,2.0NRT,294.33,2.15,N
19.18674,96.17129,309.31,0.53,0.42,2026-03-17,1856,N21,VIIRS,n,2.0NRT,293.71,1.63,N
19.19557,95.82524,303.44,0.56,0.43,2026-03-17,1856,N21,VIIRS,n,2.0NRT,292.42,1.23,N
19.22889,95.81664,303.97,0.56,0.43,2026-03-17,1856,N21,VIIRS,n,2.0NRT,292.98,2.43,N
19.23361,96.45999,308.28,0.52,0.41,2026-03-17,1856,N21,VIIRS,n,2.0NRT,294.7,2.67,N
19.2362,95.36388,312.75,0.4,0.44,2026-03-17,1856,N21,VIIRS,n,2.0NRT,294.18,1.2,N
19.23646,96.40875,310.38,0.52,0.41,2026-03-17,1856,N21,VIIRS,n,2.0NRT,294.99,2.19,N
19.23669,95.36009,307.27,0.4,0.44,2026-03-17,1856,N21,VIIRS,n,2.0NRT,293.51,1.2,N
19.24023,96.40945,310.9,0.52,0.41,2026-03-17,1856,N21,VIIRS,n,2.0NRT,294.83,2.19,N
19.28055,95.7583,312.49,0.57,0.43,2026-03-17,1856,N21,VIIRS,n,2.0NRT,293.34,2.77,N
19.32269,97.43784,325.89,0.46,0.39,2026-03-17,1856,N21,VIIRS,n,2.0NRT,293.47,2.77,N
19.32522,95.90665,305.93,0.56,0.43,2026-03-17,1856,N21,VIIRS,n,2.0NRT,293.27,1.06,N
19.3255,97.44405,304.77,0.46,0.39,2026-03-17,1856,N21,VIIRS,n,2.0NRT,291.95,2.77,N
19.32609,96.43224,306.34,0.52,0.41,2026-03-17,1856,N21,VIIRS,n,2.0NRT,292.7,1.06,N
19.32652,96.42922,306.33,0.52,0.41,2026-03-17,1856,N21,VIIRS,n,2.0NRT,292.69,1.1,N
19.33255,95.84978,303.54,0.56,0.43,2026-03-17,1856,N21,VIIRS,n,2.0NRT,293.51,1.43,N
19.3485,95.81923,307.53,0.56,0.43,2026-03-17,1856,N21,VIIRS,n,2.0NRT,290.96,0.56,N
19.35911,95.79918,304.29,0.56,0.43,2026-03-17,1856,N21,VIIRS,n,2.0NRT,293.74,1.6,N
19.36197,95.86934,303.85,0.56,0.43,2026-03-17,1856,N21,VIIRS,n,2.0NRT,293.34,1.49,N
19.36304,95.79971,310.27,0.56,0.43,2026-03-17,1856,N21,VIIRS,n,2.0NRT,294.75,2.62,N
19.36812,95.82224,306.31,0.56,0.43,2026-03-17,1856,N21,VIIRS,n,2.0NRT,294.34,1.37,N
19.3714,95.8278,309.14,0.56,0.43,2026-03-17,1856,N21,VIIRS,n,2.0NRT,293.68,2.23,N
19.37207,95.82273,306.01,0.56,0.43,2026-03-17,1856,N21,VIIRS,n,2.0NRT,294.24,1.37,N
19.37723,94.80717,313.04,0.43,0.46,2026-03-17,1856,N21,VIIRS,n,2.0NRT,292.86,1.44,N
19.39045,96.4136,304.73,0.52,0.42,2026-03-17,1856,N21,VIIRS,n,2.0NRT,293.35,2.5,N
19.39112,96.40861,321.55,0.52,0.42,2026-03-17,1856,N21,VIIRS,n,2.0NRT,295.56,2.5,N
19.39178,96.40364,312.02,0.52,0.42,2026-03-17,1856,N21,VIIRS,n,2.0NRT,293.83,1.66,N
19.40206,95.71655,304.1,0.57,0.43,2026-03-17,1856,N21,VIIRS,n,2.0NRT,291.08,0.98,N
19.40253,94.56725,308.34,0.45,0.47,2026-03-17,1856,N21,VIIRS,n,2.0NRT,293.74,1.2,N
19.40671,95.71186,306.56,0.57,0.43,2026-03-17,1856,N21,VIIRS,n,2.0NRT,291.11,0.97,N
19.40831,95.54401,304.93,0.39,0.44,2026-03-17,1856,N21,VIIRS,n,2.0NRT,294.75,1.03,N
19.40908,95.66297,301.3,0.38,0.43,2026-03-17,1856,N21,VIIRS,n,2.0NRT,289.93,0.4,N
19.42218,94.51314,306.96,0.45,0.47,2026-03-17,1856,N21,VIIRS,n,2.0NRT,294.04,1.86,N
19.43028,96.40229,312.21,0.52,0.42,2026-03-17,1856,N21,VIIRS,n,2.0NRT,295.18,2.37,N
19.43044,96.40425,312.47,0.52,0.42,2026-03-17,1856,N21,VIIRS,n,2.0NRT,294.4,1.95,N
19.43711,94.53313,304.06,0.45,0.47,2026-03-17,1856,N21,VIIRS,n,2.0NRT,293.4,0.91,N
19.44418,96.2737,315.75,0.53,0.42,2026-03-17,1856,N21,VIIRS,n,2.0NRT,292.7,2.57,N
19.459,95.61053,318.59,0.39,0.44,2026-03-17,1856,N21,VIIRS,n,2.0NRT,292.4,2.47,N
19.45946,95.6069,315.04,0.39,0.44,2026-03-17,1856,N21,VIIRS,n,2.0NRT,292.66,1.72,N
19.46344,95.60753,311.55,0.39,0.44,2026-03-17,1856,N21,VIIRS,n,2.0NRT,292.77,2.14,N
19.46743,95.60813,324.1,0.39,0.44,2026-03-17,1856,N21,VIIRS,n,2.0NRT,293.47,2.14,N
19.46831,96.10485,302.55,0.54,0.42,2026-03-17,1856,N21,VIIRS,n,2.0NRT,291.76,0.89,N
19.49114,95.58152,312.96,0.39,0.44,2026-03-17,1856,N21,VIIRS,n,2.0NRT,292.22,1.86,N
19.49579,95.85645,312.71,0.56,0.43,2026-03-17,1856,N21,VIIRS,n,2.0NRT,292.64,1.89,N
19.50172,95.5942,316.88,0.39,0.44,2026-03-17,1856,N21,VIIRS,n,2.0NRT,292.59,1.58,N
19.5022,95.59052,307.91,0.39,0.44,2026-03-17,1856,N21,VIIRS,n,2.0NRT,292.11,1.46,N
19.50223,96.17782,306.17,0.54,0.42,2026-03-17,1856,N21,VIIRS,n,2.0NRT,294.66,1.52,N
19.51334,96.15289,305.42,0.54,0.42,2026-03-17,1856,N21,VIIRS,n,2.0NRT,292.97,0.84,N
19.51413,95.9314,307.65,0.56,0.43,2026-03-17,1856,N21,VIIRS,n,2.0NRT,291.18,1.8,N
19.52315,95.26398,306.92,0.41,0.45,2026-03-17,1856,N21,VIIRS,n,2.0NRT,291.84,0.86,N
19.53185,95.64365,317.43,0.39,0.44,2026-03-17,1856,N21,VIIRS,n,2.0NRT,294.14,2.2,N
19.53234,95.63992,303.6,0.39,0.44,2026-03-17,1856,N21,VIIRS,n,2.0NRT,292.6,1.35,N
19.53412,95.64482,323.34,0.39,0.44,2026-03-17,1856,N21,VIIRS,n,2.0NRT,294.1,1.85,N
19.53459,95.64109,307.01,0.39,0.44,2026-03-17,1856,N21,VIIRS,n,2.0NRT,293.7,2.16,N
19.53583,95.64426,322.25,0.39,0.44,2026-03-17,1856,N21,VIIRS,n,2.0NRT,294.54,2.2,N
19.53613,95.78966,320.06,0.57,0.43,2026-03-17,1856,N21,VIIRS,n,2.0NRT,294.84,3.66,N
19.5381,95.64541,312.17,0.39,0.44,2026-03-17,1856,N21,VIIRS,n,2.0NRT,293.49,1.85,N
19.54024,97.69609,303.13,0.45,0.39,2026-03-17,1856,N21,VIIRS,n,2.0NRT,291.26,0.49,N
19.54871,97.86618,306.71,0.45,0.39,2026-03-17,1856,N21,VIIRS,n,2.0NRT,288.63,1.31,N
19.55209,97.81729,313.62,0.45,0.39,2026-03-17,1856,N21,VIIRS,n,2.0NRT,291.55,1.74,N
19.55217,97.8671,309.02,0.45,0.39,2026-03-17,1856,N21,VIIRS,n,2.0NRT,288.26,1.47,N
19.55497,97.8224,304.25,0.45,0.39,2026-03-17,1856,N21,VIIRS,n,2.0NRT,291.28,1.03,N
19.5556,97.81801,302,0.45,0.39,2026-03-17,1856,N21,VIIRS,n,2.0NRT,291.44,1.74,N
19.55622,97.86388,322.24,0.45,0.39,2026-03-17,1856,N21,VIIRS,n,2.0NRT,287.16,2.56,N
19.5585,97.82298,320.42,0.45,0.39,2026-03-17,1856,N21,VIIRS,n,2.0NRT,291.63,2.25,N
19.56644,97.7927,302.83,0.45,0.39,2026-03-17,1856,N21,VIIRS,n,2.0NRT,292.16,0.71,N
19.56921,94.78932,302.9,0.43,0.46,2026-03-17,1856,N21,VIIRS,n,2.0NRT,289.75,1.47,N
19.57242,94.79809,300.72,0.43,0.46,2026-03-17,1856,N21,VIIRS,n,2.0NRT,289.38,1.19,N
19.57456,94.91919,302.88,0.43,0.46,2026-03-17,1856,N21,VIIRS,n,2.0NRT,291.77,0.77,N
19.61679,97.50427,302.78,0.46,0.39,2026-03-17,1856,N21,VIIRS,n,2.0NRT,291.76,0.95,N
19.62362,96.3159,305.37,0.53,0.42,2026-03-17,1856,N21,VIIRS,n,2.0NRT,294.58,2.74,N
19.62968,97.46345,301.99,0.46,0.39,2026-03-17,1856,N21,VIIRS,n,2.0NRT,290.62,0.64,N
19.64009,96.33878,313.4,0.53,0.42,2026-03-17,1856,N21,VIIRS,n,2.0NRT,295.17,2.54,N
19.66348,94.5146,304.05,0.45,0.47,2026-03-17,1856,N21,VIIRS,n,2.0NRT,293.36,1.02,N
19.66624,94.52748,314.25,0.45,0.47,2026-03-17,1856,N21,VIIRS,n,2.0NRT,294.68,2.45,N
19.66674,94.52345,319.33,0.45,0.47,2026-03-17,1856,N21,VIIRS,n,2.0NRT,294.55,2.45,N
19.66827,94.51118,313.3,0.45,0.47,2026-03-17,1856,N21,VIIRS,n,2.0NRT,293.65,1.42,N
19.66928,96.75507,299.9,0.5,0.41,2026-03-17,1856,N21,VIIRS,n,2.0NRT,286.77,2.74,N
19.6711,94.51134,310.33,0.45,0.47,2026-03-17,1856,N21,VIIRS,n,2.0NRT,293.23,2.43,N
19.67302,96.75557,327.96,0.5,0.41,2026-03-17,1856,N21,VIIRS,n,2.0NRT,288.26,2.74,N
19.67305,94.50781,303.09,0.45,0.47,2026-03-17,1856,N21,VIIRS,n,2.0NRT,292.95,1.42,N
19.67371,96.75046,327.19,0.5,0.41,2026-03-17,1856,N21,VIIRS,n,2.0NRT,288.9,5.34,N
19.67422,97.53955,306.06,0.46,0.39,2026-03-17,1856,N21,VIIRS,n,2.0NRT,291.7,1.04,N
19.67487,94.52824,306.04,0.45,0.47,2026-03-17,1856,N21,VIIRS,n,2.0NRT,293.9,1.32,N
19.67599,97.3396,301.4,0.47,0.4,2026-03-17,1856,N21,VIIRS,n,2.0NRT,289.54,1.46,N
19.67745,96.75099,300.04,0.5,0.41,2026-03-17,1856,N21,VIIRS,n,2.0NRT,287.87,1.19,N
19.71861,97.68539,303.73,0.46,0.39,2026-03-17,1856,N21,VIIRS,n,2.0NRT,291.91,0.5,N
19.74242,95.56017,303.22,0.39,0.44,2026-03-17,1856,N21,VIIRS,n,2.0NRT,292.31,0.53,N
19.75835,95.83483,307.24,0.57,0.43,2026-03-17,1856,N21,VIIRS,n,2.0NRT,291.64,1.48,N
19.7712,95.66911,308.14,0.39,0.44,2026-03-17,1856,N21,VIIRS,n,2.0NRT,292.15,0.99,N
19.80793,97.16521,298.16,0.48,0.4,2026-03-17,1856,N21,VIIRS,n,2.0NRT,287.87,0.34,N
19.81155,95.47774,311.12,0.4,0.44,2026-03-17,1856,N21,VIIRS,n,2.0NRT,293.35,1.07,N
19.84134,96.36395,306.93,0.53,0.42,2026-03-17,1856,N21,VIIRS,n,2.0NRT,293.63,1.9,N
19.84265,94.41531,304.07,0.46,0.47,2026-03-17,1856,N21,VIIRS,n,2.0NRT,289.78,1.06,N
19.87562,94.43343,311.69,0.46,0.47,2026-03-17,1856,N21,VIIRS,n,2.0NRT,292.9,1.46,N
19.87606,94.4298,307.77,0.46,0.47,2026-03-17,1856,N21,VIIRS,n,2.0NRT,292.54,1.46,N
19.87723,96.00012,305.72,0.56,0.43,2026-03-17,1856,N21,VIIRS,n,2.0NRT,291.18,1.41,N
19.88039,94.43034,310.5,0.46,0.47,2026-03-17,1856,N21,VIIRS,n,2.0NRT,291.8,1.46,N
19.90087,95.87948,304.53,0.57,0.43,2026-03-17,1856,N21,VIIRS,n,2.0NRT,292.72,1.72,N
19.90526,94.42275,306.09,0.46,0.47,2026-03-17,1856,N21,VIIRS,n,2.0NRT,289.72,1.08,N
19.90807,94.4199,314.99,0.46,0.47,2026-03-17,1856,N21,VIIRS,n,2.0NRT,291.13,1.62,N
19.90963,94.42292,320.03,0.46,0.47,2026-03-17,1856,N21,VIIRS,n,2.0NRT,291.34,1.08,N
19.91892,97.44453,308.67,0.47,0.4,2026-03-17,1856,N21,VIIRS,n,2.0NRT,291.16,1.28,N
19.92179,97.45034,302.76,0.47,0.4,2026-03-17,1856,N21,VIIRS,n,2.0NRT,290.07,0.88,N
19.92247,96.11676,309.37,0.55,0.43,2026-03-17,1856,N21,VIIRS,n,2.0NRT,294.86,3.74,N
19.93092,96.11265,312.07,0.55,0.43,2026-03-17,1856,N21,VIIRS,n,2.0NRT,295.37,3.42,N
19.93389,96.24303,305.37,0.54,0.42,2026-03-17,1856,N21,VIIRS,n,2.0NRT,291.08,0.89,N
19.96637,96.32438,306.24,0.54,0.42,2026-03-17,1856,N21,VIIRS,n,2.0NRT,292.53,1.66,N
19.99114,95.82865,304.4,0.57,0.43,2026-03-17,1856,N21,VIIRS,n,2.0NRT,293.45,1.77,N
19.99185,95.8231,304.22,0.57,0.43,2026-03-17,1856,N21,VIIRS,n,2.0NRT,292.38,0.98,N
19.99213,96.38663,309.26,0.53,0.42,2026-03-17,1856,N21,VIIRS,n,2.0NRT,290.77,1.51,N
20.0164,97.5756,304.24,0.46,0.39,2026-03-17,1856,N21,VIIRS,n,2.0NRT,289.92,0.6,N
20.03983,94.34257,308.96,0.47,0.48,2026-03-17,1856,N21,VIIRS,n,2.0NRT,292.89,1.08,N
20.0403,94.33857,301.83,0.47,0.48,2026-03-17,1856,N21,VIIRS,n,2.0NRT,290.89,1.08,N
20.0582,97.68721,309.06,0.46,0.39,2026-03-17,1856,N21,VIIRS,n,2.0NRT,290.61,0.87,N
20.05884,97.6825,303.9,0.46,0.39,2026-03-17,1856,N21,VIIRS,n,2.0NRT,291.28,0.87,N
20.06161,96.12196,308.83,0.55,0.43,2026-03-17,1856,N21,VIIRS,n,2.0NRT,294.16,1.56,N
20.07138,96.1385,331.51,0.55,0.43,2026-03-17,1856,N21,VIIRS,n,2.0NRT,293,4.74,N
20.07773,95.80639,313.94,0.38,0.43,2026-03-17,1856,N21,VIIRS,n,2.0NRT,293.53,1.28,N
20.08126,95.81046,306.79,0.38,0.43,2026-03-17,1856,N21,VIIRS,n,2.0NRT,293.82,1.27,N
20.08171,95.80694,305.14,0.38,0.43,2026-03-17,1856,N21,VIIRS,n,2.0NRT,293.99,1.28,N
20.0847,97.43927,300.99,0.47,0.4,2026-03-17,1856,N21,VIIRS,n,2.0NRT,289.11,0.89,N
20.08524,95.81103,305.64,0.38,0.43,2026-03-17,1856,N21,VIIRS,n,2.0NRT,293.29,1.21,N
20.08568,95.80752,310.52,0.38,0.43,2026-03-17,1856,N21,VIIRS,n,2.0NRT,293.86,1.27,N
20.08965,95.80807,306.23,0.38,0.43,2026-03-17,1856,N21,VIIRS,n,2.0NRT,294.04,1.27,N
20.09407,95.80509,306.71,0.38,0.43,2026-03-17,1856,N21,VIIRS,n,2.0NRT,292.89,1.43,N
20.0951,94.85569,306.2,0.44,0.46,2026-03-17,1856,N21,VIIRS,n,2.0NRT,293.56,0.9,N
20.09829,97.68774,301.91,0.46,0.39,2026-03-17,1856,N21,VIIRS,n,2.0NRT,290.3,0.77,N
20.10375,97.93272,305.42,0.45,0.39,2026-03-17,1856,N21,VIIRS,n,2.0NRT,291.41,0.92,N
20.10825,97.12477,309.34,0.49,0.4,2026-03-17,1856,N21,VIIRS,n,2.0NRT,290.47,1.63,N
20.11057,94.3074,304.71,0.47,0.48,2026-03-17,1856,N21,VIIRS,n,2.0NRT,293.37,1.42,N
20.11486,94.30865,304.7,0.47,0.48,2026-03-17,1856,N21,VIIRS,n,2.0NRT,293.26,0.86,N
20.11607,95.97863,305.05,0.56,0.43,2026-03-17,1856,N21,VIIRS,n,2.0NRT,292.72,1.49,N
20.14487,97.94869,307.17,0.45,0.39,2026-03-17,1856,N21,VIIRS,n,2.0NRT,291.32,1.29,N
20.14776,97.95377,304.13,0.45,0.39,2026-03-17,1856,N21,VIIRS,n,2.0NRT,291.85,1.4,N
20.14904,97.94468,302.93,0.45,0.39,2026-03-17,1856,N21,VIIRS,n,2.0NRT,291.45,0.63,N
20.1695,97.66556,300.03,0.46,0.39,2026-03-17,1856,N21,VIIRS,n,2.0NRT,289.42,0.67,N
20.18913,94.93396,307.04,0.43,0.46,2026-03-17,1856,N21,VIIRS,n,2.0NRT,293.92,0.81,N
20.19643,96.03716,307.55,0.56,0.43,2026-03-17,1856,N21,VIIRS,n,2.0NRT,293.37,1.77,N
20.21884,96.01852,305.62,0.56,0.43,2026-03-17,1856,N21,VIIRS,n,2.0NRT,293.22,2.16,N
20.26035,95.72913,306.77,0.39,0.44,2026-03-17,1856,N21,VIIRS,n,2.0NRT,292.41,0.79,N
20.27747,97.66896,303.78,0.46,0.39,2026-03-17,1856,N21,VIIRS,n,2.0NRT,290.05,0.66,N
20.28108,97.77543,301.81,0.46,0.39,2026-03-17,1856,N21,VIIRS,n,2.0NRT,290.05,1.2,N
20.28442,94.2794,304.78,0.48,0.48,2026-03-17,1856,N21,VIIRS,n,2.0NRT,294.33,0.49,N
20.28471,97.12004,308.97,0.49,0.4,2026-03-17,1856,N21,VIIRS,n,2.0NRT,287.83,1.41,N
20.28637,97.65746,304.1,0.46,0.39,2026-03-17,1856,N21,VIIRS,n,2.0NRT,290.56,1.04,N
20.28695,97.65327,306.41,0.46,0.39,2026-03-17,1856,N21,VIIRS,n,2.0NRT,290.65,1.04,N
20.28845,94.28303,306.99,0.48,0.48,2026-03-17,1856,N21,VIIRS,n,2.0NRT,294.81,1.33,N
20.2889,94.27923,306.71,0.48,0.48,2026-03-17,1856,N21,VIIRS,n,2.0NRT,294.38,1.3,N
20.33395,97.8878,303.74,0.45,0.39,2026-03-17,1856,N21,VIIRS,n,2.0NRT,291.27,0.77,N
20.33702,97.94453,300.91,0.45,0.39,2026-03-17,1856,N21,VIIRS,n,2.0NRT,290.36,0.52,N
20.33805,97.88435,306.67,0.45,0.39,2026-03-17,1856,N21,VIIRS,n,2.0NRT,291.43,1.21,N
20.34916,94.22231,304.79,0.48,0.48,2026-03-17,1856,N21,VIIRS,n,2.0NRT,293.96,0.94,N
20.35869,96.30019,304.84,0.54,0.42,2026-03-17,1856,N21,VIIRS,n,2.0NRT,292.93,1.17,N
20.36065,94.16056,305.12,0.49,0.48,2026-03-17,1856,N21,VIIRS,n,2.0NRT,292.98,1.82,N
20.36115,94.15625,305.01,0.49,0.48,2026-03-17,1856,N21,VIIRS,n,2.0NRT,293.24,1.67,N
20.36413,94.16958,309.28,0.49,0.48,2026-03-17,1856,N21,VIIRS,n,2.0NRT,293.05,1.63,N
20.36465,94.17051,306.38,0.49,0.48,2026-03-17,1856,N21,VIIRS,n,2.0NRT,293.09,1.29,N
20.36882,97.95,307.59,0.45,0.39,2026-03-17,1856,N21,VIIRS,n,2.0NRT,290.65,1.37,N
20.41343,96.36279,302.24,0.54,0.42,2026-03-17,1856,N21,VIIRS,n,2.0NRT,291.42,0.82,N
20.41505,96.36639,302.6,0.54,0.42,2026-03-17,1856,N21,VIIRS,n,2.0NRT,289.89,0.97,N
20.43109,96.36377,300.54,0.54,0.42,2026-03-17,1856,N21,VIIRS,n,2.0NRT,289.79,0.68,N
20.54637,97.01043,304.2,0.5,0.41,2026-03-17,1856,N21,VIIRS,n,2.0NRT,285.11,1.26,N
20.54881,97.00797,299.91,0.5,0.41,2026-03-17,1856,N21,VIIRS,n,2.0NRT,285.29,0.69,N
20.57836,96.33324,303.73,0.54,0.42,2026-03-17,1856,N21,VIIRS,n,2.0NRT,291.83,0.92,N
20.59571,94.41137,310.78,0.47,0.48,2026-03-17,1856,N21,VIIRS,n,2.0NRT,295.86,2.35,N
20.60023,94.06048,302.91,0.5,0.49,2026-03-17,1856,N21,VIIRS,n,2.0NRT,292.59,0.76,N
20.60071,94.05625,302.99,0.5,0.49,2026-03-17,1856,N21,VIIRS,n,2.0NRT,292.59,0.76,N
20.60462,94.06186,304.73,0.5,0.49,2026-03-17,1856,N21,VIIRS,n,2.0NRT,292.59,0.76,N
20.60709,96.41473,310.55,0.54,0.42,2026-03-17,1856,N21,VIIRS,n,2.0NRT,292.94,1.81,N
20.61025,96.42052,313.25,0.54,0.42,2026-03-17,1856,N21,VIIRS,n,2.0NRT,293.08,1.95,N
20.61097,96.4151,313.81,0.54,0.42,2026-03-17,1856,N21,VIIRS,n,2.0NRT,293.73,1.95,N
20.61484,96.41554,307.87,0.54,0.42,2026-03-17,1856,N21,VIIRS,n,2.0NRT,293.49,1.95,N
20.61851,96.43422,303.66,0.54,0.42,2026-03-17,1856,N21,VIIRS,n,2.0NRT,293.33,1.29,N
20.61964,95.88309,328.97,0.39,0.44,2026-03-17,1856,N21,VIIRS,n,2.0NRT,294.69,2.56,N
20.61969,96.43807,305.88,0.54,0.42,2026-03-17,1856,N21,VIIRS,n,2.0NRT,293.04,1.58,N
20.62165,96.44039,313.03,0.54,0.42,2026-03-17,1856,N21,VIIRS,n,2.0NRT,293.04,2.05,N
20.62351,96.4388,314.23,0.54,0.42,2026-03-17,1856,N21,VIIRS,n,2.0NRT,293.48,3.18,N
20.62363,95.88364,333.8,0.39,0.44,2026-03-17,1856,N21,VIIRS,n,2.0NRT,294.75,3.51,N
20.62549,96.44102,310.94,0.54,0.42,2026-03-17,1856,N21,VIIRS,n,2.0NRT,292.51,2.05,N
20.73435,94.06548,303.2,0.5,0.49,2026-03-17,1856,N21,VIIRS,n,2.0NRT,292.96,0.89,N
20.77407,94.11491,309.47,0.5,0.49,2026-03-17,1856,N21,VIIRS,n,2.0NRT,293.6,1.49,N
20.78928,95.38345,304.74,0.41,0.45,2026-03-17,1856,N21,VIIRS,n,2.0NRT,292.12,0.7,N
20.79888,93.9425,310.6,0.51,0.49,2026-03-17,1856,N21,VIIRS,n,2.0NRT,292,2.7,N
20.79938,93.93822,303.06,0.51,0.49,2026-03-17,1856,N21,VIIRS,n,2.0NRT,291.15,1.26,N
20.81489,93.88445,304.39,0.52,0.5,2026-03-17,1856,N21,VIIRS,n,2.0NRT,290.55,1.45,N
20.83979,94.0011,304.06,0.51,0.49,2026-03-17,1856,N21,VIIRS,n,2.0NRT,291.9,1.29,N
20.85054,96.49337,311.3,0.54,0.42,2026-03-17,1856,N21,VIIRS,n,2.0NRT,289.65,1.86,N
20.85276,94.04762,308.46,0.5,0.49,2026-03-17,1856,N21,VIIRS,n,2.0NRT,293.53,2.23,N
20.85658,94.05409,306,0.5,0.49,2026-03-17,1856,N21,VIIRS,n,2.0NRT,292.61,2.43,N
20.85837,94.03854,307.4,0.5,0.49,2026-03-17,1856,N21,VIIRS,n,2.0NRT,293.32,1.25,N
20.85998,96.35681,317.75,0.55,0.42,2026-03-17,1856,N21,VIIRS,n,2.0NRT,293.16,3.64,N
20.87882,96.30163,305.25,0.55,0.43,2026-03-17,1856,N21,VIIRS,n,2.0NRT,291.69,2.51,N
20.88297,94.10137,303.87,0.5,0.49,2026-03-17,1856,N21,VIIRS,n,2.0NRT,293.14,1.9,N
20.89618,94.13042,307.73,0.5,0.49,2026-03-17,1856,N21,VIIRS,n,2.0NRT,293.33,1.51,N
20.89742,94.13295,303.83,0.5,0.49,2026-03-17,1856,N21,VIIRS,n,2.0NRT,293.28,1.51,N
20.92274,95.27528,303.15,0.42,0.45,2026-03-17,1856,N21,VIIRS,n,2.0NRT,292.69,0.79,N
20.94585,96.42561,301.94,0.54,0.42,2026-03-17,1856,N21,VIIRS,n,2.0NRT,290.13,0.59,N
20.9471,96.42773,304.19,0.54,0.42,2026-03-17,1856,N21,VIIRS,n,2.0NRT,290.59,0.79,N
20.94971,96.42622,301.2,0.54,0.42,2026-03-17,1856,N21,VIIRS,n,2.0NRT,289.99,0.72,N
20.95163,96.42306,305.81,0.54,0.42,2026-03-17,1856,N21,VIIRS,n,2.0NRT,290.48,0.68,N
20.95822,94.5235,310.59,0.47,0.48,2026-03-17,1856,N21,VIIRS,n,2.0NRT,293.75,2.08,N
20.95932,94.52304,305.65,0.47,0.48,2026-03-17,1856,N21,VIIRS,n,2.0NRT,293.47,1.56,N
20.96002,96.41901,301.13,0.54,0.42,2026-03-17,1856,N21,VIIRS,n,2.0NRT,289.86,0.6,N
20.9653,95.20449,303.58,0.43,0.46,2026-03-17,1856,N21,VIIRS,n,2.0NRT,292.88,1.17,N
20.98161,94.13807,301.32,0.5,0.49,2026-03-17,1856,N21,VIIRS,n,2.0NRT,290.52,0.49,N
20.99882,94.2925,303.35,0.49,0.48,2026-03-17,1856,N21,VIIRS,n,2.0NRT,291.03,1.12,N
20.99936,94.29338,300.85,0.49,0.48,2026-03-17,1856,N21,VIIRS,n,2.0NRT,290.56,0.64,N
20.99948,96.29485,306.1,0.55,0.43,2026-03-17,1856,N21,VIIRS,n,2.0NRT,292.32,1.55,N
21.15962,94.10104,300.41,0.5,0.49,2026-03-17,1856,N21,VIIRS,n,2.0NRT,290.25,1.51,N
21.19908,95.24078,307.99,0.43,0.46,2026-03-17,1856,N21,VIIRS,n,2.0NRT,292.75,1.44,N
21.20173,95.24113,308.62,0.43,0.46,2026-03-17,1856,N21,VIIRS,n,2.0NRT,292.92,1.52,N
21.23324,96.24855,305.52,0.56,0.43,2026-03-17,1856,N21,VIIRS,n,2.0NRT,295.18,2.76,N
21.26781,96.29047,310.42,0.56,0.43,2026-03-17,1856,N21,VIIRS,n,2.0NRT,293.88,1.67,N
21.269,96.37276,304.18,0.55,0.43,2026-03-17,1856,N21,VIIRS,n,2.0NRT,289.67,1.43,N
21.26971,96.37493,299.66,0.55,0.43,2026-03-17,1856,N21,VIIRS,n,2.0NRT,289.36,1.08,N
21.28845,94.07195,304.34,0.51,0.49,2026-03-17,1856,N21,VIIRS,n,2.0NRT,292.51,2.53,N
21.29276,96.98276,305.95,0.51,0.41,2026-03-17,1856,N21,VIIRS,n,2.0NRT,289.69,1.67,N
21.31711,93.86011,298.96,0.53,0.5,2026-03-17,1856,N21,VIIRS,n,2.0NRT,284.49,0.94,N
21.35302,96.58715,303.74,0.54,0.42,2026-03-17,1856,N21,VIIRS,n,2.0NRT,290.56,1.27,N
21.35388,96.62802,317.96,0.54,0.42,2026-03-17,1856,N21,VIIRS,n,2.0NRT,291.81,3.54,N
21.35467,96.59051,304,0.54,0.42,2026-03-17,1856,N21,VIIRS,n,2.0NRT,290.44,1.32,N
21.35518,96.63003,317.21,0.54,0.42,2026-03-17,1856,N21,VIIRS,n,2.0NRT,291.71,3.02,N
21.36339,97.00534,305.29,0.51,0.41,2026-03-17,1856,N21,VIIRS,n,2.0NRT,291.29,1.57,N
21.38102,97.01702,298.62,0.51,0.41,2026-03-17,1856,N21,VIIRS,n,2.0NRT,285.92,0.63,N
21.40669,96.64345,304.63,0.54,0.42,2026-03-17,1856,N21,VIIRS,n,2.0NRT,291.04,1.24,N
21.40736,97.0207,301.35,0.51,0.41,2026-03-17,1856,N21,VIIRS,n,2.0NRT,285.77,0.48,N
21.40739,96.63801,302.67,0.54,0.42,2026-03-17,1856,N21,VIIRS,n,2.0NRT,290.61,0.48,N
21.408,97.01588,301.04,0.51,0.41,2026-03-17,1856,N21,VIIRS,n,2.0NRT,286.67,0.89,N
21.40864,97.01792,313.47,0.51,0.41,2026-03-17,1856,N21,VIIRS,n,2.0NRT,287.25,2.17,N
21.42206,96.64561,306.31,0.54,0.42,2026-03-17,1856,N21,VIIRS,n,2.0NRT,290.7,1.14,N
21.42513,94.05685,304.74,0.51,0.49,2026-03-17,1856,N21,VIIRS,n,2.0NRT,292.39,1.33,N
21.42516,96.65188,302.16,0.53,0.42,2026-03-17,1856,N21,VIIRS,n,2.0NRT,291.2,1.14,N
21.43438,96.5202,315.1,0.54,0.42,2026-03-17,1856,N21,VIIRS,n,2.0NRT,291.69,2.74,N
21.43746,96.70699,302.5,0.53,0.42,2026-03-17,1856,N21,VIIRS,n,2.0NRT,291,1.36,N
21.44124,96.70788,309.23,0.53,0.42,2026-03-17,1856,N21,VIIRS,n,2.0NRT,290.88,1.36,N
21.47275,96.96744,301.83,0.52,0.41,2026-03-17,1856,N21,VIIRS,n,2.0NRT,290.33,1.31,N
21.47653,96.96799,300.48,0.52,0.41,2026-03-17,1856,N21,VIIRS,n,2.0NRT,290.14,1.31,N
21.47711,94.09872,299.87,0.51,0.49,2026-03-17,1856,N21,VIIRS,n,2.0NRT,286.83,0.57,N
21.47965,94.15739,297.63,0.5,0.49,2026-03-17,1856,N21,VIIRS,n,2.0NRT,287.25,0.45,N
21.48826,96.34903,309.5,0.56,0.43,2026-03-17,1856,N21,VIIRS,n,2.0NRT,292.67,2.26,N
21.4885,96.35045,302.88,0.56,0.43,2026-03-17,1856,N21,VIIRS,n,2.0NRT,292.28,1.15,N
21.48909,96.34563,308.23,0.56,0.43,2026-03-17,1856,N21,VIIRS,n,2.0NRT,292.84,1.89,N
21.50107,94.24888,298.46,0.5,0.49,2026-03-17,1856,N21,VIIRS,n,2.0NRT,287.67,1.06,N
21.50605,94.24506,297,0.5,0.49,2026-03-17,1856,N21,VIIRS,n,2.0NRT,285.56,0.93,N
21.52046,96.83926,300.39,0.52,0.42,2026-03-17,1856,N21,VIIRS,n,2.0NRT,290.19,0.75,N
21.52428,96.8397,301.54,0.52,0.42,2026-03-17,1856,N21,VIIRS,n,2.0NRT,290.63,0.75,N
21.53032,96.5534,309.31,0.54,0.42,2026-03-17,1856,N21,VIIRS,n,2.0NRT,290.88,1.32,N
21.53092,96.54877,302.24,0.54,0.42,2026-03-17,1856,N21,VIIRS,n,2.0NRT,291.21,1.07,N
21.54162,97.23695,302.49,0.5,0.41,2026-03-17,1856,N21,VIIRS,n,2.0NRT,287.01,0.93,N
21.54968,96.84953,306.47,0.52,0.42,2026-03-17,1856,N21,VIIRS,n,2.0NRT,289.96,0.91,N
21.55452,96.57932,308.24,0.54,0.42,2026-03-17,1856,N21,VIIRS,n,2.0NRT,291.74,2.16,N
21.56148,96.52597,306.61,0.55,0.42,2026-03-17,1856,N21,VIIRS,n,2.0NRT,290.85,1.47,N
21.56281,94.21057,298.93,0.5,0.49,2026-03-17,1856,N21,VIIRS,n,2.0NRT,288.53,1.2,N
21.56473,96.50085,302.48,0.55,0.42,2026-03-17,1856,N21,VIIRS,n,2.0NRT,291.03,1.49,N
21.56503,94.19073,308.51,0.5,0.49,2026-03-17,1856,N21,VIIRS,n,2.0NRT,290.6,0.84,N
21.56612,94.22166,300.58,0.5,0.49,2026-03-17,1856,N21,VIIRS,n,2.0NRT,290.37,1.15,N
21.56787,96.50702,301.98,0.55,0.42,2026-03-17,1856,N21,VIIRS,n,2.0NRT,291.02,1.36,N
21.56998,94.22785,309.2,0.5,0.49,2026-03-17,1856,N21,VIIRS,n,2.0NRT,292.57,1.86,N
21.57171,96.50787,307.82,0.55,0.42,2026-03-17,1856,N21,VIIRS,n,2.0NRT,290.46,1.45,N
21.57244,96.50229,305.03,0.55,0.42,2026-03-17,1856,N21,VIIRS,n,2.0NRT,291.44,1.83,N
21.57318,96.49664,311.6,0.55,0.43,2026-03-17,1856,N21,VIIRS,n,2.0NRT,291.42,1.83,N
21.57415,96.51946,305.42,0.55,0.42,2026-03-17,1856,N21,VIIRS,n,2.0NRT,289.73,1.09,N
21.57551,96.67639,301.64,0.54,0.42,2026-03-17,1856,N21,VIIRS,n,2.0NRT,290.33,0.76,N
21.58185,96.6881,302.25,0.53,0.42,2026-03-17,1856,N21,VIIRS,n,2.0NRT,290.46,1.8,N
21.58716,96.64611,306.35,0.54,0.42,2026-03-17,1856,N21,VIIRS,n,2.0NRT,290.64,1.56,N
21.58915,97.02139,296.46,0.51,0.41,2026-03-17,1856,N21,VIIRS,n,2.0NRT,286.31,0.78,N
21.60741,96.51684,302.55,0.55,0.42,2026-03-17,1856,N21,VIIRS,n,2.0NRT,292.4,0.97,N
21.63093,96.58013,300.38,0.54,0.42,2026-03-17,1856,N21,VIIRS,n,2.0NRT,289.02,1.78,N
21.63158,96.57507,314.73,0.54,0.42,2026-03-17,1856,N21,VIIRS,n,2.0NRT,290.76,1.78,N
21.6497,94.27042,304.55,0.5,0.49,2026-03-17,1856,N21,VIIRS,n,2.0NRT,292.54,0.97,N
21.65468,94.3475,300.72,0.49,0.49,2026-03-17,1856,N21,VIIRS,n,2.0NRT,287.32,0.42,N
21.65598,97.27686,311.56,0.5,0.41,2026-03-17,1856,N21,VIIRS,n,2.0NRT,286.91,1.56,N
21.68758,97.2674,305.71,0.5,0.41,2026-03-17,1856,N21,VIIRS,n,2.0NRT,289.21,1.57,N
21.68986,94.15576,301.02,0.51,0.49,2026-03-17,1856,N21,VIIRS,n,2.0NRT,290.38,1.22,N
21.69106,94.26632,307.28,0.5,0.49,2026-03-17,1856,N21,VIIRS,n,2.0NRT,291.95,2.23,N
21.71528,97.1552,300.48,0.51,0.41,2026-03-17,1856,N21,VIIRS,n,2.0NRT,289.05,1.2,N
21.71855,97.17867,308.42,0.51,0.41,2026-03-17,1856,N21,VIIRS,n,2.0NRT,291.08,2.69,N
21.71863,94.30316,302.23,0.5,0.49,2026-03-17,1856,N21,VIIRS,n,2.0NRT,290.8,1.78,N
21.71893,97.24515,303.1,0.5,0.41,2026-03-17,1856,N21,VIIRS,n,2.0NRT,289.55,0.76,N
21.71959,97.18111,318.32,0.51,0.41,2026-03-17,1856,N21,VIIRS,n,2.0NRT,291.91,2.68,N
21.72023,97.1761,305.05,0.51,0.41,2026-03-17,1856,N21,VIIRS,n,2.0NRT,289.18,2.68,N
21.73145,94.4196,313.04,0.49,0.49,2026-03-17,1856,N21,VIIRS,n,2.0NRT,292.27,1.35,N
21.73236,94.41766,310.48,0.49,0.49,2026-03-17,1856,N21,VIIRS,n,2.0NRT,291.93,3.03,N
21.73256,96.66117,305.44,0.54,0.42,2026-03-17,1856,N21,VIIRS,n,2.0NRT,291.89,1.07,N
21.73303,93.2708,301.85,0.58,0.52,2026-03-17,1856,N21,VIIRS,n,2.0NRT,288.7,1.48,N
21.73393,97.18811,312.99,0.51,0.41,2026-03-17,1856,N21,VIIRS,n,2.0NRT,286.79,1.95,N
21.73435,94.43396,302.52,0.49,0.48,2026-03-17,1856,N21,VIIRS,n,2.0NRT,290.04,0.73,N
21.73517,94.43196,300.73,0.49,0.48,2026-03-17,1856,N21,VIIRS,n,2.0NRT,290.22,0.89,N
21.7359,94.42007,302.73,0.49,0.49,2026-03-17,1856,N21,VIIRS,n,2.0NRT,290.85,1.35,N
21.73879,94.43452,299.49,0.49,0.48,2026-03-17,1856,N21,VIIRS,n,2.0NRT,288.49,0.57,N
21.74589,94.28922,303.15,0.5,0.49,2026-03-17,1856,N21,VIIRS,n,2.0NRT,291.28,1.62,N
21.74775,94.28725,301.7,0.5,0.49,2026-03-17,1856,N21,VIIRS,n,2.0NRT,290.74,1.4,N
21.75113,94.29714,299.05,0.5,0.49,2026-03-17,1856,N21,VIIRS,n,2.0NRT,284.57,0.29,N
21.75437,94.29467,300.03,0.5,0.49,2026-03-17,1856,N21,VIIRS,n,2.0NRT,289.04,1.61,N
21.75491,97.26048,299.28,0.5,0.41,2026-03-17,1856,N21,VIIRS,n,2.0NRT,288.98,0.78,N
21.7638,94.29157,308.55,0.5,0.49,2026-03-17,1856,N21,VIIRS,n,2.0NRT,293.06,2.2,N
21.77369,96.55603,302.01,0.55,0.42,2026-03-17,1856,N21,VIIRS,n,2.0NRT,290.52,0.57,N
21.77439,96.55064,301.69,0.55,0.42,2026-03-17,1856,N21,VIIRS,n,2.0NRT,290.46,0.57,N
21.77992,96.61172,302.68,0.54,0.42,2026-03-17,1856,N21,VIIRS,n,2.0NRT,291.41,0.67,N
21.78818,96.64027,302.85,0.54,0.42,2026-03-17,1856,N21,VIIRS,n,2.0NRT,291.55,0.74,N
21.79557,94.37152,301.97,0.49,0.49,2026-03-17,1856,N21,VIIRS,n,2.0NRT,290.48,0.89,N
21.79997,94.37253,302.99,0.49,0.49,2026-03-17,1856,N21,VIIRS,n,2.0NRT,290.44,1,N
21.80156,93.70079,302.72,0.55,0.51,2026-03-17,1856,N21,VIIRS,n,2.0NRT,289.02,1.27,N
21.80478,93.70216,306.06,0.55,0.51,2026-03-17,1856,N21,VIIRS,n,2.0NRT,289.93,2.22,N
21.80683,97.09864,298.26,0.51,0.41,2026-03-17,1856,N21,VIIRS,n,2.0NRT,286.73,0.45,N
21.80689,96.26711,315.78,0.57,0.43,2026-03-17,1856,N21,VIIRS,n,2.0NRT,292.5,2.61,N
21.81775,96.65511,308.04,0.54,0.42,2026-03-17,1856,N21,VIIRS,n,2.0NRT,291.11,1.47,N
21.83529,97.92183,314.71,0.47,0.39,2026-03-17,1856,N21,VIIRS,n,2.0NRT,282.44,1.83,N
21.8456,97.13148,305.75,0.51,0.41,2026-03-17,1856,N21,VIIRS,n,2.0NRT,285.81,1.27,N
21.84879,97.07674,309.45,0.51,0.41,2026-03-17,1856,N21,VIIRS,n,2.0NRT,287.77,1.77,N
21.8494,97.07199,311.64,0.51,0.41,2026-03-17,1856,N21,VIIRS,n,2.0NRT,288.18,1.77,N
21.86669,97.20454,298.12,0.51,0.41,2026-03-17,1856,N21,VIIRS,n,2.0NRT,287.14,0.68,N
21.87204,97.0752,299.33,0.51,0.41,2026-03-17,1856,N21,VIIRS,n,2.0NRT,287,0.94,N
21.87314,97.85899,297.3,0.47,0.4,2026-03-17,1856,N21,VIIRS,n,2.0NRT,282.98,0.59,N
21.88353,94.61695,301.54,0.48,0.48,2026-03-17,1856,N21,VIIRS,n,2.0NRT,287.84,0.75,N
21.90084,97.23468,300.46,0.5,0.41,2026-03-17,1856,N21,VIIRS,n,2.0NRT,288.17,0.85,N
21.91647,94.37134,301.46,0.5,0.49,2026-03-17,1856,N21,VIIRS,n,2.0NRT,289.35,1.7,N
21.9208,94.17341,299.96,0.51,0.49,2026-03-17,1856,N21,VIIRS,n,2.0NRT,288.71,0.83,N
21.92573,94.33035,298.06,0.5,0.49,2026-03-17,1856,N21,VIIRS,n,2.0NRT,287.3,0.62,N
21.92619,94.32629,300.6,0.5,0.49,2026-03-17,1856,N21,VIIRS,n,2.0NRT,290.22,0.62,N
21.93238,97.05492,303.3,0.52,0.41,2026-03-17,1856,N21,VIIRS,n,2.0NRT,290.66,1.08,N
21.93956,93.83749,302.94,0.54,0.51,2026-03-17,1856,N21,VIIRS,n,2.0NRT,290.7,2.28,N
21.9397,96.91147,302.15,0.52,0.42,2026-03-17,1856,N21,VIIRS,n,2.0NRT,291.65,1.27,N
21.9406,93.82804,302.21,0.54,0.51,2026-03-17,1856,N21,VIIRS,n,2.0NRT,290.7,1.79,N
21.94757,96.32181,317.9,0.57,0.43,2026-03-17,1856,N21,VIIRS,n,2.0NRT,292.79,3.04,N
21.94991,97.45115,302.09,0.49,0.4,2026-03-17,1856,N21,VIIRS,n,2.0NRT,289.98,0.77,N
21.95046,96.88856,311.66,0.53,0.42,2026-03-17,1856,N21,VIIRS,n,2.0NRT,291.48,1.76,N
21.95377,96.893,310.86,0.53,0.42,2026-03-17,1856,N21,VIIRS,n,2.0NRT,292.4,2.39,N
21.95437,96.88839,302.65,0.53,0.42,2026-03-17,1856,N21,VIIRS,n,2.0NRT,291.43,1.52,N
21.95875,94.42725,305.68,0.49,0.49,2026-03-17,1856,N21,VIIRS,n,2.0NRT,292.46,1.85,N
21.97142,93.80411,338.05,0.54,0.51,2026-03-17,1856,N21,VIIRS,n,2.0NRT,293.76,20.17,N
21.97908,93.77744,299.67,0.54,0.51,2026-03-17,1856,N21,VIIRS,n,2.0NRT,288.75,1.97,N
21.98809,96.25455,303.36,0.57,0.43,2026-03-17,1856,N21,VIIRS,n,2.0NRT,290.15,1.21,N
21.99088,97.05131,302,0.52,0.41,2026-03-17,1856,N21,VIIRS,n,2.0NRT,290.3,2.19,N
21.99298,97.18235,301.36,0.51,0.41,2026-03-17,1856,N21,VIIRS,n,2.0NRT,287.88,0.74,N
21.99456,95.97019,338.18,0.4,0.44,2026-03-17,1856,N21,VIIRS,n,2.0NRT,296.2,8,N
21.99919,96.66614,312.78,0.54,0.42,2026-03-17,1856,N21,VIIRS,n,2.0NRT,291.68,1.43,N
22.00048,96.66908,312.6,0.54,0.42,2026-03-17,1856,N21,VIIRS,n,2.0NRT,291.72,1.84,N
22.0011,96.66416,302.66,0.54,0.42,2026-03-17,1856,N21,VIIRS,n,2.0NRT,291.41,1.46,N
22.00309,96.66641,306.38,0.54,0.42,2026-03-17,1856,N21,VIIRS,n,2.0NRT,291.06,1.43,N
22.01863,96.68123,319.44,0.54,0.42,2026-03-17,1856,N21,VIIRS,n,2.0NRT,291.57,3.73,N
22.02123,93.94315,299.71,0.53,0.5,2026-03-17,1856,N21,VIIRS,n,2.0NRT,289.56,0.46,N
22.0223,94.34579,302.06,0.5,0.49,2026-03-17,1856,N21,VIIRS,n,2.0NRT,289.45,1.84,N
22.02797,94.45367,296.34,0.49,0.49,2026-03-17,1856,N21,VIIRS,n,2.0NRT,284.71,0.33,N
22.02896,96.69292,304.33,0.54,0.42,2026-03-17,1856,N21,VIIRS,n,2.0NRT,290.71,1.22,N
22.0296,96.68786,314.9,0.54,0.42,2026-03-17,1856,N21,VIIRS,n,2.0NRT,291.1,2.8,N
22.03973,97.11874,300.55,0.51,0.41,2026-03-17,1856,N21,VIIRS,n,2.0NRT,290.09,0.79,N
22.04367,96.67002,309.48,0.54,0.42,2026-03-17,1856,N21,VIIRS,n,2.0NRT,291.75,1.9,N
22.04572,96.71572,313.89,0.54,0.42,2026-03-17,1856,N21,VIIRS,n,2.0NRT,290.38,1.86,N
22.04825,97.17725,298.98,0.51,0.41,2026-03-17,1856,N21,VIIRS,n,2.0NRT,288.63,1.43,N
22.05324,96.65675,308.4,0.54,0.42,2026-03-17,1856,N21,VIIRS,n,2.0NRT,291.18,2.11,N
22.05902,96.6423,303.55,0.55,0.42,2026-03-17,1856,N21,VIIRS,n,2.0NRT,287.71,0.94,N
22.06348,96.48192,299.06,0.56,0.43,2026-03-17,1856,N21,VIIRS,n,2.0NRT,287.94,1.15,N
22.0669,96.67319,313.02,0.54,0.42,2026-03-17,1856,N21,VIIRS,n,2.0NRT,290.44,2.45,N
22.0758,97.20097,301.02,0.51,0.41,2026-03-17,1856,N21,VIIRS,n,2.0NRT,287.57,0.95,N
22.08411,97.10717,298.05,0.51,0.41,2026-03-17,1856,N21,VIIRS,n,2.0NRT,287.46,0.93,N
22.09029,96.39584,314.28,0.56,0.43,2026-03-17,1856,N21,VIIRS,n,2.0NRT,291.45,3.24,N
22.09492,96.6395,304.52,0.55,0.42,2026-03-17,1856,N21,VIIRS,n,2.0NRT,290.04,1.51,N
22.11671,96.63457,327.81,0.55,0.42,2026-03-17,1856,N21,VIIRS,n,2.0NRT,288.67,7.32,N
22.15475,96.70815,302.45,0.54,0.42,2026-03-17,1856,N21,VIIRS,n,2.0NRT,288.79,0.91,N
22.15912,95.34086,318.1,0.43,0.46,2026-03-17,1856,N21,VIIRS,n,2.0NRT,291.91,1.32,N
22.15981,95.34103,317.24,0.43,0.46,2026-03-17,1856,N21,VIIRS,n,2.0NRT,291.82,1.57,N
22.16877,97.85638,306.12,0.47,0.4,2026-03-17,1856,N21,VIIRS,n,2.0NRT,284.53,0.96,N
22.19089,96.82281,298.93,0.53,0.42,2026-03-17,1856,N21,VIIRS,n,2.0NRT,283.51,0.59,N
22.19344,97.24493,308.04,0.51,0.41,2026-03-17,1856,N21,VIIRS,n,2.0NRT,288.51,1.42,N
22.19365,96.82002,303.58,0.54,0.42,2026-03-17,1856,N21,VIIRS,n,2.0NRT,283.65,0.76,N
22.19655,97.25037,299.95,0.51,0.41,2026-03-17,1856,N21,VIIRS,n,2.0NRT,288.91,1.42,N
22.20844,96.74899,307.74,0.54,0.42,2026-03-17,1856,N21,VIIRS,n,2.0NRT,288.33,1.42,N
22.21073,96.74584,304.63,0.54,0.42,2026-03-17,1856,N21,VIIRS,n,2.0NRT,288.26,1.45,N
22.22953,96.81461,308.63,0.54,0.42,2026-03-17,1856,N21,VIIRS,n,2.0NRT,284.68,1.33,N
22.25183,95.5484,327.14,0.42,0.45,2026-03-17,1856,N21,VIIRS,n,2.0NRT,291.69,3.74,N
22.2708,96.38945,305.4,0.57,0.43,2026-03-17,1856,N21,VIIRS,n,2.0NRT,292.27,1.12,N
22.2741,96.39519,307.77,0.57,0.43,2026-03-17,1856,N21,VIIRS,n,2.0NRT,291.53,1.84,N
22.28165,96.80518,304,0.54,0.42,2026-03-17,1856,N21,VIIRS,n,2.0NRT,285.77,1.02,N
22.3048,96.34219,316.56,0.57,0.43,2026-03-17,1856,N21,VIIRS,n,2.0NRT,291.83,2.41,N
22.34182,94.80141,304.62,0.47,0.48,2026-03-17,1856,N21,VIIRS,n,2.0NRT,291.13,1.23,N
22.34225,96.20425,304.03,0.39,0.44,2026-03-17,1856,N21,VIIRS,n,2.0NRT,293.93,1.41,N
22.34682,96.36034,309.69,0.57,0.43,2026-03-17,1856,N21,VIIRS,n,2.0NRT,292.55,2.1,N
22.35409,96.36655,303.67,0.57,0.43,2026-03-17,1856,N21,VIIRS,n,2.0NRT,290.03,0.52,N
22.35536,96.64192,295.4,0.55,0.43,2026-03-17,1856,N21,VIIRS,n,2.0NRT,284.99,0.64,N
22.3653,96.5303,299.69,0.56,0.43,2026-03-17,1856,N21,VIIRS,n,2.0NRT,284.59,1.08,N
22.37812,96.19456,299.76,0.39,0.44,2026-03-17,1856,N21,VIIRS,n,2.0NRT,289.75,0.37,N
22.3801,96.19434,299.97,0.39,0.44,2026-03-17,1856,N21,VIIRS,n,2.0NRT,289.69,0.36,N
22.40901,96.77797,299.4,0.54,0.42,2026-03-17,1856,N21,VIIRS,n,2.0NRT,288.06,0.64,N
22.41121,96.77476,300.37,0.54,0.42,2026-03-17,1856,N21,VIIRS,n,2.0NRT,287.69,0.4,N
22.45165,92.24406,304.84,0.35,0.56,2026-03-17,1856,N21,VIIRS,n,2.0NRT,289.72,0.65,N
22.46217,96.20573,304.75,0.39,0.44,2026-03-17,1856,N21,VIIRS,n,2.0NRT,292.36,0.94,N
22.47705,96.15224,301.72,0.39,0.44,2026-03-17,1856,N21,VIIRS,n,2.0NRT,291.7,0.82,N
22.57648,95.16325,301.68,0.45,0.47,2026-03-17,1856,N21,VIIRS,n,2.0NRT,290.67,0.63,N
22.66836,94.16062,302.59,0.52,0.5,2026-03-17,1856,N21,VIIRS,n,2.0NRT,287.63,1.88,N
22.67172,92.57262,297.53,0.33,0.55,2026-03-17,1856,N21,VIIRS,n,2.0NRT,269.43,1.89,N
22.67199,92.56982,304.89,0.33,0.55,2026-03-17,1856,N21,VIIRS,n,2.0NRT,268.81,10.39,N
22.67224,94.1675,299.61,0.52,0.5,2026-03-17,1856,N21,VIIRS,n,2.0NRT,285.93,1.18,N
22.6723,92.56662,310.26,0.33,0.55,2026-03-17,1856,N21,VIIRS,n,2.0NRT,269.2,10.39,N
22.67263,92.56317,306.97,0.33,0.55,2026-03-17,1856,N21,VIIRS,n,2.0NRT,270.77,6.76,N
22.67272,92.57458,297.51,0.33,0.55,2026-03-17,1856,N21,VIIRS,n,2.0NRT,270.3,1.22,N
22.67299,92.57201,307.75,0.33,0.55,2026-03-17,1856,N21,VIIRS,n,2.0NRT,269.79,1.22,N
22.67309,92.55836,301.71,0.33,0.55,2026-03-17,1856,N21,VIIRS,n,2.0NRT,272.68,6.76,N
22.67328,92.56915,321.44,0.33,0.55,2026-03-17,1856,N21,VIIRS,n,2.0NRT,268.5,3.24,N
22.6736,92.56599,332.75,0.33,0.55,2026-03-17,1856,N21,VIIRS,n,2.0NRT,270.41,3.24,N
22.67397,92.56249,314.8,0.33,0.55,2026-03-17,1856,N21,VIIRS,n,2.0NRT,271.19,2.03,N
22.67451,92.55739,303.37,0.33,0.55,2026-03-17,1856,N21,VIIRS,n,2.0NRT,273.81,2.03,N
22.67658,92.57538,300.76,0.33,0.55,2026-03-17,1856,N21,VIIRS,n,2.0NRT,274.84,1.89,N
22.67682,92.57289,316.31,0.33,0.55,2026-03-17,1856,N21,VIIRS,n,2.0NRT,271.53,1.89,N
22.67707,92.57029,367,0.33,0.55,2026-03-17,1856,N21,VIIRS,h,2.0NRT,273.8,10.39,N
22.67735,92.56741,349.18,0.33,0.55,2026-03-17,1856,N21,VIIRS,n,2.0NRT,282,10.39,N
22.67765,92.56434,367,0.33,0.55,2026-03-17,1856,N21,VIIRS,h,2.0NRT,271.62,6.76,N
22.67784,92.57477,303.61,0.33,0.55,2026-03-17,1856,N21,VIIRS,n,2.0NRT,271.98,4.31,N
22.67805,92.56025,315.84,0.33,0.55,2026-03-17,1856,N21,VIIRS,n,2.0NRT,271.37,6.76,N
22.67809,92.5723,327.09,0.33,0.55,2026-03-17,1856,N21,VIIRS,n,2.0NRT,270.3,4.31,N
22.67836,92.56963,367,0.33,0.55,2026-03-17,1856,N21,VIIRS,h,2.0NRT,274.75,12.26,N
22.67857,92.55473,302.23,0.33,0.55,2026-03-17,1856,N21,VIIRS,n,2.0NRT,270.49,2.16,N
22.67867,92.56673,367,0.33,0.55,2026-03-17,1856,N21,VIIRS,h,2.0NRT,280.6,12.26,N
22.67899,92.56361,327.78,0.33,0.55,2026-03-17,1856,N21,VIIRS,n,2.0NRT,270.15,8.04,N
22.67944,92.55928,308.43,0.33,0.55,2026-03-17,1856,N21,VIIRS,n,2.0NRT,271.85,8.04,N
22.68003,92.55373,297.23,0.33,0.55,2026-03-17,1856,N21,VIIRS,n,2.0NRT,270.26,1.06,N
22.6822,92.5704,299.87,0.33,0.55,2026-03-17,1856,N21,VIIRS,n,2.0NRT,271.64,0.59,N
22.68247,92.56759,301.76,0.33,0.55,2026-03-17,1856,N21,VIIRS,n,2.0NRT,268.58,0.59,N
22.68254,94.40337,321.06,0.5,0.49,2026-03-17,1856,N21,VIIRS,n,2.0NRT,292.08,3.81,N
22.68275,92.5647,299.42,0.33,0.55,2026-03-17,1856,N21,VIIRS,n,2.0NRT,268.89,0.88,N
22.6835,92.56963,295.37,0.33,0.55,2026-03-17,1856,N21,VIIRS,n,2.0NRT,269.94,12.26,N
22.68379,92.5668,296.06,0.33,0.55,2026-03-17,1856,N21,VIIRS,n,2.0NRT,268.22,12.26,N
22.69194,92.38841,303.44,0.34,0.56,2026-03-17,1856,N21,VIIRS,n,2.0NRT,290.47,0.64,N
22.69523,94.37233,298.52,0.51,0.49,2026-03-17,1856,N21,VIIRS,n,2.0NRT,286.97,1.75,N
22.70374,94.37794,302.01,0.51,0.49,2026-03-17,1856,N21,VIIRS,n,2.0NRT,287.77,2.14,N
22.70552,94.37998,301.35,0.51,0.49,2026-03-17,1856,N21,VIIRS,n,2.0NRT,289.35,1.22,N
22.70598,94.37574,303.82,0.51,0.49,2026-03-17,1856,N21,VIIRS,n,2.0NRT,288.76,1.22,N
22.7073,92.36378,301.08,0.34,0.56,2026-03-17,1856,N21,VIIRS,n,2.0NRT,290.39,0.74,N
25.80884,80.1072,304.37,0.45,0.39,2026-03-17,2034,N21,VIIRS,n,2.0NRT,287.78,1.54,N
26.63971,79.47937,295.94,0.42,0.37,2026-03-17,2034,N21,VIIRS,n,2.0NRT,266.99,0.44,N
26.65572,82.82386,297.29,0.39,0.44,2026-03-17,2034,N21,VIIRS,n,2.0NRT,285.22,0.61,N
26.75988,83.19963,304.5,0.41,0.45,2026-03-17,2034,N21,VIIRS,n,2.0NRT,292.89,2.76,N
26.87973,73.51438,301.13,0.48,0.4,2026-03-17,2034,N21,VIIRS,n,2.0NRT,289.81,2.05,N
26.89538,86.60279,300.25,0.33,0.55,2026-03-17,2034,N21,VIIRS,n,2.0NRT,289.44,0.64,N
27.15542,85.44962,307.27,0.55,0.51,2026-03-17,2034,N21,VIIRS,n,2.0NRT,293.48,2.14,N
27.28358,85.05006,300.8,0.51,0.5,2026-03-17,2034,N21,VIIRS,n,2.0NRT,290.74,0.77,N
27.34919,85.039,300.68,0.51,0.49,2026-03-17,2034,N21,VIIRS,n,2.0NRT,290.19,1.13,N
27.44281,85.62627,296,0.55,0.51,2026-03-17,2034,N21,VIIRS,n,2.0NRT,283.81,1.04,N
27.66733,76.13399,302.25,0.4,0.37,2026-03-17,2034,N21,VIIRS,n,2.0NRT,291.03,1.18,N
27.66792,76.13003,312.34,0.4,0.37,2026-03-17,2034,N21,VIIRS,n,2.0NRT,291.56,1.18,N
27.73382,82.86548,301.58,0.57,0.43,2026-03-17,2034,N21,VIIRS,n,2.0NRT,290.72,0.87,N
27.77696,82.31112,305.44,0.53,0.42,2026-03-17,2034,N21,VIIRS,n,2.0NRT,291.46,2.02,N
27.95891,82.40508,301.08,0.53,0.42,2026-03-17,2034,N21,VIIRS,n,2.0NRT,288.56,1.4,N
28.34612,77.25587,301.49,0.39,0.36,2026-03-17,2034,N21,VIIRS,n,2.0NRT,276.03,0.68,N
28.34998,82.23085,301.49,0.51,0.41,2026-03-17,2034,N21,VIIRS,n,2.0NRT,283.24,1.41,N
28.35091,82.22601,307.54,0.51,0.41,2026-03-17,2034,N21,VIIRS,n,2.0NRT,282.8,1.41,N
28.56819,81.92173,297.35,0.49,0.41,2026-03-17,2034,N21,VIIRS,n,2.0NRT,282.66,0.85,N
28.59027,81.20553,299.09,0.46,0.39,2026-03-17,2034,N21,VIIRS,n,2.0NRT,285.14,0.74,N
28.65426,80.14668,297.66,0.42,0.38,2026-03-17,2034,N21,VIIRS,n,2.0NRT,277.55,0.72,N
28.66478,77.57285,302.82,0.38,0.36,2026-03-17,2034,N21,VIIRS,n,2.0NRT,277.41,0.79,N
28.77413,76.69928,308.39,0.39,0.36,2026-03-17,2034,N21,VIIRS,n,2.0NRT,286.38,0.79,N
28.87755,80.92871,301.15,0.44,0.39,2026-03-17,2034,N21,VIIRS,n,2.0NRT,284.43,0.62,N
28.93207,80.01025,306.28,0.41,0.37,2026-03-17,2034,N21,VIIRS,n,2.0NRT,288.76,1.16,N
28.93252,80.01289,298.88,0.41,0.37,2026-03-17,2034,N21,VIIRS,n,2.0NRT,288.25,0.54,N
28.93325,80.00873,298.68,0.41,0.37,2026-03-17,2034,N21,VIIRS,n,2.0NRT,287.9,0.54,N
29.12214,75.77717,298.67,0.41,0.37,2026-03-17,2034,N21,VIIRS,n,2.0NRT,286.96,1.51,N
29.39429,79.11265,296.02,0.39,0.36,2026-03-17,2034,N21,VIIRS,n,2.0NRT,283.45,0.42,N
29.95239,80.68854,330.43,0.42,0.38,2026-03-17,2034,N21,VIIRS,n,2.0NRT,282.96,3.8,N
29.95578,80.68944,297.68,0.42,0.38,2026-03-17,2034,N21,VIIRS,n,2.0NRT,279.83,3.8,N
29.95895,79.37658,311.02,0.39,0.36,2026-03-17,2034,N21,VIIRS,n,2.0NRT,280.13,1.53,N
30.88734,75.90556,295.79,0.42,0.38,2026-03-17,2034,N21,VIIRS,n,2.0NRT,284.55,0.31,N
18.74214,82.47353,304.64,0.52,0.5,2026-03-17,2036,N21,VIIRS,n,2.0NRT,287.77,2.29,N
18.81516,82.45958,310.51,0.52,0.5,2026-03-17,2036,N21,VIIRS,n,2.0NRT,288.36,2.48,N
18.81612,82.45464,298.73,0.52,0.5,2026-03-17,2036,N21,VIIRS,n,2.0NRT,287.95,1.65,N
18.81965,82.46059,320.08,0.52,0.5,2026-03-17,2036,N21,VIIRS,n,2.0NRT,288.76,2.48,N
18.84951,82.04429,297.37,0.49,0.48,2026-03-17,2036,N21,VIIRS,n,2.0NRT,282.54,0.99,N
18.85388,82.04527,301.09,0.49,0.48,2026-03-17,2036,N21,VIIRS,n,2.0NRT,282.07,0.99,N
19.0224,82.37451,301.75,0.51,0.49,2026-03-17,2036,N21,VIIRS,n,2.0NRT,288.91,1.73,N
19.09452,82.16798,303.47,0.49,0.49,2026-03-17,2036,N21,VIIRS,n,2.0NRT,284.68,2.24,N
19.0989,82.16898,309.59,0.49,0.49,2026-03-17,2036,N21,VIIRS,n,2.0NRT,281.16,1.71,N
19.0992,82.16687,308.86,0.49,0.49,2026-03-17,2036,N21,VIIRS,n,2.0NRT,280.85,2.03,N
19.10327,82.16998,297.09,0.49,0.49,2026-03-17,2036,N21,VIIRS,n,2.0NRT,281.48,1.71,N
19.10357,82.16786,309.46,0.49,0.49,2026-03-17,2036,N21,VIIRS,n,2.0NRT,279.33,2.03,N
19.14916,81.46663,299.44,0.44,0.46,2026-03-17,2036,N21,VIIRS,n,2.0NRT,281.67,0.72,N
19.16688,80.3045,296.65,0.57,0.43,2026-03-17,2036,N21,VIIRS,n,2.0NRT,271.66,1.45,N
19.17079,80.30529,297.03,0.57,0.43,2026-03-17,2036,N21,VIIRS,n,2.0NRT,270.83,0.74,N
19.20243,80.06868,302.78,0.55,0.42,2026-03-17,2036,N21,VIIRS,n,2.0NRT,278,1.53,N
19.20865,80.25326,300.57,0.56,0.43,2026-03-17,2036,N21,VIIRS,n,2.0NRT,274.33,1.19,N
19.21162,80.8304,298.62,0.4,0.45,2026-03-17,2036,N21,VIIRS,n,2.0NRT,271.78,1.38,N
19.22729,81.44496,304.34,0.44,0.46,2026-03-17,2036,N21,VIIRS,n,2.0NRT,284.76,1.07,N
19.2352,81.47579,304.14,0.44,0.46,2026-03-17,2036,N21,VIIRS,n,2.0NRT,285.04,1.89,N
19.25282,81.54253,300.13,0.45,0.47,2026-03-17,2036,N21,VIIRS,n,2.0NRT,284.39,0.9,N
19.26847,81.46136,302.61,0.44,0.46,2026-03-17,2036,N21,VIIRS,n,2.0NRT,284.67,0.77,N
19.27012,81.4528,302.77,0.44,0.46,2026-03-17,2036,N21,VIIRS,n,2.0NRT,284.17,1.16,N
19.29724,80.21362,297.85,0.56,0.43,2026-03-17,2036,N21,VIIRS,n,2.0NRT,277.24,1.05,N
19.31333,80.10457,307.38,0.55,0.43,2026-03-17,2036,N21,VIIRS,n,2.0NRT,277.24,1.88,N
19.31717,80.1054,305.23,0.55,0.43,2026-03-17,2036,N21,VIIRS,n,2.0NRT,276.59,1.68,N
19.34443,80.175,302.82,0.55,0.43,2026-03-17,2036,N21,VIIRS,n,2.0NRT,279.62,1.5,N
19.34538,80.16981,302.76,0.55,0.43,2026-03-17,2036,N21,VIIRS,n,2.0NRT,278.41,1.5,N
19.34563,80.60872,299.16,0.39,0.44,2026-03-17,2036,N21,VIIRS,n,2.0NRT,274.86,0.55,N
19.37489,81.31025,302.71,0.43,0.46,2026-03-17,2036,N21,VIIRS,n,2.0NRT,279.5,0.86,N
19.3752,80.16691,295.38,0.55,0.43,2026-03-17,2036,N21,VIIRS,n,2.0NRT,271.16,1.48,N
19.37623,81.31331,298.46,0.43,0.46,2026-03-17,2036,N21,VIIRS,n,2.0NRT,279.89,0.9,N
19.40762,80.07843,297.85,0.54,0.42,2026-03-17,2036,N21,VIIRS,n,2.0NRT,275.24,0.8,N
19.44154,80.15421,307.47,0.55,0.43,2026-03-17,2036,N21,VIIRS,n,2.0NRT,277.95,1.43,N
19.4489,80.51042,302.97,0.38,0.43,2026-03-17,2036,N21,VIIRS,n,2.0NRT,283.48,0.71,N
19.49766,80.16219,298.32,0.55,0.43,2026-03-17,2036,N21,VIIRS,n,2.0NRT,267.77,0.94,N
19.50422,80.10542,307.93,0.54,0.42,2026-03-17,2036,N21,VIIRS,n,2.0NRT,284.16,2.45,N
19.50784,80.05171,304.5,0.54,0.42,2026-03-17,2036,N21,VIIRS,n,2.0NRT,284.12,0.86,N
19.51098,80.11194,317.05,0.54,0.42,2026-03-17,2036,N21,VIIRS,n,2.0NRT,283.97,3.38,N
19.55575,83.98283,301.87,0.63,0.54,2026-03-17,2036,N21,VIIRS,n,2.0NRT,289.43,1.07,N
19.65394,80.05917,323.48,0.54,0.42,2026-03-17,2036,N21,VIIRS,n,2.0NRT,272.02,2.57,N
19.65775,80.05998,309.73,0.54,0.42,2026-03-17,2036,N21,VIIRS,n,2.0NRT,271.04,2.57,N
19.6709,80.78065,301.32,0.39,0.44,2026-03-17,2036,N21,VIIRS,n,2.0NRT,279.39,0.65,N
19.67156,80.77704,303.58,0.39,0.44,2026-03-17,2036,N21,VIIRS,n,2.0NRT,279.69,0.65,N
19.67224,80.77339,299.89,0.39,0.44,2026-03-17,2036,N21,VIIRS,n,2.0NRT,280.82,0.53,N
19.73377,82.98881,298.88,0.54,0.51,2026-03-17,2036,N21,VIIRS,n,2.0NRT,285.01,0.81,N
19.73662,82.99831,302.29,0.54,0.51,2026-03-17,2036,N21,VIIRS,n,2.0NRT,285.54,1.52,N
19.74667,82.99578,301.84,0.54,0.51,2026-03-17,2036,N21,VIIRS,n,2.0NRT,286.06,1.28,N
19.77025,82.01858,295.61,0.47,0.48,2026-03-17,2036,N21,VIIRS,n,2.0NRT,275.73,0.71,N
19.87517,76.78322,296.71,0.4,0.37,2026-03-17,2036,N21,VIIRS,n,2.0NRT,270.29,0.22,N
19.88717,80.74982,296.38,0.39,0.44,2026-03-17,2036,N21,VIIRS,n,2.0NRT,270.39,0.81,N
19.91785,81.10453,300.13,0.41,0.45,2026-03-17,2036,N21,VIIRS,n,2.0NRT,276.22,0.69,N
19.92357,77.12883,298.94,0.4,0.37,2026-03-17,2036,N21,VIIRS,n,2.0NRT,263.7,0.45,N
19.92691,77.12946,319.61,0.4,0.37,2026-03-17,2036,N21,VIIRS,n,2.0NRT,261.1,1.82,N
19.94104,81.2058,299.47,0.41,0.45,2026-03-17,2036,N21,VIIRS,n,2.0NRT,273.51,0.61,N
19.9418,76.54311,323.43,0.39,0.36,2026-03-17,2036,N21,VIIRS,n,2.0NRT,293.75,4.17,N
20.03187,75.94148,302.33,0.39,0.36,2026-03-17,2036,N21,VIIRS,n,2.0NRT,291.89,0.51,N
20.05706,83.99348,303.85,0.62,0.54,2026-03-17,2036,N21,VIIRS,n,2.0NRT,289.03,1.37,N
20.12601,82.23376,298.16,0.47,0.48,2026-03-17,2036,N21,VIIRS,n,2.0NRT,280.29,0.87,N
20.12689,82.22929,301.58,0.47,0.48,2026-03-17,2036,N21,VIIRS,n,2.0NRT,281.54,0.87,N
20.12776,82.22482,299.24,0.47,0.48,2026-03-17,2036,N21,VIIRS,n,2.0NRT,282.01,1.08,N
20.19582,81.46179,295.69,0.42,0.46,2026-03-17,2036,N21,VIIRS,n,2.0NRT,259.18,0.88,N
20.23038,76.6978,328.52,0.39,0.36,2026-03-17,2036,N21,VIIRS,n,2.0NRT,291.03,6.4,N
20.31211,73.90591,301.88,0.4,0.37,2026-03-17,2036,N21,VIIRS,n,2.0NRT,291.17,0.59,N
20.36549,83.77164,302.66,0.59,0.53,2026-03-17,2036,N21,VIIRS,n,2.0NRT,287.47,1.34,N
20.42421,83.75333,297.84,0.59,0.52,2026-03-17,2036,N21,VIIRS,n,2.0NRT,280.05,0.95,N
20.52685,73.79485,311.07,0.41,0.37,2026-03-17,2036,N21,VIIRS,n,2.0NRT,290.31,2.2,N
20.52743,73.79093,327.52,0.41,0.37,2026-03-17,2036,N21,VIIRS,n,2.0NRT,291.57,2.9,N
20.91037,71.4611,309.69,0.52,0.41,2026-03-17,2036,N21,VIIRS,n,2.0NRT,295.18,2.34,N
20.95573,73.6931,302.29,0.41,0.37,2026-03-17,2036,N21,VIIRS,n,2.0NRT,290.88,0.76,N
20.96368,73.71033,300.98,0.41,0.37,2026-03-17,2036,N21,VIIRS,n,2.0NRT,289.15,0.29,N
20.97093,73.44227,300.54,0.42,0.38,2026-03-17,2036,N21,VIIRS,n,2.0NRT,289.72,0.32,N
21.10015,72.65318,321.09,0.45,0.39,2026-03-17,2036,N21,VIIRS,n,2.0NRT,297.75,3.19,N
21.10048,76.35678,314.06,0.39,0.36,2026-03-17,2036,N21,VIIRS,n,2.0NRT,293.63,1.29,N
21.10256,72.63587,331.66,0.45,0.39,2026-03-17,2036,N21,VIIRS,n,2.0NRT,299.84,8.77,N
21.10492,72.6451,342.37,0.45,0.39,2026-03-17,2036,N21,VIIRS,n,2.0NRT,300.48,15.19,N
21.10969,72.63697,321.1,0.45,0.39,2026-03-17,2036,N21,VIIRS,n,2.0NRT,298.63,3.52,N
21.11029,72.63264,307.95,0.45,0.39,2026-03-17,2036,N21,VIIRS,n,2.0NRT,297.19,1.34,N
21.12255,76.41386,302.66,0.39,0.36,2026-03-17,2036,N21,VIIRS,n,2.0NRT,292.57,0.32,N
21.13544,76.43893,305.87,0.39,0.36,2026-03-17,2036,N21,VIIRS,n,2.0NRT,293.34,0.81,N
21.15476,76.57151,330.79,0.39,0.36,2026-03-17,2036,N21,VIIRS,n,2.0NRT,297.25,3.02,N
21.15805,76.5721,307.84,0.39,0.36,2026-03-17,2036,N21,VIIRS,n,2.0NRT,295.73,1.29,N
21.17279,76.628,319.03,0.39,0.36,2026-03-17,2036,N21,VIIRS,n,2.0NRT,296.5,2.39,N
21.1743,76.6396,316.61,0.39,0.36,2026-03-17,2036,N21,VIIRS,n,2.0NRT,296.34,1.19,N
21.17609,76.62856,337.65,0.39,0.36,2026-03-17,2036,N21,VIIRS,n,2.0NRT,299.31,3.55,N
21.1776,76.64019,308.13,0.39,0.36,2026-03-17,2036,N21,VIIRS,n,2.0NRT,295.3,1.19,N
21.1788,81.38515,300.02,0.4,0.44,2026-03-17,2036,N21,VIIRS,n,2.0NRT,280.94,0.52,N
21.17939,76.62912,314.49,0.39,0.36,2026-03-17,2036,N21,VIIRS,n,2.0NRT,296.68,3.55,N
21.1809,76.64078,313.67,0.39,0.36,2026-03-17,2036,N21,VIIRS,n,2.0NRT,295.51,4.91,N
21.18282,81.38605,305.24,0.4,0.44,2026-03-17,2036,N21,VIIRS,n,2.0NRT,282.61,1.61,N
21.18328,76.62601,313.64,0.39,0.36,2026-03-17,2036,N21,VIIRS,n,2.0NRT,295.51,1.09,N
21.18479,76.63763,350.11,0.39,0.36,2026-03-17,2036,N21,VIIRS,n,2.0NRT,299.29,4.91,N
21.18657,76.62659,310.83,0.39,0.36,2026-03-17,2036,N21,VIIRS,n,2.0NRT,295.14,1.09,N
21.1888,76.63779,338.15,0.39,0.36,2026-03-17,2036,N21,VIIRS,n,2.0NRT,294.97,4.28,N
21.18912,81.19943,302.46,0.39,0.44,2026-03-17,2036,N21,VIIRS,n,2.0NRT,284.39,0.68,N
21.18999,76.63044,303.68,0.39,0.36,2026-03-17,2036,N21,VIIRS,n,2.0NRT,293.55,1.13,N
21.19059,76.62677,307.31,0.39,0.36,2026-03-17,2036,N21,VIIRS,n,2.0NRT,294.11,0.8,N
21.19598,76.63535,312.1,0.39,0.36,2026-03-17,2036,N21,VIIRS,n,2.0NRT,294.83,1.56,N
21.19867,76.63967,306.42,0.39,0.36,2026-03-17,2036,N21,VIIRS,n,2.0NRT,294.99,0.99,N
21.2313,76.62675,317.35,0.39,0.36,2026-03-17,2036,N21,VIIRS,n,2.0NRT,293.58,1.73,N
21.23581,75.60588,305.91,0.38,0.36,2026-03-17,2036,N21,VIIRS,n,2.0NRT,292.59,0.68,N
21.23866,77.43575,301.56,0.4,0.37,2026-03-17,2036,N21,VIIRS,n,2.0NRT,289.2,0.41,N
21.26376,81.23125,298.99,0.39,0.44,2026-03-17,2036,N21,VIIRS,n,2.0NRT,282.97,0.6,N
21.26427,77.32256,328.66,0.4,0.37,2026-03-17,2036,N21,VIIRS,n,2.0NRT,295.46,3.72,N
21.27194,75.57491,320.96,0.38,0.36,2026-03-17,2036,N21,VIIRS,n,2.0NRT,294.96,2.11,N
21.29393,75.45454,306.33,0.39,0.36,2026-03-17,2036,N21,VIIRS,n,2.0NRT,295.91,1.11,N
21.29721,75.45513,314.02,0.39,0.36,2026-03-17,2036,N21,VIIRS,n,2.0NRT,295.93,1.11,N
21.29849,80.83439,298.44,0.56,0.43,2026-03-17,2036,N21,VIIRS,n,2.0NRT,269.53,1.11,N
21.30828,75.53629,320.86,0.38,0.36,2026-03-17,2036,N21,VIIRS,n,2.0NRT,294.82,2.42,N
21.33565,78.96522,298.86,0.45,0.39,2026-03-17,2036,N21,VIIRS,n,2.0NRT,266.19,1.04,N
21.35682,76.44069,311.46,0.39,0.36,2026-03-17,2036,N21,VIIRS,n,2.0NRT,294.89,1.32,N
21.36011,76.44127,316.73,0.39,0.36,2026-03-17,2036,N21,VIIRS,n,2.0NRT,294.2,1.32,N
21.3631,76.78041,308.26,0.39,0.36,2026-03-17,2036,N21,VIIRS,n,2.0NRT,292.47,0.96,N
21.3637,76.77671,306.83,0.39,0.36,2026-03-17,2036,N21,VIIRS,n,2.0NRT,292.76,0.96,N
21.36456,75.36876,312.82,0.39,0.36,2026-03-17,2036,N21,VIIRS,n,2.0NRT,293.28,1.2,N
21.37465,81.64067,298,0.41,0.45,2026-03-17,2036,N21,VIIRS,n,2.0NRT,273.65,1.21,N
21.37535,81.68171,301.76,0.42,0.45,2026-03-17,2036,N21,VIIRS,n,2.0NRT,277.37,1.08,N
21.37819,77.51591,313.15,0.4,0.37,2026-03-17,2036,N21,VIIRS,n,2.0NRT,294.89,1.47,N
21.37883,77.51208,310.78,0.4,0.37,2026-03-17,2036,N21,VIIRS,n,2.0NRT,295.27,1.9,N
21.3801,77.50455,323.91,0.4,0.37,2026-03-17,2036,N21,VIIRS,n,2.0NRT,296.19,2.74,N
21.39224,77.51456,312.18,0.4,0.37,2026-03-17,2036,N21,VIIRS,n,2.0NRT,295.07,1.44,N
21.39384,77.46377,311.22,0.4,0.37,2026-03-17,2036,N21,VIIRS,n,2.0NRT,294.71,1.21,N
21.39435,77.44013,333.85,0.4,0.37,2026-03-17,2036,N21,VIIRS,n,2.0NRT,297.52,4.23,N
21.39557,77.51523,319.23,0.4,0.37,2026-03-17,2036,N21,VIIRS,n,2.0NRT,294.98,1.44,N
21.39621,77.51146,306.31,0.4,0.37,2026-03-17,2036,N21,VIIRS,n,2.0NRT,294.78,1.44,N
21.39684,77.50768,309.59,0.4,0.37,2026-03-17,2036,N21,VIIRS,n,2.0NRT,295.7,1.5,N
21.39813,77.49996,327.81,0.4,0.37,2026-03-17,2036,N21,VIIRS,n,2.0NRT,296.41,3.54,N
21.39943,77.49222,316.95,0.4,0.37,2026-03-17,2036,N21,VIIRS,n,2.0NRT,296.37,1.99,N
21.40149,77.50053,319.33,0.4,0.37,2026-03-17,2036,N21,VIIRS,n,2.0NRT,296.09,1.85,N
21.40215,77.49661,310.99,0.4,0.37,2026-03-17,2036,N21,VIIRS,n,2.0NRT,295.2,1.85,N
21.40437,77.52461,341.21,0.4,0.37,2026-03-17,2036,N21,VIIRS,n,2.0NRT,297.96,5.64,N
21.40501,77.52077,317.12,0.4,0.37,2026-03-17,2036,N21,VIIRS,n,2.0NRT,296.37,5.64,N
21.4055,77.49718,324.61,0.4,0.37,2026-03-17,2036,N21,VIIRS,n,2.0NRT,296.17,1.85,N
21.40886,77.49772,307.21,0.4,0.37,2026-03-17,2036,N21,VIIRS,n,2.0NRT,294.9,1.05,N
21.4095,77.4939,308.78,0.4,0.37,2026-03-17,2036,N21,VIIRS,n,2.0NRT,294.01,1.19,N
21.42889,75.3077,311.24,0.39,0.36,2026-03-17,2036,N21,VIIRS,n,2.0NRT,293.44,0.97,N
21.46799,75.67281,299.93,0.38,0.36,2026-03-17,2036,N21,VIIRS,n,2.0NRT,289.77,0.43,N
21.48691,77.49943,304.95,0.4,0.37,2026-03-17,2036,N21,VIIRS,n,2.0NRT,293.22,0.96,N
21.49777,75.25535,310.46,0.39,0.36,2026-03-17,2036,N21,VIIRS,n,2.0NRT,294.59,1.09,N
21.51091,75.30656,312.35,0.39,0.36,2026-03-17,2036,N21,VIIRS,n,2.0NRT,294.12,1.02,N
21.51316,75.29174,303.71,0.39,0.36,2026-03-17,2036,N21,VIIRS,n,2.0NRT,293.45,0.43,N
21.53713,75.55316,307.07,0.38,0.36,2026-03-17,2036,N21,VIIRS,n,2.0NRT,292.81,0.9,N
21.53771,75.54948,310.87,0.38,0.36,2026-03-17,2036,N21,VIIRS,n,2.0NRT,292.84,1.09,N
21.54998,75.4043,305.49,0.39,0.36,2026-03-17,2036,N21,VIIRS,n,2.0NRT,292.86,0.8,N
21.55055,75.40061,303.4,0.39,0.36,2026-03-17,2036,N21,VIIRS,n,2.0NRT,292.5,0.61,N
21.55404,78.14059,298.98,0.42,0.38,2026-03-17,2036,N21,VIIRS,n,2.0NRT,279.41,1.47,N
21.55676,78.12454,302.23,0.42,0.38,2026-03-17,2036,N21,VIIRS,n,2.0NRT,280.54,1.51,N
21.55882,78.13311,301.22,0.42,0.38,2026-03-17,2036,N21,VIIRS,n,2.0NRT,281.07,1.62,N
21.55901,76.47738,305.55,0.39,0.36,2026-03-17,2036,N21,VIIRS,n,2.0NRT,292.9,1.01,N
21.58257,76.66791,306.53,0.39,0.36,2026-03-17,2036,N21,VIIRS,n,2.0NRT,290.92,0.92,N
21.62249,75.66254,303.27,0.38,0.36,2026-03-17,2036,N21,VIIRS,n,2.0NRT,290.46,0.32,N
21.69854,76.60487,329.78,0.39,0.36,2026-03-17,2036,N21,VIIRS,n,2.0NRT,291.53,2.86,N
21.70183,76.60548,317.45,0.39,0.36,2026-03-17,2036,N21,VIIRS,n,2.0NRT,290.24,2.86,N
21.73595,79.13696,300.84,0.45,0.39,2026-03-17,2036,N21,VIIRS,n,2.0NRT,276.63,0.78,N
21.73778,79.02181,298.82,0.45,0.39,2026-03-17,2036,N21,VIIRS,n,2.0NRT,276.64,1.97,N
21.74176,78.89489,299.65,0.44,0.39,2026-03-17,2036,N21,VIIRS,n,2.0NRT,277.87,2.05,N
21.74602,73.53615,304.12,0.42,0.38,2026-03-17,2036,N21,VIIRS,n,2.0NRT,291.58,0.37,N
21.7598,78.91608,298.33,0.44,0.39,2026-03-17,2036,N21,VIIRS,n,2.0NRT,274.75,0.73,N
21.79408,72.64719,309.93,0.46,0.39,2026-03-17,2036,N21,VIIRS,n,2.0NRT,291.75,0.99,N
21.79469,77.08566,301.4,0.39,0.36,2026-03-17,2036,N21,VIIRS,n,2.0NRT,291.03,0.66,N
21.84855,78.54597,308.53,0.43,0.38,2026-03-17,2036,N21,VIIRS,n,2.0NRT,289.69,1.72,N
21.85614,76.56123,317.21,0.39,0.36,2026-03-17,2036,N21,VIIRS,n,2.0NRT,287.14,1.82,N
21.86834,76.96844,304.96,0.39,0.36,2026-03-17,2036,N21,VIIRS,n,2.0NRT,291.03,0.53,N
21.88211,77.15556,303.96,0.39,0.36,2026-03-17,2036,N21,VIIRS,n,2.0NRT,290.51,0.73,N
21.88542,77.15619,304.11,0.39,0.36,2026-03-17,2036,N21,VIIRS,n,2.0NRT,292.84,0.73,N
21.89224,78.59582,298.69,0.43,0.38,2026-03-17,2036,N21,VIIRS,n,2.0NRT,286.39,0.73,N
21.89569,78.59649,306.65,0.43,0.38,2026-03-17,2036,N21,VIIRS,n,2.0NRT,288.15,0.73,N
21.90516,78.90189,300.09,0.44,0.39,2026-03-17,2036,N21,VIIRS,n,2.0NRT,285.84,1.35,N
21.90539,76.5285,312.76,0.39,0.36,2026-03-17,2036,N21,VIIRS,n,2.0NRT,287.39,0.84,N
21.90598,76.5248,302.44,0.39,0.36,2026-03-17,2036,N21,VIIRS,n,2.0NRT,287.35,0.84,N
21.90698,77.19125,301.13,0.39,0.36,2026-03-17,2036,N21,VIIRS,n,2.0NRT,290.53,0.51,N
21.90865,78.90259,304.98,0.44,0.39,2026-03-17,2036,N21,VIIRS,n,2.0NRT,287.94,1.35,N
21.90926,76.52541,299.96,0.39,0.36,2026-03-17,2036,N21,VIIRS,n,2.0NRT,286.77,0.58,N
21.91737,83.35359,297.84,0.52,0.5,2026-03-17,2036,N21,VIIRS,n,2.0NRT,275.27,1.12,N
21.91835,83.34869,296.85,0.52,0.5,2026-03-17,2036,N21,VIIRS,n,2.0NRT,272.29,0.96,N
21.92282,83.34975,303.3,0.52,0.5,2026-03-17,2036,N21,VIIRS,n,2.0NRT,274.78,1.73,N
21.92476,83.34001,298.92,0.52,0.5,2026-03-17,2036,N21,VIIRS,n,2.0NRT,269.59,1.22,N
21.97264,76.33978,319.76,0.38,0.36,2026-03-17,2036,N21,VIIRS,n,2.0NRT,290.86,1.27,N
21.97593,76.34039,306.42,0.38,0.36,2026-03-17,2036,N21,VIIRS,n,2.0NRT,290.35,1.27,N
22.00703,73.88938,301.7,0.42,0.37,2026-03-17,2036,N21,VIIRS,n,2.0NRT,290.52,1.11,N
22.02697,77.39687,304.95,0.4,0.37,2026-03-17,2036,N21,VIIRS,n,2.0NRT,292.7,1.21,N
22.02698,79.63205,316.68,0.47,0.4,2026-03-17,2036,N21,VIIRS,n,2.0NRT,293.08,2.81,N
22.0367,83.35217,313.87,0.51,0.5,2026-03-17,2036,N21,VIIRS,n,2.0NRT,287.46,2.66,N
22.03835,83.35412,300.35,0.51,0.5,2026-03-17,2036,N21,VIIRS,n,2.0NRT,285.15,1.13,N
22.03936,83.34927,302.33,0.51,0.5,2026-03-17,2036,N21,VIIRS,n,2.0NRT,285.34,0.9,N
22.05992,76.37042,310.03,0.38,0.36,2026-03-17,2036,N21,VIIRS,n,2.0NRT,289.95,0.92,N
22.08661,80.20294,309.76,0.5,0.41,2026-03-17,2036,N21,VIIRS,n,2.0NRT,276.58,2.21,N
22.0999,76.94987,301.44,0.39,0.36,2026-03-17,2036,N21,VIIRS,n,2.0NRT,287.46,0.34,N
22.12853,72.76666,303.13,0.46,0.39,2026-03-17,2036,N21,VIIRS,n,2.0NRT,292.62,0.69,N
22.14847,76.32992,306.91,0.38,0.36,2026-03-17,2036,N21,VIIRS,n,2.0NRT,287.33,0.84,N
22.16619,80.0937,305.56,0.5,0.41,2026-03-17,2036,N21,VIIRS,n,2.0NRT,292.12,1.77,N
22.16716,73.84871,324.83,0.42,0.38,2026-03-17,2036,N21,VIIRS,n,2.0NRT,295.51,2.86,N
22.16888,73.86122,311.83,0.42,0.37,2026-03-17,2036,N21,VIIRS,n,2.0NRT,293.51,1.68,N
22.16944,73.85731,321.2,0.42,0.37,2026-03-17,2036,N21,VIIRS,n,2.0NRT,295.68,1.68,N
22.1706,73.87378,315.64,0.42,0.37,2026-03-17,2036,N21,VIIRS,n,2.0NRT,293.86,1.99,N
22.17117,73.8698,310.64,0.42,0.37,2026-03-17,2036,N21,VIIRS,n,2.0NRT,294.32,1.6,N
22.1723,73.86185,313.65,0.42,0.37,2026-03-17,2036,N21,VIIRS,n,2.0NRT,295.48,1.68,N
22.17388,77.76698,311.34,0.4,0.37,2026-03-17,2036,N21,VIIRS,n,2.0NRT,292.39,1.52,N
22.17518,77.75917,303.4,0.4,0.37,2026-03-17,2036,N21,VIIRS,n,2.0NRT,292.09,0.92,N
22.17914,73.88753,306.84,0.42,0.37,2026-03-17,2036,N21,VIIRS,n,2.0NRT,293.4,1.16,N
22.20492,76.57516,307.17,0.39,0.36,2026-03-17,2036,N21,VIIRS,n,2.0NRT,293.38,1.49,N
22.22241,78.2327,307.45,0.42,0.37,2026-03-17,2036,N21,VIIRS,n,2.0NRT,294.28,1.5,N
22.22516,78.23714,313.54,0.42,0.37,2026-03-17,2036,N21,VIIRS,n,2.0NRT,294.36,2.05,N
22.23304,78.46117,326.54,0.42,0.38,2026-03-17,2036,N21,VIIRS,n,2.0NRT,291.86,3.4,N
22.2336,73.99456,304.07,0.41,0.37,2026-03-17,2036,N21,VIIRS,n,2.0NRT,293,0.88,N
22.25872,77.56143,312.62,0.4,0.37,2026-03-17,2036,N21,VIIRS,n,2.0NRT,291.77,1.37,N
22.26126,77.54619,301.04,0.4,0.37,2026-03-17,2036,N21,VIIRS,n,2.0NRT,290.51,0.85,N
22.26507,75.13417,305.81,0.39,0.36,2026-03-17,2036,N21,VIIRS,n,2.0NRT,294.49,1,N
22.26666,77.55503,309.55,0.4,0.37,2026-03-17,2036,N21,VIIRS,n,2.0NRT,293.4,1.31,N
22.27987,79.091,305.46,0.45,0.39,2026-03-17,2036,N21,VIIRS,n,2.0NRT,290.21,0.94,N
22.28062,79.08672,305.13,0.45,0.39,2026-03-17,2036,N21,VIIRS,n,2.0NRT,290.31,0.94,N
22.29819,77.75926,313.75,0.4,0.37,2026-03-17,2036,N21,VIIRS,n,2.0NRT,289.15,0.7,N
22.3213,75.34753,332.38,0.39,0.36,2026-03-17,2036,N21,VIIRS,n,2.0NRT,293.6,3.32,N
22.32784,78.31863,323.68,0.42,0.38,2026-03-17,2036,N21,VIIRS,n,2.0NRT,294.76,3.31,N
22.32835,78.31754,319.71,0.42,0.37,2026-03-17,2036,N21,VIIRS,n,2.0NRT,294.59,2.25,N
22.33838,76.5079,306.65,0.39,0.36,2026-03-17,2036,N21,VIIRS,n,2.0NRT,291.22,0.75,N
22.34015,79.28904,305.49,0.45,0.39,2026-03-17,2036,N21,VIIRS,n,2.0NRT,290.04,1.17,N
22.34166,76.50851,314.02,0.39,0.36,2026-03-17,2036,N21,VIIRS,n,2.0NRT,290.84,0.82,N
22.34444,79.28545,302.23,0.45,0.39,2026-03-17,2036,N21,VIIRS,n,2.0NRT,290.27,1.17,N
22.34554,76.50542,302.4,0.39,0.36,2026-03-17,2036,N21,VIIRS,n,2.0NRT,290.91,0.82,N
22.34796,79.28622,310.8,0.45,0.39,2026-03-17,2036,N21,VIIRS,n,2.0NRT,290.62,1.87,N
22.35002,76.39225,308.57,0.38,0.36,2026-03-17,2036,N21,VIIRS,n,2.0NRT,292.88,1.31,N
22.35105,80.01299,300.37,0.49,0.4,2026-03-17,2036,N21,VIIRS,n,2.0NRT,290.11,0.77,N
22.3533,76.39285,310.6,0.38,0.36,2026-03-17,2036,N21,VIIRS,n,2.0NRT,293.11,1.14,N
22.35388,76.38916,304.06,0.38,0.36,2026-03-17,2036,N21,VIIRS,n,2.0NRT,291.21,0.67,N
22.35658,76.39346,310.94,0.38,0.36,2026-03-17,2036,N21,VIIRS,n,2.0NRT,292.04,1.14,N
22.36086,75.60196,305.12,0.39,0.36,2026-03-17,2036,N21,VIIRS,n,2.0NRT,291.54,1.07,N
22.36935,76.48318,303.36,0.38,0.36,2026-03-17,2036,N21,VIIRS,n,2.0NRT,290.59,0.66,N
22.36994,76.47948,303.62,0.38,0.36,2026-03-17,2036,N21,VIIRS,n,2.0NRT,290.54,0.66,N
22.37178,75.37511,311.96,0.39,0.36,2026-03-17,2036,N21,VIIRS,n,2.0NRT,294.11,1.55,N
22.37545,76.42352,301.27,0.38,0.36,2026-03-17,2036,N21,VIIRS,n,2.0NRT,289.22,0.17,N
22.37656,75.18458,305.84,0.39,0.36,2026-03-17,2036,N21,VIIRS,n,2.0NRT,290.13,1.19,N
22.38181,76.27666,301.02,0.38,0.36,2026-03-17,2036,N21,VIIRS,n,2.0NRT,290.18,0.57,N
22.38205,76.12502,300.84,0.38,0.36,2026-03-17,2036,N21,VIIRS,n,2.0NRT,286.76,0.47,N
22.38807,76.77267,310.9,0.39,0.36,2026-03-17,2036,N21,VIIRS,n,2.0NRT,292.27,1.28,N
22.39168,79.38832,319.04,0.46,0.39,2026-03-17,2036,N21,VIIRS,n,2.0NRT,291.47,1.67,N
22.39196,76.76957,309.79,0.39,0.36,2026-03-17,2036,N21,VIIRS,n,2.0NRT,291.86,0.83,N
22.39245,79.38402,305.15,0.46,0.39,2026-03-17,2036,N21,VIIRS,n,2.0NRT,288.77,1.67,N
22.39875,79.38985,302.47,0.46,0.39,2026-03-17,2036,N21,VIIRS,n,2.0NRT,288.8,1.07,N
22.39937,76.44309,302.57,0.38,0.36,2026-03-17,2036,N21,VIIRS,n,2.0NRT,291.21,0.32,N
22.40196,69.02069,305.71,0.5,0.49,2026-03-17,2036,N21,VIIRS,n,2.0NRT,294.31,1.16,N
22.40697,76.3951,301.88,0.38,0.36,2026-03-17,2036,N21,VIIRS,n,2.0NRT,289.02,0.44,N
22.40749,76.88348,305.84,0.39,0.36,2026-03-17,2036,N21,VIIRS,n,2.0NRT,286.21,0.9,N
22.40827,76.25871,310.1,0.38,0.36,2026-03-17,2036,N21,VIIRS,n,2.0NRT,292.17,1.11,N
22.41018,76.88782,303.2,0.39,0.36,2026-03-17,2036,N21,VIIRS,n,2.0NRT,287,0.68,N
22.41097,76.263,312.88,0.38,0.36,2026-03-17,2036,N21,VIIRS,n,2.0NRT,292.36,1.11,N
22.41156,76.43013,307.14,0.38,0.36,2026-03-17,2036,N21,VIIRS,n,2.0NRT,291.07,0.66,N
22.41204,78.98097,309.68,0.44,0.38,2026-03-17,2036,N21,VIIRS,n,2.0NRT,292.49,1.57,N
22.41345,76.67809,303.03,0.39,0.36,2026-03-17,2036,N21,VIIRS,n,2.0NRT,289.31,0.36,N
22.41377,69.03693,303.63,0.5,0.49,2026-03-17,2036,N21,VIIRS,n,2.0NRT,293.45,1.39,N
22.41812,79.17801,303.47,0.45,0.39,2026-03-17,2036,N21,VIIRS,n,2.0NRT,290.11,1.47,N
22.42875,69.83257,306.83,0.45,0.47,2026-03-17,2036,N21,VIIRS,n,2.0NRT,293.96,1.21,N
22.43972,76.03685,335.37,0.38,0.36,2026-03-17,2036,N21,VIIRS,n,2.0NRT,293.14,4.07,N
22.4491,76.89893,313.95,0.39,0.36,2026-03-17,2036,N21,VIIRS,n,2.0NRT,287.12,1.51,N
22.4497,75.86424,304.25,0.38,0.36,2026-03-17,2036,N21,VIIRS,n,2.0NRT,289.64,0.75,N
22.45241,75.86852,309.15,0.38,0.36,2026-03-17,2036,N21,VIIRS,n,2.0NRT,288.57,0.75,N
22.45512,75.87278,304.43,0.38,0.36,2026-03-17,2036,N21,VIIRS,n,2.0NRT,286.95,0.4,N
22.47226,74.14175,312.3,0.41,0.37,2026-03-17,2036,N21,VIIRS,n,2.0NRT,294.1,1.33,N
22.47236,76.0655,301.95,0.38,0.36,2026-03-17,2036,N21,VIIRS,n,2.0NRT,288.71,0.35,N
22.47606,76.36999,303.61,0.38,0.36,2026-03-17,2036,N21,VIIRS,n,2.0NRT,290.41,0.66,N
22.47706,74.8998,297.92,0.39,0.37,2026-03-17,2036,N21,VIIRS,n,2.0NRT,283.58,0.63,N
22.48039,74.90039,307.1,0.39,0.37,2026-03-17,2036,N21,VIIRS,n,2.0NRT,285.09,1.19,N
22.48096,74.89658,314.57,0.39,0.37,2026-03-17,2036,N21,VIIRS,n,2.0NRT,284.49,1.19,N
22.48178,76.09781,304.37,0.38,0.36,2026-03-17,2036,N21,VIIRS,n,2.0NRT,286.53,0.59,N
22.48506,76.0984,299.8,0.38,0.36,2026-03-17,2036,N21,VIIRS,n,2.0NRT,285.84,0.59,N
22.48564,76.09471,306.98,0.38,0.36,2026-03-17,2036,N21,VIIRS,n,2.0NRT,285.93,0.99,N
22.49275,76.28573,305.07,0.38,0.36,2026-03-17,2036,N21,VIIRS,n,2.0NRT,291.29,0.72,N
22.49295,75.86818,314.02,0.38,0.36,2026-03-17,2036,N21,VIIRS,n,2.0NRT,284.78,1.24,N
22.49335,76.08852,307.63,0.38,0.36,2026-03-17,2036,N21,VIIRS,n,2.0NRT,289.46,0.91,N
22.49352,75.86449,308.57,0.38,0.36,2026-03-17,2036,N21,VIIRS,n,2.0NRT,286.64,1.24,N
22.49664,76.08911,321.59,0.38,0.36,2026-03-17,2036,N21,VIIRS,n,2.0NRT,289.15,2.13,N
22.50588,77.09736,316.46,0.39,0.36,2026-03-17,2036,N21,VIIRS,n,2.0NRT,288.57,1.25,N
22.50648,77.09361,311.84,0.39,0.36,2026-03-17,2036,N21,VIIRS,n,2.0NRT,287.87,1.25,N
22.50784,76.1253,300.14,0.38,0.36,2026-03-17,2036,N21,VIIRS,n,2.0NRT,288.09,0.39,N
22.50989,79.40157,303.16,0.46,0.39,2026-03-17,2036,N21,VIIRS,n,2.0NRT,291.33,1.6,N
22.51013,74.14436,305.97,0.41,0.37,2026-03-17,2036,N21,VIIRS,n,2.0NRT,294.34,1.2,N
22.51068,79.39711,318.75,0.46,0.39,2026-03-17,2036,N21,VIIRS,n,2.0NRT,291.89,1.6,N
22.52384,76.52251,302.15,0.38,0.36,2026-03-17,2036,N21,VIIRS,n,2.0NRT,290.65,0.58,N
22.55091,76.64942,324.71,0.39,0.36,2026-03-17,2036,N21,VIIRS,n,2.0NRT,287.59,2.95,N
22.5515,76.64571,330.85,0.39,0.36,2026-03-17,2036,N21,VIIRS,n,2.0NRT,289.04,4.63,N
22.55288,75.25667,302.31,0.39,0.36,2026-03-17,2036,N21,VIIRS,n,2.0NRT,272.11,0.49,N
22.55879,77.08748,304.1,0.39,0.36,2026-03-17,2036,N21,VIIRS,n,2.0NRT,287.8,0.55,N
22.56885,76.23821,309.06,0.38,0.36,2026-03-17,2036,N21,VIIRS,n,2.0NRT,291.37,0.88,N
22.57969,79.31692,301.47,0.45,0.39,2026-03-17,2036,N21,VIIRS,n,2.0NRT,287.95,0.52,N
22.5829,76.68207,305.98,0.39,0.36,2026-03-17,2036,N21,VIIRS,n,2.0NRT,286.95,0.8,N
22.58486,76.09302,303.52,0.38,0.36,2026-03-17,2036,N21,VIIRS,n,2.0NRT,290.65,0.62,N
22.58892,76.26085,315.01,0.38,0.36,2026-03-17,2036,N21,VIIRS,n,2.0NRT,295.2,1.68,N
22.59332,75.07854,307.85,0.39,0.36,2026-03-17,2036,N21,VIIRS,n,2.0NRT,283.39,0.7,N
22.59839,76.11446,309.64,0.38,0.36,2026-03-17,2036,N21,VIIRS,n,2.0NRT,290.75,1.41,N
22.59963,78.01092,307.33,0.41,0.37,2026-03-17,2036,N21,VIIRS,n,2.0NRT,295.37,1.65,N
22.60636,78.01219,307.88,0.41,0.37,2026-03-17,2036,N21,VIIRS,n,2.0NRT,294.77,1.25,N
22.60702,78.00827,306.27,0.41,0.37,2026-03-17,2036,N21,VIIRS,n,2.0NRT,294.57,1.25,N
22.61039,78.00892,316.89,0.41,0.37,2026-03-17,2036,N21,VIIRS,n,2.0NRT,295.14,1.25,N
22.61357,76.31844,299.54,0.38,0.36,2026-03-17,2036,N21,VIIRS,n,2.0NRT,286.97,0.34,N
22.61416,76.31475,304.66,0.38,0.36,2026-03-17,2036,N21,VIIRS,n,2.0NRT,288.2,1.05,N
22.6189,76.5891,334.86,0.39,0.36,2026-03-17,2036,N21,VIIRS,n,2.0NRT,295.18,4.52,N
22.65405,76.43188,307.2,0.38,0.36,2026-03-17,2036,N21,VIIRS,n,2.0NRT,289.62,0.59,N
22.65675,76.43617,300.98,0.38,0.36,2026-03-17,2036,N21,VIIRS,n,2.0NRT,288.53,0.59,N
22.6669,78.56496,307.41,0.42,0.38,2026-03-17,2036,N21,VIIRS,n,2.0NRT,295.48,1.6,N
22.66865,78.84456,309.33,0.43,0.38,2026-03-17,2036,N21,VIIRS,n,2.0NRT,294.53,1.26,N
22.67841,79.4378,304.92,0.46,0.39,2026-03-17,2036,N21,VIIRS,n,2.0NRT,290.53,0.96,N
22.67847,79.44009,304.11,0.46,0.39,2026-03-17,2036,N21,VIIRS,n,2.0NRT,290.73,0.71,N
22.6822,76.61606,303.58,0.39,0.36,2026-03-17,2036,N21,VIIRS,n,2.0NRT,291.46,1.07,N
22.68323,78.61417,316.52,0.42,0.38,2026-03-17,2036,N21,VIIRS,n,2.0NRT,294.66,3.04,N
22.68726,76.60555,322.12,0.39,0.36,2026-03-17,2036,N21,VIIRS,n,2.0NRT,292.53,2.47,N
22.68732,78.61095,311.01,0.42,0.38,2026-03-17,2036,N21,VIIRS,n,2.0NRT,295.04,1.47,N
22.68811,78.54433,304.42,0.42,0.38,2026-03-17,2036,N21,VIIRS,n,2.0NRT,292.18,1.06,N
22.69073,78.61172,305.36,0.42,0.38,2026-03-17,2036,N21,VIIRS,n,2.0NRT,295.19,0.93,N
22.69415,78.6125,306.12,0.42,0.38,2026-03-17,2036,N21,VIIRS,n,2.0NRT,294.49,0.93,N
22.69425,78.54978,309.32,0.42,0.38,2026-03-17,2036,N21,VIIRS,n,2.0NRT,292.51,1.08,N
22.69766,78.55049,303.47,0.42,0.38,2026-03-17,2036,N21,VIIRS,n,2.0NRT,290.24,1.08,N
22.69873,79.05353,302.13,0.44,0.38,2026-03-17,2036,N21,VIIRS,n,2.0NRT,290.28,0.49,N
22.69969,78.5593,310.01,0.42,0.38,2026-03-17,2036,N21,VIIRS,n,2.0NRT,290.94,1.26,N
22.7005,78.94041,303.62,0.44,0.38,2026-03-17,2036,N21,VIIRS,n,2.0NRT,293.6,0.92,N
22.70311,78.56001,308.32,0.42,0.38,2026-03-17,2036,N21,VIIRS,n,2.0NRT,289.99,1.26,N
22.70569,79.05497,301.46,0.44,0.38,2026-03-17,2036,N21,VIIRS,n,2.0NRT,290.43,0.55,N
22.70713,78.61944,314.44,0.42,0.38,2026-03-17,2036,N21,VIIRS,n,2.0NRT,294.27,1.03,N
22.70795,80.20952,299.46,0.49,0.41,2026-03-17,2036,N21,VIIRS,n,2.0NRT,279.44,1.01,N
22.7085,78.63219,315.03,0.42,0.38,2026-03-17,2036,N21,VIIRS,n,2.0NRT,294.12,1.61,N
22.70918,79.05568,301.78,0.44,0.38,2026-03-17,2036,N21,VIIRS,n,2.0NRT,291.61,0.67,N
22.70919,78.62815,307.27,0.42,0.38,2026-03-17,2036,N21,VIIRS,n,2.0NRT,294.56,1.61,N
22.70936,78.64436,304.37,0.42,0.38,2026-03-17,2036,N21,VIIRS,n,2.0NRT,293.88,0.93,N
22.71009,78.6402,320.01,0.42,0.38,2026-03-17,2036,N21,VIIRS,n,2.0NRT,296.02,2.67,N
22.71055,78.64098,317.41,0.42,0.38,2026-03-17,2036,N21,VIIRS,n,2.0NRT,295.91,1.49,N
22.71125,78.63684,304.74,0.42,0.38,2026-03-17,2036,N21,VIIRS,n,2.0NRT,293.99,1.49,N
22.71146,76.49567,302.88,0.38,0.36,2026-03-17,2036,N21,VIIRS,n,2.0NRT,291.94,0.54,N
22.71151,78.63206,320.34,0.42,0.38,2026-03-17,2036,N21,VIIRS,n,2.0NRT,295.97,3.53,N
22.71194,78.63279,319.83,0.42,0.38,2026-03-17,2036,N21,VIIRS,n,2.0NRT,295.95,1.61,N
22.71391,76.52281,322.38,0.38,0.36,2026-03-17,2036,N21,VIIRS,n,2.0NRT,293.56,1.67,N
22.71423,78.63677,323.19,0.42,0.38,2026-03-17,2036,N21,VIIRS,n,2.0NRT,295.38,2.67,N
22.71493,78.63277,337.06,0.42,0.38,2026-03-17,2036,N21,VIIRS,n,2.0NRT,297.28,3.53,N
22.71562,78.62876,318.06,0.42,0.38,2026-03-17,2036,N21,VIIRS,n,2.0NRT,295.64,3.53,N
22.71764,78.63757,318.17,0.42,0.38,2026-03-17,2036,N21,VIIRS,n,2.0NRT,295.79,2.14,N
22.71903,78.62954,310.46,0.42,0.38,2026-03-17,2036,N21,VIIRS,n,2.0NRT,294.52,2.18,N
22.71973,78.62554,305.83,0.42,0.38,2026-03-17,2036,N21,VIIRS,n,2.0NRT,293.47,1.42,N
22.72001,78.82845,311.84,0.43,0.38,2026-03-17,2036,N21,VIIRS,n,2.0NRT,295.61,1.54,N
22.72034,78.6424,311.45,0.42,0.38,2026-03-17,2036,N21,VIIRS,n,2.0NRT,293.31,2.14,N
22.72918,78.65276,303.15,0.42,0.38,2026-03-17,2036,N21,VIIRS,n,2.0NRT,292.23,0.8,N
22.73548,78.8835,306.38,0.43,0.38,2026-03-17,2036,N21,VIIRS,n,2.0NRT,296.26,1.36,N
22.74331,76.9373,309.81,0.39,0.36,2026-03-17,2036,N21,VIIRS,n,2.0NRT,290.91,2.06,N
22.7436,79.17478,301.31,0.44,0.39,2026-03-17,2036,N21,VIIRS,n,2.0NRT,290.74,1.1,N
22.74367,78.89821,306.59,0.43,0.38,2026-03-17,2036,N21,VIIRS,n,2.0NRT,293.55,0.61,N
22.74483,76.82253,318.6,0.39,0.36,2026-03-17,2036,N21,VIIRS,n,2.0NRT,292.02,1.81,N
22.74673,79.25957,329.73,0.45,0.39,2026-03-17,2036,N21,VIIRS,n,2.0NRT,291.47,2,N
22.7472,76.93419,302.82,0.39,0.36,2026-03-17,2036,N21,VIIRS,n,2.0NRT,290.28,0.37,N
22.74859,76.65121,307.68,0.39,0.36,2026-03-17,2036,N21,VIIRS,n,2.0NRT,290.89,0.62,N
22.75023,79.26036,303.49,0.45,0.39,2026-03-17,2036,N21,VIIRS,n,2.0NRT,289.56,2,N
22.75073,76.70125,306.05,0.39,0.36,2026-03-17,2036,N21,VIIRS,n,2.0NRT,291.87,1.15,N
22.75402,76.70187,355.68,0.39,0.36,2026-03-17,2036,N21,VIIRS,n,2.0NRT,298.18,7.66,N
22.7573,76.70248,326.77,0.39,0.36,2026-03-17,2036,N21,VIIRS,n,2.0NRT,290.53,7.66,N
22.76546,76.88387,313.96,0.39,0.36,2026-03-17,2036,N21,VIIRS,n,2.0NRT,293.79,2.12,N
22.76845,78.92064,305.66,0.43,0.38,2026-03-17,2036,N21,VIIRS,n,2.0NRT,293.41,1.22,N
22.77049,78.92963,305.98,0.43,0.38,2026-03-17,2036,N21,VIIRS,n,2.0NRT,294.43,1.64,N
22.77072,78.91937,306.06,0.43,0.38,2026-03-17,2036,N21,VIIRS,n,2.0NRT,292.59,2.29,N
22.77127,78.93662,307.43,0.43,0.38,2026-03-17,2036,N21,VIIRS,n,2.0NRT,294.29,1.9,N
22.77191,78.92139,310.48,0.43,0.38,2026-03-17,2036,N21,VIIRS,n,2.0NRT,293.94,1.22,N
22.772,78.93248,316.61,0.43,0.38,2026-03-17,2036,N21,VIIRS,n,2.0NRT,294.25,1.86,N
22.77272,78.92835,308.9,0.43,0.38,2026-03-17,2036,N21,VIIRS,n,2.0NRT,293.85,1.86,N
22.77398,78.94162,304.48,0.43,0.38,2026-03-17,2036,N21,VIIRS,n,2.0NRT,292.88,1.23,N
22.77446,76.59493,307.34,0.39,0.36,2026-03-17,2036,N21,VIIRS,n,2.0NRT,292,1,N
22.77656,76.60295,328.25,0.39,0.36,2026-03-17,2036,N21,VIIRS,n,2.0NRT,294.76,1.52,N
22.77985,76.60354,308.3,0.39,0.36,2026-03-17,2036,N21,VIIRS,n,2.0NRT,292.26,1.52,N
22.79645,76.73266,316.97,0.39,0.36,2026-03-17,2036,N21,VIIRS,n,2.0NRT,294.19,1.63,N
22.79857,77.72514,306.45,0.4,0.37,2026-03-17,2036,N21,VIIRS,n,2.0NRT,294.29,2.05,N
22.80709,76.51709,301.92,0.38,0.36,2026-03-17,2036,N21,VIIRS,n,2.0NRT,290.12,0.87,N
22.80883,77.01817,307.71,0.39,0.36,2026-03-17,2036,N21,VIIRS,n,2.0NRT,294.81,0.88,N
22.80916,76.99518,304.1,0.39,0.36,2026-03-17,2036,N21,VIIRS,n,2.0NRT,291.27,0.51,N
22.80944,77.01443,309.38,0.39,0.36,2026-03-17,2036,N21,VIIRS,n,2.0NRT,295.29,1.14,N
22.80978,76.52139,303.24,0.38,0.36,2026-03-17,2036,N21,VIIRS,n,2.0NRT,290.7,0.69,N
22.81004,77.01069,308.68,0.39,0.36,2026-03-17,2036,N21,VIIRS,n,2.0NRT,294.6,1.14,N
22.81037,76.5177,306.42,0.38,0.36,2026-03-17,2036,N21,VIIRS,n,2.0NRT,289.74,0.62,N
22.81065,77.73526,333.45,0.4,0.37,2026-03-17,2036,N21,VIIRS,n,2.0NRT,293.74,4.22,N
22.81129,77.73144,307.18,0.4,0.37,2026-03-17,2036,N21,VIIRS,n,2.0NRT,292.9,2.15,N
22.81273,77.01505,304.97,0.39,0.36,2026-03-17,2036,N21,VIIRS,n,2.0NRT,293.78,0.78,N
22.81399,77.73587,334.78,0.4,0.37,2026-03-17,2036,N21,VIIRS,n,2.0NRT,294.17,4.22,N
22.81462,77.73206,320.01,0.4,0.37,2026-03-17,2036,N21,VIIRS,n,2.0NRT,294.49,2.15,N
22.81575,79.77753,300.54,0.47,0.4,2026-03-17,2036,N21,VIIRS,n,2.0NRT,290.42,0.96,N
22.81796,77.7327,310.89,0.4,0.37,2026-03-17,2036,N21,VIIRS,n,2.0NRT,292.46,2.04,N
22.82113,77.00508,318.89,0.39,0.36,2026-03-17,2036,N21,VIIRS,n,2.0NRT,295,1.9,N
22.82173,77.00136,311.46,0.39,0.36,2026-03-17,2036,N21,VIIRS,n,2.0NRT,293.31,1.02,N
22.82274,76.72163,304.38,0.39,0.36,2026-03-17,2036,N21,VIIRS,n,2.0NRT,291.47,0.65,N
22.83351,76.82315,303.65,0.39,0.36,2026-03-17,2036,N21,VIIRS,n,2.0NRT,292.91,0.48,N
22.83944,76.9547,329.84,0.39,0.36,2026-03-17,2036,N21,VIIRS,n,2.0NRT,294.98,3.02,N
22.8404,79.49282,302.8,0.46,0.39,2026-03-17,2036,N21,VIIRS,n,2.0NRT,289.67,0.72,N
22.84213,76.95904,304.43,0.39,0.36,2026-03-17,2036,N21,VIIRS,n,2.0NRT,293.97,0.89,N
22.84472,79.48914,307.43,0.46,0.39,2026-03-17,2036,N21,VIIRS,n,2.0NRT,291.89,1.67,N
22.84516,79.50739,302.74,0.46,0.39,2026-03-17,2036,N21,VIIRS,n,2.0NRT,288.86,0.8,N
22.84524,77.19421,316.61,0.39,0.36,2026-03-17,2036,N21,VIIRS,n,2.0NRT,294.02,1.18,N
22.84574,77.29507,333.78,0.39,0.36,2026-03-17,2036,N21,VIIRS,n,2.0NRT,296.01,6.04,N
22.84857,79.46738,308.47,0.46,0.39,2026-03-17,2036,N21,VIIRS,n,2.0NRT,290.1,0.68,N
22.8487,79.50815,305.53,0.46,0.39,2026-03-17,2036,N21,VIIRS,n,2.0NRT,289.89,1.37,N
22.85201,76.96088,310.66,0.39,0.36,2026-03-17,2036,N21,VIIRS,n,2.0NRT,294.24,0.81,N
22.85261,76.95715,303.2,0.39,0.36,2026-03-17,2036,N21,VIIRS,n,2.0NRT,292.88,0.81,N
22.85423,77.11534,305.53,0.39,0.36,2026-03-17,2036,N21,VIIRS,n,2.0NRT,293.36,0.64,N
22.8543,79.77938,301.55,0.47,0.4,2026-03-17,2036,N21,VIIRS,n,2.0NRT,288.35,1.16,N
22.86692,77.0823,316.3,0.39,0.36,2026-03-17,2036,N21,VIIRS,n,2.0NRT,293.04,1.38,N
22.87021,77.08293,308.84,0.39,0.36,2026-03-17,2036,N21,VIIRS,n,2.0NRT,293.58,1.3,N
22.87442,77.26561,302.57,0.39,0.36,2026-03-17,2036,N21,VIIRS,n,2.0NRT,292.47,1.02,N
22.87509,80.05883,300.64,0.48,0.4,2026-03-17,2036,N21,VIIRS,n,2.0NRT,288.82,1.29,N
22.87534,77.0723,307.21,0.39,0.36,2026-03-17,2036,N21,VIIRS,n,2.0NRT,293.85,1.25,N
22.87604,77.02622,308.83,0.39,0.36,2026-03-17,2036,N21,VIIRS,n,2.0NRT,292.28,1.17,N
22.87619,77.08791,305.81,0.39,0.36,2026-03-17,2036,N21,VIIRS,n,2.0NRT,293.31,0.85,N
22.8768,77.08415,307.41,0.39,0.36,2026-03-17,2036,N21,VIIRS,n,2.0NRT,294.14,0.85,N
22.87791,77.11912,307.23,0.39,0.36,2026-03-17,2036,N21,VIIRS,n,2.0NRT,293.28,0.85,N
22.88823,79.77689,300.94,0.47,0.4,2026-03-17,2036,N21,VIIRS,n,2.0NRT,290.72,0.44,N
22.88834,77.32638,317.64,0.39,0.36,2026-03-17,2036,N21,VIIRS,n,2.0NRT,292.94,1.34,N
22.89024,77.43996,313.15,0.39,0.36,2026-03-17,2036,N21,VIIRS,n,2.0NRT,291.96,1.54,N
22.89418,77.43676,307.64,0.39,0.36,2026-03-17,2036,N21,VIIRS,n,2.0NRT,292.4,0.98,N
22.895,77.73981,308.76,0.4,0.37,2026-03-17,2036,N21,VIIRS,n,2.0NRT,293.56,1.28,N
22.89622,77.38252,314.31,0.39,0.36,2026-03-17,2036,N21,VIIRS,n,2.0NRT,292.94,1.48,N
22.8975,77.43738,306.61,0.39,0.36,2026-03-17,2036,N21,VIIRS,n,2.0NRT,292.59,0.98,N
22.9035,77.4425,303.34,0.39,0.36,2026-03-17,2036,N21,VIIRS,n,2.0NRT,291.59,0.9,N
22.90412,77.43867,307,0.39,0.36,2026-03-17,2036,N21,VIIRS,n,2.0NRT,291.1,0.9,N
22.9059,74.41303,318.72,0.41,0.37,2026-03-17,2036,N21,VIIRS,n,2.0NRT,290.62,1.27,N
22.90736,77.20971,303.34,0.39,0.36,2026-03-17,2036,N21,VIIRS,n,2.0NRT,291.38,0.58,N
22.9084,77.34967,317.96,0.39,0.36,2026-03-17,2036,N21,VIIRS,n,2.0NRT,293.4,1.29,N
22.90885,77.38877,301.78,0.39,0.36,2026-03-17,2036,N21,VIIRS,n,2.0NRT,291.53,1.05,N
22.90902,77.34589,309.97,0.39,0.36,2026-03-17,2036,N21,VIIRS,n,2.0NRT,292.19,1.29,N
22.90947,77.38499,313.39,0.39,0.36,2026-03-17,2036,N21,VIIRS,n,2.0NRT,292.4,1.05,N
22.91016,77.17157,304.08,0.39,0.36,2026-03-17,2036,N21,VIIRS,n,2.0NRT,292.39,0.86,N
22.92713,77.44299,313.71,0.39,0.36,2026-03-17,2036,N21,VIIRS,n,2.0NRT,292.23,1.16,N
22.9297,74.02981,305.32,0.42,0.38,2026-03-17,2036,N21,VIIRS,n,2.0NRT,292.35,0.92,N
22.93045,77.44361,304.79,0.39,0.36,2026-03-17,2036,N21,VIIRS,n,2.0NRT,294.34,1.16,N
22.93172,77.74651,304.31,0.4,0.37,2026-03-17,2036,N21,VIIRS,n,2.0NRT,292.44,0.8,N
22.93379,77.75483,309.29,0.4,0.37,2026-03-17,2036,N21,VIIRS,n,2.0NRT,292,1.05,N
22.93407,69.69646,305.12,0.46,0.47,2026-03-17,2036,N21,VIIRS,n,2.0NRT,292.86,1.05,N
22.93442,77.75099,302.39,0.4,0.37,2026-03-17,2036,N21,VIIRS,n,2.0NRT,292.27,1.05,N
22.93506,77.74716,310.24,0.4,0.37,2026-03-17,2036,N21,VIIRS,n,2.0NRT,292,0.8,N
22.93769,77.44111,306.01,0.39,0.36,2026-03-17,2036,N21,VIIRS,n,2.0NRT,292.39,0.73,N
22.94025,79.23947,329.91,0.44,0.39,2026-03-17,2036,N21,VIIRS,n,2.0NRT,287.98,3.5,N
22.94295,77.82415,324.18,0.4,0.37,2026-03-17,2036,N21,VIIRS,n,2.0NRT,294.52,2.23,N
22.94359,77.82028,305.81,0.4,0.37,2026-03-17,2036,N21,VIIRS,n,2.0NRT,292.39,1.02,N
22.9437,77.4461,314.93,0.39,0.36,2026-03-17,2036,N21,VIIRS,n,2.0NRT,293.55,1.5,N
22.94432,77.44237,305.3,0.39,0.36,2026-03-17,2036,N21,VIIRS,n,2.0NRT,292.59,0.79,N
22.94629,77.82481,306.85,0.4,0.37,2026-03-17,2036,N21,VIIRS,n,2.0NRT,293.36,1.33,N
22.94702,77.44673,315.89,0.39,0.36,2026-03-17,2036,N21,VIIRS,n,2.0NRT,292.78,1.38,N
22.94763,77.44298,315.38,0.39,0.36,2026-03-17,2036,N21,VIIRS,n,2.0NRT,293.95,1.22,N
22.94825,77.43924,314.42,0.39,0.36,2026-03-17,2036,N21,VIIRS,n,2.0NRT,293.34,1.22,N
22.94886,79.75925,311.02,0.47,0.4,2026-03-17,2036,N21,VIIRS,n,2.0NRT,291.85,1.52,N
22.95031,79.76194,311.02,0.47,0.4,2026-03-17,2036,N21,VIIRS,n,2.0NRT,292.41,1.48,N
22.95095,77.4436,305.79,0.39,0.36,2026-03-17,2036,N21,VIIRS,n,2.0NRT,292.08,1.22,N
22.951,79.71609,300.37,0.47,0.39,2026-03-17,2036,N21,VIIRS,n,2.0NRT,288.09,1.15,N
22.95473,77.79465,303.69,0.4,0.37,2026-03-17,2036,N21,VIIRS,n,2.0NRT,291.64,0.49,N
22.9548,77.19167,304.3,0.39,0.36,2026-03-17,2036,N21,VIIRS,n,2.0NRT,289.6,0.8,N
22.95541,77.18791,315.77,0.39,0.36,2026-03-17,2036,N21,VIIRS,n,2.0NRT,290.57,1.63,N
22.9563,77.82683,304.58,0.4,0.37,2026-03-17,2036,N21,VIIRS,n,2.0NRT,291.34,0.71,N
22.9581,77.19231,307.22,0.39,0.36,2026-03-17,2036,N21,VIIRS,n,2.0NRT,289.01,0.8,N
22.95871,77.18855,311.95,0.39,0.36,2026-03-17,2036,N21,VIIRS,n,2.0NRT,289.65,1.63,N
22.98526,77.31767,304.17,0.39,0.36,2026-03-17,2036,N21,VIIRS,n,2.0NRT,291.07,0.62,N
22.98566,77.72833,314.29,0.4,0.37,2026-03-17,2036,N21,VIIRS,n,2.0NRT,292.83,2.14,N
22.98899,77.729,316.13,0.4,0.37,2026-03-17,2036,N21,VIIRS,n,2.0NRT,292.97,2.03,N
22.99504,77.42467,318.58,0.39,0.36,2026-03-17,2036,N21,VIIRS,n,2.0NRT,293.49,1.55,N
22.99548,77.1298,303.81,0.39,0.36,2026-03-17,2036,N21,VIIRS,n,2.0NRT,288.69,1.13,N
22.99566,71.17146,311.84,0.57,0.43,2026-03-17,2036,N21,VIIRS,n,2.0NRT,292.51,2.2,N
22.99566,77.42087,315.91,0.39,0.36,2026-03-17,2036,N21,VIIRS,n,2.0NRT,294.16,1.99,N
22.99752,77.40951,306.23,0.39,0.36,2026-03-17,2036,N21,VIIRS,n,2.0NRT,292.62,0.7,N
22.9977,71.15495,304.23,0.57,0.43,2026-03-17,2036,N21,VIIRS,n,2.0NRT,293.02,0.59,N
22.99863,77.2775,307.92,0.39,0.36,2026-03-17,2036,N21,VIIRS,n,2.0NRT,289.4,0.89,N
22.99897,77.42151,314.73,0.39,0.36,2026-03-17,2036,N21,VIIRS,n,2.0NRT,292.91,1.37,N
23.00326,78.01505,305.72,0.4,0.37,2026-03-17,2036,N21,VIIRS,n,2.0NRT,292.7,1.17,N
23.00414,77.41076,303.23,0.39,0.36,2026-03-17,2036,N21,VIIRS,n,2.0NRT,292.33,0.98,N
23.0092,78.00027,310.65,0.4,0.37,2026-03-17,2036,N21,VIIRS,n,2.0NRT,292.54,1.25,N
23.00984,77.99642,312.17,0.4,0.37,2026-03-17,2036,N21,VIIRS,n,2.0NRT,292.89,1.25,N
23.01276,79.7547,300.96,0.47,0.39,2026-03-17,2036,N21,VIIRS,n,2.0NRT,288.17,0.5,N
23.0223,79.78439,301.15,0.47,0.4,2026-03-17,2036,N21,VIIRS,n,2.0NRT,290.48,0.88,N
23.02484,77.92723,306.63,0.4,0.37,2026-03-17,2036,N21,VIIRS,n,2.0NRT,290.11,0.6,N
23.02522,77.40706,305.91,0.39,0.36,2026-03-17,2036,N21,VIIRS,n,2.0NRT,292.27,0.55,N
23.02668,79.78066,300.87,0.47,0.4,2026-03-17,2036,N21,VIIRS,n,2.0NRT,290.18,1.1,N
23.04204,77.347,323.81,0.39,0.36,2026-03-17,2036,N21,VIIRS,n,2.0NRT,292.61,1.97,N
23.04658,77.3401,302.5,0.39,0.36,2026-03-17,2036,N21,VIIRS,n,2.0NRT,291.29,0.75,N
23.05464,77.3533,305.11,0.39,0.36,2026-03-17,2036,N21,VIIRS,n,2.0NRT,291.91,0.81,N
23.05525,77.34956,310.61,0.39,0.36,2026-03-17,2036,N21,VIIRS,n,2.0NRT,290.96,0.81,N
23.05794,77.35396,307.92,0.39,0.36,2026-03-17,2036,N21,VIIRS,n,2.0NRT,291.57,0.94,N
23.05856,77.3502,311.05,0.39,0.36,2026-03-17,2036,N21,VIIRS,n,2.0NRT,290.14,0.94,N
23.05885,75.12611,302.24,0.39,0.36,2026-03-17,2036,N21,VIIRS,n,2.0NRT,280.9,0.69,N
23.08627,77.68082,302.04,0.4,0.37,2026-03-17,2036,N21,VIIRS,n,2.0NRT,291.65,0.56,N
23.08834,77.68911,302.38,0.4,0.37,2026-03-17,2036,N21,VIIRS,n,2.0NRT,291.82,0.84,N
23.08896,77.68529,309.76,0.4,0.37,2026-03-17,2036,N21,VIIRS,n,2.0NRT,292.94,0.84,N
23.09053,77.69274,303.42,0.4,0.37,2026-03-17,2036,N21,VIIRS,n,2.0NRT,291.74,1.19,N
23.09117,77.6889,340.62,0.4,0.37,2026-03-17,2036,N21,VIIRS,n,2.0NRT,294.73,2.7,N
23.09181,77.68509,319.21,0.4,0.37,2026-03-17,2036,N21,VIIRS,n,2.0NRT,293.23,2.7,N
23.09513,77.68573,313.46,0.4,0.37,2026-03-17,2036,N21,VIIRS,n,2.0NRT,292.85,2.7,N
23.09711,73.71204,308.81,0.43,0.38,2026-03-17,2036,N21,VIIRS,n,2.0NRT,293.23,1.63,N
23.09846,77.68639,302.18,0.4,0.37,2026-03-17,2036,N21,VIIRS,n,2.0NRT,288.37,0.68,N
23.10566,70.18742,305.82,0.43,0.46,2026-03-17,2036,N21,VIIRS,n,2.0NRT,294.91,1.2,N
23.11024,73.79482,315.88,0.43,0.38,2026-03-17,2036,N21,VIIRS,n,2.0NRT,292.95,1.79,N
23.11083,73.79067,306.08,0.43,0.38,2026-03-17,2036,N21,VIIRS,n,2.0NRT,292.03,0.71,N
23.11152,73.73565,305.03,0.43,0.38,2026-03-17,2036,N21,VIIRS,n,2.0NRT,292.12,0.88,N
23.1121,73.73154,307.09,0.43,0.38,2026-03-17,2036,N21,VIIRS,n,2.0NRT,293.42,1.2,N
23.13371,77.88785,304.93,0.4,0.37,2026-03-17,2036,N21,VIIRS,n,2.0NRT,290.42,1.36,N
23.13932,81.49142,297.39,0.57,0.43,2026-03-17,2036,N21,VIIRS,n,2.0NRT,261.85,2.38,N
23.16369,77.70692,302.06,0.4,0.37,2026-03-17,2036,N21,VIIRS,n,2.0NRT,289.99,0.52,N
23.16638,78.77843,321.22,0.43,0.38,2026-03-17,2036,N21,VIIRS,n,2.0NRT,288.5,1.94,N
23.16702,77.70756,302.73,0.4,0.37,2026-03-17,2036,N21,VIIRS,n,2.0NRT,291.02,0.52,N
23.17323,78.77984,298.17,0.43,0.38,2026-03-17,2036,N21,VIIRS,n,2.0NRT,286.81,0.61,N
23.17798,78.17323,322.78,0.41,0.37,2026-03-17,2036,N21,VIIRS,n,2.0NRT,293.73,2.85,N
23.1806,78.67564,314.29,0.42,0.38,2026-03-17,2036,N21,VIIRS,n,2.0NRT,291.09,1.82,N
23.18939,78.16734,307.79,0.41,0.37,2026-03-17,2036,N21,VIIRS,n,2.0NRT,292.08,1.08,N
23.19209,78.17193,307.91,0.41,0.37,2026-03-17,2036,N21,VIIRS,n,2.0NRT,292.78,1.08,N
23.19676,78.16483,302.29,0.41,0.37,2026-03-17,2036,N21,VIIRS,n,2.0NRT,290.46,0.78,N
23.19882,78.17324,305.9,0.41,0.37,2026-03-17,2036,N21,VIIRS,n,2.0NRT,292.03,1.38,N
23.19976,78.66693,309.64,0.42,0.38,2026-03-17,2036,N21,VIIRS,n,2.0NRT,290.79,1.65,N
23.20932,77.73912,306.09,0.4,0.37,2026-03-17,2036,N21,VIIRS,n,2.0NRT,293.37,1.47,N
23.21455,77.72835,312.03,0.4,0.37,2026-03-17,2036,N21,VIIRS,n,2.0NRT,295.02,1.51,N
23.21824,78.16098,306.37,0.41,0.37,2026-03-17,2036,N21,VIIRS,n,2.0NRT,293.4,0.77,N
23.21961,79.45354,305.56,0.45,0.39,2026-03-17,2036,N21,VIIRS,n,2.0NRT,291.47,0.9,N
23.22058,78.85136,302.86,0.43,0.38,2026-03-17,2036,N21,VIIRS,n,2.0NRT,290.75,0.76,N
23.22131,78.84724,304.49,0.43,0.38,2026-03-17,2036,N21,VIIRS,n,2.0NRT,290.9,1.42,N
23.22173,78.84893,312.03,0.43,0.38,2026-03-17,2036,N21,VIIRS,n,2.0NRT,291.09,1.65,N
23.22402,78.85205,302.62,0.43,0.38,2026-03-17,2036,N21,VIIRS,n,2.0NRT,290.97,0.76,N
23.22777,78.64764,299.39,0.42,0.38,2026-03-17,2036,N21,VIIRS,n,2.0NRT,289.18,0.69,N
23.2321,78.17065,304.56,0.41,0.37,2026-03-17,2036,N21,VIIRS,n,2.0NRT,293.8,1.09,N
23.23408,78.17939,312.8,0.41,0.37,2026-03-17,2036,N21,VIIRS,n,2.0NRT,293.11,1.84,N
23.23477,78.17537,322.86,0.41,0.37,2026-03-17,2036,N21,VIIRS,n,2.0NRT,295.95,1.84,N
23.24399,79.43937,327.8,0.45,0.39,2026-03-17,2036,N21,VIIRS,n,2.0NRT,290.87,3.47,N
23.24489,78.81393,302.12,0.43,0.38,2026-03-17,2036,N21,VIIRS,n,2.0NRT,289.12,1.01,N
23.24547,78.83097,303.16,0.43,0.38,2026-03-17,2036,N21,VIIRS,n,2.0NRT,290.27,0.56,N
23.26875,78.5516,304.65,0.42,0.37,2026-03-17,2036,N21,VIIRS,n,2.0NRT,290.35,0.93,N
23.28285,74.45368,308.71,0.41,0.37,2026-03-17,2036,N21,VIIRS,n,2.0NRT,293.44,1.41,N
23.2864,80.2281,311.14,0.49,0.4,2026-03-17,2036,N21,VIIRS,n,2.0NRT,292.38,2.05,N
23.297,79.42791,300.83,0.45,0.39,2026-03-17,2036,N21,VIIRS,n,2.0NRT,290.33,0.75,N
23.30126,79.4244,310.19,0.45,0.39,2026-03-17,2036,N21,VIIRS,n,2.0NRT,290.98,2.33,N
23.30476,79.42516,327.72,0.45,0.39,2026-03-17,2036,N21,VIIRS,n,2.0NRT,292.93,2.33,N
23.308,79.44811,300.71,0.45,0.39,2026-03-17,2036,N21,VIIRS,n,2.0NRT,289.59,1.15,N
23.30826,79.42591,311.13,0.45,0.39,2026-03-17,2036,N21,VIIRS,n,2.0NRT,290.84,1.63,N
23.30875,78.60809,300.74,0.42,0.38,2026-03-17,2036,N21,VIIRS,n,2.0NRT,290.15,0.54,N
23.30876,79.44381,311.57,0.45,0.39,2026-03-17,2036,N21,VIIRS,n,2.0NRT,288.86,1.15,N
23.31076,79.45319,304.37,0.45,0.39,2026-03-17,2036,N21,VIIRS,n,2.0NRT,289.38,0.93,N
23.31216,78.60873,310.32,0.42,0.38,2026-03-17,2036,N21,VIIRS,n,2.0NRT,292.25,1.59,N
23.31511,70.48736,304.48,0.42,0.45,2026-03-17,2036,N21,VIIRS,n,2.0NRT,294.14,1.39,N
23.31592,78.73087,305.33,0.42,0.38,2026-03-17,2036,N21,VIIRS,n,2.0NRT,291.36,1.11,N
23.31757,77.60256,301.69,0.39,0.37,2026-03-17,2036,N21,VIIRS,n,2.0NRT,291.37,0.6,N
23.31933,78.73158,311.85,0.42,0.38,2026-03-17,2036,N21,VIIRS,n,2.0NRT,291.39,1.52,N
23.32465,77.59925,306.53,0.39,0.37,2026-03-17,2036,N21,VIIRS,n,2.0NRT,292.27,1.32,N
23.3247,78.37162,308.56,0.41,0.37,2026-03-17,2036,N21,VIIRS,n,2.0NRT,291.97,1.69,N
23.32877,78.36828,304.34,0.41,0.37,2026-03-17,2036,N21,VIIRS,n,2.0NRT,292.86,1.61,N
23.34186,78.74459,302.07,0.42,0.38,2026-03-17,2036,N21,VIIRS,n,2.0NRT,289.44,0.83,N
23.34256,78.74049,304.6,0.42,0.38,2026-03-17,2036,N21,VIIRS,n,2.0NRT,290.72,0.83,N
23.34459,78.74933,314.42,0.42,0.38,2026-03-17,2036,N21,VIIRS,n,2.0NRT,290.99,3.01,N
23.34529,78.74525,329.34,0.42,0.38,2026-03-17,2036,N21,VIIRS,n,2.0NRT,292.11,3.07,N
23.34628,77.65459,309.75,0.4,0.37,2026-03-17,2036,N21,VIIRS,n,2.0NRT,290.79,1.24,N
23.34708,78.75328,312.46,0.42,0.38,2026-03-17,2036,N21,VIIRS,n,2.0NRT,292.09,2.81,N
23.34777,81.46294,300.51,0.56,0.43,2026-03-17,2036,N21,VIIRS,n,2.0NRT,288.22,0.93,N
23.34779,78.74919,331.62,0.42,0.38,2026-03-17,2036,N21,VIIRS,n,2.0NRT,294.59,2.81,N
23.34802,78.74995,332.51,0.42,0.38,2026-03-17,2036,N21,VIIRS,n,2.0NRT,294.94,3.01,N
23.34851,78.74511,335.74,0.42,0.38,2026-03-17,2036,N21,VIIRS,n,2.0NRT,295.63,2.66,N
23.34871,78.74586,319.67,0.42,0.38,2026-03-17,2036,N21,VIIRS,n,2.0NRT,293.85,3.07,N
23.34921,78.74104,302.39,0.42,0.38,2026-03-17,2036,N21,VIIRS,n,2.0NRT,291.17,2.66,N
23.34941,78.7418,328.06,0.42,0.38,2026-03-17,2036,N21,VIIRS,n,2.0NRT,292.47,3.07,N
23.34992,78.737,304.08,0.42,0.38,2026-03-17,2036,N21,VIIRS,n,2.0NRT,291,0.66,N
23.35009,78.73775,301.18,0.42,0.38,2026-03-17,2036,N21,VIIRS,n,2.0NRT,290.85,1.1,N
23.35264,78.74168,315.06,0.42,0.38,2026-03-17,2036,N21,VIIRS,n,2.0NRT,292.7,2.66,N
23.35364,73.97885,305.57,0.42,0.38,2026-03-17,2036,N21,VIIRS,n,2.0NRT,294.48,1.08,N
23.36757,77.58785,302.37,0.39,0.36,2026-03-17,2036,N21,VIIRS,n,2.0NRT,285.86,0.52,N
23.37199,78.83419,306.49,0.43,0.38,2026-03-17,2036,N21,VIIRS,n,2.0NRT,292.64,1.25,N
23.4238,78.9045,302.02,0.43,0.38,2026-03-17,2036,N21,VIIRS,n,2.0NRT,291.96,0.99,N
23.42629,78.07896,307.66,0.4,0.37,2026-03-17,2036,N21,VIIRS,n,2.0NRT,292.48,1.64,N
23.42723,78.9052,308.06,0.43,0.38,2026-03-17,2036,N21,VIIRS,n,2.0NRT,292.24,1.05,N
23.43348,78.6824,303.48,0.42,0.38,2026-03-17,2036,N21,VIIRS,n,2.0NRT,291.67,0.97,N
23.44444,78.09454,302.32,0.4,0.37,2026-03-17,2036,N21,VIIRS,n,2.0NRT,291.74,1.12,N
23.45981,79.72447,308.47,0.46,0.39,2026-03-17,2036,N21,VIIRS,n,2.0NRT,290.33,1.39,N
23.46228,78.9449,316.05,0.43,0.38,2026-03-17,2036,N21,VIIRS,n,2.0NRT,293.26,2.29,N
23.47809,74.31023,306.15,0.41,0.37,2026-03-17,2036,N21,VIIRS,n,2.0NRT,288.52,0.84,N
23.5123,78.98512,307.99,0.43,0.38,2026-03-17,2036,N21,VIIRS,n,2.0NRT,292.36,1.39,N
23.51301,78.981,305.1,0.43,0.38,2026-03-17,2036,N21,VIIRS,n,2.0NRT,292.19,1.11,N
23.58458,81.26522,300.07,0.54,0.42,2026-03-17,2036,N21,VIIRS,n,2.0NRT,288.2,0.91,N
23.60129,78.11208,304.82,0.4,0.37,2026-03-17,2036,N21,VIIRS,n,2.0NRT,291.27,1.06,N
23.61216,81.30947,319.27,0.55,0.42,2026-03-17,2036,N21,VIIRS,n,2.0NRT,291.19,3.92,N
23.64326,78.921,302.21,0.43,0.38,2026-03-17,2036,N21,VIIRS,n,2.0NRT,291.45,1.32,N
23.7034,78.61278,304.48,0.42,0.37,2026-03-17,2036,N21,VIIRS,n,2.0NRT,283.34,1.15,N
23.70865,78.55673,306.52,0.41,0.37,2026-03-17,2036,N21,VIIRS,n,2.0NRT,286.29,1.21,N
23.70965,78.55621,311.91,0.41,0.37,2026-03-17,2036,N21,VIIRS,n,2.0NRT,286.97,1.1,N
23.73449,81.54502,295.69,0.56,0.43,2026-03-17,2036,N21,VIIRS,n,2.0NRT,275.27,0.68,N
23.73771,74.40887,304.97,0.41,0.37,2026-03-17,2036,N21,VIIRS,n,2.0NRT,292.83,0.75,N
23.75846,74.50649,305.84,0.41,0.37,2026-03-17,2036,N21,VIIRS,n,2.0NRT,291.69,0.92,N
23.76242,74.50311,316.17,0.41,0.37,2026-03-17,2036,N21,VIIRS,n,2.0NRT,292.82,1.99,N
23.77508,73.56927,304.77,0.44,0.38,2026-03-17,2036,N21,VIIRS,n,2.0NRT,291.36,0.84,N
23.78242,81.50547,301.66,0.56,0.43,2026-03-17,2036,N21,VIIRS,n,2.0NRT,290.17,1.54,N
23.78745,81.77577,300.74,0.38,0.43,2026-03-17,2036,N21,VIIRS,n,2.0NRT,282.73,0.91,N
23.79222,81.36921,305.94,0.55,0.42,2026-03-17,2036,N21,VIIRS,n,2.0NRT,290.75,1.69,N
23.79374,81.42457,307.91,0.55,0.43,2026-03-17,2036,N21,VIIRS,n,2.0NRT,290.97,1.71,N
23.7945,74.60115,305.8,0.41,0.37,2026-03-17,2036,N21,VIIRS,n,2.0NRT,292.68,0.9,N
23.81821,74.58067,299.95,0.41,0.37,2026-03-17,2036,N21,VIIRS,n,2.0NRT,288.3,0.61,N
23.82976,81.51083,304.85,0.56,0.43,2026-03-17,2036,N21,VIIRS,n,2.0NRT,290.37,1.14,N
23.83142,81.50736,300.54,0.56,0.43,2026-03-17,2036,N21,VIIRS,n,2.0NRT,289.22,1.1,N
23.8607,81.48077,300.01,0.55,0.43,2026-03-17,2036,N21,VIIRS,n,2.0NRT,289.46,1.12,N
23.89504,73.3801,301.59,0.45,0.39,2026-03-17,2036,N21,VIIRS,n,2.0NRT,290.45,0.4,N
23.89564,73.37569,301.31,0.45,0.39,2026-03-17,2036,N21,VIIRS,n,2.0NRT,289.16,0.4,N
23.90034,73.39429,303.82,0.45,0.39,2026-03-17,2036,N21,VIIRS,n,2.0NRT,293.51,1.31,N
23.90333,73.37235,307.06,0.45,0.39,2026-03-17,2036,N21,VIIRS,n,2.0NRT,293.19,2.18,N
23.90478,74.56589,313.27,0.41,0.37,2026-03-17,2036,N21,VIIRS,n,2.0NRT,288.33,2.15,N
23.9075,73.36835,308.49,0.45,0.39,2026-03-17,2036,N21,VIIRS,n,2.0NRT,293.65,1.68,N
23.93711,81.24651,301.93,0.54,0.42,2026-03-17,2036,N21,VIIRS,n,2.0NRT,290.94,1.04,N
23.93995,81.25249,300.81,0.54,0.42,2026-03-17,2036,N21,VIIRS,n,2.0NRT,290.52,1.01,N
23.94091,81.24736,306.95,0.54,0.42,2026-03-17,2036,N21,VIIRS,n,2.0NRT,290.61,1.01,N
23.96452,81.31202,309.53,0.54,0.42,2026-03-17,2036,N21,VIIRS,n,2.0NRT,291.97,1.82,N
23.98854,79.39441,306.61,0.44,0.38,2026-03-17,2036,N21,VIIRS,n,2.0NRT,293.13,1.56,N
24.03675,73.40067,303.6,0.45,0.39,2026-03-17,2036,N21,VIIRS,n,2.0NRT,292.81,0.94,N
24.04858,73.39362,305.86,0.45,0.39,2026-03-17,2036,N21,VIIRS,n,2.0NRT,292.44,1.04,N
24.05624,81.47172,306.68,0.55,0.43,2026-03-17,2036,N21,VIIRS,n,2.0NRT,290.89,1.41,N
24.05762,81.47314,304.31,0.55,0.43,2026-03-17,2036,N21,VIIRS,n,2.0NRT,290.73,1.87,N
24.05939,74.55918,302.65,0.41,0.37,2026-03-17,2036,N21,VIIRS,n,2.0NRT,289.53,0.86,N
24.07161,81.4213,302.46,0.55,0.42,2026-03-17,2036,N21,VIIRS,n,2.0NRT,290.61,1.32,N
24.11876,74.58875,298.35,0.41,0.37,2026-03-17,2036,N21,VIIRS,n,2.0NRT,287.1,0.66,N
24.12322,73.24099,306.99,0.46,0.39,2026-03-17,2036,N21,VIIRS,n,2.0NRT,294.6,2.06,N
24.12619,73.24607,306.73,0.46,0.39,2026-03-17,2036,N21,VIIRS,n,2.0NRT,294.66,0.88,N
24.12974,73.24682,306.34,0.46,0.39,2026-03-17,2036,N21,VIIRS,n,2.0NRT,294.12,0.88,N
24.1321,82.6233,309.68,0.42,0.45,2026-03-17,2036,N21,VIIRS,n,2.0NRT,272.14,1.41,N
24.16883,80.69322,297.7,0.5,0.41,2026-03-17,2036,N21,VIIRS,n,2.0NRT,278.72,0.82,N
24.1852,74.46406,300.21,0.41,0.37,2026-03-17,2036,N21,VIIRS,n,2.0NRT,287.31,0.31,N
24.1886,74.46465,300.55,0.41,0.37,2026-03-17,2036,N21,VIIRS,n,2.0NRT,287.69,0.45,N
24.20169,74.44627,297.22,0.41,0.37,2026-03-17,2036,N21,VIIRS,n,2.0NRT,284.78,0.32,N
24.20226,74.44226,295.34,0.41,0.37,2026-03-17,2036,N21,VIIRS,n,2.0NRT,283.08,0.32,N
24.20567,74.44284,295.13,0.41,0.37,2026-03-17,2036,N21,VIIRS,n,2.0NRT,281.22,0.22,N
24.20613,78.82754,301.3,0.42,0.38,2026-03-17,2036,N21,VIIRS,n,2.0NRT,290.74,0.5,N
24.25997,74.53001,304.7,0.41,0.37,2026-03-17,2036,N21,VIIRS,n,2.0NRT,288.61,0.79,N
24.26055,74.52596,301.33,0.41,0.37,2026-03-17,2036,N21,VIIRS,n,2.0NRT,289.49,0.79,N
24.26204,81.05954,304.82,0.52,0.41,2026-03-17,2036,N21,VIIRS,n,2.0NRT,294.6,1.54,N
24.26394,74.52656,307.15,0.41,0.37,2026-03-17,2036,N21,VIIRS,n,2.0NRT,291.18,0.79,N
24.26452,74.52251,309.93,0.41,0.37,2026-03-17,2036,N21,VIIRS,n,2.0NRT,290.99,1.46,N
24.26791,74.52313,304.36,0.41,0.37,2026-03-17,2036,N21,VIIRS,n,2.0NRT,290.36,1.36,N
24.32872,79.45872,302.15,0.44,0.38,2026-03-17,2036,N21,VIIRS,n,2.0NRT,284.66,0.74,N
24.331,73.2524,303.22,0.46,0.39,2026-03-17,2036,N21,VIIRS,n,2.0NRT,293.07,0.86,N
24.38616,77.99443,298.68,0.4,0.37,2026-03-17,2036,N21,VIIRS,n,2.0NRT,282.08,0.4,N
24.4622,73.27203,304.94,0.46,0.39,2026-03-17,2036,N21,VIIRS,n,2.0NRT,292.82,1.8,N
24.46564,79.81671,303.05,0.45,0.39,2026-03-17,2036,N21,VIIRS,n,2.0NRT,284.95,0.76,N
24.51058,73.28333,302.74,0.46,0.39,2026-03-17,2036,N21,VIIRS,n,2.0NRT,292.26,1.01,N
24.5269,81.17112,304.07,0.52,0.42,2026-03-17,2036,N21,VIIRS,n,2.0NRT,293.4,1.14,N
24.55944,73.6213,309.87,0.45,0.39,2026-03-17,2036,N21,VIIRS,n,2.0NRT,292.53,1.92,N
24.64962,73.32659,303.99,0.46,0.39,2026-03-17,2036,N21,VIIRS,n,2.0NRT,290.35,0.9,N
24.65022,73.32207,302.05,0.46,0.39,2026-03-17,2036,N21,VIIRS,n,2.0NRT,291.85,0.9,N
24.65887,73.87643,304.02,0.44,0.38,2026-03-17,2036,N21,VIIRS,n,2.0NRT,292.64,1.56,N
24.71395,75.95322,305.26,0.39,0.36,2026-03-17,2036,N21,VIIRS,n,2.0NRT,293.56,1.02,N
24.76355,74.60773,315.45,0.41,0.37,2026-03-17,2036,N21,VIIRS,n,2.0NRT,293.8,3.01,N
24.7644,74.60658,308.19,0.41,0.37,2026-03-17,2036,N21,VIIRS,n,2.0NRT,290.65,2.51,N
24.80629,73.12877,301.42,0.47,0.4,2026-03-17,2036,N21,VIIRS,n,2.0NRT,291.24,0.63,N
24.82211,73.09312,308.57,0.47,0.4,2026-03-17,2036,N21,VIIRS,n,2.0NRT,296.92,2.2,N
24.86392,73.39891,301.08,0.46,0.39,2026-03-17,2036,N21,VIIRS,n,2.0NRT,287.98,1.16,N
24.88031,80.25272,306.06,0.47,0.39,2026-03-17,2036,N21,VIIRS,n,2.0NRT,294.43,1.84,N
24.93182,74.63395,305.45,0.41,0.37,2026-03-17,2036,N21,VIIRS,n,2.0NRT,293.21,1.33,N
24.93556,77.15874,298.03,0.39,0.36,2026-03-17,2036,N21,VIIRS,n,2.0NRT,278.45,0.51,N
25.11757,73.66226,304.6,0.45,0.39,2026-03-17,2036,N21,VIIRS,n,2.0NRT,290.66,0.46,N
25.17052,73.72522,305.99,0.45,0.39,2026-03-17,2036,N21,VIIRS,n,2.0NRT,290.84,0.83,N
25.38842,68.58269,305.1,0.58,0.52,2026-03-17,2036,N21,VIIRS,n,2.0NRT,289.63,1.78,N
25.38874,68.57998,304.26,0.58,0.52,2026-03-17,2036,N21,VIIRS,n,2.0NRT,289.11,1.94,N
25.45523,76.95332,303.49,0.38,0.36,2026-03-17,2036,N21,VIIRS,n,2.0NRT,276.37,0.95,N
25.45673,76.96526,297.9,0.38,0.36,2026-03-17,2036,N21,VIIRS,n,2.0NRT,275.86,0.8,N
25.51668,69.17467,324.15,0.54,0.5,2026-03-17,2036,N21,VIIRS,n,2.0NRT,289.44,2.76,N
25.83214,69.45529,300.43,0.52,0.5,2026-03-17,2036,N21,VIIRS,n,2.0NRT,288.97,0.74,N
26.09176,68.87871,301.2,0.57,0.52,2026-03-17,2036,N21,VIIRS,n,2.0NRT,290.46,1.09,N
26.09278,68.88042,301.16,0.57,0.52,2026-03-17,2036,N21,VIIRS,n,2.0NRT,290.1,1.41,N
26.25888,74.09445,303.03,0.44,0.39,2026-03-17,2036,N21,VIIRS,n,2.0NRT,292.87,0.9,N
26.2975,74.12785,303.83,0.44,0.39,2026-03-17,2036,N21,VIIRS,n,2.0NRT,292.73,1.45,N
12.00624,78.5008,304.39,0.57,0.43,2026-03-17,2038,N21,VIIRS,n,2.0NRT,282.54,1.62,N
12.85115,79.90378,331.78,0.45,0.47,2026-03-17,2038,N21,VIIRS,n,2.0NRT,293.83,3.92,N
12.96719,79.91279,316.05,0.45,0.47,2026-03-17,2038,N21,VIIRS,n,2.0NRT,292.49,1.93,N
13.34765,79.4655,301.51,0.42,0.45,2026-03-17,2038,N21,VIIRS,n,2.0NRT,291.35,0.43,N
13.37437,79.36197,332.33,0.41,0.45,2026-03-17,2038,N21,VIIRS,n,2.0NRT,291.92,4.54,N
13.52841,79.32302,312.23,0.4,0.45,2026-03-17,2038,N21,VIIRS,n,2.0NRT,291.53,1.08,N
13.7101,79.61817,304.78,0.42,0.45,2026-03-17,2038,N21,VIIRS,n,2.0NRT,292.58,1.02,N
13.72353,76.45195,309.26,0.43,0.38,2026-03-17,2038,N21,VIIRS,n,2.0NRT,290.46,0.85,N
13.83971,77.85018,298.14,0.49,0.41,2026-03-17,2038,N21,VIIRS,n,2.0NRT,273.35,1.06,N
14.30363,74.9302,303.45,0.39,0.36,2026-03-17,2038,N21,VIIRS,n,2.0NRT,291.19,0.52,N
14.98872,75.33291,309,0.39,0.36,2026-03-17,2038,N21,VIIRS,n,2.0NRT,289.88,1.13,N
15.27893,74.14896,304.81,0.38,0.36,2026-03-17,2038,N21,VIIRS,n,2.0NRT,294.6,0.68,N
15.30084,76.2199,302.79,0.41,0.37,2026-03-17,2038,N21,VIIRS,n,2.0NRT,287.78,1.4,N
15.52765,73.99357,306.11,0.39,0.36,2026-03-17,2038,N21,VIIRS,n,2.0NRT,295.52,0.87,N
15.64428,74.00894,319.53,0.39,0.36,2026-03-17,2038,N21,VIIRS,n,2.0NRT,292.82,1.83,N
15.65747,73.9892,319.45,0.39,0.36,2026-03-17,2038,N21,VIIRS,n,2.0NRT,293.49,1.5,N
16.10077,76.41151,301.07,0.41,0.37,2026-03-17,2038,N21,VIIRS,n,2.0NRT,289.11,0.54,N
16.54797,73.6628,304.82,0.39,0.36,2026-03-17,2038,N21,VIIRS,n,2.0NRT,292.08,0.7,N
16.63005,73.72792,312.03,0.39,0.36,2026-03-17,2038,N21,VIIRS,n,2.0NRT,291.85,1.09,N
16.65651,73.64276,306.19,0.39,0.36,2026-03-17,2038,N21,VIIRS,n,2.0NRT,291.81,0.8,N
16.88001,73.71677,302.76,0.39,0.36,2026-03-17,2038,N21,VIIRS,n,2.0NRT,292.15,0.7,N
16.88055,73.7132,306.58,0.39,0.36,2026-03-17,2038,N21,VIIRS,n,2.0NRT,292.24,0.86,N
17.08443,74.29099,310.58,0.39,0.36,2026-03-17,2038,N21,VIIRS,n,2.0NRT,290.07,2.1,N
17.17883,80.77644,299.42,0.43,0.46,2026-03-17,2038,N21,VIIRS,n,2.0NRT,279.89,0.76,N
17.27783,73.9199,305.39,0.39,0.36,2026-03-17,2038,N21,VIIRS,n,2.0NRT,284.29,0.7,N
17.37843,73.83902,305.43,0.39,0.36,2026-03-17,2038,N21,VIIRS,n,2.0NRT,290.07,0.98,N
17.55483,73.84229,306.19,0.39,0.36,2026-03-17,2038,N21,VIIRS,n,2.0NRT,288.04,1.05,N
17.55814,73.84285,300.77,0.39,0.36,2026-03-17,2038,N21,VIIRS,n,2.0NRT,288.71,0.56,N
17.59711,83.18301,330.37,0.61,0.53,2026-03-17,2038,N21,VIIRS,n,2.0NRT,285.75,6.91,N
17.6007,83.18395,329.9,0.61,0.53,2026-03-17,2038,N21,VIIRS,n,2.0NRT,285.41,7.05,N
17.60213,83.20176,310.84,0.61,0.53,2026-03-17,2038,N21,VIIRS,n,2.0NRT,285.72,2.22,N
17.60348,83.20193,314.04,0.61,0.53,2026-03-17,2038,N21,VIIRS,n,2.0NRT,286.02,2.47,N
17.60694,83.20284,309.91,0.61,0.53,2026-03-17,2038,N21,VIIRS,n,2.0NRT,285.85,2.35,N
17.61175,83.20393,313.92,0.61,0.53,2026-03-17,2038,N21,VIIRS,n,2.0NRT,285.89,2.35,N
17.65367,74.26735,302.25,0.39,0.36,2026-03-17,2038,N21,VIIRS,n,2.0NRT,291.19,0.85,N
17.83817,74.61597,303.22,0.39,0.36,2026-03-17,2038,N21,VIIRS,n,2.0NRT,291.58,0.79,N
17.85584,73.42561,309.28,0.4,0.37,2026-03-17,2038,N21,VIIRS,n,2.0NRT,292.51,0.95,N
17.91567,73.7954,302.55,0.39,0.37,2026-03-17,2038,N21,VIIRS,n,2.0NRT,289.79,0.79,N
18.01706,73.8227,321.45,0.39,0.37,2026-03-17,2038,N21,VIIRS,n,2.0NRT,291.59,2.25,N
18.048,75.29967,311.79,0.38,0.36,2026-03-17,2038,N21,VIIRS,n,2.0NRT,291.67,0.72,N
18.19892,80.86834,296,0.42,0.45,2026-03-17,2038,N21,VIIRS,n,2.0NRT,270.75,0.91,N
18.20709,80.98494,300.25,0.43,0.46,2026-03-17,2038,N21,VIIRS,n,2.0NRT,278.3,1.5,N
18.20782,80.98102,299.05,0.43,0.46,2026-03-17,2038,N21,VIIRS,n,2.0NRT,277.8,1.66,N
18.26083,80.87196,301.91,0.42,0.45,2026-03-17,2038,N21,VIIRS,n,2.0NRT,274.52,1.14,N
18.26154,80.86826,297.18,0.42,0.45,2026-03-17,2038,N21,VIIRS,n,2.0NRT,275.03,1.15,N
18.26204,80.8727,301.46,0.42,0.45,2026-03-17,2038,N21,VIIRS,n,2.0NRT,274.52,0.76,N
18.26272,80.86897,301.21,0.42,0.45,2026-03-17,2038,N21,VIIRS,n,2.0NRT,274.93,1.32,N
18.28414,73.85417,322.73,0.4,0.37,2026-03-17,2038,N21,VIIRS,n,2.0NRT,290.72,3.05,N
18.34011,80.76656,297.02,0.41,0.45,2026-03-17,2038,N21,VIIRS,n,2.0NRT,277.09,0.58,N
18.34518,80.62664,297.6,0.41,0.45,2026-03-17,2038,N21,VIIRS,n,2.0NRT,274.47,0.74,N
18.34986,80.75955,302.62,0.41,0.45,2026-03-17,2038,N21,VIIRS,n,2.0NRT,277.47,1.32,N
18.35072,80.75484,297.35,0.41,0.45,2026-03-17,2038,N21,VIIRS,n,2.0NRT,277.22,0.66,N
18.41221,80.98848,304.08,0.43,0.46,2026-03-17,2038,N21,VIIRS,n,2.0NRT,287.01,0.92,N
18.41456,75.75871,302.78,0.39,0.36,2026-03-17,2038,N21,VIIRS,n,2.0NRT,291.37,0.45,N
18.47493,80.69684,300.96,0.41,0.45,2026-03-17,2038,N21,VIIRS,n,2.0NRT,275.95,1.47,N
18.48394,73.40466,305.71,0.41,0.37,2026-03-17,2038,N21,VIIRS,n,2.0NRT,293.8,1.01,N
18.50563,80.68962,298.82,0.41,0.45,2026-03-17,2038,N21,VIIRS,n,2.0NRT,271.86,1.16,N
18.50965,80.69063,305.26,0.41,0.45,2026-03-17,2038,N21,VIIRS,n,2.0NRT,270.6,1.1,N
18.51029,80.68947,305.13,0.41,0.45,2026-03-17,2038,N21,VIIRS,n,2.0NRT,269.71,1.17,N
18.51366,80.69157,300.95,0.41,0.45,2026-03-17,2038,N21,VIIRS,n,2.0NRT,269.67,1.1,N
18.51431,80.69038,298.05,0.41,0.45,2026-03-17,2038,N21,VIIRS,n,2.0NRT,269.81,1.17,N
18.5489,81.99681,299.53,0.49,0.49,2026-03-17,2038,N21,VIIRS,n,2.0NRT,285.39,0.73,N
18.58859,80.65147,299.34,0.4,0.44,2026-03-17,2038,N21,VIIRS,n,2.0NRT,276.43,0.67,N
18.59594,80.97032,299.04,0.42,0.45,2026-03-17,2038,N21,VIIRS,n,2.0NRT,282.87,0.65,N
18.64063,80.8459,297.88,0.41,0.45,2026-03-17,2038,N21,VIIRS,n,2.0NRT,276.76,0.5,N
18.64264,80.7009,298.67,0.41,0.45,2026-03-17,2038,N21,VIIRS,n,2.0NRT,278.81,1.17,N
18.66616,82.00236,300.77,0.49,0.48,2026-03-17,2038,N21,VIIRS,n,2.0NRT,287.66,1.5,N
18.67156,81.99789,305.86,0.49,0.48,2026-03-17,2038,N21,VIIRS,n,2.0NRT,287.58,1.76,N
18.6803,82.02359,313.57,0.49,0.49,2026-03-17,2038,N21,VIIRS,n,2.0NRT,288.21,1.76,N
18.68175,73.03577,310.86,0.42,0.38,2026-03-17,2038,N21,VIIRS,n,2.0NRT,297.52,2.35,N
18.68192,82.01516,302.32,0.49,0.48,2026-03-17,2038,N21,VIIRS,n,2.0NRT,287.21,1.39,N
18.68475,82.02418,299.81,0.49,0.49,2026-03-17,2038,N21,VIIRS,n,2.0NRT,287.21,1.76,N
18.68575,73.03239,327.9,0.42,0.38,2026-03-17,2038,N21,VIIRS,n,2.0NRT,295.83,4.12,N
18.6907,82.01688,299.67,0.49,0.48,2026-03-17,2038,N21,VIIRS,n,2.0NRT,286.5,0.71,N
18.69168,73.04042,331.74,0.42,0.38,2026-03-17,2038,N21,VIIRS,n,2.0NRT,297.47,6.27,N
18.71527,80.35705,298.37,0.39,0.44,2026-03-17,2038,N21,VIIRS,n,2.0NRT,266.21,0.73,N
18.71576,81.95661,306.33,0.48,0.48,2026-03-17,2038,N21,VIIRS,n,2.0NRT,287.94,1.28,N
18.71688,81.95402,311.34,0.48,0.48,2026-03-17,2038,N21,VIIRS,n,2.0NRT,288.36,2.28,N
18.72117,80.34736,295.6,0.39,0.44,2026-03-17,2038,N21,VIIRS,n,2.0NRT,268.7,0.59,N
18.72182,80.34384,298.22,0.38,0.44,2026-03-17,2038,N21,VIIRS,n,2.0NRT,269.45,0.59,N
18.72311,80.35894,298.07,0.39,0.44,2026-03-17,2038,N21,VIIRS,n,2.0NRT,267.53,1.17,N
18.7241,80.66748,299.52,0.4,0.44,2026-03-17,2038,N21,VIIRS,n,2.0NRT,278.19,1.03,N
18.72776,80.35591,301.63,0.39,0.44,2026-03-17,2038,N21,VIIRS,n,2.0NRT,267.68,1.75,N
18.73173,80.35658,297.88,0.39,0.44,2026-03-17,2038,N21,VIIRS,n,2.0NRT,267.84,1,N
18.7324,80.35297,302.54,0.39,0.44,2026-03-17,2038,N21,VIIRS,n,2.0NRT,268.49,1,N
18.79369,80.63525,303.13,0.4,0.44,2026-03-17,2038,N21,VIIRS,n,2.0NRT,278.63,1.34,N
18.80312,80.62927,299.99,0.4,0.44,2026-03-17,2038,N21,VIIRS,n,2.0NRT,277.38,0.58,N
18.80716,80.62988,304.33,0.4,0.44,2026-03-17,2038,N21,VIIRS,n,2.0NRT,277.33,1.1,N
18.8112,80.63053,299.79,0.4,0.44,2026-03-17,2038,N21,VIIRS,n,2.0NRT,276.98,1.1,N
18.81521,80.63129,304.85,0.4,0.44,2026-03-17,2038,N21,VIIRS,n,2.0NRT,276.76,0.98,N
18.81781,80.63972,298.2,0.4,0.44,2026-03-17,2038,N21,VIIRS,n,2.0NRT,276.92,0.65,N
18.81989,80.62842,303.68,0.4,0.44,2026-03-17,2038,N21,VIIRS,n,2.0NRT,276.21,0.98,N
18.82389,80.62926,299.5,0.4,0.44,2026-03-17,2038,N21,VIIRS,n,2.0NRT,274.32,0.68,N
18.83047,80.63869,297.06,0.4,0.44,2026-03-17,2038,N21,VIIRS,n,2.0NRT,273.54,0.61,N
18.8352,80.63557,301.01,0.4,0.44,2026-03-17,2038,N21,VIIRS,n,2.0NRT,274.68,0.78,N
18.92622,74.99554,306.83,0.38,0.36,2026-03-17,2038,N21,VIIRS,n,2.0NRT,290.92,1.27,N
19.01805,80.98629,300.68,0.42,0.45,2026-03-17,2038,N21,VIIRS,n,2.0NRT,278.59,0.75,N
19.02214,80.98705,302.8,0.42,0.45,2026-03-17,2038,N21,VIIRS,n,2.0NRT,280.72,0.75,N
19.08195,80.10705,295.28,0.55,0.43,2026-03-17,2038,N21,VIIRS,n,2.0NRT,269.58,0.53,N
19.10015,73.05112,319.39,0.42,0.38,2026-03-17,2038,N21,VIIRS,n,2.0NRT,293.97,2.24,N
19.10358,73.05166,311.47,0.42,0.38,2026-03-17,2038,N21,VIIRS,n,2.0NRT,293.48,1.46,N
19.11316,76.18468,333.98,0.39,0.36,2026-03-17,2038,N21,VIIRS,n,2.0NRT,293.13,3.91,N
19.11646,76.18526,314.66,0.39,0.36,2026-03-17,2038,N21,VIIRS,n,2.0NRT,291.94,3.91,N
19.12019,73.08139,303.42,0.42,0.38,2026-03-17,2038,N21,VIIRS,n,2.0NRT,291.42,0.68,N
19.13221,80.33986,295.74,0.57,0.43,2026-03-17,2038,N21,VIIRS,n,2.0NRT,267.15,1.22,N
19.13252,80.33656,302,0.57,0.43,2026-03-17,2038,N21,VIIRS,n,2.0NRT,268.59,1.82,N
19.14537,80.31126,295.32,0.57,0.43,2026-03-17,2038,N21,VIIRS,n,2.0NRT,270.3,0.82,N
19.1464,80.30574,302.3,0.57,0.43,2026-03-17,2038,N21,VIIRS,n,2.0NRT,269.84,0.82,N
19.16529,80.02247,300.38,0.55,0.42,2026-03-17,2038,N21,VIIRS,n,2.0NRT,274.55,1.23,N
19.16623,80.01728,308.06,0.54,0.42,2026-03-17,2038,N21,VIIRS,n,2.0NRT,274.93,2.35,N
19.22841,73.03767,304.56,0.42,0.38,2026-03-17,2038,N21,VIIRS,n,2.0NRT,292.39,0.42,N
19.31705,76.50412,307.2,0.39,0.36,2026-03-17,2038,N21,VIIRS,n,2.0NRT,290.17,1.65,N
19.36151,75.71616,300.92,0.38,0.36,2026-03-17,2038,N21,VIIRS,n,2.0NRT,290.9,0.52,N
19.4076,73.68301,303.52,0.4,0.37,2026-03-17,2038,N21,VIIRS,n,2.0NRT,293.33,0.88,N
19.52915,71.29988,326.57,0.51,0.41,2026-03-17,2038,N21,VIIRS,n,2.0NRT,298.63,2.75,N
19.54993,73.5724,316.14,0.41,0.37,2026-03-17,2038,N21,VIIRS,n,2.0NRT,292.93,1.88,N
19.56015,73.50275,312.61,0.41,0.37,2026-03-17,2038,N21,VIIRS,n,2.0NRT,292.85,1.29,N
19.61966,73.14224,301.81,0.42,0.38,2026-03-17,2038,N21,VIIRS,n,2.0NRT,291.53,0.47,N
19.62942,73.31749,312.46,0.42,0.37,2026-03-17,2038,N21,VIIRS,n,2.0NRT,291.48,0.84,N
19.93649,73.71291,308.46,0.41,0.37,2026-03-17,2038,N21,VIIRS,n,2.0NRT,290.96,1.13,N
9.80253,78.50175,308,0.41,0.45,2026-03-17,2040,N21,VIIRS,n,2.0NRT,292.8,1.19,N
10.19465,77.31843,295.62,0.52,0.41,2026-03-17,2040,N21,VIIRS,n,2.0NRT,282.91,0.84,N
10.24403,77.32403,309.63,0.52,0.41,2026-03-17,2040,N21,VIIRS,n,2.0NRT,285.49,1.61,N
10.93019,77.06372,297.16,0.49,0.4,2026-03-17,2040,N21,VIIRS,n,2.0NRT,274.55,1.02,N
11.76452,77.06712,306.76,0.48,0.4,2026-03-17,2040,N21,VIIRS,n,2.0NRT,289.83,0.81,N