latitude,longitude,bright_ti4,scan,track,acq_date,acq_time,satellite,instrument,confidence,version,bright_ti5,frp,daynight,type
21.24001,94.85387,340.04,0.61,0.54,2026-05-23,621,N20,VIIRS,n,2,291.43,2.65,D,0
29.674,91.15832,332.18,0.34,0.56,2026-05-23,624,N20,VIIRS,l,2,307.06,2.1,D,0
8.83475,77.9604,340.5,0.45,0.39,2026-05-23,759,N20,VIIRS,n,2,307.86,6.11,D,0
8.8383,77.95982,353.86,0.45,0.39,2026-05-23,759,N20,VIIRS,n,2,308.05,5.47,D,0
8.83896,77.96387,335.87,0.45,0.39,2026-05-23,759,N20,VIIRS,l,2,306.2,5.47,D,0
8.84409,77.95054,337.42,0.45,0.39,2026-05-23,759,N20,VIIRS,n,2,306.9,4.22,D,0
9.05158,77.75355,341.04,0.46,0.39,2026-05-23,759,N20,VIIRS,n,2,307.73,3.87,D,0
9.07873,78.03349,336.91,0.45,0.39,2026-05-23,759,N20,VIIRS,n,2,297.31,3.91,D,0
9.08226,78.03292,334.3,0.45,0.39,2026-05-23,759,N20,VIIRS,n,2,297.96,2.12,D,0
9.31134,78.82542,331.93,0.41,0.37,2026-05-23,759,N20,VIIRS,l,2,302.23,2.45,D,0
9.50576,78.02818,348.58,0.44,0.38,2026-05-23,759,N20,VIIRS,n,2,298.05,8.35,D,0
14.90395,79.13769,332.28,0.38,0.36,2026-05-23,800,N20,VIIRS,n,2,296.35,2.34,D,0
15.03657,80.01064,334.62,0.39,0.36,2026-05-23,800,N20,VIIRS,n,2,299.86,2.38,D,0
15.03987,80.01011,332.27,0.39,0.36,2026-05-23,800,N20,VIIRS,n,2,299.93,1.59,D,0
15.05406,80.03708,332.34,0.39,0.36,2026-05-23,800,N20,VIIRS,n,2,299.98,0.98,D,0
15.09182,79.19054,346.27,0.38,0.36,2026-05-23,800,N20,VIIRS,n,2,301.04,9.13,D,0
15.53238,73.85187,342.93,0.41,0.45,2026-05-23,801,N20,VIIRS,n,2,288.77,5.79,D,0
15.53302,73.85184,343.28,0.41,0.45,2026-05-23,801,N20,VIIRS,n,2,289.5,7.54,D,0
15.79169,79.95318,333.9,0.39,0.36,2026-05-23,801,N20,VIIRS,n,2,302.33,2.13,D,0
15.81029,79.98697,337.98,0.39,0.36,2026-05-23,801,N20,VIIRS,n,2,304.38,3.09,D,0
15.85996,79.97906,340.4,0.39,0.36,2026-05-23,801,N20,VIIRS,n,2,305.87,2.35,D,0
15.8605,79.98266,333.97,0.39,0.36,2026-05-23,801,N20,VIIRS,l,2,304.69,2.35,D,0
15.93089,79.88636,332.29,0.39,0.36,2026-05-23,801,N20,VIIRS,l,2,303.56,1.21,D,0
15.95549,80.07403,348.84,0.39,0.36,2026-05-23,801,N20,VIIRS,n,2,305.09,7.33,D,0
15.97921,79.93747,346.6,0.39,0.36,2026-05-23,801,N20,VIIRS,n,2,305.07,5.33,D,0
15.98946,80.00587,343.78,0.39,0.36,2026-05-23,801,N20,VIIRS,n,2,303.48,3.65,D,0
16.01691,80.0531,337.88,0.39,0.36,2026-05-23,801,N20,VIIRS,n,2,299.22,4.04,D,0
16.0197,80.04897,338.47,0.39,0.36,2026-05-23,801,N20,VIIRS,n,2,303.17,4.04,D,0
16.02023,80.05257,338.58,0.39,0.36,2026-05-23,801,N20,VIIRS,n,2,300.84,4.04,D,0
16.02932,79.9994,337.02,0.39,0.36,2026-05-23,801,N20,VIIRS,n,2,300.57,2.31,D,0
16.14014,80.82681,331.74,0.4,0.37,2026-05-23,801,N20,VIIRS,n,2,298.61,1.46,D,0
16.18493,78.98384,338.62,0.38,0.36,2026-05-23,801,N20,VIIRS,n,2,293.72,24.29,D,0
16.19135,80.82273,341.2,0.4,0.37,2026-05-23,801,N20,VIIRS,n,2,302.65,4.6,D,0
16.23122,80.85095,334.41,0.4,0.37,2026-05-23,801,N20,VIIRS,n,2,303.09,1.35,D,0
16.24688,80.55466,338.82,0.4,0.37,2026-05-23,801,N20,VIIRS,n,2,293.58,2.69,D,0
16.29792,80.04858,352.34,0.39,0.36,2026-05-23,801,N20,VIIRS,n,2,303.67,6.49,D,0
16.34093,80.5022,337.73,0.4,0.37,2026-05-23,801,N20,VIIRS,n,2,298.32,1.64,D,0
16.38969,80.60077,338.63,0.4,0.37,2026-05-23,801,N20,VIIRS,n,2,300.38,3.91,D,0
16.39102,80.03646,341.71,0.39,0.36,2026-05-23,801,N20,VIIRS,n,2,303.28,4.24,D,0
16.3936,80.60397,347.03,0.4,0.37,2026-05-23,801,N20,VIIRS,n,2,302.1,4.82,D,0
16.39696,80.60344,340.86,0.4,0.37,2026-05-23,801,N20,VIIRS,n,2,300.88,2.67,D,0
16.39751,80.60716,336.94,0.4,0.37,2026-05-23,801,N20,VIIRS,n,2,300.16,2.67,D,0
16.39823,79.87978,344.1,0.39,0.36,2026-05-23,801,N20,VIIRS,n,2,304.17,2.5,D,0
16.41299,79.81825,339.01,0.39,0.36,2026-05-23,801,N20,VIIRS,n,2,305.31,2.78,D,0
16.4163,79.81773,333.78,0.39,0.36,2026-05-23,801,N20,VIIRS,l,2,304.47,2.59,D,0
16.42156,79.87598,343.24,0.39,0.36,2026-05-23,801,N20,VIIRS,n,2,306.01,5.25,D,0
16.4298,79.88577,337.93,0.39,0.36,2026-05-23,801,N20,VIIRS,n,2,304.51,6.4,D,0
16.46104,79.93628,337.3,0.39,0.36,2026-05-23,801,N20,VIIRS,n,2,303.86,2.35,D,0
16.48782,79.86542,346.76,0.39,0.36,2026-05-23,801,N20,VIIRS,n,2,306.07,8.38,D,0
16.5208,80.53011,337.2,0.4,0.37,2026-05-23,801,N20,VIIRS,n,2,301.17,2.63,D,0
16.60622,80.57388,333.44,0.4,0.37,2026-05-23,801,N20,VIIRS,l,2,303.57,2.54,D,0
16.60722,79.93849,341.49,0.39,0.36,2026-05-23,801,N20,VIIRS,n,2,307.96,9.21,D,0
16.61673,80.04834,343.67,0.39,0.36,2026-05-23,801,N20,VIIRS,n,2,302.67,2.65,D,0
16.72164,81.07903,331.66,0.41,0.37,2026-05-23,801,N20,VIIRS,l,2,303.79,1.01,D,0
16.72712,81.1177,338.46,0.42,0.37,2026-05-23,801,N20,VIIRS,n,2,305.05,4.06,D,0
16.72849,79.86344,344.98,0.39,0.36,2026-05-23,801,N20,VIIRS,n,2,307.22,7.52,D,0
16.73216,80.32635,334.76,0.4,0.37,2026-05-23,801,N20,VIIRS,n,2,304.21,1.39,D,0
16.7453,81.34646,336.96,0.42,0.38,2026-05-23,801,N20,VIIRS,n,2,304.3,5.24,D,0
16.76703,79.84943,339.87,0.39,0.36,2026-05-23,801,N20,VIIRS,n,2,305.13,1.26,D,0
16.77062,80.44901,348.89,0.4,0.37,2026-05-23,801,N20,VIIRS,n,2,309.6,10.71,D,0
16.786,81.23595,333.44,0.42,0.38,2026-05-23,801,N20,VIIRS,n,2,302.5,4.76,D,0
16.79934,81.35439,340,0.42,0.38,2026-05-23,801,N20,VIIRS,n,2,305.27,3.33,D,0
16.80308,81.43071,341.47,0.43,0.38,2026-05-23,801,N20,VIIRS,n,2,302.55,5.67,D,0
16.81689,80.48359,339.81,0.4,0.37,2026-05-23,801,N20,VIIRS,n,2,309.1,4.54,D,0
16.81815,81.41219,336.7,0.43,0.38,2026-05-23,801,N20,VIIRS,n,2,300.89,1.66,D,0
16.83388,80.00233,339.65,0.39,0.36,2026-05-23,801,N20,VIIRS,n,2,307.06,4.12,D,0
16.83799,79.7781,336.61,0.39,0.36,2026-05-23,801,N20,VIIRS,l,2,307.33,3.12,D,0
16.84497,79.68821,342.1,0.39,0.36,2026-05-23,801,N20,VIIRS,n,2,305.88,4.21,D,0
16.8598,80.31725,345.55,0.4,0.37,2026-05-23,801,N20,VIIRS,n,2,309.3,23.26,D,0
16.87774,79.77171,346.26,0.39,0.36,2026-05-23,801,N20,VIIRS,n,2,310.72,15.46,D,0
16.88046,80.15578,335.28,0.39,0.36,2026-05-23,801,N20,VIIRS,l,2,306.28,3.98,D,0
16.88434,80.15893,338.41,0.39,0.36,2026-05-23,801,N20,VIIRS,n,2,307.58,3.98,D,0
16.90006,79.8534,338.75,0.39,0.36,2026-05-23,801,N20,VIIRS,n,2,302.38,2.54,D,0
16.91387,80.73689,338.1,0.41,0.37,2026-05-23,801,N20,VIIRS,l,2,308.6,2.78,D,0
16.9256,80.32907,333.59,0.4,0.37,2026-05-23,801,N20,VIIRS,l,2,305.51,1.33,D,0
16.92696,80.70778,340.39,0.4,0.37,2026-05-23,801,N20,VIIRS,n,2,309.05,3.46,D,0
16.93087,80.03855,338.85,0.39,0.36,2026-05-23,801,N20,VIIRS,n,2,306.2,3.8,D,0
16.93469,79.90362,342,0.39,0.36,2026-05-23,801,N20,VIIRS,n,2,305.97,4.99,D,0
16.93578,79.91089,341.13,0.39,0.36,2026-05-23,801,N20,VIIRS,n,2,307.01,9.76,D,0
16.93801,79.90308,349.35,0.39,0.36,2026-05-23,801,N20,VIIRS,n,2,308.41,10.39,D,0
16.9411,79.96967,344.23,0.39,0.36,2026-05-23,801,N20,VIIRS,n,2,307.72,4.89,D,0
16.94678,81.65616,342.18,0.44,0.38,2026-05-23,801,N20,VIIRS,n,2,302.47,4.66,D,0
16.95264,81.64697,339.98,0.44,0.38,2026-05-23,801,N20,VIIRS,n,2,301.98,4.47,D,0
16.9669,79.8014,339.18,0.39,0.36,2026-05-23,801,N20,VIIRS,n,2,307.74,6.86,D,0
16.97197,79.90466,344.79,0.39,0.36,2026-05-23,801,N20,VIIRS,n,2,304.36,4.09,D,0
16.97323,80.51569,340.71,0.4,0.37,2026-05-23,801,N20,VIIRS,n,2,309.44,4.4,D,0
16.97529,79.90413,337.66,0.39,0.36,2026-05-23,801,N20,VIIRS,n,2,304.95,4.09,D,0
16.97825,80.62222,339.14,0.4,0.37,2026-05-23,801,N20,VIIRS,l,2,309.41,4.03,D,0
16.97879,80.62601,344.37,0.4,0.37,2026-05-23,801,N20,VIIRS,n,2,310.42,9.08,D,0
16.99295,80.14074,344.75,0.39,0.36,2026-05-23,801,N20,VIIRS,n,2,304.57,3.36,D,0
16.9994,80.76978,339.93,0.41,0.37,2026-05-23,801,N20,VIIRS,l,2,310.56,4.06,D,0
17.0367,80.88493,337.54,0.41,0.37,2026-05-23,801,N20,VIIRS,l,2,309.53,4.11,D,0
17.04266,79.76324,339.17,0.39,0.36,2026-05-23,801,N20,VIIRS,n,2,307.21,4.59,D,0
17.06073,79.81596,341.22,0.39,0.36,2026-05-23,801,N20,VIIRS,n,2,306.75,5.06,D,0
17.06242,80.26548,343.5,0.4,0.37,2026-05-23,801,N20,VIIRS,n,2,304.27,4.15,D,0
17.06456,73.30946,334.13,0.42,0.45,2026-05-23,801,N20,VIIRS,n,2,296.9,3.38,D,0
17.0657,73.3085,330.01,0.42,0.45,2026-05-23,801,N20,VIIRS,n,2,296.9,1.58,D,0
17.06773,79.72572,340.43,0.39,0.36,2026-05-23,801,N20,VIIRS,n,2,309.96,6.3,D,0
17.08014,80.15327,342.25,0.39,0.36,2026-05-23,801,N20,VIIRS,n,2,310.9,8.56,D,0
17.08573,80.14485,345.67,0.39,0.36,2026-05-23,801,N20,VIIRS,n,2,310.1,7.94,D,0
17.08914,80.12173,346.37,0.39,0.36,2026-05-23,801,N20,VIIRS,n,2,305.23,5.29,D,0
17.092,79.72924,338.8,0.39,0.36,2026-05-23,801,N20,VIIRS,l,2,310.62,6.75,D,0
17.09229,81.32665,345.32,0.42,0.38,2026-05-23,801,N20,VIIRS,n,2,308.14,7.42,D,0
17.09253,79.73286,342.34,0.39,0.36,2026-05-23,801,N20,VIIRS,n,2,311.05,6.75,D,0
17.09519,81.32214,355.44,0.42,0.38,2026-05-23,801,N20,VIIRS,n,2,311.88,22.68,D,0
17.09575,81.32611,345.43,0.42,0.38,2026-05-23,801,N20,VIIRS,l,2,318.03,52.54,D,0
17.09631,81.33009,346.31,0.42,0.38,2026-05-23,801,N20,VIIRS,n,2,313.86,52.54,D,0
17.09776,81.39085,347.65,0.43,0.38,2026-05-23,801,N20,VIIRS,n,2,308.54,6.26,D,0
17.10265,80.73422,337.28,0.41,0.37,2026-05-23,801,N20,VIIRS,n,2,304.94,3.89,D,0
17.10379,81.333,342.49,0.42,0.38,2026-05-23,801,N20,VIIRS,n,2,307.23,4.26,D,0
17.10438,79.81267,349.95,0.39,0.36,2026-05-23,801,N20,VIIRS,n,2,300.29,6.29,D,0
17.1077,79.81213,338.83,0.39,0.36,2026-05-23,801,N20,VIIRS,n,2,298.94,3.64,D,0
17.1119,80.11814,337.84,0.39,0.36,2026-05-23,801,N20,VIIRS,n,2,303.2,3.35,D,0
17.11243,80.12181,340.23,0.39,0.36,2026-05-23,801,N20,VIIRS,n,2,306.35,3.35,D,0
17.1347,81.40154,341.95,0.43,0.38,2026-05-23,801,N20,VIIRS,n,2,309.46,4.86,D,0
17.15364,80.10023,336.86,0.39,0.36,2026-05-23,801,N20,VIIRS,n,2,290.8,1.82,D,0
17.17126,79.87608,334.93,0.39,0.36,2026-05-23,801,N20,VIIRS,n,2,300.33,4.67,D,0
17.17458,79.87554,337.27,0.39,0.36,2026-05-23,801,N20,VIIRS,n,2,299.96,4.67,D,0
17.17512,79.8792,339.84,0.39,0.36,2026-05-23,801,N20,VIIRS,n,2,301.41,4.67,D,0
17.17897,79.88231,332.78,0.39,0.36,2026-05-23,801,N20,VIIRS,n,2,298.62,1.13,D,0
17.17908,80.13384,353.14,0.39,0.36,2026-05-23,801,N20,VIIRS,n,2,315.29,59.13,D,0
17.18903,79.56139,367,0.39,0.36,2026-05-23,801,N20,VIIRS,h,2,298.23,9.79,D,0
17.19635,80.63078,340.21,0.4,0.37,2026-05-23,801,N20,VIIRS,n,2,306.68,10.96,D,0
17.22033,80.27473,347.83,0.4,0.37,2026-05-23,801,N20,VIIRS,n,2,313.04,13.41,D,0
17.22422,80.27792,341.82,0.4,0.37,2026-05-23,801,N20,VIIRS,n,2,311.56,8.49,D,0
17.22629,79.62933,336,0.39,0.36,2026-05-23,801,N20,VIIRS,n,2,299.17,2.27,D,0
17.23247,81.25266,340.42,0.42,0.38,2026-05-23,801,N20,VIIRS,n,2,308.2,1.65,D,0
17.23931,80.01482,339.03,0.39,0.36,2026-05-23,801,N20,VIIRS,n,2,306.78,3.67,D,0
17.24403,80.30492,338.22,0.4,0.37,2026-05-23,801,N20,VIIRS,l,2,309.37,7.07,D,0
17.24803,79.91233,338.58,0.39,0.36,2026-05-23,801,N20,VIIRS,n,2,302.97,5.1,D,0
17.25181,79.93791,337.71,0.39,0.36,2026-05-23,801,N20,VIIRS,n,2,304.92,1.33,D,0
17.25189,79.91545,338.88,0.39,0.36,2026-05-23,801,N20,VIIRS,n,2,303.37,3,D,0
17.26131,79.6125,336.89,0.39,0.36,2026-05-23,801,N20,VIIRS,n,2,296.73,3.2,D,0
17.26866,80.02893,348.39,0.39,0.36,2026-05-23,801,N20,VIIRS,n,2,306.9,8.59,D,0
17.27226,73.79868,330.23,0.39,0.44,2026-05-23,801,N20,VIIRS,n,2,297.27,3.75,D,0
17.27408,79.90443,338.27,0.39,0.36,2026-05-23,801,N20,VIIRS,n,2,298.34,2.51,D,0
17.28657,81.19255,337.38,0.42,0.38,2026-05-23,801,N20,VIIRS,n,2,307.2,2.75,D,0
17.29657,80.28894,339.03,0.4,0.37,2026-05-23,801,N20,VIIRS,l,2,309.97,3.97,D,0
17.29668,79.99068,334.27,0.39,0.36,2026-05-23,801,N20,VIIRS,n,2,302,2.03,D,0
17.29711,80.29268,343.36,0.4,0.37,2026-05-23,801,N20,VIIRS,n,2,308.52,5.06,D,0
17.29774,80.13354,348.55,0.39,0.37,2026-05-23,801,N20,VIIRS,n,2,304.85,6.26,D,0
17.29819,80.15989,334.69,0.39,0.37,2026-05-23,801,N20,VIIRS,l,2,305.11,2.46,D,0
17.30108,80.13303,348.46,0.39,0.37,2026-05-23,801,N20,VIIRS,n,2,304.31,6.26,D,0
17.30263,80.30701,343.26,0.4,0.37,2026-05-23,801,N20,VIIRS,n,2,307.08,3.69,D,0
17.30317,80.3107,340.72,0.4,0.37,2026-05-23,801,N20,VIIRS,n,2,309.24,3.69,D,0
17.30442,80.13249,347.36,0.39,0.37,2026-05-23,801,N20,VIIRS,n,2,303.63,8.84,D,0
17.30855,81.14883,349.09,0.42,0.38,2026-05-23,801,N20,VIIRS,n,2,308.81,5.93,D,0
17.30911,81.15276,334.7,0.42,0.38,2026-05-23,801,N20,VIIRS,n,2,300.18,5.93,D,0
17.30985,80.16936,334.2,0.4,0.37,2026-05-23,801,N20,VIIRS,l,2,304.22,1.27,D,0
17.31848,80.25132,342.21,0.4,0.37,2026-05-23,801,N20,VIIRS,n,2,301.99,3.18,D,0
17.32035,80.19418,334.99,0.4,0.37,2026-05-23,801,N20,VIIRS,n,2,304.12,1.81,D,0
17.32959,81.34775,334.38,0.43,0.38,2026-05-23,801,N20,VIIRS,l,2,305.77,2.07,D,0
17.33005,80.44794,343.67,0.4,0.37,2026-05-23,801,N20,VIIRS,n,2,309.89,5.91,D,0
17.33158,81.11314,336.42,0.42,0.38,2026-05-23,801,N20,VIIRS,n,2,303.21,5.95,D,0
17.33166,80.20763,345.83,0.4,0.37,2026-05-23,801,N20,VIIRS,n,2,306.08,7.63,D,0
17.33304,81.3471,335.22,0.43,0.38,2026-05-23,801,N20,VIIRS,n,2,305.09,2.07,D,0
17.34344,79.79998,338.42,0.39,0.36,2026-05-23,801,N20,VIIRS,n,2,300.42,2.23,D,0
17.34419,79.89693,332.82,0.39,0.36,2026-05-23,801,N20,VIIRS,n,2,299.09,1.98,D,0
17.35041,80.00845,339.96,0.39,0.36,2026-05-23,801,N20,VIIRS,n,2,300.05,2.44,D,0
17.35196,80.15902,340.04,0.4,0.37,2026-05-23,801,N20,VIIRS,n,2,308.11,4.68,D,0
17.35292,80.87141,334.19,0.41,0.37,2026-05-23,801,N20,VIIRS,n,2,288.07,10.19,D,0
17.35316,80.35647,338.11,0.4,0.37,2026-05-23,801,N20,VIIRS,n,2,307.45,4.22,D,0
17.35531,80.15849,344.98,0.4,0.37,2026-05-23,801,N20,VIIRS,n,2,309.03,6.27,D,0
17.35597,80.3522,345.76,0.4,0.37,2026-05-23,801,N20,VIIRS,n,2,309.12,14.58,D,0
17.35651,80.35593,354.54,0.4,0.37,2026-05-23,801,N20,VIIRS,n,2,311.4,14.58,D,0
17.35987,80.3554,345.91,0.4,0.37,2026-05-23,801,N20,VIIRS,n,2,313.67,14.58,D,0
17.36081,80.17276,340.52,0.4,0.37,2026-05-23,801,N20,VIIRS,n,2,309,4.05,D,0
17.36272,82.15553,335.24,0.46,0.39,2026-05-23,801,N20,VIIRS,n,2,303.49,4.5,D,0
17.36415,80.17223,342.69,0.4,0.37,2026-05-23,801,N20,VIIRS,n,2,309.7,4.27,D,0
17.36633,80.40025,340.48,0.4,0.37,2026-05-23,801,N20,VIIRS,l,2,310.51,7.3,D,0
17.36669,79.95702,333.84,0.39,0.36,2026-05-23,801,N20,VIIRS,n,2,294.9,1.88,D,0
17.37572,80.54839,348.21,0.4,0.37,2026-05-23,801,N20,VIIRS,n,2,308.6,5.72,D,0
17.37723,80.54836,345.32,0.4,0.37,2026-05-23,801,N20,VIIRS,n,2,309.17,5.69,D,0
17.38007,80.54408,342.09,0.4,0.37,2026-05-23,801,N20,VIIRS,n,2,310.26,7.15,D,0
17.38976,79.587,341.19,0.39,0.36,2026-05-23,801,N20,VIIRS,n,2,308.18,4.26,D,0
17.39474,80.43025,341.69,0.4,0.37,2026-05-23,801,N20,VIIRS,l,2,313.44,11.08,D,0
17.40536,80.4323,340.42,0.4,0.37,2026-05-23,801,N20,VIIRS,n,2,309,8.64,D,0
17.41229,80.01641,347.66,0.39,0.36,2026-05-23,801,N20,VIIRS,n,2,305.78,5.57,D,0
17.41466,79.98596,343.68,0.39,0.36,2026-05-23,801,N20,VIIRS,n,2,304.55,3.57,D,0
17.41562,80.01588,346.62,0.39,0.36,2026-05-23,801,N20,VIIRS,n,2,306.84,5.05,D,0
17.41895,80.01534,338.76,0.39,0.36,2026-05-23,801,N20,VIIRS,n,2,305.12,5.05,D,0
17.41921,80.33822,337.58,0.4,0.37,2026-05-23,801,N20,VIIRS,n,2,307.27,3.85,D,0
17.41934,80.67377,340.23,0.41,0.37,2026-05-23,801,N20,VIIRS,l,2,312.87,7.16,D,0
17.41952,81.19273,338.94,0.42,0.38,2026-05-23,801,N20,VIIRS,n,2,307.86,4.79,D,0
17.41975,80.34193,345.85,0.4,0.37,2026-05-23,801,N20,VIIRS,n,2,308.31,4.97,D,0
17.42079,79.98123,337.56,0.39,0.36,2026-05-23,801,N20,VIIRS,n,2,302.62,3.33,D,0
17.42422,79.95813,343.35,0.39,0.36,2026-05-23,801,N20,VIIRS,n,2,304.34,3.57,D,0
17.42583,79.96913,334.63,0.39,0.36,2026-05-23,801,N20,VIIRS,n,2,301.22,1.63,D,0
17.43314,81.62214,342.75,0.44,0.38,2026-05-23,801,N20,VIIRS,n,2,306.11,4.35,D,0
17.43368,81.62605,334.18,0.44,0.38,2026-05-23,801,N20,VIIRS,n,2,303.43,4.35,D,0
17.43537,80.17515,350.43,0.4,0.37,2026-05-23,801,N20,VIIRS,n,2,313.62,11.06,D,0
17.44278,81.2823,350.98,0.43,0.38,2026-05-23,801,N20,VIIRS,n,2,313.45,11.5,D,0
17.44363,79.81268,339.89,0.39,0.36,2026-05-23,801,N20,VIIRS,n,2,308.07,4.03,D,0
17.44585,81.55844,346.68,0.44,0.38,2026-05-23,801,N20,VIIRS,n,2,301.29,9.69,D,0
17.46008,80.13338,342.07,0.4,0.37,2026-05-23,801,N20,VIIRS,n,2,309.44,4.99,D,0
17.46024,80.45442,345.27,0.4,0.37,2026-05-23,801,N20,VIIRS,n,2,311.62,4.32,D,0
17.4633,81.5042,332.95,0.43,0.38,2026-05-23,801,N20,VIIRS,n,2,296.83,4.03,D,0
17.4636,80.45383,343.54,0.4,0.37,2026-05-23,801,N20,VIIRS,n,2,312.73,4.32,D,0
17.47589,80.0779,343.54,0.39,0.37,2026-05-23,801,N20,VIIRS,n,2,309.66,5.31,D,0
17.47716,80.03996,340.18,0.39,0.36,2026-05-23,801,N20,VIIRS,l,2,310.9,5.56,D,0
17.47892,80.38165,349.26,0.4,0.37,2026-05-23,801,N20,VIIRS,n,2,314.14,11.3,D,0
17.48041,80.41595,337.53,0.4,0.37,2026-05-23,801,N20,VIIRS,l,2,309.18,4.93,D,0
17.48283,81.61842,344.52,0.44,0.38,2026-05-23,801,N20,VIIRS,n,2,299.15,9.5,D,0
17.48635,81.61794,340.16,0.44,0.38,2026-05-23,801,N20,VIIRS,n,2,298.05,9.5,D,0
17.49216,80.30686,348.02,0.4,0.37,2026-05-23,801,N20,VIIRS,n,2,312.24,8.85,D,0
17.49414,79.94694,347.85,0.39,0.36,2026-05-23,801,N20,VIIRS,n,2,309.31,11.94,D,0
17.49747,79.94641,348.62,0.39,0.36,2026-05-23,801,N20,VIIRS,n,2,309,11.94,D,0
17.49801,79.95009,347.83,0.39,0.36,2026-05-23,801,N20,VIIRS,n,2,309.58,15.46,D,0
17.50043,80.55562,342.19,0.4,0.37,2026-05-23,801,N20,VIIRS,l,2,314.54,10.08,D,0
17.50423,80.08474,341.09,0.39,0.37,2026-05-23,801,N20,VIIRS,n,2,309.9,4.68,D,0
17.50429,80.46223,341.12,0.4,0.37,2026-05-23,801,N20,VIIRS,l,2,314.41,7.4,D,0
17.50659,73.38416,331.55,0.41,0.45,2026-05-23,801,N20,VIIRS,n,2,293.09,3.54,D,0
17.50733,80.70675,330.36,0.41,0.37,2026-05-23,801,N20,VIIRS,n,2,292.6,4.12,D,0
17.51044,80.0573,340.2,0.39,0.36,2026-05-23,801,N20,VIIRS,n,2,308.47,3.04,D,0
17.51425,80.08316,339.87,0.39,0.37,2026-05-23,801,N20,VIIRS,l,2,311.27,7.04,D,0
17.51856,81.59195,332.19,0.44,0.38,2026-05-23,801,N20,VIIRS,n,2,300.35,3.83,D,0
17.52248,79.84119,342.58,0.39,0.36,2026-05-23,801,N20,VIIRS,n,2,310.29,5.7,D,0
17.523,79.70664,346.79,0.39,0.36,2026-05-23,801,N20,VIIRS,n,2,307.43,14.46,D,0
17.52354,79.71028,340.56,0.39,0.36,2026-05-23,801,N20,VIIRS,n,2,306.89,14.46,D,0
17.52537,80.08896,340.36,0.39,0.37,2026-05-23,801,N20,VIIRS,n,2,309.68,3.85,D,0
17.52631,79.70612,354.39,0.39,0.36,2026-05-23,801,N20,VIIRS,n,2,307.03,12.92,D,0
17.52699,80.40478,344.35,0.4,0.37,2026-05-23,801,N20,VIIRS,n,2,314.03,10.91,D,0
17.52754,80.40854,343.65,0.4,0.37,2026-05-23,801,N20,VIIRS,n,2,312.01,9.6,D,0
17.52987,80.52005,340.04,0.4,0.37,2026-05-23,801,N20,VIIRS,l,2,313.97,7.89,D,0
17.53045,80.38115,344.94,0.4,0.37,2026-05-23,801,N20,VIIRS,n,2,310.4,6.85,D,0
17.53295,79.70505,335.17,0.39,0.36,2026-05-23,801,N20,VIIRS,n,2,302.85,1.22,D,0
17.53349,79.70869,334.39,0.39,0.36,2026-05-23,801,N20,VIIRS,n,2,302.78,1.22,D,0
17.53622,81.15148,339.56,0.42,0.38,2026-05-23,801,N20,VIIRS,l,2,312.27,8.6,D,0
17.54026,80.07909,347.15,0.39,0.37,2026-05-23,801,N20,VIIRS,n,2,313.07,9.47,D,0
17.54063,79.87199,338.07,0.39,0.36,2026-05-23,801,N20,VIIRS,n,2,307.59,2.51,D,0
17.54256,76.76926,336.81,0.42,0.37,2026-05-23,801,N20,VIIRS,l,2,302.67,3.39,D,0
17.54342,79.8678,338.01,0.39,0.36,2026-05-23,801,N20,VIIRS,n,2,306.83,5.4,D,0
17.57609,77.68199,333.2,0.39,0.36,2026-05-23,801,N20,VIIRS,l,2,304.83,3.2,D,0
17.58176,80.12925,336.97,0.4,0.37,2026-05-23,801,N20,VIIRS,n,2,306.76,3.04,D,0
17.58204,80.86,341.71,0.41,0.37,2026-05-23,801,N20,VIIRS,n,2,311.09,4.14,D,0
17.5837,80.18957,338.64,0.4,0.37,2026-05-23,801,N20,VIIRS,n,2,308.48,3.73,D,0
17.58624,79.40277,340.91,0.39,0.36,2026-05-23,801,N20,VIIRS,l,2,311.54,12.94,D,0
17.58705,80.18905,340.05,0.4,0.37,2026-05-23,801,N20,VIIRS,n,2,309.07,3.73,D,0
17.60449,80.4043,335.14,0.4,0.37,2026-05-23,801,N20,VIIRS,l,2,306.75,2.91,D,0
17.60888,80.17427,335,0.4,0.37,2026-05-23,801,N20,VIIRS,n,2,304.98,5.49,D,0
17.60971,83.20634,339.92,0.52,0.42,2026-05-23,801,N20,VIIRS,n,2,301.25,7.66,D,2
17.61027,79.79309,347.24,0.39,0.36,2026-05-23,801,N20,VIIRS,n,2,292.95,5.99,D,0
17.61948,80.65403,339.04,0.41,0.37,2026-05-23,801,N20,VIIRS,n,2,303.75,5.25,D,0
17.62288,80.6535,338.01,0.41,0.37,2026-05-23,801,N20,VIIRS,n,2,300.98,3.6,D,0
17.623,80.63004,337.94,0.41,0.37,2026-05-23,801,N20,VIIRS,n,2,302.64,2.99,D,0
17.63355,81.27444,342.03,0.43,0.38,2026-05-23,801,N20,VIIRS,n,2,310.25,7.73,D,0
17.65305,80.31216,345.11,0.4,0.37,2026-05-23,801,N20,VIIRS,n,2,312.3,5.67,D,0
17.67274,81.08224,346.01,0.42,0.38,2026-05-23,801,N20,VIIRS,n,2,314.62,9.44,D,0
17.67409,80.15983,337.45,0.4,0.37,2026-05-23,801,N20,VIIRS,n,2,295.88,2.88,D,0
17.67558,80.19375,337.15,0.4,0.37,2026-05-23,801,N20,VIIRS,n,2,306.24,3.88,D,0
17.68735,80.29888,336.95,0.4,0.37,2026-05-23,801,N20,VIIRS,n,2,304.4,4.09,D,0
17.68812,74.10867,332.15,0.55,0.43,2026-05-23,801,N20,VIIRS,n,2,300.82,3.38,D,0
17.68977,79.66447,333.42,0.39,0.36,2026-05-23,801,N20,VIIRS,n,2,301.13,2.2,D,0
17.69684,80.4128,339.02,0.4,0.37,2026-05-23,801,N20,VIIRS,n,2,296.27,3.97,D,0
17.69934,80.12164,343.75,0.4,0.37,2026-05-23,801,N20,VIIRS,n,2,308.4,9.39,D,0
17.70214,80.11739,349.77,0.4,0.37,2026-05-23,801,N20,VIIRS,n,2,305.75,7.57,D,0
17.70273,80.23905,337.75,0.4,0.37,2026-05-23,801,N20,VIIRS,n,2,305.94,3.29,D,0
17.70782,80.22683,342.75,0.4,0.37,2026-05-23,801,N20,VIIRS,n,2,305.8,5.21,D,0
17.708,80.0407,355.59,0.39,0.37,2026-05-23,801,N20,VIIRS,n,2,307.71,8.34,D,0
17.74051,79.68614,336.43,0.39,0.36,2026-05-23,801,N20,VIIRS,l,2,307.28,1.09,D,0
17.74135,80.22151,343.89,0.4,0.37,2026-05-23,801,N20,VIIRS,n,2,312.6,6.98,D,0
17.74403,80.03509,338.97,0.39,0.37,2026-05-23,801,N20,VIIRS,n,2,308.13,4.03,D,0
17.75196,79.87916,338.22,0.39,0.36,2026-05-23,801,N20,VIIRS,n,2,306.39,2.18,D,0
17.75983,80.20712,348.68,0.4,0.37,2026-05-23,801,N20,VIIRS,n,2,310,6.89,D,0
17.76007,80.46857,335.87,0.4,0.37,2026-05-23,801,N20,VIIRS,n,2,286.92,3.23,D,0
17.76204,80.20691,348.26,0.4,0.37,2026-05-23,801,N20,VIIRS,n,2,309.94,6.09,D,0
17.77395,80.17071,345.96,0.4,0.37,2026-05-23,801,N20,VIIRS,n,2,306.23,5.51,D,0
17.77436,80.19722,336.66,0.4,0.37,2026-05-23,801,N20,VIIRS,l,2,308.63,4.25,D,0
17.78302,80.02128,350.25,0.39,0.37,2026-05-23,801,N20,VIIRS,n,2,311.82,5.64,D,0
17.78455,80.17284,335.38,0.4,0.37,2026-05-23,801,N20,VIIRS,l,2,306.66,3.14,D,0
17.7877,79.57001,348.11,0.39,0.36,2026-05-23,801,N20,VIIRS,n,2,310.16,5.18,D,0
17.79102,79.56947,347.88,0.39,0.36,2026-05-23,801,N20,VIIRS,n,2,311.23,8.27,D,0
17.79155,79.5731,342.82,0.39,0.36,2026-05-23,801,N20,VIIRS,n,2,309.47,3.06,D,0
17.79159,79.96327,337.13,0.39,0.36,2026-05-23,801,N20,VIIRS,l,2,308.27,2.22,D,0
17.79213,79.96696,341.14,0.39,0.36,2026-05-23,801,N20,VIIRS,n,2,310.16,2.22,D,0
17.79493,79.96274,338.47,0.39,0.36,2026-05-23,801,N20,VIIRS,l,2,309.66,2.98,D,0
17.79547,79.96643,336.41,0.39,0.36,2026-05-23,801,N20,VIIRS,l,2,309.35,2.98,D,0
17.80466,80.16968,349.41,0.4,0.37,2026-05-23,801,N20,VIIRS,n,2,314.26,10.8,D,0
17.80515,79.8932,336.87,0.39,0.36,2026-05-23,801,N20,VIIRS,l,2,309.78,3.85,D,0
17.80671,79.65268,348.5,0.39,0.36,2026-05-23,801,N20,VIIRS,n,2,312.08,6.64,D,0
17.80848,79.89267,346.01,0.39,0.36,2026-05-23,801,N20,VIIRS,n,2,312.02,3.85,D,0
17.81226,80.08096,342.87,0.4,0.37,2026-05-23,801,N20,VIIRS,n,2,311.51,4.39,D,0
17.81908,79.87215,341.5,0.39,0.36,2026-05-23,801,N20,VIIRS,n,2,311.09,4.28,D,0
17.8205,79.79268,337.16,0.39,0.36,2026-05-23,801,N20,VIIRS,l,2,311.04,4.61,D,0
17.82661,79.78795,339.5,0.39,0.36,2026-05-23,801,N20,VIIRS,n,2,307.56,5.47,D,0
17.84215,82.08205,337.25,0.46,0.39,2026-05-23,801,N20,VIIRS,n,2,304.91,3,D,0
17.8571,80.17659,337.7,0.4,0.37,2026-05-23,801,N20,VIIRS,l,2,309.82,4.32,D,0
17.90302,80.21873,345.55,0.4,0.37,2026-05-23,801,N20,VIIRS,n,2,303.75,4.86,D,0
17.91581,80.23588,338.7,0.4,0.37,2026-05-23,801,N20,VIIRS,n,2,304.7,3.29,D,0
17.91971,80.23911,336.2,0.4,0.37,2026-05-23,801,N20,VIIRS,n,2,304.18,3.12,D,0
17.92778,80.31874,347.28,0.4,0.37,2026-05-23,801,N20,VIIRS,n,2,306.79,9.67,D,0
17.9306,80.31444,351.52,0.4,0.37,2026-05-23,801,N20,VIIRS,n,2,307.84,9.67,D,0
17.93115,80.3182,348.68,0.4,0.37,2026-05-23,801,N20,VIIRS,n,2,306.98,9.67,D,0
17.93188,82.61214,337.21,0.49,0.4,2026-05-23,801,N20,VIIRS,n,2,308.92,3.51,D,0
17.93397,80.3139,351.69,0.4,0.37,2026-05-23,801,N20,VIIRS,n,2,301.85,6.96,D,0
17.93452,80.31767,337.92,0.4,0.37,2026-05-23,801,N20,VIIRS,n,2,301.08,6.96,D,0
17.94947,80.78836,334.21,0.41,0.37,2026-05-23,801,N20,VIIRS,n,2,288.26,2.97,D,0
17.95507,80.36456,336.46,0.4,0.37,2026-05-23,801,N20,VIIRS,n,2,293.13,1.82,D,0
17.99495,74.92863,331.74,0.49,0.4,2026-05-23,801,N20,VIIRS,n,2,300.11,1.75,D,0
18.00141,81.89448,336.63,0.46,0.39,2026-05-23,801,N20,VIIRS,n,2,305.87,3.49,D,0
18.00395,81.89532,334.8,0.46,0.39,2026-05-23,801,N20,VIIRS,n,2,305.39,2.67,D,0
18.00488,80.26755,337.58,0.4,0.37,2026-05-23,801,N20,VIIRS,l,2,308.32,4.59,D,0
18.00734,80.33269,343.95,0.4,0.37,2026-05-23,801,N20,VIIRS,n,2,306.4,6.57,D,0
18.01441,79.70422,339.98,0.39,0.36,2026-05-23,801,N20,VIIRS,n,2,305.23,3.6,D,0
18.03469,79.93106,335.44,0.39,0.36,2026-05-23,801,N20,VIIRS,n,2,287.17,4.01,D,0
18.03581,82.2225,334.37,0.47,0.4,2026-05-23,801,N20,VIIRS,l,2,307.77,5.1,D,0
18.04984,82.23975,332.52,0.47,0.4,2026-05-23,801,N20,VIIRS,l,2,307.49,2.9,D,0
18.09735,82.17914,340.24,0.47,0.4,2026-05-23,801,N20,VIIRS,n,2,308.74,2.03,D,0
18.11774,82.64194,333.93,0.5,0.41,2026-05-23,801,N20,VIIRS,n,2,302.53,4.16,D,0
18.15883,82.24752,336.69,0.48,0.4,2026-05-23,801,N20,VIIRS,l,2,311.63,4.83,D,0
18.16081,80.60122,341.65,0.41,0.37,2026-05-23,801,N20,VIIRS,n,2,300.63,6.94,D,0
18.18586,79.97127,341.05,0.4,0.37,2026-05-23,801,N20,VIIRS,n,2,308.57,7.77,D,0
18.20465,80.91282,337.92,0.42,0.38,2026-05-23,801,N20,VIIRS,n,2,293.17,3.9,D,0
18.21091,79.6313,331.67,0.39,0.36,2026-05-23,801,N20,VIIRS,n,2,285.63,3.93,D,0
18.22879,82.57933,334.71,0.49,0.41,2026-05-23,801,N20,VIIRS,n,2,302.23,2.64,D,0
18.23316,82.58378,341.83,0.49,0.41,2026-05-23,801,N20,VIIRS,n,2,303.33,12.2,D,0
18.23503,82.59798,338.61,0.5,0.41,2026-05-23,801,N20,VIIRS,n,2,303.71,4.44,D,0
18.26004,83.93135,330.81,0.39,0.44,2026-05-23,801,N20,VIIRS,l,2,303.93,2.28,D,0
18.26954,83.94136,337.78,0.39,0.44,2026-05-23,801,N20,VIIRS,n,2,304.36,4.37,D,0
18.27064,83.94131,339.38,0.39,0.44,2026-05-23,801,N20,VIIRS,n,2,303.6,3.32,D,0
18.28169,80.46889,342.74,0.41,0.37,2026-05-23,801,N20,VIIRS,n,2,305.48,4.19,D,0
18.28224,80.47272,337.61,0.41,0.37,2026-05-23,801,N20,VIIRS,n,2,301.91,4.19,D,0
18.28453,80.46453,338.53,0.41,0.37,2026-05-23,801,N20,VIIRS,n,2,305.31,4.71,D,0
18.29152,79.74207,347.58,0.39,0.36,2026-05-23,801,N20,VIIRS,n,2,296.56,5.26,D,0
18.36474,84.10043,346.04,0.4,0.44,2026-05-23,801,N20,VIIRS,n,2,303.14,5.86,D,0
18.36634,83.52212,334.95,0.56,0.43,2026-05-23,801,N20,VIIRS,n,2,305.51,3.2,D,0
18.3905,80.44791,341.47,0.41,0.37,2026-05-23,801,N20,VIIRS,n,2,305.25,3.15,D,0
18.40931,82.25413,343.31,0.48,0.4,2026-05-23,801,N20,VIIRS,n,2,307.73,5.93,D,0
18.41397,80.51485,341.84,0.41,0.37,2026-05-23,801,N20,VIIRS,n,2,307.42,5.07,D,0
18.41736,80.51432,337.53,0.41,0.37,2026-05-23,801,N20,VIIRS,n,2,304.08,3.95,D,0
18.44134,82.02477,342.07,0.47,0.39,2026-05-23,801,N20,VIIRS,l,2,313.28,9.67,D,0
18.49374,79.43428,345.58,0.39,0.36,2026-05-23,801,N20,VIIRS,n,2,307.4,15.92,D,0
18.49706,79.43374,346.36,0.39,0.36,2026-05-23,801,N20,VIIRS,n,2,307.49,8.43,D,0
18.49967,82.73603,332.08,0.51,0.41,2026-05-23,801,N20,VIIRS,l,2,305.43,2.56,D,0
18.50364,79.45513,343.82,0.39,0.36,2026-05-23,801,N20,VIIRS,n,2,304.59,16.83,D,0
18.52865,79.41734,341.87,0.39,0.36,2026-05-23,801,N20,VIIRS,n,2,304.05,3.78,D,0
18.54314,77.71186,342.16,0.39,0.36,2026-05-23,801,N20,VIIRS,n,2,299.1,7.41,D,0
18.56721,83.93372,334.26,0.4,0.44,2026-05-23,801,N20,VIIRS,l,2,306.15,4.29,D,0
18.61987,79.59783,342.1,0.39,0.36,2026-05-23,801,N20,VIIRS,n,2,295.32,3.92,D,0
18.62038,79.7869,342.74,0.39,0.36,2026-05-23,801,N20,VIIRS,n,2,297.66,27.41,D,0
18.62093,79.79063,356.09,0.39,0.36,2026-05-23,801,N20,VIIRS,n,2,292.64,12.74,D,0
18.62319,79.5973,344.23,0.39,0.36,2026-05-23,801,N20,VIIRS,n,2,298.58,8.19,D,0
18.62372,79.78637,349.5,0.39,0.36,2026-05-23,801,N20,VIIRS,n,2,296.8,8.99,D,0
18.62427,79.79008,356.05,0.39,0.36,2026-05-23,801,N20,VIIRS,n,2,296.62,8.29,D,0
18.62706,79.78584,334.08,0.39,0.36,2026-05-23,801,N20,VIIRS,n,2,293.03,8.99,D,0
18.6276,79.78955,336.83,0.39,0.36,2026-05-23,801,N20,VIIRS,n,2,292.67,8.29,D,0
18.6481,79.81288,340.35,0.39,0.37,2026-05-23,801,N20,VIIRS,n,2,301.61,2.76,D,0
18.64926,79.79747,342.93,0.39,0.36,2026-05-23,801,N20,VIIRS,n,2,300.94,4.14,D,0
18.65975,79.82243,337.85,0.39,0.37,2026-05-23,801,N20,VIIRS,n,2,291.56,10.64,D,0
18.664,81.2142,334.96,0.43,0.38,2026-05-23,801,N20,VIIRS,l,2,306.4,3.13,D,0
18.66628,81.22152,333.32,0.43,0.38,2026-05-23,801,N20,VIIRS,l,2,307.5,4.56,D,0
18.69367,83.01539,336.17,0.53,0.42,2026-05-23,801,N20,VIIRS,n,2,304.16,5.78,D,0
18.69556,83.06117,331.82,0.53,0.42,2026-05-23,801,N20,VIIRS,l,2,306.73,4.41,D,0
18.71437,84.01717,343.9,0.4,0.44,2026-05-23,801,N20,VIIRS,n,2,308.53,7.19,D,0
18.73127,84.05367,337.77,0.4,0.45,2026-05-23,801,N20,VIIRS,n,2,307.32,4.54,D,0
18.77669,81.79642,339.99,0.46,0.39,2026-05-23,801,N20,VIIRS,l,2,312.73,3.47,D,0
18.79741,80.87507,341.86,0.42,0.38,2026-05-23,801,N20,VIIRS,l,2,315.87,7.14,D,0
18.8063,81.21877,334.83,0.43,0.38,2026-05-23,801,N20,VIIRS,l,2,305.85,4.47,D,0
18.80739,81.22669,336.53,0.44,0.38,2026-05-23,801,N20,VIIRS,l,2,309.16,3.82,D,0
18.80982,81.21841,352.53,0.43,0.38,2026-05-23,801,N20,VIIRS,n,2,308.38,4.47,D,0
18.81036,81.2223,347.43,0.44,0.38,2026-05-23,801,N20,VIIRS,n,2,307.2,4.47,D,0
18.8109,81.22621,342.76,0.44,0.38,2026-05-23,801,N20,VIIRS,n,2,310.53,3.82,D,0
18.81266,79.82833,341.88,0.4,0.37,2026-05-23,801,N20,VIIRS,n,2,298.68,3.49,D,0
18.81334,81.21801,346.73,0.43,0.38,2026-05-23,801,N20,VIIRS,n,2,306.92,4.53,D,0
18.81387,81.22189,355.25,0.44,0.38,2026-05-23,801,N20,VIIRS,n,2,309.82,4.53,D,0
18.81738,81.22141,331.51,0.44,0.38,2026-05-23,801,N20,VIIRS,l,2,305.75,4.53,D,0
18.82088,81.22089,331.22,0.44,0.38,2026-05-23,801,N20,VIIRS,l,2,306.07,1.4,D,0
18.83509,81.8753,337.42,0.46,0.39,2026-05-23,801,N20,VIIRS,l,2,309.1,1.92,D,0
18.91521,82.93917,332.87,0.53,0.42,2026-05-23,801,N20,VIIRS,n,2,306.59,2.86,D,0
18.95862,82.97357,336.96,0.53,0.42,2026-05-23,801,N20,VIIRS,n,2,306.99,2.83,D,0
18.98568,82.73667,337.99,0.51,0.41,2026-05-23,801,N20,VIIRS,l,2,311.57,4.82,D,0
18.98649,82.88901,337.82,0.52,0.42,2026-05-23,801,N20,VIIRS,l,2,309.53,2.28,D,0
19.02264,84.29922,337.83,0.42,0.45,2026-05-23,801,N20,VIIRS,n,2,300.38,2.8,D,0
19.03631,82.85992,337.1,0.52,0.42,2026-05-23,801,N20,VIIRS,l,2,308.75,3.34,D,0
19.03748,82.7203,336.74,0.51,0.41,2026-05-23,801,N20,VIIRS,n,2,306.92,3.04,D,0
19.03819,82.8445,336.93,0.52,0.42,2026-05-23,801,N20,VIIRS,l,2,307.45,6.97,D,0
19.05266,84.21814,330.19,0.42,0.45,2026-05-23,801,N20,VIIRS,l,2,304.63,2.4,D,0
19.05452,82.09081,340.48,0.48,0.4,2026-05-23,801,N20,VIIRS,l,2,314.68,8.34,D,0
19.05486,84.21878,332.17,0.42,0.45,2026-05-23,801,N20,VIIRS,n,2,304.35,2.79,D,0
19.05776,82.75722,338.13,0.52,0.41,2026-05-23,801,N20,VIIRS,n,2,307.13,10.32,D,0
19.08122,82.84721,337.25,0.52,0.42,2026-05-23,801,N20,VIIRS,n,2,307.03,5.06,D,0
19.09846,82.16769,346.52,0.48,0.4,2026-05-23,801,N20,VIIRS,l,2,316.95,11.47,D,2
19.10214,82.16717,343.91,0.48,0.4,2026-05-23,801,N20,VIIRS,l,2,317.42,8.86,D,2
19.11442,82.81021,334.94,0.52,0.42,2026-05-23,801,N20,VIIRS,n,2,303.3,15.55,D,0
19.1974,82.43895,336.46,0.5,0.41,2026-05-23,801,N20,VIIRS,l,2,311.14,5.2,D,0
19.27829,83.34963,330.2,0.56,0.43,2026-05-23,801,N20,VIIRS,l,2,304.29,4.01,D,0
19.32203,83.28384,335.91,0.56,0.43,2026-05-23,801,N20,VIIRS,l,2,307.18,4.83,D,0
19.37269,83.3046,338.99,0.56,0.43,2026-05-23,801,N20,VIIRS,l,2,309.61,7.85,D,0
17.97795,73.36819,335.59,0.4,0.44,2026-05-23,802,N20,VIIRS,n,2,295.87,5.79,D,0
18.35521,73.30056,337.67,0.4,0.44,2026-05-23,802,N20,VIIRS,n,2,291.74,5.22,D,0
18.38858,74.66,336.42,0.5,0.41,2026-05-23,802,N20,VIIRS,n,2,296.77,2.45,D,0
18.47316,74.20719,334.75,0.53,0.42,2026-05-23,802,N20,VIIRS,n,2,294.08,1.44,D,0
18.85715,72.92561,333.3,0.41,0.45,2026-05-23,802,N20,VIIRS,n,2,296.05,3.12,D,2
18.85792,72.9297,330.3,0.41,0.45,2026-05-23,802,N20,VIIRS,n,2,295.95,3.12,D,2
18.94471,77.43308,339.02,0.39,0.36,2026-05-23,802,N20,VIIRS,l,2,308.44,5.68,D,0
19.00183,77.92737,343.88,0.39,0.36,2026-05-23,802,N20,VIIRS,l,2,311.26,7.18,D,0
19.06918,77.92285,339.34,0.39,0.36,2026-05-23,802,N20,VIIRS,l,2,307.39,6.08,D,0
19.07248,77.92227,338.91,0.39,0.36,2026-05-23,802,N20,VIIRS,l,2,307.24,6.08,D,0
19.07683,78.03722,347.7,0.39,0.36,2026-05-23,802,N20,VIIRS,n,2,312.75,19.67,D,0
19.08069,78.04029,340.43,0.39,0.36,2026-05-23,802,N20,VIIRS,n,2,310.28,5.87,D,0
19.08238,78.05119,340.23,0.39,0.36,2026-05-23,802,N20,VIIRS,n,2,310.13,7.74,D,0
19.10449,78.08466,350.01,0.39,0.36,2026-05-23,802,N20,VIIRS,n,2,313.78,8.84,D,0
19.15079,81.23313,340.77,0.44,0.38,2026-05-23,802,N20,VIIRS,l,2,312.35,7.1,D,0
19.16603,79.11629,331.75,0.39,0.36,2026-05-23,802,N20,VIIRS,n,2,291.96,3.58,D,0
19.169,78.46037,340.31,0.38,0.36,2026-05-23,802,N20,VIIRS,n,2,309.14,3.92,D,0
19.17229,78.45982,340.3,0.38,0.36,2026-05-23,802,N20,VIIRS,n,2,309.57,7.72,D,0
19.17266,78.32973,340.27,0.38,0.36,2026-05-23,802,N20,VIIRS,n,2,306.22,11,D,0
19.19422,77.85265,344.27,0.39,0.36,2026-05-23,802,N20,VIIRS,n,2,304.3,9.91,D,0
19.24142,80.21176,336.06,0.41,0.37,2026-05-23,802,N20,VIIRS,n,2,303.71,4.21,D,0
19.24396,79.73905,331.37,0.4,0.37,2026-05-23,802,N20,VIIRS,n,2,275.02,2.83,D,0
19.24559,81.08347,333.97,0.43,0.38,2026-05-23,802,N20,VIIRS,n,2,289.31,2.49,D,0
19.24851,81.07878,331.32,0.43,0.38,2026-05-23,802,N20,VIIRS,n,2,295.17,39.64,D,0
19.24907,81.08283,353.56,0.43,0.38,2026-05-23,802,N20,VIIRS,n,2,311.11,39.64,D,0
19.25255,81.08221,367,0.43,0.38,2026-05-23,802,N20,VIIRS,l,2,327.99,39.64,D,0
19.25603,81.0816,338.83,0.43,0.38,2026-05-23,802,N20,VIIRS,n,2,306.48,6.7,D,0
19.2965,78.78465,347.49,0.38,0.36,2026-05-23,802,N20,VIIRS,n,2,305.02,3.96,D,0
19.30793,80.70426,334.75,0.42,0.38,2026-05-23,802,N20,VIIRS,l,2,308.29,4.69,D,0
19.32485,81.05479,340.49,0.43,0.38,2026-05-23,802,N20,VIIRS,l,2,310.79,5.1,D,0
19.34264,80.65485,338.44,0.42,0.38,2026-05-23,802,N20,VIIRS,l,2,311.48,3.65,D,0
19.34302,80.65415,337.87,0.42,0.38,2026-05-23,802,N20,VIIRS,l,2,311.64,4.28,D,0
19.372,83.30208,336.54,0.56,0.43,2026-05-23,802,N20,VIIRS,l,2,309.81,4.6,D,0
19.41104,78.75705,332.51,0.38,0.36,2026-05-23,802,N20,VIIRS,n,2,296.83,2.41,D,0
19.42197,79.17148,343.33,0.39,0.36,2026-05-23,802,N20,VIIRS,n,2,308.86,5.24,D,0
19.42529,74.16906,338.27,0.51,0.41,2026-05-23,802,N20,VIIRS,n,2,303.75,7.02,D,0
19.42929,83.24914,335.63,0.55,0.43,2026-05-23,802,N20,VIIRS,l,2,309.55,6.44,D,0
19.44475,78.19677,341.37,0.38,0.36,2026-05-23,802,N20,VIIRS,n,2,308.36,8.09,D,0
19.50156,82.91007,342.57,0.53,0.42,2026-05-23,802,N20,VIIRS,n,2,310.49,5.38,D,0
19.51363,83.62528,332.6,0.39,0.44,2026-05-23,802,N20,VIIRS,l,2,306.87,1.47,D,0
19.55008,72.81169,330.97,0.41,0.45,2026-05-23,802,N20,VIIRS,n,2,298.45,4.81,D,0
19.55078,72.8155,341.6,0.41,0.45,2026-05-23,802,N20,VIIRS,n,2,297.5,3.82,D,0
19.56139,80.67056,342.93,0.42,0.38,2026-05-23,802,N20,VIIRS,l,2,313.08,7.61,D,0
19.56203,80.66983,349.75,0.42,0.38,2026-05-23,802,N20,VIIRS,n,2,312.75,13.24,D,0
19.56429,80.66608,353.09,0.42,0.38,2026-05-23,802,N20,VIIRS,n,2,313.34,11.7,D,0
19.56484,80.67007,355.22,0.42,0.38,2026-05-23,802,N20,VIIRS,n,2,314.06,7.61,D,0
19.56538,80.67397,340.51,0.42,0.38,2026-05-23,802,N20,VIIRS,l,2,312.88,7.61,D,0
19.57366,81.23872,338.88,0.44,0.39,2026-05-23,802,N20,VIIRS,l,2,313.4,4.78,D,0
19.57865,75.67599,336.21,0.44,0.38,2026-05-23,802,N20,VIIRS,l,2,302.56,5.67,D,0
19.62158,80.52318,339.4,0.42,0.37,2026-05-23,802,N20,VIIRS,l,2,313.68,5.62,D,0
19.65472,78.41761,342.57,0.38,0.36,2026-05-23,802,N20,VIIRS,n,2,310.24,7.48,D,0
19.65521,83.29936,337.43,0.56,0.43,2026-05-23,802,N20,VIIRS,l,2,310.54,7.1,D,0
19.66395,83.33655,340.33,0.56,0.43,2026-05-23,802,N20,VIIRS,n,2,311.4,12.96,D,0
19.66465,79.18317,343.33,0.39,0.36,2026-05-23,802,N20,VIIRS,n,2,309.68,5.82,D,0
19.66941,82.26861,337.63,0.49,0.41,2026-05-23,802,N20,VIIRS,l,2,311.64,4.3,D,0
19.68718,80.93935,335.44,0.43,0.38,2026-05-23,802,N20,VIIRS,n,2,308.69,2.94,D,0
19.68804,73.89664,337.08,0.53,0.42,2026-05-23,802,N20,VIIRS,n,2,303.39,5.19,D,0
19.68855,73.89502,338.98,0.53,0.42,2026-05-23,802,N20,VIIRS,n,2,303.72,5.13,D,0
19.68979,73.067,338.32,0.39,0.44,2026-05-23,802,N20,VIIRS,n,2,295.85,4.29,D,0
19.71594,72.84466,341.84,0.4,0.44,2026-05-23,802,N20,VIIRS,n,2,298.69,3.79,D,0
19.72573,83.13086,333.43,0.55,0.43,2026-05-23,802,N20,VIIRS,l,2,307.33,2.2,D,0
19.74493,75.32894,339.86,0.45,0.39,2026-05-23,802,N20,VIIRS,l,2,306.71,6.19,D,0
19.74502,75.35075,339.29,0.45,0.39,2026-05-23,802,N20,VIIRS,l,2,306.02,4.91,D,0
19.77757,81.67492,340.75,0.46,0.39,2026-05-23,802,N20,VIIRS,n,2,313.28,8.2,D,0
19.77847,73.77117,333.32,0.53,0.42,2026-05-23,802,N20,VIIRS,l,2,303.92,3.81,D,0
19.78558,80.72633,346.69,0.43,0.38,2026-05-23,802,N20,VIIRS,n,2,315.02,7.79,D,0
19.79306,76.54632,342.04,0.41,0.37,2026-05-23,802,N20,VIIRS,l,2,310.34,8.97,D,0
19.79741,83.53975,342.92,0.39,0.44,2026-05-23,802,N20,VIIRS,n,2,310.37,8.5,D,0
19.80167,77.51936,341.69,0.39,0.36,2026-05-23,802,N20,VIIRS,l,2,305.83,6.28,D,0
19.8079,75.01749,336.19,0.46,0.39,2026-05-23,802,N20,VIIRS,l,2,305.28,3.43,D,0
19.8146,77.55849,341.97,0.39,0.36,2026-05-23,802,N20,VIIRS,l,2,306.24,5.77,D,0
19.82092,80.0535,338.73,0.41,0.37,2026-05-23,802,N20,VIIRS,n,2,305.96,2.17,D,0
19.86235,79.39721,349.12,0.39,0.36,2026-05-23,802,N20,VIIRS,n,2,310.77,4.86,D,0
19.8716,80.68433,349.1,0.42,0.38,2026-05-23,802,N20,VIIRS,l,2,320.61,15.75,D,0
19.89031,74.69175,334.56,0.48,0.4,2026-05-23,802,N20,VIIRS,l,2,300.38,3.07,D,0
19.89762,75.41422,339.76,0.44,0.39,2026-05-23,802,N20,VIIRS,l,2,310.96,7.51,D,0
19.90156,79.47863,332.38,0.39,0.36,2026-05-23,802,N20,VIIRS,l,2,302.63,2.97,D,0
19.90262,83.89,340.94,0.41,0.45,2026-05-23,802,N20,VIIRS,n,2,307.41,6.2,D,0
19.9049,79.47809,333.59,0.39,0.36,2026-05-23,802,N20,VIIRS,n,2,302.56,2.97,D,0
19.9087,80.84746,336.2,0.43,0.38,2026-05-23,802,N20,VIIRS,l,2,309.94,2.58,D,0
19.91482,81.86411,332.83,0.48,0.4,2026-05-23,802,N20,VIIRS,l,2,303.96,3.19,D,0
19.93601,74.17387,338.54,0.51,0.41,2026-05-23,802,N20,VIIRS,n,2,299.97,4.08,D,0
19.941,79.1941,344.43,0.39,0.36,2026-05-23,802,N20,VIIRS,n,2,313.24,8.74,D,0
19.94548,84.03637,343.02,0.42,0.45,2026-05-23,802,N20,VIIRS,n,2,310.14,3.64,D,0
19.94562,79.08746,342.12,0.39,0.36,2026-05-23,802,N20,VIIRS,n,2,305.49,4.92,D,0
19.94793,74.30803,330.49,0.5,0.41,2026-05-23,802,N20,VIIRS,l,2,301.28,2.11,D,0
19.96103,80.80324,341.31,0.43,0.38,2026-05-23,802,N20,VIIRS,l,2,315.41,6.44,D,0
19.9617,79.33501,338.11,0.39,0.36,2026-05-23,802,N20,VIIRS,n,2,304.97,3.5,D,2
19.96804,79.44841,332.57,0.39,0.36,2026-05-23,802,N20,VIIRS,n,2,301.14,2.08,D,0
19.97083,79.44413,340.56,0.39,0.36,2026-05-23,802,N20,VIIRS,n,2,303.79,2.61,D,0
19.97137,79.44787,353.65,0.39,0.36,2026-05-23,802,N20,VIIRS,n,2,307.55,9.04,D,0
19.97191,79.45159,340.68,0.39,0.36,2026-05-23,802,N20,VIIRS,n,2,296.63,9.04,D,0
19.97416,79.44359,335.79,0.39,0.36,2026-05-23,802,N20,VIIRS,n,2,301.99,2.61,D,0
19.9747,79.44732,345.6,0.39,0.36,2026-05-23,802,N20,VIIRS,n,2,302.71,9.04,D,0
19.97525,79.45107,334.36,0.39,0.36,2026-05-23,802,N20,VIIRS,n,2,298.99,9.04,D,0
19.97579,79.4548,367,0.39,0.36,2026-05-23,802,N20,VIIRS,h,2,299.81,6.85,D,0
19.97634,79.45854,339.66,0.39,0.36,2026-05-23,802,N20,VIIRS,n,2,295.88,6.85,D,0
19.97858,79.45052,336.41,0.39,0.36,2026-05-23,802,N20,VIIRS,n,2,300.43,3.4,D,0
19.97913,79.45427,353.75,0.39,0.36,2026-05-23,802,N20,VIIRS,n,2,303.04,12.57,D,0
19.97968,79.458,340.45,0.39,0.36,2026-05-23,802,N20,VIIRS,n,2,296.93,12.57,D,0
19.99248,80.72375,349.36,0.43,0.38,2026-05-23,802,N20,VIIRS,l,2,320.51,16.26,D,0
20.00036,84.2085,334.03,0.43,0.46,2026-05-23,802,N20,VIIRS,n,2,307.4,1.67,D,0
20.00218,80.72715,344.91,0.43,0.38,2026-05-23,802,N20,VIIRS,n,2,312.55,7.17,D,0
20.01289,76.64463,341.67,0.4,0.37,2026-05-23,802,N20,VIIRS,l,2,311.72,10.28,D,0
20.01724,83.41328,337.61,0.38,0.43,2026-05-23,802,N20,VIIRS,l,2,308.72,3.83,D,0
20.01756,80.35699,338.72,0.41,0.37,2026-05-23,802,N20,VIIRS,n,2,307.62,8.31,D,0
20.03172,79.55701,330.65,0.4,0.37,2026-05-23,802,N20,VIIRS,n,2,279.66,1.8,D,0
20.03444,80.60242,348.56,0.42,0.38,2026-05-23,802,N20,VIIRS,n,2,315.79,26.54,D,0
20.03684,75.29293,339.46,0.45,0.39,2026-05-23,802,N20,VIIRS,l,2,309.57,8.69,D,0
20.03696,76.81578,342.78,0.4,0.37,2026-05-23,802,N20,VIIRS,l,2,314.05,1.71,D,0
20.03728,75.29414,340.66,0.45,0.39,2026-05-23,802,N20,VIIRS,l,2,308.67,11.61,D,0
20.0476,76.35805,340.44,0.41,0.37,2026-05-23,802,N20,VIIRS,l,2,310.1,7.77,D,0
20.0492,77.47173,341.89,0.39,0.36,2026-05-23,802,N20,VIIRS,l,2,308.7,4.48,D,0
20.05177,79.5537,335.26,0.4,0.37,2026-05-23,802,N20,VIIRS,n,2,284.63,7.27,D,0
20.05232,79.55748,343.05,0.4,0.37,2026-05-23,802,N20,VIIRS,n,2,284.59,10.82,D,0
20.0547,79.55665,342.18,0.4,0.37,2026-05-23,802,N20,VIIRS,n,2,283.6,6.52,D,0
20.05706,79.36082,337.06,0.39,0.36,2026-05-23,802,N20,VIIRS,n,2,295.22,1.63,D,0
20.05827,76.77692,343.65,0.4,0.37,2026-05-23,802,N20,VIIRS,l,2,312.69,2.15,D,0
20.08107,79.50241,340.19,0.39,0.37,2026-05-23,802,N20,VIIRS,n,2,292.88,12.66,D,0
20.0847,76.0078,336.08,0.42,0.38,2026-05-23,802,N20,VIIRS,l,2,304.74,2.9,D,0
20.09127,79.94392,350.15,0.4,0.37,2026-05-23,802,N20,VIIRS,n,2,318.66,11.24,D,0
20.10286,81.8768,344.13,0.48,0.4,2026-05-23,802,N20,VIIRS,n,2,310.88,4.9,D,0
20.11666,73.89329,337.84,0.52,0.41,2026-05-23,802,N20,VIIRS,n,2,302.28,8.15,D,0
20.1169,81.14887,341.56,0.44,0.39,2026-05-23,802,N20,VIIRS,l,2,315.23,9.56,D,0
20.11798,76.68462,339.47,0.4,0.37,2026-05-23,802,N20,VIIRS,l,2,312.41,9.66,D,0
20.12073,79.94682,351.47,0.4,0.37,2026-05-23,802,N20,VIIRS,n,2,319.5,14.77,D,0
20.14199,81.20045,336.76,0.45,0.39,2026-05-23,802,N20,VIIRS,l,2,311.69,4.85,D,0
20.14441,81.1917,340.76,0.45,0.39,2026-05-23,802,N20,VIIRS,l,2,312.91,6.71,D,0
20.18256,81.47134,348.94,0.46,0.39,2026-05-23,802,N20,VIIRS,n,2,311.76,5.16,D,0
20.18617,81.47099,338.98,0.46,0.39,2026-05-23,802,N20,VIIRS,l,2,310.65,5.16,D,0
20.19281,77.26051,337.89,0.39,0.36,2026-05-23,802,N20,VIIRS,l,2,311.94,3.99,D,0
20.20481,83.35336,342.38,0.38,0.43,2026-05-23,802,N20,VIIRS,n,2,311.12,4.41,D,0
20.20527,83.35706,338.78,0.38,0.43,2026-05-23,802,N20,VIIRS,l,2,311.04,4.41,D,0
20.21187,79.97955,345.98,0.41,0.37,2026-05-23,802,N20,VIIRS,l,2,319.87,11.77,D,0
20.21668,80.66084,350.03,0.43,0.38,2026-05-23,802,N20,VIIRS,n,2,322.01,24.71,D,0
20.23351,79.90514,342.17,0.4,0.37,2026-05-23,802,N20,VIIRS,l,2,316.71,5.54,D,0
20.23622,82.69219,343.96,0.53,0.42,2026-05-23,802,N20,VIIRS,l,2,314.25,4.3,D,0
20.23633,79.90073,343.36,0.4,0.37,2026-05-23,802,N20,VIIRS,l,2,317.03,5.54,D,0
20.23688,79.90458,344.94,0.4,0.37,2026-05-23,802,N20,VIIRS,l,2,316.64,5.54,D,0
20.25791,75.84519,342.22,0.42,0.38,2026-05-23,802,N20,VIIRS,l,2,309.83,9.5,D,0
20.2646,79.85689,344.92,0.4,0.37,2026-05-23,802,N20,VIIRS,l,2,317.6,10.82,D,0
20.26555,79.91177,349.32,0.4,0.37,2026-05-23,802,N20,VIIRS,n,2,318.51,12.51,D,0
20.26893,79.91124,345.84,0.4,0.37,2026-05-23,802,N20,VIIRS,l,2,317.71,10.93,D,0
20.26948,79.91509,351.65,0.4,0.37,2026-05-23,802,N20,VIIRS,n,2,319.31,10.93,D,0
20.2703,80.14098,343.53,0.41,0.37,2026-05-23,802,N20,VIIRS,l,2,314.43,5.51,D,0
20.27286,79.91456,353.83,0.4,0.37,2026-05-23,802,N20,VIIRS,n,2,317.36,10.93,D,0
20.27569,79.91017,347,0.4,0.37,2026-05-23,802,N20,VIIRS,l,2,318.11,5.5,D,0
20.27624,79.91402,348.03,0.4,0.37,2026-05-23,802,N20,VIIRS,n,2,317.33,5.5,D,0
20.28735,77.71235,343.5,0.39,0.36,2026-05-23,802,N20,VIIRS,l,2,314.63,10.19,D,0
20.29495,79.57568,342.23,0.4,0.37,2026-05-23,802,N20,VIIRS,l,2,315.45,10.31,D,0
20.31508,79.716,345.84,0.4,0.37,2026-05-23,802,N20,VIIRS,n,2,317.07,5.44,D,0
20.32215,79.62164,346.48,0.4,0.37,2026-05-23,802,N20,VIIRS,l,2,317.87,10.01,D,0
20.32375,80.07669,349.59,0.41,0.37,2026-05-23,802,N20,VIIRS,n,2,317.83,9.96,D,0
20.32715,80.07615,356.36,0.41,0.37,2026-05-23,802,N20,VIIRS,n,2,319.95,7.05,D,0
20.33055,80.0756,344.21,0.41,0.37,2026-05-23,802,N20,VIIRS,l,2,318.5,7.05,D,0
20.33254,79.83843,344.06,0.4,0.37,2026-05-23,802,N20,VIIRS,l,2,317.21,5.51,D,0
20.3392,76.91966,342.19,0.4,0.37,2026-05-23,802,N20,VIIRS,l,2,311.25,4.88,D,0
20.34192,76.9153,340.46,0.4,0.37,2026-05-23,802,N20,VIIRS,l,2,311.74,4.88,D,0
20.3453,76.15942,347.88,0.41,0.37,2026-05-23,802,N20,VIIRS,n,2,314.52,4.86,D,0
20.34594,76.16331,340.17,0.41,0.37,2026-05-23,802,N20,VIIRS,l,2,312.05,4.86,D,0
20.3481,76.06989,339.16,0.42,0.37,2026-05-23,802,N20,VIIRS,l,2,312.48,7.82,D,0
20.37257,81.52175,341.72,0.46,0.39,2026-05-23,802,N20,VIIRS,l,2,315.86,11.49,D,0
20.3759,80.1207,344.47,0.41,0.37,2026-05-23,802,N20,VIIRS,l,2,317.6,5.44,D,0
20.41008,80.36523,342.88,0.42,0.38,2026-05-23,802,N20,VIIRS,l,2,316.21,7.22,D,0
20.41038,80.66445,344.3,0.43,0.38,2026-05-23,802,N20,VIIRS,n,2,306.15,4.02,D,0
20.41064,80.36926,341.25,0.42,0.38,2026-05-23,802,N20,VIIRS,l,2,316.23,8.48,D,0
20.41351,80.36469,346.96,0.42,0.38,2026-05-23,802,N20,VIIRS,n,2,314.35,6.71,D,0
20.41845,80.52752,345.13,0.42,0.38,2026-05-23,802,N20,VIIRS,n,2,312.37,6.75,D,0
20.43691,80.20732,341.05,0.41,0.37,2026-05-23,802,N20,VIIRS,l,2,313.16,5.53,D,0
20.44123,75.51172,339,0.43,0.38,2026-05-23,802,N20,VIIRS,l,2,306.16,5.18,D,0
20.47371,80.14541,350.36,0.41,0.37,2026-05-23,802,N20,VIIRS,n,2,317.31,6.72,D,0
20.47656,75.53032,339.3,0.43,0.38,2026-05-23,802,N20,VIIRS,l,2,308.75,4.1,D,0
20.47712,80.14488,342.24,0.41,0.37,2026-05-23,802,N20,VIIRS,l,2,315.86,5.03,D,0
20.47831,75.66857,344.95,0.43,0.38,2026-05-23,802,N20,VIIRS,l,2,310.13,7.46,D,0
20.48971,81.34425,344.99,0.46,0.39,2026-05-23,802,N20,VIIRS,n,2,314.34,10.73,D,0
20.49671,80.21017,345.34,0.41,0.37,2026-05-23,802,N20,VIIRS,l,2,317.41,7.3,D,0
20.51303,83.46561,336.35,0.39,0.44,2026-05-23,802,N20,VIIRS,l,2,310.77,5.25,D,0
20.51592,77.89315,348.25,0.38,0.36,2026-05-23,802,N20,VIIRS,n,2,310.43,8.9,D,0
20.51921,77.89258,350.29,0.38,0.36,2026-05-23,802,N20,VIIRS,n,2,314.59,13.46,D,0
20.5225,77.89201,342.69,0.38,0.36,2026-05-23,802,N20,VIIRS,n,2,308.45,13.46,D,0
20.53568,80.11549,341.34,0.41,0.37,2026-05-23,802,N20,VIIRS,l,2,315.33,5.83,D,0
20.54504,76.52438,342.41,0.4,0.37,2026-05-23,802,N20,VIIRS,l,2,314.23,5.76,D,0
20.54731,74.12366,338.79,0.5,0.41,2026-05-23,802,N20,VIIRS,n,2,305.34,6.91,D,0
20.55056,76.85813,339.51,0.4,0.37,2026-05-23,802,N20,VIIRS,l,2,307.47,3.85,D,0
20.56208,76.06725,336.98,0.41,0.37,2026-05-23,802,N20,VIIRS,l,2,306.44,4.24,D,0
20.57286,79.52283,349.3,0.4,0.37,2026-05-23,802,N20,VIIRS,n,2,310.58,11.47,D,0
20.57621,79.5223,347.15,0.4,0.37,2026-05-23,802,N20,VIIRS,n,2,313.84,11.47,D,0
20.58666,79.08564,340.56,0.39,0.36,2026-05-23,802,N20,VIIRS,n,2,303.34,5.78,D,0
20.59215,80.34106,349.84,0.42,0.38,2026-05-23,802,N20,VIIRS,n,2,316.21,8.85,D,0
20.59299,78.85307,348,0.39,0.36,2026-05-23,802,N20,VIIRS,n,2,316.33,12.59,D,0
20.59623,75.84831,339.92,0.42,0.38,2026-05-23,802,N20,VIIRS,l,2,309.49,6.3,D,0
20.60717,75.97726,341.03,0.42,0.37,2026-05-23,802,N20,VIIRS,l,2,309.17,6.51,D,0
20.61093,82.93353,343.12,0.55,0.43,2026-05-23,802,N20,VIIRS,l,2,317.1,9.65,D,0
20.61491,80.30556,346.02,0.42,0.37,2026-05-23,802,N20,VIIRS,l,2,316.49,8.05,D,0
20.61949,80.16309,344.9,0.41,0.37,2026-05-23,802,N20,VIIRS,l,2,315.07,6.53,D,0
20.62291,80.16255,348.38,0.41,0.37,2026-05-23,802,N20,VIIRS,n,2,314.98,8.69,D,0
20.63362,80.18908,342.13,0.41,0.37,2026-05-23,802,N20,VIIRS,l,2,316,6.69,D,0
20.63443,75.51243,339.17,0.43,0.38,2026-05-23,802,N20,VIIRS,l,2,306.51,6.09,D,0
20.63604,76.27779,341.65,0.41,0.37,2026-05-23,802,N20,VIIRS,l,2,311,6.17,D,0
20.63688,80.23711,345.14,0.42,0.37,2026-05-23,802,N20,VIIRS,l,2,315.93,7.21,D,0
20.6403,80.23656,340.64,0.42,0.37,2026-05-23,802,N20,VIIRS,l,2,315.13,8.19,D,0
20.64476,80.07063,345.51,0.41,0.37,2026-05-23,802,N20,VIIRS,l,2,316.64,6.56,D,0
20.67914,83.53861,344.05,0.4,0.44,2026-05-23,802,N20,VIIRS,l,2,317.88,7.77,D,0
20.68036,81.59373,348.78,0.47,0.4,2026-05-23,802,N20,VIIRS,n,2,316.3,9.67,D,0
20.68095,81.59823,343.65,0.47,0.4,2026-05-23,802,N20,VIIRS,l,2,316.64,9.67,D,0
20.68381,84.42045,344.89,0.45,0.47,2026-05-23,802,N20,VIIRS,l,2,316.74,8.82,D,0
20.69675,73.62672,335.37,0.53,0.42,2026-05-23,802,N20,VIIRS,n,2,302.07,5.84,D,0
20.69906,76.04528,340.95,0.41,0.37,2026-05-23,802,N20,VIIRS,l,2,308.49,13.55,D,0
20.70937,80.15643,351,0.41,0.37,2026-05-23,802,N20,VIIRS,n,2,318.33,13.55,D,0
20.72402,81.21538,341.68,0.45,0.39,2026-05-23,802,N20,VIIRS,l,2,315.2,12.35,D,0
20.72504,80.0694,341.81,0.41,0.37,2026-05-23,802,N20,VIIRS,l,2,314.03,4.24,D,0
20.72678,80.05708,340.26,0.41,0.37,2026-05-23,802,N20,VIIRS,l,2,313.73,6.13,D,0
20.72874,81.22351,344.07,0.45,0.39,2026-05-23,802,N20,VIIRS,l,2,318.99,14.92,D,0
20.7326,79.06161,345.84,0.39,0.36,2026-05-23,802,N20,VIIRS,l,2,316.5,13.04,D,0
20.73414,80.05992,349.32,0.41,0.37,2026-05-23,802,N20,VIIRS,n,2,316.13,7.38,D,0
20.73511,80.11607,344.79,0.41,0.37,2026-05-23,802,N20,VIIRS,l,2,315.85,10.88,D,0
20.73852,80.11552,345.06,0.41,0.37,2026-05-23,802,N20,VIIRS,l,2,317.12,8.13,D,0
20.73866,80.06723,340.62,0.41,0.37,2026-05-23,802,N20,VIIRS,l,2,312.72,2.46,D,0
20.739,80.14365,346.2,0.41,0.37,2026-05-23,802,N20,VIIRS,l,2,317.07,9.1,D,0
20.74241,80.14311,354.04,0.41,0.37,2026-05-23,802,N20,VIIRS,n,2,318.75,15.74,D,0
20.74352,80.151,343.64,0.41,0.37,2026-05-23,802,N20,VIIRS,l,2,316.56,9.23,D,0
20.74447,76.58147,346.98,0.4,0.37,2026-05-23,802,N20,VIIRS,l,2,314.37,13.96,D,0
20.74519,79.19334,348.79,0.39,0.36,2026-05-23,802,N20,VIIRS,n,2,317.84,39.15,D,0
20.7541,81.27732,344.82,0.46,0.39,2026-05-23,802,N20,VIIRS,l,2,319.42,69.87,D,0
20.75726,80.12464,350.94,0.41,0.37,2026-05-23,802,N20,VIIRS,n,2,320.41,22.26,D,0
20.75983,85.29985,332.74,0.51,0.5,2026-05-23,802,N20,VIIRS,l,2,304.73,4.55,D,2
20.76067,80.1241,346.47,0.41,0.37,2026-05-23,802,N20,VIIRS,l,2,318.48,24.4,D,0
20.76088,80.0276,340.69,0.41,0.37,2026-05-23,802,N20,VIIRS,l,2,314.98,3.7,D,0
20.76123,80.12804,350.21,0.41,0.37,2026-05-23,802,N20,VIIRS,n,2,318.61,15.44,D,0
20.76126,81.27624,348.46,0.46,0.39,2026-05-23,802,N20,VIIRS,l,2,319.21,17.92,D,0
20.768,80.15118,340.65,0.41,0.37,2026-05-23,802,N20,VIIRS,l,2,315.58,7.73,D,0
20.77039,81.20839,347.3,0.45,0.39,2026-05-23,802,N20,VIIRS,n,2,315.93,15.97,D,0
20.77086,80.1467,346.12,0.41,0.37,2026-05-23,802,N20,VIIRS,l,2,316.41,9.09,D,0
20.77142,80.15065,339.6,0.41,0.37,2026-05-23,802,N20,VIIRS,l,2,314.05,5.32,D,0
20.77184,78.09994,339.99,0.38,0.36,2026-05-23,802,N20,VIIRS,n,2,306.1,4.97,D,0
20.7754,80.15407,341.56,0.41,0.37,2026-05-23,802,N20,VIIRS,l,2,314.38,5.32,D,0
20.77596,80.15801,342.96,0.41,0.37,2026-05-23,802,N20,VIIRS,l,2,317.95,8.97,D,0
20.77881,80.15352,350.33,0.41,0.37,2026-05-23,802,N20,VIIRS,n,2,318.83,8.51,D,0
20.77937,80.15748,351.44,0.41,0.37,2026-05-23,802,N20,VIIRS,l,2,321.62,18.35,D,0
20.78223,80.15298,341.97,0.41,0.37,2026-05-23,802,N20,VIIRS,l,2,316.46,8.51,D,0
20.78445,85.26348,333.06,0.51,0.49,2026-05-23,802,N20,VIIRS,l,2,304.66,4.29,D,2
20.789,85.26289,334.04,0.51,0.49,2026-05-23,802,N20,VIIRS,l,2,304.21,4.16,D,2
20.79174,85.2562,334.04,0.51,0.49,2026-05-23,802,N20,VIIRS,l,2,305.03,3.78,D,2
20.79232,85.26115,332.67,0.51,0.49,2026-05-23,802,N20,VIIRS,l,2,304.19,3.78,D,2
20.793,85.25733,331.2,0.51,0.49,2026-05-23,802,N20,VIIRS,l,2,303.92,4.16,D,2
20.80698,80.00477,341.31,0.41,0.37,2026-05-23,802,N20,VIIRS,l,2,314.87,6.38,D,0
20.80809,80.0126,351.28,0.41,0.37,2026-05-23,802,N20,VIIRS,n,2,318.79,7.53,D,0
20.8103,80.0283,339.46,0.41,0.37,2026-05-23,802,N20,VIIRS,l,2,314.3,4.18,D,0
20.81143,81.16249,345.37,0.45,0.39,2026-05-23,802,N20,VIIRS,l,2,320.36,16.9,D,0
20.81371,82.89758,341.89,0.55,0.43,2026-05-23,802,N20,VIIRS,l,2,315.95,10.86,D,0
20.83325,81.25231,344.64,0.46,0.39,2026-05-23,802,N20,VIIRS,l,2,317.78,8.65,D,0
20.83461,81.25192,350.08,0.46,0.39,2026-05-23,802,N20,VIIRS,n,2,320.03,15.3,D,0
20.83683,81.25178,347.07,0.46,0.39,2026-05-23,802,N20,VIIRS,l,2,319.08,6.62,D,0
20.83857,80.73083,350.33,0.43,0.38,2026-05-23,802,N20,VIIRS,n,2,317.4,18.44,D,0
20.83914,80.73499,342.05,0.43,0.38,2026-05-23,802,N20,VIIRS,l,2,314.41,11.35,D,0
20.83983,81.24689,349.11,0.46,0.39,2026-05-23,802,N20,VIIRS,n,2,318.16,6.62,D,0
20.85413,81.92577,342.24,0.49,0.4,2026-05-23,802,N20,VIIRS,n,2,303.46,14.94,D,0
20.85634,77.78819,347.89,0.38,0.36,2026-05-23,802,N20,VIIRS,n,2,313.23,9.91,D,0
20.85774,83.71584,349.54,0.41,0.45,2026-05-23,802,N20,VIIRS,n,2,317.51,6.66,D,0
20.85806,77.27332,348.47,0.39,0.36,2026-05-23,802,N20,VIIRS,n,2,314.53,4.21,D,0
20.85963,77.78762,349.31,0.38,0.36,2026-05-23,802,N20,VIIRS,n,2,314.25,9.91,D,0
20.86161,84.9905,331.41,0.49,0.49,2026-05-23,802,N20,VIIRS,l,2,303.85,1.96,D,2
20.86292,80.08018,346.37,0.41,0.37,2026-05-23,802,N20,VIIRS,l,2,321.07,10.46,D,0
20.86413,84.02934,345.94,0.43,0.46,2026-05-23,802,N20,VIIRS,n,2,313.55,15.66,D,0
20.86511,84.03011,355.59,0.43,0.46,2026-05-23,802,N20,VIIRS,n,2,313.21,16.67,D,0
20.86649,81.90487,340.36,0.49,0.4,2026-05-23,802,N20,VIIRS,n,2,303.98,9.36,D,0
20.86958,81.89967,353.24,0.49,0.4,2026-05-23,802,N20,VIIRS,n,2,304.54,35.26,D,0
20.87156,80.01852,349.01,0.41,0.37,2026-05-23,802,N20,VIIRS,l,2,319.94,9.6,D,0
20.8744,81.54376,351.34,0.47,0.4,2026-05-23,802,N20,VIIRS,n,2,317.44,10.45,D,0
20.8751,81.54411,347.46,0.47,0.4,2026-05-23,802,N20,VIIRS,n,2,316.02,8.59,D,0
20.87758,81.90326,339.12,0.49,0.4,2026-05-23,802,N20,VIIRS,n,2,306.58,4.77,D,0
20.88005,81.80802,345.24,0.48,0.4,2026-05-23,802,N20,VIIRS,n,2,309.09,10.13,D,0
20.88127,81.93137,343.67,0.49,0.4,2026-05-23,802,N20,VIIRS,n,2,308.7,12.47,D,0
20.88311,81.97429,348.31,0.49,0.4,2026-05-23,802,N20,VIIRS,n,2,313.94,14.96,D,0
20.88344,84.98293,332.85,0.49,0.49,2026-05-23,802,N20,VIIRS,l,2,305.19,6.45,D,2
20.88373,81.80749,356.53,0.48,0.4,2026-05-23,802,N20,VIIRS,n,2,313.21,13.14,D,0
20.88497,81.93083,342.76,0.49,0.4,2026-05-23,802,N20,VIIRS,n,2,309.87,10.98,D,0
20.88682,81.97375,345.57,0.49,0.4,2026-05-23,802,N20,VIIRS,n,2,314.73,14.96,D,0
20.88741,81.80695,341.24,0.48,0.4,2026-05-23,802,N20,VIIRS,l,2,311.32,13.14,D,0
20.88744,81.97847,342.22,0.49,0.4,2026-05-23,802,N20,VIIRS,l,2,313.87,11.98,D,0
20.88863,83.31753,341.07,0.39,0.44,2026-05-23,802,N20,VIIRS,l,2,314.07,5.97,D,0
20.88949,84.05621,346.48,0.43,0.46,2026-05-23,802,N20,VIIRS,n,2,311.83,10.95,D,0
20.89054,81.97321,349.4,0.49,0.4,2026-05-23,802,N20,VIIRS,n,2,313.26,12.99,D,0
20.89108,81.80641,342.53,0.48,0.4,2026-05-23,802,N20,VIIRS,n,2,311.28,11.52,D,0
20.89178,81.98265,349.3,0.49,0.41,2026-05-23,802,N20,VIIRS,n,2,311.99,12.77,D,0
20.89425,81.97266,345,0.49,0.4,2026-05-23,802,N20,VIIRS,n,2,312.22,12.99,D,0
20.89549,81.98211,343.49,0.49,0.41,2026-05-23,802,N20,VIIRS,n,2,312.52,12.77,D,0
20.8992,81.98158,345.06,0.49,0.41,2026-05-23,802,N20,VIIRS,n,2,317.43,21.86,D,0
20.90167,81.9716,340.07,0.49,0.4,2026-05-23,802,N20,VIIRS,n,2,311.67,11.21,D,0
20.90229,81.9763,367,0.49,0.4,2026-05-23,802,N20,VIIRS,h,2,316.84,21.86,D,0
20.90292,81.98103,354.62,0.49,0.41,2026-05-23,802,N20,VIIRS,n,2,315.57,21.86,D,0
20.90788,81.98997,352.57,0.49,0.41,2026-05-23,802,N20,VIIRS,n,2,311.98,37.03,D,0
20.91035,81.97997,344.28,0.49,0.41,2026-05-23,802,N20,VIIRS,l,2,314.63,29.82,D,0
20.91078,79.02807,347,0.39,0.36,2026-05-23,802,N20,VIIRS,n,2,309.97,8.99,D,0
20.91097,81.9847,353.21,0.49,0.41,2026-05-23,802,N20,VIIRS,n,2,315.37,37.03,D,0
20.9116,81.98943,353.48,0.49,0.41,2026-05-23,802,N20,VIIRS,n,2,311.79,37.03,D,0
20.91222,81.99417,343.61,0.49,0.41,2026-05-23,802,N20,VIIRS,n,2,312.24,11.62,D,0
20.91273,81.91246,344.97,0.49,0.4,2026-05-23,802,N20,VIIRS,n,2,309.01,9.79,D,0
20.91411,79.02751,343.12,0.39,0.36,2026-05-23,802,N20,VIIRS,n,2,311.05,7.1,D,0
20.91469,81.98416,341.72,0.49,0.41,2026-05-23,802,N20,VIIRS,n,2,310.91,5.62,D,0
20.91532,81.9889,339.51,0.49,0.41,2026-05-23,802,N20,VIIRS,l,2,312.05,5.62,D,0
20.91594,81.99364,351.99,0.49,0.41,2026-05-23,802,N20,VIIRS,n,2,314.02,12.57,D,0
20.91903,81.98837,339.47,0.49,0.41,2026-05-23,802,N20,VIIRS,l,2,312.38,5.62,D,0
20.91966,81.99311,346.82,0.49,0.41,2026-05-23,802,N20,VIIRS,n,2,316.77,12.57,D,0
20.91968,73.54259,335.88,0.53,0.42,2026-05-23,802,N20,VIIRS,n,2,298.56,4.56,D,0
20.92029,81.99783,341.5,0.49,0.41,2026-05-23,802,N20,VIIRS,l,2,311.56,12.57,D,0
20.92212,75.84171,346.87,0.42,0.38,2026-05-23,802,N20,VIIRS,l,2,309.48,11.01,D,0
20.92275,81.98783,353.18,0.49,0.41,2026-05-23,802,N20,VIIRS,n,2,313.36,11.84,D,0
20.92338,81.99257,354.83,0.49,0.41,2026-05-23,802,N20,VIIRS,n,2,315.34,22.35,D,0
20.9234,80.06261,343.25,0.41,0.37,2026-05-23,802,N20,VIIRS,l,2,317.8,8.35,D,0
20.92463,82.00203,343.07,0.49,0.41,2026-05-23,802,N20,VIIRS,l,2,314.72,8.28,D,0
20.92465,81.98842,337.96,0.49,0.41,2026-05-23,802,N20,VIIRS,l,2,310.97,5.61,D,0
20.92497,75.81655,343.17,0.42,0.38,2026-05-23,802,N20,VIIRS,l,2,308.37,11.72,D,0
20.92526,82.00675,351.07,0.49,0.41,2026-05-23,802,N20,VIIRS,n,2,317.34,8.28,D,0
20.92589,82.0115,354.83,0.5,0.41,2026-05-23,802,N20,VIIRS,n,2,317.56,29.81,D,0
20.92645,82.00264,349.87,0.5,0.41,2026-05-23,802,N20,VIIRS,n,2,315.67,13.52,D,0
20.92705,82.00738,355.42,0.5,0.41,2026-05-23,802,N20,VIIRS,n,2,316.76,13.52,D,0
20.92765,82.01212,344.58,0.5,0.41,2026-05-23,802,N20,VIIRS,n,2,314.03,14.65,D,0
20.92815,82.44243,338.55,0.52,0.42,2026-05-23,802,N20,VIIRS,l,2,312.16,6.87,D,0
20.92898,82.00622,346.64,0.49,0.41,2026-05-23,802,N20,VIIRS,n,2,314.24,8.28,D,0
20.93505,75.31311,339.42,0.44,0.38,2026-05-23,802,N20,VIIRS,l,2,306.79,8.17,D,0
20.94612,80.22513,335.57,0.42,0.37,2026-05-23,802,N20,VIIRS,l,2,309.55,2.07,D,0
20.94699,85.06236,343.06,0.5,0.49,2026-05-23,802,N20,VIIRS,n,2,309.54,7.61,D,0
20.94842,80.21648,342.22,0.42,0.37,2026-05-23,802,N20,VIIRS,n,2,310.55,4.9,D,0
20.94898,80.2205,335.85,0.42,0.37,2026-05-23,802,N20,VIIRS,l,2,310.46,3.17,D,0
20.9499,82.03795,340.34,0.5,0.41,2026-05-23,802,N20,VIIRS,n,2,308.15,9.92,D,0
20.95024,86.04793,336.44,0.58,0.52,2026-05-23,802,N20,VIIRS,n,2,300.06,6.89,D,2
20.95242,82.02789,348.97,0.5,0.41,2026-05-23,802,N20,VIIRS,n,2,318.08,21,D,0
20.95497,85.01299,339.6,0.49,0.49,2026-05-23,802,N20,VIIRS,n,2,308.99,8.45,D,2
20.95614,82.02735,352.61,0.5,0.41,2026-05-23,802,N20,VIIRS,n,2,318.08,21,D,0
20.96137,85.18848,349.93,0.51,0.49,2026-05-23,802,N20,VIIRS,n,2,309.06,14.01,D,2
20.96367,85.16834,346.22,0.51,0.49,2026-05-23,802,N20,VIIRS,n,2,309.01,7.46,D,2
20.96423,85.17321,335.75,0.51,0.49,2026-05-23,802,N20,VIIRS,l,2,307.04,7.46,D,2
20.96654,85.15327,339.94,0.5,0.49,2026-05-23,802,N20,VIIRS,n,2,307.22,5.05,D,2
20.96877,85.1727,343.96,0.51,0.49,2026-05-23,802,N20,VIIRS,n,2,308.51,12.52,D,2
20.96932,85.17754,348.82,0.51,0.49,2026-05-23,802,N20,VIIRS,n,2,307.6,9.95,D,2
20.97108,85.15276,333.64,0.5,0.49,2026-05-23,802,N20,VIIRS,l,2,307.08,5.05,D,2
20.97371,80.89943,348.61,0.44,0.38,2026-05-23,802,N20,VIIRS,n,2,316.38,17.21,D,0
20.97789,85.13223,335.69,0.5,0.49,2026-05-23,802,N20,VIIRS,l,2,307.18,7.4,D,2
20.97845,85.13711,344.15,0.5,0.49,2026-05-23,802,N20,VIIRS,n,2,308.06,10.33,D,2
20.97988,85.1345,344.34,0.5,0.49,2026-05-23,802,N20,VIIRS,n,2,306.89,8.45,D,2
20.98246,80.93701,345.34,0.44,0.39,2026-05-23,802,N20,VIIRS,l,2,318.28,14.67,D,0
20.98292,81.94138,349.68,0.49,0.4,2026-05-23,802,N20,VIIRS,n,2,311,14.39,D,0
20.98877,80.05628,352.65,0.41,0.37,2026-05-23,802,N20,VIIRS,n,2,320.69,10.69,D,0
21.00322,79.8103,348.17,0.41,0.37,2026-05-23,802,N20,VIIRS,l,2,318.41,7.77,D,0
21.0092,80.02541,348.13,0.41,0.37,2026-05-23,802,N20,VIIRS,n,2,317.97,5.91,D,0
21.01009,81.88953,341.58,0.49,0.4,2026-05-23,802,N20,VIIRS,l,2,315.24,11.24,D,0
21.01261,80.02486,340.46,0.41,0.37,2026-05-23,802,N20,VIIRS,l,2,314.07,5.91,D,0
21.02371,79.34016,345.6,0.4,0.37,2026-05-23,802,N20,VIIRS,l,2,319.36,14.1,D,0
21.02551,80.06721,343.23,0.41,0.37,2026-05-23,802,N20,VIIRS,n,2,312.72,7.69,D,0
21.02792,78.76393,349.24,0.39,0.36,2026-05-23,802,N20,VIIRS,n,2,314.14,12.09,D,0
21.02963,83.39064,342.64,0.39,0.44,2026-05-23,802,N20,VIIRS,n,2,312.16,6.96,D,0
21.03184,81.96803,344.22,0.49,0.41,2026-05-23,802,N20,VIIRS,n,2,309.51,8.95,D,0
21.03434,75.29826,339.28,0.44,0.38,2026-05-23,802,N20,VIIRS,l,2,304.86,3.47,D,0
21.0383,74.51945,348.59,0.47,0.4,2026-05-23,802,N20,VIIRS,n,2,309.16,10.51,D,0
21.04623,82.0192,349.9,0.5,0.41,2026-05-23,802,N20,VIIRS,n,2,315.47,39.97,D,0
21.0471,80.07186,341.83,0.41,0.37,2026-05-23,802,N20,VIIRS,l,2,312.13,5.94,D,0
21.04814,82.02119,346.15,0.5,0.41,2026-05-23,802,N20,VIIRS,n,2,311.74,50.36,D,0
21.0572,78.52798,349.16,0.39,0.36,2026-05-23,802,N20,VIIRS,n,2,317.6,10.99,D,0
21.06116,82.03392,351.97,0.5,0.41,2026-05-23,802,N20,VIIRS,n,2,319.75,22.98,D,0
21.06155,81.23377,346.04,0.46,0.39,2026-05-23,802,N20,VIIRS,l,2,316.7,11.99,D,0
21.06306,82.01905,346.68,0.5,0.41,2026-05-23,802,N20,VIIRS,n,2,313.38,11.48,D,0
21.06489,82.03337,350.79,0.5,0.41,2026-05-23,802,N20,VIIRS,n,2,315.7,22.98,D,0
21.06672,82.04773,342.65,0.5,0.41,2026-05-23,802,N20,VIIRS,l,2,315.2,29.24,D,0
21.0673,81.61905,340.44,0.48,0.4,2026-05-23,802,N20,VIIRS,l,2,315.26,11.98,D,0
21.06924,82.03761,343.24,0.5,0.41,2026-05-23,802,N20,VIIRS,l,2,315.36,12.57,D,0
21.06985,82.0424,348.63,0.5,0.41,2026-05-23,802,N20,VIIRS,l,2,319.65,13.89,D,0
21.07046,82.04717,341.57,0.5,0.41,2026-05-23,802,N20,VIIRS,l,2,312.99,13.89,D,0
21.07229,80.00327,344.78,0.41,0.37,2026-05-23,802,N20,VIIRS,n,2,308.89,6.84,D,0
21.07358,82.04185,345.09,0.5,0.41,2026-05-23,802,N20,VIIRS,n,2,312.95,13.89,D,0
21.07599,75.22588,342.27,0.44,0.38,2026-05-23,802,N20,VIIRS,l,2,306.2,4.32,D,0
21.0786,82.02164,347.86,0.5,0.41,2026-05-23,802,N20,VIIRS,n,2,314.55,12.18,D,0
21.0805,75.71359,338.63,0.42,0.38,2026-05-23,802,N20,VIIRS,l,2,304.28,6.19,D,0
21.0827,80.17584,354.44,0.42,0.37,2026-05-23,802,N20,VIIRS,n,2,302.25,8.76,D,0
21.08612,80.17529,340.62,0.42,0.37,2026-05-23,802,N20,VIIRS,n,2,308.25,3.9,D,0
21.08668,80.17928,338.7,0.42,0.37,2026-05-23,802,N20,VIIRS,l,2,311.06,3.9,D,0
21.09028,80.8822,347.29,0.44,0.38,2026-05-23,802,N20,VIIRS,n,2,315.89,15.04,D,0
21.09381,80.88167,348.55,0.44,0.38,2026-05-23,802,N20,VIIRS,n,2,313.91,15.04,D,0
21.10176,78.85044,341.72,0.39,0.36,2026-05-23,802,N20,VIIRS,l,2,313.33,10.1,D,0
21.10195,72.63663,355.7,0.39,0.44,2026-05-23,802,N20,VIIRS,n,2,304.61,13.82,D,2
21.10284,82.03274,347.59,0.5,0.41,2026-05-23,802,N20,VIIRS,n,2,315.67,13.06,D,0
21.10406,72.64774,345.85,0.39,0.44,2026-05-23,802,N20,VIIRS,n,2,306.04,7.76,D,2
21.11477,76.24226,341.74,0.41,0.37,2026-05-23,802,N20,VIIRS,l,2,312.13,6.33,D,0
21.11516,82.78846,340.57,0.55,0.42,2026-05-23,802,N20,VIIRS,l,2,315.44,7.48,D,0
21.12597,79.57316,348.57,0.4,0.37,2026-05-23,802,N20,VIIRS,n,2,318.5,13.05,D,0
21.13464,82.07214,345.38,0.5,0.41,2026-05-23,802,N20,VIIRS,n,2,314.09,15.78,D,0
21.13704,80.90654,348.42,0.44,0.39,2026-05-23,802,N20,VIIRS,n,2,314.74,9.67,D,0
21.1406,81.99009,355.41,0.5,0.41,2026-05-23,802,N20,VIIRS,n,2,315.27,29.63,D,0
21.15069,81.9918,349.86,0.5,0.41,2026-05-23,802,N20,VIIRS,n,2,316.66,51.45,D,0
21.17746,82.43167,341.01,0.52,0.42,2026-05-23,802,N20,VIIRS,l,2,315.8,11.14,D,0
21.18667,81.45486,345.94,0.47,0.4,2026-05-23,802,N20,VIIRS,l,2,318.52,13.07,D,0
21.18718,81.9979,352.71,0.5,0.41,2026-05-23,802,N20,VIIRS,n,2,316.21,15.1,D,0
21.19368,82.83999,349.31,0.55,0.43,2026-05-23,802,N20,VIIRS,n,2,317.38,13.29,D,0
21.19829,82.08443,350,0.5,0.41,2026-05-23,802,N20,VIIRS,n,2,305.29,7.57,D,0
21.20467,82.37872,340.64,0.52,0.42,2026-05-23,802,N20,VIIRS,l,2,313.35,14.1,D,0
21.2047,80.12412,340.64,0.42,0.37,2026-05-23,802,N20,VIIRS,l,2,313.04,4.71,D,0
21.20848,82.37817,346.58,0.52,0.42,2026-05-23,802,N20,VIIRS,n,2,315.23,14.1,D,0
21.21866,82.69186,342.57,0.54,0.42,2026-05-23,802,N20,VIIRS,l,2,317.51,8.33,D,0
21.22151,83.16453,345.46,0.38,0.44,2026-05-23,802,N20,VIIRS,n,2,314.83,5.07,D,0
21.22493,71.8651,334.06,0.43,0.46,2026-05-23,802,N20,VIIRS,n,2,301.9,2.05,D,0
21.22551,83.164,352.24,0.38,0.44,2026-05-23,802,N20,VIIRS,n,2,314.66,6.54,D,0
21.22837,82.86227,344.96,0.55,0.43,2026-05-23,802,N20,VIIRS,l,2,316.59,11.85,D,0
21.23245,78.7254,352.56,0.39,0.36,2026-05-23,802,N20,VIIRS,n,2,319.49,20.23,D,0
21.2354,78.72121,348.88,0.39,0.36,2026-05-23,802,N20,VIIRS,l,2,320.11,22.13,D,0
21.23595,78.72491,348.73,0.39,0.36,2026-05-23,802,N20,VIIRS,l,2,323.12,16.63,D,0
21.23913,79.23447,338.78,0.4,0.37,2026-05-23,802,N20,VIIRS,n,2,305.86,5.27,D,0
21.23926,78.72437,350.12,0.39,0.36,2026-05-23,802,N20,VIIRS,n,2,319.45,16.63,D,0
21.24202,78.72011,346.52,0.39,0.36,2026-05-23,802,N20,VIIRS,l,2,320.06,14.48,D,0
21.24416,79.22202,341.01,0.39,0.37,2026-05-23,802,N20,VIIRS,l,2,311.67,7.87,D,0
21.24595,79.16373,341.76,0.39,0.36,2026-05-23,802,N20,VIIRS,n,2,310.42,7.01,D,0
21.24919,79.20958,350.6,0.39,0.37,2026-05-23,802,N20,VIIRS,n,2,314.53,9.8,D,2
21.25227,84.22163,334.64,0.45,0.47,2026-05-23,802,N20,VIIRS,l,2,309.11,3.15,D,0
21.25276,84.22578,335.57,0.45,0.47,2026-05-23,802,N20,VIIRS,l,2,307.93,3.17,D,0
21.26061,80.65118,340.99,0.43,0.38,2026-05-23,802,N20,VIIRS,l,2,312.06,4.42,D,0
21.2636,79.62156,342.57,0.4,0.37,2026-05-23,802,N20,VIIRS,l,2,316.72,9.15,D,0
21.26762,80.65022,338.87,0.43,0.38,2026-05-23,802,N20,VIIRS,l,2,310.9,5.49,D,0
21.27302,82.90245,348.63,0.56,0.43,2026-05-23,802,N20,VIIRS,n,2,315.53,17.72,D,0
21.2738,78.89029,348.11,0.39,0.36,2026-05-23,802,N20,VIIRS,l,2,320.78,4.36,D,0
21.27693,78.2485,347.43,0.38,0.36,2026-05-23,802,N20,VIIRS,n,2,317.34,12.4,D,0
21.27695,82.90189,346.13,0.56,0.43,2026-05-23,802,N20,VIIRS,n,2,314.74,9.21,D,0
21.2795,73.5504,334.96,0.52,0.42,2026-05-23,802,N20,VIIRS,n,2,303.69,2.68,D,0
21.28089,82.90133,345.62,0.56,0.43,2026-05-23,802,N20,VIIRS,n,2,315.55,9.21,D,0
21.28929,82.74323,344.82,0.55,0.42,2026-05-23,802,N20,VIIRS,l,2,319.58,13.78,D,0
21.29055,72.0071,344.16,0.42,0.46,2026-05-23,802,N20,VIIRS,n,2,301.34,1.95,D,0
21.29384,82.74793,349.32,0.55,0.42,2026-05-23,802,N20,VIIRS,n,2,317.71,12.4,D,0
21.30314,75.76374,340.39,0.42,0.37,2026-05-23,802,N20,VIIRS,l,2,305.88,6.51,D,0
21.31788,74.0967,337.77,0.49,0.4,2026-05-23,802,N20,VIIRS,l,2,306.38,4.97,D,0
21.33636,73.67124,334.36,0.51,0.41,2026-05-23,802,N20,VIIRS,l,2,305.33,4.76,D,0
21.34663,80.72353,348.45,0.44,0.38,2026-05-23,802,N20,VIIRS,n,2,314.27,5.01,D,0
21.34792,82.92492,340.73,0.56,0.43,2026-05-23,802,N20,VIIRS,l,2,314.73,8.71,D,0
21.3486,82.9303,343.33,0.56,0.43,2026-05-23,802,N20,VIIRS,l,2,316.04,8.71,D,0
21.35017,76.83602,339.46,0.39,0.36,2026-05-23,802,N20,VIIRS,l,2,307.6,3.84,D,0
21.35384,83.47397,343.35,0.4,0.44,2026-05-23,802,N20,VIIRS,l,2,315.14,4.63,D,0
21.35516,75.52653,345.15,0.42,0.38,2026-05-23,802,N20,VIIRS,n,2,305.44,5.32,D,0
21.35851,81.76944,347.41,0.49,0.4,2026-05-23,802,N20,VIIRS,l,2,319.99,4.89,D,0
21.36593,80.70741,342.96,0.44,0.38,2026-05-23,802,N20,VIIRS,n,2,311.28,5.24,D,0
21.37502,77.88861,345.09,0.38,0.36,2026-05-23,802,N20,VIIRS,n,2,312.26,11.29,D,0
21.3837,75.59191,339.53,0.42,0.38,2026-05-23,802,N20,VIIRS,l,2,307.28,3.95,D,0
21.38613,77.65283,340.85,0.38,0.36,2026-05-23,802,N20,VIIRS,n,2,310.25,6.51,D,0
21.41254,81.55392,345.28,0.48,0.4,2026-05-23,802,N20,VIIRS,l,2,320.04,12,D,0
21.41277,81.555,344.95,0.48,0.4,2026-05-23,802,N20,VIIRS,l,2,319.52,13.13,D,0
21.41619,79.4238,346.63,0.4,0.37,2026-05-23,802,N20,VIIRS,n,2,315.33,14.33,D,0
21.41734,79.40794,347.06,0.4,0.37,2026-05-23,802,N20,VIIRS,l,2,320.08,16.79,D,0
21.41789,79.41176,351.19,0.4,0.37,2026-05-23,802,N20,VIIRS,n,2,318.07,20.43,D,0
21.419,79.41941,353.06,0.4,0.37,2026-05-23,802,N20,VIIRS,n,2,317.46,12.92,D,0
21.41955,79.42323,353.99,0.4,0.37,2026-05-23,802,N20,VIIRS,n,2,322.56,12.92,D,0
21.4201,79.42708,344.15,0.4,0.37,2026-05-23,802,N20,VIIRS,l,2,318.3,17.68,D,0
21.4229,79.42268,347.01,0.4,0.37,2026-05-23,802,N20,VIIRS,n,2,316.4,12.92,D,0
21.42697,85.56593,334.31,0.54,0.51,2026-05-23,802,N20,VIIRS,n,2,300.68,4.21,D,0
21.43037,85.46844,342.52,0.54,0.51,2026-05-23,802,N20,VIIRS,n,2,300.53,5.33,D,0
21.4414,75.3467,338.02,0.43,0.38,2026-05-23,802,N20,VIIRS,l,2,306.62,9,D,0
21.44203,79.25552,349.97,0.4,0.37,2026-05-23,802,N20,VIIRS,l,2,322.59,16.61,D,0
21.4481,79.44196,342.48,0.4,0.37,2026-05-23,802,N20,VIIRS,l,2,315.48,11.97,D,0
21.452,79.44524,348.85,0.4,0.37,2026-05-23,802,N20,VIIRS,l,2,319.32,14.6,D,0
21.46067,76.01856,348.54,0.41,0.37,2026-05-23,802,N20,VIIRS,n,2,307.49,5.14,D,0
21.46313,79.28315,343.63,0.4,0.37,2026-05-23,802,N20,VIIRS,l,2,317.53,13,D,0
21.46513,81.81734,345.48,0.49,0.4,2026-05-23,802,N20,VIIRS,l,2,319.97,12.79,D,0
21.46573,81.82204,351.49,0.49,0.4,2026-05-23,802,N20,VIIRS,n,2,317.17,12.79,D,0
21.47298,81.61643,340.5,0.48,0.4,2026-05-23,802,N20,VIIRS,l,2,314.67,7.4,D,0
21.47828,83.84615,334.52,0.42,0.46,2026-05-23,802,N20,VIIRS,l,2,308.55,3.02,D,0
21.47867,85.44811,335.77,0.54,0.51,2026-05-23,802,N20,VIIRS,n,2,300.44,4.37,D,0
21.47983,83.48903,340.62,0.4,0.45,2026-05-23,802,N20,VIIRS,l,2,312.59,4.14,D,0
21.48322,85.44669,342.46,0.54,0.51,2026-05-23,802,N20,VIIRS,n,2,301.03,4.37,D,0
21.48888,76.93784,343.09,0.39,0.36,2026-05-23,802,N20,VIIRS,l,2,314.88,6.76,D,0
21.50331,81.3348,348.52,0.47,0.39,2026-05-23,802,N20,VIIRS,l,2,320.66,4.25,D,0
21.50714,78.10986,344.25,0.38,0.36,2026-05-23,802,N20,VIIRS,n,2,313.48,5.23,D,0
21.50751,81.33875,345.13,0.47,0.39,2026-05-23,802,N20,VIIRS,l,2,319.22,4.25,D,0
21.50783,81.71073,342.81,0.49,0.4,2026-05-23,802,N20,VIIRS,l,2,317.51,15.01,D,0
21.5092,73.08791,331.39,0.55,0.42,2026-05-23,802,N20,VIIRS,l,2,303.44,3.59,D,0
21.52155,80.76226,340.79,0.44,0.38,2026-05-23,802,N20,VIIRS,l,2,313.57,6.67,D,0
21.5409,76.53745,338.95,0.4,0.37,2026-05-23,802,N20,VIIRS,l,2,307.89,3.93,D,0
21.54443,77.40104,338.4,0.39,0.36,2026-05-23,802,N20,VIIRS,l,2,311.33,2.57,D,0
21.54768,83.95559,340.06,0.43,0.46,2026-05-23,802,N20,VIIRS,n,2,306.5,3.84,D,0
21.55189,83.95501,345.03,0.43,0.46,2026-05-23,802,N20,VIIRS,n,2,309.53,8.96,D,0
21.55238,83.95916,342.55,0.43,0.46,2026-05-23,802,N20,VIIRS,n,2,306.78,8.85,D,0
21.5582,77.09751,349.55,0.39,0.36,2026-05-23,802,N20,VIIRS,n,2,317.6,3.66,D,0
21.5615,77.09693,348.73,0.39,0.36,2026-05-23,802,N20,VIIRS,n,2,315.1,3.66,D,0
21.56209,77.10065,354.08,0.39,0.36,2026-05-23,802,N20,VIIRS,n,2,318.61,12.89,D,0
21.56268,77.10436,345.14,0.39,0.36,2026-05-23,802,N20,VIIRS,l,2,314.36,12.89,D,0
21.56415,77.4846,348.88,0.39,0.36,2026-05-23,802,N20,VIIRS,l,2,315.58,14.09,D,0
21.56655,81.39426,355.03,0.47,0.4,2026-05-23,802,N20,VIIRS,n,2,317.03,15.52,D,0
21.57381,81.39317,355.89,0.47,0.4,2026-05-23,802,N20,VIIRS,n,2,316.63,69.72,D,0
21.57939,77.25388,349.96,0.39,0.36,2026-05-23,802,N20,VIIRS,l,2,318.73,9.29,D,0
21.58327,77.25697,344.69,0.39,0.36,2026-05-23,802,N20,VIIRS,l,2,318.59,9.17,D,0
21.58452,79.39657,349.95,0.4,0.37,2026-05-23,802,N20,VIIRS,n,2,319.91,13.55,D,0
21.58667,76.84682,343.08,0.39,0.36,2026-05-23,802,N20,VIIRS,l,2,314.52,6.61,D,0
21.59183,77.16022,342.74,0.39,0.36,2026-05-23,802,N20,VIIRS,l,2,313.32,7.21,D,0
21.61205,79.04826,346.07,0.39,0.36,2026-05-23,802,N20,VIIRS,l,2,319.5,12.18,D,0
21.62377,76.67422,338.89,0.39,0.36,2026-05-23,802,N20,VIIRS,l,2,307.85,9.22,D,0
21.62564,77.33305,350.11,0.39,0.36,2026-05-23,802,N20,VIIRS,n,2,313.48,7.03,D,0
21.62613,81.59057,344.11,0.48,0.4,2026-05-23,802,N20,VIIRS,l,2,314.58,3.3,D,0
21.62679,77.34046,338.79,0.39,0.36,2026-05-23,802,N20,VIIRS,l,2,311.53,2.11,D,0
21.62893,77.33247,348.99,0.39,0.36,2026-05-23,802,N20,VIIRS,l,2,314.98,6.6,D,0
21.62951,77.33617,354.44,0.39,0.36,2026-05-23,802,N20,VIIRS,n,2,315.38,6.6,D,0
21.63575,77.04936,339.89,0.39,0.36,2026-05-23,802,N20,VIIRS,l,2,312.9,7.56,D,0
21.63915,77.22411,355.72,0.39,0.36,2026-05-23,802,N20,VIIRS,n,2,315.15,4.88,D,0
21.64244,77.22351,342.99,0.39,0.36,2026-05-23,802,N20,VIIRS,l,2,315.18,4.88,D,0
21.64969,77.31355,342.7,0.39,0.36,2026-05-23,802,N20,VIIRS,l,2,313.63,8.17,D,0
21.66051,78.93609,350.75,0.39,0.36,2026-05-23,802,N20,VIIRS,l,2,322.5,10.6,D,0
21.66457,81.04514,346.35,0.45,0.39,2026-05-23,802,N20,VIIRS,l,2,317.3,14.57,D,0
21.66797,77.01665,343.97,0.39,0.36,2026-05-23,802,N20,VIIRS,l,2,316.55,2.87,D,0
21.6963,80.74999,341.15,0.44,0.39,2026-05-23,802,N20,VIIRS,l,2,315.88,4.42,D,0
21.69756,83.76411,342.9,0.42,0.45,2026-05-23,802,N20,VIIRS,n,2,312.43,10.65,D,0
21.70472,84.08546,332.24,0.44,0.46,2026-05-23,802,N20,VIIRS,n,2,301.13,3.04,D,0
21.72328,81.76433,343.9,0.49,0.4,2026-05-23,802,N20,VIIRS,l,2,316.5,9.15,D,0
21.72699,81.7638,349.14,0.49,0.4,2026-05-23,802,N20,VIIRS,n,2,316.13,12.24,D,0
21.72938,78.96728,343.97,0.39,0.36,2026-05-23,802,N20,VIIRS,l,2,316.91,7.2,D,0
21.73018,82.89012,343.93,0.56,0.43,2026-05-23,802,N20,VIIRS,l,2,314.83,39.79,D,0
21.73085,82.89557,344.26,0.56,0.43,2026-05-23,802,N20,VIIRS,l,2,316.02,45.82,D,0
21.73182,78.22581,340.47,0.39,0.36,2026-05-23,802,N20,VIIRS,n,2,310.36,6.52,D,0
21.73414,82.88957,367,0.56,0.43,2026-05-23,802,N20,VIIRS,l,2,328.21,39.79,D,0
21.7343,76.64219,338.94,0.39,0.36,2026-05-23,802,N20,VIIRS,l,2,306.95,8.41,D,0
21.73441,81.7917,346.66,0.49,0.4,2026-05-23,802,N20,VIIRS,l,2,319.01,12.27,D,0
21.7348,82.89502,348.27,0.56,0.43,2026-05-23,802,N20,VIIRS,n,2,315.38,45.82,D,0
21.73664,81.02151,345.1,0.45,0.39,2026-05-23,802,N20,VIIRS,n,2,314.67,15.05,D,0
21.73809,82.88902,367,0.56,0.43,2026-05-23,802,N20,VIIRS,l,2,327.15,31.67,D,0
21.73876,82.89448,344.12,0.56,0.43,2026-05-23,802,N20,VIIRS,n,2,311.99,26.28,D,0
21.74138,82.88302,349.67,0.56,0.43,2026-05-23,802,N20,VIIRS,n,2,315.52,31.67,D,0
21.74205,82.88848,344.41,0.56,0.43,2026-05-23,802,N20,VIIRS,n,2,313,31.67,D,0
21.7475,80.70022,349.44,0.44,0.38,2026-05-23,802,N20,VIIRS,n,2,314.01,5.9,D,0
21.74946,83.84482,343.68,0.43,0.46,2026-05-23,802,N20,VIIRS,n,2,308.98,6.35,D,0
21.75105,83.23212,341.23,0.39,0.44,2026-05-23,802,N20,VIIRS,l,2,314.81,9.47,D,0
21.7515,83.23594,339.83,0.39,0.44,2026-05-23,802,N20,VIIRS,l,2,313.18,7.63,D,0
21.75352,84.02731,338.36,0.44,0.46,2026-05-23,802,N20,VIIRS,l,2,310.73,3.95,D,2
21.75786,83.84375,335.15,0.43,0.46,2026-05-23,802,N20,VIIRS,l,2,307.95,6.86,D,2
21.75805,82.95307,352.31,0.57,0.43,2026-05-23,802,N20,VIIRS,n,2,319.48,77.8,D,0
21.75873,82.95857,342.17,0.57,0.43,2026-05-23,802,N20,VIIRS,n,2,311.12,48.33,D,0
21.76202,82.95252,350.31,0.57,0.43,2026-05-23,802,N20,VIIRS,n,2,312.48,18.17,D,0
21.7627,82.95802,341.04,0.57,0.43,2026-05-23,802,N20,VIIRS,l,2,312.82,8.35,D,0
21.76667,82.95748,341.29,0.57,0.43,2026-05-23,802,N20,VIIRS,l,2,314.89,8.35,D,0
21.76755,79.01865,343.52,0.39,0.36,2026-05-23,802,N20,VIIRS,l,2,318.01,11.8,D,0
21.77409,77.5228,349.17,0.38,0.36,2026-05-23,802,N20,VIIRS,n,2,318.44,9.39,D,0
21.78161,80.66032,349.07,0.44,0.38,2026-05-23,802,N20,VIIRS,n,2,315.72,6.82,D,0
21.78207,83.83209,340.53,0.43,0.46,2026-05-23,802,N20,VIIRS,l,2,314.24,9.9,D,2
21.78907,77.66399,344.65,0.38,0.36,2026-05-23,802,N20,VIIRS,l,2,318.83,7.76,D,0
21.79254,80.74094,343.18,0.44,0.39,2026-05-23,802,N20,VIIRS,l,2,317.37,7.8,D,0
21.81766,77.03923,340.98,0.39,0.36,2026-05-23,802,N20,VIIRS,l,2,313.59,3.71,D,0
21.81942,78.04047,343.79,0.38,0.36,2026-05-23,802,N20,VIIRS,n,2,312.46,8.63,D,0
21.82096,77.03864,341.92,0.39,0.36,2026-05-23,802,N20,VIIRS,l,2,313.73,6.38,D,0
21.82578,79.66636,351.39,0.41,0.37,2026-05-23,802,N20,VIIRS,n,2,320.28,11.06,D,0
21.83087,77.03687,343.99,0.39,0.36,2026-05-23,802,N20,VIIRS,l,2,310.89,6,D,0
21.83217,81.00849,340.94,0.45,0.39,2026-05-23,802,N20,VIIRS,l,2,315.08,4.3,D,0
21.83244,75.12046,341.7,0.43,0.38,2026-05-23,802,N20,VIIRS,l,2,309.56,2.67,D,0
21.83486,81.91066,344.7,0.5,0.41,2026-05-23,802,N20,VIIRS,l,2,317.21,12.72,D,0
21.83573,81.00787,352.08,0.45,0.39,2026-05-23,802,N20,VIIRS,n,2,318.89,7.45,D,0
21.83633,81.01231,351.91,0.45,0.39,2026-05-23,802,N20,VIIRS,n,2,320.48,7.45,D,0
21.83989,81.01168,347.45,0.45,0.39,2026-05-23,802,N20,VIIRS,n,2,316.85,7.45,D,0
21.84478,83.04723,349.14,0.39,0.44,2026-05-23,802,N20,VIIRS,n,2,313.03,8.48,D,0
21.84572,78.95127,351.01,0.39,0.36,2026-05-23,802,N20,VIIRS,l,2,322.61,5.31,D,0
21.8493,83.78115,345.16,0.43,0.46,2026-05-23,802,N20,VIIRS,n,2,311.03,2.95,D,0
21.8619,81.0397,343.8,0.46,0.39,2026-05-23,802,N20,VIIRS,l,2,316.65,10.45,D,0
21.86316,82.96464,342.06,0.57,0.43,2026-05-23,802,N20,VIIRS,l,2,312.75,11.23,D,0
21.86609,78.05885,356.26,0.38,0.36,2026-05-23,802,N20,VIIRS,n,2,314.17,9.5,D,0
21.86737,77.53255,345.89,0.38,0.36,2026-05-23,802,N20,VIIRS,n,2,315.41,5.71,D,0
21.86793,83.38103,345.55,0.4,0.44,2026-05-23,802,N20,VIIRS,l,2,316.95,23.66,D,0
21.87066,77.53197,345.76,0.38,0.36,2026-05-23,802,N20,VIIRS,n,2,314.88,5.23,D,0
21.87338,77.52769,338.73,0.38,0.36,2026-05-23,802,N20,VIIRS,l,2,313.57,2.26,D,0
21.87811,83.2228,345.03,0.39,0.44,2026-05-23,802,N20,VIIRS,l,2,316.02,8.36,D,0
21.8783,82.92341,350.53,0.57,0.43,2026-05-23,802,N20,VIIRS,n,2,320.04,66.27,D,0
21.88227,82.92285,348.65,0.57,0.43,2026-05-23,802,N20,VIIRS,n,2,316.65,32.22,D,0
21.88335,79.65672,349.46,0.41,0.37,2026-05-23,802,N20,VIIRS,n,2,314.23,10.66,D,0
21.88364,82.93386,340.67,0.57,0.43,2026-05-23,802,N20,VIIRS,l,2,312.73,9.74,D,0
21.88381,79.33505,356.05,0.4,0.37,2026-05-23,802,N20,VIIRS,n,2,324.06,8.84,D,0
21.88637,82.95589,343.28,0.57,0.43,2026-05-23,802,N20,VIIRS,l,2,314.24,13.13,D,0
21.88898,82.94432,342.42,0.57,0.43,2026-05-23,802,N20,VIIRS,l,2,314.29,10.87,D,0
21.93058,75.53886,341.77,0.42,0.38,2026-05-23,802,N20,VIIRS,l,2,310.5,4.3,D,0
21.93666,77.212,342.03,0.39,0.36,2026-05-23,802,N20,VIIRS,l,2,312.97,6.23,D,0
21.9437,83.45829,346.57,0.41,0.45,2026-05-23,802,N20,VIIRS,n,2,316.04,5.03,D,0
21.94442,77.21825,340.92,0.39,0.36,2026-05-23,802,N20,VIIRS,l,2,311.49,7.13,D,0
21.94779,77.02282,346.26,0.39,0.36,2026-05-23,802,N20,VIIRS,l,2,310.64,8.82,D,0
21.95938,81.0973,340.74,0.46,0.39,2026-05-23,802,N20,VIIRS,l,2,315.46,7.76,D,0
21.96012,80.51286,343.91,0.44,0.38,2026-05-23,802,N20,VIIRS,l,2,316.73,7.12,D,0
21.97085,77.14867,341.17,0.39,0.36,2026-05-23,802,N20,VIIRS,l,2,310.8,4.63,D,0
21.98612,78.58936,345.51,0.39,0.36,2026-05-23,802,N20,VIIRS,l,2,317.08,7.63,D,0
22.04387,80.23011,340.16,0.43,0.38,2026-05-23,802,N20,VIIRS,l,2,314.29,4.57,D,0
22.05295,83.72221,344.22,0.42,0.46,2026-05-23,802,N20,VIIRS,l,2,315.39,6.91,D,0
22.05528,81.79847,347.5,0.5,0.41,2026-05-23,802,N20,VIIRS,n,2,316.11,9.3,D,0
22.05968,76.78339,337.58,0.39,0.36,2026-05-23,802,N20,VIIRS,l,2,305.05,8.46,D,0
22.07925,81.12991,338.95,0.46,0.39,2026-05-23,802,N20,VIIRS,l,2,313.67,6.02,D,0
22.08533,81.94229,343.14,0.51,0.41,2026-05-23,802,N20,VIIRS,l,2,314.84,6.79,D,0
22.08596,81.94718,346.47,0.51,0.41,2026-05-23,802,N20,VIIRS,l,2,316.64,6.79,D,0
22.08598,78.62212,339.77,0.39,0.36,2026-05-23,802,N20,VIIRS,l,2,310.43,4.09,D,0
22.08912,83.1205,352.79,0.39,0.44,2026-05-23,802,N20,VIIRS,n,2,316.63,10.74,D,0
22.09986,80.53497,349.66,0.44,0.38,2026-05-23,802,N20,VIIRS,n,2,318.46,11.8,D,0
22.10492,77.42122,343.74,0.38,0.36,2026-05-23,802,N20,VIIRS,l,2,315.55,12.05,D,0
22.10821,77.42063,344.79,0.38,0.36,2026-05-23,802,N20,VIIRS,l,2,316.52,12.05,D,0
22.11723,81.16615,341.86,0.46,0.39,2026-05-23,802,N20,VIIRS,l,2,315.37,7.57,D,0
22.13331,81.95271,342.06,0.51,0.41,2026-05-23,802,N20,VIIRS,l,2,316.07,9.57,D,0
22.13393,81.95763,349.28,0.51,0.41,2026-05-23,802,N20,VIIRS,n,2,316.98,10.71,D,0
22.14342,77.25095,354.65,0.39,0.36,2026-05-23,802,N20,VIIRS,l,2,314.17,17.56,D,0
22.14483,80.60152,343.4,0.44,0.38,2026-05-23,802,N20,VIIRS,l,2,313.46,4.35,D,0
22.15606,77.50713,344.37,0.38,0.36,2026-05-23,802,N20,VIIRS,l,2,314.74,5.77,D,0
22.15874,80.78244,339.93,0.45,0.39,2026-05-23,802,N20,VIIRS,l,2,314.19,11,D,0
22.16157,81.90375,347.81,0.5,0.41,2026-05-23,802,N20,VIIRS,l,2,318.24,10.09,D,0
22.19732,79.62689,353.04,0.41,0.37,2026-05-23,802,N20,VIIRS,n,2,322.71,12.76,D,0
22.19787,79.63083,354.37,0.41,0.37,2026-05-23,802,N20,VIIRS,n,2,322.5,12.76,D,0
22.22012,79.00493,346.2,0.4,0.37,2026-05-23,802,N20,VIIRS,l,2,316.48,3.45,D,0
22.22458,80.84462,342.46,0.45,0.39,2026-05-23,802,N20,VIIRS,l,2,316.14,10.38,D,0
22.2282,80.20192,341.44,0.43,0.38,2026-05-23,802,N20,VIIRS,l,2,313.9,4.62,D,0
22.23166,80.20135,345.13,0.43,0.38,2026-05-23,802,N20,VIIRS,l,2,315.46,7.27,D,0
22.27876,81.22742,349.76,0.47,0.4,2026-05-23,802,N20,VIIRS,n,2,318.96,16.91,D,0
22.32304,79.69962,345.67,0.41,0.37,2026-05-23,802,N20,VIIRS,l,2,320.44,17.03,D,0
22.35109,78.21333,341.5,0.39,0.36,2026-05-23,802,N20,VIIRS,n,2,310.56,4.68,D,0
22.36871,80.02528,348.76,0.42,0.38,2026-05-23,802,N20,VIIRS,l,2,321.98,10.8,D,0
22.37654,87.28017,333.26,0.36,0.57,2026-05-23,802,N20,VIIRS,n,2,299.49,5.68,D,2
22.3776,87.2812,334.17,0.36,0.57,2026-05-23,802,N20,VIIRS,n,2,300.01,4.38,D,2
22.37844,78.53378,344.88,0.39,0.36,2026-05-23,802,N20,VIIRS,l,2,316.01,14.85,D,0
22.38387,79.91141,348.95,0.42,0.38,2026-05-23,802,N20,VIIRS,n,2,318.93,12.87,D,0
22.3862,78.6094,343.22,0.39,0.36,2026-05-23,802,N20,VIIRS,n,2,312.64,5.72,D,0
22.40055,78.56845,344.48,0.39,0.36,2026-05-23,802,N20,VIIRS,n,2,312.11,7.08,D,0
22.40191,80.44735,342.12,0.44,0.38,2026-05-23,802,N20,VIIRS,l,2,315.93,6.54,D,0
22.40298,81.0438,345.86,0.46,0.39,2026-05-23,802,N20,VIIRS,n,2,308.12,5.64,D,0
22.40658,81.04328,344.83,0.46,0.39,2026-05-23,802,N20,VIIRS,n,2,307.94,5.64,D,0
22.40718,81.04774,347.56,0.46,0.39,2026-05-23,802,N20,VIIRS,n,2,308.78,5.64,D,0
22.41439,81.04669,333.97,0.46,0.39,2026-05-23,802,N20,VIIRS,l,2,307.74,3.6,D,0
22.41799,81.04617,339.08,0.46,0.39,2026-05-23,802,N20,VIIRS,l,2,309.64,4.73,D,0
22.42569,79.56159,349.06,0.41,0.37,2026-05-23,802,N20,VIIRS,l,2,322.71,26.58,D,0
22.42938,80.14162,347.86,0.43,0.38,2026-05-23,802,N20,VIIRS,l,2,320.7,19.18,D,0
22.46335,79.57632,349.2,0.41,0.37,2026-05-23,802,N20,VIIRS,l,2,320.83,6.82,D,0
22.47015,79.57523,345.98,0.41,0.37,2026-05-23,802,N20,VIIRS,l,2,319.43,31.25,D,0
22.47631,79.59445,344.13,0.41,0.37,2026-05-23,802,N20,VIIRS,l,2,318.8,1.6,D,0
22.48026,79.59785,349.27,0.41,0.37,2026-05-23,802,N20,VIIRS,l,2,319.3,1.89,D,0
22.49425,80.91735,340.52,0.46,0.39,2026-05-23,802,N20,VIIRS,l,2,315,7.1,D,0
22.49828,81.34029,338.69,0.48,0.4,2026-05-23,802,N20,VIIRS,l,2,310.02,3.43,D,0
22.50323,79.36864,343.59,0.4,0.37,2026-05-23,802,N20,VIIRS,l,2,314.04,11.08,D,0
22.50437,81.32981,340.71,0.48,0.4,2026-05-23,802,N20,VIIRS,n,2,310.59,6.89,D,0
22.52328,80.59888,347.49,0.44,0.39,2026-05-23,802,N20,VIIRS,n,2,316.65,13.28,D,0
22.52794,82.30721,336.43,0.54,0.42,2026-05-23,802,N20,VIIRS,l,2,309.65,6.8,D,0
22.53896,79.71843,345.57,0.41,0.37,2026-05-23,802,N20,VIIRS,l,2,318.77,10.61,D,0
22.55127,81.99947,344.01,0.52,0.41,2026-05-23,802,N20,VIIRS,n,2,310.84,4.08,D,0
22.55127,82.00131,340.6,0.52,0.41,2026-05-23,802,N20,VIIRS,l,2,310.68,7.76,D,0
22.55505,81.99888,335.9,0.52,0.41,2026-05-23,802,N20,VIIRS,l,2,310.84,4.08,D,0
22.56897,81.45251,344.21,0.48,0.4,2026-05-23,802,N20,VIIRS,n,2,308.2,5.14,D,0
22.61574,81.59241,343.07,0.49,0.41,2026-05-23,802,N20,VIIRS,n,2,308.63,13.22,D,0
22.65227,81.97539,333.44,0.52,0.41,2026-05-23,802,N20,VIIRS,l,2,308.29,0.73,D,0
22.66772,80.57306,347.14,0.44,0.39,2026-05-23,802,N20,VIIRS,l,2,319.44,2.79,D,0
22.72551,81.9772,337.02,0.52,0.41,2026-05-23,802,N20,VIIRS,l,2,310.03,3.73,D,0
22.78575,86.20506,341.59,0.62,0.54,2026-05-23,802,N20,VIIRS,n,2,304.05,9.9,D,2
22.94149,85.46929,342.05,0.56,0.51,2026-05-23,802,N20,VIIRS,n,2,298.7,7.49,D,0
22.94239,85.46579,339.56,0.56,0.52,2026-05-23,802,N20,VIIRS,n,2,300.22,6.68,D,0
21.50699,73.09135,335.53,0.55,0.42,2026-05-23,803,N20,VIIRS,n,2,303.02,3.85,D,0
21.666,71.953,340.06,0.42,0.45,2026-05-23,803,N20,VIIRS,n,2,295.64,2.74,D,0
21.75341,73.30492,338.05,0.53,0.42,2026-05-23,803,N20,VIIRS,n,2,304.08,6.36,D,0
21.75499,73.30815,334.8,0.53,0.42,2026-05-23,803,N20,VIIRS,n,2,303.19,5.07,D,0
21.76479,72.69015,343.66,0.57,0.43,2026-05-23,803,N20,VIIRS,n,2,304.66,9.03,D,0
21.76772,72.68781,342.49,0.57,0.43,2026-05-23,803,N20,VIIRS,n,2,304.91,11.5,D,0
21.79048,72.03311,340.87,0.41,0.45,2026-05-23,803,N20,VIIRS,n,2,299.68,4.34,D,0
21.79303,72.64856,338.82,0.57,0.43,2026-05-23,803,N20,VIIRS,n,2,304.58,13.3,D,0
21.7938,72.02829,341.48,0.41,0.45,2026-05-23,803,N20,VIIRS,n,2,300.23,6.87,D,0
21.79455,72.03223,339.06,0.41,0.45,2026-05-23,803,N20,VIIRS,n,2,299.17,4.34,D,0
21.8054,72.91473,345.64,0.55,0.43,2026-05-23,803,N20,VIIRS,n,2,303.11,8.1,D,0
21.80585,72.91273,339.21,0.55,0.43,2026-05-23,803,N20,VIIRS,n,2,304.46,7.05,D,0
21.807,73.81789,332.22,0.5,0.41,2026-05-23,803,N20,VIIRS,l,2,303.98,2.95,D,0
21.83975,73.03033,338.19,0.54,0.42,2026-05-23,803,N20,VIIRS,n,2,304.91,3.5,D,0
21.89802,73.71629,336.54,0.5,0.41,2026-05-23,803,N20,VIIRS,n,2,303.02,5.23,D,0
21.93029,75.53937,343.28,0.42,0.38,2026-05-23,803,N20,VIIRS,l,2,310.71,3.11,D,0
21.93125,72.67326,347.01,0.57,0.43,2026-05-23,803,N20,VIIRS,n,2,303.37,6.68,D,0
21.98902,73.57048,336.79,0.51,0.41,2026-05-23,803,N20,VIIRS,n,2,304.71,2.54,D,0
22.03019,73.25774,338.26,0.53,0.42,2026-05-23,803,N20,VIIRS,n,2,302.71,2.12,D,0
22.03398,73.25695,333.43,0.53,0.42,2026-05-23,803,N20,VIIRS,l,2,303.84,3.16,D,0
22.07633,73.44868,338.68,0.51,0.41,2026-05-23,803,N20,VIIRS,n,2,305.53,4.91,D,0
22.10322,72.77082,341.03,0.56,0.43,2026-05-23,803,N20,VIIRS,n,2,305.18,7.13,D,0
22.10358,72.774,340.95,0.56,0.43,2026-05-23,803,N20,VIIRS,n,2,304.48,5.69,D,0
22.11992,73.08437,337.97,0.54,0.42,2026-05-23,803,N20,VIIRS,n,2,304.87,3.93,D,0
22.18197,73.23579,335.46,0.52,0.42,2026-05-23,803,N20,VIIRS,l,2,307.13,5.48,D,0
22.18234,73.23408,342.95,0.52,0.42,2026-05-23,803,N20,VIIRS,n,2,307.93,6.42,D,0
22.18762,72.65845,344.98,0.56,0.43,2026-05-23,803,N20,VIIRS,n,2,305.6,21.77,D,0
22.20207,73.17424,337.53,0.53,0.42,2026-05-23,803,N20,VIIRS,n,2,306.78,7.01,D,0
22.21047,73.1986,338.52,0.53,0.42,2026-05-23,803,N20,VIIRS,n,2,307.24,4.52,D,0
22.2121,71.9505,338.32,0.41,0.45,2026-05-23,803,N20,VIIRS,n,2,301.14,8.68,D,0
22.21308,73.04011,337.65,0.54,0.42,2026-05-23,803,N20,VIIRS,n,2,304.92,3.46,D,0
22.22015,73.31566,337.59,0.52,0.41,2026-05-23,803,N20,VIIRS,l,2,309.24,7.55,D,0
22.24633,73.43779,347.54,0.51,0.41,2026-05-23,803,N20,VIIRS,n,2,308.31,9.09,D,0
22.26819,74.01996,338.43,0.48,0.4,2026-05-23,803,N20,VIIRS,l,2,307.12,1.61,D,0
22.2932,76.58204,339.19,0.39,0.36,2026-05-23,803,N20,VIIRS,l,2,312.36,9.27,D,0
22.31942,75.72025,341.28,0.41,0.37,2026-05-23,803,N20,VIIRS,l,2,311.88,10.19,D,0
22.31978,77.55755,349.91,0.38,0.36,2026-05-23,803,N20,VIIRS,n,2,310.92,5.55,D,0
22.3269,74.69212,342.66,0.45,0.39,2026-05-23,803,N20,VIIRS,l,2,311.04,0.74,D,0
22.3342,69.73293,337.27,0.56,0.52,2026-05-23,803,N20,VIIRS,n,2,300.1,5.31,D,0
22.33691,77.58109,342.94,0.38,0.36,2026-05-23,803,N20,VIIRS,n,2,307.57,4.17,D,0
22.3402,77.58051,346.85,0.38,0.36,2026-05-23,803,N20,VIIRS,n,2,310.3,4.77,D,0
22.34511,73.49296,337.7,0.51,0.41,2026-05-23,803,N20,VIIRS,n,2,305.49,5.9,D,0
22.34598,73.49037,337.93,0.51,0.41,2026-05-23,803,N20,VIIRS,n,2,305.46,8.29,D,0
22.40674,75.59023,343.16,0.41,0.37,2026-05-23,803,N20,VIIRS,l,2,311.68,7.73,D,0
22.40874,69.03709,336.95,0.62,0.54,2026-05-23,803,N20,VIIRS,n,2,302.11,4.62,D,0
22.43778,73.42095,338.07,0.51,0.41,2026-05-23,803,N20,VIIRS,l,2,309.53,7.99,D,0
22.43812,73.41806,337.9,0.51,0.41,2026-05-23,803,N20,VIIRS,l,2,308.6,7.08,D,0
22.48243,74.91668,341.99,0.44,0.38,2026-05-23,803,N20,VIIRS,l,2,314.15,1.42,D,0
22.49505,76.43912,342.92,0.39,0.36,2026-05-23,803,N20,VIIRS,l,2,315.24,11.7,D,0
22.53564,79.03104,340.82,0.4,0.37,2026-05-23,803,N20,VIIRS,n,2,308.64,5.88,D,0
22.55203,77.87672,336.36,0.38,0.36,2026-05-23,803,N20,VIIRS,n,2,304.27,3.91,D,0
22.55515,79.00019,340.36,0.4,0.37,2026-05-23,803,N20,VIIRS,l,2,312.27,6.3,D,0
22.55849,78.99961,340.41,0.4,0.37,2026-05-23,803,N20,VIIRS,l,2,311.82,6.11,D,0
22.56239,78.95577,350.12,0.4,0.37,2026-05-23,803,N20,VIIRS,n,2,314.89,9.36,D,0
22.58716,76.06445,342.72,0.4,0.37,2026-05-23,803,N20,VIIRS,l,2,314.64,4.7,D,0
22.58779,76.06829,345.5,0.4,0.37,2026-05-23,803,N20,VIIRS,l,2,318.74,4.7,D,0
22.59017,76.41777,345.27,0.39,0.36,2026-05-23,803,N20,VIIRS,l,2,318.98,10.67,D,0
22.59349,76.41714,352,0.39,0.36,2026-05-23,803,N20,VIIRS,n,2,318.44,3.77,D,0
22.66338,72.49494,340.38,0.57,0.43,2026-05-23,803,N20,VIIRS,n,2,308.19,10.61,D,0
22.66678,76.10898,340.64,0.4,0.37,2026-05-23,803,N20,VIIRS,l,2,314.22,1.87,D,0
22.68626,79.20415,340.36,0.4,0.37,2026-05-23,803,N20,VIIRS,n,2,308.62,3.85,D,0
22.69351,79.23071,343.6,0.4,0.37,2026-05-23,803,N20,VIIRS,l,2,313.7,7.46,D,0
22.71494,78.67701,339.42,0.39,0.36,2026-05-23,803,N20,VIIRS,n,2,307.68,3.11,D,0
22.7318,76.96791,344.23,0.39,0.36,2026-05-23,803,N20,VIIRS,l,2,311.53,14.61,D,0
22.73403,79.2874,345.36,0.4,0.37,2026-05-23,803,N20,VIIRS,n,2,312.89,9.32,D,0
22.74654,80.21709,346.78,0.43,0.38,2026-05-23,803,N20,VIIRS,l,2,320.42,12.96,D,0
22.74702,78.92107,336.76,0.4,0.37,2026-05-23,803,N20,VIIRS,l,2,311.69,2.86,D,0
22.76185,79.68769,342.92,0.41,0.37,2026-05-23,803,N20,VIIRS,l,2,313.5,3.11,D,0
22.76319,76.18126,345.6,0.4,0.37,2026-05-23,803,N20,VIIRS,l,2,316.03,10.19,D,0
22.7654,74.68397,344.53,0.44,0.38,2026-05-23,803,N20,VIIRS,l,2,316.12,3.31,D,0
22.76868,80.01462,344.75,0.42,0.38,2026-05-23,803,N20,VIIRS,l,2,318.18,17.27,D,0
22.80157,74.89863,345.25,0.43,0.38,2026-05-23,803,N20,VIIRS,l,2,319.43,10.57,D,0
22.80524,72.28105,337.54,0.39,0.44,2026-05-23,803,N20,VIIRS,l,2,308.32,4.52,D,0
22.83278,76.98325,343.01,0.39,0.36,2026-05-23,803,N20,VIIRS,l,2,312.04,9.56,D,0
22.88428,71.94608,340.72,0.4,0.44,2026-05-23,803,N20,VIIRS,n,2,309.16,9.8,D,0
22.88984,75.89547,341.19,0.4,0.37,2026-05-23,803,N20,VIIRS,l,2,315.83,8.02,D,0
22.92435,70.10644,341.72,0.52,0.5,2026-05-23,803,N20,VIIRS,n,2,308.47,15.94,D,0
22.93161,70.86169,339.26,0.46,0.47,2026-05-23,803,N20,VIIRS,n,2,308.77,3.02,D,0
22.93289,78.8239,338.37,0.4,0.37,2026-05-23,803,N20,VIIRS,l,2,310.3,4.89,D,0
22.93439,70.86377,343.12,0.46,0.47,2026-05-23,803,N20,VIIRS,n,2,307.46,4.08,D,0
22.93589,70.8607,337.14,0.46,0.47,2026-05-23,803,N20,VIIRS,l,2,308.05,3.02,D,0
22.96355,71.94111,337.66,0.4,0.44,2026-05-23,803,N20,VIIRS,n,2,307.57,5.26,D,0
22.98392,77.36898,341.67,0.38,0.36,2026-05-23,803,N20,VIIRS,l,2,311.67,10.47,D,0
22.99641,79.36578,336.08,0.41,0.37,2026-05-23,803,N20,VIIRS,l,2,308.32,1.18,D,0
23.01056,76.19408,350.29,0.4,0.37,2026-05-23,803,N20,VIIRS,n,2,319.28,15.58,D,0
23.01495,73.41404,335.93,0.5,0.41,2026-05-23,803,N20,VIIRS,l,2,310.81,5.83,D,0
23.0192,81.2233,350.02,0.48,0.4,2026-05-23,803,N20,VIIRS,n,2,317.59,13.87,D,0
23.06496,83.05042,367,0.4,0.44,2026-05-23,803,N20,VIIRS,h,2,319.86,11.32,D,0
23.08794,83.49775,336.92,0.42,0.46,2026-05-23,803,N20,VIIRS,l,2,307,1.66,D,0
23.10074,79.81219,341.19,0.42,0.38,2026-05-23,803,N20,VIIRS,n,2,305.57,3.55,D,0
23.10418,79.81164,341.14,0.42,0.38,2026-05-23,803,N20,VIIRS,n,2,304.26,3.55,D,0
23.10813,80.30822,349.46,0.44,0.38,2026-05-23,803,N20,VIIRS,l,2,319.52,11.76,D,0
23.11574,79.49306,343.06,0.41,0.37,2026-05-23,803,N20,VIIRS,n,2,311.85,4.85,D,0
23.13973,83.05247,342.03,0.4,0.44,2026-05-23,803,N20,VIIRS,l,2,314.02,4.15,D,0
23.14176,81.27828,341.18,0.48,0.4,2026-05-23,803,N20,VIIRS,l,2,315.34,8.35,D,0
23.14472,78.64676,348.62,0.39,0.36,2026-05-23,803,N20,VIIRS,n,2,315.41,6.56,D,0
23.14805,78.64621,348.6,0.39,0.36,2026-05-23,803,N20,VIIRS,n,2,312.97,6.56,D,0
23.15359,82.10754,339.29,0.53,0.42,2026-05-23,803,N20,VIIRS,l,2,311.65,3.37,D,0
23.15771,78.50472,367,0.39,0.36,2026-05-23,803,N20,VIIRS,h,2,320.63,11.98,D,0
23.16104,78.50414,350.95,0.39,0.36,2026-05-23,803,N20,VIIRS,n,2,318.79,11.98,D,0
23.1664,82.34039,346.19,0.55,0.42,2026-05-23,803,N20,VIIRS,l,2,317.86,12.05,D,2
23.1689,79.8523,337.57,0.42,0.38,2026-05-23,803,N20,VIIRS,l,2,307.85,5.39,D,0
23.1712,83.58547,333.84,0.43,0.46,2026-05-23,803,N20,VIIRS,l,2,308.41,4.14,D,0
23.17728,81.23485,348.09,0.48,0.4,2026-05-23,803,N20,VIIRS,l,2,319.84,10.41,D,0
23.18933,81.71419,343.59,0.51,0.41,2026-05-23,803,N20,VIIRS,l,2,315.41,14.04,D,0
23.19577,80.10169,344.78,0.43,0.38,2026-05-23,803,N20,VIIRS,l,2,315.7,15.41,D,0
23.20692,78.37602,342.45,0.39,0.36,2026-05-23,803,N20,VIIRS,l,2,316.37,7.2,D,0
23.20953,71.84214,347.58,0.4,0.44,2026-05-23,803,N20,VIIRS,n,2,313.32,11.58,D,0
23.22004,81.50594,347.63,0.5,0.41,2026-05-23,803,N20,VIIRS,n,2,309.73,8.15,D,0
23.2352,78.08539,347.92,0.39,0.36,2026-05-23,803,N20,VIIRS,n,2,316.92,2.79,D,0
23.24376,77.96106,340.78,0.39,0.36,2026-05-23,803,N20,VIIRS,l,2,313.62,6.64,D,0
23.25912,80.3861,344.33,0.44,0.39,2026-05-23,803,N20,VIIRS,l,2,317.77,10.19,D,0
23.27756,79.57686,352.79,0.41,0.37,2026-05-23,803,N20,VIIRS,n,2,319.86,9.93,D,0
23.27812,79.58089,351.37,0.41,0.37,2026-05-23,803,N20,VIIRS,n,2,320.4,9.93,D,0
23.28097,79.57625,346.31,0.41,0.37,2026-05-23,803,N20,VIIRS,l,2,319,9.93,D,0
23.28153,79.58028,349.6,0.41,0.37,2026-05-23,803,N20,VIIRS,n,2,319.51,9.93,D,0
23.29305,79.86586,341.45,0.42,0.38,2026-05-23,803,N20,VIIRS,l,2,311.64,3.98,D,0
23.29359,78.75908,354.32,0.4,0.37,2026-05-23,803,N20,VIIRS,n,2,322.64,16.52,D,0
23.31856,79.69454,347.96,0.42,0.38,2026-05-23,803,N20,VIIRS,l,2,321.33,13.9,D,0
23.32576,80.48179,347.05,0.45,0.39,2026-05-23,803,N20,VIIRS,l,2,321.29,11.94,D,0
23.33968,81.19648,345.81,0.48,0.4,2026-05-23,803,N20,VIIRS,l,2,319.31,6.3,D,0
23.34859,82.43007,344.7,0.56,0.43,2026-05-23,803,N20,VIIRS,n,2,312.11,10.7,D,0
23.34918,82.43246,341.66,0.56,0.43,2026-05-23,803,N20,VIIRS,l,2,312.16,7.37,D,0
23.35958,81.35282,349.9,0.49,0.4,2026-05-23,803,N20,VIIRS,l,2,322.77,19.97,D,0
23.38529,81.71059,345.7,0.51,0.41,2026-05-23,803,N20,VIIRS,l,2,315.94,8.01,D,0
23.38541,69.96563,345.11,0.52,0.5,2026-05-23,803,N20,VIIRS,n,2,309.78,9.56,D,0
23.40395,81.37546,345.46,0.49,0.4,2026-05-23,803,N20,VIIRS,n,2,317.25,7.96,D,0
23.40765,81.37492,346.17,0.49,0.4,2026-05-23,803,N20,VIIRS,n,2,317.6,7.96,D,0
23.41112,75.81313,342.84,0.4,0.37,2026-05-23,803,N20,VIIRS,l,2,316.71,12.17,D,0
23.4133,77.28349,344.09,0.38,0.36,2026-05-23,803,N20,VIIRS,l,2,318.02,10.74,D,0
23.44495,81.78795,354.93,0.52,0.41,2026-05-23,803,N20,VIIRS,n,2,316.36,11.75,D,0
23.44692,81.16245,352.07,0.48,0.4,2026-05-23,803,N20,VIIRS,l,2,324.11,13.48,D,0
23.45646,68.90924,350.61,0.6,0.53,2026-05-23,803,N20,VIIRS,n,2,308.63,10.52,D,0
23.45725,82.83634,339.68,0.39,0.44,2026-05-23,803,N20,VIIRS,l,2,312.9,4.57,D,0
23.46052,79.56072,349.66,0.42,0.37,2026-05-23,803,N20,VIIRS,l,2,323.92,2.97,D,0
23.46756,81.23598,349.85,0.48,0.4,2026-05-23,803,N20,VIIRS,n,2,318.56,9.21,D,0
23.4693,80.12858,356.29,0.43,0.38,2026-05-23,803,N20,VIIRS,n,2,320.64,12.66,D,0
23.47528,78.46989,346.95,0.39,0.36,2026-05-23,803,N20,VIIRS,l,2,321.22,20.56,D,0
23.47583,78.47369,350.48,0.39,0.36,2026-05-23,803,N20,VIIRS,n,2,317.56,18.46,D,0
23.48112,83.07404,344.31,0.4,0.45,2026-05-23,803,N20,VIIRS,l,2,315.52,5.96,D,0
23.48278,75.20808,348.16,0.42,0.37,2026-05-23,803,N20,VIIRS,n,2,322.42,4.66,D,0
23.48879,82.96349,341.22,0.4,0.44,2026-05-23,803,N20,VIIRS,n,2,316.16,5.35,D,0
23.48926,82.96738,367,0.4,0.44,2026-05-23,803,N20,VIIRS,h,2,316.24,5.35,D,0
23.49601,80.29842,346.67,0.44,0.38,2026-05-23,803,N20,VIIRS,l,2,318.17,17.91,D,0
23.5005,80.46542,348.21,0.45,0.39,2026-05-23,803,N20,VIIRS,l,2,322.04,11.61,D,0
23.50118,82.96339,338.21,0.4,0.44,2026-05-23,803,N20,VIIRS,l,2,312.56,4.13,D,0
23.50134,83.35799,345.85,0.42,0.45,2026-05-23,803,N20,VIIRS,n,2,310.38,4.13,D,0
23.50235,68.61136,335.69,0.62,0.54,2026-05-23,803,N20,VIIRS,l,2,307.28,3.53,D,0
23.50976,80.18343,351.86,0.44,0.38,2026-05-23,803,N20,VIIRS,l,2,322.27,25.92,D,0
23.51109,83.36916,336.97,0.42,0.45,2026-05-23,803,N20,VIIRS,l,2,310.22,4.01,D,0
23.5298,78.14993,345.07,0.39,0.36,2026-05-23,803,N20,VIIRS,l,2,319.58,2.28,D,0
23.53231,79.69878,351.67,0.42,0.38,2026-05-23,803,N20,VIIRS,n,2,321.53,4.02,D,0
23.53244,80.00751,355.65,0.43,0.38,2026-05-23,803,N20,VIIRS,n,2,325.54,17.13,D,0
23.54336,81.50304,348.91,0.5,0.41,2026-05-23,803,N20,VIIRS,n,2,315.51,6.46,D,0
23.55196,82.90147,344.03,0.4,0.44,2026-05-23,803,N20,VIIRS,n,2,313.6,5.49,D,0
23.55458,83.45165,344,0.43,0.46,2026-05-23,803,N20,VIIRS,n,2,310.31,6.52,D,0
23.56883,80.71785,345.89,0.46,0.39,2026-05-23,803,N20,VIIRS,l,2,319.49,9.55,D,0
23.57203,83.25733,335.93,0.42,0.45,2026-05-23,803,N20,VIIRS,l,2,310,2.49,D,0
23.58859,80.1841,344.39,0.44,0.38,2026-05-23,803,N20,VIIRS,l,2,318.79,8.94,D,0
23.59534,81.15665,344.75,0.48,0.4,2026-05-23,803,N20,VIIRS,l,2,315.76,8.52,D,0
23.61332,82.44314,336.87,0.56,0.43,2026-05-23,803,N20,VIIRS,l,2,310.8,3.32,D,0
23.61396,82.44847,337.98,0.56,0.43,2026-05-23,803,N20,VIIRS,l,2,311.39,3.32,D,0
23.63192,80.34393,348.71,0.44,0.39,2026-05-23,803,N20,VIIRS,l,2,321.91,8.76,D,0
23.6366,80.56651,348.24,0.45,0.39,2026-05-23,803,N20,VIIRS,n,2,318.29,4.75,D,0
23.63692,79.9532,354.59,0.43,0.38,2026-05-23,803,N20,VIIRS,l,2,326.03,14.48,D,0
23.64095,81.39267,353.45,0.49,0.41,2026-05-23,803,N20,VIIRS,n,2,322.16,17.59,D,0
23.64158,81.39752,341.66,0.49,0.41,2026-05-23,803,N20,VIIRS,l,2,315.76,12.99,D,0
23.64467,81.39215,350.63,0.49,0.41,2026-05-23,803,N20,VIIRS,n,2,318.47,10.07,D,0
23.64545,80.2552,346.6,0.44,0.38,2026-05-23,803,N20,VIIRS,l,2,317.31,2.92,D,0
23.64632,69.45292,341.82,0.55,0.51,2026-05-23,803,N20,VIIRS,l,2,315.38,7.82,D,0
23.64849,69.47837,345.74,0.55,0.51,2026-05-23,803,N20,VIIRS,n,2,313.21,15.18,D,0
23.65074,69.47392,345.74,0.55,0.51,2026-05-23,803,N20,VIIRS,n,2,315.05,14.06,D,0
23.65523,80.46612,346.57,0.45,0.39,2026-05-23,803,N20,VIIRS,l,2,319.89,8.81,D,0
23.66844,80.56741,341.76,0.45,0.39,2026-05-23,803,N20,VIIRS,l,2,314.84,3.57,D,0
23.67609,78.61555,346.28,0.39,0.37,2026-05-23,803,N20,VIIRS,l,2,318.59,3.35,D,0
23.67648,86.40107,330.6,0.33,0.55,2026-05-23,803,N20,VIIRS,n,2,298.62,3.96,D,2
23.67766,86.39834,330.91,0.33,0.55,2026-05-23,803,N20,VIIRS,n,2,299.05,5.93,D,2
23.68126,86.39716,330.96,0.33,0.55,2026-05-23,803,N20,VIIRS,n,2,297.63,6.8,D,2
23.68127,80.47119,350.72,0.45,0.39,2026-05-23,803,N20,VIIRS,l,2,327.16,11.94,D,0
23.68185,80.47557,367,0.45,0.39,2026-05-23,803,N20,VIIRS,l,2,326.7,25.04,D,0
23.68242,86.39452,335.03,0.33,0.55,2026-05-23,803,N20,VIIRS,n,2,300.08,5.98,D,2
23.68483,80.47064,349.11,0.45,0.39,2026-05-23,803,N20,VIIRS,l,2,324.02,11.94,D,0
23.68604,86.39337,334.35,0.33,0.55,2026-05-23,803,N20,VIIRS,n,2,298.11,4.52,D,2
23.69027,80.42964,350.15,0.45,0.39,2026-05-23,803,N20,VIIRS,l,2,324.34,15.92,D,0
23.7013,84.06788,331.11,0.47,0.48,2026-05-23,803,N20,VIIRS,l,2,305.06,1.37,D,0
23.71217,86.45257,331.81,0.33,0.55,2026-05-23,803,N20,VIIRS,n,2,294.68,4.59,D,2
23.7177,82.80412,348.92,0.39,0.44,2026-05-23,803,N20,VIIRS,n,2,316.26,8.47,D,0
23.72139,80.58224,351.22,0.45,0.39,2026-05-23,803,N20,VIIRS,n,2,321.82,10.49,D,0
23.72207,81.54165,352.26,0.5,0.41,2026-05-23,803,N20,VIIRS,n,2,311.15,7.64,D,0
23.72582,81.54111,335.16,0.5,0.41,2026-05-23,803,N20,VIIRS,l,2,310,4.48,D,0
23.73466,80.82346,344.97,0.47,0.39,2026-05-23,803,N20,VIIRS,l,2,319.31,9.53,D,0
23.73613,86.43346,336.67,0.33,0.55,2026-05-23,803,N20,VIIRS,n,2,298.77,3.6,D,2
23.73644,86.43672,335.55,0.33,0.55,2026-05-23,803,N20,VIIRS,n,2,298.82,3.6,D,2
23.74167,80.90614,343.56,0.47,0.4,2026-05-23,803,N20,VIIRS,l,2,318.3,6.15,D,0
23.74226,80.91072,347.98,0.47,0.4,2026-05-23,803,N20,VIIRS,l,2,319.72,6.15,D,0
23.74642,78.98524,344.29,0.4,0.37,2026-05-23,803,N20,VIIRS,l,2,317.44,4.06,D,0
23.74695,81.29071,348.06,0.49,0.4,2026-05-23,803,N20,VIIRS,n,2,315.83,11.29,D,0
23.74698,78.98917,343.12,0.4,0.37,2026-05-23,803,N20,VIIRS,l,2,314.95,3.56,D,0
23.75816,82.7914,344.15,0.39,0.44,2026-05-23,803,N20,VIIRS,l,2,315.57,6.14,D,0
23.75908,86.40456,332.79,0.33,0.55,2026-05-23,803,N20,VIIRS,n,2,297.11,2.98,D,2
23.76417,86.40397,335.69,0.33,0.55,2026-05-23,803,N20,VIIRS,n,2,298.15,2.98,D,2
23.78016,86.20954,331.79,0.32,0.55,2026-05-23,803,N20,VIIRS,n,2,286.16,3.6,D,2
23.78573,81.04585,350.81,0.48,0.4,2026-05-23,803,N20,VIIRS,n,2,315.42,15.45,D,0
23.78633,81.05051,340.82,0.48,0.4,2026-05-23,803,N20,VIIRS,l,2,313.62,7.24,D,0
23.78938,81.04528,352.17,0.48,0.4,2026-05-23,803,N20,VIIRS,n,2,314.9,15.45,D,0
23.78999,81.04993,347,0.48,0.4,2026-05-23,803,N20,VIIRS,n,2,315.68,7.24,D,0
23.79244,81.04008,355.32,0.48,0.4,2026-05-23,803,N20,VIIRS,n,2,318.51,15.26,D,0
23.79305,81.04475,367,0.48,0.4,2026-05-23,803,N20,VIIRS,h,2,319.51,15.26,D,0
23.79364,86.35327,333.28,0.33,0.55,2026-05-23,803,N20,VIIRS,n,2,293.96,2.23,D,2
23.79511,80.40558,350.82,0.45,0.39,2026-05-23,803,N20,VIIRS,l,2,322.3,7.07,D,0
23.79609,81.03953,356.1,0.48,0.4,2026-05-23,803,N20,VIIRS,n,2,320.58,15.26,D,0
23.7967,81.04419,349.83,0.48,0.4,2026-05-23,803,N20,VIIRS,n,2,315.38,15.26,D,0
23.79904,82.03631,331.38,0.54,0.42,2026-05-23,803,N20,VIIRS,l,2,305.55,4.82,D,0
23.80654,80.11638,345.83,0.44,0.38,2026-05-23,803,N20,VIIRS,l,2,320.58,5.5,D,0
23.83876,80.54279,348.13,0.45,0.39,2026-05-23,803,N20,VIIRS,n,2,317.08,12.84,D,0
23.86491,81.05476,340.55,0.48,0.4,2026-05-23,803,N20,VIIRS,l,2,314.67,7.76,D,0
23.8768,82.71287,346.66,0.39,0.44,2026-05-23,803,N20,VIIRS,n,2,315.26,6.83,D,0
23.88415,80.53661,346.94,0.45,0.39,2026-05-23,803,N20,VIIRS,l,2,319.24,6.42,D,0
23.88773,80.53607,349.01,0.45,0.39,2026-05-23,803,N20,VIIRS,n,2,318.65,6.42,D,0
23.89605,81.06458,346.29,0.48,0.4,2026-05-23,803,N20,VIIRS,l,2,318.27,7.35,D,0
23.9098,80.70657,347.13,0.46,0.39,2026-05-23,803,N20,VIIRS,l,2,318.71,11.85,D,0
23.9134,80.70602,352.52,0.46,0.39,2026-05-23,803,N20,VIIRS,n,2,321.08,13.82,D,0
23.9144,82.85667,335.12,0.4,0.44,2026-05-23,803,N20,VIIRS,l,2,309.6,5.16,D,0
23.91714,79.27779,343.37,0.41,0.37,2026-05-23,803,N20,VIIRS,l,2,314.92,8.9,D,0
23.91783,79.27839,341.72,0.41,0.37,2026-05-23,803,N20,VIIRS,l,2,314.41,9.39,D,0
23.92935,79.69154,353.71,0.42,0.38,2026-05-23,803,N20,VIIRS,n,2,322.4,5.65,D,0
23.93124,83.14181,346.06,0.41,0.45,2026-05-23,803,N20,VIIRS,n,2,313.06,5.99,D,0
23.93409,80.98382,349.92,0.48,0.4,2026-05-23,803,N20,VIIRS,n,2,319.75,16.11,D,0
23.93569,82.75185,344.34,0.39,0.44,2026-05-23,803,N20,VIIRS,n,2,314.15,7.26,D,0
23.93862,80.70218,348.95,0.46,0.39,2026-05-23,803,N20,VIIRS,n,2,318.75,14.33,D,0
23.93973,82.75135,339.68,0.39,0.44,2026-05-23,803,N20,VIIRS,l,2,314.27,8.66,D,0
23.94262,80.78974,347.07,0.47,0.39,2026-05-23,803,N20,VIIRS,l,2,318.21,18.11,D,0
23.94322,80.79433,352,0.47,0.39,2026-05-23,803,N20,VIIRS,n,2,318.06,19.31,D,0
23.94587,82.91238,336.94,0.4,0.44,2026-05-23,803,N20,VIIRS,l,2,310.95,3.22,D,0
23.94703,83.81914,335.05,0.45,0.47,2026-05-23,803,N20,VIIRS,l,2,308.11,3.01,D,0
23.94924,83.81788,342.14,0.45,0.47,2026-05-23,803,N20,VIIRS,n,2,309.95,3.66,D,0
23.96272,83.76245,337.09,0.45,0.47,2026-05-23,803,N20,VIIRS,l,2,310.25,3.07,D,0
23.96652,83.7573,336.37,0.45,0.47,2026-05-23,803,N20,VIIRS,l,2,309.04,3.07,D,0
23.97582,79.65131,347.95,0.42,0.38,2026-05-23,803,N20,VIIRS,l,2,321.98,7.69,D,0
23.98091,84.41933,336.74,0.5,0.49,2026-05-23,803,N20,VIIRS,n,2,305.22,3.81,D,0
23.98596,81.65034,346.05,0.51,0.41,2026-05-23,803,N20,VIIRS,n,2,315.84,7.81,D,0
23.98679,84.23548,345.85,0.48,0.48,2026-05-23,803,N20,VIIRS,n,2,311.22,5.18,D,0
23.98809,84.23851,344.72,0.48,0.48,2026-05-23,803,N20,VIIRS,n,2,309.55,4.76,D,0
23.98912,81.64477,349.37,0.51,0.41,2026-05-23,803,N20,VIIRS,n,2,316.88,7.81,D,0
23.98975,81.64978,352.92,0.51,0.41,2026-05-23,803,N20,VIIRS,n,2,318.58,7.81,D,0
23.99087,80.70811,340.45,0.46,0.39,2026-05-23,803,N20,VIIRS,l,2,313.11,9.22,D,0
23.99354,81.64925,356.42,0.51,0.41,2026-05-23,803,N20,VIIRS,n,2,318.6,17.91,D,0
24.0014,82.82202,344.34,0.4,0.44,2026-05-23,803,N20,VIIRS,n,2,313.79,10.31,D,0
24.00648,83.80254,341.97,0.45,0.47,2026-05-23,803,N20,VIIRS,n,2,310,6.21,D,0
24.00818,81.18428,352.27,0.49,0.4,2026-05-23,803,N20,VIIRS,n,2,316.69,9.67,D,0
24.01032,80.28902,347.67,0.45,0.39,2026-05-23,803,N20,VIIRS,l,2,319.98,16.87,D,0
24.01187,81.18371,347.92,0.49,0.4,2026-05-23,803,N20,VIIRS,n,2,316.58,8.38,D,0
24.01859,80.7421,347.61,0.47,0.39,2026-05-23,803,N20,VIIRS,n,2,316.98,12.67,D,0
24.02219,80.7415,353.5,0.47,0.39,2026-05-23,803,N20,VIIRS,n,2,316.4,12.67,D,0
24.02352,83.68322,344.77,0.45,0.47,2026-05-23,803,N20,VIIRS,n,2,310.02,6.46,D,0
24.02474,82.91478,348.58,0.4,0.44,2026-05-23,803,N20,VIIRS,n,2,316.38,9.04,D,0
24.02882,82.91424,344.5,0.4,0.44,2026-05-23,803,N20,VIIRS,l,2,316.61,9.04,D,0
24.03433,82.92572,348.74,0.4,0.44,2026-05-23,803,N20,VIIRS,l,2,319.82,22.27,D,0
24.03738,81.82096,339.35,0.53,0.42,2026-05-23,803,N20,VIIRS,l,2,313.65,6.26,D,0
24.03891,81.82388,346.63,0.53,0.42,2026-05-23,803,N20,VIIRS,n,2,313.58,4.29,D,0
24.04273,81.8233,340.5,0.53,0.42,2026-05-23,803,N20,VIIRS,l,2,312.61,4.29,D,0
24.05628,81.26519,340.46,0.49,0.4,2026-05-23,803,N20,VIIRS,l,2,313.31,11.27,D,0
24.0625,80.76813,354.62,0.47,0.39,2026-05-23,803,N20,VIIRS,n,2,320.44,19.4,D,0
24.0716,80.7248,348.4,0.46,0.39,2026-05-23,803,N20,VIIRS,l,2,319.37,10.99,D,0
24.09987,80.71575,347.05,0.46,0.39,2026-05-23,803,N20,VIIRS,l,2,318.2,11.5,D,0
24.11545,79.1156,348.55,0.41,0.37,2026-05-23,803,N20,VIIRS,l,2,321.29,16.55,D,0
24.12074,83.03159,344.87,0.41,0.45,2026-05-23,803,N20,VIIRS,l,2,318.41,10.01,D,0
24.1233,76.71058,367,0.39,0.36,2026-05-23,803,N20,VIIRS,l,2,331.12,23.13,D,0
24.12388,76.71434,343.43,0.39,0.36,2026-05-23,803,N20,VIIRS,n,2,318.03,27.44,D,0
24.12486,83.03106,354.1,0.41,0.45,2026-05-23,803,N20,VIIRS,n,2,318.53,10.01,D,0
24.126,76.7062,353.32,0.39,0.36,2026-05-23,803,N20,VIIRS,l,2,321.31,23.13,D,0
24.12659,76.70997,367,0.39,0.36,2026-05-23,803,N20,VIIRS,h,2,319.73,23.13,D,0
24.13084,83.04659,348.21,0.41,0.45,2026-05-23,803,N20,VIIRS,n,2,319.65,16.39,D,0
24.14412,82.65997,341.51,0.39,0.44,2026-05-23,803,N20,VIIRS,l,2,313.66,8.32,D,0
24.14482,81.78743,339.97,0.52,0.42,2026-05-23,803,N20,VIIRS,l,2,313.7,11.16,D,0
24.14577,81.78477,346.76,0.52,0.42,2026-05-23,803,N20,VIIRS,n,2,313.6,10.81,D,0
24.14861,81.001,344.52,0.48,0.4,2026-05-23,803,N20,VIIRS,l,2,318.29,17.75,D,0
24.15001,81.30286,339.52,0.5,0.41,2026-05-23,803,N20,VIIRS,l,2,314.23,13.17,D,0
24.15358,82.99083,347.86,0.41,0.45,2026-05-23,803,N20,VIIRS,l,2,319.65,14.85,D,0
24.16923,78.20546,347.76,0.39,0.36,2026-05-23,803,N20,VIIRS,l,2,318.98,8.66,D,0
24.17764,83.05293,349.14,0.41,0.45,2026-05-23,803,N20,VIIRS,n,2,315.68,11.67,D,0
24.18034,83.05234,353.04,0.41,0.45,2026-05-23,803,N20,VIIRS,n,2,318.73,19.76,D,0
24.18178,83.05246,350.04,0.41,0.45,2026-05-23,803,N20,VIIRS,n,2,316.24,13.72,D,0
24.18493,83.55859,342.05,0.44,0.46,2026-05-23,803,N20,VIIRS,l,2,314.72,5.73,D,0
24.19525,83.5351,347.38,0.44,0.46,2026-05-23,803,N20,VIIRS,n,2,314.34,5.49,D,0
24.19794,81.35069,340.63,0.5,0.41,2026-05-23,803,N20,VIIRS,l,2,314.24,11.4,D,0
24.19966,81.353,342.12,0.5,0.41,2026-05-23,803,N20,VIIRS,l,2,315.52,13.55,D,0
24.20097,83.04958,345.06,0.41,0.45,2026-05-23,803,N20,VIIRS,n,2,315.3,11.92,D,0
24.21574,82.85197,341.1,0.4,0.44,2026-05-23,803,N20,VIIRS,n,2,313.28,9.5,D,0
24.21824,81.87744,348.77,0.53,0.42,2026-05-23,803,N20,VIIRS,n,2,312.85,9.14,D,0
24.23655,82.61224,338.89,0.39,0.44,2026-05-23,803,N20,VIIRS,l,2,311.53,4.33,D,0
24.23777,82.6118,339.01,0.39,0.44,2026-05-23,803,N20,VIIRS,l,2,312.04,4.23,D,0
24.24145,83.11011,338.8,0.42,0.45,2026-05-23,803,N20,VIIRS,n,2,310.9,1.37,D,0
24.24232,84.07816,341.37,0.48,0.48,2026-05-23,803,N20,VIIRS,n,2,309.79,3.62,D,0
24.24297,82.44633,344.2,0.57,0.43,2026-05-23,803,N20,VIIRS,l,2,315.12,9.89,D,0
24.24632,82.79585,351.83,0.4,0.44,2026-05-23,803,N20,VIIRS,n,2,317.23,15.15,D,0
24.24936,84.02023,343.3,0.47,0.48,2026-05-23,803,N20,VIIRS,n,2,310.03,5.02,D,0
24.25185,83.01868,349.87,0.41,0.45,2026-05-23,803,N20,VIIRS,n,2,316.61,15.63,D,0
24.25293,82.95658,344.88,0.41,0.45,2026-05-23,803,N20,VIIRS,l,2,315.53,12.69,D,0
24.28229,80.19248,345.43,0.44,0.39,2026-05-23,803,N20,VIIRS,n,2,315.37,4.93,D,0
24.31122,77.5171,349.33,0.38,0.36,2026-05-23,803,N20,VIIRS,n,2,320.92,15.49,D,0
24.31256,74.36892,345.22,0.44,0.38,2026-05-23,803,N20,VIIRS,l,2,319.91,8.35,D,0
24.31573,69.55416,340.57,0.53,0.5,2026-05-23,803,N20,VIIRS,l,2,312.04,6.37,D,0
24.31668,69.55665,340.66,0.52,0.5,2026-05-23,803,N20,VIIRS,l,2,312.24,7.22,D,0
24.32216,84.07344,334.87,0.48,0.48,2026-05-23,803,N20,VIIRS,l,2,308.5,3.28,D,0
24.32402,81.15251,342.77,0.49,0.4,2026-05-23,803,N20,VIIRS,l,2,315.71,3.18,D,0
24.32753,82.38725,337.1,0.57,0.43,2026-05-23,803,N20,VIIRS,l,2,310.69,5.16,D,0
24.32773,81.15203,337.69,0.49,0.4,2026-05-23,803,N20,VIIRS,l,2,312.27,3.18,D,0
24.35324,80.42818,355.6,0.45,0.39,2026-05-23,803,N20,VIIRS,n,2,318.06,22.3,D,0
24.36557,82.57505,344.46,0.39,0.44,2026-05-23,803,N20,VIIRS,n,2,312.27,5.25,D,0
24.36578,81.91284,341.44,0.54,0.42,2026-05-23,803,N20,VIIRS,l,2,312.96,11.38,D,0
24.36602,82.5789,346.85,0.39,0.44,2026-05-23,803,N20,VIIRS,n,2,313.85,7.39,D,0
24.38114,80.92869,343.56,0.48,0.4,2026-05-23,803,N20,VIIRS,l,2,314.06,11.67,D,0
24.38428,82.95658,344.77,0.41,0.45,2026-05-23,803,N20,VIIRS,n,2,314.51,8.69,D,0
24.38573,82.95973,345.63,0.41,0.45,2026-05-23,803,N20,VIIRS,n,2,314.67,8.82,D,0
24.39893,82.93842,346.43,0.41,0.45,2026-05-23,803,N20,VIIRS,l,2,316.8,8.89,D,0
24.41545,79.06618,344.53,0.41,0.37,2026-05-23,803,N20,VIIRS,l,2,316.56,9.11,D,0
24.41895,80.49619,352.15,0.46,0.39,2026-05-23,803,N20,VIIRS,n,2,315.02,9.18,D,0
24.41952,80.50056,341.15,0.46,0.39,2026-05-23,803,N20,VIIRS,l,2,312.04,9.18,D,0
24.43386,82.84394,347.12,0.4,0.44,2026-05-23,803,N20,VIIRS,n,2,312.3,6.37,D,0
24.43793,82.84332,350.08,0.4,0.44,2026-05-23,803,N20,VIIRS,n,2,317.14,11.4,D,0
24.43839,82.84727,345.77,0.4,0.44,2026-05-23,803,N20,VIIRS,n,2,315.52,8.12,D,0
24.44042,83.19505,342.13,0.42,0.45,2026-05-23,803,N20,VIIRS,l,2,313.26,3.3,D,0
24.45506,82.81263,350.76,0.4,0.44,2026-05-23,803,N20,VIIRS,n,2,315.94,8.12,D,0
24.45912,82.81187,339.14,0.4,0.44,2026-05-23,803,N20,VIIRS,l,2,313.29,4.69,D,0
24.46055,80.99376,341.85,0.48,0.4,2026-05-23,803,N20,VIIRS,l,2,313.11,8.72,D,0
24.46116,80.99848,351.92,0.48,0.4,2026-05-23,803,N20,VIIRS,n,2,313.79,13.35,D,0
24.46484,80.99792,347.69,0.48,0.4,2026-05-23,803,N20,VIIRS,n,2,313.53,10.86,D,0
24.48475,81.18081,342.45,0.49,0.4,2026-05-23,803,N20,VIIRS,l,2,313.18,13.06,D,0
24.50423,81.33254,342.71,0.5,0.41,2026-05-23,803,N20,VIIRS,n,2,309.7,6.19,D,0
24.50618,83.25024,342.78,0.43,0.46,2026-05-23,803,N20,VIIRS,l,2,313.27,8.54,D,0
24.51611,81.05449,346.28,0.49,0.4,2026-05-23,803,N20,VIIRS,n,2,309.89,14.65,D,0
24.51792,81.06885,342.16,0.49,0.4,2026-05-23,803,N20,VIIRS,n,2,311.44,9.78,D,0
24.51853,81.07364,346.02,0.49,0.4,2026-05-23,803,N20,VIIRS,n,2,313.68,9.78,D,0
24.51913,81.07843,342.75,0.49,0.4,2026-05-23,803,N20,VIIRS,l,2,313.59,18.73,D,0
24.5327,81.06662,342.35,0.49,0.4,2026-05-23,803,N20,VIIRS,l,2,314.18,15.36,D,0
24.57081,80.98309,350.39,0.48,0.4,2026-05-23,803,N20,VIIRS,n,2,317.53,18.18,D,0
24.60655,83.49286,337.64,0.44,0.46,2026-05-23,803,N20,VIIRS,l,2,309.7,3.89,D,0
24.60961,81.34346,347.02,0.5,0.41,2026-05-23,803,N20,VIIRS,n,2,313.06,9.89,D,0
24.61417,79.51768,348.82,0.42,0.38,2026-05-23,803,N20,VIIRS,n,2,316.65,14.23,D,0
24.62906,80.14452,347.97,0.45,0.39,2026-05-23,803,N20,VIIRS,n,2,317.67,16.5,D,0
24.65109,81.48805,352.02,0.51,0.41,2026-05-23,803,N20,VIIRS,n,2,318.39,13,D,0
24.65487,81.4875,343,0.51,0.41,2026-05-23,803,N20,VIIRS,l,2,316.55,13,D,0
24.67096,80.08028,354.99,0.44,0.39,2026-05-23,803,N20,VIIRS,n,2,320.04,25.64,D,0
24.6739,80.07539,348.16,0.44,0.39,2026-05-23,803,N20,VIIRS,n,2,316.07,18.74,D,0
24.67423,80.07674,346.03,0.44,0.39,2026-05-23,803,N20,VIIRS,l,2,316.73,19.87,D,0
24.68128,80.07558,356.26,0.44,0.39,2026-05-23,803,N20,VIIRS,n,2,319.37,23.69,D,0
24.68185,80.07993,343.8,0.44,0.39,2026-05-23,803,N20,VIIRS,l,2,317.1,17.64,D,0
24.70136,82.91357,345.81,0.41,0.45,2026-05-23,803,N20,VIIRS,n,2,314.94,7.26,D,0
24.70286,82.91421,341.81,0.41,0.45,2026-05-23,803,N20,VIIRS,l,2,313.82,6.81,D,0
24.72074,81.30164,340.89,0.5,0.41,2026-05-23,803,N20,VIIRS,l,2,314.27,17.18,D,0
24.72338,81.29908,348.86,0.5,0.41,2026-05-23,803,N20,VIIRS,n,2,315.91,20.39,D,0
24.72388,81.2961,342.74,0.5,0.41,2026-05-23,803,N20,VIIRS,l,2,316.63,19.81,D,0
24.72601,84.14343,340.68,0.49,0.48,2026-05-23,803,N20,VIIRS,n,2,309.78,5.46,D,0
24.72694,84.14101,341.43,0.49,0.48,2026-05-23,803,N20,VIIRS,n,2,310.69,4.37,D,0
24.72751,81.14046,340.87,0.49,0.41,2026-05-23,803,N20,VIIRS,l,2,314.15,15.04,D,0
24.73027,81.2549,342.65,0.5,0.41,2026-05-23,803,N20,VIIRS,l,2,314.98,16.98,D,0
24.75686,81.34697,339.23,0.51,0.41,2026-05-23,803,N20,VIIRS,l,2,310.94,9.6,D,0
24.7783,81.09319,342.28,0.49,0.4,2026-05-23,803,N20,VIIRS,l,2,315.41,11.51,D,0
24.78201,81.09262,343.99,0.49,0.4,2026-05-23,803,N20,VIIRS,l,2,317.31,11.51,D,0
24.79656,79.46755,344.75,0.42,0.38,2026-05-23,803,N20,VIIRS,l,2,316.34,15.18,D,0
24.80059,79.47115,350.83,0.42,0.38,2026-05-23,803,N20,VIIRS,n,2,315.78,15.94,D,0
24.84974,81.16413,343.67,0.5,0.41,2026-05-23,803,N20,VIIRS,n,2,312.09,10.65,D,0
24.85036,81.16911,348.81,0.5,0.41,2026-05-23,803,N20,VIIRS,n,2,311.62,10.65,D,0
24.91431,83.81863,338.21,0.47,0.48,2026-05-23,803,N20,VIIRS,l,2,310.3,5.69,D,0
24.91483,83.81591,341.01,0.47,0.48,2026-05-23,803,N20,VIIRS,l,2,311.91,5.19,D,0
24.93748,80.56754,340.79,0.47,0.39,2026-05-23,803,N20,VIIRS,l,2,312.81,11.07,D,0
24.9426,80.92503,342.42,0.48,0.4,2026-05-23,803,N20,VIIRS,l,2,312.95,5.12,D,0
24.94628,80.92448,341.99,0.48,0.4,2026-05-23,803,N20,VIIRS,n,2,311.96,5.12,D,0
24.94689,80.92927,347.15,0.49,0.4,2026-05-23,803,N20,VIIRS,n,2,310.9,5.12,D,0
24.95056,80.92862,348.29,0.49,0.4,2026-05-23,803,N20,VIIRS,n,2,311.07,11.61,D,0
24.95116,80.93336,341.22,0.49,0.4,2026-05-23,803,N20,VIIRS,n,2,310.3,27.69,D,0
24.95303,80.91851,339.19,0.48,0.4,2026-05-23,803,N20,VIIRS,l,2,310.72,7.5,D,0
24.95364,80.92328,343.09,0.48,0.4,2026-05-23,803,N20,VIIRS,n,2,312.11,11.61,D,0
24.95424,80.92802,367,0.49,0.4,2026-05-23,803,N20,VIIRS,h,2,311.84,11.61,D,0
24.95732,80.92273,346.25,0.48,0.4,2026-05-23,803,N20,VIIRS,n,2,312.58,6.96,D,0
24.95793,80.92751,342.63,0.49,0.4,2026-05-23,803,N20,VIIRS,n,2,310.34,6.96,D,0
24.96039,80.91733,342.99,0.48,0.4,2026-05-23,803,N20,VIIRS,n,2,311.97,14.54,D,0
24.96101,80.92218,343.89,0.48,0.4,2026-05-23,803,N20,VIIRS,n,2,310.04,6.96,D,0
24.96406,80.91672,343.48,0.48,0.4,2026-05-23,803,N20,VIIRS,n,2,311.59,9.04,D,0
24.98201,81.0874,339.94,0.49,0.41,2026-05-23,803,N20,VIIRS,l,2,310.73,4.2,D,0
25.00344,81.87343,343.62,0.54,0.42,2026-05-23,803,N20,VIIRS,n,2,312.1,13.64,D,0
25.00349,81.83274,340.78,0.54,0.42,2026-05-23,803,N20,VIIRS,l,2,310.86,13,D,0
25.00401,81.8708,347.93,0.54,0.42,2026-05-23,803,N20,VIIRS,n,2,312.94,10.4,D,0
25.00591,81.82954,340.76,0.54,0.42,2026-05-23,803,N20,VIIRS,n,2,309.58,13.02,D,0
25.00733,81.87288,342.32,0.54,0.42,2026-05-23,803,N20,VIIRS,l,2,312.87,15.71,D,0
25.00789,81.87025,340.52,0.54,0.42,2026-05-23,803,N20,VIIRS,l,2,312.69,10.4,D,0
25.07248,74.76125,367,0.42,0.37,2026-05-23,803,N20,VIIRS,h,2,318.98,16.15,D,0
25.0745,81.42638,345.34,0.52,0.41,2026-05-23,803,N20,VIIRS,n,2,315.31,13.15,D,0
25.08508,82.18834,338.5,0.57,0.43,2026-05-23,803,N20,VIIRS,l,2,311.74,11.43,D,0
25.08574,82.19395,337.97,0.57,0.43,2026-05-23,803,N20,VIIRS,l,2,311.06,11.43,D,0
25.08904,82.18778,339.75,0.57,0.43,2026-05-23,803,N20,VIIRS,l,2,313.11,18.45,D,0
25.10379,81.63781,345.49,0.53,0.42,2026-05-23,803,N20,VIIRS,n,2,312.05,17.67,D,0
25.1667,73.64787,347.02,0.46,0.39,2026-05-23,803,N20,VIIRS,l,2,317.06,9.28,D,0
25.16946,73.64263,343.29,0.46,0.39,2026-05-23,803,N20,VIIRS,l,2,317.97,4.61,D,0
25.17025,73.64712,345.39,0.46,0.39,2026-05-23,803,N20,VIIRS,l,2,315.28,4.61,D,0
25.1906,77.88186,367,0.39,0.36,2026-05-23,803,N20,VIIRS,l,2,325.86,21.39,D,0
25.19116,77.88569,367,0.39,0.36,2026-05-23,803,N20,VIIRS,l,2,332.86,62.05,D,0
25.19391,77.88128,367,0.39,0.36,2026-05-23,803,N20,VIIRS,h,2,323.84,21.39,D,0
25.21655,76.56821,343.53,0.39,0.36,2026-05-23,803,N20,VIIRS,n,2,315.85,10.87,D,0
25.21874,84.42339,346.61,0.51,0.5,2026-05-23,803,N20,VIIRS,n,2,304.88,11.37,D,0
25.25672,78.75211,347.29,0.41,0.37,2026-05-23,803,N20,VIIRS,l,2,317.73,17.16,D,0
25.25988,83.79155,345.1,0.47,0.48,2026-05-23,803,N20,VIIRS,n,2,308.09,9.76,D,0
25.26907,84.73528,344.6,0.54,0.51,2026-05-23,803,N20,VIIRS,n,2,311.21,9.86,D,0
25.34469,83.70619,338.83,0.47,0.47,2026-05-23,803,N20,VIIRS,n,2,308.26,5.9,D,0
25.44091,77.80648,345.2,0.39,0.36,2026-05-23,803,N20,VIIRS,l,2,316.38,6.13,D,0
25.45469,77.80836,351.11,0.39,0.36,2026-05-23,803,N20,VIIRS,l,2,324.21,36.51,D,0
25.45632,77.79625,348.43,0.39,0.36,2026-05-23,803,N20,VIIRS,l,2,320.93,17.71,D,0
25.46132,77.80719,349.02,0.39,0.36,2026-05-23,803,N20,VIIRS,n,2,321.77,12.01,D,0
25.46188,77.81104,347.14,0.39,0.36,2026-05-23,803,N20,VIIRS,n,2,320.15,12.01,D,0
25.46463,77.8066,367,0.39,0.36,2026-05-23,803,N20,VIIRS,h,2,323.32,19.94,D,0
25.4657,77.79065,345.46,0.39,0.36,2026-05-23,803,N20,VIIRS,l,2,318.5,16.45,D,0
25.46738,77.80217,350.28,0.39,0.36,2026-05-23,803,N20,VIIRS,n,2,319.64,21.8,D,0
25.46795,77.80603,352.11,0.39,0.36,2026-05-23,803,N20,VIIRS,n,2,319,19.94,D,0
25.50309,80.35766,340.81,0.46,0.39,2026-05-23,803,N20,VIIRS,l,2,311.94,12.84,D,0
25.52631,81.66967,338.49,0.54,0.42,2026-05-23,803,N20,VIIRS,l,2,309.73,17.64,D,0
25.53017,81.66911,344.13,0.54,0.42,2026-05-23,803,N20,VIIRS,n,2,313.35,17.64,D,0
25.54191,78.87029,344.3,0.41,0.37,2026-05-23,803,N20,VIIRS,l,2,315.92,16.7,D,0
25.54681,83.88757,335.23,0.48,0.48,2026-05-23,803,N20,VIIRS,l,2,308.32,3.58,D,0
25.54733,83.89236,333.25,0.48,0.48,2026-05-23,803,N20,VIIRS,l,2,305.04,3.58,D,0
25.56529,78.5339,346.52,0.4,0.37,2026-05-23,803,N20,VIIRS,l,2,319.59,17.13,D,0
25.61177,77.76871,347.88,0.39,0.36,2026-05-23,803,N20,VIIRS,l,2,319.02,14.69,D,0
25.65766,84.40107,339.16,0.52,0.5,2026-05-23,803,N20,VIIRS,n,2,305.68,4.97,D,0
25.74135,79.56316,347.35,0.43,0.38,2026-05-23,803,N20,VIIRS,l,2,320.36,38.21,D,0
25.75393,80.63277,342.32,0.48,0.4,2026-05-23,803,N20,VIIRS,l,2,313.55,10.19,D,0
25.77793,79.42703,350.12,0.43,0.38,2026-05-23,803,N20,VIIRS,l,2,322.36,22.04,D,0
25.79786,79.31123,349.68,0.42,0.38,2026-05-23,803,N20,VIIRS,l,2,320.98,24.44,D,0
25.88481,79.31027,346.58,0.43,0.38,2026-05-23,803,N20,VIIRS,l,2,321.26,18.28,D,0
25.88588,80.55663,342.96,0.48,0.4,2026-05-23,803,N20,VIIRS,l,2,315.18,15.25,D,0
25.90281,77.9757,347.85,0.39,0.36,2026-05-23,803,N20,VIIRS,n,2,320.27,49.23,D,0
25.90337,77.97961,348.22,0.39,0.36,2026-05-23,803,N20,VIIRS,n,2,318.05,49.23,D,0
25.90614,77.97512,367,0.39,0.36,2026-05-23,803,N20,VIIRS,h,2,355.45,49.23,D,0
25.9067,77.97903,367,0.39,0.36,2026-05-23,803,N20,VIIRS,l,2,329.3,49.23,D,0
25.9441,83.30014,338.61,0.45,0.47,2026-05-23,803,N20,VIIRS,l,2,311.72,12.51,D,0
25.94834,84.65125,336.01,0.54,0.51,2026-05-23,803,N20,VIIRS,n,2,301.34,2.71,D,0
26.01467,81.46444,341.45,0.53,0.42,2026-05-23,803,N20,VIIRS,n,2,311.03,8.93,D,0
26.01626,79.5996,345.67,0.44,0.38,2026-05-23,803,N20,VIIRS,l,2,317.33,19.53,D,0
26.04213,80.73035,339.89,0.49,0.4,2026-05-23,803,N20,VIIRS,l,2,310.54,10.47,D,0
26.05722,81.7822,337.68,0.55,0.43,2026-05-23,803,N20,VIIRS,l,2,309.52,7.49,D,0
26.11896,79.02461,349.21,0.42,0.38,2026-05-23,803,N20,VIIRS,n,2,317.32,16.92,D,0
26.13741,80.10874,342.74,0.46,0.39,2026-05-23,803,N20,VIIRS,l,2,317.6,1.85,D,0
26.15128,79.55345,345.38,0.44,0.38,2026-05-23,803,N20,VIIRS,l,2,317.91,13.13,D,0
26.16179,79.55173,347.05,0.44,0.38,2026-05-23,803,N20,VIIRS,l,2,318.83,15.28,D,0
26.18561,79.92706,344.76,0.45,0.39,2026-05-23,803,N20,VIIRS,l,2,319.53,22.73,D,0
26.20645,80.53178,344.3,0.48,0.4,2026-05-23,803,N20,VIIRS,n,2,311.12,14.48,D,0
26.2194,81.12697,343.27,0.51,0.41,2026-05-23,803,N20,VIIRS,n,2,311.14,14.04,D,0
26.21955,81.12939,340.07,0.51,0.41,2026-05-23,803,N20,VIIRS,l,2,311.27,14.44,D,0
26.2683,83.66962,335.16,0.48,0.48,2026-05-23,803,N20,VIIRS,l,2,309.57,3.51,D,0
26.38196,82.14342,344.91,0.39,0.44,2026-05-23,803,N20,VIIRS,n,2,314.73,4.21,D,0
26.39952,83.18643,342.53,0.45,0.47,2026-05-23,803,N20,VIIRS,n,2,307.46,4.5,D,0
26.42521,82.30545,340.16,0.4,0.44,2026-05-23,803,N20,VIIRS,l,2,310.93,3.78,D,0
24.89009,68.97217,339.67,0.56,0.51,2026-05-23,804,N20,VIIRS,n,2,308.62,5.1,D,0
24.96306,68.1478,338.67,0.62,0.54,2026-05-23,804,N20,VIIRS,l,2,309.81,4.71,D,0
25.24749,69.28986,339.11,0.52,0.5,2026-05-23,804,N20,VIIRS,n,2,309.36,3.21,D,0
25.24882,69.29157,339.97,0.52,0.5,2026-05-23,804,N20,VIIRS,n,2,310.96,4.28,D,0
26.03914,77.9799,355.78,0.39,0.36,2026-05-23,804,N20,VIIRS,n,2,319.07,15.07,D,0
26.14415,78.47713,347.71,0.4,0.37,2026-05-23,804,N20,VIIRS,l,2,321.27,44.5,D,0
26.17382,78.25994,348.2,0.4,0.37,2026-05-23,804,N20,VIIRS,n,2,314.97,12.78,D,0
26.2763,79.10705,347.28,0.42,0.38,2026-05-23,804,N20,VIIRS,n,2,312.78,6.37,D,0
26.27833,79.95043,348.19,0.45,0.39,2026-05-23,804,N20,VIIRS,l,2,318.48,4.66,D,0
26.34975,78.92376,352.53,0.42,0.37,2026-05-23,804,N20,VIIRS,n,2,321.35,13.24,D,0
26.3526,78.91903,348.28,0.42,0.37,2026-05-23,804,N20,VIIRS,n,2,318.23,13.24,D,0
26.35731,79.10647,346.23,0.42,0.38,2026-05-23,804,N20,VIIRS,l,2,320.58,14.48,D,0
26.37819,79.03429,352.93,0.42,0.38,2026-05-23,804,N20,VIIRS,n,2,314.87,17.33,D,0
26.38947,79.61101,344.52,0.44,0.38,2026-05-23,804,N20,VIIRS,l,2,319.06,15.87,D,0
26.39083,79.3796,348.71,0.43,0.38,2026-05-23,804,N20,VIIRS,l,2,320.7,17.24,D,0
26.41651,79.10963,344.35,0.42,0.38,2026-05-23,804,N20,VIIRS,l,2,318.6,13.69,D,0
26.43392,81.21898,337.82,0.52,0.42,2026-05-23,804,N20,VIIRS,l,2,312.81,10.47,D,0
26.45172,79.45387,339.31,0.44,0.38,2026-05-23,804,N20,VIIRS,l,2,313.11,11.05,D,0
26.45233,79.86913,342.77,0.45,0.39,2026-05-23,804,N20,VIIRS,l,2,316.48,7.84,D,0
26.48165,79.85117,343.43,0.45,0.39,2026-05-23,804,N20,VIIRS,l,2,313.88,8.2,D,0
26.48259,79.8505,344.23,0.45,0.39,2026-05-23,804,N20,VIIRS,n,2,313.73,8.01,D,0
26.4946,79.96883,341.37,0.46,0.39,2026-05-23,804,N20,VIIRS,l,2,315.22,5.88,D,0
26.49609,79.96455,342.43,0.46,0.39,2026-05-23,804,N20,VIIRS,l,2,316.65,7.42,D,0
26.57151,80.24063,340.06,0.47,0.4,2026-05-23,804,N20,VIIRS,l,2,311.1,6.37,D,0
26.60968,80.80094,341.23,0.5,0.41,2026-05-23,804,N20,VIIRS,l,2,313.78,14.16,D,0
26.68473,82.51409,334.46,0.41,0.45,2026-05-23,804,N20,VIIRS,l,2,309.46,5.26,D,0
26.70494,80.20759,350.59,0.47,0.4,2026-05-23,804,N20,VIIRS,n,2,314.23,15.23,D,0
26.70599,78.95222,342.73,0.42,0.38,2026-05-23,804,N20,VIIRS,l,2,316.08,4.77,D,0
26.70857,80.20702,350.67,0.47,0.4,2026-05-23,804,N20,VIIRS,n,2,316.15,17.94,D,0
26.72155,78.85963,348.39,0.42,0.37,2026-05-23,804,N20,VIIRS,n,2,316.72,7.77,D,0
26.72498,78.85903,354.54,0.42,0.37,2026-05-23,804,N20,VIIRS,n,2,316.68,12.39,D,0
26.7507,78.8419,345.88,0.42,0.37,2026-05-23,804,N20,VIIRS,l,2,318.35,9.78,D,0
26.75127,78.84606,347.66,0.42,0.37,2026-05-23,804,N20,VIIRS,n,2,317.5,9.5,D,0
26.75413,78.84131,355.14,0.42,0.37,2026-05-23,804,N20,VIIRS,n,2,319.37,9.78,D,0
26.76593,78.72509,344.7,0.41,0.37,2026-05-23,804,N20,VIIRS,l,2,316.51,5.12,D,0
26.76598,78.7245,349.05,0.41,0.37,2026-05-23,804,N20,VIIRS,n,2,317.68,6.27,D,0
26.86019,80.58216,347.27,0.49,0.4,2026-05-23,804,N20,VIIRS,n,2,309.82,5.42,D,0
26.91228,78.77285,341.18,0.42,0.37,2026-05-23,804,N20,VIIRS,l,2,312.92,6.17,D,0
26.93519,79.15425,342.09,0.43,0.38,2026-05-23,804,N20,VIIRS,l,2,314.25,7.97,D,0
26.97668,82.06516,343.64,0.39,0.44,2026-05-23,804,N20,VIIRS,n,2,306.03,3.9,D,0
27.05907,78.41533,343.56,0.41,0.37,2026-05-23,804,N20,VIIRS,n,2,313.06,5.06,D,0
27.06315,86.54645,330.25,0.37,0.58,2026-05-23,804,N20,VIIRS,n,2,300.68,2.16,D,0
27.06363,87.1592,334.25,0.4,0.6,2026-05-23,804,N20,VIIRS,n,2,295.67,5.09,D,0
27.06585,78.41413,350.58,0.41,0.37,2026-05-23,804,N20,VIIRS,n,2,314.61,9.82,D,0
27.0965,82.50674,341.46,0.42,0.45,2026-05-23,804,N20,VIIRS,n,2,307.14,5.1,D,0
27.11888,78.85554,339.56,0.42,0.38,2026-05-23,804,N20,VIIRS,n,2,309.49,8.16,D,0
27.1343,87.71257,332.21,0.43,0.62,2026-05-23,804,N20,VIIRS,n,2,296.92,5.76,D,0
27.22573,70.35226,347.22,0.41,0.45,2026-05-23,804,N20,VIIRS,l,2,321.56,7.69,D,0
27.22802,78.9159,341.11,0.42,0.38,2026-05-23,804,N20,VIIRS,l,2,312.79,8.09,D,0
27.30714,79.65506,338.69,0.45,0.39,2026-05-23,804,N20,VIIRS,l,2,309.02,5.9,D,0
27.31913,82.46549,336.59,0.42,0.45,2026-05-23,804,N20,VIIRS,l,2,307.78,2.67,D,0
27.34119,85.96077,337.2,0.34,0.56,2026-05-23,804,N20,VIIRS,n,2,304.61,3.54,D,0
27.38844,81.38092,340.65,0.54,0.42,2026-05-23,804,N20,VIIRS,n,2,304.67,5.65,D,0
27.44432,80.65947,331.99,0.5,0.41,2026-05-23,804,N20,VIIRS,l,2,303.4,3.67,D,0
27.44701,82.52185,335.01,0.42,0.45,2026-05-23,804,N20,VIIRS,l,2,305.02,1.23,D,0
27.44968,82.52097,335.7,0.42,0.45,2026-05-23,804,N20,VIIRS,n,2,305.34,1.89,D,0
27.54043,68.32039,343.05,0.54,0.51,2026-05-23,804,N20,VIIRS,n,2,314.59,5.51,D,0
27.55589,80.22621,342.95,0.48,0.4,2026-05-23,804,N20,VIIRS,n,2,305.93,6.27,D,0
27.59966,78.48552,336.71,0.41,0.37,2026-05-23,804,N20,VIIRS,l,2,310.02,4.19,D,0
27.69147,81.44978,331.73,0.55,0.43,2026-05-23,804,N20,VIIRS,l,2,306.18,1.89,D,0
27.709,81.63766,339.04,0.57,0.43,2026-05-23,804,N20,VIIRS,n,2,305.52,4.57,D,0
27.75287,79.15491,336.72,0.44,0.38,2026-05-23,804,N20,VIIRS,l,2,309.7,3.41,D,0
27.7891,79.85885,337.4,0.46,0.39,2026-05-23,804,N20,VIIRS,l,2,310.47,6.15,D,0
27.82822,81.5651,338.25,0.56,0.43,2026-05-23,804,N20,VIIRS,l,2,308.41,3.77,D,0
27.83218,81.56454,338.45,0.56,0.43,2026-05-23,804,N20,VIIRS,n,2,307.43,3.77,D,0
27.88254,80.01337,334.29,0.47,0.4,2026-05-23,804,N20,VIIRS,l,2,308.04,2.57,D,0
27.88419,81.73454,340.1,0.38,0.43,2026-05-23,804,N20,VIIRS,n,2,307.13,5.46,D,0
27.95527,68.22654,346.44,0.53,0.5,2026-05-23,804,N20,VIIRS,n,2,315.74,10.09,D,0
27.96152,81.50954,337.49,0.56,0.43,2026-05-23,804,N20,VIIRS,l,2,308.94,5.16,D,0
27.96335,78.7761,350.31,0.42,0.38,2026-05-23,804,N20,VIIRS,n,2,310.49,9.04,D,0
27.9645,78.77538,348.67,0.42,0.38,2026-05-23,804,N20,VIIRS,n,2,311.54,5.76,D,0
27.96509,78.77968,337.64,0.42,0.38,2026-05-23,804,N20,VIIRS,n,2,306.7,3.2,D,0
27.96685,80.06129,339.31,0.48,0.4,2026-05-23,804,N20,VIIRS,l,2,311.46,5.82,D,0
27.96976,78.71804,332.64,0.42,0.38,2026-05-23,804,N20,VIIRS,l,2,305.9,1.67,D,0
27.97345,81.51728,342.49,0.56,0.43,2026-05-23,804,N20,VIIRS,n,2,306.15,6.71,D,0
27.97404,81.51356,336.94,0.56,0.43,2026-05-23,804,N20,VIIRS,l,2,307.2,3.65,D,0
27.97472,81.51926,335.32,0.56,0.43,2026-05-23,804,N20,VIIRS,n,2,305.31,2.98,D,0
27.97477,68.906,341.26,0.49,0.48,2026-05-23,804,N20,VIIRS,l,2,314.83,10.77,D,0
27.98243,78.68093,345.66,0.42,0.38,2026-05-23,804,N20,VIIRS,n,2,309.17,5.24,D,0
28.0154,68.99133,344.38,0.48,0.48,2026-05-23,804,N20,VIIRS,n,2,310.08,3,D,0
28.0255,81.48073,334.58,0.56,0.43,2026-05-23,804,N20,VIIRS,l,2,307.89,3.6,D,0
28.02901,68.37244,346.37,0.52,0.5,2026-05-23,804,N20,VIIRS,n,2,315.96,11.69,D,0
28.03004,77.55704,336.33,0.4,0.37,2026-05-23,804,N20,VIIRS,l,2,308.99,4.42,D,0
28.05311,81.47676,335.53,0.56,0.43,2026-05-23,804,N20,VIIRS,n,2,302.89,4.16,D,0
28.06603,69.69103,341.38,0.44,0.46,2026-05-23,804,N20,VIIRS,l,2,315.03,4.62,D,0
28.07368,77.84203,336.08,0.4,0.37,2026-05-23,804,N20,VIIRS,l,2,308.56,1.31,D,0
28.12461,82.69119,339.57,0.44,0.46,2026-05-23,804,N20,VIIRS,n,2,301.53,6.09,D,0
28.13272,82.68652,336.82,0.44,0.46,2026-05-23,804,N20,VIIRS,n,2,301.79,3.24,D,0
28.13507,69.64123,344.65,0.44,0.46,2026-05-23,804,N20,VIIRS,n,2,314.32,6.99,D,0
28.14917,82.93001,333.74,0.45,0.47,2026-05-23,804,N20,VIIRS,n,2,299.4,3.94,D,0
28.24612,82.00691,332.28,0.4,0.44,2026-05-23,804,N20,VIIRS,l,2,305.8,1.86,D,0
28.28431,79.98212,340.11,0.48,0.4,2026-05-23,804,N20,VIIRS,n,2,309.15,4.53,D,0
28.29524,80.03976,339.18,0.48,0.4,2026-05-23,804,N20,VIIRS,l,2,314.03,5.27,D,0
28.29585,80.04462,339.16,0.48,0.4,2026-05-23,804,N20,VIIRS,l,2,311.24,5.27,D,0
28.33681,82.1563,341.99,0.41,0.45,2026-05-23,804,N20,VIIRS,n,2,307.67,3.56,D,0
28.33721,82.15997,334.08,0.41,0.45,2026-05-23,804,N20,VIIRS,n,2,305.96,3.56,D,0
28.33954,82.14319,340.91,0.41,0.45,2026-05-23,804,N20,VIIRS,n,2,310.48,5.94,D,0
28.33999,82.14728,333.49,0.41,0.45,2026-05-23,804,N20,VIIRS,l,2,307.67,4.38,D,0
28.34044,82.15137,342.1,0.41,0.45,2026-05-23,804,N20,VIIRS,n,2,308.53,4.38,D,0
28.34088,82.15534,367,0.41,0.45,2026-05-23,804,N20,VIIRS,h,2,310.93,5.42,D,0
28.3413,82.15919,338.56,0.41,0.45,2026-05-23,804,N20,VIIRS,n,2,307.1,5.42,D,0
28.3445,82.15031,346.68,0.41,0.45,2026-05-23,804,N20,VIIRS,n,2,311.03,4.38,D,0
28.34496,82.15446,342.24,0.41,0.45,2026-05-23,804,N20,VIIRS,n,2,308.55,5.42,D,0
28.34542,82.15857,335.35,0.41,0.45,2026-05-23,804,N20,VIIRS,n,2,307.63,5.42,D,0
28.34628,82.12881,344.25,0.41,0.45,2026-05-23,804,N20,VIIRS,n,2,308.79,6.49,D,0
28.35532,76.98922,349.49,0.39,0.36,2026-05-23,804,N20,VIIRS,n,2,313.84,9.36,D,0
28.52572,80.18916,348.14,0.49,0.4,2026-05-23,804,N20,VIIRS,n,2,313.93,16.34,D,0
28.53756,81.66692,345.71,0.39,0.44,2026-05-23,804,N20,VIIRS,n,2,302.23,5.53,D,0
28.53866,81.66307,331.31,0.39,0.44,2026-05-23,804,N20,VIIRS,n,2,303.28,3.44,D,0
28.53913,81.66738,342.24,0.39,0.44,2026-05-23,804,N20,VIIRS,n,2,303.41,3.44,D,0
28.54582,81.50779,340.13,0.57,0.43,2026-05-23,804,N20,VIIRS,n,2,304.13,7.78,D,0
28.57244,81.7475,333.06,0.39,0.44,2026-05-23,804,N20,VIIRS,n,2,305.42,1.67,D,0
28.57648,82.05238,335.43,0.41,0.45,2026-05-23,804,N20,VIIRS,l,2,308.65,2.45,D,0
28.59665,82.12444,335.9,0.41,0.45,2026-05-23,804,N20,VIIRS,l,2,308.89,2.93,D,0
28.612,81.41678,330.46,0.57,0.43,2026-05-23,804,N20,VIIRS,l,2,304.57,4.72,D,0
28.61454,81.41447,335.18,0.57,0.43,2026-05-23,804,N20,VIIRS,l,2,305.19,4.11,D,0
28.61933,81.41056,331.52,0.56,0.43,2026-05-23,804,N20,VIIRS,l,2,304.36,4.78,D,0
28.63717,82.11208,334.93,0.41,0.45,2026-05-23,804,N20,VIIRS,l,2,309.85,2.21,D,0
28.64122,82.11082,343.91,0.41,0.45,2026-05-23,804,N20,VIIRS,n,2,312.81,5.89,D,0
28.64525,82.10942,348.45,0.41,0.45,2026-05-23,804,N20,VIIRS,n,2,312.17,5.89,D,0
28.65799,82.62976,331.92,0.44,0.46,2026-05-23,804,N20,VIIRS,n,2,301.13,4.96,D,0
28.65847,82.63449,340.29,0.44,0.46,2026-05-23,804,N20,VIIRS,n,2,299.56,4.96,D,0
28.66207,82.62753,338.65,0.44,0.46,2026-05-23,804,N20,VIIRS,n,2,303.76,8.46,D,0
28.66253,82.63201,336.04,0.44,0.46,2026-05-23,804,N20,VIIRS,n,2,297.15,8.46,D,0
28.66369,79.2011,342.08,0.45,0.39,2026-05-23,804,N20,VIIRS,l,2,312.99,7.42,D,0
28.67274,82.05576,347.65,0.41,0.45,2026-05-23,804,N20,VIIRS,n,2,311.66,6.13,D,0
28.67782,81.47569,335.78,0.57,0.43,2026-05-23,804,N20,VIIRS,n,2,304.64,4.24,D,0
28.68451,81.46345,341.95,0.57,0.43,2026-05-23,804,N20,VIIRS,n,2,303.99,3.99,D,0
28.68848,81.46291,334.3,0.57,0.43,2026-05-23,804,N20,VIIRS,n,2,303.19,3.99,D,0
28.72711,81.99218,335.5,0.41,0.45,2026-05-23,804,N20,VIIRS,n,2,306.35,2.7,D,0
28.73126,81.99204,336.09,0.41,0.45,2026-05-23,804,N20,VIIRS,n,2,308.97,2.7,D,0
28.73705,79.82438,339.26,0.47,0.4,2026-05-23,804,N20,VIIRS,l,2,312.02,3.14,D,0
28.75991,81.18328,338.51,0.55,0.43,2026-05-23,804,N20,VIIRS,n,2,303.67,3.69,D,0
28.76387,81.18314,331.05,0.55,0.43,2026-05-23,804,N20,VIIRS,n,2,301.05,3.69,D,0
28.77962,77.64763,338.02,0.4,0.37,2026-05-23,804,N20,VIIRS,n,2,307.28,2.26,D,0
28.78298,77.64702,336.7,0.4,0.37,2026-05-23,804,N20,VIIRS,l,2,309.22,2.26,D,0
28.81006,81.30528,332.93,0.56,0.43,2026-05-23,804,N20,VIIRS,l,2,303.71,3.46,D,0
28.8109,77.13391,336.62,0.39,0.36,2026-05-23,804,N20,VIIRS,l,2,309.96,4.77,D,0
28.81871,81.31872,330.23,0.56,0.43,2026-05-23,804,N20,VIIRS,l,2,302.52,6.57,D,0
28.81932,81.31583,335.25,0.56,0.43,2026-05-23,804,N20,VIIRS,n,2,302.69,4.48,D,0
28.86995,80.35968,335.87,0.5,0.41,2026-05-23,804,N20,VIIRS,n,2,305.22,4.71,D,0
28.87432,80.36423,335.18,0.5,0.41,2026-05-23,804,N20,VIIRS,n,2,304.59,4.71,D,0
28.87445,77.31944,333.27,0.39,0.37,2026-05-23,804,N20,VIIRS,l,2,305.6,1.3,D,0
28.9649,76.9338,334.84,0.39,0.36,2026-05-23,804,N20,VIIRS,l,2,305.92,1.34,D,0
29.02091,81.37376,330.39,0.57,0.43,2026-05-23,804,N20,VIIRS,l,2,304.26,2.99,D,0
29.02154,81.37922,331.19,0.57,0.43,2026-05-23,804,N20,VIIRS,l,2,304.37,2.99,D,0
29.02155,78.04994,330.29,0.41,0.37,2026-05-23,804,N20,VIIRS,l,2,303.24,1.1,D,0
29.04488,80.79419,341.32,0.53,0.42,2026-05-23,804,N20,VIIRS,n,2,303.06,11.48,D,0
29.06936,77.04575,336.73,0.39,0.36,2026-05-23,804,N20,VIIRS,l,2,307.28,2.53,D,0
29.0962,78.08482,336.85,0.41,0.37,2026-05-23,804,N20,VIIRS,n,2,303.91,4.94,D,0
29.10805,77.03033,338.23,0.39,0.36,2026-05-23,804,N20,VIIRS,l,2,310.17,6.44,D,0
29.12963,78.04872,333.31,0.41,0.37,2026-05-23,804,N20,VIIRS,l,2,307.31,2.06,D,0
29.15202,81.2733,335.84,0.56,0.43,2026-05-23,804,N20,VIIRS,l,2,309.68,3.16,D,0
29.17819,77.09563,336.02,0.39,0.36,2026-05-23,804,N20,VIIRS,l,2,308.35,3.42,D,0
29.21392,81.21769,336.82,0.56,0.43,2026-05-23,804,N20,VIIRS,l,2,311.54,4.54,D,0
29.21871,76.92789,339.98,0.39,0.36,2026-05-23,804,N20,VIIRS,l,2,311.59,2.73,D,0
29.22203,76.92726,342.66,0.39,0.36,2026-05-23,804,N20,VIIRS,n,2,312.13,2.73,D,0
29.22261,76.93124,338.85,0.39,0.36,2026-05-23,804,N20,VIIRS,n,2,308.45,2.73,D,0
29.22511,76.92741,344.02,0.39,0.36,2026-05-23,804,N20,VIIRS,n,2,311.4,4.12,D,0
29.23066,80.98196,342.26,0.55,0.42,2026-05-23,804,N20,VIIRS,n,2,314.05,10.67,D,0
29.23453,80.98119,348.25,0.55,0.42,2026-05-23,804,N20,VIIRS,n,2,311.15,9.69,D,0
29.26521,78.95184,334.24,0.44,0.38,2026-05-23,804,N20,VIIRS,l,2,307.82,3.83,D,0
29.27372,81.0814,338.61,0.55,0.43,2026-05-23,804,N20,VIIRS,n,2,306.43,4.93,D,0
29.27428,81.0863,336.21,0.55,0.43,2026-05-23,804,N20,VIIRS,n,2,306.62,4.93,D,0
29.27763,81.08081,342.77,0.55,0.43,2026-05-23,804,N20,VIIRS,n,2,306.76,18.83,D,0
29.28868,78.08736,342.2,0.41,0.37,2026-05-23,804,N20,VIIRS,n,2,304.74,4.06,D,0
29.46511,79.69518,332.03,0.48,0.4,2026-05-23,804,N20,VIIRS,n,2,305.07,2.92,D,0
29.46562,78.00087,335.5,0.41,0.37,2026-05-23,804,N20,VIIRS,n,2,300.69,2.06,D,0
29.52555,78.60096,333.72,0.43,0.38,2026-05-23,804,N20,VIIRS,l,2,308.26,2.78,D,0
29.54515,79.62142,338.79,0.47,0.4,2026-05-23,804,N20,VIIRS,n,2,305.45,2.56,D,0
29.54881,79.62109,345.86,0.47,0.4,2026-05-23,804,N20,VIIRS,n,2,307.85,14.45,D,0
29.54948,79.62633,336.12,0.47,0.4,2026-05-23,804,N20,VIIRS,l,2,306.14,14.45,D,0
29.5639,82.40094,330.07,0.44,0.46,2026-05-23,804,N20,VIIRS,l,2,304.84,5.14,D,0
29.56434,82.4051,353.24,0.44,0.46,2026-05-23,804,N20,VIIRS,n,2,306.35,11.76,D,0
29.59039,79.26859,333.19,0.46,0.39,2026-05-23,804,N20,VIIRS,n,2,303.68,3.07,D,0
29.66822,79.35041,333.05,0.46,0.39,2026-05-23,804,N20,VIIRS,n,2,302.66,2.76,D,0
29.66906,79.39702,334.46,0.46,0.39,2026-05-23,804,N20,VIIRS,n,2,303.55,1.7,D,0
29.6704,79.39774,339.95,0.46,0.39,2026-05-23,804,N20,VIIRS,n,2,305.14,4.07,D,0
29.67348,79.39292,338.9,0.46,0.39,2026-05-23,804,N20,VIIRS,n,2,306.15,5.69,D,0
29.67444,79.28268,335.8,0.46,0.39,2026-05-23,804,N20,VIIRS,l,2,306.64,2.9,D,0
29.67498,79.28702,336.63,0.46,0.39,2026-05-23,804,N20,VIIRS,n,2,306.59,2.9,D,0
29.67555,79.29156,333.71,0.46,0.39,2026-05-23,804,N20,VIIRS,l,2,304.89,2.31,D,0
29.67567,79.26329,335.03,0.46,0.39,2026-05-23,804,N20,VIIRS,n,2,306.19,1.98,D,0
29.67757,79.24935,346.02,0.46,0.39,2026-05-23,804,N20,VIIRS,n,2,308.16,6.99,D,0
29.67813,79.25383,341.6,0.46,0.39,2026-05-23,804,N20,VIIRS,n,2,307.35,4.99,D,0
29.67915,79.29109,337.58,0.46,0.39,2026-05-23,804,N20,VIIRS,n,2,307.92,3.59,D,0
29.68683,78.50729,338.51,0.43,0.38,2026-05-23,804,N20,VIIRS,l,2,311.33,3.35,D,0
29.6903,78.50668,336.33,0.43,0.38,2026-05-23,804,N20,VIIRS,l,2,311.2,3.35,D,0
29.69442,79.71358,337.09,0.48,0.4,2026-05-23,804,N20,VIIRS,n,2,303.28,3.07,D,0
29.69813,79.71337,338.79,0.48,0.4,2026-05-23,804,N20,VIIRS,n,2,305.43,4.66,D,0
29.71615,79.80476,348.14,0.48,0.4,2026-05-23,804,N20,VIIRS,n,2,310.28,9.72,D,0
29.71674,79.80965,339.52,0.48,0.4,2026-05-23,804,N20,VIIRS,n,2,305.84,8.04,D,0
29.7168,79.24164,332.34,0.46,0.39,2026-05-23,804,N20,VIIRS,n,2,306.95,2.61,D,0
29.7169,79.80319,334.41,0.48,0.4,2026-05-23,804,N20,VIIRS,l,2,308.31,7.2,D,0
29.71751,79.80803,349.14,0.48,0.4,2026-05-23,804,N20,VIIRS,n,2,311.19,19.73,D,0
29.71839,79.76087,332.18,0.48,0.4,2026-05-23,804,N20,VIIRS,n,2,302.38,2.84,D,0
29.71979,79.80381,335.48,0.48,0.4,2026-05-23,804,N20,VIIRS,n,2,306.97,5.59,D,0
29.72036,79.80852,334.16,0.48,0.4,2026-05-23,804,N20,VIIRS,n,2,303.48,3.74,D,0
29.72675,78.48668,341.49,0.43,0.38,2026-05-23,804,N20,VIIRS,n,2,310.96,3.58,D,0
29.72733,78.49109,339.37,0.43,0.38,2026-05-23,804,N20,VIIRS,l,2,309.47,3.58,D,0
29.7308,78.49047,341.24,0.43,0.38,2026-05-23,804,N20,VIIRS,n,2,305.56,3.58,D,0
29.75222,80.14158,331.05,0.5,0.41,2026-05-23,804,N20,VIIRS,l,2,304.54,4.73,D,0
29.75733,80.19096,338.9,0.5,0.41,2026-05-23,804,N20,VIIRS,n,2,305.26,4.99,D,0
29.75816,80.1925,334.31,0.51,0.41,2026-05-23,804,N20,VIIRS,n,2,303.44,5.27,D,0
29.75883,79.75537,333.09,0.48,0.4,2026-05-23,804,N20,VIIRS,l,2,305.06,3.83,D,0
29.75944,79.76028,338.62,0.48,0.4,2026-05-23,804,N20,VIIRS,n,2,305.21,1.98,D,0
29.76494,80.18506,338.14,0.5,0.41,2026-05-23,804,N20,VIIRS,n,2,303.37,5.77,D,0
29.76839,80.18784,334.73,0.5,0.41,2026-05-23,804,N20,VIIRS,n,2,301.27,5.51,D,0
29.77089,78.93362,335.2,0.45,0.39,2026-05-23,804,N20,VIIRS,l,2,308.98,3.94,D,0
29.77488,79.88684,338.49,0.49,0.4,2026-05-23,804,N20,VIIRS,n,2,305.63,7.91,D,0
29.77526,78.71862,331.88,0.44,0.38,2026-05-23,804,N20,VIIRS,l,2,306.82,1.83,D,0
29.78777,79.20842,332.77,0.46,0.39,2026-05-23,804,N20,VIIRS,l,2,304.4,4.53,D,0
29.78842,79.21358,338.15,0.46,0.39,2026-05-23,804,N20,VIIRS,n,2,305.89,4.53,D,0
29.7979,78.83658,339.16,0.44,0.39,2026-05-23,804,N20,VIIRS,n,2,305.46,2.72,D,0
29.7986,79.23631,344.7,0.46,0.39,2026-05-23,804,N20,VIIRS,n,2,307.71,10.87,D,0
29.80041,79.13564,335.1,0.45,0.39,2026-05-23,804,N20,VIIRS,n,2,303.23,3.08,D,0
29.80101,79.1404,331.73,0.45,0.39,2026-05-23,804,N20,VIIRS,l,2,304.72,3.08,D,0
29.80505,78.97433,347.32,0.45,0.39,2026-05-23,804,N20,VIIRS,n,2,302.96,8.41,D,0
29.809,80.10646,334.28,0.5,0.41,2026-05-23,804,N20,VIIRS,n,2,301.78,5.51,D,0
29.81559,80.06664,332.06,0.5,0.41,2026-05-23,804,N20,VIIRS,n,2,301.25,1.95,D,0
29.83303,79.10645,337.49,0.45,0.39,2026-05-23,804,N20,VIIRS,n,2,304.55,4.6,D,0
29.83907,79.83659,343.64,0.49,0.4,2026-05-23,804,N20,VIIRS,n,2,308.87,6.41,D,0
29.84278,79.83619,341.81,0.49,0.4,2026-05-23,804,N20,VIIRS,n,2,308.63,6.41,D,0
29.84712,79.65611,331.51,0.48,0.4,2026-05-23,804,N20,VIIRS,l,2,301.53,3.29,D,0
29.85188,79.25277,340.3,0.46,0.39,2026-05-23,804,N20,VIIRS,n,2,306.86,4.51,D,0
29.8529,79.28902,335.84,0.46,0.39,2026-05-23,804,N20,VIIRS,l,2,306.13,3.98,D,0
29.86573,79.24648,340.23,0.46,0.39,2026-05-23,804,N20,VIIRS,n,2,307.73,6.65,D,0
29.86988,79.93659,337.47,0.49,0.4,2026-05-23,804,N20,VIIRS,n,2,306.09,3.28,D,0
29.87201,79.29508,333.96,0.46,0.39,2026-05-23,804,N20,VIIRS,l,2,305.76,2,D,0
29.87577,79.46911,333.08,0.47,0.4,2026-05-23,804,N20,VIIRS,n,2,301.61,5.79,D,0
29.87767,79.42574,348.45,0.47,0.4,2026-05-23,804,N20,VIIRS,n,2,306.85,4.75,D,0
29.8813,79.42529,335.98,0.47,0.4,2026-05-23,804,N20,VIIRS,n,2,304.64,4.75,D,0
29.88828,79.80882,331.28,0.49,0.4,2026-05-23,804,N20,VIIRS,n,2,304.95,1.63,D,0
29.88957,79.6978,333.67,0.48,0.4,2026-05-23,804,N20,VIIRS,n,2,303.6,5.37,D,0
29.90818,79.57874,345.91,0.47,0.4,2026-05-23,804,N20,VIIRS,n,2,308.83,13.84,D,0
29.91635,79.67298,340.44,0.48,0.4,2026-05-23,804,N20,VIIRS,n,2,306.98,4.63,D,0
28.02928,68.36992,346.12,0.52,0.5,2026-05-23,805,N20,VIIRS,n,2,314.27,10.8,D,0
28.25521,68.06497,345.54,0.54,0.51,2026-05-23,805,N20,VIIRS,l,2,318.38,5.05,D,0
28.25975,68.06372,347.52,0.54,0.51,2026-05-23,805,N20,VIIRS,l,2,318.02,3.31,D,0
29.67643,77.35446,337.05,0.4,0.37,2026-05-23,805,N20,VIIRS,n,2,306.16,3.35,D,0
29.70568,75.81937,342.24,0.38,0.36,2026-05-23,805,N20,VIIRS,l,2,316.08,6.68,D,0
29.7665,76.40456,345.95,0.39,0.36,2026-05-23,805,N20,VIIRS,l,2,318.99,4.98,D,0
29.84288,78.87814,351.52,0.44,0.39,2026-05-23,805,N20,VIIRS,n,2,312.28,9.26,D,0
29.84637,78.87722,335.39,0.44,0.39,2026-05-23,805,N20,VIIRS,l,2,308.03,9.26,D,0
29.84927,78.59595,339.34,0.43,0.38,2026-05-23,805,N20,VIIRS,n,2,308.93,3.13,D,0
29.86351,79.24388,334.45,0.46,0.39,2026-05-23,805,N20,VIIRS,l,2,307.29,3.16,D,0
29.86713,79.24357,334.38,0.46,0.39,2026-05-23,805,N20,VIIRS,l,2,307.17,2.56,D,0
29.87064,79.1255,332.55,0.45,0.39,2026-05-23,805,N20,VIIRS,l,2,307,10.39,D,0
29.87122,79.13008,351.85,0.45,0.39,2026-05-23,805,N20,VIIRS,n,2,309.59,10.39,D,0
29.87421,79.125,334.82,0.45,0.39,2026-05-23,805,N20,VIIRS,n,2,306.47,3.58,D,0
29.8748,79.12969,344.09,0.45,0.39,2026-05-23,805,N20,VIIRS,n,2,306.9,3.58,D,0
29.87781,79.1246,339.4,0.45,0.39,2026-05-23,805,N20,VIIRS,n,2,306.48,3.58,D,0
29.88964,79.07459,342.41,0.45,0.39,2026-05-23,805,N20,VIIRS,n,2,304.61,3.78,D,0
29.89507,79.38049,334.28,0.47,0.39,2026-05-23,805,N20,VIIRS,l,2,306.59,4.41,D,0
29.89802,79.11185,336.7,0.45,0.39,2026-05-23,805,N20,VIIRS,n,2,305.14,1.93,D,0
29.89863,79.37948,330.26,0.47,0.39,2026-05-23,805,N20,VIIRS,l,2,303.7,2.68,D,0
29.90797,78.93526,338.89,0.45,0.39,2026-05-23,805,N20,VIIRS,n,2,304.99,5.02,D,0
29.90847,79.58077,342.53,0.48,0.4,2026-05-23,805,N20,VIIRS,n,2,309.69,9.73,D,0
29.91017,79.29496,336.52,0.46,0.39,2026-05-23,805,N20,VIIRS,l,2,307.77,3.48,D,0
29.9138,79.4128,341.3,0.47,0.4,2026-05-23,805,N20,VIIRS,n,2,306.38,6.6,D,0
29.91612,79.675,338.45,0.48,0.4,2026-05-23,805,N20,VIIRS,n,2,305.31,5.35,D,0
29.91918,79.42648,338.58,0.47,0.4,2026-05-23,805,N20,VIIRS,n,2,307.08,4.36,D,0
29.91996,79.58358,346.19,0.48,0.4,2026-05-23,805,N20,VIIRS,n,2,308.16,7.33,D,0
29.92062,79.58904,335.64,0.48,0.4,2026-05-23,805,N20,VIIRS,n,2,304.34,2.29,D,0
29.92065,76.09356,351.1,0.38,0.36,2026-05-23,805,N20,VIIRS,n,2,315.84,4.61,D,0
29.92205,79.44967,333.93,0.47,0.4,2026-05-23,805,N20,VIIRS,l,2,305.48,3.71,D,0
29.92259,79.45403,330.19,0.47,0.4,2026-05-23,805,N20,VIIRS,l,2,304.8,3.71,D,0
29.92281,79.4259,335.83,0.47,0.4,2026-05-23,805,N20,VIIRS,n,2,304.5,4.36,D,0
29.92361,79.58309,332.04,0.48,0.4,2026-05-23,805,N20,VIIRS,l,2,306.14,2.04,D,0
29.92372,79.46314,333.36,0.47,0.4,2026-05-23,805,N20,VIIRS,n,2,301.83,4.21,D,0
29.92566,79.69216,333.03,0.48,0.4,2026-05-23,805,N20,VIIRS,l,2,303.5,4.03,D,0
29.9257,79.44934,333.09,0.47,0.4,2026-05-23,805,N20,VIIRS,n,2,306.25,3.71,D,0
29.92624,79.45368,330.87,0.47,0.4,2026-05-23,805,N20,VIIRS,l,2,302.61,3.71,D,0
29.93486,79.7065,333.1,0.48,0.4,2026-05-23,805,N20,VIIRS,l,2,306.83,5.38,D,0
29.9354,79.11951,330.71,0.45,0.39,2026-05-23,805,N20,VIIRS,l,2,303.97,1.9,D,0
29.93887,78.89629,336.61,0.45,0.39,2026-05-23,805,N20,VIIRS,n,2,309.38,3.16,D,0
29.94279,79.74122,339.6,0.48,0.4,2026-05-23,805,N20,VIIRS,n,2,307.58,5.64,D,0
29.96024,79.28484,347.88,0.46,0.39,2026-05-23,805,N20,VIIRS,n,2,304.48,3.26,D,0
29.96193,79.59234,336.91,0.48,0.4,2026-05-23,805,N20,VIIRS,n,2,306.31,3.09,D,0
29.97056,76.78036,337.51,0.39,0.36,2026-05-23,805,N20,VIIRS,l,2,310.52,1.17,D,0
29.97332,79.68482,340.19,0.48,0.4,2026-05-23,805,N20,VIIRS,n,2,304.66,4.46,D,0
29.97643,79.67977,336.79,0.48,0.4,2026-05-23,805,N20,VIIRS,n,2,304.11,4.46,D,0
29.98024,78.49833,331.63,0.43,0.38,2026-05-23,805,N20,VIIRS,l,2,306.37,2.11,D,0
29.98082,78.50272,332.61,0.43,0.38,2026-05-23,805,N20,VIIRS,l,2,306.84,2.11,D,0
29.98105,78.49481,334.48,0.43,0.38,2026-05-23,805,N20,VIIRS,l,2,306.07,1.97,D,0
29.98218,78.50355,333.42,0.43,0.38,2026-05-23,805,N20,VIIRS,l,2,306.12,2.88,D,0
29.98857,78.36188,353.44,0.43,0.38,2026-05-23,805,N20,VIIRS,n,2,300.16,23.89,D,0
29.99586,76.60228,339.75,0.39,0.36,2026-05-23,805,N20,VIIRS,l,2,314.36,4.37,D,0
30.02159,78.34364,335.44,0.43,0.38,2026-05-23,805,N20,VIIRS,n,2,297.59,4.01,D,0
30.02879,78.92137,335.55,0.45,0.39,2026-05-23,805,N20,VIIRS,l,2,308.96,3.82,D,0
30.04709,78.64635,334.71,0.44,0.38,2026-05-23,805,N20,VIIRS,l,2,306.3,3.29,D,0
30.07312,78.87607,336.43,0.45,0.39,2026-05-23,805,N20,VIIRS,l,2,309.29,3.72,D,0
30.07601,78.87044,336.65,0.45,0.39,2026-05-23,805,N20,VIIRS,l,2,309.51,3.72,D,0
30.09358,78.86671,343.83,0.45,0.39,2026-05-23,805,N20,VIIRS,n,2,306.89,16.83,D,0
30.09711,78.86604,348.26,0.45,0.39,2026-05-23,805,N20,VIIRS,n,2,311.27,16.83,D,0
30.10608,78.74122,350.03,0.44,0.38,2026-05-23,805,N20,VIIRS,n,2,310.51,4.53,D,0
30.1062,76.10673,345.05,0.39,0.36,2026-05-23,805,N20,VIIRS,l,2,319.39,9.67,D,0
30.10664,78.74557,335.96,0.44,0.38,2026-05-23,805,N20,VIIRS,l,2,306.77,4.53,D,0
30.10907,78.73658,339.22,0.44,0.38,2026-05-23,805,N20,VIIRS,l,2,310.21,5.2,D,0
30.10964,78.74097,339.28,0.44,0.38,2026-05-23,805,N20,VIIRS,l,2,312.41,4.53,D,0
30.11143,78.78217,337.35,0.44,0.39,2026-05-23,805,N20,VIIRS,n,2,305.52,5.72,D,0
30.11198,78.78641,355.64,0.44,0.39,2026-05-23,805,N20,VIIRS,n,2,313.11,15.24,D,0
30.11258,78.79099,342.56,0.44,0.39,2026-05-23,805,N20,VIIRS,n,2,306.25,15.24,D,0
30.11263,78.73627,343.25,0.44,0.38,2026-05-23,805,N20,VIIRS,n,2,310.35,7.92,D,0
30.11493,78.78142,342.23,0.44,0.39,2026-05-23,805,N20,VIIRS,n,2,312.01,5.72,D,0
30.11516,78.8383,343.32,0.45,0.39,2026-05-23,805,N20,VIIRS,n,2,305.19,4.49,D,0
30.12003,78.84785,339.84,0.45,0.39,2026-05-23,805,N20,VIIRS,n,2,307.46,9.03,D,0
30.12332,76.59085,349.34,0.39,0.36,2026-05-23,805,N20,VIIRS,n,2,317.92,23.23,D,0
30.12538,70.64964,337.16,0.53,0.42,2026-05-23,805,N20,VIIRS,l,2,310.69,8.12,D,0
30.12604,76.5862,353.54,0.39,0.36,2026-05-23,805,N20,VIIRS,n,2,323.28,19.91,D,0
30.12663,76.59022,347.68,0.39,0.36,2026-05-23,805,N20,VIIRS,n,2,314.88,19.91,D,0
30.12707,70.65092,338.37,0.53,0.42,2026-05-23,805,N20,VIIRS,l,2,311.16,4.16,D,0
30.13227,79.40483,343.57,0.47,0.4,2026-05-23,805,N20,VIIRS,n,2,312.26,5.28,D,0
30.13556,78.54959,350.6,0.43,0.38,2026-05-23,805,N20,VIIRS,n,2,309.5,6.74,D,0
30.14127,78.67672,341.66,0.44,0.38,2026-05-23,805,N20,VIIRS,n,2,310.21,2.61,D,0
30.14215,78.99048,331.16,0.45,0.39,2026-05-23,805,N20,VIIRS,l,2,302.61,2.37,D,0
30.14269,79.36969,338.73,0.47,0.4,2026-05-23,805,N20,VIIRS,l,2,312.53,2.54,D,0
30.14477,78.67597,333.82,0.44,0.38,2026-05-23,805,N20,VIIRS,l,2,307.46,2.61,D,0
30.14765,78.7263,339.13,0.44,0.38,2026-05-23,805,N20,VIIRS,l,2,310.91,4.03,D,0
30.14927,79.36322,343.26,0.47,0.4,2026-05-23,805,N20,VIIRS,n,2,309.49,3.5,D,0
30.15781,78.63828,337.53,0.44,0.38,2026-05-23,805,N20,VIIRS,n,2,311.91,4.35,D,0
30.15836,78.64254,347.55,0.44,0.38,2026-05-23,805,N20,VIIRS,n,2,308.21,6.17,D,0
30.17955,78.8347,334.61,0.45,0.39,2026-05-23,805,N20,VIIRS,l,2,308.95,2.97,D,0
30.20116,75.30119,349.6,0.38,0.36,2026-05-23,805,N20,VIIRS,n,2,316.01,7.38,D,0
30.21849,78.91266,338.47,0.45,0.39,2026-05-23,805,N20,VIIRS,n,2,307,3.37,D,0
30.22414,78.56517,338.73,0.44,0.38,2026-05-23,805,N20,VIIRS,l,2,310.1,4.56,D,0
30.23738,79.26292,343.13,0.46,0.39,2026-05-23,805,N20,VIIRS,n,2,312.59,9.34,D,0
30.24093,79.26192,341.67,0.46,0.39,2026-05-23,805,N20,VIIRS,n,2,312.09,9.34,D,0
30.24109,75.89639,341.34,0.38,0.36,2026-05-23,805,N20,VIIRS,l,2,314.38,6.14,D,0
30.25497,79.14079,346.03,0.46,0.39,2026-05-23,805,N20,VIIRS,n,2,304.35,5.31,D,0
30.25604,77.90472,336.71,0.42,0.37,2026-05-23,805,N20,VIIRS,l,2,310.3,3.84,D,0
30.26156,79.4278,335.34,0.47,0.4,2026-05-23,805,N20,VIIRS,n,2,301.92,1.55,D,0
30.26184,79.19471,335.75,0.46,0.39,2026-05-23,805,N20,VIIRS,n,2,305.69,1.81,D,0
30.27792,79.10494,331.18,0.46,0.39,2026-05-23,805,N20,VIIRS,l,2,302.51,3.5,D,0
30.28063,79.40237,347.54,0.47,0.4,2026-05-23,805,N20,VIIRS,n,2,311.78,11.23,D,0
30.28474,79.40573,337.94,0.47,0.4,2026-05-23,805,N20,VIIRS,l,2,308.8,4.08,D,0
30.28883,69.0737,343.33,0.43,0.46,2026-05-23,805,N20,VIIRS,n,2,313.15,4.18,D,0
30.28973,69.07807,342.08,0.43,0.46,2026-05-23,805,N20,VIIRS,l,2,313.91,4.18,D,0
30.29129,77.07549,348.62,0.4,0.37,2026-05-23,805,N20,VIIRS,n,2,318.43,8.73,D,0
30.30241,79.36959,341.94,0.47,0.4,2026-05-23,805,N20,VIIRS,n,2,313.3,6.5,D,0
30.30544,78.72211,336.68,0.44,0.39,2026-05-23,805,N20,VIIRS,l,2,307.63,3.38,D,0
30.3081,78.74271,351.73,0.44,0.39,2026-05-23,805,N20,VIIRS,n,2,310.13,8.88,D,0
30.31289,78.25229,338.05,0.43,0.38,2026-05-23,805,N20,VIIRS,n,2,301.99,3.45,D,0
30.31368,78.53909,336.9,0.44,0.38,2026-05-23,805,N20,VIIRS,n,2,301.29,3.38,D,0
30.31483,78.5405,343.41,0.44,0.38,2026-05-23,805,N20,VIIRS,n,2,303.97,5.27,D,0
30.31634,78.25165,338.7,0.43,0.38,2026-05-23,805,N20,VIIRS,n,2,301.77,4.07,D,0
30.3184,78.62914,334.17,0.44,0.38,2026-05-23,805,N20,VIIRS,n,2,299.13,2.87,D,0
30.33168,78.95338,342.74,0.45,0.39,2026-05-23,805,N20,VIIRS,n,2,297.36,5.4,D,0
30.33233,78.98693,334.21,0.45,0.39,2026-05-23,805,N20,VIIRS,l,2,305.18,3.74,D,0
30.33528,78.95309,355.01,0.45,0.39,2026-05-23,805,N20,VIIRS,n,2,300.18,5.57,D,0
30.33886,78.95264,339.42,0.45,0.39,2026-05-23,805,N20,VIIRS,n,2,297.72,5.57,D,0
30.33951,78.95769,334.89,0.45,0.39,2026-05-23,805,N20,VIIRS,n,2,298.04,5.57,D,0
30.34026,79.31207,343.21,0.47,0.4,2026-05-23,805,N20,VIIRS,l,2,317.06,74.6,D,0
30.35136,79.13663,335.51,0.46,0.39,2026-05-23,805,N20,VIIRS,n,2,300.69,9.11,D,0
30.35288,78.3405,332.15,0.43,0.38,2026-05-23,805,N20,VIIRS,n,2,296.92,3.3,D,0
30.37058,77.443,336.94,0.4,0.37,2026-05-23,805,N20,VIIRS,l,2,310.28,3.95,D,0
30.37293,76.4651,343.15,0.39,0.36,2026-05-23,805,N20,VIIRS,l,2,317,7.86,D,0
30.37395,77.44236,339.15,0.4,0.37,2026-05-23,805,N20,VIIRS,l,2,309.84,3.95,D,0
30.37991,76.58364,345.03,0.39,0.36,2026-05-23,805,N20,VIIRS,l,2,319.29,1.15,D,0
30.40343,77.49712,345.56,0.41,0.37,2026-05-23,805,N20,VIIRS,n,2,313.38,5.46,D,0
30.41362,79.33768,334.49,0.47,0.4,2026-05-23,805,N20,VIIRS,n,2,303.46,3.08,D,0
30.43806,78.40984,339.34,0.43,0.38,2026-05-23,805,N20,VIIRS,n,2,303.92,13.15,D,0
30.44158,78.40951,345.33,0.43,0.38,2026-05-23,805,N20,VIIRS,n,2,308.99,13.15,D,0
30.4422,78.41428,353.52,0.43,0.38,2026-05-23,805,N20,VIIRS,n,2,305.22,15.13,D,0
30.44284,78.41921,345.66,0.43,0.38,2026-05-23,805,N20,VIIRS,n,2,304.46,15.13,D,0
30.44509,78.40916,342.19,0.43,0.38,2026-05-23,805,N20,VIIRS,n,2,305.89,4.37,D,0
30.4454,76.61247,348.38,0.39,0.36,2026-05-23,805,N20,VIIRS,l,2,322.75,5.82,D,0
30.45239,76.26495,346.15,0.39,0.36,2026-05-23,805,N20,VIIRS,n,2,316.47,5.93,D,0
30.46189,78.10894,331.59,0.42,0.38,2026-05-23,805,N20,VIIRS,n,2,298.95,3.09,D,0
30.47092,77.30101,339.11,0.4,0.37,2026-05-23,805,N20,VIIRS,l,2,312.84,5.08,D,0
30.47428,77.30036,349.57,0.4,0.37,2026-05-23,805,N20,VIIRS,n,2,316.73,5.08,D,0
30.47485,77.30447,340.73,0.4,0.37,2026-05-23,805,N20,VIIRS,l,2,311.91,5.08,D,0
30.47764,77.29971,348.75,0.4,0.37,2026-05-23,805,N20,VIIRS,n,2,320.54,13.45,D,0
30.47822,77.30388,344.21,0.4,0.37,2026-05-23,805,N20,VIIRS,n,2,312,13.45,D,0
30.4794,77.16364,346.71,0.4,0.37,2026-05-23,805,N20,VIIRS,l,2,316.96,8.73,D,0
30.48138,77.89217,335.77,0.42,0.37,2026-05-23,805,N20,VIIRS,l,2,306.18,3.2,D,0
30.48369,78.17482,336.85,0.43,0.38,2026-05-23,805,N20,VIIRS,n,2,302.88,4.13,D,0
30.50423,77.7,345.93,0.41,0.37,2026-05-23,805,N20,VIIRS,n,2,311.85,4.58,D,0
30.51241,77.96638,341.73,0.42,0.38,2026-05-23,805,N20,VIIRS,n,2,308.85,3.05,D,0
30.51581,77.96561,335.86,0.42,0.38,2026-05-23,805,N20,VIIRS,l,2,308.17,2.38,D,0
30.52084,77.74483,338.66,0.41,0.37,2026-05-23,805,N20,VIIRS,l,2,309.49,1.59,D,0
30.52234,77.24902,338.6,0.4,0.37,2026-05-23,805,N20,VIIRS,l,2,312.73,3.48,D,0
30.54247,77.05019,342.94,0.4,0.37,2026-05-23,805,N20,VIIRS,l,2,317.24,5.25,D,0
30.54387,74.68855,348.17,0.39,0.36,2026-05-23,805,N20,VIIRS,l,2,317.9,4.7,D,0
30.54464,77.05075,346.24,0.4,0.37,2026-05-23,805,N20,VIIRS,n,2,316.64,4.73,D,0
30.56301,77.82486,340.69,0.42,0.37,2026-05-23,805,N20,VIIRS,n,2,309.83,3.03,D,0
30.56456,78.41352,334.74,0.43,0.38,2026-05-23,805,N20,VIIRS,n,2,305.33,3.68,D,0
30.66042,77.61451,336.88,0.41,0.37,2026-05-23,805,N20,VIIRS,n,2,306.79,3.1,D,0
30.67055,78.18233,344.3,0.43,0.38,2026-05-23,805,N20,VIIRS,n,2,302.45,4.4,D,0
30.67176,77.80179,340.59,0.42,0.37,2026-05-23,805,N20,VIIRS,l,2,312.34,3.26,D,0
30.67515,77.80096,344.23,0.42,0.37,2026-05-23,805,N20,VIIRS,l,2,316.3,15.69,D,0
30.67561,75.42162,339.23,0.38,0.36,2026-05-23,805,N20,VIIRS,l,2,311.67,3.43,D,0
30.70951,74.76575,338.23,0.39,0.36,2026-05-23,805,N20,VIIRS,l,2,312.12,5.12,D,0
30.72054,76.01117,349.38,0.39,0.36,2026-05-23,805,N20,VIIRS,n,2,320.28,11.06,D,0
30.73245,77.20077,343.47,0.4,0.37,2026-05-23,805,N20,VIIRS,n,2,308.47,7.41,D,0
30.7358,77.2001,341.66,0.4,0.37,2026-05-23,805,N20,VIIRS,n,2,307.5,3.71,D,0
30.74125,77.59198,341.54,0.41,0.37,2026-05-23,805,N20,VIIRS,n,2,313.63,8.07,D,0
30.748,75.44843,337.91,0.38,0.36,2026-05-23,805,N20,VIIRS,l,2,309.49,3.47,D,0
30.75368,75.35295,340.94,0.38,0.36,2026-05-23,805,N20,VIIRS,l,2,314.99,4.03,D,0
30.76616,77.24481,335.32,0.4,0.37,2026-05-23,805,N20,VIIRS,l,2,306.12,3.27,D,0
30.80339,77.12881,332.04,0.4,0.37,2026-05-23,805,N20,VIIRS,l,2,306.01,2.1,D,0
30.82628,75.58418,346.63,0.38,0.36,2026-05-23,805,N20,VIIRS,n,2,318.16,6.51,D,0
30.85406,77.17105,336.79,0.4,0.37,2026-05-23,805,N20,VIIRS,l,2,308.63,2.34,D,0
30.86446,70.77776,339.75,0.51,0.41,2026-05-23,805,N20,VIIRS,l,2,311.31,10.32,D,0
30.86823,75.14881,349.7,0.38,0.36,2026-05-23,805,N20,VIIRS,n,2,319.59,5.1,D,0
30.92042,74.42314,348.33,0.39,0.36,2026-05-23,805,N20,VIIRS,l,2,317.35,13.77,D,0
30.92107,74.42717,345.25,0.39,0.36,2026-05-23,805,N20,VIIRS,l,2,318.58,13.77,D,0
30.92623,76.23116,346.03,0.39,0.36,2026-05-23,805,N20,VIIRS,l,2,319.3,8.64,D,0
30.93626,76.29968,349.51,0.39,0.36,2026-05-23,805,N20,VIIRS,n,2,319.18,10.41,D,0
30.94192,76.31517,352.33,0.39,0.36,2026-05-23,805,N20,VIIRS,n,2,321.5,13.71,D,0
30.94942,75.56757,347.18,0.38,0.36,2026-05-23,805,N20,VIIRS,l,2,317.24,8.07,D,0
30.95231,76.0857,346.07,0.39,0.36,2026-05-23,805,N20,VIIRS,l,2,318.39,9.84,D,0
30.95256,75.6779,345.78,0.38,0.36,2026-05-23,805,N20,VIIRS,l,2,319.5,7.87,D,0
30.95417,75.55428,348.63,0.38,0.36,2026-05-23,805,N20,VIIRS,l,2,320.43,9.74,D,0
30.95984,74.4772,367,0.39,0.36,2026-05-23,805,N20,VIIRS,h,2,318.36,12.22,D,0
30.96314,74.47649,347.92,0.39,0.36,2026-05-23,805,N20,VIIRS,l,2,318.49,12.22,D,0
30.96508,74.48857,352.09,0.39,0.36,2026-05-23,805,N20,VIIRS,l,2,323.41,50.82,D,0
30.97461,76.44608,341.49,0.39,0.36,2026-05-23,805,N20,VIIRS,l,2,314,4.19,D,0
30.97792,76.44544,341.58,0.39,0.36,2026-05-23,805,N20,VIIRS,l,2,315.23,4.19,D,0
31.01083,75.76962,347,0.38,0.36,2026-05-23,805,N20,VIIRS,l,2,318.79,10.16,D,0
31.02572,76.10007,345.42,0.39,0.36,2026-05-23,805,N20,VIIRS,l,2,317.98,10.01,D,0
31.03173,75.68314,350.86,0.38,0.36,2026-05-23,805,N20,VIIRS,l,2,321.33,11.98,D,0
31.04551,75.72977,367,0.38,0.36,2026-05-23,805,N20,VIIRS,h,2,323.27,13.2,D,0
31.05398,75.42767,343.76,0.38,0.36,2026-05-23,805,N20,VIIRS,l,2,317.67,9.82,D,0
31.10802,75.80768,348.31,0.39,0.36,2026-05-23,805,N20,VIIRS,n,2,314.68,6.29,D,0
31.14349,76.69883,339.62,0.39,0.37,2026-05-23,805,N20,VIIRS,l,2,314.19,4.8,D,0
31.1477,75.89087,349.88,0.39,0.36,2026-05-23,805,N20,VIIRS,n,2,318.64,14.91,D,0
31.14864,75.82874,347.07,0.39,0.36,2026-05-23,805,N20,VIIRS,l,2,319.11,14.78,D,0
31.14884,75.94437,343.32,0.39,0.36,2026-05-23,805,N20,VIIRS,l,2,315.88,1.98,D,0
31.1565,75.54279,345.33,0.38,0.36,2026-05-23,805,N20,VIIRS,l,2,317.46,10.24,D,0
31.15848,76.73858,340.58,0.4,0.37,2026-05-23,805,N20,VIIRS,n,2,313.22,2.19,D,0
31.16109,76.61232,339.63,0.39,0.36,2026-05-23,805,N20,VIIRS,l,2,314.47,6.17,D,0
31.16627,75.87888,341.96,0.39,0.36,2026-05-23,805,N20,VIIRS,l,2,315.55,1.76,D,0
31.17012,75.6554,367,0.38,0.36,2026-05-23,805,N20,VIIRS,h,2,322.97,17.14,D,0
31.17281,75.65073,353.75,0.38,0.36,2026-05-23,805,N20,VIIRS,n,2,323.03,17.14,D,0
31.184,75.5454,347.12,0.38,0.36,2026-05-23,805,N20,VIIRS,l,2,321.81,17.27,D,0
31.18508,75.66472,348.21,0.38,0.36,2026-05-23,805,N20,VIIRS,l,2,319.87,11.83,D,0
31.1853,76.66223,350.65,0.39,0.36,2026-05-23,805,N20,VIIRS,n,2,315.71,8.68,D,0
31.1862,76.1524,348.15,0.39,0.36,2026-05-23,805,N20,VIIRS,l,2,319.49,8,D,0
31.207,75.62734,347.46,0.38,0.36,2026-05-23,805,N20,VIIRS,l,2,320.35,7.84,D,0
31.20783,76.62843,342.37,0.39,0.36,2026-05-23,805,N20,VIIRS,n,2,312.52,4.67,D,0
31.20958,76.64065,344.6,0.39,0.36,2026-05-23,805,N20,VIIRS,l,2,316.76,7.54,D,0
31.21686,75.62533,346.32,0.38,0.36,2026-05-23,805,N20,VIIRS,l,2,321.27,6.69,D,0
31.21891,75.73201,348.35,0.38,0.36,2026-05-23,805,N20,VIIRS,n,2,316.65,6.71,D,0
31.22046,75.07218,351.04,0.38,0.36,2026-05-23,805,N20,VIIRS,n,2,320.8,30.01,D,0
31.23099,77.18503,344.04,0.4,0.37,2026-05-23,805,N20,VIIRS,n,2,311.53,3.78,D,0
31.23156,77.18913,339.66,0.4,0.37,2026-05-23,805,N20,VIIRS,l,2,311.94,3.47,D,0
31.23556,77.19316,335.91,0.4,0.37,2026-05-23,805,N20,VIIRS,l,2,308.62,2.82,D,0
31.23723,77.18018,337.41,0.4,0.37,2026-05-23,805,N20,VIIRS,l,2,312.04,8.25,D,0
31.23834,77.18822,336.93,0.4,0.37,2026-05-23,805,N20,VIIRS,l,2,310.07,2.82,D,0
31.24117,77.18376,355.24,0.4,0.37,2026-05-23,805,N20,VIIRS,n,2,314.99,8.91,D,0
31.24813,77.23431,345.43,0.41,0.37,2026-05-23,805,N20,VIIRS,n,2,310.66,6.29,D,0
31.25095,77.22967,340.47,0.4,0.37,2026-05-23,805,N20,VIIRS,l,2,310.68,6.29,D,0
31.2534,75.73336,342.34,0.38,0.36,2026-05-23,805,N20,VIIRS,l,2,315.31,4.05,D,0
31.27432,75.87379,352.61,0.39,0.36,2026-05-23,805,N20,VIIRS,n,2,321.37,7.97,D,0
31.30851,76.47905,337.69,0.39,0.36,2026-05-23,805,N20,VIIRS,l,2,311.75,2.34,D,0
31.30965,75.83772,343.42,0.39,0.36,2026-05-23,805,N20,VIIRS,l,2,317.78,7.62,D,0
31.38232,75.3036,346.55,0.38,0.36,2026-05-23,805,N20,VIIRS,n,2,315.62,7.44,D,0
31.42418,74.63293,350.39,0.39,0.36,2026-05-23,805,N20,VIIRS,l,2,324.37,14.26,D,0
31.42751,75.24466,346.2,0.38,0.36,2026-05-23,805,N20,VIIRS,n,2,319.93,5.22,D,0
31.44336,77.38787,340.21,0.41,0.37,2026-05-23,805,N20,VIIRS,n,2,303.78,3.94,D,0
31.4475,75.80611,345.51,0.39,0.36,2026-05-23,805,N20,VIIRS,n,2,311.88,5.12,D,0
31.47408,76.87856,340.85,0.4,0.37,2026-05-23,805,N20,VIIRS,n,2,305.76,3.47,D,0
31.48172,75.78339,336.51,0.39,0.36,2026-05-23,805,N20,VIIRS,l,2,310.82,2.01,D,0
31.52501,75.64203,344.41,0.38,0.36,2026-05-23,805,N20,VIIRS,l,2,316.49,5.12,D,0
31.54344,75.40285,342.66,0.38,0.36,2026-05-23,805,N20,VIIRS,l,2,316.21,6.92,D,0
31.66019,76.26054,351.81,0.39,0.36,2026-05-23,805,N20,VIIRS,n,2,311.31,18.69,D,0
31.6641,76.26401,346.03,0.39,0.36,2026-05-23,805,N20,VIIRS,l,2,316.65,18.69,D,0
31.66624,76.25521,344.48,0.39,0.36,2026-05-23,805,N20,VIIRS,n,2,313.29,4.51,D,0
31.66742,76.26338,340.08,0.39,0.36,2026-05-23,805,N20,VIIRS,l,2,310.18,3.62,D,0
31.66956,76.25459,338.7,0.39,0.36,2026-05-23,805,N20,VIIRS,l,2,309.29,4.51,D,0
31.69769,76.30785,333.83,0.39,0.36,2026-05-23,805,N20,VIIRS,l,2,306.05,3.08,D,0
31.71005,75.4934,338.59,0.38,0.36,2026-05-23,805,N20,VIIRS,l,2,313.18,5.5,D,0
31.71755,74.91958,343.32,0.38,0.36,2026-05-23,805,N20,VIIRS,l,2,315.81,2.23,D,0
31.72083,74.91888,342.06,0.38,0.36,2026-05-23,805,N20,VIIRS,l,2,316.49,2.23,D,0
31.73229,75.23573,344.38,0.38,0.36,2026-05-23,805,N20,VIIRS,l,2,316.61,3.34,D,0
31.80233,75.36213,340.3,0.38,0.36,2026-05-23,805,N20,VIIRS,l,2,314.38,3,D,0
31.83991,75.61175,338.59,0.39,0.36,2026-05-23,805,N20,VIIRS,l,2,312.02,4.21,D,0
31.8432,75.61107,341.41,0.39,0.36,2026-05-23,805,N20,VIIRS,l,2,314.38,12.33,D,0
31.92118,74.58672,341.21,0.39,0.36,2026-05-23,805,N20,VIIRS,l,2,315.9,6,D,0
31.95606,74.78757,341.99,0.38,0.36,2026-05-23,805,N20,VIIRS,l,2,315.17,6.97,D,0
31.98928,76.37874,367,0.39,0.36,2026-05-23,805,N20,VIIRS,h,2,313.3,9.59,D,0
31.99768,74.64114,346.89,0.39,0.36,2026-05-23,805,N20,VIIRS,l,2,318.24,7.96,D,0
32.00471,74.86043,342.83,0.38,0.36,2026-05-23,805,N20,VIIRS,l,2,313.68,4.14,D,0
32.00799,74.85973,341.64,0.38,0.36,2026-05-23,805,N20,VIIRS,l,2,316.16,3.37,D,0
32.0247,76.43548,334.95,0.39,0.36,2026-05-23,805,N20,VIIRS,n,2,305.72,3.24,D,0
32.02802,76.43479,343.32,0.39,0.36,2026-05-23,805,N20,VIIRS,n,2,305,3.24,D,0
32.04202,74.94822,342.62,0.38,0.36,2026-05-23,805,N20,VIIRS,l,2,315.17,8.12,D,0
32.05306,76.66043,341.29,0.4,0.37,2026-05-23,805,N20,VIIRS,n,2,304.47,3.87,D,0
32.09041,76.16081,339.22,0.39,0.36,2026-05-23,805,N20,VIIRS,l,2,313.63,5.31,D,0
32.12042,76.4423,333.97,0.39,0.37,2026-05-23,805,N20,VIIRS,l,2,305.82,1.76,D,0
32.12542,75.91059,344.03,0.39,0.36,2026-05-23,805,N20,VIIRS,n,2,309.43,3.57,D,0
32.4651,75.11056,348.87,0.38,0.36,2026-05-23,805,N20,VIIRS,l,2,321.06,8.61,D,0
32.46838,75.10986,367,0.38,0.36,2026-05-23,805,N20,VIIRS,l,2,327.24,58.94,D,0
32.59162,75.20563,343.05,0.38,0.36,2026-05-23,805,N20,VIIRS,l,2,314.67,3.96,D,0
32.64318,75.64306,333.7,0.39,0.36,2026-05-23,805,N20,VIIRS,l,2,307.6,2.76,D,0
32.64378,75.64712,344.14,0.39,0.36,2026-05-23,805,N20,VIIRS,n,2,307.44,3.6,D,0
32.02516,70.92853,339.84,0.48,0.4,2026-05-23,806,N20,VIIRS,n,2,311.7,3.95,D,0
32.32992,72.3301,335.19,0.42,0.38,2026-05-23,806,N20,VIIRS,l,2,308.75,1.41,D,0
32.36789,72.3023,339.69,0.43,0.38,2026-05-23,806,N20,VIIRS,l,2,313.2,4.45,D,0
32.39968,72.38252,338.16,0.42,0.38,2026-05-23,806,N20,VIIRS,l,2,312.36,4.21,D,0
32.62244,73.75064,345.34,0.39,0.36,2026-05-23,806,N20,VIIRS,l,2,312.69,12.39,D,0
32.63289,71.4534,339.07,0.45,0.39,2026-05-23,806,N20,VIIRS,l,2,312.47,7.14,D,0
32.68908,74.64104,344.21,0.38,0.36,2026-05-23,806,N20,VIIRS,l,2,316.72,14.72,D,0
32.69299,74.64439,351.77,0.38,0.36,2026-05-23,806,N20,VIIRS,l,2,326.37,14.72,D,0
32.75507,74.67289,344.31,0.38,0.36,2026-05-23,806,N20,VIIRS,l,2,317.3,12.58,D,0
32.79085,71.55769,339.22,0.45,0.39,2026-05-23,806,N20,VIIRS,l,2,312.13,9.83,D,0
32.79647,74.65551,349.91,0.38,0.36,2026-05-23,806,N20,VIIRS,l,2,321.54,13.47,D,0
32.97349,75.16841,347.62,0.38,0.36,2026-05-23,806,N20,VIIRS,n,2,310.16,6.98,D,0
33.108,74.1642,344.42,0.39,0.36,2026-05-23,806,N20,VIIRS,n,2,311.72,3.69,D,0
33.10865,74.16831,342.11,0.39,0.36,2026-05-23,806,N20,VIIRS,n,2,310.04,3.69,D,0
33.12707,74.15576,339.78,0.39,0.36,2026-05-23,806,N20,VIIRS,n,2,307.79,4.51,D,0
33.12792,74.46411,335.63,0.38,0.36,2026-05-23,806,N20,VIIRS,l,2,310.62,2.85,D,0
33.13164,74.16325,339.51,0.39,0.36,2026-05-23,806,N20,VIIRS,n,2,309.02,3.74,D,0
33.18452,74.15154,343.99,0.39,0.36,2026-05-23,806,N20,VIIRS,n,2,309.49,3.89,D,0
33.44194,73.67281,335.59,0.39,0.36,2026-05-23,806,N20,VIIRS,l,2,310.01,2.62,D,0
34.92721,73.06862,330.09,0.39,0.36,2026-05-23,806,N20,VIIRS,n,2,293.6,2.4,D,0
30.06799,96.979,298.22,0.55,0.51,2026-05-23,1848,N20,VIIRS,n,2,285.27,1.3,N,2
30.07009,96.97802,299.89,0.54,0.51,2026-05-23,1848,N20,VIIRS,n,2,283.4,1.62,N,2
29.37792,91.15167,299.9,0.43,0.62,2026-05-23,2028,N20,VIIRS,n,2,279.7,1.64,N,2
31.74796,76.50043,303.95,0.47,0.4,2026-05-23,2028,N20,VIIRS,n,2,289.8,0.54,N,0
32.08605,74.16616,308.31,0.41,0.45,2026-05-23,2028,N20,VIIRS,n,2,285.82,1.75,N,2
32.11723,76.4379,301.03,0.47,0.4,2026-05-23,2028,N20,VIIRS,n,2,283.31,1.47,N,0
32.58728,75.20135,305.31,0.55,0.43,2026-05-23,2028,N20,VIIRS,n,2,294.23,1.21,N,0
32.62581,75.41528,306.48,0.54,0.42,2026-05-23,2028,N20,VIIRS,n,2,292.82,0.92,N,0
32.64257,75.58879,316.81,0.53,0.42,2026-05-23,2028,N20,VIIRS,n,2,294.54,2.24,N,0
32.64355,75.64748,303.41,0.52,0.42,2026-05-23,2028,N20,VIIRS,n,2,289.69,0.87,N,0
32.64634,75.5899,326.87,0.53,0.42,2026-05-23,2028,N20,VIIRS,n,2,294.72,3.94,N,0
32.6471,75.5833,307.14,0.53,0.42,2026-05-23,2028,N20,VIIRS,n,2,294.22,1.23,N,0
32.6473,75.6487,303.97,0.52,0.42,2026-05-23,2028,N20,VIIRS,n,2,287.46,0.75,N,0
32.67451,74.59732,338.51,0.39,0.44,2026-05-23,2028,N20,VIIRS,n,2,292.44,3.11,N,0
33.15682,74.63868,308.23,0.4,0.44,2026-05-23,2028,N20,VIIRS,n,2,287.89,1.57,N,0
33.16063,74.64121,313.76,0.4,0.44,2026-05-23,2028,N20,VIIRS,n,2,289.49,2.85,N,0
33.16091,74.63895,313.59,0.4,0.44,2026-05-23,2028,N20,VIIRS,n,2,288.68,1.57,N,0
33.19365,74.6792,304.06,0.4,0.44,2026-05-23,2028,N20,VIIRS,n,2,287.8,1.22,N,0
33.23459,71.51537,300.03,0.6,0.53,2026-05-23,2028,N20,VIIRS,n,2,280.15,1.76,N,2
33.48738,73.82729,326.7,0.44,0.46,2026-05-23,2028,N20,VIIRS,n,2,289.94,2.51,N,0
33.49209,73.82339,309.8,0.44,0.46,2026-05-23,2028,N20,VIIRS,n,2,290.3,2.51,N,0
33.73974,73.56675,303.14,0.46,0.47,2026-05-23,2028,N20,VIIRS,n,2,287.74,0.63,N,0
33.74014,73.56268,304.61,0.46,0.47,2026-05-23,2028,N20,VIIRS,n,2,288.04,0.65,N,0
33.74414,73.56677,303.69,0.46,0.47,2026-05-23,2028,N20,VIIRS,n,2,289.25,0.96,N,0
33.74451,73.563,301.68,0.46,0.47,2026-05-23,2028,N20,VIIRS,n,2,287.85,0.76,N,0
35.13491,73.13123,296.67,0.51,0.49,2026-05-23,2028,N20,VIIRS,n,2,276.3,1.6,N,0
28.12639,82.72354,322.14,0.46,0.39,2026-05-23,2029,N20,VIIRS,n,2,293.53,2.43,N,0
28.13262,82.68948,303.27,0.46,0.39,2026-05-23,2029,N20,VIIRS,n,2,291.17,0.98,N,0
28.27482,77.18327,307.9,0.41,0.37,2026-05-23,2029,N20,VIIRS,n,2,297.12,1.11,N,0
28.29509,77.21268,326.42,0.41,0.37,2026-05-23,2029,N20,VIIRS,n,2,296.64,2.23,N,0
28.35166,81.68347,313.26,0.42,0.37,2026-05-23,2029,N20,VIIRS,n,2,296.46,1.95,N,0
28.39714,82.06886,308.77,0.43,0.38,2026-05-23,2029,N20,VIIRS,n,2,290.44,0.94,N,0
28.39931,82.06778,317.35,0.43,0.38,2026-05-23,2029,N20,VIIRS,n,2,292.14,1.62,N,0
28.40054,82.0699,301.48,0.43,0.38,2026-05-23,2029,N20,VIIRS,n,2,291.24,0.94,N,0
28.40595,82.25008,337.4,0.44,0.38,2026-05-23,2029,N20,VIIRS,n,2,294.42,7.55,N,0
28.50624,82.28158,299.06,0.44,0.38,2026-05-23,2029,N20,VIIRS,n,2,288.65,0.18,N,0
28.56512,82.17389,348.8,0.43,0.38,2026-05-23,2029,N20,VIIRS,n,2,295.05,8.38,N,0
28.56587,82.16962,309.71,0.43,0.38,2026-05-23,2029,N20,VIIRS,n,2,291.59,1.43,N,0
28.56776,82.17918,301.47,0.43,0.38,2026-05-23,2029,N20,VIIRS,n,2,291.23,1.61,N,0
28.56853,82.17487,329.25,0.43,0.38,2026-05-23,2029,N20,VIIRS,n,2,292.85,1.61,N,0
28.56928,82.17065,302.02,0.43,0.38,2026-05-23,2029,N20,VIIRS,n,2,290.86,0.72,N,0
28.57195,82.17583,308.39,0.43,0.38,2026-05-23,2029,N20,VIIRS,n,2,291.15,1.61,N,0
28.57381,82.22598,301.3,0.43,0.38,2026-05-23,2029,N20,VIIRS,n,2,290.93,0.68,N,0
28.63531,82.11214,316.73,0.43,0.38,2026-05-23,2029,N20,VIIRS,n,2,291.43,0.96,N,0
28.6361,82.10773,301.75,0.43,0.38,2026-05-23,2029,N20,VIIRS,n,2,291.28,0.96,N,0
28.63717,82.12172,307,0.43,0.38,2026-05-23,2029,N20,VIIRS,n,2,291.22,0.66,N,0
28.63798,82.11725,301.17,0.43,0.38,2026-05-23,2029,N20,VIIRS,n,2,290.98,0.66,N,0
28.6475,82.12404,301.03,0.43,0.38,2026-05-23,2029,N20,VIIRS,n,2,290.64,0.59,N,0
28.6476,77.561,308.15,0.41,0.37,2026-05-23,2029,N20,VIIRS,n,2,295.8,1.05,N,0
28.64829,82.11964,301.54,0.43,0.38,2026-05-23,2029,N20,VIIRS,n,2,290.72,0.59,N,0
28.78261,81.65888,323.55,0.41,0.37,2026-05-23,2029,N20,VIIRS,n,2,291.96,1.81,N,0
28.78333,81.65471,307.44,0.41,0.37,2026-05-23,2029,N20,VIIRS,n,2,290.91,1.81,N,0
28.84459,82.42652,300.54,0.44,0.38,2026-05-23,2029,N20,VIIRS,n,2,289.42,0.61,N,0
28.96626,81.35682,301.31,0.4,0.37,2026-05-23,2029,N20,VIIRS,n,2,289.37,0.54,N,0
28.98609,81.30235,302.46,0.4,0.37,2026-05-23,2029,N20,VIIRS,n,2,290.63,0.49,N,0
29.01833,81.43845,303.49,0.41,0.37,2026-05-23,2029,N20,VIIRS,n,2,292.08,0.77,N,0
29.06643,80.173,313.77,0.39,0.36,2026-05-23,2029,N20,VIIRS,n,2,298.85,1.91,N,0
29.13952,78.32328,310.18,0.39,0.36,2026-05-23,2029,N20,VIIRS,n,2,296.19,0.82,N,0
29.18159,80.97992,323.89,0.4,0.37,2026-05-23,2029,N20,VIIRS,n,2,292.7,1.5,N,0
29.21682,79.70231,305.36,0.38,0.36,2026-05-23,2029,N20,VIIRS,n,2,294.18,0.55,N,0
29.22693,88.3492,298.9,0.59,0.53,2026-05-23,2029,N20,VIIRS,n,2,281.56,1.6,N,2
29.22727,80.78977,304.36,0.39,0.36,2026-05-23,2029,N20,VIIRS,n,2,290.35,0.75,N,0
29.22795,80.7857,307.17,0.39,0.36,2026-05-23,2029,N20,VIIRS,n,2,289.58,0.75,N,0
29.24021,80.36163,310.42,0.39,0.36,2026-05-23,2029,N20,VIIRS,n,2,289.77,1.44,N,0
29.24085,80.35771,319.84,0.39,0.36,2026-05-23,2029,N20,VIIRS,n,2,289.98,1.45,N,0
29.24682,80.36292,303.68,0.39,0.36,2026-05-23,2029,N20,VIIRS,n,2,289.52,0.49,N,0
29.24983,80.9978,303.72,0.4,0.37,2026-05-23,2029,N20,VIIRS,n,2,292.48,0.86,N,0
29.25049,80.99389,316.18,0.4,0.37,2026-05-23,2029,N20,VIIRS,n,2,293.3,2.14,N,0
29.25052,80.25495,306.57,0.39,0.36,2026-05-23,2029,N20,VIIRS,n,2,291.3,0.53,N,0
29.2518,81.00648,301.51,0.4,0.37,2026-05-23,2029,N20,VIIRS,n,2,291.34,0.68,N,0
29.25513,81.00719,304.22,0.4,0.37,2026-05-23,2029,N20,VIIRS,n,2,291.57,0.66,N,0
29.2742,80.8331,305.32,0.39,0.36,2026-05-23,2029,N20,VIIRS,n,2,293.26,0.76,N,0
29.27752,80.83379,315.81,0.39,0.36,2026-05-23,2029,N20,VIIRS,n,2,293.44,1.13,N,0
29.27806,79.74627,309.71,0.38,0.36,2026-05-23,2029,N20,VIIRS,n,2,291.77,1.2,N,0
29.27868,79.74236,305.44,0.38,0.36,2026-05-23,2029,N20,VIIRS,n,2,291.1,0.94,N,0
29.28081,80.8346,314.08,0.39,0.36,2026-05-23,2029,N20,VIIRS,n,2,293.59,1.13,N,0
29.28195,79.74306,304.06,0.38,0.36,2026-05-23,2029,N20,VIIRS,n,2,291.49,0.94,N,0
29.28257,79.73916,314.22,0.38,0.36,2026-05-23,2029,N20,VIIRS,n,2,291.71,0.94,N,0
29.28461,79.74767,306.76,0.38,0.36,2026-05-23,2029,N20,VIIRS,n,2,291.38,0.51,N,0
29.28478,80.8314,306.27,0.39,0.36,2026-05-23,2029,N20,VIIRS,n,2,293.25,0.56,N,0
29.28709,79.73203,318.35,0.38,0.36,2026-05-23,2029,N20,VIIRS,n,2,291.79,1.34,N,0
29.28923,80.53994,299.4,0.39,0.36,2026-05-23,2029,N20,VIIRS,n,2,287.97,0.41,N,0
29.30486,80.48648,303.51,0.39,0.36,2026-05-23,2029,N20,VIIRS,n,2,291.63,0.44,N,0
29.30734,80.84019,304.36,0.39,0.36,2026-05-23,2029,N20,VIIRS,n,2,293.12,0.56,N,0
29.30801,80.83618,303.42,0.39,0.36,2026-05-23,2029,N20,VIIRS,n,2,292.93,0.56,N,0
29.31726,80.244,303.97,0.39,0.36,2026-05-23,2029,N20,VIIRS,n,2,291.51,0.66,N,0
29.33626,79.46345,310.07,0.38,0.36,2026-05-23,2029,N20,VIIRS,n,2,293.51,1.29,N,0
29.33687,79.45953,306.05,0.38,0.36,2026-05-23,2029,N20,VIIRS,n,2,293.01,1.29,N,0
29.33954,79.46412,321.93,0.38,0.36,2026-05-23,2029,N20,VIIRS,n,2,294.89,1.29,N,0
29.34015,79.4602,323.81,0.38,0.36,2026-05-23,2029,N20,VIIRS,n,2,293.52,1.29,N,0
29.34282,79.46478,320.7,0.38,0.36,2026-05-23,2029,N20,VIIRS,n,2,292.24,1.49,N,0
29.34614,79.81221,301.6,0.38,0.36,2026-05-23,2029,N20,VIIRS,n,2,290.37,0.55,N,0
29.34752,79.8247,311.97,0.38,0.36,2026-05-23,2029,N20,VIIRS,n,2,292.38,0.88,N,0
29.34814,79.82077,306.48,0.38,0.36,2026-05-23,2029,N20,VIIRS,n,2,292.53,1.16,N,0
29.34845,80.92273,298.88,0.39,0.37,2026-05-23,2029,N20,VIIRS,n,2,288.42,0.36,N,0
29.34969,79.93832,306.15,0.38,0.36,2026-05-23,2029,N20,VIIRS,n,2,290.23,1,N,0
29.35332,79.80968,302.38,0.38,0.36,2026-05-23,2029,N20,VIIRS,n,2,290.92,0.56,N,0
29.36922,79.83733,309.4,0.38,0.36,2026-05-23,2029,N20,VIIRS,n,2,291.91,1.09,N,0
29.38544,79.73549,302.65,0.38,0.36,2026-05-23,2029,N20,VIIRS,n,2,289.54,1.15,N,0
29.44521,79.93716,316.3,0.38,0.36,2026-05-23,2029,N20,VIIRS,n,2,291.78,0.7,N,0
29.44587,79.48109,312.47,0.38,0.36,2026-05-23,2029,N20,VIIRS,n,2,290.83,1.12,N,0
29.44849,79.93784,301.47,0.38,0.36,2026-05-23,2029,N20,VIIRS,n,2,291.44,0.7,N,0
29.44912,79.93392,301.57,0.38,0.36,2026-05-23,2029,N20,VIIRS,n,2,291.03,0.7,N,0
29.45153,79.40157,300.47,0.38,0.36,2026-05-23,2029,N20,VIIRS,n,2,289.92,0.5,N,0
29.45481,79.40226,304.71,0.38,0.36,2026-05-23,2029,N20,VIIRS,n,2,290.13,0.44,N,0
29.46361,79.69407,301.88,0.38,0.36,2026-05-23,2029,N20,VIIRS,n,2,289.05,0.9,N,0
29.46423,79.69016,312.3,0.38,0.36,2026-05-23,2029,N20,VIIRS,n,2,287.75,0.71,N,0
29.46751,79.69083,301.24,0.38,0.36,2026-05-23,2029,N20,VIIRS,n,2,286.81,0.71,N,0
29.4729,79.4382,325.23,0.38,0.36,2026-05-23,2029,N20,VIIRS,n,2,292.35,2.58,N,0
29.47558,79.44276,302.47,0.38,0.36,2026-05-23,2029,N20,VIIRS,n,2,291.96,0.72,N,0
29.50734,79.61008,302.01,0.38,0.36,2026-05-23,2029,N20,VIIRS,n,2,291.43,1.01,N,0
29.50857,79.60223,309.27,0.38,0.36,2026-05-23,2029,N20,VIIRS,n,2,291.38,1.1,N,0
29.52511,79.69063,300.21,0.38,0.36,2026-05-23,2029,N20,VIIRS,n,2,289.05,0.92,N,0
29.54342,79.61749,300.01,0.38,0.36,2026-05-23,2029,N20,VIIRS,n,2,289.27,2.41,N,0
29.54732,79.61423,335.4,0.38,0.36,2026-05-23,2029,N20,VIIRS,n,2,292.61,2.41,N,0
29.54967,79.22969,313.88,0.39,0.36,2026-05-23,2029,N20,VIIRS,n,2,294.5,0.99,N,0
29.5506,79.61491,313.19,0.38,0.36,2026-05-23,2029,N20,VIIRS,n,2,290.15,1,N,0
29.55326,79.6195,303.02,0.38,0.36,2026-05-23,2029,N20,VIIRS,n,2,290.95,1,N,0
29.55768,80.85418,298.57,0.39,0.36,2026-05-23,2029,N20,VIIRS,n,2,288.31,0.45,N,0
29.5611,79.19955,314.47,0.39,0.36,2026-05-23,2029,N20,VIIRS,n,2,296.41,1.62,N,0
29.56287,76.88713,343.65,0.43,0.38,2026-05-23,2029,N20,VIIRS,n,2,296.88,7.8,N,0
29.57561,79.4338,304.49,0.38,0.36,2026-05-23,2029,N20,VIIRS,n,2,290.94,1.38,N,0
29.58264,79.19188,304.99,0.39,0.36,2026-05-23,2029,N20,VIIRS,n,2,293.1,0.59,N,0
29.58324,79.18793,302.27,0.39,0.36,2026-05-23,2029,N20,VIIRS,n,2,291.69,0.35,N,0
29.5891,79.23792,309.6,0.39,0.36,2026-05-23,2029,N20,VIIRS,n,2,293.07,0.92,N,0
29.59959,79.41033,310.68,0.38,0.36,2026-05-23,2029,N20,VIIRS,n,2,291.25,0.83,N,0
29.60541,79.80779,299.19,0.38,0.36,2026-05-23,2029,N20,VIIRS,n,2,287.5,0.34,N,0
29.60603,79.80388,297.07,0.38,0.36,2026-05-23,2029,N20,VIIRS,n,2,287.01,0.34,N,0
29.62398,80.13893,307.48,0.39,0.36,2026-05-23,2029,N20,VIIRS,n,2,292.46,1.05,N,0
29.62666,80.14344,307.03,0.39,0.36,2026-05-23,2029,N20,VIIRS,n,2,292.88,1.05,N,0
29.6279,80.13569,310.1,0.39,0.36,2026-05-23,2029,N20,VIIRS,n,2,293.1,1.33,N,0
29.63118,80.13638,304.53,0.39,0.36,2026-05-23,2029,N20,VIIRS,n,2,291.64,0.34,N,0
29.64107,79.92711,310.86,0.38,0.36,2026-05-23,2029,N20,VIIRS,n,2,291.35,1.06,N,0
29.64128,79.27586,301.68,0.39,0.36,2026-05-23,2029,N20,VIIRS,n,2,291.64,0.55,N,0
29.64224,79.24772,306.69,0.39,0.36,2026-05-23,2029,N20,VIIRS,n,2,293.26,0.82,N,0
29.64795,79.3425,300.36,0.38,0.36,2026-05-23,2029,N20,VIIRS,n,2,289.75,0.46,N,0
29.65879,79.31625,307.31,0.38,0.36,2026-05-23,2029,N20,VIIRS,n,2,291.8,0.96,N,0
29.6594,79.31231,312.01,0.38,0.36,2026-05-23,2029,N20,VIIRS,n,2,291.33,0.96,N,0
29.66147,79.21086,311.15,0.39,0.36,2026-05-23,2029,N20,VIIRS,n,2,293.08,0.95,N,0
29.66262,79.42251,319.64,0.38,0.36,2026-05-23,2029,N20,VIIRS,n,2,292.17,1.5,N,0
29.66305,79.46319,302.43,0.38,0.36,2026-05-23,2029,N20,VIIRS,n,2,288.7,1.31,N,0
29.66367,79.45925,300.56,0.38,0.36,2026-05-23,2029,N20,VIIRS,n,2,289.66,1.31,N,0
29.66439,79.34571,318.9,0.38,0.36,2026-05-23,2029,N20,VIIRS,n,2,292,1.81,N,0
29.66634,79.46384,305.92,0.38,0.36,2026-05-23,2029,N20,VIIRS,n,2,291.61,1.31,N,0
29.66695,79.45989,339.26,0.38,0.36,2026-05-23,2029,N20,VIIRS,n,2,294.29,1.31,N,0
29.66962,79.46449,338.19,0.38,0.36,2026-05-23,2029,N20,VIIRS,n,2,294.37,2.7,N,0
29.67024,79.46055,323.25,0.38,0.36,2026-05-23,2029,N20,VIIRS,n,2,292.77,2.7,N,0
29.67291,79.46514,319.12,0.38,0.36,2026-05-23,2029,N20,VIIRS,n,2,291.99,2.7,N,0
29.67677,79.39693,304.83,0.38,0.36,2026-05-23,2029,N20,VIIRS,n,2,291.82,0.75,N,0
29.67738,79.39297,320.47,0.38,0.36,2026-05-23,2029,N20,VIIRS,n,2,291.71,1.85,N,0
29.68341,79.28851,303.03,0.39,0.36,2026-05-23,2029,N20,VIIRS,n,2,291.77,0.46,N,0
29.68808,80.22565,303.89,0.39,0.36,2026-05-23,2029,N20,VIIRS,n,2,290.22,0.5,N,0
29.6885,79.71397,306.86,0.38,0.36,2026-05-23,2029,N20,VIIRS,n,2,290.96,0.87,N,0
29.68912,79.71004,302.25,0.38,0.36,2026-05-23,2029,N20,VIIRS,n,2,289.72,0.78,N,0
29.69177,79.71464,318.25,0.38,0.36,2026-05-23,2029,N20,VIIRS,n,2,290.6,1.82,N,0
29.69816,80.03636,299.01,0.38,0.36,2026-05-23,2029,N20,VIIRS,n,2,288.88,0.41,N,0
29.70145,80.03702,299.04,0.38,0.36,2026-05-23,2029,N20,VIIRS,n,2,287.82,0.36,N,0
29.70786,80.27398,308.87,0.39,0.36,2026-05-23,2029,N20,VIIRS,n,2,290.26,0.69,N,0
29.70851,80.26999,301.78,0.39,0.36,2026-05-23,2029,N20,VIIRS,n,2,289.84,0.69,N,0
29.71525,79.78033,321.62,0.38,0.36,2026-05-23,2029,N20,VIIRS,n,2,291.96,1.35,N,0
29.71587,79.7764,301.73,0.38,0.36,2026-05-23,2029,N20,VIIRS,n,2,290.76,1.35,N,0
29.7178,79.1534,309.72,0.39,0.36,2026-05-23,2029,N20,VIIRS,n,2,291.29,0.54,N,0
29.73309,79.27422,307.37,0.39,0.36,2026-05-23,2029,N20,VIIRS,n,2,292.28,0.79,N,0
29.73483,80.02308,298.17,0.38,0.36,2026-05-23,2029,N20,VIIRS,n,2,287.47,0.4,N,0
29.74086,79.78971,311.89,0.38,0.36,2026-05-23,2029,N20,VIIRS,n,2,290.32,0.74,N,0
29.74148,79.78579,330.8,0.38,0.36,2026-05-23,2029,N20,VIIRS,n,2,292.31,1.96,N,0
29.7421,79.78185,305.2,0.38,0.36,2026-05-23,2029,N20,VIIRS,n,2,290.94,1.96,N,0
29.74413,79.79038,300.42,0.38,0.36,2026-05-23,2029,N20,VIIRS,n,2,289.56,0.74,N,0
29.75355,79.29711,313.78,0.39,0.36,2026-05-23,2029,N20,VIIRS,n,2,291.34,0.91,N,0
29.75583,79.93414,318.24,0.38,0.36,2026-05-23,2029,N20,VIIRS,n,2,289.72,1.38,N,0
29.75723,79.44825,304.65,0.38,0.36,2026-05-23,2029,N20,VIIRS,n,2,290.58,0.51,N,0
29.75974,79.93088,300.85,0.38,0.36,2026-05-23,2029,N20,VIIRS,n,2,287.71,0.26,N,0
29.76081,79.74923,299.88,0.38,0.36,2026-05-23,2029,N20,VIIRS,n,2,289.73,0.49,N,0
29.7655,79.76237,299.22,0.38,0.36,2026-05-23,2029,N20,VIIRS,n,2,288.75,0.58,N,0
29.76751,78.73672,307.48,0.39,0.36,2026-05-23,2029,N20,VIIRS,n,2,295.12,0.89,N,0
29.76839,79.22257,303.16,0.39,0.36,2026-05-23,2029,N20,VIIRS,n,2,291.8,0.74,N,0
29.77042,80.18118,307.69,0.39,0.36,2026-05-23,2029,N20,VIIRS,n,2,290.08,1.01,N,0
29.77371,80.18186,317.08,0.39,0.36,2026-05-23,2029,N20,VIIRS,n,2,290.5,1.23,N,0
29.77477,80.02753,300.87,0.38,0.36,2026-05-23,2029,N20,VIIRS,n,2,289.98,0.32,N,0
29.77531,79.48441,305.14,0.38,0.36,2026-05-23,2029,N20,VIIRS,n,2,290.68,0.7,N,0
29.77746,79.16371,303.69,0.39,0.36,2026-05-23,2029,N20,VIIRS,n,2,291.44,0.75,N,0
29.77827,79.22449,304.45,0.39,0.36,2026-05-23,2029,N20,VIIRS,n,2,290.71,0.73,N,0
29.78426,78.9631,300.3,0.39,0.36,2026-05-23,2029,N20,VIIRS,n,2,289.59,0.33,N,0
29.78496,79.13692,299.99,0.39,0.36,2026-05-23,2029,N20,VIIRS,n,2,289.65,0.6,N,0
29.80547,79.00235,327.85,0.39,0.36,2026-05-23,2029,N20,VIIRS,n,2,291.42,2.36,N,0
29.80609,78.99831,325,0.39,0.36,2026-05-23,2029,N20,VIIRS,n,2,291.71,2.36,N,0
29.80702,78.96968,303.6,0.39,0.36,2026-05-23,2029,N20,VIIRS,n,2,290.83,0.89,N,0
29.80703,80.16466,301.91,0.39,0.36,2026-05-23,2029,N20,VIIRS,n,2,290.53,0.28,N,0
29.80769,80.05487,302.06,0.38,0.36,2026-05-23,2029,N20,VIIRS,n,2,291.07,0.5,N,0
29.81222,78.50603,313.02,0.39,0.36,2026-05-23,2029,N20,VIIRS,n,2,297.75,2.15,N,0
29.81858,79.09453,301.56,0.39,0.36,2026-05-23,2029,N20,VIIRS,n,2,290.19,0.72,N,0
29.81905,80.08986,321.26,0.38,0.36,2026-05-23,2029,N20,VIIRS,n,2,291.94,1.63,N,0
29.81917,80.11023,305.47,0.38,0.36,2026-05-23,2029,N20,VIIRS,n,2,290.96,0.79,N,0
29.81968,80.08591,313.98,0.38,0.36,2026-05-23,2029,N20,VIIRS,n,2,292.04,1.46,N,0
29.82233,80.09052,309.65,0.38,0.36,2026-05-23,2029,N20,VIIRS,n,2,291.71,1,N,0
29.82306,80.00111,304.94,0.38,0.36,2026-05-23,2029,N20,VIIRS,n,2,291.24,0.97,N,0
29.82516,79.68893,299.91,0.38,0.36,2026-05-23,2029,N20,VIIRS,n,2,288.31,0.32,N,0
29.83373,79.84898,299.17,0.38,0.36,2026-05-23,2029,N20,VIIRS,n,2,289.06,0.41,N,0
29.83403,78.58903,302.25,0.39,0.36,2026-05-23,2029,N20,VIIRS,n,2,291.8,0.25,N,0
29.8352,79.00773,302.94,0.39,0.36,2026-05-23,2029,N20,VIIRS,n,2,290.43,0.27,N,0
29.83577,78.64134,310.91,0.39,0.36,2026-05-23,2029,N20,VIIRS,n,2,294.43,1.01,N,0
29.84233,78.59704,307.29,0.39,0.36,2026-05-23,2029,N20,VIIRS,n,2,294.48,0.84,N,0
29.84292,78.59305,310.04,0.39,0.36,2026-05-23,2029,N20,VIIRS,n,2,294.61,0.84,N,0
29.843,78.5747,314.39,0.39,0.36,2026-05-23,2029,N20,VIIRS,n,2,295.75,1.21,N,0
29.84464,79.07946,305.48,0.39,0.36,2026-05-23,2029,N20,VIIRS,n,2,289.8,0.71,N,0
29.84523,79.07555,331.9,0.39,0.36,2026-05-23,2029,N20,VIIRS,n,2,296.71,9.1,N,0
29.84792,79.08015,304.49,0.39,0.36,2026-05-23,2029,N20,VIIRS,n,2,289.69,0.71,N,0
29.84852,79.07622,303.28,0.39,0.36,2026-05-23,2029,N20,VIIRS,n,2,289.47,9.1,N,0
29.84877,79.09676,313.05,0.39,0.36,2026-05-23,2029,N20,VIIRS,n,2,288.8,1.8,N,0
29.85097,79.28356,303.81,0.39,0.36,2026-05-23,2029,N20,VIIRS,n,2,291.21,1.25,N,0
29.85267,79.09345,299.83,0.39,0.36,2026-05-23,2029,N20,VIIRS,n,2,288.26,1.67,N,0
29.85328,79.08949,328.19,0.39,0.36,2026-05-23,2029,N20,VIIRS,n,2,290.5,1.67,N,0
29.85362,79.39832,301.23,0.38,0.36,2026-05-23,2029,N20,VIIRS,n,2,290.94,0.59,N,0
29.85388,80.12872,310.18,0.38,0.36,2026-05-23,2029,N20,VIIRS,n,2,292.48,1.22,N,0
29.85618,78.59576,319.67,0.39,0.36,2026-05-23,2029,N20,VIIRS,n,2,295.07,1.68,N,0
29.85629,79.40302,299.87,0.38,0.36,2026-05-23,2029,N20,VIIRS,n,2,289.7,0.3,N,0
29.85716,80.12937,316.17,0.38,0.36,2026-05-23,2029,N20,VIIRS,n,2,291.56,1.39,N,0
29.85781,78.6996,305.49,0.39,0.36,2026-05-23,2029,N20,VIIRS,n,2,293.22,0.89,N,0
29.85951,78.59639,322.65,0.39,0.36,2026-05-23,2029,N20,VIIRS,n,2,293.97,1.68,N,0
29.86178,79.25757,310.06,0.39,0.36,2026-05-23,2029,N20,VIIRS,n,2,290.95,1.15,N,0
29.86269,79.44896,304.09,0.38,0.36,2026-05-23,2029,N20,VIIRS,n,2,290.76,0.72,N,0
29.86453,79.69701,301.65,0.38,0.36,2026-05-23,2029,N20,VIIRS,n,2,290.89,0.75,N,0
29.86514,79.69308,310.85,0.38,0.36,2026-05-23,2029,N20,VIIRS,n,2,290.95,0.75,N,0
29.86781,79.69769,304.93,0.38,0.36,2026-05-23,2029,N20,VIIRS,n,2,290.83,0.75,N,0
29.86927,79.45023,308.29,0.38,0.36,2026-05-23,2029,N20,VIIRS,n,2,291.49,0.71,N,0
29.86994,79.79157,301.32,0.38,0.36,2026-05-23,2029,N20,VIIRS,n,2,290.55,0.58,N,0
29.87109,79.69836,319.06,0.38,0.36,2026-05-23,2029,N20,VIIRS,n,2,291.09,1.52,N,0
29.87194,79.45481,302.94,0.38,0.36,2026-05-23,2029,N20,VIIRS,n,2,291.26,0.71,N,0
29.87248,79.12122,309.2,0.39,0.36,2026-05-23,2029,N20,VIIRS,n,2,289.11,0.49,N,0
29.87255,79.45087,308.65,0.38,0.36,2026-05-23,2029,N20,VIIRS,n,2,291.24,0.71,N,0
29.87538,79.90952,303.5,0.38,0.36,2026-05-23,2029,N20,VIIRS,n,2,290.34,0.57,N,0
29.87578,79.12187,299.89,0.39,0.36,2026-05-23,2029,N20,VIIRS,n,2,286.66,0.49,N,0
29.8772,80.34171,303.16,0.39,0.36,2026-05-23,2029,N20,VIIRS,n,2,290.11,0.95,N,0
29.87783,80.33783,314.18,0.39,0.36,2026-05-23,2029,N20,VIIRS,n,2,290.14,0.95,N,0
29.87866,79.9102,311.29,0.38,0.36,2026-05-23,2029,N20,VIIRS,n,2,290.3,1.03,N,0
29.88162,78.79095,322.77,0.39,0.36,2026-05-23,2029,N20,VIIRS,n,2,292.48,1.58,N,0
29.88296,79.11919,319.87,0.39,0.36,2026-05-23,2029,N20,VIIRS,n,2,288.13,2.13,N,0
29.88357,79.11523,307.96,0.39,0.36,2026-05-23,2029,N20,VIIRS,n,2,284.68,0.46,N,0
29.88519,78.72177,305.25,0.39,0.36,2026-05-23,2029,N20,VIIRS,n,2,291.42,0.5,N,0
29.88852,78.72234,304.4,0.39,0.36,2026-05-23,2029,N20,VIIRS,n,2,293,0.5,N,0
29.88897,80.33199,312.21,0.39,0.36,2026-05-23,2029,N20,VIIRS,n,2,290.13,1.38,N,0
29.89171,79.74223,314.06,0.38,0.36,2026-05-23,2029,N20,VIIRS,n,2,290.75,0.82,N,0
29.89196,79.10474,313.36,0.39,0.36,2026-05-23,2029,N20,VIIRS,n,2,289.34,1.52,N,0
29.89223,79.80329,307.44,0.38,0.36,2026-05-23,2029,N20,VIIRS,n,2,290.55,0.73,N,0
29.89234,79.7383,300.29,0.38,0.36,2026-05-23,2029,N20,VIIRS,n,2,289.96,0.82,N,0
29.89256,79.10077,313.91,0.39,0.36,2026-05-23,2029,N20,VIIRS,n,2,289.85,1.78,N,0
29.8937,79.2924,301.79,0.39,0.36,2026-05-23,2029,N20,VIIRS,n,2,291.41,0.69,N,0
29.89438,79.08886,299.42,0.39,0.36,2026-05-23,2029,N20,VIIRS,n,2,289.2,0.81,N,0
29.89586,79.10143,303.16,0.39,0.36,2026-05-23,2029,N20,VIIRS,n,2,289.57,0.65,N,0
29.89587,79.69434,308.12,0.38,0.36,2026-05-23,2029,N20,VIIRS,n,2,290.86,0.85,N,0
29.89649,79.69041,302.59,0.38,0.36,2026-05-23,2029,N20,VIIRS,n,2,289.64,0.85,N,0
29.89854,79.37074,314.06,0.38,0.36,2026-05-23,2029,N20,VIIRS,n,2,292.67,1.21,N,0
29.9,79.3832,313.8,0.38,0.36,2026-05-23,2029,N20,VIIRS,n,2,292.62,1.64,N,0
29.90182,79.37147,304.83,0.38,0.36,2026-05-23,2029,N20,VIIRS,n,2,291.85,0.86,N,0
29.9026,79.32256,307.29,0.39,0.36,2026-05-23,2029,N20,VIIRS,n,2,292.91,1.4,N,0
29.90389,79.38,316.01,0.38,0.36,2026-05-23,2029,N20,VIIRS,n,2,292.25,1.23,N,0
29.90428,79.83424,300.17,0.38,0.36,2026-05-23,2029,N20,VIIRS,n,2,289.64,1.06,N,0
29.90449,79.3761,312.84,0.38,0.36,2026-05-23,2029,N20,VIIRS,n,2,291.58,1.23,N,0
29.90457,79.7896,302.56,0.38,0.36,2026-05-23,2029,N20,VIIRS,n,2,290.38,0.47,N,0
29.90533,78.65569,337.33,0.39,0.36,2026-05-23,2029,N20,VIIRS,n,2,296.73,3.62,N,0
29.90552,79.82638,309.15,0.38,0.36,2026-05-23,2029,N20,VIIRS,n,2,290.34,0.99,N,0
29.90555,79.03751,301.6,0.39,0.36,2026-05-23,2029,N20,VIIRS,n,2,289.31,0.63,N,0
29.90594,78.6516,306.86,0.39,0.36,2026-05-23,2029,N20,VIIRS,n,2,293.37,1.36,N,0
29.90863,78.65643,317.46,0.39,0.36,2026-05-23,2029,N20,VIIRS,n,2,294.86,2.16,N,0
29.90924,78.65235,307.39,0.39,0.36,2026-05-23,2029,N20,VIIRS,n,2,292.92,0.76,N,0
29.90924,79.58741,302.56,0.38,0.36,2026-05-23,2029,N20,VIIRS,n,2,289.95,0.55,N,0
29.90946,78.94454,302.52,0.39,0.36,2026-05-23,2029,N20,VIIRS,n,2,290.51,0.81,N,0
29.90955,79.75813,318.4,0.38,0.36,2026-05-23,2029,N20,VIIRS,n,2,289.15,1.71,N,0
29.90986,79.58348,303.58,0.38,0.36,2026-05-23,2029,N20,VIIRS,n,2,289.94,1.02,N,0
29.91289,78.67359,313.85,0.39,0.36,2026-05-23,2029,N20,VIIRS,n,2,292.7,0.95,N,0
29.91315,79.58416,320.96,0.38,0.36,2026-05-23,2029,N20,VIIRS,n,2,291.15,1.02,N,0
29.91369,79.31668,308.13,0.39,0.36,2026-05-23,2029,N20,VIIRS,n,2,292.65,0.87,N,0
29.91376,79.58024,301.39,0.38,0.36,2026-05-23,2029,N20,VIIRS,n,2,289.51,1.02,N,0
29.91521,79.45972,301.02,0.38,0.36,2026-05-23,2029,N20,VIIRS,n,2,290.95,0.68,N,0
29.91617,78.62882,312.11,0.39,0.36,2026-05-23,2029,N20,VIIRS,n,2,294.2,1.11,N,0
29.91643,79.58485,304.08,0.38,0.36,2026-05-23,2029,N20,VIIRS,n,2,289.85,0.72,N,0
29.91646,79.45176,301.24,0.38,0.36,2026-05-23,2029,N20,VIIRS,n,2,290.61,0.59,N,0
29.9166,79.67019,302.4,0.38,0.36,2026-05-23,2029,N20,VIIRS,n,2,290.25,0.75,N,0
29.91873,79.41544,307.06,0.38,0.36,2026-05-23,2029,N20,VIIRS,n,2,290.76,0.8,N,0
29.91974,79.45243,301.89,0.38,0.36,2026-05-23,2029,N20,VIIRS,n,2,291.67,0.59,N,0
29.92114,79.59794,303.23,0.38,0.36,2026-05-23,2029,N20,VIIRS,n,2,288.65,0.4,N,0
29.92177,79.89481,303.65,0.38,0.36,2026-05-23,2029,N20,VIIRS,n,2,289.8,0.51,N,0
29.92336,79.69195,308.29,0.38,0.36,2026-05-23,2029,N20,VIIRS,n,2,289.19,0.87,N,0
29.9238,79.90337,314.02,0.38,0.36,2026-05-23,2029,N20,VIIRS,n,2,289.4,0.9,N,0
29.92443,79.89944,303.77,0.38,0.36,2026-05-23,2029,N20,VIIRS,n,2,289.39,0.9,N,0
29.92505,79.89551,300.61,0.38,0.36,2026-05-23,2029,N20,VIIRS,n,2,289.89,0.51,N,0
29.92708,79.90407,300.39,0.38,0.36,2026-05-23,2029,N20,VIIRS,n,2,288.96,0.74,N,0
29.92757,79.44579,307.75,0.38,0.36,2026-05-23,2029,N20,VIIRS,n,2,290.81,1.19,N,0
29.92771,79.90013,312.94,0.38,0.36,2026-05-23,2029,N20,VIIRS,n,2,289.92,0.74,N,0
29.92826,78.68483,302.3,0.39,0.36,2026-05-23,2029,N20,VIIRS,n,2,290.96,0.15,N,0
29.9356,79.74323,310.89,0.38,0.36,2026-05-23,2029,N20,VIIRS,n,2,290.87,0.88,N,0
29.93622,79.73929,306.94,0.38,0.36,2026-05-23,2029,N20,VIIRS,n,2,290.19,0.88,N,0
29.93888,79.74391,312.41,0.38,0.36,2026-05-23,2029,N20,VIIRS,n,2,289.51,1.13,N,0
29.93911,79.84963,301.23,0.38,0.36,2026-05-23,2029,N20,VIIRS,n,2,288.89,0.45,N,0
29.93972,79.8457,299.39,0.38,0.36,2026-05-23,2029,N20,VIIRS,n,2,288.56,0.45,N,0
29.94012,79.73604,319.53,0.38,0.36,2026-05-23,2029,N20,VIIRS,n,2,290.86,1.22,N,0
29.94238,79.8503,309.78,0.38,0.36,2026-05-23,2029,N20,VIIRS,n,2,290.02,1.14,N,0
29.943,79.84637,314.31,0.38,0.36,2026-05-23,2029,N20,VIIRS,n,2,289.29,1.14,N,0
29.9434,79.73672,309.55,0.38,0.36,2026-05-23,2029,N20,VIIRS,n,2,290.65,1.22,N,0
29.9492,79.06319,317.64,0.39,0.36,2026-05-23,2029,N20,VIIRS,n,2,289.63,1.46,N,0
29.94981,79.05918,317.62,0.39,0.36,2026-05-23,2029,N20,VIIRS,n,2,289.73,1.46,N,0
29.95118,78.43958,306.37,0.39,0.37,2026-05-23,2029,N20,VIIRS,n,2,293.35,0.83,N,0
29.95226,79.70197,299.08,0.38,0.36,2026-05-23,2029,N20,VIIRS,n,2,288,0.46,N,0
29.95898,79.2885,304.7,0.39,0.36,2026-05-23,2029,N20,VIIRS,n,2,289.52,0.64,N,0
29.96227,79.28914,315.73,0.39,0.36,2026-05-23,2029,N20,VIIRS,n,2,291.6,1.48,N,0
29.96287,79.28518,309.49,0.39,0.36,2026-05-23,2029,N20,VIIRS,n,2,290.14,1.18,N,0
29.97112,79.68966,301.44,0.38,0.36,2026-05-23,2029,N20,VIIRS,n,2,288.47,0.55,N,0
29.97174,79.68573,305.19,0.38,0.36,2026-05-23,2029,N20,VIIRS,n,2,288.65,1.2,N,0
29.98236,79.26863,301.37,0.39,0.36,2026-05-23,2029,N20,VIIRS,n,2,287.94,0.38,N,0
29.98296,79.2647,303.31,0.39,0.36,2026-05-23,2029,N20,VIIRS,n,2,287.66,0.67,N,0
29.98625,79.26536,304.86,0.39,0.36,2026-05-23,2029,N20,VIIRS,n,2,288.25,0.56,N,0
29.99108,79.23407,297.69,0.39,0.36,2026-05-23,2029,N20,VIIRS,n,2,286.72,0.29,N,0
29.99329,79.48292,298.59,0.38,0.36,2026-05-23,2029,N20,VIIRS,n,2,287.16,0.4,N,0
29.99495,79.95009,302.07,0.38,0.36,2026-05-23,2029,N20,VIIRS,n,2,288.91,0.51,N,0
29.99535,79.49144,303.99,0.38,0.36,2026-05-23,2029,N20,VIIRS,n,2,287.55,0.46,N,0
29.99924,79.4882,298.45,0.38,0.36,2026-05-23,2029,N20,VIIRS,n,2,287.03,0.25,N,0
30.01525,78.73902,309.18,0.39,0.36,2026-05-23,2029,N20,VIIRS,n,2,290.63,0.87,N,0
30.06138,78.79203,302.03,0.39,0.36,2026-05-23,2029,N20,VIIRS,n,2,291.66,1.05,N,0
30.0637,78.95768,299.86,0.39,0.36,2026-05-23,2029,N20,VIIRS,n,2,288.85,0.52,N,0
30.0643,78.9537,301.42,0.39,0.36,2026-05-23,2029,N20,VIIRS,n,2,289.87,0.57,N,0
30.06469,78.79269,333.85,0.39,0.36,2026-05-23,2029,N20,VIIRS,n,2,295.97,3.02,N,0
30.0653,78.7886,301.46,0.39,0.36,2026-05-23,2029,N20,VIIRS,n,2,290.35,2.02,N,0
30.06679,78.80146,301.79,0.39,0.36,2026-05-23,2029,N20,VIIRS,n,2,290.9,1.04,N,0
30.0674,78.79739,319.07,0.39,0.36,2026-05-23,2029,N20,VIIRS,n,2,291.7,3.02,N,0
30.06761,78.95432,303.97,0.39,0.36,2026-05-23,2029,N20,VIIRS,n,2,289.8,1.06,N,0
30.06801,78.7933,326.91,0.39,0.36,2026-05-23,2029,N20,VIIRS,n,2,291.5,3.02,N,0
30.06988,78.87155,306.76,0.39,0.36,2026-05-23,2029,N20,VIIRS,n,2,294.34,1.21,N,0
30.07032,78.95886,300.8,0.39,0.36,2026-05-23,2029,N20,VIIRS,n,2,289.68,0.5,N,0
30.07071,78.798,323.7,0.39,0.36,2026-05-23,2029,N20,VIIRS,n,2,290.39,1.31,N,0
30.07106,78.86372,318.86,0.39,0.36,2026-05-23,2029,N20,VIIRS,n,2,293.79,1.83,N,0
30.07253,78.78586,316.01,0.39,0.36,2026-05-23,2029,N20,VIIRS,n,2,289.63,3.14,N,0
30.07318,78.87225,304.32,0.39,0.36,2026-05-23,2029,N20,VIIRS,n,2,293.7,0.81,N,0
30.07516,78.74551,317.03,0.39,0.36,2026-05-23,2029,N20,VIIRS,n,2,291.78,1.49,N,0
30.07575,78.74158,305.49,0.39,0.36,2026-05-23,2029,N20,VIIRS,n,2,288.86,0.76,N,0
30.07584,78.78654,343.27,0.39,0.36,2026-05-23,2029,N20,VIIRS,n,2,293.77,3.14,N,0
30.09088,78.86784,310.87,0.39,0.36,2026-05-23,2029,N20,VIIRS,n,2,291.66,0.67,N,0
30.09147,78.86392,301.62,0.39,0.36,2026-05-23,2029,N20,VIIRS,n,2,290.74,0.67,N,0
30.09419,78.86846,301.87,0.39,0.36,2026-05-23,2029,N20,VIIRS,n,2,291.57,0.46,N,0
30.09986,78.85339,324.48,0.39,0.36,2026-05-23,2029,N20,VIIRS,n,2,291.06,2.16,N,0
30.10013,78.73814,307.69,0.39,0.36,2026-05-23,2029,N20,VIIRS,n,2,289.48,1.26,N,0
30.10082,78.8697,302.54,0.39,0.36,2026-05-23,2029,N20,VIIRS,n,2,292.1,1.23,N,0
30.10141,78.86578,316.98,0.39,0.36,2026-05-23,2029,N20,VIIRS,n,2,292.29,1.23,N,0
30.102,78.86185,329.82,0.39,0.36,2026-05-23,2029,N20,VIIRS,n,2,293.28,2.59,N,0
30.10259,78.85793,342.87,0.39,0.36,2026-05-23,2029,N20,VIIRS,n,2,293.6,2.59,N,0
30.10284,78.74284,305.4,0.39,0.36,2026-05-23,2029,N20,VIIRS,n,2,289,0.9,N,0
30.10317,78.85403,304.69,0.39,0.36,2026-05-23,2029,N20,VIIRS,n,2,290.18,0.92,N,0
30.10346,78.7387,318.59,0.39,0.36,2026-05-23,2029,N20,VIIRS,n,2,291.16,1.26,N,0
30.10434,78.93649,301.57,0.39,0.36,2026-05-23,2029,N20,VIIRS,n,2,290.87,0.55,N,0
30.10472,78.86639,316.9,0.39,0.36,2026-05-23,2029,N20,VIIRS,n,2,292.19,1.23,N,0
30.10532,78.86243,301.26,0.39,0.36,2026-05-23,2029,N20,VIIRS,n,2,291.09,2.59,N,0
30.11431,78.84795,312.52,0.39,0.36,2026-05-23,2029,N20,VIIRS,n,2,291.81,1.53,N,0
30.11608,78.83617,301.64,0.39,0.36,2026-05-23,2029,N20,VIIRS,n,2,290.42,0.53,N,0
30.11763,78.84854,301.36,0.39,0.36,2026-05-23,2029,N20,VIIRS,n,2,291.27,0.6,N,0
30.11798,78.7328,314.71,0.39,0.36,2026-05-23,2029,N20,VIIRS,n,2,290.51,0.99,N,0
30.1199,79.43465,309.99,0.38,0.36,2026-05-23,2029,N20,VIIRS,n,2,289.3,1.1,N,0
30.12053,79.43063,300.63,0.38,0.36,2026-05-23,2029,N20,VIIRS,n,2,289.63,2.97,N,0
30.12115,79.42664,339.81,0.38,0.36,2026-05-23,2029,N20,VIIRS,n,2,291.8,2.97,N,0
30.12317,79.43539,312.35,0.38,0.36,2026-05-23,2029,N20,VIIRS,n,2,288.74,1.25,N,0
30.12379,79.43138,330.04,0.38,0.36,2026-05-23,2029,N20,VIIRS,n,2,291.89,2.27,N,0
30.12442,79.42738,316.61,0.38,0.36,2026-05-23,2029,N20,VIIRS,n,2,289.13,2.27,N,0
30.13528,79.40104,305.42,0.39,0.36,2026-05-23,2029,N20,VIIRS,n,2,288.86,0.68,N,0
30.13735,79.40958,306.53,0.39,0.36,2026-05-23,2029,N20,VIIRS,n,2,289.08,1.24,N,0
30.14037,78.62874,304.07,0.39,0.36,2026-05-23,2029,N20,VIIRS,n,2,292.88,0.78,N,0
30.14063,79.41026,301.37,0.39,0.36,2026-05-23,2029,N20,VIIRS,n,2,289.6,0.49,N,0
30.14124,79.40634,300.24,0.39,0.36,2026-05-23,2029,N20,VIIRS,n,2,288.65,0.49,N,0
30.14372,78.62921,320.37,0.39,0.36,2026-05-23,2029,N20,VIIRS,n,2,293.31,1.01,N,0
30.14435,78.62506,316.13,0.39,0.36,2026-05-23,2029,N20,VIIRS,n,2,294.53,1.01,N,0
30.14706,78.62978,306.48,0.39,0.36,2026-05-23,2029,N20,VIIRS,n,2,294.15,1.01,N,0
30.14768,78.62565,304.05,0.39,0.36,2026-05-23,2029,N20,VIIRS,n,2,293.49,1.01,N,0
30.1488,76.46199,306.96,0.45,0.39,2026-05-23,2029,N20,VIIRS,n,2,293.99,0.7,N,0
30.1886,78.73685,332.46,0.39,0.36,2026-05-23,2029,N20,VIIRS,n,2,295.44,2.13,N,0
30.19131,78.7416,305.43,0.39,0.36,2026-05-23,2029,N20,VIIRS,n,2,292.69,0.82,N,0
30.19192,78.73746,306.95,0.39,0.36,2026-05-23,2029,N20,VIIRS,n,2,291.96,2.13,N,0
30.19309,78.82102,311.19,0.39,0.36,2026-05-23,2029,N20,VIIRS,n,2,292.71,1,N,0
30.203,78.52418,312.49,0.39,0.37,2026-05-23,2029,N20,VIIRS,n,2,290.86,1.21,N,0
30.20633,78.52484,301.16,0.39,0.37,2026-05-23,2029,N20,VIIRS,n,2,289.67,0.23,N,0
30.2395,78.84911,303.29,0.39,0.36,2026-05-23,2029,N20,VIIRS,n,2,292.49,1.13,N,0
30.24221,78.85379,317.97,0.39,0.36,2026-05-23,2029,N20,VIIRS,n,2,293.88,1.13,N,0
30.25538,77.91402,311.13,0.41,0.37,2026-05-23,2029,N20,VIIRS,n,2,298.09,2.48,N,0
30.25687,78.96083,306.91,0.39,0.36,2026-05-23,2029,N20,VIIRS,n,2,291.23,0.74,N,0
30.26167,78.7921,302.19,0.39,0.36,2026-05-23,2029,N20,VIIRS,n,2,291.24,0.38,N,0
30.2639,79.4291,299.38,0.39,0.36,2026-05-23,2029,N20,VIIRS,n,2,287.35,0.6,N,0
30.29925,78.26537,316.44,0.4,0.37,2026-05-23,2029,N20,VIIRS,n,2,292.09,0.8,N,0
30.30114,78.29954,311.07,0.4,0.37,2026-05-23,2029,N20,VIIRS,n,2,292.25,1.03,N,0
30.3026,78.26601,302.52,0.4,0.37,2026-05-23,2029,N20,VIIRS,n,2,291.28,0.8,N,0
30.30447,78.30029,309.15,0.4,0.37,2026-05-23,2029,N20,VIIRS,n,2,290.49,1.03,N,0
30.30594,78.26668,308.93,0.4,0.37,2026-05-23,2029,N20,VIIRS,n,2,291.54,0.98,N,0
30.30929,78.26735,310.15,0.4,0.37,2026-05-23,2029,N20,VIIRS,n,2,291.35,0.98,N,0
30.30991,78.26308,315.51,0.4,0.37,2026-05-23,2029,N20,VIIRS,n,2,291.15,0.98,N,0
30.31041,78.64777,307.76,0.39,0.36,2026-05-23,2029,N20,VIIRS,n,2,291.77,0.52,N,0
30.3112,78.30135,309.04,0.4,0.37,2026-05-23,2029,N20,VIIRS,n,2,291.19,0.71,N,0
30.31173,78.25062,310.19,0.4,0.37,2026-05-23,2029,N20,VIIRS,n,2,291,1.32,N,0
30.31202,78.2722,302.51,0.4,0.37,2026-05-23,2029,N20,VIIRS,n,2,291.6,0.76,N,0
30.31237,78.19902,311.75,0.4,0.37,2026-05-23,2029,N20,VIIRS,n,2,293.01,0.6,N,0
30.31263,78.26801,311.26,0.4,0.37,2026-05-23,2029,N20,VIIRS,n,2,292,1.47,N,0
30.31388,78.2595,317.14,0.4,0.37,2026-05-23,2029,N20,VIIRS,n,2,290.39,1.28,N,0
30.31454,78.30199,304.59,0.4,0.37,2026-05-23,2029,N20,VIIRS,n,2,291.65,0.64,N,0
30.32059,78.26077,300,0.4,0.37,2026-05-23,2029,N20,VIIRS,n,2,289.21,0.42,N,0
30.32598,78.22386,314.35,0.4,0.37,2026-05-23,2029,N20,VIIRS,n,2,292.89,0.97,N,0
30.32719,78.94609,319.58,0.39,0.36,2026-05-23,2029,N20,VIIRS,n,2,291.89,2.49,N,0
30.32929,78.22469,304.89,0.4,0.37,2026-05-23,2029,N20,VIIRS,n,2,292.2,0.97,N,0
30.32935,79.04385,309.12,0.39,0.36,2026-05-23,2029,N20,VIIRS,n,2,291.32,0.89,N,0
30.32991,78.22054,309.77,0.4,0.37,2026-05-23,2029,N20,VIIRS,n,2,292.53,1.71,N,0
30.33108,78.94282,333.92,0.39,0.36,2026-05-23,2029,N20,VIIRS,n,2,292.35,2.49,N,0
30.33167,78.9389,301.99,0.39,0.36,2026-05-23,2029,N20,VIIRS,n,2,290.18,1.19,N,0
30.33447,78.94191,301.08,0.39,0.36,2026-05-23,2029,N20,VIIRS,n,2,290.71,0.75,N,0
30.33861,78.26707,301.46,0.4,0.37,2026-05-23,2029,N20,VIIRS,n,2,288.64,0.24,N,0
30.34196,78.26774,299.66,0.4,0.37,2026-05-23,2029,N20,VIIRS,n,2,287.82,0.24,N,0
30.34951,78.93239,304.12,0.39,0.36,2026-05-23,2029,N20,VIIRS,n,2,290.62,0.75,N,0
30.35658,78.42734,310.81,0.4,0.37,2026-05-23,2029,N20,VIIRS,n,2,289.48,0.95,N,0
30.35692,78.16359,315.46,0.4,0.37,2026-05-23,2029,N20,VIIRS,n,2,295.35,1.69,N,0
30.35991,78.42804,315.73,0.4,0.37,2026-05-23,2029,N20,VIIRS,n,2,289.83,0.95,N,0
30.3666,79.02251,300.46,0.39,0.36,2026-05-23,2029,N20,VIIRS,n,2,289.26,0.44,N,0
30.36885,77.17155,306.19,0.43,0.38,2026-05-23,2029,N20,VIIRS,n,2,293.5,1.41,N,0
30.3705,77.17355,331.51,0.43,0.38,2026-05-23,2029,N20,VIIRS,n,2,295.69,4.25,N,0
30.37232,77.17218,329.05,0.43,0.38,2026-05-23,2029,N20,VIIRS,n,2,294.56,1.41,N,0
30.37983,77.47975,309.23,0.42,0.38,2026-05-23,2029,N20,VIIRS,n,2,298.39,1.64,N,0
30.43119,76.7003,309.42,0.45,0.39,2026-05-23,2029,N20,VIIRS,n,2,293.92,0.68,N,0
30.43134,76.70244,309.16,0.45,0.39,2026-05-23,2029,N20,VIIRS,n,2,294.04,0.97,N,0
30.46521,78.54443,311.55,0.4,0.37,2026-05-23,2029,N20,VIIRS,n,2,286.62,1.04,N,0
30.46661,77.30128,310.33,0.42,0.38,2026-05-23,2029,N20,VIIRS,n,2,298.92,3.42,N,0
30.47229,77.31165,311.3,0.42,0.38,2026-05-23,2029,N20,VIIRS,n,2,298.87,2.21,N,0
30.47635,77.30776,323.43,0.42,0.38,2026-05-23,2029,N20,VIIRS,n,2,299.51,3.72,N,0
30.49645,78.35493,306.94,0.4,0.37,2026-05-23,2029,N20,VIIRS,n,2,291.02,1.19,N,0
30.49981,78.35554,309.37,0.4,0.37,2026-05-23,2029,N20,VIIRS,n,2,291.7,1.19,N,0
30.50269,76.78864,329.68,0.44,0.39,2026-05-23,2029,N20,VIIRS,n,2,294.22,3.21,N,0
30.50524,78.52076,326.2,0.4,0.37,2026-05-23,2029,N20,VIIRS,n,2,290.63,1.69,N,0
30.50584,78.51665,312.34,0.4,0.37,2026-05-23,2029,N20,VIIRS,n,2,289.28,1.69,N,0
30.50622,76.78928,331.81,0.44,0.39,2026-05-23,2029,N20,VIIRS,n,2,297.07,4.98,N,0
30.50968,77.7015,308.85,0.41,0.37,2026-05-23,2029,N20,VIIRS,n,2,296.25,1.41,N,0
30.51547,78.36613,310.97,0.4,0.37,2026-05-23,2029,N20,VIIRS,n,2,293.1,0.69,N,0
30.53965,78.47291,310.63,0.4,0.37,2026-05-23,2029,N20,VIIRS,n,2,288.53,0.9,N,0
30.56306,78.47708,299.37,0.4,0.37,2026-05-23,2029,N20,VIIRS,n,2,288.12,0.49,N,0
30.58385,78.31047,317.81,0.4,0.37,2026-05-23,2029,N20,VIIRS,n,2,293.02,1.71,N,0
30.59304,77.75549,310.55,0.41,0.37,2026-05-23,2029,N20,VIIRS,n,2,294.57,1.88,N,0
30.5951,78.23259,302.64,0.4,0.37,2026-05-23,2029,N20,VIIRS,n,2,289.35,0.88,N,0
30.62195,78.23791,315.97,0.4,0.37,2026-05-23,2029,N20,VIIRS,n,2,289.88,1.31,N,0
30.65439,78.18075,298.43,0.4,0.37,2026-05-23,2029,N20,VIIRS,n,2,288.35,0.47,N,0
30.66425,78.21867,301.74,0.4,0.37,2026-05-23,2029,N20,VIIRS,n,2,289.96,0.77,N,0
30.66485,78.21449,304.17,0.4,0.37,2026-05-23,2029,N20,VIIRS,n,2,287.59,0.77,N,0
30.66648,78.2756,327.15,0.4,0.37,2026-05-23,2029,N20,VIIRS,n,2,290.32,2.3,N,0
30.66705,78.27169,335.56,0.4,0.37,2026-05-23,2029,N20,VIIRS,n,2,289.75,3.61,N,0
30.66984,78.27626,298.33,0.4,0.37,2026-05-23,2029,N20,VIIRS,n,2,287.77,0.41,N,0
30.67041,78.27235,325.9,0.4,0.37,2026-05-23,2029,N20,VIIRS,n,2,289.36,1.42,N,0
30.67376,78.27301,317.96,0.4,0.37,2026-05-23,2029,N20,VIIRS,n,2,289.2,1.42,N,0
30.67435,78.26895,302.3,0.4,0.37,2026-05-23,2029,N20,VIIRS,n,2,287.23,1.42,N,0
30.6749,77.86852,305.81,0.41,0.37,2026-05-23,2029,N20,VIIRS,n,2,289.9,0.78,N,0
30.67575,77.33,329.2,0.43,0.38,2026-05-23,2029,N20,VIIRS,n,2,294.46,2.68,N,0
30.67861,77.79297,306.1,0.41,0.37,2026-05-23,2029,N20,VIIRS,n,2,291.74,1.06,N,0
30.68385,78.27471,313.27,0.4,0.37,2026-05-23,2029,N20,VIIRS,n,2,289.2,2.94,N,0
30.68722,78.27525,340.1,0.4,0.37,2026-05-23,2029,N20,VIIRS,n,2,291.54,2.94,N,0
30.69002,78.27975,332.95,0.4,0.37,2026-05-23,2029,N20,VIIRS,n,2,291.91,3.26,N,0
30.69059,78.27583,306.35,0.4,0.37,2026-05-23,2029,N20,VIIRS,n,2,288.99,0.55,N,0
30.73367,77.29502,323.81,0.43,0.38,2026-05-23,2029,N20,VIIRS,n,2,292.87,2.32,N,0
30.73424,77.29087,310.45,0.43,0.38,2026-05-23,2029,N20,VIIRS,n,2,291.44,1.04,N,0
30.7616,77.24657,310.64,0.43,0.38,2026-05-23,2029,N20,VIIRS,n,2,289.7,1.07,N,0
30.76773,77.47681,298.93,0.42,0.38,2026-05-23,2029,N20,VIIRS,n,2,288.58,0.35,N,0
30.8217,77.39194,307.03,0.42,0.38,2026-05-23,2029,N20,VIIRS,n,2,292.55,1.47,N,0
30.82232,77.38735,303.36,0.43,0.38,2026-05-23,2029,N20,VIIRS,n,2,290.72,0.78,N,0
30.87291,77.32865,308.02,0.43,0.38,2026-05-23,2029,N20,VIIRS,n,2,288.69,1.31,N,0
30.90898,77.31086,335.09,0.43,0.38,2026-05-23,2029,N20,VIIRS,n,2,291.96,4.57,N,0
30.9297,77.20973,314.16,0.43,0.38,2026-05-23,2029,N20,VIIRS,n,2,288.33,1.48,N,0
30.99778,76.80435,308.56,0.45,0.39,2026-05-23,2029,N20,VIIRS,n,2,297.33,2.09,N,0
31.1027,76.74582,305.72,0.45,0.39,2026-05-23,2029,N20,VIIRS,n,2,295.63,1.29,N,0
31.40349,75.72437,306.59,0.5,0.41,2026-05-23,2029,N20,VIIRS,n,2,292.64,1.04,N,0
31.40723,75.725,302,0.5,0.41,2026-05-23,2029,N20,VIIRS,n,2,291.81,0.65,N,0
31.46777,76.36534,331.75,0.47,0.4,2026-05-23,2029,N20,VIIRS,n,2,293.92,4.22,N,0
31.60018,76.52309,310.13,0.46,0.39,2026-05-23,2029,N20,VIIRS,n,2,290.76,0.54,N,0
31.65559,76.26396,302.63,0.48,0.4,2026-05-23,2029,N20,VIIRS,n,2,291.72,1.04,N,0
31.6612,76.24923,305.71,0.48,0.4,2026-05-23,2029,N20,VIIRS,n,2,293.23,1.04,N,0
31.67024,76.26617,306.04,0.48,0.4,2026-05-23,2029,N20,VIIRS,n,2,290.76,0.5,N,0
22.47395,91.73318,301.1,0.66,0.73,2026-05-23,2030,N20,VIIRS,n,2,280.52,0.79,N,2
22.78844,86.20441,322.33,0.59,0.53,2026-05-23,2030,N20,VIIRS,n,2,291.22,6.42,N,2
23.62512,85.67538,305.61,0.52,0.5,2026-05-23,2030,N20,VIIRS,n,2,286.44,1.51,N,0
23.64609,85.43697,308.46,0.5,0.49,2026-05-23,2030,N20,VIIRS,n,2,290.83,1.09,N,2
23.6741,86.39631,304.71,0.58,0.52,2026-05-23,2030,N20,VIIRS,n,2,285.86,1.52,N,2
23.67615,86.08771,305.67,0.55,0.51,2026-05-23,2030,N20,VIIRS,n,2,286.92,3.53,N,2
23.67865,86.08656,311.3,0.55,0.51,2026-05-23,2030,N20,VIIRS,n,2,287.09,2.58,N,2
23.67882,86.39739,308.33,0.58,0.52,2026-05-23,2030,N20,VIIRS,n,2,285.84,1.94,N,2
23.67963,86.09417,305.02,0.55,0.51,2026-05-23,2030,N20,VIIRS,n,2,286.54,2.53,N,2
23.67999,86.39191,303.74,0.58,0.52,2026-05-23,2030,N20,VIIRS,n,2,285.32,1.94,N,2
23.6847,86.39302,315.77,0.58,0.52,2026-05-23,2030,N20,VIIRS,n,2,287.16,1.94,N,2
23.68997,86.09129,306.39,0.55,0.51,2026-05-23,2030,N20,VIIRS,n,2,286.35,1.76,N,0
23.6911,86.08598,307.33,0.55,0.51,2026-05-23,2030,N20,VIIRS,n,2,285.48,1.76,N,0
23.69637,85.37305,307.52,0.5,0.49,2026-05-23,2030,N20,VIIRS,n,2,291.74,1.71,N,0
23.69736,85.36821,305.09,0.5,0.49,2026-05-23,2030,N20,VIIRS,n,2,291.74,1.54,N,0
23.71189,86.45234,307.34,0.58,0.52,2026-05-23,2030,N20,VIIRS,n,2,286.92,2.83,N,2
23.71306,86.44887,308.94,0.58,0.52,2026-05-23,2030,N20,VIIRS,n,2,287.2,2.53,N,2
23.71995,85.01006,306.78,0.47,0.48,2026-05-23,2030,N20,VIIRS,n,2,292.5,1.37,N,2
23.72842,86.44676,306.36,0.58,0.52,2026-05-23,2030,N20,VIIRS,n,2,287.9,2.12,N,0
23.73552,86.43687,307.8,0.58,0.52,2026-05-23,2030,N20,VIIRS,n,2,289.87,4.11,N,2
23.73672,86.4313,314.15,0.58,0.52,2026-05-23,2030,N20,VIIRS,n,2,288.42,4.06,N,2
23.73817,85.00957,311.74,0.47,0.48,2026-05-23,2030,N20,VIIRS,n,2,294.66,3.03,N,2
23.75797,86.40155,307.53,0.58,0.52,2026-05-23,2030,N20,VIIRS,n,2,289.09,3.89,N,2
23.76268,86.40268,315.99,0.58,0.52,2026-05-23,2030,N20,VIIRS,n,2,289.11,3.89,N,2
23.76738,86.40385,310.07,0.58,0.52,2026-05-23,2030,N20,VIIRS,n,2,289.18,6.21,N,2
23.77897,86.21149,321.41,0.56,0.51,2026-05-23,2030,N20,VIIRS,n,2,288.87,3.65,N,2
23.78012,86.20613,309.17,0.56,0.51,2026-05-23,2030,N20,VIIRS,n,2,288.3,3.65,N,2
23.78031,85.57579,307.89,0.51,0.49,2026-05-23,2030,N20,VIIRS,n,2,292.89,2.35,N,0
23.7837,85.57434,307.62,0.51,0.49,2026-05-23,2030,N20,VIIRS,n,2,292.42,3.03,N,0
23.79222,82.03135,308.34,0.49,0.4,2026-05-23,2030,N20,VIIRS,n,2,294.25,2.78,N,0
23.82603,84.57366,308.76,0.44,0.46,2026-05-23,2030,N20,VIIRS,n,2,293.95,1.27,N,0
23.82753,81.96163,307.93,0.48,0.4,2026-05-23,2030,N20,VIIRS,n,2,294.97,2.53,N,0
23.82791,81.95847,307.93,0.48,0.4,2026-05-23,2030,N20,VIIRS,n,2,295.11,3.84,N,0
23.83023,84.57462,305.85,0.44,0.46,2026-05-23,2030,N20,VIIRS,n,2,293.95,1.27,N,0
23.83068,81.96391,307.87,0.48,0.4,2026-05-23,2030,N20,VIIRS,n,2,294.96,2.41,N,0
23.85316,82.12953,307.96,0.49,0.4,2026-05-23,2030,N20,VIIRS,n,2,293.84,1.96,N,0
24.04582,81.8177,310.1,0.47,0.4,2026-05-23,2030,N20,VIIRS,n,2,295,3.7,N,0
24.12903,82.62258,312.01,0.51,0.41,2026-05-23,2030,N20,VIIRS,n,2,297.27,4.19,N,0
24.14214,82.63595,310.58,0.51,0.41,2026-05-23,2030,N20,VIIRS,n,2,295.66,4.15,N,2
24.14574,82.65942,318.53,0.51,0.41,2026-05-23,2030,N20,VIIRS,n,2,296.56,4.43,N,0
24.16362,82.62673,311.98,0.51,0.41,2026-05-23,2030,N20,VIIRS,n,2,296.93,4.96,N,2
24.18412,82.6627,309.2,0.51,0.41,2026-05-23,2030,N20,VIIRS,n,2,296.52,2.59,N,2
24.19816,82.7128,309.5,0.52,0.41,2026-05-23,2030,N20,VIIRS,n,2,295.4,1.01,N,0
24.20283,82.70875,310.79,0.52,0.41,2026-05-23,2030,N20,VIIRS,n,2,295.94,2.16,N,2
24.20658,82.70955,316.45,0.52,0.41,2026-05-23,2030,N20,VIIRS,n,2,297.23,2.16,N,2
24.30856,82.85152,307.15,0.52,0.42,2026-05-23,2030,N20,VIIRS,n,2,294.13,2.51,N,0
24.46008,82.37735,307.41,0.49,0.41,2026-05-23,2030,N20,VIIRS,n,2,290.66,1.94,N,0
24.76558,74.61011,313.77,0.48,0.4,2026-05-23,2030,N20,VIIRS,n,2,301.31,2.86,N,2
24.81569,79.88232,308.1,0.4,0.37,2026-05-23,2030,N20,VIIRS,n,2,296.71,0.28,N,0
24.8274,79.81227,312.91,0.4,0.37,2026-05-23,2030,N20,VIIRS,n,2,296.95,1.04,N,0
24.92735,76.10718,313.33,0.42,0.38,2026-05-23,2030,N20,VIIRS,n,2,297.2,0.85,N,0
24.92854,73.84383,322.11,0.53,0.42,2026-05-23,2030,N20,VIIRS,n,2,299.84,2.19,N,0
24.94759,80.9444,311.24,0.42,0.38,2026-05-23,2030,N20,VIIRS,n,2,296.34,7.2,N,0
24.95104,80.94502,313.54,0.42,0.38,2026-05-23,2030,N20,VIIRS,n,2,296.04,7.99,N,0
24.96007,80.93404,313.96,0.42,0.38,2026-05-23,2030,N20,VIIRS,n,2,295.9,6.87,N,0
24.96191,74.1265,310.37,0.51,0.41,2026-05-23,2030,N20,VIIRS,n,2,298.97,1.46,N,0
25.03076,87.37768,310.29,0.62,0.54,2026-05-23,2030,N20,VIIRS,n,2,289.81,2.78,N,0
25.03292,79.90868,319.54,0.4,0.37,2026-05-23,2030,N20,VIIRS,n,2,295.82,2.19,N,0
25.03395,87.37679,313.14,0.62,0.54,2026-05-23,2030,N20,VIIRS,n,2,289.8,3.5,N,2
25.03406,79.8606,308.21,0.4,0.37,2026-05-23,2030,N20,VIIRS,n,2,296.66,1.9,N,0
25.10629,76.44634,318.81,0.41,0.37,2026-05-23,2030,N20,VIIRS,n,2,297.62,1.64,N,0
25.22028,76.67171,310.97,0.41,0.37,2026-05-23,2030,N20,VIIRS,n,2,296.41,1.17,N,0
25.33788,72.97736,311.83,0.39,0.44,2026-05-23,2030,N20,VIIRS,n,2,300.55,0.61,N,0
25.33901,76.26108,312.87,0.42,0.38,2026-05-23,2030,N20,VIIRS,n,2,298.11,0.65,N,0
25.37393,76.38525,316.5,0.41,0.37,2026-05-23,2030,N20,VIIRS,n,2,297.45,1.19,N,0
25.37735,76.38584,315.58,0.41,0.37,2026-05-23,2030,N20,VIIRS,n,2,297.11,0.9,N,0
25.70918,79.71574,307.66,0.39,0.36,2026-05-23,2030,N20,VIIRS,n,2,297.09,0.29,N,0
25.71202,78.51366,311.17,0.38,0.36,2026-05-23,2030,N20,VIIRS,n,2,298.06,0.96,N,0
25.73742,80.17966,312.47,0.4,0.37,2026-05-23,2030,N20,VIIRS,n,2,296.82,0.71,N,0
25.74649,79.85843,309.2,0.39,0.36,2026-05-23,2030,N20,VIIRS,n,2,297.28,0.64,N,0
25.79127,86.06458,315.25,0.5,0.49,2026-05-23,2030,N20,VIIRS,n,2,287.02,2.4,N,0
25.79495,68.69807,307.29,0.37,0.58,2026-05-23,2030,N20,VIIRS,n,2,296.55,0.56,N,2
25.80282,79.37265,314.29,0.39,0.36,2026-05-23,2030,N20,VIIRS,n,2,297.91,1.08,N,0
25.85057,80.21794,315.72,0.4,0.37,2026-05-23,2030,N20,VIIRS,n,2,296.8,1.18,N,0
25.85921,78.50941,330.28,0.38,0.36,2026-05-23,2030,N20,VIIRS,n,2,297.68,2.57,N,0
25.85994,80.22395,327.05,0.4,0.37,2026-05-23,2030,N20,VIIRS,n,2,297.53,2.28,N,0
25.93198,80.54622,306.56,0.41,0.37,2026-05-23,2030,N20,VIIRS,n,2,296.22,0.67,N,0
25.95355,78.0759,306.17,0.39,0.36,2026-05-23,2030,N20,VIIRS,n,2,296.02,0.29,N,0
26.061,80.18231,310.4,0.4,0.37,2026-05-23,2030,N20,VIIRS,n,2,296.49,1.13,N,0
26.06368,80.18694,321.95,0.4,0.37,2026-05-23,2030,N20,VIIRS,n,2,297.37,0.93,N,0
26.06434,80.183,308.07,0.4,0.37,2026-05-23,2030,N20,VIIRS,n,2,296.38,0.93,N,0
26.09685,68.87828,307.01,0.36,0.57,2026-05-23,2030,N20,VIIRS,n,2,296.2,0.35,N,2
26.29411,77.32543,312.88,0.4,0.37,2026-05-23,2030,N20,VIIRS,n,2,298.64,1.35,N,0
26.29746,77.32604,308.99,0.4,0.37,2026-05-23,2030,N20,VIIRS,n,2,298.05,1.08,N,0
26.29804,77.32207,318.91,0.4,0.37,2026-05-23,2030,N20,VIIRS,n,2,297.88,1.08,N,0
26.64053,79.47911,319.43,0.39,0.36,2026-05-23,2030,N20,VIIRS,n,2,298.22,1.93,N,2
26.64383,79.47977,309.93,0.39,0.36,2026-05-23,2030,N20,VIIRS,n,2,297,1.21,N,2
26.75045,78.83289,323.81,0.38,0.36,2026-05-23,2030,N20,VIIRS,n,2,298.35,1.73,N,0
27.54181,68.32372,305.49,0.4,0.6,2026-05-23,2030,N20,VIIRS,n,2,295.28,1.28,N,0
28.07791,76.4465,309.62,0.43,0.38,2026-05-23,2030,N20,VIIRS,n,2,298.67,2,N,0
28.42762,69.70024,311.81,0.34,0.56,2026-05-23,2030,N20,VIIRS,n,2,296.98,0.88,N,2
20.12291,80.85677,312.17,0.48,0.4,2026-05-23,2031,N20,VIIRS,n,2,292.48,2.68,N,0
20.31878,81.06604,304.86,0.49,0.4,2026-05-23,2031,N20,VIIRS,n,2,289.61,1.1,N,0
20.32247,80.87865,308.37,0.48,0.4,2026-05-23,2031,N20,VIIRS,n,2,292.57,2.09,N,0
20.38323,82.29977,310,0.56,0.43,2026-05-23,2031,N20,VIIRS,n,2,298.05,5.56,N,0
20.49546,80.4011,305.44,0.45,0.39,2026-05-23,2031,N20,VIIRS,n,2,291.72,0.89,N,0
20.49564,80.40234,307.03,0.45,0.39,2026-05-23,2031,N20,VIIRS,n,2,291.36,0.89,N,0
20.65393,80.05546,309.02,0.43,0.38,2026-05-23,2031,N20,VIIRS,n,2,295.88,0.88,N,0
20.67789,80.0078,308.94,0.43,0.38,2026-05-23,2031,N20,VIIRS,n,2,294.69,0.47,N,0
20.69747,78.6382,309.84,0.4,0.37,2026-05-23,2031,N20,VIIRS,n,2,296.79,0.84,N,2
20.7033,78.62382,311.95,0.39,0.37,2026-05-23,2031,N20,VIIRS,n,2,301.13,1.11,N,2
20.71107,80.16793,306.01,0.44,0.38,2026-05-23,2031,N20,VIIRS,n,2,295.88,0.81,N,0
20.71706,80.09204,314.67,0.44,0.38,2026-05-23,2031,N20,VIIRS,n,2,296,0.97,N,0
20.75858,85.29637,313.61,0.56,0.52,2026-05-23,2031,N20,VIIRS,n,2,297.41,2.53,N,2
20.75991,85.29843,316.79,0.56,0.52,2026-05-23,2031,N20,VIIRS,n,2,298.08,2.16,N,2
20.761,85.29327,311.47,0.56,0.52,2026-05-23,2031,N20,VIIRS,n,2,297.61,2.05,N,2
20.78462,85.26392,311.18,0.56,0.51,2026-05-23,2031,N20,VIIRS,n,2,296.5,2.46,N,2
20.78621,85.26605,318.87,0.56,0.51,2026-05-23,2031,N20,VIIRS,n,2,296.99,4.1,N,2
20.79307,85.25651,311.57,0.56,0.51,2026-05-23,2031,N20,VIIRS,n,2,297.3,2.66,N,2
20.79417,85.25123,318.42,0.56,0.51,2026-05-23,2031,N20,VIIRS,n,2,297.1,2.66,N,2
20.80699,85.25983,310.55,0.56,0.51,2026-05-23,2031,N20,VIIRS,n,2,297.98,3.74,N,2
20.85426,79.88966,318.22,0.43,0.38,2026-05-23,2031,N20,VIIRS,n,2,297.52,1.16,N,0
20.86235,84.99124,317.45,0.54,0.5,2026-05-23,2031,N20,VIIRS,n,2,297.24,2.96,N,2
20.86692,84.99226,310.07,0.54,0.5,2026-05-23,2031,N20,VIIRS,n,2,297.22,2.29,N,2
20.86894,79.26721,309.53,0.41,0.37,2026-05-23,2031,N20,VIIRS,n,2,298.76,1.25,N,0
20.88028,81.96339,306.59,0.53,0.42,2026-05-23,2031,N20,VIIRS,n,2,292.18,1.06,N,0
20.88078,76.11917,329.76,0.4,0.37,2026-05-23,2031,N20,VIIRS,n,2,301.53,2.57,N,0
20.88824,84.98141,314.82,0.53,0.5,2026-05-23,2031,N20,VIIRS,n,2,297.21,2.34,N,2
20.89255,80.1111,316.23,0.43,0.38,2026-05-23,2031,N20,VIIRS,n,2,301.82,3.18,N,0
20.89674,80.1077,312.19,0.43,0.38,2026-05-23,2031,N20,VIIRS,n,2,301.54,3.15,N,0
20.92752,81.92139,307.77,0.53,0.42,2026-05-23,2031,N20,VIIRS,n,2,293.81,1.4,N,0
20.9468,81.98779,315.18,0.53,0.42,2026-05-23,2031,N20,VIIRS,n,2,294.5,2.27,N,0
20.94782,85.06182,330.17,0.54,0.51,2026-05-23,2031,N20,VIIRS,n,2,297.68,4.07,N,0
20.95823,85.01134,309.83,0.53,0.5,2026-05-23,2031,N20,VIIRS,n,2,297.9,2.54,N,2
20.96029,82.02194,312.77,0.53,0.42,2026-05-23,2031,N20,VIIRS,n,2,294.27,2.17,N,0
20.9603,85.18848,311.1,0.55,0.51,2026-05-23,2031,N20,VIIRS,n,2,298.54,1.87,N,2
20.96064,78.48965,308.8,0.39,0.36,2026-05-23,2031,N20,VIIRS,n,2,291.78,3.01,N,0
20.96121,82.01692,309.73,0.53,0.42,2026-05-23,2031,N20,VIIRS,n,2,294.47,2.55,N,0
20.96348,85.17292,317.36,0.55,0.51,2026-05-23,2031,N20,VIIRS,n,2,298.49,3.72,N,2
20.96453,85.1678,327.99,0.55,0.51,2026-05-23,2031,N20,VIIRS,n,2,298.89,3.72,N,2
20.96492,85.18954,337.75,0.55,0.51,2026-05-23,2031,N20,VIIRS,n,2,299.86,5.8,N,2
20.96508,80.23246,308.92,0.44,0.38,2026-05-23,2031,N20,VIIRS,n,2,298.33,1.83,N,0
20.96598,85.18433,315.05,0.55,0.51,2026-05-23,2031,N20,VIIRS,n,2,297.83,3.35,N,2
20.96704,85.17914,311.19,0.55,0.51,2026-05-23,2031,N20,VIIRS,n,2,297.49,3.35,N,2
20.96767,85.1524,314.62,0.55,0.51,2026-05-23,2031,N20,VIIRS,n,2,298.27,2.17,N,2
20.96775,85.03477,309.38,0.54,0.51,2026-05-23,2031,N20,VIIRS,n,2,297.44,2.65,N,0
20.96808,85.17402,338.03,0.55,0.51,2026-05-23,2031,N20,VIIRS,n,2,298.66,5,N,2
20.96834,85.12558,312.44,0.54,0.51,2026-05-23,2031,N20,VIIRS,n,2,297.91,2.33,N,0
20.96912,85.16891,313.72,0.55,0.51,2026-05-23,2031,N20,VIIRS,n,2,297.79,5,N,2
20.97227,85.15353,321.28,0.55,0.51,2026-05-23,2031,N20,VIIRS,n,2,298.14,3.42,N,2
20.97268,85.17513,337.04,0.55,0.51,2026-05-23,2031,N20,VIIRS,n,2,299.65,5,N,2
20.97646,85.13294,315.98,0.54,0.51,2026-05-23,2031,N20,VIIRS,n,2,297.92,3.25,N,2
20.97745,81.98582,305.42,0.53,0.42,2026-05-23,2031,N20,VIIRS,n,2,294.39,1.24,N,0
20.97831,80.22457,310.85,0.44,0.38,2026-05-23,2031,N20,VIIRS,n,2,300.33,1.76,N,0
20.97832,85.17113,314.9,0.55,0.51,2026-05-23,2031,N20,VIIRS,n,2,298,4.72,N,2
20.97902,81.98414,314.86,0.53,0.42,2026-05-23,2031,N20,VIIRS,n,2,294.77,1.45,N,0
20.98031,81.99162,307.88,0.53,0.42,2026-05-23,2031,N20,VIIRS,n,2,294.26,1.48,N,0
20.98105,85.13406,330.56,0.54,0.51,2026-05-23,2031,N20,VIIRS,n,2,297.93,3.25,N,2
20.9818,80.22523,313.83,0.44,0.38,2026-05-23,2031,N20,VIIRS,n,2,301.93,1.76,N,0
20.98191,81.98996,307.46,0.53,0.42,2026-05-23,2031,N20,VIIRS,n,2,293.76,1.45,N,0
20.98219,81.98161,304.94,0.53,0.42,2026-05-23,2031,N20,VIIRS,n,2,293.95,1.24,N,0
20.98373,81.97993,304.96,0.53,0.42,2026-05-23,2031,N20,VIIRS,n,2,293.42,1.2,N,0
20.98455,80.23009,329.79,0.44,0.38,2026-05-23,2031,N20,VIIRS,n,2,303.24,2.59,N,0
20.98598,81.98241,324.13,0.53,0.42,2026-05-23,2031,N20,VIIRS,n,2,294.89,3.15,N,0
20.98729,80.235,308.99,0.44,0.38,2026-05-23,2031,N20,VIIRS,n,2,297.49,2.59,N,0
21.02931,79.93375,307.72,0.43,0.38,2026-05-23,2031,N20,VIIRS,n,2,297.26,0.41,N,0
21.03877,78.51158,315.38,0.39,0.36,2026-05-23,2031,N20,VIIRS,n,2,295.37,1.94,N,0
21.04209,78.51219,310.48,0.39,0.36,2026-05-23,2031,N20,VIIRS,n,2,296.35,1.94,N,0
21.06489,82.02511,306.92,0.53,0.42,2026-05-23,2031,N20,VIIRS,n,2,293.66,0.85,N,0
21.0681,82.06483,304.09,0.53,0.42,2026-05-23,2031,N20,VIIRS,n,2,292.71,0.91,N,0
21.06869,82.02592,305.06,0.53,0.42,2026-05-23,2031,N20,VIIRS,n,2,293.21,0.85,N,0
21.06987,82.06277,304.07,0.53,0.42,2026-05-23,2031,N20,VIIRS,n,2,293.09,0.98,N,0
21.07376,85.05076,319.1,0.54,0.5,2026-05-23,2031,N20,VIIRS,n,2,298.1,4.32,N,0
21.08036,85.04188,308.55,0.53,0.5,2026-05-23,2031,N20,VIIRS,n,2,297.74,5.24,N,2
21.18045,81.38687,314.55,0.49,0.4,2026-05-23,2031,N20,VIIRS,n,2,293.85,3.52,N,3
21.18411,81.38764,329.33,0.49,0.4,2026-05-23,2031,N20,VIIRS,n,2,292.93,3.52,N,3
21.19674,81.41725,319.82,0.49,0.4,2026-05-23,2031,N20,VIIRS,n,2,290.74,4.09,N,2
21.20436,76.38544,318.13,0.39,0.36,2026-05-23,2031,N20,VIIRS,n,2,300.21,1.02,N,0
21.21576,82.07099,304.71,0.53,0.42,2026-05-23,2031,N20,VIIRS,n,2,292.41,0.85,N,0
21.21956,82.07178,315.24,0.53,0.42,2026-05-23,2031,N20,VIIRS,n,2,292.87,1.54,N,0
21.22817,78.74636,325.25,0.39,0.37,2026-05-23,2031,N20,VIIRS,n,2,301.28,6.07,N,0
21.23212,78.74323,345.79,0.39,0.37,2026-05-23,2031,N20,VIIRS,n,2,302.69,8.88,N,0
21.23275,78.73945,316.37,0.39,0.37,2026-05-23,2031,N20,VIIRS,n,2,300.58,3.38,N,0
21.23343,79.62894,316.13,0.42,0.37,2026-05-23,2031,N20,VIIRS,n,2,301.94,1.91,N,2
21.2367,78.73632,316.05,0.39,0.37,2026-05-23,2031,N20,VIIRS,n,2,300.51,3.38,N,0
21.24037,79.23208,327.74,0.4,0.37,2026-05-23,2031,N20,VIIRS,n,2,301.57,2.35,N,0
21.24101,79.22822,311.82,0.4,0.37,2026-05-23,2031,N20,VIIRS,n,2,300.99,1.91,N,2
21.24373,79.23272,317.91,0.4,0.37,2026-05-23,2031,N20,VIIRS,n,2,300.03,2.35,N,0
21.24502,79.22501,328.46,0.4,0.37,2026-05-23,2031,N20,VIIRS,n,2,303.16,1.91,N,2
21.24511,79.23216,319.49,0.4,0.37,2026-05-23,2031,N20,VIIRS,n,2,299.88,1.38,N,0
21.24566,79.22115,316.22,0.4,0.37,2026-05-23,2031,N20,VIIRS,n,2,302.12,1.7,N,2
21.24641,79.22446,313.57,0.4,0.37,2026-05-23,2031,N20,VIIRS,n,2,302.48,1.37,N,2
21.24707,79.2206,311.02,0.4,0.37,2026-05-23,2031,N20,VIIRS,n,2,300.59,1.46,N,2
21.24759,79.20959,319.98,0.4,0.37,2026-05-23,2031,N20,VIIRS,n,2,300.4,1.86,N,0
21.24903,79.20905,341.58,0.4,0.37,2026-05-23,2031,N20,VIIRS,n,2,303.88,3.38,N,2
21.25174,79.21354,321.38,0.4,0.37,2026-05-23,2031,N20,VIIRS,n,2,301.08,3.38,N,0
21.25687,79.11224,311.43,0.4,0.37,2026-05-23,2031,N20,VIIRS,n,2,297.76,0.58,N,0
21.26238,79.19173,311.56,0.4,0.37,2026-05-23,2031,N20,VIIRS,n,2,299.83,1.29,N,0
21.26639,79.18853,314.11,0.4,0.37,2026-05-23,2031,N20,VIIRS,n,2,299.88,1.35,N,0
21.2968,76.58157,319.31,0.39,0.36,2026-05-23,2031,N20,VIIRS,n,2,299.43,1.29,N,0
21.2987,74.82593,319.07,0.43,0.38,2026-05-23,2031,N20,VIIRS,n,2,300.32,1.61,N,0
21.32663,76.69762,313.58,0.39,0.36,2026-05-23,2031,N20,VIIRS,n,2,299.62,0.8,N,0
21.32719,76.6939,310.03,0.39,0.36,2026-05-23,2031,N20,VIIRS,n,2,299.39,0.8,N,0
21.33779,78.9694,319.46,0.4,0.37,2026-05-23,2031,N20,VIIRS,n,2,300.08,1.93,N,0
21.37843,81.6798,309.71,0.5,0.41,2026-05-23,2031,N20,VIIRS,n,2,287.16,2.26,N,2
21.38696,76.09803,311.63,0.4,0.37,2026-05-23,2031,N20,VIIRS,n,2,299.83,0.32,N,0
21.4023,79.58768,307.71,0.41,0.37,2026-05-23,2031,N20,VIIRS,n,2,297.14,0.37,N,0
21.44633,78.43587,309.11,0.39,0.36,2026-05-23,2031,N20,VIIRS,n,2,298.11,2.92,N,0
21.44926,79.43777,312.32,0.41,0.37,2026-05-23,2031,N20,VIIRS,n,2,300.13,1.65,N,0
21.45443,77.40966,309.51,0.38,0.36,2026-05-23,2031,N20,VIIRS,n,2,296.25,1.23,N,0
21.45501,77.40599,308.93,0.38,0.36,2026-05-23,2031,N20,VIIRS,n,2,296.93,1.23,N,0
21.45772,77.41026,328.29,0.38,0.36,2026-05-23,2031,N20,VIIRS,n,2,297.48,1.23,N,0
21.49296,80.69042,311.46,0.45,0.39,2026-05-23,2031,N20,VIIRS,n,2,298.47,3.24,N,0
21.53023,86.83329,306.7,0.34,0.56,2026-05-23,2031,N20,VIIRS,n,2,294.59,1.81,N,2
21.57804,77.89644,309.76,0.38,0.36,2026-05-23,2031,N20,VIIRS,n,2,298.6,3.31,N,0
21.59171,77.16101,326.94,0.39,0.36,2026-05-23,2031,N20,VIIRS,n,2,298.38,1.66,N,0
21.61862,77.07464,319.05,0.39,0.36,2026-05-23,2031,N20,VIIRS,n,2,299.53,1.87,N,0
21.6225,77.07154,324.73,0.39,0.36,2026-05-23,2031,N20,VIIRS,n,2,300.05,1.6,N,0
21.62821,78.17513,323.24,0.39,0.36,2026-05-23,2031,N20,VIIRS,n,2,295.98,1.3,N,0
21.62881,78.17143,308.27,0.39,0.36,2026-05-23,2031,N20,VIIRS,n,2,293.58,1.3,N,0
21.6549,77.25572,309.75,0.38,0.36,2026-05-23,2031,N20,VIIRS,n,2,298.3,2.38,N,0
21.65762,77.25999,313.09,0.38,0.36,2026-05-23,2031,N20,VIIRS,n,2,298.45,3.72,N,0
21.65819,77.2563,324.62,0.38,0.36,2026-05-23,2031,N20,VIIRS,n,2,298.33,2.38,N,0
21.67535,82.07843,309.08,0.52,0.42,2026-05-23,2031,N20,VIIRS,n,2,294.69,4.31,N,2
21.67641,84.03805,317.02,0.45,0.47,2026-05-23,2031,N20,VIIRS,n,2,298.9,4.37,N,2
21.67732,84.03992,326.21,0.45,0.47,2026-05-23,2031,N20,VIIRS,n,2,300.79,3.4,N,2
21.68064,84.03902,316.11,0.45,0.47,2026-05-23,2031,N20,VIIRS,n,2,298.14,3.46,N,2
21.68155,84.04089,314.23,0.45,0.47,2026-05-23,2031,N20,VIIRS,n,2,299.58,3.4,N,2
21.69652,78.19487,307.17,0.39,0.36,2026-05-23,2031,N20,VIIRS,n,2,293.33,0.64,N,0
21.72617,82.90753,303.76,0.39,0.44,2026-05-23,2031,N20,VIIRS,n,2,292.91,0.68,N,0
21.73795,83.84032,315.6,0.44,0.46,2026-05-23,2031,N20,VIIRS,n,2,298.42,2.36,N,0
21.74129,83.84546,317.26,0.44,0.46,2026-05-23,2031,N20,VIIRS,n,2,298.41,3.27,N,0
21.74212,83.84129,329.91,0.44,0.46,2026-05-23,2031,N20,VIIRS,n,2,299.84,2.36,N,0
21.74629,83.84228,327.06,0.44,0.46,2026-05-23,2031,N20,VIIRS,n,2,299.95,2.54,N,0
21.74659,83.97373,324.73,0.45,0.47,2026-05-23,2031,N20,VIIRS,n,2,296.55,3.35,N,0
21.74963,83.84741,311.4,0.44,0.46,2026-05-23,2031,N20,VIIRS,n,2,298.38,2.97,N,0
21.75046,83.84326,317.98,0.44,0.46,2026-05-23,2031,N20,VIIRS,n,2,298.03,2.54,N,0
21.75081,83.97464,321.86,0.45,0.47,2026-05-23,2031,N20,VIIRS,n,2,296.3,3.35,N,0
21.75427,84.02428,311.53,0.45,0.47,2026-05-23,2031,N20,VIIRS,n,2,294.82,2.39,N,2
21.75463,83.84423,317.61,0.44,0.46,2026-05-23,2031,N20,VIIRS,n,2,298.63,2.16,N,2
21.7585,84.02523,321.43,0.45,0.47,2026-05-23,2031,N20,VIIRS,n,2,293.9,2.39,N,2
21.7588,83.84518,320.16,0.44,0.46,2026-05-23,2031,N20,VIIRS,n,2,299.26,2.16,N,2
21.76272,84.0262,308.32,0.45,0.47,2026-05-23,2031,N20,VIIRS,n,2,295.19,3.92,N,2
21.76355,84.02194,313.1,0.45,0.47,2026-05-23,2031,N20,VIIRS,n,2,297.91,2.78,N,2
21.76777,84.02291,319.42,0.45,0.47,2026-05-23,2031,N20,VIIRS,n,2,296.44,2.78,N,2
21.7686,84.01865,316.62,0.45,0.47,2026-05-23,2031,N20,VIIRS,n,2,297.58,2.78,N,2
21.77714,83.84065,315.39,0.44,0.46,2026-05-23,2031,N20,VIIRS,n,2,299.66,2.69,N,2
21.77878,83.83226,327.62,0.44,0.46,2026-05-23,2031,N20,VIIRS,n,2,300.1,4.89,N,2
21.78295,83.83321,319.24,0.44,0.46,2026-05-23,2031,N20,VIIRS,n,2,298.98,2.34,N,2
21.79322,80.01724,322.81,0.42,0.38,2026-05-23,2031,N20,VIIRS,n,2,297.8,1.47,N,2
21.80356,82.04034,308.53,0.52,0.41,2026-05-23,2031,N20,VIIRS,n,2,295.53,2.17,N,2
21.82048,83.99841,308.76,0.45,0.47,2026-05-23,2031,N20,VIIRS,n,2,294.69,1.17,N,2
21.82223,79.03079,310.45,0.4,0.37,2026-05-23,2031,N20,VIIRS,n,2,295.31,1.47,N,0
21.82302,83.89775,316.17,0.44,0.46,2026-05-23,2031,N20,VIIRS,n,2,300.37,4.36,N,0
21.82386,83.89357,327.06,0.44,0.46,2026-05-23,2031,N20,VIIRS,n,2,297.72,3.23,N,0
21.82465,79.03091,309.43,0.4,0.37,2026-05-23,2031,N20,VIIRS,n,2,294.48,0.83,N,0
21.8272,83.89876,317.86,0.44,0.46,2026-05-23,2031,N20,VIIRS,n,2,297.67,2.51,N,0
21.84593,78.24025,310.06,0.39,0.36,2026-05-23,2031,N20,VIIRS,n,2,295.95,1.14,N,0
21.84922,78.24085,310.41,0.39,0.36,2026-05-23,2031,N20,VIIRS,n,2,296.19,1.14,N,0
21.86703,83.37864,314.57,0.41,0.45,2026-05-23,2031,N20,VIIRS,n,2,297.12,1.79,N,0
21.87793,83.55697,310.23,0.42,0.45,2026-05-23,2031,N20,VIIRS,n,2,298.25,1.44,N,2
21.89087,78.21423,326.19,0.39,0.36,2026-05-23,2031,N20,VIIRS,n,2,295.92,2.15,N,0
21.90235,77.37122,319.82,0.38,0.36,2026-05-23,2031,N20,VIIRS,n,2,298.56,1.18,N,0
21.9053,76.82268,310.98,0.39,0.36,2026-05-23,2031,N20,VIIRS,n,2,298.48,1.03,N,0
21.91543,78.23025,317.84,0.39,0.36,2026-05-23,2031,N20,VIIRS,n,2,296.69,1.87,N,0
21.91648,77.60505,307.91,0.38,0.36,2026-05-23,2031,N20,VIIRS,n,2,296.46,0.46,N,0
21.91822,83.35319,311.98,0.41,0.45,2026-05-23,2031,N20,VIIRS,n,2,299.54,2.23,N,2
21.91827,83.35351,312.28,0.41,0.45,2026-05-23,2031,N20,VIIRS,n,2,299.57,2.19,N,2
21.91899,83.34932,309.97,0.41,0.45,2026-05-23,2031,N20,VIIRS,n,2,296.82,2.23,N,2
21.91901,83.34963,312.6,0.41,0.45,2026-05-23,2031,N20,VIIRS,n,2,297.28,2.19,N,2
21.92303,83.3502,325.67,0.41,0.45,2026-05-23,2031,N20,VIIRS,n,2,300.66,2.23,N,2
21.92305,83.35052,324.38,0.41,0.45,2026-05-23,2031,N20,VIIRS,n,2,300.54,2.19,N,2
21.92332,85.22387,312.16,0.53,0.5,2026-05-23,2031,N20,VIIRS,n,2,295.04,4.25,N,2
21.92806,77.22763,320.35,0.39,0.36,2026-05-23,2031,N20,VIIRS,n,2,299.38,2.18,N,0
21.93551,78.02087,311.08,0.38,0.36,2026-05-23,2031,N20,VIIRS,n,2,294.97,1.24,N,0
21.94452,78.28144,312.78,0.39,0.36,2026-05-23,2031,N20,VIIRS,n,2,293.54,1.35,N,0
21.94991,78.91797,323.32,0.39,0.37,2026-05-23,2031,N20,VIIRS,n,2,295.38,2.33,N,0
21.95253,78.9178,318.36,0.39,0.37,2026-05-23,2031,N20,VIIRS,n,2,294.35,1.46,N,0
21.96345,77.50253,346.79,0.38,0.36,2026-05-23,2031,N20,VIIRS,n,2,301.72,5.1,N,0
21.9839,83.23193,318.6,0.4,0.44,2026-05-23,2031,N20,VIIRS,n,2,298.02,2.82,N,2
21.98452,76.99352,317.41,0.39,0.36,2026-05-23,2031,N20,VIIRS,n,2,299.05,1.31,N,0
21.98746,82.01765,305.76,0.51,0.41,2026-05-23,2031,N20,VIIRS,n,2,294.43,1.21,N,2
21.99239,78.98773,308.64,0.4,0.37,2026-05-23,2031,N20,VIIRS,n,2,296.33,1.31,N,0
22.00641,82.66941,308.56,0.56,0.43,2026-05-23,2031,N20,VIIRS,n,2,296.42,3.1,N,2
22.0173,83.75365,318.94,0.43,0.46,2026-05-23,2031,N20,VIIRS,n,2,299.63,2.66,N,0
22.01863,78.82916,305.95,0.39,0.36,2026-05-23,2031,N20,VIIRS,n,2,294.28,0.79,N,0
22.02118,77.97579,310.52,0.38,0.36,2026-05-23,2031,N20,VIIRS,n,2,295.73,0.77,N,0
22.02154,78.91531,305.58,0.39,0.36,2026-05-23,2031,N20,VIIRS,n,2,294.62,0.71,N,0
22.02647,78.76084,306.21,0.39,0.36,2026-05-23,2031,N20,VIIRS,n,2,294.45,0.74,N,0
22.02961,83.36561,308.16,0.41,0.45,2026-05-23,2031,N20,VIIRS,n,2,296.61,2.15,N,2
22.03683,83.34918,310.45,0.4,0.45,2026-05-23,2031,N20,VIIRS,n,2,295.57,1.89,N,2
22.03857,83.73299,311.94,0.43,0.46,2026-05-23,2031,N20,VIIRS,n,2,299.17,1.83,N,2
22.03935,83.72894,321.29,0.43,0.46,2026-05-23,2031,N20,VIIRS,n,2,298.51,1.83,N,2
22.04012,83.3539,309.05,0.4,0.45,2026-05-23,2031,N20,VIIRS,n,2,297.24,1.89,N,2
22.04347,83.72991,311.56,0.43,0.46,2026-05-23,2031,N20,VIIRS,n,2,299.29,1.83,N,2
22.0525,83.72775,316.59,0.43,0.46,2026-05-23,2031,N20,VIIRS,n,2,296.26,2.29,N,0
22.05266,88.12527,314.81,0.4,0.6,2026-05-23,2031,N20,VIIRS,n,2,292.6,2.12,N,2
22.05353,88.12146,307.43,0.4,0.6,2026-05-23,2031,N20,VIIRS,n,2,291.78,2.12,N,2
22.05407,83.71964,309.24,0.43,0.46,2026-05-23,2031,N20,VIIRS,n,2,296.11,0.96,N,0
22.05492,78.81664,304.59,0.39,0.36,2026-05-23,2031,N20,VIIRS,n,2,292.94,0.41,N,0
22.05504,78.41979,313.19,0.39,0.36,2026-05-23,2031,N20,VIIRS,n,2,296.51,1.8,N,0
22.06543,83.70528,309.13,0.42,0.46,2026-05-23,2031,N20,VIIRS,n,2,295.92,0.7,N,2
22.06756,83.70508,309.14,0.42,0.45,2026-05-23,2031,N20,VIIRS,n,2,295.96,1.5,N,2
22.07462,78.06545,308.11,0.38,0.36,2026-05-23,2031,N20,VIIRS,n,2,295.65,1.45,N,0
22.0889,77.91216,310.65,0.38,0.36,2026-05-23,2031,N20,VIIRS,n,2,297.44,0.63,N,0
22.08992,83.12023,340.36,0.39,0.44,2026-05-23,2031,N20,VIIRS,n,2,297.32,3.57,N,0
22.09064,83.11652,313.35,0.39,0.44,2026-05-23,2031,N20,VIIRS,n,2,293.97,3.57,N,0
22.10176,78.50903,314.72,0.39,0.36,2026-05-23,2031,N20,VIIRS,n,2,296.49,1.66,N,0
22.10581,83.12376,308.15,0.39,0.44,2026-05-23,2031,N20,VIIRS,n,2,294.67,1.71,N,0
22.12151,76.98582,319.65,0.39,0.36,2026-05-23,2031,N20,VIIRS,n,2,297.28,1.1,N,0
22.1562,79.04552,305.01,0.4,0.37,2026-05-23,2031,N20,VIIRS,n,2,293.56,0.68,N,0
22.15693,82.094,306.81,0.51,0.41,2026-05-23,2031,N20,VIIRS,n,2,296.63,1.81,N,0
22.15851,77.09934,308.87,0.39,0.36,2026-05-23,2031,N20,VIIRS,n,2,296.63,0.99,N,0
22.16005,76.91203,311.8,0.39,0.36,2026-05-23,2031,N20,VIIRS,n,2,297.87,1.02,N,0
22.17175,77.96873,313.62,0.38,0.36,2026-05-23,2031,N20,VIIRS,n,2,295.82,0.69,N,0
22.18697,78.08569,309.27,0.38,0.36,2026-05-23,2031,N20,VIIRS,n,2,295.62,1.01,N,0
22.18944,76.87466,308.82,0.39,0.36,2026-05-23,2031,N20,VIIRS,n,2,297.98,0.42,N,0
22.20721,84.86162,323.41,0.5,0.49,2026-05-23,2031,N20,VIIRS,n,2,297.55,2.4,N,2
22.21036,77.78958,313.55,0.38,0.36,2026-05-23,2031,N20,VIIRS,n,2,299.12,1.15,N,0
22.21162,84.86266,313.65,0.5,0.49,2026-05-23,2031,N20,VIIRS,n,2,298.45,2.4,N,2
22.21365,77.79018,314.35,0.38,0.36,2026-05-23,2031,N20,VIIRS,n,2,298.82,1.15,N,0
22.21411,84.87312,311.26,0.5,0.49,2026-05-23,2031,N20,VIIRS,n,2,297.98,2.57,N,2
22.21694,77.79079,312.94,0.38,0.36,2026-05-23,2031,N20,VIIRS,n,2,298.7,1.23,N,0
22.2171,76.37875,313.69,0.4,0.37,2026-05-23,2031,N20,VIIRS,n,2,299.51,0.67,N,0
22.21942,84.75673,310.5,0.49,0.48,2026-05-23,2031,N20,VIIRS,n,2,296.82,2.65,N,2
22.24773,76.39536,317.94,0.4,0.37,2026-05-23,2031,N20,VIIRS,n,2,298.74,0.55,N,0
22.26588,75.13365,315.37,0.43,0.38,2026-05-23,2031,N20,VIIRS,n,2,300.48,1.23,N,2
22.26674,74.01692,311.77,0.48,0.4,2026-05-23,2031,N20,VIIRS,n,2,297.23,0.91,N,0
22.27121,76.96152,307.1,0.39,0.36,2026-05-23,2031,N20,VIIRS,n,2,296.38,0.67,N,0
22.29616,81.82191,314.63,0.5,0.41,2026-05-23,2031,N20,VIIRS,n,2,299.91,3.93,N,0
22.30626,77.57121,309.91,0.38,0.36,2026-05-23,2031,N20,VIIRS,n,2,299.02,0.86,N,0
22.30684,77.56751,315.71,0.38,0.36,2026-05-23,2031,N20,VIIRS,n,2,299.37,0.87,N,0
22.3075,77.34306,319.41,0.39,0.36,2026-05-23,2031,N20,VIIRS,n,2,296.54,1.97,N,0
22.30955,77.5718,315.59,0.38,0.36,2026-05-23,2031,N20,VIIRS,n,2,299,0.86,N,0
22.31013,77.5681,312.25,0.38,0.36,2026-05-23,2031,N20,VIIRS,n,2,298.22,0.87,N,0
22.31023,81.82881,312,0.5,0.41,2026-05-23,2031,N20,VIIRS,n,2,301.22,3.94,N,0
22.3132,82.5289,310,0.54,0.42,2026-05-23,2031,N20,VIIRS,n,2,295.12,2.68,N,2
22.31605,82.53487,312.23,0.54,0.42,2026-05-23,2031,N20,VIIRS,n,2,295.31,2.68,N,2
22.31695,82.55119,310.11,0.54,0.42,2026-05-23,2031,N20,VIIRS,n,2,293.74,3.03,N,0
22.32409,77.39162,312.94,0.39,0.36,2026-05-23,2031,N20,VIIRS,n,2,298.44,2.29,N,0
22.333,76.98013,309.09,0.39,0.36,2026-05-23,2031,N20,VIIRS,n,2,297.13,0.93,N,0
22.33315,82.57103,308.77,0.54,0.42,2026-05-23,2031,N20,VIIRS,n,2,291.88,2.68,N,2
22.33601,82.57707,308.37,0.54,0.42,2026-05-23,2031,N20,VIIRS,n,2,293.66,2.13,N,2
22.33612,82.5553,310.07,0.54,0.42,2026-05-23,2031,N20,VIIRS,n,2,294.29,2.8,N,0
22.34108,77.01614,323.61,0.39,0.36,2026-05-23,2031,N20,VIIRS,n,2,297.55,2.1,N,0
22.34299,82.49779,306.14,0.54,0.42,2026-05-23,2031,N20,VIIRS,n,2,293.25,0.56,N,0
22.35414,78.21124,315.52,0.39,0.36,2026-05-23,2031,N20,VIIRS,n,2,297.64,4.6,N,0
22.35446,78.23038,313.2,0.39,0.36,2026-05-23,2031,N20,VIIRS,n,2,295.58,2.58,N,0
22.35505,78.22666,317.39,0.39,0.36,2026-05-23,2031,N20,VIIRS,n,2,296.81,2.58,N,0
22.35651,82.30023,313.24,0.52,0.42,2026-05-23,2031,N20,VIIRS,n,2,297.14,3.33,N,2
22.35935,82.30603,310.38,0.52,0.42,2026-05-23,2031,N20,VIIRS,n,2,299.44,4.2,N,2
22.36554,76.98974,311.74,0.39,0.36,2026-05-23,2031,N20,VIIRS,n,2,297.85,1.15,N,0
22.37731,87.28232,304.17,0.35,0.57,2026-05-23,2031,N20,VIIRS,n,2,293.08,1.22,N,2
22.37993,79.8629,304.41,0.41,0.37,2026-05-23,2031,N20,VIIRS,n,2,293.63,0.24,N,0
22.3915,81.10548,308.83,0.46,0.39,2026-05-23,2031,N20,VIIRS,n,2,298.16,2.5,N,0
22.40432,80.16908,306.96,0.42,0.38,2026-05-23,2031,N20,VIIRS,n,2,293.09,0.55,N,0
22.41744,69.0397,311.82,0.32,0.54,2026-05-23,2031,N20,VIIRS,n,2,297.07,2.66,N,2
22.41793,69.03783,308.3,0.64,0.54,2026-05-23,2031,N20,VIIRS,n,2,296.54,4.67,N,2
22.46155,80.85538,305.38,0.45,0.39,2026-05-23,2031,N20,VIIRS,n,2,293.29,0.69,N,0
22.46369,76.13477,315.81,0.4,0.37,2026-05-23,2031,N20,VIIRS,n,2,300.54,0.96,N,0
22.47471,82.29486,318.02,0.52,0.42,2026-05-23,2031,N20,VIIRS,n,2,300.25,5.06,N,0
22.48318,77.263,330.89,0.39,0.36,2026-05-23,2031,N20,VIIRS,n,2,298.22,7.64,N,0
22.51008,76.99903,307.79,0.39,0.36,2026-05-23,2031,N20,VIIRS,n,2,295.9,0.43,N,0
22.51457,81.6763,307.55,0.49,0.4,2026-05-23,2031,N20,VIIRS,n,2,296.91,1.88,N,0
22.53154,76.10603,324.1,0.4,0.37,2026-05-23,2031,N20,VIIRS,n,2,300.57,1.62,N,0
22.53445,79.21426,315.89,0.4,0.37,2026-05-23,2031,N20,VIIRS,n,2,296.22,4.06,N,0
22.53449,80.08991,305.89,0.42,0.38,2026-05-23,2031,N20,VIIRS,n,2,292.77,0.64,N,0
22.53491,76.10664,346.74,0.4,0.37,2026-05-23,2031,N20,VIIRS,n,2,303.19,6.98,N,0
22.53548,76.10276,336.67,0.4,0.37,2026-05-23,2031,N20,VIIRS,n,2,301,3.53,N,0
22.54935,76.33598,332.83,0.4,0.37,2026-05-23,2031,N20,VIIRS,n,2,301.77,2.33,N,0
22.54986,76.78178,310.21,0.39,0.36,2026-05-23,2031,N20,VIIRS,n,2,299.26,0.22,N,0
22.5784,75.29627,329.97,0.43,0.38,2026-05-23,2031,N20,VIIRS,n,2,295.27,2.23,N,0
22.58078,80.59223,309.03,0.44,0.38,2026-05-23,2031,N20,VIIRS,n,2,297.9,2.24,N,0
22.58187,75.29687,326.07,0.43,0.38,2026-05-23,2031,N20,VIIRS,n,2,295.88,2.23,N,0
22.5925,81.03942,306.6,0.45,0.39,2026-05-23,2031,N20,VIIRS,n,2,292.63,1.41,N,0
22.64281,81.28371,306.88,0.46,0.39,2026-05-23,2031,N20,VIIRS,n,2,295.54,2.31,N,0
22.74008,76.62704,317.24,0.39,0.37,2026-05-23,2031,N20,VIIRS,n,2,301.36,1.3,N,0
22.74466,81.38674,307.81,0.47,0.4,2026-05-23,2031,N20,VIIRS,n,2,295.91,2.12,N,0
22.80236,86.09019,304.08,0.58,0.52,2026-05-23,2031,N20,VIIRS,n,2,287.39,1.35,N,2
22.80668,79.66735,310.05,0.41,0.37,2026-05-23,2031,N20,VIIRS,n,2,293.54,1.78,N,0
22.80748,79.67099,306.08,0.41,0.37,2026-05-23,2031,N20,VIIRS,n,2,293.42,1.11,N,0
22.80815,79.66709,311.38,0.4,0.37,2026-05-23,2031,N20,VIIRS,n,2,293.72,1.11,N,0
22.83433,76.98904,315.44,0.39,0.36,2026-05-23,2031,N20,VIIRS,n,2,300.34,0.96,N,0
22.86136,76.76466,310.38,0.39,0.36,2026-05-23,2031,N20,VIIRS,n,2,299.18,0.54,N,0
22.86178,76.64733,312.83,0.39,0.37,2026-05-23,2031,N20,VIIRS,n,2,299.49,1.08,N,0
22.87356,79.5475,309.21,0.4,0.37,2026-05-23,2031,N20,VIIRS,n,2,294.44,1.04,N,0
22.89165,79.85702,307.95,0.41,0.37,2026-05-23,2031,N20,VIIRS,n,2,289.73,1.48,N,0
22.92715,70.10963,331.35,0.55,0.51,2026-05-23,2031,N20,VIIRS,n,2,298.83,8.11,N,0
22.95662,79.92719,304.06,0.41,0.37,2026-05-23,2031,N20,VIIRS,n,2,292.69,1.15,N,0
22.96,79.92785,304.57,0.41,0.37,2026-05-23,2031,N20,VIIRS,n,2,292.91,1.15,N,0
23.06428,83.053,305.54,0.56,0.43,2026-05-23,2031,N20,VIIRS,n,2,290.64,1.76,N,0
23.06469,83.05101,317.44,0.56,0.43,2026-05-23,2031,N20,VIIRS,n,2,291.63,3.09,N,0
23.06533,83.04762,317.89,0.56,0.43,2026-05-23,2031,N20,VIIRS,n,2,291.68,1.76,N,0
23.0657,83.04562,304.35,0.56,0.43,2026-05-23,2031,N20,VIIRS,n,2,290.58,0.98,N,0
23.13418,76.8271,318.87,0.39,0.36,2026-05-23,2031,N20,VIIRS,n,2,298.49,1.58,N,0
23.1404,77.86797,326.56,0.38,0.36,2026-05-23,2031,N20,VIIRS,n,2,299.98,2.12,N,0
23.16218,82.33788,314.46,0.51,0.41,2026-05-23,2031,N20,VIIRS,n,2,295.82,3.33,N,2
23.16501,82.34358,318.15,0.51,0.41,2026-05-23,2031,N20,VIIRS,n,2,296.63,3.19,N,2
23.16593,82.33863,332.59,0.51,0.41,2026-05-23,2031,N20,VIIRS,n,2,297.45,3.33,N,2
23.16876,82.34434,312.91,0.51,0.41,2026-05-23,2031,N20,VIIRS,n,2,296.16,1.73,N,2
23.22917,83.49908,311.63,0.39,0.44,2026-05-23,2031,N20,VIIRS,n,2,290.67,1.73,N,0
23.23302,77.51308,316.54,0.39,0.36,2026-05-23,2031,N20,VIIRS,n,2,298.1,1.54,N,0
23.24135,78.41089,322.77,0.39,0.36,2026-05-23,2031,N20,VIIRS,n,2,296.27,1.78,N,0
23.25083,76.81877,309.97,0.39,0.36,2026-05-23,2031,N20,VIIRS,n,2,298.51,0.5,N,0
23.26615,78.27735,314.35,0.38,0.36,2026-05-23,2031,N20,VIIRS,n,2,298.79,1.07,N,0
23.31334,71.92645,316.66,0.43,0.46,2026-05-23,2031,N20,VIIRS,n,2,299.72,0.58,N,0
23.35686,78.85265,310.68,0.39,0.36,2026-05-23,2031,N20,VIIRS,n,2,296.63,4.18,N,0
23.35821,77.09446,307.91,0.39,0.36,2026-05-23,2031,N20,VIIRS,n,2,297.17,0.88,N,0
23.38042,78.87564,310.49,0.39,0.36,2026-05-23,2031,N20,VIIRS,n,2,296.18,4,N,0
23.39005,78.20399,311.53,0.38,0.36,2026-05-23,2031,N20,VIIRS,n,2,296.83,0.72,N,0
23.39811,78.80922,317.85,0.39,0.36,2026-05-23,2031,N20,VIIRS,n,2,296.08,4.36,N,0
23.39872,78.80547,309.17,0.39,0.36,2026-05-23,2031,N20,VIIRS,n,2,295.33,3.63,N,0
23.40202,78.8061,313.56,0.39,0.36,2026-05-23,2031,N20,VIIRS,n,2,295.23,3.49,N,0
23.40289,77.75443,329.72,0.38,0.36,2026-05-23,2031,N20,VIIRS,n,2,298.95,2.51,N,0
23.40549,77.88919,310.37,0.38,0.36,2026-05-23,2031,N20,VIIRS,n,2,297.28,0.63,N,0
23.44319,77.78042,309.02,0.38,0.36,2026-05-23,2031,N20,VIIRS,n,2,297.01,1.02,N,0
23.44783,77.81583,320.98,0.38,0.36,2026-05-23,2031,N20,VIIRS,n,2,298.37,1.99,N,0
23.4517,77.8127,312.81,0.38,0.36,2026-05-23,2031,N20,VIIRS,n,2,297.8,0.78,N,0
23.55306,77.79584,310.1,0.38,0.36,2026-05-23,2031,N20,VIIRS,n,2,297.93,0.61,N,0
23.55468,78.27997,312.77,0.38,0.36,2026-05-23,2031,N20,VIIRS,n,2,295.8,0.63,N,0
23.55635,77.79645,311.6,0.38,0.36,2026-05-23,2031,N20,VIIRS,n,2,297.25,0.89,N,0
23.55906,77.8008,310.83,0.38,0.36,2026-05-23,2031,N20,VIIRS,n,2,297.41,1.07,N,0
23.56548,76.73449,309.78,0.4,0.37,2026-05-23,2031,N20,VIIRS,n,2,299.02,0.65,N,0
23.57263,78.29485,308.09,0.38,0.36,2026-05-23,2031,N20,VIIRS,n,2,296.51,0.58,N,0
23.5763,77.71167,311.88,0.39,0.36,2026-05-23,2031,N20,VIIRS,n,2,298.1,0.48,N,0
23.58088,77.41652,311.31,0.39,0.36,2026-05-23,2031,N20,VIIRS,n,2,297.53,0.46,N,0
23.58088,78.28812,313.68,0.38,0.36,2026-05-23,2031,N20,VIIRS,n,2,296.32,0.92,N,0
23.59261,78.44797,309.19,0.38,0.36,2026-05-23,2031,N20,VIIRS,n,2,295.09,1.2,N,0
23.59837,77.63487,312.31,0.39,0.36,2026-05-23,2031,N20,VIIRS,n,2,298.17,0.53,N,0
23.60512,80.33578,300.96,0.42,0.37,2026-05-23,2031,N20,VIIRS,n,2,285.99,2.02,N,0
23.67879,78.18353,325.18,0.38,0.36,2026-05-23,2031,N20,VIIRS,n,2,297.65,1.84,N,0
23.67938,78.17979,311.84,0.38,0.36,2026-05-23,2031,N20,VIIRS,n,2,296.46,1.14,N,0
23.67997,78.17605,313.62,0.38,0.36,2026-05-23,2031,N20,VIIRS,n,2,296.06,1.14,N,0
23.68558,78.35751,334.65,0.38,0.36,2026-05-23,2031,N20,VIIRS,n,2,296.12,2.99,N,0
23.68668,77.12366,310.86,0.39,0.36,2026-05-23,2031,N20,VIIRS,n,2,299.54,1.03,N,0
23.69421,77.91351,311.95,0.38,0.36,2026-05-23,2031,N20,VIIRS,n,2,297.05,0.56,N,0
23.71206,79.05476,317.02,0.39,0.36,2026-05-23,2031,N20,VIIRS,n,2,295.82,3.75,N,0
23.72406,78.11482,307.74,0.38,0.36,2026-05-23,2031,N20,VIIRS,n,2,295.68,0.34,N,0
23.75126,79.33267,312.66,0.39,0.36,2026-05-23,2031,N20,VIIRS,n,2,296.26,2.81,N,0
23.7519,79.32887,339.42,0.39,0.36,2026-05-23,2031,N20,VIIRS,n,2,297.29,2.81,N,0
23.75458,79.33334,311.65,0.39,0.36,2026-05-23,2031,N20,VIIRS,n,2,295.84,2.81,N,0
23.75521,79.32954,336.26,0.39,0.36,2026-05-23,2031,N20,VIIRS,n,2,296.73,2.81,N,0
23.81114,77.26614,309.05,0.39,0.36,2026-05-23,2031,N20,VIIRS,n,2,298.79,0.46,N,0
23.8412,79.09895,310.58,0.39,0.36,2026-05-23,2031,N20,VIIRS,n,2,297.02,3.87,N,0
23.89446,78.04596,308.28,0.38,0.36,2026-05-23,2031,N20,VIIRS,n,2,296.31,0.5,N,0
23.91091,77.52477,330.16,0.39,0.36,2026-05-23,2031,N20,VIIRS,n,2,298.1,3.5,N,0
23.92135,78.15488,310.62,0.38,0.36,2026-05-23,2031,N20,VIIRS,n,2,296.98,0.45,N,0
23.92487,79.37716,311.84,0.39,0.36,2026-05-23,2031,N20,VIIRS,n,2,295.28,2.68,N,0
23.94095,78.11974,317.61,0.38,0.36,2026-05-23,2031,N20,VIIRS,n,2,296.37,1.14,N,0
23.98818,77.83951,310.21,0.38,0.36,2026-05-23,2031,N20,VIIRS,n,2,297.04,0.59,N,0
23.99014,79.39352,315.82,0.39,0.36,2026-05-23,2031,N20,VIIRS,n,2,298.74,3.93,N,2
24.01738,77.62844,311.19,0.39,0.36,2026-05-23,2031,N20,VIIRS,n,2,297.36,0.59,N,0
24.01796,77.62467,308.14,0.39,0.36,2026-05-23,2031,N20,VIIRS,n,2,297.04,0.28,N,0
24.05773,77.87162,309.35,0.38,0.36,2026-05-23,2031,N20,VIIRS,n,2,296.76,0.66,N,0
24.09383,78.05454,306.55,0.38,0.36,2026-05-23,2031,N20,VIIRS,n,2,296.26,0.4,N,0
24.09963,77.90899,307.8,0.38,0.36,2026-05-23,2031,N20,VIIRS,n,2,296.96,1.14,N,0
24.13284,78.00005,306.33,0.38,0.36,2026-05-23,2031,N20,VIIRS,n,2,296.12,0.44,N,0
24.23967,77.72955,313.56,0.39,0.36,2026-05-23,2031,N20,VIIRS,n,2,296.26,3.4,N,0
24.34698,77.47302,312.97,0.39,0.36,2026-05-23,2031,N20,VIIRS,n,2,297.34,4.3,N,0
24.7628,74.60762,315.19,0.48,0.4,2026-05-23,2031,N20,VIIRS,n,2,300.93,2.6,N,2
25.38681,68.58083,311.54,0.37,0.58,2026-05-23,2031,N20,VIIRS,n,2,296.05,0.61,N,2
16.42495,80.66838,309.52,0.52,0.42,2026-05-23,2032,N20,VIIRS,n,2,283.89,2.92,N,0
16.83437,79.43418,311.65,0.45,0.39,2026-05-23,2032,N20,VIIRS,n,2,295.88,3.13,N,0
16.85196,81.2498,315.09,0.56,0.43,2026-05-23,2032,N20,VIIRS,n,2,296.99,4.3,N,0
16.85287,81.24697,311.7,0.56,0.43,2026-05-23,2032,N20,VIIRS,n,2,296.5,3.94,N,0
17.12182,79.90926,314.06,0.47,0.4,2026-05-23,2032,N20,VIIRS,n,2,296.79,5.26,N,0
17.39392,80.43459,334.48,0.49,0.41,2026-05-23,2032,N20,VIIRS,n,2,298.15,12.54,N,0
17.59779,79.72649,310.49,0.45,0.39,2026-05-23,2032,N20,VIIRS,n,2,296.55,5.66,N,0
17.61206,83.20517,321.48,0.47,0.48,2026-05-23,2032,N20,VIIRS,n,2,294.76,4.12,N,2
17.80042,78.14041,304.56,0.4,0.37,2026-05-23,2032,N20,VIIRS,n,2,279.75,0.55,N,0
17.8674,78.47823,315.78,0.41,0.37,2026-05-23,2032,N20,VIIRS,n,2,284.03,1.43,N,0
18.01129,81.14461,315.46,0.53,0.42,2026-05-23,2032,N20,VIIRS,n,2,298.61,7.37,N,0
18.02188,79.71369,310.65,0.45,0.39,2026-05-23,2032,N20,VIIRS,n,2,298.28,0.69,N,0
18.08618,79.94714,314.85,0.46,0.39,2026-05-23,2032,N20,VIIRS,n,2,297.04,4.87,N,0
18.08975,79.94781,337.32,0.46,0.39,2026-05-23,2032,N20,VIIRS,n,2,297.71,4.87,N,0
18.0917,79.47897,325.06,0.44,0.38,2026-05-23,2032,N20,VIIRS,n,2,298.55,5.46,N,0
18.09332,79.94849,329.08,0.46,0.39,2026-05-23,2032,N20,VIIRS,n,2,296.43,3.55,N,0
18.09407,79.94424,311.25,0.46,0.39,2026-05-23,2032,N20,VIIRS,n,2,295.95,3.55,N,0
18.14696,79.68433,317.39,0.45,0.39,2026-05-23,2032,N20,VIIRS,n,2,298.85,1.81,N,0
18.14769,79.68015,336.3,0.45,0.39,2026-05-23,2032,N20,VIIRS,n,2,299.5,3.89,N,0
18.15121,79.68083,317.4,0.45,0.39,2026-05-23,2032,N20,VIIRS,n,2,298.93,3.89,N,0
18.16914,79.59856,329.73,0.44,0.39,2026-05-23,2032,N20,VIIRS,n,2,297.96,5.9,N,0
18.18636,79.45763,308.81,0.44,0.38,2026-05-23,2032,N20,VIIRS,n,2,295.11,3.17,N,0
18.19055,79.45421,322.32,0.44,0.38,2026-05-23,2032,N20,VIIRS,n,2,296.15,3.17,N,0
18.19791,79.59976,313.58,0.44,0.39,2026-05-23,2032,N20,VIIRS,n,2,297.2,4.09,N,0
18.20563,79.59698,312.38,0.44,0.38,2026-05-23,2032,N20,VIIRS,n,2,297.25,3.46,N,0
18.21698,79.50989,313.51,0.44,0.38,2026-05-23,2032,N20,VIIRS,n,2,295.69,4.01,N,0
18.24434,79.83581,315.05,0.45,0.39,2026-05-23,2032,N20,VIIRS,n,2,299.71,1.93,N,0
18.24925,79.57874,310.75,0.44,0.38,2026-05-23,2032,N20,VIIRS,n,2,297.63,4.21,N,0
18.25248,79.34438,318.86,0.43,0.38,2026-05-23,2032,N20,VIIRS,n,2,293.11,4.89,N,0
18.25715,79.82529,319.05,0.45,0.39,2026-05-23,2032,N20,VIIRS,n,2,300.35,2.57,N,0
18.28619,79.36674,315.49,0.43,0.38,2026-05-23,2032,N20,VIIRS,n,2,293.69,4.54,N,0
18.28646,79.55181,325.03,0.44,0.38,2026-05-23,2032,N20,VIIRS,n,2,293.92,4.94,N,0
18.40593,79.40832,317.62,0.43,0.38,2026-05-23,2032,N20,VIIRS,n,2,280.34,2.13,N,0
18.42083,79.65612,313.52,0.44,0.39,2026-05-23,2032,N20,VIIRS,n,2,292.63,4.74,N,0
18.42088,79.6348,317.47,0.44,0.38,2026-05-23,2032,N20,VIIRS,n,2,293.87,4.88,N,0
18.42174,79.54582,309.45,0.44,0.38,2026-05-23,2032,N20,VIIRS,n,2,291.47,2.27,N,0
18.42367,79.6396,322.45,0.44,0.38,2026-05-23,2032,N20,VIIRS,n,2,293.61,5.24,N,0
18.42593,79.54237,312.99,0.44,0.38,2026-05-23,2032,N20,VIIRS,n,2,291.13,3,N,0
18.43058,77.99166,295.96,0.39,0.36,2026-05-23,2032,N20,VIIRS,n,2,262.03,1.11,N,0
18.43291,79.5437,309.95,0.44,0.38,2026-05-23,2032,N20,VIIRS,n,2,290.36,2.86,N,0
18.4333,77.99595,298.87,0.39,0.36,2026-05-23,2032,N20,VIIRS,n,2,262.3,1.33,N,0
18.44894,79.57639,315.11,0.44,0.38,2026-05-23,2032,N20,VIIRS,n,2,291.15,1.5,N,0
18.45202,77.84031,296.83,0.39,0.36,2026-05-23,2032,N20,VIIRS,n,2,257.99,0.69,N,0
18.45244,79.57706,308.69,0.44,0.38,2026-05-23,2032,N20,VIIRS,n,2,291.57,1.5,N,0
18.46709,79.5122,307.57,0.44,0.38,2026-05-23,2032,N20,VIIRS,n,2,288.1,1.7,N,0
18.46782,79.6599,313.89,0.44,0.38,2026-05-23,2032,N20,VIIRS,n,2,294.43,4.95,N,0
18.46847,79.51159,320.41,0.44,0.38,2026-05-23,2032,N20,VIIRS,n,2,288.48,3.38,N,0
18.46927,79.65163,326.24,0.44,0.38,2026-05-23,2032,N20,VIIRS,n,2,296.07,6.56,N,0
18.47057,79.51286,312.23,0.44,0.38,2026-05-23,2032,N20,VIIRS,n,2,288.34,1.7,N,0
18.47205,79.65644,332.72,0.44,0.38,2026-05-23,2032,N20,VIIRS,n,2,295.29,6.46,N,0
18.50571,79.15845,306.81,0.42,0.38,2026-05-23,2032,N20,VIIRS,n,2,265.25,0.47,N,0
18.50778,81.17912,312.38,0.52,0.42,2026-05-23,2032,N20,VIIRS,n,2,297.81,8.27,N,0
18.50915,79.15909,299.51,0.42,0.38,2026-05-23,2032,N20,VIIRS,n,2,267.33,0.47,N,0
18.51735,79.15244,303.62,0.42,0.38,2026-05-23,2032,N20,VIIRS,n,2,267.25,0.63,N,0
18.51802,79.14849,300.05,0.42,0.38,2026-05-23,2032,N20,VIIRS,n,2,269.01,0.63,N,0
18.55063,79.30597,297.27,0.43,0.38,2026-05-23,2032,N20,VIIRS,n,2,253.93,0.83,N,0
18.55086,79.72572,325.26,0.44,0.39,2026-05-23,2032,N20,VIIRS,n,2,298.34,3.81,N,0
18.55159,79.72159,313.33,0.44,0.39,2026-05-23,2032,N20,VIIRS,n,2,297.89,3.81,N,0
18.55437,79.7264,311.68,0.44,0.39,2026-05-23,2032,N20,VIIRS,n,2,298.05,5.59,N,0
18.55978,79.04589,297.86,0.42,0.38,2026-05-23,2032,N20,VIIRS,n,2,268.05,0.41,N,0
18.64241,78.49783,303.67,0.4,0.37,2026-05-23,2032,N20,VIIRS,n,2,276.1,0.69,N,0
18.65222,79.89512,314.27,0.45,0.39,2026-05-23,2032,N20,VIIRS,n,2,297.74,4.83,N,0
18.65628,78.4771,303.69,0.4,0.37,2026-05-23,2032,N20,VIIRS,n,2,275.52,0.74,N,0
18.68138,73.03661,312.47,0.49,0.4,2026-05-23,2032,N20,VIIRS,n,2,275.77,1.09,N,2
18.68203,73.03196,300.6,0.49,0.4,2026-05-23,2032,N20,VIIRS,n,2,275.63,1.09,N,2
18.68445,73.04182,302.36,0.49,0.4,2026-05-23,2032,N20,VIIRS,n,2,276.02,1.77,N,2
18.68574,73.03253,305.02,0.49,0.4,2026-05-23,2032,N20,VIIRS,n,2,275.15,1.09,N,2
18.69186,73.04296,310.84,0.49,0.4,2026-05-23,2032,N20,VIIRS,n,2,275.46,1.87,N,2
18.69251,73.03832,298.41,0.49,0.4,2026-05-23,2032,N20,VIIRS,n,2,274.17,1.03,N,2
18.69801,78.37228,306.95,0.4,0.37,2026-05-23,2032,N20,VIIRS,n,2,283.8,1.05,N,0
18.70136,78.37289,312.4,0.4,0.37,2026-05-23,2032,N20,VIIRS,n,2,284.64,1.05,N,0
18.71774,79.54006,313.05,0.43,0.38,2026-05-23,2032,N20,VIIRS,n,2,294.82,1.8,N,2
18.72123,79.5407,311.63,0.43,0.38,2026-05-23,2032,N20,VIIRS,n,2,294.63,1.8,N,2
18.72193,79.53663,314.73,0.43,0.38,2026-05-23,2032,N20,VIIRS,n,2,294.1,3.61,N,2
18.74151,78.67999,307.5,0.41,0.37,2026-05-23,2032,N20,VIIRS,n,2,283.76,1.78,N,0
18.75965,78.33334,306.72,0.4,0.37,2026-05-23,2032,N20,VIIRS,n,2,286.82,2.09,N,0
18.77094,78.73276,307.36,0.41,0.37,2026-05-23,2032,N20,VIIRS,n,2,283.67,2.5,N,0
18.78214,81.79293,308.88,0.56,0.43,2026-05-23,2032,N20,VIIRS,n,2,296.85,6.53,N,0
18.80568,81.21454,310.64,0.52,0.41,2026-05-23,2032,N20,VIIRS,n,2,297.33,6.09,N,0
18.80865,81.21967,308.55,0.52,0.41,2026-05-23,2032,N20,VIIRS,n,2,296.33,6.79,N,0
18.81342,78.72884,304.31,0.41,0.37,2026-05-23,2032,N20,VIIRS,n,2,285.33,1.9,N,0
18.81616,81.22131,309.54,0.52,0.41,2026-05-23,2032,N20,VIIRS,n,2,296.99,6.5,N,0
18.8204,81.2199,316.39,0.52,0.41,2026-05-23,2032,N20,VIIRS,n,2,297.64,6.47,N,0
18.82071,81.21771,318.7,0.52,0.41,2026-05-23,2032,N20,VIIRS,n,2,298.23,6.47,N,0
18.83433,78.60296,317.68,0.4,0.37,2026-05-23,2032,N20,VIIRS,n,2,288.05,2.61,N,0
18.84798,78.77838,310.58,0.41,0.37,2026-05-23,2032,N20,VIIRS,n,2,293.48,1.87,N,0
18.84863,78.77455,321.52,0.41,0.37,2026-05-23,2032,N20,VIIRS,n,2,293.53,1.87,N,0
18.85201,78.77518,315.25,0.41,0.37,2026-05-23,2032,N20,VIIRS,n,2,293.71,1.87,N,0
18.87625,78.61038,308.18,0.4,0.37,2026-05-23,2032,N20,VIIRS,n,2,282.31,1.02,N,0
18.87695,78.68906,315.05,0.41,0.37,2026-05-23,2032,N20,VIIRS,n,2,292.95,2.83,N,0
18.89944,78.45107,308,0.4,0.37,2026-05-23,2032,N20,VIIRS,n,2,291.34,1.76,N,0
18.90321,78.4285,308.58,0.4,0.37,2026-05-23,2032,N20,VIIRS,n,2,290.84,1.78,N,0
18.91407,80.94015,313.47,0.5,0.41,2026-05-23,2032,N20,VIIRS,n,2,298.93,6.28,N,0
18.91448,79.47832,313.41,0.43,0.38,2026-05-23,2032,N20,VIIRS,n,2,292.94,2.85,N,0
18.91468,78.38032,308.41,0.4,0.37,2026-05-23,2032,N20,VIIRS,n,2,286.73,0.27,N,0
18.91795,79.47897,309.26,0.43,0.38,2026-05-23,2032,N20,VIIRS,n,2,292,2.43,N,0
18.94528,78.4246,310.51,0.4,0.37,2026-05-23,2032,N20,VIIRS,n,2,288.33,0.67,N,0
19.00778,78.72443,320.87,0.41,0.37,2026-05-23,2032,N20,VIIRS,n,2,288.17,2.66,N,0
19.05518,78.14817,309.62,0.39,0.36,2026-05-23,2032,N20,VIIRS,n,2,292.26,1.58,N,0
19.05579,78.14446,310.66,0.39,0.36,2026-05-23,2032,N20,VIIRS,n,2,291.11,1.58,N,0
19.096,82.16869,310.28,0.39,0.44,2026-05-23,2032,N20,VIIRS,n,2,297.96,2.48,N,2
19.09995,82.16953,314.85,0.39,0.44,2026-05-23,2032,N20,VIIRS,n,2,295.61,3.81,N,2
19.12778,78.03946,309.43,0.39,0.36,2026-05-23,2032,N20,VIIRS,n,2,291,1.95,N,0
19.15501,79.89045,316.05,0.44,0.39,2026-05-23,2032,N20,VIIRS,n,2,299.29,7.65,N,0
19.26395,80.01681,313.73,0.45,0.39,2026-05-23,2032,N20,VIIRS,n,2,299.78,6.25,N,0
19.2666,77.9614,309.71,0.39,0.36,2026-05-23,2032,N20,VIIRS,n,2,284.97,0.25,N,0
19.30695,78.38052,310.17,0.4,0.37,2026-05-23,2032,N20,VIIRS,n,2,295.17,0.73,N,0
19.35351,78.34268,336.35,0.4,0.37,2026-05-23,2032,N20,VIIRS,n,2,297.23,3.11,N,0
19.36002,76.58334,330.47,0.39,0.36,2026-05-23,2032,N20,VIIRS,n,2,298.48,3,N,0
19.36842,71.355,311.96,0.42,0.45,2026-05-23,2032,N20,VIIRS,n,2,289.22,4.15,N,3
19.37256,71.35559,336.07,0.42,0.45,2026-05-23,2032,N20,VIIRS,n,2,290.48,4.15,N,3
19.37304,71.35163,326.43,0.42,0.45,2026-05-23,2032,N20,VIIRS,n,2,290.06,6.65,N,3
19.44247,79.35981,311.48,0.42,0.38,2026-05-23,2032,N20,VIIRS,n,2,300.77,0.9,N,0
19.44589,79.36047,312.84,0.42,0.38,2026-05-23,2032,N20,VIIRS,n,2,300.34,0.81,N,0
19.47348,74.04766,319.9,0.45,0.39,2026-05-23,2032,N20,VIIRS,n,2,294.92,2.34,N,0
19.47644,74.05238,309.33,0.45,0.39,2026-05-23,2032,N20,VIIRS,n,2,294.57,1.85,N,0
19.5183,79.47097,321.18,0.42,0.38,2026-05-23,2032,N20,VIIRS,n,2,302.67,2.32,N,0
19.51899,79.5085,316.6,0.43,0.38,2026-05-23,2032,N20,VIIRS,n,2,300.98,1.93,N,0
19.52518,79.49314,315.88,0.43,0.38,2026-05-23,2032,N20,VIIRS,n,2,299.61,1.24,N,0
19.54636,79.16194,310.99,0.41,0.37,2026-05-23,2032,N20,VIIRS,n,2,299.45,0.99,N,0
19.55226,75.99722,309.44,0.39,0.36,2026-05-23,2032,N20,VIIRS,n,2,297.58,0.76,N,0
19.61237,79.37321,313.22,0.42,0.38,2026-05-23,2032,N20,VIIRS,n,2,301.26,1.29,N,0
19.66279,78.97527,314.27,0.41,0.37,2026-05-23,2032,N20,VIIRS,n,2,300.51,1.23,N,0
19.66833,81.38419,305.53,0.51,0.41,2026-05-23,2032,N20,VIIRS,n,2,295.33,1.74,N,0
19.68069,79.69181,308.6,0.43,0.38,2026-05-23,2032,N20,VIIRS,n,2,298.25,0.54,N,0
19.76563,79.52909,306.72,0.42,0.38,2026-05-23,2032,N20,VIIRS,n,2,296.26,0.47,N,0
19.78754,79.1503,313.6,0.41,0.37,2026-05-23,2032,N20,VIIRS,n,2,302.64,1.45,N,2
19.87755,79.11876,319.32,0.41,0.37,2026-05-23,2032,N20,VIIRS,n,2,300.2,1.8,N,0
19.88094,79.11939,310.96,0.41,0.37,2026-05-23,2032,N20,VIIRS,n,2,300.09,0.82,N,0
19.90639,75.8101,310.41,0.4,0.37,2026-05-23,2032,N20,VIIRS,n,2,298.19,0.58,N,0
19.9297,79.12058,315.9,0.41,0.37,2026-05-23,2032,N20,VIIRS,n,2,301.84,1.98,N,0
19.99707,79.1805,310.61,0.41,0.37,2026-05-23,2032,N20,VIIRS,n,2,300.37,1.02,N,0
20.0214,79.0572,311.76,0.41,0.37,2026-05-23,2032,N20,VIIRS,n,2,301.05,1.41,N,0
20.02437,80.60222,305,0.47,0.39,2026-05-23,2032,N20,VIIRS,n,2,287.7,1.16,N,0
20.02514,80.5978,303.6,0.47,0.39,2026-05-23,2032,N20,VIIRS,n,2,287.26,1.07,N,0
20.0262,80.60109,316.84,0.47,0.39,2026-05-23,2032,N20,VIIRS,n,2,288.42,1.43,N,0
20.02868,78.63042,312.66,0.4,0.37,2026-05-23,2032,N20,VIIRS,n,2,296.45,2.3,N,0
20.0293,78.62666,314.99,0.4,0.37,2026-05-23,2032,N20,VIIRS,n,2,297.8,2.3,N,0
20.03505,79.55665,313.98,0.42,0.38,2026-05-23,2032,N20,VIIRS,n,2,302.59,2.13,N,0
20.04948,79.55523,325.68,0.42,0.38,2026-05-23,2032,N20,VIIRS,n,2,303.03,2.94,N,0
20.05017,79.55121,316,0.42,0.38,2026-05-23,2032,N20,VIIRS,n,2,302.01,2.21,N,0
20.0536,79.55186,322.61,0.42,0.38,2026-05-23,2032,N20,VIIRS,n,2,302.01,2.46,N,0
20.0591,74.922,299.86,0.42,0.38,2026-05-23,2032,N20,VIIRS,n,2,277.6,0.27,N,0
20.06352,74.16675,306.35,0.45,0.39,2026-05-23,2032,N20,VIIRS,n,2,292.18,1.36,N,0
20.07098,75.5058,312.76,0.4,0.37,2026-05-23,2032,N20,VIIRS,n,2,297.15,0.61,N,0
20.08744,75.9817,309.44,0.39,0.37,2026-05-23,2032,N20,VIIRS,n,2,293.26,0.32,N,0
20.11043,80.64966,314.24,0.47,0.39,2026-05-23,2032,N20,VIIRS,n,2,285.9,1.35,N,0
20.11295,74.93404,306.44,0.42,0.38,2026-05-23,2032,N20,VIIRS,n,2,290.09,1.65,N,0
20.17463,75.30322,328.54,0.41,0.37,2026-05-23,2032,N20,VIIRS,n,2,297.87,1.77,N,0
20.19703,75.43427,310.38,0.41,0.37,2026-05-23,2032,N20,VIIRS,n,2,297.84,0.79,N,0
20.21094,75.60585,308.81,0.4,0.37,2026-05-23,2032,N20,VIIRS,n,2,297.74,0.27,N,0
20.23178,75.85905,311.54,0.4,0.37,2026-05-23,2032,N20,VIIRS,n,2,298.49,0.54,N,0
20.26534,77.99489,316.75,0.39,0.36,2026-05-23,2032,N20,VIIRS,n,2,296.96,4.1,N,0
20.37193,75.3422,310.45,0.41,0.37,2026-05-23,2032,N20,VIIRS,n,2,297.15,0.73,N,0
20.37609,75.93282,318.38,0.4,0.37,2026-05-23,2032,N20,VIIRS,n,2,298.64,1.09,N,0
20.4077,75.33609,332.64,0.41,0.37,2026-05-23,2032,N20,VIIRS,n,2,297.21,2.65,N,0
20.50878,75.36337,315.54,0.41,0.37,2026-05-23,2032,N20,VIIRS,n,2,297.65,1.2,N,0
20.5771,73.91719,309.06,0.47,0.4,2026-05-23,2032,N20,VIIRS,n,2,293.81,1.28,N,0
20.72251,75.65095,322.59,0.4,0.37,2026-05-23,2032,N20,VIIRS,n,2,299.24,1.83,N,0
14.30319,78.18379,302.43,0.43,0.38,2026-05-23,2033,N20,VIIRS,n,2,267.71,0.57,N,0
15.04597,80.01297,313.76,0.5,0.41,2026-05-23,2033,N20,VIIRS,n,2,297.09,7.56,N,0
15.605,79.87069,311.19,0.49,0.4,2026-05-23,2033,N20,VIIRS,n,2,297.81,1.02,N,0
15.99169,80.06528,309.58,0.49,0.4,2026-05-23,2033,N20,VIIRS,n,2,296.44,3.71,N,0
11.81776,77.91693,303.51,0.44,0.38,2026-05-23,2034,N20,VIIRS,n,2,283.65,0.81,N,2
12.74566,77.62035,321.09,0.42,0.38,2026-05-23,2034,N20,VIIRS,n,2,285.81,1.78,N,0
13.01384,77.40049,308.4,0.41,0.37,2026-05-23,2034,N20,VIIRS,n,2,282.55,1.03,N,0
13.04861,77.67805,299.16,0.42,0.38,2026-05-23,2034,N20,VIIRS,n,2,275.73,0.59,N,0
6.95921,79.95645,309.38,0.44,0.46,2026-05-23,2035,N20,VIIRS,n,2,292.12,2.55,N,0
6.95923,79.95737,316,0.44,0.46,2026-05-23,2035,N20,VIIRS,n,2,291.58,3.48,N,0
6.96275,79.96107,303.79,0.44,0.46,2026-05-23,2035,N20,VIIRS,n,2,291.96,2.31,N,0
6.9628,79.96201,304.12,0.44,0.46,2026-05-23,2035,N20,VIIRS,n,2,292,2.77,N,0
7.03577,79.88917,311.68,0.43,0.46,2026-05-23,2035,N20,VIIRS,n,2,291.41,1.89,N,0
27.91104,69.48035,304.05,0.75,0.77,2026-05-23,2210,N20,VIIRS,n,2,291.18,1.2,N,0
25.38646,68.58352,303.16,0.77,0.77,2026-05-23,2211,N20,VIIRS,n,2,292.68,0.65,N,2