latitude,longitude,bright_ti4,scan,track,acq_date,acq_time,satellite,instrument,confidence,version,bright_ti5,frp,daynight,type
21.30977,97.88485,325.35,0.77,0.77,2026-01-17,542,N20,VIIRS,n,2,294.43,4.39,D,0
23.10176,97.52436,326.64,0.73,0.76,2026-01-17,543,N20,VIIRS,n,2,292.31,4.48,D,0
23.10803,97.37988,334.57,0.75,0.77,2026-01-17,543,N20,VIIRS,n,2,294.42,7.22,D,0
27.28094,97.49476,328,0.59,0.7,2026-01-17,544,N20,VIIRS,n,2,292.58,5.58,D,0
27.28242,97.50053,344.17,0.59,0.7,2026-01-17,544,N20,VIIRS,n,2,293.92,15.79,D,0
27.28358,97.49336,328.99,0.59,0.7,2026-01-17,544,N20,VIIRS,n,2,292.54,11.18,D,0
27.2839,97.50629,367,0.58,0.7,2026-01-17,544,N20,VIIRS,h,2,294.15,15.79,D,0
27.28509,97.49908,340.65,0.58,0.7,2026-01-17,544,N20,VIIRS,n,2,292.81,11.18,D,0
27.2866,97.50481,367,0.58,0.7,2026-01-17,544,N20,VIIRS,h,2,293.62,24.08,D,0
28.08396,95.61544,328.65,0.72,0.76,2026-01-17,544,N20,VIIRS,n,2,292.17,4.97,D,0
9.28516,77.80364,334.39,0.61,0.71,2026-01-17,720,N20,VIIRS,n,2,297.04,3.66,D,0
11.74308,78.14957,330.59,0.52,0.67,2026-01-17,721,N20,VIIRS,n,2,299.11,3.36,D,0
11.79904,76.55728,328.98,0.66,0.73,2026-01-17,721,N20,VIIRS,n,2,298.2,4.23,D,0
11.8026,76.55467,332.83,0.66,0.73,2026-01-17,721,N20,VIIRS,n,2,298.27,5.97,D,0
12.46619,79.04057,367,0.44,0.62,2026-01-17,721,N20,VIIRS,h,2,303.37,9.05,D,0
12.48573,79.75517,339.54,0.39,0.59,2026-01-17,721,N20,VIIRS,n,2,297.84,2.88,D,0
12.66492,78.49625,333,0.47,0.64,2026-01-17,721,N20,VIIRS,n,2,301.35,3.88,D,0
12.66571,78.50018,338.52,0.47,0.64,2026-01-17,721,N20,VIIRS,n,2,299.93,3.88,D,0
12.68194,77.35602,367,0.56,0.69,2026-01-17,721,N20,VIIRS,h,2,302.55,31.72,D,0
12.71459,78.56434,330.3,0.47,0.64,2026-01-17,721,N20,VIIRS,l,2,300.91,2.52,D,0
12.75329,77.70762,335.31,0.53,0.67,2026-01-17,721,N20,VIIRS,n,2,299.19,2.74,D,0
12.85359,77.32926,337.77,0.56,0.69,2026-01-17,721,N20,VIIRS,n,2,300.62,5.12,D,0
12.86555,77.34613,337.85,0.56,0.69,2026-01-17,721,N20,VIIRS,n,2,301.89,3.18,D,0
13.11394,78.42632,337.22,0.47,0.64,2026-01-17,721,N20,VIIRS,n,2,302.36,5.65,D,0
13.12557,78.21693,330.41,0.48,0.65,2026-01-17,721,N20,VIIRS,n,2,304.48,2.84,D,0
13.13703,76.0953,329.67,0.67,0.74,2026-01-17,721,N20,VIIRS,l,2,303.65,9.28,D,0
13.30936,79.58697,349.67,0.39,0.59,2026-01-17,721,N20,VIIRS,n,2,301.04,5.3,D,0
13.5135,79.08989,353.92,0.41,0.61,2026-01-17,721,N20,VIIRS,n,2,303.34,9.25,D,0
13.51352,79.08907,351.36,0.41,0.61,2026-01-17,721,N20,VIIRS,n,2,301.31,10.98,D,0
13.51429,79.09303,367,0.41,0.61,2026-01-17,721,N20,VIIRS,h,2,302.76,10.98,D,0
13.5143,79.09383,348.71,0.41,0.61,2026-01-17,721,N20,VIIRS,n,2,301.2,9.25,D,0
13.51904,79.08894,342.47,0.41,0.61,2026-01-17,721,N20,VIIRS,n,2,296.85,3.11,D,0
13.52927,76.81599,347.42,0.59,0.7,2026-01-17,721,N20,VIIRS,n,2,302.91,7.42,D,0
13.58927,77.22266,330.15,0.55,0.68,2026-01-17,721,N20,VIIRS,l,2,301.51,6.4,D,0
13.59222,77.21104,336.13,0.55,0.68,2026-01-17,721,N20,VIIRS,n,2,301.73,4.42,D,0
13.59366,77.21258,350.34,0.55,0.68,2026-01-17,721,N20,VIIRS,n,2,301.97,9.32,D,0
13.59845,77.21005,337.94,0.55,0.68,2026-01-17,721,N20,VIIRS,n,2,297.42,4.42,D,0
13.65133,77.13194,334.79,0.56,0.69,2026-01-17,721,N20,VIIRS,n,2,301.34,2.99,D,0
13.68248,78.90331,335.34,0.42,0.61,2026-01-17,721,N20,VIIRS,n,2,302.48,3.7,D,0
13.68708,78.90332,336.56,0.42,0.61,2026-01-17,721,N20,VIIRS,n,2,301.39,3.25,D,0
13.69949,77.81831,343.83,0.5,0.66,2026-01-17,721,N20,VIIRS,n,2,301.5,3.75,D,0
13.70274,77.8197,335.01,0.5,0.66,2026-01-17,721,N20,VIIRS,n,2,299.63,5.95,D,0
13.73074,76.42663,334.75,0.62,0.71,2026-01-17,721,N20,VIIRS,n,2,300.98,5.25,D,0
13.73108,76.42879,337.84,0.62,0.71,2026-01-17,721,N20,VIIRS,n,2,300.44,3.91,D,0
13.7726,78.80962,367,0.43,0.62,2026-01-17,721,N20,VIIRS,h,2,303.72,6.18,D,0
13.88175,77.1677,342.44,0.55,0.68,2026-01-17,721,N20,VIIRS,n,2,302.04,4.86,D,0
13.8834,77.17002,332.2,0.55,0.68,2026-01-17,721,N20,VIIRS,l,2,302.28,5.1,D,0
14.00163,76.17542,330.54,0.64,0.72,2026-01-17,721,N20,VIIRS,n,2,301.96,2.45,D,0
14.03791,76.31698,336.28,0.62,0.71,2026-01-17,721,N20,VIIRS,n,2,304.42,4.87,D,0
14.03809,76.31622,334.51,0.62,0.71,2026-01-17,721,N20,VIIRS,n,2,303.93,5.91,D,0
14.09032,75.59383,342.98,0.69,0.74,2026-01-17,721,N20,VIIRS,n,2,301.76,7.57,D,0
14.09169,75.60008,337.49,0.69,0.74,2026-01-17,721,N20,VIIRS,n,2,303.56,7.57,D,0
14.09431,75.59238,335.3,0.69,0.74,2026-01-17,721,N20,VIIRS,n,2,300.89,12.6,D,0
14.0956,75.5985,342.79,0.69,0.74,2026-01-17,721,N20,VIIRS,n,2,302.2,20.75,D,0
14.0982,75.59776,336.35,0.69,0.74,2026-01-17,721,N20,VIIRS,n,2,300.83,8.68,D,0
14.10967,77.8149,341.35,0.49,0.65,2026-01-17,721,N20,VIIRS,n,2,301.82,6.51,D,0
14.14578,77.05781,330.11,0.55,0.68,2026-01-17,721,N20,VIIRS,l,2,300.64,1.74,D,0
14.1737,77.65717,332.71,0.5,0.66,2026-01-17,721,N20,VIIRS,n,2,302.2,3.13,D,0
14.20133,77.97269,337.14,0.48,0.64,2026-01-17,721,N20,VIIRS,n,2,301.88,3.96,D,0
14.31263,76.30671,337.23,0.61,0.71,2026-01-17,721,N20,VIIRS,n,2,306.48,7.56,D,0
14.31377,78.40881,332.49,0.44,0.63,2026-01-17,721,N20,VIIRS,n,2,304.75,3.02,D,0
14.32964,77.26963,351.93,0.53,0.67,2026-01-17,721,N20,VIIRS,n,2,303.01,6.39,D,0
14.32991,77.26907,353.1,0.53,0.67,2026-01-17,721,N20,VIIRS,n,2,303.05,6.27,D,0
14.52621,77.76445,340.11,0.49,0.65,2026-01-17,721,N20,VIIRS,n,2,303.43,3.15,D,0
14.86575,77.8057,347.62,0.48,0.64,2026-01-17,721,N20,VIIRS,n,2,301.92,6.04,D,0
14.92188,78.93502,332.4,0.4,0.6,2026-01-17,721,N20,VIIRS,n,2,302.67,2.62,D,0
14.98856,76.85816,367,0.55,0.68,2026-01-17,721,N20,VIIRS,h,2,305.64,12,D,0
15.15341,77.4268,334.35,0.5,0.66,2026-01-17,721,N20,VIIRS,n,2,303.57,2.76,D,0
15.19767,77.43164,331.38,0.5,0.65,2026-01-17,721,N20,VIIRS,n,2,300.76,1.48,D,0
15.34234,77.95924,332.49,0.45,0.63,2026-01-17,721,N20,VIIRS,l,2,303.04,1.8,D,0
15.48607,97.81332,341.81,0.36,0.57,2026-01-17,721,N20,VIIRS,n,2,302.31,2.83,D,0
15.52729,80.02029,331.78,0.33,0.55,2026-01-17,721,N20,VIIRS,n,2,303.35,1.69,D,0
15.86979,94.98798,337.82,0.47,0.48,2026-01-17,721,N20,VIIRS,n,2,303.86,7.38,D,0
16.02908,94.53385,367,0.44,0.46,2026-01-17,721,N20,VIIRS,h,2,301.19,8.99,D,0
16.02959,94.53796,341.01,0.44,0.46,2026-01-17,721,N20,VIIRS,n,2,290.52,2.23,D,0
16.03333,94.53329,346.49,0.44,0.46,2026-01-17,721,N20,VIIRS,n,2,300.07,8.41,D,0
16.07104,94.69762,335.43,0.45,0.47,2026-01-17,721,N20,VIIRS,n,2,305.4,7.98,D,0
16.07157,94.70184,338.6,0.45,0.47,2026-01-17,721,N20,VIIRS,n,2,301.48,4.37,D,0
16.09198,95.7142,341.79,0.53,0.5,2026-01-17,721,N20,VIIRS,n,2,306.78,8.53,D,0
16.27913,97.51726,338.81,0.35,0.57,2026-01-17,721,N20,VIIRS,n,2,299.72,3.3,D,0
16.36305,96.19469,339.77,0.57,0.52,2026-01-17,721,N20,VIIRS,n,2,298.22,8.03,D,0
16.42247,96.20188,340.06,0.57,0.52,2026-01-17,721,N20,VIIRS,n,2,301.04,6.2,D,0
16.4256,96.2727,335.05,0.58,0.52,2026-01-17,721,N20,VIIRS,n,2,302.66,4.39,D,0
16.42599,96.27455,337.92,0.58,0.52,2026-01-17,721,N20,VIIRS,n,2,302.91,5.55,D,0
16.48631,95.05345,331.58,0.48,0.48,2026-01-17,721,N20,VIIRS,n,2,299.44,2.33,D,0
16.52549,96.41679,337.52,0.59,0.53,2026-01-17,721,N20,VIIRS,n,2,305.06,5.86,D,0
16.52777,97.79523,346.12,0.37,0.58,2026-01-17,721,N20,VIIRS,n,2,302.32,4.42,D,0
16.55746,97.86927,330.58,0.37,0.58,2026-01-17,721,N20,VIIRS,n,2,299.6,1.95,D,0
16.61275,96.3755,333.44,0.59,0.53,2026-01-17,721,N20,VIIRS,n,2,304.36,4.59,D,0
16.66193,97.85033,367,0.37,0.58,2026-01-17,721,N20,VIIRS,h,2,301.51,6.83,D,0
16.80434,94.91216,333.74,0.48,0.48,2026-01-17,721,N20,VIIRS,n,2,303.19,2.3,D,0
16.80436,94.91118,330.5,0.48,0.48,2026-01-17,721,N20,VIIRS,n,2,303.65,2.64,D,0
16.91122,97.70322,333.65,0.37,0.58,2026-01-17,721,N20,VIIRS,n,2,300.52,2.97,D,0
16.91282,97.70448,336.11,0.37,0.58,2026-01-17,721,N20,VIIRS,n,2,300.82,2.61,D,0
16.97775,97.76972,350.11,0.37,0.58,2026-01-17,721,N20,VIIRS,n,2,302.68,3.35,D,0
17.1362,96.3637,337.64,0.6,0.53,2026-01-17,721,N20,VIIRS,n,2,303.91,9.43,D,0
17.25945,95.05802,340.27,0.49,0.49,2026-01-17,721,N20,VIIRS,n,2,304.59,6.3,D,0
17.26134,95.05775,340.5,0.49,0.49,2026-01-17,721,N20,VIIRS,n,2,303.15,4.41,D,0
17.29485,94.97385,345.46,0.49,0.48,2026-01-17,721,N20,VIIRS,n,2,313.48,47.61,D,0
17.36937,95.80917,330.14,0.55,0.51,2026-01-17,721,N20,VIIRS,l,2,303.14,4.6,D,0
17.5163,96.80463,336.14,0.32,0.55,2026-01-17,721,N20,VIIRS,n,2,302.51,3.34,D,0
17.52054,94.9531,332.45,0.49,0.49,2026-01-17,721,N20,VIIRS,n,2,302.18,3.49,D,0
17.58831,96.72108,345.53,0.32,0.55,2026-01-17,721,N20,VIIRS,n,2,302.24,2.96,D,0
17.71951,96.66708,330.7,0.32,0.55,2026-01-17,721,N20,VIIRS,n,2,300.32,2.8,D,0
17.72419,96.66348,330.79,0.32,0.55,2026-01-17,721,N20,VIIRS,n,2,299.4,2.85,D,0
17.73891,95.02298,332.97,0.5,0.49,2026-01-17,721,N20,VIIRS,n,2,301.67,2.6,D,0
17.8065,95.84808,340.07,0.57,0.52,2026-01-17,721,N20,VIIRS,n,2,302.92,4.67,D,0
17.83044,95.202,345.52,0.51,0.5,2026-01-17,721,N20,VIIRS,n,2,302.61,16.24,D,0
17.91616,95.2606,329.72,0.52,0.5,2026-01-17,721,N20,VIIRS,l,2,303.13,1.64,D,0
17.92485,96.73247,331.55,0.32,0.55,2026-01-17,721,N20,VIIRS,n,2,297.25,2.34,D,0
17.9311,95.26875,331.82,0.52,0.5,2026-01-17,721,N20,VIIRS,l,2,306.15,4.25,D,0
18.10197,95.13763,334.95,0.51,0.5,2026-01-17,721,N20,VIIRS,n,2,304.97,1.96,D,0
14.84439,75.33212,330.61,0.69,0.75,2026-01-17,722,N20,VIIRS,n,2,303.48,5.49,D,0
14.9403,75.59291,347.87,0.66,0.73,2026-01-17,722,N20,VIIRS,n,2,304.1,10.13,D,0
14.94281,75.5925,351.54,0.66,0.73,2026-01-17,722,N20,VIIRS,n,2,304.16,15.54,D,0
15.19569,77.0852,367,0.52,0.67,2026-01-17,722,N20,VIIRS,h,2,303.5,9.79,D,0
15.26613,77.02962,331.81,0.53,0.67,2026-01-17,722,N20,VIIRS,n,2,302.24,6.21,D,0
15.26711,77.03436,331.32,0.53,0.67,2026-01-17,722,N20,VIIRS,n,2,299.9,5.19,D,0
15.26777,77.03257,344.49,0.53,0.67,2026-01-17,722,N20,VIIRS,n,2,300.78,6.69,D,0
15.34352,77.95972,342.79,0.45,0.63,2026-01-17,722,N20,VIIRS,n,2,303.47,3.59,D,0
15.3598,76.62675,346.27,0.56,0.69,2026-01-17,722,N20,VIIRS,n,2,302.16,5.75,D,0
15.46137,77.92436,335.28,0.45,0.63,2026-01-17,722,N20,VIIRS,n,2,301.02,1.91,D,0
15.6961,76.59555,333.62,0.55,0.68,2026-01-17,722,N20,VIIRS,n,2,303.67,4.05,D,0
15.75636,76.69548,344.05,0.54,0.68,2026-01-17,722,N20,VIIRS,n,2,301.99,4.84,D,0
15.75676,79.3009,331.29,0.36,0.58,2026-01-17,722,N20,VIIRS,l,2,303.88,2.99,D,0
15.75748,76.69794,333.48,0.54,0.68,2026-01-17,722,N20,VIIRS,n,2,300.5,5.62,D,0
15.76196,79.29974,331.52,0.36,0.58,2026-01-17,722,N20,VIIRS,l,2,303.91,2.99,D,0
15.77123,77.06508,334.93,0.51,0.66,2026-01-17,722,N20,VIIRS,n,2,304.54,3.55,D,0
15.79581,76.40641,332.35,0.56,0.69,2026-01-17,722,N20,VIIRS,n,2,305.36,2.83,D,0
15.86131,76.73891,347.55,0.54,0.67,2026-01-17,722,N20,VIIRS,n,2,302.59,4.83,D,0
15.86176,76.73966,346.11,0.53,0.67,2026-01-17,722,N20,VIIRS,n,2,301.39,6.1,D,0
15.91881,75.95652,336.44,0.6,0.71,2026-01-17,722,N20,VIIRS,n,2,300.98,9.25,D,0
15.91993,75.96173,336.57,0.6,0.71,2026-01-17,722,N20,VIIRS,n,2,301.16,6.08,D,0
15.92034,75.95545,334.25,0.6,0.71,2026-01-17,722,N20,VIIRS,n,2,300.32,7.38,D,0
15.92147,75.96058,349.78,0.6,0.71,2026-01-17,722,N20,VIIRS,n,2,301.57,7.38,D,0
15.92619,75.95988,338.06,0.6,0.71,2026-01-17,722,N20,VIIRS,n,2,299.28,6.08,D,0
16.0084,77.53636,332.33,0.47,0.64,2026-01-17,722,N20,VIIRS,n,2,303.37,3.34,D,0
16.00859,77.53655,332.47,0.47,0.64,2026-01-17,722,N20,VIIRS,n,2,303.53,2.44,D,0
16.05927,76.21461,336.05,0.57,0.69,2026-01-17,722,N20,VIIRS,n,2,306.13,2.91,D,0
16.08175,77.17171,330.95,0.5,0.65,2026-01-17,722,N20,VIIRS,n,2,301.68,1.38,D,0
16.14883,77.15028,331.41,0.5,0.65,2026-01-17,722,N20,VIIRS,n,2,303.44,3.09,D,0
16.14952,79.1179,339.74,0.37,0.58,2026-01-17,722,N20,VIIRS,n,2,302.14,2.84,D,0
16.15165,77.15165,333.67,0.5,0.65,2026-01-17,722,N20,VIIRS,n,2,302.78,3.43,D,0
16.15282,77.12759,333.96,0.5,0.66,2026-01-17,722,N20,VIIRS,n,2,304.19,2.26,D,0
16.15474,77.149,330.38,0.5,0.65,2026-01-17,722,N20,VIIRS,n,2,303.99,2.26,D,0
16.17877,78.00684,334.22,0.43,0.62,2026-01-17,722,N20,VIIRS,n,2,302.52,2.52,D,0
16.19744,76.28944,349.29,0.56,0.69,2026-01-17,722,N20,VIIRS,n,2,303.37,7.35,D,0
16.19967,76.29023,367,0.56,0.69,2026-01-17,722,N20,VIIRS,h,2,303.58,10.03,D,0
16.24574,75.93629,330.87,0.59,0.7,2026-01-17,722,N20,VIIRS,n,2,303.72,2.47,D,0
16.25635,75.60882,345.88,0.62,0.72,2026-01-17,722,N20,VIIRS,n,2,302.48,6.69,D,0
16.25636,75.60804,345.86,0.62,0.72,2026-01-17,722,N20,VIIRS,n,2,302.85,7.04,D,0
16.28308,78.97051,346.5,0.37,0.58,2026-01-17,722,N20,VIIRS,n,2,303.52,5.27,D,0
16.41215,77.33529,343.42,0.48,0.64,2026-01-17,722,N20,VIIRS,n,2,302.16,3.94,D,0
16.4133,77.33739,338.52,0.48,0.64,2026-01-17,722,N20,VIIRS,n,2,300.63,4.14,D,0
16.44516,79.45041,353.44,0.34,0.56,2026-01-17,722,N20,VIIRS,n,2,305.93,4.93,D,0
16.62067,77.23295,338.15,0.48,0.65,2026-01-17,722,N20,VIIRS,n,2,304.57,2.81,D,0
16.65143,77.32433,335.2,0.47,0.64,2026-01-17,722,N20,VIIRS,n,2,303.16,3.19,D,0
16.67124,76.58594,330.04,0.53,0.67,2026-01-17,722,N20,VIIRS,n,2,302.6,4.52,D,0
16.69049,77.42274,332.84,0.46,0.64,2026-01-17,722,N20,VIIRS,l,2,303.16,2.46,D,0
16.71695,78.39947,330.65,0.4,0.6,2026-01-17,722,N20,VIIRS,l,2,304.1,4.16,D,0
16.75192,80.75945,338.88,0.56,0.51,2026-01-17,722,N20,VIIRS,n,2,301.43,7,D,0
16.75971,78.21735,337.6,0.41,0.61,2026-01-17,722,N20,VIIRS,n,2,305.2,3.4,D,0
16.87319,78.34902,333.5,0.4,0.6,2026-01-17,722,N20,VIIRS,n,2,305.02,2.06,D,0
16.9214,80.48114,339.86,0.58,0.52,2026-01-17,722,N20,VIIRS,n,2,303.52,5.52,D,0
16.92263,76.95549,330.15,0.49,0.65,2026-01-17,722,N20,VIIRS,n,2,303.35,2.78,D,0
16.94171,79.37056,337.7,0.34,0.56,2026-01-17,722,N20,VIIRS,n,2,305.26,3.55,D,0
17.0072,80.76347,339.6,0.55,0.51,2026-01-17,722,N20,VIIRS,n,2,303.55,27.24,D,0
17.00842,80.76054,342.01,0.55,0.51,2026-01-17,722,N20,VIIRS,n,2,304.5,18.37,D,0
17.06837,78.34921,334.76,0.4,0.6,2026-01-17,722,N20,VIIRS,n,2,308.3,2.18,D,0
17.09788,76.29011,330.21,0.54,0.68,2026-01-17,722,N20,VIIRS,n,2,303.32,2.68,D,0
17.16577,78.07774,335.37,0.41,0.61,2026-01-17,722,N20,VIIRS,n,2,304.5,3.05,D,0
17.18372,78.0815,333.95,0.41,0.61,2026-01-17,722,N20,VIIRS,n,2,303.68,2.12,D,0
17.1845,81.90467,336.88,0.46,0.47,2026-01-17,722,N20,VIIRS,n,2,300.64,2.44,D,0
17.24966,76.1104,350.61,0.55,0.68,2026-01-17,722,N20,VIIRS,n,2,300.38,16.14,D,0
17.25078,76.11544,367,0.55,0.68,2026-01-17,722,N20,VIIRS,h,2,297.63,15.08,D,0
17.25151,76.11408,367,0.55,0.68,2026-01-17,722,N20,VIIRS,h,2,300.58,19.01,D,0
17.31675,78.11564,343.8,0.41,0.6,2026-01-17,722,N20,VIIRS,n,2,306.6,3.12,D,0
17.35798,77.23942,333.75,0.46,0.64,2026-01-17,722,N20,VIIRS,n,2,304.88,8.75,D,0
17.35839,77.24292,367,0.46,0.64,2026-01-17,722,N20,VIIRS,h,2,306.48,18.48,D,0
17.35891,77.24368,367,0.46,0.64,2026-01-17,722,N20,VIIRS,h,2,301.82,11.08,D,0
17.38841,80.54383,339.79,0.56,0.51,2026-01-17,722,N20,VIIRS,n,2,303.61,14.31,D,0
17.39108,80.54601,339.68,0.56,0.51,2026-01-17,722,N20,VIIRS,n,2,302.71,21.35,D,0
17.44815,77.81142,333.51,0.42,0.61,2026-01-17,722,N20,VIIRS,n,2,304.24,2.24,D,0
17.44869,77.63111,331.42,0.43,0.62,2026-01-17,722,N20,VIIRS,n,2,304.97,2.28,D,0
17.45115,77.63023,333.03,0.43,0.62,2026-01-17,722,N20,VIIRS,n,2,305.03,1.71,D,0
17.45301,76.5108,346.31,0.51,0.66,2026-01-17,722,N20,VIIRS,n,2,302.54,8.86,D,0
17.45372,77.81039,342.85,0.42,0.61,2026-01-17,722,N20,VIIRS,n,2,307.01,4.58,D,0
17.48851,76.4139,336.74,0.52,0.67,2026-01-17,722,N20,VIIRS,n,2,306.17,3.67,D,0
17.51196,76.13973,343.37,0.54,0.68,2026-01-17,722,N20,VIIRS,n,2,302.25,4.17,D,0
17.52497,80.62184,330.28,0.55,0.51,2026-01-17,722,N20,VIIRS,n,2,303.84,2.07,D,0
17.55531,77.83201,347.04,0.42,0.61,2026-01-17,722,N20,VIIRS,n,2,303.49,4.56,D,0
17.56078,77.83057,334.54,0.42,0.61,2026-01-17,722,N20,VIIRS,n,2,300.86,4.56,D,0
17.59197,80.74445,336.93,0.54,0.51,2026-01-17,722,N20,VIIRS,n,2,300.4,11.46,D,0
17.5939,80.90131,331.61,0.53,0.5,2026-01-17,722,N20,VIIRS,n,2,303.44,1.89,D,0
17.60528,83.20392,340.52,0.57,0.43,2026-01-17,722,N20,VIIRS,n,2,304.47,4.86,D,2
17.63242,75.87846,330.62,0.56,0.69,2026-01-17,722,N20,VIIRS,n,2,299.12,1.38,D,0
17.6538,77.86435,336.47,0.42,0.61,2026-01-17,722,N20,VIIRS,n,2,304.3,3.2,D,0
17.65552,80.7316,339.4,0.54,0.51,2026-01-17,722,N20,VIIRS,n,2,303.95,5.09,D,0
17.65591,80.73019,340.1,0.54,0.51,2026-01-17,722,N20,VIIRS,n,2,303.35,6.38,D,0
17.67162,76.31535,333.99,0.52,0.67,2026-01-17,722,N20,VIIRS,n,2,302.58,3.26,D,0
17.73312,81.38719,333.68,0.49,0.48,2026-01-17,722,N20,VIIRS,n,2,305.49,1.16,D,0
17.75948,76.44897,332.42,0.51,0.66,2026-01-17,722,N20,VIIRS,n,2,300.55,2.13,D,0
17.80762,80.34733,333.67,0.57,0.52,2026-01-17,722,N20,VIIRS,n,2,304.51,5.78,D,0
17.80867,80.3526,334.17,0.57,0.52,2026-01-17,722,N20,VIIRS,n,2,304.6,5.78,D,0
17.81944,81.77773,334.64,0.46,0.47,2026-01-17,722,N20,VIIRS,n,2,298.53,3.64,D,0
17.95805,78.06082,330.17,0.4,0.6,2026-01-17,722,N20,VIIRS,n,2,304.72,2.58,D,0
17.9623,81.61308,331.22,0.47,0.47,2026-01-17,722,N20,VIIRS,n,2,305.6,2.09,D,0
17.96585,78.34074,331.93,0.38,0.59,2026-01-17,722,N20,VIIRS,n,2,303.88,2.27,D,0
17.9938,81.70938,331.52,0.46,0.47,2026-01-17,722,N20,VIIRS,n,2,304.19,1.52,D,0
18.03536,79.91879,335.78,0.6,0.53,2026-01-17,722,N20,VIIRS,n,2,308.74,5.01,D,0
18.05976,81.76256,341.21,0.45,0.47,2026-01-17,722,N20,VIIRS,n,2,306.71,5.82,D,0
18.06096,81.76144,337.7,0.45,0.47,2026-01-17,722,N20,VIIRS,n,2,306.78,3.7,D,0
18.06174,81.76565,338.76,0.45,0.47,2026-01-17,722,N20,VIIRS,n,2,306.01,3.7,D,0
18.06396,74.56525,351.59,0.67,0.73,2026-01-17,722,N20,VIIRS,n,2,294.33,13.96,D,0
18.06401,81.76171,340.3,0.45,0.47,2026-01-17,722,N20,VIIRS,n,2,306.56,5.99,D,0
18.06592,74.56004,332.78,0.67,0.74,2026-01-17,722,N20,VIIRS,n,2,296.03,7.94,D,0
18.066,81.7648,332.67,0.45,0.47,2026-01-17,722,N20,VIIRS,n,2,305.29,3.7,D,0
18.06732,74.56617,340.96,0.67,0.73,2026-01-17,722,N20,VIIRS,n,2,293.55,13.93,D,0
18.07067,81.77348,343.87,0.45,0.47,2026-01-17,722,N20,VIIRS,n,2,307.15,7.6,D,0
18.09408,79.60832,331.95,0.63,0.54,2026-01-17,722,N20,VIIRS,n,2,303.72,4.69,D,0
18.10555,81.62959,338.86,0.46,0.47,2026-01-17,722,N20,VIIRS,n,2,305.59,3.32,D,0
18.12717,81.67408,338.41,0.46,0.47,2026-01-17,722,N20,VIIRS,n,2,305.93,4.81,D,0
18.13461,81.85612,350.79,0.45,0.47,2026-01-17,722,N20,VIIRS,n,2,306.84,7.5,D,0
18.15564,82.83192,335.97,0.39,0.44,2026-01-17,722,N20,VIIRS,n,2,309.62,4.36,D,0
18.1582,81.58943,347.63,0.46,0.47,2026-01-17,722,N20,VIIRS,n,2,305.97,7.43,D,0
18.16144,81.81159,340.08,0.45,0.47,2026-01-17,722,N20,VIIRS,n,2,307.27,3.95,D,0
18.17882,81.74427,334.45,0.45,0.47,2026-01-17,722,N20,VIIRS,n,2,305.92,2.31,D,0
18.18144,78.59286,339.78,0.36,0.58,2026-01-17,722,N20,VIIRS,n,2,305.68,3.35,D,0
18.22679,83.85406,332.64,0.51,0.41,2026-01-17,722,N20,VIIRS,n,2,303.87,2.6,D,0
18.22768,83.85517,332.24,0.51,0.41,2026-01-17,722,N20,VIIRS,n,2,304.6,2.74,D,0
18.22962,79.89996,336.32,0.59,0.53,2026-01-17,722,N20,VIIRS,n,2,305.6,9.5,D,0
18.26994,81.85556,342.77,0.44,0.46,2026-01-17,722,N20,VIIRS,n,2,309.01,4.59,D,0
18.27497,81.81164,334.69,0.45,0.47,2026-01-17,722,N20,VIIRS,n,2,307.67,1.98,D,0
18.35992,95.14979,348.11,0.52,0.5,2026-01-17,722,N20,VIIRS,n,2,301.86,7.43,D,0
18.38542,94.40577,337.17,0.46,0.47,2026-01-17,722,N20,VIIRS,n,2,301.07,3.09,D,0
18.3948,96.61976,354.47,0.32,0.55,2026-01-17,722,N20,VIIRS,n,2,304.21,20.49,D,0
18.39522,96.6177,345.47,0.32,0.55,2026-01-17,722,N20,VIIRS,n,2,299.33,11.37,D,0
18.39557,96.62077,367,0.32,0.55,2026-01-17,722,N20,VIIRS,h,2,301.27,17.41,D,0
18.39953,96.6161,340.25,0.32,0.55,2026-01-17,722,N20,VIIRS,n,2,299.53,10.05,D,0
18.40027,96.61713,337.02,0.32,0.55,2026-01-17,722,N20,VIIRS,n,2,299.8,3.61,D,0
18.45516,95.36636,333.71,0.54,0.51,2026-01-17,722,N20,VIIRS,n,2,305.76,3.45,D,0
18.51521,95.2439,343.81,0.53,0.5,2026-01-17,722,N20,VIIRS,n,2,304.77,8.97,D,0
18.51578,95.24887,335.12,0.53,0.5,2026-01-17,722,N20,VIIRS,l,2,305.2,6.15,D,0
18.52857,95.31882,341.03,0.53,0.5,2026-01-17,722,N20,VIIRS,n,2,305.89,7.66,D,0
18.54622,94.99619,344.36,0.51,0.49,2026-01-17,722,N20,VIIRS,n,2,302.77,5.78,D,0
18.54756,94.99757,341.59,0.51,0.49,2026-01-17,722,N20,VIIRS,n,2,302.09,4.31,D,0
18.55356,95.33141,367,0.53,0.5,2026-01-17,722,N20,VIIRS,h,2,307.83,14.49,D,0
18.55416,95.33651,344.14,0.54,0.5,2026-01-17,722,N20,VIIRS,n,2,309.72,7.22,D,0
18.5594,95.34106,340.32,0.54,0.5,2026-01-17,722,N20,VIIRS,n,2,309.61,7.22,D,0
18.58304,83.24827,330.01,0.54,0.42,2026-01-17,722,N20,VIIRS,n,2,302.85,2.5,D,0
18.62267,95.20737,336.78,0.53,0.5,2026-01-17,722,N20,VIIRS,n,2,303.95,3.1,D,0
18.63732,95.01605,329.17,0.51,0.49,2026-01-17,722,N20,VIIRS,l,2,303.7,2.41,D,0
18.63863,95.0183,333.82,0.51,0.49,2026-01-17,722,N20,VIIRS,l,2,304.54,3.18,D,0
18.71548,82.04546,335.77,0.43,0.46,2026-01-17,722,N20,VIIRS,n,2,301.67,3.37,D,0
18.74581,95.10425,349.66,0.52,0.5,2026-01-17,722,N20,VIIRS,n,2,306.3,6.77,D,0
18.7464,95.10921,331.03,0.52,0.5,2026-01-17,722,N20,VIIRS,l,2,303.79,6.77,D,0
18.79638,97.31742,326.73,0.36,0.58,2026-01-17,722,N20,VIIRS,l,2,299.63,2.59,D,0
18.79781,97.31894,335.49,0.36,0.58,2026-01-17,722,N20,VIIRS,n,2,300.41,2.66,D,0
18.82187,93.67011,334.61,0.42,0.45,2026-01-17,722,N20,VIIRS,n,2,307.24,6.86,D,0
18.82605,93.66956,353.42,0.42,0.45,2026-01-17,722,N20,VIIRS,n,2,308.1,6.86,D,0
18.84554,78.85216,367,0.34,0.56,2026-01-17,722,N20,VIIRS,h,2,304.08,6.23,D,0
18.88244,82.54008,340.16,0.39,0.44,2026-01-17,722,N20,VIIRS,n,2,308.08,7.54,D,0
18.89503,83.8607,333.54,0.5,0.41,2026-01-17,722,N20,VIIRS,l,2,307.76,4.52,D,0
18.90615,82.46602,340.92,0.4,0.44,2026-01-17,722,N20,VIIRS,n,2,308.71,6.02,D,0
18.93209,82.37951,356.24,0.4,0.44,2026-01-17,722,N20,VIIRS,n,2,309.35,13.48,D,0
18.93613,82.37879,336.77,0.4,0.44,2026-01-17,722,N20,VIIRS,n,2,304.1,0.96,D,0
18.93688,82.3791,331.9,0.4,0.44,2026-01-17,722,N20,VIIRS,n,2,304.13,1.48,D,0
18.96529,82.5311,338.02,0.39,0.44,2026-01-17,722,N20,VIIRS,n,2,304.5,1.81,D,0
18.96752,82.53038,340.51,0.39,0.44,2026-01-17,722,N20,VIIRS,n,2,304.78,3.29,D,0
18.97389,82.39853,334.53,0.4,0.44,2026-01-17,722,N20,VIIRS,n,2,307.3,2.87,D,0
18.97667,95.20533,331.23,0.53,0.5,2026-01-17,722,N20,VIIRS,n,2,301.29,2.32,D,0
18.98055,82.52417,344.38,0.39,0.44,2026-01-17,722,N20,VIIRS,n,2,305.82,4.35,D,0
19.05694,82.23564,333.21,0.41,0.45,2026-01-17,722,N20,VIIRS,n,2,307.62,2.45,D,0
19.064,84.61806,332.89,0.46,0.39,2026-01-17,722,N20,VIIRS,n,2,304.67,2.14,D,0
19.06487,82.30095,340.71,0.4,0.45,2026-01-17,722,N20,VIIRS,n,2,308.08,4.96,D,0
19.06557,82.30473,332.23,0.4,0.45,2026-01-17,722,N20,VIIRS,n,2,306.9,4.96,D,0
19.07286,84.51861,340.76,0.46,0.39,2026-01-17,722,N20,VIIRS,n,2,306.38,4.23,D,0
19.07643,84.51793,335.01,0.46,0.39,2026-01-17,722,N20,VIIRS,n,2,308.85,3.2,D,0
19.10316,82.28143,355.72,0.41,0.45,2026-01-17,722,N20,VIIRS,n,2,308.56,10.47,D,0
19.10386,82.28522,340.88,0.4,0.45,2026-01-17,722,N20,VIIRS,n,2,304.2,9.78,D,0
19.1072,82.2806,343.64,0.41,0.45,2026-01-17,722,N20,VIIRS,n,2,306.61,10.47,D,0
19.14406,96.63535,367,0.33,0.55,2026-01-17,722,N20,VIIRS,h,2,297.82,8.95,D,0
19.14663,82.19805,331.84,0.41,0.45,2026-01-17,722,N20,VIIRS,n,2,306.06,1.17,D,0
19.14703,96.63329,333.39,0.33,0.55,2026-01-17,722,N20,VIIRS,n,2,295.07,5.02,D,0
19.14733,96.63612,353.04,0.33,0.55,2026-01-17,722,N20,VIIRS,n,2,294.61,5.02,D,0
19.17564,84.58964,340.7,0.46,0.39,2026-01-17,722,N20,VIIRS,n,2,308.74,9.9,D,0
19.22122,82.0591,337.52,0.42,0.45,2026-01-17,722,N20,VIIRS,n,2,306.15,5.27,D,0
19.29289,96.28003,340.98,0.63,0.54,2026-01-17,722,N20,VIIRS,n,2,300.64,5.4,D,0
19.30654,82.64182,333.06,0.38,0.43,2026-01-17,722,N20,VIIRS,n,2,304.94,2.07,D,0
19.33213,84.78454,333.22,0.45,0.39,2026-01-17,722,N20,VIIRS,n,2,304.92,2.96,D,0
19.42147,97.03136,329.91,0.36,0.57,2026-01-17,722,N20,VIIRS,n,2,297.84,2.98,D,0
19.42267,82.41878,337.83,0.39,0.44,2026-01-17,722,N20,VIIRS,n,2,306.64,2.96,D,0
19.46831,85.13896,337.3,0.43,0.38,2026-01-17,722,N20,VIIRS,n,2,303.98,6.81,D,0
19.47069,96.23161,296.7,0.63,0.54,2026-01-17,722,N20,VIIRS,l,2,309.74,38.75,D,0
19.47134,96.23766,340.52,0.63,0.54,2026-01-17,722,N20,VIIRS,n,2,298.34,64.11,D,0
19.47568,96.231,333.99,0.63,0.54,2026-01-17,722,N20,VIIRS,n,2,300.36,38.75,D,0
19.49932,96.21607,342.34,0.63,0.54,2026-01-17,722,N20,VIIRS,n,2,303.2,8.24,D,0
19.5081,83.10483,333.88,0.54,0.42,2026-01-17,722,N20,VIIRS,l,2,306.57,5.36,D,0
19.50993,83.10663,333.45,0.54,0.42,2026-01-17,722,N20,VIIRS,n,2,303.36,4.5,D,0
19.54878,82.73232,335.39,0.56,0.43,2026-01-17,722,N20,VIIRS,n,2,304.62,5.72,D,0
19.54936,82.73457,332.81,0.56,0.43,2026-01-17,722,N20,VIIRS,l,2,303.91,2.65,D,0
19.5561,82.52884,339.87,0.39,0.44,2026-01-17,722,N20,VIIRS,n,2,303.88,10.12,D,0
19.55632,82.84155,335.65,0.55,0.43,2026-01-17,722,N20,VIIRS,n,2,306.67,4.27,D,0
19.58051,83.54764,330.81,0.51,0.41,2026-01-17,722,N20,VIIRS,n,2,304.78,2.1,D,0
19.61247,82.48618,334.86,0.39,0.44,2026-01-17,722,N20,VIIRS,n,2,303.49,2.86,D,0
19.61398,82.48664,340.73,0.39,0.44,2026-01-17,722,N20,VIIRS,n,2,303.48,2.66,D,0
19.61528,82.49388,344.53,0.39,0.44,2026-01-17,722,N20,VIIRS,n,2,306.7,9.28,D,0
19.61624,95.22019,332.07,0.54,0.51,2026-01-17,722,N20,VIIRS,n,2,301.21,0.77,D,0
19.61777,82.49265,355.6,0.39,0.44,2026-01-17,722,N20,VIIRS,n,2,311.02,14.99,D,0
19.61844,82.49624,344.34,0.39,0.44,2026-01-17,722,N20,VIIRS,n,2,308.19,7,D,0
19.62173,82.49187,342.01,0.39,0.44,2026-01-17,722,N20,VIIRS,n,2,311,6.91,D,0
19.62239,82.49541,343.45,0.39,0.44,2026-01-17,722,N20,VIIRS,n,2,304.59,4.84,D,0
19.62961,82.22153,340.27,0.4,0.44,2026-01-17,722,N20,VIIRS,n,2,304.35,2.63,D,0
19.63157,97.41333,341.95,0.38,0.59,2026-01-17,722,N20,VIIRS,n,2,297.86,5.01,D,0
19.6349,82.51867,340.75,0.38,0.44,2026-01-17,722,N20,VIIRS,n,2,304.16,3.37,D,0
19.66313,82.51649,339.21,0.38,0.44,2026-01-17,722,N20,VIIRS,n,2,302.43,2.36,D,0
19.6653,82.79279,334.15,0.56,0.43,2026-01-17,722,N20,VIIRS,n,2,303.47,3.42,D,0
19.6923,82.83038,333.64,0.55,0.43,2026-01-17,722,N20,VIIRS,n,2,303.63,4.94,D,0
19.69752,84.66709,338.61,0.45,0.39,2026-01-17,722,N20,VIIRS,n,2,307.78,6.46,D,0
19.73609,95.22683,332.06,0.55,0.51,2026-01-17,722,N20,VIIRS,n,2,301.03,3.01,D,0
19.76194,95.37832,335.17,0.56,0.51,2026-01-17,722,N20,VIIRS,n,2,302.48,4.14,D,0
19.76388,95.45061,343.7,0.56,0.52,2026-01-17,722,N20,VIIRS,n,2,302.34,7.59,D,0
19.76466,95.4486,338.84,0.56,0.52,2026-01-17,722,N20,VIIRS,n,2,302.71,3.75,D,0
19.79436,97.03508,367,0.36,0.57,2026-01-17,722,N20,VIIRS,h,2,298.28,9.12,D,0
19.82614,82.96561,332.74,0.54,0.42,2026-01-17,722,N20,VIIRS,n,2,303.95,4.08,D,0
19.83792,95.50062,343.44,0.57,0.52,2026-01-17,722,N20,VIIRS,n,2,303.89,9.27,D,0
19.86215,96.86803,334.27,0.35,0.57,2026-01-17,722,N20,VIIRS,n,2,291.47,2.09,D,0
19.88231,82.45385,336.19,0.38,0.44,2026-01-17,722,N20,VIIRS,l,2,306.9,2.54,D,0
19.88891,85.79021,333.25,0.41,0.37,2026-01-17,722,N20,VIIRS,n,2,303.76,2.88,D,0
19.89078,84.82212,334.62,0.44,0.38,2026-01-17,722,N20,VIIRS,n,2,307.89,4.84,D,0
19.89286,82.3542,340.8,0.39,0.44,2026-01-17,722,N20,VIIRS,n,2,304.06,1.69,D,0
19.89921,85.93827,333.67,0.4,0.37,2026-01-17,722,N20,VIIRS,n,2,304.03,1.54,D,0
19.90416,82.32568,332.44,0.39,0.44,2026-01-17,722,N20,VIIRS,n,2,303.76,1.93,D,0
19.91726,82.86584,333.53,0.55,0.42,2026-01-17,722,N20,VIIRS,n,2,303.22,4.27,D,0
19.92822,85.32454,337.18,0.42,0.38,2026-01-17,722,N20,VIIRS,n,2,305.21,3.67,D,0
19.96108,97.27618,325.94,0.37,0.58,2026-01-17,722,N20,VIIRS,n,2,300.06,1.74,D,0
19.96337,97.27588,326.09,0.37,0.58,2026-01-17,722,N20,VIIRS,n,2,298.73,1.47,D,0
19.9672,97.2606,336.91,0.37,0.58,2026-01-17,722,N20,VIIRS,n,2,300.62,4.41,D,0
19.96885,94.92731,340.17,0.53,0.5,2026-01-17,722,N20,VIIRS,n,2,301.49,9.48,D,0
19.97004,97.2566,352.78,0.37,0.58,2026-01-17,722,N20,VIIRS,n,2,304.29,5.93,D,0
19.97039,97.26022,352.68,0.37,0.58,2026-01-17,722,N20,VIIRS,n,2,303.17,7.54,D,0
19.97075,97.26385,337.65,0.37,0.58,2026-01-17,722,N20,VIIRS,n,2,302.34,7.54,D,0
19.97506,97.25249,340.87,0.37,0.58,2026-01-17,722,N20,VIIRS,n,2,300,5.93,D,0
19.97541,97.25604,341.92,0.37,0.58,2026-01-17,722,N20,VIIRS,n,2,299.02,5.93,D,0
19.97631,85.46635,337.7,0.42,0.37,2026-01-17,722,N20,VIIRS,n,2,302.55,2.36,D,0
19.97647,97.26688,329.51,0.37,0.58,2026-01-17,722,N20,VIIRS,l,2,302.39,5.65,D,0
19.97684,97.27058,355.61,0.37,0.58,2026-01-17,722,N20,VIIRS,n,2,299.42,5.65,D,0
19.98113,97.25903,325.8,0.37,0.58,2026-01-17,722,N20,VIIRS,l,2,298.94,1.55,D,0
19.98811,96.27624,343.69,0.32,0.55,2026-01-17,722,N20,VIIRS,n,2,298.62,2.79,D,0
19.99153,97.25443,333.48,0.37,0.58,2026-01-17,722,N20,VIIRS,n,2,298.43,2.04,D,0
19.9969,97.25377,328.59,0.37,0.58,2026-01-17,722,N20,VIIRS,n,2,297.8,2.04,D,0
19.99725,97.25732,329.7,0.37,0.58,2026-01-17,722,N20,VIIRS,n,2,298.66,5.88,D,0
20.00785,97.04232,354.76,0.36,0.58,2026-01-17,722,N20,VIIRS,n,2,300.02,6.49,D,0
20.00814,97.04513,329.9,0.36,0.58,2026-01-17,722,N20,VIIRS,n,2,295.51,3.7,D,0
20.011,97.34082,332.86,0.38,0.59,2026-01-17,722,N20,VIIRS,n,2,300.07,8.73,D,0
20.0116,85.72459,342.32,0.41,0.37,2026-01-17,722,N20,VIIRS,n,2,301.79,2.94,D,0
20.01311,97.04144,352.2,0.36,0.58,2026-01-17,722,N20,VIIRS,n,2,298.5,15.01,D,0
20.0134,97.0442,367,0.36,0.58,2026-01-17,722,N20,VIIRS,h,2,297.12,17.79,D,0
20.01555,97.22343,367,0.37,0.58,2026-01-17,722,N20,VIIRS,h,2,299.5,8.85,D,0
20.01591,97.22696,337.11,0.37,0.58,2026-01-17,722,N20,VIIRS,n,2,297.27,3.47,D,0
20.01626,97.23049,327.01,0.37,0.58,2026-01-17,722,N20,VIIRS,l,2,299.04,3.47,D,0
20.01637,97.33995,350.44,0.38,0.59,2026-01-17,722,N20,VIIRS,n,2,302.56,8.73,D,0
20.01677,97.34392,367,0.38,0.59,2026-01-17,722,N20,VIIRS,h,2,299.88,17.16,D,0
20.01742,86.35184,331.93,0.39,0.37,2026-01-17,722,N20,VIIRS,l,2,302.61,2.01,D,0
20.02019,97.21576,330.06,0.37,0.58,2026-01-17,722,N20,VIIRS,n,2,297.67,1.71,D,0
20.02175,97.3391,334.52,0.38,0.59,2026-01-17,722,N20,VIIRS,n,2,300.7,4.13,D,0
20.03218,96.97178,343.22,0.36,0.57,2026-01-17,722,N20,VIIRS,n,2,301.77,6.7,D,0
20.0325,96.97512,367,0.36,0.57,2026-01-17,722,N20,VIIRS,h,2,303.39,6.7,D,0
20.03288,96.97462,367,0.36,0.57,2026-01-17,722,N20,VIIRS,h,2,304.56,11.26,D,0
20.05633,94.87836,335.64,0.52,0.5,2026-01-17,722,N20,VIIRS,n,2,301.54,2.29,D,0
20.05779,97.01494,326.4,0.36,0.57,2026-01-17,722,N20,VIIRS,l,2,299.75,1.79,D,0
20.05833,94.77195,333.97,0.51,0.5,2026-01-17,722,N20,VIIRS,n,2,302.94,13.1,D,0
20.05889,94.77694,344.32,0.51,0.5,2026-01-17,722,N20,VIIRS,n,2,302.28,14.34,D,0
20.0597,96.98035,329.18,0.36,0.57,2026-01-17,722,N20,VIIRS,n,2,299.5,2.22,D,0
20.06361,96.96613,352.23,0.36,0.57,2026-01-17,722,N20,VIIRS,n,2,303.12,13.63,D,0
20.06396,96.9696,367,0.36,0.57,2026-01-17,722,N20,VIIRS,h,2,297.79,11.63,D,0
20.08255,96.99519,330.95,0.36,0.57,2026-01-17,722,N20,VIIRS,n,2,299.86,4.23,D,0
20.08783,96.99461,339.24,0.36,0.57,2026-01-17,722,N20,VIIRS,n,2,302.29,4.23,D,0
20.08817,96.99794,347.09,0.36,0.57,2026-01-17,722,N20,VIIRS,n,2,303.55,4.23,D,0
20.08851,97.00125,367,0.36,0.57,2026-01-17,722,N20,VIIRS,h,2,303.66,10.24,D,0
20.09427,93.10603,331.37,0.41,0.45,2026-01-17,722,N20,VIIRS,l,2,303.94,3.13,D,0
20.0962,85.72517,339.81,0.41,0.37,2026-01-17,722,N20,VIIRS,n,2,307.64,6.29,D,0
20.10995,93.06471,340.34,0.4,0.44,2026-01-17,722,N20,VIIRS,n,2,304.94,4.09,D,0
20.11043,93.06857,342.68,0.4,0.44,2026-01-17,722,N20,VIIRS,n,2,303.82,4.09,D,0
20.12731,95.69646,335.77,0.59,0.53,2026-01-17,722,N20,VIIRS,n,2,300.91,8.9,D,0
20.12796,95.70221,341.64,0.59,0.53,2026-01-17,722,N20,VIIRS,n,2,300.36,8.9,D,0
20.13102,95.69926,347.37,0.59,0.53,2026-01-17,722,N20,VIIRS,n,2,301.09,14.72,D,0
20.13794,96.91199,354.37,0.36,0.57,2026-01-17,722,N20,VIIRS,n,2,305.74,4.4,D,0
20.13797,96.91142,354.59,0.36,0.57,2026-01-17,722,N20,VIIRS,n,2,305.8,4.54,D,0
20.13836,96.91541,336.07,0.36,0.57,2026-01-17,722,N20,VIIRS,n,2,303.92,4.54,D,0
20.13836,96.91595,334.91,0.36,0.57,2026-01-17,722,N20,VIIRS,n,2,304.01,4.4,D,0
20.13873,96.9192,340.63,0.36,0.57,2026-01-17,722,N20,VIIRS,n,2,301.82,6.53,D,0
20.13876,96.91973,339.35,0.36,0.57,2026-01-17,722,N20,VIIRS,n,2,301.61,5.47,D,0
20.14319,96.91131,349.06,0.36,0.57,2026-01-17,722,N20,VIIRS,n,2,302.94,4.4,D,0
20.14322,96.9107,348.38,0.36,0.57,2026-01-17,722,N20,VIIRS,n,2,302.62,4.54,D,0
20.14361,96.91531,332.04,0.36,0.57,2026-01-17,722,N20,VIIRS,n,2,301.82,4.4,D,0
20.14362,96.91476,333.52,0.36,0.57,2026-01-17,722,N20,VIIRS,n,2,301.87,4.54,D,0
20.14502,86.0038,330.34,0.4,0.37,2026-01-17,722,N20,VIIRS,l,2,303.39,2.34,D,0
20.15472,85.78584,344.59,0.41,0.37,2026-01-17,722,N20,VIIRS,n,2,303.37,4.31,D,0
20.17056,95.83906,338.33,0.61,0.53,2026-01-17,722,N20,VIIRS,n,2,298.74,5.72,D,0
20.17069,85.79874,331.14,0.41,0.37,2026-01-17,722,N20,VIIRS,l,2,301.15,2.16,D,0
20.19233,85.79457,331.66,0.41,0.37,2026-01-17,722,N20,VIIRS,n,2,301.74,1.58,D,0
20.22797,85.94934,332.08,0.4,0.37,2026-01-17,722,N20,VIIRS,n,2,302.24,1.92,D,0
20.24578,96.26247,335.6,0.32,0.55,2026-01-17,722,N20,VIIRS,n,2,302.59,2.24,D,0
20.26855,85.19231,333.85,0.42,0.38,2026-01-17,722,N20,VIIRS,n,2,300.71,1.83,D,0
20.27198,85.19167,340.46,0.42,0.38,2026-01-17,722,N20,VIIRS,n,2,305.31,19.97,D,0
20.27409,86.48994,332.17,0.39,0.36,2026-01-17,722,N20,VIIRS,n,2,302.92,1.9,D,0
20.27468,86.49366,330.75,0.39,0.36,2026-01-17,722,N20,VIIRS,l,2,302.59,1.9,D,0
20.27799,86.49306,353.31,0.39,0.36,2026-01-17,722,N20,VIIRS,n,2,305.98,7.65,D,0
20.2938,95.58107,342.41,0.58,0.52,2026-01-17,722,N20,VIIRS,n,2,303.19,7.36,D,0
20.2954,95.51127,353.44,0.58,0.52,2026-01-17,722,N20,VIIRS,n,2,303.6,29.95,D,0
20.29548,95.50824,339.52,0.58,0.52,2026-01-17,722,N20,VIIRS,n,2,303.8,19.04,D,0
20.2961,95.51382,341.42,0.58,0.52,2026-01-17,722,N20,VIIRS,n,2,301.95,12.62,D,0
20.3056,96.25428,344.91,0.32,0.55,2026-01-17,722,N20,VIIRS,n,2,302.64,2.75,D,0
20.33222,96.16734,345.54,0.32,0.55,2026-01-17,722,N20,VIIRS,n,2,302.06,5.22,D,0
20.33692,96.16366,335.41,0.32,0.55,2026-01-17,722,N20,VIIRS,n,2,302.68,2.42,D,0
20.33725,96.16676,338.18,0.32,0.55,2026-01-17,722,N20,VIIRS,n,2,301.26,2.42,D,0
20.36342,86.30105,331.68,0.39,0.36,2026-01-17,722,N20,VIIRS,n,2,302.89,2.01,D,0
20.389,94.81422,331.31,0.52,0.5,2026-01-17,722,N20,VIIRS,l,2,302.87,3.18,D,0
20.39166,86.11829,337.78,0.4,0.37,2026-01-17,722,N20,VIIRS,n,2,304,1.98,D,0
20.39704,96.15791,351.06,0.32,0.55,2026-01-17,722,N20,VIIRS,n,2,303.1,6.37,D,0
20.39736,96.16101,336.2,0.32,0.55,2026-01-17,722,N20,VIIRS,n,2,300.56,5.46,D,0
20.41372,94.7858,332.16,0.52,0.5,2026-01-17,722,N20,VIIRS,n,2,302.54,2.48,D,0
20.42005,94.67941,332.59,0.51,0.5,2026-01-17,722,N20,VIIRS,n,2,304.18,2.28,D,0
20.42038,94.67614,335.76,0.51,0.5,2026-01-17,722,N20,VIIRS,n,2,305.52,3.66,D,0
20.42162,86.52015,338.62,0.39,0.36,2026-01-17,722,N20,VIIRS,n,2,303.61,2.65,D,0
20.42549,97.2921,342.85,0.38,0.59,2026-01-17,722,N20,VIIRS,n,2,301.18,5.3,D,0
20.42552,86.52326,330.98,0.39,0.36,2026-01-17,722,N20,VIIRS,l,2,302.21,2.04,D,0
20.42992,97.28153,328.74,0.38,0.59,2026-01-17,722,N20,VIIRS,l,2,301.01,2.1,D,0
20.43161,85.75536,332.34,0.4,0.37,2026-01-17,722,N20,VIIRS,n,2,302.52,1.83,D,0
20.46,86.48282,351.1,0.39,0.36,2026-01-17,722,N20,VIIRS,n,2,306.73,9.2,D,0
20.46091,97.06667,328.09,0.37,0.58,2026-01-17,722,N20,VIIRS,n,2,298.64,3.27,D,0
20.46269,97.06767,352.2,0.37,0.58,2026-01-17,722,N20,VIIRS,n,2,299.49,5.43,D,0
20.46559,94.42426,336.23,0.49,0.49,2026-01-17,722,N20,VIIRS,n,2,300.77,3.01,D,0
20.46624,97.06609,343.73,0.37,0.58,2026-01-17,722,N20,VIIRS,n,2,300.05,3.27,D,0
20.46761,86.53102,338.92,0.39,0.36,2026-01-17,722,N20,VIIRS,n,2,303.84,4.9,D,0
20.48174,96.19264,338.19,0.32,0.55,2026-01-17,722,N20,VIIRS,n,2,302.06,2.29,D,0
20.48213,96.19209,337.81,0.32,0.55,2026-01-17,722,N20,VIIRS,n,2,302.77,2.71,D,0
20.51432,95.51001,341.37,0.58,0.52,2026-01-17,722,N20,VIIRS,n,2,302.48,4.06,D,0
20.5393,85.99471,334.85,0.4,0.37,2026-01-17,722,N20,VIIRS,n,2,304.7,2.88,D,0
20.54471,86.43734,330.92,0.39,0.36,2026-01-17,722,N20,VIIRS,l,2,303.31,1.61,D,0
20.54506,86.20303,330.93,0.39,0.37,2026-01-17,722,N20,VIIRS,l,2,305.07,6.16,D,0
20.54566,86.20677,340.64,0.39,0.37,2026-01-17,722,N20,VIIRS,n,2,306.72,6.16,D,0
20.54732,86.53983,334.57,0.39,0.36,2026-01-17,722,N20,VIIRS,n,2,304.82,2.15,D,0
20.54803,86.43674,339.85,0.39,0.36,2026-01-17,722,N20,VIIRS,n,2,304.87,3.59,D,0
20.55726,95.55353,331.44,0.59,0.53,2026-01-17,722,N20,VIIRS,n,2,299.62,2.71,D,0
20.56523,86.50237,335.81,0.39,0.36,2026-01-17,722,N20,VIIRS,n,2,303.19,2.45,D,0
20.58213,96.67531,334.2,0.35,0.57,2026-01-17,722,N20,VIIRS,n,2,298.64,2.38,D,0
20.58571,86.26507,338.09,0.39,0.36,2026-01-17,722,N20,VIIRS,n,2,302.87,3.03,D,0
20.58743,86.51366,340.6,0.39,0.36,2026-01-17,722,N20,VIIRS,n,2,303.31,2.69,D,0
20.59016,86.50936,331.37,0.39,0.36,2026-01-17,722,N20,VIIRS,n,2,303.88,2.69,D,0
20.60669,97.13986,332.69,0.37,0.58,2026-01-17,722,N20,VIIRS,n,2,300.93,1.37,D,0
20.67855,97.12297,330.15,0.37,0.58,2026-01-17,722,N20,VIIRS,n,2,299.79,3.58,D,0
20.68105,97.12378,339.72,0.37,0.58,2026-01-17,722,N20,VIIRS,n,2,298.9,1.98,D,0
20.70128,94.99304,335.27,0.54,0.51,2026-01-17,722,N20,VIIRS,n,2,302.94,3.68,D,0
20.73034,92.89368,333.74,0.4,0.44,2026-01-17,722,N20,VIIRS,n,2,300.94,2.51,D,0
20.76032,95.05567,342.44,0.55,0.51,2026-01-17,722,N20,VIIRS,n,2,306.53,6.16,D,0
20.78592,95.05041,337.16,0.55,0.51,2026-01-17,722,N20,VIIRS,n,2,304.91,3.45,D,0
20.81035,93.11395,325.19,0.41,0.45,2026-01-17,722,N20,VIIRS,l,2,300.19,2.34,D,0
20.88883,96.76592,336.23,0.36,0.57,2026-01-17,722,N20,VIIRS,n,2,301.16,2.46,D,0
20.90322,96.96929,355.22,0.37,0.58,2026-01-17,722,N20,VIIRS,n,2,304.31,7.66,D,0
20.90355,96.97269,347.22,0.37,0.58,2026-01-17,722,N20,VIIRS,n,2,299.77,7.66,D,0
20.90567,92.50612,325.67,0.57,0.43,2026-01-17,722,N20,VIIRS,l,2,299.25,2.89,D,0
20.91708,96.89071,341.56,0.36,0.58,2026-01-17,722,N20,VIIRS,n,2,300.7,3.81,D,0
20.92237,96.89008,330.09,0.36,0.58,2026-01-17,722,N20,VIIRS,n,2,298.94,1.75,D,0
20.93895,96.73595,341.51,0.36,0.57,2026-01-17,722,N20,VIIRS,n,2,301.27,3.67,D,0
20.94709,96.86929,348.93,0.36,0.58,2026-01-17,722,N20,VIIRS,n,2,302.28,5.75,D,0
20.97812,95.40313,341.24,0.58,0.52,2026-01-17,722,N20,VIIRS,n,2,302.44,4.07,D,0
21.0162,95.43953,338.37,0.58,0.52,2026-01-17,722,N20,VIIRS,n,2,302.96,4.93,D,0
21.0168,95.445,337.06,0.59,0.52,2026-01-17,722,N20,VIIRS,n,2,303.13,4.93,D,0
21.01984,96.20064,341.82,0.33,0.55,2026-01-17,722,N20,VIIRS,n,2,300.19,3.19,D,0
21.02131,96.20075,347.46,0.33,0.55,2026-01-17,722,N20,VIIRS,n,2,300.46,3.78,D,0
21.06009,97.81502,346.82,0.42,0.61,2026-01-17,722,N20,VIIRS,n,2,296.25,7.15,D,0
21.06207,97.81377,354.72,0.42,0.61,2026-01-17,722,N20,VIIRS,n,2,296.81,5.8,D,0
21.14596,97.17374,327.58,0.38,0.59,2026-01-17,722,N20,VIIRS,n,2,300.53,1.79,D,0
21.17041,95.48141,337.97,0.59,0.53,2026-01-17,722,N20,VIIRS,n,2,304.18,4.87,D,0
21.202,96.87354,327.24,0.37,0.58,2026-01-17,722,N20,VIIRS,l,2,300.57,3.06,D,0
21.21096,97.11195,336.1,0.38,0.59,2026-01-17,722,N20,VIIRS,n,2,297.82,5.46,D,0
21.21323,97.10824,330.49,0.38,0.59,2026-01-17,722,N20,VIIRS,n,2,297.82,3.88,D,0
21.21357,97.11191,348.8,0.38,0.59,2026-01-17,722,N20,VIIRS,n,2,297.95,6.17,D,0
21.216,97.10777,331.04,0.38,0.59,2026-01-17,722,N20,VIIRS,n,2,298.26,5.45,D,0
21.21636,97.11143,354.55,0.38,0.59,2026-01-17,722,N20,VIIRS,n,2,298.36,5.46,D,0
21.21898,97.1114,339.71,0.38,0.59,2026-01-17,722,N20,VIIRS,n,2,297.71,3.71,D,0
21.26593,96.17252,338.35,0.33,0.55,2026-01-17,722,N20,VIIRS,n,2,303.43,3.17,D,0
21.26619,96.17515,330.57,0.33,0.55,2026-01-17,722,N20,VIIRS,l,2,302.54,2.88,D,0
21.26795,95.84541,347.6,0.63,0.54,2026-01-17,722,N20,VIIRS,n,2,301.51,10.59,D,0
21.26827,96.9462,334.39,0.37,0.58,2026-01-17,722,N20,VIIRS,n,2,301.57,5.1,D,0
21.29421,94.76014,334.83,0.53,0.5,2026-01-17,722,N20,VIIRS,n,2,301.95,3.32,D,0
21.29569,94.76317,335.07,0.53,0.5,2026-01-17,722,N20,VIIRS,n,2,303.42,3.33,D,0
21.32598,95.81283,336.96,0.62,0.54,2026-01-17,722,N20,VIIRS,n,2,303.23,5.05,D,0
21.36871,97.63667,326.93,0.41,0.61,2026-01-17,722,N20,VIIRS,l,2,300.53,2.55,D,0
21.41736,96.41331,332.03,0.34,0.56,2026-01-17,722,N20,VIIRS,n,2,299.69,1.67,D,0
21.44181,96.39642,338.88,0.34,0.56,2026-01-17,722,N20,VIIRS,n,2,300.87,4.46,D,0
21.44208,96.39912,351.68,0.34,0.56,2026-01-17,722,N20,VIIRS,n,2,300.93,4.46,D,0
21.55997,96.12378,331.55,0.33,0.55,2026-01-17,722,N20,VIIRS,n,2,301.02,1.34,D,0
21.64051,97.62873,341.27,0.41,0.61,2026-01-17,722,N20,VIIRS,n,2,297.68,4.2,D,0
21.77789,96.3567,332.68,0.34,0.56,2026-01-17,722,N20,VIIRS,n,2,295.54,1.27,D,0
21.77963,96.35596,367,0.34,0.56,2026-01-17,722,N20,VIIRS,h,2,297.56,6.12,D,0
21.78303,96.35579,352.24,0.34,0.56,2026-01-17,722,N20,VIIRS,n,2,296.01,4,D,0
21.83512,96.89072,338.58,0.37,0.58,2026-01-17,722,N20,VIIRS,n,2,300.8,3.75,D,0
21.83546,96.89445,333.61,0.37,0.58,2026-01-17,722,N20,VIIRS,n,2,298.05,3.75,D,0
21.83711,96.89034,336.81,0.37,0.58,2026-01-17,722,N20,VIIRS,n,2,300.16,4.66,D,0
21.83748,96.89407,367,0.37,0.58,2026-01-17,722,N20,VIIRS,h,2,299.09,4.66,D,0
21.84083,96.89391,351.89,0.37,0.58,2026-01-17,722,N20,VIIRS,n,2,298.89,3.75,D,0
21.85048,96.33148,352.04,0.34,0.56,2026-01-17,722,N20,VIIRS,n,2,296.29,4.97,D,0
21.90417,97.40511,339.83,0.4,0.6,2026-01-17,722,N20,VIIRS,n,2,295.66,5.15,D,0
21.90447,97.40844,326.08,0.4,0.6,2026-01-17,722,N20,VIIRS,n,2,292.84,3.89,D,0
22.00117,97.48209,340.89,0.41,0.6,2026-01-17,722,N20,VIIRS,n,2,302.39,6.41,D,0
22.00151,97.48567,367,0.41,0.61,2026-01-17,722,N20,VIIRS,h,2,301.99,11.02,D,0
18.61216,75.42183,344.62,0.57,0.69,2026-01-17,723,N20,VIIRS,n,2,298.2,6.35,D,0
18.61558,75.41988,341.77,0.57,0.69,2026-01-17,723,N20,VIIRS,n,2,296.75,7.61,D,0
19.09043,76.18411,367,0.5,0.66,2026-01-17,723,N20,VIIRS,h,2,299.47,12.49,D,0
19.0931,76.18164,352.16,0.5,0.66,2026-01-17,723,N20,VIIRS,n,2,300.81,11.37,D,0
19.11548,77.11526,331.97,0.43,0.62,2026-01-17,723,N20,VIIRS,n,2,304.19,3.21,D,0
19.37866,74.72433,351.77,0.61,0.71,2026-01-17,723,N20,VIIRS,n,2,298.44,10.71,D,0
19.37997,74.72998,342.53,0.61,0.71,2026-01-17,723,N20,VIIRS,n,2,296.55,10.71,D,0
19.41708,77.23289,331.76,0.42,0.61,2026-01-17,723,N20,VIIRS,n,2,301.02,0.91,D,0
19.64607,75.15882,332.23,0.57,0.69,2026-01-17,723,N20,VIIRS,n,2,298.64,5.81,D,0
19.68885,78.52972,340.11,0.34,0.56,2026-01-17,723,N20,VIIRS,n,2,304.67,1.93,D,0
19.90365,82.00069,331.19,0.41,0.45,2026-01-17,723,N20,VIIRS,n,2,305.47,1.79,D,0
20.16406,83.0211,340.94,0.53,0.42,2026-01-17,723,N20,VIIRS,n,2,308.45,5.11,D,0
20.28136,81.9088,330.43,0.41,0.45,2026-01-17,723,N20,VIIRS,n,2,304.82,2.11,D,0
20.28569,81.9317,333.79,0.41,0.45,2026-01-17,723,N20,VIIRS,n,2,306.54,2.17,D,0
20.32318,82.04197,330.7,0.4,0.44,2026-01-17,723,N20,VIIRS,n,2,303.51,2.55,D,0
20.32393,81.03901,342.08,0.46,0.47,2026-01-17,723,N20,VIIRS,n,2,304.19,5.29,D,0
20.32561,81.0376,344.79,0.46,0.47,2026-01-17,723,N20,VIIRS,n,2,304.5,8.22,D,0
20.38125,79.47055,331.34,0.58,0.52,2026-01-17,723,N20,VIIRS,n,2,305.85,2.47,D,0
20.40231,77.68664,346.47,0.38,0.58,2026-01-17,723,N20,VIIRS,n,2,304.15,4.64,D,0
20.40657,77.68577,340.83,0.37,0.58,2026-01-17,723,N20,VIIRS,n,2,304.65,3.84,D,0
20.43646,77.51563,342.13,0.38,0.59,2026-01-17,723,N20,VIIRS,n,2,303.77,2.45,D,0
20.47763,77.06831,330.56,0.41,0.61,2026-01-17,723,N20,VIIRS,n,2,302.2,2.52,D,0
20.53934,83.62,330.52,0.49,0.4,2026-01-17,723,N20,VIIRS,n,2,305.07,2.62,D,0
20.54223,85.8298,332.76,0.4,0.37,2026-01-17,723,N20,VIIRS,l,2,304.75,3.23,D,0
20.54467,85.50378,339.69,0.41,0.37,2026-01-17,723,N20,VIIRS,n,2,305.97,5.32,D,0
20.54712,85.966,334.64,0.4,0.37,2026-01-17,723,N20,VIIRS,n,2,302.48,4.98,D,0
20.55719,85.40552,332.95,0.41,0.37,2026-01-17,723,N20,VIIRS,n,2,303.37,2.08,D,0
20.56058,85.40488,331.29,0.41,0.37,2026-01-17,723,N20,VIIRS,n,2,302.79,2.08,D,0
20.58699,83.33627,340.5,0.5,0.41,2026-01-17,723,N20,VIIRS,n,2,305.22,5.08,D,0
20.66046,86.67529,332.55,0.39,0.36,2026-01-17,723,N20,VIIRS,l,2,302.93,1.83,D,0
20.68902,82.6872,330.32,0.54,0.42,2026-01-17,723,N20,VIIRS,l,2,303.15,3.4,D,0
20.69298,86.40676,332.53,0.39,0.36,2026-01-17,723,N20,VIIRS,n,2,302.08,1.74,D,0
20.69404,82.09495,331.65,0.39,0.44,2026-01-17,723,N20,VIIRS,n,2,301.66,1.92,D,0
20.73291,83.3046,330.32,0.5,0.41,2026-01-17,723,N20,VIIRS,l,2,304.2,3.32,D,0
20.75534,84.06674,333.69,0.46,0.39,2026-01-17,723,N20,VIIRS,n,2,305.09,3.25,D,0
20.76101,85.29892,334.45,0.41,0.37,2026-01-17,723,N20,VIIRS,l,2,306.44,5.51,D,2
20.79256,85.25642,333.87,0.42,0.37,2026-01-17,723,N20,VIIRS,l,2,304.62,3.59,D,2
20.79597,85.25579,333.42,0.42,0.37,2026-01-17,723,N20,VIIRS,l,2,304.16,3.59,D,2
20.80244,83.34177,331.62,0.5,0.41,2026-01-17,723,N20,VIIRS,n,2,302.63,2.64,D,0
20.80296,84.24274,331.41,0.45,0.39,2026-01-17,723,N20,VIIRS,n,2,303.68,2.37,D,0
20.804,81.07696,338.68,0.45,0.47,2026-01-17,723,N20,VIIRS,n,2,310.13,3.88,D,0
20.80683,85.2578,337.07,0.42,0.37,2026-01-17,723,N20,VIIRS,n,2,306.14,4.09,D,2
20.81352,84.34524,334.11,0.45,0.39,2026-01-17,723,N20,VIIRS,n,2,306.03,3.46,D,0
20.81368,84.34655,334.65,0.45,0.39,2026-01-17,723,N20,VIIRS,n,2,305.83,4.67,D,0
20.8279,86.96325,338.01,0.39,0.36,2026-01-17,723,N20,VIIRS,n,2,311.85,5.54,D,0
20.82855,85.17625,333.59,0.42,0.38,2026-01-17,723,N20,VIIRS,l,2,305.14,2.54,D,0
20.83327,81.84805,334.59,0.4,0.44,2026-01-17,723,N20,VIIRS,n,2,308.58,4.87,D,0
20.83399,81.85184,340.84,0.4,0.44,2026-01-17,723,N20,VIIRS,n,2,307.12,4.87,D,0
20.83449,86.9621,336,0.39,0.36,2026-01-17,723,N20,VIIRS,n,2,309.29,3.63,D,0
20.83457,85.19145,332.77,0.42,0.37,2026-01-17,723,N20,VIIRS,n,2,301.67,7.76,D,0
20.84625,82.00523,332.51,0.39,0.44,2026-01-17,723,N20,VIIRS,n,2,306.53,2.2,D,0
20.86881,84.99622,336.82,0.42,0.38,2026-01-17,723,N20,VIIRS,n,2,306.26,5.28,D,2
20.87029,86.36674,339.8,0.39,0.36,2026-01-17,723,N20,VIIRS,n,2,304.08,3.42,D,0
20.87534,85.31024,333.58,0.41,0.37,2026-01-17,723,N20,VIIRS,n,2,303.01,2.38,D,0
20.87986,83.93145,332.82,0.47,0.39,2026-01-17,723,N20,VIIRS,n,2,304.91,5.58,D,0
20.88464,84.98492,335.41,0.42,0.38,2026-01-17,723,N20,VIIRS,n,2,308.09,4.84,D,2
20.88613,85.6999,331.02,0.4,0.37,2026-01-17,723,N20,VIIRS,n,2,303.52,1.94,D,0
20.88688,85.08356,331.98,0.42,0.38,2026-01-17,723,N20,VIIRS,l,2,302.59,3.43,D,0
20.88741,84.98025,333.68,0.42,0.38,2026-01-17,723,N20,VIIRS,l,2,306.68,3.6,D,2
20.90242,83.89035,339.09,0.47,0.4,2026-01-17,723,N20,VIIRS,n,2,304.78,4.07,D,0
20.90262,83.78401,333.23,0.47,0.4,2026-01-17,723,N20,VIIRS,n,2,302.95,3.75,D,0
20.90801,84.00802,335.31,0.46,0.39,2026-01-17,723,N20,VIIRS,n,2,303.54,2.88,D,0
20.91437,86.40856,338.95,0.39,0.36,2026-01-17,723,N20,VIIRS,n,2,303.01,2.02,D,0
20.91914,85.57502,332.41,0.41,0.37,2026-01-17,723,N20,VIIRS,n,2,303.34,1.95,D,0
20.91926,82.55411,332.97,0.55,0.43,2026-01-17,723,N20,VIIRS,l,2,304.48,4.87,D,0
20.92849,83.97676,330.74,0.46,0.39,2026-01-17,723,N20,VIIRS,n,2,302.85,1.83,D,0
20.93016,82.05679,337.39,0.39,0.44,2026-01-17,723,N20,VIIRS,n,2,307.61,3.17,D,0
20.94618,83.9505,336.98,0.47,0.39,2026-01-17,723,N20,VIIRS,n,2,306.11,5.79,D,0
20.9467,81.73685,338.64,0.41,0.45,2026-01-17,723,N20,VIIRS,n,2,306.08,2.22,D,0
20.94876,81.30567,334.96,0.43,0.46,2026-01-17,723,N20,VIIRS,n,2,306.82,3.96,D,0
20.95002,81.73214,336.43,0.41,0.45,2026-01-17,723,N20,VIIRS,n,2,307.1,3.29,D,0
20.95074,81.73596,336.57,0.41,0.45,2026-01-17,723,N20,VIIRS,n,2,307.76,3.86,D,0
20.95083,81.9366,331.49,0.4,0.44,2026-01-17,723,N20,VIIRS,l,2,306.06,5.47,D,0
20.95121,82.04826,342.92,0.39,0.44,2026-01-17,723,N20,VIIRS,n,2,309.52,4.56,D,0
20.95145,81.7398,340.95,0.41,0.45,2026-01-17,723,N20,VIIRS,n,2,304.62,3.86,D,0
20.95328,82.04806,342.47,0.39,0.44,2026-01-17,723,N20,VIIRS,n,2,308.22,5.42,D,0
20.96079,85.18929,335.98,0.42,0.37,2026-01-17,723,N20,VIIRS,l,2,308.49,4.34,D,2
20.96156,85.17284,337.92,0.42,0.37,2026-01-17,723,N20,VIIRS,n,2,304.85,2.48,D,2
20.9631,86.00709,336,0.4,0.37,2026-01-17,723,N20,VIIRS,n,2,304.99,3.42,D,2
20.96384,82.4185,334.38,0.56,0.43,2026-01-17,723,N20,VIIRS,n,2,307.03,2.9,D,0
20.9642,85.18866,337.11,0.42,0.37,2026-01-17,723,N20,VIIRS,l,2,309.85,4.39,D,2
20.96426,85.02028,335.22,0.42,0.38,2026-01-17,723,N20,VIIRS,l,2,306.51,5.23,D,0
20.9643,85.16822,329.7,0.42,0.37,2026-01-17,723,N20,VIIRS,l,2,304.66,2.48,D,2
20.96557,81.52712,341.56,0.42,0.45,2026-01-17,723,N20,VIIRS,n,2,307.87,5.39,D,0
20.96664,81.52603,344.08,0.42,0.45,2026-01-17,723,N20,VIIRS,n,2,306.52,4.44,D,0
20.96837,85.17155,336.06,0.42,0.37,2026-01-17,723,N20,VIIRS,l,2,306.36,4.38,D,2
20.96904,85.17551,353.54,0.42,0.37,2026-01-17,723,N20,VIIRS,n,2,310.65,8.87,D,2
20.97151,86.75198,334.32,0.39,0.36,2026-01-17,723,N20,VIIRS,n,2,302.75,2.85,D,0
20.9747,86.35959,345.95,0.39,0.36,2026-01-17,723,N20,VIIRS,n,2,303.58,11.56,D,0
20.98481,83.62844,332.33,0.48,0.4,2026-01-17,723,N20,VIIRS,n,2,301.87,2.7,D,0
20.98636,81.50216,340.5,0.42,0.45,2026-01-17,723,N20,VIIRS,n,2,305.83,2.56,D,0
20.98781,83.79615,336.95,0.47,0.4,2026-01-17,723,N20,VIIRS,n,2,305.66,2.7,D,0
20.99032,84.00188,335.37,0.46,0.39,2026-01-17,723,N20,VIIRS,n,2,304.6,3.51,D,0
20.99295,85.75142,335.14,0.4,0.37,2026-01-17,723,N20,VIIRS,n,2,303.42,3.92,D,0
20.99556,81.43832,338.62,0.42,0.45,2026-01-17,723,N20,VIIRS,n,2,306.51,3.43,D,0
20.99902,81.70168,333.23,0.41,0.45,2026-01-17,723,N20,VIIRS,n,2,305.97,3.02,D,0
20.99913,81.70229,331.78,0.41,0.45,2026-01-17,723,N20,VIIRS,n,2,305.9,2.63,D,0
21.00224,83.7933,333.96,0.47,0.4,2026-01-17,723,N20,VIIRS,n,2,305.77,3.54,D,0
21.00834,82.44205,332.68,0.55,0.43,2026-01-17,723,N20,VIIRS,l,2,303.89,4.08,D,0
21.01222,82.44126,334.39,0.55,0.43,2026-01-17,723,N20,VIIRS,l,2,306.84,8.84,D,0
21.01458,83.41421,334.93,0.49,0.4,2026-01-17,723,N20,VIIRS,n,2,304.1,3.42,D,0
21.01735,85.27627,331.92,0.41,0.37,2026-01-17,723,N20,VIIRS,n,2,303.38,1.92,D,0
21.02121,81.32391,355.63,0.43,0.46,2026-01-17,723,N20,VIIRS,n,2,308.94,6.74,D,0
21.0231,83.84923,331.81,0.47,0.4,2026-01-17,723,N20,VIIRS,n,2,301.8,6.67,D,0
21.03263,83.4732,330.17,0.49,0.4,2026-01-17,723,N20,VIIRS,n,2,302.54,3.42,D,0
21.03331,83.0857,330.47,0.51,0.41,2026-01-17,723,N20,VIIRS,n,2,301.59,2.12,D,0
21.03376,83.08327,336.34,0.51,0.41,2026-01-17,723,N20,VIIRS,n,2,303.51,2.98,D,0
21.05976,86.55428,339.18,0.39,0.36,2026-01-17,723,N20,VIIRS,n,2,304.58,3.09,D,0
21.06071,83.48199,330.31,0.49,0.4,2026-01-17,723,N20,VIIRS,n,2,303.62,3.2,D,0
21.06197,81.70098,355.49,0.41,0.45,2026-01-17,723,N20,VIIRS,n,2,314.21,11,D,0
21.06505,86.09314,334.67,0.39,0.37,2026-01-17,723,N20,VIIRS,n,2,304.95,2.74,D,0
21.06601,81.7001,349.09,0.41,0.45,2026-01-17,723,N20,VIIRS,n,2,308.77,11,D,0
21.06644,81.43908,344.09,0.42,0.45,2026-01-17,723,N20,VIIRS,n,2,307.29,9.53,D,0
21.07511,81.46199,337.04,0.42,0.45,2026-01-17,723,N20,VIIRS,n,2,307.77,4.06,D,0
21.07587,81.46596,367,0.42,0.45,2026-01-17,723,N20,VIIRS,h,2,308.51,8.07,D,0
21.08153,83.4057,340.87,0.49,0.4,2026-01-17,723,N20,VIIRS,n,2,305.62,11.67,D,0
21.08834,81.39703,341.65,0.42,0.45,2026-01-17,723,N20,VIIRS,n,2,306.4,4.08,D,0
21.09094,83.80494,332.5,0.47,0.4,2026-01-17,723,N20,VIIRS,n,2,306.21,2.93,D,0
21.0969,80.96313,349.88,0.45,0.47,2026-01-17,723,N20,VIIRS,n,2,307.46,7.22,D,0
21.10095,86.5999,331.44,0.39,0.36,2026-01-17,723,N20,VIIRS,n,2,301,1.39,D,0
21.10136,83.71483,333.03,0.47,0.4,2026-01-17,723,N20,VIIRS,n,2,303.15,4.71,D,0
21.10279,72.63567,336.06,0.76,0.77,2026-01-17,723,N20,VIIRS,n,2,296.63,12.27,D,2
21.10286,82.53847,332.49,0.55,0.42,2026-01-17,723,N20,VIIRS,l,2,304.47,7.66,D,0
21.10441,72.63591,337.6,0.76,0.77,2026-01-17,723,N20,VIIRS,n,2,296.27,9.68,D,2
21.10456,72.64269,335.95,0.76,0.77,2026-01-17,723,N20,VIIRS,n,2,297.27,12.27,D,2
21.10512,83.84359,335.83,0.47,0.4,2026-01-17,723,N20,VIIRS,n,2,304.45,6.5,D,0
21.10539,81.55372,348.35,0.41,0.45,2026-01-17,723,N20,VIIRS,n,2,308.21,8.01,D,0
21.10614,72.64295,335.53,0.76,0.77,2026-01-17,723,N20,VIIRS,n,2,297.69,14.67,D,2
21.10633,72.6497,367,0.76,0.77,2026-01-17,723,N20,VIIRS,h,2,298.47,19.02,D,2
21.10787,72.64999,367,0.76,0.77,2026-01-17,723,N20,VIIRS,h,2,298.23,14.67,D,2
21.1186,84.84592,332.36,0.43,0.38,2026-01-17,723,N20,VIIRS,n,2,305.74,1.64,D,0
21.12108,84.84569,331.69,0.43,0.38,2026-01-17,723,N20,VIIRS,l,2,306.01,3.96,D,0
21.1239,82.01206,341.05,0.39,0.44,2026-01-17,723,N20,VIIRS,n,2,308.59,4.06,D,0
21.12651,81.21148,344.15,0.43,0.46,2026-01-17,723,N20,VIIRS,n,2,305.16,3.95,D,0
21.12708,81.20831,330.88,0.43,0.46,2026-01-17,723,N20,VIIRS,n,2,305.77,3.03,D,0
21.12787,81.21239,331.31,0.43,0.46,2026-01-17,723,N20,VIIRS,n,2,305.02,2.14,D,0
21.12789,81.33402,338.05,0.43,0.46,2026-01-17,723,N20,VIIRS,n,2,307.24,5.18,D,0
21.12899,83.72329,335.6,0.47,0.4,2026-01-17,723,N20,VIIRS,n,2,306.18,6.08,D,0
21.13202,81.33313,345.48,0.43,0.46,2026-01-17,723,N20,VIIRS,n,2,309.26,5.18,D,0
21.13277,81.33717,331.17,0.43,0.46,2026-01-17,723,N20,VIIRS,l,2,305.45,6.05,D,0
21.13925,86.06831,331.58,0.39,0.37,2026-01-17,723,N20,VIIRS,n,2,303.67,1.88,D,0
21.1463,86.47765,336.34,0.39,0.36,2026-01-17,723,N20,VIIRS,n,2,304.97,2.79,D,0
21.15021,81.54418,355.28,0.41,0.45,2026-01-17,723,N20,VIIRS,n,2,308.89,9.16,D,0
21.15079,81.24146,332.19,0.43,0.46,2026-01-17,723,N20,VIIRS,n,2,303.18,1.75,D,0
21.15471,83.2867,331.93,0.5,0.41,2026-01-17,723,N20,VIIRS,n,2,305.19,3.16,D,0
21.15551,86.27727,336.12,0.39,0.36,2026-01-17,723,N20,VIIRS,n,2,303.81,3.02,D,0
21.15571,83.11105,342.76,0.51,0.41,2026-01-17,723,N20,VIIRS,n,2,305.78,12.91,D,0
21.15808,85.97182,336.05,0.4,0.37,2026-01-17,723,N20,VIIRS,n,2,303.52,4.13,D,0
21.16544,86.38272,333.37,0.39,0.36,2026-01-17,723,N20,VIIRS,n,2,303.23,1.53,D,0
21.16692,79.47634,339.66,0.56,0.51,2026-01-17,723,N20,VIIRS,n,2,302.38,4.66,D,0
21.19896,81.40323,340.3,0.42,0.45,2026-01-17,723,N20,VIIRS,n,2,303.16,11.29,D,0
21.20024,86.10748,339.48,0.39,0.36,2026-01-17,723,N20,VIIRS,n,2,307.08,3.95,D,0
21.20357,86.10687,332.15,0.39,0.36,2026-01-17,723,N20,VIIRS,n,2,305.98,3.29,D,0
21.20416,86.11063,345.51,0.39,0.36,2026-01-17,723,N20,VIIRS,n,2,306.91,3.29,D,0
21.20689,86.10628,334.04,0.39,0.36,2026-01-17,723,N20,VIIRS,n,2,305.56,3.29,D,0
21.20749,86.11002,342.31,0.39,0.36,2026-01-17,723,N20,VIIRS,n,2,306.46,3.29,D,0
21.21515,82.13659,340.4,0.57,0.43,2026-01-17,723,N20,VIIRS,n,2,310.47,7.75,D,0
21.21908,82.13575,349.87,0.57,0.43,2026-01-17,723,N20,VIIRS,n,2,309.13,6.92,D,0
21.21994,83.31935,331.09,0.49,0.41,2026-01-17,723,N20,VIIRS,n,2,305.17,2.56,D,0
21.2208,83.9232,341.66,0.46,0.39,2026-01-17,723,N20,VIIRS,n,2,303.83,7.5,D,0
21.22975,84.98708,330.86,0.42,0.38,2026-01-17,723,N20,VIIRS,l,2,302.93,2.59,D,0
21.23461,83.16468,335.27,0.5,0.41,2026-01-17,723,N20,VIIRS,n,2,305.18,7.91,D,0
21.23689,83.02438,347.99,0.51,0.41,2026-01-17,723,N20,VIIRS,n,2,312.63,31.27,D,0
21.23732,83.02192,344.53,0.51,0.41,2026-01-17,723,N20,VIIRS,n,2,312.59,19.78,D,0
21.2382,83.0268,333.48,0.51,0.41,2026-01-17,723,N20,VIIRS,n,2,305.92,19.78,D,0
21.24062,83.02362,335.43,0.51,0.41,2026-01-17,723,N20,VIIRS,l,2,306.56,5.97,D,0
21.24525,81.98919,342.32,0.39,0.44,2026-01-17,723,N20,VIIRS,n,2,308.85,5.08,D,0
21.24719,83.84032,332.66,0.47,0.39,2026-01-17,723,N20,VIIRS,n,2,304.52,4.54,D,0
21.25509,81.28283,332.27,0.43,0.46,2026-01-17,723,N20,VIIRS,n,2,303.02,3,D,0
21.25924,86.65538,331.52,0.39,0.36,2026-01-17,723,N20,VIIRS,l,2,301.87,2.04,D,0
21.25932,82.97215,344.03,0.51,0.41,2026-01-17,723,N20,VIIRS,n,2,306.85,4.81,D,0
21.26306,82.97139,344.9,0.51,0.41,2026-01-17,723,N20,VIIRS,n,2,310.6,18.3,D,0
21.26311,81.99688,350.45,0.39,0.44,2026-01-17,723,N20,VIIRS,n,2,310.96,5.22,D,0
21.26926,82.09786,333.58,0.38,0.43,2026-01-17,723,N20,VIIRS,l,2,305.71,5.01,D,0
21.27991,77.1152,332.77,0.39,0.59,2026-01-17,723,N20,VIIRS,n,2,299.51,2.85,D,0
21.28424,83.85262,331.03,0.47,0.39,2026-01-17,723,N20,VIIRS,l,2,301.37,1.99,D,0
21.29469,83.82766,333.65,0.47,0.39,2026-01-17,723,N20,VIIRS,n,2,303.48,4.68,D,0
21.29643,83.79521,330.2,0.47,0.4,2026-01-17,723,N20,VIIRS,l,2,301.72,1.92,D,0
21.29827,83.82694,336.93,0.47,0.39,2026-01-17,723,N20,VIIRS,n,2,303.65,3.82,D,0
21.314,80.44437,333.81,0.48,0.48,2026-01-17,723,N20,VIIRS,l,2,306.81,5.04,D,0
21.3149,80.4489,335.7,0.48,0.48,2026-01-17,723,N20,VIIRS,l,2,305.89,5.57,D,0
21.3382,83.00143,339.73,0.51,0.41,2026-01-17,723,N20,VIIRS,n,2,305.68,6.11,D,0
21.33912,83.00264,341.33,0.51,0.41,2026-01-17,723,N20,VIIRS,n,2,304.56,4.55,D,0
21.34513,81.62025,348.88,0.41,0.45,2026-01-17,723,N20,VIIRS,n,2,308.18,6.43,D,0
21.34519,81.25919,342.36,0.43,0.46,2026-01-17,723,N20,VIIRS,n,2,308.86,5.51,D,0
21.34595,81.26322,341.78,0.43,0.46,2026-01-17,723,N20,VIIRS,n,2,303.47,5.51,D,0
21.34723,81.25973,340.77,0.43,0.46,2026-01-17,723,N20,VIIRS,n,2,306.79,5.18,D,0
21.35349,83.08833,333.79,0.51,0.41,2026-01-17,723,N20,VIIRS,l,2,307.62,4.3,D,0
21.35491,83.08932,338.31,0.51,0.41,2026-01-17,723,N20,VIIRS,n,2,308.22,5.87,D,0
21.35578,83.09411,343.74,0.5,0.41,2026-01-17,723,N20,VIIRS,n,2,306.89,5.87,D,0
21.35805,83.09237,334.77,0.51,0.41,2026-01-17,723,N20,VIIRS,l,2,307.91,4.3,D,0
21.35889,83.09718,334.48,0.51,0.41,2026-01-17,723,N20,VIIRS,n,2,306.79,4.61,D,0
21.36239,83.44221,343.47,0.49,0.4,2026-01-17,723,N20,VIIRS,n,2,306.06,3.44,D,0
21.36604,83.44148,332.46,0.49,0.4,2026-01-17,723,N20,VIIRS,n,2,304.96,3.44,D,0
21.36935,80.35596,330.41,0.48,0.48,2026-01-17,723,N20,VIIRS,l,2,304.43,3.09,D,0
21.37322,80.49234,330.12,0.48,0.48,2026-01-17,723,N20,VIIRS,n,2,304.31,2.62,D,0
21.38302,83.49509,340.95,0.48,0.4,2026-01-17,723,N20,VIIRS,n,2,306.27,5.84,D,0
21.38608,82.01276,340.87,0.38,0.44,2026-01-17,723,N20,VIIRS,n,2,307.46,9.47,D,0
21.38628,82.87678,333.57,0.52,0.41,2026-01-17,723,N20,VIIRS,n,2,305.51,4.4,D,0
21.39002,82.01195,341.96,0.38,0.44,2026-01-17,723,N20,VIIRS,n,2,306.92,4.53,D,0
21.39977,86.83854,330.7,0.39,0.36,2026-01-17,723,N20,VIIRS,n,2,303.32,1.94,D,0
21.41207,83.63975,338.49,0.47,0.4,2026-01-17,723,N20,VIIRS,n,2,305.81,6.18,D,0
21.41215,81.57381,340.36,0.41,0.45,2026-01-17,723,N20,VIIRS,n,2,304.72,2.03,D,0
21.41552,81.56969,340.09,0.41,0.45,2026-01-17,723,N20,VIIRS,n,2,306.78,3.01,D,0
21.42264,85.88449,330.96,0.4,0.37,2026-01-17,723,N20,VIIRS,l,2,305.26,2.25,D,0
21.4257,83.99417,335.66,0.46,0.39,2026-01-17,723,N20,VIIRS,n,2,304.67,3.93,D,0
21.42894,82.13239,339.49,0.57,0.43,2026-01-17,723,N20,VIIRS,n,2,309.61,5.07,D,0
21.42994,82.13778,332.84,0.57,0.43,2026-01-17,723,N20,VIIRS,n,2,304.41,5.07,D,0
21.43286,82.13158,335.24,0.57,0.43,2026-01-17,723,N20,VIIRS,n,2,308.69,5.07,D,0
21.43999,84.15945,335.93,0.45,0.39,2026-01-17,723,N20,VIIRS,n,2,304.68,2.11,D,0
21.44009,84.16086,334.08,0.45,0.39,2026-01-17,723,N20,VIIRS,n,2,305.03,2.94,D,0
21.44055,83.71778,337.98,0.47,0.4,2026-01-17,723,N20,VIIRS,n,2,303.33,3.95,D,0
21.44209,83.7267,345.65,0.47,0.4,2026-01-17,723,N20,VIIRS,n,2,304.29,6.11,D,0
21.47548,81.841,331.48,0.39,0.44,2026-01-17,723,N20,VIIRS,n,2,304.97,0.78,D,0
21.47907,81.45903,335.01,0.41,0.45,2026-01-17,723,N20,VIIRS,n,2,305.86,2.09,D,0
21.48622,82.61318,332.42,0.53,0.42,2026-01-17,723,N20,VIIRS,n,2,303.38,3.8,D,0
21.48695,83.29313,337.11,0.49,0.4,2026-01-17,723,N20,VIIRS,n,2,308.91,8.42,D,0
21.48788,83.19814,331.95,0.5,0.41,2026-01-17,723,N20,VIIRS,n,2,303.61,3.23,D,0
21.48804,82.61538,333.05,0.53,0.42,2026-01-17,723,N20,VIIRS,n,2,303.5,4.36,D,0
21.49901,83.49167,337.43,0.48,0.4,2026-01-17,723,N20,VIIRS,n,2,302.75,3.05,D,0
21.51924,83.24515,330.69,0.49,0.41,2026-01-17,723,N20,VIIRS,l,2,301.85,1.73,D,0
21.52109,82.86707,344.62,0.52,0.41,2026-01-17,723,N20,VIIRS,n,2,305.28,5.28,D,0
21.53202,84.75262,329.28,0.43,0.38,2026-01-17,723,N20,VIIRS,n,2,302.09,2.4,D,0
21.53991,82.14061,347.79,0.56,0.43,2026-01-17,723,N20,VIIRS,n,2,308.5,9.23,D,0
21.54264,83.41854,333.77,0.48,0.4,2026-01-17,723,N20,VIIRS,n,2,304.04,3.61,D,0
21.54382,82.13979,338.9,0.56,0.43,2026-01-17,723,N20,VIIRS,n,2,305.83,9.23,D,0
21.55177,82.18258,342.26,0.56,0.43,2026-01-17,723,N20,VIIRS,n,2,306.28,9.32,D,0
21.55758,82.17024,331.09,0.56,0.43,2026-01-17,723,N20,VIIRS,l,2,304.47,2.91,D,0
21.55816,83.95965,331.59,0.46,0.39,2026-01-17,723,N20,VIIRS,n,2,300.96,7.61,D,0
21.56322,82.92637,351.95,0.51,0.41,2026-01-17,723,N20,VIIRS,n,2,307.72,13.5,D,0
21.56491,86.93716,338.91,0.38,0.36,2026-01-17,723,N20,VIIRS,n,2,302.74,4.04,D,0
21.56846,85.68598,329.97,0.4,0.37,2026-01-17,723,N20,VIIRS,n,2,303.88,2.29,D,0
21.57201,83.99731,330.93,0.46,0.39,2026-01-17,723,N20,VIIRS,n,2,304.84,3.7,D,0
21.5744,81.8737,351.33,0.39,0.44,2026-01-17,723,N20,VIIRS,n,2,311.25,7.67,D,0
21.57645,81.87337,351.6,0.39,0.44,2026-01-17,723,N20,VIIRS,n,2,308.63,7.25,D,0
21.57993,83.13494,353.36,0.5,0.41,2026-01-17,723,N20,VIIRS,n,2,314.41,27.69,D,0
21.58228,83.34348,341.41,0.49,0.4,2026-01-17,723,N20,VIIRS,n,2,305.18,9.28,D,0
21.5887,82.42529,347.22,0.54,0.42,2026-01-17,723,N20,VIIRS,n,2,308.65,10.99,D,0
21.58874,82.89594,355.67,0.51,0.41,2026-01-17,723,N20,VIIRS,n,2,313,20.89,D,0
21.59248,82.89516,333.59,0.51,0.41,2026-01-17,723,N20,VIIRS,l,2,306.01,6.3,D,0
21.59884,82.90901,343.87,0.51,0.41,2026-01-17,723,N20,VIIRS,n,2,308.17,12.19,D,0
21.60141,82.16649,334.43,0.56,0.43,2026-01-17,723,N20,VIIRS,n,2,307.17,5.07,D,0
21.60239,82.17182,332.83,0.56,0.43,2026-01-17,723,N20,VIIRS,n,2,306.56,5.07,D,0
21.60258,82.90824,346.54,0.51,0.41,2026-01-17,723,N20,VIIRS,n,2,306.85,8.49,D,0
21.60831,82.89695,343.34,0.51,0.41,2026-01-17,723,N20,VIIRS,n,2,309.5,9.6,D,0
21.6169,82.2514,334.37,0.56,0.43,2026-01-17,723,N20,VIIRS,n,2,306.36,2.32,D,0
21.62077,82.25057,331.14,0.56,0.43,2026-01-17,723,N20,VIIRS,n,2,305.51,2.32,D,0
21.62332,82.74072,333.92,0.52,0.42,2026-01-17,723,N20,VIIRS,n,2,306.83,4.19,D,0
21.62364,82.74349,344.6,0.52,0.42,2026-01-17,723,N20,VIIRS,n,2,306.44,6.27,D,0
21.6242,82.74569,333.45,0.52,0.42,2026-01-17,723,N20,VIIRS,n,2,305.09,3.37,D,0
21.62652,82.28221,345.8,0.55,0.43,2026-01-17,723,N20,VIIRS,n,2,307.28,10.91,D,0
21.62678,83.91611,333.72,0.46,0.39,2026-01-17,723,N20,VIIRS,n,2,302.45,3.28,D,0
21.64476,82.31644,339.65,0.55,0.43,2026-01-17,723,N20,VIIRS,n,2,305.16,4.01,D,0
21.64862,82.31563,330.52,0.55,0.43,2026-01-17,723,N20,VIIRS,n,2,305.42,4.01,D,0
21.64868,84.14691,346.35,0.45,0.39,2026-01-17,723,N20,VIIRS,n,2,306.35,6.28,D,0
21.66262,82.80723,332.42,0.52,0.41,2026-01-17,723,N20,VIIRS,n,2,305.27,2.99,D,0
21.66351,82.81213,335.89,0.52,0.41,2026-01-17,723,N20,VIIRS,n,2,306.92,5.16,D,0
21.66727,82.21651,341.06,0.56,0.43,2026-01-17,723,N20,VIIRS,n,2,307.17,7.18,D,0
21.66825,82.22179,345.24,0.56,0.43,2026-01-17,723,N20,VIIRS,n,2,307.52,15.83,D,0
21.66922,82.69281,335.74,0.52,0.42,2026-01-17,723,N20,VIIRS,n,2,306.23,3.13,D,0
21.66973,82.84639,335.8,0.51,0.41,2026-01-17,723,N20,VIIRS,n,2,309.9,6.56,D,0
21.67115,82.21568,332.74,0.56,0.43,2026-01-17,723,N20,VIIRS,n,2,306.78,4.71,D,0
21.673,82.69202,340.05,0.52,0.42,2026-01-17,723,N20,VIIRS,n,2,305.19,5.23,D,0
21.67745,86.80768,339.61,0.38,0.36,2026-01-17,723,N20,VIIRS,n,2,305.85,9.44,D,0
21.67774,84.04055,334,0.45,0.39,2026-01-17,723,N20,VIIRS,l,2,307.21,5.01,D,2
21.68141,84.29818,345.91,0.44,0.38,2026-01-17,723,N20,VIIRS,n,2,303.87,6.51,D,0
21.68243,84.29922,344.87,0.44,0.38,2026-01-17,723,N20,VIIRS,n,2,304.22,12.63,D,0
21.68257,83.94112,333.35,0.46,0.39,2026-01-17,723,N20,VIIRS,n,2,301.91,2.51,D,0
21.6852,84.29433,332.51,0.44,0.38,2026-01-17,723,N20,VIIRS,l,2,304.92,4.51,D,0
21.68593,84.29853,342.02,0.44,0.38,2026-01-17,723,N20,VIIRS,n,2,303.67,4.51,D,0
21.68708,83.08053,338.32,0.5,0.41,2026-01-17,723,N20,VIIRS,n,2,305.81,6.54,D,0
21.68817,84.20657,342.7,0.44,0.39,2026-01-17,723,N20,VIIRS,n,2,302.83,4.42,D,0
21.68851,83.07774,344.61,0.5,0.41,2026-01-17,723,N20,VIIRS,n,2,307.29,12.61,D,0
21.69078,83.07977,336.26,0.5,0.41,2026-01-17,723,N20,VIIRS,n,2,305.37,6.54,D,0
21.70146,84.32587,343.48,0.44,0.38,2026-01-17,723,N20,VIIRS,n,2,303.13,5.59,D,0
21.70903,83.27145,331.4,0.49,0.4,2026-01-17,723,N20,VIIRS,n,2,302.43,2.5,D,0
21.71453,83.47569,334.1,0.48,0.4,2026-01-17,723,N20,VIIRS,n,2,306.45,4.96,D,0
21.71515,83.88177,339.56,0.46,0.39,2026-01-17,723,N20,VIIRS,n,2,302.29,5.65,D,0
21.717,83.8847,333.92,0.46,0.39,2026-01-17,723,N20,VIIRS,n,2,303.68,5.44,D,0
21.72737,81.7979,335.09,0.39,0.44,2026-01-17,723,N20,VIIRS,n,2,306.71,2.18,D,0
21.73097,84.20242,331.47,0.44,0.39,2026-01-17,723,N20,VIIRS,l,2,304.08,2.59,D,0
21.73309,83.1766,350.28,0.49,0.41,2026-01-17,723,N20,VIIRS,n,2,308.57,5.93,D,0
21.73393,83.1813,333.45,0.49,0.41,2026-01-17,723,N20,VIIRS,l,2,306.43,5.93,D,0
21.73582,84.18832,340.79,0.45,0.39,2026-01-17,723,N20,VIIRS,n,2,304.17,5.86,D,0
21.74451,82.82824,332.83,0.51,0.41,2026-01-17,723,N20,VIIRS,l,2,307.82,6.62,D,0
21.74535,81.24561,337.44,0.42,0.45,2026-01-17,723,N20,VIIRS,n,2,305.21,2.84,D,0
21.74754,82.82526,332.43,0.52,0.41,2026-01-17,723,N20,VIIRS,l,2,305.95,6.72,D,0
21.74763,82.65314,340.96,0.53,0.42,2026-01-17,723,N20,VIIRS,n,2,307.4,6.05,D,0
21.74945,81.24473,344.74,0.42,0.45,2026-01-17,723,N20,VIIRS,n,2,304.98,21.81,D,0
21.75142,82.65238,332.44,0.53,0.42,2026-01-17,723,N20,VIIRS,n,2,305.11,2.53,D,0
21.75954,82.56729,339.76,0.53,0.42,2026-01-17,723,N20,VIIRS,n,2,308.26,4.6,D,0
21.76009,82.08351,336.52,0.56,0.43,2026-01-17,723,N20,VIIRS,n,2,305.69,3.32,D,0
21.77135,86.73388,330.26,0.39,0.36,2026-01-17,723,N20,VIIRS,l,2,303.55,2.22,D,0
21.77343,83.1244,334.5,0.5,0.41,2026-01-17,723,N20,VIIRS,l,2,305.71,3.64,D,0
21.77345,83.59965,333.71,0.47,0.4,2026-01-17,723,N20,VIIRS,n,2,302.59,3.72,D,0
21.77706,83.59893,335.62,0.47,0.4,2026-01-17,723,N20,VIIRS,n,2,305.36,6.59,D,0
21.77807,82.49499,346.77,0.54,0.42,2026-01-17,723,N20,VIIRS,n,2,309.42,7.8,D,0
21.77849,83.60045,342.34,0.47,0.4,2026-01-17,723,N20,VIIRS,n,2,303.44,11.11,D,0
21.7786,83.60791,335.99,0.47,0.4,2026-01-17,723,N20,VIIRS,n,2,302.79,4.25,D,0
21.78008,83.60943,332.89,0.47,0.4,2026-01-17,723,N20,VIIRS,l,2,304.68,5.89,D,0
21.78221,83.6072,335.02,0.47,0.4,2026-01-17,723,N20,VIIRS,n,2,303.61,4.25,D,0
21.78262,84.95016,332.61,0.42,0.37,2026-01-17,723,N20,VIIRS,l,2,303.76,2.74,D,0
21.78299,84.88909,332.64,0.42,0.38,2026-01-17,723,N20,VIIRS,n,2,303,2.76,D,0
21.78603,84.9495,350,0.42,0.37,2026-01-17,723,N20,VIIRS,n,2,305.24,10.81,D,0
21.78649,83.60351,331.47,0.47,0.4,2026-01-17,723,N20,VIIRS,l,2,302.08,13.47,D,0
21.78728,83.608,343.31,0.47,0.4,2026-01-17,723,N20,VIIRS,n,2,308.85,13.47,D,0
21.79322,82.81828,331.92,0.51,0.41,2026-01-17,723,N20,VIIRS,n,2,305.56,2.98,D,0
21.79411,82.82317,332.48,0.51,0.41,2026-01-17,723,N20,VIIRS,n,2,302.85,2.98,D,0
21.79612,82.5146,340.23,0.53,0.42,2026-01-17,723,N20,VIIRS,n,2,307.53,10.52,D,0
21.79698,82.5122,334.06,0.53,0.42,2026-01-17,723,N20,VIIRS,l,2,307.44,6.3,D,0
21.79789,82.51729,334.24,0.53,0.42,2026-01-17,723,N20,VIIRS,l,2,305.59,9.69,D,0
21.79894,82.5298,347.09,0.53,0.42,2026-01-17,723,N20,VIIRS,n,2,305.64,9.81,D,0
21.7997,82.52745,331.02,0.53,0.42,2026-01-17,723,N20,VIIRS,l,2,304.2,10.01,D,0
21.79992,82.51382,367,0.53,0.42,2026-01-17,723,N20,VIIRS,h,2,308.68,10.52,D,0
21.80061,82.53251,345.7,0.53,0.42,2026-01-17,723,N20,VIIRS,n,2,307.16,10.01,D,0
21.80079,82.51141,336.8,0.53,0.42,2026-01-17,723,N20,VIIRS,l,2,307.04,6.3,D,0
21.80119,82.28378,350.22,0.55,0.43,2026-01-17,723,N20,VIIRS,n,2,309.17,10.1,D,0
21.80129,82.66803,334.07,0.52,0.42,2026-01-17,723,N20,VIIRS,l,2,306.44,4.06,D,0
21.80274,82.52902,340.05,0.53,0.42,2026-01-17,723,N20,VIIRS,n,2,307.62,9.81,D,0
21.80373,82.51304,331.53,0.53,0.42,2026-01-17,723,N20,VIIRS,n,2,306.26,2.4,D,0
21.8039,83.84158,339.6,0.46,0.39,2026-01-17,723,N20,VIIRS,n,2,305.81,3.57,D,0
21.80718,83.27309,336.93,0.49,0.4,2026-01-17,723,N20,VIIRS,n,2,305.98,5.39,D,0
21.80746,83.84089,333.64,0.46,0.39,2026-01-17,723,N20,VIIRS,n,2,305.13,3.57,D,0
21.81019,82.80463,336.88,0.52,0.41,2026-01-17,723,N20,VIIRS,n,2,307.56,4.96,D,0
21.81079,82.31424,343.85,0.55,0.42,2026-01-17,723,N20,VIIRS,n,2,309.92,16.08,D,0
21.81108,82.80955,332.55,0.51,0.41,2026-01-17,723,N20,VIIRS,n,2,302.66,4.96,D,0
21.81394,82.80386,336.68,0.52,0.41,2026-01-17,723,N20,VIIRS,n,2,304.13,4.96,D,0
21.81609,82.51575,348.73,0.53,0.42,2026-01-17,723,N20,VIIRS,n,2,309.94,14.31,D,0
21.81835,83.04347,340.62,0.5,0.41,2026-01-17,723,N20,VIIRS,n,2,306.43,5.92,D,0
21.8194,82.64039,334.93,0.52,0.42,2026-01-17,723,N20,VIIRS,n,2,306.75,3.46,D,0
21.8199,82.51495,334.17,0.53,0.42,2026-01-17,723,N20,VIIRS,n,2,306.23,3.5,D,0
21.82071,81.88893,332.97,0.38,0.44,2026-01-17,723,N20,VIIRS,n,2,305.69,1.79,D,0
21.8229,83.04749,339.41,0.5,0.41,2026-01-17,723,N20,VIIRS,n,2,304.49,6.51,D,0
21.82791,84.13168,330.87,0.45,0.39,2026-01-17,723,N20,VIIRS,l,2,305.66,2.32,D,0
21.82945,83.04121,333.18,0.5,0.41,2026-01-17,723,N20,VIIRS,n,2,304.25,3.15,D,0
21.83821,83.13286,339.96,0.5,0.41,2026-01-17,723,N20,VIIRS,n,2,309.19,11.6,D,0
21.83921,82.44757,333.69,0.54,0.42,2026-01-17,723,N20,VIIRS,l,2,306.79,5.3,D,0
21.84423,86.70195,335.13,0.39,0.36,2026-01-17,723,N20,VIIRS,n,2,303.54,3.81,D,0
21.84525,85.80284,332.22,0.4,0.37,2026-01-17,723,N20,VIIRS,n,2,303.7,2.26,D,0
21.84834,82.30091,334.33,0.55,0.42,2026-01-17,723,N20,VIIRS,l,2,307.09,28.02,D,0
21.85427,82.9866,336.75,0.5,0.41,2026-01-17,723,N20,VIIRS,n,2,303.53,3.84,D,0
21.85824,84.85397,344,0.42,0.38,2026-01-17,723,N20,VIIRS,n,2,303.51,8.39,D,0
21.8589,84.85797,341.26,0.42,0.38,2026-01-17,723,N20,VIIRS,n,2,305.82,8.39,D,0
21.85902,83.35546,337.01,0.48,0.4,2026-01-17,723,N20,VIIRS,n,2,306.76,3.72,D,0
21.86166,84.85331,338.27,0.42,0.38,2026-01-17,723,N20,VIIRS,n,2,305.56,8.39,D,0
21.86232,84.85731,343.49,0.42,0.38,2026-01-17,723,N20,VIIRS,n,2,302.6,8.39,D,0
21.86425,84.26023,341.61,0.44,0.38,2026-01-17,723,N20,VIIRS,n,2,303.26,5.15,D,0
21.8658,82.26472,347.53,0.55,0.43,2026-01-17,723,N20,VIIRS,n,2,309.22,5.7,D,0
21.86634,82.26221,345.06,0.55,0.43,2026-01-17,723,N20,VIIRS,n,2,312.57,6.73,D,0
21.86732,82.26741,334.18,0.55,0.43,2026-01-17,723,N20,VIIRS,n,2,307.89,6.73,D,0
21.86784,83.32024,349.32,0.48,0.4,2026-01-17,723,N20,VIIRS,n,2,313.38,35.8,D,0
21.86965,82.26391,350.77,0.55,0.43,2026-01-17,723,N20,VIIRS,n,2,307.01,13.62,D,0
21.8702,82.26139,331.01,0.55,0.43,2026-01-17,723,N20,VIIRS,n,2,304.97,6.73,D,0
21.87841,83.33725,335.59,0.48,0.4,2026-01-17,723,N20,VIIRS,n,2,308.15,4.48,D,0
21.87923,83.34186,343.87,0.48,0.4,2026-01-17,723,N20,VIIRS,n,2,305.24,4.65,D,0
21.88072,83.99419,336.51,0.45,0.39,2026-01-17,723,N20,VIIRS,n,2,304.26,3.85,D,0
21.88432,82.07716,340.17,0.56,0.43,2026-01-17,723,N20,VIIRS,n,2,309.51,6.14,D,0
21.88473,82.3256,348.66,0.55,0.42,2026-01-17,723,N20,VIIRS,n,2,309.92,9.64,D,0
21.88566,82.32294,345.06,0.54,0.42,2026-01-17,723,N20,VIIRS,n,2,307.8,6.92,D,0
21.88663,82.32813,334.7,0.54,0.42,2026-01-17,723,N20,VIIRS,l,2,305.28,6.92,D,0
21.88822,82.07635,355.26,0.56,0.43,2026-01-17,723,N20,VIIRS,n,2,312.75,49.82,D,0
21.8888,83.07353,339.07,0.5,0.41,2026-01-17,723,N20,VIIRS,n,2,306.1,4.94,D,0
21.8889,83.31118,331.59,0.48,0.4,2026-01-17,723,N20,VIIRS,n,2,306.27,2.87,D,0
21.89698,82.97951,341.41,0.5,0.41,2026-01-17,723,N20,VIIRS,n,2,304.22,4.78,D,0
21.9008,83.94099,343.6,0.45,0.39,2026-01-17,723,N20,VIIRS,n,2,305.19,16.07,D,0
21.90364,87.51327,329.15,0.39,0.36,2026-01-17,723,N20,VIIRS,l,2,299.96,1.88,D,0
21.90605,77.9446,367,0.34,0.56,2026-01-17,723,N20,VIIRS,h,2,301.73,7.71,D,0
21.90963,85.20896,331.41,0.41,0.37,2026-01-17,723,N20,VIIRS,l,2,304.68,3.28,D,0
21.91526,82.43976,334.45,0.54,0.42,2026-01-17,723,N20,VIIRS,n,2,308.87,2.72,D,0
21.91578,84.28174,347.56,0.44,0.38,2026-01-17,723,N20,VIIRS,n,2,304.28,12.87,D,0
21.91787,82.86018,334.99,0.51,0.41,2026-01-17,723,N20,VIIRS,n,2,305.56,3.99,D,0
21.91821,82.39123,335.08,0.54,0.42,2026-01-17,723,N20,VIIRS,l,2,305.78,2.38,D,0
21.91927,84.28104,355.26,0.44,0.38,2026-01-17,723,N20,VIIRS,n,2,311.17,12.87,D,0
21.92276,84.28036,337.94,0.44,0.38,2026-01-17,723,N20,VIIRS,n,2,304.33,3.03,D,0
21.92788,82.72097,338.88,0.52,0.41,2026-01-17,723,N20,VIIRS,n,2,308.73,7.34,D,0
21.93421,85.88779,332.68,0.39,0.37,2026-01-17,723,N20,VIIRS,n,2,302.06,1.75,D,0
21.93901,82.46123,336.86,0.53,0.42,2026-01-17,723,N20,VIIRS,n,2,308.3,3.29,D,0
21.94977,82.39001,333.83,0.54,0.42,2026-01-17,723,N20,VIIRS,l,2,304.16,7.18,D,0
21.95007,86.66045,330.2,0.39,0.36,2026-01-17,723,N20,VIIRS,n,2,300.45,1.85,D,0
21.95529,86.91368,330.23,0.38,0.36,2026-01-17,723,N20,VIIRS,n,2,302.37,1.88,D,0
21.96857,86.82417,339.1,0.38,0.36,2026-01-17,723,N20,VIIRS,n,2,301.52,5.57,D,0
21.97129,86.81989,334.75,0.38,0.36,2026-01-17,723,N20,VIIRS,l,2,306.4,10.96,D,0
21.97186,86.82359,332.2,0.38,0.36,2026-01-17,723,N20,VIIRS,l,2,302.21,5.57,D,0
21.9822,96.80966,367,0.37,0.58,2026-01-17,723,N20,VIIRS,h,2,302.23,4.85,D,0
21.98243,96.8121,326.3,0.37,0.58,2026-01-17,723,N20,VIIRS,n,2,300.13,4.85,D,0
21.98248,82.63497,334.6,0.52,0.42,2026-01-17,723,N20,VIIRS,n,2,308.04,3.52,D,0
21.99143,82.79173,332.96,0.51,0.41,2026-01-17,723,N20,VIIRS,n,2,306.28,3.48,D,0
21.99232,82.79662,336.11,0.51,0.41,2026-01-17,723,N20,VIIRS,n,2,303.12,3.48,D,0
21.99517,82.79095,336.73,0.51,0.41,2026-01-17,723,N20,VIIRS,n,2,308.37,5.67,D,0
21.99606,82.79585,348.9,0.51,0.41,2026-01-17,723,N20,VIIRS,n,2,308.63,5.67,D,0
21.9996,82.81539,333.23,0.51,0.41,2026-01-17,723,N20,VIIRS,n,2,305.78,3.09,D,0
21.99999,97.48196,343.72,0.41,0.61,2026-01-17,723,N20,VIIRS,n,2,302.31,7.38,D,0
22.00031,97.48557,367,0.41,0.61,2026-01-17,723,N20,VIIRS,h,2,301.78,12.1,D,0
22.00519,83.70011,343.21,0.46,0.39,2026-01-17,723,N20,VIIRS,n,2,303.65,5.75,D,0
22.00703,86.76336,332.95,0.38,0.36,2026-01-17,723,N20,VIIRS,n,2,301.88,2.17,D,0
22.00776,86.70248,335.76,0.39,0.36,2026-01-17,723,N20,VIIRS,n,2,302,7.04,D,0
22.01405,83.73018,345.36,0.46,0.39,2026-01-17,723,N20,VIIRS,n,2,308,11.66,D,0
22.01497,83.00694,342.91,0.5,0.41,2026-01-17,723,N20,VIIRS,n,2,306.66,7.08,D,0
22.01554,83.72621,332.92,0.46,0.39,2026-01-17,723,N20,VIIRS,n,2,304.28,6.56,D,0
22.01632,83.73062,337.12,0.46,0.39,2026-01-17,723,N20,VIIRS,n,2,307.78,6.56,D,0
22.01989,76.31935,337.07,0.42,0.61,2026-01-17,723,N20,VIIRS,n,2,301.23,3.83,D,0
22.0224,82.27621,346.71,0.55,0.42,2026-01-17,723,N20,VIIRS,n,2,309.61,11.37,D,0
22.02335,82.28139,345.72,0.55,0.42,2026-01-17,723,N20,VIIRS,n,2,307.25,11.37,D,0
22.02355,82.66771,344.68,0.52,0.42,2026-01-17,723,N20,VIIRS,n,2,311.55,16.37,D,0
22.02444,82.67268,333.23,0.52,0.41,2026-01-17,723,N20,VIIRS,l,2,303.62,7.41,D,0
22.02585,82.46735,335.68,0.53,0.42,2026-01-17,723,N20,VIIRS,n,2,307.04,2.59,D,0
22.02915,82.24773,334.61,0.55,0.42,2026-01-17,723,N20,VIIRS,n,2,307.17,4.41,D,0
22.03118,84.25571,335.81,0.44,0.38,2026-01-17,723,N20,VIIRS,n,2,303.8,4.24,D,0
22.03321,83.08681,331.83,0.49,0.41,2026-01-17,723,N20,VIIRS,l,2,302.37,8.66,D,0
22.03675,82.59045,340.23,0.52,0.42,2026-01-17,723,N20,VIIRS,n,2,305.46,4.56,D,0
22.0375,82.59247,338.39,0.52,0.42,2026-01-17,723,N20,VIIRS,n,2,304.92,4.99,D,0
22.03848,83.73068,344.1,0.46,0.39,2026-01-17,723,N20,VIIRS,n,2,308.87,5.7,D,2
22.03926,83.73508,352.8,0.46,0.39,2026-01-17,723,N20,VIIRS,n,2,317.7,5.7,D,2
22.04205,83.72996,353.08,0.46,0.39,2026-01-17,723,N20,VIIRS,n,2,313.42,5.7,D,2
22.04232,82.034,347.18,0.56,0.43,2026-01-17,723,N20,VIIRS,n,2,311.56,25.99,D,0
22.04282,83.73435,332.98,0.46,0.39,2026-01-17,723,N20,VIIRS,l,2,307.97,5.7,D,2
22.04286,82.03624,340.89,0.56,0.43,2026-01-17,723,N20,VIIRS,n,2,310.46,27.17,D,0
22.04353,82.80126,347.01,0.51,0.41,2026-01-17,723,N20,VIIRS,n,2,308.19,9.01,D,0
22.04427,83.67937,331.14,0.46,0.39,2026-01-17,723,N20,VIIRS,l,2,304.93,5.16,D,0
22.0444,82.80614,344.54,0.51,0.41,2026-01-17,723,N20,VIIRS,n,2,305.29,9.01,D,0
22.04753,85.76978,337.98,0.4,0.37,2026-01-17,723,N20,VIIRS,n,2,306.3,2.61,D,0
22.04862,83.68304,340.73,0.46,0.39,2026-01-17,723,N20,VIIRS,n,2,309.06,6.61,D,0
22.04875,88.10358,333.2,0.39,0.36,2026-01-17,723,N20,VIIRS,n,2,302.94,2.07,D,2
22.04977,82.74918,335.8,0.51,0.41,2026-01-17,723,N20,VIIRS,n,2,306.44,7.13,D,0
22.0498,82.61879,335.22,0.52,0.42,2026-01-17,723,N20,VIIRS,l,2,307.45,5.36,D,0
22.05352,82.74841,340.55,0.51,0.41,2026-01-17,723,N20,VIIRS,n,2,309.04,7.13,D,0
22.05539,88.1256,338.19,0.39,0.36,2026-01-17,723,N20,VIIRS,n,2,306.87,5.2,D,2
22.0555,85.67038,335.46,0.4,0.37,2026-01-17,723,N20,VIIRS,n,2,308.65,10,D,0
22.05771,82.55499,339.56,0.53,0.42,2026-01-17,723,N20,VIIRS,n,2,309.06,7.05,D,0
22.06036,82.39669,347.2,0.54,0.42,2026-01-17,723,N20,VIIRS,n,2,311.58,13.78,D,0
22.06302,86.66605,330.19,0.39,0.36,2026-01-17,723,N20,VIIRS,n,2,301.11,1.34,D,0
22.06349,82.32659,336.77,0.54,0.42,2026-01-17,723,N20,VIIRS,n,2,304.8,4.55,D,0
22.06618,87.44363,329.98,0.38,0.36,2026-01-17,723,N20,VIIRS,n,2,302.26,2.52,D,0
22.06706,81.30164,340.77,0.41,0.45,2026-01-17,723,N20,VIIRS,n,2,306.37,4.02,D,0
22.0731,82.88067,335.63,0.51,0.41,2026-01-17,723,N20,VIIRS,l,2,308.92,11.09,D,0
22.07684,96.74383,328.46,0.37,0.58,2026-01-17,723,N20,VIIRS,n,2,298.91,1.89,D,0
22.08302,83.96487,337.32,0.45,0.39,2026-01-17,723,N20,VIIRS,n,2,302.41,2.98,D,0
22.09238,97.0248,330.47,0.38,0.59,2026-01-17,723,N20,VIIRS,n,2,300.09,6.13,D,0
22.09305,97.03192,341.27,0.38,0.59,2026-01-17,723,N20,VIIRS,n,2,298.7,4.89,D,0
22.09543,96.65819,351.13,0.36,0.58,2026-01-17,723,N20,VIIRS,n,2,301.39,5.23,D,0
22.10133,96.44927,333.07,0.35,0.57,2026-01-17,723,N20,VIIRS,n,2,296.16,3.13,D,0
22.10158,96.44628,340.89,0.35,0.57,2026-01-17,723,N20,VIIRS,n,2,296.25,5.51,D,0
22.10257,97.0165,331.62,0.38,0.59,2026-01-17,723,N20,VIIRS,n,2,301.21,3.39,D,0
22.10422,97.52615,333.93,0.41,0.61,2026-01-17,723,N20,VIIRS,n,2,298.84,3.17,D,0
22.1055,97.52509,329.83,0.41,0.61,2026-01-17,723,N20,VIIRS,n,2,299.92,3.01,D,0
22.10879,82.36799,333.7,0.54,0.42,2026-01-17,723,N20,VIIRS,n,2,306.3,4.29,D,0
22.10928,85.89863,335.39,0.39,0.36,2026-01-17,723,N20,VIIRS,n,2,304.35,3.17,D,0
22.11306,97.01165,331.15,0.38,0.59,2026-01-17,723,N20,VIIRS,n,2,301.53,2.98,D,0
22.1134,97.01521,338.66,0.38,0.59,2026-01-17,723,N20,VIIRS,n,2,301.19,4.35,D,0
22.11929,82.36042,346.02,0.54,0.42,2026-01-17,723,N20,VIIRS,n,2,307.16,10.68,D,0
22.13095,82.85149,334.34,0.51,0.41,2026-01-17,723,N20,VIIRS,n,2,304.08,4.52,D,0
22.13412,97.48151,332.23,0.41,0.61,2026-01-17,723,N20,VIIRS,n,2,299.88,11.68,D,0
22.13715,82.5384,334.69,0.53,0.42,2026-01-17,723,N20,VIIRS,n,2,303.89,3.99,D,0
22.1393,97.47636,354.97,0.41,0.61,2026-01-17,723,N20,VIIRS,n,2,301.84,16.95,D,0
22.14116,82.39301,339.02,0.54,0.42,2026-01-17,723,N20,VIIRS,n,2,307.21,6.06,D,0
22.14966,83.48831,331.17,0.47,0.4,2026-01-17,723,N20,VIIRS,l,2,305.72,1.87,D,0
22.15428,86.16062,332.42,0.39,0.36,2026-01-17,723,N20,VIIRS,n,2,303.57,3.81,D,0
22.15475,82.31565,333.05,0.54,0.42,2026-01-17,723,N20,VIIRS,l,2,305.61,3.45,D,0
22.15569,82.32079,330.27,0.54,0.42,2026-01-17,723,N20,VIIRS,l,2,304.23,3.45,D,0
22.17603,81.90315,332.86,0.57,0.43,2026-01-17,723,N20,VIIRS,n,2,305.15,3.64,D,0
22.17624,97.57165,325.24,0.42,0.61,2026-01-17,723,N20,VIIRS,n,2,297.51,2.06,D,0
22.18794,82.26916,333.83,0.54,0.42,2026-01-17,723,N20,VIIRS,n,2,306.22,6.02,D,0
22.19034,82.27062,346.56,0.54,0.42,2026-01-17,723,N20,VIIRS,n,2,310.54,11.9,D,0
22.1917,84.3884,330.51,0.43,0.38,2026-01-17,723,N20,VIIRS,n,2,301.42,1.47,D,0
22.19177,82.26836,335.82,0.54,0.42,2026-01-17,723,N20,VIIRS,n,2,308.65,6.02,D,0
22.19488,86.6804,336.64,0.38,0.36,2026-01-17,723,N20,VIIRS,n,2,302.94,5.53,D,0
22.19516,84.38771,337.26,0.43,0.38,2026-01-17,723,N20,VIIRS,n,2,304.55,5.47,D,0
22.19524,87.08282,328.2,0.38,0.36,2026-01-17,723,N20,VIIRS,n,2,300.49,1.47,D,0
22.20419,97.46055,331.5,0.41,0.61,2026-01-17,723,N20,VIIRS,n,2,296.96,2.74,D,0
22.20532,97.45901,343.96,0.41,0.61,2026-01-17,723,N20,VIIRS,n,2,298.43,4.55,D,0
22.20705,82.81798,342.02,0.51,0.41,2026-01-17,723,N20,VIIRS,n,2,305.07,9.96,D,0
22.21077,82.81718,342.8,0.51,0.41,2026-01-17,723,N20,VIIRS,n,2,305.81,7.78,D,0
22.21192,82.26953,341.06,0.54,0.42,2026-01-17,723,N20,VIIRS,n,2,305.56,4.94,D,0
22.21368,88.92654,325.83,0.41,0.37,2026-01-17,723,N20,VIIRS,n,2,298.4,2.04,D,0
22.21423,88.93047,328.24,0.41,0.37,2026-01-17,723,N20,VIIRS,n,2,296.34,2.04,D,0
22.21575,82.26874,341.56,0.54,0.42,2026-01-17,723,N20,VIIRS,n,2,308.1,4.94,D,0
22.21753,82.06159,333.29,0.56,0.43,2026-01-17,723,N20,VIIRS,n,2,306.23,2.43,D,0
22.21764,83.08067,332.5,0.49,0.4,2026-01-17,723,N20,VIIRS,l,2,302.64,8.35,D,0
22.22246,82.21878,337.44,0.55,0.42,2026-01-17,723,N20,VIIRS,n,2,305.95,4.04,D,0
22.22546,86.09389,329.84,0.39,0.36,2026-01-17,723,N20,VIIRS,l,2,303.71,2.6,D,0
22.22629,82.28262,333.28,0.54,0.42,2026-01-17,723,N20,VIIRS,n,2,306.37,4.8,D,0
22.22645,82.64622,332.49,0.52,0.41,2026-01-17,723,N20,VIIRS,l,2,304.06,6.7,D,0
22.23369,83.36546,338.11,0.48,0.4,2026-01-17,723,N20,VIIRS,n,2,306.15,12.27,D,0
22.24534,87.32448,339.48,0.38,0.36,2026-01-17,723,N20,VIIRS,n,2,301.39,2.71,D,0
22.25114,96.08163,334.54,0.33,0.56,2026-01-17,723,N20,VIIRS,n,2,301.92,3.98,D,0
22.25518,82.50373,333.16,0.53,0.42,2026-01-17,723,N20,VIIRS,l,2,307.93,3.65,D,0
22.25833,97.19502,329.87,0.39,0.6,2026-01-17,723,N20,VIIRS,n,2,296.38,2.26,D,0
22.2843,96.12904,338.02,0.34,0.56,2026-01-17,723,N20,VIIRS,n,2,304.45,3.23,D,0
22.28757,96.10887,338.93,0.34,0.56,2026-01-17,723,N20,VIIRS,n,2,303.54,1.89,D,0
22.29029,96.11026,340.1,0.33,0.56,2026-01-17,723,N20,VIIRS,n,2,303.05,2.55,D,0
22.30571,84.07355,331.34,0.44,0.39,2026-01-17,723,N20,VIIRS,l,2,303.03,3.36,D,0
22.30579,96.13663,338.66,0.34,0.56,2026-01-17,723,N20,VIIRS,n,2,303.99,2.22,D,0
22.3059,96.4744,334.31,0.35,0.57,2026-01-17,723,N20,VIIRS,n,2,298.59,2.25,D,0
22.3118,97.6484,334.04,0.42,0.61,2026-01-17,723,N20,VIIRS,n,2,297.28,3.98,D,0
22.31215,97.65221,341.55,0.42,0.61,2026-01-17,723,N20,VIIRS,n,2,296.72,3.98,D,0
22.31505,97.64931,340.75,0.42,0.61,2026-01-17,723,N20,VIIRS,n,2,299.77,6.25,D,0
22.31623,97.57329,334.27,0.42,0.61,2026-01-17,723,N20,VIIRS,n,2,296.98,3.05,D,0
22.31961,97.56989,338.14,0.42,0.61,2026-01-17,723,N20,VIIRS,n,2,298.11,6.53,D,0
22.31996,97.57393,331.53,0.42,0.61,2026-01-17,723,N20,VIIRS,n,2,296.45,5.13,D,0
22.32186,97.57274,332.79,0.42,0.61,2026-01-17,723,N20,VIIRS,n,2,296.77,3.05,D,0
22.32972,97.42714,332.72,0.41,0.61,2026-01-17,723,N20,VIIRS,n,2,300.06,4.52,D,0
22.33109,97.44255,326.66,0.41,0.61,2026-01-17,723,N20,VIIRS,l,2,301.44,3.46,D,0
22.33333,86.67479,332.88,0.38,0.36,2026-01-17,723,N20,VIIRS,n,2,301.82,2.04,D,0
22.33345,87.25574,332.76,0.38,0.36,2026-01-17,723,N20,VIIRS,n,2,302.77,2.52,D,0
22.33364,97.5355,337.77,0.42,0.61,2026-01-17,723,N20,VIIRS,n,2,299.1,4.31,D,0
22.34922,97.58352,352.23,0.42,0.61,2026-01-17,723,N20,VIIRS,n,2,298.9,5.51,D,0
22.35926,95.69902,347.42,0.63,0.54,2026-01-17,723,N20,VIIRS,n,2,302.22,9.12,D,0
22.35961,95.69786,343.9,0.63,0.54,2026-01-17,723,N20,VIIRS,n,2,302.82,8.1,D,0
22.36576,87.01852,331.87,0.38,0.36,2026-01-17,723,N20,VIIRS,l,2,306.8,2.79,D,2
22.36977,95.64712,341.71,0.63,0.54,2026-01-17,723,N20,VIIRS,n,2,302.17,5.8,D,0
22.37806,87.27843,341.98,0.38,0.36,2026-01-17,723,N20,VIIRS,n,2,307.88,4.97,D,2
22.37973,95.64599,333.36,0.63,0.54,2026-01-17,723,N20,VIIRS,n,2,302.5,5.7,D,0
22.38082,87.68575,344.78,0.39,0.36,2026-01-17,723,N20,VIIRS,n,2,300.76,5.54,D,0
22.38703,97.37691,329.36,0.41,0.6,2026-01-17,723,N20,VIIRS,n,2,297.82,2.34,D,0
22.39022,95.70068,343.06,0.63,0.54,2026-01-17,723,N20,VIIRS,n,2,303.27,12.67,D,0
22.39284,95.62601,330.87,0.63,0.54,2026-01-17,723,N20,VIIRS,l,2,303.67,9.78,D,0
22.39528,83.98195,330.54,0.45,0.39,2026-01-17,723,N20,VIIRS,l,2,303.96,1.39,D,0
22.39584,95.70628,340.15,0.63,0.54,2026-01-17,723,N20,VIIRS,n,2,301.45,6.86,D,0
22.39899,95.68723,341.42,0.63,0.54,2026-01-17,723,N20,VIIRS,n,2,304.15,9.3,D,0
22.4146,95.69173,340.76,0.63,0.54,2026-01-17,723,N20,VIIRS,n,2,302.97,9.53,D,0
22.41961,95.69118,348.09,0.63,0.54,2026-01-17,723,N20,VIIRS,n,2,302.78,11.42,D,0
22.42398,95.68447,333.03,0.63,0.54,2026-01-17,723,N20,VIIRS,n,2,302.04,4.15,D,0
22.42898,95.68391,339.6,0.63,0.54,2026-01-17,723,N20,VIIRS,n,2,303,4.99,D,0
22.4354,93.27814,330.22,0.45,0.47,2026-01-17,723,N20,VIIRS,n,2,299.32,4.13,D,0
22.43717,86.12012,335.7,0.39,0.36,2026-01-17,723,N20,VIIRS,n,2,301.69,2.21,D,0
22.44739,95.7648,367,0.32,0.55,2026-01-17,723,N20,VIIRS,h,2,302.27,5.69,D,0
22.45141,95.70435,338.48,0.63,0.54,2026-01-17,723,N20,VIIRS,n,2,304.4,7.77,D,0
22.45152,95.70636,342.54,0.63,0.54,2026-01-17,723,N20,VIIRS,n,2,305.1,8.76,D,0
22.452,95.71053,335.59,0.63,0.54,2026-01-17,723,N20,VIIRS,n,2,301.33,7.77,D,0
22.45367,95.62331,340.65,0.63,0.54,2026-01-17,723,N20,VIIRS,n,2,303.81,7.68,D,0
22.45512,95.64379,342.64,0.63,0.54,2026-01-17,723,N20,VIIRS,n,2,305.61,11.97,D,0
22.45545,95.64164,335.58,0.63,0.54,2026-01-17,723,N20,VIIRS,n,2,304.34,6.78,D,0
22.45605,95.64777,340.44,0.63,0.54,2026-01-17,723,N20,VIIRS,n,2,302.98,6.78,D,0
22.45651,86.72491,344.29,0.38,0.36,2026-01-17,723,N20,VIIRS,n,2,302.6,7.06,D,0
22.45653,95.7058,342.5,0.63,0.54,2026-01-17,723,N20,VIIRS,n,2,304.15,8.76,D,0
22.45701,95.70997,336.84,0.63,0.54,2026-01-17,723,N20,VIIRS,n,2,301.48,6.79,D,0
22.45985,95.73944,344.42,0.32,0.54,2026-01-17,723,N20,VIIRS,n,2,301.75,4.34,D,0
22.45989,95.73827,340.38,0.32,0.54,2026-01-17,723,N20,VIIRS,n,2,301.81,1.94,D,0
22.46103,95.6472,340.49,0.63,0.54,2026-01-17,723,N20,VIIRS,n,2,304.82,9.19,D,0
22.46139,95.65547,334.24,0.63,0.54,2026-01-17,723,N20,VIIRS,n,2,301.88,8.43,D,0
22.46523,95.74081,336.54,0.32,0.54,2026-01-17,723,N20,VIIRS,n,2,301.87,1.36,D,0
22.46574,95.6488,354.45,0.63,0.54,2026-01-17,723,N20,VIIRS,n,2,302.81,19.76,D,0
22.46602,95.64664,335.05,0.63,0.54,2026-01-17,723,N20,VIIRS,n,2,301.27,9.19,D,0
22.46941,96.95224,336.11,0.38,0.59,2026-01-17,723,N20,VIIRS,n,2,300.88,3.05,D,0
22.46944,95.636,337.94,0.63,0.54,2026-01-17,723,N20,VIIRS,n,2,301.01,6.69,D,0
22.46981,95.63381,343.98,0.63,0.54,2026-01-17,723,N20,VIIRS,n,2,301.94,9.48,D,0
22.47152,96.95239,333.69,0.38,0.59,2026-01-17,723,N20,VIIRS,n,2,299.43,2.03,D,0
22.47178,95.60275,336.92,0.62,0.54,2026-01-17,723,N20,VIIRS,n,2,302.19,4.65,D,0
22.47264,95.71449,341.48,0.64,0.54,2026-01-17,723,N20,VIIRS,n,2,304.64,13.58,D,0
22.47284,95.71649,350.38,0.63,0.54,2026-01-17,723,N20,VIIRS,n,2,305.97,13.23,D,0
22.4754,95.63938,340.64,0.63,0.54,2026-01-17,723,N20,VIIRS,n,2,303.1,4.03,D,0
22.47642,95.7533,352.61,0.32,0.55,2026-01-17,723,N20,VIIRS,n,2,305.25,3.24,D,0
22.47871,95.57123,333.64,0.62,0.54,2026-01-17,723,N20,VIIRS,n,2,302.4,6.92,D,0
22.48052,95.58947,336.47,0.62,0.54,2026-01-17,723,N20,VIIRS,n,2,301.68,5.14,D,0
22.48145,95.70097,342.7,0.63,0.54,2026-01-17,723,N20,VIIRS,n,2,304.35,18.12,D,0
22.48174,95.75584,339.47,0.32,0.55,2026-01-17,723,N20,VIIRS,n,2,303.56,3.45,D,0
22.48646,95.70039,341.98,0.63,0.54,2026-01-17,723,N20,VIIRS,n,2,303.11,10.01,D,0
22.48959,87.64046,329.87,0.39,0.36,2026-01-17,723,N20,VIIRS,n,2,298.3,2.58,D,0
22.49014,87.6442,327.87,0.39,0.36,2026-01-17,723,N20,VIIRS,n,2,296.64,1.74,D,0
22.49402,95.67455,341.5,0.63,0.54,2026-01-17,723,N20,VIIRS,n,2,303.88,11.25,D,0
22.49473,97.33656,337.11,0.4,0.6,2026-01-17,723,N20,VIIRS,n,2,301.02,2.13,D,0
22.49498,95.73547,336.2,0.32,0.54,2026-01-17,723,N20,VIIRS,n,2,304.06,3.14,D,0
22.49529,95.73858,347.54,0.32,0.54,2026-01-17,723,N20,VIIRS,n,2,302.87,3.14,D,0
22.4984,95.66784,341.07,0.63,0.54,2026-01-17,723,N20,VIIRS,n,2,303.33,15.59,D,0
22.49899,96.54822,336.68,0.36,0.57,2026-01-17,723,N20,VIIRS,n,2,300.66,3.48,D,0
22.50026,83.78934,332.99,0.45,0.39,2026-01-17,723,N20,VIIRS,n,2,302.62,3.49,D,0
22.50031,95.738,339.32,0.32,0.54,2026-01-17,723,N20,VIIRS,n,2,303.27,2.53,D,0
22.50094,95.64271,335.61,0.63,0.54,2026-01-17,723,N20,VIIRS,n,2,302.29,4.59,D,0
22.50593,95.64216,330.27,0.63,0.54,2026-01-17,723,N20,VIIRS,l,2,301.53,4.59,D,0
22.50671,95.45252,341.03,0.61,0.53,2026-01-17,723,N20,VIIRS,n,2,302.91,5.43,D,0
22.50922,87.31628,328.35,0.38,0.36,2026-01-17,723,N20,VIIRS,n,2,299.35,1.26,D,0
22.51596,97.45943,367,0.41,0.61,2026-01-17,723,N20,VIIRS,h,2,302.2,6.92,D,0
22.51735,97.45842,347.56,0.41,0.61,2026-01-17,723,N20,VIIRS,n,2,305.09,4.29,D,0
22.51768,97.46202,327.54,0.41,0.61,2026-01-17,723,N20,VIIRS,n,2,297.77,4.29,D,0
22.52028,87.52811,334.36,0.39,0.36,2026-01-17,723,N20,VIIRS,n,2,301.81,3.19,D,0
22.52917,95.72218,347.12,0.32,0.54,2026-01-17,723,N20,VIIRS,n,2,304.99,3.13,D,0
22.55145,87.80643,329.14,0.39,0.36,2026-01-17,723,N20,VIIRS,n,2,297.26,1.85,D,0
22.55243,97.89009,328.3,0.44,0.62,2026-01-17,723,N20,VIIRS,n,2,294.94,2.28,D,0
22.55351,83.71577,333.83,0.46,0.39,2026-01-17,723,N20,VIIRS,n,2,304.28,2.48,D,0
22.55457,86.11003,332.84,0.39,0.36,2026-01-17,723,N20,VIIRS,l,2,303.31,1.61,D,0
22.55611,96.97797,338.37,0.38,0.59,2026-01-17,723,N20,VIIRS,n,2,300.46,5.27,D,0
22.56726,93.45844,335.99,0.46,0.47,2026-01-17,723,N20,VIIRS,n,2,293.35,4.19,D,0
22.57707,95.64658,330.48,0.63,0.54,2026-01-17,723,N20,VIIRS,n,2,297.23,3.5,D,0
22.58191,94.07098,340.12,0.5,0.49,2026-01-17,723,N20,VIIRS,n,2,301.08,4.82,D,0
22.60745,88.11813,339.52,0.39,0.36,2026-01-17,723,N20,VIIRS,n,2,301.46,3.01,D,0
22.60967,88.13335,338.43,0.39,0.36,2026-01-17,723,N20,VIIRS,n,2,298.73,3.11,D,0
22.61377,95.31208,331.37,0.6,0.53,2026-01-17,723,N20,VIIRS,l,2,302.97,4.87,D,0
22.61608,87.44263,332.65,0.39,0.36,2026-01-17,723,N20,VIIRS,n,2,298.18,2.67,D,0
22.61683,95.43732,343.51,0.61,0.54,2026-01-17,723,N20,VIIRS,n,2,304.36,13.09,D,0
22.62881,95.33785,337.6,0.6,0.53,2026-01-17,723,N20,VIIRS,n,2,302.89,4.39,D,0
22.63153,95.3398,338.84,0.6,0.53,2026-01-17,723,N20,VIIRS,n,2,304.29,6.05,D,0
22.63437,88.16824,341.73,0.39,0.37,2026-01-17,723,N20,VIIRS,n,2,300.71,3.54,D,0
22.63547,88.17587,337.21,0.39,0.37,2026-01-17,723,N20,VIIRS,n,2,300.93,6.18,D,0
22.63605,95.62498,340.77,0.63,0.54,2026-01-17,723,N20,VIIRS,n,2,303.39,16.16,D,0
22.63931,97.60009,332.46,0.42,0.61,2026-01-17,723,N20,VIIRS,n,2,302.13,3.76,D,0
22.64214,97.59993,331.05,0.42,0.61,2026-01-17,723,N20,VIIRS,n,2,302.64,4.29,D,0
22.64725,83.73343,337.18,0.45,0.39,2026-01-17,723,N20,VIIRS,n,2,304.38,4.42,D,0
22.64735,87.58207,329.5,0.39,0.36,2026-01-17,723,N20,VIIRS,n,2,297.97,1.16,D,0
22.65079,83.73271,337.82,0.45,0.39,2026-01-17,723,N20,VIIRS,n,2,303.5,4.57,D,0
22.65376,88.208,330.69,0.4,0.37,2026-01-17,723,N20,VIIRS,n,2,299.28,2.27,D,0
22.65663,95.26934,338.74,0.6,0.53,2026-01-17,723,N20,VIIRS,n,2,300.79,2.88,D,0
22.65724,85.59772,342.16,0.4,0.37,2026-01-17,723,N20,VIIRS,n,2,304.04,5.08,D,0
22.66053,85.89752,335.28,0.39,0.36,2026-01-17,723,N20,VIIRS,n,2,302.78,4.55,D,0
22.66291,95.64059,335.15,0.63,0.54,2026-01-17,723,N20,VIIRS,n,2,302.43,2.4,D,0
22.66442,79.1679,331.7,0.54,0.51,2026-01-17,723,N20,VIIRS,n,2,306.58,3.15,D,0
22.66598,88.22161,331.87,0.4,0.37,2026-01-17,723,N20,VIIRS,n,2,299.56,2.41,D,0
22.6907,93.48689,339.35,0.46,0.47,2026-01-17,723,N20,VIIRS,n,2,300.69,7.23,D,0
22.69124,93.49165,355.15,0.46,0.47,2026-01-17,723,N20,VIIRS,n,2,301.55,10.09,D,0
22.70163,95.37138,342.41,0.61,0.53,2026-01-17,723,N20,VIIRS,n,2,301.92,15.04,D,0
22.70332,88.05526,333.28,0.39,0.36,2026-01-17,723,N20,VIIRS,n,2,300.54,2.25,D,0
22.70533,85.75304,331.98,0.39,0.36,2026-01-17,723,N20,VIIRS,n,2,302.52,1.88,D,0
22.70802,84.11068,334.44,0.44,0.38,2026-01-17,723,N20,VIIRS,n,2,303.48,2.06,D,0
22.7091,86.27032,329.5,0.39,0.36,2026-01-17,723,N20,VIIRS,l,2,299.67,1.42,D,0
22.72182,87.01566,333.69,0.38,0.36,2026-01-17,723,N20,VIIRS,n,2,303.06,3.93,D,0
22.73497,97.61539,329.45,0.43,0.62,2026-01-17,723,N20,VIIRS,n,2,298.96,6.06,D,0
22.73753,97.61199,328.35,0.42,0.61,2026-01-17,723,N20,VIIRS,n,2,301.01,5.69,D,0
22.73788,97.61591,367,0.42,0.61,2026-01-17,723,N20,VIIRS,h,2,302.97,5.69,D,0
22.74065,97.61493,367,0.43,0.62,2026-01-17,723,N20,VIIRS,h,2,301.7,6.06,D,0
22.74227,86.28731,335.37,0.39,0.36,2026-01-17,723,N20,VIIRS,n,2,303.2,8.8,D,0
22.75406,95.4927,340.87,0.62,0.54,2026-01-17,723,N20,VIIRS,n,2,302.29,9.41,D,0
22.75534,95.49142,345.26,0.62,0.54,2026-01-17,723,N20,VIIRS,n,2,303.41,13.83,D,0
22.75572,85.83324,335.53,0.39,0.36,2026-01-17,723,N20,VIIRS,n,2,303.02,4.71,D,0
22.7705,97.78461,331.37,0.44,0.62,2026-01-17,723,N20,VIIRS,n,2,298.38,3.16,D,0
22.77213,97.78383,327.24,0.44,0.62,2026-01-17,723,N20,VIIRS,l,2,297.87,1.93,D,0
22.77299,95.4163,341.09,0.61,0.54,2026-01-17,723,N20,VIIRS,n,2,301.11,5.78,D,0
22.79795,86.9338,332.92,0.38,0.36,2026-01-17,723,N20,VIIRS,n,2,303.31,2.59,D,0
22.803,79.52178,334.89,0.51,0.5,2026-01-17,723,N20,VIIRS,l,2,307.22,5.38,D,0
22.82603,95.39821,333.26,0.61,0.54,2026-01-17,723,N20,VIIRS,n,2,303.3,3.1,D,0
22.83493,97.77454,343.57,0.44,0.62,2026-01-17,723,N20,VIIRS,n,2,296.06,4.06,D,0
22.83889,83.4934,331.67,0.46,0.39,2026-01-17,723,N20,VIIRS,n,2,301.34,3.8,D,0
22.8522,88.19798,332.1,0.4,0.37,2026-01-17,723,N20,VIIRS,n,2,300.01,2.03,D,0
22.8638,95.66981,355.3,0.32,0.54,2026-01-17,723,N20,VIIRS,n,2,304.82,5.09,D,0
22.86412,95.67292,341.4,0.32,0.54,2026-01-17,723,N20,VIIRS,n,2,300.97,5.09,D,0
22.87035,95.32451,335.23,0.61,0.53,2026-01-17,723,N20,VIIRS,n,2,301.99,5.54,D,0
22.87936,88.26813,332.24,0.4,0.37,2026-01-17,723,N20,VIIRS,n,2,301.2,2.44,D,0
22.88432,88.30278,330.39,0.4,0.37,2026-01-17,723,N20,VIIRS,n,2,299.99,2.42,D,0
22.89216,88.28571,339.16,0.4,0.37,2026-01-17,723,N20,VIIRS,n,2,303.18,4.78,D,0
22.89272,88.28956,332.12,0.4,0.37,2026-01-17,723,N20,VIIRS,n,2,300.72,2.93,D,0
22.89848,87.88195,333.47,0.39,0.36,2026-01-17,723,N20,VIIRS,n,2,300.93,2.46,D,0
22.93509,86.17162,345.91,0.39,0.36,2026-01-17,723,N20,VIIRS,n,2,302.92,6.42,D,0
22.93911,95.98013,328.3,0.33,0.56,2026-01-17,723,N20,VIIRS,n,2,297.62,1.86,D,0
22.94425,95.97965,330.72,0.33,0.56,2026-01-17,723,N20,VIIRS,n,2,299.36,1.86,D,0
22.98772,97.49763,353.35,0.42,0.61,2026-01-17,723,N20,VIIRS,n,2,301.12,11.75,D,0
22.98804,97.5013,367,0.42,0.61,2026-01-17,723,N20,VIIRS,h,2,296.99,11.75,D,0
22.9998,93.81511,336.09,0.49,0.48,2026-01-17,723,N20,VIIRS,n,2,294.27,6.9,D,0
23.00024,93.81907,330.76,0.49,0.48,2026-01-17,723,N20,VIIRS,n,2,290.64,6.83,D,0
23.00261,83.17863,331.43,0.48,0.4,2026-01-17,723,N20,VIIRS,n,2,299.63,1.74,D,0
23.0134,95.69765,367,0.32,0.55,2026-01-17,723,N20,VIIRS,h,2,301.96,5.65,D,0
23.02013,88.1348,344.67,0.4,0.37,2026-01-17,723,N20,VIIRS,n,2,301.64,7.89,D,0
23.02235,88.17379,330.98,0.4,0.37,2026-01-17,723,N20,VIIRS,n,2,300.14,3.56,D,0
23.03233,93.79214,331.91,0.49,0.48,2026-01-17,723,N20,VIIRS,n,2,291.86,4.82,D,0
23.05298,88.2672,335.46,0.4,0.37,2026-01-17,723,N20,VIIRS,n,2,300.64,3.73,D,0
23.07013,88.22878,331.37,0.4,0.37,2026-01-17,723,N20,VIIRS,n,2,300.91,2.95,D,0
23.07495,87.79001,329.13,0.39,0.36,2026-01-17,723,N20,VIIRS,n,2,303.65,1.67,D,0
23.08627,83.79043,346.56,0.45,0.39,2026-01-17,723,N20,VIIRS,n,2,305.69,10.52,D,0
23.08701,83.79473,332.79,0.45,0.39,2026-01-17,723,N20,VIIRS,n,2,303.02,5.29,D,0
23.10444,93.04507,345.45,0.44,0.46,2026-01-17,723,N20,VIIRS,n,2,296.02,7.24,D,0
23.1156,87.19454,331.6,0.38,0.36,2026-01-17,723,N20,VIIRS,n,2,296.73,1.7,D,0
23.12523,87.30392,331.2,0.39,0.36,2026-01-17,723,N20,VIIRS,n,2,298.4,1.48,D,0
23.12597,94.02473,339.67,0.5,0.49,2026-01-17,723,N20,VIIRS,n,2,297.8,4.36,D,0
23.12746,88.34196,332.39,0.4,0.37,2026-01-17,723,N20,VIIRS,n,2,300.82,2.7,D,0
23.13445,87.92018,330.03,0.39,0.36,2026-01-17,723,N20,VIIRS,n,2,302.11,2.07,D,0
23.14121,97.41756,340.18,0.42,0.61,2026-01-17,723,N20,VIIRS,n,2,300.18,6.89,D,0
23.14283,87.21571,334.7,0.39,0.36,2026-01-17,723,N20,VIIRS,n,2,301.73,3.05,D,0
23.14338,97.41998,341.82,0.42,0.61,2026-01-17,723,N20,VIIRS,n,2,296.44,5.65,D,0
23.14401,87.339,334.97,0.39,0.36,2026-01-17,723,N20,VIIRS,n,2,301.94,2.9,D,0
23.16703,82.34379,333.2,0.52,0.42,2026-01-17,723,N20,VIIRS,l,2,304.73,8.18,D,2
23.17125,87.15715,333.49,0.38,0.36,2026-01-17,723,N20,VIIRS,n,2,301.3,4.42,D,0
23.1843,86.79192,330.97,0.38,0.36,2026-01-17,723,N20,VIIRS,n,2,299.51,0.99,D,0
23.21992,95.63212,328.77,0.32,0.55,2026-01-17,723,N20,VIIRS,n,2,296.71,3.45,D,0
23.22022,95.63524,338.87,0.32,0.55,2026-01-17,723,N20,VIIRS,n,2,295.45,3.57,D,0
23.25079,87.81008,333.31,0.39,0.36,2026-01-17,723,N20,VIIRS,n,2,305.8,2.04,D,0
23.27513,87.90731,328.4,0.39,0.36,2026-01-17,723,N20,VIIRS,l,2,302.62,3.48,D,0
23.29519,85.35688,332.43,0.4,0.37,2026-01-17,723,N20,VIIRS,n,2,300.89,2.29,D,0
23.29774,87.66615,332.77,0.39,0.36,2026-01-17,723,N20,VIIRS,n,2,302.52,3.2,D,0
23.30713,93.36553,337.15,0.46,0.47,2026-01-17,723,N20,VIIRS,n,2,297.2,4.27,D,0
23.31594,94.05643,333.2,0.51,0.49,2026-01-17,723,N20,VIIRS,n,2,299.19,2.14,D,0
23.31896,87.99775,328.42,0.39,0.36,2026-01-17,723,N20,VIIRS,n,2,298.04,2.88,D,0
23.32089,87.75564,344.38,0.39,0.36,2026-01-17,723,N20,VIIRS,n,2,304.73,5.05,D,0
23.34385,87.40356,331.89,0.39,0.36,2026-01-17,723,N20,VIIRS,n,2,301.59,1.6,D,0
23.36243,89.09424,334.36,0.42,0.38,2026-01-17,723,N20,VIIRS,n,2,299.95,4.57,D,0
23.38078,87.35459,334.66,0.39,0.36,2026-01-17,723,N20,VIIRS,n,2,304.42,3.24,D,0
23.39577,87.4792,337.65,0.39,0.36,2026-01-17,723,N20,VIIRS,n,2,304.86,5.27,D,0
23.39784,87.35547,335.97,0.39,0.36,2026-01-17,723,N20,VIIRS,n,2,302.38,2.3,D,0
23.40607,87.70995,331.62,0.39,0.36,2026-01-17,723,N20,VIIRS,n,2,299.33,1.26,D,0
23.40778,87.76803,333.68,0.39,0.36,2026-01-17,723,N20,VIIRS,n,2,303.67,5.14,D,0
23.42331,87.45898,330.79,0.39,0.36,2026-01-17,723,N20,VIIRS,n,2,303.72,2.34,D,0
23.5557,87.38988,332.72,0.39,0.36,2026-01-17,723,N20,VIIRS,l,2,304.4,2.45,D,0
23.559,87.38931,339.23,0.39,0.36,2026-01-17,723,N20,VIIRS,n,2,304.56,2.45,D,0
23.59015,87.00663,330.21,0.38,0.36,2026-01-17,723,N20,VIIRS,n,2,299.91,0.97,D,0
23.59528,87.06332,338.58,0.38,0.36,2026-01-17,723,N20,VIIRS,n,2,300.47,3.88,D,0
23.6203,87.16268,330.12,0.39,0.36,2026-01-17,723,N20,VIIRS,n,2,297.11,0.68,D,0
23.64594,85.44009,331.54,0.39,0.36,2026-01-17,723,N20,VIIRS,l,2,302.28,2.73,D,2
23.6656,87.53719,328.66,0.39,0.36,2026-01-17,723,N20,VIIRS,n,2,301.59,2.01,D,0
23.66924,88.09725,334.44,0.4,0.37,2026-01-17,723,N20,VIIRS,n,2,298.05,2.8,D,0
23.6717,86.93797,330.96,0.38,0.36,2026-01-17,723,N20,VIIRS,n,2,301.01,1.51,D,2
23.6736,85.95741,329.94,0.39,0.36,2026-01-17,723,N20,VIIRS,n,2,299.37,2.24,D,0
23.67784,87.80807,328.53,0.39,0.36,2026-01-17,723,N20,VIIRS,n,2,301.81,1.36,D,0
23.67805,86.39962,336.63,0.38,0.36,2026-01-17,723,N20,VIIRS,l,2,308.69,3.74,D,2
23.68036,87.06319,332.05,0.39,0.36,2026-01-17,723,N20,VIIRS,n,2,301.73,2.64,D,0
23.68076,86.39528,333.22,0.38,0.36,2026-01-17,723,N20,VIIRS,l,2,305.46,6.65,D,2
23.68155,86.09497,329.58,0.39,0.36,2026-01-17,723,N20,VIIRS,n,2,300.67,2.7,D,2
23.68308,86.08311,337.53,0.39,0.36,2026-01-17,723,N20,VIIRS,n,2,303.56,3.56,D,2
23.68405,86.39468,338.9,0.38,0.36,2026-01-17,723,N20,VIIRS,n,2,307.77,6.56,D,2
23.68932,87.12314,330.95,0.39,0.36,2026-01-17,723,N20,VIIRS,l,2,303.98,4.05,D,2
23.70411,87.38287,343.23,0.39,0.36,2026-01-17,723,N20,VIIRS,n,2,301.47,5.42,D,0
23.70438,87.6394,337.79,0.39,0.36,2026-01-17,723,N20,VIIRS,n,2,302.93,5.38,D,0
23.71299,86.45088,343.44,0.38,0.36,2026-01-17,723,N20,VIIRS,n,2,307.28,4.81,D,2
23.73305,85.55732,337.86,0.39,0.36,2026-01-17,723,N20,VIIRS,n,2,302.87,2.56,D,0
23.73757,86.43491,338.24,0.38,0.36,2026-01-17,723,N20,VIIRS,l,2,309.67,2.77,D,2
23.74452,85.10001,332.58,0.4,0.37,2026-01-17,723,N20,VIIRS,n,2,301.24,2.07,D,0
23.75657,86.40456,332.23,0.38,0.36,2026-01-17,723,N20,VIIRS,l,2,304.57,2.61,D,2
23.75986,86.40397,332.04,0.38,0.36,2026-01-17,723,N20,VIIRS,l,2,304.59,3.09,D,2
23.76315,86.40337,336.46,0.38,0.36,2026-01-17,723,N20,VIIRS,n,2,306.23,3.09,D,2
23.76772,86.40655,330.76,0.38,0.36,2026-01-17,723,N20,VIIRS,l,2,301.66,1.58,D,2
23.77453,86.36304,345.54,0.38,0.36,2026-01-17,723,N20,VIIRS,n,2,307.43,4.05,D,2
23.77767,86.20858,340.96,0.39,0.36,2026-01-17,723,N20,VIIRS,n,2,310.35,8.1,D,2
23.77826,86.21232,333.53,0.39,0.36,2026-01-17,723,N20,VIIRS,n,2,302.19,4.74,D,2
23.77857,86.38921,348.05,0.38,0.36,2026-01-17,723,N20,VIIRS,n,2,311.87,5.07,D,2
23.77915,86.39294,336.27,0.38,0.36,2026-01-17,723,N20,VIIRS,l,2,309.65,5.07,D,2
23.77962,87.38905,339.75,0.39,0.36,2026-01-17,723,N20,VIIRS,n,2,302.64,2.64,D,0
23.7964,86.35136,331.8,0.38,0.36,2026-01-17,723,N20,VIIRS,l,2,306.04,2.88,D,2
23.79969,86.35076,336.67,0.38,0.36,2026-01-17,723,N20,VIIRS,n,2,307.12,3.53,D,2
23.80338,86.33086,348.23,0.38,0.36,2026-01-17,723,N20,VIIRS,n,2,311.58,5.62,D,2
23.8801,87.4957,334.67,0.39,0.36,2026-01-17,723,N20,VIIRS,n,2,301.54,3.34,D,0
24.0293,89.5122,344.1,0.44,0.38,2026-01-17,723,N20,VIIRS,n,2,300.59,5.81,D,0
24.03692,89.51542,343.92,0.44,0.38,2026-01-17,723,N20,VIIRS,n,2,300.67,5.29,D,0
24.05598,97.49394,329.88,0.43,0.62,2026-01-17,723,N20,VIIRS,n,2,292.15,2.9,D,0
24.15827,89.12399,329.8,0.43,0.38,2026-01-17,723,N20,VIIRS,l,2,302.6,7.35,D,0
24.15976,89.12272,329.6,0.43,0.38,2026-01-17,723,N20,VIIRS,l,2,301.75,5.13,D,0
24.16034,89.12691,343.04,0.43,0.38,2026-01-17,723,N20,VIIRS,n,2,312.4,38.16,D,0
24.16174,89.12342,328.46,0.43,0.38,2026-01-17,723,N20,VIIRS,l,2,300.11,7.35,D,0
24.1623,89.12762,331.95,0.43,0.38,2026-01-17,723,N20,VIIRS,n,2,298.19,32.52,D,0
24.47404,91.89371,327.48,0.39,0.44,2026-01-17,723,N20,VIIRS,n,2,300.27,1.14,D,0
24.49378,89.24116,334.68,0.44,0.38,2026-01-17,723,N20,VIIRS,n,2,299.38,3.19,D,0
24.61123,93.95038,339.23,0.52,0.5,2026-01-17,723,N20,VIIRS,n,2,295.86,5.54,D,0
24.64349,93.68036,339.15,0.5,0.49,2026-01-17,723,N20,VIIRS,n,2,299.67,7.52,D,0
24.76774,97.29786,329.39,0.43,0.62,2026-01-17,723,N20,VIIRS,n,2,295.7,3.37,D,0
24.77877,97.29247,333.08,0.43,0.62,2026-01-17,723,N20,VIIRS,n,2,295.55,3.37,D,0
24.78909,92.83958,337.59,0.45,0.47,2026-01-17,723,N20,VIIRS,n,2,301.6,4.97,D,0
24.83162,93.6973,330.81,0.51,0.49,2026-01-17,723,N20,VIIRS,n,2,296.21,32.51,D,0
24.83213,93.70223,356.1,0.51,0.49,2026-01-17,723,N20,VIIRS,n,2,305.51,32.51,D,0
24.83267,93.70749,350.17,0.51,0.49,2026-01-17,723,N20,VIIRS,n,2,303.54,21.86,D,0
25.00359,97.38861,338.55,0.43,0.62,2026-01-17,723,N20,VIIRS,n,2,298.38,5.3,D,0
25.02226,97.26571,332.75,0.43,0.62,2026-01-17,723,N20,VIIRS,n,2,295.32,2.14,D,0
25.02667,97.07169,335.98,0.42,0.61,2026-01-17,723,N20,VIIRS,n,2,298.42,6.73,D,0
25.027,97.07584,343.17,0.42,0.61,2026-01-17,723,N20,VIIRS,n,2,295.98,3.82,D,0
25.02883,97.07451,367,0.42,0.61,2026-01-17,723,N20,VIIRS,h,2,297.57,8.93,D,0
25.03263,97.07527,326.15,0.42,0.61,2026-01-17,723,N20,VIIRS,n,2,295.64,3.82,D,0
25.05048,97.32793,326.49,0.43,0.62,2026-01-17,723,N20,VIIRS,n,2,296.44,2.26,D,0
25.06522,97.36581,327.52,0.43,0.62,2026-01-17,723,N20,VIIRS,n,2,297.87,2.59,D,0
25.11809,95.66011,335.11,0.34,0.56,2026-01-17,723,N20,VIIRS,n,2,294.29,2.16,D,0
25.12029,95.6596,333.23,0.34,0.56,2026-01-17,723,N20,VIIRS,n,2,294.74,2.03,D,0
22.33534,76.49507,329.03,0.41,0.6,2026-01-17,724,N20,VIIRS,n,2,299.54,2.3,D,0
22.33618,76.49608,333.23,0.41,0.6,2026-01-17,724,N20,VIIRS,n,2,298.91,2.39,D,0
22.48303,75.99969,331.09,0.43,0.62,2026-01-17,724,N20,VIIRS,n,2,300.21,3.47,D,0
22.50653,75.97334,329.17,0.44,0.62,2026-01-17,724,N20,VIIRS,n,2,300.18,3.4,D,0
22.59662,76.22318,355.69,0.42,0.61,2026-01-17,724,N20,VIIRS,n,2,300.14,8.26,D,0
22.59744,76.22256,345.42,0.42,0.61,2026-01-17,724,N20,VIIRS,n,2,299.69,5.41,D,0
22.62524,76.22146,355.95,0.42,0.61,2026-01-17,724,N20,VIIRS,n,2,299.9,5.84,D,0
22.63154,76.19811,337.58,0.42,0.61,2026-01-17,724,N20,VIIRS,n,2,299.32,2.55,D,0
22.78004,78.80526,341.17,0.57,0.52,2026-01-17,724,N20,VIIRS,n,2,300.63,6.39,D,0
22.8276,76.75625,333.51,0.38,0.59,2026-01-17,724,N20,VIIRS,n,2,299.77,2.49,D,0
22.89999,77.45366,326.65,0.34,0.56,2026-01-17,724,N20,VIIRS,n,2,300.18,1.58,D,0
22.9058,77.45581,332.45,0.34,0.56,2026-01-17,724,N20,VIIRS,n,2,301.88,4.19,D,0
22.91825,77.8009,327.01,0.33,0.55,2026-01-17,724,N20,VIIRS,l,2,299.23,2.36,D,0
22.99389,78.96799,331.22,0.55,0.51,2026-01-17,724,N20,VIIRS,n,2,301.89,4.64,D,0
23.15123,78.98866,339.55,0.55,0.51,2026-01-17,724,N20,VIIRS,n,2,303.32,14.14,D,0
23.32361,79.61698,334.65,0.49,0.49,2026-01-17,724,N20,VIIRS,l,2,307.21,4.92,D,0
23.32433,79.61485,339.61,0.5,0.49,2026-01-17,724,N20,VIIRS,n,2,307.42,3.4,D,0
23.60345,80.90939,333.13,0.41,0.45,2026-01-17,724,N20,VIIRS,n,2,301.96,2.68,D,0
23.82349,77.31027,332.99,0.34,0.56,2026-01-17,724,N20,VIIRS,l,2,303.25,4.52,D,0
23.82478,77.31029,338.18,0.34,0.56,2026-01-17,724,N20,VIIRS,n,2,303.3,4.46,D,0
23.82718,84.57233,338.8,0.41,0.37,2026-01-17,724,N20,VIIRS,n,2,306.71,7.24,D,0
23.83909,77.2851,330.37,0.34,0.56,2026-01-17,724,N20,VIIRS,l,2,301.11,2.8,D,0
24.13787,82.63371,329.84,0.49,0.4,2026-01-17,724,N20,VIIRS,n,2,302.25,3.71,D,0
24.14237,82.63766,340.64,0.49,0.4,2026-01-17,724,N20,VIIRS,n,2,304.73,3.71,D,2
24.29905,77.83791,348.54,0.61,0.53,2026-01-17,724,N20,VIIRS,n,2,302.42,11.83,D,0
24.58765,82.61842,328.81,0.48,0.4,2026-01-17,724,N20,VIIRS,n,2,302.49,2.05,D,0
24.93165,92.05813,325.38,0.4,0.44,2026-01-17,724,N20,VIIRS,l,2,299.51,0.94,D,0
24.93715,92.47456,340.37,0.43,0.46,2026-01-17,724,N20,VIIRS,n,2,301.31,6.17,D,0
24.99387,91.88169,337.01,0.39,0.44,2026-01-17,724,N20,VIIRS,n,2,299.17,2.69,D,0
25.03139,92.39478,354.53,0.42,0.45,2026-01-17,724,N20,VIIRS,n,2,301.76,12.41,D,0
25.03235,87.37014,336.98,0.39,0.36,2026-01-17,724,N20,VIIRS,n,2,303.53,2.94,D,0
25.1429,94.43853,340.04,0.57,0.52,2026-01-17,724,N20,VIIRS,n,2,298.51,8.32,D,0
25.14629,92.38783,333.41,0.42,0.46,2026-01-17,724,N20,VIIRS,n,2,298.66,7.87,D,0
25.14673,92.39181,338.92,0.42,0.46,2026-01-17,724,N20,VIIRS,n,2,299.06,7.87,D,0
25.15043,92.38688,336.88,0.42,0.46,2026-01-17,724,N20,VIIRS,n,2,297.75,5.73,D,0
25.23765,94.5146,332.97,0.58,0.52,2026-01-17,724,N20,VIIRS,n,2,293.81,3.89,D,0
25.23832,94.52152,326.11,0.58,0.52,2026-01-17,724,N20,VIIRS,n,2,299.9,6.92,D,0
25.26817,92.18044,327.53,0.41,0.45,2026-01-17,724,N20,VIIRS,n,2,296.82,3.66,D,0
25.27389,92.76913,328.78,0.45,0.47,2026-01-17,724,N20,VIIRS,n,2,296.65,5.62,D,0
25.30976,92.77887,339.85,0.45,0.47,2026-01-17,724,N20,VIIRS,n,2,295.35,6.14,D,0
25.35184,94.69952,340.06,0.59,0.53,2026-01-17,724,N20,VIIRS,n,2,300.02,11.68,D,0
25.35369,94.70187,346.76,0.59,0.53,2026-01-17,724,N20,VIIRS,n,2,297.38,11.02,D,0
25.36129,96.93974,338.06,0.41,0.61,2026-01-17,724,N20,VIIRS,n,2,299.1,3.15,D,0
25.38515,96.55818,337.13,0.39,0.59,2026-01-17,724,N20,VIIRS,n,2,296.9,4.95,D,0
25.38547,96.562,341.21,0.39,0.59,2026-01-17,724,N20,VIIRS,n,2,296.04,5.99,D,0
25.40655,91.15755,327.12,0.55,0.42,2026-01-17,724,N20,VIIRS,n,2,295.22,3.9,D,0
25.50635,96.6704,327.46,0.4,0.6,2026-01-17,724,N20,VIIRS,l,2,299.07,3.32,D,0
25.53151,91.34064,327.46,0.56,0.43,2026-01-17,724,N20,VIIRS,n,2,291.1,2.95,D,0
25.55563,94.24864,333.96,0.56,0.51,2026-01-17,724,N20,VIIRS,n,2,296.9,6.11,D,0
25.61068,92.28564,327.49,0.42,0.46,2026-01-17,724,N20,VIIRS,n,2,291.72,2.82,D,0
25.62221,96.65901,335.04,0.4,0.6,2026-01-17,724,N20,VIIRS,n,2,295.24,3.15,D,0
25.62248,96.65991,334.89,0.4,0.6,2026-01-17,724,N20,VIIRS,n,2,295.19,2.7,D,0
25.71703,96.65898,327.97,0.4,0.6,2026-01-17,724,N20,VIIRS,n,2,296.52,3.41,D,0
25.72733,91.82855,326.22,0.4,0.44,2026-01-17,724,N20,VIIRS,n,2,293.04,2.85,D,0
25.73542,78.21508,332.18,0.54,0.51,2026-01-17,724,N20,VIIRS,n,2,295.21,3.44,D,0
25.80458,86.05701,329.56,0.38,0.36,2026-01-17,724,N20,VIIRS,n,2,295.12,3.58,D,0
25.86935,94.77879,345.77,0.61,0.53,2026-01-17,724,N20,VIIRS,n,2,297.79,13.96,D,0
25.9267,84.4209,327.55,0.4,0.37,2026-01-17,724,N20,VIIRS,n,2,294.55,1.91,D,0
25.9508,92.09367,338.54,0.42,0.45,2026-01-17,724,N20,VIIRS,n,2,293.52,4.54,D,0
25.99503,84.61541,326.28,0.4,0.37,2026-01-17,724,N20,VIIRS,n,2,295.71,1.03,D,0
26.06486,93.21275,342.87,0.49,0.48,2026-01-17,724,N20,VIIRS,n,2,301.02,11.78,D,0
26.06767,91.45309,327.49,0.38,0.44,2026-01-17,724,N20,VIIRS,l,2,300.61,1.97,D,0
26.11055,93.08933,345.91,0.48,0.48,2026-01-17,724,N20,VIIRS,n,2,301.73,5.93,D,0
26.14959,91.98866,332.84,0.41,0.45,2026-01-17,724,N20,VIIRS,n,2,296.49,1.77,D,0
26.16288,92.07146,336.94,0.42,0.45,2026-01-17,724,N20,VIIRS,n,2,297.91,2.7,D,0
26.29101,95.00121,367,0.32,0.54,2026-01-17,724,N20,VIIRS,h,2,303.8,10.7,D,0
26.29639,79.9592,344.08,0.42,0.45,2026-01-17,724,N20,VIIRS,n,2,298.76,6.85,D,0
26.38537,83.12321,328.77,0.44,0.38,2026-01-17,724,N20,VIIRS,n,2,293.38,4.11,D,0
26.44469,94.91204,342.1,0.63,0.54,2026-01-17,724,N20,VIIRS,n,2,297.72,8.29,D,0
26.44492,94.91049,349.65,0.63,0.54,2026-01-17,724,N20,VIIRS,n,2,298.6,7.74,D,0
26.44519,94.91737,331.17,0.63,0.54,2026-01-17,724,N20,VIIRS,n,2,297.03,8.29,D,0
26.44538,94.91563,338.34,0.63,0.54,2026-01-17,724,N20,VIIRS,n,2,296.43,15.56,D,0
26.4495,94.90531,325.48,0.63,0.54,2026-01-17,724,N20,VIIRS,l,2,296.19,7.74,D,0
26.44995,94.91037,335.86,0.63,0.54,2026-01-17,724,N20,VIIRS,n,2,295.04,7.74,D,0
26.45709,94.87773,347.48,0.63,0.54,2026-01-17,724,N20,VIIRS,n,2,295.36,15.82,D,0
26.45767,94.88419,341.78,0.63,0.54,2026-01-17,724,N20,VIIRS,n,2,298.71,15.82,D,0
26.45828,94.8909,338.03,0.63,0.54,2026-01-17,724,N20,VIIRS,n,2,295.27,11.13,D,0
26.46203,94.87681,331.6,0.63,0.54,2026-01-17,724,N20,VIIRS,n,2,297.84,8.4,D,0
26.46261,94.88319,335.41,0.63,0.54,2026-01-17,724,N20,VIIRS,n,2,297.61,8.4,D,0
26.46392,94.89761,333.17,0.63,0.54,2026-01-17,724,N20,VIIRS,n,2,294.53,8.13,D,0
26.46831,94.89045,342.99,0.63,0.54,2026-01-17,724,N20,VIIRS,n,2,295.11,8.13,D,0
26.47592,84.65797,331.36,0.39,0.37,2026-01-17,724,N20,VIIRS,n,2,298.26,4.84,D,0
26.50252,94.87914,355.93,0.63,0.54,2026-01-17,724,N20,VIIRS,n,2,296.32,18.1,D,0
26.51619,84.48828,343.06,0.4,0.37,2026-01-17,724,N20,VIIRS,n,2,297.42,4.02,D,0
26.53821,92.74189,339.52,0.46,0.47,2026-01-17,724,N20,VIIRS,n,2,296.73,4.09,D,0
26.53973,92.72666,327.74,0.46,0.47,2026-01-17,724,N20,VIIRS,n,2,296.59,4.83,D,0
26.54065,92.72272,326.1,0.46,0.47,2026-01-17,724,N20,VIIRS,l,2,297.76,5.18,D,0
26.54127,92.74059,342.47,0.46,0.47,2026-01-17,724,N20,VIIRS,n,2,296.33,5.82,D,0
26.55017,94.95651,328.14,0.64,0.54,2026-01-17,724,N20,VIIRS,n,2,290.58,8.43,D,0
26.55045,94.95769,335.54,0.32,0.54,2026-01-17,724,N20,VIIRS,n,2,290.81,5,D,0
26.55079,94.96148,333.33,0.32,0.54,2026-01-17,724,N20,VIIRS,n,2,289.79,4.33,D,0
26.55297,95.25983,367,0.33,0.55,2026-01-17,724,N20,VIIRS,h,2,296.69,6.33,D,0
26.55807,95.25919,367,0.33,0.55,2026-01-17,724,N20,VIIRS,h,2,292.72,8.39,D,0
26.55999,92.82467,348.21,0.47,0.48,2026-01-17,724,N20,VIIRS,n,2,300.66,7.12,D,0
26.58231,84.45049,326.42,0.4,0.37,2026-01-17,724,N20,VIIRS,n,2,296.69,1.91,D,0
26.58244,87.76328,331.32,0.41,0.37,2026-01-17,724,N20,VIIRS,n,2,299.35,2.13,D,0
26.583,87.76733,332.71,0.41,0.37,2026-01-17,724,N20,VIIRS,n,2,299.22,2.13,D,0
26.58617,94.96087,326.56,0.32,0.54,2026-01-17,724,N20,VIIRS,n,2,295.14,2.43,D,0
26.58638,87.76675,329.45,0.41,0.37,2026-01-17,724,N20,VIIRS,n,2,299.03,2.14,D,0
26.58644,93.08432,342.79,0.49,0.48,2026-01-17,724,N20,VIIRS,n,2,299.27,6.18,D,0
26.62189,94.7494,339.05,0.62,0.54,2026-01-17,724,N20,VIIRS,n,2,296.67,27.43,D,0
26.623,94.74771,351.35,0.62,0.54,2026-01-17,724,N20,VIIRS,n,2,294.54,30.4,D,0
26.64127,92.92046,326,0.48,0.48,2026-01-17,724,N20,VIIRS,n,2,299.33,2.12,D,0
26.64516,92.9151,327.75,0.48,0.48,2026-01-17,724,N20,VIIRS,n,2,300.09,2.54,D,0
26.64568,92.91991,330.23,0.48,0.48,2026-01-17,724,N20,VIIRS,n,2,299.17,2.69,D,0
26.66977,87.744,341.97,0.41,0.37,2026-01-17,724,N20,VIIRS,n,2,299.85,7.71,D,0
26.67186,94.31633,345.44,0.58,0.52,2026-01-17,724,N20,VIIRS,n,2,297.78,10.21,D,0
26.68879,94.92119,333.19,0.64,0.54,2026-01-17,724,N20,VIIRS,n,2,296.04,4.55,D,0
26.69496,86.99902,340.18,0.39,0.36,2026-01-17,724,N20,VIIRS,n,2,300.05,2.95,D,0
26.69552,87.00293,328.48,0.39,0.36,2026-01-17,724,N20,VIIRS,n,2,301.25,3.61,D,0
26.69787,83.89011,325.56,0.41,0.37,2026-01-17,724,N20,VIIRS,n,2,296.51,0.96,D,0
26.69828,86.99842,326.08,0.39,0.36,2026-01-17,724,N20,VIIRS,n,2,298.58,2.95,D,0
26.69884,87.00233,338.03,0.39,0.36,2026-01-17,724,N20,VIIRS,n,2,301.68,3.61,D,0
26.72666,93.47069,354.67,0.52,0.5,2026-01-17,724,N20,VIIRS,n,2,300.21,19.2,D,0
26.72667,93.46783,335.2,0.52,0.5,2026-01-17,724,N20,VIIRS,n,2,297.54,10.2,D,0
26.72718,93.47302,341.87,0.52,0.5,2026-01-17,724,N20,VIIRS,n,2,297.39,10.2,D,0
26.72849,84.68096,330.45,0.39,0.36,2026-01-17,724,N20,VIIRS,n,2,297.2,2.01,D,0
26.74546,95.44375,347.86,0.34,0.56,2026-01-17,724,N20,VIIRS,n,2,292.37,7.92,D,0
26.75049,95.44142,351.11,0.34,0.56,2026-01-17,724,N20,VIIRS,n,2,294.24,10.5,D,0
26.7507,95.44389,332,0.34,0.56,2026-01-17,724,N20,VIIRS,n,2,292.67,7.92,D,0
26.75117,95.44926,346.05,0.34,0.56,2026-01-17,724,N20,VIIRS,n,2,290.91,6.12,D,0
26.77761,82.30099,329.48,0.47,0.39,2026-01-17,724,N20,VIIRS,n,2,293.33,2.82,D,0
26.77941,93.91834,326.5,0.55,0.51,2026-01-17,724,N20,VIIRS,l,2,300.91,3.08,D,0
26.79856,94.95867,367,0.32,0.55,2026-01-17,724,N20,VIIRS,h,2,297.55,7.87,D,0
26.8101,83.90938,325.93,0.41,0.37,2026-01-17,724,N20,VIIRS,n,2,295.14,1.72,D,0
26.83072,86.03387,340.47,0.38,0.36,2026-01-17,724,N20,VIIRS,n,2,299.34,4.42,D,0
26.83587,95.50361,326.02,0.35,0.57,2026-01-17,724,N20,VIIRS,n,2,289.04,3.97,D,0
26.83754,92.20329,326.33,0.43,0.46,2026-01-17,724,N20,VIIRS,l,2,298.4,1.81,D,0
26.83776,84.24433,329.05,0.4,0.37,2026-01-17,724,N20,VIIRS,n,2,297.2,1.74,D,0
26.84118,95.50432,333,0.35,0.57,2026-01-17,724,N20,VIIRS,n,2,291.83,3.97,D,0
26.84946,81.96307,338.28,0.48,0.4,2026-01-17,724,N20,VIIRS,n,2,291.02,5.16,D,0
26.85863,95.52399,326.26,0.35,0.57,2026-01-17,724,N20,VIIRS,n,2,288.83,1.42,D,0
26.85867,94.29651,328.99,0.58,0.52,2026-01-17,724,N20,VIIRS,l,2,299.62,3.81,D,0
26.86061,95.08032,352.18,0.33,0.55,2026-01-17,724,N20,VIIRS,n,2,295.96,3.64,D,0
26.86328,88.23504,338.83,0.42,0.38,2026-01-17,724,N20,VIIRS,n,2,298.08,5.04,D,0
26.86342,90.43935,328.57,0.52,0.42,2026-01-17,724,N20,VIIRS,l,2,300.4,4.24,D,0
26.86632,95.37246,325.12,0.34,0.56,2026-01-17,724,N20,VIIRS,n,2,298.57,2.42,D,0
26.86666,95.37621,336.94,0.34,0.56,2026-01-17,724,N20,VIIRS,n,2,294.39,2.42,D,0
26.8676,95.50632,354.75,0.35,0.57,2026-01-17,724,N20,VIIRS,n,2,295.65,6.39,D,0
26.87057,94.319,329.21,0.58,0.52,2026-01-17,724,N20,VIIRS,n,2,297.69,3.6,D,0
26.87874,92.3455,342.44,0.44,0.46,2026-01-17,724,N20,VIIRS,n,2,298.5,7.4,D,0
26.88091,95.13364,367,0.33,0.55,2026-01-17,724,N20,VIIRS,h,2,296.09,6.39,D,0
26.88409,95.13136,343.42,0.33,0.55,2026-01-17,724,N20,VIIRS,n,2,303.77,32.49,D,0
26.88438,95.13476,367,0.33,0.55,2026-01-17,724,N20,VIIRS,h,2,302.15,38.37,D,0
26.88858,95.12389,329.81,0.33,0.55,2026-01-17,724,N20,VIIRS,n,2,294.64,5.55,D,0
26.88883,95.12677,367,0.33,0.55,2026-01-17,724,N20,VIIRS,h,2,295.77,8.62,D,0
26.90866,84.22166,329.12,0.4,0.37,2026-01-17,724,N20,VIIRS,n,2,295,1.68,D,0
26.91088,83.7538,328.98,0.41,0.37,2026-01-17,724,N20,VIIRS,n,2,295.34,1.34,D,0
26.92608,94.45645,339.33,0.6,0.53,2026-01-17,724,N20,VIIRS,n,2,298.25,12.17,D,0
26.92808,94.45741,341.63,0.6,0.53,2026-01-17,724,N20,VIIRS,n,2,298.39,8.18,D,0
26.93678,94.09849,329.26,0.57,0.52,2026-01-17,724,N20,VIIRS,n,2,297.87,4.45,D,0
26.9373,88.85353,334.03,0.44,0.39,2026-01-17,724,N20,VIIRS,n,2,298.72,3.11,D,0
26.93768,88.85502,332.73,0.44,0.39,2026-01-17,724,N20,VIIRS,n,2,300.01,2.13,D,0
26.94308,94.26791,327.08,0.58,0.52,2026-01-17,724,N20,VIIRS,n,2,298.17,4.34,D,0
26.9475,91.62691,334.93,0.4,0.45,2026-01-17,724,N20,VIIRS,n,2,289.5,2.58,D,0
26.94778,94.06252,335.21,0.56,0.52,2026-01-17,724,N20,VIIRS,n,2,300.18,5.28,D,0
26.94797,91.62671,336.18,0.4,0.44,2026-01-17,724,N20,VIIRS,n,2,290.03,2.68,D,0
26.96022,95.1778,326.32,0.33,0.55,2026-01-17,724,N20,VIIRS,n,2,295.62,1.52,D,0
26.96488,85.13924,330.3,0.39,0.36,2026-01-17,724,N20,VIIRS,n,2,296.27,2.12,D,0
26.98322,83.74358,328.73,0.41,0.37,2026-01-17,724,N20,VIIRS,n,2,295.84,1.39,D,0
27.00276,95.53846,349.75,0.35,0.57,2026-01-17,724,N20,VIIRS,n,2,294.63,3.97,D,0
27.00362,84.11594,331.09,0.4,0.37,2026-01-17,724,N20,VIIRS,n,2,296.39,1.7,D,0
27.00365,94.30066,325.59,0.59,0.52,2026-01-17,724,N20,VIIRS,n,2,298.04,5.75,D,0
27.00418,94.30658,367,0.59,0.53,2026-01-17,724,N20,VIIRS,h,2,302.52,19.93,D,0
27.00498,94.30274,341.29,0.58,0.52,2026-01-17,724,N20,VIIRS,n,2,299.57,13.92,D,0
27.00555,94.30865,367,0.59,0.52,2026-01-17,724,N20,VIIRS,h,2,301.08,13.92,D,0
27.00613,94.31458,335.25,0.59,0.53,2026-01-17,724,N20,VIIRS,n,2,300.35,8.26,D,0
27.00902,94.30602,331.94,0.59,0.53,2026-01-17,724,N20,VIIRS,n,2,295.9,4.8,D,0
27.01843,82.42685,331.58,0.46,0.39,2026-01-17,724,N20,VIIRS,n,2,295.06,3.18,D,0
27.03357,84.1924,331.93,0.4,0.37,2026-01-17,724,N20,VIIRS,n,2,298.13,2.47,D,0
27.06804,85.45235,326.94,0.38,0.36,2026-01-17,724,N20,VIIRS,n,2,298.62,1.47,D,0
27.08402,93.80682,338.84,0.55,0.51,2026-01-17,724,N20,VIIRS,n,2,297.25,6.75,D,0
27.08429,85.22697,335.09,0.39,0.36,2026-01-17,724,N20,VIIRS,n,2,299.5,2.89,D,0
27.08567,85.45686,328.83,0.38,0.36,2026-01-17,724,N20,VIIRS,n,2,301.11,1.4,D,0
27.08868,93.80597,337.39,0.55,0.51,2026-01-17,724,N20,VIIRS,n,2,295.36,7.29,D,0
27.08924,94.1224,328.48,0.57,0.52,2026-01-17,724,N20,VIIRS,n,2,298.55,2.52,D,0
27.08935,94.12536,328.34,0.57,0.52,2026-01-17,724,N20,VIIRS,n,2,298.57,2.87,D,0
27.11941,94.23399,325.4,0.58,0.52,2026-01-17,724,N20,VIIRS,n,2,299.23,3.62,D,0
27.12651,84.29672,353.33,0.4,0.37,2026-01-17,724,N20,VIIRS,n,2,300.87,6.84,D,0
27.13593,89.60168,330.19,0.48,0.4,2026-01-17,724,N20,VIIRS,n,2,299.67,5.11,D,0
27.13652,89.60654,328.02,0.48,0.4,2026-01-17,724,N20,VIIRS,n,2,286.56,7.14,D,0
27.1388,84.10549,325.25,0.4,0.37,2026-01-17,724,N20,VIIRS,n,2,296.91,1.79,D,0
27.13954,89.60082,329.87,0.48,0.4,2026-01-17,724,N20,VIIRS,n,2,292.76,5.11,D,0
27.13988,89.60448,337.37,0.48,0.4,2026-01-17,724,N20,VIIRS,n,2,297.12,9.95,D,0
27.14588,86.32234,325.42,0.39,0.36,2026-01-17,724,N20,VIIRS,n,2,292.91,6.52,D,0
27.14917,86.32172,332.73,0.39,0.36,2026-01-17,724,N20,VIIRS,n,2,291.33,6.52,D,0
27.14942,94.632,325.25,0.62,0.54,2026-01-17,724,N20,VIIRS,l,2,298.91,2.09,D,0
27.14974,86.32561,352.66,0.39,0.36,2026-01-17,724,N20,VIIRS,n,2,295.92,6.52,D,0
27.15032,86.32954,333.28,0.39,0.36,2026-01-17,724,N20,VIIRS,n,2,291.05,3.14,D,0
27.15309,94.63419,337.05,0.62,0.54,2026-01-17,724,N20,VIIRS,n,2,299.33,6.3,D,0
27.15361,86.32889,336.46,0.39,0.36,2026-01-17,724,N20,VIIRS,n,2,287.41,3.01,D,0
27.24263,84.22066,329.08,0.4,0.37,2026-01-17,724,N20,VIIRS,n,2,298.3,2.77,D,0
27.25932,83.755,331.04,0.41,0.37,2026-01-17,724,N20,VIIRS,n,2,297.5,2.93,D,0
27.27096,92.41399,327.89,0.45,0.47,2026-01-17,724,N20,VIIRS,n,2,297.3,3.9,D,0
27.27143,92.41845,328.16,0.45,0.47,2026-01-17,724,N20,VIIRS,n,2,292.51,9,D,0
27.27485,91.77983,335.89,0.42,0.45,2026-01-17,724,N20,VIIRS,n,2,289.36,10.91,D,0
27.27521,92.4129,330.09,0.45,0.47,2026-01-17,724,N20,VIIRS,n,2,286.85,3.9,D,0
27.27529,91.78375,327.45,0.42,0.45,2026-01-17,724,N20,VIIRS,n,2,286.81,7.27,D,0
27.28031,87.63266,329.19,0.41,0.37,2026-01-17,724,N20,VIIRS,n,2,292.25,4.1,D,0
27.28037,97.51193,326.84,0.47,0.64,2026-01-17,724,N20,VIIRS,n,2,295.98,3,D,0
27.28289,97.48885,333.81,0.47,0.64,2026-01-17,724,N20,VIIRS,n,2,295.28,4.06,D,0
27.2834,84.46984,331.06,0.39,0.36,2026-01-17,724,N20,VIIRS,n,2,299.61,2.29,D,0
27.29218,91.97212,348.61,0.43,0.46,2026-01-17,724,N20,VIIRS,n,2,295.22,8.19,D,0
27.31987,94.35714,334.03,0.59,0.53,2026-01-17,724,N20,VIIRS,n,2,299.84,7.17,D,0
27.3273,83.77967,330.1,0.41,0.37,2026-01-17,724,N20,VIIRS,n,2,296.74,3.11,D,0
27.33763,94.76309,335.71,0.63,0.54,2026-01-17,724,N20,VIIRS,n,2,299.12,5.68,D,0
27.33852,97.43685,331.12,0.46,0.64,2026-01-17,724,N20,VIIRS,n,2,294.75,3.66,D,0
27.37163,94.35022,329.87,0.59,0.53,2026-01-17,724,N20,VIIRS,n,2,300.25,3.44,D,0
27.37807,95.33648,327.12,0.34,0.56,2026-01-17,724,N20,VIIRS,n,2,297.12,1.47,D,0
27.38604,94.50919,336.24,0.61,0.53,2026-01-17,724,N20,VIIRS,n,2,299.44,8,D,0
27.38649,94.24549,325.2,0.59,0.53,2026-01-17,724,N20,VIIRS,n,2,299.49,2.51,D,0
27.38735,94.6926,332.12,0.63,0.54,2026-01-17,724,N20,VIIRS,n,2,300.24,3.2,D,0
27.40361,92.61925,338.21,0.47,0.48,2026-01-17,724,N20,VIIRS,n,2,296.29,5.32,D,0
27.43846,94.4847,338.26,0.61,0.53,2026-01-17,724,N20,VIIRS,n,2,298.97,9.73,D,0
27.44197,94.38947,341.33,0.6,0.53,2026-01-17,724,N20,VIIRS,n,2,300.43,7.76,D,0
27.44449,94.39119,345.4,0.6,0.53,2026-01-17,724,N20,VIIRS,n,2,300.31,7.01,D,0
27.50132,93.83138,333.88,0.56,0.51,2026-01-17,724,N20,VIIRS,n,2,291.64,4.16,D,0
27.50345,93.83524,337.62,0.56,0.51,2026-01-17,724,N20,VIIRS,n,2,289.18,10.3,D,0
27.51002,91.75363,330.27,0.42,0.45,2026-01-17,724,N20,VIIRS,n,2,290.59,3.56,D,0
27.54579,87.3542,338.21,0.4,0.37,2026-01-17,724,N20,VIIRS,n,2,297.93,2.58,D,0
27.5463,87.35789,325.17,0.4,0.37,2026-01-17,724,N20,VIIRS,n,2,296.18,2.58,D,0
27.62449,94.91867,367,0.32,0.55,2026-01-17,724,N20,VIIRS,h,2,303.32,9.58,D,0
27.63858,88.67755,337.07,0.44,0.39,2026-01-17,724,N20,VIIRS,n,2,298.94,4.88,D,0
27.68059,91.83398,335.6,0.42,0.46,2026-01-17,724,N20,VIIRS,n,2,293.99,4.7,D,0
27.68104,91.83805,329.48,0.43,0.46,2026-01-17,724,N20,VIIRS,n,2,294.76,4.7,D,0
27.68516,91.83714,339.75,0.43,0.46,2026-01-17,724,N20,VIIRS,n,2,298.93,4.7,D,0
27.69223,96.24171,346.05,0.39,0.6,2026-01-17,724,N20,VIIRS,n,2,299.98,3.76,D,0
27.69444,96.26919,367,0.39,0.6,2026-01-17,724,N20,VIIRS,h,2,298.27,6.96,D,0
27.69475,96.2731,325.24,0.39,0.6,2026-01-17,724,N20,VIIRS,n,2,293.55,6.96,D,0
27.69995,96.26869,367,0.39,0.6,2026-01-17,724,N20,VIIRS,h,2,296.88,6.96,D,0
27.70039,96.26967,336.36,0.4,0.6,2026-01-17,724,N20,VIIRS,n,2,294.65,2.69,D,0
27.71253,96.15198,367,0.39,0.59,2026-01-17,724,N20,VIIRS,h,2,298.73,9.35,D,0
27.71374,96.15274,367,0.39,0.59,2026-01-17,724,N20,VIIRS,h,2,296.72,10.56,D,0
27.7318,94.87375,333.82,0.32,0.55,2026-01-17,724,N20,VIIRS,n,2,302.09,7.04,D,0
27.73209,94.87708,367,0.32,0.55,2026-01-17,724,N20,VIIRS,h,2,298.73,7.62,D,0
27.76637,95.0973,334.96,0.33,0.56,2026-01-17,724,N20,VIIRS,n,2,298.84,2.05,D,0
27.78174,93.57342,337.63,0.54,0.51,2026-01-17,724,N20,VIIRS,n,2,289.17,5.81,D,0
27.78441,93.57087,335.34,0.54,0.51,2026-01-17,724,N20,VIIRS,n,2,288.14,3.87,D,0
27.8562,95.35143,332.73,0.35,0.57,2026-01-17,724,N20,VIIRS,n,2,299.82,2.29,D,0
27.8571,95.35134,334.05,0.35,0.57,2026-01-17,724,N20,VIIRS,n,2,299.48,2.53,D,0
27.88062,95.57858,341.12,0.36,0.57,2026-01-17,724,N20,VIIRS,n,2,298.63,2.87,D,0
27.94813,95.62018,351.85,0.36,0.58,2026-01-17,724,N20,VIIRS,n,2,299.72,6.51,D,0
27.98612,95.50803,327.86,0.36,0.57,2026-01-17,724,N20,VIIRS,n,2,296.12,1.4,D,0
28.01769,95.84002,337.48,0.37,0.58,2026-01-17,724,N20,VIIRS,n,2,298.05,5.37,D,0
28.01798,95.84383,335.69,0.37,0.58,2026-01-17,724,N20,VIIRS,n,2,295.97,5.26,D,0
28.0509,96.05695,367,0.39,0.59,2026-01-17,724,N20,VIIRS,h,2,300.45,8.34,D,0
28.05121,96.06092,329.16,0.39,0.59,2026-01-17,724,N20,VIIRS,n,2,297.29,8.34,D,0
28.05631,96.05581,354.91,0.39,0.59,2026-01-17,724,N20,VIIRS,n,2,295.31,8.13,D,0
28.05661,96.05974,348.07,0.39,0.59,2026-01-17,724,N20,VIIRS,n,2,295.38,8.13,D,0
28.1165,95.54617,336.51,0.36,0.57,2026-01-17,724,N20,VIIRS,n,2,307.23,19.6,D,0
28.11679,95.54984,367,0.36,0.57,2026-01-17,724,N20,VIIRS,h,2,299.27,19.6,D,0
28.56568,95.27482,329.3,0.35,0.57,2026-01-17,724,N20,VIIRS,n,2,287.91,3.6,D,0
28.66083,96.25983,330.4,0.41,0.6,2026-01-17,724,N20,VIIRS,n,2,288.62,5.93,D,0
28.6616,96.25979,325.27,0.41,0.6,2026-01-17,724,N20,VIIRS,n,2,288.44,5.11,D,0
28.83384,95.97092,325.94,0.39,0.59,2026-01-17,724,N20,VIIRS,n,2,297.85,5.2,D,0
28.83403,95.97346,338.7,0.39,0.59,2026-01-17,724,N20,VIIRS,n,2,293.41,5.16,D,0
27.29393,82.1708,327.4,0.46,0.39,2026-01-17,725,N20,VIIRS,n,2,294.29,2.34,D,0
27.3119,80.58822,333.11,0.55,0.43,2026-01-17,725,N20,VIIRS,n,2,294.77,4.76,D,0
27.46532,80.30837,328.26,0.57,0.43,2026-01-17,725,N20,VIIRS,n,2,288.29,3.15,D,0
27.47155,76.09745,329.14,0.33,0.56,2026-01-17,725,N20,VIIRS,n,2,299.55,1.08,D,0
27.47531,82.14822,326.53,0.46,0.39,2026-01-17,725,N20,VIIRS,n,2,295.15,2.4,D,0
27.55139,84.54574,326.81,0.39,0.36,2026-01-17,725,N20,VIIRS,n,2,295,1.85,D,0
27.78262,80.22606,336.76,0.57,0.43,2026-01-17,725,N20,VIIRS,n,2,293.29,8.89,D,0
27.90923,85.6357,329.58,0.38,0.36,2026-01-17,725,N20,VIIRS,n,2,294.57,2.72,D,0
27.97268,86.01234,332.01,0.39,0.36,2026-01-17,725,N20,VIIRS,n,2,295.9,3.12,D,0
27.97595,86.01163,350.97,0.39,0.36,2026-01-17,725,N20,VIIRS,n,2,312.45,30.52,D,0
28.05737,80.86687,327.42,0.52,0.41,2026-01-17,725,N20,VIIRS,n,2,294.38,2.7,D,0
28.05775,80.86884,326.07,0.52,0.42,2026-01-17,725,N20,VIIRS,n,2,294.44,2.93,D,0
28.05862,81.10411,338.25,0.51,0.41,2026-01-17,725,N20,VIIRS,n,2,296.82,9.74,D,0
28.16628,84.49302,330.46,0.39,0.36,2026-01-17,725,N20,VIIRS,n,2,294.26,1.79,D,0
28.16775,81.01778,326.25,0.51,0.41,2026-01-17,725,N20,VIIRS,n,2,293.28,2.34,D,0
28.18194,81.15686,343.97,0.5,0.41,2026-01-17,725,N20,VIIRS,n,2,294.5,5.9,D,0
28.22636,81.13845,330.96,0.5,0.41,2026-01-17,725,N20,VIIRS,n,2,295.19,3.94,D,0
28.32323,84.09431,331.56,0.4,0.37,2026-01-17,725,N20,VIIRS,n,2,293.26,1.91,D,0
28.34612,84.44569,333.74,0.39,0.36,2026-01-17,725,N20,VIIRS,l,2,305.43,17.27,D,0
28.34736,84.45341,343.86,0.39,0.36,2026-01-17,725,N20,VIIRS,n,2,299.82,4.77,D,0
28.34882,84.44141,342.85,0.39,0.36,2026-01-17,725,N20,VIIRS,n,2,298.17,17.27,D,0
28.34944,84.4453,337.33,0.39,0.36,2026-01-17,725,N20,VIIRS,n,2,301.42,17.27,D,0
28.35006,84.44917,332.02,0.39,0.36,2026-01-17,725,N20,VIIRS,n,2,300.18,4.77,D,0
28.35068,84.45297,338.06,0.39,0.36,2026-01-17,725,N20,VIIRS,n,2,294.42,4.77,D,0
28.43468,84.51043,329.04,0.39,0.36,2026-01-17,725,N20,VIIRS,l,2,300.83,5.19,D,0
28.4353,84.5143,338.65,0.39,0.36,2026-01-17,725,N20,VIIRS,n,2,292.43,3.48,D,0
28.438,84.50999,334.86,0.39,0.36,2026-01-17,725,N20,VIIRS,l,2,307.49,8.91,D,0
28.43861,84.51383,346.94,0.39,0.36,2026-01-17,725,N20,VIIRS,n,2,313.66,15.43,D,0
28.45345,79.79095,339.31,0.39,0.44,2026-01-17,725,N20,VIIRS,n,2,271.82,3.13,D,0
28.72827,80.21933,327.31,0.55,0.42,2026-01-17,725,N20,VIIRS,n,2,281.61,6.27,D,0
28.72933,80.22481,346.19,0.55,0.42,2026-01-17,725,N20,VIIRS,n,2,284.19,12.74,D,0
28.73316,80.22386,335.93,0.55,0.42,2026-01-17,725,N20,VIIRS,n,2,280.98,6.54,D,0
28.87115,95.86856,328.79,0.39,0.59,2026-01-17,725,N20,VIIRS,n,2,295.35,3.62,D,0
29.00468,82.94651,337.96,0.42,0.37,2026-01-17,725,N20,VIIRS,n,2,291.69,6.62,D,0
29.00638,82.93603,342.58,0.42,0.37,2026-01-17,725,N20,VIIRS,n,2,299.06,12.09,D,0
29.07873,82.78209,330.01,0.42,0.38,2026-01-17,725,N20,VIIRS,n,2,289.02,4.53,D,0
29.09951,82.36805,342.94,0.43,0.38,2026-01-17,725,N20,VIIRS,n,2,302.78,13.95,D,0
29.62992,91.53471,338.07,0.43,0.46,2026-01-17,725,N20,VIIRS,n,2,288.06,4.89,D,0
29.63033,91.5388,334.48,0.43,0.46,2026-01-17,725,N20,VIIRS,n,2,285.32,5.01,D,0
29.75998,82.17646,326.16,0.43,0.38,2026-01-17,725,N20,VIIRS,n,2,298.38,2.99,D,0
29.77266,82.26894,330.14,0.43,0.38,2026-01-17,725,N20,VIIRS,n,2,292.78,3.21,D,0
28.39109,70.12404,327.66,0.72,0.76,2026-01-17,726,N20,VIIRS,n,2,289.32,3.81,D,0
28.52546,70.07785,336.81,0.72,0.75,2026-01-17,726,N20,VIIRS,n,2,290.7,7.68,D,0
28.52593,70.0767,332.58,0.72,0.75,2026-01-17,726,N20,VIIRS,n,2,290.5,10.56,D,0
28.52739,70.08485,332.48,0.72,0.75,2026-01-17,726,N20,VIIRS,n,2,289.2,7.68,D,0
28.5279,70.08369,335.58,0.72,0.75,2026-01-17,726,N20,VIIRS,n,2,289.28,9.62,D,0
29.87425,70.92313,326.2,0.59,0.7,2026-01-17,726,N20,VIIRS,n,2,288.31,3.15,D,0
30.23378,70.86437,334.46,0.59,0.7,2026-01-17,726,N20,VIIRS,n,2,288.96,4.23,D,0
30.97918,70.9202,338.91,0.56,0.69,2026-01-17,726,N20,VIIRS,n,2,284.39,4.43,D,0
30.9814,70.92154,338.94,0.56,0.69,2026-01-17,726,N20,VIIRS,n,2,284,4.38,D,0
31.22481,72.81148,367,0.43,0.62,2026-01-17,726,N20,VIIRS,h,2,293.77,12.13,D,0
31.2259,72.8158,338.68,0.43,0.62,2026-01-17,726,N20,VIIRS,n,2,289.95,9.98,D,0
31.32572,72.43015,346.95,0.45,0.63,2026-01-17,726,N20,VIIRS,n,2,290.49,4.8,D,0
31.4954,72.36817,327.68,0.45,0.63,2026-01-17,726,N20,VIIRS,n,2,288.25,2.66,D,0
31.58975,70.99943,340.44,0.53,0.67,2026-01-17,726,N20,VIIRS,n,2,285.67,4.95,D,0
31.67944,70.87262,327.42,0.54,0.68,2026-01-17,726,N20,VIIRS,n,2,286.36,2.95,D,0
31.68676,72.79211,327.37,0.42,0.61,2026-01-17,726,N20,VIIRS,n,2,281.11,2.6,D,0
31.75798,73.17155,335.93,0.4,0.6,2026-01-17,726,N20,VIIRS,n,2,291.66,4.21,D,0
31.89667,71.04921,342.62,0.52,0.67,2026-01-17,726,N20,VIIRS,n,2,288.16,4.82,D,0
32.80272,74.14858,335.32,0.33,0.55,2026-01-17,726,N20,VIIRS,n,2,285.32,2.31,D,0
32.8029,74.14841,331.79,0.33,0.55,2026-01-17,726,N20,VIIRS,n,2,285.03,1.87,D,0
33.02285,74.96379,325.48,0.59,0.53,2026-01-17,726,N20,VIIRS,n,2,283.97,5.14,D,0
33.02383,71.67184,350.6,0.45,0.63,2026-01-17,727,N20,VIIRS,n,2,289,9.73,D,0
33.02497,71.67621,346.45,0.45,0.63,2026-01-17,727,N20,VIIRS,n,2,286.39,9.87,D,0
33.11415,74.72945,325.65,0.6,0.53,2026-01-17,727,N20,VIIRS,n,2,274.14,5.2,D,0
33.27784,71.52883,355.33,0.45,0.63,2026-01-17,727,N20,VIIRS,n,2,290.29,11.15,D,0
33.2835,74.08227,353.17,0.32,0.55,2026-01-17,727,N20,VIIRS,n,2,277.12,6.48,D,0
33.50136,75.59825,327.51,0.53,0.5,2026-01-17,727,N20,VIIRS,n,2,275.65,4.57,D,0
33.66157,73.03771,348.47,0.36,0.58,2026-01-17,727,N20,VIIRS,n,2,270.97,6.37,D,0
9.41137,77.11723,331.41,0.62,0.71,2026-01-17,900,N20,VIIRS,n,2,293.29,3.72,D,0
11.83627,76.58359,334.12,0.61,0.71,2026-01-17,901,N20,VIIRS,n,2,301.56,3.65,D,0
12.36377,77.4948,338.17,0.71,0.75,2026-01-17,901,N20,VIIRS,n,2,303,6.9,D,0
12.49873,76.61368,331.57,0.63,0.72,2026-01-17,901,N20,VIIRS,n,2,300.1,3.83,D,0
12.61638,77.89997,331.09,0.77,0.77,2026-01-17,901,N20,VIIRS,n,2,301.5,4.34,D,0
12.63626,77.56199,345.59,0.73,0.76,2026-01-17,901,N20,VIIRS,n,2,303.63,10.93,D,0
12.63743,77.56211,341.49,0.73,0.76,2026-01-17,901,N20,VIIRS,n,2,303.63,9.76,D,0
12.84284,75.58764,331.93,0.54,0.68,2026-01-17,901,N20,VIIRS,n,2,298.65,7.85,D,0
12.86597,77.34655,332.83,0.71,0.75,2026-01-17,901,N20,VIIRS,n,2,302.98,5.72,D,0
13.2215,76.11686,333.12,0.59,0.7,2026-01-17,901,N20,VIIRS,n,2,302.45,3.34,D,0
13.53832,76.68015,331.69,0.65,0.73,2026-01-17,902,N20,VIIRS,n,2,301.8,10.57,D,0
13.54444,76.67375,341.76,0.65,0.73,2026-01-17,902,N20,VIIRS,n,2,301.27,12.15,D,0
13.54503,76.67937,367,0.65,0.73,2026-01-17,902,N20,VIIRS,h,2,300.4,10.57,D,0
14.08775,75.59196,340.91,0.56,0.69,2026-01-17,902,N20,VIIRS,n,2,302.91,6.47,D,0
14.09236,75.63457,367,0.56,0.69,2026-01-17,902,N20,VIIRS,h,2,305.03,10.6,D,0
14.09471,75.597,356.42,0.56,0.69,2026-01-17,902,N20,VIIRS,n,2,310.17,15.82,D,0
14.09528,75.60229,367,0.56,0.69,2026-01-17,902,N20,VIIRS,h,2,309.17,15.82,D,0
14.09587,75.60767,330.47,0.56,0.69,2026-01-17,902,N20,VIIRS,n,2,302.4,10.99,D,0
14.09763,75.5951,353.06,0.56,0.69,2026-01-17,902,N20,VIIRS,n,2,304.71,21.57,D,0
14.09816,75.60037,355.84,0.56,0.69,2026-01-17,902,N20,VIIRS,n,2,309.27,20.87,D,0
14.0987,75.60567,344.23,0.56,0.69,2026-01-17,902,N20,VIIRS,n,2,303.88,20.87,D,0
14.10167,75.60206,367,0.56,0.69,2026-01-17,902,N20,VIIRS,h,2,302.61,15.82,D,0
14.11011,75.7993,332.91,0.58,0.7,2026-01-17,902,N20,VIIRS,n,2,303.12,4.58,D,0
14.11549,77.8063,331.29,0.79,0.78,2026-01-17,902,N20,VIIRS,l,2,302.87,7.13,D,0
14.11792,77.80337,336.55,0.79,0.78,2026-01-17,902,N20,VIIRS,n,2,303.13,5.21,D,0
14.1315,75.80109,353.37,0.58,0.7,2026-01-17,902,N20,VIIRS,n,2,303.98,8.43,D,0
14.13635,75.80189,332.11,0.58,0.7,2026-01-17,902,N20,VIIRS,n,2,298.87,10.55,D,0
14.39515,75.44477,337.29,0.55,0.68,2026-01-17,902,N20,VIIRS,n,2,300.94,2.16,D,0
14.99839,75.46275,330.56,0.56,0.69,2026-01-17,902,N20,VIIRS,l,2,303.91,1.92,D,0
15.11791,75.99386,367,0.61,0.71,2026-01-17,902,N20,VIIRS,h,2,304.64,38.09,D,0
15.1186,75.991,350.05,0.61,0.71,2026-01-17,902,N20,VIIRS,n,2,302.36,29.48,D,0
15.11921,75.99673,367,0.61,0.71,2026-01-17,902,N20,VIIRS,h,2,300.56,31.6,D,0
15.19435,77.08904,332.85,0.73,0.76,2026-01-17,902,N20,VIIRS,n,2,300.86,8.49,D,0
15.5536,74.70597,338.3,0.51,0.66,2026-01-17,902,N20,VIIRS,n,2,302.84,8.5,D,0
15.55409,74.71074,351,0.51,0.66,2026-01-17,902,N20,VIIRS,n,2,301.52,8.5,D,0
15.76326,74.99569,332.9,0.54,0.67,2026-01-17,902,N20,VIIRS,l,2,306.35,4.28,D,0
15.91699,75.95557,338.13,0.62,0.72,2026-01-17,902,N20,VIIRS,n,2,302.62,6.28,D,0
15.92114,75.94682,338.59,0.62,0.72,2026-01-17,902,N20,VIIRS,n,2,300.91,6.94,D,0
15.92166,75.95246,342.02,0.62,0.72,2026-01-17,902,N20,VIIRS,n,2,302.39,6.94,D,0
15.92303,75.94927,355.64,0.62,0.72,2026-01-17,902,N20,VIIRS,n,2,302.58,14.47,D,0
15.92361,75.95506,338.73,0.62,0.72,2026-01-17,902,N20,VIIRS,n,2,302.11,12.34,D,0
15.92831,75.95222,343.51,0.62,0.72,2026-01-17,902,N20,VIIRS,n,2,300.19,6.94,D,0
16.09255,75.41,349.4,0.57,0.69,2026-01-17,902,N20,VIIRS,n,2,302.96,5.92,D,0
16.09442,75.41199,331.42,0.58,0.69,2026-01-17,902,N20,VIIRS,n,2,300.99,4.2,D,0
16.53708,74.10242,334.55,0.48,0.64,2026-01-17,902,N20,VIIRS,n,2,297.96,1.62,D,0
17.28382,73.86755,330.85,0.47,0.64,2026-01-17,903,N20,VIIRS,n,2,295.2,7.93,D,0
17.45561,73.3642,336.91,0.44,0.62,2026-01-17,903,N20,VIIRS,n,2,292.91,4.56,D,0
17.46135,73.36361,330.49,0.44,0.62,2026-01-17,903,N20,VIIRS,l,2,300.51,4.56,D,0
17.46221,73.37188,340.17,0.44,0.62,2026-01-17,903,N20,VIIRS,n,2,298.27,7.61,D,0
17.4928,76.41743,330.07,0.7,0.75,2026-01-17,903,N20,VIIRS,n,2,302.84,4.23,D,0
17.53031,74.7738,342.85,0.54,0.68,2026-01-17,903,N20,VIIRS,n,2,297.13,6.83,D,0
17.5349,73.55885,332.13,0.45,0.63,2026-01-17,903,N20,VIIRS,n,2,298.76,2.41,D,0
17.67697,76.12827,343.53,0.67,0.74,2026-01-17,903,N20,VIIRS,n,2,303.32,5.94,D,0
17.75511,76.3096,335.38,0.69,0.74,2026-01-17,903,N20,VIIRS,n,2,301.25,3.36,D,0
17.756,76.30933,335.36,0.69,0.74,2026-01-17,903,N20,VIIRS,n,2,300.81,2.55,D,0
17.98077,73.60619,337.33,0.46,0.64,2026-01-17,903,N20,VIIRS,n,2,298.95,5.76,D,0
18.0596,73.8216,333.51,0.48,0.64,2026-01-17,903,N20,VIIRS,n,2,299.76,5.87,D,0
18.11459,73.47483,330.53,0.45,0.63,2026-01-17,903,N20,VIIRS,n,2,299.94,3.33,D,0
18.11489,73.47643,338.3,0.45,0.63,2026-01-17,903,N20,VIIRS,n,2,300.26,4.88,D,0
18.31308,73.22984,336.52,0.44,0.62,2026-01-17,903,N20,VIIRS,n,2,300.85,5.81,D,0
18.31351,73.23403,351.62,0.44,0.62,2026-01-17,903,N20,VIIRS,n,2,301.29,5.81,D,0
18.31498,73.23296,348.69,0.44,0.62,2026-01-17,903,N20,VIIRS,n,2,301.82,10.26,D,0
18.31538,73.23714,339.13,0.44,0.62,2026-01-17,903,N20,VIIRS,n,2,299.9,6.07,D,0
18.33709,76.5073,332.99,0.72,0.76,2026-01-17,903,N20,VIIRS,n,2,297.41,6.67,D,0
18.54377,73.24203,367,0.44,0.62,2026-01-17,903,N20,VIIRS,h,2,299.47,8.96,D,0
18.54508,73.24293,367,0.44,0.62,2026-01-17,903,N20,VIIRS,h,2,299.42,12.71,D,0
18.7737,73.0588,331.6,0.43,0.62,2026-01-17,903,N20,VIIRS,n,2,301.41,1.86,D,0
18.96992,73.01673,367,0.43,0.62,2026-01-17,903,N20,VIIRS,h,2,301.31,7.63,D,0
18.98726,73.19556,342.3,0.44,0.63,2026-01-17,903,N20,VIIRS,n,2,297.94,2.87,D,0
19.00323,75.39565,330.01,0.62,0.71,2026-01-17,903,N20,VIIRS,n,2,297.18,4.02,D,0
19.25306,73.57751,335.95,0.47,0.64,2026-01-17,903,N20,VIIRS,n,2,300.73,4.06,D,0
19.2535,73.58207,331.04,0.47,0.64,2026-01-17,903,N20,VIIRS,n,2,298.54,4.06,D,0
19.26034,71.52596,332.78,0.35,0.56,2026-01-17,903,N20,VIIRS,n,2,294.71,2.32,D,3
19.51708,73.26635,337.33,0.46,0.63,2026-01-17,903,N20,VIIRS,n,2,302.22,5.37,D,0
19.83499,74.70454,342.65,0.57,0.69,2026-01-17,903,N20,VIIRS,n,2,300,5.49,D,0
19.83714,74.70667,338.47,0.57,0.69,2026-01-17,903,N20,VIIRS,n,2,298.58,7.39,D,0
20.72278,73.02968,332.37,0.45,0.63,2026-01-17,904,N20,VIIRS,n,2,298.96,3.42,D,0
20.723,73.02923,331.77,0.45,0.63,2026-01-17,904,N20,VIIRS,n,2,299.33,2.68,D,0
21.10363,72.6397,337.97,0.43,0.62,2026-01-17,904,N20,VIIRS,n,2,303.89,6.68,D,2
21.10442,72.64809,367,0.43,0.62,2026-01-17,904,N20,VIIRS,h,2,308.9,9.15,D,2
21.10624,72.64783,367,0.43,0.62,2026-01-17,904,N20,VIIRS,h,2,308.39,9.61,D,2
21.39291,76.28689,335.88,0.75,0.77,2026-01-17,904,N20,VIIRS,n,2,299.23,4.53,D,0
21.39602,76.28817,332.42,0.75,0.77,2026-01-17,904,N20,VIIRS,n,2,299.11,7.72,D,0
21.61175,70.99346,330.02,0.34,0.56,2026-01-17,904,N20,VIIRS,n,2,303.22,1.79,D,0
21.65311,71.42631,330.65,0.37,0.58,2026-01-17,904,N20,VIIRS,n,2,303.24,1.59,D,0
21.82808,70.92339,333.17,0.34,0.56,2026-01-17,904,N20,VIIRS,n,2,302.06,1.9,D,0
21.91532,70.13013,331.67,0.61,0.53,2026-01-17,904,N20,VIIRS,n,2,299,3.03,D,0
22.75104,70.5687,331.11,0.33,0.55,2026-01-17,904,N20,VIIRS,l,2,301.45,3.31,D,0
22.75135,70.57192,342.18,0.33,0.55,2026-01-17,904,N20,VIIRS,n,2,301.7,3.58,D,0
22.88931,70.90682,336.37,0.35,0.57,2026-01-17,904,N20,VIIRS,n,2,299.36,2.67,D,0
23.68665,70.80305,330.28,0.35,0.57,2026-01-17,904,N20,VIIRS,n,2,298,0.64,D,0
23.81007,71.04275,344.98,0.37,0.58,2026-01-17,905,N20,VIIRS,n,2,304.67,2.72,D,0
24.63129,68.22401,332.68,0.5,0.49,2026-01-17,905,N20,VIIRS,n,2,296.68,3.92,D,0
24.75068,69.22531,336.45,0.57,0.52,2026-01-17,905,N20,VIIRS,n,2,297.7,4.03,D,0
24.90465,68.35649,330.72,0.51,0.49,2026-01-17,905,N20,VIIRS,n,2,297.95,2.07,D,0
25.00165,68.91235,339.34,0.55,0.51,2026-01-17,905,N20,VIIRS,n,2,297.22,5.61,D,0
25.00438,68.90905,330.27,0.55,0.51,2026-01-17,905,N20,VIIRS,n,2,296.9,2.76,D,0
25.01113,68.53262,339.11,0.52,0.5,2026-01-17,905,N20,VIIRS,n,2,296.22,4.51,D,0
25.11764,68.71559,339.82,0.54,0.51,2026-01-17,905,N20,VIIRS,n,2,297.67,4.75,D,0
25.12711,68.76347,351.55,0.54,0.51,2026-01-17,905,N20,VIIRS,n,2,297.99,13.78,D,0
25.16756,68.74235,355.7,0.54,0.51,2026-01-17,905,N20,VIIRS,n,2,298.93,11.09,D,0
25.2833,68.97498,337.65,0.56,0.52,2026-01-17,905,N20,VIIRS,n,2,298.5,9.71,D,0
25.49263,73.10275,335.16,0.51,0.66,2026-01-17,905,N20,VIIRS,n,2,301.9,3.65,D,0
25.54368,68.61142,341.83,0.54,0.51,2026-01-17,905,N20,VIIRS,n,2,295.01,6.75,D,0
25.64562,69.05981,338.83,0.57,0.52,2026-01-17,905,N20,VIIRS,n,2,294.84,5.39,D,0
25.87097,69.03476,338.59,0.58,0.52,2026-01-17,905,N20,VIIRS,n,2,295.41,5.44,D,0
26.29297,68.30389,339.04,0.52,0.5,2026-01-17,905,N20,VIIRS,n,2,294.79,8.83,D,0
26.30769,68.17524,330.52,0.52,0.5,2026-01-17,905,N20,VIIRS,n,2,292.46,3.7,D,0
26.3369,68.13819,340.75,0.51,0.5,2026-01-17,905,N20,VIIRS,n,2,294.17,5.91,D,0
26.37742,68.91328,330.68,0.57,0.52,2026-01-17,905,N20,VIIRS,n,2,294.2,2.56,D,0
26.47734,68.24506,347.22,0.52,0.5,2026-01-17,905,N20,VIIRS,n,2,293.98,8.94,D,0
26.4835,68.07585,330.74,0.51,0.49,2026-01-17,905,N20,VIIRS,n,2,292.99,3.74,D,0
26.55043,68.23106,330.17,0.52,0.5,2026-01-17,905,N20,VIIRS,n,2,292.76,3.83,D,0
26.85303,68.01247,328.76,0.51,0.49,2026-01-17,906,N20,VIIRS,n,2,290.9,2.99,D,0
26.85343,68.00945,348.26,0.51,0.49,2026-01-17,906,N20,VIIRS,n,2,293.62,8.36,D,0
27.33353,68.36889,327.06,0.55,0.51,2026-01-17,906,N20,VIIRS,n,2,293.25,3.42,D,0
27.45903,68.78003,326.7,0.58,0.52,2026-01-17,906,N20,VIIRS,n,2,291.25,3.8,D,0
27.54613,68.41319,340.22,0.55,0.51,2026-01-17,906,N20,VIIRS,n,2,296.32,17.54,D,0
27.7812,69.22369,336.33,0.62,0.54,2026-01-17,906,N20,VIIRS,n,2,291.38,6.2,D,0
27.82396,69.2513,339.26,0.63,0.54,2026-01-17,906,N20,VIIRS,n,2,293.62,15.19,D,0
27.82431,69.24947,330.34,0.63,0.54,2026-01-17,906,N20,VIIRS,n,2,292.23,7.11,D,0
27.82487,69.25587,338.02,0.63,0.54,2026-01-17,906,N20,VIIRS,n,2,291.17,6.92,D,0
27.84852,69.12531,336.05,0.62,0.54,2026-01-17,906,N20,VIIRS,n,2,292.49,6.45,D,0
27.92728,68.28589,327.88,0.55,0.51,2026-01-17,906,N20,VIIRS,n,2,293.41,2.38,D,0
28.24962,69.6572,332.99,0.34,0.56,2026-01-17,906,N20,VIIRS,n,2,292.43,5.54,D,0
28.3548,69.70805,367,0.34,0.56,2026-01-17,906,N20,VIIRS,h,2,300.25,13.78,D,0
28.85672,70.97257,325.58,0.41,0.61,2026-01-17,906,N20,VIIRS,n,2,292.6,1.65,D,0
30.24325,71.03444,340.17,0.43,0.62,2026-01-17,906,N20,VIIRS,n,2,290.94,3.87,D,0
30.67313,72.4828,325.47,0.53,0.67,2026-01-17,906,N20,VIIRS,n,2,288.97,2.38,D,0
31.01633,70.75903,367,0.42,0.61,2026-01-17,907,N20,VIIRS,h,2,290.62,7.29,D,0
31.12235,70.89453,325.38,0.43,0.62,2026-01-17,907,N20,VIIRS,n,2,289.45,3.07,D,0
31.12456,70.89736,332.66,0.43,0.62,2026-01-17,907,N20,VIIRS,n,2,288.84,3.16,D,0
31.44249,70.93221,344.94,0.43,0.62,2026-01-17,907,N20,VIIRS,n,2,287.91,6.7,D,0
31.4464,70.92968,367,0.43,0.62,2026-01-17,907,N20,VIIRS,h,2,291.65,9.34,D,0
32.07701,70.99423,329.09,0.44,0.63,2026-01-17,907,N20,VIIRS,n,2,288.33,2.6,D,0
32.17773,71.12511,335.65,0.45,0.63,2026-01-17,907,N20,VIIRS,n,2,287.38,3.64,D,0
32.17829,71.12607,330.23,0.45,0.63,2026-01-17,907,N20,VIIRS,n,2,287.42,3.79,D,0
32.26805,73.31927,344.24,0.61,0.71,2026-01-17,907,N20,VIIRS,n,2,275.52,8.52,D,0
32.26947,73.31784,336.84,0.61,0.71,2026-01-17,907,N20,VIIRS,n,2,277.51,6.29,D,0
32.78681,70.85983,367,0.44,0.62,2026-01-17,907,N20,VIIRS,h,2,290.9,7.01,D,0
32.78717,70.85607,342.5,0.44,0.62,2026-01-17,907,N20,VIIRS,n,2,291.24,7.08,D,0
32.78743,70.86084,334.79,0.44,0.62,2026-01-17,907,N20,VIIRS,n,2,288.44,5.58,D,0
33.08271,72.82965,354.11,0.58,0.7,2026-01-17,907,N20,VIIRS,n,2,270.61,10.51,D,0
33.27792,71.53018,355.04,0.49,0.65,2026-01-17,907,N20,VIIRS,n,2,291.1,13.89,D,0
33.28289,74.08362,333.82,0.69,0.74,2026-01-17,907,N20,VIIRS,n,2,285.45,13.61,D,0
33.28314,74.09065,352.29,0.69,0.74,2026-01-17,907,N20,VIIRS,n,2,288.8,27.73,D,0
33.28334,74.08445,331.01,0.69,0.74,2026-01-17,907,N20,VIIRS,n,2,285.71,20.36,D,0
33.28339,74.0976,356.58,0.69,0.74,2026-01-17,907,N20,VIIRS,l,2,284.14,27.73,D,0
33.28355,74.09151,351.44,0.69,0.74,2026-01-17,907,N20,VIIRS,n,2,290.35,20.36,D,0
33.28376,74.09835,356.53,0.69,0.74,2026-01-17,907,N20,VIIRS,l,2,282.18,33.8,D,0
33.36976,72.5527,339.09,0.56,0.69,2026-01-17,907,N20,VIIRS,n,2,288.78,6.2,D,0
22.74537,97.92632,302.63,0.76,0.77,2026-01-17,1810,N20,VIIRS,n,2,281.22,2.43,N,0
22.74586,97.91875,315.12,0.76,0.77,2026-01-17,1810,N20,VIIRS,n,2,279.9,2.43,N,0
20.84867,97.74358,297.8,0.75,0.77,2026-01-17,1811,N20,VIIRS,n,2,282.7,0.84,N,0
20.85137,97.743,296.08,0.75,0.77,2026-01-17,1811,N20,VIIRS,n,2,282.7,0.92,N,0
15.86115,97.79351,324.68,0.65,0.73,2026-01-17,1812,N20,VIIRS,n,2,289.4,2.86,N,2
17.30347,97.05705,301.36,0.76,0.77,2026-01-17,1812,N20,VIIRS,n,2,289.28,0.96,N,0
28.05668,96.04821,313.54,0.49,0.49,2026-01-17,1949,N20,VIIRS,n,2,284.25,2.41,N,0
28.62595,94.04938,302.19,0.56,0.43,2026-01-17,1949,N20,VIIRS,n,2,274.2,1.61,N,0
29.6292,91.53386,327.42,0.42,0.38,2026-01-17,1949,N20,VIIRS,n,2,262.14,3.47,N,0
31.32959,76.9901,299.8,0.48,0.65,2026-01-17,1949,N20,VIIRS,n,2,259.13,0.97,N,0
31.44822,77.06147,295.42,0.48,0.65,2026-01-17,1949,N20,VIIRS,n,2,273.24,1.61,N,0
31.4486,77.05511,295.55,0.48,0.65,2026-01-17,1949,N20,VIIRS,n,2,269.02,1.27,N,0
31.86094,77.07717,302.85,0.48,0.65,2026-01-17,1949,N20,VIIRS,n,2,279.03,1.18,N,0
31.89977,76.92902,302.24,0.49,0.65,2026-01-17,1949,N20,VIIRS,n,2,279.02,1.3,N,0
31.90002,76.92496,297.55,0.49,0.65,2026-01-17,1949,N20,VIIRS,n,2,277.72,1.3,N,0
31.90175,76.92662,316.24,0.49,0.65,2026-01-17,1949,N20,VIIRS,n,2,279.49,2.14,N,0
32.73071,75.94776,316.74,0.57,0.69,2026-01-17,1949,N20,VIIRS,n,2,267.72,2.82,N,0
33.03365,75.42407,301.23,0.62,0.71,2026-01-17,1949,N20,VIIRS,n,2,273.7,2.28,N,0
33.03863,75.42269,296.07,0.62,0.71,2026-01-17,1949,N20,VIIRS,n,2,273.62,0.85,N,0
33.28129,74.07117,306.92,0.74,0.76,2026-01-17,1949,N20,VIIRS,n,2,271.67,1.22,N,0
33.28414,74.07134,307.46,0.74,0.76,2026-01-17,1949,N20,VIIRS,n,2,271.52,1.82,N,0
24.08789,97.74837,304.66,0.38,0.59,2026-01-17,1950,N20,VIIRS,n,2,280.11,0.86,N,0
24.23024,97.81634,313.61,0.38,0.59,2026-01-17,1950,N20,VIIRS,n,2,277.74,1.26,N,0
24.23245,97.81732,313.02,0.38,0.59,2026-01-17,1950,N20,VIIRS,n,2,276.74,1.19,N,0
24.52135,97.79622,301.78,0.38,0.58,2026-01-17,1950,N20,VIIRS,n,2,282.93,1.49,N,2
24.67084,95.61445,296.71,0.55,0.51,2026-01-17,1950,N20,VIIRS,n,2,285.8,0.52,N,0
25.543,91.23617,300.05,0.46,0.39,2026-01-17,1950,N20,VIIRS,n,2,277.76,0.71,N,2
26.19032,91.1838,304.12,0.45,0.39,2026-01-17,1950,N20,VIIRS,n,2,286.55,1.36,N,3
26.19383,91.18457,314.71,0.45,0.39,2026-01-17,1950,N20,VIIRS,n,2,286.81,1.36,N,3
26.19942,96.65071,298.75,0.59,0.53,2026-01-17,1950,N20,VIIRS,n,2,284.74,0.84,N,0
26.52453,90.53061,308.6,0.42,0.38,2026-01-17,1950,N20,VIIRS,n,2,285.74,0.82,N,2
26.66265,87.74181,302.78,0.39,0.36,2026-01-17,1950,N20,VIIRS,n,2,285.42,0.63,N,0
26.82257,83.36131,301.64,0.54,0.42,2026-01-17,1950,N20,VIIRS,n,2,285.09,1.08,N,0
26.82644,83.36189,298.01,0.54,0.42,2026-01-17,1950,N20,VIIRS,n,2,283.92,1.08,N,0
27.14852,89.61462,297.09,0.39,0.37,2026-01-17,1950,N20,VIIRS,n,2,268.54,0.31,N,0
27.5432,87.3581,308.27,0.39,0.36,2026-01-17,1950,N20,VIIRS,n,2,276.22,0.98,N,0
27.63776,94.94902,296.51,0.44,0.46,2026-01-17,1950,N20,VIIRS,n,2,280.67,0.4,N,0
27.70514,96.23335,305.24,0.52,0.5,2026-01-17,1950,N20,VIIRS,n,2,281.64,1.59,N,0
27.70958,96.23463,296.92,0.52,0.5,2026-01-17,1950,N20,VIIRS,n,2,280.87,0.57,N,0
27.7862,84.03248,305.74,0.51,0.41,2026-01-17,1950,N20,VIIRS,n,2,281.54,1.14,N,0
27.97474,86.00943,305.86,0.42,0.38,2026-01-17,1950,N20,VIIRS,n,2,276.64,1.27,N,0
28.2478,84.24969,297.08,0.5,0.41,2026-01-17,1950,N20,VIIRS,n,2,282.3,0.86,N,0
28.28701,83.96803,296.64,0.52,0.42,2026-01-17,1950,N20,VIIRS,n,2,280.92,0.48,N,0
28.30522,77.23155,296.35,0.43,0.62,2026-01-17,1950,N20,VIIRS,n,2,281.86,0.52,N,0
28.3279,77.17375,304.02,0.44,0.62,2026-01-17,1950,N20,VIIRS,n,2,280.98,1.2,N,0
28.33297,77.1712,298.05,0.44,0.62,2026-01-17,1950,N20,VIIRS,n,2,279.16,1.05,N,0
28.34204,77.22036,295.43,0.44,0.62,2026-01-17,1950,N20,VIIRS,n,2,278.99,0.62,N,0
28.39458,83.93892,320.44,0.53,0.42,2026-01-17,1950,N20,VIIRS,n,2,275.68,4.71,N,0
28.39581,83.92896,349.34,0.53,0.42,2026-01-17,1950,N20,VIIRS,n,2,278.8,12.28,N,0
28.44583,84.50762,306.59,0.49,0.41,2026-01-17,1950,N20,VIIRS,n,2,265.76,1.53,N,0
29.41148,79.47623,309.89,0.33,0.55,2026-01-17,1950,N20,VIIRS,n,2,267.64,1.09,N,0
29.41286,79.47519,316.27,0.33,0.55,2026-01-17,1950,N20,VIIRS,n,2,267.93,1.41,N,0
29.60509,82.0088,307.22,0.46,0.47,2026-01-17,1950,N20,VIIRS,n,2,273.08,1.2,N,0
29.60606,82.01259,304.06,0.46,0.47,2026-01-17,1950,N20,VIIRS,n,2,272,0.89,N,0
29.77691,81.90501,299.59,0.47,0.48,2026-01-17,1950,N20,VIIRS,n,2,270.62,1.08,N,0
20.61588,97.12774,302.38,0.41,0.61,2026-01-17,1951,N20,VIIRS,n,2,282.49,0.72,N,0
20.76147,96.78226,300.3,0.39,0.59,2026-01-17,1951,N20,VIIRS,n,2,280.09,0.92,N,0
20.76711,95.40899,302.76,0.63,0.54,2026-01-17,1951,N20,VIIRS,n,2,289.81,1.11,N,0
20.78066,95.39336,301.13,0.63,0.54,2026-01-17,1951,N20,VIIRS,n,2,290.4,1.54,N,0
20.86956,96.39032,298.64,0.36,0.58,2026-01-17,1951,N20,VIIRS,n,2,288.4,0.79,N,2
21.59311,96.22719,310.98,0.34,0.56,2026-01-17,1951,N20,VIIRS,n,2,288.94,0.87,N,2
21.77415,96.9063,307.82,0.38,0.59,2026-01-17,1951,N20,VIIRS,n,2,283.78,0.61,N,0
22.03465,88.08064,299.03,0.39,0.36,2026-01-17,1951,N20,VIIRS,n,2,285.61,0.72,N,0
22.05148,88.10322,309.16,0.39,0.36,2026-01-17,1951,N20,VIIRS,n,2,287.32,0.77,N,2
22.05504,88.1233,336.13,0.39,0.36,2026-01-17,1951,N20,VIIRS,n,2,296.79,5,N,2
22.079,88.16185,301.85,0.39,0.36,2026-01-17,1951,N20,VIIRS,n,2,285.75,0.52,N,0
22.11749,96.98775,295.2,0.38,0.58,2026-01-17,1951,N20,VIIRS,n,2,282.26,0.24,N,0
22.11991,96.99581,297.92,0.38,0.58,2026-01-17,1951,N20,VIIRS,n,2,282.32,0.49,N,0
22.32239,95.24807,302.47,0.58,0.52,2026-01-17,1951,N20,VIIRS,n,2,288.66,1.18,N,0
22.35681,87.28815,301.07,0.38,0.36,2026-01-17,1951,N20,VIIRS,n,2,287.71,0.65,N,2
22.35885,97.84982,316.55,0.42,0.61,2026-01-17,1951,N20,VIIRS,n,2,278.85,2.04,N,0
22.35952,87.29245,300.05,0.38,0.36,2026-01-17,1951,N20,VIIRS,n,2,288.25,0.74,N,2
22.36011,87.28874,302.99,0.38,0.36,2026-01-17,1951,N20,VIIRS,n,2,288.09,0.74,N,2
22.36213,87.01887,306.47,0.38,0.36,2026-01-17,1951,N20,VIIRS,n,2,289.69,0.98,N,2
22.36271,87.01516,299.51,0.38,0.36,2026-01-17,1951,N20,VIIRS,n,2,286.67,0.98,N,2
22.36493,87.30106,336.47,0.38,0.36,2026-01-17,1951,N20,VIIRS,n,2,294.28,2.27,N,2
22.36543,87.01945,301.27,0.38,0.36,2026-01-17,1951,N20,VIIRS,n,2,289.02,0.98,N,2
22.36601,87.01576,315.08,0.38,0.36,2026-01-17,1951,N20,VIIRS,n,2,289.09,0.98,N,2
22.36822,87.30167,304.75,0.38,0.36,2026-01-17,1951,N20,VIIRS,n,2,289.9,2.27,N,2
22.36881,87.29797,304.35,0.38,0.36,2026-01-17,1951,N20,VIIRS,n,2,289.13,2.27,N,2
22.37833,87.28067,322.53,0.38,0.36,2026-01-17,1951,N20,VIIRS,n,2,291.63,3.55,N,2
22.37892,87.27697,336.82,0.38,0.36,2026-01-17,1951,N20,VIIRS,n,2,293.55,3.55,N,2
22.38045,87.28867,303.37,0.38,0.36,2026-01-17,1951,N20,VIIRS,n,2,287.2,0.79,N,2
22.38762,87.28619,297.15,0.38,0.36,2026-01-17,1951,N20,VIIRS,n,2,287.11,0.58,N,2
22.44365,95.95179,299.88,0.64,0.54,2026-01-17,1951,N20,VIIRS,n,2,285.71,2.12,N,0
22.44438,95.95298,302.57,0.63,0.54,2026-01-17,1951,N20,VIIRS,n,2,286.41,1.25,N,0
22.47554,91.73483,305.02,0.53,0.42,2026-01-17,1951,N20,VIIRS,n,2,290.04,1.31,N,2
22.47814,90.71201,300.36,0.47,0.4,2026-01-17,1951,N20,VIIRS,n,2,288.13,0.57,N,2
22.49248,97.33636,297.91,0.39,0.59,2026-01-17,1951,N20,VIIRS,n,2,281.31,0.65,N,0
22.57507,85.89603,311.58,0.39,0.37,2026-01-17,1951,N20,VIIRS,n,2,288.18,1.07,N,0
22.57564,85.89222,303.4,0.39,0.37,2026-01-17,1951,N20,VIIRS,n,2,288.6,1.07,N,0
22.58728,85.90598,302.39,0.39,0.37,2026-01-17,1951,N20,VIIRS,n,2,286.44,0.72,N,2
22.59062,85.90656,297.67,0.39,0.37,2026-01-17,1951,N20,VIIRS,n,2,284.14,0.72,N,2
22.59119,85.90274,300.46,0.39,0.37,2026-01-17,1951,N20,VIIRS,n,2,285.67,0.72,N,2
22.61008,85.91386,301.92,0.39,0.37,2026-01-17,1951,N20,VIIRS,n,2,286.97,0.76,N,0
22.62216,97.57312,307.82,0.4,0.6,2026-01-17,1951,N20,VIIRS,n,2,279.97,1.49,N,0
22.62343,97.57376,295.46,0.4,0.6,2026-01-17,1951,N20,VIIRS,n,2,279.71,0.74,N,0
22.6311,86.17806,295.31,0.39,0.36,2026-01-17,1951,N20,VIIRS,n,2,284.98,0.97,N,2
22.78607,86.00597,298.86,0.39,0.36,2026-01-17,1951,N20,VIIRS,n,2,283.98,0.56,N,0
22.78735,86.201,310.97,0.39,0.36,2026-01-17,1951,N20,VIIRS,n,2,289.83,1.46,N,2
22.78952,86.20915,306.25,0.39,0.36,2026-01-17,1951,N20,VIIRS,n,2,289.17,1.34,N,2
22.7901,86.20537,308.89,0.39,0.36,2026-01-17,1951,N20,VIIRS,n,2,290.03,1.46,N,2
22.79125,86.19781,301.45,0.39,0.36,2026-01-17,1951,N20,VIIRS,n,2,291.29,1.7,N,2
22.79285,86.20972,307.24,0.39,0.36,2026-01-17,1951,N20,VIIRS,n,2,287.45,1.16,N,2
22.79457,86.19839,312.34,0.39,0.36,2026-01-17,1951,N20,VIIRS,n,2,288.45,1.16,N,3
22.79675,86.20653,299.76,0.39,0.36,2026-01-17,1951,N20,VIIRS,n,2,287.45,0.82,N,2
22.79732,86.20275,297.52,0.39,0.36,2026-01-17,1951,N20,VIIRS,n,2,287.07,0.82,N,2
22.7979,86.19897,302.9,0.39,0.36,2026-01-17,1951,N20,VIIRS,n,2,288.29,1.16,N,2
22.80068,86.09053,323.76,0.39,0.36,2026-01-17,1951,N20,VIIRS,n,2,290.18,2.34,N,2
22.81124,86.08849,302.62,0.39,0.36,2026-01-17,1951,N20,VIIRS,n,2,287.45,0.88,N,2
22.81182,86.0847,302.29,0.39,0.36,2026-01-17,1951,N20,VIIRS,n,2,289.15,0.94,N,2
22.81848,86.08588,297.57,0.39,0.36,2026-01-17,1951,N20,VIIRS,n,2,285.4,0.67,N,2
22.85632,86.05695,304.9,0.39,0.36,2026-01-17,1951,N20,VIIRS,n,2,285.28,0.9,N,2
22.87575,86.06426,298.43,0.39,0.36,2026-01-17,1951,N20,VIIRS,n,2,286.15,0.6,N,2
22.87632,86.06046,300.47,0.39,0.36,2026-01-17,1951,N20,VIIRS,n,2,284.82,0.6,N,2
23.16441,82.33678,310.75,0.55,0.43,2026-01-17,1951,N20,VIIRS,n,2,286.42,1.97,N,2
23.16542,87.84853,295.22,0.39,0.36,2026-01-17,1951,N20,VIIRS,n,2,283.61,0.33,N,0
23.16765,82.34278,316.48,0.55,0.43,2026-01-17,1951,N20,VIIRS,n,2,287.59,2.73,N,2
23.16832,82.33739,306.05,0.55,0.43,2026-01-17,1951,N20,VIIRS,n,2,286.94,1.97,N,2
23.16872,87.84916,295.88,0.39,0.36,2026-01-17,1951,N20,VIIRS,n,2,283.75,0.34,N,0
23.22127,90.66795,298.57,0.46,0.39,2026-01-17,1951,N20,VIIRS,n,2,288.41,0.62,N,0
23.28098,96.49566,299.07,0.33,0.55,2026-01-17,1951,N20,VIIRS,n,2,286.04,0.4,N,0
23.28845,87.86703,295.7,0.39,0.36,2026-01-17,1951,N20,VIIRS,n,2,285.12,0.22,N,0
23.4813,87.36073,298.68,0.38,0.36,2026-01-17,1951,N20,VIIRS,n,2,287.17,0.98,N,2
23.48459,87.36133,301.62,0.38,0.36,2026-01-17,1951,N20,VIIRS,n,2,287.15,1.37,N,2
23.48671,87.36939,301.19,0.38,0.36,2026-01-17,1951,N20,VIIRS,n,2,289.29,0.87,N,2
23.50652,87.31142,296.48,0.38,0.36,2026-01-17,1951,N20,VIIRS,n,2,285.89,0.42,N,0
23.51179,87.27785,300.72,0.38,0.36,2026-01-17,1951,N20,VIIRS,n,2,285.99,1.04,N,2
23.51405,87.32818,295.96,0.38,0.36,2026-01-17,1951,N20,VIIRS,n,2,285.4,0.48,N,0
23.51626,87.27099,296.62,0.38,0.36,2026-01-17,1951,N20,VIIRS,n,2,285.28,0.6,N,2
23.51627,82.39367,302.66,0.56,0.43,2026-01-17,1951,N20,VIIRS,n,2,280.88,1.04,N,0
23.55003,86.54473,306.92,0.39,0.36,2026-01-17,1951,N20,VIIRS,n,2,288.66,0.8,N,2
23.55057,87.2466,306.11,0.38,0.36,2026-01-17,1951,N20,VIIRS,n,2,287.71,2.92,N,3
23.55116,87.24286,334,0.38,0.36,2026-01-17,1951,N20,VIIRS,n,2,288.93,2.92,N,3
23.55392,86.54154,299.27,0.39,0.36,2026-01-17,1951,N20,VIIRS,n,2,284.97,0.8,N,2
23.55503,87.23974,303.76,0.38,0.36,2026-01-17,1951,N20,VIIRS,n,2,285.38,0.61,N,2
23.55833,87.24035,342.73,0.38,0.36,2026-01-17,1951,N20,VIIRS,n,2,286.96,5.21,N,2
23.56008,87.22914,322.57,0.38,0.36,2026-01-17,1951,N20,VIIRS,n,2,283.11,1.3,N,2
23.56247,87.08353,316.19,0.38,0.36,2026-01-17,1951,N20,VIIRS,n,2,288.38,1.16,N,2
23.56337,87.22975,306.92,0.38,0.36,2026-01-17,1951,N20,VIIRS,n,2,282.92,1.3,N,2
23.56519,87.08788,296.4,0.38,0.36,2026-01-17,1951,N20,VIIRS,n,2,286.06,1.16,N,2
23.58035,86.72464,298.11,0.39,0.36,2026-01-17,1951,N20,VIIRS,n,2,285.05,0.71,N,0
23.58365,86.72523,298.49,0.39,0.36,2026-01-17,1951,N20,VIIRS,n,2,284.52,0.71,N,0
23.59234,87.30425,296.01,0.38,0.36,2026-01-17,1951,N20,VIIRS,n,2,283.38,0.3,N,0
23.60587,87.15302,305.43,0.38,0.36,2026-01-17,1951,N20,VIIRS,n,2,287.09,0.92,N,2
23.60911,85.67477,296.31,0.4,0.37,2026-01-17,1951,N20,VIIRS,n,2,284.32,0.48,N,0
23.61033,87.14614,304.99,0.38,0.36,2026-01-17,1951,N20,VIIRS,n,2,288.5,1.6,N,2
23.61362,87.14674,298.51,0.38,0.36,2026-01-17,1951,N20,VIIRS,n,2,286.34,0.6,N,2
23.6148,86.7886,316.29,0.39,0.36,2026-01-17,1951,N20,VIIRS,n,2,290.98,0.95,N,2
23.61481,85.65956,296.71,0.4,0.37,2026-01-17,1951,N20,VIIRS,n,2,285.36,0.82,N,0
23.61537,86.7849,296.42,0.39,0.36,2026-01-17,1951,N20,VIIRS,n,2,285.35,0.95,N,2
23.61959,86.88984,295.71,0.39,0.36,2026-01-17,1951,N20,VIIRS,n,2,283.78,0.6,N,0
23.63157,86.83411,299.71,0.39,0.36,2026-01-17,1951,N20,VIIRS,n,2,285.53,0.79,N,0
23.63232,86.29395,303.69,0.39,0.36,2026-01-17,1951,N20,VIIRS,n,2,285.94,1.46,N,2
23.64729,85.43729,322.88,0.41,0.37,2026-01-17,1951,N20,VIIRS,n,2,286.06,1.83,N,2
23.65069,85.43787,296.13,0.41,0.37,2026-01-17,1951,N20,VIIRS,n,2,284.04,1.83,N,2
23.65127,85.43388,301.47,0.41,0.37,2026-01-17,1951,N20,VIIRS,n,2,282.87,0.77,N,2
23.65776,86.79636,297.81,0.39,0.36,2026-01-17,1951,N20,VIIRS,n,2,286.17,0.54,N,0
23.65778,85.50864,305.1,0.41,0.37,2026-01-17,1951,N20,VIIRS,n,2,283.9,1.43,N,2
23.66212,85.55013,296.83,0.41,0.37,2026-01-17,1951,N20,VIIRS,n,2,280.39,0.31,N,0
23.66233,85.55311,300.19,0.41,0.37,2026-01-17,1951,N20,VIIRS,n,2,282.57,0.53,N,2
23.66281,87.15903,300.68,0.38,0.36,2026-01-17,1951,N20,VIIRS,n,2,285.32,1.11,N,0
23.66434,84.99931,314.6,0.42,0.38,2026-01-17,1951,N20,VIIRS,n,2,284.14,1.59,N,2
23.66562,86.92139,298.06,0.39,0.36,2026-01-17,1951,N20,VIIRS,n,2,285.72,0.79,N,2
23.66611,87.15963,296.67,0.38,0.36,2026-01-17,1951,N20,VIIRS,n,2,285.42,0.6,N,0
23.6662,86.91763,305.95,0.39,0.36,2026-01-17,1951,N20,VIIRS,n,2,287.55,0.79,N,2
23.66669,87.15588,300.77,0.38,0.36,2026-01-17,1951,N20,VIIRS,n,2,287.21,0.6,N,0
23.66838,84.99578,304.79,0.42,0.38,2026-01-17,1951,N20,VIIRS,n,2,282.43,0.99,N,2
23.66954,86.09178,308.61,0.4,0.37,2026-01-17,1951,N20,VIIRS,n,2,287.44,1.38,N,2
23.67183,84.99635,298.82,0.42,0.38,2026-01-17,1951,N20,VIIRS,n,2,283.24,0.99,N,2
23.67404,86.08466,297,0.4,0.37,2026-01-17,1951,N20,VIIRS,n,2,285.12,1.31,N,2
23.67459,86.39505,316.87,0.39,0.36,2026-01-17,1951,N20,VIIRS,n,2,291.96,1.98,N,2
23.67676,86.40327,299.64,0.39,0.36,2026-01-17,1951,N20,VIIRS,n,2,288.83,1.97,N,2
23.67733,86.39946,316.48,0.39,0.36,2026-01-17,1951,N20,VIIRS,n,2,294.68,1.97,N,2
23.67739,86.08524,319.52,0.4,0.37,2026-01-17,1951,N20,VIIRS,n,2,290.86,1.31,N,2
23.67784,86.10511,318.7,0.4,0.37,2026-01-17,1951,N20,VIIRS,n,2,286.22,2,N,2
23.67791,86.39565,314.7,0.39,0.36,2026-01-17,1951,N20,VIIRS,n,2,293.77,1.98,N,2
23.67848,86.39183,325.03,0.39,0.36,2026-01-17,1951,N20,VIIRS,n,2,286.73,1.98,N,2
23.67876,90.39042,301.88,0.44,0.39,2026-01-17,1951,N20,VIIRS,n,2,286.19,0.86,N,0
23.68123,86.39625,323.57,0.39,0.36,2026-01-17,1951,N20,VIIRS,n,2,295.33,2.26,N,2
23.68131,86.08197,298.55,0.4,0.37,2026-01-17,1951,N20,VIIRS,n,2,286.01,2.44,N,2
23.68238,86.38862,318.87,0.39,0.36,2026-01-17,1951,N20,VIIRS,n,2,285.91,1.33,N,2
23.68292,86.09412,324.14,0.4,0.37,2026-01-17,1951,N20,VIIRS,n,2,287.43,2.9,N,2
23.68453,87.12837,304.18,0.38,0.36,2026-01-17,1951,N20,VIIRS,n,2,286.85,0.91,N,0
23.68455,86.39685,309.37,0.39,0.36,2026-01-17,1951,N20,VIIRS,n,2,286.71,2.26,N,2
23.68465,86.08255,331.65,0.4,0.37,2026-01-17,1951,N20,VIIRS,n,2,285.69,2.44,N,2
23.68513,86.39304,328.36,0.39,0.36,2026-01-17,1951,N20,VIIRS,n,2,292.84,2.26,N,2
23.6857,86.38921,298.85,0.39,0.36,2026-01-17,1951,N20,VIIRS,n,2,286.95,1.33,N,2
23.6857,87.12089,309.43,0.38,0.36,2026-01-17,1951,N20,VIIRS,n,2,289.29,1.54,N,2
23.68899,87.1215,313.64,0.38,0.36,2026-01-17,1951,N20,VIIRS,n,2,288.85,1.54,N,2
23.68903,86.3898,310.81,0.39,0.36,2026-01-17,1951,N20,VIIRS,n,2,292.69,2.23,N,2
23.68919,87.09843,310.52,0.38,0.36,2026-01-17,1951,N20,VIIRS,n,2,290.21,2.25,N,2
23.69229,87.1221,320.29,0.38,0.36,2026-01-17,1951,N20,VIIRS,n,2,290.49,2.97,N,2
23.69307,86.08748,297.57,0.4,0.37,2026-01-17,1951,N20,VIIRS,n,2,285.1,1.26,N,0
23.69345,87.11462,308.15,0.38,0.36,2026-01-17,1951,N20,VIIRS,n,2,287,1.95,N,2
23.69403,87.11087,299.88,0.38,0.36,2026-01-17,1951,N20,VIIRS,n,2,286.07,0.79,N,2
23.69462,87.10712,305.41,0.38,0.36,2026-01-17,1951,N20,VIIRS,n,2,287.22,0.79,N,2
23.69602,85.36636,302.18,0.41,0.37,2026-01-17,1951,N20,VIIRS,n,2,283.16,0.9,N,0
23.69677,85.28921,300.49,0.41,0.37,2026-01-17,1951,N20,VIIRS,n,2,285.14,1.58,N,2
23.70147,90.52922,303.76,0.45,0.39,2026-01-17,1951,N20,VIIRS,n,2,288.71,0.51,N,2
23.70538,86.07378,312.45,0.4,0.37,2026-01-17,1951,N20,VIIRS,n,2,284.19,1.25,N,2
23.70595,86.06992,302.26,0.4,0.37,2026-01-17,1951,N20,VIIRS,n,2,281.35,1.03,N,2
23.70842,85.4262,299.69,0.41,0.37,2026-01-17,1951,N20,VIIRS,n,2,282.98,0.85,N,0
23.71087,86.44849,323.72,0.39,0.36,2026-01-17,1951,N20,VIIRS,n,2,292.33,2.72,N,2
23.71092,85.28622,302.66,0.42,0.37,2026-01-17,1951,N20,VIIRS,n,2,283.47,0.63,N,0
23.71361,86.4529,322.72,0.39,0.36,2026-01-17,1951,N20,VIIRS,n,2,288.93,2.18,N,2
23.71419,86.44909,317.68,0.39,0.36,2026-01-17,1951,N20,VIIRS,n,2,289.64,2.81,N,2
23.71491,86.42184,307.79,0.39,0.36,2026-01-17,1951,N20,VIIRS,n,2,288.62,1.58,N,0
23.71708,86.43004,301.46,0.39,0.36,2026-01-17,1951,N20,VIIRS,n,2,287.22,0.53,N,0
23.71765,86.42624,301.86,0.39,0.36,2026-01-17,1951,N20,VIIRS,n,2,286.63,0.62,N,0
23.71823,86.42243,305.13,0.39,0.36,2026-01-17,1951,N20,VIIRS,n,2,287.5,0.62,N,0
23.71867,86.44207,308.16,0.39,0.36,2026-01-17,1951,N20,VIIRS,n,2,290.04,1.43,N,2
23.71961,85.00864,307.93,0.42,0.38,2026-01-17,1951,N20,VIIRS,n,2,281.86,0.89,N,2
23.72256,86.43886,305.22,0.39,0.36,2026-01-17,1951,N20,VIIRS,n,2,290.08,1.41,N,2
23.72589,86.43945,310.84,0.39,0.36,2026-01-17,1951,N20,VIIRS,n,2,290.91,1.41,N,2
23.73311,86.43683,304.72,0.39,0.36,2026-01-17,1951,N20,VIIRS,n,2,292.44,1.16,N,2
23.737,86.43362,321.48,0.39,0.36,2026-01-17,1951,N20,VIIRS,n,2,292.76,2.02,N,2
23.73746,85.00745,306.1,0.42,0.38,2026-01-17,1951,N20,VIIRS,n,2,283.16,1.57,N,2
23.73758,86.42982,306.2,0.39,0.36,2026-01-17,1951,N20,VIIRS,n,2,289.01,1.05,N,2
23.73975,85.00632,301.02,0.42,0.38,2026-01-17,1951,N20,VIIRS,n,2,284.39,0.84,N,2
23.74033,86.43421,307.86,0.39,0.36,2026-01-17,1951,N20,VIIRS,n,2,290.25,2.02,N,2
23.74206,86.42279,296.5,0.39,0.36,2026-01-17,1951,N20,VIIRS,n,2,286.21,0.48,N,2
23.74562,85.50635,315.4,0.41,0.37,2026-01-17,1951,N20,VIIRS,n,2,285.46,1.67,N,2
23.75268,86.41609,316.05,0.39,0.36,2026-01-17,1951,N20,VIIRS,n,2,290.62,1.85,N,2
23.75276,86.39729,307.1,0.39,0.36,2026-01-17,1951,N20,VIIRS,n,2,285.59,0.85,N,2
23.75772,86.40524,311.61,0.39,0.36,2026-01-17,1951,N20,VIIRS,n,2,288.46,1.42,N,2
23.75811,85.85577,300.28,0.4,0.37,2026-01-17,1951,N20,VIIRS,n,2,289.42,1.82,N,2
23.75829,86.40142,313.65,0.39,0.36,2026-01-17,1951,N20,VIIRS,n,2,289.55,1.63,N,2
23.75869,85.85185,315.87,0.4,0.37,2026-01-17,1951,N20,VIIRS,n,2,287.28,1.82,N,2
23.75886,86.3976,306.57,0.39,0.36,2026-01-17,1951,N20,VIIRS,n,2,289.61,1.63,N,2
23.75919,85.87193,307.2,0.4,0.37,2026-01-17,1951,N20,VIIRS,n,2,288.26,1.88,N,0
23.76091,85.86024,301.84,0.4,0.37,2026-01-17,1951,N20,VIIRS,n,2,286.08,1.09,N,2
23.76161,86.40202,315.95,0.39,0.36,2026-01-17,1951,N20,VIIRS,n,2,289.93,1.97,N,2
23.76218,86.3982,306.93,0.39,0.36,2026-01-17,1951,N20,VIIRS,n,2,289.58,1.97,N,2
23.76436,86.40643,302.12,0.39,0.36,2026-01-17,1951,N20,VIIRS,n,2,289.96,1.03,N,2
23.76494,86.40261,328.67,0.39,0.36,2026-01-17,1951,N20,VIIRS,n,2,292.66,1.97,N,2
23.76505,86.37911,309.3,0.39,0.36,2026-01-17,1951,N20,VIIRS,n,2,291.46,1.61,N,0
23.76562,86.3753,311.13,0.39,0.36,2026-01-17,1951,N20,VIIRS,n,2,289.76,1.61,N,2
23.76619,86.37148,305.58,0.39,0.36,2026-01-17,1951,N20,VIIRS,n,2,287.46,1.02,N,2
23.76665,86.39116,308.43,0.39,0.36,2026-01-17,1951,N20,VIIRS,n,2,294.8,2.83,N,2
23.76826,86.40321,340.97,0.39,0.36,2026-01-17,1951,N20,VIIRS,n,2,291.96,2.28,N,2
23.76883,86.39938,306,0.39,0.36,2026-01-17,1951,N20,VIIRS,n,2,291.71,2.28,N,2
23.76951,86.37208,302.63,0.39,0.36,2026-01-17,1951,N20,VIIRS,n,2,289.39,1.02,N,2
23.77055,86.38795,299.03,0.39,0.36,2026-01-17,1951,N20,VIIRS,n,2,288.86,1.07,N,2
23.77159,85.99799,295.37,0.4,0.37,2026-01-17,1951,N20,VIIRS,n,2,283.95,0.56,N,0
23.77168,86.20412,301.4,0.39,0.37,2026-01-17,1951,N20,VIIRS,n,2,285.2,1.42,N,2
23.77226,86.20027,298.76,0.39,0.37,2026-01-17,1951,N20,VIIRS,n,2,287.23,1.12,N,2
23.77284,86.19644,308.69,0.39,0.37,2026-01-17,1951,N20,VIIRS,n,2,287.13,1.12,N,2
23.77399,86.36502,315.31,0.39,0.36,2026-01-17,1951,N20,VIIRS,n,2,289.92,2.87,N,2
23.77434,86.40823,305,0.39,0.36,2026-01-17,1951,N20,VIIRS,n,2,287.63,0.86,N,2
23.77445,86.38472,305.96,0.39,0.36,2026-01-17,1951,N20,VIIRS,n,2,289.82,1.07,N,2
23.77456,86.36119,330.25,0.39,0.36,2026-01-17,1951,N20,VIIRS,n,2,289.4,2.87,N,2
23.7772,86.38914,322.4,0.39,0.36,2026-01-17,1951,N20,VIIRS,n,2,291.91,2.84,N,2
23.77777,86.20917,310.93,0.39,0.36,2026-01-17,1951,N20,VIIRS,n,2,291.21,2.51,N,2
23.77777,86.38532,305.08,0.39,0.36,2026-01-17,1951,N20,VIIRS,n,2,286.87,2.84,N,2
23.77835,86.20532,311.96,0.39,0.37,2026-01-17,1951,N20,VIIRS,n,2,295.03,2.51,N,2
23.7795,86.37386,298.43,0.39,0.36,2026-01-17,1951,N20,VIIRS,n,2,287.93,0.8,N,2
23.78007,86.37003,307.68,0.39,0.36,2026-01-17,1951,N20,VIIRS,n,2,287.67,0.8,N,2
23.78018,86.34649,309.12,0.39,0.36,2026-01-17,1951,N20,VIIRS,n,2,290.51,1.09,N,2
23.78053,86.38973,349.22,0.39,0.36,2026-01-17,1951,N20,VIIRS,n,2,296.71,2.84,N,2
23.78111,86.20976,334.37,0.39,0.36,2026-01-17,1951,N20,VIIRS,n,2,292.84,2.51,N,2
23.78282,86.37445,301.43,0.39,0.36,2026-01-17,1951,N20,VIIRS,n,2,287.04,0.8,N,2
23.78304,85.56506,300.92,0.41,0.37,2026-01-17,1951,N20,VIIRS,n,2,285.12,0.82,N,0
23.78328,86.39415,301.74,0.39,0.36,2026-01-17,1951,N20,VIIRS,n,2,288.54,0.52,N,2
23.78352,86.20932,302.21,0.39,0.37,2026-01-17,1951,N20,VIIRS,n,2,289.15,0.81,N,2
23.78385,86.39034,298.71,0.39,0.36,2026-01-17,1951,N20,VIIRS,n,2,286.05,0.56,N,2
23.78529,85.57359,302.29,0.41,0.37,2026-01-17,1951,N20,VIIRS,n,2,287.46,1.79,N,0
23.79005,86.37182,296.79,0.39,0.36,2026-01-17,1951,N20,VIIRS,n,2,286.71,0.58,N,2
23.79292,86.35269,311.82,0.39,0.36,2026-01-17,1951,N20,VIIRS,n,2,293.92,1.96,N,2
23.79401,86.2309,295.2,0.39,0.36,2026-01-17,1951,N20,VIIRS,n,2,282.75,1.06,N,2
23.79624,86.35329,314.1,0.39,0.36,2026-01-17,1951,N20,VIIRS,n,2,289.66,1.79,N,2
23.79682,86.34946,306.79,0.39,0.36,2026-01-17,1951,N20,VIIRS,n,2,290.49,1.79,N,2
23.79865,86.31441,297.94,0.39,0.36,2026-01-17,1951,N20,VIIRS,n,2,286.96,0.63,N,0
23.80014,86.35007,328.5,0.39,0.36,2026-01-17,1951,N20,VIIRS,n,2,291.41,1.79,N,2
23.80072,86.34624,301.19,0.39,0.36,2026-01-17,1951,N20,VIIRS,n,2,291.14,1.79,N,2
23.80301,86.33094,321.61,0.39,0.36,2026-01-17,1951,N20,VIIRS,n,2,292.89,2.06,N,2
23.80359,86.32711,316.54,0.39,0.36,2026-01-17,1951,N20,VIIRS,n,2,292.97,2.06,N,2
23.80634,86.33154,306.62,0.39,0.36,2026-01-17,1951,N20,VIIRS,n,2,288.95,1.08,N,2
23.80692,86.3277,313.28,0.39,0.36,2026-01-17,1951,N20,VIIRS,n,2,289.85,1.08,N,2
23.8087,84.84301,306.82,0.43,0.38,2026-01-17,1951,N20,VIIRS,n,2,282.11,1.63,N,2
23.82113,85.49397,299.56,0.41,0.37,2026-01-17,1951,N20,VIIRS,n,2,287.66,0.82,N,2
23.82395,85.49855,310.43,0.41,0.37,2026-01-17,1951,N20,VIIRS,n,2,290.59,1.66,N,2
23.82453,85.49456,299.7,0.41,0.37,2026-01-17,1951,N20,VIIRS,n,2,286.64,0.82,N,2
23.82574,85.46196,297.8,0.41,0.37,2026-01-17,1951,N20,VIIRS,n,2,281.79,0.46,N,2
23.82735,85.49915,302.72,0.41,0.37,2026-01-17,1951,N20,VIIRS,n,2,288.18,1.31,N,2
23.8284,84.57184,331,0.44,0.38,2026-01-17,1951,N20,VIIRS,n,2,287.76,2.43,N,0
23.83191,84.57243,296.23,0.44,0.38,2026-01-17,1951,N20,VIIRS,n,2,282.34,2.43,N,0
23.83878,85.46831,299.99,0.41,0.37,2026-01-17,1951,N20,VIIRS,n,2,288.75,0.85,N,2
23.84026,84.94678,295.95,0.43,0.38,2026-01-17,1951,N20,VIIRS,n,2,281.6,0.64,N,2
23.92676,85.34217,295.99,0.41,0.37,2026-01-17,1951,N20,VIIRS,n,2,281.6,0.48,N,2
23.99105,79.39304,300.3,0.57,0.52,2026-01-17,1951,N20,VIIRS,n,2,287.76,1.27,N,2
23.99159,79.38816,300.2,0.57,0.52,2026-01-17,1951,N20,VIIRS,n,2,285.73,1.76,N,0
24.01203,80.52763,295.9,0.48,0.48,2026-01-17,1951,N20,VIIRS,n,2,285.12,0.65,N,2
24.11666,86.86166,298.18,0.39,0.36,2026-01-17,1951,N20,VIIRS,n,2,287.57,0.78,N,2
24.11724,86.85788,299.36,0.39,0.36,2026-01-17,1951,N20,VIIRS,n,2,286.85,0.78,N,2
24.11876,86.35341,295.36,0.39,0.36,2026-01-17,1951,N20,VIIRS,n,2,283.47,0.52,N,2
24.11934,86.34957,297.07,0.39,0.36,2026-01-17,1951,N20,VIIRS,n,2,283.17,0.52,N,2
24.12056,86.85777,295.98,0.39,0.36,2026-01-17,1951,N20,VIIRS,n,2,284.96,0.61,N,2
24.14064,82.63139,317.5,0.55,0.43,2026-01-17,1951,N20,VIIRS,n,2,284.48,2.44,N,2
24.14387,82.63731,319.95,0.55,0.43,2026-01-17,1951,N20,VIIRS,n,2,285.93,2.35,N,2
24.14453,82.63205,300.93,0.55,0.43,2026-01-17,1951,N20,VIIRS,n,2,285.86,1.42,N,2
24.16494,82.6899,299.95,0.54,0.42,2026-01-17,1951,N20,VIIRS,n,2,284.81,0.98,N,0
24.16611,82.68659,302.55,0.55,0.42,2026-01-17,1951,N20,VIIRS,n,2,284.59,1.04,N,0
24.17851,82.6501,297.04,0.55,0.43,2026-01-17,1951,N20,VIIRS,n,2,285.62,0.88,N,0
24.185,82.66197,304.99,0.55,0.42,2026-01-17,1951,N20,VIIRS,n,2,284.51,1.59,N,0
24.1956,82.5756,302.48,0.55,0.43,2026-01-17,1951,N20,VIIRS,n,2,284.56,0.93,N,2
24.2056,82.71968,298.31,0.54,0.42,2026-01-17,1951,N20,VIIRS,n,2,286.07,1.01,N,0
24.20696,82.70879,295.71,0.54,0.42,2026-01-17,1951,N20,VIIRS,n,2,285.52,1.9,N,2
24.20829,82.6982,296.5,0.54,0.42,2026-01-17,1951,N20,VIIRS,n,2,285.52,1.03,N,0
24.32575,81.32499,296.26,0.44,0.46,2026-01-17,1951,N20,VIIRS,n,2,283.95,0.53,N,2
24.3259,81.32624,298.51,0.44,0.46,2026-01-17,1951,N20,VIIRS,n,2,285.38,0.87,N,2
24.47845,90.23491,309.23,0.43,0.38,2026-01-17,1951,N20,VIIRS,n,2,287.41,0.64,N,0
24.66098,74.63117,300.34,0.58,0.7,2026-01-17,1951,N20,VIIRS,n,2,288.48,1.81,N,2
24.67108,83.98765,296.2,0.47,0.4,2026-01-17,1951,N20,VIIRS,n,2,284.03,0.83,N,2
24.71721,75.95027,299.96,0.48,0.65,2026-01-17,1951,N20,VIIRS,n,2,287.48,0.98,N,2
24.91125,91.82812,299.34,0.49,0.41,2026-01-17,1951,N20,VIIRS,n,2,288.43,0.75,N,0
24.92428,84.15584,300.02,0.47,0.4,2026-01-17,1951,N20,VIIRS,n,2,281.64,0.83,N,2
25.03299,87.37797,297.17,0.39,0.36,2026-01-17,1951,N20,VIIRS,n,2,286.26,0.68,N,0
25.03357,87.37418,302.75,0.39,0.36,2026-01-17,1951,N20,VIIRS,n,2,285.64,1.83,N,0
25.03416,87.3704,335.93,0.39,0.36,2026-01-17,1951,N20,VIIRS,n,2,290.3,1.83,N,0
25.1887,84.4077,295.08,0.46,0.39,2026-01-17,1951,N20,VIIRS,n,2,281.36,0.37,N,0
25.3107,83.01065,301.87,0.54,0.42,2026-01-17,1951,N20,VIIRS,n,2,285.87,0.9,N,0
26.27092,74.18468,301.16,0.64,0.72,2026-01-17,1951,N20,VIIRS,n,2,287.92,2.1,N,2
26.64333,79.47497,302.28,0.6,0.53,2026-01-17,1951,N20,VIIRS,n,2,281.85,1.3,N,2
18.33719,95.01766,299.41,0.33,0.56,2026-01-17,1952,N20,VIIRS,n,2,288.42,0.34,N,0
18.65616,95.71305,301.41,0.37,0.58,2026-01-17,1952,N20,VIIRS,n,2,288.22,0.61,N,0
19.33347,83.42678,300.95,0.45,0.39,2026-01-17,1952,N20,VIIRS,n,2,282.68,0.89,N,0
19.78694,79.14716,303.65,0.52,0.5,2026-01-17,1952,N20,VIIRS,n,2,291.46,1.17,N,2
19.78752,79.0601,297.39,0.53,0.5,2026-01-17,1952,N20,VIIRS,n,2,283.79,0.87,N,0
19.88516,95.05389,303.89,0.63,0.54,2026-01-17,1952,N20,VIIRS,n,2,288.43,1.55,N,0
19.88853,95.05283,304.58,0.63,0.54,2026-01-17,1952,N20,VIIRS,n,2,287.95,0.83,N,0
19.92167,79.11097,304.27,0.53,0.5,2026-01-17,1952,N20,VIIRS,n,2,290.71,1.63,N,2
20.09666,96.87527,305.11,0.41,0.6,2026-01-17,1952,N20,VIIRS,n,2,283.55,0.91,N,0
20.13097,79.11179,300.61,0.53,0.5,2026-01-17,1952,N20,VIIRS,n,2,287.15,1.1,N,0
20.24526,86.59789,305.66,0.38,0.36,2026-01-17,1952,N20,VIIRS,n,2,295.3,1.64,N,2
20.44385,82.99965,309.22,0.48,0.4,2026-01-17,1952,N20,VIIRS,n,2,285.31,0.88,N,0
20.44433,82.99699,306.98,0.48,0.4,2026-01-17,1952,N20,VIIRS,n,2,283.95,0.92,N,0
20.5349,85.96011,297.52,0.39,0.36,2026-01-17,1952,N20,VIIRS,n,2,284.97,0.48,N,0
20.56898,85.73811,297.96,0.39,0.36,2026-01-17,1952,N20,VIIRS,n,2,287.07,0.5,N,0
20.7616,85.29685,329.25,0.4,0.37,2026-01-17,1952,N20,VIIRS,n,2,294.59,3.83,N,2
20.76217,85.29305,318.13,0.4,0.37,2026-01-17,1952,N20,VIIRS,n,2,292.39,2.09,N,2
20.78331,85.25726,297.6,0.4,0.37,2026-01-17,1952,N20,VIIRS,n,2,286.77,0.73,N,2
20.78554,85.26544,326.72,0.4,0.37,2026-01-17,1952,N20,VIIRS,n,2,290.07,2.07,N,2
20.7861,85.26163,313.23,0.4,0.37,2026-01-17,1952,N20,VIIRS,n,2,291.7,2.07,N,2
20.78666,85.25783,301.02,0.4,0.37,2026-01-17,1952,N20,VIIRS,n,2,289.75,0.73,N,2
20.78889,85.26601,300.49,0.4,0.37,2026-01-17,1952,N20,VIIRS,n,2,288.13,1.39,N,2
20.79002,85.2584,308.52,0.4,0.37,2026-01-17,1952,N20,VIIRS,n,2,289.5,2.3,N,2
20.79115,85.25079,302.44,0.4,0.37,2026-01-17,1952,N20,VIIRS,n,2,287.06,2.88,N,0
20.79338,85.25898,309.36,0.4,0.37,2026-01-17,1952,N20,VIIRS,n,2,290.31,2.3,N,2
20.79394,85.25518,324.3,0.4,0.37,2026-01-17,1952,N20,VIIRS,n,2,289.9,2.3,N,2
20.7945,85.25137,328.81,0.4,0.37,2026-01-17,1952,N20,VIIRS,n,2,288.89,2.88,N,2
20.79673,85.25955,299.79,0.4,0.37,2026-01-17,1952,N20,VIIRS,n,2,288.16,0.81,N,2
20.80009,85.26012,308.63,0.4,0.37,2026-01-17,1952,N20,VIIRS,n,2,288.69,0.81,N,2
20.80066,85.25631,298.82,0.4,0.37,2026-01-17,1952,N20,VIIRS,n,2,286.7,0.81,N,2
20.80401,85.25687,312.54,0.4,0.37,2026-01-17,1952,N20,VIIRS,n,2,290.06,2.19,N,2
20.80737,85.25742,328.75,0.4,0.37,2026-01-17,1952,N20,VIIRS,n,2,293.72,2.19,N,2
20.80794,85.25362,302.8,0.4,0.37,2026-01-17,1952,N20,VIIRS,n,2,289.8,1.54,N,2
20.82981,86.96381,326.02,0.38,0.36,2026-01-17,1952,N20,VIIRS,n,2,291.47,1.65,N,0
20.83698,86.96133,312.66,0.38,0.36,2026-01-17,1952,N20,VIIRS,n,2,289.29,1.04,N,0
20.86337,84.99557,303.69,0.4,0.37,2026-01-17,1952,N20,VIIRS,n,2,287.41,1.63,N,2
20.8639,85.01546,296.88,0.4,0.37,2026-01-17,1952,N20,VIIRS,n,2,284.95,0.49,N,0
20.86394,84.99172,303.28,0.4,0.37,2026-01-17,1952,N20,VIIRS,n,2,290.33,1.63,N,2
20.8645,84.98788,307.28,0.4,0.37,2026-01-17,1952,N20,VIIRS,n,2,289.23,1.02,N,2
20.86675,84.99615,324.82,0.4,0.37,2026-01-17,1952,N20,VIIRS,n,2,290.41,1.63,N,2
20.86788,84.98846,310.6,0.4,0.37,2026-01-17,1952,N20,VIIRS,n,2,291.32,1.02,N,2
20.87013,84.99671,304.14,0.4,0.37,2026-01-17,1952,N20,VIIRS,n,2,291.56,3.14,N,2
20.8707,84.99286,341.15,0.4,0.37,2026-01-17,1952,N20,VIIRS,n,2,291.78,3.14,N,2
20.88595,84.9835,304.83,0.41,0.37,2026-01-17,1952,N20,VIIRS,n,2,290.75,1.63,N,2
20.88652,84.97963,311.38,0.41,0.37,2026-01-17,1952,N20,VIIRS,n,2,289.75,1.63,N,2
20.88991,84.98018,325.5,0.41,0.37,2026-01-17,1952,N20,VIIRS,n,2,288.3,1.63,N,2
20.92338,86.04089,310.46,0.39,0.36,2026-01-17,1952,N20,VIIRS,n,2,289.14,1.19,N,2
20.9404,86.06284,300.4,0.39,0.36,2026-01-17,1952,N20,VIIRS,n,2,288.23,0.76,N,2
20.94097,86.05914,302.7,0.39,0.36,2026-01-17,1952,N20,VIIRS,n,2,290.26,0.99,N,2
20.9526,86.04979,322.71,0.39,0.36,2026-01-17,1952,N20,VIIRS,n,2,291.67,2.18,N,2
20.95317,86.0461,300.25,0.39,0.36,2026-01-17,1952,N20,VIIRS,n,2,288.37,1.29,N,2
20.95523,85.01397,304.88,0.4,0.37,2026-01-17,1952,N20,VIIRS,n,2,287.79,1,N,2
20.95671,85.14463,301.19,0.4,0.37,2026-01-17,1952,N20,VIIRS,n,2,287.29,0.58,N,0
20.95918,85.01065,298.1,0.4,0.37,2026-01-17,1952,N20,VIIRS,n,2,287.57,1.57,N,2
20.96112,85.18473,308.35,0.4,0.37,2026-01-17,1952,N20,VIIRS,n,2,294.11,2.18,N,2
20.96217,86.00966,304.58,0.39,0.36,2026-01-17,1952,N20,VIIRS,n,2,289.01,1.69,N,2
20.96226,85.17707,309.29,0.4,0.37,2026-01-17,1952,N20,VIIRS,n,2,292.59,2.23,N,2
20.96274,86.00596,326.01,0.39,0.36,2026-01-17,1952,N20,VIIRS,n,2,288.89,1.69,N,2
20.96283,85.17323,326.13,0.4,0.37,2026-01-17,1952,N20,VIIRS,n,2,292.46,2.23,N,2
20.9634,85.1694,317.91,0.4,0.37,2026-01-17,1952,N20,VIIRS,n,2,292.4,1.5,N,2
20.96392,85.18913,340.8,0.4,0.37,2026-01-17,1952,N20,VIIRS,n,2,297.08,5.31,N,2
20.96397,85.16555,305.72,0.4,0.37,2026-01-17,1952,N20,VIIRS,n,2,292.08,1.5,N,2
20.96449,85.1853,304.34,0.4,0.37,2026-01-17,1952,N20,VIIRS,n,2,290.66,1.04,N,2
20.96454,85.16171,300.83,0.4,0.37,2026-01-17,1952,N20,VIIRS,n,2,289.87,0.72,N,2
20.96481,85.01952,312.19,0.4,0.37,2026-01-17,1952,N20,VIIRS,n,2,288.73,1.72,N,0
20.96506,85.18147,300.17,0.4,0.37,2026-01-17,1952,N20,VIIRS,n,2,290.16,1.04,N,2
20.9664,86.04839,301.26,0.39,0.36,2026-01-17,1952,N20,VIIRS,n,2,288.53,0.84,N,2
20.96662,86.00283,303.86,0.39,0.36,2026-01-17,1952,N20,VIIRS,n,2,291.31,1.07,N,2
20.96677,85.16995,313.46,0.4,0.37,2026-01-17,1952,N20,VIIRS,n,2,290.52,1.98,N,2
20.96697,85.07535,323.22,0.4,0.37,2026-01-17,1952,N20,VIIRS,n,2,290.73,2.26,N,0
20.96879,86.01081,302.11,0.39,0.36,2026-01-17,1952,N20,VIIRS,n,2,291.37,1.76,N,2
20.96899,85.1782,308.21,0.4,0.37,2026-01-17,1952,N20,VIIRS,n,2,288.83,3.42,N,2
20.96906,85.15458,324.86,0.4,0.37,2026-01-17,1952,N20,VIIRS,n,2,290.3,2.59,N,2
20.96956,85.17435,345.68,0.4,0.37,2026-01-17,1952,N20,VIIRS,n,2,294.29,3.42,N,2
20.97014,85.17051,317.55,0.4,0.37,2026-01-17,1952,N20,VIIRS,n,2,290.51,1.98,N,2
20.97139,85.11556,297.99,0.4,0.37,2026-01-17,1952,N20,VIIRS,n,2,287.55,0.76,N,0
20.97294,85.17492,329.89,0.4,0.37,2026-01-17,1952,N20,VIIRS,n,2,292.57,1.88,N,2
20.97324,86.00398,302.64,0.39,0.36,2026-01-17,1952,N20,VIIRS,n,2,290.51,1.64,N,2
20.97362,85.12383,302.51,0.4,0.37,2026-01-17,1952,N20,VIIRS,n,2,289.33,0.74,N,2
20.9763,85.17548,303.48,0.4,0.37,2026-01-17,1952,N20,VIIRS,n,2,286.98,1.88,N,2
20.97655,86.00455,309.1,0.39,0.36,2026-01-17,1952,N20,VIIRS,n,2,287.2,0.62,N,2
20.97688,85.17163,306.47,0.4,0.37,2026-01-17,1952,N20,VIIRS,n,2,290.43,2.06,N,2
20.9798,85.1288,298.09,0.4,0.37,2026-01-17,1952,N20,VIIRS,n,2,287.86,1.51,N,2
20.9952,86.01488,305.29,0.39,0.36,2026-01-17,1952,N20,VIIRS,n,2,286.09,0.89,N,2
20.99577,86.01118,311.88,0.39,0.36,2026-01-17,1952,N20,VIIRS,n,2,285.59,0.89,N,2
20.99851,86.01546,302.7,0.39,0.36,2026-01-17,1952,N20,VIIRS,n,2,287.87,0.89,N,2
20.99908,86.01175,305.15,0.39,0.36,2026-01-17,1952,N20,VIIRS,n,2,287.52,0.89,N,2
21.00013,86.02714,299.5,0.39,0.36,2026-01-17,1952,N20,VIIRS,n,2,287.8,0.69,N,2
21.00069,86.02344,297.92,0.39,0.36,2026-01-17,1952,N20,VIIRS,n,2,285.45,0.69,N,2
21.07379,85.04053,310.31,0.4,0.37,2026-01-17,1952,N20,VIIRS,n,2,288.72,1.11,N,2
21.07718,85.04109,300.72,0.4,0.37,2026-01-17,1952,N20,VIIRS,n,2,287.89,1.11,N,2
21.07775,85.03721,314.25,0.4,0.37,2026-01-17,1952,N20,VIIRS,n,2,293.54,1.98,N,2
21.07832,85.03333,308.6,0.41,0.37,2026-01-17,1952,N20,VIIRS,n,2,291.84,1.98,N,2
21.08056,85.04166,299.04,0.4,0.37,2026-01-17,1952,N20,VIIRS,n,2,287.82,0.68,N,2
21.08113,85.03777,315.51,0.4,0.37,2026-01-17,1952,N20,VIIRS,n,2,290.83,1.3,N,2
21.0817,85.03391,302.02,0.41,0.37,2026-01-17,1952,N20,VIIRS,n,2,289.62,1.3,N,2
21.10287,72.64123,300.19,0.72,0.75,2026-01-17,1952,N20,VIIRS,n,2,289.81,3.2,N,2
21.10337,72.63417,317.7,0.72,0.75,2026-01-17,1952,N20,VIIRS,n,2,291.04,3.2,N,2
21.10387,72.62704,321.6,0.72,0.76,2026-01-17,1952,N20,VIIRS,n,2,290,6.52,N,0
21.10419,72.6405,347.21,0.72,0.75,2026-01-17,1952,N20,VIIRS,n,2,290.9,6.96,N,2
21.10473,72.63345,328.4,0.72,0.75,2026-01-17,1952,N20,VIIRS,n,2,291.37,7.01,N,2
21.10528,72.62632,308.66,0.72,0.75,2026-01-17,1952,N20,VIIRS,n,2,289.88,7.01,N,0
21.10987,72.64188,346.52,0.72,0.75,2026-01-17,1952,N20,VIIRS,n,2,292.89,5.71,N,2
21.11037,72.63485,301.39,0.72,0.75,2026-01-17,1952,N20,VIIRS,n,2,291.26,5.71,N,2
21.11087,72.62775,301.07,0.72,0.76,2026-01-17,1952,N20,VIIRS,n,2,290.52,1.72,N,0
21.11118,72.64113,309.98,0.72,0.75,2026-01-17,1952,N20,VIIRS,n,2,291.3,6.96,N,2
21.18341,81.38524,310.92,0.4,0.44,2026-01-17,1952,N20,VIIRS,n,2,293.67,2,N,3
21.18697,81.38963,313.24,0.4,0.44,2026-01-17,1952,N20,VIIRS,n,2,294.62,1.34,N,3
21.18908,81.2092,300.39,0.41,0.45,2026-01-17,1952,N20,VIIRS,n,2,289.11,0.81,N,2
21.19102,81.39021,308.62,0.4,0.44,2026-01-17,1952,N20,VIIRS,n,2,291.92,1.34,N,2
21.19507,81.39079,303.33,0.4,0.44,2026-01-17,1952,N20,VIIRS,n,2,292.24,2.13,N,2
21.1955,81.38987,302.84,0.4,0.44,2026-01-17,1952,N20,VIIRS,n,2,291.19,2.15,N,2
21.20268,81.39867,323.46,0.4,0.44,2026-01-17,1952,N20,VIIRS,n,2,289.9,2.27,N,0
21.21506,82.13457,297.78,0.54,0.42,2026-01-17,1952,N20,VIIRS,n,2,284.3,0.96,N,0
21.24501,79.22346,299.91,0.54,0.51,2026-01-17,1952,N20,VIIRS,n,2,289.62,1.24,N,2
21.29486,81.59184,299.01,0.39,0.44,2026-01-17,1952,N20,VIIRS,n,2,286.84,0.44,N,0
21.29748,81.60361,305.04,0.39,0.44,2026-01-17,1952,N20,VIIRS,n,2,286.21,1.24,N,0
21.30148,81.6042,298.27,0.39,0.44,2026-01-17,1952,N20,VIIRS,n,2,287.16,1.18,N,2
21.30195,81.60047,298.37,0.39,0.44,2026-01-17,1952,N20,VIIRS,n,2,283.22,0.28,N,0
21.31135,81.59043,304.21,0.39,0.44,2026-01-17,1952,N20,VIIRS,n,2,288.74,0.92,N,2
21.32524,81.57726,299.09,0.39,0.44,2026-01-17,1952,N20,VIIRS,n,2,287.37,0.81,N,0
21.3278,74.08563,303.08,0.58,0.7,2026-01-17,1952,N20,VIIRS,n,2,286.27,1.81,N,0
21.32829,74.07989,301.91,0.58,0.7,2026-01-17,1952,N20,VIIRS,n,2,285.96,1.74,N,0
21.32888,74.08032,310.88,0.58,0.7,2026-01-17,1952,N20,VIIRS,n,2,286.21,2.54,N,0
21.34598,81.67104,297.96,0.38,0.43,2026-01-17,1952,N20,VIIRS,n,2,286.96,0.75,N,0
21.34692,81.66367,333.37,0.38,0.43,2026-01-17,1952,N20,VIIRS,n,2,287.58,3.49,N,2
21.35091,81.66426,329.93,0.38,0.43,2026-01-17,1952,N20,VIIRS,n,2,288.47,3.17,N,2
21.36079,81.65061,297.32,0.38,0.43,2026-01-17,1952,N20,VIIRS,n,2,285.37,0.75,N,0
21.36479,81.6512,304,0.38,0.43,2026-01-17,1952,N20,VIIRS,n,2,289.76,0.75,N,2
21.36544,81.67772,305.55,0.38,0.43,2026-01-17,1952,N20,VIIRS,n,2,286.17,1.19,N,2
21.36574,81.64378,297.87,0.38,0.44,2026-01-17,1952,N20,VIIRS,n,2,283.83,1.22,N,0
21.37282,81.68346,298.23,0.57,0.43,2026-01-17,1952,N20,VIIRS,n,2,286.58,1.21,N,2
21.37545,81.67845,296.2,0.38,0.43,2026-01-17,1952,N20,VIIRS,n,2,282.92,0.51,N,2
21.37741,81.67942,305.67,0.38,0.43,2026-01-17,1952,N20,VIIRS,n,2,284.27,1.16,N,2
21.37821,81.64181,303.91,0.38,0.44,2026-01-17,1952,N20,VIIRS,n,2,288.01,1.14,N,2
21.37944,81.67902,298.25,0.38,0.43,2026-01-17,1952,N20,VIIRS,n,2,278.89,0.51,N,2
21.48813,81.76975,309.75,0.57,0.43,2026-01-17,1952,N20,VIIRS,n,2,289.1,1.61,N,2
21.49706,86.65857,296.94,0.38,0.36,2026-01-17,1952,N20,VIIRS,n,2,283.15,0.45,N,0
21.53078,86.83437,300.32,0.38,0.36,2026-01-17,1952,N20,VIIRS,n,2,287.7,0.67,N,2
21.53135,86.83069,301.99,0.38,0.36,2026-01-17,1952,N20,VIIRS,n,2,286.6,0.67,N,0
21.67234,84.04118,300.23,0.44,0.38,2026-01-17,1952,N20,VIIRS,n,2,287.81,1.32,N,0
21.67267,82.08064,303.61,0.55,0.43,2026-01-17,1952,N20,VIIRS,n,2,287.32,1.25,N,2
21.67999,84.03803,326.82,0.44,0.38,2026-01-17,1952,N20,VIIRS,n,2,291.35,3.91,N,2
21.68292,84.04287,301.35,0.44,0.38,2026-01-17,1952,N20,VIIRS,n,2,286.48,0.92,N,2
21.69883,84.03239,299.48,0.44,0.39,2026-01-17,1952,N20,VIIRS,n,2,286.33,0.86,N,2
21.71547,84.04203,297.99,0.44,0.39,2026-01-17,1952,N20,VIIRS,n,2,284.69,0.95,N,2
21.73489,83.97964,309.17,0.44,0.39,2026-01-17,1952,N20,VIIRS,n,2,287.21,2.03,N,2
21.73899,83.84373,297.85,0.45,0.39,2026-01-17,1952,N20,VIIRS,n,2,287.31,0.66,N,0
21.74255,83.84428,299.11,0.45,0.39,2026-01-17,1952,N20,VIIRS,n,2,287.06,0.61,N,0
21.74314,83.83996,299.37,0.45,0.39,2026-01-17,1952,N20,VIIRS,n,2,287.58,0.61,N,0
21.74669,83.81385,308.47,0.45,0.39,2026-01-17,1952,N20,VIIRS,n,2,287.49,1.88,N,0
21.75022,83.97345,309.14,0.45,0.39,2026-01-17,1952,N20,VIIRS,n,2,287.16,1.29,N,0
21.7543,84.02219,303.8,0.44,0.39,2026-01-17,1952,N20,VIIRS,n,2,289.04,1.42,N,2
21.75739,83.84218,299.43,0.45,0.39,2026-01-17,1952,N20,VIIRS,n,2,288.93,0.99,N,2
21.75783,84.02277,305.12,0.44,0.39,2026-01-17,1952,N20,VIIRS,n,2,290.73,1.42,N,2
21.76196,84.01907,307.6,0.44,0.39,2026-01-17,1952,N20,VIIRS,n,2,291.79,1.91,N,2
21.7641,85.57848,295.52,0.4,0.37,2026-01-17,1952,N20,VIIRS,n,2,283.76,0.53,N,0
21.76549,84.01964,315.26,0.44,0.39,2026-01-17,1952,N20,VIIRS,n,2,291.36,1.91,N,2
21.76808,83.81729,305.06,0.45,0.39,2026-01-17,1952,N20,VIIRS,n,2,287.24,1.52,N,2
21.76902,84.02021,302.98,0.44,0.39,2026-01-17,1952,N20,VIIRS,n,2,288.4,1.16,N,2
21.77256,84.02077,309.56,0.44,0.39,2026-01-17,1952,N20,VIIRS,n,2,287.62,1.16,N,2
21.77402,83.82713,305.32,0.45,0.39,2026-01-17,1952,N20,VIIRS,n,2,288.03,1.98,N,2
21.78055,83.8326,306.83,0.45,0.39,2026-01-17,1952,N20,VIIRS,n,2,288.39,1.52,N,2
21.79503,83.98938,302.04,0.44,0.39,2026-01-17,1952,N20,VIIRS,n,2,287.03,1.08,N,2
21.8005,84.92796,295.04,0.41,0.37,2026-01-17,1952,N20,VIIRS,n,2,284.62,0.5,N,0
21.8012,82.04141,297.61,0.55,0.43,2026-01-17,1952,N20,VIIRS,n,2,287.29,1.81,N,2
21.8041,84.92744,297.05,0.41,0.37,2026-01-17,1952,N20,VIIRS,n,2,284.06,0.59,N,0
21.8198,83.99335,304.2,0.44,0.39,2026-01-17,1952,N20,VIIRS,n,2,287.2,1.32,N,2
21.82272,83.99686,304.29,0.44,0.39,2026-01-17,1952,N20,VIIRS,n,2,287.48,1.24,N,2
21.82273,83.99822,304.38,0.44,0.39,2026-01-17,1952,N20,VIIRS,n,2,287.83,1.39,N,2
21.83198,84.92799,295.52,0.41,0.37,2026-01-17,1952,N20,VIIRS,n,2,284.4,0.54,N,0
21.83683,84.12995,296.92,0.44,0.38,2026-01-17,1952,N20,VIIRS,n,2,282.6,0.26,N,0
21.85932,83.96761,305.13,0.45,0.39,2026-01-17,1952,N20,VIIRS,n,2,288.07,1.82,N,2
21.87763,83.5548,306.73,0.46,0.39,2026-01-17,1952,N20,VIIRS,n,2,286.3,1.52,N,2
21.87849,83.49516,295.16,0.47,0.4,2026-01-17,1952,N20,VIIRS,n,2,284.99,0.57,N,2
21.87887,83.54584,301.42,0.47,0.39,2026-01-17,1952,N20,VIIRS,n,2,285.94,1.03,N,2
21.92009,83.35574,327.76,0.48,0.4,2026-01-17,1952,N20,VIIRS,n,2,288.67,3.28,N,2
21.92069,83.35116,323.54,0.48,0.4,2026-01-17,1952,N20,VIIRS,n,2,296.29,3.24,N,2
21.9213,83.34657,308.26,0.48,0.4,2026-01-17,1952,N20,VIIRS,n,2,289.66,3.24,N,2
21.92435,83.35174,316.3,0.48,0.4,2026-01-17,1952,N20,VIIRS,n,2,290.45,2.68,N,2
21.92551,85.22231,315.33,0.41,0.37,2026-01-17,1952,N20,VIIRS,n,2,287.17,1.97,N,2
21.9289,85.22289,301.8,0.41,0.37,2026-01-17,1952,N20,VIIRS,n,2,284.61,1.03,N,2
21.92947,85.219,296.32,0.41,0.37,2026-01-17,1952,N20,VIIRS,n,2,282.72,1.03,N,2
21.93933,86.80804,306.18,0.38,0.36,2026-01-17,1952,N20,VIIRS,n,2,282.12,0.54,N,0
21.96889,85.31185,303.81,0.4,0.37,2026-01-17,1952,N20,VIIRS,n,2,281.34,1.05,N,2
21.98071,83.23776,301.34,0.48,0.4,2026-01-17,1952,N20,VIIRS,n,2,288.13,1.1,N,2
21.98439,83.23834,310.07,0.48,0.4,2026-01-17,1952,N20,VIIRS,n,2,285.72,1.22,N,2
21.98502,83.23367,307.67,0.48,0.4,2026-01-17,1952,N20,VIIRS,n,2,287.93,1.22,N,2
21.9908,85.32753,296.72,0.4,0.37,2026-01-17,1952,N20,VIIRS,n,2,281.04,0.59,N,2
22.00529,82.67171,310.18,0.52,0.41,2026-01-17,1952,N20,VIIRS,n,2,288.97,1.63,N,2
22.00591,82.66945,318.69,0.52,0.41,2026-01-17,1952,N20,VIIRS,n,2,290.64,2.51,N,2
22.00594,82.66669,307.12,0.52,0.41,2026-01-17,1952,N20,VIIRS,n,2,288.62,1.63,N,2
22.01849,83.75535,310.48,0.46,0.39,2026-01-17,1952,N20,VIIRS,n,2,287.99,1.79,N,0
22.01909,83.75096,303.28,0.46,0.39,2026-01-17,1952,N20,VIIRS,n,2,287.58,1.17,N,0
22.01945,83.33862,299.31,0.48,0.4,2026-01-17,1952,N20,VIIRS,n,2,286.07,1.14,N,0
22.02673,83.36544,295.91,0.48,0.4,2026-01-17,1952,N20,VIIRS,n,2,285.49,0.62,N,0
22.03038,83.36604,304.83,0.48,0.4,2026-01-17,1952,N20,VIIRS,n,2,287.81,1.21,N,2
22.03106,83.74384,300.58,0.46,0.39,2026-01-17,1952,N20,VIIRS,n,2,286.75,1.61,N,2
22.03465,83.36202,299.95,0.48,0.4,2026-01-17,1952,N20,VIIRS,n,2,286.29,1.21,N,2
22.03526,83.35744,297.04,0.48,0.4,2026-01-17,1952,N20,VIIRS,n,2,286.27,1.03,N,2
22.03587,83.35285,297.37,0.48,0.4,2026-01-17,1952,N20,VIIRS,n,2,286.62,1.03,N,2
22.03946,83.73611,329.96,0.46,0.39,2026-01-17,1952,N20,VIIRS,n,2,291.48,4.7,N,2
22.03952,83.35345,304.79,0.48,0.4,2026-01-17,1952,N20,VIIRS,n,2,286.89,1.27,N,2
22.04007,83.73168,350.77,0.46,0.39,2026-01-17,1952,N20,VIIRS,n,2,298.62,4.7,N,2
22.04013,83.34884,312.58,0.48,0.4,2026-01-17,1952,N20,VIIRS,n,2,286.77,1.67,N,2
22.04068,83.72726,327.22,0.46,0.39,2026-01-17,1952,N20,VIIRS,n,2,288.66,3.37,N,2
22.04305,83.73666,316.62,0.46,0.39,2026-01-17,1952,N20,VIIRS,n,2,293.13,4.7,N,2
22.04366,83.73224,324.11,0.46,0.39,2026-01-17,1952,N20,VIIRS,n,2,293.95,4.7,N,2
22.04428,83.72782,327.53,0.46,0.39,2026-01-17,1952,N20,VIIRS,n,2,288.85,3.37,N,2
22.0551,85.4647,309.44,0.4,0.37,2026-01-17,1952,N20,VIIRS,n,2,285.37,1.48,N,2
22.06592,83.70409,311.27,0.46,0.39,2026-01-17,1952,N20,VIIRS,n,2,283.38,1.47,N,2
22.08585,83.11719,308.92,0.49,0.4,2026-01-17,1952,N20,VIIRS,n,2,286.55,1.35,N,0
22.08955,83.11778,306.62,0.49,0.4,2026-01-17,1952,N20,VIIRS,n,2,285.96,1.35,N,0
22.13276,85.38277,298.72,0.4,0.37,2026-01-17,1952,N20,VIIRS,n,2,282.67,0.61,N,2
22.13828,85.4155,299.5,0.4,0.37,2026-01-17,1952,N20,VIIRS,n,2,281.3,0.61,N,2
22.1678,85.43552,296.97,0.4,0.37,2026-01-17,1952,N20,VIIRS,n,2,282.8,0.58,N,2
22.20207,84.58907,295.92,0.43,0.38,2026-01-17,1952,N20,VIIRS,n,2,285.52,0.76,N,0
22.20382,84.57669,305.66,0.43,0.38,2026-01-17,1952,N20,VIIRS,n,2,285.21,0.78,N,2
22.20788,84.54789,303.57,0.43,0.38,2026-01-17,1952,N20,VIIRS,n,2,285.06,1.47,N,0
22.20794,84.86886,302.24,0.42,0.37,2026-01-17,1952,N20,VIIRS,n,2,287.01,1.09,N,2
22.20911,84.8608,311.82,0.42,0.37,2026-01-17,1952,N20,VIIRS,n,2,289.07,1,N,2
22.20969,84.85677,295.41,0.42,0.37,2026-01-17,1952,N20,VIIRS,n,2,285.27,1,N,2
22.21021,84.87748,298.09,0.42,0.37,2026-01-17,1952,N20,VIIRS,n,2,286.47,0.96,N,2
22.21196,84.8654,315.89,0.42,0.37,2026-01-17,1952,N20,VIIRS,n,2,287.81,1.83,N,2
22.21203,84.84064,300.44,0.42,0.37,2026-01-17,1952,N20,VIIRS,n,2,285.01,0.72,N,2
22.21254,84.86137,297.25,0.42,0.37,2026-01-17,1952,N20,VIIRS,n,2,287.06,0.86,N,2
22.21422,84.87402,299.74,0.42,0.37,2026-01-17,1952,N20,VIIRS,n,2,289.11,0.96,N,2
22.21481,84.86999,313.21,0.42,0.37,2026-01-17,1952,N20,VIIRS,n,2,287.26,1.83,N,2
22.21539,84.86596,321.79,0.42,0.37,2026-01-17,1952,N20,VIIRS,n,2,286.23,1.83,N,2
22.21546,84.84121,315.76,0.42,0.37,2026-01-17,1952,N20,VIIRS,n,2,286.02,1.51,N,2
22.21738,84.75459,299.18,0.42,0.38,2026-01-17,1952,N20,VIIRS,n,2,285.41,0.96,N,2
22.21765,84.87458,295.36,0.42,0.37,2026-01-17,1952,N20,VIIRS,n,2,285.04,0.83,N,2
22.22083,84.75516,296.31,0.42,0.38,2026-01-17,1952,N20,VIIRS,n,2,286.14,0.92,N,2
22.22369,84.75979,296.77,0.42,0.38,2026-01-17,1952,N20,VIIRS,n,2,284.48,0.92,N,2
22.22486,84.75166,298.35,0.42,0.38,2026-01-17,1952,N20,VIIRS,n,2,286.43,0.92,N,2
22.31037,82.52132,295.67,0.53,0.42,2026-01-17,1952,N20,VIIRS,n,2,285.12,1.76,N,0
22.31487,82.5168,303.02,0.53,0.42,2026-01-17,1952,N20,VIIRS,n,2,286.8,1.28,N,2
22.31671,82.53275,307.98,0.53,0.42,2026-01-17,1952,N20,VIIRS,n,2,290.61,1.99,N,2
22.31871,82.5174,301.44,0.53,0.42,2026-01-17,1952,N20,VIIRS,n,2,287.88,1.02,N,2
22.32152,82.58549,301.83,0.52,0.42,2026-01-17,1952,N20,VIIRS,n,2,288.22,1.4,N,0
22.32255,82.51799,299.63,0.53,0.42,2026-01-17,1952,N20,VIIRS,n,2,287.93,1.02,N,0
22.32444,82.67438,301.13,0.52,0.41,2026-01-17,1952,N20,VIIRS,n,2,287.68,1.03,N,0
22.32543,82.67367,303,0.52,0.41,2026-01-17,1952,N20,VIIRS,n,2,287.1,1.29,N,0
22.3262,82.54986,298.47,0.53,0.42,2026-01-17,1952,N20,VIIRS,n,2,288.45,1.08,N,2
22.32956,82.60297,302.41,0.52,0.42,2026-01-17,1952,N20,VIIRS,n,2,288,0.64,N,2
22.33032,82.60748,303.27,0.52,0.42,2026-01-17,1952,N20,VIIRS,n,2,287.54,0.71,N,2
22.33338,82.60355,297.74,0.52,0.42,2026-01-17,1952,N20,VIIRS,n,2,287.39,0.64,N,2
22.35872,82.30066,311.58,0.54,0.42,2026-01-17,1952,N20,VIIRS,n,2,286.87,2.82,N,2
22.36261,82.30127,298.6,0.54,0.42,2026-01-17,1952,N20,VIIRS,n,2,285.52,1.32,N,2
22.37042,73.10497,299.1,0.69,0.74,2026-01-17,1952,N20,VIIRS,n,2,287.22,4.13,N,0
22.96811,72.54678,299.76,0.76,0.77,2026-01-17,1952,N20,VIIRS,n,2,286.62,0.66,N,0
22.97177,72.54678,297.61,0.76,0.77,2026-01-17,1952,N20,VIIRS,n,2,286.51,0.63,N,0
15.86181,97.7936,320.88,0.57,0.69,2026-01-17,1953,N20,VIIRS,n,2,289.31,2.09,N,2
16.42464,95.05025,304.91,0.36,0.58,2026-01-17,1953,N20,VIIRS,n,2,291.07,0.42,N,0
16.68067,76.58249,320.17,0.35,0.57,2026-01-17,1953,N20,VIIRS,n,2,288.81,1.19,N,0
17.14143,77.17438,307.32,0.33,0.55,2026-01-17,1953,N20,VIIRS,n,2,293.44,1.06,N,2
17.18063,80.77314,309.92,0.38,0.43,2026-01-17,1953,N20,VIIRS,n,2,292.5,1.1,N,0
17.18257,80.77293,308,0.38,0.43,2026-01-17,1953,N20,VIIRS,n,2,292.99,1.07,N,0
17.21641,74.5624,298.89,0.49,0.65,2026-01-17,1953,N20,VIIRS,n,2,286.67,0.33,N,0
17.38275,74.01685,317.59,0.53,0.67,2026-01-17,1953,N20,VIIRS,n,2,288.6,2.91,N,0
17.38325,74.01173,297.64,0.53,0.67,2026-01-17,1953,N20,VIIRS,n,2,287.53,2.25,N,0
17.46276,80.65226,312.87,0.39,0.44,2026-01-17,1953,N20,VIIRS,n,2,292.68,1.3,N,0
17.47136,73.37362,298.75,0.59,0.7,2026-01-17,1953,N20,VIIRS,n,2,287.45,0.39,N,0
17.47172,73.37596,298.81,0.59,0.7,2026-01-17,1953,N20,VIIRS,n,2,287.77,0.42,N,0
17.51168,77.14156,318.88,0.33,0.55,2026-01-17,1953,N20,VIIRS,n,2,288.68,1.56,N,0
17.52909,82.99402,301.58,0.45,0.39,2026-01-17,1953,N20,VIIRS,n,2,289.81,0.42,N,0
17.54146,73.90112,306.84,0.55,0.68,2026-01-17,1953,N20,VIIRS,n,2,288.26,1.48,N,0
17.54189,73.8966,305.29,0.55,0.68,2026-01-17,1953,N20,VIIRS,n,2,288.26,2.4,N,0
17.54384,73.90347,310.23,0.54,0.68,2026-01-17,1953,N20,VIIRS,n,2,287.58,1.67,N,0
17.54425,73.89934,311.88,0.55,0.68,2026-01-17,1953,N20,VIIRS,n,2,288.03,1.67,N,0
17.54765,73.90286,308.48,0.55,0.68,2026-01-17,1953,N20,VIIRS,n,2,287.11,1.08,N,0
17.58955,73.92897,303.65,0.54,0.68,2026-01-17,1953,N20,VIIRS,n,2,287.07,1.6,N,0
17.58997,73.92464,299.53,0.54,0.68,2026-01-17,1953,N20,VIIRS,n,2,286.93,1.53,N,0
17.59874,83.1852,319.58,0.44,0.38,2026-01-17,1953,N20,VIIRS,n,2,291.24,7.62,N,0
17.59934,83.18109,327.98,0.44,0.38,2026-01-17,1953,N20,VIIRS,n,2,291.22,9.24,N,0
17.60397,83.19867,302.58,0.44,0.38,2026-01-17,1953,N20,VIIRS,n,2,292.24,1.99,N,2
17.60409,83.20191,303.71,0.44,0.38,2026-01-17,1953,N20,VIIRS,n,2,292.75,1.18,N,2
17.60689,83.20335,316.55,0.44,0.38,2026-01-17,1953,N20,VIIRS,n,2,295.09,1.86,N,2
17.60761,83.20246,315.06,0.44,0.38,2026-01-17,1953,N20,VIIRS,n,2,294.06,1.18,N,2
17.61112,83.20301,311.18,0.44,0.38,2026-01-17,1953,N20,VIIRS,n,2,292.91,1.73,N,2
17.61287,83.19064,313.12,0.44,0.38,2026-01-17,1953,N20,VIIRS,n,2,292.96,2.19,N,0
17.66235,80.4849,306.88,0.4,0.45,2026-01-17,1953,N20,VIIRS,n,2,292.61,0.95,N,0
17.69542,83.24149,306.58,0.44,0.38,2026-01-17,1953,N20,VIIRS,n,2,292.56,1.64,N,2
17.91098,73.80642,297.35,0.56,0.69,2026-01-17,1953,N20,VIIRS,n,2,286.58,2.62,N,0
17.96009,80.78144,303.04,0.39,0.44,2026-01-17,1953,N20,VIIRS,n,2,291.91,0.87,N,2
18.71853,79.53838,305.51,0.48,0.48,2026-01-17,1953,N20,VIIRS,n,2,291.67,1.9,N,2
18.72294,79.53903,303.72,0.48,0.48,2026-01-17,1953,N20,VIIRS,n,2,291.92,1.42,N,2
18.8037,74.25979,299.86,0.53,0.67,2026-01-17,1953,N20,VIIRS,n,2,286.45,2.53,N,2
18.80417,74.25463,326.41,0.53,0.67,2026-01-17,1953,N20,VIIRS,n,2,286.7,2.53,N,0
19.08869,82.16572,298.79,0.51,0.41,2026-01-17,1953,N20,VIIRS,n,2,285.32,1.45,N,0
19.09998,82.1674,310.82,0.51,0.41,2026-01-17,1953,N20,VIIRS,n,2,286.93,2.93,N,2
19.10001,73.05031,305.51,0.64,0.72,2026-01-17,1953,N20,VIIRS,n,2,288.92,0.97,N,0
19.10366,73.05025,313.53,0.64,0.72,2026-01-17,1953,N20,VIIRS,n,2,288.74,1.78,N,2
19.10375,82.16796,304.92,0.51,0.41,2026-01-17,1953,N20,VIIRS,n,2,289.8,1.71,N,2
19.1044,82.16315,315.9,0.51,0.41,2026-01-17,1953,N20,VIIRS,n,2,284.84,1.71,N,2
19.10677,73.05038,300.09,0.64,0.72,2026-01-17,1953,N20,VIIRS,n,2,288.58,0.67,N,2
19.93656,73.70761,296.34,0.6,0.7,2026-01-17,1953,N20,VIIRS,n,2,285.48,0.54,N,2
12.8544,79.90579,308.92,0.57,0.43,2026-01-17,1954,N20,VIIRS,n,2,290.98,1.31,N,2
13.32332,75.97329,296.01,0.35,0.57,2026-01-17,1954,N20,VIIRS,n,2,285.13,0.21,N,0
13.33683,77.16101,297.65,0.58,0.52,2026-01-17,1954,N20,VIIRS,n,2,287.36,0.48,N,0
13.42078,77.41921,299.09,0.56,0.52,2026-01-17,1954,N20,VIIRS,n,2,287.82,0.83,N,0
13.44707,80.09859,302.32,0.57,0.43,2026-01-17,1954,N20,VIIRS,n,2,290.87,0.42,N,0
13.4798,76.6897,306.2,0.63,0.54,2026-01-17,1954,N20,VIIRS,n,2,288.05,1.61,N,0
13.5358,76.81645,303.5,0.62,0.54,2026-01-17,1954,N20,VIIRS,n,2,288.88,1.07,N,0
13.54429,76.78853,301.44,0.62,0.54,2026-01-17,1954,N20,VIIRS,n,2,288.23,1.16,N,0
13.89343,77.87268,311.74,0.53,0.5,2026-01-17,1954,N20,VIIRS,n,2,288.32,1.57,N,0
13.89623,77.88005,300.44,0.53,0.5,2026-01-17,1954,N20,VIIRS,n,2,289.96,1.32,N,0
13.89672,77.88345,304.19,0.53,0.5,2026-01-17,1954,N20,VIIRS,n,2,289.84,1.32,N,0
13.89685,77.87502,325.08,0.53,0.5,2026-01-17,1954,N20,VIIRS,n,2,291.14,3.49,N,0
13.89804,77.87337,311.47,0.53,0.5,2026-01-17,1954,N20,VIIRS,n,2,290.09,2.47,N,0
14.03698,75.98373,300.06,0.36,0.57,2026-01-17,1954,N20,VIIRS,n,2,287.78,0.61,N,0
14.12327,77.81547,309.22,0.54,0.51,2026-01-17,1954,N20,VIIRS,n,2,289.67,1.71,N,0
14.12526,77.81403,308.39,0.54,0.51,2026-01-17,1954,N20,VIIRS,n,2,289.51,1.86,N,0
14.18205,77.14487,305.13,0.6,0.53,2026-01-17,1954,N20,VIIRS,n,2,289.98,1.79,N,0
14.18275,77.13925,307.84,0.6,0.53,2026-01-17,1954,N20,VIIRS,n,2,289.83,1.79,N,0
14.22694,76.44936,303.94,0.33,0.56,2026-01-17,1954,N20,VIIRS,n,2,289.35,0.99,N,0
14.2273,76.44636,309.23,0.33,0.56,2026-01-17,1954,N20,VIIRS,n,2,288.08,1.07,N,0
14.2417,75.17339,300.32,0.41,0.6,2026-01-17,1954,N20,VIIRS,n,2,287.44,0.63,N,0
14.24271,75.17459,302.09,0.41,0.6,2026-01-17,1954,N20,VIIRS,n,2,286.83,0.81,N,0
14.24317,75.1708,301.13,0.41,0.6,2026-01-17,1954,N20,VIIRS,n,2,287.4,0.81,N,0
14.24727,75.17411,299.17,0.41,0.6,2026-01-17,1954,N20,VIIRS,n,2,286.62,0.63,N,0
14.37604,75.56004,304.82,0.39,0.59,2026-01-17,1954,N20,VIIRS,n,2,291.01,0.91,N,0
14.53257,77.98317,303.71,0.53,0.5,2026-01-17,1954,N20,VIIRS,n,2,291.34,1.35,N,0
14.54446,77.96432,305.09,0.53,0.5,2026-01-17,1954,N20,VIIRS,n,2,292.04,0.93,N,0
14.99286,76.84823,299.68,0.32,0.55,2026-01-17,1954,N20,VIIRS,n,2,289.24,0.31,N,0
15.00572,76.99837,305.65,0.63,0.54,2026-01-17,1954,N20,VIIRS,n,2,290.18,1.84,N,2
15.01773,76.89727,300.15,0.32,0.55,2026-01-17,1954,N20,VIIRS,n,2,290.08,0.68,N,2
15.02287,78.01158,313.43,0.54,0.51,2026-01-17,1954,N20,VIIRS,n,2,293.83,2.38,N,2
15.07266,76.86501,307.85,0.32,0.55,2026-01-17,1954,N20,VIIRS,n,2,292.49,1.61,N,2
15.11944,76.80924,305.2,0.32,0.55,2026-01-17,1954,N20,VIIRS,n,2,290.9,0.43,N,2
15.13595,76.71181,299.93,0.33,0.55,2026-01-17,1954,N20,VIIRS,n,2,288.79,0.77,N,2
15.15196,76.70759,302.66,0.33,0.55,2026-01-17,1954,N20,VIIRS,n,2,289.63,0.66,N,2
15.16922,76.37888,310.14,0.35,0.57,2026-01-17,1954,N20,VIIRS,n,2,292.55,2.06,N,2
15.1696,76.3756,309.14,0.35,0.57,2026-01-17,1954,N20,VIIRS,n,2,291.95,1.22,N,2
15.17369,76.78514,301.42,0.33,0.55,2026-01-17,1954,N20,VIIRS,n,2,290.44,0.92,N,2
15.17481,76.37627,307.67,0.35,0.57,2026-01-17,1954,N20,VIIRS,n,2,292.35,1.22,N,2
15.17632,77.09713,301.45,0.62,0.54,2026-01-17,1954,N20,VIIRS,n,2,288.52,1.73,N,2
15.1764,76.67607,324.72,0.33,0.55,2026-01-17,1954,N20,VIIRS,n,2,292.18,3.09,N,2
15.17726,77.09892,301.75,0.62,0.54,2026-01-17,1954,N20,VIIRS,n,2,289.71,1.24,N,2
15.17861,76.65747,304.47,0.33,0.55,2026-01-17,1954,N20,VIIRS,n,2,293.43,1.6,N,2
15.17877,76.78576,309.51,0.33,0.55,2026-01-17,1954,N20,VIIRS,n,2,290.97,0.92,N,2
15.17897,76.65437,313.22,0.33,0.56,2026-01-17,1954,N20,VIIRS,n,2,295.67,1.34,N,2
15.17934,76.65128,302.58,0.33,0.56,2026-01-17,1954,N20,VIIRS,n,2,292.13,1.34,N,2
15.18056,77.10355,305,0.62,0.54,2026-01-17,1954,N20,VIIRS,n,2,290.05,1.73,N,2
15.18188,76.67356,310.25,0.33,0.55,2026-01-17,1954,N20,VIIRS,n,2,294.2,2.54,N,2
15.18299,76.66428,303.98,0.33,0.55,2026-01-17,1954,N20,VIIRS,n,2,292.42,1.33,N,2
15.18662,76.67728,307.39,0.33,0.55,2026-01-17,1954,N20,VIIRS,n,2,291.81,0.78,N,2
15.18699,76.67416,301.98,0.33,0.55,2026-01-17,1954,N20,VIIRS,n,2,291.81,0.91,N,2
15.27676,76.23248,299.82,0.36,0.57,2026-01-17,1954,N20,VIIRS,n,2,289.07,0.27,N,0
15.31182,76.25134,301.72,0.36,0.57,2026-01-17,1954,N20,VIIRS,n,2,288.49,1.49,N,0
15.33403,76.24408,304.4,0.36,0.57,2026-01-17,1954,N20,VIIRS,n,2,288.18,0.73,N,0
15.33464,76.28449,310.21,0.35,0.57,2026-01-17,1954,N20,VIIRS,n,2,291.07,1.14,N,2
15.42701,74.90866,305.18,0.44,0.62,2026-01-17,1954,N20,VIIRS,n,2,285.76,1.76,N,0
15.43144,74.90997,311.55,0.44,0.62,2026-01-17,1954,N20,VIIRS,n,2,286.06,1.57,N,0
15.56074,75.68072,300.62,0.39,0.59,2026-01-17,1954,N20,VIIRS,n,2,286.16,0.53,N,0
15.56157,75.68099,298.01,0.39,0.59,2026-01-17,1954,N20,VIIRS,n,2,286.6,0.29,N,0
15.65946,73.98618,306.49,0.51,0.66,2026-01-17,1954,N20,VIIRS,n,2,290.96,0.85,N,2
15.68573,78.4547,301.35,0.51,0.5,2026-01-17,1954,N20,VIIRS,n,2,291.23,1.15,N,0
15.87886,75.44613,317.45,0.41,0.61,2026-01-17,1954,N20,VIIRS,n,2,286.35,1.37,N,0
15.88959,75.45137,298.05,0.41,0.61,2026-01-17,1954,N20,VIIRS,n,2,286.68,0.73,N,0
15.97145,75.82133,299.22,0.39,0.59,2026-01-17,1954,N20,VIIRS,n,2,286.46,0.42,N,0
16.32752,75.38779,296.38,0.42,0.61,2026-01-17,1954,N20,VIIRS,n,2,286.2,0.51,N,0
16.33059,75.38868,313.63,0.42,0.61,2026-01-17,1954,N20,VIIRS,n,2,286.58,1.12,N,0
16.33315,75.38854,306.48,0.42,0.61,2026-01-17,1954,N20,VIIRS,n,2,286.46,0.51,N,0
16.54704,73.52686,307.11,0.56,0.69,2026-01-17,1954,N20,VIIRS,n,2,290.41,2.02,N,0
16.54965,73.5253,306.66,0.56,0.69,2026-01-17,1954,N20,VIIRS,n,2,290.07,1.84,N,0
16.62362,73.65169,324.47,0.55,0.68,2026-01-17,1954,N20,VIIRS,n,2,288.56,1.51,N,0
16.6263,73.65464,315.38,0.55,0.68,2026-01-17,1954,N20,VIIRS,n,2,289.46,2.5,N,0
16.62683,73.6495,303.82,0.55,0.68,2026-01-17,1954,N20,VIIRS,n,2,288.08,2.2,N,0
16.6299,73.65279,298.42,0.55,0.68,2026-01-17,1954,N20,VIIRS,n,2,288.41,1.51,N,0
9.34762,78.86091,318.21,0.4,0.44,2026-01-17,1955,N20,VIIRS,n,2,292.65,2.11,N,0
11.18209,79.09978,302.48,0.41,0.45,2026-01-17,1955,N20,VIIRS,n,2,291.45,0.66,N,2
11.2682,80.00392,327.15,0.54,0.42,2026-01-17,1955,N20,VIIRS,n,2,294.93,4.22,N,3
11.53816,77.49432,299.56,0.52,0.5,2026-01-17,1955,N20,VIIRS,n,2,289.24,0.34,N,0
11.74618,78.14711,303.07,0.48,0.48,2026-01-17,1955,N20,VIIRS,n,2,289.17,1.24,N,0
12.44098,77.47334,304.01,0.54,0.51,2026-01-17,1955,N20,VIIRS,n,2,288.97,1.15,N,0
12.44274,77.4733,304.94,0.54,0.51,2026-01-17,1955,N20,VIIRS,n,2,288.87,1.42,N,0
12.69197,77.35846,299.53,0.55,0.51,2026-01-17,1955,N20,VIIRS,n,2,288.29,0.64,N,0
12.69412,77.35542,301.61,0.55,0.51,2026-01-17,1955,N20,VIIRS,n,2,288.44,1.24,N,0
12.74556,77.61797,296.18,0.53,0.5,2026-01-17,1955,N20,VIIRS,n,2,285.62,0.34,N,0
12.84684,75.59323,302.23,0.37,0.58,2026-01-17,1955,N20,VIIRS,n,2,291.62,1.2,N,0
12.84759,75.58706,313.47,0.37,0.58,2026-01-17,1955,N20,VIIRS,n,2,291.43,1.47,N,0
12.85797,75.59071,313.43,0.37,0.58,2026-01-17,1955,N20,VIIRS,n,2,291.25,1,N,0
12.85863,75.58525,306.06,0.37,0.58,2026-01-17,1955,N20,VIIRS,n,2,290.45,1,N,0
7.03536,79.88964,304,0.49,0.4,2026-01-17,1956,N20,VIIRS,n,2,291.37,0.99,N,0
7.98869,79.86739,304.33,0.5,0.41,2026-01-17,1956,N20,VIIRS,n,2,292.5,0.67,N,2
8.67081,77.99097,300.43,0.44,0.46,2026-01-17,1956,N20,VIIRS,n,2,290.34,0.24,N,0
32.62233,76.0341,313.95,0.4,0.6,2026-01-17,2129,N20,VIIRS,n,2,270.89,1.63,N,0
33.0027,74.96751,296.43,0.34,0.56,2026-01-17,2129,N20,VIIRS,n,2,268.85,0.37,N,0
33.00807,74.96765,298.36,0.34,0.56,2026-01-17,2129,N20,VIIRS,n,2,267.4,0.98,N,0
33.11178,74.71877,296.71,0.33,0.55,2026-01-17,2129,N20,VIIRS,n,2,281.21,0.46,N,0
33.1369,73.93673,309.89,0.59,0.53,2026-01-17,2129,N20,VIIRS,n,2,283.71,3.02,N,0
33.13812,73.93157,295.76,0.59,0.53,2026-01-17,2129,N20,VIIRS,n,2,280.79,0.9,N,0
33.50792,75.59362,300.02,0.36,0.57,2026-01-17,2129,N20,VIIRS,n,2,267.64,2.04,N,0
33.50927,75.58831,308.55,0.36,0.57,2026-01-17,2129,N20,VIIRS,n,2,267.43,1.54,N,0
33.51217,75.59874,304.73,0.36,0.58,2026-01-17,2129,N20,VIIRS,n,2,265.68,2.32,N,0
33.54655,71.55055,299.07,0.43,0.46,2026-01-17,2129,N20,VIIRS,n,2,280.25,0.8,N,2
33.71982,73.471,301.05,0.54,0.51,2026-01-17,2129,N20,VIIRS,n,2,280.42,0.94,N,0
33.8032,72.09782,295.23,0.45,0.47,2026-01-17,2129,N20,VIIRS,n,2,280.67,0.95,N,2
34.07251,73.9041,297.54,0.56,0.52,2026-01-17,2129,N20,VIIRS,n,2,274.62,1.46,N,0
34.19709,73.86631,301.53,0.56,0.51,2026-01-17,2129,N20,VIIRS,n,2,275.09,1.75,N,0
28.74553,76.92594,301.11,0.56,0.69,2026-01-17,2130,N20,VIIRS,n,2,280.13,1.13,N,2
29.83704,79.02074,295.67,0.7,0.75,2026-01-17,2130,N20,VIIRS,n,2,254.61,1.15,N,0
31.258,76.92435,295.9,0.49,0.65,2026-01-17,2130,N20,VIIRS,n,2,279.16,0.76,N,2
31.32544,76.99281,298.61,0.49,0.65,2026-01-17,2130,N20,VIIRS,n,2,278.95,2.01,N,0
31.32655,76.98869,309.19,0.49,0.65,2026-01-17,2130,N20,VIIRS,n,2,280.16,2.01,N,0
31.32692,76.99647,303.02,0.49,0.65,2026-01-17,2130,N20,VIIRS,n,2,278.78,1.28,N,0
31.32761,76.98477,319.87,0.49,0.65,2026-01-17,2130,N20,VIIRS,n,2,280.67,2.42,N,0
31.32812,76.99189,298.16,0.49,0.65,2026-01-17,2130,N20,VIIRS,n,2,278.37,1.28,N,0
31.32917,76.98791,306.14,0.49,0.65,2026-01-17,2130,N20,VIIRS,n,2,279.5,2.5,N,0
31.33016,76.98416,325,0.49,0.65,2026-01-17,2130,N20,VIIRS,n,2,280.81,2.5,N,0
31.33138,76.99419,300.02,0.49,0.65,2026-01-17,2130,N20,VIIRS,n,2,277.01,2.33,N,0
31.3346,76.98222,299.49,0.49,0.65,2026-01-17,2130,N20,VIIRS,n,2,279.31,2.42,N,0
31.39857,77.39404,300.65,0.51,0.66,2026-01-17,2130,N20,VIIRS,n,2,277.99,1.3,N,0
31.39943,77.39086,301.33,0.51,0.66,2026-01-17,2130,N20,VIIRS,n,2,278.34,1.3,N,0
31.44834,77.06715,295.6,0.49,0.65,2026-01-17,2130,N20,VIIRS,n,2,278.13,0.96,N,0
31.4501,77.06062,300.56,0.49,0.65,2026-01-17,2130,N20,VIIRS,n,2,276.45,0.96,N,0
32.76761,71.69479,309.37,0.45,0.47,2026-01-17,2130,N20,VIIRS,n,2,280.74,1.91,N,0
32.76859,71.69036,312.55,0.45,0.47,2026-01-17,2130,N20,VIIRS,n,2,280.69,1.91,N,0
32.89111,71.61443,296.07,0.45,0.47,2026-01-17,2130,N20,VIIRS,n,2,280.88,0.65,N,2
33.28116,71.52831,309.9,0.43,0.46,2026-01-17,2130,N20,VIIRS,n,2,280.86,1.56,N,0
26.88003,73.51437,297.22,0.39,0.59,2026-01-17,2131,N20,VIIRS,n,2,282.15,0.63,N,2
27.0813,73.8158,299.58,0.4,0.6,2026-01-17,2131,N20,VIIRS,n,2,285.39,0.99,N,2
28.42485,69.70245,296.79,0.43,0.46,2026-01-17,2131,N20,VIIRS,n,2,282.87,0.69,N,2
28.42574,69.69817,299.23,0.43,0.46,2026-01-17,2131,N20,VIIRS,n,2,282.58,0.77,N,2
22.26884,75.1317,299.8,0.62,0.71,2026-01-17,2132,N20,VIIRS,n,2,286.3,1.88,N,2
22.3655,73.11601,302.68,0.46,0.64,2026-01-17,2132,N20,VIIRS,n,2,288.73,3.86,N,2
22.93346,70.10877,300.17,0.58,0.52,2026-01-17,2132,N20,VIIRS,n,2,289.67,0.67,N,0
23.40649,72.41733,297.21,0.4,0.6,2026-01-17,2132,N20,VIIRS,n,2,284.73,0.45,N,2
23.49926,68.5764,311.61,0.45,0.47,2026-01-17,2132,N20,VIIRS,n,2,290.48,1.47,N,2
24.66143,74.63313,303.22,0.51,0.66,2026-01-17,2132,N20,VIIRS,n,2,289.61,2.26,N,2
24.82148,73.09178,302.28,0.41,0.6,2026-01-17,2132,N20,VIIRS,n,2,287.29,1.26,N,2
24.82184,73.09096,297.66,0.41,0.6,2026-01-17,2132,N20,VIIRS,n,2,286.43,1.24,N,2
25.38869,68.58279,312.06,0.42,0.45,2026-01-17,2132,N20,VIIRS,n,2,285.64,1.13,N,2
25.38877,68.39204,307.24,0.41,0.45,2026-01-17,2132,N20,VIIRS,n,2,287.08,0.99,N,0
25.38932,68.39328,309.23,0.41,0.45,2026-01-17,2132,N20,VIIRS,n,2,286.79,1.02,N,0
26.11143,68.30228,298,0.39,0.44,2026-01-17,2132,N20,VIIRS,n,2,284.63,0.51,N,0
18.68358,73.03349,302.73,0.55,0.68,2026-01-17,2133,N20,VIIRS,n,2,290.23,1.45,N,2
18.68471,73.02847,311.81,0.54,0.68,2026-01-17,2133,N20,VIIRS,n,2,290.21,1.45,N,2
18.68927,73.03158,303.78,0.54,0.68,2026-01-17,2133,N20,VIIRS,n,2,290.57,3.32,N,2
18.69423,73.03808,310.86,0.54,0.68,2026-01-17,2133,N20,VIIRS,n,2,290.28,2.08,N,2
18.69581,73.03654,300.32,0.55,0.68,2026-01-17,2133,N20,VIIRS,n,2,289.45,2.91,N,2
18.76844,73.24465,309.75,0.56,0.69,2026-01-17,2133,N20,VIIRS,n,2,287.36,1.53,N,0
18.77049,73.24483,305.31,0.56,0.69,2026-01-17,2133,N20,VIIRS,n,2,287.19,1.01,N,0
20.90993,71.45855,307.58,0.39,0.59,2026-01-17,2133,N20,VIIRS,n,2,291.03,1.27,N,2
20.91294,71.45881,310.73,0.39,0.59,2026-01-17,2133,N20,VIIRS,n,2,290.78,1.18,N,2
21.09981,72.62224,303.2,0.46,0.63,2026-01-17,2133,N20,VIIRS,n,2,290.78,0.6,N,0
21.10316,72.63809,300.85,0.46,0.63,2026-01-17,2133,N20,VIIRS,n,2,290.48,6.41,N,2
21.10414,72.63382,367,0.46,0.63,2026-01-17,2133,N20,VIIRS,h,2,291.74,6.45,N,2
21.10786,72.64387,353.65,0.46,0.63,2026-01-17,2133,N20,VIIRS,n,2,293.47,6.41,N,2
21.10983,72.63529,305.39,0.46,0.63,2026-01-17,2133,N20,VIIRS,n,2,293.07,6.45,N,2
21.53595,72.23099,317.71,0.42,0.61,2026-01-17,2133,N20,VIIRS,n,2,287.92,1.83,N,0
21.58242,74.1283,295.98,0.56,0.68,2026-01-17,2133,N20,VIIRS,n,2,285.78,0.54,N,0
21.76055,71.94933,298.69,0.4,0.6,2026-01-17,2133,N20,VIIRS,n,2,287.97,0.83,N,0
22.33732,69.8658,303.86,0.58,0.52,2026-01-17,2133,N20,VIIRS,n,2,292.47,3.37,N,2
22.33781,69.8681,303.15,0.57,0.52,2026-01-17,2133,N20,VIIRS,n,2,292.69,2.7,N,2
22.33958,69.85487,304.17,0.57,0.52,2026-01-17,2133,N20,VIIRS,n,2,292.86,3.56,N,2
22.41577,69.03754,304.93,0.51,0.49,2026-01-17,2133,N20,VIIRS,n,2,290.17,0.52,N,0
22.41736,69.03884,310.73,0.51,0.49,2026-01-17,2133,N20,VIIRS,n,2,290.41,1.55,N,0
15.65998,73.98636,316.36,0.73,0.76,2026-01-17,2134,N20,VIIRS,n,2,289.69,2.78,N,2
15.6601,73.98619,315.62,0.73,0.76,2026-01-17,2134,N20,VIIRS,n,2,289.54,2.66,N,2
16.54676,73.52542,302.97,0.65,0.73,2026-01-17,2134,N20,VIIRS,n,2,289.6,1.8,N,0
16.55149,73.52608,303.59,0.65,0.73,2026-01-17,2134,N20,VIIRS,n,2,289.52,2.22,N,0
16.62344,73.65392,301.63,0.66,0.73,2026-01-17,2134,N20,VIIRS,n,2,288.07,0.87,N,0
16.62645,73.65417,300.02,0.66,0.73,2026-01-17,2134,N20,VIIRS,n,2,288.16,1.13,N,0
17.22351,74.23704,303.6,0.7,0.75,2026-01-17,2134,N20,VIIRS,n,2,285.93,1.61,N,0
17.22633,74.23321,296.91,0.7,0.75,2026-01-17,2134,N20,VIIRS,n,2,285.92,1,N,0
17.29666,73.94724,297.07,0.67,0.74,2026-01-17,2134,N20,VIIRS,n,2,286.55,1.07,N,0