latitude,longitude,bright_ti4,scan,track,acq_date,acq_time,satellite,instrument,confidence,version,bright_ti5,frp,daynight,type
14.92339,97.92112,331.78,0.39,0.37,2026-01-08,649,N20,VIIRS,n,2,300.74,2.65,D,0
15.93402,97.64445,332.44,0.39,0.36,2026-01-08,649,N20,VIIRS,n,2,301.93,3.68,D,0
16.20876,97.64164,345.92,0.39,0.37,2026-01-08,649,N20,VIIRS,n,2,305.42,7.69,D,0
16.31823,96.06702,329.93,0.38,0.36,2026-01-08,649,N20,VIIRS,n,2,301.81,1.36,D,0
16.33557,96.00076,332.26,0.39,0.36,2026-01-08,649,N20,VIIRS,l,2,302.78,2.57,D,0
16.33887,96.00021,330.51,0.39,0.36,2026-01-08,649,N20,VIIRS,l,2,301.39,2.57,D,0
16.37729,96.20618,330.54,0.38,0.36,2026-01-08,649,N20,VIIRS,l,2,304.08,3.32,D,0
16.37733,96.09641,330.63,0.38,0.36,2026-01-08,649,N20,VIIRS,l,2,303.54,3.38,D,0
16.38112,96.20921,335.39,0.38,0.36,2026-01-08,649,N20,VIIRS,n,2,304,2.39,D,0
16.38165,96.23472,347.05,0.38,0.36,2026-01-08,649,N20,VIIRS,n,2,305.83,5.36,D,0
16.40369,96.09206,342.81,0.38,0.36,2026-01-08,649,N20,VIIRS,n,2,306.81,8.5,D,0
16.42553,96.25677,340.52,0.38,0.36,2026-01-08,649,N20,VIIRS,n,2,304.04,2.89,D,0
16.42834,96.18681,338.5,0.38,0.36,2026-01-08,649,N20,VIIRS,n,2,304.96,2.78,D,0
16.43163,96.18628,336.35,0.38,0.36,2026-01-08,649,N20,VIIRS,n,2,306.41,2.7,D,0
16.43167,96.1204,331.66,0.38,0.36,2026-01-08,649,N20,VIIRS,l,2,304.38,2.03,D,0
16.45841,96.29527,330.37,0.38,0.36,2026-01-08,649,N20,VIIRS,n,2,302.74,1.99,D,0
16.46116,96.29117,334.28,0.38,0.36,2026-01-08,649,N20,VIIRS,n,2,303.26,2.67,D,0
16.4617,96.29473,337.36,0.38,0.36,2026-01-08,649,N20,VIIRS,n,2,302.71,2.67,D,0
16.46861,97.81612,340.88,0.4,0.37,2026-01-08,649,N20,VIIRS,n,2,304.77,6.47,D,0
16.48006,97.83347,338.97,0.4,0.37,2026-01-08,649,N20,VIIRS,n,2,304.03,3.72,D,0
16.48625,97.8287,342.03,0.4,0.37,2026-01-08,649,N20,VIIRS,n,2,303.36,4.96,D,0
16.48961,97.82817,348.47,0.4,0.37,2026-01-08,649,N20,VIIRS,n,2,304.86,4.96,D,0
16.49358,96.38806,333,0.38,0.36,2026-01-08,649,N20,VIIRS,n,2,302.85,2.12,D,0
16.52372,96.40874,339.47,0.38,0.36,2026-01-08,649,N20,VIIRS,n,2,305.94,3.02,D,0
16.53219,96.5537,344.98,0.38,0.36,2026-01-08,649,N20,VIIRS,n,2,304.99,4.75,D,0
16.53548,96.55317,342.46,0.38,0.36,2026-01-08,649,N20,VIIRS,n,2,303.64,7,D,0
16.54486,97.97256,334.4,0.4,0.37,2026-01-08,649,N20,VIIRS,n,2,304.13,2.94,D,0
16.55401,97.82195,333.8,0.4,0.37,2026-01-08,649,N20,VIIRS,l,2,305.76,5.59,D,0
16.55791,97.82516,347.65,0.4,0.37,2026-01-08,649,N20,VIIRS,n,2,306.18,7.47,D,0
16.55866,97.7832,332.08,0.4,0.37,2026-01-08,649,N20,VIIRS,n,2,305.12,2.45,D,0
16.56202,97.78268,337.08,0.4,0.37,2026-01-08,649,N20,VIIRS,n,2,304.61,3.18,D,0
16.56701,97.7933,340.37,0.4,0.37,2026-01-08,649,N20,VIIRS,n,2,305.41,14.14,D,0
16.56755,97.79702,349.79,0.4,0.37,2026-01-08,649,N20,VIIRS,n,2,305.64,14.14,D,0
16.57027,97.81562,350.64,0.4,0.37,2026-01-08,649,N20,VIIRS,n,2,308.07,7.78,D,0
16.57082,97.81934,340.37,0.4,0.37,2026-01-08,649,N20,VIIRS,n,2,305.41,7.78,D,0
16.57091,97.79649,339.42,0.4,0.37,2026-01-08,649,N20,VIIRS,n,2,303.3,3.26,D,0
16.57627,97.85664,331.45,0.4,0.37,2026-01-08,649,N20,VIIRS,l,2,304.36,2.96,D,0
16.58637,97.85507,344.01,0.4,0.37,2026-01-08,649,N20,VIIRS,n,2,305.53,6.3,D,0
16.60341,97.79431,330.46,0.4,0.37,2026-01-08,649,N20,VIIRS,l,2,305.33,2.39,D,0
16.62926,97.87809,342.51,0.4,0.37,2026-01-08,649,N20,VIIRS,n,2,308.53,6.68,D,0
16.6298,97.88183,342.39,0.4,0.37,2026-01-08,649,N20,VIIRS,n,2,305.2,7.29,D,0
16.63064,97.3754,332.45,0.39,0.36,2026-01-08,649,N20,VIIRS,n,2,307.15,2.14,D,0
16.6446,97.72327,333.34,0.4,0.37,2026-01-08,649,N20,VIIRS,n,2,301.54,2.93,D,0
16.71859,97.96041,340.38,0.4,0.37,2026-01-08,649,N20,VIIRS,n,2,302.45,4,D,0
16.7275,97.97446,333.28,0.4,0.37,2026-01-08,649,N20,VIIRS,n,2,304.39,2.96,D,0
16.78506,97.94241,328.73,0.4,0.37,2026-01-08,649,N20,VIIRS,n,2,302.99,2.11,D,0
16.58803,96.31723,332.35,0.38,0.36,2026-01-08,650,N20,VIIRS,l,2,306.01,1.46,D,0
16.63824,96.67152,333.92,0.38,0.36,2026-01-08,650,N20,VIIRS,n,2,303.62,0.98,D,0
16.66168,96.20267,346.06,0.38,0.36,2026-01-08,650,N20,VIIRS,n,2,307.63,5.98,D,0
16.69301,95.76425,335.65,0.39,0.36,2026-01-08,650,N20,VIIRS,n,2,302.63,4.72,D,0
16.75349,94.91322,333.9,0.4,0.37,2026-01-08,650,N20,VIIRS,l,2,303.97,6.47,D,0
16.79184,95.48049,331.62,0.39,0.36,2026-01-08,650,N20,VIIRS,n,2,301.2,5.05,D,0
16.79639,94.90945,335.13,0.4,0.37,2026-01-08,650,N20,VIIRS,n,2,303.66,11.26,D,0
16.83808,94.82619,305.43,0.4,0.37,2026-01-08,650,N20,VIIRS,l,2,306.17,19.11,D,0
16.83867,94.8299,333.41,0.4,0.37,2026-01-08,650,N20,VIIRS,n,2,301.33,13.98,D,0
16.84196,94.69922,330.47,0.4,0.37,2026-01-08,650,N20,VIIRS,n,2,297.61,1.52,D,0
16.8979,95.87975,333.99,0.39,0.36,2026-01-08,650,N20,VIIRS,n,2,304.24,3.31,D,0
16.91548,95.88418,333.24,0.39,0.36,2026-01-08,650,N20,VIIRS,n,2,302.57,2.03,D,0
16.91717,95.96105,330.28,0.38,0.36,2026-01-08,650,N20,VIIRS,n,2,304.21,1.82,D,0
16.92796,96.29667,330.19,0.38,0.36,2026-01-08,650,N20,VIIRS,l,2,302.76,3.18,D,0
16.93966,95.90956,346.11,0.38,0.36,2026-01-08,650,N20,VIIRS,n,2,305.82,16.52,D,0
16.94296,95.90902,338.98,0.38,0.36,2026-01-08,650,N20,VIIRS,n,2,299.97,16.52,D,0
16.9978,95.95456,346.54,0.38,0.36,2026-01-08,650,N20,VIIRS,n,2,305.97,8.72,D,0
17.0033,95.96834,334,0.38,0.36,2026-01-08,650,N20,VIIRS,n,2,303.89,2.46,D,0
17.03767,97.25777,334.81,0.39,0.36,2026-01-08,650,N20,VIIRS,l,2,306.3,2.88,D,0
17.03822,97.26143,345.05,0.39,0.36,2026-01-08,650,N20,VIIRS,n,2,307.98,2.88,D,0
17.06648,94.82868,334.02,0.4,0.37,2026-01-08,650,N20,VIIRS,n,2,303.01,2.75,D,0
17.07432,95.05075,334.89,0.39,0.36,2026-01-08,650,N20,VIIRS,n,2,302.07,2.37,D,0
17.07866,96.0144,332.7,0.38,0.36,2026-01-08,650,N20,VIIRS,n,2,301.72,1.21,D,0
17.10533,97.60847,330.67,0.4,0.37,2026-01-08,650,N20,VIIRS,n,2,302.69,2.52,D,0
17.16803,96.69782,333.89,0.39,0.36,2026-01-08,650,N20,VIIRS,n,2,305.32,1.32,D,0
17.25497,95.07251,333.33,0.39,0.36,2026-01-08,650,N20,VIIRS,n,2,302.28,2.3,D,0
17.3432,96.66512,334.79,0.39,0.36,2026-01-08,650,N20,VIIRS,n,2,302.6,3.27,D,0
17.41931,94.90769,336.26,0.4,0.37,2026-01-08,650,N20,VIIRS,n,2,300.63,4.08,D,0
17.43792,82.39105,348.98,0.7,0.75,2026-01-08,650,N20,VIIRS,n,2,297.16,9.16,D,0
17.4414,95.96719,330.32,0.38,0.36,2026-01-08,650,N20,VIIRS,n,2,300.5,2.86,D,0
17.44195,95.97078,354.19,0.38,0.36,2026-01-08,650,N20,VIIRS,n,2,304.66,16.17,D,0
17.44313,82.39125,341.32,0.7,0.75,2026-01-08,650,N20,VIIRS,n,2,296.36,11.73,D,0
17.44524,95.97023,333.65,0.38,0.36,2026-01-08,650,N20,VIIRS,n,2,299.15,3.6,D,0
17.49077,96.44821,339.39,0.38,0.36,2026-01-08,650,N20,VIIRS,n,2,308.03,2.92,D,0
17.54035,94.92068,330.26,0.39,0.37,2026-01-08,650,N20,VIIRS,n,2,299.43,1.56,D,0
17.54904,95.78341,338.48,0.38,0.36,2026-01-08,650,N20,VIIRS,n,2,306.35,3.85,D,0
17.57936,97.24921,332.52,0.39,0.36,2026-01-08,650,N20,VIIRS,n,2,301.61,3.87,D,0
17.6039,83.2029,328.18,0.61,0.71,2026-01-08,650,N20,VIIRS,l,2,298.18,4.3,D,2
17.60518,83.20641,331.66,0.61,0.71,2026-01-08,650,N20,VIIRS,n,2,298.84,3.06,D,0
17.62308,95.80003,335.14,0.38,0.36,2026-01-08,650,N20,VIIRS,n,2,305.06,2.5,D,0
17.67408,95.73618,341.98,0.38,0.36,2026-01-08,650,N20,VIIRS,n,2,309.35,14.73,D,0
17.74168,96.65047,340.58,0.39,0.36,2026-01-08,650,N20,VIIRS,n,2,308.03,4.41,D,0
17.78837,95.70581,334.89,0.38,0.36,2026-01-08,650,N20,VIIRS,n,2,305.81,2.48,D,0
17.93791,96.71513,340.7,0.39,0.36,2026-01-08,650,N20,VIIRS,n,2,307.59,9.59,D,0
17.96225,96.6959,333.48,0.39,0.36,2026-01-08,650,N20,VIIRS,l,2,307.78,1.58,D,0
18.08916,95.29745,339.33,0.39,0.36,2026-01-08,650,N20,VIIRS,n,2,303.28,4.08,D,0
18.13251,95.11837,331.75,0.39,0.36,2026-01-08,650,N20,VIIRS,n,2,299.59,0.88,D,0
18.14241,95.24739,333.88,0.39,0.36,2026-01-08,650,N20,VIIRS,n,2,301.97,2.04,D,0
18.27156,97.96474,335.15,0.41,0.37,2026-01-08,650,N20,VIIRS,n,2,304.96,6.52,D,0
18.33194,95.02383,332.9,0.39,0.36,2026-01-08,650,N20,VIIRS,l,2,304.22,13.68,D,0
18.33582,95.02691,344.26,0.39,0.36,2026-01-08,650,N20,VIIRS,n,2,308.81,13.68,D,0
18.33832,95.02178,346.4,0.39,0.36,2026-01-08,650,N20,VIIRS,n,2,304.19,6.94,D,0
18.34476,95.17133,340.23,0.39,0.36,2026-01-08,650,N20,VIIRS,n,2,300.32,2.36,D,0
18.43592,96.59501,331.29,0.39,0.36,2026-01-08,650,N20,VIIRS,l,2,306,1.95,D,0
18.46885,95.3578,332.91,0.39,0.36,2026-01-08,650,N20,VIIRS,l,2,306.08,2.15,D,0
18.47845,95.26684,349.63,0.39,0.36,2026-01-08,650,N20,VIIRS,n,2,305.33,6.83,D,0
18.49389,95.47614,346.85,0.39,0.36,2026-01-08,650,N20,VIIRS,n,2,304.91,6.7,D,0
18.53179,96.69141,333.5,0.39,0.36,2026-01-08,650,N20,VIIRS,n,2,303,2.58,D,0
18.55849,95.2121,342.28,0.39,0.36,2026-01-08,650,N20,VIIRS,n,2,309.28,14.56,D,0
18.62399,95.74681,338.43,0.38,0.36,2026-01-08,650,N20,VIIRS,n,2,302.31,4.15,D,0
18.80015,95.3678,346.39,0.39,0.36,2026-01-08,650,N20,VIIRS,n,2,309.51,5.52,D,0
18.80345,95.36724,342.96,0.39,0.36,2026-01-08,650,N20,VIIRS,n,2,307.94,5.52,D,0
18.8639,95.42717,352.7,0.38,0.36,2026-01-08,650,N20,VIIRS,n,2,305.66,8.37,D,0
18.92346,95.55075,337.33,0.38,0.36,2026-01-08,650,N20,VIIRS,n,2,309.93,4.85,D,0
18.96353,96.35415,333.48,0.39,0.36,2026-01-08,650,N20,VIIRS,l,2,307.99,1.25,D,0
18.97642,95.23229,338.48,0.39,0.36,2026-01-08,650,N20,VIIRS,n,2,307.51,5.55,D,0
18.97698,95.23592,332.95,0.39,0.36,2026-01-08,650,N20,VIIRS,n,2,303.53,5.55,D,0
18.99216,95.33394,334.03,0.39,0.36,2026-01-08,650,N20,VIIRS,n,2,306.2,1.18,D,0
19.03318,94.87753,329.67,0.39,0.36,2026-01-08,650,N20,VIIRS,l,2,300.26,1.92,D,0
19.12112,95.06872,335.74,0.39,0.36,2026-01-08,650,N20,VIIRS,n,2,303.85,2.98,D,0
19.15936,94.06262,346.95,0.4,0.37,2026-01-08,650,N20,VIIRS,n,2,296.28,8.78,D,0
19.32555,96.3679,336.88,0.39,0.36,2026-01-08,650,N20,VIIRS,n,2,306.27,6.54,D,0
19.32778,96.36005,334.15,0.39,0.36,2026-01-08,650,N20,VIIRS,n,2,304.03,2.6,D,0
19.45701,93.66158,331.57,0.41,0.37,2026-01-08,650,N20,VIIRS,n,2,300.53,3.11,D,0
19.48498,96.30006,331.13,0.39,0.36,2026-01-08,650,N20,VIIRS,n,2,303.81,2.57,D,0
19.48829,96.29951,330.97,0.39,0.36,2026-01-08,650,N20,VIIRS,n,2,303.46,2.57,D,0
19.48883,96.30318,333.38,0.39,0.36,2026-01-08,650,N20,VIIRS,n,2,303.35,2.57,D,0
19.49847,95.22295,335.7,0.39,0.36,2026-01-08,650,N20,VIIRS,n,2,303.73,3.94,D,0
19.53525,97.33767,330.13,0.4,0.37,2026-01-08,650,N20,VIIRS,n,2,300.98,1.58,D,0
19.61052,95.37529,333.7,0.38,0.36,2026-01-08,650,N20,VIIRS,l,2,303.79,3.07,D,0
19.61108,95.37893,335.6,0.38,0.36,2026-01-08,650,N20,VIIRS,n,2,304.03,3.07,D,0
19.61164,95.38255,332.35,0.38,0.36,2026-01-08,650,N20,VIIRS,l,2,303.29,2.34,D,0
19.63946,96.31102,328.91,0.39,0.36,2026-01-08,650,N20,VIIRS,n,2,303.52,1.98,D,0
19.73464,95.23421,331.38,0.38,0.36,2026-01-08,650,N20,VIIRS,l,2,302.5,0.97,D,0
19.78189,96.31004,341.78,0.39,0.36,2026-01-08,650,N20,VIIRS,n,2,307.45,6.71,D,0
19.86034,95.3657,333.75,0.38,0.36,2026-01-08,650,N20,VIIRS,n,2,301.88,2.42,D,0
19.86109,95.08518,337.94,0.39,0.36,2026-01-08,650,N20,VIIRS,n,2,304.71,8.33,D,0
19.86438,95.08461,340.95,0.39,0.36,2026-01-08,650,N20,VIIRS,n,2,305.83,5.09,D,0
19.93572,95.1056,331.46,0.39,0.36,2026-01-08,650,N20,VIIRS,n,2,303.43,1.73,D,0
19.95885,97.06278,331.66,0.4,0.37,2026-01-08,650,N20,VIIRS,n,2,301.12,2.54,D,0
19.96774,97.07694,331.92,0.4,0.37,2026-01-08,650,N20,VIIRS,n,2,300.19,3.54,D,0
20.00663,96.98898,334.82,0.4,0.37,2026-01-08,650,N20,VIIRS,n,2,305.13,4.18,D,0
20.01278,96.98406,329.87,0.4,0.37,2026-01-08,650,N20,VIIRS,l,2,303.41,3.82,D,0
20.01979,97.2489,330.45,0.41,0.37,2026-01-08,650,N20,VIIRS,l,2,301.7,2.71,D,0
20.02034,97.25274,337.29,0.41,0.37,2026-01-08,650,N20,VIIRS,n,2,304.41,4.18,D,0
20.02337,96.98615,342.36,0.4,0.37,2026-01-08,650,N20,VIIRS,n,2,301.45,6.21,D,0
20.02609,97.02864,330.88,0.4,0.37,2026-01-08,650,N20,VIIRS,n,2,300.64,1.98,D,0
20.02673,96.98564,339.52,0.4,0.37,2026-01-08,650,N20,VIIRS,n,2,298.12,5.52,D,0
20.02945,97.02811,335.06,0.4,0.37,2026-01-08,650,N20,VIIRS,n,2,302.45,1.98,D,0
20.04426,97.15458,330.76,0.4,0.37,2026-01-08,650,N20,VIIRS,n,2,298.33,2.98,D,0
20.04481,97.15843,331.37,0.4,0.37,2026-01-08,650,N20,VIIRS,n,2,299.84,2.98,D,0
20.04818,97.15791,345.7,0.4,0.37,2026-01-08,650,N20,VIIRS,n,2,298.87,2.98,D,0
20.05274,97.03226,335.21,0.4,0.37,2026-01-08,650,N20,VIIRS,n,2,302.71,8.05,D,0
20.05851,97.0005,331.74,0.4,0.37,2026-01-08,650,N20,VIIRS,n,2,300.63,6.3,D,0
20.07778,97.41303,333.05,0.41,0.37,2026-01-08,650,N20,VIIRS,n,2,302.18,4.31,D,0
20.14382,96.30252,330.7,0.39,0.36,2026-01-08,650,N20,VIIRS,n,2,305.25,0.75,D,0
20.17653,96.24746,341.74,0.39,0.36,2026-01-08,650,N20,VIIRS,n,2,305.89,3.68,D,0
20.17921,96.91882,329.49,0.4,0.37,2026-01-08,650,N20,VIIRS,n,2,298.81,1.85,D,0
20.19067,95.88771,332.85,0.39,0.36,2026-01-08,650,N20,VIIRS,n,2,301.39,2.93,D,0
20.26787,96.92361,340.04,0.4,0.37,2026-01-08,650,N20,VIIRS,n,2,302.95,6.29,D,0
20.30766,97.27763,332.17,0.41,0.37,2026-01-08,650,N20,VIIRS,n,2,301.3,14.63,D,0
20.32157,97.20449,329.5,0.41,0.37,2026-01-08,650,N20,VIIRS,n,2,302.8,2.03,D,0
20.4829,97.90505,331.9,0.43,0.38,2026-01-08,650,N20,VIIRS,n,2,299.63,4.71,D,0
17.8835,81.58433,325.68,0.77,0.77,2026-01-08,651,N20,VIIRS,n,2,299.33,2.96,D,0
18.84833,84.47871,349.08,0.48,0.65,2026-01-08,651,N20,VIIRS,n,2,298.14,4.53,D,0
18.94895,82.44286,342.83,0.64,0.72,2026-01-08,651,N20,VIIRS,n,2,301.44,5.99,D,0
18.95082,82.44425,336.65,0.64,0.72,2026-01-08,651,N20,VIIRS,n,2,300.72,6.88,D,0
18.96522,82.56976,329.2,0.63,0.72,2026-01-08,651,N20,VIIRS,n,2,298.93,4.59,D,0
18.96632,82.57156,339.52,0.63,0.72,2026-01-08,651,N20,VIIRS,n,2,298.79,5.97,D,0
18.97543,82.37968,327.34,0.65,0.73,2026-01-08,651,N20,VIIRS,n,2,298.17,2.22,D,0
18.98467,82.47792,334.13,0.64,0.72,2026-01-08,651,N20,VIIRS,n,2,297.93,3.82,D,0
18.99489,82.37444,325.94,0.65,0.73,2026-01-08,651,N20,VIIRS,n,2,300.04,1.83,D,0
19.08986,84.58891,328.61,0.46,0.64,2026-01-08,651,N20,VIIRS,n,2,301.15,2.46,D,0
19.13174,82.29627,327.38,0.65,0.73,2026-01-08,651,N20,VIIRS,n,2,294.8,1.12,D,0
19.13412,82.29733,326.35,0.65,0.73,2026-01-08,651,N20,VIIRS,n,2,294.95,1.33,D,0
19.15516,84.60936,328.13,0.46,0.64,2026-01-08,651,N20,VIIRS,n,2,298.53,2.53,D,0
19.24445,82.8084,326.08,0.6,0.71,2026-01-08,651,N20,VIIRS,n,2,298.73,3.81,D,0
19.47901,82.79633,332.53,0.6,0.7,2026-01-08,651,N20,VIIRS,n,2,299.64,4.15,D,0
19.53313,82.82063,335.2,0.59,0.7,2026-01-08,651,N20,VIIRS,n,2,298.95,3.63,D,0
19.53442,82.73935,327.57,0.6,0.7,2026-01-08,651,N20,VIIRS,n,2,298.31,2.09,D,0
19.54067,82.82447,327.03,0.59,0.7,2026-01-08,651,N20,VIIRS,n,2,299.59,3.63,D,0
19.57874,82.51823,328.66,0.62,0.71,2026-01-08,651,N20,VIIRS,n,2,296.46,3.89,D,0
19.6046,82.84254,329.07,0.59,0.7,2026-01-08,651,N20,VIIRS,l,2,300.44,4.27,D,0
19.60701,82.84107,326.72,0.59,0.7,2026-01-08,651,N20,VIIRS,l,2,300.18,5.28,D,0
19.67369,82.72614,327.43,0.6,0.7,2026-01-08,651,N20,VIIRS,n,2,298.03,3.37,D,0
19.92848,82.09516,337.08,0.65,0.73,2026-01-08,651,N20,VIIRS,n,2,296.45,4.45,D,0
20.04248,85.88844,348.8,0.37,0.58,2026-01-08,651,N20,VIIRS,n,2,301.38,2.66,D,0
20.04345,85.79076,338.12,0.37,0.58,2026-01-08,651,N20,VIIRS,n,2,300.95,2.61,D,0
20.04768,85.8872,367,0.37,0.58,2026-01-08,651,N20,VIIRS,h,2,298.87,6.27,D,0
20.04771,85.88715,367,0.37,0.58,2026-01-08,651,N20,VIIRS,h,2,299.03,7.3,D,0
20.05836,86.32484,367,0.34,0.56,2026-01-08,651,N20,VIIRS,h,2,303.33,5.04,D,0
20.05904,86.32803,336.56,0.34,0.56,2026-01-08,651,N20,VIIRS,n,2,298.33,5.04,D,0
20.10054,85.72253,333.51,0.37,0.58,2026-01-08,651,N20,VIIRS,n,2,300.31,3.61,D,0
20.11385,94.74282,335.94,0.39,0.36,2026-01-08,651,N20,VIIRS,n,2,304.75,2.9,D,0
20.12165,86.2827,328.32,0.34,0.56,2026-01-08,651,N20,VIIRS,l,2,298.87,1.27,D,0
20.12398,86.2827,328.55,0.34,0.56,2026-01-08,651,N20,VIIRS,n,2,298.92,1.18,D,0
20.17466,93.13058,339.55,0.42,0.38,2026-01-08,651,N20,VIIRS,n,2,299.08,6.29,D,0
20.17864,85.91257,329.82,0.36,0.58,2026-01-08,651,N20,VIIRS,n,2,300.85,1.91,D,0
20.18811,86.32084,334.47,0.34,0.56,2026-01-08,651,N20,VIIRS,n,2,299.04,2.18,D,0
20.21204,86.30858,330.42,0.34,0.56,2026-01-08,651,N20,VIIRS,n,2,300.37,2.42,D,0
20.2466,95.11454,334.72,0.38,0.36,2026-01-08,651,N20,VIIRS,n,2,304.33,3.18,D,0
20.25144,86.30482,345.86,0.34,0.56,2026-01-08,651,N20,VIIRS,n,2,300.98,2.97,D,0
20.26186,86.32901,329.93,0.34,0.56,2026-01-08,651,N20,VIIRS,n,2,299.12,3.47,D,0
20.26794,86.30765,340.27,0.34,0.56,2026-01-08,651,N20,VIIRS,n,2,302.4,2.74,D,0
20.2686,86.31083,329.57,0.34,0.56,2026-01-08,651,N20,VIIRS,n,2,299.42,2.74,D,0
20.27166,86.52136,341.07,0.33,0.55,2026-01-08,651,N20,VIIRS,n,2,300.77,2.17,D,0
20.27393,95.98972,332.64,0.39,0.36,2026-01-08,651,N20,VIIRS,n,2,302.32,1.54,D,0
20.29095,95.49238,346.06,0.38,0.36,2026-01-08,651,N20,VIIRS,n,2,304.96,4.2,D,0
20.29151,95.49603,333.38,0.38,0.36,2026-01-08,651,N20,VIIRS,n,2,304.19,2.29,D,0
20.30064,94.8493,336.9,0.39,0.36,2026-01-08,651,N20,VIIRS,n,2,302.64,2.74,D,0
20.31002,93.24848,336.64,0.42,0.38,2026-01-08,651,N20,VIIRS,n,2,299.09,3.75,D,0
20.32201,94.83426,335.8,0.39,0.36,2026-01-08,651,N20,VIIRS,n,2,302.26,2.61,D,0
20.32503,95.53894,348.93,0.38,0.36,2026-01-08,651,N20,VIIRS,n,2,306.32,12.09,D,0
20.32558,95.54259,335.52,0.38,0.36,2026-01-08,651,N20,VIIRS,n,2,302.15,2.88,D,0
20.33755,94.67296,333.27,0.39,0.36,2026-01-08,651,N20,VIIRS,n,2,302.7,2.49,D,0
20.35055,94.82172,334.46,0.39,0.36,2026-01-08,651,N20,VIIRS,n,2,302.17,3.33,D,0
20.35778,94.73744,343.18,0.39,0.36,2026-01-08,651,N20,VIIRS,n,2,303.59,3.71,D,0
20.36608,85.89409,328.67,0.36,0.57,2026-01-08,651,N20,VIIRS,l,2,300.43,1.63,D,0
20.36849,93.07012,339.81,0.42,0.38,2026-01-08,651,N20,VIIRS,n,2,302.27,5.2,D,0
20.37127,85.89543,334.62,0.36,0.57,2026-01-08,651,N20,VIIRS,n,2,298.78,2.61,D,0
20.37451,86.16805,367,0.35,0.56,2026-01-08,651,N20,VIIRS,h,2,303.14,5.14,D,0
20.38776,93.05825,326.1,0.42,0.38,2026-01-08,651,N20,VIIRS,n,2,295.29,2.01,D,0
20.39938,93.06433,340.26,0.42,0.38,2026-01-08,651,N20,VIIRS,n,2,299.78,14.55,D,0
20.42431,94.74845,332.89,0.39,0.36,2026-01-08,651,N20,VIIRS,n,2,302.73,2.23,D,0
20.44527,95.77281,339.57,0.38,0.36,2026-01-08,651,N20,VIIRS,n,2,299.68,4.21,D,0
20.44934,86.52615,334.83,0.33,0.55,2026-01-08,651,N20,VIIRS,n,2,300.79,2.17,D,0
20.45903,94.75367,331.89,0.39,0.36,2026-01-08,651,N20,VIIRS,n,2,301.74,2.63,D,0
20.4596,94.75735,339.62,0.39,0.36,2026-01-08,651,N20,VIIRS,n,2,302.07,2.63,D,0
20.4609,96.10516,347.53,0.39,0.36,2026-01-08,651,N20,VIIRS,n,2,306.7,9.87,D,0
20.46233,94.75309,336.59,0.39,0.36,2026-01-08,651,N20,VIIRS,n,2,303.28,2.63,D,0
20.46241,86.21872,346.83,0.34,0.56,2026-01-08,651,N20,VIIRS,n,2,300.52,2.85,D,0
20.48977,94.64532,341.47,0.39,0.36,2026-01-08,651,N20,VIIRS,n,2,304.33,5.14,D,0
20.5036,94.73362,334.41,0.39,0.36,2026-01-08,651,N20,VIIRS,n,2,305.54,1.95,D,0
20.50902,96.61726,332.4,0.39,0.37,2026-01-08,651,N20,VIIRS,n,2,299.49,1.75,D,0
20.50947,86.44144,342.84,0.33,0.55,2026-01-08,651,N20,VIIRS,n,2,301.82,2.13,D,0
20.51387,86.05746,335.2,0.35,0.57,2026-01-08,651,N20,VIIRS,n,2,302.46,3.18,D,0
20.5153,86.46915,337.46,0.33,0.55,2026-01-08,651,N20,VIIRS,n,2,300.65,4.15,D,0
20.51595,86.47221,344.97,0.33,0.55,2026-01-08,651,N20,VIIRS,n,2,301.4,4.15,D,0
20.51596,86.32243,335.66,0.34,0.56,2026-01-08,651,N20,VIIRS,n,2,300.14,3.66,D,0
20.51597,86.05661,333.25,0.35,0.57,2026-01-08,651,N20,VIIRS,n,2,301.18,3.47,D,0
20.51659,86.47528,351.74,0.33,0.55,2026-01-08,651,N20,VIIRS,n,2,299.14,5.69,D,0
20.5247,85.97189,328.51,0.35,0.57,2026-01-08,651,N20,VIIRS,l,2,301.04,2.5,D,0
20.52944,86.20963,332.85,0.34,0.56,2026-01-08,651,N20,VIIRS,n,2,301.95,2.05,D,0
20.52961,83.56868,326.6,0.5,0.66,2026-01-08,651,N20,VIIRS,n,2,299.3,2.99,D,0
20.54381,96.62685,335.77,0.39,0.37,2026-01-08,651,N20,VIIRS,n,2,301.19,2.87,D,0
20.55287,86.39886,328.39,0.33,0.55,2026-01-08,651,N20,VIIRS,l,2,301.78,2.49,D,0
20.55944,97.20661,340.65,0.41,0.37,2026-01-08,651,N20,VIIRS,n,2,309.5,15.43,D,0
20.57171,97.79147,325.74,0.43,0.38,2026-01-08,651,N20,VIIRS,n,2,297.26,2.22,D,0
20.57369,86.44906,328.99,0.33,0.55,2026-01-08,651,N20,VIIRS,l,2,299.5,2.64,D,0
20.57464,86.18176,330.74,0.34,0.56,2026-01-08,651,N20,VIIRS,n,2,302.07,1.64,D,0
20.57602,86.40968,330.9,0.33,0.55,2026-01-08,651,N20,VIIRS,l,2,300.94,2.96,D,0
20.57633,86.21481,332.43,0.34,0.56,2026-01-08,651,N20,VIIRS,n,2,301.93,2.34,D,0
20.58122,97.33633,329.76,0.41,0.37,2026-01-08,651,N20,VIIRS,n,2,294.91,2.35,D,0
20.58794,86.34425,330.33,0.33,0.56,2026-01-08,651,N20,VIIRS,n,2,300.52,1.8,D,0
20.58949,97.15031,331.15,0.41,0.37,2026-01-08,651,N20,VIIRS,n,2,300.71,2.14,D,0
20.59657,97.57046,327.29,0.42,0.38,2026-01-08,651,N20,VIIRS,n,2,300.01,1.76,D,0
20.59682,86.23666,330.69,0.34,0.56,2026-01-08,651,N20,VIIRS,n,2,300.99,1.69,D,0
20.6021,95.52774,334.92,0.38,0.36,2026-01-08,651,N20,VIIRS,n,2,301.94,5.49,D,0
20.60682,95.85456,337.53,0.39,0.36,2026-01-08,651,N20,VIIRS,n,2,305.83,3.31,D,0
20.60973,86.14659,329.04,0.34,0.56,2026-01-08,651,N20,VIIRS,n,2,301.87,1.42,D,0
20.61304,95.51089,340.25,0.38,0.36,2026-01-08,651,N20,VIIRS,n,2,305.48,4.76,D,0
20.62586,86.17306,330.22,0.34,0.56,2026-01-08,651,N20,VIIRS,l,2,302.01,4.29,D,0
20.62914,86.06064,333.18,0.35,0.56,2026-01-08,651,N20,VIIRS,n,2,302.53,2.59,D,0
20.62935,95.84698,334.03,0.39,0.36,2026-01-08,651,N20,VIIRS,n,2,302.15,4.39,D,0
20.63709,86.57698,339.54,0.32,0.55,2026-01-08,651,N20,VIIRS,n,2,299.81,2.42,D,0
20.63771,85.65736,367,0.37,0.58,2026-01-08,651,N20,VIIRS,h,2,303.25,9.48,D,0
20.63844,85.66084,333.02,0.37,0.58,2026-01-08,651,N20,VIIRS,n,2,300.1,6.48,D,0
20.64226,86.09832,336.64,0.34,0.56,2026-01-08,651,N20,VIIRS,n,2,300.78,2.07,D,0
20.64306,86.09018,352.18,0.34,0.56,2026-01-08,651,N20,VIIRS,n,2,302.37,3.33,D,0
20.65926,95.21053,336.7,0.38,0.36,2026-01-08,651,N20,VIIRS,l,2,310.26,3.73,D,0
20.67762,95.30862,339.68,0.38,0.36,2026-01-08,651,N20,VIIRS,n,2,303.06,3.54,D,0
20.70698,96.67383,329.41,0.4,0.37,2026-01-08,651,N20,VIIRS,n,2,301.7,1.9,D,0
20.73863,95.02001,335.39,0.38,0.36,2026-01-08,651,N20,VIIRS,l,2,307.99,2.44,D,0
20.75079,86.45026,348.85,0.33,0.55,2026-01-08,651,N20,VIIRS,n,2,300.32,3.21,D,0
20.76338,86.16569,332.99,0.34,0.56,2026-01-08,651,N20,VIIRS,n,2,300.91,1.97,D,0
20.76406,86.16885,330.89,0.34,0.56,2026-01-08,651,N20,VIIRS,n,2,300.62,1.97,D,0
20.76705,86.4784,331.64,0.32,0.55,2026-01-08,651,N20,VIIRS,n,2,300.92,2,D,0
20.7786,86.76598,330.16,0.62,0.54,2026-01-08,651,N20,VIIRS,n,2,299.33,4.2,D,0
20.78156,81.93829,327.52,0.63,0.72,2026-01-08,651,N20,VIIRS,n,2,298.72,2.67,D,0
20.78269,81.93979,326.08,0.63,0.72,2026-01-08,651,N20,VIIRS,n,2,297.7,2.01,D,0
20.78463,86.38766,336.62,0.33,0.55,2026-01-08,651,N20,VIIRS,n,2,302.69,3.54,D,0
20.78914,95.39412,338.75,0.38,0.36,2026-01-08,651,N20,VIIRS,n,2,305.59,4.5,D,0
20.79268,86.37608,344.51,0.33,0.55,2026-01-08,651,N20,VIIRS,n,2,301.11,2.44,D,0
20.79295,86.10516,328.25,0.34,0.56,2026-01-08,651,N20,VIIRS,n,2,299,2.22,D,0
20.79299,95.39719,345.03,0.38,0.36,2026-01-08,651,N20,VIIRS,n,2,302.72,4.5,D,0
20.79311,85.25522,335.66,0.39,0.59,2026-01-08,651,N20,VIIRS,n,2,302.02,3.32,D,2
20.79331,86.37917,341.99,0.33,0.55,2026-01-08,651,N20,VIIRS,n,2,302.37,2.44,D,0
20.79828,86.37799,328.06,0.33,0.55,2026-01-08,651,N20,VIIRS,l,2,302.19,2.44,D,0
20.80536,86.36279,329.7,0.33,0.55,2026-01-08,651,N20,VIIRS,n,2,301.39,1.33,D,0
20.8057,86.3633,332.21,0.33,0.55,2026-01-08,651,N20,VIIRS,n,2,301.11,1.67,D,0
20.81179,86.31908,344.77,0.33,0.55,2026-01-08,651,N20,VIIRS,n,2,302.17,3.07,D,0
20.82087,86.28761,336.82,0.33,0.55,2026-01-08,651,N20,VIIRS,n,2,299.64,1.85,D,0
20.82314,84.34067,330.04,0.44,0.63,2026-01-08,651,N20,VIIRS,n,2,299.63,2.85,D,0
20.82407,84.34482,337.15,0.44,0.63,2026-01-08,651,N20,VIIRS,n,2,299.86,5.74,D,0
20.82703,84.27849,326.47,0.45,0.63,2026-01-08,651,N20,VIIRS,n,2,298.51,1.85,D,0
20.8271,86.96312,335.87,0.6,0.53,2026-01-08,651,N20,VIIRS,n,2,302.72,5.82,D,0
20.8287,86.96481,332.67,0.6,0.53,2026-01-08,651,N20,VIIRS,n,2,303.23,5.76,D,0
20.83095,96.40802,352.21,0.39,0.36,2026-01-08,651,N20,VIIRS,n,2,307.8,9.03,D,0
20.85443,85.70161,338.76,0.36,0.58,2026-01-08,651,N20,VIIRS,n,2,302.69,2.05,D,0
20.86456,86.27074,331.19,0.33,0.55,2026-01-08,651,N20,VIIRS,n,2,300.56,1.97,D,0
20.87288,85.1341,326.88,0.39,0.6,2026-01-08,651,N20,VIIRS,n,2,299.24,1.1,D,0
20.8765,85.13341,328.89,0.39,0.6,2026-01-08,651,N20,VIIRS,n,2,299.47,1.67,D,0
20.87758,96.91481,343.79,0.4,0.37,2026-01-08,651,N20,VIIRS,n,2,303.66,4.89,D,0
20.87857,85.27472,334.55,0.39,0.59,2026-01-08,651,N20,VIIRS,n,2,300.83,2.81,D,0
20.87897,97.51668,327.22,0.42,0.38,2026-01-08,651,N20,VIIRS,n,2,293.49,3.23,D,0
20.87933,97.51703,328.58,0.42,0.38,2026-01-08,651,N20,VIIRS,n,2,294.22,2.36,D,0
20.88107,81.86735,325.91,0.64,0.72,2026-01-08,651,N20,VIIRS,n,2,297.51,3.07,D,0
20.88514,84.98325,336.43,0.4,0.6,2026-01-08,651,N20,VIIRS,n,2,300.25,4.04,D,2
20.88998,96.88148,334.61,0.4,0.37,2026-01-08,651,N20,VIIRS,n,2,302.49,2.08,D,0
20.89499,96.21793,340.8,0.39,0.36,2026-01-08,651,N20,VIIRS,n,2,308.26,4.35,D,0
20.90713,85.69086,330.1,0.36,0.57,2026-01-08,651,N20,VIIRS,n,2,299.29,2.19,D,0
20.90723,96.95329,336.27,0.4,0.37,2026-01-08,651,N20,VIIRS,n,2,303.75,4.32,D,0
20.91158,86.39757,339.5,0.33,0.55,2026-01-08,651,N20,VIIRS,n,2,301.96,3.45,D,0
20.9119,86.39899,350.63,0.33,0.55,2026-01-08,651,N20,VIIRS,n,2,302.9,5.24,D,0
20.91223,86.40062,345.02,0.33,0.55,2026-01-08,651,N20,VIIRS,n,2,302.68,3.45,D,0
20.92818,85.58517,327.61,0.37,0.58,2026-01-08,651,N20,VIIRS,n,2,298.41,1.13,D,0
20.92875,83.84232,326.88,0.47,0.64,2026-01-08,651,N20,VIIRS,n,2,297.93,3.39,D,0
20.93317,84.02392,326.25,0.46,0.64,2026-01-08,651,N20,VIIRS,n,2,297.12,1.53,D,0
20.93328,84.02143,328.77,0.46,0.64,2026-01-08,651,N20,VIIRS,n,2,296.94,2.21,D,0
20.94632,83.67645,328.34,0.49,0.65,2026-01-08,651,N20,VIIRS,n,2,298.94,2.18,D,0
20.9538,83.73683,336.96,0.48,0.65,2026-01-08,651,N20,VIIRS,n,2,298.67,2.86,D,0
20.95792,95.52296,330.67,0.38,0.36,2026-01-08,651,N20,VIIRS,n,2,303.61,1,D,0
20.9643,86.00772,367,0.34,0.56,2026-01-08,651,N20,VIIRS,h,2,302.89,8.36,D,2
20.96587,85.17342,329.19,0.39,0.59,2026-01-08,651,N20,VIIRS,l,2,302.25,4.28,D,2
20.96744,85.18074,334.11,0.39,0.59,2026-01-08,651,N20,VIIRS,n,2,302.54,5.68,D,2
20.9765,86.25938,329.19,0.33,0.55,2026-01-08,651,N20,VIIRS,n,2,302.14,1.07,D,0
20.97669,85.76276,367,0.36,0.57,2026-01-08,651,N20,VIIRS,h,2,299.1,6.16,D,0
20.98375,84.0043,327.77,0.46,0.64,2026-01-08,651,N20,VIIRS,n,2,296.98,1.78,D,0
20.98456,86.59648,348.66,0.63,0.54,2026-01-08,651,N20,VIIRS,n,2,304.79,10.02,D,0
20.99303,86.56338,333.07,0.63,0.54,2026-01-08,651,N20,VIIRS,n,2,303.78,5.43,D,0
20.99903,86.26709,333.53,0.33,0.55,2026-01-08,651,N20,VIIRS,n,2,302.28,2.24,D,0
20.9994,97.528,328.8,0.42,0.38,2026-01-08,651,N20,VIIRS,n,2,296.77,1.84,D,0
21.00422,82.50557,342.35,0.58,0.69,2026-01-08,651,N20,VIIRS,n,2,299.28,4.62,D,0
21.00612,83.56884,328.47,0.49,0.65,2026-01-08,651,N20,VIIRS,n,2,296.56,2.05,D,0
21.00823,86.3877,333.21,0.32,0.55,2026-01-08,651,N20,VIIRS,n,2,301.11,1.32,D,0
21.01381,86.38957,332.77,0.32,0.55,2026-01-08,651,N20,VIIRS,n,2,302.27,2.84,D,0
21.0189,83.57053,346.97,0.49,0.65,2026-01-08,651,N20,VIIRS,n,2,298.55,7.16,D,0
21.02275,96.00272,338.87,0.39,0.36,2026-01-08,651,N20,VIIRS,n,2,303.2,2.65,D,0
21.02619,83.76474,346.53,0.48,0.65,2026-01-08,651,N20,VIIRS,n,2,301.28,4.52,D,0
21.02627,97.99655,333.4,0.44,0.38,2026-01-08,651,N20,VIIRS,n,2,298.86,2.68,D,0
21.02748,95.46561,330.37,0.38,0.36,2026-01-08,651,N20,VIIRS,n,2,300.93,1.24,D,0
21.0346,86.64038,347.97,0.63,0.54,2026-01-08,651,N20,VIIRS,n,2,302.14,11.81,D,0
21.04756,86.27616,331.52,0.33,0.55,2026-01-08,651,N20,VIIRS,n,2,298.57,1.62,D,0
21.04963,83.78708,326.68,0.48,0.64,2026-01-08,651,N20,VIIRS,l,2,301.63,1.7,D,0
21.05883,83.43052,328.65,0.5,0.66,2026-01-08,651,N20,VIIRS,n,2,298.74,2.47,D,0
21.06064,82.13807,330.14,0.61,0.71,2026-01-08,651,N20,VIIRS,n,2,299.16,4.43,D,0
21.06119,82.13587,332.66,0.61,0.71,2026-01-08,651,N20,VIIRS,n,2,298.76,3.91,D,0
21.06969,84.90643,355.71,0.4,0.6,2026-01-08,651,N20,VIIRS,n,2,303.86,10,D,0
21.07051,84.91019,345.45,0.4,0.6,2026-01-08,651,N20,VIIRS,n,2,300.55,8.99,D,0
21.07206,81.32783,344.3,0.68,0.74,2026-01-08,651,N20,VIIRS,n,2,298.2,6.21,D,0
21.07685,85.04193,339.03,0.39,0.6,2026-01-08,651,N20,VIIRS,n,2,300.36,5.16,D,2
21.09051,86.38197,332.13,0.32,0.55,2026-01-08,651,N20,VIIRS,n,2,301.45,1.54,D,0
21.10586,86.20879,335.78,0.33,0.55,2026-01-08,651,N20,VIIRS,n,2,303.42,2.85,D,0
21.11419,82.48073,334.37,0.57,0.69,2026-01-08,651,N20,VIIRS,n,2,299.96,4.6,D,0
21.11668,86.45832,367,0.32,0.55,2026-01-08,651,N20,VIIRS,h,2,307.01,5.79,D,0
21.11682,82.47764,330.34,0.57,0.69,2026-01-08,651,N20,VIIRS,n,2,300.74,5.25,D,0
21.1173,86.46132,329.96,0.32,0.55,2026-01-08,651,N20,VIIRS,n,2,302.39,6.47,D,0
21.12159,86.45715,333.62,0.32,0.55,2026-01-08,651,N20,VIIRS,n,2,302.3,5.79,D,0
21.12465,86.44696,329.2,0.32,0.55,2026-01-08,651,N20,VIIRS,n,2,302.35,2.06,D,0
21.13765,83.72021,328.87,0.48,0.65,2026-01-08,651,N20,VIIRS,n,2,299.51,2.35,D,0
21.14243,95.91785,330.66,0.39,0.36,2026-01-08,651,N20,VIIRS,n,2,302.24,1.13,D,0
21.14897,83.60772,338.83,0.49,0.65,2026-01-08,651,N20,VIIRS,n,2,298.81,3.88,D,0
21.15684,86.55365,331.46,0.63,0.54,2026-01-08,651,N20,VIIRS,n,2,302.35,3.34,D,0
21.15802,86.55156,329.31,0.63,0.54,2026-01-08,651,N20,VIIRS,n,2,302.45,4.32,D,0
21.15871,86.40884,344,0.32,0.55,2026-01-08,651,N20,VIIRS,n,2,302.3,4.48,D,0
21.16554,97.16345,330.72,0.41,0.37,2026-01-08,651,N20,VIIRS,n,2,298.81,3.46,D,0
21.18795,95.74304,336.43,0.39,0.36,2026-01-08,651,N20,VIIRS,n,2,300.67,4.22,D,0
21.19444,83.8092,326.62,0.47,0.64,2026-01-08,651,N20,VIIRS,n,2,299.04,2.09,D,0
21.20093,83.78388,331.07,0.47,0.64,2026-01-08,651,N20,VIIRS,n,2,300.12,1.94,D,0
21.20464,97.77132,338.5,0.43,0.38,2026-01-08,651,N20,VIIRS,n,2,299.16,5.47,D,0
21.20601,86.11542,350.99,0.33,0.56,2026-01-08,651,N20,VIIRS,n,2,301.73,6.11,D,0
21.20635,83.78381,336.44,0.47,0.64,2026-01-08,651,N20,VIIRS,n,2,298.88,3.6,D,0
21.20668,83.78239,334.82,0.47,0.64,2026-01-08,651,N20,VIIRS,n,2,298.21,3.23,D,0
21.21044,86.50816,328.07,0.63,0.54,2026-01-08,651,N20,VIIRS,n,2,301.51,3.5,D,0
21.21351,83.81477,348.33,0.47,0.64,2026-01-08,651,N20,VIIRS,n,2,299.35,5.48,D,0
21.21364,83.81345,346.55,0.47,0.64,2026-01-08,651,N20,VIIRS,n,2,300.07,4.28,D,0
21.21445,83.73954,328.25,0.48,0.64,2026-01-08,651,N20,VIIRS,l,2,298.56,4.04,D,0
21.21548,83.744,333.68,0.47,0.64,2026-01-08,651,N20,VIIRS,n,2,301.06,3.9,D,0
21.21704,83.74689,326.35,0.48,0.64,2026-01-08,651,N20,VIIRS,l,2,300.57,4.69,D,0
21.21957,83.76178,327.16,0.47,0.64,2026-01-08,651,N20,VIIRS,l,2,297.72,1.22,D,0
21.22407,86.10127,327.89,0.34,0.56,2026-01-08,651,N20,VIIRS,l,2,301.24,2.6,D,0
21.23316,83.7678,338.94,0.47,0.64,2026-01-08,651,N20,VIIRS,n,2,299.42,6.09,D,0
21.23417,83.77223,345.68,0.47,0.64,2026-01-08,651,N20,VIIRS,n,2,298.13,6.09,D,0
21.23454,83.77071,367,0.47,0.64,2026-01-08,651,N20,VIIRS,h,2,300.52,10.16,D,0
21.23732,83.89169,351.81,0.46,0.64,2026-01-08,651,N20,VIIRS,n,2,301.87,7.16,D,0
21.23866,83.84396,327.45,0.47,0.64,2026-01-08,651,N20,VIIRS,l,2,299.23,2.7,D,0
21.23875,83.84521,336.6,0.47,0.64,2026-01-08,651,N20,VIIRS,n,2,299.75,3.52,D,0
21.24074,83.8805,329.67,0.47,0.64,2026-01-08,651,N20,VIIRS,n,2,299.06,3.04,D,0
21.24162,83.75146,328.97,0.47,0.64,2026-01-08,651,N20,VIIRS,n,2,298.54,2.37,D,0
21.24363,83.89347,332.96,0.46,0.64,2026-01-08,651,N20,VIIRS,n,2,300.59,4.43,D,0
21.24824,83.8336,353.62,0.47,0.64,2026-01-08,651,N20,VIIRS,n,2,300.47,10.34,D,0
21.24917,83.83665,367,0.47,0.64,2026-01-08,651,N20,VIIRS,h,2,301.27,11.87,D,0
21.24923,83.83794,341.31,0.47,0.64,2026-01-08,651,N20,VIIRS,n,2,298.98,9.35,D,0
21.26212,83.6804,327.21,0.48,0.65,2026-01-08,651,N20,VIIRS,n,2,299.51,2.03,D,0
21.26457,95.48434,332.28,0.38,0.36,2026-01-08,651,N20,VIIRS,n,2,298.84,0.67,D,0
21.26571,95.53692,333.65,0.38,0.36,2026-01-08,651,N20,VIIRS,l,2,304,2.12,D,0
21.27342,83.86423,329.59,0.47,0.64,2026-01-08,651,N20,VIIRS,n,2,300.67,2.65,D,0
21.2755,83.76637,326.91,0.47,0.64,2026-01-08,651,N20,VIIRS,l,2,300.3,5.95,D,0
21.27816,83.8584,326.8,0.47,0.64,2026-01-08,651,N20,VIIRS,n,2,299.35,2.65,D,0
21.28127,83.76496,348.16,0.47,0.64,2026-01-08,651,N20,VIIRS,n,2,299.9,5.95,D,0
21.28268,83.82491,335.73,0.47,0.64,2026-01-08,651,N20,VIIRS,n,2,298.99,2.66,D,0
21.28685,86.09953,330.89,0.33,0.56,2026-01-08,651,N20,VIIRS,n,2,302.13,2.34,D,0
21.29572,83.61736,329.18,0.48,0.65,2026-01-08,651,N20,VIIRS,n,2,298.41,1.79,D,0
21.29629,83.72343,330.65,0.47,0.64,2026-01-08,651,N20,VIIRS,n,2,297.4,2.1,D,0
21.30875,83.85977,331.43,0.47,0.64,2026-01-08,651,N20,VIIRS,n,2,299.14,2.2,D,0
21.31241,83.76883,328.7,0.47,0.64,2026-01-08,651,N20,VIIRS,n,2,297.45,3.93,D,0
21.31305,83.77091,326.74,0.47,0.64,2026-01-08,651,N20,VIIRS,l,2,296.88,2.88,D,0
21.32088,83.80586,332.79,0.47,0.64,2026-01-08,651,N20,VIIRS,n,2,299.1,1.93,D,0
21.33154,96.25598,333.6,0.39,0.36,2026-01-08,651,N20,VIIRS,n,2,303.64,1.63,D,0
21.35385,83.95337,339.58,0.46,0.63,2026-01-08,651,N20,VIIRS,n,2,298.02,3.4,D,0
21.35441,83.95076,331.54,0.46,0.63,2026-01-08,651,N20,VIIRS,n,2,297.92,4.24,D,0
21.37612,83.808,333.64,0.47,0.64,2026-01-08,651,N20,VIIRS,n,2,297.16,2.63,D,0
21.37836,94.91418,346.83,0.38,0.36,2026-01-08,651,N20,VIIRS,n,2,313.4,29.52,D,0
21.38154,83.88493,326.89,0.46,0.64,2026-01-08,651,N20,VIIRS,n,2,298.5,1.75,D,0
21.38165,94.9136,367,0.38,0.36,2026-01-08,651,N20,VIIRS,h,2,304.4,8.24,D,0
21.38758,95.01817,338.96,0.38,0.36,2026-01-08,651,N20,VIIRS,n,2,305.22,2.97,D,0
21.4038,83.79633,329.49,0.47,0.64,2026-01-08,651,N20,VIIRS,n,2,299.16,1.88,D,0
21.4045,83.69502,329.5,0.47,0.64,2026-01-08,651,N20,VIIRS,n,2,298.94,4.5,D,0
21.40497,83.69352,342.39,0.47,0.64,2026-01-08,651,N20,VIIRS,n,2,299.31,3.65,D,0
21.4079,83.47031,334.72,0.49,0.65,2026-01-08,651,N20,VIIRS,n,2,298.77,4.34,D,0
21.41139,82.79292,326.7,0.54,0.68,2026-01-08,651,N20,VIIRS,n,2,299.76,2.47,D,0
21.43098,83.86331,329.31,0.46,0.64,2026-01-08,651,N20,VIIRS,n,2,298.07,1.99,D,0
21.43601,83.72332,328.51,0.47,0.64,2026-01-08,651,N20,VIIRS,n,2,298.49,1.51,D,0
21.46117,96.12309,342.17,0.39,0.36,2026-01-08,651,N20,VIIRS,n,2,303.74,3.15,D,0
21.46407,83.76853,342.15,0.47,0.64,2026-01-08,651,N20,VIIRS,n,2,300.7,4.73,D,0
21.46465,83.82401,332.75,0.46,0.64,2026-01-08,651,N20,VIIRS,n,2,297.68,2.91,D,0
21.46718,97.07549,332.94,0.41,0.37,2026-01-08,651,N20,VIIRS,n,2,302.25,1.96,D,0
21.46824,85.12576,348.48,0.38,0.59,2026-01-08,651,N20,VIIRS,n,2,298.62,4.25,D,0
21.48149,95.59427,340.7,0.39,0.36,2026-01-08,651,N20,VIIRS,n,2,302.4,3.31,D,0
21.48247,97.84402,326.26,0.43,0.38,2026-01-08,651,N20,VIIRS,l,2,299.78,2.39,D,0
21.48408,83.29919,327.16,0.5,0.66,2026-01-08,651,N20,VIIRS,n,2,300,2.34,D,0
21.50102,83.53323,330.96,0.48,0.65,2026-01-08,651,N20,VIIRS,n,2,297.9,2.87,D,0
21.50226,83.53271,327.38,0.48,0.65,2026-01-08,651,N20,VIIRS,n,2,297.29,2.68,D,0
21.50634,96.24619,333.27,0.39,0.36,2026-01-08,651,N20,VIIRS,n,2,302.66,2.36,D,0
21.50833,97.77217,337.04,0.43,0.38,2026-01-08,651,N20,VIIRS,n,2,303.34,7.68,D,0
21.50898,84.86438,348.46,0.4,0.6,2026-01-08,651,N20,VIIRS,n,2,302.09,3.95,D,0
21.51234,84.12098,326.45,0.44,0.63,2026-01-08,651,N20,VIIRS,n,2,299.2,1.65,D,0
21.52991,95.23797,332.32,0.38,0.36,2026-01-08,651,N20,VIIRS,n,2,300.84,2.7,D,0
21.54098,86.51965,329.45,0.62,0.54,2026-01-08,651,N20,VIIRS,l,2,301.16,6.17,D,0
21.54421,95.06567,333.14,0.38,0.36,2026-01-08,651,N20,VIIRS,n,2,301.46,2.45,D,0
21.54425,86.89624,342.54,0.59,0.53,2026-01-08,651,N20,VIIRS,n,2,301.84,8.45,D,0
21.55087,83.2913,330.63,0.5,0.66,2026-01-08,651,N20,VIIRS,n,2,300.4,2.46,D,0
21.55132,95.24557,333.46,0.38,0.36,2026-01-08,651,N20,VIIRS,n,2,302.2,2.81,D,0
21.59482,93.30005,335.04,0.41,0.37,2026-01-08,651,N20,VIIRS,n,2,301.83,6.19,D,0
21.62108,83.89777,348.39,0.46,0.63,2026-01-08,651,N20,VIIRS,n,2,300.97,10.15,D,0
21.62206,83.90207,353.2,0.46,0.63,2026-01-08,651,N20,VIIRS,n,2,297.79,9.56,D,0
21.63035,87.14249,328.12,0.56,0.52,2026-01-08,651,N20,VIIRS,n,2,299.66,2.36,D,0
21.63428,97.29265,325.75,0.42,0.37,2026-01-08,651,N20,VIIRS,n,2,296.74,1.86,D,0
21.63634,84.10858,338.11,0.44,0.62,2026-01-08,651,N20,VIIRS,n,2,299.17,4.39,D,0
21.63885,84.10738,339.11,0.44,0.62,2026-01-08,651,N20,VIIRS,n,2,298.72,3.7,D,0
21.64169,97.29561,334.02,0.42,0.37,2026-01-08,651,N20,VIIRS,n,2,298.21,4.55,D,0
21.64928,87.11573,329.6,0.57,0.52,2026-01-08,651,N20,VIIRS,n,2,297.73,3.74,D,0
21.64941,96.20302,331.61,0.39,0.36,2026-01-08,651,N20,VIIRS,n,2,304.48,2.48,D,0
21.66117,85.63867,331.3,0.35,0.57,2026-01-08,651,N20,VIIRS,n,2,301.42,1.81,D,0
21.67682,87.0587,334.98,0.57,0.52,2026-01-08,651,N20,VIIRS,n,2,300.75,4.64,D,0
21.67704,84.03992,333.09,0.44,0.63,2026-01-08,651,N20,VIIRS,n,2,304.53,4.03,D,2
21.68031,96.94551,341.52,0.41,0.37,2026-01-08,651,N20,VIIRS,n,2,303.41,4.68,D,0
21.68826,95.45595,333.56,0.38,0.36,2026-01-08,651,N20,VIIRS,n,2,305.1,1.73,D,0
21.69858,96.28658,334.77,0.39,0.36,2026-01-08,651,N20,VIIRS,n,2,298.4,1.91,D,0
21.7011,86.59425,339.67,0.61,0.53,2026-01-08,651,N20,VIIRS,n,2,300.57,3.81,D,0
21.70592,86.59312,327.6,0.61,0.53,2026-01-08,651,N20,VIIRS,l,2,300.37,3.81,D,0
21.71618,96.36134,349.63,0.4,0.37,2026-01-08,651,N20,VIIRS,n,2,307.11,9.97,D,0
21.72873,96.21232,334.08,0.39,0.36,2026-01-08,651,N20,VIIRS,n,2,300.49,2.54,D,0
21.73007,86.76008,339.65,0.59,0.53,2026-01-08,651,N20,VIIRS,n,2,302.41,3.92,D,0
21.7508,84.37041,327.25,0.42,0.61,2026-01-08,651,N20,VIIRS,n,2,298.21,1.26,D,0
21.75548,84.93993,367,0.39,0.59,2026-01-08,651,N20,VIIRS,h,2,301.64,9.15,D,0
21.75755,96.9284,333.62,0.41,0.37,2026-01-08,651,N20,VIIRS,n,2,298.36,3.56,D,0
21.75841,84.92765,334.58,0.39,0.59,2026-01-08,651,N20,VIIRS,n,2,302.03,3.07,D,0
21.75922,84.93135,337.15,0.39,0.59,2026-01-08,651,N20,VIIRS,n,2,299.25,3.07,D,0
21.77903,96.90053,326.85,0.41,0.37,2026-01-08,651,N20,VIIRS,l,2,299.22,2.87,D,0
21.79159,84.88744,344.25,0.39,0.59,2026-01-08,651,N20,VIIRS,n,2,302.61,4.77,D,0
21.79165,93.52208,326.81,0.4,0.37,2026-01-08,651,N20,VIIRS,n,2,295.12,3.27,D,0
21.7924,84.89107,341.58,0.39,0.59,2026-01-08,651,N20,VIIRS,n,2,300.3,4.77,D,0
21.79474,84.88792,367,0.39,0.59,2026-01-08,651,N20,VIIRS,h,2,303.73,9.23,D,0
21.79514,86.69027,330.3,0.6,0.53,2026-01-08,651,N20,VIIRS,n,2,300.92,3.95,D,0
21.79711,84.89889,331.94,0.39,0.59,2026-01-08,651,N20,VIIRS,n,2,300.73,2.52,D,0
21.80236,84.42004,367,0.42,0.61,2026-01-08,651,N20,VIIRS,h,2,302.23,6.39,D,0
21.80244,95.37956,336.9,0.38,0.36,2026-01-08,651,N20,VIIRS,n,2,306.17,2.96,D,0
21.80323,84.424,340.16,0.42,0.61,2026-01-08,651,N20,VIIRS,n,2,299.05,6.39,D,0
21.83705,87.57066,325.65,0.53,0.5,2026-01-08,651,N20,VIIRS,n,2,299.23,2.89,D,0
21.85587,85.8125,345.9,0.34,0.56,2026-01-08,651,N20,VIIRS,n,2,301.74,3.78,D,0
21.8654,84.94185,327.17,0.39,0.59,2026-01-08,651,N20,VIIRS,n,2,301.24,1.75,D,0
21.88049,96.29888,344.38,0.39,0.37,2026-01-08,651,N20,VIIRS,n,2,299.51,6.17,D,0
21.8904,84.92809,344.25,0.39,0.59,2026-01-08,651,N20,VIIRS,n,2,311.89,27.09,D,0
21.89119,84.93174,352.85,0.39,0.59,2026-01-08,651,N20,VIIRS,n,2,300.79,18.62,D,0
21.89572,84.92682,350.9,0.39,0.59,2026-01-08,651,N20,VIIRS,n,2,302.92,6.25,D,0
21.89635,87.70133,328.57,0.51,0.5,2026-01-08,651,N20,VIIRS,n,2,296.74,2.22,D,0
21.91031,84.94249,334.76,0.39,0.59,2026-01-08,651,N20,VIIRS,n,2,303.03,2.83,D,0
21.91109,84.94615,332.57,0.39,0.59,2026-01-08,651,N20,VIIRS,n,2,300.74,2.83,D,0
21.91895,96.23892,343.92,0.39,0.36,2026-01-08,651,N20,VIIRS,n,2,303.78,4.54,D,0
21.92636,90.43994,329.8,0.53,0.42,2026-01-08,651,N20,VIIRS,n,2,299.76,2.46,D,0
21.92716,90.43716,331.63,0.53,0.42,2026-01-08,651,N20,VIIRS,n,2,300.28,4.47,D,0
21.93428,95.92422,332.13,0.39,0.36,2026-01-08,651,N20,VIIRS,n,2,303.07,1.93,D,0
21.98672,86.82496,339.62,0.58,0.52,2026-01-08,651,N20,VIIRS,n,2,299.8,4.75,D,0
21.98705,86.82355,340.2,0.58,0.52,2026-01-08,651,N20,VIIRS,n,2,301.42,11.93,D,0
21.99144,86.82383,330.04,0.58,0.52,2026-01-08,651,N20,VIIRS,n,2,301.16,4.75,D,0
22.01777,96.1489,339.33,0.39,0.36,2026-01-08,651,N20,VIIRS,n,2,307.63,16.46,D,0
22.02329,95.65293,331.6,0.39,0.36,2026-01-08,651,N20,VIIRS,n,2,300.36,1.35,D,0
22.02538,87.77581,341.26,0.51,0.49,2026-01-08,651,N20,VIIRS,n,2,300.08,5.77,D,0
22.03336,85.93983,328.24,0.33,0.55,2026-01-08,651,N20,VIIRS,n,2,300.01,1.51,D,0
22.0462,92.15064,326.07,0.44,0.38,2026-01-08,651,N20,VIIRS,n,2,301.01,1.74,D,0
22.04737,94.88918,340.97,0.38,0.36,2026-01-08,651,N20,VIIRS,n,2,304.49,7.68,D,0
22.07627,95.32819,343.53,0.38,0.36,2026-01-08,651,N20,VIIRS,n,2,306.66,6.99,D,0
22.18283,95.93147,335.35,0.39,0.36,2026-01-08,651,N20,VIIRS,n,2,302,2.93,D,0
22.23608,87.38025,325.91,0.53,0.5,2026-01-08,651,N20,VIIRS,n,2,298.79,1.24,D,0
22.24792,86.88235,332.35,0.57,0.52,2026-01-08,651,N20,VIIRS,n,2,301.42,3.55,D,0
22.26591,95.64134,340.88,0.39,0.36,2026-01-08,651,N20,VIIRS,n,2,302.9,3.47,D,0
22.279,87.47485,332.31,0.52,0.5,2026-01-08,651,N20,VIIRS,n,2,296.28,2.25,D,0
22.29346,95.75922,332.73,0.39,0.36,2026-01-08,651,N20,VIIRS,n,2,302.38,3.1,D,0
22.29677,95.75865,332.04,0.39,0.36,2026-01-08,651,N20,VIIRS,n,2,301.64,2.36,D,0
22.30558,95.65752,332.79,0.39,0.36,2026-01-08,651,N20,VIIRS,n,2,302.32,3.12,D,0
22.32673,87.57198,334.39,0.51,0.5,2026-01-08,651,N20,VIIRS,n,2,299.47,4.93,D,0
22.3279,87.4549,325.92,0.52,0.5,2026-01-08,651,N20,VIIRS,l,2,296.94,5.09,D,0
22.33113,87.45234,347.63,0.52,0.5,2026-01-08,651,N20,VIIRS,n,2,299.87,14.51,D,0
22.33241,87.45385,335.9,0.52,0.5,2026-01-08,651,N20,VIIRS,n,2,298.85,5.09,D,0
22.33564,87.45129,340.48,0.52,0.5,2026-01-08,651,N20,VIIRS,n,2,301.63,14.51,D,0
22.3359,87.44785,340.04,0.52,0.5,2026-01-08,651,N20,VIIRS,n,2,303.24,22.93,D,0
22.33666,87.57482,326.39,0.51,0.5,2026-01-08,651,N20,VIIRS,n,2,300.01,4.13,D,0
22.35135,95.69185,331.12,0.39,0.36,2026-01-08,651,N20,VIIRS,l,2,301.74,2.18,D,0
22.36905,87.51771,326.16,0.52,0.5,2026-01-08,651,N20,VIIRS,l,2,299.46,3.46,D,0
22.37559,95.62617,346.42,0.39,0.36,2026-01-08,651,N20,VIIRS,n,2,303.98,4.27,D,0
22.37773,87.28027,332.95,0.54,0.5,2026-01-08,651,N20,VIIRS,n,2,304.29,5.07,D,2
22.38386,95.65922,350.4,0.39,0.36,2026-01-08,651,N20,VIIRS,n,2,305.36,8,D,0
22.38441,95.66296,345.73,0.39,0.36,2026-01-08,651,N20,VIIRS,n,2,304.43,5.74,D,0
22.39874,95.69119,335.14,0.39,0.36,2026-01-08,651,N20,VIIRS,n,2,303.41,2.76,D,0
22.4335,95.78898,335.22,0.39,0.36,2026-01-08,651,N20,VIIRS,n,2,302.28,2.04,D,0
22.46062,95.42072,344.84,0.39,0.36,2026-01-08,651,N20,VIIRS,n,2,301.76,3.45,D,0
22.47547,95.42961,334.93,0.39,0.36,2026-01-08,651,N20,VIIRS,n,2,301.47,1.58,D,0
22.48152,95.42476,337.08,0.39,0.36,2026-01-08,651,N20,VIIRS,n,2,301.65,4.03,D,0
22.48825,95.56117,335.14,0.39,0.36,2026-01-08,651,N20,VIIRS,n,2,301.53,3.31,D,0
22.49486,95.583,332.66,0.39,0.36,2026-01-08,651,N20,VIIRS,n,2,302.18,3.16,D,0
22.49908,95.40646,332.06,0.39,0.36,2026-01-08,651,N20,VIIRS,n,2,300.68,1.5,D,0
22.49915,97.63316,332.22,0.44,0.38,2026-01-08,651,N20,VIIRS,n,2,295.94,4.08,D,0
22.50405,95.41706,337.1,0.39,0.36,2026-01-08,651,N20,VIIRS,n,2,303.24,3.07,D,0
22.50644,95.59251,337.03,0.39,0.36,2026-01-08,651,N20,VIIRS,n,2,301.14,3.6,D,0
22.50646,95.7076,337.16,0.39,0.36,2026-01-08,651,N20,VIIRS,n,2,302.74,3.8,D,0
22.50791,95.42021,337.3,0.39,0.36,2026-01-08,651,N20,VIIRS,n,2,303.76,3.51,D,0
22.50974,95.59194,340.45,0.39,0.36,2026-01-08,651,N20,VIIRS,n,2,302.84,4.08,D,0
22.51418,95.66785,330.32,0.39,0.36,2026-01-08,651,N20,VIIRS,l,2,300.61,1.99,D,0
22.51633,95.56783,337.31,0.39,0.36,2026-01-08,651,N20,VIIRS,n,2,303.22,3.91,D,0
22.51639,95.7059,336.56,0.39,0.36,2026-01-08,651,N20,VIIRS,n,2,305.54,7.57,D,0
22.52301,95.7509,342.07,0.39,0.36,2026-01-08,651,N20,VIIRS,n,2,303.77,3.41,D,0
22.52467,95.73907,340.5,0.39,0.36,2026-01-08,651,N20,VIIRS,n,2,306.2,4.88,D,0
22.52522,95.74284,332.94,0.39,0.36,2026-01-08,651,N20,VIIRS,n,2,302.63,4.88,D,0
22.52547,95.40192,332.39,0.39,0.36,2026-01-08,651,N20,VIIRS,n,2,301.02,1.92,D,0
22.52632,95.75034,333.4,0.39,0.36,2026-01-08,651,N20,VIIRS,n,2,304.14,2.71,D,0
22.52736,95.57361,333.06,0.39,0.36,2026-01-08,651,N20,VIIRS,n,2,301.52,5.41,D,0
22.53182,95.6495,338.26,0.39,0.36,2026-01-08,651,N20,VIIRS,n,2,304.72,4.99,D,0
22.53948,95.40306,334.59,0.39,0.36,2026-01-08,651,N20,VIIRS,n,2,302,3.54,D,0
22.54168,95.5788,334.53,0.39,0.36,2026-01-08,651,N20,VIIRS,n,2,303.97,6.27,D,0
22.54449,95.64349,334.51,0.39,0.36,2026-01-08,651,N20,VIIRS,n,2,303.15,3.07,D,0
22.54822,95.34814,332.58,0.39,0.36,2026-01-08,651,N20,VIIRS,n,2,302.02,1.68,D,0
22.54926,95.30982,335.33,0.39,0.36,2026-01-08,651,N20,VIIRS,n,2,302.28,1.87,D,0
22.55383,95.45407,333.5,0.39,0.36,2026-01-08,651,N20,VIIRS,n,2,301.76,2.67,D,0
22.55505,97.07926,331.61,0.42,0.37,2026-01-08,651,N20,VIIRS,n,2,297.57,2.48,D,0
22.55607,95.56081,338.59,0.39,0.36,2026-01-08,651,N20,VIIRS,n,2,302.69,6.63,D,0
22.55803,95.30068,332.66,0.39,0.36,2026-01-08,651,N20,VIIRS,n,2,301.12,1.14,D,0
22.56315,95.42571,331.39,0.39,0.36,2026-01-08,651,N20,VIIRS,n,2,302.27,2.14,D,0
22.56792,95.29896,333.48,0.39,0.36,2026-01-08,651,N20,VIIRS,n,2,302.29,4.11,D,0
22.56851,95.32555,339.76,0.39,0.36,2026-01-08,651,N20,VIIRS,n,2,303.29,4.96,D,0
22.57143,95.45868,336.45,0.39,0.36,2026-01-08,651,N20,VIIRS,n,2,302.01,3.66,D,0
22.57613,95.28609,332.91,0.39,0.36,2026-01-08,651,N20,VIIRS,n,2,301.82,1.66,D,0
22.58257,95.2164,330.35,0.38,0.36,2026-01-08,651,N20,VIIRS,l,2,304.31,6.28,D,0
22.58313,95.22012,333.62,0.38,0.36,2026-01-08,651,N20,VIIRS,n,2,303.37,6.28,D,0
22.58642,95.21954,332.5,0.38,0.36,2026-01-08,651,N20,VIIRS,l,2,303.66,6.28,D,0
22.59111,95.36361,332.21,0.39,0.36,2026-01-08,651,N20,VIIRS,n,2,301.63,1.79,D,0
22.61201,95.36762,345.41,0.39,0.36,2026-01-08,651,N20,VIIRS,n,2,301.99,5.51,D,0
22.61522,95.32128,330.3,0.39,0.36,2026-01-08,651,N20,VIIRS,l,2,302.58,2.4,D,0
22.61638,95.3516,333,0.39,0.36,2026-01-08,651,N20,VIIRS,n,2,302.35,2.19,D,0
22.61846,95.29783,331.55,0.39,0.36,2026-01-08,651,N20,VIIRS,n,2,301.73,1.8,D,0
22.62335,95.30414,341.67,0.39,0.36,2026-01-08,651,N20,VIIRS,n,2,306.61,11.96,D,0
22.62391,95.30786,339.22,0.39,0.36,2026-01-08,651,N20,VIIRS,n,2,303.69,9.68,D,0
22.62887,95.31844,334.68,0.39,0.36,2026-01-08,651,N20,VIIRS,n,2,304.08,5.53,D,0
22.65365,95.92565,332.04,0.39,0.36,2026-01-08,651,N20,VIIRS,n,2,300.1,2.42,D,0
22.65752,95.37457,341.35,0.39,0.36,2026-01-08,651,N20,VIIRS,n,2,301.61,2.17,D,0
22.66694,95.92336,345.23,0.39,0.36,2026-01-08,651,N20,VIIRS,n,2,302.66,6.77,D,0
22.67071,95.37229,341.03,0.39,0.36,2026-01-08,651,N20,VIIRS,n,2,301.53,2.85,D,0
22.67401,95.37172,334.43,0.39,0.36,2026-01-08,651,N20,VIIRS,n,2,302.86,1.33,D,0
22.68612,95.38491,334.73,0.39,0.36,2026-01-08,651,N20,VIIRS,n,2,302.73,3.71,D,0
22.6872,95.36944,332.24,0.39,0.36,2026-01-08,651,N20,VIIRS,n,2,301.56,1.43,D,0
22.70969,95.33879,346.23,0.39,0.36,2026-01-08,651,N20,VIIRS,n,2,303.06,6.17,D,0
22.71796,95.34882,346.77,0.39,0.36,2026-01-08,651,N20,VIIRS,n,2,303.22,5.19,D,0
22.71852,95.35255,332.93,0.39,0.36,2026-01-08,651,N20,VIIRS,n,2,302.12,3.33,D,0
22.72344,95.34023,346.87,0.39,0.36,2026-01-08,651,N20,VIIRS,n,2,303.25,5.03,D,0
22.72467,95.4165,331.06,0.39,0.36,2026-01-08,651,N20,VIIRS,n,2,301.6,1.75,D,0
22.75585,97.82236,333.33,0.45,0.39,2026-01-08,651,N20,VIIRS,n,2,300.01,7.29,D,0
22.75868,95.21164,337.12,0.39,0.36,2026-01-08,651,N20,VIIRS,n,2,303.48,2.72,D,0
22.78619,93.40173,325.04,0.4,0.37,2026-01-08,651,N20,VIIRS,n,2,294.88,2.19,D,0
22.78668,92.07565,330.96,0.44,0.38,2026-01-08,651,N20,VIIRS,n,2,298.1,16.15,D,0
22.79215,94.01421,328.66,0.39,0.36,2026-01-08,651,N20,VIIRS,n,2,296.13,2.47,D,0
22.79629,92.04781,325.86,0.44,0.38,2026-01-08,651,N20,VIIRS,n,2,298.15,5.18,D,0
22.79701,92.052,330.57,0.44,0.38,2026-01-08,651,N20,VIIRS,n,2,298.27,6.98,D,0
22.83552,95.45457,343.69,0.39,0.36,2026-01-08,651,N20,VIIRS,n,2,304.1,8.64,D,0
22.86685,96.08767,330.16,0.4,0.37,2026-01-08,651,N20,VIIRS,l,2,301.33,2.19,D,0
22.89857,95.39784,335.02,0.39,0.36,2026-01-08,651,N20,VIIRS,n,2,302.73,3.58,D,0
22.91552,95.32977,338.72,0.39,0.36,2026-01-08,651,N20,VIIRS,n,2,303.42,4.2,D,0
22.9699,94.67508,339.98,0.38,0.36,2026-01-08,651,N20,VIIRS,n,2,306.33,2.72,D,0
22.98795,95.52053,333.47,0.39,0.36,2026-01-08,651,N20,VIIRS,n,2,304.62,5.22,D,0
23.06025,95.7127,332.93,0.39,0.36,2026-01-08,651,N20,VIIRS,n,2,301.14,3.25,D,0
23.09058,96.01566,335.11,0.39,0.37,2026-01-08,651,N20,VIIRS,n,2,300.78,2.95,D,0
23.09391,96.0151,327.89,0.39,0.37,2026-01-08,651,N20,VIIRS,l,2,301,2.72,D,0
23.11444,96.06263,343.86,0.4,0.37,2026-01-08,651,N20,VIIRS,n,2,300.17,3.31,D,0
23.11778,96.06207,329.82,0.4,0.37,2026-01-08,651,N20,VIIRS,n,2,299.47,3.31,D,0
23.11833,96.06591,330.95,0.4,0.37,2026-01-08,651,N20,VIIRS,n,2,299.17,3.29,D,0
23.14304,95.5133,345.6,0.39,0.36,2026-01-08,651,N20,VIIRS,n,2,301.9,8.38,D,0
23.16685,95.72193,329.56,0.39,0.36,2026-01-08,651,N20,VIIRS,n,2,299.03,2.09,D,0
23.17459,95.72836,327.17,0.39,0.36,2026-01-08,651,N20,VIIRS,l,2,299.69,3.86,D,0
23.17791,95.7278,346.07,0.39,0.36,2026-01-08,651,N20,VIIRS,n,2,299.99,3.86,D,0
23.17846,95.73158,340.11,0.39,0.36,2026-01-08,651,N20,VIIRS,n,2,301.56,3.86,D,0
23.20294,96.48923,331.74,0.41,0.37,2026-01-08,651,N20,VIIRS,n,2,295.6,3.91,D,0
23.20777,96.00416,339.48,0.4,0.37,2026-01-08,651,N20,VIIRS,n,2,303.72,13.84,D,0
23.2111,96.00359,340.41,0.4,0.37,2026-01-08,651,N20,VIIRS,n,2,301.92,13.84,D,0
23.27828,93.36774,325.59,0.4,0.37,2026-01-08,651,N20,VIIRS,n,2,298.44,2.5,D,0
23.30177,95.53151,332.93,0.39,0.36,2026-01-08,651,N20,VIIRS,n,2,301.29,2.85,D,0
23.33488,97.95242,326.34,0.46,0.39,2026-01-08,651,N20,VIIRS,n,2,296.99,3.1,D,0
23.36251,95.4826,332.33,0.39,0.36,2026-01-08,651,N20,VIIRS,n,2,299.45,2.2,D,0
21.07458,81.32572,344.08,0.68,0.74,2026-01-08,652,N20,VIIRS,n,2,296.88,6.42,D,0
21.20474,81.93941,326.57,0.62,0.71,2026-01-08,652,N20,VIIRS,l,2,299.21,3.84,D,0
21.35779,81.81081,326.33,0.63,0.72,2026-01-08,652,N20,VIIRS,n,2,298.18,2.86,D,0
21.49882,82.05632,348.08,0.6,0.71,2026-01-08,652,N20,VIIRS,n,2,299.63,8.42,D,0
21.50142,81.70049,328.24,0.63,0.72,2026-01-08,652,N20,VIIRS,n,2,298.48,2.88,D,0
21.50179,81.7009,328.12,0.63,0.72,2026-01-08,652,N20,VIIRS,n,2,298.45,3.58,D,0
21.55151,83.09237,340.06,0.51,0.66,2026-01-08,652,N20,VIIRS,n,2,298.83,4.87,D,0
21.55414,83.29233,328.12,0.5,0.66,2026-01-08,652,N20,VIIRS,l,2,299.65,3.71,D,0
21.61444,82.89271,367,0.53,0.67,2026-01-08,652,N20,VIIRS,h,2,300.48,8.1,D,0
21.62044,82.8911,351.14,0.53,0.67,2026-01-08,652,N20,VIIRS,n,2,302.78,9.39,D,0
21.62084,82.53885,352.78,0.56,0.68,2026-01-08,652,N20,VIIRS,n,2,302.19,11.35,D,0
21.62159,82.89602,327.53,0.53,0.67,2026-01-08,652,N20,VIIRS,n,2,298.45,5.7,D,0
21.62208,82.54406,350.6,0.55,0.68,2026-01-08,652,N20,VIIRS,n,2,302.9,12.98,D,0
21.66244,82.52196,328.69,0.56,0.68,2026-01-08,652,N20,VIIRS,n,2,298.29,1.27,D,0
21.6625,82.49445,367,0.56,0.69,2026-01-08,652,N20,VIIRS,h,2,303.19,17.5,D,0
21.66693,82.49187,328.82,0.56,0.69,2026-01-08,652,N20,VIIRS,l,2,298.83,4.74,D,0
21.66858,82.52037,329.66,0.56,0.68,2026-01-08,652,N20,VIIRS,n,2,298.72,3.31,D,0
21.66995,82.82787,338.44,0.53,0.67,2026-01-08,652,N20,VIIRS,n,2,299.47,4.51,D,0
21.68699,82.79149,329.39,0.53,0.67,2026-01-08,652,N20,VIIRS,n,2,299.34,3.99,D,0
21.69302,82.78989,367,0.53,0.67,2026-01-08,652,N20,VIIRS,h,2,304.84,17.39,D,0
21.70134,82.99389,327.56,0.52,0.67,2026-01-08,652,N20,VIIRS,l,2,300.18,3.78,D,0
21.70324,82.99578,339.63,0.52,0.67,2026-01-08,652,N20,VIIRS,n,2,300.18,3.33,D,0
21.70325,83.10275,333.97,0.51,0.66,2026-01-08,652,N20,VIIRS,n,2,300.05,2.72,D,0
21.70877,83.45949,335.99,0.48,0.65,2026-01-08,652,N20,VIIRS,n,2,299.25,2.66,D,0
21.71052,83.46123,333.08,0.48,0.65,2026-01-08,652,N20,VIIRS,n,2,298.88,2.66,D,0
21.71791,84.07907,336.8,0.44,0.62,2026-01-08,652,N20,VIIRS,n,2,300.25,3.14,D,0
21.75329,84.02592,329.8,0.44,0.63,2026-01-08,652,N20,VIIRS,l,2,301.3,3.39,D,2
21.75763,83.48473,339.4,0.48,0.65,2026-01-08,652,N20,VIIRS,n,2,298.3,3.66,D,0
21.76952,82.67728,334.89,0.54,0.68,2026-01-08,652,N20,VIIRS,n,2,302.71,4.06,D,0
21.78039,84.04074,333.92,0.44,0.63,2026-01-08,652,N20,VIIRS,n,2,299.14,2.91,D,0
21.78972,84.02946,326.43,0.44,0.63,2026-01-08,652,N20,VIIRS,l,2,298.52,1.51,D,0
21.80066,82.42246,333.58,0.56,0.69,2026-01-08,652,N20,VIIRS,n,2,299.63,4.88,D,0
21.80068,84.41659,327.76,0.42,0.61,2026-01-08,652,N20,VIIRS,n,2,298.04,5.34,D,0
21.80157,84.42053,367,0.42,0.61,2026-01-08,652,N20,VIIRS,h,2,303.22,13.29,D,0
21.80681,84.28908,332.31,0.43,0.62,2026-01-08,652,N20,VIIRS,n,2,298.08,2.93,D,0
21.81315,84.31725,353.4,0.42,0.61,2026-01-08,652,N20,VIIRS,n,2,299.81,6.12,D,0
21.81496,82.491,342.54,0.55,0.68,2026-01-08,652,N20,VIIRS,n,2,300.45,6.16,D,0
21.81621,82.49623,332.26,0.55,0.68,2026-01-08,652,N20,VIIRS,n,2,300.6,9.43,D,0
21.81642,82.49045,341.36,0.55,0.68,2026-01-08,652,N20,VIIRS,n,2,300.42,8.84,D,0
21.81764,82.4957,349.1,0.55,0.68,2026-01-08,652,N20,VIIRS,n,2,300.51,9.56,D,0
21.81985,82.4842,326.68,0.55,0.68,2026-01-08,652,N20,VIIRS,l,2,297.49,6.16,D,0
21.8331,84.35429,326.6,0.42,0.61,2026-01-08,652,N20,VIIRS,n,2,299.96,2.08,D,0
21.83629,84.42035,326.14,0.42,0.61,2026-01-08,652,N20,VIIRS,l,2,298.87,1.85,D,0
21.83861,84.35295,335.19,0.42,0.61,2026-01-08,652,N20,VIIRS,n,2,301.36,2.08,D,0
21.84188,83.18702,327.14,0.5,0.66,2026-01-08,652,N20,VIIRS,n,2,297.78,1.72,D,0
21.84294,83.30025,335.25,0.49,0.65,2026-01-08,652,N20,VIIRS,n,2,301.02,3.14,D,0
21.84315,82.58207,339.83,0.55,0.68,2026-01-08,652,N20,VIIRS,n,2,301.2,7.68,D,0
21.84429,82.42238,353.65,0.56,0.69,2026-01-08,652,N20,VIIRS,n,2,298.93,8.44,D,0
21.84437,82.58721,342.95,0.55,0.68,2026-01-08,652,N20,VIIRS,n,2,300.13,9.27,D,0
21.84482,83.41603,334.41,0.48,0.65,2026-01-08,652,N20,VIIRS,n,2,299.51,3.7,D,0
21.84717,83.5062,330.42,0.48,0.64,2026-01-08,652,N20,VIIRS,n,2,300.74,4.09,D,0
21.84801,82.57529,327.11,0.55,0.68,2026-01-08,652,N20,VIIRS,n,2,296.7,5.77,D,0
21.84819,83.51063,334.61,0.48,0.64,2026-01-08,652,N20,VIIRS,n,2,298.67,4.09,D,0
21.84923,82.58044,351.9,0.55,0.68,2026-01-08,652,N20,VIIRS,n,2,299.44,5.77,D,0
21.85601,84.22127,336.76,0.43,0.62,2026-01-08,652,N20,VIIRS,n,2,299.09,2.43,D,0
21.85774,82.5891,328.16,0.54,0.68,2026-01-08,652,N20,VIIRS,l,2,300.38,7.83,D,0
21.86014,84.22156,341.22,0.43,0.62,2026-01-08,652,N20,VIIRS,n,2,299.18,3.75,D,0
21.86154,84.21979,328.33,0.43,0.62,2026-01-08,652,N20,VIIRS,n,2,300.04,2.6,D,0
21.87341,82.44114,339.72,0.56,0.68,2026-01-08,652,N20,VIIRS,n,2,299.31,2.71,D,0
21.87498,82.44199,329.48,0.56,0.69,2026-01-08,652,N20,VIIRS,n,2,297.75,4.16,D,0
21.87706,83.26939,327.21,0.49,0.65,2026-01-08,652,N20,VIIRS,l,2,297.54,4.67,D,0
21.87739,82.47997,329.02,0.55,0.68,2026-01-08,652,N20,VIIRS,n,2,299.67,2.97,D,0
21.87959,83.27071,338.23,0.49,0.65,2026-01-08,652,N20,VIIRS,n,2,298.5,3.79,D,0
21.88049,84.18205,337.25,0.43,0.62,2026-01-08,652,N20,VIIRS,n,2,301.61,2.85,D,0
21.88141,84.18613,327.42,0.43,0.62,2026-01-08,652,N20,VIIRS,n,2,299.83,2.85,D,0
21.90684,82.5798,367,0.54,0.68,2026-01-08,652,N20,VIIRS,h,2,303.11,9.72,D,0
21.90752,82.58101,367,0.54,0.68,2026-01-08,652,N20,VIIRS,h,2,302.06,8.67,D,0
21.90766,84.94272,333.71,0.38,0.59,2026-01-08,652,N20,VIIRS,n,2,302.41,3,D,0
21.90848,84.94636,333.09,0.38,0.59,2026-01-08,652,N20,VIIRS,n,2,300.88,3,D,0
21.90989,84.23441,325.89,0.43,0.62,2026-01-08,652,N20,VIIRS,n,2,300.39,2.02,D,0
21.92082,83.35102,329.56,0.49,0.65,2026-01-08,652,N20,VIIRS,n,2,304.5,5.18,D,2
21.92239,82.72713,341.43,0.53,0.67,2026-01-08,652,N20,VIIRS,n,2,298.64,5.06,D,0
21.92264,82.56478,329.17,0.54,0.68,2026-01-08,652,N20,VIIRS,n,2,299.83,2.35,D,0
21.93655,84.40466,338.2,0.42,0.61,2026-01-08,652,N20,VIIRS,n,2,300.3,3.19,D,0
21.93745,84.40865,325.41,0.42,0.61,2026-01-08,652,N20,VIIRS,l,2,298.54,3.19,D,0
21.93929,82.854,326.88,0.52,0.67,2026-01-08,652,N20,VIIRS,n,2,297.8,3.33,D,0
21.94323,82.40585,331.43,0.56,0.69,2026-01-08,652,N20,VIIRS,n,2,298.65,4.43,D,0
21.94448,82.41112,329.15,0.56,0.69,2026-01-08,652,N20,VIIRS,n,2,298.79,4.75,D,0
21.95304,82.50212,332.02,0.55,0.68,2026-01-08,652,N20,VIIRS,n,2,298.01,1.72,D,0
21.9564,83.10017,346.41,0.5,0.66,2026-01-08,652,N20,VIIRS,n,2,300.11,4.39,D,0
21.95881,83.09901,351.1,0.5,0.66,2026-01-08,652,N20,VIIRS,n,2,300.18,6.08,D,0
21.96539,83.27607,328.26,0.49,0.65,2026-01-08,652,N20,VIIRS,n,2,297.73,3.55,D,0
21.96822,82.27317,354.81,0.57,0.69,2026-01-08,652,N20,VIIRS,n,2,301.25,11.45,D,0
21.96915,84.16889,328.31,0.43,0.62,2026-01-08,652,N20,VIIRS,l,2,300.54,2.18,D,0
21.9695,82.27847,367,0.57,0.69,2026-01-08,652,N20,VIIRS,h,2,298.99,11.45,D,0
21.97004,82.7672,350.09,0.53,0.67,2026-01-08,652,N20,VIIRS,n,2,304.43,21.39,D,0
21.97059,82.76556,350.89,0.53,0.67,2026-01-08,652,N20,VIIRS,n,2,300.14,23.67,D,0
21.97117,82.77211,367,0.53,0.67,2026-01-08,652,N20,VIIRS,h,2,303.09,21.39,D,0
21.97121,82.2747,356.25,0.57,0.69,2026-01-08,652,N20,VIIRS,n,2,302.37,18.33,D,0
21.97175,82.77045,367,0.53,0.67,2026-01-08,652,N20,VIIRS,h,2,305.44,36.19,D,0
21.97201,84.17163,333.91,0.43,0.62,2026-01-08,652,N20,VIIRS,n,2,299.26,2.91,D,0
21.97245,82.28001,327.62,0.57,0.69,2026-01-08,652,N20,VIIRS,n,2,298.33,10.82,D,0
21.97433,82.81332,330.34,0.52,0.67,2026-01-08,652,N20,VIIRS,n,2,299.7,3.41,D,0
21.97952,82.64119,328.94,0.54,0.68,2026-01-08,652,N20,VIIRS,n,2,299.17,3.79,D,0
21.97986,82.50591,367,0.55,0.68,2026-01-08,652,N20,VIIRS,h,2,302.57,9.49,D,0
21.98112,82.289,329.22,0.57,0.69,2026-01-08,652,N20,VIIRS,n,2,298.26,3.27,D,0
21.98299,83.94326,332.56,0.44,0.63,2026-01-08,652,N20,VIIRS,n,2,299.79,3.94,D,0
21.98392,83.94741,332.8,0.44,0.63,2026-01-08,652,N20,VIIRS,n,2,299.33,4.09,D,0
21.9844,82.28581,334.51,0.57,0.69,2026-01-08,652,N20,VIIRS,n,2,299.58,3.12,D,0
21.98644,82.97504,337.71,0.51,0.66,2026-01-08,652,N20,VIIRS,n,2,301.39,5.58,D,0
21.98756,82.97986,340.24,0.51,0.66,2026-01-08,652,N20,VIIRS,n,2,301.04,4.57,D,0
21.98854,82.37669,326.49,0.56,0.69,2026-01-08,652,N20,VIIRS,l,2,300.38,4.02,D,0
21.99201,82.99909,341.15,0.51,0.66,2026-01-08,652,N20,VIIRS,n,2,299.8,3.6,D,0
21.9921,82.77553,326.66,0.53,0.67,2026-01-08,652,N20,VIIRS,n,2,300.13,1.9,D,0
21.99232,82.37319,326.32,0.56,0.69,2026-01-08,652,N20,VIIRS,l,2,298.01,2.5,D,0
21.99239,82.9735,339.9,0.51,0.66,2026-01-08,652,N20,VIIRS,n,2,302.13,17.62,D,0
21.9935,82.9783,353.12,0.51,0.66,2026-01-08,652,N20,VIIRS,n,2,312.2,23.88,D,0
21.99461,82.98312,343.42,0.51,0.66,2026-01-08,652,N20,VIIRS,n,2,300.35,23.88,D,0
22.00016,82.24191,348.64,0.57,0.69,2026-01-08,652,N20,VIIRS,n,2,300.27,8.64,D,0
22.00458,83.02626,328.81,0.51,0.66,2026-01-08,652,N20,VIIRS,n,2,299.11,3.02,D,0
22.00788,83.04057,351.18,0.51,0.66,2026-01-08,652,N20,VIIRS,n,2,300.64,7.33,D,0
22.01748,82.58562,342.35,0.54,0.68,2026-01-08,652,N20,VIIRS,n,2,302.13,5.24,D,0
22.0185,82.58803,347.4,0.54,0.68,2026-01-08,652,N20,VIIRS,n,2,300.71,4.83,D,0
22.01965,82.45991,331.62,0.55,0.68,2026-01-08,652,N20,VIIRS,n,2,300.41,2.86,D,0
22.03412,82.38425,327.45,0.56,0.69,2026-01-08,652,N20,VIIRS,l,2,300.85,4.18,D,0
22.03639,84.18121,327.07,0.43,0.62,2026-01-08,652,N20,VIIRS,n,2,300.06,1.24,D,0
22.03689,83.35422,327.88,0.48,0.65,2026-01-08,652,N20,VIIRS,n,2,301.8,5.81,D,2
22.03913,83.73383,333.22,0.46,0.63,2026-01-08,652,N20,VIIRS,l,2,304.58,3.06,D,2
22.05137,82.59257,327.54,0.54,0.68,2026-01-08,652,N20,VIIRS,l,2,300.8,4.71,D,0
22.05228,82.59494,336.97,0.54,0.68,2026-01-08,652,N20,VIIRS,n,2,301.1,4.18,D,0
22.05495,82.38968,327.54,0.56,0.68,2026-01-08,652,N20,VIIRS,l,2,299.33,2.39,D,0
22.06109,82.38808,332.74,0.56,0.68,2026-01-08,652,N20,VIIRS,n,2,298.37,4.04,D,0
22.06158,82.77288,331.44,0.53,0.67,2026-01-08,652,N20,VIIRS,n,2,300.66,5.28,D,0
22.06165,84.26826,344.09,0.42,0.61,2026-01-08,652,N20,VIIRS,n,2,300.51,9.54,D,0
22.06255,84.27229,367,0.42,0.61,2026-01-08,652,N20,VIIRS,h,2,300.46,11.48,D,0
22.06273,82.77784,331.26,0.52,0.67,2026-01-08,652,N20,VIIRS,n,2,299.3,4.8,D,0
22.06291,82.7749,327.66,0.52,0.67,2026-01-08,652,N20,VIIRS,n,2,299,2.28,D,0
22.06511,83.82201,328.9,0.45,0.63,2026-01-08,652,N20,VIIRS,n,2,297.71,2.92,D,0
22.08764,82.36841,326.21,0.56,0.68,2026-01-08,652,N20,VIIRS,l,2,297.05,3.11,D,0
22.0982,83.80305,327.1,0.45,0.63,2026-01-08,652,N20,VIIRS,n,2,297.77,1.49,D,0
22.09857,82.81771,350.8,0.52,0.67,2026-01-08,652,N20,VIIRS,n,2,297.49,7.4,D,0
22.1029,82.81419,334.73,0.52,0.67,2026-01-08,652,N20,VIIRS,n,2,298.97,5.06,D,0
22.10404,82.81915,327.19,0.52,0.67,2026-01-08,652,N20,VIIRS,n,2,297.53,4.09,D,0
22.14151,82.34828,337.97,0.56,0.69,2026-01-08,652,N20,VIIRS,n,2,299.2,7.08,D,0
22.15434,83.52017,334.18,0.47,0.64,2026-01-08,652,N20,VIIRS,n,2,299.01,2.91,D,0
22.15475,83.52226,326.39,0.47,0.64,2026-01-08,652,N20,VIIRS,l,2,298.32,1.8,D,0
22.16668,84.32613,338.86,0.42,0.61,2026-01-08,652,N20,VIIRS,n,2,301.29,3.04,D,0
22.20669,82.13692,344.75,0.57,0.69,2026-01-08,652,N20,VIIRS,n,2,297.35,5.33,D,0
22.21109,84.84405,344.69,0.39,0.59,2026-01-08,652,N20,VIIRS,n,2,301.86,3.12,D,2
22.21429,84.84378,332.74,0.38,0.59,2026-01-08,652,N20,VIIRS,n,2,301.41,2.66,D,2
22.23309,84.94552,348.27,0.38,0.59,2026-01-08,652,N20,VIIRS,n,2,301.58,4.24,D,0
22.23695,84.94493,345.68,0.38,0.59,2026-01-08,652,N20,VIIRS,n,2,301.82,3.96,D,0
22.25993,84.09833,328.33,0.43,0.62,2026-01-08,652,N20,VIIRS,n,2,300.13,2.64,D,0
22.32987,84.02642,325.89,0.43,0.62,2026-01-08,652,N20,VIIRS,n,2,299.38,1.45,D,0
22.34831,84.05635,339,0.43,0.62,2026-01-08,652,N20,VIIRS,n,2,299.94,2.81,D,0
22.41678,86.00271,332.16,0.32,0.55,2026-01-08,652,N20,VIIRS,n,2,300.66,1.4,D,0
22.41768,83.74701,329.85,0.45,0.63,2026-01-08,652,N20,VIIRS,n,2,299.81,2.93,D,0
22.42016,83.74836,347.71,0.45,0.63,2026-01-08,652,N20,VIIRS,n,2,303.41,4.99,D,0
22.4533,87.41779,337.34,0.52,0.5,2026-01-08,652,N20,VIIRS,n,2,299.65,3.59,D,0
22.48887,87.47672,331.63,0.52,0.5,2026-01-08,652,N20,VIIRS,n,2,298.16,2.51,D,0
22.59756,86.96143,328.26,0.55,0.51,2026-01-08,652,N20,VIIRS,l,2,300.71,3.64,D,0
22.6276,88.1916,341.19,0.46,0.47,2026-01-08,652,N20,VIIRS,n,2,296.9,6.45,D,0
22.63188,88.19062,330.59,0.46,0.47,2026-01-08,652,N20,VIIRS,n,2,297.02,3.18,D,0
22.64996,83.48294,333.31,0.46,0.64,2026-01-08,652,N20,VIIRS,n,2,298.79,2.54,D,0
22.68732,86.88873,328.2,0.56,0.51,2026-01-08,652,N20,VIIRS,n,2,300.55,3.85,D,0
22.74643,87.82686,330.83,0.49,0.48,2026-01-08,652,N20,VIIRS,n,2,297.92,1.76,D,0
22.74737,87.82961,328.92,0.49,0.48,2026-01-08,652,N20,VIIRS,n,2,296.02,1.5,D,0
22.77735,83.50999,332.59,0.46,0.63,2026-01-08,652,N20,VIIRS,n,2,301.44,3.02,D,0
22.90444,88.30544,326.51,0.45,0.47,2026-01-08,652,N20,VIIRS,n,2,299.79,1.49,D,0
22.91427,86.07928,326.42,0.62,0.54,2026-01-08,652,N20,VIIRS,n,2,299.87,3.24,D,0
22.99407,84.26483,333.32,0.4,0.6,2026-01-08,652,N20,VIIRS,n,2,299.36,2.28,D,0
23.02593,87.74084,340.18,0.49,0.48,2026-01-08,652,N20,VIIRS,n,2,300.73,4.24,D,0
23.03668,88.13577,327,0.46,0.47,2026-01-08,652,N20,VIIRS,l,2,298.88,1.94,D,0
23.03925,87.76205,339.95,0.49,0.48,2026-01-08,652,N20,VIIRS,n,2,300.93,8.48,D,0
23.05948,88.339,332.47,0.45,0.47,2026-01-08,652,N20,VIIRS,n,2,299.21,3.39,D,0
23.0601,88.33896,332.22,0.45,0.47,2026-01-08,652,N20,VIIRS,n,2,299.55,3.28,D,0
23.08932,87.73835,326.03,0.49,0.48,2026-01-08,652,N20,VIIRS,n,2,298.87,2.28,D,0
23.10597,87.28033,330.3,0.52,0.5,2026-01-08,652,N20,VIIRS,n,2,298.88,3.97,D,0
23.11033,87.9109,325.2,0.47,0.48,2026-01-08,652,N20,VIIRS,n,2,298.05,3.17,D,0
23.11192,87.89632,331.22,0.47,0.48,2026-01-08,652,N20,VIIRS,n,2,298.39,3.37,D,0
23.11283,87.90086,335.44,0.47,0.48,2026-01-08,652,N20,VIIRS,n,2,297.73,3.37,D,0
23.11624,87.89532,325.17,0.47,0.48,2026-01-08,652,N20,VIIRS,n,2,298.57,3.37,D,0
23.11715,87.89986,328.17,0.47,0.48,2026-01-08,652,N20,VIIRS,n,2,297.59,3.37,D,0
23.12439,87.25519,346.08,0.52,0.5,2026-01-08,652,N20,VIIRS,n,2,300.56,6.26,D,0
23.15956,85.81812,329.53,0.32,0.55,2026-01-08,652,N20,VIIRS,n,2,299.96,1.58,D,0
23.28197,87.02378,330.59,0.53,0.5,2026-01-08,652,N20,VIIRS,n,2,299.99,3.72,D,0
23.2925,87.77243,333.47,0.48,0.48,2026-01-08,652,N20,VIIRS,n,2,297.88,2.81,D,0
23.30844,87.64772,325.46,0.49,0.48,2026-01-08,652,N20,VIIRS,n,2,299.87,2.89,D,0
23.31625,87.64101,325.48,0.49,0.48,2026-01-08,652,N20,VIIRS,l,2,300.01,4.43,D,0
23.34663,87.70197,342.51,0.48,0.48,2026-01-08,652,N20,VIIRS,n,2,300.64,6.97,D,0
23.36308,87.92196,326.34,0.47,0.48,2026-01-08,652,N20,VIIRS,n,2,298.59,1.34,D,0
23.36776,89.07326,338.68,0.4,0.44,2026-01-08,652,N20,VIIRS,n,2,295.98,2.26,D,0
23.37395,89.03978,335.48,0.4,0.44,2026-01-08,652,N20,VIIRS,n,2,296.43,4.73,D,0
23.38859,87.61613,326.52,0.49,0.48,2026-01-08,652,N20,VIIRS,n,2,300.92,1.98,D,0
23.40383,88.0379,325.21,0.46,0.47,2026-01-08,652,N20,VIIRS,n,2,297.1,1.08,D,0
23.42106,87.61832,334.1,0.49,0.48,2026-01-08,652,N20,VIIRS,n,2,299.25,2.95,D,0
23.42704,87.85211,325.64,0.47,0.48,2026-01-08,652,N20,VIIRS,n,2,298.03,1.56,D,0
23.45486,87.67355,327.93,0.48,0.48,2026-01-08,652,N20,VIIRS,n,2,298.3,2.26,D,0
23.55911,87.23919,341.58,0.51,0.49,2026-01-08,652,N20,VIIRS,n,2,300.49,12.89,D,2
23.57048,87.68127,326.71,0.48,0.48,2026-01-08,652,N20,VIIRS,n,2,299.64,2.37,D,0
23.5705,88.06536,339.41,0.45,0.47,2026-01-08,652,N20,VIIRS,n,2,299.24,5.21,D,0
23.64682,85.43887,326.11,0.33,0.55,2026-01-08,652,N20,VIIRS,l,2,299.55,2.34,D,2
23.66142,93.40217,331.76,0.39,0.36,2026-01-08,652,N20,VIIRS,n,2,299.2,3.09,D,0
23.66958,87.81202,327.77,0.47,0.48,2026-01-08,652,N20,VIIRS,n,2,298.1,1.99,D,0
23.67528,86.09016,325.87,0.6,0.53,2026-01-08,652,N20,VIIRS,l,2,298.95,4.28,D,0
23.74446,87.30178,331.54,0.5,0.49,2026-01-08,652,N20,VIIRS,n,2,299.46,2.73,D,0
23.76031,86.40427,329.76,0.57,0.52,2026-01-08,652,N20,VIIRS,l,2,304.47,9.24,D,2
23.76203,86.40597,329.99,0.57,0.52,2026-01-08,652,N20,VIIRS,l,2,302.38,4.79,D,2
23.76612,86.40868,336.1,0.57,0.52,2026-01-08,652,N20,VIIRS,n,2,301.28,3.55,D,2
23.76669,86.40479,335.85,0.57,0.52,2026-01-08,652,N20,VIIRS,n,2,301.17,4.79,D,2
23.77841,86.39053,342.82,0.57,0.52,2026-01-08,652,N20,VIIRS,n,2,310.83,6.11,D,2
23.79953,86.35065,341.78,0.57,0.52,2026-01-08,652,N20,VIIRS,n,2,308.2,5.44,D,2
23.80374,87.56947,325.54,0.48,0.48,2026-01-08,652,N20,VIIRS,n,2,299.35,2.86,D,0
23.82558,84.57436,339.28,0.37,0.58,2026-01-08,652,N20,VIIRS,n,2,303.97,3.9,D,0
23.82907,87.37696,329.81,0.5,0.49,2026-01-08,652,N20,VIIRS,n,2,300.13,2.22,D,0
23.83323,87.55758,338.67,0.48,0.48,2026-01-08,652,N20,VIIRS,n,2,300.16,3.89,D,0
23.85875,86.9103,340.51,0.53,0.5,2026-01-08,652,N20,VIIRS,n,2,294.35,3.86,D,0
23.85929,86.91151,345.22,0.53,0.5,2026-01-08,652,N20,VIIRS,n,2,293.36,4.47,D,0
23.89545,87.59612,332.18,0.48,0.48,2026-01-08,652,N20,VIIRS,n,2,298.54,3.91,D,0
23.89568,87.59362,338.52,0.48,0.48,2026-01-08,652,N20,VIIRS,n,2,299.31,3.37,D,0
23.89662,87.59821,333.85,0.48,0.48,2026-01-08,652,N20,VIIRS,n,2,298.08,3.37,D,0
23.89888,87.59049,329,0.48,0.48,2026-01-08,652,N20,VIIRS,l,2,300.04,3.76,D,0
23.98504,92.93559,330.32,0.4,0.37,2026-01-08,652,N20,VIIRS,n,2,292.12,2.64,D,0
24.0346,87.76955,338.32,0.46,0.47,2026-01-08,652,N20,VIIRS,n,2,298.43,3.72,D,0
24.18334,95.85518,325.1,0.4,0.37,2026-01-08,652,N20,VIIRS,n,2,298.46,2.52,D,0
24.19714,96.14531,330.15,0.4,0.37,2026-01-08,652,N20,VIIRS,n,2,302.61,2.66,D,0
24.25178,93.64667,333.08,0.39,0.36,2026-01-08,652,N20,VIIRS,n,2,297.29,3.57,D,0
24.5271,94.48136,330.25,0.38,0.36,2026-01-08,652,N20,VIIRS,n,2,294.52,3.71,D,0
24.59076,93.74599,331.7,0.39,0.36,2026-01-08,652,N20,VIIRS,n,2,298.66,3.86,D,0
24.59894,93.84152,333.15,0.39,0.36,2026-01-08,652,N20,VIIRS,n,2,294.81,3.63,D,0
24.63577,93.68728,325.93,0.39,0.36,2026-01-08,652,N20,VIIRS,n,2,290.82,2.02,D,0
24.77065,93.67739,329.22,0.39,0.36,2026-01-08,652,N20,VIIRS,n,2,294.37,3.72,D,0
24.80906,92.35612,326.61,0.41,0.37,2026-01-08,652,N20,VIIRS,l,2,301.56,2.54,D,0
24.85058,92.24837,326.51,0.41,0.37,2026-01-08,652,N20,VIIRS,l,2,298.03,2.13,D,0
24.87705,93.92562,326.38,0.38,0.36,2026-01-08,652,N20,VIIRS,n,2,298.61,2.68,D,0
24.93264,93.62766,330.3,0.39,0.36,2026-01-08,652,N20,VIIRS,n,2,290.79,6.52,D,0
24.98655,97.33051,331.05,0.45,0.39,2026-01-08,652,N20,VIIRS,n,2,297.84,2.8,D,0
25.00395,93.0698,327.83,0.39,0.36,2026-01-08,652,N20,VIIRS,n,2,298.71,1.7,D,0
25.01759,97.07667,337.64,0.44,0.38,2026-01-08,652,N20,VIIRS,n,2,298.55,6.94,D,0
25.03297,87.37231,327.29,0.47,0.48,2026-01-08,652,N20,VIIRS,n,2,290.22,2.81,D,0
25.06148,96.57822,331.73,0.42,0.38,2026-01-08,652,N20,VIIRS,n,2,297.71,3.31,D,0
25.12272,97.32338,341.17,0.45,0.39,2026-01-08,652,N20,VIIRS,n,2,301.18,3.75,D,0
25.12627,97.32282,336.61,0.45,0.39,2026-01-08,652,N20,VIIRS,n,2,300.16,3.75,D,0
25.17906,93.94292,329.43,0.38,0.36,2026-01-08,652,N20,VIIRS,n,2,287.74,2.71,D,0
25.18021,93.95039,334.85,0.38,0.36,2026-01-08,652,N20,VIIRS,n,2,288.83,3.71,D,0
25.20133,91.15683,329.54,0.44,0.39,2026-01-08,652,N20,VIIRS,n,2,296.04,3.48,D,0
25.21738,94.21491,333.07,0.38,0.36,2026-01-08,652,N20,VIIRS,n,2,294.93,3.14,D,0
25.24672,94.54308,330.38,0.38,0.36,2026-01-08,652,N20,VIIRS,n,2,295.49,4.43,D,0
25.25385,94.54568,328.37,0.38,0.36,2026-01-08,652,N20,VIIRS,n,2,290.36,2.48,D,0
25.25719,95.99837,329.09,0.41,0.37,2026-01-08,652,N20,VIIRS,n,2,296.29,2.1,D,0
25.30363,91.69504,349.47,0.42,0.38,2026-01-08,652,N20,VIIRS,n,2,296.88,6.03,D,0
25.30676,92.8138,327.49,0.4,0.37,2026-01-08,652,N20,VIIRS,n,2,290.62,1.93,D,0
25.3345,91.18719,325.53,0.44,0.39,2026-01-08,652,N20,VIIRS,n,2,293.41,3.82,D,0
25.33727,91.18562,334.51,0.44,0.39,2026-01-08,652,N20,VIIRS,n,2,295,6.87,D,0
25.33802,91.18661,333.82,0.44,0.39,2026-01-08,652,N20,VIIRS,n,2,292.11,3.82,D,0
25.33921,91.44951,333.59,0.43,0.38,2026-01-08,652,N20,VIIRS,n,2,296.16,3.37,D,0
25.35581,91.54676,330.75,0.43,0.38,2026-01-08,652,N20,VIIRS,n,2,295.76,3.29,D,0
25.35654,91.55103,335.79,0.43,0.38,2026-01-08,652,N20,VIIRS,n,2,298.33,7.85,D,0
25.36142,91.55878,335.43,0.43,0.38,2026-01-08,652,N20,VIIRS,n,2,296.46,15.01,D,0
25.36342,91.54963,326.08,0.43,0.38,2026-01-08,652,N20,VIIRS,l,2,296.91,6.02,D,0
25.36486,91.55808,339.58,0.43,0.38,2026-01-08,652,N20,VIIRS,n,2,302.83,15.01,D,0
25.36686,91.54887,334.48,0.43,0.38,2026-01-08,652,N20,VIIRS,n,2,297.33,6.26,D,0
25.3683,91.55736,331.79,0.43,0.38,2026-01-08,652,N20,VIIRS,n,2,297.99,40.24,D,0
25.38306,94.70536,332.25,0.39,0.36,2026-01-08,652,N20,VIIRS,n,2,292.63,2.66,D,0
25.41394,94.73128,325.89,0.39,0.36,2026-01-08,652,N20,VIIRS,n,2,300.79,2.09,D,0
25.49406,91.46669,339.61,0.43,0.38,2026-01-08,652,N20,VIIRS,n,2,296.83,4.05,D,0
25.49646,91.46747,330.23,0.43,0.38,2026-01-08,652,N20,VIIRS,n,2,294.97,12.85,D,0
25.5446,96.1066,335.12,0.41,0.37,2026-01-08,652,N20,VIIRS,n,2,294.66,4.95,D,0
25.56423,93.79333,341.25,0.38,0.36,2026-01-08,652,N20,VIIRS,n,2,298.28,24.66,D,0
25.61237,91.93942,326.51,0.41,0.37,2026-01-08,652,N20,VIIRS,n,2,293.87,3.08,D,0
25.61987,92.62307,329.15,0.4,0.37,2026-01-08,652,N20,VIIRS,n,2,293.01,1.79,D,0
25.62539,96.66483,334.38,0.43,0.38,2026-01-08,652,N20,VIIRS,n,2,299.13,4.54,D,0
25.6901,90.68524,331.66,0.46,0.39,2026-01-08,652,N20,VIIRS,n,2,294.02,3.58,D,0
25.6933,92.44703,326.3,0.4,0.37,2026-01-08,652,N20,VIIRS,n,2,295.92,1.63,D,0
25.71905,92.49889,329.59,0.4,0.37,2026-01-08,652,N20,VIIRS,n,2,294.57,1.83,D,0
25.72326,94.09806,328.58,0.38,0.36,2026-01-08,652,N20,VIIRS,n,2,291.77,3.75,D,0
25.99499,94.27823,328.69,0.38,0.36,2026-01-08,652,N20,VIIRS,n,2,291.71,3.16,D,0
26.02867,93.87341,333.09,0.38,0.36,2026-01-08,652,N20,VIIRS,n,2,299.84,2.13,D,0
26.05577,94.43559,341.17,0.39,0.36,2026-01-08,652,N20,VIIRS,n,2,297.4,7.57,D,0
26.05906,94.43498,330.93,0.39,0.36,2026-01-08,652,N20,VIIRS,n,2,297.59,5.44,D,0
26.19819,92.39053,328.31,0.4,0.37,2026-01-08,652,N20,VIIRS,n,2,296.58,1.93,D,0
26.19826,92.72232,332.25,0.39,0.36,2026-01-08,652,N20,VIIRS,n,2,296.05,2.74,D,0
26.20937,94.69358,331.27,0.39,0.36,2026-01-08,652,N20,VIIRS,n,2,289.38,5.29,D,0
26.22631,92.2044,325.99,0.4,0.37,2026-01-08,652,N20,VIIRS,n,2,298.38,1.56,D,0
26.42933,94.07272,335.9,0.38,0.36,2026-01-08,652,N20,VIIRS,n,2,295.82,1.84,D,0
26.43262,94.07211,345.64,0.38,0.36,2026-01-08,652,N20,VIIRS,n,2,298.05,5.99,D,0
26.54618,90.59919,336.56,0.45,0.39,2026-01-08,652,N20,VIIRS,n,2,297.33,3.17,D,0
26.54654,90.59769,346.33,0.45,0.39,2026-01-08,652,N20,VIIRS,n,2,297.25,4.63,D,0
26.55399,94.84336,325.69,0.39,0.36,2026-01-08,652,N20,VIIRS,n,2,291.37,1.86,D,0
26.57054,92.74977,336.3,0.39,0.36,2026-01-08,652,N20,VIIRS,n,2,303.33,7.55,D,0
26.61082,90.12248,331.25,0.47,0.4,2026-01-08,652,N20,VIIRS,n,2,298.92,2.98,D,0
26.70446,93.60453,348.06,0.38,0.36,2026-01-08,652,N20,VIIRS,n,2,299.39,7.91,D,0
26.7178,95.13084,335.33,0.4,0.37,2026-01-08,652,N20,VIIRS,n,2,296.75,16.57,D,0
26.72114,95.13029,350.15,0.4,0.37,2026-01-08,652,N20,VIIRS,n,2,299.32,16.57,D,0
26.72381,95.13052,345.15,0.4,0.37,2026-01-08,652,N20,VIIRS,n,2,303.3,15.15,D,0
26.72437,95.1345,329.7,0.4,0.37,2026-01-08,652,N20,VIIRS,n,2,291.93,15.15,D,0
26.72494,95.13849,332.59,0.4,0.37,2026-01-08,652,N20,VIIRS,n,2,290.96,3.06,D,0
26.72716,95.13007,330.12,0.4,0.37,2026-01-08,652,N20,VIIRS,n,2,294.1,15.15,D,0
26.72828,95.138,330.08,0.4,0.37,2026-01-08,652,N20,VIIRS,n,2,291.27,3.06,D,0
26.77678,95.2627,332,0.4,0.37,2026-01-08,652,N20,VIIRS,n,2,289.77,4.68,D,0
26.78013,95.26215,336.31,0.4,0.37,2026-01-08,652,N20,VIIRS,n,2,286.8,4.68,D,0
26.78317,93.51823,328.96,0.38,0.36,2026-01-08,652,N20,VIIRS,n,2,294.9,2.21,D,0
26.78405,95.26564,336.56,0.4,0.37,2026-01-08,652,N20,VIIRS,n,2,284.93,3.05,D,0
26.79781,93.65734,333.4,0.38,0.36,2026-01-08,652,N20,VIIRS,n,2,299.74,3.14,D,0
26.81033,95.40306,336.03,0.4,0.37,2026-01-08,652,N20,VIIRS,n,2,294.23,16.47,D,0
26.81313,95.39857,350.65,0.4,0.37,2026-01-08,652,N20,VIIRS,n,2,306.29,16.47,D,0
26.81368,95.40243,351.4,0.4,0.37,2026-01-08,652,N20,VIIRS,n,2,304.74,16.47,D,0
26.81421,95.40622,328.45,0.4,0.37,2026-01-08,652,N20,VIIRS,n,2,288.9,3.31,D,0
26.81593,95.39401,349.24,0.4,0.37,2026-01-08,652,N20,VIIRS,n,2,297.3,34.42,D,0
26.81647,95.39787,352.34,0.4,0.37,2026-01-08,652,N20,VIIRS,n,2,303.59,32.85,D,0
26.81701,95.40171,355.66,0.4,0.37,2026-01-08,652,N20,VIIRS,n,2,293.3,32.85,D,0
26.82315,93.66827,331.81,0.38,0.36,2026-01-08,652,N20,VIIRS,l,2,302.34,6.42,D,0
26.82374,93.6721,325.42,0.38,0.36,2026-01-08,652,N20,VIIRS,l,2,298.93,6.42,D,0
26.82455,95.02882,329.5,0.39,0.36,2026-01-08,652,N20,VIIRS,n,2,297.13,9.41,D,0
26.82578,95.24583,330.38,0.4,0.37,2026-01-08,652,N20,VIIRS,n,2,290.56,5.42,D,0
26.82872,95.2663,342.85,0.4,0.37,2026-01-08,652,N20,VIIRS,n,2,295.02,7.1,D,0
26.82911,95.24514,339.65,0.4,0.37,2026-01-08,652,N20,VIIRS,n,2,291.64,4.43,D,0
26.8303,95.25343,331.15,0.4,0.37,2026-01-08,652,N20,VIIRS,n,2,294.27,5.58,D,0
26.83089,95.25753,353.44,0.4,0.37,2026-01-08,652,N20,VIIRS,n,2,299.1,22.43,D,0
26.83148,95.26161,341.6,0.4,0.37,2026-01-08,652,N20,VIIRS,n,2,307.75,22.43,D,0
26.83206,95.26567,347.82,0.4,0.37,2026-01-08,652,N20,VIIRS,n,2,301.33,21.32,D,0
26.83303,95.2486,326.68,0.4,0.37,2026-01-08,652,N20,VIIRS,n,2,291.91,5.58,D,0
26.83363,95.25275,332.33,0.4,0.37,2026-01-08,652,N20,VIIRS,n,2,290.66,5.58,D,0
26.83422,95.25686,351.83,0.4,0.37,2026-01-08,652,N20,VIIRS,n,2,292.43,22.43,D,0
26.83481,95.26093,327.69,0.4,0.37,2026-01-08,652,N20,VIIRS,n,2,292.74,22.43,D,0
26.8354,95.26501,326.74,0.4,0.37,2026-01-08,652,N20,VIIRS,n,2,290.79,21.32,D,0
26.86551,92.23764,325.01,0.4,0.37,2026-01-08,652,N20,VIIRS,l,2,299.54,1.81,D,0
26.87045,95.37802,329.58,0.4,0.37,2026-01-08,652,N20,VIIRS,n,2,289.03,3.65,D,0
26.91386,94.98489,343.02,0.39,0.36,2026-01-08,652,N20,VIIRS,n,2,294.34,6.98,D,0
26.92742,95.29456,335.35,0.4,0.37,2026-01-08,652,N20,VIIRS,n,2,295.41,5.8,D,0
26.93586,92.56506,340.4,0.39,0.36,2026-01-08,652,N20,VIIRS,n,2,298.1,7.48,D,0
26.96962,94.05068,334.24,0.38,0.36,2026-01-08,652,N20,VIIRS,n,2,299.65,2.61,D,0
27.02389,93.03263,328.84,0.39,0.36,2026-01-08,652,N20,VIIRS,n,2,296.29,2.62,D,0
27.02449,93.03646,327.11,0.39,0.36,2026-01-08,652,N20,VIIRS,n,2,293.69,2.32,D,0
27.03844,95.26334,329.35,0.4,0.37,2026-01-08,652,N20,VIIRS,n,2,293.81,3.52,D,0
27.04431,94.2072,331.8,0.39,0.36,2026-01-08,652,N20,VIIRS,n,2,299.64,4.33,D,0
27.05147,94.20983,331.36,0.39,0.36,2026-01-08,652,N20,VIIRS,n,2,299.13,3.36,D,0
27.05497,94.07462,327.31,0.38,0.36,2026-01-08,652,N20,VIIRS,n,2,297.19,1.51,D,0
27.06349,94.29084,327.1,0.39,0.36,2026-01-08,652,N20,VIIRS,n,2,296.75,1.5,D,0
27.16313,96.08298,345.79,0.42,0.38,2026-01-08,652,N20,VIIRS,n,2,296.02,4.09,D,0
27.16656,96.08238,327.43,0.42,0.38,2026-01-08,652,N20,VIIRS,n,2,295.44,4.09,D,0
27.25872,97.45339,334.73,0.48,0.4,2026-01-08,652,N20,VIIRS,n,2,297.22,3.58,D,0
27.26789,94.73682,334.69,0.39,0.36,2026-01-08,652,N20,VIIRS,n,2,301.41,10.91,D,0
27.2739,97.45586,330.61,0.48,0.4,2026-01-08,652,N20,VIIRS,n,2,297.57,3.21,D,0
27.27575,97.44075,325.58,0.48,0.4,2026-01-08,652,N20,VIIRS,l,2,296.61,3.88,D,0
27.30422,97.51981,335.01,0.48,0.4,2026-01-08,652,N20,VIIRS,n,2,298.16,11.58,D,0
27.31768,97.4784,327.21,0.48,0.4,2026-01-08,652,N20,VIIRS,n,2,294.18,2.44,D,0
27.3771,95.3331,326.88,0.4,0.37,2026-01-08,652,N20,VIIRS,n,2,297.1,2.7,D,0
27.37767,95.33714,330.65,0.4,0.37,2026-01-08,652,N20,VIIRS,n,2,295.61,2.91,D,0
27.39365,94.69035,330.38,0.39,0.36,2026-01-08,652,N20,VIIRS,n,2,301,2.5,D,0
27.49467,96.15816,338.57,0.43,0.38,2026-01-08,652,N20,VIIRS,n,2,302.39,6.77,D,0
27.53705,96.52748,330.06,0.44,0.38,2026-01-08,652,N20,VIIRS,n,2,296.91,6.67,D,0
27.54056,96.52691,343.61,0.44,0.38,2026-01-08,652,N20,VIIRS,n,2,307.24,32.63,D,0
27.54523,96.53507,330.85,0.44,0.38,2026-01-08,652,N20,VIIRS,n,2,294.76,7.97,D,0
26.42553,82.64532,330.22,0.43,0.62,2026-01-08,653,N20,VIIRS,n,2,287.36,1.95,D,0
26.44876,84.61028,330.41,0.32,0.55,2026-01-08,653,N20,VIIRS,n,2,291.08,1.57,D,0
26.4768,84.57117,327.15,0.32,0.55,2026-01-08,653,N20,VIIRS,n,2,290.6,3.19,D,0
26.62675,83.92689,330.2,0.35,0.57,2026-01-08,653,N20,VIIRS,n,2,291.6,1.89,D,0
26.62843,83.92657,325.22,0.35,0.57,2026-01-08,653,N20,VIIRS,n,2,291.06,1.74,D,0
26.81422,90.38009,328.75,0.46,0.39,2026-01-08,653,N20,VIIRS,n,2,297.44,4.39,D,0
26.90941,89.29919,326.52,0.51,0.41,2026-01-08,653,N20,VIIRS,n,2,289.5,1.53,D,0
26.91057,83.89056,326.12,0.35,0.57,2026-01-08,653,N20,VIIRS,n,2,290.7,1.87,D,0
26.91636,84.2645,326.02,0.33,0.55,2026-01-08,653,N20,VIIRS,n,2,292.06,2.15,D,0
27.02617,84.0808,332.35,0.34,0.56,2026-01-08,653,N20,VIIRS,n,2,293.86,3.3,D,0
27.08028,84.36574,328.19,0.32,0.55,2026-01-08,653,N20,VIIRS,n,2,295.25,1.45,D,0
27.13109,84.94921,330.67,0.6,0.53,2026-01-08,653,N20,VIIRS,n,2,293.59,5.13,D,0
27.13237,84.95508,325.94,0.6,0.53,2026-01-08,653,N20,VIIRS,n,2,291.87,4.49,D,0
27.15072,86.50352,341.67,0.48,0.48,2026-01-08,653,N20,VIIRS,n,2,293.83,6.88,D,0
27.23581,84.28829,340.75,0.33,0.55,2026-01-08,653,N20,VIIRS,n,2,295.47,3.77,D,0
27.2571,88.09486,338.18,0.39,0.44,2026-01-08,653,N20,VIIRS,n,2,283.07,4.19,D,0
27.42609,94.37905,328.86,0.39,0.36,2026-01-08,653,N20,VIIRS,n,2,295.66,1.57,D,0
27.5092,93.79491,325.28,0.38,0.36,2026-01-08,653,N20,VIIRS,n,2,292.44,2,D,0
27.54141,94.79649,329.55,0.39,0.36,2026-01-08,653,N20,VIIRS,n,2,299.5,2.81,D,0
27.5531,94.38805,327.02,0.39,0.36,2026-01-08,653,N20,VIIRS,n,2,299.26,2.3,D,0
27.5564,94.38742,326.85,0.39,0.36,2026-01-08,653,N20,VIIRS,n,2,297.78,2.3,D,0
27.6263,94.94056,329.16,0.4,0.37,2026-01-08,653,N20,VIIRS,n,2,300.36,1.62,D,0
27.65749,94.94314,341.2,0.4,0.37,2026-01-08,653,N20,VIIRS,n,2,302.25,8.82,D,0
27.65924,95.80264,339.51,0.42,0.37,2026-01-08,653,N20,VIIRS,n,2,297.18,5.31,D,0
27.68973,96.28977,330.24,0.43,0.38,2026-01-08,653,N20,VIIRS,n,2,295.44,3.81,D,0
27.6903,96.29409,326.71,0.43,0.38,2026-01-08,653,N20,VIIRS,n,2,297.77,3.67,D,0
27.72721,94.98415,331.49,0.4,0.37,2026-01-08,653,N20,VIIRS,n,2,297.75,2.28,D,0
27.72979,96.27002,341.71,0.43,0.38,2026-01-08,653,N20,VIIRS,n,2,302.33,6.72,D,0
27.78253,93.62838,334.38,0.38,0.36,2026-01-08,653,N20,VIIRS,n,2,293.26,5.15,D,0
27.78497,95.07663,327.15,0.4,0.37,2026-01-08,653,N20,VIIRS,n,2,298.1,1.79,D,0
27.92893,96.0888,328.98,0.43,0.38,2026-01-08,653,N20,VIIRS,n,2,297.45,1.79,D,0
27.95556,95.90179,325.98,0.42,0.38,2026-01-08,653,N20,VIIRS,l,2,299.68,2.33,D,0
28.00151,96.03364,330.97,0.43,0.38,2026-01-08,653,N20,VIIRS,n,2,298.32,8.04,D,0
28.08325,95.55754,334.33,0.41,0.37,2026-01-08,653,N20,VIIRS,n,2,295.15,2.41,D,0
28.08367,95.55779,331.53,0.41,0.37,2026-01-08,653,N20,VIIRS,n,2,295.62,3.31,D,0
28.0882,95.56552,332.89,0.41,0.37,2026-01-08,653,N20,VIIRS,n,2,300.12,10.07,D,0
28.08877,95.56969,333.11,0.41,0.37,2026-01-08,653,N20,VIIRS,n,2,299.32,7.83,D,0
28.08933,95.57385,330.53,0.41,0.37,2026-01-08,653,N20,VIIRS,n,2,296.34,7.83,D,0
28.21244,95.73308,325.57,0.42,0.37,2026-01-08,653,N20,VIIRS,l,2,298.81,1.41,D,0
28.43234,84.75008,342.2,0.58,0.52,2026-01-08,653,N20,VIIRS,n,2,295.13,8.09,D,0
28.43732,84.75027,340.17,0.58,0.52,2026-01-08,653,N20,VIIRS,n,2,293.53,9.66,D,0
28.57516,94.15798,331.64,0.39,0.36,2026-01-08,653,N20,VIIRS,n,2,285.18,4.16,D,0
28.74931,95.85575,332.71,0.43,0.38,2026-01-08,653,N20,VIIRS,n,2,291.82,5.45,D,0
28.75211,95.85035,327.68,0.43,0.38,2026-01-08,653,N20,VIIRS,n,2,288.98,2.09,D,0
28.75275,95.85509,329.44,0.43,0.38,2026-01-08,653,N20,VIIRS,n,2,297.73,5.45,D,0
29.02841,95.80467,328.85,0.43,0.38,2026-01-08,653,N20,VIIRS,n,2,284.65,2.42,D,0
29.16768,92.20668,338.18,0.39,0.36,2026-01-08,653,N20,VIIRS,n,2,286.99,1.82,D,0
29.17096,92.20599,341.05,0.39,0.36,2026-01-08,653,N20,VIIRS,n,2,287.5,3.79,D,0
29.17108,92.18551,329.96,0.39,0.36,2026-01-08,653,N20,VIIRS,n,2,289.64,1.74,D,0
29.1716,92.20998,328.27,0.39,0.36,2026-01-08,653,N20,VIIRS,n,2,287.95,1.29,D,0
29.17171,92.18946,340.45,0.39,0.36,2026-01-08,653,N20,VIIRS,n,2,290.04,1.74,D,0
29.17234,92.19341,334.14,0.39,0.36,2026-01-08,653,N20,VIIRS,n,2,295.53,1.1,D,0
29.17298,92.19737,325.76,0.39,0.36,2026-01-08,653,N20,VIIRS,n,2,294.32,1.1,D,0
29.17499,92.18877,352.9,0.39,0.36,2026-01-08,653,N20,VIIRS,n,2,285.68,10.72,D,0
29.17562,92.19273,349.81,0.39,0.36,2026-01-08,653,N20,VIIRS,n,2,288.88,6.51,D,0
29.17626,92.1967,356.17,0.39,0.36,2026-01-08,653,N20,VIIRS,l,2,287.93,6.51,D,0
29.17689,92.20067,336.36,0.39,0.36,2026-01-08,653,N20,VIIRS,n,2,287.41,3.88,D,0
29.18017,92.19999,339.47,0.39,0.36,2026-01-08,653,N20,VIIRS,n,2,290.05,3.88,D,0
29.18218,92.19137,342.21,0.39,0.36,2026-01-08,653,N20,VIIRS,n,2,290.84,3.64,D,0
29.18282,92.19535,335.32,0.39,0.36,2026-01-08,653,N20,VIIRS,n,2,291.22,3.64,D,0
29.18345,92.1993,353.03,0.39,0.36,2026-01-08,653,N20,VIIRS,n,2,295.5,5.41,D,0
29.3915,90.8307,342.32,0.42,0.37,2026-01-08,653,N20,VIIRS,n,2,297.84,14.47,D,0
29.56464,90.95416,355.5,0.41,0.37,2026-01-08,653,N20,VIIRS,l,2,296.01,31.55,D,0
29.56534,90.95827,348.57,0.41,0.37,2026-01-08,653,N20,VIIRS,n,2,296,5.56,D,0
29.69828,91.33847,336.11,0.4,0.37,2026-01-08,653,N20,VIIRS,n,2,291.87,5.18,D,0
29.69894,91.34252,350.4,0.4,0.37,2026-01-08,653,N20,VIIRS,n,2,291.22,5.18,D,0
29.70228,91.34186,355.72,0.4,0.37,2026-01-08,653,N20,VIIRS,l,2,297.41,5.18,D,0
29.70295,91.34595,356.23,0.4,0.37,2026-01-08,653,N20,VIIRS,l,2,297.6,14.69,D,0
29.70629,91.34533,341.79,0.4,0.37,2026-01-08,653,N20,VIIRS,n,2,297.17,5,D,0
28.37956,80.82372,338.19,0.5,0.65,2026-01-08,654,N20,VIIRS,n,2,286.41,3.94,D,0
29.38808,79.91768,330.99,0.53,0.67,2026-01-08,654,N20,VIIRS,n,2,289.31,4.03,D,0
29.38869,79.9166,331.22,0.53,0.67,2026-01-08,654,N20,VIIRS,n,2,289.59,4.25,D,0
30.94672,78.32426,340.47,0.6,0.71,2026-01-08,654,N20,VIIRS,n,2,282.37,10.52,D,0
30.95493,78.33772,335.84,0.6,0.71,2026-01-08,654,N20,VIIRS,n,2,284.01,7.64,D,0
31.18892,78.15003,327.26,0.61,0.71,2026-01-08,655,N20,VIIRS,n,2,286.44,6.76,D,0
31.19041,78.15543,331.19,0.61,0.71,2026-01-08,655,N20,VIIRS,n,2,282.89,6.76,D,0
8.86541,78.15607,335.81,0.41,0.45,2026-01-08,829,N20,VIIRS,n,2,287.24,6.2,D,2
8.86698,78.15632,340.09,0.41,0.45,2026-01-08,829,N20,VIIRS,n,2,288.7,6.17,D,2
8.86751,78.16006,328.12,0.41,0.45,2026-01-08,829,N20,VIIRS,n,2,284.68,5.52,D,0
9.07772,77.73776,340.25,0.39,0.44,2026-01-08,829,N20,VIIRS,n,2,299.46,4.27,D,0
9.62722,76.454,336.3,0.5,0.41,2026-01-08,829,N20,VIIRS,n,2,307.01,5.02,D,0
9.62786,76.45856,346.42,0.5,0.41,2026-01-08,829,N20,VIIRS,n,2,304.85,5.02,D,0
9.64028,76.43819,347.22,0.5,0.41,2026-01-08,829,N20,VIIRS,n,2,308.38,8.14,D,0
9.648,76.49303,337.96,0.51,0.41,2026-01-08,829,N20,VIIRS,n,2,306.8,6.68,D,0
9.76222,76.75914,329.96,0.52,0.42,2026-01-08,829,N20,VIIRS,n,2,301.73,3,D,0
9.76322,76.89484,329.65,0.53,0.42,2026-01-08,829,N20,VIIRS,n,2,299.4,5.87,D,0
9.78415,76.98586,331.91,0.54,0.42,2026-01-08,829,N20,VIIRS,n,2,300.59,4.38,D,0
9.83709,76.93114,338.25,0.54,0.42,2026-01-08,829,N20,VIIRS,n,2,298.46,7.01,D,0
9.83951,76.92039,334.4,0.54,0.42,2026-01-08,829,N20,VIIRS,n,2,299.38,6.23,D,0
9.84022,76.92542,341.62,0.54,0.42,2026-01-08,829,N20,VIIRS,n,2,300.22,6.23,D,0
9.84406,76.92471,333.18,0.54,0.42,2026-01-08,829,N20,VIIRS,l,2,304.91,6.23,D,0
9.84656,76.91452,332.12,0.54,0.42,2026-01-08,829,N20,VIIRS,n,2,301.22,4.2,D,0
10.84517,76.63477,330.67,0.53,0.42,2026-01-08,829,N20,VIIRS,l,2,301.37,5.24,D,0
11.27614,76.56897,342.66,0.53,0.42,2026-01-08,829,N20,VIIRS,n,2,300.56,11.3,D,0
11.44068,77.29405,338.95,0.39,0.44,2026-01-08,829,N20,VIIRS,n,2,302.19,2.95,D,0
11.72084,76.60359,344.6,0.54,0.42,2026-01-08,829,N20,VIIRS,n,2,304.26,7.72,D,0
11.85258,76.8362,341.75,0.56,0.43,2026-01-08,830,N20,VIIRS,n,2,305.88,5.42,D,0
11.8803,76.57425,337.95,0.54,0.42,2026-01-08,830,N20,VIIRS,n,2,306.35,5.57,D,0
11.88417,76.57367,336.05,0.54,0.42,2026-01-08,830,N20,VIIRS,n,2,304.47,3.37,D,0
11.88486,76.57053,337.14,0.54,0.42,2026-01-08,830,N20,VIIRS,n,2,303.19,4.8,D,0
11.88805,76.57313,335.3,0.54,0.42,2026-01-08,830,N20,VIIRS,n,2,302.42,3.37,D,0
12.07367,75.38086,345.69,0.47,0.4,2026-01-08,830,N20,VIIRS,n,2,311.27,12.08,D,0
12.0925,75.30383,354.14,0.47,0.4,2026-01-08,830,N20,VIIRS,n,2,313.9,16.51,D,0
12.09309,75.30807,333.98,0.47,0.4,2026-01-08,830,N20,VIIRS,l,2,307.24,8.53,D,0
12.1793,76.71009,330.36,0.56,0.43,2026-01-08,830,N20,VIIRS,n,2,303.16,1.09,D,0
12.25166,76.30624,341.32,0.53,0.42,2026-01-08,830,N20,VIIRS,n,2,302.29,5.88,D,0
12.2584,76.9331,331.5,0.38,0.44,2026-01-08,830,N20,VIIRS,n,2,302.55,1.79,D,0
12.45914,77.43523,341.78,0.42,0.45,2026-01-08,830,N20,VIIRS,n,2,302.05,5.31,D,0
12.46143,77.48502,354.49,0.42,0.45,2026-01-08,830,N20,VIIRS,n,2,305.01,7.05,D,0
12.46233,77.39555,330.74,0.41,0.45,2026-01-08,830,N20,VIIRS,l,2,301.39,3.91,D,0
12.46648,77.3951,333.02,0.41,0.45,2026-01-08,830,N20,VIIRS,n,2,301.36,3.91,D,0
12.57966,77.40363,334.81,0.42,0.45,2026-01-08,830,N20,VIIRS,n,2,303.21,3.98,D,0
12.58616,77.45289,337.44,0.42,0.45,2026-01-08,830,N20,VIIRS,n,2,306.04,2.53,D,0
12.5903,77.45229,333.2,0.42,0.45,2026-01-08,830,N20,VIIRS,n,2,304.48,2.53,D,0
12.62162,76.61031,330.31,0.56,0.43,2026-01-08,830,N20,VIIRS,l,2,303.54,2.33,D,0
12.62554,76.60972,331.12,0.56,0.43,2026-01-08,830,N20,VIIRS,l,2,301.3,2.33,D,0
12.72916,74.95296,346.76,0.46,0.39,2026-01-08,830,N20,VIIRS,n,2,307.25,5.44,D,0
12.73481,77.34954,341.96,0.41,0.45,2026-01-08,830,N20,VIIRS,n,2,299.51,4.58,D,0
12.77223,77.10489,340.56,0.4,0.44,2026-01-08,830,N20,VIIRS,n,2,300.16,3.55,D,0
12.78512,77.17022,344.04,0.4,0.45,2026-01-08,830,N20,VIIRS,n,2,302.03,6.21,D,0
12.78563,77.17403,335.37,0.4,0.45,2026-01-08,830,N20,VIIRS,n,2,300.45,6.21,D,0
12.8062,75.20254,330.22,0.47,0.4,2026-01-08,830,N20,VIIRS,n,2,303.36,2.22,D,0
12.80665,77.14498,337.72,0.4,0.44,2026-01-08,830,N20,VIIRS,n,2,301.96,3.83,D,0
12.83774,77.09869,331.24,0.4,0.44,2026-01-08,830,N20,VIIRS,n,2,300.03,1.27,D,0
12.83929,76.56436,336.67,0.56,0.43,2026-01-08,830,N20,VIIRS,n,2,302.29,6.38,D,0
12.91885,74.86664,335.32,0.45,0.39,2026-01-08,830,N20,VIIRS,l,2,309.39,3.87,D,0
12.93852,75.64011,333.36,0.5,0.41,2026-01-08,830,N20,VIIRS,n,2,301.08,6.55,D,0
12.94225,75.63967,331.81,0.5,0.41,2026-01-08,830,N20,VIIRS,n,2,299.04,12.29,D,0
12.94718,75.64769,331.7,0.5,0.41,2026-01-08,830,N20,VIIRS,l,2,301.85,4.62,D,0
12.94919,75.64847,331.54,0.5,0.41,2026-01-08,830,N20,VIIRS,n,2,298.69,4.86,D,0
13.15166,76.09227,335.57,0.53,0.42,2026-01-08,830,N20,VIIRS,n,2,301.16,3.27,D,0
13.15231,76.09709,331.94,0.53,0.42,2026-01-08,830,N20,VIIRS,n,2,300.52,3.27,D,0
13.47079,77.1243,339.17,0.41,0.45,2026-01-08,830,N20,VIIRS,n,2,302.46,3.78,D,0
13.4719,77.12453,339.98,0.41,0.45,2026-01-08,830,N20,VIIRS,n,2,302.99,3.84,D,0
13.48369,76.8106,338.02,0.39,0.44,2026-01-08,830,N20,VIIRS,n,2,300.5,4.87,D,0
13.49561,77.187,342.03,0.41,0.45,2026-01-08,830,N20,VIIRS,n,2,301.56,4.52,D,0
13.53856,77.5898,343,0.44,0.46,2026-01-08,830,N20,VIIRS,n,2,298.76,6.18,D,0
13.53889,77.58961,346.07,0.44,0.46,2026-01-08,830,N20,VIIRS,n,2,298.94,6.74,D,0
13.66127,77.6404,333.23,0.44,0.46,2026-01-08,830,N20,VIIRS,n,2,297.55,3.01,D,0
13.6686,76.51875,332.07,0.57,0.43,2026-01-08,830,N20,VIIRS,l,2,302.77,3.6,D,0
13.72705,76.57265,336.45,0.38,0.43,2026-01-08,830,N20,VIIRS,n,2,303.93,2.44,D,0
13.81295,77.61272,334.22,0.44,0.46,2026-01-08,830,N20,VIIRS,n,2,299.8,3.11,D,0
13.86881,76.00795,332.88,0.53,0.42,2026-01-08,830,N20,VIIRS,n,2,301.48,4.51,D,0
13.95047,77.04874,338.35,0.41,0.45,2026-01-08,830,N20,VIIRS,n,2,300.78,2.46,D,0
13.95743,76.28754,343.71,0.56,0.43,2026-01-08,830,N20,VIIRS,n,2,305.38,6.3,D,0
13.97397,76.2328,333.04,0.55,0.43,2026-01-08,830,N20,VIIRS,n,2,300.65,5.31,D,0
14.0105,75.57096,341.91,0.51,0.41,2026-01-08,830,N20,VIIRS,n,2,308.02,5.6,D,0
14.01424,75.57029,333.52,0.51,0.41,2026-01-08,830,N20,VIIRS,n,2,308.03,2.59,D,0
14.01959,76.21388,338.63,0.55,0.43,2026-01-08,830,N20,VIIRS,n,2,305.45,4.9,D,0
14.04783,77.66323,346.45,0.45,0.47,2026-01-08,830,N20,VIIRS,n,2,302.43,7.49,D,0
14.04888,77.6713,330.69,0.45,0.47,2026-01-08,830,N20,VIIRS,l,2,301.86,5.13,D,0
14.05171,77.39686,330.69,0.43,0.46,2026-01-08,830,N20,VIIRS,l,2,301.44,2.34,D,0
14.05265,77.66674,339.21,0.45,0.47,2026-01-08,830,N20,VIIRS,n,2,301.08,5.13,D,0
14.05804,77.67452,333.3,0.45,0.47,2026-01-08,830,N20,VIIRS,n,2,300.59,3.13,D,0
14.09735,74.49904,333.75,0.45,0.39,2026-01-08,830,N20,VIIRS,n,2,308.17,2.99,D,0
14.09955,77.10637,344.17,0.42,0.45,2026-01-08,830,N20,VIIRS,n,2,302.25,3.79,D,0
14.13509,76.39398,333.31,0.57,0.43,2026-01-08,830,N20,VIIRS,n,2,302.65,3.32,D,0
14.13993,76.27747,334.93,0.56,0.43,2026-01-08,830,N20,VIIRS,n,2,303.65,3.15,D,0
14.14204,77.90299,332.89,0.47,0.48,2026-01-08,830,N20,VIIRS,n,2,299.51,6.09,D,0
14.15478,75.81043,345.8,0.52,0.42,2026-01-08,830,N20,VIIRS,n,2,304.27,10.96,D,0
14.15553,75.80852,339.93,0.52,0.42,2026-01-08,830,N20,VIIRS,n,2,304.5,8.02,D,0
14.15619,75.81329,341.97,0.52,0.42,2026-01-08,830,N20,VIIRS,n,2,304.24,4.68,D,0
14.15758,76.41183,342.74,0.57,0.43,2026-01-08,830,N20,VIIRS,n,2,303.85,10.35,D,0
14.15858,75.80981,342.64,0.52,0.42,2026-01-08,830,N20,VIIRS,n,2,307.29,10.96,D,0
14.15933,75.80791,342.84,0.52,0.42,2026-01-08,830,N20,VIIRS,n,2,306.48,8.02,D,0
14.15999,75.81264,334.92,0.52,0.42,2026-01-08,830,N20,VIIRS,n,2,302.74,4.68,D,0
14.16065,77.83985,332.7,0.47,0.47,2026-01-08,830,N20,VIIRS,n,2,299.66,5.65,D,0
14.3075,75.53872,334.42,0.51,0.41,2026-01-08,830,N20,VIIRS,n,2,307.93,4.66,D,0
14.31829,75.73096,336.46,0.52,0.42,2026-01-08,830,N20,VIIRS,n,2,303.81,5.74,D,0
14.32123,77.87306,339.83,0.47,0.48,2026-01-08,830,N20,VIIRS,n,2,298.61,3.61,D,0
14.32212,77.87319,337.68,0.47,0.48,2026-01-08,830,N20,VIIRS,n,2,297.86,4.42,D,0
14.42577,74.44801,340.75,0.45,0.39,2026-01-08,830,N20,VIIRS,n,2,311.86,4.95,D,0
14.4501,78.0789,337.98,0.49,0.48,2026-01-08,830,N20,VIIRS,n,2,298.7,5.25,D,0
14.45162,78.08237,335.48,0.49,0.48,2026-01-08,830,N20,VIIRS,n,2,297.84,5.44,D,0
14.50213,77.74588,338.52,0.46,0.47,2026-01-08,830,N20,VIIRS,n,2,300.3,3.87,D,0
14.6398,74.29987,333.19,0.45,0.39,2026-01-08,830,N20,VIIRS,n,2,307.76,2.18,D,0
14.66172,75.67376,332.75,0.52,0.42,2026-01-08,830,N20,VIIRS,l,2,306.95,2.9,D,0
14.6765,75.69651,337.11,0.52,0.42,2026-01-08,830,N20,VIIRS,n,2,307.83,3.57,D,0
14.77482,76.41919,341.96,0.39,0.44,2026-01-08,830,N20,VIIRS,n,2,303.88,4.18,D,0
14.7753,76.42278,333.26,0.39,0.44,2026-01-08,830,N20,VIIRS,n,2,301.16,2.53,D,0
14.82794,76.13124,334.63,0.56,0.43,2026-01-08,830,N20,VIIRS,n,2,306.91,3.35,D,0
14.855,77.24756,332.72,0.44,0.46,2026-01-08,830,N20,VIIRS,n,2,301.43,5.26,D,0
14.85922,77.24699,340.98,0.44,0.46,2026-01-08,830,N20,VIIRS,n,2,302.65,5.26,D,0
14.93775,76.83011,340.65,0.41,0.45,2026-01-08,830,N20,VIIRS,n,2,306.41,3.36,D,0
14.96875,76.20251,339.4,0.57,0.43,2026-01-08,830,N20,VIIRS,n,2,303.65,4.65,D,0
14.96977,76.20452,333.08,0.57,0.43,2026-01-08,830,N20,VIIRS,n,2,302.45,5.59,D,0
14.98646,76.03091,332.46,0.55,0.43,2026-01-08,830,N20,VIIRS,n,2,306.93,1.38,D,0
15.00016,75.32393,333.02,0.5,0.41,2026-01-08,830,N20,VIIRS,n,2,305.21,1.41,D,0
15.14953,76.80163,331.94,0.41,0.45,2026-01-08,830,N20,VIIRS,l,2,306.1,2.12,D,0
15.18581,76.63882,338.07,0.4,0.44,2026-01-08,830,N20,VIIRS,n,2,300.17,1.87,D,2
15.24758,76.3786,333.92,0.39,0.44,2026-01-08,830,N20,VIIRS,n,2,303.33,5.03,D,0
15.24805,76.38222,340.83,0.39,0.44,2026-01-08,830,N20,VIIRS,n,2,302.84,5.03,D,0
15.26606,77.50837,341.11,0.46,0.47,2026-01-08,830,N20,VIIRS,n,2,303.56,5.34,D,0
15.26834,77.45602,337.87,0.45,0.47,2026-01-08,830,N20,VIIRS,n,2,306.44,4.37,D,0
15.27146,76.34274,330.11,0.39,0.44,2026-01-08,830,N20,VIIRS,n,2,300.25,2.09,D,0
15.28049,76.41134,341.81,0.39,0.44,2026-01-08,830,N20,VIIRS,n,2,303.9,5.95,D,0
15.33567,77.89147,334.37,0.49,0.48,2026-01-08,830,N20,VIIRS,n,2,301.2,6.84,D,0
15.456,76.83471,332.18,0.42,0.45,2026-01-08,830,N20,VIIRS,l,2,302.57,3.15,D,0
15.52344,77.93037,342.86,0.49,0.49,2026-01-08,830,N20,VIIRS,n,2,300.89,3.28,D,0
15.56309,77.9207,333.43,0.49,0.49,2026-01-08,830,N20,VIIRS,n,2,305.05,4.24,D,0
15.36667,75.76063,340.91,0.54,0.42,2026-01-08,831,N20,VIIRS,n,2,303.12,2.32,D,0
15.4183,73.95452,340.29,0.44,0.38,2026-01-08,831,N20,VIIRS,n,2,306.18,6.26,D,0
15.42133,73.95438,339.21,0.44,0.38,2026-01-08,831,N20,VIIRS,n,2,305.66,6.27,D,0
15.45915,76.54053,340.8,0.4,0.44,2026-01-08,831,N20,VIIRS,n,2,303.94,8.73,D,0
15.51643,76.47217,345.66,0.4,0.44,2026-01-08,831,N20,VIIRS,n,2,303.61,3.93,D,0
15.53427,74.5079,338.55,0.47,0.39,2026-01-08,831,N20,VIIRS,n,2,303.8,3.89,D,0
15.56903,76.62462,332.65,0.41,0.45,2026-01-08,831,N20,VIIRS,n,2,302.98,2.86,D,0
15.58436,75.71499,343.85,0.54,0.42,2026-01-08,831,N20,VIIRS,n,2,309.38,10.34,D,0
15.68656,76.63611,335.65,0.41,0.45,2026-01-08,831,N20,VIIRS,n,2,301.17,3.56,D,0
15.72127,76.58118,341.27,0.41,0.45,2026-01-08,831,N20,VIIRS,n,2,306.28,2.5,D,0
15.77542,74.5543,345.59,0.47,0.4,2026-01-08,831,N20,VIIRS,n,2,304.52,5.75,D,0
15.84636,76.85032,340.91,0.42,0.45,2026-01-08,831,N20,VIIRS,n,2,302.62,4.11,D,0
15.84758,75.37344,333.51,0.52,0.42,2026-01-08,831,N20,VIIRS,n,2,303.09,2.48,D,0
15.90908,77.60702,343.08,0.47,0.48,2026-01-08,831,N20,VIIRS,n,2,303.57,6.6,D,0
15.90924,77.60664,341.8,0.47,0.48,2026-01-08,831,N20,VIIRS,n,2,303.5,6.84,D,0
15.99583,76.77889,330.73,0.42,0.45,2026-01-08,831,N20,VIIRS,n,2,302.47,1.69,D,0
16.02661,78.81306,333.86,0.57,0.52,2026-01-08,831,N20,VIIRS,n,2,300.4,6.56,D,0
16.02727,78.81853,338.38,0.57,0.52,2026-01-08,831,N20,VIIRS,n,2,297.89,6.56,D,0
16.05016,79.75185,345.11,0.33,0.55,2026-01-08,831,N20,VIIRS,n,2,298.5,3.23,D,0
16.05179,79.75267,339.26,0.33,0.55,2026-01-08,831,N20,VIIRS,n,2,298.13,2.72,D,0
16.10049,75.53731,340.79,0.53,0.42,2026-01-08,831,N20,VIIRS,n,2,308.76,10,D,0
16.10115,75.54232,337.11,0.53,0.42,2026-01-08,831,N20,VIIRS,n,2,305.65,4.48,D,0
16.13173,78.18324,333.48,0.52,0.5,2026-01-08,831,N20,VIIRS,n,2,301.62,6.87,D,0
16.15204,78.39155,342.42,0.54,0.51,2026-01-08,831,N20,VIIRS,n,2,301.01,6.81,D,0
16.16418,73.53368,340.61,0.43,0.38,2026-01-08,831,N20,VIIRS,n,2,306.71,3.6,D,0
16.18249,73.84484,343.29,0.44,0.38,2026-01-08,831,N20,VIIRS,n,2,307.3,3.33,D,0
16.18544,73.84021,330.73,0.44,0.38,2026-01-08,831,N20,VIIRS,l,2,304.13,3.33,D,0
16.18977,76.42401,330.7,0.4,0.44,2026-01-08,831,N20,VIIRS,n,2,303.07,2.47,D,0
16.19671,78.30137,339.67,0.53,0.5,2026-01-08,831,N20,VIIRS,n,2,302.24,5.46,D,0
16.19793,78.30437,343.28,0.53,0.5,2026-01-08,831,N20,VIIRS,n,2,303.76,7.53,D,0
16.20827,77.02457,342.52,0.44,0.46,2026-01-08,831,N20,VIIRS,n,2,308.15,6.87,D,0
16.22196,77.06471,334.82,0.44,0.46,2026-01-08,831,N20,VIIRS,n,2,304.42,3.92,D,0
16.22452,74.75862,333.82,0.49,0.4,2026-01-08,831,N20,VIIRS,n,2,307.61,8.16,D,0
16.26019,77.2991,333.36,0.46,0.47,2026-01-08,831,N20,VIIRS,n,2,306.89,3.41,D,0
16.28997,76.26533,337.78,0.4,0.44,2026-01-08,831,N20,VIIRS,n,2,308.22,5.91,D,0
16.29045,76.26907,341.7,0.4,0.44,2026-01-08,831,N20,VIIRS,n,2,307.54,5.57,D,0
16.33474,80.54021,334.19,0.38,0.58,2026-01-08,831,N20,VIIRS,n,2,301.31,1.88,D,0
16.34942,77.15446,336.27,0.45,0.47,2026-01-08,831,N20,VIIRS,n,2,306.23,4.23,D,0
16.36372,73.82668,332.76,0.44,0.39,2026-01-08,831,N20,VIIRS,n,2,307.3,2.73,D,0
16.38001,77.22353,338.79,0.45,0.47,2026-01-08,831,N20,VIIRS,n,2,307.09,2.88,D,0
16.47016,77.32961,343.99,0.46,0.47,2026-01-08,831,N20,VIIRS,n,2,307.76,5.13,D,0
16.51093,77.18124,333.63,0.45,0.47,2026-01-08,831,N20,VIIRS,l,2,305.24,2.73,D,0
16.51918,80.57946,331.4,0.38,0.59,2026-01-08,831,N20,VIIRS,n,2,298.63,1.59,D,0
16.53604,79.37119,331.27,0.63,0.54,2026-01-08,831,N20,VIIRS,n,2,298.51,2.54,D,0
16.53617,79.36887,335.3,0.63,0.54,2026-01-08,831,N20,VIIRS,n,2,299.51,6.16,D,0
16.62847,76.00253,340.68,0.38,0.44,2026-01-08,831,N20,VIIRS,n,2,308.85,4.16,D,0
16.64558,73.33242,335.83,0.43,0.38,2026-01-08,831,N20,VIIRS,n,2,307.26,1.87,D,0
16.67873,73.39223,341.41,0.43,0.38,2026-01-08,831,N20,VIIRS,n,2,311.86,4.39,D,0
16.78165,75.02897,335.01,0.51,0.41,2026-01-08,831,N20,VIIRS,n,2,307.46,3.89,D,0
16.88169,73.86543,332.19,0.45,0.39,2026-01-08,831,N20,VIIRS,n,2,303.11,4.1,D,0
16.88488,76.25503,347.77,0.4,0.44,2026-01-08,831,N20,VIIRS,n,2,308.56,7.32,D,0
16.98385,74.03377,330.12,0.46,0.39,2026-01-08,831,N20,VIIRS,n,2,304.54,1.82,D,0
16.98992,79.24584,334.33,0.63,0.54,2026-01-08,831,N20,VIIRS,n,2,299.33,2.7,D,0
17.01881,78.041,343.46,0.52,0.5,2026-01-08,831,N20,VIIRS,n,2,306.9,5.28,D,0
17.01889,78.04045,340.95,0.52,0.5,2026-01-08,831,N20,VIIRS,n,2,305.73,3.76,D,0
17.03126,80.75893,333.87,0.4,0.6,2026-01-08,831,N20,VIIRS,n,2,300.55,2.45,D,0
17.13227,79.95852,354.88,0.35,0.57,2026-01-08,831,N20,VIIRS,n,2,301.65,6.6,D,0
17.13279,79.95778,348.78,0.35,0.57,2026-01-08,831,N20,VIIRS,n,2,300.97,6.78,D,0
17.21413,77.60062,330.89,0.49,0.49,2026-01-08,831,N20,VIIRS,n,2,304.08,2.08,D,0
17.21475,75.91312,341.41,0.39,0.44,2026-01-08,831,N20,VIIRS,n,2,309.33,2.28,D,0
17.24625,76.93527,337.57,0.45,0.47,2026-01-08,831,N20,VIIRS,n,2,306.65,1.39,D,0
17.25938,73.83363,332.65,0.45,0.39,2026-01-08,831,N20,VIIRS,n,2,301.19,2.43,D,0
17.27811,73.91812,342.39,0.46,0.39,2026-01-08,831,N20,VIIRS,n,2,304.58,4.03,D,0
17.28774,73.85516,344.2,0.45,0.39,2026-01-08,831,N20,VIIRS,n,2,302.27,5.68,D,0
17.28832,73.85938,339.06,0.45,0.39,2026-01-08,831,N20,VIIRS,n,2,305.99,3.78,D,0
17.29247,73.86314,333.94,0.45,0.39,2026-01-08,831,N20,VIIRS,n,2,303.03,3.78,D,0
17.31357,76.98652,340.82,0.45,0.47,2026-01-08,831,N20,VIIRS,n,2,312.1,5.48,D,0
17.31411,76.99078,335.63,0.45,0.47,2026-01-08,831,N20,VIIRS,n,2,307.63,5.48,D,0
17.34106,73.74582,331.34,0.45,0.39,2026-01-08,831,N20,VIIRS,l,2,302.86,2.54,D,0
17.34145,73.74519,337.13,0.45,0.39,2026-01-08,831,N20,VIIRS,n,2,302.87,3.36,D,0
17.35258,79.53506,347.1,0.33,0.55,2026-01-08,831,N20,VIIRS,n,2,301.02,3.78,D,0
17.35686,77.10802,339.85,0.46,0.47,2026-01-08,831,N20,VIIRS,n,2,304.5,4.12,D,0
17.38198,79.4748,336.74,0.33,0.55,2026-01-08,831,N20,VIIRS,n,2,300.41,2.78,D,0
17.39032,78.578,333.68,0.57,0.52,2026-01-08,831,N20,VIIRS,n,2,300.53,2.76,D,0
17.39583,76.33401,335.13,0.41,0.45,2026-01-08,831,N20,VIIRS,n,2,307.29,2.06,D,0
17.40963,76.27729,337.24,0.41,0.45,2026-01-08,831,N20,VIIRS,n,2,303.59,1.76,D,0
17.41888,76.90024,335.64,0.45,0.47,2026-01-08,831,N20,VIIRS,n,2,307.78,3,D,0
17.42205,76.89981,337.59,0.45,0.47,2026-01-08,831,N20,VIIRS,n,2,309.17,3.34,D,0
17.49669,73.98933,333.9,0.46,0.39,2026-01-08,831,N20,VIIRS,n,2,304.33,4.09,D,0
17.53848,75.537,342.23,0.56,0.43,2026-01-08,831,N20,VIIRS,n,2,307.01,5.63,D,0
17.54387,73.53996,334.97,0.44,0.38,2026-01-08,831,N20,VIIRS,l,2,308.59,2.51,D,0
17.57113,77.06728,339.83,0.46,0.47,2026-01-08,831,N20,VIIRS,n,2,305.52,2.07,D,0
17.57142,73.55713,340.38,0.44,0.39,2026-01-08,831,N20,VIIRS,n,2,310.58,4.82,D,0
17.57492,73.55644,341.14,0.44,0.39,2026-01-08,831,N20,VIIRS,n,2,304.54,4.82,D,0
17.57546,77.06674,347.55,0.46,0.47,2026-01-08,831,N20,VIIRS,n,2,308.45,9.27,D,0
17.57644,78.06295,336.37,0.53,0.5,2026-01-08,831,N20,VIIRS,n,2,302.85,4.32,D,0
17.5872,80.13063,354.66,0.37,0.58,2026-01-08,831,N20,VIIRS,n,2,305.14,7.74,D,0
17.5885,80.13085,367,0.37,0.58,2026-01-08,831,N20,VIIRS,h,2,306.03,7.76,D,0
17.60075,74.89677,333.24,0.51,0.41,2026-01-08,831,N20,VIIRS,n,2,307.55,2.85,D,0
17.60594,75.25799,333.45,0.54,0.42,2026-01-08,831,N20,VIIRS,n,2,306.14,9.23,D,0
17.60772,73.61108,338.88,0.45,0.39,2026-01-08,831,N20,VIIRS,n,2,306.72,5.2,D,0
17.61125,73.61047,337.51,0.45,0.39,2026-01-08,831,N20,VIIRS,n,2,306.58,5.2,D,0
17.63429,77.77113,341.96,0.51,0.49,2026-01-08,831,N20,VIIRS,n,2,308.57,14.25,D,0
17.63539,77.77261,345.49,0.51,0.5,2026-01-08,831,N20,VIIRS,n,2,306.12,10.94,D,0
17.63945,79.71475,331.96,0.34,0.56,2026-01-08,831,N20,VIIRS,n,2,299.03,1.63,D,0
17.64493,75.77873,341.12,0.38,0.44,2026-01-08,831,N20,VIIRS,n,2,308,5.69,D,0
17.65437,76.9743,340.89,0.46,0.47,2026-01-08,831,N20,VIIRS,n,2,307.93,3.3,D,0
17.6567,76.97696,337.3,0.46,0.47,2026-01-08,831,N20,VIIRS,l,2,308.74,2.38,D,0
17.65987,73.43896,330.55,0.44,0.38,2026-01-08,831,N20,VIIRS,l,2,303.53,2.9,D,0
17.66194,80.27425,338.04,0.38,0.58,2026-01-08,831,N20,VIIRS,n,2,303.52,2.5,D,0
17.66297,75.95455,335.18,0.39,0.44,2026-01-08,831,N20,VIIRS,n,2,308.6,1.45,D,0
17.66338,73.43845,345.6,0.44,0.38,2026-01-08,831,N20,VIIRS,n,2,308.17,4.82,D,0
17.67746,75.15876,334.23,0.53,0.42,2026-01-08,831,N20,VIIRS,n,2,304.57,3.02,D,0
17.69027,73.47705,334.45,0.44,0.38,2026-01-08,831,N20,VIIRS,l,2,307.21,2.46,D,0
17.69418,80.2431,335.83,0.37,0.58,2026-01-08,831,N20,VIIRS,n,2,303.35,3.77,D,0
17.69676,80.24406,341.02,0.37,0.58,2026-01-08,831,N20,VIIRS,n,2,303.4,3.82,D,0
17.70544,76.99791,341.25,0.46,0.47,2026-01-08,831,N20,VIIRS,n,2,305.7,3.56,D,0
17.70977,76.99736,341.38,0.46,0.47,2026-01-08,831,N20,VIIRS,n,2,305.29,5.03,D,0
17.73555,76.26852,343.35,0.41,0.45,2026-01-08,831,N20,VIIRS,n,2,309.08,3.67,D,0
17.73563,80.38084,346.58,0.38,0.59,2026-01-08,831,N20,VIIRS,n,2,301.72,4.16,D,0
17.74631,78.96634,334.86,0.62,0.54,2026-01-08,831,N20,VIIRS,n,2,302.79,4.43,D,0
17.74726,79.93078,341.5,0.36,0.57,2026-01-08,831,N20,VIIRS,n,2,302.11,2.75,D,0
17.75373,80.77808,334.3,0.41,0.6,2026-01-08,831,N20,VIIRS,n,2,302.83,2.39,D,0
17.75471,80.77864,334.74,0.41,0.6,2026-01-08,831,N20,VIIRS,n,2,303.13,2.35,D,0
17.75782,74.10394,332.2,0.47,0.4,2026-01-08,831,N20,VIIRS,l,2,304.01,2.94,D,0
17.77932,79.98363,333.03,0.36,0.57,2026-01-08,831,N20,VIIRS,n,2,302.31,1.92,D,0
17.81987,80.21928,367,0.37,0.58,2026-01-08,831,N20,VIIRS,h,2,302.78,8.27,D,0
17.83917,81.81746,328.96,0.48,0.65,2026-01-08,831,N20,VIIRS,n,2,296.56,4.04,D,0
17.83975,81.8232,332.19,0.48,0.65,2026-01-08,831,N20,VIIRS,n,2,295.4,4.04,D,0
17.87123,79.74383,330.09,0.35,0.57,2026-01-08,831,N20,VIIRS,n,2,302.34,1.2,D,0
17.88321,81.9286,335.23,0.49,0.65,2026-01-08,831,N20,VIIRS,n,2,299.74,6.06,D,0
17.89054,78.31995,330.28,0.56,0.52,2026-01-08,831,N20,VIIRS,n,2,303.82,2.21,D,0
17.91018,75.94612,341.58,0.4,0.44,2026-01-08,831,N20,VIIRS,n,2,308.84,4.42,D,0
17.91809,81.61033,338.16,0.46,0.64,2026-01-08,831,N20,VIIRS,n,2,304.79,3.12,D,0
17.94437,78.06825,340.08,0.54,0.51,2026-01-08,831,N20,VIIRS,n,2,302.06,11.2,D,0
17.98817,73.41328,337.95,0.44,0.38,2026-01-08,831,N20,VIIRS,l,2,309.44,6.36,D,0
17.99576,73.41622,338.55,0.44,0.38,2026-01-08,831,N20,VIIRS,n,2,304.22,5.78,D,0
18.03925,76.52676,332.35,0.43,0.46,2026-01-08,831,N20,VIIRS,l,2,307.26,5.2,D,0
18.04633,74.3356,337.02,0.49,0.4,2026-01-08,831,N20,VIIRS,n,2,304.65,4.16,D,0
18.05432,73.50073,335.67,0.44,0.39,2026-01-08,831,N20,VIIRS,l,2,307.89,5.33,D,0
18.05556,76.07932,342.36,0.41,0.45,2026-01-08,831,N20,VIIRS,n,2,310.49,3.65,D,0
18.05843,73.50428,332.72,0.44,0.39,2026-01-08,831,N20,VIIRS,l,2,304.15,6.13,D,0
18.07139,79.97272,333.14,0.36,0.58,2026-01-08,831,N20,VIIRS,n,2,301.39,6.15,D,0
18.07175,79.9761,345.93,0.36,0.58,2026-01-08,831,N20,VIIRS,n,2,302.08,10.59,D,0
18.07669,79.97213,367,0.36,0.58,2026-01-08,831,N20,VIIRS,h,2,303.11,6.15,D,0
18.09974,75.02705,338.05,0.53,0.42,2026-01-08,831,N20,VIIRS,n,2,305.93,8.3,D,0
18.10444,80.22939,342.58,0.38,0.59,2026-01-08,831,N20,VIIRS,n,2,302.8,4.64,D,0
18.11148,76.20124,348.93,0.41,0.45,2026-01-08,831,N20,VIIRS,n,2,305.58,5.88,D,0
18.11489,73.39025,334.1,0.44,0.38,2026-01-08,831,N20,VIIRS,n,2,305.03,1.61,D,0
18.12162,81.89562,327.95,0.49,0.65,2026-01-08,831,N20,VIIRS,n,2,302.52,3.18,D,0
18.12735,73.32509,334.75,0.44,0.38,2026-01-08,831,N20,VIIRS,l,2,308.38,3.12,D,0
18.13766,79.05165,348.04,0.63,0.54,2026-01-08,831,N20,VIIRS,n,2,303.92,9.98,D,0
18.17388,79.74172,345.26,0.35,0.57,2026-01-08,831,N20,VIIRS,n,2,304.94,4.71,D,0
18.17425,79.74507,334.29,0.35,0.57,2026-01-08,831,N20,VIIRS,n,2,302.97,4.15,D,0
18.17454,79.7411,338.07,0.35,0.57,2026-01-08,831,N20,VIIRS,n,2,304.18,4.16,D,0
18.17488,79.74444,341.54,0.35,0.57,2026-01-08,831,N20,VIIRS,n,2,303.98,3.97,D,0
18.19795,80.16112,331.48,0.37,0.58,2026-01-08,831,N20,VIIRS,l,2,304.09,2.44,D,0
18.19991,79.98911,335.15,0.37,0.58,2026-01-08,831,N20,VIIRS,n,2,302.89,4.48,D,0
18.20103,79.98916,335.58,0.36,0.58,2026-01-08,831,N20,VIIRS,n,2,302.56,4.27,D,0
18.25862,73.72853,345.14,0.46,0.39,2026-01-08,831,N20,VIIRS,n,2,303.29,7.77,D,0
18.26557,79.51187,336.06,0.34,0.56,2026-01-08,831,N20,VIIRS,n,2,303.61,2.93,D,0
18.26758,79.51152,336.61,0.34,0.56,2026-01-08,831,N20,VIIRS,n,2,302.14,1.94,D,0
18.29089,79.68478,329.69,0.35,0.57,2026-01-08,831,N20,VIIRS,l,2,303.34,1.72,D,0
18.29735,81.86673,327.44,0.49,0.65,2026-01-08,831,N20,VIIRS,n,2,302.04,1.45,D,0
18.29989,81.86699,330.65,0.49,0.65,2026-01-08,831,N20,VIIRS,n,2,301.75,2.27,D,0
18.31967,73.33148,340.19,0.44,0.38,2026-01-08,831,N20,VIIRS,n,2,310.97,11.55,D,0
18.32319,73.33096,344.9,0.44,0.38,2026-01-08,831,N20,VIIRS,n,2,313.29,11.55,D,0
18.33712,74.19912,337.14,0.48,0.4,2026-01-08,831,N20,VIIRS,n,2,305.65,9.9,D,0
18.35606,79.95151,329.52,0.36,0.58,2026-01-08,831,N20,VIIRS,n,2,301.55,1.64,D,0
18.38671,73.82052,344.66,0.46,0.39,2026-01-08,831,N20,VIIRS,n,2,305.5,4.11,D,0
18.3873,73.82483,340.38,0.46,0.39,2026-01-08,831,N20,VIIRS,n,2,305.21,4.11,D,0
18.39032,73.82001,341.88,0.46,0.39,2026-01-08,831,N20,VIIRS,n,2,302.31,4.11,D,0
18.3909,73.82436,334.19,0.46,0.39,2026-01-08,831,N20,VIIRS,n,2,302.91,4.11,D,0
18.39393,73.81958,331.11,0.46,0.39,2026-01-08,831,N20,VIIRS,l,2,303.73,6.63,D,0
18.40117,73.81878,331.34,0.46,0.39,2026-01-08,831,N20,VIIRS,l,2,305.54,5.3,D,0
18.40176,73.8231,341.92,0.46,0.39,2026-01-08,831,N20,VIIRS,n,2,303.29,5.3,D,0
18.40537,73.82268,336.05,0.46,0.39,2026-01-08,831,N20,VIIRS,n,2,303.52,5.3,D,0
18.45609,75.68169,344.02,0.39,0.44,2026-01-08,831,N20,VIIRS,n,2,308.51,5.4,D,0
18.45757,75.68092,349.82,0.39,0.44,2026-01-08,831,N20,VIIRS,n,2,310.37,5.94,D,0
18.46489,77.97998,335.74,0.54,0.51,2026-01-08,831,N20,VIIRS,n,2,306.2,5.44,D,0
18.48575,75.74396,336.08,0.39,0.44,2026-01-08,831,N20,VIIRS,l,2,307.57,3.23,D,0
18.49351,76.4099,339.55,0.43,0.46,2026-01-08,831,N20,VIIRS,n,2,305.67,3.3,D,0
18.50215,80.07108,332.58,0.37,0.58,2026-01-08,831,N20,VIIRS,l,2,303.49,4.73,D,0
18.57954,73.12117,332.04,0.43,0.38,2026-01-08,831,N20,VIIRS,n,2,305.86,2.7,D,0
18.58425,73.20769,330.95,0.44,0.38,2026-01-08,831,N20,VIIRS,n,2,303.46,2.29,D,0
18.60102,76.20401,338.14,0.42,0.45,2026-01-08,831,N20,VIIRS,n,2,307.34,3.48,D,0
18.60354,80.66479,328.11,0.41,0.61,2026-01-08,831,N20,VIIRS,l,2,301.57,2.98,D,0
18.60566,76.20742,340.9,0.42,0.45,2026-01-08,831,N20,VIIRS,n,2,305.94,22.24,D,0
18.6181,75.9448,337.08,0.4,0.45,2026-01-08,831,N20,VIIRS,n,2,306.75,1.76,D,0
18.64852,73.28362,333.07,0.44,0.38,2026-01-08,831,N20,VIIRS,l,2,307.31,4.96,D,0
18.68171,73.60426,340.72,0.46,0.39,2026-01-08,831,N20,VIIRS,n,2,305.42,5.01,D,0
18.77605,76.86063,341.42,0.46,0.47,2026-01-08,831,N20,VIIRS,n,2,308.15,7.93,D,0
18.86025,83.44421,336.12,0.63,0.72,2026-01-08,831,N20,VIIRS,n,2,298.75,3.91,D,0
18.91916,82.53223,329.02,0.55,0.68,2026-01-08,831,N20,VIIRS,n,2,299.54,2.86,D,0
18.91949,76.55657,350.75,0.44,0.46,2026-01-08,831,N20,VIIRS,n,2,312.59,7.14,D,0
18.99144,82.37588,336.17,0.54,0.68,2026-01-08,831,N20,VIIRS,n,2,301.48,5.16,D,0
18.99298,82.37401,341.35,0.54,0.68,2026-01-08,831,N20,VIIRS,n,2,301.97,5.01,D,0
19.00224,77.51517,336.58,0.51,0.5,2026-01-08,831,N20,VIIRS,n,2,303.39,3,D,0
19.00347,77.51756,335.28,0.51,0.5,2026-01-08,831,N20,VIIRS,n,2,302.55,5.06,D,0
19.0588,76.42745,345.66,0.44,0.46,2026-01-08,831,N20,VIIRS,n,2,316.28,26.24,D,0
19.06026,78.65748,340.07,0.61,0.53,2026-01-08,831,N20,VIIRS,n,2,302.55,5.13,D,0
19.14459,77.41192,330.94,0.51,0.49,2026-01-08,831,N20,VIIRS,n,2,302.7,0.84,D,0
19.27147,81.9024,367,0.5,0.66,2026-01-08,831,N20,VIIRS,h,2,300.81,14.73,D,0
19.27755,81.90177,336.72,0.5,0.66,2026-01-08,831,N20,VIIRS,n,2,302.26,4.49,D,0
19.53,82.98344,346.47,0.6,0.7,2026-01-08,831,N20,VIIRS,n,2,298.24,7.14,D,0
19.53018,82.98257,338.94,0.6,0.7,2026-01-08,831,N20,VIIRS,n,2,297.73,5.13,D,0
19.54378,82.77234,330.47,0.58,0.7,2026-01-08,831,N20,VIIRS,n,2,298.03,3.25,D,0
19.54527,82.77087,329.92,0.58,0.7,2026-01-08,831,N20,VIIRS,n,2,298.52,2.97,D,0
19.58096,82.51481,329.9,0.56,0.69,2026-01-08,831,N20,VIIRS,n,2,299.28,3.92,D,0
19.60523,81.96019,327.48,0.51,0.66,2026-01-08,831,N20,VIIRS,n,2,299.13,2.56,D,0
19.64005,82.4996,335.85,0.56,0.69,2026-01-08,831,N20,VIIRS,n,2,297.14,3.57,D,0
19.66821,82.75404,337.8,0.58,0.7,2026-01-08,831,N20,VIIRS,n,2,299.75,5.21,D,0
19.69154,82.7241,328.21,0.58,0.69,2026-01-08,831,N20,VIIRS,n,2,298.56,4.34,D,0
19.7574,82.80896,340.51,0.58,0.7,2026-01-08,831,N20,VIIRS,n,2,297.86,3.83,D,0
19.76056,82.91772,330.99,0.59,0.7,2026-01-08,831,N20,VIIRS,n,2,298.87,2.86,D,0
18.57553,72.24256,331.05,0.41,0.37,2026-01-08,832,N20,VIIRS,n,2,297.9,2.48,D,3
18.68615,73.03088,333.59,0.43,0.38,2026-01-08,832,N20,VIIRS,n,2,305.85,2.46,D,2
18.69132,73.04257,340.37,0.43,0.38,2026-01-08,832,N20,VIIRS,n,2,306.07,3.05,D,2
18.71944,73.14268,333.38,0.44,0.38,2026-01-08,832,N20,VIIRS,n,2,306.58,1.98,D,0
18.74767,73.5341,343.36,0.45,0.39,2026-01-08,832,N20,VIIRS,n,2,303.61,5.92,D,0
18.75069,73.52952,335.42,0.45,0.39,2026-01-08,832,N20,VIIRS,l,2,306.6,5.56,D,0
18.75125,73.53369,332.81,0.45,0.39,2026-01-08,832,N20,VIIRS,n,2,301.8,3.77,D,0
18.76598,73.24553,339.27,0.44,0.38,2026-01-08,832,N20,VIIRS,n,2,306.76,6.93,D,0
18.79733,73.26244,335.5,0.44,0.39,2026-01-08,832,N20,VIIRS,l,2,309.86,7.19,D,0
18.87522,72.98669,336.98,0.43,0.38,2026-01-08,832,N20,VIIRS,n,2,305.46,5.49,D,0
18.88444,73.19028,337.42,0.44,0.38,2026-01-08,832,N20,VIIRS,n,2,306.07,3.83,D,0
18.88516,73.19108,345.37,0.44,0.38,2026-01-08,832,N20,VIIRS,n,2,307.42,3.78,D,0
19.07475,75.72157,337.56,0.4,0.44,2026-01-08,832,N20,VIIRS,n,2,305.9,3.03,D,0
19.09586,73.96538,335.25,0.48,0.4,2026-01-08,832,N20,VIIRS,l,2,305.44,5.51,D,0
19.0959,73.96483,331.72,0.48,0.4,2026-01-08,832,N20,VIIRS,n,2,305.06,2.14,D,0
19.09608,73.07117,335.31,0.44,0.38,2026-01-08,832,N20,VIIRS,l,2,307.58,5.04,D,0
19.09653,73.96946,335.76,0.48,0.4,2026-01-08,832,N20,VIIRS,n,2,306.92,4.46,D,0
19.10591,73.09085,331.11,0.44,0.38,2026-01-08,832,N20,VIIRS,n,2,305.22,1.41,D,0
19.10942,73.09032,349.17,0.44,0.38,2026-01-08,832,N20,VIIRS,n,2,305.8,4.99,D,0
19.11576,73.11051,335.36,0.44,0.38,2026-01-08,832,N20,VIIRS,n,2,310.23,4.12,D,0
19.13065,75.9679,337.78,0.41,0.45,2026-01-08,832,N20,VIIRS,n,2,304.7,1.64,D,0
19.19537,73.11542,335.58,0.44,0.38,2026-01-08,832,N20,VIIRS,n,2,310.2,7.61,D,0
19.2042,73.44147,338.52,0.45,0.39,2026-01-08,832,N20,VIIRS,n,2,308.19,7.12,D,0
19.22012,73.18895,334.07,0.44,0.39,2026-01-08,832,N20,VIIRS,l,2,306.79,11,D,0
19.24247,75.60353,332.46,0.39,0.44,2026-01-08,832,N20,VIIRS,n,2,304.17,2.2,D,0
19.26063,75.20676,341.27,0.56,0.43,2026-01-08,832,N20,VIIRS,n,2,310.31,11.41,D,0
19.28675,72.83007,339.43,0.43,0.38,2026-01-08,832,N20,VIIRS,n,2,305.19,3.93,D,0
19.28943,75.14906,331.08,0.56,0.43,2026-01-08,832,N20,VIIRS,l,2,305.18,2.47,D,0
19.29132,75.89935,334.86,0.41,0.45,2026-01-08,832,N20,VIIRS,n,2,306.47,5.52,D,0
19.29179,75.90326,341.33,0.41,0.45,2026-01-08,832,N20,VIIRS,n,2,308.2,5.52,D,0
19.33384,74.18137,333.4,0.49,0.4,2026-01-08,832,N20,VIIRS,n,2,304.77,3.01,D,0
19.34043,77.21195,340.68,0.5,0.49,2026-01-08,832,N20,VIIRS,n,2,302.16,12.24,D,0
19.35687,77.76863,340.95,0.54,0.51,2026-01-08,832,N20,VIIRS,n,2,304.1,7.34,D,0
19.35883,77.77144,340.17,0.54,0.51,2026-01-08,832,N20,VIIRS,n,2,302.97,8.01,D,0
19.36973,77.04449,336.83,0.48,0.48,2026-01-08,832,N20,VIIRS,n,2,305.25,8.14,D,0
19.37025,77.04909,339.79,0.48,0.48,2026-01-08,832,N20,VIIRS,n,2,303.54,6.8,D,0
19.37078,77.04716,348.33,0.48,0.48,2026-01-08,832,N20,VIIRS,n,2,306.94,10.93,D,0
19.38214,73.21293,346.24,0.45,0.39,2026-01-08,832,N20,VIIRS,n,2,314.31,12.05,D,0
19.3869,73.19498,336.6,0.44,0.39,2026-01-08,832,N20,VIIRS,n,2,306.42,3.26,D,0
19.40987,77.81998,339.18,0.54,0.51,2026-01-08,832,N20,VIIRS,n,2,301.12,3.69,D,0
19.47608,76.32363,337.27,0.44,0.46,2026-01-08,832,N20,VIIRS,n,2,309.93,14.57,D,0
19.47951,73.68632,343.77,0.47,0.4,2026-01-08,832,N20,VIIRS,n,2,304.19,5.74,D,0
19.482,75.90494,330.35,0.41,0.45,2026-01-08,832,N20,VIIRS,n,2,304.4,2.01,D,0
19.56647,71.35498,340.84,0.39,0.36,2026-01-08,832,N20,VIIRS,n,2,296.98,6.26,D,3
19.5698,71.35443,330.88,0.39,0.36,2026-01-08,832,N20,VIIRS,n,2,296.26,4.49,D,3
19.69989,75.39229,333.07,0.39,0.44,2026-01-08,832,N20,VIIRS,n,2,304.68,1.76,D,0
19.7005,72.85564,334.26,0.43,0.38,2026-01-08,832,N20,VIIRS,n,2,305.94,3.37,D,0
19.73994,82.36292,352.86,0.55,0.68,2026-01-08,832,N20,VIIRS,n,2,298.61,10.64,D,0
19.75841,82.80759,344.96,0.58,0.7,2026-01-08,832,N20,VIIRS,n,2,298.5,5.39,D,0
19.76088,82.9166,327.87,0.59,0.7,2026-01-08,832,N20,VIIRS,n,2,298.78,3.51,D,0
19.81138,82.38186,332.09,0.55,0.68,2026-01-08,832,N20,VIIRS,n,2,299.57,3.21,D,0
19.83799,79.35863,330.25,0.35,0.57,2026-01-08,832,N20,VIIRS,n,2,300.65,1.82,D,0
19.84938,82.95549,330.98,0.6,0.7,2026-01-08,832,N20,VIIRS,n,2,299.45,6.58,D,0
19.84941,82.95831,344.74,0.6,0.71,2026-01-08,832,N20,VIIRS,n,2,299.21,6,D,0
19.87485,73.76957,345.87,0.48,0.4,2026-01-08,832,N20,VIIRS,n,2,307.61,6.31,D,0
19.88821,73.78609,335.83,0.48,0.4,2026-01-08,832,N20,VIIRS,n,2,306.7,7.01,D,0
19.89186,73.78551,352.77,0.48,0.4,2026-01-08,832,N20,VIIRS,n,2,310.74,7.01,D,0
19.89198,84.61433,326.16,0.77,0.77,2026-01-08,832,N20,VIIRS,n,2,296.41,3,D,0
19.9524,82.09753,347.14,0.53,0.67,2026-01-08,832,N20,VIIRS,n,2,298.49,9.82,D,0
20.0367,79.21714,367,0.34,0.56,2026-01-08,832,N20,VIIRS,h,2,300.11,7.22,D,0
20.04005,79.21747,367,0.34,0.56,2026-01-08,832,N20,VIIRS,h,2,298.29,6.81,D,0
20.11018,81.84846,327.28,0.51,0.66,2026-01-08,832,N20,VIIRS,n,2,297.37,3.51,D,0
20.23113,75.3349,342.25,0.39,0.44,2026-01-08,832,N20,VIIRS,n,2,304.43,5.19,D,0
20.44091,77.5996,350.26,0.54,0.51,2026-01-08,832,N20,VIIRS,n,2,307.81,8.43,D,0
20.78657,84.01172,335.06,0.72,0.75,2026-01-08,832,N20,VIIRS,n,2,296.86,5.17,D,0
20.80426,79.02771,334.23,0.34,0.56,2026-01-08,832,N20,VIIRS,n,2,300.14,2.05,D,0
20.8396,82.47736,327.34,0.57,0.69,2026-01-08,832,N20,VIIRS,n,2,299.25,3.32,D,0
20.92725,73.09891,335.01,0.46,0.39,2026-01-08,832,N20,VIIRS,n,2,305.08,3.37,D,0
20.92851,73.09775,332.73,0.46,0.39,2026-01-08,832,N20,VIIRS,n,2,304.32,2.87,D,0
20.93276,80.74987,333.5,0.44,0.62,2026-01-08,832,N20,VIIRS,n,2,296.91,2.97,D,0
20.9335,80.74791,341.67,0.44,0.63,2026-01-08,832,N20,VIIRS,n,2,297.25,3.27,D,0
20.93709,82.01835,332,0.53,0.67,2026-01-08,832,N20,VIIRS,n,2,297.67,2.76,D,0
20.94718,82.43176,332.96,0.57,0.69,2026-01-08,832,N20,VIIRS,n,2,298.29,2.74,D,0
20.95225,81.21313,331.83,0.47,0.64,2026-01-08,832,N20,VIIRS,n,2,299.09,3.01,D,0
20.96922,81.2288,330.84,0.48,0.64,2026-01-08,832,N20,VIIRS,n,2,298.02,5.44,D,0
20.97177,81.22999,341.69,0.48,0.64,2026-01-08,832,N20,VIIRS,n,2,299.77,5.1,D,0
20.97506,82.76779,336.42,0.6,0.7,2026-01-08,832,N20,VIIRS,n,2,301.23,7.12,D,0
21.01773,81.46687,345.15,0.49,0.65,2026-01-08,832,N20,VIIRS,n,2,300.02,4.33,D,0
21.01957,81.4654,338.32,0.49,0.65,2026-01-08,832,N20,VIIRS,n,2,299.86,4.38,D,0
21.0201,83.50301,331.55,0.67,0.73,2026-01-08,832,N20,VIIRS,n,2,295.73,3.48,D,0
21.03113,81.1168,329.27,0.47,0.64,2026-01-08,832,N20,VIIRS,n,2,297.93,6.43,D,0
21.03154,81.12137,346.82,0.47,0.64,2026-01-08,832,N20,VIIRS,n,2,299.03,7.61,D,0
21.03231,82.42276,367,0.57,0.69,2026-01-08,832,N20,VIIRS,h,2,299.18,11.76,D,0
21.04515,81.07455,328,0.47,0.64,2026-01-08,832,N20,VIIRS,n,2,295.59,4.58,D,0
21.07535,83.863,328.25,0.71,0.75,2026-01-08,832,N20,VIIRS,n,2,295.71,5.73,D,0
21.09653,72.84992,337.36,0.45,0.39,2026-01-08,832,N20,VIIRS,n,2,305.34,14.95,D,0
21.10007,72.84938,345.51,0.45,0.39,2026-01-08,832,N20,VIIRS,n,2,306.91,14.95,D,0
21.10026,72.63749,340.67,0.44,0.38,2026-01-08,832,N20,VIIRS,n,2,306.41,11.14,D,2
21.1049,72.64536,341.28,0.44,0.38,2026-01-08,832,N20,VIIRS,n,2,306.97,14.95,D,2
21.13067,82.34265,335.8,0.56,0.69,2026-01-08,832,N20,VIIRS,n,2,298.14,5.1,D,0
21.19708,83.08671,367,0.63,0.72,2026-01-08,832,N20,VIIRS,h,2,303.26,30.6,D,0
21.20178,83.78476,327.96,0.7,0.75,2026-01-08,832,N20,VIIRS,n,2,295.91,3.84,D,0
21.20968,83.89701,344.04,0.71,0.75,2026-01-08,832,N20,VIIRS,n,2,296.54,6.6,D,0
21.21036,83.89532,348.22,0.71,0.75,2026-01-08,832,N20,VIIRS,n,2,297.73,7.78,D,0
21.21201,83.04803,343.25,0.63,0.72,2026-01-08,832,N20,VIIRS,n,2,302.1,5.34,D,0
21.21245,83.05415,330,0.63,0.72,2026-01-08,832,N20,VIIRS,n,2,299.11,5.34,D,0
21.21413,83.04855,341.06,0.63,0.72,2026-01-08,832,N20,VIIRS,n,2,302.46,7.33,D,0
21.23936,72.04386,331.39,0.42,0.38,2026-01-08,832,N20,VIIRS,n,2,303.02,2.18,D,0
21.24147,83.85267,329.72,0.71,0.75,2026-01-08,832,N20,VIIRS,n,2,297.57,2.5,D,0
21.2632,81.93531,338.6,0.53,0.67,2026-01-08,832,N20,VIIRS,n,2,299.32,6.13,D,0
21.26491,81.9385,341.98,0.53,0.67,2026-01-08,832,N20,VIIRS,n,2,299.31,6.25,D,0
21.30232,83.3564,332.77,0.66,0.73,2026-01-08,832,N20,VIIRS,n,2,296.8,6.67,D,0
21.304,75.57898,330.22,0.42,0.45,2026-01-08,832,N20,VIIRS,l,2,302.99,5,D,0
21.32533,75.72234,333.75,0.42,0.46,2026-01-08,832,N20,VIIRS,n,2,305.71,2.99,D,0
21.32692,83.68758,327.37,0.69,0.74,2026-01-08,832,N20,VIIRS,l,2,298.06,4.82,D,0
21.33657,82.06112,367,0.54,0.68,2026-01-08,832,N20,VIIRS,h,2,300.63,10.88,D,0
21.34125,81.61272,344.75,0.51,0.66,2026-01-08,832,N20,VIIRS,n,2,299.06,6.19,D,0
21.34188,81.61051,348.18,0.51,0.66,2026-01-08,832,N20,VIIRS,n,2,300.01,5.57,D,0
21.34869,81.62707,351.22,0.51,0.66,2026-01-08,832,N20,VIIRS,n,2,302.05,6.86,D,0
21.34964,81.62982,347.22,0.51,0.66,2026-01-08,832,N20,VIIRS,n,2,298.09,8.83,D,0
21.37383,83.86189,337.07,0.71,0.75,2026-01-08,832,N20,VIIRS,n,2,299.02,4.47,D,0
21.3747,83.86338,335.29,0.71,0.75,2026-01-08,832,N20,VIIRS,n,2,298.52,3.98,D,0
21.38528,81.68674,331.39,0.51,0.66,2026-01-08,832,N20,VIIRS,n,2,301.14,4.3,D,0
21.39143,81.68627,334.76,0.51,0.66,2026-01-08,832,N20,VIIRS,n,2,301.12,3.7,D,0
21.39592,71.17773,344.37,0.4,0.37,2026-01-08,832,N20,VIIRS,n,2,307.97,5.82,D,0
21.4094,82.39341,334.39,0.57,0.69,2026-01-08,832,N20,VIIRS,n,2,296.9,6.87,D,0
21.41124,82.39184,344.27,0.57,0.69,2026-01-08,832,N20,VIIRS,n,2,298.55,7.25,D,0
21.417,82.14397,334.63,0.55,0.68,2026-01-08,832,N20,VIIRS,n,2,300.39,5.03,D,0
21.42645,83.43642,338.66,0.67,0.73,2026-01-08,832,N20,VIIRS,n,2,297.27,6.45,D,0
21.45209,81.98222,341.38,0.54,0.68,2026-01-08,832,N20,VIIRS,n,2,299.2,5.06,D,0
21.48841,74.232,333.83,0.52,0.42,2026-01-08,832,N20,VIIRS,n,2,306.38,4.87,D,0
21.49604,82.05856,328.8,0.55,0.68,2026-01-08,832,N20,VIIRS,n,2,298.71,3.04,D,0
21.50233,82.05807,338.8,0.55,0.68,2026-01-08,832,N20,VIIRS,n,2,300.39,6.91,D,0
21.52483,73.73928,333.81,0.5,0.41,2026-01-08,832,N20,VIIRS,n,2,306.26,8.27,D,0
21.56377,82.0648,339.72,0.55,0.68,2026-01-08,832,N20,VIIRS,n,2,298.99,5.07,D,0
21.5765,77.18055,338.06,0.53,0.5,2026-01-08,832,N20,VIIRS,n,2,300.02,3.66,D,0
21.58466,71.43758,334.49,0.4,0.37,2026-01-08,832,N20,VIIRS,l,2,306.82,4.46,D,0
21.59616,74.41699,333.25,0.54,0.42,2026-01-08,832,N20,VIIRS,n,2,306,3.16,D,0
21.60726,82.88844,353.52,0.62,0.71,2026-01-08,832,N20,VIIRS,n,2,301.36,18.02,D,0
21.60773,82.89443,367,0.62,0.71,2026-01-08,832,N20,VIIRS,h,2,298.26,23.25,D,0
21.60843,74.42052,331.24,0.54,0.42,2026-01-08,832,N20,VIIRS,n,2,306.22,7.98,D,0
21.61387,82.88794,344.63,0.62,0.71,2026-01-08,832,N20,VIIRS,n,2,300.73,18.02,D,0
21.61434,82.89396,367,0.62,0.71,2026-01-08,832,N20,VIIRS,h,2,301.5,23.25,D,0
21.6186,82.53804,332.53,0.59,0.7,2026-01-08,832,N20,VIIRS,n,2,299.35,4.85,D,0
21.61878,82.88389,343.89,0.62,0.71,2026-01-08,832,N20,VIIRS,n,2,300.92,11.57,D,0
21.61906,82.54372,334.76,0.59,0.7,2026-01-08,832,N20,VIIRS,n,2,301.06,4.85,D,0
21.61955,82.53965,331.56,0.59,0.7,2026-01-08,832,N20,VIIRS,n,2,300.29,4.78,D,0
21.61966,82.89597,336.52,0.62,0.71,2026-01-08,832,N20,VIIRS,n,2,299.44,5.84,D,0
21.61999,82.54536,344.58,0.59,0.7,2026-01-08,832,N20,VIIRS,n,2,301.25,4.78,D,0
21.62047,82.88742,334.26,0.62,0.71,2026-01-08,832,N20,VIIRS,n,2,299.72,9.16,D,0
21.62095,82.89347,329.78,0.62,0.71,2026-01-08,832,N20,VIIRS,n,2,300.83,7.62,D,0
21.62507,82.53753,337.76,0.59,0.7,2026-01-08,832,N20,VIIRS,n,2,301,4.85,D,0
21.62554,82.54324,335.87,0.59,0.7,2026-01-08,832,N20,VIIRS,n,2,301.12,4.85,D,0
21.62602,82.54897,330.06,0.59,0.7,2026-01-08,832,N20,VIIRS,l,2,301.9,9.34,D,0
21.62603,82.53912,333.71,0.59,0.7,2026-01-08,832,N20,VIIRS,n,2,300.49,4.78,D,0
21.62646,82.54485,338.97,0.59,0.7,2026-01-08,832,N20,VIIRS,n,2,300.79,4.78,D,0
21.6458,84.13507,333.8,0.74,0.76,2026-01-08,832,N20,VIIRS,n,2,298.79,4.51,D,0
21.65005,84.13315,330,0.74,0.76,2026-01-08,832,N20,VIIRS,n,2,298.55,4.48,D,0
21.66249,82.93545,331.07,0.62,0.72,2026-01-08,832,N20,VIIRS,n,2,298.58,8.01,D,0
21.66354,82.51894,346.57,0.59,0.7,2026-01-08,832,N20,VIIRS,n,2,302.28,8.73,D,0
21.66399,82.52473,332.75,0.59,0.7,2026-01-08,832,N20,VIIRS,n,2,298.12,5.9,D,0
21.66405,82.93304,341.01,0.62,0.72,2026-01-08,832,N20,VIIRS,n,2,299.89,7.01,D,0
21.66752,82.82546,345.49,0.61,0.71,2026-01-08,832,N20,VIIRS,n,2,299.67,8.08,D,0
21.66881,82.67015,348.66,0.6,0.71,2026-01-08,832,N20,VIIRS,n,2,301.46,6.61,D,0
21.70032,82.99458,339.09,0.63,0.72,2026-01-08,832,N20,VIIRS,n,2,297.71,5.89,D,0
21.70094,82.57688,336.72,0.59,0.7,2026-01-08,832,N20,VIIRS,n,2,298.99,4.2,D,0
21.701,82.57993,338.19,0.59,0.7,2026-01-08,832,N20,VIIRS,n,2,298.52,4.03,D,0
21.73224,82.91537,352.41,0.62,0.72,2026-01-08,832,N20,VIIRS,n,2,304.18,15.34,D,0
21.73268,82.92149,348.02,0.62,0.72,2026-01-08,832,N20,VIIRS,n,2,298.76,15.34,D,0
21.73446,82.91799,356.01,0.62,0.72,2026-01-08,832,N20,VIIRS,n,2,306.76,30.6,D,0
21.73886,82.91487,329.01,0.62,0.72,2026-01-08,832,N20,VIIRS,n,2,299.79,4.02,D,0
21.73931,82.92097,330.71,0.62,0.72,2026-01-08,832,N20,VIIRS,n,2,299.83,4.02,D,0
21.74626,83.42655,350.84,0.67,0.74,2026-01-08,832,N20,VIIRS,n,2,297.73,12.6,D,0
21.75123,84.30151,328.43,0.77,0.77,2026-01-08,832,N20,VIIRS,n,2,298.42,3.17,D,0
21.75581,82.52579,350.34,0.59,0.7,2026-01-08,832,N20,VIIRS,n,2,299.81,7.88,D,0
21.76228,82.52521,341.92,0.59,0.7,2026-01-08,832,N20,VIIRS,n,2,299.79,6.95,D,0
21.76234,71.34175,338.76,0.4,0.37,2026-01-08,832,N20,VIIRS,n,2,302.57,4.84,D,0
21.76746,82.67702,340.31,0.6,0.71,2026-01-08,832,N20,VIIRS,n,2,301.74,5.35,D,0
21.77962,82.66419,328.18,0.6,0.71,2026-01-08,832,N20,VIIRS,n,2,299.26,2.63,D,0
21.78909,82.53443,333.55,0.59,0.7,2026-01-08,832,N20,VIIRS,n,2,300.17,3.01,D,0
21.78957,82.35609,337.14,0.57,0.69,2026-01-08,832,N20,VIIRS,n,2,298.77,6.32,D,0
21.79426,82.35671,347.46,0.57,0.69,2026-01-08,832,N20,VIIRS,n,2,299.53,10.81,D,0
21.79557,82.53392,329.98,0.59,0.7,2026-01-08,832,N20,VIIRS,n,2,299.53,3.01,D,0
21.79598,82.35553,338.86,0.57,0.69,2026-01-08,832,N20,VIIRS,n,2,298.91,6.32,D,0
21.80238,84.41989,328.42,0.78,0.78,2026-01-08,832,N20,VIIRS,n,2,301.12,4.8,D,0
21.81222,82.49782,345.34,0.59,0.7,2026-01-08,832,N20,VIIRS,n,2,298.25,13.29,D,0
21.81304,82.49688,356.12,0.59,0.7,2026-01-08,832,N20,VIIRS,n,2,299.61,10.32,D,0
21.81623,83.1461,329.76,0.65,0.73,2026-01-08,832,N20,VIIRS,n,2,297.54,3.53,D,0
21.8281,82.43793,336.64,0.58,0.7,2026-01-08,832,N20,VIIRS,n,2,297.38,3.98,D,0
21.84257,83.41046,339.18,0.67,0.74,2026-01-08,832,N20,VIIRS,n,2,300.77,9.16,D,0
21.84306,83.41714,333.25,0.67,0.74,2026-01-08,832,N20,VIIRS,n,2,296.94,8.16,D,0
21.84326,80.1837,333.87,0.42,0.61,2026-01-08,832,N20,VIIRS,n,2,298.41,2.34,D,0
21.84717,80.18438,330.28,0.42,0.61,2026-01-08,832,N20,VIIRS,n,2,297.35,1.76,D,0
21.85369,83.19441,346.96,0.65,0.73,2026-01-08,832,N20,VIIRS,n,2,298.64,5.44,D,0
21.85679,83.194,355.23,0.65,0.73,2026-01-08,832,N20,VIIRS,n,2,300.98,9.16,D,0
21.86043,83.19395,328.64,0.65,0.73,2026-01-08,832,N20,VIIRS,n,2,299.52,5.44,D,0
21.86215,83.0788,351.07,0.64,0.72,2026-01-08,832,N20,VIIRS,n,2,298.8,12.22,D,0
21.86504,83.07887,352.86,0.64,0.72,2026-01-08,832,N20,VIIRS,n,2,298.86,10.3,D,0
21.86832,83.03481,327.95,0.64,0.72,2026-01-08,832,N20,VIIRS,n,2,299.66,3.2,D,0
21.87724,82.24188,337.51,0.57,0.69,2026-01-08,832,N20,VIIRS,n,2,298.01,9,D,0
21.87919,79.1459,333.75,0.36,0.57,2026-01-08,832,N20,VIIRS,n,2,300.23,3.63,D,0
21.89045,84.08231,332.98,0.74,0.76,2026-01-08,832,N20,VIIRS,n,2,298.15,4.73,D,0
21.90341,82.73695,342.5,0.61,0.71,2026-01-08,832,N20,VIIRS,n,2,300.15,6.78,D,0
21.90733,82.45442,328.7,0.58,0.7,2026-01-08,832,N20,VIIRS,n,2,299.33,2.04,D,0
21.91611,82.3878,341.56,0.58,0.7,2026-01-08,832,N20,VIIRS,n,2,298.32,4.06,D,0
21.92858,82.47587,331.14,0.59,0.7,2026-01-08,832,N20,VIIRS,n,2,299.91,4.75,D,0
21.92897,82.56017,339.3,0.59,0.7,2026-01-08,832,N20,VIIRS,n,2,299.11,4.87,D,0
21.92898,82.47282,333.63,0.59,0.7,2026-01-08,832,N20,VIIRS,n,2,299.69,3.68,D,0
21.93713,82.40872,328.25,0.58,0.7,2026-01-08,832,N20,VIIRS,n,2,298.23,6,D,0
21.94323,82.41692,348.16,0.58,0.7,2026-01-08,832,N20,VIIRS,n,2,299.64,7.13,D,0
21.944,82.41378,348.67,0.58,0.7,2026-01-08,832,N20,VIIRS,n,2,300.25,6,D,0
21.95018,83.94823,331.79,0.73,0.76,2026-01-08,832,N20,VIIRS,n,2,298.41,4.2,D,0
21.95037,82.5032,367,0.59,0.7,2026-01-08,832,N20,VIIRS,h,2,301.96,10.94,D,0
21.95058,82.50014,328.13,0.59,0.7,2026-01-08,832,N20,VIIRS,n,2,300.03,7.49,D,0
21.95084,82.50898,328.84,0.59,0.7,2026-01-08,832,N20,VIIRS,n,2,298.97,8.39,D,0
21.95103,82.50593,367,0.59,0.7,2026-01-08,832,N20,VIIRS,h,2,299.42,7.49,D,0
21.95169,83.94751,335.17,0.73,0.76,2026-01-08,832,N20,VIIRS,n,2,298.73,3.5,D,0
21.95296,82.98151,331.07,0.63,0.72,2026-01-08,832,N20,VIIRS,n,2,298.38,4.04,D,0
21.9617,82.80488,332.63,0.62,0.71,2026-01-08,832,N20,VIIRS,n,2,298.39,4.06,D,0
21.96177,82.8264,367,0.62,0.71,2026-01-08,832,N20,VIIRS,h,2,302.02,22.71,D,0
21.96314,82.82287,356.09,0.62,0.71,2026-01-08,832,N20,VIIRS,n,2,301.08,15.93,D,0
21.96362,82.82889,367,0.62,0.71,2026-01-08,832,N20,VIIRS,h,2,301.08,19.93,D,0
21.96392,82.76556,342.31,0.61,0.71,2026-01-08,832,N20,VIIRS,n,2,299.83,7.85,D,0
21.96437,82.77161,329.72,0.61,0.71,2026-01-08,832,N20,VIIRS,n,2,298.62,5.17,D,0
21.96482,82.77769,332.18,0.61,0.71,2026-01-08,832,N20,VIIRS,n,2,299.49,5.17,D,0
21.96502,79.15443,355.23,0.36,0.57,2026-01-08,832,N20,VIIRS,n,2,295.7,5.65,D,0
21.96539,82.7682,338.33,0.61,0.71,2026-01-08,832,N20,VIIRS,n,2,300.78,6.54,D,0
21.9666,82.80181,354.03,0.62,0.71,2026-01-08,832,N20,VIIRS,n,2,301.35,15.96,D,0
21.96704,82.80782,355.55,0.62,0.71,2026-01-08,832,N20,VIIRS,n,2,302.22,10.57,D,0
21.96749,82.8138,341.76,0.62,0.71,2026-01-08,832,N20,VIIRS,n,2,297.51,10.57,D,0
21.96878,82.81035,367,0.62,0.71,2026-01-08,832,N20,VIIRS,h,2,303.33,17.86,D,0
21.9705,82.76506,338.07,0.61,0.71,2026-01-08,832,N20,VIIRS,n,2,300.08,7.85,D,0
21.97096,82.77114,340.06,0.61,0.71,2026-01-08,832,N20,VIIRS,n,2,301.77,5.17,D,0
21.97197,82.76775,333.9,0.61,0.71,2026-01-08,832,N20,VIIRS,n,2,300.48,6.54,D,0
21.97246,82.77382,335.48,0.61,0.71,2026-01-08,832,N20,VIIRS,n,2,300.2,6.54,D,0
21.97364,82.80727,336.8,0.62,0.71,2026-01-08,832,N20,VIIRS,n,2,299.65,10.57,D,0
21.97408,82.81328,367,0.62,0.71,2026-01-08,832,N20,VIIRS,h,2,300.95,10.57,D,0
21.97537,82.80984,338.06,0.62,0.71,2026-01-08,832,N20,VIIRS,n,2,300.16,17.86,D,0
21.97585,82.81583,345.8,0.62,0.71,2026-01-08,832,N20,VIIRS,n,2,299.4,20.22,D,0
21.97682,84.29227,328.68,0.77,0.77,2026-01-08,832,N20,VIIRS,n,2,296.64,9.08,D,0
21.98388,82.50902,328.96,0.59,0.7,2026-01-08,832,N20,VIIRS,n,2,298.03,2.27,D,0
21.98537,82.44488,329.34,0.58,0.7,2026-01-08,832,N20,VIIRS,n,2,299.9,3.09,D,0
21.98583,82.97285,332.47,0.63,0.72,2026-01-08,832,N20,VIIRS,n,2,300.91,6.19,D,0
21.98628,82.97906,343.72,0.63,0.72,2026-01-08,832,N20,VIIRS,n,2,301.99,8.32,D,0
21.98863,82.97527,340.54,0.63,0.72,2026-01-08,832,N20,VIIRS,n,2,301.6,11.59,D,0
21.98912,82.98145,356.22,0.63,0.72,2026-01-08,832,N20,VIIRS,n,2,304.12,11.59,D,0
21.98961,82.98762,343.98,0.63,0.72,2026-01-08,832,N20,VIIRS,n,2,296.96,11.4,D,0
21.9934,82.9847,367,0.63,0.72,2026-01-08,832,N20,VIIRS,h,2,300.63,24.72,D,0
21.99388,82.81163,344.1,0.62,0.71,2026-01-08,832,N20,VIIRS,n,2,301.57,6.17,D,0
21.99531,82.24569,334.59,0.57,0.69,2026-01-08,832,N20,VIIRS,n,2,299.07,5.36,D,0
21.99749,82.24438,330.85,0.57,0.69,2026-01-08,832,N20,VIIRS,n,2,299.18,7.47,D,0
22.0017,82.2452,332.67,0.57,0.69,2026-01-08,832,N20,VIIRS,n,2,298.58,4.26,D,0
22.01718,80.79214,334.51,0.46,0.63,2026-01-08,832,N20,VIIRS,n,2,296.6,2.81,D,0
22.02405,82.60443,333.28,0.6,0.71,2026-01-08,832,N20,VIIRS,n,2,297.24,3.82,D,0
22.02415,82.60524,328.37,0.6,0.7,2026-01-08,832,N20,VIIRS,n,2,297.36,5.47,D,0
22.03046,84.18504,335.46,0.76,0.77,2026-01-08,832,N20,VIIRS,n,2,299.54,6.34,D,0
22.03405,84.1834,335.86,0.76,0.77,2026-01-08,832,N20,VIIRS,n,2,300.64,5.33,D,0
22.0366,82.68681,367,0.61,0.71,2026-01-08,832,N20,VIIRS,h,2,302.05,12.87,D,0
22.03724,82.68754,367,0.61,0.71,2026-01-08,832,N20,VIIRS,h,2,302.96,10.41,D,0
22.03965,83.73327,367,0.71,0.75,2026-01-08,832,N20,VIIRS,h,2,313.44,19.17,D,2
22.04043,83.73521,367,0.71,0.75,2026-01-08,832,N20,VIIRS,h,2,312.91,20.25,D,2
22.04316,82.68628,350.77,0.61,0.71,2026-01-08,832,N20,VIIRS,n,2,299.92,12.87,D,0
22.04379,82.68704,340.36,0.61,0.71,2026-01-08,832,N20,VIIRS,n,2,299.42,10.41,D,0
22.0539,82.39254,345.79,0.58,0.7,2026-01-08,832,N20,VIIRS,n,2,299.47,8.15,D,0
22.0548,82.99855,327.44,0.63,0.72,2026-01-08,832,N20,VIIRS,n,2,299.77,2.65,D,0
22.05994,82.56115,338.63,0.6,0.7,2026-01-08,832,N20,VIIRS,n,2,297.65,4.46,D,0
22.0601,82.56013,341.35,0.6,0.7,2026-01-08,832,N20,VIIRS,n,2,297.71,5.76,D,0
22.08457,83.12274,327.66,0.65,0.73,2026-01-08,832,N20,VIIRS,l,2,298.45,6.11,D,0
22.08786,83.12206,328.08,0.65,0.73,2026-01-08,832,N20,VIIRS,n,2,298.04,7.62,D,0
22.08993,82.52232,345.37,0.59,0.7,2026-01-08,832,N20,VIIRS,n,2,297.86,6.54,D,0
22.09078,82.36669,333.9,0.58,0.7,2026-01-08,832,N20,VIIRS,n,2,298.79,4.24,D,0
22.09565,82.24146,328.25,0.57,0.69,2026-01-08,832,N20,VIIRS,l,2,298.87,5.38,D,0
22.10916,82.68687,355.41,0.61,0.71,2026-01-08,832,N20,VIIRS,n,2,302.31,20.07,D,0
22.12198,82.33542,336.45,0.58,0.7,2026-01-08,832,N20,VIIRS,n,2,297.37,4.03,D,0
22.12711,82.33537,367,0.58,0.69,2026-01-08,832,N20,VIIRS,h,2,303.29,13.94,D,0
22.12841,82.33489,367,0.58,0.7,2026-01-08,832,N20,VIIRS,h,2,301.61,10.9,D,0
22.13493,82.35186,339.52,0.58,0.7,2026-01-08,832,N20,VIIRS,n,2,298.49,5.07,D,0
22.13612,82.35139,339.66,0.58,0.7,2026-01-08,832,N20,VIIRS,n,2,299.61,6.37,D,0
22.14995,72.00675,336.58,0.42,0.38,2026-01-08,832,N20,VIIRS,n,2,301.09,2.88,D,0
22.1617,84.32704,335.98,0.77,0.78,2026-01-08,832,N20,VIIRS,n,2,297.68,6.15,D,0
22.16576,84.32562,335.1,0.77,0.78,2026-01-08,832,N20,VIIRS,n,2,299.05,4.6,D,0
22.16993,81.96526,329.24,0.55,0.68,2026-01-08,832,N20,VIIRS,n,2,297,3.18,D,0
22.17805,82.145,334.04,0.56,0.69,2026-01-08,832,N20,VIIRS,n,2,298.94,7.76,D,0
22.17849,82.15051,367,0.56,0.69,2026-01-08,832,N20,VIIRS,h,2,298.58,7.76,D,0
22.1828,82.04549,345.94,0.55,0.68,2026-01-08,832,N20,VIIRS,n,2,298.38,6.05,D,0
22.21625,82.54722,333.71,0.6,0.7,2026-01-08,832,N20,VIIRS,n,2,298.9,5.94,D,0
22.21671,82.55315,330.36,0.6,0.7,2026-01-08,832,N20,VIIRS,n,2,297.87,5.99,D,0
22.24392,82.65731,342.22,0.61,0.71,2026-01-08,832,N20,VIIRS,n,2,299.19,6.39,D,0
22.24463,82.65825,349.27,0.61,0.71,2026-01-08,832,N20,VIIRS,n,2,299.59,8.09,D,0
22.31141,83.08686,330.55,0.65,0.73,2026-01-08,832,N20,VIIRS,n,2,297.95,3.7,D,0
22.31466,83.08595,328.88,0.65,0.73,2026-01-08,832,N20,VIIRS,n,2,297.56,3.39,D,0
22.36061,76.31939,332.57,0.48,0.48,2026-01-08,832,N20,VIIRS,n,2,302.79,2.51,D,0
22.46177,76.03477,332.57,0.46,0.47,2026-01-08,832,N20,VIIRS,n,2,302.85,3.85,D,0
22.50167,75.98138,332.8,0.46,0.47,2026-01-08,832,N20,VIIRS,l,2,302.8,5.34,D,0
22.74307,79.01414,334.19,0.36,0.57,2026-01-08,832,N20,VIIRS,n,2,299.51,1.85,D,0
22.86357,78.76688,332.91,0.35,0.56,2026-01-08,832,N20,VIIRS,n,2,298.38,1.75,D,0
22.86766,78.76627,328.52,0.35,0.56,2026-01-08,832,N20,VIIRS,n,2,296.46,2.28,D,0
23.16389,82.34199,338,0.59,0.7,2026-01-08,832,N20,VIIRS,n,2,299.89,9.58,D,2
23.16408,82.342,337.37,0.59,0.7,2026-01-08,832,N20,VIIRS,n,2,299.98,9.44,D,2
22.01201,70.19736,333.46,0.39,0.36,2026-01-08,833,N20,VIIRS,n,2,305.24,2.93,D,0
22.36801,69.09735,345.27,0.39,0.36,2026-01-08,833,N20,VIIRS,n,2,304.75,4.31,D,0
22.38617,70.15535,331.36,0.39,0.36,2026-01-08,833,N20,VIIRS,n,2,301.62,2.6,D,0
22.41378,69.03968,334.49,0.39,0.36,2026-01-08,833,N20,VIIRS,n,2,303.49,4.53,D,0
22.47888,70.46185,332.82,0.39,0.36,2026-01-08,833,N20,VIIRS,n,2,304.8,2.16,D,0
22.75726,70.51141,332,0.39,0.36,2026-01-08,833,N20,VIIRS,l,2,302.68,3.25,D,0
22.81945,69.67188,334.49,0.38,0.36,2026-01-08,833,N20,VIIRS,n,2,305.91,1.8,D,0
22.9231,69.93175,332.02,0.39,0.36,2026-01-08,833,N20,VIIRS,n,2,303.86,2.15,D,0
22.92881,70.10715,344.59,0.39,0.36,2026-01-08,833,N20,VIIRS,n,2,314.32,11.06,D,0
23.00548,78.64299,327.87,0.34,0.56,2026-01-08,833,N20,VIIRS,n,2,298.11,6.1,D,0
23.0058,78.64636,367,0.34,0.56,2026-01-08,833,N20,VIIRS,h,2,297.82,8.22,D,0
23.04324,69.3759,333.5,0.38,0.36,2026-01-08,833,N20,VIIRS,n,2,303.39,2.01,D,0
23.09775,78.83547,355.78,0.35,0.57,2026-01-08,833,N20,VIIRS,n,2,299.59,11.03,D,0
23.09797,78.83407,353.91,0.35,0.57,2026-01-08,833,N20,VIIRS,n,2,297.96,5.97,D,0
23.09828,78.83752,352.14,0.35,0.57,2026-01-08,833,N20,VIIRS,n,2,295.24,5.97,D,0
23.12148,78.8594,333.88,0.35,0.57,2026-01-08,833,N20,VIIRS,n,2,297.15,2.02,D,0
23.17616,77.70859,329.96,0.6,0.53,2026-01-08,833,N20,VIIRS,n,2,298.4,5.15,D,0
23.20823,69.74803,339.32,0.39,0.36,2026-01-08,833,N20,VIIRS,n,2,296.93,2.46,D,0
23.3074,68.86119,332.84,0.39,0.36,2026-01-08,833,N20,VIIRS,n,2,300.38,2.66,D,0
23.97572,72.36104,337.66,0.45,0.39,2026-01-08,833,N20,VIIRS,n,2,301.58,13.12,D,0
24.02805,80.08519,325.13,0.43,0.62,2026-01-08,833,N20,VIIRS,n,2,294.99,2.14,D,0
24.48675,71.57214,332.04,0.43,0.38,2026-01-08,833,N20,VIIRS,n,2,297.5,3.18,D,0
24.5707,69.25424,332.06,0.38,0.36,2026-01-08,833,N20,VIIRS,n,2,298.31,4.98,D,0
24.83424,68.11904,337.44,0.39,0.36,2026-01-08,833,N20,VIIRS,n,2,297.54,3.92,D,0
24.92989,68.1208,336.04,0.39,0.36,2026-01-08,833,N20,VIIRS,n,2,299.55,1.23,D,0
24.93949,68.13857,339.43,0.39,0.36,2026-01-08,833,N20,VIIRS,n,2,301.09,5.52,D,0
24.97065,68.16397,334.96,0.39,0.36,2026-01-08,833,N20,VIIRS,n,2,300.33,6.03,D,0
24.98934,69.55557,333.79,0.39,0.36,2026-01-08,833,N20,VIIRS,n,2,296.7,2.69,D,0
25.02019,68.24058,329.55,0.39,0.36,2026-01-08,833,N20,VIIRS,n,2,297,3.23,D,0
25.03154,69.10877,332.04,0.38,0.36,2026-01-08,833,N20,VIIRS,n,2,300.46,9.04,D,0
25.08133,69.08031,333.22,0.38,0.36,2026-01-08,833,N20,VIIRS,n,2,299.52,4.04,D,0
25.10905,73.44908,338.62,0.53,0.42,2026-01-08,833,N20,VIIRS,n,2,294.4,5.45,D,0
25.12213,69.21662,329.9,0.38,0.36,2026-01-08,833,N20,VIIRS,n,2,295.11,1.9,D,0
25.23319,69.4147,335.68,0.39,0.36,2026-01-08,833,N20,VIIRS,n,2,298.21,4.79,D,0
25.35718,68.72682,331.61,0.38,0.36,2026-01-08,833,N20,VIIRS,n,2,296.66,2.93,D,0
25.4017,68.9753,343.86,0.38,0.36,2026-01-08,833,N20,VIIRS,n,2,297.05,3.66,D,0
25.89266,77.15615,327.29,0.59,0.53,2026-01-08,833,N20,VIIRS,n,2,290.81,4.42,D,0
26.07068,82.39491,367,0.63,0.72,2026-01-08,833,N20,VIIRS,h,2,290.17,10.75,D,0
25.35625,68.27857,331.62,0.39,0.36,2026-01-08,834,N20,VIIRS,n,2,298.12,4.2,D,0
25.3868,68.58475,330.74,0.38,0.36,2026-01-08,834,N20,VIIRS,n,2,296.1,1.52,D,2
25.59092,68.87783,329.51,0.38,0.36,2026-01-08,834,N20,VIIRS,n,2,294.08,2.49,D,0
25.60693,68.73851,335.3,0.38,0.36,2026-01-08,834,N20,VIIRS,n,2,298.1,4.11,D,0
25.63885,68.99379,329.91,0.38,0.36,2026-01-08,834,N20,VIIRS,n,2,294.96,8.44,D,0
25.68684,69.01657,330.97,0.38,0.36,2026-01-08,834,N20,VIIRS,n,2,298.82,2.31,D,0
26.17081,68.1594,337.94,0.39,0.36,2026-01-08,834,N20,VIIRS,n,2,297.24,3.85,D,0
26.17698,68.22108,331.43,0.38,0.36,2026-01-08,834,N20,VIIRS,n,2,295.31,4.21,D,0
26.19686,68.284,332.47,0.38,0.36,2026-01-08,834,N20,VIIRS,n,2,295.72,2.98,D,0
26.25972,68.05225,336.21,0.39,0.36,2026-01-08,834,N20,VIIRS,n,2,293.48,3.82,D,0
26.27901,68.41785,331.2,0.38,0.36,2026-01-08,834,N20,VIIRS,n,2,295.05,1.56,D,0
26.41274,68.25047,335.31,0.38,0.36,2026-01-08,834,N20,VIIRS,n,2,295.2,3.14,D,0
26.53457,68.24337,330.07,0.38,0.36,2026-01-08,834,N20,VIIRS,n,2,297.75,3.15,D,0
26.53515,68.24719,332.96,0.38,0.36,2026-01-08,834,N20,VIIRS,n,2,299.07,3.15,D,0
26.60721,68.20984,329.92,0.38,0.36,2026-01-08,834,N20,VIIRS,n,2,294.4,1.46,D,0
27.45839,68.50656,330.13,0.38,0.36,2026-01-08,834,N20,VIIRS,n,2,289.75,2.47,D,0
27.75843,69.06569,334.74,0.39,0.36,2026-01-08,834,N20,VIIRS,n,2,294.42,6.47,D,0
27.86069,69.09174,329.85,0.39,0.36,2026-01-08,834,N20,VIIRS,n,2,293,3.62,D,0
27.87887,69.21778,329.38,0.39,0.36,2026-01-08,834,N20,VIIRS,n,2,291.9,4.45,D,0
27.90133,69.30299,326.25,0.39,0.36,2026-01-08,834,N20,VIIRS,n,2,290.48,6.6,D,0
27.99748,69.24098,328.96,0.39,0.36,2026-01-08,834,N20,VIIRS,n,2,291.78,1.84,D,0
28.09993,77.79076,328.99,0.34,0.56,2026-01-08,834,N20,VIIRS,n,2,287.54,1.65,D,0
28.11502,69.46478,341.42,0.4,0.37,2026-01-08,834,N20,VIIRS,n,2,292.82,9.27,D,0
28.12959,69.81016,330.83,0.4,0.37,2026-01-08,834,N20,VIIRS,n,2,289.49,2.92,D,0
28.16044,77.35963,329.63,0.32,0.55,2026-01-08,834,N20,VIIRS,n,2,287.75,1.63,D,0
28.39731,69.76834,335.27,0.4,0.37,2026-01-08,834,N20,VIIRS,n,2,289.87,2.49,D,0
28.42353,78.18501,326.62,0.37,0.58,2026-01-08,834,N20,VIIRS,n,2,288.98,1.54,D,0
28.45447,80.53884,326.2,0.51,0.66,2026-01-08,834,N20,VIIRS,n,2,286.53,4.41,D,0
28.64467,70.14654,328.9,0.41,0.37,2026-01-08,834,N20,VIIRS,n,2,291.37,2.18,D,0
28.65043,70.49949,340.09,0.43,0.38,2026-01-08,834,N20,VIIRS,n,2,290.31,6.15,D,0
28.70926,71.08349,333.14,0.45,0.39,2026-01-08,834,N20,VIIRS,n,2,294.91,14.98,D,0
28.7629,76.38213,328.24,0.57,0.52,2026-01-08,834,N20,VIIRS,n,2,291.17,4.67,D,0
28.76344,76.38805,330.3,0.57,0.52,2026-01-08,834,N20,VIIRS,n,2,289.08,4.67,D,0
28.76596,71.1021,344.29,0.45,0.39,2026-01-08,834,N20,VIIRS,n,2,293.95,8.79,D,0
28.77393,70.77587,330.05,0.44,0.38,2026-01-08,834,N20,VIIRS,n,2,289.19,3.08,D,0
28.77618,77.45646,334,0.33,0.56,2026-01-08,834,N20,VIIRS,n,2,291.77,1.8,D,0
28.82309,77.76413,340.68,0.35,0.57,2026-01-08,834,N20,VIIRS,n,2,290.3,3.12,D,0
28.82375,77.76408,337.62,0.35,0.57,2026-01-08,834,N20,VIIRS,n,2,289.69,3.16,D,0
28.86458,77.13104,327.08,0.32,0.55,2026-01-08,834,N20,VIIRS,n,2,291.05,1.57,D,0
28.90259,77.45039,338.6,0.33,0.56,2026-01-08,834,N20,VIIRS,n,2,291.11,2.58,D,0
28.90289,76.2751,338.8,0.57,0.52,2026-01-08,834,N20,VIIRS,n,2,290.28,6.06,D,0
28.90316,76.27223,338.85,0.57,0.52,2026-01-08,834,N20,VIIRS,n,2,289.26,6.14,D,0
28.92511,70.28324,332.08,0.42,0.38,2026-01-08,834,N20,VIIRS,n,2,291.77,4.09,D,0
28.95141,76.27267,342.86,0.57,0.52,2026-01-08,834,N20,VIIRS,n,2,289.05,9.15,D,0
28.96092,78.03605,326.15,0.36,0.58,2026-01-08,834,N20,VIIRS,n,2,290.59,1.54,D,0
28.9625,78.03663,327.25,0.36,0.58,2026-01-08,834,N20,VIIRS,n,2,290.41,1.57,D,0
28.96359,76.46305,336.22,0.58,0.52,2026-01-08,834,N20,VIIRS,n,2,288.76,3.96,D,0
29.00477,70.48206,332.44,0.43,0.38,2026-01-08,834,N20,VIIRS,n,2,286.86,3.26,D,0
29.02299,77.80929,328.91,0.35,0.57,2026-01-08,834,N20,VIIRS,n,2,291.33,1.86,D,0
29.03095,70.3718,329.71,0.42,0.38,2026-01-08,834,N20,VIIRS,n,2,291.57,2.65,D,0
29.05052,77.42496,329.76,0.33,0.56,2026-01-08,834,N20,VIIRS,n,2,292.04,1.93,D,0
29.09849,77.44124,331.74,0.34,0.56,2026-01-08,834,N20,VIIRS,n,2,291.7,2,D,0
29.10722,70.49242,332.85,0.43,0.38,2026-01-08,834,N20,VIIRS,n,2,288.73,3.17,D,0
29.14027,77.88155,329.44,0.36,0.57,2026-01-08,834,N20,VIIRS,n,2,292.01,2.35,D,0
29.15468,77.15569,325.1,0.32,0.55,2026-01-08,834,N20,VIIRS,n,2,289.67,1.23,D,0
29.24283,77.18323,338.79,0.33,0.55,2026-01-08,834,N20,VIIRS,n,2,287.69,3.19,D,0
29.26935,70.53937,328.09,0.43,0.38,2026-01-08,834,N20,VIIRS,n,2,288.21,4.48,D,0
29.29818,71.41034,326.01,0.47,0.39,2026-01-08,834,N20,VIIRS,n,2,291.94,3.22,D,0
29.3814,77.45564,348.27,0.34,0.56,2026-01-08,834,N20,VIIRS,n,2,292.34,4.26,D,0
29.51603,80.76268,353.29,0.54,0.68,2026-01-08,834,N20,VIIRS,n,2,299.07,9.84,D,0
29.51636,80.76843,349.93,0.54,0.68,2026-01-08,834,N20,VIIRS,n,2,294.45,9.84,D,0
29.53335,79.44392,335.77,0.45,0.63,2026-01-08,834,N20,VIIRS,n,2,295.85,4.22,D,0
29.5391,79.44246,354.3,0.45,0.63,2026-01-08,834,N20,VIIRS,n,2,293.75,8.11,D,0
29.5592,77.5021,332.11,0.34,0.56,2026-01-08,834,N20,VIIRS,n,2,290.79,1.91,D,0
29.56056,77.50262,328.07,0.34,0.56,2026-01-08,834,N20,VIIRS,n,2,290.02,1.93,D,0
29.63707,79.69311,328.24,0.47,0.64,2026-01-08,834,N20,VIIRS,n,2,294.23,6.59,D,0
29.65815,77.26276,334.18,0.33,0.55,2026-01-08,834,N20,VIIRS,n,2,289.26,2.09,D,0
29.661,78.48674,347,0.39,0.6,2026-01-08,834,N20,VIIRS,n,2,290.89,4.41,D,0
29.66475,79.75424,335.15,0.47,0.64,2026-01-08,834,N20,VIIRS,n,2,291.34,3.97,D,0
29.66562,79.76794,327.53,0.47,0.64,2026-01-08,834,N20,VIIRS,n,2,289.09,3.78,D,0
29.73499,81.42635,343.55,0.6,0.71,2026-01-08,834,N20,VIIRS,n,2,291.18,11.14,D,0
29.76447,79.23142,367,0.44,0.62,2026-01-08,834,N20,VIIRS,h,2,294.57,6.2,D,0
29.76482,79.23654,325.69,0.44,0.62,2026-01-08,834,N20,VIIRS,n,2,293.95,6.2,D,0
29.79238,82.2129,335.9,0.67,0.74,2026-01-08,834,N20,VIIRS,n,2,291.36,7.24,D,0
29.88212,79.77348,367,0.48,0.64,2026-01-08,834,N20,VIIRS,h,2,301.23,17.26,D,0
29.92114,79.38555,325.84,0.45,0.63,2026-01-08,834,N20,VIIRS,n,2,289.77,6.34,D,0
29.97149,80.32667,337.63,0.52,0.67,2026-01-08,834,N20,VIIRS,n,2,296.36,4.99,D,0
30.06071,80.49809,330.61,0.53,0.67,2026-01-08,834,N20,VIIRS,n,2,292.18,4.66,D,0
30.06187,80.49978,342.48,0.53,0.67,2026-01-08,834,N20,VIIRS,n,2,296.24,12.06,D,0
30.07544,80.54064,329.02,0.54,0.67,2026-01-08,834,N20,VIIRS,l,2,300.32,8.77,D,0
30.07669,80.53944,341.18,0.53,0.67,2026-01-08,834,N20,VIIRS,n,2,299.25,5.54,D,0
30.10401,80.27302,332.02,0.51,0.66,2026-01-08,834,N20,VIIRS,n,2,296.11,7.44,D,0
30.10418,80.27607,333.22,0.51,0.66,2026-01-08,834,N20,VIIRS,n,2,294.02,4.82,D,0
29.57894,70.81525,341.37,0.44,0.39,2026-01-08,835,N20,VIIRS,n,2,298.38,23.81,D,0
29.66503,70.81202,345.36,0.44,0.39,2026-01-08,835,N20,VIIRS,n,2,291.27,9.4,D,0
29.66857,70.81142,344.61,0.44,0.39,2026-01-08,835,N20,VIIRS,n,2,291.25,9.4,D,0
29.83921,70.85208,333.33,0.45,0.39,2026-01-08,835,N20,VIIRS,n,2,290.7,3.03,D,0
30.37488,78.61556,329.08,0.41,0.61,2026-01-08,835,N20,VIIRS,n,2,290.5,4.15,D,0
30.37629,78.61763,327.38,0.41,0.61,2026-01-08,835,N20,VIIRS,n,2,290.94,4.24,D,0
30.38012,70.77414,328.91,0.45,0.39,2026-01-08,835,N20,VIIRS,n,2,291,3.41,D,0
30.41809,70.93119,329.02,0.46,0.39,2026-01-08,835,N20,VIIRS,n,2,289.34,4.6,D,0
30.44081,70.99545,327.61,0.46,0.39,2026-01-08,835,N20,VIIRS,n,2,288.99,2.44,D,0
30.46889,79.26826,348.33,0.45,0.63,2026-01-08,835,N20,VIIRS,n,2,297.52,6.62,D,0
30.68236,78.70949,355.05,0.42,0.61,2026-01-08,835,N20,VIIRS,n,2,289.97,5.51,D,0
30.68256,78.71239,329.75,0.42,0.61,2026-01-08,835,N20,VIIRS,n,2,285.2,5.51,D,0
30.68561,78.70885,343.59,0.42,0.61,2026-01-08,835,N20,VIIRS,n,2,284.82,6.09,D,0
30.72031,78.63376,354.62,0.42,0.61,2026-01-08,835,N20,VIIRS,n,2,290.46,10.08,D,0
30.73827,77.80878,341.26,0.37,0.58,2026-01-08,835,N20,VIIRS,n,2,295.47,5.76,D,0
30.81583,78.01022,283,0.38,0.59,2026-01-08,835,N20,VIIRS,l,2,283.2,1.25,D,0
30.82125,78.0097,326.42,0.38,0.59,2026-01-08,835,N20,VIIRS,n,2,293.62,4.79,D,0
30.82673,78.01024,343.47,0.38,0.59,2026-01-08,835,N20,VIIRS,n,2,293.81,4.79,D,0
30.86518,78.6318,346.15,0.42,0.61,2026-01-08,835,N20,VIIRS,n,2,298.24,9.74,D,0
30.86568,78.63895,343.13,0.42,0.61,2026-01-08,835,N20,VIIRS,n,2,291.05,6.94,D,0
30.86769,78.3475,367,0.4,0.6,2026-01-08,835,N20,VIIRS,h,2,300.01,8.4,D,0
30.86788,78.35026,331.6,0.4,0.6,2026-01-08,835,N20,VIIRS,n,2,288.27,8.4,D,0
30.89288,70.89359,329.53,0.46,0.39,2026-01-08,835,N20,VIIRS,n,2,286.49,2.52,D,0
30.89485,77.86906,329.58,0.37,0.58,2026-01-08,835,N20,VIIRS,n,2,291.65,3.12,D,0
30.90754,78.36468,336.81,0.4,0.6,2026-01-08,835,N20,VIIRS,n,2,288.76,4.51,D,0
30.92054,70.89622,327.85,0.46,0.39,2026-01-08,835,N20,VIIRS,n,2,286.55,2.32,D,0
30.94388,78.40729,348.27,0.4,0.6,2026-01-08,835,N20,VIIRS,n,2,293.18,6.79,D,0
30.9497,78.41072,334.22,0.4,0.6,2026-01-08,835,N20,VIIRS,n,2,286.71,6.79,D,0
30.9992,77.92482,333.58,0.38,0.59,2026-01-08,835,N20,VIIRS,n,2,289.49,4.97,D,0
31.07579,77.8224,330.52,0.37,0.58,2026-01-08,835,N20,VIIRS,n,2,297.05,4.05,D,0
31.46673,77.67869,343.06,0.37,0.58,2026-01-08,835,N20,VIIRS,n,2,292.27,4.91,D,0
31.46884,77.67923,341.78,0.37,0.58,2026-01-08,835,N20,VIIRS,n,2,290.41,5.69,D,0
31.55964,76.72479,337.08,0.32,0.55,2026-01-08,835,N20,VIIRS,n,2,294.98,2.84,D,0
31.5647,76.7243,332.82,0.32,0.55,2026-01-08,835,N20,VIIRS,n,2,295.6,2.84,D,0
31.84274,75.5367,325.98,0.55,0.51,2026-01-08,835,N20,VIIRS,n,2,285.92,4.44,D,0
32.11852,77.10651,332.16,0.35,0.56,2026-01-08,835,N20,VIIRS,n,2,298.73,3.63,D,0
32.14545,75.2886,336.33,0.54,0.51,2026-01-08,835,N20,VIIRS,n,2,286.93,8.15,D,0
32.14594,75.29436,339.47,0.54,0.51,2026-01-08,835,N20,VIIRS,n,2,287.51,8.23,D,0
32.2222,75.40855,333.26,0.55,0.51,2026-01-08,835,N20,VIIRS,n,2,289.41,3.96,D,0
32.80598,70.83573,326.79,0.48,0.4,2026-01-08,835,N20,VIIRS,n,2,296.33,5.91,D,0
32.80964,70.83512,340.41,0.48,0.4,2026-01-08,835,N20,VIIRS,n,2,297.08,5.91,D,0
32.88788,73.0383,338.01,0.41,0.45,2026-01-08,835,N20,VIIRS,n,2,287.99,3.87,D,0
32.92633,72.14928,325.38,0.55,0.43,2026-01-08,835,N20,VIIRS,n,2,293.79,1.99,D,0
33.01351,72.4692,336.13,0.38,0.43,2026-01-08,835,N20,VIIRS,n,2,292.7,2.59,D,0
33.04599,72.37481,325.99,0.57,0.43,2026-01-08,836,N20,VIIRS,n,2,292.47,1.96,D,0
33.04997,72.3742,326.77,0.57,0.43,2026-01-08,836,N20,VIIRS,n,2,293.34,2.34,D,0
33.2187,72.76553,328.86,0.4,0.44,2026-01-08,836,N20,VIIRS,n,2,292.16,1.66,D,0
33.25634,71.82489,330.71,0.54,0.42,2026-01-08,836,N20,VIIRS,n,2,295.66,3.15,D,0
33.29191,72.47943,340.61,0.39,0.44,2026-01-08,836,N20,VIIRS,n,2,294.16,4.08,D,0
33.37416,70.85916,330.2,0.49,0.4,2026-01-08,836,N20,VIIRS,n,2,295.09,4.36,D,0
33.37871,70.84457,353.46,0.49,0.4,2026-01-08,836,N20,VIIRS,n,2,295.26,16.08,D,0
33.37936,70.85016,344.92,0.49,0.4,2026-01-08,836,N20,VIIRS,n,2,288.88,16.08,D,0
33.37957,70.84178,341,0.49,0.4,2026-01-08,836,N20,VIIRS,n,2,292.58,16,D,0
33.38001,70.85585,367,0.49,0.4,2026-01-08,836,N20,VIIRS,h,2,292.4,13.08,D,0
33.38022,70.84716,347.59,0.49,0.4,2026-01-08,836,N20,VIIRS,n,2,288.05,16,D,0
33.38092,70.8529,350.83,0.49,0.4,2026-01-08,836,N20,VIIRS,n,2,288.82,9.11,D,0
33.3816,70.85846,336.96,0.49,0.4,2026-01-08,836,N20,VIIRS,n,2,287.31,9.11,D,0
33.44654,72.46556,327.17,0.39,0.44,2026-01-08,836,N20,VIIRS,n,2,291.77,5.43,D,0
33.45055,72.46496,349.46,0.39,0.44,2026-01-08,836,N20,VIIRS,n,2,294.33,5.43,D,0
33.47161,72.45864,338.86,0.39,0.44,2026-01-08,836,N20,VIIRS,n,2,293.5,4.4,D,0
33.51315,70.29272,331.24,0.46,0.39,2026-01-08,836,N20,VIIRS,n,2,293.64,4.37,D,0
33.55159,70.20557,326.5,0.46,0.39,2026-01-08,836,N20,VIIRS,n,2,292.71,3.49,D,0
33.55517,70.2049,331.66,0.46,0.39,2026-01-08,836,N20,VIIRS,n,2,291.19,3.07,D,0
33.57261,70.02195,330.01,0.45,0.39,2026-01-08,836,N20,VIIRS,n,2,291.8,3.59,D,0
33.62668,70.36869,338.21,0.47,0.39,2026-01-08,836,N20,VIIRS,n,2,289.22,9.27,D,0
33.67418,71.14592,343.63,0.51,0.41,2026-01-08,836,N20,VIIRS,n,2,292.89,7.56,D,0
33.6748,71.15141,338.01,0.51,0.41,2026-01-08,836,N20,VIIRS,n,2,295.17,7.57,D,0
33.6798,71.16161,325.44,0.51,0.41,2026-01-08,836,N20,VIIRS,n,2,293.37,2.2,D,0
33.74607,70.21124,329.36,0.46,0.39,2026-01-08,836,N20,VIIRS,n,2,290.47,3.53,D,0
33.74966,70.21063,340.7,0.46,0.39,2026-01-08,836,N20,VIIRS,n,2,291.67,12.14,D,0
33.78749,72.44381,333.42,0.39,0.44,2026-01-08,836,N20,VIIRS,n,2,295.77,2.26,D,0
33.79843,72.63282,341.1,0.4,0.44,2026-01-08,836,N20,VIIRS,n,2,294.55,6.06,D,0
33.79882,72.63309,342.14,0.4,0.44,2026-01-08,836,N20,VIIRS,n,2,294.54,7.01,D,0
33.81103,70.84447,325.23,0.49,0.4,2026-01-08,836,N20,VIIRS,n,2,287.28,4.55,D,0
33.86062,72.03789,329.01,0.56,0.43,2026-01-08,836,N20,VIIRS,n,2,293.56,1.65,D,0
33.86318,72.02424,326.02,0.56,0.43,2026-01-08,836,N20,VIIRS,n,2,293.21,3.83,D,0
33.86708,72.0233,333.3,0.56,0.43,2026-01-08,836,N20,VIIRS,n,2,295.42,3.83,D,0
33.93686,72.29978,354.77,0.39,0.44,2026-01-08,836,N20,VIIRS,n,2,294.78,12.11,D,0
34.23172,73.53021,327.42,0.45,0.47,2026-01-08,836,N20,VIIRS,n,2,294.83,2.97,D,0
34.46423,72.33289,335.42,0.39,0.44,2026-01-08,836,N20,VIIRS,n,2,291.46,5.19,D,0
34.48236,71.64313,333.67,0.54,0.42,2026-01-08,836,N20,VIIRS,n,2,294.87,3.33,D,0
26.89998,95.61113,323.49,0.39,0.36,2026-01-08,1918,N20,VIIRS,n,2,280.13,2.56,N,0
26.90058,95.60723,330.4,0.39,0.36,2026-01-08,1918,N20,VIIRS,n,2,280.9,2.4,N,0
26.90118,95.60333,309.27,0.39,0.36,2026-01-08,1918,N20,VIIRS,n,2,280.39,2.4,N,0
27.27106,94.74129,301.5,0.4,0.37,2026-01-08,1918,N20,VIIRS,n,2,280.17,0.64,N,0
27.31927,95.26614,312.42,0.39,0.36,2026-01-08,1918,N20,VIIRS,n,2,283.92,1.03,N,2
27.37681,95.08675,295.69,0.39,0.36,2026-01-08,1918,N20,VIIRS,n,2,282.38,0.33,N,2
27.37737,95.33353,329.25,0.39,0.36,2026-01-08,1918,N20,VIIRS,n,2,281.96,3.81,N,0
27.46926,95.42277,297.44,0.39,0.36,2026-01-08,1918,N20,VIIRS,n,2,283.39,0.5,N,2
27.72186,93.87785,297.43,0.42,0.38,2026-01-08,1918,N20,VIIRS,n,2,278.28,0.36,N,0
28.38337,84.48814,298.93,0.48,0.65,2026-01-08,1918,N20,VIIRS,n,2,275.86,1.19,N,0
29.66811,81.26731,303.44,0.78,0.78,2026-01-08,1918,N20,VIIRS,n,2,271.53,2.21,N,0
29.67265,81.26984,320.32,0.78,0.78,2026-01-08,1918,N20,VIIRS,n,2,273.34,5.14,N,0
29.67526,81.26878,307.25,0.78,0.78,2026-01-08,1918,N20,VIIRS,n,2,272.23,1.65,N,0
22.54206,97.57835,322.02,0.43,0.38,2026-01-08,1919,N20,VIIRS,n,2,283.01,2.68,N,0
22.75929,97.84183,295.46,0.43,0.38,2026-01-08,1919,N20,VIIRS,n,2,282.82,0.28,N,0
24.11494,86.86064,295.26,0.61,0.53,2026-01-08,1919,N20,VIIRS,n,2,284.42,1.77,N,2
24.12012,86.34943,302.8,0.33,0.55,2026-01-08,1919,N20,VIIRS,n,2,282.01,1.02,N,2
25.03572,87.37132,311.59,0.58,0.52,2026-01-08,1919,N20,VIIRS,n,2,284.61,2.54,N,0
25.03679,87.37077,315.58,0.58,0.52,2026-01-08,1919,N20,VIIRS,n,2,284.24,2.87,N,0
25.13552,92.19667,299.87,0.47,0.39,2026-01-08,1919,N20,VIIRS,n,2,288.86,0.69,N,0
25.2034,92.71723,304.01,0.44,0.39,2026-01-08,1919,N20,VIIRS,n,2,279.43,0.84,N,0
25.20509,94.58161,296.01,0.39,0.36,2026-01-08,1919,N20,VIIRS,n,2,276.58,0.31,N,0
25.21462,91.15692,297.75,0.52,0.42,2026-01-08,1919,N20,VIIRS,n,2,287.73,0.7,N,0
25.43689,86.06491,303.21,0.36,0.57,2026-01-08,1919,N20,VIIRS,n,2,282.15,0.71,N,0
25.54369,91.23451,307.02,0.52,0.42,2026-01-08,1919,N20,VIIRS,n,2,276.81,1.56,N,2
26.05966,93.89198,296.11,0.41,0.37,2026-01-08,1919,N20,VIIRS,n,2,283,0.47,N,2
26.08607,93.9536,298.07,0.41,0.37,2026-01-08,1919,N20,VIIRS,n,2,285.54,0.31,N,0
26.12943,94.95997,323.67,0.39,0.36,2026-01-08,1919,N20,VIIRS,n,2,279.59,2.37,N,0
26.13001,94.95616,310.31,0.39,0.36,2026-01-08,1919,N20,VIIRS,n,2,277.42,2.37,N,0
26.5211,90.53397,295.54,0.39,0.44,2026-01-08,1919,N20,VIIRS,n,2,284.14,1.13,N,2
27.07837,84.83314,315.97,0.44,0.63,2026-01-08,1919,N20,VIIRS,n,2,280.95,1.36,N,0
27.07891,84.83399,313.41,0.44,0.63,2026-01-08,1919,N20,VIIRS,n,2,281.31,1.19,N,0
20.3546,96.70055,304.29,0.42,0.37,2026-01-08,1920,N20,VIIRS,n,2,276.98,0.86,N,0
20.36615,95.61534,302.95,0.39,0.36,2026-01-08,1920,N20,VIIRS,n,2,287.82,1.34,N,0
20.69926,85.55448,295.63,0.34,0.56,2026-01-08,1920,N20,VIIRS,n,2,284.89,0.4,N,0
20.76304,85.29661,326.93,0.35,0.57,2026-01-08,1920,N20,VIIRS,n,2,292.57,2.36,N,2
20.76341,85.29315,311.63,0.35,0.57,2026-01-08,1920,N20,VIIRS,n,2,289.22,2.36,N,2
20.76377,85.28973,313.11,0.35,0.57,2026-01-08,1920,N20,VIIRS,n,2,286.23,1.82,N,2
20.77513,85.33704,297.82,0.35,0.57,2026-01-08,1920,N20,VIIRS,n,2,284.58,0.52,N,0
20.78762,85.265,304.77,0.35,0.57,2026-01-08,1920,N20,VIIRS,n,2,288.04,1.37,N,2
20.78777,85.26292,313.52,0.35,0.57,2026-01-08,1920,N20,VIIRS,n,2,287.86,1.47,N,2
20.78798,85.2616,310.68,0.35,0.57,2026-01-08,1920,N20,VIIRS,n,2,289.25,1.37,N,2
20.78811,85.25951,309.15,0.35,0.57,2026-01-08,1920,N20,VIIRS,n,2,288.4,1.47,N,2
20.79431,85.25213,315.59,0.35,0.57,2026-01-08,1920,N20,VIIRS,n,2,286.86,1.99,N,2
20.79436,85.25003,307.65,0.35,0.57,2026-01-08,1920,N20,VIIRS,n,2,284.35,1.25,N,2
20.79752,95.3911,308.6,0.39,0.36,2026-01-08,1920,N20,VIIRS,n,2,289.92,1.04,N,0
20.80258,96.25343,300.38,0.4,0.37,2026-01-08,1920,N20,VIIRS,n,2,289.81,0.38,N,0
20.80454,85.25464,302.15,0.35,0.57,2026-01-08,1920,N20,VIIRS,n,2,286.03,1.14,N,2
20.8098,85.25519,313.43,0.35,0.57,2026-01-08,1920,N20,VIIRS,n,2,288.93,1.66,N,2
20.82906,86.96252,312.04,0.55,0.51,2026-01-08,1920,N20,VIIRS,n,2,287.14,2.03,N,0
20.83904,86.95845,301.43,0.55,0.51,2026-01-08,1920,N20,VIIRS,n,2,285.65,0.9,N,0
20.86816,84.99487,299.92,0.37,0.58,2026-01-08,1920,N20,VIIRS,n,2,288.99,1.53,N,2
20.8685,84.99149,299.49,0.37,0.58,2026-01-08,1920,N20,VIIRS,n,2,287.73,1.98,N,2
20.88601,84.979,310.82,0.37,0.58,2026-01-08,1920,N20,VIIRS,n,2,287.6,1.43,N,2
20.88637,84.97549,308.66,0.37,0.58,2026-01-08,1920,N20,VIIRS,n,2,285.15,1.43,N,2
20.89137,84.97957,321.64,0.37,0.58,2026-01-08,1920,N20,VIIRS,n,2,285.45,2.06,N,2
20.91758,97.37943,300.51,0.44,0.38,2026-01-08,1920,N20,VIIRS,n,2,279.95,0.76,N,0
20.95175,86.047,319.94,0.63,0.54,2026-01-08,1920,N20,VIIRS,n,2,287.73,3.43,N,2
20.95649,85.01249,308.1,0.37,0.58,2026-01-08,1920,N20,VIIRS,n,2,286.47,0.73,N,2
20.96182,85.17351,303.77,0.36,0.57,2026-01-08,1920,N20,VIIRS,n,2,287.34,0.69,N,2
20.96218,85.17001,299.55,0.36,0.57,2026-01-08,1920,N20,VIIRS,n,2,286.86,0.69,N,2
20.96325,85.15948,295.02,0.36,0.57,2026-01-08,1920,N20,VIIRS,n,2,284.71,0.49,N,2
20.96562,86.0116,305.23,0.63,0.54,2026-01-08,1920,N20,VIIRS,n,2,287.05,1.69,N,2
20.96571,85.18793,310.48,0.36,0.57,2026-01-08,1920,N20,VIIRS,n,2,288.59,1.71,N,2
20.96646,85.07479,304.02,0.37,0.58,2026-01-08,1920,N20,VIIRS,n,2,286.48,1.02,N,0
20.96691,85.99943,301.43,0.64,0.54,2026-01-08,1920,N20,VIIRS,n,2,286.49,5.49,N,2
20.96712,85.1741,299.48,0.36,0.57,2026-01-08,1920,N20,VIIRS,n,2,287.96,1.63,N,2
20.96748,85.1706,307.96,0.36,0.57,2026-01-08,1920,N20,VIIRS,n,2,287.87,1.63,N,2
20.96784,85.16705,311.59,0.36,0.57,2026-01-08,1920,N20,VIIRS,n,2,287.82,2.44,N,2
20.96999,86.01827,298.77,0.63,0.54,2026-01-08,1920,N20,VIIRS,n,2,287.23,1.69,N,2
20.97064,86.01216,307.11,0.63,0.54,2026-01-08,1920,N20,VIIRS,n,2,290.14,1.69,N,2
20.97206,85.17818,300.1,0.36,0.57,2026-01-08,1920,N20,VIIRS,n,2,286,3.14,N,2
20.97242,85.17466,336.69,0.36,0.57,2026-01-08,1920,N20,VIIRS,n,2,289.97,1.63,N,2
20.97278,85.17114,302,0.36,0.57,2026-01-08,1920,N20,VIIRS,n,2,286.83,1.63,N,2
20.99568,86.01543,298.48,0.63,0.54,2026-01-08,1920,N20,VIIRS,n,2,283.94,2.54,N,2
20.99634,86.00932,335.16,0.64,0.54,2026-01-08,1920,N20,VIIRS,n,2,284.38,2.89,N,0
21.00004,86.02213,295.98,0.63,0.54,2026-01-08,1920,N20,VIIRS,n,2,283.52,2.54,N,2
21.00136,86.00992,296.4,0.64,0.54,2026-01-08,1920,N20,VIIRS,n,2,284.6,2.89,N,2
21.07607,85.0401,307.9,0.37,0.58,2026-01-08,1920,N20,VIIRS,n,2,285.98,2.33,N,2
21.07644,85.0365,298.58,0.37,0.58,2026-01-08,1920,N20,VIIRS,n,2,288.36,1.56,N,2
21.08178,85.03711,320.09,0.37,0.58,2026-01-08,1920,N20,VIIRS,n,2,289.23,1.56,N,2
21.08214,85.03355,306.35,0.37,0.58,2026-01-08,1920,N20,VIIRS,n,2,288.47,1.56,N,2
21.18577,81.3795,298.26,0.64,0.72,2026-01-08,1920,N20,VIIRS,n,2,288.04,2.61,N,2
21.19197,81.38647,299.64,0.64,0.72,2026-01-08,1920,N20,VIIRS,n,2,288.26,2.08,N,2
21.2401,96.28648,303.03,0.4,0.37,2026-01-08,1920,N20,VIIRS,n,2,290.06,0.35,N,0
21.25378,96.18307,328.34,0.4,0.37,2026-01-08,1920,N20,VIIRS,n,2,291.83,3.59,N,0
21.26217,81.82093,295.13,0.6,0.7,2026-01-08,1920,N20,VIIRS,n,2,280.71,0.34,N,0
21.30434,81.60286,298.07,0.62,0.71,2026-01-08,1920,N20,VIIRS,n,2,285.15,1.06,N,2
21.30629,81.60317,295.39,0.62,0.71,2026-01-08,1920,N20,VIIRS,n,2,284.48,0.74,N,0
21.31233,81.58515,297.43,0.62,0.71,2026-01-08,1920,N20,VIIRS,n,2,284.35,0.79,N,2
21.3144,81.58546,295.4,0.62,0.71,2026-01-08,1920,N20,VIIRS,n,2,283.66,0.92,N,0
21.3171,81.61028,300.6,0.62,0.71,2026-01-08,1920,N20,VIIRS,n,2,285.97,1.42,N,0
21.31902,81.61049,300.81,0.62,0.71,2026-01-08,1920,N20,VIIRS,n,2,285.57,1.35,N,0
21.36362,97.70344,296.42,0.44,0.39,2026-01-08,1920,N20,VIIRS,n,2,278.98,0.52,N,0
21.36809,81.63958,300.96,0.62,0.71,2026-01-08,1920,N20,VIIRS,n,2,285.33,2.6,N,0
21.3784,81.67723,304.48,0.61,0.71,2026-01-08,1920,N20,VIIRS,n,2,287.82,2.33,N,2
21.3816,94.9127,311.31,0.38,0.36,2026-01-08,1920,N20,VIIRS,n,2,287.8,0.81,N,0
21.39449,81.64216,304.52,0.62,0.71,2026-01-08,1920,N20,VIIRS,n,2,285.01,1.24,N,2
21.46072,83.92451,295.28,0.44,0.62,2026-01-08,1920,N20,VIIRS,n,2,283.51,0.36,N,0
21.48978,81.7622,297.77,0.61,0.71,2026-01-08,1920,N20,VIIRS,n,2,282.91,2.43,N,0
21.57571,96.23418,304.11,0.4,0.37,2026-01-08,1920,N20,VIIRS,n,2,291.33,1,N,2
21.57906,96.23478,302.22,0.4,0.37,2026-01-08,1920,N20,VIIRS,n,2,290.88,1.1,N,2
21.59264,96.22919,309.77,0.4,0.37,2026-01-08,1920,N20,VIIRS,n,2,290.39,1.12,N,2
21.6367,97.28988,300.68,0.43,0.38,2026-01-08,1920,N20,VIIRS,n,2,283.31,0.81,N,0
21.64286,97.29535,312.62,0.43,0.38,2026-01-08,1920,N20,VIIRS,n,2,283.23,1.55,N,0
21.67393,82.07897,298.24,0.58,0.7,2026-01-08,1920,N20,VIIRS,n,2,283.5,1.62,N,2
21.67946,84.03677,315.68,0.44,0.62,2026-01-08,1920,N20,VIIRS,n,2,288.5,1.71,N,2
21.67984,84.03253,295.13,0.44,0.62,2026-01-08,1920,N20,VIIRS,n,2,280.82,2.18,N,2
21.6852,84.03738,301.66,0.44,0.62,2026-01-08,1920,N20,VIIRS,n,2,285.23,1.71,N,2
21.71066,96.36069,301.13,0.4,0.37,2026-01-08,1920,N20,VIIRS,n,2,289.12,0.43,N,0
21.73706,83.97869,302.16,0.44,0.62,2026-01-08,1920,N20,VIIRS,n,2,284.08,1.03,N,2
21.74412,83.83972,300.75,0.45,0.63,2026-01-08,1920,N20,VIIRS,n,2,285.62,0.9,N,0
21.75589,83.8381,297.51,0.45,0.63,2026-01-08,1920,N20,VIIRS,n,2,284.31,0.47,N,2
21.75602,84.02418,299.08,0.44,0.62,2026-01-08,1920,N20,VIIRS,n,2,285.74,1.3,N,2
21.75643,84.01986,307.17,0.44,0.62,2026-01-08,1920,N20,VIIRS,n,2,287.07,1.3,N,2
21.75739,84.02187,325.42,0.44,0.62,2026-01-08,1920,N20,VIIRS,n,2,290.02,4.13,N,2
21.75775,83.81644,297.86,0.45,0.63,2026-01-08,1920,N20,VIIRS,n,2,284.93,0.89,N,0
21.76095,83.84741,295.33,0.45,0.63,2026-01-08,1920,N20,VIIRS,n,2,284.36,1.05,N,2
21.76157,83.84137,298.44,0.45,0.63,2026-01-08,1920,N20,VIIRS,n,2,286,0.99,N,2
21.76171,83.83867,296.82,0.45,0.63,2026-01-08,1920,N20,VIIRS,n,2,284.07,0.47,N,2
21.76176,84.02483,302.52,0.44,0.62,2026-01-08,1920,N20,VIIRS,n,2,285.59,1.53,N,2
21.76217,84.02055,299.28,0.44,0.62,2026-01-08,1920,N20,VIIRS,n,2,287.59,1.53,N,2
21.76258,84.01624,300.2,0.44,0.62,2026-01-08,1920,N20,VIIRS,n,2,287.55,1.74,N,2
21.76833,84.01688,313.25,0.44,0.62,2026-01-08,1920,N20,VIIRS,n,2,289.73,1.74,N,2
21.76964,84.01455,306.58,0.44,0.62,2026-01-08,1920,N20,VIIRS,n,2,287.56,2.46,N,2
21.77445,83.82708,295.47,0.45,0.63,2026-01-08,1920,N20,VIIRS,n,2,285.22,0.91,N,2
21.77481,83.82542,298.07,0.45,0.63,2026-01-08,1920,N20,VIIRS,n,2,285.79,0.97,N,2
21.77501,84.01952,301.29,0.44,0.62,2026-01-08,1920,N20,VIIRS,n,2,284.3,0.99,N,2
21.80192,82.03452,300.81,0.59,0.7,2026-01-08,1920,N20,VIIRS,n,2,284.53,1.28,N,0
21.8023,82.03654,301.2,0.59,0.7,2026-01-08,1920,N20,VIIRS,n,2,286.74,1.54,N,2
21.82376,83.99465,305.72,0.44,0.62,2026-01-08,1920,N20,VIIRS,n,2,285.49,1.26,N,0
21.82781,97.16393,297.1,0.42,0.38,2026-01-08,1920,N20,VIIRS,n,2,282.13,0.52,N,0
21.84263,83.97939,300.51,0.44,0.62,2026-01-08,1920,N20,VIIRS,n,2,283.86,0.88,N,0
21.866,97.10548,301.99,0.42,0.37,2026-01-08,1920,N20,VIIRS,n,2,281.06,0.42,N,0
21.8817,83.55334,303.91,0.47,0.64,2026-01-08,1920,N20,VIIRS,n,2,284.68,1.52,N,2
21.92087,83.34832,314.77,0.49,0.65,2026-01-08,1920,N20,VIIRS,n,2,291.05,1.5,N,2
21.92127,83.34357,298.11,0.49,0.65,2026-01-08,1920,N20,VIIRS,n,2,285.04,1.5,N,2
21.92411,83.35051,303.67,0.48,0.65,2026-01-08,1920,N20,VIIRS,n,2,290.85,2.1,N,2
21.92454,83.34577,314.12,0.49,0.65,2026-01-08,1920,N20,VIIRS,n,2,288.89,2.1,N,2
21.9254,83.3362,312,0.49,0.65,2026-01-08,1920,N20,VIIRS,n,2,286.84,2.49,N,2
21.92807,83.33466,312.94,0.49,0.65,2026-01-08,1920,N20,VIIRS,n,2,287.37,3.17,N,2
21.9296,85.21915,307.32,0.37,0.58,2026-01-08,1920,N20,VIIRS,n,2,282.77,1.6,N,2
21.98566,83.2293,306.37,0.49,0.65,2026-01-08,1920,N20,VIIRS,n,2,287.79,1.45,N,2
21.99328,85.32391,295.87,0.36,0.58,2026-01-08,1920,N20,VIIRS,n,2,280.39,0.6,N,2
22.00793,82.66583,308.45,0.54,0.68,2026-01-08,1920,N20,VIIRS,n,2,285.3,2.07,N,2
22.01893,83.33553,297.6,0.49,0.65,2026-01-08,1920,N20,VIIRS,n,2,283.92,0.83,N,0
22.02089,82.17616,295.15,0.58,0.7,2026-01-08,1920,N20,VIIRS,n,2,284.42,0.76,N,0
22.03439,88.07883,301.59,0.48,0.48,2026-01-08,1920,N20,VIIRS,n,2,284.61,0.68,N,0
22.03523,83.35652,295.31,0.49,0.65,2026-01-08,1920,N20,VIIRS,n,2,284.04,1.86,N,2
22.03566,83.35183,296.81,0.49,0.65,2026-01-08,1920,N20,VIIRS,n,2,283.95,1.77,N,2
22.03801,83.35122,302.63,0.49,0.65,2026-01-08,1920,N20,VIIRS,n,2,286.3,2.86,N,2
22.03841,83.34645,313.11,0.49,0.65,2026-01-08,1920,N20,VIIRS,n,2,284.19,1.87,N,2
22.04054,83.73895,297.73,0.46,0.63,2026-01-08,1920,N20,VIIRS,n,2,286.51,2,N,2
22.04093,83.73448,309.52,0.46,0.63,2026-01-08,1920,N20,VIIRS,n,2,288.52,2,N,2
22.04133,83.72999,323.78,0.46,0.64,2026-01-08,1920,N20,VIIRS,n,2,289.01,2.83,N,2
22.04173,83.72552,311.15,0.46,0.64,2026-01-08,1920,N20,VIIRS,n,2,282.96,2.83,N,2
22.04208,83.3478,313.83,0.49,0.65,2026-01-08,1920,N20,VIIRS,n,2,284.69,1.77,N,2
22.04641,83.73949,296.08,0.46,0.63,2026-01-08,1920,N20,VIIRS,n,2,285.52,1.58,N,2
22.04721,83.73055,308.71,0.46,0.64,2026-01-08,1920,N20,VIIRS,n,2,287.59,1.37,N,2
22.0476,83.72608,302.64,0.46,0.64,2026-01-08,1920,N20,VIIRS,n,2,282.91,1.37,N,2
22.05378,85.46344,299.95,0.36,0.57,2026-01-08,1920,N20,VIIRS,n,2,281.53,0.68,N,2
22.05606,88.12446,316.76,0.48,0.48,2026-01-08,1920,N20,VIIRS,n,2,292.7,2.99,N,2
22.06763,83.70105,299,0.46,0.64,2026-01-08,1920,N20,VIIRS,n,2,279.75,1.16,N,0
22.08829,83.11589,309.54,0.5,0.66,2026-01-08,1920,N20,VIIRS,n,2,284.89,1.95,N,0
22.13659,85.38159,300.78,0.36,0.57,2026-01-08,1920,N20,VIIRS,n,2,281.78,0.84,N,2
22.15829,82.0895,297.67,0.59,0.7,2026-01-08,1920,N20,VIIRS,n,2,283.34,0.64,N,0
22.21062,84.85702,302.34,0.39,0.59,2026-01-08,1920,N20,VIIRS,n,2,282.8,1.56,N,2
22.21115,84.86079,300.47,0.39,0.59,2026-01-08,1920,N20,VIIRS,n,2,287.78,1.34,N,2
22.2115,84.85696,302.3,0.39,0.59,2026-01-08,1920,N20,VIIRS,n,2,282.99,1.25,N,2
22.2146,84.87286,318.9,0.39,0.59,2026-01-08,1920,N20,VIIRS,n,2,287.06,1.49,N,2
22.21498,84.86905,306.93,0.39,0.59,2026-01-08,1920,N20,VIIRS,n,2,284.32,1.49,N,2
22.21558,84.87286,317.76,0.39,0.59,2026-01-08,1920,N20,VIIRS,n,2,286.21,1.2,N,2
22.21573,84.86141,297.94,0.39,0.59,2026-01-08,1920,N20,VIIRS,n,2,286.75,2.51,N,2
22.21593,84.86903,305.79,0.39,0.59,2026-01-08,1920,N20,VIIRS,n,2,283.97,1.2,N,2
22.22082,84.75332,298.46,0.4,0.6,2026-01-08,1920,N20,VIIRS,n,2,283.96,2.11,N,2
22.22099,84.75298,299.17,0.4,0.6,2026-01-08,1920,N20,VIIRS,n,2,284.18,1.12,N,2
22.22672,84.75,307.05,0.4,0.6,2026-01-08,1920,N20,VIIRS,n,2,284.17,1.71,N,2
22.22687,84.74966,306.82,0.4,0.6,2026-01-08,1920,N20,VIIRS,n,2,283.91,1.07,N,2
22.23695,97.34454,300.62,0.42,0.38,2026-01-08,1920,N20,VIIRS,n,2,282.23,0.79,N,0
22.28866,84.74528,296.59,0.4,0.6,2026-01-08,1920,N20,VIIRS,n,2,281.47,0.67,N,0
22.31216,82.52557,319.01,0.55,0.68,2026-01-08,1920,N20,VIIRS,n,2,285.33,2.23,N,2
22.31262,82.52016,295.34,0.55,0.68,2026-01-08,1920,N20,VIIRS,n,2,284.23,1.37,N,0
22.31498,82.5266,315.61,0.55,0.68,2026-01-08,1920,N20,VIIRS,n,2,286.49,1.89,N,2
22.31541,82.52116,304.27,0.55,0.68,2026-01-08,1920,N20,VIIRS,n,2,285.7,1.89,N,2
22.31583,82.51573,296.41,0.55,0.68,2026-01-08,1920,N20,VIIRS,n,2,284.81,1.55,N,2
22.3194,82.51543,297.12,0.55,0.68,2026-01-08,1920,N20,VIIRS,n,2,285.91,1.25,N,2
22.3202,82.58107,298.21,0.55,0.68,2026-01-08,1920,N20,VIIRS,n,2,284.67,1.36,N,0
22.32088,82.53274,296.04,0.55,0.68,2026-01-08,1920,N20,VIIRS,n,2,286,1.2,N,0
22.32338,82.58201,303.27,0.55,0.68,2026-01-08,1920,N20,VIIRS,n,2,286.29,1.47,N,0
22.32572,82.51611,296.67,0.55,0.68,2026-01-08,1920,N20,VIIRS,n,2,285.05,1.25,N,0
22.33352,82.53408,300.87,0.55,0.68,2026-01-08,1920,N20,VIIRS,n,2,284.87,1.14,N,2
22.33396,82.52856,296.37,0.55,0.68,2026-01-08,1920,N20,VIIRS,n,2,286.14,1.33,N,0
22.34791,97.12893,295.89,0.41,0.37,2026-01-08,1920,N20,VIIRS,n,2,283.68,0.46,N,0
22.35638,96.70197,300.48,0.4,0.37,2026-01-08,1920,N20,VIIRS,n,2,284.73,0.83,N,2
22.36097,87.29042,306.83,0.55,0.51,2026-01-08,1920,N20,VIIRS,n,2,286.43,1.76,N,2
22.36221,87.01585,296.65,0.57,0.52,2026-01-08,1920,N20,VIIRS,n,2,286.22,1.66,N,2
22.36448,87.30164,303.48,0.54,0.51,2026-01-08,1920,N20,VIIRS,n,2,287.04,2,N,2
22.36507,87.29634,306.27,0.55,0.51,2026-01-08,1920,N20,VIIRS,n,2,285.45,1.76,N,2
22.36698,87.0165,315.28,0.57,0.52,2026-01-08,1920,N20,VIIRS,n,2,288.08,1.66,N,2
22.36975,87.29695,297.84,0.55,0.51,2026-01-08,1920,N20,VIIRS,n,2,285.16,0.99,N,2
22.37186,87.29921,298.5,0.55,0.51,2026-01-08,1920,N20,VIIRS,n,2,284.02,0.94,N,2
22.37683,87.27628,303.84,0.55,0.51,2026-01-08,1920,N20,VIIRS,n,2,285.84,1.18,N,2
22.37878,87.27855,319.81,0.55,0.51,2026-01-08,1920,N20,VIIRS,n,2,291.54,4.23,N,2
22.37934,87.27322,295.36,0.55,0.51,2026-01-08,1920,N20,VIIRS,n,2,282.25,1.34,N,2
22.38032,87.28754,299.11,0.55,0.51,2026-01-08,1920,N20,VIIRS,n,2,283.71,1.03,N,0
22.38092,87.28222,296.26,0.55,0.51,2026-01-08,1920,N20,VIIRS,n,2,284.37,1.03,N,2
22.38152,87.27689,307.74,0.55,0.51,2026-01-08,1920,N20,VIIRS,n,2,283.61,2.01,N,2
22.38236,87.28981,298.23,0.55,0.51,2026-01-08,1920,N20,VIIRS,n,2,283.4,0.76,N,2
22.47946,90.70987,298.69,0.51,0.41,2026-01-08,1920,N20,VIIRS,n,2,287.16,0.68,N,2
22.53672,91.70084,300.28,0.46,0.39,2026-01-08,1920,N20,VIIRS,n,2,286.27,0.4,N,2
22.57466,85.89549,319.02,0.34,0.56,2026-01-08,1920,N20,VIIRS,n,2,287.55,1.7,N,0
22.57499,85.89217,297.26,0.34,0.56,2026-01-08,1920,N20,VIIRS,n,2,285.31,1.7,N,0
22.57532,85.88884,327.7,0.34,0.56,2026-01-08,1920,N20,VIIRS,n,2,284.5,2.36,N,0
22.58946,85.90385,301.28,0.34,0.56,2026-01-08,1920,N20,VIIRS,n,2,284.55,0.92,N,2
22.59461,85.90446,296.24,0.34,0.56,2026-01-08,1920,N20,VIIRS,n,2,282.93,0.94,N,2
22.63226,86.17757,298.14,0.32,0.55,2026-01-08,1920,N20,VIIRS,n,2,282.3,0.66,N,2
22.78689,86.00479,299.25,0.33,0.56,2026-01-08,1920,N20,VIIRS,n,2,281.35,0.43,N,0
22.78769,86.20091,306.32,0.32,0.55,2026-01-08,1920,N20,VIIRS,n,2,286.73,1.02,N,2
22.7921,86.20782,298.03,0.32,0.55,2026-01-08,1920,N20,VIIRS,n,2,286.85,1.08,N,2
22.79243,86.20468,299.07,0.32,0.55,2026-01-08,1920,N20,VIIRS,n,2,287.18,1.02,N,2
22.79341,86.19512,302.54,0.32,0.55,2026-01-08,1920,N20,VIIRS,n,2,289.04,1.59,N,2
22.79749,86.20522,347.43,0.32,0.55,2026-01-08,1920,N20,VIIRS,n,2,286.99,3.74,N,2
22.79815,86.19887,304.45,0.32,0.55,2026-01-08,1920,N20,VIIRS,n,2,287.04,1.18,N,2
22.79915,86.08865,306.5,0.33,0.55,2026-01-08,1920,N20,VIIRS,n,2,284.16,0.86,N,2
22.80424,86.08927,305.36,0.33,0.55,2026-01-08,1920,N20,VIIRS,n,2,288.02,0.86,N,2
22.80967,86.08673,301.88,0.33,0.55,2026-01-08,1920,N20,VIIRS,n,2,286.59,0.9,N,2
22.85713,86.05466,306.14,0.33,0.55,2026-01-08,1920,N20,VIIRS,n,2,283.97,0.86,N,2
22.87727,86.06042,322.82,0.33,0.55,2026-01-08,1920,N20,VIIRS,n,2,284.97,1.82,N,2
22.9439,85.96608,311.6,0.34,0.56,2026-01-08,1920,N20,VIIRS,n,2,281.69,0.91,N,0
22.94604,85.96696,302.42,0.34,0.56,2026-01-08,1920,N20,VIIRS,n,2,280.82,1.07,N,0
22.96932,88.37694,301.29,0.47,0.48,2026-01-08,1920,N20,VIIRS,n,2,284.69,0.48,N,0
23.16752,82.33731,305.72,0.58,0.7,2026-01-08,1920,N20,VIIRS,n,2,284.24,1.34,N,2
23.16797,82.33163,306.95,0.58,0.7,2026-01-08,1920,N20,VIIRS,n,2,283.52,1.34,N,2
23.16851,82.33482,303.21,0.58,0.7,2026-01-08,1920,N20,VIIRS,n,2,284.56,2.58,N,2
23.16893,82.32909,295.19,0.58,0.7,2026-01-08,1920,N20,VIIRS,n,2,282.29,1.6,N,2
23.48537,87.364,297.97,0.56,0.51,2026-01-08,1920,N20,VIIRS,n,2,284.32,2.16,N,2
23.5512,87.24352,306.97,0.57,0.52,2026-01-08,1920,N20,VIIRS,n,2,285.38,2.78,N,3
23.56136,87.23912,337.24,0.57,0.52,2026-01-08,1920,N20,VIIRS,n,2,282.47,5.54,N,2
23.56136,87.24006,320.06,0.57,0.52,2026-01-08,1920,N20,VIIRS,n,2,282.55,3.05,N,2
23.56192,87.23443,308.98,0.57,0.52,2026-01-08,1920,N20,VIIRS,n,2,280.96,2.7,N,2
23.56334,87.0845,303.37,0.58,0.52,2026-01-08,1920,N20,VIIRS,n,2,285.75,1.81,N,2
23.6144,86.78905,306.24,0.61,0.53,2026-01-08,1920,N20,VIIRS,n,2,286.1,2.99,N,2
23.6161,86.78968,306.56,0.61,0.53,2026-01-08,1920,N20,VIIRS,n,2,285.75,1.88,N,2
23.61661,86.78465,297.01,0.61,0.53,2026-01-08,1920,N20,VIIRS,n,2,283.74,1.52,N,2
23.62141,86.88631,298.57,0.6,0.53,2026-01-08,1920,N20,VIIRS,n,2,280.74,1.07,N,0
23.63166,86.83354,301.77,0.61,0.53,2026-01-08,1920,N20,VIIRS,n,2,282.89,1.7,N,0
23.64779,85.43914,296.78,0.37,0.58,2026-01-08,1920,N20,VIIRS,n,2,281.59,1.46,N,2
23.64812,85.43551,311.38,0.37,0.58,2026-01-08,1920,N20,VIIRS,n,2,282.13,2.22,N,2
23.65786,85.50701,302.1,0.37,0.58,2026-01-08,1920,N20,VIIRS,n,2,282.36,1.21,N,2
23.6582,85.50336,297.48,0.37,0.58,2026-01-08,1920,N20,VIIRS,n,2,279.87,0.97,N,2
23.66467,84.9976,311.29,0.4,0.6,2026-01-08,1920,N20,VIIRS,n,2,280.76,1.24,N,2
23.6647,84.99723,310.91,0.4,0.6,2026-01-08,1920,N20,VIIRS,n,2,280.32,1.9,N,2
23.67055,84.99433,312.08,0.4,0.6,2026-01-08,1920,N20,VIIRS,n,2,281.27,1.82,N,2
23.67056,84.99397,312.22,0.4,0.6,2026-01-08,1920,N20,VIIRS,n,2,281.09,1.83,N,2
23.67081,86.09162,301.29,0.34,0.56,2026-01-08,1920,N20,VIIRS,n,2,285.61,0.98,N,2
23.67495,86.39437,299.7,0.32,0.55,2026-01-08,1920,N20,VIIRS,n,2,286.34,1.31,N,2
23.67663,86.08556,300.39,0.34,0.56,2026-01-08,1920,N20,VIIRS,n,2,286.41,1.45,N,2
23.67697,86.08223,297.29,0.34,0.56,2026-01-08,1920,N20,VIIRS,n,2,283.43,0.77,N,2
23.6783,86.06892,303.38,0.34,0.56,2026-01-08,1920,N20,VIIRS,n,2,283,0.8,N,0
23.67853,86.08548,303.46,0.34,0.56,2026-01-08,1920,N20,VIIRS,n,2,286.04,1.14,N,2
23.67884,86.08213,305.9,0.34,0.56,2026-01-08,1920,N20,VIIRS,n,2,286.8,1.13,N,2
23.67968,86.39831,304.02,0.32,0.55,2026-01-08,1920,N20,VIIRS,n,2,289.16,1.31,N,2
23.67999,86.39514,318.15,0.32,0.55,2026-01-08,1920,N20,VIIRS,n,2,292.08,1.31,N,2
23.68009,86.06879,303.13,0.34,0.56,2026-01-08,1920,N20,VIIRS,n,2,283.05,0.86,N,0
23.68031,86.39188,304.92,0.32,0.55,2026-01-08,1920,N20,VIIRS,n,2,284.02,1.77,N,2
23.68063,86.3886,328.89,0.32,0.55,2026-01-08,1920,N20,VIIRS,n,2,283.92,1.77,N,2
23.68112,86.09279,312.86,0.34,0.56,2026-01-08,1920,N20,VIIRS,n,2,284.4,1.57,N,2
23.68145,86.08946,295.62,0.34,0.56,2026-01-08,1920,N20,VIIRS,n,2,284.52,1.75,N,2
23.68213,86.08278,300.28,0.34,0.56,2026-01-08,1920,N20,VIIRS,n,2,285.85,1.05,N,2
23.68307,86.09273,312.91,0.34,0.56,2026-01-08,1920,N20,VIIRS,n,2,284.4,1.17,N,2
23.68504,86.39583,298.55,0.32,0.55,2026-01-08,1920,N20,VIIRS,n,2,284.57,1.11,N,2
23.68536,86.39256,314.25,0.32,0.55,2026-01-08,1920,N20,VIIRS,n,2,287.37,1.16,N,2
23.68568,86.38927,311.73,0.32,0.55,2026-01-08,1920,N20,VIIRS,n,2,284.01,1.16,N,2
23.68591,87.11843,296,0.58,0.52,2026-01-08,1920,N20,VIIRS,n,2,283.55,1.71,N,0
23.68986,87.12058,310.29,0.58,0.52,2026-01-08,1920,N20,VIIRS,n,2,285.26,2.24,N,2
23.69073,86.38997,299.19,0.32,0.55,2026-01-08,1920,N20,VIIRS,n,2,285.78,1.16,N,2
23.69073,87.11905,309.26,0.58,0.52,2026-01-08,1920,N20,VIIRS,n,2,286.07,2.71,N,2
23.69105,86.38673,308.39,0.32,0.55,2026-01-08,1920,N20,VIIRS,n,2,288.39,1.93,N,2
23.69215,87.09772,305.19,0.58,0.52,2026-01-08,1920,N20,VIIRS,n,2,285.44,3.07,N,2
23.69257,87.102,297.57,0.58,0.52,2026-01-08,1920,N20,VIIRS,n,2,283.72,1.33,N,2
23.69319,87.09628,300.55,0.58,0.52,2026-01-08,1920,N20,VIIRS,n,2,284.46,1.33,N,2
23.69468,87.12122,313.67,0.58,0.52,2026-01-08,1920,N20,VIIRS,n,2,287.31,2.24,N,2
23.69525,87.1155,301.26,0.58,0.52,2026-01-08,1920,N20,VIIRS,n,2,284.32,2.24,N,2
23.69555,87.11968,309.37,0.58,0.52,2026-01-08,1920,N20,VIIRS,n,2,286.59,2.71,N,2
23.69617,87.114,298.85,0.58,0.52,2026-01-08,1920,N20,VIIRS,n,2,283.88,2.62,N,2
23.69641,87.10406,302.76,0.58,0.52,2026-01-08,1920,N20,VIIRS,n,2,284.67,3.2,N,2
23.6974,87.1026,300.34,0.58,0.52,2026-01-08,1920,N20,VIIRS,n,2,283.44,1.33,N,2
23.69791,85.36692,295.76,0.38,0.58,2026-01-08,1920,N20,VIIRS,n,2,281.4,0.46,N,0
23.71058,86.44739,318.19,0.32,0.55,2026-01-08,1920,N20,VIIRS,n,2,288.42,1.5,N,2
23.71092,85.28538,296.91,0.38,0.59,2026-01-08,1920,N20,VIIRS,n,2,280.35,0.52,N,0
23.71098,85.40219,295.45,0.37,0.58,2026-01-08,1920,N20,VIIRS,n,2,278.04,0.45,N,2
23.71313,86.42196,298.42,0.32,0.55,2026-01-08,1920,N20,VIIRS,n,2,284.94,0.85,N,0
23.7153,86.45125,311.6,0.32,0.55,2026-01-08,1920,N20,VIIRS,n,2,286.86,2.15,N,2
23.71562,86.44805,306.18,0.32,0.55,2026-01-08,1920,N20,VIIRS,n,2,287.39,1.5,N,2
23.71626,86.4417,296.89,0.32,0.55,2026-01-08,1920,N20,VIIRS,n,2,284.2,0.47,N,2
23.71754,86.42888,296.95,0.32,0.55,2026-01-08,1920,N20,VIIRS,n,2,285.09,0.65,N,0
23.71786,86.42572,296.27,0.32,0.55,2026-01-08,1920,N20,VIIRS,n,2,284.26,0.65,N,0
23.71849,86.41945,305.57,0.32,0.55,2026-01-08,1920,N20,VIIRS,n,2,284.74,0.85,N,0
23.72162,86.43916,302.56,0.32,0.55,2026-01-08,1920,N20,VIIRS,n,2,286.87,1.33,N,2
23.72459,85.52221,300.21,0.37,0.58,2026-01-08,1920,N20,VIIRS,n,2,281.77,0.61,N,2
23.72543,85.00439,296.7,0.4,0.6,2026-01-08,1920,N20,VIIRS,n,2,279.44,0.78,N,2
23.72659,85.52338,297.88,0.37,0.58,2026-01-08,1920,N20,VIIRS,n,2,281.22,0.44,N,2
23.72665,86.4398,307.14,0.32,0.55,2026-01-08,1920,N20,VIIRS,n,2,289.29,1.33,N,2
23.72698,86.43661,302.43,0.32,0.55,2026-01-08,1920,N20,VIIRS,n,2,286.16,1.35,N,2
23.7377,86.43157,316.71,0.32,0.55,2026-01-08,1920,N20,VIIRS,n,2,288.02,1.84,N,2
23.74478,85.50301,304.88,0.37,0.58,2026-01-08,1920,N20,VIIRS,n,2,279.34,0.9,N,2
23.748,85.50233,301,0.37,0.58,2026-01-08,1920,N20,VIIRS,n,2,277.83,0.77,N,2
23.7494,86.41705,296.14,0.32,0.55,2026-01-08,1920,N20,VIIRS,n,2,285.34,0.78,N,2
23.75383,86.41547,322.39,0.32,0.55,2026-01-08,1920,N20,VIIRS,n,2,289.7,1.54,N,2
23.75444,86.4177,301.17,0.32,0.55,2026-01-08,1920,N20,VIIRS,n,2,288.73,1.17,N,2
23.75477,86.41455,310.17,0.32,0.55,2026-01-08,1920,N20,VIIRS,n,2,285.96,1.43,N,2
23.75675,86.39518,305.09,0.32,0.55,2026-01-08,1920,N20,VIIRS,n,2,286.17,2.16,N,2
23.75683,85.86806,295.01,0.35,0.57,2026-01-08,1920,N20,VIIRS,n,2,281.22,0.89,N,0
23.75847,85.85085,306.13,0.35,0.57,2026-01-08,1920,N20,VIIRS,n,2,284.79,1.47,N,2
23.76011,86.40327,308.38,0.32,0.55,2026-01-08,1920,N20,VIIRS,n,2,286.43,1.33,N,2
23.76042,86.40002,312.4,0.32,0.55,2026-01-08,1920,N20,VIIRS,n,2,287.38,1.33,N,2
23.76073,86.39677,312.47,0.32,0.55,2026-01-08,1920,N20,VIIRS,n,2,287.93,2.79,N,2
23.76114,86.40234,312.97,0.32,0.55,2026-01-08,1920,N20,VIIRS,n,2,286.97,1.77,N,2
23.76147,86.39909,315.88,0.32,0.55,2026-01-08,1920,N20,VIIRS,n,2,288.66,1.77,N,2
23.76176,85.87186,296.2,0.35,0.57,2026-01-08,1920,N20,VIIRS,n,2,284.89,0.89,N,0
23.76273,85.86172,307.12,0.35,0.57,2026-01-08,1920,N20,VIIRS,n,2,282.55,1.9,N,0
23.76516,86.40392,324.91,0.32,0.55,2026-01-08,1920,N20,VIIRS,n,2,288.63,1.33,N,2
23.76547,86.40068,316.69,0.32,0.55,2026-01-08,1920,N20,VIIRS,n,2,287.34,1.33,N,2
23.76793,86.37505,302.25,0.33,0.55,2026-01-08,1920,N20,VIIRS,n,2,286.32,1.44,N,2
23.76823,86.37184,303.72,0.33,0.55,2026-01-08,1920,N20,VIIRS,n,2,287.72,1.13,N,2
23.77022,86.40453,320.61,0.32,0.55,2026-01-08,1920,N20,VIIRS,n,2,287.66,1.34,N,2
23.77053,86.4013,310.39,0.32,0.55,2026-01-08,1920,N20,VIIRS,n,2,285.83,1.34,N,2
23.77423,86.36275,331.91,0.33,0.55,2026-01-08,1920,N20,VIIRS,n,2,287.48,1.49,N,2
23.77466,86.19487,300.54,0.33,0.56,2026-01-08,1920,N20,VIIRS,n,2,285.35,0.7,N,2
23.77583,86.20752,298.06,0.33,0.56,2026-01-08,1920,N20,VIIRS,n,2,286.43,1.24,N,2
23.77712,86.38605,317.64,0.32,0.55,2026-01-08,1920,N20,VIIRS,n,2,290.58,1.15,N,2
23.77743,86.38283,299.04,0.32,0.55,2026-01-08,1920,N20,VIIRS,n,2,283.56,1.15,N,2
23.77854,86.2088,303.98,0.33,0.56,2026-01-08,1920,N20,VIIRS,n,2,288.52,1.17,N,2
23.77885,86.20548,310.93,0.33,0.56,2026-01-08,1920,N20,VIIRS,n,2,290.03,1.17,N,2
23.7793,86.36337,298.42,0.33,0.55,2026-01-08,1920,N20,VIIRS,n,2,286.15,1.49,N,2
23.78094,86.20827,321.43,0.33,0.56,2026-01-08,1920,N20,VIIRS,n,2,290.2,1.24,N,2
23.78116,86.34397,297.53,0.33,0.55,2026-01-08,1920,N20,VIIRS,n,2,287.32,0.78,N,2
23.78128,86.20496,302.45,0.33,0.56,2026-01-08,1920,N20,VIIRS,n,2,290.12,1.24,N,2
23.78156,86.3931,299.93,0.32,0.55,2026-01-08,1920,N20,VIIRS,n,2,289.93,2.12,N,2
23.78187,86.38993,336.52,0.32,0.55,2026-01-08,1920,N20,VIIRS,n,2,292.42,2.12,N,2
23.78217,86.38674,322.87,0.32,0.55,2026-01-08,1920,N20,VIIRS,n,2,286.02,2.61,N,2
23.78365,86.20953,304.98,0.33,0.56,2026-01-08,1920,N20,VIIRS,n,2,286.56,1.17,N,2
23.78374,86.37049,303.85,0.33,0.55,2026-01-08,1920,N20,VIIRS,n,2,285.65,0.94,N,2
23.79575,86.35243,305.88,0.33,0.55,2026-01-08,1920,N20,VIIRS,n,2,291.08,1.89,N,2
23.79952,86.31355,296.23,0.33,0.55,2026-01-08,1920,N20,VIIRS,n,2,285.54,1.77,N,0
23.80114,86.34987,334.1,0.33,0.55,2026-01-08,1920,N20,VIIRS,n,2,289.01,2.57,N,2
23.80146,86.34661,320.6,0.33,0.55,2026-01-08,1920,N20,VIIRS,n,2,294.64,2.57,N,2
23.80301,86.3306,299.19,0.33,0.55,2026-01-08,1920,N20,VIIRS,n,2,286.38,0.71,N,2
23.80333,86.32733,304.87,0.33,0.55,2026-01-08,1920,N20,VIIRS,n,2,288.16,0.71,N,2
23.80621,86.35057,301.63,0.33,0.55,2026-01-08,1920,N20,VIIRS,n,2,285.78,0.98,N,0
23.80764,84.84112,296.34,0.41,0.6,2026-01-08,1920,N20,VIIRS,n,2,279.33,0.85,N,2
23.80842,86.32796,316.9,0.33,0.55,2026-01-08,1920,N20,VIIRS,n,2,287.3,1.36,N,2
23.82467,85.49312,299.23,0.37,0.58,2026-01-08,1920,N20,VIIRS,n,2,286.07,1.49,N,2
23.82674,84.57095,311.53,0.42,0.61,2026-01-08,1920,N20,VIIRS,n,2,280.22,1.81,N,0
23.82928,84.56912,327.77,0.43,0.62,2026-01-08,1920,N20,VIIRS,n,2,282.62,3.71,N,0
23.83241,84.57167,319.21,0.42,0.61,2026-01-08,1920,N20,VIIRS,n,2,284.43,1.81,N,0
24.14188,82.63341,296.13,0.57,0.69,2026-01-08,1920,N20,VIIRS,n,2,281.85,0.83,N,2
24.18491,82.66047,296.25,0.57,0.69,2026-01-08,1920,N20,VIIRS,n,2,281.26,1.1,N,0
24.19279,82.5732,297.6,0.57,0.69,2026-01-08,1920,N20,VIIRS,n,2,282.08,0.94,N,2
15.85357,97.94374,297.81,0.54,0.42,2026-01-08,1921,N20,VIIRS,n,2,286.63,0.55,N,2
15.86111,97.79332,318.13,0.53,0.42,2026-01-08,1921,N20,VIIRS,n,2,291.11,2.44,N,2
15.86132,97.79658,315.54,0.53,0.42,2026-01-08,1921,N20,VIIRS,n,2,291.52,1.94,N,2
16.16285,95.7601,306.3,0.42,0.38,2026-01-08,1921,N20,VIIRS,n,2,290.51,0.68,N,0
16.22472,97.87463,302.39,0.53,0.42,2026-01-08,1921,N20,VIIRS,n,2,288.11,0.86,N,0
16.29329,97.51071,300.44,0.5,0.41,2026-01-08,1921,N20,VIIRS,n,2,288.13,1,N,0
16.5848,97.49712,334.82,0.5,0.41,2026-01-08,1921,N20,VIIRS,n,2,290.57,4.38,N,0
17.30636,97.05861,302.18,0.46,0.39,2026-01-08,1921,N20,VIIRS,n,2,287.84,0.34,N,0
17.53572,82.99775,299.12,0.46,0.63,2026-01-08,1921,N20,VIIRS,n,2,287.56,0.59,N,0
17.59891,83.1823,308.68,0.44,0.63,2026-01-08,1921,N20,VIIRS,n,2,288.93,2.74,N,0
17.5997,83.18023,342.89,0.44,0.63,2026-01-08,1921,N20,VIIRS,n,2,289.24,2.58,N,0
17.60379,83.19788,303.63,0.44,0.63,2026-01-08,1921,N20,VIIRS,n,2,290.64,1.05,N,2
17.60468,83.183,333.96,0.44,0.63,2026-01-08,1921,N20,VIIRS,n,2,290.09,2.74,N,0
17.60548,83.18095,299.82,0.44,0.63,2026-01-08,1921,N20,VIIRS,n,2,289.27,2.58,N,0
17.60864,83.20057,324.55,0.44,0.62,2026-01-08,1921,N20,VIIRS,n,2,291.46,1.69,N,2
17.60913,83.20281,301.17,0.44,0.62,2026-01-08,1921,N20,VIIRS,n,2,291.16,0.99,N,2
17.60956,83.19858,323.85,0.44,0.63,2026-01-08,1921,N20,VIIRS,n,2,289.6,2.87,N,2
17.61442,83.20122,306.93,0.44,0.62,2026-01-08,1921,N20,VIIRS,n,2,288.27,1.69,N,2
17.61491,83.20347,299.92,0.44,0.62,2026-01-08,1921,N20,VIIRS,n,2,289.08,0.99,N,2
18.327,83.47742,309.15,0.43,0.62,2026-01-08,1921,N20,VIIRS,n,2,287.75,0.73,N,0
18.32897,83.47707,306.32,0.43,0.62,2026-01-08,1921,N20,VIIRS,n,2,286.79,0.68,N,0
19.08758,82.17316,302.95,0.54,0.68,2026-01-08,1921,N20,VIIRS,n,2,284.52,1.61,N,2
19.09198,82.17355,301.77,0.54,0.68,2026-01-08,1921,N20,VIIRS,n,2,284.67,2.17,N,2
19.10543,82.16448,299.11,0.54,0.68,2026-01-08,1921,N20,VIIRS,n,2,285.24,0.93,N,2
19.1059,82.15932,302.96,0.54,0.68,2026-01-08,1921,N20,VIIRS,n,2,281.91,0.93,N,2
19.63414,82.48486,305.34,0.52,0.67,2026-01-08,1921,N20,VIIRS,n,2,281.35,0.9,N,0
16.43276,81.84725,297.04,0.53,0.67,2026-01-08,1922,N20,VIIRS,n,2,284.54,0.67,N,0
16.73579,82.27781,296.96,0.5,0.66,2026-01-08,1922,N20,VIIRS,n,2,282.4,0.47,N,0
30.38346,78.60715,312.95,0.45,0.47,2026-01-08,2058,N20,VIIRS,n,2,278.48,1.61,N,0
30.40017,78.54832,312.52,0.44,0.46,2026-01-08,2058,N20,VIIRS,n,2,275.86,2.63,N,0
30.40403,78.55053,295.37,0.44,0.46,2026-01-08,2058,N20,VIIRS,n,2,275.5,0.9,N,0
30.58299,78.23007,300.23,0.42,0.45,2026-01-08,2058,N20,VIIRS,n,2,274.45,1.69,N,0
30.58427,78.23206,302.47,0.42,0.45,2026-01-08,2058,N20,VIIRS,n,2,274.63,1.63,N,0
30.69858,78.44993,304.36,0.43,0.46,2026-01-08,2058,N20,VIIRS,n,2,276.75,1.2,N,0
30.8215,77.6055,319.84,0.39,0.44,2026-01-08,2058,N20,VIIRS,n,2,276.42,2.34,N,0
30.8236,77.60721,302.58,0.39,0.44,2026-01-08,2058,N20,VIIRS,n,2,274.87,0.97,N,0
30.87219,78.31265,297.35,0.42,0.45,2026-01-08,2058,N20,VIIRS,n,2,275.37,0.7,N,0
30.9471,78.3985,302.3,0.42,0.45,2026-01-08,2058,N20,VIIRS,n,2,273.63,1.49,N,0
30.95004,77.79106,336.66,0.39,0.44,2026-01-08,2058,N20,VIIRS,n,2,281.09,5.54,N,0
30.95107,77.78603,336.75,0.39,0.44,2026-01-08,2058,N20,VIIRS,n,2,276.73,5.54,N,0
31.07562,77.98118,299.92,0.4,0.44,2026-01-08,2058,N20,VIIRS,n,2,276.62,0.79,N,0
31.07672,77.98056,298.05,0.4,0.44,2026-01-08,2058,N20,VIIRS,n,2,276.4,0.84,N,0
31.082,77.82624,300,0.39,0.44,2026-01-08,2058,N20,VIIRS,n,2,275.22,1.11,N,0
31.08538,78.03995,299.61,0.4,0.44,2026-01-08,2058,N20,VIIRS,n,2,276.15,0.91,N,0
32.71701,72.77367,302.72,0.38,0.36,2026-01-08,2058,N20,VIIRS,n,2,275.82,0.9,N,2
32.72361,72.92252,301.82,0.39,0.36,2026-01-08,2058,N20,VIIRS,n,2,277.33,0.99,N,2
32.76406,70.18227,310.65,0.41,0.37,2026-01-08,2058,N20,VIIRS,n,2,279.42,1.46,N,0
32.93549,75.94207,311.67,0.45,0.39,2026-01-08,2058,N20,VIIRS,n,2,271.15,1.68,N,0
33.07526,75.37987,303.74,0.43,0.38,2026-01-08,2058,N20,VIIRS,n,2,274.3,1.46,N,0
33.28486,75.06004,301.8,0.42,0.38,2026-01-08,2058,N20,VIIRS,n,2,273.44,0.89,N,0
33.28835,75.0603,306.77,0.42,0.38,2026-01-08,2058,N20,VIIRS,n,2,272.47,0.89,N,0
33.37887,70.83295,317.51,0.4,0.37,2026-01-08,2058,N20,VIIRS,n,2,275.99,1.09,N,0
33.3795,70.82857,296.02,0.4,0.37,2026-01-08,2058,N20,VIIRS,n,2,276.07,1.09,N,0
33.38684,70.82555,314.32,0.4,0.37,2026-01-08,2058,N20,VIIRS,n,2,273.16,1.41,N,0
33.38948,71.66492,319.71,0.39,0.36,2026-01-08,2058,N20,VIIRS,n,2,279.5,1.4,N,0
33.39021,70.82613,326.56,0.4,0.37,2026-01-08,2058,N20,VIIRS,n,2,275.55,4.59,N,0
33.53742,70.17583,310.93,0.42,0.38,2026-01-08,2058,N20,VIIRS,n,2,274.81,1.59,N,0
33.5437,70.18135,305.93,0.42,0.38,2026-01-08,2058,N20,VIIRS,n,2,273.77,1.15,N,0
33.5458,71.54862,306.75,0.39,0.36,2026-01-08,2058,N20,VIIRS,n,2,279.77,0.95,N,2
33.59285,70.63459,307.92,0.41,0.37,2026-01-08,2058,N20,VIIRS,n,2,274.41,1.88,N,0
33.59405,70.62609,303.01,0.41,0.37,2026-01-08,2058,N20,VIIRS,n,2,274.36,1.13,N,0
33.59468,70.62156,312.84,0.41,0.37,2026-01-08,2058,N20,VIIRS,n,2,276.07,1.13,N,0
33.5962,70.63554,329.71,0.41,0.37,2026-01-08,2058,N20,VIIRS,n,2,275.87,1.88,N,0
33.59679,70.63136,309.37,0.41,0.37,2026-01-08,2058,N20,VIIRS,n,2,273.35,1.88,N,0
33.602,70.61897,298.61,0.41,0.37,2026-01-08,2058,N20,VIIRS,n,2,270.55,3.27,N,0
33.60601,70.61507,332.7,0.41,0.37,2026-01-08,2058,N20,VIIRS,n,2,274.33,3.27,N,0
33.61709,71.083,300.27,0.4,0.37,2026-01-08,2058,N20,VIIRS,n,2,273.42,0.86,N,0
33.66484,71.06208,296.56,0.4,0.37,2026-01-08,2058,N20,VIIRS,n,2,275.65,0.53,N,0
33.67208,71.75133,296.73,0.39,0.36,2026-01-08,2058,N20,VIIRS,n,2,277.44,0.73,N,0
33.67477,71.75616,298.61,0.39,0.36,2026-01-08,2058,N20,VIIRS,n,2,276.44,1.56,N,0
33.67539,71.75201,325.94,0.39,0.36,2026-01-08,2058,N20,VIIRS,n,2,277.42,1.56,N,0
33.6787,71.75267,299.54,0.39,0.36,2026-01-08,2058,N20,VIIRS,n,2,278.65,1.56,N,0
33.68012,71.76588,310.73,0.39,0.36,2026-01-08,2058,N20,VIIRS,n,2,277.4,0.95,N,0
33.68217,71.77493,302.87,0.39,0.36,2026-01-08,2058,N20,VIIRS,n,2,275.99,0.86,N,0
33.68736,71.76304,321.07,0.39,0.36,2026-01-08,2058,N20,VIIRS,n,2,276.38,1.43,N,0
33.68817,72.70983,306.23,0.38,0.36,2026-01-08,2058,N20,VIIRS,n,2,278.84,0.81,N,2
33.69004,71.76791,312.81,0.39,0.36,2026-01-08,2058,N20,VIIRS,n,2,277.21,1.43,N,0
33.70829,70.43419,299.12,0.41,0.37,2026-01-08,2058,N20,VIIRS,n,2,271.74,0.92,N,0
33.70888,70.42998,303.11,0.41,0.37,2026-01-08,2058,N20,VIIRS,n,2,272.16,2.15,N,0
33.71168,70.435,305.68,0.41,0.37,2026-01-08,2058,N20,VIIRS,n,2,270.53,0.92,N,0
33.71225,70.43085,302.76,0.41,0.37,2026-01-08,2058,N20,VIIRS,n,2,270.92,2.15,N,0
33.71286,70.42645,331.4,0.41,0.37,2026-01-08,2058,N20,VIIRS,n,2,273.61,2.15,N,0
33.71565,70.43155,302.07,0.41,0.37,2026-01-08,2058,N20,VIIRS,n,2,272.39,1.27,N,0
33.71625,70.42722,314.72,0.41,0.37,2026-01-08,2058,N20,VIIRS,n,2,272.23,1.27,N,0
33.71658,71.31162,325.59,0.39,0.37,2026-01-08,2058,N20,VIIRS,n,2,277.8,2.95,N,0
33.9159,71.4579,297.61,0.39,0.36,2026-01-08,2058,N20,VIIRS,n,2,275.44,0.52,N,0
33.96484,73.15586,301.75,0.38,0.36,2026-01-08,2058,N20,VIIRS,n,2,274.63,0.73,N,0
34.21678,73.68254,303.91,0.39,0.36,2026-01-08,2058,N20,VIIRS,n,2,275.09,1.22,N,0
34.45884,72.32806,299.95,0.39,0.36,2026-01-08,2058,N20,VIIRS,n,2,278.26,1.09,N,0
34.46089,72.33689,297.96,0.39,0.36,2026-01-08,2058,N20,VIIRS,n,2,278.61,0.79,N,0
34.46151,72.33287,307.87,0.39,0.36,2026-01-08,2058,N20,VIIRS,n,2,280,0.79,N,0
34.46479,72.3336,305.28,0.39,0.36,2026-01-08,2058,N20,VIIRS,n,2,278.39,0.94,N,0
34.46745,72.33843,303.65,0.39,0.36,2026-01-08,2058,N20,VIIRS,n,2,279.47,0.94,N,0
34.47723,71.63988,302.49,0.39,0.36,2026-01-08,2058,N20,VIIRS,n,2,273.43,0.64,N,0
34.63156,72.10954,295.44,0.39,0.36,2026-01-08,2058,N20,VIIRS,n,2,273.81,0.8,N,0
28.3295,77.17539,303.72,0.41,0.45,2026-01-08,2059,N20,VIIRS,n,2,278.25,0.7,N,0
28.42717,69.69904,300.73,0.4,0.37,2026-01-08,2059,N20,VIIRS,n,2,279.09,0.72,N,2
28.65031,77.58897,297.7,0.42,0.45,2026-01-08,2059,N20,VIIRS,n,2,278.76,0.55,N,0
29.51398,81.68232,298.49,0.35,0.57,2026-01-08,2059,N20,VIIRS,n,2,277.08,1.18,N,0
29.55515,79.8316,317.05,0.55,0.51,2026-01-08,2059,N20,VIIRS,n,2,278.33,3.68,N,0
29.79405,79.09324,304.58,0.49,0.48,2026-01-08,2059,N20,VIIRS,n,2,275.3,2.05,N,0
29.99933,79.43187,296.18,0.51,0.49,2026-01-08,2059,N20,VIIRS,n,2,277.59,1.26,N,0
30.00214,79.42948,301.25,0.51,0.49,2026-01-08,2059,N20,VIIRS,n,2,277.81,2.57,N,0
30.00422,79.431,307.53,0.51,0.49,2026-01-08,2059,N20,VIIRS,n,2,278.12,1.26,N,0
30.08179,78.80189,301.09,0.46,0.47,2026-01-08,2059,N20,VIIRS,n,2,277.06,1.29,N,0
21.75593,84.02088,307.58,0.73,0.76,2026-01-08,2100,N20,VIIRS,n,2,285.92,2.89,N,2
21.76273,84.02274,297.49,0.73,0.76,2026-01-08,2100,N20,VIIRS,n,2,285.15,1.66,N,2
21.76445,84.01603,301.4,0.73,0.76,2026-01-08,2100,N20,VIIRS,n,2,285.66,1.66,N,2
21.77122,84.01798,306.3,0.73,0.76,2026-01-08,2100,N20,VIIRS,n,2,286.51,1.66,N,2
21.78406,83.82679,302.55,0.71,0.75,2026-01-08,2100,N20,VIIRS,n,2,283.45,1.53,N,0
21.8764,83.49305,296.12,0.67,0.74,2026-01-08,2100,N20,VIIRS,n,2,282.59,1.1,N,2
21.88184,83.55521,296.18,0.68,0.74,2026-01-08,2100,N20,VIIRS,n,2,282.77,1.19,N,2
21.91928,83.35146,299.28,0.66,0.73,2026-01-08,2100,N20,VIIRS,n,2,286.58,3.01,N,2
21.92084,83.34529,315.02,0.66,0.73,2026-01-08,2100,N20,VIIRS,n,2,284.56,6.47,N,0
21.93045,83.3349,305.42,0.66,0.73,2026-01-08,2100,N20,VIIRS,n,2,285.58,2.24,N,2
22.01886,83.33401,296.57,0.65,0.73,2026-01-08,2100,N20,VIIRS,n,2,280.61,1.03,N,0
22.01915,83.75305,298.35,0.69,0.75,2026-01-08,2100,N20,VIIRS,n,2,282.66,1.29,N,0
22.03532,83.35168,296.86,0.65,0.73,2026-01-08,2100,N20,VIIRS,n,2,281.18,2.53,N,2
22.03797,83.35137,308.66,0.66,0.73,2026-01-08,2100,N20,VIIRS,n,2,283.66,3.37,N,2
22.0389,83.73099,300.6,0.69,0.74,2026-01-08,2100,N20,VIIRS,n,2,284.35,5.01,N,2
22.04052,83.72449,334.33,0.69,0.74,2026-01-08,2100,N20,VIIRS,n,2,283.49,6.24,N,2
22.04083,83.73346,302.29,0.69,0.74,2026-01-08,2100,N20,VIIRS,n,2,285.42,3.4,N,2
22.04248,83.72698,341.45,0.69,0.74,2026-01-08,2100,N20,VIIRS,n,2,290.06,3.4,N,2
22.04341,83.34724,298.57,0.65,0.73,2026-01-08,2100,N20,VIIRS,n,2,278.84,1,N,0
22.04416,83.72041,296.89,0.69,0.74,2026-01-08,2100,N20,VIIRS,n,2,280.07,5.81,N,0
22.0455,83.73309,311.64,0.69,0.74,2026-01-08,2100,N20,VIIRS,n,2,288.72,5.26,N,2
22.04712,83.72655,312.47,0.69,0.74,2026-01-08,2100,N20,VIIRS,n,2,283.48,4.13,N,2
22.04743,83.73551,297.32,0.69,0.74,2026-01-08,2100,N20,VIIRS,n,2,286.1,3.4,N,2
22.04909,83.729,300.88,0.69,0.74,2026-01-08,2100,N20,VIIRS,n,2,283.13,3.4,N,2
22.08771,83.11597,318.13,0.63,0.72,2026-01-08,2100,N20,VIIRS,n,2,284.5,3.03,N,0
22.0889,83.11504,331.43,0.63,0.72,2026-01-08,2100,N20,VIIRS,n,2,285.76,4.61,N,0
22.08916,83.11018,308.86,0.63,0.72,2026-01-08,2100,N20,VIIRS,n,2,281.81,3.03,N,0
22.31393,82.5267,299.79,0.57,0.69,2026-01-08,2100,N20,VIIRS,n,2,285.28,1.96,N,2
22.31524,82.52128,300.52,0.57,0.69,2026-01-08,2100,N20,VIIRS,n,2,284.71,1.96,N,2
22.31883,82.53378,296.6,0.57,0.69,2026-01-08,2100,N20,VIIRS,n,2,284.71,1.53,N,2
22.32276,82.51755,298.94,0.57,0.69,2026-01-08,2100,N20,VIIRS,n,2,284.02,2.34,N,0
22.32451,82.57885,297.73,0.58,0.69,2026-01-08,2100,N20,VIIRS,n,2,284.93,0.93,N,0
22.36157,82.30207,300.77,0.55,0.68,2026-01-08,2100,N20,VIIRS,n,2,286.03,2.08,N,2
23.16403,82.33654,320.83,0.53,0.67,2026-01-08,2100,N20,VIIRS,n,2,283.79,5.2,N,2
23.16466,82.33464,338.47,0.53,0.67,2026-01-08,2100,N20,VIIRS,n,2,285.33,4.58,N,2
23.16536,82.33114,325.33,0.53,0.67,2026-01-08,2100,N20,VIIRS,n,2,282.59,4.9,N,2
23.16884,82.3432,299.08,0.53,0.67,2026-01-08,2100,N20,VIIRS,n,2,283.03,2.07,N,2
23.16947,82.34144,322.55,0.54,0.67,2026-01-08,2100,N20,VIIRS,n,2,286.88,6.35,N,2
23.17009,82.33812,321.78,0.53,0.67,2026-01-08,2100,N20,VIIRS,n,2,284.26,2.07,N,2
23.17067,82.33641,305.71,0.53,0.67,2026-01-08,2100,N20,VIIRS,n,2,282.74,4.58,N,2
24.05613,80.61314,296.72,0.4,0.6,2026-01-08,2100,N20,VIIRS,n,2,284.86,1.08,N,2
24.14165,82.6361,306.89,0.53,0.67,2026-01-08,2100,N20,VIIRS,n,2,280.05,1.74,N,2
24.14301,82.63053,297.9,0.53,0.67,2026-01-08,2100,N20,VIIRS,n,2,278.97,1.52,N,2
24.15001,82.65451,312.23,0.53,0.67,2026-01-08,2100,N20,VIIRS,n,2,279.05,1.9,N,0
24.17016,80.6942,304.04,0.4,0.6,2026-01-08,2100,N20,VIIRS,n,2,282.99,1.04,N,2
24.17069,82.62378,295.43,0.53,0.67,2026-01-08,2100,N20,VIIRS,n,2,278.99,0.87,N,0
24.18693,82.66183,296.5,0.53,0.67,2026-01-08,2100,N20,VIIRS,n,2,278.81,0.7,N,0
24.18728,82.65993,295.49,0.53,0.67,2026-01-08,2100,N20,VIIRS,n,2,279.13,1.14,N,0
24.57882,74.80058,296.09,0.52,0.42,2026-01-08,2100,N20,VIIRS,n,2,285.48,0.73,N,2
24.65828,73.87617,298.35,0.47,0.4,2026-01-08,2100,N20,VIIRS,n,2,285.58,0.94,N,2
24.66099,74.63549,304.4,0.51,0.41,2026-01-08,2100,N20,VIIRS,n,2,287.8,1.88,N,2
24.66192,74.63051,301.44,0.51,0.41,2026-01-08,2100,N20,VIIRS,n,2,286.87,1.22,N,2
24.69187,74.67888,298.11,0.52,0.41,2026-01-08,2100,N20,VIIRS,n,2,285.87,0.86,N,2
24.6921,73.00368,303.22,0.43,0.38,2026-01-08,2100,N20,VIIRS,n,2,286.93,0.73,N,2
24.82121,73.09572,298.15,0.44,0.38,2026-01-08,2100,N20,VIIRS,n,2,286.42,0.95,N,2
24.82195,73.0915,303.29,0.44,0.38,2026-01-08,2100,N20,VIIRS,n,2,287.03,0.95,N,2
24.93443,74.63445,302.63,0.51,0.41,2026-01-08,2100,N20,VIIRS,n,2,285.07,1.48,N,2
24.93606,74.63131,300.23,0.51,0.41,2026-01-08,2100,N20,VIIRS,n,2,284.14,1.01,N,2
25.38936,68.58363,311.55,0.41,0.37,2026-01-08,2100,N20,VIIRS,n,2,281.02,1,N,2
25.39041,68.5819,301.52,0.41,0.37,2026-01-08,2100,N20,VIIRS,n,2,280.37,0.22,N,2
25.45095,68.40198,295.67,0.41,0.37,2026-01-08,2100,N20,VIIRS,n,2,282.39,0.45,N,0
25.97713,74.39931,304.64,0.48,0.4,2026-01-08,2100,N20,VIIRS,n,2,281.98,1.43,N,0
26.09557,68.87724,298.45,0.4,0.37,2026-01-08,2100,N20,VIIRS,n,2,280.47,0.35,N,2
26.87408,73.51744,298.47,0.43,0.38,2026-01-08,2100,N20,VIIRS,n,2,281.22,1,N,2
26.87828,73.51392,303.24,0.43,0.38,2026-01-08,2100,N20,VIIRS,n,2,281.66,1,N,2
19.10336,82.16594,309.74,0.64,0.72,2026-01-08,2101,N20,VIIRS,n,2,284.18,1.87,N,2
19.78946,79.14607,298.87,0.4,0.6,2026-01-08,2101,N20,VIIRS,n,2,287.71,0.79,N,2
19.92274,79.11376,297.95,0.39,0.59,2026-01-08,2101,N20,VIIRS,n,2,287.6,0.67,N,2
19.93266,79.12001,300.6,0.39,0.59,2026-01-08,2101,N20,VIIRS,n,2,285.46,1.09,N,0
20.02155,79.05735,313.02,0.39,0.59,2026-01-08,2101,N20,VIIRS,n,2,285.91,1.2,N,0
20.07903,76.02899,296.11,0.49,0.49,2026-01-08,2101,N20,VIIRS,n,2,281.55,0.59,N,0
20.13481,79.01391,300.31,0.38,0.59,2026-01-08,2101,N20,VIIRS,n,2,285,0.81,N,0
20.35579,75.08787,303.11,0.43,0.46,2026-01-08,2101,N20,VIIRS,n,2,289.56,0.71,N,0
20.3576,75.08722,302.02,0.43,0.46,2026-01-08,2101,N20,VIIRS,n,2,289.24,1.14,N,0
20.86761,70.56496,303.52,0.4,0.37,2026-01-08,2101,N20,VIIRS,n,2,290.27,0.75,N,0
20.91018,71.45892,313.2,0.42,0.37,2026-01-08,2101,N20,VIIRS,n,2,291.03,1.57,N,2
21.0591,70.86941,303.09,0.4,0.37,2026-01-08,2101,N20,VIIRS,n,2,287.63,0.6,N,0
21.05974,70.86558,305.54,0.4,0.37,2026-01-08,2101,N20,VIIRS,n,2,287.39,0.7,N,0
21.06245,70.87004,312.11,0.4,0.37,2026-01-08,2101,N20,VIIRS,n,2,288.27,1.23,N,0
21.07118,70.79703,298.79,0.4,0.37,2026-01-08,2101,N20,VIIRS,n,2,287.45,0.41,N,0
21.07685,75.45768,296.74,0.43,0.46,2026-01-08,2101,N20,VIIRS,n,2,285.16,0.46,N,0
21.09343,72.65442,302.87,0.46,0.39,2026-01-08,2101,N20,VIIRS,n,2,289.65,0.85,N,3
21.0978,72.84605,311.52,0.47,0.4,2026-01-08,2101,N20,VIIRS,n,2,292.06,1.62,N,0
21.09961,72.61945,310.53,0.46,0.39,2026-01-08,2101,N20,VIIRS,n,2,289.94,0.77,N,3
21.10007,72.84818,328.94,0.47,0.4,2026-01-08,2101,N20,VIIRS,n,2,294.18,3.94,N,0
21.1014,72.84679,318.56,0.47,0.4,2026-01-08,2101,N20,VIIRS,n,2,292.35,1.62,N,0
21.10443,72.63395,328.38,0.46,0.39,2026-01-08,2101,N20,VIIRS,n,2,292.81,7.01,N,2
21.10569,72.6478,314.73,0.46,0.39,2026-01-08,2101,N20,VIIRS,n,2,292.74,6.83,N,2
21.10646,72.64342,329.02,0.46,0.39,2026-01-08,2101,N20,VIIRS,n,2,293.64,6.83,N,2
21.11157,72.63539,303.43,0.46,0.39,2026-01-08,2101,N20,VIIRS,n,2,292.71,2.03,N,2
21.18903,81.39127,295.94,0.51,0.66,2026-01-08,2101,N20,VIIRS,n,2,283.14,1.06,N,2
21.19106,81.38883,299.52,0.51,0.66,2026-01-08,2101,N20,VIIRS,n,2,284.95,1.5,N,2
21.23521,79.62962,298.28,0.4,0.6,2026-01-08,2101,N20,VIIRS,n,2,287.57,0.89,N,2
21.24252,79.22504,298.01,0.37,0.58,2026-01-08,2101,N20,VIIRS,n,2,286.23,1.23,N,2
21.25232,79.20525,298.19,0.37,0.58,2026-01-08,2101,N20,VIIRS,n,2,286.35,1.02,N,2
21.29812,71.05524,299.27,0.4,0.37,2026-01-08,2101,N20,VIIRS,n,2,283.59,0.45,N,0
21.3106,81.5879,296.09,0.53,0.67,2026-01-08,2101,N20,VIIRS,n,2,279.1,0.73,N,2
21.36667,81.67654,299.27,0.53,0.67,2026-01-08,2101,N20,VIIRS,n,2,286.06,1.32,N,2
21.36838,81.64239,297.87,0.53,0.67,2026-01-08,2101,N20,VIIRS,n,2,285.97,1.36,N,2
21.36864,81.6404,296.72,0.53,0.67,2026-01-08,2101,N20,VIIRS,n,2,284.98,1.8,N,2
21.37557,81.63909,304.23,0.53,0.67,2026-01-08,2101,N20,VIIRS,n,2,286.72,1.36,N,2
21.37579,81.63712,296.34,0.53,0.67,2026-01-08,2101,N20,VIIRS,n,2,284.27,1.61,N,2
21.37725,81.6585,295.34,0.53,0.67,2026-01-08,2101,N20,VIIRS,n,2,284.37,1.48,N,0
21.37941,81.67684,298.99,0.53,0.67,2026-01-08,2101,N20,VIIRS,n,2,284.86,1.73,N,2
21.38068,81.64366,298.09,0.53,0.67,2026-01-08,2101,N20,VIIRS,n,2,286.12,2.78,N,2
21.39362,81.64395,302.04,0.53,0.67,2026-01-08,2101,N20,VIIRS,n,2,284.23,1.72,N,2
21.4629,74.53125,296.72,0.57,0.43,2026-01-08,2101,N20,VIIRS,n,2,283.78,0.78,N,0
21.48657,81.76754,310.46,0.54,0.68,2026-01-08,2101,N20,VIIRS,n,2,285.92,2.49,N,2
21.49529,74.53242,296.08,0.57,0.43,2026-01-08,2101,N20,VIIRS,n,2,283.83,0.43,N,0
21.62228,73.04947,311.08,0.47,0.4,2026-01-08,2101,N20,VIIRS,n,2,289.17,1.26,N,0
21.67455,82.079,298.78,0.55,0.68,2026-01-08,2101,N20,VIIRS,n,2,286.55,1.56,N,2
21.67615,82.08041,300.15,0.56,0.68,2026-01-08,2101,N20,VIIRS,n,2,286.95,1.31,N,2
21.67875,84.03753,310.69,0.74,0.76,2026-01-08,2101,N20,VIIRS,n,2,285.34,4.29,N,2
21.67913,84.03799,311.59,0.74,0.76,2026-01-08,2101,N20,VIIRS,n,2,285.32,3.68,N,2
21.73395,82.21294,303.28,0.56,0.69,2026-01-08,2101,N20,VIIRS,n,2,286.11,1.37,N,2
21.7553,84.02261,305.12,0.73,0.76,2026-01-08,2101,N20,VIIRS,n,2,285.32,3.76,N,2
21.75864,71.9517,296.41,0.43,0.38,2026-01-08,2101,N20,VIIRS,n,2,284.6,0.45,N,0
21.76378,84.01779,302.54,0.73,0.76,2026-01-08,2101,N20,VIIRS,n,2,286.81,4.29,N,2
21.77055,84.01976,301.62,0.73,0.76,2026-01-08,2101,N20,VIIRS,n,2,285.16,2.48,N,2
21.77566,83.82587,299.53,0.71,0.75,2026-01-08,2101,N20,VIIRS,n,2,285.37,1.77,N,2
21.78235,83.82785,305.18,0.71,0.75,2026-01-08,2101,N20,VIIRS,n,2,284.8,1.77,N,2
21.80198,82.0366,298.31,0.55,0.68,2026-01-08,2101,N20,VIIRS,n,2,283.27,1.31,N,2
21.87937,83.49488,295.29,0.67,0.74,2026-01-08,2101,N20,VIIRS,n,2,282.91,0.77,N,2
21.92134,83.353,298.13,0.66,0.73,2026-01-08,2101,N20,VIIRS,n,2,287.81,3.02,N,2
21.92286,83.3468,320.59,0.66,0.73,2026-01-08,2101,N20,VIIRS,n,2,286.66,3.02,N,2
21.92586,83.33457,305.87,0.66,0.73,2026-01-08,2101,N20,VIIRS,n,2,283.26,5.14,N,2
22.00608,82.66714,303.56,0.59,0.7,2026-01-08,2101,N20,VIIRS,n,2,284.34,2.14,N,2
22.00737,82.66865,308.07,0.59,0.7,2026-01-08,2101,N20,VIIRS,n,2,285.07,1.9,N,2
22.10805,69.26265,295.52,0.38,0.36,2026-01-08,2101,N20,VIIRS,n,2,285.01,0.32,N,0
22.12926,72.7654,298.96,0.45,0.39,2026-01-08,2101,N20,VIIRS,n,2,287.18,0.55,N,2
22.15402,82.09409,296.41,0.54,0.68,2026-01-08,2101,N20,VIIRS,n,2,284.55,0.9,N,0
22.3329,69.86551,304.04,0.38,0.36,2026-01-08,2101,N20,VIIRS,n,2,292.93,1.66,N,2
22.33584,69.847,300.76,0.38,0.36,2026-01-08,2101,N20,VIIRS,n,2,290.58,1.58,N,0
22.33619,69.86611,312.32,0.38,0.36,2026-01-08,2101,N20,VIIRS,n,2,293.12,2.36,N,2
22.34125,69.85561,312.01,0.38,0.36,2026-01-08,2101,N20,VIIRS,n,2,293.14,2.38,N,2
22.36479,73.11431,306.13,0.47,0.39,2026-01-08,2101,N20,VIIRS,n,2,290.31,2.37,N,2
22.36664,73.1164,308.93,0.47,0.39,2026-01-08,2101,N20,VIIRS,n,2,290.28,3.14,N,2
22.40064,69.02014,301.79,0.39,0.36,2026-01-08,2101,N20,VIIRS,n,2,288.3,0.29,N,2
22.41488,69.038,303.95,0.39,0.36,2026-01-08,2101,N20,VIIRS,n,2,287.62,0.71,N,0
22.41818,69.0386,334.23,0.39,0.36,2026-01-08,2101,N20,VIIRS,n,2,289.44,2.54,N,0
22.42985,69.83331,300.26,0.38,0.36,2026-01-08,2101,N20,VIIRS,n,2,288.63,0.49,N,0
22.92835,69.82353,302.49,0.38,0.36,2026-01-08,2101,N20,VIIRS,n,2,286.95,0.71,N,2
22.93075,70.10703,339.42,0.38,0.36,2026-01-08,2101,N20,VIIRS,n,2,291.24,4.21,N,0
22.93335,69.70241,317.97,0.38,0.36,2026-01-08,2101,N20,VIIRS,n,2,285.73,1.35,N,0
22.96609,69.84196,297.37,0.38,0.36,2026-01-08,2101,N20,VIIRS,n,2,283.15,0.44,N,0
23.05733,69.99536,295.81,0.38,0.36,2026-01-08,2101,N20,VIIRS,n,2,283.77,0.26,N,0
23.05792,69.99165,297.29,0.38,0.36,2026-01-08,2101,N20,VIIRS,n,2,283.94,0.26,N,0
23.10507,70.18797,299.79,0.38,0.36,2026-01-08,2101,N20,VIIRS,n,2,287.4,0.74,N,2
23.17335,70.22762,296.65,0.38,0.36,2026-01-08,2101,N20,VIIRS,n,2,285.38,0.32,N,0
23.24761,69.86903,298.44,0.38,0.36,2026-01-08,2101,N20,VIIRS,n,2,286.06,1.21,N,0
23.25633,70.26183,305.8,0.39,0.36,2026-01-08,2101,N20,VIIRS,n,2,285.37,0.82,N,2
23.26712,70.27923,296.03,0.39,0.36,2026-01-08,2101,N20,VIIRS,n,2,284.51,0.33,N,0
23.26741,70.25622,302.93,0.39,0.36,2026-01-08,2101,N20,VIIRS,n,2,284.99,0.4,N,2
23.31425,70.19949,300.65,0.38,0.36,2026-01-08,2101,N20,VIIRS,n,2,284.79,0.72,N,2
23.31533,70.48837,301.36,0.39,0.36,2026-01-08,2101,N20,VIIRS,n,2,286.2,0.98,N,2
23.4318,68.71204,305.69,0.39,0.36,2026-01-08,2101,N20,VIIRS,n,2,285.7,0.98,N,2
23.49641,68.57745,300.11,0.4,0.37,2026-01-08,2101,N20,VIIRS,n,2,285.77,0.59,N,2
23.69271,68.83163,298.65,0.39,0.36,2026-01-08,2101,N20,VIIRS,n,2,281.87,0.41,N,2
15.68388,78.45673,300.4,0.43,0.62,2026-01-08,2102,N20,VIIRS,n,2,288.18,0.84,N,0
15.96168,80.93507,302.66,0.62,0.71,2026-01-08,2102,N20,VIIRS,n,2,287.91,0.48,N,0
16.1661,77.12012,297.94,0.34,0.56,2026-01-08,2102,N20,VIIRS,n,2,285.21,0.29,N,0
16.34425,75.2435,312.63,0.51,0.5,2026-01-08,2102,N20,VIIRS,n,2,282.63,1.93,N,0
16.38555,75.64291,298.75,0.54,0.51,2026-01-08,2102,N20,VIIRS,n,2,283.75,0.44,N,0
16.42845,81.84764,300.39,0.69,0.75,2026-01-08,2102,N20,VIIRS,n,2,288,0.7,N,0
16.43081,81.84712,298.62,0.69,0.74,2026-01-08,2102,N20,VIIRS,n,2,288.23,0.59,N,0
16.5701,74.55949,301.51,0.46,0.47,2026-01-08,2102,N20,VIIRS,n,2,281.85,1.42,N,0
16.57438,74.56036,296.17,0.46,0.47,2026-01-08,2102,N20,VIIRS,n,2,282.23,1.33,N,0
16.57537,75.15122,337.09,0.5,0.49,2026-01-08,2102,N20,VIIRS,n,2,284.98,4.05,N,0
17.08585,78.04712,296.27,0.38,0.59,2026-01-08,2102,N20,VIIRS,n,2,284.97,0.52,N,0
17.3018,74.63586,297.14,0.45,0.47,2026-01-08,2102,N20,VIIRS,n,2,285.85,0.56,N,0
17.30485,77.43636,296.26,0.34,0.56,2026-01-08,2102,N20,VIIRS,n,2,285.89,0.6,N,0
17.37216,77.44458,298.74,0.34,0.56,2026-01-08,2102,N20,VIIRS,n,2,286.78,0.72,N,0
17.61093,75.48459,297.87,0.5,0.49,2026-01-08,2102,N20,VIIRS,n,2,283.09,0.39,N,0
17.78926,73.87957,298.1,0.4,0.44,2026-01-08,2102,N20,VIIRS,n,2,286.12,0.75,N,0
18.00283,73.05622,332.25,0.53,0.42,2026-01-08,2102,N20,VIIRS,n,2,292.32,4.39,N,0
18.00357,73.05894,319.17,0.53,0.42,2026-01-08,2102,N20,VIIRS,n,2,290.88,3.29,N,0
18.00446,73.05396,317.03,0.53,0.42,2026-01-08,2102,N20,VIIRS,n,2,290.68,2.03,N,0
18.00666,73.05688,301.71,0.53,0.42,2026-01-08,2102,N20,VIIRS,n,2,288.65,0.6,N,0
18.12348,74.1598,296.1,0.41,0.45,2026-01-08,2102,N20,VIIRS,n,2,281.05,0.19,N,0
18.12719,74.15986,296.43,0.41,0.45,2026-01-08,2102,N20,VIIRS,n,2,281.6,0.26,N,0
18.23242,74.99791,311.41,0.46,0.47,2026-01-08,2102,N20,VIIRS,n,2,283.14,1,N,0
18.36387,73.06702,308.48,0.53,0.42,2026-01-08,2102,N20,VIIRS,n,2,288.97,1.07,N,0
18.36481,73.0619,299.82,0.52,0.42,2026-01-08,2102,N20,VIIRS,n,2,287.58,0.65,N,0
18.61145,73.70008,304.42,0.57,0.43,2026-01-08,2102,N20,VIIRS,n,2,285.75,1.34,N,0
18.61917,73.57019,300.7,0.56,0.43,2026-01-08,2102,N20,VIIRS,n,2,285.98,0.9,N,0
18.61927,73.59155,319.42,0.56,0.43,2026-01-08,2102,N20,VIIRS,n,2,286.37,2.46,N,0
18.62013,73.56498,302.24,0.56,0.43,2026-01-08,2102,N20,VIIRS,n,2,286.25,0.9,N,0
18.62202,73.55474,304.23,0.55,0.43,2026-01-08,2102,N20,VIIRS,n,2,285.51,1.3,N,0
18.62593,73.55537,345.21,0.55,0.43,2026-01-08,2102,N20,VIIRS,n,2,289.2,6.91,N,0
18.63083,73.55053,296.27,0.55,0.43,2026-01-08,2102,N20,VIIRS,n,2,285.88,2.48,N,0
18.6868,73.02911,311.58,0.52,0.41,2026-01-08,2102,N20,VIIRS,n,2,291.95,2.11,N,2
18.6908,73.04992,302.41,0.52,0.41,2026-01-08,2102,N20,VIIRS,n,2,289.71,1.48,N,0
18.69257,73.04027,316.24,0.52,0.41,2026-01-08,2102,N20,VIIRS,n,2,292.5,3.05,N,2
18.69727,79.54402,296.62,0.44,0.62,2026-01-08,2102,N20,VIIRS,n,2,286.03,0.93,N,0
18.71093,73.40441,297.08,0.54,0.42,2026-01-08,2102,N20,VIIRS,n,2,285.58,0.43,N,0
18.71345,73.40386,296.79,0.54,0.42,2026-01-08,2102,N20,VIIRS,n,2,285.64,0.68,N,0
18.71684,79.53586,302.2,0.44,0.62,2026-01-08,2102,N20,VIIRS,n,2,287.77,1.32,N,2
18.72338,79.53305,299.69,0.44,0.62,2026-01-08,2102,N20,VIIRS,n,2,286.89,1.17,N,2
18.82484,76.26413,295.24,0.54,0.51,2026-01-08,2102,N20,VIIRS,n,2,282.09,1.22,N,0
18.97057,74.58788,297.68,0.42,0.45,2026-01-08,2102,N20,VIIRS,n,2,284.25,0.53,N,0
19.08334,73.03413,303.5,0.51,0.41,2026-01-08,2102,N20,VIIRS,n,2,292.38,1.12,N,0
19.09662,76.99488,295.83,0.59,0.53,2026-01-08,2102,N20,VIIRS,n,2,282.05,0.69,N,0
19.09727,76.995,297.14,0.59,0.53,2026-01-08,2102,N20,VIIRS,n,2,282.4,0.66,N,0
19.09949,73.0523,300.43,0.51,0.41,2026-01-08,2102,N20,VIIRS,n,2,288.84,1.56,N,2
19.10052,73.05014,309.85,0.51,0.41,2026-01-08,2102,N20,VIIRS,n,2,290.41,1.61,N,0
19.10322,73.05317,322.29,0.51,0.41,2026-01-08,2102,N20,VIIRS,n,2,288.93,1.56,N,2
19.10426,73.05093,321.81,0.51,0.41,2026-01-08,2102,N20,VIIRS,n,2,289.65,1.61,N,2
19.17819,70.94569,315.01,0.41,0.37,2026-01-08,2102,N20,VIIRS,n,2,295.65,2.52,N,3
19.42723,73.57079,314.01,0.54,0.42,2026-01-08,2102,N20,VIIRS,n,2,285.7,2.2,N,0
19.42816,73.56567,306.7,0.54,0.42,2026-01-08,2102,N20,VIIRS,n,2,284.83,0.98,N,0
12.63398,76.60281,297.54,0.37,0.58,2026-01-08,2103,N20,VIIRS,n,2,276.78,0.53,N,0
12.94402,75.6489,298.15,0.63,0.54,2026-01-08,2103,N20,VIIRS,n,2,286.8,0.6,N,0
13.00496,74.85221,300.11,0.55,0.51,2026-01-08,2103,N20,VIIRS,n,2,290.07,0.61,N,0
13.9663,76.28189,299.88,0.33,0.55,2026-01-08,2103,N20,VIIRS,n,2,287.08,0.47,N,0
13.99915,75.41931,297.68,0.58,0.52,2026-01-08,2103,N20,VIIRS,n,2,285.85,0.74,N,0
14.07052,77.57339,307.58,0.4,0.6,2026-01-08,2103,N20,VIIRS,n,2,288.1,1.03,N,0
14.07113,77.57031,301.84,0.4,0.6,2026-01-08,2103,N20,VIIRS,n,2,287.78,1.03,N,0
14.47764,77.4547,302.68,0.39,0.59,2026-01-08,2103,N20,VIIRS,n,2,285.17,0.37,N,0
14.99486,76.84924,298.82,0.35,0.56,2026-01-08,2103,N20,VIIRS,n,2,287.33,0.61,N,0
15.01397,76.8968,304.28,0.35,0.57,2026-01-08,2103,N20,VIIRS,n,2,287.02,0.87,N,2
15.05105,75.02122,301,0.52,0.5,2026-01-08,2103,N20,VIIRS,n,2,284.1,1.5,N,0
15.07401,76.86312,298.53,0.35,0.56,2026-01-08,2103,N20,VIIRS,n,2,287.76,1.26,N,2
15.10938,76.80574,300.51,0.34,0.56,2026-01-08,2103,N20,VIIRS,n,2,287,0.77,N,0
15.11195,76.80503,303.3,0.34,0.56,2026-01-08,2103,N20,VIIRS,n,2,287.03,1.04,N,0
15.13625,76.70731,298.28,0.34,0.56,2026-01-08,2103,N20,VIIRS,n,2,287.3,0.76,N,2
15.13879,76.71258,301.29,0.34,0.56,2026-01-08,2103,N20,VIIRS,n,2,287.95,0.62,N,0
15.15518,76.70969,299.66,0.34,0.56,2026-01-08,2103,N20,VIIRS,n,2,288,0.43,N,0
15.16882,76.66782,301.23,0.33,0.56,2026-01-08,2103,N20,VIIRS,n,2,288.91,0.66,N,2
15.17428,76.37778,309.7,0.32,0.55,2026-01-08,2103,N20,VIIRS,n,2,291.84,1.23,N,2
15.17461,76.69144,305.06,0.34,0.56,2026-01-08,2103,N20,VIIRS,n,2,289.48,0.6,N,2
15.17468,77.09831,296.59,0.36,0.57,2026-01-08,2103,N20,VIIRS,n,2,285.92,1.05,N,2
15.17627,76.6568,319.84,0.33,0.56,2026-01-08,2103,N20,VIIRS,n,2,291.66,1.68,N,2
15.17688,76.65376,316.01,0.33,0.56,2026-01-08,2103,N20,VIIRS,n,2,291.52,1.68,N,2
15.17824,76.67322,300.55,0.33,0.56,2026-01-08,2103,N20,VIIRS,n,2,290.36,0.92,N,2
15.17919,77.10271,307.85,0.36,0.57,2026-01-08,2103,N20,VIIRS,n,2,288.2,1.31,N,2
15.18387,76.67129,300.78,0.33,0.56,2026-01-08,2103,N20,VIIRS,n,2,289.98,1.02,N,2
15.18448,76.66822,301.5,0.33,0.56,2026-01-08,2103,N20,VIIRS,n,2,289.73,1.02,N,2
15.18509,76.66516,321.84,0.33,0.56,2026-01-08,2103,N20,VIIRS,n,2,289.58,1.94,N,2
15.22709,76.7614,301.33,0.34,0.56,2026-01-08,2103,N20,VIIRS,n,2,288.28,1.06,N,0
15.33371,76.28323,300.4,0.63,0.54,2026-01-08,2103,N20,VIIRS,n,2,288.35,1.15,N,2
15.43731,74.0194,305.9,0.44,0.46,2026-01-08,2103,N20,VIIRS,n,2,291.44,1.68,N,0
15.44154,74.02016,354.95,0.44,0.46,2026-01-08,2103,N20,VIIRS,n,2,294.42,8.89,N,0
15.55434,74.04613,300.22,0.44,0.46,2026-01-08,2103,N20,VIIRS,n,2,287.26,0.9,N,0
15.65745,73.98599,296.2,0.44,0.46,2026-01-08,2103,N20,VIIRS,n,2,282.75,0.76,N,2
15.66163,73.98689,298.76,0.44,0.46,2026-01-08,2103,N20,VIIRS,n,2,282.05,0.76,N,2
15.68045,74.39123,299.15,0.46,0.47,2026-01-08,2103,N20,VIIRS,n,2,282.25,0.61,N,0
15.68276,74.39315,296.96,0.46,0.47,2026-01-08,2103,N20,VIIRS,n,2,282.56,0.65,N,0
15.76264,74.98681,296.49,0.51,0.49,2026-01-08,2103,N20,VIIRS,n,2,285.53,0.44,N,0
15.79076,75.16531,306.18,0.52,0.5,2026-01-08,2103,N20,VIIRS,n,2,287.19,1.16,N,0
15.98829,75.05506,303.52,0.51,0.49,2026-01-08,2103,N20,VIIRS,n,2,284.91,1.17,N,0
15.99112,75.05322,303.35,0.51,0.49,2026-01-08,2103,N20,VIIRS,n,2,284.99,1.13,N,0
16.48922,73.67005,337.98,0.41,0.45,2026-01-08,2103,N20,VIIRS,n,2,288.64,4.23,N,0
16.49662,73.67542,338.35,0.41,0.45,2026-01-08,2103,N20,VIIRS,n,2,292.82,6.12,N,0
16.49732,73.67165,329.08,0.41,0.45,2026-01-08,2103,N20,VIIRS,n,2,287.22,6.12,N,0
16.6174,73.42548,323.85,0.39,0.44,2026-01-08,2103,N20,VIIRS,n,2,293.2,3.3,N,0
16.6201,73.43337,323.72,0.39,0.44,2026-01-08,2103,N20,VIIRS,n,2,292.79,3.13,N,0
16.62138,73.42626,337.05,0.39,0.44,2026-01-08,2103,N20,VIIRS,n,2,292.49,3.3,N,0
9.8102,78.33293,298.71,0.55,0.68,2026-01-08,2104,N20,VIIRS,n,2,284.55,0.39,N,0
10.93211,77.0631,299.85,0.43,0.62,2026-01-08,2104,N20,VIIRS,n,2,280.56,1.17,N,0
11.78273,76.766,295.2,0.39,0.6,2026-01-08,2104,N20,VIIRS,n,2,278.9,0.42,N,0